HIERARCHY
ROOT Hips
{
	OFFSET 0.00000 0.00000 0.00000
	CHANNELS 6 Xposition Yposition Zposition Zrotation Yrotation Xrotation 
	JOINT LHipJoint
	{
		OFFSET 0 0 0
		CHANNELS 3 Zrotation Yrotation Xrotation
		JOINT LeftUpLeg
		{
			OFFSET 1.36306 -1.79463 0.83929
			CHANNELS 3 Zrotation Yrotation Xrotation
			JOINT LeftLeg
			{
				OFFSET 2.44811 -6.72613 0.00000
				CHANNELS 3 Zrotation Yrotation Xrotation
				JOINT LeftFoot
				{
					OFFSET 2.56220 -7.03959 0.00000
					CHANNELS 3 Zrotation Yrotation Xrotation
					JOINT LeftToeBase
					{
						OFFSET 0.15764 -0.43311 2.32255
						CHANNELS 3 Zrotation Yrotation Xrotation
						End Site
						{
							OFFSET 0.00000 -0.00000 1.18966
						}
					}
				}
			}
		}
	}
	JOINT RHipJoint
	{
		OFFSET 0 0 0
		CHANNELS 3 Zrotation Yrotation Xrotation
		JOINT RightUpLeg
		{
			OFFSET -1.30552 -1.79463 0.83929
			CHANNELS 3 Zrotation Yrotation Xrotation
			JOINT RightLeg
			{
				OFFSET -2.54253 -6.98555 0.00000
				CHANNELS 3 Zrotation Yrotation Xrotation
				JOINT RightFoot
				{
					OFFSET -2.56826 -7.05623 0.00000
					CHANNELS 3 Zrotation Yrotation Xrotation
					JOINT RightToeBase
					{
						OFFSET -0.16473 -0.45259 2.36315
						CHANNELS 3 Zrotation Yrotation Xrotation
						End Site
						{
							OFFSET -0.00000 -0.00000 1.21082
						}
					}
				}
			}
		}
	}
	JOINT LowerBack
	{
		OFFSET 0 0 0
		CHANNELS 3 Zrotation Yrotation Xrotation
		JOINT Spine
		{
			OFFSET 0.02827 2.03559 -0.19338
			CHANNELS 3 Zrotation Yrotation Xrotation
			JOINT Spine1
			{
				OFFSET 0.05672 2.04885 -0.04275
				CHANNELS 3 Zrotation Yrotation Xrotation
				JOINT Neck
				{
					OFFSET 0 0 0
					CHANNELS 3 Zrotation Yrotation Xrotation
					JOINT Neck1
					{
						OFFSET -0.05417 1.74624 0.17202
						CHANNELS 3 Zrotation Yrotation Xrotation
						JOINT Head
						{
							OFFSET 0.10407 1.76136 -0.12397
							CHANNELS 3 Zrotation Yrotation Xrotation
							End Site
							{
								OFFSET 0.03720 1.77044 -0.06241
							}
						}
					}
				}
				JOINT LeftShoulder
				{
					OFFSET 0 0 0
					CHANNELS 3 Zrotation Yrotation Xrotation
					JOINT LeftArm
					{
						OFFSET 3.36241 1.20089 -0.31121
						CHANNELS 3 Zrotation Yrotation Xrotation
						JOINT LeftForeArm
						{
							OFFSET 4.98300 -0.00000 -0.00000
							CHANNELS 3 Zrotation Yrotation Xrotation
							JOINT LeftHand
							{
								OFFSET 3.48356 -0.00000 -0.00000
								CHANNELS 3 Zrotation Yrotation Xrotation
								JOINT LeftFingerBase
								{
									OFFSET 0 0 0
									CHANNELS 3 Zrotation Yrotation Xrotation
									JOINT LeftHandIndex1
									{
										OFFSET 0.71526 -0.00000 -0.00000
										CHANNELS 3 Zrotation Yrotation Xrotation
										End Site
										{
											OFFSET 0.57666 -0.00000 -0.00000
										}
									}
								}
								JOINT LThumb
								{
									OFFSET 0 0 0
									CHANNELS 3 Zrotation Yrotation Xrotation
									End Site
									{
										OFFSET 0.58547 -0.00000 0.58547
									}
								}
							}
						}
					}
				}
				JOINT RightShoulder
				{
					OFFSET 0 0 0
					CHANNELS 3 Zrotation Yrotation Xrotation
					JOINT RightArm
					{
						OFFSET -3.13660 1.37405 -0.40465
						CHANNELS 3 Zrotation Yrotation Xrotation
						JOINT RightForeArm
						{
							OFFSET -5.24190 -0.00000 -0.00000
							CHANNELS 3 Zrotation Yrotation Xrotation
							JOINT RightHand
							{
								OFFSET -3.44417 -0.00000 -0.00000
								CHANNELS 3 Zrotation Yrotation Xrotation
								JOINT RightFingerBase
								{
									OFFSET 0 0 0
									CHANNELS 3 Zrotation Yrotation Xrotation
									JOINT RightHandIndex1
									{
										OFFSET -0.62253 -0.00000 -0.00000
										CHANNELS 3 Zrotation Yrotation Xrotation
										End Site
										{
											OFFSET -0.50190 -0.00000 -0.00000
										}
									}
								}
								JOINT RThumb
								{
									OFFSET 0 0 0
									CHANNELS 3 Zrotation Yrotation Xrotation
									End Site
									{
										OFFSET -0.50956 -0.00000 0.50956
									}
								}
							}
						}
					}
				}
			}
		}
	}
}
MOTION
Frames: 1209
Frame Time: 0.0333332
25.23 18.25 20.45 -163.97 -55.11 174.58 0 0 0 -12.02 2.76 -22.27 2.78 10.33 30.06 0.73 14.45 -27.09 0.7 5.35 14.92 0 0 0 26.91 3.62 -23.2 -3.2 -11.02 32.33 -0.45 -9.45 -19.47 -0.63 -5.07 14.1 -2.49 -1.38 10.93 2.76 -2.12 1.96 4.6 -1.06 -3.88 -13.53 -17.23 4.62 21.35 -27.27 9.47 6.59 -13.59 7.01 0 -0 0 -82.47 -5.6 24.02 10.2 -17.05 -1.53 -0 -0 5.46 12.2 -7.68 -1.65 -7.12 0 -0 -10.62 22.17 5.93 0 -0 0 87.06 4.5 28.77 -22.91 33.99 -7.09 0 -0 -16.89 -17.6 -21.1 6.51 7.12 -0 -0 11.22 -51.67 -1.86
25.34 18.22 20.46 -165.06 -52.78 175.01 0 0 0 -12.06 3.95 -22.09 2.83 10.41 30.31 0.38 16.4 -26.52 0.43 4.22 11.69 0 0 0 26.81 0.32 -22.09 -3.5 -11.47 33.87 -0.51 -9.93 -20.52 -0.92 -6.11 17.11 -2.24 -1.3 10.78 2.6 -2.01 2.15 4.25 -1.02 -3.62 -13.24 -17.56 4.9 21.64 -28.04 9.72 6.53 -13.97 7.2 0 -0 0 -81.59 -7.09 19.01 9.62 -16.14 -1.37 -0 -0 7.95 13.33 -7.39 -1.75 -7.12 0 -0 -9.82 22.42 5.41 0 -0 0 87.33 4.38 25.92 -20.19 30.87 -5.63 0 -0 -15.08 -18.23 -21.59 6.91 7.12 -0 -0 10.79 -52.28 -1.95
25.43 18.19 20.46 -165.47 -50.54 174.53 0 0 0 -11.61 5.05 -21.4 2.9 10.53 30.71 0.3 17.36 -27.09 0.34 3.77 10.43 0 0 0 26.81 -4.18 -20.65 -3.65 -11.68 34.61 -0.48 -10.76 -21.04 -0.91 -6.07 16.99 -1.42 -1.47 11.22 2.77 -2.14 2.06 4.01 -1.09 -3.97 -13.24 -17.26 4.95 21.43 -27.61 9.62 6.56 -13.79 7.03 0 -0 0 -80.92 -7.22 16.18 9.89 -16.57 -1.44 -0 -0 8.07 14.71 -6.85 -1.79 -7.12 0 -0 -8.84 22.92 4.75 0 -0 0 87.22 3.57 21.93 -17.52 27.54 -4.33 0 -0 -12.56 -18.09 -21.21 6.74 7.12 -0 -0 10.79 -51.88 -1.84
25.52 18.18 20.44 -166.8 -48.89 175.33 0 0 0 -12.01 5.78 -20.97 2.83 10.41 30.32 0.28 18.02 -27.78 0.41 4.11 11.4 0 0 0 25.71 -7.83 -19.53 -3.69 -11.73 34.79 -0.6 -12.25 -23.72 -1.3 -7.23 20.4 -1.07 -1.68 10.83 2.81 -2.36 1.76 3.87 -1.2 -4.07 -13.34 -17.09 4.94 21.49 -27.51 9.7 6.6 -13.76 7.07 0 -0 0 -80.39 -7.11 15.19 10.55 -17.6 -1.64 -0 -0 6.78 15.47 -7.33 -2.02 -7.12 0 -0 -8.27 22.4 4.54 0 -0 0 86.9 3.57 16.23 -14.11 22.89 -2.87 0 -0 -8.59 -24.37 -18.07 8 7.12 -0 -0 3.66 -49.65 -0.42
25.64 18.18 20.41 -168.38 -46.61 176.41 0 0 0 -12.44 6.54 -20.44 2.73 10.25 29.79 0.95 16.74 -30.98 1.13 6.75 18.99 0 0 0 24.44 -10.96 -18.51 -3.62 -11.63 34.45 -0.88 -13.57 -27.32 -2.08 -9.03 25.89 -1.43 -1.6 10.26 3.25 -2.28 1.6 4.51 -1.15 -3.9 -14.14 -16.95 4.94 21.73 -27.32 9.28 6.81 -13.7 7.05 0 0 0 -80.22 -7.05 16.05 11.59 -19.18 -1.96 -0 -0 4.27 15.98 -7.55 -2.15 -7.12 0 -0 -7.89 22.16 4.37 0 0 0 85.85 3.65 9.87 -11.94 19.71 -2.08 0 -0 -6.8 -21.44 -20.75 7.92 7.12 -0 -0 7.3 -51.98 -1.26
25.77 18.19 20.32 -169.46 -44.94 177.33 0 0 0 -12.43 7.65 -20.3 2.62 10.05 29.12 0.95 16.97 -31.25 1.23 7.04 19.84 0 0 0 23.77 -14.09 -18.04 -3.47 -11.42 33.71 -1.19 -16.42 -32.19 -3.11 -10.87 31.83 -1.2 -1.81 9.21 3.35 -2.52 1.33 4.48 -1.27 -3.58 -14.06 -16.93 4.28 21.48 -27.39 9.73 6.63 -13.68 7.26 -0 0 0 -79.41 -6.6 17.52 12.9 -21.14 -2.42 -0 -0 2.08 16.36 -6.9 -2.02 -7.12 0 -0 -7.63 22.81 4.11 -0 0 0 85.41 4.22 1.54 -9.34 15.69 -1.29 0 -0 -1.33 -22.23 -19 7.58 7.12 -0 -0 5.99 -50.29 -0.78
25.98 18.19 20.24 -170.56 -41.22 178.16 0 0 0 -12.06 8.36 -19.63 2.52 9.87 28.56 1.42 17.12 -34.2 1.69 8.18 23.26 0 0 0 23.38 -13.96 -17.14 -3.31 -11.18 32.9 -1.77 -18.91 -37.75 -4.15 -12.36 37.02 -1.36 -1.21 9.17 3.21 -1.72 0.94 4.33 -0.85 -4.03 -13.43 -16.82 4.38 21.53 -27.3 9.48 6.61 -13.67 7.06 0 -0 0 -78.14 -6 18.19 14.37 -23.26 -2.97 -0 0 -0.13 15.88 -7.09 -2.01 -7.12 0 -0 -7.97 22.63 4.33 0 -0 0 85.81 3.58 -4.62 -8.13 13.76 -0.98 0 0 2.09 -22.16 -18.48 7.36 7.12 -0 -0 5.92 -49.73 -0.69
26.24 18.18 20.16 -171.31 -36.77 179.32 0 0 0 -11.46 9.18 -19.7 2.45 9.75 28.17 1.93 17.62 -37.41 2.03 8.94 25.59 0 0 0 23.46 -11.87 -16.88 -3.17 -10.96 32.14 -1.88 -20.72 -39.96 -4.59 -12.91 39.02 -1.57 -0.78 8.77 3.37 -1.15 0.67 4.55 -0.56 -4.12 -13.28 -16.54 3.57 21.27 -26.91 9.79 6.49 -13.43 7.16 -0 -0 0 -77.39 -5.42 17.29 15.76 -25.2 -3.54 -0 0 -1.67 15.85 -7.24 -2.05 -7.12 0 -0 -7.99 22.48 4.37 -0 -0 0 85.6 3.41 -6.72 -7.92 13.42 -0.93 0 0 6.43 -20.14 -22.14 7.87 7.12 -0 -0 9.09 -53.19 -1.84
26.48 18.16 20.05 -172.6 -34.08 180.54 0 0 0 -11.44 7.22 -18.4 2.35 9.56 27.55 3.05 17.43 -42.51 2.81 10.39 30.24 0 0 0 22.9 -11.81 -16.91 -3.03 -10.75 31.44 -1.68 -20.09 -38.39 -3.73 -11.8 35.02 -1.64 -1 8.02 3.16 -1.44 0.46 4.38 -0.7 -3.9 -13.46 -16.11 3.5 21.49 -26.44 9.8 6.66 -13.23 7.15 -0 0 0 -76.6 -4.5 16.53 17.05 -26.92 -4.11 -0 0 -2.86 15.58 -7.22 -2.01 -7.12 0 -0 -8.19 22.51 4.48 -0 0 0 86.03 2.36 -4.53 -8.42 14.23 -1.05 0 0 5.13 -22.58 -19.66 7.96 7.12 -0 -0 5.83 -51.04 -0.87
26.79 18.12 19.93 -173.65 -31.28 181.7 0 0 0 -10.93 5.42 -17.61 2.3 9.46 27.25 4.95 13.93 -48.03 4.18 12.4 37.17 0 0 0 22.94 -10.93 -17.46 -3.06 -10.79 31.58 -1.16 -20.03 -35.63 -2.48 -9.8 28.33 -2.06 -1.51 7.77 2.89 -2.14 0.14 4.41 -1.03 -4.03 -13.5 -15.3 2.81 21.13 -25.56 10.95 6.62 -12.78 7.42 -0 -0 0 -75.82 -3.16 13.93 18.03 -28.2 -4.57 -0 0 -3.64 16.26 -7.5 -2.18 -7.12 0 -0 -7.68 22.19 4.25 -0 -0 0 86.78 1.46 1.11 -9.5 15.96 -1.33 0 0 2.13 -21.3 -20.5 7.78 7.12 -0 -0 7.35 -51.7 -1.22
27.13 18.09 19.79 -173.37 -28.45 181.98 0 0 0 -9.18 4.02 -16.73 2.27 9.41 27.09 6.15 13.3 -52.1 4.54 12.85 38.81 0 0 0 24.09 -9.98 -17.23 -3.03 -10.75 31.43 -1.03 -18.83 -33.66 -1.38 -7.42 20.98 -1.71 -1.97 7.54 3.12 -2.72 0.13 4.5 -1.33 -3.86 -13.1 -14.81 1.75 20.11 -24.85 12.04 6.26 -12.36 7.62 -0 -0 0 -75.61 -2.22 11.3 18.44 -28.72 -4.76 -0 0 -4.16 17.75 -6.62 -2.11 -7.12 0 -0 -6.62 23.05 3.52 -0 -0 0 87.29 0.58 7.76 -10.86 18.08 -1.73 0 -0 -4.85 -21.56 -17.88 6.92 7.12 -0 -0 6.34 -49.01 -0.63
27.49 18.04 19.64 -173.26 -26.65 182.55 0 0 0 -7.56 2.41 -16.13 2.23 9.34 26.86 7.77 9.47 -56.09 5.42 13.84 42.61 0 0 0 25.28 -10.6 -17.74 -3.01 -10.7 31.29 -1.28 -15.5 -31.84 -1.06 -6.53 18.33 -1.61 -2.69 6.82 3.21 -3.67 -0.03 4.59 -1.8 -3.54 -12.72 -14.01 1.87 19.52 -23.91 12.82 6.19 -11.95 7.54 -0 0 0 -75.43 -1.41 9.17 18.4 -28.66 -4.74 -0 0 -4.89 18.73 -5.74 -1.94 -7.12 0 -0 -5.92 23.92 3.02 -0 0 0 87.91 0.17 11.64 -12.05 19.88 -2.12 0 -0 -7.18 -20.93 -16.46 6.19 7.12 -0 -0 6.59 -47.43 -0.4
27.9 18 19.47 -172.58 -22.77 182.3 0 0 0 -5.28 4.16 -15.55 2.23 9.32 26.81 7.9 11.31 -57.17 5.05 13.44 41.04 0 0 0 27.29 -9.84 -17.48 -3.03 -10.74 31.4 -1.58 -12.24 -30.93 -1.26 -7.11 20.03 -2.16 -2.63 7.34 3.83 -3.65 0.08 5.58 -1.8 -3.65 -12.27 -13.4 0.38 18.08 -23.04 14.57 5.66 -11.45 7.97 0 -0 0 -75.9 -0.62 8.07 18.28 -28.51 -4.68 -0 0 -5.94 19.2 -5.52 -1.92 -7.12 0 -0 -5.58 24.14 2.82 0 -0 0 87.92 -0.52 16.33 -13.88 22.56 -2.78 0 -0 -10.45 -19.88 -17.66 6.26 7.12 -0 -0 7.9 -48.53 -0.69
28.3 17.98 19.33 -171.96 -18.29 182.19 0 0 0 -3.05 5.9 -15.1 2.37 9.6 27.69 7.78 12.15 -57.09 5.15 13.55 41.47 0 0 0 29.35 -7.58 -16.42 -2.93 -10.58 30.88 -1.57 -11.1 -29.94 -1.33 -7.29 20.58 -2.17 -2.37 8.03 3.97 -3.32 0.14 5.75 -1.63 -4 -11.99 -12.53 -0.17 17.83 -22.12 15.64 5.64 -11.01 8.2 0 0 0 -75.96 0.08 7.8 17.92 -28.06 -4.51 -0 0 -7.08 19.62 -6.67 -2.37 -7.12 0 -0 -5.25 22.91 2.8 0 0 0 88.31 -1.25 20.92 -15.45 24.77 -3.41 0 -0 -13.7 -20.23 -19.94 7.16 7.12 -0 -0 8.23 -50.94 -1.21
28.63 17.95 19.16 -171.77 -14.75 182.07 0 0 0 -1.3 7.98 -15.48 2.62 10.06 29.16 4.84 17.16 -49.4 3.81 11.9 35.37 0 0 0 30.7 -7.58 -15.36 -2.78 -10.32 30.03 -1.51 -9.51 -28.34 -1.22 -7 19.72 -1.66 -2.56 7.91 3.82 -3.58 0.77 5.29 -1.8 -3.28 -11.13 -11.94 -0.99 17.21 -21.29 16.18 5.37 -10.57 8.21 -0 -0 0 -76.32 0.66 7.75 18.42 -28.69 -4.75 -0 0 -6.68 17.37 -5.85 -1.83 -7.12 0 -0 -6.92 23.86 3.56 -0 -0 0 88.37 -0.25 22.82 -15.74 25.17 -3.54 0 -0 -11.94 -19 -19.08 6.42 7.12 -0 -0 9.16 -49.85 -1.1
28.95 17.93 19.01 -172.11 -10.23 181.94 0 0 0 -0.35 6.05 -14.18 2.92 10.56 30.81 2.97 16.62 -41.54 3.04 10.76 31.46 0 0 0 31.37 -6.97 -13.88 -2.67 -10.14 29.44 -1.33 -8.33 -26.24 -0.94 -6.18 17.31 -1.92 -2.24 8.72 3.46 -3.18 0.9 5.06 -1.59 -3.66 -11.04 -11.01 -0.65 17.5 -20.51 16.88 5.59 -10.28 8.28 0 0 0 -76.95 2.04 7.89 18.88 -29.26 -4.97 -0 0 -4.66 14.38 -5.79 -1.48 -7.12 0 -0 -9.13 24.02 4.68 0 0 0 88.53 0.3 23.85 -15.49 24.82 -3.43 0 -0 -11.87 -17.52 -19.92 6.14 7.12 -0 -0 10.88 -50.47 -1.48
29.19 17.95 18.87 -171.78 -5.76 181.6 0 0 0 0.84 2.8 -13.58 3.43 11.36 33.5 1.33 13.94 -30.73 1.64 8.06 22.9 0 0 0 32.46 -5.88 -11.56 -2.43 -9.71 28.05 -1.27 -6.91 -24.83 -0.93 -6.13 17.17 -0.56 -1.89 9.79 3.2 -2.62 1.18 4 -1.35 -4.08 -10.44 -13.09 -1.24 15.74 -18.78 18.81 5.27 -8.07 8.57 -0 0 0 -78.22 2.8 7.94 19.46 -29.99 -5.26 -0 0 -3.21 15.11 -6.29 -1.69 -7.12 0 -0 -8.57 23.48 4.49 -0 0 0 88.4 1.14 23.53 -14.99 24.13 -3.22 0 -0 -10.96 -17.3 -17.91 5.47 7.12 -0 -0 10.42 -48.4 -0.88
29.38 17.9 18.72 -171.08 0.43 181.12 0 0 0 1.48 1.51 -13 4.05 12.22 36.52 1.15 6.85 -23.78 0.46 4.33 12.01 0 0 0 33.47 -4.31 -8.8 -2.34 -9.54 27.51 -1.24 -4.74 -23.27 -0.73 -5.45 15.21 0.79 -1.27 10.8 3.17 -1.18 1.83 3.02 -0.46 -4.1 -10.36 -12.33 -2.6 15.16 -17.71 20.18 5.14 -7.47 9.06 -0 -0 0 -80.04 3.01 8.23 19.92 -30.54 -5.49 -0 0 -2.86 15.22 -6.95 -1.89 -7.12 0 -0 -8.46 22.8 4.57 -0 -0 0 87.78 2.37 22.17 -14.55 23.52 -3.05 0 -0 -8.8 -16.5 -18.33 5.32 7.12 -0 -0 11.31 -48.71 -1.05
29.6 17.94 18.51 -170.98 5.9 183.52 0 0 0 1 0.6 -16.55 4.69 13.02 39.46 0.9 0.23 -17.99 0 0.07 0.21 0 0 0 34.17 -0.93 -8.1 -2.17 -9.21 26.45 -1.18 -3.35 -21.99 -0.75 -5.52 15.4 1.52 -0.38 8.65 3 -0.04 1.66 2.25 0.06 -3.13 -10.05 -11.51 -3.35 14.48 -16.5 20.92 4.99 -6.88 9.18 -0 -0 0 -81.86 3.35 9.3 20.72 -31.5 -5.9 -0 0 -3.74 13.72 -6.14 -1.5 -7.12 0 -0 -9.6 23.67 5.01 -0 -0 0 87.2 3.27 21.75 -14.12 22.9 -2.87 0 -0 -10.56 -18.08 -17.65 5.65 7.12 -0 -0 9.6 -48.25 -0.78
29.76 17.98 18.27 -170.66 11.81 186.36 0 0 0 0.16 -0.15 -20.71 5.4 13.82 42.54 0.73 -6.26 -15.24 0.03 -1.18 -3.24 0 0 0 34.41 1.68 -7.98 -2.01 -8.89 25.45 -1.08 -0.32 -19.75 -0.8 -5.72 15.98 2.83 0.54 6.37 2.82 1.14 1.23 1.21 0.62 -2.31 -9.71 -10.57 -3.56 13.63 -15.07 21.12 4.83 -6.27 8.97 0 0 0 -83.88 4.25 10.02 21.49 -32.39 -6.31 -0 0 -4.18 14.93 -7.85 -2.09 -7.12 0 -0 -8.64 21.89 4.85 0 0 0 86.45 4.85 18.92 -12.85 21.07 -2.4 0 -0 -8.12 -17.72 -18.22 5.71 7.12 -0 -0 10.12 -48.78 -0.95
29.91 17.99 18.02 -169.88 16.13 188.15 0 0 0 -0.45 -1.88 -24.4 5.99 14.42 44.94 0.42 -10.13 -12.65 0.1 -2.05 -5.65 0 0 0 34.93 2.56 -7.39 -1.87 -8.59 24.52 -1.05 3.24 -18.53 -1.15 -6.8 19.14 4.43 0.99 5.42 2.99 1.81 1.12 0.47 0.96 -1.85 -9.04 -9.62 -4.26 11.91 -13.52 21.53 4.29 -5.63 8.85 -0 -0 0 -85.66 4.95 11.79 22.26 -33.27 -6.73 -0 0 -4.14 14.43 -8.37 -2.14 -7.12 0 -0 -8.98 21.38 5.15 -0 -0 0 85.08 5.77 17.76 -12.54 20.61 -2.29 0 -0 -8.13 -18.12 -18.53 5.94 7.12 -0 -0 9.83 -49.15 -1.02
30.05 17.98 17.75 -169.21 19.71 189.56 0 0 0 -1.18 -4.16 -28 6.43 14.83 46.68 0.31 -10.05 -11.3 0.22 -3.04 -8.39 0 0 0 35.4 3.81 -5.9 -1.7 -8.22 23.38 -0.97 4.63 -17.65 -1.03 -6.47 18.16 5.94 1.24 4.95 3.05 2.2 1.19 -0.32 1.16 -1.45 -8.46 -8.61 -4.74 10.85 -12 21.55 3.99 -4.97 8.66 -0 -0 0 -86.99 5.29 14.14 22.6 -33.64 -6.91 -0 0 -3.18 14.43 -9.37 -2.4 -7.12 0 -0 -8.95 20.37 5.34 -0 -0 0 84.14 7.61 15.21 -11.83 19.55 -2.04 0 -0 -7.17 -17.44 -19.98 6.13 7.12 -0 -0 10.97 -50.52 -1.51
30.22 18.02 17.45 -168.75 23.36 190.8 0 0 0 -2.16 -5.6 -30.98 6.31 14.72 46.22 0.24 -9 -10.01 0.32 -3.64 -10.07 0 0 0 35.43 4.57 -4.11 -1.49 -7.72 21.86 -0.81 6.81 -16.11 -1.29 -7.2 20.29 6.5 1.51 4.69 3.31 2.58 1.3 -0.37 1.37 -1.17 -8.29 -7.61 -4.99 9.86 -10.44 21.59 3.79 -4.33 8.47 -0 0 0 -88.27 5.7 15.89 22.97 -34.06 -7.12 -0 0 -1.62 12.38 -10.59 -2.31 -7.12 0 -0 -10.37 19.24 6.48 -0 0 0 82.84 9.14 9.99 -10.85 18.06 -1.73 0 -0 -0.31 -13.4 -15.86 3.72 7.12 -0 -0 13.41 -45.82 -0.28
30.42 18.02 17.14 -167.96 26.74 192.48 0 0 0 -2.85 -6.39 -33.93 5.73 14.16 43.89 0.28 -6.73 -9.82 0.18 -2.7 -7.43 0 0 0 35.75 6.36 -2.49 -1.37 -7.41 20.92 -0.7 8.44 -15.17 -1.78 -8.39 23.9 7.15 1.88 3.9 3.48 3.04 1.41 -0.54 1.62 -0.56 -7.3 -6.67 -5.86 8.43 -8.99 21.88 3.27 -3.68 8.47 -0 0 0 -88.73 5.83 17.52 23.17 -34.28 -7.23 -0 -0 0.68 9.51 -10.86 -1.81 -7.12 0 -0 -12.36 19.1 7.82 -0 0 0 82.14 9.56 12.95 -11.92 19.68 -2.07 0 -0 -6.76 -20.14 -21.26 7.57 7.12 -0 -0 8.77 -52.28 -1.58
30.63 18.03 16.81 -167.54 28.45 193.27 0 0 0 -3.46 -8.22 -35.58 4.81 13.16 39.99 0.24 -3.63 -8.8 0.15 -2.51 -6.92 0 0 0 35.92 5.73 -0.39 -1.09 -6.63 18.63 -0.56 9 -13.85 -1.43 -7.55 21.36 7.67 1.71 4.07 3.62 2.86 1.38 -0.68 1.53 -0.68 -6.85 -5.77 -6.4 7.63 -7.63 22.35 3.06 -3.06 8.55 0 0 0 -89.14 6.65 17.79 23.7 -34.85 -7.54 -0 -0 1.7 6.15 -11.64 -1.24 -7.12 0 -0 -14.64 18.48 9.56 0 0 0 81.77 9.79 12.56 -12.2 20.1 -2.17 0 -0 -7.59 -20.95 -21.28 7.91 7.12 -0 -0 7.96 -52.45 -1.47
30.88 18.04 16.46 -166.88 30.36 194.53 0 0 0 -3.85 -9.14 -37.15 3.75 11.82 35.09 0.26 -0.56 -9.44 0.16 -2.58 -7.11 0 0 0 36.23 5.8 2.37 -0.73 -5.47 15.25 -0.4 9.33 -12.14 -1.3 -7.22 20.38 7.68 1.78 3.87 3.94 2.96 1.44 -0.35 1.6 -0.52 -6.38 -5.02 -7.15 6.91 -6.51 22.48 2.83 -2.56 8.6 -0 0 0 -89.14 6.39 17.82 23.22 -34.33 -7.26 -0 -0 1.77 4.57 -12.92 -1.02 -7.12 0 -0 -15.62 17.29 10.67 -0 0 0 81.36 9.63 12.95 -13 21.29 -2.45 0 -0 -9.01 -20.65 -22.18 8.1 7.12 -0 -0 8.59 -53.32 -1.77
31.11 17.98 16.1 -166.26 32.19 191.12 0 0 0 -5.71 -8.22 -34.23 2.91 10.55 30.77 0.35 1.08 -11.67 0.28 -3.43 -9.47 0 0 0 36.07 1.72 9.36 -0.39 -3.99 11.05 -0.19 11.12 -10.33 -1.05 -6.5 18.25 8.19 1.37 9.04 4.06 3.05 2.54 -0.7 1.65 -2.24 -5.75 -4.31 -7.66 6.25 -5.5 22.24 2.59 -2.12 8.5 0 0 0 -88.49 6.15 17.56 22.71 -33.77 -6.98 -0 -0 1.25 1.96 -10.5 -0.36 -7.12 0 -0 -17.6 19.69 11.18 0 0 0 81.63 9.47 12.45 -13.19 21.57 -2.52 0 -0 -8.84 -20.78 -22.38 8.22 7.12 -0 -0 8.53 -53.55 -1.8
31.38 17.93 15.7 -165.51 33.5 192.34 0 0 0 -6.25 -7.81 -36.28 2.28 9.42 27.12 0.53 0.88 -14.16 0.09 -1.88 -5.18 0 0 0 35.93 0.52 12.98 -0.1 -2.04 5.61 0.11 12.08 -6.8 -1.26 -7.12 20.08 8.65 1.5 8.87 4.11 3.25 2.52 -0.92 1.76 -2.12 -5.43 -3.78 -7.66 5.9 -4.79 21.47 2.48 -1.83 8.17 -0 -0 0 -87.82 5.94 16.25 22.2 -33.2 -6.69 -0 -0 2.06 3.43 -11.24 -0.67 -7.12 0 -0 -16.53 18.95 10.72 -0 -0 0 81.75 8.35 14.04 -13.83 22.49 -2.76 0 -0 -10.75 -20.44 -22.01 7.95 7.12 -0 -0 8.74 -53.1 -1.75
31.66 17.88 15.28 -165.32 34.88 193.61 0 0 0 -5.57 -10.68 -37.19 1.96 8.78 25.1 0.88 2.12 -18.57 0 -0.05 -0.15 0 0 0 35.25 -0.25 16.73 0 -0 0 0.28 12.04 -3.75 -1.26 -7.11 20.04 8.32 1.62 8.33 4.11 3.3 2.35 -0.72 1.77 -2.01 -5.02 -3.06 -7.93 5.09 -3.74 20.74 2.22 -1.41 7.89 -0 -0 0 -87.07 5.4 14.54 21.06 -31.9 -6.08 -0 -0 0.9 4.25 -10.23 -0.76 -7.12 0 -0 -16.06 19.89 10.03 -0 -0 0 82.16 7.62 14.83 -13.62 22.2 -2.68 0 -0 -10.03 -20.27 -21.3 7.64 7.12 -0 -0 8.65 -52.34 -1.57
31.96 17.89 14.84 -164.32 35.99 194.9 0 0 0 -5.92 -9.57 -38.65 2.05 8.96 25.68 0.98 2.15 -19.57 0.01 -0.57 -1.56 0 0 0 35.44 -0.34 17.87 0 0 -0 0.4 13.3 -2.87 -1.34 -7.33 20.7 8.54 1.85 8.58 4.24 3.68 2.18 -0.75 1.95 -2.3 -4.46 -2.4 -8.41 4.58 -2.85 20.21 2.03 -1.01 7.73 0 -0 0 -86.28 5.1 12.65 20.25 -30.94 -5.66 -0 -0 0.36 7.86 -10.04 -1.38 -7.12 0 -0 -13.56 19.98 8.35 0 -0 0 82.73 6.67 14.06 -13.13 21.48 -2.5 0 -0 -7.77 -19.25 -20.96 7.12 7.12 -0 -0 9.55 -51.82 -1.62
32.3 17.77 14.37 -163.03 37.39 196.36 0 0 0 -7.1 -6.39 -40.13 2.19 9.24 26.55 0.5 2.11 -14.27 0.01 0.73 2.01 0 0 0 35.7 -0.21 19.43 0 0 -0 0.53 14.22 -1.51 -1.15 -6.82 19.19 8.65 2.19 8.6 4.38 4.16 1.97 -0.72 2.17 -2.51 -4.53 -1.71 -8.29 4.73 -1.95 19.58 2.16 -0.6 7.46 0 -0 0 -85.5 5.09 10.59 19.16 -29.61 -5.11 -0 -0 0.41 11.88 -9.83 -2.06 -7.12 0 -0 -10.75 20.02 6.53 0 -0 0 83.34 5.32 13.96 -12.58 20.67 -2.3 0 -0 -6.94 -19.05 -20.44 6.88 7.12 -0 -0 9.56 -51.25 -1.48
32.65 17.75 13.85 -164.41 39.07 195.85 0 0 0 -8.53 -7.46 -39.22 2.48 9.79 28.31 0.29 3.16 -11.89 1.07 6.58 18.46 0 0 0 33.25 -0.45 21.27 0 0 -0 0.7 14.98 1.94 -1.43 -7.57 21.41 6.5 2.81 9.14 3.9 4.78 1.62 -0.15 2.43 -3.25 -3.81 -1.39 -8.55 4.08 -1.52 19.33 1.87 -0.41 7.4 -0 0 0 -84.43 5.24 9.31 18.42 -28.69 -4.75 -0 0 -0.73 13.57 -8.1 -1.95 -7.12 0 -0 -9.61 21.69 5.45 -0 0 0 84.38 3.66 12.07 -11.77 19.46 -2.03 0 -0 -4.79 -19.75 -21.99 7.66 7.12 -0 -0 9.43 -52.96 -1.86
33.02 17.75 13.28 -164.03 39.84 195.78 0 0 0 -7.51 -10.11 -36.98 2.87 10.48 30.55 0.05 7.36 -11.46 0.72 5.41 15.09 0 0 0 32.31 -1.27 23 0 -0 0 0.62 14.18 8.7 -1.25 -7.08 19.96 6.44 2.88 9.66 3.72 4.89 1.61 -0.35 2.47 -3.53 -3.64 -0.7 -8.77 4.08 -0.6 19.14 1.91 0.03 7.33 -0 -0 0 -83.68 4.99 7.03 17.38 -27.36 -4.26 -0 0 -1.24 15.5 -7.98 -2.21 -7.12 0 -0 -8.22 21.73 4.64 -0 -0 0 85.69 2.92 8.25 -10.51 17.53 -1.63 0 -0 -1.98 -20.16 -22.9 8.13 7.12 -0 -0 9.36 -53.96 -2.08
33.38 17.77 12.7 -164.98 39.72 194.75 0 0 0 -9.15 -8.75 -35.91 3.28 11.14 32.76 0.03 6.4 -9.75 0.77 5.59 15.59 0 0 0 30.99 -0.88 17.71 -0.46 -4.33 12.01 0.4 13.97 14.17 -1.17 -6.85 19.28 5.3 2.75 10.48 3.65 4.67 1.07 0.17 2.33 -4.64 -3.44 -0.08 -8.07 3.65 0.31 18.96 1.81 0.45 7.11 -0 -0 0 -83.47 5.55 5.03 16.36 -26 -3.8 -0 0 -2.07 15.93 -7.84 -2.23 -7.12 0 -0 -7.92 21.86 4.44 -0 -0 0 86.54 0.68 5.12 -9.92 16.62 -1.45 0 -0 -0.57 -19.74 -21.47 7.48 7.12 -0 -0 9.25 -52.42 -1.7
33.73 17.84 12.11 -165.22 40.01 193.47 0 0 0 -10.23 -7.52 -33.27 3.6 11.6 34.34 0.14 4.71 -10.4 1.43 7.56 21.4 0 0 0 30.09 0.72 12.38 -2.04 -8.96 25.66 0.12 12.89 16.78 -0.37 -3.89 10.77 5.64 2.68 10.68 3.2 4.58 1.69 -0.46 2.3 -4.04 -2.71 0.72 -8.96 3.26 1.34 18.85 1.66 0.95 7.2 0 -0 0 -82.5 4.41 4.27 15.47 -24.8 -3.42 -0 0 -2.02 16.26 -7.27 -2.11 -7.12 0 -0 -7.7 22.43 4.21 0 -0 0 87.99 0.49 2.39 -9.36 15.74 -1.3 0 0 0.31 -20.02 -22.01 7.77 7.12 -0 -0 9.16 -53.03 -1.82
34.04 17.93 11.58 -167.54 39.28 191.43 0 0 0 -13.12 -6.66 -30.42 3.55 11.53 34.09 0.2 3.56 -10.57 1.19 6.91 19.46 0 0 0 28.02 2.51 6.46 -4.4 -12.67 38.15 -0.53 9.39 20.22 -0 0.39 -1.07 4.25 2.34 11 2.89 3.95 1.64 0.05 1.99 -4.37 -2.63 1.43 -9.22 2.68 2.44 19.2 1.56 1.43 7.34 -0 0 0 -82.43 3.07 2.85 14.31 -23.18 -2.95 -0 0 -0.12 16.8 -7.74 -2.33 -7.12 0 -0 -7.29 21.93 4.07 -0 0 0 88.01 -0.11 3.08 -9.14 15.38 -1.24 0 -0 -0.08 -19.21 -22.48 7.59 7.12 -0 -0 10.16 -53.36 -2.11
34.34 18.04 11.03 -170.7 38.86 188.57 0 0 0 -16.84 -5.98 -26.19 3.22 11.05 32.44 0.26 2.88 -11.12 1.17 6.86 19.29 0 0 0 24.8 4.08 1.04 -7.03 -15.36 48.98 -0.47 9.44 19.6 -0.49 4.51 -12.52 2.19 1.86 10.92 2.36 3 1.77 0.79 1.53 -4.28 -2.07 2.45 -9.11 1.82 3.96 19.52 1.32 2.13 7.41 -0 0 0 -82.34 2.48 3 14.3 -23.16 -2.94 -0 -0 1.57 17.44 -6.36 -1.99 -7.12 0 -0 -6.86 23.33 3.61 -0 0 0 87.98 0.31 3.95 -8.82 14.88 -1.15 0 0 1.32 -18.69 -23.23 7.6 7.12 -0 -0 10.99 -54.02 -2.46
34.64 18.14 10.49 -172.39 37.45 185.99 0 0 0 -19.36 -3.19 -21.64 2.77 10.31 30 0.32 0.1 -10.8 0.75 5.55 15.47 0 0 0 23 4.6 -3.27 -9.48 -17.11 57.73 -0.17 7.18 13.42 -0.04 1.33 -3.66 1.68 1.32 11.31 2.24 2.23 1.88 1.06 1.16 -4.4 -2.02 3.12 -8.57 1.45 5 19.91 1.28 2.62 7.43 0 0 0 -82.85 1.91 2.57 15.02 -24.18 -3.24 -0 -0 2.44 16.46 -6.01 -1.77 -7.12 0 -0 -7.59 23.73 3.93 0 0 0 87.66 -0.16 5.82 -9.29 15.62 -1.28 0 0 1.25 -18.18 -22.7 7.22 7.12 -0 -0 11.28 -53.39 -2.35
34.92 18.22 9.99 -173.48 35.84 184.75 0 0 0 -20.88 -1.18 -18.31 2.37 9.6 27.69 0.35 -1.94 -10.66 0.63 5.06 14.08 0 0 0 21.78 5.82 -8.59 -11.49 -18.17 64.35 -0.05 2.58 5.8 -0.02 0.89 -2.45 1.14 0.71 11.36 2.36 1.36 1.58 1.61 0.74 -4.75 -2.1 3.93 -7.74 1.09 6.19 19.41 1.24 3.16 7.11 0 0 0 -83.5 2.21 3.79 16.62 -26.35 -3.92 -0 -0 1.31 20.07 -9.11 -3.31 -7.12 0 -0 -4.92 20.3 2.92 0 0 0 87.35 -0.88 8.18 -10.54 17.58 -1.63 0 -0 -1.97 -19.68 -24.46 8.42 7.12 -0 -0 10.52 -55.46 -2.72
35.16 18.26 9.48 -174.57 34.35 183.42 0 0 0 -22.51 -0.57 -14.03 1.95 8.76 25.06 0.38 -2.4 -11.14 0.59 4.92 13.68 0 0 0 20.36 6.71 -14.14 -12.63 -18.64 67.98 -0 -2.67 2.08 -0.46 4.34 -12.04 1.17 0.35 11.23 2.31 0.88 1.6 1.62 0.5 -4.65 -1.87 4.55 -7.64 0.81 7.08 19.38 1.19 3.58 7.09 0 -0 0 -83.85 1.76 5.83 19.01 -29.44 -5.04 -0 0 -1.3 19.68 -6.68 -2.38 -7.12 0 -0 -5.2 22.89 2.78 0 -0 0 87.02 -1.13 9.97 -12.01 19.82 -2.11 0 -0 -6.78 -21.51 -25.34 9.57 7.12 -0 -0 8.99 -56.73 -2.6
35.4 18.25 9.02 -176.83 32.51 181.54 0 0 0 -24.94 0.09 -10.67 1.72 8.26 23.49 0.43 -3.79 -11.7 0.6 4.97 13.82 0 0 0 17.26 8.71 -18.21 -13.33 -18.9 70.15 0.06 -4.93 -4.02 -0.07 -1.75 4.81 0 -0.04 11.23 1.93 0.18 1.69 1.98 0.16 -4.54 -1.49 5.27 -7.46 0.44 8.04 18.79 1.06 4.04 6.88 0 0 0 -83.9 1.06 7.57 21.74 -32.68 -6.44 -0 0 -2.31 20.9 -6.27 -2.39 -7.12 0 -0 -4.31 23.27 2.26 0 0 0 86.86 -1.31 11.78 -13.7 22.31 -2.71 0 -0 -10.71 -20.17 -22.9 8.14 7.12 -0 -0 9.35 -53.96 -2.07
35.65 18.19 8.61 -177.48 30.5 181.16 0 0 0 -25.48 0.63 -9.1 1.78 8.39 23.89 0.45 -5.76 -11.98 0.37 3.89 10.76 0 0 0 15.77 10.87 -23.1 -13.12 -18.83 69.51 -0 -5.73 -8.23 -0.5 -4.55 12.63 -0.47 -0.22 11.72 2.08 -0.1 1.35 2.45 0.04 -5.15 -1.33 5.7 -7.64 0.34 8.6 18.56 1.05 4.3 6.85 -0 0 0 -83.84 0.17 9.07 24.19 -35.36 -7.82 -0 0 -0.95 21.93 -5.57 -2.24 -7.12 0 -0 -3.55 23.98 1.8 -0 0 0 86.22 -1.74 13.43 -15.22 24.45 -3.32 0 -0 -12.87 -20.07 -21.56 7.65 7.12 -0 -0 8.94 -52.58 -1.68
35.9 18.16 8.18 -178.53 28.85 180.54 0 0 0 -26.34 0.96 -7.26 1.8 8.43 24.02 0.43 -8.43 -12.23 0.97 6.28 17.59 0 0 0 13.54 13.29 -26.92 -11.97 -18.38 65.89 -0.07 -6.28 -10.52 -0.76 -5.58 15.56 -1.23 -0.33 11.34 2 -0.36 1.48 2.83 -0.08 -4.79 -1.16 6.11 -6.78 -0.1 9.07 16.92 0.84 4.51 6.2 -0 -0 0 -83.29 -1.56 10.09 26.25 -37.46 -9.04 -0 -0 1.1 23.03 -9.7 -4.1 -7.12 0 -0 -2.81 19.46 1.72 -0 -0 0 85.4 -1.57 15.98 -16.77 26.55 -3.98 0 -0 -15.09 -20.4 -22.18 7.99 7.12 -0 -0 8.84 -53.27 -1.81
36.15 18.13 7.8 -179.01 27.63 181.12 0 0 0 -26.7 1.04 -6.37 1.77 8.38 23.87 0.46 -9.98 -13 0.97 6.28 17.6 0 0 0 11.5 16.32 -30.61 -9.99 -17.41 59.46 -0.09 -6.99 -11.77 -0.67 -5.25 14.63 -1.64 -0.16 10.31 1.91 -0.17 1.82 2.93 0 -3.88 -0.68 6.41 -6.83 -0.54 9.31 15.35 0.6 4.6 5.76 0 -0 0 -82.27 -4.53 11.54 28.42 -39.5 -10.39 -0 -0 2.28 24.7 -8.99 -4.11 -7.12 0 -0 -1.59 20.1 0.95 0 -0 0 85.17 0.22 16.1 -17.29 27.24 -4.22 0 -0 -14.41 -20.46 -21.78 7.88 7.12 -0 -0 8.64 -52.87 -1.68
36.39 18.07 7.38 -178.74 25.33 181.37 0 0 0 -26.23 0.43 -4.13 1.71 8.24 23.45 0.49 -10.95 -13.65 0.9 6.03 16.88 0 0 0 10.24 18 -32.06 -7.45 -15.7 50.55 -0.09 -7.57 -12.53 -0.9 -6.06 16.96 -1.4 -0.28 10.78 2.27 -0.28 1.61 3.2 -0.04 -4.35 -0.72 6.54 -7.19 -0.72 9.55 15.52 0.59 4.7 5.88 0 -0 0 -81.57 -6.72 13.23 29.56 -40.51 -11.12 -0 -0 4.06 26.83 -10.03 -5.04 -7.12 0 -0 -0.13 18.76 0.08 0 -0 0 84.14 0.38 16.6 -18.08 28.26 -4.59 0 -0 -14.81 -19.81 -21.84 7.63 7.12 -0 -0 9.31 -52.82 -1.8
36.63 18.01 6.95 -180.76 23.44 180.53 0 0 0 -28.25 0.07 -0.77 1.46 7.64 21.64 0.55 -11.45 -14.4 0.95 6.19 17.34 0 0 0 6.9 18.71 -32.75 -4.93 -13.3 40.5 0.16 -9.73 -10.64 -0.35 -3.78 10.47 -3.16 -0.18 11.05 1.9 -0.38 1.71 3.82 -0.07 -4.37 -0.74 6.87 -6.54 -0.73 9.92 14.53 0.56 4.89 5.46 -0 0 0 -80.91 -9.51 14.14 30.19 -41.06 -11.54 -0 -0 5.94 28.52 -10.23 -5.51 -7.12 0 -0 1.05 18.38 -0.67 -0 0 0 83.38 1.12 17.08 -18.41 28.67 -4.74 0 -0 -15.85 -20.58 -22.52 8.19 7.12 -0 -0 8.78 -53.66 -1.88
36.89 17.94 6.49 -180.58 21.25 180.66 0 0 0 -27.68 0.46 1.73 1.34 7.34 20.72 0.59 -12.76 -15.32 0.76 5.58 15.56 0 0 0 6.08 18.93 -31.98 -2.67 -10.14 29.42 0.37 -11.15 -7.26 -0.21 -2.95 8.13 -2.57 -0.25 11 1.84 -0.39 1.91 3.43 -0.08 -4.14 -0.51 6.88 -6.37 -0.63 9.89 14.35 0.54 4.9 5.38 -0 -0 0 -80.08 -11.96 15.22 30.99 -41.73 -12.07 -0 -0 6.51 28.43 -10.16 -5.46 -7.12 0 -0 0.99 18.46 -0.63 -0 -0 0 83.09 1.65 16.58 -18.54 28.85 -4.81 0 -0 -15.34 -20.57 -22.49 8.17 7.12 -0 -0 8.79 -53.62 -1.88
37.16 17.87 6 -180.3 19.1 180.87 0 0 0 -27.02 0.21 4.73 1.2 6.95 19.57 0.61 -13.75 -15.79 0.76 5.56 15.5 0 0 0 5.43 19.11 -30.64 -1.26 -7.12 20.07 0.24 -9.32 -7.35 -0.08 -1.88 5.16 -2.26 -0.41 10.74 1.9 -0.54 2.16 3.32 -0.16 -3.72 0.36 7.15 -6.19 -1.32 10.18 13.44 0.18 5.03 5.15 -0 0 0 -79.37 -14.1 15.36 31.89 -42.46 -12.67 -0 -0 7.38 28.15 -9.49 -5.04 -7.12 0 -0 0.84 19.25 -0.52 -0 0 0 82.83 3.01 15.64 -17.85 27.96 -4.48 0 -0 -14.79 -21.06 -23.32 8.67 7.12 -0 -0 8.6 -54.56 -2.03
37.44 17.8 5.49 -180.32 16.77 180.8 0 0 0 -26.53 -0.54 7.7 1.12 6.71 18.87 0.62 -14.59 -16.25 0.71 5.37 14.97 0 0 0 5.19 18 -29.56 -0.64 -5.12 14.26 -0.1 -3.36 -8.08 -0 0.45 -1.25 -2.44 -0.64 10.73 2.06 -0.85 2.21 3.63 -0.31 -3.64 0.65 7.46 -6.12 -1.7 10.64 13.54 0.05 5.25 5.21 0 -0 0 -79.05 -14.9 15.18 33.25 -43.52 -13.59 -0 -0 8.62 28.7 -10.84 -5.88 -7.12 0 -0 1.13 17.67 -0.73 0 -0 0 82.25 3.35 14.73 -17.59 27.63 -4.36 0 -0 -12.3 -17.95 -23.53 7.37 7.12 -0 -0 11.87 -54.18 -2.71
37.75 17.72 5 -180.35 14.95 181 0 0 0 -26 -1.3 9.85 1.12 6.73 18.93 0.62 -14.77 -16.28 0.47 4.39 12.18 0 0 0 5.89 16.72 -30.18 -0.63 -5.09 14.17 -0.19 2.08 -7.68 -0.29 3.45 -9.53 -2.99 -0.68 11.12 2.17 -0.95 2.26 4.09 -0.35 -3.78 0.79 7.79 -6.71 -1.69 11.03 13.38 0.08 5.43 5.27 0 -0 0 -78.42 -16.33 13.86 34.27 -44.28 -14.3 -0 -0 9.67 28.65 -10.8 -5.84 -7.12 0 -0 1.1 17.72 -0.71 0 -0 0 82.02 3.69 14.12 -17.34 27.3 -4.24 0 -0 -11.23 -17.53 -21.85 6.71 7.12 -0 -0 11.58 -52.42 -2.14
38.07 17.66 4.44 -180.38 13.35 180.81 0 0 0 -25.65 -2.03 13.06 1.07 6.58 18.48 0.59 -14.02 -15.75 0.29 3.46 9.57 0 0 0 6.41 17.12 -30.35 -1.03 -6.46 18.12 -0 4.48 -3.19 -0.94 6.17 -17.28 -3.39 -0.75 11.41 2.3 -1.09 2.23 4.48 -0.4 -3.95 0.61 8.06 -6.12 -1.73 11.38 12.68 0.08 5.61 4.95 0 0 0 -78.1 -16.69 11.08 35.28 -45.01 -15.01 -0 -0 9.9 29.11 -8.11 -4.49 -7.12 0 -0 1.63 20.72 -0.95 0 0 0 81.86 3.07 14.33 -17.44 27.44 -4.29 0 -0 -11.47 -17.61 -22.64 6.97 7.12 -0 -0 11.83 -53.23 -2.42
38.41 17.66 3.85 -179.82 11.24 181.18 0 0 0 -24.7 -3.75 14.83 1.22 7 19.73 0.51 -12.88 -14.58 0.1 2.09 5.75 0 0 0 7.75 17.48 -30.39 -1.44 -7.58 21.44 0.06 4.44 2.23 -0.56 4.81 -13.36 -3.18 -1.05 11.44 2.54 -1.43 2.22 4.65 -0.57 -3.94 1.09 8.54 -6.56 -2.44 12.08 12.84 -0.13 5.92 5.16 -0 0 0 -76.96 -16.98 7.85 36.62 -45.94 -15.97 -0 -0 9.08 29.31 -6.01 -3.37 -7.12 0 -0 1.9 23.09 -1 -0 0 0 82.23 2.6 13.99 -17.69 27.76 -4.41 0 -0 -11.2 -16.97 -22.75 6.73 7.12 -0 -0 12.51 -53.22 -2.56
38.73 17.7 3.23 -178.4 8.83 181.4 0 0 0 -22.77 -5.54 14.83 1.8 8.44 24.06 0.33 -11.75 -12.33 0.01 -0.76 -2.09 0 0 0 10.14 16.88 -29.74 -1.79 -8.4 23.95 -0.11 1.03 6.83 -0 0.43 -1.19 -1.48 -1.46 11.64 2.85 -1.74 2.06 4.08 -0.73 -4.23 0.96 8.74 -6.71 -2.23 12.42 13.41 -0 6.09 5.35 -0 0 0 -75.36 -16.9 4.09 37.06 -46.23 -16.29 -0 -0 8.7 29.08 -7.94 -4.39 -7.12 0 -0 1.61 20.91 -0.93 -0 0 0 82.45 1.35 14.07 -17.95 28.1 -4.53 0 -0 -13.07 -18.49 -22.22 7.21 7.12 -0 -0 10.78 -52.97 -2.13
39.03 17.78 2.66 -177.31 6.91 181.18 0 0 0 -20.49 -6.21 10.81 3.39 11.31 33.32 -0.17 -11.39 -5.26 0.01 -0.74 -2.05 0 0 0 12.53 15.71 -28.76 -2.26 -9.39 27.02 -0.05 1.66 5.04 -0 0.27 -0.75 -0.38 -1.6 12.59 3.21 -1.69 2.27 3.85 -0.68 -4.56 0.67 9.05 -7.21 -2.71 12.97 13.51 -0.03 6.31 5.48 0 -0 0 -73.46 -18.18 0 36.51 -45.86 -15.89 -0 -0 7.14 29.93 -6.93 -3.97 -7.12 0 -0 2.3 22 -1.27 0 -0 0 82.43 0.99 14.12 -17.65 27.71 -4.39 0 -0 -14.02 -18.88 -19.98 6.67 7.12 -0 -0 9.57 -50.75 -1.37
39.32 17.91 2.12 -175.25 4.35 180.9 0 0 0 -16.55 -6.41 3.52 6.39 14.79 46.51 -0.19 -7.7 2.22 0.01 0.65 1.79 0 0 0 16.1 14.02 -26.39 -2.35 -9.56 27.55 -0.04 0.72 3.91 -0 -0.44 1.21 1.6 -1.96 13.12 3.74 -1.75 2.76 3.3 -0.68 -4.38 1.03 9.03 -6.3 -3.71 12.93 12.23 -0.47 6.28 5.03 -0 0 0 -70.02 -19.46 -3.08 35.39 -45.09 -15.09 -0 -0 6.08 29.81 -6.75 -3.85 -7.12 0 -0 2.23 22.21 -1.22 -0 0 0 82.42 1.52 13.89 -16.81 26.61 -4 0 -0 -13.03 -17.82 -23.01 7.16 7.12 -0 -0 11.78 -53.64 -2.53
39.6 18.07 1.65 -173.49 1.58 180.58 0 0 0 -12.75 -6.65 -4.9 10.41 17.64 60.86 0.03 -4.59 7.52 0.14 2.4 6.6 0 0 0 19.34 12.08 -23.58 -2.16 -9.19 26.39 -0.03 -0.83 2.81 -0.07 -1.74 4.79 2.45 -2.17 13.63 4.5 -1.7 3.19 3.62 -0.6 -4.22 -0.11 9.19 -9.37 -2.29 13.45 15.73 0.44 6.47 6.48 0 -0 0 -66.26 -22.08 -6.43 33.01 -43.34 -13.43 -0 -0 6.2 30.74 -5.94 -3.52 -7.12 0 -0 2.97 23.08 -1.57 0 -0 0 81.51 2.6 14.68 -15.87 25.35 -3.59 0 -0 -12.15 -17.51 -21.22 6.51 7.12 -0 -0 11.36 -51.78 -1.92
39.84 18.23 1.25 -170.95 -0.66 179.93 0 0 0 -7.73 -4.56 -14.48 15.33 19.47 76.22 -0.28 -9.42 1.75 0 0.27 0.76 0 0 0 23.48 9.85 -19.89 -1.7 -8.21 23.34 -0.01 -2.11 1.85 -0.09 -1.95 5.36 4.63 -1.23 14.75 5.23 -1.51 3.51 3.21 -1.13 -4.49 0.68 8.99 -8.31 -3.48 13.25 15.12 -0.13 6.38 6.24 0 0 0 -61.43 -23.53 -7.3 31.94 -42.5 -12.7 -0 -0 4.59 31.49 -5.08 -3.1 -7.12 0 -0 3.57 24.03 -1.81 0 0 0 80.99 3.6 14.65 -15.48 24.81 -3.43 0 -0 -9.29 -16.65 -19.08 5.58 7.12 -0 -0 11.42 -49.49 -1.28
40.05 18.39 0.88 -170.34 -3.36 179.51 0 0 0 -4.81 -3.25 -23.39 19.95 20 89.84 -0.69 -16.94 -3.12 0.14 2.4 6.62 0 0 0 25.09 7.33 -17.04 -1.28 -7.18 20.25 0.01 -3.29 1.81 -0.13 -2.31 6.36 4.72 -1.1 15.42 5.33 -1.33 3.86 3.26 -1.07 -4.49 0.66 8.59 -6.6 -4.45 12.63 12.8 -0.62 6.08 5.27 0 0 0 -56.63 -26.89 -11.35 29.17 -40.17 -10.87 -0 -0 6.87 31.32 -3.92 -2.38 -7.12 0 -0 3.53 25.4 -1.68 0 0 0 80.45 4.88 14.99 -15.06 24.23 -3.25 0 -0 -9.08 -19.01 -17.14 5.8 7.12 -0 -0 8.58 -47.86 -0.61
40.23 18.53 0.55 -169.03 -6.06 179.37 0 0 0 -1.84 -0.91 -33.08 23.72 19.67 100.92 -0.9 -21.81 -7.28 0 0.16 0.43 0 0 0 27.32 5.39 -14.02 -0.82 -5.77 16.11 0.04 -5.52 2.44 -0.12 -2.21 6.07 5.51 -1.05 16.04 5.49 -1.16 4.11 2.97 -1.02 -4.56 -0.55 9.21 -10.16 -2.47 12.77 15.5 0.39 5.82 6.52 0 0 0 -51.36 -29.5 -15.02 27.08 -38.25 -9.55 -0 -0 8.22 33.11 -4.34 -2.83 -7.12 0 -0 4.84 24.8 -2.37 0 0 0 80.13 5.91 16.83 -15.35 24.63 -3.37 0 -0 -11.91 -22.61 -18.13 7.39 7.12 -0 -0 5.39 -49.44 -0.59
40.42 18.67 0.22 -167.83 -9.3 178.85 0 0 0 0.23 1.76 -43.06 26.6 18.92 109.64 -0.76 -21.98 -8.98 0.18 2.73 7.52 0 0 0 29.43 2.17 -10.71 -0.37 -3.92 10.86 0.08 -7.39 3.05 -0.1 -2.07 5.7 6.1 -1.01 16.83 5.56 -0.96 4.24 2.7 -0.94 -4.85 -0.32 8.73 -9.72 -2.7 12.1 14.77 0.19 5.53 6.23 -0 -0 0 -45.75 -32.64 -19.21 24.24 -35.42 -7.85 -0 -0 10.61 33.89 -6.17 -4.13 -7.12 0 -0 5.25 22.57 -2.84 -0 -0 0 79.82 6.66 15.84 -16.06 25.6 -3.67 0 -0 -10.03 -22.91 -17.58 7.27 7.12 -0 -0 4.97 -48.9 -0.48
40.6 18.75 -0.07 -166.86 -12.34 178.44 0 0 0 1.89 4.06 -51.71 28.56 18.14 115.79 -1.12 -25.32 -9.45 0.55 4.75 13.19 0 0 0 31.11 -0.56 -7.67 -0.1 -2.04 5.62 0.14 -9.39 3.75 -0.19 -2.83 7.8 6.32 -0.78 17.39 5.68 -0.56 4.28 2.64 -0.75 -5.1 -1.13 8.16 -9.1 -2.11 11.33 13.7 0.37 5.21 5.69 0 -0 0 -40.47 -35.58 -21.92 22.11 -33.1 -6.65 -0 -0 11.87 35.58 -6.03 -4.3 -7.12 0 -0 6.49 22.59 -3.52 0 -0 0 79.13 6.72 16.32 -17.1 26.99 -4.13 0 -0 -10.43 -23.41 -17.45 7.4 7.12 -0 -0 4.45 -48.83 -0.42
40.77 18.81 -0.37 -166.17 -15.39 178.03 0 0 0 2.16 5.01 -60.4 29.6 17.63 119.18 -0.82 -25.94 -12.6 0.45 4.32 11.97 0 0 0 32.48 -3.51 -4.56 0 -0 0 0.2 -11.36 4.59 -0.32 -3.63 10.04 6.45 -0.87 18.57 5.16 -0.66 4.88 2.05 -0.81 -5.09 -0.95 7.89 -10.82 -1.79 10.97 12.41 0.46 5.13 5.57 -0 -0 0 -32.89 -37.89 -27.59 19.68 -30.25 -5.37 -0 -0 14.14 33.96 -6.54 -4.38 -7.12 0 -0 5.26 22.13 -2.9 -0 -0 0 79.3 8.28 18.16 -18.27 28.5 -4.68 0 -0 -11.61 -25.36 -17.16 7.96 7.12 -0 -0 2.5 -48.83 -0.24
40.93 18.82 -0.67 -165.1 -17.96 177.29 0 0 0 2.51 6.85 -68.44 29.96 17.43 120.37 -0.46 -25.01 -14.45 0.4 4.06 11.25 0 0 0 34.17 -5.11 -3.97 0 0 -0 0.34 -12.15 2.55 -0.39 -3.99 11.06 6.35 -0.57 19.53 5.21 -0.27 5.26 2.09 -0.64 -5.18 -0.95 7.57 -11.82 -1.65 10.55 11.68 0.49 4.96 5.5 -0 0 0 -26.82 -39.36 -28.52 18.36 -28.62 -4.72 -0 -0 12.54 33.18 -0.85 -0.56 -7.12 0 -0 5.16 28.94 -2.02 -0 0 0 78.12 9.35 20.84 -18.73 29.08 -4.9 0 -0 -15.33 -26.8 -14.12 7.02 7.12 -0 -0 0.63 -45.71 -0.01
41.04 18.85 -0.99 -165.44 -20.84 176.66 0 0 0 0.92 5.2 -73.74 29.5 17.68 118.85 0.19 -22.87 -17.45 0.59 4.91 13.66 0 0 0 34.18 -7.18 -3.19 0 -0 0 0.45 -12.77 0.6 -0.42 -4.15 11.51 5.4 -0.57 20.4 4.75 -0.31 5.14 2.16 -0.62 -5.78 -0.21 7.11 -6.16 -3.05 9.72 5.92 -0.5 4.7 3.13 -0 0 0 -21.2 -43.58 -38.9 15.42 -24.73 -3.4 -0 -0 21.42 30.78 5.78 3.43 -7.12 0 -0 3.44 36.68 -0.71 -0 0 0 77.56 9.06 22.17 -20.04 30.69 -5.55 0 -0 -16.72 -25.92 -14.83 7.09 7.12 -0 -0 1.55 -46.38 -0.05
41.14 18.82 -1.29 -163.96 -23.29 175.96 0 0 0 2.44 3.17 -78.87 28.74 18.06 116.36 0.26 -21.71 -17.17 1.3 7.23 20.39 0 0 0 36.12 -8.53 -2.95 0 0 -0 0.56 -13.61 -1.34 -0.47 -4.38 12.14 5.91 -0.76 21.02 4.72 -0.45 5.36 1.89 -0.71 -5.87 -3 7.3 -11.8 0.24 10.28 9.85 1.3 4.93 4.71 -0 -0 0 -17.7 -42.41 -38.23 15.4 -24.7 -3.39 -0 -0 16.62 28.51 2.22 1.2 -7.12 0 -0 1.56 32.5 -0.48 -0 -0 0 77.23 10.62 23.2 -21.01 31.84 -6.05 0 -0 -16.51 -24.2 -16.61 7.32 7.12 -0 -0 3.51 -48.06 -0.27
41.19 18.8 -1.59 -164.33 -25.65 176.08 0 0 0 0.22 1.33 -81.39 27.07 18.76 111.08 1.37 -14.41 -21.82 0.32 3.65 10.1 0 0 0 36.09 -9.67 -2.74 0 -0 0 0.67 -14.41 -3.21 -0.64 -5.12 14.24 4.75 -0.86 21.55 4.27 -0.76 5.42 2.15 -0.82 -6.08 -2.63 7.5 -11.77 -0.24 10.51 8.57 1.07 5.07 4.35 -0 -0 0 -14.01 -43.25 -43.91 14.8 -23.87 -3.15 -0 -0 20.21 23.64 7.84 3.42 -7.12 0 -0 -2.76 38.51 0.44 -0 -0 0 77.29 11.92 23.27 -22.19 33.19 -6.69 0 -0 -13.78 -22.53 -18.61 7.54 7.12 -0 -0 5.59 -49.93 -0.68
41.18 18.79 -1.93 -163.78 -28.03 175.94 0 0 0 -0.57 0.37 -82.72 25.52 19.25 106.34 1.63 -10.82 -23.03 0.48 4.43 12.29 0 0 0 36.77 -10.85 -2.56 0 0 -0 0.76 -15.22 -5.01 -0.8 -5.71 15.95 4.85 -1.21 21.1 3.98 -1.25 5.71 1.88 -1.05 -5.54 -1.86 7.51 -8.46 -1.95 10.31 3.19 0.18 5.04 2.47 -0 0 0 -13.2 -40.3 -36.45 17.13 -27.03 -4.15 -0 -0 15.76 17.83 17.98 5.67 -7.12 0 -0 -9.94 48.55 -0.88 -0 0 0 77.06 13.45 24.2 -23.23 34.34 -7.27 0 -0 -13 -20.5 -20.49 7.46 7.12 -0 -0 8.14 -51.55 -1.32
41.17 18.77 -2.22 -163.37 -29.48 176.08 0 0 0 -1.78 1.04 -83.64 23.91 19.63 101.5 1.69 -7.15 -23.3 1.16 6.85 19.28 0 0 0 37.6 -10.37 -3.8 -0.03 -1.16 3.19 0.78 -15.51 -7.82 -0.76 -5.56 15.5 4.58 -1.11 21.56 3.64 -1.09 5.48 1.64 -0.95 -6.04 -3.12 7.52 -11.23 -0.36 10.51 4.66 1.07 5.13 3.33 0 -0 0 -10.45 -41.42 -43.69 13.87 -22.56 -2.78 -0 -0 18.1 18.35 3.04 1.01 -7.12 0 -0 -6.71 33.13 1.96 0 -0 0 78.35 13.49 23.22 -25.68 36.89 -8.69 0 -0 -10.67 -21.47 -20.1 7.7 7.12 -0 -0 7.06 -51.31 -1.1
41.11 18.75 -2.53 -163.08 -30.95 176.09 0 0 0 -3.47 1.46 -83.27 22.38 19.86 96.98 1.84 -2.13 -25.08 0.62 5.04 14.03 0 0 0 37.93 -11.24 -2.05 -0 -0.27 0.75 0.89 -16.48 -7.81 -0.68 -5.27 14.67 4.13 -1.04 21.61 3.25 -1.1 5.64 1.49 -0.94 -5.89 -2.78 7.42 -10.28 -0.77 10.24 2.03 0.73 5.03 2.3 -0 0 0 -8.87 -41.06 -44.47 12.92 -21.17 -2.42 -0 -0 17.93 12.42 -2.03 -0.45 -7.12 0 -0 -10.88 27.84 4.62 -0 0 0 78.5 13.76 25.98 -27.86 38.99 -10.03 0 -0 -13.24 -21.99 -19.42 7.65 7.12 -0 -0 6.35 -50.69 -0.89
41.01 18.78 -2.84 -162.65 -32.54 176.54 0 0 0 -3.75 1.66 -82.82 21.46 19.95 94.28 1.96 -4.64 -25.44 1.79 8.41 23.96 0 0 0 38.4 -10.65 -3.73 -0.05 -1.51 4.15 0.87 -16.71 -10.33 -0.6 -4.95 13.77 3.74 -0.79 21.11 3.07 -0.87 5.62 1.43 -0.8 -5.65 -2.63 7.21 -9.87 -1.21 9.85 -0.15 0.47 4.85 1.54 0 0 0 -6.32 -45.55 -62.06 10.62 -17.71 -1.66 -0 -0 36.49 15.87 -8.96 -2.54 -7.12 0 -0 -7.93 20.71 4.66 0 0 0 78.98 13.55 27.14 -31.14 41.85 -12.16 0 -0 -13.46 -22.69 -19.9 8.1 7.12 -0 -0 5.79 -51.31 -0.9
40.88 18.72 -3.15 -161.92 -33.86 176.41 0 0 0 -5.23 1.39 -81.75 20.05 20 90.16 1.32 6.37 -24.82 0.1 2.03 5.58 0 0 0 38.97 -10.39 -4.25 -0.13 -2.32 6.39 0.85 -17.04 -12.34 -0.55 -4.73 13.15 3.6 -0.55 21.37 2.98 -0.55 5.6 1.34 -0.64 -5.81 -3.29 6.96 -8.64 -0.71 9.42 -3.16 0.56 4.67 0.31 -0 0 0 -9.59 -43.03 -43.26 13.77 -22.4 -2.74 -0 -0 26.49 23.36 -1.6 -0.69 -7.12 0 -0 -2.49 28.24 1.02 -0 0 0 79.19 13.2 29.07 -34.34 44.34 -14.35 0 -0 -13.37 -22.11 -20.96 8.27 7.12 -0 -0 6.69 -52.32 -1.21
40.73 18.73 -3.43 -160.11 -35.43 175.84 0 0 0 -5.45 1.58 -82.43 20.64 19.99 91.87 1.85 5.81 -28.35 0.23 3.08 8.5 0 0 0 40.48 -11.49 -2.3 -0.02 -0.95 2.61 1.16 -18.94 -10.73 -0.48 -4.42 12.27 4.62 -0.25 21.34 3.07 0.04 5.71 0.7 -0.37 -5.67 -4.23 6.34 -9.24 0.31 8.6 -4.74 0.99 4.27 -0.15 -0 -0 0 -12.45 -41.8 -34.43 18.79 -29.16 -4.93 -0 -0 21.21 23.1 -2.95 -1.26 -7.12 0 -0 -2.67 26.77 1.18 -0 -0 0 79.83 12.82 29.74 -38.19 46.96 -17.11 0 -0 -14.06 -23.25 -20.75 8.65 7.12 -0 -0 5.48 -52.31 -0.99
40.57 18.74 -3.68 -160.52 -36.24 177.31 0 0 0 -5.61 1.32 -83.02 21.35 19.96 93.95 2.76 -1.24 -31.14 1.93 8.72 24.92 0 0 0 40.01 -9.39 -5.01 -0.2 -2.88 7.94 1.02 -18.67 -13.87 -0.44 -4.25 11.78 3.79 0.53 21.06 2.45 0.96 5.28 0.27 0.13 -5.97 -4.46 5.86 -8.34 0.97 7.88 -6.88 1.15 3.91 -0.99 -0 0 0 -13.43 -46.41 -41.46 20.51 -31.25 -5.79 -0 -0 30.22 21.29 -7.05 -2.74 -7.12 0 -0 -4.02 22.43 2.19 -0 0 0 80.55 11.72 31.63 -42.57 49.52 -20.37 0 -0 -14.18 -22.28 -21.33 8.48 7.12 -0 -0 6.63 -52.74 -1.27
40.38 18.7 -3.94 -160.73 -37.74 177.98 0 0 0 -6.86 0.04 -83.1 21.03 19.97 93.01 1.56 9.24 -28.56 0.01 0.62 1.7 0 0 0 39.48 -8.55 -6.76 -0.45 -4.29 11.91 0.78 -18.25 -17.22 -0.56 -4.78 13.27 3.76 1.25 21.08 1.96 1.87 5.34 -0.49 0.58 -5.89 -6.21 4.73 -8.39 2.82 6.49 -8.65 2.02 3.22 -1.64 -0 -0 0 -17.35 -47.78 -34.91 25.12 -36.32 -8.36 -0 -0 28.86 28.28 -12.06 -6.41 -7.12 0 -0 0.74 16.35 -0.5 -0 -0 0 81.02 11.41 32.45 -47.36 51.87 -24.08 0 -0 -14.84 -19.19 -22.08 7.45 7.12 -0 -0 10.03 -52.95 -1.98
40.17 18.79 -4.21 -159.45 -39.58 177.44 0 0 0 -3.74 -0.71 -82.28 22.4 19.86 97.05 2.83 -7.6 -30.46 2.82 10.4 30.29 0 0 0 40.31 -9.39 -4.43 -0.2 -2.86 7.88 1.23 -20.7 -16.3 -0.47 -4.4 12.22 4.66 1.78 21.17 1.83 2.76 5.27 -1.35 1 -5.92 -6.24 4.18 -7.49 2.8 5.62 -11.1 1.98 2.76 -2.57 -0 0 0 -20.64 -50.63 -31.45 28.26 -39.36 -10.29 -0 -0 31.59 31.89 -13.19 -8.08 -7.12 0 -0 3.1 14.56 -2.22 -0 0 0 81.32 11.29 34.77 -51.23 53.48 -27.16 0 -0 -14.97 -18.99 -21.63 7.23 7.12 -0 -0 10.05 -52.45 -1.86
39.95 18.85 -4.51 -159.64 -41.99 177.14 0 0 0 -4.78 -1.97 -79.86 22.05 19.9 96.02 2.9 -5.74 -31.03 1.71 8.24 23.46 0 0 0 39.87 -10.78 -2.21 -0.09 -1.89 5.19 1.69 -22.96 -14.84 -0.34 -3.75 10.39 4.2 2.31 21.91 1.58 3.39 5.22 -1.56 1.31 -6.34 -7.3 3.37 -8.21 4.09 4.7 -11.35 2.63 2.31 -2.56 -0 -0 0 -26.03 -53.4 -26.63 32.59 -43.01 -13.14 -0 -0 31.81 31.19 -12.24 -7.31 -7.12 0 -0 2.72 15.76 -1.88 -0 -0 0 81.49 11.85 37.06 -54.31 54.59 -29.65 0 -0 -13.87 -19.73 -19.73 6.9 7.12 -0 -0 8.66 -50.63 -1.21
39.7 19 -4.77 -159.74 -44.05 177.65 0 0 0 -5.06 -3.26 -77.33 21.64 19.94 94.8 3.25 -10.98 -32.57 2.72 10.22 29.7 0 0 0 39.4 -11.64 0.36 0 0 -0 2.5 -26.72 -12.35 -0.25 -3.24 8.95 3.88 2.73 21.7 1.32 3.89 5.03 -1.78 1.57 -6.42 -6.41 3.04 -6.42 3.13 3.9 -14.83 2.14 1.84 -4 0 -0 0 -32.69 -55.11 -20.79 36.35 -45.75 -15.77 -0 -0 33.16 34.22 -15.7 -10.43 -7.12 0 -0 4.32 11.25 -3.41 0 -0 0 81.52 13.4 40.29 -57.37 55.57 -32.16 0 -0 -11.11 -21.55 -17.51 6.78 7.12 -0 -0 6.26 -48.61 -0.56
39.47 19.23 -5.06 -159.78 -45.9 177.84 0 0 0 -6.23 -3.43 -73.81 20.53 19.99 91.55 3.54 -12.74 -34.06 2.74 10.26 29.83 0 0 0 38.74 -11.54 0.56 0 0 -0 3.05 -29.16 -12.77 -0.5 -4.55 12.63 3.04 3.14 22.1 1.21 4.3 4.72 -1.56 1.78 -7 -7.02 2.56 -7.07 4.08 3.36 -15.84 2.4 1.54 -3.79 -0 0 0 -39.29 -56.88 -17.7 36.81 -46.06 -16.1 -0 -0 33.1 42.42 -32.41 -26.09 -7.12 0 -0 5.65 -10.54 -6.61 -0 0 0 82.13 15.77 43.79 -59.92 56.29 -34.27 0 -0 -9.65 -23.39 -15.3 6.51 7.12 -0 -0 4.02 -46.53 -0.15
39.24 19.53 -5.32 -159.66 -47.26 177.78 0 0 0 -7.46 -3.28 -70.52 19.58 20 88.79 3.93 -11.5 -35.97 2.31 9.48 27.31 0 0 0 37.84 -11.05 0.86 0 0 -0 3.91 -32.5 -11.32 -0.72 -5.42 15.11 2.1 3.7 22.51 1.31 4.85 4.58 -1.1 2.05 -7.44 -7.13 2.24 -7.68 4.31 2.93 -16.8 2.51 1.3 -3.97 -0 -0 0 -45.98 -56.33 -10.69 40.48 -48.35 -18.8 -0 -0 33.57 43.69 -33.38 -27.73 -7.12 0 -0 6.04 -12.16 -7.21 -0 -0 0 82.25 19 46.48 -63.74 57.23 -37.47 0 -0 -7.92 -21.06 -14.5 5.51 7.12 -0 -0 6.04 -45.38 -0.06
39.01 19.84 -5.51 -158.57 -49.19 177.55 0 0 0 -7.28 -4.74 -67.97 18.4 19.94 85.32 3.79 -11.41 -35.29 2.29 9.44 27.18 0 0 0 37.4 -8.77 -5.49 -0.36 -3.85 10.66 3.81 -32.25 -9.47 -2.4 -9.66 27.87 2.77 3.74 22.48 1.3 5.12 4.23 -1.58 2.18 -7.74 -6.96 1.89 -7.16 4.69 2.38 -18.68 2.62 0.95 -4.59 0 -0 0 -51.79 -56.01 -4.4 42.31 -49.38 -20.18 -0 -0 34.08 44.73 -33.62 -28.75 -7.12 0 -0 6.51 -12.88 -7.84 0 -0 0 82.54 22.66 49.15 -67.53 58 -40.67 0 -0 -5.53 -23.49 -14.08 6.04 7.12 -0 -0 3.7 -45.24 -0.02
38.81 20.17 -5.65 -158.57 -50.62 177.76 0 0 0 -8.1 -5.41 -64.65 16.95 19.78 81.04 3.65 -12.2 -34.63 2.51 9.86 28.51 0 0 0 36 -6.36 -10.23 -1.17 -6.86 19.29 2.96 -30.82 0.08 -2.34 -9.55 27.53 2.99 3.81 22.75 0.88 5.24 4.19 -2.22 2.23 -7.86 -6.5 1.74 -7.8 4.88 2.16 -19.37 2.62 0.77 -4.69 -0 -0 0 -56.24 -55.68 0.41 43.99 -50.26 -21.46 -0 -0 34.65 45.12 -33.55 -29.03 -7.12 0 -0 6.74 -12.98 -8.13 -0 -0 0 82.99 27.53 51.57 -72.18 58.77 -44.63 0 -0 -5.42 -27.19 -13.31 6.75 7.12 -0 -0 0.16 -44.88 0
38.64 20.49 -5.8 -158.59 -51.75 177.52 0 0 0 -9.42 -5 -61.25 15.35 19.47 76.3 3.59 -10.38 -34.32 2.05 8.97 25.69 0 0 0 34.52 -3.98 -14.76 -2.62 -10.06 29.16 1.42 -22.97 2.51 -0.85 -5.89 16.47 2.69 3.93 23.57 0.67 5.36 3.93 -2.37 2.27 -8.58 -6.75 1.76 -8.45 5.65 2.33 -19.33 2.91 0.84 -4.59 0 0 0 -59.65 -54.33 4.83 44.16 -50.35 -21.59 -0 -0 34.97 44.56 -29.7 -26 -7.12 0 -0 7.56 -8.4 -8.65 0 0 0 82.39 33.11 53.4 -75.85 59.23 -47.78 0 -0 -6.56 -26.89 -13.06 6.54 7.12 -0 -0 0.41 -44.56 0
38.48 20.79 -5.92 -159.65 -53.81 178.4 0 0 0 -11.52 -6.22 -57.84 13.55 18.97 70.83 3.37 -5.82 -33.56 1.02 6.44 18.05 0 0 0 32.12 -1.67 -19.97 -4.56 -12.87 38.87 0.91 -17.08 -2.12 -0.39 -3.99 11.06 2.37 4.4 23.68 0.04 5.86 3.73 -3.05 2.51 -8.8 -3.15 1.32 -6.5 3.57 1.23 -21.33 1.68 0.09 -5.42 -0 0 0 -64.3 -54.2 12 43.76 -50.15 -21.28 -0 -0 35.25 45.99 -28.89 -26.57 -7.12 0 -0 8.56 -8.1 -9.79 -0 0 0 82.98 37.48 52.51 -78.39 59.48 -49.96 0 -0 -2.49 -24.3 -11.8 5.28 7.12 -0 -0 2.62 -42.88 0.14
38.33 21.15 -6.04 -159.91 -55.46 178.48 0 0 0 -11.59 -7.31 -54.12 12.36 18.54 67.12 3.09 -12.72 -31.81 2.93 10.58 30.89 0 0 0 30.37 0.45 -24.64 -6.67 -15.05 47.61 0.51 -12.5 -4.15 -0.71 -5.4 15.05 1.54 3.94 24 0.22 5.09 3.69 -2.19 2.17 -9.14 -5.06 1.31 -8.46 5.73 1.62 -20.12 2.67 0.34 -4.77 0 0 0 -66.79 -53.41 12.66 42.25 -49.35 -20.13 -0 -0 37.04 48.23 -29.64 -28.97 -7.12 0 -0 9.55 -10.02 -11.21 0 0 0 83.95 42.91 55.69 -80.84 59.68 -52.08 0 -0 -1.4 -24.34 -11.22 5.03 7.12 -0 -0 2.51 -42.25 0.17
38.19 21.47 -6.17 -159.41 -57.46 177.68 0 0 0 -12.1 -7.85 -50.16 10.68 17.77 61.73 2.71 -13.4 -29.79 3.21 11.03 32.38 0 0 0 29.07 1.78 -29.96 -9.31 -17 57.16 0.22 -8.68 -6.11 -0.13 -2.32 6.38 1.72 3.71 24.63 0.39 4.86 3.69 -2.07 2.04 -9.48 -6.2 1.28 -8.93 6.73 1.78 -20.53 3.19 0.43 -4.84 0 -0 0 -70.02 -53.1 15.65 40.25 -48.22 -18.62 -0 -0 38.13 51.15 -32.18 -33.47 -7.12 0 -0 10.29 -14.48 -12.71 0 -0 0 83.37 47.79 56.11 -83.03 59.82 -53.96 0 -0 -1.49 -24.67 -11.07 5.04 7.12 -0 -0 2.19 -42.12 0.16
38.06 21.8 -6.3 -158.88 -59.22 176.77 0 0 0 -13.03 -7.99 -46.25 8.96 16.78 55.95 2.45 -10.91 -28.15 2.59 9.99 28.96 0 0 0 27.73 3.4 -35.1 -12.11 -18.44 66.33 0.05 -7.38 -9.32 -0.01 -0.59 1.62 1.29 3.66 25.04 0.89 4.72 3.85 -1.25 1.99 -9.61 -6.83 1.03 -10.12 6.81 1.51 -20.06 3.33 0.36 -4.49 0 -0 0 -72.56 -52.5 18.41 38.25 -47 -17.15 -0 -0 38.39 52.53 -32.41 -34.96 -7.12 0 -0 10.92 -15.52 -13.66 0 -0 0 83.12 52.6 56.8 -83.15 59.82 -54.07 0 0 0.08 -26.99 -10.94 5.52 7.12 -0 -0 0.09 -42.22 0.01
37.94 22.11 -6.43 -158.6 -61.07 176.18 0 0 0 -15.22 -6.11 -42.67 6.81 15.17 48.17 1.96 -3.15 -25.68 0.23 3.09 8.53 0 0 0 25.87 5.29 -40.61 -15.11 -19.42 75.55 -0.19 -6.57 -13.1 -0.19 -2.84 7.82 1.02 3.98 24.96 0.91 5.06 4.05 -1.17 2.16 -9.37 -5.1 0.92 -9.29 5.65 1.05 -21.4 2.69 0.02 -5.01 -0 -0 0 -74.04 -51.37 23.76 37.88 -46.76 -16.88 -0 -0 36.65 51.7 -34.89 -35.91 -7.12 0 -0 9.64 -17.81 -12.27 -0 -0 0 81.42 57.08 54.81 -81.92 59.75 -53.01 0 0 0.3 -28.39 -10.05 5.39 7.12 -0 -0 -1.23 -41.37 -0.11
37.83 22.42 -6.56 -157.6 -62.67 175.09 0 0 0 -15.84 -5.11 -38.88 5.13 13.53 41.39 1.28 0.27 -21.53 0.25 -3.23 -8.91 0 0 0 24.37 7.46 -46.19 -17.91 -19.89 83.88 -0.41 -6.05 -15.8 -0.22 -3.01 8.3 0.85 3.84 25.06 1.02 4.85 3.98 -0.9 2.07 -9.52 -5.16 1.13 -9.39 5.82 1.35 -21.83 2.76 0.16 -5.15 -0 -0 0 -75.1 -51.01 25.73 35.19 -44.95 -14.95 -0 -0 36.82 54.92 -34.13 -38.62 -7.12 0 -0 11.53 -18.89 -14.88 -0 -0 0 80.84 61.36 54.56 -78.81 59.52 -50.32 0 0 1.06 -28.73 -10.21 5.55 7.12 -0 -0 -1.52 -41.58 -0.13
37.71 22.79 -6.69 -157.56 -64.3 174.35 0 0 0 -15.33 -6.04 -34.25 4.21 12.44 37.31 1.12 -8.24 -18.92 1.38 7.42 20.98 0 0 0 22.46 8.8 -50.84 -20.12 -20 90.35 -0.66 -4.32 -17.47 -0.16 -2.55 7.02 0.31 3.6 25.68 1.05 4.38 4.23 -0.43 1.85 -9.61 -6.63 1.05 -11.45 7.21 1.6 -20.71 3.44 0.36 -4.5 0 -0 0 -75.7 -51.33 26.4 32.73 -43.12 -13.23 -0 -0 37.24 60.53 -36.6 -46.53 -7.12 0 -0 13.34 -25.3 -18.09 0 -0 0 82.37 65.77 56.51 -75.1 59.14 -47.13 0 0 2.65 -29.12 -10.65 5.88 7.12 -0 -0 -1.85 -42.12 -0.13
37.61 23.08 -6.84 -157.06 -65.78 173.51 0 0 0 -14.98 -6.57 -30.27 3.26 11.11 32.64 0.81 -9.41 -16.34 2.64 10.09 29.26 0 0 0 20.64 11.18 -55.59 -22.1 -19.89 96.16 -0.88 -3.7 -19.38 -0.1 -2.05 5.64 -0.19 3.46 25.95 1.08 4.06 4.35 -0.01 1.72 -9.65 -7.26 1.04 -12.41 8.13 1.78 -20.32 3.84 0.47 -4.24 0 -0 0 -77.09 -51.24 27.24 31.36 -42.03 -12.31 -0 -0 38.34 61.92 -37.28 -48.63 -7.12 0 -0 13.72 -27.01 -18.81 0 -0 0 82.26 69.66 57.52 -70.8 58.56 -43.45 0 0 2.79 -30.98 -11.06 6.57 7.12 -0 -0 -3.52 -42.8 -0.19
37.52 23.27 -6.99 -156.24 -67.52 172.28 0 0 0 -15.85 -4.79 -26.91 2.14 9.16 26.29 0.44 -7.81 -12.18 2.21 9.29 26.71 0 0 0 19 12.33 -60.63 -23.87 -19.64 101.39 -1.24 -2.79 -22.19 -0.02 -0.91 2.5 -0.33 3.36 26.6 1.04 3.88 4.29 0.05 1.63 -10.06 -8.02 0.76 -13.27 9.16 1.65 -19.61 4.29 0.46 -3.88 -0 -0 0 -77.63 -51.39 29.19 29.08 -40.09 -10.81 -0 -0 38.08 62.77 -38.05 -50.14 -7.12 0 -0 13.79 -28.41 -19.04 -0 -0 0 80.71 72.87 56.61 -65.69 57.65 -39.12 0 0 3.21 -32.36 -11.02 6.91 7.12 -0 -0 -4.78 -42.91 -0.25
37.44 23.41 -7.15 -154.3 -69.03 170.02 0 0 0 -15.87 -4.85 -24.3 1.56 7.89 22.38 0.34 -4.79 -10.35 0.49 4.48 12.44 0 0 0 17.99 13.76 -65.03 -25.03 -19.38 104.86 -1.36 -3.48 -23.52 -0.03 1.15 -3.16 -0.24 3.22 27.34 1.13 3.75 4.12 0.12 1.57 -10.64 -7.5 1.01 -12.93 8.6 1.88 -19.91 4.02 0.55 -4.05 -0 -0 0 -78.69 -51.34 30.59 27.65 -38.79 -9.9 -0 -0 38.5 64.32 -38.66 -52.41 -7.12 0 -0 14.26 -30.18 -19.86 -0 -0 0 81.36 75.75 57.59 -59.13 56.07 -33.61 0 0 5.44 -35.59 -11.55 8.16 7.12 -0 -0 -7.77 -43.95 -0.2
37.36 23.55 -7.32 -152.73 -70.57 168.22 0 0 0 -15.1 -4.87 -22.88 1.42 7.53 21.29 0.17 -6.51 -8.06 1.44 7.58 21.45 0 0 0 16.86 14.9 -68.84 -25.48 -19.27 106.2 -1.81 -0.47 -25.63 -0 -0.42 1.15 -0.09 2.99 27.63 0.73 3.44 4.16 -0.32 1.41 -10.7 -2.62 2.63 -8.31 3.53 2.89 -25.16 1.58 0.74 -6.42 0 -0 0 -79.21 -51.78 31.91 26.88 -38.07 -9.43 -0 -0 39.11 61.97 -36.66 -48.27 -7.12 0 -0 14.01 -26.42 -19.17 0 -0 0 83.38 78.48 59.13 -52.8 54.07 -28.43 0 0 6.6 -33.57 -10.74 7.05 7.12 -0 -0 -5.89 -42.72 -0.33
37.29 23.68 -7.49 -148.64 -72.34 163.91 0 0 0 -13.45 -5.26 -21.19 1.28 7.18 20.25 0.01 -8.18 -5.85 3.04 10.75 31.45 0 0 0 16.67 15.42 -71.2 -25.21 -19.34 105.4 -2.04 0.57 -26.85 -0.01 0.49 -1.35 0.37 2.71 28.36 0.94 3.25 4.08 -0.31 1.3 -11.16 -4.48 1.53 -11 6.88 2.1 -21.76 2.97 0.45 -4.91 0 0 0 -81.34 -51.6 32.44 26.28 -37.49 -9.06 -0 -0 41.16 63.13 -36.98 -49.9 -7.12 0 -0 14.44 -27.63 -19.91 0 0 0 81.29 80.29 57.95 -47.01 51.71 -23.8 0 0 7.62 -32.91 -11.87 7.58 7.12 -0 -0 -5.27 -43.97 -0.13
37.21 23.7 -7.69 -146.63 -73.71 161.75 0 0 0 -13.75 -4.6 -20.05 1.01 6.38 17.9 -0.01 -6.99 -4.65 1.5 7.74 21.92 0 0 0 15.61 17.09 -73.02 -24.72 -19.46 103.92 -2.21 2.47 -27.47 -0.01 0.7 -1.93 0.11 2.7 28.91 0.86 3.17 3.86 -0.25 1.28 -11.7 -2.59 2.43 -8.04 4.27 2.8 -25.31 1.82 0.66 -6.52 0 0 0 -82.25 -51.24 33.66 26.48 -37.68 -9.18 -0 -0 41.58 63.19 -37.41 -50.25 -7.12 0 -0 14.29 -28.1 -19.73 0 0 0 89.12 81.35 64.64 -40.71 48.49 -18.97 0 0 10.1 -30.27 -13.65 7.84 7.12 -0 -0 -2.71 -45.67 0.04
37.14 23.71 -7.88 -145.15 -75.26 160.31 0 0 0 -13.48 -4.45 -19.48 0.93 6.14 17.18 -0.12 -8.14 -2.89 2.12 9.11 26.15 0 0 0 14.6 18.04 -74.15 -23.85 -19.64 101.34 -2.26 2.52 -27.77 -0.05 1.43 -3.94 -0.13 2.52 28.81 0.49 2.82 3.97 -0.39 1.12 -11.51 -5.16 1.53 -11.65 8.12 2.37 -21.73 3.49 0.59 -4.82 0 0 0 -82.03 -51.15 34.54 27.43 -38.58 -9.76 -0 -0 41.34 61.61 -36.77 -47.92 -7.12 0 -0 13.79 -26.26 -18.84 0 0 0 96.84 81.91 71.68 -36.02 45.53 -15.54 0 0 11.13 -26.87 -15.9 7.9 7.12 -0 -0 0.82 -47.69 -0.05
37.05 23.7 -8.08 -140.83 -76.58 155.74 0 0 0 -12.93 -4.93 -18.45 0.85 5.87 16.4 -0.12 -8.36 -3.03 1.09 6.64 18.64 0 0 0 14.56 19.17 -73.5 -22.84 -19.81 98.33 -2.16 2.72 -27.11 -0.06 1.6 -4.39 -0.09 2.55 29.09 0.73 2.89 4.06 -0.18 1.15 -11.56 -4.8 1.7 -10.94 7.27 2.47 -22.43 3.16 0.64 -5.15 0 -0 0 -83.66 -50.98 35.44 27.81 -38.94 -10 -0 -0 42.28 61.33 -37.69 -48.19 -7.12 0 -0 13.26 -26.99 -18.15 0 -0 0 92.03 81.25 68.07 -33 43.33 -13.42 0 0 10.86 -33.52 -11.07 7.25 7.12 -0 -0 -5.85 -43.11 -0.27
36.97 23.74 -8.28 -136.65 -78.16 151.46 0 0 0 -11.38 -7.21 -18.48 1.16 6.84 19.25 -0.17 -9.72 -3.22 2.79 10.34 30.09 0 0 0 14.39 19.56 -72.04 -21.72 -19.93 95.05 -1.93 4.16 -25.32 -0.03 1.07 -2.94 -0.23 2.4 29.21 0.75 2.66 4.02 0.01 1.06 -11.67 -2.13 2.29 -8.57 4.8 2.76 -24.67 1.91 0.62 -6.22 0 0 0 -84.54 -50.87 36.01 28.01 -39.13 -10.13 -0 -0 42.86 60.69 -37.47 -47.3 -7.12 0 -0 13.04 -26.31 -17.78 0 0 0 94.42 78.97 67.76 -33.41 43.64 -13.7 0 0 14.07 -39.65 -9.78 8.01 7.12 -0 -0 -11.43 -42.31 -0.77
36.87 23.71 -8.52 -131.87 -79.82 146.56 0 0 0 -12.01 -4.3 -19.64 1.15 6.81 19.15 -0.41 -12.65 -1.6 1.35 7.35 20.76 0 0 0 14 20.51 -70.27 -21.14 -19.97 93.32 -1.73 4.63 -23.81 -0.02 0.98 -2.68 -0.55 2.48 29.35 0.84 2.7 3.92 0.28 1.1 -11.89 -4.5 1.35 -10.74 7.54 2.07 -22.01 3.19 0.44 -5.02 -0 0 0 -85.18 -50.22 37.87 28.38 -39.46 -10.36 -0 -0 42.2 61.07 -37.52 -47.78 -7.12 0 -0 13.2 -26.63 -18.04 -0 0 0 92.47 76.7 63.26 -36.33 45.74 -15.76 0 0 12.24 -39.64 -8.88 7.29 7.12 -0 -0 -11.33 -41.19 -1.08
36.76 23.68 -8.75 -127 -81.75 141.53 0 0 0 -12.04 -5.12 -18.99 1.15 6.8 19.11 -0.48 -13.46 -1.08 1.27 7.16 20.18 0 0 0 13.66 21.09 -67.98 -20.78 -19.99 92.27 -2.03 4.65 -25.87 -0 0.45 -1.23 -0.95 2.13 29.49 0.76 2.13 3.76 0.63 0.87 -12.14 -5.88 1.54 -11.08 8.54 2.6 -21.67 3.74 0.79 -4.91 0 -0 0 -85.73 -49.47 36.53 28.38 -39.46 -10.36 -0 -0 43.53 60.22 -38.4 -47.35 -7.12 0 -0 12.41 -26.91 -16.94 0 -0 0 95.55 75.52 65.15 -37.11 46.26 -16.32 0 0 11.87 -40.76 -8.41 7.19 7.12 -0 -0 -12.29 -40.72 -1.32
36.65 23.63 -8.97 -116.72 -83.32 131.31 0 0 0 -12.06 -4.75 -18.97 1.08 6.62 18.58 -0.63 -14.59 0.73 1.16 6.85 19.27 0 0 0 14.24 21.01 -66.66 -20.77 -19.99 92.25 -2.5 1.66 -29.5 -0.06 1.57 -4.33 -1.01 1.81 29.78 1.03 1.79 3.24 1.1 0.75 -12.91 -7.22 1.07 -11.64 9.93 2.28 -20.43 4.4 0.73 -4.42 0 -0 0 -86.65 -48.57 36.31 27.97 -39.09 -10.11 -0 -0 44 58.49 -36.44 -44.09 -7.12 0 -0 12.4 -23.7 -16.62 0 -0 0 94.87 73.43 63.93 -37.71 46.66 -16.76 0 0 11.99 -42.98 -5.98 5.55 7.12 -0 -0 -13.89 -37.79 -2.52
36.53 23.62 -9.18 -104.47 -83.54 118.97 0 0 0 -11.9 -3.34 -18.78 0.93 6.14 17.19 -0.65 -15.78 -1.66 0.02 -0.98 -2.7 0 0 0 15.88 21.19 -65.51 -20.78 -19.99 92.29 -2.71 1.36 -30.85 -0 -0.03 0.1 0.44 1.45 29.42 1.18 1.82 3.25 0.43 0.69 -12.67 -8.25 0.6 -12.47 11.15 1.92 -19.45 4.96 0.62 -3.95 0 0 0 -87.81 -47.55 35.55 29.57 -40.52 -11.13 -0 -0 44.98 51.23 -35.74 -36.03 -7.12 0 -0 9.11 -18.47 -11.64 0 0 0 94.39 71.79 62.98 -38.53 47.17 -17.35 0 0 13.46 -44.56 -4.44 4.36 7.12 -0 -0 -14.95 -35.85 -3.46
36.38 23.73 -9.41 -99.32 -84.06 113.53 0 0 0 -10.53 -5 -16.3 0.79 5.66 15.81 -0.6 -13.74 2.86 0.55 4.74 13.16 0 0 0 16.76 21.88 -63.47 -20.45 -20 91.31 -2.68 -0.09 -31.05 -0 -0.29 0.78 0.38 1.68 29.02 1.17 2.08 3.46 0.35 0.81 -12.21 -2.32 1.46 -11.56 6.69 2 -20.3 2.52 0.38 -4.33 -0 -0 0 -87.89 -46.43 35.5 31.59 -42.21 -12.46 -0 -0 44.6 41.87 -34.39 -26.86 -7.12 0 -0 4.79 -12.48 -5.73 -0 -0 0 95.25 70.44 62.93 -39.68 47.88 -18.2 0 0 14.48 -45.29 -4 4.03 7.12 -0 -0 -15.47 -35.29 -3.81
36.22 23.87 -9.62 -82.89 -84.28 97.16 0 0 0 -9.66 -4.27 -15.52 0.6 4.98 13.84 -0.49 -12.77 8.19 0.86 5.9 16.49 0 0 0 18.05 20.74 -61.65 -19.84 -20 89.53 -2.9 1.95 -31.77 -0.21 -2.92 8.05 1.03 1.41 28.65 1.8 2.04 3.39 0.72 0.79 -12.11 -2.32 2.49 -11 4.61 3.14 -21.76 1.86 1 -4.92 0 -0 0 -86.96 -43.06 39.9 39.6 -47.83 -18.15 -0 -0 39.54 20.05 -11.76 -4.25 -7.12 0 -0 -4.97 17.52 3.26 0 -0 0 94.77 68.54 62.59 -40.37 48.29 -18.71 0 0 16.53 -45.89 -1.27 1.31 7.12 -0 -0 -15.37 -31.55 -5.22
36.02 24 -9.83 -64.45 -83.83 78.87 0 0 0 -9.43 -4.71 -14.95 0.43 4.23 11.73 -0.46 -12.72 9.57 0.06 -1.57 -4.31 0 0 0 20.04 19.12 -59.13 -18.83 -19.97 86.59 -3.19 1.21 -33.54 -0.32 -3.66 10.13 2.14 1.42 27.92 2.44 2.46 3.32 0.66 0.95 -11.79 -2.33 2.57 -12.1 3.17 3.06 -21.06 1.42 1.06 -4.52 -0 0 0 -87.32 -39.54 40.19 44.23 -50.39 -21.65 -0 -0 38.6 8.87 -17.44 -2.68 -7.12 0 -0 -12.56 12.65 9.75 -0 0 0 91.1 66.39 58.95 -40.87 48.58 -19.09 0 0 18.77 -48.1 -1.25 1.4 7.12 -0 -0 -17.09 -31.54 -5.86
35.83 24.23 -10.04 -45.41 -83.72 59.96 0 0 0 -7.45 -11.08 -12.15 0.36 3.88 10.74 0.3 1.56 9.87 2.12 9.11 26.13 0 0 0 20.42 17.98 -56.17 -17.69 -19.87 83.22 -3.65 2.62 -35.62 -0.66 -5.19 14.45 1.85 1.68 27.27 2.8 2.78 3.04 1.12 1.14 -11.82 -1.59 2.42 -13.99 2.12 2.7 -18.55 1.04 0.95 -3.82 0 -0 0 -88.56 -36.01 40.48 51.26 -53.49 -27.18 -0 -0 38.41 7.3 -28.71 -3.52 -7.12 0 -0 -13.62 1.77 13.59 0 -0 0 88.05 63.78 56.03 -41.01 48.65 -19.19 0 0 20 -49.08 -0.36 0.42 7.12 -0 -0 -17.63 -30.25 -6.63
35.64 24.37 -10.21 -30.3 -82.55 44.52 0 0 0 -8.77 -6.8 -14.67 0.52 4.6 12.77 0.34 0.56 10.8 0.01 0.77 2.12 0 0 0 21.3 16.44 -53.54 -16.7 -19.74 80.31 -3.78 0.32 -36.83 -0.33 -3.71 10.26 2.32 1.77 26.96 3.23 3.09 2.94 1.24 1.27 -11.78 -2.08 2.45 -15.43 2.03 2.81 -17.78 1.1 1.06 -3.31 -0 -0 0 -87.72 -31.74 42.18 64.28 -57.35 -37.93 -0 -0 35.85 15.64 -27.22 -7.3 -7.12 0 -0 -8.64 2.15 8.41 -0 -0 0 84.74 61.28 52.29 -41.19 48.76 -19.33 0 0 21.09 -49.32 -0.08 0.09 7.12 -0 -0 -17.73 -29.83 -6.86
35.49 24.65 -10.34 -19.49 -80.45 33.19 0 0 0 -9.22 -7.49 -16.04 1.05 6.52 18.29 0.04 4.06 4.26 0.01 0.75 2.07 0 0 0 21.94 13.83 -50.88 -15.55 -19.52 76.89 -3.88 1.96 -36.9 -0.53 -4.66 12.94 3.56 1.52 26.98 3.63 3.23 2.56 0.93 1.29 -12.18 -2.09 2.48 -15.39 1 2.86 -16.54 0.75 1.15 -2.85 -0 -0 0 -86.4 -28.16 40.23 83.21 -59.82 -54.12 -0 -0 32.97 18.12 -27.18 -8.5 -7.12 0 -0 -7.16 1.8 6.99 -0 -0 0 81.55 57.96 49.02 -41.98 49.2 -19.93 0 0 20.8 -48.95 -0.83 0.95 7.12 -0 -0 -17.65 -30.93 -6.34
35.38 24.97 -10.5 -19.76 -78.55 32.89 0 0 0 -8.08 -5.12 -20.67 2.31 9.48 27.32 -0.04 4.81 1.46 0.07 1.69 4.65 0 0 0 24.43 12.54 -47.7 -14.11 -19.15 72.55 -3.67 0.86 -36.13 -0.56 -4.79 13.31 5.09 2.02 26.81 4.14 4.38 2.45 0.22 1.74 -12.15 -1.94 2.32 -15.25 -0.22 2.6 -15.69 0.32 1.07 -2.55 -0 -0 0 -83.8 -26.9 36.75 101.23 -59.52 -69.71 -0 -0 27.99 27.11 -22.39 -11.04 -7.12 0 -0 -1.13 5.14 1.03 -0 -0 0 78.49 54.47 44.33 -42.82 49.66 -20.57 0 0 21.29 -48.17 -1.32 1.48 7.12 -0 -0 -17.17 -31.64 -5.84
35.27 25.29 -10.65 -15.88 -76.94 27.77 0 0 0 -7.96 -5.04 -23.85 4.22 12.45 37.34 -0.1 5.73 -3.75 1.23 7.02 19.78 0 0 0 25.64 10.41 -44.14 -12.63 -18.64 67.97 -3.37 -0.03 -34.85 -0.64 -5.11 14.22 5.27 1.38 27.48 3.85 3.56 2.87 0.07 1.35 -11.99 0.21 3.68 -16.39 -1.46 4.1 -14.09 -0.35 1.74 -1.77 -0 -0 0 -77.37 -27.01 26.13 115.3 -57.44 -81.72 -0 -0 27.46 32.16 -21.89 -13.19 -7.12 0 -0 2.08 4.6 -1.91 -0 -0 0 81.26 53.54 45.9 -41.92 49.17 -19.88 0 0 21.59 -48.27 -1.93 2.16 7.12 -0 -0 -17.4 -32.51 -5.54
35.17 25.58 -10.78 -14.7 -75.36 25.7 0 0 0 -7.14 -4.08 -28.34 6.83 15.18 48.21 0.06 4.46 -8.37 0.43 4.21 11.66 0 0 0 27.22 8.87 -40.81 -11.11 -17.99 63.15 -3.01 -2.44 -33.73 -0.53 -4.65 12.92 7.03 2.58 27.81 4.24 5.77 2.49 -1.3 2.25 -12.41 -1.93 1.63 -12.86 -0.45 1.72 -16.15 0.21 0.69 -3.08 -0 -0 0 -72.94 -28.5 19.62 123.88 -55.19 -88.86 -0 -0 26.89 35.17 -17.19 -11.76 -7.12 0 -0 4.72 9.31 -3.91 -0 -0 0 74.46 49.42 37.56 -42.07 49.25 -19.99 0 0 20.15 -49.09 -2.38 2.75 7.12 -0 -0 -18.17 -33.18 -5.5
35.06 25.88 -10.88 -13.38 -73.54 23.65 0 0 0 -6.22 -3.61 -33.16 9.9 17.35 59.15 0.28 1.71 -10.8 0.36 3.88 10.73 0 0 0 28.44 6.93 -37.79 -9.64 -17.2 58.28 -2.69 -3.24 -32.28 -0.68 -5.25 14.63 7.8 2.71 27.83 4.57 6.23 2.38 -1.52 2.42 -12.49 -2.57 1.26 -12.67 -0.04 1.38 -15.57 0.45 0.57 -2.92 -0 0 0 -67.21 -29.63 8.68 129.09 -53.36 -93.1 -0 -0 28.18 37.68 -15.13 -11.4 -7.12 0 -0 6.66 11.21 -5.28 -0 0 0 72.55 46.79 35.25 -41.7 49.05 -19.71 0 0 20.32 -48.91 -5.25 5.99 7.12 -0 -0 -18.82 -37.3 -3.73
34.97 26.18 -11.01 -10.79 -72.19 20.55 0 0 0 -5.82 -3.62 -37.74 13.12 18.83 69.51 0.54 -0.41 -13.8 1.27 7.14 20.12 0 0 0 28.94 5.74 -34.97 -8.32 -16.35 53.72 -2.2 -4.88 -30.12 -0.71 -5.39 15.03 7.5 2.98 28 4.63 6.5 2.49 -1.39 2.57 -12.46 -2.78 2 -13.91 -1.61 2.47 -12.35 0.02 1.17 -1.63 -0 -0 0 -58.47 -30.45 -6.12 130.24 -52.9 -94.02 -0 -0 26.81 34.06 -17.01 -11.19 -7.12 0 -0 4.03 9.75 -3.3 -0 -0 0 71.35 45.07 33.37 -41.46 48.91 -19.53 0 0 19.7 -49.04 -8.4 9.55 7.12 -0 -0 -19.86 -41.79 -1.64
34.89 26.46 -11.11 -10.98 -70.9 20.11 0 0 0 -4.49 -2.13 -42.86 16.3 19.67 79.13 0.81 -3.91 -16.13 0.26 3.31 9.14 0 0 0 30.14 4.07 -32.42 -7.09 -15.4 49.2 -1.9 -4.91 -28.18 -0.98 -6.31 17.7 8.22 3.54 28.12 4.35 7.38 2.75 -2.43 2.94 -12.03 -2.53 1.76 -12.91 -1.68 2.1 -13 -0.06 1 -1.99 0 0 0 -45.16 -32.05 -18.78 126.77 -54.22 -91.23 -0 -0 24.03 39.4 -9.74 -7.91 -7.12 0 -0 8.68 17.55 -5.72 0 0 0 70.08 43.25 29.49 -41.59 48.99 -19.63 0 0 19.06 -48.33 -9.64 10.66 7.12 -0 -0 -19.56 -43.41 -0.8
34.8 26.71 -11.2 -10.45 -69.58 18.96 0 0 0 -3.77 -1.06 -47.99 19.36 19.99 88.14 1 -6.26 -17.85 0.24 3.17 8.75 0 0 0 30.86 2.51 -29.98 -6.03 -14.45 45.09 -1.64 -4.97 -26.39 -1.36 -7.37 20.81 8.31 3.7 28.2 4.59 7.57 3.26 -2.25 3.06 -11.49 -4.05 1.63 -13.2 -1.38 2.15 -12.82 0.28 1.09 -1.91 0 -0 0 -35.08 -31.43 -30.52 119.09 -56.55 -84.9 -0 -0 26.86 43.97 -7.25 -6.94 -7.12 0 -0 12.25 20.07 -7.47 0 -0 0 68.59 41.88 27.36 -41.73 49.06 -19.74 0 0 18.39 -47.93 -9.35 10.21 7.12 -0 -0 -19.1 -42.95 -1.01
34.74 26.88 -11.28 -10.45 -67.26 18.55 0 0 0 -2.47 -0.95 -53.89 22.21 19.88 96.48 1.3 -7.96 -20.38 0.03 1.16 3.18 0 0 0 32.27 -0 -28.45 -5.01 -13.4 40.87 -1.12 -7.39 -23.95 -0.96 -6.23 17.46 8.78 3.32 28.45 5 7.29 3.27 -1.97 2.91 -11.62 -5.66 1.87 -12.3 -0.61 2.67 -13.39 0.8 1.43 -2.3 0 0 0 -26.27 -29.14 -39.72 109.39 -58.53 -76.71 -0 -0 27.99 42.9 -6.21 -5.74 -7.12 0 -0 11.7 21.6 -6.71 0 0 0 68.52 40.19 25.6 -42.67 49.58 -20.45 0 0 19.13 -47.21 -9.67 10.29 7.12 -0 -0 -18.5 -43.27 -0.82
34.67 27.05 -11.33 -9.49 -64.82 17.42 0 0 0 -2.08 -1.62 -59.52 24.47 19.51 103.17 1.56 -9.76 -22.43 0.01 0.59 1.62 0 0 0 32.99 -2.8 -27.58 -4.26 -12.5 37.52 -1.06 -6.76 -22.99 -1.44 -7.58 21.46 9.8 3.33 28.27 4.51 7.52 3.42 -3.14 2.99 -11.12 -4.9 1.35 -15.04 -1.87 2.22 -8.17 0.32 1.11 -0.14 -0 -0 0 -17.22 -28.7 -46.52 98.09 -59.75 -67 -0 -0 29.56 40.13 -4.56 -3.84 -7.12 0 -0 9.99 24.03 -5.13 -0 -0 0 67.92 37.91 21.61 -44.16 50.35 -21.59 0 0 18.46 -46.48 -9.82 10.19 7.12 -0 -0 -17.84 -43.35 -0.75
34.59 27.16 -11.42 -10.04 -62.76 17.43 0 0 0 -0.98 -0.95 -65.22 26.31 19.02 108.74 1.69 -12.56 -23.61 0.07 1.73 4.77 0 0 0 34.31 -4.88 -26.34 -3.65 -11.68 34.61 -0.99 -6.42 -22.21 -2.07 -9.01 25.83 9.74 2.85 28.68 5.1 6.98 3.54 -2.28 2.74 -11.35 -7.15 1.55 -14.23 -1.23 2.82 -7.77 0.92 1.48 -0.18 -0 -0 0 -11.34 -24.65 -51.59 85.9 -59.94 -56.45 -0 -0 28.56 36.75 -2.86 -2.14 -7.12 0 -0 7.71 26.39 -3.51 -0 -0 0 67.34 36.68 21.52 -44.79 50.66 -22.07 0 0 17.48 -46.73 -10.04 10.49 7.12 -0 -0 -18.13 -43.69 -0.61
34.5 27.26 -11.48 -10.58 -61 17.29 0 0 0 -0.3 -1.12 -70.15 27.57 18.56 112.67 1.87 -14.37 -25.06 0 -0.25 -0.69 0 0 0 35.61 -7.11 -24.87 -3.02 -10.73 31.39 -0.75 -7.43 -20.73 -2 -8.86 25.36 10.87 3.54 29.25 4.28 8.19 3.62 -4.28 3.24 -11.13 -5.96 0.73 -13.45 -0.37 1.56 -7.72 0.94 0.84 -0.25 0 0 0 -2.89 -26 -55.52 71.62 -58.68 -44.15 -0 -0 26.94 32.27 -0.9 -0.57 -7.12 0 -0 4.44 28.9 -1.75 0 0 0 67.22 33.64 16.03 -46.03 51.26 -23.04 0 0 18.09 -46.38 -8.76 9.08 7.12 -0 -0 -17.49 -41.89 -1.39
34.41 27.24 -11.53 -11.28 -59.32 17.32 0 0 0 0.09 0.21 -75.81 28.59 18.13 115.88 1.98 -16.4 -26.14 0.02 -0.95 -2.61 0 0 0 36.92 -8.85 -23.99 -2.65 -10.11 29.34 -0.51 -8.68 -19.39 -1.76 -8.35 23.77 10.9 3.62 29.57 4.6 8.31 3.99 -3.99 3.32 -10.89 -6.86 0.4 -13.07 -0.97 1.27 -6.39 0.89 0.69 0.12 0 0 0 1.69 -22.49 -57.44 60.27 -56.38 -34.56 -0 -0 23.91 27.29 1.89 0.97 -7.12 0 -0 0.57 32.11 -0.18 0 0 0 66.38 32.21 14.28 -46.76 51.6 -23.61 0 0 18.61 -46.37 -10.36 10.68 7.12 -0 -0 -17.87 -44.06 -0.43
34.3 27.37 -11.59 -11.43 -58.12 16.79 0 0 0 0.17 -1.97 -78.05 28.56 18.14 115.8 2.18 -16.54 -27.29 0.06 -1.56 -4.28 0 0 0 37.64 -10.08 -23.11 -2.47 -9.78 28.27 -0.33 -9.86 -18.56 -1.46 -7.63 21.59 11.07 3.5 29.62 4.33 8.11 4.47 -4.3 3.27 -10.3 -8.53 0.98 -14.69 0.04 2.57 -2.91 1.64 1.3 1.47 -0 -0 0 6.41 -19.89 -59.78 50.47 -53.18 -26.55 -0 -0 22.91 22.04 1.56 0.63 -7.12 0 -0 -3.64 31.65 1.19 -0 -0 0 67.08 31.02 13.33 -47.97 52.14 -24.56 0 0 18.33 -46.13 -11.1 11.33 7.12 -0 -0 -17.81 -45.01 0.01
34.19 27.44 -11.62 -11.63 -57.08 16.68 0 0 0 -0.15 -2.46 -80.69 28.05 18.37 114.18 2.17 -16.55 -27.25 0.1 -2.08 -5.71 0 0 0 38.33 -11.21 -20.98 -1.86 -8.57 24.46 -0.28 -9.75 -17.77 -2.24 -9.36 26.91 11.26 4.1 29.9 3.68 8.9 4.55 -5.41 3.64 -10.09 -6.34 0.27 -14.46 -2.29 1.48 0.34 0.46 0.59 2.6 -0 0 0 11.81 -20.89 -62.97 42.46 -49.46 -20.29 -0 -0 22.01 16.82 -0.85 -0.26 -7.12 0 -0 -7.6 29.06 2.98 -0 0 0 67.9 29.39 9.93 -48.7 52.46 -25.14 0 0 18.93 -45.36 -11.68 11.59 7.12 -0 -0 -17.19 -45.64 0.28
34.06 27.49 -11.63 -11.17 -56.33 15.95 0 0 0 -1.37 -2.59 -81.83 27.3 18.67 111.8 2.05 -17.22 -26.69 0.21 -2.97 -8.21 0 0 0 38.18 -11.01 -20.42 -1.95 -8.75 25.03 -0.37 -9.89 -18.96 -2.55 -9.93 28.76 10.55 4.27 29.62 3.65 8.82 4.79 -5 3.66 -9.79 -6.92 -0.11 -12.56 -3.81 1.11 2.59 0.04 0.28 3.04 0 -0 0 13.74 -19.56 -63.77 37.71 -46.65 -16.75 -0 -0 19.6 10.17 0.75 0.13 -7.12 0 -0 -12.94 30.59 4.66 0 -0 0 67.93 28.75 9.35 -47.43 51.91 -24.14 0 0 18.69 -45.45 -11.99 11.91 7.12 -0 -0 -17.34 -46.07 0.47
33.92 27.61 -11.64 -11.33 -55.65 15.62 0 0 0 -1.17 -4.51 -80.69 26.18 19.06 108.34 1.19 -19.73 -22.37 0 0.18 0.5 0 0 0 38.53 -11.22 -18.6 -1.68 -8.16 23.19 -0.19 -11.26 -18.53 -2.6 -10.02 29.03 10.76 4.24 29.35 2.92 8.68 5.14 -5.82 3.65 -9.1 -6.89 0.15 -13.48 -4.14 1.79 6.51 -0.05 0.43 4.13 -0 0 0 16.42 -19.32 -64.71 34.23 -44.25 -14.27 -0 -0 16.83 2.03 -0.01 -0 -7.12 0 -0 -19.05 29.66 7.51 -0 0 0 68.94 27.53 9.02 -48.22 52.25 -24.76 0 0 17.76 -46 -13.54 13.63 7.12 -0 -0 -18.27 -48.22 1.5
33.79 27.61 -11.62 -11.77 -54.62 15.61 0 0 0 -2.74 -4.14 -80.58 25.23 19.33 105.46 1.35 -13.24 -21.4 0.15 -2.53 -6.97 0 0 0 39.25 -12.41 -17.78 -1.51 -7.77 22.01 -0.09 -11.69 -17.8 -2.62 -10.05 29.15 10.25 4.33 29.29 3.19 8.66 5.3 -5.23 3.66 -9.03 -8.13 -0.53 -13.22 -4.9 1.33 9.29 -0.12 -0.01 4.97 -0 0 0 16.13 -19.03 -63.36 32.93 -43.28 -13.37 -0 -0 13.32 6.78 -2.09 -0.25 -7.12 0 -0 -15.15 27.76 6.56 -0 0 0 69.4 25.21 9.13 -50.03 53.01 -26.2 0 0 16.85 -45.38 -14.02 13.79 7.12 -0 -0 -17.73 -48.71 1.67
33.64 27.55 -11.61 -12.22 -53.4 16.11 0 0 0 -3.83 -3.19 -80.79 24.39 19.53 102.93 0.91 -9.7 -17.36 0.02 -0.97 -2.65 0 0 0 40.1 -12.52 -17.62 -1.48 -7.68 21.73 0.06 -13.03 -17.81 -2.28 -9.42 27.11 6.47 2.4 28.41 6.18 5.29 5.43 1.4 2.2 -9.6 -18.95 1.74 -11.18 -2.51 5.4 8.14 2.5 1.86 3.92 0 -0 0 8.11 -10.14 -59.58 35.28 -45.01 -15.01 -0 -0 11.65 11.43 -2.76 -0.56 -7.12 0 -0 -11.56 27.11 5.12 0 -0 0 65.41 27.56 18.63 -48.04 52.17 -24.61 0 0 14.6 -44.76 -14.45 13.9 7.12 -0 -0 -17.17 -49.14 1.8
33.47 27.59 -11.57 -11.83 -52.61 15.51 0 0 0 -4.91 -3.83 -78.29 23.27 19.74 99.61 0.87 -8.16 -16.8 0.14 2.39 6.58 0 0 0 40.25 -13.72 -15.55 -1.07 -6.58 18.47 0.28 -14.11 -16.37 -2.08 -9.02 25.86 9.29 4.42 28.46 2.19 8.31 5.34 -5.62 3.57 -8.59 -9.38 -1.01 -11.59 -3.58 0.6 9.89 0.43 -0.32 4.89 -0 0 0 18.72 -20.65 -65.86 35.72 -45.32 -15.32 -0 -0 14.64 11.9 -3.17 -0.67 -7.12 0 -0 -11.18 26.7 5.05 -0 0 0 68.79 19.4 12.5 -56.79 55.39 -31.68 0 0 10.89 -45.05 -18.61 17.73 7.12 -0 -0 -18.39 -54.51 4.41
33.31 27.57 -11.55 -12.6 -51.63 16.22 0 0 0 -5.06 -3.85 -76.4 22.3 19.87 96.75 0.84 -3.8 -16.49 0.45 -4.3 -11.92 0 0 0 41.19 -14.23 -15.62 -1.11 -6.68 18.78 0.21 -13.85 -17.07 -2.14 -9.16 26.29 9.16 4.85 27.98 1.46 8.73 5.22 -6.44 3.8 -8.32 -8.97 -1.37 -11.56 -2.93 -0.01 10.29 0.52 -0.57 5.02 0 -0 0 22.03 -23.08 -68.94 35.98 -45.5 -15.51 -0 -0 16.58 16.48 -4.24 -1.25 -7.12 0 -0 -7.65 25.56 3.63 0 -0 0 69.44 18.85 11.02 -56.07 55.17 -31.09 0 0 9.15 -42.75 -19.32 17 7.12 -0 -0 -15.78 -54.8 3.87
33.13 27.56 -11.49 -12.7 -50.78 16.63 0 0 0 -6.67 -3.34 -73.77 21.22 19.96 93.58 1.48 -8.03 -21.78 0.86 5.91 16.53 0 0 0 41.72 -14.63 -15.29 -1.03 -6.45 18.09 0.18 -13.94 -17.56 -2.19 -9.24 26.56 7.89 5.05 27.2 1.35 8.6 4.83 -5.77 3.76 -8.57 -9.54 -1.76 -11.46 -2.55 -0.46 11.02 0.7 -0.82 5.25 -0 -0 0 22.8 -25.04 -72.05 38.25 -47 -17.15 -0 -0 17.03 15.48 -6.14 -1.7 -7.12 0 -0 -8.31 23.62 4.33 -0 -0 0 69.58 16.05 11.62 -60.59 56.46 -34.83 0 0 7.75 -39.35 -24.92 19.06 7.12 -0 -0 -11.92 -60.58 4.57
32.95 27.58 -11.43 -13.28 -49.79 17.45 0 0 0 -7.38 -3.18 -71.76 20.74 19.99 92.16 2.36 -6.3 -27.82 0.2 2.87 7.92 0 0 0 42.54 -15.16 -13.98 -0.77 -5.59 15.6 0.27 -14.37 -17.12 -2.16 -9.19 26.4 6.25 5.31 26.22 2.13 8.56 4.47 -3.93 3.78 -8.87 -12.8 -1.31 -10.61 -1.7 0.45 11.34 1.55 -0.47 5.19 -0 0 0 21.74 -26.74 -72.99 40.31 -48.25 -18.67 -0 -0 18.24 16.96 -5.98 -1.82 -7.12 0 -0 -7.22 23.74 3.73 -0 0 0 67.8 13.81 11.63 -67.57 58.01 -40.7 0 0 7.13 -32.45 -28.82 17.04 7.12 -0 -0 -2.23 -63.07 0.98
32.77 27.6 -11.37 -12.61 -48.11 16.75 0 0 0 -5.98 -4.86 -70.41 20.73 19.99 92.13 2.39 -9.44 -27.8 0.14 2.41 6.65 0 0 0 42.59 -15.6 -12.95 -0.65 -5.18 14.41 0.43 -15.52 -16.83 -1.8 -8.43 24.03 5.67 5.67 26.31 1.1 8.78 4.3 -4.84 3.89 -9 -10.38 -2.6 -12.25 -1.42 -1.4 13.32 1.1 -1.33 6.16 -0 0 0 25.1 -30 -75.74 42.55 -49.51 -20.36 -0 -0 20.14 16.86 -5.71 -1.73 -7.12 0 -0 -7.31 24.02 3.73 -0 0 0 67.51 11.06 10.27 -81.54 59.73 -52.68 0 0 5.79 -34.15 -27.61 17.45 7.12 -0 -0 -4.79 -62.21 2.01
32.57 27.67 -11.28 -12.49 -46.8 16.7 0 0 0 -5.52 -5.41 -69.42 20.54 19.99 91.56 2.3 -10.95 -27.28 0.22 3.02 8.34 0 0 0 42.72 -14.89 -10.98 -0.47 -4.41 12.24 0.63 -17.25 -17.34 -1.91 -8.67 24.77 4.71 5.58 25.76 0.92 8.47 3.38 -4.42 3.73 -9.91 -10.57 -1.79 -9.44 -1.51 -0.64 13.13 1.18 -0.96 5.6 0 -0 0 24.28 -31.19 -73.97 46.39 -51.43 -23.32 -0 -0 21.04 15.15 -5.21 -1.41 -7.12 0 -0 -8.59 24.58 4.29 0 -0 0 65.92 7.87 10.36 -103.99 59.25 -72.08 0 0 8.47 -33.65 -23.17 14.68 7.12 -0 -0 -5.11 -57.12 1.52
32.37 27.9 -11.16 -12.31 -45.9 17.16 0 0 0 -5.88 -5.41 -67.28 19.6 20 88.84 2.51 -10.89 -28.52 0.09 1.94 5.34 0 0 0 42.5 -14.41 -6.1 -0.05 -1.37 3.77 1.64 -22.15 -11.68 -1.31 -7.26 20.5 4.05 5.2 24.55 0.65 7.74 3.29 -4.02 3.45 -9.5 -11.22 -1.58 -10.39 -1.16 -0.14 13.97 1.43 -0.77 6.01 0 0 0 22.32 -30.92 -72.55 51.6 -53.62 -27.45 -0 -0 21.04 13.32 -4.69 -1.11 -7.12 0 -0 -9.99 25.15 4.87 0 0 0 62.37 9.81 8.94 -123.72 55.23 -88.73 0 0 9.39 -31.78 -16.6 10.04 7.12 -0 -0 -3.93 -49.26 0.41
32.21 28.15 -11.02 -11.8 -45.08 17.03 0 0 0 -6.41 -5.72 -64.42 18.51 19.95 85.64 2.7 -11.4 -29.62 0.03 1.16 3.18 0 0 0 40.89 -11.7 -5.22 -0.07 -1.68 4.63 1.86 -23.3 -10.11 -1.85 -8.54 24.38 4.48 5.22 23.89 -1.12 7.67 3.26 -6.09 3.41 -8.87 -7.79 -1.93 -12.45 -1 -0.94 15.74 0.86 -1.01 6.93 -0 0 0 23.6 -33.37 -72.79 58.6 -55.93 -33.18 -0 -0 21.26 11.83 -4.26 -0.89 -7.12 0 -0 -11.13 25.6 5.32 -0 0 0 58.91 12.79 3.47 -136.93 49.79 -99.24 0 0 11.88 -35.88 -12.46 8.87 7.12 -0 -0 -8.07 -45.09 0.02
32.08 28.46 -10.91 -11.3 -44.48 16.92 0 0 0 -6.92 -5.97 -61.65 17.24 19.82 81.91 2.46 -12.78 -28.38 0.1 2.04 5.63 0 0 0 38.72 -8.59 -5.02 -0.13 -2.32 6.4 1.83 -23.98 -2.32 -1.34 -7.32 20.67 3.2 4.34 23.83 -0.84 6.28 2.35 -4.73 2.74 -10.2 -9.4 -0.97 -11.17 -0.69 0.49 16.47 1.36 -0.43 6.9 -0 -0 0 17.74 -32.8 -68.1 66.11 -57.73 -39.47 -0 -0 21.83 11.93 -4 -0.84 -7.12 0 -0 -11.07 25.87 5.23 -0 -0 0 50.32 17.02 -0.3 -143.43 45.9 -104.07 0 0 14.72 -41.75 -12.08 10.58 7.12 -0 -0 -13.7 -45.53 0.18
31.94 28.82 -10.76 -11.96 -44.19 16.05 0 0 0 -7.32 -4.78 -57.09 15.92 19.6 77.98 2.17 -14.41 -26.85 0.31 3.56 9.85 0 0 0 36.92 -6.14 -2.99 -0.23 -3.09 8.52 0.73 -20.47 7.51 -0.18 -2.74 7.55 1.83 4.04 24.42 0.5 5.73 1.97 -2.38 2.54 -11.3 -11.44 -0.1 -9.6 -0.93 1.88 17.48 1.73 0.04 6.89 -0 -0 0 10.59 -32.77 -63.22 74.1 -59.02 -46.28 -0 -0 22.32 12.16 -3.33 -0.72 -7.12 0 -0 -10.96 26.53 5 -0 -0 0 40.14 21.11 -6.34 -145.94 44.13 -105.85 0 0 17.13 -47.56 -10.33 11.1 7.12 -0 -0 -19.02 -44.23 -0.38
31.83 29.14 -10.67 -12.13 -43.04 15.06 0 0 0 -7.49 -5.13 -52.86 14.5 19.26 73.73 2.03 -14.7 -26.1 0.18 2.7 7.44 0 0 0 35.8 -3.57 -6.72 -1.37 -7.41 20.92 -0.12 -7.29 7.43 -0.01 -0.63 1.72 2.4 3.82 23.95 0.02 5.49 2.54 -3.09 2.42 -10.29 -9.75 -0.01 -10.12 -1.2 1.88 18.64 1.38 0.07 7.37 -0 0 0 8.69 -34.69 -61.59 82.61 -59.79 -53.61 -0 -0 21.21 10.21 -3.06 -0.55 -7.12 0 -0 -12.46 26.81 5.62 -0 0 0 32.82 23.58 -16 -146.47 43.73 -106.21 0 0 20.03 -49.79 -10.98 12.69 7.12 -0 -0 -21.43 -45.54 0.3
31.73 29.48 -10.59 -11.07 -41.64 12.93 0 0 0 -8.87 -5.4 -48.16 12.86 18.73 68.7 1.86 -13.97 -24.92 0.06 1.58 4.35 0 0 0 34.27 -1.89 -10.35 -3.41 -11.33 33.4 -0.1 1.46 6.59 -0.29 3.44 -9.51 2.68 2.71 23.95 -0.79 4.03 2.76 -3.68 1.72 -10.04 -8.56 0.87 -9.18 -1.35 2.83 20.15 1.23 0.53 7.66 -0 0 0 5.94 -34.29 -57.82 87.74 -59.98 -58.04 -0 -0 23.12 11.37 -3.3 -0.66 -7.12 0 -0 -11.56 26.57 5.27 -0 0 0 27.62 26.29 -21.23 -144.99 44.82 -105.18 0 0 22.57 -45.54 -14.97 14.75 7.12 -0 -0 -18.12 -49.98 2.29
31.62 29.82 -10.53 -10.52 -39.47 11.36 0 0 0 -9.63 -5.53 -44.03 11.39 18.12 64.04 1.6 -14.36 -23.38 0.03 1.02 2.81 0 0 0 33.63 -0.4 -13.6 -6.25 -14.67 45.99 0 2.98 3.97 -0.38 3.97 -11 1.33 2.71 24.26 0.12 3.79 2.86 -1.85 1.67 -10.27 -8.12 1.05 -8.7 -2.37 3.22 21.84 0.86 0.57 8.16 -0 0 0 1.48 -36.21 -53.86 92.21 -59.98 -61.92 -0 -0 23.69 12.51 -3.42 -0.76 -7.12 0 -0 -10.69 26.45 4.89 -0 0 0 22.03 26.7 -25.01 -142.39 46.59 -103.32 0 0 24.01 -38.51 -19.02 14.53 7.12 -0 -0 -10.9 -53.42 2.28
31.49 30.1 -10.54 -10.97 -37.77 10.36 0 0 0 -9.32 -4.07 -40.7 10.07 17.45 59.72 1.3 -15.11 -21.54 0 0.41 1.11 0 0 0 34.38 0.84 -16.53 -9.54 -17.14 57.94 -0.05 3.2 -4.11 -0.54 4.73 -13.13 1.94 2.41 24.69 -0.67 3.46 3.01 -2.99 1.48 -10.25 -4.6 1.66 -8.19 -3.15 3.66 23.31 0.06 0.94 8.6 -0 -0 0 1 -37.32 -50.83 95.61 -59.88 -64.86 -0 -0 25.52 12.94 -2.89 -0.66 -7.12 0 -0 -10.41 26.97 4.63 -0 -0 0 23.2 27.62 -27.05 -140.14 47.99 -101.67 0 0 25.25 -28.29 -23.44 12.09 7.12 -0 -0 0.97 -56.19 -0.27
31.34 30.44 -10.47 -7.92 -35.93 7.1 0 0 0 -12.47 -3.49 -35.67 8.46 16.45 54.21 1.04 -16.11 -20.01 0 -0.34 -0.92 0 0 0 31.57 -0.49 -18.64 -12.56 -18.62 67.75 -0.46 2.88 -12.11 -0.31 3.57 -9.88 -0.68 1.93 24.33 -1.1 2.1 3.57 -1.49 0.94 -9.59 -4.54 2.24 -7.51 -3.33 4.47 24.58 0.06 1.26 8.92 0 -0 0 -1.06 -36.26 -47.86 98.63 -59.72 -67.47 -0 -0 26.19 11.83 -1.74 -0.37 -7.12 0 -0 -11.36 28.13 4.75 0 -0 0 24.33 30.17 -26.95 -137.38 49.55 -99.59 0 0 24.26 -18.67 -30.81 9.82 7.12 -0 -0 15.29 -61.52 -6.23
31.23 30.73 -10.45 -7.7 -33.38 6.49 0 0 0 -12.85 -2.8 -32.46 6.88 15.23 48.44 0.48 -17.55 -16.46 0 0.29 0.81 0 0 0 31.59 -1.51 -20.88 -14.2 -19.17 72.82 -0.82 -1.44 -17.69 -0.16 2.59 -7.13 -1.11 1.07 24.21 -0.99 0.9 3.69 -0.73 0.4 -9.42 -5.1 2.48 -7.77 -2.55 4.8 26.24 0.46 1.36 9.52 0 -0 0 -1.39 -35.4 -47.07 101.25 -59.52 -69.73 -0 -0 25.95 6.13 -1.23 -0.13 -7.12 0 -0 -15.76 28.58 6.53 0 -0 0 28.03 31.54 -24.94 -135.01 50.76 -97.77 0 0 21.91 -12.55 -35.73 7.41 7.12 -0 -0 26.59 -64.47 -12.97
31.11 30.96 -10.44 -7.85 -31.53 6.42 0 0 0 -12.79 -2.11 -30.26 5.77 14.2 44.03 0.07 -18.33 -13.49 0.01 0.49 1.34 0 0 0 32.03 -1.95 -21.82 -14.25 -19.19 72.98 -1.15 -6.2 -23.35 -0 -0.28 0.78 -1.47 1.1 24.17 -0.79 0.86 3.54 -0.29 0.4 -9.57 -5.7 2.38 -6.62 -1.71 4.47 26.64 0.81 1.24 9.41 -0 0 0 0.42 -36.51 -47.55 101.22 -59.52 -69.7 -0 -0 23.37 -1.87 -1.78 0.06 -7.12 0 -0 -21.59 27.89 9.63 -0 0 0 32.17 30.55 -23.65 -133.32 51.56 -96.45 0 0 20.44 -5.67 -38.86 3.56 7.12 -0 -0 37.76 -65.13 -19.64
31.04 31.13 -10.42 -7.68 -29.23 6.49 0 0 0 -12.97 -2.47 -28.97 5.09 13.49 41.22 -0.01 -19.66 -13.74 0.04 1.22 3.37 0 0 0 31.97 -2.85 -21.86 -12.55 -18.62 67.73 -1.49 -9.8 -28.43 -0.15 -2.52 6.94 -1.66 0.54 22.88 -0.52 0.16 4.01 0.34 0.07 -8.37 -6.56 2.62 -6.11 -1.23 4.76 26.31 1.13 1.35 9.16 0 0 0 2.48 -35.9 -48.88 98.55 -59.72 -67.4 -0 -0 24.89 -7.31 -4.63 0.59 -7.12 0 -0 -24.84 25.09 13.18 0 0 0 35.45 30.73 -22.7 -132.36 52 -95.7 0 0 18.35 -0.02 -41.53 0.01 7.12 -0 -0 47.28 -65.45 -25.87
30.97 31.19 -10.42 -8.69 -27.65 7.19 0 0 0 -11.74 -3.18 -28.7 4.83 13.19 40.07 -0.48 -20.95 -10.56 0.55 4.74 13.16 0 0 0 32.89 -2.5 -20.57 -10.14 -17.49 59.95 -1.62 -11.88 -30.88 -0.2 -2.87 7.92 -1.54 2.85 23.92 0.32 3.26 3.68 0.21 1.55 -9.37 -3.5 0.5 -7.11 -2.47 1.8 27.75 -0.09 0.13 9.97 -0 0 0 4.93 -42.36 -48.14 92.47 -59.98 -62.14 -0 -0 23.68 -7.28 -5.57 0.71 -7.12 0 -0 -24.63 24.24 13.6 -0 0 0 37.03 24.28 -26.49 -131.98 52.17 -95.4 0 0 17.79 4.79 -42.46 -3.24 7.12 -0 -0 53.15 -64.66 -28.95
30.92 31.22 -10.41 -8.34 -25.96 7.05 0 0 0 -12.01 -4.36 -28.22 4.7 13.04 39.51 -0.69 -20.55 -8.05 0.22 3.04 8.39 0 0 0 32.17 -2.62 -18.69 -7.94 -16.07 52.34 -1.71 -10.78 -30.62 -0.1 -2.08 5.73 -1.11 2.52 21.56 0.42 2.97 5 0.3 1.41 -6.65 -3.96 0.56 -6.39 -2.46 1.89 26.15 0 0.18 9.26 -0 0 0 6.01 -41.66 -47.26 86.52 -59.95 -56.98 -0 -0 19.47 -10.23 -5.67 1.02 -7.12 0 -0 -26.58 24.04 15.08 -0 0 0 39.21 24.36 -27 -132.09 52.12 -95.48 0 0 18.88 8.97 -40.51 -5.86 7.12 -0 -0 53.86 -62.28 -26.56
30.89 31.2 -10.43 -8.82 -24.31 7.75 0 0 0 -11.24 -5.26 -29.33 4.86 13.23 40.22 -0.7 -21.1 -8.52 0.05 1.4 3.86 0 0 0 32.51 -2.22 -17.09 -6.13 -14.55 45.51 -1.2 -10.99 -27.33 -0 -0.26 0.72 0.51 1.83 20.21 0.44 2.42 5.22 -0.41 1.13 -5.63 -4.49 1.02 -5.14 -2.29 2.45 25.23 0.2 0.45 8.69 0 -0 0 5.04 -40.45 -44.78 86.56 -59.96 -57.02 -0 -0 15.79 -11.49 -5.17 1.05 -7.12 0 -0 -27.51 24.43 15.46 0 -0 0 41.94 24 -25.86 -133 51.71 -96.2 0 0 20.63 8.37 -39.56 -5.35 7.12 -0 -0 51.99 -61.82 -24.81
30.83 31.19 -10.48 -8.75 -22.12 7.61 0 0 0 -11.06 -6.04 -30.33 5.17 13.57 41.54 -0.88 -22.01 -7.7 0.08 1.81 4.97 0 0 0 32.75 -2.77 -14.4 -4.64 -12.97 39.25 -0.71 -13.14 -25.59 -0.11 2.09 -5.76 0.94 2.13 20.21 0.72 2.93 5.24 -0.47 1.38 -5.6 -1.78 0.57 -6.78 -3.73 1.95 27.64 -0.81 0.26 9.89 -0 0 0 4.73 -43.1 -43.58 87.91 -59.98 -58.19 -0 -0 12.47 -16.24 -2.71 0.79 -7.12 0 -0 -31.17 26.33 16.56 -0 0 0 43.63 21.4 -27.49 -133.52 51.47 -96.61 0 0 20.78 6.38 -39.84 -4.1 7.12 -0 -0 50.6 -62.53 -24.78
30.78 31.15 -10.56 -8.9 -19.46 7.86 0 0 0 -10.84 -5.79 -32.71 5.57 14 43.23 -1.12 -22.54 -5.78 0.12 2.24 6.16 0 0 0 33.75 -4.41 -13.06 -3.75 -11.82 35.11 -0.87 -13.69 -27.33 -0.21 2.94 -8.11 1.77 2.07 20.48 1.04 3.07 4.91 -0.65 1.44 -6.07 -1.25 0.19 -6.49 -3.61 1.32 27.86 -0.93 0.05 9.9 0 0 0 6.01 -46.25 -44.16 84.52 -59.89 -55.25 -0 -0 10.99 -19.53 -1.85 0.66 -7.12 0 -0 -33.45 26.81 17.81 0 0 0 44.4 18.61 -29.47 -132.23 52.06 -95.59 0 0 18.46 -0.87 -39.25 0.55 7.12 -0 -0 43.03 -64.08 -21.81
30.78 31.12 -10.61 -9.53 -17.64 7.96 0 0 0 -10.78 -4.87 -34.49 6.06 14.49 45.22 -0.51 -19.28 -8.66 0 -0.29 -0.8 0 0 0 34.93 -7.23 -12.64 -3.12 -10.89 31.91 -1.16 -12.5 -28.36 -0.04 1.21 -3.34 3.04 2.96 21.62 1.53 4.57 4.61 -1.29 2.13 -6.9 1.2 -0.85 -8.36 -4.91 -0.12 29.6 -2.01 -0.52 10.88 -0 0 0 7.39 -51.22 -44.9 82.15 -59.77 -53.21 -0 -0 10.08 -20.27 -1.36 0.5 -7.12 0 -0 -34.04 27.17 17.91 -0 0 0 44.26 14.66 -34.18 -130.85 52.65 -94.5 0 0 18.07 -2.52 -34.61 1.43 7.12 -0 -0 35.66 -60.94 -14.93
30.79 31.1 -10.65 -11.49 -16.55 8.79 0 0 0 -9.68 -3.26 -36.51 6.54 14.94 47.13 0.16 -14.24 -11.74 0.02 -0.85 -2.35 0 0 0 37.42 -7.86 -12.19 -2.69 -10.17 29.53 -1.37 -11.83 -29.19 -0.01 -0.75 2.05 5.67 2.77 21.84 2.04 4.99 4.36 -2.35 2.27 -7.09 0.8 -0.99 -7.73 -4.57 -0.34 28.92 -1.82 -0.61 10.49 -0 0 0 7.27 -52.64 -44.61 80.85 -59.68 -52.08 -0 -0 9.55 -17.7 -1.59 0.51 -7.12 0 -0 -32.41 27.21 16.64 -0 0 0 44.37 13.31 -35.04 -129.97 53.01 -93.8 0 0 19.78 -8.32 -33.33 4.59 7.12 -0 -0 28.52 -61.29 -11.85
30.78 31.12 -10.64 -11.03 -14.96 8.63 0 0 0 -11.48 -2.13 -36.8 6.43 14.83 46.69 0.45 -10.99 -13.32 0.13 -2.31 -6.37 0 0 0 37.53 -8.19 -11.87 -2.48 -9.81 28.36 -1.58 -11.98 -30.72 -0.15 -2.46 6.79 6 3.05 22.35 2.06 5.49 4.06 -2.7 2.48 -7.62 1.58 -1.48 -7.73 -4.74 -1.13 28.8 -2.09 -0.89 10.41 -0 0 0 7.1 -55.19 -44.13 81.59 -59.73 -52.72 -0 -0 9.45 -16.96 -1.66 0.51 -7.12 0 -0 -31.92 27.21 16.3 -0 0 0 44.34 10.79 -37.24 -130.25 52.89 -94.03 0 0 20.27 -10.6 -32.09 5.68 7.12 -0 -0 25 -60.75 -9.96
30.78 31.17 -10.62 -10.28 -13.05 8.49 0 0 0 -13 -2.23 -36.46 6.07 14.5 45.26 0.34 -11.01 -12.06 0.01 -0.65 -1.8 0 0 0 37.29 -8.2 -11.52 -2.28 -9.43 27.15 -1.42 -13.66 -31.08 -0.14 -2.38 6.56 6.51 2.39 21.94 1.85 4.7 4.04 -2.97 2.1 -7.42 1.82 -1.26 -6.89 -4.98 -0.79 28.15 -2.16 -0.73 10.01 -0 -0 0 6.43 -55.54 -43.57 83 -59.81 -53.94 -0 -0 8.78 -19.05 -0.34 0.12 -7.12 0 -0 -33.62 28.18 16.56 -0 -0 0 44.63 10.55 -38.03 -129.77 53.09 -93.64 0 0 22.93 -10.52 -27.97 4.98 7.12 -0 -0 21.87 -56.99 -6.64
30.82 31.26 -10.52 -9.67 -11.15 8.46 0 0 0 -14.39 -2.9 -35.62 5.65 14.08 43.56 0.19 -11 -10.31 0.01 0.5 1.36 0 0 0 36.54 -8.88 -11.8 -2.25 -9.36 26.92 -1.14 -14.29 -29.79 -0.09 -1.93 5.32 7.38 2.23 21.26 1.78 4.63 4.14 -3.47 2.08 -6.89 2.78 -1.75 -7.13 -5.87 -1.4 28.55 -2.71 -1 10.16 0 -0 0 4.93 -57.41 -42 84.66 -59.89 -55.38 -0 -0 9.8 -16.73 -0.85 0.25 -7.12 0 -0 -32.02 27.95 15.67 0 -0 0 44.71 9.07 -40.57 -130.44 52.82 -94.18 0 0 24.08 -10.48 -26.23 4.67 7.12 -0 -0 20.78 -55.36 -5.46
30.85 31.34 -10.41 -8.92 -10.2 8.24 0 0 0 -15.65 -2.88 -34.23 5.18 13.58 41.6 0.06 -11.26 -8.8 0.13 2.31 6.37 0 0 0 35.28 -8.92 -12.62 -2.53 -9.9 28.64 -0.69 -15.17 -27.53 -0 -0.27 0.75 7.52 2.69 21.36 1.71 5.27 4.12 -3.79 2.39 -6.87 3.11 -2.5 -6.76 -6.07 -2.43 28.36 -2.93 -1.45 9.95 -0 0 0 2.98 -59.41 -39.75 86.82 -59.96 -57.24 -0 -0 10.09 -14.99 -1.29 0.34 -7.12 0 -0 -30.77 27.7 15.07 -0 0 0 45.06 6.48 -43.48 -133.06 51.69 -96.25 0 0 23 -10.04 -27.11 4.61 7.12 -0 -0 21.77 -56.09 -6.13
30.91 31.41 -10.21 -8.73 -10.6 7.33 0 0 0 -16.52 -2.01 -31.23 4.63 12.95 39.19 0.09 -11.16 -9.05 0.05 1.49 4.1 0 0 0 33.73 -8.41 -12.3 -3.05 -10.78 31.55 -0.43 -14.92 -25.24 -0.04 1.26 -3.45 8.13 3.62 22.21 1.59 6.68 4.12 -4.67 3.04 -7.07 4.81 -3.24 -7.24 -7.28 -3.42 29.43 -3.8 -1.84 10.3 0 -0 0 0.54 -62.05 -36.4 88.68 -59.99 -58.86 -0 -0 8.91 -13.41 -0.86 0.21 -7.12 0 -0 -29.85 28.19 14.05 0 -0 0 46.09 3.49 -45.86 -135.74 50.4 -98.33 0 0 22.26 -8.95 -29.67 4.46 7.12 -0 -0 24.69 -58.21 -8.3
30.95 31.45 -10.07 -7.71 -9.65 7.24 0 0 0 -18.21 -1.31 -29.51 4 12.16 36.31 -0.1 -12.09 -7.09 0.31 3.56 9.84 0 0 0 31.73 -6.97 -14.52 -4 -12.17 36.32 0.88 -18.93 -17.37 -1.05 6.52 -18.3 8.78 3.38 22.32 0.91 6.53 3.39 -5.79 2.88 -7.8 5.02 -3.34 -6.37 -7.37 -3.49 30.39 -3.89 -1.84 10.48 0 -0 0 -2.85 -62.23 -31.56 90.23 -60 -60.2 -0 -0 8.38 -13.02 -0.93 0.21 -7.12 0 -0 -29.57 28.16 13.91 0 -0 0 47.44 1.55 -46.49 -138.08 49.17 -100.12 0 0 21.31 -7.29 -31.31 3.8 7.12 -0 -0 27.7 -59.29 -10.15
30.99 31.55 -9.92 -5.64 -8.62 6.38 0 0 0 -21.16 -0.9 -26.43 3.25 11.08 32.56 -0.22 -12.29 -5.26 0.88 5.99 16.76 0 0 0 27.81 -3.81 -17.14 -5.88 -14.31 44.5 0.34 -14.8 -16.8 -0.09 1.93 -5.32 9.12 2.64 21.02 0 5.41 3.8 -6.56 2.42 -6.69 3.91 -3.31 -3.98 -7.04 -3.3 29.2 -3.44 -1.82 9.62 -0 -0 0 -3.46 -60.98 -29.83 90.33 -60 -60.28 -0 -0 7.77 -10.28 -0.88 0.16 -7.12 0 -0 -27.73 28.37 12.64 -0 -0 0 48.39 1.58 -46.82 -139.94 48.11 -101.51 0 0 21.1 -5.13 -31.82 2.71 7.12 -0 -0 30.31 -59.24 -11.18
31 31.59 -9.82 -4.77 -6.96 5.58 0 0 0 -22.54 -0.86 -24.13 2.82 10.4 30.29 -0.34 -12.77 -3.46 1.21 6.97 19.62 0 0 0 25.72 0.44 -19.91 -8.28 -16.32 53.55 0.16 -11.85 -14.49 -0.09 -1.96 5.39 9.3 2.37 22.15 -0.13 5.22 3.59 -6.87 2.27 -7.53 4.63 -3.49 -4.29 -8.17 -3.33 30.02 -4.01 -1.87 9.93 -0 0 0 -5.07 -61.66 -27.63 90.06 -60 -60.05 -0 -0 7.92 -8.61 -2.47 0.37 -7.12 0 -0 -26.2 27.01 12.73 -0 0 0 49.64 -0.51 -48.28 -141.86 46.93 -102.93 0 0 20.36 -6.5 -32.69 3.52 7.12 -0 -0 29.75 -60.31 -11.72
30.97 31.64 -9.73 -3.15 -4.67 4.66 0 0 0 -24.61 -1.05 -21.13 2.3 9.46 27.24 -0.46 -13.56 -1.88 0.99 6.33 17.74 0 0 0 23.01 5.38 -22.64 -11.23 -18.05 63.53 -0.15 -10.66 -17.28 -0.03 -1.15 3.15 8.79 2.21 22.19 -0.39 4.86 3.95 -6.76 2.14 -7.23 4.62 -3.99 -4.24 -8.35 -3.96 30.11 -4.13 -2.16 9.9 -0 -0 0 -5.96 -62.95 -26.59 89.47 -60 -59.54 -0 -0 7.22 -5.77 -3.95 0.4 -7.12 0 -0 -23.92 25.77 12.18 -0 -0 0 51.74 -2.64 -50.39 -144.62 45.08 -104.92 0 0 20.61 -5.12 -33.28 2.81 7.12 -0 -0 31.71 -60.48 -12.71
30.9 31.62 -9.64 -1.5 -1.71 3.76 0 0 0 -26.39 -2.01 -18.19 1.95 8.77 25.07 -0.57 -14.38 -0.76 1.63 8.04 22.85 0 0 0 20.57 10.21 -25.79 -14.64 -19.3 74.16 -0.41 -8.15 -17.74 -0.85 -5.89 16.48 7.94 2.09 23.25 -0.52 4.59 4 -6.44 1.99 -7.84 5.7 -4.46 -5.35 -9.96 -4.32 31.39 -5.03 -2.37 10.47 -0 0 0 -7.41 -64.86 -24.9 89.05 -60 -59.17 -0 -0 6.11 -2.89 -5.92 0.3 -7.12 0 -0 -21.56 24.01 11.74 -0 0 0 54.08 -3.68 -54.04 -147.54 42.91 -106.95 0 0 21.59 -4.69 -32.5 2.52 7.12 -0 -0 31.38 -59.72 -11.98
30.83 31.69 -9.54 -0 1.31 3.66 0 0 0 -28.08 -2.34 -15.23 1.4 7.48 21.14 -0.71 -15.01 2.26 2.24 9.35 26.91 0 0 0 17.87 14.27 -29.54 -17.83 -19.89 83.65 -0.75 -6.6 -20.04 -1.54 -7.83 22.2 8.25 1.49 21.7 -1.02 3.7 4.31 -6.82 1.64 -6.77 4.72 -4.69 -3.53 -9.58 -4.46 31.48 -4.67 -2.47 10.18 -0 0 0 -8.03 -65.52 -23.82 88.71 -59.99 -58.89 -0 -0 4.22 -2 -7.62 0.27 -7.12 0 -0 -20.67 22.43 12 -0 0 0 58.01 -4.88 -55.69 -151.54 39.54 -109.58 0 0 22.75 -7.14 -31.43 3.74 7.12 -0 -0 27.95 -59.36 -10.29
30.75 31.77 -9.42 1.13 3.89 3.43 0 0 0 -29.17 -1.37 -12.12 0.89 6 16.79 -0.94 -16.9 4.73 2.09 9.05 25.94 0 0 0 15.5 18.66 -32.5 -20.43 -20 91.26 -1.21 -4.58 -22.93 -0.32 -3.62 10 8.14 1.31 21.49 -1.24 3.42 4.43 -6.91 1.52 -6.56 5.09 -5.22 -2.99 -10.39 -4.96 32.02 -5.06 -2.71 10.19 0 -0 0 -8.61 -65.94 -22.21 88.33 -59.99 -58.55 -0 -0 3.39 -0.05 -10.39 0.01 -7.12 0 -0 -18.98 19.82 12.09 0 -0 0 62.18 -6.02 -57.45 -155.29 35.91 -111.88 0 0 23.81 -9.86 -30.12 4.99 7.12 -0 -0 24.11 -58.81 -8.45
30.67 31.73 -9.33 2.7 6.06 3.61 0 0 0 -30.5 0.08 -11.39 0.72 5.42 15.12 -1.27 -19.5 8.07 2.28 9.42 27.12 0 0 0 13.27 20.4 -35.66 -22.25 -19.88 96.59 -1.31 -0.88 -21.99 -0.16 2.57 -7.07 8.09 0.94 20.5 -1.87 2.8 4.61 -7.36 1.27 -5.92 4.58 -5.52 -0.57 -10.56 -5.19 30.96 -4.88 -2.85 9.32 0 -0 0 -8.14 -64.92 -21.07 88.84 -59.99 -59 -0 -0 1.45 1.14 -11.69 -0.23 -7.12 0 -0 -18.03 18.57 11.96 0 -0 0 66.96 -6.79 -55.37 -157.66 33.36 -113.23 0 0 22.31 -23.28 -30.65 12.37 7.12 -0 -0 9.93 -62.53 -4.25
30.61 31.85 -9.22 3.64 7.72 3.65 0 0 0 -31.17 1.31 -8.31 0.32 3.61 9.98 -1.15 -19.22 12.76 2.79 10.35 30.12 0 0 0 11.19 23.3 -39.74 -23.69 -19.67 100.86 -1.74 3.93 -23.99 -0 -0.44 1.2 7.26 1.39 21.09 -1.68 3.26 4.64 -6.82 1.49 -6.17 5.97 -6.2 -0.6 -12.17 -5.84 31 -5.72 -3.14 9.14 -0 0 0 -8.32 -65.68 -20.29 89.6 -60 -59.66 -0 -0 0.15 2.24 -12.67 -0.49 -7.12 0 -0 -17.21 17.62 11.74 -0 0 0 73.08 -8.55 -48.48 -157.7 33.32 -113.25 0 0 21.45 -44.14 -24.11 21.62 7.12 -0 -0 -18.33 -61 7.28
30.57 31.81 -9.13 4.83 8.49 3.53 0 0 0 -32.29 2.47 -3.47 0.01 0.72 1.98 -0.66 -17.11 16.54 2.69 10.18 29.55 0 0 0 9.72 24.66 -42.29 -24.5 -19.51 103.26 -1.7 -1.38 -25.21 -0.17 2.63 -7.24 6.9 1.47 21.62 -2.02 3.3 4.79 -7.03 1.52 -6.28 4.93 -6.09 -0.56 -11.18 -5.76 31.66 -5.23 -3.1 9.47 -0 -0 0 -7.51 -65.63 -20.59 89.95 -60 -59.96 -0 0 -1.05 2.1 -13.66 -0.5 -7.12 0 -0 -17.21 16.67 12.11 -0 -0 0 78.56 -9.77 -36.61 -156.98 34.11 -112.85 0 0 22.4 -52.23 -13.77 17.08 7.12 -0 -0 -25.18 -50.02 3.3
30.5 31.77 -9.05 5.7 9.21 3.44 0 0 0 -32.74 1.64 -4.36 0.08 1.84 5.07 -0.86 -18.18 15.69 2.94 10.6 30.95 0 0 0 7.97 26.32 -46.05 -25.07 -19.37 104.98 -1.82 -1.92 -26.25 -0.18 2.74 -7.55 6.69 1.67 21.63 -2.32 3.49 5.01 -7.26 1.64 -6 5.01 -6.28 -0.18 -11.31 -5.95 31.89 -5.29 -3.17 9.46 0 -0 0 -7.21 -65.92 -20.28 89.97 -60 -59.98 -0 0 -0.52 4.61 -14.78 -1.18 -7.12 0 -0 -15.47 15.49 11.2 0 -0 0 82.87 -11.21 -20.39 -155.08 36.12 -111.76 0 0 22.58 -44.27 -11.29 10.8 7.12 -0 -0 -16.03 -44.93 -0.03
30.45 31.76 -8.98 5.99 10.02 3.31 0 0 0 -32.96 2.22 -1.07 0 -0 -0 -0.48 -16.52 18.06 3.05 10.77 31.52 0 0 0 6.43 27.89 -49.15 -24.86 -19.42 104.35 -1.59 1.64 -23.35 -0.75 -5.54 15.47 7.41 1.68 21.33 -2.62 3.63 5.24 -8.02 1.74 -5.49 4.32 -6.72 1.64 -10.73 -6.59 30.9 -4.85 -3.45 8.77 0 -0 0 -6.97 -66.4 -20.34 90.77 -60 -60.67 -0 0 -1.44 4.19 -15.31 -1.11 -7.12 0 -0 -15.71 15.01 11.56 0 -0 0 84.68 -10.92 -7.7 -149.42 41.38 -108.21 0 0 19.78 -34.75 -11.09 7.6 7.12 -0 -0 -6.98 -43.29 -0.3
30.4 31.74 -8.92 6.32 11.12 3.12 0 0 0 -33.03 0.87 -2.4 0.06 1.63 4.47 -0.83 -18.12 16.19 3.18 10.99 32.23 0 0 0 4.51 29.23 -51.73 -24.2 -19.57 102.36 -1.36 7.23 -20.84 -0.01 -0.59 1.63 7.79 1.7 21.88 -2.68 3.77 5.51 -8.37 1.82 -5.43 4.4 -7.36 2.75 -11.33 -7.32 29.93 -4.98 -3.81 8.13 0 -0 0 -5.67 -67.76 -21.86 91.1 -60 -60.95 -0 0 -1.75 2.99 -14.88 -0.77 -7.12 0 -0 -16.53 15.47 12.04 0 -0 0 84.48 -10.64 1.06 -139.65 48.28 -101.3 0 0 18.23 -33.03 -12.4 7.95 7.12 -0 -0 -5.37 -44.6 -0.05
30.33 31.74 -8.86 6.01 11.44 2.61 0 0 0 -32.49 0.66 -3.03 0.16 2.61 7.18 -1.2 -19.85 13.93 2.79 10.34 30.1 0 0 0 3.31 31.59 -54.11 -22.99 -19.78 98.77 -0.21 16.52 -13.58 -0.11 -2.16 5.95 8.68 2.17 22.24 -2.74 4.6 5.84 -9.15 2.27 -5 4.22 -8 5.12 -10.95 -8.2 28.94 -4.67 -4.15 7.34 -0 0 0 -4.22 -69.01 -22.48 91.96 -59.99 -61.7 -0 0 -2.38 4.07 -15.02 -1.06 -7.12 0 -0 -15.81 15.29 11.54 -0 0 0 82.46 -7.94 6.99 -121.93 55.77 -87.26 0 0 19.72 -33.63 -13.48 8.82 7.12 -0 -0 -5.92 -45.96 0.14
30.25 31.69 -8.77 6.53 13.24 2.16 0 0 0 -32.73 -0.77 -2.74 0.3 3.51 9.71 -1.46 -21.15 12.22 2.43 9.7 28.02 0 0 0 2.87 30.8 -55.42 -21.67 -19.93 94.88 0.92 21.42 -6.56 -0.65 -5.17 14.39 8.01 2.39 22.97 -2.41 4.81 6.42 -8.48 2.41 -4.79 3.6 -8.83 6.82 -10.79 -9.34 27.4 -4.37 -4.68 6.51 -0 -0 0 -0.81 -70.08 -25.35 92.38 -59.98 -62.06 -0 0 -3.07 4.55 -14.53 -1.14 -7.12 0 -0 -15.53 15.75 11.15 -0 -0 0 78.81 -5.98 10.47 -100.86 59.55 -69.39 0 0 19.14 -35.05 -11.32 7.84 7.12 -0 -0 -7.27 -43.6 -0.25
30.15 31.62 -8.67 6.18 15.1 1.33 0 0 0 -32.11 -3.69 -3.17 0.7 5.36 14.94 -1.63 -21.88 8.52 2.53 9.88 28.6 0 0 0 4.7 29.32 -56.1 -20.35 -20 91.02 1.15 21.54 -3.76 -1.19 -6.91 19.45 8.67 2.81 23.22 -2.36 5.52 6.75 -8.96 2.81 -4.34 3.88 -10.75 10.89 -10.01 -11.96 25.12 -3.82 -5.76 5 0 0 0 2.23 -72.19 -26.53 92.61 -59.97 -62.26 -0 0 -4.1 6.21 -14.45 -1.55 -7.12 0 -0 -14.43 15.74 10.31 0 0 0 76.42 -3.21 10.97 -74.08 59.02 -46.26 0 0 17.61 -37.97 -10.29 7.94 7.12 -0 -0 -9.93 -42.74 -0.56
30.04 31.52 -8.57 5.9 17.34 0.71 0 0 0 -31.84 -6.25 -3.61 1.22 7 19.72 -1.74 -22.82 4.91 2.29 9.45 27.22 0 0 0 6.59 27.14 -57.47 -19.18 -19.98 87.61 0.77 20.01 -6.42 -0.56 -4.8 13.33 8.54 2.61 24.65 -2.08 5.38 6.9 -8.68 2.71 -4.97 2.89 -11.19 11.48 -9.62 -12.58 25.45 -3.53 -6.09 5.09 -0 0 0 7.79 -73.26 -31.25 91.21 -59.99 -61.05 -0 0 -4.48 7.25 -13.88 -1.75 -7.12 0 -0 -13.75 16.25 9.64 -0 0 0 72.57 -1.28 11.8 -54.45 54.64 -29.77 0 0 20.11 -37.53 -11.83 8.95 7.12 -0 -0 -9.62 -44.56 -0.11
29.92 31.41 -8.42 5.31 19.33 -0.9 0 0 0 -31.31 -7.38 -3 1.73 8.28 23.57 -1.81 -23.88 2.06 1.9 8.65 24.7 0 0 0 9.13 25.04 -57.8 -18.09 -19.91 84.42 -0.39 15.78 -14.82 -0.73 5.45 -15.2 8.44 2.7 25.19 -1.63 5.54 7.54 -8.16 2.84 -4.55 2.77 -11.97 13.71 -9.75 -13.51 24.57 -3.36 -6.49 4.44 -0 0 0 11.71 -74.85 -34.79 90.84 -60 -60.73 -0 0 -4.03 8.77 -13.47 -2.06 -7.12 0 -0 -12.75 16.56 8.81 -0 0 0 69.9 -0.39 12.31 -41.1 48.71 -19.26 0 0 22.09 -33.55 -15.06 9.78 7.12 -0 -0 -5.79 -47.79 0.4
29.77 31.3 -8.25 4.94 21.25 -2.38 0 0 0 -30.67 -7.91 -2.37 2.21 9.29 26.71 -1.89 -25.05 0.03 1.94 8.74 24.98 0 0 0 10.63 23.37 -58.76 -17.13 -19.8 81.57 -0.1 14.34 -11.2 -0 -0.44 1.2 7.97 3.15 25.22 -1.26 6.04 8.11 -7.58 3.15 -3.95 2.25 -12.96 15.92 -8.71 -14.87 24.12 -2.79 -7.07 4.07 0 -0 0 16.17 -76.99 -38.49 90.29 -60 -60.25 -0 0 -3.13 9.32 -12.54 -2.04 -7.12 0 -0 -12.41 17.45 8.32 0 -0 0 67.52 -0.43 14.17 -32.15 42.67 -12.84 0 0 22.16 -30.84 -17.3 10.07 7.12 -0 -0 -2.91 -49.9 0.35
29.64 31.18 -8.06 4.37 22.65 -3.79 0 0 0 -29.86 -8.41 -1.75 2.67 10.15 29.45 -2.01 -25.96 -0.53 2.4 9.65 27.84 0 0 0 11.42 22.67 -60.23 -16.45 -19.7 79.57 -0.61 8.59 -14.28 -0.36 3.84 -10.62 7.82 3.12 25.35 -1.04 6 8.61 -7.21 3.18 -3.5 1.87 -13.5 16.59 -8.5 -15.61 24.08 -2.6 -7.43 3.99 -0 -0 0 20.53 -77.97 -43.03 89.48 -60 -59.55 -0 0 -1.9 9.78 -11.91 -2.04 -7.12 0 -0 -12.12 18.05 7.95 -0 -0 0 65.29 0.07 19.26 -25.46 36.67 -8.57 0 0 23.99 -28.77 -18.65 9.96 7.12 -0 -0 -0.61 -51.03 0.09
29.52 31.09 -7.85 4.88 23.55 -5.01 0 0 0 -30.08 -8.53 -0.42 3.05 10.77 31.5 -2.05 -26.64 -1.51 2.53 9.89 28.61 0 0 0 11.42 21.75 -61.66 -16.12 -19.63 78.58 -0.65 3.21 -14.47 -0.51 4.59 -12.76 5.89 3.02 26.15 -0.74 5.48 9.19 -5.7 2.91 -3.58 -0.14 -12.67 16.38 -8.26 -14.73 24.76 -2.33 -7.17 4.44 -0 -0 0 19.72 -77.67 -43.84 89.5 -60 -59.56 -0 0 -1.23 7.66 -11.63 -1.55 -7.12 0 -0 -13.6 18.43 8.86 -0 -0 0 63.49 1.51 25.23 -20.62 31.39 -5.85 0 0 24.22 -29.49 -19.11 10.49 7.12 -0 -0 -1.27 -51.69 0.21
29.41 31.03 -7.59 4.13 24.69 -6.83 0 0 0 -29 -8.39 1.66 3.24 11.07 32.51 -2.24 -27.77 -1.61 2.62 10.05 29.12 0 0 0 12.08 21.01 -62.1 -15.54 -19.52 76.86 -0.52 0.14 -13.53 -0 -0.18 0.49 6.02 2.85 26.17 -0.49 5.32 9.75 -5.43 2.88 -3 -0.99 -12.46 16.3 -7.58 -14.61 25.08 -2.03 -7.15 4.69 -0 0 0 19 -77.97 -43.41 90.16 -60 -60.14 -0 0 -1.03 7.48 -11.33 -1.48 -7.12 0 -0 -13.74 18.73 8.86 -0 0 0 64.05 1.47 26.5 -17.9 28.03 -4.5 0 0 28.84 -37.01 -17.04 12.45 7.12 -0 -0 -9.26 -50.74 1.32
29.29 30.97 -7.32 3.98 25.16 -8.17 0 0 0 -28.17 -7.51 3.34 3.36 11.25 33.14 -2.39 -28.87 -2.27 2.56 9.94 28.8 0 0 0 11.8 20.57 -62.75 -15.01 -19.39 75.26 -0.3 -2.81 -11.82 -0.04 -1.31 3.59 5.33 2.95 26.08 -0.4 5.29 10.14 -4.9 2.88 -2.61 -0.93 -12.2 16.12 -8.07 -14.19 25.2 -2.21 -6.97 4.71 0 0 0 17.58 -77.25 -41.48 89.88 -60 -59.9 -0 0 -0.58 9.05 -11.84 -1.87 -7.12 0 -0 -12.63 18.16 8.27 0 0 0 65.25 2.07 26.43 -16.04 25.58 -3.66 0 0 28.66 -41.24 -16 13.59 7.12 -0 -0 -13.67 -50.36 1.83
29.18 30.92 -7.05 3.79 26.02 -9.24 0 0 0 -27.22 -6.58 4.44 3.52 11.5 33.98 -2.54 -29.58 -2.14 2.48 9.81 28.36 0 0 0 10.82 19.55 -63.51 -14.5 -19.26 73.72 -0.16 -3.76 -9.91 -0.77 -5.61 15.65 4.73 2.62 25.84 -0.38 4.73 10.42 -4.37 2.61 -2.31 -1.72 -11.4 14.74 -7.88 -13.2 26.11 -2.17 -6.6 5.3 0 0 0 16.42 -75.19 -39.51 89.31 -60 -59.4 -0 0 -1.3 10.08 -11.79 -2.08 -7.12 0 -0 -11.92 18.16 7.78 0 0 0 66.57 3.36 25.77 -14.59 23.57 -3.06 0 0 30.3 -42.04 -14.88 13.03 7.12 -0 -0 -14.38 -49.12 1.49
29.07 30.82 -6.75 3.68 27.06 -10.81 0 0 0 -26.14 -5.17 4.92 4.07 12.26 36.64 -2.87 -30.55 -0.48 2.81 10.37 30.19 0 0 0 10.89 17.45 -63.06 -14.17 -19.16 72.71 0.01 -5.66 -7.77 -0.19 -2.78 7.66 3.68 2.71 25.47 -0.16 4.61 10.88 -3.46 2.55 -1.75 -1.74 -11.25 13.82 -7.81 -13 26.7 -2.22 -6.53 5.64 -0 0 0 16.45 -74.76 -39.19 87.33 -59.97 -57.68 -0 0 -1.45 10.27 -12.66 -2.27 -7.12 0 -0 -11.75 17.28 7.9 -0 0 0 67.66 3.25 25.77 -13.51 22.02 -2.64 0 0 31.96 -43.49 -13.09 12.12 7.12 -0 -0 -15.59 -47.13 0.84
28.95 30.73 -6.44 2.95 28 -12.74 0 0 0 -24.33 -4.12 5.34 4.73 13.07 39.63 -3.27 -31.47 2.16 3.06 10.79 31.58 0 0 0 10.54 15.81 -62.11 -13.88 -19.08 71.85 0.01 -5.68 -7.84 -0.87 -5.94 16.61 2.99 2.67 24.68 0.21 4.41 11.51 -2.55 2.46 -0.78 -2.46 -11.04 13.28 -7.07 -12.89 27.03 -1.94 -6.52 5.94 0 0 0 17.02 -74.36 -39.59 84.79 -59.9 -55.49 -0 0 -1.69 10.72 -13.63 -2.55 -7.12 0 -0 -11.41 16.29 7.91 0 0 0 68.08 2.68 28.17 -12.9 21.14 -2.42 0 0 31.62 -46.17 -11.91 12.14 7.12 -0 -0 -18.05 -46.1 0.51
28.83 30.63 -6.12 2.47 28.78 -14.32 0 0 0 -22.25 -2.41 5.14 5.47 13.89 42.81 -3.54 -32.52 2.53 2.37 9.61 27.71 0 0 0 10.13 13.99 -61.08 -13.68 -19.01 71.22 0.08 -6.4 -6.38 -0.18 -2.7 7.45 1.93 2.52 24.35 0.5 4.01 11.94 -1.5 2.23 -0.28 -3.57 -10.45 12.31 -6.96 -12.22 26.92 -1.79 -6.32 6.14 0 -0 0 17.12 -73.38 -40.21 81.72 -59.74 -52.83 -0 0 -1.14 11.28 -15.04 -2.96 -7.12 0 -0 -11.01 14.85 7.97 0 -0 0 68.75 1.63 29.77 -13.05 21.37 -2.47 0 0 31.26 -47.74 -9.11 9.88 7.12 -0 -0 -18.85 -42.58 -1.17
28.71 30.52 -5.8 1.31 29.56 -16.5 0 0 0 -19.49 -0.87 5.7 6.04 14.46 45.12 -4.05 -33.59 6.51 2.88 10.51 30.63 0 0 0 10.17 11.94 -59.38 -13.58 -18.98 70.93 0.13 -6.9 -5 -0.12 -2.2 6.07 2.04 2.46 23.99 0.8 3.98 12.32 -1.2 2.23 0.29 -4.77 -9.87 10.95 -5.98 -11.55 28.41 -1.42 -6.09 7.02 -0 0 0 18.24 -73.78 -41.19 77.87 -59.44 -49.52 -0 0 -0.69 11.25 -16.39 -3.21 -7.12 0 -0 -11.01 13.51 8.29 -0 0 0 70.46 -0.37 28.42 -14.02 22.76 -2.83 0 0 31.29 -49.47 -8.33 9.62 7.12 -0 -0 -20.24 -41.77 -1.69
28.61 30.4 -5.47 1.17 30.75 -17.97 0 0 0 -17.54 0.6 6.43 6.5 14.89 46.94 -4.49 -34.64 9.81 3.13 10.91 31.97 0 0 0 9.14 9.45 -57.86 -13.62 -18.99 71.03 0.2 -7.85 -3.56 -0.01 -0.49 1.33 1.28 2.08 23.72 0.8 3.36 12.68 -0.61 1.9 0.77 -6.05 -9.1 9.91 -6.05 -10.48 28.74 -1.29 -5.73 7.38 0 -0 0 17.99 -72.79 -41.56 74.88 -59.12 -46.95 -0 0 -0.87 11.44 -17.65 -3.51 -7.12 0 -0 -10.88 12.24 8.48 0 -0 0 72.15 -2.23 26.88 -15.26 24.51 -3.33 0 0 32.75 -50.2 -6.85 8.14 7.12 -0 -0 -20.43 -39.74 -2.78
28.53 30.29 -5.15 1.03 31.74 -19.27 0 0 0 -15.5 2.28 7.03 6.96 15.3 48.72 -4.96 -36.06 11.04 2.67 10.14 29.42 0 0 0 7.76 6.92 -56.33 -13.79 -19.05 71.56 0.22 -8.28 -1.96 -0 0.45 -1.23 1.19 1.89 22.95 0.64 3.09 12.99 -0.62 1.78 1.47 -7.93 -8.47 9.3 -4.55 -9.89 29.56 -0.55 -5.55 7.98 -0 -0 0 18.57 -72.87 -42.53 71.7 -58.7 -44.22 -0 0 -1.16 11.82 -18.78 -3.85 -7.12 0 -0 -10.64 11.07 8.55 -0 -0 0 73.67 -4.52 27.09 -16.49 26.18 -3.86 0 0 31.61 -51.04 -3.85 4.74 7.12 -0 -0 -20.19 -35.43 -5.01
28.45 30.2 -4.84 0.93 33.26 -20.49 0 0 0 -13.47 3.41 7.71 7.29 15.57 49.96 -5.3 -36.84 15.68 2.97 10.65 31.11 0 0 0 5.76 4.1 -54.39 -13.84 -19.07 71.72 0.24 -8.85 -0.94 -0.03 -1.15 3.16 0.96 1.71 22.08 0.64 2.84 13.41 -0.39 1.66 2.36 -8.8 -8.1 8.32 -3.86 -9.44 30.13 -0.23 -5.39 8.43 -0 0 0 20 -72.62 -44.14 68.54 -58.19 -41.52 -0 0 -1.17 12.24 -20.09 -4.26 -7.12 0 -0 -10.39 9.73 8.63 -0 0 0 75.04 -7.57 26.96 -19.01 29.43 -5.04 0 0 31.8 -49.93 -4.2 4.97 7.12 -0 -0 -19.37 -35.87 -4.56
28.39 30.08 -4.54 0.53 34.53 -21.9 0 0 0 -11.2 4.12 8.65 7.56 15.79 50.97 -5.29 -37.1 21.14 3.46 11.4 33.65 0 0 0 3.97 1.7 -51.96 -13.83 -19.06 71.67 0.3 -10.07 -0.58 -0.26 -3.3 9.12 1.4 1.53 21.68 0.64 2.7 13.66 -0.6 1.64 2.85 -8.65 -8.01 7.57 -4 -9.21 30.29 -0.32 -5.29 8.59 -0 0 0 21.9 -71.84 -45.25 65.39 -57.58 -38.86 -0 0 -2.46 13.49 -21.62 -5.05 -7.12 0 -0 -9.63 8.05 8.31 -0 0 0 76.69 -11.11 27.02 -21.7 32.63 -6.42 0 0 32.08 -50.39 -5.7 6.85 7.12 -0 -0 -20.24 -38.1 -3.61
28.33 29.98 -4.26 1.19 35.8 -22.69 0 0 0 -9.9 4.96 9.62 7.75 15.93 51.65 -5 -37.08 25.98 3.6 11.6 34.33 0 0 0 1.33 -0.14 -49.15 -13.87 -19.08 71.82 0.37 -11.32 -0.35 -0.68 -5.29 14.74 1.03 1.54 21.28 0.5 2.67 13.96 -0.5 1.62 3.37 -9.54 -7.76 6.74 -3.13 -8.96 30.84 0.07 -5.21 9.03 -0 0 0 23.84 -71.35 -47.14 62.32 -56.9 -36.28 -0 0 -3.27 13.93 -23.54 -5.66 -7.12 0 -0 -9.44 6.08 8.5 -0 0 0 78.16 -14.3 26.68 -24.18 35.36 -7.81 0 0 32.47 -51.19 -4.62 5.72 7.12 -0 -0 -20.57 -36.59 -4.49
28.28 29.85 -4.01 2.24 36.84 -22.8 0 0 0 -8.96 5.54 9.71 8.05 16.16 52.74 -3.48 -34.94 32.26 4.64 12.96 39.23 0 0 0 -1.38 -1.54 -46.88 -13.86 -19.07 71.76 0.45 -12.55 -0.2 -0.92 -6.12 17.14 0.7 1.57 21.22 0.4 2.69 14.41 -0.4 1.63 3.9 -10.73 -7.67 3.79 -2.61 -8.56 32.13 0.31 -5.14 10.12 -0 0 0 27.15 -70.55 -51.07 59.72 -56.23 -34.11 -0 0 -4.34 15.16 -24.82 -6.49 -7.12 0 -0 -8.75 4.63 8.11 -0 0 0 79.25 -16.54 25.86 -27.23 38.4 -9.64 0 0 33.27 -50.66 -4.93 5.99 7.12 -0 -0 -20.22 -37 -4.19
28.21 29.71 -3.79 3.09 37.59 -22.98 0 0 0 -8.13 5.78 9.69 8.48 16.46 54.26 -2.54 -34.04 36.11 5.05 13.44 41.04 0 0 0 -3.73 -2.36 -44.34 -13.87 -19.07 71.8 0.53 -13.36 -0.94 -1.54 -7.84 22.23 0.5 1.72 20.68 0.21 2.87 14.51 -0.51 1.73 4.29 -10.17 -7.76 4.84 -2.81 -8.81 31.16 0.2 -5.19 9.53 0 0 0 27.98 -70.06 -52.38 57.65 -55.65 -32.39 -0 0 -4.8 16.5 -26.2 -7.45 -7.12 0 -0 -8.04 3.05 7.68 0 0 0 81.3 -19.55 24.14 -30.26 41.11 -11.58 0 0 36.58 -50.63 -7.42 8.94 7.12 -0 -0 -21.01 -40.63 -2.39
28.14 29.56 -3.6 4.1 37.81 -22.59 0 0 0 -7.06 6.46 8.88 9 16.81 56.1 -1.22 -32.54 40.1 5.37 13.78 42.38 0 0 0 -5.59 -2.31 -42.28 -13.83 -19.06 71.69 0.59 -13.98 -1.31 -1.36 -7.38 20.86 0.49 1.34 20.95 -0.45 2.37 14.34 -1.13 1.51 3.99 -8.94 -7.24 4.99 -4.33 -7.85 30.14 -0.4 -4.72 8.94 -0 0 0 27.3 -67.73 -52.54 56.52 -55.31 -31.46 -0 0 -6.37 17.9 -26.63 -8.24 -7.12 0 -0 -7.24 2.38 6.99 -0 0 0 82.64 -22.46 24.85 -33.74 43.89 -13.93 0 0 38.82 -50.97 -8.46 10.28 7.12 -0 -0 -21.69 -42.19 -1.59
28.06 29.39 -3.47 5.85 37.8 -21.66 0 0 0 -6.83 7.38 7.71 9.65 17.21 58.32 0.13 -31.58 44.51 5.91 14.34 44.6 0 0 0 -7.79 -1.93 -40.7 -13.86 -19.07 71.78 0.62 -14.07 -2.35 -1.83 -8.5 24.26 0.07 1.28 21.62 -1.07 2.23 14.38 -1.56 1.44 3.71 -10.12 -7.24 3.49 -3.87 -7.75 30.48 -0.13 -4.79 9.43 -0 -0 0 28.03 -65.52 -54.55 55.56 -55 -30.67 -0 0 -8.31 17.5 -26.92 -8.13 -7.12 0 -0 -7.5 2.15 7.28 -0 -0 0 83.95 -24.48 25 -37.56 46.56 -16.65 0 0 40.19 -50.87 -9.72 11.73 7.12 -0 -0 -22.05 -43.98 -0.58
27.96 29.23 -3.39 5.81 37.14 -21.38 0 0 0 -5 8.4 6 10.37 17.62 60.73 0.82 -31.29 46.76 5.95 14.38 44.8 0 0 0 -7.76 -1.29 -39.57 -13.82 -19.06 71.65 0.68 -14.56 -3 -1.98 -8.82 25.24 1.48 1.07 22.14 -1.39 2.18 14.16 -2.72 1.52 3.28 -10.77 -6.78 4.57 -2.92 -7.47 29.85 0.38 -4.62 9.07 0 -0 0 29.36 -64.62 -57.93 54.58 -54.68 -29.87 -0 0 -9.25 16.52 -26.76 -7.61 -7.12 0 -0 -8.07 2.48 7.79 0 -0 0 85.48 -27.1 24.8 -42.02 49.22 -19.95 0 0 41.53 -51.02 -11 13.27 7.12 -0 -0 -22.68 -45.84 0.49
27.83 29.07 -3.37 7.95 37.59 -19.88 0 0 0 -5.85 6.88 4.96 11.16 18.01 63.31 3.6 -24.59 50.09 6.72 15.09 47.8 0 0 0 -9.86 -1.65 -38.78 -13.89 -19.08 71.85 0.64 -14.33 -2.19 -1.66 -8.11 23.06 0.81 1.01 23.27 -2.12 1.99 14.03 -3.13 1.42 2.58 -9.75 -7.07 6.23 -3.52 -8.02 28.4 0.08 -4.78 8.19 -0 -0 0 32.68 -69.59 -65.6 52.49 -53.95 -28.17 -0 0 -3.83 16.05 -27.77 -7.64 -7.12 0 -0 -8.44 1.53 8.3 -0 -0 0 86.59 -28.77 25.1 -46.18 51.33 -23.15 0 0 42.07 -50.79 -12.07 14.37 7.12 -0 -0 -22.86 -47.28 1.35
27.69 28.95 -3.38 10.65 38.08 -18.09 0 0 0 -6.64 6.8 3.31 11.7 18.26 65.05 5.61 -17.69 52.43 7.4 15.66 50.36 0 0 0 -12.12 -2.33 -38.23 -14.07 -19.13 72.41 0.55 -13.56 -0.9 -1.22 -7.02 19.77 3.47 4.57 26.2 0.63 7.53 17.99 -2.66 4.61 6.22 -14.1 -13.74 -9.44 -1.54 -15.39 33.72 -0.64 -8.35 14.22 0 -0 0 71.04 -69.53 -109.71 55.37 -54.94 -30.52 -0 0 -8.32 15.97 -26.97 -7.4 -7.12 0 -0 -8.42 2.35 8.16 0 -0 0 93 -22.31 8.51 -50.52 53.2 -26.59 0 0 42.11 -49.65 -11.89 13.63 7.12 -0 -0 -21.6 -46.78 1
27.61 28.83 -3.44 17.02 38.85 -16.01 0 0 0 -11.49 7.58 4.11 11.73 18.27 65.13 6.07 -13.83 52.04 7.48 15.72 50.66 0 0 0 -17.7 -3.1 -36.02 -14.36 -19.22 73.29 0.32 -11.12 1.28 -0.68 -5.28 14.71 -2.38 2.45 27.49 -3.58 3.31 15.39 -3.35 2.07 2.23 -8.36 -9.08 8.58 -4.24 -10.83 26.74 -0.36 -5.94 7.19 -0 0 0 33.7 -62.88 -67.01 58.23 -55.82 -32.87 -0 0 -14.11 15.45 -26.35 -6.99 -7.12 0 -0 -8.68 3.06 8.31 -0 0 0 91.08 -30.32 21.13 -54.05 54.51 -29.44 0 0 41.61 -51.05 -14.01 16.67 7.12 -0 -0 -23.93 -50.04 3.13
27.5 28.86 -3.47 19.81 39.01 -14.83 0 0 0 -13.03 8.39 3.53 11.53 18.18 64.49 6.32 -15.51 53.69 6.69 15.06 47.68 0 0 0 -19.42 -3.49 -34.93 -14.9 -19.37 74.95 0.24 -9.83 1.22 -0.68 -5.26 14.65 -3.01 2.88 29.68 -3.88 3.66 15.61 -3.55 2.27 1.52 -7.12 -9.98 10.2 -5.22 -11.9 26.44 -0.81 -6.36 6.7 0 -0 0 31.83 -61.05 -65 59.73 -56.24 -34.11 -0 0 -17.34 14.71 -26.29 -6.63 -7.12 0 -0 -9.13 3.22 8.71 0 -0 0 93.2 -30.76 19.82 -56.54 55.31 -31.48 0 0 41.34 -50.89 -13.47 15.99 7.12 -0 -0 -23.52 -49.26 2.6
27.41 28.92 -3.51 21.66 38.83 -13.59 0 0 0 -13.77 9.64 2.03 11.37 18.11 63.98 5.75 -22.59 55.69 4.52 12.82 38.71 0 0 0 -20.1 -3.76 -35.18 -15.91 -19.59 77.96 0.19 -9.06 1.78 -0.91 -6.07 16.99 -1.83 2.86 31.22 -4.08 3.89 15.58 -4.61 2.5 0.93 -8.41 -10.37 14.39 -3.13 -13.3 22.68 0.34 -6.93 5.1 0 -0 0 29.5 -59.33 -62.8 61.35 -56.66 -35.46 -0 0 -20.14 14.88 -26.39 -6.74 -7.12 0 -0 -9.03 3.09 8.64 0 -0 0 95.67 -31.27 17.34 -60.24 56.37 -34.54 0 0 42.37 -49.93 -13.96 16 7.12 -0 -0 -22.64 -49.68 2.74
27.31 28.9 -3.53 23.79 38.65 -12.48 0 0 0 -14.12 11.58 0.03 11.62 18.22 64.77 5.88 -24.6 57.28 2.84 10.44 30.4 0 0 0 -20.91 -3.93 -36.24 -17.52 -19.85 82.74 0.1 -8.13 3.46 -0.72 -5.41 15.09 -1.46 3.53 32.65 -4.3 4.86 15.63 -5.07 3.06 0.62 -5.21 -11.87 17.08 -3.79 -15.07 19.75 -0.16 -7.49 3.92 0 -0 0 29.09 -58.78 -62.15 62.61 -56.97 -36.52 -0 0 -22.95 15.33 -26.85 -7.06 -7.12 0 -0 -8.8 2.57 8.49 0 -0 0 100.37 -31.34 12.33 -63.32 57.13 -37.12 0 0 44.9 -50.79 -14.78 17.37 7.12 -0 -0 -23.95 -51.03 3.74
27.2 28.85 -3.5 24.29 38.61 -12.34 0 0 0 -12.42 13.73 -2.61 12.37 18.54 67.15 7.62 -17.95 58.95 2.93 10.58 30.87 0 0 0 -20.28 -3.97 -37.39 -19.32 -19.99 88.01 0.09 -8.35 3.91 -0.98 -6.3 17.67 -2.62 2.29 33.52 -5.36 2.79 15 -5.05 1.97 -0.53 -3.26 -10.91 20.2 -4.25 -13.68 17.61 -0.33 -6.65 2.45 0 -0 0 23.44 -52.38 -55.52 62.79 -57.01 -36.67 -0 0 -25.03 16.56 -27.06 -7.7 -7.12 0 -0 -8.08 2.16 7.84 0 -0 0 99.02 -33.09 17.31 -66.49 57.81 -39.79 0 0 46.35 -50.18 -15.53 17.8 7.12 -0 -0 -23.54 -51.87 4.17
27.16 28.81 -3.46 24.69 40.36 -12.37 0 0 0 -11.49 14.05 -4.9 13.49 18.95 70.63 8.54 -6.73 57.78 3.76 11.83 35.12 0 0 0 -20.35 -6.06 -37.23 -20.83 -19.98 92.43 0.03 -8.22 5.1 -1.12 -6.73 18.92 -0.59 1.57 33.29 -5.77 2.59 15.56 -6.49 2.06 0.2 0.53 -12.95 20.78 -4.39 -15.65 16.99 -0.76 -7.38 1.85 -0 0 0 24.9 -53.29 -56.95 61.7 -56.75 -35.76 -0 0 -26.48 17.73 -27.23 -8.32 -7.12 0 -0 -7.39 1.81 7.22 -0 0 0 102.58 -33.52 15.17 -69.35 58.33 -42.22 0 0 46.41 -51.1 -15.89 18.74 7.12 -0 -0 -24.79 -52.6 4.88
27.11 28.79 -3.47 23.8 39.52 -13.71 0 0 0 -8.67 16.38 -8.81 15.45 19.5 76.6 7.56 -6.26 54.33 2.35 9.56 27.56 0 0 0 -18.05 -5.07 -38.1 -22.16 -19.89 96.31 -0.03 -8.94 6.76 -1.05 -6.51 18.27 1.56 1.52 34.36 -5.7 3.17 15.66 -7.77 2.5 0.05 3.16 -14.48 22.65 -4.48 -17.05 15.19 -0.85 -7.9 0.74 -0 0 0 25.05 -54 -57.91 60.19 -56.36 -34.5 -0 0 -27.26 17.5 -27.87 -8.39 -7.12 0 -0 -7.59 1.19 7.5 -0 0 0 104.16 -34.3 14.92 -72.78 58.85 -45.14 0 0 46.5 -51.43 -17.34 20.49 7.12 -0 -0 -25.88 -54.64 6.45
27.07 28.83 -3.46 25.88 40.35 -12.56 0 0 0 -9.99 16.53 -13.29 17.56 19.86 82.86 5.76 -3.15 46.68 2 8.86 25.35 0 0 0 -18.82 -5.69 -38.69 -23.08 -19.77 99.04 -0.15 -8.55 8.53 -0.95 -6.2 17.35 1.55 1.24 34.84 -6.14 2.85 15.75 -8.16 2.39 -0.05 4.93 -15.31 22.72 -4.81 -17.71 14.94 -1.12 -8.12 0.45 0 -0 0 25.17 -53.8 -58.37 58.42 -55.87 -33.03 -0 0 -28.15 17.94 -28.15 -8.69 -7.12 0 -0 -7.36 0.83 7.31 0 -0 0 105.03 -34.82 15.39 -74.58 59.08 -46.69 0 0 47.07 -52.51 -19.36 23.37 7.12 -0 -0 -28.41 -57.63 9.28
27.04 28.84 -3.44 29.3 41.66 -10.59 0 0 0 -12.65 16.09 -17.69 19.91 20 89.75 2.93 -3.81 33.87 1.7 8.2 23.33 0 0 0 -21.21 -6.9 -39.13 -23.79 -19.65 101.15 -0.21 -6.81 8.76 -0.75 -5.54 15.47 0.2 1.15 35.24 -6.74 2.37 15.99 -7.94 2.15 -0.02 6.8 -16.1 23.55 -4.52 -18.28 13.47 -1.1 -8.32 -0.33 -0 -0 0 25.05 -53.15 -57.93 57.51 -55.61 -32.27 -0 0 -28.85 19.14 -28.63 -9.44 -7.12 0 -0 -6.7 0.14 6.73 -0 -0 0 105.41 -34.93 15.39 -76.59 59.31 -48.41 0 0 47.44 -51.92 -20.33 23.91 7.12 -0 -0 -28.11 -58.69 9.9
26.96 28.86 -3.41 29.37 41.74 -11.03 0 0 0 -10.98 15.48 -22.09 22.46 19.85 97.22 1.16 -5.45 22.95 1.69 8.18 23.27 0 0 0 -19.53 -6.53 -39.75 -24.39 -19.53 102.93 -0.13 -5.94 7.18 -0.76 -5.56 15.52 0.26 1.21 36.03 -6.58 2.48 16.09 -7.86 2.22 -0.16 8.2 -16.57 22.27 -4.96 -18.67 14.44 -1.52 -8.44 0 0 -0 0 24.59 -52.36 -57.13 57.21 -55.52 -32.03 -0 0 -29.69 20.76 -28.65 -10.3 -7.12 0 -0 -5.76 -0.19 5.81 0 -0 0 106.13 -34.57 15.21 -76.35 59.28 -48.21 0 0 46.91 -52.39 -19.64 23.57 7.12 -0 -0 -28.41 -57.96 9.51
26.86 28.89 -3.39 26.19 40.84 -13.61 0 0 0 -5.67 15.3 -27.61 24.75 19.45 104.03 0.19 -10.94 18.05 0.61 5 13.91 0 0 0 -14.37 -5.09 -40.23 -24.59 -19.49 103.53 -0.02 -7.01 5.44 -0.91 -6.09 17.05 2.48 1.47 36.8 -5.82 3.55 16.06 -8.59 2.85 -0.24 9.7 -17.64 23.1 -3.42 -19.64 12.98 -1.03 -8.89 -0.62 -0 0 0 25.75 -53.17 -57.71 56.61 -55.34 -31.54 -0 0 -29.56 20.76 -28.72 -10.32 -7.12 0 -0 -5.76 -0.25 5.82 -0 0 0 107.39 -33.55 14.07 -74.78 59.11 -46.86 0 0 46.8 -52.66 -20.5 24.66 7.12 -0 -0 -29.31 -59.15 10.7
26.82 28.95 -3.42 30.51 42.1 -11.45 0 0 0 -9.63 11.12 -32.28 26.26 19.03 108.59 -0.25 -13.24 15.37 0.28 3.39 9.36 0 0 0 -17.34 -6.35 -40.06 -24.44 -19.52 103.07 -0.1 -5.29 6.25 -0.39 -4.01 11.11 -0.23 1.13 38.5 -7.04 2.22 16.1 -8.09 2.13 -0.98 10.13 -17.34 21.69 -3.81 -19.37 13.97 -1.38 -8.73 -0.15 0 -0 0 24.7 -51.45 -56.37 57.1 -55.49 -31.94 -0 0 -29.78 20.87 -28.59 -10.34 -7.12 0 -0 -5.68 -0.14 5.72 0 -0 0 105.82 -33.24 16.89 -72.14 58.76 -44.6 0 0 46.6 -54.88 -21.73 27.77 7.12 -0 -0 -33.75 -61.45 14.42
26.72 28.98 -3.38 24.31 39.63 -17.13 0 0 0 0.49 11.94 -36.48 27.88 18.44 113.64 -1.08 -20.26 17.58 0.33 3.67 10.16 0 0 0 -9.06 -2.91 -39.22 -24.26 -19.56 102.54 0.08 -7.58 3.17 -0.92 -6.1 17.08 3.08 0.99 39.95 -5.9 3.22 16.25 -9 2.76 -1.04 8.75 -16.93 21.88 -1.4 -19.2 13.51 -0.47 -8.76 0.09 -0 0 0 24.89 -51.34 -56.82 57 -55.46 -31.86 -0 0 -29.42 21.17 -27.96 -10.29 -7.12 0 -0 -5.43 0.45 5.41 -0 0 0 104.15 -32.35 19.4 -68.71 58.22 -41.67 0 0 44.21 -56.9 -21.49 29.34 7.12 -0 -0 -37.11 -61.83 16.42
26.66 28.97 -3.4 25.24 38.68 -16.63 0 0 0 1.81 10.51 -42.32 29.17 17.85 117.77 -1.5 -22.82 18.23 0.22 3.03 8.35 0 0 0 -7.93 -1.69 -40.4 -24.02 -19.61 101.82 0.06 -6.91 3.27 -0.34 -3.77 10.44 2.08 1.91 40.37 -6.06 3.98 15.93 -8.93 3.08 -1.28 10.39 -17.66 21.41 -2.27 -19.83 13.25 -0.89 -9.01 -0.21 -0 0 0 25.19 -52.66 -57.36 57.77 -55.69 -32.49 -0 0 -28.95 20.11 -27.36 -9.55 -7.12 0 -0 -5.99 1.26 5.89 -0 0 0 103.62 -31.66 20 -66.24 57.76 -39.58 0 0 43.16 -56.82 -21.64 29.42 7.12 -0 -0 -37.1 -61.99 16.55
26.65 28.99 -3.4 23.92 37.13 -18.55 0 0 0 6.28 9.51 -45.71 30.22 17.28 121.25 -1.76 -24.4 19.17 0.26 3.25 8.99 0 0 0 -4.71 -0.38 -39.61 -23.59 -19.69 100.56 0.14 -7.28 0.65 -0.7 -5.34 14.89 2.6 2.35 41.29 -5.86 4.74 16.07 -9.28 3.5 -1.26 10.96 -17.74 20.59 -2 -19.96 13.47 -0.94 -9.06 -0.04 -0 0 0 24.91 -53.51 -57.98 59.39 -56.15 -33.83 -0 0 -27.61 19.77 -26.65 -9.16 -7.12 0 -0 -6.12 2.05 5.93 -0 0 0 102.81 -30.31 20.84 -62.21 56.87 -36.18 0 0 41.1 -57.65 -20.67 29.13 7.12 -0 -0 -37.67 -61.06 16.01
26.63 29.02 -3.39 24.99 36.24 -18.65 0 0 0 6.9 7.4 -49.29 30.89 16.88 123.54 -1.58 -23.11 17.87 0.1 2.02 5.57 0 0 0 -4.29 0.28 -39.6 -23.22 -19.75 99.44 0.14 -6.92 -0.36 -0.84 -5.86 16.38 0.73 2.96 41.83 -6.23 4.73 15.99 -8.73 3.4 -1.57 9.02 -16.95 20.85 0.18 -19.4 13.89 -0.13 -8.88 0.53 0 -0 0 23.48 -53.93 -58.37 60.97 -56.56 -35.15 -0 0 -25.73 18.22 -26.57 -8.38 -7.12 0 -0 -7.04 2.39 6.79 0 -0 0 100.98 -29.67 22.95 -59.3 56.12 -33.76 0 0 40.61 -57.66 -20.9 29.39 7.12 -0 -0 -37.9 -61.35 16.39
26.67 29.09 -3.44 26.08 36.01 -18.52 0 0 0 5.55 3.09 -52.65 31.32 16.6 125.02 -1.17 -20.86 17.87 0 -0.2 -0.54 0 0 0 -4.66 -0.37 -39.69 -22.69 -19.83 97.9 0.13 -6.3 -1.84 -1.01 -6.39 17.93 -0.06 3.26 42.94 -6.43 4.77 15.89 -8.61 3.4 -2.01 10.48 -17.42 19.87 -1.08 -19.83 13.72 -0.7 -9.03 0.32 0 0 0 21.8 -55.78 -58.97 64.64 -57.43 -38.23 -0 0 -24.52 16.49 -25.71 -7.32 -7.12 0 -0 -8.01 3.54 7.57 0 0 0 99.6 -29.03 23.84 -57.63 55.64 -32.38 0 0 39.33 -57.42 -20.69 28.94 7.12 -0 -0 -37.27 -61 15.76
26.66 29.15 -3.42 24.72 34.44 -20.01 0 0 0 7.75 1.72 -55.19 31.49 16.48 125.61 -1.18 -20.24 15.85 0.07 1.71 4.72 0 0 0 -1.69 0.03 -39.89 -22.41 -19.86 97.07 0.15 -6.76 -2.64 -0.82 -5.78 16.15 -0.13 3.55 43.59 -6.2 5.04 15.81 -8.47 3.5 -2.25 9.74 -17.03 20.02 -0.01 -19.5 14.13 -0.34 -8.9 0.64 0 -0 0 19.59 -55.92 -58.92 68.14 -58.12 -41.19 -0 0 -23.01 14.34 -24.95 -6.15 -7.12 0 -0 -9.27 4.61 8.61 0 -0 0 97.84 -28.54 26.35 -55.05 54.84 -30.26 0 0 37.94 -58.68 -20.7 30.15 7.12 -0 -0 -39.59 -61.46 17.36
26.66 29.21 -3.44 24.29 33.64 -20.76 0 0 0 7.29 -1.53 -57.38 31.38 16.56 125.23 -1 -18.74 14.53 0.02 0.88 2.42 0 0 0 -0.34 -0.84 -41.22 -22.32 -19.87 96.81 0.15 -6.89 -3.6 -1.12 -6.73 18.92 -0.4 3.71 44.72 -6.22 5.05 15.62 -8.41 3.47 -2.77 9.35 -16.93 21.02 1.54 -19.34 13.62 0.24 -8.87 0.54 -0 0 0 17.76 -56.53 -58.83 72.54 -58.82 -44.94 -0 0 -22.12 13.32 -23.47 -5.39 -7.12 0 -0 -9.81 6.23 8.82 -0 0 0 96.17 -27.85 28.74 -53.11 54.17 -28.68 0 0 35.41 -59.28 -20.07 30 7.12 -0 -0 -40.02 -60.87 17.02
26.63 29.24 -3.48 19.41 30.96 -22.06 0 0 0 12.58 -1.94 -61.49 31.2 16.68 124.6 -0.88 -18.27 15.72 0.48 4.46 12.39 0 0 0 6.24 0.19 -45.03 -22.35 -19.87 96.88 0.22 -8.35 -3.3 -0.74 -5.48 15.29 2.6 3.28 44.83 -5.46 5.66 14.83 -9.41 3.73 -3.48 9.01 -16.84 21.36 2.39 -19.27 13.9 0.54 -8.84 0.72 0 -0 0 15.86 -56.6 -58.49 77.02 -59.35 -48.79 -0 0 -21.25 11.99 -21.83 -4.52 -7.12 0 -0 -10.59 8.01 9.17 0 -0 0 94.71 -27.12 31.06 -51.25 53.49 -27.17 0 0 32.77 -60.4 -19.21 30.08 7.12 -0 -0 -41.14 -60.17 16.89
26.61 29.3 -3.51 15.34 28.68 -22.83 0 0 0 15.62 -2.86 -64.63 30.69 17.01 122.83 -1.06 -19.07 14.32 0.28 3.38 9.35 0 0 0 11.38 1.16 -49.01 -22.49 -19.85 97.29 0.26 -9 -2.7 -0.73 -5.45 15.2 5.27 2.86 44.4 -4.88 6.19 14.24 -10.37 3.97 -3.78 8.7 -16.88 22.64 3.19 -19.19 13.41 0.93 -8.86 0.48 0 -0 0 14.57 -56.12 -57.97 81.23 -59.71 -52.41 -0 0 -21.87 10.23 -20.44 -3.61 -7.12 0 -0 -11.67 9.58 9.78 0 -0 0 94.02 -26.58 32.11 -49.71 52.88 -25.94 0 0 31.68 -60.71 -18.31 29.26 7.12 -0 -0 -40.66 -59.11 15.61
26.58 29.33 -3.49 11.93 26.29 -24.08 0 0 0 17.94 -3.86 -65.53 30.05 17.38 120.69 -1.24 -19.9 12.9 0.04 1.28 3.52 0 0 0 15.75 2 -51.78 -22.75 -19.82 98.06 0.23 -8.5 -2 -0.64 -5.11 14.21 7.48 2.62 44.85 -4.31 6.83 13.86 -11.16 4.26 -4.03 8 -16.63 23.44 3.87 -18.93 13.04 1.29 -8.79 0.37 -0 -0 0 13.81 -55.64 -57.98 84.33 -59.88 -55.09 -0 0 -22.13 8.83 -19.97 -3.04 -7.12 0 -0 -12.56 10.16 10.41 -0 -0 0 93.42 -25.79 32.7 -47.74 52.04 -24.38 0 0 31.15 -60.74 -17.82 28.64 7.12 -0 -0 -40.15 -58.46 14.72
26.57 29.38 -3.5 10.63 24.7 -24.19 0 0 0 16.67 -5.7 -65.62 29.21 17.83 117.9 -1.12 -18.97 12.43 0.04 1.26 3.47 0 0 0 16.78 2.62 -55.28 -23.07 -19.77 99.01 0.17 -7.58 -0.57 -0.5 -4.54 12.6 7.95 2.53 44.63 -4.26 6.84 13.56 -11.36 4.22 -4.26 6.91 -16.16 25.75 3.92 -18.23 11.95 1.64 -8.57 -0.26 -0 0 0 12.08 -54.58 -57.36 86.97 -59.97 -57.37 -0 0 -21.4 7.82 -19.76 -2.66 -7.12 0 -0 -13.21 10.45 10.89 -0 0 0 92.63 -24.43 33.68 -45.7 51.11 -22.78 0 0 30.83 -63.35 -19.62 33.79 7.12 -0 -0 -47.66 -61.79 22.15
26.63 29.4 -3.49 9.64 22.66 -24.26 0 0 0 14.99 -6.72 -65.27 28.51 18.17 115.63 -1.16 -19.15 11.98 0.19 2.82 7.78 0 0 0 17.59 3.34 -57.33 -23.55 -19.7 100.43 0.11 -6 -0.74 -0.32 -3.65 10.09 9.01 2.34 44.6 -4.57 6.98 13.36 -12.32 4.31 -4.31 6.35 -15.64 26.61 4.16 -17.61 11.73 1.81 -8.31 -0.41 -0 -0 0 11.81 -54.23 -58.34 89.33 -60 -59.42 -0 0 -21.52 5.53 -19.16 -1.82 -7.12 0 -0 -14.67 11.2 11.95 -0 -0 0 92.69 -24.01 33.81 -44.84 50.69 -22.11 0 0 31.61 -61.65 -17.94 29.71 7.12 -0 -0 -41.93 -58.97 16.05
26.67 29.37 -3.47 7.4 19.59 -24.77 0 0 0 15.24 -6.28 -64.76 27.84 18.46 113.5 -1.28 -20.2 13.21 0.11 2.16 5.94 0 0 0 19.72 4.67 -59.48 -23.85 -19.64 101.32 0.1 -5.8 -0.17 -0.22 -3.03 8.37 10.34 2.31 44.4 -4.24 7.45 13.07 -12.81 4.5 -4.34 3.9 -14.61 27.49 5.67 -16.95 11.98 2.43 -8.13 -0 0 -0 0 10.87 -53.18 -58.8 91.81 -59.99 -61.57 -0 0 -21.25 5.01 -18.75 -1.61 -7.12 0 -0 -15.02 11.64 12.12 0 -0 0 91.39 -23 35.52 -42.52 49.49 -20.33 0 0 31.53 -62.44 -18.07 30.72 7.12 -0 -0 -43.59 -59.45 17.37
26.76 29.34 -3.48 7.82 17.72 -24.73 0 0 0 11.46 -7.3 -63.46 27.13 18.74 111.27 -1.03 -18.88 14.5 0.12 2.21 6.08 0 0 0 18.01 5 -61.02 -24.16 -19.58 102.24 0.08 -5.57 0.41 -0.22 -3.01 8.31 10.1 2.54 44.74 -4.62 7.57 12.91 -13.19 4.53 -4.57 3.2 -14.33 27.73 5.8 -16.79 11.85 2.57 -8.1 -0.02 0 -0 0 10.89 -53.51 -60.29 93.21 -59.96 -62.78 -0 0 -20.4 3.7 -18.55 -1.18 -7.12 0 -0 -15.87 11.91 12.76 0 -0 0 90.94 -23.34 35.46 -43.32 49.92 -20.94 0 0 32.85 -61.69 -18.08 29.96 7.12 -0 -0 -42.19 -59.18 16.4
26.9 29.29 -3.48 7.98 15.65 -24.68 0 0 0 7.9 -8.3 -62.24 26.4 18.99 109.03 -0.86 -18.2 15.82 0.01 0.5 1.38 0 0 0 16.29 5.29 -62.3 -24.31 -19.55 102.68 0.08 -5.83 1.12 -0.26 -3.28 9.05 9.63 2.8 44.5 -4.81 7.6 12.77 -13.18 4.49 -4.69 2.92 -14.17 28.1 5.51 -16.65 11.27 2.56 -8.07 -0.25 0 -0 0 10.75 -52.72 -61.54 94.47 -59.92 -63.87 -0 0 -19.26 1.98 -17.87 -0.61 -7.12 0 -0 -16.99 12.65 13.48 0 -0 0 89.83 -23.29 35.99 -43.54 50.03 -21.11 0 0 34.2 -60.6 -18.14 28.92 7.12 -0 -0 -40.26 -58.84 15.15
27.04 29.23 -3.49 7.38 12.91 -25.05 0 0 0 5.3 -8.68 -60.54 25.59 19.23 106.55 -0.79 -18.05 16.65 0 0.05 0.13 0 0 0 15.43 6.03 -62.75 -24.13 -19.59 102.15 0.1 -6.95 1.65 -0.23 -3.09 8.52 9.74 3.06 44.27 -4.72 7.9 12.63 -13.24 4.6 -4.7 2.03 -14.14 28.27 5.54 -16.89 10.74 2.73 -8.26 -0.37 -0 0 0 10.67 -52.67 -63 96.17 -59.86 -65.34 -0 0 -18.6 0.64 -17.3 -0.19 -7.12 0 -0 -17.88 13.25 14.02 -0 0 0 88.65 -23.33 36.08 -43.85 50.19 -21.36 0 0 36.35 -60.29 -18.19 28.69 7.12 -0 -0 -39.78 -58.79 14.88
27.21 29.06 -3.52 6.51 10.75 -25.89 0 0 0 3.03 -9.55 -58.92 24.89 19.42 104.44 -0.76 -17.93 16.9 0 0.42 1.14 0 0 0 14.68 6.1 -62.49 -24.02 -19.61 101.81 0.13 -7.54 1.37 -0.29 -3.45 9.53 9.89 2.56 44.36 -4.84 7.29 12.45 -13.25 4.24 -5.05 0.54 -13.69 29 5.69 -16.75 9.56 3.05 -8.31 -0.72 0 0 0 11.91 -51.71 -65.25 96.31 -59.85 -65.46 -0 0 -17.24 -1.11 -15.38 0.29 -7.12 0 -0 -19.15 15.13 14.33 0 0 0 86.49 -23.34 37.63 -44.99 50.77 -22.23 0 0 38.19 -58.11 -17.78 26.14 7.12 -0 -0 -35.71 -57.43 11.88
27.33 28.9 -3.54 4.71 7.93 -26.96 0 0 0 2.27 -9.3 -56.95 24.04 19.6 101.9 -0.74 -17.85 16.95 0 -0.33 -0.91 0 0 0 15.8 7.08 -60.88 -23.58 -19.69 100.53 0.22 -9.18 0.93 -0 -0.28 0.78 9.83 2.35 44.24 -4.36 6.97 12.3 -12.56 3.99 -5.31 -1.67 -13.4 28.63 6.02 -17.16 9.6 3.44 -8.62 -0.46 -0 0 0 12.64 -49.6 -66.46 97.32 -59.8 -66.33 -0 0 -16.7 -3.98 -13.66 0.94 -7.12 0 -0 -21.18 16.78 15.25 -0 0 0 84.24 -23.13 38.63 -47.06 51.74 -23.85 0 0 40.9 -55.47 -17 23.02 7.12 -0 -0 -31.13 -55.46 8.59
27.45 28.75 -3.56 4.03 6.98 -28.56 0 0 0 -0.68 -10.5 -53.73 23.07 19.77 99 -0.56 -16.44 16.75 0.01 -0.59 -1.63 0 0 0 14.66 6.44 -58.37 -23.05 -19.78 98.94 0.27 -9.81 0.29 -0.02 -0.84 2.3 8.58 2.19 43.71 -3.99 6.19 12.66 -11.15 3.57 -5.1 -2.71 -13.47 30.08 5.67 -17.52 7.5 3.66 -8.87 -1.21 -0 0 0 14.36 -49.01 -68.5 97.32 -59.8 -66.33 -0 0 -14.83 -6.68 -12.25 1.42 -7.12 0 -0 -23.1 18.1 16.15 -0 0 0 81.9 -22.62 39.57 -48.8 52.5 -25.22 0 0 42.95 -53.83 -16.61 21.35 7.12 -0 -0 -28.64 -54.39 7.05
27.59 28.63 -3.6 2.74 6.01 -30.41 0 0 0 -3.07 -10.99 -50.2 22.1 19.89 96.14 -0.41 -15.01 16.07 0.01 -0.47 -1.3 0 0 0 14.13 5.73 -54.83 -22.21 -19.88 96.48 0.34 -10.84 -0.34 -0.23 -3.07 8.47 8.17 1.66 43.53 -3.59 5.36 13.1 -10.15 3.16 -4.79 -3.75 -13.63 29.75 4.56 -18.14 7.56 3.48 -9.15 -1.13 -0 0 0 15.08 -48.39 -68.74 98.96 -59.69 -67.75 -0 0 -13.67 -7.72 -10.25 1.38 -7.12 0 -0 -24.07 19.92 15.88 -0 0 0 79.41 -20.91 40.76 -49.2 52.67 -25.53 0 0 43.98 -51.83 -16.39 19.75 7.12 -0 -0 -25.93 -53.49 5.72
27.73 28.56 -3.67 1.41 3.98 -31.24 0 0 0 -4.18 -10.31 -47.41 20.96 19.98 92.8 -0.22 -12.97 15.41 0 0.28 0.76 0 0 0 14.25 7.08 -51.84 -21.13 -19.97 93.32 0.4 -12.01 0.51 -0.15 -2.51 6.92 7.28 1.71 42.42 -2.78 4.99 13.55 -8.6 2.93 -4.17 -5.66 -13.3 29.86 4.29 -18.37 6.82 3.69 -9.31 -1.23 0 0 0 15.64 -46.47 -68.53 99 -59.69 -67.79 -0 0 -12.16 -8.71 -8.72 1.33 -7.12 0 -0 -24.98 21.31 15.73 0 0 0 75.61 -18.19 43.76 -49.26 52.69 -25.58 0 0 41.94 -49.81 -15.89 17.96 7.12 -0 -0 -23.24 -52.25 4.34
27.87 28.51 -3.79 1.27 2.54 -32.28 0 0 0 -6.39 -9.46 -44.02 19.68 20 89.08 -0.05 -11.75 15.95 0.02 0.94 2.58 0 0 0 13.32 8.29 -48.49 -20.11 -20 90.33 0.47 -12.77 -0.18 -0.37 -3.91 10.83 6.06 1.84 41.92 -2.66 4.6 13.83 -7.67 2.7 -3.89 -7.41 -12.76 30.16 4.99 -18.27 5.96 4.16 -9.34 -1.35 0 -0 0 16.97 -45.2 -67.7 98.46 -59.73 -67.32 -0 0 -11.16 -9.83 -6.83 1.18 -7.12 0 -0 -26.07 23 15.43 0 -0 0 72.74 -16 46.25 -48.75 52.48 -25.18 0 0 39.46 -48.2 -14.46 15.61 7.12 -0 -0 -20.89 -49.94 2.65
28.01 28.41 -3.87 1.01 1.22 -33.9 0 0 0 -7.84 -8.44 -40.75 18.79 19.97 86.47 0.06 -11 16.49 0.02 0.96 2.65 0 0 0 13 8.49 -44.94 -19.4 -19.99 88.24 0.46 -12.44 -0.96 -0.42 -4.15 11.51 4.94 2 42.14 -2.5 4.35 13.94 -6.83 2.5 -3.95 -7.81 -12.8 30.4 4.83 -18.51 4.64 4.25 -9.45 -1.75 0 0 0 17.67 -44.34 -65.96 98.53 -59.72 -67.38 -0 0 -10.33 -10.04 -5.25 0.93 -7.12 0 -0 -26.54 24.43 14.77 0 0 0 70.69 -14.37 47.68 -48.33 52.3 -24.85 0 0 37.62 -46.79 -12.68 13.15 7.12 -0 -0 -18.88 -47.25 1.08
28.12 28.32 -3.94 0.37 -0.05 -35.55 0 0 0 -8.01 -7.19 -37.97 18.17 19.92 84.65 0.28 -10.6 18.75 0.04 1.28 3.52 0 0 0 13.5 8.34 -41.16 -18.68 -19.96 86.13 0.48 -12.51 -1.64 -0.43 -4.21 11.67 4.3 2.22 41.65 -2.13 4.35 14.41 -6.06 2.48 -3.34 -8.59 -12.65 29.93 5.33 -18.58 4.37 4.48 -9.53 -1.67 0 0 0 19.04 -44.57 -64.85 97.52 -59.79 -66.51 -0 0 -9.09 -8.76 -4.26 0.66 -7.12 0 -0 -25.9 25.38 13.68 0 0 0 69.47 -12.09 47.97 -46.19 51.34 -23.16 0 0 36.74 -46.04 -10.9 11.1 7.12 -0 -0 -17.68 -44.73 -0.12
28.22 28.26 -3.99 0.46 -0.81 -37.07 0 0 0 -8.68 -5.69 -35.46 17.47 19.85 82.58 0.6 -10.34 21.85 0.04 1.36 3.73 0 0 0 13.32 8.2 -37.52 -17.99 -19.9 84.12 0.54 -13.14 -2.03 -0.64 -5.13 14.29 2.63 2.47 40.92 -2.05 3.97 14.98 -4.94 2.24 -2.65 -9.96 -12.11 29.23 5.73 -18.32 4.21 4.72 -9.45 -1.51 0 0 0 20.59 -43.84 -63.92 95.83 -59.87 -65.04 -0 0 -8.01 -9.65 -2.89 0.49 -7.12 0 -0 -26.81 26.58 13.41 0 0 0 68.01 -9.36 49.12 -45.05 50.79 -22.28 0 0 35.01 -44.35 -8.76 8.47 7.12 -0 -0 -15.61 -41.61 -1.34
28.3 28.24 -4.03 0.25 -1.21 -38.08 0 0 0 -8.7 -4.22 -33.99 16.99 19.78 81.17 0.93 -10.28 24.67 0.04 1.34 3.69 0 0 0 13.39 7.8 -34.51 -17.33 -19.83 82.16 0.59 -14.09 -0.75 -0.76 -5.58 15.57 1.1 2.46 39.32 -2.02 3.37 15.6 -3.84 1.88 -1.62 -11.45 -11.51 28.59 6.38 -17.98 3.76 5.06 -9.34 -1.43 0 -0 0 22.2 -43.38 -63.23 93.65 -59.95 -63.16 -0 0 -7.47 -10.45 -1.44 0.27 -7.12 0 -0 -27.71 27.85 13.02 0 -0 0 66.22 -5.73 51.61 -43.31 49.91 -20.94 0 0 31.67 -42.7 -7.4 6.78 7.12 -0 -0 -13.88 -39.62 -1.88
28.34 28.21 -4.06 -0.02 -1.11 -39.26 0 0 0 -8.45 -2.83 -32.82 16.86 19.76 80.77 0.98 -10.48 25.25 0.1 2.04 5.62 0 0 0 13.42 6.91 -31.72 -16.76 -19.75 80.5 0.51 -14.52 2.44 -0.56 -4.81 13.36 -0.68 2.42 38.7 -2.03 2.68 15.8 -2.67 1.42 -1.31 -13.38 -11.13 27.28 7.21 -17.97 4.25 5.45 -9.43 -0.88 0 0 0 23.03 -42.61 -61.37 91.78 -59.99 -61.54 -0 0 -7.22 -9.56 -0.59 0.1 -7.12 0 -0 -27.31 28.66 12.18 0 0 0 64.63 -2.43 54.19 -42.19 49.32 -20.09 0 0 28.08 -40.63 -6.63 5.65 7.12 -0 -0 -11.95 -38.42 -1.97
28.37 28.19 -4.07 -0.92 -1.37 -40.02 0 0 0 -6.91 -1.3 -32.51 17.08 19.8 81.45 0.52 -12.17 22.98 0 -0.04 -0.1 0 0 0 14.36 6.43 -29.74 -16.41 -19.69 79.45 0.4 -14.7 4.91 -0.32 -3.61 9.98 -1.7 2.23 37.45 -1.88 2.12 16.12 -1.76 1.06 -0.77 -14.7 -10.94 25.48 7.51 -17.95 4.98 5.55 -9.47 -0.29 0 0 0 23.85 -42.6 -60.06 89.99 -60 -59.99 -0 0 -5.96 -10.13 0.16 -0.03 -7.12 0 -0 -27.91 29.31 12.02 0 0 0 64.09 -0.12 54.74 -42.53 49.5 -20.34 0 0 24.9 -35.61 -6.9 4.92 7.12 -0 -0 -7.61 -38.35 -1.26
28.4 28.19 -4.09 -1.99 -1.42 -40.64 0 0 0 -5.32 -0.51 -32.27 17.37 19.83 82.28 0.29 -11.8 20.23 0 0.08 0.22 0 0 0 15.47 5.77 -28.14 -16.03 -19.62 78.34 0.3 -15.15 6.93 -0.48 -4.45 12.33 -2.26 1.98 36.6 -1.6 1.66 16.28 -1.02 0.77 -0.34 -15.14 -10.97 23.59 8.29 -17.91 4.87 5.71 -9.48 0.02 -0 0 0 24.73 -42.64 -58.92 87.53 -59.98 -57.86 -0 0 -4.97 -9.36 0.96 -0.16 -7.12 0 -0 -27.58 30.07 11.27 -0 0 0 64.21 0.41 52.91 -46.05 51.27 -23.06 0 0 22.47 -29.08 -11.62 6.39 7.12 -0 -0 -1.75 -43.21 -0.08
28.43 28.18 -4.11 -3.2 -2.27 -40.74 0 0 0 -2.84 0.13 -32.82 17.81 19.88 83.58 0.07 -11.51 17.36 0.01 -0.62 -1.71 0 0 0 17.35 5.64 -27.5 -15.68 -19.55 77.29 0.01 -14.75 10.26 -0.18 -2.71 7.46 -2.1 1.55 36.09 -1.39 1.16 16 -0.72 0.5 -0.48 -15.86 -11.18 20.79 8.63 -18.05 5.64 5.67 -9.56 0.74 -0 -0 0 24.56 -41.09 -56.38 85.72 -59.93 -56.3 -0 0 -4.71 -8.77 0.19 -0.03 -7.12 0 -0 -26.97 29.41 11.44 -0 -0 0 64.55 0.05 49.94 -53.35 54.26 -28.87 0 0 19.16 -26.98 -13.12 6.59 7.12 -0 -0 0.33 -44.63 0
28.45 28.2 -4.13 -2.28 -0.58 -41.12 0 0 0 -4.47 -0.84 -32.48 18.03 19.91 84.24 0.15 -9.58 15.91 0 -0.01 -0.02 0 0 0 15.4 4.68 -27.07 -15.44 -19.49 76.57 -0.12 -14.26 11.36 -0.27 -3.32 9.16 -4.07 1.35 35.27 -2.05 0.31 16.28 -0.1 -0.02 0.12 -16.32 -11.06 20.47 10.48 -17.93 3.43 6.35 -9.52 0.29 -0 -0 0 25.25 -39.35 -54.49 84.27 -59.88 -55.04 -0 0 -4.29 -8.09 0.34 -0.05 -7.12 0 -0 -26.52 29.59 11.08 -0 -0 0 65.31 -0.06 45.75 -64.76 57.45 -38.32 0 0 19.52 -27.24 -10.36 5.29 7.12 -0 -0 -0.18 -41.6 -0.02
28.46 28.22 -4.14 -2.36 -0.62 -41.15 0 0 0 -3.75 -1.41 -32.64 18.35 19.93 85.17 0.27 -7.78 15.6 0.04 1.35 3.71 0 0 0 16.01 4.82 -26.64 -14.98 -19.38 75.17 -0.03 -15.48 11.19 -0.39 -4.01 11.11 -4.78 1.1 34.7 -2.26 -0.22 16.14 0.21 -0.33 0.18 -17.14 -11.14 17.48 11.11 -17.87 4.53 6.37 -9.48 1.17 0 0 0 25.22 -37.18 -51.69 82.75 -59.8 -53.72 -0 0 -4.9 -5.28 1.28 -0.12 -7.12 0 -0 -24.74 30.58 9.53 0 0 0 65.1 0.78 42.23 -79.96 59.62 -51.31 0 0 18.16 -28.96 -6.25 3.45 7.12 -0 -0 -1.89 -37.11 -0.37
28.46 28.18 -4.12 -1.86 -0.84 -41.6 0 0 0 -3.46 -1.52 -32.59 18.84 19.97 86.62 0.25 -7.59 15.13 0.08 1.79 4.92 0 0 0 16.05 4.89 -26.33 -14.55 -19.27 73.88 0.04 -16.05 10.89 -0.41 -4.12 11.41 -5.67 1.45 35.47 -2.4 -0.13 15.93 0.5 -0.33 -0.28 -16.87 -12.04 13.34 11.36 -18.52 5.95 6.01 -9.73 2.3 0 0 0 25.88 -36.39 -50.94 81.76 -59.74 -52.87 -0 0 -4.85 -5.66 1.87 -0.19 -7.12 0 -0 -25.17 31.1 9.38 0 0 0 64.31 2.6 37.34 -99.35 59.67 -68.09 0 0 15.58 -29.92 -4.85 2.79 7.12 -0 -0 -2.71 -35.56 -0.63
28.45 28.19 -4.11 -2.62 -1.76 -41.25 0 0 0 -1.57 -1.66 -32.96 19.17 19.98 87.57 0.26 -7.6 15.28 0.1 2.03 5.58 0 0 0 17.87 5.17 -26.63 -13.79 -19.05 71.56 0.25 -17.78 9.96 -0.5 -4.55 12.64 -5.46 1.16 34.96 -2.1 -0.43 15.17 0.81 -0.46 -0.93 -17.47 -11.89 14.04 12.42 -18.49 4.48 6.51 -9.74 1.89 -0 -0 0 24.55 -35.51 -48.28 81.53 -59.73 -52.67 -0 0 -4.89 -4.67 2.52 -0.21 -7.12 0 -0 -24.61 31.74 8.71 -0 -0 0 62.36 5.73 33.09 -116.33 57.21 -82.59 0 0 12.9 -32.2 -5.35 3.36 7.12 -0 -0 -4.64 -36.26 -1
28.42 28.21 -4.12 -2.35 -1.75 -41.5 0 0 0 -1.68 -1.58 -32.39 19.27 19.99 87.86 0.21 -7.73 14.69 0.09 1.88 5.18 0 0 0 17.93 4.91 -26.77 -13.02 -18.79 69.18 0.58 -19.82 8.39 -0.73 -5.46 15.24 -6.27 1.15 35.42 -2.25 -0.78 14.54 1.18 -0.65 -1.73 -17.46 -11.99 13.01 12.98 -18.53 4.47 6.6 -9.74 2.1 -0 -0 0 23.93 -34.86 -46.65 81.26 -59.71 -52.44 -0 0 -4.88 -4.33 2.8 -0.21 -7.12 0 -0 -24.43 32.01 8.45 -0 -0 0 60.26 11.03 27.22 -127.28 54.03 -91.64 0 0 13.63 -35.86 -4.47 3.22 7.12 -0 -0 -7.67 -35.4 -1.82
28.39 28.2 -4.11 -1.9 -1.55 -41.22 0 0 0 -2.12 -1.3 -32.23 19.34 19.99 88.07 0.21 -7.47 14.33 0.06 1.56 4.3 0 0 0 17.41 4.8 -28.18 -12.42 -18.56 67.32 0.88 -20.83 6.14 -1.32 -7.27 20.51 -7.52 1.17 35.44 -2.08 -1.21 13.85 2.15 -0.89 -2.4 -17.72 -11.87 13.55 13.29 -18.4 2.91 6.83 -9.68 1.59 -0 -0 0 22.23 -33.84 -44.85 81.76 -59.74 -52.87 -0 0 -5.24 -5.28 3.29 -0.3 -7.12 0 -0 -25.26 32.41 8.52 -0 -0 0 56.93 18.54 20.29 -133.37 51.54 -96.49 0 0 13.93 -39.24 -3.15 2.57 7.12 -0 -0 -10.35 -33.9 -2.85
28.37 28.17 -4.1 -1.88 -1.3 -41.05 0 0 0 -2.25 -1.05 -31.85 19.25 19.99 87.81 0.25 -7.32 14.81 0.08 1.84 5.07 0 0 0 17.02 4.5 -30 -11.87 -18.33 65.57 0.81 -20.45 6.53 -1.13 -6.75 18.97 -8.12 1.05 36.76 -1.8 -1.76 12.5 2.92 -1.09 -4.12 -18.77 -12.05 11.8 13.62 -18.64 4.56 6.85 -9.79 2.52 0 0 0 20.2 -32.83 -42.53 82.25 -59.77 -53.29 -0 0 -5.58 -4.7 3.9 -0.32 -7.12 0 -0 -24.99 32.99 8.03 0 0 0 53.55 26.14 13.53 -135.93 50.31 -98.48 0 0 13.2 -44 -3.27 3.15 7.12 -0 -0 -14.26 -34.24 -3.87
28.36 28.2 -4.13 -1.49 -1.46 -40.97 0 0 0 -2.5 -0.25 -31.08 18.94 19.97 86.91 0.13 -9.56 15.67 0.01 -0.54 -1.5 0 0 0 16.55 4.54 -31.6 -11.14 -18 63.22 0.73 -19.83 6.75 -0.92 -6.12 17.12 -7.75 0.91 35.82 -2.38 -1.7 13.53 2.08 -1.11 -2.71 -16.47 -12.63 10.07 14.06 -18.81 3.02 6.58 -9.77 2.18 0 0 0 21.93 -31.62 -44.28 82.76 -59.8 -53.74 -0 0 -6.07 -4.29 4.55 -0.34 -7.12 0 -0 -24.86 33.61 7.57 0 0 0 49.79 35.54 4.61 -135.89 50.33 -98.44 0 0 12.8 -47.46 -4.21 4.57 7.12 -0 -0 -17.32 -35.71 -4.11
28.35 28.21 -4.14 -1.17 -1.79 -40.58 0 0 0 -2.32 0.68 -30.79 18.81 19.97 86.53 0.19 -10.02 17.02 0 -0.05 -0.14 0 0 0 16.19 4.8 -33.84 -10.54 -17.7 61.29 0.55 -18.55 7.41 -0.57 -4.84 13.44 -8.1 0.92 36.53 -1.95 -1.9 12.75 2.8 -1.18 -3.76 -17.4 -12.86 8.43 14.43 -19.02 3.27 6.65 -9.83 2.67 0 0 0 19.75 -29.37 -42.3 85.19 -59.91 -55.83 -0 0 -7.6 -3.68 5.01 -0.32 -7.12 0 -0 -24.52 34.07 7.14 0 0 0 44.22 43.1 -1.47 -133.74 51.37 -96.78 0 0 11.8 -45.2 -9.49 9.43 7.12 -0 -0 -16.55 -42.7 -0.97
28.35 28.17 -4.11 -0.35 -2.11 -40.62 0 0 0 -2.44 1.47 -30.32 18.9 19.97 86.79 0.15 -11.28 18 0.01 -0.71 -1.94 0 0 0 15.35 5.24 -36.3 -10.33 -17.59 60.58 0.31 -16.49 8.11 -0.19 -2.81 7.75 -7.81 1.38 37.35 -2.2 -1.31 13.02 2.17 -0.88 -3.8 -14.84 -13.92 5.34 13.46 -19.83 3.54 5.69 -10.08 3.02 -0 0 0 20.55 -28.61 -43.37 86.16 -59.94 -56.68 -0 0 -8.53 -3.43 5.34 -0.32 -7.12 0 -0 -24.43 34.38 6.91 -0 0 0 38.01 49.45 -9.84 -130.95 52.61 -94.58 0 0 12.54 -41.06 -11.56 9.9 7.12 -0 -0 -12.97 -44.76 -0.08
28.37 28.19 -4.14 0.79 -2.45 -40.48 0 0 0 -3.17 1.95 -29.68 18.78 19.96 86.42 0.37 -10.61 19.78 0.01 0.62 1.71 0 0 0 14.33 5.59 -38.66 -10 -17.41 59.48 0.02 -13.58 9.24 -0.01 0.68 -1.86 -8.02 1.66 37.33 -2.36 -1.02 13.58 2.01 -0.77 -3.2 -13.79 -14.13 3.17 13.71 -19.74 2.48 5.5 -9.94 2.96 0 0 0 20.51 -26.24 -43.83 87.4 -59.97 -57.75 -0 0 -9.07 -2.55 5.09 -0.23 -7.12 0 -0 -23.68 34.2 6.77 0 0 0 30.74 55.07 -17.22 -125.8 54.55 -90.44 0 0 13.41 -36.96 -13.37 9.87 7.12 -0 -0 -9.14 -46.34 0.3
28.38 28.17 -4.14 1.34 -2.87 -40.24 0 0 0 -3.13 1.9 -29.69 18.82 19.97 86.54 0.3 -12.1 20.76 0.01 -0.72 -1.99 0 0 0 13.94 5.98 -41.01 -9.77 -17.28 58.72 0.04 -12.41 8.2 -0.06 1.53 -4.22 -8.67 1.22 37.56 -1.92 -1.85 13.12 3.09 -1.2 -3.67 -16.61 -12.74 3.48 13.97 -18 2.75 6.14 -9.11 3.03 -0 0 0 17.52 -22.16 -42.1 89.53 -60 -59.59 -0 0 -10.59 -3.09 4.77 -0.26 -7.12 0 -0 -24.01 33.88 7.09 -0 0 0 25.3 60.14 -19.62 -120.23 56.25 -85.85 0 0 14.65 -34.18 -16.65 11.01 7.12 -0 -0 -6.34 -49.75 0.75
28.39 28.17 -4.17 1.49 -4.02 -40.01 0 0 0 -1.96 2.15 -29.71 18.84 19.97 86.61 0.52 -11.48 22.22 0 0.2 0.56 0 0 0 14.43 7.11 -42.78 -9.55 -17.15 57.98 0.13 -12.44 6.82 -0.02 0.84 -2.32 -7.38 1.46 38.14 -2.16 -1.13 13.66 1.93 -0.82 -3.39 -14.43 -13.05 1.72 13.87 -18.04 1.56 5.72 -9.05 2.76 0 0 0 18.66 -21.08 -43.96 90.9 -60 -60.78 -0 0 -12.17 -1.19 4.63 -0.1 -7.12 0 -0 -22.52 33.86 6.59 0 0 0 17.66 61.96 -27.87 -116.17 57.25 -82.45 0 0 12.51 -27.75 -19.14 9.79 7.12 -0 -0 0.51 -51.4 -0.08
28.39 28.16 -4.19 1.78 -4.31 -39.95 0 0 0 -1.63 1.43 -29.61 18.82 19.97 86.55 0.59 -11.25 22.61 0 0.12 0.34 0 0 0 14.27 7.51 -44.32 -9.49 -17.11 57.78 0.22 -12.84 5.87 -0.01 0.78 -2.13 -6.85 1.81 39 -2.13 -0.56 14 1.48 -0.52 -3.34 -13.91 -13.58 1.23 14.73 -18.69 1.03 5.81 -9.36 2.82 0 -0 0 18.96 -20.43 -45.32 92.29 -59.98 -61.98 -0 0 -13.39 0.01 3.68 0 -7.12 0 -0 -21.36 33.05 6.66 0 -0 0 13.64 62.6 -33.15 -116.62 57.15 -82.83 0 0 11.89 -32.04 -18.92 11.47 7.12 -0 -0 -3.94 -51.95 0.68
28.38 28.17 -4.21 2.45 -4.38 -40.1 0 0 0 -2.01 0.63 -29.16 18.6 19.95 85.89 0.67 -10.37 22.47 0 -0.04 -0.1 0 0 0 13.82 7.88 -45.36 -9.52 -17.13 57.87 0.13 -12.43 6.79 -0.18 2.77 -7.63 -7.7 2.08 39.95 -1.6 -0.61 14.04 2.48 -0.6 -3.55 -16.57 -12.85 1.72 15.81 -17.83 0.88 6.62 -8.95 2.92 0 0 0 17.34 -18.25 -45.62 93.47 -59.95 -63 -0 0 -13.14 0.01 3.48 0 -7.12 0 -0 -21.32 32.85 6.75 0 0 0 12.26 63.75 -34.3 -120.67 56.13 -86.22 0 0 12.19 -29.61 -17.99 9.96 7.12 -0 -0 -1.57 -50.46 0.21
28.38 28.16 -4.24 2.69 -4.21 -40.13 0 0 0 -2.09 -0.51 -29.23 18.42 19.94 85.39 0.8 -9.22 22.6 0.02 0.81 2.23 0 0 0 13.4 7.87 -45.75 -9.37 -17.04 57.35 0.1 -12.36 7.3 -0.16 2.56 -7.06 -6.99 2.26 41.17 -1.85 -0.23 14.44 1.7 -0.38 -3.51 -15.86 -13.13 2.84 16.96 -18.2 -1.21 6.98 -9.2 2.23 0 -0 0 17.69 -18.11 -47.36 95.37 -59.89 -64.65 -0 0 -12.43 3.25 3.69 0.21 -7.12 0 -0 -18.85 33.2 5.72 0 -0 0 9.18 63.56 -39.23 -122.68 55.55 -87.88 0 0 11.65 -28.71 -16.93 9.06 7.12 -0 -0 -0.83 -49.12 0.08
28.38 28.14 -4.25 1.92 -4.47 -40.06 0 0 0 -1 -1.35 -29.68 18.18 19.92 84.68 0.74 -9.17 22.08 0 0.32 0.87 0 0 0 14.24 7.42 -45.42 -9.1 -16.87 56.43 0.09 -12.34 7.41 -0.17 2.69 -7.41 -5.44 1.76 41.43 -1.81 -0.22 15.22 0.95 -0.34 -2.77 -15.66 -13.14 2.01 16.71 -18.1 -1.02 6.82 -9.12 2.36 0 -0 0 17.23 -17.92 -48.78 96.59 -59.84 -65.7 -0 0 -10.42 9.44 3.49 0.58 -7.12 0 -0 -13.93 33.27 4.11 0 -0 0 3.53 64.11 -44.92 -122.73 55.54 -87.92 0 0 11.83 -31.48 -16.79 10.03 7.12 -0 -0 -3.6 -49.43 0.39
28.38 28.12 -4.26 2.09 -4.16 -40.22 0 0 0 -1.3 -2.17 -29.89 17.82 19.89 83.62 0.77 -8.34 21.61 0 0.41 1.12 0 0 0 13.72 7.1 -44.48 -9 -16.81 56.1 0.16 -12.47 6.45 -0.15 2.48 -6.85 -5.52 1.61 41.77 -1.51 -0.43 15.45 1.38 -0.48 -2.59 -17.38 -12.43 4.75 16.85 -17.47 -2.12 7.41 -8.92 1.66 -0 0 0 14.44 -17.4 -48.11 99.17 -59.68 -67.93 -0 0 -8.54 16.69 3.24 0.97 -7.12 0 -0 -8.08 33.29 2.34 -0 0 0 -0.44 64.55 -47.86 -123.8 55.21 -88.8 0 0 12.78 -31.26 -17.9 10.57 7.12 -0 -0 -3.26 -50.65 0.45
28.37 28.09 -4.24 1.77 -3.6 -40.25 0 0 0 -1.33 -3.06 -30.39 17.38 19.83 82.32 0.84 -7.48 21.58 0.03 1.05 2.9 0 0 0 13.5 6.48 -43.24 -8.89 -16.74 55.73 0.12 -12.08 6.65 -0.12 2.22 -6.1 -4.42 1.2 42.21 -1.85 -0.53 15.84 0.5 -0.45 -2.31 -16.01 -13.15 6.09 16.06 -18.43 -3.17 7.04 -9.45 1.1 -0 0 0 13.2 -18.52 -48.25 101.02 -59.54 -69.53 -0 0 -6.13 25.11 1.74 0.81 -7.12 0 -0 -1.18 31.9 0.38 -0 0 0 -2.34 65.45 -52.28 -126.94 54.16 -91.36 0 0 9.77 -27.54 -16.79 8.57 7.12 -0 -0 0.3 -48.77 -0.03
28.34 28.08 -4.25 1.14 -2.43 -40.23 0 0 0 -1.65 -4.39 -30.84 16.72 19.74 80.36 0.75 -7.68 20.95 0.01 -0.46 -1.25 0 0 0 12.93 6.02 -41.18 -8.7 -16.61 55.06 0.17 -12.65 6.44 -0.1 2.03 -5.59 -3.49 0.75 42.02 -1.88 -0.64 16.74 0.02 -0.47 -1.27 -15.94 -12.92 6.62 16.47 -18.2 -2.96 7.21 -9.37 1.07 0 -0 0 12.92 -20.72 -50.52 102.2 -59.43 -70.54 -0 0 -6.06 29.05 0.06 0.03 -7.12 0 -0 1.96 30.05 -0.71 0 -0 0 -5.82 63.64 -55.88 -127.77 53.86 -92.04 0 0 9.42 -28.21 -17.16 8.99 7.12 -0 -0 -0.3 -49.29 0.03
28.31 28.08 -4.25 0.41 -2.3 -40.15 0 0 0 -1.07 -4.62 -31.37 15.9 19.59 77.93 0.82 -6.91 20.97 0 -0.02 -0.06 0 0 0 13.3 6.83 -38.88 -8.79 -16.67 55.35 0.24 -13.36 5.95 -0.02 0.94 -2.58 -2.83 0.42 42.19 -1.64 -0.78 16.73 -0.01 -0.51 -1.35 -17.41 -12.33 9.56 17.09 -17.89 -3.69 7.89 -9.33 0.53 -0 -0 0 12.67 -22.44 -52.47 102.72 -59.38 -70.99 -0 0 -6.24 27.55 -1.07 -0.56 -7.12 0 -0 0.76 28.77 -0.3 -0 -0 0 -7.1 64.23 -57.42 -129.32 53.27 -93.28 0 0 9.17 -27.56 -17.31 8.82 7.12 -0 -0 0.37 -49.35 -0.04
28.27 28.06 -4.24 -0.39 -1.87 -40.06 0 0 0 -0.69 -5.03 -32.01 15.09 19.41 75.5 0.68 -7.42 19.98 0.05 -1.42 -3.89 0 0 0 13.69 6.75 -37.05 -9.12 -16.88 56.5 0.21 -13.21 6.34 -0.07 1.7 -4.67 -1.88 0.02 42.19 -1.67 -0.88 17.04 -0.5 -0.5 -1.03 -17.4 -12.3 10.77 16.51 -18.03 -3.43 7.79 -9.42 0.38 -0 -0 0 13.65 -24.67 -54.94 102.17 -59.43 -70.52 -0 0 -5.16 26.46 -1.17 -0.58 -7.12 0 -0 -0.09 28.67 0.03 -0 -0 0 -8.55 64.21 -59.77 -130.3 52.87 -94.07 0 0 9.28 -27.56 -17 8.67 7.12 -0 -0 0.31 -49 -0.03
28.24 28.08 -4.23 -0.82 -1.09 -39.93 0 0 0 -0.99 -5.3 -32.48 14.28 19.2 73.05 0.62 -6.55 18.72 0.03 -1.1 -3.03 0 0 0 13.33 7.13 -35.3 -9.88 -17.34 59.07 0.44 -14.25 3.58 -0.22 -3.05 8.4 -1.55 -0.38 41.95 -1.71 -1.22 17.28 -0.59 -0.64 -0.7 -17.8 -12.19 12.57 16.32 -18.16 -3.9 7.95 -9.53 -0 -0 -0 0 13.33 -26.23 -56.34 103.66 -59.28 -71.8 -0 0 -4.94 26.25 -0.86 -0.42 -7.12 0 -0 -0.25 29.02 0.1 -0 -0 0 -9.06 64.71 -60.91 -131.82 52.24 -95.27 0 0 10.04 -26.51 -17.36 8.46 7.12 -0 -0 1.41 -49.23 -0.15
28.22 28.08 -4.21 -1.32 -1.28 -39.51 0 0 0 -0.45 -5.33 -33.3 13.42 18.93 70.43 0.65 -5.64 18.37 0 -0.29 -0.79 0 0 0 14.15 7.55 -34.07 -10.69 -17.78 61.76 0.45 -14.73 4.07 -0.31 -3.59 9.93 -0.55 -0.49 41.38 -1.9 -0.95 18.08 -1.4 -0.43 0.33 -16.72 -12.73 11.29 15.83 -18.61 -3.18 7.49 -9.71 0.33 0 0 0 13.74 -27.44 -57.64 106.57 -58.94 -74.3 -0 0 -4.99 27.51 0.64 0.34 -7.12 0 -0 0.75 30.7 -0.26 0 0 0 -11.22 63.67 -64.12 -132.76 51.82 -96.01 0 0 10.2 -26.67 -17.67 8.67 7.12 -0 -0 1.31 -49.59 -0.15
28.22 28.1 -4.19 -1.72 -0.82 -38.88 0 0 0 -0.64 -5.74 -34.18 12.52 18.6 67.64 0.64 -5.06 17.81 0 -0.18 -0.49 0 0 0 14.31 7.12 -33.53 -11.75 -18.28 65.18 0.41 -14.8 4.85 -0.24 -3.13 8.65 -0.12 -0.81 40.94 -1.89 -1.17 18.04 -1.54 -0.5 0.4 -16.98 -12.8 11.36 15.48 -18.81 -2.39 7.38 -9.8 0.57 -0 -0 0 12.09 -28.16 -56.94 109.57 -58.5 -76.86 -0 0 -3.93 26.7 0.92 0.46 -7.12 0 -0 0.1 31.01 -0.04 -0 -0 0 -11.4 63.82 -64.82 -133.87 51.31 -96.89 0 0 10.23 -26.23 -17.36 8.36 7.12 -0 -0 1.68 -49.18 -0.17
28.21 28.12 -4.17 -2.11 -0.78 -38.47 0 0 0 -0.42 -6.08 -34.61 11.77 18.29 65.27 0.63 -4.31 17.16 0 0.03 0.07 0 0 0 14.87 6.98 -32.81 -13 -18.78 69.12 0.49 -15.88 4.89 -0.58 -4.87 13.54 -0.35 -1.2 41 -1.57 -1.74 16.94 -0.88 -0.83 -0.85 -19.11 -11.68 14.47 15.45 -18.07 -2.59 7.97 -9.51 0.1 0 -0 0 7.65 -27.65 -53.92 112.82 -57.94 -79.63 -0 0 -4.24 26.33 -1.21 -0.6 -7.12 0 -0 -0.19 28.63 0.08 0 -0 0 -8.8 63.73 -60.02 -133.72 51.38 -96.76 0 0 8.99 -27.5 -17.82 9.05 7.12 -0 -0 0.51 -49.9 -0.06
28.21 28.15 -4.15 -2.06 -0.28 -38.2 0 0 0 -1.08 -6.65 -34.62 10.99 17.93 62.75 0.59 -3.98 16.5 0 -0.33 -0.9 0 0 0 14.72 6.13 -32.38 -14.42 -19.24 73.49 0.44 -16.05 5.95 -0.47 -4.38 12.14 0.33 -1.13 40.79 -2.16 -1.4 17.67 -1.98 -0.56 -0.01 -17.17 -13.2 11.95 15.6 -19.48 -1.92 7.42 -10.16 0.76 -0 0 0 8.78 -29.78 -55.62 114.65 -57.57 -81.18 -0 0 -2.48 25.06 -2.48 -1.16 -7.12 0 -0 -1.17 27.24 0.51 -0 0 0 -9.39 62.29 -62.76 -134.98 50.78 -97.75 0 0 9.36 -27.11 -17.84 8.91 7.12 -0 -0 0.9 -49.85 -0.11
28.21 28.19 -4.15 -1.88 0.06 -37.78 0 0 0 -1.7 -7.09 -34.6 10.27 17.56 60.38 0.6 -2.89 15.91 0.02 0.88 2.43 0 0 0 14.47 5.53 -32.25 -15.87 -19.59 77.83 0.24 -15.55 8.08 -0.3 -3.52 9.73 -0.36 -0.98 40.95 -1.95 -1.47 16.95 -1.36 -0.66 -0.84 -18.42 -13.14 12.09 15.93 -19.66 -0.93 7.63 -10.27 1.22 0 0 0 8.31 -30.82 -55.38 114.54 -57.6 -81.08 -0 0 -2.08 25.23 -3.34 -1.57 -7.12 0 -0 -1.05 26.29 0.48 0 0 0 -7.79 62.13 -61.06 -136.01 50.26 -98.54 0 0 8.86 -26.63 -17.99 8.81 7.12 -0 -0 1.41 -49.94 -0.17
28.22 28.24 -4.14 -2.54 0.04 -37.15 0 0 0 -1.25 -7.41 -34.82 9.74 17.26 58.6 0.56 -2.17 15.04 0.04 1.29 3.55 0 0 0 15.2 4.72 -32.22 -17.24 -19.82 81.91 0.28 -15.99 8.03 -0.57 -4.82 13.4 0.01 -1.17 40.21 -1.89 -1.56 16.96 -1.47 -0.69 -0.62 -17.6 -13.15 12.82 16.17 -19.57 -2.35 7.73 -10.25 0.61 0 0 0 8.53 -31.46 -55.85 115.14 -57.47 -81.59 -0 0 -1.04 26.67 -3.48 -1.75 -7.12 0 -0 0.04 26.08 -0.02 0 0 0 -7.49 62.75 -61.69 -137.52 49.47 -99.69 0 0 8.99 -25.87 -18.16 8.59 7.12 -0 -0 2.2 -49.99 -0.27
28.24 28.26 -4.12 -2.68 -0.23 -36.77 0 0 0 -1.19 -7.1 -35.04 9.46 17.09 57.66 0.49 -1.66 13.91 0.01 0.49 1.35 0 0 0 15.46 4.16 -32.27 -18.67 -19.96 86.12 0.24 -15.48 8.07 -0.63 -5.07 14.11 0.06 -0.9 39.9 -1.71 -1.19 17.12 -1.43 -0.51 -0.34 -17.26 -14.1 10.08 16.19 -20.51 -1.19 7.31 -10.63 1.51 0 -0 0 8.57 -33.05 -56.76 116.64 -57.14 -82.85 -0 0 -0.79 26.89 -3.95 -2 -7.12 0 -0 0.19 25.56 -0.09 0 -0 0 -7.55 61.71 -61.69 -137.03 49.73 -99.33 0 0 8.44 -26.91 -18.22 9.02 7.12 -0 -0 1.18 -50.23 -0.15
28.26 28.31 -4.11 -3.29 -0.54 -36.13 0 0 0 -0.73 -7.21 -35.31 9.38 17.04 57.38 0.42 -0.62 12.52 0.03 1.02 2.81 0 0 0 16.16 3.6 -32.45 -19.84 -20 89.54 0.27 -16.08 8.22 -0.78 -5.63 15.72 0.55 -0.98 39.47 -1.49 -1.11 16.7 -1.48 -0.46 -0.67 -17.11 -14.43 9.57 16.4 -20.91 -0.82 7.25 -10.82 1.77 -0 0 0 8.26 -34.64 -57.22 118.15 -56.78 -84.11 -0 0 -0.08 25.31 -4.02 -1.9 -7.12 0 -0 -1 25.53 0.47 -0 0 0 -6.63 62.49 -61.76 -138.1 49.15 -100.14 0 0 8.4 -24.66 -18.38 8.24 7.12 -0 -0 3.44 -50.04 -0.43
28.28 28.35 -4.1 -3.6 -1.03 -35.68 0 0 0 -0.35 -6.78 -35.59 9.51 17.13 57.85 0.43 0.36 12.26 0.08 1.79 4.93 0 0 0 16.71 3.31 -32.56 -20.92 -19.98 92.69 0.15 -15.75 9.41 -0.43 -4.21 11.68 0.23 -0.99 39.01 -1.19 -1.25 16.3 -0.96 -0.58 -0.96 -17.87 -14.2 9.52 16.92 -20.68 -1.04 7.52 -10.72 1.81 -0 -0 0 7 -35 -56.68 119.59 -56.42 -85.32 -0 -0 0.29 24.75 -3.54 -1.63 -7.12 0 -0 -1.42 26.08 0.65 -0 -0 0 -4.62 63.8 -59.55 -137.98 49.22 -100.04 0 0 8.78 -24.9 -18.02 8.17 7.12 -0 -0 3.13 -49.68 -0.36
28.31 28.38 -4.09 -3.15 -0.6 -35.42 0 0 0 -1.47 -6.57 -35.63 9.8 17.29 58.81 0.43 0.91 12.06 0.07 1.73 4.75 0 0 0 15.59 2.33 -32.47 -21.82 -19.92 95.34 0.13 -15.02 9.02 -0.7 -5.34 14.89 -0.52 -0.83 39.12 -1.2 -1.31 15.91 -0.55 -0.65 -1.41 -18.2 -14.42 9.6 17.96 -20.96 -2.05 7.88 -10.89 1.71 -0 0 0 6.53 -36.07 -56.97 120.85 -56.08 -86.36 -0 -0 1.37 23.41 -3.29 -1.42 -7.12 0 -0 -2.44 26.39 1.1 -0 0 0 -3.47 64.85 -59.14 -139.03 48.63 -100.84 0 0 9.42 -23.38 -18.36 7.75 7.12 -0 -0 4.7 -49.8 -0.56
28.32 28.41 -4.08 -3.32 -0.38 -35.1 0 0 0 -1.7 -6.51 -35.77 10.36 17.61 60.68 0.44 0.42 12.39 0.05 1.41 3.89 0 0 0 15.67 1.17 -32.7 -22.34 -19.87 96.85 -0.47 -11.95 13.8 -0.03 1.06 -2.91 -0.44 -0.83 38.79 -1.35 -1.28 15.95 -0.76 -0.62 -1.27 -16.51 -14.84 8.12 17.95 -21.11 -2.67 7.55 -10.91 1.62 0 0 0 7.09 -36.85 -56.93 121.75 -55.83 -87.11 -0 -0 1.61 23.7 -2.97 -1.3 -7.12 0 -0 -2.21 26.74 0.98 0 0 0 -1.09 63.39 -56.68 -137.28 49.6 -99.51 0 0 9.14 -26.25 -16.88 8.15 7.12 -0 -0 1.57 -48.67 -0.14
28.34 28.42 -4.07 -3.21 -0.38 -35 0 0 0 -2.07 -6.12 -35.88 11.15 18.01 63.26 0.45 -0.66 12.94 0.01 0.58 1.58 0 0 0 15.39 0.69 -32.64 -22.73 -19.82 98 -0.67 -9.79 15.18 -0.32 3.66 -10.12 -1.33 -0.78 38.84 -1.13 -1.55 15.31 0.03 -0.81 -1.97 -17.45 -14.58 7.76 18.21 -20.81 -2.59 7.73 -10.74 1.77 -0 -0 0 5.51 -36.36 -55.61 122.86 -55.5 -88.02 -0 -0 2.07 22.78 -2.68 -1.13 -7.12 0 -0 -2.93 27.07 1.28 -0 -0 0 1.38 64.41 -53.79 -137.41 49.53 -99.61 0 0 8.93 -26.29 -16.86 8.15 7.12 -0 -0 1.54 -48.65 -0.14
28.34 28.43 -4.06 -3.33 -0.27 -34.79 0 0 0 -2.21 -5.72 -36.2 12.16 18.46 66.5 0.45 -2.08 13.58 0.02 -0.83 -2.29 0 0 0 15.35 0.53 -32.68 -22.82 -19.81 98.27 -0.72 -9.59 15.54 -0.21 2.96 -8.16 -1.73 -0.61 38.65 -0.96 -1.47 14.91 0.39 -0.79 -2.34 -18.14 -14.61 8.87 19.5 -20.95 -4.25 8.36 -10.9 1.37 -0 -0 0 4.98 -36.67 -54.57 123.77 -55.22 -88.78 -0 -0 2.28 22.4 -2.21 -0.91 -7.12 0 -0 -3.22 27.59 1.37 -0 -0 0 4.04 64.37 -51.23 -137.4 49.54 -99.6 0 0 9.23 -25.97 -16.81 8.02 7.12 -0 -0 1.84 -48.55 -0.16
28.34 28.43 -4.04 -3.64 -0.34 -34.61 0 0 0 -1.88 -5.17 -36.66 13.52 18.96 70.72 0.41 -3.78 14.14 0.04 -1.24 -3.41 0 0 0 15.62 0.69 -32.62 -22.67 -19.83 97.83 -0.53 -10.35 13.94 -0.02 0.89 -2.44 -2.01 -0.64 38.39 -0.73 -1.59 14.59 0.82 -0.88 -2.6 -18.14 -14.16 8.74 19.56 -20.22 -5.14 8.48 -10.54 1 -0 -0 0 4.4 -36.29 -53.57 124.24 -55.07 -89.16 -0 -0 2.21 22 -2.08 -0.84 -7.12 0 -0 -3.53 27.73 1.49 -0 -0 0 6.24 64.59 -48.89 -137.5 49.48 -99.68 0 0 9 -25.72 -17.17 8.09 7.12 -0 -0 2.15 -48.9 -0.21
28.35 28.39 -4.01 -3.84 -0.47 -34.56 0 0 0 -1.5 -4.68 -36.96 15.13 19.42 75.63 0.44 -3.95 14.61 0.01 -0.72 -1.99 0 0 0 15.82 0.53 -32.78 -22.27 -19.88 96.66 -0.82 -7.74 16.23 -0.17 2.68 -7.39 -1.33 -0.49 38.34 -1.16 -1.18 14.81 -0.13 -0.62 -2.37 -15.66 -14.73 6.53 19.2 -20.44 -5.48 7.85 -10.58 1 -0 -0 0 6.22 -37.42 -53.69 124.2 -55.08 -89.13 -0 -0 2.74 22.33 -1.62 -0.67 -7.12 0 -0 -3.29 28.22 1.34 -0 -0 0 7.04 63.49 -49.55 -137.88 49.28 -99.97 0 0 8.92 -26.08 -17.04 8.16 7.12 -0 -0 1.77 -48.81 -0.17
28.35 28.37 -4 -3.75 -0.47 -34.58 0 0 0 -1.49 -4.12 -36.98 16.72 19.74 80.36 0.44 -4.55 15.02 0.03 -1.17 -3.2 0 0 0 15.85 0.9 -32.56 -21.51 -19.95 94.42 -0.79 -7.8 15.97 -0.14 2.45 -6.75 -2 -0.37 38.06 -0.99 -1.27 14.4 0.43 -0.7 -2.71 -16.3 -14.2 7.37 19.22 -19.79 -6.38 8.12 -10.29 0.56 -0 0 0 5.3 -36.54 -51.82 123.8 -55.21 -88.8 -0 -0 2.76 22.82 -1.47 -0.62 -7.12 0 -0 -2.91 28.38 1.18 -0 0 0 9.98 63.75 -46.3 -137.77 49.34 -99.89 0 0 8.71 -25.95 -16.88 8.04 7.12 -0 -0 1.87 -48.61 -0.17
28.35 28.37 -4 -3.93 -0.42 -34.69 0 0 0 -1.07 -3.7 -36.71 18.33 19.93 85.13 0.47 -5.12 15.88 0.01 -0.49 -1.34 0 0 0 16.03 1.63 -31.93 -20.43 -20 91.27 -0.26 -13.34 12.33 -0.94 -6.18 17.31 -1.89 -0.31 37.89 -1.03 -1.15 14.38 0.29 -0.63 -2.68 -16 -13.87 6.12 19.11 -19.17 -6.22 8 -9.92 0.66 0 0 0 5.65 -37.09 -51.34 123.74 -55.23 -88.75 -0 -0 3.18 22.46 -1.39 -0.57 -7.12 0 -0 -3.2 28.47 1.29 0 0 0 11.5 63.18 -45.02 -137.43 49.52 -99.62 0 0 8.57 -26.62 -16.79 8.24 7.12 -0 -0 1.2 -48.62 -0.11
28.35 28.38 -3.99 -4.32 -0.69 -34.62 0 0 0 -0.04 -3.1 -36.69 19.97 20 89.92 0.52 -6.02 17.11 0 -0.13 -0.36 0 0 0 16.85 2.3 -31.61 -19.02 -19.98 87.14 -0.17 -13.99 11.73 -0.87 -5.95 16.65 -1.81 -0.43 37.48 -0.84 -1.25 14.21 0.48 -0.69 -2.73 -16.21 -13.61 5.64 18.71 -18.73 -6.61 7.93 -9.67 0.53 0 0 0 5.05 -36.38 -49.98 123.33 -55.36 -88.41 -0 -0 3.65 22.72 -1.32 -0.55 -7.12 0 -0 -2.99 28.54 1.2 0 0 0 12.82 63.55 -43.29 -137.31 49.58 -99.54 0 0 8.62 -27.09 -16.18 8.11 7.12 -0 -0 0.65 -48.03 -0.05
28.35 28.38 -3.99 -4.02 -0.42 -34.54 0 0 0 -0.06 -2.62 -36.41 21.42 19.95 94.16 0.51 -7.52 18.29 0.01 -0.58 -1.6 0 0 0 16.69 2.44 -31.61 -17.45 -19.84 82.54 -0.27 -13.62 12.55 -0.35 -3.79 10.49 -2.17 -0.27 37.51 -1.04 -1.21 13.66 0.45 -0.66 -3.34 -16 -13.35 6.32 18.78 -18.4 -7.21 8.04 -9.54 0.17 0 0 0 4.87 -36.42 -48.41 123.1 -55.42 -88.23 -0 -0 3.72 22.86 -1.11 -0.47 -7.12 0 -0 -2.89 28.77 1.14 0 0 0 15.48 62.8 -40.71 -136.86 49.83 -99.19 0 0 8.18 -27.35 -15.53 7.89 7.12 -0 -0 0.29 -47.35 -0.02
28.36 28.38 -3.98 -3.96 -0.37 -34.54 0 0 0 0.42 -1.87 -36.28 22.78 19.81 98.16 0.49 -8.91 19.39 0.02 -0.86 -2.35 0 0 0 16.77 2.82 -31.33 -15.73 -19.56 77.43 0.07 -15.33 9.94 -0.53 -4.64 12.9 -1.96 -0.03 37.19 -1.25 -0.83 13.92 -0.01 -0.46 -2.97 -15.33 -13.04 3.31 17.63 -17.78 -4.83 7.32 -9.06 1.06 0 0 0 6.04 -37.43 -48.28 122.6 -55.58 -87.81 -0 -0 3.96 23.27 -1.16 -0.5 -7.12 0 -0 -2.57 28.71 1.02 0 0 0 15.81 62.02 -41.33 -136.99 49.75 -99.3 0 0 8.38 -27.03 -15.62 7.82 7.12 -0 -0 0.61 -47.4 -0.04
28.36 28.39 -3.98 -3.88 -0.41 -34.55 0 0 0 1.03 -0.94 -36.01 23.88 19.63 101.42 0.46 -10.23 20.34 0.04 -1.26 -3.47 0 0 0 16.96 3.07 -31.11 -13.86 -19.07 71.77 0.2 -16.31 9.3 -0.24 -3.18 8.79 -2.08 0.09 36.78 -1.18 -0.7 13.88 0.08 -0.4 -2.87 -15.78 -12.87 1.98 17.74 -17.53 -3.5 7.28 -8.86 1.67 0 0 0 5.6 -37.67 -47.33 122.56 -55.59 -87.78 -0 -0 4.13 23.04 -1.01 -0.43 -7.12 0 -0 -2.75 28.88 1.08 0 0 0 16.69 61.79 -40.25 -136.78 49.86 -99.13 0 0 8.35 -27.25 -15.65 7.91 7.12 -0 -0 0.41 -47.47 -0.02
28.36 28.4 -3.98 -3.9 -0.42 -34.52 0 0 0 1.71 -0.18 -35.81 24.73 19.45 103.96 0.52 -10.68 21.4 0.05 -1.45 -3.98 0 0 0 17.17 3.2 -30.88 -11.97 -18.38 65.88 0.52 -17.9 6.99 -0.51 -4.56 12.65 -2.49 0.22 37.36 -0.84 -0.69 12.96 0.66 -0.41 -4.07 -15.66 -12.37 2.33 16.94 -16.85 -3.7 7.13 -8.53 1.35 -0 -0 0 3.92 -37.46 -45.04 122.21 -55.69 -87.49 -0 -0 4.55 23.44 -1.07 -0.46 -7.12 0 -0 -2.44 28.81 0.96 -0 -0 0 19.37 61.4 -36.8 -136.8 49.86 -99.14 0 0 7.9 -27.14 -15.3 7.7 7.12 -0 -0 0.46 -47.06 -0.02
28.36 28.41 -3.98 -4.04 -0.53 -34.21 0 0 0 2.63 0.46 -35.98 25.4 19.28 105.99 0.77 -10.34 23.34 0 0.27 0.74 0 0 0 17.5 3.56 -31.04 -10.15 -17.49 59.99 0.69 -18.9 5.99 -0.64 -5.13 14.27 -2.14 0.24 36.83 -0.9 -0.53 12.91 0.35 -0.32 -3.95 -15.32 -11.78 0.27 16.69 -15.88 -2.46 6.91 -7.95 1.85 0 0 0 3.92 -38.08 -44.64 122.24 -55.68 -87.52 -0 -0 4.59 23.08 -0.97 -0.41 -7.12 0 -0 -2.72 28.92 1.07 0 0 0 20.41 61.18 -35.93 -136.9 49.8 -99.23 0 0 8.62 -27.72 -15.24 7.86 7.12 -0 -0 -0.1 -47.09 0.01
28.36 28.43 -3.98 -4.04 -0.22 -34.21 0 0 0 2.78 0.3 -35.76 25.65 19.22 106.74 0.7 -10.96 23.35 0.09 -1.98 -5.45 0 0 0 17.48 3.55 -30.79 -8.42 -16.42 54.07 0.76 -19.33 5.65 -0.71 -5.37 14.98 -2.36 0.29 36.78 -0.67 -0.54 12.4 0.71 -0.32 -4.49 -14.94 -11.21 -0.01 15.78 -15.11 -1.84 6.62 -7.55 1.84 -0 -0 0 2.16 -38.62 -42.72 122.42 -55.63 -87.67 -0 -0 5.57 23 -0.91 -0.39 -7.12 0 -0 -2.78 28.98 1.09 -0 -0 0 21.94 60.71 -33.9 -137.21 49.64 -99.46 0 0 8.66 -27.31 -15.61 7.91 7.12 -0 -0 0.35 -47.44 -0.02
28.36 28.42 -3.96 -4.45 -0.22 -34.13 0 0 0 3.48 0.09 -35.79 25.71 19.2 106.93 0.93 -12.04 26.24 0.01 0.7 1.93 0 0 0 17.9 3.8 -30.84 -6.97 -15.31 48.77 0.71 -19.01 5.91 -0.4 -4.08 11.31 -2.32 0.34 37.3 -0.15 -0.44 11.33 1.21 -0.27 -5.83 -15.24 -10.2 0.52 15.37 -13.84 -1.22 6.67 -6.93 1.73 -0 -0 0 -0.27 -38.92 -40.02 122.59 -55.58 -87.81 -0 -0 5.83 22.93 -0.94 -0.4 -7.12 0 -0 -2.84 28.96 1.11 -0 -0 0 24.2 59.67 -30.7 -137.33 49.57 -99.55 0 0 8.33 -27.21 -15.35 7.75 7.12 -0 -0 0.4 -47.13 -0.02
28.36 28.41 -3.95 -4.31 0.01 -33.93 0 0 0 3.01 -0.16 -35.99 25.43 19.28 106.06 0.86 -13.18 26.75 0 0.42 1.15 0 0 0 17.66 4.01 -31.22 -5.81 -14.25 44.23 0.6 -18.21 6.33 -0.3 -3.49 9.66 -2.24 0.33 36.95 -0.24 -0.42 11.32 1.07 -0.25 -5.73 -14.5 -9.5 -1.17 14.7 -12.75 -0.07 6.32 -6.32 2.08 0 0 0 -0.53 -39.43 -39.59 122.59 -55.58 -87.81 -0 -0 5.81 22.97 -1.32 -0.56 -7.12 0 -0 -2.8 28.54 1.12 0 0 0 24.32 59.42 -30.66 -137.42 49.53 -99.62 0 0 8.56 -27.35 -15.36 7.8 7.12 -0 -0 0.27 -47.16 -0.01
28.36 28.42 -3.95 -4.48 0.05 -33.97 0 0 0 2.66 -0.77 -35.68 24.78 19.44 104.11 0.84 -13.21 26.66 0 0.31 0.85 0 0 0 17.86 4.14 -31.16 -4.73 -13.07 39.64 0.45 -17.45 7.34 -0.09 -1.98 5.45 -1.9 0.3 36.93 -0.13 -0.33 11.12 0.98 -0.2 -5.95 -14.48 -8.63 -2 14.66 -11.56 0.88 6.34 -5.69 2.31 -0 0 0 -1.52 -39.8 -38.41 122.56 -55.59 -87.78 -0 -0 6.16 23.52 -1.7 -0.74 -7.12 0 -0 -2.36 28.12 0.97 -0 0 0 24.89 58.76 -29.7 -137.55 49.46 -99.72 0 0 8.39 -27.3 -15.24 7.73 7.12 -0 -0 0.3 -47.02 -0.01
28.37 28.42 -3.95 -4.46 0.09 -34.03 0 0 0 1.99 -1.33 -35.42 23.88 19.64 101.4 0.87 -12.42 26.1 0.01 0.66 1.82 0 0 0 17.96 4.31 -31.25 -3.95 -12.09 36.06 0.31 -16.46 8.08 -0.02 -1 2.74 -1.57 0.29 36.82 -0.17 -0.22 11.19 0.72 -0.14 -5.84 -13.53 -8.47 -2.56 14.52 -11.26 0.55 6.15 -5.52 2.2 -0 -0 0 -1.6 -40.28 -38.15 122.04 -55.74 -87.35 -0 -0 6.21 23.56 -1.84 -0.8 -7.12 0 -0 -2.33 27.97 0.97 -0 -0 0 24.68 58.47 -29.96 -137.37 49.55 -99.58 0 0 8.96 -27.37 -15.58 7.91 7.12 -0 -0 0.28 -47.41 -0.02
28.38 28.38 -3.93 -4.83 -0.31 -34.04 0 0 0 2.05 -1.61 -35.44 22.77 19.82 98.12 0.91 -11.8 25.88 0.01 0.63 1.74 0 0 0 18.7 4.52 -31.88 -3.53 -11.5 34 0.17 -15.58 9.03 -0.02 0.85 -2.35 -0.9 0.28 36.93 0.03 0.03 11.21 0.49 -0.01 -5.87 -12.79 -7.63 -3.76 13.8 -10.03 1.03 5.85 -4.87 2.29 0 0 0 -1.77 -40.32 -38.16 122.07 -55.73 -87.38 -0 -0 6.24 23.64 -1.73 -0.76 -7.12 0 -0 -2.27 28.09 0.94 0 0 0 24.08 58.05 -30.06 -136.84 49.83 -99.18 0 0 9.27 -28.11 -15.37 8.06 7.12 -0 -0 -0.46 -47.28 0.03
28.39 28.36 -3.92 -4.65 -0.4 -34.28 0 0 0 0.94 -2.4 -34.88 21.19 19.97 93.5 1 -10.37 25.32 0.03 1.11 3.05 0 0 0 18.71 4.66 -32.23 -3.32 -11.19 32.93 0.25 -15.46 7.94 -0 0.41 -1.13 -0.75 0.28 36.77 -0.07 0.07 11.47 0.29 0.01 -5.52 -12.36 -6.9 -4.73 13.74 -9.04 2.01 5.78 -4.33 2.58 -0 -0 0 -2.03 -40.38 -38.06 122.02 -55.75 -87.34 -0 -0 6.45 23.53 -1.84 -0.8 -7.12 0 -0 -2.35 27.97 0.98 -0 -0 0 23.37 58.11 -30.78 -137.05 49.72 -99.34 0 0 9.07 -27.72 -15.35 7.92 7.12 -0 -0 -0.09 -47.21 0
28.41 28.36 -3.93 -4.44 -0.32 -34.42 0 0 0 -0.07 -3.18 -34.63 19.49 19.99 88.51 0.78 -10.3 23.4 0.04 -1.32 -3.64 0 0 0 18.65 4.55 -32.6 -3.2 -11.01 32.32 0.36 -15.96 6.95 -0 -0.34 0.92 -0.68 0.39 36.83 -0.08 0.23 11.67 0.19 0.09 -5.33 -11.16 -6.67 -5.4 12.96 -8.67 1.75 5.36 -4.13 2.48 0 -0 0 -1.86 -40.92 -38.2 121.73 -55.83 -87.09 -0 -0 6.25 24.16 -1.75 -0.78 -7.12 0 -0 -1.87 28.06 0.77 0 -0 0 22.25 58.14 -31.77 -136.58 49.97 -98.98 0 0 9.7 -28.07 -15.58 8.15 7.12 -0 -0 -0.39 -47.51 0.02
28.41 28.33 -3.93 -4.57 -0.67 -34.58 0 0 0 -0.28 -3.6 -34.53 17.73 19.88 83.34 1.01 -9.32 24.49 0.09 1.89 5.2 0 0 0 19.18 4.64 -32.99 -3.32 -11.2 32.94 0.57 -16.38 4.36 -0.29 -3.49 9.63 -0.42 0.24 36.57 0.11 0.16 11.81 0.28 0.05 -5.09 -11.89 -5.63 -5.65 13.13 -7.26 2.61 5.61 -3.42 2.63 0 0 0 -2.45 -40.6 -38.05 121.23 -55.97 -86.68 -0 -0 6.4 24.38 -1.98 -0.9 -7.12 0 -0 -1.7 27.8 0.71 0 0 0 22.18 58.91 -31.27 -136.4 50.07 -98.84 0 0 9.99 -27.96 -15.25 7.95 7.12 -0 -0 -0.33 -47.13 0.02
28.42 28.28 -3.9 -4.94 -1.07 -34.85 0 0 0 -0.14 -4.11 -34.56 15.97 19.61 78.14 0.89 -8.76 23.07 0.01 0.64 1.77 0 0 0 20.04 4.58 -33.07 -3.51 -11.47 33.9 0.54 -16.25 4.62 -0.1 -2.03 5.59 -0.06 0.23 37.01 0.44 0.29 11.58 0.39 0.11 -5.49 -11.51 -4.97 -6.59 12.09 -6.44 5.16 5.24 -2.99 3.38 0 0 0 -3.6 -40.89 -37.36 120.68 -56.13 -86.22 -0 -0 6.19 24.57 -2.22 -1.01 -7.12 0 -0 -1.55 27.54 0.66 0 0 0 22.44 59 -30.47 -136.04 50.25 -98.56 0 0 9.97 -28.1 -15.01 7.87 7.12 -0 -0 -0.5 -46.88 0.02
28.43 28.25 -3.87 -3.96 -0.33 -35.35 0 0 0 -2.05 -5.25 -34.15 14.2 19.17 72.8 0.85 -7.09 21.35 0 0.3 0.84 0 0 0 18.84 4.18 -33.03 -3.95 -12.09 36.06 0.58 -15.93 3.45 -0.17 -2.65 7.32 -1.15 0.36 36.92 0.26 0.05 11.67 0.85 -0.02 -5.36 -11.11 -3.94 -5.15 11.24 -5.18 5.31 5.01 -2.43 3 -0 -0 0 -4.29 -41.05 -37.01 120.13 -56.27 -85.77 -0 -0 5.98 24.06 -2.33 -1.04 -7.12 0 -0 -1.94 27.42 0.83 -0 -0 0 22.5 59.13 -29.66 -135.51 50.52 -98.16 0 0 9.53 -27.69 -15.78 8.12 7.12 -0 -0 0 -47.68 -0
28.43 28.22 -3.85 -4.94 -1.07 -35.3 0 0 0 -0.89 -5.57 -34.86 12.73 18.68 68.28 0.66 -6.94 19.37 0.02 -0.97 -2.66 0 0 0 20.5 4.02 -33.04 -4.42 -12.7 38.25 0.37 -14.82 5.57 -0.01 0.56 -1.54 0.34 0.26 36.44 0.43 0.48 12.16 0.11 0.22 -4.66 -9.87 -4.25 -7.18 10.18 -5.61 7.96 4.42 -2.58 4.12 0 0 0 -3.34 -42.74 -38.04 118.79 -56.62 -84.65 -0 -0 6.73 24.58 -3.12 -1.42 -7.12 0 -0 -1.54 26.55 0.69 0 0 0 21 58.33 -30.83 -134.28 51.12 -97.2 0 0 9.4 -29.18 -14.82 8.13 7.12 -0 -0 -1.55 -46.83 0.07
28.42 28.2 -3.84 -4.68 -0.77 -35.73 0 0 0 -1.52 -6.33 -34.92 11.31 18.09 63.79 0.6 -4.84 17.25 0.01 -0.72 -1.97 0 0 0 20.25 3.68 -32.73 -5.2 -13.6 41.66 0.42 -14.86 4.79 -0.02 -0.9 2.46 0.11 0.23 35.93 0.2 0.34 12.66 0.04 0.15 -4.08 -9.21 -3.78 -6.92 9.67 -5.14 9.8 4.19 -2.35 4.55 -0 0 0 -3.13 -43.27 -38.29 117.74 -56.88 -83.77 -0 -0 7.24 24.79 -3.57 -1.65 -7.12 0 -0 -1.39 26.05 0.64 -0 0 0 21.15 58.97 -30.81 -133.43 51.52 -96.54 0 0 9.74 -28.99 -14.65 7.98 7.12 -0 -0 -1.39 -46.62 0.06
28.41 28.19 -3.84 -4.08 -0.23 -36.12 0 0 0 -2.67 -6.94 -34.9 10.03 17.43 59.59 0.49 -2.93 14.63 0 -0.31 -0.84 0 0 0 19.46 3.13 -32.47 -6.2 -14.62 45.79 0.47 -14.73 3.6 -0.06 -1.57 4.32 -0.93 0.21 36.34 0.3 -0.05 11.71 0.83 -0.06 -5.12 -9.77 -3.4 -3.42 8.56 -4.8 11.28 4.01 -2.35 4.36 -0 -0 0 -5.73 -42.94 -35.6 116.92 -57.08 -83.09 -0 -0 7.31 24.79 -3.65 -1.68 -7.12 0 -0 -1.39 25.96 0.64 -0 -0 0 23.93 58.72 -26.22 -132.61 51.89 -95.9 0 0 9.54 -29.71 -14.27 8.01 7.12 -0 -0 -2.12 -46.29 0.07
28.4 28.19 -3.84 -4.16 -0.3 -36.52 0 0 0 -2.72 -7.12 -35 8.97 16.79 55.98 0.42 -1.86 13.11 0 0.08 0.23 0 0 0 19.73 2.68 -31.94 -7.34 -15.61 50.16 0.59 -15.77 2.99 -0.19 -2.82 7.78 -0.77 0.28 36.23 0.31 0.11 11.92 0.69 0.02 -4.85 -9.04 -3.18 -3.79 7.26 -4.51 14.19 3.5 -2.24 5.24 -0 0 0 -5.64 -43.96 -35.69 115.34 -57.43 -81.76 -0 -0 7.53 25.05 -4.42 -2.06 -7.12 0 -0 -1.2 25.11 0.58 -0 0 0 23.22 57.81 -26.1 -131.44 52.4 -94.97 0 0 9.24 -29.77 -15.08 8.47 7.12 -0 -0 -2.1 -47.22 0.11
28.39 28.2 -3.86 -4.37 -0.34 -36.59 0 0 0 -2.61 -7.39 -35.4 8.03 16.14 52.67 0.4 -0.13 12.04 0.07 1.76 4.84 0 0 0 20.13 1.84 -31.79 -8.62 -16.55 54.75 0.61 -16.28 3.52 -0.19 -2.82 7.77 -0.24 0.43 35.71 0.2 0.48 12.71 0.17 0.21 -3.95 -7.74 -3.06 -6.07 5.85 -4.24 17.9 2.85 -2.1 6.73 0 -0 0 -3.8 -45.71 -37.34 113.63 -57.78 -80.31 -0 -0 7.44 25.29 -5.3 -2.5 -7.12 0 -0 -1.04 24.12 0.52 0 -0 0 21.27 57.61 -28.69 -130.63 52.74 -94.32 0 0 9.84 -30.03 -15.17 8.6 7.12 -0 -0 -2.34 -47.36 0.14
28.37 28.2 -3.9 -4.06 -0.05 -36.91 0 0 0 -3.2 -7.45 -35.24 7.21 15.5 49.66 0.43 0.51 12.27 0.17 2.63 7.24 0 0 0 19.75 1.08 -31.5 -10.18 -17.51 60.09 0.8 -17.41 1.83 -0.51 -4.59 12.73 -0.64 0.31 35.27 0.03 0.18 12.72 0.31 0.06 -3.79 -8 -2.29 -3.5 5.04 -3.23 19.3 2.74 -1.74 6.65 0 0 0 -4.26 -45.14 -36.6 112.64 -57.97 -79.47 -0 -0 6.89 25.39 -5.57 -2.64 -7.12 0 -0 -0.97 23.82 0.5 0 0 0 21.9 57.73 -27.33 -129.36 53.25 -93.32 0 0 9.69 -30.06 -15.18 8.62 7.12 -0 -0 -2.36 -47.37 0.14
28.35 28.23 -3.96 -3.91 -0.06 -37.3 0 0 0 -3.53 -7.38 -34.57 6.42 14.82 46.63 0.43 0.48 12.29 0.05 1.5 4.11 0 0 0 19.73 0.5 -30.9 -11.79 -18.3 65.33 0.91 -18.45 1.69 -0.69 -5.32 14.82 -0.9 0.21 34.85 -0.05 -0.03 13.02 0.44 -0.05 -3.32 -8.16 -1.67 -1.75 4.14 -2.36 20.38 2.56 -1.44 6.63 0 0 0 -3.52 -44.09 -36.87 110.91 -58.28 -78.01 -0 -0 7.18 25.74 -5.73 -2.76 -7.12 0 -0 -0.71 23.62 0.37 0 0 0 21.53 58.39 -26.98 -128.59 53.55 -92.69 0 0 9.16 -30.58 -15.13 8.77 7.12 -0 -0 -2.87 -47.39 0.17
28.34 28.25 -4.01 -3.8 -0.2 -37.7 0 0 0 -3.7 -7.18 -33.94 5.91 14.34 44.62 0.45 0.52 12.5 0.06 1.57 4.32 0 0 0 19.67 -0.34 -30.25 -13.46 -18.94 70.54 0.89 -18.71 2.63 -0.65 -5.16 14.36 -0.89 0.29 35.11 -0.07 0.07 13.13 0.38 -0 -3.29 -8.23 -1.22 -0.18 3.52 -1.77 21.16 2.42 -1.23 6.57 -0 -0 0 -2.61 -43.43 -36.93 109.21 -58.56 -76.55 -0 -0 6.99 26.65 -5.6 -2.8 -7.12 0 -0 -0.04 23.72 0.02 -0 -0 0 20.39 57.23 -27.26 -127.21 54.06 -91.58 0 0 8.79 -30.75 -15.56 9.07 7.12 -0 -0 -2.99 -47.91 0.22
28.33 28.26 -4.05 -4.09 -0.48 -38.11 0 0 0 -3.32 -7.12 -33.45 5.7 14.13 43.76 0.49 0.12 13.17 0.05 1.4 3.86 0 0 0 19.98 -1.1 -29.71 -15.23 -19.45 75.93 1.06 -19.84 1.92 -1.03 -6.46 18.13 -0.58 0.03 35.21 -0.08 -0.16 13.31 0.28 -0.11 -3.12 -8.88 -0.63 1.97 3.28 -1.07 21.44 2.5 -0.98 6.25 -0 -0 0 -1.58 -42.03 -37.64 108.15 -58.72 -75.65 -0 -0 7.14 25.86 -5.69 -2.75 -7.12 0 -0 -0.63 23.66 0.32 -0 -0 0 18.74 56.26 -27.16 -125.83 54.54 -90.46 0 0 7.51 -32.33 -15.96 9.87 7.12 -0 -0 -4.52 -48.63 0.41
28.31 28.28 -4.1 -3.7 -0.44 -38.51 0 0 0 -3.8 -6.99 -32.68 5.61 14.04 43.41 0.48 -0.11 13.1 0.02 1 2.76 0 0 0 19.2 -1.87 -29.32 -17.07 -19.79 81.4 0.86 -19.3 4.13 -0.76 -5.55 15.5 -1.2 0.35 35.99 -0.06 0.03 13.37 0.56 -0.04 -3.32 -9.43 -0.24 3.6 3.36 -0.69 22.09 2.64 -0.86 6.17 -0 0 0 -0.06 -40.64 -38.29 107.11 -58.86 -74.76 -0 -0 6.9 24.97 -5.25 -2.44 -7.12 0 -0 -1.28 24.2 0.64 -0 0 0 17.16 55.15 -28.34 -124.93 54.85 -89.73 0 0 7.23 -32.44 -16.6 10.29 7.12 -0 -0 -4.59 -49.38 0.5
28.31 28.29 -4.12 -4.56 -1.24 -38.48 0 0 0 -2.49 -6.53 -32.87 5.86 14.29 44.4 0.52 -0.32 13.72 0.09 1.93 5.32 0 0 0 20.16 -2.31 -29.2 -18.82 -19.97 86.53 0.63 -18.43 6.18 -0.72 -5.42 15.12 -0.21 0.18 36.41 0.2 0.16 13.14 0.26 0.05 -3.58 -9.15 -0.08 5.17 2.33 -0.44 23.12 2.28 -0.82 6.24 -0 -0 0 1.09 -39.05 -38.57 106.39 -58.96 -74.14 -0 -0 6.5 24.13 -5.66 -2.53 -7.12 0 -0 -1.91 23.79 0.98 -0 -0 0 16.03 53.58 -29 -124.95 54.84 -89.75 0 0 6.3 -31.55 -18.01 10.75 7.12 -0 -0 -3.54 -50.83 0.51
28.3 28.3 -4.15 -4.24 -0.9 -38.63 0 0 0 -3.09 -6.37 -32.59 6.24 14.66 45.96 0.55 -0.23 14.1 0.07 1.67 4.59 0 0 0 18.95 -3.11 -29.08 -20.46 -19.99 91.34 0.18 -16.63 9.79 -0.33 -3.72 10.28 -0.95 -0.06 35.81 -0.02 -0.42 13.61 0.62 -0.26 -2.99 -10.03 0.67 7.37 2.38 0.31 23.43 2.47 -0.55 5.94 0 0 0 2.46 -35.69 -39.06 106.01 -59.01 -73.82 -0 -0 5.07 23.92 -5.87 -2.6 -7.12 0 -0 -2.07 23.56 1.07 0 0 0 14.89 53.36 -30.24 -124.59 54.96 -89.45 0 0 6.29 -30.29 -18.33 10.41 7.12 -0 -0 -2.21 -50.96 0.32
28.29 28.32 -4.17 -3.32 0.01 -38.98 0 0 0 -4.64 -6.27 -31.83 6.75 15.12 47.93 0.58 0.27 14.36 0.12 2.21 6.08 0 0 0 16.71 -3.98 -29 -21.93 -19.91 95.65 -0.03 -14.78 10.67 -0.15 -2.49 6.87 -2.62 0.16 36.42 -0.27 -0.73 13.75 1.34 -0.47 -3.02 -10.84 1.02 9.9 2.5 0.43 22.79 2.63 -0.55 5.34 -0 0 0 3.48 -32.84 -39.16 105.85 -59.03 -73.68 -0 -0 2.74 24.78 -6.15 -2.83 -7.12 0 -0 -1.44 23.21 0.76 -0 0 0 13.21 52.19 -32.41 -124.51 54.98 -89.38 0 0 6.1 -28.45 -18.73 9.87 7.12 -0 -0 -0.28 -51.07 0.04
28.28 28.34 -4.19 -3.73 -0.13 -38.97 0 0 0 -4.06 -6.25 -31.83 7.62 15.83 51.19 0.64 0.13 15.09 0.11 2.13 5.87 0 0 0 16.73 -4.71 -28.96 -22.99 -19.78 98.78 -0.11 -14.19 11.21 -0.1 -2.06 5.66 -2.87 0.14 36.99 -0.05 -0.85 13.64 1.74 -0.56 -3.18 -11.32 1.54 11.57 2.86 0.82 22.95 2.82 -0.39 5.11 0 -0 0 4.07 -29.89 -39.55 106.87 -58.9 -74.56 -0 -0 1.29 23.57 -6.38 -2.77 -7.12 0 -0 -2.34 23.03 1.24 0 -0 0 11.87 51.21 -34.1 -124.42 55.01 -89.31 0 0 4.16 -29.21 -20.69 11.18 7.12 -0 -0 -0.69 -53.38 0.14
28.29 28.33 -4.18 -3.64 -0.15 -39.01 0 0 0 -4.05 -5.79 -31.86 8.67 16.59 54.94 0.64 -1.59 15.75 0.01 -0.54 -1.47 0 0 0 16 -5.35 -29.06 -23.96 -19.62 101.65 0.13 -15.16 9.21 -0.53 -4.67 12.97 -3.72 0 37.76 -0.08 -1.37 13.48 2.32 -0.84 -3.56 -11.92 2.27 14.11 2.5 1.43 22.02 2.77 -0.15 4.42 0 -0 0 4.45 -26.2 -39.66 107.59 -58.8 -75.18 -0 -0 1.39 22.34 -6.83 -2.8 -7.12 0 -0 -3.25 22.6 1.75 0 -0 0 11.24 51.18 -35.1 -124.45 55 -89.34 0 0 4.08 -27.52 -23.57 11.77 7.12 -0 -0 1.85 -56.16 -0.51
28.29 28.34 -4.19 -4.05 -0.29 -38.89 0 0 0 -3.38 -5.5 -32.24 10.05 17.44 59.66 0.67 -1.87 16.24 0 0.29 0.81 0 0 0 16.12 -6.17 -29.99 -24.53 -19.5 103.35 -0.3 -12.99 12.58 -0 0.32 -0.89 -4.07 -0.05 38.49 0.18 -1.58 13.53 2.85 -0.97 -3.71 -11.41 2.55 13.91 1.52 2.03 22.92 2.38 0.1 4.72 0 -0 0 4.44 -23.51 -40.12 109.55 -58.51 -76.84 -0 -0 1.1 20.93 -5.18 -1.98 -7.12 0 -0 -4.29 24.44 2.14 0 -0 0 10.45 50.4 -36.38 -124.04 55.14 -88.99 0 0 4.18 -26.92 -24.8 12.03 7.12 -0 -0 2.91 -57.35 -0.88
28.31 28.32 -4.18 -5.41 -1.38 -38.29 0 0 0 -1.05 -4.62 -33.46 11.71 18.26 65.05 0.63 -3.43 16.61 0.02 -0.86 -2.36 0 0 0 17.95 -5.92 -30.61 -24.84 -19.43 104.28 0.13 -15.16 9.17 -0.43 -4.22 11.69 -3.41 -0.46 39.34 0.64 -1.87 12.94 3.13 -1.09 -4.62 -13.96 3.24 16.02 3.13 2.09 23.01 3.3 -0.03 4.42 0 -0 0 3.73 -20.38 -39.51 111.16 -58.24 -78.22 -0 -0 2.45 22.59 -3.3 -1.37 -7.12 0 -0 -3.06 26.4 1.38 0 -0 0 10.48 49.96 -35.42 -124.58 54.96 -89.44 0 0 0.97 -29.09 -23.14 12.34 7.12 -0 -0 0.01 -56.04 -0
28.32 28.34 -4.17 -4.94 -0.97 -38.15 0 0 0 -1.45 -4.04 -33.46 13.32 18.9 70.12 0.64 -3.17 16.62 0 -0.33 -0.91 0 0 0 16.8 -5.49 -31.38 -24.9 -19.41 104.46 0 -14.36 10.07 -0.39 -4.03 11.15 -5.26 -0.13 39.79 0.87 -2.17 13.05 4.44 -1.31 -4.53 -15.28 3.8 16.96 3.46 2.43 22.76 3.6 0.04 4.18 0 -0 0 2.89 -17.51 -39.53 113.9 -57.73 -80.54 -0 -0 2.07 22.55 -1.5 -0.62 -7.12 0 -0 -3.12 28.35 1.27 0 -0 0 9.79 49.7 -35.56 -126.39 54.35 -90.91 0 0 0.25 -30.64 -22.38 12.71 7.12 -0 -0 -1.87 -55.55 0.48
28.33 28.36 -4.16 -5.18 -0.64 -37.98 0 0 0 -1.05 -3.6 -33.61 15.03 19.4 75.31 0.69 -3.9 17.57 0 0.01 0.02 0 0 0 16.65 -5.41 -31.93 -24.45 -19.52 103.12 -0.27 -12.29 11.92 -0.11 -2.11 5.8 -6.43 -0.03 40.78 1.33 -2.52 12.73 5.69 -1.52 -5.07 -16.46 4.47 18.27 3.64 2.84 22.83 3.82 0.13 4 0 -0 0 2.28 -15.05 -39.4 116.17 -57.25 -82.45 -0 -0 0.91 23.64 -0.59 -0.26 -7.12 0 -0 -2.29 29.33 0.88 0 -0 0 9.8 49.4 -35.26 -127.9 53.81 -92.14 0 -0 -2.1 -32.1 -22.9 13.72 7.12 -0 -0 -3.39 -56.45 0.95
28.34 28.33 -4.12 -5.4 -0.7 -37.36 0 0 0 -0.2 -3.13 -34.26 16.83 19.76 80.69 0.69 -5.08 18.3 0 -0.41 -1.14 0 0 0 17.16 -5.21 -31.78 -23.67 -19.67 100.78 -0.41 -11.18 12.9 -0.12 -2.25 6.18 -8.02 0.23 41.52 1.97 -2.86 12.06 7.36 -1.69 -5.88 -17.93 5.61 20.88 3.94 3.46 21.89 4.07 0.34 3.32 -0 0 0 1.51 -11.83 -38.46 119.12 -56.54 -84.93 -0 0 -1.59 24.73 0.74 0.34 -7.12 0 -0 -1.46 30.79 0.51 -0 0 0 10 48.97 -34.28 -129.06 53.37 -93.08 0 -0 -5.71 -34.05 -22.15 14.3 7.12 -0 -0 -5.72 -56.05 1.56
28.36 28.34 -4.09 -5.95 -0.54 -36.67 0 0 0 0.8 -2.94 -34.58 18.37 19.94 85.22 0.78 -5.57 19.61 0 0.42 1.15 0 0 0 18.15 -4.98 -32.13 -22.25 -19.88 96.6 -0.87 -6.78 16.62 -0.33 3.68 -10.17 -8.95 0.37 41.64 2.64 -3.02 12.19 8.62 -1.84 -5.67 -18.93 6.08 21.99 3.96 3.59 20.73 4.18 0.38 2.81 -0 0 0 1.11 -10.02 -38.92 121.76 -55.82 -87.12 -0 0 -5.07 25.93 0.81 0.4 -7.12 0 -0 -0.5 30.89 0.17 -0 0 0 9.49 47.78 -35.28 -131 52.59 -94.62 0 -0 -7.51 -33.92 -22.2 14.25 7.12 -0 -0 -5.56 -56.07 1.51
28.37 28.37 -4.05 -5.92 0.16 -35.75 0 0 0 0.78 -3.02 -34.7 19.69 20 89.08 0.82 -6.66 20.82 0 0.15 0.41 0 0 0 18.06 -4.16 -32.18 -20.53 -19.99 91.55 -0.82 -9.87 16.6 -0 -0.26 0.71 -9.13 0.52 42.2 2.59 -2.95 11.72 8.67 -1.74 -6.37 -19.13 6.14 23.22 4.7 3.27 20.34 4.45 0.23 2.54 -0 -0 0 1.35 -10.36 -39.35 124.17 -55.09 -89.11 -0 0 -6.45 26.84 1.47 0.74 -7.12 0 -0 0.21 31.63 -0.07 -0 -0 0 10.66 44.65 -35.92 -133.6 51.44 -96.67 0 -0 -10.35 -34.07 -22.97 14.78 7.12 -0 -0 -5.62 -56.99 1.65
28.39 28.36 -3.98 -5.84 1.05 -34.29 0 0 0 0.81 -3.07 -35.62 20.87 19.98 92.55 0.8 -8.34 21.88 0.01 -0.47 -1.28 0 0 0 17.79 -3.71 -32.81 -18.58 -19.95 85.85 -0.6 -12.96 15.4 -0.36 -3.88 10.73 -9.3 0.32 41.75 2.23 -3.25 11.41 8.48 -1.84 -6.52 -19.41 6.42 25.19 5.66 3.03 18.85 4.77 0.14 1.83 -0 0 0 1.47 -11.06 -41.03 126.71 -54.24 -91.17 -0 0 -6.36 26.03 1.59 0.78 -7.12 0 -0 -0.44 31.75 0.14 -0 0 0 12.3 42.15 -36.51 -135.96 50.29 -98.51 0 -0 -12.39 -34.46 -23.03 15.03 7.12 -0 -0 -6.07 -57.15 1.81
28.39 28.41 -3.9 -6.08 1.43 -32.46 0 0 0 1.45 -2.91 -36.56 21.56 19.94 94.57 0.99 -8.62 23.81 0.01 -0.45 -1.25 0 0 0 18.5 -2.5 -33.47 -16.02 -19.62 78.29 -0.41 -15.72 14.95 -0.44 -4.23 11.73 -9.35 0.37 41.53 2.32 -3.19 10.9 8.6 -1.75 -7.04 -20.13 6.3 25.23 6.78 2.62 19.22 5.29 -0.13 1.94 0 -0 0 0.85 -11.41 -42.71 130.21 -52.91 -93.99 -0 0 -7.56 24.46 1.94 0.88 -7.12 0 -0 -1.71 32.11 0.54 0 -0 0 13.87 39.23 -37.26 -138.53 48.92 -100.46 0 -0 -14.64 -34.29 -23.73 15.35 7.12 -0 -0 -5.77 -57.9 1.83
28.39 28.51 -3.81 -6.41 1.94 -30.59 0 0 0 1.88 -2.95 -37.07 21.57 19.94 94.58 1.43 -8.95 27.39 0.01 0.59 1.64 0 0 0 19.53 -1.89 -33.36 -12.98 -18.78 69.07 0.35 -20.07 11.06 -1 -6.36 17.85 -9.32 0.5 41.75 2.6 -3.01 10.01 8.87 -1.55 -8.13 -20.41 6.29 26.88 7.48 2.12 18.46 5.58 -0.39 1.56 -0 -0 0 -0.27 -11.44 -43.49 134.06 -51.22 -97.03 -0 0 -8.59 26.31 2.56 1.27 -7.12 0 -0 -0.23 32.84 0.07 -0 -0 0 15.89 35.56 -38.05 -141.41 47.21 -102.6 0 -0 -17.88 -34.41 -23.26 15.14 7.12 -0 -0 -5.97 -57.4 1.82
28.39 28.62 -3.68 -6.15 2.49 -28.13 0 0 0 1.32 -3.1 -37.33 20.82 19.98 92.41 2.17 -7.16 31.09 0.02 0.88 2.41 0 0 0 19.83 -0.62 -33.57 -9.95 -17.38 59.32 0.72 -21.22 8.53 -0.89 -6.02 16.84 -9.7 0.49 40.85 2.44 -3.12 9.41 8.95 -1.54 -8.48 -20.55 6.33 28.07 8.1 1.84 17.16 5.81 -0.5 1.03 0 0 0 -0.8 -10.63 -45.33 138.17 -49.12 -100.19 -0 0 -10.02 24 3.82 1.7 -7.12 0 -0 -2.17 34.15 0.58 0 0 0 18.06 32.6 -39.67 -144.05 45.48 -104.52 0 -0 -20.68 -33.4 -23.94 14.98 7.12 -0 -0 -4.68 -57.92 1.48
28.38 28.73 -3.49 -7.14 2.67 -25.6 0 0 0 2.24 -3.66 -37.73 19.39 19.99 88.22 2.8 -6.16 34.24 0.02 -0.85 -2.34 0 0 0 21.6 0.43 -33.77 -7.09 -15.41 49.22 1.11 -21.78 4.72 -1.16 -6.84 19.24 -10.05 0.69 39.61 3.28 -2.77 9.53 9.9 -1.42 -7.99 -20.32 5.83 28.15 7.93 1.29 15.55 5.73 -0.66 0.58 0 -0 0 -2.35 -9.52 -48.54 142.23 -46.69 -103.2 -0 0 -11.02 23.12 5.14 2.19 -7.12 0 -0 -2.98 35.55 0.69 0 -0 0 18.63 30.38 -43.14 -146.27 43.89 -106.07 0 -0 -23.85 -33.59 -23.62 14.9 7.12 -0 -0 -4.96 -57.61 1.53
28.42 28.83 -3.26 -6.34 3.74 -22.95 0 0 0 -0.04 -5.06 -36.69 16.78 19.75 80.56 3.86 -4.31 38.79 0.04 1.29 3.54 0 0 0 20.92 0.93 -34.23 -4.75 -13.09 39.71 0.97 -20.82 4.95 -0.72 -5.42 15.11 -9.92 0.7 40.26 2.98 -2.86 7.26 9.67 -1.14 -10.77 -20.15 5.71 31.15 8.5 0.53 14.84 5.96 -1.08 0.12 0 0 0 -4.27 -9.9 -48.59 146.08 -44.02 -105.94 -0 0 -12.85 22.84 6.3 2.65 -7.12 0 -0 -3.3 36.79 0.67 0 0 0 20.92 24.96 -44.15 -148.79 41.91 -107.79 0 -0 -28.28 -33.84 -23.79 15.14 7.12 -0 -0 -5.23 -57.86 1.65
28.47 28.91 -2.95 -5.83 4.13 -20.59 0 0 0 -1.94 -5.79 -34.17 13.32 18.89 70.1 3.94 -3.03 38.7 0.13 2.31 6.35 0 0 0 20.94 1.66 -34.9 -3.21 -11.03 32.38 1.03 -20.78 4.06 -1.01 -6.4 17.95 -10.32 0.67 38.25 2.98 -2.86 6.88 9.85 -1.12 -10.49 -20.45 5.48 32.18 8.65 -0.06 14.02 6.11 -1.37 -0.17 -0 -0 0 -6.31 -9.97 -50.65 149.23 -41.55 -108.08 -0 0 -14.23 22.99 6.86 2.9 -7.12 0 -0 -3.22 37.41 0.6 -0 -0 0 22.39 20.83 -45.98 -150.49 40.47 -108.91 0 -0 -30.67 -34.32 -24.36 15.73 7.12 -0 -0 -5.7 -58.62 1.9
28.54 28.96 -2.58 -3.95 4.88 -19.35 0 0 0 -5.98 -6.24 -28.89 9.39 17.05 57.44 2.48 -5.1 31.9 0.02 -1 -2.76 0 0 0 19.76 0.66 -36.31 -2.62 -10.06 29.18 1.17 -21.44 3.21 -1 -6.36 17.82 -11.8 0.78 36.47 2.44 -3.18 6.73 10.12 -1.26 -9.87 -20.18 5.43 33.92 8.46 -0.4 13.05 6.04 -1.51 -0.6 0 -0 0 -8.1 -8.47 -52.02 151.6 -39.48 -109.62 -0 0 -15.81 22.3 7.4 3.02 -7.12 0 -0 -3.86 37.94 0.67 0 -0 0 23.86 15.87 -46.65 -151.79 39.31 -109.74 0 -0 -32.94 -34.48 -25.49 16.47 7.12 -0 -0 -5.68 -59.94 2.08
28.62 28.97 -2.13 -4.08 3.5 -18.68 0 0 0 -6.79 -5.08 -22.81 6.01 14.44 45.01 1.12 -4.02 21.83 0.04 -1.31 -3.6 0 0 0 21.41 0.82 -36.91 -2.46 -9.76 28.22 1.75 -23.76 -1.16 -1.38 -7.42 20.97 -10.6 0.27 33.53 1.94 -3.07 7.15 8.85 -1.34 -8.53 -21.31 5.85 34.43 9.17 -0.41 13.11 6.47 -1.62 -0.62 0 0 0 -9.27 -4.84 -52.88 153.41 -37.78 -110.76 -0 0 -18.39 22.5 8.1 3.34 -7.12 0 -0 -3.77 38.72 0.58 0 0 0 25.48 11.31 -45.98 -152.76 38.41 -110.35 0 -0 -35.42 -35.68 -25.71 17.3 7.12 -0 -0 -7.13 -60.5 2.7
28.72 28.91 -1.63 -4.04 1.52 -19.98 0 0 0 -7.4 -4.27 -14.14 3.43 11.36 33.5 0.66 4.47 14.52 0.02 -0.84 -2.31 0 0 0 22.6 1.27 -35.04 -2.64 -10.09 29.27 2.22 -25.73 -4.48 -2.26 -9.39 27.01 -9.99 0.52 31.09 1.85 -2.28 8.15 8.06 -1.13 -6.67 -21.75 5.64 34.17 8.84 -0.78 14.65 6.46 -1.88 -0.03 0 -0 0 -10.61 -0.25 -52.14 154.67 -36.54 -111.51 -0 0 -21.35 24.99 8.01 3.71 -7.12 0 -0 -1.61 38.8 0.25 0 -0 0 26.55 8.33 -45.43 -153.37 37.83 -110.73 0 -0 -37.3 -35.77 -25.65 17.32 7.12 -0 -0 -7.25 -60.45 2.74
28.85 28.87 -1.1 -2.53 0.99 -22.67 0 0 0 -10.28 -4.74 -5.65 2.12 9.12 26.16 0.52 10.93 13.95 0.08 1.81 4.97 0 0 0 21.61 -0.81 -31.19 -2.93 -10.57 30.86 2.33 -26.16 -5.66 -2.38 -9.62 27.74 -10.25 0.87 29.16 1.16 -1.68 9.26 7.77 -0.95 -5.17 -20.43 4.69 34.6 7.56 -1.57 15.84 5.89 -2.22 0.42 -0 0 0 -11.68 3.52 -50.01 155.34 -35.86 -111.91 -0 0 -23.15 26.71 8.38 4.2 -7.12 0 -0 -0.14 39.35 0.02 -0 0 0 26.93 6.47 -45.64 -153.59 37.61 -110.86 0 -0 -38.73 -35.07 -24.88 16.46 7.12 -0 -0 -6.52 -59.4 2.3
28.96 28.78 -0.6 -1.98 0.89 -24.44 0 0 0 -11.58 -2.23 -1.92 1.83 8.5 24.26 0.62 4.78 13.98 0.07 1.66 4.55 0 0 0 21.08 -3.02 -28.19 -3.4 -11.32 33.38 2.53 -26.9 -8.01 -2.73 -10.24 29.77 -9.92 0.85 26.57 1.17 -1.31 9.91 7.36 -0.9 -3.3 -19.55 3.59 34.29 6.82 -2.54 16.74 5.59 -2.65 0.84 -0 -0 0 -11.46 6.78 -48.3 155.26 -35.93 -111.87 -0 0 -25.16 27.61 8.58 4.46 -7.12 0 -0 0.63 39.64 -0.08 -0 -0 0 25.72 6.15 -46.49 -153.37 37.82 -110.73 0 -0 -39.24 -34.57 -24.93 16.2 7.12 -0 -0 -5.9 -59.33 2.07
29.04 28.59 -0.07 -1.76 1.52 -25.93 0 0 0 -12.02 1.88 0.21 2.01 8.89 25.45 0.35 -1.74 11.89 0 -0.25 -0.7 0 0 0 20.25 -5.84 -25.79 -4.19 -12.41 37.21 2.62 -27.26 -8.94 -2.99 -10.67 31.18 -9.56 0.54 24.14 1.13 -1.35 10.21 7.03 -1 -1.8 -18.34 2.38 33.34 5.74 -3.4 18.24 5.09 -3.03 1.49 -0 0 0 -10.37 8.35 -46.26 154.75 -36.46 -111.56 -0 0 -26.85 29.74 8.94 5.07 -7.12 0 -0 2.48 40.23 -0.29 -0 0 0 24.29 7.04 -47.39 -152.87 38.31 -110.42 0 -0 -39.25 -33.37 -24.93 15.52 7.12 -0 -0 -4.46 -59.02 1.53
29.11 28.35 0.46 -4.21 -0.3 -26.7 0 0 0 -8.06 4.94 0.48 2.8 10.36 30.14 0.34 -3.63 12.88 0.05 -1.48 -4.08 0 0 0 23.33 -6.77 -22.27 -4.65 -12.98 39.29 2.63 -27.28 -11.31 -3.59 -11.59 34.31 -6.36 -0.06 20.83 1.91 -1.19 10.87 5.9 -0.95 0.4 -18.93 1.88 29.3 7.18 -3.56 21.55 5.66 -3.26 2.97 0 -0 0 -8.82 8.69 -46.38 153.79 -37.42 -110.98 -0 0 -28 28.92 9.89 5.42 -7.12 0 -0 1.71 41.24 -0.16 0 -0 0 22.06 9.17 -48.59 -151.6 39.49 -109.62 0 -0 -38.72 -31.79 -25.39 14.88 7.12 -0 -0 -2.47 -59.14 0.85
29.17 28.07 0.97 -5.15 -1.17 -26.99 0 0 0 -5.95 7.59 -0.36 3.78 11.86 35.22 0.84 -2.62 18.48 0.04 -1.35 -3.7 0 0 0 24.19 -8.08 -18.61 -4.92 -13.29 40.46 2.27 -25.77 -14.16 -5 -13.38 40.82 -3.57 0.11 18.8 1.72 -0.41 10.31 3.92 -0.42 0.63 -16.33 -0.06 28.9 7.1 -5.23 20.52 5.28 -3.84 2.77 -0 0 0 -5.13 5.35 -45.79 152.22 -38.91 -110.02 -0 0 -30.2 28.47 10.69 5.74 -7.12 0 -0 1.26 42.09 -0.09 -0 0 0 20.27 8.09 -49.68 -149.66 41.19 -108.37 0 -0 -38.38 -30.41 -26.36 14.61 7.12 -0 -0 -0.56 -59.86 0.2
29.21 27.69 1.46 -6.64 -2.24 -27.5 0 0 0 -3.19 9.2 -0.74 4.84 13.2 40.11 1.41 -1.63 23.12 0.02 -0.91 -2.51 0 0 0 25.91 -9.18 -14.42 -5.01 -13.39 40.85 2.67 -27.53 -12.82 -4.44 -12.72 38.33 -1.14 -0.37 17.91 1.78 -0.64 8.7 2.64 -0.4 -0.69 -15.18 -0.58 29.29 6.51 -5.65 20.65 4.92 -3.99 2.77 0 -0 0 -0.96 3.69 -44.42 149.11 -41.64 -108 -0 0 -29.07 28.58 10.99 5.93 -7.12 0 -0 1.33 42.45 -0.08 0 -0 0 17.76 8.77 -49.01 -146.9 43.41 -106.51 0 -0 -38.9 -27.92 -27.1 13.57 7.12 -0 -0 2.64 -60.04 -0.97
29.27 27.26 1.93 -5.7 -2.7 -26.66 0 0 0 -4.04 9.94 -1.28 5.67 14.1 43.64 1.5 -0.76 23.48 0.01 -0.73 -2 0 0 0 24.74 -9.12 -11.68 -5.18 -13.58 41.58 2.75 -27.85 -9.64 -4.07 -12.26 36.65 -1.24 -0.39 15.29 1.47 -0.67 7.9 2.34 -0.41 -0.18 -16.8 -1.84 23.67 7.47 -7.06 24.36 5.43 -4.84 4.85 0 -0 0 2.43 0.57 -46.8 145.54 -44.43 -105.56 -0 0 -30.36 24.56 11.57 5.24 -7.12 0 -0 -2.35 42.65 0.14 0 -0 0 13.46 11.26 -49.89 -142.73 46.37 -103.57 0 -0 -37.7 -26.14 -27.42 12.73 7.12 -0 -0 4.84 -59.94 -1.77
29.34 26.73 2.38 -5.36 -4.2 -25.88 0 0 0 -4.07 10.54 -1.07 6.36 14.77 46.43 1.12 -1.54 20.58 0.11 -2.13 -5.88 0 0 0 24.62 -8.28 -8.38 -5.19 -13.59 41.63 2.55 -27.16 -6.63 -3.7 -11.74 34.83 -0.87 -0.34 13.25 1.58 -0.55 7 2.2 -0.33 -0.06 -16.48 -3.34 20.53 7.05 -8.53 25.41 5.14 -5.51 5.75 -0 0 0 6.6 -2.03 -49.25 140.42 -47.82 -101.87 -0 0 -30.67 21.31 12.7 4.9 -7.12 0 -0 -5.46 43.51 0.2 -0 0 0 7.2 13.43 -51.7 -136.35 50.09 -98.8 0 -0 -38.13 -24.39 -28.12 12.06 7.12 -0 -0 7.17 -60.24 -2.67
29.4 26.14 2.8 -5.31 -5.53 -24.63 0 0 0 -4.13 10.68 -0.89 6.61 14.99 47.37 0.84 -3.74 19.08 0.28 -3.38 -9.34 0 0 0 24.69 -7.88 -5.73 -5.04 -13.43 41 2.38 -26.68 -4.21 -3.82 -11.92 35.46 -0.14 -0.27 11.33 1.67 -0.35 5.64 1.85 -0.21 -0.46 -16.72 -4.53 17.74 7.01 -9.81 26.32 5.04 -6.14 6.62 -0 0 0 12.13 -4.33 -51.47 132.64 -51.87 -95.92 -0 0 -30.57 15.69 12.77 3.55 -7.12 0 -0 -10.51 42.98 0.53 -0 0 0 0.92 15.05 -53.07 -127.66 53.9 -91.94 0 -0 -38.13 -22.51 -28.71 11.26 7.12 -0 -0 9.63 -60.39 -3.63
29.45 25.47 3.18 -5.64 -7.85 -23 0 0 0 -3.78 10.77 -0.91 6.59 14.98 47.31 0.81 -3.82 18.81 0.17 -2.63 -7.25 0 0 0 25.59 -6.73 -3.42 -4.76 -13.11 39.78 2.4 -26.48 -5.95 -4.5 -12.8 38.62 1.1 -0.08 9.31 1.98 0 4.45 1.42 -0.01 -0.6 -13.31 -5.69 18.5 3.39 -10.29 21.94 3.33 -6.09 4.77 0 0 0 17.93 -5.75 -53.29 120.76 -56.1 -86.29 -0 0 -29.1 12.52 11.5 2.54 -7.12 0 -0 -13 41.4 1.18 0 0 0 -5.91 16.89 -54.97 -115.27 57.44 -81.7 0 -0 -38.07 -20.4 -28.01 9.91 7.12 -0 -0 11.56 -59.18 -4.04
29.57 24.73 3.51 1.15 -6.26 -21.87 0 0 0 -13.63 9.65 0.32 5.55 13.98 43.14 1.01 -1.44 19.58 0.15 -2.51 -6.91 0 0 0 16.43 -7.72 -3.74 -5.15 -13.55 41.46 1.92 -24.87 -1.1 -3.14 -10.92 32.01 -4.44 0.35 7.73 -0.27 0.14 3.34 2.2 0.03 -0.89 -12.27 -7.34 16.28 2.36 -11.96 21.28 2.72 -6.82 4.89 -0 0 0 24.25 -7.87 -55.37 104.94 -59.14 -72.9 -0 0 -27 9.72 9.78 1.67 -7.12 0 -0 -14.98 39.46 2.1 -0 0 0 -13.53 17.34 -57.95 -98.26 59.74 -67.15 0 -0 -38.11 -18.36 -27.47 8.7 7.12 -0 -0 13.45 -58.19 -4.39
29.58 23.87 3.89 1.29 -7.64 -22.23 0 0 0 -14.12 8.88 4.39 4.42 12.7 38.25 1.31 0.85 21.42 0.11 -2.1 -5.77 0 0 0 16.1 -7.62 -0.45 -5.1 -13.5 41.27 1.81 -24.82 0.68 -2.88 -10.5 30.61 -3.93 0.79 7.82 0.35 0.77 3.3 2.5 0.35 -1.03 -13.34 -8.4 13.51 2.19 -13.14 20.61 2.66 -7.42 5.25 0 0 0 30.78 -6.32 -58.31 82.73 -59.8 -53.71 -0 0 -29.42 6.46 8.16 0.92 -7.12 0 -0 -17.3 37.65 3.25 0 0 0 -23.03 16.02 -61.02 -78.26 59.47 -49.85 0 -0 -38.49 -17.32 -26.44 7.9 7.12 -0 -0 13.96 -56.94 -4.14
29.67 22.89 4.14 7.03 -6.15 -21.31 0 0 0 -22.5 6.59 5.46 3.44 11.38 33.57 1.56 4.91 22.52 0.02 0.83 2.27 0 0 0 7.94 -8.92 -0.63 -4.96 -13.34 40.64 0.87 -22.44 8.36 -2.14 -9.16 26.3 -9.04 0.74 8.03 0.74 0.2 0.72 5.85 0.25 -3.8 -21.07 -7.17 16.23 3.62 -13.06 18.31 4.37 -7.8 4.79 -0 -0 0 33.8 -8.97 -57.73 57.73 -55.67 -32.46 -0 0 -26.9 7.63 5.78 0.77 -7.12 0 -0 -15.81 35.42 3.84 -0 -0 0 -35.22 16.9 -60.52 -58.08 55.78 -32.75 0 -0 -38.79 -17.92 -25.1 7.81 7.12 -0 -0 12.64 -55.74 -3.37
29.68 21.9 4.37 3.4 -8.95 -17.41 0 0 0 -18.88 3.46 2.74 3.28 11.13 32.73 1.32 1.97 21.15 0 -0.35 -0.97 0 0 0 13.68 -6.17 -0.89 -4.35 -12.61 37.94 1.15 -24.91 8.71 -2.7 -10.2 29.63 -3.51 1.46 5.37 0.87 1.76 0.51 2.74 0.92 -2.62 -17.79 -9.75 15.02 3.27 -15.75 15.95 3.67 -8.8 4.23 0 -0 0 43.04 -8.87 -61.5 43.06 -49.78 -20.74 -0 0 -19.95 14.01 8.78 2.18 -7.12 0 -0 -11.13 38.8 1.72 0 -0 0 -42.19 13.07 -63.21 -43.92 50.23 -21.41 0 -0 -35.85 -21.75 -26.61 10.13 7.12 -0 -0 9.33 -58.08 -3
29.68 20.76 4.48 -2.69 -11.79 -13.2 0 0 0 -12.23 -0.46 -0.83 3.74 11.8 35.04 0.66 0.53 15.15 0 -0.28 -0.76 0 0 0 22.61 -1.98 -0.61 -3.74 -11.81 35.06 1.4 -26.86 8.94 -3.21 -11.03 32.39 2.18 0.24 5.07 2.19 0.52 -0.5 0.99 0.24 -3.36 -14.1 -9.95 11.28 2.29 -14.95 15.36 2.72 -8.16 4.14 -0 -0 0 46.77 -3.34 -58.17 40.5 -48.36 -18.81 -0 0 -12.99 24.71 11.98 5.46 -7.12 0 -0 -2.27 43.12 0.11 -0 -0 0 -48.19 16.73 -72.71 -38 46.84 -16.96 0 -0 -28.51 -30.15 -29.35 15.89 7.12 -0 -0 0.91 -63.02 -0.4
29.66 19.37 4.55 -4.44 -12.2 -12.12 0 0 0 -10.32 -3.3 -2.01 4.19 12.41 37.19 0.51 0.24 13.38 0.17 2.67 7.36 0 0 0 25.39 -1.46 -0.84 -4.06 -12.23 36.57 0.95 -25.4 10.98 -1.32 -7.28 20.54 3.69 0.62 6.09 2.97 1.19 -0.12 0.89 0.55 -3.53 -14.72 -11 11.44 4.37 -16.53 11.23 3.47 -8.79 3.18 0 -0 0 45.73 -5.71 -63.35 45.56 -51.04 -22.67 -0 0 -9.05 35.31 7.66 5.39 -7.12 0 -0 7.39 39.24 -1.06 0 -0 0 -50.56 17.1 -77.88 -43.82 50.18 -21.33 0 -0 -24.57 -39.96 -25.7 19.97 7.12 -0 -0 -12.71 -61.66 5.2
29.71 17.85 4.46 -5.18 -11.83 -11.06 0 0 0 -8.66 -4.36 -5.03 5.98 14.41 44.91 -0.12 -10.28 -5.02 0.21 -2.96 -8.16 0 0 0 26.47 -4.48 -3.48 -6.12 -14.55 45.48 -0.03 -9.66 -14.32 -0.27 3.36 -9.28 4.16 0.46 9.21 3.24 1.23 -0.16 0.87 0.53 -5.32 -14.27 -11.52 11.15 7.25 -17.14 5.74 4.39 -8.91 1.81 0 0 0 42.44 -6.14 -64.52 57.12 -55.49 -31.95 -0 0 -6.6 45.28 5.85 5.87 -7.12 0 -0 15.85 37.81 -2.89 0 0 0 -50.79 18.83 -84.28 -54.22 54.56 -29.58 0 -0 -14.52 -35.83 -25.68 17.38 7.12 -0 -0 -7.33 -60.51 2.78
29.67 16.73 4.43 -4.79 -11.95 -12.54 0 0 0 -7.88 -2.27 -6.12 8.16 16.23 53.12 1.81 -15.53 -24.95 0.09 -1.98 -5.46 0 0 0 26.35 -5.73 -3.42 -8 -16.12 52.57 -2.47 -5.44 -31.99 -0 0.12 -0.32 3.29 0.37 14.51 3.11 1.28 0.33 1.19 0.56 -7.81 -12.75 -11.95 9.68 8.34 -17.3 3.22 4.49 -8.9 1.25 -0 -0 0 35.76 -7.02 -62.9 81.97 -59.75 -53.05 -0 0 -9.58 48.65 3.76 4.26 -7.12 0 -0 18.19 35.15 -4.59 -0 -0 0 -45.39 22.34 -82.29 -76.5 59.3 -48.33 0 -0 -12.88 -40.44 -24.4 19.4 7.12 -0 -0 -13.34 -60.28 5.03
29.7 16.17 4.4 -2.76 -11.49 -10.5 0 0 0 -10.62 -4.84 -12.26 10.7 17.79 61.82 3.1 -11.56 -31.8 0.26 -3.27 -9.04 0 0 0 24.16 -4.34 -10.06 -10.72 -17.8 61.87 -4.15 -2.32 -39.46 -0.12 -2.21 6.09 1.23 -0.01 14.4 2.41 0.39 0.03 1.79 0.19 -8.08 -12.5 -11.93 10.49 9.87 -17.28 1.41 5.02 -8.9 0.7 0 -0 0 22.19 -5.41 -56.92 120.33 -56.22 -85.93 -0 0 -11.98 47.88 2.8 3.09 -7.12 0 -0 17.31 33.74 -4.97 0 -0 0 -33.11 26.15 -73.02 -108.27 58.7 -75.75 0 -0 -11.5 -43.64 -24.76 21.77 7.12 -0 -0 -17.73 -61.62 7.3
29.74 15.81 4.32 -2.45 -13.28 -11.79 0 0 0 -10.2 -5.73 -15.45 13.19 18.85 69.7 2.67 -11.41 -29.46 0.47 -4.4 -12.21 0 0 0 24.15 -2.09 -12.33 -13.04 -18.8 69.26 -3.39 -7.68 -38.02 -0.09 1.92 -5.29 0.25 0.2 17.37 2.47 0.52 1.46 2.39 0.28 -8.2 -11.71 -12.1 11.81 11.33 -17.32 -2.13 5.59 -8.96 -0.49 0 -0 0 0.36 -2.45 -45.64 147.07 -43.28 -106.62 -0 0 -3.27 53.48 4.3 5.78 -7.12 0 -0 22.38 36.3 -5.11 0 -0 0 -13.6 27.71 -57.75 -134.93 50.8 -97.71 0 -0 -3.4 -44.7 -23.94 21.88 7.12 -0 -0 -19.09 -60.95 7.58
29.74 15.85 4.34 -4.46 -16.9 -11.93 0 0 0 -6.24 -1.69 -16.53 13.8 19.05 71.61 2.19 -13.01 -26.82 0.72 -5.41 -15.09 0 0 0 26.49 -0.63 -11.71 -13.2 -18.85 69.73 -3.04 -6.68 -35.78 -0.1 2.07 -5.69 2.42 0.9 17.88 2.53 1.76 4.06 0.93 0.82 -5.66 -10.18 -13.3 9.29 13.55 -18.31 -4.66 5.9 -9.49 -0.65 0 -0 0 -25.4 -0.32 -29.26 153.89 -37.31 -111.05 -0 -0 19.01 61.66 -5.31 -9.73 -7.12 0 -0 24.28 19.26 -16.45 0 -0 0 11.1 24.61 -37.95 -146.56 43.66 -106.28 0 0 9.65 -45.93 -20.95 20.27 7.12 -0 -0 -20.05 -57.67 6.39
29.72 16.09 4.47 -4.49 -18.87 -9.86 0 0 0 -5.51 1.06 -17.69 13.15 18.84 69.6 1.68 -14.95 -24.01 0.52 -4.64 -12.89 0 0 0 25.72 -1.37 -11.61 -11.85 -18.33 65.51 -3.01 -4.53 -34.58 -0.13 2.28 -6.29 2 1.37 15.97 2.19 2.19 4.48 0.76 1.05 -4.19 -9.01 -14.05 8.05 14.18 -19.1 -4.69 5.79 -9.89 -0.41 -0 -0 0 -50.24 1.71 -14.5 147.93 -42.6 -107.22 -0 -0 33.57 60.85 -16.48 -26.96 -7.12 0 -0 20.16 0.31 -21.43 -0 -0 0 35.4 19.65 -14.27 -145.08 44.76 -105.24 0 0 19.26 -44.9 -14.88 14.35 7.12 -0 -0 -17.4 -49.72 2.08
29.68 16.38 4.62 -6.68 -19.9 -6.92 0 0 0 -3.01 3.01 -18.42 12.18 18.47 66.56 1.56 -15.4 -23.34 0.55 -4.77 -13.25 0 0 0 27.35 -2.68 -11.33 -10.17 -17.5 60.06 -3.08 -0.04 -33.34 -0.01 0.6 -1.66 3.4 1.42 14.06 2.67 2.41 4.44 0.48 1.17 -3.17 -9.11 -14.66 7.47 15.86 -19.79 -5.72 6.24 -10.29 -0.36 -0 -0 0 -68.33 1.6 -8.59 131.48 -52.38 -95 -0 -0 18.48 42.66 -10.95 -9.93 -7.12 0 -0 10.66 15.41 -7.58 -0 -0 0 53.08 12.52 2.93 -133.11 51.66 -96.29 0 0 8.82 -32.56 -16.17 10.08 7.12 -0 -0 -4.73 -48.91 0.46
29.65 16.66 4.78 -6.43 -20.58 -5.38 0 0 0 -3.79 3.95 -17.52 10.83 17.85 62.24 1.35 -14.94 -21.79 0.41 -4.11 -11.38 0 0 0 26.57 -3.21 -11 -9.09 -16.86 56.39 -2.72 2.31 -30.62 -0 -0.23 0.64 2.8 1.08 14.01 2.44 1.92 3.44 0.64 0.91 -4.22 -10.28 -14.49 7.01 17.13 -19.64 -5.68 6.7 -10.22 -0.04 -0 0 0 -79.94 2.08 -13.23 100.88 -59.55 -69.41 -0 0 -1.82 36.69 -9.08 -6.7 -7.12 0 -0 6.9 18.76 -4.35 -0 0 0 66.16 6.12 10.33 -108.24 58.7 -75.73 0 -0 -7.57 -23.21 -26.54 10.85 7.12 -0 -0 7.71 -58.33 -2.52
29.63 17 4.97 -4.84 -21.99 -3.53 0 0 0 -6.58 4.09 -16.42 9.33 17.02 57.23 1.18 -13.07 -20.19 0.26 -3.25 -8.98 0 0 0 24.66 -2 -11.54 -8.29 -16.33 53.61 -2.16 1.97 -27.29 -0.02 1.01 -2.77 0.74 0.82 12.96 2.39 1.28 2.41 1.87 0.62 -4.77 -11.88 -14 6.36 18.13 -18.95 -6.82 7.24 -9.87 -0.09 0 0 0 -86.06 5.23 -18.11 67.04 -57.91 -40.26 -0 -0 0.94 31.55 -7.65 -4.67 -7.12 0 -0 3.42 21.03 -1.97 0 0 0 73.63 0.46 11.46 -79.52 59.58 -50.94 0 -0 -7.97 -18.03 -28.93 8.95 7.12 -0 -0 14.69 -59.54 -5.28
29.57 17.31 5.12 -5.91 -22.81 -1.62 0 0 0 -6.38 3.23 -14.7 8.08 16.18 52.86 1.08 -10.4 -18.83 0.28 -3.41 -9.43 0 0 0 25.82 -1 -11.67 -7.71 -15.9 51.52 -1.57 1.95 -23.18 -0.01 0.78 -2.14 1.42 0.55 12.31 2.67 1 2.69 1.83 0.48 -4.1 -11.59 -14.33 3.94 19.21 -18.95 -8.86 7.4 -9.86 -0.2 -0 -0 0 -87.14 6.51 -16.3 43.98 -50.26 -21.45 -0 -0 5.66 30.72 -9.28 -5.47 -7.12 0 -0 2.69 19.23 -1.65 -0 -0 0 78.78 -3.24 11.8 -57.53 55.61 -32.29 0 -0 -7.37 -23.93 -27.66 11.64 7.12 -0 -0 7.46 -59.66 -2.68
29.55 17.58 5.29 -4.64 -22.8 -1.14 0 0 0 -9.1 0.8 -11.88 6.77 15.14 48.01 1.04 -6.18 -18.19 0.35 -3.8 -10.52 0 0 0 23.69 -1.45 -13.84 -8.07 -16.17 52.82 -0.87 2.4 -17.01 -0.17 2.65 -7.32 0.15 -0.17 13.32 2.64 -0.08 2.18 2.71 -0.03 -5.16 -11.92 -14.08 2.26 19.6 -18.41 -9.54 7.49 -9.54 -0.12 -0 0 0 -88.47 9.11 -14.29 32.04 -42.58 -12.77 -0 -0 8.78 26.43 -9.93 -4.9 -7.12 0 -0 -0.41 18.92 0.25 -0 0 0 80.55 -7.77 14.81 -44.34 50.44 -21.73 0 -0 -12.16 -22.65 -26.21 10.44 7.12 -0 -0 8.17 -57.87 -2.58
29.52 17.79 5.44 -6.52 -26.09 0.61 0 0 0 -8.08 2.12 -9.53 5.66 14.09 43.61 1.01 -3.07 -18.25 0.36 -3.85 -10.65 0 0 0 24.74 0.79 -17.1 -9.02 -16.82 56.14 -0.28 2.16 -9.55 -0.15 2.52 -6.94 1.17 0.14 13.62 3.59 0.53 2.22 3.03 0.25 -5.32 -11.94 -13.89 0.99 19.81 -17.94 -10.43 7.53 -9.28 -0.21 0 0 0 -90.36 10.04 -13.55 24.02 -35.19 -7.72 -0 -0 4.93 28.29 -9.43 -5.04 -7.12 0 -0 0.95 19.3 -0.58 0 0 0 81.23 -10.36 15.75 -36.67 45.97 -16 0 -0 -14.27 -17.28 -28.55 8.46 7.12 -0 -0 15.24 -59 -5.29
29.49 17.93 5.61 -4.63 -29.15 0.81 0 0 0 -11.06 3.63 -7.09 4.53 12.84 38.77 0.89 0.15 -17.87 0.49 -4.49 -12.45 0 0 0 21.44 1.29 -21.96 -10.48 -17.67 61.1 -0.11 1.59 -5.94 -0.11 2.13 -5.88 -0.39 0.37 12.68 2.77 0.53 3.08 3.03 0.25 -3.9 -10.39 -13.73 -0.64 20.29 -17.39 -11.88 7.45 -9.07 -0.53 0 -0 0 -91.49 9.32 -14.89 19.72 -30.31 -5.39 -0 0 -1.47 28.46 -5.61 -3.03 -7.12 0 -0 1.3 23.61 -0.67 0 -0 0 82.24 -9.64 17.55 -28.88 39.91 -10.68 0 -0 -16.15 -16.36 -29.77 8.29 7.12 -0 -0 17.06 -59.97 -6.34
29.45 18.06 5.77 -3.9 -31.55 1.34 0 0 0 -12.44 4.9 -4.91 3.59 11.59 34.3 0.75 1.89 -17.15 0.5 -4.51 -12.53 0 0 0 19.87 1.02 -26.39 -11.23 -18.04 63.51 -0.34 1.86 -10.58 -0.06 1.6 -4.41 -0.97 0.42 13.78 2.33 0.5 2.64 2.92 0.26 -4.96 -8.94 -13.5 -1.46 20.02 -17.01 -12.12 7.15 -8.9 -0.69 0 0 0 -92.64 9.95 -17.29 17.21 -27.13 -4.18 -0 0 -5.02 27.96 -3.09 -1.64 -7.12 0 -0 1.03 26.49 -0.46 0 0 0 83.35 -11.22 18.22 -23.8 34.96 -7.59 0 -0 -13.93 -15.28 -27.78 7.26 7.12 -0 -0 16.86 -57.81 -5.39
29.42 18.15 5.89 -2.57 -32.87 2.17 0 0 0 -14.46 4.66 -3.98 2.91 10.55 30.78 0.57 4.11 -16.36 0.43 -4.2 -11.63 0 0 0 18 -0.06 -31.25 -10.74 -17.8 61.92 -0.42 -0.06 -12.33 -0.03 1.05 -2.9 -1.85 -0.26 13.67 2.3 -0.53 2.66 3.56 -0.24 -4.82 -10.06 -13.09 -2.54 20.85 -16.35 -12.36 7.54 -8.53 -0.48 0 -0 0 -94.41 8.78 -19.62 14.84 -23.92 -3.16 -0 0 -4.3 30 -2.46 -1.42 -7.12 0 -0 2.61 27.13 -1.13 0 -0 0 83.02 -10.24 18.46 -18.9 29.29 -4.98 0 -0 -11.99 -17.49 -25.42 7.7 7.12 -0 -0 13.24 -55.98 -3.61
29.32 18.21 6.05 -2.41 -34.96 2.79 0 0 0 -15.28 5.42 -2.22 2.4 9.66 27.87 0.44 6.46 -16.49 0.39 -4 -11.06 0 0 0 18.11 -0.79 -33.45 -8.78 -16.67 55.33 -0.35 -4.24 -13.48 -0.02 -1 2.76 -1.98 -0.43 14.4 2.45 -0.77 2.29 3.87 -0.34 -5.59 -10.28 -12.95 -3.33 20.41 -16.26 -11.3 7.34 -8.39 -0.09 -0 0 0 -94.98 8.35 -20.36 12.81 -21.01 -2.39 -0 0 -0.87 30.27 -2.64 -1.54 -7.12 0 -0 2.81 26.92 -1.23 -0 0 0 83.86 -10.27 12.69 -14.82 23.89 -3.15 0 -0 -8.04 -17.46 -23.86 7.25 7.12 -0 -0 12.52 -54.41 -2.93
29.17 18.23 6.22 -1.22 -36.98 2.96 0 0 0 -16.81 6.32 -0.63 1.93 8.71 24.9 0.33 8.11 -16.67 0.32 -3.61 -9.99 0 0 0 17.85 -1.16 -34.83 -6.35 -14.76 46.37 -0.3 -8.06 -16.22 -0.06 -1.58 4.36 -2.62 -0.51 14.01 1.98 -0.99 2.63 3.76 -0.46 -5 -9.34 -12.9 -4.2 20.06 -16.13 -11.62 7.07 -8.34 -0.18 0 -0 0 -94.47 6.55 -19.83 11.91 -19.67 -2.07 -0 -0 1.27 28.94 -2.5 -1.38 -7.12 0 -0 1.8 27.13 -0.78 0 -0 0 86.1 -7.76 -2.88 -10.7 17.83 -1.68 0 0 3.18 -16.22 -25.7 7.19 7.12 -0 -0 14.69 -56 -4.02
29 18.24 6.37 -0.24 -38.62 3.41 0 0 0 -17.84 7.49 0.44 1.53 7.81 22.14 0.23 9.14 -16.57 0.33 -3.71 -10.26 0 0 0 18.01 -1.15 -35.4 -3.91 -12.04 35.87 -0.24 -10.5 -18.15 -0.06 -1.52 4.19 -3.26 -0.54 13.93 1.8 -1.13 2.66 3.95 -0.52 -4.9 -8.79 -12.97 -5.07 19.68 -16.21 -11.79 6.82 -8.36 -0.17 0 -0 0 -93.63 5.03 -16.23 12.07 -19.91 -2.13 -0 0 -0.15 29.81 -3.09 -1.77 -7.12 0 -0 2.44 26.41 -1.1 0 -0 0 87.25 -7.06 -12.13 -9.11 15.34 -1.23 0 0 5.82 -16.74 -26.83 7.73 7.12 -0 -0 14.78 -57.2 -4.48
28.78 18.23 6.52 0.24 -39.57 4.35 0 0 0 -18.2 8.2 1.61 1.15 6.8 19.13 0.08 10.49 -16.19 0.35 -3.82 -10.56 0 0 0 18.23 -0.27 -35.76 -2.23 -9.33 26.83 -0.14 -11.84 -18.6 -0.02 -1.02 2.8 -3.61 -0.75 14.06 1.75 -1.47 2.19 4.17 -0.66 -5.42 -9.1 -12.96 -4.68 20.11 -16.16 -12.21 7.04 -8.38 -0.29 0 -0 0 -92.61 4.68 -11.17 13.45 -21.94 -2.62 -0 0 -1.2 29.57 -1.88 -1.06 -7.12 0 -0 2.31 27.82 -0.97 0 -0 0 87.99 -8.02 -16.03 -8.83 14.9 -1.16 0 0 5 -22.9 -30.33 12.04 7.12 -0 -0 10.16 -62.11 -4.25
28.51 18.19 6.64 -1.03 -40.66 6.2 0 0 0 -16.83 8.99 1.95 1.02 6.43 18.04 0.1 10.72 -16.66 0.43 -4.21 -11.68 0 0 0 17.89 5.45 -33.58 -1.21 -6.98 19.64 0.1 -16.04 -21.69 -0.02 -0.86 2.36 -3.02 -1.06 13.78 2.18 -1.76 2.15 4.33 -0.81 -5.29 -9.87 -12.83 -4.34 20.95 -15.87 -13.04 7.49 -8.29 -0.46 0 -0 0 -90.89 2.94 -7.24 14.69 -23.71 -3.1 -0 0 -3.66 27.87 -2.26 -1.19 -7.12 0 -0 0.98 27.42 -0.42 0 -0 0 88.37 -8.32 -15.76 -8.94 15.06 -1.18 0 0 4.89 -19.46 -26.52 8.96 7.12 -0 -0 11.75 -57.48 -3.63
28.22 18.1 6.79 -0 -41.52 5.76 0 0 0 -17.3 10 3.46 0.87 5.96 16.68 0.06 11.15 -16.75 0.63 -5.09 -14.17 0 0 0 15.83 9.39 -31.9 -0.95 -6.21 17.39 0.11 -18.18 -24.77 -0.06 -1.59 4.36 -2.96 -1.17 12.62 1.66 -1.9 3.05 3.7 -0.94 -3.71 -10.08 -12.95 -3.12 21.69 -15.83 -15.47 7.96 -8.46 -1.27 0 -0 0 -88.02 -0.34 -3.52 15.66 -25.05 -3.5 -0 0 -5.08 28.23 -2.1 -1.13 -7.12 0 -0 1.26 27.6 -0.53 0 -0 0 89.46 -7.42 -15.32 -9.37 15.75 -1.3 0 0 5.8 -17.57 -26.17 7.95 7.12 -0 -0 13.55 -56.73 -3.95
27.94 18.02 6.94 1.2 -42.56 4.89 0 0 0 -17.85 10.67 5.41 0.74 5.5 15.33 0.06 11.61 -17.28 0.54 -4.7 -13.05 0 0 0 16.34 8.35 -32.3 -1.15 -6.82 19.18 0.1 -16.91 -23 -0.22 -3.04 8.38 -3.76 -1.26 14.69 1.71 -2.19 1.74 4.38 -0.98 -6.18 -10.6 -12.68 -0.23 20.97 -15.57 -16.5 8.13 -8.41 -2.12 -0 0 0 -86.28 0.16 -0.96 17.52 -27.54 -4.32 -0 0 -6.02 27.94 -0.88 -0.47 -7.12 0 -0 1.07 28.98 -0.42 -0 0 0 89.35 -9.73 -12.16 -10.37 17.32 -1.58 0 0 5.88 -18.76 -26.4 8.59 7.12 -0 -0 12.42 -57.21 -3.76
27.58 17.96 7.16 3.5 -43.84 3 0 0 0 -19.13 11.87 9.51 0.38 3.97 11 -0.24 13.25 -15.46 0.53 -4.67 -12.96 0 0 0 16.44 5.91 -33.68 -1.52 -7.78 22.05 0.42 -16.78 -19.32 -0.26 -3.31 9.15 -4.61 -1.26 14.98 1.18 -2.37 1.38 4.35 -1.03 -6.69 -9.95 -12.96 -2.11 18.05 -16.31 -12.93 6.78 -8.48 -1.04 0 0 0 -84.34 0.04 0.47 19.98 -30.61 -5.52 -0 0 -6.19 26.91 -1.66 -0.84 -7.12 0 -0 0.26 28.12 -0.11 0 0 0 88.67 -9.74 -7.67 -10.42 17.4 -1.6 0 0 5.52 -17.55 -24.72 7.53 7.12 -0 -0 12.83 -55.29 -3.28
27.14 17.97 7.37 2.02 -45.4 4.62 0 0 0 -17.36 12.83 11.2 0.28 3.38 9.33 -0.54 14.72 -13.17 1.14 -6.77 -19.04 0 0 0 18.19 7.24 -33.22 -1.61 -8.01 22.74 0.4 -16.34 -18.71 -1.43 -7.56 21.39 -3.74 -1.44 14.1 1.79 -2.4 1.01 4.49 -1.05 -6.6 -10.08 -13.06 -2.98 16.82 -16.57 -11.2 6.27 -8.48 -0.48 -0 -0 0 -83.23 0.4 1.07 23.14 -34.25 -7.22 -0 0 -6.98 27.53 -2.33 -1.21 -7.12 0 -0 0.73 27.35 -0.31 -0 -0 0 86.54 -9.06 0.62 -10.25 17.13 -1.55 0 -0 -0.98 -21.81 -23.44 9.05 7.12 -0 -0 7.87 -54.84 -1.91
26.65 17.97 7.6 2.35 -47.27 4.7 0 0 0 -17.15 13.45 13.12 0.2 2.89 7.97 -0.9 16.87 -10.1 1.32 -7.29 -20.58 0 0 0 18.81 8.05 -32.81 -1.82 -8.48 24.17 0.45 -15.48 -16.49 -1.44 -7.57 21.43 -4.6 -1.56 13.37 2.16 -2.63 0.65 5.39 -1.13 -6.51 -10.01 -12.89 -2.77 16.1 -16.42 -10.76 6.06 -8.39 -0.49 0 -0 0 -82.6 1.66 1.6 26.04 -37.25 -8.91 -0 0 -8.79 28.87 -3.63 -2 -7.12 0 -0 1.7 25.83 -0.79 0 -0 0 83.47 -9.49 17.6 -11.98 19.77 -2.09 0 -0 -16.06 -21.99 -26.78 10.31 7.12 -0 -0 9.16 -58.31 -3
26.12 17.99 7.83 1.36 -49.13 4.95 0 0 0 -15.95 13.54 13.05 0.43 4.2 11.63 -1.24 19.28 -7.41 1.46 -7.63 -21.59 0 0 0 20.94 7.47 -30.84 -1.86 -8.56 24.43 0.34 -13.9 -15.13 -1.73 -8.27 23.53 -4.02 -1.54 13.16 2.44 -2.5 0.46 5.33 -1.07 -6.62 -10.07 -13.22 -3 15.42 -16.97 -9.21 5.75 -8.59 0 0 0 0 -81.34 2.78 3.22 28.28 -39.37 -10.3 -0 0 -11.11 29.76 -3.74 -2.14 -7.12 0 -0 2.37 25.67 -1.11 0 0 0 83.97 -7.08 14.4 -11.86 19.6 -2.06 0 -0 -14.05 -20.9 -26.7 9.74 7.12 -0 -0 10.3 -57.98 -3.3
25.58 18.05 8.04 -0.7 -50.93 6.07 0 0 0 -14.03 12.31 10.43 1.25 7.09 19.99 -1.32 20.01 -10.61 0.46 -4.34 -12.03 0 0 0 24.59 4.97 -28.56 -1.66 -8.13 23.11 0.46 -13 -10.39 -0.75 -5.52 15.39 -3.01 -1.52 13.32 2.85 -2.29 0.13 5.19 -0.97 -7.11 -9.76 -13.57 -2.67 14.13 -17.56 -8.23 5.28 -8.85 0.14 -0 0 0 -80.06 3.6 4.44 28.97 -39.99 -10.74 -0 0 -10.61 29.93 -5.57 -3.2 -7.12 0 -0 2.39 23.56 -1.24 -0 0 0 83.07 -6.42 21.5 -13.38 21.84 -2.59 0 -0 -21.41 -21.79 -27.99 10.62 7.12 -0 -0 10.01 -59.48 -3.56
25.04 18.14 8.25 -2.36 -53 6.49 0 0 0 -12.17 11.78 6.88 2.64 10.08 29.24 -1.65 22.15 -5.9 0.01 0.51 1.41 0 0 0 26.51 4.9 -24.74 -1.49 -7.7 21.81 0.27 -10.96 -10.53 -2.17 -9.22 26.47 -2.12 -1.41 13.51 2.98 -2.01 0.07 4.78 -0.86 -7.34 -10.41 -13.64 -0.47 15.06 -17.75 -9.05 5.81 -9.03 -0.27 -0 0 0 -78.93 3.97 5.34 28.94 -39.96 -10.72 -0 0 -9.58 29.38 -6.39 -3.59 -7.12 0 -0 1.93 22.66 -1.04 -0 0 0 84.93 -2.78 14.65 -12.83 21.04 -2.39 0 -0 -12.91 -21.25 -28.05 10.36 7.12 -0 -0 10.65 -59.42 -3.77
24.52 18.18 8.46 -3.43 -55.14 6.24 0 0 0 -10.93 10.21 3.19 4.66 12.99 39.34 -1.92 24.31 -3.09 2.18 9.23 26.52 0 0 0 28.59 2.78 -21.04 -1.25 -7.1 20 0.23 -9.42 -7.8 -1.64 -8.06 22.9 -1.57 -1.15 13.72 2.96 -1.59 0.15 4.37 -0.67 -7.42 -10.63 -13.91 -0.37 14.5 -18.26 -7.25 5.57 -9.23 0.26 0 0 0 -78.14 3.72 6.06 28.21 -39.31 -10.26 -0 0 -8.44 27.88 -7.3 -3.85 -7.12 0 -0 0.79 21.73 -0.44 0 0 0 86.68 0.71 9.27 -13.14 21.5 -2.51 0 -0 -6.05 -19.64 -26.19 8.95 7.12 -0 -0 11.38 -57.19 -3.43
24.04 18.19 8.66 -7.61 -57.91 8.67 0 0 0 -7.98 9.08 -0.84 7.03 15.36 49 -1.23 22.94 4.95 2.92 10.56 30.82 0 0 0 31.92 1.49 -16.78 -0.99 -6.33 17.74 0.15 -7.56 -6.12 -1.47 -7.67 21.71 0.5 -0.81 13.82 3.31 -0.8 0.38 3.4 -0.37 -7.33 -10.8 -13.9 0.59 14.3 -18.35 -6.79 5.58 -9.29 0.25 -0 0 0 -77.91 3.4 5.88 27.74 -38.88 -9.96 -0 0 -7.38 25.53 -6.99 -3.33 -7.12 0 -0 -0.91 22.24 0.5 -0 0 0 84.85 1.19 22.05 -16.07 25.61 -3.68 0 -0 -14.18 -17.82 -26.82 8.25 7.12 -0 -0 13.64 -57.42 -4.2
23.58 18.19 8.88 -11.98 -59.35 10.98 0 0 0 -4.94 7.22 -4.18 9.31 17 57.15 0.17 11.75 10.49 0.89 6.01 16.83 0 0 0 34.53 -0.74 -12.66 -0.79 -5.68 15.87 0.04 -5.37 -6.07 -2.01 -8.89 25.44 3.11 -0.91 14.34 3.68 -0.49 0.7 2.26 -0.31 -7.31 -11.05 -13.85 0.54 13.55 -18.41 -5.11 5.32 -9.27 0.7 -0 0 0 -78.74 3.34 5.08 27.38 -38.54 -9.74 -0 0 -7.03 24.38 -7.32 -3.3 -7.12 0 -0 -1.77 21.96 0.98 -0 0 0 82.56 1.83 32.71 -19.69 30.26 -5.37 0 -0 -21.31 -19.77 -27.99 9.58 7.12 -0 -0 12.23 -59.02 -4.23
23.12 18.18 9.09 -12.6 -61.49 10.77 0 0 0 -4.94 5.56 -8.01 11.01 17.94 62.81 0.34 0.35 10.83 0 -0.39 -1.08 0 0 0 34.7 -1.48 -9.5 -0.75 -5.53 15.43 -0.04 -3.53 -6.51 -1.9 -8.66 24.74 3.27 -0.8 14.21 3.49 -0.36 0.88 1.93 -0.26 -7.04 -11.37 -13.77 1.09 13.45 -18.41 -4.26 5.34 -9.27 0.88 0 -0 0 -79.74 3.57 4.17 26.65 -37.84 -9.28 -0 0 -6.54 25.21 -7.27 -3.41 -7.12 0 -0 -1.16 21.96 0.64 0 -0 0 82.46 3.85 33.36 -22.19 33.19 -6.69 0 -0 -17.8 -18.85 -26.58 8.69 7.12 -0 -0 12.42 -57.41 -3.82
22.67 18.18 9.29 -16.39 -66.21 14.79 0 0 0 -4.06 5.39 -12.69 12.16 18.46 66.48 0.11 -4.58 9.6 0 0.32 0.87 0 0 0 35.54 -0.9 -7 -0.71 -5.37 14.96 -0.09 -0.34 -5.8 -1.58 -7.93 22.5 3.34 0.29 13.25 3.55 1.06 0.74 1.68 0.44 -6.67 -10.88 -13.68 1.29 12.58 -18.37 -3.16 5 -9.24 1.03 -0 0 0 -81.26 4.65 3.15 26.45 -37.65 -9.16 -0 0 -6.3 25.41 -7.44 -3.52 -7.12 0 -0 -1.02 21.76 0.57 -0 0 0 83.14 5.48 32.74 -25.14 36.34 -8.37 0 -0 -14.97 -17.02 -26.07 7.66 7.12 -0 -0 14.07 -56.51 -4.03
22.26 18.11 9.49 -21.05 -68.53 19.39 0 0 0 -3.07 3.29 -16.61 12.7 18.67 68.18 -0.12 -7.12 6.45 0.08 -1.78 -4.91 0 0 0 36.58 -0.41 -5.36 -0.79 -5.67 15.83 -0.14 1.89 -6.63 -1.98 -8.82 25.25 4.79 0.68 12.94 3.52 1.76 0.63 0.71 0.73 -6.57 -10.34 -13.85 1.01 11.55 -18.65 -1.67 4.54 -9.35 1.4 0 -0 0 -82.4 5.18 2.74 25.55 -36.76 -8.62 -0 0 -6.08 26.25 -8.62 -4.23 -7.12 0 -0 -0.47 20.38 0.27 0 -0 0 82.26 6.45 35.77 -29.18 40.18 -10.88 0 -0 -18.25 -18.66 -24.73 8.04 7.12 -0 -0 11.7 -55.52 -3.05
21.83 18.07 9.67 -25.74 -69.93 23.75 0 0 0 -1.65 -0.89 -19.75 12.81 18.71 68.54 -0.15 -6.96 3.37 0.05 1.39 3.83 0 0 0 37.76 -0.34 -2.5 -0.71 -5.37 14.96 -0.18 2.66 -7.54 -1.84 -8.53 24.34 5.83 0.72 12.74 3.66 1.93 0.83 0.24 0.79 -6.22 -10.54 -13.78 1.68 11.85 -18.6 -2 4.72 -9.35 1.24 -0 -0 0 -83.82 5.61 1.72 24.28 -35.45 -7.87 -0 0 -4.83 28.22 -9.63 -5.13 -7.12 0 -0 0.88 19.09 -0.55 -0 -0 0 83.12 7.88 34.31 -32.97 43.31 -13.4 0 -0 -16.95 -18.33 -24.51 7.82 7.12 -0 -0 11.93 -55.23 -3.03
21.43 18.01 9.89 -28.27 -71.66 26.62 0 0 0 -1.83 -3.85 -22.9 12.17 18.46 66.52 -0.08 -5.95 -1.11 0.02 0.98 2.7 0 0 0 37.51 -0.5 -1.62 -0.81 -5.75 16.06 -0.25 4.61 -9.05 -1.86 -8.57 24.47 6.6 0.83 12.71 3.36 2.16 0.87 -0.54 0.88 -6.11 -9.74 -13.99 1.29 11.07 -18.83 -1.84 4.35 -9.45 1.22 -0 -0 0 -85.21 5.69 0.57 22.84 -33.92 -7.05 -0 0 -2.84 28.84 -8.98 -4.91 -7.12 0 -0 1.37 19.76 -0.83 -0 -0 0 81.68 8.62 36.76 -37.11 46.26 -16.32 0 -0 -19.91 -20.08 -22.81 8.07 7.12 -0 -0 9.41 -53.86 -2.06
21.03 17.94 10.09 -34.2 -73.21 32.77 0 0 0 -0.85 -6.02 -25.39 10.85 17.86 62.31 0.04 -4.1 -4.37 0.05 1.4 3.85 0 0 0 38.13 0.79 0.33 -0.86 -5.91 16.51 -0.29 5.25 -9.75 -1.33 -7.3 20.6 7.65 0.99 12.95 3.43 2.54 0.88 -1.13 1.03 -6.17 -8.98 -14.28 1.48 10.29 -19.18 -2.53 4.52 -9.64 0.96 -0 -0 0 -86.66 5.85 -0.49 21.09 -31.94 -6.1 -0 0 -1.87 29.61 -9.27 -5.23 -7.12 0 -0 1.9 19.35 -1.16 -0 -0 0 84.2 9.1 32.34 -40.74 48.5 -18.99 0 -0 -15.36 -19.11 -23.44 7.85 7.12 -0 -0 10.65 -54.31 -2.46
20.62 17.92 10.31 -35.17 -74.75 34.46 0 0 0 -1.63 -8.97 -26.84 8.84 16.7 55.52 0.14 -1.12 -6.87 0.01 0.49 1.34 0 0 0 36.93 0.57 1.5 -0.84 -5.85 16.34 -0.27 7.07 -9.83 -1.73 -8.28 23.57 7.55 1 13.24 3 2.56 0.81 -1.54 1.03 -6.38 -9.67 -13.97 1.24 11.12 -18.77 -2.18 4.37 -9.43 1.12 -0 -0 0 -87.94 5.91 -1.74 19.46 -29.99 -5.26 -0 0 -1 29.73 -8.23 -4.67 -7.12 0 -0 2.06 20.53 -1.21 -0 -0 0 83.65 8.92 32.98 -43.95 50.24 -21.43 0 -0 -16.14 -21.01 -22.32 8.3 7.12 -0 -0 8.27 -53.53 -1.74
20.18 17.88 10.47 -39.98 -75.18 39.72 0 0 0 -0.6 -12.08 -27.24 6.54 14.93 47.1 0.18 2.52 -9.32 0.01 0.75 2.06 0 0 0 37.66 0.67 3.96 -0.67 -5.23 14.57 -0.28 7.28 -10.02 -1.69 -8.18 23.27 8.13 0.78 12.72 3.06 2.24 1.35 -1.72 0.89 -5.53 -9.55 -13.74 0.5 11.29 -18.4 -2.38 4.38 -9.23 1.14 -0 0 0 -88.89 5.15 -2.78 17.89 -28.02 -4.5 -0 0 -1.24 29.16 -7.68 -4.27 -7.12 0 -0 1.69 21.2 -0.97 -0 0 0 82.78 9.08 34.3 -46.79 51.62 -23.64 0 -0 -18.44 -21.6 -24.39 9.29 7.12 -0 -0 8.48 -55.78 -2.26
19.73 17.89 10.66 -41.16 -77.15 42.53 0 0 0 -1.36 -12.99 -28.46 4.29 12.54 37.68 0.13 4.47 -10.01 0.13 2.33 6.41 0 0 0 35.94 0.91 4.68 -0.62 -5.04 14.03 -0.34 8.3 -11.09 -1.38 -7.43 21.01 7.03 1.06 12.04 2.6 2.4 1.1 -1.6 1.01 -5.42 -10.47 -13.57 0.79 12.39 -18.22 -2.59 4.85 -9.15 1.21 0 0 0 -89.93 5.55 -3.81 16.99 -26.85 -4.08 -0 0 -0.3 26.58 -6.74 -3.36 -7.12 0 -0 -0.14 22.45 0.07 0 0 0 83.43 9.12 33.17 -45.92 51.21 -22.95 0 -0 -17.76 -20.87 -23.99 8.81 7.12 -0 -0 9.07 -55.21 -2.29
19.25 17.82 10.81 -43.25 -77.94 45.48 0 0 0 -1.68 -11.81 -30.49 2.92 10.57 30.83 0.37 1.45 -12.13 0.02 0.8 2.21 0 0 0 35.58 1.71 6.58 -0.54 -4.71 13.08 -0.44 7.79 -12.23 -1.02 -6.43 18.05 6.51 1.1 11.73 2.34 2.35 1.16 -1.57 1 -5.2 -9.94 -13.62 0.74 12.37 -18.23 -3.06 4.79 -9.17 1.03 0 0 0 -90.27 5.86 -3.78 16.43 -26.1 -3.83 -0 0 -0.11 25.36 -9.58 -4.51 -7.12 0 -0 -1.15 19.4 0.7 0 0 0 85.68 11.03 28.47 -40.26 48.22 -18.63 0 -0 -12.12 -15.58 -22.63 6.12 7.12 -0 -0 13.83 -52.85 -2.71
18.74 17.74 10.97 -51.25 -76.92 53.53 0 0 0 -0.07 -10.12 -32.59 2.36 9.57 27.6 0.77 -4.54 -15.66 0.04 -1.28 -3.52 0 0 0 37.42 1.68 10.05 -0.34 -3.76 10.4 -0.4 7.81 -11.7 -1.35 -7.36 20.79 7.84 0.97 11.71 2.9 2.33 1.35 -1.71 0.97 -4.96 -7.82 -14.25 0.77 11.02 -18.99 -4.46 4.62 -9.58 0.39 -0 -0 0 -90.68 6.31 -3.74 15.93 -25.43 -3.62 -0 -0 0.62 22.24 -11.11 -4.51 -7.12 0 -0 -3.42 18.01 2.2 -0 -0 0 84.81 9.64 29.57 -37.86 46.75 -16.87 0 -0 -14.16 -20.09 -23.06 8.16 7.12 -0 -0 9.49 -54.12 -2.14
18.24 17.67 11.14 -50.86 -76.69 53.65 0 0 0 -1.78 -7.28 -34.25 2.14 9.15 26.27 0.71 -9.79 -15.49 0.59 -4.93 -13.72 0 0 0 36.86 -0.12 10.79 -0.33 -3.7 10.24 -0.47 8.42 -12.72 -0.59 -4.91 13.64 8.03 0.89 11.44 2.7 2.2 1.51 -2 0.91 -4.63 -9.79 -13.85 0.87 12.47 -18.53 -3.48 4.8 -9.34 0.91 -0 -0 0 -90.39 6.16 -3.13 15.68 -25.09 -3.51 -0 -0 0.98 23.12 -17.55 -7.34 -7.12 0 -0 -3.18 11.03 2.52 -0 -0 0 85.09 8.59 27.56 -34.21 44.24 -14.26 0 -0 -13.1 -18.85 -23.14 7.64 7.12 -0 -0 10.79 -53.96 -2.4
17.74 17.66 11.33 -41.57 -77.54 44.42 0 0 0 -5.1 -8.63 -33.09 2.28 9.43 27.15 0.28 -10.33 -11.17 0.05 -1.44 -3.96 0 0 0 34.47 -0.87 12.7 -0.32 -3.63 10.05 -0.48 7.45 -12.63 -0.56 -4.79 13.31 6.06 0.79 11.79 2.23 1.82 1.84 -1.35 0.77 -4.57 -11.89 -13.77 1 13.92 -18.52 -3.02 5.47 -9.32 1.37 0 0 0 -90.56 5.81 -2.72 15.68 -25.09 -3.51 -0 -0 1.98 20.3 -15.07 -5.49 -7.12 0 -0 -4.91 14.01 3.59 0 0 0 83.16 5.8 29 -32.16 42.67 -12.85 0 -0 -16.34 -21.42 -24.72 9.32 7.12 -0 -0 8.81 -56.07 -2.4
17.2 17.62 11.55 -50.41 -76.74 53.46 0 0 0 -3.33 -9.93 -32 2.54 9.91 28.67 0.14 -9.33 -8.79 0.08 1.83 5.04 0 0 0 36.52 0.35 13.61 -0.46 -4.36 12.09 -0.46 6.05 -12.13 -0.18 -2.75 7.58 8.13 1.13 11.53 2.48 2.5 1.8 -2.34 1.08 -4.33 -12.1 -13.95 1.39 14.4 -18.83 -2.76 5.62 -9.49 1.49 0 0 0 -90.16 5.73 -2.77 16.06 -25.6 -3.67 -0 -0 2.95 19.29 -14.09 -4.87 -7.12 0 -0 -5.56 15.14 3.94 0 0 0 83.76 4.72 26.07 -26.42 37.62 -9.14 0 -0 -15.15 -21.21 -24.13 9.02 7.12 -0 -0 8.78 -55.43 -2.26
16.56 17.7 11.74 -50.14 -78.49 53.29 0 0 0 -5.41 -10.38 -29.7 2.62 10.05 29.13 0.07 -7.32 -6.6 0.46 4.35 12.06 0 0 0 34.66 0.96 12.59 -0.97 -6.27 17.56 -0.31 6.33 -10.19 -0 0.19 -0.51 6.04 1.54 10.92 2.18 2.74 1.89 -1.5 1.25 -3.96 -12.16 -13.96 1.32 14.49 -18.9 -2.13 5.62 -9.51 1.71 -0 0 0 -90 5.91 -3.12 16.81 -26.61 -4 -0 -0 2.04 19.22 -12.32 -4.25 -7.12 0 -0 -5.57 17 3.71 -0 0 0 84.39 3.25 23 -21.29 32.17 -6.2 0 -0 -13.4 -21.86 -24.62 9.49 7.12 -0 -0 8.3 -56.06 -2.26
15.94 17.74 11.9 -39.59 -79.93 41.69 0 0 0 -9.67 -8.53 -26.41 2.48 9.81 28.36 -0 -7 -4.8 0.02 0.97 2.66 0 0 0 31.6 0.57 9.51 -2.28 -9.43 27.16 -0.02 7.11 -5.45 -0.01 0.69 -1.9 3.39 1.46 11.97 1.56 2.37 1.93 -0.64 1.09 -4.61 -12.31 -13.79 1.84 14.41 -18.78 -1.53 5.64 -9.46 1.79 0 0 0 -89.58 6.58 -2.93 17.53 -27.55 -4.33 -0 -0 0.01 21.48 -12 -4.68 -7.12 0 -0 -3.98 17.13 2.64 0 0 0 85.61 1.08 18.15 -17.12 27.02 -4.14 0 -0 -10.92 -23.16 -25.46 10.42 7.12 -0 -0 7.28 -57.21 -2.19
15.3 17.82 12.1 -38.41 -80.77 39.66 0 0 0 -11.51 -5.91 -23.03 2.27 9.41 27.09 -0.07 -7.81 -3.85 0.07 1.76 4.83 0 0 0 29.73 1.06 5.04 -4.35 -12.62 37.94 0.11 5.81 2.85 -0.01 0.52 -1.43 2.28 1.28 11.83 1.64 1.96 2.38 0.13 0.91 -4.11 -12.25 -13.35 0.93 13.61 -18.16 -0.34 5.35 -9.1 2.12 0 0 0 -89.49 6.31 -3.44 17.75 -27.84 -4.43 -0 0 -2.5 21.19 -8.23 -3.17 -7.12 0 -0 -4.1 21.17 2.35 0 0 0 85.75 0.36 13.82 -13.14 21.5 -2.51 0 -0 -7.43 -22.6 -26.08 10.37 7.12 -0 -0 8.16 -57.72 -2.55
14.69 17.89 12.29 -32.34 -82.34 32.8 0 0 0 -14.3 -3.3 -19.47 2.04 8.95 25.65 -0.12 -9.2 -4.05 0.16 2.56 7.05 0 0 0 26.67 2.06 -0.36 -7.1 -15.41 49.24 -0.21 5.16 12.09 -0.27 3.37 -9.31 0.86 1.14 11.78 1.23 1.57 2.78 0.57 0.73 -3.7 -11.76 -12.8 0.31 12.57 -17.37 0.43 4.98 -8.68 2.21 -0 0 0 -88.59 6.06 -2.31 18.04 -28.21 -4.57 -0 0 -3.74 20.89 -6.09 -2.32 -7.12 0 -0 -4.31 23.47 2.24 -0 0 0 85.28 -0.93 13.47 -10.46 17.46 -1.61 0 -0 -6.83 -22.8 -27.15 10.86 7.12 -0 -0 8.46 -58.86 -2.88
14.13 17.92 12.5 -27.96 -83.36 27.61 0 0 0 -16.14 -3.09 -15.85 2.01 8.89 25.46 -0.01 -8.7 -5.94 0.33 3.68 10.19 0 0 0 24.17 3.43 -5.68 -9.83 -17.31 58.92 -1.2 2.08 21.55 -0.54 4.73 -13.13 0.01 0.68 12.11 1.28 0.85 2.98 1.21 0.38 -3.68 -11.72 -11.99 -0.08 11.64 -16.28 1.44 4.74 -8.11 2.36 -0 0 0 -88.04 4.73 -3.03 17.27 -27.22 -4.21 -0 0 -3 18.95 -4.96 -1.7 -7.12 0 -0 -5.78 24.73 2.84 -0 0 0 85.48 -2.07 6.73 -8.74 14.75 -1.13 0 0 0.53 -23.53 -27.22 11.27 7.12 -0 -0 7.68 -59.11 -2.66
13.57 17.97 12.66 -32.2 -84.3 31.4 0 0 0 -16.73 -2.01 -12.65 1.88 8.62 24.6 0.08 -8.84 -7.64 0.49 4.48 12.42 0 0 0 23.19 5.29 -10.66 -12.08 -18.42 66.24 -1.37 -3.07 21.33 -0.6 4.94 -13.75 -0.34 0.47 11.88 1.71 0.52 3.21 1.91 0.21 -3.32 -11.49 -11.38 -0.7 10.32 -15.41 2.64 4.31 -7.67 2.59 -0 0 0 -87.31 2.84 -2.46 16.53 -26.24 -3.88 -0 0 -1.39 18.38 -5.45 -1.81 -7.12 0 -0 -6.19 24.25 3.12 -0 0 0 85.18 -3.59 3.13 -8.28 14 -1.02 0 0 3.64 -20.54 -26.27 9.42 7.12 -0 -0 10.46 -57.46 -3.22
13.01 17.99 12.82 -15.43 -84.92 14.21 0 0 0 -19.15 -0.4 -9.25 1.61 8.01 22.75 0.11 -9.47 -8.42 0.37 3.92 10.86 0 0 0 19.93 4.75 -16.3 -13.88 -19.08 71.84 -0.74 -3.54 15.41 -0.26 3.25 -8.97 -1.61 0.03 11.98 1.25 -0.22 3.15 2.25 -0.15 -3.41 -11.14 -10.91 -0.82 9.4 -14.82 4.28 3.99 -7.38 2.93 -0 0 0 -85.84 1.36 -0.92 16.44 -26.12 -3.84 -0 0 -0.4 18.57 -4.52 -1.52 -7.12 0 -0 -6.07 25.21 2.92 -0 0 0 85.72 -5.44 1.31 -8.15 13.8 -0.99 0 0 3.15 -18.87 -26.56 8.69 7.12 -0 -0 12.4 -57.39 -3.8
12.45 17.98 12.93 -7.97 -85.39 6.48 0 0 0 -20.14 1.95 -6.72 1.44 7.58 21.46 0.13 -10.55 -9.24 0.09 1.93 5.32 0 0 0 18.49 5.23 -21.3 -14.73 -19.32 74.42 -0.21 -6.28 8.63 -0.02 -0.91 2.5 -2.66 -0.55 11.53 1.37 -1.1 3.37 3.08 -0.59 -2.87 -9.66 -10.15 -1.54 7.48 -13.74 5.8 3.21 -6.85 3.16 0 0 0 -84.99 -0.12 0.67 16.92 -26.76 -4.05 -0 0 -1.61 19.77 -4.45 -1.6 -7.12 0 -0 -5.17 25.25 2.48 0 0 0 84.96 -6.45 3.9 -8.42 14.23 -1.05 0 -0 -1.08 -18.37 -26.2 8.34 7.12 -0 -0 12.72 -56.93 -3.76
11.94 17.92 13.04 14.43 -85.44 -15.66 0 0 0 -22.3 3.12 -4.7 1.32 7.28 20.54 0.19 -11.2 -10.42 0.13 2.35 6.47 0 0 0 16.19 5.68 -26.48 -14.72 -19.32 74.39 -0.01 -5.61 4.3 -0.02 -1 2.75 -4.71 -0.88 11.62 1.29 -1.78 3.09 4.26 -0.91 -3.09 -10.18 -9.57 -1.73 6.84 -12.97 7.29 3.1 -6.5 3.56 -0 -0 0 -84.2 -1.33 3.15 17.79 -27.89 -4.45 -0 0 -2.68 20.75 -4.17 -1.58 -7.12 0 -0 -4.44 25.52 2.1 -0 -0 0 85.02 -7.33 2.14 -8.82 14.87 -1.15 0 -0 -1.98 -18.45 -26.07 8.34 7.12 -0 -0 12.58 -56.82 -3.69
11.4 17.87 13.14 18.65 -84.98 -19.6 0 0 0 -22.74 4.92 -3.1 1.23 7.03 19.82 0.13 -13.46 -10.99 0.37 3.9 10.79 0 0 0 15.55 5.67 -30.57 -13.62 -18.99 71.03 0.1 -5.76 -0.93 -0.36 -3.85 10.65 -5.46 -1.53 11.39 1.46 -2.71 3.09 4.97 -1.38 -2.81 -10.53 -8.99 -2.47 6.45 -12.15 8.82 3.03 -6.11 4.08 0 -0 0 -83.33 -2.8 5.22 19.11 -29.56 -5.09 -0 0 -3.52 20.48 -3.62 -1.35 -7.12 0 -0 -4.66 26.11 2.14 0 -0 0 85.24 -7.46 3.33 -9.15 15.4 -1.24 0 -0 -5.45 -19.81 -25.93 8.95 7.12 -0 -0 11.07 -56.96 -3.27
10.87 17.79 13.22 24.17 -84.54 -24.67 0 0 0 -23.36 5.62 -1.59 1.21 6.97 19.64 0.13 -14.77 -11.82 0.52 4.64 12.88 0 0 0 15.26 5.44 -33.52 -11.52 -18.18 64.46 0.07 -5.4 -4.83 -0.4 -4.05 11.21 -6.22 -1.67 11.43 1.51 -2.98 2.92 5.5 -1.5 -2.94 -10.22 -8.81 -2.58 5.71 -11.89 9.53 2.76 -6.01 4.23 -0 0 0 -82.13 -4.45 8.66 20.48 -31.22 -5.78 -0 0 -4.22 20.71 -4.17 -1.57 -7.12 0 -0 -4.47 25.53 2.11 -0 0 0 86.05 -7.97 1.88 -10.1 16.9 -1.5 0 -0 -5.23 -19.32 -27.5 9.2 7.12 -0 -0 12.43 -58.43 -4.13
10.31 17.73 13.26 19.89 -84.28 -19.94 0 0 0 -22.61 6.6 -0.38 1.23 7.03 19.8 0.04 -16.86 -12.27 0.6 4.98 13.85 0 0 0 16.65 4.88 -34.94 -8.54 -16.5 54.5 0.09 -6.55 -6.3 -0.47 -4.42 12.26 -6.87 -2.16 11.5 1.94 -3.69 2.77 6.42 -1.85 -2.96 -10.26 -8.64 -2.91 5.27 -11.62 10.44 2.62 -5.91 4.51 0 0 0 -80.95 -5.81 11.19 21.96 -32.94 -6.57 -0 0 -5.58 21.15 -5.97 -2.3 -7.12 0 -0 -4.13 23.59 2.14 0 0 0 86.02 -7.71 4.17 -10.22 17.08 -1.54 0 -0 -6.65 -19.31 -27.23 9.11 7.12 -0 -0 12.29 -58.16 -4
9.75 17.7 13.32 31.08 -84.36 -29.77 0 0 0 -23.54 8.04 1.57 0.88 5.99 16.75 -0.02 -17.23 -11.87 0.46 4.37 12.13 0 0 0 16.59 5.28 -36.26 -5.52 -13.95 43.03 0.15 -7.66 -6.63 -0.54 -4.7 13.05 -7.79 -1.93 10.91 1.77 -3.44 2.5 6.71 -1.71 -2.91 -8.95 -8.79 -3.27 3.99 -11.77 11.08 2 -6 4.63 -0 0 0 -80.11 -7.6 13.88 23.75 -34.9 -7.57 -0 0 -4.93 21.21 -6.26 -2.42 -7.12 0 -0 -4.08 23.27 2.14 -0 0 0 86.84 -7.24 3.58 -10.51 17.54 -1.63 0 -0 -5.63 -18.09 -25.87 8.11 7.12 -0 -0 12.84 -56.54 -3.68
9.14 17.67 13.36 31.73 -83.96 -29.4 0 0 0 -23.36 9.87 4.4 0.52 4.61 12.8 -0.1 -17.63 -11.43 0.25 3.25 8.97 0 0 0 17.59 4.84 -36.46 -3.07 -10.81 31.65 0.14 -8.47 -8.84 -0.59 -4.91 13.65 -8.07 -2.11 10.53 1.78 -3.68 2.21 6.88 -1.81 -2.95 -9.6 -8.8 -3.31 4.61 -11.84 11.75 2.26 -6.03 4.92 -0 0 0 -78.99 -8.57 16.67 25.77 -36.98 -8.75 -0 0 -5.75 21.45 -7.81 -3.06 -7.12 0 -0 -3.9 21.6 2.2 -0 0 0 87.38 -7.09 5.18 -11.05 18.36 -1.79 0 -0 -6.09 -16.42 -25.49 7.23 7.12 -0 -0 14.38 -55.83 -3.88
8.49 17.54 13.4 48.76 -82.11 -45.08 0 0 0 -25.81 11.63 6.65 0.29 3.47 9.59 -0.41 -18.78 -9.25 0.47 4.4 12.2 0 0 0 15.83 4.1 -37.62 -1.74 -8.31 23.65 -0.23 -6.12 -13.41 -0.34 -3.75 10.38 -10.33 -2 9.6 0.94 -3.72 1.95 7.23 -1.82 -2.61 -9.73 -8.76 -3.04 4.55 -11.84 12.26 2.26 -6.06 5.04 0 -0 0 -78.3 -9.77 18.87 27.46 -38.61 -9.78 -0 0 -5.45 21.08 -8.59 -3.29 -7.12 0 -0 -4.19 20.8 2.43 0 -0 0 88.43 -6.91 6.7 -11.9 19.66 -2.07 0 -0 -7.76 -18.76 -24.53 8.03 7.12 -0 -0 11.5 -55.34 -2.95
7.88 17.38 13.39 29 -85.09 -25.17 0 0 0 -21.56 11.35 7.53 0.46 4.36 12.08 -0.29 -18.85 -10.56 0.52 4.61 12.79 0 0 0 21.19 6.44 -35.21 -1.04 -6.47 18.17 0.46 -14.2 -13.46 -2.41 9.67 -27.9 -7.28 -1.72 9.7 1.9 -3 2.08 6.45 -1.48 -2.78 -9.9 -8.8 -2.43 4.74 -11.96 12.05 2.37 -6.12 4.9 0 0 0 -77.58 -10.3 20.64 29.4 -40.37 -11.02 -0 0 -6.13 21.6 -8.69 -3.42 -7.12 0 -0 -3.81 20.65 2.23 0 0 0 89.17 -6.8 8.02 -13.18 21.55 -2.52 0 -0 -7.39 -16.96 -24.53 7.22 7.12 -0 -0 13.34 -54.99 -3.32
7.26 17.36 13.46 46.27 -82.85 -42.77 0 0 0 -23.87 12.47 11.4 0.28 3.41 9.41 -0.52 -18.6 -7.79 0.49 4.47 12.39 0 0 0 19.45 3.18 -36.05 -1.35 -7.36 20.8 -0.2 -5.66 -12.41 -0.4 4.04 -11.18 -8.57 -1.91 10.54 0.69 -3.51 2.35 5.99 -1.73 -2.88 -10.27 -8.6 -2.15 5 -11.76 12.58 2.52 -6.04 5.04 -0 -0 0 -76.8 -11.05 21.59 30.15 -41.02 -11.51 -0 0 -6.4 22.33 -9.62 -3.92 -7.12 0 -0 -3.31 19.61 2.01 -0 -0 0 89.19 -6.33 12.85 -14.16 22.96 -2.89 0 -0 -9.21 -18.22 -24.76 7.85 7.12 -0 -0 12.16 -55.46 -3.16
6.52 17.39 13.48 31.36 -83.25 -28.71 0 0 0 -21.35 11.45 14.05 0.4 4.05 11.22 -0.59 -17.71 -5.75 0.38 3.96 10.97 0 0 0 20.78 3.98 -33.55 -1.53 -7.82 22.16 -0.24 -3.57 -11.2 -1.51 -7.77 22.01 -6.78 -2.35 10.38 1.37 -3.86 3.14 5.69 -1.98 -1.98 -9.85 -8.17 -1.52 3.6 -11.11 12.52 2.11 -5.79 4.77 0 0 0 -77.54 -10.96 21.63 30.35 -41.19 -11.64 -0 0 -5.51 23.22 -10.55 -4.49 -7.12 0 -0 -2.71 18.53 1.71 0 0 0 88.31 -4.89 15.22 -14.65 23.65 -3.08 0 -0 -7.33 -16.29 -23.77 6.72 7.12 -0 -0 13.65 -54.11 -3.1
5.78 17.44 13.46 27.67 -82.87 -25.03 0 0 0 -21.11 8.13 13.42 0.92 6.11 17.1 -0.53 -14.77 -2.47 0.03 1.12 3.07 0 0 0 20.86 5.78 -31.62 -1.78 -8.4 23.95 0.08 -8 -9.47 -1.88 -8.6 24.56 -6.96 -2.39 10.26 1.81 -3.92 3.08 6.26 -2.02 -1.92 -10.27 -8.27 -0.55 2.92 -11.32 13.54 1.97 -5.99 4.93 -0 -0 0 -78.96 -9.46 22.52 30.2 -41.06 -11.54 -0 0 -5.23 23.46 -10.95 -4.71 -7.12 0 -0 -2.55 18.08 1.64 -0 -0 0 87.12 -4.55 16.23 -15.78 25.22 -3.55 0 -0 -7.89 -16.33 -22.79 6.48 7.12 -0 -0 13.17 -53.15 -2.68
4.95 17.52 13.47 7.78 -82.74 -5.52 0 0 0 -17.66 6.29 10.15 2.14 9.15 26.26 -0.51 -12.53 5.77 0 0.36 0.99 0 0 0 23.85 4.23 -30.14 -2.12 -9.11 26.15 0.11 -7.96 -8.64 -2.64 -10.09 29.26 -3.68 -2.47 9.47 2.15 -3.65 3.05 4.68 -1.88 -1.76 -10.58 -8.38 1.98 3.29 -11.82 13.5 2.22 -6.28 4.57 -0 -0 0 -79.76 -7.9 24.09 28.95 -39.97 -10.73 -0 0 -4.75 22.6 -10.97 -4.53 -7.12 0 -0 -3.16 18.13 2.02 -0 -0 0 87.67 -4.97 14.23 -16.87 26.68 -4.03 0 -0 -7.93 -16.58 -22.93 6.62 7.12 -0 -0 12.98 -53.33 -2.69
4.27 17.57 13.48 -13.28 -84.17 13.97 0 0 0 -14.33 5.18 4.68 4.74 13.09 39.69 0.15 -8.31 14.48 0.08 1.78 4.89 0 0 0 27.1 3.97 -25.81 -2 -8.86 25.35 0.17 -8.12 -6.65 -1.96 -8.79 25.13 -1.33 -1.71 10.73 2.78 -2.46 3.64 3.94 -1.31 -2.03 -11.38 -8.32 3.59 3.54 -11.99 13.73 2.48 -6.43 4.46 0 -0 0 -80.62 -6.88 25.86 27.79 -38.93 -9.99 -0 0 -4.13 20.04 -9.94 -3.6 -7.12 0 -0 -4.95 19.43 3.03 0 -0 0 86.63 -3.43 13.5 -17.22 27.14 -4.19 0 -0 -9.32 -18.04 -23.11 7.29 7.12 -0 -0 11.59 -53.78 -2.53
3.58 17.63 13.51 -33.58 -83.77 32.64 0 0 0 -11.06 3.26 -0.24 7.63 15.84 51.22 1.21 -6.18 23.84 0.16 2.55 7.02 0 0 0 30.1 1.82 -21.65 -1.88 -8.6 24.57 0.1 -7.07 -7.05 -2.02 -8.9 25.48 1.33 -1.3 11.35 3.08 -1.71 4.44 2.66 -0.95 -1.67 -11.24 -8.46 5.77 3.81 -12.46 13.17 2.64 -6.68 3.98 -0 0 0 -80.79 -5.92 28.4 26.43 -37.63 -9.15 -0 0 -3.87 18.26 -9.45 -3.1 -7.12 0 -0 -6.22 20.06 3.73 -0 0 0 85.95 -1.49 12.63 -17.41 27.39 -4.27 0 -0 -9.62 -17.64 -23.53 7.24 7.12 -0 -0 12.18 -54.12 -2.76
2.9 17.68 13.46 -59.81 -84.16 57.82 0 0 0 -7.93 3.09 -5.52 10.26 17.55 60.36 1.77 -5.45 27.56 0.28 3.38 9.35 0 0 0 32.55 2.18 -17.03 -1.76 -8.34 23.76 0.04 -6.47 -8.17 -2.31 -9.48 27.32 1.79 -0.33 11.4 3.77 -0.45 5.19 2.96 -0.35 -0.95 -12.01 -8.51 7.85 4.45 -12.87 12.64 3.04 -6.93 3.61 -0 0 0 -81.69 -4.82 29.53 24.81 -36.01 -8.18 -0 0 -1.51 16.7 -9.98 -2.98 -7.12 0 -0 -7.32 19.62 4.48 -0 0 0 83.61 -0.04 15.32 -18.45 28.73 -4.76 0 -0 -11.79 -17.75 -23.64 7.31 7.12 -0 -0 12.12 -54.25 -2.79
2.27 17.72 13.45 -81.83 -83.63 79.37 0 0 0 -5.64 2.21 -10.81 12.64 18.65 68.01 0.9 -6.56 21.49 0.16 2.59 7.13 0 0 0 34.37 1.63 -13.57 -1.63 -8.05 22.86 -0.07 -4.74 -8.85 -2.42 -9.69 27.99 2.94 0.53 11.31 3.95 0.74 5.71 2.36 0.24 -0.38 -12.56 -8.49 9.76 5.11 -13.21 12.6 3.41 -7.14 3.41 -0 0 0 -82.22 -3.38 30.57 23.56 -34.69 -7.45 -0 0 -1.32 16.43 -10.15 -2.97 -7.12 0 -0 -7.51 19.45 4.62 -0 0 0 83.1 1.39 13.54 -19.66 30.23 -5.36 0 -0 -9.51 -18.02 -23.13 7.28 7.12 -0 -0 11.63 -53.8 -2.54
1.65 17.68 13.45 -96.13 -82.33 92.76 0 0 0 -3.38 1.36 -15.21 14.26 19.19 72.99 0.34 -6.01 14.81 0.26 3.26 9 0 0 0 36.37 -0.34 -9.85 -1.45 -7.6 21.5 -0.09 -4.19 -8.76 -0.91 -6.08 17.03 4.47 1.07 11.17 3.83 1.47 6.67 1.32 0.63 0.73 -11.97 -8.57 11.13 5.05 -13.42 12.21 3.38 -7.24 3.05 -0 -0 0 -81.95 -2.01 30.34 22.28 -33.29 -6.74 -0 -0 0.36 12.35 -10.4 -2.26 -7.12 0 -0 -10.39 19.43 6.45 -0 -0 0 82.12 3.38 14.4 -21.34 32.23 -6.23 0 -0 -11.34 -19.06 -22.88 7.65 7.12 -0 -0 10.47 -53.73 -2.27
1.05 17.71 13.47 -105.47 -80.84 102.15 0 0 0 -1.67 -0.14 -19.83 14.94 19.37 75.05 0.06 -5.33 9.28 0.51 4.59 12.74 0 0 0 37.38 -1.82 -7.52 -1.35 -7.36 20.8 -0.25 -0.79 -9.79 -1.66 -8.11 23.04 5.71 1.46 11.18 4.11 2.06 6.77 0.85 0.95 0.88 -12.38 -8.32 12.3 4.95 -13.32 12.62 3.47 -7.25 3.02 -0 -0 0 -83.27 -0.36 28.16 20.18 -30.86 -5.62 -0 -0 2.36 13.11 -9.87 -2.29 -7.12 0 -0 -9.87 19.93 6 -0 -0 0 80.62 3.74 15.18 -23.91 35.07 -7.65 0 -0 -12.56 -20.41 -21.69 7.83 7.12 -0 -0 8.65 -52.77 -1.66
0.46 17.71 13.47 -111.75 -79.59 108.76 0 0 0 -0.45 -2.23 -24.22 14.72 19.32 74.41 -0.09 -5.53 3.6 0.43 4.18 11.6 0 0 0 38.55 0.35 -4.02 -1.26 -7.12 20.08 -0.36 -1.62 -12.09 -1.74 -8.29 23.6 6.53 1.78 11.07 3.99 2.52 6.88 0.24 1.2 1.13 -13.21 -7.99 12.84 5.85 -13.18 13.31 3.88 -7.25 3.24 0 0 0 -84.4 1.57 26.66 18.88 -29.27 -4.97 -0 0 -0.43 16.11 -8.33 -2.4 -7.12 0 -0 -7.78 21.34 4.45 0 0 0 78.82 4.7 17.91 -25.53 36.74 -8.61 0 -0 -15.97 -20.55 -24.78 8.93 7.12 -0 -0 9.74 -55.95 -2.64
-0.13 17.68 13.54 -116.24 -80.56 113.64 0 0 0 -2.2 -5.43 -27.21 13.46 18.94 70.53 -0.07 -5 -0.37 0.46 4.36 12.1 0 0 0 36.47 -3.33 -3.62 -1.29 -7.21 20.34 -0.45 2.06 -12.06 -1.39 -7.46 21.1 6.1 1.56 11.19 3.3 2.24 6.77 -0.22 1.07 0.94 -13.72 -7.79 12.86 5.9 -13.04 14.04 3.96 -7.23 3.48 -0 -0 0 -85.33 3.63 24.35 17.31 -27.27 -4.23 -0 0 -0.43 13.18 -9.19 -2.14 -7.12 0 -0 -9.85 20.61 5.83 -0 -0 0 77.97 5.26 17.97 -28.11 39.22 -10.19 0 -0 -16.39 -18.56 -23.21 7.54 7.12 -0 -0 11.11 -53.98 -2.48
-0.76 17.63 13.52 -116.82 -77.83 114.89 0 0 0 0.96 -6.56 -29.63 11.38 18.12 64.01 -0.06 -6.02 -2.41 0.34 3.73 10.31 0 0 0 39.83 1.62 0.23 -1.32 -7.27 20.53 -0.64 -1.55 -15.71 -1.42 -7.52 21.28 8.28 1.91 10.94 3.62 2.85 6.73 -1.13 1.43 1.2 -14.09 -8.15 12.19 6.51 -13.6 14.93 4.13 -7.52 3.98 -0 -0 0 -85.72 4.86 21.58 15.58 -24.95 -3.47 -0 -0 0.89 14.37 -8.01 -2.05 -7.12 0 -0 -9.04 21.75 5.11 -0 -0 0 78.21 4.51 17.16 -31.82 42.4 -12.62 0 -0 -16.94 -23.43 -23.01 9.61 7.12 -0 -0 6.02 -54.71 -1.44
-1.34 17.57 13.53 -121.39 -77.39 120.88 0 0 0 1.09 -8.24 -31.69 8.7 16.61 55.05 0.03 -4.2 -4.14 0.09 1.99 5.47 0 0 0 38.98 -0.95 0.05 -1.3 -7.23 20.4 -0.75 1.87 -15.82 -1.15 -6.81 19.15 7.85 2.21 10.64 3.47 3.25 6.27 -1.08 1.61 0.88 -12.9 -8.54 12.4 5.46 -13.83 14.01 3.66 -7.57 3.54 0 -0 0 -86.32 6.3 19.65 14.23 -23.06 -2.92 -0 -0 1.34 13.7 -7.42 -1.8 -7.12 0 -0 -9.55 22.38 5.27 0 -0 0 77.46 4.53 17.4 -33.96 44.05 -14.08 0 -0 -17.62 -22.1 -22.92 8.99 7.12 -0 -0 7.38 -54.36 -1.7
-1.99 17.54 13.52 -123.16 -77.15 123.61 0 0 0 1.32 -10.09 -31.66 5.82 14.25 44.26 0.1 -2.17 -5.53 0.07 1.76 4.84 0 0 0 39.06 0.32 3.34 -1.06 -6.53 18.33 -0.83 1.25 -16.8 -1.79 -8.41 23.98 8.1 2.24 10.08 3.11 3.29 6.06 -1.58 1.66 1 -13.4 -8.6 12.04 6.15 -14.01 14.36 3.9 -7.67 3.8 0 -0 0 -86.74 7.19 16.8 12.78 -20.97 -2.37 -0 -0 3.89 12.45 -6.95 -1.53 -7.12 0 -0 -10.48 22.89 5.67 0 -0 0 74.41 6.72 22.78 -33.89 44 -14.04 0 -0 -23.18 -25.81 -23.97 11.12 7.12 -0 -0 3.83 -56.22 -1.05
-2.64 17.47 13.51 -125.13 -76.39 127.06 0 0 0 2.37 -11.71 -31.53 3.4 11.31 33.33 0.25 -1.42 -8.98 0.09 1.95 5.36 0 0 0 40.09 3.34 6.84 -0.83 -5.81 16.23 -0.93 -1.73 -18.9 -1.49 -7.72 21.88 8.25 2.42 9.15 2.92 3.49 5.73 -1.84 1.78 1.2 -12.86 -8.96 11.56 5.83 -14.32 14.21 3.69 -7.78 3.8 -0 -0 0 -87 7.8 14.01 11.74 -19.41 -2.01 -0 -0 5.61 10.56 -7.21 -1.34 -7.12 0 -0 -11.84 22.69 6.49 -0 -0 0 78.37 3.3 16.13 -38.48 47.14 -17.31 0 -0 -16.14 -23.44 -22.93 9.59 7.12 -0 -0 5.99 -54.63 -1.42
-3.33 17.4 13.51 -128.37 -75.85 131.34 0 0 0 2.65 -11.91 -32.24 2.17 9.2 26.43 0.68 -4.38 -14.72 0.05 1.38 3.78 0 0 0 39.09 1.12 8.38 -0.69 -5.3 14.77 -1 0.34 -18.8 -1.11 -6.68 18.78 7.88 2.71 8.21 2.91 3.81 5.46 -1.63 1.94 1.43 -13.48 -9.17 11.51 6.46 -14.72 14.14 3.95 -7.99 3.91 0 -0 0 -87.29 8.76 12.94 11.32 -18.78 -1.88 -0 -0 6.61 8.9 -6.27 -0.98 -7.12 0 -0 -13.11 23.66 6.93 0 -0 0 77.4 3.54 16.4 -37.86 46.75 -16.86 0 -0 -16.09 -11.02 -22.59 4.28 7.12 -0 -0 18.26 -52.02 -3.25
-4.03 17.29 13.52 -132.69 -75.35 136.16 0 0 0 1.63 -9.95 -33.11 1.8 8.43 24.03 0.9 -9.79 -17.29 0.04 1.3 3.57 0 0 0 37.81 -0.14 9.88 -0.72 -5.42 15.1 -1.09 2.04 -19.17 -0.83 -5.8 16.2 7.69 2.93 7.89 2.46 4.1 5.17 -2 2.09 1.34 -14.08 -9.42 11.77 7.47 -15.25 13.98 4.34 -8.26 3.99 -0 -0 0 -87.48 9.3 10.61 11.15 -18.52 -1.82 -0 -0 7.66 7.62 -5.74 -0.77 -7.12 0 -0 -14.1 24.2 7.3 -0 -0 0 78.21 2.06 15.93 -39.28 47.64 -17.91 0 -0 -14.67 -15.94 -24.05 6.64 7.12 -0 -0 14.14 -54.32 -3.29
-4.69 17.23 13.51 -134.54 -75.97 137.92 0 0 0 -0.61 -8.26 -33.24 2.01 8.89 25.46 0.27 -10.33 -10.96 0.01 -0.71 -1.94 0 0 0 37.33 0.83 12.4 -0.79 -5.68 15.86 -1.07 -0.79 -19.83 -0.47 -4.39 12.18 6.86 2.73 8.3 2.15 3.84 5.11 -1.88 1.94 0.99 -13.81 -9.43 11.37 7.72 -15.3 14.73 4.33 -8.27 4.28 -0 0 0 -87.06 9.51 11.11 11.26 -18.69 -1.86 -0 -0 6.74 6.97 -5.65 -0.69 -7.12 0 -0 -14.58 24.29 7.53 -0 0 0 78.95 1.12 14.96 -40.16 48.16 -18.56 0 -0 -12.73 -16.68 -22.88 6.65 7.12 -0 -0 12.86 -53.3 -2.66
-5.4 17.21 13.48 -136.61 -75.59 139.72 0 0 0 -1.44 -8.33 -32.01 2.28 9.42 27.12 -0.01 -8.26 -5.49 0.12 2.23 6.13 0 0 0 37.07 0.67 12.17 -1.35 -7.35 20.76 -0.92 -1.85 -18.92 -0.15 -2.47 6.82 6.09 2.77 8.2 2.27 3.82 5.21 -1.32 1.92 1.08 -14.32 -9.66 11.83 7.92 -15.71 14.38 4.48 -8.5 4.21 -0 0 0 -86.94 9.11 11.19 11.46 -18.99 -1.92 -0 -0 6.47 6.41 -5.59 -0.63 -7.12 0 -0 -14.99 24.35 7.73 -0 0 0 78.78 0.26 14.81 -40.52 48.37 -18.82 0 -0 -12.22 -19.28 -21.6 7.34 7.12 -0 -0 9.75 -52.48 -1.81
-6.15 17.26 13.5 -143.15 -76.37 144.9 0 0 0 -4.44 -8.04 -28.8 2.37 9.6 27.69 -0.06 -5.51 -1.46 0.29 3.45 9.54 0 0 0 34.93 0.67 10.14 -2.76 -10.29 29.92 -0.51 -3.92 -15.45 -0.08 1.84 -5.06 4.95 2.61 8.74 1.48 3.55 5.65 -1.5 1.77 1.19 -14.6 -9.85 12.07 8.52 -16.17 14.88 4.68 -8.76 4.45 -0 0 0 -86.06 7.86 11.86 11.53 -19.09 -1.94 -0 -0 6.06 6.86 -5.93 -0.71 -7.12 0 -0 -14.63 24.02 7.65 -0 0 0 79.8 -0.66 13.52 -41.6 48.99 -19.64 0 -0 -11.15 -20.15 -21.7 7.72 7.12 -0 -0 8.92 -52.73 -1.71
-6.85 17.3 13.47 -150.73 -76.34 152.07 0 0 0 -7.12 -4.98 -27.46 2.52 9.87 28.56 -0.13 -6.62 0.6 0.53 4.66 12.94 0 0 0 32.51 1.09 4.9 -5.19 -13.6 41.65 0.07 -6.18 -6.73 -0.69 5.29 -14.75 3.33 2.56 8.72 1.01 3.38 5.54 -1.08 1.66 1 -17 -9.44 11.94 10.3 -16.31 16.44 5.54 -8.96 5.31 -0 0 0 -85.31 6.99 12.56 12.22 -20.13 -2.18 -0 -0 4.67 7.71 -5.23 -0.71 -7.12 0 -0 -14.08 24.69 7.12 -0 0 0 80.5 -1.59 12.71 -42.43 49.45 -20.27 0 -0 -11.15 -22.45 -22.22 8.88 7.12 -0 -0 6.77 -53.7 -1.45
-7.51 17.41 13.42 -161.85 -76.52 162.05 0 0 0 -10.79 -2.06 -24.3 2.4 9.65 27.86 -0.21 -8.43 0.52 0.43 4.19 11.61 0 0 0 28.78 2.61 -0.83 -8.44 -16.43 54.12 0.22 -8.99 0.28 -0.74 -5.49 15.3 0.66 2.56 9.45 0.35 3.2 5.66 -0.29 1.51 0.6 -16.8 -9.68 11.7 9.83 -16.6 16.9 5.32 -9.11 5.48 0 0 0 -84.16 5.83 13.87 13.25 -21.66 -2.55 -0 -0 3.61 8.14 -5.84 -0.83 -7.12 0 -0 -13.71 24.09 7.11 0 0 0 80.91 -2.21 11.28 -44.34 50.44 -21.73 0 -0 -9.97 -23.14 -20.45 8.49 7.12 -0 -0 5.5 -51.97 -0.95
-8.15 17.53 13.39 -168.47 -76.14 167.59 0 0 0 -13.04 -0.48 -20.33 2.21 9.29 26.7 -0.18 -8.49 -1.07 0.29 3.48 9.61 0 0 0 26.15 2.87 -6.25 -11.22 -18.04 63.49 0.22 -15.28 8.2 -1.11 -6.69 18.81 -0.8 1.86 9.87 0.36 2.13 5.97 0.63 0.92 0.63 -17.36 -9.34 11.87 8.92 -15.98 15.94 5.17 -8.84 5.05 0 -0 0 -84.21 4.71 15.51 14.72 -23.75 -3.11 -0 0 -1.06 11.06 -4.86 -0.95 -7.12 0 -0 -11.66 25.02 5.75 0 -0 0 79.96 -2.29 12.26 -47.87 52.1 -24.48 0 -0 -7.93 -27.04 -18.89 9.38 7.12 -0 -0 1.18 -50.99 -0.17
-8.75 17.65 13.36 -171.08 -75.83 169.52 0 0 0 -14.34 0.37 -16.31 1.91 8.68 24.8 -0.14 -8.13 -2.22 0.22 3.05 8.43 0 0 0 24.32 2.3 -11.66 -13.41 -18.93 70.4 0.69 -18.15 4.98 -1.73 -8.27 23.55 -0.58 1.72 10.45 -0.21 1.93 6 -0.09 0.83 0.37 -15.33 -10.01 11.86 8.03 -16.6 15.89 4.57 -9.06 4.88 -0 0 0 -81.79 2.76 16.19 16.03 -25.56 -3.66 -0 -0 0.97 11.18 -6.07 -1.2 -7.12 0 -0 -11.47 23.8 5.98 -0 0 0 79.78 -2.07 10.57 -51.58 53.61 -27.44 0 -0 -6.72 -23.7 -22.31 9.46 7.12 -0 -0 5.5 -54.03 -1.22
-9.31 17.73 13.28 -173.93 -75.88 172.94 0 0 0 -15.29 1.03 -14.39 1.74 8.29 23.61 -0.11 -8.46 -3.4 0.17 2.69 7.42 0 0 0 22.95 2.02 -18.04 -14.81 -19.34 74.67 0.62 -15.21 1.14 -1.54 -7.83 22.21 -1.9 1.27 9.72 0.09 1.27 5.73 1.05 0.48 0.46 -14.95 -10.65 10.78 6.57 -17.18 16.77 3.92 -9.36 5.25 -0 -0 0 -80.74 1.2 16.58 17.8 -27.9 -4.45 -0 -0 0.03 12.21 -7.14 -1.54 -7.12 0 -0 -10.65 22.71 5.81 -0 -0 0 78.34 -2.3 9.43 -58.87 56 -33.41 0 -0 -4.23 -23.65 -23.69 9.98 7.12 -0 -0 6.04 -55.47 -1.56
-9.86 17.75 13.19 -178 -74.99 177.76 0 0 0 -16.65 2.01 -13.44 1.78 8.39 23.9 -0.02 -8.66 -5.76 0.07 1.66 4.58 0 0 0 21.38 2.77 -23.54 -15.31 -19.46 76.15 0.41 -12.4 1.06 -0.49 -4.49 12.45 -3.2 0.9 8.5 -0.03 0.75 5.45 1.7 0.2 0.84 -15.06 -10.6 10.81 7.09 -17.21 16.53 4.11 -9.37 5.22 0 0 0 -78.94 -0.01 16.65 20.14 -30.81 -5.6 -0 0 -1.94 14.29 -6.79 -1.73 -7.12 0 -0 -9.15 22.99 4.91 0 0 0 76.61 -1.65 8.69 -66.39 57.78 -39.7 0 -0 -3.22 -29.42 -19.75 10.79 7.12 -0 -0 -1.09 -52.37 0.2
-10.38 17.75 13.09 -178.07 -74.05 178.1 0 0 0 -16.61 2.25 -12.33 1.99 8.84 25.31 0.08 -8.93 -7.73 0.05 1.44 3.95 0 0 0 21.15 4.06 -27.49 -14.7 -19.31 74.32 0.24 -9.46 0.52 -0.84 -5.84 16.33 -3.52 0.55 8.37 0.34 0.28 5.15 2.31 -0.03 0.62 -14.24 -10.94 10.9 6.2 -17.41 15.61 3.74 -9.42 4.8 0 -0 0 -77.28 -0.68 16.97 22.74 -33.8 -6.99 -0 0 -3.6 16 -7.22 -2.06 -7.12 0 -0 -7.88 22.5 4.31 0 -0 0 74.07 -0.91 7.28 -76.84 59.34 -48.63 0 -0 -2.7 -30.38 -20.16 11.42 7.12 -0 -0 -2.02 -53.02 0.4
-10.89 17.71 12.99 -183.74 -73.46 185.29 0 0 0 -18.62 1.99 -12.78 2.17 9.21 26.45 0.24 -8.6 -9.84 0.01 0.56 1.53 0 0 0 19.09 5.06 -32.64 -13.35 -18.9 70.2 0.12 -6.24 -0.99 -0.23 -3.1 8.57 -5.32 -0.08 6.87 0.22 -0.56 4.47 3.24 -0.46 0.82 -14.73 -10.94 10.43 6.58 -17.43 15.4 3.89 -9.43 4.88 0 0 0 -75.45 -1.11 16.96 25.44 -36.65 -8.55 -0 0 -5.59 18.22 -7.67 -2.52 -7.12 0 -0 -6.26 21.92 3.49 0 0 0 71.54 0.4 4.97 -86.55 59.95 -57.01 0 -0 -0.32 -28.95 -17.13 9.25 7.12 -0 -0 -1.03 -49.38 0.11
-11.39 17.63 12.84 -185.49 -72.49 187.33 0 0 0 -19.14 2.77 -11.5 2.23 9.34 26.86 0.3 -9.44 -11.03 0.25 3.21 8.87 0 0 0 18.48 6.77 -34.99 -11.32 -18.09 63.82 0.07 -4.94 -3.83 -0.16 -2.54 7 -6.21 -0.26 6.76 0.29 -0.83 4.2 3.84 -0.6 0.65 -13.89 -11.42 9.78 6.33 -17.86 15.13 3.63 -9.58 4.85 0 -0 0 -72.88 -1.98 17.86 27.72 -38.86 -9.95 -0 0 -8.7 19.75 -8.39 -3 -7.12 0 -0 -5.15 21.09 2.96 0 -0 0 68.68 1.79 2.39 -97.38 59.79 -66.38 0 0 2.39 -31.87 -18.15 10.96 7.12 -0 -0 -3.85 -51.04 0.57
-11.9 17.65 12.7 -188.06 -72.2 190.42 0 0 0 -20.17 3.68 -9.56 2.01 8.89 25.45 0.42 -9.27 -12.34 0.19 2.78 7.66 0 0 0 17.86 5.7 -36.67 -8.44 -16.44 54.15 0 -4.18 -5.9 -0.36 -3.87 10.7 -6.87 -0.75 6.55 0.37 -1.49 3.75 4.33 -0.91 0.4 -13.74 -11.55 9.26 6.11 -17.92 14.92 3.51 -9.58 4.84 0 0 0 -71.09 -3.01 17.65 29.07 -40.08 -10.81 -0 0 -8.76 21.36 -8.43 -3.28 -7.12 0 -0 -3.98 20.95 2.3 0 0 0 64.72 3.65 -0.54 -104.66 59.17 -72.66 0 0 2.2 -33.31 -15.95 10.24 7.12 -0 -0 -5.5 -48.79 0.52
-12.42 17.57 12.56 -188.93 -70.8 188.14 0 0 0 -20.54 6.64 -3.89 1.81 8.45 24.09 0.55 -9.22 -13.8 0.06 1.52 4.17 0 0 0 18.72 3.19 -33.32 -5.4 -13.82 42.53 0 -4.84 -6.86 -0.49 -4.5 12.48 -6.69 -0.3 10.56 0.02 -1.26 4.12 3.93 -0.77 -1.47 -13.86 -11.84 9.28 6.5 -18.41 15.06 3.61 -9.82 4.97 0 -0 0 -68.55 -3.94 17.84 30.23 -41.09 -11.56 -0 0 -9.06 21.47 -8.26 -3.24 -7.12 0 -0 -3.9 21.12 2.24 0 -0 0 61.36 4.8 -4.27 -111.67 58.15 -78.65 0 0 6.69 -26.56 -24.07 11.53 7.12 -0 -0 3.05 -56.49 -0.86
-12.96 17.52 12.43 -188.12 -69.8 189.67 0 0 0 -20.95 6.84 -4.04 1.71 8.23 23.41 0.73 -8.45 -15.5 0.02 0.8 2.21 0 0 0 20.36 2.07 -35 -2.72 -10.23 29.73 0.11 -6.6 -5.62 -0.3 -3.51 9.69 -5.59 -0.76 8.68 0.1 -1.59 3.35 3.4 -0.88 -1.23 -14.15 -12.3 8.97 6.56 -19.03 15.01 3.59 -10.12 5.11 -0 -0 0 -67.11 -4.85 16.84 30.84 -41.6 -11.96 -0 0 -9.14 21.41 -8.94 -3.49 -7.12 0 -0 -3.95 20.4 2.33 -0 -0 0 56.3 6.95 -7.67 -111.55 58.17 -78.55 0 0 5.92 -31.41 -17.75 10.55 7.12 -0 -0 -3.43 -50.51 0.47
-13.51 17.44 12.22 -189.94 -68.46 192.91 0 0 0 -22.01 7.65 -2.81 1.48 7.69 21.76 0.84 -8.42 -16.49 0.03 1.18 3.24 0 0 0 21.44 0.92 -35.89 -1.18 -6.89 19.4 0.15 -8.22 -8.02 -0.14 -2.45 6.76 -5.88 -0.58 7.17 -0.19 -1.26 2.62 3.21 -0.69 -1.19 -14.93 -12.44 9.55 8.11 -19.62 15.01 4.15 -10.43 5.31 -0 -0 0 -65.91 -5.5 16.68 31.29 -41.97 -12.26 -0 0 -8.69 21.22 -8.59 -3.32 -7.12 0 -0 -4.09 20.79 2.38 -0 -0 0 52.12 7.25 -8.94 -113.68 57.77 -80.35 0 0 0.65 -45.24 -21.78 20.51 7.12 -0 -0 -19.35 -58.49 6.54
-14.04 17.33 11.96 -195.31 -67.6 197.67 0 0 0 -23.82 9.61 0.96 1.08 6.61 18.57 0.82 -8.1 -16.27 0 0.21 0.57 0 0 0 17.49 5.61 -33.67 -0.8 -5.71 15.96 0.18 -14.33 -18.19 -0.1 -2.08 5.72 -7.71 -0.5 7.4 -0.77 -1.34 2.46 3.64 -0.72 -1.44 -14.02 -12.91 9.56 7.5 -20.1 14.86 3.81 -10.64 5.16 -0 -0 0 -64.79 -6 17.01 31.32 -42 -12.29 -0 0 -9.04 21.67 -8.22 -3.25 -7.12 0 -0 -3.75 21.15 2.15 -0 -0 0 48.07 8.01 -14.93 -110.57 58.34 -77.72 0 0 7.98 -37.17 -18.27 13.37 7.12 -0 -0 -9.43 -52.24 1.69
-14.57 17.28 11.65 -197.31 -67.07 199.03 0 0 0 -23.95 11.02 5.62 0.67 5.25 14.61 0.65 -7.43 -14.51 0 -0.08 -0.21 0 0 0 18.12 3.7 -35.09 -1.24 -7.06 19.9 0.23 -15.24 -19.01 -1.42 -7.54 21.33 -8.88 -0.73 7.75 -0.55 -1.77 2.53 4.57 -0.95 -1.46 -14.49 -12.81 8.63 7.49 -19.93 15.35 3.79 -10.56 5.49 0 0 0 -65.22 -5.97 16.08 30.95 -41.7 -12.04 -0 0 -9.03 22.85 -8.54 -3.58 -7.12 0 -0 -2.91 20.73 1.69 0 0 0 44.07 8.81 -17.85 -108.46 58.67 -75.92 0 0 12 -35.26 -19.94 13.56 7.12 -0 -0 -7.29 -53.79 1.58
-15.14 17.25 11.33 -197.12 -67.44 197.62 0 0 0 -22.46 12.18 10.52 0.47 4.38 12.16 0.49 -6.68 -12.61 0.04 -1.35 -3.7 0 0 0 19.35 1.77 -34.65 -1.74 -8.3 23.64 0.16 -15.24 -19.89 -3.04 -10.76 31.48 -8.33 -1.02 8.81 -0.32 -2.21 2.82 4.56 -1.17 -1.7 -15.42 -12.72 7.69 8.36 -20.11 16.75 4.04 -10.66 6.29 0 -0 0 -66.06 -5.23 15.7 30.93 -41.68 -12.03 -0 0 -8.9 22.2 -8.89 -3.61 -7.12 0 -0 -3.38 20.4 1.99 0 -0 0 41.13 9.12 -20.25 -105.24 59.1 -73.16 0 0 13.9 -36.16 -20.35 14.26 7.12 -0 -0 -8.26 -54.47 1.93
-15.73 17.27 10.99 -194.13 -67.97 194.22 0 0 0 -20.44 10.6 12.14 0.74 5.51 15.36 0.37 -5.88 -10.97 0.21 -2.94 -8.12 0 0 0 20.9 1 -33.21 -2.04 -8.95 25.63 0.3 -15.56 -18.71 -4.32 -12.57 37.79 -6.79 -1.29 9.01 0.25 -2.43 3.09 4.32 -1.29 -1.53 -16.33 -12.87 7.19 9.58 -20.56 17.1 4.42 -10.87 6.76 -0 0 0 -67.92 -4.19 15.38 30.35 -41.19 -11.64 -0 0 -7.09 22.94 -9.32 -3.92 -7.12 0 -0 -2.86 19.88 1.72 -0 0 0 39.51 8.84 -22.77 -102.3 59.42 -70.63 0 0 13.69 -38.53 -18.38 14.09 7.12 -0 -0 -10.91 -52.66 2.08
-16.31 17.31 10.65 -186.57 -67.16 187.73 0 0 0 -16.93 9.18 8.42 1.86 8.57 24.47 0.15 -5.94 -7.51 0.46 -4.35 -12.07 0 0 0 24.61 1.01 -31.99 -2.18 -9.23 26.52 0.38 -15.25 -17.09 -4.62 -12.94 39.15 -4.11 -1.11 8.58 1.3 -1.89 2.74 3.85 -0.99 -1.79 -15.25 -13.01 7.44 8.91 -20.65 16.97 4.1 -10.9 6.5 0 0 0 -70.47 -2.49 16.17 29.42 -40.39 -11.03 -0 0 -6.66 23.59 -9.18 -3.98 -7.12 0 -0 -2.39 19.99 1.43 0 0 0 39.05 7.35 -25.15 -101.84 59.46 -70.23 0 0 17.09 -33.35 -19.92 12.64 7.12 -0 -0 -5.21 -53.36 1.07
-16.85 17.39 10.27 -183.45 -65.79 184.1 0 0 0 -14.25 8.26 4.65 3.63 11.65 34.51 -0.06 -4.51 0.97 0.12 -2.24 -6.17 0 0 0 26.59 0.72 -28.89 -2.2 -9.27 26.65 0.42 -15.05 -16.04 -4.17 -12.38 37.1 -2.96 -0.63 9.66 1.4 -1.19 2.78 3.25 -0.64 -2.44 -14.18 -13.28 7.24 9.21 -21.1 17.28 3.98 -11.05 6.6 -0 -0 0 -72.06 -0.43 16.93 28.51 -39.58 -10.44 -0 0 -5.32 21 -9.51 -3.63 -7.12 0 -0 -4.25 19.82 2.57 -0 -0 0 40.71 5.65 -27.62 -102.73 59.38 -71 0 0 18.33 -28.59 -22.9 11.97 7.12 -0 -0 0.5 -55.67 -0.13
-17.35 17.45 9.87 -177.8 -64.88 178.45 0 0 0 -10.57 5.14 -0.14 6.2 14.62 45.77 0.2 -2.61 9.88 0.01 -0.55 -1.51 0 0 0 29.86 0.43 -25 -1.96 -8.78 25.12 0.34 -14.72 -16.7 -4.73 -13.08 39.66 -1.39 -0.6 10.01 2.53 -1.01 3.08 3.53 -0.58 -2.33 -15.31 -13.13 6.83 10.53 -21.2 17.52 4.48 -11.09 7.02 -0 -0 0 -74.94 1.52 17.08 27.43 -38.59 -9.77 -0 0 -4 18.54 -9.79 -3.26 -7.12 0 -0 -6.01 19.7 3.65 -0 -0 0 41.52 4.61 -29.63 -104.45 59.2 -72.48 0 0 18.55 -25.84 -24.05 11.16 7.12 -0 -0 3.83 -56.31 -1.06
-17.84 17.53 9.49 -172.95 -63.64 173.79 0 0 0 -7.19 1.94 -4.73 8.73 16.63 55.17 0.81 -2.69 18.21 0.16 2.55 7.04 0 0 0 32.99 -0.41 -21.28 -1.68 -8.16 23.2 0.27 -14.13 -16.63 -4.66 -12.99 39.33 0.77 -0.62 10.24 2.98 -0.86 3.24 2.76 -0.52 -2.33 -14.31 -13.04 6.75 10.5 -21.05 17.48 4.35 -10.97 6.89 -0 0 0 -76.4 3.1 17.8 25.27 -36.48 -8.45 -0 0 -2.66 17.28 -12.28 -3.79 -7.12 0 -0 -6.91 17.2 4.59 -0 0 0 44.07 3.35 -31.28 -108.09 58.73 -75.6 0 0 20.61 -27.88 -23.07 11.71 7.12 -0 -0 1.31 -55.7 -0.34
-18.31 17.58 9.18 -171.68 -60.88 172.65 0 0 0 -5.78 -0.46 -8.92 11.03 17.95 62.88 0.68 -4.39 17.75 0.33 3.68 10.17 0 0 0 34.65 -1.9 -18.52 -1.48 -7.69 21.79 0.12 -11.83 -15.09 -4.32 -12.58 37.8 1.7 -0.22 10.54 3.13 -0.23 3.27 2.32 -0.22 -2.49 -14.67 -12.69 6.67 11.23 -20.86 17.98 4.64 -10.89 7.15 -0 0 0 -78.01 4.8 19.06 23.32 -34.43 -7.32 -0 0 -2.23 16.4 -13.38 -3.9 -7.12 0 -0 -7.53 16.13 5.19 -0 0 0 46.53 2.08 -32.08 -112.35 58.03 -79.22 0 0 19.75 -35.09 -22.39 14.98 7.12 -0 -0 -6.88 -56.57 1.96
-18.75 17.62 8.82 -170.84 -57.48 171.51 0 0 0 -4.19 -1.96 -11.71 12.73 18.68 68.28 0.22 -6.25 13.34 0.25 3.2 8.84 0 0 0 36.14 -1.27 -13.58 -1.18 -6.9 19.42 0.16 -11.63 -14.01 -3.46 -11.4 33.63 1.5 0.27 10.8 3.78 0.34 3.74 3.04 0.04 -2.16 -12.9 -12.64 6.14 9.39 -20.23 17.6 3.87 -10.54 6.65 0 0 0 -80.85 6.05 18.16 21.1 -31.95 -6.1 -0 0 -0.07 17.24 -12.12 -3.73 -7.12 0 -0 -6.94 17.37 4.59 0 0 0 47.7 2.33 -33.11 -117.64 56.91 -83.68 0 0 20.36 -30.24 -21.94 12.29 7.12 -0 -0 -1.52 -54.97 0.37
-19.18 17.64 8.52 -168.45 -53.17 170.35 0 0 0 -1.53 -3.2 -15.8 13.88 19.08 71.85 0.01 -6.98 10.24 0.12 2.22 6.11 0 0 0 38.69 -1.01 -9.95 -0.86 -5.93 16.58 0.11 -9.98 -12.28 -3.59 -11.59 34.31 2.59 0.62 9.71 4.68 0.78 4.18 3.32 0.22 -1.13 -10.89 -12.23 5.13 7.41 -19.12 17.6 3.04 -9.94 6.3 -0 -0 0 -83.84 7.28 15.31 19.45 -29.98 -5.26 -0 -0 0.97 13.71 -12.69 -3.07 -7.12 0 -0 -9.38 17.04 6.31 -0 -0 0 48.59 2.78 -32 -120.85 56.08 -86.37 0 0 18.29 -29.29 -19.9 10.81 7.12 -0 -0 -0.92 -52.52 0.17
-19.6 17.67 8.23 -170.68 -49.3 172.68 0 0 0 -2.78 -5.56 -18.6 14.19 19.17 72.79 -0.09 -6.81 7.13 0.2 2.85 7.86 0 0 0 37.77 -2.54 -8.35 -0.86 -5.9 16.5 -0.18 -5.24 -11.56 -3.98 -12.14 36.23 2.41 0.87 9.82 3.57 1.15 3.95 2.22 0.44 -1.42 -10.66 -11.7 4.62 8.39 -18.76 18.56 3.27 -9.73 6.72 0 -0 0 -84.91 9.37 13.8 17.95 -28.1 -4.53 -0 -0 0.93 13.88 -12.27 -3.01 -7.12 0 -0 -9.27 17.45 6.14 0 -0 0 51.16 2.79 -30.06 -122.83 55.51 -88.01 0 0 18.75 -35.52 -20.34 13.93 7.12 -0 -0 -7.54 -54.31 1.73
-20.01 17.64 7.93 -169.94 -45.19 172.64 0 0 0 -1.62 -8.12 -21.02 14.06 19.13 72.4 -0.14 -6.7 3.07 0.32 3.65 10.08 0 0 0 38.78 -1.29 -5.43 -0.84 -5.84 16.33 -0.28 -3.34 -11.83 -4.06 -12.24 36.59 4.24 0.72 10.46 2.89 1.19 3.43 0.47 0.47 -2.26 -5.15 -10.82 4.08 3.89 -16.65 18.48 1.3 -8.64 5.72 0 -0 0 -85.75 11.72 12.16 16.5 -26.2 -3.87 -0 -0 1.15 12.91 -12.67 -2.88 -7.12 0 -0 -9.94 17.12 6.68 0 -0 0 53.54 2.08 -26.7 -123.39 55.34 -88.46 0 0 19.07 -38.83 -18.64 14.43 7.12 -0 -0 -11.25 -53.05 2.25
-20.41 17.6 7.65 -170.23 -40.38 173.86 0 0 0 -1 -9.87 -23.63 13.46 18.94 70.55 -0.14 -7.41 -0.65 0.25 3.23 8.92 0 0 0 38.82 -0.35 -3.54 -0.89 -6 16.78 -0.33 -0.35 -10.92 -3.57 -11.57 34.22 3.46 1.42 9.12 3.85 1.88 4.01 1.86 0.8 -0.96 -11.94 -10.41 1.91 9.06 -17.32 20.99 3.57 -9.04 7.99 0 -0 0 -89.26 10.89 10.18 14.64 -23.65 -3.08 -0 -0 1.98 12.47 -11.75 -2.58 -7.12 0 -0 -10.26 18.07 6.68 0 -0 0 52.34 2.5 -25.31 -123.56 55.29 -88.6 0 0 18.7 -40.64 -19.82 16.22 7.12 -0 -0 -13.36 -54.88 3.29
-20.76 17.55 7.35 -170.15 -36.5 174.34 0 0 0 -0.07 -11.74 -25.78 12.43 18.57 67.35 -0.02 -6.99 -4.28 0.05 1.4 3.85 0 0 0 39.32 1.58 -0.71 -0.89 -6.02 16.83 -0.39 0.27 -11.65 -3.18 -10.98 32.2 5.47 1.03 10.59 2.32 1.72 3.26 -0.87 0.73 -2.43 -9.89 -9.74 1.68 9.3 -16.76 21.67 3.38 -8.68 8.03 -0 0 0 -87.81 11.98 9.19 13.2 -21.58 -2.53 -0 -0 3.75 9.79 -12.79 -2.19 -7.12 0 -0 -12.08 17.18 8.15 -0 0 0 55.86 2.22 -22.84 -124.94 54.84 -89.73 0 0 17.74 -43.59 -18.36 16.69 7.12 -0 -0 -16.61 -53.82 3.68
-21.16 17.55 7.12 -170.05 -32.07 175.64 0 0 0 0.72 -13.48 -28.33 10.91 17.89 62.49 0.1 -4.84 -6.15 0.01 -0.65 -1.78 0 0 0 38.89 2.19 0.65 -0.85 -5.88 16.44 -0.36 3.46 -10.63 -2.97 -10.65 31.11 5.55 1.67 9.6 3.2 2.48 3.35 -0.07 1.1 -1.78 -12.37 -9.45 1.31 10.88 -16.78 22.15 4.24 -8.76 8.61 0 0 0 -90.12 11.06 9.33 12.03 -19.85 -2.11 -0 -0 5.48 8.84 -12.48 -1.93 -7.12 0 -0 -12.74 17.54 8.52 0 0 0 54.37 2.61 -22.23 -125.63 54.61 -90.3 0 0 15.42 -45.24 -18.26 17.53 7.12 -0 -0 -18.54 -54.11 4.26
-21.52 17.54 6.83 -170.1 -28.24 176.71 0 0 0 1.34 -14.82 -29.75 8.97 16.79 55.98 0.18 -4.04 -7.68 0.05 1.47 4.04 0 0 0 38.46 3.35 2.36 -0.84 -5.84 16.32 -0.26 5.97 -9.33 -3.35 -11.24 33.08 5.84 1.32 9.47 3.28 2.01 3.35 -0.09 0.86 -1.72 -11.9 -8.65 0.42 9.78 -15.37 22.51 3.91 -8.12 8.58 -0 -0 0 -90.76 10.81 8.8 11.77 -19.46 -2.03 -0 -0 6.76 6.8 -12.44 -1.47 -7.12 0 -0 -14.14 17.67 9.47 -0 -0 0 54.24 4.03 -19.97 -125.92 54.51 -90.54 0 0 14.37 -47.01 -17.59 17.96 7.12 -0 -0 -20.47 -53.72 4.54
-21.84 17.53 6.52 -170.06 -25.09 177.43 0 0 0 2.09 -15.64 -30.54 6.81 15.17 48.16 0.2 -3.52 -7.97 0.02 0.94 2.58 0 0 0 38.4 4.62 4.65 -0.8 -5.71 15.94 -0.3 6.39 -10.1 -2.51 -9.86 28.52 5.8 1.13 9.57 3.67 1.64 3.99 0.38 0.65 -1.14 -11.75 -8.87 -0.44 8.6 -14.93 21.23 3.5 -7.89 8.15 -0 0 0 -91.2 9.19 10.92 12.25 -20.18 -2.19 -0 -0 5.36 7.42 -11.77 -1.52 -7.12 0 -0 -13.76 18.3 9.01 -0 0 0 53.55 6.7 -19.09 -126.39 54.35 -90.91 0 0 12.77 -48.17 -18.09 19.14 7.12 -0 -0 -22.06 -54.69 5.45
-22.17 17.53 6.17 -170.13 -21.91 178.47 0 0 0 2.48 -16.26 -30.51 4.63 12.96 39.21 0.21 -1.99 -8.27 0.02 -0.97 -2.66 0 0 0 37.78 5.16 6.19 -0.76 -5.55 15.49 -0.2 8.17 -9.13 -2.59 -10 28.96 6.05 1.18 9.36 3.24 1.79 3.46 -0.21 0.74 -1.55 -10.66 -8.62 0.35 8.34 -14.77 21.07 3.32 -7.83 7.82 0 0 0 -89.18 9.77 12.95 13.13 -21.47 -2.5 -0 -0 4.78 5.87 -12.44 -1.27 -7.12 0 -0 -14.77 17.71 9.91 0 0 0 54.66 5.75 -18.34 -127.83 53.83 -92.08 0 0 11.04 -48.26 -18.45 19.53 7.12 -0 -0 -22.29 -55.17 5.77
-22.47 17.47 5.8 -169.93 -19.2 179.25 0 0 0 3.29 -17.1 -30.56 3.03 10.75 31.43 0.33 -1.89 -10.31 0.22 -3.01 -8.29 0 0 0 37.43 5.66 8.12 -0.69 -5.3 14.77 -0.12 9.74 -8.73 -2.56 -9.94 28.8 6.1 1 9.63 3.45 1.52 3.73 -0 0.59 -1.43 -10.23 -8.83 -1.12 7.61 -14.63 20.75 2.95 -7.69 7.88 0 0 0 -88.17 7.86 12.39 13.78 -22.41 -2.74 -0 -0 5.03 7.99 -11.24 -1.57 -7.12 0 -0 -13.39 18.8 8.6 0 0 0 54.48 6.97 -18.51 -129.05 53.37 -93.07 0 0 9.15 -48.68 -18.07 19.43 7.12 -0 -0 -22.69 -54.8 5.68
-22.78 17.44 5.4 -170.62 -17.04 179.85 0 0 0 2.66 -17.31 -30.48 2.03 8.93 25.58 0.56 -6.17 -13.33 0.01 0.69 1.9 0 0 0 35.96 4.99 9.86 -0.65 -5.17 14.4 -0.04 11.27 -8.55 -2.23 -9.34 26.86 5.19 0.81 9.59 3.24 1.25 3.39 0.31 0.46 -1.79 -11.01 -8.36 0.04 9.08 -14.46 20.41 3.64 -7.65 7.7 0 -0 0 -85.89 8.73 14.53 15.73 -25.15 -3.53 -0 -0 1.51 9.58 -10.75 -1.8 -7.12 0 -0 -12.32 19.21 7.76 0 -0 0 55.43 5.25 -18.57 -131.3 52.46 -94.86 0 0 6.16 -47.86 -18.26 19.1 7.12 -0 -0 -21.73 -54.82 5.43
-23.1 17.41 5.01 -170.2 -13.63 181 0 0 0 2.81 -14.98 -32.12 1.75 8.32 23.68 0.54 -8.59 -13.59 0.18 -2.71 -7.47 0 0 0 35.37 5.97 11.47 -0.57 -4.85 13.48 0.15 12.86 -6.94 -2.23 -9.33 26.84 5.79 1 9.18 3.22 1.53 3.18 -0.07 0.6 -1.76 -11.55 -8.28 0.09 9.65 -14.36 19.85 3.92 -7.6 7.58 -0 -0 0 -84 7.98 13.47 17.06 -26.94 -4.11 -0 -0 0.03 11.89 -8.73 -1.83 -7.12 0 -0 -10.79 21.12 6.29 -0 -0 0 55.63 5.17 -19.29 -132.54 51.92 -95.84 0 0 2.69 -47.17 -17.11 17.61 7.12 -0 -0 -20.53 -53.15 4.26
-23.38 17.33 4.58 -169.66 -12.37 180.94 0 0 0 2.41 -13.98 -31.79 1.76 8.35 23.79 0.22 -11.86 -11.15 0.33 -3.69 -10.21 0 0 0 35.96 7.18 13.55 -0.65 -5.14 14.31 0.06 12.19 -7.69 -1.88 -8.62 24.62 5.92 0.39 9.42 3.69 0.64 3.65 0.43 0.13 -1.44 -11.96 -8.73 -0.43 9.62 -14.69 18.96 3.92 -7.72 7.45 -0 -0 0 -83 5.91 9.42 17.77 -27.86 -4.44 -0 0 -0.61 13.59 -8.34 -2.01 -7.12 0 -0 -9.59 21.45 5.5 -0 -0 0 55.23 6.22 -20.33 -133.31 51.57 -96.44 0 -0 -0.89 -46.19 -15.58 15.64 7.12 -0 -0 -18.99 -50.93 2.86
-23.71 17.3 4.14 -169.56 -9.36 181.46 0 0 0 2.12 -14.83 -30.59 1.99 8.85 25.34 0.1 -10.27 -8.78 0.59 -4.92 -13.68 0 0 0 35.43 8.81 14.82 -0.8 -5.7 15.91 0.12 12.4 -7.04 -1.75 -8.33 23.71 6.56 0.27 10.98 3.08 0.87 2.35 -0.59 0.22 -3.63 -11.71 -8.59 3.3 10.62 -14.77 16.13 4.44 -7.85 5.96 -0 0 0 -80.36 7.26 8.04 19.45 -29.98 -5.25 -0 0 -2.82 17.03 -3.61 -1.11 -7.12 0 -0 -7.27 26.19 3.34 -0 0 0 56.71 3.38 -20.55 -134.57 50.98 -97.43 0 -0 -4.49 -45.74 -14.07 14.01 7.12 -0 -0 -18.12 -48.86 1.78
-24.04 17.3 3.6 -169.61 -5.12 181.61 0 0 0 1.25 -13.82 -28.7 2.25 9.37 26.97 0.01 -8.53 -6.24 0.13 -2.33 -6.42 0 0 0 35.06 11.06 16.72 -1.04 -6.49 18.2 0.18 11.85 -5.54 -1.32 -7.28 20.54 5.63 1 8.95 3.31 1.43 3.37 0.13 0.53 -1.44 -11.94 -9.74 1.65 10.28 -16.06 16.19 4.15 -8.4 6.41 0 -0 0 -79.43 5.73 5.3 20.61 -31.37 -5.85 -0 0 -4.38 19.54 -1.88 -0.67 -7.12 0 -0 -5.43 27.98 2.26 0 -0 0 56.57 3.47 -22.15 -134.34 51.09 -97.25 0 -0 -6.31 -44.07 -13.98 13.16 7.12 -0 -0 -16.35 -48.39 1.4
-24.34 17.36 3.12 -170.67 -4.15 181.9 0 0 0 -1.13 -13.33 -27.38 2.32 9.51 27.39 -0.03 -7.46 -4.44 0.09 -1.97 -5.42 0 0 0 33.48 11.29 14.57 -1.83 -8.5 24.25 0.17 9.69 -3.32 -0.81 -5.73 15.99 4.72 0.16 10.72 2.67 0.55 2.07 0.06 0.1 -3.82 -12.23 -10.13 3.25 11.25 -17.09 15.61 4.5 -8.98 6.19 -0 0 0 -77.59 6.47 1.78 20.47 -31.2 -5.77 -0 0 -4.97 17.71 -8.92 -2.84 -7.12 0 -0 -6.61 20.65 3.88 -0 0 0 57.41 1.7 -21.92 -134.33 51.09 -97.24 0 -0 -10.88 -42.57 -14.05 12.57 7.12 -0 -0 -14.81 -48.18 1.19
-24.62 17.43 2.63 -172.11 -2.05 182.04 0 0 0 -4.11 -10.04 -26.21 2.42 9.69 27.97 -0.13 -9.35 -3.83 0.02 -0.87 -2.39 0 0 0 30.98 11.51 10.03 -3.47 -11.43 33.73 0.14 6.68 0.9 -0.81 -5.73 16 2.38 0.01 9.72 2.83 -0.11 3.48 1.61 -0.23 -1.82 -13.42 -11.44 2.05 12.49 -18.12 12.72 4.91 -9.29 5.85 0 -0 0 -77.35 3.19 -2.43 20.05 -30.71 -5.56 -0 0 -2.39 15.2 -17.59 -4.69 -7.12 0 -0 -8.41 11.94 6.56 0 -0 0 57.05 3.27 -23.42 -133.94 51.28 -96.94 0 -0 -13.38 -41.77 -15.32 13.28 7.12 -0 -0 -14.15 -49.61 1.64
-24.92 17.54 2.16 -174.11 1.26 181.5 0 0 0 -7.74 -7.09 -22.5 2.13 9.13 26.19 -0.07 -8.8 -4.82 0.01 -0.68 -1.86 0 0 0 27.88 13.12 5.15 -6.01 -14.44 45.02 -0.06 1 5.27 -1.89 -8.64 24.68 0.61 -0.34 11.07 1.88 0.03 3.24 1.6 0.15 -2.83 -13.54 -13.18 3.16 12.89 -18.59 11.29 5.11 -9.11 5.37 -0 -0 0 -75.55 3.55 -3.58 20.04 -30.69 -5.55 -0 0 -0.89 14.04 -28.88 -6.88 -7.12 0 -0 -9.71 0.73 9.73 -0 -0 0 58.39 3.6 -23.77 -133.51 51.48 -96.6 0 -0 -15.9 -40.61 -13.61 11.4 7.12 -0 -0 -12.76 -47.25 0.72
-25.2 17.65 1.73 -175.39 4.17 181.09 0 0 0 -10.47 -4.7 -19.12 1.8 8.44 24.05 0.01 -7.58 -5.59 0.01 -0.54 -1.47 0 0 0 25.76 14.01 -0.89 -9.29 -16.99 57.1 -0.1 -2.7 5.68 -1.04 -6.49 18.21 -0.64 -0.53 12.67 1.76 -0.39 2.74 2.26 -0.05 -4.21 -14.34 -13.33 4.06 12.74 -18.86 9.71 5.24 -9.37 4.84 0 0 0 -74.74 2.85 -3.53 21.35 -32.23 -6.23 -0 0 -0.35 10.41 -13.88 -2.52 -7.12 0 -0 -11.62 16.06 8.12 0 0 0 58.23 3.33 -22.32 -132.68 51.85 -95.95 0 -0 -17.22 -40.26 -13.8 11.42 7.12 -0 -0 -12.43 -47.43 0.76
-25.43 17.75 1.34 -176.14 5.62 180.56 0 0 0 -12.55 -2.75 -16.14 1.52 7.78 22.04 0.05 -6.9 -5.9 0.01 -0.49 -1.34 0 0 0 24.27 13.52 -6.95 -13 -18.78 69.12 0.04 -3.37 -1.7 -0.68 -5.28 14.7 -1.01 -1.17 11.99 1.38 -1.21 4.03 2.16 -0.44 -2.44 -13.75 -13.42 4.67 13.66 -18.97 6.23 5.56 -9.51 3.73 0 -0 0 -72.64 -1.01 -1.22 24.79 -35.99 -8.17 -0 0 -1.46 2.81 25.22 1.2 -7.12 0 -0 -27.54 53.03 -5.79 0 -0 0 58.68 6.72 -22.58 -130.63 52.74 -94.33 0 -0 -16.19 -38.88 -14.36 11.3 7.12 -0 -0 -11.08 -47.86 0.79
-25.63 17.85 0.94 -176.94 7.84 180 0 0 0 -14.42 -0.02 -12.62 1.04 6.49 18.2 0.04 -6.3 -5.35 0.02 -0.93 -2.57 0 0 0 22.93 14.32 -13.12 -16.76 -19.75 80.48 -0.06 -2.07 -5.9 -0.48 -4.45 12.33 -2.46 -1.33 13.46 1.84 -1.71 2.79 3.6 -0.68 -4.46 -15.45 -12.9 7.95 13.69 -18.61 5.09 6.11 -9.49 2.98 -0 -0 0 -72.89 -0.73 0.48 25.24 -36.45 -8.43 -0 0 -0.72 5.42 37.45 3.3 -7.12 0 -0 -36.11 63.96 -17.71 -0 -0 0 57.52 4.99 -20.34 -129.34 53.26 -93.3 0 -0 -17.44 -39.16 -14.45 11.49 7.12 -0 -0 -11.37 -48.03 0.86
-25.82 17.94 0.64 -176.83 9.73 180.22 0 0 0 -15.24 2.21 -10.65 0.8 5.71 15.94 0.05 -5.01 -4.96 0.01 -0.59 -1.62 0 0 0 21.94 14.46 -20.8 -20.2 -20 90.59 -0.14 -0.4 -7.24 -2.31 -9.48 27.32 -2.43 -1.8 12.99 1.94 -2.25 3.48 3.74 -0.96 -3.44 -15.54 -12.99 7.13 14.53 -18.68 3.93 6.34 -9.52 2.86 0 -0 0 -71.9 -3.7 3.56 17.61 -27.65 -4.36 -0 0 -1.82 34.85 -7.5 -5.19 -7.12 0 -0 5.8 20.89 -3.37 0 -0 0 57.5 7.16 -20.16 -127.55 53.94 -91.85 0 -0 -17.77 -38.84 -13.93 10.97 7.12 -0 -0 -11.02 -47.34 0.64
-25.99 18.01 0.33 -176.95 11.73 180.26 0 0 0 -16.14 3.88 -8.3 0.53 4.66 12.95 0.05 -3.46 -4.46 0.03 -1.06 -2.9 0 0 0 20.61 14.7 -28.04 -23.18 -19.76 99.33 -0.42 3.56 -11.57 -1.73 -8.29 23.59 -3.02 -2.26 13.65 2.14 -2.87 4.03 4.39 -1.25 -3.12 -14.73 -13.15 3.89 14.11 -18.55 4.55 5.85 -9.33 3.43 -0 0 0 -70.19 -7.58 6.95 16.52 -26.23 -3.88 -0 0 -3.92 33.89 -4.15 -2.79 -7.12 0 -0 5.44 24.98 -2.64 -0 0 0 57.2 10.11 -19.71 -126.12 54.45 -90.7 0 -0 -20.11 -37.89 -12.77 9.76 7.12 -0 -0 -10.01 -45.76 0.19
-26.17 18.08 -0.03 -180.4 13.06 178.75 0 0 0 -20.73 6.46 -3.72 0.2 2.87 7.92 0.03 -3.19 -3.41 0.67 -5.24 -14.61 0 0 0 14.88 13.44 -33.73 -25.46 -19.27 106.15 -0.53 7.45 -13.15 -1.55 -7.86 22.3 -6.23 -2.26 15.15 1.7 -3.49 3.39 5.96 -1.51 -4.37 -14.51 -12.87 6.43 13.1 -18.26 2.82 5.8 -9.3 2.35 -0 -0 0 -72.45 -6.34 7.57 21.08 -31.92 -6.09 -0 0 -1.15 27.71 -2.54 -1.33 -7.12 0 -0 0.86 27.11 -0.37 -0 -0 0 55.99 9.77 -19.5 -124.96 54.84 -89.75 0 -0 -20.55 -36.4 -12.69 9.2 7.12 -0 -0 -8.57 -45.43 0.09
-26.29 18.09 -0.24 -179.99 15.12 179.25 0 0 0 -20.62 6.81 -3.46 0.19 2.81 7.76 0.04 -1.47 -3.66 0.25 -3.2 -8.84 0 0 0 14.13 13.99 -42.22 -27.33 -18.66 111.89 -0.63 10.9 -15.02 -0.37 -3.89 10.76 -6.39 -3.1 15.17 1.63 -4.47 4.55 6.08 -2.03 -2.98 -14.4 -12.11 6.09 16.23 -17.06 -0.56 6.9 -8.74 1.52 -0 0 0 -69.7 -10.97 10.71 18.87 -29.26 -4.97 -0 0 -4.39 23.71 -3.29 -1.44 -7.12 0 -0 -2.21 26.39 1 -0 0 0 56.78 14.08 -18.26 -124.54 54.97 -89.41 0 -0 -22.91 -36.37 -11.86 8.61 7.12 -0 -0 -8.52 -44.44 -0.12
-26.43 18.1 -0.55 -181.09 17.71 178.06 0 0 0 -22.46 9.61 1.64 0 0.35 0.97 0 0.92 -1.78 0.18 -2.72 -7.49 0 0 0 11.79 13.66 -47.71 -28.5 -18.17 115.62 -1.19 12.91 -20.19 -0.09 1.97 -5.43 -6.89 -2.77 14.94 1.07 -3.92 5.89 5.61 -1.79 -1.52 -13.4 -12.92 4.2 15.99 -17.91 -0.78 6.48 -9.08 1.78 -0 0 0 -67.79 -15.85 16.51 19.89 -30.5 -5.47 -0 0 -11.83 37.39 -12.17 -9.15 -7.12 0 -0 6.94 14.87 -4.97 -0 0 0 56.76 17.19 -21.29 -123.2 55.4 -88.31 0 -0 -22.96 -33.76 -11.86 7.83 7.12 -0 -0 -6.07 -44.08 -0.14
-26.51 18.13 -0.75 -178.27 19.19 179.78 0 0 0 -19.93 9.37 2.05 0 -0 -0 -0.02 2.71 -1.99 0.21 -2.98 -8.23 0 0 0 14.48 14.21 -55.23 -28.8 -18.03 116.56 -1.36 12.95 -21.45 -0.18 2.74 -7.55 -5.5 -3.22 15.13 2.42 -4.24 6.14 6.31 -1.95 -1.32 -11.56 -12.41 4.85 15.2 -16.96 -3.07 6.21 -8.66 0.63 -0 0 0 -69.73 -17.17 15.01 23.25 -34.36 -7.28 -0 0 -5.09 21.59 -3.46 -1.37 -7.12 0 -0 -3.82 26.26 1.74 -0 0 0 55.56 19.23 -21.96 -122.75 55.53 -87.94 0 -0 -23.99 -32.49 -11.64 7.32 7.12 -0 -0 -4.88 -43.65 -0.16
-26.6 18.14 -0.99 -180.9 20.01 179.18 0 0 0 -23.23 8.69 2.92 0 -0 -0 -0.05 4.22 -2.53 0.29 -3.47 -9.59 0 0 0 10.84 12.21 -61.66 -28.53 -18.16 115.7 -1.56 14.58 -23.12 -0.32 3.64 -10.07 -8.66 -4.16 15.38 2.53 -5.94 6.17 8.46 -2.89 -0.75 -12.37 -11.36 2.74 13.68 -15.54 -1.27 5.75 -7.85 1.24 0 -0 0 -70.93 -18.99 15.74 24.51 -35.7 -8 -0 0 -5.42 27.1 -8.86 -4.51 -7.12 0 -0 0.13 20.05 -0.08 0 -0 0 54.09 20.58 -18.21 -121.79 55.82 -87.14 0 -0 -25.2 -35.38 -10.66 7.48 7.12 -0 -0 -7.55 -42.85 -0.4
-26.69 18.07 -1.33 -185.43 21.97 176.28 0 0 0 -28.29 10.03 5.06 0 -0 -0 -0.08 5.3 -3.73 0.19 -2.79 -7.7 0 0 0 6.06 10.97 -65.08 -27.89 -18.44 113.67 -1.93 12.21 -25.12 -0.25 3.2 -8.83 -13.04 -3.04 17.67 2.35 -5.38 5.87 10.93 -2.57 -1.92 -14.14 -11.36 4.1 15.23 -15.65 -2.84 6.6 -7.97 0.85 -0 0 0 -73.17 -21.63 21.89 24.56 -35.76 -8.03 -0 0 -1.83 26.97 -7.69 -3.9 -7.12 0 -0 0.1 21.36 -0.06 -0 0 0 51.45 18.2 -19.34 -122.52 55.6 -87.75 0 -0 -25.96 -32.56 -10.89 6.88 7.12 -0 -0 -4.97 -42.78 -0.27
-26.69 18.15 -1.66 -178.46 26.39 178.56 0 0 0 -21.19 12.85 5.89 0 0 0 -0.09 5.91 -4.95 0.21 -2.98 -8.23 0 0 0 15.91 14.21 -65.11 -25.93 -19.14 107.57 -1.96 1.5 -26.04 -0.29 3.47 -9.59 -6.07 -3.7 16.12 3.07 -4.75 7.64 7.42 -2.24 -0.02 -13.37 -11.18 3.58 16.63 -15.18 -4.05 6.95 -7.74 0.58 0 -0 0 -70.88 -26.01 25.86 24.21 -35.38 -7.83 -0 0 -0.06 28.14 -8.99 -4.78 -7.12 0 -0 0.87 19.81 -0.53 0 -0 0 52.92 20.87 -20.43 -123.67 55.25 -88.69 0 -0 -26.75 -30.15 -10.37 5.97 7.12 -0 -0 -2.8 -41.91 -0.21
-26.76 18.13 -1.89 -181.17 26.96 178.83 0 0 0 -24.8 11.4 5.33 0 0 0 -0.16 7.41 -5.18 0.19 -2.83 -7.8 0 0 0 13.55 12.58 -69.22 -24.53 -19.5 103.35 -1.84 -3.39 -27.01 -0.07 1.66 -4.57 -7.87 -4.16 16.69 2.98 -5.84 6.45 8.6 -2.8 -1.21 -15.22 -10.77 3.3 17.42 -14.84 -2.55 7.42 -7.54 1.22 -0 0 0 -73.94 -27.37 27.37 26.42 -37.62 -9.14 -0 -0 4.95 25.42 -10.16 -4.79 -7.12 0 -0 -1.13 18.76 0.71 -0 0 0 52 22.5 -19.17 -122.27 55.68 -87.54 0 -0 -26.44 -30.22 -9.62 5.56 7.12 -0 -0 -2.89 -41.06 -0.28
-26.75 18.09 -2.16 -184.63 27.16 177.62 0 0 0 -28.43 10.23 6.41 0 -0 -0 -0.17 7.86 -5.71 0.02 -0.94 -2.59 0 0 0 11.42 9.55 -71.36 -23.3 -19.74 99.68 -2.1 -6.85 -30.54 -0.03 -1.2 3.3 -9.6 -3.96 16.87 1.74 -5.86 6.7 8.24 -2.83 -0.96 -11.15 -12.3 0.6 15.57 -16.49 -2.57 5.96 -8.25 1.41 0 0 0 -74.05 -31.82 36.3 27.1 -38.28 -9.56 -0 -0 5.56 28.18 -10.64 -5.65 -7.12 0 -0 0.78 17.95 -0.5 0 0 0 52.74 22.08 -20.68 -123.24 55.38 -88.34 0 -0 -25.51 -30.92 -9.4 5.58 7.12 -0 -0 -3.52 -40.87 -0.36
-26.74 18.1 -2.35 -181.49 30.12 180.53 0 0 0 -26.01 10.75 5 0 -0 -0 -0.28 9.65 -6.1 0.05 -1.41 -3.87 0 0 0 16.32 11.42 -72 -21.33 -19.96 93.9 -1.94 -12.26 -33.13 -0.61 -4.99 13.88 -7.2 -4.27 17.46 2.65 -6 6.09 7.98 -2.82 -2.1 -12.26 -10.68 0.57 17.29 -14.3 -2.43 6.8 -7.15 1.39 -0 0 0 -74.45 -34.6 40.71 28.45 -39.53 -10.41 -0 -0 8.24 29.29 -13.16 -7.28 -7.12 0 -0 1.33 14.98 -0.94 -0 0 0 52.26 22.93 -19.1 -123.59 55.27 -88.63 0 -0 -26.91 -30.62 -8.89 5.23 7.12 -0 -0 -3.26 -40.26 -0.38
-26.69 18.07 -2.68 -183.44 31.72 179.86 0 0 0 -28.31 10.87 5.82 0 0 0 -0.33 10.59 -7.46 0.03 -1.03 -2.84 0 0 0 15.14 10.5 -71.68 -20.42 -20 91.23 -2.13 -12.79 -34.58 -1.28 -7.16 20.19 -8.16 -4.73 17.05 2.93 -6.84 5.47 8.95 -3.27 -2.22 -11.21 -10.61 -0.17 13.76 -14.15 -2.25 5.55 -7.06 1.17 -0 0 0 -77.28 -37 41.73 29.76 -40.69 -11.25 -0 -0 17.49 21.24 -20.42 -7.72 -7.12 0 -0 -4.63 8.26 3.93 -0 0 0 51.35 24.29 -18.64 -124.48 54.99 -89.36 0 -0 -26.53 -28.85 -9.06 4.96 7.12 -0 -0 -1.7 -40.3 -0.2
-26.65 18.08 -2.9 -180.27 34.95 182.59 0 0 0 -26.05 11.96 4.72 0 0 0 -0.44 12.24 -8.44 0.07 -1.66 -4.57 0 0 0 20.02 12.09 -71.06 -19.56 -20 88.71 -1.98 -15.92 -36.24 -1.34 -7.33 20.71 -4.78 -3.84 17.12 2.9 -5.08 5.71 6.72 -2.33 -2.72 -9.22 -10.52 -0.9 15.48 -13.89 -2.56 5.75 -6.9 1.17 0 0 0 -77.32 -42.76 49.66 31.35 -42.02 -12.3 -0 -0 18.61 19.25 -25.82 -8.65 -7.12 0 -0 -6.35 2.99 6.05 0 0 0 51.77 21.62 -19.91 -127.36 54.01 -91.7 0 -0 -28.89 -29.84 -8.75 4.99 7.12 -0 -0 -2.58 -40.03 -0.32
-26.55 17.97 -3.32 -187.63 35.49 177.41 0 0 0 -33.02 11.92 7.45 0 0 0 -0.47 12.84 -9.67 0 -0.22 -0.6 0 0 0 14.66 7.56 -71.88 -20.93 -19.98 92.73 -2.67 -13.46 -37.91 -1.06 -6.55 18.38 -10.67 -4.64 18.46 2.66 -7.33 5.07 10.34 -3.47 -2.98 -11.73 -10.04 -1.01 14.18 -13.21 -3.07 5.8 -6.56 1.02 -0 0 0 -82.27 -44.36 50.88 32.42 -42.88 -13.02 -0 -0 18.55 18.64 -27.39 -8.82 -7.12 0 -0 -6.87 1.49 6.74 -0 0 0 50.09 24.76 -18.34 -128.03 53.76 -92.24 0 -0 -28.89 -27.63 -9.5 4.94 7.12 -0 -0 -0.59 -40.68 -0.06
-26.5 18.03 -3.51 -182.81 39.26 182.44 0 0 0 -29.55 12.61 4.8 0 -0 -0 -0.68 14.86 -9.45 0 -0.12 -0.32 0 0 0 19.82 11.02 -72.5 -20.64 -19.99 91.87 -2.11 -16.23 -37.15 -1.02 -6.41 17.99 -8.3 -4.74 19.63 4.73 -7.06 4.06 11.49 -3.2 -4.8 -13.3 -9 -2.77 15.44 -11.71 -1.88 6.4 -5.72 1.65 0 -0 0 -82.16 -47.68 56.02 35.74 -45.33 -15.34 -0 -0 10.18 26.27 -14.46 -7.02 -7.12 0 -0 -0.84 13.94 0.61 0 -0 0 49.82 26.17 -15.48 -129.57 53.17 -93.48 0 -0 -29.72 -28.4 -9.25 4.97 7.12 -0 -0 -1.29 -40.47 -0.14
-26.38 18 -3.88 -186.37 42.17 179.88 0 0 0 -32.94 14.2 5.66 0 0 0 -0.65 15.02 -11.12 0.01 -0.69 -1.9 0 0 0 17.12 10.42 -72.26 -21.38 -19.95 94.04 -2.54 -13.24 -37.07 -1.03 -6.45 18.08 -10.25 -4.41 20.33 4.38 -7.1 4.16 12.32 -3.21 -4.84 -10.03 -8.18 -3.03 11.5 -10.44 -4.26 4.83 -5.11 0.39 0 -0 0 -85.31 -52.01 57.07 35.89 -45.44 -15.45 -0 -0 17.82 26.44 -17.29 -8.41 -7.12 0 -0 -0.98 10.81 0.78 0 -0 0 48.68 25.82 -16.06 -131.87 52.21 -95.32 0 -0 -30.92 -25.49 -10.21 4.83 7.12 -0 -0 1.37 -41.26 0.13
-26.26 18.15 -4.1 -181.07 44.85 185.51 0 0 0 -29.15 13.7 2.47 0.02 0.89 2.44 -0.74 15.91 -11.56 0.02 -0.84 -2.3 0 0 0 21.5 12.87 -71.55 -20.81 -19.98 92.36 -2.38 -13.02 -36.12 -0.93 -6.14 17.18 -5.56 -5.56 18.24 4.07 -7.45 5.69 8.94 -3.54 -2.68 -8.55 -8.39 -4.92 14.73 -10.26 -6.75 5.56 -4.98 0.09 -0 -0 0 -77.14 -59.4 55.93 37.28 -46.37 -16.44 -0 -0 12.88 29.16 -15.06 -8.25 -7.12 0 -0 1.05 12.86 -0.79 -0 -0 0 52.32 28.18 -15.31 -133.99 51.26 -96.97 0 -0 -32.1 -25.5 -10.13 4.8 7.12 -0 -0 1.35 -41.18 0.13
-26.09 18.3 -4.46 -181.22 48.2 186.23 0 0 0 -29.99 15.56 2.98 0 0 0 -1.13 18.48 -8.64 0.07 1.68 4.62 0 0 0 21.63 13.5 -69.28 -20.39 -20 91.13 -2.75 -10.3 -36.22 -1.04 -6.48 18.18 -3.71 -5.98 16.32 2.3 -7.65 7.2 5.7 -3.67 -0.57 -4.18 -7.47 -7.48 12.93 -9.06 -7.08 4.77 -4.34 -0.09 -0 0 0 -68.18 -65.66 50.63 36.7 -45.99 -16.02 -0 -0 13.97 29.72 -15.5 -8.67 -7.12 0 -0 1.38 12.28 -1.05 -0 0 0 55.74 28.01 -15.29 -136.53 50 -98.94 0 -0 -34.76 -23.82 -9.31 4.09 7.12 -0 -0 2.75 -40.13 0.33
-25.87 18.56 -4.79 -177.93 51.65 189.71 0 0 0 -27.83 17.2 1.95 0 0 0 -1.32 19.87 -9.02 0.05 1.39 3.83 0 0 0 24.76 14.51 -65.6 -19.16 -19.98 87.53 -3.08 -8.22 -36.76 -1.25 -7.08 19.95 -4.37 -5.21 19.24 5.18 -6.7 5.67 9.48 -3.13 -3.37 -6.32 -6.9 -6.44 11.39 -8.07 -9.17 4.78 -3.85 -1.03 -0 0 0 -73.45 -67.88 51.82 34.71 -44.61 -14.61 -0 -0 17.3 32.33 -16.28 -10.06 -7.12 0 -0 3 10.93 -2.38 -0 0 0 52.68 24.76 -13.32 -137.79 49.33 -99.9 0 -0 -38.75 -22.86 -9.35 3.92 7.12 -0 -0 3.6 -40.09 0.44
-25.66 18.88 -4.99 -179.19 53.07 191.3 0 0 0 -28.09 14.25 -3.22 0.1 2.04 5.62 -1.73 22.86 -4.35 0.55 4.77 13.24 0 0 0 24.28 14.4 -64.75 -17.96 -19.9 84.02 -3.42 -5.91 -37.34 -1.55 -7.86 22.28 -3.33 -6 18.16 3.2 -7.77 5.43 6.82 -3.67 -3.32 -2.62 -6.62 -9.71 11.45 -7.95 -7.37 3.93 -3.74 -0.05 -0 0 0 -60.45 -71.19 43.19 32.62 -43.03 -13.16 -0 -0 18.13 33.39 -17.69 -11.33 -7.12 0 -0 3.5 9.1 -2.91 -0 0 0 58.46 22.34 -10.56 -138.95 48.68 -100.78 0 -0 -41.36 -22.7 -7.06 2.94 7.12 -0 -0 3.49 -37.6 0.64
-25.41 19.23 -5.3 -177.68 56.77 192.18 0 0 0 -26.57 15.38 -5.83 0.42 4.15 11.49 -1.6 23.56 1.05 1.37 7.41 20.93 0 0 0 25.62 14.87 -59.4 -16.69 -19.73 80.28 -3.59 -3.61 -37.23 -1.57 -7.9 22.4 -3.41 -4.91 19.28 3.23 -6.3 5.96 6.72 -2.92 -3.52 -4.89 -7.75 -8.58 15.17 -8.8 -10.4 5.15 -4.2 -0.69 -0 0 0 -62.2 -75.67 44.35 28.29 -39.38 -10.31 -0 -0 21.83 32.51 -16.11 -10.03 -7.12 0 -0 3.14 11.1 -2.48 -0 0 0 59.78 18.2 -9.72 -139.79 48.19 -101.4 0 -0 -43.06 -23.39 -6.17 2.66 7.12 -0 -0 2.83 -36.68 0.58
-25.27 19.57 -5.42 -177.08 58.46 194.26 0 0 0 -24.44 11.01 -12.53 1.53 7.81 22.14 -0.3 19.58 11.09 1.35 7.36 20.79 0 0 0 26.41 15.15 -57.72 -15.19 -19.44 75.81 -3.46 -2.27 -36.06 -1.78 -8.4 23.93 -5.39 -5.77 20.32 4.86 -7.77 5.17 10.1 -3.64 -4.17 -9.94 -5.88 -7.29 15.98 -5.82 -11.82 6.45 -2.63 -1.4 -0 0 0 -48.97 -75.79 27.93 24.89 -36.09 -8.22 -0 -0 24.06 27.22 -14.41 -7.3 -7.12 0 -0 -0.19 13.86 0.14 -0 0 0 58.38 15.7 -4.93 -140.48 47.78 -101.92 0 -0 -44.48 -23.33 -5.64 2.43 7.12 -0 -0 2.83 -36.11 0.62
-25.05 19.87 -5.61 -176.34 60.86 194.9 0 0 0 -22.22 8.35 -16.96 3.28 11.13 32.73 0.37 9.75 12.01 0.31 3.58 9.91 0 0 0 27.5 14.66 -53.58 -13.61 -18.99 71.01 -3.23 -1.81 -34.73 -1.52 -7.78 22.04 -4.44 -5.24 20.57 3.39 -6.95 5.89 7.75 -3.23 -4.02 -7.53 -6.82 -10.25 15.79 -7.23 -10.36 5.81 -3.25 -0.43 -0 -0 0 -32.99 -77.81 17.09 22.41 -33.44 -6.81 -0 -0 22.08 20.3 -12.86 -4.71 -7.12 0 -0 -4.83 16.33 3.29 -0 -0 0 64.09 11.88 -3.83 -142.21 46.71 -103.19 0 -0 -41.38 -23.4 -5.68 2.45 7.12 -0 -0 2.78 -36.15 0.61
-24.87 20.24 -5.74 -170.47 62.16 200.35 0 0 0 -17.22 6.7 -21.67 5.43 13.85 42.64 0.27 2.11 9.31 0.09 1.88 5.18 0 0 0 31.27 13.83 -49.48 -11.73 -18.27 65.14 -2.98 -0.42 -32.86 -1.55 -7.85 22.27 -1.93 -5.66 21.22 3.9 -6.92 5.94 6.96 -3.18 -4.55 -8.34 -6.68 -8.86 15.96 -6.74 -12.73 6.12 -3.08 -1.35 0 -0 0 -26.2 -77.6 10.31 19.34 -29.84 -5.2 -0 -0 23.45 12.91 -13.84 -3.14 -7.12 0 -0 -9.92 15.94 6.92 0 -0 0 67.25 9.58 -2.06 -144.18 45.39 -104.61 0 -0 -37.85 -21.62 -6.96 2.75 7.12 -0 -0 4.4 -37.43 0.82
-24.73 20.55 -5.82 -168.55 64.28 202.95 0 0 0 -14.24 6.84 -28.06 8.21 16.27 53.32 0.08 -0.49 5.38 0 -0.16 -0.44 0 0 0 32.5 13.98 -46.37 -10.16 -17.5 60.01 -2.58 -0.78 -30.72 -1.13 -6.76 19 -2.48 -4.55 21.96 4.03 -5.6 5.7 7.2 -2.5 -5.29 -6.73 -7 -8.83 14.07 -7.21 -14.27 5.29 -3.35 -1.93 0 -0 0 -24.22 -78.7 10.73 16.58 -26.31 -3.9 -0 -0 23.01 8.1 -15.08 -2.12 -7.12 0 -0 -13.13 15.02 9.54 0 -0 0 72.2 7.72 -3.37 -147.89 42.64 -107.18 0 -0 -28.06 -26.38 -12.23 6 7.12 -0 -0 0.78 -43.58 0.03
-24.56 20.92 -5.94 -168.38 65.87 204.14 0 0 0 -12.05 4.48 -33.32 11.18 18.02 63.37 -0 1.04 -0.32 0.11 2.12 5.82 0 0 0 32.73 12.73 -43.83 -8.62 -16.56 54.77 -2.41 1.23 -29.05 -1.01 -6.4 17.95 -2.83 -5.35 21.68 3.47 -6.81 5.61 7.05 -3.12 -5.11 -5.32 -5.93 -9.48 13.35 -5.86 -14.21 4.87 -2.7 -2.03 0 -0 0 -27.04 -76.31 11.11 14.15 -22.95 -2.89 -0 -0 26.22 18.43 -16.17 -5.3 -7.12 0 -0 -6.22 13.06 4.68 0 -0 0 77.66 7.41 1.76 -151.36 39.7 -109.47 0 -0 -13.41 -29.08 -15.35 8.37 7.12 -0 -0 -1.39 -47.42 0.08
-24.4 21.26 -6.08 -167.05 67.26 205.72 0 0 0 -9.37 4.27 -38.8 14.44 19.24 73.55 0.14 -0.08 -7.16 0.35 3.78 10.45 0 0 0 33.43 11.19 -40.41 -7.05 -15.37 49.07 -2.12 2.66 -26.88 -0.88 -5.97 16.71 -1.89 -4.3 21.66 3.59 -5.22 5.58 6.27 -2.33 -5.42 -5.77 -6.83 -9.13 13.17 -7.01 -14.97 4.87 -3.27 -2.2 0 -0 0 -36.57 -76.11 21.45 14.92 -24.03 -3.19 -0 -0 22.35 21.67 -16.15 -6.31 -7.12 0 -0 -4.05 12.7 3.07 0 -0 0 79.01 2.84 4.73 -155.4 35.79 -111.95 0 0 2.66 -41.2 -14.45 12.32 7.12 -0 -0 -13.45 -48.41 1.15
-24.26 21.6 -6.23 -162.52 68.88 209.33 0 0 0 -5.6 4.05 -43.34 17.7 19.87 83.25 0.37 -2.81 -10.84 0.6 4.95 13.76 0 0 0 34.99 9.73 -35.74 -5.58 -14.01 43.28 -1.79 6.88 -24.01 -1.93 -8.72 24.94 -0.12 -4.78 22.63 3.37 -5.4 6 5.13 -2.4 -5.64 -9.4 -6.29 -8.59 15.4 -5.89 -15.13 6.23 -2.61 -2.19 0 -0 0 -40.28 -73.01 19.32 15.49 -24.82 -3.43 -0 -0 27.16 23.71 -16.55 -7.13 -7.12 0 -0 -2.72 12.02 2.09 0 -0 0 80.38 1.41 13.39 -156.52 34.61 -112.59 0 0 12.48 -48.89 -9.03 10.2 7.12 -0 -0 -19.91 -42.66 -1.2
-24.15 21.89 -6.33 -161.31 70.5 210.62 0 0 0 -2.69 3.96 -49.09 20.75 19.99 92.18 0.49 -7.11 -12.66 0.58 4.88 13.57 0 0 0 35 8.81 -32.75 -4.45 -12.74 38.4 -1.27 9.38 -20.22 -2.25 -9.37 26.97 -0.27 -4.17 23.35 3.36 -4.63 5.83 5.08 -2.01 -6.24 -9.09 -6.44 -7.55 14.86 -6.16 -15.94 6.06 -2.8 -2.61 -0 0 0 -49.33 -71.14 27.72 16.4 -26.05 -3.82 -0 -0 25.59 29.85 -14.14 -7.98 -7.12 0 -0 1.61 13.79 -1.18 -0 0 0 81.79 0.54 25.32 -156.87 34.23 -112.79 0 0 10.13 -50.8 -5.43 6.61 7.12 -0 -0 -20.5 -37.74 -3.86
-24.04 22.09 -6.45 -158.25 71.58 213.98 0 0 0 0.06 4.9 -55.92 23.49 19.71 100.25 0.79 -9.18 -16.12 0.26 -3.25 -8.99 0 0 0 35.76 7.9 -30.05 -3.44 -11.37 33.54 -0.97 8.15 -17.67 -1.96 -8.77 25.09 0.69 -4.09 22.84 3.07 -4.36 5.94 4.1 -1.9 -5.99 -7.3 -6.53 -6.94 13.52 -6.51 -16.39 5.36 -3.06 -2.94 -0 0 0 -56.57 -69.59 31.76 17.13 -27.02 -4.14 -0 -0 27.34 30.69 -13.11 -7.67 -7.12 0 -0 2.29 14.83 -1.63 -0 0 0 82.51 2.73 36.49 -155.08 36.13 -111.75 0 0 7.88 -50.42 -5.43 6.53 7.12 -0 -0 -20.17 -37.7 -3.81
-23.96 22.3 -6.6 -156.97 72.66 214.72 0 0 0 2.6 4.79 -61.86 25.65 19.22 106.74 0.28 -17.7 -14.94 0.01 0.78 2.14 0 0 0 35.84 5.96 -27.43 -2.62 -10.06 29.17 -0.65 8.07 -14.58 -1.72 -8.25 23.48 1.22 -3.97 24.11 3.01 -4.02 5.85 3.74 -1.71 -6.8 -10.03 -6.68 -6.6 15.08 -6.66 -15.31 6.28 -3.07 -2.47 0 -0 0 -61.67 -68.54 31.35 16.86 -26.67 -4.02 -0 -0 31.9 32.63 -14.86 -9.32 -7.12 0 -0 3.39 12.52 -2.58 0 -0 0 82.69 6.44 42.03 -151.32 39.74 -109.44 0 0 7.99 -48.27 -6.1 6.8 7.12 -0 -0 -18.51 -38.46 -3.11
-23.81 22.55 -6.78 -154.54 74.82 216.55 0 0 0 3.48 5.11 -65.92 26.84 18.84 110.38 -0.1 -22.38 -15.06 0.06 1.56 4.3 0 0 0 35.07 5.71 -23.23 -1.94 -8.75 25.01 -0.43 7.93 -12.12 -1.36 -7.39 20.86 1.14 -3.44 24.44 2.55 -3.39 6.12 3.11 -1.41 -6.72 -9.95 -6.8 -4.91 14.35 -6.81 -17.7 6.17 -3.17 -3.48 -0 0 0 -63.07 -66.78 35.13 17.81 -27.91 -4.46 -0 -0 29.2 33.36 -12.15 -7.89 -7.12 0 -0 4.21 15.55 -2.94 -0 0 0 84.86 11.99 45.14 -146.13 43.99 -105.98 0 0 8.97 -45.76 -6.82 6.95 7.12 -0 -0 -16.48 -39.18 -2.44
-23.73 22.63 -6.91 -149.36 74.11 221.67 0 0 0 6.38 3.49 -72.06 27.68 18.52 113 -0.69 -26.59 -14.2 0.08 1.86 5.13 0 0 0 36.78 4.63 -21.36 -1.42 -7.54 21.33 -0.27 7.09 -9.78 -0.9 -6.03 16.87 3.81 -3.78 24.56 2.2 -3.16 6.46 1.14 -1.31 -6.58 -10.51 -7.5 -4.06 16.21 -7.4 -19.61 6.96 -3.53 -3.97 0 0 0 -57.67 -65.59 37 19.2 -29.66 -5.13 -0 -0 23.83 33.5 -11.94 -7.8 -7.12 0 -0 4.34 15.77 -3 0 0 0 88.37 19.39 45.79 -139.6 48.31 -101.26 0 0 10.77 -43.12 -7.84 7.28 7.12 -0 -0 -14.33 -40.24 -1.72
-23.6 22.76 -7.08 -145.6 75.24 225.06 0 0 0 6.61 2.46 -75.64 27.7 18.51 113.06 -0.19 -28.1 -18.77 0.17 -2.62 -7.23 0 0 0 36.37 4.23 -19.32 -1.17 -6.87 19.34 -0.08 8.04 -7.11 -1.66 -8.13 23.1 3.12 -3.39 25.4 2.7 -2.72 6.6 1.97 -1.07 -6.79 -20.14 -7.42 -7.6 23.16 -7.03 -11.86 10.55 -2.96 -0.34 -0 -0 0 -65.83 -65.38 35.97 17.93 -28.07 -4.52 -0 -0 31.26 34.87 -13.38 -9.16 -7.12 0 -0 5.08 13.86 -3.73 -0 -0 0 89.33 27.37 45.54 -132.5 51.94 -95.81 0 0 10.78 -38.84 -11 8.73 7.12 -0 -0 -10.8 -43.72 -0.35
-23.48 22.84 -7.23 -146.9 75.6 223.74 0 0 0 6.3 -1.17 -78.16 27.02 18.77 110.95 -0.34 -29.16 -18.7 0.28 -3.4 -9.4 0 0 0 35.56 3.55 -18.67 -1.11 -6.68 18.78 -0.05 8.1 -6.59 -1.44 -7.58 21.45 4.39 -2.98 26.17 2.33 -1.85 6.23 0.61 -0.68 -7.65 -9.51 -8.3 -3.53 14.36 -8.8 -19.94 6.21 -4.22 -4.16 -0 -0 0 -68.51 -63.94 43.04 19.57 -30.12 -5.32 -0 -0 28.07 35.81 -13.54 -9.59 -7.12 0 -0 5.68 13.5 -4.22 -0 -0 0 90.98 34.88 42.54 -124.41 55.02 -89.3 0 0 13.01 -34.49 -12.19 8.25 7.12 -0 -0 -6.75 -44.56 -0.07
-23.32 22.88 -7.41 -144.31 76.3 225.94 0 0 0 6.09 -2.78 -78.98 26.11 19.08 108.15 -1.5 -31.32 -13.5 0.06 1.52 4.18 0 0 0 35.1 3.21 -16.5 -0.91 -6.08 17.02 0.02 8.2 -5.33 -1.68 -8.16 23.2 4.49 -3.01 26.45 2.42 -1.82 6.44 0.65 -0.66 -7.55 -11.16 -8.06 -3.68 15.22 -8.44 -19.25 6.72 -3.98 -3.83 -0 -0 0 -70.06 -62.32 42.16 20.34 -31.04 -5.7 -0 -0 28.87 37.24 -15.1 -11.2 -7.12 0 -0 6.38 11.35 -5.03 -0 -0 0 90.67 43.82 41.87 -112.42 58.01 -79.29 0 0 13.78 -36.16 -13.92 9.97 7.12 -0 -0 -8.37 -46.87 0.39
-23.15 22.9 -7.54 -141.53 77.21 228.61 0 0 0 5.41 -4.27 -78.6 25.08 19.37 105.01 -0.96 -28.94 -14.6 0.01 -0.57 -1.56 0 0 0 34.59 4.52 -14.31 -0.76 -5.58 15.57 -0.03 6.81 -5.47 -1.5 -7.74 21.94 2.82 -2.66 26.25 3.11 -1.75 6.79 2.32 -0.59 -6.98 -9.86 -8.17 -4.61 14.06 -8.64 -19.27 6.1 -4.07 -3.8 0 0 0 -67.81 -60.42 41.8 21.82 -32.78 -6.49 -0 -0 26.37 39.66 -14.18 -11.48 -7.12 0 -0 8.11 11.95 -6.32 0 0 0 90.79 52.11 43.4 -98.15 59.75 -67.05 0 0 17.14 -31.57 -16.22 9.74 7.12 -0 -0 -3.75 -48.79 0.35
-22.98 22.88 -7.73 -141.79 77.19 228.27 0 0 0 4.5 -6.75 -77.15 24.08 19.6 102.01 -0.5 -26.96 -15.84 0.03 -1.17 -3.21 0 0 0 34.12 3.81 -14.42 -0.88 -5.99 16.77 -0.04 7.56 -6.13 -1.16 -6.84 19.23 4.61 -2.35 26.37 2.91 -0.89 6.45 0.82 -0.21 -7.47 -13.41 -9.08 -3.52 16.57 -9.76 -19.18 7.48 -4.58 -3.44 -0 -0 0 -72.86 -59.5 47.24 22.47 -33.5 -6.84 -0 -0 27.15 39.76 -16.92 -13.61 -7.12 0 -0 7.69 8.55 -6.52 -0 -0 0 85.39 59.51 36.34 -85.57 59.93 -56.16 0 0 18.88 -23.05 -20.85 8.61 7.12 -0 -0 5.71 -52.38 -1.04
-22.78 22.9 -7.87 -137.67 77.46 232.96 0 0 0 4.01 -6.97 -75.35 23.09 19.77 99.08 -0.74 -26.91 -14.13 0.01 -0.6 -1.66 0 0 0 33.97 5.08 -14.12 -0.95 -6.21 17.38 -0.03 7.47 -5.85 -1.78 -8.39 23.92 5.2 -2.31 25.9 2.75 -0.77 5.93 0.27 -0.2 -7.83 -14.22 -9.08 -4.3 18.35 -9.68 -17.3 8.05 -4.57 -2.58 -0 0 0 -73.5 -57.3 47.79 22.97 -34.05 -7.12 -0 -0 28.3 41.99 -17.41 -15.07 -7.12 0 -0 8.99 7.34 -7.86 -0 0 0 84.86 65.71 36.06 -70.86 58.57 -43.5 0 0 19.68 -17.22 -22.75 6.84 7.12 -0 -0 12.27 -53.27 -2.52
-22.55 22.96 -8.05 -141.08 78.85 229.15 0 0 0 0.65 -8.48 -71.1 22.17 19.89 96.35 -0.14 -25.3 -16.9 0.05 1.4 3.84 0 0 0 31.76 4.33 -12.48 -0.88 -5.97 16.71 0.02 8.4 -5.56 -1.77 -8.37 23.83 4.05 -2.18 26.18 2.44 -0.94 5.73 0.65 -0.28 -8.18 -11.14 -9.34 -3.29 15.7 -10.18 -19.64 6.86 -4.9 -3.75 -0 0 0 -75.88 -54.99 49.12 23.89 -35.05 -7.64 -0 -0 29.23 43.95 -17.78 -16.4 -7.12 0 -0 10.11 6.28 -9.09 -0 0 0 80.24 70.3 32.65 -56.5 55.3 -31.44 0 0 20.98 -9.1 -20.44 3.2 7.12 -0 -0 19.08 -49.68 -2.27
-22.34 22.99 -8.19 -139.75 77.29 230.53 0 0 0 0.65 -9.73 -68.31 21.75 19.93 95.14 0.8 -25.29 -22.7 0.11 2.12 5.83 0 0 0 32.76 4.11 -11.78 -0.85 -5.87 16.41 0.02 7.65 -4.97 -2.22 -9.31 26.76 6.25 -2.8 25.44 1.84 -1.27 6.02 -1.18 -0.46 -7.54 -8.48 -10.06 -3.77 15.73 -10.94 -20.77 6.45 -5.41 -4.07 -0 0 0 -77.13 -53.83 50.6 24.51 -35.7 -8 -0 -0 31 45.22 -18.24 -17.5 -7.12 0 -0 10.78 5.28 -9.92 -0 0 0 72.86 73.47 25.8 -47.54 51.96 -24.23 0 0 20.79 -4.21 -25.45 1.81 7.12 -0 -0 26.37 -53.48 -5.82
-22.1 23.07 -8.32 -136.67 78.72 234.4 0 0 0 -1.44 -8.77 -66.66 21.33 19.96 93.88 1.2 -24.68 -24.63 0.45 4.3 11.92 0 0 0 31.6 3.99 -10.32 -0.59 -4.91 13.66 0.11 7.29 -2.06 -1.52 -7.79 22.06 4.83 -1.8 24.38 1.93 -0.46 5.9 -0.54 -0.07 -7.08 -9.91 -10.39 -4.19 16.8 -11.23 -20.7 6.97 -5.5 -3.76 -0 -0 0 -78.37 -51.75 52.27 26.25 -37.46 -9.04 -0 -0 30.08 45.36 -17.98 -17.36 -7.12 0 -0 10.92 5.57 -10 -0 -0 0 64.04 74.03 19.69 -41.53 48.95 -19.59 0 0 20.28 1.67 -25.55 -0.72 7.12 -0 -0 31.9 -52.54 -6.45
-21.9 23.28 -8.39 -138.16 77.43 234.18 0 0 0 -0.43 -10.67 -65.84 20.54 19.99 91.59 1.74 -22.08 -26.47 0.05 1.42 3.91 0 0 0 32.17 2.84 -9.49 -0.26 -3.31 9.13 0.08 5.14 3.63 -1.53 -7.81 22.12 4.38 -2.25 23.79 2.49 -1.15 5.61 0.52 -0.4 -7.11 -10.06 -10.21 -4.23 17 -10.73 -22.26 7.16 -5.22 -4.26 0 0 0 -81.03 -49.75 51.18 26.54 -37.74 -9.22 -0 -0 33.03 46.15 -17.06 -16.98 -7.12 0 -0 11.61 6.49 -10.44 0 0 0 60.15 72.8 20.39 -39.89 48.01 -18.36 0 0 18.17 -6.34 -25.54 2.74 7.12 -0 -0 24.39 -53.95 -5.62
-21.68 23.54 -8.54 -139.43 78.5 232.84 0 0 0 -2.53 -11.16 -61.98 19.34 19.99 88.08 1.51 -23.64 -25.84 0.34 3.77 10.42 0 0 0 30.44 1.79 -8.02 -0.14 -2.42 6.68 -0.12 3.76 9.13 -1.15 -6.81 19.16 3.23 -1.83 24.59 1.82 -0.9 5.83 0.39 -0.26 -7.26 -7.86 -10.79 -3.82 17.31 -11.08 -25.1 7.1 -5.55 -5.28 -0 0 0 -81.82 -48.37 52.64 27.62 -38.76 -9.88 -0 -0 32.67 43.95 -18 -16.59 -7.12 0 -0 10.06 5.99 -9.1 -0 0 0 61.16 69.27 20.79 -43.4 49.96 -21 0 0 17.15 -9.07 -22.81 3.54 7.12 -0 -0 20.24 -51.91 -3.56
-21.45 23.82 -8.68 -138.8 79.98 235.17 0 0 0 -5.05 -10.15 -59.71 17.86 19.89 83.72 2.48 -20.89 -29.93 0.02 0.84 2.3 0 0 0 28.27 2.54 -9.19 -0.1 -2.01 5.54 -0.61 -0.35 14.69 -1.27 -7.13 20.11 2.34 -0.69 23.24 0.6 0.13 5.56 -0.74 0.21 -6.84 -6.31 -11.87 -5.46 20.01 -12.36 -22.67 7.38 -6.4 -3.97 -0 0 0 -82.29 -46.33 56.12 29.66 -40.6 -11.19 -0 -0 31.23 38.97 -16.81 -13.17 -7.12 0 -0 7.21 8.88 -6.06 -0 0 0 63.85 64.22 19.79 -46.12 51.31 -23.11 0 0 16.55 -16.66 -15.66 4.62 7.12 -0 -0 10.36 -46.02 -0.26
-21.24 24.09 -8.83 -131.51 79.73 242.79 0 0 0 -5.29 -9.79 -56.26 16.36 19.68 79.31 2.97 -19.85 -32.15 0.05 1.43 3.92 0 0 0 28.2 2.99 -10.21 -0.18 -2.71 7.47 -0.64 -1.9 14.55 -0.11 -2.13 5.86 1.79 -2.69 23.31 1.89 -2.47 5.65 1.71 -1.02 -6.76 -12.19 -9.78 -5.98 22.36 -9.3 -21.37 9.17 -4.55 -3.32 -0 0 0 -79.1 -42.65 47.02 32.55 -42.98 -13.12 -0 -0 30.35 30.47 -12.24 -7.11 -7.12 0 -0 2.23 15.86 -1.54 -0 0 0 75.03 65.41 36.11 -45.56 51.04 -22.67 0 0 15.86 -19.54 -12.14 4.27 7.12 -0 -0 6.95 -42.73 0.39
-21.08 24.46 -8.97 -126.24 79.71 249.26 0 0 0 -4.78 -9.61 -54.1 14.77 19.33 74.56 1.25 -27.54 -26.3 1.68 8.17 23.24 0 0 0 27.59 4.81 -14.58 -0.74 -5.5 15.33 -0.06 -5.88 5.66 -0.98 -6.3 17.67 2.09 -1.66 23.95 2.22 -1.02 5.16 1.51 -0.34 -7.64 -8.67 -11.01 -7.63 21.33 -11.01 -21.48 8.04 -5.51 -3.14 0 0 0 -79.9 -40.67 51.68 37 -46.19 -16.24 -0 -0 27.43 21.58 -7.54 -2.97 -7.12 0 -0 -3.81 21.89 2.12 0 0 0 70.23 63.04 31.31 -45.78 51.14 -22.84 0 0 15.01 -21.15 -10.66 4.09 7.12 -0 -0 5.27 -41.33 0.48
-20.96 24.76 -9.12 -120.86 81.16 255.21 0 0 0 -7.85 -8.43 -51.41 13.02 18.79 69.2 2.6 -20.87 -30.54 0.35 3.82 10.57 0 0 0 25.69 4.74 -21.33 -2.46 -9.77 28.25 0.1 -5.79 -0.17 -0.1 -2.02 5.55 0.76 -1.19 24.85 2.44 -0.68 5.26 2.43 -0.14 -7.98 -6.89 -10.75 -7.71 19.53 -10.46 -24.18 7.38 -5.28 -4.31 0 0 0 -77.42 -38.31 51.21 43.41 -49.96 -21.01 -0 -0 27.22 24.16 -12.24 -5.43 -7.12 0 -0 -2.13 16.61 1.43 0 0 0 68.88 61.74 32.73 -46.76 51.6 -23.61 0 0 14.71 -27.93 -12.17 6.38 7.12 -0 -0 -0.64 -43.7 -0.02
-20.85 25.06 -9.21 -115 81.16 262.22 0 0 0 -8.94 -6.65 -49.8 11.36 18.11 63.95 2.78 -18.34 -30.88 0.1 2.07 5.71 0 0 0 24.94 6.17 -27.88 -4.99 -13.37 40.79 0.14 -7.12 -5.09 -2.76 -10.29 29.93 0.77 -0.59 24.2 2.77 0.12 5.62 2.53 0.24 -7.27 -6.68 -11.55 -7.47 21.23 -11.15 -25.42 7.95 -5.77 -4.5 -0 0 0 -75.06 -38.17 52.92 50.16 -53.06 -26.3 -0 -0 32.12 35.78 -19.69 -13.64 -7.12 0 -0 4.69 6.25 -4.16 -0 0 0 67.14 60.81 30.88 -47.87 52.1 -24.49 0 0 14.89 -28.87 -11.19 6.11 7.12 -0 -0 -1.59 -42.7 -0.09
-20.72 25.46 -9.31 -100.41 82.04 277.03 0 0 0 -10.7 -4.78 -46.25 9.5 17.12 57.8 2.78 -16.02 -30.47 0.04 1.22 3.35 0 0 0 23.22 8.03 -32.58 -7.96 -16.09 52.42 0.09 -7.45 -8.28 -0.66 -5.19 14.46 0.65 -0.94 23.68 1.47 -0.49 6.33 1.35 -0.05 -6.22 -5.03 -10.59 -7.22 21.35 -9.79 -25.42 7.81 -5.26 -4.84 0 -0 0 -68.23 -37.42 48.3 59.31 -56.12 -33.77 -0 -0 32.7 47.02 -25.96 -25.16 -7.12 0 -0 9.93 -5.08 -10.93 0 -0 0 73.15 62.05 36.06 -46.76 51.6 -23.61 0 0 15.14 -29.24 -8.06 4.49 7.12 -0 -0 -2.08 -39.19 -0.3
-20.62 25.75 -9.38 -99.95 78.94 277.18 0 0 0 -8.35 -2.83 -43.61 8.01 16.13 52.61 2.22 -17.55 -27.75 0.12 2.26 6.23 0 0 0 25.56 8.7 -37 -11.24 -18.05 63.55 -0.12 -6.1 -11.49 -0.85 -5.87 16.42 1.41 -0.94 24.76 3.92 -0 6.27 3.47 0.2 -6.85 -5.78 -10.84 -6.43 21.6 -10.26 -25.11 8.02 -5.53 -4.73 -0 -0 0 -68.2 -36.75 45.12 67.02 -57.91 -40.23 -0 -0 33.97 58.15 -29.49 -38.39 -7.12 0 -0 14.8 -15.67 -18.78 -0 -0 0 73.17 61.65 36.91 -44.11 50.32 -21.55 0 0 19.37 -25.66 -2.33 1.12 7.12 -0 -0 0.75 -32.56 0.23
-20.53 26.1 -9.52 -92.21 80.97 286.02 0 0 0 -11.65 -2.81 -40.83 6.37 14.78 46.45 2.1 -14.45 -26.49 0.03 1.06 2.93 0 0 0 21.59 9.35 -43.25 -14.59 -19.28 74.01 -0.47 -1.79 -13.76 -0.89 -6.01 16.8 -0.12 -0.14 24.11 3.63 0.56 5.86 3.86 0.46 -7 -6.94 -11.14 -5.62 21.8 -10.75 -25.1 8.3 -5.74 -4.69 0 -0 0 -66.93 -37.84 42.4 72.96 -58.87 -45.29 -0 -0 32.86 59.77 -31.11 -41.56 -7.12 0 -0 15.08 -18.74 -19.67 0 -0 0 73.93 61.3 37.6 -41.73 49.06 -19.74 0 0 17.46 -31.17 -6.24 3.76 7.12 -0 -0 -3.78 -37.24 -0.72
-20.44 26.4 -9.61 -87.69 80.71 290.15 0 0 0 -12.19 -2.83 -36.76 4.98 13.36 40.72 1.93 -11.78 -25.04 0.01 0.7 1.94 0 0 0 20.84 9.24 -47.54 -17.65 -19.87 83.12 -0.72 -2.05 -16.88 -0.29 -3.48 9.63 -1.14 0.2 24.45 4.63 0.87 6.04 5.48 0.64 -7.02 -15.72 -11.76 -8.46 28.43 -11.82 -18.04 11.27 -5.69 -0.61 0 0 0 -65.47 -39.26 37.88 75.26 -59.16 -47.27 -0 -0 30.76 53.24 -27.06 -31.34 -7.12 0 -0 13 -9.59 -15.35 0 0 0 73.67 60.99 40.19 -40.36 48.28 -18.71 0 0 16.71 -32.54 -8 5.07 7.12 -0 -0 -4.97 -39.39 -0.69
-20.37 26.68 -9.7 -80.88 80.14 296.72 0 0 0 -12.64 0.64 -34.43 3.79 11.88 35.3 0.49 -18.35 -16.98 1.49 7.72 21.86 0 0 0 20.24 9.35 -52.04 -20.32 -20 90.93 -1.06 -1.25 -19.93 -0.02 -0.9 2.47 -0.88 -0.11 24.9 3.84 0.44 5.82 4.58 0.42 -7.44 -10.35 -10.83 -5.81 25.29 -10.55 -21.26 9.74 -5.53 -2.95 0 -0 0 -61.94 -40.53 30.96 72.1 -58.75 -44.56 -0 -0 31.06 42.92 -21.85 -19.09 -7.12 0 -0 8.59 1.55 -8.45 0 -0 0 80.38 61.42 45.04 -37.14 46.28 -16.34 0 0 17.54 -32.35 -4.69 2.96 7.12 -0 -0 -4.74 -35.49 -1.11
-20.32 26.94 -9.8 -71.22 80.19 305.89 0 0 0 -13.88 -0.91 -29.94 2.73 10.25 29.78 0.98 -10 -18.01 0.23 3.12 8.6 0 0 0 18.43 9.8 -56.41 -22.59 -19.84 97.59 -1.54 1.76 -22.95 -0.21 -2.92 8.07 -1.36 1.01 25.42 4.1 1.8 5.92 4.73 1.09 -7.73 -11.67 -11.72 -5.34 25.52 -11.98 -20.81 9.91 -6.21 -2.52 0 0 0 -61.48 -44.59 29.05 65.76 -57.66 -39.18 -0 -0 30.62 30.46 -16.06 -9.24 -7.12 0 -0 1.81 11.52 -1.41 0 0 0 74.29 60.48 40.97 -36.32 45.73 -15.75 0 0 16.15 -33.08 -5.34 3.47 7.12 -0 -0 -5.38 -36.3 -1.16
-20.28 27.14 -9.91 -63.38 79.86 313.4 0 0 0 -14.83 -0.14 -26.93 1.93 8.72 24.93 0.75 -8.04 -15.59 0.23 3.06 8.45 0 0 0 17.02 9.89 -60.96 -24.36 -19.54 102.85 -1.96 4.68 -25.41 -0.16 -2.62 7.21 -2.3 0.53 25.84 3.75 0.89 6.03 5.18 0.67 -7.73 -7.98 -12.65 -3.67 27.01 -13.14 -21.31 9.85 -7.28 -2.89 -0 -0 0 -55.99 -45.82 22.63 56.41 -55.28 -31.37 -0 -0 30.44 16.72 -14.01 -4.16 -7.12 0 -0 -7.32 15.46 5.15 -0 -0 0 80.86 61.84 47.29 -33.32 43.57 -13.64 0 0 18.58 -32.42 -3.41 2.16 7.12 -0 -0 -4.76 -33.98 -1.29
-20.22 27.31 -10 -53.06 79.05 323.63 0 0 0 -15.91 0.63 -24.33 1.34 7.32 20.66 0.62 -4.68 -14.08 0.03 1.2 3.3 0 0 0 15.92 11.26 -65.45 -25.56 -19.24 106.46 -2.17 4.31 -26.88 -0.05 -1.38 3.81 -2.08 -0.38 26.01 2.97 -0.32 5.86 4.57 0.07 -7.88 -9.07 -12.09 -2.06 27.45 -12.43 -21.41 10.36 -7.01 -3.18 0 0 0 -49.99 -44.74 19.79 47.61 -51.98 -24.28 -0 -0 25.27 8.36 -13.93 -2.03 -7.12 0 -0 -13.01 16.14 9.12 0 0 0 83.66 61.25 55.25 -33.87 43.99 -14.02 0 0 13.29 -34.74 -4.37 3.02 7.12 -0 -0 -6.73 -35.22 -1.62
-20.15 27.45 -10.07 -48.62 77.67 328.1 0 0 0 -15.63 0.51 -21.46 0.85 5.89 16.46 0.46 -2.64 -12.17 0.24 3.12 8.62 0 0 0 15.98 11.62 -69.33 -26.03 -19.11 107.88 -2.26 9.08 -27.02 -0.2 -2.86 7.9 -2.75 1.24 26.07 3.59 1.64 5.9 5.03 1.03 -8.08 -6.35 -13.36 -2.07 25.26 -14.18 -22.77 9.19 -8 -3.77 -0 -0 0 -51.52 -48.06 25.63 38.66 -47.25 -17.45 -0 -0 21.97 21.21 -16.29 -6.21 -7.12 0 -0 -4.37 12.62 3.32 -0 -0 0 82.64 61.69 51.56 -30.79 41.56 -11.93 0 0 15.96 -35.92 -3.17 2.29 7.12 -0 -0 -7.63 -33.82 -2.11
-20.07 27.61 -10.13 -48.36 75.64 327.95 0 0 0 -15.21 3.89 -17.04 0.22 3.04 8.4 0.18 -0.73 -7.9 0.04 1.26 3.47 0 0 0 17.49 14.24 -70.73 -25.67 -19.21 106.79 -2.24 11.32 -26.96 -0.48 -4.46 12.38 -2.78 1.05 26.61 3.94 1.44 6.14 5.51 0.93 -8.06 -5.83 -13.2 -1.92 24.62 -14.02 -22.9 8.95 -7.95 -3.98 -0 0 0 -48.38 -44.33 24.99 39.77 -47.93 -18.27 -0 -0 21.64 27.37 -15.18 -7.72 -7.12 0 -0 -0.16 12.99 0.12 -0 0 0 88.09 63.15 58.02 -28.58 39.65 -10.49 0 0 16.43 -36.09 -5 3.64 7.12 -0 -0 -7.9 -36.07 -1.75
-19.98 27.73 -10.27 -44.78 76.15 331.65 0 0 0 -16.91 5.07 -12.6 0 0 0 0.04 0.66 -4.01 0.51 4.6 12.76 0 0 0 16.24 14.23 -72.65 -24.89 -19.42 104.42 -2.34 10.18 -27.54 -0 0.16 -0.45 -1.77 0.03 27.03 3.34 0.32 5.95 4.62 0.38 -8.36 -7.89 -13.5 -0.96 25.45 -14.47 -23.38 9.6 -8.15 -3.93 -0 0 0 -49.77 -42.78 23.97 38.35 -47.06 -17.22 -0 -0 21.45 31.08 -16.17 -9.53 -7.12 0 -0 2.2 11.28 -1.73 -0 0 0 92.31 64.61 63.85 -26.36 37.56 -9.1 0 0 16.62 -35.76 -7.82 5.6 7.12 -0 -0 -7.79 -39.47 -1.07
-19.9 27.7 -10.32 -42.36 75.27 333.65 0 0 0 -17.23 6 -12.01 0 0 0 0.05 0.92 -4.62 0.43 4.22 11.7 0 0 0 17.96 11.87 -74.03 -24.1 -19.59 102.07 -2.15 13.62 -26.64 -0 -0.28 0.76 -1.56 0.99 27.42 3.43 1.62 5.94 4.16 1 -8.68 -4.19 -14.36 0.96 23.13 -15.48 -25.67 8.67 -8.95 -5.45 0 0 0 -52.36 -44.55 26.46 36.24 -45.68 -15.69 -0 -0 21.91 32.8 -17.27 -10.83 -7.12 0 -0 3.18 9.7 -2.6 0 0 0 89.53 65.69 62.1 -24.96 36.16 -8.27 0 0 17.31 -32.82 -10.07 6.44 7.12 -0 -0 -5.21 -41.86 -0.4
-19.81 27.73 -10.29 -38.02 74.6 337.2 0 0 0 -17.92 7.12 -11.14 0 -0 -0 0.06 1.82 -5.78 0.03 1.2 3.3 0 0 0 17.62 14.92 -72.38 -23.11 -19.77 99.12 -2.35 8.45 -27.6 -0.4 4.04 -11.19 -3.52 1.86 27.78 4 2.24 5.74 5.74 1.36 -9.22 -5.9 -14.94 3.24 23.09 -16.5 -26.7 9.17 -9.44 -5.84 -0 0 0 -54.49 -43.29 27.84 35.29 -45.02 -15.02 -0 -0 21.99 36.15 -18.24 -12.88 -7.12 0 -0 5.17 7.86 -4.43 -0 0 0 77.77 64.71 57.94 -27.58 38.72 -9.86 0 0 13.38 -25.26 -12 5.6 7.12 -0 -0 1.77 -43.2 0.08
-19.75 27.74 -10.32 -40.32 74.67 334.84 0 0 0 -17.21 6.63 -10.7 0 0 0 0.07 0.79 -5.32 0.52 4.62 12.82 0 0 0 18.26 16.57 -70.97 -21.98 -19.91 95.79 -2.21 10.37 -26.7 -0.03 1.19 -3.28 -1.83 0.93 26.77 3.84 1.53 6.47 4.8 0.96 -7.77 -4.43 -15.22 3.87 22.46 -16.68 -28.18 9 -9.65 -6.65 -0 -0 0 -52.13 -42.47 26.44 35.5 -45.17 -15.17 -0 -0 20.76 37.45 -18.63 -13.75 -7.12 0 -0 5.92 7.08 -5.17 -0 -0 0 66.45 65.8 56.39 -32.23 42.73 -12.89 0 0 5.74 -15.24 -18.55 4.95 7.12 -0 -0 12.57 -48.75 -1.18
-19.68 27.73 -10.35 -37.26 75.5 337.65 0 0 0 -18.23 6.06 -10.02 0 -0 -0 0.05 0.27 -4.27 0.22 3 8.28 0 0 0 18.19 13.89 -70.4 -21.07 -19.97 93.14 -1.71 16.1 -24.42 -0.12 -2.27 6.26 -2.58 1.29 26.93 4.31 1.84 6.24 5.67 1.13 -8.17 -2.51 -15.97 5.75 20.42 -17.77 -30.16 8.55 -10.24 -7.97 0 -0 0 -54.12 -42.07 28.42 35.33 -45.05 -15.05 -0 -0 19.13 37.43 -19.43 -14.28 -7.12 0 -0 5.76 6.13 -5.14 0 -0 0 70.6 69.41 57.88 -25.1 36.31 -8.35 0 0 8.66 -5.58 -15.63 1.51 7.12 -0 -0 20.31 -44.67 0.17
-19.64 27.72 -10.3 -32.98 75.45 341.48 0 0 0 -19.03 6.34 -9.63 0 -0 -0 0.05 0.73 -4.49 0.54 4.7 13.06 0 0 0 17.83 15.09 -68.16 -20.06 -20 90.18 -1.6 15.71 -23.67 -0.06 -1.52 4.19 -3.55 1.53 26.77 4.14 1.87 6.53 6.04 1.15 -7.78 0.12 -16.61 6.85 18.77 -18.52 -31.88 8.09 -10.7 -9.23 -0 0 0 -53.8 -41.75 28.48 34.94 -44.77 -14.77 -0 -0 18.81 38.77 -19.76 -15.2 -7.12 0 -0 6.53 5.37 -5.93 -0 0 0 73.88 72.49 61.41 -21.6 32.52 -6.37 0 0 9.63 1.8 -12.32 -0.38 7.12 -0 -0 25.37 -40.85 2.8
-19.57 27.64 -10.27 -41.78 76.34 333.07 0 0 0 -17.05 4.01 -10.42 0.02 0.89 2.46 0.05 0.94 -4.58 0.34 3.75 10.37 0 0 0 20.9 13.11 -66.86 -19.57 -20 88.75 -2.36 15.84 -28.16 -0.25 -3.23 8.92 -1.34 0.73 26.99 5.16 1.57 5.89 6.01 1.01 -8.56 -0.59 -15.99 7.01 17.12 -18.21 -31.4 7.61 -10.27 -9.23 0 -0 0 -55.92 -40.49 29.98 34.51 -44.46 -14.47 -0 -0 18.34 40.13 -20.36 -16.35 -7.12 0 -0 7.24 4.26 -6.74 0 -0 0 75.43 71.05 62.8 -21.22 32.08 -6.17 0 0 9.71 5.15 -13.03 -1.16 7.12 -0 -0 28.36 -41.16 2.95
-19.51 27.66 -10.18 -41.51 76.27 332.94 0 0 0 -16.43 3.26 -12.06 0.15 2.53 6.97 0.1 0.85 -6.25 0.18 2.73 7.54 0 0 0 21.84 13.65 -64.77 -19.18 -19.98 87.6 -3.05 12.78 -31.6 -0.09 -1.98 5.44 -1.82 0.57 26.97 5.01 1.22 6.25 6.23 0.84 -8.1 -3.85 -13.84 5.12 19.35 -15.2 -28.88 8.18 -8.71 -7.72 -0 0 0 -55.41 -40.02 28.27 33.31 -43.56 -13.63 -0 -0 18.62 41.55 -21.49 -17.99 -7.12 0 -0 7.86 2.45 -7.59 -0 0 0 80.56 70.31 66.66 -22.23 33.23 -6.71 0 0 9.01 5.97 -14.78 -1.53 7.12 -0 -0 29.76 -42.62 1.94
-19.46 27.78 -10.09 -42.58 77.27 331.82 0 0 0 -16.16 2.81 -9.76 0.04 1.25 3.44 0.01 1.25 -2.91 0.56 4.8 13.33 0 0 0 21.51 14.26 -63.31 -18.68 -19.96 86.13 -3.31 11.12 -32.87 -0.03 -1.13 3.1 -1.2 0.37 26.96 5.24 1.16 6.1 6.15 0.81 -8.26 -12.63 -13.47 1.11 26.56 -15.28 -20.75 10.57 -8.39 -2.78 0 0 0 -56.82 -40.04 30.31 32.38 -42.85 -13 -0 -0 17.56 43.03 -22.39 -19.57 -7.12 0 -0 8.54 0.87 -8.5 0 0 0 81.92 68.53 67.03 -22.44 33.47 -6.83 0 0 10.49 3.72 -17.71 -1.13 7.12 -0 -0 29.23 -45.44 -0.35
-19.41 27.88 -10 -43.77 78.98 330 0 0 0 -16.62 1.13 -8.68 0.04 1.28 3.52 -0.04 3.71 -1.45 0.32 3.63 10.05 0 0 0 20.7 14.53 -60.93 -18.01 -19.91 84.18 -3.6 10.3 -34.36 -0.07 -1.68 4.63 -1.91 0.14 27.5 5.77 0.79 6.43 7.31 0.66 -8.12 -13.26 -13.45 0 25.83 -15.43 -19.74 10.24 -8.29 -2.3 0 0 0 -58.95 -40.68 30.12 30.64 -41.43 -11.83 -0 -0 18.58 43.83 -23.61 -21.04 -7.12 0 -0 8.72 -0.92 -8.96 0 0 0 77.35 66.24 64.18 -24.97 36.17 -8.27 0 0 9.93 -1.04 -18.25 0.33 7.12 -0 -0 25.37 -46.53 -1.02
-19.35 28.02 -9.87 -49.69 78.74 324.4 0 0 0 -14.41 -0.69 -12.3 0.35 3.78 10.45 -0.03 3.12 -1.31 0.6 4.96 13.81 0 0 0 22.59 16.55 -57.86 -16.96 -19.78 81.09 -3.81 2.93 -36.33 -0.07 1.75 -4.83 -1.4 0.07 26.78 6.2 0.89 6.66 7.45 0.69 -7.52 -9.62 -13.15 0.71 23.53 -14.86 -21.09 9.19 -8.17 -3.52 0 0 0 -60.74 -41.62 30.64 28.32 -39.41 -10.32 -0 -0 19.24 44.95 -24.52 -22.51 -7.12 0 -0 9.14 -2.46 -9.65 0 0 0 89.59 65.97 69.07 -21.94 32.9 -6.55 0 0 15.24 -3.21 -16.45 0.91 7.12 -0 -0 22.7 -45.16 -0.09
-19.31 28.15 -9.73 -57.13 79.34 317.48 0 0 0 -12.41 -3.28 -15.36 0.74 5.51 15.36 -0.04 4 0.79 0.88 5.99 16.76 0 0 0 23.53 18.68 -55.59 -15.88 -19.59 77.88 -4.28 2.01 -38.81 -0.04 -1.31 3.59 -0.56 -0.42 26.32 6.43 0.5 6.76 7.32 0.5 -7.13 -9.63 -14.59 1.95 24.14 -16.62 -23.46 9.55 -9.21 -4.08 -0 0 0 -58.79 -41.76 32.05 27.23 -38.4 -9.64 -0 -0 16.12 44.81 -24.1 -22.08 -7.12 0 -0 9.16 -1.89 -9.58 -0 0 0 83.8 64.48 65.39 -23.32 34.44 -7.32 0 0 11.95 -5.87 -17.61 1.78 7.12 -0 -0 20.82 -46.55 -0.83
-19.3 28.35 -9.59 -52.79 81.72 321.2 0 0 0 -13.27 -5.86 -15.76 1.01 6.38 17.9 -0.09 6.35 1.3 0.19 2.82 7.78 0 0 0 22.33 17.13 -52.91 -14.62 -19.29 74.1 -4.71 2.68 -40.65 -0.13 -2.35 6.48 -1.31 -0.72 27.21 4.67 -0.25 6.87 6.02 0.13 -7.34 -8.95 -14.66 2.46 25.76 -16.47 -23.24 10 -9.33 -4 -0 0 0 -56.79 -43.82 33.42 24.7 -35.9 -8.11 -0 -0 15.17 44 -22.92 -20.61 -7.12 0 -0 8.98 -0.14 -9.12 -0 0 0 102.46 64.23 64.17 -17.51 27.52 -4.32 0 0 28.35 -7.54 -10.72 1.41 7.12 -0 -0 17.07 -40.19 2.09
-19.32 28.55 -9.47 -66.11 82.05 308.13 0 0 0 -11.9 -3.01 -20.67 1.82 8.48 24.17 0 1.46 1.21 0.47 -4.42 -12.25 0 0 0 23.99 16.88 -50.59 -13.23 -18.87 69.85 -4.8 1.98 -41.21 -0.3 -3.53 9.75 0.24 -1.36 27.1 4.05 -0.7 7.34 4.55 -0.09 -6.76 -9.61 -13.18 2.62 27.69 -14.28 -22.06 10.82 -8.31 -3.78 -0 -0 0 -53.58 -45.83 32.51 23.03 -34.12 -7.15 -0 -0 13.09 40.23 -23.06 -18.33 -7.12 0 -0 6.74 1.01 -6.66 -0 -0 0 97.27 66.13 69.63 -18.8 29.17 -4.93 0 0 16.9 -8.9 -14.8 2.29 7.12 -0 -0 17.1 -44.26 0.32
-19.38 28.8 -9.37 -81.85 82.72 292.32 0 0 0 -10.72 -2.82 -25.22 3.27 11.12 32.67 0.06 -4.03 -4.85 0.06 -1.56 -4.3 0 0 0 25.17 15.32 -48.38 -11.69 -18.26 65 -4.82 2.05 -41.29 -0.59 -4.93 13.72 1.59 -2.31 27.52 4.12 -1.46 7.78 4.08 -0.44 -6.44 -11.62 -14.88 1.48 29.65 -16.74 -21.74 11.36 -9.45 -2.55 0 -0 0 -53.06 -48.5 30.17 21.69 -32.62 -6.42 -0 -0 11.68 29.02 -17.73 -9.59 -7.12 0 -0 0.66 9.9 -0.54 0 -0 0 103.15 67.83 71.03 -15.95 25.46 -3.63 0 0 21.08 -10.86 -12.41 2.36 7.12 -0 -0 14.67 -42.14 1.06
-19.44 29.06 -9.27 -88.38 82 285.77 0 0 0 -9.26 -1.28 -30.33 5.27 13.69 41.99 0.53 -3.44 -12.99 0.17 -2.64 -7.27 0 0 0 26.8 15.44 -45.49 -10.2 -17.52 60.14 -4.69 1.59 -40.82 -0.9 -6.04 16.89 3.32 -2.79 28.03 3.78 -1.55 8.47 2.74 -0.46 -5.98 -8.47 -14.13 2.43 27.86 -15.1 -24.48 10.84 -8.88 -4.41 0 0 0 -52.98 -54.98 24.35 17.93 -28.07 -4.52 -0 -0 11.42 13.2 -19.86 -4.56 -7.12 0 -0 -9.76 9.86 8.07 0 0 0 94.9 68.71 72.51 -18.51 28.8 -4.79 0 0 11.46 -12.68 -16.65 3.69 7.12 -0 -0 14.31 -46.51 -0.54
-19.54 29.31 -9.16 -94.72 81.96 279.54 0 0 0 -8.47 -0.83 -35.36 7.47 15.71 50.62 0.96 -5.7 -17.44 0.08 1.86 5.13 0 0 0 27.78 14.13 -43.8 -8.88 -16.73 55.66 -4.79 6.5 -40.33 -1.56 -7.88 22.34 4.32 -3.2 28.48 2.82 -1.81 9.22 1.18 -0.53 -5.41 -7.28 -14.07 1.7 28.35 -14.7 -24.8 10.82 -8.76 -4.52 -0 -0 0 -48.09 -59.31 22.13 15.56 -24.93 -3.46 -0 -0 11.12 8.19 -17.81 -2.52 -7.12 0 -0 -13 12.34 10.19 -0 -0 0 100.31 69.77 72.61 -17.04 26.9 -4.1 0 0 14.8 -14.21 -14.99 3.75 7.12 -0 -0 12.42 -45.05 -0.02
-19.64 29.54 -9.1 -110.02 83.43 264.52 0 0 0 -9.8 -2.49 -39.38 9.33 17.01 57.21 1.42 -5.01 -21.48 0 -0.18 -0.51 0 0 0 26.4 12.65 -42.7 -7.58 -15.8 51.04 -3.78 -2.93 -37.91 -0.04 -1.28 3.53 4.26 -3.92 29.4 1.68 -2.71 9.66 0.27 -0.91 -5.41 -11.14 -14.33 0.72 32.86 -15.08 -23.4 12.67 -8.86 -2.87 -0 -0 0 -41.78 -61.69 22.34 14.38 -23.27 -2.98 -0 -0 10.55 4.34 -18.65 -1.39 -7.12 0 -0 -15.46 11.78 12.45 -0 -0 0 110.75 70.49 70.93 -14.39 23.29 -2.98 0 0 25.39 -14.97 -10.63 2.82 7.12 -0 -0 10.67 -40.74 1.14
-19.7 29.76 -9.04 -105.79 82.84 269.42 0 0 0 -8.78 -0.7 -44.11 10.72 17.8 61.87 1.83 -7.39 -24.25 0.01 -0.72 -1.98 0 0 0 27.41 13.54 -40.49 -6.27 -14.68 46.05 -4.22 2.92 -38.33 -1.04 -6.5 18.24 4.41 -3.59 29.81 1.67 -2.17 10.35 -0 -0.61 -4.81 -7.39 -14.98 -0.67 30.92 -15.49 -25.26 11.41 -9.19 -3.75 -0 -0 0 -37.69 -64.19 19.16 12.66 -20.78 -2.33 -0 -0 14.4 4.62 -20.84 -1.65 -7.12 0 -0 -15.21 9.64 12.92 -0 -0 0 111.3 72 71.86 -13.95 22.67 -2.81 0 0 24.52 -16.25 -9.89 2.86 7.12 -0 -0 9.42 -40.1 1.15
-19.79 29.95 -9.03 -118.63 82.81 258.11 0 0 0 -8.97 -2.64 -48.19 11.11 17.99 63.14 1.86 -11.55 -24.62 0 -0.2 -0.55 0 0 0 26.83 12.57 -40.66 -5.28 -13.69 42.02 -4.04 6.22 -36.9 -2.07 -9.02 25.85 5.25 -4.24 29.83 1.58 -2.72 10.45 -0.4 -0.84 -4.76 -8.25 -13.41 -0.99 30.45 -13.28 -25.12 11.58 -7.94 -4.05 0 0 0 -34.76 -65.5 16.81 12.09 -19.95 -2.13 -0 -0 16.16 8.13 -20.75 -2.9 -7.12 0 -0 -13.01 9.46 10.99 0 0 0 97.61 72.08 67.67 -17.47 27.47 -4.3 0 0 16.09 -16.72 -12.81 3.81 7.12 -0 -0 9.6 -43.13 0.45
-19.85 30.1 -8.91 -114.78 83.37 262.67 0 0 0 -8.74 -1.88 -50.57 10.6 17.73 61.47 1.25 -19.36 -22.61 0.23 3.1 8.56 0 0 0 26.62 13.94 -39.48 -4.58 -12.9 39 -3.54 2.75 -35.01 -1.15 -6.81 19.15 3.95 -3.52 30.47 1.03 -2.16 10.66 -0.45 -0.57 -4.77 -6.01 -14 -1.55 29.25 -14.05 -25.79 10.77 -8.41 -4.38 0 -0 0 -29.39 -64.16 17.65 13.42 -21.9 -2.61 -0 -0 11.89 10.6 -21.56 -3.93 -7.12 0 -0 -11.45 8.43 9.85 0 -0 0 91.3 72.38 64.99 -19.07 29.51 -5.07 0 0 11.13 -18.53 -13.8 4.57 7.12 -0 -0 8.2 -44.34 0.13
-19.92 30.23 -8.95 -127.31 82.97 251.1 0 0 0 -8.88 -4.24 -51.88 9.42 17.07 57.54 0.69 -23.14 -20.87 0.47 4.4 12.2 0 0 0 26.6 12.13 -39.95 -4.01 -12.17 36.33 -3.13 0.19 -33.5 -0.54 -4.69 13.02 5.81 -4.54 30.06 -0.61 -3.03 11.2 -3.05 -0.88 -4.17 -6.57 -12.69 -3.4 32.7 -12.07 -23.04 11.84 -7.28 -3.17 0 -0 0 -24.1 -64.85 13.77 13.56 -22.11 -2.66 -0 -0 12.72 13.54 -21.99 -5.15 -7.12 0 -0 -9.61 7.68 8.36 0 -0 0 100.09 73.89 67.03 -17.78 27.87 -4.45 0 0 14.99 -19.02 -11.32 3.87 7.12 -0 -0 7.27 -41.83 0.57
-19.93 30.26 -8.94 -126.15 83.63 251.29 0 0 0 -10.51 -3.7 -50.16 7.98 16.1 52.48 1.62 -20.49 -25.22 0.01 -0.62 -1.7 0 0 0 26.43 11.32 -38.66 -3.77 -11.85 35.21 -2.88 -0.86 -32.46 -0.24 -3.14 8.66 4.85 -4.23 32.05 0.2 -2.61 11.48 -1.7 -0.68 -4.64 -8.15 -13.03 -4.2 29.77 -13.07 -23.21 10.91 -7.46 -3.05 -0 -0 0 -28.17 -70.16 6.1 10.67 -17.78 -1.67 -0 -0 22.6 16.24 -25.24 -7.08 -7.12 0 -0 -8.12 4.05 7.61 -0 -0 0 97.33 74.8 66.92 -17.8 27.9 -4.46 0 0 13.62 -20.11 -11.85 4.3 7.12 -0 -0 6.39 -42.48 0.4
-19.98 30.28 -8.97 -136.66 84.98 241.68 0 0 0 -12.59 -5.38 -49.38 6.52 14.92 47.04 1.82 -17.78 -25.51 0.23 -3.1 -8.54 0 0 0 24.33 11.39 -39.65 -3.67 -11.71 34.73 -2.71 -2 -31.92 -0.09 -1.89 5.19 4.41 -4.31 31.28 -0.61 -2.97 11.53 -2.25 -0.84 -4.29 -8.5 -9.86 -3.02 27.7 -8.75 -22.78 10.68 -5.18 -4.14 0 -0 0 -25.71 -67.72 11.32 13.14 -21.5 -2.51 -0 -0 13.91 17.78 -21.91 -6.82 -7.12 0 -0 -6.94 7.22 6.06 0 -0 0 102.08 75.93 69.82 -16.95 26.79 -4.06 0 0 15 -20.02 -12.1 4.37 7.12 -0 -0 6.51 -42.74 0.37
-20.02 30.26 -8.99 -122.07 84.96 256.21 0 0 0 -11.62 -4.8 -48.57 5.76 14.19 44.02 0.09 -23.99 -17.55 1.03 6.44 18.08 0 0 0 25.2 11.86 -38.97 -3.47 -11.41 33.69 -3.31 7.1 -33.11 -2.42 -9.68 27.95 3.65 -3.41 31.6 0.62 -1.95 11.53 -0.79 -0.4 -4.29 -10.21 -9.5 -3.45 26.56 -8.68 -21.8 10.48 -4.9 -3.76 0 -0 0 -30.08 -67.79 8.6 13.02 -21.32 -2.46 -0 -0 18.82 19.28 -23.71 -8.01 -7.12 0 -0 -6.14 5.15 5.6 0 -0 0 91.45 75.8 62.78 -18.26 28.49 -4.67 0 0 12.43 -19.54 -12.71 4.46 7.12 -0 -0 7.06 -43.33 0.29
-20.09 30.16 -9.01 -106.4 84.32 270.98 0 0 0 -11.91 -3.69 -46.66 5.35 13.77 42.32 2.25 -15.61 -27.51 0.22 -3.02 -8.34 0 0 0 26.71 11.96 -37.85 -3.38 -11.29 33.26 -3.34 3.25 -33.89 -0.99 -6.32 17.71 4.95 -3.35 33.27 -0.59 -1.42 11.45 -2.8 -0.06 -4.55 -4.54 -10.36 -4.01 24.22 -9.87 -22.77 8.68 -5.78 -4.35 -0 -0 0 -27.19 -66.58 7.35 14.65 -23.65 -3.08 -0 -0 19.29 19.14 -20.92 -7.06 -7.12 0 -0 -6.01 8.05 5.14 -0 -0 0 94.31 76.29 61.5 -18.49 28.78 -4.78 0 0 14.11 -18.85 -13.05 4.41 7.12 -0 -0 7.75 -43.61 0.27
-20.18 30.16 -9.08 -105.03 84.96 272.83 0 0 0 -11.5 -6.19 -44.8 4.79 13.14 39.9 1.28 -22.54 -24.09 1.4 7.49 21.18 0 0 0 25.78 11.8 -38.86 -3.44 -11.37 33.53 -3.43 2.53 -34.48 -0.44 -4.27 11.83 4.59 -3.14 32.35 0.09 -1.27 12.11 -2.15 0.01 -3.96 -5.3 -8.45 -2.59 21.4 -7.44 -23.68 8.09 -4.44 -5.39 0 0 0 -29.64 -68.14 7.62 16.35 -25.99 -3.8 -0 -0 18.05 15.97 -16.65 -4.69 -7.12 0 -0 -7.88 12.82 5.99 0 0 0 94.71 76.31 58.96 -19.68 30.25 -5.37 0 0 16.47 -17.57 -14.74 4.61 7.12 -0 -0 9.29 -45.2 -0.05
-20.28 30.08 -9.09 -101 84.94 277.37 0 0 0 -13.25 -4.05 -45.72 4.39 12.66 38.1 2.77 -14.93 -30.25 0.05 -1.42 -3.89 0 0 0 24.95 13.84 -39.57 -3.52 -11.49 33.95 -3.44 2.79 -34.52 -0.78 -5.62 15.69 3.19 -2.33 32.79 0.5 -0.58 12.45 -1.11 0.31 -3.71 -3.96 -8.26 -3.2 19.9 -7.32 -23.89 7.34 -4.36 -5.55 -0 0 0 -30.21 -66.33 5.49 19.52 -30.06 -5.29 -0 -0 20.21 12.45 -17.35 -3.77 -7.12 0 -0 -10.22 12.45 7.9 -0 0 0 83.32 75.87 49.91 -24.27 35.45 -7.86 0 0 12.83 -15.55 -15.55 4.27 7.12 -0 -0 11.35 -45.77 -0.22
-20.42 30.11 -9.12 -119.29 84.88 259.94 0 0 0 -10.93 -9.86 -44.26 4.03 12.2 36.43 2.08 -19.85 -27.55 0.95 6.2 17.35 0 0 0 23.56 14.48 -41.33 -3.7 -11.76 34.88 -3.88 6.82 -36.05 -2.37 -9.6 27.68 5.08 -3.56 32.98 0.22 -1.43 12.88 -2.04 0.04 -2.88 -5.86 -7.64 -3.58 21.2 -6.39 -23.11 8.05 -3.78 -5.18 0 0 0 -28.88 -66.02 1.89 22.98 -34.07 -7.13 -0 -0 19.37 11.9 -15.46 -3.21 -7.12 0 -0 -10.58 14.39 7.76 0 0 0 80.96 76.23 46.2 -28.83 39.87 -10.65 0 0 11.86 -15.63 -16.81 4.62 7.12 -0 -0 11.65 -47.05 -0.6
-20.49 30.06 -9.13 -109.76 85.65 269.89 0 0 0 -12.28 -8.05 -45.06 3.92 12.06 35.93 2.17 -20.5 -28.24 0.77 5.6 15.62 0 0 0 23.22 14.35 -42.46 -3.81 -11.9 35.4 -3.79 5.28 -35.78 -1.4 -7.5 21.19 4.21 -3.06 33.97 -0.18 -0.94 13.52 -2.14 0.32 -2.52 -5 -7.17 -1.09 20.05 -5.42 -26.38 7.85 -3.48 -6.91 -0 -0 0 -28.39 -66.04 -1.83 27.08 -38.25 -9.55 -0 -0 19.39 8.13 -16.31 -2.3 -7.12 0 -0 -13.08 13.81 9.84 -0 -0 0 88.08 77.47 46.83 -32.01 42.56 -12.75 0 0 16.03 -13.25 -15.87 3.68 7.12 -0 -0 13.55 -45.81 -0.28
-20.55 29.97 -9.21 -125.49 85.16 254.41 0 0 0 -15.07 -5.44 -46.85 3.81 11.91 35.4 2.92 -15.7 -31.18 0.13 -2.28 -6.29 0 0 0 22.05 14.51 -43.66 -4.02 -12.19 36.42 -3.95 7.26 -36.31 -2.11 -9.08 26.05 4.64 -3.75 35.73 -0.06 -1.36 14.19 -2.07 0.21 -2.42 -3.62 -6.58 -1.12 18.55 -4.76 -26.44 7.08 -3.17 -7.16 -0 -0 0 -26.81 -64.41 -4.31 33.64 -43.82 -13.87 -0 -0 17.35 5.77 -15.32 -1.53 -7.12 0 -0 -14.68 14.92 10.77 -0 -0 0 73.9 76.33 35.6 -40.68 48.47 -18.95 0 0 11.88 -13.39 -18.95 4.42 7.12 -0 -0 14.45 -48.87 -1.41
-20.56 30 -9.18 -119.59 85.75 261.46 0 0 0 -12.04 -10.06 -45.54 3.65 11.67 34.59 1.82 -22.72 -27.13 1.92 8.7 24.85 0 0 0 21.75 15.27 -44.52 -3.99 -12.15 36.28 -3.99 3.11 -37.22 -1.01 -6.39 17.92 4.88 -2.45 36.03 0.1 0.45 15.06 -2.61 1.17 -1.47 -5.35 -7.53 -2.11 20.65 -5.94 -25.79 8.03 -3.7 -6.41 -0 -0 0 -27.39 -68.33 -5.14 38.45 -47.12 -17.29 -0 -0 18.42 3.18 -14.24 -0.78 -7.12 0 -0 -16.45 16.08 11.75 -0 -0 0 61.66 77.47 19.4 -44.11 50.33 -21.55 0 0 14.15 -11.22 -17.73 3.46 7.12 -0 -0 16.03 -47.38 -0.96
-20.49 29.98 -9.06 -115.37 83.92 266.68 0 0 0 -10.56 -8.05 -47.54 3.67 11.71 34.73 2.44 -19.27 -29.35 0.44 4.24 11.75 0 0 0 23.77 16.82 -44.06 -3.73 -11.79 34.98 -4.21 5.75 -37.8 -2.06 -8.99 25.77 2.36 -1.48 36.82 2.78 1.14 15.64 1.29 1.28 -1.16 -9.45 -7.03 -0.29 21.99 -5.29 -26.62 9.41 -3.23 -6.82 0 0 0 -30.12 -67.19 -8.76 44.25 -50.39 -21.66 -0 -0 20.38 0.21 -13.78 -0.05 -7.12 0 -0 -18.45 16.61 13.11 0 0 0 54.08 77.36 15.5 -51.41 53.55 -27.3 0 0 12.97 -8.89 -17.37 2.67 7.12 -0 -0 18.02 -46.72 -0.79
-20.45 29.94 -9.17 -125.19 84.86 258.68 0 0 0 -12.24 -9.32 -49.35 3.74 11.8 35.04 3.03 -16.45 -31.84 0.11 2.16 5.95 0 0 0 22.03 15.65 -46.49 -3.67 -11.71 34.71 -4.09 4.13 -37.46 -1.15 -6.8 19.12 2.25 -2.3 36.56 2.15 0.1 15.96 1.03 0.81 -0.71 -8.52 -6.9 2.81 21.46 -4.83 -30.2 9.56 -3.22 -8.79 0 0 0 -30.08 -65.76 -9.86 51.35 -53.52 -27.25 -0 -0 19.27 -1.28 -10.38 0.23 -7.12 0 -0 -19.81 19.84 12.68 0 0 0 53.03 77.49 14.78 -58.33 55.85 -32.95 0 0 13.05 -7.23 -17.55 2.19 7.12 -0 -0 19.58 -46.68 -0.84
-20.3 29.96 -9.16 -120.53 84.32 264.63 0 0 0 -11.14 -9.36 -50.13 3.71 11.77 34.92 3.12 -16.65 -32.29 0.14 2.39 6.59 0 0 0 22.86 16.06 -46.61 -3.45 -11.38 33.58 -4.19 5.74 -37.67 -1.58 -7.94 22.52 3.45 -2.14 37.49 1.28 0.69 15.98 -0.69 1.21 -0.95 -5.97 -7.44 3.17 19.82 -5.57 -31.49 8.65 -3.71 -9.42 -0 0 0 -28.77 -65.23 -10.14 58.72 -55.96 -33.28 -0 -0 17.76 -2.35 -9.85 0.4 -7.12 0 -0 -20.6 20.34 13.01 -0 0 0 54.05 76.39 13.41 -65.48 57.6 -38.94 0 0 13.21 -8.61 -20.93 3.1 7.12 -0 -0 19.76 -50.06 -2.55
-20.11 29.96 -9.25 -146.92 83.36 239.6 0 0 0 -12.73 -10.79 -50.72 3.57 11.56 34.21 3.41 -13.37 -33.44 0.16 -2.62 -7.21 0 0 0 21.98 13.62 -48.6 -3.58 -11.57 34.24 -4.42 5.47 -38.81 -1.31 -7.26 20.48 5.41 -4.42 37.59 1.44 -1.3 16.06 -0.86 0.38 -0.8 -8.41 -7.78 5.18 20.23 -6.4 -33.34 9.6 -3.94 -10.2 -0 0 0 -31.59 -63.32 -9.52 67.04 -57.91 -40.25 -0 -0 18.88 -2.96 -9.89 0.51 -7.12 0 -0 -21 20.31 13.31 -0 0 0 53.8 75.74 13.77 -72.49 58.81 -44.9 0 0 12.99 -7.03 -18.93 2.29 7.12 -0 -0 20.32 -47.95 -1.54
-19.83 30 -9.01 -81.16 83.56 305.94 0 0 0 -13.59 -0.81 -53.65 3.89 12.01 35.76 3.01 -20.77 -32.51 0.01 0.57 1.56 0 0 0 23.89 19.41 -45.51 -3.28 -11.14 32.74 -4.07 2.02 -37.8 -0.31 -3.6 9.96 -2.34 1.1 37.96 2.37 2.76 16.58 2.79 1.8 -0.63 -8.25 -7.89 6.21 20.06 -6.62 -34.37 9.72 -4.07 -10.79 -0 -0 0 -34.02 -61.37 -8.68 73.68 -58.97 -45.92 -0 -0 19.03 -3.83 -8.57 0.57 -7.12 0 -0 -21.78 21.53 13.23 -0 -0 0 57.4 74.39 18.51 -79.24 59.56 -50.7 0 0 12.32 -8.57 -19.17 2.83 7.12 -0 -0 19.02 -48.39 -1.64
-19.55 30.1 -9.18 -133.2 84.32 255.13 0 0 0 -12.49 -9.2 -50.85 3.61 11.63 34.43 3.47 -15.27 -33.89 0.01 -0.73 -2 0 0 0 22.24 15.34 -47.2 -3.3 -11.16 32.83 -4.28 4.51 -38.31 -1.09 -6.65 18.68 2.85 -2.68 37.44 1.36 -0.02 16.83 -0.05 0.88 -0.02 -5.67 -9.38 6.6 18.48 -8.8 -36.42 9.04 -5.2 -11.61 -0 -0 0 -35.18 -60.53 -5.65 79.89 -59.61 -51.26 -0 -0 18.72 -2.29 -9.58 0.38 -7.12 0 -0 -20.59 20.6 12.88 -0 -0 0 57.6 72.01 17.66 -84.77 59.9 -55.47 0 0 13.56 -9.1 -18.77 2.95 7.12 -0 -0 18.36 -48.08 -1.44
-19.21 30.19 -9.17 -122.77 83.36 266.47 0 0 0 -10.65 -8.65 -50.64 3.65 11.68 34.6 3.53 -15.47 -34.18 0 -0.31 -0.86 0 0 0 23.25 17.17 -45.74 -3.13 -10.9 31.94 -4.2 2.78 -38.27 -0.8 -5.7 15.92 2.77 -2.04 37.11 1.49 0.68 16.91 -0.09 1.19 0.17 -8.05 -9.64 6.59 22.65 -8.6 -35.06 10.88 -5.41 -10.57 -0 -0 0 -38.94 -59.68 -1.59 82.73 -59.8 -53.71 -0 -0 18.62 -0.25 -8.59 0.04 -7.12 0 -0 -19.34 21.53 11.55 -0 -0 0 57.8 69.33 18.63 -88.85 59.99 -59 0 0 13.4 -11.13 -17.86 3.45 7.12 -0 -0 16.16 -47.49 -1.02
-18.89 30.27 -9.19 -131.06 84.28 258.85 0 0 0 -11.69 -9.89 -49.49 3.54 11.52 34.05 3.56 -14.28 -34.27 0.01 -0.74 -2.03 0 0 0 21.7 16.99 -45.54 -3.21 -11.02 32.36 -4.17 1.9 -38.35 -0.75 -5.53 15.44 2.3 -1.78 36.75 1.47 0.83 16.91 0.08 1.24 0.28 -6.62 -10.71 6.68 21.8 -10.22 -35.77 10.43 -6.26 -10.75 0 0 0 -42.17 -58.17 2.81 87.14 -59.97 -57.53 -0 -0 19.14 -0.36 -9.99 0.06 -7.12 0 -0 -19.24 20.2 12.1 0 0 0 56.73 65.59 17.86 -91.36 59.99 -61.18 0 0 14.16 -12.62 -15.57 3.44 7.12 -0 -0 14.03 -45.44 -0.15
-18.51 30.31 -9.19 -132.16 83.59 257.8 0 0 0 -13.8 -5.22 -50.23 3.6 11.61 34.38 3.29 -17.96 -33.33 0.06 -1.56 -4.3 0 0 0 23.54 15 -44.98 -3.33 -11.22 33.01 -4.05 1.53 -37.85 -0.46 -4.34 12.02 1.7 -1.98 37.15 1.96 0.47 16.98 1.03 1 0.22 -7.05 -11.25 6.48 22.07 -11.03 -36.69 10.72 -6.59 -10.85 -0 -0 0 -45.9 -56.36 4.95 86.11 -59.94 -56.63 -0 -0 22.53 2.28 -13.13 -0.52 -7.12 0 -0 -17.14 17.17 11.86 -0 -0 0 58.22 62.94 22.79 -94.49 59.92 -63.89 0 0 12.36 -18.9 -18.85 6.31 7.12 -0 -0 9.18 -49.6 -1.05
-18.15 30.44 -9.25 -143.32 82.86 247.45 0 0 0 -9.9 -12.28 -47.03 3.53 11.5 34 2.85 -19.11 -31.4 0.64 5.1 14.2 0 0 0 23.43 13.85 -44.73 -3.31 -11.18 32.9 -4.01 2.68 -37.38 -0.74 -5.51 15.37 2.82 -3.19 36.66 0.5 -0.77 16.66 -0.71 0.54 0.02 -3.91 -12.11 5.71 22.98 -11.68 -34.91 10.24 -7.46 -10.12 -0 -0 0 -43.92 -52.57 7.98 88.34 -59.99 -58.57 -0 -0 20.5 6.8 -10.72 -1.27 -7.12 0 -0 -14.25 19.34 9.01 -0 -0 0 63.43 59.93 27.51 -95.57 59.88 -64.82 0 0 13.3 -21.47 -17.09 6.59 7.12 -0 -0 6.23 -48.16 -0.49
-17.73 30.46 -9.22 -133.39 83.67 257.46 0 0 0 -12.18 -8.24 -46.58 3.53 11.51 34.03 3.56 -13.48 -34.18 0.17 -2.67 -7.35 0 0 0 26.31 8.9 -45.39 -3.42 -11.34 33.45 -3.78 7.48 -35.46 -0.42 -4.15 11.51 1.43 -1.22 36.67 1.58 1.12 16.08 0.54 1.27 -0.61 -5.7 -13.5 7.68 23.8 -14.02 -35.97 11.17 -8.56 -10.21 -0 -0 0 -50.52 -51.46 15.55 87.63 -59.98 -57.95 -0 -0 21.4 9.84 -12.82 -2.2 -7.12 0 -0 -12.04 17.14 8.14 -0 -0 0 60.71 54.61 26.17 -95.46 59.89 -64.73 0 0 13.78 -24.04 -15.78 6.92 7.12 -0 -0 3.5 -47.15 -0.19
-17.35 30.52 -9.23 -137.3 82.59 254.15 0 0 0 -10.56 -9.89 -45.52 3.56 11.56 34.18 3.5 -12.76 -33.9 0.09 -1.98 -5.45 0 0 0 23.64 15.99 -42.32 -3.53 -11.51 34.03 -4.18 2.36 -38.28 -1.09 -6.65 18.68 2.36 -1.74 36.48 1.47 0.69 15.48 0.06 1.08 -1.19 -7.5 -13.38 7.96 26.23 -13.81 -33.83 12.02 -8.65 -9.03 -0 -0 0 -51.36 -48.65 18.09 85.92 -59.94 -56.47 -0 -0 22.47 13.31 -14.37 -3.36 -7.12 0 -0 -9.64 15.37 6.84 -0 -0 0 63.8 51.77 29.72 -93.48 59.95 -63.01 0 0 15.24 -25.89 -15.96 7.6 7.12 -0 -0 1.76 -47.6 -0.11
-16.96 30.53 -9.3 -146.51 81.89 245.11 0 0 0 -10.88 -11.1 -44.15 3.6 11.61 34.38 3.61 -11 -34.43 0.33 -3.72 -10.29 0 0 0 24.26 13.61 -41.65 -3.55 -11.53 34.09 -4.19 2.62 -38.25 -0.95 -6.2 17.36 3.06 -2.39 36.26 1.93 0.11 14.97 0.36 0.79 -1.68 -9.62 -14 9.39 28.39 -14.77 -34.31 13.32 -9.24 -8.75 0 -0 0 -53.92 -45.99 21.75 85.05 -59.91 -55.71 -0 -0 23.65 14.94 -14.74 -3.89 -7.12 0 -0 -8.54 14.86 6.13 0 -0 0 63.83 48.04 32.05 -92.23 59.98 -61.93 0 0 15.27 -29.44 -16.22 8.96 7.12 -0 -0 -1.65 -48.44 0.14
-16.58 30.57 -9.34 -150.29 82.31 241.69 0 0 0 -11.74 -10.75 -43.28 3.68 11.72 34.74 3.46 -13.35 -33.71 0.09 -1.9 -5.24 0 0 0 24.52 11.05 -41.61 -3.58 -11.58 34.25 -3.9 2.76 -36.8 -0.39 -4.03 11.17 2.54 -2.06 35.69 2.11 0.28 14.74 0.76 0.82 -1.74 -9.34 -15.28 10.15 29.15 -16.53 -35.23 13.68 -10.28 -8.75 -0 -0 0 -55.92 -44.37 25.1 83.06 -59.82 -54 -0 -0 24.9 18.08 -16.58 -5.32 -7.12 0 -0 -6.47 12.67 4.93 -0 -0 0 64.32 45.39 33.31 -89.5 60 -59.56 0 0 16.71 -32.13 -16.02 9.83 7.12 -0 -0 -4.32 -48.66 0.39
-16.18 30.59 -9.31 -138.49 82.39 253.96 0 0 0 -11.08 -8.98 -42.87 3.73 11.79 34.99 3.68 -10.93 -34.74 0.29 -3.48 -9.63 0 0 0 25.21 13.54 -39.73 -3.56 -11.55 34.16 -3.78 0.06 -36.91 -0.28 -3.37 9.32 0.99 -1.17 35.27 2.19 0.71 14.01 1.51 0.9 -2.41 -9.06 -16.07 10.65 29.7 -17.67 -34.78 13.72 -10.99 -8.39 0 0 0 -56.9 -40.89 26.75 80.8 -59.68 -52.04 -0 -0 26.77 20.16 -18.04 -6.49 -7.12 0 -0 -5.16 10.9 4.11 0 0 0 66.88 42.82 36.74 -85.97 59.94 -56.51 0 0 17.35 -31.5 -10.24 6.22 7.12 -0 -0 -4.01 -41.91 -0.31
-15.8 30.6 -9.34 -140.7 82.03 251.91 0 0 0 -11.08 -8.84 -41.71 3.76 11.83 35.14 3.59 -12.19 -34.32 0.19 -2.82 -7.79 0 0 0 25.7 12.42 -38.87 -3.6 -11.61 34.38 -3.77 0.66 -36.72 -0.34 -3.72 10.29 1.49 -1.1 34.77 2.54 0.87 13.24 1.55 0.95 -3.08 -10.12 -17.2 11.08 30.56 -19.7 -33.21 13.71 -12.05 -7.2 -0 -0 0 -58.74 -37.69 31.36 80.54 -59.66 -51.82 -0 -0 27.63 23.67 -16.39 -7.05 -7.12 0 -0 -2.73 12.19 2.1 -0 -0 0 67.23 39.06 37.84 -83.63 59.85 -54.48 0 0 18.27 -33.01 -9.31 6 7.12 -0 -0 -5.38 -40.99 -0.53
-15.44 30.62 -9.33 -139.34 82.41 253.55 0 0 0 -11.05 -9.24 -40.26 3.71 11.76 34.88 3.46 -12.48 -33.69 0.04 -1.27 -3.5 0 0 0 26.7 9.36 -38.99 -3.65 -11.68 34.6 -3.87 5.74 -36.15 -0.56 -4.78 13.29 0.25 -0.47 34.25 3.07 1.18 12.56 2.65 1 -3.68 -11.67 -17.78 12.17 30.97 -20.95 -33.57 14.07 -12.6 -6.94 -0 0 0 -62.72 -35.34 33.93 77.22 -59.37 -48.95 -0 -0 29.97 25.68 -17.86 -8.39 -7.12 0 -0 -1.53 10.31 1.23 -0 0 0 67.7 36.09 39.51 -80.98 59.69 -52.19 0 0 19.57 -34.78 -9 6.2 7.12 -0 -0 -6.96 -40.8 -0.73
-15.1 30.6 -9.38 -144.55 83.45 249.19 0 0 0 -12.45 -9.8 -39.65 3.68 11.73 34.78 3.56 -9.52 -34.21 0.28 -3.4 -9.39 0 0 0 25.05 9.86 -38.53 -3.68 -11.72 34.74 -3.78 1.5 -36.55 -0.1 -2.02 5.56 -0.88 -0.34 32.42 3.12 0.92 12.62 3.66 0.83 -3.37 -11.12 -18.51 11.53 31.45 -21.66 -34.39 14.09 -13.04 -6.92 0 0 0 -65.49 -33.24 35.34 75.53 -59.19 -47.51 -0 -0 31.58 27.82 -18.38 -9.45 -7.12 0 -0 -0.19 9.39 0.16 0 0 0 67.9 34.32 40.61 -78.31 59.48 -49.9 0 0 20.34 -35.94 -8.77 6.3 7.12 -0 -0 -7.99 -40.63 -0.87
-14.78 30.66 -9.39 -145.17 82.7 248.45 0 0 0 -8.72 -14.11 -36.1 3.79 11.88 35.31 1.69 -25 -27.33 2.73 10.25 29.79 0 0 0 25.8 9.81 -36.68 -3.52 -11.49 33.96 -3.71 0.55 -36.42 -0.13 -2.29 6.3 -0.11 -0.7 31.89 3 0.61 12.1 3.17 0.69 -3.71 -10.59 -19.12 11.98 31.97 -22.37 -34.52 14.18 -13.54 -6.87 -0 -0 0 -67.18 -30.61 36.47 73.58 -58.96 -45.83 -0 -0 33.14 28.67 -19.05 -10.12 -7.12 0 -0 0.28 8.5 -0.24 -0 -0 0 70.03 31.82 42.04 -75.34 59.17 -47.34 0 0 22.33 -36.83 -7.66 5.7 7.12 -0 -0 -8.72 -39.37 -1.22
-14.49 30.52 -9.4 -137.89 82.72 255.65 0 0 0 -12.1 -8.08 -37.92 3.83 11.94 35.51 3.71 -5.93 -35.33 0.82 -5.78 -16.15 0 0 0 24.27 17.91 -32.75 -3.65 -11.68 34.62 -4.12 -4.23 -40.03 -0.4 -4.05 11.22 -0.81 -0.38 30.82 3.25 0.75 11.8 3.8 0.7 -3.59 -10.95 -19.23 13.43 32.45 -22.54 -35.47 14.76 -13.71 -7.26 0 0 0 -69.07 -27.66 36.76 71.79 -58.71 -44.3 -0 -0 34.55 30.16 -19.96 -11.22 -7.12 0 -0 1.11 7.2 -0.97 0 0 0 71.05 30.05 43.5 -71.69 58.7 -44.22 0 0 23.26 -37.17 -5.12 3.87 7.12 -0 -0 -8.83 -36.27 -1.91
-14.22 30.49 -9.43 -133.49 81.44 259.91 0 0 0 -10.38 -7.94 -37.1 3.99 12.15 36.26 3.74 -9.65 -35.12 0.3 -3.51 -9.72 0 0 0 25.74 19.99 -29.99 -3.42 -11.35 33.46 -4.16 -6.34 -41.05 -0.33 -3.71 10.25 0.09 -0.55 30.02 3.88 0.76 11.35 3.98 0.7 -3.74 -11.48 -18.98 14.11 32.83 -22.23 -35.59 15.13 -13.59 -7.34 0 0 0 -71.47 -25.16 37.54 69.81 -58.4 -42.61 -0 -0 35.93 31.36 -20.2 -11.88 -7.12 0 -0 1.84 6.68 -1.61 0 0 0 71.34 27.85 44.64 -69.59 58.37 -42.42 0 0 23.54 -37.4 -4.34 3.31 7.12 -0 -0 -8.94 -35.31 -2.15
-13.98 30.45 -9.4 -133.58 82.76 259.72 0 0 0 -11.6 -8.33 -35.62 3.97 12.13 36.18 3.88 -9.78 -35.8 0.2 -2.86 -7.89 0 0 0 24.69 20.08 -29.03 -3.49 -11.45 33.81 -4.4 -5.59 -41.82 -0.39 -3.99 11.06 -1.56 -0.43 29 3.36 0.35 11 4.48 0.45 -3.63 -10.08 -20.04 12.74 31.99 -23.61 -34.69 14.11 -14.23 -6.86 0 0 0 -71.72 -22.38 37.49 68.9 -58.25 -41.84 -0 -0 36.28 32.07 -20.11 -12.16 -7.12 0 -0 2.3 6.63 -2.02 0 0 0 72.33 25.79 46.39 -68.44 58.17 -41.44 0 0 23.63 -38.51 -5.04 4 7.12 -0 -0 -9.95 -36.26 -2.17
-13.73 30.4 -9.44 -135.64 82.23 257.65 0 0 0 -11.28 -9.12 -34.52 4.01 12.18 36.36 4.01 -9.09 -36.48 0.17 -2.64 -7.28 0 0 0 25.76 16.93 -28.95 -3.45 -11.39 33.61 -4.33 -4.49 -41.07 -0.22 -3.02 8.33 -0.52 -1.15 27.76 3.21 -0.39 10.56 3.92 0.1 -3.51 -9.1 -20.35 12.67 31.18 -23.99 -34.41 13.67 -14.38 -6.99 -0 -0 0 -73.26 -20.47 36.87 65.49 -57.6 -38.94 -0 -0 37.94 32.94 -21.27 -13.22 -7.12 0 -0 2.66 5.12 -2.41 -0 -0 0 73.26 24.15 47.67 -64.49 57.39 -38.1 0 0 25.71 -41.17 -4.17 3.64 7.12 -0 -0 -12.07 -35.3 -2.93
-13.51 30.36 -9.46 -128.67 82.68 264.41 0 0 0 -11.7 -7.87 -33.22 3.91 12.04 35.88 4.06 -8.91 -36.71 0.2 -2.86 -7.9 0 0 0 26.67 12.97 -28.99 -3.4 -11.32 33.35 -4.33 -0.67 -39.79 -0.39 -4.03 11.15 -1.94 -0.76 26.96 3.48 -0.29 10.28 4.99 0.09 -3.41 -8.45 -20.99 11.29 30.53 -24.86 -33.97 13 -14.7 -6.64 0 0 0 -74.58 -18.73 36.73 63.2 -57.1 -37.02 -0 -0 37.5 33.45 -22.81 -14.37 -7.12 0 -0 2.72 3.25 -2.56 0 0 0 74.05 23.61 48.89 -60.73 56.5 -34.95 0 0 25.54 -38.82 -5.85 4.68 7.12 -0 -0 -10.29 -37.29 -1.98
-13.3 30.34 -9.47 -127.37 83.65 265.76 0 0 0 -12.85 -7.06 -32.51 3.86 11.98 35.65 3.99 -11.81 -36.26 0.03 -1.05 -2.88 0 0 0 26.27 10.08 -29.28 -3.36 -11.26 33.16 -4.31 1.54 -39.09 -0.07 -1.69 4.64 -3.07 -0.03 25.96 4.13 0.33 9.61 6.19 0.35 -3.74 -11.86 -20.93 12.25 32.29 -25.25 -33.9 13.83 -14.86 -5.8 0 -0 0 -77.65 -17.5 38.5 59.67 -56.22 -34.07 -0 -0 38.57 33.67 -24.5 -15.44 -7.12 0 -0 2.55 1.3 -2.49 0 -0 0 74 21.64 48.13 -56.77 55.39 -31.67 0 0 26.1 -40.02 -4.21 3.52 7.12 -0 -0 -11.12 -35.28 -2.7
-13.1 30.3 -9.5 -121.25 82.56 271.6 0 0 0 -11.71 -6.83 -31.54 3.95 12.1 36.08 4.14 -9.92 -37.02 0.08 -1.82 -5.02 0 0 0 27.79 9.84 -27.61 -3.17 -10.96 32.15 -4.18 1.28 -38.51 -0.05 -1.48 4.08 -1.39 -0.51 24.77 3.78 0.05 9.53 4.88 0.23 -3.24 -11.49 -22.03 10.49 32.5 -26.77 -32.32 13.04 -15.58 -4.7 0 0 0 -77.55 -16.06 38 57.34 -55.56 -32.13 -0 -0 38.96 34.07 -24.78 -15.82 -7.12 0 -0 2.73 0.88 -2.69 0 0 0 75.8 21.17 49.92 -53.87 54.44 -29.29 0 0 25.37 -41.99 -3.85 3.46 7.12 -0 -0 -12.7 -34.93 -3.21
-12.93 30.32 -9.52 -125.83 83.18 266.6 0 0 0 -11.72 -9 -29.27 3.87 11.98 35.67 3.66 -16.59 -34.94 0.49 4.49 12.46 0 0 0 27.11 9.13 -26.63 -3.13 -10.9 31.94 -4.22 1.42 -38.67 -0.1 -1.99 5.48 -1.39 -1.09 24.33 3 -0.79 9.1 4.24 -0.18 -3.43 -10.28 -22.56 10.67 32.37 -27.35 -31.97 12.81 -15.97 -4.74 0 0 0 -76.56 -14.52 38.37 54.92 -54.8 -30.15 -0 -0 38.41 34.75 -24.06 -15.79 -7.12 0 -0 3.27 1.5 -3.19 0 0 0 77.86 20.9 51.19 -50.11 53.04 -26.27 0 0 26.7 -41.81 -5.07 4.52 7.12 -0 -0 -12.74 -36.51 -2.72
-12.72 30.27 -9.52 -111.84 82.84 281.12 0 0 0 -11.67 -5.33 -30.05 3.8 11.89 35.33 3.9 -11.7 -35.83 0.05 -1.4 -3.86 0 0 0 27.81 9.88 -26.16 -3.14 -10.92 32 -4.16 1.78 -38.32 -0.05 -1.45 3.99 -1.76 -0.68 22.18 3.17 -0.44 8.6 4.51 -0.05 -2.94 -12.82 -21.66 11.19 33.19 -26.59 -30.6 13.23 -15.5 -3.98 -0 -0 0 -77.45 -12.99 37.79 52.28 -53.87 -28.01 -0 -0 38.26 34.97 -26.27 -17.2 -7.12 0 -0 2.98 -1.04 -3.04 -0 -0 0 79.05 21.02 51.82 -45.26 50.9 -22.44 0 0 27.84 -40.63 -3.54 3.03 7.12 -0 -0 -11.53 -34.45 -3.04
-12.59 30.24 -9.58 -117 83.3 274.84 0 0 0 -13.03 -5.53 -28.47 3.86 11.97 35.63 3.93 -10.62 -36.01 0.06 -1.62 -4.45 0 0 0 27.25 8.49 -25.13 -3.2 -11.01 32.31 -4.2 6.69 -37.58 -0.76 -5.56 15.52 -0.94 -1.08 22.8 2.9 -0.78 8.5 3.84 -0.19 -3.35 -13.83 -21.22 11.87 34.37 -25.91 -31.37 13.99 -15.27 -4.07 0 0 0 -77.59 -12.33 39.57 50.12 -53.04 -26.27 -0 -0 38.43 36.43 -25.13 -17.4 -7.12 0 -0 4.07 -0.2 -4.09 0 0 0 76.64 18.7 51.89 -47.78 52.06 -24.41 0 0 26.92 -40.06 -4.98 4.17 7.12 -0 -0 -11.25 -36.27 -2.45
-12.42 30.22 -9.65 -113.68 83.96 277.07 0 0 0 -14.17 -5.52 -26.33 3.8 11.9 35.36 3.99 -7.31 -36.51 0.32 -3.64 -10.07 0 0 0 26.43 7.43 -23.71 -3.21 -11.04 32.4 -4.05 1.56 -37.84 -0.03 -1.2 3.29 -0.58 -1.27 23.22 2.18 -1 8.41 2.92 -0.28 -3.67 -13.67 -21.8 11.97 35.85 -26.48 -31.35 14.28 -15.78 -3.66 0 0 0 -77.41 -11.3 38.35 47.93 -52.12 -24.53 -0 -0 39.86 36.89 -26.94 -18.78 -7.12 0 -0 3.95 -2.38 -4.12 0 0 0 77.69 18.29 51.92 -44.34 50.44 -21.73 0 0 26.34 -41.48 -0.82 0.72 7.12 -0 -0 -11.82 -30.94 -4.14
-12.29 30.21 -9.67 -111.1 83.41 280.1 0 0 0 -13.57 -5.55 -26.3 3.82 11.92 35.46 3.9 -9.85 -35.89 0.02 -0.93 -2.55 0 0 0 27.05 7.72 -23.4 -3.15 -10.93 32.06 -3.98 1.68 -37.49 -0.05 -1.41 3.88 -0.84 -1.62 21.56 2.52 -1.51 8.6 3.51 -0.56 -2.58 -10.89 -22.46 9.95 32.94 -27.1 -31.62 12.86 -15.81 -4.35 0 0 0 -77.52 -11.03 37.91 46.63 -51.54 -23.51 -0 -0 38.91 38.08 -25.34 -18.54 -7.12 0 -0 4.99 -0.94 -5.09 0 0 0 77.52 18.91 53.27 -43.59 50.06 -21.15 0 0 26.15 -40.25 0.59 -0.5 7.12 -0 -0 -10.66 -29.12 -4.19
-12.17 30.22 -9.68 -105.87 83.93 284.92 0 0 0 -14.24 -5.17 -25.21 3.73 11.79 34.98 3.67 -12.59 -34.72 0.04 1.23 3.37 0 0 0 26.33 8.95 -22.07 -3.16 -10.96 32.14 -3.96 -0.09 -37.86 -0.01 -0.6 1.64 -1.15 -1.32 21.47 2.36 -1.23 8.26 3.45 -0.43 -2.92 -12.16 -21.71 11.71 34.18 -26.08 -32.25 13.87 -15.47 -4.58 -0 -0 0 -78.28 -11.06 38.51 43.91 -50.22 -21.4 -0 -0 39.4 38.87 -26.47 -19.76 -7.12 0 -0 5.2 -2.5 -5.44 -0 -0 0 78.03 17.8 54.39 -41.7 49.05 -19.71 0 0 22.81 -43.65 -0.82 0.78 7.12 -0 -0 -13.52 -30.94 -4.77
-12.09 30.2 -9.74 -101.11 83.64 289.49 0 0 0 -14.11 -5.26 -24.85 3.85 11.95 35.57 3.8 -12.23 -35.35 0.02 0.92 2.52 0 0 0 26.53 7.52 -22.12 -3.18 -10.98 32.23 -3.97 1.45 -37.49 -0.01 -0.52 1.44 -0.47 -1.17 20.8 2.38 -0.93 8.34 3 -0.28 -2.53 -12.84 -21.91 11.36 34.43 -26.51 -31.82 13.77 -15.63 -4.13 -0 -0 0 -78.41 -10.87 39.41 43.4 -49.96 -21.01 -0 -0 39.06 39.31 -26.46 -20.05 -7.12 0 -0 5.45 -2.64 -5.72 -0 -0 0 77.71 17.86 51.63 -40.87 48.58 -19.09 0 0 26.54 -37.73 4.89 -3.77 7.12 -0 -0 -8.19 -23.82 -4.23
-12.03 30.15 -9.75 -102.89 83.98 286.94 0 0 0 -14.85 -3.75 -24.2 3.83 11.94 35.51 3.85 -11.35 -35.57 0.02 -0.79 -2.18 0 0 0 26.24 7.63 -21.04 -3.24 -11.08 32.53 -4.08 0.81 -38.2 -0.01 -0.54 1.5 -0.53 -1.31 21.19 2.2 -1.1 8.33 2.89 -0.36 -2.73 -12.68 -22.84 11.64 35.05 -27.73 -32.35 13.78 -16.34 -3.96 -0 -0 0 -78.61 -10.45 39.41 42.64 -49.56 -20.43 -0 -0 39.47 40.48 -27.08 -21.23 -7.12 0 -0 5.98 -3.76 -6.39 -0 -0 0 78.35 17.47 52.69 -39.81 47.96 -18.3 0 0 26.75 -41.85 1.01 -0.9 7.12 -0 -0 -11.82 -28.54 -4.83
-11.98 30.12 -9.75 -102.18 83.82 287.62 0 0 0 -14.69 -4.45 -23.66 3.85 11.96 35.59 3.98 -10.34 -36.26 0.01 -0.74 -2.05 0 0 0 26.43 7.59 -20.72 -3.22 -11.04 32.4 -4.09 0.24 -38.37 -0 -0.11 0.29 -0.67 -1.14 20.69 2.47 -0.91 8.33 3.2 -0.28 -2.48 -13.36 -22.81 11.4 35.24 -27.84 -31.75 13.72 -16.34 -3.56 -0 0 0 -79.67 -10.3 39.86 42.18 -49.31 -20.08 -0 -0 40.2 40.3 -26.29 -20.59 -7.12 0 -0 6.06 -2.79 -6.38 -0 0 0 77.75 16.97 52.4 -40.19 48.18 -18.58 0 0 27.16 -40.97 1.38 -1.19 7.12 -0 -0 -11.1 -28.09 -4.64
-11.95 30.1 -9.79 -103.76 83.89 285.88 0 0 0 -14.9 -4.62 -23.29 3.85 11.96 35.59 4.05 -9.95 -36.58 0.02 -0.99 -2.72 0 0 0 26.4 5.95 -21.11 -3.24 -11.07 32.52 -4.14 1.05 -38.39 -0 0.18 -0.48 -1.17 -1.39 20.86 3 -1.31 8.18 4.16 -0.49 -2.67 -13.52 -22.37 11.12 34.41 -27.32 -31.67 13.57 -15.94 -3.75 0 -0 0 -80.49 -9.22 39.86 42.58 -49.53 -20.38 -0 -0 39.7 40.89 -25.99 -20.78 -7.12 0 -0 6.46 -2.65 -6.8 0 -0 0 76.8 16.65 53.19 -40.4 48.3 -18.73 0 0 26.59 -40.25 2.05 -1.73 7.12 -0 -0 -10.45 -27.26 -4.58
-11.92 30.09 -9.78 -103.39 84.29 286.26 0 0 0 -15.15 -4.41 -23.19 3.82 11.92 35.46 3.82 -14.25 -35.48 0.06 1.64 4.5 0 0 0 25.88 6.78 -20.85 -3.31 -11.18 32.9 -4.2 0.22 -38.9 -0.01 0.57 -1.56 -1.44 -1.43 20.39 2.75 -1.44 8.25 4.05 -0.56 -2.34 -12.66 -22.02 10.69 33.61 -26.74 -31.16 13.28 -15.6 -3.97 -0 -0 0 -79.37 -9.11 40.53 42.89 -49.69 -20.62 -0 -0 38.51 40.28 -25.57 -20.09 -7.12 0 -0 6.21 -1.95 -6.46 -0 -0 0 77.39 16.75 53.24 -39.94 48.03 -18.39 0 0 27.01 -40.4 2.6 -2.21 7.12 -0 -0 -10.48 -26.54 -4.77
-11.91 30.09 -9.8 -102.81 84.15 286.97 0 0 0 -15.36 -5.96 -22.55 3.78 11.86 35.23 4.14 -8.18 -37.15 0.06 -1.52 -4.18 0 0 0 25.79 9.19 -19.89 -3.28 -11.14 32.74 -4.25 -0.71 -39.4 -0.01 -0.54 1.48 -0.77 -1.42 20.26 2.6 -1.33 7.95 3.49 -0.49 -2.63 -12.93 -22.03 11.11 33.61 -26.88 -30.87 13.31 -15.67 -3.88 -0 -0 0 -78.94 -8.79 40.96 42.41 -49.44 -20.25 -0 -0 37.9 40.27 -26.44 -20.66 -7.12 0 -0 6 -2.95 -6.34 -0 -0 0 77.96 16.01 52.67 -39.45 47.74 -18.03 0 0 27.58 -40.68 2.6 -2.24 7.12 -0 -0 -10.69 -26.51 -4.87
-11.91 30.1 -9.8 -99.98 83.51 289.98 0 0 0 -14.73 -3.83 -23.44 3.75 11.82 35.12 3.96 -11 -36.11 0.01 -0.49 -1.35 0 0 0 26.45 8.39 -20.2 -3.2 -11.01 32.33 -4 -0.18 -38.08 -0 -0.22 0.59 0.46 -1.26 20.06 2.18 -0.93 7.94 2.25 -0.28 -2.61 -11.86 -22.07 11.19 33.86 -26.57 -31.54 13.47 -15.65 -4.29 -0 0 0 -78.81 -9.79 40.69 40.4 -48.3 -18.74 -0 -0 38.94 40.81 -26.17 -20.85 -7.12 0 -0 6.37 -2.84 -6.72 -0 0 0 78.95 16.35 51.74 -38.78 47.33 -17.54 0 0 27.63 -40.22 2.74 -2.31 7.12 -0 -0 -10.32 -26.37 -4.74
-11.89 30.13 -9.8 -100.04 84.23 289.87 0 0 0 -15.44 -4.04 -22.98 3.62 11.64 34.46 3.6 -12.62 -34.39 0.04 1.32 3.64 0 0 0 25.82 7.63 -20.56 -3.22 -11.05 32.45 -3.74 -1.1 -37.08 -0.01 0.48 -1.31 -0.66 -1.2 20 2.46 -1.05 7.88 3.21 -0.36 -2.61 -11.85 -21.75 11.16 32.85 -26.2 -31.95 13.32 -15.33 -4.69 -0 0 0 -79.49 -10.06 40.93 39.66 -47.87 -18.19 -0 -0 38.01 40.15 -27.68 -21.4 -7.12 0 -0 5.64 -4.33 -6.08 -0 0 0 79.05 16.55 51.09 -37.01 46.2 -16.25 0 0 28.85 -41.26 2.89 -2.54 7.12 -0 -0 -11.08 -26.11 -5.16
-11.88 30.18 -9.82 -105.58 84.12 283.72 0 0 0 -15.42 -4.86 -22.04 3.6 11.6 34.34 3.57 -9.67 -34.23 0.01 -0.51 -1.4 0 0 0 25.86 6.97 -20.09 -3.22 -11.04 32.42 -3.67 0.89 -36.14 -0.06 -1.64 4.52 0.27 -1.47 20.74 2.4 -1.18 8.05 2.66 -0.39 -2.82 -12.64 -21.49 10.15 32.89 -26 -30.93 13.11 -15.1 -4.11 -0 -0 0 -79.85 -11.04 40.76 37.73 -46.66 -16.77 -0 -0 38.5 40.44 -28.14 -21.9 -7.12 0 -0 5.7 -4.96 -6.2 -0 -0 0 78.91 16.91 51.58 -36.61 45.93 -15.96 0 0 26.77 -41.04 2.73 -2.37 7.12 -0 -0 -10.94 -26.33 -5.04
-11.88 30.18 -9.8 -102.63 84.46 287.36 0 0 0 -15.78 -2.62 -23.87 3.65 11.67 34.59 3.25 -12.92 -32.63 0 0.38 1.03 0 0 0 26.08 6.34 -21.22 -3.21 -11.03 32.37 -2.66 -7.69 -34.26 -0.57 4.82 -13.39 -0.72 -1.49 19.81 2.32 -1.44 7.91 3.17 -0.55 -2.45 -10.72 -20.77 9.37 30.56 -24.79 -31.37 12.47 -14.32 -5.13 -0 0 0 -80.13 -11.37 39.72 36.42 -45.8 -15.82 -0 -0 38.95 40.91 -27.79 -22 -7.12 0 -0 6.04 -4.74 -6.56 -0 0 0 79.48 17.28 53.54 -35.99 45.5 -15.51 0 0 24.72 -42.51 2.08 -1.91 7.12 -0 -0 -12.14 -27.1 -5.39
-11.85 30.25 -9.8 -98.43 84.49 291.9 0 0 0 -15.71 -4.41 -23.34 3.58 11.58 34.25 3.18 -12.13 -32.25 0.05 1.49 4.09 0 0 0 25.39 6.75 -21.44 -3.17 -10.97 32.17 -3.33 1.4 -34.25 -0.04 -1.34 3.68 -0.37 -1 19.46 2.5 -0.76 7.61 3.01 -0.22 -2.64 -11.09 -22.38 7.85 28.9 -27.39 -31.53 11.43 -15.22 -4.69 -0 0 0 -80.09 -11.59 41.75 35.85 -45.41 -15.41 -0 -0 37.84 40.86 -28.07 -22.14 -7.12 0 -0 5.95 -5.03 -6.48 -0 0 0 78.34 17.11 52.57 -35.36 45.07 -15.07 0 0 23.94 -42.23 2.21 -2.01 7.12 -0 -0 -11.91 -26.94 -5.33
-11.83 30.27 -9.82 -98.08 84.55 292.3 0 0 0 -15.84 -4.05 -23.44 3.54 11.52 34.04 3.12 -11.78 -31.89 0.03 1.05 2.88 0 0 0 25.15 6.83 -21.36 -3.15 -10.94 32.08 -3.28 1.7 -33.91 -0.04 -1.28 3.52 -0.2 -1.42 19.14 2.11 -1.28 7.95 2.6 -0.47 -2.1 -9.66 -19.72 7.33 27.47 -23.38 -31.58 11.43 -13.19 -5.83 -0 -0 0 -78.63 -11.86 41.4 35.93 -45.47 -15.47 -0 -0 36.55 40.93 -28.14 -22.24 -7.12 0 -0 5.97 -5.14 -6.51 -0 -0 0 79.47 18.11 51.82 -34.95 44.78 -14.78 0 0 28.55 -39.08 3.76 -3.05 7.12 -0 -0 -9.34 -25.14 -4.54
-11.82 30.27 -9.82 -97.93 84.38 292.18 0 0 0 -15.83 -2.92 -23.32 3.48 11.44 33.77 3.12 -11.41 -31.89 0 0.26 0.71 0 0 0 25.4 6.98 -20.87 -3.17 -10.96 32.15 -3.34 1.98 -34.18 -0.07 -1.75 4.81 0.44 -1.04 19.2 2.45 -0.68 7.63 2.48 -0.17 -2.5 -11.55 -17.83 9.24 27.11 -21.07 -32.28 12.15 -11.89 -6.62 -0 0 0 -80.18 -12.13 42.58 34.67 -44.57 -14.58 -0 -0 37.2 40.7 -28.11 -22.06 -7.12 0 -0 5.85 -5.02 -6.37 -0 0 0 79.38 17.58 49.61 -33.53 43.73 -13.79 0 0 29.84 -38.05 4.25 -3.32 7.12 -0 -0 -8.51 -24.59 -4.24
-11.81 30.25 -9.81 -95.83 84.67 294.14 0 0 0 -16.12 -4.01 -22.58 3.47 11.42 33.72 3.2 -10.8 -32.35 0.01 0.68 1.87 0 0 0 25.02 7.62 -20.43 -3.16 -10.95 32.12 -3.46 3.54 -34.42 -0.32 -3.66 10.12 0.48 -0.71 18.97 2.14 -0.27 7.59 2.05 0.03 -2.45 -10.84 -16.35 9.98 26.13 -18.9 -32.87 12.18 -10.77 -7.63 -0 -0 0 -80.47 -12.82 42.88 33.42 -43.65 -13.71 -0 -0 38.09 41.14 -29.5 -23.28 -7.12 0 -0 5.75 -6.77 -6.42 -0 -0 0 80.15 17.14 48.52 -33.46 43.68 -13.74 0 0 30.62 -38.72 4.68 -3.75 7.12 -0 -0 -8.94 -23.99 -4.59
-11.8 30.23 -9.78 -95.64 84.59 294.2 0 0 0 -16.03 -3.53 -22.62 3.52 11.5 33.97 3.23 -11.72 -32.5 0.01 0.69 1.91 0 0 0 25.29 7.66 -19.97 -3.1 -10.86 31.81 -3.41 0.29 -34.97 -0.04 -1.36 3.75 0.04 -0.68 18.66 2.46 -0.31 7.6 2.63 0 -2.27 -13.26 -13.99 10.28 26.31 -15.91 -32.28 12.77 -9.08 -7.81 0 0 0 -80.16 -12.11 43.32 34.26 -44.27 -14.29 -0 -0 37.33 40.53 -28.07 -21.92 -7.12 0 -0 5.76 -4.92 -6.26 0 0 0 79.36 17.05 49.1 -33.83 43.96 -13.99 0 0 30.31 -38.27 4.68 -3.68 7.12 -0 -0 -8.61 -24.03 -4.41
-11.81 30.21 -9.8 -93.38 84.8 296.45 0 0 0 -16.43 -2.8 -22.79 3.49 11.45 33.83 3.32 -11.79 -32.94 0 -0.06 -0.18 0 0 0 24.96 8.1 -20.05 -3.18 -10.98 32.21 -3.47 -0.53 -35.55 -0.03 -1.06 2.92 -0.92 -1.15 18.72 2.35 -1.07 7.7 3.21 -0.39 -2.14 -12.97 -11.65 8.51 25.32 -12.44 -30.74 12.19 -7.21 -7.89 -0 -0 0 -79.57 -11.72 41.4 34.89 -44.73 -14.73 -0 -0 37.4 40.35 -27.35 -21.32 -7.12 0 -0 5.84 -4.03 -6.26 -0 -0 0 78.91 17.25 51.28 -35.1 44.88 -14.88 0 0 29.7 -37.76 4.58 -3.54 7.12 -0 -0 -8.26 -24.2 -4.19
-11.82 30.18 -9.78 -98.95 84.12 290.63 0 0 0 -15.45 -2.84 -22.6 3.52 11.49 33.95 3.4 -11.83 -33.36 0 0.02 0.05 0 0 0 25.92 8.21 -19.69 -3.2 -11.01 32.32 -3.65 -0.03 -36.3 -0.07 -1.74 4.8 0.41 -0.74 18.45 2.62 -0.29 8.08 2.58 0.02 -1.65 -13.85 -10.53 7.77 24.84 -10.94 -30.42 12.12 -6.27 -7.95 -0 -0 0 -79.61 -12.45 43.44 35.21 -44.96 -14.96 -0 -0 37.19 40.09 -27.22 -21.06 -7.12 0 -0 5.72 -3.78 -6.11 -0 -0 0 78.96 16.99 48.96 -35.6 45.24 -15.24 0 0 30.23 -37.79 3.91 -3.03 7.12 -0 -0 -8.36 -25.04 -4.08
-11.83 30.17 -9.77 -96.24 84.2 293.32 0 0 0 -15.53 -3.51 -22.42 3.56 11.54 34.14 3.58 -9.87 -34.28 0.03 -1.2 -3.3 0 0 0 25.86 6.73 -20.35 -3.2 -11.01 32.3 -3.72 1.69 -36.19 -0.04 -1.21 3.32 0.42 -0.47 18.59 2.44 0.05 8.12 2.32 0.2 -1.69 -13.69 -9.1 6.8 23.72 -8.91 -29.75 11.57 -5.1 -8.11 -0 -0 0 -79.67 -12.57 43.37 35.52 -45.18 -15.18 -0 -0 37.77 40.13 -28.14 -21.68 -7.12 0 -0 5.52 -4.85 -5.99 -0 -0 0 79.87 16.93 47.39 -35.62 45.25 -15.25 0 0 31.43 -37.29 3.98 -3.03 7.12 -0 -0 -7.98 -24.98 -3.9
-11.87 30.14 -9.76 -97.64 84.3 291.93 0 0 0 -15.41 -4.35 -22.53 3.65 11.68 34.59 3.58 -11.59 -34.28 0.02 0.87 2.39 0 0 0 26.11 6.12 -20.54 -3.14 -10.92 32.02 -3.4 -3.54 -36.21 -0.23 3.09 -8.52 0.65 -0.31 19.01 2.36 0.32 8.11 2.05 0.34 -1.94 -14.48 -7.5 5.22 23.25 -6.74 -27.85 11.24 -3.84 -7.64 -0 -0 0 -78.99 -12.49 44.46 36.54 -45.88 -15.91 -0 -0 37.17 39.91 -28.02 -21.45 -7.12 0 -0 5.43 -4.63 -5.87 -0 -0 0 79.15 16.9 47 -36.05 45.55 -15.56 0 0 30.71 -37.56 3.85 -2.96 7.12 -0 -0 -8.2 -25.12 -3.98
-11.89 30.15 -9.78 -95.88 83.54 293.98 0 0 0 -14.71 -4.34 -22.57 3.57 11.57 34.21 3.61 -11.71 -34.41 0.03 1.06 2.91 0 0 0 26.38 7.93 -20.18 -3.17 -10.96 32.16 -3.89 0.57 -37.3 -0 -0.25 0.7 1.72 -0.49 18.71 2.01 0.24 8.17 1.1 0.32 -1.71 -14.58 -5.45 4.06 22.63 -3.81 -26.34 10.82 -2.26 -7.6 -0 -0 0 -78.46 -12.77 43.64 36.5 -45.85 -15.88 -0 -0 37.6 39.88 -27.83 -21.31 -7.12 0 -0 5.46 -4.4 -5.88 -0 -0 0 79.34 16.69 48.12 -37.61 46.59 -16.68 0 0 29.86 -37.17 2.97 -2.25 7.12 -0 -0 -8.01 -26.24 -3.68
-11.93 30.17 -9.77 -99.76 84.15 290.08 0 0 0 -15.28 -4.92 -22.74 3.59 11.59 34.3 3.67 -10.41 -34.73 0 0.29 0.79 0 0 0 25.72 8.28 -20.24 -3.19 -10.99 32.25 -4.01 2.34 -37.45 -0.1 -2.08 5.72 1.18 -0.45 19.35 1.93 0.23 8.2 1.31 0.31 -2.01 -13.26 -3.98 3.09 20.68 -1.76 -25.8 9.69 -1.14 -7.79 -0 -0 0 -78.29 -13.27 44.1 36.71 -46 -16.03 -0 -0 37.54 39.71 -28.07 -21.34 -7.12 0 -0 5.3 -4.62 -5.73 -0 -0 0 79.84 16.88 47.45 -37.46 46.49 -16.57 0 0 30.46 -37.52 2.39 -1.84 7.12 -0 -0 -8.34 -26.94 -3.69
-11.99 30.19 -9.75 -103.12 84.22 286.63 0 0 0 -15.31 -3.43 -23.58 3.61 11.62 34.4 3.52 -11.84 -33.96 0 0.11 0.31 0 0 0 25.86 6.72 -21.09 -3.2 -11.01 32.33 -3.89 2.02 -36.93 -0.02 -0.93 2.54 0.84 -0.43 20.14 2.19 0.23 8.09 1.79 0.31 -2.53 -12.75 -2.22 1.91 18.74 0.34 -23.83 8.6 0.05 -7.39 0 0 0 -78.51 -13.24 44.19 36.99 -46.18 -16.24 -0 -0 37.27 39.79 -28.17 -21.47 -7.12 0 -0 5.32 -4.76 -5.77 0 0 0 79.4 16.6 47.19 -37.89 46.77 -16.88 0 0 30.24 -37.65 2.89 -2.23 7.12 -0 -0 -8.38 -26.32 -3.84
-12.03 30.23 -9.77 -98.79 84.2 291.25 0 0 0 -15.32 -4.88 -23.19 3.51 11.48 33.91 3.51 -10.52 -33.94 0 0.32 0.89 0 0 0 25.63 7.55 -20.96 -3.08 -10.82 31.68 -3.78 2.4 -36.3 -0.05 -1.47 4.04 1 -0.03 20.2 2.12 0.78 8.19 1.51 0.58 -2.46 -10.11 -1.11 1.34 14.84 1.48 -23.82 6.63 0.71 -7.54 0 0 0 -78.46 -14.08 45.35 37.2 -46.32 -16.39 -0 -0 37.05 39.73 -27.63 -21.08 -7.12 0 -0 5.42 -4.13 -5.82 0 0 0 78.9 16.62 46.12 -38.35 47.06 -17.22 0 0 29.87 -37.85 2.63 -2.05 7.12 -0 -0 -8.57 -26.62 -3.86
-12.06 30.29 -9.78 -100.87 83.87 290.66 0 0 0 -14.7 -5.25 -25.19 3.55 11.54 34.11 3.37 -11.77 -33.2 0.03 1.17 3.22 0 0 0 25.58 10.51 -21.34 -2.94 -10.59 30.92 -3.69 0.85 -36.23 -0.12 -2.27 6.26 1.83 -0.02 18.95 2.19 0.87 7.9 1.1 0.63 -2.13 -6.6 0.06 1.09 9.85 2.42 -23.93 4.2 1.28 -7.65 -0 -0 0 -77.56 -14.09 46.78 38.49 -47.15 -17.32 -0 -0 35.55 39.15 -27.18 -20.4 -7.12 0 -0 5.2 -3.4 -5.52 -0 -0 0 78.38 16.78 46.32 -38.7 47.28 -17.48 0 0 28.92 -37.39 3.67 -2.8 7.12 -0 -0 -8.09 -25.36 -3.88
-12.07 30.3 -9.8 -92.89 83.48 298.12 0 0 0 -14.67 -5.59 -24.23 3.54 11.52 34.04 3.53 -8.93 -34.1 0 -0.36 -0.98 0 0 0 25.76 10.98 -20.63 -2.93 -10.58 30.88 -3.52 -0.99 -35.94 -0.02 -0.95 2.61 1.2 0.33 19.62 2.43 1.26 8.23 1.62 0.82 -2.14 -1.85 2.08 -1.58 2.62 4.04 -21.4 0.91 2.29 -6.32 0 0 0 -77.84 -14.47 46.72 38.51 -47.16 -17.34 -0 -0 35.55 39.33 -26.43 -20.04 -7.12 0 -0 5.47 -2.61 -5.74 0 0 0 77.98 17.65 46.62 -38.27 47.01 -17.16 0 0 28.53 -37.71 2.96 -2.29 7.12 -0 -0 -8.41 -26.22 -3.87
-12.13 30.31 -9.76 -100.47 83.75 290.27 0 0 0 -14.42 -5.5 -24.18 3.49 11.44 33.79 3.22 -13.61 -32.51 0.21 2.98 8.22 0 0 0 25.9 10.41 -20.95 -3 -10.7 31.26 -3.55 -1.09 -36.13 -0.02 -0.93 2.56 1.11 -0.11 20.38 2.1 0.73 8.53 1.43 0.57 -2.19 -3.62 2.32 -2.69 5.83 4.95 -20.81 2.21 2.69 -6.07 -0 -0 0 -77.3 -15.17 45.15 38.37 -47.07 -17.24 -0 -0 36.46 39.61 -26.64 -20.36 -7.12 0 -0 5.58 -2.95 -5.89 -0 -0 0 78.8 18.17 46.7 -38.64 47.25 -17.44 0 0 28.55 -38.08 2.62 -2.05 7.12 -0 -0 -8.74 -26.64 -3.94
-12.16 30.3 -9.78 -100.55 84.16 290.08 0 0 0 -15.29 -3.43 -25.25 3.53 11.51 34.01 3.26 -12.82 -32.67 0 0.37 1.02 0 0 0 25.33 10.46 -21.08 -3.03 -10.75 31.45 -3.63 -0.2 -36.23 -0.07 -1.74 4.78 1.08 -0.21 20.74 1.72 0.59 8.65 1.07 0.52 -2.23 -3.46 3.01 -3.23 5.78 5.91 -20.24 2.13 3.18 -5.84 0 0 0 -77.52 -16.03 43.96 37.31 -46.4 -16.47 -0 -0 37.36 39.24 -27.94 -20.94 -7.12 0 -0 5.07 -4.3 -5.45 0 0 0 79.4 18.67 46.87 -38.7 47.28 -17.48 0 0 28.57 -38.67 1.76 -1.41 7.12 -0 -0 -9.29 -27.69 -3.96
-12.2 30.28 -9.8 -102.55 84.63 287.94 0 0 0 -15.66 -5.16 -24.7 3.59 11.59 34.3 3.48 -10.59 -33.78 0.01 -0.6 -1.66 0 0 0 25.14 9.57 -21.37 -3.02 -10.73 31.39 -3.35 -3.56 -35.96 -0.02 0.96 -2.65 1.35 0.2 21.03 2.04 1.19 8.48 1.12 0.81 -2.57 -4.92 2.7 -2.92 5.87 5.3 -19.07 2.43 2.93 -5.54 -0 0 0 -77.02 -15.3 47.74 39.49 -47.76 -18.06 -0 -0 35.39 39.01 -26.44 -19.83 -7.12 0 -0 5.28 -2.52 -5.53 -0 0 0 78.12 17.85 44.96 -38.89 47.4 -17.61 0 0 27.96 -38.97 1.62 -1.31 7.12 -0 -0 -9.54 -27.85 -4.03
-12.21 30.31 -9.79 -102.28 83.45 288.84 0 0 0 -14.29 -5.2 -25.54 3.62 11.64 34.47 3.5 -10.8 -33.84 0 -0.18 -0.51 0 0 0 26.08 10.69 -21.44 -2.93 -10.58 30.88 -3.57 -0.76 -36.11 -0.04 -1.23 3.39 2.05 0.04 20.09 2.25 1.08 8.4 0.98 0.76 -2.17 -5.84 3.01 -1.87 6.94 5.91 -19.88 2.87 3.21 -6.05 -0 -0 0 -76.96 -15.4 46.76 39.17 -47.57 -17.82 -0 -0 35.69 39.06 -26.33 -19.8 -7.12 0 -0 5.34 -2.41 -5.58 -0 -0 0 78.56 18.28 45.97 -38.84 47.37 -17.58 0 0 27.69 -39.18 0.84 -0.68 7.12 -0 -0 -9.8 -28.84 -3.91
-12.24 30.31 -9.79 -104.55 83.43 286.27 0 0 0 -14.18 -5.46 -25.24 3.62 11.63 34.44 3.51 -11.01 -33.92 0 0.04 0.11 0 0 0 26.16 11.37 -21.01 -2.97 -10.64 31.07 -3.6 -1.35 -36.44 -0.05 -1.43 3.95 2.05 -0.25 20.42 1.96 0.73 8.82 0.75 0.61 -1.88 -2.89 3.77 -2.93 4.29 6.6 -19.18 1.53 3.54 -5.54 0 0 0 -76.21 -16.1 45.67 39.32 -47.66 -17.94 -0 -0 35.98 39.14 -26.37 -19.88 -7.12 0 -0 5.37 -2.48 -5.62 0 0 0 79.64 19.2 46.37 -38.84 47.37 -17.58 0 0 27.65 -39.49 1.47 -1.21 7.12 -0 -0 -9.95 -28.02 -4.17
-12.26 30.31 -9.79 -101.06 84.31 289.39 0 0 0 -15.21 -5.72 -24.58 3.55 11.54 34.11 3.47 -11.27 -33.73 0.01 0.79 2.18 0 0 0 25.18 10.89 -21.11 -3.05 -10.78 31.54 -3.62 -1.21 -36.53 -0.03 -1.08 2.98 1.51 0.32 20.85 2.2 1.4 8.85 1.17 0.92 -2.08 -4.85 3.13 -2.51 4.62 5.59 -18.41 2 3.11 -5.39 0 -0 0 -77.69 -16.58 47.01 39.05 -47.5 -17.74 -0 -0 36.43 39.02 -26.67 -19.99 -7.12 0 -0 5.24 -2.78 -5.51 0 -0 0 77.74 18.54 44.97 -39.38 47.7 -17.98 0 0 26.66 -39.77 0.89 -0.74 7.12 -0 -0 -10.25 -28.76 -4.11
-12.31 30.34 -9.79 -102.5 84.02 288.04 0 0 0 -14.8 -6.24 -24.94 3.6 11.61 34.38 3.5 -10.41 -33.88 0 0.43 1.19 0 0 0 25.47 11 -21.34 -3.03 -10.74 31.42 -3.55 -1.47 -36.26 -0.03 -1.14 3.15 0.89 0.1 21.02 2.63 1.03 8.87 2.06 0.72 -2.16 -1.83 4.08 -3.74 0.44 6.2 -16.01 0.26 3.43 -4.74 -0 -0 0 -77.14 -16.19 46.59 40.13 -48.14 -18.53 -0 -0 35.31 38.83 -26.46 -19.73 -7.12 0 -0 5.17 -2.47 -5.41 -0 -0 0 77.29 19.13 46.13 -39.71 47.89 -18.22 0 0 25.39 -39.49 2.06 -1.69 7.12 -0 -0 -9.88 -27.28 -4.31
-12.35 30.33 -9.78 -94.92 83.68 295.52 0 0 0 -14.26 -6.81 -24.07 3.49 11.44 33.79 3.19 -14.9 -32.48 0.57 4.84 13.45 0 0 0 25.61 11.32 -21.65 -3.14 -10.92 32.03 -3.54 -1.09 -36.08 -0.03 -1.11 3.04 1.27 0.71 21.03 2.29 1.88 9.12 1.29 1.16 -1.9 -1.57 3.53 -3.29 0.33 5.4 -15.87 0.2 3.01 -4.75 0 0 0 -77.07 -17.36 47.47 39.7 -47.89 -18.21 -0 -0 35.9 39.02 -26.44 -19.85 -7.12 0 -0 5.29 -2.52 -5.54 0 0 0 77.37 19.01 45.34 -40.41 48.31 -18.74 0 0 25.1 -40.35 0.69 -0.59 7.12 -0 -0 -10.72 -29 -4.25
-12.38 30.35 -9.81 -96.18 83.6 294.68 0 0 0 -14.14 -6.49 -25.19 3.58 11.57 34.24 3.26 -14.24 -32.77 0.52 4.64 12.89 0 0 0 25.56 12.08 -21.82 -3.07 -10.81 31.65 -3.5 -1.44 -36 -0.03 -1.2 3.29 1.54 0.4 20.62 2.15 1.51 9.23 1.09 0.99 -1.56 -0.86 3.25 -2.95 0.36 5.04 -16.27 0.08 2.79 -4.93 -0 -0 0 -78.61 -18.18 45.1 38.23 -46.99 -17.14 -0 -0 38.25 40.32 -27.12 -21.15 -7.12 0 -0 5.87 -3.76 -6.28 -0 -0 0 77.62 19.7 45.87 -40.51 48.37 -18.82 0 0 24.87 -40.73 0.86 -0.74 7.12 -0 -0 -10.98 -28.77 -4.42
-12.44 30.37 -9.81 -108.76 83.97 282.76 0 0 0 -14.55 -6.6 -26.4 3.56 11.55 34.18 3.44 -11.37 -33.57 0.02 0.86 2.36 0 0 0 25.25 11.16 -23.29 -3.1 -10.86 31.8 -3.52 -0.88 -35.9 -0.07 -1.67 4.59 1.82 -0.12 20.41 2.25 0.89 9.05 1.16 0.68 -1.64 -3.68 1.78 -2.29 4.39 3.52 -17.04 1.83 1.97 -4.87 0 0 0 -77.99 -18.31 44.86 38.78 -47.33 -17.54 -0 -0 37.49 40.36 -28.4 -22.01 -7.12 0 -0 5.59 -5.23 -6.1 0 0 0 77.36 19.81 46.17 -41.08 48.7 -19.25 0 0 24.27 -41.25 0.78 -0.68 7.12 -0 -0 -11.4 -28.86 -4.56
-12.46 30.37 -9.78 -105.88 83.85 285.24 0 0 0 -14.29 -6.07 -26.01 3.53 11.51 34.01 3.41 -11.63 -33.39 0.01 0.63 1.73 0 0 0 25.66 11.83 -22.51 -3.1 -10.85 31.78 -3.47 -2.8 -36.31 -0.01 -0.58 1.6 1.96 0.41 21.05 2.46 1.63 8.94 1.14 1.05 -2.09 -4.96 0.56 -1.25 5.24 1.78 -16.8 2.37 1.1 -4.91 -0 -0 0 -78.23 -18.08 46.21 38.97 -47.45 -17.68 -0 -0 37.68 41.22 -28.35 -22.59 -7.12 0 -0 6.08 -5.49 -6.67 -0 -0 0 76.72 19.35 45.02 -40.81 48.54 -19.04 0 0 23.72 -41.73 1.05 -0.93 7.12 -0 -0 -11.72 -28.5 -4.8
-12.5 30.4 -9.8 -110.06 83.85 281.06 0 0 0 -14.21 -5.72 -26.58 3.57 11.56 34.21 3.18 -14.29 -32.34 0.12 2.24 6.16 0 0 0 25.58 12.34 -22.26 -3.03 -10.75 31.43 -3.48 -3.19 -36.49 -0.01 -0.76 2.08 1.71 -0.52 21.47 2 0.38 8.93 1.07 0.44 -2.29 -2.86 0.82 -2.47 4.53 1.97 -14.05 1.96 1.11 -4.28 -0 0 0 -76.59 -17.63 43.88 39.27 -47.63 -17.9 -0 -0 37.15 41.34 -28.35 -22.67 -7.12 0 -0 6.15 -5.54 -6.75 -0 0 0 78.04 20.2 47.76 -40.59 48.42 -18.88 0 0 23.61 -41.71 -0.15 0.13 7.12 -0 -0 -11.9 -30.06 -4.42
-12.52 30.39 -9.8 -103.63 83.78 288.52 0 0 0 -14.32 -5.71 -27.67 3.57 11.56 34.21 3.39 -11.51 -33.31 0 0.32 0.89 0 0 0 25.3 13.24 -23.32 -3.06 -10.8 31.6 -3.54 -2.62 -36.62 -0.04 -1.3 3.56 1.78 0.03 20.26 2.34 1.04 8.53 1.25 0.73 -2.12 -3.61 -0 -1.57 4.16 0.64 -12.94 2.01 0.45 -3.99 0 0 0 -77.95 -17.75 44.75 38.7 -47.28 -17.48 -0 -0 37.41 41.7 -28.57 -23.07 -7.12 0 -0 6.29 -5.92 -6.95 0 0 0 77.37 20.1 47.01 -40.1 48.13 -18.51 0 0 23.87 -41.63 -0.08 0.07 7.12 -0 -0 -11.83 -29.98 -4.42
-12.53 30.4 -9.79 -102.88 84.4 288.77 0 0 0 -14.71 -7.12 -26.62 3.55 11.53 34.1 3.25 -13.06 -32.63 0.17 2.64 7.29 0 0 0 24.59 13.51 -22.84 -3.09 -10.83 31.72 -3.47 -3.32 -36.52 -0.03 -1.03 2.84 0.89 -0.42 20.71 1.86 0.3 8.76 1.4 0.37 -2.1 -0.64 2.37 -2.92 0.58 3.39 -7.94 0.26 1.77 -2 0 0 0 -77.23 -18.16 43.12 37.88 -46.76 -16.88 -0 -0 37.51 41.65 -28.52 -23 -7.12 0 -0 6.27 -5.85 -6.92 0 0 0 77.93 20.79 48.99 -39.79 47.94 -18.28 0 0 23.45 -42.53 1.01 -0.93 7.12 -0 -0 -12.33 -28.51 -5.06
-12.55 30.41 -9.8 -103.44 83.91 288.5 0 0 0 -14.26 -6.58 -27.11 3.49 11.45 33.83 3.22 -11.81 -32.45 0.03 1.1 3.02 0 0 0 25.07 13.47 -23.49 -3.18 -10.98 32.22 -3.48 -2.9 -36.41 -0.04 -1.32 3.62 1.13 -0.32 20.62 2.35 0.49 8.61 1.74 0.45 -2.22 -0.36 2.41 -4.95 -0.42 3.31 -3.68 -0.03 1.7 -0.31 0 0 0 -77.74 -18.22 43.48 37.67 -46.63 -16.72 -0 -0 37.48 41.62 -28.28 -22.83 -7.12 0 -0 6.32 -5.57 -6.95 0 0 0 77.14 21.06 48.43 -39.41 47.71 -18 0 0 24.87 -41.28 1.7 -1.5 7.12 -0 -0 -11.28 -27.65 -4.84
-12.57 30.42 -9.8 -117.87 84.77 273.44 0 0 0 -15.21 -8.52 -25.84 3.43 11.36 33.52 3.23 -9.94 -32.47 0 0.43 1.17 0 0 0 24.15 12.62 -23.4 -3.25 -11.09 32.59 -3.57 -2.62 -36.73 -0.1 -2.08 5.72 1.18 -0.92 21.27 2.08 -0.22 9.04 1.59 0.14 -2.07 -0.03 2.41 -7.63 -0.76 3.28 0.51 -0.11 1.64 1.45 -0 0 0 -77.32 -19.18 43.58 37.34 -46.41 -16.49 -0 -0 37.14 41.32 -28.08 -22.48 -7.12 0 -0 6.2 -5.23 -6.78 -0 0 0 77.4 21.77 47.23 -39.48 47.76 -18.05 0 0 27.47 -39.58 1.74 -1.43 7.12 -0 -0 -9.99 -27.68 -4.27
-12.56 30.41 -9.78 -101.95 84.41 288.78 0 0 0 -14.99 -6.1 -25.95 3.51 11.48 33.91 3.22 -11.18 -32.4 0.02 0.81 2.23 0 0 0 24.78 13.23 -22.36 -3.21 -11.03 32.39 -3.47 -2.75 -36.27 -0.07 -1.65 4.54 0.48 -0.34 21.33 2.14 0.41 9.4 1.91 0.43 -1.72 -0.7 2.41 -10.05 -0.59 3.36 4.88 0.13 1.63 3.35 0 0 0 -77.14 -19.36 43.35 37.44 -46.48 -16.56 -0 -0 37.23 41.04 -28.26 -22.4 -7.12 0 -0 6 -5.32 -6.57 0 0 0 77.69 22.21 47.43 -39.11 47.54 -17.78 0 0 27.1 -40.24 2.22 -1.88 7.12 -0 -0 -10.42 -27.04 -4.62
-12.56 30.43 -9.78 -102.15 84.44 288.65 0 0 0 -14.88 -7.5 -25.8 3.57 11.57 34.23 3.27 -8.23 -32.77 0.01 -0.57 -1.58 0 0 0 24.53 14.27 -22.2 -3.24 -11.07 32.53 -3.68 -1.18 -36.79 -0.38 -3.93 10.89 0.73 -0.03 20.93 2.36 0.87 9.61 1.9 0.66 -1.31 -1.53 1.85 -12.36 -0.41 2.81 9.47 0.33 1.29 4.85 -0 -0 0 -77.56 -20.18 44.4 37.41 -46.46 -16.54 -0 -0 36.82 40.53 -29.33 -22.73 -7.12 0 -0 5.45 -6.35 -6.05 -0 -0 0 75.88 22.13 46.66 -40.01 48.08 -18.45 0 0 26.51 -39.74 1.45 -1.2 7.12 -0 -0 -10.14 -28.05 -4.24
-12.6 30.43 -9.75 -94.45 83.82 296.24 0 0 0 -14.55 -4.74 -27.05 3.68 11.73 34.77 3.15 -10.91 -32.04 0 0.35 0.97 0 0 0 25.17 14.55 -22.31 -3.3 -11.17 32.86 -3.36 -3.28 -35.94 -0.06 -1.59 4.38 0.46 0.48 21.25 2.58 1.49 9.61 2.15 0.96 -1.5 -1.71 1.6 -13.5 -0.5 2.61 13.33 0.36 1.14 6.25 0 0 0 -77.39 -20.01 45.2 38.48 -47.15 -17.32 -0 -0 36.34 40.31 -27.94 -21.68 -7.12 0 -0 5.67 -4.68 -6.15 0 0 0 76.55 22.7 47.07 -38.94 47.43 -17.66 0 0 26.29 -42.83 -1.68 1.55 7.12 -0 -0 -13.03 -32.08 -4.22
-12.65 30.47 -9.77 -99.17 84.2 291.12 0 0 0 -14.83 -5.29 -27.03 3.78 11.87 35.26 2.95 -10.83 -31 0.01 0.61 1.67 0 0 0 25.11 13.12 -22.74 -3.29 -11.15 32.78 -2.89 -5.7 -34.48 -0 0.38 -1.03 0.17 -0.47 22.03 1.89 0.22 9.78 1.86 0.35 -1.65 -0.11 2.31 -13.8 -0.95 3.43 16.37 0.06 1.56 7.32 -0 0 0 -74.66 -19.19 43.56 40.02 -48.08 -18.45 -0 -0 35.27 40.41 -27.39 -21.39 -7.12 0 -0 5.86 -4.1 -6.29 -0 0 0 77.58 23.62 49.01 -39.05 47.5 -17.73 0 0 26.93 -42.22 -0.42 0.38 7.12 -0 -0 -12.34 -30.41 -4.49
-12.73 30.53 -9.8 -106.42 84.51 283.63 0 0 0 -15 -7.46 -26.45 3.73 11.8 35.01 2.78 -10.22 -30.04 0.03 1.1 3.01 0 0 0 24.45 13.72 -22.89 -3.39 -11.3 33.29 -3.11 -3.16 -34.59 -0.2 -2.89 7.98 0.59 -0.67 22.83 2.07 0.11 9.89 1.84 0.32 -1.92 -0.79 1.77 -12.95 -0.91 2.92 18.58 0.15 1.29 7.88 -0 -0 0 -74.55 -19.9 44.74 40.55 -48.39 -18.85 -0 -0 34.58 40.77 -27.09 -21.44 -7.12 0 -0 6.14 -3.88 -6.57 -0 -0 0 77.24 24.17 47.99 -39.19 47.58 -17.84 0 0 27.92 -41.11 -2.74 2.39 7.12 -0 -0 -11.82 -33.44 -3.41
-12.84 30.61 -9.82 -101.11 84.34 289.63 0 0 0 -14.87 -5.98 -28.35 3.75 11.83 35.12 2.51 -10.81 -28.53 0.02 0.87 2.4 0 0 0 24.27 14.4 -24.09 -3.4 -11.32 33.37 -2.94 -3.62 -33.85 -0.1 -2.05 5.64 -0.38 -0.08 22.91 3.12 0.73 9.98 3.38 0.57 -1.89 -2.52 1.16 -10.73 -1.21 2.56 19.52 0.28 0.99 7.78 -0 -0 0 -76.6 -21.51 45.07 40.34 -48.27 -18.69 -0 -0 34.6 40.08 -26.66 -20.68 -7.12 0 -0 5.85 -3.14 -6.19 -0 -0 0 75.02 25.63 46.67 -38.49 47.15 -17.33 0 0 27.21 -41.93 0.07 -0.06 7.12 -0 -0 -12.03 -29.77 -4.56
-12.96 30.68 -9.81 -102.38 83.56 288.69 0 0 0 -13.68 -6.47 -29.42 3.85 11.96 35.61 2.38 -10.89 -27.78 0.04 1.35 3.71 0 0 0 24.77 15.93 -24.27 -3.35 -11.24 33.09 -2.86 -4.07 -33.58 -0.07 -1.76 4.83 -0.15 0.04 23.26 3.11 0.97 10.36 3.18 0.71 -1.67 -1.16 0.82 -8.69 -1.7 1.98 20.16 -0.17 0.8 7.64 -0 -0 0 -76.46 -23.2 43.81 40.22 -48.2 -18.61 -0 -0 35.92 39.96 -27.22 -20.97 -7.12 0 -0 5.65 -3.73 -6.03 -0 -0 0 74.89 26.68 45.92 -40.27 48.23 -18.64 0 0 29.03 -39.26 0.11 -0.09 7.12 -0 -0 -9.96 -29.76 -3.75
-13.11 30.75 -9.84 -109.41 83.78 281.58 0 0 0 -13.76 -6.21 -30.38 3.87 11.98 35.67 1.92 -13.86 -25.3 0.25 3.21 8.87 0 0 0 24.48 15.07 -25.14 -3.42 -11.35 33.46 -2.85 -3.81 -33.42 -0.07 -1.75 4.82 0.17 0.18 24.07 3.31 1.3 10.77 3.14 0.9 -1.63 -3.11 -0.12 -6.92 -0.43 0.8 20.9 0.47 0.24 7.55 -0 0 0 -76.99 -25.35 44.44 40.42 -48.32 -18.76 -0 -0 36.27 39.89 -27.38 -21.03 -7.12 0 -0 5.57 -3.9 -5.96 -0 0 0 74.84 28.11 43.35 -39.94 48.03 -18.39 0 0 28.4 -39.25 0.96 -0.79 7.12 -0 -0 -9.84 -28.68 -3.96
-13.29 30.79 -9.84 -112.01 84.28 278.88 0 0 0 -14.69 -5.24 -31.11 3.74 11.81 35.07 1.93 -11.78 -25.09 0.01 -0.48 -1.31 0 0 0 23.72 14.95 -26.25 -3.74 -11.8 35.04 -2.73 -4.76 -33.16 -0.05 -1.42 3.89 -0.81 -0.06 25.02 3.74 0.88 11.1 4.28 0.67 -1.7 -9.58 -4.18 -7.36 3.39 -4.43 22.11 2.34 -2.39 8.39 0 -0 0 -77.78 -26.46 43 41.48 -48.92 -19.54 -0 -0 36.91 39.65 -26.9 -20.55 -7.12 0 -0 5.54 -3.26 -5.88 0 -0 0 72.01 28.94 44.72 -42.97 49.74 -20.68 0 0 26.99 -38.54 -3.3 2.63 7.12 -0 -0 -9.79 -34.08 -2.66
-13.47 30.83 -9.85 -120.15 84.03 270.5 0 0 0 -14.65 -5.1 -31.68 3.71 11.76 34.89 1.8 -13.02 -24.37 0 0.12 0.33 0 0 0 23.94 14.5 -27.14 -4.27 -12.51 37.56 -2.71 -6.11 -33.7 -0.1 -2.06 5.66 -1.53 -1.23 25.65 4.06 -0.64 11.75 5.45 -0.1 -1.12 -11.76 -3.23 -5.46 3.29 -2.97 21.64 2.83 -1.88 7.84 -0 -0 0 -75.77 -26.79 39.92 44.51 -50.52 -21.86 -0 -0 35.07 37.98 -26.18 -19.01 -7.12 0 -0 4.75 -1.88 -4.92 -0 -0 0 72.83 32.24 47.03 -42.62 49.55 -20.41 0 0 27.72 -37.89 -2.74 2.13 7.12 -0 -0 -9.2 -33.35 -2.66
-13.66 30.87 -9.85 -121.66 84.99 268.08 0 0 0 -15.84 -5.23 -30.92 3.59 11.59 34.29 1.62 -14.84 -23.6 0.24 3.18 8.78 0 0 0 22.96 13.56 -27.75 -5.18 -13.58 41.58 -2.5 -6.78 -32.83 -0.11 -2.16 5.95 -3.04 -1.03 26.69 4.49 -0.63 12.26 6.83 -0.15 -0.98 -15.36 -2.99 -3.39 4.08 -2.56 21.83 3.75 -1.89 7.6 -0 -0 0 -77.73 -28.32 37.87 44.81 -50.68 -22.09 -0 -0 36.27 37.26 -28.05 -19.68 -7.12 0 -0 3.92 -3.75 -4.18 -0 -0 0 69.36 32.86 46.63 -45.46 50.99 -22.59 0 0 24.43 -38.93 -2.74 2.21 7.12 -0 -0 -10.04 -33.37 -2.9
-13.88 30.9 -9.81 -131.7 83.4 258.36 0 0 0 -14.51 -4.91 -32.87 3.67 11.7 34.69 1.49 -15.17 -22.82 0.06 1.56 4.29 0 0 0 24.39 12.51 -29.91 -6.15 -14.57 45.57 -1.6 -8.86 -28.55 -0.09 -1.98 5.44 -0.93 -2.43 27.17 2.08 -2.05 12.04 3.34 -0.68 -1.48 -9.53 -2.42 -1.09 3.27 -2.45 22.21 2.54 -1.47 7.15 -0 -0 0 -70.5 -28.26 35.15 46.76 -51.6 -23.61 -0 -0 35.68 36.49 -26.65 -18.36 -7.12 0 -0 3.78 -1.94 -3.92 -0 -0 0 75.28 33.28 49.07 -47.65 52 -24.31 0 0 24.29 -38.72 -3.14 2.51 7.12 -0 -0 -9.92 -33.87 -2.74
-14.12 30.9 -9.78 -141.3 82.88 248.67 0 0 0 -14.54 -4.93 -35.04 4.03 12.19 36.42 1.26 -16.25 -21.57 0.05 1.46 4.01 0 0 0 24.13 12.26 -31.23 -7.11 -15.42 49.29 -0.95 -7.84 -22.83 -0.63 -5.06 14.09 1.56 -0.97 27.33 1.9 0.43 12.29 1.05 0.66 -1.42 -7.35 -4.86 0.44 4.27 -6.04 23.44 2.29 -2.89 7.48 0 -0 0 -69.78 -32.34 42.74 49.49 -52.79 -25.76 -0 -0 33.83 34.83 -25.64 -16.76 -7.12 0 -0 3.02 -0.3 -3.04 0 -0 0 72.3 31.44 39.84 -51.36 53.53 -27.27 0 0 23.89 -37.51 -3.19 2.45 7.12 -0 -0 -8.93 -33.9 -2.46
-14.34 30.89 -9.73 -148.85 83.3 240.14 0 0 0 -14.85 -5.95 -35.98 4.65 12.97 39.27 0.56 -19.57 -18.14 1.04 6.48 18.18 0 0 0 22.99 10.96 -31.06 -7.48 -15.72 50.66 -0.24 -8.93 -16.41 -1.69 -8.18 23.27 1.29 -0.78 27.75 1.77 0.76 13.32 0.98 0.88 -0.47 -7.93 -5.29 0.21 4.3 -6.53 23.86 2.36 -3.16 7.73 -0 -0 0 -69.33 -35.17 43.27 51.78 -53.69 -27.6 -0 -0 33.15 33.26 -25.09 -15.54 -7.12 0 -0 2.2 0.76 -2.17 -0 -0 0 70.66 32.74 36.92 -52.75 54.05 -28.39 0 0 24.99 -37.84 -2.76 2.14 7.12 -0 -0 -9.16 -33.37 -2.64
-14.64 30.74 -9.64 -151.97 80.62 236.85 0 0 0 -12.58 -6.19 -40.74 5.94 14.37 44.74 0.78 -18.72 -19.29 0.09 1.96 5.38 0 0 0 25.03 10.49 -31.15 -7.19 -15.49 49.59 0.4 -12.37 -10.21 -0.29 -3.46 9.57 1.56 -1.35 28.37 2.67 0.21 13.2 1.97 0.6 -0.87 -7.16 -5.24 1.12 3.24 -6.27 24.6 1.93 -3.04 7.74 -0 -0 0 -69.44 -36.27 40.84 52.82 -54.07 -28.44 -0 -0 34.1 32.47 -24.08 -14.55 -7.12 0 -0 1.9 2.08 -1.83 -0 -0 0 71.33 34.33 36.41 -54.06 54.51 -29.45 0 0 23.04 -34.05 -0.35 0.24 7.12 -0 -0 -5.92 -30.38 -2.12
-14.91 30.61 -9.57 -154.62 80.7 233.82 0 0 0 -12.12 -6.63 -43.61 7.07 15.39 49.13 0.4 -21.23 -17.89 0.62 5.02 13.98 0 0 0 24.78 8.57 -30.68 -6.4 -14.8 46.55 0.29 -9.79 -6.32 -0.83 -5.82 16.25 1.14 -1.91 28.34 1.38 -0.56 13.89 1.01 0.29 -0.06 -6.27 -4.61 -0.01 3.52 -5.48 25.66 1.9 -2.57 8.22 -0 -0 0 -65.53 -37.74 37.4 55.27 -54.91 -30.43 -0 -0 33.36 30.18 -24.93 -13.77 -7.12 0 -0 0.38 1.72 -0.37 -0 -0 0 72.9 35.99 37.17 -57.57 55.63 -32.33 0 0 22.38 -31.75 -2.99 1.85 7.12 -0 -0 -4.2 -33.47 -1.19
-15.16 30.41 -9.45 -154.88 80.18 232.97 0 0 0 -11.25 -6.51 -46.54 8.36 16.38 53.85 0.66 -21.11 -19.61 0.29 3.49 9.63 0 0 0 25.24 8.33 -28.77 -5.16 -13.56 41.49 0.38 -10.78 -3.65 -0.79 -5.67 15.82 -0.52 -1.89 28.54 2.04 -0.86 14 2.76 0.03 0.03 -8.15 -3.89 0.82 3.86 -4.44 25.94 2.43 -2.23 8.18 -0 0 0 -64.37 -37.9 35.12 58.9 -56.01 -33.42 -0 -0 32.31 27.83 -23.72 -11.99 -7.12 0 -0 -0.86 3.56 0.81 -0 0 0 72.04 36.64 37.7 -61.04 56.58 -35.21 0 0 21.75 -29.8 -3.89 2.23 7.12 -0 -0 -2.62 -34.45 -0.68
-15.46 30.17 -9.43 -157.97 79.34 228.95 0 0 0 -10.37 -8.2 -49.01 9.85 17.33 58.99 0.9 -20.28 -20.75 0.15 2.52 6.95 0 0 0 25.32 7.1 -26.45 -3.7 -11.75 34.87 0.31 -11.43 2.08 -1.26 -7.12 20.08 1.46 -1.53 28.83 2.12 0.13 14.11 1.46 0.65 -0.04 -9.17 -5.26 1.85 5.58 -6.6 25.76 3.05 -3.19 8.18 -0 -0 0 -65.21 -40.74 38.2 60.64 -56.48 -34.87 -0 -0 31.65 26.55 -22.82 -10.97 -7.12 0 -0 -1.53 4.8 1.4 -0 -0 0 69.14 36.29 32.08 -63.77 57.23 -37.49 0 0 21.11 -27.35 -5.85 3.02 7.12 -0 -0 -0.54 -36.56 -0.11
-15.76 29.89 -9.37 -154.4 78.34 231.97 0 0 0 -8.18 -8.62 -52.45 11.38 18.11 63.99 0.79 -21.21 -20.54 0.29 3.48 9.61 0 0 0 26.43 7.88 -24.15 -2.54 -9.91 28.7 0.51 -14.89 3.09 -1.8 -8.44 24.07 2.53 -1.27 28.86 2.59 0.72 13.89 1.18 0.97 -0.31 -8.59 -5.41 2.45 5.1 -6.72 25.91 2.8 -3.21 8.1 0 0 0 -66.32 -42.92 38.5 62.64 -56.97 -36.55 -0 -0 31.11 20.86 -24.49 -8.98 -7.12 0 -0 -5.23 4.08 4.87 0 0 0 68.27 35.71 29.78 -67.62 58.02 -40.75 0 0 20.25 -27.59 -4.57 2.38 7.12 -0 -0 -0.78 -35.13 -0.19
-16.03 29.63 -9.31 -157.03 78.04 227.55 0 0 0 -8.02 -9.38 -53.37 12.58 18.62 67.81 0.87 -22.06 -21.42 0.24 3.15 8.69 0 0 0 25.69 8.46 -20.98 -1.77 -8.36 23.81 0.55 -15.96 4.05 -1.11 -6.7 18.83 2.63 -1.44 29.72 2.19 0.59 13.84 0.72 0.94 -0.74 -8.31 -5.49 3.22 5.63 -6.94 26.28 2.94 -3.25 8.11 -0 0 0 -63.62 -43.41 37.78 67.08 -57.92 -40.29 -0 -0 29.06 18.1 -22.46 -7.12 -7.12 0 -0 -6.78 6.61 6 -0 0 0 68.54 36.33 28.02 -69.55 58.36 -42.39 0 0 19.58 -25.63 -5.2 2.49 7.12 -0 -0 0.88 -35.75 0.2
-16.35 29.29 -9.23 -153.49 77.25 230.24 0 0 0 -5.98 -9.42 -56.1 14.08 19.14 72.46 1.08 -23.31 -23.28 0.31 3.58 9.9 0 0 0 27.08 8.47 -19.1 -1.21 -6.98 19.67 0.54 -16.16 4.56 -0.99 -6.35 17.79 1.91 -0.92 29.02 3.29 1.05 13.61 2.21 1.08 -0.73 -8.45 -5.66 4.47 4.73 -6.98 26.25 2.69 -3.34 7.87 -0 -0 0 -67.04 -45.59 37.18 64.88 -57.48 -38.43 -0 -0 30.12 15.34 -23.4 -6.22 -7.12 0 -0 -8.56 6.04 7.7 -0 -0 0 68.18 37.91 26.48 -69.46 58.34 -42.31 0 0 19.29 -23.35 -4.54 1.96 7.12 -0 -0 2.74 -34.92 0.68
-16.7 28.97 -9.12 -156.34 77.22 225.5 0 0 0 -6.4 -9.05 -57.3 15.25 19.45 76 2.05 -20.75 -27.69 0 -0.38 -1.05 0 0 0 26.92 7.21 -17.8 -1.03 -6.45 18.11 0.43 -15.05 4.86 -0.68 -5.29 14.73 0.88 -0.89 30.52 2.45 0.78 12.86 1.93 0.91 -2.24 -5.49 -5.81 6.03 3.96 -7.07 26.77 1.98 -3.17 7.63 0 0 0 -64.41 -45.76 35.28 66.95 -57.89 -40.18 -0 -0 27.91 10.39 -24.08 -4.28 -7.12 0 -0 -11.64 5.96 10.59 0 0 0 71.35 37.77 26.68 -72.67 58.83 -45.05 0 0 19.31 -20.6 -5.69 2.14 7.12 -0 -0 5.13 -36.02 1.14
-17.02 28.71 -9.04 -163.7 78.63 216.6 0 0 0 -7.44 -9.62 -57.9 16.33 19.67 79.21 -0.02 -29.7 -20.93 1.2 6.96 19.59 0 0 0 24.86 6.95 -16.02 -0.88 -5.98 16.73 0.66 -16.62 3.01 -1.03 -6.45 18.08 -0.08 -0.63 30.45 1.35 0.77 12.86 1.28 0.91 -2.2 -6.95 -6.1 6.24 5.4 -7.67 27.5 2.68 -3.46 8 -0 -0 0 -63.49 -48.13 35.57 67.89 -58.07 -40.98 -0 -0 26.8 7.83 -21.15 -2.84 -7.12 0 -0 -13.19 9.09 11.25 -0 -0 0 71.51 38.34 25.18 -75.6 59.2 -47.57 0 0 18.19 -19.16 -6.68 2.32 7.12 -0 -0 6.44 -36.98 1.28
-17.42 28.26 -8.89 -159.97 76.3 218.74 0 0 0 -5.35 -8.77 -61.42 17.93 19.9 83.93 2.28 -24.86 -30.22 0 -0.06 -0.15 0 0 0 27.58 5.77 -16.6 -1.08 -6.6 18.52 0.7 -16.27 1.51 -1.53 -7.81 22.15 1.47 -1.4 30.96 1.43 0.25 12.54 0.63 0.72 -2.78 -6.36 -6.08 6.23 5.68 -7.69 28.01 2.68 -3.39 8.16 0 0 0 -62.94 -50.26 34.37 66.85 -57.87 -40.09 -0 -0 26.76 4.71 -20.54 -1.66 -7.12 0 -0 -15.15 9.93 12.78 0 0 0 73.01 40.81 24.89 -74.38 59.06 -46.51 0 0 17.19 -17.54 -8.06 2.54 7.12 -0 -0 8.01 -38.31 1.33
-17.78 27.95 -8.77 -159.48 75.81 217.43 0 0 0 -4.39 -9.31 -62.49 18.97 19.97 86.99 2.06 -26.55 -29.8 0.09 1.96 5.39 0 0 0 29.25 3.13 -16.28 -1.18 -6.9 19.41 0.28 -9.67 -0.54 -0.84 -5.86 16.38 1.54 -1.33 31.07 1.48 0.34 12.21 0.61 0.75 -3.2 -7.36 -6.92 6.54 6.52 -8.92 29.27 3.08 -3.97 8.74 0 0 0 -62.16 -52.44 32.9 65.49 -57.6 -38.95 -0 -0 25.64 1.17 -20.82 -0.41 -7.12 0 -0 -17.35 9.87 14.83 0 0 0 74.07 43.13 23.46 -72.53 58.81 -44.93 0 0 17.23 -14.57 -9.43 2.44 7.12 -0 -0 10.77 -39.49 1.48
-18.19 27.62 -8.59 -160.29 75.12 214.74 0 0 0 -3.2 -9.31 -64.21 20.05 20 90.13 1.91 -28.34 -29.89 0.11 2.17 5.97 0 0 0 30.22 5.09 -15.34 -1.53 -7.82 22.17 0.13 -9.08 -10.08 -1.36 -7.37 20.83 0.79 -1.08 31.88 1.55 0.52 12.24 1.05 0.83 -3.53 -5.41 -8.09 5.02 5.28 -10.2 31.04 2.19 -4.39 9.59 -0 -0 0 -61.89 -55.97 31.96 62.14 -56.85 -36.13 -0 -0 25.42 -0.42 -19.25 0.14 -7.12 0 -0 -18.42 11.44 15.23 -0 -0 0 73.3 44.5 22.2 -74.62 59.09 -46.72 0 0 15.87 -12.94 -12.25 2.79 7.12 -0 -0 12.82 -42.18 0.91
-18.51 27.36 -8.47 -156.3 73.71 216.48 0 0 0 1.85 -9.71 -65.05 21.34 19.96 93.92 -5.45 -41.54 -3.56 5.3 13.72 42.11 0 0 0 32.4 5.4 -14.16 -1.72 -8.26 23.52 -0.09 -9.39 -14.78 -1.26 -7.13 20.09 2.11 -1.65 32.19 2.21 0.27 12.12 1.12 0.74 -3.8 -7.37 -7.17 7.11 6.29 -9.2 29.4 3.01 -4.11 8.71 0 0 0 -64.05 -58.39 31.72 58.58 -55.92 -33.16 -0 -0 25.65 -2.93 -18.63 0.94 -7.12 0 -0 -20.01 12.11 16.43 0 0 0 73.5 46.69 22.57 -72.85 58.86 -45.21 0 0 13.87 -12.26 -14.75 3.17 7.12 -0 -0 14.1 -44.58 0.15
-18.92 27.08 -8.29 -158.74 73.96 212.77 0 0 0 -0.75 -8.88 -68.34 22.21 19.88 96.48 0.69 -30.56 -25.18 0.31 3.56 9.83 0 0 0 32.07 6.41 -15.73 -2.32 -9.51 27.39 -0.49 -8.55 -18.97 -1.39 -7.46 21.08 3.18 -2.13 32.92 0.3 -0.14 11.9 -1.5 0.61 -4.38 -5.63 -6.36 6.75 7.09 -8.29 29.13 3.04 -3.44 8.54 -0 -0 0 -61.56 -62.11 30.33 52.75 -54.05 -28.39 -0 -0 26.07 -5.14 -18.98 1.68 -7.12 0 -0 -21.33 11.82 17.82 -0 -0 0 77.21 49.3 21.51 -70.09 58.45 -42.84 0 0 15.05 -9.53 -13.78 2.29 7.12 -0 -0 16.23 -43.34 0.69
-19.26 26.95 -8.15 -153.99 72.56 215.93 0 0 0 2.49 -8.22 -71.23 23.02 19.78 98.86 -1.45 -33.33 -16 0.82 5.77 16.11 0 0 0 34.51 4.94 -15.97 -2.35 -9.56 27.56 -0.77 -6.95 -20.57 -2.02 -8.91 25.52 4.27 -2.39 33.93 0.6 0.01 11.57 -1.68 0.71 -4.56 -2.22 -6.93 6.59 4.9 -8.61 29.21 1.69 -3.4 8.36 -0 -0 0 -56.91 -64.9 26.54 48.35 -52.31 -24.86 -0 -0 25.22 -5.55 -20.13 1.91 -7.12 0 -0 -21.47 10.75 18.47 -0 -0 0 80.05 52.84 20.95 -65.8 57.67 -39.2 0 0 16.26 -7.13 -12.76 1.58 7.12 -0 -0 18 -42.11 1.33
-19.57 26.84 -8.05 -148.91 73.92 219.87 0 0 0 3.19 -5.26 -72.94 23.47 19.71 100.2 -0.94 -31.49 -17.15 0.05 1.51 4.14 0 0 0 35.08 5.52 -15.76 -2.43 -9.7 28.03 -0.88 -5.59 -20.64 -2.17 -9.22 26.49 3.39 -1.55 35.05 0.89 0.86 11.51 -1.21 1.09 -5 -5.24 -6.52 5.04 6.96 -8.49 30.62 2.89 -3.42 9.37 0 -0 0 -53.16 -66.94 23.12 44.25 -50.4 -21.66 -0 -0 24.29 -5.35 -19.83 1.82 -7.12 0 -0 -21.38 11.03 18.25 0 -0 0 79.93 55.82 21.11 -62.25 56.88 -36.22 0 0 16.49 -5.2 -14.14 1.27 7.12 -0 -0 20.11 -43.22 0.92
-19.87 26.85 -8.06 -148.21 73.18 220.63 0 0 0 4.01 -6.04 -74.92 23.68 19.67 100.81 -1.15 -30.31 -14.75 0.07 1.67 4.58 0 0 0 35.34 3.77 -17.53 -2.32 -9.5 27.37 -0.86 -3.01 -18.81 -2.26 -9.38 26.99 5.8 -3.03 34.64 0.66 -0.19 11.86 -2.34 0.68 -4.5 -10.37 -6.15 2.96 10.63 -8.66 31.64 5.08 -3.71 10.58 -0 0 0 -44.96 -67.8 16.58 42.2 -49.32 -20.09 -0 -0 23.41 -1.69 -18.96 0.55 -7.12 0 -0 -19.22 11.76 15.84 -0 0 0 80.04 59.83 22.47 -56.92 55.43 -31.79 0 0 16.39 -5.42 -13.9 1.31 7.12 -0 -0 19.84 -43.02 1.01
-20.1 26.93 -8.06 -142.96 74.6 226.03 0 0 0 4.71 -3.8 -74.7 24.06 19.6 101.95 -1.06 -29.28 -14.26 0.27 3.34 9.23 0 0 0 35.2 5.21 -17.01 -2.1 -9.08 26.05 -0.79 -1.51 -17.45 -2.98 -10.66 31.15 4.29 -1.43 34.89 1.93 1.42 12.05 -0.78 1.39 -4.34 -5.86 -7.13 4.19 7.07 -9.46 29.27 2.91 -3.98 9.13 0 -0 0 -47.73 -68.2 16.83 43.54 -50.03 -21.11 -0 -0 26.37 3.09 -19.66 -1.04 -7.12 0 -0 -16.2 10.88 13.42 0 -0 0 74.67 62.86 19.08 -51.65 53.64 -27.5 0 0 16.14 -6.03 -12.76 1.34 7.12 -0 -0 18.94 -42.01 1.45
-20.31 27.05 -8.08 -145.88 75.94 223.46 0 0 0 2.74 -4.71 -72.54 24.54 19.5 103.39 0.85 -21.66 -21.09 0 0.24 0.66 0 0 0 33.32 5.77 -17.42 -1.96 -8.77 25.09 -0.63 -3.01 -16.39 -2.39 -9.64 27.83 3.11 -1.77 34.66 1.78 0.59 12.26 -0.03 0.97 -4.07 -3.66 -6.34 3.72 5.47 -8.15 29.22 2.06 -3.28 8.92 0 0 0 -46.55 -63.24 17.95 50.27 -53.1 -26.39 -0 -0 30.92 13.95 -18.47 -4.5 -7.12 0 -0 -9.25 11.18 7.38 0 0 0 75.66 66.08 22.36 -47.34 51.87 -24.07 0 0 15.73 -6.71 -13.51 1.57 7.12 -0 -0 18.6 -42.79 1.05
-20.47 27.15 -8.2 -139.09 76.22 231.04 0 0 0 3.61 -4.1 -70.48 25.14 19.36 105.17 1.09 -17.47 -20.84 0.07 1.75 4.82 0 0 0 33.88 5.49 -18.52 -1.8 -8.44 24.06 -0.47 -2.09 -13.84 -1.86 -8.57 24.47 4.46 -2.44 34.23 2.4 0.17 12.23 0.06 0.76 -3.94 -4.24 -5.69 2.8 4.58 -7.08 29.39 1.9 -2.91 9.08 -0 0 0 -52.12 -57.8 22.21 56.83 -55.4 -31.71 -0 -0 27.82 36.78 -24.86 -17.44 -7.12 0 -0 4.33 0.01 -4.34 -0 0 0 76.34 69.67 26.45 -43.01 49.75 -20.71 0 0 15.29 -7.48 -14.17 1.84 7.12 -0 -0 18.14 -43.5 0.7
-20.65 27.2 -8.32 -142.46 78.52 228.39 0 0 0 0.86 -5.12 -66.29 24.91 19.41 104.49 0.69 -14.73 -16.9 0.48 4.43 12.3 0 0 0 31.11 5.36 -20.59 -1.94 -8.73 24.97 -0.41 -1.01 -12.52 -2.03 -8.93 25.58 3.97 -2.25 34.43 1.67 0.19 12.23 -0.45 0.77 -4.02 -2.26 -6.45 2.59 4.16 -8.2 28.52 1.33 -3.3 8.75 -0 -0 0 -56.29 -53.81 31.22 63.89 -57.26 -37.6 -0 -0 24.3 63.43 -31.12 -45.93 -7.12 0 -0 16.96 -21.59 -22.77 -0 -0 0 73.17 71.95 24.62 -40.86 48.57 -19.08 0 0 15.27 -7.57 -14.51 1.91 7.12 -0 -0 18.18 -43.83 0.54
-20.79 27.24 -8.44 -141.49 80.05 230.24 0 0 0 -1.38 -6.67 -61.49 23.88 19.64 101.4 0.38 -8.89 -11.79 0.13 2.34 6.45 0 0 0 29.3 8.37 -21.22 -2.01 -8.89 25.46 -0.38 -2.67 -12.95 -2.16 -9.2 26.42 2.39 -2.8 34.15 2.65 -0.98 12.26 1.79 0.12 -3.89 -5.36 -5.29 2.21 4.14 -6.52 28.31 1.96 -2.85 8.8 -0 0 0 -59.41 -48.11 34.1 67.19 -57.94 -40.38 -0 -0 25.9 78.26 -34.24 -69.73 -7.12 0 -0 24.08 -39.44 -35.24 -0 0 0 84.53 75.7 39.73 -38.23 46.99 -17.13 0 0 15.92 -9.15 -16.14 2.56 7.12 -0 -0 17.33 -45.57 -0.25
-20.88 27.19 -8.55 -128.86 80.75 243.51 0 0 0 -1.63 -5.18 -56.62 21.9 19.91 95.56 -0.02 -6.61 -4.09 0.21 2.97 8.2 0 0 0 29.79 8.75 -22.99 -2.27 -9.4 27.06 -0.42 -0.6 -12.41 -2.14 -9.15 26.27 1.83 -1.94 33.48 3.92 -0.03 12.62 3.09 0.52 -3.29 -6.73 -5.55 0.25 3.54 -6.64 28.3 1.92 -3.09 9.19 -0 -0 0 -64.38 -47.65 38.73 59.81 -56.26 -34.18 -0 -0 30.07 62.46 -32.16 -45.59 -7.12 0 -0 16.07 -21.99 -21.56 -0 -0 0 80.47 77.93 38.09 -37.73 46.66 -16.77 0 0 15.55 -8.17 -15.98 2.26 7.12 -0 -0 18.15 -45.3 -0.14
-21.03 27.04 -8.63 -134.39 82.73 238.02 0 0 0 -5.59 -6.46 -50.76 18.89 19.97 86.75 -0.07 -4.61 1.98 0 -0.13 -0.36 0 0 0 27.05 9.35 -26.14 -3.1 -10.86 31.81 -0.57 0.29 -14.14 -2.41 -9.66 27.9 0.6 -2.17 34.22 3.01 -0.76 12.42 3.03 0.15 -3.73 -3.45 -5.6 1.11 2.43 -6.84 26.68 1 -3.01 8.3 -0 -0 0 -65.54 -48.66 41.09 47.95 -52.13 -24.54 -0 -0 29.22 48 -27.46 -27.11 -7.12 0 -0 10.06 -7.34 -11.42 -0 -0 0 85.44 79.5 43.57 -37.49 46.51 -16.59 0 0 15.42 -6.18 -15.94 1.7 7.12 -0 -0 19.89 -45.03 -0.01
-21.15 26.81 -8.76 -128.77 83.57 244.16 0 0 0 -7.29 -7.66 -45.28 15.42 19.49 76.5 0.08 -0.6 5.69 0.94 6.18 17.3 0 0 0 25.98 10.61 -29.83 -4.2 -12.42 37.25 -0.65 -0.07 -15.29 -1.03 -6.44 18.07 0.52 -2.52 34.07 3.57 -1.2 12.34 3.81 -0.1 -3.73 -4.66 -5.03 0.39 1.58 -5.82 26.31 0.97 -2.73 8.28 -0 0 0 -69.51 -51.52 40.71 36.91 -46.13 -16.18 -0 -0 30.56 35.47 -20.03 -13.72 -7.12 0 -0 4.44 5.92 -3.97 -0 0 0 92.61 81.64 51.79 -36.38 45.77 -15.79 0 0 16.87 -2.59 -11.66 0.52 7.12 -0 -0 21.5 -40.65 2.44
-21.24 26.46 -8.83 -120.18 84.71 252.22 0 0 0 -10.16 -3.21 -40.34 11.68 18.25 64.98 0.23 -0.12 9.11 0.19 2.82 7.78 0 0 0 24.81 11.62 -32.92 -5.74 -14.17 43.92 -1.22 3.85 -19.96 -2.84 -10.43 30.36 -0.74 -2.38 34.79 3.7 -1.4 12.41 4.69 -0.24 -3.88 -4.85 -4.78 -0.17 1.21 -5.42 26.01 0.89 -2.6 8.26 0 -0 0 -68.15 -53.28 37.67 30.6 -41.41 -11.81 -0 -0 30.49 26.02 -15.4 -7.39 -7.12 0 -0 -1.08 12.94 0.81 0 -0 0 95.9 83.1 58.28 -37.27 46.37 -16.44 0 0 13.75 -2.09 -14.27 0.52 7.12 -0 -0 22.82 -43.02 1.18
-21.37 26.09 -8.93 -114.59 84.95 258.54 0 0 0 -11.3 -7.05 -34.22 7.99 16.11 52.51 0.26 7.01 9.68 0.02 0.84 2.3 0 0 0 23.57 13.33 -37.81 -7.52 -15.75 50.8 -1.31 3.88 -20.72 -2.15 -9.16 26.31 -0.53 -3.1 34.59 3.19 -2.36 11.91 4.37 -0.7 -4.28 -4.9 -4.28 -1.2 1.44 -4.79 26.56 1 -2.3 8.62 -0 -0 0 -64.26 -53.67 34.18 27.35 -38.52 -9.72 -0 -0 30.2 40.28 -17.25 -14.11 -7.12 0 -0 7.95 8.01 -6.83 -0 -0 0 127.08 83.77 87.95 -36.21 45.66 -15.67 0 0 15.47 1.55 -12.37 -0.33 7.12 -0 -0 25.18 -40.92 2.73
-21.45 25.69 -9.02 -85.98 84.37 287.24 0 0 0 -11.55 -5.06 -29.66 5.23 13.64 41.83 0.12 11.63 9.73 0.29 3.49 9.65 0 0 0 23.74 15.5 -41.17 -9.29 -16.99 57.1 -1.48 3.2 -22.22 -1.28 -7.18 20.24 -1.76 -2.67 34.31 4.01 -2.22 11.86 5.84 -0.72 -4.19 -5.21 -3.31 -0.66 -0.35 -3.11 25.63 0.59 -1.71 8.13 -0 -0 0 -62.88 -52.04 30.52 29.58 -40.53 -11.14 -0 -0 29.78 41.79 -17.09 -14.72 -7.12 0 -0 8.92 7.79 -7.73 -0 -0 0 145.8 83.24 109.82 -37.24 46.34 -16.41 0 0 13.09 2.6 -15.39 -0.69 7.12 -0 -0 27.24 -43.53 1.07
-21.53 25.27 -9.14 -76.58 84.46 296.48 0 0 0 -13.05 -3.4 -26.3 3.35 11.25 33.12 0.84 4.79 16.33 0.44 -4.25 -11.78 0 0 0 22.45 15.64 -44.78 -11.13 -18 63.22 -1.78 5.78 -24 -1.74 -8.3 23.62 -3.39 -2.95 34.29 4.73 -3.06 11.69 7.77 -1.21 -4.17 -6.79 -2.54 -0.19 -1.16 -1.82 25.13 0.69 -1.31 7.87 -0 0 0 -62.28 -48.86 26.08 32.8 -43.18 -13.29 -0 -0 31.58 43.1 -17.4 -15.64 -7.12 0 -0 9.67 7.02 -8.54 -0 0 0 163.17 80.82 128.4 -37.82 46.73 -16.84 0 0 13.32 5.14 -16.25 -1.44 7.12 -0 -0 29.74 -44 0.81
-21.62 24.9 -9.2 -63.5 82.66 309.4 0 0 0 -11.48 -7.74 -21.13 2.19 9.26 26.6 0.17 12.49 10.9 0.17 2.65 7.29 0 0 0 22.8 18.05 -46.69 -12.6 -18.63 67.88 -2.19 6.78 -26.67 -1.47 -7.65 21.66 -3.71 -1.69 33.4 5.57 -1.57 11.78 8.34 -0.54 -3.96 -8.11 -3.09 -0.49 -1 -2.33 26.39 0.92 -1.66 8.41 0 0 0 -63.5 -48.65 27.82 35.13 -44.91 -14.91 -0 -0 30.35 45.42 -17.2 -16.7 -7.12 0 -0 11.13 6.56 -9.98 0 0 0 171.22 81.71 135.8 -39.01 47.47 -17.71 0 0 12.69 8.34 -18.18 -2.62 7.12 -0 -0 33.33 -45.27 -0.25
-21.73 24.49 -9.31 -62.76 82.06 309.84 0 0 0 -11.54 -8.58 -18.66 1.57 7.91 22.45 0.14 13.14 10.84 0.41 4.09 11.32 0 0 0 22.2 18.74 -49.69 -14.3 -19.2 73.11 -2.42 7.09 -28.11 -1.26 -7.11 20.05 -3.18 -1.13 33.18 6.33 -0.64 11.78 8.56 -0.09 -4.05 -8.89 -3.51 -0.82 -0.88 -2.75 27 1.06 -1.91 8.73 0 0 0 -65.7 -50.05 29.69 37.01 -46.2 -16.25 -0 -0 28.32 43.42 -19.07 -17.18 -7.12 0 -0 9.51 4.83 -8.8 0 0 0 -179.27 82.52 144.14 -39.78 47.94 -18.27 0 0 11.87 7.22 -19.62 -2.44 7.12 -0 -0 33.17 -46.64 -1.51
-21.89 24.13 -9.39 -63 81.12 309.17 0 0 0 -10.86 -9.01 -17.35 1.36 7.39 20.89 0.05 13.97 10.36 0.62 5.03 13.98 0 0 0 22.07 19.89 -52.45 -15.82 -19.58 77.7 -2.37 7.54 -27.72 -1.37 -7.4 20.92 -2.99 -0.87 33.53 5.77 -0.35 11.25 7.77 0.08 -4.78 -6.25 -3.43 0.75 -1.15 -2.96 26.57 0.53 -1.77 8.22 0 -0 0 -62.98 -49.31 29.13 39.12 -47.54 -17.78 -0 -0 28.21 43.62 -19.69 -17.8 -7.12 0 -0 9.49 3.99 -8.94 0 -0 0 -171.33 81.19 146.26 -39.93 48.03 -18.39 0 0 16.9 15.29 -14.76 -3.99 7.12 -0 -0 37.08 -41.56 3.74
-22.05 23.75 -9.5 -58.61 81.66 313.2 0 0 0 -13.56 -4.56 -18.56 1.43 7.57 21.4 0.33 5.57 10.33 0.45 4.28 11.87 0 0 0 19.88 20.45 -55.37 -17.32 -19.83 82.13 -2.87 11.33 -30.59 -2.72 -10.23 29.73 -3.34 -0.27 33.67 6.23 0.34 11.26 8.22 0.41 -4.94 -8.4 -3.74 -0.74 -0.37 -3.22 27.16 1.11 -2.04 8.78 0 -0 0 -65.27 -50.98 30.88 41.89 -49.15 -19.86 -0 -0 28.02 42.01 -18.17 -15.69 -7.12 0 -0 8.84 6.38 -7.9 0 -0 0 -153.47 82.41 165.38 -40.31 48.25 -18.67 0 0 13.76 13.01 -18.26 -4.14 7.12 -0 -0 37.15 -44.75 0.27
-22.23 23.39 -9.63 -57.07 81.42 314.38 0 0 0 -14.95 -3.24 -19.26 1.87 8.58 24.49 0 -0.01 -0.63 0.19 2.78 7.68 0 0 0 18.92 20.39 -57.74 -18.57 -19.95 85.8 -3.17 8.49 -32.22 -0.81 -5.73 16 -3.28 -0.29 33.92 5.76 0.25 10.94 7.71 0.38 -5.36 -7.86 -3.63 -0.27 -0.54 -3.13 27.01 0.98 -1.96 8.62 0 0 0 -64.76 -51.69 29.52 43.62 -50.07 -21.18 -0 -0 28.01 39.6 -19.8 -15.65 -7.12 0 -0 7.03 5.1 -6.43 0 0 0 -144.42 81.17 171.21 -39.42 47.72 -18.01 0 0 16 18.08 -15.24 -4.9 7.12 -0 -0 39.38 -41.62 4.01
-22.4 23.11 -9.73 -52.69 80.59 318.27 0 0 0 -15.3 -3.62 -19.81 2.27 9.41 27.09 0.16 -0.99 -7.18 0.29 3.46 9.56 0 0 0 18.24 21.64 -59.1 -19.41 -19.99 88.28 -3.57 8.41 -34.34 -0.76 -5.55 15.48 -1.81 1.18 33.89 4.72 2.42 10.75 5.04 1.47 -5.74 -4.7 -5.18 0.25 0.08 -5.63 27.26 0.48 -2.75 8.59 -0 0 0 -69.22 -55.45 36.81 43.9 -50.22 -21.39 -0 -0 29.59 38.38 -19.04 -14.49 -7.12 0 -0 6.43 6.34 -5.71 -0 0 0 -118.55 82.17 -167.06 -38.54 47.18 -17.36 0 0 13.18 13.28 -22.64 -5.19 7.12 -0 -0 40.03 -48.28 -3.82
-22.55 22.89 -9.85 -54.53 79.14 315.85 0 0 0 -14.24 -4.6 -20.45 2.8 10.36 30.15 0.44 -1.86 -12.08 0.32 3.65 10.09 0 0 0 18.53 22.75 -60.36 -20.24 -20 90.71 -3.62 6.95 -34.73 -0.3 -3.51 9.71 -1 0.87 34.16 4.28 2.25 10.85 4.2 1.41 -5.66 -5.42 -4.65 -0.31 0.8 -5 27.67 0.88 -2.47 8.86 0 0 0 -64.9 -56.03 33.03 45.09 -50.81 -22.31 -0 -0 28.6 37.19 -19.66 -14.32 -7.12 0 -0 5.57 5.92 -4.99 0 0 0 -114.97 80.23 -163.78 -37.05 46.22 -16.28 0 0 11.03 11.38 -23.33 -4.56 7.12 -0 -0 38.9 -49.12 -4.59
-22.71 22.7 -9.92 -46.73 77.87 323.6 0 0 0 -14.65 -1.56 -22.7 3.1 10.85 31.77 0.56 -4.55 -13.28 0.66 5.21 14.52 0 0 0 16.81 24.9 -63.4 -21.32 -19.96 93.85 -3.04 8.46 -31.53 -0.27 -3.34 9.24 -1.28 2.11 33.85 3.59 3.58 10.62 3.15 2.03 -5.85 -4.05 -5.07 -0.06 0.31 -5.59 27.48 0.44 -2.65 8.7 0 -0 0 -67.07 -58.08 36.47 45.32 -50.93 -22.49 -0 -0 28.59 34.81 -19.16 -12.85 -7.12 0 -0 4.17 7.09 -3.63 0 -0 0 -90.39 79.5 -138.52 -34.64 44.55 -14.56 0 0 10.52 13.78 -19.16 -4.6 7.12 -0 -0 38.28 -45.39 -0.44
-22.84 22.59 -9.99 -47.1 79.8 322.28 0 0 0 -16.6 -1.82 -22.43 3.15 10.93 32.04 0.65 -4.2 -14.38 0.22 3.03 8.37 0 0 0 14.63 21.97 -66.15 -22.3 -19.87 96.74 -2.36 9.28 -27.62 -0.16 -2.61 7.2 -2.71 1.63 34.5 3.5 2.55 10.7 4.16 1.54 -5.97 -5.36 -4.34 -0.66 0.69 -4.53 27.82 0.86 -2.25 8.96 0 0 0 -65.15 -58.88 34.31 44.68 -50.61 -21.99 -0 -0 28.48 34.27 -19 -12.51 -7.12 0 -0 3.86 7.4 -3.34 0 0 0 -94.57 78.13 -144.78 -32.07 42.6 -12.79 0 0 14.08 16.21 -13.8 -3.97 7.12 -0 -0 37.28 -40.65 4.79
-22.92 22.6 -10.08 -51.34 80.6 319.11 0 0 0 -16.31 -3.69 -22.5 2.91 10.54 30.76 0.6 -6.69 -13.86 1.29 7.19 20.26 0 0 0 13.04 20.8 -69.61 -22.7 -19.82 97.92 -1.76 9.67 -23.79 -0.13 -2.3 6.34 -1.72 1.24 33.19 3.19 2.32 10.37 3.43 1.43 -5.78 -5.83 -4.37 -1.88 0.93 -4.41 29.49 1.01 -2.2 9.81 -0 -0 0 -70.06 -61.1 37.74 41.43 -48.9 -19.51 -0 -0 30.98 33.99 -21.58 -13.93 -7.12 0 -0 3.26 4.51 -3 -0 -0 0 -79.59 77.93 -126.39 -31.06 41.79 -12.11 0 0 8.52 8.19 -17.19 -2.44 7.12 -0 -0 32.71 -44.45 0.5
-22.97 22.64 -10.16 -57.92 80.22 312.82 0 0 0 -16.12 -2.15 -22.53 2.56 9.95 28.81 0.67 -6.32 -14.59 0.54 4.72 13.11 0 0 0 13.87 19.02 -70.88 -22.83 -19.81 98.29 -1.43 10.85 -21.6 -0.23 -3.08 8.51 0.28 0.85 32.24 2.36 2.38 10.73 1.6 1.51 -5.48 -4.22 -4.73 -0.91 1.62 -5.36 28.13 0.91 -2.43 9.12 0 -0 0 -71.03 -63.1 40.37 39.54 -47.79 -18.1 -0 -0 30.72 32.71 -22.59 -13.86 -7.12 0 -0 2.3 3.69 -2.15 0 -0 0 -67.11 77.26 -113.62 -30 40.89 -11.41 0 0 6.55 3.82 -15.83 -1.04 7.12 -0 -0 28.45 -43.78 0.94
-23.03 22.68 -10.15 -49.46 80.52 320.92 0 0 0 -17.69 -1.86 -20.48 2.02 8.91 25.5 0.64 -4.7 -14.29 0.5 4.53 12.58 0 0 0 12.6 19.29 -70.74 -23.39 -19.72 99.97 -1.62 8.49 -22.79 -0.04 -1.29 3.54 -3.13 1.31 32.8 2.25 1.84 10.05 3.36 1.19 -5.93 -4.89 -4.17 -1.31 1.48 -4.46 29.1 1.04 -2.09 9.54 -0 0 0 -69.9 -62.77 38.12 36.94 -46.15 -16.2 -0 -0 32.05 34.29 -21.05 -13.76 -7.12 0 -0 3.53 5.04 -3.21 -0 0 0 -75.9 78.43 -124.01 -27.99 39.11 -10.12 0 0 11.68 5.15 -7.54 -0.68 7.12 -0 -0 26.4 -36.25 6.23
-23.07 22.8 -10.18 -52.14 81.48 318.68 0 0 0 -17.94 -3.61 -19.91 1.78 8.39 23.9 0.47 -3.94 -12.18 0.63 5.06 14.09 0 0 0 12.58 17.16 -70.29 -24.26 -19.56 102.55 -1.84 5.07 -24.53 -0.03 -1.06 2.92 -2.46 1.17 32.23 1.32 1.79 10.05 2.22 1.2 -6.26 -2.82 -4.72 -0.61 1.06 -5.34 28.53 0.49 -2.33 9.15 0 -0 0 -69.47 -63.12 40.81 36.47 -45.84 -15.86 -0 -0 30.91 34.44 -21.08 -13.85 -7.12 0 -0 3.62 4.97 -3.3 0 -0 0 -60.46 78.57 -109.15 -27.17 38.34 -9.6 0 0 12.05 1.75 -2.69 -0.08 7.12 -0 -0 22.46 -32.04 7.65
-23.12 22.89 -10.19 -61.9 81.52 309.78 0 0 0 -16.77 -4.1 -21.05 1.76 8.34 23.76 0.33 -4.64 -10.29 0.75 5.54 15.45 0 0 0 14.06 15.63 -68.83 -25.2 -19.34 105.38 -1.71 3.11 -23.91 -0.41 -4.13 11.45 -0.81 0.9 31.69 1.31 1.92 9.78 1.22 1.26 -6.3 -5.59 -4.89 -2.32 3.89 -5.96 29.44 1.85 -2.61 10.01 0 -0 0 -71.16 -64.43 44.18 35.12 -44.9 -14.9 -0 -0 30.59 34.64 -21.65 -14.3 -7.12 0 -0 3.65 4.27 -3.37 0 -0 0 -47.67 78.63 -96.35 -27.53 38.68 -9.83 0 0 12.63 -4.93 -1.76 0.15 7.12 -0 -0 17.16 -31.43 5.93
-23.15 22.95 -10.15 -64.69 80.61 307.62 0 0 0 -16.02 -1.71 -23.09 1.78 8.39 23.92 0.22 -5 -8.48 0.25 3.24 8.95 0 0 0 16 15.9 -65.66 -25.78 -19.18 107.12 -1.2 -0.18 -20.78 -0.38 -3.94 10.91 -0.38 1.28 31.16 1 2.42 9.19 0.44 1.48 -6.71 -3.12 -5.16 -1.21 3.18 -6.42 29.16 1.17 -2.64 9.6 0 0 0 -72.89 -64.59 48.09 33.88 -43.99 -14.03 -0 -0 29.78 35.86 -19.94 -13.85 -7.12 0 -0 4.7 5.94 -4.2 0 0 0 -14.4 77.74 -58.27 -31.99 42.54 -12.74 0 0 10.39 -17.33 -2.52 0.79 7.12 -0 -0 7.49 -32.56 2.3
-23.19 23.01 -10.09 -71.49 79.1 300.95 0 0 0 -13.45 -2.16 -24.05 2 8.86 25.35 0.17 -4.9 -7.64 0.28 3.42 9.45 0 0 0 19.32 15.73 -60.52 -25.35 -19.3 105.81 -0.47 -2.9 -14.31 -0.29 -3.49 9.64 -0.07 1.13 31.03 1.38 2.35 9.01 0.71 1.43 -6.86 -2.59 -5.06 -1.19 3 -6.3 29.12 1.02 -2.56 9.55 -0 -0 0 -72.26 -64.84 47.02 32.45 -42.91 -13.05 -0 -0 30.84 36.41 -20.25 -14.32 -7.12 0 -0 4.98 5.43 -4.51 -0 -0 0 7.57 81.55 -40.42 -34.43 44.4 -14.42 0 0 14.49 -28.89 -2.53 1.4 7.12 -0 -0 -1.87 -32.86 -0.56
-23.21 22.96 -10.04 -77.75 78.45 294.31 0 0 0 -11.89 -2.62 -25.61 2.52 9.88 28.58 0.17 -5.59 -7.86 0.21 2.93 8.07 0 0 0 22.21 14.27 -54.03 -23.82 -19.65 101.22 0.21 -8.02 -3.12 -0 -0.21 0.59 0.25 0.76 30.93 1.42 2 9.08 0.69 1.27 -6.72 -3.67 -5.11 -0.76 3.97 -6.52 28.8 1.54 -2.69 9.44 0 0 0 -70.78 -65.38 46.46 31.74 -42.34 -12.57 -0 -0 30.7 36.22 -20.06 -14.1 -7.12 0 -0 4.9 5.7 -4.4 0 0 0 44.39 81.11 -5.01 -38.84 47.37 -17.58 0 0 13.58 -32.98 -7.19 4.65 7.12 -0 -0 -5.34 -38.49 -0.86
-23.26 22.82 -9.99 -83.01 77.43 290.01 0 0 0 -10.28 -1.3 -30.45 3.43 11.36 33.51 0.06 -8.65 -7.12 0.27 3.34 9.23 0 0 0 25.17 13.63 -48.95 -21.35 -19.96 93.94 -0.38 -7.71 11.52 -1.77 8.38 -23.88 1.03 0.56 29.6 1.81 1.93 8.73 0.73 1.22 -6.49 -5.44 -5.09 -0.73 5.16 -6.61 28.99 2.25 -2.8 9.62 0 0 0 -73.07 -66.31 47.96 30.59 -41.39 -11.8 -0 -0 31.78 35.71 -20.58 -14.18 -7.12 0 -0 4.49 5.23 -4.08 0 0 0 65.79 78.09 16.45 -42.77 49.63 -20.52 0 0 13.53 -35.94 -10.85 7.77 7.12 -0 -0 -8.08 -43.16 -0.37
-23.3 22.68 -9.91 -84.66 77.82 287.19 0 0 0 -9.95 -2.58 -31.41 4.43 12.71 38.28 0.14 -9.03 -8.72 0.25 3.21 8.86 0 0 0 25.18 13.23 -40.31 -18.11 -19.91 84.45 0.3 -18.31 9.9 -1.61 -8.01 22.74 -0.07 1.15 30.42 1.53 2.39 8.98 0.88 1.46 -6.62 -4.68 -5.59 -1.03 5.31 -7.42 28.75 2.09 -3.08 9.61 -0 -0 0 -76.32 -67.79 52.26 30.11 -40.99 -11.48 -0 -0 32.16 34.55 -20.79 -13.74 -7.12 0 -0 3.74 5.27 -3.39 -0 -0 0 68.06 73.35 22.36 -49.26 52.69 -25.59 0 0 7.47 -46.49 -16.95 17.08 7.12 -0 -0 -19.69 -52.77 3.89
-23.37 22.43 -9.75 -90.09 77.6 282.33 0 0 0 -8.51 -1.71 -35.93 5.7 14.13 43.76 -0.09 -13.45 -8.29 0.85 5.86 16.39 0 0 0 27.43 12.08 -34.37 -14.39 -19.23 73.38 1.34 -24.24 5.77 -3.19 -11 32.28 -1.22 1.52 29.34 2.41 2.56 8.44 2.48 1.51 -6.81 -9.34 -5.64 -1.2 8.35 -7.73 30.22 3.98 -3.38 10.55 0 -0 0 -76.81 -68.25 53.06 30.03 -40.92 -11.43 -0 -0 31.55 34.23 -20.52 -13.41 -7.12 0 -0 3.58 5.67 -3.22 0 -0 0 72.44 68.91 29.75 -52.93 54.11 -28.53 0 0 4.12 -52.98 -18.33 22.64 7.12 -0 -0 -28.49 -56.43 8.46
-23.45 22.1 -9.67 -94.73 77.25 276.2 0 0 0 -7.62 -1.59 -37.62 7.08 15.4 49.19 0.05 -15.38 -11.35 0.41 4.1 11.35 0 0 0 29.53 9.34 -26.19 -10.5 -17.68 61.16 1.59 -23.13 0.05 -4.35 -12.61 37.93 0.38 0.91 30.52 0.81 2.14 8.61 -0.11 1.34 -7.04 -5.37 -6.31 -0.41 7.65 -8.91 29.32 2.92 -3.61 9.95 -0 0 0 -74.04 -70.02 53.71 29.85 -40.77 -11.31 -0 -0 30.87 33.45 -20.52 -13.04 -7.12 0 -0 3.1 5.85 -2.77 -0 0 0 78.2 64.84 34.07 -54.21 54.56 -29.57 0 0 5.81 -52.15 -17.21 20.84 7.12 -0 -0 -26.75 -54.68 6.72
-23.57 21.78 -9.6 -98.32 77.86 272.73 0 0 0 -7.58 -2.27 -41.09 8.57 16.52 54.58 -0 -18.01 -12.64 0.95 6.21 17.4 0 0 0 30.08 6.8 -21.36 -7.08 -15.4 49.18 1.11 -21.44 4.05 -2.11 -9.09 26.08 0.14 0.79 29.97 -0.02 1.81 8.32 -0.77 1.17 -7.09 -5.27 -6.52 -0.27 8.02 -9.31 29.33 3 -3.75 9.97 -0 -0 0 -77.78 -71.39 56.89 29.34 -40.33 -10.98 -0 -0 32.29 31.76 -20.47 -12.22 -7.12 0 -0 2.05 6.28 -1.81 -0 -0 0 81.86 60.53 36.26 -52.39 53.91 -28.09 0 0 8.64 -47.59 -11.57 12.38 7.12 -0 -0 -19.39 -45.92 0.46
-23.75 21.39 -9.49 -102.41 76.96 267.82 0 0 0 -5.71 -2.77 -43.98 10.31 17.58 60.52 -0.05 -20.05 -13.74 1.09 6.64 18.66 0 0 0 32.06 4.85 -15.54 -4.17 -12.38 37.08 1.19 -23.07 5.69 -2.65 -10.1 29.32 0.34 0.02 30.93 -0.26 0.89 8.22 -0.85 0.74 -7.65 -5.86 -6.25 -1.01 9.06 -9.17 30.17 3.49 -3.61 10.5 -0 -0 0 -67.97 -72.21 48.41 30.03 -40.92 -11.43 -0 -0 31.17 30.46 -21.41 -12.12 -7.12 0 -0 1.09 5.52 -0.98 -0 -0 0 86.83 57.03 42.12 -49.4 52.75 -25.7 0 0 10.92 -45.41 10.34 -10.32 7.12 -0 -0 -12.59 -15.63 -8.96
-23.95 21.02 -9.45 -107.52 76.2 264.37 0 0 0 -3.09 -6.38 -49.42 12.2 18.47 66.61 -0.29 -21.64 -12.92 2 8.86 25.35 0 0 0 32.93 5.77 -12.75 -2.22 -9.3 26.75 1.18 -24.37 7.71 -2.62 -10.05 29.15 3.26 -0.64 28.92 -0.61 0.75 7.64 -2.85 0.61 -7.32 -6.49 -6.84 -0.81 9.41 -10.02 29.65 3.63 -4.05 10.4 0 -0 0 -72.48 -75.02 53.27 29.06 -40.08 -10.8 -0 -0 30.58 28.34 -21.81 -11.33 -7.12 0 -0 -0.28 5.53 0.26 0 -0 0 86.1 52.57 42.39 -46.71 51.58 -23.57 0 0 9.71 -48.48 -3.45 3.89 7.12 -0 -0 -17.97 -34.7 -4.74
-24.2 20.71 -9.39 -108.93 78.17 262.82 0 0 0 -4.31 -8.13 -52.64 13.7 19.02 71.28 0.17 -20.49 -15.74 1.23 7.03 19.8 0 0 0 31.06 4.77 -10.1 -1.13 -6.74 18.95 0.36 -20.62 11.43 -2.13 -9.14 26.23 2.27 -0.88 29.04 -1.78 0.03 7.27 -3.35 0.26 -7.84 -9 -6.53 -1.05 11.53 -9.89 30.02 4.88 -4.05 10.84 -0 -0 0 -67.58 -76.67 49.37 28.82 -39.86 -10.65 -0 -0 29.21 27.77 -19.86 -10.14 -7.12 0 -0 -0.4 7.78 0.34 -0 -0 0 87.6 47.87 46.18 -45.03 50.78 -22.26 0 0 7.08 -53.55 -8.54 11.37 7.12 -0 -0 -24.19 -42.77 -1.42
-24.5 20.27 -9.26 -106.14 78.15 266.2 0 0 0 -2.33 -8.6 -56.82 15.3 19.46 76.12 -0.01 -22.32 -15.63 2.1 9.06 25.99 0 0 0 31.73 4.88 -9.15 -0.63 -5.09 14.16 -0.11 -18.6 14.06 -1.63 -8.05 22.86 0.12 0.33 27.97 -0.83 0.99 7.11 -1.35 0.72 -7.48 -8.11 -7.2 -1.03 10.96 -10.8 28.64 4.36 -4.48 10.33 0 0 0 -69.27 -80.08 49.23 27.48 -38.63 -9.8 -0 -0 28.5 26.4 -20.1 -9.68 -7.12 0 -0 -1.3 7.77 1.11 0 0 0 87.34 43.97 47.53 -42.47 49.47 -20.29 0 0 5.63 -51.32 -4.18 5.2 7.12 -0 -0 -20.53 -35.94 -4.83
-24.81 19.83 -9.19 -109.92 79.38 259.03 0 0 0 -3.86 -11.09 -55.87 16.64 19.73 80.14 1.18 -18.54 -21.88 0.69 5.32 14.83 0 0 0 30.69 2.38 -4.83 -0.3 -3.55 9.8 -0.29 -20.48 16.66 -1.1 -6.66 18.71 -2.01 0.97 31.36 0.5 1.42 7.72 1.15 1.01 -8.48 -11.68 -7.83 -1.16 12 -11.6 27.76 5.23 -5.15 10.44 0 0 0 -84.59 -83.42 60.85 25.47 -36.68 -8.57 -0 -0 28.61 24.92 -20.07 -9.06 -7.12 0 -0 -2.25 8.05 1.91 0 0 0 83.43 40.18 48.33 -39.3 47.65 -17.92 0 0 4.76 -52.03 -5.57 7.09 7.12 -0 -0 -21.61 -38.09 -3.9
-25.17 19.32 -9.09 -110 79.95 257.78 0 0 0 -3.71 -10.68 -58.91 18.27 19.93 84.95 1.69 -18.65 -24.99 0.22 3.05 8.41 0 0 0 30.68 0.7 -5.75 -0.48 -4.43 12.29 0.78 -19.75 6.04 -3.53 -11.51 34.01 -2.46 0.09 31.94 0.07 0.12 7.69 1.41 0.41 -8.73 -11.11 -7.57 -0.81 10.89 -11.07 26.51 4.76 -5.01 9.73 0 0 0 -43.49 -85.71 18.99 23.38 -34.51 -7.35 -0 -0 27.03 23.62 -19.67 -8.38 -7.12 0 -0 -3.04 8.69 2.55 0 0 0 84.46 36.83 54.69 -37.05 46.22 -16.27 0 0 0.77 -48.99 -4.63 5.31 7.12 -0 -0 -18.71 -36.43 -4.13
-25.54 18.82 -9.04 -105.76 79.42 259.41 0 0 0 -2.49 -10.56 -60.46 19.99 20 89.96 2.1 -18.32 -27.26 0.23 3.1 8.54 0 0 0 31.93 -1.88 -3.05 -0.44 -4.25 11.77 0.25 -10.79 2.63 -2.77 -10.32 30.01 -1.54 -0.54 34.19 0.53 -0.31 7.47 1.44 0.22 -9.11 -11.89 -7.34 -1.23 10.85 -10.66 25.49 4.88 -4.92 9.43 0 -0 0 11.41 -85.66 -37.3 20.44 -31.17 -5.76 -0 -0 26.98 23.6 -20.94 -8.88 -7.12 0 -0 -3.17 7.34 2.74 0 -0 0 83.3 33.33 58.87 -35.75 45.34 -15.34 0 -0 -3 -48.42 -4.82 5.41 7.12 -0 -0 -18.28 -36.65 -3.92
-25.92 18.31 -8.9 -97.92 79.36 267.14 0 0 0 -0.13 -7.76 -65.68 21.62 19.94 94.75 1.12 -23.68 -23.72 0.76 5.59 15.59 0 0 0 33.35 -0.09 -5.77 -0.98 -6.31 17.69 0.05 -4.91 -4.96 -2.01 -8.88 25.42 -1.69 -0.71 32.59 0.26 -0.65 7.36 1.37 0.03 -8.61 -13.32 -6.65 -2.06 12.24 -9.85 24.87 5.68 -4.54 9.4 -0 -0 0 46.7 -83.53 -76.31 16.62 -26.35 -3.92 -0 -0 29.51 22.87 -22.96 -9.34 -7.12 0 -0 -3.84 5.33 3.47 -0 -0 0 85.67 29.57 59.71 -33.67 43.84 -13.89 0 -0 -2.5 -44.5 -5.11 5 7.12 -0 -0 -15.03 -36.74 -3.14
-26.27 17.97 -8.82 -98.02 81.66 265.21 0 0 0 -2.23 -7.61 -67.61 22.78 19.81 98.14 0.9 -23.88 -22.56 0.79 5.69 15.88 0 0 0 31.14 0.79 -7.5 -1.82 -8.48 24.2 -0.45 -2.96 -14.08 -3.26 -11.11 32.64 -4.96 -0.67 32.72 0.95 -1.53 7.91 4.15 -0.36 -7.9 -13.66 -7.11 -3.17 11.76 -10.29 24.09 5.44 -4.82 9.4 -0 0 0 57.09 -79.82 -89.99 13.45 -21.94 -2.62 -0 -0 30.14 22.93 -20.28 -8.34 -7.12 0 -0 -3.54 8.15 3.01 -0 0 0 85.22 26.63 60.69 -32.13 42.65 -12.83 0 -0 -2.18 -40.28 -4.31 3.64 7.12 -0 -0 -11.34 -35.43 -2.71
-26.61 17.71 -8.72 -81.29 79.82 280.64 0 0 0 1.07 -3.42 -70.21 23.57 19.69 100.49 0.34 -24.85 -19.75 0.61 5.02 13.95 0 0 0 33.81 1.68 -7.11 -1.95 -8.76 25.04 -0.77 -0.14 -16.59 -4.29 -12.54 37.67 -4.74 -0.15 32.74 1.72 -0.7 8.37 4.55 0.01 -7.49 -13.89 -8.07 -3.66 12.56 -11.72 22.18 5.53 -5.48 9.1 0 0 0 57.58 -76.39 -90.35 11.18 -18.57 -1.83 -0 -0 30.27 27 -18.84 -9.34 -7.12 0 -0 -0.77 9.03 0.64 0 0 0 86.37 24.01 58.84 -29.25 40.24 -10.92 0 0 0.72 -38.26 -3.88 3.06 7.12 -0 -0 -9.62 -34.79 -2.44
-26.96 17.63 -8.83 -65.11 80.33 297.71 0 0 0 -0.59 -2.25 -73.36 23.7 19.67 100.87 0.5 -22.03 -19.03 0.28 3.4 9.39 0 0 0 31.81 2.05 -9.74 -2.01 -8.89 25.45 -0.6 0.33 -14.49 -1.92 -8.69 24.83 -5.92 -0.55 31.68 1.55 -1.68 7.72 5.35 -0.48 -7.64 -13.27 -7.46 -2.88 11.68 -10.77 19.99 5.21 -5.11 7.98 -0 -0 0 46.56 -74.8 -81.43 10.02 -16.77 -1.48 -0 -0 34.61 32.51 -12.52 -7.87 -7.12 0 -0 3.59 15.24 -2.53 -0 -0 0 86.72 21.23 58.1 -26.24 37.45 -9.03 0 0 3.16 -34.17 -4.97 3.37 7.12 -0 -0 -6.29 -35.92 -1.41
-27.23 17.69 -8.86 -56.37 80.97 306.75 0 0 0 -1.15 -2.42 -74.38 23.39 19.72 99.95 -0.44 -24.01 -13.77 1.41 7.51 21.23 0 0 0 30.13 1.53 -10.27 -1.69 -8.18 23.27 -0.48 2.54 -12.53 -1.3 -7.23 20.39 -7.55 -1.27 30.13 1.45 -2.98 8.24 6.99 -1.13 -6.67 -12.44 -7.32 -3.43 11.76 -10.58 18.53 5.08 -4.98 7.52 0 -0 0 32.41 -71.72 -64.25 11.19 -18.58 -1.84 -0 -0 28.91 32.17 -9.14 -5.7 -7.12 0 -0 3.72 19.23 -2.29 0 -0 0 86.91 19.39 55.77 -23.34 34.45 -7.33 0 0 2.82 -29.01 -4.45 2.47 7.12 -0 -0 -1.96 -35.06 -0.48
-27.36 17.56 -9.09 -80.33 69.91 277.51 0 0 0 12.27 -2.01 -69.86 23.94 19.62 101.6 0.39 -23.95 -19.47 0.03 -1.07 -2.93 0 0 0 42.83 -6.2 0.6 -0.31 -3.58 9.89 -0.13 1.5 -6.55 -0.76 -5.56 15.51 6.7 -5.6 37.62 3.75 -2.93 8.34 1.63 -1.05 -9.29 -11.69 -8.02 -2.59 13.32 -11.87 16.79 5.35 -5.51 7.02 0 -0 0 24.75 -70.44 -49.25 12.53 -20.59 -2.28 -0 -0 18.2 32.69 -6.47 -4.13 -7.12 0 -0 4.35 22.32 -2.38 0 -0 0 86.92 16.45 50.1 -20.95 31.77 -6.02 0 0 1.61 -31.38 -1.91 1.17 7.12 -0 -0 -3.87 -32.21 -1.21
-27.52 17.59 -9.28 -83.33 67.83 274.93 0 0 0 15 -4.64 -68.85 24.36 19.54 102.83 0.89 -22.82 -21.91 0.08 -1.78 -4.89 0 0 0 44.52 -9.08 4.09 0 -0 0 -0 0.55 -1.15 -0.91 -6.07 16.98 12.94 -8.23 36.45 3.05 -4.08 7.84 -1.79 -1.66 -9.65 -9.5 -8.7 -2.57 14.09 -13.05 16.03 5.12 -5.91 6.84 -0 0 0 23.23 -73.38 -58.85 10.81 -18 -1.72 -0 -0 28.29 29.83 -7.16 -4.09 -7.12 0 -0 2.21 21.75 -1.24 -0 0 0 87.56 14.49 43.61 -17.51 27.53 -4.32 0 0 1.64 -31 7.48 -4.47 7.12 -0 -0 -3.03 -21.28 -1.73
-27.7 17.76 -9.35 -72.47 68.43 286.86 0 0 0 13.79 -1.23 -67.11 24.78 19.44 104.09 2.06 -15.06 -26.3 1.33 -7.29 -20.59 0 0 0 43.54 -5.38 3.75 0 -0 0 -0.01 -1.44 1.55 -0.66 -5.21 14.51 10.76 -6.47 33.94 3.05 -3.25 7.64 -1.18 -1.31 -8.87 -8.9 -8.97 -2.07 14.75 -13.46 14.46 5.22 -6.12 6.31 0 0 0 12.72 -71.92 -45.82 11.36 -18.83 -1.89 -0 -0 24.11 25.81 -3.73 -1.8 -7.12 0 -0 -0.62 25.83 0.29 0 0 0 86.72 12.23 38.1 -15.92 25.41 -3.61 0 -0 -1.35 -31.31 13.77 -8.24 7.12 -0 -0 -2.64 -13.99 -1.92
-27.88 17.73 -9.33 -61.68 68.55 295.79 0 0 0 12.74 1.1 -61.73 25.54 19.25 106.4 1 -18.97 -20.87 0.09 1.9 5.22 0 0 0 41.29 -4.08 6.34 0 0 -0 -0 0.6 1.31 -1.38 -7.44 21.02 7.44 -5.05 34.68 3.22 -2.55 7.61 0.44 -0.98 -9.07 -7.53 -9.23 -1.31 14.15 -13.59 11.98 4.83 -6.28 5.29 -0 -0 0 5.4 -68.69 -36.75 11.9 -19.65 -2.07 -0 -0 19.64 21.29 -5.04 -1.96 -7.12 0 -0 -4.03 24.58 1.99 -0 -0 0 85.63 10.7 30.92 -13.6 22.16 -2.68 0 0 0.31 -29.76 18.74 -10.41 7.12 -0 -0 -1.02 -8.64 -0.85
-28 17.99 -9.36 -31.59 75.75 329.59 0 0 0 -1.15 -1.68 -60.24 24.72 19.46 103.92 0.7 -13.16 -16.36 0.22 3.02 8.32 0 0 0 28.27 1.94 -3.43 -0.36 -3.84 10.63 0.02 4.64 -2.39 -2.18 -9.23 26.52 -3.1 -3.08 26.78 1.16 -4.23 6.62 4.38 -1.81 -7.09 -8.33 -9.03 -1.25 14.82 -13.29 11.17 5.2 -6.18 5.1 0 0 0 -0.25 -66.31 -37.34 10.84 -18.04 -1.73 -0 -0 22.92 18.43 -5.87 -1.95 -7.12 0 -0 -6.14 23.8 3.16 0 0 0 83.69 10.34 19.89 -10.26 17.14 -1.55 0 0 5.91 -27.92 25.24 -12.73 7.12 -0 -0 1.03 -1.91 0.99
-28.09 17.91 -9.48 -31.5 71.75 330.4 0 0 0 0.54 0.81 -55.38 23.77 19.66 101.07 0.2 -9.99 -9.98 0.35 3.81 10.55 0 0 0 30.29 5.04 -4.93 -0.57 -4.83 13.42 0.05 5.66 -2.29 -2.42 -9.68 27.95 -0.77 -3.17 25.54 1.7 -3.75 6.08 3.45 -1.63 -7.24 -9.11 -9.34 -2 16.35 -13.76 10.21 5.74 -6.37 5.16 0 -0 0 -3.25 -59.98 -22.34 12.46 -20.49 -2.26 -0 -0 11.16 16.36 -3.83 -1.12 -7.12 0 -0 -7.76 25.97 3.61 0 -0 0 84.63 9.53 -2.28 -10.13 16.94 -1.51 0 0 25.2 -24.17 29.77 -12.56 7.12 -0 -0 3.92 2.04 4.07
-28.11 17.89 -9.59 -17.61 71.5 344.68 0 0 0 -5.33 -0.17 -48.84 21.33 19.96 93.9 0.09 -10.47 -8.68 0.11 -2.12 -5.83 0 0 0 25.19 12.98 -3.56 -0.61 -5.02 13.96 -0.12 3.11 -6.3 -2.84 -10.44 30.41 -4.38 -3.32 22.13 1.02 -4.88 6 4.84 -2.24 -5.27 -8.49 -9.03 -2.43 16.96 -13.3 9.21 5.86 -6.11 4.87 0 -0 0 -6.42 -57.12 -24.64 11.95 -19.72 -2.08 -0 -0 16 14.73 -5.58 -1.46 -7.12 0 -0 -8.89 24.22 4.51 0 -0 0 83.53 10.23 -11.47 -9.64 16.17 -1.37 0 0 32.88 -21.85 31.29 -11.77 7.12 -0 -0 5.47 3.1 5.79
-28.13 17.76 -9.63 -21 69.03 339.31 0 0 0 -4.04 -0.21 -38.76 18.02 19.91 84.21 -0.34 -13.05 -3.76 1.21 6.97 19.64 0 0 0 27.09 10.41 -4.09 -0.97 -6.26 17.53 0.13 8.68 -3.08 -4.6 -12.91 39.04 -3.11 -2.83 23.62 2.4 -3.87 6.09 5.46 -1.72 -6.03 -11.26 -10.04 -3.12 19.46 -14.78 8.91 6.92 -6.8 5.52 -0 0 0 -11.57 -56.61 -21.13 12.56 -20.64 -2.3 -0 -0 15.87 15.11 -3.12 -0.84 -7.12 0 -0 -8.75 26.72 3.92 -0 0 0 78.38 9.03 -3.06 -9.55 16.03 -1.35 0 0 14.16 -20.33 27.93 -9.85 7.12 -0 -0 5.92 -0.64 5.89
-28.14 17.64 -9.85 -18.39 67.02 343.64 0 0 0 -6.47 -3.25 -32.49 14.04 19.13 72.33 -0.37 -12.5 -2.22 1.05 6.51 18.28 0 0 0 25.42 10.34 -8.28 -1.29 -7.2 20.31 0.42 12.83 -1.61 -4.65 -12.98 39.29 -3.99 -1.93 21.27 3.91 -2.8 5.61 7.23 -1.24 -5.33 -7.98 -11.24 -2.81 16.52 -15.87 5.78 5.4 -7.51 4.18 0 -0 0 -18.07 -56.82 -20.99 13.62 -22.19 -2.68 -0 -0 19.26 15.99 -2.7 -0.77 -7.12 0 -0 -8.11 27.15 3.55 0 -0 0 73.15 8.98 4.72 -9.71 16.29 -1.39 0 -0 -1.72 -20.31 24.54 -8.74 7.12 -0 -0 5.58 -4.13 5.19
-28.15 17.53 -9.88 -17.42 64.97 343.75 0 0 0 -7.35 -3.03 -23.41 9.99 17.4 59.45 -0.18 -12.3 -5.96 0.02 -0.83 -2.28 0 0 0 26.18 13.79 -8.17 -1.92 -8.7 24.85 0.26 13.09 -5.42 -4.8 -13.15 39.94 -4.69 -1.49 21.71 3.82 -2.41 5.38 7.48 -1.02 -5.83 -5.65 -11.61 -4.17 16.54 -16.55 6.43 4.9 -7.68 4.5 -0 -0 0 -22.53 -54.76 -17.74 15.49 -24.83 -3.43 -0 -0 18.88 18.13 -2.63 -0.86 -7.12 0 -0 -6.48 27.2 2.82 -0 -0 0 75.43 6.63 1.5 -12.06 19.9 -2.12 0 0 1.61 -18.95 20.36 -6.81 7.12 -0 -0 6.09 -8.66 5.14
-28.16 17.34 -10.07 -20.11 60.05 341.92 0 0 0 -5.92 -3.89 -16.01 7.09 15.41 49.23 0.19 -11.93 -10.83 0.03 1.19 3.27 0 0 0 28.57 18.17 -8.38 -2.26 -9.39 27.01 0.47 15.89 -5.3 -5.51 -13.94 42.99 -2.31 -1.1 21.34 4.72 -1.32 5.29 6.79 -0.51 -5.96 -5.49 -11.5 -6.56 16.38 -16.54 7.53 4.67 -7.5 5.22 -0 0 0 -29.13 -49.99 -11.3 20.5 -31.24 -5.79 -0 -0 14.81 21.82 -1.64 -0.66 -7.12 0 -0 -3.68 28.21 1.51 -0 0 0 73.42 6.74 9.6 -12.25 20.18 -2.19 0 -0 -2 -19.84 16.21 -5.75 7.12 -0 -0 5.28 -12.86 3.99
-28.1 17.3 -10.28 -15.84 58.2 349.05 0 0 0 -10.22 -5.93 -12.74 5.3 13.72 42.12 1.52 -8.87 -22.09 0 -0.03 -0.08 0 0 0 24.35 16.94 -14.2 -2.6 -10.01 29.01 1.1 19.8 -1.03 -5.8 -14.23 44.16 -1.49 -1.8 17.61 3.62 -2.24 4.11 5.2 -1.01 -5.23 -3.91 -11.26 -7.56 15.23 -16.23 7.55 4.07 -7.31 5.12 0 -0 0 -35.38 -45.25 -7.04 24.31 -35.49 -7.89 -0 -0 12.83 26.33 -3.9 -1.93 -7.12 0 -0 -0.23 25.63 0.11 0 -0 0 74.21 7.22 11.28 -12.74 20.91 -2.36 0 0 1.31 -18.75 12.92 -4.34 7.12 -0 -0 5.91 -16.41 4.02
-28.14 17.18 -10.34 -21.56 56.74 342.53 0 0 0 -6.93 -2.89 -9.3 4.5 12.79 38.6 1.68 0.68 -24.74 2.57 -9.96 -28.84 0 0 0 28.35 19.22 -11.9 -2.79 -10.35 30.12 1.01 19.91 -2.81 -5.82 -14.25 44.24 0.47 -2.78 18.67 4.99 -3.02 4.88 5.75 -1.4 -4.92 -4.87 -10.72 -9.3 15.97 -15.61 8.39 4.4 -6.87 5.76 0 -0 0 -40.76 -38.61 -1.3 29.93 -40.83 -11.36 -0 -0 8.56 29.83 -7.34 -4.19 -7.12 0 -0 2.2 21.54 -1.24 0 -0 0 74.71 7.29 12.94 -14.32 23.18 -2.95 0 0 6.12 -17.17 8.26 -2.54 7.12 -0 -0 7.01 -21.36 4
-28.15 17.09 -10.5 -17.34 59.31 348.91 0 0 0 -10.92 -5.56 -12.04 4.33 12.59 37.84 1.42 5.56 -25.12 3.42 -11.34 -33.45 0 0 0 22.71 19.1 -15.84 -3.07 -10.8 31.61 1.5 23 -1.32 -6.7 -15.07 47.72 -0.64 -3.93 15.1 4.04 -4.93 3.8 5.52 -2.38 -3.98 -3.41 -10.55 -7.43 15.89 -15.17 5.97 4.34 -6.84 4.54 0 -0 0 -47.76 -33.59 6.04 34.83 -44.69 -14.69 -0 -0 8.28 32.61 -10.28 -6.52 -7.12 0 -0 3.91 17.84 -2.53 0 -0 0 78.06 5.71 8.59 -15.56 24.93 -3.46 0 0 23.17 -13.56 3.89 -0.94 7.12 -0 -0 9.87 -25.96 4.62
-28.18 17.12 -10.55 -20.17 60.02 344.56 0 0 0 -9.48 -4.08 -8.98 3.67 11.7 34.69 1.53 4.96 -25.59 2.93 -10.59 -30.89 0 0 0 24.94 19.41 -15.3 -3.58 -11.58 34.25 0.86 21.01 -6.69 -6.1 -14.53 45.39 0.68 -4.34 16.49 4.68 -5.15 4.53 5.58 -2.48 -3.98 -4.63 -11.22 -8.36 16.75 -15.92 5.04 4.66 -7.21 4.66 -0 -0 0 -55.7 -30.15 12.34 37.18 -46.31 -16.37 -0 -0 12.67 30.68 -14.42 -8.4 -7.12 0 -0 2.14 13.34 -1.59 -0 -0 0 79.25 5.65 7.48 -16.94 26.78 -4.06 0 0 21.29 -12.99 0.18 -0.04 7.12 -0 -0 10.63 -29.71 4.03
-28.16 17.07 -10.65 -20.9 59.44 343.53 0 0 0 -9.74 -5.2 -6.71 3.29 11.16 32.81 1.46 6.75 -26.16 3.3 -11.17 -32.86 0 0 0 24.97 18.77 -15.91 -3.89 -12.01 35.78 1.17 22.75 -5.47 -6.29 -14.7 46.13 2.02 -4.77 15.64 4.54 -5.56 4.99 4.64 -2.69 -3.16 -6.06 -11.32 -7.49 18.74 -15.88 3.4 5.56 -7.26 4.32 0 -0 0 -61.65 -23.23 20.87 41.08 -48.7 -19.25 -0 -0 9.55 32.79 -11.41 -7.26 -7.12 0 -0 3.91 16.5 -2.65 0 -0 0 81.42 4.67 6.26 -18.26 28.49 -4.67 0 0 31.4 -8.02 -5.62 0.79 7.12 -0 -0 15.46 -35.29 3.8
-28.13 17.12 -10.72 -18.21 59.29 346.31 0 0 0 -10.72 -0.83 -8.23 3.01 10.71 31.29 1.95 1.47 -26.97 2.91 -10.55 -30.77 0 0 0 23.4 16.94 -17.91 -4.25 -12.49 37.5 0.87 22.02 -7.86 -5.8 -14.23 44.17 1.45 -4.61 14.42 4.01 -5.54 4.73 4.3 -2.7 -2.77 -5.81 -11.17 -5.94 19.46 -15.46 1.6 5.9 -7.21 3.51 0 -0 0 -68.65 -18.55 24.72 37.25 -46.35 -16.42 -0 -0 13.33 26.97 -12.95 -6.51 -7.12 0 -0 -0.24 15.51 0.17 0 -0 0 83.24 3.19 6.93 -20.32 31.02 -5.69 0 0 23.67 -9.92 -10.94 1.9 7.12 -0 -0 15.1 -40.61 1.68
-28.13 17.15 -10.75 -12.23 59.37 352.81 0 0 0 -14.07 -3.91 -7.07 2.67 10.13 29.41 1.88 -0.83 -25.67 1.76 -8.36 -23.81 0 0 0 20.26 14.43 -21.5 -4.68 -13.02 39.43 -0.14 19.7 -15.03 -4.41 -12.68 38.2 -2.73 -4.67 12.03 3.39 -6.28 4.23 5.87 -3.14 -1.58 -6.96 -8.72 -3.94 21.19 -12.14 1.63 7.03 -5.65 2.95 -0 0 0 -75.27 -12.7 23.84 31.65 -42.27 -12.5 -0 -0 16.4 22.47 -11.62 -4.76 -7.12 0 -0 -3.28 17.44 2.15 -0 0 0 83.77 3.97 6.98 -18.05 28.22 -4.57 0 0 42.51 1.42 -13.83 -0.34 7.12 -0 -0 25.62 -42.25 1.87
-28.05 17.25 -10.86 -5.62 57.81 360.6 0 0 0 -18.6 -3.13 -8.66 2.31 9.48 27.29 1.67 0.19 -24.5 1.65 -8.09 -22.98 0 0 0 16.78 8.59 -27.13 -5 -13.38 40.82 -1.31 12.36 -20.95 -2.16 -9.18 26.37 -3.83 -4.53 9.64 2.09 -6.23 3.57 4.92 -3.13 -1.02 -7.96 -9.98 -5.58 22.05 -13.93 1.94 7.22 -6.41 3.74 0 -0 0 -81.09 -7.15 20.74 27.01 -38.19 -9.5 -0 -0 16.46 14.43 -12.95 -3.3 -7.12 0 -0 -8.89 16.73 6.03 0 -0 0 84.14 4.35 14.87 -15.62 25 -3.48 0 0 27.22 -15.04 -31.48 7.99 7.12 -0 -0 19.78 -61.27 -8.01
-28.04 17.25 -10.82 -5.48 54.95 359.74 0 0 0 -18.88 -0.57 -6.47 1.89 8.62 24.62 1.51 2.8 -24.37 1.72 -8.26 -23.51 0 0 0 17.72 8.06 -27.59 -5.57 -13.99 43.21 -1.67 -0.51 -24.66 -0.86 -5.91 16.52 -4.59 -3.82 10.34 2 -5.39 3.76 5.24 -2.71 -1.23 -7.78 -9.58 -6.09 21.81 -13.23 1.22 7.17 -6.08 3.47 0 -0 0 -86.36 -3.49 15.27 20.81 -31.6 -5.95 -0 -0 12.29 12.52 -7.35 -1.63 -7.12 0 -0 -10.41 22.49 5.73 0 -0 0 86.27 1.68 15.89 -19.06 29.49 -5.06 0 0 2.18 -30.46 -20.45 11.61 7.12 -0 -0 -2.06 -53.36 0.42
-27.97 17.29 -10.91 -2.13 52.99 363.87 0 0 0 -21.76 -0.8 -6.34 1.54 7.82 22.18 1.38 3.04 -23.47 1.16 -6.84 -19.24 0 0 0 14.93 4.66 -32.58 -6.39 -14.79 46.52 -1.26 -3.96 -22.97 -0.25 -3.24 8.94 -6.42 -2.87 8.55 1.78 -4.23 3.52 5.81 -2.17 -0.51 -5.88 -10.01 -5.74 20.16 -13.39 -1.53 6.39 -6.36 2.37 0 0 0 -91.55 -3.17 5.68 13.69 -22.29 -2.71 -0 -0 10.28 17.33 -2.67 -0.83 -7.12 0 -0 -7.09 27.17 3.09 0 0 0 85.86 1.85 15.42 -16.42 26.09 -3.83 0 0 9.82 -31 -29.76 16.61 7.12 -0 -0 0.01 -63.69 -0
-28.05 17.26 -10.78 -3.11 47.73 358.43 0 0 0 -20.2 4.6 -1.28 1.32 7.29 20.57 1.49 2.58 -24.11 0.68 -5.28 -14.71 0 0 0 15.94 8.71 -27.37 -7.01 -15.34 48.92 -1.2 -6.01 -23.67 -0.13 -2.31 6.37 -8.79 -0.48 13.64 2.22 -1.62 4.45 7.6 -0.81 -2.59 -6.4 -8.59 -5.11 20.51 -11.21 -2.78 6.82 -5.37 1.67 0 -0 0 -93.87 -0.2 -4.17 9.27 -15.59 -1.27 -0 -0 11.12 15.24 0.11 0.03 -7.12 0 -0 -8.91 30.03 3.29 0 -0 0 86.98 -0.04 13.19 -17.39 27.37 -4.27 0 0 3.08 -35.95 -21.14 14.66 7.12 -0 -0 -7.97 -55.33 2.03
-27.99 17.24 -10.81 -1.94 44.45 361.82 0 0 0 -21.85 5.27 -4.93 1.46 7.64 21.61 1.57 3.15 -24.98 0.32 -3.64 -10.06 0 0 0 12.86 9.47 -31.84 -7.47 -15.71 50.62 -1.08 -4.79 -21.89 -0.11 -2.1 5.79 -8.25 0.6 11.5 1.97 0.02 4.07 6.75 -0.01 -2.15 -7.49 -10.38 -9.27 19.75 -13.58 -2.18 6.34 -6.29 2.87 0 -0 0 -95.98 0.14 -31.59 5.87 -10.04 -0.52 -0 -0 37.14 12.03 -0.13 -0.03 -7.12 0 -0 -11.39 29.75 4.31 0 -0 0 85.64 1.06 13.21 -16.56 26.27 -3.89 0 0 2.47 -35.01 -21.62 14.47 7.12 -0 -0 -6.87 -55.67 1.81
-27.95 17.21 -10.74 0.05 44.42 361.8 0 0 0 -23.18 5.62 -3.06 1.49 7.71 21.84 1.69 2.88 -25.73 0.19 -2.8 -7.71 0 0 0 9.73 8.24 -30.75 -7.19 -15.49 49.58 -0.85 -6.45 -20.95 -0.05 -1.42 3.9 -9.21 0.59 13.52 1.49 -0.3 4.18 6.84 -0.12 -3.07 -9.28 -8.56 -7.62 22.07 -10.74 -4.11 7.75 -5.01 1.94 0 -0 0 -96.17 6.57 -20.48 6.46 -11.03 -0.62 -0 -0 27.05 10.95 -0.82 -0.16 -7.12 0 -0 -12.14 29.05 4.82 0 -0 0 86.15 0.1 11.34 -17.47 27.47 -4.3 0 0 3.44 -32.95 -22.6 13.98 7.12 -0 -0 -4.4 -56.31 1.22
-27.79 17.3 -10.68 -4.58 46.77 362.52 0 0 0 -19.83 1.77 -6.11 1.67 8.13 23.12 1.88 -0.2 -25.88 0.04 -1.31 -3.6 0 0 0 10.87 4.13 -34.82 -6.6 -14.99 47.35 -1.23 -2.12 -21.82 -0.65 -5.17 14.38 -2.84 -1.54 9.31 1.72 -2.21 2.98 3.61 -1.09 -1.95 -8.5 -9.51 -7.69 21.16 -11.88 -5.37 7.25 -5.65 1.64 0 0 0 -96.9 8.74 -26.86 6.34 -10.82 -0.6 -0 -0 30.81 11.11 -0.91 -0.18 -7.12 0 -0 -12.01 28.95 4.79 0 0 0 85.99 -0.63 13.81 -17.12 27.02 -4.14 0 0 2.91 -31.75 -23.87 14.06 7.12 -0 -0 -2.79 -57.45 0.85
-27.79 17.36 -10.37 -3.38 46.05 362.2 0 0 0 -19.78 4.93 -4.59 1.42 7.54 21.32 1.75 -1.28 -24.66 0.01 -0.49 -1.33 0 0 0 9.29 4.61 -32.97 -5.94 -14.37 44.75 -1.02 -5.84 -22.02 -0.27 -3.35 9.25 -7.13 -1.11 7.96 2.21 -1.9 3.79 6.47 -1.04 -0.19 -8.38 -7.8 -6.4 20.7 -9.54 -5.66 7.34 -4.58 0.95 -0 0 0 -96.56 11.63 -23.52 7.1 -12.09 -0.75 -0 -0 27.13 8.42 -4.5 -0.67 -7.12 0 -0 -13.64 25.4 6.65 -0 0 0 84.3 0.81 15.91 -14.37 23.26 -2.97 0 0 2.21 -30.64 -24.6 13.85 7.12 -0 -0 -1.34 -58 0.43
-27.69 17.33 -10.34 -1.11 46.35 365.52 0 0 0 -22.09 4.02 -6.08 1.49 7.7 21.8 1.81 -1.17 -25.09 0 0.02 0.04 0 0 0 5.76 0.23 -35.78 -4.97 -13.35 40.71 -0.9 -3.77 -19.63 -1.08 -6.6 18.54 -5.09 -1.89 7.86 1.01 -2.83 2.7 4.15 -1.42 -1.3 -9.73 -7.75 -5.82 21.83 -9.31 -6.43 7.98 -4.51 0.75 -0 0 0 -95.8 13.71 -17.08 8.48 -14.33 -1.07 -0 -0 15.57 10.33 0.27 0.05 -7.12 0 -0 -12.75 30.12 4.74 -0 0 0 85.26 -1.55 14.94 -16.42 26.09 -3.83 0 0 2.75 -28.48 -26.17 13.46 7.12 -0 -0 1.63 -59.18 -0.56
-27.73 17.46 -10.04 -4.14 44.98 361.9 0 0 0 -17.93 6.94 -3.66 1.26 7.11 20.05 1.58 -5.59 -22.61 0.46 4.35 12.06 0 0 0 7.19 4.75 -32.41 -4.2 -12.43 37.26 -1.01 -7.94 -23.43 -0.95 -6.2 17.38 -5.45 -1.04 8.61 2.23 -1.72 3.41 5.55 -0.9 -1.05 -10.43 -9.48 -9.32 21.21 -11.94 -3.29 7.47 -5.48 2.64 -0 0 0 -94.39 12.72 -18.61 8.59 -14.5 -1.09 -0 -0 14.82 11.68 0.67 0.14 -7.12 0 -0 -11.76 30.54 4.23 -0 0 0 85.14 -0.65 13.65 -13.85 22.52 -2.77 0 0 5.75 -27.42 -26.06 12.84 7.12 -0 -0 2.81 -58.81 -0.95
-27.7 17.48 -9.85 -5.76 43.78 360.53 0 0 0 -16.54 6.11 -2.24 1.26 7.12 20.06 1.55 -2.25 -22.94 0.24 3.15 8.71 0 0 0 7.49 5.27 -31.46 -3.32 -11.2 32.96 -0.7 -10.03 -22.47 -0.15 2.46 -6.78 -3.1 -1.12 10.14 2.14 -1.68 2.92 4.18 -0.81 -2.49 -11.34 -9.16 -10.2 21.8 -11.64 -1.69 7.79 -5.2 3.31 -0 0 0 -92.68 16.72 -2.02 13.07 -21.39 -2.48 -0 0 -3.26 12.98 6.77 1.56 -7.12 0 -0 -11.62 36.7 2.41 -0 0 0 85.09 0.12 11.3 -14.57 23.54 -3.05 0 0 6.2 -24.52 -28.02 12.1 7.12 -0 -0 6.97 -60.17 -2.59
-27.69 17.46 -9.63 -4.31 44.78 361.73 0 0 0 -16.81 8.02 -3.28 1.28 7.17 20.22 1.28 -0.65 -21.17 0.13 -2.36 -6.51 0 0 0 5.41 4.29 -31.71 -2.68 -10.16 29.5 -0.45 -11.93 -22 -1.13 6.76 -19 -3.9 -1.58 9.51 1.92 -2.36 2.94 4.45 -1.17 -2.03 -12.8 -8.67 -10.36 23.1 -11.14 -0.01 8.52 -4.85 3.93 -0 0 0 -90.52 11.14 -11.83 9.7 -16.26 -1.39 -0 -0 6.84 14.86 -0.18 -0.05 -7.12 0 -0 -9.18 29.73 3.46 -0 0 0 84.06 1.62 13.4 -14.05 22.81 -2.85 0 0 4.31 -22.81 -30.16 11.93 7.12 -0 -0 10.16 -61.93 -4.21
-27.66 17.44 -9.41 -3.21 45.05 362.05 0 0 0 -17.45 5.67 -0.19 1.08 6.62 18.59 1.12 2.14 -20.91 0.29 -3.49 -9.64 0 0 0 3.63 3.59 -32.17 -2.44 -9.72 28.09 -0.42 -12.67 -22.55 -1.64 8.08 -22.95 -5.05 -1.7 9.31 1.85 -2.62 3.13 5.03 -1.31 -1.64 -9.88 -7.89 -7.33 21.02 -10.07 -2.27 7.56 -4.64 2.26 -0 0 0 -88.38 8.29 -16.19 9.44 -15.85 -1.32 -0 -0 13.01 13.85 -2.75 -0.68 -7.12 0 -0 -9.73 27.11 4.29 -0 0 0 85.11 -1.21 12.51 -16.17 25.75 -3.72 0 0 5.02 -20.71 -32 11.33 7.12 -0 -0 13.88 -63.2 -6.19
-27.64 17.48 -9.16 -2.65 43.53 364.01 0 0 0 -17.47 4.41 -1.33 1.29 7.2 20.31 0.95 4.18 -20.36 0.87 -5.95 -16.63 0 0 0 3.32 3.55 -33.34 -1.69 -8.2 23.32 -0.09 -13.94 -20.82 -1.11 6.7 -18.84 -4.18 -1.36 9.23 1.57 -2.11 2.49 4.21 -1.03 -2.36 -10.28 -8.84 -12.75 19.49 -11.73 2.96 6.74 -5 4.86 0 -0 0 -86.07 5.4 -11.93 9.76 -16.36 -1.41 -0 -0 14.03 14.5 -2.13 -0.55 -7.12 0 -0 -9.29 27.74 3.94 0 -0 0 83.62 2.11 12.63 -14.6 23.58 -3.06 0 0 4.36 -18.55 -34.06 10.64 7.12 -0 -0 18.14 -64.59 -8.74
-27.65 17.45 -8.89 -2.75 42.93 364.07 0 0 0 -16.89 5.32 0.02 1.07 6.59 18.5 0.77 6.09 -19.9 1.24 -7.05 -19.86 0 0 0 2.99 4.66 -33.7 -1.52 -7.79 22.07 -0.52 -12.77 -23.57 -0.03 1.03 -2.83 -4.37 -1.55 9.42 1.47 -2.4 2.09 4.27 -1.15 -2.86 -9.54 -7.78 -10.65 18.92 -10.41 2.62 6.65 -4.5 4.13 -0 0 0 -82.44 5.88 -0.72 11.45 -18.97 -1.92 -0 -0 4.89 14.82 -3.44 -0.91 -7.12 0 -0 -8.95 26.4 4.09 -0 0 0 83.55 1.65 14.85 -14.74 23.79 -3.12 0 0 3.34 -16.53 -35.9 9.87 7.12 -0 -0 22.36 -65.73 -11.45
-27.65 17.4 -8.57 -2.45 42.1 364.13 0 0 0 -16.36 5.76 1.82 0.95 6.21 17.41 0.28 9.31 -17.4 2.59 -10 -28.98 0 0 0 3.02 5.71 -33.53 -1.31 -7.26 20.48 -0.22 -14.85 -23.31 -0.01 -0.61 1.68 -4.17 -1.16 10.24 1.5 -1.89 2.25 4.15 -0.89 -3.2 -10.68 -7.56 -12.31 19.1 -10.09 4.27 6.9 -4.21 4.92 -0 0 0 -82.01 -1.35 -9.4 10.19 -17.04 -1.53 -0 -0 16.58 14.53 -5.85 -1.51 -7.12 0 -0 -9.02 23.95 4.64 -0 0 0 83.66 0.55 14.31 -17.14 27.04 -4.15 0 0 2.65 -14.08 -39.16 9 7.12 -0 -0 29.33 -67.85 -16.66
-27.67 17.3 -8.23 -1.14 41.2 366.23 0 0 0 -16.84 6.43 1.33 0.92 6.1 17.08 -0.33 12.86 -13.19 4.02 -12.19 -36.4 0 0 0 1.7 7.31 -34.51 -0.97 -6.26 17.53 0.73 -18.82 -19.3 -0 0.26 -0.72 -6.03 -1.43 8.87 1.55 -2.37 2 5.27 -1.14 -2.58 -8.29 -6.7 -10.92 16.87 -9.05 3.64 5.92 -3.85 4.09 -0 0 0 -80.28 -2.06 -0.51 12.88 -21.12 -2.41 -0 -0 6.72 18.36 -1.55 -0.51 -7.12 0 -0 -6.36 28.33 2.6 -0 0 0 82.99 0.55 15.78 -18.24 28.47 -4.66 0 0 2.03 -11.35 -41.72 7.61 7.12 -0 -0 36.43 -69.04 -22.02
-27.73 17.25 -7.87 -3.83 38.69 363.47 0 0 0 -13.62 8.18 3.93 0.81 5.75 16.06 -0.63 14.67 -10.5 4.32 -12.57 -37.78 0 0 0 3.94 12.9 -32.22 -0.86 -5.91 16.52 0.86 -19.97 -20.11 -0.04 -1.25 3.43 -4.26 -0.29 11.58 2.27 -0.76 2.16 4.9 -0.3 -4.14 -8.05 -6.9 -11.99 15.09 -9.22 4.24 5.26 -3.95 4.35 0 0 0 -78.42 -1.57 11.83 18.11 -28.3 -4.6 -0 0 -5.18 20 -0.73 -0.26 -7.12 0 -0 -5.13 29.19 1.98 0 0 0 83 1.22 13.78 -19.56 30.11 -5.31 0 0 2.72 -8.4 -45.02 5.97 7.12 -0 -0 45.9 -70.42 -29.84
-27.63 17.24 -7.38 0.74 41.48 368.05 0 0 0 -16.04 6.85 3.95 0.71 5.38 14.98 -0.37 12.49 -11.36 4.37 -12.64 -38.04 0 0 0 1.94 7.86 -34.07 -0.91 -6.09 17.04 0.39 -15.93 -18.12 -0.02 -0.85 2.34 -6.24 -1.74 9.28 1.22 -2.86 1.62 5.12 -1.35 -3.14 -7.7 -6.16 -11.97 15.03 -8.44 5.7 5.26 -3.52 4.68 0 -0 0 -76.9 -1.88 13.53 21.91 -32.88 -6.54 -0 0 -7.74 19.77 -1.22 -0.44 -7.12 0 -0 -5.29 28.67 2.11 0 -0 0 83.14 1.09 15.03 -20.32 31.02 -5.69 0 0 2.49 -5.65 -47.55 4.17 7.12 -0 -0 54.21 -70.99 -36.78
-27.68 17.21 -6.92 -1.6 39.69 366.64 0 0 0 -13.47 6.49 6.73 0.52 4.64 12.89 0.68 7.65 -20.24 0.48 -4.45 -12.35 0 0 0 3.77 13.38 -32.8 -1 -6.35 17.82 0.42 -15.23 -16.42 -0.02 -0.82 2.25 -4.48 -0.91 10.81 1.88 -1.61 1.62 4.73 -0.71 -4.19 -9.47 -5.83 -15.45 15.61 -7.9 8.81 5.78 -3.04 6.26 -0 0 0 -76.19 -4.08 17.13 24.97 -36.17 -8.27 -0 0 -10.09 20.59 -2.31 -0.87 -7.12 0 -0 -4.61 27.5 1.96 -0 0 0 81.14 3.47 19.52 -16.55 26.26 -3.89 0 -0 -0.33 -4.82 -46.19 3.48 7.12 -0 -0 51.74 -69.93 -33.74
-27.6 17.24 -6.32 -2.01 41.51 365.91 0 0 0 -11.04 6.71 10.5 0.28 3.39 9.36 0.17 8.98 -15.48 1.06 -6.55 -18.39 0 0 0 4.32 14.67 -31.36 -1.17 -6.86 19.3 0.73 -16.01 -12.14 -0.26 -3.31 9.14 -3.42 -1.63 10.79 2.11 -2.43 1.77 4.48 -1.14 -3.96 -6.92 -4.87 -14.56 12.53 -6.68 8.16 4.48 -2.63 5.52 -0 0 0 -75.84 -4.81 18.78 28.27 -39.36 -10.29 -0 0 -9.94 22.2 -3.2 -1.3 -7.12 0 -0 -3.36 26.53 1.51 -0 0 0 82.25 1.68 16.21 -21.32 32.2 -6.22 0 0 1.39 -0.03 -51.75 0.02 7.12 -0 -0 69.18 -70.94 -49.39
-27.52 17.26 -5.82 -2.08 40.92 366.86 0 0 0 -10.7 4.59 11.03 0.35 3.8 10.51 0.2 9.74 -16.82 0.46 -4.35 -12.07 0 0 0 6.9 10.38 -33.74 -1.25 -7.09 19.98 0.4 -11.31 -2.06 -0.23 -3.08 8.52 -2.54 -1.15 9.87 2.26 -1.67 1.7 4 -0.78 -3.62 -4.18 -4.87 -13.37 9.36 -6.67 5.87 3.04 -2.84 4.4 0 -0 0 -76.3 -6.36 21.01 30.69 -41.48 -11.87 -0 0 -7.85 23.24 -4.65 -1.99 -7.12 0 -0 -2.57 24.92 1.25 0 -0 0 82.05 2.9 15.25 -20.11 30.77 -5.59 0 0 2.07 2.32 -51.99 -1.83 7.12 -0 -0 71.23 -70.21 -50.36
-27.56 17.23 -5.21 -4.45 37.55 362.47 0 0 0 -7.9 6.36 14.6 0.43 4.21 11.67 -0.8 16.12 -10.39 2.16 -9.2 -26.42 0 0 0 11.43 12.31 -30.49 -1.48 -7.68 21.76 0.4 -11.55 -0.67 -1.24 -7.06 19.89 -1.77 -0.45 14.43 2.62 -0.66 1.54 3.91 -0.23 -6.41 -3.08 -3.47 -12.89 8.27 -4.99 7.48 2.67 -2.03 4.64 0 0 0 -76.13 -5.14 21.05 31.91 -42.48 -12.68 -0 0 -4.89 25.64 -6.32 -3.03 -7.12 0 -0 -0.81 22.97 0.43 0 0 0 83.16 2.26 15.74 -21.03 31.87 -6.07 0 0 3.59 6.09 -54.31 -4.95 7.12 -0 -0 79.31 -69.59 -57.22
-27.54 17.32 -4.56 -5.56 36.89 361.03 0 0 0 -6.27 4.07 14.08 1.09 6.65 18.67 -0.46 14.95 -15.13 0.05 -1.37 -3.78 0 0 0 15.02 10.88 -28.82 -1.61 -8.01 22.75 0.17 -7.7 -0 -0 0.35 -0.97 -1.68 -0.23 14.67 3.58 -0.29 2.39 4.81 -0.06 -5.66 -4.86 -2.46 -17.18 8.64 -3.52 11.87 3.22 -1.17 6.68 -0 0 0 -77.05 -6.38 22.44 32.54 -42.97 -13.11 -0 0 -3.2 26.15 -7.18 -3.51 -7.12 0 -0 -0.47 21.99 0.26 -0 0 0 81.91 5.94 14.94 -18.52 28.81 -4.8 0 0 5.01 8.77 -54.15 -7.12 7.12 -0 -0 80.24 -68.65 -56.94
-27.51 17.45 -4.02 -7.32 35.48 359.82 0 0 0 -5.21 0.93 9.54 2.73 10.25 29.78 -0.68 16.41 -14.48 0.49 4.47 12.4 0 0 0 18.81 10.83 -25.95 -1.37 -7.4 20.92 0.22 -8.44 -0.96 -0.27 -3.36 9.27 -0.32 -0.17 15.31 4.02 0.06 2.44 4.45 0.1 -6 -3.73 -1.04 -18.36 7.29 -1.69 13.25 2.81 -0.32 7.17 -0 -0 0 -77.16 -6.43 23.12 31.99 -42.54 -12.73 -0 -0 0.03 25.38 -8.68 -4.1 -7.12 0 -0 -1.09 20.39 0.64 -0 -0 0 81.98 7.99 13.23 -16.89 26.71 -4.04 0 0 7.64 11.81 -53.84 -9.59 7.12 -0 -0 81.11 -67.57 -56.37
-27.4 17.6 -3.46 -9.39 35.93 357.77 0 0 0 -3.71 -2.47 5.76 4.91 13.28 40.41 -0.61 14.1 -8.98 0.97 6.27 17.58 0 0 0 22.24 8.81 -22.48 -1.19 -6.93 19.52 0.16 -7.05 -2.18 -0.13 -2.36 6.51 1.93 -0.51 15.55 4.06 0.01 1.75 3.23 0.03 -6.86 -1.6 -1 -15.83 6.78 -2.14 14.23 2.24 -0.49 7.06 -0 0 0 -76.81 -4.52 25.76 31.15 -41.86 -12.17 -0 -0 0.6 24.24 -7.67 -3.44 -7.12 0 -0 -1.88 21.58 1.06 -0 0 0 84.1 6.13 10.89 -15.66 25.05 -3.5 0 0 11.07 13.11 -52.22 -10.43 7.12 -0 -0 78.26 -66.69 -52.41
-27.26 17.73 -3.05 -10.35 34.38 357.55 0 0 0 -3.99 -5.7 -0.11 8.03 16.14 52.66 0.02 1.97 -4.17 1.12 6.73 18.92 0 0 0 24.48 7.07 -20.72 -0.92 -6.11 17.09 0.08 -5.25 -0.75 -0.5 -4.54 12.59 3.79 0 13.86 4.77 0.89 2.98 2.72 0.45 -4.64 -1.08 -0.17 -16.3 4.1 -0.64 13.03 1.44 0 6.66 0 -0 0 -78.99 -7.31 27.52 29.45 -40.41 -11.05 -0 -0 1.65 21.29 -8.22 -3.19 -7.12 0 -0 -4.03 21.17 2.31 0 -0 0 83 10.04 4.48 -14.84 23.93 -3.16 0 0 16.08 19.99 -52.78 -16.16 7.12 -0 -0 83.5 -64.67 -54.8
-27.14 17.84 -2.55 -9.66 33.71 356.45 0 0 0 -5.28 -7.56 -3.51 11.1 17.99 63.12 -0.07 -8.06 -3.96 0 0.03 0.09 0 0 0 25.18 5.46 -15.99 -0.67 -5.22 14.55 0.08 -4.98 -0.72 -0.77 -5.6 15.64 4.11 0.01 15.12 4.15 1 2.67 1.87 0.48 -5.65 -1.77 0.06 -16.5 5.23 -0.44 15.41 1.96 0.2 7.47 0 0 0 -78.34 -4.78 28.15 28.76 -39.81 -10.61 -0 -0 1.36 18.08 -10.34 -3.35 -7.12 0 -0 -6.34 19.15 3.93 0 0 0 82.46 12.43 1.06 -11.25 18.67 -1.86 0 0 20.12 21.75 -50.06 -17 7.12 -0 -0 79.49 -63.29 -48.75
-27 17.94 -2.11 -9.73 31.47 355.52 0 0 0 -5.24 -6.9 -7.69 14.16 19.16 72.7 -0.58 -16.23 -3.95 0.02 -1.01 -2.77 0 0 0 26.59 4.32 -11.06 -0.33 -3.71 10.26 0 -0.93 0.3 -0.01 0.72 -1.99 4.63 0.71 15.25 4.39 2 3.38 1.63 0.98 -4.96 -1.76 1.21 -17.79 3.47 1.44 16.55 1.62 0.93 8.01 0 -0 0 -79.28 -3.98 28.77 28.68 -39.74 -10.56 -0 -0 1.27 13.91 -12.2 -3 -7.12 0 -0 -9.25 17.53 6.12 0 -0 0 82.4 13.46 -0.91 -10.87 18.09 -1.74 0 0 22.35 12.31 -48.09 -9.22 7.12 -0 -0 69.29 -65.41 -42.42
-26.8 17.99 -1.79 -7.18 30.51 357.26 0 0 0 -9.28 -8.39 -14.26 17.35 19.83 82.22 -0.3 -17.14 -8.87 0.09 -1.93 -5.32 0 0 0 24.74 0.89 -10.93 -0.3 -3.5 9.68 -0.02 -1.03 2.34 -0.86 -5.92 16.54 3.88 1.09 14.63 3.46 2.29 2.91 1.03 1.11 -5.11 -0.27 1.64 -15.65 2.3 1.89 16.44 1.01 1.11 7.62 0 -0 0 -79.88 -1.51 28.62 28.85 -39.88 -10.66 -0 -0 0.9 12.13 -12.29 -2.62 -7.12 0 -0 -10.48 17.54 6.96 0 -0 0 83.8 12.21 -3.09 -13.2 21.58 -2.53 0 0 24.1 11.82 -48.01 -8.84 7.12 -0 -0 68.78 -65.52 -42.15
-26.72 18.02 -1.41 -11.99 29.15 354.05 0 0 0 -3.32 -6.94 -20.91 20.26 20 90.75 -0.24 -19.68 -11.75 0.02 -0.96 -2.64 0 0 0 30.22 -0.15 -3.46 0 -0 0 -0.13 -3.82 6.63 -0.78 -5.64 15.74 8.12 1.35 15.94 4.77 3.52 3.13 -0.21 1.66 -5.41 -1.39 1.82 -16.59 2.07 2.44 16.16 1.19 1.29 7.67 -0 -0 0 -80.97 -0.53 29.21 28.24 -39.33 -10.27 -0 -0 0.41 12.15 -11.91 -2.54 -7.12 0 -0 -10.48 17.93 6.86 -0 -0 0 81.16 14.33 -1.1 -11.99 19.79 -2.1 0 0 20.59 9.19 -42.47 -6.23 7.12 -0 -0 56.99 -63.42 -30.13
-26.53 18.07 -1.06 -10.94 29.41 354.29 0 0 0 -5.3 -7.59 -26.61 22.09 19.9 96.12 0.19 -19.25 -15.1 0 0.2 0.55 0 0 0 29.13 -0.43 -1.85 0 0 -0 -0.04 -2.17 3.63 -0.32 -3.66 10.12 8.46 0.97 16.06 4.23 3.06 3.02 -0.9 1.42 -5.57 0.87 2.9 -14.72 -0.4 3.86 15.71 0.13 1.87 7.27 0 -0 0 -81.25 2.11 28.48 27.87 -38.99 -10.04 -0 0 -0.92 13.5 -13.3 -3.16 -7.12 0 -0 -9.52 16.43 6.53 0 -0 0 81.98 13.24 0.85 -14.28 23.14 -2.94 0 0 19.13 18.81 -38.67 -12.02 7.12 -0 -0 59.73 -58.65 -25.45
-26.42 18.11 -0.73 -10.04 29.75 354.64 0 0 0 -5.85 -7.48 -32.9 23.09 19.77 99.05 0.16 -21.33 -16.2 0.1 2.03 5.6 0 0 0 28.58 -0.69 -0.38 0 -0 0 -0.07 -4.66 5.4 -0.28 -3.4 9.39 7.36 1.9 16.26 4.32 4.11 3.12 -0.41 1.95 -5.57 -1.32 2.87 -16.36 1.39 4.01 17.3 1.14 1.96 7.99 0 0 0 -82.43 1.96 29.07 25.51 -36.73 -8.6 -0 -0 0.02 13.23 -12.37 -2.88 -7.12 0 -0 -9.72 17.4 6.46 0 0 0 80.76 13.16 0.78 -14.81 23.88 -3.15 0 0 16.54 17.41 -34.03 -9.95 7.12 -0 -0 53.14 -56 -17.87
-26.35 18.01 -0.42 -15.46 28.97 351.4 0 0 0 0.78 -4.92 -40.23 23.72 19.67 100.93 0.17 -24.5 -18.4 0.1 -2.04 -5.61 0 0 0 34.42 -0.66 1.48 0 0 -0 -0.07 -4.02 5.09 -0 -0.25 0.7 11.47 2.04 17.08 5.94 5.24 3.52 -1.18 2.48 -5.32 -0.75 2.45 -14.85 0.52 3.43 15.46 0.65 1.65 7.16 -0 -0 0 -83.56 2.01 29.11 23.72 -34.86 -7.54 -0 -0 0.19 13.71 -12.29 -2.97 -7.12 0 -0 -9.39 17.45 6.23 -0 -0 0 80.48 13.31 -0.07 -15.91 25.4 -3.61 0 0 15.96 16.42 -31.46 -8.74 7.12 -0 -0 49.71 -54.43 -14.14
-26.13 18.07 -0.06 -10.5 30.91 353.52 0 0 0 -6.13 -6.81 -43.16 22.6 19.84 97.63 0.65 -24.03 -21.1 0.44 -4.27 -11.83 0 0 0 29.23 -2.15 2.8 0 -0 0 0.01 -5.01 3.26 -0.36 -3.85 10.64 8.07 2.25 16.6 4.49 4.71 3.61 -0.74 2.27 -5.16 -0.71 2.9 -14.06 0.61 4.02 15.62 0.72 1.95 7.07 -0 -0 0 -84.18 2.66 28.16 21.41 -32.3 -6.27 -0 -0 0.12 13.59 -11.96 -2.87 -7.12 0 -0 -9.48 17.78 6.22 -0 -0 0 80.65 13.1 -0.18 -15.92 25.42 -3.61 0 0 15.22 11.99 -29.4 -5.95 7.12 -0 -0 44.05 -53.78 -11.18
-26.05 17.96 0.23 -14.33 29.86 351.23 0 0 0 -2.08 -3.83 -48.57 21.36 19.96 93.97 -0.33 -28.37 -18.1 0.17 -2.69 -7.41 0 0 0 33.51 -0.51 1.61 -0.1 -2.05 5.63 0.07 -4.77 -0.11 -0.25 -3.19 8.82 9.73 4.47 16.23 5.8 7.97 3.64 -0.82 3.87 -4.67 -0.26 1.59 -12.48 1.65 1.98 16.34 0.77 1.1 7.04 -0 -0 0 -84.51 1.63 32.25 18.65 -28.98 -4.86 -0 -0 1.02 13.93 -11.55 -2.84 -7.12 0 -0 -9.25 18.17 5.98 -0 -0 0 80.28 11.66 -4.15 -16.16 25.74 -3.72 0 0 13.48 11.1 -28.67 -5.38 7.12 -0 -0 42.66 -53.38 -10.26
-25.84 17.97 0.62 -12.51 31.76 351.83 0 0 0 -5.47 -4.02 -49.68 18.84 19.97 86.61 -0.73 -28.65 -15.83 0 -0.41 -1.11 0 0 0 31.52 -1.37 1.37 -0.27 -3.37 9.3 0.05 -4.38 -3.82 -0.21 -2.98 8.23 9.13 2.29 17.14 5.02 5.04 3.99 -0.84 2.44 -4.97 -1.07 3.06 -12.19 0.98 4.22 14.61 0.87 2.07 6.4 -0 -0 0 -85.77 3.05 24.67 17.2 -27.12 -4.18 -0 -0 1.65 13.06 -10.84 -2.5 -7.12 0 -0 -9.87 18.94 6.23 -0 -0 0 81.02 14.08 -0.64 -15.66 25.05 -3.5 0 0 14.8 17.86 -27.62 -8.49 7.12 -0 -0 47.46 -51.38 -9.22
-25.66 17.88 0.97 -15.49 31.63 350.37 0 0 0 -4.23 -1.19 -51.86 15.9 19.59 77.93 -0.05 -24.55 -17.02 0.15 -2.53 -6.99 0 0 0 34.58 -0.47 3.1 -0.27 -3.32 9.16 0.08 -5.87 -5.12 -0.18 -2.76 7.6 10.43 2.58 15.68 6.14 5.47 4.46 -0.33 2.72 -3.64 -1.92 3.64 -10.87 0.29 5.23 13.01 0.82 2.48 5.66 -0 -0 0 -86.64 3.66 24.12 16.26 -25.87 -3.76 -0 -0 1.46 11.43 -8.36 -1.68 -7.12 0 -0 -11.14 21.52 6.4 -0 -0 0 80.54 14.18 3.45 -14.6 23.59 -3.07 0 0 10.48 7.11 -27.13 -3.25 7.12 -0 -0 37.93 -52.89 -8.33
-25.39 17.88 1.23 -11.98 33.07 353.57 0 0 0 -10.48 -0.22 -51.78 11.83 18.32 65.44 0.85 -16.89 -18.93 0.37 -3.91 -10.81 0 0 0 30.66 -1.87 0.82 -0.48 -4.44 12.33 -0.07 -3.52 -7.53 -0.08 -1.8 4.94 8.8 2.58 15.88 4.66 5.22 3.45 -1.02 2.52 -4.86 -0.43 3.75 -9.45 -0.77 5.26 12.36 0.22 2.51 5.28 0 0 0 -87.32 4.27 19.46 14.23 -23.07 -2.92 -0 -0 5.27 11.78 -8.66 -1.8 -7.12 0 -0 -10.87 21.2 6.32 0 0 0 81.41 13.26 4.87 -14.65 23.66 -3.09 0 0 8.95 1.21 -26.32 -0.54 7.12 -0 -0 32.01 -53.27 -7.09
-25.18 17.75 1.63 -16.11 32.34 351.36 0 0 0 -8.02 2.63 -50.52 8.29 16.33 53.6 1.02 -10.37 -18.33 0.09 -1.93 -5.32 0 0 0 34.94 -1.18 3.15 -0.42 -4.16 11.52 -0.05 -4.84 -8.5 -0.14 -2.4 6.62 11.04 2.03 16.19 5.57 5.03 3.1 -1.26 2.37 -5.31 -1.97 4.71 -8.36 0.38 6.59 11.41 0.86 3.18 4.72 -0 0 0 -87.73 6.72 18.17 14.79 -23.85 -3.14 -0 -0 3.06 10.39 -7.54 -1.38 -7.12 0 -0 -11.94 22.37 6.64 -0 0 0 82.62 12.38 9.38 -14.57 23.55 -3.05 0 0 6.61 -1.88 -26.27 0.83 7.12 -0 -0 29.1 -53.78 -6.72
-24.88 17.7 2.05 -16.18 33.46 350.85 0 0 0 -9.82 3.92 -46.25 5.04 13.43 41 1.24 -2.3 -20.41 0.1 -2.09 -5.75 0 0 0 34.46 -3.65 5.72 -0.29 -3.49 9.65 -0.11 -4.25 -9.31 -0.25 -3.25 8.97 10.81 2.77 15.12 5.11 5.75 3.2 -1.68 2.77 -4.52 -1.14 4.18 -8.11 0.86 5.7 11.25 0.81 2.81 4.64 -0 -0 0 -86.81 7.01 18.91 14.17 -22.97 -2.89 -0 -0 3.57 10.1 -8.03 -1.43 -7.12 0 -0 -12.11 21.88 6.88 -0 -0 0 83.12 11.09 13.09 -14.32 23.2 -2.95 0 0 0.23 -9.55 -25.97 4.21 7.12 -0 -0 21.54 -54.94 -5.45
-24.56 17.58 2.44 -18.43 33.67 349.04 0 0 0 -7.58 3.44 -41.7 3.06 10.8 31.59 1.45 3.22 -24.12 0.04 1.25 3.44 0 0 0 35.95 -5.52 8.56 -0.2 -2.85 7.87 -0.17 -3.46 -9.9 -0.3 -3.53 9.76 11.28 2.9 13.65 5.59 5.74 3.84 -1.3 2.86 -3.04 0.11 4.54 -8.02 0.39 6.07 10.9 0.48 3.02 4.57 0 -0 0 -87.6 6.02 14.28 13.27 -21.67 -2.55 -0 -0 5.89 9.51 -9.61 -1.6 -7.12 0 -0 -12.43 20.34 7.51 0 -0 0 84.21 11.08 13.73 -14.56 23.53 -3.05 0 -0 -0.83 -13.37 -25.3 5.8 7.12 -0 -0 17.36 -55.04 -4.38
-24.19 17.48 2.81 -19.92 33.79 348.22 0 0 0 -2.65 -4.04 -35.87 2.15 9.17 26.34 1.59 10.98 -30.02 0.48 4.45 12.35 0 0 0 36.63 -6.5 10.06 -0.19 -2.84 7.83 -0.21 -3.09 -10.41 -0.08 -1.78 4.89 12 3.15 13.16 5.84 6.14 3.49 -1.45 3.05 -3.05 -0.89 4.93 -7.65 1.66 6.58 10.77 1.04 3.3 4.39 0 0 0 -87.57 7.49 16.44 14.13 -22.92 -2.88 -0 -0 2.02 11.23 -6.15 -1.22 -7.12 0 -0 -11.43 23.73 5.98 0 0 0 83.75 9.74 20.35 -14.11 22.89 -2.87 0 -0 -8.28 -21.45 -22.78 8.65 7.12 -0 -0 7.99 -54.09 -1.79
-23.81 17.4 3.19 -18.5 36.09 349.57 0 0 0 -4.16 -6.35 -33.68 1.92 8.69 24.83 1.31 14.17 -30.81 0.29 3.45 9.53 0 0 0 34.6 -7.45 9.28 -0.36 -3.85 10.66 -0.36 -2.56 -12.56 -0.04 -1.25 3.42 10.04 3.03 12.91 4.76 5.74 2.16 -1.52 2.75 -4.46 1 6.26 -3.55 1.12 8.26 7.26 0.49 4.17 2.92 -0 0 0 -86.87 9.46 15.47 14.81 -23.88 -3.15 -0 -0 0.41 9.24 -7.73 -1.25 -7.12 0 -0 -12.75 22.2 7.16 -0 0 0 85.74 7.18 18.94 -14.43 23.35 -3 0 -0 -7.67 -20.2 -21.83 7.79 7.12 -0 -0 8.91 -52.87 -1.74
-23.41 17.37 3.53 -16.53 38.66 351.08 0 0 0 -8.78 -3.13 -33.22 1.92 8.69 24.83 1.3 11.67 -28.58 0.72 5.41 15.08 0 0 0 32.4 -7.64 8.92 -0.59 -4.91 13.64 -0.38 -3.89 -13.75 -0 -0.23 0.62 7.51 2.85 12.17 4.11 5.02 2.16 -0.67 2.43 -4.27 0.77 5.8 -5.57 2.25 7.53 8.71 0.98 3.85 3.76 0 -0 0 -87.11 9.06 15.04 14.85 -23.94 -3.17 -0 0 -1.34 11.41 -8.75 -1.76 -7.12 0 -0 -11.13 21.13 6.49 0 -0 0 86.1 6.82 17.24 -14.42 23.33 -2.99 0 -0 -7.22 -19.15 -22.02 7.42 7.12 -0 -0 10.04 -52.88 -1.96
-22.99 17.37 3.94 -18.2 40.82 349.67 0 0 0 -9.9 0.74 -34.14 2.01 8.88 25.43 0.82 10.52 -23.97 1.02 6.43 18.05 0 0 0 33.86 -6.75 9.81 -0.8 -5.7 15.92 -0.25 -7 -14.53 -0 0.26 -0.72 6.91 2.72 11.19 4.75 4.68 2.72 0.44 2.32 -3.27 -0.16 5.76 -5.23 2.93 7.52 6.81 1.28 3.84 2.96 -0 0 0 -89.43 5.17 5.24 12.61 -20.72 -2.31 -0 -0 6.28 12.32 -9.56 -2.08 -7.12 0 -0 -10.45 20.27 6.28 -0 0 0 86.25 6.42 15.19 -15.07 24.24 -3.25 0 -0 -10.06 -16.98 -28.38 8.26 7.12 -0 -0 15.46 -58.76 -5.28
-22.48 17.43 4.28 -17.42 43.1 349.61 0 0 0 -12.1 0.42 -32.37 2.13 9.14 26.22 0.81 9.04 -22.56 2.06 9 25.78 0 0 0 31.85 -8.05 8.51 -1.34 -7.34 20.72 -0.08 -7.21 -11.9 -0.21 2.98 -8.21 6.91 2.68 12.01 3.67 4.69 2.25 -0.74 2.28 -4.12 0.64 5.41 -3.96 3.44 7.01 5.74 1.21 3.61 2.39 0 0 0 -88.27 5.55 9.4 13.08 -21.4 -2.48 -0 -0 3.81 12.49 -8.92 -1.97 -7.12 0 -0 -10.35 20.91 6.07 0 0 0 88.11 4.05 11.81 -13.68 22.28 -2.71 0 -0 -5.2 -19.19 -21.66 7.32 7.12 -0 -0 9.86 -52.52 -1.84
-21.92 17.46 4.58 -18.53 44.64 347.93 0 0 0 -12.79 1.55 -30.87 2.3 9.46 27.25 0.53 8.37 -19.22 1.93 8.72 24.91 0 0 0 30.73 -8.66 5.58 -2.54 -9.9 28.67 0.09 -6.49 -6.29 -0.02 0.81 -2.24 8.27 2.81 12.19 3.65 5.03 2.57 -1.56 2.46 -3.75 -0.41 4.56 -4.94 4.14 5.87 6.66 1.64 3.06 2.85 0 0 0 -88.5 4.39 11.14 13.4 -21.87 -2.6 -0 -0 6.83 12.09 -7.87 -1.68 -7.12 0 -0 -10.69 21.98 6.02 0 0 0 87.62 2.95 11.25 -13.23 21.62 -2.54 0 -0 -6.69 -18.05 -21.62 6.84 7.12 -0 -0 10.98 -52.27 -1.99
-21.4 17.52 4.85 -15.64 47.03 349.16 0 0 0 -17.14 4.94 -28.9 2.13 9.14 26.23 0.34 6.04 -14.9 2 8.87 25.39 0 0 0 26.47 -7.42 0.7 -4.84 -13.2 40.12 0.08 -6.9 2.43 -0.05 1.48 -4.08 4.85 2.5 11.22 3.89 4.07 3.64 0.79 2.06 -2.43 -1.34 4.75 -5.09 3.72 6.22 6.19 1.66 3.19 2.69 -0 0 0 -87.8 6.39 25.15 18.22 -28.43 -4.65 -0 0 -6 13.03 -3.52 -0.81 -7.12 0 -0 -10.29 26.34 4.73 -0 0 0 85.41 4.21 12.21 -12.07 19.91 -2.13 0 -0 -4.91 -17.36 -21.46 6.52 7.12 -0 -0 11.6 -52 -2.02
-20.92 17.59 5.17 -12.1 48.84 350.58 0 0 0 -20.67 6.88 -25.61 1.95 8.76 25.05 0.34 4.31 -13.43 1.91 8.67 24.76 0 0 0 22.79 -4.37 -3.39 -7.58 -15.8 51.03 -0.44 -7.4 12.09 -0.02 0.87 -2.38 2.78 2.85 12.7 2.7 4.33 3.35 0.58 2.16 -3.59 -1.41 5.26 -3.45 4.24 6.92 4.79 1.75 3.53 1.89 0 0 0 -86.42 6.61 27.3 19.72 -30.3 -5.39 -0 0 -0.82 10.36 -7.46 -1.36 -7.12 0 -0 -11.96 22.44 6.63 0 0 0 85.76 3.73 10.29 -11.15 18.52 -1.82 0 -0 -1.06 -18.01 -20.42 6.47 7.12 -0 -0 10.57 -51.06 -1.59
-20.44 17.61 5.4 -11.92 51.08 349.22 0 0 0 -21.38 5.54 -20.9 1.85 8.54 24.38 0.4 4.41 -14.35 2.21 9.29 26.72 0 0 0 21.49 -1.75 -6.71 -9.98 -17.4 59.43 -0.64 -10.21 14.98 -0.21 -2.96 8.16 3 2.26 13.28 2.6 3.59 4.06 0.45 1.82 -3.15 -2.35 4.85 -4.61 3.7 6.41 6.97 1.84 3.26 2.83 -0 0 0 -86.76 3.79 25.44 19.53 -30.07 -5.29 -0 -0 3.64 10.84 -12.43 -2.36 -7.12 0 -0 -11.37 17.48 7.58 -0 0 0 85.26 5.42 7.71 -10.23 17.1 -1.54 0 0 2.6 -16.83 -21.1 6.22 7.12 -0 -0 11.97 -51.54 -1.95
-19.97 17.66 5.65 -12.13 53.86 348.01 0 0 0 -22.19 5.33 -17.2 1.73 8.28 23.56 0.44 3.63 -14.34 1.63 8.06 22.89 0 0 0 20.57 0.35 -10.19 -12 -18.39 65.98 -0.28 -9.73 10.82 -0.27 -3.36 9.29 3.25 1.91 13.21 2.54 3.16 4.44 0.34 1.62 -2.7 -1.9 5.14 -2.34 1.68 6.87 5.22 1 3.43 1.9 -0 -0 0 -87.73 0.62 24.76 20 -30.65 -5.53 -0 -0 9.01 11.28 -14.63 -2.88 -7.12 0 -0 -11.01 15.26 7.88 -0 -0 0 85.26 6.08 5.01 -10.13 16.94 -1.51 0 0 3.3 -19.48 -21.43 7.36 7.12 -0 -0 9.49 -52.33 -1.73
-19.51 17.67 5.9 -10.63 57.27 348.48 0 0 0 -24.02 5.57 -14.05 1.61 8.01 22.73 0.5 1.46 -13.97 1.31 7.25 20.46 0 0 0 18.7 2.83 -13.48 -13.44 -18.94 70.5 0.21 -11.36 4.46 -1.14 -6.79 19.1 2.21 1.35 12.85 2.02 2.25 4.54 0.52 1.17 -2.44 -3.21 5.41 -0.84 2.08 7.23 4.66 1.28 3.59 1.39 -0 0 0 -84.24 1.52 30.41 24.11 -35.28 -7.77 -0 -0 3.52 12.99 -11.82 -2.71 -7.12 0 -0 -9.9 17.96 6.46 -0 0 0 85.8 6.4 2.95 -10.31 17.22 -1.56 0 0 3.46 -19.34 -22.01 7.49 7.12 -0 -0 9.85 -52.91 -1.93
-19.07 17.64 6.17 -10.05 60.49 348.16 0 0 0 -24.9 5.58 -10.92 1.57 7.9 22.43 0.57 -0.7 -14.04 1.38 7.44 21.02 0 0 0 17.59 5.7 -16.03 -14.06 -19.13 72.4 0.47 -12.79 0.03 -1.49 -7.7 21.81 1.55 0.96 12.77 1.35 1.63 4.49 0.29 0.87 -2.45 -3.26 5.09 1.06 2.02 6.75 4.85 1.2 3.35 1.14 -0 -0 0 -81.35 0.96 32.07 26.84 -38.02 -9.4 -0 -0 0.77 14.94 -11.54 -3.05 -7.12 0 -0 -8.54 18.13 5.52 -0 -0 0 86.28 5.92 5.6 -10.79 17.96 -1.71 0 -0 -0.79 -20.54 -22.46 8.15 7.12 -0 -0 8.81 -53.59 -1.87
-18.63 17.59 6.41 -8.75 63.94 349.02 0 0 0 -26.16 5.09 -8.24 1.54 7.84 22.21 0.64 -2.66 -14.43 1.28 7.17 20.22 0 0 0 15.66 8.12 -18.87 -13.9 -19.08 71.88 0.45 -11.98 -2.52 -1.53 -7.8 22.12 0.15 0.74 11.91 1.24 1.16 4.83 1.05 0.63 -1.65 -5.8 4.86 2.32 2.85 6.34 4.23 1.84 3.12 0.64 -0 0 0 -82.6 -2.1 30.15 27.55 -38.7 -9.84 -0 -0 2.47 15.8 -13.03 -3.65 -7.12 0 -0 -7.94 16.54 5.4 -0 0 0 85.42 5.92 8.55 -11.84 19.56 -2.05 0 -0 -4.48 -20.91 -22.34 8.26 7.12 -0 -0 8.38 -53.53 -1.77
-18.21 17.54 6.68 -9.68 67.09 347.96 0 0 0 -25.98 4.46 -6.2 1.65 8.1 23.01 0.74 -5.31 -15.34 1.63 8.04 22.83 0 0 0 15.27 10.71 -21.15 -13 -18.78 69.12 0.34 -10.35 -5.47 -1.95 -8.77 25.06 -0.83 0.87 11.41 1.54 1.24 5.07 1.91 0.66 -1.16 -6.04 3.94 4.39 2.16 5 3.3 1.62 2.45 0.07 0 0 0 -80.93 -4.19 31.76 29.56 -40.52 -11.13 -0 -0 0.08 15.95 -13.24 -3.75 -7.12 0 -0 -7.84 16.31 5.37 0 0 0 84.25 5.22 12.57 -13.18 21.55 -2.52 0 -0 -8.48 -22.7 -22.3 9.02 7.12 -0 -0 6.54 -53.83 -1.42
-17.79 17.48 6.93 -9.25 70.35 348.35 0 0 0 -26.17 4.86 -4.48 1.67 8.14 23.15 0.72 -8.16 -15.31 1.36 7.37 20.82 0 0 0 14.09 12.61 -23.32 -11.46 -18.15 64.26 0.23 -9.34 -7.82 -1.13 -6.76 18.99 -1.51 0.46 11.58 0.66 0.62 5.15 1.45 0.35 -1.13 -6.88 3.77 5.34 3.27 4.67 3.15 2.11 2.27 -0.17 0 -0 0 -79.15 -5.44 31.46 32.15 -42.67 -12.84 -0 0 -1.53 17.47 -12.76 -3.98 -7.12 0 -0 -6.79 16.69 4.59 0 -0 0 84.93 5.12 15.33 -14.36 23.25 -2.97 0 -0 -9.75 -21.35 -22.81 8.62 7.12 -0 -0 8.11 -54.1 -1.82
-17.36 17.46 7.16 -9.69 73 348.82 0 0 0 -26.1 3.86 -3.23 1.67 8.15 23.17 0.73 -10.05 -15.77 1.28 7.18 20.24 0 0 0 13.27 14.17 -25.71 -9.27 -16.98 57.03 0.13 -9.57 -11.08 -1.36 -7.38 20.85 -1.99 0.56 11.2 0.15 0.71 5.15 1.19 0.39 -0.93 -7.89 3.17 5.54 4.11 3.79 2.94 2.59 1.82 -0.27 -0 0 0 -75.45 -5.05 35.64 38.18 -46.95 -17.09 -0 0 -7.06 19.31 -9.2 -3.21 -7.12 0 -0 -5.46 20.26 3.25 -0 0 0 85.22 4.86 17.17 -15.77 25.2 -3.55 0 -0 -11.35 -22.45 -22.02 8.8 7.12 -0 -0 6.7 -53.48 -1.4
-16.93 17.49 7.38 -13.95 74.69 345.47 0 0 0 -24.92 2.56 -1.17 1.55 7.87 22.31 0.84 -9.9 -16.74 1.33 7.31 20.65 0 0 0 14.31 15.18 -27.08 -6.7 -15.07 47.73 0.13 -10.91 -13.34 -1.97 -8.8 25.18 -2.1 0.75 11.36 0.39 0.96 5.23 1.46 0.52 -0.95 -8.86 2.59 5.3 4.82 2.99 3.06 3.04 1.41 -0.17 0 -0 0 -76.38 -6.82 33.24 37.5 -46.52 -16.6 -0 0 -6.1 20.73 -12.82 -4.8 -7.12 0 -0 -4.53 16.33 3.09 0 -0 0 84.41 4.87 19.49 -16.95 26.79 -4.06 0 -0 -12.77 -22.62 -21.94 8.85 7.12 -0 -0 6.49 -53.44 -1.35
-16.48 17.46 7.56 -15.43 76.74 344.8 0 0 0 -24.57 3.15 0.63 1.29 7.2 20.3 0.77 -11.22 -16.45 1.09 6.63 18.62 0 0 0 14.46 14.29 -28.76 -4.33 -12.59 37.84 0.14 -11.61 -14.4 -2.4 -9.66 27.88 -2.13 0.91 11.85 -0.09 1.16 5.36 0.96 0.63 -1.08 -10.11 1.74 4.39 6.2 1.86 3.14 3.81 0.84 0.06 0 -0 0 -76.22 -7.96 32.15 38.61 -47.22 -17.41 -0 0 -5.65 20.95 -12.14 -4.6 -7.12 0 -0 -4.36 17.03 2.9 0 -0 0 84.27 4.86 20.94 -18.23 28.46 -4.66 0 -0 -12.2 -21.95 -21.95 8.57 7.12 -0 -0 7.19 -53.33 -1.48
-15.98 17.47 7.75 -17.23 78.19 344.42 0 0 0 -23.87 4.21 1.94 1.01 6.41 17.97 0.58 -13.39 -15.46 1.23 7.02 19.77 0 0 0 16.06 11.23 -31.47 -2.46 -9.76 28.2 0.22 -11.27 -12.35 -2.42 -9.69 27.97 -2.47 1.11 11.36 -0.46 1.4 5.36 0.75 0.74 -0.82 -8.71 1.4 6.03 5.35 1.37 0.65 3.24 0.61 -0.97 0 0 0 -76.64 -8.77 29.88 38.04 -46.86 -16.99 -0 0 -4.67 21.36 -13.08 -5.06 -7.12 0 -0 -4.11 16 2.82 0 0 0 84.51 5.41 21.11 -18.85 29.23 -4.96 0 -0 -11.36 -20.7 -20.81 7.64 7.12 -0 -0 8.06 -51.91 -1.38
-15.45 17.4 7.92 -22.23 79.76 340.56 0 0 0 -22.72 5.06 3.12 0.9 6.05 16.92 0.54 -14.97 -15.69 0.92 6.12 17.13 0 0 0 19.13 6.72 -33.87 -1.29 -7.19 20.27 0.01 -6.81 -9.45 -0.56 -4.77 13.27 -1.43 1.42 11.3 -1.11 1.91 5.2 -0.58 1.02 -0.91 -8.3 0.14 5.43 6.69 -0.23 0.92 3.67 -0.19 -0.65 -0 0 0 -75.49 -8.66 30.76 37.16 -46.29 -16.36 -0 0 -6.39 22.36 -12.88 -5.24 -7.12 0 -0 -3.41 16.11 2.33 -0 0 0 85.01 4.84 21.99 -20.37 31.09 -5.72 0 -0 -13.33 -24.44 -22.02 9.67 7.12 -0 -0 4.65 -53.88 -1.02
-14.87 17.35 8.15 -21.71 81.76 341.5 0 0 0 -22.44 6.25 5.17 0.76 5.57 15.54 0.34 -16.99 -15.04 0.63 5.09 14.18 0 0 0 18.66 7.78 -33.42 -0.86 -5.91 16.53 -0.53 -2.38 -14.83 -0.03 -1.08 2.97 -2.96 1 11.76 -1.13 1.16 4.87 0.35 0.64 -1.53 -8.53 0.24 6.36 6.45 -0.17 0.32 3.64 -0.17 -1.02 0 -0 0 -76.48 -7.21 26.87 34.17 -44.21 -14.23 -0 0 -3.23 21.56 -13.49 -5.27 -7.12 0 -0 -3.99 15.54 2.78 0 -0 0 84.66 4.51 23.52 -20.86 31.67 -5.98 0 -0 -12.96 -24.14 -21.23 9.22 7.12 -0 -0 4.72 -52.98 -0.93
-14.28 17.31 8.36 -20.35 82.99 342.96 0 0 0 -21.9 7.62 8.18 0.53 4.66 12.93 -0.15 -18.64 -11.77 1.04 6.48 18.17 0 0 0 18.4 9.5 -33.17 -1.01 -6.4 17.95 -0.43 -1.9 -13.22 -0 -0.16 0.44 -4.31 1.15 11.21 -0.67 1.3 5.52 1.58 0.67 -0.59 -9.11 -0.26 5.54 6.28 -0.82 0.3 3.7 -0.48 -0.82 0 -0 0 -77.31 -7.28 26.43 30.16 -41.03 -11.51 -0 0 -3.76 22.26 -11.97 -4.85 -7.12 0 -0 -3.44 17.09 2.28 0 -0 0 83.29 5.34 23.38 -21.39 32.28 -6.26 0 -0 -12.28 -23.26 -21.64 9.01 7.12 -0 -0 5.74 -53.25 -1.17
-13.63 17.3 8.46 -20.32 84.21 342.86 0 0 0 -22.06 6.81 12.34 0.34 3.75 10.36 -0.16 -16.44 -9.88 0.65 5.16 14.37 0 0 0 18.65 9.38 -33.37 -1.37 -7.41 20.95 -0.08 -0.84 -5.73 -0.1 2.04 -5.61 -4.15 0.7 11.33 -0.38 0.73 5.71 1.85 0.39 -0.42 -9.88 -0.05 5.25 6.11 -0.55 -0.03 3.79 -0.34 -0.9 0 0 0 -78.69 -5.31 23.8 27.27 -38.44 -9.67 -0 0 -3.39 21.31 -10.12 -3.92 -7.12 0 -0 -4.05 19.15 2.5 0 0 0 82.49 6.19 23.1 -21.06 31.9 -6.08 0 -0 -12.65 -21.92 -21.12 8.25 7.12 -0 -0 6.94 -52.45 -1.28
-12.9 17.3 8.66 -37.63 85.12 324.91 0 0 0 -19.66 6.43 14.5 0.48 4.43 12.29 -0.59 -17.29 -5.25 0.73 5.46 15.22 0 0 0 20.26 10.65 -31.01 -1.63 -8.05 22.85 0.01 -2.29 -1.9 -0.92 -6.1 17.08 -3.62 0.42 11.64 0.59 0.44 5.89 2.59 0.24 -0.39 -10.16 -0.13 5.19 5.79 -0.68 0.13 3.73 -0.4 -0.83 0 0 0 -80.72 -3.76 20.65 22.82 -33.89 -7.04 -0 0 -1.88 20.34 -7.33 -2.71 -7.12 0 -0 -4.72 22.18 2.6 0 0 0 82.03 6.12 21.71 -20.61 31.37 -5.85 0 -0 -11.79 -20.48 -20.32 7.39 7.12 -0 -0 8.11 -51.37 -1.28
-12.14 17.36 8.81 -54.86 85.01 307.2 0 0 0 -17.51 4.92 13.13 1.19 6.91 19.44 -0.87 -16.92 1.19 0.51 4.57 12.67 0 0 0 21.43 13.43 -27.78 -1.85 -8.54 24.38 0.15 -6.96 -2.91 -1.88 -8.62 24.6 -2.43 0.21 11.95 1.26 0.27 5.62 2.64 0.18 -0.84 2.59 -1.44 14.67 -7.6 -2.38 -10.19 -2.61 -0.67 -5.61 -0 0 0 -82.87 -1.76 14.9 18.37 -28.63 -4.73 -0 -0 1.89 19.54 -6.25 -2.21 -7.12 0 -0 -5.31 23.36 2.78 -0 0 0 82.19 5.81 19.93 -19.37 29.88 -5.22 0 -0 -9.79 -18.41 -19.9 6.46 7.12 -0 -0 10 -50.6 -1.39
-11.42 17.48 8.94 -66.57 85.31 294.65 0 0 0 -15.75 4.03 9.02 2.7 10.19 29.6 -0.53 -13.9 11.03 0.3 3.54 9.79 0 0 0 22.12 14.47 -25.08 -2.27 -9.41 27.07 0.18 -7.67 -4.58 -1.62 -8.03 22.82 -2.27 0.12 12.91 1.93 0.18 5.47 3.27 0.14 -1.5 -9.48 -0.35 4.93 5.39 -0.92 1.59 3.45 -0.53 -0.29 0 -0 0 -84.46 -0.2 12.04 14.25 -23.09 -2.92 -0 -0 1.96 20.66 -3.59 -1.35 -7.12 0 -0 -4.52 26.14 2.07 0 -0 0 82.14 5.88 17.37 -17.86 27.98 -4.48 0 -0 -8.36 -17.79 -20.8 6.5 7.12 -0 -0 10.93 -51.41 -1.74
-10.73 17.56 9 -86.86 83.44 273.73 0 0 0 -12.41 0.1 2.91 5.56 13.99 43.2 0.38 -9.47 18.7 0.38 3.96 10.98 0 0 0 25.51 12.03 -21.86 -2.15 -9.17 26.33 0.15 -7.2 -5.32 -1.72 -8.26 23.52 1.49 -0.12 12.99 2.26 0.34 5.56 1.46 0.28 -1.46 -8.53 -1.07 4.07 6.33 -1.79 3.02 3.58 -0.96 0.4 0 0 0 -85.07 1.35 7.63 12.09 -19.93 -2.13 -0 -0 7.5 17.85 -1.28 -0.41 -7.12 0 -0 -6.78 28.61 2.72 0 0 0 82.36 5.63 17.34 -16.94 26.78 -4.06 0 -0 -10.88 -19.65 -21.32 7.4 7.12 -0 -0 9.28 -52.25 -1.67
-10.04 17.68 9.1 -97.62 81.37 262.14 0 0 0 -8.74 -2.48 -3.21 8.49 16.47 54.33 1.68 -6.73 27.67 0.28 3.41 9.41 0 0 0 28.71 9.8 -17.39 -1.75 -8.33 23.74 0.17 -7.93 -6.44 -1.67 -8.14 23.15 3.45 0 12.66 3.14 0.78 5.96 1.22 0.55 -0.85 -6.09 -1.94 4.8 5.52 -2.86 2.23 2.86 -1.48 0.05 0 0 0 -85.01 1.65 10.12 9.7 -16.26 -1.39 -0 -0 7.95 13.66 -0.79 -0.19 -7.12 0 -0 -10.05 29.1 3.95 0 0 0 82.01 6.26 15.24 -15.51 24.85 -3.44 0 -0 -9.84 -20.63 -22.14 8.08 7.12 -0 -0 8.59 -53.27 -1.76
-9.38 17.75 9.2 -96.57 79.95 261.69 0 0 0 -5.67 -3.15 -7.74 10.95 17.91 62.63 1.52 -7.91 27.35 0.26 3.31 9.14 0 0 0 31.45 8.83 -12.23 -1.51 -7.75 21.96 0.13 -8.15 -8.24 -1.8 -8.44 24.06 4.76 0.7 13.3 3.58 1.94 6.21 0.79 1.17 -0.9 -8.17 -3.15 4.08 9.34 -4.62 3.76 4.59 -2.36 0.95 0 -0 0 -85.06 2.5 8.67 9.27 -15.6 -1.27 -0 -0 16.74 4.74 -1.43 -0.12 -7.12 0 -0 -16.78 28.37 7.07 0 -0 0 82.15 6.42 13.8 -14.26 23.11 -2.93 0 -0 -8.53 -20.56 -21.97 7.99 7.12 -0 -0 8.6 -53.09 -1.72
-8.73 17.83 9.27 -94.94 80.22 263 0 0 0 -4.78 -3.19 -12.81 12.72 18.68 68.26 0.37 -10.34 19.52 0.22 3 8.29 0 0 0 32.03 7.51 -8.85 -1.32 -7.28 20.56 0.08 -7.6 -8.88 -1.45 -7.61 21.53 4.45 1.56 12.65 3.74 2.99 6.11 1 1.68 -0.66 -5.4 -3.62 5.07 8.16 -5.12 3.66 3.64 -2.59 0.67 0 0 0 -85.22 3.88 12.49 9.75 -16.34 -1.4 -0 -0 14.4 0.24 -1.61 -0.01 -7.12 0 -0 -20.08 28.1 8.76 0 0 0 82.29 6.77 11.42 -13.04 21.35 -2.47 0 -0 -5.3 -21.16 -21.66 8.13 7.12 -0 -0 7.89 -52.88 -1.54
-8.11 17.87 9.31 -96.02 79.54 261.3 0 0 0 -3.14 -3.35 -17.78 13.85 19.07 71.74 -0.14 -10.58 12.66 0 0.41 1.13 0 0 0 33.28 5.81 -5.08 -1.07 -6.59 18.49 0.03 -7.35 -9.85 -1.32 -7.28 20.53 5.72 1.98 12.89 3.82 3.72 5.98 0.28 2.06 -0.83 -5.2 -4.22 4.18 8.71 -5.95 4.98 3.76 -2.95 1.33 -0 -0 0 -85.29 5.55 15.28 11.21 -18.62 -1.84 -0 -0 11 -2.01 -4.21 0.15 -7.12 0 -0 -21.24 25.62 10.68 -0 -0 0 82.68 6.9 10.57 -12.75 20.92 -2.36 0 -0 -4.98 -21.75 -22.58 8.71 7.12 -0 -0 7.61 -53.94 -1.68
-7.53 17.81 9.3 -95.75 78.07 261.25 0 0 0 -1.33 -3.08 -22.49 13.99 19.11 72.19 -0.38 -10.9 4.92 0.28 -3.42 -9.45 0 0 0 35.11 4.49 -3.3 -1.16 -6.83 19.21 -0.19 -5.77 -12.24 -1.58 -7.93 22.5 8.31 1.57 13.48 4.08 3.6 5.63 -0.9 2.02 -1.37 -6.44 -4.1 3.11 9.65 -5.89 6.51 4.31 -2.88 2.11 0 0 0 -86.83 7.69 12.68 13.45 -21.95 -2.62 -0 -0 9.91 -0.81 -6.46 0.09 -7.12 0 -0 -20.02 23.53 11.03 0 0 0 82.84 7.19 12.27 -12.77 20.95 -2.37 0 -0 -5.27 -21.97 -21.87 8.55 7.12 -0 -0 7.13 -53.25 -1.45
-6.94 17.79 9.31 -96.49 77.07 260.65 0 0 0 0.57 -4.88 -26.74 13.43 18.93 70.45 -0.22 -8.37 2.94 0.12 2.21 6.08 0 0 0 36.34 2.32 -1.17 -0.99 -6.33 17.74 -0.23 -5.2 -12.54 -1.25 -7.08 19.96 9.22 1.6 13.47 4.85 3.83 5.26 -0.65 2.13 -1.72 -9.14 -4.33 1.89 11.41 -6.37 8.21 4.83 -3.07 2.76 0 0 0 -88.27 8.4 13.82 14.44 -23.36 -3 -0 -0 3.88 5.17 -5.94 -0.54 -7.12 0 -0 -15.85 24.02 8.34 0 0 0 81.91 7.22 14.35 -13.4 21.88 -2.6 0 -0 -5.91 -20.36 -22.3 8.02 7.12 -0 -0 8.92 -53.39 -1.85
-6.35 17.74 9.32 -97.23 77.3 260.04 0 0 0 0.17 -6.08 -29.18 11.65 18.24 64.86 -0.11 -6.96 -1.27 0.06 1.54 4.24 0 0 0 36.22 1.82 0.7 -1.04 -6.49 18.21 -0.46 -4.06 -14.97 -1.66 -8.12 23.07 10.22 2.45 13.41 3.86 5.01 4.86 -2.38 2.69 -1.84 -7.37 -5.61 2.47 12.25 -8.16 8.49 4.74 -3.87 2.9 -0 -0 0 -86.29 8.68 16.81 15.56 -24.92 -3.46 -0 0 -0.23 9.47 -7.02 -1.17 -7.12 0 -0 -12.64 22.91 6.89 -0 -0 0 83.98 6.91 14.77 -14.51 23.45 -3.03 0 -0 -8.03 -21.45 -22.13 8.42 7.12 -0 -0 7.76 -53.42 -1.61
-5.76 17.73 9.33 -94.67 77.01 262.85 0 0 0 0.48 -6.08 -30.31 8.94 16.77 55.9 0.02 -4.55 -3.76 0 0.27 0.75 0 0 0 36.71 0.71 3.66 -0.79 -5.67 15.84 -0.53 -3.53 -15.49 -1.61 -8 22.72 10.82 3.14 13.1 4.05 5.97 4.91 -2.59 3.19 -1.46 -6.65 -5.94 1.98 11.25 -8.49 7.91 4.29 -4.05 2.78 0 -0 0 -86.9 7.58 17.95 16.28 -25.9 -3.77 -0 0 -3.54 13.89 -7.47 -1.84 -7.12 0 -0 -9.41 22.32 5.2 0 -0 0 83.69 7.66 16.29 -15.53 24.88 -3.44 0 -0 -8.45 -22.38 -22.41 8.92 7.12 -0 -0 6.91 -53.88 -1.51
-5.17 17.7 9.31 -91.76 76.53 266.17 0 0 0 1.21 -6.21 -30.04 5.82 14.25 44.25 0.04 -1.35 -3.65 0.12 2.21 6.08 0 0 0 37.21 -0.69 6.75 -0.51 -4.59 12.74 -0.5 -3.48 -15.03 -1.09 -6.65 18.68 11.3 3.25 13.15 4.32 6.2 4.68 -2.61 3.29 -1.69 -7.19 -5.84 1.06 11.23 -8.39 8.92 4.34 -3.97 3.24 0 -0 0 -88.58 7.09 14.69 16.94 -26.78 -4.06 -0 0 -0.66 13.75 -8.45 -2.06 -7.12 0 -0 -9.47 21.33 5.45 0 -0 0 83.49 8.42 18.4 -16.67 26.42 -3.94 0 -0 -10.11 -19.99 -21.22 7.5 7.12 -0 -0 8.9 -52.21 -1.59
-4.55 17.66 9.33 -93.59 78.52 265.71 0 0 0 -1.06 -6.62 -30.28 3.2 11.01 32.32 0.03 0.73 -3.57 0.01 0.64 1.76 0 0 0 35.17 -0.62 6.93 -0.64 -5.13 14.28 -0.7 -3.21 -17.29 -0.94 -6.17 17.29 9.17 3.36 12.27 3.7 5.92 4.14 -2.04 3.08 -1.97 -7.69 -5.91 0.96 11.58 -8.53 9.25 4.52 -4.03 3.41 -0 -0 0 -88.91 6.34 14.64 16.91 -26.74 -4.05 -0 0 -0.96 17.51 -8.34 -2.62 -7.12 0 -0 -6.76 21.26 3.87 -0 -0 0 84.16 8.95 20 -17.85 27.97 -4.48 0 -0 -9.53 -19.71 -21.43 7.46 7.12 -0 -0 9.26 -52.38 -1.69
-3.91 17.53 9.28 -91.01 77.76 269.07 0 0 0 -0.27 -6.22 -31.58 1.93 8.72 24.92 0.22 -1.13 -8.48 0.14 -2.45 -6.76 0 0 0 36 -0.43 8.05 -0.72 -5.44 15.15 -0.88 -3.12 -19.07 -0.81 -5.75 16.06 10.01 3.42 11.54 3.83 6.03 3.93 -2.32 3.14 -1.7 -7.58 -5.97 0.99 11.46 -8.6 9.14 4.46 -4.07 3.36 -0 -0 0 -89.7 5.89 13.66 17.41 -27.4 -4.28 -0 -0 1.49 17.77 -9.47 -3.02 -7.12 0 -0 -6.56 20.08 3.94 -0 -0 0 84.52 9.62 21.7 -19.12 29.57 -5.09 0 -0 -11.37 -20.83 -21.38 7.89 7.12 -0 -0 8.12 -52.52 -1.51
-3.25 17.45 9.24 -89.53 78.03 271.39 0 0 0 0.8 -9.27 -31.29 1.49 7.71 21.85 0.79 -6.94 -15.88 0.75 5.53 15.44 0 0 0 35.41 -1.1 9.54 -0.71 -5.38 15.01 -0.94 -2.91 -19.54 -0.51 -4.56 12.65 9.61 3.42 10.49 3.6 5.83 3.6 -2.25 3.03 -1.51 -7.32 -6.01 0.81 11.63 -8.7 9.83 4.46 -4.07 3.6 0 0 0 -89.08 5.69 16.01 17.63 -27.68 -4.38 -0 -0 0.04 17.38 -7.02 -2.19 -7.12 0 -0 -6.88 22.65 3.73 0 0 0 85.36 9.92 22.8 -20.3 31 -5.68 0 -0 -11.67 -21.02 -21.63 8.06 7.12 -0 -0 8.01 -52.82 -1.55
-2.62 17.38 9.19 -94.47 78.73 266.07 0 0 0 -3.45 -4.23 -32.5 1.53 7.81 22.13 0.27 -6.48 -9.65 0.34 -3.77 -10.43 0 0 0 34.76 -1.51 12.52 -0.69 -5.31 14.8 -0.91 -4.2 -19.96 -0.4 -4.04 11.2 8.97 2.78 11.21 3.42 5.01 3.44 -2.07 2.58 -2.21 -7.2 -6.07 0.94 11.54 -8.78 9.92 4.41 -4.12 3.61 0 -0 0 -88.94 5.57 17.39 17.79 -27.89 -4.45 -0 -0 0.39 18.19 -9.72 -3.18 -7.12 0 -0 -6.26 19.79 3.8 0 -0 0 85.75 9.89 24 -21.36 32.24 -6.24 0 -0 -12.43 -20.55 -21.6 7.86 7.12 -0 -0 8.48 -52.71 -1.62
-1.93 17.41 9.16 -97.47 79.32 262.58 0 0 0 -3.97 -6.98 -30.94 1.95 8.77 25.08 0.04 -5.95 -5.12 0.02 1 2.76 0 0 0 34.7 -1.27 15.66 -0.65 -5.17 14.39 -0.59 -7.04 -18.75 -0.2 -2.86 7.9 8.18 2.56 11.39 3.12 4.62 3.55 -1.92 2.39 -2.27 -7.52 -6.29 0.6 12.46 -9.19 10.64 4.71 -4.25 3.98 -0 -0 0 -88.05 4.61 18.76 17.77 -27.86 -4.44 -0 -0 2.28 16.38 -9.59 -2.8 -7.12 0 -0 -7.56 20.04 4.55 -0 -0 0 86.59 9.51 24.12 -22.28 33.29 -6.74 0 -0 -12.09 -20.96 -20.91 7.78 7.12 -0 -0 7.83 -52.06 -1.37
-1.18 17.46 9.06 -90.96 80.53 268.88 0 0 0 -5.19 -9.13 -27.92 2.1 9.07 26 0.01 -2.18 -2.39 0.24 3.17 8.74 0 0 0 33.35 -0.33 15.11 -1.29 -7.19 20.28 -0.3 -8.43 -16.59 -0.02 0.92 -2.54 6.79 2.85 10.77 2.91 4.76 3.78 -1.33 2.47 -1.77 -7.87 -6.46 0.43 12.73 -9.47 11.32 4.83 -4.37 4.27 0 0 0 -87.76 3.18 18.55 17.26 -27.2 -4.21 -0 -0 3.13 16.3 -11.14 -3.23 -7.12 0 -0 -7.6 18.44 4.85 0 0 0 86.8 8.86 24.23 -22.78 33.85 -7.02 0 -0 -12.05 -20.74 -20.96 7.71 7.12 -0 -0 8.07 -52.08 -1.41
-0.43 17.53 8.95 -82.07 82.03 277.35 0 0 0 -8.26 -6.09 -25.88 2.14 9.16 26.29 -0 -1.9 -1.23 0 -0.11 -0.3 0 0 0 30.95 0.86 11.78 -2.84 -10.42 30.36 -0 -8.44 -12.08 -0.18 2.76 -7.61 5.25 2.96 10.83 2.43 4.71 3.63 -0.99 2.42 -2.06 -7.75 -6.43 -0.11 12.4 -9.48 12.74 4.69 -4.31 4.77 -0 -0 0 -87.56 2.97 17.73 17.33 -27.29 -4.24 -0 -0 3.08 17.67 -15.08 -4.74 -7.12 0 -0 -6.69 14.26 4.87 -0 -0 0 86.92 7.63 24.98 -22.24 33.25 -6.72 0 -0 -12.02 -20.38 -19.92 7.21 7.12 -0 -0 8.08 -50.94 -1.19
0.29 17.63 8.87 -72.61 83.25 285.75 0 0 0 -10.59 -4.02 -22.44 2.17 9.22 26.49 0.01 -3.16 -2.52 0.03 1.16 3.19 0 0 0 28.29 1.4 7.12 -5.16 -13.56 41.52 0.33 -10.18 -2.39 -0.01 0.73 -2 3.2 2.7 11.54 2.45 4.19 3.71 0.18 2.15 -2.54 -8.26 -5.88 -0.69 12.15 -8.76 14.19 4.73 -3.93 5.24 -0 -0 0 -87.64 2.74 16.78 17.48 -27.49 -4.31 -0 -0 1.47 18.65 -10.91 -3.66 -7.12 0 -0 -5.94 18.52 3.77 -0 -0 0 86.53 7.07 25.75 -21.1 31.94 -6.1 0 -0 -11.9 -20.45 -20.43 7.42 7.12 -0 -0 8.18 -51.48 -1.31
0.99 17.77 8.78 -55.98 84.15 301.8 0 0 0 -13.04 -2.35 -18.28 1.91 8.67 24.76 0.05 -2.52 -4.03 0.01 0.49 1.33 0 0 0 25.34 2.82 1.32 -8.02 -16.14 52.64 0.16 -14.06 7.81 -0.39 -3.99 11.04 2.19 2.66 11.23 1.81 3.97 4.02 0.14 2.04 -2.07 -7.77 -5.57 -1.46 11.5 -8.31 14.99 4.45 -3.68 5.53 0 0 0 -86.24 2.37 17.54 18.13 -28.32 -4.61 -0 0 -0.26 18.04 -10.27 -3.32 -7.12 0 -0 -6.37 19.23 3.94 0 0 0 87.12 7.38 25.28 -19.62 30.18 -5.34 0 -0 -10.35 -18.89 -20.89 6.96 7.12 -0 -0 9.88 -51.69 -1.64
1.68 17.88 8.68 -38.09 84.19 319.19 0 0 0 -15.14 -0.89 -13.96 1.59 7.96 22.58 0.09 -1.27 -5.47 0.01 0.46 1.27 0 0 0 22.56 3.39 -4.27 -10.6 -17.73 61.48 0.06 -15.87 10.45 -0.74 -5.5 15.35 1.21 2.56 11.11 1.64 3.71 3.99 0.54 1.91 -2.1 -6.33 -5.07 -1.23 9.23 -7.42 15.33 3.56 -3.3 5.37 0 0 0 -85.26 2.05 18.62 18.34 -28.59 -4.71 -0 0 -0.82 17.91 -9.62 -3.09 -7.12 0 -0 -6.46 19.92 3.9 0 0 0 86.58 6.98 25.87 -18.49 28.79 -4.79 0 -0 -9.92 -18.4 -20.85 6.75 7.12 -0 -0 10.34 -51.56 -1.69
2.31 17.96 8.61 -21.73 83.86 335.05 0 0 0 -17.09 0.09 -10.33 1.4 7.47 21.12 0.13 -0.29 -6.74 0.07 1.67 4.6 0 0 0 20.02 3.46 -9.84 -12.72 -18.68 68.27 0.47 -14.43 3.26 -1.07 -6.58 18.48 0.27 2.37 11.51 1.24 3.34 3.79 0.68 1.72 -2.55 -6.4 -4.64 -1.28 9.21 -6.87 16.59 3.6 -3 5.73 0 -0 0 -83.7 1.46 19.06 18.22 -28.44 -4.65 -0 0 -0.16 18.39 -9.52 -3.15 -7.12 0 -0 -6.12 19.98 3.68 0 -0 0 86.73 6.44 25.07 -17.46 27.46 -4.3 0 -0 -8.55 -18.38 -20.65 6.68 7.12 -0 -0 10.29 -51.35 -1.62
2.92 17.98 8.54 -17.52 82.96 338.88 0 0 0 -17.66 1.41 -7.83 1.41 7.51 21.23 0.22 -0.42 -8.77 0.06 1.53 4.2 0 0 0 19.01 3.63 -14.95 -13.8 -19.05 71.58 0.51 -12.87 -1.7 -1.81 -8.47 24.14 0.48 2.19 11.78 1.25 3.13 3.71 0.59 1.61 -2.76 -5.77 -4.35 -1.38 8.62 -6.45 17.3 3.34 -2.77 5.9 0 0 0 -82.43 0.85 19.91 18.43 -28.71 -4.76 -0 -0 0.24 18.64 -9.43 -3.17 -7.12 0 -0 -5.94 20.06 3.56 0 0 0 86.92 5.85 22.53 -16.74 26.51 -3.97 0 -0 -6.84 -17.33 -20.13 6.13 7.12 -0 -0 11.13 -50.65 -1.57
3.53 17.94 8.54 -4.39 82.08 351.58 0 0 0 -19.28 3.82 -6.17 1.53 7.8 22.11 0.38 -2.18 -11.02 0.26 3.26 8.99 0 0 0 17.04 3.97 -19.31 -13.87 -19.07 71.81 0.44 -11.72 -2.85 -0.93 -6.15 17.23 -1.65 1.93 11.88 1.2 2.54 3.95 1.82 1.31 -2.65 -5.37 -3.64 -1.73 7.86 -5.4 17.31 3.09 -2.29 5.85 0 -0 0 -81.63 0.05 19.17 18.85 -29.23 -4.96 -0 0 -0.93 18.38 -8.92 -2.95 -7.12 0 -0 -6.13 20.62 3.6 0 -0 0 86.71 5.73 21.76 -16.17 25.75 -3.72 0 -0 -6.96 -18.58 -19.71 6.47 7.12 -0 -0 9.77 -50.42 -1.32
4.1 17.9 8.5 0.23 81.05 356.41 0 0 0 -20.37 4.82 -4.55 1.56 7.89 22.39 0.53 -1.99 -13.19 0.24 3.14 8.68 0 0 0 15.94 4.43 -24.16 -13.1 -18.82 69.44 0.26 -9.11 -4.58 -0.7 -5.36 14.93 -2.27 1.76 11.98 1.33 2.25 3.87 2.34 1.17 -2.8 -5.24 -3.21 -1.92 7.32 -4.75 17.73 2.94 -1.99 5.95 -0 0 0 -81.12 -0.85 18.62 19.01 -29.43 -5.03 -0 0 -1.08 18.46 -9.19 -3.05 -7.12 0 -0 -6.07 20.32 3.61 -0 0 0 86.03 5.22 20.71 -16.12 25.69 -3.7 0 -0 -8.03 -18.89 -20.87 6.95 7.12 -0 -0 9.87 -51.66 -1.63
4.67 17.85 8.5 4.07 80.77 360.42 0 0 0 -21.31 5.63 -3.25 1.66 8.11 23.05 0.63 -1.22 -14.64 0 -0.12 -0.33 0 0 0 15.21 4.07 -27.49 -11.27 -18.07 63.66 0.11 -7.08 -6.69 -0.61 -5.02 13.96 -3.09 1.24 12.12 1.44 1.46 3.86 3.03 0.78 -2.86 -5.59 -2.43 -1.88 7.42 -3.68 17.83 3.09 -1.49 5.91 0 -0 0 -80.39 -1.63 18.55 19.31 -29.8 -5.18 -0 0 -2.02 19.19 -8.74 -3.03 -7.12 0 -0 -5.55 20.76 3.24 0 -0 0 85.61 4.93 19.41 -15.86 25.32 -3.58 0 -0 -8.96 -19.72 -20.63 7.2 7.12 -0 -0 8.97 -51.56 -1.46
5.25 17.79 8.55 5.23 80.4 361.93 0 0 0 -21.5 6.66 -1.73 1.67 8.15 23.16 0.77 -2.04 -15.98 0 0.22 0.6 0 0 0 15.45 4.25 -29.46 -8.72 -16.63 55.13 0.08 -7.5 -8.55 -0.25 -3.22 8.9 -3.47 0.82 12.23 1.34 0.85 3.77 3.23 0.48 -2.97 -4.55 -1.82 -1.43 6.88 -2.85 17.89 2.8 -1.06 5.77 -0 0 0 -78.6 -2.04 19.91 19.79 -30.39 -5.42 -0 0 -3.08 20.17 -8.39 -3.07 -7.12 0 -0 -4.84 21.06 2.79 -0 0 0 85.74 4.4 18.39 -15.75 25.19 -3.54 0 -0 -9.77 -20.3 -21 7.55 7.12 -0 -0 8.52 -52.04 -1.49
5.84 17.76 8.59 7.15 79.72 364.56 0 0 0 -22.06 7.44 0.65 1.42 7.54 21.32 0.85 -1.93 -16.91 0.02 0.88 2.43 0 0 0 15.39 4.92 -30.68 -5.96 -14.39 44.83 0.04 -8.03 -10.52 -0.79 -5.66 15.79 -3.85 0.6 11.8 1.3 0.53 3.83 3.45 0.31 -2.64 -4.46 -1.54 -1.23 6.66 -2.45 17.95 2.74 -0.88 5.73 0 0 0 -77.57 -3.32 20.84 19.85 -30.46 -5.45 -0 0 -3.22 20.41 -9.03 -3.34 -7.12 0 -0 -4.67 20.37 2.76 0 0 0 85.4 4.11 17.71 -15.54 24.9 -3.45 0 -0 -10.11 -20.28 -20.47 7.36 7.12 -0 -0 8.35 -51.49 -1.34
6.46 17.73 8.65 4.26 78.88 363.14 0 0 0 -21.63 8.94 2.06 1.18 6.88 19.36 0.92 -1.99 -17.58 0 0.14 0.38 0 0 0 16.04 6.99 -30.98 -3.35 -11.24 33.11 0.23 -10.19 -9.68 -1.15 -6.8 19.11 -3.54 0.49 10.53 1.56 0.45 3.88 3.56 0.25 -1.9 -3.81 -1.02 -1.93 5.95 -1.68 18.32 2.44 -0.5 5.92 0 -0 0 -76.69 -4.24 21.7 20.64 -31.4 -5.86 -0 0 -3.43 18.94 -8.28 -2.83 -7.12 0 -0 -5.73 21.25 3.28 0 -0 0 85.23 3.79 16.09 -15.43 24.74 -3.4 0 -0 -9.61 -20.89 -20.74 7.7 7.12 -0 -0 7.84 -51.88 -1.33
7.06 17.72 8.73 8.77 79.03 368.57 0 0 0 -22.49 9.98 4.97 0.78 5.63 15.72 0.91 -1.78 -17.5 0.01 -0.47 -1.29 0 0 0 14.26 9.73 -30.93 -1.8 -8.43 24.03 0.23 -11.25 -12.02 -0.96 -6.24 17.49 -4.25 0.23 10.2 1.4 0.05 3.84 3.84 0.04 -1.71 -3.29 -0.55 -3.09 5.21 -0.95 19.25 2.18 -0.14 6.37 -0 0 0 -75.86 -4.91 22.88 21.66 -32.59 -6.4 -0 0 -4.4 18.46 -8.63 -2.87 -7.12 0 -0 -6.08 20.92 3.53 -0 0 0 85.02 3.18 14.98 -15.41 24.72 -3.4 0 -0 -10.14 -19.86 -21.62 7.58 7.12 -0 -0 9.18 -52.6 -1.73
7.69 17.64 8.81 15.98 79.7 376.6 0 0 0 -23.5 10.36 8.15 0.47 4.38 12.14 0.79 -1.95 -16.27 0.01 -0.6 -1.64 0 0 0 11.71 11.25 -31.85 -1.18 -6.9 19.43 -0.6 -7.25 -19.02 -0.84 -5.86 16.37 -5.15 -0.34 9.86 1.35 -0.78 3.76 4.38 -0.39 -1.51 -3.96 -0.12 -3.22 5.2 -0.31 19.26 2.32 0.12 6.37 0 -0 0 -75.63 -5.09 24.13 22.9 -33.97 -7.08 -0 0 -5.4 18.64 -7.03 -2.36 -7.12 0 -0 -5.96 22.58 3.23 0 -0 0 84.89 2.91 12.6 -14.5 23.44 -3.02 0 -0 -7.5 -20.08 -21.24 7.55 7.12 -0 -0 8.82 -52.25 -1.59
8.32 17.57 8.94 14.84 80.14 375.6 0 0 0 -22.57 11.24 11.76 0.28 3.42 9.46 0.69 -1.11 -15.39 0.13 -2.35 -6.48 0 0 0 12.18 11.18 -32.1 -1.19 -6.92 19.47 -0.78 -4.56 -18.94 -0.06 -1.58 4.35 -4.59 -0.75 10.59 1.34 -1.31 3.64 4.14 -0.63 -2 -3.5 0.4 -2.95 4.73 0.43 19.05 2.14 0.46 6.22 0 -0 0 -75.39 -4.96 23.6 23.41 -34.53 -7.37 -0 0 -4.58 18.74 -8.58 -2.9 -7.12 0 -0 -5.87 20.95 3.4 0 -0 0 84.64 1.82 13.99 -13.82 22.48 -2.76 0 -0 -8.87 -19.94 -22.28 7.83 7.12 -0 -0 9.34 -53.28 -1.92
9.02 17.51 9.11 13.76 79.64 374.08 0 0 0 -21.83 12.13 15.56 0.2 2.88 7.94 0.56 0.14 -14.18 0.21 -2.95 -8.13 0 0 0 13.25 11.15 -31.5 -1.53 -7.8 22.11 -0.46 -2.75 -14.12 -0.43 -4.22 11.69 -5.32 -0.49 10.61 1.91 -1 4.19 5.11 -0.5 -1.43 -2.86 0.96 -3.08 3.5 1.34 18.74 1.69 0.85 6.12 0 -0 0 -76.27 -5.12 23.87 24.02 -35.19 -7.72 -0 0 -3.94 18.37 -9.68 -3.2 -7.12 0 -0 -6.14 19.82 3.71 0 -0 0 84.19 1.9 11.14 -12.4 20.4 -2.24 0 -0 -6.47 -20.02 -20.88 7.4 7.12 -0 -0 8.76 -51.87 -1.49
9.77 17.5 9.28 12.42 80.42 372.48 0 0 0 -20.99 11.26 17.98 0.26 3.27 9.03 0.36 1.62 -12.08 0.59 -4.91 -13.65 0 0 0 14.49 10.62 -30.48 -1.85 -8.54 24.36 -0.18 -3.72 -10.21 -0.84 -5.85 16.34 -4.96 -0.75 10.64 2.37 -1.28 4.49 5.42 -0.65 -1.1 -2.57 1.28 -3.36 2.41 1.94 18.91 1.33 1.08 6.23 -0 0 0 -77.87 -4.29 24.44 25.06 -36.26 -8.32 -0 0 -5.47 21.11 -7.18 -2.76 -7.12 0 -0 -4.15 22.3 2.27 -0 0 0 84.09 2.19 6.26 -10.63 17.71 -1.66 0 -0 -2.04 -20.21 -20.31 7.28 7.12 -0 -0 8.37 -51.32 -1.31
10.56 17.59 9.47 6.29 80.99 366.26 0 0 0 -20.1 8.64 16.97 0.82 5.79 16.16 0.19 3.54 -10.23 0.87 -5.94 -16.61 0 0 0 15.96 11.42 -28.13 -1.99 -8.85 25.34 0.04 -5.62 -6.52 -1.66 -8.13 23.1 -4.04 -0.74 10.39 3.06 -1.14 4.45 5.6 -0.58 -1.03 -2.71 1.6 -3.37 2.32 2.46 19.98 1.38 1.33 6.55 0 -0 0 -79.23 -2.41 25.57 25.67 -36.88 -8.69 -0 0 -4.02 21.18 -8.09 -3.12 -7.12 0 -0 -4.11 21.32 2.34 0 -0 0 84.05 1.71 -0.18 -9.15 15.4 -1.24 0 0 2.66 -20.61 -20.19 7.4 7.12 -0 -0 7.94 -51.26 -1.23
11.35 17.63 9.63 -4.94 80.41 354.8 0 0 0 -18.46 7.03 12.74 2.37 9.61 27.71 -0.11 6.6 -5.79 0.86 -5.9 -16.51 0 0 0 18.87 10.53 -25.72 -2.08 -9.04 25.92 0.12 -6.33 -3.95 -1.4 -7.47 21.13 -1.42 -0.7 10.88 3.4 -0.83 4.21 4.43 -0.38 -1.64 -2.34 1.96 -3.34 2.05 3.02 21.06 1.28 1.62 6.89 -0 -0 0 -80.34 -0.1 26.01 26.17 -37.37 -8.99 -0 0 -3.94 19.45 -8.84 -3.11 -7.12 0 -0 -5.36 20.64 3.14 -0 -0 0 84.48 0.66 -4.01 -8.3 14.04 -1.02 0 0 4.74 -20.76 -21.69 7.98 7.12 -0 -0 8.29 -52.83 -1.61
12.09 17.73 9.78 -17.89 79.24 341.34 0 0 0 -14.79 7.08 6.61 4.92 13.3 40.49 -0.15 9.43 3.51 0.01 -0.73 -2.01 0 0 0 22.62 9.33 -22.39 -2.09 -9.05 25.95 0.06 -4.89 -3.94 -1.54 -7.84 22.22 1.32 -0.46 11.83 4.04 -0.14 4.16 3.48 0 -2.28 -2.05 2.11 -2.53 1.78 3.23 20.7 1.14 1.72 6.64 -0 -0 0 -81.43 1.6 27.2 26.03 -37.24 -8.91 -0 0 -3.01 17.77 -9.63 -3.07 -7.12 0 -0 -6.56 19.91 3.96 -0 -0 0 84.74 0.08 -7.65 -7.58 12.88 -0.86 0 0 7.24 -19.79 -21.56 7.53 7.12 -0 -0 9.23 -52.53 -1.72
12.83 17.84 9.93 -26.68 78.8 332.1 0 0 0 -12.17 5.58 0.34 7.85 16 52 0.25 14.79 12.98 0.54 4.7 13.07 0 0 0 25.25 7.73 -18.72 -1.96 -8.77 25.08 0.04 -4.46 -4.55 -1.43 -7.57 21.41 3.13 -0.38 11.91 4.58 0.22 4.56 2.98 0.21 -1.91 -3.42 3.06 0.81 2.9 4.29 17.77 1.66 2.22 5.07 0 -0 0 -81.77 2.29 30.77 26.06 -37.26 -8.92 -0 0 -3.29 16.49 -8.36 -2.46 -7.12 0 -0 -7.5 21.3 4.3 0 -0 0 84.54 0.58 -8.58 -7.09 12.06 -0.75 0 0 8.58 -20.15 -21.6 7.7 7.12 -0 -0 8.88 -52.64 -1.68
13.51 17.93 10.1 -32.73 78.11 325.14 0 0 0 -10.09 3.68 -4.6 10.36 17.61 60.68 0.46 15.41 15.23 1.4 7.5 21.2 0 0 0 27.63 6.94 -14.19 -1.75 -8.33 23.72 0.06 -5.42 -5.63 -0.59 -4.9 13.63 3.98 -0.21 12.55 5 0.62 5.02 2.89 0.43 -1.78 -3.86 3.64 2.29 3.63 4.95 16.95 1.93 2.56 4.51 -0 -0 0 -84.37 1.32 27.31 23.59 -34.73 -7.47 -0 -0 3.86 13.84 -9.46 -2.32 -7.12 0 -0 -9.37 20.3 5.61 -0 -0 0 84.54 1.44 -8.2 -7.03 11.97 -0.74 0 0 10.03 -18.99 -21.09 7.06 7.12 -0 -0 9.85 -51.91 -1.69
13.85 17.97 10.17 -35.02 77.65 322.51 0 0 0 -8.82 3.5 -7.19 11.41 18.13 64.1 0.45 11.9 13.6 1.31 7.25 20.45 0 0 0 28.64 6.86 -12.05 -1.68 -8.16 23.21 0.05 -5.75 -6.62 -0.58 -4.89 13.59 4.62 0.02 12.78 5.1 1.03 5.17 2.57 0.65 -1.76 -2.88 3.38 1.81 3.19 4.68 17.65 1.65 2.47 4.85 -0 -0 0 -84.98 1.63 27.73 23.03 -34.12 -7.15 -0 -0 4.9 14.3 -9.91 -2.51 -7.12 0 -0 -9.03 19.83 5.5 -0 -0 0 84.64 1.78 -7.07 -7.12 12.12 -0.76 0 0 10.47 -19.25 -21.03 7.15 7.12 -0 -0 9.57 -51.89 -1.64
13.85 17.97 10.17 -35.02 77.65 322.51 0 0 0 -8.82 3.5 -7.19 11.41 18.13 64.1 0.45 11.9 13.6 1.31 7.25 20.45 0 0 0 28.64 6.86 -12.05 -1.68 -8.16 23.21 0.05 -5.75 -6.62 -0.58 -4.89 13.59 4.62 0.02 12.78 5.1 1.03 5.17 2.57 0.65 -1.76 -2.88 3.38 1.81 3.19 4.68 17.65 1.65 2.47 4.85 -0 -0 0 -84.98 1.63 27.73 23.03 -34.12 -7.15 -0 -0 4.9 14.3 -9.91 -2.51 -7.12 0 -0 -9.03 19.83 5.5 -0 -0 0 84.64 1.78 -7.07 -7.12 12.12 -0.76 0 0 10.47 -19.25 -21.03 7.15 7.12 -0 -0 9.57 -51.89 -1.64
13.85 17.97 10.17 -35.02 77.65 322.51 0 0 0 -8.82 3.5 -7.19 11.41 18.13 64.1 0.45 11.9 13.6 1.31 7.25 20.45 0 0 0 28.64 6.86 -12.05 -1.68 -8.16 23.21 0.05 -5.75 -6.62 -0.58 -4.89 13.59 4.62 0.02 12.78 5.1 1.03 5.17 2.57 0.65 -1.76 -2.88 3.38 1.81 3.19 4.68 17.65 1.65 2.47 4.85 -0 -0 0 -84.98 1.63 27.73 23.03 -34.12 -7.15 -0 -0 4.9 14.3 -9.91 -2.51 -7.12 0 -0 -9.03 19.83 5.5 -0 -0 0 84.64 1.78 -7.07 -7.12 12.12 -0.76 0 0 10.47 -19.25 -21.03 7.15 7.12 -0 -0 9.57 -51.89 -1.64
13.85 17.97 10.17 -35.02 77.65 322.51 0 0 0 -8.82 3.5 -7.19 11.41 18.13 64.1 0.45 11.9 13.6 1.31 7.25 20.45 0 0 0 28.64 6.86 -12.05 -1.68 -8.16 23.21 0.05 -5.75 -6.62 -0.58 -4.89 13.59 4.62 0.02 12.78 5.1 1.03 5.17 2.57 0.65 -1.76 -2.88 3.38 1.81 3.19 4.68 17.65 1.65 2.47 4.85 -0 -0 0 -84.98 1.63 27.73 23.03 -34.12 -7.15 -0 -0 4.9 14.3 -9.91 -2.51 -7.12 0 -0 -9.03 19.83 5.5 -0 -0 0 84.64 1.78 -7.07 -7.12 12.12 -0.76 0 0 10.47 -19.25 -21.03 7.15 7.12 -0 -0 9.57 -51.89 -1.64
13.85 17.97 10.17 -35.02 77.65 322.51 0 0 0 -8.82 3.5 -7.19 11.41 18.13 64.1 0.45 11.9 13.6 1.31 7.25 20.45 0 0 0 28.64 6.86 -12.05 -1.68 -8.16 23.21 0.05 -5.75 -6.62 -0.58 -4.89 13.59 4.62 0.02 12.78 5.1 1.03 5.17 2.57 0.65 -1.76 -2.88 3.38 1.81 3.19 4.68 17.65 1.65 2.47 4.85 -0 -0 0 -84.98 1.63 27.73 23.03 -34.12 -7.15 -0 -0 4.9 14.3 -9.91 -2.51 -7.12 0 -0 -9.03 19.83 5.5 -0 -0 0 84.64 1.78 -7.07 -7.12 12.12 -0.76 0 0 10.47 -19.25 -21.03 7.15 7.12 -0 -0 9.57 -51.89 -1.64
13.85 17.97 10.17 -35.02 77.65 322.51 0 0 0 -8.82 3.5 -7.19 11.41 18.13 64.1 0.45 11.9 13.6 1.31 7.25 20.45 0 0 0 28.64 6.86 -12.05 -1.68 -8.16 23.21 0.05 -5.75 -6.62 -0.58 -4.89 13.59 4.62 0.02 12.78 5.1 1.03 5.17 2.57 0.65 -1.76 -2.88 3.38 1.81 3.19 4.68 17.65 1.65 2.47 4.85 -0 -0 0 -84.98 1.63 27.73 23.03 -34.12 -7.15 -0 -0 4.9 14.3 -9.91 -2.51 -7.12 0 -0 -9.03 19.83 5.5 -0 -0 0 84.64 1.78 -7.07 -7.12 12.12 -0.76 0 0 10.47 -19.25 -21.03 7.15 7.12 -0 -0 9.57 -51.89 -1.64
17.95 17.92 10.6 -51.61 74.35 307.34 0 0 0 -4.36 -0.23 -31.36 5.57 14 43.25 0.04 2.98 -6.17 0.17 -2.66 -7.35 0 0 0 34.14 -0.38 1.17 -1.5 -7.72 21.88 -0.58 -2.5 -15.49 -0.23 -3.06 8.45 10.37 1.86 12.74 5.07 4.2 4.79 -1.06 2.28 -1.72 -0.82 5.59 -1.14 3.48 7.68 20.3 1.68 4.12 6.17 -0 -0 0 -86.75 6.95 32.08 21.82 -32.77 -6.49 -0 -0 1.58 7.69 -11.56 -1.55 -7.12 0 -0 -13.58 18.5 8.82 -0 -0 0 81.42 8.71 16.98 -16.35 25.99 -3.8 0 -0 -11.08 -19.75 -21.03 7.34 7.12 -0 -0 9.08 -51.98 -1.57
18.61 17.88 10.61 -53.88 73.54 305.9 0 0 0 -3.52 -1.48 -31.71 3.29 11.15 32.79 -0.1 6.8 -6.38 0.01 -0.76 -2.09 0 0 0 34.85 -1.17 4.04 -1.17 -6.87 19.33 -0.56 -2.83 -15.45 -0.09 -1.94 5.33 11.41 2.27 12.21 5.22 4.8 4.53 -1.52 2.58 -1.57 -0.78 5.92 -0.91 3.31 8.13 19.64 1.62 4.32 5.92 -0 -0 0 -87.16 7.05 31.6 20.89 -31.7 -5.99 -0 -0 0.4 7.88 -12.77 -1.75 -7.12 0 -0 -13.38 17.3 9.05 -0 -0 0 80.13 10.22 17.3 -17.74 27.82 -4.42 0 -0 -11.62 -19.37 -22.32 7.6 7.12 -0 -0 9.94 -53.22 -2.02
19.28 17.81 10.61 -55.21 72.89 305.59 0 0 0 -1.43 -6.39 -31.23 1.96 8.78 25.11 0.06 10.1 -15.35 0.06 1.52 4.17 0 0 0 35.26 -1.52 6.38 -0.96 -6.23 17.47 -0.57 -2.9 -15.63 -0.05 -1.45 3.99 11.93 2.77 11.42 5.16 5.41 4.1 -1.89 2.87 -1.48 -0.26 6.22 -0.77 3.14 8.53 19.23 1.48 4.53 5.79 0 0 0 -86.83 7.8 31.36 21 -31.82 -6.05 -0 0 -0.43 9.47 -9.68 -1.61 -7.12 0 -0 -12.46 20.28 7.55 0 0 0 79.41 11.53 17.48 -18.86 29.24 -4.96 0 -0 -13.46 -21.45 -22.53 8.56 7.12 -0 -0 7.91 -53.83 -1.73
20.02 17.69 10.59 -59.21 71.7 301.42 0 0 0 0.82 -9.11 -30.13 1.45 7.61 21.54 0.6 12.01 -23.47 0.23 -3.08 -8.5 0 0 0 36.28 -3.03 9.24 -0.91 -6.09 17.05 -0.64 -2.52 -16.28 -0.01 -0.5 1.37 13.34 2.86 11.02 5.51 5.67 4.05 -2.26 3.03 -1.17 -0.13 6.45 -1.13 3.27 8.84 19.62 1.54 4.71 5.97 0 0 0 -86.99 7.78 30.7 19.86 -30.47 -5.46 -0 0 -1.26 10.14 -9.25 -1.65 -7.12 0 -0 -12 20.67 7.15 0 0 0 78.76 12.54 15.55 -19.65 30.22 -5.36 0 -0 -12.23 -19.38 -21.5 7.35 7.12 -0 -0 9.61 -52.39 -1.76
20.7 17.63 10.55 -61.16 71.95 299.3 0 0 0 -1.89 -3.72 -32.79 1.67 8.13 23.11 0.49 6.83 -17.47 0.02 -0.94 -2.59 0 0 0 36.07 -3.09 12.14 -0.85 -5.87 16.4 -0.51 -3.98 -15.58 -0 0.2 -0.55 13.25 2.68 11.55 5.24 5.54 3.59 -2.56 2.9 -1.95 0.36 6.98 -0.74 3.44 9.52 19.7 1.54 5.09 5.93 -0 -0 0 -87.07 7.9 28.28 18.5 -28.8 -4.79 -0 0 -0.32 10.06 -8.96 -1.58 -7.12 0 -0 -12.08 20.97 7.11 -0 -0 0 78.72 12.99 14.98 -20.55 31.29 -5.81 0 -0 -12.55 -18.75 -21.05 6.95 7.12 -0 -0 10.08 -51.82 -1.71
21.45 17.62 10.53 -60.77 73.22 298.96 0 0 0 -4.23 -4.11 -31.96 2.14 9.15 26.27 0.25 7.6 -15.12 0.59 4.94 13.73 0 0 0 34.37 -3.48 13.62 -1.13 -6.76 18.99 -0.35 -5.01 -14.17 -0.2 2.89 -7.96 11.22 3.08 11.29 5.02 5.76 3.71 -1.7 3 -1.84 -0.29 7.06 0 4.01 9.58 19.05 1.76 5.12 5.54 0 -0 0 -86.77 7.37 27.46 17.21 -27.13 -4.18 -0 0 -0.18 10.8 -10.62 -2.01 -7.12 0 -0 -11.47 19.28 7.18 0 -0 0 78.77 12.51 14.2 -22.34 33.36 -6.77 0 -0 -15.22 -22.48 -22.09 8.85 7.12 -0 -0 6.69 -53.57 -1.41
22.3 17.63 10.42 -57.78 73.21 300.71 0 0 0 -5.63 -2.44 -30.11 2.59 10 28.98 -0.06 8.44 -10.67 0.93 6.14 17.18 0 0 0 32.58 -3.27 13.65 -1.97 -8.81 25.2 -0.15 -4.25 -10.09 -0.44 4.24 -11.76 11.17 3.62 10.64 4.73 6.3 4.11 -1.94 3.33 -0.97 -0.99 7.12 0.51 4.75 9.61 18.93 2.07 5.14 5.34 -0 -0 0 -87.05 6.32 24.2 15.56 -24.91 -3.46 -0 -0 2.33 10.04 -9.01 -1.59 -7.12 0 -0 -12.09 20.92 7.14 -0 -0 0 79.02 11.63 13.46 -23.28 34.4 -7.3 0 -0 -16.01 -24.48 -21.63 9.53 7.12 -0 -0 4.48 -53.46 -0.93
23.09 17.67 10.29 -56.54 74.89 300.84 0 0 0 -8.42 -1.05 -28.29 3.02 10.73 31.37 0.01 6.51 -9.54 1.3 7.23 20.41 0 0 0 29.71 -2.16 9.91 -4.01 -12.18 36.36 0.09 -5.43 -2.5 -0.27 3.33 -9.19 9.93 3.43 10.69 4.23 5.9 4.08 -1.77 3.1 -1.15 -0.01 7.39 -0.62 3.76 10.18 21.05 1.77 5.45 6.3 -0 -0 0 -87.6 5.38 19.24 13.98 -22.7 -2.82 -0 -0 4.08 10.38 -7.71 -1.41 -7.12 0 -0 -11.93 22.2 6.68 -0 -0 0 79.69 10.47 13.62 -23.71 34.86 -7.54 0 -0 -15.8 -24.11 -21.95 9.49 7.12 -0 -0 4.97 -53.73 -1.07
23.8 17.67 10.21 -57.77 77.03 298.42 0 0 0 -11.67 4.25 -28.03 3.45 11.38 33.59 0.15 0.7 -7.52 1.46 7.65 21.65 0 0 0 27.29 -0.6 4.72 -6.97 -15.31 48.76 -0.1 -8.17 7.61 -0 0.1 -0.27 8.48 3.18 11.47 3.57 5.48 3.99 -1.7 2.85 -1.79 0.56 7.54 -0.98 3.01 10.52 21.52 1.51 5.6 6.58 0 0 0 -86.83 5.63 18.84 14.2 -23.02 -2.9 -0 -0 2.48 11.23 -6.08 -1.2 -7.12 0 -0 -11.43 23.8 5.96 0 0 0 80.69 9.23 13.76 -23.74 34.89 -7.56 0 -0 -15.44 -22.44 -22.08 8.82 7.12 -0 -0 6.72 -53.55 -1.42
24.51 17.76 10.11 -59.1 78.6 295.32 0 0 0 -13.41 3.49 -23.45 3.65 11.67 34.59 0.27 0.45 -9.92 1.6 7.99 22.68 0 0 0 25.4 0.81 0.78 -9.67 -17.22 58.39 -0.65 -11.68 15.48 -0.12 -2.23 6.14 7.65 3.01 12.14 3.21 5.19 4.43 -1.61 2.72 -1.76 0.31 7.87 -0.52 2.4 11.11 21.13 1.35 5.83 6.4 -0 -0 0 -85.74 4.89 20.27 14.4 -23.3 -2.98 -0 -0 0.34 10.13 -5.75 -1.02 -7.12 0 -0 -12.26 24.15 6.31 -0 -0 0 81.46 8.17 14.09 -23.64 34.78 -7.5 0 -0 -14.37 -21.73 -21.76 8.4 7.12 -0 -0 7.34 -53.09 -1.47
25.17 17.79 10.01 -65.37 81.11 288.31 0 0 0 -16.2 4.81 -20.62 3.6 11.61 34.36 0.33 -1.72 -10.31 1.48 7.69 21.77 0 0 0 22.89 2.1 -3.95 -12.12 -18.44 66.36 -0.14 -13.18 10.87 -0.35 -3.79 10.5 6.39 2.55 12.16 2.65 4.41 4.49 -1.41 2.32 -1.83 0.17 8.2 -0.62 1.86 11.74 21.65 1.27 6.09 6.6 -0 0 0 -85.32 3.89 20.1 14.86 -23.95 -3.17 -0 -0 1.49 9.64 -6.56 -1.11 -7.12 0 -0 -12.55 23.36 6.7 -0 0 0 81.94 7.63 14.53 -22.16 33.16 -6.67 0 -0 -11.84 -19.27 -20.81 7.08 7.12 -0 -0 9.47 -51.67 -1.57
25.82 17.88 9.91 -78.9 83.94 274.36 0 0 0 -19.55 3.13 -15.75 3.19 11 32.29 0.43 -0.99 -12.02 1.14 6.78 19.06 0 0 0 19.94 2.73 -8.31 -13.59 -18.98 70.94 0.2 -12.48 5.75 -0.25 -3.24 8.95 4.17 2.08 11.53 2.17 3.47 4.56 -0.53 1.84 -1.58 0.11 8.5 -0.64 1.26 12.36 22.31 1.15 6.35 6.86 0 -0 0 -84.63 3.31 21.36 16.53 -26.24 -3.88 -0 -0 0.56 9.82 -6.77 -1.17 -7.12 0 -0 -12.41 23.15 6.69 0 -0 0 82.25 6.49 16 -20.87 31.68 -5.98 0 -0 -10.08 -18.98 -20.21 6.78 7.12 -0 -0 9.55 -51 -1.42
26.39 17.86 9.86 -112.97 85.36 240.02 0 0 0 -21.77 6.25 -13.87 2.97 10.64 31.07 0.39 -4.77 -11.11 0.6 4.94 13.75 0 0 0 17.85 4.01 -12.75 -14.36 -19.22 73.3 0.45 -13.02 1.09 -0.55 -4.76 13.24 2.3 1.91 11.62 1.72 3.02 4.4 0.1 1.59 -1.89 0.42 8.43 -1.17 1.04 12.44 23.54 1.12 6.4 7.39 0 -0 0 -83.77 2.54 22.33 18.63 -28.96 -4.85 -0 -0 1.1 9.61 -6.07 -1.03 -7.12 0 -0 -12.62 23.84 6.6 0 -0 0 82.94 5.2 15.04 -19.07 29.51 -5.07 0 -0 -8.95 -19.01 -20.12 6.76 7.12 -0 -0 9.49 -50.91 -1.39
26.96 17.92 9.8 -144.38 83.83 208.42 0 0 0 -22.94 4.28 -9.88 2.73 10.25 29.79 0.44 -5.07 -11.79 0.75 5.54 15.44 0 0 0 16.9 5.32 -15.86 -13.9 -19.08 71.89 0.47 -12.17 -2.82 -0.98 -6.3 17.66 1.47 1.63 11.65 1.49 2.55 4.36 0.39 1.35 -1.98 -0.26 8.04 -1.62 1.77 11.9 24.33 1.48 6.16 7.64 -0 0 0 -83.13 2.2 24.16 21.87 -32.83 -6.51 -0 0 -1.23 11.81 -6.85 -1.43 -7.12 0 -0 -10.96 23.01 5.91 -0 0 0 83.79 3.92 13.57 -17.35 27.31 -4.25 0 -0 -7.77 -18.77 -19.75 6.55 7.12 -0 -0 9.6 -50.5 -1.31
27.51 17.96 9.72 -160.95 81.47 192.21 0 0 0 -24.22 2.12 -6.85 2.63 10.08 29.23 0.48 -5.78 -12.43 1.08 6.61 18.56 0 0 0 15.55 6.97 -18.73 -12.54 -18.61 67.7 0.36 -10.71 -5.31 -0.67 -5.24 14.6 0.69 1.39 11.55 1.13 2.13 4.14 0.51 1.14 -2.17 -0.01 7.52 -2.16 1.44 11.32 25.07 1.36 5.89 8.03 0 -0 0 -82.65 1.12 24.73 24.16 -35.33 -7.8 -0 0 -2.09 13.71 -8.55 -2.08 -7.12 0 -0 -9.49 21.23 5.49 0 -0 0 84.82 2.76 11.74 -15.58 24.94 -3.47 0 -0 -7.21 -13.47 -20.14 4.72 7.12 -0 -0 14.84 -50.06 -1.89
28.04 17.94 9.66 -167.15 78.61 186.38 0 0 0 -24.82 1.51 -4.69 2.55 9.93 28.75 0.53 -6.88 -13.06 0.56 4.78 13.27 0 0 0 14.79 8.69 -20.74 -10.49 -17.68 61.13 0.25 -10.43 -9.72 -1.05 -6.51 18.28 0.07 1.17 11.22 1.31 1.78 4.19 1.08 0.96 -1.96 -0.52 7.14 -2.75 1.1 10.96 25.33 1.35 5.64 8.21 0 0 0 -82.56 0.5 25.84 27.99 -39.11 -10.12 -0 0 -2.49 13.8 -8.86 -2.17 -7.12 0 -0 -9.42 20.92 5.51 0 0 0 85.04 2.04 9.28 -13.91 22.6 -2.79 0 -0 -5.01 -14.44 -20.28 5.1 7.12 -0 -0 13.97 -50.34 -1.87
28.58 17.93 9.6 -171.49 75.89 182.73 0 0 0 -25.57 -0.49 -2.03 2.39 9.64 27.81 0.57 -6.97 -13.54 0.82 5.78 16.16 0 0 0 13.72 10.25 -21.85 -7.91 -16.05 52.22 0.26 -11.52 -11.89 -0.58 -4.89 13.59 -0.57 1.18 10.93 1.16 1.72 4.13 1.3 0.93 -1.87 -0.39 6.6 -2.95 0.71 10.25 24.88 1.14 5.28 8.13 0 0 0 -81.71 0.34 27.78 32.74 -43.13 -13.24 -0 0 -3.83 13.61 -9.62 -2.32 -7.12 0 -0 -9.53 20.15 5.74 0 0 0 85.85 1.49 5.85 -12.32 20.29 -2.21 0 -0 -3.12 -16.73 -21.07 6.17 7.12 -0 -0 12.07 -51.49 -1.95
29.12 17.94 9.51 -174.62 73.42 180.3 0 0 0 -26.12 -0.65 0.36 2.14 9.16 26.29 0.53 -8.58 -13.42 0.72 5.44 15.16 0 0 0 12.15 12.31 -21.73 -5.15 -13.55 41.45 0.18 -11.74 -13.99 -1.28 -7.17 20.22 -1.34 0.97 10.89 1.07 1.36 4.06 1.69 0.74 -1.93 -0.88 6.32 -4.06 0.99 9.9 25.44 1.36 5.08 8.48 0 0 0 -81.31 0.24 28.14 36.94 -46.15 -16.19 -0 0 -3.93 14.83 -9.89 -2.61 -7.12 0 -0 -8.65 19.81 5.27 0 0 0 86.21 0.82 3.94 -11.08 18.42 -1.8 0 -0 -1.25 -16.94 -20.88 6.2 7.12 -0 -0 11.78 -51.35 -1.86
29.67 17.92 9.44 -175.09 71 180.38 0 0 0 -25.52 -0.28 2.47 1.97 8.8 25.19 0.52 -11.02 -14.03 0.68 5.25 14.64 0 0 0 11.22 14.27 -20.76 -2.79 -10.34 30.1 0.31 -12.08 -11.96 -1.15 -6.8 19.13 -1.78 1.18 11.03 1.25 1.6 4.02 2.1 0.86 -2.07 -0.8 5.67 -3.92 0.45 9 24.41 1.05 4.61 8.14 0 0 0 -81.13 0.23 29.29 41.05 -48.68 -19.22 -0 0 -4.29 15.93 -11.4 -3.23 -7.12 0 -0 -7.86 18.2 5.06 0 0 0 86.55 -0.18 1.97 -10.46 17.45 -1.61 0 -0 -0.49 -16.12 -21.6 6.08 7.12 -0 -0 12.87 -51.93 -2.23
30.22 17.89 9.36 -175.18 68.47 181.33 0 0 0 -24.5 -0.12 3.83 1.83 8.5 24.25 0.4 -14.02 -14.02 0.94 6.16 17.25 0 0 0 10.12 15.72 -20.98 -1.43 -7.55 21.36 0.07 -8.63 -10.94 -0.31 -3.6 9.97 -2.02 1.13 10.77 1.33 1.5 3.78 2.32 0.81 -2.18 -0.5 5.31 -4.69 0.3 8.56 24.96 0.97 4.41 8.49 0 0 0 -80.53 0.85 29.8 44.93 -50.73 -22.18 -0 0 -3.76 17.05 -11.36 -3.46 -7.12 0 -0 -7.07 18.16 4.55 0 0 0 87 -1.57 2.73 -10.52 17.55 -1.63 0 -0 -1.37 -15.8 -21.71 5.98 7.12 -0 -0 13.23 -51.98 -2.31
30.78 17.82 9.28 -175.25 66.8 181.85 0 0 0 -23.77 -0.14 5.86 1.69 8.18 23.27 0.34 -15.55 -14.22 0.99 6.33 17.74 0 0 0 9.53 16.05 -21.49 -0.89 -6.01 16.82 -0.43 -1.3 -12.89 -0.03 1.06 -2.91 -2.38 1.34 10.61 1.49 1.76 3.84 2.67 0.94 -2.06 -0.66 5.04 -4.67 -0.11 8.21 24.16 0.81 4.19 8.23 -0 -0 0 -80.24 1 29.74 46.99 -51.71 -23.79 -0 0 -3.11 18.04 -11.51 -3.72 -7.12 0 -0 -6.37 17.93 4.13 -0 -0 0 87.19 -0.89 -0.87 -9.31 15.66 -1.28 0 0 2.34 -16.32 -21.29 6.07 7.12 -0 -0 12.54 -51.65 -2.08
31.31 17.79 9.16 -174.34 65.46 183.22 0 0 0 -23.32 -1.32 8.25 1.57 7.9 22.43 0.59 -14.13 -15.81 0.43 4.19 11.6 0 0 0 10.39 14.44 -23 -0.91 -6.08 17.02 -0.23 4.42 -8.62 -0.28 3.38 -9.35 -1.83 1.59 10.35 1.75 2.18 4.06 2.59 1.15 -1.71 -0.53 4.91 -5.55 -0.73 8.2 24.5 0.63 4.13 8.54 0 0 0 -80.5 0.89 29.46 46.66 -51.56 -23.53 -0 0 -3.8 19.75 -12.12 -4.31 -7.12 0 -0 -5.19 17.16 3.44 0 0 0 87.09 -0.5 -2.27 -9.11 15.34 -1.23 0 0 3.8 -16.42 -21.38 6.13 7.12 -0 -0 12.49 -51.75 -2.1
31.88 17.74 9.06 -176.38 64.38 180.98 0 0 0 -24.11 -1.85 11.16 1.53 7.8 22.12 0.63 -12.75 -15.64 0.23 3.07 8.47 0 0 0 10.2 14.92 -23.28 -1.38 -7.43 20.99 0 5.28 -3.62 -0.21 2.92 -8.06 -2.89 1.72 10.68 1.65 2.26 4.54 3.07 1.19 -1.43 -0.76 5.2 -5.5 -0.71 8.6 24.05 0.69 4.29 8.37 0 -0 0 -80.87 1.49 27.49 44.79 -50.66 -22.07 -0 0 -3.86 19.97 -12.99 -4.67 -7.12 0 -0 -5.06 16.22 3.46 0 -0 0 87.08 0.35 -2.34 -8.88 14.97 -1.17 0 0 4.51 -16.98 -21.3 6.33 7.12 -0 -0 11.91 -51.77 -2.01
32.49 17.76 8.93 -176.27 61.6 180.7 0 0 0 -24.06 -4.18 13.01 1.86 8.57 24.47 0.52 -11.26 -14.1 0.09 1.91 5.26 0 0 0 11.57 13.16 -22.87 -1.86 -8.57 24.44 0.11 6.83 -1.29 -0.04 1.25 -3.45 -2.53 1.42 11.28 1.66 1.9 4.43 2.91 1.02 -1.83 -0.07 5.51 -5.26 -1.3 9.17 24.34 0.44 4.59 8.49 0 -0 0 -80.91 2.41 26.6 39.91 -48.02 -18.37 -0 0 -4.33 21.13 -12.91 -4.94 -7.12 0 -0 -4.26 16.19 2.91 0 -0 0 87.26 0.29 -2.3 -8.99 15.15 -1.2 0 0 4.44 -16.89 -21.77 6.42 7.12 -0 -0 12.18 -52.22 -2.19
33.07 17.84 8.78 -172.99 57.99 183.77 0 0 0 -21.18 -6.24 10.08 3.15 10.93 32.03 0.12 -11.48 -9.73 0 0.37 1.03 0 0 0 14.46 11.64 -21.31 -1.97 -8.8 25.18 0.07 5.29 -0.52 -0.08 -1.88 5.17 -1.41 0.94 11.99 3.17 1.44 3.71 3.9 0.82 -2.96 -0.23 5.58 -5.54 -2.1 9.81 25.99 0.32 4.83 9.16 0 -0 0 -83.41 4.26 24.41 36.02 -45.53 -15.54 -0 0 -2.62 20.3 -10.89 -4 -7.12 0 -0 -4.78 18.41 3.03 0 -0 0 85.62 -0.66 -0.57 -9.56 16.05 -1.35 0 0 1.71 -17.43 -22.08 6.73 7.12 -0 -0 11.78 -52.63 -2.24
33.62 17.92 8.58 -169.75 55.73 185.94 0 0 0 -17.93 -6.49 5.11 5.34 13.76 42.27 -0.26 -10.22 -1.51 0.01 0.67 1.85 0 0 0 17.4 10 -18.44 -1.93 -8.72 24.92 0.05 4.83 -1.46 -0.22 -3.03 8.37 1.46 1.02 12.5 3.61 1.97 3.87 2.64 1.1 -3.02 1.06 5.73 -5.65 -2.54 9.99 26.01 -0.01 4.99 9.28 0 0 0 -83.95 4.09 23.21 31.8 -42.39 -12.61 -0 0 -0.79 19.51 -9.66 -3.4 -7.12 0 -0 -5.32 19.77 3.22 0 0 0 85.54 -0.4 -0.68 -10.04 16.8 -1.49 0 -0 -0 -17.68 -21.9 6.78 7.12 -0 -0 11.46 -52.49 -2.14
34.12 18.02 8.4 -165.92 52.94 188.54 0 0 0 -13.75 -6.88 -1.16 8.17 16.25 53.19 -0.07 -6.06 6.29 0.1 2.09 5.75 0 0 0 21.09 6.81 -15.4 -1.59 -7.95 22.56 0.04 4.63 -1.58 -0.3 -3.54 9.78 4.44 0.69 13.01 4.49 2.08 3.98 1.87 1.19 -3.13 0.16 5.69 -5.64 -1.75 9.75 25.29 0.36 4.88 8.93 -0 -0 0 -85.55 4.87 20.43 29.8 -40.72 -11.28 -0 -0 2.98 17.7 -7.74 -2.46 -7.12 0 -0 -6.63 21.88 3.71 -0 -0 0 84.31 -0.02 2.07 -10.54 17.57 -1.63 0 -0 -2.67 -17.86 -21.8 6.83 7.12 -0 -0 11.24 -52.43 -2.08
34.56 18.12 8.22 -163.51 50.46 190.25 0 0 0 -10.37 -6.39 -7.73 11.01 17.94 62.82 0.09 -2.71 7.46 0.03 1.06 2.93 0 0 0 23.79 3.86 -13.02 -1.29 -7.21 20.33 0.02 4.06 -1.87 -0.31 -3.6 9.94 6.32 1.02 13.62 5.46 2.96 3.83 1.68 1.66 -3.58 0.19 5.36 -4.78 -2.15 9.27 24.13 0.11 4.65 8.39 -0 -0 0 -86.91 5.74 20.16 28.34 -39.43 -10.34 -0 -0 3.83 18.98 -8.56 -2.93 -7.12 0 -0 -5.7 20.95 3.3 -0 -0 0 82.01 0.35 4.11 -10.71 17.85 -1.69 0 -0 -4.3 -18.02 -22.49 7.09 7.12 -0 -0 11.35 -53.15 -2.3
34.95 18.23 8 -163.77 47.62 188.91 0 0 0 -9.32 -5.25 -12.75 13.03 18.79 69.21 -0.09 -5.23 2.32 0.03 1.06 2.92 0 0 0 24.64 1.31 -9.61 -1.06 -6.55 18.39 -0.03 2.89 -3.29 -0.28 -3.37 9.32 7.69 0.94 14.53 5.39 3.19 4.31 0.79 1.81 -3.49 0.59 5.41 -5.37 -1.64 9.12 23.92 0.22 4.64 8.41 0 0 0 -87.04 5.71 19.49 27.63 -38.78 -9.89 -0 -0 4.25 21.03 -9.64 -3.68 -7.12 0 -0 -4.24 19.69 2.57 0 0 0 80.54 2.09 5.08 -10.83 18.03 -1.72 0 -0 -3.51 -20.54 -23.06 8.35 7.12 -0 -0 9.04 -54.2 -2.06
35.28 18.28 7.85 -163.53 49.13 187.44 0 0 0 -9.1 -0.15 -17.23 14.19 19.17 72.77 -0.25 -9.41 -0.07 0.16 2.57 7.09 0 0 0 25.08 1.83 -5.17 -0.9 -6.06 16.96 -0.05 2.45 -4.04 -0.19 -2.81 7.76 7.94 2.35 17.77 4.94 5.46 4.96 -0.38 2.93 -4.38 0.79 5.24 -4.96 -1.37 8.54 21.98 0.16 4.39 7.67 -0 0 0 -86.36 5.5 18.21 27.76 -38.9 -9.97 -0 -0 5.61 18.93 -9.13 -3.11 -7.12 0 -0 -5.73 20.36 3.4 -0 0 0 79.34 4.84 3.82 -10.21 17.07 -1.54 0 0 0.12 -21.91 -24.16 9.35 7.12 -0 -0 8.06 -55.61 -2.11
35.6 18.28 7.64 -163.49 46.17 186.81 0 0 0 -8.9 0.38 -22.23 14.56 19.28 73.92 -0.44 -13.6 -2.4 0 -0.12 -0.33 0 0 0 25.86 0.12 -3.45 -0.91 -6.07 16.97 -0.12 1.42 -6.17 -0.1 -2.06 5.67 9.72 1.79 18.6 4.69 5.19 5.25 -1.6 2.84 -4.34 0.77 5.55 -4.75 -1.06 8.74 20.68 0.23 4.5 7.19 0 -0 0 -85.6 5.23 16.49 28.39 -39.47 -10.37 -0 -0 5.46 19.28 -9.3 -3.24 -7.12 0 -0 -5.49 20.16 3.27 0 -0 0 77.73 7.2 4.77 -10.44 17.42 -1.6 0 0 0 -21.34 -25.31 9.48 7.12 -0 -0 9.16 -56.67 -2.64
35.91 18.25 7.44 -163.57 43 186.44 0 0 0 -8.99 0.53 -27.11 14.12 19.15 72.58 -0.76 -18.76 -4.78 0.27 -3.31 -9.15 0 0 0 26.63 -0.65 -2.94 -1.13 -6.75 18.97 -0.24 0 -9.17 -0.05 -1.49 4.08 10.65 1.46 19.78 4.88 5.21 5.04 -2 2.82 -5.12 0.54 5.87 -4.38 -1.05 9.12 19.61 0.26 4.66 6.77 0 0 0 -85.26 5.2 15.28 29.38 -40.35 -11 -0 -0 5.77 17.16 -4.96 -1.53 -7.12 0 -0 -7.11 24.79 3.5 0 0 0 75.5 6.92 9 -12.45 20.48 -2.26 0 -0 -4.63 -21.33 -25.19 9.44 7.12 -0 -0 9.11 -56.54 -2.59
36.22 18.24 7.22 -164.28 39.8 186.18 0 0 0 -10.07 0.27 -31.87 12.88 18.74 68.77 -1.12 -21.95 -4.76 0.18 -2.72 -7.49 0 0 0 26.86 -1.78 -2.44 -1.19 -6.94 19.52 -0.34 -1.19 -11.55 -0.1 -2.05 5.66 11.09 1.19 19.93 4.74 4.99 5.1 -2.36 2.73 -5.11 0.81 6.21 -4.61 -1.43 9.46 18.34 0.1 4.78 6.44 0 0 0 -84.26 3.63 13.29 30.5 -41.32 -11.74 -0 -0 6.85 22.34 -8.73 -3.57 -7.12 0 -0 -3.28 20.57 1.92 0 0 0 73.82 9.32 8.08 -12.67 20.8 -2.34 0 -0 -4.58 -21.78 -24.1 9.27 7.12 -0 -0 8.17 -55.51 -2.12
36.52 18.17 7 -164.04 37.11 185.98 0 0 0 -10.83 1.65 -35.45 11.06 17.97 62.98 -1.43 -23.42 -3.22 0 -0.36 -0.98 0 0 0 28.07 -2.72 -1.09 -1.2 -6.94 19.54 -0.46 -3.03 -14.25 -0.22 -3.04 8.38 11.86 1.1 20.93 4.82 5.28 5.16 -2.81 2.87 -5.48 0.74 6.44 -4.68 -1.15 9.62 17.45 0.19 4.86 6.15 -0 -0 0 -83.11 1.85 11.69 32.2 -42.71 -12.88 -0 -0 6.32 23.36 -8.83 -3.8 -7.12 0 -0 -2.55 20.38 1.5 -0 -0 0 71.64 9.65 11.31 -14.23 23.07 -2.92 0 -0 -7.71 -22.56 -23.31 9.34 7.12 -0 -0 7.05 -54.86 -1.71
36.81 18.15 6.74 -164.42 34.33 186.24 0 0 0 -12.59 2.61 -38.78 8.83 16.7 55.5 -1.24 -22.68 -4.46 0.17 -2.63 -7.25 0 0 0 29.1 -2.32 0.68 -1.04 -6.48 18.18 -0.44 -7.05 -17.09 -0.1 -2.01 5.52 11.56 1.14 21.01 4.84 5.31 5.01 -2.64 2.88 -5.73 1.19 6.62 -4.56 -1.74 9.78 16.23 -0.09 4.91 5.8 -0 0 0 -82.36 -0.14 8.68 34.11 -44.16 -14.19 -0 -0 7.47 24.66 -9.59 -4.37 -7.12 0 -0 -1.64 19.45 1 -0 0 0 69.79 10.66 12.25 -14.72 23.75 -3.11 0 -0 -5.64 -21.78 -21.25 8.24 7.12 -0 -0 7.12 -52.57 -1.33
37.1 18.11 6.46 -164.19 31.3 186.44 0 0 0 -14.03 2.99 -40.35 6.36 14.77 46.43 -1.02 -20.78 -4.2 0.18 -2.71 -7.47 0 0 0 30.37 -3.73 2.58 -0.84 -5.86 16.37 -0.41 -8.99 -18.56 -0.09 -1.96 5.4 11.72 0.87 21.11 4.82 5.05 5.16 -2.7 2.79 -5.63 1.61 7.02 -4.56 -1.8 10.13 14.75 -0.19 5.08 5.37 0 -0 0 -80.75 -2.77 5.94 36.16 -45.62 -15.64 -0 -0 7.84 25.89 -9.59 -4.62 -7.12 0 -0 -0.77 19.34 0.47 0 -0 0 68.52 12.57 13.86 -15.26 24.5 -3.33 0 -0 -6.62 -23.97 -20.18 8.72 7.12 -0 -0 4.59 -51.83 -0.77
37.38 18.06 6.14 -163.57 28.55 186.9 0 0 0 -14.23 2.03 -40.5 4.16 12.37 37.05 -0.64 -18.13 -5.74 0.28 -3.39 -9.37 0 0 0 31.76 -5.94 4.46 -0.58 -4.86 13.52 -0.24 -10.78 -18.54 -0.06 -1.63 4.48 11.79 0.54 20.52 5.2 4.62 5.36 -2.18 2.64 -5.18 0.76 7.52 -4.19 -1.8 10.79 13.63 -0.07 5.36 4.93 -0 -0 0 -79.68 -5.31 2.74 38.41 -47.1 -17.27 -0 -0 8.02 26.69 -8.26 -4.13 -7.12 0 -0 -0.13 20.75 0.07 -0 -0 0 67.23 14.78 15.05 -15.09 24.27 -3.26 0 -0 -5.83 -22.53 -18.03 7.32 7.12 -0 -0 5.45 -49.32 -0.58
37.67 18 5.75 -162.32 27.17 187.61 0 0 0 -11.79 -1.45 -39.12 2.71 10.2 29.64 0.18 -12.63 -11.02 0.33 -3.66 -10.13 0 0 0 33.17 -7.81 8.14 -0.24 -3.14 8.67 -0.19 -10.9 -18.1 -0.19 -2.8 7.73 10.53 0.21 20.57 6.32 4.13 4.97 -0.19 2.39 -5.88 -1.11 8.64 -2.62 -1.7 12.38 12.33 0.22 6.11 4.6 0 0 0 -79.51 -5.79 -2.18 40.91 -48.6 -19.12 -0 -0 8.28 27.45 -4.53 -2.35 -7.12 0 -0 0.6 24.88 -0.29 0 0 0 66.14 16.53 18.85 -14.94 24.06 -3.2 0 -0 -6.78 -21.87 -20.3 7.93 7.12 -0 -0 6.72 -51.59 -1.09
37.96 17.94 5.31 -161.8 26.89 188.23 0 0 0 -7.48 -9.2 -36.16 1.98 8.83 25.28 1.04 -1.01 -18.97 0.08 -1.82 -5.02 0 0 0 33.53 -9.05 10.76 -0.11 -2.12 5.83 0.07 -12.54 -16.9 -0 -0.36 0.98 9.87 1.3 19.72 5.68 5.13 5.1 -0.71 2.88 -5.21 -0.2 8.53 -4.27 -0.37 12.03 13.33 0.57 6 4.72 0 -0 0 -75.5 -9.25 -4.41 40.84 -48.56 -19.07 -0 -0 8.43 28.36 -6.12 -3.29 -7.12 0 -0 1.2 23.03 -0.64 0 -0 0 68.07 18.02 17.9 -14.83 23.91 -3.16 0 -0 -6.55 -21.51 -21.72 8.3 7.12 -0 -0 7.55 -53 -1.49
38.25 17.84 4.88 -160.8 26.73 188.96 0 0 0 -5.48 -9.8 -35.63 1.77 8.37 23.85 1.07 6.81 -23.14 0.13 -2.3 -6.33 0 0 0 34.57 -9.27 10.91 -0.23 -3.1 8.55 -0.22 -11.45 -19.07 -0.02 -0.94 2.58 9.36 2.08 19.32 4.6 5.81 4.98 -1.7 3.17 -4.99 1.79 8.74 -5.17 0.21 11.99 12.79 0.47 6.08 4.78 0 0 0 -69.75 -12.02 -7.12 40.95 -48.62 -19.15 -0 -0 8.8 29 -2.85 -1.58 -7.12 0 -0 1.83 26.72 -0.81 0 0 0 71.85 18.6 18.77 -15.9 25.39 -3.6 0 -0 -7.41 -22.27 -21.96 8.71 7.12 -0 -0 6.86 -53.4 -1.42
38.52 17.76 4.41 -160.1 25.49 189.14 0 0 0 -7.09 -4.38 -36.16 1.81 8.46 24.13 0.83 6.45 -20.69 0 0.38 1.04 0 0 0 35.19 -10.26 9.52 -0.61 -4.99 13.88 -0.45 -10.58 -20.63 -0.01 -0.63 1.72 9.09 2.24 19 4.01 5.82 4.73 -2.17 3.14 -5.05 2.27 9.36 -4.01 -0.12 12.74 10.46 0.23 6.45 4.32 0 -0 0 -64.94 -12.7 -9.65 41.97 -49.19 -19.92 -0 -0 9.54 29.86 -2.45 -1.41 -7.12 0 -0 2.5 27.15 -1.09 0 -0 0 74.66 18.27 21.57 -17.28 27.22 -4.21 0 -0 -9.75 -22.97 -22.16 9.08 7.12 -0 -0 6.21 -53.73 -1.34
38.73 17.79 3.85 -162.99 23.54 189.81 0 0 0 -13.09 -0.38 -39 1.81 8.46 24.12 0.57 5.02 -16.98 0.79 5.67 15.83 0 0 0 31.96 -11.75 4.4 -1.42 -7.54 21.33 -0.61 -8.31 -20.05 -0.02 0.91 -2.5 6.71 2.29 16.39 2.43 4.84 3.94 -2.18 2.56 -4.63 1.92 9.95 -4.01 0.22 13.52 9.92 0.41 6.83 4.08 -0 0 0 -59.33 -14.7 -14.39 38.05 -46.87 -17 -0 -0 12.96 31.29 -5.32 -3.22 -7.12 0 -0 3.41 23.76 -1.75 -0 0 0 77.49 16.87 25.14 -19.28 29.77 -5.17 0 -0 -10.65 -22.75 -20.79 8.47 7.12 -0 -0 6 -52.26 -1.07
38.97 17.76 3.23 -160.03 23.45 188.03 0 0 0 -10.16 0.76 -36.4 2.34 9.55 27.53 0.26 7.1 -14.69 2.14 9.16 26.29 0 0 0 33.37 -11.86 5.3 -2.47 -9.77 28.25 -0.19 -8.59 -15.36 -0.62 5.03 -13.98 7.68 2.18 18.87 2.93 5.29 4.47 -2.44 2.82 -5.32 1.28 10.64 -4.31 -0.28 14.47 9.19 0.39 7.24 3.88 0 -0 0 -54.78 -14.85 -18.02 35.25 -44.99 -14.99 -0 -0 15.65 32.62 -5.95 -3.8 -7.12 0 -0 4.34 22.93 -2.31 0 -0 0 79.38 15.41 29.19 -21.4 32.3 -6.26 0 -0 -10.64 -23.18 -18.92 7.9 7.12 -0 -0 5.04 -50.36 -0.67
39.12 17.83 2.63 -161.21 21.83 186.99 0 0 0 -11.98 0.71 -35.21 2.62 10.05 29.15 -0.09 8.4 -10.06 2.53 9.9 28.64 0 0 0 30.59 -10.99 -0.02 -4.84 -13.2 40.11 0.18 -8.16 -6.51 -0.2 2.89 -7.98 6.06 2.06 19.32 2.38 4.76 4.18 -2.05 2.52 -6 0.59 11.18 -4.71 -0.32 15.22 8.69 0.52 7.58 3.73 -0 -0 0 -50.42 -15.43 -22.3 31.45 -42.11 -12.37 -0 -0 17.3 33.53 -6.67 -4.4 -7.12 0 -0 4.93 22.01 -2.74 -0 -0 0 80.52 12.89 33.67 -24.45 35.63 -7.97 0 -0 -11.64 -18.69 -20.18 6.66 7.12 -0 -0 9.82 -50.92 -1.44
39.27 17.87 2.13 -164.41 18.79 186.51 0 0 0 -16.51 1.91 -36.11 2.89 10.51 30.63 0.02 4.34 -6.97 2.47 9.79 28.3 0 0 0 26.6 -8.68 -8.39 -8.25 -16.3 53.45 0.02 -8.53 5.49 -0.06 1.52 -4.17 2.5 1.94 18.75 1.52 3.71 3.95 -0.69 2.01 -6.17 -0.05 11.45 -3.31 -1.85 15.49 4.95 -0.1 7.67 2.27 0 -0 0 -45.86 -16.59 -26 27.1 -38.27 -9.56 -0 -0 17.75 33.07 -5.48 -3.56 -7.12 0 -0 4.71 23.46 -2.46 0 -0 0 81.36 11.27 35.9 -27.32 38.49 -9.7 0 -0 -9.68 -16.07 -20.34 5.72 7.12 -0 -0 12.42 -50.66 -1.76
39.33 17.92 1.62 -165.5 15.65 185.6 0 0 0 -18.23 1.82 -34.65 3.09 10.84 31.74 0.06 1.74 -5.53 2.82 10.4 30.3 0 0 0 24.54 -5.37 -13.29 -11.29 -18.08 63.73 -0.1 -8.68 7.84 -0.37 -3.9 10.78 1.85 1.5 19 1.15 3.03 4.3 -0.56 1.72 -5.96 -1.14 11.8 -4.35 -1.87 15.99 4.57 0.12 7.89 2.24 0 -0 0 -42.11 -18.31 -29.53 22.91 -33.99 -7.09 -0 -0 18.99 27.33 -3.97 -2.05 -7.12 0 -0 0.52 25.52 -0.25 0 -0 0 81.81 10.18 37.86 -29.55 40.5 -11.11 0 -0 -9.31 -17.69 -16.46 5.16 7.12 -0 -0 9.63 -46.98 -0.47
39.38 17.97 1.16 -164.45 13.04 185.14 0 0 0 -17.4 1.25 -32.7 3.26 11.11 32.64 0.09 0.26 -5.78 2.38 9.61 27.72 0 0 0 24.93 -1.71 -17.67 -13.71 -19.02 71.33 -0.05 -5.62 5.19 -0 0.31 -0.86 2.48 1.12 19.18 1.71 2.81 4.83 -0.27 1.66 -5.49 -1.74 12.08 -4.13 -3.19 16.38 3.06 -0.25 8.07 1.78 -0 -0 0 -39.72 -19.85 -32.15 18.97 -29.38 -5.02 -0 -0 19.44 22.53 -3.32 -1.38 -7.12 0 -0 -3.1 26.38 1.4 -0 -0 0 81.53 9.96 39.71 -30.67 41.46 -11.85 0 -0 -10.17 -16.93 -18.76 5.59 7.12 -0 -0 11.04 -49.21 -1.16
39.43 18.04 0.72 -165.1 10.27 184.85 0 0 0 -18.87 1.13 -30.74 3.06 10.79 31.58 0.09 -1.07 -5.33 1.63 8.04 22.84 0 0 0 23.26 2.37 -23.13 -15.91 -19.59 77.95 0.08 -5.55 0.84 -0 0.32 -0.88 1.32 1.2 19.08 1.68 2.73 5.1 0.37 1.66 -5.2 -1.89 11.98 -4.6 -3.5 16.24 2.44 -0.31 8 1.67 0 0 0 -38.13 -21.83 -32.23 15.85 -25.31 -3.58 -0 -0 19.33 19.69 -1.95 -0.7 -7.12 0 -0 -5.32 27.89 2.22 0 0 0 81.67 10.05 40.1 -31.19 41.89 -12.2 0 -0 -9.6 -16.57 -19.79 5.75 7.12 -0 -0 11.74 -50.19 -1.52
39.44 18.13 0.29 -165.89 6.77 185.3 0 0 0 -20.11 -0.08 -29.03 2.85 10.44 30.42 0.08 -3.13 -5.07 2.28 9.43 27.15 0 0 0 20.98 6.15 -28.81 -17.56 -19.86 82.85 0.13 -6.59 -3.67 -0.04 1.36 -3.73 0.48 1.17 18.43 1.5 2.45 4.78 0.74 1.51 -5.22 -1.76 11.78 -3.67 -3.61 15.85 0.78 -0.5 7.85 1 0 0 0 -37.87 -23.81 -31.29 13.53 -22.05 -2.65 -0 -0 20.08 20.94 -3.25 -1.24 -7.12 0 -0 -4.32 26.5 1.94 0 0 0 82.01 9.09 40.11 -31.43 42.09 -12.36 0 -0 -8.97 -18.05 -18.95 6.04 7.12 -0 -0 10.03 -49.57 -1.14
39.41 18.23 -0.12 -166.79 2.51 185.59 0 0 0 -21.45 -1.5 -27.01 2.64 10.09 29.26 -0.03 -5.29 -2.67 1.85 8.55 24.39 0 0 0 18.27 8.84 -34.77 -18.79 -19.96 86.47 -0.03 -5.5 -8.79 -0.01 -0.64 1.77 -0.08 0.88 17.7 1.39 1.98 4.92 1.07 1.28 -4.69 -2.25 11.64 -5.66 -2.81 15.76 1.7 -0.04 7.78 1.52 0 0 0 -40.28 -25.57 -29.79 14.98 -24.12 -3.22 -0 -0 22.95 21.03 -7.27 -2.78 -7.12 0 -0 -4.21 22.21 2.31 0 0 0 81.78 8.83 40.12 -31.9 42.47 -12.67 0 -0 -7.92 -19.3 -16.8 5.78 7.12 -0 -0 8.21 -47.55 -0.52
39.4 18.4 -0.48 -166.79 -2.24 185.34 0 0 0 -21.72 -2.62 -24.22 2.33 9.52 27.42 -0.14 -7.4 -0.78 2.03 8.93 25.58 0 0 0 15.88 12.14 -41.28 -19.92 -20 89.75 -0.36 -0.9 -11.74 -1.26 -7.11 20.04 0.72 1.61 18.26 1.71 1.59 4.72 1.09 0.45 -5.17 -2.41 11.15 -3.14 -3.73 14.95 -1.16 -0.57 7.46 0.26 0 0 0 -43.19 -26.52 -23.9 16.15 -25.73 -3.71 -0 -0 21.49 25.95 -9.46 -4.58 -7.12 0 -0 -0.72 19.48 0.44 0 0 0 81.76 7.59 39.04 -33.58 43.77 -13.82 0 -0 -8.42 -19.65 -18.27 6.39 7.12 -0 -0 8.29 -49.12 -0.85
39.47 18.39 -0.83 -168.74 -6.37 186.25 0 0 0 -23.82 -4.33 -22.91 2.15 9.17 26.32 -0.24 -8.84 1.46 2.09 9.06 25.98 0 0 0 12.37 13.33 -48.12 -20.97 -19.98 92.83 -0.58 0.88 -14.11 -0.16 -2.59 7.14 -1.72 1.9 17.24 1.67 1.61 4.82 2.44 0.51 -4.6 -4 10.66 -4.04 -2.86 14.35 -1.57 -0.08 7.17 0.1 0 -0 0 -45.31 -29.07 -19.69 16.56 -26.28 -3.89 -0 -0 23.36 31.21 -10.89 -6.53 -7.12 0 -0 2.88 17.32 -1.89 0 -0 0 81.8 7.27 37.85 -35.77 45.35 -15.36 0 -0 -10.42 -20.32 -18.9 6.84 7.12 -0 -0 7.83 -49.88 -0.95
39.51 18.48 -1.17 -169.21 -10.89 185.97 0 0 0 -24.32 -5.05 -20.25 1.87 8.59 24.52 -0.37 -10.66 3.58 2.25 9.37 26.95 0 0 0 10.26 14.81 -54.47 -21.82 -19.92 95.33 -0.79 4.32 -15.89 -0.12 -2.23 6.15 -2.09 1.98 17.5 1.75 1.64 5.08 2.72 0.51 -4.47 -3.89 10.35 -3.99 -3.11 13.89 -2.38 -0.2 6.95 -0.13 0 -0 0 -46.49 -32.16 -16.18 16.52 -26.22 -3.87 -0 -0 23.9 32.63 -11.23 -7.11 -7.12 0 -0 3.83 16.74 -2.57 0 -0 0 82.18 7.76 37.18 -36.75 46.02 -16.06 0 -0 -12.31 -21.03 -18.61 7 7.12 -0 -0 7.05 -49.69 -0.82
39.58 18.58 -1.47 -167.88 -14.56 184.56 0 0 0 -22.67 -5.47 -17.03 1.65 8.11 23.04 -0.47 -12 5.27 2.16 9.2 26.41 0 0 0 11.5 16.96 -59.2 -22.29 -19.87 96.7 -1.1 3.57 -18.95 -0.11 2.1 -5.77 -1.04 2.21 19.03 2.25 2.08 5.21 2.54 0.7 -5.16 -4.19 10.15 -4.23 -2.72 13.64 -2.5 -0.04 6.83 -0.17 0 -0 0 -48.18 -35.11 -14.54 16.35 -25.99 -3.8 -0 -0 25.47 33.56 -14.12 -9.19 -7.12 0 -0 4.1 13.22 -3.06 0 -0 0 82.56 8.33 37.4 -38.29 47.02 -17.17 0 -0 -13.44 -24.53 -20.14 8.93 7.12 -0 -0 4.01 -51.89 -0.68
39.66 18.61 -1.81 -170 -18.84 185.74 0 0 0 -24.53 -6.44 -15.23 1.37 7.4 20.9 -0.57 -13.59 8.13 2.61 10.03 29.09 0 0 0 8.04 17.83 -66.56 -22.74 -19.82 98.04 -1.22 5.75 -19.8 -0.35 3.78 -10.46 -3.31 2.26 18.04 1.92 1.83 5.06 3.56 0.63 -4.84 -4.27 9.99 -3.73 -2.59 13.37 -3.49 -0.05 6.72 -0.57 -0 -0 0 -49.75 -37.89 -12.79 16.24 -25.84 -3.75 -0 -0 26.61 34.1 -15.74 -10.41 -7.12 0 -0 4.24 11.22 -3.34 -0 -0 0 82.79 9.47 37.71 -40.04 48.09 -18.47 0 -0 -13.75 -29.39 -18.12 9.94 7.12 -0 -0 -1.33 -50.56 0.18
39.72 18.68 -2.16 -170 -23.78 185.53 0 0 0 -24.02 -7.35 -13.05 1.24 7.05 19.87 -0.68 -15.21 10.93 3.07 10.8 31.62 0 0 0 7.58 18.28 -70.92 -22.43 -19.86 97.12 -1.47 9.36 -21.71 -0.23 3.11 -8.58 -2.79 1.89 18.08 1.79 1.48 4.95 3.19 0.48 -4.93 -3.59 9.61 -2.81 -2.83 12.74 -4.98 -0.32 6.42 -1.11 -0 -0 0 -51.21 -40.31 -10.05 16.42 -26.09 -3.83 -0 -0 27.49 34.45 -16.43 -10.98 -7.12 0 -0 4.36 10.35 -3.52 -0 -0 0 83.54 10.88 37.46 -42.32 49.38 -20.18 0 -0 -12.44 -31.78 -19.61 11.75 7.12 -0 -0 -3.59 -52.68 0.68
39.79 18.76 -2.48 -170.6 -26.7 182.9 0 0 0 -24.28 -4.84 -8.82 0.99 6.33 17.76 -0.73 -16.65 14.15 3.01 10.71 31.3 0 0 0 7.4 20.44 -71.08 -21.52 -19.94 94.45 -1.43 12.75 -21.9 -0.19 2.81 -7.74 -3.85 2.64 21.36 1.98 1.98 5.65 3.86 0.66 -5.98 -4.59 9.37 -4.65 -1.62 12.57 -4.37 0.3 6.32 -0.77 -0 0 0 -53.49 -43.11 -8.3 16.45 -26.13 -3.84 -0 -0 28.79 34.68 -17.64 -11.84 -7.12 0 -0 4.33 8.89 -3.62 -0 0 0 83.03 13.37 37.5 -44.31 50.42 -21.7 0 -0 -12.54 -30.67 -18.58 10.7 7.12 -0 -0 -2.56 -51.31 0.4
39.86 18.8 -2.83 -170.94 -30.82 182.43 0 0 0 -23.99 -5.62 -6.56 0.9 6.06 16.95 -0.93 -18.72 15.92 2.79 10.35 30.12 0 0 0 6.7 21.51 -72.39 -20.43 -20 91.27 -1.55 13.63 -22.88 -0.36 3.86 -10.68 -4.03 2.88 22.16 1.87 2.24 5.58 3.75 0.81 -6.49 -3.91 8.72 -3.95 -1.4 11.62 -5.26 0.2 5.84 -1.12 -0 -0 0 -55.72 -46.06 -5.1 16.11 -25.66 -3.69 -0 -0 30.09 34.74 -18.59 -12.47 -7.12 0 -0 4.22 7.77 -3.62 -0 -0 0 82.88 15.04 37.56 -46.7 51.58 -23.56 0 -0 -12.03 -33.06 -17.11 10.84 7.12 -0 -0 -5.17 -50.08 0.65
39.91 18.82 -3.17 -170.98 -34.58 181.87 0 0 0 -23.47 -6.75 -4.39 0.84 5.86 16.37 -0.74 -18.5 18.44 3.37 11.28 33.21 0 0 0 6.01 22.8 -72.59 -19.3 -19.99 87.95 -1.56 14.5 -23.13 -0.41 4.12 -11.42 -4.05 2.97 22.62 1.93 2.34 5.68 3.81 0.86 -6.64 -3.63 8.21 -3.31 -1.41 10.86 -6.66 0.09 5.47 -1.64 -0 0 0 -57.53 -47.8 -1.04 16.17 -25.75 -3.72 -0 -0 30.13 34.78 -18.79 -12.61 -7.12 0 -0 4.21 7.53 -3.63 -0 0 0 82.24 17.58 38.6 -49.99 52.99 -26.16 0 -0 -12.81 -49.4 -12.19 13.84 7.12 -0 -0 -21.44 -47.14 1.19
39.93 18.86 -3.53 -171.05 -38.67 180.97 0 0 0 -23.08 -7.67 -1.61 0.73 5.46 15.22 -0.55 -18.56 20.96 3.76 11.83 35.14 0 0 0 5.19 23.69 -71.31 -18.38 -19.94 85.27 -1.12 16.85 -20.87 -0.1 1.99 -5.49 -3.97 2.96 22.98 1.87 2.26 6.17 3.71 0.78 -6.27 -3.35 7.57 -3.21 -1.1 9.95 -7.93 0.11 5 -2.06 0 0 0 -58.74 -50.31 1.86 15.82 -25.28 -3.57 -0 -0 30.66 34.36 -19.14 -12.64 -7.12 0 -0 3.89 7.22 -3.38 0 0 0 81.65 21.01 39.83 -52.71 54.03 -28.35 0 -0 -10.65 -30.83 -17.76 10.31 7.12 -0 -0 -2.84 -50.41 0.38
39.97 18.86 -3.93 -170.61 -42.93 179.82 0 0 0 -22.13 -8.71 0.53 0.73 5.45 15.19 -0.6 -19.65 22.46 3.67 11.7 34.68 0 0 0 5.44 24.33 -69.37 -17.78 -19.88 83.48 -1.09 16.48 -20.5 -0.15 2.52 -6.96 -3.82 2.81 23.77 1.89 2.09 6.15 3.68 0.71 -6.67 -3.3 6.98 -3.28 -0.33 9.18 -8.47 0.34 4.59 -2.26 -0 0 0 -60.81 -52.21 5.07 15.66 -25.06 -3.5 -0 -0 30.88 33.09 -18.75 -11.83 -7.12 0 -0 3.15 7.95 -2.69 -0 0 0 80.91 24.12 41.31 -56.69 55.36 -31.6 0 -0 -10.13 -28.62 -18.03 9.59 7.12 -0 -0 -0.57 -50.33 0.07
39.97 18.85 -4.3 -170.34 -46.07 179.49 0 0 0 -21.26 -9.59 0.9 0.86 5.91 16.52 -0.6 -20.31 23.66 3.85 11.96 35.6 0 0 0 5.47 25.29 -67.86 -17.48 -19.85 82.61 -1.38 14.91 -22.01 -0.13 2.3 -6.33 -3.49 3 23.87 1.7 2.46 5.96 3.18 0.91 -6.94 -3.6 6.19 -4.12 0.96 8.23 -7.92 0.85 4.1 -1.99 0 -0 0 -63.45 -53.74 8.79 15.52 -24.86 -3.44 -0 -0 31.51 33.02 -19.38 -12.17 -7.12 0 -0 3 7.25 -2.6 0 -0 0 80.2 27.57 42.4 -60.49 56.44 -34.75 0 -0 -8.82 -28.22 -17.78 9.31 7.12 -0 -0 -0.21 -49.98 0.03
39.96 18.84 -4.7 -170.46 -48.98 179.21 0 0 0 -20.64 -10.19 1.99 0.92 6.1 17.09 -0.53 -20.76 25.08 3.79 11.88 35.3 0 0 0 5.71 26.01 -65.94 -18.16 -19.92 84.63 -2.26 9.22 -27.04 -0.61 4.99 -13.89 -4.03 3.59 23.85 1.86 3.11 6.09 3.47 1.23 -6.88 -3.95 5.4 -4.18 1.63 7.2 -8.67 1.12 3.58 -2.25 0 -0 0 -67.26 -55.29 13.02 15.73 -25.16 -3.53 -0 -0 32.62 32.81 -19.66 -12.24 -7.12 0 -0 2.83 6.97 -2.47 0 -0 0 78.73 31.74 42.89 -63.59 57.19 -37.34 0 -0 -6.44 -31.99 -16.72 10.19 7.12 -0 -0 -4.13 -49.44 0.45
39.93 18.85 -5.01 -169.72 -51.64 179.42 0 0 0 -19.47 -12.3 1.32 1.12 6.71 18.86 -0.77 -21.89 24.83 3.49 11.45 33.81 0 0 0 6.2 25.82 -66.46 -18.66 -19.96 86.07 -2.44 5.46 -28.4 -1.04 6.49 -18.21 -3.03 3.66 23.72 1.88 3.53 5.62 2.78 1.47 -7.32 -4.17 4.79 -3.73 1.71 6.34 -10.07 1.17 3.14 -2.78 0 0 0 -70 -55.55 18.05 16.32 -25.95 -3.78 -0 -0 32.32 33.09 -19.42 -12.23 -7.12 0 -0 3.04 7.18 -2.64 0 0 0 77.17 36.08 43.82 -67.08 57.92 -40.29 0 -0 -5.24 -34.46 -16.14 10.8 7.12 -0 -0 -6.65 -49.2 0.69
39.89 18.87 -5.34 -168.31 -53.35 178.51 0 0 0 -17.87 -13.19 2.05 1.1 6.68 18.76 -0.49 -21.15 26.04 3.61 11.63 34.43 0 0 0 7.89 25.71 -66.46 -19.25 -19.99 87.81 -2.41 3.63 -28.47 -0.94 6.19 -17.34 -1.88 3.96 24.69 1.82 4.22 5.1 1.8 1.8 -8.35 -4.12 4.29 -4.03 2.14 5.69 -10.46 1.32 2.8 -2.85 -0 0 0 -72.13 -55.48 21.75 16.95 -26.79 -4.06 -0 -0 33.03 33.77 -19.72 -12.72 -7.12 0 -0 3.43 6.69 -3.01 -0 0 0 75.98 40.63 44.31 -69.93 58.42 -42.71 0 -0 -2.55 -35.78 -14.44 10.19 7.12 -0 -0 -8 -47.43 0.48
39.83 18.88 -5.66 -169.74 -54.81 180.1 0 0 0 -18.29 -14.54 2.8 1.06 6.54 18.36 -0.23 -20.13 26.65 3.58 11.58 34.26 0 0 0 7.78 24.91 -67.48 -19.96 -20 89.87 -2.21 2.29 -27.5 -0.97 6.26 -17.55 -2.69 4.71 24.91 1.68 4.97 5.11 1.85 2.18 -8.54 -4.08 3.89 -4 1.61 5.04 -12.4 1.15 2.46 -3.48 0 0 0 -74.02 -55.85 25.96 17.36 -27.33 -4.25 -0 -0 31.88 34.51 -19.65 -13.01 -7.12 0 -0 3.9 6.6 -3.43 0 0 0 72.96 46.35 44.38 -71.59 58.68 -44.12 0 -0 -0.29 -29.25 -13.06 7.21 7.12 -0 -0 -1.79 -44.86 -0.01
39.76 18.9 -5.99 -169.94 -56.83 181.17 0 0 0 -17.58 -15.61 3.06 0.96 6.24 17.47 0.15 -19.37 28.56 3.57 11.57 34.23 0 0 0 8.63 23.25 -68.75 -20.62 -19.99 91.81 -2.13 3.93 -26.65 -0.27 3.33 -9.21 -2.46 4.84 24.57 1.56 5.24 4.93 1.5 2.32 -8.56 -4.52 3.56 -4.68 2.49 4.67 -13.11 1.54 2.25 -3.64 -0 0 0 -75.08 -54.78 29.29 18.79 -29.16 -4.93 -0 -0 30.96 34.86 -20.09 -13.46 -7.12 0 -0 4.05 6.01 -3.61 -0 0 0 71.38 52.08 45.37 -71.31 58.64 -43.89 0 0 3.26 -31.18 -14.16 8.42 7.12 -0 -0 -3.53 -46.38 0.12
39.66 18.97 -6.35 -169.46 -58.56 181.58 0 0 0 -16.48 -16.69 4.5 0.69 5.33 14.85 0.53 -18.42 30.06 3.23 11.05 32.46 0 0 0 10.19 22.03 -69.05 -20.88 -19.98 92.58 -2.02 2.76 -26.14 -0.28 3.38 -9.33 -1.83 4.46 25.21 1.2 4.94 4.19 0.79 2.19 -9.61 -3.46 3.99 -4.68 2.25 5.2 -13.39 1.26 2.47 -3.71 0 -0 0 -73.27 -53.24 30.57 19.3 -29.79 -5.18 -0 -0 29.92 37.23 -18.88 -13.82 -7.12 0 -0 5.74 6.83 -5.04 0 -0 0 73.24 58.05 49.49 -67.43 57.98 -40.58 0 0 4.41 -33.42 -12.03 7.83 7.12 -0 -0 -5.74 -44.23 -0.11
39.52 19.08 -6.7 -167.68 -60.35 180.35 0 0 0 -14.86 -16.97 6.27 0.45 4.3 11.91 1.5 -15.17 32.88 3.1 10.85 31.78 0 0 0 12.71 20.72 -67.49 -20.73 -19.99 92.12 -2.16 3.18 -27 -0.12 2.23 -6.14 -1.22 5.2 24.17 2.05 6.11 4.88 1.09 2.72 -8.37 -3.03 3.66 -4.06 0.63 4.48 -15.8 0.64 2.11 -4.62 0 -0 0 -76.57 -53.36 34.84 19.89 -30.51 -5.48 -0 -0 29.39 38.17 -21.36 -15.97 -7.12 0 -0 5.85 3.65 -5.5 0 -0 0 68.33 64.41 46.8 -62.74 57 -36.63 0 0 7.76 -30.36 -11.77 6.82 7.12 -0 -0 -2.91 -43.54 -0.1
39.37 19.24 -7.08 -167.8 -62.06 181.09 0 0 0 -13.93 -15.55 7.48 0.16 2.58 7.1 3.47 -9.59 39.39 3.08 10.83 31.7 0 0 0 13.94 20.14 -65.19 -20.11 -20 90.32 -2.51 3.22 -29.22 -0.07 1.77 -4.86 -1.16 5.22 24.38 1.99 6.17 4.68 0.95 2.76 -8.7 -3.57 3.02 -5.46 2.24 3.81 -15.52 1.32 1.73 -4.29 -0 -0 0 -77.08 -51.53 35.2 20.59 -31.35 -5.84 -0 -0 28.54 39.17 -24.39 -18.59 -7.12 0 -0 5.83 -0.2 -5.88 -0 -0 0 69.86 69.49 50.12 -55.62 55.02 -30.72 0 0 11.08 -27.41 -11.06 5.68 7.12 -0 -0 -0.27 -42.4 -0.02
39.2 19.47 -7.43 -167.28 -64.22 181.26 0 0 0 -12.63 -13.91 9.41 0 -0 -0 6.02 -0.71 47 3.19 10.99 32.24 0 0 0 15.68 18.75 -62.49 -19.14 -19.98 87.5 -2.9 3.43 -31.42 -0.03 1.16 -3.18 0.11 4.54 24.72 1.57 5.59 4.48 -0.06 2.45 -8.9 -2.37 3.38 -6.03 1.84 4.19 -16.26 0.97 1.84 -4.42 -0 -0 0 -76.47 -50.32 34.4 20.37 -31.08 -5.72 -0 -0 28.42 39.92 -26.54 -20.5 -7.12 0 -0 5.78 -2.94 -6.1 -0 -0 0 77.91 74.01 58.72 -47.65 52 -24.31 0 0 12.75 -23.01 -11.17 4.7 7.12 -0 -0 3.7 -42.06 0.27
39.05 19.71 -7.74 -167.22 -66.38 181.97 0 0 0 -12.03 -14.3 5.56 0.06 1.6 4.39 6.17 2.54 46.88 2.65 10.1 29.31 0 0 0 17.17 17.72 -60.22 -18.13 -19.92 84.53 -3.1 2.09 -32.84 -0 -0.07 0.2 0.25 4.14 24.76 1.88 5.16 4.41 0.32 2.25 -9.01 -2.67 3.54 -7.14 1.79 4.38 -16.68 1.02 1.93 -4.39 0 -0 0 -76.02 -49.64 35.13 19.54 -30.09 -5.3 -0 -0 26.93 41.65 -27.16 -22.1 -7.12 0 -0 6.62 -4.29 -7.14 0 -0 0 85.44 77.37 68.97 -39.53 47.79 -18.09 0 0 13.53 -21.84 -14.38 5.68 7.12 -0 -0 5.29 -45.35 -0.05
38.93 19.97 -8.03 -166.49 -68.72 181.95 0 0 0 -11.22 -14.99 0.34 0.51 4.59 12.73 4.53 1.54 40.09 1.78 8.39 23.92 0 0 0 18.76 16.63 -58.24 -17.05 -19.79 81.34 -3.17 0.92 -33.53 -0.01 -0.6 1.65 1.37 3.63 25.3 1.9 4.83 4.09 -0.22 2.06 -9.55 -2.84 3.33 -8.08 2.44 4.16 -16.68 1.29 1.79 -4.24 0 -0 0 -74.7 -48 38.21 20.03 -30.68 -5.55 -0 -0 22.97 41.48 -26.82 -21.75 -7.12 0 -0 6.6 -3.83 -7.07 0 -0 0 99.95 78.71 82.19 -31.63 42.25 -12.49 0 0 17.09 -16.74 -14.63 4.35 7.12 -0 -0 10.02 -44.99 0
38.81 20.29 -8.33 -166.26 -71.21 182.09 0 0 0 -10.48 -13.51 -4.81 1.38 7.43 21 2.94 5.06 31.33 1.61 8 22.72 0 0 0 19.93 15.96 -55.67 -15.83 -19.58 77.74 -3.01 -1.44 -33.36 -0.01 -0.53 1.44 1.49 3.12 25.54 2.17 4.25 4.02 0.18 1.79 -9.78 -2.46 3.41 -8.5 2.45 4.21 -17.38 1.23 1.77 -4.41 0 0 0 -75.28 -48.09 38.58 18.6 -28.92 -4.84 -0 -0 23.28 40.53 -26.01 -20.55 -7.12 0 -0 6.26 -2.55 -6.57 0 0 0 111.87 78.55 93.61 -25.97 37.18 -8.87 0 0 18.61 -23.86 -12.51 5.47 7.12 -0 -0 3.11 -43.59 0.11
38.72 20.6 -8.62 -162.98 -74.07 178.9 0 0 0 -9.22 -11.7 -10.55 2.96 10.63 31.03 1.14 3.88 19.29 0.67 5.23 14.57 0 0 0 21.79 15.32 -52.68 -14.51 -19.26 73.76 -3 -1.13 -33.23 -0.2 -2.91 8.04 2.29 2.56 26.09 2.7 3.81 3.96 0.44 1.56 -10.11 -1.6 3.57 -8.25 1.75 4.26 -18.4 0.84 1.73 -4.8 -0 -0 0 -75.94 -48.21 40.72 17.44 -27.43 -4.29 -0 -0 22.22 38.4 -25.12 -18.6 -7.12 0 -0 5.22 -0.8 -5.32 -0 -0 0 113.67 76.58 93.57 -24.68 35.88 -8.1 0 0 18.22 -30.74 -13 7.62 7.12 -0 -0 -3.19 -44.99 -0
38.62 20.93 -8.89 -158.32 -77.66 174.25 0 0 0 -7.89 -9.24 -17.47 5.3 13.71 42.09 0.21 -0.14 8.63 0.62 5.02 13.97 0 0 0 23.6 13.49 -49.83 -13.07 -18.81 69.34 -2.78 -3.43 -32.85 -0.22 -3.01 8.32 3.14 1.7 26.27 3.22 3 3.9 0.81 1.16 -10.26 -0.78 3.57 -8.44 1.59 4.19 -18.78 0.65 1.63 -4.87 0 0 0 -76.48 -48.35 44.94 16.84 -26.65 -4.02 -0 -0 19.99 33.85 -19.06 -12.35 -7.12 0 -0 3.58 7.43 -3.1 0 0 0 111.83 73.67 88.6 -25.12 36.33 -8.36 0 0 18.03 -32.63 -9.76 6.19 7.12 -0 -0 -5.05 -41.47 -0.44
38.52 21.23 -9.17 -148.43 -80.6 163.93 0 0 0 -6.12 -6.77 -23.88 8.07 16.17 52.83 -0.03 -2.96 1.65 0.96 6.23 17.46 0 0 0 25.85 12.37 -46.29 -11.63 -18.23 64.82 -2.75 -4.61 -33.19 -0.49 -4.49 12.45 3.94 0.75 26.64 3.79 2.06 3.95 1.31 0.69 -10.39 -0.66 4.25 -8.22 1.17 5.04 -20.15 0.43 2.02 -4.8 -0 -0 0 -67.49 -42.71 53.15 25.37 -36.58 -8.51 -0 -0 9.63 27.8 -5.82 -3.06 -7.12 0 -0 0.8 23.41 -0.42 -0 -0 0 113.24 70.65 86.45 -24.74 35.94 -8.14 0 0 19.71 -36.71 -7.87 5.83 7.12 -0 -0 -8.63 -39.62 -1.15
38.42 21.53 -9.41 -138.34 -83.55 153.2 0 0 0 -5.42 -5.76 -30.02 11.19 18.03 63.4 -0.05 -5.14 -1.71 1.53 7.81 22.13 0 0 0 26.77 10.24 -43.23 -10.24 -17.54 60.29 -2.38 -6.64 -32.08 -0.39 -4.03 11.17 3.97 0.51 27.2 4.19 1.84 3.95 1.83 0.59 -10.7 0.05 3.33 -9.54 1.48 3.75 -19.06 0.49 1.34 -4.75 0 -0 0 -70.23 -44.24 54.33 24.7 -35.9 -8.12 -0 -0 20.91 12 -4.5 -0.96 -7.12 0 -0 -10.99 25.36 5.31 0 -0 0 107.15 68.78 78.42 -24.86 36.06 -8.21 0 0 20.08 -38.97 -5.22 4.21 7.12 -0 -0 -10.36 -36.51 -2.19
38.3 21.84 -9.6 -116.19 -85.42 130.66 0 0 0 -4.23 -5.39 -35.89 14.38 19.23 73.37 0.03 -7.29 -5.75 0.63 5.08 14.14 0 0 0 28.07 8.02 -40.4 -8.82 -16.69 55.47 -2.14 -7.29 -31.04 -0.54 -4.73 13.13 4.3 0.36 27.38 4.61 1.8 3.95 2.13 0.57 -10.8 0.55 3.3 -8.71 0.07 3.46 -21.13 -0.09 1.18 -4.97 0 -0 0 -79.72 -47.16 54.37 21.71 -32.65 -6.43 -0 -0 28.78 0.56 -5.84 -0.06 -7.12 0 -0 -19.16 24.12 10.21 0 -0 0 101.59 67.14 71.37 -24.75 35.95 -8.14 0 0 21.58 -42.07 -3.51 3.16 7.12 -0 -0 -12.72 -34.48 -3.35
38.19 22.13 -9.79 -88.69 -85.91 102.89 0 0 0 -2.9 -4.61 -41.6 17.39 19.84 82.35 0.12 -10.63 -9.27 0.33 3.67 10.16 0 0 0 29.24 6.41 -37.78 -7.53 -15.76 50.86 -1.57 -9.41 -28.68 -0.35 -3.81 10.53 4.58 0.49 27.47 4.9 2.1 3.89 2.19 0.7 -10.91 1.82 2.85 -13 -0.53 2.7 -16.48 -0.42 0.84 -3.12 0 -0 0 -80.51 -45.83 61.14 30.57 -41.37 -11.78 -0 -0 23.19 -8.54 13.41 -1.99 -7.12 0 -0 -31.23 41.15 3.34 0 -0 0 95.73 65.49 65.34 -24.64 35.83 -8.08 0 0 21.29 -44.65 -2.27 2.24 7.12 -0 -0 -14.59 -32.91 -4.45
38.06 22.43 -9.94 -66.55 -85.26 80.61 0 0 0 -1.2 -3.35 -47.31 20.07 20 90.19 0.06 -14.81 -11.03 0.25 3.23 8.91 0 0 0 30.38 5.36 -35.1 -6.34 -14.75 46.34 -1.27 -9.52 -26.65 -0.52 -4.63 12.86 5.77 0.53 26.79 4.98 2.43 4.03 1.48 0.81 -10.35 0.08 1.96 -12.78 0.7 1.79 -17.26 0.26 0.45 -3.48 -0 -0 0 -77.41 -43.71 61.32 41.63 -49.01 -19.66 -0 -0 19.64 9.71 4.79 0.82 -7.12 0 -0 -13.94 34.56 3.66 -0 -0 0 92.42 63.63 59.5 -24.37 35.56 -7.92 0 0 22.82 -45.55 -0.47 0.48 7.12 -0 -0 -14.93 -30.45 -5.47
37.96 22.73 -10.05 -43.2 -84.49 56.28 0 0 0 -0.87 -3.76 -51.92 22.23 19.88 96.54 0.25 -17.2 -14.34 0.32 3.64 10.06 0 0 0 30.6 2.88 -32.26 -5.24 -13.65 41.86 -1.09 -9.32 -25.15 -0.83 -5.81 16.24 6.59 0.31 27.61 4.54 2.39 4.21 0.53 0.75 -10.51 0.52 1.69 -12.39 0.17 1.3 -18.4 0 0.17 -3.95 0 -0 0 -77.85 -43.99 59.63 48.51 -52.38 -24.99 -0 -0 19.61 20.36 -8.56 -3.16 -7.12 0 -0 -4.71 20.87 2.73 0 -0 0 88.7 61.79 54.36 -24.33 35.52 -7.9 0 0 22.11 -47.37 0.72 -0.78 7.12 -0 -0 -16.06 -28.75 -6.59
37.85 23 -10.13 -32.81 -82.92 44.62 0 0 0 -0.3 -4.64 -55.85 23.98 19.62 101.71 0.44 -19.22 -17.04 0.3 3.5 9.68 0 0 0 31.41 0.5 -28.81 -4.15 -12.36 37.03 -0.65 -10.83 -22.8 -0.87 -5.94 16.61 7.9 -0.14 28.72 4.41 2.26 4.4 -0.33 0.62 -10.79 0.39 1.69 -13.75 -0.24 1.3 -17.17 -0.11 0.21 -3.27 0 -0 0 -80.45 -46.12 57.94 53.31 -54.25 -28.84 -0 -0 20.9 32.87 -13.62 -8.65 -7.12 0 -0 3.71 13.92 -2.71 0 -0 0 87.23 60.31 50.85 -23.72 34.87 -7.55 0 0 23.04 -48.94 1.99 -2.28 7.12 -0 -0 -16.91 -26.83 -7.78
37.78 23.22 -10.27 -28.99 -82.07 41.47 0 0 0 0.6 -4.35 -61.86 25.18 19.34 105.31 0.55 -20.65 -18.59 0.29 3.49 9.65 0 0 0 32.3 -0.32 -27.64 -3.32 -11.19 32.94 -0.34 -11.68 -20.65 -1.14 -6.77 19.03 7.35 0.63 28.27 4.59 3.15 3.88 -0.13 1.06 -11.17 1 1.36 -13.81 -0.98 0.78 -16.56 -0.46 -0.03 -3.04 -0 -0 0 -81.96 -49.01 57.34 60.93 -56.55 -35.11 -0 -0 22.63 37.73 -7.36 -5.66 -7.12 0 -0 7.87 20.75 -4.61 -0 -0 0 84.69 58.43 46.54 -23.16 34.26 -7.23 0 0 23.46 -50.14 2.75 -3.29 7.12 -0 -0 -17.57 -25.61 -8.64
37.69 23.4 -10.34 -23.41 -80.9 35.47 0 0 0 0.41 -5.36 -65.88 25.73 19.19 106.99 0.73 -21.44 -20.24 0.28 3.38 9.35 0 0 0 32.64 -2.26 -25.79 -2.64 -10.09 29.27 -0.13 -12.23 -18.99 -1.54 -7.84 22.23 7.32 -0.16 28.44 5.1 2.17 4.06 0.83 0.62 -11.11 -2.33 1.48 -13.62 0.28 1.46 -16.48 0.53 0.48 -3.08 0 0 0 -80.57 -53.65 48.79 60.26 -56.38 -34.56 -0 -0 24.5 41.63 -16.72 -14.35 -7.12 0 -0 8.89 8.29 -7.61 0 0 0 85.28 57.45 48.53 -22.91 33.99 -7.09 0 0 23.44 -51.19 2.86 -3.55 7.12 -0 -0 -18.29 -25.35 -9.15
37.61 23.51 -10.4 -23.51 -80.35 34.91 0 0 0 0.3 -4.95 -69.26 25.87 19.15 107.4 0.92 -21.64 -21.55 0.2 2.88 7.93 0 0 0 33.43 -3.95 -24.32 -2.25 -9.37 26.96 0.19 -13.27 -16.37 -1.28 -7.17 20.22 7.91 0.52 29.18 4.52 3.25 3.97 -0.57 1.06 -11.48 -0.28 1.08 -12.51 -0.53 0.63 -17.11 -0.1 -0.02 -3.46 -0 0 0 -81.4 -59.47 48.2 57.31 -55.55 -32.11 -0 -0 23.73 43.34 -17.64 -15.96 -7.12 0 -0 9.77 6.65 -8.7 -0 0 0 81.96 55.74 42.89 -22.95 34.03 -7.11 0 0 22.64 -54.15 2.13 -2.94 7.12 -0 -0 -20.6 -26.19 -10.02
37.51 23.6 -10.44 -24.21 -79.99 35.48 0 0 0 -0.25 -4.77 -72.2 25.54 19.25 106.39 1.41 -19.63 -23.7 0.04 1.35 3.72 0 0 0 34 -4.74 -23.42 -1.98 -8.83 25.26 0.29 -13.66 -15.54 -1.65 -8.09 22.99 7.54 0.36 29.05 5.12 2.95 4.17 0.45 0.95 -11.26 -2 1.64 -14.07 -0.64 1.6 -15.87 0.17 0.56 -2.78 0 0 0 -78.56 -64.93 41.09 52.44 -53.93 -28.13 -0 -0 21.87 41.84 -16.07 -13.92 -7.12 0 -0 9.15 9.05 -7.7 0 0 0 82.85 55.21 43.78 -22.74 33.81 -6.99 0 0 23.83 -52.83 3.9 -5.13 7.12 -0 -0 -19.12 -23.56 -10.46
37.41 23.67 -10.48 -23.46 -79.42 34.35 0 0 0 -1.28 -4.84 -73.95 24.84 19.43 104.27 1.8 -15.54 -24.86 0 0.01 0.04 0 0 0 34.42 -6.1 -22.67 -1.8 -8.44 24.05 0.33 -13.71 -14.92 -1.9 -8.66 24.73 7.7 0.37 29.42 4.98 3.04 4.15 0.16 0.98 -11.46 -2.6 1.56 -12.69 -0.22 1.58 -16.64 0.4 0.6 -3.29 0 -0 0 -75.26 -70.84 37.28 44.22 -50.38 -21.64 -0 -0 21.05 36.02 -14.63 -10.4 -7.12 0 -0 5.66 12.16 -4.36 0 -0 0 82.6 53.89 42.14 -23.18 34.28 -7.24 0 0 24.42 -52.97 4.61 -6.08 7.12 -0 -0 -19.01 -22.44 -10.91
37.31 23.7 -10.51 -22.32 -79.07 33.09 0 0 0 -2.14 -5.21 -74.85 23.89 19.63 101.44 1.49 -14.54 -22.65 0.1 2.07 5.7 0 0 0 34.65 -6.49 -22.1 -1.7 -8.22 23.39 0.48 -14.76 -14.36 -1.72 -8.25 23.48 7.49 0.61 29.45 4.78 3.28 4.09 -0.05 1.1 -11.52 -2.38 1.57 -13 -0.32 1.6 -16.2 0.33 0.6 -3.08 -0 0 0 -74.52 -76.59 36.14 35.31 -45.03 -15.03 -0 -0 22.57 28.26 -15.41 -8.13 -7.12 0 -0 0.42 12.61 -0.32 -0 0 0 82.2 52.66 39.85 -23.5 34.63 -7.42 0 0 26.06 -53.54 5.08 -6.83 7.12 -0 -0 -19.25 -21.61 -11.46
37.19 23.7 -10.54 -20.94 -78.52 31.8 0 0 0 -3.55 -4.41 -75.53 23.05 19.78 98.94 1.51 -10.44 -22.11 0.11 2.14 5.9 0 0 0 34.87 -6.78 -21.77 -1.66 -8.11 23.05 0.53 -15.24 -14.54 -1.84 -8.53 24.35 7.4 0.25 28.89 4.48 2.7 4.21 -0.12 0.85 -11.11 -3.15 1.95 -13.2 0.72 2.28 -16.56 0.81 0.96 -3.21 -0 0 0 -63.13 -80.62 27.23 28.31 -39.4 -10.32 -0 -0 21.91 22.49 -15.11 -6.16 -7.12 0 -0 -3.44 13.71 2.53 -0 0 0 84.3 51.97 40.37 -23.8 34.95 -7.59 0 0 27.47 -54.01 5.47 -7.47 7.12 -0 -0 -19.44 -20.91 -11.92
37.04 23.69 -10.54 -19.65 -78.27 30.27 0 0 0 -5.3 -3.18 -74.94 22.32 19.87 96.8 1.22 -7.99 -19.79 0.55 4.76 13.22 0 0 0 34.7 -7.29 -21.16 -1.66 -8.12 23.08 0.39 -14.75 -15.86 -2.15 -9.18 26.35 6.9 0.35 28.71 4.3 2.63 4.31 -0.01 0.84 -10.93 -1.65 2.21 -13.82 -1.17 2.35 -15.35 -0.04 0.96 -2.63 0 -0 0 -46.82 -82.4 18.31 24.18 -35.36 -7.81 -0 -0 17.73 16.7 -12.95 -3.85 -7.12 0 -0 -7.32 16.55 4.97 0 -0 0 83.42 50.1 39.1 -25.26 36.47 -8.44 0 0 27.36 -54.3 6.07 -8.37 7.12 -0 -0 -19.45 -19.89 -12.4
36.89 23.67 -10.51 -22.94 -77.16 33.38 0 0 0 -4.95 -2.57 -73.92 21.82 19.92 95.31 1.08 -6.13 -18.59 0.59 4.94 13.73 0 0 0 35.86 -7.71 -20.24 -1.55 -7.86 22.3 0.44 -15.28 -16.1 -2.04 -8.95 25.64 7.81 0.28 28.28 4.48 2.79 4.3 -0.38 0.89 -10.66 -1.71 2.17 -13.41 -0.96 2.33 -15.57 0.03 0.96 -2.78 -0 -0 0 -43.28 -82.36 22.14 22.85 -33.93 -7.06 -0 -0 13.42 13.68 -11.76 -2.84 -7.12 0 -0 -9.42 17.98 6.13 -0 -0 0 83.71 49.24 37.57 -25.51 36.72 -8.59 0 0 28.65 -54.8 6.55 -9.18 7.12 -0 -0 -19.63 -19.02 -12.94
36.73 23.65 -10.47 -23.66 -76.68 34.34 0 0 0 -5.32 -1.77 -72.61 21.67 19.93 94.89 1.61 -5.84 -22.82 0.04 1.29 3.54 0 0 0 36.24 -8.25 -20.07 -1.54 -7.84 22.24 0.42 -14.93 -15.78 -1.73 -8.27 23.54 7.48 0.14 27.74 4.36 2.47 4.18 -0.21 0.77 -10.56 -1.22 2.45 -12.63 -0.87 2.62 -16.48 -0.03 1.07 -3.22 0 0 0 -83.96 -83.18 53.07 18.48 -28.77 -4.78 -0 -0 24.15 26.14 -16.63 -7.99 -7.12 0 -0 -1.12 11.58 0.87 0 0 0 85.29 47.81 37.39 -26.14 37.35 -8.97 0 0 30.05 -55.15 7.62 -10.79 7.12 -0 -0 -19.52 -17.21 -13.7
36.58 23.66 -10.41 -23.31 -76.21 34.21 0 0 0 -5.74 -0.97 -71.63 21.46 19.95 94.28 1.88 -8.08 -24.59 0.08 1.81 4.99 0 0 0 36.05 -7.99 -19.81 -1.59 -7.94 22.54 0.46 -15.22 -15.77 -1.55 -7.86 22.3 7.2 0.34 27.75 4.16 2.66 4.03 -0.35 0.87 -10.73 -0 2.28 -14.32 -1.67 2.24 -14.92 -0.47 0.83 -2.38 0 0 0 -89.98 -81.13 61.31 21.09 -31.94 -6.1 -0 -0 19.91 30.22 -15.56 -8.88 -7.12 0 -0 1.7 12.12 -1.31 0 0 0 84.27 46.24 35.82 -27.32 38.48 -9.7 0 0 29.34 -56.72 7.12 -10.7 7.12 -0 -0 -20.64 -17.57 -14.42
36.42 23.71 -10.34 -22.12 -75.49 33.7 0 0 0 -6.08 -1.08 -71.11 21.16 19.97 93.39 1.98 -9.21 -25.27 0.06 1.52 4.19 0 0 0 35.97 -8.26 -20.02 -1.54 -7.83 22.21 0.42 -15.01 -15.99 -1.91 -8.67 24.76 7.36 0.25 27.48 3.88 2.58 3.77 -0.72 0.82 -10.88 -1.6 2.14 -12.77 -0.74 2.22 -17.1 0.07 0.89 -3.43 -0 -0 0 -93.9 -78.84 64.44 23.96 -35.12 -7.68 -0 -0 21.28 28.83 -14.88 -8.04 -7.12 0 -0 0.85 13.11 -0.64 -0 -0 0 83.39 44.37 34.92 -28.59 39.66 -10.5 0 0 28.75 -57.23 8.72 -13.25 7.12 -0 -0 -20.46 -14.78 -15.6
36.25 23.8 -10.28 -19.94 -75.6 32 0 0 0 -7.42 -0.32 -69.88 20.64 19.99 91.89 2.33 -7.72 -27.47 0.04 -1.34 -3.69 0 0 0 35.22 -8.55 -18.96 -1.29 -7.2 20.32 0.65 -15.98 -14.08 -1.58 -7.92 22.48 6.51 0.42 27.25 3.28 2.5 3.65 -0.9 0.82 -10.91 -1.26 2.15 -13.27 -0.82 2.14 -17.82 -0.02 0.81 -3.6 0 0 0 -100.33 -77.41 69.92 24.79 -35.98 -8.16 -0 -0 22.52 28.37 -16.1 -8.52 -7.12 0 -0 0.42 11.82 -0.32 0 0 0 83.35 42.72 34.32 -29.02 40.04 -10.77 0 0 28.34 -60.49 9.92 -16.93 7.12 -0 -0 -21.95 -11.41 -18.63
36.08 23.92 -10.18 -20.57 -74.57 33.04 0 0 0 -7.52 -0.46 -68.59 20.02 20 90.05 2.46 -7.81 -28.29 0.03 -1.02 -2.82 0 0 0 35.36 -8.51 -17.65 -1.02 -6.43 18.05 0.77 -16.73 -13.54 -1.91 -8.67 24.77 6.83 0.45 27 3.23 2.65 3.35 -1.18 0.87 -11.1 -2.3 1.98 -12.54 -0.22 2 -19.32 0.35 0.77 -4.31 -0 -0 0 -109.07 -74.97 77.35 25.42 -36.63 -8.54 -0 -0 24.71 27.37 -15.16 -7.71 -7.12 0 -0 -0.16 13.01 0.12 -0 -0 0 82.43 40.62 32.71 -29.33 40.31 -10.97 0 0 27.77 -61.65 9.77 -17.46 7.12 -0 -0 -22.64 -11.11 -19.49
35.91 24.12 -10.07 -17.55 -73.88 30.83 0 0 0 -8.96 -0.7 -66.88 19.09 19.98 87.32 2.57 -8.91 -28.89 0.01 -0.76 -2.09 0 0 0 34.32 -8.84 -17.49 -0.86 -5.92 16.56 1.03 -18.18 -11.74 -2.05 -8.96 25.67 6.19 0.73 26.36 2.81 2.78 3.03 -1.34 0.96 -11.14 -1.59 1.91 -13.76 -1.29 1.73 -18.95 -0.12 0.62 -3.94 0 -0 0 -115.36 -72.61 84.28 25.58 -36.79 -8.64 -0 -0 25.37 26.56 -14.9 -7.32 -7.12 0 -0 -0.68 13.41 0.5 0 -0 0 81.55 38.65 30.3 -28.93 39.96 -10.71 0 0 27.53 -61.29 9.07 -16.05 7.12 -0 -0 -22.68 -12.53 -18.79
35.74 24.36 -9.93 -17.04 -73.28 30.23 0 0 0 -9.97 -0.57 -63.74 17.82 19.89 83.61 2.67 -9.91 -29.46 0.01 -0.46 -1.27 0 0 0 33.14 -8.8 -16.63 -0.78 -5.65 15.76 1.32 -20.01 -10.32 -3.03 -10.75 31.43 6.52 0.69 26.48 2.18 2.77 2.97 -2.24 0.93 -11.21 -1.98 1.94 -13.79 -0.39 1.84 -20.43 0.25 0.65 -4.51 0 0 0 -118.12 -70.58 88.69 25.33 -36.54 -8.49 -0 -0 25.83 26.34 -14.63 -7.13 -7.12 0 -0 -0.8 13.74 0.59 0 0 0 81.38 37.13 28.75 -27.81 38.94 -10.01 0 0 26.16 -61.5 9.09 -16.22 7.12 -0 -0 -22.79 -12.4 -18.97
35.59 24.65 -9.79 -17.23 -73.16 30.72 0 0 0 -11.17 0.16 -61.48 16.55 19.71 79.86 2.61 -10.27 -29.07 0 0.39 1.06 0 0 0 31.7 -8.23 -17.16 -0.85 -5.89 16.46 1.78 -22.92 -6.47 -3.7 -11.75 34.87 5.68 0.61 25.9 2.46 2.41 3.06 -1.3 0.82 -10.87 -3.54 2.2 -14.05 -0.13 2.29 -22.03 0.6 0.95 -4.51 0 0 0 -118.59 -69.18 88.46 25.11 -36.31 -8.35 -0 -0 26.98 26.01 -12.86 -6.2 -7.12 0 -0 -0.89 15.73 0.61 0 0 0 80.4 36.61 30.01 -26.33 37.53 -9.09 0 0 23.98 -62.17 7.46 -13.81 7.12 -0 -0 -23.75 -15.07 -18.44
35.47 24.93 -9.64 -16.37 -73.24 29.65 0 0 0 -12.79 0.27 -58.49 15.26 19.45 76.03 2.45 -9.48 -28.19 0.07 1.65 4.54 0 0 0 29.17 -6.21 -17.18 -1.08 -6.62 18.59 2.02 -25.48 -1.04 -3.79 -11.88 35.32 4.55 0.45 25.81 2.9 1.95 2.97 0 0.67 -11.02 -6.59 2.31 -12.1 0.72 2.62 -24.6 1.37 1.32 -5.71 0 0 0 -119.89 -67.76 87.8 23.66 -34.8 -7.51 -0 -0 28.27 24.25 -13.73 -6.1 -7.12 0 -0 -2.16 14.99 1.53 0 0 0 78.83 36.04 31.1 -24.42 35.6 -7.95 0 0 22.27 -60.18 8.64 -14.69 7.12 -0 -0 -22.2 -13.78 -17.68
35.39 25.16 -9.51 -18.11 -73.01 31.07 0 0 0 -13.19 0.61 -56.15 14.16 19.16 72.7 2.45 -8.06 -28.18 0.02 0.85 2.35 0 0 0 27.54 -2.91 -18.54 -1.85 -8.56 24.42 1.2 -23.02 5.56 -2.03 -8.93 25.59 5.23 1.2 26.05 1.77 3.02 2.78 -2.04 1.1 -11.23 -2.75 1.72 -10.44 1.24 1.48 -27.97 0.91 0.34 -6.98 0 0 0 -123.16 -65.73 95.31 22.8 -33.87 -7.03 -0 -0 27.71 22.58 -11.87 -4.89 -7.12 0 -0 -3.21 17.17 2.12 0 0 0 78.94 35.08 27.75 -22.88 33.96 -7.07 0 0 20.52 -57.7 7.89 -12.24 7.12 -0 -0 -20.99 -16 -15.48
35.35 25.38 -9.39 -19.45 -72.98 31.78 0 0 0 -13.63 1.01 -53.56 13.12 18.82 69.5 2.33 -8.47 -27.43 0.16 2.54 7 0 0 0 26.15 -0.57 -21.76 -3.6 -11.61 34.36 -0.08 -12.74 9.98 -0.13 -2.3 6.33 5.04 1.37 26.21 1.88 3.22 2.71 -1.88 1.2 -11.39 -3.25 1.98 -11.5 0.38 1.87 -25.29 0.7 0.69 -5.93 -0 0 0 -124.74 -64.39 97.8 21.52 -32.43 -6.33 -0 -0 25.91 19.78 -11.1 -3.96 -7.12 0 -0 -5.15 18.23 3.29 -0 0 0 77.9 34.55 27.52 -21.4 32.29 -6.26 0 0 17.95 -55.43 8.29 -11.81 7.12 -0 -0 -19.5 -16.07 -14.2
35.31 25.67 -9.32 -16.18 -73.65 28.03 0 0 0 -15.54 0.63 -49.85 11.66 18.24 64.91 2.2 -7.14 -26.7 0.2 2.88 7.95 0 0 0 23.16 2.72 -25.77 -6.39 -14.79 46.52 -0.2 -8.15 9.18 -0.05 -1.38 3.78 3 1.7 26.41 1.36 2.98 3.14 -1.22 1.18 -11.1 -3.55 2.1 -12.45 1.05 2.17 -25.18 0.97 0.82 -5.77 -0 -0 0 -125.58 -65.01 102.14 20.05 -30.71 -5.56 -0 -0 21.92 19.16 -12.97 -4.46 -7.12 0 -0 -5.62 16.33 3.84 -0 -0 0 78.14 35.87 27.11 -19.69 30.27 -5.38 0 0 16.74 -50.82 6.48 -7.89 7.12 -0 -0 -17.06 -19.98 -10.68
35.28 25.93 -9.26 -18.37 -73.08 29.67 0 0 0 -15.39 1.18 -47.21 10.37 17.61 60.73 2.01 -6.62 -25.53 0.18 2.71 7.46 0 0 0 22.45 5.6 -30.69 -10.07 -17.45 59.71 -0.22 -5.28 8.65 -0.01 0.61 -1.67 2.14 1.41 26.47 2.12 2.44 3.29 0.32 0.98 -11.06 -4.44 2.76 -13.63 0.62 3.17 -23.77 0.98 1.42 -5.18 0 0 0 -124.3 -66.44 101.02 18.37 -28.63 -4.72 -0 -0 21.15 19.17 -13.4 -4.61 -7.12 0 -0 -5.63 15.87 3.89 0 0 0 78.1 36.68 29.29 -19.08 29.52 -5.07 0 0 13.64 -44.08 2.5 -2.42 7.12 -0 -0 -13.23 -26.45 -6.11
35.27 26.16 -9.24 -17.33 -72.7 28 0 0 0 -16.01 1.42 -44.09 9.01 16.82 56.13 1.7 -6.79 -23.43 0.34 3.75 10.37 0 0 0 20.93 9.07 -35.74 -14.57 -19.28 73.92 -0 -4.32 3.03 -0 -0.17 0.46 1.05 1.43 26.91 1.95 2.16 3.05 0.85 0.9 -11.6 -4.52 2.79 -12.52 0.94 3.26 -23.9 1.08 1.47 -5.39 0 -0 0 -125.89 -65.37 102.46 16.55 -26.26 -3.89 -0 -0 21.37 18.55 -11.62 -3.87 -7.12 0 -0 -6.02 17.78 3.92 0 -0 0 78.18 35 30.75 -21.41 32.3 -6.27 0 0 10.1 -33 -7.17 4.64 7.12 -0 -0 -5.35 -38.46 -0.86
35.22 26.42 -9.23 -15.79 -72.32 25.83 0 0 0 -17 1.71 -40.16 7.49 15.73 50.71 1.47 -2.48 -22.29 0.04 -1.24 -3.4 0 0 0 19.4 11.79 -40.6 -18.86 -19.97 86.65 0.03 -3.14 -2.62 -0.02 -0.84 2.3 -0 1.2 27.08 1.56 1.48 3.45 1.25 0.62 -11.23 -3.75 2.9 -14.88 0.72 3.34 -22.81 0.91 1.45 -4.68 -0 -0 0 -126.3 -66.19 104.61 15.23 -24.46 -3.32 -0 -0 19.54 16.9 -9.01 -2.72 -7.12 0 -0 -7.19 20.6 4.24 -0 -0 0 79.38 34.17 32.89 -26.47 37.67 -9.18 0 0 7.31 -29.32 -12.55 6.96 7.12 -0 -0 -1.89 -44.3 -0.03
35.18 26.74 -9.25 -15.08 -71.79 24.29 0 0 0 -16.89 1.84 -36.63 6.21 14.63 45.81 1.2 -3.58 -19.86 0.01 -0.57 -1.57 0 0 0 18.42 14.05 -44.88 -22.34 -19.87 96.87 -0.1 -2.61 -7.65 -0.02 -0.94 2.6 -1.23 0.91 27.5 1.61 0.75 3.66 2.28 0.33 -11.21 -5.67 2.98 -14.11 2.21 3.83 -23.77 1.7 1.77 -5.18 0 -0 0 -124.33 -66.67 102.73 14.22 -23.05 -2.91 -0 -0 19.02 17.23 -5.37 -1.66 -7.12 0 -0 -7.04 24.36 3.54 0 -0 0 80.86 32.84 34.98 -34.89 44.74 -14.74 0 0 6.35 -28.97 -6.84 3.77 7.12 -0 -0 -1.88 -37.79 -0.33
35.15 26.93 -9.29 -14.07 -71.03 22.66 0 0 0 -16.56 0.44 -32.57 5.09 13.49 41.22 0.98 -4.65 -17.71 0.24 3.14 8.66 0 0 0 17.26 16.94 -49.33 -25.34 -19.3 105.78 -0.54 0.54 -13.67 -0.41 -4.1 11.35 -1.84 0.57 27.63 1 0.03 4.02 2.21 -0.01 -10.83 -4.26 3.22 -14.87 1.64 3.92 -23.72 1.29 1.72 -5.01 0 -0 0 -123.29 -66.95 102.85 13.33 -21.77 -2.58 -0 -0 18.78 15.59 -6.94 -1.93 -7.12 0 -0 -8.2 22.8 4.42 0 -0 0 83.75 32.61 36.1 -47.06 51.74 -23.85 0 0 6.1 -32.73 -4.04 2.6 7.12 -0 -0 -5.04 -34.75 -1.27
35.11 27.17 -9.33 -11.9 -70.29 19.96 0 0 0 -17.12 0.33 -29.36 4.1 12.29 36.78 0.74 -3.37 -15.41 0.08 1.78 4.89 0 0 0 15.66 19.08 -53.37 -27.2 -18.71 111.51 -1.1 0.98 -19.5 -0.04 -1.28 3.53 -2.98 0.34 27.82 0.52 -0.66 4.16 2.57 -0.3 -10.73 -4.67 2.81 -15.37 3.89 3.73 -23.93 2.09 1.55 -5.04 0 -0 0 -123.68 -66.27 102.46 12.17 -20.06 -2.16 -0 -0 20.99 11.14 -10.65 -2.08 -7.12 0 -0 -11.23 19.24 7.04 0 -0 0 86.52 34.59 37.96 -61.32 56.65 -35.44 0 0 4.33 -35.11 -2.86 2.01 7.12 -0 -0 -6.95 -33.42 -1.98
35.08 27.36 -9.38 -12.68 -69.79 19.99 0 0 0 -16.6 0.45 -26.36 3.3 11.17 32.86 0.53 -2.27 -13.22 0.01 0.46 1.27 0 0 0 15.08 21.94 -56.85 -28.17 -18.32 114.56 -1.47 1.1 -22.57 -0 -0.15 0.4 -4.32 -0.19 27.97 1 -1.69 4.31 4.26 -0.72 -10.5 -5.79 3.43 -14.36 4.12 4.68 -24.82 2.34 2.07 -5.55 -0 0 0 -124.69 -65.37 95.11 10.6 -17.68 -1.65 -0 -0 28.02 8.89 -10.46 -1.63 -7.12 0 -0 -12.82 19.53 8 -0 0 0 87.92 38.87 43.41 -75.85 59.23 -47.77 0 0 3.49 -37.58 -2.72 2.09 7.12 -0 -0 -8.94 -33.32 -2.59
35.05 27.53 -9.43 -12.94 -68.81 19.51 0 0 0 -16.08 0.19 -23.25 2.53 9.9 28.64 0.35 -2.14 -10.6 0.08 1.84 5.06 0 0 0 14.27 23.36 -59.83 -28.34 -18.24 115.1 -1.76 -0.53 -25.3 -0.02 0.91 -2.5 -4.69 -0.87 28.34 0.92 -2.69 4.18 4.76 -1.16 -10.73 -5.74 3.77 -13.05 4.08 5.12 -25.15 2.29 2.28 -5.88 -0 0 0 -116.81 -65.94 92.29 11.1 -18.45 -1.81 -0 -0 23.26 6.16 -10.53 -1.13 -7.12 0 -0 -14.71 19.56 9.24 -0 0 0 89.37 44.43 48.39 -88.32 59.99 -58.54 0 0 4.82 -36.38 -2.39 1.76 7.12 -0 -0 -7.94 -32.87 -2.38
34.99 27.66 -9.47 -12.7 -68.25 18.56 0 0 0 -16.15 1.8 -21.18 2 8.86 25.37 0.2 -2.59 -8.02 0.04 1.22 3.36 0 0 0 13.36 24.86 -61.69 -27.82 -18.46 113.45 -1.99 -1.89 -27.38 -0 -0.18 0.49 -5.09 -1.11 28.68 0.82 -3.15 4.02 5.06 -1.34 -11.02 -6.49 3.62 -13.38 5.08 5.19 -23.67 2.74 2.37 -5.39 -0 -0 0 -112.39 -64.81 90.12 11.93 -19.7 -2.08 -0 -0 20.48 3.38 -8.44 -0.5 -7.12 0 -0 -16.84 21.64 9.87 -0 -0 0 89.13 51.6 51.79 -96.83 59.82 -65.91 0 0 5.75 -38.52 -2.65 2.11 7.12 -0 -0 -9.7 -33.25 -2.83
34.93 27.78 -9.51 -12.43 -66.93 17.6 0 0 0 -15.87 1.85 -19.05 1.65 8.1 23.01 0.13 -2.31 -6.47 0 0.17 0.47 0 0 0 12.79 25.46 -62.2 -26.89 -18.82 110.53 -2.27 -2.02 -29.26 -0.1 -1.99 5.48 -4.65 -1.47 28.3 0.35 -3.52 4.33 4.37 -1.57 -10.48 -5.33 3.29 -13.17 5.33 4.69 -23.27 2.62 2.03 -5.22 -0 0 0 -110.97 -63.76 89.68 12.64 -20.76 -2.32 -0 -0 19.29 2.37 -7.17 -0.3 -7.12 0 -0 -17.69 22.86 9.9 -0 0 0 87.98 60.3 51.93 -101.07 59.53 -69.57 0 0 7.33 -40.96 -2.97 2.58 7.12 -0 -0 -11.72 -33.73 -3.3
34.84 27.84 -9.55 -11.44 -65.55 16.25 0 0 0 -15.78 2 -17.43 1.35 7.37 20.81 0.07 -2.93 -4.83 0 -0.18 -0.49 0 0 0 12.32 24.61 -62.52 -25.57 -19.24 106.48 -2.2 -2.65 -29.08 -0.02 -0.89 2.44 -5.02 -1.4 27.54 0.55 -3.46 4.55 4.73 -1.56 -9.81 -5.36 2.61 -13.2 5.49 3.82 -22.13 2.67 1.64 -4.8 -0 0 0 -112.1 -62.68 90.22 13.29 -21.71 -2.56 -0 -0 18.2 3.33 -8.19 -0.47 -7.12 0 -0 -16.9 21.87 9.81 -0 0 0 80.48 69.66 46.4 -100.2 59.6 -68.82 0 0 9.52 -42.67 -9.04 8.24 7.12 -0 -0 -14.12 -41.76 -1.15
34.73 27.88 -9.59 -11.99 -64.36 15.99 0 0 0 -15.01 2.36 -15.78 1.18 6.89 19.38 0.04 -3.58 -3.96 0.01 -0.59 -1.63 0 0 0 12.92 24.87 -60.84 -24.15 -19.58 102.22 -2.05 -2.53 -28.08 -0 -0.03 0.07 -4.44 -1.52 27.28 0.5 -3.45 4.61 4.33 -1.58 -9.66 -5.35 2.08 -13.15 6.52 3.29 -21.05 2.99 1.36 -4.44 -0 -0 0 -105.33 -61.48 88.44 16.86 -26.68 -4.03 -0 -0 13.19 0.68 -5.24 -0.06 -7.12 0 -0 -19.16 24.69 9.95 -0 -0 0 65.07 77.62 30.96 -92.6 59.97 -62.25 0 0 12.79 -43.15 -8.49 7.88 7.12 -0 -0 -14.47 -41.11 -1.42
34.6 27.89 -9.64 -10.62 -63.11 14.34 0 0 0 -15.17 2.32 -15.14 1.16 6.85 19.26 0.02 -3.47 -3.18 0.02 0.83 2.28 0 0 0 13.09 24 -59.19 -23.09 -19.77 99.05 -1.94 -2.08 -27.16 -0 0.04 -0.1 -4.79 -1.2 26.75 0.63 -3.08 4.44 4.53 -1.39 -9.59 -4.73 1.54 -13.45 6.12 2.48 -18.98 2.74 1 -3.69 0 -0 0 -103.3 -58.63 84.83 20.95 -31.77 -6.03 -0 -0 15.78 -3.56 -8.37 0.52 -7.12 0 -0 -21.63 21.72 13.02 0 -0 0 23.55 80.8 -10.45 -82.44 59.78 -53.45 0 0 15.44 -42.17 -10.16 9.08 7.12 -0 -0 -13.83 -43.14 -0.65
34.49 27.89 -9.64 -10.4 -60.93 13.79 0 0 0 -14.63 0.7 -14.89 1.29 7.19 20.28 0.02 -3.67 -3.31 0.02 0.82 2.26 0 0 0 14.12 22 -57.23 -22.2 -19.88 96.45 -1.75 -3.2 -26.32 -0.07 1.68 -4.62 -3.27 -1.83 26.28 0.78 -3.41 4.47 3.9 -1.6 -9.36 -5.09 1.1 -14.33 6.85 2.05 -17.38 3.02 0.85 -3.05 -0 0 0 -96.79 -56.39 78.97 28.24 -39.34 -10.28 -0 -0 15.82 -3.91 -9.75 0.66 -7.12 0 -0 -21.66 20.44 13.73 -0 0 0 -13.11 78.39 -47.18 -72.87 58.86 -45.23 0 0 17.62 -42.11 -12.62 11.17 7.12 -0 -0 -14.13 -46.27 0.45
34.35 27.89 -9.65 -9.86 -59.2 12.61 0 0 0 -14.44 -0.34 -13.65 1.29 7.2 20.3 0.01 -3.53 -3.01 0 0.13 0.37 0 0 0 15.14 19.37 -54.9 -21.9 -19.91 95.56 -2.26 -2.62 -29.46 -0.13 2.29 -6.32 -2.11 -1.49 25.93 0.62 -2.67 4.56 2.8 -1.29 -9.19 -3.72 0.35 -14.93 6.18 0.83 -15.35 2.73 0.25 -2.53 -0 -0 0 -93.47 -53.01 76.05 38.05 -46.87 -17.01 -0 -0 18.31 0.77 -14.71 -0.19 -7.12 0 -0 -18 15.71 13.13 -0 -0 0 -26.2 73.01 -61.2 -62.8 57.01 -36.68 0 0 22.92 -33.33 -18.78 11.95 7.12 -0 -0 -5.31 -52.05 0.92
34.2 27.93 -9.65 -9.95 -58.47 11.63 0 0 0 -14.11 -1.68 -11.08 1.18 6.89 19.38 0.03 -2.18 -3.19 0 0.34 0.92 0 0 0 16.28 18.05 -52.27 -21.59 -19.94 94.64 -2.63 -2.25 -31.55 -0.17 2.62 -7.22 -0.29 -0.6 25.83 -0.18 -1.12 5.03 0.35 -0.63 -8.76 -0.99 -0.36 -15.77 5.22 -0.55 -14.39 1.85 -0.53 -1.98 -0 0 0 -88.85 -50.53 72.58 52.88 -54.09 -28.49 -0 -0 20.51 8.27 -15.16 -2.18 -7.12 0 -0 -13.02 14.93 9.48 -0 0 0 -24.65 65.6 -59.98 -56.55 55.32 -31.49 0 0 23.94 -28.23 -21.55 11.16 7.12 -0 -0 0.54 -54.13 -0.12
34.08 27.95 -9.77 -9.12 -57.4 11.61 0 0 0 -13.72 -0.77 -12.26 1.17 6.86 19.31 -0.02 -4.01 -2.08 0 0.28 0.77 0 0 0 16.85 17.54 -52.78 -21.55 -19.94 94.54 -2.62 -3.11 -31.85 -0.14 2.41 -6.64 -0.91 -0.37 24.99 0.29 -0.91 4.65 1.15 -0.5 -8.74 -1.93 -0.52 -15.69 5.67 -0.57 -13.56 2.15 -0.46 -1.71 0 0 0 -82.55 -48.49 62.56 73.75 -58.98 -45.97 -0 -0 21.91 17 -12.87 -3.9 -7.12 0 -0 -7.11 16.61 4.82 0 0 0 -25.02 61.78 -58.29 -52.88 54.09 -28.49 0 0 24.79 -22.42 -23.4 9.31 7.12 -0 -0 7.22 -54.92 -1.77
33.96 27.98 -9.83 -8.81 -56.26 10.92 0 0 0 -13.41 -0.84 -11.3 1.06 6.55 18.4 -0.03 -4.23 -1.32 0.01 -0.53 -1.45 0 0 0 17.87 15.72 -52.27 -21.48 -19.95 94.32 -2.63 -3.59 -32.09 -0.12 2.19 -6.04 -0.54 -0.26 24.88 0.71 -0.64 4.85 1.31 -0.38 -8.46 -2.81 -0.62 -15.5 5.83 -0.55 -13.41 2.36 -0.4 -1.69 0 0 0 -75.34 -48.34 50.57 96.07 -59.86 -65.25 -0 -0 21.56 23.71 -10.83 -4.72 -7.12 0 -0 -2.37 18.18 1.52 0 0 0 -23.38 57.92 -53.73 -50.69 53.27 -26.73 0 0 26.6 -27.61 -20.22 10.24 7.12 -0 -0 0.88 -52.55 -0.16
33.83 27.98 -9.9 -7.71 -55.48 9.92 0 0 0 -13.59 -1.56 -10.35 0.98 6.3 17.65 -0.03 -3.7 -0.97 0 0.35 0.96 0 0 0 18.1 14.42 -51.65 -21.32 -19.96 93.85 -2.72 -4.69 -33.07 -0.29 3.45 -9.54 -0.18 0.44 24.44 0.38 0.35 4.73 0.43 0.08 -8.38 -1.05 -0.79 -15.83 4.49 -1.09 -11.65 1.56 -0.68 -1.05 0 -0 0 -66.78 -48.97 37.53 114.84 -57.54 -81.33 -0 -0 25.07 30.56 -9.48 -5.55 -7.12 0 -0 2.55 19.02 -1.58 0 -0 0 -18.43 54.13 -47.93 -50.03 53.01 -26.2 0 0 27.59 -35.91 -17.87 12.52 7.12 -0 -0 -8.09 -51.5 1.3
33.71 28.01 -9.98 -8.65 -54.64 10.68 0 0 0 -12.37 -1.76 -10.19 0.95 6.21 17.39 -0.04 -3.7 -0.21 0 0.23 0.63 0 0 0 19.75 13.12 -50.61 -20.86 -19.98 92.51 -3.12 -3.53 -34.78 -0.21 2.94 -8.1 0.54 0.3 24.14 1.28 0.44 4.6 0.98 0.12 -8.37 -2.59 -0.46 -15.09 3.99 -0.42 -11.09 1.69 -0.27 -1 0 0 0 -57.41 -48.2 19.38 126.37 -54.36 -90.9 -0 -0 27.5 36.79 -10.75 -7.94 -7.12 0 -0 6.74 16.7 -4.55 0 0 0 -18.45 53.84 -46.57 -52.04 53.78 -27.81 0 0 22.29 -37.69 -13.28 10.06 7.12 -0 -0 -9.84 -46.35 0.33
33.57 28.07 -10.06 -8.21 -54.05 10.28 0 0 0 -12.1 -1.94 -9.31 0.82 5.76 16.09 -0.04 -3.36 1.16 0 -0.32 -0.89 0 0 0 20.73 11.67 -49.34 -20.25 -20 90.73 -3.43 -3.76 -36.47 -0.16 2.57 -7.09 1.35 1.29 23.88 0.82 1.89 4.39 -0.44 0.79 -8.44 -0.43 -0.38 -15.31 2.85 -0.65 -9.81 0.93 -0.43 -0.56 -0 0 0 -47.25 -48.98 3.46 132.34 -52.01 -95.69 -0 -0 28.26 42.19 -10.98 -9.8 -7.12 0 -0 10.35 15.46 -7.34 -0 0 0 -13.26 50.87 -42.97 -55.43 54.96 -30.57 0 0 22.91 -37.77 -13.58 10.31 7.12 -0 -0 -9.94 -46.72 0.43
33.42 28.2 -10.09 -8.04 -53.18 9.83 0 0 0 -11.73 -2.87 -7.59 0.64 5.12 14.24 0.01 -1.91 3.65 0.02 -0.96 -2.65 0 0 0 21.92 9.73 -47.49 -19.41 -19.99 88.27 -3.69 -2.89 -37.46 -0.04 1.25 -3.43 3.11 2.71 23.91 -0.51 4.06 4.28 -3.55 1.77 -8.31 5.58 -0.82 -16.39 0.03 -2.26 -8.21 -1.04 -1.39 0.05 0 0 0 -36.65 -51.5 -10.36 135.52 -50.51 -98.17 -0 -0 29.13 43.91 -7.46 -7.13 -7.12 0 -0 12.17 19.79 -7.5 0 0 0 -4.38 48.12 -40.88 -60.03 56.32 -34.37 0 0 28.35 -36.03 -15.26 10.84 7.12 -0 -0 -8.25 -48.45 0.71
33.25 28.38 -10.16 -8.02 -52.59 9.82 0 0 0 -11.03 -4.31 -6.68 0.54 4.72 13.1 0.14 1.19 6.79 0 0.36 0.99 0 0 0 23.06 8.88 -45.7 -18.47 -19.94 85.52 -3.84 -1.89 -37.84 -0.01 -0.48 1.33 3.26 2.92 23.3 -0.37 4.35 4.56 -3.51 1.93 -7.66 5.33 -0.23 -18.05 -0.07 -1.54 -6.29 -1.03 -0.97 0.98 -0 0 0 -27.93 -48.41 -26.3 136.11 -50.21 -98.62 -0 -0 27.79 48.5 -10.84 -12 -7.12 0 -0 14.48 14.21 -10.84 -0 0 0 -0.2 49.89 -40.86 -66.68 57.84 -39.95 0 0 31.52 -35.28 -14.8 10.25 7.12 -0 -0 -7.5 -47.77 0.52
33.08 28.59 -10.23 -8.28 -51.47 10.01 0 0 0 -10.23 -4.74 -6.92 0.5 4.53 12.58 0.37 4.92 10.82 0.04 1.22 3.35 0 0 0 24.38 7.72 -43.93 -17.46 -19.84 82.56 -3.92 -0.5 -37.78 -0.11 -2.11 5.81 3.21 2.4 22.86 0.87 3.78 4.34 -1.96 1.67 -7.81 1.1 0.61 -17.72 0.44 0.42 -4.23 -0.02 0.14 1.65 0 -0 0 -25.23 -41.78 -36.89 133.03 -51.7 -96.23 -0 -0 33.75 51.64 -6.45 -8.07 -7.12 0 -0 17.61 19.87 -11.11 0 -0 0 3.8 52.93 -37.12 -73.43 58.94 -45.7 0 0 33.58 -33.21 -15 9.61 7.12 -0 -0 -5.45 -47.66 0.36
32.91 28.79 -10.27 -7.55 -49.49 9.01 0 0 0 -10.24 -4.73 -8.07 0.6 4.95 13.77 0.46 8.93 12.76 0.12 2.22 6.12 0 0 0 25.17 5.2 -42.12 -16.34 -19.68 79.25 -3.67 -2.34 -37.13 -0.04 -1.24 3.41 3.22 1.37 22.88 1.73 2.59 3.6 -0.69 1.09 -8.74 -2.69 1.38 -13.68 1.41 2.11 -4.64 1 1.07 0.79 -0 -0 0 -24.45 -34.24 -42.29 130.39 -52.84 -94.14 -0 -0 32.35 48.41 -4.81 -5.39 -7.12 0 -0 15.84 22.82 -8.79 -0 -0 0 10.37 55.06 -30.31 -80.21 59.63 -51.53 0 0 35.56 -32.4 -15.7 9.75 7.12 -0 -0 -4.61 -48.34 0.38
32.75 29.01 -10.3 -7.19 -47.3 8.42 0 0 0 -10.43 -2.5 -11.18 0.97 6.28 17.6 0.41 8.58 12.11 0 -0.02 -0.05 0 0 0 25.87 2.9 -40.46 -15.31 -19.46 76.18 -3.67 -1.16 -36.77 -0.15 -2.52 6.96 3.03 1.66 22.81 2.52 3.01 3.36 0.15 1.31 -9.02 -4.18 1.85 -14.27 1.19 3.01 -2.44 1.27 1.53 1.57 0 -0 0 -23.66 -31.78 -44.65 125.63 -54.61 -90.3 -0 -0 32.49 43.56 -1.11 -1.05 -7.12 0 -0 13.1 28.35 -5.44 0 -0 0 14.14 52.48 -26.86 -85.77 59.93 -56.34 0 0 36.44 -31.97 -15.8 9.64 7.12 -0 -0 -4.18 -48.38 0.35
32.59 29.21 -10.39 -8.4 -45.19 8.49 0 0 0 -9.37 -0.1 -14.49 1.8 8.44 24.06 0.02 3.71 3.23 0.01 -0.55 -1.51 0 0 0 28.01 1.36 -38.08 -14.2 -19.17 72.81 -3.61 -0.96 -36.38 -0.31 -3.59 9.92 4.41 1.51 23.42 2.4 3.21 3.06 -0.85 1.34 -9.59 -4.06 1.86 -12.4 1.58 2.95 -1.72 1.35 1.51 1.49 -0 -0 0 -20.24 -30.08 -46.82 118.6 -56.67 -84.49 -0 -0 32.99 35.57 -1.02 -0.73 -7.12 0 -0 6.99 28.69 -2.8 -0 -0 0 20.2 50.41 -23.39 -91.54 59.99 -61.34 0 0 36.84 -31.91 -15.32 9.34 7.12 -0 -0 -4.15 -47.82 0.29
32.44 29.43 -10.45 -8.43 -42.49 7.52 0 0 0 -9.12 0.34 -17.15 2.89 10.52 30.69 0.06 0.11 -4.85 0 0.18 0.51 0 0 0 29.13 -0.81 -35.75 -13.06 -18.8 69.31 -3.38 -2.1 -35.61 -0.33 -3.69 10.22 4.75 3.24 23.99 2.09 5.51 3.53 -2.09 2.42 -9.2 -0.25 0.31 -15.16 -0.38 0.45 1.72 -0.05 0.19 3.24 -0 -0 0 -17.1 -35.52 -46.44 111.2 -58.23 -78.25 -0 -0 31.85 29.6 -2.75 -1.56 -7.12 0 -0 2.29 26.81 -1.01 -0 -0 0 22.98 43.31 -25.3 -96.94 59.82 -66 0 0 35.11 -31.88 -14.9 9.08 7.12 -0 -0 -4.15 -47.33 0.24
32.32 29.63 -10.53 -8.26 -39.61 6.86 0 0 0 -8.87 -0.82 -20.12 4.19 12.41 37.2 0.46 -1.04 -12.49 0 -0.34 -0.94 0 0 0 30.08 -2.71 -34.27 -11.99 -18.39 65.97 -2.89 -5.41 -34.34 -0.08 -1.83 5.03 5.49 2.48 23.61 1.65 4.62 3.9 -2.69 2 -8.53 0.16 0.54 -15.31 -0.64 0.74 4.86 -0.17 0.33 3.91 0 -0 0 -14.92 -34.13 -44.98 104.23 -59.22 -72.29 -0 -0 25.65 23.59 -6.51 -2.84 -7.12 0 -0 -2.33 22.88 1.24 0 -0 0 27.14 42.93 -24.08 -101.09 59.53 -69.59 0 0 32.67 -31.88 -13.13 8.04 7.12 -0 -0 -4.26 -45.3 0.03
32.2 29.87 -10.59 -9.52 -37.74 7.38 0 0 0 -7.36 -2.05 -23.15 5.62 14.05 43.45 0.98 -4.12 -17.74 0.01 -0.55 -1.5 0 0 0 32.05 -3.8 -32.41 -10.81 -17.84 62.16 -2.8 -4.98 -33.67 -0.18 -2.75 7.58 4.26 2.25 24.12 3.98 4.35 3.02 0.6 1.9 -10.11 -4.25 0.9 -12.08 -1.14 2.04 8.32 0.48 0.79 4.43 -0 0 0 -20.01 -30.5 -37.81 101.4 -59.5 -69.86 -0 -0 18.91 18.76 -10.02 -3.38 -7.12 0 -0 -5.86 19.44 3.59 -0 0 0 29.18 41.49 -19.64 -105.14 59.12 -73.07 0 0 33.2 -32 -13.7 8.42 7.12 -0 -0 -4.34 -45.97 0.1
32.1 30.12 -10.59 -8.88 -35.86 6.45 0 0 0 -7.68 -4.11 -24.94 6.84 15.2 48.28 1.43 -5.44 -21.5 0.14 -2.41 -6.63 0 0 0 32.04 -5.72 -30.53 -9.7 -17.24 58.48 -2.6 -4.74 -32.42 -0.32 -3.63 10.03 1.33 3.06 25.23 6.07 5.01 2.34 4.37 2.39 -11.95 -6.08 0.73 -12.23 -4.16 2.8 14.72 -0.09 0.64 6.51 0 -0 0 -26.3 -29.82 -29.07 100.33 -59.59 -68.94 -0 -0 20.48 24.38 -12.47 -5.59 -7.12 0 -0 -1.99 16.33 1.35 0 -0 0 29.7 37.53 -16.94 -108.37 58.69 -75.84 0 0 31.63 -33.42 -13.66 8.86 7.12 -0 -0 -5.71 -46.14 0.16
32.03 30.35 -10.61 -9.5 -34.95 7.18 0 0 0 -6.79 -5.21 -27.54 7.66 15.86 51.31 1.56 -9.05 -22.37 0.4 -4.08 -11.29 0 0 0 33.1 -6.73 -29.32 -8.57 -16.52 54.6 -2.24 -4.78 -30.28 -0.28 -3.42 9.46 4.97 1.6 23.2 3.17 3.53 3.3 -0.41 1.51 -9.21 -3.39 1.7 -12.34 -3.97 3.71 17.05 -0.37 1.17 7.3 -0 0 0 -21.6 -30.1 -30.03 102.19 -59.43 -70.54 -0 -0 20.24 24.14 -11.58 -5.14 -7.12 0 -0 -2.11 17.33 1.38 -0 0 0 37.72 37.8 -14.35 -109.88 58.45 -77.13 0 0 27.56 -42.19 -11.63 10.35 7.12 -0 -0 -14.07 -45.02 0.01
31.94 30.58 -10.6 -10.54 -34.66 7.69 0 0 0 -5.63 -5.53 -29 7.88 16.03 52.14 1.34 -14.93 -21.78 0.99 -6.34 -17.79 0 0 0 34.45 -7.63 -27.47 -7.47 -15.72 50.64 -1.79 -6.42 -28.27 -0.09 -1.92 5.28 5.64 1.61 23.34 2.72 3.63 3.68 -1.31 1.54 -8.77 -3.37 2 -13.1 -4.44 4.4 20.01 -0.44 1.33 8.44 0 -0 0 -21.1 -31.67 -32.07 107.5 -58.81 -75.1 -0 -0 16.98 20.83 -8.12 -3.07 -7.12 0 -0 -4.36 21.31 2.48 0 -0 0 41.58 36.12 -13.36 -112.89 57.92 -79.68 0 0 26.69 -42.11 -11.01 9.8 7.12 -0 -0 -13.9 -44.22 -0.27
31.87 30.76 -10.58 -10.11 -34.9 7.99 0 0 0 -6.06 -5.73 -30.5 7.63 15.84 51.23 0.02 -22.55 -16.04 0.21 -2.98 -8.21 0 0 0 34.34 -7.95 -26.47 -6.68 -15.06 47.66 -1.53 -6.41 -26.42 -0.08 -1.78 4.89 3.98 2.4 23.48 2.72 4.3 3.28 -0.58 1.89 -9.39 -3.92 2.14 -11.99 -5.22 4.89 21.57 -0.57 1.39 8.79 0 0 0 -20.12 -34.84 -34.92 110.15 -58.41 -77.36 -0 -0 16.9 15.05 -4.61 -1.24 -7.12 0 -0 -8.7 25.2 4.22 0 0 0 44 32.28 -12.31 -116.01 57.28 -82.32 0 0 26.3 -41.72 -10.87 9.55 7.12 -0 -0 -13.5 -43.99 -0.34
31.8 30.92 -10.56 -10.88 -35.02 8.77 0 0 0 -5.61 -5.9 -31.19 7.16 15.47 49.48 -0.73 -24.84 -12.26 0.3 -3.51 -9.72 0 0 0 35.2 -8.26 -25.08 -5.93 -14.36 44.71 -1.45 -4.68 -24.87 -0.44 -4.26 11.82 4.22 2.58 23.42 2.2 4.53 3.37 -1.36 1.99 -9.19 -2.76 2.88 -12.22 -6.29 6.05 23.09 -1 1.84 9.44 0 -0 0 -15.95 -37.84 -40.08 108.91 -58.6 -76.3 -0 -0 17.19 9.62 -3.88 -0.66 -7.12 0 -0 -12.81 26.01 6.04 0 -0 0 46.97 30.05 -11.88 -117.73 56.88 -83.77 0 0 25.9 -43.95 -11.23 10.63 7.12 -0 -0 -15.71 -44.8 -0.08
31.74 31.05 -10.49 -12.4 -34.98 10.12 0 0 0 -4.71 -6.01 -31.64 6.54 14.93 47.1 -0.95 -24.66 -10.19 0.41 -4.12 -11.41 0 0 0 36.62 -8.79 -24.11 -5.31 -13.73 42.15 -1.39 -3.58 -23.77 -0.53 -4.68 12.99 3.07 3.49 22.9 3.86 5.56 3.6 0.84 2.55 -8.89 -6.03 2.21 -11.25 -5.79 5.63 23.39 -0.35 1.42 9.28 -0 0 0 -15.35 -40.84 -42.9 104 -59.25 -72.09 -0 -0 18.57 4.8 -3.74 -0.31 -7.12 0 -0 -16.4 26.15 7.8 -0 0 0 45.88 27.89 -12.65 -118.48 56.7 -84.39 0 0 25.59 -45.71 -11.39 11.44 7.12 -0 -0 -17.46 -45.32 0.14
31.69 31.09 -10.45 -13.52 -35.11 11.69 0 0 0 -4.24 -5.89 -32.78 6.02 14.45 45.08 -0.79 -22.01 -8.64 0.16 -2.61 -7.2 0 0 0 37.83 -8.23 -23.9 -4.92 -13.3 40.48 -1.2 -4.65 -22.82 -0.25 -3.19 8.82 5.51 2.85 21.37 1.79 4.96 4.06 -2.51 2.24 -7.16 -5.53 2.87 -9.03 -3.81 5.64 21.46 0.19 1.81 8.13 -0 0 0 -8.55 -40.83 -46.07 98.27 -59.74 -67.15 -0 -0 22.12 -0.84 -2.57 0.04 -7.12 0 -0 -20.69 27.18 9.55 -0 0 0 51.28 28.06 -13.66 -120.98 56.04 -86.48 0 0 29.98 -39.74 -12.16 9.93 7.12 -0 -0 -11.76 -45.3 0.09
31.64 31.18 -10.3 -13.99 -34.69 12.68 0 0 0 -4.93 -5.78 -33.08 5.89 14.33 44.56 -0.39 -18.8 -9.41 0 -0.33 -0.91 0 0 0 38.21 -9.58 -23.75 -4.54 -12.84 38.78 -1.07 -4.31 -21.56 -0.12 -2.23 6.15 3.52 3.81 21.69 3.59 6.02 3.21 0.21 2.77 -8.61 -6.05 2.93 -9.97 -5.7 6.5 23.82 -0.25 1.84 9.18 0 -0 0 -13.12 -42.34 -42.69 96.36 -59.85 -65.5 -0 -0 23.22 -6.7 -1.22 0.14 -7.12 0 -0 -25.16 28.24 11.3 0 -0 0 49.41 24.73 -14.95 -122.53 55.6 -87.76 0 0 28.68 -40.28 -11.85 9.87 7.12 -0 -0 -12.24 -45.01 0
31.58 31.24 -10.2 -14.73 -34.94 13.16 0 0 0 -5.44 -4.96 -32.44 5.76 14.19 44.02 -0.06 -16.44 -10.95 0 0.29 0.8 0 0 0 38.58 -9.46 -22.78 -4.36 -12.62 37.97 -1.04 -4.24 -21.2 -0.08 -1.8 4.94 4.31 3.84 21.48 2.7 6.13 3.48 -1.2 2.8 -8.01 -1.6 4.34 -12.11 -8.08 8.47 25.22 -1.54 2.76 10.39 0 0 0 -12.37 -43.16 -43.34 103.33 -59.32 -71.52 -0 -0 16.78 -10.55 0.8 -0.15 -7.12 0 -0 -28.37 29.86 11.84 0 0 0 52.33 23.78 -16.12 -124.49 54.99 -89.37 0 0 29.19 -41.2 -12.35 10.6 7.12 -0 -0 -13.2 -45.77 0.26
31.49 31.3 -10.01 -12.82 -34.1 11.98 0 0 0 -8.12 -4.98 -30.92 5.44 13.86 42.69 0.07 -14.82 -11.16 0.06 1.55 4.26 0 0 0 36.6 -11.34 -22.57 -4.32 -12.58 37.81 -1.11 -2.27 -20.82 -0.13 -2.33 6.43 3.86 3.46 20.2 1.35 5.33 3.92 -2.08 2.47 -6.79 -1.92 3.75 -11.67 -6.93 7.39 25.44 -1.23 2.37 10.27 0 0 0 -12.4 -43.34 -42.49 107.79 -58.77 -75.34 -0 -0 18.43 -3.9 0.39 -0.03 -7.12 0 -0 -23.52 29.82 9.45 0 0 0 55.24 22.61 -17.23 -126.72 54.24 -91.19 0 0 28.84 -41.69 -12.74 11.11 7.12 -0 -0 -13.74 -46.35 0.47
31.42 31.3 -9.83 -13.81 -33.13 12.46 0 0 0 -7.55 -5.19 -30.21 5.41 13.83 42.57 0.22 -14.8 -12.67 0.07 1.73 4.77 0 0 0 37.29 -12.22 -22.33 -4.31 -12.57 37.77 -0.97 -3.74 -20.28 -0 0.01 -0.03 3.21 3.23 20.19 2.99 5.08 3.14 0.08 2.35 -7.86 -6.81 4.23 -8.24 -4.8 8.08 24.28 0.3 2.61 8.95 0 0 0 -17 -43.54 -40.37 111.74 -58.14 -78.71 -0 -0 17.93 -11.22 1.96 -0.39 -7.12 0 -0 -29.17 30.85 11.46 0 0 0 54.59 20.12 -16.85 -128.46 53.6 -92.59 0 0 27.78 -41.35 -11.96 10.33 7.12 -0 -0 -13.3 -45.3 0.1
31.35 31.36 -9.62 -11.71 -31.42 11.07 0 0 0 -9.68 -6.41 -28.2 5.01 13.39 40.84 0.09 -15.06 -11.59 0.01 0.57 1.56 0 0 0 35.21 -13.83 -22.49 -4.52 -12.82 38.7 -1.01 -3.59 -20.59 -0 -0.26 0.72 2.38 4.27 19.79 1.89 6.14 3.64 -0.86 2.89 -7.03 -5.86 2.58 -10.18 -3.63 5.62 25.08 0.34 1.61 9.58 0 -0 0 -16.1 -49.82 -39.69 114.01 -57.71 -80.63 -0 -0 17.35 -10.59 1.98 -0.37 -7.12 0 -0 -28.73 30.91 11.19 0 -0 0 57.3 17.55 -23.11 -131.76 52.26 -95.23 0 0 28.9 -38.54 -13.42 10.48 7.12 -0 -0 -10.69 -46.66 0.44
31.28 31.39 -9.41 -10.85 -30.15 10.26 0 0 0 -10.56 -6.82 -25.98 4.57 12.88 38.93 -0.1 -17.06 -10.97 0.18 2.75 7.59 0 0 0 33.88 -13.55 -22.52 -4.99 -13.38 40.79 -0.86 -4.62 -19.8 -0 -0.02 0.06 1.17 6.01 21.32 2.01 8.26 2.69 -0.82 3.89 -9.04 -2.57 1.7 -13.71 -5.22 4.63 29.13 -0.86 1.09 11.93 0 -0 0 -21.2 -55.52 -33.02 115.68 -57.36 -82.04 -0 -0 17.12 -10.07 1.38 -0.25 -7.12 0 -0 -28.2 30.41 11.32 0 -0 0 59.06 13.2 -28.74 -136.75 49.88 -99.11 0 0 26.02 -33.95 -16.89 11.07 7.12 -0 -0 -6.09 -49.99 0.75
31.24 31.43 -9.17 -9.98 -29.32 9.11 0 0 0 -11.69 -7.32 -22.61 3.95 12.1 36.08 -0.06 -18.14 -12.22 0.08 1.81 4.97 0 0 0 32 -11.51 -22.17 -5.79 -14.22 44.13 -0.6 -6.27 -18.23 -0 -0.39 1.07 2.84 3.6 19.57 1.32 5.36 2.88 -1.55 2.49 -7.67 -5.42 3.63 -10.49 -4.48 7.45 27.61 0.2 2.27 10.61 -0 -0 0 -22.28 -50.54 -33.12 117.37 -56.97 -83.46 -0 -0 17.44 -9.56 0.96 -0.16 -7.12 0 -0 -27.72 30.06 11.35 -0 -0 0 62.36 16.76 -23.24 -140.14 47.99 -101.66 0 0 23.64 -28.77 -19.51 10.39 7.12 -0 -0 -0.46 -51.99 0.08
31.19 31.44 -8.92 -8.83 -28.77 7.79 0 0 0 -13.27 -6.86 -19.26 3.35 11.24 33.1 -0.29 -19.17 -10.86 0.3 3.5 9.68 0 0 0 29.72 -7.12 -21.19 -6.71 -15.08 47.75 -0.32 -8.34 -16.8 -0.02 -0.95 2.62 2.07 4.07 18.69 1.27 5.78 3.22 -1.2 2.73 -6.88 -5.39 3.02 -12.2 -3.95 6.74 29.3 0.35 1.9 11.58 0 -0 0 -25.19 -52.66 -30.27 118.88 -56.6 -84.72 -0 -0 17.66 -13.7 1.07 -0.26 -7.12 0 -0 -30.6 29.89 13.04 0 -0 0 63.26 18.5 -21.62 -142.41 46.58 -103.33 0 0 19.36 -32.97 -20.43 12.75 7.12 -0 -0 -4.74 -53.86 1.03
31.16 31.48 -8.71 -6.67 -27.43 5.62 0 0 0 -15.96 -6.26 -15.64 2.74 10.26 29.82 -0.43 -19.95 -10.18 0.06 -1.63 -4.49 0 0 0 26.86 -2.14 -20.08 -7.79 -15.96 51.79 0.05 -10.47 -14.18 -0.01 -0.51 1.41 1.48 3.38 18.24 0.72 4.71 3.3 -1.16 2.24 -6.58 -5.85 3.62 -11.07 -3.73 7.47 28.65 0.57 2.26 11.07 0 -0 0 -27.99 -51.72 -27.35 120.04 -56.3 -85.69 -0 -0 16.82 -8.92 1.18 -0.18 -7.12 0 -0 -27.33 30.29 10.97 0 -0 0 63.66 21.03 -14.71 -144 45.51 -104.48 0 0 17.06 -35.33 -18.33 12.57 7.12 -0 -0 -7.46 -51.93 1.28
31.14 31.51 -8.56 -5.37 -25.44 4.25 0 0 0 -17.61 -5.45 -13.23 2.24 9.34 26.88 -0.92 -21.9 -7.1 0.26 3.26 9.01 0 0 0 25.52 3.28 -19.59 -9.35 -17.03 57.29 -0.22 -7.81 -14.96 -0 0.2 -0.56 0.96 3.41 18.7 0.58 4.66 3.24 -1.04 2.22 -6.92 -4.84 2.95 -12.89 -3.91 6.63 30.13 0.27 1.86 12.07 0 -0 0 -31.53 -53.59 -23.54 121.12 -56 -86.59 -0 -0 17.5 -10.31 1.15 -0.21 -7.12 0 -0 -28.3 30.18 11.55 0 -0 0 61.84 24.48 -10.31 -144.37 45.26 -104.74 0 0 16.98 -31.11 -16.47 9.71 7.12 -0 -0 -3.27 -49.01 0.32
31.14 31.56 -8.41 -4.02 -23.43 2.91 0 0 0 -19.42 -5.18 -10.46 1.77 8.37 23.86 -1.2 -22.39 -4.48 0.45 4.32 11.98 0 0 0 24.31 8.53 -19.6 -11.44 -18.14 64.21 -0.56 -4.87 -16.78 -0.03 1.19 -3.26 1 3.01 18.17 0.19 4.11 3.4 -1.32 1.96 -6.44 -4.71 2.79 -12.39 -4 6.34 29.72 0.17 1.77 11.81 -0 -0 0 -34.01 -53.99 -20.19 120.69 -56.12 -86.23 -0 -0 17.22 -12.97 0.13 -0.03 -7.12 0 -0 -29.84 29.1 13.28 -0 -0 0 58.52 28.68 -5.48 -142.44 46.56 -103.35 0 0 18.71 -34.27 -16.75 11.11 7.12 -0 -0 -6.43 -49.88 0.78
31.13 31.64 -8.26 -2.5 -20.93 1.54 0 0 0 -21.35 -4.48 -7.75 1.34 7.33 20.69 -1.57 -23.67 -1.74 0.44 4.24 11.76 0 0 0 23.28 12.44 -19.74 -13.75 -19.04 71.44 -0.76 -2.01 -17.36 -0.11 2.09 -5.76 0.5 3.16 18.05 -0.08 4.19 3.7 -1.32 2.01 -6.06 -4.28 1.63 -13.76 -3.96 4.76 30.96 -0.09 1.05 12.6 -0 0 0 -36.6 -55.42 -15.71 119.55 -56.43 -85.28 -0 -0 17.17 -6.51 -0.74 0.08 -7.12 0 -0 -25.14 28.68 10.99 -0 0 0 53.84 33.58 -4.03 -139.87 48.15 -101.47 0 0 15.88 -32.53 -14.31 8.96 7.12 -0 -0 -4.82 -46.76 0.21
31.11 31.78 -8.16 -1.99 -17.33 1.16 0 0 0 -21.92 -3.16 -4.78 0.71 5.39 15.03 -2.14 -25.32 4.38 0.64 5.1 14.19 0 0 0 23.89 16.02 -20.3 -16.04 -19.62 78.34 -0.99 -2.06 -19.67 -0.46 4.34 -12.04 1.47 2.29 17.29 -0.34 3.21 3.68 -1.88 1.53 -5.63 -5.08 1.07 -12.72 -3 3.8 31.11 0.27 0.68 12.4 -0 0 0 -37.33 -55.13 -12.84 118.17 -56.78 -84.13 -0 -0 16.09 -4.43 -1.65 0.13 -7.12 0 -0 -23.46 27.93 10.58 -0 0 0 49.29 38.62 -3.11 -135.81 50.36 -98.39 0 0 15.26 -31.37 -13.94 8.36 7.12 -0 -0 -3.73 -46.16 0.11
31.11 31.76 -8.09 -1.23 -13.96 1.08 0 0 0 -22.73 -2.98 -5.59 0.78 5.65 15.78 -2.41 -26.22 11.05 1.61 8 22.71 0 0 0 24.1 18.13 -21.75 -19.09 -19.98 87.33 -1.26 -5.63 -23.89 -1 6.35 -17.82 2.17 1.57 16.1 -0.68 2.36 3.84 -2.41 1.12 -4.81 -5.23 0.7 -11.8 -2.89 3.18 30.77 0.25 0.43 12.07 0 0 0 -37.56 -54.86 -10.48 115.84 -57.32 -82.18 -0 -0 16.54 -1.61 -4.08 0.11 -7.12 0 -0 -20.97 25.75 10.45 0 0 0 44.46 42.82 -4.34 -131.24 52.48 -94.81 0 0 14.12 -27.77 -15.41 7.96 7.12 -0 -0 -0.12 -47.28 0.01
31.12 31.83 -7.95 -0.47 -10.28 0.16 0 0 0 -23.66 -2.2 -3.12 0.57 4.85 13.49 -2.81 -28.13 12.71 1 6.37 17.86 0 0 0 24.01 21.32 -21.09 -20.42 -20 91.24 -1.69 -3.6 -26.05 -0.03 1.02 -2.81 2.43 1.66 17.29 -0.84 2.54 3.68 -2.83 1.2 -5.59 -3.68 -0.53 -13.54 -3.4 1.42 32.75 -0.48 -0.3 13.29 0 -0 0 -39.83 -56.19 -4.86 114.17 -57.67 -80.77 -0 -0 14.96 0.94 -5.49 -0.09 -7.12 0 -0 -18.94 24.46 9.93 0 -0 0 40.02 43.18 -7.87 -126.2 54.42 -90.76 0 0 12.94 -23.94 -16.6 7.23 7.12 -0 -0 3.76 -48.01 -0.28
31.11 31.97 -7.83 0.31 -5.67 0.31 0 0 0 -24.59 -1.44 4.08 0 0 0 -0.73 -21.52 24.58 2.2 9.28 26.66 0 0 0 23.19 23.37 -23.97 -21.85 -19.92 95.41 -1.78 -3.62 -26.72 -0 0.14 -0.38 2.63 1.35 17.43 -1.03 2.17 3.4 -3.07 1 -5.97 -3.64 -1.89 -13.57 -2.86 -0.73 33.08 -0.6 -1.15 13.43 0 -0 0 -41.55 -58.11 -0.46 112.89 -57.92 -79.68 -0 -0 13.71 3.86 -6.08 -0.41 -7.12 0 -0 -16.77 23.89 8.91 0 -0 0 37.44 42.79 -11.14 -120.54 56.16 -86.11 0 0 13.35 -20.25 -17.14 6.21 7.12 -0 -0 7.41 -48.04 -0.56
31.08 32.03 -7.74 0.83 -0.87 0.31 0 0 0 -25.16 -3.57 5.08 0 -0 -0 -1.33 -24.61 24.91 1.47 7.65 21.67 0 0 0 22.64 24.31 -25.79 -22.96 -19.79 98.69 -1.91 -3.96 -27.77 -0.08 1.83 -5.04 3.33 0.25 16.23 -1.28 0.81 3.56 -3.41 0.35 -5.23 -3.91 -2.11 -12.2 -2.24 -1.25 32.73 -0.37 -1.31 12.99 0 0 0 -41.4 -58.54 1.37 111.81 -58.12 -78.77 -0 -0 13.55 3.23 -7.19 -0.4 -7.12 0 -0 -17.09 22.83 9.54 0 0 0 36.31 43.42 -12.58 -118.98 56.58 -84.81 0 0 13.88 -15.21 -18.87 5.03 7.12 -0 -0 12.71 -49.06 -1.29
31.04 31.99 -7.67 1.68 3.1 0.34 0 0 0 -26.17 -4.92 5.79 0 0 0 -0.45 -22.5 28.6 2.48 9.8 28.32 0 0 0 21.09 25.59 -28.55 -24.13 -19.59 102.16 -2.22 -1.26 -28.69 -0.03 1.1 -3.02 2.51 0.26 16.85 -1.3 0.71 3.36 -2.96 0.3 -5.8 -2.84 -3.17 -13.13 -2.51 -2.91 33.7 -0.94 -1.94 13.59 -0 0 0 -44.01 -60.92 6.01 110.55 -58.34 -77.7 -0 -0 13.38 3.33 -8.26 -0.48 -7.12 0 -0 -16.9 21.81 9.83 -0 0 0 35.51 41.46 -14.96 -118.3 56.75 -84.24 0 0 12.25 -12.31 -19.2 4.11 7.12 -0 -0 15.56 -48.96 -1.55
31 31.99 -7.58 2.5 6.85 -0.02 0 0 0 -27.2 -5.81 6.94 0 0 0 0.09 -21.56 31.07 2.8 10.36 30.16 0 0 0 19.66 26.1 -30.94 -24.71 -19.46 103.88 -2.18 -2.11 -28.72 -1.99 -8.86 25.34 1.59 0.18 17.84 -1.31 0.45 3.43 -2.41 0.19 -6.28 -3.13 -4.55 -12.66 -2.02 -5.03 33 -0.98 -2.82 13.21 0 -0 0 -46.65 -63.43 10.11 109.6 -58.5 -76.89 -0 -0 13.32 4.2 -8.28 -0.61 -7.12 0 -0 -16.28 21.78 9.46 0 -0 0 35.96 39.5 -17.56 -120.85 56.08 -86.37 0 0 13.14 -13.77 -18.43 4.43 7.12 -0 -0 13.91 -48.41 -1.19
30.96 31.95 -7.5 3.33 9.93 -0.4 0 0 0 -28.14 -5.96 8.12 0 -0 -0 -0.09 -22.7 31.43 2.58 9.97 28.9 0 0 0 17.83 27.25 -33.86 -24.99 -19.39 104.74 -2.26 1.15 -28.13 -0.17 2.68 -7.4 1.16 -0.59 17.04 -1.6 -0.65 3.86 -2.22 -0.33 -5.45 -4.13 -4.99 -10.93 -1.02 -5.81 32.64 -0.48 -3.16 12.77 -0 -0 0 -46.43 -63.55 11.14 109.65 -58.49 -76.93 -0 -0 12.26 5.35 -8.33 -0.78 -7.12 0 -0 -15.47 21.71 8.98 -0 -0 0 38.07 39.9 -18.89 -124.38 55.02 -89.28 0 0 13.53 -8.85 -19.57 2.99 7.12 -0 -0 18.93 -48.81 -1.84
30.92 31.91 -7.44 3.51 12.16 -1.13 0 0 0 -28.21 -5.23 9.13 0 -0 -0 0.2 -22.66 33.21 2.61 10.03 29.07 0 0 0 16.47 28.21 -37.54 -24.94 -19.4 104.59 -2.1 5.56 -26.23 -0.17 2.69 -7.41 0.52 -0.65 18.69 -1.46 -0.83 3.88 -1.66 -0.41 -6.32 -2.51 -5.05 -12.34 -2.78 -5.66 33.69 -1.48 -3.11 13.38 0 -0 0 -48.1 -64.71 13.52 109.45 -58.52 -76.76 -0 -0 12.05 5.4 -8.78 -0.83 -7.12 0 -0 -15.39 21.27 9.08 0 -0 0 38.4 38.75 -20.22 -128.18 53.7 -92.37 0 0 10.82 -8.74 -19.57 2.95 7.12 -0 -0 19.04 -48.8 -1.84
30.87 31.93 -7.36 3.14 14.68 -2.41 0 0 0 -27.68 -4.61 10.61 0 -0 -0 0.55 -22.63 35.21 2.42 9.69 27.98 0 0 0 15.07 28.49 -41.76 -24.32 -19.55 102.73 -0.99 15.86 -19.61 -0.1 -2.07 5.69 0.66 -1.35 17.96 -1.39 -1.7 4.62 -1.48 -0.82 -5.16 -4.17 -5.71 -8.66 -1.22 -6.85 32.31 -0.6 -3.66 12.17 -0 -0 0 -47.83 -64.92 14.06 108.72 -58.63 -76.14 -0 -0 11.63 7.96 -9.26 -1.29 -7.12 0 -0 -13.55 20.73 8.1 -0 -0 0 39.72 38.86 -19.73 -127.23 54.05 -91.6 0 0 10.56 -10.18 -19.43 3.42 7.12 -0 -0 17.64 -48.87 -1.73
30.84 31.85 -7.28 2.76 16.64 -4.04 0 0 0 -27.56 -4.89 7.76 0.25 3.24 8.95 -0.58 -26.18 33.41 3.37 11.27 33.19 0 0 0 15.24 26.85 -43.82 -23.34 -19.73 99.8 -0.71 18.46 -18.65 -0.02 -0.99 2.72 0.68 -1.49 19.16 -1.27 -1.85 5.08 -1.32 -0.89 -5.3 -2.73 -5.87 -10.03 -2.92 -6.8 34.28 -1.59 -3.65 13.14 -0 -0 0 -49.6 -65.99 16.78 107.56 -58.8 -75.15 -0 -0 11.66 8.89 -9.53 -1.48 -7.12 0 -0 -12.87 20.44 7.76 -0 -0 0 40.56 38.18 -20.45 -128.23 53.68 -92.41 0 0 8.46 -11.91 -19.35 4 7.12 -0 -0 16 -49.05 -1.64
30.76 31.79 -7.19 2.11 19.3 -5.79 0 0 0 -27.91 -7.43 6.18 0.98 6.29 17.63 -1.42 -26.7 28.46 2.25 9.37 26.94 0 0 0 15.83 23.87 -46.22 -22.12 -19.89 96.2 -0.84 17.16 -18.97 -0 0.4 -1.11 0.65 -1.97 19.04 -1.05 -2.44 5.82 -0.94 -1.17 -4.45 -2.69 -6.02 -8.18 -2.8 -7.09 33.98 -1.5 -3.76 12.62 -0 -0 0 -50.79 -66.6 18.65 106.13 -58.99 -73.92 -0 -0 11.64 10.05 -9.58 -1.69 -7.12 0 -0 -12.05 20.35 7.27 -0 -0 0 41.53 36.7 -20.45 -128.51 53.58 -92.63 0 0 7.18 -15.18 -18.65 4.96 7.12 -0 -0 12.67 -48.83 -1.21
30.65 31.74 -7.06 -0.43 21.04 -7.78 0 0 0 -26 -8.76 4.97 1.83 8.5 24.25 -1.64 -26.08 25.25 3.14 10.92 32.02 0 0 0 18.67 21.53 -48.33 -20.6 -19.99 91.75 -0.9 13.91 -18.25 -0 0.1 -0.27 1.46 -2.24 18.84 -0.1 -2.59 6.27 -0.37 -1.23 -3.86 -4.64 -7.29 -6.21 -1.46 -9.03 33.96 -0.83 -4.7 12.4 0 -0 0 -50.69 -67.28 19.39 104.38 -59.2 -72.42 -0 -0 11.1 10.59 -9.54 -1.77 -7.12 0 -0 -11.67 20.37 7.03 0 -0 0 41.74 36.38 -20.97 -127.34 54.01 -91.69 0 0 6.81 -16.84 -18.04 5.35 7.12 -0 -0 10.9 -48.46 -0.94
30.53 31.6 -6.94 -1.06 20.97 -9.99 0 0 0 -25.56 -7.7 5.14 2.51 9.86 28.52 -1.95 -26.39 22.61 3.61 11.62 34.4 0 0 0 19.64 20.43 -49.41 -19.22 -19.99 87.72 -0.75 10.57 -16.04 -0 -0.21 0.57 0.64 -1.73 20.07 0.2 -2.03 6.83 0.31 -0.96 -3.85 -3.52 -6.75 -7.1 -2.52 -8.07 34.52 -1.35 -4.25 12.68 -0 0 0 -50.06 -68.29 19.47 101.51 -59.49 -69.95 -0 -0 11.56 9.88 -9.83 -1.7 -7.12 0 -0 -12.16 20.11 7.4 -0 0 0 41.31 37.27 -22.34 -126.92 54.16 -91.35 0 0 7.24 -16.52 -18.52 5.38 7.12 -0 -0 11.36 -48.91 -1.11
30.39 31.43 -6.76 -2.47 22.25 -12.38 0 0 0 -24.09 -7.32 6.07 3.09 10.84 31.75 -2.54 -27.94 19.66 3.47 11.42 33.7 0 0 0 20.67 17.92 -50.57 -17.93 -19.9 83.94 -0.44 6.98 -12.09 -0.04 -1.35 3.72 0.57 -1.91 20.17 0.55 -2.25 7.49 0.75 -1.07 -3.17 -4.2 -6.83 -5.86 -2.07 -8.24 34 -1.02 -4.37 12.28 0 -0 0 -49.24 -69.59 18.88 98.98 -59.69 -67.76 -0 -0 10.93 9.58 -9.24 -1.55 -7.12 0 -0 -12.4 20.7 7.39 0 -0 0 40.58 38.27 -24.2 -127.74 53.87 -92.01 0 0 7.69 -15.75 -18.33 5.07 7.12 -0 -0 12.02 -48.6 -1.08
30.25 31.24 -6.55 -2.09 24.45 -13.84 0 0 0 -24.3 -7.11 6.86 3.72 11.78 34.95 -2.73 -28.6 19.09 3.93 12.06 35.96 0 0 0 19.04 14.92 -52.07 -16.91 -19.77 80.92 -0.18 3.24 -7.63 -0.31 -3.61 9.97 -1.38 -1.89 21.01 0.72 -2.56 8.11 2.13 -1.25 -2.84 -4.66 -7.18 -8.36 -2 -8.57 35.15 -1.12 -4.53 13.33 0 -0 0 -48.36 -71.84 17.39 95.61 -59.88 -64.85 -0 -0 10.42 7.34 -8.66 -1.11 -7.12 0 -0 -14.03 21.34 8.21 0 -0 0 38.57 40.02 -26.96 -129.07 53.36 -93.08 0 0 8.89 -14.82 -19.04 4.93 7.12 -0 -0 13.15 -49.17 -1.37
30.11 31.1 -6.35 -2.64 25.17 -15.58 0 0 0 -22.83 -5.39 6.7 4.41 12.68 38.2 -2.93 -29.23 18.27 4.04 12.21 36.47 0 0 0 18.43 13.5 -52.21 -15.68 -19.55 77.27 -0.04 -0.74 -4.25 -0.98 -6.31 17.68 -1.96 -2.01 19.55 0.87 -2.78 9.06 2.58 -1.4 -1.02 -6.14 -6.93 -6.2 -1.36 -8.21 34.02 -0.45 -4.5 12.51 -0 0 0 -47.63 -73.18 15.72 91.97 -59.99 -61.71 -0 -0 10.61 9.41 -8.56 -1.41 -7.12 0 -0 -12.57 21.39 7.3 -0 0 0 37.17 42.13 -28.6 -131.09 52.55 -94.7 0 0 9.88 -14.17 -20.52 5.06 7.12 -0 -0 14.33 -50.54 -1.99
29.99 30.93 -6.15 -2.81 25.79 -17.3 0 0 0 -21.55 -3.38 6.8 5.11 13.5 41.29 -3.53 -31.15 15.48 3.46 11.41 33.68 0 0 0 17.42 11.98 -51.96 -14.82 -19.34 74.7 0.04 -3.85 -2.86 -0.97 -6.26 17.53 -1.72 -1.66 21.63 0.58 -2.3 8.94 2.12 -1.12 -2.25 -6.8 -7.54 -7.53 -0.86 -9.03 35.16 -0.36 -4.87 13.39 -0 -0 0 -50.46 -75.33 18.21 88.04 -59.99 -58.3 -0 -0 11.38 9 -8.47 -1.34 -7.12 0 -0 -12.87 21.48 7.45 -0 -0 0 36.39 42.18 -30.83 -134.16 51.17 -97.11 0 0 10.88 -11.28 -22.83 4.42 7.12 -0 -0 18.13 -52.29 -3.34
29.89 30.73 -5.91 -2.94 27.09 -18.61 0 0 0 -20.49 -2.32 7.05 5.79 14.22 44.14 -3.75 -32.15 17.97 4.39 12.66 38.11 0 0 0 16.19 9.49 -52.06 -14.33 -19.21 73.21 0.09 -5.26 -2.36 -0.61 -4.98 13.86 -1.9 -1.74 20.97 0.41 -2.42 9.39 2.03 -1.2 -1.43 -7.97 -7.81 -4.68 -0.24 -9.58 33.36 0.18 -5.21 12.17 0 0 0 -52.03 -77.01 18.65 84.54 -59.89 -55.28 -0 -0 11.68 8.19 -8.95 -1.28 -7.12 0 -0 -13.41 21.03 7.92 0 0 0 35.26 42.81 -32.44 -136.76 49.88 -99.11 0 0 11.59 -8.69 -24.88 3.68 7.12 -0 -0 21.73 -53.77 -4.86
29.8 30.58 -5.7 -2.36 28.28 -19.85 0 0 0 -20.29 -1.25 7.67 6.38 14.79 46.5 -3.87 -32.5 17.42 4.12 12.32 36.86 0 0 0 13.97 7.68 -51.4 -13.92 -19.09 71.97 0.13 -6.5 -2.05 -0.32 -3.64 10.08 -2.54 -1.6 20.38 0.13 -2.34 9.89 2.04 -1.18 -0.58 -10.47 -8.59 -3.43 2.01 -11.14 34.42 1.25 -5.96 12.8 -0 0 0 -52.98 -78.42 18.89 81.7 -59.74 -52.82 -0 -0 10.82 7.87 -9.42 -1.3 -7.12 0 -0 -13.6 20.58 8.18 -0 0 0 34.36 43.04 -33.51 -138.56 48.9 -100.49 0 0 12.85 -8.3 -24.87 3.51 7.12 -0 -0 22.1 -53.69 -4.91
29.72 30.4 -5.48 -2.97 28.83 -21.54 0 0 0 -18.25 0.44 7.63 7.16 15.46 49.46 -4.16 -33.39 16.56 4.17 12.39 37.12 0 0 0 12.86 6.43 -50.47 -13.7 -19.02 71.27 0.17 -7.23 -2.25 -0.22 -3 8.29 -2.12 -1.46 19.88 0.19 -2.05 10.39 1.79 -1.03 0.19 -8.4 -7.88 -3.63 -0.05 -9.71 34.19 0.33 -5.3 12.36 -0 0 0 -53.25 -80.09 18.48 78.33 -59.48 -49.91 -0 -0 12.09 6.26 -9.85 -1.07 -7.12 0 -0 -14.7 20.21 9.01 -0 0 0 33.31 42.73 -34.75 -139.97 48.09 -101.54 0 0 13.04 -7.33 -25.98 3.23 7.12 -0 -0 23.71 -54.53 -5.8
29.64 30.21 -5.26 -2.12 30.62 -22.37 0 0 0 -17.92 1.75 7.72 7.84 16 51.97 -4.17 -33.6 18.47 4.67 13 39.38 0 0 0 9.57 4.73 -49.61 -13.7 -19.02 71.29 0.19 -7.79 -2.43 -0.34 -3.74 10.35 -2.96 -1.72 20.98 -0.25 -2.54 10.56 1.92 -1.28 -0.13 -8.34 -8.01 -4.24 -0.46 -9.74 34.41 0.13 -5.34 12.55 0 -0 0 -45.47 -81.03 10.02 76.5 -59.3 -48.33 -0 -0 11.29 4.24 -10.03 -0.74 -7.12 0 -0 -16.08 20.09 9.98 0 -0 0 32.45 43.07 -35.18 -139.93 48.11 -101.51 0 0 13.46 -7.83 -25.43 3.38 7.12 -0 -0 22.89 -54.12 -5.34
29.55 30.03 -5.08 -2.98 31.26 -23.52 0 0 0 -15.2 3.33 6.93 8.7 16.61 55.06 -4.66 -34.95 15.72 3.86 11.97 35.61 0 0 0 8.73 3.67 -48.78 -13.73 -19.03 71.37 0.24 -8.72 -1.85 -0.27 -3.36 9.29 -2.43 -1.83 20.57 -0.19 -2.56 10.83 1.67 -1.28 0.34 -9.18 -8.38 -3.13 0.28 -10.46 33.84 0.51 -5.7 12.23 0 0 0 -39.53 -82.11 3.34 75.7 -59.21 -47.65 -0 -0 10.52 3.04 -10.77 -0.57 -7.12 0 -0 -16.84 19.41 10.76 0 0 0 31.75 42.74 -35.54 -138.14 49.14 -100.16 0 0 14.49 -10.45 -24.24 4.33 7.12 -0 -0 19.66 -53.49 -4.23
29.45 29.88 -4.9 -3.6 31.69 -24.66 0 0 0 -12.52 4.83 6.38 9.46 17.1 57.68 -4.61 -34.96 18.73 4.37 12.64 38.02 0 0 0 7.54 3.44 -47.58 -13.71 -19.03 71.33 0.31 -9.87 -3.88 -1.37 -7.41 20.93 -2.04 -1.95 22.02 -0.21 -2.66 10.9 1.5 -1.3 -0.32 -10.78 -9.81 -0.76 0.88 -12.71 32.65 0.85 -6.86 11.61 -0 0 0 -26.51 -82.88 -9.78 74.64 -59.09 -46.74 -0 -0 9.68 3.43 -10.52 -0.63 -7.12 0 -0 -16.59 19.64 10.5 -0 0 0 30.22 42.19 -36.16 -136.47 50.03 -98.89 0 0 14.91 -14.58 -19.64 5 7.12 -0 -0 13.59 -49.73 -1.61
29.37 29.7 -4.76 -3.15 32.47 -25.02 0 0 0 -11.46 5.34 5.78 10.15 17.49 59.99 -4.62 -35.79 24.48 5.36 13.78 42.36 0 0 0 5.61 2.63 -46.64 -13.9 -19.08 71.9 0.39 -10.98 -3.9 -1.24 -7.05 19.87 -2.22 -2.18 22.3 -0.66 -2.99 11.16 1.2 -1.46 -0.17 -12.5 -9.96 0.93 2.71 -13.45 31.98 1.79 -7.23 11.37 0 -0 0 -12.36 -82.68 -24.55 74.75 -59.1 -46.83 -0 -0 9.82 3.18 -10.68 -0.59 -7.12 0 -0 -16.75 19.49 10.66 0 -0 0 29.57 43.47 -37.7 -136.75 49.88 -99.11 0 0 16.46 -13.88 -21.39 5.15 7.12 -0 -0 14.96 -51.34 -2.38
29.26 29.5 -4.62 -2.55 32.86 -24.76 0 0 0 -10.42 5.41 4.82 10.85 17.86 62.28 -4.35 -36.04 28.56 5.88 14.31 44.5 0 0 0 4.26 2.36 -46.11 -14.17 -19.17 72.73 0.46 -11.96 -4.88 -1.52 -7.78 22.05 -2.68 -2.11 23.34 -0.97 -3.01 11.09 1.17 -1.46 -0.75 -13.04 -10.17 1.69 2.98 -13.85 31.56 1.96 -7.46 11.17 0 0 0 2.45 -81.99 -39.62 75.39 -59.18 -47.38 -0 -0 8.57 2.15 -10.55 -0.39 -7.12 0 -0 -17.47 19.64 11.1 0 0 0 27.08 44.99 -40.45 -137.31 49.59 -99.53 0 0 16.13 -13.84 -21.65 5.19 7.12 -0 -0 15.11 -51.59 -2.5
29.13 29.32 -4.52 -2.43 32.45 -24.77 0 0 0 -8.77 5.83 3.29 11.67 18.25 64.94 -2.74 -34.21 35.3 5.26 13.67 41.92 0 0 0 4 2.54 -45.52 -14.43 -19.24 73.5 0.54 -12.97 -3.66 -0.93 -6.14 17.2 -3.07 -2.05 23.65 -1.1 -3.02 11.3 1.26 -1.48 -0.65 -12.62 -10.04 4.56 2.44 -13.79 29.28 1.93 -7.48 9.69 -0 0 0 14.81 -79.63 -51.88 76.29 -59.28 -48.16 -0 -0 6.93 1.32 -9.74 -0.22 -7.12 0 -0 -18.12 20.42 11.22 -0 0 0 24.5 47.03 -43.52 -138.59 48.89 -100.5 0 0 16.1 -11.8 -23.06 4.68 7.12 -0 -0 17.73 -52.6 -3.41
29 29.15 -4.44 -1.56 32.4 -24.29 0 0 0 -8.19 5.68 1.71 12.47 18.58 67.46 -1.14 -31.96 39.57 5.67 14.1 43.65 0 0 0 3.2 1.98 -45.24 -14.72 -19.32 74.39 0.59 -13.48 -4.05 -1.18 -6.9 19.42 -3.79 -2.06 24.86 -1.52 -3.24 11.23 1.32 -1.59 -1.27 -12.21 -9.77 6.86 1.47 -13.41 27.41 1.75 -7.35 8.48 0 -0 0 19.82 -77.51 -57.04 77.7 -59.42 -49.37 -0 -0 5.53 1.33 -8.83 -0.2 -7.12 0 -0 -18.22 21.29 10.91 0 -0 0 22.39 48.07 -45.75 -138.03 49.2 -100.08 0 0 16.03 -11.27 -22.5 4.36 7.12 -0 -0 17.98 -51.98 -3.17
28.88 29.05 -4.37 -2.14 31.92 -24.76 0 0 0 -5.83 5.2 0.98 13.03 18.79 69.23 -1.33 -33.48 41.14 6.56 14.95 47.21 0 0 0 3.96 0.82 -44.94 -15.21 -19.44 75.87 0.57 -13.25 -4.5 -1.15 -6.8 19.13 -3.38 -2.31 25.64 -1.56 -3.5 11.32 1.14 -1.69 -1.57 -12.66 -9.59 9.42 1.52 -13.45 26.06 2.01 -7.41 7.63 0 -0 0 22.08 -75.87 -60.41 79.59 -59.59 -51 -0 -0 5.11 0.53 -8.78 -0.08 -7.12 0 -0 -18.78 21.34 11.26 0 -0 0 20.45 48.85 -47.19 -138.86 48.73 -100.71 0 0 15.58 -10.66 -23.68 4.32 7.12 -0 -0 19.15 -53 -3.88
28.78 28.95 -4.33 -1.61 31.59 -24.68 0 0 0 -5.28 5.42 0.42 13.35 18.9 70.2 0.35 -30.88 44.47 6.68 15.06 47.66 0 0 0 3.4 -0.78 -45.4 -15.97 -19.61 78.15 0.54 -13.31 -1.16 -1.54 -7.83 22.21 -3.81 -2.38 26.66 -1.73 -3.72 11.47 1.3 -1.8 -1.84 -12.76 -9.46 10.48 1.19 -13.31 25.29 2 -7.37 7.18 -0 0 0 23.59 -74.5 -63.54 82.07 -59.76 -53.14 -0 -0 4.69 -1.4 -8.56 0.21 -7.12 0 -0 -20.13 21.56 12.08 -0 0 0 18.04 49.25 -48.5 -138.94 48.69 -100.77 0 0 15.17 -9.98 -25.09 4.27 7.12 -0 -0 20.59 -54.2 -4.81
28.69 28.89 -4.3 0.04 31.71 -23.98 0 0 0 -6.27 5.68 0.07 13.57 18.98 70.89 0.27 -31.01 44.3 6.9 15.24 48.48 0 0 0 1.4 -2.65 -46.67 -17.09 -19.8 81.45 0.39 -12.93 2.65 -1.08 -6.6 18.54 -5.28 -2.13 27.02 -2.1 -3.79 11.52 1.75 -1.87 -1.86 -13.42 -9.37 14.14 2.15 -13.83 23.23 2.62 -7.62 6.09 0 0 0 22.6 -73.17 -63.19 84.05 -59.87 -54.85 -0 -0 3.81 -2.32 -7.82 0.32 -7.12 0 -0 -20.87 22.24 12.23 0 0 0 17.06 49.08 -48.19 -138.96 48.68 -100.78 0 0 14.86 -12.01 -24.36 5.01 7.12 -0 -0 18.2 -53.89 -4.08
28.64 28.91 -4.29 0.42 30.72 -24.03 0 0 0 -6.2 7.01 0.34 13.35 18.91 70.22 0.68 -29.75 44.39 6.99 15.32 48.84 0 0 0 0.79 -4.02 -47.83 -18.13 -19.92 84.53 0.27 -13.15 5.27 -1.1 -6.66 18.71 -5.21 -1.8 27.52 -2.1 -3.37 11.68 1.62 -1.66 -1.96 -12.5 -9.61 15.37 1.43 -14.07 22.61 2.33 -7.69 5.6 -0 -0 0 20.45 -71.8 -61.14 86.64 -59.96 -57.09 -0 -0 2.7 -2.26 -7.33 0.29 -7.12 0 -0 -20.9 22.71 12.01 -0 -0 0 16.09 49.32 -48.68 -139.73 48.23 -101.36 0 0 14.96 -11.28 -25.12 4.84 7.12 -0 -0 19.33 -54.47 -4.63
28.58 28.99 -4.31 0.34 30.19 -24.04 0 0 0 -5.83 7.21 0.47 13.23 18.86 69.83 0.02 -30.86 43.13 6.59 14.97 47.3 0 0 0 0.54 -6.02 -49.34 -19.08 -19.98 87.31 0.19 -13.68 7.1 -0.92 -6.12 17.13 -5.03 -1.85 27.32 -2.02 -3.36 11.98 1.58 -1.66 -1.53 -12.16 -9.86 17.42 1.24 -14.55 21.39 2.35 -7.88 4.92 -0 -0 0 17.53 -69.92 -58.38 89.77 -60 -59.8 -0 -0 1.86 -2.81 -6.43 0.31 -7.12 0 -0 -21.42 23.54 11.91 -0 -0 0 16.14 50.85 -48.44 -141.09 47.41 -102.37 0 0 15.99 -10.46 -25.36 4.52 7.12 -0 -0 20.29 -54.54 -4.91
28.51 29.09 -4.33 -0.54 29.09 -24.21 0 0 0 -4.4 8.96 -0.15 12.9 18.75 68.82 -0.27 -31.33 42.54 6.13 14.56 45.51 0 0 0 1.44 -7.44 -50.88 -19.92 -20 89.77 0.22 -13.9 6.91 -0.88 -5.98 16.73 -4.08 -1.98 27.31 -1.8 -3.28 11.99 1.27 -1.6 -1.57 -11.12 -10.1 17.39 -0.35 -14.48 21.93 1.71 -7.83 4.9 -0 -0 0 14.31 -67.78 -54.73 92 -59.98 -61.73 -0 -0 1.16 -1.84 -6.54 0.21 -7.12 0 -0 -20.73 23.45 11.52 -0 -0 0 17.49 52.52 -47.23 -142.11 46.77 -103.11 0 0 16.79 -9.68 -25.38 4.18 7.12 -0 -0 21.05 -54.42 -5.04
28.41 29.2 -4.33 -1.22 28.19 -24.4 0 0 0 -2.78 9.86 -0.54 12.75 18.69 68.34 -0.33 -31.39 42.34 5.63 14.06 43.48 0 0 0 2.31 -8.44 -51.95 -20.69 -19.99 92.03 0.36 -14.01 4.66 -1.56 -7.88 22.34 -4.12 -1.86 27.12 -1.45 -3.13 12.06 1.61 -1.55 -1.39 -11.06 -10.26 18.34 -0.75 -14.72 21.78 1.63 -7.95 4.71 0 -0 0 11.43 -65.78 -51.54 94.48 -59.92 -63.88 -0 -0 0.06 -1.75 -6.17 0.19 -7.12 0 -0 -20.72 23.79 11.33 0 -0 0 19.57 53.38 -44.49 -142.73 46.36 -103.57 0 0 17.05 -10.56 -25.17 4.53 7.12 -0 -0 20.08 -54.39 -4.78
28.28 29.28 -4.33 -1.76 27.42 -24.55 0 0 0 -1.23 10.41 -1.12 12.64 18.65 68 0.48 -30.02 43.92 5.33 13.74 42.21 0 0 0 3.29 -9.35 -52.4 -21.16 -19.97 93.41 0.3 -12.04 3.3 -1.16 -6.82 19.19 -4.29 -1.82 27.93 -1.28 -3.17 11.87 1.95 -1.57 -1.96 -11.73 -10.28 17.26 -0.01 -14.84 23.03 1.85 -8.07 5.38 -0 0 0 10.09 -63.88 -50.13 95.84 -59.87 -65.06 -0 0 -0.46 -2.02 -6.13 0.22 -7.12 0 -0 -20.92 23.83 11.44 -0 0 0 20.69 54.13 -42.44 -143.22 46.05 -103.92 0 0 17.24 -10.62 -26.34 4.75 7.12 -0 -0 20.71 -55.49 -5.51
28.15 29.32 -4.32 -1.6 26.79 -24.35 0 0 0 -0.16 11.05 -1.73 12.53 18.61 67.66 1.51 -28.91 46.62 5.34 13.76 42.28 0 0 0 3.65 -9.57 -52.17 -21.42 -19.95 94.17 0.23 -9.61 1.46 -0.99 -6.32 17.71 -5.08 -1.83 27.94 -1.35 -3.4 11.81 2.39 -1.71 -1.96 -12.11 -9.84 16.73 0.48 -14.36 22.44 2.05 -7.85 5.29 -0 0 0 9.4 -62.63 -50.21 95.84 -59.87 -65.06 -0 0 -1.15 -1.3 -6.49 0.15 -7.12 0 -0 -20.36 23.5 11.26 -0 0 0 21.55 55.99 -40.39 -144 45.51 -104.48 0 0 17.54 -10.58 -27.32 4.9 7.12 -0 -0 21.37 -56.39 -6.17
28.03 29.29 -4.34 -0.69 26.62 -24.09 0 0 0 -0.21 11.54 -2.11 12.58 18.63 67.82 2.31 -27.62 48.24 5.37 13.79 42.4 0 0 0 2.9 -9.78 -51.24 -21.44 -19.95 94.22 0.14 -7.61 1.42 -0.71 -5.39 15.02 -5.82 -1.84 28.21 -1.74 -3.66 11.6 2.47 -1.84 -2.27 -12.35 -9.44 16.4 0.89 -13.92 21.78 2.22 -7.63 5.13 0 0 0 8.63 -62.7 -51.13 94.8 -59.91 -64.15 -0 0 -0.79 -3.6 -7.09 0.44 -7.12 0 -0 -21.85 22.92 12.53 0 0 0 21.63 57.05 -38.63 -142.96 46.21 -103.73 0 0 17.98 -10.84 -27.98 5.13 7.12 -0 -0 21.55 -57.07 -6.58
27.92 29.18 -4.36 1.31 26.36 -23.59 0 0 0 -1.48 12.48 -2.28 12.77 18.7 68.41 2.32 -27.27 47.92 5.4 13.82 42.51 0 0 0 1.1 -9.47 -50.04 -21.34 -19.96 93.91 0.07 -6.93 2.84 -0.51 -4.6 12.76 -6.82 -1.65 29.46 -2.44 -3.82 11.3 2.38 -1.89 -3.15 -11.92 -9.48 14.36 0.49 -13.68 21.64 1.94 -7.49 5.3 0 0 0 9.53 -62.89 -54.4 92.62 -59.97 -62.27 -0 0 -0.74 -4.77 -7.92 0.66 -7.12 0 -0 -22.52 22.13 13.42 0 0 0 20.32 59.55 -38.5 -142.55 46.48 -103.44 0 0 18.71 -10.85 -28.44 5.21 7.12 -0 -0 21.86 -57.49 -6.91
27.8 29.04 -4.38 3.78 26.48 -22.82 0 0 0 -2.9 13.52 -2.8 13.07 18.81 69.36 2.77 -26.27 48.61 5.59 14.01 43.3 0 0 0 -1.1 -9.34 -48.82 -21.21 -19.96 93.55 0.07 -7.42 3.54 -0.8 -5.69 15.9 -8.03 -1.39 29.58 -3.14 -3.87 11.25 2.31 -1.92 -3.19 -10.8 -9.47 15 -0.05 -13.59 19.2 1.72 -7.33 4.3 -0 0 0 10.7 -62.25 -57.24 89.51 -60 -59.58 -0 0 -0.84 -5.76 -8.66 0.87 -7.12 0 -0 -23.05 21.43 14.21 -0 0 0 17.53 62.28 -39.7 -142.05 46.81 -103.07 0 0 20.06 -9.29 -29.22 4.57 7.12 -0 -0 24 -57.87 -7.86
27.68 28.93 -4.38 5.36 26.17 -22.61 0 0 0 -2.9 14.65 -2.99 13.4 18.92 70.36 2.91 -27.12 49.85 5.53 13.96 43.08 0 0 0 -1.8 -8.87 -47.22 -21.13 -19.97 93.31 0.14 -8.41 2.56 -1.09 -6.62 18.61 -7.86 -1.12 30.08 -3.68 -3.58 11.08 1.55 -1.73 -3.7 -10.36 -9.52 13.61 -0.25 -13.44 19.74 1.51 -7.24 4.61 -0 -0 0 11.96 -61.19 -58.86 84.44 -59.88 -55.19 -0 0 -1.28 -5.37 -10.5 0.98 -7.12 0 -0 -22.51 19.73 14.76 -0 -0 0 13.31 64.24 -42.11 -140.87 47.54 -102.21 0 0 22.37 -8.24 -29.75 4.11 7.12 -0 -0 25.46 -58.12 -8.53
27.57 28.83 -4.33 5.87 25.69 -23.05 0 0 0 -1.2 16.07 -2.72 13.55 18.97 70.83 4.35 -25.92 53.57 5.66 14.09 43.6 0 0 0 -1.4 -8.14 -45.44 -21.31 -19.96 93.82 0.18 -9.02 2.19 -0.7 -5.33 14.85 -6.55 -1.11 30.25 -3.96 -3.23 11.12 0.4 -1.52 -3.87 -8.67 -9.39 10.82 -2.36 -12.56 21.4 0.46 -6.8 5.25 0 -0 0 12.33 -59.73 -59.13 79.62 -59.59 -51.03 -0 0 -2.59 -4.67 -11.8 0.96 -7.12 0 -0 -21.87 18.52 14.91 0 -0 0 9.57 66.7 -44.43 -139.47 48.38 -101.17 0 0 25.31 -5.83 -30.13 2.94 7.12 -0 -0 28.16 -57.94 -9.41
27.45 28.79 -4.25 7.68 26.54 -22.87 0 0 0 -1.42 16.3 -2.45 13.32 18.9 70.13 6.48 -22.3 57.72 6.28 14.7 46.1 0 0 0 -2.92 -8.08 -44.2 -21.6 -19.94 94.69 0.13 -9.46 4.08 -0.38 -3.94 10.91 -6.8 -1.1 29.89 -4.59 -3.28 11.26 -0.15 -1.54 -3.57 -8.25 -8.99 10.66 -3.01 -11.87 21.83 0.2 -6.47 5.32 -0 -0 0 11.28 -58.09 -57.63 76.03 -59.25 -47.93 -0 0 -4.02 -3.89 -13.14 0.89 -7.12 0 -0 -21.19 17.28 15.01 -0 -0 0 8.1 69.35 -44.35 -139.28 48.49 -101.02 0 0 28.51 -5.55 -30.09 2.79 7.12 -0 -0 28.41 -57.84 -9.43
27.29 28.88 -4.16 8.5 27.17 -22.77 0 0 0 0.07 17.24 -3.23 13 18.78 69.13 9.42 -15.67 63.33 6.03 14.46 45.09 0 0 0 -3.36 -6.63 -43.3 -21.59 -19.94 94.64 0.22 -12.85 5.79 -1.51 -7.76 21.99 -6.26 -1.15 29.52 -5.04 -3.19 11.21 -1 -1.47 -3.53 -8.46 -8.57 10.15 -3.17 -11.18 23.22 0.14 -6.19 5.83 -0 -0 0 10.17 -56.01 -54.73 72.39 -58.8 -44.81 -0 0 -5.97 -1.36 -14.45 0.34 -7.12 0 -0 -19.41 16.01 14.15 -0 -0 0 9.8 71.6 -41.61 -140.01 48.07 -101.57 0 0 31.71 -3.34 -30.18 1.68 7.12 -0 -0 30.64 -57.44 -9.96
27.11 28.92 -4.1 10.49 28.62 -22.74 0 0 0 0.7 17.65 -5.01 13.41 18.92 70.38 11.31 -2.21 65.52 5.67 14.11 43.66 0 0 0 -5.03 -6.27 -42.11 -21.48 -19.95 94.32 -0.07 -13.47 10.24 -0.99 -6.34 17.76 -7.1 -1.17 30.41 -5.83 -3.55 11.31 -1.27 -1.62 -3.8 -8.31 -7.97 10.04 -3.53 -10.29 22.75 0.04 -5.75 5.64 0 -0 0 10.74 -53.46 -53.4 68.04 -58.1 -41.11 -0 0 -7.87 0.74 -16.23 -0.21 -7.12 0 -0 -17.89 14.27 13.63 0 -0 0 9.39 73.82 -40.84 -140.15 47.98 -101.67 0 0 34.19 -1.24 -30.6 0.63 7.12 -0 -0 33.03 -57.36 -10.79
26.9 28.94 -4.04 12.52 30.26 -22.34 0 0 0 1.21 19.34 -9.58 14.63 19.29 74.12 11.7 -4.49 67.1 4.03 12.2 36.43 0 0 0 -6.35 -5.85 -41.22 -21.32 -19.96 93.85 -0.24 -12.38 11.59 -0.42 -4.15 11.5 -8.33 -0.92 31.4 -6.52 -3.69 11.3 -1.28 -1.66 -4.2 -8.12 -7.78 8.88 -3.65 -9.92 22.52 -0.06 -5.56 5.72 -0 -0 0 12.06 -52.15 -52.63 63.96 -57.28 -37.65 -0 0 -9.56 2.07 -17.2 -0.61 -7.12 0 -0 -16.98 13.29 13.23 -0 -0 0 9.3 76.08 -40.62 -141.1 47.4 -102.38 0 0 37.33 1.71 -30.96 -0.88 7.12 -0 -0 36.15 -57.04 -11.69
26.7 28.95 -3.99 12.93 31.41 -22.96 0 0 0 4.18 19.41 -14.32 17.05 19.79 81.34 8.92 -7.26 59.17 1.79 8.42 24 0 0 0 -5.9 -5.48 -39.83 -21 -19.98 92.93 -0.09 -11.42 9.22 -0.53 -4.66 12.95 -8.14 -0.96 32.91 -6.93 -3.87 11.12 -1.71 -1.68 -4.54 -6.9 -7.58 7.28 -4.66 -9.35 22.13 -0.59 -5.25 5.7 0 0 0 14.14 -51.53 -52.74 59.59 -56.2 -34 -0 0 -9.76 5.01 -18.91 -1.63 -7.12 0 -0 -15.02 11.48 12.16 0 0 0 8.19 76.99 -41.94 -142.77 46.34 -103.59 0 0 34.28 7.32 -31.01 -3.79 7.12 -0 -0 41.36 -55.92 -12.61
26.54 28.96 -3.97 12.92 31.94 -24.05 0 0 0 7.57 19.69 -18.72 19.67 20 89.05 5.5 -1.82 45.24 2.7 10.19 29.58 0 0 0 -4.81 -3.87 -37.9 -20.47 -19.99 91.37 0.09 -10.76 6.13 -0.9 -6.05 16.94 -7.68 -0.84 33.94 -7.05 -3.63 11.42 -2.15 -1.53 -4.66 -8.1 -7.25 6.66 -3.16 -9.08 22.76 0.03 -5.14 6.14 -0 0 0 15.89 -51.9 -54.09 55.94 -55.13 -30.99 -0 0 -10.42 4.73 -19.82 -1.61 -7.12 0 -0 -15.17 10.62 12.57 -0 0 0 6.18 79.1 -43.46 -140.8 47.59 -102.15 0 0 41.92 2.7 -29.56 -1.33 7.12 -0 -0 35.87 -55.7 -10.37
26.42 28.99 -3.99 13.43 32.43 -24.64 0 0 0 9.54 19.99 -23.99 22.15 19.89 96.29 2.02 -8.09 30.76 1.6 7.97 22.63 0 0 0 -4.31 -2.4 -36.47 -19.81 -20 89.43 0.1 -9.32 4.45 -0.5 -4.55 12.63 -7.42 -0.74 34.91 -7.32 -3.49 11.64 -2.62 -1.42 -4.8 -8.86 -7.14 6.71 -2.7 -9.02 22.57 0.3 -5.13 6.14 0 0 0 17.05 -51.87 -54.42 52.89 -54.09 -28.5 -0 0 -10.1 6.05 -20.91 -2.17 -7.12 0 -0 -14.31 9.47 12.15 0 0 0 7.17 80.78 -42.44 -140.99 47.47 -102.29 0 0 43.47 3.74 -29.15 -1.83 7.12 -0 -0 36.48 -55.15 -10.08
26.33 29.03 -4.02 16.42 33.38 -24.81 0 0 0 8.22 19.51 -28.23 23.9 19.63 101.47 0.64 -9.45 21.34 1.41 7.5 21.2 0 0 0 -6.3 -1.66 -34.44 -19.22 -19.99 87.73 0.08 -8.09 3.75 -0.47 -4.39 12.18 -9.64 -0.2 36.69 -8.25 -3.78 11.8 -2.43 -1.52 -4.99 -8.71 -6.56 7.58 -2.89 -8.3 21.93 0.29 -4.76 5.75 -0 -0 0 17.53 -50.59 -53.22 50.74 -53.29 -26.77 -0 0 -11.01 7.44 -21.71 -2.77 -7.12 0 -0 -13.44 8.57 11.61 -0 -0 0 9.51 82.15 -40.08 -140.59 47.72 -102 0 0 45.15 3.15 -28.2 -1.49 7.12 -0 -0 35.18 -54.49 -9.05
26.28 29.07 -4.05 18.99 33.57 -25.58 0 0 0 7.01 17.77 -31.57 25.07 19.37 104.98 0.24 -10.3 17.97 1.33 7.29 20.59 0 0 0 -7.47 -0.54 -32.06 -18.7 -19.96 86.19 0.18 -8.59 1.47 -0.92 -6.11 17.11 -11.08 0.76 38.33 -8.77 -3.23 12.32 -2.48 -1.23 -4.86 -8.48 -6.58 8.34 -3.07 -8.37 21.23 0.24 -4.76 5.39 -0 0 0 18.57 -49.89 -52.39 49.03 -52.6 -25.4 -0 0 -11.65 7.99 -21.71 -2.97 -7.12 0 -0 -13.09 8.53 11.31 -0 0 0 4.9 81.89 -44.46 -140.73 47.63 -102.11 0 0 45.82 4.85 -28.19 -2.3 7.12 -0 -0 36.73 -54.17 -9.22
26.24 29.09 -4.16 17.8 31.42 -25.77 0 0 0 9.41 16.55 -38.39 26.28 19.03 108.65 -0.18 -14.18 18.02 0.57 4.85 13.49 0 0 0 -3.87 1.14 -33.28 -18.39 -19.94 85.29 0.3 -10.22 -0.22 -0.87 -5.96 16.66 -8.78 0.6 38.47 -8.74 -2.7 12.02 -3.78 -0.92 -5.44 -8.88 -6.6 7.85 -2.93 -8.35 21.83 0.32 -4.79 5.69 0 0 0 19.03 -48.03 -50.22 48.48 -52.36 -24.96 -0 0 -12.68 7.28 -21.42 -2.67 -7.12 0 -0 -13.53 8.87 11.62 0 0 0 5.81 82.37 -43.37 -139.23 48.52 -100.98 0 0 47.16 4.26 -27.05 -1.94 7.12 -0 -0 35.32 -53.34 -8.03
26.26 29.06 -4.21 15.53 28.57 -27.68 0 0 0 14.1 15.29 -43.15 27.38 18.64 112.05 -0.33 -16.21 19.48 0.81 5.73 16.01 0 0 0 1.18 2.67 -33.02 -18.21 -19.92 84.75 0.42 -11.71 -1.39 -0.89 -6.01 16.8 -5.73 0.49 38.16 -8.47 -1.65 12.37 -5.44 -0.39 -5.11 -8.12 -6.65 9.61 -2.73 -8.64 20.42 0.35 -4.82 4.93 -0 -0 0 19.36 -46.13 -47.7 48.94 -52.56 -25.33 -0 0 -14.12 8.47 -20.81 -3.03 -7.12 0 -0 -12.79 9.37 10.82 -0 -0 0 3.32 83 -46.14 -139.49 48.37 -101.18 0 0 47.56 5.62 -27.39 -2.59 7.12 -0 -0 36.8 -53.37 -8.48
26.3 29.06 -4.22 14.15 26.08 -29.23 0 0 0 16.57 13.3 -47.19 28.15 18.33 114.48 -0.83 -19.21 18.77 0.39 4.03 11.17 0 0 0 5.18 3.47 -32.33 -17.99 -19.9 84.1 0.47 -12.28 -1.83 -1.06 -6.55 18.38 -3.97 0.62 38.76 -8.15 -0.9 12.46 -6.3 0 -5.23 -7.51 -6.71 9.59 -3.2 -8.63 20.35 0.11 -4.79 4.86 -0 -0 0 19.45 -44.75 -46.29 49.18 -52.66 -25.52 -0 0 -15.36 8.68 -19.48 -2.91 -7.12 0 -0 -12.66 10.66 10.36 -0 -0 0 -1.87 83.55 -51.68 -139.73 48.23 -101.36 0 0 47.97 5.89 -26.59 -2.65 7.12 -0 -0 36.44 -52.67 -7.71
26.36 29.05 -4.24 13.89 23.45 -30.52 0 0 0 17.79 11.3 -50.2 28.99 17.94 117.2 -0.89 -19.43 18.44 0.8 5.72 15.96 0 0 0 8.01 4.76 -31.66 -17.92 -19.9 83.9 0.47 -12.63 -0.61 -0.75 -5.53 15.44 -2.9 0.88 39.47 -8.26 -0.22 12.73 -7.24 0.37 -5.14 -7.72 -6.7 9.35 -2.67 -8.68 20.51 0.29 -4.82 4.98 0 -0 0 19.86 -44.52 -46.74 48.88 -52.53 -25.28 -0 0 -15.05 9.89 -19.51 -3.33 -7.12 0 -0 -11.89 10.53 9.73 0 -0 0 2.52 83.01 -47.33 -138.11 49.15 -100.14 0 0 47.3 3.11 -26.07 -1.37 7.12 -0 -0 33.56 -52.73 -7.02
26.46 29.01 -4.23 12.85 19.83 -31.57 0 0 0 19.6 9.74 -53.29 29.66 17.59 119.4 -1.23 -20.67 16.13 0.25 3.22 8.9 0 0 0 11.87 6.55 -31.7 -17.93 -19.9 83.93 0.45 -12.54 -0.1 -0.65 -5.15 14.33 -1.92 1.14 39.06 -7.83 0.46 12.64 -7.54 0.67 -5.04 -7.5 -6.15 10.83 -3.08 -8.01 20.09 0.21 -4.48 4.58 0 -0 0 18.21 -42.98 -45.85 49.88 -52.95 -26.07 -0 0 -14.82 10.08 -19.53 -3.4 -7.12 0 -0 -11.76 10.49 9.64 0 -0 0 0.52 83.77 -48.87 -137.96 49.23 -100.03 0 0 46.19 3.15 -26.4 -1.4 7.12 -0 -0 33.84 -52.99 -7.32
26.58 28.98 -4.21 12.61 16.96 -32.5 0 0 0 19.42 7.59 -55.48 30.11 17.35 120.88 -1.15 -19.94 15.38 0.06 1.62 4.47 0 0 0 14.21 7.11 -31.64 -17.94 -19.9 83.95 0.43 -12.26 0.1 -0.69 -5.3 14.75 -1.46 1.46 38.81 -7.69 1.02 12.87 -7.83 0.94 -4.64 -7.32 -5.82 12.84 -3.37 -7.77 18.2 0.13 -4.29 4.04 -0 0 0 16.97 -41.98 -45.74 51.74 -53.67 -27.57 -0 0 -14.47 11.57 -18.55 -3.73 -7.12 0 -0 -10.8 11.32 8.63 -0 0 0 0.16 83.98 -48.94 -137.76 49.34 -99.88 0 0 45.05 2.15 -26.35 -0.96 7.12 -0 -0 32.89 -53.13 -7.2
26.69 28.98 -4.21 11.05 12.12 -33.46 0 0 0 21.25 7.55 -56.8 30.16 17.32 121.06 -1.41 -21.45 15.18 0.15 2.48 6.85 0 0 0 18.92 8.69 -31.39 -17.65 -19.87 83.12 0.47 -12.92 0.21 -0.65 -5.16 14.37 0.1 1.64 39.19 -7.21 1.75 12.6 -8.42 1.28 -4.97 -7.25 -5.37 13.79 -3.72 -7.26 17.38 0.06 -4.02 3.54 0 -0 0 15.51 -40.24 -45.68 53.92 -54.46 -29.33 -0 0 -13.59 11.14 -17.24 -3.34 -7.12 0 -0 -11.08 12.67 8.54 0 -0 0 4.33 84.06 -44.67 -136.59 49.97 -98.98 0 0 43.95 -0.83 -26.35 0.37 7.12 -0 -0 30.14 -53.66 -6.91
26.81 28.99 -4.2 12 9.22 -34.34 0 0 0 18.38 5.45 -56.54 29.98 17.42 120.44 -1.23 -20.47 15.39 0.14 2.41 6.64 0 0 0 19.52 8.94 -31.16 -17.55 -19.86 82.83 0.47 -12.52 -0.77 -0.64 -5.12 14.24 -0.81 2.47 39.06 -7.08 2.43 13 -8.03 1.59 -4.4 -8.14 -5.23 15.38 -3.77 -7.36 16.57 0.26 -4.08 3.04 -0 0 0 14.09 -39.74 -47.47 56.39 -55.27 -31.35 -0 0 -11.25 9.38 -16.11 -2.62 -7.12 0 -0 -12.25 13.93 9.16 -0 0 0 8.16 83.1 -40.59 -135.58 50.48 -98.21 0 0 40.97 -3.21 -26 1.41 7.12 -0 -0 27.66 -53.79 -6.36
26.97 28.91 -4.2 11.49 5.48 -35.05 0 0 0 17.51 4.6 -57.08 29.8 17.52 119.83 -1.11 -20.02 16.47 0.27 3.35 9.26 0 0 0 21.42 8.4 -32.24 -17.66 -19.87 83.13 0.41 -11.88 -0.24 -0.33 -3.69 10.21 -0.77 2.73 40.29 -6.71 2.65 12.66 -7.78 1.63 -5.14 -10.8 -4.35 14.66 -2.16 -6.58 17.51 1.19 -3.87 3.68 0 0 0 12.34 -37.4 -47.8 60.21 -56.37 -34.52 -0 0 -10.33 10.46 -14.54 -2.66 -7.12 0 -0 -11.57 15.4 8.25 0 0 0 3.11 84.65 -45.41 -137.37 49.55 -99.58 0 0 38.99 -2.71 -26.44 1.21 7.12 -0 -0 28.44 -54.09 -6.77
27.12 28.89 -4.19 11.51 2.35 -35.92 0 0 0 15.18 3.77 -56.23 29.34 17.77 118.31 -1.1 -19.86 16.03 0.19 2.8 7.71 0 0 0 21.97 7.83 -32.84 -17.67 -19.87 83.16 0.36 -11.36 0.21 -0.12 -2.24 6.16 -1.27 2.72 40.28 -6.79 2.37 12.82 -7.49 1.45 -4.99 -10.74 -3.87 15.78 -2.91 -6.09 16.58 0.96 -3.61 3.1 0 -0 0 10.98 -34.04 -48.31 64.35 -57.36 -37.98 -0 0 -10.07 9.79 -13.17 -2.25 -7.12 0 -0 -12.07 16.8 8.25 0 -0 0 1.38 85.13 -46.39 -135.95 50.29 -98.5 0 0 35.94 -5.32 -27.14 2.43 7.12 -0 -0 26.42 -55.19 -6.97
27.26 28.86 -4.19 11.05 -0.98 -36.44 0 0 0 13.53 3.84 -55.39 28.75 18.06 116.39 -1.27 -20.76 15.63 0.09 1.96 5.41 0 0 0 22.8 8.49 -33.61 -17.61 -19.86 82.99 0.29 -10.55 1.01 -0.05 -1.39 3.82 -1.41 3.14 40.38 -6.38 2.79 12.68 -7.14 1.6 -5.14 -11.11 -3.7 16.59 -2.75 -6.07 16.21 1.1 -3.6 2.86 -0 0 0 9.84 -32.14 -48.59 69.03 -58.27 -41.94 -0 0 -10.28 9.03 -11.3 -1.78 -7.12 0 -0 -12.67 18.69 8.15 -0 0 0 5.96 84.66 -41.34 -134.79 50.87 -97.6 0 0 33.38 -8.56 -27.09 3.92 7.12 -0 -0 23.23 -55.78 -6.39
27.42 28.81 -4.17 10.7 -3.19 -36.78 0 0 0 10.7 2.99 -54.57 28.08 18.35 114.28 -1.07 -19.63 16.02 0.11 2.19 6.02 0 0 0 22.23 8.67 -34.96 -17.69 -19.87 83.22 0.23 -9.56 1.39 -0.02 -0.94 2.59 -1.83 3.17 40.19 -6.19 2.63 12.62 -6.64 1.48 -5.18 -11.5 -3.51 17.51 -2.36 -6.1 15.32 1.34 -3.6 2.43 0 -0 0 8.87 -30.7 -49.62 73.52 -58.95 -45.78 -0 0 -9.65 7.81 -10.96 -1.49 -7.12 0 -0 -13.53 19.08 8.61 0 -0 0 6.82 84.18 -40.35 -134.13 51.19 -97.08 0 0 30.27 -9.7 -27.79 4.56 7.12 -0 -0 22.56 -56.65 -6.68
27.56 28.8 -4.18 10.03 -4.95 -37.04 0 0 0 7.56 2.44 -53.42 27.2 18.71 111.49 -0.87 -18.21 15.69 0.05 1.41 3.88 0 0 0 21.43 9.14 -35.84 -17.49 -19.85 82.65 0.23 -9.46 1.12 -0.03 -1.07 2.93 -2.1 2.85 39.5 -5.97 2.15 12.74 -6.04 1.2 -4.89 -12.18 -3.45 18.26 -2.05 -6.35 14.18 1.61 -3.71 1.97 0 -0 0 8.07 -28.93 -50.31 77.83 -59.43 -49.48 -0 0 -8.91 7.11 -9.83 -1.22 -7.12 0 -0 -14.1 20.21 8.63 0 -0 0 8.89 84 -38.3 -133.87 51.31 -96.88 0 0 26.52 -11.18 -28.35 5.36 7.12 -0 -0 21.46 -57.47 -6.76
27.72 28.69 -4.13 9.11 -6.49 -37.49 0 0 0 5.02 2.35 -52.33 26.55 18.94 109.48 -0.59 -16.13 15.54 0.08 1.81 4.97 0 0 0 20.45 9.54 -36.77 -17.44 -19.84 82.51 0.17 -8.78 1.91 -0.14 -2.44 6.73 -2.39 2.88 39.93 -5.47 2.05 12.55 -5.35 1.11 -5.25 -12.72 -4.08 18.75 -1.12 -7.45 13.16 2.09 -4.24 1.67 -0 0 0 7.61 -28.7 -51.12 82.1 -59.76 -53.16 -0 0 -8.12 6.29 -8.36 -0.92 -7.12 0 -0 -14.8 21.66 8.58 -0 0 0 10.89 83.35 -36.84 -132.06 52.13 -95.46 0 0 23.86 -12.89 -27.91 6.11 7.12 -0 -0 19.43 -57.43 -6.06
27.87 28.62 -4.12 7.87 -7.74 -37.61 0 0 0 2.66 2.37 -51.11 25.82 19.17 107.25 -0.38 -14.13 14.87 0.15 2.52 6.94 0 0 0 19.44 10.29 -37.48 -17.18 -19.81 81.73 0.19 -9.04 1.6 -0.37 -3.93 10.88 -2.48 2.92 40.23 -4.85 2.07 12.34 -4.66 1.08 -5.58 -13.45 -4.81 18.14 0.4 -8.56 13.11 2.75 -4.84 1.94 0 -0 0 7.59 -28.96 -51.72 86.12 -59.94 -56.64 -0 0 -8.46 5.14 -6.63 -0.59 -7.12 0 -0 -15.8 23.36 8.56 0 -0 0 10.97 82.35 -37.23 -130.94 52.61 -94.58 0 0 21.36 -14.41 -28.09 6.9 7.12 -0 -0 17.97 -57.92 -5.8
28.02 28.53 -4.11 5.74 -9.2 -37.36 0 0 0 1.55 2.87 -50.02 25.07 19.37 104.99 -0.35 -13.43 13.94 0.07 1.66 4.56 0 0 0 19.46 10.9 -37.88 -16.73 -19.74 80.4 0.19 -9.13 1.96 -0.36 -3.87 10.71 -1.49 2.28 39.13 -4.23 1.75 12.38 -4.35 0.91 -5.22 -14.39 -4.87 20.21 1.63 -9.25 11.14 3.14 -5.15 1.06 0 0 0 7.42 -28.34 -51.49 90.42 -60 -60.36 -0 0 -8.8 4.57 -5.03 -0.4 -7.12 0 -0 -16.39 24.9 8.3 0 0 0 17.1 82.02 -32.03 -130.08 52.96 -93.89 0 0 18.66 -15.05 -27.28 7.03 7.12 -0 -0 16.8 -57.28 -5.15
28.15 28.48 -4.12 3.95 -10.14 -37.25 0 0 0 0.24 3.33 -48.48 24.3 19.55 102.68 -0.26 -12.79 14.38 0.09 1.9 5.23 0 0 0 19.11 11.68 -37.56 -16.03 -19.62 78.31 0.2 -9.68 2.44 -0.39 -4.02 11.12 -1.23 2.03 39.65 -3.52 1.54 12.13 -3.67 0.77 -5.68 -15.5 -5.65 19.74 3.23 -10.5 10.69 3.81 -5.82 1.23 0 0 0 7.9 -28.34 -51.59 94.07 -59.94 -63.53 -0 0 -8.09 4.47 -3.17 -0.25 -7.12 0 -0 -16.71 26.69 7.74 0 0 0 17.57 80.82 -32.36 -129.18 53.32 -93.17 0 0 16.4 -16.09 -26.78 7.4 7.12 -0 -0 15.43 -57.02 -4.62
28.28 28.42 -4.11 1.99 -10.9 -37.36 0 0 0 -0.45 4.04 -46.75 23.72 19.67 100.92 -0.27 -12.98 14.56 0.04 1.22 3.36 0 0 0 19.01 11.82 -36.83 -15.39 -19.48 76.42 0.19 -9.68 2.77 -0.35 -3.81 10.53 -1.05 1.62 39.09 -2.89 1.17 12.42 -2.93 0.57 -5.21 -16.44 -5.74 20.68 4.7 -11.04 8.61 4.49 -6.07 0.63 0 -0 0 8.55 -27.53 -51.24 97.29 -59.8 -66.31 -0 0 -7.86 5.01 -1.39 -0.12 -7.12 0 -0 -16.58 28.4 6.97 0 -0 0 17.27 79.23 -32.87 -127.43 53.98 -91.76 0 0 14.42 -17.67 -27.16 8.28 7.12 -0 -0 13.99 -57.73 -4.42
28.4 28.39 -4.13 -0.07 -11.65 -37.24 0 0 0 -0.57 4.72 -45.21 23.23 19.75 99.47 -0.17 -12.29 14.95 0.04 1.3 3.57 0 0 0 19.3 12.38 -35.71 -14.7 -19.31 74.32 0.22 -10.31 2.72 -0.35 -3.78 10.47 -0.7 1.27 39 -2.15 0.92 12.41 -2.24 0.42 -5.2 -17.05 -6.26 19.34 5.15 -11.64 8.95 4.65 -6.4 1.05 -0 -0 0 9.26 -27.75 -51.12 99.83 -59.63 -68.51 -0 0 -7.54 4.42 -0.29 -0.02 -7.12 0 -0 -17.2 29.45 6.8 -0 -0 0 18.07 77.7 -32.37 -125.3 54.72 -90.03 0 0 11.63 -19.76 -25.72 8.86 7.12 -0 -0 11.02 -56.74 -3.2
28.51 28.36 -4.13 -0.77 -11.67 -37.45 0 0 0 -2.01 5.27 -43.65 22.85 19.8 98.35 -0.06 -11.17 14.99 0.01 0.7 1.92 0 0 0 18.07 11.89 -35.19 -14.24 -19.18 72.93 0.22 -10.45 2.95 -0.38 -3.97 10.99 -1.68 1.3 38.66 -1.83 0.63 12.61 -1.28 0.23 -4.89 -17.7 -6.43 18.82 5.85 -11.94 8.15 4.96 -6.54 0.98 0 0 0 10.16 -28.4 -51.33 101.82 -59.47 -70.22 -0 0 -5.58 4.04 0.54 0.04 -7.12 0 -0 -17.63 30.24 6.64 0 0 0 18.32 75.97 -32.04 -123.34 55.35 -88.43 0 0 8.95 -22.04 -25.3 9.82 7.12 -0 -0 8.41 -56.8 -2.45
28.6 28.34 -4.14 -3.53 -13.33 -36.77 0 0 0 0.52 6.56 -43.23 22.91 19.8 98.54 -0.09 -11.85 15.55 0 0.34 0.93 0 0 0 20.3 11.98 -34.4 -13.6 -18.99 70.99 0.29 -11.6 2.96 -0.41 -4.13 11.44 -0.15 0.89 37.88 -1 0.75 12.63 -1.23 0.29 -4.61 -18.92 -6.23 18.65 7.4 -11.92 7.46 5.62 -6.57 0.94 0 -0 0 10.87 -29.05 -50.96 104.07 -59.24 -72.15 -0 0 -4.72 2.98 1.78 0.09 -7.12 0 -0 -18.67 31.38 6.53 0 -0 0 18.16 73 -31.19 -120.91 56.06 -86.41 0 0 6.28 -24.69 -24.58 10.83 7.12 -0 -0 5.26 -56.63 -1.5
28.68 28.35 -4.15 -3.8 -12.86 -36.87 0 0 0 -0.57 7.06 -42.34 23 19.78 98.8 -0.09 -11.46 15.01 0 0.21 0.58 0 0 0 19.21 11.33 -33.65 -13.14 -18.83 69.57 0.31 -12.33 3.48 -0.17 -2.66 7.34 0.3 1.67 38.09 -2.11 1.81 13.9 -3 0.89 -3.22 -13.07 -9.45 13.14 7.14 -14.42 7.96 4.36 -7.58 1.78 0 -0 0 17.81 -33.06 -54.92 104.23 -59.22 -72.29 -0 0 -3.1 4.37 2.76 0.21 -7.12 0 -0 -17.79 32.37 5.74 0 -0 0 12.59 68.2 -40.13 -119.63 56.41 -85.35 0 0 4.77 -26.39 -24.87 11.79 7.12 -0 -0 3.52 -57.3 -1.06
28.74 28.36 -4.16 -4.36 -12.98 -36.75 0 0 0 -0.39 7.9 -42.04 23.3 19.74 99.69 -0.05 -10.94 14.76 0 0.12 0.32 0 0 0 18.94 10.96 -32.9 -12.79 -18.71 68.48 0.41 -13.12 2.36 -0.6 -4.95 13.76 -1.16 1.64 37.97 -1.29 1.31 12.66 -1.22 0.55 -4.6 -15.99 -9.11 14.83 8.11 -14.63 7.63 5.16 -7.8 1.74 -0 -0 0 15.27 -32.19 -50.93 105.4 -59.08 -73.3 -0 0 -2.83 5.55 2.88 0.28 -7.12 0 -0 -16.89 32.53 5.36 -0 -0 0 16.03 66.11 -33.47 -118.29 56.75 -84.24 0 0 2.47 -27.65 -25.89 12.89 7.12 -0 -0 2.48 -58.69 -0.83
28.8 28.37 -4.17 -4.43 -12.9 -37.01 0 0 0 -0.3 8.79 -41.46 23.78 19.65 101.12 -0.07 -10.86 14.43 0 0.44 1.21 0 0 0 18.43 10.05 -32.17 -12.65 -18.65 68.05 0.36 -12.62 2.73 -0.49 -4.49 12.47 -1.65 1.59 37.27 -1.56 1.07 13.02 -1.14 0.42 -3.99 -16.47 -9.58 12.56 9.05 -15.06 8 5.34 -8 2.34 -0 0 0 16.09 -31.99 -50.35 106.85 -58.9 -74.54 -0 0 -1.83 5.66 3.06 0.3 -7.12 0 -0 -16.84 32.71 5.27 -0 0 0 14.21 63.55 -34.07 -116.33 57.21 -82.59 0 0 0.29 -28.89 -26.32 13.75 7.12 -0 -0 1.22 -59.45 -0.43
28.82 28.35 -4.19 -5.12 -12.87 -37.24 0 0 0 1.01 9.06 -41.05 24.36 19.54 102.83 -0.11 -11.68 14.93 0 -0.06 -0.16 0 0 0 18.82 9.31 -31.34 -12.59 -18.63 67.84 0.37 -12.9 3.07 -0.65 -5.14 14.31 -1.84 1.46 37.46 -1.51 0.83 12.73 -0.91 0.29 -4.37 -16.55 -9.77 11.87 9.49 -15.26 7.82 5.44 -8.08 2.45 -0 0 0 16.4 -31.61 -48.43 106.75 -58.91 -74.45 -0 0 -1.9 7.63 2.91 0.39 -7.12 0 -0 -15.27 32.63 4.77 -0 0 0 15.02 61.41 -31.5 -115.62 57.37 -81.99 0 -0 -1.61 -30.12 -27.49 14.99 7.12 -0 -0 0.18 -61.01 -0.07
28.83 28.36 -4.2 -5.41 -12.35 -37.43 0 0 0 1.68 9.02 -40.62 24.83 19.43 104.26 -0.33 -13.51 14.55 0.09 -1.92 -5.3 0 0 0 18.7 8.5 -30.51 -12.59 -18.63 67.86 0.33 -13.17 4.23 -0.4 -4.05 11.21 -2.56 1.42 37.71 -1.31 0.52 12.13 -0.23 0.13 -5.11 -17.48 -9.75 11.42 10.38 -15.36 8.3 5.8 -8.16 2.81 0 0 0 16.33 -31.58 -46.66 106.28 -58.97 -74.05 -0 0 -1.26 7.24 3.41 0.43 -7.12 0 -0 -15.66 33.11 4.72 0 0 0 15.84 59.22 -28.41 -114.26 57.65 -80.85 0 -0 -2.88 -30.83 -28.53 15.91 7.12 -0 -0 -0.28 -62.32 0.12
28.83 28.35 -4.21 -5.83 -12.34 -37.28 0 0 0 2.99 9.07 -40.65 25.29 19.31 105.64 -0.23 -13.38 15.94 0 -0.27 -0.73 0 0 0 19.02 8.13 -30.47 -12.85 -18.73 68.67 0.33 -13.66 4.78 -0.44 -4.26 11.8 -2.4 1.61 37.29 -1.37 0.84 12.24 -0.49 0.29 -4.85 -16.71 -10.55 9.95 11.13 -16.18 8.08 5.78 -8.5 3.08 -0 0 0 17.96 -32.14 -46.57 105.36 -59.09 -73.26 -0 0 -1.07 8.43 2.89 0.43 -7.12 0 -0 -14.63 32.65 4.56 -0 0 0 14.45 56.93 -29.72 -113.49 57.81 -80.19 0 -0 -3.94 -29.35 -29.23 15.35 7.12 -0 -0 1.85 -62.66 -0.79
28.82 28.35 -4.21 -6.36 -12.06 -37.08 0 0 0 4.15 8.73 -40.45 25.67 19.21 106.78 -0.21 -13.39 16.18 0 0.08 0.22 0 0 0 19.39 7.89 -30.3 -13.09 -18.81 69.4 0.37 -14.32 4.95 -0.61 -4.99 13.88 -2.41 1.7 37.28 -1.08 0.98 11.98 -0.23 0.36 -5.13 -16.28 -11.19 7.8 11.07 -16.76 8.78 5.49 -8.71 3.67 -0 -0 0 18.24 -33.31 -46.29 104.8 -59.16 -72.78 -0 0 -0.43 8.12 3.16 0.45 -7.12 0 -0 -14.93 32.9 4.56 -0 -0 0 14.11 55.29 -29.51 -113.12 57.88 -79.88 0 -0 -3.42 -27.62 -29.45 14.43 7.12 -0 -0 4.08 -62.44 -1.73
28.81 28.36 -4.22 -6.74 -11.96 -37.21 0 0 0 5.31 8.81 -39.75 25.86 19.16 107.38 -0.26 -13.71 16.05 0 -0.38 -1.04 0 0 0 19.96 7.44 -29.69 -13.27 -18.88 69.98 0.33 -14.73 6.01 -0.6 -4.96 13.78 -2 1.93 37.6 -0.98 1.42 11.78 -0.49 0.58 -5.47 -15.54 -12.15 6.74 11.47 -17.88 8.34 5.35 -9.21 3.84 0 0 0 19.18 -35.2 -46.73 103.96 -59.25 -72.06 -0 -0 0.38 8.49 3.08 0.46 -7.12 0 -0 -14.62 32.84 4.48 0 0 0 15.13 53.29 -28.73 -114.63 57.58 -81.16 0 0 0.4 -28.14 -28.51 14.32 7.12 -0 -0 2.99 -61.58 -1.21
28.79 28.32 -4.23 -7.24 -11.79 -37.34 0 0 0 6.5 8.45 -39.2 25.95 19.13 107.63 -0.07 -12.68 17.1 0.02 0.96 2.64 0 0 0 20.69 7.15 -29.37 -13.6 -18.99 70.98 0.44 -15.72 5.44 -0.81 -5.74 16.05 -1.48 1.77 37.32 -0.94 1.43 12.37 -0.71 0.59 -4.72 -14.73 -12.19 5.37 12.17 -17.68 7.07 5.4 -9.02 3.63 -0 0 0 20.25 -35.73 -47.97 102.36 -59.41 -70.68 -0 -0 1.25 9.63 1.82 0.31 -7.12 0 -0 -13.52 31.63 4.53 -0 0 0 15.64 53.33 -29.53 -117.32 56.98 -83.42 0 0 4.65 -31.08 -26.3 14.96 7.12 -0 -0 -1.37 -59.97 0.5
28.79 28.33 -4.21 -7.24 -11.61 -37.14 0 0 0 6.75 8.32 -38.63 25.78 19.18 107.14 -0.06 -13.05 17.73 0.01 0.69 1.9 0 0 0 20.82 6.88 -29.36 -13.86 -19.07 71.77 0.47 -16.09 5.51 -0.77 -5.61 15.65 -1.02 2.09 36.7 -0.72 2.04 12.77 -0.92 0.91 -4.08 -13.91 -13.15 2.11 12.11 -18.66 8.04 4.91 -9.36 4.51 -0 -0 0 20.57 -37.87 -49.58 101.94 -59.45 -70.32 -0 -0 3 11.36 0.91 0.18 -7.12 0 -0 -12.04 30.78 4.27 -0 -0 0 16.82 52.28 -30.16 -120.57 56.16 -86.13 0 0 6.31 -32.75 -24.28 14.82 7.12 -0 -0 -3.86 -58.14 1.24
28.79 28.3 -4.21 -7.31 -11.29 -37.34 0 0 0 6.8 7.17 -37.9 25.34 19.3 105.78 0.21 -12.62 20.34 0.15 2.51 6.92 0 0 0 21.05 6.69 -29.14 -14.18 -19.17 72.74 0.55 -16.76 5.18 -1.05 -6.51 18.27 -0.33 1.91 36.31 -0.84 2.06 13.27 -1.4 0.95 -3.5 -13.56 -13.36 2.34 12.74 -18.84 5.91 5.1 -9.45 3.88 -0 -0 0 20.73 -38.77 -50.04 101.38 -59.51 -69.84 -0 -0 3.86 14.16 1.1 0.28 -7.12 0 -0 -9.86 31.02 3.41 -0 -0 0 18.86 53.06 -30.12 -122.96 55.47 -88.11 0 0 8.11 -30.93 -23.96 13.67 7.12 -0 -0 -1.84 -57.35 0.56
28.79 28.26 -4.22 -8.26 -12.08 -37.11 0 0 0 8.58 6.78 -37.46 24.7 19.46 103.88 0.45 -13.51 23.78 0.24 3.14 8.68 0 0 0 22.91 7.06 -29.12 -14.36 -19.22 73.3 0.55 -17.53 6.12 -0.81 -5.76 16.08 0.39 1.45 36.2 0.34 1.81 12.55 -0.46 0.8 -4.14 -16.11 -12.03 5.54 13.29 -17.36 3.76 6.05 -8.87 2.79 -0 0 0 16.49 -38.91 -47.82 101.23 -59.52 -69.71 -0 -0 4.36 15.58 0.88 0.25 -7.12 0 -0 -8.71 30.83 3.05 -0 0 0 21.83 54.71 -26.06 -124.89 54.86 -89.69 0 0 7.64 -27.31 -24.64 12.15 7.12 -0 -0 2.42 -57.26 -0.73
28.79 28.24 -4.22 -8.42 -11.87 -37.34 0 0 0 8.54 5.54 -36.78 23.8 19.65 101.18 0.75 -14.59 27.38 0.27 3.34 9.21 0 0 0 23.36 6.76 -28.83 -14.45 -19.24 73.56 0.55 -17.86 6.54 -0.74 -5.48 15.29 1.1 1.65 36.71 0.66 2.33 13.08 -0.68 1.07 -3.72 -15.41 -12.69 2.28 13.21 -17.85 4.65 5.62 -8.99 3.59 -0 0 0 16.39 -40.96 -49.59 101.73 -59.47 -70.14 -0 -0 5.41 15.94 0.78 0.22 -7.12 0 -0 -8.43 30.73 2.97 -0 0 0 22.72 55.38 -26.66 -125.92 54.51 -90.53 0 0 8.64 -24.36 -22.96 10.02 7.12 -0 -0 5.04 -54.85 -1.22
28.79 28.23 -4.22 -8.65 -11.63 -37.39 0 0 0 8.4 4.2 -36.46 22.74 19.82 98.03 1.12 -14.74 30.14 0.31 3.55 9.82 0 0 0 23.88 6.63 -28.81 -14.37 -19.22 73.33 0.47 -18.31 8.07 -0.38 -3.96 10.97 1.8 1.63 36.89 0.96 2.58 13.13 -0.81 1.21 -3.7 -14.29 -12.73 3.11 12.6 -17.81 2.94 5.41 -8.99 2.78 -0 0 0 14.62 -42.61 -49.11 102.55 -59.4 -70.85 -0 -0 6.18 17.38 0.03 0.01 -7.12 0 -0 -7.23 29.97 2.67 -0 0 0 25.3 55.29 -23.82 -125.24 54.75 -89.98 0 0 11.3 -25.94 -18.36 8.71 7.12 -0 -0 2.17 -50.23 -0.28
28.79 28.23 -4.22 -7.86 -10.49 -37.89 0 0 0 6.4 2.49 -35.79 21.48 19.95 94.34 1.49 -13.22 31.18 0.42 4.14 11.48 0 0 0 22.76 6.14 -28.58 -14.31 -19.21 73.16 0.65 -18.98 6.68 -0.86 -5.93 16.57 1.05 1.35 36.73 1.14 1.99 13.26 -0.02 0.89 -3.56 -17.13 -11.18 5.15 14.38 -16.14 2.33 6.65 -8.26 2.43 0 0 0 10.36 -42.32 -46.61 104.55 -59.18 -72.57 -0 -0 7.15 21.02 -0.57 -0.22 -7.12 0 -0 -4.34 29.36 1.66 0 0 0 25.03 56.44 -21.77 -124 55.15 -88.97 0 0 10.76 -30.75 -17.05 9.89 7.12 -0 -0 -2.84 -49.59 0.32
28.78 28.22 -4.21 -7.71 -10.14 -37.93 0 0 0 5.71 1.7 -35.58 20.24 20 90.7 1.16 -14.17 29.82 0.23 3.09 8.54 0 0 0 22.79 6.01 -28.74 -14.08 -19.14 72.44 0.49 -18.12 7.64 -0.47 -4.39 12.17 1.58 1.66 37.3 1.22 2.58 13.48 -0.42 1.21 -3.48 -15.37 -11.78 4.36 13.61 -16.66 1.61 6.09 -8.47 2.21 0 0 0 8.6 -44.16 -45.74 106.41 -58.96 -74.16 -0 -0 7.59 23.37 -1.8 -0.78 -7.12 0 -0 -2.48 28.02 1.03 0 0 0 22.53 58.76 -25.38 -123.06 55.44 -88.2 0 0 11.65 -34.33 -15.19 10.14 7.12 -0 -0 -6.55 -48.07 0.5
28.76 28.21 -4.2 -7.19 -9.41 -37.98 0 0 0 4.45 0.75 -35.49 18.97 19.97 87 1.02 -12.21 27.05 0.1 2.07 5.69 0 0 0 22.27 5.89 -28.84 -13.71 -19.02 71.31 0.55 -18.65 7.5 -0.52 -4.61 12.8 1.81 1.48 36.5 0.89 2.41 13.87 -0.82 1.16 -2.91 -15.37 -11.39 6.01 14.11 -16.29 0.72 6.41 -8.35 1.67 0 -0 0 6.33 -44.88 -44.39 107.54 -58.81 -75.13 -0 -0 9.28 21.28 -2.84 -1.11 -7.12 0 -0 -4.07 26.93 1.79 0 -0 0 22.85 56.68 -23.1 -121.69 55.84 -87.06 0 0 12.17 -39.53 -14.48 11.66 7.12 -0 -0 -11.75 -48.13 0.92
28.73 28.21 -4.18 -7.16 -8.74 -37.65 0 0 0 3.6 -0.06 -35.77 17.53 19.85 82.76 0.96 -10.19 24.83 0.12 2.25 6.2 0 0 0 22.16 5.86 -29.23 -13.14 -18.83 69.57 0.54 -18.61 7.57 -0.48 -4.43 12.28 2.49 1.54 35.89 0.69 2.68 14.47 -1.46 1.36 -2.01 -14.12 -12 4.51 14.09 -16.85 0.45 6.09 -8.57 1.81 0 0 0 7.48 -46.71 -46.44 106.42 -58.96 -74.17 -0 -0 8.63 21.27 -5.08 -1.97 -7.12 0 -0 -4.04 24.53 2 0 0 0 19.38 58.22 -28.02 -121.96 55.76 -87.28 0 0 13.61 -39.1 -14.51 11.51 7.12 -0 -0 -11.32 -48.09 0.87
28.69 28.19 -4.14 -7.86 -9.01 -37.86 0 0 0 4.31 -0.08 -35.67 16.19 19.65 78.79 0.82 -8.53 22.22 0.07 1.75 4.81 0 0 0 23.52 6.1 -28.61 -12.34 -18.53 67.07 0.71 -19.69 6.82 -0.63 -5.06 14.09 2.69 1.28 37.04 1.53 2.56 13.11 -0.67 1.23 -3.76 -16.45 -10.84 7.22 14.02 -15.8 0.89 6.65 -8.14 1.53 -0 0 0 3.68 -46.26 -43.38 105.49 -59.07 -73.37 -0 -0 7.89 22.24 -5.93 -2.42 -7.12 0 -0 -3.31 23.57 1.71 -0 0 0 23.06 59.32 -23.55 -123.72 55.23 -88.74 0 0 12.96 -38.39 -13.74 10.66 7.12 -0 -0 -10.55 -47.02 0.53
28.65 28.18 -4.11 -7.93 -8.76 -37.58 0 0 0 3.97 -0.36 -35.96 14.78 19.33 74.58 0.77 -6.29 20.04 0.04 1.27 3.5 0 0 0 23.74 6.33 -28.77 -11.55 -18.19 64.54 0.85 -20.36 5.86 -0.93 -6.13 17.16 3.92 1.18 36.04 0.98 2.76 14.12 -1.93 1.45 -2.37 -14.93 -11.59 4.98 13.74 -16.44 1.26 6.14 -8.38 1.95 -0 0 0 6.36 -47.56 -45.94 104.56 -59.18 -72.58 -0 -0 8.74 23.05 -5.82 -2.47 -7.12 0 -0 -2.71 23.66 1.4 -0 0 0 21.03 59.35 -27.06 -124.23 55.07 -89.16 0 0 13.43 -38.81 -13.04 10.29 7.12 -0 -0 -10.93 -46.24 0.34
28.63 28.16 -4.08 -7.68 -8.5 -37.43 0 0 0 3.35 -0.62 -36.23 13.43 18.93 70.46 0.77 -4.04 18.48 0.1 2.07 5.7 0 0 0 23.58 6.47 -28.93 -10.67 -17.77 61.72 0.88 -20.24 5.36 -0.99 -6.33 17.74 4.12 1.22 35.17 0.8 2.81 14.71 -2.21 1.53 -1.42 -15.21 -11.92 3.65 14.34 -16.79 1.59 6.22 -8.51 2.39 -0 0 0 7.25 -47.96 -47.31 103.7 -59.28 -71.84 -0 -0 8.18 24.11 -7.13 -3.18 -7.12 0 -0 -1.96 22.18 1.07 -0 0 0 19.67 59.6 -28.91 -125.21 54.75 -89.96 0 0 13.5 -38.73 -12.93 10.18 7.12 -0 -0 -10.84 -46.09 0.3
28.61 28.16 -4.05 -7.58 -8.06 -37.03 0 0 0 2.69 -1.12 -36.75 12.09 18.43 66.28 0.7 -2.96 17.16 0.05 1.45 3.99 0 0 0 23.42 6.76 -29.11 -9.64 -17.2 58.26 0.87 -20.28 5.56 -0.83 -5.8 16.19 3.23 0.78 34.89 1.4 2.02 13.83 -0.88 1.03 -2.37 -18.55 -10.48 5.98 14.76 -15.37 2 7.1 -7.91 2.22 0 0 0 3.03 -46.05 -44.57 103.5 -59.3 -71.66 -0 -0 7.38 24.06 -7.92 -3.52 -7.12 0 -0 -2.01 21.32 1.14 0 0 0 20.77 60.48 -24.88 -125.92 54.51 -90.54 0 0 12.81 -37.52 -13.71 10.31 7.12 -0 -0 -9.69 -46.84 0.44
28.61 28.16 -4.02 -6.91 -7.61 -37.14 0 0 0 1.65 -1.57 -36.74 10.93 17.9 62.57 0.67 -1.93 16.28 0.1 2.06 5.67 0 0 0 22.67 6.96 -28.91 -8.63 -16.56 54.79 0.84 -19.89 5.35 -0.79 -5.67 15.82 3.51 1 35.04 0.74 2.35 14.33 -1.81 1.26 -1.83 -16.74 -11.22 4.58 14.12 -16.07 2.39 6.48 -8.19 2.47 -0 -0 0 5.34 -47.07 -46.5 103.14 -59.34 -71.35 -0 -0 6.85 24.74 -8.19 -3.76 -7.12 0 -0 -1.53 20.98 0.88 -0 -0 0 18.94 59.39 -27.66 -126.16 54.43 -90.73 0 0 13.03 -38.1 -14.16 10.86 7.12 -0 -0 -10.29 -47.49 0.64
28.61 28.15 -3.98 -7.03 -7.92 -37.01 0 0 0 1.91 -1.78 -37 9.94 17.38 59.3 0.66 -1.53 15.96 0.11 2.18 6.01 0 0 0 23.11 7.43 -28.66 -7.58 -15.8 51.04 0.85 -19.9 5.28 -0.75 -5.54 15.46 4.15 0.97 35.39 0.59 2.5 14.65 -2.34 1.38 -1.56 -15.85 -11.42 3.09 13.83 -16.12 2.79 6.15 -8.16 2.74 0 -0 0 6.31 -46.98 -47.59 103.23 -59.33 -71.43 -0 -0 5.38 26.06 -8.63 -4.2 -7.12 0 -0 -0.6 20.39 0.35 0 -0 0 16.89 59.76 -30.25 -126.82 54.2 -91.26 0 0 13.57 -36.14 -14.43 10.31 7.12 -0 -0 -8.36 -47.47 0.51
28.61 28.15 -3.95 -7.16 -7.91 -36.67 0 0 0 2.07 -2.33 -37.66 9.13 16.89 56.55 0.62 -2.47 15.95 0.09 1.94 5.33 0 0 0 23.23 7.74 -28.86 -6.66 -15.04 47.59 0.84 -19.7 5.11 -0.73 -5.47 15.24 4.55 0.86 34.97 0.66 2.48 14.98 -2.46 1.4 -1.04 -15.82 -11.34 2.47 13.95 -15.91 2.68 6.16 -8.03 2.79 0 -0 0 6.6 -47.12 -48.72 102.96 -59.36 -71.2 -0 -0 5.81 27.24 -9.53 -4.87 -7.12 0 -0 0.19 19.29 -0.12 0 -0 0 14.17 59.58 -32.34 -127.6 53.92 -91.9 0 0 13.33 -36.37 -15.09 10.86 7.12 -0 -0 -8.59 -48.31 0.71
28.62 28.1 -3.87 -8.45 -9.06 -35.92 0 0 0 4.22 -2.47 -39.14 8.78 16.66 55.33 0.58 -3.28 15.94 0.14 2.38 6.56 0 0 0 25.03 8.61 -29.41 -5.91 -14.34 44.63 0.76 -19.35 5.7 -0.47 -4.39 12.19 5.81 0.51 35.12 1.4 2.5 14.31 -2.37 1.4 -1.78 -16.6 -10.59 2.7 13.36 -15 3.87 6.16 -7.6 2.98 -0 -0 0 4.34 -46.23 -47.28 104.25 -59.22 -72.31 -0 -0 5.07 26.69 -9.16 -4.58 -7.12 0 -0 -0.17 19.74 0.1 -0 -0 0 13.28 58.39 -30.44 -127.06 54.12 -91.46 0 0 12.53 -38.75 -15.48 12.09 7.12 -0 -0 -11.02 -49.21 1.16
28.63 28.08 -3.84 -8.96 -9.4 -35.65 0 0 0 5.03 -2.87 -39.93 8.4 16.41 54.01 0.52 -3.76 15.52 0.18 2.71 7.47 0 0 0 25.79 8.75 -29.5 -5.07 -13.46 41.12 0.54 -18.41 7.33 -0.18 -2.74 7.55 6.5 0.34 35.16 1.51 2.5 14.28 -2.62 1.43 -1.79 -15.18 -9.91 2.26 11.81 -13.98 5.16 5.51 -7.08 3.07 0 -0 0 4.14 -45.7 -47.53 105.26 -59.1 -73.17 -0 -0 4.43 26.49 -9.5 -4.7 -7.12 0 -0 -0.34 19.39 0.21 0 -0 0 12.7 58.24 -30.88 -127.9 53.81 -92.14 0 0 12.44 -38.19 -15.97 12.21 7.12 -0 -0 -10.47 -49.69 1.22
28.63 28.08 -3.82 -9.14 -9.76 -35.5 0 0 0 5.49 -2.92 -40.43 8.08 16.17 52.84 0.5 -4 15.39 0.2 2.88 7.94 0 0 0 26.29 8.91 -29.72 -4.44 -12.73 38.35 0.13 -16.59 10.36 -0.01 0.71 -1.96 7.04 0.42 35.47 1.58 2.8 14.57 -2.91 1.61 -1.52 -13.71 -9.77 -0.92 10.42 -13.49 8.19 4.68 -6.75 4.24 0 0 0 5.02 -45.84 -48.96 106.03 -59.01 -73.84 -0 -0 4.37 26.35 -9.24 -4.55 -7.12 0 -0 -0.42 19.69 0.26 0 0 0 10.65 57.9 -33.06 -128.21 53.69 -92.39 0 0 12.44 -36.7 -15.84 11.5 7.12 -0 -0 -8.93 -49.26 0.94
28.64 28.09 -3.81 -7.95 -8.89 -35.93 0 0 0 3.66 -3.2 -39.92 7.66 15.87 51.34 0.47 -4.03 15.11 0.08 1.86 5.12 0 0 0 24.54 8.99 -30.2 -4.22 -12.45 37.33 0.22 -16.36 9.09 -0 -0.07 0.19 5.62 0.62 35.66 1.45 2.56 15.11 -2.23 1.46 -1.1 -12.81 -9.24 -4.57 8.99 -12.47 11.95 3.97 -6.17 5.73 0 0 0 5.06 -45.29 -50.05 107.09 -58.87 -74.74 -0 -0 4.23 26.06 -9.14 -4.44 -7.12 0 -0 -0.62 19.83 0.38 0 0 0 8.41 58.52 -35.23 -128.62 53.54 -92.72 0 0 12.41 -36.24 -16.01 11.43 7.12 -0 -0 -8.46 -49.37 0.92
28.64 28.08 -3.8 -7.7 -8.71 -35.97 0 0 0 3.33 -3.38 -40.11 7.59 15.81 51.05 0.45 -3.68 14.5 0.09 1.9 5.22 0 0 0 24.22 8.83 -30.57 -3.88 -12 35.74 0.11 -15.73 9.89 -0.02 0.93 -2.57 5.22 0.61 36.07 1.6 2.45 15.11 -1.83 1.37 -1.27 -12.81 -8.29 -5.15 8.43 -11.14 13.98 3.88 -5.55 6.28 0 -0 0 4.22 -44.51 -50.08 108.59 -58.65 -76.03 -0 -0 3.26 25.87 -8.88 -4.28 -7.12 0 -0 -0.75 20.13 0.44 0 -0 0 6.87 58.91 -36.23 -128.93 53.42 -92.97 0 0 12.55 -36.44 -16.4 11.78 7.12 -0 -0 -8.67 -49.88 1.05
28.65 28.1 -3.83 -7.78 -8.76 -35.81 0 0 0 3.35 -3.37 -40.16 7.49 15.73 50.7 0.45 -3.01 14.14 0.12 2.19 6.02 0 0 0 24.26 8.79 -31.43 -3.82 -11.92 35.43 0.42 -16.81 7.07 -0.14 -2.38 6.57 5.27 0.58 36.25 1.82 2.45 15.1 -1.63 1.35 -1.35 -11.34 -7.86 -6.62 6.71 -10.38 16.09 3.11 -5.19 6.95 -0 0 0 3.9 -43.98 -50.39 109.21 -58.56 -76.56 -0 -0 2.89 25.6 -8.6 -4.1 -7.12 0 -0 -0.93 20.46 0.55 -0 0 0 5.65 59.35 -37.49 -129.69 53.12 -93.58 0 0 10.74 -34.34 -16.4 10.92 7.12 -0 -0 -6.51 -49.49 0.72
28.65 28.09 -3.82 -7.66 -8.51 -35.86 0 0 0 3.04 -3.42 -40.15 7.67 15.87 51.37 0.39 -3.54 13.57 0.04 1.33 3.65 0 0 0 24.21 8.14 -31.88 -3.7 -11.74 34.83 0.3 -16.1 7.92 -0.02 -0.99 2.73 5.18 0.39 36.1 1.84 2.19 14.95 -1.48 1.21 -1.49 -11.1 -7.04 -5.56 6.19 -9.35 17 3.05 -4.74 6.92 0 -0 0 2.88 -43.23 -49.62 110.25 -58.39 -77.44 -0 -0 2.47 25.4 -8.47 -4 -7.12 0 -0 -1.07 20.62 0.62 0 -0 0 5.81 59.71 -36.59 -129 53.39 -93.02 0 0 13.83 -37.15 -16.66 12.26 7.12 -0 -0 -9.4 -50.32 1.24
28.65 28.08 -3.83 -7.42 -8.41 -36.05 0 0 0 2.76 -3.32 -39.8 7.99 16.11 52.54 0.36 -3.05 12.82 0.09 1.89 5.2 0 0 0 24.2 7.45 -32.38 -3.76 -11.83 35.13 0.16 -15.09 8.75 -0 0.37 -1.02 5.14 0.59 36.49 1.78 2.42 15.45 -1.59 1.35 -1.05 -10.14 -6.63 -6.89 5.84 -8.74 17.95 2.79 -4.4 7.35 0 -0 0 4.29 -43.13 -51.12 110.31 -58.38 -77.49 -0 -0 2.18 25.55 -8.3 -3.95 -7.12 0 -0 -0.95 20.79 0.55 0 -0 0 3.72 59.69 -39.31 -129.09 53.36 -93.1 0 0 14.89 -37.55 -16.8 12.52 7.12 -0 -0 -9.82 -50.56 1.36
28.65 28.07 -3.83 -7.45 -8.62 -36.08 0 0 0 2.98 -3.03 -39.66 8.53 16.5 54.47 0.37 -3.05 12.96 0.17 2.64 7.28 0 0 0 24.66 6.82 -32.54 -3.77 -11.85 35.2 0.16 -14.78 8.47 -0.06 1.58 -4.36 5.78 0.79 36.27 1.53 2.81 16.47 -2.27 1.65 0.21 -8.33 -6.76 -9.2 5.3 -8.93 18.76 2.23 -4.36 7.92 0 -0 0 6.88 -43.42 -53.62 110.44 -58.36 -77.6 -0 -0 1.94 25.55 -8.11 -3.86 -7.12 0 -0 -0.94 21 0.54 0 -0 0 0.69 59.09 -43.86 -129.31 53.27 -93.28 0 0 14.83 -36.73 -16.96 12.28 7.12 -0 -0 -8.97 -50.6 1.25
28.64 28.08 -3.87 -7.04 -8.68 -36.21 0 0 0 2.64 -2.49 -39.2 9.09 16.86 56.4 0.4 -3.18 13.48 0.13 2.28 6.28 0 0 0 24.52 6.63 -32.93 -4.13 -12.34 36.94 0.22 -14.92 7.78 -0.07 1.71 -4.71 5.25 0.78 36.65 1.7 2.67 15.91 -1.8 1.5 -0.58 -9.22 -6.03 -7.57 4.92 -7.85 19.15 2.42 -3.98 7.71 -0 -0 0 4.93 -42.19 -51.88 110.77 -58.31 -77.88 -0 -0 1.61 25.39 -7.98 -3.77 -7.12 0 -0 -1.05 21.16 0.6 -0 -0 0 1.49 59.8 -41.83 -129.48 53.2 -93.41 0 0 12.68 -40.96 -15.48 13.05 7.12 -0 -0 -13.32 -49.65 1.55
28.64 28.06 -3.88 -7.07 -8.94 -36.25 0 0 0 2.95 -1.94 -38.97 9.96 17.39 59.37 0.41 -3.6 13.93 0.09 1.97 5.43 0 0 0 25.05 6 -33.25 -4.59 -12.91 39.01 0.28 -15.15 7.24 -0.05 1.51 -4.14 5.56 0.79 36.48 1.62 2.74 16.5 -2.05 1.59 0.15 -9.57 -5.95 -8.06 5.83 -7.83 19.4 2.76 -3.91 7.93 -0 -0 0 6.14 -41.63 -53.08 110.35 -58.38 -77.53 -0 -0 1.36 25.67 -8.07 -3.86 -7.12 0 -0 -0.86 21.04 0.49 -0 -0 0 -0.05 59.95 -44.09 -129.19 53.32 -93.18 0 0 16.81 -34.24 -18.08 11.93 7.12 -0 -0 -6.32 -51.42 1
28.64 28.06 -3.91 -6.98 -9.19 -36.17 0 0 0 3.11 -1.35 -38.79 10.94 17.91 62.6 0.44 -4.16 14.69 0.05 1.43 3.93 0 0 0 25.35 5.57 -33.71 -5.24 -13.65 41.87 0.29 -14.99 6.9 -0.12 2.19 -6.02 6.03 0.83 36.57 1.32 2.92 16.75 -2.65 1.74 0.46 -9.28 -5.88 -7.03 6.04 -7.86 18.42 2.81 -3.9 7.42 -0 0 0 7.4 -41.85 -54.11 110.14 -58.41 -77.35 -0 -0 1.06 25.54 -8.12 -3.86 -7.12 0 -0 -0.95 21 0.54 -0 0 0 -0.3 60 -45.99 -129.69 53.12 -93.58 0 0 12.97 -33.25 -15.38 9.86 7.12 -0 -0 -5.47 -48.11 0.42
28.64 28.1 -3.97 -6.86 -9.26 -36.26 0 0 0 3.11 -0.84 -37.93 11.88 18.34 65.61 0.48 -5.14 15.93 0.01 0.72 1.98 0 0 0 25.49 4.86 -33.91 -6.17 -14.59 45.65 0.49 -15.73 4.79 -0.01 -0.46 1.25 6.05 0.89 36.74 1.3 3.03 16.73 -2.72 1.79 0.39 -7.53 -6.07 -11.07 3.57 -7.72 22.19 1.59 -3.86 9.24 0 -0 0 7.54 -42.13 -54.23 109.52 -58.51 -76.82 -0 -0 1.24 26.06 -8.11 -3.94 -7.12 0 -0 -0.58 20.97 0.33 0 -0 0 -0.85 60.98 -47.07 -130.39 52.84 -94.14 0 0 13.16 -33.01 -15.36 9.76 7.12 -0 -0 -5.23 -48.05 0.39
28.64 28.13 -4.01 -6.82 -8.99 -36.17 0 0 0 3.07 -0.63 -37.59 13.17 18.84 69.65 0.52 -5.85 17.04 0.04 1.26 3.46 0 0 0 25.38 3.84 -34.57 -7.38 -15.65 50.31 0.74 -17.09 2.4 -0.39 -4.03 11.16 5.97 0.83 36.6 1.32 2.92 16.61 -2.62 1.73 0.29 -8.35 -5.95 -9.1 4.24 -7.68 21.12 2.02 -3.87 8.57 0 -0 0 7.23 -42.62 -54.28 108.99 -58.59 -76.37 -0 -0 1.16 26.26 -8.67 -4.25 -7.12 0 -0 -0.45 20.33 0.27 0 -0 0 -0.47 61.05 -45.41 -128.99 53.39 -93.02 0 0 9.11 -39.43 -9.47 7.71 7.12 -0 -0 -11.21 -41.9 -0.87
28.64 28.16 -4.04 -6.72 -8.91 -36.2 0 0 0 3.19 -0.23 -37.12 14.65 19.3 74.17 0.52 -7.09 17.98 0 0.41 1.12 0 0 0 25.39 3.28 -34.63 -8.72 -16.63 55.12 0.86 -17.91 1.65 -0.72 -5.42 15.12 5.66 0.78 36.55 1.44 2.77 16.38 -2.31 1.62 0.01 -10.8 -5.68 -5.63 6.63 -7.64 18.59 3.31 -3.88 7.29 -0 0 0 6.26 -42.86 -53.87 108.9 -58.61 -76.29 -0 -0 1.19 25.56 -8.75 -4.16 -7.12 0 -0 -0.96 20.3 0.57 -0 0 0 0.5 61.44 -43.41 -127.69 53.88 -91.97 0 0 11.99 -41.71 -10 8.79 7.12 -0 -0 -13.37 -42.86 -0.72
28.64 28.18 -4.06 -6.61 -9.05 -36.23 0 0 0 3.6 0.55 -36.71 16.27 19.66 79.04 0.5 -8.55 19.13 0 0.03 0.09 0 0 0 25.5 2.46 -34.56 -10.13 -17.48 59.92 0.88 -18.64 2.74 -0.44 -4.26 11.81 5.48 0.74 36.63 1.49 2.68 15.99 -2.14 1.53 -0.47 -10.98 -5.54 -5.1 6.14 -7.39 18.68 3.22 -3.82 7.19 -0 -0 0 5.15 -42.83 -52.91 108.57 -58.66 -76.01 -0 -0 1.36 25.85 -9.19 -4.43 -7.12 0 -0 -0.78 19.79 0.47 -0 -0 0 1.89 61.97 -41.41 -127.02 54.13 -91.42 0 0 12.75 -42.88 -10.35 9.47 7.12 -0 -0 -14.53 -43.49 -0.56
28.64 28.2 -4.08 -6.16 -9.24 -36.26 0 0 0 3.83 1.37 -36.27 18 19.9 84.14 0.58 -9 20.38 0.02 0.86 2.36 0 0 0 25.18 2.2 -34.33 -11.67 -18.25 64.93 0.9 -19.34 3.71 -0.38 -3.97 11 5.3 0.93 36.51 1.18 2.83 16.17 -2.41 1.62 -0.22 -9.9 -5.85 -7.58 5.7 -7.68 19.75 2.8 -3.88 7.95 0 0 0 5.78 -43.75 -53.95 108.75 -58.63 -76.17 -0 -0 1.92 25.97 -9.4 -4.55 -7.12 0 -0 -0.7 19.54 0.43 0 0 0 1.93 62.07 -41.82 -127.08 54.11 -91.48 0 0 12.65 -42.78 -10.31 9.4 7.12 -0 -0 -14.43 -43.42 -0.57
28.64 28.22 -4.09 -6.47 -9.42 -36.16 0 0 0 4.98 1.93 -35.92 19.71 20 89.14 0.65 -10.32 22.3 0.05 1.47 4.04 0 0 0 25.42 1.81 -33.8 -13.01 -18.79 69.17 0.92 -20.38 5.06 -0.73 -5.44 15.17 5.14 0.59 36.44 1.52 2.39 15.28 -1.85 1.33 -1.21 -11.83 -5.07 -3.68 6.96 -6.94 18.08 3.7 -3.63 6.77 0 -0 0 2.88 -43.46 -51.7 109.03 -58.59 -76.4 -0 -0 2.08 25.35 -9.85 -4.63 -7.12 0 -0 -1.17 19.1 0.72 0 -0 0 4.98 62.78 -38.43 -128.4 53.62 -92.54 0 0 16.09 -36.34 -14.9 10.71 7.12 -0 -0 -8.55 -48.07 0.65
28.65 28.23 -4.09 -6.46 -8.95 -35.95 0 0 0 5.53 2.08 -35.85 21.45 19.95 94.26 0.7 -11.28 23.67 0.09 1.9 5.23 0 0 0 24.8 0.42 -34.01 -14.3 -19.2 73.13 0.52 -20.48 9.71 -0.72 -5.42 15.11 5.36 0.7 36.01 1.23 2.54 15.94 -2.3 1.48 -0.31 -9.71 -5.58 -6.85 6.24 -7.44 18.06 2.99 -3.72 7.26 -0 -0 0 4.84 -45.11 -53.83 108.88 -58.61 -76.27 -0 -0 2.34 25.62 -10.45 -4.97 -7.12 0 -0 -1.01 18.42 0.64 -0 -0 0 3.28 62.02 -40.5 -128.44 53.6 -92.58 0 0 13.73 -39.42 -14.23 11.42 7.12 -0 -0 -11.62 -47.8 0.81
28.65 28.29 -4.11 -6.24 -8.68 -35.77 0 0 0 6.07 2.75 -35.41 22.93 19.79 98.6 0.57 -13.13 24.39 0.02 0.94 2.58 0 0 0 24.11 0.26 -33.41 -15.26 -19.45 76.01 0.52 -21.52 10.75 -1.05 -6.52 18.29 5.18 0.78 35.95 0.98 2.58 15.89 -2.48 1.5 -0.35 -8.22 -5.88 -8.54 5.45 -7.8 18.43 2.41 -3.82 7.61 0 -0 0 5.35 -45.98 -54.37 109.36 -58.54 -76.68 -0 -0 2.55 25.82 -10.28 -4.94 -7.12 0 -0 -0.86 18.58 0.54 0 -0 0 4.14 61.74 -40.32 -128.31 53.65 -92.47 0 0 14.01 -37.43 -14.09 10.55 7.12 -0 -0 -9.62 -47.29 0.55
28.66 28.34 -4.11 -6.67 -8.47 -35.39 0 0 0 7.5 3.35 -35.36 24.32 19.55 102.74 0.65 -13.68 25.62 0.05 1.51 4.16 0 0 0 24.12 -0.34 -33.18 -15.98 -19.61 78.17 0.19 -20.46 12.81 -0.69 -5.33 14.85 4.94 0.32 35.6 1.53 1.98 14.8 -1.62 1.11 -1.49 -10.06 -5.21 -5.69 6.03 -6.94 17.41 3.05 -3.53 6.8 -0 0 0 1.54 -44.96 -51.06 109.63 -58.49 -76.92 -0 -0 2.53 25.13 -10.68 -4.97 -7.12 0 -0 -1.37 18.21 0.87 -0 0 0 7.12 62.56 -34.61 -127.76 53.86 -92.03 0 0 9.72 -41.7 -10.74 9.42 7.12 -0 -0 -13.47 -43.81 -0.4
28.67 28.34 -4.1 -6.75 -8.6 -35.39 0 0 0 9.09 4.16 -34.72 25.58 19.24 106.51 0.89 -13.31 27.1 0.11 2.12 5.82 0 0 0 23.95 -0.5 -32.94 -16.59 -19.72 79.97 -0.12 -18.78 14.27 -0.48 -4.44 12.33 4.85 0.31 35.64 1.67 1.97 14.29 -1.43 1.07 -2.06 -9.9 -4.94 -4.76 6.09 -6.67 16.85 3.1 -3.41 6.43 -0 -0 0 0.11 -44.8 -49.52 110.35 -58.38 -77.52 -0 -0 2.73 24.91 -10.34 -4.76 -7.12 0 -0 -1.5 18.61 0.95 -0 -0 0 9.03 62.84 -32.51 -128.52 53.58 -92.64 0 0 9.28 -40.33 -11.97 9.98 7.12 -0 -0 -12.31 -45.15 0.05
28.67 28.34 -4.11 -6.52 -8.46 -35.18 0 0 0 10.17 4.91 -34.78 26.55 18.94 109.49 1.05 -13.5 28.51 0.22 3.04 8.39 0 0 0 23.47 -0.67 -33.03 -16.93 -19.77 80.99 -0.19 -18.06 14.36 -0.25 -3.24 8.94 4.33 0.39 35.56 1.68 1.92 13.88 -1.14 1.01 -2.51 -10.15 -4.97 -4.06 6.58 -6.81 16.12 3.3 -3.46 6.12 -0 0 0 -0.65 -44.34 -48.37 110.89 -58.29 -77.98 -0 -0 2.93 24.84 -9.66 -4.44 -7.12 0 -0 -1.52 19.36 0.93 -0 0 0 10.68 62.74 -30.82 -127.78 53.85 -92.05 0 0 8.18 -90.16 58.89 -90.19 7.12 -0 -0 -173.8 59.91 -177.74
28.67 28.38 -4.11 -6.48 -8.53 -35.35 0 0 0 11.33 5.68 -34.08 27.17 18.72 111.41 0.98 -14.87 29.33 0.16 2.61 7.19 0 0 0 23.38 -0.05 -32.41 -16.83 -19.76 80.68 0.03 -19.85 13.76 -0.7 -5.36 14.94 4.81 0.64 35.52 1.34 2.32 14.64 -1.85 1.28 -1.62 -8.58 -5.66 -6.7 6.29 -7.65 16.12 2.81 -3.75 6.58 -0 -0 0 1.85 -44.9 -49.92 110.72 -58.31 -77.84 -0 -0 3.03 25.32 -9.1 -4.28 -7.12 0 -0 -1.15 19.93 0.69 -0 -0 0 8.66 62.3 -35.41 -128.3 53.66 -92.46 0 0 13.53 -48.39 11.42 -12.57 7.12 -0 -0 -14.28 -13.43 -10.92
28.68 28.39 -4.11 -6.19 -8.32 -35.49 0 0 0 11.51 5.74 -33.59 27.56 18.57 112.64 0.89 -15.15 28.94 0.1 2.03 5.59 0 0 0 23 0.15 -31.72 -16.45 -19.69 79.57 0.56 -21.66 10.57 -1.49 -7.72 21.87 4.51 0.77 35.47 1.31 2.39 14.81 -1.74 1.31 -1.43 -9.77 -5.96 -5.43 7.66 -8.14 14.17 3.44 -3.98 5.88 -0 -0 0 2.34 -44.56 -49.83 110.52 -58.35 -77.67 -0 -0 3.1 25.61 -8.62 -4.11 -7.12 0 -0 -0.92 20.44 0.54 -0 -0 0 8.1 62.04 -36.3 -128.92 53.42 -92.96 0 0 12.62 -33.5 -14.55 9.44 7.12 -0 -0 -5.75 -47.18 0.31
28.67 28.4 -4.12 -6.08 -8.21 -35.68 0 0 0 11.66 5.6 -33 27.67 18.53 112.97 0.87 -14.68 28.35 0.05 1.49 4.11 0 0 0 23.04 0.39 -31.19 -15.74 -19.56 77.47 0.48 -21.8 11.37 -0.98 -6.3 17.67 4.23 0.76 35.45 1.3 2.28 14.83 -1.57 1.24 -1.42 -11.18 -6.42 -4.14 8.74 -8.87 13.39 3.98 -4.37 5.6 -0 -0 0 2.34 -43.5 -49.04 110.73 -58.31 -77.85 -0 -0 2.64 25.98 -8.26 -4.01 -7.12 0 -0 -0.64 20.8 0.37 -0 -0 0 8.58 62 -34.55 -128.44 53.61 -92.57 0 0 8.02 -48.01 2.79 -3.1 7.12 -0 -0 -16.04 -25.75 -7.77
28.67 28.39 -4.12 -6.4 -8.37 -35.99 0 0 0 12.09 5.2 -32.48 27.45 18.62 112.26 1.09 -13.95 29.2 0.2 2.87 7.93 0 0 0 23.59 0.5 -30.51 -14.81 -19.34 74.67 0.87 -22.67 8.6 -1.41 -7.52 21.27 4.41 0.66 35.39 1.33 2.2 15.12 -1.6 1.22 -1.08 -11.65 -7.43 -3.2 8.21 -10.21 13.17 3.81 -5.1 5.51 -0 0 0 3.08 -42.7 -48.93 109.78 -58.47 -77.04 -0 -0 3.18 25.83 -7.85 -3.78 -7.12 0 -0 -0.73 21.27 0.42 -0 0 0 8.34 62.11 -35.63 -127.9 53.81 -92.14 0 0 13.25 -37.09 -12.66 9.41 7.12 -0 -0 -9.23 -45.51 0.12
28.66 28.38 -4.12 -6.88 -8.21 -36.5 0 0 0 11.8 4.1 -31.69 26.86 18.83 110.43 0.73 -14.85 27.52 0 0.41 1.11 0 0 0 24.11 0.31 -29.63 -13.59 -18.98 70.94 0.97 -22.77 7.73 -1.57 -7.91 22.45 4.76 0.35 35.52 1.29 1.92 15.43 -1.74 1.11 -0.78 -13.04 -8.28 -2.07 8 -11.38 13.56 3.9 -5.78 5.64 0 -0 0 3.99 -41.65 -48.74 108.68 -58.64 -76.1 -0 -0 2.59 26.47 -7.61 -3.77 -7.12 0 -0 -0.25 21.49 0.14 0 -0 0 8.5 62.5 -36.13 -128.11 53.73 -92.31 0 0 13.91 -34.62 -13.64 9.25 7.12 -0 -0 -6.87 -46.3 0.22
28.65 28.34 -4.13 -6.59 -8.32 -37 0 0 0 10.76 3.67 -30.99 25.98 19.12 107.73 0.98 -13.65 28.13 0.09 1.95 5.37 0 0 0 24.11 0.82 -28.87 -12.33 -18.53 67.03 0.98 -22.36 7.12 -0.84 -5.85 16.35 4.33 0.41 35.59 1.07 1.84 15.51 -1.72 1.06 -0.74 -14.88 -8.85 2.96 8.47 -12.7 11.53 4.47 -6.59 4.47 -0 -0 0 4.55 -40.35 -47.91 107.94 -58.75 -75.47 -0 -0 1.84 26.72 -7.35 -3.68 -7.12 0 -0 -0.06 21.76 0.03 -0 -0 0 9.6 63.24 -35.64 -128.19 53.7 -92.37 0 0 14.5 -32.52 -14.81 9.25 7.12 -0 -0 -4.78 -47.33 0.28
28.64 28.32 -4.14 -6.47 -8.64 -37.57 0 0 0 9.85 3.34 -30.11 24.74 19.45 103.98 0.87 -13.27 26.93 0.01 0.5 1.37 0 0 0 24.46 1.41 -27.92 -10.97 -17.92 62.7 0.99 -22.33 6.94 -0.96 -6.23 17.44 4.25 0.61 35.75 0.91 2.06 15.79 -1.91 1.18 -0.47 -16.62 -9.81 4.78 8.76 -14.32 12.19 4.77 -7.5 4.73 0 -0 0 5.68 -40.25 -48.07 106.67 -58.92 -74.38 -0 -0 2.08 26.31 -7.5 -3.69 -7.12 0 -0 -0.36 21.62 0.2 0 -0 0 9.8 62.24 -35.43 -127.66 53.9 -91.95 0 0 13.47 -33.8 -15 9.83 7.12 -0 -0 -6.03 -47.76 0.41
28.64 28.27 -4.13 -6.95 -8.8 -37.95 0 0 0 9.14 2.22 -29.48 23.23 19.75 99.49 1.24 -11.66 28.16 0.2 2.88 7.94 0 0 0 25.17 1.63 -27.26 -9.67 -17.22 58.37 1.11 -21.98 4.97 -1.04 -6.48 18.17 4.91 0.22 35.39 0.49 1.71 16.48 -2.57 1.09 0.42 -17.04 -10.01 8.67 8.64 -15.08 9.92 5.01 -7.95 3.54 -0 0 0 7.76 -39.45 -49.2 105.26 -59.1 -73.18 -0 -0 2.24 26.73 -7.54 -3.78 -7.12 0 -0 -0.06 21.55 0.03 -0 0 0 8.02 61.37 -36.58 -127.05 54.12 -91.45 0 0 12.14 -36.83 -16.4 11.94 7.12 -0 -0 -9.06 -49.95 1.11
28.63 28.24 -4.13 -6.52 -8.84 -38.42 0 0 0 7.38 1.6 -28.72 21.34 19.96 93.92 1.28 -11.4 28.26 0.28 3.38 9.33 0 0 0 25.04 2.24 -26.69 -8.49 -16.47 54.33 1.04 -21.84 5.67 -0.6 -4.96 13.81 4.58 0.38 35.44 0.05 1.77 17.23 -2.86 1.16 1.23 -17.18 -10.54 10.16 8.25 -15.96 9.35 4.96 -8.41 3.24 -0 0 0 10.08 -38.06 -50.23 104.31 -59.21 -72.36 -0 -0 1.45 27.42 -7.19 -3.71 -7.12 0 -0 0.45 21.89 -0.25 -0 0 0 6.77 60.57 -38.21 -126.32 54.38 -90.86 0 0 11.35 -38.1 -15.96 12.17 7.12 -0 -0 -10.37 -49.67 1.21
28.63 28.2 -4.13 -6.6 -9.13 -38.57 0 0 0 6.54 1 -28.44 19.29 19.99 87.93 1.02 -11.28 26.22 0 0.3 0.82 0 0 0 25.46 2.98 -26.49 -7.49 -15.73 50.7 1.07 -21.79 5.22 -0.7 -5.33 14.85 4.61 0.4 35.38 -0.12 1.76 17.87 -3.05 1.19 1.96 -17.35 -10.94 11.18 7.67 -16.59 8.81 4.84 -8.73 2.97 -0 0 0 11.8 -36.79 -51.35 104.08 -59.24 -72.16 -0 -0 0.92 27.26 -6.45 -3.31 -7.12 0 -0 0.38 22.73 -0.2 -0 0 0 5.36 60.02 -40.03 -126.21 54.42 -90.77 0 0 11.16 -37.52 -16.56 12.35 7.12 -0 -0 -9.79 -50.28 1.28
28.64 28.16 -4.11 -6.38 -9 -38.96 0 0 0 5.26 0.33 -28.16 17.21 19.81 81.82 1.32 -9.02 26.69 0.1 2.08 5.72 0 0 0 25.25 3.09 -26.69 -6.81 -15.17 48.15 1.14 -21.42 3.67 -0.78 -5.64 15.73 3.88 0.26 35.73 -0.35 1.37 17.61 -2.8 0.92 1.51 -18.29 -10.24 15.23 7.85 -16.41 7.01 5.36 -8.69 1.88 -0 -0 0 11.68 -34.64 -50.25 103.68 -59.28 -71.82 -0 -0 1.18 27.67 -5.49 -2.87 -7.12 0 -0 0.72 23.79 -0.37 -0 -0 0 6.7 59.86 -38.3 -126.32 54.38 -90.86 0 0 10.8 -37.53 -17.5 13 7.12 -0 -0 -9.81 -51.4 1.56
28.65 28.12 -4.07 -6.4 -9.02 -38.96 0 0 0 4.49 -0.37 -28.4 15.21 19.44 75.85 1.26 -7.93 25.44 0.09 1.9 5.23 0 0 0 25.34 3.02 -27.58 -6.36 -14.77 46.4 1.01 -20.3 3.63 -0.7 -5.34 14.89 3.77 0.13 35.75 -0.29 1.16 17.82 -2.62 0.81 1.72 -19.63 -10.23 16.05 7.84 -16.73 6.95 5.57 -8.89 1.9 0 0 0 11.71 -33.36 -50.33 104.27 -59.22 -72.33 -0 -0 1.57 27.56 -4.48 -2.33 -7.12 0 -0 0.68 24.93 -0.33 0 0 0 5.27 58.89 -39.12 -127.19 54.07 -91.57 0 0 9.65 -36.7 -18.56 13.35 7.12 -0 -0 -8.91 -52.49 1.65
28.66 28.09 -4.04 -6.25 -8.95 -38.73 0 0 0 3.71 -1.17 -29.08 13.31 18.89 70.09 1.14 -6.68 23.65 0.1 2 5.49 0 0 0 25.21 3.22 -28.75 -6.06 -14.49 45.22 0.88 -19.14 3.58 -0.37 -3.92 10.86 3.63 0.21 35.83 -0.57 1.21 17.85 -2.85 0.85 1.72 -19.24 -10.35 18.16 8.06 -17.17 4.93 5.78 -9.07 1.02 0 -0 0 12.52 -32.73 -50.96 104.64 -59.17 -72.64 -0 -0 2.53 27.45 -3.96 -2.05 -7.12 0 -0 0.62 25.52 -0.29 0 -0 0 5.02 57.58 -39.74 -127.56 53.93 -91.86 0 0 8.61 -36.66 -18.71 13.43 7.12 -0 -0 -8.87 -52.65 1.68
28.67 28.08 -4.02 -6.16 -9.16 -38.72 0 0 0 3.33 -1.8 -29.57 11.49 18.17 64.36 0.95 -5.56 21.21 0.09 1.89 5.19 0 0 0 25.37 3.2 -29.43 -5.83 -14.26 44.3 0.87 -18.56 2.7 -0.6 -4.95 13.77 3.29 0.24 35.9 -0.68 1.13 18.17 -2.75 0.79 2.03 -18.71 -10.95 16.36 6.78 -17.52 6.01 5.15 -9.21 1.51 -0 0 0 12.94 -31.43 -51.97 105.03 -59.13 -72.98 -0 -0 1.44 26 -2.87 -1.4 -7.12 0 -0 -0.46 26.79 0.2 -0 0 0 3.74 57.33 -41.36 -127.92 53.8 -92.16 0 0 8.78 -35.8 -20.9 14.43 7.12 -0 -0 -7.82 -55.02 1.93
28.68 28.05 -3.97 -5.77 -9.12 -38.69 0 0 0 2.7 -2.55 -30.27 9.97 17.39 59.38 0.8 -4.5 19.09 0.06 1.58 4.33 0 0 0 25.1 3.29 -30.46 -5.91 -14.34 44.63 0.8 -17.56 2.14 -0.41 -4.1 11.35 2.89 0.5 36.66 -0.87 1.35 18.01 -2.82 0.87 1.62 -18.41 -11.08 17.87 7.15 -17.89 4.41 5.38 -9.35 0.86 0 -0 0 13.24 -30.53 -52.38 105.78 -59.04 -73.62 -0 0 -0.14 24.63 -2.13 -0.97 -7.12 0 -0 -1.51 27.64 0.64 0 -0 0 4.09 55.73 -41.85 -128.58 53.55 -92.69 0 0 8.08 -34.98 -22.65 15.08 7.12 -0 -0 -6.72 -56.84 1.96
28.68 28.04 -3.96 -6.18 -9.26 -38.37 0 0 0 2.98 -3.42 -31.37 8.77 16.66 55.29 0.62 -3.61 16.62 0.06 1.6 4.41 0 0 0 25.69 3.01 -31.31 -6.05 -14.47 45.16 0.8 -17.14 1.3 -0.26 -3.27 9.04 3.12 0.33 36.67 -1.02 1.2 17.98 -3.05 0.82 1.59 -18.18 -11.2 17.47 7.18 -17.94 4.67 5.32 -9.38 0.98 0 -0 0 13.65 -29 -52.6 106.8 -58.91 -74.49 -0 0 -1 24.49 -1.04 -0.47 -7.12 0 -0 -1.62 28.84 0.64 0 -0 0 3.09 55.43 -43.55 -129.29 53.28 -93.26 0 0 7.39 -33.85 -23.84 15.17 7.12 -0 -0 -5.24 -57.92 1.66
28.67 28.04 -3.94 -6.42 -9.26 -38.13 0 0 0 3.03 -4.11 -32.5 7.83 15.99 51.93 0.42 -2.69 13.58 0.03 1.07 2.95 0 0 0 26.06 2.78 -31.88 -6.28 -14.7 46.11 0.83 -17.19 0.58 -0.34 -3.75 10.37 2.91 0.28 37.1 -0.9 1.08 17.5 -2.79 0.72 0.89 -18.7 -10.92 18.59 7.38 -17.87 4.22 5.54 -9.36 0.74 0 -0 0 13.52 -28.17 -52.5 107.44 -58.82 -75.04 -0 0 -2.68 22.52 -1.09 -0.45 -7.12 0 -0 -3.16 28.8 1.25 0 -0 0 3.45 54.78 -43.55 -129.48 53.2 -93.41 0 0 6.71 -33.35 -24.97 15.53 7.12 -0 -0 -4.42 -59.07 1.52
28.67 28.03 -3.93 -6.71 -9.22 -37.94 0 0 0 3.07 -4.26 -33.71 7.17 15.48 49.53 0.32 -1.07 11.12 0.07 1.7 4.67 0 0 0 26.35 2.42 -32.26 -6.67 -15.04 47.6 0.92 -17.65 -0.45 -0.56 -4.79 13.31 2.78 0.13 37.11 -0.91 0.85 17.39 -2.66 0.58 0.76 -18.88 -10.79 18.14 6.74 -17.65 5.11 5.32 -9.26 1.01 -0 0 0 13.69 -27.5 -53.82 107.63 -58.79 -75.21 -0 0 -8.24 21.97 -1.63 -0.66 -7.12 0 -0 -3.57 28.21 1.46 -0 0 0 3.86 54.75 -44.21 -129.06 53.37 -93.07 0 0 6.64 -32.2 -25.41 15.12 7.12 -0 -0 -2.95 -59.26 1.03
28.66 28.03 -3.93 -7.34 -9.29 -38.05 0 0 0 3.37 -4.19 -34.57 6.69 15.07 47.7 0.24 0.63 9.1 0.1 2.04 5.63 0 0 0 27.07 2.01 -32.17 -7.2 -15.5 49.64 1.02 -18.58 -0.4 -0.69 -5.33 14.85 3.08 -0.06 37.48 -0.78 0.72 17.49 -2.65 0.53 0.75 -19.48 -10.3 19.86 7.86 -17.43 3.19 5.93 -9.14 0.29 0 0 0 13.85 -27.08 -55.78 105.13 -59.12 -73.06 -0 0 -14.63 23.2 -2.5 -1.07 -7.12 0 -0 -2.6 27.25 1.12 0 0 0 3.79 54.77 -45.68 -129.32 53.27 -93.28 0 0 4.7 -32.57 -26.15 15.72 7.12 -0 -0 -3.2 -60.17 1.19
28.65 28.06 -3.98 -7.55 -9.23 -38.24 0 0 0 3.12 -3.97 -34.88 6.35 14.76 46.38 0.22 1.6 8.35 0.08 1.77 4.87 0 0 0 27.42 1.04 -32.05 -7.91 -16.05 52.23 1.05 -19.03 0.21 -0.45 -4.3 11.91 3.36 0.01 38.22 -1.02 0.92 17.74 -3.11 0.67 0.82 -18.27 -10.87 18.86 7.22 -17.75 3.99 5.48 -9.28 0.56 0 -0 0 14.85 -27.28 -57.94 101.99 -59.45 -70.36 -0 0 -23.97 24.62 -2.72 -1.25 -7.12 0 -0 -1.52 26.98 0.66 0 -0 0 4.96 55.08 -48.02 -130.17 52.93 -93.96 0 0 6.04 -31.99 -27.78 16.23 7.12 -0 -0 -2.01 -61.81 0.82
28.66 28.03 -3.98 -8.86 -9.88 -37.62 0 0 0 4.68 -3.96 -36.42 6.39 14.79 46.52 0.22 1.48 8.55 0.12 2.24 6.17 0 0 0 29.04 0.97 -32.68 -8.94 -16.77 55.88 1.22 -20.37 -0.12 -0.63 -5.07 14.1 3.75 -0.59 38.42 -0.49 0.35 16.54 -2.56 0.32 -0.43 -20.69 -9.26 22.14 7.72 -16.77 3.25 6.2 -8.85 -0.01 -0 0 0 11.98 -25.77 -56.78 98.53 -59.72 -67.38 -0 0 -33.06 19.31 -3.83 -1.34 -7.12 0 -0 -5.54 25.92 2.57 -0 0 0 8.68 56.95 -45.13 -130.42 52.82 -94.16 0 0 5.66 -30.31 -29.04 15.84 7.12 -0 -0 0.58 -62.73 -0.25
28.65 28.09 -4.05 -9.23 -9.83 -37.57 0 0 0 4.87 -4.22 -36.52 6.45 14.85 46.77 0.26 0.36 9.55 0.02 1 2.74 0 0 0 29.38 0.21 -32.86 -10.12 -17.48 59.9 1.47 -21.5 -2.58 -1.34 -7.34 20.72 4.24 -0.78 38.56 -0.79 0.26 16.85 -3.11 0.34 -0.13 -20.7 -8.48 26.2 9.76 -16.48 -1.06 7.3 -8.66 -1.78 -0 0 0 12.33 -25.94 -57.22 96.26 -59.85 -65.42 -0 0 -44.09 13.77 -7.51 -1.84 -7.12 0 -0 -9.49 22.28 5.26 -0 0 0 9.39 56.05 -45.09 -130.14 52.94 -93.94 0 0 4 -30.78 -30.03 16.6 7.12 -0 -0 0.41 -63.92 -0.19
28.65 28.1 -4.08 -8.75 -9.17 -37.88 0 0 0 3.88 -4.3 -36.19 6.66 15.04 47.57 0.32 -0.01 10.64 0.08 1.83 5.04 0 0 0 28.61 -0.96 -33.21 -11.65 -18.24 64.88 1.51 -22.03 -1.65 -1.2 -6.95 19.55 3.56 -0.72 38.44 -1.34 0.07 17.55 -3.28 0.25 0.49 -20.4 -9.1 23.12 8.7 -16.65 2.61 6.56 -8.82 -0.31 0 0 0 13.79 -25.73 -57.32 95.4 -59.89 -64.68 -0 0 -50.63 12.74 -10.33 -2.32 -7.12 0 -0 -10.12 19.47 6.26 0 0 0 9.17 56.45 -46.21 -130.27 52.88 -94.05 0 0 3.42 -32.51 -27.56 16.43 7.12 -0 -0 -2.73 -61.71 1.11
28.65 28.12 -4.12 -7.99 -8.63 -38.4 0 0 0 2.76 -4.24 -35.16 6.98 15.31 48.79 0.35 -0.77 11.48 0.02 1 2.76 0 0 0 27.52 -1.68 -33.12 -13.26 -18.88 69.94 1.65 -22.9 -2.02 -1.14 -6.79 19.1 2.41 -0.39 39.66 -1.59 0.1 17.22 -2.94 0.19 -0.11 -20.59 -8.73 23.66 8.61 -16.33 3.3 6.58 -8.7 -0.2 0 -0 0 14.77 -26.6 -57.2 95.21 -59.9 -64.51 -0 0 -56.28 14.46 -11.09 -2.84 -7.12 0 -0 -8.89 18.61 5.66 0 -0 0 9.69 53.48 -44.35 -129.5 53.2 -93.42 0 0 0.82 -35.43 -26.34 17.52 7.12 -0 -0 -6.71 -61.14 2.64
28.65 28.13 -4.14 -8.44 -8.98 -38.21 0 0 0 3.53 -4.01 -34.98 7.64 15.85 51.26 0.4 -1.38 12.59 0.05 1.41 3.86 0 0 0 28.2 -1.85 -33.27 -14.81 -19.34 74.66 1.8 -23.8 -2.19 -1.99 -8.84 25.31 2.8 -0.5 40.01 -1.77 0.09 17.26 -3.34 0.22 -0.16 -20.15 -8.39 23.32 8.19 -15.72 4.49 6.33 -8.42 0.06 0 -0 0 16.43 -27.55 -58.26 93.8 -59.95 -63.29 -0 0 -62.27 17.7 -12.33 -3.9 -7.12 0 -0 -6.62 17.11 4.41 0 -0 0 10.14 52.49 -44.49 -129.69 53.12 -93.58 0 -0 -2.74 -37.18 -25.73 18.22 7.12 -0 -0 -9.03 -60.92 3.52
28.65 28.17 -4.16 -8.18 -8.48 -38.2 0 0 0 3.01 -3.91 -34.18 8.32 16.35 53.7 0.46 -1.92 13.67 0.02 0.88 2.43 0 0 0 27.66 -2.56 -33.33 -16.29 -19.67 79.08 1.84 -24.47 -0.89 -2.26 -9.38 26.99 2.2 -0.46 40.29 -2.08 -0.08 17.47 -3.3 0.12 -0.03 -19.87 -7.25 24.23 8.64 -14.34 4.37 6.51 -7.76 -0.3 0 0 0 17.76 -27.74 -59.44 92.14 -59.98 -61.86 -0 0 -66.28 18.14 -11.54 -3.75 -7.12 0 -0 -6.3 17.89 4.09 0 0 0 11.71 50.76 -43.61 -131.09 52.55 -94.69 0 -0 -4.54 -37.45 -26.09 18.61 7.12 -0 -0 -9.34 -61.4 3.75
28.65 28.21 -4.16 -8.89 -8.78 -37.21 0 0 0 4.12 -3.81 -34.35 9.2 16.94 56.78 0.54 -2.49 15.05 0.01 0.5 1.38 0 0 0 28.51 -2.57 -33.99 -17.45 -19.84 82.51 1.72 -25.19 2.84 -1.91 -8.68 24.79 2.75 -0.69 40.2 -2.38 -0.18 17.49 -3.86 0.12 0.01 -19.39 -6.69 22.13 8.92 -13.18 7.97 6.33 -7.3 0.91 0 0 0 19.12 -27.58 -60.45 94.04 -59.94 -63.5 -0 0 -67.4 16.45 -10.36 -3.04 -7.12 0 -0 -7.5 19.24 4.65 0 0 0 14.04 48.47 -42.64 -132.63 51.88 -95.91 0 -0 -8.05 -37.85 -23.86 17.45 7.12 -0 -0 -10.04 -58.95 3.45
28.65 28.27 -4.14 -9.62 -9.48 -35.9 0 0 0 5.57 -3.29 -34.38 9.94 17.37 59.27 0.79 -2.5 17.92 0.07 1.71 4.72 0 0 0 29.64 -1.63 -34.67 -18.17 -19.92 84.65 1.5 -26.23 7.07 -2.11 -9.1 26.1 2.95 -0.61 39.78 -2.39 -0.04 17.76 -4.03 0.21 0.45 -17.5 -5.82 21.66 8.5 -11.55 8.53 5.89 -6.45 0.77 0 0 0 19.75 -26.78 -60.87 97.96 -59.76 -66.89 -0 0 -63.63 18.23 -10.18 -3.33 -7.12 0 -0 -6.23 19.31 3.84 0 0 0 15.31 46.06 -42.94 -134.66 50.93 -97.5 0 -0 -10.06 -36.53 -24.81 17.26 7.12 -0 -0 -8.32 -59.69 3
28.66 28.34 -4.1 -9.2 -9.02 -34.48 0 0 0 5.13 -3.53 -34.23 10.38 17.62 60.76 1.3 -2.02 22.36 0.07 1.67 4.59 0 0 0 28.93 -1.47 -35.91 -18.34 -19.93 85.14 0.96 -26.5 12.11 -2.27 -9.4 27.05 1.87 -0.4 39.4 -2.83 -0.19 17.87 -3.88 0.08 0.5 -16.26 -4.83 21.17 8.58 -9.95 9.41 5.69 -5.64 0.82 0 0 0 19.71 -25.64 -61.54 104.81 -59.15 -72.79 -0 0 -65.56 21.99 -9.71 -3.89 -7.12 0 -0 -3.56 19.54 2.17 0 0 0 17.12 43.31 -42.34 -136.62 49.95 -99.01 0 -0 -11.8 -38.03 -25.47 18.59 7.12 -0 -0 -10.17 -60.85 3.95
28.68 28.38 -4.01 -9.24 -8.89 -32.95 0 0 0 5.46 -4.22 -34.13 10.6 17.74 61.49 2.25 -1.35 28.91 0.13 2.34 6.45 0 0 0 29.2 -0.94 -36.63 -17.75 -19.88 83.41 0.98 -27 12.48 -2.79 -10.35 30.12 0.98 -0.08 39.65 -2.84 -0.12 17.39 -3.46 0.05 0.06 -15.56 -3.81 21.37 8.71 -8.54 10.38 5.6 -4.96 0.88 0 0 0 18.59 -26.02 -62.65 113.79 -57.75 -80.45 -0 0 -64.99 24.57 -9.38 -4.26 -7.12 0 -0 -1.7 19.68 1.03 0 0 0 19.29 41.1 -41.86 -138.59 48.88 -100.51 0 -0 -13.29 -39.75 -25.17 19.48 7.12 -0 -0 -12.44 -60.98 4.89
28.72 28.47 -3.93 -10.37 -9.07 -30.2 0 0 0 6.86 -4.96 -34.75 10.1 17.47 59.83 3.45 1 34.97 0.27 3.36 9.27 0 0 0 30.93 0.11 -38.18 -16.27 -19.66 79.05 0.54 -26.53 15.23 -2.03 -8.93 25.57 0.97 0.02 39.23 -2.19 0.03 16.73 -2.82 0.07 -0.53 -15.95 -2.97 21.33 9.22 -7.57 11.14 5.8 -4.52 1.02 -0 -0 0 16.78 -27.19 -64.07 122.27 -55.68 -87.54 -0 0 -66.8 26.54 -5.77 -2.88 -7.12 0 -0 -0.13 23.53 0.07 -0 -0 0 21.48 39.45 -42.41 -141.22 47.33 -102.47 0 -0 -15.28 -40.58 -24.75 19.72 7.12 -0 -0 -13.54 -60.72 5.24
28.77 28.58 -3.82 -9.95 -7.85 -28.02 0 0 0 5.61 -7.14 -34.09 8.94 16.77 55.87 4.31 2.46 38.87 0.52 4.63 12.85 0 0 0 30.56 -0.46 -39.88 -14.4 -19.23 73.43 0.87 -26.18 12.46 -2.09 -9.05 25.96 -0.58 0.46 39.67 -1.51 0.07 15.93 -1.31 -0.03 -1.55 -17.25 -2.15 20.79 10.15 -6.77 12.13 6.27 -4.2 1.36 -0 0 0 14.88 -29.44 -66.55 130.16 -52.93 -93.95 -0 0 -68.05 28.33 -2.44 -1.32 -7.12 0 -0 1.33 27.2 -0.58 -0 0 0 23.46 37.94 -44.09 -144.02 45.5 -104.49 0 -0 -18.15 -40.67 -23.53 18.93 7.12 -0 -0 -13.61 -59.32 4.82
28.86 28.65 -3.61 -11.47 -7.92 -24.97 0 0 0 7.04 -8.77 -34.92 7.72 15.91 51.55 4.28 0.01 39.35 0.64 5.11 14.23 0 0 0 33.03 -0.89 -41.92 -12.12 -18.44 66.36 0.99 -24.66 9.86 -1.72 -8.25 23.47 0.28 0.11 38.89 -0.86 -0.02 15.2 -1.04 -0.07 -2.12 -17.95 -1.23 21.19 10.77 -5.82 12.28 6.58 -3.78 1.24 0 -0 0 12.77 -29.84 -68.55 137.08 -49.71 -99.36 -0 0 -71.01 30.29 -1.33 -0.78 -7.12 0 -0 2.88 28.43 -1.16 0 -0 0 25.73 37.53 -46.49 -146.62 43.62 -106.31 0 -0 -20.71 -39.51 -22.44 17.47 7.12 -0 -0 -12.13 -57.73 3.82
29 28.74 -3.33 -11.49 -7.58 -22.28 0 0 0 6.14 -10.28 -33.89 6.05 14.48 45.2 3.17 -1.85 34.4 0.22 2.99 8.25 0 0 0 34 -2.02 -43.76 -9.74 -17.26 58.63 0.69 -21.56 9.23 -1.11 -6.7 18.83 0.17 -0.05 37.78 -0.37 -0.21 14.82 -0.4 -0.19 -2.18 -19.13 -0.45 20.69 10.85 -4.97 12.44 6.77 -3.4 1.28 0 -0 0 8.89 -29.38 -69.69 142.59 -46.46 -103.46 -0 0 -72.49 30.07 -0.7 -0.4 -7.12 0 -0 2.74 29.17 -1.06 0 -0 0 27.01 36.94 -49.25 -149.04 41.71 -107.95 0 -0 -23.24 -38.54 -20.53 15.61 7.12 -0 -0 -10.96 -55.23 2.78
29.16 28.83 -2.95 -10.7 -7.09 -19.83 0 0 0 4.16 -11.76 -32.38 4.54 12.85 38.79 1.61 -2.96 25.15 0.1 2.02 5.57 0 0 0 34.3 -3.52 -45.74 -7.78 -15.96 51.77 0.19 -17.47 10.34 -0.74 -5.49 15.32 -0.25 -0.14 35.95 -0.07 -0.42 14.45 0.2 -0.31 -2.14 -20.24 0.23 20.59 11.19 -4.32 12.92 7.04 -3.14 1.37 0 0 0 4.8 -27.11 -69.03 146.42 -43.77 -106.18 -0 0 -74.18 30.26 -2.34 -1.36 -7.12 0 -0 2.81 27.27 -1.21 0 0 0 28.06 34.09 -50.28 -150.74 40.25 -109.07 0 -0 -25.73 -38.02 -21.78 16.18 7.12 -0 -0 -10.34 -56.58 2.96
29.3 28.91 -2.5 -9.31 -6.79 -18.68 0 0 0 1.16 -12.64 -29.12 3.35 11.24 33.09 0.46 -1.57 13.45 0.02 0.97 2.68 0 0 0 33.33 -4.35 -45.68 -6.29 -14.7 46.12 0.32 -18.41 9.86 -0.93 -6.14 17.2 -1.39 0.02 33.8 0.17 -0.54 14.19 1.08 -0.42 -1.66 -20.77 0.89 21.88 10.83 -3.83 13.15 7.02 -2.97 1.22 0 0 0 0.18 -22.45 -66.8 149.26 -41.52 -108.1 -0 0 -76.69 31.74 -2 -1.24 -7.12 0 -0 3.97 27.62 -1.68 0 0 0 29.68 30 -49.64 -151.89 39.22 -109.81 0 -0 -28.01 -37.93 -23.13 17.02 7.12 -0 -0 -10.18 -58.12 3.29
29.41 28.89 -2 -7.43 -6.6 -19.5 0 0 0 -2.5 -12.97 -24.4 2.63 10.07 29.19 0.15 2.62 6.8 0.01 0.75 2.05 0 0 0 30.74 -4.57 -43.04 -5.38 -13.8 42.46 1.47 -23.73 3.29 -2.05 -8.97 25.69 -2.92 0.17 31.74 -0.1 -0.73 14.73 1.78 -0.6 -0.54 -21.07 1.37 21.8 10.8 -3.31 14.3 7.04 -2.77 1.51 0 0 0 -3.39 -16.72 -64.7 151.26 -39.79 -109.41 -0 0 -79.84 31.63 -1.38 -0.85 -7.12 0 -0 3.92 28.35 -1.59 0 0 0 31.11 26.94 -48.57 -152.23 38.9 -110.02 0 -0 -29.07 -37.75 -23.55 17.19 7.12 -0 -0 -9.94 -58.57 3.32
29.51 28.86 -1.51 -7.07 -6.93 -21.13 0 0 0 -4.38 -12.48 -20.17 2.42 9.68 27.96 0.22 5.57 8.6 0.05 1.46 4 0 0 0 29.53 -4.82 -38.29 -4.67 -13 39.38 1.9 -24.85 -0.76 -2.03 -8.93 25.57 -2.68 -0.05 29.38 -0.07 -0.87 15.36 1.68 -0.69 1.22 -20.47 1.71 22.72 10.44 -2.95 14.99 6.83 -2.62 1.54 0 0 0 -5.8 -11.12 -62.72 152.74 -38.43 -110.34 -0 0 -82.65 32.5 -3.76 -2.39 -7.12 0 -0 4.43 25.53 -2.1 0 0 0 31.64 25.43 -47.69 -151.75 39.35 -109.72 0 -0 -29.09 -37.56 -22.6 16.47 7.12 -0 -0 -9.76 -57.42 2.99
29.6 28.75 -0.98 -6.7 -7.51 -23.52 0 0 0 -6.2 -8.91 -16.56 2.55 9.94 28.77 0.47 2.19 12.44 0.07 1.71 4.72 0 0 0 28.08 -4.79 -32.04 -4.25 -12.48 37.46 1.89 -24.42 -1.9 -2.4 -9.65 27.86 -2.4 -0.03 28.08 0.23 -0.74 15.57 1.8 -0.64 2.03 -20.67 1.65 21.51 10.2 -2.89 17.54 6.79 -2.68 2.48 -0 0 0 -7.37 -5.93 -60.55 153.45 -37.75 -110.78 -0 0 -86.23 33.96 -3.98 -2.67 -7.12 0 -0 5.51 25.19 -2.65 -0 0 0 30.77 24.19 -47.5 -151.19 39.85 -109.36 0 -0 -29.75 -36.81 -22.59 16.04 7.12 -0 -0 -8.87 -57.22 2.67
29.7 28.55 -0.43 -5.62 -8.02 -26.29 0 0 0 -8.34 -5.1 -12.81 2.86 10.47 30.51 0.66 -1.79 16.09 0 0.23 0.64 0 0 0 25.93 -5.45 -25.98 -4.21 -12.43 37.27 1.93 -24.81 -1.52 -2.05 -8.97 25.7 -2.85 0.18 27.11 0.56 -0.55 15.63 2.36 -0.6 2.55 -20.77 1.65 20.75 9.41 -2.74 19.58 6.56 -2.69 3.22 -0 0 0 -7.99 -2.07 -58.02 153.3 -37.89 -110.69 -0 0 -87.95 35.32 -3.93 -2.78 -7.12 0 -0 6.53 25.17 -3.15 -0 0 0 28.21 24.48 -47.69 -150.13 40.78 -108.67 0 -0 -30.18 -36.22 -22.27 15.51 7.12 -0 -0 -8.2 -56.71 2.36
29.8 28.3 0.16 -5.91 -9.43 -27.88 0 0 0 -7.92 -2.73 -9.88 3.34 11.23 33.07 0.93 -2.69 19.38 0.02 0.98 2.7 0 0 0 25.84 -7.1 -20.65 -4.14 -12.34 36.95 2.09 -25.71 -1.72 -2.42 -9.7 28 -1.55 0.02 24.36 1.01 -0.42 15.15 2.05 -0.46 3.24 -19.57 1.55 20.44 8.43 -2.56 21.62 6.06 -2.63 3.86 0 0 0 -7.09 0.95 -55.35 152.34 -38.8 -110.09 -0 0 -89.75 36.18 -4.75 -3.46 -7.12 0 -0 7.07 24.11 -3.59 0 0 0 25.38 25.05 -47.51 -148.48 42.16 -107.58 0 -0 -30.71 -35.04 -22.45 14.99 7.12 -0 -0 -6.81 -56.63 1.95
29.87 27.95 0.73 -6 -10.55 -28.69 0 0 0 -7.62 -0.99 -8.17 4.03 12.2 36.43 1.17 -2.5 21.47 0 -0.18 -0.49 0 0 0 25.5 -7.64 -15.72 -4.12 -12.32 36.88 2.29 -26.07 -4.9 -3.52 -11.49 33.97 -1.11 0.29 22.89 2.16 0.06 13.59 2.93 -0.2 2.15 -19.23 0.95 18.78 7.78 -2.93 24.01 5.81 -2.87 4.91 -0 -0 0 -5.93 2.14 -52.23 150.89 -40.11 -109.17 -0 0 -91.09 37.38 -4.07 -3.11 -7.12 0 -0 8.03 24.86 -3.95 -0 -0 0 20.75 24.65 -47.85 -145.92 44.15 -105.83 0 -0 -31.03 -33.67 -22.98 14.58 7.12 -0 -0 -5.17 -56.9 1.51
29.89 27.5 1.32 -7.2 -12.52 -28.97 0 0 0 -5.34 1.65 -6.78 4.9 13.27 40.38 1.07 -4.47 21.62 0.04 1.27 3.5 0 0 0 26.96 -7.33 -10.3 -3.99 -12.15 36.26 2.16 -24.96 -8.34 -4.64 -12.97 39.24 0.99 -0.16 19.55 2.53 -0.19 12.89 2.16 -0.21 3.02 -17.94 0.6 16.42 7.53 -2.79 25.25 5.51 -2.72 5.57 0 -0 0 -2.35 2.89 -50.67 147.97 -42.57 -107.24 -0 0 -91.24 37.72 -0.72 -0.56 -7.12 0 -0 8.68 29.02 -3.42 0 -0 0 16.65 27.05 -48.88 -142.03 46.82 -103.05 0 -0 -31.65 -31.85 -23.27 13.79 7.12 -0 -0 -3.03 -56.8 0.88
29.91 26.96 1.87 -7.07 -13.35 -28.42 0 0 0 -4.91 3 -6.38 5.54 13.97 43.13 1.29 -3.76 23.11 0.09 1.92 5.27 0 0 0 26.72 -7.9 -6.75 -3.93 -12.07 35.98 2.23 -25.72 -4.86 -3.72 -11.78 34.96 1.22 -0.25 17.02 2.77 -0.26 11.06 2.27 -0.22 2.29 -16.68 0.17 14.99 7.37 -2.98 25.76 5.25 -2.71 5.93 -0 0 0 1.95 1.75 -49.65 143.73 -45.7 -104.29 -0 0 -91.71 38.7 0.92 0.74 -7.12 0 -0 9.65 31.08 -3.32 -0 0 0 11.58 28.81 -50.38 -136.85 49.83 -99.18 0 -0 -31.64 -29.46 -24.21 13.04 7.12 -0 -0 -0.1 -57.29 0.03
29.9 26.34 2.4 -6.03 -14.25 -28.1 0 0 0 -5.53 4.41 -4.63 5.65 14.08 43.56 1.43 -1.77 23.31 0.06 1.52 4.17 0 0 0 25.68 -6.57 -2.93 -3.97 -12.12 36.16 2.11 -25.32 -3.48 -3.72 -11.78 34.97 0.64 -0.05 15.37 2.71 -0.04 8.96 2.48 -0.1 0.88 -15.4 -0.27 14.87 7.43 -3.44 24.78 5.03 -2.79 5.63 -0 0 0 6.76 -0.46 -49.08 137.9 -49.26 -99.99 -0 0 -93.17 39.4 1.68 1.38 -7.12 0 -0 10.29 32.04 -3.31 -0 0 0 5.53 29.19 -51.85 -129.29 53.28 -93.26 0 -0 -33.03 -28.07 -25.25 12.82 7.12 -0 -0 1.78 -58.1 -0.57
29.9 25.67 2.91 -5.47 -16.01 -27.03 0 0 0 -5.59 5.05 -3.1 5.49 13.92 42.91 1.46 -0.56 23.07 0.09 1.88 5.18 0 0 0 25.51 -5.4 0.28 -3.87 -11.99 35.68 1.98 -24.94 -2.05 -3.3 -11.16 32.82 0.97 0.14 13.58 2.72 0.3 6.68 2.25 0.11 -0.6 -13.31 -0.57 15.2 6.76 -3.59 24.07 4.44 -2.71 5.31 -0 0 0 11.4 -3.75 -49.51 129.9 -53.04 -93.74 -0 0 -92.23 38.54 3.87 3.08 -7.12 0 -0 9.85 34.79 -2.5 -0 0 0 -0.45 30.23 -53.37 -119.46 56.45 -85.21 0 -0 -33.05 -26 -25.83 12 7.12 -0 -0 4.32 -58.23 -1.4
29.92 24.95 3.37 -2.85 -16.4 -25.51 0 0 0 -9.06 4.41 -1.98 4.93 13.3 40.51 1.44 -0.17 22.77 0.02 0.99 2.71 0 0 0 22.46 -4.63 1.34 -3.98 -12.13 36.2 1.62 -23.78 1.22 -2.8 -10.36 30.14 -0.5 0.36 11.49 2.04 0.46 3.99 2.34 0.21 -2.29 -12.4 -0.56 16.71 6.7 -3.65 23.01 4.27 -2.69 4.73 -0 -0 0 16.71 -6.18 -50.49 118.05 -56.81 -84.03 -0 0 -91.71 37.38 6.76 5.14 -7.12 0 -0 9.14 38.32 -1.52 -0 -0 0 -7.19 30.82 -54.46 -106.24 58.98 -74.02 0 -0 -33.43 -23.68 -26.27 10.99 7.12 -0 -0 7.06 -58.16 -2.28
29.94 24.2 3.78 -2.65 -18.22 -22.49 0 0 0 -9.78 2.65 -1.8 4.42 12.7 38.26 1.45 1.61 22.3 0.07 1.68 4.64 0 0 0 22.5 -3.27 1.81 -3.83 -11.94 35.51 1.29 -23.74 5.54 -1.96 -8.78 25.12 1.16 0.5 9.28 1.95 0.86 1.15 1.26 0.42 -4.02 -11.76 -0.53 19.11 7.05 -3.84 21.61 4.3 -2.75 3.96 -0 0 0 22.37 -8.67 -51.53 100.53 -59.58 -69.11 -0 0 -89.27 33.84 8.37 5.57 -7.12 0 -0 6.12 39.95 -0.76 -0 0 0 -14.51 31.06 -56.28 -89.9 60 -59.91 0 -0 -33.86 -21.42 -26.28 9.85 7.12 -0 -0 9.53 -57.67 -2.97
29.93 23.36 4.14 -4.98 -20.93 -18.39 0 0 0 -7.47 0.5 -2.4 4.15 12.36 37.02 1.4 3.01 21.56 0.05 1.51 4.15 0 0 0 25.83 -1.18 2.27 -3.52 -11.49 33.96 1.6 -26.03 5.76 -2.6 -10.02 29.03 4.88 0.79 7.23 3.01 1.6 -0.4 0.21 0.71 -4.44 -12.54 -0.83 17.24 7.7 -4.21 21.21 4.61 -2.92 4.14 0 -0 0 29.24 -9.68 -55.38 75.03 -59.14 -47.08 -0 0 -82.95 27.11 11.31 5.73 -7.12 0 -0 -0.02 42.64 0 0 -0 0 -25.48 30.17 -61.34 -69.45 58.34 -42.3 0 -0 -33.47 -20.47 -25.52 9.14 7.12 -0 -0 10.18 -56.7 -2.94
29.9 22.42 4.48 -4.39 -22.05 -15.75 0 0 0 -8.47 -1.26 -2.54 3.74 11.81 35.07 1.66 5.96 23.18 0.9 6.05 16.93 0 0 0 25.49 -0.28 2.33 -3.41 -11.33 33.41 1.39 -25.38 6.99 -2.45 -9.75 28.16 5.31 1.26 5.76 2.93 2.21 -1.5 -0.15 0.98 -4.71 -12.3 -1.78 15.56 7.95 -5.23 20.1 4.62 -3.34 4.13 -0 0 0 37.61 -12.41 -60.67 50.05 -53.02 -26.21 -0 0 -73.28 21.38 10.51 4.09 -7.12 0 -0 -5.04 41.2 0.47 -0 0 0 -36.29 27.49 -65.78 -49.58 52.83 -25.84 0 -0 -34.36 -20.37 -25.04 8.93 7.12 -0 -0 10.05 -56.18 -2.78
29.84 21.34 4.82 -1.36 -21.74 -15.67 0 0 0 -12.33 -2.74 -0.55 3.33 11.22 33.02 1.58 5.17 22.62 0.57 4.82 13.39 0 0 0 22.37 -0.46 3.59 -3.44 -11.38 33.58 1.06 -25.52 10.21 -2.83 -10.42 30.34 3.07 1.54 5.45 2.22 2.35 -1.09 0.36 1.12 -4.15 -11.85 -2.79 11.59 7.84 -5.99 18.93 4.4 -3.56 4.41 0 -0 0 46.88 -11.36 -68.61 32.08 -42.61 -12.8 -0 0 -61.94 17.81 9.76 3.12 -7.12 0 -0 -8.05 40.1 0.98 0 -0 0 -46.71 22.61 -69.43 -35.46 45.14 -15.14 0 -0 -32.64 -23.09 -26.83 10.89 7.12 -0 -0 7.99 -58.61 -2.67
29.79 20.09 5.03 -2.07 -22.49 -14.04 0 0 0 -11.85 -4.75 -0.57 3.59 11.6 34.33 1.34 3.76 20.93 0.76 5.56 15.5 0 0 0 23.83 -0.19 4 -3.52 -11.49 33.96 0.79 -25.37 12.27 -2.63 -10.06 29.18 4.06 1.57 5.9 2.44 2.48 -0.75 0.01 1.17 -4.02 -10.99 -3.7 9.17 7.9 -6.79 16.96 4.2 -3.8 4.23 0 -0 0 53.27 -9.5 -78.44 24.52 -35.71 -8.01 -0 0 -46.49 18.63 12.14 4.06 -7.12 0 -0 -7.76 42.64 0.46 0 -0 0 -53.63 19.64 -76.04 -30.36 41.2 -11.64 0 -0 -25.91 -30.19 -30.27 16.35 7.12 -0 -0 1.28 -64.01 -0.59
29.78 18.66 5.11 -5.71 -24.2 -12.17 0 0 0 -7.54 -5.4 -1.66 4.69 13.03 39.48 0.41 -0.51 12.33 0.01 -0.78 -2.13 0 0 0 28.65 -1.28 3.69 -4.68 -13.01 39.42 0.77 -15.31 -6.06 -1.07 -6.58 18.49 7.42 1.63 8.36 3.54 3.05 -0.16 -0.84 1.36 -4.68 -10.98 -4.44 7.64 8.91 -7.53 13.69 4.45 -4.06 3.58 -0 -0 0 53.99 -9.12 -81.09 26.07 -37.27 -8.93 -0 0 -31.41 28.51 12.62 6.77 -7.12 0 -0 1.14 44.27 -0.02 -0 -0 0 -56.7 18.1 -81.82 -33.24 43.52 -13.59 0 -0 -15.83 -38.62 -26.2 19.43 7.12 -0 -0 -10.88 -61.86 4.49
29.81 17.36 5.17 -2.89 -23.14 -13.17 0 0 0 -10.39 -6.19 -1.29 6.43 14.83 46.69 0.53 -10.84 -14.04 0.72 -5.44 -15.16 0 0 0 25.28 -4.02 1.83 -7 -15.34 48.89 -1.11 -5.67 -22.75 -0.02 0.83 -2.28 4.95 1.28 11.72 3.02 2.57 -0.16 -0.04 1.14 -6.69 -11.1 -4.77 8.59 9.56 -7.81 8.92 4.72 -4.18 2.05 0 -0 0 49.32 -9.63 -76.21 34.81 -44.68 -14.68 -0 0 -23.05 35.6 10.17 7.2 -7.12 0 -0 7.74 42.29 -0.52 0 -0 0 -55.19 19.62 -84.15 -45.28 50.9 -22.46 0 -0 -10.92 -35.84 -25.25 17.12 7.12 -0 -0 -7.4 -60.02 2.72
29.7 16.44 5.24 -1.62 -23.93 -14.13 0 0 0 -10.75 -4.33 -2.12 7.99 16.11 52.51 2.61 -11.19 -29.08 0.28 -3.39 -9.37 0 0 0 24.63 -3.41 0.2 -9.46 -17.09 57.66 -3.14 -3.66 -34.92 -0 0.33 -0.91 3.08 1.42 15 2.81 2.66 -0.3 0.68 1.21 -8.76 -11.05 -5.19 11.21 10.67 -8.5 6.2 5.17 -4.58 0.95 0 0 0 40.27 -9.43 -65.36 56.97 -55.45 -31.84 -0 0 -20.11 41.32 5.52 4.83 -7.12 0 -0 12.39 37.05 -2.47 0 0 0 -46.77 22.91 -78.38 -71.33 58.64 -43.91 0 -0 -12.15 -38.53 -22.68 17.07 7.12 -0 -0 -10.93 -57.76 3.44
29.64 15.97 5.31 -0.62 -23.51 -13.53 0 0 0 -11.81 -6.6 -5.62 10.06 17.45 59.7 3.48 -8.55 -33.85 0.64 -5.11 -14.21 0 0 0 23.64 -3.03 -4.56 -12.11 -18.44 66.33 -3.44 -5.81 -37.41 -0.18 2.72 -7.51 2.31 0.95 15.03 2.1 1.8 0.73 0.55 0.82 -7.66 -10.72 -6.19 10.61 12.08 -9.67 4.47 5.55 -5.14 0.71 0 -0 0 26 -7.99 -56.36 98.74 -59.71 -67.56 -0 0 -7.34 44.81 1.49 1.48 -7.12 0 -0 14.56 31.85 -4.82 0 -0 0 -32.23 23.28 -67.95 -107.76 58.77 -75.32 0 -0 -8.8 -42.01 -23.36 19.65 7.12 -0 -0 -15.34 -59.48 5.5
29.52 15.77 5.39 -0.52 -25.69 -15.12 0 0 0 -10.66 -4.29 -6.05 11.33 18.09 63.86 3.36 -10.13 -33.18 0.68 -5.27 -14.68 0 0 0 23.73 -1.08 -6.1 -14.43 -19.24 73.52 -2.81 -4.62 -33.56 -0.42 4.17 -11.54 1.93 1.29 16.57 2.29 2.15 2.92 0.88 1.02 -6.18 -10.82 -7.35 10.02 13.07 -11.05 2.63 5.86 -5.84 0.48 -0 -0 0 5.17 -5.5 -44.43 134.74 -50.9 -97.56 -0 -0 7.73 50.27 1.02 1.23 -7.12 0 -0 18.71 31.21 -6.62 -0 -0 0 -12.93 22.97 -54.39 -134.17 51.17 -97.12 0 0 1.28 -44.03 -22.8 20.54 7.12 -0 -0 -17.94 -59.39 6.43
29.39 15.86 5.51 -2.37 -28.37 -14.68 0 0 0 -7.63 -2 -4.94 11.19 18.03 63.4 3.08 -10.87 -31.71 0.73 -5.48 -15.27 0 0 0 24.6 -0.4 -9.44 -16.09 -19.63 78.49 -1.35 -4.06 -23.72 -1.06 6.56 -18.41 3.4 1.3 17.13 2.76 2.4 4.29 0.49 1.12 -4.98 -10.31 -8.27 9.62 13.63 -12.13 1.76 5.93 -6.37 0.43 -0 -0 0 -18.59 -2.07 -28.34 145.85 -44.19 -105.79 -0 -0 26.03 53.68 -10.66 -14.12 -7.12 0 -0 17.75 12.93 -14.04 -0 -0 0 9.55 20.6 -36.29 -142.83 46.3 -103.64 0 0 11.95 -46.99 -20.45 20.53 7.12 -0 -0 -21.3 -57.34 6.64
29.21 16.12 5.64 -0.02 -28.69 -14.46 0 0 0 -10.03 -1.27 -3.61 9.89 17.35 59.13 2.74 -9.8 -29.81 0.79 -5.66 -15.8 0 0 0 19.16 -1.33 -15.41 -17.58 -19.86 82.89 -0.29 0.76 -9.95 -0.49 4.5 -12.48 0.96 1.48 16.65 1.98 2.13 4.95 1.13 1.01 -4.09 -9.4 -8.99 9.86 14.74 -12.77 -0.89 6.21 -6.75 -0.29 0 0 0 -40.76 0.68 -13.87 141.9 -46.9 -102.96 -0 -0 35.34 52.02 -12.75 -15.78 -7.12 0 -0 16.2 10.4 -13.58 0 0 0 30.99 14.8 -18.28 -141.65 47.06 -102.78 0 0 15.52 -44.81 -17.11 16.29 7.12 -0 -0 -17.78 -52.55 3.39
29 16.4 5.79 0.48 -28.76 -12.43 0 0 0 -10.45 -0.95 -2.87 8.45 16.44 54.17 2.52 -9.58 -28.58 0.76 -5.56 -15.52 0 0 0 15.46 -2.93 -22.26 -18.61 -19.95 85.92 0.07 4.62 2.71 -0.22 3 -8.29 0.53 1.29 15.73 1.76 1.79 4.92 1.22 0.85 -3.63 -9.77 -9.82 8.06 15.9 -13.81 -1.09 6.47 -7.23 0.18 -0 -0 0 -58.84 -0.5 -7.86 127.28 -54.04 -91.64 -0 -0 19.11 35.56 -10.33 -7.3 -7.12 0 -0 5.95 17.39 -3.92 -0 -0 0 47.45 9.15 -6.12 -131.24 52.48 -94.81 0 0 4.17 -33.7 -19.82 12.74 7.12 -0 -0 -5.61 -53.32 1.15
28.76 16.61 5.93 0.21 -30.33 -10.75 0 0 0 -9.62 0.46 -1.19 7.12 15.43 49.33 2.39 -8.41 -27.8 0.84 -5.84 -16.32 0 0 0 13.55 -3.38 -26.8 -18.99 -19.98 87.06 0.23 8.72 0.8 -0.22 2.99 -8.26 0.48 1.1 15.96 1.92 1.54 4.71 1.46 0.72 -3.97 -10.27 -9.99 7.71 16.93 -13.87 -2.86 6.9 -7.31 -0.16 -0 0 0 -71.67 -0.77 -10.42 101 -59.54 -69.51 -0 -0 6.51 34.22 -10.55 -7.1 -7.12 0 -0 5 17.32 -3.3 -0 0 0 59.65 6.92 -0.64 -107.83 58.76 -75.38 0 -0 -7.16 -27.15 -26.52 12.89 7.12 -0 -0 3.3 -59.23 -1.15
28.51 16.82 6.07 0.18 -32.62 -8.75 0 0 0 -9.51 1.19 0.16 6.01 14.44 45.03 2.16 -6.83 -26.5 0.68 -5.28 -14.72 0 0 0 12.18 -2.58 -30.87 -18.01 -19.9 84.18 -0.07 6.67 -6.24 -0.79 5.68 -15.86 0.01 0.84 16.39 2.34 1.15 4.59 2.24 0.53 -4.34 -11.25 -10.1 4.94 17.55 -13.84 -3.44 7.07 -7.2 0.25 -0 0 0 -80.07 0.23 -13.78 75.21 -59.16 -47.23 -0 -0 9.45 35.37 -10.52 -7.39 -7.12 0 -0 5.8 17.19 -3.84 -0 0 0 64.19 3.62 5.49 -82.57 59.79 -53.57 0 -0 -13.53 -27.76 -26.32 13.14 7.12 -0 -0 2.52 -59.17 -0.87
28.24 17.02 6.23 0.04 -35.79 -6.46 0 0 0 -9.76 2 1.59 4.99 13.38 40.8 1.9 -2.32 -25.47 0.89 -6.01 -16.8 0 0 0 11.29 -0.96 -34.11 -15.42 -19.49 76.49 -0.28 2.18 -9.44 -0.4 4.06 -11.26 0.69 1.02 16.59 2.22 1.48 4.78 1.66 0.68 -4.24 -10.4 -10.55 1.89 17.97 -13.97 -5.4 6.93 -7.21 0.19 -0 -0 0 -84.2 1.85 -12.62 58.28 -55.83 -32.91 -0 -0 11.6 33.76 -11.2 -7.4 -7.12 0 -0 4.61 16.61 -3.11 -0 -0 0 69.11 2.04 7.18 -62.4 56.92 -36.34 0 -0 -9.16 -24.6 -26.87 11.69 7.12 -0 -0 6.32 -59 -2.17
27.91 17.23 6.41 0.46 -38.82 -4.25 0 0 0 -10.78 2.12 3.53 3.9 12.02 35.82 1.58 1.6 -24.39 0.86 -5.91 -16.52 0 0 0 10.13 1.02 -35.91 -11.59 -18.21 64.68 -0.39 -2.61 -13.05 -0.18 2.75 -7.59 0.79 1.12 16.48 1.92 1.59 4.92 1.27 0.73 -4.02 -8.76 -10.55 -0.67 17.6 -13.52 -7.85 6.53 -6.98 -0.3 0 0 0 -85.99 2.93 -9.47 44.51 -50.53 -21.86 -0 -0 11.5 31.66 -12.29 -7.48 -7.12 0 -0 3.04 15.64 -2.11 0 0 0 72.61 1.39 10.21 -48.95 52.56 -25.34 0 -0 -9.54 -28.89 -25.85 13.53 7.12 -0 -0 1.05 -58.94 -0.36
27.5 17.36 6.59 0.63 -42.56 -1.76 0 0 0 -11.12 3.81 5.43 2.85 10.45 30.45 1.21 4.88 -23.08 0.78 -5.62 -15.69 0 0 0 9.3 4.17 -36.44 -7.52 -15.75 50.81 -0.34 -6.5 -15.35 -0.01 -0.61 1.67 0.15 1.03 16.44 2.53 1.42 4.29 2.31 0.65 -4.7 -10.28 -9.93 -0.88 17.9 -12.43 -10.36 7 -6.48 -1.01 0 -0 0 -88.83 5.1 -7 35.07 -44.87 -14.87 -0 -0 9.05 31.16 -12.83 -7.65 -7.12 0 -0 2.64 15.09 -1.87 0 -0 0 74.21 0.72 13.29 -38.77 47.32 -17.53 0 -0 -12.16 -23.07 -26.04 10.59 7.12 -0 -0 7.63 -57.79 -2.4
27.03 17.5 6.77 0.99 -45.1 0.64 0 0 0 -11.78 4.34 8.07 1.79 8.41 23.98 0.63 8.82 -20.73 0.97 -6.26 -17.54 0 0 0 8.2 6.6 -36.01 -4.18 -12.4 37.16 0.24 -12.35 -13.94 -0.01 -0.73 2.01 -0.26 0.7 16.45 2.49 0.95 3.28 2.6 0.45 -5.76 -9.59 -9.62 -2.46 17.04 -11.94 -10.48 6.58 -6.19 -0.96 0 -0 0 -89.7 6.08 -5.07 27.44 -38.59 -9.77 -0 -0 8.29 30.99 -13.45 -7.95 -7.12 0 -0 2.45 14.4 -1.77 0 -0 0 77.36 0.28 13.01 -29.8 40.72 -11.28 0 -0 -11.81 -19.98 -26.94 9.36 7.12 -0 -0 11.41 -58.02 -3.67
26.44 17.57 7 1.89 -46.68 1.5 0 0 0 -12.12 5.84 12.21 0.9 6.04 16.91 -0.04 12.39 -17.13 0.95 -6.2 -17.38 0 0 0 6.78 8.21 -34.22 -2.4 -9.66 27.89 0.15 -13.26 -16.9 -0.22 -2.99 8.26 -1.14 -0 16.15 2.49 -0.1 2.66 3.32 -0.03 -6.21 -8.89 -8.95 -3.43 16.28 -11.02 -10.41 6.23 -5.7 -1 0 0 0 -90.87 6.68 -5.91 22.31 -33.33 -6.76 -0 -0 7.21 28.56 -10.4 -5.61 -7.12 0 -0 1.06 18.17 -0.68 0 0 0 78.9 -0.44 14.62 -22.33 33.35 -6.77 0 -0 -13.63 -19.69 -28 9.53 7.12 -0 -0 12.32 -59 -4.26
25.79 17.57 7.17 1.16 -48.17 2.75 0 0 0 -10.56 7.36 16.48 0.39 4 11.07 -0.54 14.94 -13.54 1 -6.35 -17.8 0 0 0 7.49 9.63 -32.89 -1.92 -8.7 24.85 0.21 -12.57 -14.77 -0.02 -0.91 2.5 -1.05 -0.39 16.15 2.79 -0.55 2.13 3.71 -0.24 -6.75 -8.42 -8.65 -4.12 14.86 -10.71 -9.65 5.69 -5.48 -0.84 0 -0 0 -90.55 5.52 -7.97 16.94 -26.78 -4.06 -0 -0 5.48 26.07 -9.32 -4.53 -7.12 0 -0 -0.63 19.63 0.38 0 -0 0 81 -1.17 10.36 -15.91 25.39 -3.61 0 -0 -10.04 -17.54 -27.67 8.35 7.12 -0 -0 14.43 -58.2 -4.72
25.08 17.52 7.35 0.7 -49.95 3.27 0 0 0 -9.35 8.54 20.74 0.15 2.47 6.8 -1.13 18.56 -9.15 1.01 -6.39 -17.91 0 0 0 10.79 6.52 -33.83 -2.2 -9.28 26.67 0.19 -9.59 -9.55 -0.11 2.13 -5.87 -1.6 -0.64 15.65 3.08 -0.97 1.96 4.4 -0.42 -6.61 -7.68 -8.11 -5.13 13.36 -10.08 -8.68 5.08 -5.11 -0.6 -0 0 0 -90 4.46 -11.19 13.36 -21.81 -2.58 -0 -0 4.48 22.7 -6.5 -2.71 -7.12 0 -0 -2.98 22.94 1.58 -0 0 0 80 -4.33 17.96 -12.64 20.76 -2.32 0 -0 -14.64 -13.34 -29.85 6.73 7.12 -0 -0 20.32 -59.34 -7.3
24.39 17.54 7.48 -3.24 -51.64 6.1 0 0 0 -6.54 7.42 19.16 0.6 4.97 13.83 -1.52 21.3 -10.1 0.55 -4.73 -13.15 0 0 0 15.31 7.12 -32.49 -2.31 -9.48 27.32 0.21 -8.47 -5.94 -0 0.04 -0.1 -0.01 -1.02 16.26 3.89 -1.13 1.72 4.43 -0.53 -7.21 -7.36 -7.69 -5.82 12.44 -9.59 -7.85 4.72 -4.81 -0.37 0 -0 0 -89.99 4.91 -13.19 12.67 -20.8 -2.33 -0 -0 4.79 22.04 -6.49 -2.62 -7.12 0 -0 -3.46 22.98 1.84 0 -0 0 83.69 -2.46 -10.43 -7.49 12.72 -0.84 0 0 9.4 -18.38 -27.12 8.62 7.12 -0 -0 13.22 -57.85 -4.21
23.73 17.57 7.66 -5.55 -53.56 7.08 0 0 0 -5.67 6.1 16.4 1.75 8.32 23.69 -1.9 23.55 -10.78 0 -0.36 -0.99 0 0 0 18.43 7.03 -30.5 -2.55 -9.93 28.76 0.14 -6.99 -4.6 -0.02 -0.87 2.4 1.01 -1.15 16.66 4.16 -1.11 1.94 4.15 -0.55 -7.21 -7.6 -7.32 -6.41 12.33 -9.09 -7.15 4.71 -4.53 -0.11 0 0 0 -89.97 5.67 -12.01 13.61 -22.17 -2.68 -0 -0 6.64 21.83 -3.11 -1.24 -7.12 0 -0 -3.64 26.63 1.63 0 0 0 83.83 -4.07 -15.83 -5.67 9.71 -0.48 0 0 12.98 -18.63 -28.96 9.27 7.12 -0 -0 14.06 -59.71 -5.11
23.11 17.67 7.84 -7.74 -54.49 8.71 0 0 0 -4.92 3.65 11.87 3.53 11.51 34.01 -2.15 24.87 -9.71 1.83 8.5 24.23 0 0 0 21.3 6.56 -28.24 -2.53 -9.89 28.61 0.08 -5.54 -4.36 -0 0.1 -0.28 2.3 -1.48 15.9 4.27 -1.36 1.95 3.56 -0.71 -6.78 -7.09 -7.1 -6.87 11.8 -8.89 -5.9 4.43 -4.39 0.25 -0 0 0 -89.27 6.29 -7.95 15.49 -24.82 -3.43 -0 -0 4.19 22.07 -4.3 -1.74 -7.12 0 -0 -3.44 25.34 1.64 -0 0 0 83.76 -7.34 0.06 -6.26 10.69 -0.59 0 -0 -3.92 -19.98 -32.49 11.05 7.12 -0 -0 15.12 -63.49 -6.86
22.51 17.76 8.01 -10.78 -54.93 9.37 0 0 0 -3.6 0.85 8.78 5.58 14.01 43.27 -1.56 22.61 -0.97 2.72 10.23 29.74 0 0 0 24.52 6 -23.2 -2.34 -9.54 27.52 0.07 -5.57 -5.39 -0 -0.44 1.2 3.56 -1.63 16.07 4.85 -1.35 2.59 3.45 -0.75 -6.21 -7.15 -6.99 -6.53 11.06 -8.81 -5.32 4.68 -4.35 0.34 -0 0 0 -89.07 6.04 -4.62 18.06 -28.24 -4.58 -0 -0 4.48 21.73 -5.17 -2.06 -7.12 0 -0 -3.7 24.41 1.84 -0 0 0 85.03 -6.43 -19.84 -5.92 10.13 -0.53 0 0 15.18 -16.47 -30.61 8.56 7.12 -0 -0 17.55 -60.79 -6.88
22.01 17.88 8.2 -9.92 -56.56 7.97 0 0 0 -5.63 -1.25 4.89 7.41 15.67 50.42 -0.23 11.69 4.23 0.86 5.92 16.56 0 0 0 24.75 5.69 -19.72 -2.18 -9.22 26.5 0.02 -4.87 -6.4 -0.04 -1.24 3.42 3.04 -1.19 15.75 4.47 -0.89 2.59 3.22 -0.52 -6.04 -6.87 -7.13 -6.71 10.31 -9.1 -3.49 4.3 -4.45 0.94 -0 0 0 -88.64 5.43 -2.1 20.75 -31.54 -5.92 -0 -0 3.12 21.59 -6.45 -2.55 -7.12 0 -0 -3.79 23.05 2.01 -0 0 0 85.5 -6.9 -18.67 -6.49 11.08 -0.63 0 0 14.8 -15.47 -29.4 7.74 7.12 -0 -0 17.75 -59.41 -6.37
21.52 17.97 8.4 -12.77 -57.84 9.47 0 0 0 -4.9 -2.97 0.78 9.05 16.84 56.26 0.07 1.21 4.89 0.14 2.41 6.64 0 0 0 27.12 5.73 -15.1 -1.8 -8.44 24.07 0 -4.86 -6.81 -0.14 -2.42 6.68 4.35 -0.95 15.58 4.66 -0.36 2.38 2.58 -0.28 -6.2 -6.88 -7.14 -6.83 9.5 -9.23 -0.97 3.97 -4.48 1.76 -0 -0 0 -88.23 5.62 0.1 24.23 -35.4 -7.84 -0 -0 0.95 20.88 -4.91 -1.87 -7.12 0 -0 -4.33 24.73 2.13 -0 -0 0 85.43 -8.02 -8.3 -7.67 13.02 -0.88 0 0 5.13 -13.93 -28.05 6.65 7.12 -0 -0 18.44 -57.78 -5.9
21.08 18.03 8.62 -15.1 -57.76 11.2 0 0 0 -3.8 -5.19 -4.23 10.22 17.53 60.23 -0.09 -5.97 5.02 0 -0.29 -0.8 0 0 0 29.04 4.14 -11.96 -1.45 -7.6 21.51 -0.01 -4.45 -6.82 -0.21 -2.92 8.06 6.15 -1.25 14.79 4.81 -0.49 2.02 1.74 -0.39 -6.16 -7 -7.12 -6.95 8.62 -9.24 0.81 3.66 -4.47 2.32 0 -0 0 -87.79 5.39 1.7 27.15 -38.32 -9.59 -0 0 -0.58 20.42 -5.86 -2.18 -7.12 0 -0 -4.66 23.74 2.4 0 -0 0 83.8 -9.15 9.59 -9.62 16.15 -1.37 0 -0 -11 -19.87 -28.75 9.86 7.12 -0 -0 12.57 -59.79 -4.58
20.64 18.01 8.84 -21.04 -59.1 16.13 0 0 0 -0.49 -3.48 -8.92 10.72 17.8 61.87 -0.28 -9.7 0.75 0.62 -5.03 -13.99 0 0 0 32.31 3.62 -9.05 -1.28 -7.18 20.24 -0.1 -2.48 -7.31 -0.34 -3.76 10.41 8.94 -1.02 14.02 5.3 0.17 1.84 0.57 -0.13 -5.9 -6.98 -6.95 -6.77 7.98 -9.04 1.9 3.44 -4.38 2.6 0 -0 0 -87.13 4.94 2.78 29.61 -40.56 -11.16 -0 0 -1.94 20.7 -7.01 -2.64 -7.12 0 -0 -4.45 22.5 2.42 0 -0 0 83.85 -8.04 11.7 -11.22 18.62 -1.84 0 -0 -13.59 -23.02 -28.6 11.5 7.12 -0 -0 8.99 -60.4 -3.39
20.22 18 9.05 -22.17 -57.27 15.1 0 0 0 1 -6.01 -11.58 10.63 17.75 61.57 -0.2 -9.13 -1.65 0.06 -1.52 -4.18 0 0 0 33.61 -0.2 -6.31 -1.28 -7.17 20.22 -0.2 -0.86 -8.89 -0.68 -5.26 14.65 10.42 -2.08 14.93 5.55 -0.87 1.91 0.26 -0.7 -6.4 -6.84 -6.79 -7.13 6.79 -8.81 3.27 3 -4.27 3.03 0 0 0 -86.65 4.34 3.72 31.62 -42.24 -12.49 -0 0 -2.66 20.3 -7.27 -2.68 -7.12 0 -0 -4.74 22.24 2.6 0 0 0 83.54 -6 10.7 -12.37 20.36 -2.23 0 -0 -9.35 -21.98 -28.15 10.78 7.12 -0 -0 9.89 -59.69 -3.57
19.79 17.98 9.22 -21 -59.5 14.52 0 0 0 0.08 -5.23 -15.8 9.88 17.34 59.08 0.03 -6.71 -5.32 0.16 -2.61 -7.21 0 0 0 32.79 1.19 -4.87 -1.41 -7.51 21.25 -0.3 -0.16 -10.39 -0.77 -5.59 15.6 8.01 -1.41 14.52 5.36 -0.38 1.56 1.27 -0.4 -6.51 -6.62 -6.58 -7.64 5.98 -8.52 4.51 2.68 -4.14 3.47 0 -0 0 -86.24 4.08 3.9 33.37 -43.61 -13.68 -0 0 -2.04 20.55 -7.12 -2.66 -7.12 0 -0 -4.56 22.38 2.49 0 -0 0 83.86 -2.84 7.98 -12.99 21.28 -2.45 0 -0 -5.15 -20.52 -26.41 9.45 7.12 -0 -0 10.56 -57.61 -3.28
19.44 17.93 9.42 -23.37 -62.78 17.16 0 0 0 0.36 -3.9 -19.02 8.62 16.55 54.75 0.23 -3.47 -8.54 0.17 -2.64 -7.27 0 0 0 32.9 2.43 -3.69 -1.54 -7.85 22.25 -0.36 1.67 -10.93 -0.67 -5.24 14.6 7.58 -0.79 14.39 5.32 0.36 1.42 1.33 -0.03 -6.57 -6 -6.1 -9.02 5.01 -7.85 6.18 2.01 -3.79 3.74 -0 -0 0 -85.72 3.31 2.91 33.62 -43.8 -13.85 -0 0 -1.34 20.06 -8.12 -2.95 -7.12 0 -0 -4.92 21.35 2.8 -0 -0 0 83.29 1.38 10.19 -13.1 21.44 -2.49 0 -0 -4.98 -19.32 -24.88 8.39 7.12 -0 -0 11.08 -55.8 -2.96
19.08 17.89 9.65 -26.96 -65.31 20.41 0 0 0 1.34 -3.83 -20.38 6.92 15.27 48.59 0.32 0.16 -10.67 0.01 -0.7 -1.93 0 0 0 33.28 2.51 -1.66 -1.52 -7.79 22.09 -0.38 3.77 -11.03 -0.59 -4.9 13.63 7.71 -0.26 14.57 5.46 1.09 1.55 1.27 0.32 -6.5 -4.82 -5.32 -10.35 3.12 -6.75 7.44 1.27 -3.3 4.18 -0 -0 0 -85.2 2.79 2.71 33.34 -43.59 -13.65 -0 0 -1.29 20.17 -8.15 -2.98 -7.12 0 -0 -4.84 21.32 2.76 -0 -0 0 83.41 6.26 9.4 -13.08 21.4 -2.48 0 -0 -2.32 -18.57 -24.1 7.81 7.12 -0 -0 11.5 -54.87 -2.82
18.75 17.85 9.9 -27.89 -66.06 21.55 0 0 0 1.82 -5.35 -21.66 5.12 13.52 41.36 0.26 3.87 -11.77 0.07 -1.69 -4.65 0 0 0 33.43 3.6 0.28 -1.53 -7.8 22.12 -0.5 3.22 -12.61 -0.53 -4.65 12.9 7.77 -0.39 14.58 5.39 0.95 1.27 1.19 0.24 -6.81 -3.71 -4.9 -11.89 1.51 -6.15 9.17 0.59 -3.05 4.85 -0 -0 0 -84.77 2.69 2.55 32.3 -42.78 -12.94 -0 0 -1.3 20.67 -8.27 -3.11 -7.12 0 -0 -4.48 21.16 2.57 -0 -0 0 83.87 11.2 7.41 -12.5 20.56 -2.28 0 0 1.04 -19.51 -24.86 8.47 7.12 -0 -0 10.88 -55.83 -2.92
18.37 17.83 10.19 -31.21 -67.63 25.03 0 0 0 3.05 -7.79 -21 3.39 11.3 33.29 0.34 5.81 -14.67 0.03 1.18 3.24 0 0 0 32.97 1.51 1.18 -1.46 -7.64 21.62 -0.48 6.88 -12.57 -0.5 -4.52 12.54 7.91 -0.22 14.18 5.67 1.18 1.03 1.36 0.34 -6.84 -3.16 -4.48 -12.58 0.33 -5.52 10.2 0.16 -2.8 5.22 -0 -0 0 -85 3.15 1.81 30.94 -41.69 -12.03 -0 0 -0.89 20.79 -8.1 -3.06 -7.12 0 -0 -4.39 21.34 2.5 -0 -0 0 83.84 13.91 10.83 -13.63 22.21 -2.69 0 -0 -1.63 -19.68 -25.17 8.65 7.12 -0 -0 10.84 -56.17 -2.99
18 17.78 10.52 -31.16 -69.49 25.19 0 0 0 3.02 -12.07 -19.54 2.18 9.23 26.51 0.58 6.84 -18.48 0 0.43 1.19 0 0 0 32 3.89 4 -1.46 -7.64 21.63 -0.66 5.61 -14.52 -0.42 -4.15 11.5 7.22 -0.14 13.9 5.45 1.16 0.88 1.52 0.36 -6.85 -3.66 -4.13 -12 0.69 -5.02 9.88 0.41 -2.55 5.04 -0 0 0 -85.34 3.72 0.77 29.48 -40.44 -11.07 -0 0 -1.18 19.73 -7.15 -2.56 -7.12 0 -0 -5.16 22.4 2.81 -0 0 0 84.89 17.25 9.58 -14.23 23.07 -2.92 0 0 1 -19.87 -24.57 8.55 7.12 -0 -0 10.37 -55.61 -2.72
17.64 17.74 10.85 -36.69 -71.37 31.81 0 0 0 5.14 -13.82 -20.3 1.57 7.91 22.45 0.83 5.53 -20.04 0 -0.28 -0.77 0 0 0 31.85 4.68 4.53 -1.5 -7.73 21.91 -0.7 7.52 -15.07 -0.35 -3.81 10.55 7.78 0.32 12.63 5.6 1.75 0.46 1.26 0.63 -6.56 -2.49 -3.51 -13.53 -0.86 -4.15 11.45 -0.23 -2.2 5.71 -0 -0 0 -85.6 3.92 -0.36 27.3 -38.47 -9.69 -0 0 -0.65 18.62 -6.4 -2.15 -7.12 0 -0 -5.98 23.24 3.15 -0 -0 0 84.13 17.67 18.81 -16.93 26.77 -4.06 0 -0 -7.62 -20.93 -26.06 9.54 7.12 -0 -0 9.94 -57.33 -3.02
17.28 17.69 11.2 -32.55 -73.49 27.51 0 0 0 2.65 -14.8 -19.23 1.32 7.27 20.53 1.03 3.76 -20.85 0.22 -3.04 -8.39 0 0 0 29.51 6.58 7.5 -1.55 -7.85 22.27 -0.89 6.3 -16.85 -0.47 -4.39 12.17 5.97 0.41 12.7 4.77 1.58 0.66 1.41 0.61 -6.41 -1.58 -3.19 -14.26 -1.59 -3.77 11.74 -0.59 -2.04 5.89 -0 -0 0 -85.88 3.97 -1.97 25.46 -36.67 -8.56 -0 0 -0.58 17.48 -6.1 -1.92 -7.12 0 -0 -6.84 23.6 3.55 -0 -0 0 84.49 18.32 22.33 -19.82 30.43 -5.44 0 -0 -9.1 -19.83 -25.82 8.93 7.12 -0 -0 11 -56.86 -3.22
16.92 17.6 11.54 -38.02 -74.27 32.17 0 0 0 2.31 -10.87 -19.79 1.48 7.7 21.8 1.03 -1.02 -18.87 0.36 -3.86 -10.67 0 0 0 30.16 6.68 10.09 -1.53 -7.82 22.16 -0.99 5.06 -17.77 -0.17 -2.67 7.36 6.6 0.48 12.93 5.1 1.76 0.94 1.37 0.68 -6.24 -1.01 -2.75 -15.84 -2.49 -3.11 13.01 -0.95 -1.78 6.54 0 0 0 -86.57 3.75 -3.66 23.1 -34.2 -7.19 -0 0 -0.27 17.23 -5.24 -1.62 -7.12 0 -0 -7.05 24.5 3.52 0 0 0 85 18.47 23.67 -22.74 33.8 -6.99 0 -0 -7.7 -21.2 -25.22 9.38 7.12 -0 -0 9.27 -56.54 -2.64
16.52 17.52 11.92 -47.91 -75.26 40.76 0 0 0 2.6 -8.9 -18.34 1.73 8.29 23.6 0.73 -1.89 -15.6 0.37 -3.93 -10.87 0 0 0 31.44 7.53 13.27 -1.6 -7.98 22.66 -1.04 3.44 -18.46 -0.03 -1.06 2.91 8.13 0.98 12.82 5.49 2.55 1.56 0.8 1.04 -5.45 -4.67 -2.98 -11.3 1.9 -3.47 8.53 1.09 -1.75 4.51 0 -0 0 -87.42 2.89 -5.28 20.26 -30.96 -5.67 -0 -0 0.35 17.29 -5.01 -1.56 -7.12 0 -0 -7.01 24.73 3.46 0 -0 0 82.08 18.61 30.79 -24.68 35.88 -8.1 0 -0 -14.09 -24.4 -24.95 10.83 7.12 -0 -0 5.73 -56.95 -1.68
16.15 17.52 12.42 -44.19 -78.35 37.65 0 0 0 -1.93 -8.13 -16.97 1.65 8.1 23.01 0.34 -0.98 -10.77 0.15 -2.47 -6.81 0 0 0 27.26 8.71 13.22 -2.04 -8.95 25.64 -1.03 2.26 -18.59 -0.08 1.83 -5.04 6.86 1.1 11.63 4.57 2.43 1.35 0.57 1.03 -5.03 -4.15 -2.62 -11.15 0.91 -2.97 9.03 0.74 -1.55 4.6 -0 -0 0 -88.39 3.05 -7.72 17.68 -27.74 -4.4 -0 -0 0.44 16.29 -3.55 -1.04 -7.12 0 -0 -7.83 26.27 3.59 -0 -0 0 80.04 17.96 35.56 -26.32 37.52 -9.08 0 -0 -16.67 -25.27 -23.5 10.66 7.12 -0 -0 4.25 -55.6 -1.11
15.79 17.52 12.81 -38.38 -79.77 31.73 0 0 0 -5.03 -4.75 -16.65 1.66 8.11 23.06 0.13 -3 -6.41 0.02 0.93 2.56 0 0 0 25.01 9.59 12.3 -2.95 -10.61 30.98 -0.86 -0.45 -17.7 -0.54 4.72 -13.1 4.52 0.84 11.44 4.43 1.81 1.12 1.82 0.79 -5.25 -3.78 -1.92 -11.24 -0 -1.99 10.23 0.46 -1.13 4.95 -0 0 0 -89.41 3.01 -10.3 14.96 -24.1 -3.21 -0 -0 1.18 16.45 -2.15 -0.64 -7.12 0 -0 -7.79 27.71 3.3 -0 0 0 78.89 16.72 37.98 -27.51 38.66 -9.82 0 -0 -17.21 -24.95 -24.2 10.8 7.12 -0 -0 4.85 -56.28 -1.34
15.47 17.57 13.14 -21.8 -79.64 14.4 0 0 0 -9.23 -2.31 -15.24 1.52 7.79 22.08 -0.03 -4.88 -2.45 0.24 3.14 8.66 0 0 0 22.36 9.68 10.52 -4.42 -12.7 38.27 -0.49 -3.02 -14.62 -0.7 5.37 -14.95 2.14 0.4 11.88 3.33 0.9 1.49 2.14 0.39 -5.12 -3.5 -1.89 -12.09 0.16 -1.98 11.03 0.46 -1.11 5.34 0 0 0 -88.7 1.75 -10.43 12.28 -20.23 -2.2 -0 -0 2.19 16.66 -2.2 -0.66 -7.12 0 -0 -7.63 27.65 3.25 0 0 0 79.52 15.48 36.71 -27.78 38.92 -9.99 0 -0 -16.66 -25.72 -22.81 10.58 7.12 -0 -0 3.55 -54.97 -0.87
15.18 17.64 13.47 -11.54 -81.54 4.22 0 0 0 -12.65 -0.14 -13.28 1.29 7.19 20.27 -0.04 -4.25 -1.02 0.09 1.93 5.3 0 0 0 19.66 11.61 6.64 -6.41 -14.82 46.61 -0.1 -4.67 -9.47 -0.3 3.49 -9.66 0.39 0.75 11.52 2.37 1.1 1.6 2.09 0.52 -4.83 -3.6 -1.8 -11.83 0.55 -1.89 10.87 0.61 -1.04 5.25 -0 0 0 -88.57 0.27 -14.2 10.5 -17.52 -1.62 -0 -0 7.91 16.49 -2.71 -0.8 -7.12 0 -0 -7.73 27.13 3.38 -0 0 0 80.91 13.59 35.77 -27.57 38.72 -9.86 0 -0 -17.78 -29.6 -23.14 12.59 7.12 -0 -0 -0.55 -56.15 0.15
14.9 17.75 13.82 -14.9 -81.24 7.51 0 0 0 -13.35 -0.23 -11.22 1.15 6.82 19.18 -0.04 -4.25 -1.24 0.21 2.96 8.18 0 0 0 19.98 11.32 2.78 -8.19 -16.26 53.24 0.23 -8.79 -5.39 -0.04 -1.36 3.75 1.82 0.32 11.26 2.29 0.69 1.46 1.27 0.3 -4.8 -4.69 -1.69 -10.96 0.7 -1.63 10.68 0.85 -0.95 5.05 0 -0 0 -89.02 -0.29 -14.46 9.96 -16.67 -1.46 -0 -0 11.47 17.01 -2.7 -0.82 -7.12 0 -0 -7.33 27.14 3.21 0 -0 0 82.09 11.26 33.46 -26.09 37.3 -8.94 0 -0 -17.11 -30.55 -23.14 13.06 7.12 -0 -0 -1.6 -56.36 0.45
14.66 17.84 14.04 -11.83 -81.44 4.52 0 0 0 -14.66 1.02 -9.67 0.98 6.3 17.65 -0.05 -4.67 -0.9 0.15 2.51 6.92 0 0 0 19.65 10.64 -1.32 -9.82 -17.31 58.88 0.42 -11.86 -7.74 -0.18 -2.74 7.57 0.79 0.41 11.3 2.01 0.69 1.36 1.55 0.32 -4.94 -4.88 -1.76 -10.78 0.67 -1.7 10.63 0.87 -1 5.01 0 0 0 -88.91 -0.76 -11.29 10.42 -17.39 -1.6 -0 -0 9.91 17.48 -3.43 -1.08 -7.12 0 -0 -6.94 26.37 3.16 0 0 0 83.87 9.63 29.38 -23.41 34.54 -7.37 0 -0 -14.18 -27.9 -23.65 11.99 7.12 -0 -0 1.46 -56.34 -0.41
14.4 17.91 14.26 -11.61 -80.9 4.34 0 0 0 -15.38 1.61 -8.08 0.84 5.85 16.35 -0.07 -5.27 -0.95 0.17 2.67 7.37 0 0 0 19.92 9.29 -4.69 -10.72 -17.8 61.87 0.23 -11.55 -12.68 -0.47 -4.4 12.21 0.24 0.17 10.87 1.99 0.29 1.46 1.9 0.13 -4.58 -5.13 -1.63 -11.19 0.85 -1.49 10.87 0.98 -0.89 5.15 0 -0 0 -89.12 -1.07 -7.23 11.9 -19.65 -2.07 -0 -0 6.08 17.68 -3.79 -1.21 -7.12 0 -0 -6.77 25.99 3.14 0 -0 0 85.11 8.33 25.37 -20.26 30.95 -5.66 0 -0 -11.85 -20.79 -25.21 9.18 7.12 -0 -0 9.7 -56.44 -2.74
