HIERARCHY
ROOT Hips
{
	OFFSET 0.00000 0.00000 0.00000
	CHANNELS 6 Xposition Yposition Zposition Zrotation Yrotation Xrotation 
	JOINT LHipJoint
	{
		OFFSET 0 0 0
		CHANNELS 3 Zrotation Yrotation Xrotation
		JOINT LeftUpLeg
		{
			OFFSET 1.64549 -1.70879 0.84566
			CHANNELS 3 Zrotation Yrotation Xrotation
			JOINT LeftLeg
			{
				OFFSET 2.24963 -6.18082 0.00000
				CHANNELS 3 Zrotation Yrotation Xrotation
				JOINT LeftFoot
				{
					OFFSET 2.71775 -7.46697 0.00000
					CHANNELS 3 Zrotation Yrotation Xrotation
					JOINT LeftToeBase
					{
						OFFSET 0.18768 -0.51564 2.24737
						CHANNELS 3 Zrotation Yrotation Xrotation
						End Site
						{
							OFFSET 0.00000 -0.00000 1.15935
						}
					}
				}
			}
		}
	}
	JOINT RHipJoint
	{
		OFFSET 0 0 0
		CHANNELS 3 Zrotation Yrotation Xrotation
		JOINT RightUpLeg
		{
			OFFSET -1.58830 -1.70879 0.84566
			CHANNELS 3 Zrotation Yrotation Xrotation
			JOINT RightLeg
			{
				OFFSET -2.25006 -6.18201 0.00000
				CHANNELS 3 Zrotation Yrotation Xrotation
				JOINT RightFoot
				{
					OFFSET -2.72829 -7.49593 0.00000
					CHANNELS 3 Zrotation Yrotation Xrotation
					JOINT RightToeBase
					{
						OFFSET -0.21541 -0.59185 2.10643
						CHANNELS 3 Zrotation Yrotation Xrotation
						End Site
						{
							OFFSET -0.00000 -0.00000 1.09838
						}
					}
				}
			}
		}
	}
	JOINT LowerBack
	{
		OFFSET 0 0 0
		CHANNELS 3 Zrotation Yrotation Xrotation
		JOINT Spine
		{
			OFFSET 0.03142 2.10496 -0.11038
			CHANNELS 3 Zrotation Yrotation Xrotation
			JOINT Spine1
			{
				OFFSET -0.01863 2.10897 -0.06956
				CHANNELS 3 Zrotation Yrotation Xrotation
				JOINT Neck
				{
					OFFSET 0 0 0
					CHANNELS 3 Zrotation Yrotation Xrotation
					JOINT Neck1
					{
						OFFSET -0.02267 1.73238 0.00451
						CHANNELS 3 Zrotation Yrotation Xrotation
						JOINT Head
						{
							OFFSET -0.05808 1.54724 -0.61749
							CHANNELS 3 Zrotation Yrotation Xrotation
							End Site
							{
								OFFSET -0.01396 1.71468 -0.21082
							}
						}
					}
				}
				JOINT LeftShoulder
				{
					OFFSET 0 0 0
					CHANNELS 3 Zrotation Yrotation Xrotation
					JOINT LeftArm
					{
						OFFSET 3.44898 0.50298 0.21920
						CHANNELS 3 Zrotation Yrotation Xrotation
						JOINT LeftForeArm
						{
							OFFSET 5.41917 -0.00000 -0.00000
							CHANNELS 3 Zrotation Yrotation Xrotation
							JOINT LeftHand
							{
								OFFSET 2.44373 -0.00000 0.00000
								CHANNELS 3 Zrotation Yrotation Xrotation
								JOINT LeftFingerBase
								{
									OFFSET 0 0 0
									CHANNELS 3 Zrotation Yrotation Xrotation
									JOINT LeftHandIndex1
									{
										OFFSET 0.72750 -0.00000 0.00000
										CHANNELS 3 Zrotation Yrotation Xrotation
										End Site
										{
											OFFSET 0.58653 -0.00000 0.00000
										}
									}
								}
								JOINT LThumb
								{
									OFFSET 0 0 0
									CHANNELS 3 Zrotation Yrotation Xrotation
									End Site
									{
										OFFSET 0.59549 -0.00000 0.59549
									}
								}
							}
						}
					}
				}
				JOINT RightShoulder
				{
					OFFSET 0 0 0
					CHANNELS 3 Zrotation Yrotation Xrotation
					JOINT RightArm
					{
						OFFSET -3.23015 0.55830 0.31051
						CHANNELS 3 Zrotation Yrotation Xrotation
						JOINT RightForeArm
						{
							OFFSET -5.58976 -0.00010 0.00014
							CHANNELS 3 Zrotation Yrotation Xrotation
							JOINT RightHand
							{
								OFFSET -2.48060 -0.00000 0.00000
								CHANNELS 3 Zrotation Yrotation Xrotation
								JOINT RightFingerBase
								{
									OFFSET 0 0 0
									CHANNELS 3 Zrotation Yrotation Xrotation
									JOINT RightHandIndex1
									{
										OFFSET -0.81601 -0.00000 0.00000
										CHANNELS 3 Zrotation Yrotation Xrotation
										End Site
										{
											OFFSET -0.65789 -0.00000 0.00000
										}
									}
								}
								JOINT RThumb
								{
									OFFSET 0 0 0
									CHANNELS 3 Zrotation Yrotation Xrotation
									End Site
									{
										OFFSET -0.66793 -0.00000 0.66793
									}
								}
							}
						}
					}
				}
			}
		}
	}
}
MOTION
Frames: 280
Frame Time: 0.0333332
4.32 16.58 -15.24 -3.2 9.05 30.25 0 0 0 -26.11 10.31 -26.83 4.36 12.63 37.99 0.5 42.24 32.12 0.12 -2.26 -6.22 0 0 0 28.9 18.07 -40.87 -2.39 -9.64 27.82 -2.35 -19.39 -40.91 -1.43 -7.55 21.36 3.91 -2.95 -18.48 5.31 -4.44 -11.86 2.72 -2.26 -2.32 -2.61 -7.53 -14.92 -2.51 -10.05 40.4 -2.55 -4.9 17.27 0 -0 0 -86.27 26.3 31.14 17.36 -27.33 -4.25 -0 0 -6.01 1.92 16.45 0.54 -7.12 0 -0 -23.82 45 -0 0 -0 0 74.55 -21.52 29.33 -12.89 21.13 -2.41 0 -0 -18.02 1.44 13.11 0.33 7.12 -0 -0 19.6 -17.28 13.72
4.32 16.57 -15.23 -3.37 8.97 30.17 0 0 0 -25.9 10.32 -26.62 4.34 12.6 37.9 1.6 39.88 34.65 0.39 -4.01 -11.1 0 0 0 29.22 17.85 -40.76 -2.38 -9.62 27.75 -2.16 -19.39 -40.07 -1.36 -7.38 20.84 4.04 -2.77 -18.44 5.27 -4.2 -12.09 2.66 -2.15 -2.61 -1.73 -6.55 -16.66 -2.55 -8.95 42.91 -2.77 -4.2 19.17 -0 -0 0 -86.23 26.67 31.07 17.48 -27.48 -4.3 -0 0 -6.11 2.08 16.86 0.6 -7.12 0 -0 -23.86 45.4 -0.25 -0 -0 0 74.82 -22.03 29.72 -13.12 21.46 -2.5 0 -0 -17.45 -2.15 14.49 -0.54 7.12 -0 -0 17.11 -15.87 12.35
4.33 16.56 -15.2 -3.51 8.55 29.46 0 0 0 -25.91 11.12 -25.77 4.27 12.51 37.58 1.12 40.78 33.45 0.27 -3.32 -9.18 0 0 0 29.61 17.4 -39.95 -2.39 -9.64 27.81 -2.3 -18.85 -40.27 -1.37 -7.41 20.95 3.92 -2.52 -18.09 5.24 -3.83 -11.94 2.77 -1.96 -2.63 -1.41 -5.58 -15.69 -1.59 -7.92 42.63 -2.09 -3.62 18.79 0 0 0 -86.55 26.53 30.02 17.18 -27.1 -4.17 -0 0 -5.42 1.61 15.64 0.44 -7.12 0 -0 -23.76 44.23 0.48 0 0 0 75.3 -21.62 27.94 -12.5 20.54 -2.27 0 -0 -15.32 -5.04 15.45 -1.35 7.12 -0 -0 15.14 -14.83 11.17
4.33 16.57 -15.18 -3.74 8.36 29.15 0 0 0 -25.75 11.51 -25.35 4.22 12.45 37.35 -1.06 44.23 27.91 0 0.24 0.65 0 0 0 29.96 17.17 -39.74 -2.4 -9.66 27.88 -1.71 -20.15 -38.63 -0.9 -6.06 16.97 4.08 -2.29 -17.83 5.24 -3.52 -12.16 2.74 -1.81 -3.03 -0.84 -4.61 -15.88 -1.02 -6.89 43.64 -1.77 -3 19.51 0 0 0 -86.64 27.16 30.25 17.18 -27.1 -4.17 -0 0 -5.84 1.91 15.63 0.52 -7.12 0 -0 -23.5 44.25 0.46 0 0 0 75.66 -22.11 27.33 -12.53 20.6 -2.29 0 -0 -15.28 -7.49 15.72 -2.04 7.12 -0 -0 13.52 -14.43 10.01
4.33 16.57 -15.16 -3.55 7.89 29.21 0 0 0 -26.16 11.77 -25.09 4.09 12.28 36.74 0.01 42.72 30.67 0.04 -1.32 -3.62 0 0 0 29.33 17.94 -39.91 -2.49 -9.82 28.39 -1.65 -20.9 -39.03 -0.83 -5.81 16.24 3.63 -2.09 -17.84 5.11 -3.17 -12.56 2.93 -1.61 -3.44 0.04 -3.59 -15.8 -0.86 -5.69 44.66 -1.63 -2.32 20.16 -0 -0 0 -86.69 27.97 30.56 17.2 -27.11 -4.18 -0 0 -5.93 1.35 16.39 0.38 -7.12 0 -0 -24.29 44.88 0.08 -0 -0 0 76.19 -22.78 26.12 -12.39 20.39 -2.24 0 -0 -15.67 -9.79 17.29 -2.93 7.12 -0 -0 11.97 -12.73 9.24
4.33 16.56 -15.15 -3.61 8.04 29.32 0 0 0 -25.99 11.51 -25.14 4.1 12.29 36.76 2.36 38.5 36.68 0.72 -5.42 -15.11 0 0 0 29.74 17.31 -39.82 -2.45 -9.75 28.18 -1.43 -20.74 -37.76 -0.67 -5.25 14.62 3.84 -1.93 -18.04 5.02 -2.99 -12.63 2.74 -1.54 -3.45 0.97 -2.73 -16.31 -0.73 -4.74 45.29 -1.57 -1.74 20.74 0 -0 0 -86.59 28.05 31.21 17.17 -27.08 -4.17 -0 0 -6.27 1.37 16.13 0.38 -7.12 0 -0 -24.17 44.65 0.22 0 -0 0 76.96 -23.09 25.01 -12.66 20.79 -2.33 0 -0 -17.34 -12.84 17.04 -3.82 7.12 -0 -0 9.95 -12.72 7.64
4.34 16.57 -15.13 -3.7 8.27 29.5 0 0 0 -25.87 11.35 -25.2 4.07 12.25 36.62 2.17 38.85 36.17 0.55 -4.75 -13.19 0 0 0 29.69 17.39 -40.3 -2.48 -9.8 28.34 -1.17 -21.71 -37.48 -0.51 -4.56 12.66 4.06 -1.77 -18.25 4.95 -2.82 -12.71 2.56 -1.47 -3.45 1.37 -2.1 -16.8 -0.18 -4.13 45.46 -1.24 -1.34 21.05 0 -0 0 -86.73 28.2 31.25 16.99 -26.84 -4.08 -0 0 -5.75 1.08 16.92 0.31 -7.12 0 -0 -24.75 45.32 -0.21 0 -0 0 77.86 -22.88 22.86 -12.09 19.95 -2.13 0 -0 -18.05 -14.33 19.33 -4.83 7.12 -0 -0 9.02 -10.27 7.36
4.34 16.57 -15.12 -3.77 8.51 29.52 0 0 0 -25.67 11.2 -25.13 4.1 12.29 36.76 0.87 41.22 32.8 0.16 -2.59 -7.14 0 0 0 29.88 17.23 -40.24 -2.46 -9.76 28.21 -1.78 -20.48 -39.27 -0.86 -5.9 16.51 4.24 -1.61 -18.25 4.82 -2.63 -12.59 2.34 -1.38 -3.33 1.58 -1.66 -16.89 0.36 -3.67 44.67 -0.89 -1.07 20.54 0 0 0 -86.7 28.15 31.55 17.04 -26.9 -4.1 -0 0 -5.96 0.63 16.95 0.18 -7.12 0 -0 -25.15 45.3 -0.2 0 0 0 78.84 -22.68 21.43 -11.84 19.57 -2.05 0 -0 -19.2 -15.52 19.83 -5.38 7.12 -0 -0 8.27 -9.63 6.84
4.34 16.57 -15.12 -3.84 8.5 29.48 0 0 0 -25.64 11.02 -25.15 4.15 12.35 37 0.02 42.59 30.62 0.05 -1.4 -3.86 0 0 0 30.05 17.13 -39.99 -2.42 -9.7 28 -1.77 -20.04 -38.8 -0.97 -6.26 17.55 4.41 -1.46 -18.11 4.76 -2.46 -12.54 2.21 -1.31 -3.37 2.56 -0.97 -17.62 -0.23 -2.67 44.42 -1.16 -0.59 20.55 -0 -0 0 -86.96 28.53 32.22 16.93 -26.77 -4.06 -0 0 -6.38 1.99 15.86 0.54 -7.12 0 -0 -23.53 44.47 0.33 -0 -0 0 79.58 -22.78 20.24 -11.55 19.13 -1.95 0 -0 -19.79 -16.26 19.92 -5.67 7.12 -0 -0 7.8 -9.45 6.47
4.35 16.57 -15.1 -4.1 8.76 29.48 0 0 0 -25.3 10.95 -25.13 4.15 12.36 37.02 -1.83 45.35 26.05 0.05 1.43 3.92 0 0 0 30.43 16.89 -40.18 -2.44 -9.73 28.1 -1.49 -20.67 -38.01 -0.75 -5.54 15.46 4.86 -1.32 -18.19 4.69 -2.33 -12.49 1.9 -1.27 -3.3 3.26 -0.3 -18.4 -0.51 -1.74 44.13 -1.23 -0.14 20.6 0 -0 0 -86.79 29.02 33.59 16.97 -26.82 -4.07 -0 0 -5.72 1.51 16.59 0.43 -7.12 0 -0 -24.24 45.08 -0.05 0 -0 0 80.29 -23.09 19.8 -11.17 18.54 -1.83 0 -0 -19.66 -17 18.43 -5.52 7.12 -0 -0 7.26 -10.89 5.8
4.35 16.57 -15.09 -4.22 8.77 29.34 0 0 0 -25.26 11.29 -25.4 4.23 12.47 37.4 -1.92 45.61 25.96 0.05 1.49 4.1 0 0 0 30.72 16.63 -39.77 -2.39 -9.64 27.81 -1.85 -19.69 -38.85 -0.96 -6.24 17.47 5.02 -1.26 -18.23 4.69 -2.31 -12.08 1.8 -1.26 -2.83 3.06 -0.15 -18.82 -0.42 -1.45 43.39 -1.08 -0.07 20.22 -0 0 0 -86.95 28.73 34.32 16.44 -26.11 -3.84 -0 0 -4.06 1.79 16.23 0.5 -7.12 0 -0 -23.85 44.78 0.14 -0 0 0 80.74 -22.46 18.74 -10.49 17.5 -1.62 0 -0 -17.94 -16.56 19.07 -5.55 7.12 -0 -0 7.57 -10.28 6.15
4.35 16.57 -15.09 -4.15 8.77 29.35 0 0 0 -25.4 11.42 -25.76 4.31 12.57 37.76 -2.07 46.07 25.83 0.05 1.44 3.96 0 0 0 30.59 16.8 -39.85 -2.4 -9.66 27.87 -1.09 -21.71 -37.06 -0.5 -4.55 12.62 4.8 -1.31 -18.24 4.83 -2.39 -11.51 2.03 -1.28 -2.18 3.07 0.16 -20.1 -0.82 -0.8 42.7 -1.14 0.12 20.14 0 -0 0 -87.49 28.12 34.22 15.99 -25.51 -3.64 -0 0 -2.4 1.88 15.55 0.5 -7.12 0 -0 -23.5 44.18 0.51 0 -0 0 80.72 -21.17 17.51 -9.81 16.44 -1.42 0 -0 -15.34 -14.42 17.38 -4.39 7.12 -0 -0 8.92 -12.23 6.91
4.36 16.56 -15.07 -4.34 8.17 28.54 0 0 0 -25.51 12.45 -24.82 4.25 12.49 37.47 -5.08 48.68 17.41 0.6 4.95 13.77 0 0 0 31.07 16.03 -39.14 -2.44 -9.73 28.11 -1.08 -21.17 -36.4 -0.44 -4.24 11.77 5.01 -1.07 -17.57 4.77 -2.08 -11.03 1.9 -1.13 -2.01 3.09 0.42 -20.82 -1.16 -0.24 42.55 -1.19 0.28 20.27 0 -0 0 -87.68 28.4 34.64 15.68 -25.08 -3.51 -0 0 -1.55 2.09 15.66 0.57 -7.12 0 -0 -23.36 44.3 0.43 0 -0 0 80.41 -21.35 17.74 -9.89 16.56 -1.44 0 -0 -13.82 -9.66 14.8 -2.49 7.12 -0 -0 12.1 -15.2 8.7
4.33 16.55 -15.08 -3.77 8.49 29.58 0 0 0 -26.08 11.9 -26.3 4.35 12.62 37.96 -8.44 49.77 4.92 2.71 10.2 29.64 0 0 0 29.88 17.67 -39.72 -2.42 -9.7 28.01 -1.46 -21.06 -38.27 -0.74 -5.51 15.37 4.25 -1.22 -18.17 4.61 -2.19 -11.48 2.14 -1.15 -2.16 2.93 0.27 -19.63 -1.4 -0.24 41.91 -1.26 0.21 19.5 0 -0 0 -87.44 29.38 34.78 15.83 -25.29 -3.57 -0 0 -0.39 0.07 16.29 0.02 -7.12 0 -0 -25.35 44.64 0.24 0 -0 0 80.39 -22.26 18.06 -9.96 16.68 -1.46 0 -0 -11.07 -3.3 14.4 -0.82 7.12 -0 -0 16.36 -15.92 11.74
4.34 16.55 -15.05 -3.93 8.19 28.88 0 0 0 -25.95 12.91 -25.6 4.31 12.57 37.77 -1.87 44.28 24.84 0.11 2.15 5.92 0 0 0 30.17 17.42 -38.72 -2.41 -9.67 27.92 -1.6 -20.46 -38.38 -0.85 -5.89 16.47 4.44 -0.99 -17.9 4.52 -1.93 -10.96 1.97 -1.03 -1.74 2.82 0.23 -19.78 -1.74 -0.09 41.65 -1.37 0.2 19.38 -0 -0 0 -87.26 29.48 35.27 15.67 -25.08 -3.51 -0 -0 0.37 -1.61 15.9 -0.44 -7.12 0 -0 -26.62 44.09 0.64 -0 -0 0 80.12 -21.9 17.71 -9.41 15.81 -1.31 0 -0 -6.97 2.42 14.26 0.6 7.12 -0 -0 20.11 -16.2 14.64
4.34 16.55 -15.06 -3.69 8.33 29.33 0 0 0 -26.08 12.34 -25.79 4.27 12.51 37.56 -5.07 47.87 16.33 1.12 6.72 18.89 0 0 0 29.66 17.91 -39.21 -2.42 -9.7 28 -1.6 -20.82 -38.73 -0.9 -6.04 16.91 4.23 -1.01 -17.94 4.41 -1.91 -11.12 1.98 -1.02 -1.89 2.64 0.18 -19.8 -1.96 0.02 41.76 -1.43 0.18 19.46 -0 0 0 -87.02 29.69 35.87 15.26 -24.51 -3.33 -0 0 -0.37 -2.65 14.8 -0.68 -7.12 0 -0 -27.03 43 1.45 -0 0 0 79.78 -22.68 20.54 -9.93 16.63 -1.46 0 -0 -6.17 5.65 13.21 1.3 7.12 -0 -0 22.3 -17.21 15.97
4.33 16.56 -15.09 -3.43 8.99 30.48 0 0 0 -26.16 11.05 -27.11 4.37 12.64 38.02 -0.43 43.77 29.86 0 -0.15 -0.41 0 0 0 28.87 18.91 -40.53 -2.43 -9.71 28.04 -1.66 -21.33 -39.49 -1.01 -6.39 17.92 4.08 -1.17 -18.27 4.4 -2.08 -11.71 2.03 -1.1 -2.36 2.31 -0.04 -19.03 -2.15 -0.09 41.62 -1.47 0.05 19.15 -0 -0 0 -86.98 30.42 35.45 15.33 -24.6 -3.36 -0 0 -0.24 -5.87 16.71 -1.69 -7.12 0 -0 -30.56 44.32 0.57 -0 -0 0 79.55 -23.14 21.82 -9.9 16.59 -1.45 0 -0 -5.19 7.04 12.88 1.58 7.12 -0 -0 23.23 -17.51 16.6
4.32 16.56 -15.1 -3.2 8.96 30.66 0 0 0 -26.42 10.78 -27.06 4.33 12.59 37.86 -1.29 44.91 27.64 0.01 0.68 1.86 0 0 0 28.19 19.78 -40.82 -2.5 -9.84 28.46 -1.67 -22.02 -40.21 -0.99 -6.35 17.8 3.74 -1.13 -18.5 4.32 -2.01 -11.47 2.14 -1.04 -1.97 1.94 -0.27 -18.92 -2.3 -0.21 41.32 -1.5 -0.08 18.92 -0 0 0 -86.88 30.11 35.47 15.41 -24.72 -3.4 -0 0 -0.42 -6.93 16.86 -2.02 -7.12 0 -0 -31.51 44.32 0.59 -0 0 0 79.27 -23.09 23.73 -10.19 17.04 -1.53 0 -0 -5.21 8.17 13.18 1.88 7.12 -0 -0 23.9 -17.21 17.35
4.33 16.57 -15.1 -3.11 8.59 30.57 0 0 0 -26.81 11.08 -26.78 4.25 12.49 37.49 -1.73 45.23 26.3 0.02 0.91 2.51 0 0 0 27.39 20.97 -40.8 -2.57 -9.96 28.84 -1.5 -23.29 -40.72 -0.84 -5.86 16.37 3.55 -0.95 -18.24 4.13 -1.73 -11.4 2.1 -0.9 -2.02 1.94 -0.5 -18.55 -2.59 -0.45 41.23 -1.68 -0.22 18.75 0 0 0 -86.65 29.98 35.25 15.18 -24.39 -3.3 -0 -0 0.11 -7.51 16.03 -2.08 -7.12 0 -0 -31.59 43.53 1.29 0 0 0 79.1 -23.24 24.98 -10.25 17.13 -1.55 0 -0 -4.2 10.5 14.39 2.64 7.12 -0 -0 25.15 -16.05 19.18
4.36 16.56 -15.11 -3.54 9.02 30.36 0 0 0 -26.29 11.16 -26.77 4.34 12.6 37.88 -7.89 50.49 8.86 1.52 7.79 22.08 0 0 0 29.03 18.54 -40.64 -2.46 -9.77 28.24 -1.73 -20.92 -39.44 -0.97 -6.26 17.53 4.53 -0.81 -18.12 4.14 -1.69 -11.17 1.55 -0.92 -1.88 1.78 -0.66 -18.68 -2.74 -0.57 41.25 -1.75 -0.31 18.79 0 -0 0 -86.68 29.76 34.91 15.3 -24.56 -3.35 -0 0 -0.23 -7.24 15.18 -1.9 -7.12 0 -0 -30.97 42.83 1.86 0 -0 0 78.6 -23.24 27.85 -10.83 18.03 -1.72 0 -0 -6.15 11.96 12.92 2.71 7.12 -0 -0 26.27 -17.37 19.4
4.38 16.57 -15.1 -3.95 8.94 30.05 0 0 0 -26.05 11.61 -26.48 4.29 12.54 37.66 -10.09 51.21 0.36 2.44 9.72 28.08 0 0 0 29.62 17.95 -40.74 -2.48 -9.81 28.36 -1.2 -22.03 -37.95 -0.63 -5.08 14.14 5.08 -0.68 -18.12 4.26 -1.65 -10.64 1.37 -0.91 -1.32 1.56 -0.73 -19.32 -3.01 -0.47 41.18 -1.83 -0.35 18.93 -0 0 0 -86.89 28.83 34.57 15.18 -24.39 -3.3 -0 0 -1.19 -8.99 16.13 -2.52 -7.12 0 -0 -32.83 43.45 1.43 -0 0 0 78 -22.03 29.23 -10.47 17.48 -1.61 0 -0 -5.92 13.15 13.23 3.06 7.12 -0 -0 26.93 -17.03 20.26
4.37 16.57 -15.12 -3.5 8.8 30.29 0 0 0 -26.61 11.59 -26.74 4.28 12.53 37.63 -10.02 51.32 0.98 2.37 9.6 27.68 0 0 0 28.81 18.5 -41.03 -2.53 -9.89 28.62 -1.33 -22.11 -38.68 -0.71 -5.39 15.03 4.4 -0.8 -18.52 4.27 -1.75 -10.33 1.73 -0.93 -0.74 1.15 -0.96 -19.51 -3.16 -0.6 41.19 -1.86 -0.49 18.98 -0 0 0 -87.05 28.1 34.43 15.37 -24.66 -3.38 -0 0 -1.7 -9.7 16.12 -2.72 -7.12 0 -0 -33.4 43.35 1.54 -0 0 0 77.38 -21.47 31.03 -10.82 18.02 -1.72 0 -0 -7.43 14.42 12.47 3.18 7.12 -0 -0 27.82 -17.66 20.68
4.39 16.56 -15.12 -4.01 9.03 30.02 0 0 0 -26 11.61 -26.68 4.36 12.63 37.99 -10.19 50.88 -1.12 2.88 10.5 30.6 0 0 0 30.17 16.91 -40.81 -2.47 -9.78 28.26 -1.48 -20.47 -37.77 -0.77 -5.6 15.62 5.19 -0.71 -18.3 4.44 -1.75 -10.23 1.47 -0.95 -0.78 0.95 -1.03 -19.36 -3.28 -0.57 41.13 -1.87 -0.53 18.91 -0 -0 0 -87.1 28.15 34.88 15.68 -25.08 -3.51 -0 0 -2.14 -9.41 15.93 -2.61 -7.12 0 -0 -33.08 43.23 1.64 -0 -0 0 76.42 -21.53 34.5 -11.16 18.53 -1.83 0 -0 -8.76 15.34 12.28 3.34 7.12 -0 -0 28.41 -17.78 21.16
4.4 16.56 -15.12 -4.03 9.07 29.9 0 0 0 -26 11.58 -26.61 4.37 12.64 38.05 -9.45 51.15 3.28 2.12 9.1 26.11 0 0 0 29.97 17.07 -41.12 -2.55 -9.93 28.76 -1.24 -21.43 -37.51 -0.6 -4.95 13.77 5.34 -0.66 -18.07 4.34 -1.68 -10.26 1.3 -0.93 -0.94 0.67 -1.32 -18.17 -3.21 -0.96 40.73 -1.83 -0.72 18.33 0 -0 0 -86.86 28.31 35.07 15.92 -25.41 -3.61 -0 0 -1.97 -9.15 16 -2.54 -7.12 0 -0 -32.9 43.32 1.55 0 -0 0 75.87 -21.66 36.88 -11.65 19.28 -1.99 0 -0 -9.45 16.52 11.19 3.3 7.12 -0 -0 29.31 -18.7 21.36
4.4 16.56 -15.13 -3.88 8.93 29.87 0 0 0 -26.23 11.87 -26.87 4.43 12.71 38.28 -8.95 51.02 5.31 1.87 8.59 24.51 0 0 0 29.78 17.23 -41.04 -2.55 -9.93 28.76 -1.21 -21.54 -37.51 -0.63 -5.09 14.17 5.08 -0.65 -17.73 4.27 -1.6 -10.38 1.4 -0.89 -1.23 0.22 -1.73 -17.12 -2.84 -1.59 40.43 -1.66 -0.99 17.86 -0 0 0 -86.76 28.48 34.92 15.92 -25.41 -3.61 -0 0 -1.52 -8.38 15.34 -2.23 -7.12 0 -0 -31.97 42.84 1.92 -0 0 0 75.13 -22.2 39.4 -12.5 20.55 -2.28 0 -0 -9.76 17.71 10.33 3.28 7.12 -0 -0 30.18 -19.38 21.67
4.4 16.57 -15.13 -3.8 8.88 29.96 0 0 0 -26.34 12.22 -27.12 4.42 12.7 38.26 -8.28 50.9 7.98 1.66 8.12 23.07 0 0 0 29.43 17.72 -40.99 -2.54 -9.92 28.71 -1.27 -21.68 -37.96 -0.7 -5.34 14.88 4.9 -0.67 -17.71 4.3 -1.59 -10.42 1.53 -0.87 -1.28 0.09 -1.87 -16.95 -2.91 -1.72 40.53 -1.7 -1.08 17.87 -0 0 0 -86.57 28.52 35.67 16.14 -25.71 -3.71 -0 0 -2.32 -8.41 15.37 -2.24 -7.12 0 -0 -32 42.86 1.91 -0 0 0 74.35 -21.96 40.96 -12.59 20.69 -2.31 0 -0 -9.48 17.7 11.27 3.57 7.12 -0 -0 29.97 -18.54 22.15
4.39 16.55 -15.15 -3.63 8.72 29.99 0 0 0 -26.49 12.18 -27.25 4.45 12.74 38.39 -7.11 50.54 12.21 1.18 6.89 19.38 0 0 0 29.36 17.77 -40.58 -2.47 -9.79 28.3 -1.51 -20.9 -38.35 -0.87 -5.93 16.59 4.59 -0.69 -17.59 4.28 -1.56 -10.54 1.68 -0.85 -1.46 -0.17 -2.03 -16.33 -2.79 -1.93 40.52 -1.62 -1.18 17.7 -0 0 0 -86.44 28.57 35.79 16.46 -26.13 -3.84 -0 0 -2.45 -9.55 16.62 -2.76 -7.12 0 -0 -33.53 43.8 1.13 -0 0 0 73.44 -22.02 43.18 -12.91 21.16 -2.42 0 -0 -9.86 17.93 11.4 3.66 7.12 -0 -0 30.08 -18.4 22.36
4.39 16.55 -15.16 -3.62 8.33 29.85 0 0 0 -26.53 12.2 -26.96 4.38 12.66 38.09 -1.8 45.63 26.41 0.04 1.32 3.63 0 0 0 29.02 18.57 -40.17 -2.47 -9.78 28.27 -1.77 -20.66 -39.38 -1.05 -6.52 18.29 4.36 -0.59 -17.59 4.24 -1.41 -10.4 1.79 -0.76 -1.3 0.07 -2.06 -16.3 -2.89 -2.02 40.61 -1.74 -1.2 17.73 0 -0 0 -86.28 28.22 35.82 16.41 -26.07 -3.82 -0 0 -2.17 -8.53 15.6 -2.31 -7.12 0 -0 -32.21 43.04 1.76 0 -0 0 72.64 -21.86 44.59 -13.69 22.29 -2.71 0 -0 -10.17 18.31 11.84 3.88 7.12 -0 -0 30.2 -17.98 22.83
4.39 16.55 -15.16 -3.55 8.1 30.08 0 0 0 -26.67 12.04 -26.95 4.32 12.58 37.8 -0.09 43.88 31.18 0 0.04 0.11 0 0 0 28.84 18.63 -40.49 -2.48 -9.81 28.36 -1.83 -20.23 -39.26 -1.05 -6.53 18.32 4.16 -0.61 -17.69 4.32 -1.4 -10.5 1.99 -0.75 -1.34 -0.17 -2.13 -16.28 -2.79 -2.09 40.78 -1.67 -1.25 17.83 -0 0 0 -86.44 27.9 35.78 16.28 -25.9 -3.77 -0 0 -2.51 -8.65 17.15 -2.57 -7.12 0 -0 -33.06 44.36 0.59 -0 0 0 71.61 -21.59 46.2 -14.16 22.96 -2.89 0 -0 -10.08 16.69 14.12 4.18 7.12 -0 -0 28.83 -16.03 22.89
4.4 16.55 -15.15 -3.71 8.16 29.95 0 0 0 -26.48 12.14 -26.62 4.24 12.47 37.43 1.65 40.79 35.38 0.14 -2.42 -6.68 0 0 0 29.16 18.31 -40.24 -2.45 -9.74 28.15 -1.87 -19.91 -39.13 -1.2 -6.95 19.58 4.4 -0.6 -17.86 4.4 -1.43 -10.57 1.94 -0.77 -1.35 -0.26 -2.22 -15.46 -2.75 -2.24 40.78 -1.64 -1.32 17.61 -0 -0 0 -86.47 28.03 35.65 16.36 -26.01 -3.8 -0 0 -2.36 -8.56 16.93 -2.51 -7.12 0 -0 -32.88 44.18 0.75 -0 -0 0 70.74 -21.47 47.66 -14.69 23.71 -3.1 0 -0 -11.57 17.15 11.95 3.66 7.12 -0 -0 29.52 -17.97 22.14
4.41 16.54 -15.14 -3.94 7.96 29.56 0 0 0 -26.36 12.52 -26.35 4.28 12.52 37.61 1.46 39.7 34.01 0.27 -3.37 -9.31 0 0 0 29.41 18.32 -39.76 -2.46 -9.77 28.22 -2.31 -19 -40.43 -1.35 -7.36 20.8 4.74 -0.49 -17.5 4.47 -1.31 -10.68 1.85 -0.73 -1.66 0.02 -2.17 -15.71 -3.11 -2.1 41.52 -1.86 -1.26 18.11 -0 0 0 -86.61 27.92 35.37 16.02 -25.54 -3.65 -0 0 -2.35 -6.51 14.39 -1.62 -7.12 0 -0 -30.03 42.22 2.29 -0 0 0 70.03 -21.62 48.38 -15.16 24.37 -3.29 0 -0 -12.24 17.39 12.52 3.88 7.12 -0 -0 29.54 -17.43 22.57
4.43 16.54 -15.15 -4.08 8 29.45 0 0 0 -26.33 12.58 -26.31 4.29 12.53 37.64 0.35 41.92 31.34 0.07 -1.7 -4.67 0 0 0 29.5 18.36 -39.72 -2.49 -9.81 28.38 -1.78 -20.15 -38.94 -0.96 -6.25 17.52 5.08 -0.44 -17.25 4.48 -1.25 -10.9 1.68 -0.72 -2.03 -0.2 -2.26 -15.4 -2.86 -2.28 41.87 -1.75 -1.33 18.24 0 0 0 -86.53 28.15 35.48 16.08 -25.63 -3.68 -0 0 -2.14 -6.43 14.18 -1.58 -7.12 0 -0 -29.88 42.04 2.42 0 0 0 69.51 -21.85 48.94 -15.63 25.02 -3.49 0 -0 -12.66 16.53 13.32 3.91 7.12 -0 -0 28.89 -16.77 22.4
4.44 16.54 -15.13 -4.14 7.89 29.32 0 0 0 -26.45 13.06 -26.26 4.27 12.51 37.55 0.07 42.38 30.63 0.02 -0.95 -2.62 0 0 0 29.74 17.86 -39.66 -2.49 -9.82 28.41 -1.58 -20.44 -38.25 -0.91 -6.06 16.97 5.22 -0.27 -17.74 4.38 -1.07 -11 1.52 -0.64 -1.9 -0.11 -2.49 -14.21 -2.87 -2.67 41.93 -1.81 -1.48 17.93 -0 0 0 -86.14 28.52 36.07 16.06 -25.6 -3.67 -0 0 -1.38 -6.64 13.61 -1.57 -7.12 0 -0 -29.8 41.52 2.84 -0 0 0 69.38 -21.98 49.52 -15.57 24.94 -3.46 0 -0 -13.39 16.6 12.68 3.74 7.12 -0 -0 29.06 -17.35 22.14
4.47 16.54 -15.13 -4.49 8.26 28.99 0 0 0 -25.91 13.23 -25.93 4.27 12.51 37.57 -0.65 43.44 28.78 0 0.2 0.55 0 0 0 30.61 16.65 -39.53 -2.45 -9.74 28.13 -1.4 -20.41 -37.28 -0.8 -5.72 15.97 5.88 -0.24 -17.44 4.54 -1.09 -11.19 1.34 -0.68 -2.28 -0.13 -2.41 -14.15 -2.88 -2.55 42.45 -1.81 -1.42 18.23 -0 0 0 -86.28 28.44 36.15 16.09 -25.64 -3.68 -0 0 -1.41 -6.97 14.05 -1.7 -7.12 0 -0 -30.25 41.87 2.6 -0 0 0 68.96 -22.06 49.99 -15.8 25.25 -3.56 0 -0 -14.96 16.34 13.32 3.86 7.12 -0 -0 28.78 -16.78 22.29
4.48 16.54 -15.13 -4.12 8.09 29.07 0 0 0 -26.43 13.17 -25.75 4.19 12.41 37.2 -0.67 43.95 29.1 0 0.08 0.22 0 0 0 30.04 16.73 -39.68 -2.49 -9.82 28.41 -1.59 -19.87 -37.72 -0.82 -5.78 16.16 5.47 -0.29 -17.74 4.56 -1.12 -11.14 1.57 -0.67 -2.05 -0.87 -2.63 -13.42 -2.32 -2.89 41.97 -1.44 -1.61 17.78 -0 -0 0 -86.52 28.12 35.97 16.02 -25.55 -3.66 -0 0 -0.78 -6.77 13.6 -1.6 -7.12 0 -0 -29.91 41.5 2.87 -0 -0 0 68.87 -21.67 49.81 -15.79 25.23 -3.55 0 -0 -15.11 14.01 14.74 3.63 7.12 -0 -0 27.18 -15.61 21.47
4.48 16.54 -15.14 -4.04 7.91 28.93 0 0 0 -26.55 13.08 -25.58 4.2 12.42 37.24 -1.8 45.52 26.32 0.06 1.56 4.3 0 0 0 29.71 17.2 -39.66 -2.55 -9.93 28.76 -1.53 -20.42 -37.97 -0.75 -5.55 15.47 5.17 -0.27 -17.57 4.65 -1.04 -11.25 1.86 -0.61 -2.25 -0.62 -2.66 -13.54 -2.61 -2.89 42.42 -1.64 -1.6 18.07 -0 0 0 -86.49 28.1 36.51 16.14 -25.71 -3.71 -0 0 -1.2 -6.23 13.36 -1.45 -7.12 0 -0 -29.38 41.35 2.94 -0 0 0 69.22 -21.81 48.17 -15.79 25.24 -3.56 0 -0 -14.8 14.29 12.71 3.21 7.12 -0 -0 27.71 -17.46 20.71
4.49 16.55 -15.14 -4.1 7.97 28.99 0 0 0 -26.52 12.88 -25.52 4.15 12.36 37.02 -1.14 45.71 28.89 0.03 1.18 3.25 0 0 0 29.49 17.54 -40.06 -2.6 -10.02 29.05 -1.13 -21.88 -37.43 -0.53 -4.67 12.96 5.26 -0.27 -17.83 4.77 -1.06 -11.24 1.92 -0.63 -2.11 -0.33 -2.57 -14.1 -2.82 -2.76 43.01 -1.81 -1.52 18.57 0 -0 0 -86.62 27.88 36.49 16.17 -25.75 -3.72 -0 0 -0.58 -7 13.75 -1.67 -7.12 0 -0 -30.16 41.61 2.81 0 -0 0 69.84 -21.51 46.3 -15.26 24.51 -3.33 0 -0 -15.67 10.62 13.05 2.42 7.12 -0 -0 25.44 -17.28 18.68
4.49 16.55 -15.15 -4.07 7.89 28.85 0 0 0 -26.53 12.79 -25.32 4.17 12.38 37.08 -9.29 53.05 8.12 1.62 8.04 22.83 0 0 0 29.29 17.96 -39.74 -2.59 -10.01 29 -1.19 -21.99 -37.87 -0.6 -4.97 13.82 5.11 -0.31 -17.69 4.88 -1.08 -11.3 2.12 -0.63 -2.24 -0.18 -2.56 -14.07 -2.9 -2.78 43.12 -1.88 -1.51 18.62 0 -0 0 -86.92 27.74 35.98 16.21 -25.81 -3.74 -0 0 -0.27 -7.54 14.16 -1.85 -7.12 0 -0 -30.76 41.91 2.63 0 -0 0 70.71 -21.68 43.9 -15.09 24.27 -3.26 0 -0 -18.02 5.44 14.21 1.34 7.12 -0 -0 22.05 -16.28 16.25
4.49 16.54 -15.16 -3.92 8.16 29.02 0 0 0 -26.53 12.24 -25.62 4.25 12.49 37.48 -0.06 43.03 30.65 0.03 -1.19 -3.28 0 0 0 29.35 17.59 -39.63 -2.52 -9.87 28.57 -1.68 -20.32 -38.59 -1 -6.36 17.83 5.08 -0.43 -17.78 4.94 -1.24 -11.34 2.18 -0.7 -2.24 -0.95 -2.75 -13.32 -2.15 -3.14 42.67 -1.41 -1.69 18.17 -0 0 0 -87.07 27.35 35.85 16.05 -25.59 -3.67 -0 -0 0.14 -7.23 13.41 -1.68 -7.12 0 -0 -30.19 41.29 3.09 -0 0 0 72.14 -21.01 40.42 -14.28 23.14 -2.94 0 -0 -20.38 -0.96 15.69 -0.26 7.12 -0 -0 17.8 -14.77 13.34
4.49 16.54 -15.16 -3.83 8.07 29.11 0 0 0 -26.65 12.09 -25.7 4.25 12.48 37.47 -9.14 51.76 6.06 2.07 9.02 25.85 0 0 0 29.21 17.65 -39.67 -2.52 -9.87 28.55 -1.75 -20.08 -38.72 -1.03 -6.46 18.13 4.97 -0.4 -18.07 4.93 -1.21 -11.36 2.24 -0.68 -2.11 -0.81 -2.68 -13.49 -1.93 -3.18 42.81 -1.35 -1.65 18.31 -0 -0 0 -87.17 27.17 35.66 15.88 -25.36 -3.59 -0 -0 0.75 -7.17 13.22 -1.65 -7.12 0 -0 -30.06 41.12 3.21 -0 -0 0 73.72 -20.96 36.48 -13.68 22.28 -2.71 0 -0 -22.61 -6.96 17.91 -2.15 7.12 -0 -0 13.8 -12.33 10.86
4.5 16.54 -15.14 -4.02 7.63 28.32 0 0 0 -26.56 13.05 -24.92 4.22 12.45 37.34 -7.27 50.8 11.98 1.31 7.25 20.47 0 0 0 29.8 16.88 -38.78 -2.51 -9.85 28.48 -1.63 -19.87 -37.94 -0.89 -6.03 16.87 5.13 -0.26 -17.85 4.91 -1.06 -11.01 2.14 -0.61 -1.85 -0.46 -2.68 -14.13 -2.15 -3.22 43.38 -1.57 -1.63 18.82 0 -0 0 -87.25 26.73 35.64 15.68 -25.09 -3.51 -0 -0 0.69 -7.23 13.52 -1.7 -7.12 0 -0 -30.24 41.38 3.01 0 -0 0 75.45 -20.43 31.26 -13.03 21.33 -2.46 0 -0 -23.06 -9.74 18.21 -3.07 7.12 -0 -0 11.99 -11.82 9.49
4.51 16.54 -15.13 -4.11 7.38 27.93 0 0 0 -26.62 13.64 -24.45 4.15 12.36 37.03 0.14 42.56 31.01 0.04 -1.25 -3.44 0 0 0 30.24 15.89 -38.6 -2.52 -9.87 28.56 -1.52 -19.51 -37.05 -0.77 -5.6 15.62 5.31 -0.19 -17.55 4.92 -0.96 -11.05 2.07 -0.57 -2.05 -0.48 -2.6 -14.01 -1.97 -3.18 43.64 -1.47 -1.58 18.96 -0 0 0 -87.43 27 35.88 15.77 -25.21 -3.55 -0 0 -0.05 -6.57 13.27 -1.52 -7.12 0 -0 -29.61 41.23 3.06 -0 0 0 76.7 -20.68 28.47 -13.09 21.41 -2.48 0 -0 -23.19 -13.73 16.7 -4.02 7.12 -0 -0 9.36 -12.99 7.12
4.51 16.54 -15.12 -4 7.58 27.86 0 0 0 -26.56 13.51 -24.32 4.18 12.39 37.14 -8.65 51.36 7.35 1.91 8.67 24.77 0 0 0 29.91 16.57 -38.3 -2.53 -9.88 28.6 -1.65 -19.76 -37.95 -0.87 -5.96 16.66 5.14 -0.39 -17.21 5.08 -1.14 -11.41 2.32 -0.66 -2.61 -0.32 -2.54 -13.48 -2.28 -3.01 43.7 -1.61 -1.53 18.83 0 -0 0 -87.92 27.77 35.64 15.95 -25.46 -3.63 -0 0 -0.5 -6.2 13.82 -1.49 -7.12 0 -0 -29.54 41.75 2.63 0 -0 0 77.67 -21.07 24.93 -12.46 20.49 -2.26 0 -0 -21.16 -14.46 17.01 -4.31 7.12 -0 -0 8.89 -12.61 6.82
4.5 16.54 -15.13 -4.03 7.67 28.14 0 0 0 -26.56 13.26 -24.74 4.21 12.44 37.3 -8.4 51.27 8.2 1.81 8.45 24.09 0 0 0 29.97 16.54 -38.67 -2.52 -9.87 28.57 -1.65 -19.59 -37.79 -0.95 -6.21 17.38 5.14 -0.41 -17.56 5.11 -1.2 -11.47 2.34 -0.69 -2.5 -0.58 -2.69 -12.93 -1.95 -3.29 43.24 -1.43 -1.66 18.4 0 0 0 -88.1 27.68 35.45 16.04 -25.58 -3.66 -0 0 -0.31 -5.5 13.65 -1.3 -7.12 0 -0 -28.9 41.67 2.62 0 0 0 78.97 -20.39 20.43 -11.22 18.63 -1.85 0 -0 -20.07 -14.28 19.5 -4.85 7.12 -0 -0 9.06 -10.1 7.43
4.5 16.53 -15.12 -4.24 7.54 27.81 0 0 0 -26.36 13.52 -24.44 4.21 12.44 37.31 -0.8 44.18 28.81 0 -0.08 -0.21 0 0 0 30.44 16 -38.38 -2.5 -9.85 28.48 -1.62 -19.34 -37.4 -0.89 -6.01 16.81 5.49 -0.34 -17.84 5.1 -1.22 -11.05 2.12 -0.7 -1.9 -0.43 -2.67 -13.52 -1.93 -3.33 43.36 -1.47 -1.64 18.64 -0 -0 0 -88.27 26.99 34.93 16.03 -25.56 -3.66 -0 -0 0.31 -6.41 15.26 -1.69 -7.12 0 -0 -30.33 42.99 1.67 -0 -0 0 80.09 -19.72 17.25 -10.59 17.66 -1.65 0 -0 -18.67 -15.16 19.14 -5.08 7.12 -0 -0 8.48 -10.37 6.89
4.5 16.54 -15.13 -4.25 7.82 27.99 0 0 0 -26.22 13.05 -24.62 4.22 12.44 37.32 0.55 42.23 32.29 0.1 -2.06 -5.67 0 0 0 30.65 15.59 -38.74 -2.48 -9.81 28.35 -1.35 -19.9 -36.53 -0.71 -5.38 15 5.66 -0.46 -18.14 5.15 -1.42 -11.11 2.04 -0.81 -1.82 -0.43 -2.65 -13.61 -1.98 -3.28 43.57 -1.5 -1.63 18.8 -0 0 0 -88.44 26.9 34.94 16.01 -25.54 -3.65 -0 -0 0.56 -5.85 15.64 -1.58 -7.12 0 -0 -30.04 43.38 1.33 -0 0 0 80.94 -19.5 14.23 -9.86 16.52 -1.44 0 -0 -16.93 -15.62 18.8 -5.15 7.12 -0 -0 8.17 -10.66 6.58
4.49 16.54 -15.14 -4.39 7.86 28.08 0 0 0 -26.06 13.03 -24.88 4.22 12.45 37.35 1.72 40.86 35.65 0.2 -2.91 -8.03 0 0 0 30.67 16 -38.68 -2.46 -9.77 28.25 -1.45 -19.71 -36.87 -0.88 -5.97 16.69 5.88 -0.42 -18.42 5.1 -1.42 -11.1 1.86 -0.82 -1.67 -0.49 -2.7 -13.09 -1.85 -3.4 43.27 -1.42 -1.67 18.47 -0 0 0 -88.37 26.76 35.15 16.04 -25.58 -3.66 -0 0 -0.07 -4.94 15.86 -1.35 -7.12 0 -0 -29.4 43.68 1.05 -0 0 0 82.09 -19.05 9.46 -8.92 15.03 -1.18 0 -0 -13.34 -15.7 19.88 -5.46 7.12 -0 -0 8.15 -9.56 6.76
4.48 16.54 -15.14 -4.6 7.88 28.07 0 0 0 -25.8 13.25 -25.18 4.27 12.51 37.56 1.88 39.64 35.55 0.36 -3.85 -10.66 0 0 0 30.9 16.11 -38.58 -2.44 -9.74 28.13 -1.39 -19.95 -36.8 -0.84 -5.85 16.35 6.09 -0.39 -18.49 5.13 -1.42 -11.1 1.78 -0.83 -1.65 -0.48 -2.76 -13.06 -1.85 -3.5 43.27 -1.44 -1.71 18.45 0 0 0 -88.42 26.69 35.49 15.77 -25.2 -3.55 -0 0 -1.54 -2.99 15.16 -0.78 -7.12 0 -0 -27.47 43.28 1.27 0 0 0 82.93 -19.07 6.96 -8.51 14.38 -1.08 0 -0 -12.14 -16.47 20.65 -5.95 7.12 -0 -0 7.7 -8.69 6.51
4.49 16.54 -15.13 -4.97 7.1 28.19 0 0 0 -25.93 13.86 -25.53 4.26 12.5 37.53 -1.39 45.56 27.85 0.07 1.76 4.85 0 0 0 31.69 14.95 -38.89 -2.41 -9.67 27.93 -1.33 -18.64 -35.18 -0.65 -5.16 14.35 6.37 -0.08 -18.78 5.17 -1.1 -11.07 1.71 -0.68 -1.47 -0.48 -2.69 -12.81 -1.83 -3.4 43.13 -1.4 -1.68 18.3 0 -0 0 -88.62 26.75 35.31 15.7 -25.12 -3.52 -0 0 -2.04 -2.36 15.61 -0.63 -7.12 0 -0 -27.13 43.75 0.91 0 -0 0 83.5 -18.73 3.82 -7.94 13.46 -0.94 0 -0 -10.89 -17.24 19.99 -6.05 7.12 -0 -0 7.17 -9.26 5.97
4.48 16.53 -15.14 -4.96 6.6 28.01 0 0 0 -26.02 14.04 -25.16 4.22 12.45 37.34 -0.36 43.78 30.11 0.01 0.56 1.54 0 0 0 31.61 15.2 -38.57 -2.4 -9.65 27.86 -1.69 -17.82 -36.33 -0.91 -6.09 17.04 6.21 -0.11 -18.55 5.25 -1.11 -10.82 1.88 -0.67 -1.31 -0.54 -2.57 -13.35 -1.85 -3.17 43.11 -1.37 -1.6 18.44 0 -0 0 -89 26.39 34.65 15.62 -25.01 -3.49 -0 0 -1.96 -2.3 16.03 -0.63 -7.12 0 -0 -27.26 44.13 0.63 0 -0 0 83.7 -17.88 2.1 -7.36 12.51 -0.81 0 -0 -10.13 -18.01 20.1 -6.38 7.12 -0 -0 6.68 -9.05 5.59
4.48 16.55 -15.16 -4.81 6.54 28.01 0 0 0 -26.07 13.77 -24.94 4.15 12.35 36.99 1.1 41.41 33.77 0.03 -1.07 -2.95 0 0 0 31.12 15.75 -38.78 -2.46 -9.76 28.2 -1.76 -18.16 -37.03 -0.97 -6.27 17.57 6.15 -0.13 -18.9 5.06 -1.17 -10.77 1.7 -0.7 -1.08 -0.43 -2.61 -12.59 -1.77 -3.32 42.87 -1.36 -1.64 18.09 0 0 0 -88.66 26.63 35.02 15.75 -25.18 -3.54 -0 0 -2.49 -1.89 16.24 -0.53 -7.12 0 -0 -27 44.37 0.46 0 0 0 84.39 -17.77 -0.46 -7.02 11.95 -0.73 0 -0 -8.17 -18.41 20.54 -6.66 7.12 -0 -0 6.45 -8.55 5.46
4.48 16.54 -15.17 -4.72 6.35 28.19 0 0 0 -26.23 13.65 -25.16 4.16 12.37 37.04 1.57 40.39 34.83 0.02 -0.94 -2.59 0 0 0 30.83 16.22 -38.84 -2.46 -9.76 28.21 -1.68 -18.38 -36.78 -0.9 -6.05 16.92 5.99 -0.21 -18.95 5.15 -1.27 -10.6 1.86 -0.74 -0.86 -0.6 -2.55 -13.24 -1.81 -3.15 42.89 -1.33 -1.6 18.29 -0 0 0 -88.92 26.12 34.83 15.56 -24.92 -3.46 -0 0 -2.45 -1.68 16.22 -0.47 -7.12 0 -0 -26.82 44.38 0.45 -0 0 0 84.39 -16.91 -3.13 -6.56 11.19 -0.64 0 -0 -5.97 -18.5 20.25 -6.6 7.12 -0 -0 6.38 -8.83 5.36
4.48 16.55 -15.19 -5.08 6.35 28.11 0 0 0 -25.88 13.72 -25.3 4.19 12.42 37.22 2.62 37.74 37.24 0.23 -3.06 -8.46 0 0 0 31.36 15.96 -38.73 -2.41 -9.67 27.92 -1.72 -18.16 -36.78 -0.95 -6.22 17.42 6.45 -0.16 -18.91 5.19 -1.29 -10.51 1.65 -0.76 -0.79 -0.64 -2.58 -12.96 -1.87 -3.16 42.73 -1.34 -1.62 18.11 0 -0 0 -88.8 26.19 34.8 15.68 -25.08 -3.51 -0 0 -2.4 -1.62 15.78 -0.44 -7.12 0 -0 -26.58 43.99 0.72 0 -0 0 84.47 -16.69 -4.95 -6.27 10.71 -0.59 0 -0 -4.99 -17.45 20.37 -6.25 7.12 -0 -0 7.05 -8.84 5.93
4.48 16.56 -15.2 -5.05 6.2 28.22 0 0 0 -26.04 13.7 -25.39 4.16 12.37 37.04 1.56 39.9 34.51 0.02 -0.8 -2.21 0 0 0 31.27 15.92 -39.18 -2.45 -9.75 28.17 -1.33 -19.01 -35.55 -0.78 -5.64 15.75 6.46 -0.13 -18.97 5.09 -1.24 -10.6 1.55 -0.74 -0.86 -0.71 -2.6 -12.47 -1.74 -3.22 42.59 -1.26 -1.65 17.9 -0 -0 0 -88.62 26.39 34.86 15.69 -25.1 -3.51 -0 0 -2.38 -1.09 15.96 -0.3 -7.12 0 -0 -26.21 44.21 0.55 -0 -0 0 84.52 -16.87 -4.21 -6.49 11.08 -0.63 0 -0 -6.14 -15.02 18.72 -4.92 7.12 -0 -0 8.56 -10.81 6.88
4.48 16.55 -15.22 -5.16 6.04 28.29 0 0 0 -26.04 13.74 -25.77 4.23 12.46 37.36 1.09 40.86 33.39 0 -0.08 -0.21 0 0 0 31.5 15.79 -39.02 -2.41 -9.67 27.93 -1.67 -17.56 -36 -1.1 -6.66 18.7 6.48 -0.11 -18.9 5.08 -1.2 -10.67 1.53 -0.73 -0.99 -0.58 -2.55 -12.17 -1.73 -3.2 42.61 -1.27 -1.62 17.82 -0 -0 0 -88.6 26.49 34.32 15.51 -24.85 -3.44 -0 0 -1.71 -1.06 15.62 -0.29 -7.12 0 -0 -26.04 43.9 0.76 -0 -0 0 84.31 -17.05 -4.01 -6.5 11.09 -0.63 0 -0 -5.85 -11.23 16.61 -3.25 7.12 -0 -0 11.02 -13.28 8.35
4.47 16.54 -15.22 -5.07 5.92 28.18 0 0 0 -26.16 13.83 -25.73 4.23 12.46 37.39 3.12 36.48 38.5 0.53 -4.68 -13.01 0 0 0 31.25 16.16 -39 -2.44 -9.73 28.11 -1.42 -18.63 -35.66 -0.81 -5.75 16.05 6.31 -0.12 -18.81 5.03 -1.19 -10.58 1.56 -0.72 -0.92 -0.6 -2.58 -12.3 -1.71 -3.25 42.54 -1.27 -1.64 17.82 0 -0 0 -88.49 26.39 34.38 15.43 -24.74 -3.4 -0 0 -1.92 -0.86 15.06 -0.22 -7.12 0 -0 -25.63 43.42 1.08 0 -0 0 84.02 -17.15 -2.64 -6.73 11.47 -0.68 0 -0 -6.73 -6.23 14.85 -1.6 7.12 -0 -0 14.39 -15.35 10.41
4.47 16.55 -15.21 -4.68 6.24 27.53 0 0 0 -26.18 13.97 -24.67 4.16 12.37 37.07 1.69 40.21 35.17 0.08 -1.8 -4.96 0 0 0 30.64 16.56 -38.36 -2.5 -9.84 28.45 -1.54 -19.22 -36.87 -0.97 -6.26 17.54 5.94 -0.44 -18.51 5.01 -1.55 -10.23 1.69 -0.87 -0.68 -0.76 -2.56 -12.59 -1.58 -3.21 42.54 -1.18 -1.63 17.91 -0 0 0 -88.59 26.28 34.11 15.72 -25.14 -3.52 -0 0 -1.98 -1.21 15.36 -0.32 -7.12 0 -0 -26.05 43.65 0.94 -0 0 0 83.46 -17.06 0.07 -6.57 11.21 -0.65 0 -0 -5.17 -3.55 14.21 -0.87 7.12 -0 -0 16.21 -16.09 11.56
4.47 16.54 -15.24 -4.52 6.56 27.58 0 0 0 -26.15 13.5 -24.85 4.24 12.47 37.4 1.29 41.01 34.21 0.03 -1.14 -3.14 0 0 0 30.67 16.43 -38.18 -2.45 -9.75 28.18 -2 -17.79 -37.89 -1.38 -7.44 21.02 5.71 -0.68 -18.11 5.09 -1.79 -10.39 1.88 -0.99 -1.05 -0.73 -2.47 -12.67 -1.61 -3.08 42.63 -1.18 -1.58 17.98 0 0 0 -88.65 26.38 34.32 15.76 -25.19 -3.54 -0 0 -2.06 -1.58 15.57 -0.42 -7.12 0 -0 -26.46 43.8 0.85 0 0 0 82.65 -17.84 6.48 -7.32 12.44 -0.8 0 -0 -6.81 -1.9 12.67 -0.42 7.12 -0 -0 17.43 -17.62 11.9
4.47 16.53 -15.25 -4.57 6.48 27.48 0 0 0 -26.14 13.51 -24.81 4.25 12.49 37.49 0.54 42.01 32.11 0 0.39 1.07 0 0 0 30.76 16.32 -38.11 -2.45 -9.75 28.17 -1.44 -19.15 -36.27 -0.93 -6.16 17.24 5.57 -0.74 -17.92 5.17 -1.83 -10.36 2.03 -1 -1.11 -0.67 -2.4 -12.84 -1.54 -3.02 42.66 -1.15 -1.53 18.05 -0 0 0 -88.72 26.2 34.62 15.69 -25.1 -3.51 -0 0 -2.69 -1.56 15.76 -0.42 -7.12 0 -0 -26.52 43.98 0.72 -0 0 0 81.67 -18.31 11.63 -7.78 13.19 -0.9 0 -0 -6.41 -1.06 13.08 -0.24 7.12 -0 -0 17.95 -17.25 12.45
4.47 16.53 -15.25 -4.55 6.69 27.51 0 0 0 -26.09 13.2 -24.8 4.29 12.53 37.65 -0.87 44.1 28.49 0.16 2.58 7.12 0 0 0 30.79 16 -38.35 -2.46 -9.77 28.24 -1.65 -18.38 -36.62 -1.13 -6.74 18.94 5.56 -0.73 -17.99 5.09 -1.81 -10.37 1.95 -0.99 -1.08 -0.6 -2.45 -12.57 -1.31 -3.22 42.55 -1.09 -1.57 17.91 -0 0 0 -88.47 26.42 35.23 15.85 -25.32 -3.58 -0 0 -2.53 -1.44 15.34 -0.38 -7.12 0 -0 -26.24 43.61 0.97 -0 0 0 80.79 -18.53 15.55 -8.1 13.71 -0.97 0 -0 -4.73 0.69 14.38 0.17 7.12 -0 -0 18.98 -16.06 13.77
4.48 16.53 -15.26 -4.64 6.57 27.58 0 0 0 -26.15 13.2 -24.96 4.32 12.58 37.82 0.11 42.22 30.68 0.02 0.94 2.57 0 0 0 31 15.58 -38.62 -2.47 -9.79 28.3 -1.88 -17.36 -36.95 -1.3 -7.21 20.35 5.56 -0.67 -17.92 5.12 -1.74 -10.24 1.99 -0.96 -0.98 -0.59 -2.43 -13.17 -1.15 -3.26 42.66 -1.03 -1.56 18.14 -0 -0 0 -88.48 25.82 35.42 15.67 -25.06 -3.5 -0 0 -2.21 -1.61 14.63 -0.41 -7.12 0 -0 -26.09 42.95 1.42 -0 -0 0 79.53 -18.67 20.32 -8.52 14.39 -1.08 0 -0 -3.4 1.6 13.82 0.38 7.12 -0 -0 19.63 -16.61 14.05
4.5 16.53 -15.25 -5 6.62 27.02 0 0 0 -25.77 13.7 -24.37 4.31 12.56 37.75 -0.13 42.4 29.89 0.02 0.99 2.71 0 0 0 31.71 14.68 -38.12 -2.45 -9.74 28.14 -1.53 -17.72 -35.41 -0.99 -6.34 17.77 6.13 -0.61 -17.21 5.11 -1.67 -10.36 1.69 -0.95 -1.5 -0.62 -2.38 -12.78 -0.92 -3.28 42.78 -0.92 -1.54 18.12 0 -0 0 -88.47 26.51 35.08 15.56 -24.92 -3.46 -0 0 -1.63 -1.81 13.77 -0.43 -7.12 0 -0 -25.92 42.16 1.96 0 -0 0 77.99 -19.66 26.16 -9.08 15.3 -1.22 0 -0 -4.2 2.95 13.11 0.67 7.12 -0 -0 20.58 -17.3 14.51
4.5 16.53 -15.26 -4.96 6.59 27.07 0 0 0 -25.88 13.81 -24.5 4.3 12.55 37.72 -0.64 43.29 28.67 0.04 1.37 3.76 0 0 0 31.6 14.86 -38.21 -2.45 -9.74 28.15 -1.44 -18.18 -35.31 -0.94 -6.19 17.33 6 -0.56 -17.81 5 -1.68 -9.8 1.63 -0.94 -0.58 -0.45 -2.43 -13.29 -0.78 -3.46 42.37 -0.92 -1.57 18.01 -0 0 0 -88.33 25.61 34.75 15.65 -25.04 -3.5 -0 0 -1.13 -2.4 13.95 -0.58 -7.12 0 -0 -26.48 42.26 1.94 -0 0 0 76.8 -19.18 30.1 -9.6 16.11 -1.36 0 -0 -3.54 5.68 12.65 1.25 7.12 -0 -0 22.4 -17.73 15.77
4.49 16.53 -15.3 -4.65 7.12 27.85 0 0 0 -26.04 13 -25.5 4.41 12.68 38.19 0.18 41.75 30.59 0 -0.19 -0.53 0 0 0 31.04 15.53 -39.24 -2.49 -9.81 28.38 -1.37 -18.84 -35.58 -0.97 -6.27 17.58 5.68 -0.81 -17.73 4.93 -1.93 -10.26 1.7 -1.06 -1.11 -0.36 -2.42 -13.2 -0.61 -3.54 42.18 -0.86 -1.56 17.87 0 -0 0 -88.13 25.88 34.65 15.69 -25.1 -3.52 -0 0 -0.71 -2.83 14.18 -0.69 -7.12 0 -0 -26.93 42.42 1.86 0 -0 0 75.55 -19.31 32.38 -9.8 16.43 -1.42 0 -0 -2.59 7.18 13.95 1.74 7.12 -0 -0 23.18 -16.52 17.1
4.48 16.54 -15.33 -4.33 7.53 28.64 0 0 0 -26.34 12.19 -26.43 4.46 12.75 38.44 -0.5 43.1 29.07 0.02 0.91 2.5 0 0 0 30.32 16.33 -40.13 -2.49 -9.82 28.41 -1.66 -18.63 -36.93 -1.36 -7.38 20.85 5.37 -1.01 -17.99 4.88 -2.15 -10.46 1.78 -1.16 -1.18 -0.35 -2.45 -13.33 -0.59 -3.59 41.99 -0.87 -1.59 17.79 -0 0 0 -87.85 25.57 35.12 15.67 -25.07 -3.5 -0 0 -1.03 -3.21 14.83 -0.82 -7.12 0 -0 -27.51 42.96 1.51 -0 0 0 74.22 -19.12 34.53 -10.13 16.95 -1.51 0 -0 -3.87 8.1 13.47 1.9 7.12 -0 -0 23.82 -16.95 17.42
4.48 16.55 -15.34 -4.53 7.48 28.58 0 0 0 -26.2 12.29 -26.49 4.48 12.78 38.54 -6.7 49.27 11.72 2.33 9.52 27.43 0 0 0 30.61 16.12 -40.03 -2.46 -9.76 28.19 -1.43 -18.94 -35.99 -1.11 -6.68 18.77 5.67 -0.89 -17.95 4.83 -2.04 -10.27 1.57 -1.12 -1.01 -0.25 -2.51 -13.8 -0.71 -3.67 42.04 -0.97 -1.61 17.94 -0 -0 0 -87.54 25.25 35.42 15.82 -25.28 -3.57 -0 0 -1.49 -3.43 14.85 -0.88 -7.12 0 -0 -27.71 42.96 1.52 -0 -0 0 72.74 -19.06 37.48 -10.68 17.8 -1.68 0 -0 -4.41 9.91 12.41 2.15 7.12 -0 -0 25.1 -17.89 18
4.48 16.55 -15.34 -4.48 7.36 28.71 0 0 0 -26.31 12.2 -26.58 4.47 12.76 38.46 -7.42 49.61 9.25 2.82 10.39 30.25 0 0 0 30.5 16.29 -40.05 -2.44 -9.73 28.12 -1.43 -18.91 -35.98 -1.17 -6.87 19.33 5.53 -0.93 -17.9 4.85 -2.07 -10.38 1.68 -1.13 -1.15 -0.32 -2.47 -13.53 -0.72 -3.58 42.08 -0.94 -1.59 17.89 0 -0 0 -87.58 25.27 35.13 15.57 -24.93 -3.46 -0 0 -1.34 -3.67 14.6 -0.93 -7.12 0 -0 -27.79 42.71 1.72 0 -0 0 71.13 -19.22 39.51 -10.74 17.88 -1.69 0 -0 -3.44 10.61 13.1 2.43 7.12 -0 -0 25.42 -17.24 18.69
4.48 16.54 -15.36 -4.46 7.42 28.85 0 0 0 -26.29 11.79 -26.71 4.47 12.76 38.49 -1.39 43.83 26.3 0.31 3.57 9.87 0 0 0 30.35 16.6 -40.3 -2.46 -9.77 28.23 -1.34 -19.44 -36.01 -1.07 -6.59 18.5 5.66 -0.83 -17.23 4.64 -1.86 -10.79 1.44 -1.06 -1.95 -0.25 -2.55 -13.15 -0.56 -3.8 42.22 -0.91 -1.65 17.88 0 -0 0 -86.9 25.84 35.98 15.81 -25.26 -3.56 -0 0 -1.33 -4.69 15.6 -1.26 -7.12 0 -0 -29.07 43.48 1.2 0 -0 0 70.03 -20.05 40.49 -11.24 18.65 -1.85 0 -0 -3.04 12.27 11.77 2.54 7.12 -0 -0 26.66 -18.4 19.07
4.48 16.56 -15.35 -4.41 7.24 28.49 0 0 0 -26.3 12.23 -26.25 4.43 12.71 38.29 -2.37 45.18 23.82 0.68 5.28 14.72 0 0 0 29.86 17.3 -40.13 -2.56 -9.94 28.78 -1.26 -20.27 -36.46 -0.96 -6.25 17.52 5.47 -0.86 -17.01 4.7 -1.87 -10.56 1.6 -1.04 -1.8 -0.23 -2.51 -13.19 -0.66 -3.71 42.21 -0.94 -1.62 17.88 0 0 0 -87.05 25.96 35.57 15.93 -25.42 -3.62 -0 0 -0.76 -5.1 15.2 -1.34 -7.12 0 -0 -29.23 43.09 1.52 0 0 0 68.49 -20 41.77 -11.2 18.59 -1.84 0 -0 -2.19 12.05 11.84 2.51 7.12 -0 -0 26.52 -18.34 18.97
4.47 16.56 -15.36 -4.28 7.09 28.6 0 0 0 -26.45 12.28 -26.57 4.45 12.73 38.38 2.13 37.68 35.39 0.18 -2.7 -7.44 0 0 0 29.77 17.28 -40.22 -2.55 -9.92 28.73 -1.3 -20.2 -36.58 -0.96 -6.24 17.49 5.16 -0.85 -17.28 4.75 -1.86 -10.31 1.81 -1.02 -1.38 -0.26 -2.54 -13.44 -0.71 -3.71 42.03 -0.96 -1.63 17.84 -0 0 0 -87.13 25.6 35.58 15.94 -25.43 -3.62 -0 0 -0.73 -5.13 14.56 -1.29 -7.12 0 -0 -28.98 42.51 1.96 -0 0 0 67.06 -19.7 43.23 -10.83 18.03 -1.72 0 -0 -1.08 10.8 13.09 2.47 7.12 -0 -0 25.54 -17.25 18.8
4.47 16.57 -15.36 -4.3 7.17 28.63 0 0 0 -26.32 12.19 -26.5 4.42 12.71 38.27 2.33 37.33 35.97 0.21 -2.97 -8.18 0 0 0 29.81 17.15 -40.33 -2.55 -9.92 28.73 -1 -20.89 -35.69 -0.69 -5.3 14.77 5.37 -0.71 -16.97 4.68 -1.67 -10.4 1.66 -0.94 -1.64 -0.41 -2.64 -13.09 -0.56 -3.86 41.75 -0.88 -1.7 17.59 0 0 0 -86.91 25.76 36 15.96 -25.47 -3.63 -0 0 -1.26 -4.95 14.34 -1.23 -7.12 0 -0 -28.74 42.34 2.07 0 0 0 66.29 -19.94 42.84 -10.67 17.78 -1.67 0 0 0.92 10.95 12.55 2.41 7.12 -0 -0 25.72 -17.73 18.65
4.48 16.57 -15.38 -4.45 6.84 29.04 0 0 0 -26.49 12.25 -27.25 4.45 12.74 38.4 2.08 38.53 35.66 0.14 -2.4 -6.61 0 0 0 29.82 17.2 -41.06 -2.56 -9.94 28.8 -0.71 -21.27 -34.51 -0.5 -4.53 12.56 5.55 -0.52 -17.15 4.75 -1.47 -10.29 1.67 -0.84 -1.44 -0.43 -2.66 -13.39 -0.66 -3.84 41.48 -0.92 -1.71 17.51 -0 0 0 -87.23 25.06 35.33 15.33 -24.61 -3.36 -0 0 -0.63 -5.09 13.96 -1.23 -7.12 0 -0 -28.7 41.99 2.34 -0 0 0 65.99 -19.48 40.16 -10.11 16.91 -1.51 0 0 4.61 10.62 13.71 2.55 7.12 -0 -0 25.33 -16.68 18.96
4.49 16.56 -15.41 -4.33 6.84 29.01 0 0 0 -26.69 12.37 -27.47 4.51 12.82 38.68 1.94 38.73 35.27 0.12 -2.23 -6.14 0 0 0 29.69 17.16 -40.93 -2.56 -9.95 28.81 -1.16 -19.93 -35.52 -0.83 -5.8 16.21 5.61 -0.45 -16.91 4.66 -1.37 -10.23 1.56 -0.79 -1.5 -0.27 -2.64 -13.45 -0.69 -3.84 41.49 -0.96 -1.69 17.52 -0 0 0 -87.1 25.22 36.02 15.53 -24.88 -3.45 -0 0 -1.36 -4.52 14.31 -1.12 -7.12 0 -0 -28.38 42.36 2.03 -0 0 0 66.59 -19.1 36.27 -9.26 15.57 -1.27 0 0 9.72 6.33 15.36 1.68 7.12 -0 -0 22.46 -15.21 17.17
4.49 16.55 -15.43 -4.33 6.38 29.08 0 0 0 -27 12.73 -28.16 4.64 12.97 39.26 2.62 36.94 36.85 0.29 -3.46 -9.55 0 0 0 29.53 17.61 -40.7 -2.52 -9.88 28.59 -1.89 -18.12 -37.62 -1.45 -7.62 21.56 5.51 -0.27 -16.65 4.64 -1.09 -10.24 1.63 -0.65 -1.65 -0.39 -2.63 -13.26 -0.54 -3.85 41.38 -0.87 -1.69 17.42 0 0 0 -87.21 25.45 36.09 15.69 -25.1 -3.51 -0 0 -1.88 -3.44 14.25 -0.85 -7.12 0 -0 -27.46 42.42 1.91 0 0 0 67.74 -18.95 32.09 -8.1 13.71 -0.98 0 0 16.29 2.86 16.07 0.79 7.12 -0 -0 20.21 -14.52 15.51
4.49 16.55 -15.45 -4.28 6.39 28.82 0 0 0 -27.02 13.04 -28.12 4.68 13.02 39.44 2.99 35.82 37.72 0.38 -3.94 -10.92 0 0 0 29.36 17.93 -40.41 -2.53 -9.9 28.65 -1.29 -19.85 -36.17 -0.99 -6.33 17.74 5.58 -0.09 -16.23 4.51 -0.83 -10.1 1.49 -0.53 -1.71 -0.46 -2.84 -13.08 -0.43 -4.18 41.13 -0.85 -1.82 17.24 0 0 0 -87.08 25.07 36.27 15.62 -25 -3.48 -0 0 -1.15 -3.07 15.37 -0.82 -7.12 0 -0 -27.63 43.46 1.15 0 0 0 69.91 -18.84 25.16 -7 11.92 -0.73 0 0 23.04 -4.71 17.72 -1.44 7.12 -0 -0 15.25 -12.65 11.99
4.51 16.54 -15.4 -4.42 5.37 26.84 0 0 0 -27.02 15.13 -25.96 4.59 12.91 39.03 1.37 39.33 33.45 0.01 -0.55 -1.52 0 0 0 29.97 17.02 -38.13 -2.56 -9.94 28.8 -1.89 -18.05 -37.56 -1.4 -7.48 21.16 5.65 0.32 -14.93 4.39 -0.24 -9.33 1.4 -0.23 -1.54 -0.67 -2.99 -12.8 -0.2 -4.42 40.94 -0.74 -1.92 17.07 0 -0 0 -87.08 24.87 37.32 15.67 -25.07 -3.51 -0 0 -1.8 -1.28 16.49 -0.36 -7.12 0 -0 -26.6 44.66 0.24 0 -0 0 72.84 -17.85 8.66 -5.3 9.08 -0.42 0 0 35.14 -14.89 21.85 -5.65 7.12 -0 -0 8.76 -7.66 7.61
4.49 16.55 -15.46 -4.18 6.56 27.89 0 0 0 -26.9 13.52 -27.13 4.69 13.03 39.48 -0.28 42.73 29.58 0.12 2.24 6.18 0 0 0 29.46 17.61 -39.58 -2.56 -9.95 28.83 -1.36 -19.95 -36.63 -1.1 -6.66 18.72 5.74 0.19 -15.26 4.23 -0.39 -10.07 1.17 -0.33 -2.19 -0.76 -3.12 -11.92 0.19 -4.76 41 -0.59 -2.03 16.9 -0 0 0 -86.92 25.23 37.21 15.76 -25.19 -3.54 -0 0 -1.22 -0.81 16.93 -0.24 -7.12 0 -0 -26.39 45.11 -0.08 -0 0 0 76.4 -17.63 7.19 -4.33 7.45 -0.28 0 0 27.14 -23.99 22.19 -9.54 7.12 -0 -0 3.06 -5.95 2.73
4.51 16.55 -15.44 -4.47 5.91 26.83 0 0 0 -26.8 14.7 -26.12 4.65 12.98 39.28 -0.09 41.88 29.65 0.11 2.13 5.87 0 0 0 30.17 16.42 -38.89 -2.61 -10.03 29.07 -1.52 -18.97 -36.49 -1.11 -6.68 18.77 6.18 0.55 -14.45 4.05 0.08 -9.77 0.79 -0.12 -2.28 -0.83 -3.27 -11.57 0.37 -5.04 40.92 -0.54 -2.14 16.78 0 -0 0 -86.8 25.26 37.93 15.9 -25.39 -3.6 -0 0 -2.16 -0.37 16.96 -0.11 -7.12 0 -0 -26.02 45.19 -0.13 0 -0 0 79.54 -16.17 6.09 -3.08 5.32 -0.14 0 0 17.52 -31.66 24.17 -14.17 7.12 -0 -0 -1.4 -2.19 -1.35
4.46 16.56 -15.52 -3.75 6.5 28.08 0 0 0 -27.42 13.13 -27.7 4.77 13.12 39.8 -0.21 42.29 29.53 0.11 2.1 5.79 0 0 0 28.39 18.7 -40.31 -2.65 -10.1 29.31 -1.43 -20.71 -37.77 -1.28 -7.16 20.2 5.13 0.21 -14.8 4.03 -0.24 -10.29 1.32 -0.24 -2.65 -0.7 -3.32 -11.7 0.24 -5.1 41.14 -0.63 -2.15 16.93 -0 0 0 -86.99 25.01 38.19 15.84 -25.31 -3.58 -0 0 -2.71 0.92 16.36 0.26 -7.12 0 -0 -24.66 44.8 0.13 -0 0 0 82.06 -14.87 5.32 -2.94 5.07 -0.13 0 0 10.13 -30.3 22.94 -12.83 7.12 -0 -0 -0.77 -3.87 -0.71
4.46 16.55 -15.55 -3.99 6.74 27.91 0 0 0 -27.1 12.91 -27.91 4.89 13.26 40.33 0.25 41.28 30.5 0.03 1.14 3.13 0 0 0 29.28 17.47 -40.25 -2.61 -10.04 29.1 -1.3 -19.87 -36.24 -1.18 -6.89 19.4 5.16 0.16 -15.55 4.31 -0.42 -9.67 1.57 -0.3 -1.58 -0.51 -3.3 -11.97 -0.01 -5.02 40.86 -0.77 -2.12 16.82 -0 0 0 -87.5 24.06 38.46 15.85 -25.31 -3.58 -0 0 -2.39 0.72 16.37 0.2 -7.12 0 -0 -24.83 44.78 0.14 -0 0 0 83.56 -12.37 4.93 -2.17 3.75 -0.07 0 0 7.79 -27.31 22.59 -11.22 7.12 -0 -0 1.03 -4.89 0.94
4.46 16.57 -15.56 -4.12 7.32 27.48 0 0 0 -26.67 12.92 -27.35 4.87 13.24 40.28 -4.46 47.34 18.05 1.52 7.79 22.07 0 0 0 29.62 16.88 -40.21 -2.62 -10.06 29.16 -1.08 -20.64 -35.83 -0.95 -6.2 17.38 5.42 -0.1 -15.17 4.5 -0.76 -9.64 1.58 -0.48 -1.76 -0.46 -3.27 -11.91 -0.18 -4.93 41.09 -0.84 -2.1 16.92 -0 -0 0 -87.44 23.85 40.34 15.67 -25.07 -3.5 -0 0 -3.05 1.37 15.78 0.37 -7.12 0 -0 -24.03 44.33 0.42 -0 -0 0 84.07 -12.93 5.04 -3.87 6.66 -0.23 0 0 12.81 -18.64 19.71 -6.49 7.12 -0 -0 6.25 -9.37 5.18
4.48 16.55 -15.55 -4.67 6.66 26.47 0 0 0 -26.39 14.11 -26.57 4.9 13.27 40.4 -6.29 48.41 12.02 2.35 9.57 27.59 0 0 0 30.72 15.8 -39.1 -2.58 -9.99 28.93 -1.06 -19.76 -34.79 -0.95 -6.21 17.39 5.72 0.03 -14.56 4.73 -0.58 -9.45 1.68 -0.4 -1.88 -0.44 -3.32 -11.19 -0.35 -4.94 41.08 -0.91 -2.14 16.72 -0 0 0 -87.48 24.06 41.95 15.77 -25.21 -3.55 -0 0 -2.77 0.85 16.54 0.24 -7.12 0 -0 -24.79 44.95 0.03 -0 0 0 82.62 -14.13 12.77 -5.68 9.72 -0.48 0 0 14.73 -10.08 20.81 -3.61 7.12 -0 -0 11.77 -9.22 9.95
4.46 16.55 -15.61 -4.12 7.07 27.48 0 0 0 -27.06 12.89 -27.93 5 13.39 40.83 -4 46.78 19.21 1.08 6.61 18.57 0 0 0 29.62 16.91 -40.31 -2.61 -10.04 29.09 -1.08 -20.34 -35.55 -1.08 -6.62 18.58 4.88 -0.22 -15.26 4.63 -0.82 -10.14 2.02 -0.49 -2.24 0.32 -3.42 -9.54 -0.63 -5.17 40.77 -1.14 -2.17 16.11 -0 -0 0 -86.46 24.42 45.32 15.63 -25.02 -3.49 -0 0 -2.87 0.21 17.08 0.06 -7.12 0 -0 -25.57 45.37 -0.25 -0 -0 0 79 -16.5 34.76 -9.2 15.48 -1.25 0 0 4.83 -4.66 18.57 -1.49 7.12 -0 -0 15.25 -11.83 12.26
4.48 16.56 -15.64 -4.49 7.16 27.08 0 0 0 -26.78 13.12 -28.01 5.13 13.53 41.39 -9.32 50.01 1.11 3.63 11.65 34.51 0 0 0 30.24 16.06 -40.39 -2.62 -10.06 29.17 -0.82 -20.48 -34.23 -0.94 -6.19 17.33 5.23 -0.42 -15.35 4.96 -1.16 -9.91 2.12 -0.66 -1.95 0.46 -3.41 -8.74 -0.67 -5.17 40.51 -1.16 -2.18 15.77 -0 0 0 -86.1 24.41 47.61 15.92 -25.42 -3.61 -0 0 -2.49 0.54 16.68 0.16 -7.12 0 -0 -25.11 45.05 -0.03 -0 0 0 71.03 -17.83 55.77 -15.77 25.21 -3.55 0 -0 -4.08 -2.79 16.23 -0.78 7.12 -0 -0 16.57 -14.18 12.55
4.51 16.55 -15.65 -4.7 6.57 26.72 0 0 0 -27.1 14.11 -28.17 5.22 13.63 41.76 -8.35 48.4 2.14 4.12 12.32 36.89 0 0 0 30.62 15.66 -39.72 -2.57 -9.97 28.87 -1.01 -19.29 -34 -1.07 -6.57 18.45 5.26 -0.67 -15.62 5.3 -1.54 -9.74 2.4 -0.85 -1.62 1.08 -3.21 -7.85 -1.26 -4.81 40.58 -1.44 -2.02 15.54 0 -0 0 -85.64 25.19 49.7 16.76 -26.54 -3.98 -0 0 -3.12 -0.68 17.03 -0.2 -7.12 0 -0 -26.32 45.21 -0.15 0 -0 0 60.9 -17.74 70.41 -24.56 35.76 -8.03 0 -0 -4.67 3.27 12.29 0.7 7.12 -0 -0 20.89 -18.07 14.37
4.53 16.53 -15.67 -4.85 6.13 26.28 0 0 0 -27.34 14.9 -28.24 5.28 13.7 42.03 -1.82 43.69 24.5 0.36 3.84 10.64 0 0 0 30.61 16.05 -39.08 -2.57 -9.96 28.86 -1.04 -19.3 -34.22 -1.29 -7.21 20.32 5.2 -1.06 -15.63 5.75 -2.05 -9.85 2.85 -1.09 -1.71 1.33 -2.93 -6.03 -1.78 -4.23 40.5 -1.57 -1.83 15.05 0 0 0 -84.79 26.1 54.35 17.3 -27.25 -4.22 -0 0 -5.29 -1.06 16.73 -0.3 -7.12 0 -0 -26.51 44.9 0.07 0 0 0 49.56 -16.31 81.9 -35.92 45.46 -15.47 0 0 5.5 9.95 11.69 2.04 7.12 -0 -0 25.25 -18.55 17.71
4.53 16.53 -15.68 -5.2 5.95 26.24 0 0 0 -27.25 15.14 -28.3 5.27 13.68 41.97 -2.62 43.43 20.94 0.61 5 13.9 0 0 0 30.6 16.65 -39.4 -2.64 -10.09 29.28 -0.9 -19.96 -34.1 -1.21 -6.97 19.62 5.36 -1.52 -16.84 6.37 -2.82 -9.67 3.27 -1.46 -0.85 1.71 -2.69 -4.7 -2.63 -3.63 40.68 -1.89 -1.64 14.82 -0 0 0 -83.88 26.8 57.96 18.61 -28.94 -4.84 -0 0 -6.41 -2.63 15.97 -0.73 -7.12 0 -0 -27.52 44.04 0.71 -0 0 0 39.2 -13.27 88.09 -53.53 54.33 -29.02 0 0 10.44 18.92 6.74 2.3 7.12 -0 -0 31.73 -22.52 20.45
4.52 16.52 -15.69 -5.63 5.21 26.19 0 0 0 -27.14 15.59 -28.5 5.29 13.71 42.08 -3.01 43.59 19.46 0.7 5.37 14.95 0 0 0 31.14 16.67 -39.26 -2.62 -10.05 29.15 -0.83 -19.65 -33.37 -1.12 -6.71 18.86 5.38 -1.73 -17.97 7.08 -3.22 -9.58 3.92 -1.64 -0.13 1.84 -2.49 -3.71 -3.64 -3 41.44 -2.26 -1.47 14.96 -0 0 0 -83.11 27.09 61.11 19.65 -30.22 -5.36 -0 0 -5.73 -4.48 15.66 -1.21 -7.12 0 -0 -28.92 43.56 1.13 -0 0 0 31.19 -9.55 88.09 -77.2 59.37 -48.93 0 0 5.34 32.88 -0.41 -0.26 7.12 -0 -0 41.13 -26.6 25.29
4.5 16.5 -15.72 -5.78 4.3 26.17 0 0 0 -27.22 15.32 -28.49 5.3 13.71 42.1 -5.47 47.73 14.45 1.48 7.68 21.74 0 0 0 31.57 16.34 -38.99 -2.58 -9.98 28.9 -1.12 -17.65 -32.99 -1.21 -6.97 19.62 5.4 -1.6 -18.64 7.15 -3.1 -9.87 4 -1.58 -0.09 2.43 -2.59 -2.37 -4.24 -3.03 42.32 -2.63 -1.46 15.08 0 -0 0 -81.98 27.18 62.71 20.15 -30.82 -5.61 -0 0 -5.09 -7.35 15.2 -1.94 -7.12 0 -0 -31.07 42.84 1.86 0 -0 0 27.74 -7.82 79.8 -100.63 59.57 -69.19 0 -0 -8.3 45.15 -4.31 -4.32 7.12 -0 -0 45.72 -25.18 34.69
4.47 16.51 -15.69 -5.73 3.63 25.38 0 0 0 -26.94 15.16 -26.91 5.12 13.52 41.33 -8.45 49.83 5 2.97 10.64 31.07 0 0 0 31.83 15.8 -38.38 -2.62 -10.06 29.16 -0.98 -17.79 -32.25 -0.92 -6.1 17.06 5.09 -1.53 -18.87 7.11 -3.01 -9.59 4.13 -1.52 0.33 2.85 -2.75 -3.7 -4.14 -3.49 43.95 -2.84 -1.54 16.25 0 -0 0 -81.31 26.03 63.54 19.94 -30.57 -5.5 -0 0 -4.98 -9.6 14.4 -2.41 -7.12 0 -0 -32.51 41.89 2.83 0 -0 0 28.69 -6.41 65.8 -119.04 56.56 -84.86 0 -0 -28.61 46.4 -4.04 -4.24 7.12 -0 -0 45.6 -24.04 36.84
4.43 16.5 -15.69 -6.02 3.23 25.17 0 0 0 -26.39 14.61 -26.51 5.12 13.52 41.34 -2.68 46.05 23.54 0.61 4.98 13.86 0 0 0 32.97 14.31 -38.15 -2.54 -9.91 28.7 -1.04 -16.28 -31.09 -0.92 -6.1 17.08 4.99 -1.48 -19.36 7.18 -2.89 -10.61 4.3 -1.46 -0.52 2.77 -2.97 -1 -3.69 -3.93 43.84 -2.59 -1.7 15.55 0 -0 0 -81.19 27.68 62.77 20.2 -30.88 -5.63 -0 0 -4.58 -13.2 14.17 -3.29 -7.12 0 -0 -35.2 41.3 3.75 0 -0 0 33.59 -6.51 53.93 -133.86 51.32 -96.87 0 -0 -49.21 30.8 -1.69 -1.01 7.12 -0 -0 40.74 -28.23 22.48
4.39 16.52 -15.69 -6.12 2.93 25.24 0 0 0 -26.09 13.9 -26.48 5.1 13.5 41.27 2.89 34.52 36.74 0.69 -5.32 -14.82 0 0 0 33.25 14.22 -38.24 -2.51 -9.86 28.53 -1.12 -15.88 -31.24 -1.02 -6.41 17.98 4.73 -1.23 -19.44 7.13 -2.47 -11.22 4.5 -1.24 -1.16 3.12 -3.29 -1.72 -3.55 -4.52 42.97 -2.65 -1.9 15.21 0 -0 0 -81.05 28.08 62.88 20.66 -31.43 -5.87 -0 0 -5.7 -14.48 13.32 -3.41 -7.12 0 -0 -35.77 40.44 4.74 0 -0 0 42.71 -4.36 42.32 -142.63 46.43 -103.49 0 -0 -61.18 23.53 3.89 1.69 7.12 -0 -0 35.13 -24.54 21.61
4.34 16.51 -15.68 -6.17 2.97 25.1 0 0 0 -25.76 14 -26.49 5.17 13.57 41.55 1.66 38.18 33.87 0.08 -1.83 -5.05 0 0 0 34.23 12.34 -38.71 -2.53 -9.88 28.6 -0.85 -15.38 -28.93 -0.61 -5 13.9 4.58 -1.35 -19.13 7.43 -2.51 -12.04 4.94 -1.25 -2.2 2.13 -3.16 -0.41 -2.57 -4.35 38.51 -1.84 -1.96 12.82 0 -0 0 -82.03 29.16 61.49 20.75 -31.53 -5.92 -0 0 -6.42 -16.85 13.28 -3.98 -7.12 0 -0 -37.49 40.14 5.41 0 -0 0 52.63 -0.93 35.73 -149 41.73 -107.93 0 -0 -70.95 13.49 8.33 1.99 7.12 -0 -0 28.09 -21.47 18.12
4.27 16.5 -15.72 -5.62 2.29 25.51 0 0 0 -26.52 14.02 -27.61 5.31 13.73 42.16 3.05 34.74 37.45 0.72 -5.43 -15.14 0 0 0 33.4 13.66 -38.99 -2.56 -9.94 28.8 -1.06 -15.2 -30.16 -0.93 -6.15 17.22 3.33 -1.14 -18.4 7.57 -1.91 -13.04 5.97 -0.86 -3.68 1.94 -3.17 -1.08 -2.53 -4.26 34.05 -1.67 -2 11.07 -0 0 0 -82.8 29.46 61.49 19.8 -30.41 -5.43 -0 0 -6.11 -18.12 13.45 -4.35 -7.12 0 -0 -38.49 40.13 5.62 -0 0 0 60.42 3.07 32.48 -152.8 38.37 -110.38 0 -0 -81.83 4.18 11.08 0.81 7.12 -0 -0 21.65 -19.2 14.38
4.24 16.48 -15.72 -5.72 2.26 24.91 0 0 0 -26.19 14.71 -26.93 5.28 13.69 42.03 4.2 33.55 41.29 1.02 -6.41 -17.99 0 0 0 34.24 12.09 -38.33 -2.5 -9.84 28.48 -1.15 -13.65 -29.3 -0.95 -6.21 17.39 3.37 -1 -18.28 7.94 -1.7 -13.3 6.4 -0.73 -4.04 1.57 -3.01 0.44 -2.26 -3.92 26.73 -1.28 -1.92 8.1 -0 0 0 -83.85 29.85 60.93 18.79 -29.16 -4.93 -0 0 -4.27 -18.39 12.67 -4.17 -7.12 0 -0 -38.3 39.45 6.38 -0 0 0 66.43 11.39 30.97 -154.38 36.84 -111.34 0 -0 -88.66 -1.76 9.67 -0.3 7.12 -0 -0 17.83 -20.49 11
4.21 16.5 -15.74 -5.39 2.04 25.35 0 0 0 -26.59 14.94 -27.35 5.17 13.58 41.56 3.79 34.5 40.13 0.79 -5.67 -15.83 0 0 0 33.59 13.05 -38.76 -2.51 -9.85 28.5 -0.99 -14.69 -29.2 -0.8 -5.69 15.9 2.74 -1 -17.21 8.5 -1.4 -14.75 7.54 -0.46 -6.27 0.63 -2.89 3.28 -2.48 -3.63 19.43 -1.01 -1.89 5.25 0 -0 0 -84.95 31.74 61 18.52 -28.82 -4.8 -0 0 -1.97 -19.71 13.21 -4.68 -7.12 0 -0 -39.49 39.74 6.32 0 -0 0 69.9 19.14 30.96 -154.46 36.75 -111.39 0 -0 -90.99 -3.83 10.38 -0.69 7.12 -0 -0 16.33 -19.77 10.27
4.19 16.51 -15.75 -5.23 2.55 25.87 0 0 0 -26.5 14.45 -27.75 5.16 13.56 41.52 5.46 30.22 44.94 1.53 -7.82 -22.17 0 0 0 32.69 15.08 -38.8 -2.52 -9.87 28.56 -0.99 -15.92 -30.41 -1 -6.37 17.85 2.39 -0.94 -17.57 9.1 -1.24 -15.12 8.46 -0.29 -6.54 0.28 -3.14 2.42 -3.67 -3.86 14.19 -1.38 -2.06 4.14 -0 0 0 -85.32 31.58 63.87 18.93 -29.33 -5 -0 0 -0.97 -21.34 12.47 -4.82 -7.12 0 -0 -40.24 38.93 7.54 -0 0 0 71.13 29.47 30.98 -153.11 38.08 -110.57 0 -0 -92.22 -7.87 10.3 -1.42 7.12 -0 -0 13.54 -19.72 8.41
4.2 16.53 -15.75 -4.76 3.4 25.79 0 0 0 -26.61 14.41 -27.2 5.05 13.44 41.05 5.19 31.15 44.18 1.25 -7.09 -19.97 0 0 0 31.84 15.52 -38.57 -2.51 -9.85 28.5 -1.36 -15.66 -32.49 -1.51 -7.75 21.96 2.68 -0.79 -17.38 9.06 -1.01 -15.52 8.31 -0.18 -7.15 0.43 -3.64 3.66 -4.6 -4.6 8.69 -1.55 -2.38 1.98 0 -0 0 -84.95 32.12 65.56 19.59 -30.14 -5.32 -0 -0 0.13 -21.32 11.82 -4.57 -7.12 0 -0 -39.91 38.39 8.13 0 -0 0 72.12 40.46 31.07 -150.24 40.68 -108.75 0 -0 -96.67 -10.79 9.68 -1.84 7.12 -0 -0 11.53 -20.22 6.97
4.21 16.54 -15.76 -4.66 4.22 25.83 0 0 0 -26.4 14.4 -27.11 5 13.38 40.81 4.69 32.13 42.63 0.84 -5.83 -16.3 0 0 0 31.75 15.35 -38.68 -2.45 -9.75 28.19 -1.31 -16.42 -32.89 -1.42 -7.53 21.31 3.27 -0.33 -16.66 8.95 -0.34 -15.94 7.96 0.14 -8.13 0.89 -4.17 2.17 -6.14 -5.35 5.64 -2.09 -2.75 1.19 0 -0 0 -84.09 32.43 67.91 19.97 -30.61 -5.52 -0 0 -0.27 -21.82 12.82 -5.08 -7.12 0 -0 -40.74 39.15 7.39 0 -0 0 70.68 51.3 29.72 -146.41 43.78 -106.17 0 -0 -100.51 -14.25 8.52 -2.16 7.12 -0 -0 9.11 -21.24 5.26
4.2 16.56 -15.77 -3.57 5.63 25.93 0 0 0 -26.79 13.08 -26.35 4.88 13.25 40.3 5.45 30.18 44.9 1.33 -7.3 -20.6 0 0 0 30.03 16.32 -38.87 -2.52 -9.87 28.56 -1.66 -17.07 -35.5 -1.86 -8.57 24.45 2.86 -0.5 -15.74 8.91 -0.37 -16.56 8.21 0.2 -9.37 0.68 -4.43 1.35 -7.49 -5.78 3.13 -2.46 -2.94 0.49 -0 0 0 -83.92 33.21 69.13 20.16 -30.83 -5.61 -0 -0 0.53 -21.22 12 -4.62 -7.12 0 -0 -39.92 38.55 7.93 -0 0 0 68.09 61.82 28.74 -140.37 47.85 -101.84 0 -0 -101.27 -14.91 7.51 -1.99 7.12 -0 -0 8.67 -22.24 4.8
4.21 16.57 -15.79 -3.45 6.3 25.83 0 0 0 -26.67 12.58 -26.36 4.91 13.28 40.43 5.11 30.97 43.86 1.14 -6.79 -19.1 0 0 0 29.98 16.24 -38.61 -2.44 -9.74 28.13 -1.55 -17.77 -35.54 -1.87 -8.59 24.52 3.42 -0.03 -14.78 8.73 0.33 -16.79 7.78 0.51 -10.27 0.57 -4.84 1.58 -8.12 -6.57 -0.51 -2.58 -3.24 -0.75 -0 0 0 -83.29 33.64 69.74 20.4 -31.12 -5.73 -0 -0 0.27 -20.97 11.71 -4.45 -7.12 0 -0 -39.61 38.34 8.1 -0 0 0 63 71.79 24.9 -132.41 51.98 -95.74 0 -0 -102.01 -12.59 7.32 -1.63 7.12 -0 -0 10.36 -22.52 5.7
4.21 16.6 -15.81 -3.26 7.06 26.02 0 0 0 -26.71 12.05 -26.27 4.88 13.24 40.28 4.9 31.26 43.14 1.11 -6.68 -18.78 0 0 0 29.53 16.51 -38.92 -2.44 -9.73 28.1 -1.57 -18.28 -36.11 -1.99 -8.85 25.32 4.05 0.42 -13.34 8.37 1.07 -17.2 7.09 0.82 -11.66 1.55 -5.13 -0.72 -10.01 -7.06 -1.88 -3.43 -3.5 -0.93 -0 -0 0 -82.11 34.34 70.49 20.78 -31.57 -5.94 -0 0 -0.17 -21.5 11.4 -4.45 -7.12 0 -0 -39.81 38.01 8.58 -0 -0 0 51.36 80.42 14.2 -123.9 55.18 -88.88 0 -0 -103.91 -12.41 7.39 -1.62 7.12 -0 -0 10.49 -22.45 5.78
4.24 16.61 -15.75 -3.33 6.83 25.69 0 0 0 -26.91 12.72 -25.57 4.73 13.07 39.62 4.18 33.86 41.33 0.67 -5.24 -14.6 0 0 0 30.13 14.95 -38.78 -2.42 -9.69 27.99 -1.37 -17.8 -34.57 -1.65 -8.1 23.02 4.78 1.03 -12.62 8.4 1.94 -17.28 6.75 1.18 -12.26 0.67 -5.17 -1.77 -10.79 -7.19 -2.8 -3.56 -3.55 -1.05 0 0 0 -81.96 35.31 70.69 20.64 -31.4 -5.86 -0 0 -1.38 -23.21 13.23 -5.6 -7.12 0 -0 -41.87 39.31 7.5 0 0 0 3.94 86.75 -31.26 -111.67 58.15 -78.65 0 -0 -100.92 -11.42 6.03 -1.22 7.12 -0 -0 11.29 -23.84 5.88
4.23 16.61 -15.74 -3.57 7.52 26.16 0 0 0 -26.55 12.48 -26.18 4.76 13.1 39.76 2.75 38.42 38.06 0.1 -2.02 -5.56 0 0 0 30.7 14.47 -39.14 -2.33 -9.53 27.47 -1.39 -17.5 -34.42 -1.83 -8.5 24.25 5.56 1.44 -12.46 8.47 2.55 -17.6 6.43 1.41 -12.83 0.17 -5.1 -2.18 -11.78 -7.27 -4.48 -3.81 -3.52 -1.56 0 -0 0 -81.43 35.81 71.54 20.53 -31.28 -5.8 -0 0 -1.99 -22.57 12.9 -5.3 -7.12 0 -0 -41.28 39.13 7.58 0 -0 0 -85.11 84.15 -119.13 -98.82 59.7 -67.63 0 -0 -99.6 -9.87 4.88 -0.85 7.12 -0 -0 12.53 -25.02 6.2
4.2 16.63 -15.79 -2.34 9.17 27.47 0 0 0 -27.12 10.35 -26.94 4.75 13.1 39.73 4.85 31.75 43.13 0.99 -6.34 -17.79 0 0 0 28.55 16.03 -40.97 -2.45 -9.75 28.17 -1.47 -19.29 -36.58 -2.28 -9.43 27.16 4.93 1.11 -12.52 8.29 2.22 -18.2 6.61 1.34 -13.54 0.6 -5.06 -3.53 -13.8 -7.25 -4.43 -4.66 -3.55 -1.42 -0 -0 0 -80.76 36.14 71.88 20.7 -31.47 -5.89 -0 0 -2.33 -21.7 12.36 -4.87 -7.12 0 -0 -40.43 38.79 7.77 -0 -0 0 -103.08 79.22 -136.41 -85.38 59.92 -56 0 -0 -95.76 -7.07 5.1 -0.63 7.12 -0 -0 14.57 -24.83 7.33
4.18 16.63 -15.77 -2.11 9.08 27.32 0 0 0 -27.24 10.77 -26.9 4.77 13.12 39.83 3.97 35.13 41.05 0.41 -4.11 -11.38 0 0 0 27.9 17.06 -40.45 -2.47 -9.79 28.29 -1.74 -19.22 -37.89 -2.38 -9.61 27.72 5.21 1.43 -11.36 8.05 2.8 -18.61 6.21 1.59 -14.81 1.04 -5.01 -2.27 -15.83 -7.53 -5.92 -4.83 -3.54 -2.01 -0 0 0 -79.29 37.57 72.78 21.82 -32.78 -6.49 -0 0 -3.12 -21.98 12.93 -5.16 -7.12 0 -0 -40.9 39.22 7.34 -0 0 0 -113.7 76.04 -147.31 -71.83 58.71 -44.33 0 -0 -90.53 -4.93 6.03 -0.52 7.12 -0 -0 16.01 -23.94 8.46
4.17 16.61 -15.76 -2.21 9.41 27.63 0 0 0 -26.98 10.73 -27.41 4.88 13.24 40.29 4.81 31.21 42.8 0.9 -6.06 -16.96 0 0 0 28.28 16.77 -40.71 -2.43 -9.72 28.06 -1.6 -19.58 -37.49 -2.5 -9.85 28.48 5.74 1.91 -11.33 7.79 3.44 -18.6 5.61 1.81 -14.83 1.04 -4.92 -4.57 -16.93 -7.13 -4.33 -5.27 -3.51 -1.15 -0 0 0 -77.17 37.43 75.33 23.11 -34.21 -7.2 -0 0 -4.23 -22.08 13.33 -5.34 -7.12 0 -0 -41.17 39.55 6.99 -0 0 0 -118.13 73.16 -152.76 -60.04 56.32 -34.38 0 -0 -85.88 -4.06 6.34 -0.45 7.12 -0 -0 16.6 -23.65 8.91
4.17 16.61 -15.73 -2.01 8.68 27.47 0 0 0 -27.59 11.86 -27.28 4.83 13.2 40.1 1.4 40.85 34.49 0.03 1.02 2.81 0 0 0 27.58 17.64 -40.66 -2.58 -9.98 28.91 -1.59 -19.94 -37.8 -2.38 -9.61 27.72 6.06 2.33 -10.96 7.43 4.02 -18.65 4.99 2.01 -15.1 0.4 -4.89 -3.31 -16.8 -7.21 -4.93 -5.07 -3.45 -1.52 0 0 0 -74.56 37.81 79.67 25.03 -36.23 -8.31 -0 0 -6.58 -20.89 13.47 -5.08 -7.12 0 -0 -40.44 39.81 6.45 0 0 0 -127.6 72.49 -164.39 -52.45 53.94 -28.14 0 -0 -82.34 -4.31 7.41 -0.56 7.12 -0 -0 16.3 -22.61 9.15
4.15 16.6 -15.74 -2.2 8.88 27.67 0 0 0 -27.4 12.11 -27.98 4.92 13.29 40.48 1.33 40.97 34.32 0.03 1.09 3.01 0 0 0 27.57 18.32 -40.84 -2.6 -10.02 29.03 -1.69 -20.17 -38.5 -2.4 -9.66 27.88 6.93 2.41 -11.66 7.09 4 -18.93 4.16 1.84 -14.98 0 -4.97 -1.76 -16.35 -7.1 -3.06 -4.84 -3.44 -1.2 0 -0 0 -70.83 38.97 83.89 29.37 -40.35 -11 -0 0 -8.23 -21.86 15.4 -6.08 -7.12 0 -0 -42.14 41.26 4.91 0 -0 0 -140.36 73.56 -179.23 -48.2 52.24 -24.74 0 -0 -85.3 -8.43 8.73 -1.29 7.12 -0 -0 13.25 -21.24 7.76
4.13 16.59 -15.73 -2.02 8.6 27.78 0 0 0 -27.65 12.57 -28.3 4.98 13.36 40.72 2.29 38.6 36.46 0.01 -0.58 -1.6 0 0 0 27.67 17.87 -40.96 -2.6 -10.01 29.02 -1.69 -19.75 -38.12 -2.42 -9.7 28 7.39 2.09 -11.81 6.97 3.43 -18.42 3.74 1.46 -14.13 -1.23 -4.41 -4.81 -13.99 -5.68 0.02 -4.49 -3.02 0.45 -0 0 0 -68.59 39.2 83.75 35.8 -45.37 -15.38 -0 0 -8.01 -23.65 17.66 -7.57 -7.12 0 -0 -44.7 42.84 3.08 -0 0 0 -159.01 75.28 162.94 -52.37 53.91 -28.08 0 -0 -99.62 -18.7 9.2 -3.1 7.12 -0 -0 5.9 -20.3 3.5
4.11 16.6 -15.73 -2.12 8.44 27.87 0 0 0 -27.54 12.71 -28.65 5.02 13.4 40.9 2.47 38.36 37.02 0.02 -0.82 -2.26 0 0 0 27.28 19.14 -40.88 -2.65 -10.11 29.33 -1.7 -20.24 -38.61 -2.47 -9.78 28.28 7.81 1.82 -13.21 6.4 2.87 -19.12 2.93 1.07 -14.16 -2.47 -4.51 0.56 -10.29 -5.89 2.33 -2.84 -3.04 0.38 0 0 0 -65.13 41.76 83.48 42.72 -49.6 -20.49 -0 0 -8.96 -25.88 19.31 -9.12 -7.12 0 -0 -47.26 43.81 1.84 0 0 0 149.67 76.33 113.5 -64.98 57.5 -38.51 0 -0 -112.61 -26 10.68 -5.17 7.12 -0 -0 0.75 -18.13 0.48
4.07 16.6 -15.73 -2.72 8.37 27.86 0 0 0 -26.76 12.73 -28.98 5.06 13.45 41.08 2.25 39.44 36.79 0 0.05 0.14 0 0 0 27.58 20.71 -40.23 -2.61 -10.03 29.08 -2.02 -20.27 -40.18 -2.86 -10.46 30.47 8.3 1.45 -14.31 5.95 2.04 -18.33 2.09 0.56 -12.44 -1.87 -3.87 -4.01 -6.51 -4.54 8.28 -1.99 -2.57 3.27 -0 0 0 -64.27 42.11 76.69 51.42 -53.55 -27.31 -0 0 -9.59 -31.26 22.63 -13.14 -7.12 0 -0 -53.12 45.5 -0.93 -0 0 0 115.68 69.53 83.27 -81.43 59.72 -52.58 0 -0 -111.4 -15.58 9.05 -2.51 7.12 -0 -0 8.14 -20.63 4.8
4.04 16.6 -15.72 -1.7 7.09 27.63 0 0 0 -28.12 12.88 -28.06 4.89 13.25 40.33 -3.42 48.63 23.57 1.39 7.46 21.07 0 0 0 26.2 21.42 -39.93 -2.71 -10.22 29.68 -2.17 -19.75 -40.42 -2.69 -10.17 29.53 6.52 1.36 -14.97 4.46 1.84 -18.42 1.4 0.54 -12.07 -1.65 -4.42 -2.82 -2.2 -5.63 11.99 -0.71 -2.96 4.43 -0 -0 0 -63.6 43.52 69.25 58.41 -55.87 -33.02 -0 0 -12.08 -35.57 23.56 -15.95 -7.12 0 -0 -56.38 45.46 -0.97 -0 -0 0 96.81 55.25 68.19 -98.18 59.75 -67.07 0 -0 -103.99 -4.48 7.73 -0.6 7.12 -0 -0 16.14 -22.3 9.17
4.01 16.59 -15.74 -1.57 6.68 27.76 0 0 0 -28.33 12.26 -28.31 4.96 13.33 40.63 -0.73 45.64 30.3 0.48 4.43 12.29 0 0 0 26.29 20.98 -40.21 -2.71 -10.21 29.66 -2.13 -19.13 -39.7 -2.98 -10.66 31.13 5.37 0.71 -14.82 4.39 1.02 -18.19 1.9 0.26 -11.84 -2.48 -4.37 -6.8 1.74 -6.03 18.53 0.49 -2.94 6.9 -0 0 0 -69.2 43.69 56.07 60.7 -56.49 -34.92 -0 0 -16.01 -39.8 25.69 -19.86 -7.12 0 -0 -60.51 46.25 -3.03 -0 0 0 89.45 38.73 65.37 -108.95 58.6 -76.33 0 -0 -98.19 11.21 4.07 0.81 7.12 -0 -0 27.58 -25.44 14.75
3.99 16.58 -15.7 -2.3 6.64 27.24 0 0 0 -27.42 12.83 -28.07 4.99 13.37 40.78 -0.78 44.71 29.33 0.57 4.85 13.47 0 0 0 28.43 18.41 -39.99 -2.63 -10.07 29.2 -1.78 -18.42 -37.37 -2.47 -9.79 28.3 4.69 0.83 -14.46 4.2 1.21 -17.76 2.06 0.44 -11.49 -3.28 -5.28 -7.41 5.62 -8 19.97 1.67 -3.57 7.72 0 -0 0 -73.44 42.92 45.71 58.59 -55.92 -33.17 -0 0 -16.91 -40.56 23.97 -19.17 -7.12 0 -0 -59.16 44.86 0.33 0 -0 0 84.01 20.06 60.39 -115.95 57.3 -82.27 0 -0 -90.48 21.15 2.9 1.12 7.12 -0 -0 34.09 -25.7 19.45
3.98 16.56 -15.7 -2.55 6.18 27.38 0 0 0 -27.27 13.04 -28.31 5.01 13.4 40.87 2.81 38.88 38.49 0.03 -1.18 -3.24 0 0 0 29.47 16.72 -40.6 -2.6 -10.01 29.02 -1.53 -17.21 -34.91 -1.98 -8.82 25.23 2.85 1.05 -13.97 4.55 1.67 -17.31 3.46 0.92 -11.25 -4.1 -6.37 -7.88 7.89 -9.74 18.6 2.36 -4.27 7.61 -0 -0 0 -77.87 43.1 36.27 53.7 -54.38 -29.16 -0 0 -20.77 -40.91 26.12 -20.88 -7.12 0 -0 -61.46 46.36 -3.41 -0 -0 0 79.34 0.96 52.83 -115.44 57.41 -81.84 0 -0 -89.5 25.12 1.26 0.59 7.12 -0 -0 36.83 -26.64 20.83
4 16.54 -15.72 -3.08 6.7 28.02 0 0 0 -26.52 11.71 -29.39 5.3 13.72 42.12 5.12 29.11 43.38 1.32 -7.27 -20.51 0 0 0 31.28 13.99 -42.18 -2.49 -9.82 28.39 -1.21 -16.12 -32 -1.65 -8.09 22.99 2.58 1.19 -11.48 4.88 2.13 -18.13 4 1.24 -13.8 -3.46 -7.03 -9 7.98 -10.72 18.24 2.14 -4.66 7.72 0 -0 0 -80.33 46.16 28.49 45.61 -51.06 -22.71 -0 0 -28.02 -41.49 24.28 -19.98 -7.12 0 -0 -59.86 44.92 0.18 0 -0 0 76.58 -18.07 44.09 -108.22 58.71 -75.71 0 -0 -92.84 23.36 3.58 1.55 7.12 -0 -0 35.13 -24.83 21.3
4.01 16.54 -15.75 -3.81 6.14 29.26 0 0 0 -26.62 12.03 -31.37 5.36 13.78 42.36 4.12 32.94 40.78 0.62 -5.06 -14.08 0 0 0 32.14 13.87 -43.94 -2.53 -9.9 28.65 -1.14 -15.09 -30.58 -1.46 -7.63 21.6 2.7 1.3 -11.69 5.51 2.28 -17.91 4.63 1.36 -13.44 -1.17 -6.86 -8.28 6.93 -10.3 14.54 1.55 -4.55 6.2 -0 -0 0 -81.36 49.3 23.55 36.46 -45.83 -15.85 -0 0 -36.73 -43.47 22.6 -20.02 -7.12 0 -0 -58.91 43.23 4.33 -0 -0 0 75.75 -31.53 32.5 -94.38 59.93 -63.79 0 -0 -88.69 24.59 3.72 1.7 7.12 -0 -0 35.75 -24.55 22.21
4.03 16.54 -15.76 -3.78 6.13 29.72 0 0 0 -27.38 12.6 -32.27 5.4 13.82 42.52 -0.13 42.04 29.64 0.25 3.22 8.9 0 0 0 31.4 15.17 -44.14 -2.54 -9.91 28.7 -0.94 -16.79 -31 -1.59 -7.95 22.57 2.62 0.54 -11.31 6.46 1.27 -17.01 5.71 0.91 -12.49 0.91 -6.01 -9.47 6.3 -9.11 11.56 1.13 -3.98 5.3 -0 -0 0 -82.72 51.48 17.93 28.06 -39.17 -10.16 -0 0 -37.34 -44.59 23.47 -21.43 -7.12 0 -0 -60.12 43.69 3.35 -0 -0 0 72.69 -40.32 24.69 -77.16 59.37 -48.9 0 -0 -83.86 29.21 3.5 1.95 7.12 -0 -0 38.13 -23.95 25.45
4.06 16.55 -15.78 -2.61 6.49 28.78 0 0 0 -28.57 13.32 -30.64 5.25 13.67 41.91 2.49 35.5 35.66 0.16 -2.54 -7.01 0 0 0 29.33 16.44 -42.62 -2.55 -9.93 28.75 -0.98 -18.88 -33.4 -1.75 -8.31 23.67 2.07 -0.68 -8.16 6.94 -0.2 -16.36 6.59 0.28 -13.41 1.6 -4.98 -12.65 7.08 -8.06 11.73 1.26 -3.3 5.88 0 -0 0 -81.26 54.4 13.21 21.47 -32.37 -6.3 -0 0 -20.15 -43.32 21.46 -19.04 -7.12 0 -0 -57.76 42.35 6.32 0 -0 0 66.15 -47.04 22.89 -61.77 56.76 -35.82 0 -0 -80.99 29.61 2.13 1.21 7.12 -0 -0 38.78 -25.09 24.71
4.09 16.59 -15.9 -2.52 5.66 30.27 0 0 0 -30.11 12.94 -33 5.24 13.64 41.83 4.12 31.26 40.21 1.05 -6.51 -18.26 0 0 0 27.86 18.26 -44.47 -2.57 -9.97 28.87 -0.89 -19.23 -33.27 -1.87 -8.59 24.53 2.15 -1.19 -6.36 7.77 -0.69 -16.87 7.67 0.15 -15.17 2.54 -4.04 -10.54 6.41 -6.45 7.91 1.12 -2.73 4.24 0 -0 0 -76.79 58.1 10.21 16.24 -25.85 -3.75 -0 -0 2.25 -41.84 18.82 -16.11 -7.12 0 -0 -54.96 40.5 9.9 0 -0 0 55.57 -51.41 25.69 -47.99 52.15 -24.58 0 -0 -74.19 31.6 1.86 1.15 7.12 -0 -0 39.75 -24.88 26.12
4.14 16.61 -16.01 -2.28 5.98 30.68 0 0 0 -30.81 12.48 -33.88 5.32 13.74 42.2 4.18 31.27 40.48 1.14 -6.79 -19.09 0 0 0 27.12 18.47 -45.49 -2.59 -10.01 29 -0.73 -20.03 -33.17 -1.76 -8.35 23.79 2.48 -1.78 -4.16 8.63 -1.28 -16.67 8.67 -0.06 -16.26 3.65 -3.21 -10.45 4.57 -5.13 4.95 0.55 -2.25 3.5 0 -0 0 -68.49 59.54 9.25 12.15 -20.03 -2.15 -0 -0 18.69 -39.15 17.73 -13.93 -7.12 0 -0 -53.19 40.22 9.79 0 -0 0 44.05 -52.11 29.3 -34.74 44.62 -14.63 0 -0 -69.14 33.08 1.21 0.79 7.12 -0 -0 40.59 -25.09 26.86
4.18 16.61 -16.07 -1.19 6.56 29.51 0 0 0 -31.62 12.64 -32.54 5.31 13.72 42.14 4.67 31.58 42.41 1 -6.36 -17.83 0 0 0 24.87 19.91 -44.37 -2.7 -10.2 29.63 -0.83 -21.9 -35.87 -1.97 -8.8 25.17 1.84 -2.45 -1.14 9.26 -2.02 -15.93 10.03 -0.22 -17.13 3.76 -2.4 -11.25 3.03 -3.94 3.72 0.09 -1.76 3.18 -0 0 0 -56.39 59.48 10.75 9.61 -16.13 -1.37 -0 -0 31.83 -38.92 17.73 -13.81 -7.12 0 -0 -53.1 40.27 9.65 -0 0 0 33.41 -51.01 30.7 -24.89 36.09 -8.23 0 -0 -58.19 32.94 1.16 0.75 7.12 -0 -0 40.56 -25.18 26.69
4.25 16.62 -16.21 -1.61 7.33 29.19 0 0 0 -31.23 12.18 -33.26 5.58 14.01 43.29 3.95 32.59 40.05 0.93 -6.13 -17.16 0 0 0 25.95 17.98 -45.39 -2.77 -10.31 29.98 -0.6 -21.5 -34.1 -1.77 -8.36 23.82 3.2 -2.64 2.17 10.25 -1.76 -15.61 10.76 -0.05 -19.09 3.51 -1.71 -13.01 1.05 -2.92 3.36 -0.48 -1.34 3.36 0 -0 0 -43.19 57.71 16.58 8.58 -14.48 -1.09 -0 -0 39.56 -37.46 18.61 -13.74 -7.12 0 -0 -53.21 41.3 7.44 0 -0 0 23.69 -48.12 29.18 -17.49 27.5 -4.31 0 -0 -42.95 33.4 1.85 1.22 7.12 -0 -0 40.49 -24.43 27.69
4.31 16.59 -16.37 -1.77 7.24 29.39 0 0 0 -31.66 11.74 -35.06 6 14.43 44.99 3.54 34.21 39.12 0.72 -5.41 -15.08 0 0 0 25.69 18.23 -46.3 -2.79 -10.34 30.09 -0.42 -22.02 -33.68 -1.6 -7.97 22.62 3.19 -2.6 4.1 11.47 -1.36 -15.17 11.79 0.2 -19.36 2.99 -1.08 -13.24 -0.29 -1.9 1.45 -0.74 -0.93 2.75 0 0 0 -32.24 52.9 22.41 8.33 -14.08 -1.03 -0 -0 42.72 -36.71 18.74 -13.47 -7.12 0 -0 -52.98 41.55 6.84 0 0 0 16.38 -43.39 22.79 -12.91 21.15 -2.42 0 -0 -23.56 34.39 1.37 0.94 7.12 -0 -0 41.03 -24.58 28.18
4.39 16.6 -16.5 -2.05 7.51 29.15 0 0 0 -31.84 11.5 -35.71 6.22 14.64 45.85 2.76 35.62 36.77 0.56 -4.78 -13.29 0 0 0 25.24 18.66 -46.69 -2.84 -10.43 30.37 -0.45 -22.36 -34.3 -1.72 -8.25 23.47 4.13 -2.68 6.11 12.25 -1.05 -14.32 12.18 0.3 -19.76 2.99 -0.2 -15 -1.87 -0.71 0.87 -1.2 -0.42 2.91 -0 0 0 -23.73 46.4 26.95 8.17 -13.82 -0.99 -0 -0 44.29 -35.99 19.39 -13.56 -7.12 0 -0 -53.16 42.2 5.52 -0 0 0 10.32 -38.42 16.05 -10.46 17.45 -1.61 0 -0 -8.7 34.61 1.08 0.75 7.12 -0 -0 41.22 -24.78 28.14
4.47 16.58 -16.65 -2.34 7.94 29.46 0 0 0 -32.08 10.84 -36.96 6.53 14.92 47.07 1.49 37.55 32.86 0.4 -4.05 -11.22 0 0 0 25.32 18.26 -48.09 -2.9 -10.54 30.73 -0.52 -21.57 -33.76 -1.38 -7.44 21.04 5.18 -2.84 7.58 12.94 -0.81 -13.99 12.45 0.37 -20.46 3.04 0.46 -15.47 -3.47 0.23 0.61 -1.68 -0.02 2.95 0 -0 0 -17.02 38.86 29.71 8.14 -13.78 -0.98 -0 -0 45.52 -36.29 19.96 -14.07 -7.12 0 -0 -53.74 42.59 4.83 0 -0 0 4.53 -32.96 14.15 -9.67 16.23 -1.38 0 0 0.07 34.37 -0.02 -0.01 7.12 -0 -0 41.55 -25.85 26.95
4.53 16.55 -16.8 -1.84 7.42 29.92 0 0 0 -33.55 10.63 -38.02 6.69 15.06 47.69 0.12 39.47 28.7 0.11 -2.12 -5.83 0 0 0 24.18 18.57 -49.29 -2.97 -10.65 31.1 -0.51 -21.38 -33.45 -1.38 -7.45 21.04 4.79 -2.8 8.99 13.24 -0.6 -13.81 13.14 0.63 -21.29 3.09 1.07 -14.19 -4.89 1.07 -1 -2.08 0.36 2.21 -0 0 0 -11.91 30.8 32.31 8.17 -13.82 -0.99 -0 -0 46.19 -35.08 20.79 -13.99 -7.12 0 -0 -53.8 43.46 3.06 -0 0 0 -0.27 -27.09 14.67 -9.49 15.94 -1.33 0 0 4.5 33.3 0.96 0.63 7.12 -0 -0 40.77 -25.26 26.84
4.61 16.55 -16.91 -2.41 7.41 29.97 0 0 0 -33.7 10.81 -38.82 6.79 15.15 48.07 0.71 37.15 29.5 0.33 -3.72 -10.29 0 0 0 24.67 18.03 -50.17 -3 -10.7 31.27 -0.41 -21.01 -32.37 -1.34 -7.32 20.66 5.94 -2.8 10.07 13.67 -0.2 -13.22 12.88 0.67 -21.37 3.2 1.6 -14.29 -6.04 1.77 -1.81 -2.44 0.67 2.01 -0 0 0 -8.44 22.23 33.95 8.54 -14.42 -1.08 -0 -0 46.03 -35.38 21.41 -14.53 -7.12 0 -0 -54.46 43.88 2.26 -0 0 0 -3.21 -20.22 12.71 -9.32 15.66 -1.28 0 0 6.14 31.6 -0.28 -0.17 7.12 -0 -0 40.55 -26.81 24.33
4.67 16.53 -17.08 -2.55 7.14 30.02 0 0 0 -34.28 10.57 -39.91 7.04 15.37 49.03 -0.45 39.15 26.11 0.07 -1.72 -4.74 0 0 0 24.56 17.88 -51.18 -3.05 -10.77 31.51 -0.16 -21.3 -31.12 -1.17 -6.87 19.32 6.25 -2.69 11.75 14.04 0.31 -12.7 13.09 0.93 -21.99 2.74 1.89 -14.8 -6.93 2.23 -2.09 -2.62 0.86 2.04 0 -0 0 -6.1 13.01 36.48 8.92 -15.04 -1.18 -0 -0 42.31 -37.47 21.87 -15.94 -7.12 0 -0 -55.88 43.85 2.45 0 -0 0 -5.91 -13.08 11.72 -9.44 15.86 -1.32 0 0 6.26 31.38 -2.32 -1.41 7.12 -0 -0 41.26 -28.66 22.37
4.74 16.52 -17.21 -2.91 6.84 29.74 0 0 0 -34.45 10.8 -40.54 7.23 15.52 49.73 -0.93 39.67 24.48 0.02 -0.99 -2.71 0 0 0 24.82 17.61 -51.55 -3.08 -10.83 31.7 -0.05 -21.15 -30.24 -1.09 -6.65 18.68 6.86 -2.54 13.15 14.2 0.85 -12.13 12.78 1.1 -22.31 2.36 2.17 -15.06 -7.38 2.66 -2.39 -2.68 1.06 2.02 -0 0 0 -4.08 3.14 37.27 9.49 -15.93 -1.33 -0 -0 37.6 -38.05 23.44 -17.29 -7.12 0 -0 -57.53 44.93 0.16 -0 0 0 -7.13 -5.45 7.46 -9.47 15.9 -1.33 0 0 10.32 31.33 -3.59 -2.18 7.12 -0 -0 41.77 -29.8 21.18
4.79 16.5 -17.31 -2.77 6.63 29.62 0 0 0 -34.83 10.81 -41.15 7.43 15.68 50.47 0.02 37.65 26.94 0.2 -2.88 -7.94 0 0 0 24.41 17.69 -52.02 -3.15 -10.93 32.06 0.07 -21.5 -29.85 -0.98 -6.3 17.67 6.88 -2.43 13.93 14.21 1.05 -11.53 12.66 1.15 -22.06 2.1 2.17 -15.09 -7.82 2.69 -2.86 -2.77 1.07 1.87 0 0 0 -2.59 -7.03 36.4 10.13 -16.94 -1.51 -0 -0 33.08 -33.25 25.38 -15.7 -7.12 0 -0 -56.65 47.17 -4.47 0 0 0 -7.42 2.93 -0.14 -8.73 14.73 -1.13 0 0 17.73 30.13 -3.52 -2.04 7.12 -0 -0 41.19 -29.99 20.36
4.84 16.49 -17.43 -2.75 6.25 30.02 0 0 0 -35.36 10.53 -42.39 7.66 15.87 51.34 -0.13 37.72 26.36 0.21 -2.97 -8.21 0 0 0 24.37 17.2 -53.32 -3.2 -11.01 32.3 0.2 -21.26 -28.57 -0.76 -5.57 15.55 7.13 -2.34 14.12 14.16 1.18 -11.12 12.33 1.13 -21.63 2.17 2.5 -14.83 -8.41 3.09 -3.33 -2.96 1.27 1.71 0 0 0 -1.63 -16.9 34.33 10.67 -17.78 -1.67 -0 -0 31.72 -33.19 25.33 -15.64 -7.12 0 -0 -56.58 47.14 -4.41 0 0 0 -6.43 13.96 -20.87 -7.1 12.09 -0.75 0 0 38.34 29.7 -1.48 -0.84 7.12 -0 -0 40.15 -28.27 21.84
4.88 16.47 -17.51 -2.82 5.76 29.98 0 0 0 -35.6 10.48 -43.06 7.81 15.98 51.89 0.16 38.4 28.07 0.27 -3.34 -9.23 0 0 0 24.21 17.33 -53.97 -3.22 -11.04 32.4 0.61 -22.4 -27.17 -0.45 -4.3 11.92 6.91 -2.25 14.71 14.27 1.29 -10.6 12.51 1.2 -21.35 2.63 2.76 -15.3 -9.62 3.42 -3.03 -3.45 1.38 1.96 0 -0 0 -1.63 -27.16 30.55 10.96 -18.22 -1.76 -0 -0 31.8 -34.82 25.68 -16.77 -7.12 0 -0 -57.85 47.11 -4.55 0 -0 0 -5.07 25.47 -45.41 -6.16 10.52 -0.57 0 0 60.84 26.99 0.33 0.17 7.12 -0 -0 38.13 -27.17 21.38
4.91 16.43 -17.67 -3.57 3.05 32.09 0 0 0 -36.76 9.96 -47 8.06 16.17 52.79 -0.53 39.6 26.14 0.09 -1.95 -5.36 0 0 0 25.54 17.18 -56.78 -3.11 -10.87 31.86 0.74 -20.26 -22.04 -0.22 -3.05 8.42 5.96 -1.19 12.91 13.99 2.1 -10.17 12.27 1.57 -19.7 2.57 2.92 -14.55 -9.1 3.56 -4.11 -3.24 1.51 1.45 0 0 0 -2.95 -38.39 19.64 10.93 -18.19 -1.76 -0 -0 34.86 -35.17 26.25 -17.31 -7.12 0 -0 -58.59 47.45 -5.38 0 0 0 -2.57 36.97 -71.71 -5.94 10.16 -0.53 0 0 81.61 25.31 0.33 0.15 7.12 -0 -0 37.25 -27.44 20.25
4.92 16.41 -17.72 -4.07 1.77 32.38 0 0 0 -36.73 9.94 -48.12 8.28 16.32 53.56 -1.52 41.67 23.79 0 -0.06 -0.16 0 0 0 26.35 17.35 -57.02 -3.06 -10.79 31.58 0.7 -19.36 -20.72 -0.27 -3.34 9.22 5.48 -0.79 12.6 13.61 2.34 -9.7 11.92 1.66 -18.91 2.82 3.09 -14.66 -8.36 3.77 -3.61 -3.02 1.62 1.64 -0 0 0 -7.54 -51.52 4.3 10.11 -16.91 -1.51 -0 -0 40.59 -32.17 26.25 -15.54 -7.12 0 -0 -56.75 47.96 -6.04 -0 0 0 2.03 47.41 -91.08 -5.63 9.64 -0.47 0 0 97.47 20.93 4.57 1.74 7.12 -0 -0 33.47 -24.25 20.38
4.89 16.4 -17.72 -3.87 0.85 31.91 0 0 0 -36.94 10.26 -47.9 8.32 16.35 53.7 -0.51 40.48 26.92 0.08 -1.8 -4.96 0 0 0 26.58 17.12 -56.37 -3.09 -10.84 31.73 0.53 -18.28 -20.7 -0.19 -2.83 7.8 4.17 -0.57 12.97 13.42 2.39 -9.72 12.5 1.86 -19.24 1.82 3.2 -14.94 -7.23 4.21 -1 -2.42 1.83 2.53 0 0 0 -22.79 -66.43 -13.93 8.17 -13.84 -0.99 -0 -0 56.89 -27.42 25.47 -12.58 -7.12 0 -0 -52.92 48.2 -5.72 0 0 0 10.82 57.08 -107.54 -5.48 9.39 -0.45 0 0 112.57 15.87 7.12 2.02 7.12 -0 -0 29.82 -22.42 18.85
4.88 16.4 -17.7 -4.36 -0.2 31.63 0 0 0 -36.64 10.56 -48.09 8.39 16.4 53.94 -1.02 41.69 25.87 0.01 -0.79 -2.17 0 0 0 28.13 16.19 -56.38 -3.12 -10.89 31.9 0.42 -16.77 -19.3 -0.07 -1.7 4.69 3.51 -0.19 12.74 13.04 2.62 -9.28 12.29 1.97 -18.54 2.2 3.11 -14.72 -6.61 4.04 -0.42 -2.3 1.76 2.67 -0 -0 0 -53.21 -77.62 -2.39 7.11 -12.1 -0.76 -0 -0 58.02 -23.89 23.71 -10.1 -7.12 0 -0 -49.01 47.48 -3.92 -0 -0 0 24.69 65.1 -120.61 -5.31 9.11 -0.42 0 0 125.62 12.46 9.97 2.19 7.12 -0 -0 27.12 -20.03 18.34
4.88 16.41 -17.63 -4.91 -0.6 30.63 0 0 0 -35.84 10.85 -46.78 8.39 16.4 53.97 -2.18 43.29 22.66 0.01 0.63 1.74 0 0 0 30.3 14.09 -55.39 -3.15 -10.93 32.04 0.26 -15.06 -18.39 -0.03 -1.06 2.91 3.45 -0.14 12.54 12.79 2.51 -8.71 11.95 1.85 -17.64 2.26 3.04 -13.53 -5.89 3.9 -0.62 -2.08 1.74 2.35 0 -0 0 -117.09 -76.32 43.45 6.99 -11.91 -0.73 -0 -0 59.85 -17.83 24.02 -7.46 -7.12 0 -0 -44.64 48.67 -4.97 0 -0 0 47.7 69.47 -128.33 -4.57 7.86 -0.31 0 0 139.93 4.81 12.32 1.03 7.12 -0 -0 21.89 -18.04 15.19
4.86 16.39 -17.52 -4.82 -0.82 30.72 0 0 0 -35.75 10.03 -46.37 8.5 16.47 54.33 -3.2 45.83 21.28 0.09 1.94 5.34 0 0 0 30.64 13.43 -55.86 -3.39 -11.3 33.29 -0.01 -13.54 -19.36 -0.05 -1.43 3.93 2.84 -0.24 11.15 12.3 2 -8.87 12.53 1.75 -17.12 1.68 2.85 -12.7 -5.07 3.79 1.12 -1.72 1.71 2.74 -0 -0 0 -136.93 -66.42 63.15 7.36 -12.5 -0.81 -0 -0 50.69 -12.83 26.01 -5.71 -7.12 0 -0 -42.04 51.02 -7.35 -0 -0 0 77.52 68.59 -129.6 -4.67 8.03 -0.33 0 0 149.75 -5.13 17.72 -1.57 7.12 -0 -0 14.98 -12.62 11.77
4.78 16.31 -17.5 -4.58 -1.55 30 0 0 0 -35.92 9.23 -46.94 9.18 16.92 56.72 -6.76 46.35 6.03 1.33 7.3 20.62 0 0 0 29.14 15.79 -55.15 -3.72 -11.78 34.96 -0.09 -14.86 -22.06 -0.15 -2.51 6.92 1.13 -0.3 10.87 11.9 1.44 -8.38 13.09 1.59 -16.2 2.24 2.91 -11.84 -4.54 3.78 1.49 -1.65 1.73 2.71 -0 0 0 -141.07 -59.15 89.62 8.45 -14.28 -1.06 -0 -0 29.59 -11.46 30.27 -5.83 -7.12 0 -0 -44.36 54.53 -12.19 -0 0 0 103.26 63.38 -103.97 -4.21 7.24 -0.27 0 0 128.63 -11.27 19.99 -3.9 7.12 -0 -0 11.01 -9.92 9.12
4.68 16.19 -17.47 -4.72 -2.26 28.57 0 0 0 -36.23 9.49 -48 10.39 17.63 60.8 -7.17 44 -2.44 2.45 9.75 28.18 0 0 0 29.29 16.69 -54.32 -4.15 -12.36 37.02 -0.02 -16.05 -22.99 -0.04 -1.27 3.49 -0.41 -0.27 10.82 11.69 1.11 -7.88 13.76 1.53 -15.49 1.89 2.92 -9.25 -3.32 3.83 1.78 -1.21 1.82 2.28 -0 0 0 -144.15 -51.32 98.42 9.23 -15.53 -1.26 -0 -0 23.55 -11.21 29.84 -5.63 -7.12 0 -0 -43.76 54.25 -11.64 -0 0 0 118.31 54.54 -46.18 -3 5.18 -0.14 0 0 61.74 -8.87 14.49 -2.24 7.12 -0 -0 12.64 -15.56 9.01
4.62 16.08 -17.33 -4.64 -1.81 26.7 0 0 0 -36.81 10.33 -47.9 11.46 18.15 64.28 -4.02 33.42 -6.84 1.09 6.62 18.61 0 0 0 30.44 14.53 -54.42 -4.94 -13.32 40.58 -0.46 -14.27 -24.69 -0.08 -1.86 5.11 -0.49 -0.57 9.82 11.27 0.47 -6.95 13.2 1.03 -13.52 0.82 2.73 -8.84 -1.19 3.62 3.2 -0.35 1.77 2.59 -0 0 0 -147.32 -44.99 98.26 9.05 -15.24 -1.21 -0 -0 23.12 -17.81 26.16 -8.06 -7.12 0 -0 -46.24 50.3 -7.45 -0 0 0 127.18 44.95 5.11 -5.1 8.75 -0.39 0 -0 -6.99 -10.34 6.25 -1.14 7.12 -0 -0 12.07 -23.65 6.35
4.53 15.9 -17.24 -4.95 -1.45 24.24 0 0 0 -36.79 11 -48.2 12.57 18.62 67.8 -2.23 25.33 -9.1 0.02 -0.83 -2.29 0 0 0 31.5 13.54 -53.71 -5.74 -14.17 43.93 -0.85 -14.23 -27.71 -0.14 -2.44 6.74 0.11 -0.8 8.87 10.48 -0.02 -5.74 11.72 0.53 -11.35 2.47 2.3 -7.01 -2.01 2.95 3.9 -0.94 1.44 2.53 0 0 0 -145.4 -43.09 114.42 12.03 -19.85 -2.11 -0 -0 8.91 -27.14 27.48 -13.31 -7.12 0 -0 -54.45 49.67 -8.59 0 0 0 130.18 34.24 38.58 -10.86 18.07 -1.73 0 -0 -47.73 -16.73 -2.54 0.76 7.12 -0 -0 7.97 -32.56 2.45
4.45 15.7 -17.14 -5.24 0.05 21.36 0 0 0 -36.54 11.87 -47.71 13.33 18.9 70.15 -0.76 17.41 -15.55 0.76 -5.55 -15.49 0 0 0 32.27 12.41 -52.99 -6.8 -15.16 48.12 -0.75 -15.71 -28.57 -0.02 -0.93 2.55 0.56 -0.78 9.32 10.41 0.02 -4.8 11.29 0.45 -10.55 1.14 1.72 -4.6 -1.08 2.27 3.34 -0.47 1.12 1.85 -0 0 0 -142.84 -43.84 126.85 18.67 -29.01 -4.87 -0 -0 8.02 -36.63 24.29 -17.01 -7.12 0 -0 -57.59 45.81 -1.77 -0 0 0 129.66 31.44 60.26 -13.79 22.43 -2.75 0 -0 -50.01 -17.88 -7.2 2.31 7.12 -0 -0 7.59 -37.44 1.42
4.35 15.47 -17.08 -5.59 1.89 18.89 0 0 0 -36.29 12.81 -47.77 13.74 19.03 71.42 0.41 12.35 -22.15 1.19 -6.91 -19.45 0 0 0 33.05 11.71 -52.65 -7.85 -16.01 52.02 -1.07 -16.48 -31.46 -0.1 -1.99 5.48 1.85 -0.5 9.83 9.83 0.56 -4.61 9.74 0.59 -10.7 -0.7 0.81 -0.84 1.52 1.05 2.77 0.59 0.54 0.97 0 -0 0 -137.74 -49.38 140.42 33.37 -43.61 -13.67 -0 -0 17.41 -38.37 13.6 -10.55 -7.12 0 -0 -49.94 36.89 15.2 0 -0 0 122.38 31.8 87.28 -21.16 32.01 -6.13 0 -0 -39.51 -8.5 -5.8 0.87 7.12 -0 -0 15.11 -35.49 3.63
4.25 15.31 -16.99 -5.92 4.8 16.32 0 0 0 -35.87 14.11 -47.18 13.63 19 71.07 0.64 12.72 -24.52 4 -12.16 -36.28 0 0 0 34.2 9.62 -51.79 -8.54 -16.5 54.48 -1.66 -16.4 -34.92 -0.28 -3.4 9.39 3.91 -0.51 10.05 9.34 0.77 -4.03 7.88 0.51 -10.18 -2.03 0.13 1.2 3.04 0.1 2.52 1.27 0.05 0.57 -0 0 0 -130.07 -57.51 144.23 61.93 -56.8 -35.95 -0 -0 42.29 -31.13 -0.46 0.28 -7.12 0 -0 -40.06 26.25 24.58 -0 0 0 113.12 36.3 103.54 -33.79 43.93 -13.97 0 -0 -11.83 -0.62 1.69 -0.02 7.12 -0 -0 19.79 -28.04 8.65
4.1 15.21 -16.94 -5.71 7.85 15.38 0 0 0 -36.01 14.22 -47.17 13.15 18.84 69.59 1.09 13.45 -28.7 4.65 -12.97 -39.27 0 0 0 34.44 8.67 -52.68 -9.11 -16.88 56.47 -1.83 -17.37 -36.68 -0.37 -3.88 10.75 4.78 0.02 8.94 9.23 1.42 -3.47 7.05 0.75 -8.94 -4.1 -0.77 1.48 4.41 -1.13 2.25 2.08 -0.58 0.5 0 0 0 -110.02 -67.3 133.43 104.55 -59.19 -72.56 -0 -0 53.46 -14.34 -2.24 0.57 -7.12 0 -0 -30.08 26.89 15.3 0 0 0 100.55 43.15 109.44 -52.32 53.89 -28.04 0 0 15.59 -4.12 8.44 -0.61 7.12 -0 -0 16.32 -21.63 9.54
3.91 15.25 -16.86 -5.13 12.88 15.46 0 0 0 -35.86 13.43 -46.09 12.57 18.62 67.78 1.46 13.19 -30.94 3.65 -11.67 -34.58 0 0 0 35.11 6.15 -53.61 -8.88 -16.73 55.67 -1.78 -19.05 -37.94 -0.36 -3.85 10.64 6 0.65 8.98 8.49 2.57 -4.97 5.42 1.21 -10.65 -5.44 -2.61 3.65 6.26 -3.71 1.96 2.97 -1.9 0.22 -0 0 0 -69.81 -67.72 101.55 126.12 -54.45 -90.7 -0 -0 46.78 9.65 7.41 1.26 -7.12 0 -0 -14.5 37.14 2.88 -0 0 0 83.77 44.81 103.42 -77.18 59.37 -48.92 0 0 24.65 -7.96 10.53 -1.46 7.12 -0 -0 13.46 -19.49 8.43
3.73 15.49 -16.76 -5.08 17.47 15.99 0 0 0 -34.57 11.87 -43.92 11.23 18.05 63.53 1.24 13.88 -30.14 2.48 -9.81 -28.35 0 0 0 36.02 4.89 -52.69 -7.78 -15.95 51.76 -1.98 -19.47 -39.29 -0.7 -5.36 14.95 6.1 1.48 7.23 9.03 3.5 -4.5 5.77 1.71 -9.17 -6.89 -4.53 1.71 7.45 -6.2 1.15 3.61 -3.12 0.56 -0 0 0 -33.24 -60.93 71.92 132.61 -51.88 -95.9 -0 -0 44.14 27.19 8.31 4.24 -7.12 0 -0 0.28 39.3 -0.04 -0 0 0 64.5 43.9 93.02 -98.84 59.7 -67.65 0 0 17.23 -16.1 18.12 -5.13 7.12 -0 -0 7.83 -11.3 6.2
3.55 15.89 -16.58 -3.37 23.34 17.68 0 0 0 -33.88 8.44 -39.57 9.39 17.06 57.45 0.94 13.33 -27.48 1.97 -8.8 -25.18 0 0 0 35.23 3.61 -50.9 -6.13 -14.56 45.52 -1.53 -22.16 -39.67 -0.88 -5.97 16.69 4.82 2.02 5.9 8.92 4.09 -5.46 6.34 2.1 -9.56 -7.27 -6.62 2.18 8.72 -8.97 -0.16 4.11 -4.52 0.36 -0 0 0 -19.8 -47.68 61.81 134.52 -51 -97.39 -0 -0 45.42 34.71 1.88 1.3 -7.12 0 -0 6.55 32.22 -2.06 -0 0 0 49.16 34.94 84.32 -106.19 58.99 -73.98 0 0 15.88 -30.12 33.66 -17.83 7.12 -0 -0 1.29 7.61 1.46
3.37 16.31 -16.46 -2.57 29.12 20.37 0 0 0 -32.03 3.47 -36.54 7.55 15.78 50.94 0.4 13.63 -23.43 2.22 -9.32 -26.79 0 0 0 33.32 6.55 -48.7 -4.64 -12.97 39.25 -0.53 -25.68 -38.78 -0.78 -5.64 15.74 4.47 2.36 4.76 9.1 4.6 -6.61 6.73 2.42 -10.27 -8 -8.38 0.04 10.41 -11.26 0.27 4.18 -5.6 1.13 0 -0 0 -14.11 -32.52 55.43 134.58 -50.97 -97.43 -0 -0 47.42 36.69 -4.61 -3.43 -7.12 0 -0 7.46 24.24 -3.77 0 -0 0 38.94 24.35 78.11 -103.32 59.32 -71.51 0 0 23.84 -44.57 45.51 -35.09 7.12 -0 -0 -2.18 25 -2.9
3.27 16.76 -16.25 1.08 36.27 24.05 0 0 0 -31.89 -1.05 -30.76 5.32 13.74 42.2 -0.28 14.22 -16.59 3.62 -11.64 -34.47 0 0 0 26.45 9.87 -45.96 -3.94 -12.08 36 0.39 -26.23 -34.64 -0.54 -4.72 13.12 3.07 2.16 4.03 8.22 4.34 -8.72 6.66 2.43 -12.23 -8.57 -11.11 -2.48 11.09 -15.06 3.95 4.01 -7.34 3.07 -0 -0 0 -11.02 -18.38 55.29 132.08 -52.12 -95.48 -0 -0 47.99 37.84 1.01 0.79 -7.12 0 -0 8.97 31.19 -3.06 -0 -0 0 32.85 10.64 75.2 -98.72 59.71 -67.55 0 0 25.96 -43.68 40.84 -31.99 7.12 -0 -0 -3.59 20.02 -4.6
3.19 17.23 -16.09 4.3 42.97 28.11 0 0 0 -31.21 -4.47 -26.91 3.53 11.5 33.99 -0.69 14.57 -7.02 4.76 -13.11 -39.77 0 0 0 19.45 15.27 -42.52 -3.23 -11.07 32.5 1.45 -28.41 -31.65 -0.49 -4.5 12.48 1.67 1.87 2.8 8.64 3.97 -9.76 8.07 2.49 -12.82 -9.49 -12.87 -3.36 11.39 -17.25 2.8 4.01 -8.42 3.19 -0 0 0 -11.34 -5.42 50.62 128.39 -53.62 -92.53 -0 -0 49.08 38.98 -3.36 -2.71 -7.12 0 -0 9.31 25.65 -4.42 -0 0 0 26.45 1.85 70.02 -87.71 59.98 -58.01 0 0 20.23 -44.84 41.9 -33.59 7.12 -0 -0 -3.74 21.61 -4.86
3.16 17.62 -16.02 5.27 49.68 31.92 0 0 0 -29 -9.19 -27.01 2.74 10.26 29.82 -0.85 16.5 -1.95 2.65 -10.1 -29.3 0 0 0 15.78 17.22 -42.83 -2.77 -10.31 29.99 2.48 -29.02 -24.27 -0.28 -3.39 9.38 2.9 1.48 1.83 9.47 3.98 -11.82 8.46 2.6 -14.75 -9.81 -14.19 -4.25 10.84 -18.92 2.87 3.67 -9.23 3.49 0 0 0 -12 9.78 50.31 125.29 -54.73 -90.02 -0 -0 49.29 41.62 0.43 0.39 -7.12 0 -0 11.87 30.44 -4.3 0 0 0 22.01 -5.07 64.98 -74 59.01 -46.19 0 0 20.07 -48.62 44.65 -38.58 7.12 -0 -0 -4.33 26.1 -5.81
3.13 17.92 -16.02 5.4 56.79 33.89 0 0 0 -27.15 -11.94 -28.54 2.46 9.77 28.24 -1.61 23.18 -0.19 1.63 -8.06 -22.9 0 0 0 13.49 19.31 -41.77 -2.42 -9.68 27.96 3.29 -30.79 -19.7 -0.12 -2.22 6.11 5.26 1.29 0.88 10.43 4.23 -12.6 8.27 2.63 -15.15 -9.51 -15.74 -6.15 10.52 -20.8 2.24 3.23 -10.11 3.72 -0 0 0 -13.06 22.95 45.57 123.25 -55.38 -88.35 -0 -0 50.85 41.14 -3.96 -3.45 -7.12 0 -0 10.82 24.73 -5.39 -0 0 0 17.26 -10.02 60.25 -63.6 57.2 -37.35 0 0 19.51 -47.29 47.51 -38.61 7.12 -0 -0 -2.47 28.12 -3.34
3.08 18.1 -15.98 8.58 63.53 37.46 0 0 0 -27.8 -11.16 -30.02 2.19 9.26 26.6 -2.53 28.01 -2.01 0.76 -5.57 -15.53 0 0 0 10.05 22.18 -39.94 -2.3 -9.47 27.29 2.62 -30.21 -26.3 -1.13 -6.75 18.98 5.03 0.79 -0.31 11.43 3.72 -12.88 9.69 2.6 -14.85 -9.26 -16.85 -6.85 10.61 -22.12 0.46 3.1 -10.77 3.39 -0 -0 0 -15.11 32.69 40.84 114.26 -57.65 -80.85 -0 -0 50.77 43.91 -3.15 -3.03 -7.12 0 -0 12.99 25.58 -6.26 -0 -0 0 12.74 -13.44 56.67 -53.42 54.29 -28.93 0 0 18.32 -47.62 47.76 -39.05 7.12 -0 -0 -2.49 28.51 -3.38
2.99 18.21 -15.98 16.29 70.3 44.52 0 0 0 -29.68 -10.72 -30.84 2.03 8.93 25.58 -3.74 33.35 -2.39 0.15 -2.51 -6.91 0 0 0 8.24 20.54 -39.32 -2.38 -9.62 27.74 1.53 -28.01 -30.3 -2.32 -9.5 27.38 4.56 0.97 -0.14 10.73 4.17 -13.8 9.13 2.91 -16.16 -6.85 -18.98 -6.25 10.01 -25.03 -1.18 2.79 -12.29 2.97 0 0 0 -13.92 38.48 36.93 107.34 -58.83 -74.96 -0 -0 51.04 57.57 1.85 2.92 -7.12 0 -0 24.64 32.6 -8.15 0 0 0 11.58 -19.36 51.45 -43.72 50.12 -21.25 0 0 20.16 -47.95 49.93 -40.31 7.12 -0 -0 -1.58 30.61 -2.16
2.89 18.26 -15.88 23.54 79.13 51.06 0 0 0 -27.53 -10.61 -32.09 2.19 9.25 26.58 -4.55 35.94 -3.94 0.02 0.92 2.52 0 0 0 10.86 18.59 -37.43 -2.31 -9.49 27.34 0.64 -26.19 -33.07 -3.35 -11.24 33.1 6.34 0.14 0.17 11.91 3.74 -14.33 9.68 2.77 -17.13 -6.02 -19.32 -6.37 9.68 -25.47 -1.63 2.57 -12.52 2.69 -0 0 0 -14.83 45.27 32.01 99.58 -59.65 -68.28 -0 -0 49.6 45.5 -3.58 -3.63 -7.12 0 -0 14.05 24.87 -7.05 -0 0 0 9.56 -20.56 48.32 -34.23 44.25 -14.27 0 0 20.01 -48.22 48.12 -39.81 7.12 -0 -0 -2.57 29.12 -3.5
2.83 18.28 -15.87 75.21 86.65 101.6 0 0 0 -25.14 -11.77 -32.13 2.43 9.71 28.05 -4.67 36.08 -5.03 0.48 4.46 12.36 0 0 0 13.35 15.45 -34.54 -2.08 -9.03 25.9 1.05 -25.86 -29.72 -2.94 -10.6 30.93 8.51 -0.35 -0.43 12.74 3.55 -14.29 9.45 2.58 -16.72 -4.25 -19.18 -7.89 9.68 -25.2 -3.17 2.32 -12.39 2.15 0 0 0 -16.56 48.82 25.83 88.93 -60 -59.08 -0 -0 48.34 44.79 -2.16 -2.14 -7.12 0 -0 13.83 26.87 -6.26 0 0 0 10.64 -21.58 37.62 -26.05 37.26 -8.92 0 0 24.06 -48.71 49.64 -40.95 7.12 -0 -0 -2.03 30.71 -2.78
2.69 18.28 -15.75 168.19 80.78 194.56 0 0 0 -22.16 -12.27 -33.75 2.46 9.76 28.19 -3.56 34.92 3.61 0.19 2.78 7.66 0 0 0 15.23 15.54 -33.01 -2.02 -8.91 25.53 0.93 -25.34 -29.71 -3.09 -10.84 31.76 9.63 -0.5 -1.14 13.25 4 -15.05 9.46 2.92 -17.47 -4.32 -19.46 -8.78 11.64 -25.45 -4.13 2.83 -12.45 2.31 -0 -0 0 -17.84 48.88 20.21 77.99 -59.45 -49.62 -0 -0 46.94 41.78 -3.71 -3.31 -7.12 0 -0 11.32 25.01 -5.58 -0 -0 0 9.99 -23.45 31.34 -20.56 31.31 -5.82 0 0 24.15 -48.16 48.54 -39.93 7.12 -0 -0 -2.34 29.47 -3.19
2.56 18.28 -15.66 174.23 70.87 200.51 0 0 0 -21.86 -11.34 -35.64 2.5 9.83 28.43 -2.03 31.84 10.5 0.23 3.1 8.56 0 0 0 15.41 14.82 -31.5 -1.98 -8.83 25.27 0.35 -22.59 -29.48 -4.3 -12.55 37.71 10.38 -0.64 -1.63 13.07 4.39 -16.29 8.11 2.98 -18.05 -1.4 -19.83 -10.94 10.61 -25.97 -5.55 2.04 -12.74 1.64 0 0 0 -18.89 47.81 14.89 67.35 -57.97 -40.52 -0 -0 45.79 43.55 -2.13 -2.02 -7.12 0 -0 12.91 26.98 -5.78 0 0 0 9.75 -25.48 24.45 -16.31 25.94 -3.78 0 0 25.54 -47.37 48.11 -38.96 7.12 -0 -0 -2.22 28.71 -3.02
2.45 18.34 -15.59 177.17 61.77 202.56 0 0 0 -20.33 -12.87 -35.95 2.51 9.85 28.51 -3.74 34.19 0.14 2.57 9.97 28.88 0 0 0 16.15 14.13 -28.53 -1.82 -8.48 24.17 -0.47 -18.46 -29.7 -6.21 -14.63 45.84 10.91 -1.04 -2.17 13.76 4.29 -16.29 8.6 3.11 -17.81 -2.72 -19.66 -10.93 11.99 -25.41 -7.39 2.72 -12.47 1.38 -0 0 0 -22.49 48.82 9.49 58.21 -55.81 -32.85 -0 -0 46.19 41.93 -2.8 -2.51 -7.12 0 -0 11.59 26.18 -5.39 -0 0 0 9.58 -25.16 15.57 -13.12 21.47 -2.5 0 0 30.71 -43.33 45.42 -33.89 7.12 -0 -0 -1.67 24.37 -2.21
2.31 18.31 -15.43 177.66 51.97 202.94 0 0 0 -21.16 -11.18 -38.65 2.57 9.96 28.86 -3.33 32.78 0.91 2.11 9.08 26.06 0 0 0 17.62 11.88 -29.23 -1.81 -8.45 24.09 3.39 -30.68 -16.07 -0.2 -2.89 7.96 10.27 -1.06 -2.61 13.4 4.6 -16.79 8.48 3.49 -18.21 -2.15 -19.63 -11.53 11.64 -25.27 -8.42 2.58 -12.42 0.99 -0 -0 0 -24.51 47.01 4.41 50.94 -53.37 -26.93 -0 -0 47.94 40.79 -3.99 -3.44 -7.12 0 -0 10.56 24.71 -5.26 -0 -0 0 10.44 -26.61 7.04 -11 18.29 -1.78 0 0 35.96 -42.8 44.87 -33.16 7.12 -0 -0 -1.66 23.61 -2.18
2.19 18.3 -15.25 180.44 43.43 204.44 0 0 0 -19.69 -11.61 -39.49 2.62 10.06 29.16 -3.92 32.97 -7.34 2.73 10.25 29.8 0 0 0 20.04 11.89 -27.78 -1.75 -8.33 23.73 2.43 -26.88 -16.55 -2 -8.87 25.38 10.12 -0.88 -2.31 14.16 5.67 -16.79 9.27 4.38 -18.75 -2.8 -18.67 -11.13 9.58 -23.96 -8.72 2.25 -11.81 0.54 0 0 0 -25.8 49.66 5.45 49.32 -52.72 -25.64 -0 -0 44.25 39.72 -3.52 -2.92 -7.12 0 -0 9.84 25.4 -4.73 0 0 0 13.54 -23.26 -37.71 -8.37 14.16 -1.04 0 0 74.72 -40.44 40.88 -29.15 7.12 -0 -0 -2.02 18.67 -2.56
2.04 18.24 -15.04 182.86 33.08 204.23 0 0 0 -18.35 -11.16 -40.45 2.87 10.48 30.53 -3.47 31.17 -7.51 2.34 9.54 27.48 0 0 0 23 11.91 -24.89 -1.57 -7.9 22.4 2.55 -27.12 -6.94 -0.5 -4.52 12.54 12.28 -0.59 -1.74 13.65 6.66 -16.55 7.19 4.57 -18.76 0.44 -16.85 -13.31 3.96 -22.09 -7.14 0.22 -10.94 0.22 -0 -0 0 -26.93 48.59 1.49 45.9 -51.2 -22.94 -0 -0 44.97 40.07 -2.39 -2.01 -7.12 0 -0 10.26 26.82 -4.6 -0 -0 0 14.25 -28.5 -12.48 -8.88 14.97 -1.17 0 0 42.1 -32.56 30.43 -17.92 7.12 -0 -0 -0.74 4.89 -0.8
1.96 18.18 -14.78 182.79 22.67 202.62 0 0 0 -19.58 -10.36 -41.22 2.84 10.43 30.38 -2.98 30.12 -2.37 2.1 9.07 26.03 0 0 0 22.89 15.52 -22.95 -1.72 -8.27 23.52 1.75 -23.67 -1.61 -0.03 1.06 -2.9 12.01 -0.21 -2.57 12.45 6.65 -15.5 6.56 4.68 -17.41 1.82 -14.11 -16.19 -1.06 -18.76 -3.6 -1.67 -9.35 1.2 0 -0 0 -29.79 45.48 -5.55 40.44 -48.33 -18.77 -0 -0 46.14 38.92 -4.07 -3.28 -7.12 0 -0 9.17 24.76 -4.54 0 -0 0 18.64 -28.17 -27.25 -8.4 14.19 -1.05 0 0 42.89 -31.23 24.41 -14.07 7.12 -0 -0 -1.1 -2.02 -1.06
1.88 18.12 -14.49 183.97 11.63 201.47 0 0 0 -19.11 -10.59 -42.64 3.01 10.71 31.31 -2.11 27.65 3.02 2.01 8.9 25.47 0 0 0 23.86 18.42 -21.2 -1.81 -8.45 24.1 0.87 -18.94 3.42 -0 0.43 -1.17 12.28 -0.35 -1.25 12.44 7.54 -16.1 5.47 5.09 -18.35 1.62 -9.98 -17.86 -5.02 -13.11 1.62 -2.7 -6.7 2.81 -0 0 0 -31.54 45.65 -8.53 38.17 -46.95 -17.09 -0 -0 45.16 38.53 -3.79 -3.01 -7.12 0 -0 8.92 25.14 -4.34 -0 0 0 21.55 -28.23 -39.62 -8.06 13.66 -0.97 0 0 42.22 -29.4 21.16 -11.5 7.12 -0 -0 -0.47 -6.03 -0.42
1.8 18.06 -14.2 186.5 -1.71 200.06 0 0 0 -16.76 -11.72 -43.96 3.22 11.05 32.44 -0.6 25.02 13.42 1.49 7.71 21.83 0 0 0 27.02 17.3 -20.78 -1.77 -8.36 23.83 0.03 -13.7 9.2 -0.25 3.24 -8.94 15.68 6.64 -2.72 10.17 5.8 -16.38 3.37 -0.55 -16.63 2.93 -5.04 -20.42 -9.41 -6.93 3.98 -4.04 -4.13 4 0 -0 0 -35.93 43.34 -15.3 34.37 -44.35 -14.37 -0 -0 45.22 39.06 -6.01 -4.86 -7.12 0 -0 9.01 22.28 -4.98 0 -0 0 25.39 -29.13 -40.51 -8.39 14.19 -1.05 0 0 29.55 -25.23 16.63 -7.68 7.12 -0 -0 1.72 -11.71 1.33
1.93 17.96 -13.85 186.08 -12.94 197.9 0 0 0 -18.33 -10.37 -44.17 3.02 10.72 31.35 0.23 19.84 15.84 0.61 4.99 13.87 0 0 0 27.12 19.86 -20.87 -2.11 -9.1 26.11 0.35 -16.08 7.23 -0.6 4.95 -13.77 13.33 5.66 -1.71 9.6 5.56 -16.39 3.79 -0.02 -17.51 4.82 0.18 -18.52 -12.63 0.13 6.43 -4.8 -0.86 4.98 0 -0 0 -37.23 43.98 -17.22 31.94 -42.5 -12.7 -0 -0 46.62 37.93 -5.73 -4.45 -7.12 0 -0 8.23 22.75 -4.45 0 -0 0 27.65 -29.66 -41.46 -8.39 14.19 -1.05 0 0 25.08 -22.78 12.62 -5.24 7.12 -0 -0 3.1 -16.35 2.11
2.04 17.82 -13.6 186.14 -25.04 196.2 0 0 0 -20.39 -8.24 -43.66 2.77 10.32 30.02 0.08 15.91 12.03 0.01 0.77 2.12 0 0 0 27.73 17.63 -23.18 -2.63 -10.07 29.2 0.66 -17.03 3.77 -0.63 5.09 -14.16 11.48 5.19 -2.22 8.94 5.59 -15.16 3.68 0.69 -15.61 4.53 4.71 -24.41 -13.69 7.29 13.81 -4.43 1.97 9.09 0 -0 0 -39.21 40.76 -19.43 30.1 -40.98 -11.47 -0 -0 46.09 37.54 -5.06 -3.88 -7.12 0 -0 8.03 23.61 -4.18 0 -0 0 30.93 -30.08 -40.86 -9.14 15.39 -1.24 0 0 19.55 -21.3 9.34 -3.62 7.12 -0 -0 4.04 -19.98 2.42
2.17 17.65 -13.39 188.06 -37.06 194.23 0 0 0 -20.25 -7.1 -43.84 2.87 10.49 30.57 0.03 1.36 2.88 1.24 -7.07 -19.91 0 0 0 29.28 15.79 -25.79 -3.08 -10.82 31.69 0.9 -17.41 -0.64 -0.53 4.67 -12.97 10.71 4.78 -2.89 8.65 5.33 -14.94 3.7 0.87 -14.95 7.1 9.91 -22.22 -16.32 14.68 15.58 -4.57 5.19 10.53 -0 -0 0 -40.12 39.48 -21.47 28.37 -39.46 -10.36 -0 -0 46.09 36.87 -3.98 -2.98 -7.12 0 -0 7.67 25 -3.74 -0 -0 0 31.92 -30.02 -46.79 -9.03 15.22 -1.21 0 0 25.81 -20.52 12.93 -4.79 7.12 -0 -0 4.68 -16.23 3.2
2.32 17.49 -13.21 190.2 -47.64 191.13 0 0 0 -20.81 -4.41 -44.62 3.18 10.99 32.24 0.05 6.06 -9.86 4.46 -12.75 -38.45 0 0 0 30.06 15.92 -27.18 -3.61 -11.62 34.41 1.14 -18.81 -3.49 -0.52 4.62 -12.83 9.46 4.42 -2.2 8.07 5.33 -14.66 3.59 1.18 -15.05 9.3 14.03 -16.43 -18.51 20.59 14.51 -4.72 8.14 10.39 0 0 0 -39.97 38.41 -22.8 26.51 -37.71 -9.2 -0 -0 46.88 38.8 -5.71 -4.57 -7.12 0 -0 8.86 22.7 -4.81 0 0 0 32.66 -30.66 -45.37 -9.27 15.59 -1.27 0 0 25.21 -20.58 13.04 -4.84 7.12 -0 -0 4.65 -16.12 3.18
2.36 17.41 -13.04 192.21 -59.09 188.29 0 0 0 -22.66 -1.71 -45.6 3.64 11.67 34.56 0.31 12.47 -21.26 1.56 -7.88 -22.36 0 0 0 29.53 13.8 -28.93 -4 -12.17 36.33 1.23 -19.25 -5.1 -1.15 6.8 -19.13 6.54 3.6 -3.95 9.46 4.16 -13.1 6.74 1.29 -12.37 9.89 17.35 -14.24 -23.32 26.51 14.2 -5.28 10.4 11.77 -0 -0 0 -45.89 36.84 -27.52 25.42 -36.64 -8.54 -0 -0 47.26 40.08 -6.73 -5.63 -7.12 0 -0 9.62 21.27 -5.55 -0 -0 0 30.21 -29.06 -45.39 -9.71 16.29 -1.39 0 0 22.58 -22.01 14.12 -5.63 7.12 -0 -0 3.71 -14.82 2.64
2.46 17.25 -13.17 212.1 -66.41 167.48 0 0 0 -15.28 3.65 -49.11 4.88 13.25 40.31 1.76 15.2 -34.4 0.04 1.28 3.52 0 0 0 37.3 17.99 -24.35 -3.82 -11.91 35.42 2.03 -24.23 -9.99 -0.8 5.69 -15.9 9.87 3.99 -1.37 9.29 5.41 -13.25 4.56 1.55 -13.97 13.74 19.04 -9.44 -23.77 29.1 15.08 -5.64 12.12 12.39 0 -0 0 -41.66 36.17 -25.8 24.37 -35.56 -7.92 -0 -0 46.49 38.69 -4.96 -3.96 -7.12 0 -0 8.88 23.65 -4.63 0 -0 0 33.92 -32.32 -41.79 -10.56 17.61 -1.64 0 0 17.29 -23.89 14.99 -6.54 7.12 -0 -0 2.48 -13.66 1.83
2.41 17.28 -12.9 226.87 -78.52 151.97 0 0 0 -19.75 2.95 -49.44 4.89 13.26 40.35 2.39 16.26 -38.58 0.25 3.21 8.85 0 0 0 33.19 11.21 -27.59 -4.03 -12.2 36.46 1.86 -23.49 -12.36 -1.15 6.8 -19.11 9.18 3.69 -1.94 6.28 5.06 -13.31 1.52 1.43 -13.34 13.99 19.38 -8.85 -23.02 30.08 17.37 -5.24 12.55 13.27 -0 -0 0 -40.35 33.53 -23.26 23.6 -34.74 -7.48 -0 -0 45.26 38.27 -2.96 -2.33 -7.12 0 -0 8.83 26.2 -4.07 -0 -0 0 36.65 -34.73 -47.03 -10.26 17.14 -1.55 0 0 19.23 -26.47 18.09 -8.79 7.12 -0 -0 1.04 -9.93 0.84
2.39 17.26 -12.8 288.55 -81.6 88.84 0 0 0 -19.09 2.97 -49.11 4.63 12.96 39.21 2.02 18.82 -38.9 0.31 3.59 9.93 0 0 0 33.78 7.5 -27.63 -4.06 -12.24 36.58 2.05 -25.18 -16.91 -0.56 4.8 -13.35 8.4 3.1 -1.28 5.64 4.45 -12.41 1.19 1.32 -12.64 15.31 19.71 -6.88 -24.01 31.04 17.83 -5.67 13.15 13.78 -0 -0 0 -40.12 32.08 -22.45 21.98 -32.95 -6.57 -0 -0 43.14 37.61 -1.76 -1.36 -7.12 0 -0 8.48 27.72 -3.6 -0 -0 0 38.87 -35.35 -48.22 -10.53 17.57 -1.63 0 0 18.26 -27.82 19.13 -9.81 7.12 -0 -0 0.28 -8.56 0.23
2.34 17.28 -12.61 326.86 -75.2 50.62 0 0 0 -18.51 2.5 -50 4.03 12.2 36.46 2.05 18.48 -38.77 0.31 3.6 9.96 0 0 0 34.52 4.7 -27.94 -3.73 -11.8 35.02 2.46 -27.43 -18.72 -0.65 5.15 -14.35 8.66 3 -1.71 5.46 4.35 -12.05 0.86 1.32 -11.93 13.54 19.12 -7.57 -22.48 30.62 20.61 -5.06 12.76 14.31 -0 0 0 -42.11 29.23 -28.63 19.79 -30.38 -5.42 -0 -0 47.96 35.6 -4.18 -2.98 -7.12 0 -0 6.7 24.85 -3.29 -0 0 0 38.47 -35.36 -49.35 -10.08 16.87 -1.5 0 0 17.69 -28.86 20.01 -10.68 7.12 -0 -0 -0.28 -7.41 -0.24
2.24 17.3 -12.39 337.38 -65.89 38.75 0 0 0 -17.17 1.37 -49.4 3.66 11.7 34.67 2 18.2 -38.27 0.5 4.52 12.56 0 0 0 36.44 1.14 -26.68 -3.45 -11.39 33.6 2.97 -29.88 -20.75 -0.8 5.69 -15.89 10.22 2.6 -1.5 5.33 3.97 -11.48 -0.14 1.05 -11.33 13.26 18.12 -7.69 -20.85 29.44 23.7 -4.83 12.21 15 -0 0 0 -43.54 29.05 -28.92 18.26 -28.49 -4.67 -0 -0 48.34 36.34 -3.5 -2.57 -7.12 0 -0 7.33 25.63 -3.46 -0 0 0 39.9 -34.77 -52.7 -9.91 16.6 -1.45 0 0 17.13 -32.3 20.23 -12.33 7.12 -0 -0 -2.42 -6.45 -2.14
2.13 17.27 -12.17 343.23 -58.02 31.97 0 0 0 -18.93 2.49 -50.12 3.57 11.56 34.19 2.64 19.9 -42.64 1.37 7.4 20.9 0 0 0 36.89 0.73 -25.34 -3.38 -11.29 33.27 3.34 -32.93 -27.54 -0.37 3.88 -10.74 9.69 2.31 -1.42 5.5 3.63 -11.24 0.34 0.99 -11.15 10.96 16.58 -8.1 -18.28 27.49 27.56 -4.16 11.17 15.45 -0 -0 0 -45.82 27.88 -31.56 17.16 -27.07 -4.16 -0 -0 45.2 34.56 -3.39 -2.34 -7.12 0 -0 6.01 25.85 -2.8 -0 -0 0 39.51 -33.22 -56.85 -9.58 16.09 -1.36 0 0 16.78 -32.53 20.13 -12.38 7.12 -0 -0 -2.58 -6.5 -2.28
1.97 17.26 -11.93 348.05 -50.01 27.72 0 0 0 -20.8 1.57 -49.8 3.42 11.35 33.46 3.28 20.74 -45.95 1.99 8.85 25.33 0 0 0 36.73 -1.17 -26.65 -3.6 -11.61 34.37 3.6 -34.71 -30.73 -0.47 4.41 -12.24 7.93 2.22 -3.12 4.96 3.25 -11.18 0.77 1.01 -10.08 9.65 14.38 -9.45 -15.7 24.31 31.68 -3.75 9.66 16.36 0 -0 0 -47.58 27.01 -31.98 16.44 -26.11 -3.84 -0 -0 44.21 34.87 -1.31 -0.92 -7.12 0 -0 6.43 28.36 -2.62 0 -0 0 41.74 -31.74 -64.06 -9.47 15.9 -1.33 0 0 16.59 -32.05 20.92 -12.6 7.12 -0 -0 -2.16 -5.72 -1.94
1.78 17.21 -11.59 350.23 -42.92 25.06 0 0 0 -23.14 3.35 -49.34 3.58 11.58 34.28 0.54 21.5 -33.75 0.23 3.06 8.45 0 0 0 36.1 -1.44 -26.24 -4 -12.16 36.31 3.9 -36.11 -32.52 -0.35 3.81 -10.54 7.02 2.16 -4.46 4.67 3 -10.93 0.99 1.01 -9.03 8.08 12.07 -9.83 -13.11 20.76 35.14 -3.33 8.12 16.85 0 0 0 -49.97 26.08 -34.46 16.24 -25.85 -3.75 -0 -0 43.18 33.26 4.21 2.75 -7.12 0 -0 5.49 34.96 -1.36 0 0 0 43.8 -30.28 -65.22 -9.49 15.94 -1.33 0 0 10.87 -33.4 19.98 -12.7 7.12 -0 -0 -3.15 -6.48 -2.78
1.59 17.2 -11.1 350.04 -36.34 22.71 0 0 0 -21.68 2.11 -44.97 3.82 11.91 35.41 0.36 19.21 -29.86 0.03 -1.11 -3.05 0 0 0 36.36 -4.14 -23.6 -4.18 -12.4 37.16 4.64 -36.75 -28.53 -0.41 4.11 -11.38 8.6 2.69 -5.3 4.33 3.57 -9.86 -0.23 1.26 -7.23 8.29 10.13 -10.37 -12.46 17.9 37.61 -3.78 6.95 17.77 0 0 0 -52.6 24.85 -35.59 15.56 -24.92 -3.46 -0 -0 41.61 32.62 5.53 3.53 -7.12 0 -0 4.99 36.5 -1.05 0 0 0 47.31 -28.24 -72.75 -9.53 16 -1.34 0 0 11.29 -33.61 19.98 -12.8 7.12 -0 -0 -3.29 -6.42 -2.9
1.46 17.08 -10.79 351.69 -29.66 21.99 0 0 0 -22.87 0.06 -44.83 4.09 12.28 36.71 0.33 17.62 -27.66 0.21 -2.96 -8.16 0 0 0 35.11 -4.25 -25.8 -5.32 -13.73 42.18 4.81 -36.23 -24.02 -0.75 5.53 -15.43 7.3 2.71 -7.09 3.75 3.4 -9.43 -0.06 1.32 -5.76 6.12 8.06 -11.51 -9.92 14.46 39.36 -2.97 5.47 17.86 -0 -0 0 -55.49 23.63 -38.61 14.31 -23.17 -2.95 -0 -0 43.68 33.86 1.14 0.77 -7.12 0 -0 5.82 31.33 -1.96 -0 -0 0 51.54 -25.82 -73.63 -9.62 16.14 -1.37 0 0 6.12 -33.73 18.67 -12.06 7.12 -0 -0 -3.57 -7.9 -3.05
1.35 16.9 -10.43 351.67 -24.62 20.75 0 0 0 -23.11 -0.68 -43.43 4.48 12.77 38.51 1.13 14.78 -30.19 0.01 -0.55 -1.51 0 0 0 33.03 -3.68 -27.72 -7.43 -15.68 50.48 4.61 -34.91 -11.28 -0.94 6.19 -17.33 7.43 2.9 -7.04 3.81 3.65 -8.76 -0.05 1.48 -5.05 4.16 6.3 -12.01 -8.14 11.75 40.83 -2.37 4.26 18.09 -0 0 0 -59.32 24.29 -41.1 12.99 -21.27 -2.45 -0 -0 46.4 33.61 4.45 2.95 -7.12 0 -0 5.79 35.26 -1.39 -0 0 0 54.09 -22.08 -77.39 -9.67 16.22 -1.38 0 0 4.91 -33.44 18.88 -12.06 7.12 -0 -0 -3.35 -7.73 -2.87
1.29 16.74 -10.12 351.65 -20.31 19.34 0 0 0 -24.05 -0.11 -41.52 4.56 12.87 38.88 1.76 12.95 -32.56 0.01 -0.55 -1.51 0 0 0 29.97 -3.21 -31.82 -9.91 -17.36 59.18 1.17 -28.87 13.08 -0.78 5.66 -15.79 7.89 2.86 -5.77 3.78 3.72 -8.35 -0.39 1.5 -5.29 3.21 4.74 -10.87 -7.33 9.27 40.97 -2.32 3.27 17.46 -0 0 0 -63.72 26.22 -41.32 12.06 -19.89 -2.12 -0 -0 47.13 34.01 4.98 3.35 -7.12 0 -0 6.15 35.92 -1.38 -0 0 0 56.52 -17.92 -78.96 -9.77 16.38 -1.41 0 0 3.26 -34.39 18.84 -12.46 7.12 -0 -0 -3.96 -7.56 -3.41
1.23 16.56 -9.87 351.08 -16.9 18 0 0 0 -23.23 -0.78 -40.03 5.02 13.41 40.93 2.4 11.65 -35.25 0 0.37 1.01 0 0 0 27.29 -1.5 -36.34 -12.05 -18.41 66.14 1.79 -26.66 4.79 -0.98 6.3 -17.66 8.58 2.66 -3.73 4.12 3.68 -7.68 -0.51 1.46 -5.72 2.56 3.73 -10.17 -6.44 7.5 40.94 -2.12 2.6 16.98 -0 0 0 -68.98 28.52 -38.49 10.83 -18.02 -1.72 -0 -0 46.31 32.18 7.83 4.9 -7.12 0 -0 4.65 39.17 -0.67 -0 0 0 59.21 -13.12 -76.13 -9.95 16.66 -1.46 0 -0 -1.61 -35.02 19.97 -13.46 7.12 -0 -0 -4.17 -6.1 -3.71
1.18 16.3 -9.67 351.43 -15.47 17.05 0 0 0 -23.4 -1.2 -40.66 6.14 14.56 45.52 2.84 10.61 -36.88 0 0.13 0.36 0 0 0 22.09 3.28 -41.84 -13.43 -18.93 70.44 2.59 -27.07 -10.19 -0.16 2.61 -7.21 8.38 2.72 -1.75 3.88 3.95 -6.93 -0.74 1.61 -6.02 2.83 2.98 -11.12 -6.02 6.17 41.81 -2.22 2.12 17.61 -0 -0 0 -73.84 29.96 -33.4 8.91 -15.01 -1.18 -0 -0 44.29 28.19 12.69 6.72 -7.12 0 -0 0.84 44.31 -0.01 -0 -0 0 63.17 -8.48 -69.66 -10.48 17.49 -1.62 0 -0 -8.58 -34.96 20.25 -13.61 7.12 -0 -0 -4.09 -5.79 -3.66
1.01 16.02 -9.53 352.81 -12.49 17.61 0 0 0 -23.69 -3.29 -43.22 7.36 15.63 50.21 3.35 8.36 -38.17 0.02 0.9 2.49 0 0 0 16.11 7.78 -49.76 -13.17 -18.84 69.65 2.39 -27.78 -21.3 -0.01 0.73 -2 6.79 2.11 -1.34 3.34 3.13 -6.81 -0.42 1.27 -6.2 2.54 2.11 -11.04 -4.8 4.37 41.74 -1.92 1.51 17.34 -0 -0 0 -77.4 30.44 -26.16 7.03 -11.97 -0.74 -0 -0 42.71 22.07 16.86 6.71 -7.12 0 -0 -5.6 48.01 -0.42 -0 -0 0 68 -4.77 -58.91 -11.46 18.99 -1.92 0 -0 -18.71 -34.3 20.11 -13.2 7.12 -0 -0 -3.69 -6.12 -3.29
0.87 15.91 -9.34 354.29 -10.28 16.82 0 0 0 -24.54 -4.32 -42.04 7.67 15.87 51.37 3.69 6.45 -38.91 0.07 1.7 4.68 0 0 0 10.47 10.42 -53.85 -10.99 -17.93 62.74 0.41 -24.94 -32.59 -0 -0.26 0.72 5.15 1.46 0.51 2.96 2.32 -6.21 0.07 0.95 -6.7 2.42 1.66 -11.34 -4.14 3.4 41 -1.73 1.18 16.91 0 -0 0 -80.8 31.63 -3.62 6.93 -11.8 -0.72 -0 -0 29.88 12.87 23.41 5.19 -7.12 0 -0 -16.87 53.13 -3.45 0 -0 0 71.56 -1.64 -48.91 -11.44 18.96 -1.92 0 -0 -22.29 -33.85 20.39 -13.15 7.12 -0 -0 -3.37 -5.9 -3.01
0.75 15.91 -9.11 355.24 -9.1 15.72 0 0 0 -25.19 -4.8 -39.33 7.47 15.72 50.64 3.65 7.34 -39.13 0 0.11 0.31 0 0 0 7.01 12.7 -55.65 -7.76 -15.94 51.68 1.64 -28.85 -31.16 -0.13 2.33 -6.41 3.82 1.04 2.4 2.76 1.78 -5.3 0.6 0.76 -6.85 2.2 1.5 -12.22 -3.62 2.97 40.28 -1.51 1.04 16.69 -0 0 0 -81.34 32.99 31.52 9.81 -16.45 -1.42 -0 -0 6.7 4.18 26.82 1.89 -7.12 0 -0 -27.3 54.7 -6.89 -0 0 0 74.94 -1.39 -30.22 -13.83 22.49 -2.76 0 -0 -34.16 -33.69 17.49 -11.33 7.12 -0 -0 -3.72 -9.27 -3.07
0.62 15.89 -8.85 356.87 -8.8 14.23 0 0 0 -26.77 -5.49 -35.74 7.24 15.53 49.77 3.74 8.96 -40.35 0.01 -0.46 -1.26 0 0 0 5.17 13.36 -57.17 -5.26 -13.67 41.92 3.18 -30.7 -21.15 -0.44 4.24 -11.76 1.73 1.02 3.1 2.21 1.56 -3.46 1.2 0.75 -5.34 2.12 1.18 -13.49 -3.17 2.28 38.93 -1.38 0.8 16.24 -0 -0 0 -76.61 33.2 63.54 18.04 -28.21 -4.57 -0 0 -13.62 -0.36 29.78 -0.18 -7.12 0 -0 -33.86 56.35 -10.24 -0 -0 0 76.98 -1.96 -12.69 -17.89 28.01 -4.5 0 -0 -47.33 -32.97 15.13 -9.61 7.12 -0 -0 -3.58 -12.15 -2.75
0.45 15.86 -8.53 358.74 -8.1 13.09 0 0 0 -28.44 -4.89 -32.89 6.97 15.31 48.77 3.73 9.4 -40.54 0.06 -1.56 -4.29 0 0 0 5.52 11.78 -59.27 -3.85 -11.96 35.59 3.74 -31.84 -11.75 -0.47 4.42 -12.26 -0.71 0.56 3.93 1.8 0.79 -2.73 2.2 0.45 -5.07 2.08 1.37 -13.61 -2.84 2.44 38.25 -1.19 0.9 15.92 0 -0 0 -71.53 33.19 79.79 28.98 -40 -10.75 -0 0 -19.58 -3.2 29.15 -1.56 -7.12 0 -0 -35.99 55.26 -10.01 0 -0 0 77.06 -4.78 2.37 -22.86 33.93 -7.06 0 -0 -55.12 -30.77 12.23 -7.19 7.12 -0 -0 -2.43 -15.83 -1.68
0.26 15.85 -8.15 360.07 -6.74 11.74 0 0 0 -29.43 -3.67 -29.03 6.51 14.9 46.99 3.81 8.45 -40.39 0.13 -2.31 -6.36 0 0 0 6.23 11.32 -59.07 -3.04 -10.76 31.48 5.36 -37.62 -8.37 -0.11 2.13 -5.87 -2.28 0.01 4.7 1.45 -0.08 -2.17 2.79 0.06 -4.88 2 1.46 -13.59 -2.31 2.38 37.92 -0.95 0.94 15.73 0 0 0 -65.43 31.73 91.09 42.58 -49.53 -20.38 -0 0 -19.84 -8.93 28.1 -4.23 -7.12 0 -0 -40.3 53.34 -9.48 0 0 0 75.52 -8.83 14.83 -28.98 40 -10.74 0 -0 -63.83 -30.16 10.32 -5.94 7.12 -0 -0 -2.19 -18.1 -1.41
0.06 15.85 -7.71 361.24 -5.16 10.39 0 0 0 -30.02 -2.54 -24.77 5.99 14.42 44.93 3.8 7.65 -40 0.3 -3.54 -9.8 0 0 0 5.78 12.38 -57.57 -2.67 -10.15 29.46 5.95 -38.82 -21.95 -1.06 -6.53 18.34 -3.64 -0.64 5.22 1.14 -1.07 -1.73 3.32 -0.41 -4.64 1.87 1.59 -12.54 -1.82 2.42 37.02 -0.71 1.01 15.02 -0 0 0 -59.43 29.13 99.62 58.22 -55.82 -32.86 -0 0 -20.39 -12.62 25.97 -5.6 -7.12 0 -0 -41.83 51.03 -7.31 -0 0 0 72.86 -12.54 23.47 -34.71 44.61 -14.61 0 -0 -70.19 -25.4 7.29 -3.45 7.12 -0 -0 1.02 -21.92 0.56
-0.15 15.88 -7.19 362.29 -3.14 9.83 0 0 0 -30.51 -1.62 -19.93 5.13 13.53 41.38 3.74 7.11 -39.43 0.57 -4.85 -13.48 0 0 0 3.68 15.21 -55.34 -2.45 -9.75 28.16 -0.24 -28.05 -40.39 -5.38 -13.8 42.44 -4.58 -1.51 4.13 0.87 -2.24 -1.26 3.63 -1.01 -3.41 2.55 2.04 -12.64 -2.07 2.98 36.53 -0.85 1.31 14.85 0 0 0 -54.19 25.01 104.94 75.2 -59.16 -47.22 -0 0 -20.47 -16.35 22.23 -6.33 -7.12 0 -0 -42.22 47.49 -3.14 0 0 0 69.63 -14.65 29.31 -38.52 47.17 -17.35 0 -0 -73.62 -17.48 4.89 -1.54 7.12 -0 -0 6.87 -24.85 3.37
-0.36 15.95 -6.6 363.07 -1.41 10.39 0 0 0 -30.4 -0.93 -15.75 4.17 12.39 37.11 3.65 6.39 -38.7 0.56 -4.81 -13.36 0 0 0 0.21 20.66 -52.54 -2.15 -9.17 26.33 -6.17 -15.08 -53 -8.13 -16.22 53.04 -5.26 -2.3 1.51 0.76 -3.17 -0.96 3.81 -1.53 -1.51 2.22 2.26 -13 -1.77 3.28 35.9 -0.6 1.43 14.63 0 0 0 -50.05 19.42 107.31 90.31 -60 -60.27 -0 0 -23.67 -20.99 20.45 -7.64 -7.12 0 -0 -44.59 45.42 -0.58 0 0 0 65.91 -16.61 33.58 -41.38 48.87 -19.47 0 -0 -75.39 -10.46 2.84 -0.52 7.12 -0 -0 12.29 -27.04 5.48
-0.59 15.98 -5.95 364.13 1.03 12.25 0 0 0 -30.26 -1.5 -11.67 3.1 10.85 31.78 3.29 6.83 -37.11 1.13 -6.75 -18.98 0 0 0 -0.33 21.52 -52.29 -2.21 -9.29 26.72 -7.49 -11.22 -55.79 -9.53 -17.14 57.92 -5.49 -3.19 -1.65 0.23 -4.21 -1.89 3.24 -2.05 -0.61 1.72 2.35 -12.37 -0.6 3.14 35.09 -0.07 1.48 14.07 -0 0 0 -45.22 12.83 108.96 102.46 -59.4 -70.77 -0 0 -30.67 -26.47 19.48 -9.43 -7.12 0 -0 -47.76 43.86 1.8 -0 0 0 62.67 -20.11 36.59 -42.05 49.24 -19.98 0 -0 -73.13 -0.03 3.29 -0 7.12 -0 -0 19.93 -26.52 9.49
-0.79 16.03 -5.24 364.95 3.07 14.22 0 0 0 -29.85 -2 -6.81 2 8.86 25.37 2.76 7.88 -34.92 2.06 -8.99 -25.77 0 0 0 1.49 20.13 -52.49 -2.37 -9.59 27.66 -5.68 -21.76 -54.98 -8.09 -16.19 52.9 -5.84 -4.25 -2.7 0.54 -5.65 -4.91 3.78 -2.63 -2.96 1.15 2.81 -9.83 -0.73 4.05 35.43 0.07 1.79 13.66 0 0 0 -42.16 9.07 108.95 110.65 -58.33 -77.79 -0 0 -39.22 -32.51 20.05 -12.32 -7.12 0 -0 -51.86 43.34 3.07 0 0 0 56.55 -24.93 42.02 -41.12 48.72 -19.28 0 -0 -68.94 9.07 5.14 0.82 7.12 -0 -0 25.92 -24.56 14.25
-0.99 16.14 -4.58 364.33 4.35 16.6 0 0 0 -27.79 -3.08 -2.95 1.15 6.81 19.15 1.86 10.89 -31.6 2.78 -10.33 -30.05 0 0 0 3.11 21.05 -52.03 -2.25 -9.37 26.96 -5.96 -24.19 -57.28 -8.06 -16.17 52.79 -4.39 -4.76 -5.14 0.82 -6.25 -6.9 3.15 -2.93 -3.73 1.12 3.21 -9.51 -0.69 4.65 35.25 0.17 2.07 13.51 -0 -0 0 -38.57 2.7 105.4 114.77 -57.55 -81.27 -0 0 -45.81 -37.33 20.04 -14.64 -7.12 0 -0 -54.29 42.46 5.23 -0 -0 0 51.61 -27.04 45.91 -38.17 46.95 -17.09 0 -0 -67.42 13.97 6.02 1.49 7.12 -0 -0 28.9 -23.53 17.19
-1.16 16.24 -3.88 363.75 4.83 18.65 0 0 0 -26.03 -3.03 3.67 0.26 3.31 9.14 0.75 13.5 -26.26 3.14 -10.93 -32.03 0 0 0 5.56 20.62 -51.51 -2.24 -9.35 26.89 -4.57 -27.21 -55.19 -7.21 -15.51 49.66 -2.67 -4.9 -7.95 0.69 -6.42 -8.59 1.92 -3.07 -4.14 0.53 3.54 -7.39 0.63 4.79 32.63 0.72 2.27 11.89 -0 0 0 -34.2 -3.88 100.06 115.46 -57.4 -81.86 -0 0 -48.12 -37.65 19.34 -14.34 -7.12 0 -0 -53.87 41.85 6.45 -0 0 0 47.05 -28.98 49.09 -35.6 45.23 -15.24 0 -0 -65.82 17.49 5.88 1.85 7.12 -0 -0 31.1 -23.41 19.1
-1.33 16.38 -3.21 363.95 4.73 20.99 0 0 0 -24.78 -1.48 8.39 0 0 0 0.2 12.34 -19.98 3.49 -11.45 -33.82 0 0 0 7.3 19.68 -52.07 -2.26 -9.39 27.03 -2.85 -29.91 -52.17 -6.34 -14.75 46.31 -2.06 -4.99 -10.55 0.42 -6.51 -10.48 1.17 -3.15 -4.85 0.07 4.04 -5.5 1.64 5.26 29.7 1.1 2.6 10.31 -0 -0 0 -29.79 -10.55 93.73 112.47 -58 -79.33 -0 0 -48.25 -36.2 19.38 -13.65 -7.12 0 -0 -53.24 42.15 5.65 -0 -0 0 42.56 -30.21 51.3 -32.12 42.64 -12.82 0 -0 -62.6 22.43 4.38 1.81 7.12 -0 -0 34.37 -24.24 21.22
-1.48 16.57 -2.62 364.01 6.36 22.83 0 0 0 -23.34 -3.08 8.57 0 0 0 -0.09 12.62 -16.69 3.17 -10.96 -32.15 0 0 0 8.61 18.24 -52.04 -2.38 -9.62 27.76 -3.89 -27.14 -53.06 -6.43 -14.83 46.69 -0.82 -5.43 -12.08 0.26 -7.17 -12.15 0.25 -3.56 -6.01 -0.51 4.51 -4.55 2.87 5.69 27.06 1.58 2.9 9.1 -0 -0 0 -25.34 -17.53 87.32 105.09 -59.12 -73.03 -0 0 -47.27 -37.4 18.93 -13.93 -7.12 0 -0 -53.44 41.57 6.93 -0 -0 0 38.53 -30.77 52.08 -28.51 39.58 -10.45 0 -0 -58.39 24.34 3.91 1.77 7.12 -0 -0 35.56 -24.41 22.17
-1.63 16.72 -2.1 364.05 6.65 24.42 0 0 0 -22.33 -3.46 8.29 0 0 0 -0.41 14.03 -14.1 2.2 -9.26 -26.62 0 0 0 9.75 18.13 -51.42 -2.26 -9.39 27.02 -2.57 -30.05 -51.41 -5.58 -14.01 43.27 -0.51 -5.61 -13.09 0.11 -7.44 -13.74 -0.07 -3.72 -7.32 -0.4 5.01 -3.83 3.82 6.17 24.66 1.83 3.24 8.1 -0 -0 0 -20.31 -23.05 80.82 95.72 -59.88 -64.95 -0 0 -44.22 -36.73 18.9 -13.59 -7.12 0 -0 -53.11 41.67 6.62 -0 -0 0 34.76 -30.73 51.8 -24.95 36.15 -8.26 0 -0 -53.6 26.08 4.14 2.02 7.12 -0 -0 36.4 -23.95 23.55
-1.77 16.84 -1.65 364.52 6.47 25.79 0 0 0 -22.11 -3.46 8.26 0 -0 -0 -1.08 18.86 -13.21 0.85 -5.88 -16.44 0 0 0 10.31 17.96 -50.97 -2.2 -9.27 26.63 -2.78 -29.46 -51.52 -5.45 -13.87 42.73 -0.92 -5.82 -13.78 -0.06 -7.71 -14.96 -0.03 -3.83 -8.34 -0.31 5.62 -3.02 4.44 6.93 21.43 1.94 3.67 6.85 0 0 0 -14.6 -28.67 74.22 83.97 -59.86 -54.78 -0 0 -40.18 -37.71 18.43 -13.73 -7.12 0 -0 -53.17 41.1 7.86 0 0 0 31.13 -30.09 50.32 -22.39 33.42 -6.8 0 -0 -47.97 27.01 4.23 2.15 7.12 -0 -0 36.84 -23.71 24.29
-1.9 16.92 -1.25 364.81 6.34 26.86 0 0 0 -21.82 -3.28 8.6 0 -0 -0 -1.6 23.31 -18.22 0 0.09 0.24 0 0 0 10.84 18 -50.34 -2.14 -9.15 26.27 -2.97 -28.98 -51.69 -5.28 -13.7 42.04 -1.37 -5.91 -14 -0.12 -7.83 -16.18 0.21 -3.84 -9.63 -0.68 5.92 -3.07 5.36 7.26 19.32 2.24 3.88 6.12 -0 -0 0 -9.18 -34 68.34 71.45 -58.66 -44.01 -0 0 -35.71 -37.41 17.94 -13.26 -7.12 0 -0 -52.67 40.76 8.41 -0 -0 0 27.47 -29.58 48.52 -20.18 30.85 -5.62 0 -0 -41.81 27.53 4.13 2.15 7.12 -0 -0 37.13 -23.71 24.61
-2.03 17 -0.9 364.89 5.86 27.91 0 0 0 -21.54 -2.8 8.59 0 -0 -0 -1.62 26.61 -26.58 1.7 8.2 23.33 0 0 0 10.91 19.18 -49.43 -2.02 -8.91 25.51 -3.82 -28 -53.54 -5.36 -13.78 42.35 -1.73 -6.12 -14.18 -0.02 -8.12 -17.23 0.55 -3.93 -10.74 -0.44 6.39 -3.53 5.79 7.86 17.74 2.34 4.22 5.67 -0 -0 0 -3.53 -37.63 61.02 59.15 -56.08 -33.64 -0 0 -29.07 -37.37 16.96 -12.56 -7.12 0 -0 -51.92 39.97 9.81 -0 -0 0 24.26 -28.31 46.06 -18.53 28.83 -4.8 0 -0 -35.73 27 3.69 1.88 7.12 -0 -0 37 -24.19 23.9
-2.11 17.06 -0.58 364.74 5.16 28.63 0 0 0 -21.42 -1.97 8.63 0 0 0 -0.24 27.53 -37.35 4.03 12.2 36.43 0 0 0 12.31 18.57 -48.71 -1.89 -8.63 24.65 -2.91 -28.67 -51.24 -4.94 -13.32 40.58 -1.61 -6.02 -14.78 -0.19 -8.01 -18.02 0.3 -3.9 -11.45 -0.34 6.73 -2.67 6.54 8.28 15.45 2.46 4.45 4.77 0 -0 0 1.64 -41.38 53.49 48.99 -52.58 -25.37 -0 0 -22.19 -35.54 16.6 -11.54 -7.12 0 -0 -50.89 40.05 9.22 0 -0 0 22.14 -26.92 41.91 -16.22 25.81 -3.74 0 -0 -29.21 25.77 4.6 2.22 7.12 -0 -0 36.1 -23.58 23.64
-2.18 17.11 -0.32 364.67 4.86 29.1 0 0 0 -21.13 -1.55 8.58 0 0 0 4.17 18.69 -47.89 6.43 14.83 46.68 0 0 0 13.14 18.39 -47.92 -1.81 -8.45 24.09 -2.62 -29 -50.59 -4.5 -12.79 38.6 -1.5 -6.09 -14.57 -0.18 -8.17 -18.85 0.35 -3.98 -12.64 -0.51 7.06 -2.57 7.24 8.73 13.67 2.65 4.68 4.15 -0 -0 0 5.66 -43.48 44.73 40.84 -48.56 -19.06 -0 0 -14.67 -34.59 15.64 -10.53 -7.12 0 -0 -49.79 39.45 9.97 -0 -0 0 19.95 -25.82 37.8 -14.58 23.56 -3.06 0 -0 -23.87 23.4 5.87 2.53 7.12 -0 -0 34.48 -22.79 22.83
-2.23 17.15 -0.09 364.56 4.35 29.46 0 0 0 -20.79 -1.03 8.15 0 -0 -0 6.64 10.58 -52.64 7.61 15.83 51.15 0 0 0 12.4 20.4 -46.66 -1.74 -8.31 23.65 -3.11 -29.43 -52.56 -4.47 -12.76 38.47 -1.3 -5.87 -14.61 -0.57 -7.94 -19.13 -0.15 -3.92 -13.08 -0.47 7.29 -3.7 8.41 8.95 12.4 3.01 4.86 3.89 0 0 0 10.83 -46.11 34.86 34.75 -44.63 -14.63 -0 0 -8.17 -31.1 15.47 -9.14 -7.12 0 -0 -47.92 39.95 8.36 0 0 0 18.88 -25.17 32.41 -12.97 21.25 -2.44 0 -0 -19.64 20.35 6.52 2.41 7.12 -0 -0 32.61 -22.57 21.21
-2.3 17.18 0.06 364.81 3.74 30.16 0 0 0 -20.76 -0.8 7.14 0 -0 -0 6.05 15.47 -52.76 7.48 15.73 50.68 0 0 0 11.53 21.82 -46.18 -1.67 -8.14 23.15 -4.42 -27.36 -54.85 -4.87 -13.24 40.26 -2.22 -5.7 -14.16 -1.11 -7.74 -19.27 -0.19 -3.74 -13.5 -0.43 7.03 -7.24 9.78 8.35 12.56 3.56 4.71 4.5 -0 -0 0 17.42 -48.91 24.28 30.19 -41.06 -11.54 -0 0 -3.48 -25.8 16.83 -7.97 -7.12 0 -0 -45.61 41.87 4.65 -0 -0 0 18.54 -25.44 26.92 -12 19.8 -2.1 0 -0 -16.49 17.29 7.12 2.21 7.12 -0 -0 30.67 -22.31 19.68
-2.32 17.18 0.2 365.18 3.88 30.52 0 0 0 -20.62 -1.11 6.71 0 -0 -0 6.33 15.67 -53.83 7.43 15.69 50.49 0 0 0 10.98 22.16 -46.01 -1.71 -8.24 23.45 -4.88 -26.93 -55.9 -4.77 -13.12 39.83 -2.49 -5.96 -13.68 -1.44 -8.19 -20.07 -0.32 -3.94 -14.88 -0.09 7.28 -5.49 10.47 8.76 10.51 3.58 4.88 3.55 0 -0 0 20.31 -51.44 15.44 26.31 -37.51 -9.07 -0 -0 1.61 -22.02 17.58 -6.96 -7.12 0 -0 -43.52 43.01 2.72 0 -0 0 16.88 -25.55 24.41 -11.45 18.97 -1.92 0 -0 -13.48 15.65 6.87 1.92 7.12 -0 -0 29.74 -22.66 18.58
-2.3 17.18 0.28 364.98 4.18 30.64 0 0 0 -19.98 -1.25 6.24 0 -0 -0 6.18 18.41 -54.68 7.27 15.55 49.88 0 0 0 11.07 22.52 -45.75 -1.73 -8.29 23.58 -5.87 -25.76 -57.99 -5.08 -13.47 41.16 -1.63 -5.94 -13.09 -1.93 -8.3 -20.02 -1.26 -4.16 -15.41 -0.16 7.3 -6.11 11.44 8.84 8.63 3.85 4.91 3.03 -0 -0 0 25.95 -53.25 3.57 23.64 -34.78 -7.5 -0 -0 6.36 -18.76 18.12 -6.03 -7.12 0 -0 -41.49 43.88 1.41 -0 -0 0 16.3 -25.15 19.71 -10.69 17.82 -1.68 0 -0 -9.28 14.87 6.82 1.81 7.12 -0 -0 29.28 -22.75 18.12
-2.3 17.17 0.32 364.97 3.83 31.08 0 0 0 -19.8 -0.99 5.58 0 -0 -0 6.29 18.26 -54.99 7.45 15.7 50.55 0 0 0 10.47 23.54 -46.28 -1.8 -8.45 24.08 -6.07 -26.17 -58.79 -5.03 -13.42 40.96 -1.34 -5.85 -12.12 -2.4 -8.33 -20.4 -1.79 -4.26 -16.68 -0.29 7.45 -6.42 12.36 9.13 6.96 4.11 5.04 2.52 0 0 0 31.73 -55.29 -8.68 21.13 -31.98 -6.12 -0 -0 11.73 -15.73 18.45 -5.09 -7.12 0 -0 -39.39 44.55 0.53 0 0 0 15.58 -24.77 14.58 -9.82 16.46 -1.42 0 -0 -5.04 15.07 7.03 1.89 7.12 -0 -0 29.35 -22.55 18.34
-2.3 17.15 0.33 365.11 3.69 31.53 0 0 0 -19.8 -0.98 5 0 0 0 6.9 17.79 -56.69 7.3 15.58 49.99 0 0 0 9.87 23.98 -46.92 -1.86 -8.57 24.47 -6.94 -24.56 -60.27 -5.35 -13.77 42.31 -1.31 -6.33 -11.57 -2.27 -9.05 -20.62 -1.56 -4.6 -17.35 -1.81 8.05 -6.67 14.16 10.12 5.53 4.86 5.52 1.89 -0 -0 0 36.12 -55.23 -17.95 19.64 -30.21 -5.35 -0 -0 12.36 -13.52 19.38 -4.56 -7.12 0 -0 -38.19 45.6 -0.67 -0 -0 0 14.32 -23.09 11.51 -9.38 15.77 -1.3 0 -0 -2.12 14.97 6.42 1.71 7.12 -0 -0 29.44 -23.1 17.96
-2.29 17.13 0.38 364.96 3.33 32.27 0 0 0 -19.9 -0.74 4.12 0 -0 -0 6.84 19.19 -57.16 7.15 15.46 49.43 0 0 0 9.49 24.41 -47.55 -1.85 -8.54 24.37 -6.88 -24.89 -60.29 -5.17 -13.57 41.53 -1.17 -6.31 -11.83 -2.57 -9.08 -20.75 -2 -4.69 -17.49 -1.11 8.12 -5.7 13.17 10.49 2.75 4.79 5.54 1.06 -0 -0 0 41.27 -56.62 -29.41 18.07 -28.25 -4.58 -0 -0 15.09 -12.86 18.71 -4.19 -7.12 0 -0 -37.28 45.14 -0.15 -0 -0 0 14.14 -22.42 4.72 -8.68 14.64 -1.12 0 0 3.67 14.71 6.95 1.82 7.12 -0 -0 29.15 -22.65 18.1
-2.29 17.12 0.37 364.81 3 32.66 0 0 0 -19.89 -0.39 3.62 0 -0 -0 6.66 19.14 -56.58 6.97 15.31 48.76 0 0 0 9.33 24.81 -47.82 -1.78 -8.4 23.93 -6.63 -25.72 -60.06 -4.87 -13.23 40.25 -1.32 -6.33 -11.19 -2.83 -9.2 -20.71 -2.13 -4.75 -17.89 -1.6 7.99 -7.04 14.24 10.36 2.25 4.77 5.52 0.97 -0 -0 0 46.58 -56.24 -35.1 17.52 -27.54 -4.33 -0 -0 12.54 -12.28 19.97 -4.25 -7.12 0 -0 -37.55 46.26 -1.36 -0 -0 0 13.81 -22.36 3.35 -8.65 14.6 -1.11 0 0 3.65 14.86 6.21 1.64 7.12 -0 -0 29.41 -23.3 17.79
-2.28 17.1 0.38 364.84 2.93 32.82 0 0 0 -19.96 -0.19 3.67 0 -0 -0 7.29 16.11 -57.12 6.92 15.26 48.57 0 0 0 9.17 24.82 -48.1 -1.81 -8.46 24.12 -6.82 -25.13 -60.26 -4.92 -13.29 40.47 -1.45 -6.38 -10.8 -2.99 -9.31 -20.75 -2.19 -4.79 -18.22 -2.39 8.09 -7.21 14.96 10.55 2.12 5.11 5.63 0.87 -0 -0 0 49.93 -56.87 -41.27 16.91 -26.75 -4.05 -0 -0 14.5 -13.18 20.6 -4.71 -7.12 0 -0 -38.65 46.65 -1.85 -0 -0 0 12.86 -22.4 3.11 -8.78 14.8 -1.14 0 0 3.66 15.77 5.14 1.45 7.12 -0 -0 30.24 -24.2 17.7
-2.27 17.1 0.37 364.24 3.28 32.96 0 0 0 -19.18 -0.07 3.48 0 0 0 5.75 21.52 -55.07 6.57 14.96 47.23 0 0 0 9.91 24.85 -48.11 -1.77 -8.37 23.85 -6.8 -25.14 -60.21 -4.95 -13.33 40.6 -0.87 -6.46 -10.24 -2.96 -9.47 -20.75 -2.38 -4.96 -18.69 -2.38 8.02 -7.73 14.93 10.4 2.58 5.14 5.6 1.1 0 0 0 52.87 -56.19 -43.5 16.65 -26.4 -3.93 -0 -0 14.69 -14.91 19.98 -5.2 -7.12 0 -0 -39.66 45.91 -1.06 0 0 0 12.21 -22.17 4.57 -9.02 15.2 -1.21 0 0 1.96 16.66 4.27 1.28 7.12 -0 -0 31.02 -24.91 17.7
-2.26 17.09 0.35 364.09 3.56 33.72 0 0 0 -18.89 -0.32 2.79 0 0 0 6.87 15.67 -55.58 7.05 15.37 49.05 0 0 0 9.8 24.77 -49.03 -1.74 -8.29 23.61 -6.44 -26.09 -59.76 -4.72 -13.07 39.61 -0.65 -6.52 -10.39 -2.93 -9.57 -21.01 -2.45 -5.04 -19.02 -2.79 8.08 -6.69 14.75 10.61 1.98 5.08 5.63 0.73 0 0 0 53.95 -56.44 -45.39 16.49 -26.18 -3.86 -0 -0 14.69 -15.1 20.35 -5.36 -7.12 0 -0 -40.03 46.17 -1.38 0 0 0 11.63 -21.37 0.92 -8.61 14.53 -1.1 0 0 4.58 18 5.11 1.66 7.12 -0 -0 31.6 -24.05 18.95
-2.27 17.08 0.33 364.19 3.33 33.96 0 0 0 -18.99 -0.1 2.54 0 -0 -0 6.61 15.87 -54.84 7.09 15.41 49.21 0 0 0 9.45 24.94 -49.42 -1.73 -8.29 23.59 -6.5 -25.83 -59.78 -4.91 -13.28 40.43 -1.05 -6.49 -10.5 -3.19 -9.52 -20.71 -2.57 -4.98 -18.51 -2.25 7.87 -7.4 13.93 10.23 2.54 4.8 5.47 1.11 0 -0 0 56.17 -56.37 -49.1 15.95 -25.45 -3.62 -0 -0 14.81 -16.57 20.12 -5.85 -7.12 0 -0 -41.04 45.79 -0.96 0 -0 0 11.51 -21.37 2.27 -8.87 14.95 -1.17 0 0 2.7 18.26 3.31 1.09 7.12 -0 -0 32.25 -25.63 18.02
-2.25 17.08 0.31 364.43 3.58 34.35 0 0 0 -18.9 -0.36 2.39 0 -0 -0 6.45 15.44 -54.11 6.91 15.26 48.55 0 0 0 9.12 24.57 -50.03 -1.77 -8.38 23.86 -6.71 -24.77 -59.74 -5.09 -13.49 41.22 -1.19 -6.54 -10.46 -3.32 -9.63 -20.83 -2.63 -5.03 -18.72 -2.5 7.78 -6.23 13.74 10.23 1.96 4.7 5.4 0.74 -0 -0 0 55.78 -56.28 -47.06 15.87 -25.35 -3.59 -0 -0 12.56 -15.34 21.15 -5.65 -7.12 0 -0 -40.72 46.78 -2.14 -0 -0 0 10.97 -21 1.51 -8.79 14.83 -1.15 0 0 4.26 19.1 2.89 1 7.12 -0 -0 32.88 -25.93 18.24
-2.24 17.08 0.29 364.36 3.97 34.33 0 0 0 -18.44 -0.41 2.62 0 0 0 6.89 14.07 -54.95 6.6 14.99 47.35 0 0 0 9.35 24.23 -50.09 -1.79 -8.41 23.98 -6.78 -24.32 -59.68 -5.11 -13.51 41.31 -0.92 -6.54 -10.3 -3.37 -9.63 -20.6 -2.83 -5.08 -18.56 -3.1 7.69 -6.78 14.2 10.04 2.81 4.99 5.37 1.05 0 0 0 55.63 -56.1 -47.21 15.68 -25.09 -3.51 -0 -0 13.5 -17.04 20.69 -6.18 -7.12 0 -0 -41.76 46.17 -1.47 0 0 0 10.67 -20.1 -1.96 -8.4 14.2 -1.05 0 0 7.26 20.22 3.13 1.15 7.12 -0 -0 33.48 -25.6 19.04
-2.22 17.09 0.26 364.43 4.03 34.48 0 0 0 -18.34 -0.4 2.43 0 0 0 6.72 15.32 -54.95 6.39 14.79 46.52 0 0 0 9.12 24.08 -50.52 -1.82 -8.48 24.18 -6.74 -24.27 -59.56 -5.15 -13.55 41.45 -0.83 -6.54 -10.16 -3.34 -9.63 -20.61 -2.82 -5.08 -18.66 -3.33 7.57 -6.05 13.94 9.97 2.34 4.89 5.28 0.8 0 0 0 54.27 -55.61 -45.89 15.87 -25.34 -3.59 -0 -0 15.31 -18.39 20.39 -6.61 -7.12 0 -0 -42.6 45.74 -0.96 0 0 0 9.7 -19.94 1.34 -8.77 14.79 -1.14 0 0 4.14 20.5 2.19 0.82 7.12 -0 -0 33.93 -26.41 18.6
-2.21 17.08 0.23 364.7 4.05 34.78 0 0 0 -18.47 -0.54 2.06 0 -0 -0 6.73 14.42 -54.58 6.73 15.1 47.85 0 0 0 8.64 23.85 -51.09 -1.83 -8.5 24.25 -6.66 -24.24 -59.31 -5.18 -13.58 41.6 -0.89 -6.51 -10.08 -3.48 -9.6 -20.57 -2.94 -5.08 -18.69 -3.42 7.36 -5.96 14.05 9.69 2.38 4.94 5.14 0.81 0 -0 0 54.01 -55.39 -46.73 15.77 -25.21 -3.55 -0 -0 16.01 -18.82 20.23 -6.72 -7.12 0 -0 -42.83 45.56 -0.73 0 -0 0 9.17 -19.61 1.09 -8.79 14.82 -1.14 0 0 4.67 20.25 2.45 0.9 7.12 -0 -0 33.7 -26.2 18.63
-2.2 17.08 0.2 364.47 4.02 34.95 0 0 0 -18.13 -0.33 1.67 0 0 0 6.12 17.36 -53.95 6.58 14.97 47.26 0 0 0 8.79 23.96 -51.17 -1.76 -8.35 23.78 -6.49 -24.71 -59.11 -5.09 -13.49 41.23 -0.59 -6.4 -10.02 -3.45 -9.45 -20.42 -3.08 -5.05 -18.53 -3.65 7.22 -6.88 14.44 9.4 3.27 5.16 5.07 1.22 -0 -0 0 53.45 -54.28 -45.13 15.83 -25.29 -3.57 -0 -0 14.15 -17.63 20.91 -6.47 -7.12 0 -0 -42.36 46.27 -1.62 -0 -0 0 9.03 -18.45 -3.31 -8.53 14.41 -1.08 0 0 7.99 20.45 2.15 0.8 7.12 -0 -0 33.91 -26.45 18.54
-2.18 17.07 0.19 364.89 3.41 35.01 0 0 0 -18.86 0.02 1.47 0 -0 -0 5.74 18.69 -53.41 6.55 14.94 47.17 0 0 0 7.94 24.13 -51.54 -1.81 -8.46 24.11 -6.5 -24.63 -59.1 -5.06 -13.45 41.07 -1.26 -6.2 -9.9 -3.65 -9.19 -20.34 -2.97 -4.83 -18.39 -3.17 6.73 -6.25 13.78 8.75 3.03 4.85 4.7 1.16 -0 -0 0 52.46 -53.58 -43.96 16.2 -25.79 -3.73 -0 -0 13.82 -17.42 20.9 -6.39 -7.12 0 -0 -42.19 46.29 -1.63 -0 -0 0 8.44 -18.08 -6.46 -8.38 14.17 -1.04 0 0 10.56 20.08 2.64 0.96 7.12 -0 -0 33.54 -26.06 18.64
-2.14 17.08 0.17 364.68 3.44 35 0 0 0 -18.77 0.24 1.42 0 -0 -0 5.86 17.62 -53.21 6.61 14.99 47.38 0 0 0 8.11 24.13 -51.54 -1.8 -8.43 24.04 -6.45 -24.83 -59.05 -5.01 -13.39 40.87 -0.74 -6.23 -9.51 -3.32 -9.23 -20.46 -2.8 -4.89 -18.83 -2.95 6.41 -5.37 13.55 8.28 3.3 4.71 4.44 1.15 -0 -0 0 49.33 -52.08 -40.53 17.61 -27.65 -4.37 -0 -0 13.03 -16.56 21.14 -6.12 -7.12 0 -0 -41.67 46.6 -1.99 -0 -0 0 8.15 -16.29 -11.11 -8.24 13.94 -1.01 0 0 15.19 18.95 2.48 0.85 7.12 -0 -0 32.91 -26.31 17.89
-2.12 17.08 0.16 364.94 3.17 35.07 0 0 0 -19.32 0.38 1.27 0 0 0 5.75 18.53 -53.37 6.43 14.83 46.67 0 0 0 7.62 24.08 -51.72 -1.81 -8.45 24.09 -6.51 -24.92 -59.27 -4.92 -13.29 40.48 -0.81 -6.37 -9.72 -3.47 -9.41 -20.1 -2.97 -4.99 -18.22 -2.58 5.87 -4.96 14.2 7.59 2.55 4.81 4.07 0.91 -0 -0 0 46.39 -50.26 -39.45 19.58 -30.14 -5.32 -0 -0 14.48 -12.92 20 -4.49 -7.12 0 -0 -38.08 46.19 -1.31 -0 -0 0 10.07 -14.51 -17.43 -8.12 13.75 -0.98 0 0 20.33 14.78 2.93 0.77 7.12 -0 -0 30.18 -26.25 15.92
-2.1 17.09 0.16 364.81 3.28 35.2 0 0 0 -19.23 0.43 1.01 0 0 0 5.31 19.88 -52.67 6.52 14.92 47.04 0 0 0 7.73 23.95 -51.8 -1.78 -8.4 23.92 -6.26 -25.24 -58.77 -4.94 -13.31 40.55 -0.25 -6.22 -9.8 -3.5 -9.18 -19.94 -3.33 -4.98 -18.02 -3.03 4.67 -5.63 15.2 5.83 3.57 5.22 3.28 1.43 0 0 0 40.87 -49.82 -38.54 21.43 -32.33 -6.28 -0 -0 16.38 -6.43 17.49 -1.94 -7.12 0 -0 -31.4 44.92 0.07 0 0 0 12.45 -14.89 -16.26 -8.8 14.84 -1.15 0 0 16.3 9.04 3.43 0.55 7.12 -0 -0 26.28 -26.13 13.4
-2.08 17.09 0.16 364.91 3.72 35.04 0 0 0 -19.12 0.22 1.28 0 -0 -0 5.42 19.79 -52.99 6.43 14.83 46.67 0 0 0 7.96 23.38 -51.59 -1.77 -8.38 23.87 -6.3 -24.91 -58.67 -5.11 -13.51 41.31 0.12 -6.16 -9.38 -3.37 -9.07 -19.56 -3.36 -4.95 -17.76 -3.88 2.58 -6.86 15.31 2.91 4.74 5.4 1.9 2.25 0 0 0 33.41 -49.07 -34.83 22.5 -33.54 -6.86 -0 -0 16.21 7.82 15.01 2.04 -7.12 0 -0 -18.12 44.34 0.31 0 0 0 15.71 -17 -8.29 -10.79 17.96 -1.71 0 0 4.67 1.37 4.93 0.12 7.12 -0 -0 20.66 -24.95 10.69
-2.05 17.1 0.16 364.61 4.27 35.24 0 0 0 -18.63 -0 1.06 0 -0 -0 5.18 20.68 -52.7 6.42 14.83 46.66 0 0 0 8.44 23.01 -51.63 -1.72 -8.26 23.5 -6.14 -25.22 -58.42 -5.06 -13.45 41.08 1.16 -5.98 -9.78 -3.27 -8.77 -19.12 -3.89 -4.94 -17.03 -4.97 0.31 -8.23 15.9 -0.37 6.74 5.7 0.41 3.4 -0 -0 0 23.91 -48.09 -29.73 24.17 -35.35 -7.81 -0 -0 18.28 19.2 12.36 4.26 -7.12 0 -0 -7.29 42.93 0.38 -0 -0 0 21.03 -18.47 -6.52 -12.69 20.83 -2.34 0 -0 -3.01 -8.09 10.5 -1.48 7.12 -0 -0 13.37 -19.52 8.36
-2.04 17.09 0.17 364.77 4.47 35.45 0 0 0 -18.72 -0.2 0.89 0 -0 -0 5.58 18.66 -52.86 6.65 15.03 47.53 0 0 0 8.33 22.72 -51.91 -1.74 -8.29 23.61 -6.15 -25.05 -58.35 -5.11 -13.5 41.28 1.34 -5.99 -9.82 -2.93 -8.71 -18.84 -3.62 -4.89 -16.56 -5.93 -2.19 -9.76 15.3 -3.87 9.16 5.5 -1.23 4.78 0 0 0 11.69 -44.58 -19.46 27.77 -38.9 -9.98 -0 -0 17.31 25.95 12.24 5.89 -7.12 0 -0 -1.18 43.54 0.04 0 0 0 27.18 -19.49 -6.51 -14.93 24.04 -3.2 0 -0 -9.58 -16.61 17.01 -4.99 7.12 -0 -0 7.46 -12.39 5.73
-2.02 17.09 0.19 365.06 4.69 35.42 0 0 0 -18.95 -0.39 1 0 0 0 4.86 21.81 -52.36 6.34 14.75 46.32 0 0 0 8.16 22.25 -52 -1.78 -8.39 23.89 -6.24 -24.57 -58.31 -5.07 -13.47 41.14 1.68 -6.05 -9.67 -2.64 -8.76 -18.73 -3.46 -4.93 -16.49 -7.31 -4.29 -10.22 14.96 -6.77 11.22 5.4 -2.64 5.84 0 0 0 -0.74 -39.06 -8.42 31.96 -42.51 -12.71 -0 -0 16.38 28.75 12.09 6.55 -7.12 0 -0 1.41 43.7 -0.05 0 0 0 33.58 -19.92 -5.27 -16.39 26.05 -3.82 0 -0 -11.64 -24.17 21.11 -9.18 7.12 -0 -0 2.83 -7.07 2.46
-2.01 17.09 0.19 364.71 4.75 35.46 0 0 0 -18.65 -0.15 0.78 0 -0 -0 4.75 20.5 -51.14 6.8 15.16 48.13 0 0 0 8.58 22.35 -51.83 -1.73 -8.27 23.54 -6.28 -24.26 -58.24 -5.16 -13.56 41.51 2.48 -6.09 -9.49 -2.06 -8.75 -18.43 -3.22 -4.97 -16.2 -9.05 -5.93 -10.46 15.27 -8.99 12.67 5.59 -3.72 6.7 -0 -0 0 -11.18 -32.16 -0.04 34.61 -44.53 -14.54 -0 -0 15.96 26.93 11.39 5.73 -7.12 0 -0 -0.19 42.72 0.01 -0 -0 0 40.41 -18.48 -6.67 -16.45 26.13 -3.84 0 -0 -8.68 -27.06 23.2 -11.38 7.12 -0 -0 1.26 -4.29 1.16
-2 17.09 0.18 364.47 4.98 35.63 0 0 0 -18.51 -0.16 0.55 0 0 0 5.57 19.77 -53.47 6.4 14.8 46.55 0 0 0 8.85 22.26 -52.02 -1.71 -8.23 23.43 -6.13 -24.86 -58.16 -4.99 -13.37 40.79 3.57 -6.02 -9.24 -1.79 -8.62 -18.03 -3.5 -5.02 -15.96 -10.27 -7.75 -11.45 14.97 -11.46 14.5 5.38 -4.9 7.84 0 0 0 -20.24 -25.55 7.51 34.64 -44.56 -14.56 -0 -0 14.16 22.18 12.02 4.85 -7.12 0 -0 -4.56 42.88 0.24 0 0 0 47.94 -17.02 -8.13 -16 25.52 -3.64 0 -0 -8.76 -28.6 24.43 -12.71 7.12 -0 -0 0.5 -2.62 0.47
-1.99 17.09 0.19 364.46 4.83 35.86 0 0 0 -18.61 0.01 0.21 0 0 0 5.12 21.45 -52.98 6.35 14.76 46.37 0 0 0 8.7 22.38 -52.28 -1.73 -8.27 23.54 -6.52 -23.75 -58.65 -5.02 -13.4 40.89 4.11 -5.98 -8.74 -1.58 -8.53 -17.69 -3.53 -5.02 -15.86 -10.51 -9.09 -12.61 14.11 -13.24 15.98 4.85 -5.73 8.74 -0 -0 0 -28.93 -19.21 12.24 33.16 -43.45 -13.53 -0 -0 12.33 13.69 12.55 3.03 -7.12 0 -0 -12.23 42.55 0.75 -0 -0 0 55.06 -14.8 -9.94 -14.34 23.22 -2.96 0 -0 -7.02 -28.7 24.94 -13 7.12 -0 -0 0.52 -2.05 0.5
-1.99 17.08 0.21 364.46 4.54 36.2 0 0 0 -18.81 0.27 -0.17 0 -0 -0 4.96 21.96 -52.8 6.3 14.71 46.18 0 0 0 8.44 22.6 -52.58 -1.72 -8.26 23.51 -6.44 -23.87 -58.47 -4.91 -13.29 40.45 4.36 -5.9 -8.62 -1.12 -8.36 -17.37 -3.17 -4.91 -15.42 -11.6 -9.95 -12.94 13.85 -14.16 16.16 4.78 -6.22 9.05 0 0 0 -37.64 -12.56 16 31.26 -41.95 -12.24 -0 -0 11.36 8.71 13.92 2.11 -7.12 0 -0 -16.99 43.39 0.7 0 0 0 61.04 -12.46 -13.05 -12.6 20.7 -2.31 0 -0 -1.23 -26.58 25.14 -12 7.12 -0 -0 1.83 -2.3 1.75
-1.98 17.08 0.24 364.08 5.05 36.45 0 0 0 -18.17 0.15 -0.41 0 0 0 5.14 20.74 -52.63 6.49 14.89 46.91 0 0 0 9.08 22.44 -52.59 -1.68 -8.16 23.21 -6.39 -23.98 -58.39 -4.92 -13.3 40.49 5.42 -5.88 -8 -0.67 -8.27 -17.07 -3.19 -4.95 -15.51 -11.45 -10.81 -13.32 12.62 -15.09 16.31 4.16 -6.73 9.17 -0 -0 0 -46.12 -7.49 16.41 28.05 -39.16 -10.15 -0 -0 15.17 5.8 14.66 1.47 -7.12 0 -0 -19.78 43.78 0.62 -0 -0 0 66.7 -9.81 -18.89 -10.34 17.27 -1.57 0 0 9.24 -25.04 25.91 -11.54 7.12 -0 -0 2.86 -1.81 2.77
-1.99 17.07 0.27 364.42 4.57 36.96 0 0 0 -18.83 0.29 -0.96 0 0 0 5.58 20.11 -53.67 6.41 14.81 46.59 0 0 0 8.28 22.67 -53.31 -1.72 -8.26 23.5 -6.3 -24.01 -58.17 -4.95 -13.33 40.61 5.14 -5.87 -7.47 -0.46 -8.21 -16.78 -2.77 -4.85 -15.35 -11.61 -11.35 -14.29 12.24 -15.6 16.18 3.92 -6.97 9.35 0 0 0 -53.91 -3.4 16.41 24.75 -35.95 -8.14 -0 -0 17.74 3.03 16.93 0.88 -7.12 0 -0 -23.06 45.57 -0.35 0 0 0 71.65 -7.62 -19.55 -9 15.16 -1.2 0 0 14.13 -22.88 22.48 -9.16 7.12 -0 -0 3.78 -5.84 3.38
-1.99 17.06 0.3 364.58 4.43 37.4 0 0 0 -19.16 0.29 -1.38 0 0 0 5.61 19.41 -53.37 6.57 14.96 47.24 0 0 0 7.87 22.74 -53.98 -1.78 -8.39 23.89 -6.38 -23.58 -58.15 -5.12 -13.51 41.32 5.21 -5.92 -6.92 -0.18 -8.23 -16.51 -2.46 -4.83 -15.29 -11.36 -11.67 -14.99 11.56 -15.86 16.09 3.58 -7.11 9.39 0 0 0 -61 0.48 15.79 21.57 -32.49 -6.35 -0 -0 19.89 1.97 17.54 0.59 -7.12 0 -0 -24.24 46 -0.63 0 0 0 76.04 -5.09 -23.26 -7.7 13.07 -0.88 0 0 21.19 -20 20.67 -7.32 7.12 -0 -0 5.44 -8.19 4.63
-1.97 17.06 0.34 363.79 5.2 37.48 0 0 0 -18.16 0.29 -1.35 0 -0 -0 6.39 16.81 -54.57 6.66 15.04 47.58 0 0 0 9.05 22.6 -53.85 -1.78 -8.39 23.9 -6.14 -24.18 -57.79 -5.07 -13.46 41.13 6.84 -5.99 -5.96 0.22 -8.21 -16.09 -2.79 -4.98 -15.59 -11.38 -11.92 -15.39 11.97 -16.18 15.48 3.64 -7.21 9.34 -0 -0 0 -67.31 2.64 13.04 18.31 -28.55 -4.7 -0 -0 22.57 0.55 16.94 0.16 -7.12 0 -0 -25.22 45.29 -0.19 -0 -0 0 80.15 -3.3 -22.91 -7.21 12.26 -0.78 0 0 22.85 -15.74 19.55 -5.39 7.12 -0 -0 8.12 -9.89 6.67
-1.97 17.05 0.38 363.46 5.07 37.87 0 0 0 -17.99 0.61 -1.78 0 -0 -0 5.77 19.06 -53.73 6.6 14.99 47.34 0 0 0 9.18 22.97 -54.17 -1.76 -8.36 23.8 -5.99 -24.83 -57.75 -5.02 -13.41 40.9 7.11 -5.94 -5.36 0.53 -8.06 -15.55 -2.59 -4.88 -15.23 -11.17 -12.33 -15.93 12.23 -16.63 14.26 3.6 -7.39 9.08 0 0 0 -73.3 3.89 11.38 15.97 -25.48 -3.63 -0 -0 23.34 0.38 17.45 0.11 -7.12 0 -0 -25.59 45.72 -0.49 0 0 0 83.9 -0.51 -21.92 -6.85 11.67 -0.7 0 0 23 -12.94 17.4 -3.93 7.12 -0 -0 9.89 -12.35 7.66
-1.98 17.03 0.43 362.98 4.8 38.2 0 0 0 -17.76 1.16 -2.16 0 -0 -0 6.11 16.84 -53.65 7 15.33 48.86 0 0 0 9.41 23.57 -54.37 -1.77 -8.36 23.81 -6.07 -24.63 -57.86 -4.98 -13.37 40.75 7.35 -5.89 -4.57 0.94 -7.88 -15.39 -2.19 -4.77 -15.47 -11.17 -12.45 -15.44 12.33 -16.7 12.97 3.66 -7.47 8.57 0 -0 0 -78.64 6 11.16 14.3 -23.16 -2.94 -0 -0 23.91 -1.59 17.7 -0.48 -7.12 0 -0 -27.4 45.71 -0.52 0 -0 0 86.96 0.45 -13.58 -6.98 11.89 -0.73 0 0 17.25 -10.12 15.73 -2.77 7.12 -0 -0 11.77 -14.24 8.7
-1.98 17.02 0.49 362.3 5.17 38.79 0 0 0 -17.09 1.27 -2.7 0 -0 -0 6.5 13.49 -53.37 7.37 15.63 50.25 0 0 0 10.03 23.83 -54.95 -1.8 -8.45 24.08 -6.17 -24.33 -57.99 -5.01 -13.4 40.87 8.53 -5.82 -3.95 1.33 -7.65 -14.99 -2.37 -4.76 -15.47 -11.33 -12.91 -15.89 13.03 -17.19 11.41 3.82 -7.67 8.28 0 0 0 -82.99 6.03 11.82 12.4 -20.4 -2.24 -0 -0 25.18 -2.62 17.75 -0.8 -7.12 0 -0 -28.31 45.62 -0.47 0 0 0 89.41 1.16 2.45 -8.62 14.55 -1.1 0 0 8.2 -4.59 12.5 -0.99 7.12 -0 -0 15.64 -17.7 10.54
-1.98 16.99 0.56 362.54 4.2 38.58 0 0 0 -18.06 2.12 -2.33 0 -0 -0 6.04 16.52 -53.26 6.66 15.03 47.56 0 0 0 9.35 24.42 -54.94 -1.92 -8.7 24.85 -6.3 -23.83 -58.06 -4.99 -13.37 40.77 7.77 -5.72 -2.26 1.4 -7.41 -14.43 -1.78 -4.5 -15.62 -11.58 -13.4 -16.46 13.6 -17.69 10.01 3.94 -7.88 8.05 -0 -0 0 -86.67 5.56 16.6 11.4 -18.9 -1.9 -0 -0 24.27 -3.97 17.87 -1.22 -7.12 0 -0 -29.52 45.56 -0.45 -0 -0 0 90.77 1.69 13.47 -11.08 18.41 -1.8 0 0 6.75 4.69 13.67 1.11 7.12 -0 -0 21.64 -16.79 15.63
-1.97 17 0.59 361.78 5.54 40.1 0 0 0 -16.78 1.17 -3.92 0 -0 -0 5.86 17.31 -53.07 6.87 15.22 48.37 0 0 0 10.24 24.13 -56.32 -1.85 -8.54 24.37 -6.38 -23.88 -58.3 -4.81 -13.16 39.98 9.62 -5.65 -2.23 1.99 -7.13 -14.38 -2.14 -4.55 -15.81 -11.25 -13.76 -17.57 13.61 -17.99 8.99 3.8 -7.99 7.91 -0 -0 0 -89.82 5.65 24.35 11.83 -19.55 -2.05 -0 -0 24.02 -5.43 16.08 -1.51 -7.12 0 -0 -29.9 43.81 0.97 -0 -0 0 91.17 2.37 23.65 -13.69 22.29 -2.71 0 0 2.54 9.94 17.16 2.96 7.12 -0 -0 24.42 -13.52 19.98
-1.95 16.97 0.68 361.39 5.5 40.02 0 0 0 -16.59 1.68 -3.61 0 0 0 6.81 11.05 -53.41 7.46 15.71 50.6 0 0 0 10.75 24.35 -55.81 -1.84 -8.52 24.3 -6.56 -23.14 -58.4 -4.93 -13.31 40.52 10.11 -5.63 -0.54 2.64 -6.79 -14.46 -1.5 -4.39 -16.95 -12.26 -13.9 -17.59 13.9 -17.91 8.29 4.06 -7.98 7.79 -0 -0 0 -92.86 6.76 33.8 13.19 -21.57 -2.52 -0 -0 21.56 -7.45 15.36 -1.98 -7.12 0 -0 -31.23 42.96 1.76 -0 -0 0 89.86 1.15 35.01 -18 28.16 -4.55 0 -0 -4.79 8.27 14 2.01 7.12 -0 -0 23.85 -16.46 17.74
-1.93 16.95 0.84 361.14 5.94 40.99 0 0 0 -16.26 1.39 -4.36 0 0 0 6.98 11.51 -54.19 7.29 15.57 49.97 0 0 0 10.98 24.26 -56.34 -1.82 -8.49 24.2 -6.67 -22.65 -58.46 -4.82 -13.18 40.03 11.31 -5.39 -1 2.85 -6.38 -14.46 -2.01 -4.33 -16.79 -11.8 -14.04 -17.94 13.72 -18.03 7.47 3.91 -8.05 7.53 0 0 0 -93.77 6.56 46.51 15.33 -24.6 -3.36 -0 -0 17.51 -7.4 14.8 -1.9 -7.12 0 -0 -30.94 42.48 2.15 0 0 0 88.95 1.15 43.05 -21.82 32.77 -6.49 0 -0 -9 2.07 13.99 0.5 7.12 -0 -0 19.91 -16.45 14.36
-1.93 16.96 1 360.49 6.72 41.67 0 0 0 -15.36 1.21 -4.89 0 -0 -0 7.18 12.28 -55.18 7.2 15.5 49.63 0 0 0 12.07 24.23 -56.18 -1.79 -8.41 23.95 -7 -21.61 -58.88 -4.8 -13.16 39.97 12.9 -5.16 -1.72 3.17 -6.02 -14.51 -2.62 -4.34 -16.58 -11.56 -14.12 -18.43 13.46 -18.13 7.69 3.75 -8.07 7.64 0 0 0 -94.68 6.43 53.4 17.68 -27.74 -4.4 -0 -0 18.44 -6.22 12.62 -1.36 -7.12 0 -0 -29.06 40.7 3.42 0 0 0 87.99 1.26 47.97 -24.67 35.86 -8.1 0 -0 -10.03 -2.37 14.53 -0.59 7.12 -0 -0 16.97 -15.83 12.25
-1.96 16.96 1.14 360.75 6.42 42.2 0 0 0 -15.96 1.26 -5.28 0 0 0 7.45 12.13 -55.99 7.46 15.71 50.61 0 0 0 11.76 24.43 -56.22 -1.8 -8.44 24.06 -7.26 -21.1 -59.36 -4.68 -13.01 39.4 12.5 -5.19 -2.16 3.38 -6.11 -14.68 -2.18 -4.32 -16.43 -11.6 -14.04 -18.67 13.9 -18.1 7.99 3.88 -8.01 7.83 -0 -0 0 -95.54 5.94 56.51 20.33 -31.04 -5.7 -0 -0 15.77 -4.67 12.64 -1.02 -7.12 0 -0 -27.82 40.87 3.11 -0 -0 0 87.22 1.67 50.31 -26.33 37.53 -9.09 0 -0 -9.71 -3.79 16.72 -1.09 7.12 -0 -0 15.9 -13.67 12.18
-1.97 16.98 1.3 360.81 6.31 41.53 0 0 0 -16.44 1.65 -4.27 0 -0 -0 7.18 11.78 -54.97 7.86 16.02 52.06 0 0 0 12.29 24.29 -54.76 -1.8 -8.44 24.07 -7.34 -21.32 -59.72 -4.5 -12.8 38.61 12.74 -5.24 -2.03 3.26 -6.16 -14.85 -2.4 -4.4 -16.82 -11.79 -14.07 -17.84 14.01 -18.33 8.96 3.93 -8.12 8.08 -0 0 0 -95.48 5.85 58.22 22.79 -33.85 -7.02 -0 -0 12.79 -2.97 12.86 -0.66 -7.12 0 -0 -26.52 41.22 2.69 -0 0 0 86.76 1.12 51.17 -27.3 38.46 -9.68 0 -0 -10.84 -4.39 17.02 -1.29 7.12 -0 -0 15.49 -13.34 11.95
-2 17 1.47 361.15 4.84 41.36 0 0 0 -18.25 2.61 -4.14 0 -0 -0 5.46 20.4 -53.47 7.49 15.73 50.69 0 0 0 11.61 25.11 -53.72 -1.8 -8.44 24.06 -6.94 -22.79 -59.32 -4.06 -12.24 36.59 11.65 -4.83 -3.5 2.8 -5.94 -14.68 -2.57 -4.17 -15.45 -11.12 -14.11 -17.67 13.27 -18.6 10.21 3.54 -8.25 8.35 0 0 0 -94.54 4.37 58.94 24.84 -36.04 -8.2 -0 -0 9.27 -2.45 12.88 -0.55 -7.12 0 -0 -26.1 41.3 2.58 0 0 0 86.91 2.29 50.7 -25.92 37.13 -8.84 0 -0 -12.93 -4.08 16.47 -1.16 7.12 -0 -0 15.72 -13.9 11.96
-2.03 16.99 1.64 361.31 3.57 39.9 0 0 0 -19.82 4.08 -2.44 0 -0 -0 5.41 21.15 -53.74 7.38 15.64 50.29 0 0 0 11.93 25.73 -51.15 -1.78 -8.4 23.93 -6.41 -24.17 -58.57 -3.81 -11.9 35.38 10.74 -4.8 -3.43 2.69 -5.92 -14.94 -2.19 -4.08 -15.69 -11.57 -13.84 -16.44 12.27 -18.36 12.48 3.35 -8.23 8.81 -0 -0 0 -94.09 3.93 56.57 26.16 -37.37 -8.99 -0 -0 7.18 -1.9 12.41 -0.41 -7.12 0 -0 -25.48 40.92 2.77 -0 -0 0 86.33 1.6 50.49 -24.55 35.74 -8.02 0 -0 -15.39 -3.81 14.53 -0.96 7.12 -0 -0 16.02 -15.78 11.52
-2.07 17.03 1.85 361.71 2.42 39.3 0 0 0 -21.54 5.03 -1.66 0 -0 -0 4.5 24.71 -53.19 7.45 15.7 50.54 0 0 0 11.4 26.22 -50.08 -1.94 -8.74 24.98 -7.46 -21.63 -60.2 -4.32 -12.57 37.78 10.04 -4.44 -5.37 2.15 -5.75 -15 -2.64 -3.95 -14.46 -11.36 -13.7 -15.18 11.22 -18.35 14.34 3.03 -8.32 9.09 0 -0 0 -92.59 2.33 55.15 26.14 -37.34 -8.97 -0 -0 5.12 -0.54 12.42 -0.12 -7.12 0 -0 -24.36 41.06 2.54 0 -0 0 86.32 1.41 48.27 -22.83 33.9 -7.04 0 -0 -16.01 -2.7 13.42 -0.63 7.12 -0 -0 16.83 -16.88 11.74
-2.08 17.03 2.07 361.19 1.87 38.1 0 0 0 -22.02 5.45 -3.24 0.1 2 5.5 2.51 28.3 -49.57 7.13 15.44 49.38 0 0 0 12.68 26.76 -47.72 -1.99 -8.85 25.33 -7.36 -22.71 -60.47 -3.99 -12.15 36.27 10.5 -4.14 -6.73 2.16 -5.49 -15.06 -3.02 -3.87 -13.72 -11.54 -13.41 -13.57 10.08 -18.04 15.92 2.81 -8.32 9.2 -0 0 0 -91.72 1.4 51.59 25.65 -36.87 -8.68 -0 -0 5.9 -0.67 12.83 -0.15 -7.12 0 -0 -24.62 41.42 2.33 -0 0 0 85.75 1.02 45.87 -20.78 31.57 -5.94 0 -0 -14.71 -2.01 13.13 -0.46 7.12 -0 -0 17.32 -17.18 11.99
-2.13 17.04 2.24 361.97 0.36 36.91 0 0 0 -24.02 5.88 -5.4 0.38 3.98 11.03 1.94 28.64 -47.9 7.09 15.41 49.21 0 0 0 12.13 27.27 -45.91 -2.1 -9.07 26.02 -7.41 -22.72 -60.6 -3.99 -12.15 36.26 9.03 -4.03 -7.58 1.78 -5.49 -14.94 -2.76 -3.7 -12.87 -11.8 -13.14 -12.5 9.51 -17.75 17.15 2.76 -8.28 9.37 0 0 0 -90.54 -0.07 46.95 25.21 -36.41 -8.41 -0 -0 5.49 -0.33 14.43 -0.08 -7.12 0 -0 -24.94 42.91 1.38 0 0 0 84.85 0.71 43.95 -19.45 29.98 -5.25 0 -0 -14.29 -1.49 12.55 -0.32 7.12 -0 -0 17.71 -17.75 12.06
-2.17 17.03 2.42 362.23 -0.61 36.13 0 0 0 -25.13 6.83 -7.66 0.78 5.65 15.78 0.34 31.23 -44.89 6.86 15.21 48.34 0 0 0 12.05 28.05 -44.34 -2.17 -9.22 26.48 -7.7 -22.38 -61.23 -4.05 -12.23 36.55 8.42 -3.79 -8.58 1.56 -5.27 -15.03 -2.77 -3.54 -12.29 -11.8 -13.12 -11.43 8.71 -17.75 17.93 2.55 -8.38 9.36 -0 0 0 -89.49 -0.33 41.59 24.97 -36.17 -8.27 -0 -0 6.13 0.47 15.32 0.13 -7.12 0 -0 -24.61 43.81 0.77 -0 0 0 84.08 0.38 41.61 -17.14 27.05 -4.15 0 -0 -13.83 -3.2 13 -0.72 7.12 -0 -0 16.54 -17.27 11.37
-2.21 17 2.61 361.16 -0.73 34.91 0 0 0 -24.32 8.77 -10.29 1.4 7.49 21.17 2.11 26.34 -46.24 7.33 15.61 50.12 0 0 0 15.88 25.46 -42.36 -2.15 -9.17 26.32 -6.09 -23.8 -57.42 -3.23 -11.06 32.48 9.49 -3.62 -9.66 1.84 -5.17 -14.5 -3.18 -3.54 -11.11 -11.76 -12.88 -10.66 8.27 -17.42 18.04 2.5 -8.3 9.18 -0 -0 0 -88.28 -0.97 36.26 24.86 -36.06 -8.21 -0 -0 5.23 2.96 15.93 0.81 -7.12 0 -0 -22.71 44.64 0.21 -0 -0 0 82.77 -0.07 39.95 -16.02 25.54 -3.65 0 -0 -13.36 -4.68 15.7 -1.27 7.12 -0 -0 15.37 -14.61 11.42
-2.29 16.97 2.76 361.37 -2.54 34.48 0 0 0 -25.63 10.54 -14.18 2.15 9.16 26.31 1.65 26.08 -44.21 7.25 15.54 49.82 0 0 0 15.38 26.87 -41.37 -2.24 -9.34 26.88 -6.19 -24.06 -57.88 -3.29 -11.15 32.8 8.1 -3.36 -10.58 1.62 -4.89 -14.26 -2.78 -3.24 -10.08 -10.9 -12.67 -11.13 7.27 -17.11 19.02 2.05 -8.17 9.39 0 -0 0 -86.62 -1.1 31.63 25.19 -36.4 -8.4 -0 -0 3.15 6 16.12 1.67 -7.12 0 -0 -20.13 45.18 -0.09 0 -0 0 82.13 -0.03 36.79 -14.27 23.12 -2.93 0 -0 -12.21 -4.42 17.68 -1.34 7.12 -0 -0 15.44 -12.7 12.13
-2.32 16.94 2.91 360.59 -1.93 33.47 0 0 0 -24.46 11.71 -17.73 3.19 11 32.27 1.61 24.22 -42.16 7.19 15.49 49.59 0 0 0 18.75 23.62 -40.13 -2.29 -9.44 27.19 -5.14 -24.03 -54.71 -2.87 -10.48 30.55 9.31 -3.33 -10.66 1.79 -4.9 -14.16 -3.25 -3.35 -10.06 -10.83 -12.38 -10.78 6.64 -16.7 19.83 1.91 -8.03 9.51 -0 0 0 -85.55 0.08 27.65 25.55 -36.76 -8.62 -0 0 -0.67 7.12 17.12 2.11 -7.12 0 -0 -19.51 46.25 -0.63 -0 0 0 81.69 -0.04 30.95 -11.79 19.49 -2.03 0 -0 -8.03 -4.72 20.04 -1.62 7.12 -0 -0 15.16 -10.41 12.64
-2.38 16.89 3.1 359.46 -2.64 31.8 0 0 0 -23.46 14.66 -21.05 4.4 12.68 38.17 -1.17 28.47 -33.55 6.52 14.92 47.05 0 0 0 22.1 20.9 -38.32 -2.42 -9.7 28.01 -4.24 -23.25 -51.29 -2.31 -9.48 27.3 10.01 -2.99 -10.18 1.88 -4.43 -13.76 -3.53 -3.15 -9.88 -10.96 -12.15 -9.92 6.53 -16.41 19.82 1.99 -7.95 9.32 -0 -0 0 -84.44 1.41 24.36 25.52 -36.73 -8.6 -0 0 -4.23 7.79 17.95 2.41 -7.12 0 -0 -19.23 47.13 -1.05 -0 -0 0 81.28 -0.02 23.2 -9.18 15.45 -1.25 0 -0 -2.11 -6.04 17.18 -1.79 7.12 -0 -0 14.41 -13.1 11.14
-2.45 16.84 3.23 358.91 -2.87 31.83 0 0 0 -22.94 15.32 -26.84 6.07 14.49 45.26 -2.75 29.94 -24.02 5.39 13.81 42.46 0 0 0 23.19 20.85 -38.01 -2.51 -9.86 28.53 -4.22 -22.98 -51.03 -2.24 -9.36 26.92 10.05 -2.85 -10.93 1.96 -4.33 -13.62 -3.54 -3.08 -9.27 -10.28 -11.77 -9.73 6.17 -15.93 19.81 1.86 -7.72 9.14 -0 0 0 -83.66 2.81 20.39 25.64 -36.86 -8.67 -0 0 -5.59 8.26 18.06 2.58 -7.12 0 -0 -18.85 47.3 -1.11 -0 0 0 81.28 0.7 9.52 -6.63 11.32 -0.66 0 0 9.34 -7.46 17.29 -2.23 7.12 -0 -0 13.49 -12.9 10.44
-2.49 16.82 3.38 358.15 -2.41 30.79 0 0 0 -21.47 15.65 -31.26 7.78 15.96 51.78 -3.14 29.72 -8.07 1.81 8.46 24.12 0 0 0 25.74 17.92 -37.35 -2.58 -9.98 28.93 -2.52 -25.61 -47.12 -1.16 -6.85 19.26 10.73 -2.78 -10.3 2.1 -4.17 -13.71 -3.7 -3.07 -9.78 -10.85 -11.44 -7.97 6.37 -15.59 19.57 2.17 -7.65 8.78 0 0 0 -83.23 5.13 17.97 25.18 -36.39 -8.4 -0 0 -7.76 10.57 14.85 2.74 -7.12 0 -0 -15.64 44.49 0.2 0 0 0 80.62 -0.37 -3.54 -5.01 8.61 -0.38 0 0 19.51 -8.85 17.41 -2.67 7.12 -0 -0 12.58 -12.68 9.76
-2.56 16.77 3.48 357.97 -2.38 30.38 0 0 0 -20.49 13.95 -36.45 9.61 17.18 58.17 -1.84 23.27 -6.61 0.22 3.02 8.32 0 0 0 26.63 17.16 -36.74 -2.68 -10.16 29.48 -3.22 -23.33 -47.75 -1.48 -7.7 21.79 10.44 -2.67 -10.37 1.87 -4.07 -13.03 -3.84 -2.94 -8.91 -9.65 -11.69 -9.47 5.82 -15.88 19.76 1.68 -7.7 8.99 -0 0 0 -82.93 5.84 14.76 24.58 -35.77 -8.04 -0 0 -7.58 9.02 16.33 2.55 -7.12 0 -0 -17.52 45.74 -0.33 -0 0 0 80.69 1.29 -6.1 -2.94 5.07 -0.13 0 0 19.26 -11.85 16.03 -3.31 7.12 -0 -0 10.62 -13.82 7.91
-2.62 16.72 3.58 358.06 -2.15 30.2 0 0 0 -19.09 10.15 -41.7 11.18 18.02 63.35 -0.93 17.18 -10.29 0 -0.19 -0.53 0 0 0 26.97 16.86 -36.91 -2.86 -10.46 30.49 -3 -24.03 -47.52 -1.19 -6.92 19.47 9.51 -2.76 -10.16 1.87 -4.12 -13.07 -3.32 -2.88 -8.97 -10.32 -11.79 -8.25 6.79 -16.18 19.04 2.14 -7.84 8.69 -0 0 0 -83.35 8.11 12.02 23.74 -34.89 -7.56 -0 0 -6.81 8.44 17.82 2.6 -7.12 0 -0 -18.6 47.09 -0.99 -0 0 0 80.36 -0 -8.37 -2.52 4.36 -0.1 0 0 19.66 -12.16 14.72 -3.13 7.12 -0 -0 10.42 -15.11 7.47
-2.66 16.67 3.68 357.89 -1.75 29.22 0 0 0 -16.88 5.36 -45.54 12.05 18.41 66.14 -0.1 12.47 -16.38 0.09 -1.96 -5.41 0 0 0 27.94 15.47 -36.2 -3.04 -10.76 31.47 -3.57 -22.19 -48.16 -1.35 -7.36 20.79 9.18 -2.92 -9.41 1.81 -4.28 -12.13 -3.22 -2.87 -8.29 -9.67 -12.16 -9.23 7.21 -16.72 18.37 2.06 -7.99 8.67 0 0 0 -83.7 8.84 9.68 21.71 -32.64 -6.43 -0 0 -6.13 8.95 17.1 2.65 -7.12 0 -0 -17.86 46.47 -0.67 0 0 0 80.38 -0.07 -10.77 -2.54 4.38 -0.1 0 0 21.24 -11.52 14.32 -2.89 7.12 -0 -0 10.86 -15.55 7.69
-2.68 16.61 3.8 357.57 -1.81 28.47 0 0 0 -14.35 0.42 -49.55 12.23 18.49 66.73 0.4 10.98 -20.52 1.13 -6.74 -18.95 0 0 0 28.96 13.95 -35.99 -3.25 -11.09 32.58 -3.09 -22.75 -46.79 -0.91 -6.08 17.02 8.65 -3.03 -8.62 1.88 -4.35 -11.44 -2.85 -2.82 -7.89 -9.55 -12.29 -9.24 8.18 -17.02 17.26 2.33 -8.06 8.4 0 0 0 -84.43 10 6.78 19.77 -30.37 -5.42 -0 0 -3.88 8.09 18.3 2.56 -7.12 0 -0 -19.09 47.5 -1.22 0 0 0 80.61 -0.49 -12.76 -2.97 5.13 -0.13 0 0 22.98 -9.83 14.61 -2.5 7.12 -0 -0 11.99 -15.38 8.57
-2.69 16.56 3.93 357.58 -2.68 27.98 0 0 0 -12.11 -4.3 -53.43 11.58 18.21 64.65 0.77 9.95 -23.01 1.81 -8.45 -24.08 0 0 0 29.08 13.3 -35.71 -3.52 -11.49 33.94 -3.4 -21.45 -46.96 -0.9 -6.03 16.87 7.61 -3.08 -7.34 1.8 -4.28 -11.19 -2.3 -2.7 -8.22 -9.27 -12.28 -9.49 8.95 -17.13 16.64 2.52 -8.03 8.3 -0 0 0 -85.31 11.19 1.51 17.04 -26.91 -4.11 -0 -0 0.82 5.23 18.18 1.63 -7.12 0 -0 -21.63 47.01 -1.12 -0 0 0 81 -1.91 -14.34 -4.14 7.12 -0.26 0 0 24.43 -6.82 16.18 -1.91 7.12 -0 -0 13.95 -14.02 10.47
-2.69 16.56 4.12 357.38 -4.94 27.78 0 0 0 -10.3 -7.11 -56.33 9.9 17.35 59.15 0.86 9.31 -23.22 2.97 -10.65 -31.11 0 0 0 28.87 13.75 -34.41 -3.53 -11.5 34 -3.46 -20.8 -46.68 -0.83 -5.81 16.24 6.37 -2.79 -6.85 1.63 -3.86 -10.77 -1.8 -2.39 -7.87 -9.12 -12.19 -9.55 9.95 -17.15 15.9 2.82 -7.96 8.15 0 -0 0 -86.16 12.1 -4.8 14.61 -23.6 -3.07 -0 -0 5.73 3.73 18.17 1.16 -7.12 0 -0 -22.97 46.8 -1.08 0 -0 0 81.71 -2.16 -15.43 -4.83 8.29 -0.35 0 0 25.34 -4.4 17.51 -1.32 7.12 -0 -0 15.47 -12.88 12.09
-2.7 16.64 4.35 357.94 -8.17 27.23 0 0 0 -9.88 -8.76 -57.61 7.57 15.79 50.99 1.04 6.19 -22.41 3.51 -11.48 -33.91 0 0 0 27.86 13.65 -31.9 -3.16 -10.95 32.1 -2.09 -23.5 -43.48 -0.25 -3.19 8.82 4.12 -2.31 -6.46 1.06 -3.19 -10.24 -1.17 -1.89 -7.31 -8.51 -12.06 -9.62 10.66 -17.11 15.05 2.98 -7.87 7.89 0 0 0 -86.81 12.93 -10.79 12.75 -20.92 -2.36 -0 -0 10.05 2.4 19.47 0.8 -7.12 0 -0 -24.74 47.82 -1.82 0 0 0 82.76 -2.62 -6.61 -6.37 10.88 -0.61 0 0 14.43 -2.44 14.99 -0.63 7.12 -0 -0 16.88 -15.39 12.35
-2.69 16.68 4.6 357.72 -11.78 26.6 0 0 0 -9.64 -8.8 -58.26 5.62 14.05 43.45 0.67 4.96 -18.09 6.67 -15.05 -47.63 0 0 0 27.43 14.26 -28.71 -2.87 -10.47 30.52 -2.06 -22.66 -42.58 -0.23 -3.12 8.61 2.46 -1.72 -5.99 0.77 -2.38 -9.91 -0.55 -1.37 -7.09 -7.92 -11.68 -9.17 10.98 -16.69 14.43 3.09 -7.66 7.54 -0 0 0 -87.55 14.24 -16.84 11.38 -18.86 -1.9 -0 -0 13.04 1.54 21.59 0.56 -7.12 0 -0 -26.59 49.59 -3.21 -0 0 0 83.78 -2.47 -4.83 -7.18 12.22 -0.77 0 0 10.29 -2.43 14.82 -0.62 7.12 -0 -0 16.9 -15.55 12.31
-2.65 16.64 4.9 357.35 -14.73 25.99 0 0 0 -9.48 -8.83 -59.48 4.78 13.13 39.86 0.38 -0.57 -11.45 6.39 -14.79 -46.52 0 0 0 27.28 12.82 -27.32 -2.87 -10.49 30.57 -1.29 -22.85 -39.27 -0 -0.22 0.61 1.81 -1.33 -6.03 0.47 -1.87 -9.48 -0.52 -1.07 -6.56 -7.28 -11.3 -9.87 10.84 -16.29 15.14 2.96 -7.4 7.79 0 0 0 -88.15 14.9 -23.36 10.27 -17.16 -1.55 -0 -0 16.24 1.98 22.81 0.77 -7.12 0 -0 -26.86 50.75 -4.06 0 0 0 84.93 -2.17 -2.88 -8.32 14.07 -1.03 0 0 4.78 -3.05 14.67 -0.77 7.12 -0 -0 16.51 -15.67 11.95
-2.59 16.46 5.21 356.31 -16.9 25.49 0 0 0 -9.68 -8.12 -61.68 5.51 13.94 42.98 0.17 2.66 -9.32 3.41 -11.33 -33.41 0 0 0 27.59 11.69 -27.17 -3.42 -11.35 33.48 -1.71 -20.61 -39.05 -0.02 0.95 -2.61 2.06 -1.1 -6.57 0.44 -1.59 -8.84 -0.71 -0.94 -5.57 -6.61 -10.72 -9.87 10.98 -15.61 15 2.99 -7.04 7.64 -0 -0 0 -88.93 15.67 -28.53 10.21 -17.06 -1.53 -0 -0 17.38 1.84 22.56 0.71 -7.12 0 -0 -26.84 50.51 -3.89 -0 -0 0 85.98 -0.86 -4.79 -8.75 14.77 -1.14 0 0 3.74 -3.9 16.64 -1.12 7.12 -0 -0 15.83 -13.73 12.1
-2.51 16.24 5.54 355.88 -21.22 22.88 0 0 0 -10.75 -6.54 -60.39 6.97 15.31 48.76 0.27 5.78 -13.7 1.51 -7.76 -22 0 0 0 26.62 10.96 -24.72 -4.09 -12.28 36.74 -2.16 -18.31 -39.14 -0.17 2.63 -7.24 1.13 -0.31 -5 0.06 -0.49 -7.53 -0.57 -0.33 -5.01 -6.28 -10.54 -10.78 11.05 -15.39 14.95 2.95 -6.87 7.74 -0 -0 0 -89.09 15.41 -31.15 10 -16.75 -1.48 -0 -0 16.7 2.01 22.32 0.76 -7.12 0 -0 -26.56 50.32 -3.71 -0 -0 0 86.81 0.3 -2.03 -10.02 16.77 -1.48 0 -0 -1.05 -4.74 16.21 -1.33 7.12 -0 -0 15.3 -14.11 11.54
-2.4 16.09 5.91 354.53 -24.42 20.96 0 0 0 -9.28 -6.61 -57.59 8.03 16.14 52.67 0.53 7.38 -18.39 1.13 -6.75 -18.96 0 0 0 26.46 8.74 -22.02 -4.44 -12.73 38.37 -2.01 -16.61 -36.93 -0.84 5.85 -16.34 1.6 0.12 -3.3 0.37 0.13 -6.62 -0.51 -0.03 -4.99 -6.2 -9.89 -11.36 11 -14.48 15.03 3.01 -6.42 7.78 -0 0 0 -90.2 16.08 -28.73 10.84 -18.04 -1.73 -0 -0 13.19 2.57 23.51 1.02 -7.12 0 -0 -26.72 51.47 -4.53 -0 0 0 87.08 1.22 -1.76 -11.17 18.54 -1.83 0 -0 -2.6 -3.92 15.12 -1.02 7.12 -0 -0 15.9 -15.2 11.64
-2.33 16.01 6.26 353.94 -27.24 19.97 0 0 0 -9.82 -6.11 -55.42 8.59 16.53 54.65 0.81 8.77 -22.37 0.8 -5.69 -15.9 0 0 0 25.24 7.79 -20.33 -4.73 -13.07 39.65 -2.37 -12.82 -35.92 -0.82 5.79 -16.18 1.35 0.69 -3.53 0.23 0.88 -5.57 -0.52 0.38 -3.75 -5.96 -9.71 -12.72 11.46 -14.36 15.4 3.07 -6.24 8.15 0 -0 0 -90.04 14.95 -26.16 11.35 -18.83 -1.89 -0 -0 11.6 3.93 23.09 1.54 -7.12 0 -0 -25.22 51.32 -4.15 0 -0 0 87.57 2.68 -2.67 -11.62 19.23 -1.98 0 -0 -3.98 -3.59 16.02 -0.99 7.12 -0 -0 16.07 -14.35 12.08
-2.28 16.06 6.62 353.64 -29.47 20.01 0 0 0 -10.58 -6.07 -53.69 8.63 16.57 54.81 0.99 9.96 -24.9 0.6 -4.96 -13.81 0 0 0 23.5 6.28 -20.71 -5.06 -13.45 41.09 -1.82 -10.34 -31.01 -1.5 7.73 -21.9 0.6 0.95 -4.29 0.39 1.22 -5.56 0.08 0.58 -3.32 -5.92 -9.25 -12.81 11.45 -13.8 15.92 3.14 -5.95 8.29 -0 -0 0 -90.28 14.87 -23.09 12.27 -20.21 -2.19 -0 -0 9.66 4.34 21.95 1.63 -7.12 0 -0 -24.22 50.35 -3.37 -0 -0 0 87.58 2.77 -3.57 -11.82 19.53 -2.04 0 -0 -3.57 -3.1 16.02 -0.86 7.12 -0 -0 16.39 -14.37 12.33
-2.21 16.17 6.96 352.77 -30.22 20.61 0 0 0 -10.5 -6.98 -51.54 8.35 16.37 53.83 1.17 10.62 -26.83 0.33 -3.66 -10.14 0 0 0 22.34 2.97 -22.55 -5.48 -13.91 42.87 -1.47 -4.81 -25.06 -1.41 7.52 -21.25 0.26 0.21 -3.68 1.7 0.28 -7.18 1.62 0.15 -5.38 -6.84 -8.08 -10.43 10.64 -12.06 16.94 3.34 -5.33 8.03 -0 0 0 -92.16 17.22 -21.44 13.8 -22.45 -2.75 -0 -0 6.95 4.35 20.58 1.53 -7.12 0 -0 -23.51 49.1 -2.5 -0 0 0 87.18 -0.47 -6.33 -13.06 21.37 -2.47 0 0 0.5 -0.32 16.75 -0.09 7.12 -0 -0 18.13 -13.79 14.02
-2.16 16.33 7.25 352.1 -31.93 21.27 0 0 0 -11.3 -6.13 -49.14 7.66 15.86 51.32 1.28 11.15 -28.02 0.32 -3.63 -10.05 0 0 0 20.94 0.88 -25.4 -6.03 -14.46 45.1 -0.62 -3.93 -16.8 -2.8 10.37 -30.19 0.38 0.61 -5.1 1.64 0.78 -6.93 1.49 0.38 -4.32 -6.27 -7.87 -11.43 10.31 -11.9 18.11 3.12 -5.18 8.53 -0 -0 0 -90.65 15.22 -18.5 14.77 -23.83 -3.13 -0 -0 5.26 3.13 19.5 1.05 -7.12 0 -0 -24.1 47.94 -1.85 -0 -0 0 85.52 -3.76 9.47 -15.67 25.07 -3.51 0 -0 -15.11 -3.76 12.64 -0.82 7.12 -0 -0 16.18 -17.6 10.98
