HIERARCHY
ROOT Hips
{
	OFFSET 0.00000 0.00000 0.00000
	CHANNELS 6 Xposition Yposition Zposition Zrotation Yrotation Xrotation 
	JOINT LHipJoint
	{
		OFFSET 0 0 0
		CHANNELS 3 Zrotation Yrotation Xrotation
		JOINT LeftUpLeg
		{
			OFFSET 1.64549 -1.70879 0.84566
			CHANNELS 3 Zrotation Yrotation Xrotation
			JOINT LeftLeg
			{
				OFFSET 2.24963 -6.18082 0.00000
				CHANNELS 3 Zrotation Yrotation Xrotation
				JOINT LeftFoot
				{
					OFFSET 2.71775 -7.46697 0.00000
					CHANNELS 3 Zrotation Yrotation Xrotation
					JOINT LeftToeBase
					{
						OFFSET 0.18768 -0.51564 2.24737
						CHANNELS 3 Zrotation Yrotation Xrotation
						End Site
						{
							OFFSET 0.00000 -0.00000 1.15935
						}
					}
				}
			}
		}
	}
	JOINT RHipJoint
	{
		OFFSET 0 0 0
		CHANNELS 3 Zrotation Yrotation Xrotation
		JOINT RightUpLeg
		{
			OFFSET -1.58830 -1.70879 0.84566
			CHANNELS 3 Zrotation Yrotation Xrotation
			JOINT RightLeg
			{
				OFFSET -2.25006 -6.18201 0.00000
				CHANNELS 3 Zrotation Yrotation Xrotation
				JOINT RightFoot
				{
					OFFSET -2.72829 -7.49593 0.00000
					CHANNELS 3 Zrotation Yrotation Xrotation
					JOINT RightToeBase
					{
						OFFSET -0.21541 -0.59185 2.10643
						CHANNELS 3 Zrotation Yrotation Xrotation
						End Site
						{
							OFFSET -0.00000 -0.00000 1.09838
						}
					}
				}
			}
		}
	}
	JOINT LowerBack
	{
		OFFSET 0 0 0
		CHANNELS 3 Zrotation Yrotation Xrotation
		JOINT Spine
		{
			OFFSET 0.03142 2.10496 -0.11038
			CHANNELS 3 Zrotation Yrotation Xrotation
			JOINT Spine1
			{
				OFFSET -0.01863 2.10897 -0.06956
				CHANNELS 3 Zrotation Yrotation Xrotation
				JOINT Neck
				{
					OFFSET 0 0 0
					CHANNELS 3 Zrotation Yrotation Xrotation
					JOINT Neck1
					{
						OFFSET -0.02267 1.73238 0.00451
						CHANNELS 3 Zrotation Yrotation Xrotation
						JOINT Head
						{
							OFFSET -0.05808 1.54724 -0.61749
							CHANNELS 3 Zrotation Yrotation Xrotation
							End Site
							{
								OFFSET -0.01396 1.71468 -0.21082
							}
						}
					}
				}
				JOINT LeftShoulder
				{
					OFFSET 0 0 0
					CHANNELS 3 Zrotation Yrotation Xrotation
					JOINT LeftArm
					{
						OFFSET 3.44898 0.50298 0.21920
						CHANNELS 3 Zrotation Yrotation Xrotation
						JOINT LeftForeArm
						{
							OFFSET 5.41917 -0.00000 -0.00000
							CHANNELS 3 Zrotation Yrotation Xrotation
							JOINT LeftHand
							{
								OFFSET 2.44373 -0.00000 0.00000
								CHANNELS 3 Zrotation Yrotation Xrotation
								JOINT LeftFingerBase
								{
									OFFSET 0 0 0
									CHANNELS 3 Zrotation Yrotation Xrotation
									JOINT LeftHandIndex1
									{
										OFFSET 0.72750 -0.00000 0.00000
										CHANNELS 3 Zrotation Yrotation Xrotation
										End Site
										{
											OFFSET 0.58653 -0.00000 0.00000
										}
									}
								}
								JOINT LThumb
								{
									OFFSET 0 0 0
									CHANNELS 3 Zrotation Yrotation Xrotation
									End Site
									{
										OFFSET 0.59549 -0.00000 0.59549
									}
								}
							}
						}
					}
				}
				JOINT RightShoulder
				{
					OFFSET 0 0 0
					CHANNELS 3 Zrotation Yrotation Xrotation
					JOINT RightArm
					{
						OFFSET -3.23015 0.55830 0.31051
						CHANNELS 3 Zrotation Yrotation Xrotation
						JOINT RightForeArm
						{
							OFFSET -5.58976 -0.00010 0.00014
							CHANNELS 3 Zrotation Yrotation Xrotation
							JOINT RightHand
							{
								OFFSET -2.48060 -0.00000 0.00000
								CHANNELS 3 Zrotation Yrotation Xrotation
								JOINT RightFingerBase
								{
									OFFSET 0 0 0
									CHANNELS 3 Zrotation Yrotation Xrotation
									JOINT RightHandIndex1
									{
										OFFSET -0.81601 -0.00000 0.00000
										CHANNELS 3 Zrotation Yrotation Xrotation
										End Site
										{
											OFFSET -0.65789 -0.00000 0.00000
										}
									}
								}
								JOINT RThumb
								{
									OFFSET 0 0 0
									CHANNELS 3 Zrotation Yrotation Xrotation
									End Site
									{
										OFFSET -0.66793 -0.00000 0.66793
									}
								}
							}
						}
					}
				}
			}
		}
	}
}
MOTION
Frames: 338
Frame Time: 0.0333332
-3.03 17.15 15.77 -178.91 -18.7 -155.76 0 0 0 -24.62 -8.64 -43.36 2.66 10.13 29.39 2.49 12.48 -36.31 0.88 5.97 16.7 0 0 0 24.77 1.55 0.2 0 -0 0 0.13 -23.6 -32.41 -0.25 -3.24 8.94 0.94 2.74 -10.12 -0.36 2.79 -7.91 -0.66 1.01 -2.5 -0.26 2.35 -12.51 0.9 -1.75 42.38 -0.35 -2.18 17.84 -0 -0 0 -82.2 14.99 -8.65 11.46 -18.99 -1.92 -0 -0 8.1 19.75 18.71 6.57 -7.12 0 -0 -8.33 49.58 -0.95 -0 -0 0 83.96 -11.16 -6.52 0.96 -1.66 -0.01 0 0 31.35 -12.96 5.08 -1.17 7.12 -0 -0 10.23 -24.77 5.08
-3.15 17.14 15.6 -178.9 -18.79 -156.24 0 0 0 -24.91 -8.36 -42.28 2.74 10.27 29.85 2.58 12.13 -36.55 0.79 5.69 15.89 0 0 0 25.67 2.33 -2.24 -0.22 -3.01 8.3 0.27 -24.91 -33.44 -0.21 -2.97 8.2 0.43 2.3 -10.19 -0.07 2.32 -7.35 -0.12 0.84 -1.92 -0.54 2.55 -13.32 1.05 -1.45 42.74 -0.19 -2.09 18.28 -0 0 0 -82.57 14.75 -7.74 11.83 -19.55 -2.05 -0 -0 7.83 20.22 19.19 6.9 -7.12 0 -0 -8.01 50.16 -1.02 -0 0 0 83.55 -10.56 -5.71 1.41 -2.45 -0.03 0 0 30.67 -10.75 4.15 -0.79 7.12 -0 -0 11.94 -25.73 5.69
-3.22 17.16 15.49 -178.87 -20.19 -155.98 0 0 0 -24.21 -10.22 -41.02 2.66 10.12 29.35 3.11 11.1 -38.55 0.91 6.07 17 0 0 0 27.08 0.64 -7.54 -1.03 -6.45 18.11 -0.1 -24.17 -34.58 -0.46 -4.33 12.01 0.04 2.02 -10.67 -0.09 1.96 -7.45 0.06 0.66 -1.77 -0.27 2.3 -12.16 1.4 -2.17 42.48 -0.2 -2.32 17.83 0 0 0 -82.12 14.61 -6.75 11.99 -19.79 -2.1 -0 -0 7.26 19.85 17.93 6.34 -7.12 0 -0 -8 48.8 -0.75 0 0 0 84.11 -11.44 -6.39 1.15 -1.98 -0.02 0 0 29.42 -9.34 4.96 -0.82 7.12 -0 -0 12.91 -24.94 6.42
-3.32 17.16 15.36 -179.5 -20.45 -156.15 0 0 0 -25.44 -9.74 -39.57 2.5 9.85 28.48 2.73 13.02 -37.9 0.31 3.57 9.86 0 0 0 27.2 -2.56 -10.25 -1.82 -8.48 24.19 0.21 -23.06 -31.11 -0.14 -2.4 6.6 -1.1 1.62 -11.12 -0.1 1.59 -6.94 0.68 0.54 -1.03 -0.41 2.34 -12.36 1.6 -2.25 42.77 -0.11 -2.36 18.06 -0 0 0 -82.54 14.4 -6.48 12.71 -20.86 -2.35 -0 -0 5.34 19.39 20.92 7.16 -7.12 0 -0 -9.39 51.8 -1.58 -0 0 0 84.24 -11.49 -6.25 0.87 -1.5 -0.01 0 0 28.44 -7.62 4.86 -0.65 7.12 -0 -0 14.19 -25.06 7.05
-3.41 17.17 15.24 -179.31 -21.61 -156.12 0 0 0 -25.3 -10.05 -38.58 2.39 9.64 27.81 2.75 13.34 -38.22 0.14 2.39 6.59 0 0 0 28.21 -4.69 -11.88 -2.28 -9.43 27.16 0.88 -21.49 -23.01 -0.03 -1.12 3.07 -1.16 1.23 -11.75 0.06 1.07 -6.83 0.83 0.28 -0.57 -1.49 2.27 -12.57 2.89 -3.02 43.71 0.52 -2.76 18.77 -0 -0 0 -83.14 14.66 -5.34 14.14 -22.93 -2.88 -0 -0 1.75 18.14 20.87 6.66 -7.12 0 -0 -10.61 51.53 -1.72 -0 -0 0 84.46 -11.97 -6.25 0.45 -0.78 -0 0 0 28.08 -6.41 5.53 -0.62 7.12 -0 -0 15 -24.41 7.71
-3.47 17.18 15.14 -178.78 -22.29 -156.24 0 0 0 -24.43 -10.92 -37.45 2.28 9.43 27.14 2.91 13.07 -38.79 0.19 2.82 7.79 0 0 0 29.22 -5.05 -12.36 -2.37 -9.6 27.68 1.43 -23.13 -20.24 -0.06 -1.52 4.18 -1.21 0.99 -12.39 0.27 0.78 -6.65 1.06 0.14 -0.03 -1.13 2.28 -12.29 2.65 -2.98 43.54 0.35 -2.72 18.58 0 0 0 -83.77 15.56 -2.6 16.63 -26.37 -3.92 -0 0 -3.92 16.11 22.88 6.41 -7.12 0 -0 -13.42 53.19 -2.74 0 0 0 84.71 -11.88 -6.23 0.26 -0.46 -0 0 0 27.87 -5.98 6.24 -0.65 7.12 -0 -0 15.23 -23.73 8.09
-3.54 17.21 15.05 -178.31 -22.28 -155.68 0 0 0 -23.71 -11.9 -37.16 2.18 9.23 26.51 3.04 13.42 -39.66 0.13 2.32 6.38 0 0 0 29.55 -4.28 -13.08 -2.33 -9.53 27.46 1.82 -24.82 -19.67 -0.1 -2.07 5.7 -1.32 0.76 -13.19 0.58 0.46 -6.63 1.4 -0.03 0.41 -1.47 2.43 -13.05 2.71 -2.67 43.8 0.49 -2.63 18.95 0 -0 0 -85.02 16.02 -1.54 19.09 -29.53 -5.08 -0 0 -7.3 13.66 23.45 5.52 -7.12 0 -0 -16.11 53.31 -3.36 0 -0 0 84.36 -11.45 -5.48 0.21 -0.37 -0 0 0 27.4 -7.25 7.93 -1 7.12 -0 -0 14.16 -22.06 8.05
-3.59 17.26 14.98 -177.91 -21.84 -155.81 0 0 0 -23.04 -12.65 -36.2 2.09 9.05 25.96 3.31 13.96 -41.26 0.13 2.36 6.5 0 0 0 29.54 -3.34 -12.97 -2.38 -9.62 27.76 2.24 -26.3 -18 -0.04 -1.35 3.7 -1.52 1.31 -13.33 0.14 1.22 -6.7 1.16 0.34 0.39 -0.65 2.05 -12.42 2.74 -3.62 43.69 0.18 -2.88 18.74 0 0 0 -84.65 16.66 2.2 21.5 -32.41 -6.32 -0 0 -9.4 10.54 23.88 4.31 -7.12 0 -0 -19.38 53.17 -4.01 0 0 0 85.55 -12.08 -6.78 -0.39 0.67 -0 0 0 27.07 -6.51 8.61 -0.98 7.12 -0 -0 14.62 -21.41 8.55
-3.62 17.29 14.89 -177.36 -21.64 -155.76 0 0 0 -22.33 -12.91 -35.77 2.03 8.93 25.58 3.42 14.26 -41.96 0.12 2.22 6.11 0 0 0 29.75 -2.42 -12.6 -2.34 -9.54 27.51 2.62 -27.56 -15.8 -0.1 -2.07 5.71 -1.88 1.16 -13.76 0.48 1.05 -6.64 1.7 0.27 0.68 -0.83 2.11 -12.61 2.76 -3.46 43.69 0.25 -2.84 18.78 -0 0 0 -85.71 16.69 2.61 22.89 -33.97 -7.08 -0 0 -9.2 5.04 20.99 1.81 -7.12 0 -0 -23.09 49.58 -2.74 -0 0 0 85.36 -12.12 -6.25 -0.8 1.39 -0.01 0 0 26.88 -7.09 10.86 -1.34 7.12 -0 -0 14.04 -19.2 8.91
-3.66 17.32 14.82 -176.97 -21.07 -155.69 0 0 0 -21.74 -13.57 -35.27 2 8.86 25.35 3.78 14.37 -43.57 0.18 2.77 7.64 0 0 0 29.6 -1.81 -12.18 -2.3 -9.46 27.25 2.59 -27.28 -14.61 -0.12 -2.25 6.2 -2.2 1.51 -14.34 0.26 1.56 -6.61 1.74 0.51 0.99 -0.35 1.87 -12.31 2.91 -4.12 43.64 0.11 -3.02 18.69 -0 -0 0 -85.47 17.22 5.7 24.69 -35.88 -8.11 -0 0 -9.36 0.34 18.49 0.11 -7.12 0 -0 -26.1 46.65 -1.14 -0 -0 0 86 -12.76 -6.85 -1.8 3.11 -0.05 0 0 25.64 -9 15.06 -2.36 7.12 -0 -0 12.53 -14.98 9.09
-3.69 17.32 14.76 -176.25 -20.63 -155.81 0 0 0 -20.71 -14.36 -34.92 2.01 8.89 25.46 4.3 13.87 -45.42 0.35 3.83 10.59 0 0 0 29.86 -1.2 -11.98 -2.3 -9.46 27.23 2.68 -27.58 -13.43 -0.11 -2.18 6.01 -2.16 1.68 -14.8 0.35 1.78 -6.46 1.86 0.62 1.38 -0.16 1.75 -12.64 2.92 -4.37 43.66 0.03 -3.07 18.81 0 0 0 -86.05 16.5 6.69 25.45 -36.66 -8.56 -0 0 -6.63 -3.46 16.47 -0.98 -7.12 0 -0 -28.43 44.38 0.47 0 0 0 86.15 -12.4 -6.82 -2.02 3.5 -0.06 0 0 24.63 -9.57 17.84 -2.96 7.12 -0 -0 12.1 -12.2 9.49
-3.72 17.32 14.7 -175.86 -20.76 -156.42 0 0 0 -20.07 -15.39 -34.04 2.08 9.04 25.92 4.62 14.17 -46.88 0.59 4.92 13.68 0 0 0 30.06 -1.84 -11.34 -2.27 -9.41 27.08 2.7 -27.61 -11.82 -0.11 -2.13 5.87 -1.91 1.61 -14.3 0.34 1.65 -6.55 1.68 0.56 1.03 0.06 1.82 -12.12 3.02 -4.52 43.73 0.01 -3.13 18.72 0 0 0 -86.31 16.89 8.5 26.68 -37.88 -9.3 -0 0 -4.2 -4.54 16.7 -1.31 -7.12 0 -0 -29.44 44.46 0.43 0 0 0 86.21 -12.31 -6.49 -2.06 3.56 -0.06 0 0 23.68 -9.51 19.7 -3.23 7.12 -0 -0 12.13 -10.38 9.98
-3.75 17.31 14.65 -175.98 -20.64 -156.35 0 0 0 -20.3 -15.54 -33.96 2.09 9.06 25.97 4.31 14.69 -45.96 0.63 5.08 14.13 0 0 0 29.61 -2.12 -11.67 -2.39 -9.63 27.79 2.58 -27.05 -11.33 -0.11 -2.14 5.88 -2.04 1.82 -14.25 -0.09 1.94 -6.7 1.33 0.69 0.85 0.37 1.56 -12.22 3.23 -5.19 43.82 -0.07 -3.32 18.84 0 -0 0 -85.89 16.51 10.52 27.36 -38.52 -9.72 -0 0 -1.17 -5.61 16.5 -1.6 -7.12 0 -0 -30.24 44.16 0.69 0 -0 0 86.8 -12.77 -7.03 -2.85 4.93 -0.12 0 0 22.97 -8.32 20.02 -2.87 7.12 -0 -0 12.89 -10.16 10.69
-3.75 17.29 14.61 -175.85 -20.31 -156.6 0 0 0 -20.27 -15.31 -33.92 2.17 9.21 26.45 4.76 14.62 -47.66 0.63 5.08 14.12 0 0 0 29.48 -2.15 -11.31 -2.44 -9.73 28.12 2.38 -26.11 -11.66 -0.11 -2.13 5.87 -2.03 2.14 -14.29 -0.35 2.37 -6.74 1.12 0.9 0.83 0.45 1.26 -11.88 3.58 -5.95 43.84 -0.07 -3.6 18.8 -0 0 0 -85.28 16.56 13.14 28.08 -39.19 -10.17 -0 -0 0.55 -4.6 16.78 -1.33 -7.12 0 -0 -29.53 44.53 0.38 -0 0 0 87.28 -12.58 -7.65 -2.97 5.13 -0.13 0 0 22.43 -8.2 20.05 -2.83 7.12 -0 -0 12.96 -10.14 10.76
-3.76 17.29 14.58 -176.07 -19.62 -156.5 0 0 0 -20.34 -15.64 -33.59 2.25 9.37 26.97 5.62 10.06 -48.7 1.43 7.57 21.41 0 0 0 28.82 -1.99 -11.53 -2.56 -9.95 28.82 2.18 -25.11 -11.79 -0.13 -2.29 6.3 -2.37 2.14 -14.28 -0.43 2.38 -6.81 1.23 0.91 0.73 0.33 1.32 -11.96 3.63 -5.96 44.03 -0.04 -3.63 18.96 0 0 0 -85.63 15.86 12.68 27.89 -39.02 -10.06 -0 -0 3.01 -4.02 16.78 -1.16 -7.12 0 -0 -29.04 44.6 0.32 0 0 0 87.12 -12.4 -7.1 -3.05 5.27 -0.14 0 0 22.45 -8.88 20.57 -3.14 7.12 -0 -0 12.53 -9.57 10.53
-3.74 17.26 14.55 -176.24 -19.18 -156.61 0 0 0 -20.81 -14.61 -33.8 2.29 9.44 27.17 5.51 10.23 -48.36 1.32 7.27 20.51 0 0 0 28.51 -1.83 -11.68 -2.7 -10.19 29.59 2.13 -24.89 -12.04 -0.15 -2.49 6.86 -2.76 2 -14.45 -0.4 2.29 -6.58 1.47 0.87 1.05 0.43 1.4 -12.3 3.48 -5.82 44.16 -0.11 -3.57 19.12 0 -0 0 -85.67 14.98 11.92 27.61 -38.76 -9.88 -0 -0 4.11 -3.06 15.97 -0.84 -7.12 0 -0 -27.87 44 0.75 0 -0 0 86.9 -11.65 -6.53 -2.96 5.11 -0.13 0 0 22.41 -9.53 20.68 -3.39 7.12 -0 -0 12.12 -9.4 10.21
-3.71 17.27 14.52 -176.09 -18.91 -156.85 0 0 0 -20.45 -14.72 -33.54 2.32 9.5 27.39 5.55 10.07 -48.46 1.36 7.38 20.85 0 0 0 28.71 -1.6 -11.78 -2.8 -10.37 30.18 2.14 -24.98 -12.9 -0.22 -3.05 8.42 -3.09 1.67 -14.46 0.01 1.91 -6.4 2.03 0.7 1.23 0.58 1.65 -12.56 2.91 -5.16 44.14 -0.29 -3.34 19.11 0 -0 0 -86.28 14.41 10.46 27.72 -38.86 -9.95 -0 -0 4.26 -1.67 16.87 -0.48 -7.12 0 -0 -27.09 44.96 0.03 0 -0 0 86.18 -11.24 -5.45 -3.08 5.31 -0.14 0 0 21.78 -8.43 19.78 -2.87 7.12 -0 -0 12.82 -10.39 10.57
-3.67 17.26 14.52 -176.2 -19.17 -157.39 0 0 0 -20.44 -14.91 -32.93 2.35 9.57 27.59 5.63 9.74 -48.62 1.43 7.57 21.4 0 0 0 28.84 -2.41 -11.84 -2.9 -10.53 30.72 2.08 -24.79 -13.73 -0.41 -4.1 11.37 -3 1.58 -13.99 -0.02 1.8 -6.3 1.92 0.66 1.1 0.48 1.52 -11.99 3.07 -5.36 43.83 -0.22 -3.44 18.77 0 -0 0 -85.64 14.64 10.68 28.51 -39.58 -10.44 -0 -0 3.33 -1.37 16.99 -0.4 -7.12 0 -0 -26.9 45.1 -0.07 0 -0 0 86.36 -11.33 -5.44 -2.86 4.94 -0.12 0 0 21.67 -9.03 20.02 -3.11 7.12 -0 -0 12.44 -10.1 10.31
-3.62 17.27 14.54 -175.83 -19.09 -157.1 0 0 0 -19.65 -15.22 -33.67 2.41 9.68 27.95 5.71 9.68 -48.87 1.47 7.65 21.66 0 0 0 29.33 -2.54 -13.06 -3.04 -10.76 31.47 1.94 -24.16 -14.26 -0.53 -4.66 12.94 -2.24 2.4 -14.15 -0.68 2.72 -6.81 0.93 1.07 0.66 1.52 1.12 -11.26 3.13 -6.5 43.93 -0.58 -3.76 18.66 0 -0 0 -83.5 14.93 13.03 28.75 -39.8 -10.6 -0 -0 2.38 -0.33 17.7 -0.1 -7.12 0 -0 -26.32 45.86 -0.6 0 -0 0 87.75 -12.53 -7.27 -3.14 5.43 -0.15 0 0 21.4 -8.77 20.51 -3.1 7.12 -0 -0 12.6 -9.64 10.58
-3.58 17.27 14.54 -175.96 -18.84 -157.64 0 0 0 -19.83 -15.01 -33.04 2.4 9.65 27.86 5.77 9.6 -49.08 1.55 7.87 22.32 0 0 0 29.15 -3.36 -13.21 -3.14 -10.92 32.02 1.9 -23.82 -13.56 -0.2 -2.85 7.87 -2.52 2 -13.9 -0.14 2.29 -6.32 1.6 0.9 1.02 1.11 1.37 -11.69 2.83 -5.74 43.87 -0.51 -3.53 18.7 -0 -0 0 -84.04 14.43 11.6 28.79 -39.83 -10.63 -0 -0 1.88 -0.43 16.91 -0.13 -7.12 0 -0 -26.05 45.14 -0.1 -0 -0 0 86.67 -11.87 -6.1 -3.03 5.23 -0.14 0 0 20.87 -8.81 20.46 -3.1 7.12 -0 -0 12.57 -9.68 10.55
-3.51 17.27 14.56 -175.75 -18.96 -157.83 0 0 0 -19.51 -14.29 -33.63 2.49 9.82 28.38 5.73 9.72 -48.98 1.39 7.47 21.12 0 0 0 29.56 -3.86 -13.23 -3 -10.69 31.23 1.45 -22.22 -17.21 -0.11 -2.12 5.83 -2.29 1.77 -13.91 0.21 1.98 -6.15 1.78 0.75 1.23 0.84 1.61 -12.04 2.9 -5.33 43.99 -0.37 -3.4 18.87 0 -0 0 -83.86 14.34 10.96 29.27 -40.26 -10.94 -0 0 -0.12 -0.85 16.84 -0.25 -7.12 0 -0 -26.38 45.03 -0.02 0 -0 0 86.31 -11.69 -5.45 -2.97 5.13 -0.13 0 0 20.43 -8.7 20.24 -3.03 7.12 -0 -0 12.64 -9.91 10.54
-3.42 17.28 14.62 -176.09 -18.71 -157.77 0 0 0 -19.57 -14.32 -34.02 2.52 9.87 28.56 5.65 9.58 -48.6 1.54 7.83 22.2 0 0 0 29.17 -2.69 -12.87 -2.65 -10.11 29.32 0.98 -21.63 -22.16 -0.07 -1.75 4.82 -2.55 1.73 -13.36 0.24 1.93 -6.3 1.94 0.73 0.76 0.62 1.62 -11.97 2.97 -5.31 44.02 -0.29 -3.43 18.88 -0 -0 0 -83.49 14.47 10.53 29.18 -40.18 -10.88 -0 0 -0.5 -0.77 17.55 -0.23 -7.12 0 -0 -26.63 45.67 -0.48 -0 -0 0 86.23 -12.06 -5.22 -3.01 5.19 -0.14 0 0 20.24 -8.71 19.87 -2.98 7.12 -0 -0 12.64 -10.27 10.45
-3.4 17.26 14.62 -175.74 -17.24 -158.95 0 0 0 -19.85 -12.57 -33.39 2.6 10.01 29.02 5.9 8.63 -49.17 1.65 8.08 22.97 0 0 0 28.41 -1.96 -10.58 -2.08 -9.03 25.88 0.64 -20.91 -24.3 -0 -0.37 1.02 -1.28 2.67 -13.29 -0.31 3.1 -5.91 0.82 1.3 1.18 1.44 1.39 -11.19 2.97 -5.9 43.69 -0.52 -3.55 18.46 0 0 0 -82 14.88 11.54 29.24 -40.23 -10.91 -0 0 -1.97 -0.03 17.5 -0.01 -7.12 0 -0 -25.97 45.72 -0.49 0 0 0 87.05 -12.34 -6.05 -2.74 4.73 -0.11 0 0 20.3 -9.27 20.09 -3.21 7.12 -0 -0 12.28 -10.01 10.21
-3.3 17.26 14.67 -176.2 -17.12 -158.95 0 0 0 -20.2 -11.88 -33.89 2.62 10.05 29.14 5.46 9.85 -47.98 1.32 7.27 20.5 0 0 0 27.71 -0.14 -9.5 -1.53 -7.8 22.12 0.36 -21.31 -27.42 -0.01 0.64 -1.76 -1.62 2.52 -12.99 -0.26 2.94 -5.92 1.03 1.24 0.99 1.47 1.48 -11.22 2.73 -5.75 43.9 -0.63 -3.53 18.58 0 -0 0 -81.99 14.85 10.16 28.49 -39.57 -10.44 -0 0 -1.8 0.49 17.87 0.15 -7.12 0 -0 -25.69 46.12 -0.76 0 -0 0 86.92 -12.27 -5.73 -2.62 4.53 -0.1 0 0 20.31 -9.54 20.06 -3.3 7.12 -0 -0 12.11 -10.02 10.06
-3.2 17.27 14.75 -176.15 -16.96 -158.98 0 0 0 -20.03 -11.35 -34.43 2.56 9.95 28.82 5.13 11.03 -47.27 1.16 6.85 19.27 0 0 0 27.25 2.64 -8.66 -1.08 -6.62 18.58 -0.04 -21.61 -30.75 -0.01 -0.46 1.27 -0.92 2.54 -12.58 -0.2 2.89 -5.91 0.67 1.2 0.82 1.26 1.54 -11.68 2.48 -5.41 43.92 -0.65 -3.43 18.7 -0 -0 0 -81.94 14.96 8.89 27.92 -39.04 -10.07 -0 0 -2.13 1.01 17.87 0.31 -7.12 0 -0 -25.23 46.19 -0.79 -0 -0 0 86.78 -12.26 -5.33 -2.66 4.59 -0.11 0 0 20.6 -9.36 19.95 -3.22 7.12 -0 -0 12.22 -10.14 10.12
-3.09 17.28 14.83 -176.53 -16.89 -158.92 0 0 0 -19.95 -11.67 -34.47 2.49 9.81 28.37 5.09 11.13 -47.14 1.33 7.31 20.64 0 0 0 26.56 5.43 -8.01 -0.76 -5.55 15.49 -0.56 -21.62 -34.01 -0.11 -2.15 5.92 -0.99 2.36 -12.26 -0.02 2.65 -5.92 0.86 1.09 0.62 0.82 1.6 -11.62 2.33 -5.13 43.95 -0.59 -3.43 18.69 0 0 0 -82.23 15.62 8.56 27.78 -38.91 -9.98 -0 0 -3.08 1.73 18.34 0.54 -7.12 0 -0 -24.81 46.7 -1.11 0 0 0 86.22 -11.88 -4.79 -2.37 4.09 -0.08 0 0 20.64 -10.05 20.2 -3.5 7.12 -0 -0 11.78 -9.82 9.82
-2.98 17.3 14.93 -176.66 -16.98 -159.02 0 0 0 -19.99 -11 -34.96 2.45 9.75 28.17 4.58 12.23 -45.66 1.16 6.84 19.24 0 0 0 26.05 7.18 -8.49 -0.61 -5.01 13.94 -0.8 -21.31 -35.07 -0.18 -2.74 7.57 -0.63 2.14 -12.3 0.4 2.36 -5.54 1.06 0.96 1.05 0.48 1.69 -12.15 1.68 -4.47 43.93 -0.72 -3.26 18.78 -0 0 0 -83.33 14.97 6.18 26.4 -37.6 -9.13 -0 0 -2.54 1.96 17.74 0.6 -7.12 0 -0 -24.34 46.18 -0.76 -0 0 0 85.35 -11.09 -4.18 -2.49 4.3 -0.09 0 0 20.4 -9.51 19.96 -3.27 7.12 -0 -0 12.13 -10.11 10.04
-2.85 17.3 15.06 -176.89 -16.76 -159.1 0 0 0 -19.75 -11.34 -35.33 2.44 9.73 28.11 4.6 12.46 -45.89 1.26 7.11 20.05 0 0 0 25.55 9 -9.18 -0.56 -4.8 13.34 -1.13 -20.18 -35.65 -0.41 -4.11 11.38 -0.03 2.25 -11.53 0.35 2.46 -5.63 0.66 1.01 0.57 0.15 1.74 -12.09 1.61 -4.24 43.92 -0.65 -3.24 18.75 0 0 0 -83.4 15.76 6.52 26.38 -37.58 -9.12 -0 0 -3.21 1.92 18.29 0.6 -7.12 0 -0 -24.62 46.67 -1.08 0 0 0 85.24 -11.07 -4.13 -2.75 4.75 -0.11 0 0 20.2 -9.89 19.97 -3.41 7.12 -0 -0 11.89 -10.07 9.84
-2.7 17.3 15.2 -177.43 -16.99 -159.59 0 0 0 -19.99 -11.2 -35.3 2.41 9.68 27.93 4.23 13.59 -44.97 1.12 6.72 18.87 0 0 0 25.45 9.65 -9.48 -0.58 -4.89 13.61 -0.84 -22.32 -36.43 -0.53 -4.67 12.96 0.36 2.51 -10.4 -0.09 2.8 -5.74 -0.02 1.17 -0.13 0.61 1.57 -11.2 1.58 -4.72 43.84 -0.82 -3.39 18.46 0 0 0 -82.74 16.19 7.14 25.87 -37.08 -8.81 -0 0 -2.54 1.11 18.59 0.35 -7.12 0 -0 -25.47 46.84 -1.24 0 0 0 85.97 -11.69 -5.15 -3.15 5.44 -0.15 0 0 20.08 -9.61 20.09 -3.33 7.12 -0 -0 12.07 -9.98 10.03
-2.53 17.29 15.34 -178.16 -17.85 -160.55 0 0 0 -20.61 -10.45 -35.06 2.43 9.7 28.02 3.72 14.03 -43.12 1.02 6.43 18.04 0 0 0 25.59 9.49 -8.8 -0.61 -5 13.92 -1.14 -22.4 -38.05 -0.71 -5.38 15.01 -0.15 1.81 -9.56 0.58 2.05 -4.69 0.88 0.87 0.46 -0.34 1.78 -12.1 1.33 -3.74 43.69 -0.58 -3.12 18.59 -0 -0 0 -84.37 15.38 6.15 25.73 -36.94 -8.73 -0 0 -2.28 0.84 18.74 0.27 -7.12 0 -0 -25.78 46.94 -1.32 -0 -0 0 84.51 -9.94 -4.54 -3.29 5.68 -0.16 0 0 20.07 -9.64 20.81 -3.45 7.12 -0 -0 12.05 -9.26 10.19
-2.33 17.29 15.54 -178.48 -18.33 -161.04 0 0 0 -20.28 -10.99 -35.05 2.35 9.56 27.56 3.75 14.34 -43.44 1.07 6.57 18.45 0 0 0 25.85 10.96 -8.74 -0.64 -5.12 14.24 -1.32 -23.44 -40.02 -0.9 -6.06 16.96 0.32 1.97 -7.49 0.39 2.27 -4.87 0.38 0.99 -0.83 -0.28 1.68 -11.86 1.37 -3.95 43.71 -0.6 -3.19 18.54 0 0 0 -84.11 16.06 6.95 26.02 -37.23 -8.9 -0 0 -2.19 0.39 19.01 0.13 -7.12 0 -0 -26.3 47.12 -1.48 0 0 0 84.91 -10.66 -5.5 -4.39 7.55 -0.29 0 0 20.26 -7.59 20.51 -2.67 7.12 -0 -0 13.35 -9.74 11.21
-2.15 17.28 15.75 -178.31 -18.37 -161.82 0 0 0 -19.82 -10.5 -35.63 2.38 9.62 27.75 3.32 15.36 -42.24 1 6.36 17.84 0 0 0 26.5 12.23 -7.83 -0.58 -4.86 13.5 -1.7 -23.48 -41.81 -1.4 -7.48 21.13 1.07 2.04 -5.83 0.78 2.42 -4.23 0.32 1.09 -1.08 -1.21 1.66 -12.9 1.44 -3.43 43.55 -0.3 -3.03 18.73 -0 -0 0 -85.38 15.77 6.47 26.86 -38.04 -9.41 -0 0 -1.77 0.03 19.47 0.01 -7.12 0 -0 -26.84 47.49 -1.77 -0 -0 0 84.1 -9.61 -5.79 -5.09 8.73 -0.39 0 0 20.76 -6.49 20.72 -2.31 7.12 -0 -0 14.03 -9.62 11.86
-1.99 17.28 15.98 -178.18 -18.52 -162.25 0 0 0 -19.49 -9.72 -36.89 2.46 9.77 28.25 2.86 15.29 -40.09 1.05 6.52 18.31 0 0 0 26.9 14.29 -7.17 -0.52 -4.63 12.86 -2.1 -23.97 -43.97 -1.89 -8.63 24.66 2.43 2.37 -4.26 0.76 2.89 -3.99 -0.5 1.31 -1.63 -1.32 1.56 -13.05 1.07 -3.23 43.37 -0.4 -2.97 18.64 -0 -0 0 -85.7 16.25 6.77 27.27 -38.43 -9.67 -0 0 -1.8 0.31 18.01 0.09 -7.12 0 -0 -25.91 46.22 -0.83 -0 -0 0 83.76 -9.13 -0.11 -5.87 10.04 -0.52 0 0 14.29 -5.86 20.18 -2.03 7.12 -0 -0 14.44 -10.19 12.06
-1.81 17.27 16.21 -178.27 -18.77 -162.3 0 0 0 -19.5 -8.6 -38.51 2.49 9.82 28.4 2.11 16.06 -37.03 0.97 6.26 17.53 0 0 0 27.05 17.12 -7.37 -0.58 -4.88 13.55 -2.72 -24.21 -46.63 -2.41 -9.67 27.9 3.38 2.45 -3.57 0.94 3.06 -2.82 -0.84 1.43 -0.77 -1.36 1.51 -14.77 0.09 -2.11 42.4 -0.59 -2.46 18.46 0 0 0 -86.72 14.91 6.1 28.04 -39.15 -10.15 -0 0 -1.29 -0.18 17.69 -0.06 -7.12 0 -0 -26.19 45.87 -0.61 0 0 0 83.08 -6.42 1.51 -6.45 11.01 -0.62 0 0 11.79 -5.03 19.43 -1.68 7.12 -0 -0 14.98 -10.98 12.3
-1.64 17.28 16.47 -178.34 -18.95 -162.24 0 0 0 -19.67 -7.1 -40.62 2.56 9.95 28.8 1.38 16.47 -33.34 0.77 5.6 15.63 0 0 0 26.92 18.34 -8.87 -0.68 -5.29 14.74 -3.09 -23.84 -47.69 -2.68 -10.15 29.47 4.42 2.69 -2.1 1.04 3.44 -2.51 -1.36 1.61 -1.2 -1.34 1.35 -14.69 -0.59 -1.72 41.5 -0.78 -2.31 17.89 -0 0 0 -87.34 14.92 5.9 28.48 -39.55 -10.43 -0 0 -0.08 -1.29 16.91 -0.37 -7.12 0 -0 -26.79 45.04 -0.03 -0 0 0 82.26 -5.42 4.57 -7.06 12.02 -0.74 0 0 8.05 -5.99 19.92 -2.05 7.12 -0 -0 14.37 -10.44 11.92
-1.48 17.29 16.71 -178.06 -20.3 -161.29 0 0 0 -18.62 -7.25 -43.79 2.75 10.27 29.86 0.64 16.75 -28.88 0.37 3.92 10.85 0 0 0 27.07 18.5 -11.7 -0.75 -5.53 15.43 -3.01 -24.03 -47.53 -2.65 -10.11 29.32 6.33 2.58 -1.3 1.22 3.32 -2.63 -2.28 1.5 -1.7 -2.19 1.24 -15.58 -0.54 -1.37 41.31 -0.53 -2.23 18.01 -0 -0 0 -87.99 15.22 5.56 28.44 -39.52 -10.4 -0 0 -0.35 -0.45 16.48 -0.13 -7.12 0 -0 -25.89 44.75 0.17 -0 -0 0 81.23 -4.32 7.06 -7.67 13.02 -0.88 0 0 4.84 -5.58 19.12 -1.83 7.12 -0 -0 14.64 -11.25 11.91
-1.29 17.31 16.9 -178.53 -21.02 -159.9 0 0 0 -18.32 -6.78 -46.92 2.84 10.43 30.38 -0.34 18.51 -23.12 0 -0.37 -1.01 0 0 0 26.2 20.54 -14.37 -0.88 -5.97 16.69 -3.67 -23.4 -49.44 -3.08 -10.82 31.67 6.42 2.95 -1.12 0.92 3.84 -3.09 -2.66 1.72 -2.2 -1.76 0.84 -15.12 -0.44 -2.2 41.2 -0.7 -2.46 17.84 0 -0 0 -87.59 15.81 5.93 27.86 -38.99 -10.04 -0 -0 0.3 -0.66 16.34 -0.19 -7.12 0 -0 -26 44.6 0.28 0 -0 0 80.99 -4.01 6.16 -7.48 12.7 -0.83 0 0 6.57 -8.54 22.55 -3.3 7.12 -0 -0 12.75 -7.66 11.23
-1.14 17.34 17.06 -179.65 -22.53 -157.98 0 0 0 -18.16 -7.12 -49.21 2.92 10.56 30.8 -0.54 16.06 -16.13 0.21 -2.96 -8.15 0 0 0 24.98 19.38 -18.18 -1 -6.37 17.86 -3.65 -22.85 -48.92 -2.95 -10.62 31.01 6.36 2.6 -1.09 0.72 3.38 -3.86 -2.85 1.44 -3.06 -1.79 0.85 -14.85 -0.31 -2.27 41.23 -0.64 -2.48 17.78 0 -0 0 -87.78 16.88 5.23 26.99 -38.17 -9.49 -0 -0 0.63 -1 16.09 -0.28 -7.12 0 -0 -26.18 44.34 0.46 0 -0 0 80.25 -4.22 8.27 -8.46 14.29 -1.06 0 0 4.14 -6.42 19.57 -2.16 7.12 -0 -0 14.1 -10.75 11.59
-0.97 17.36 17.17 -181.02 -23.34 -156.59 0 0 0 -17.5 -7.69 -49.62 2.9 10.54 30.74 -0.42 13.09 -11.74 1.27 -7.15 -20.15 0 0 0 23.44 20.53 -20.5 -1.17 -6.88 19.35 -4.12 -22.86 -50.59 -3.22 -11.05 32.43 5.28 2.45 -1.31 0.54 3.16 -4.05 -2.43 1.35 -3.19 -1.95 0.64 -14.7 -0.2 -2.49 40.91 -0.59 -2.55 17.57 -0 0 0 -87.65 17.41 5.2 25.96 -37.17 -8.86 -0 -0 0.95 -1.49 16.64 -0.43 -7.12 0 -0 -26.84 44.77 0.16 -0 0 0 79.39 -3.41 8.23 -8.44 14.26 -1.06 0 0 3.6 -6.03 18.53 -1.92 7.12 -0 -0 14.37 -11.79 11.51
-0.83 17.37 17.25 -181.78 -23.96 -156 0 0 0 -16.17 -8.22 -48.78 3.14 10.92 32.02 -0.19 13.11 -16.08 0.52 -4.63 -12.86 0 0 0 22.72 21.36 -21.69 -1.28 -7.17 20.21 -4.4 -23.15 -51.73 -3.48 -11.43 33.75 4.71 2.29 -1.57 0.56 2.93 -3.85 -2.08 1.27 -2.88 -2.36 0.59 -15.42 0.23 -2.59 41.21 -0.35 -2.58 17.95 -0 -0 0 -87.85 17.14 3.86 24.46 -35.65 -7.98 -0 -0 2.29 -1.75 17.28 -0.52 -7.12 0 -0 -27.35 45.31 -0.23 -0 -0 0 78.66 -2.57 8.43 -8.42 14.24 -1.05 0 0 2.14 -9.16 20.56 -3.24 7.12 -0 -0 12.35 -9.55 10.38
-0.7 17.34 17.3 -182.17 -24.45 -156.3 0 0 0 -15.42 -7.3 -46.63 3.53 11.51 34.01 0.24 14.97 -23.64 0.19 -2.83 -7.81 0 0 0 22.67 22.16 -22.02 -1.45 -7.6 21.51 -4.91 -22.95 -53.3 -3.88 -11.99 35.7 4.72 2.31 -0.93 0.24 3.01 -3.96 -2.44 1.29 -3.33 -2.22 0.48 -14.91 0.51 -3.03 41.32 -0.33 -2.72 17.89 0 -0 0 -86.76 18 4.34 23.37 -34.49 -7.35 -0 -0 2.37 -2.12 17.72 -0.65 -7.12 0 -0 -27.87 45.66 -0.49 0 -0 0 78.84 -2.69 7.08 -8.31 14.06 -1.03 0 0 1.55 -9.23 20.39 -3.24 7.12 -0 -0 12.31 -9.72 10.3
-0.6 17.3 17.29 -182.81 -24.47 -156.41 0 0 0 -16.07 -4.6 -44 3.89 12.01 35.76 0.97 16.26 -30.61 0 -0.17 -0.47 0 0 0 22.17 23.6 -22.49 -1.71 -8.24 23.43 -5.53 -22.81 -55.15 -4.17 -12.39 37.12 3.74 2.1 -1.36 0.36 2.7 -3.71 -1.75 1.19 -2.9 -2.24 0.59 -14.82 0.3 -2.81 41.41 -0.39 -2.68 17.91 -0 0 0 -87.02 17.92 2.54 21.95 -32.92 -6.56 -0 -0 3.24 -2.25 17.51 -0.68 -7.12 0 -0 -27.89 45.46 -0.34 -0 0 0 78.28 -2.6 7.51 -8.31 14.06 -1.03 0 0 0.69 -9.01 20.25 -3.14 7.12 -0 -0 12.45 -9.87 10.39
-0.53 17.26 17.26 -183.52 -24.91 -155.76 0 0 0 -17.1 -1.64 -41.62 4.2 12.42 37.23 1.62 17.56 -35.75 0.25 3.2 8.82 0 0 0 21.63 22.87 -24.33 -1.97 -8.81 25.19 -5.7 -21.76 -55.03 -4.27 -12.51 37.55 3.34 2.17 -2.76 -0.06 2.71 -3.97 -1.91 1.2 -2.37 -1.65 0.53 -14.09 0.27 -3.29 41.66 -0.6 -2.83 17.86 0 0 0 -86.06 18.41 2.4 20.96 -31.79 -6.03 -0 -0 3.05 -2.17 17.7 -0.66 -7.12 0 -0 -27.9 45.63 -0.47 0 0 0 78.93 -3.48 4.73 -8.05 13.64 -0.96 0 0 2.91 -8.97 21.45 -3.3 7.12 -0 -0 12.48 -8.7 10.71
-0.48 17.23 17.21 -184.02 -25.71 -155.8 0 0 0 -17.84 1.71 -38.04 4.41 12.69 38.22 1.68 19.3 -37.65 0.34 3.72 10.29 0 0 0 21.85 21.97 -24.56 -2.1 -9.07 26.02 -6.06 -20.71 -55.56 -4.36 -12.62 37.97 2.73 1.57 -3.8 0.31 1.87 -3.95 -1.16 0.8 -1.85 -2.18 0.75 -13.77 0.24 -2.88 41.83 -0.45 -2.8 17.87 -0 -0 0 -86.87 18.83 0.6 20.29 -31 -5.68 -0 -0 2.44 -1.62 18.06 -0.5 -7.12 0 -0 -27.6 46.02 -0.75 -0 -0 0 78.43 -3.8 4.55 -7.75 13.15 -0.89 0 0 4.39 -9.68 21.26 -3.54 7.12 -0 -0 12.03 -8.82 10.28
-0.44 17.21 17.15 -184.07 -26.66 -155.19 0 0 0 -17.7 3.7 -34.45 4.5 12.79 38.6 2.15 19.38 -40.02 0.75 5.55 15.47 0 0 0 22.07 21.59 -25.41 -2.14 -9.14 26.24 -6.41 -20.03 -56.28 -4.5 -12.79 38.61 3.12 1.52 -5.27 0.14 1.67 -4.75 -1.54 0.64 -1.85 -1.6 0.77 -12.63 0.09 -3.35 42.36 -0.73 -3.02 17.88 0 -0 0 -86.29 19.62 -0.58 19.39 -29.9 -5.22 -0 -0 2.37 -1.88 17.78 -0.57 -7.12 0 -0 -27.69 45.74 -0.55 0 -0 0 79.1 -5.4 2.11 -7.39 12.55 -0.81 0 0 6.09 -9.42 20.95 -3.4 7.12 -0 -0 12.19 -9.14 10.34
-0.42 17.21 17.09 -184.33 -27.82 -154.05 0 0 0 -17.8 4.93 -30.88 4.35 12.62 37.95 2.08 20.12 -40.34 0.99 6.32 17.71 0 0 0 21.94 21.15 -26.51 -2.1 -9.07 26.01 -6.29 -20.44 -56.14 -4.36 -12.63 37.99 3.1 1.06 -7.54 0.59 0.91 -4.98 -1.07 0.25 -0.88 -2.44 0.94 -13.44 0.01 -2.86 43 -0.58 -2.99 18.49 -0 -0 0 -87.22 19.13 -2.21 18.81 -29.19 -4.94 -0 -0 2.27 -2.39 17.26 -0.71 -7.12 0 -0 -27.89 45.21 -0.16 -0 -0 0 78.7 -5.68 -0.43 -6.85 11.68 -0.7 0 0 9.07 -10 21.31 -3.67 7.12 -0 -0 11.83 -8.74 10.12
-0.41 17.21 17.02 -184.22 -29.27 -154.43 0 0 0 -17.31 6.87 -25.63 4.03 12.19 36.42 1.52 21.56 -39.03 1.26 7.12 20.07 0 0 0 22.96 19.79 -25.8 -2.02 -8.91 25.52 -6.2 -20.76 -56.04 -4.14 -12.34 36.94 3.47 0.77 -8.38 0.81 0.41 -5.3 -1.08 -0.03 -0.77 -1.82 0.91 -12.62 -0.58 -3.05 43.17 -1.01 -3.11 18.35 -0 -0 0 -87 19.57 -2.08 18.55 -28.85 -4.81 -0 -0 2.04 -3.09 17.33 -0.92 -7.12 0 -0 -28.52 45.19 -0.15 -0 -0 0 79.08 -7.18 -3.48 -6.52 11.13 -0.64 0 0 11.61 -9.95 21.11 -3.62 7.12 -0 -0 11.85 -8.94 10.09
-0.39 17.21 16.97 -183.94 -30.02 -153.93 0 0 0 -17.23 8.49 -21.88 3.66 11.69 34.64 1.32 22.43 -38.99 1.92 8.69 24.84 0 0 0 23.33 19.82 -26.04 -1.92 -8.71 24.88 -6.41 -20.55 -56.56 -4.18 -12.39 37.14 3.61 0.65 -9.93 1.17 0.09 -5.79 -0.81 -0.23 -0.44 -1.82 0.92 -12.07 -0.85 -3.02 43.19 -1.13 -3.17 18.2 0 -0 0 -87.4 19.37 -2.48 18.39 -28.65 -4.73 -0 -0 2.35 -2.91 17.35 -0.87 -7.12 0 -0 -28.38 45.23 -0.18 0 -0 0 79.08 -8.1 -7.79 -5.9 10.09 -0.52 0 0 15.89 -10.69 21.61 -3.98 7.12 -0 -0 11.4 -8.37 9.82
-0.42 17.21 16.92 -184.07 -30.7 -153.39 0 0 0 -17.88 9.66 -17.84 3.18 10.98 32.21 0.84 24.67 -39.09 2.52 9.88 28.57 0 0 0 23.4 19.07 -26.42 -1.88 -8.61 24.6 -6.16 -20.91 -55.99 -3.96 -12.1 36.09 3.62 0.4 -11.63 1.57 -0.4 -5.97 -0.45 -0.49 0.28 -3.01 1.11 -12.51 -0.05 -2.84 43.78 -0.54 -3.23 18.73 0 0 0 -88.2 19.03 -1.72 18.75 -29.11 -4.91 -0 -0 2.09 -2.37 17.8 -0.73 -7.12 0 -0 -28.12 45.69 -0.52 0 0 0 78.82 -8.86 -10.66 -5.54 9.49 -0.46 0 0 19.04 -10.22 21.07 -3.71 7.12 -0 -0 11.68 -8.95 9.94
-0.43 17.22 16.88 -183.95 -31.4 -152.91 0 0 0 -18.4 10.34 -14.65 2.82 10.39 30.26 -0.27 28.13 -38.03 2.92 10.57 30.84 0 0 0 23.66 18.2 -26.88 -1.81 -8.45 24.08 -6.31 -19.59 -55.73 -4.26 -12.5 37.51 4.06 0.55 -12.93 1.48 -0.4 -6.48 -0.8 -0.54 0.44 -2.52 1.12 -12.02 -0.04 -3.17 44.07 -0.7 -3.32 18.78 -0 -0 0 -87.66 18.98 -0.24 19.23 -29.71 -5.15 -0 -0 2.18 -2.76 17.32 -0.82 -7.12 0 -0 -28.23 45.23 -0.17 -0 -0 0 79.54 -10.28 -13.76 -5.23 8.97 -0.41 0 0 22.52 -10.78 21.07 -3.91 7.12 -0 -0 11.33 -8.9 9.64
-0.44 17.2 16.86 -183.79 -32.4 -152.7 0 0 0 -18.84 10.82 -12.08 2.62 10.04 29.12 0.07 27.53 -38.9 4.06 12.24 36.59 0 0 0 24.19 17.3 -26.93 -1.71 -8.24 23.46 -6.75 -17.89 -56.25 -4.61 -12.93 39.09 4.25 0.23 -14.1 2.03 -0.98 -6.66 -0.43 -0.85 0.86 -3.14 1.26 -12.18 0.13 -2.92 44.38 -0.48 -3.34 19.03 0 -0 0 -88.59 18.28 0.37 20.02 -30.67 -5.54 -0 -0 2.39 -2.51 18.07 -0.78 -7.12 0 -0 -28.37 45.91 -0.7 0 -0 0 79.1 -10.58 -11.23 -4.57 7.85 -0.31 0 0 22 -11.41 20.65 -4.07 7.12 -0 -0 10.93 -9.25 9.2
-0.47 17.22 16.86 -183.7 -33.07 -152.54 0 0 0 -19.7 10.93 -10.06 2.48 9.8 28.34 -0.37 28.82 -38.53 4.71 13.05 39.57 0 0 0 24.32 16.63 -27.52 -1.73 -8.28 23.55 -6.42 -18.88 -55.71 -4.34 -12.61 37.91 4.59 0.03 -14.91 2.34 -1.4 -6.78 -0.36 -1.08 1.15 -2.58 1.47 -12.19 -0.64 -2.34 44.27 -0.85 -3.11 18.93 -0 0 0 -89.03 17.85 1.93 21.39 -32.28 -6.26 -0 -0 2.24 -1.84 18.28 -0.58 -7.12 0 -0 -27.89 46.19 -0.89 -0 0 0 79.01 -11.24 -8.75 -4.47 7.68 -0.3 0 0 22.25 -9.25 18.42 -2.95 7.12 -0 -0 12.3 -11.65 9.8
-0.43 17.22 16.89 -184.05 -34.55 -151.98 0 0 0 -20.68 10.22 -10.05 2.66 10.12 29.35 -1.82 32.47 -36.99 4.88 13.25 40.32 0 0 0 24.34 16.55 -28.15 -1.72 -8.26 23.5 -6.59 -19.34 -56.47 -4.43 -12.72 38.32 4.4 -0.33 -15.19 2.6 -1.9 -7.15 -0.06 -1.36 0.91 -2.72 1.49 -12.06 -0.6 -2.35 44.44 -0.81 -3.15 19 -0 -0 0 -89.04 17.35 3.25 22.72 -33.78 -6.98 -0 -0 2.57 -2.39 16.92 -0.7 -7.12 0 -0 -27.73 44.92 0.06 -0 -0 0 79.03 -11.83 -6.99 -4.28 7.36 -0.28 0 0 21.91 -8.72 18.53 -2.79 7.12 -0 -0 12.64 -11.59 10.1
-0.41 17.22 16.94 -183.51 -35.16 -152.07 0 0 0 -21.54 10.34 -10.76 2.94 10.6 30.94 -3.79 36.61 -34.62 5.12 13.52 41.35 0 0 0 24.91 16.07 -28.77 -1.71 -8.24 23.46 -6.41 -19.16 -55.83 -4.6 -12.91 39.04 5.13 -0.17 -15.33 2.61 -1.84 -7.44 -0.45 -1.37 0.65 -2.36 1.62 -11.68 -0.53 -2.4 44.62 -0.85 -3.13 19.01 0 0 0 -88.45 17.19 4.94 24.44 -35.63 -7.96 -0 -0 2.75 -2.92 15.91 -0.8 -7.12 0 -0 -27.73 43.96 0.78 0 0 0 79.68 -12.56 -5.3 -4.2 7.24 -0.27 0 0 21.3 -8.01 19.28 -2.66 7.12 -0 -0 13.09 -10.91 10.67
-0.39 17.22 17.01 -183.83 -35.71 -152.02 0 0 0 -23.11 10.38 -11.43 3.18 10.98 32.22 -7.01 41.83 -27.68 5.03 13.42 40.95 0 0 0 24.73 15.44 -29.46 -1.8 -8.44 24.05 -6.42 -18.68 -55.6 -4.71 -13.04 39.54 4.87 -0.48 -15.24 2.88 -2.19 -7.24 -0.08 -1.52 0.82 -2.51 1.74 -12.48 -0.74 -1.96 44.8 -0.87 -2.98 19.35 0 -0 0 -88.62 16.41 6.68 26.6 -37.8 -9.25 -0 -0 2.14 -2.3 16.49 -0.65 -7.12 0 -0 -27.46 44.55 0.33 0 -0 0 79.49 -12.39 -3.15 -4.28 7.36 -0.28 0 0 21.12 -6.9 19.07 -2.26 7.12 -0 -0 13.81 -11.19 11.2
-0.34 17.2 17.07 -183.21 -36.1 -152.7 0 0 0 -23.95 11.62 -13.39 3.54 11.53 34.07 -9.5 46.32 -15.72 4.17 12.38 37.1 0 0 0 25.49 15.49 -29.42 -1.83 -8.5 24.24 -6.47 -18.67 -55.75 -4.84 -13.2 40.12 5.15 -0.22 -14.79 2.99 -1.84 -7.21 -0.05 -1.35 0.62 -2.7 1.66 -12.41 -0.31 -2.22 44.88 -0.68 -3.06 19.4 0 0 0 -87.91 16.08 8.15 28.02 -39.13 -10.14 -0 -0 1.61 -2.33 15.12 -0.61 -7.12 0 -0 -26.89 43.31 1.21 0 0 0 79.92 -12.69 -2.05 -4.61 7.93 -0.32 0 0 20.09 -5.7 18.92 -1.85 7.12 -0 -0 14.58 -11.43 11.8
-0.3 17.2 17.14 -183.03 -36.42 -152.8 0 0 0 -25.28 12.82 -15.97 3.86 11.97 35.61 -7.18 46.16 3.29 2.23 9.34 26.86 0 0 0 25.64 15.47 -29.87 -1.86 -8.56 24.44 -6.44 -18.64 -55.66 -4.92 -13.29 40.48 4.99 -0.59 -14.61 3.54 -2.31 -7.09 0.54 -1.57 0.67 -2.72 1.94 -12.63 -0.89 -1.33 44.58 -0.76 -2.75 19.24 0 0 0 -88.62 15.2 7.94 29.16 -40.16 -10.87 -0 -0 0.31 -1.24 15.85 -0.34 -7.12 0 -0 -26.29 44.1 0.63 0 0 0 79.23 -12.21 0.76 -4.69 8.07 -0.33 0 0 20.17 -6.15 18.65 -1.97 7.12 -0 -0 14.3 -11.66 11.49
-0.25 17.19 17.21 -182.66 -36.85 -153.27 0 0 0 -26.19 13.12 -17.95 4.04 12.21 36.47 -6.94 44.63 0.99 2.45 9.75 28.18 0 0 0 25.76 16.37 -29.7 -1.88 -8.61 24.59 -6.76 -18.66 -56.65 -4.99 -13.37 40.78 5.1 -0.51 -14.53 3.54 -2.2 -6.87 0.5 -1.49 0.85 -2.55 1.89 -12.58 -0.84 -1.54 44.73 -0.82 -2.8 19.33 0 0 0 -87.95 14.57 8.43 29.16 -40.16 -10.86 -0 0 -0.42 -1.08 14.23 -0.27 -7.12 0 -0 -25.49 42.66 1.59 0 0 0 79.57 -11.83 2.21 -4.67 8.02 -0.33 0 0 18.75 -6.51 19.36 -2.17 7.12 -0 -0 14.05 -10.94 11.49
-0.2 17.17 17.29 -182.34 -37.24 -154.02 0 0 0 -26.59 12.54 -19.03 3.97 12.12 36.15 -6.66 44.01 1.28 2.7 10.19 29.61 0 0 0 26.04 16.77 -29.28 -1.88 -8.6 24.56 -7.03 -18.41 -57.36 -5.21 -13.62 41.72 5.01 -0.65 -14.05 3.75 -2.3 -6.49 0.75 -1.51 1.01 -2.74 1.78 -12.56 -0.85 -1.48 44.32 -0.75 -2.77 19.05 -0 -0 0 -87.65 14.43 9.37 29.91 -40.81 -11.35 -0 0 -1.96 -0.73 15.2 -0.19 -7.12 0 -0 -25.58 43.56 0.97 -0 -0 0 79.62 -11.37 3.61 -5.21 8.93 -0.41 0 0 17.81 -5.22 18.03 -1.62 7.12 -0 -0 14.91 -12.32 11.8
-0.15 17.17 17.35 -181.97 -37.53 -154.91 0 0 0 -26.68 12.14 -19.62 3.9 12.02 35.81 -10.4 49.73 -6.09 4.38 12.65 38.09 0 0 0 26.43 16.96 -28.62 -1.86 -8.57 24.47 -7.21 -18.32 -57.87 -5.37 -13.79 42.41 5.31 -0.33 -13.6 3.24 -1.83 -6.22 0.12 -1.25 1.03 -2.18 1.56 -12.25 -0.39 -2.31 44.46 -0.78 -2.95 19.07 -0 -0 0 -86.17 14.27 10.44 29.3 -40.29 -10.96 -0 0 -1.7 -0.95 14.07 -0.23 -7.12 0 -0 -25.32 42.52 1.67 -0 -0 0 80.59 -11.18 4.63 -5.39 9.25 -0.44 0 0 16.16 -4.22 17.54 -1.27 7.12 -0 -0 15.58 -12.85 12.19
-0.11 17.16 17.4 -181.1 -37.78 -156.09 0 0 0 -25.94 11.98 -20.05 4.15 12.35 36.99 -11.15 49.92 -10.85 4.76 13.11 39.78 0 0 0 27.7 15.41 -28.59 -1.85 -8.55 24.39 -6.55 -18.79 -56.06 -5.18 -13.59 41.61 5.3 -0.48 -13.46 3.59 -2.01 -5.74 0.47 -1.3 1.47 -2.3 1.51 -11.8 -0.33 -2.28 44 -0.69 -2.93 18.65 -0 0 0 -86.21 14.55 11.12 29.38 -40.36 -11.01 -0 0 -1.68 -0.05 15.46 -0.01 -7.12 0 -0 -25.11 43.87 0.75 -0 0 0 80.17 -10.39 8.31 -5.57 9.55 -0.47 0 0 12.34 -3.8 16.77 -1.1 7.12 -0 -0 15.89 -13.61 12.19
-0.06 17.15 17.46 -180.5 -37.42 -157.02 0 0 0 -25.44 11.7 -19.82 4.31 12.57 37.77 -10.42 49.29 -8.01 4.49 12.79 38.58 0 0 0 28.61 14.01 -28.7 -1.84 -8.54 24.35 -5.92 -18.71 -54.02 -5.13 -13.53 41.39 5.39 -0.26 -12.9 3.53 -1.66 -5.51 0.41 -1.12 1.41 -1.98 1.51 -11.74 -0.52 -2.31 44.04 -0.85 -2.91 18.65 -0 -0 0 -85.97 15.32 12.73 29.6 -40.55 -11.15 -0 0 -2.49 0.63 17.04 0.19 -7.12 0 -0 -25.19 45.38 -0.25 -0 -0 0 80.31 -10.43 10.93 -6.02 10.3 -0.54 0 0 9.33 -3.06 16.05 -0.85 7.12 -0 -0 16.41 -14.35 12.36
-0.04 17.15 17.49 -180.07 -37.41 -157.87 0 0 0 -24.95 11.7 -18.8 4.25 12.49 37.48 -8.56 48.05 0.03 3.61 11.62 34.42 0 0 0 29.16 13.62 -27.87 -1.76 -8.35 23.79 -5.69 -19.19 -53.53 -5.1 -13.49 41.25 5.55 0.17 -13.16 3.12 -1.09 -5.08 -0.04 -0.8 2 -1.5 1.26 -11.34 -0.07 -3.11 44.04 -0.85 -3.09 18.55 -0 0 0 -85.05 15.73 14.26 28.72 -39.77 -10.58 -0 0 -1.92 0.76 17.31 0.23 -7.12 0 -0 -25.2 45.64 -0.43 -0 0 0 81.16 -10.69 11.72 -6.48 11.07 -0.63 0 0 6.9 -1.66 14.86 -0.43 7.12 -0 -0 17.41 -15.54 12.72
-0 17.15 17.52 -180.65 -37.12 -157.63 0 0 0 -25.48 11.4 -17.93 4.12 12.32 36.86 -7.75 46.23 0.04 3.53 11.5 34 0 0 0 28.23 14.96 -27.69 -1.81 -8.46 24.11 -6.38 -18.06 -55.16 -5.5 -13.93 42.94 4.67 -0.19 -12.92 3.15 -1.43 -5.11 0.44 -0.95 1.86 -2.48 1.57 -11.41 0.51 -2.56 44.04 -0.3 -2.96 18.58 -0 -0 0 -86.33 16.52 12.51 27.6 -38.75 -9.87 -0 0 -1.02 0.12 16.85 0.03 -7.12 0 -0 -25.55 45.15 -0.1 -0 -0 0 80.41 -10.76 16.86 -6.84 11.66 -0.7 0 0 2.72 -0.83 14 -0.2 7.12 -0 -0 18.02 -16.38 12.87
0 17.15 17.56 -180.94 -36.53 -157.45 0 0 0 -26.06 11.2 -17.02 3.95 12.1 36.08 -6.65 44.58 2.7 3.12 10.89 31.93 0 0 0 27.95 14.5 -28.26 -1.88 -8.62 24.61 -5.98 -18.32 -53.99 -5.28 -13.69 42.01 4.2 0.16 -13.92 2.72 -0.93 -4.61 0.32 -0.66 2.93 -1.69 1.35 -11.17 0.3 -2.94 43.68 -0.59 -2.98 18.29 -0 0 0 -86.41 16.49 11.76 25.87 -37.08 -8.81 -0 0 -0.26 -0.18 15.53 -0.05 -7.12 0 -0 -25.26 43.93 0.72 -0 0 0 80.98 -10.58 16.98 -7.16 12.18 -0.76 0 0 1.34 -0.97 14.21 -0.24 7.12 -0 -0 17.91 -16.18 12.87
0.01 17.12 17.59 -180.9 -36.52 -157.48 0 0 0 -25.97 10.34 -16.14 3.96 12.11 36.11 -4.65 40.9 7.38 2.19 9.25 26.58 0 0 0 28.47 12.09 -29.66 -2 -8.86 25.35 -5.46 -17.14 -51.61 -5.16 -13.56 41.49 4.42 0.34 -13.47 2.37 -0.69 -5.15 -0.14 -0.58 2.12 -1.65 1.42 -10.5 0.55 -3.13 43.88 -0.52 -3.06 18.24 -0 0 0 -86.69 18.12 11.49 24.6 -35.79 -8.06 -0 -0 0.08 -0.17 16.57 -0.05 -7.12 0 -0 -25.68 44.87 0.09 -0 0 0 81.35 -11.79 18.17 -7.33 12.45 -0.8 0 0 0.1 -0.85 14.06 -0.21 7.12 -0 -0 18 -16.32 12.87
0.02 17.1 17.62 -180.12 -36.54 -158.29 0 0 0 -25.07 9.8 -14.78 3.92 12.06 35.94 -3.45 37.02 8.35 1.79 8.41 23.97 0 0 0 29.32 11.84 -29.23 -1.96 -8.78 25.11 -5.3 -17.31 -51.16 -5.12 -13.52 41.33 5.03 0.67 -13.31 2.32 -0.31 -5.08 -0.47 -0.4 2.11 -1.92 1.31 -10.42 0.97 -3.43 43.96 -0.32 -3.18 18.29 0 -0 0 -87.3 18.46 10.57 23.02 -34.11 -7.15 -0 -0 1.34 -0.45 16.52 -0.13 -7.12 0 -0 -25.9 44.79 0.14 0 -0 0 81.62 -12.2 17.47 -7.47 12.69 -0.83 0 0 0.01 0.45 13.31 0.1 7.12 -0 -0 18.93 -17.07 13.29
0.03 17.1 17.64 -179.97 -36.56 -158.32 0 0 0 -24.72 9.2 -13.55 3.73 11.79 35.01 -2.63 33.83 9.02 1.39 7.45 21.05 0 0 0 29.27 12.26 -29.1 -1.92 -8.7 24.87 -5.54 -16.42 -51.51 -5.44 -13.87 42.71 4.89 0.3 -13.21 2.61 -0.8 -5.09 -0.16 -0.64 2.03 -2 1.71 -10.84 0.69 -2.63 44.11 -0.31 -2.91 18.47 0 -0 0 -88.91 18.76 8.07 21.56 -32.48 -6.35 -0 -0 2.28 -0.47 18.09 -0.15 -7.12 0 -0 -26.62 46.2 -0.85 0 -0 0 80.77 -12.03 20.07 -7.44 12.65 -0.83 0 -0 -1.3 -0.24 13.89 -0.06 7.12 -0 -0 18.42 -16.5 13.13
0.05 17.1 17.64 -180.04 -36.65 -157.93 0 0 0 -24.53 9.23 -13.08 3.54 11.52 34.04 -1.74 30.92 11.41 0.78 5.62 15.69 0 0 0 29.25 12.34 -29.48 -1.92 -8.7 24.85 -5.48 -16.49 -51.33 -5.42 -13.84 42.61 4.1 0.02 -13.78 2.94 -1.13 -5.05 0.57 -0.8 2.4 -2.54 1.72 -11.39 0.7 -2.38 44.13 -0.17 -2.88 18.64 -0 0 0 -90.24 18.99 6.63 20.44 -31.17 -5.76 -0 -0 2.78 -0.85 18.09 -0.26 -7.12 0 -0 -26.95 46.15 -0.82 -0 0 0 80.2 -12.01 20.88 -7.54 12.8 -0.85 0 -0 -1.33 -1.35 14.06 -0.33 7.12 -0 -0 17.67 -16.31 12.62
0.05 17.1 17.65 -180.14 -36.61 -157.46 0 0 0 -24.65 8.95 -12.81 3.37 11.27 33.2 -1.61 29.99 11.2 0.68 5.28 14.72 0 0 0 29.16 12.04 -30.22 -1.94 -8.74 24.99 -5.17 -16.93 -50.48 -5.14 -13.54 41.44 4.18 0.25 -14.17 2.48 -0.85 -5.32 0.09 -0.67 2.32 -1.92 1.6 -10.86 0.82 -2.88 44.09 -0.31 -2.98 18.48 0 -0 0 -89.88 19.66 7 19.6 -30.16 -5.33 -0 -0 2.64 -2.17 18.1 -0.67 -7.12 0 -0 -28.09 45.99 -0.74 0 -0 0 81.11 -12.61 18.77 -7.45 12.65 -0.83 0 0 0.7 -1.62 14.39 -0.4 7.12 -0 -0 17.47 -15.99 12.58
0.06 17.11 17.65 -180.17 -36.84 -157.24 0 0 0 -24.61 8.86 -12.7 3.27 11.13 32.7 -1.65 29.89 10.75 0.73 5.45 15.19 0 0 0 29.07 12.43 -30.21 -1.91 -8.68 24.79 -5.13 -17.48 -50.63 -5.03 -13.42 40.97 3.78 -0 -14.54 2.71 -1.17 -5.26 0.5 -0.83 2.59 -2.16 1.74 -11.22 0.75 -2.57 44.27 -0.26 -2.91 18.68 0 0 0 -90.87 19.09 4.87 18.36 -28.62 -4.72 -0 -0 3.6 -2.68 17.74 -0.82 -7.12 0 -0 -28.36 45.6 -0.46 0 0 0 80.66 -12.28 19.31 -7.2 12.25 -0.77 0 0 0.68 -1.18 13.88 -0.28 7.12 -0 -0 17.8 -16.49 12.65
0.08 17.11 17.66 -180.06 -36.95 -157.28 0 0 0 -24.57 9.05 -12.76 3.24 11.07 32.53 -1.77 30.06 10.08 0.83 5.81 16.22 0 0 0 29.17 12.63 -30.18 -1.89 -8.64 24.68 -5.16 -17.58 -50.8 -5.02 -13.41 40.92 3.67 0.24 -14.7 2.58 -0.84 -5.1 0.47 -0.65 2.84 -2.25 1.4 -11.17 0.93 -3.06 43.99 -0.22 -3.06 18.51 0 -0 0 -90.62 18.86 5.33 18.07 -28.24 -4.58 -0 -0 4.07 -3.11 17.86 -0.95 -7.12 0 -0 -28.78 45.65 -0.51 0 -0 0 81.03 -12.29 18.57 -7.3 12.41 -0.79 0 0 0.49 -0.21 13.1 -0.05 7.12 -0 -0 18.51 -17.26 12.88
0.09 17.12 17.66 -180.29 -37.08 -157.29 0 0 0 -24.74 9.25 -12.56 3.22 11.04 32.41 -1.96 30.34 8.96 0.99 6.33 17.76 0 0 0 29.1 12.3 -30.16 -1.9 -8.66 24.73 -5.23 -17.03 -50.75 -5.13 -13.53 41.37 3.68 0.29 -14.31 2.23 -0.71 -5.25 0.12 -0.59 2.47 -2.22 1.34 -10.81 1.18 -3.32 43.95 -0.15 -3.14 18.4 0 0 0 -90.16 19.13 5.32 17.98 -28.13 -4.54 -0 -0 4.27 -3.26 16.99 -0.95 -7.12 0 -0 -28.5 44.87 0.1 0 0 0 81.61 -12.92 18.34 -7.35 12.49 -0.8 0 0 0.72 -0.19 13.39 -0.04 7.12 -0 -0 18.5 -16.98 12.99
0.1 17.12 17.66 -180.15 -37.35 -157.44 0 0 0 -24.62 9.15 -12.55 3.23 11.06 32.49 -1.94 30.34 9.12 0.83 5.8 16.21 0 0 0 29.15 12.77 -29.85 -1.87 -8.59 24.51 -5.32 -17.5 -51.32 -5.19 -13.59 41.62 3.6 0.23 -14.29 2.26 -0.78 -5.21 0.2 -0.62 2.51 -1.92 1.32 -10.47 0.96 -3.31 43.74 -0.3 -3.11 18.16 0 0 0 -89.99 19.42 6.17 18.64 -28.97 -4.86 -0 -0 3.4 -2.54 17.79 -0.78 -7.12 0 -0 -28.26 45.66 -0.5 0 0 0 81.58 -13.03 19.09 -7.38 12.54 -0.81 0 0 0.12 0.13 13.61 0.03 7.12 -0 -0 18.69 -16.78 13.23
0.11 17.12 17.66 -180.37 -37.28 -157.48 0 0 0 -24.9 9.58 -12.57 3.23 11.06 32.48 -2 30.58 8.94 0.86 5.91 16.54 0 0 0 29.01 12.59 -29.81 -1.87 -8.6 24.54 -5.14 -17.95 -50.96 -5.03 -13.42 40.95 3.3 0.11 -14.02 2.25 -0.86 -5.06 0.34 -0.64 2.53 -2.49 1.53 -10.82 1.62 -3.12 43.96 0.14 -3.04 18.42 0 0 0 -89.94 19.33 6.35 19.42 -29.93 -5.24 -0 -0 2.8 -2.46 17.26 -0.73 -7.12 0 -0 -27.95 45.21 -0.16 0 0 0 81.4 -12.96 19.97 -7.48 12.7 -0.83 0 -0 -0.38 0.2 13.81 0.05 7.12 -0 -0 18.71 -16.59 13.33
0.13 17.12 17.66 -180.28 -37.55 -157.45 0 0 0 -24.69 9.46 -12.87 3.32 11.19 32.93 -2.4 31.22 6.7 1.21 6.97 19.63 0 0 0 29.11 12.97 -29.7 -1.85 -8.55 24.38 -5.29 -17.96 -51.49 -5.17 -13.58 41.57 3.3 0.22 -14 2.13 -0.71 -5.13 0.24 -0.58 2.44 -1.96 1.46 -10.47 1.34 -3.27 43.91 -0.11 -3.06 18.29 0 0 0 -89.2 19.34 7.6 20.44 -31.17 -5.76 -0 -0 2.07 -2.09 17.7 -0.64 -7.12 0 -0 -27.84 45.64 -0.48 0 0 0 81.65 -13.11 19.67 -7.48 12.71 -0.83 0 -0 -0.57 -0.79 14.05 -0.19 7.12 -0 -0 18.04 -16.34 12.9
0.14 17.12 17.66 -179.97 -37.79 -157.75 0 0 0 -24.28 9.6 -12.96 3.38 11.28 33.25 -2.47 31.22 6.05 1.27 7.15 20.17 0 0 0 29.5 12.8 -29.5 -1.82 -8.48 24.19 -5.33 -17.74 -51.51 -5.27 -13.68 41.96 3.57 0.4 -13.95 2.01 -0.5 -5.09 -0.01 -0.47 2.46 -1.7 1.39 -10.23 1.43 -3.55 43.97 -0.16 -3.12 18.26 -0 -0 0 -88.31 19.21 9.25 21.6 -32.52 -6.37 -0 -0 1.51 -2.12 17.75 -0.65 -7.12 0 -0 -27.89 45.68 -0.51 -0 -0 0 82 -13.09 18.59 -7.34 12.48 -0.8 0 -0 -0.31 -1.38 14.57 -0.35 7.12 -0 -0 17.61 -15.82 12.77
0.14 17.11 17.66 -180.46 -37.67 -157.51 0 0 0 -24.72 9.36 -12.69 3.34 11.22 33.02 -2.42 31.27 6.56 1.19 6.93 19.5 0 0 0 29.12 12.45 -29.92 -1.91 -8.67 24.75 -5.3 -17.55 -51.28 -5.26 -13.67 41.93 3.15 0.26 -13.93 2.03 -0.61 -4.96 0.24 -0.51 2.58 -1.84 1.53 -10.47 1.37 -3.26 44.1 -0.12 -3.04 18.4 -0 -0 0 -88.25 18.75 9.45 22.78 -33.84 -7.01 -0 -0 1.1 -1.85 17.58 -0.56 -7.12 0 -0 -27.57 45.57 -0.42 -0 -0 0 81.52 -12.87 19.14 -7.28 12.37 -0.79 0 -0 -0.32 -0.91 14.03 -0.22 7.12 -0 -0 17.96 -16.36 12.83
0.14 17.11 17.65 -180.38 -37.68 -157.46 0 0 0 -24.62 9.39 -12.99 3.37 11.27 33.19 -1.93 30.37 9.21 0.75 5.52 15.39 0 0 0 29.2 12.6 -29.97 -1.9 -8.66 24.75 -5.33 -17.49 -51.34 -5.37 -13.79 42.4 3.09 0.47 -14.19 1.93 -0.34 -4.91 0.2 -0.37 2.77 -1.48 1.46 -10.24 1.39 -3.53 44.16 -0.22 -3.09 18.38 -0 0 0 -87.53 18.08 9.77 23.53 -34.66 -7.44 -0 -0 1.4 -2.25 16.39 -0.64 -7.12 0 -0 -27.38 44.46 0.4 -0 0 0 81.85 -12.88 17.22 -7.17 12.2 -0.77 0 0 1.16 -1.47 14.6 -0.37 7.12 -0 -0 17.55 -15.79 12.73
0.14 17.09 17.62 -180.31 -37.57 -157.66 0 0 0 -24.45 9.5 -12.71 3.36 11.25 33.12 -1.96 30.39 9.04 0.8 5.72 15.97 0 0 0 29.38 12.43 -29.81 -1.93 -8.71 24.89 -5.34 -17.15 -51.21 -5.37 -13.79 42.39 3.02 0.45 -14.25 1.93 -0.35 -4.78 0.25 -0.37 2.95 -1.31 1.34 -9.94 1.22 -3.68 43.92 -0.34 -3.14 18.14 0 0 0 -87.09 17.85 10.7 24.9 -36.1 -8.23 -0 -0 0.3 -1.06 17.05 -0.31 -7.12 0 -0 -26.66 45.19 -0.13 0 0 0 81.72 -12.69 17.19 -7.05 12.01 -0.74 0 0 1.54 0.25 13.3 0.06 7.12 -0 -0 18.8 -17.07 13.18
0.15 17.1 17.62 -180.53 -37.75 -157.07 0 0 0 -24.5 9.06 -13.19 3.39 11.29 33.28 -1.83 30.06 9.64 0.72 5.42 15.12 0 0 0 29.13 12.66 -30.46 -1.96 -8.79 25.14 -5.38 -17.33 -51.44 -5.32 -13.74 42.2 2.77 0.4 -14.66 1.92 -0.39 -4.71 0.37 -0.39 3.24 -1.52 1.27 -10.52 1.47 -3.8 44.03 -0.22 -3.16 18.39 -0 0 0 -86.73 16.92 10.72 25.62 -36.83 -8.66 -0 -0 0.28 -0.72 16.32 -0.2 -7.12 0 -0 -26.05 44.57 0.3 -0 0 0 81.67 -12.21 15.8 -7.07 12.03 -0.75 0 0 2.59 0.76 13.35 0.18 7.12 -0 -0 19.13 -17.04 13.46
0.15 17.09 17.61 -180.63 -37.5 -156.91 0 0 0 -24.67 8.88 -13.24 3.4 11.32 33.36 -1.96 30.41 9.06 0.82 5.78 16.16 0 0 0 29.02 12.61 -30.67 -1.98 -8.82 25.25 -5.23 -17.64 -51.07 -5.17 -13.58 41.57 2.83 0.55 -14.67 1.68 -0.2 -4.82 0.12 -0.3 3.12 -1.21 1.33 -10.44 1.56 -3.92 44.23 -0.27 -3.17 18.5 0 0 0 -85.97 16.83 10.99 26.42 -37.62 -9.14 -0 0 -0.15 -0.45 16.57 -0.13 -7.12 0 -0 -25.92 44.83 0.11 0 0 0 81.93 -12.48 15.79 -7.01 11.94 -0.73 0 0 2.95 0.48 13.36 0.11 7.12 -0 -0 18.94 -17.03 13.32
0.13 17.09 17.59 -179.56 -37.41 -157.56 0 0 0 -23.75 9.15 -13.17 3.39 11.3 33.31 -2.1 30.57 8.16 1.02 6.43 18.03 0 0 0 30.03 12.65 -30.13 -1.89 -8.64 24.68 -5.22 -17.45 -50.93 -5.21 -13.62 41.73 3.85 0.85 -14.63 1.68 0.03 -4.98 -0.42 -0.2 2.94 -1.01 1.35 -10.08 1.68 -4.09 44.3 -0.28 -3.22 18.45 0 -0 0 -85.31 16.96 11.5 27.13 -38.3 -9.58 -0 0 -0.6 -0.4 16.67 -0.12 -7.12 0 -0 -25.92 44.93 0.05 0 -0 0 82.22 -12.98 15.63 -7.09 12.06 -0.75 0 0 2.8 -0.98 13.73 -0.23 7.12 -0 -0 17.95 -16.64 12.7
0.11 17.09 17.57 -180.09 -36.99 -157.31 0 0 0 -24.34 9.23 -12.51 3.25 11.09 32.57 -2.12 30.7 8.16 1.08 6.61 18.55 0 0 0 29.6 12.12 -30.29 -1.94 -8.73 24.97 -5.04 -17.33 -50.24 -5.13 -13.53 41.38 3.65 0.84 -14.53 1.49 0.07 -4.95 -0.5 -0.18 2.93 -1.08 1.42 -10.4 1.75 -4 44.44 -0.22 -3.18 18.62 0 -0 0 -85.19 16.68 11.22 27.29 -38.45 -9.68 -0 0 -0.74 -0.19 16.91 -0.06 -7.12 0 -0 -25.85 45.17 -0.11 0 -0 0 82.16 -12.91 15.06 -7.02 11.95 -0.74 0 0 3.59 -1.12 14.41 -0.28 7.12 -0 -0 17.79 -15.98 12.85
0.1 17.08 17.53 -179.74 -36.76 -157.61 0 0 0 -23.95 9.51 -12.19 3.2 11.01 32.31 -1.85 30.08 9.47 0.92 6.12 17.13 0 0 0 29.93 12.46 -29.88 -1.94 -8.74 24.98 -5.11 -17.33 -50.48 -5.13 -13.53 41.38 3.66 0.71 -14.29 1.66 -0.11 -5.1 -0.36 -0.28 2.64 -0.94 1.61 -10.26 1.56 -3.75 44.58 -0.3 -3.11 18.66 0 -0 0 -85.11 16.99 10.99 27.22 -38.39 -9.64 -0 0 -1.16 -0.26 16.79 -0.07 -7.12 0 -0 -25.85 45.05 -0.04 0 -0 0 81.98 -13.07 15.21 -6.61 11.27 -0.65 0 0 3.95 -5.56 17.5 -1.68 7.12 -0 -0 14.72 -12.82 11.48
0.08 17.09 17.51 -179.94 -36.47 -157.09 0 0 0 -24.27 9.21 -12.34 3.13 10.91 31.97 -1.65 29.82 10.7 0.72 5.41 15.07 0 0 0 29.58 12.61 -30.33 -1.96 -8.78 25.11 -5.06 -17.21 -50.25 -5.06 -13.45 41.07 3.54 0.85 -14.62 1.54 0.06 -5.22 -0.38 -0.2 2.69 -0.94 1.51 -10.36 1.57 -3.89 44.54 -0.32 -3.16 18.67 -0 -0 0 -84.99 16.57 10.86 26.19 -37.39 -9 -0 0 -1.03 -0.1 16.11 -0.03 -7.12 0 -0 -25.42 44.45 0.37 -0 -0 0 82.25 -13.4 15.22 -6.6 11.25 -0.65 0 0 2.92 -8.36 18.13 -2.62 7.12 -0 -0 12.88 -12.01 10.19
0.07 17.09 17.49 -179.36 -36.5 -157.18 0 0 0 -23.72 8.96 -12.46 3.15 10.93 32.03 -1.51 29.42 11.19 0.65 5.16 14.37 0 0 0 30.14 12.55 -30.3 -1.9 -8.65 24.7 -4.87 -17.64 -49.8 -4.98 -13.36 40.73 4.04 0.91 -14.84 1.64 0.03 -5.39 -0.57 -0.23 2.63 -0.84 1.62 -10.14 1.68 -3.87 44.62 -0.29 -3.14 18.66 0 0 0 -84.97 16.72 10.62 25.52 -36.73 -8.6 -0 0 -1.33 0.08 16.52 0.02 -7.12 0 -0 -25.44 44.85 0.1 0 0 0 82.37 -14.2 18.7 -6.84 11.66 -0.7 0 -0 -1.82 -12.73 18.41 -4.08 7.12 -0 -0 10.04 -11.36 7.99
0.06 17.09 17.46 -180.01 -36.23 -156.85 0 0 0 -24.21 9.03 -11.97 3.06 10.8 31.59 -1.38 29.05 11.74 0.58 4.88 13.58 0 0 0 29.46 12.77 -30.29 -1.95 -8.77 25.07 -4.97 -17.54 -50.12 -4.97 -13.36 40.71 3.31 0.78 -14.46 1.51 -0.01 -5.62 -0.3 -0.26 2.18 -0.99 1.67 -10.14 2 -3.99 44.82 -0.14 -3.19 18.81 -0 0 0 -84.76 17.41 11.48 24.84 -36.04 -8.19 -0 0 -2.16 1.09 17.17 0.32 -7.12 0 -0 -24.86 45.56 -0.36 -0 0 0 82.9 -14.77 17.51 -6.81 11.61 -0.69 0 -0 -2.25 -17.15 18.22 -5.51 7.12 -0 -0 7.15 -11.09 5.69
0.04 17.08 17.43 -179.72 -36.22 -156.73 0 0 0 -23.8 8.86 -12.04 3.03 10.74 31.42 -1.1 28.35 13.02 0.49 4.49 12.46 0 0 0 29.75 12.89 -30.4 -1.95 -8.76 25.05 -5.05 -17.23 -50.22 -5.02 -13.4 40.9 3.2 0.44 -14.51 1.95 -0.49 -5.82 0.14 -0.52 1.99 -1.45 1.85 -10.05 1.92 -3.54 44.75 -0.02 -3.12 18.73 0 0 0 -85.66 17.85 10.81 23.86 -35.01 -7.62 -0 0 -2.26 1.93 17.2 0.57 -7.12 0 -0 -24.13 45.69 -0.44 0 0 0 82.63 -14.98 17.8 -6.68 11.38 -0.67 0 -0 -3.77 -22.22 20.1 -7.99 7.12 -0 -0 3.97 -8.45 3.35
0.02 17.08 17.42 -179.83 -35.96 -156.39 0 0 0 -23.91 8.59 -12.1 3.01 10.71 31.3 -0.69 27.19 14.78 0.31 3.56 9.83 0 0 0 29.69 12.4 -31.1 -2.02 -8.9 25.49 -4.82 -17.36 -49.45 -4.85 -13.21 40.17 3.03 0.44 -14.68 2.02 -0.49 -5.74 0.31 -0.51 2.17 -1.8 1.82 -10.74 2.15 -3.52 44.83 0.15 -3.11 18.98 -0 -0 0 -86.43 17.41 9.94 22.75 -33.82 -7 -0 0 -0.91 2.12 17.19 0.63 -7.12 0 -0 -23.96 45.7 -0.44 -0 -0 0 82.77 -14.74 16.73 -6.42 10.96 -0.62 0 -0 -4.35 -25.5 21.15 -9.76 7.12 -0 -0 1.99 -6.79 1.74
0.02 17.07 17.41 -179.74 -35.94 -156.1 0 0 0 -23.66 7.76 -12.34 3.09 10.84 31.75 -0.74 27.09 14.32 0.37 3.9 10.78 0 0 0 29.74 12.73 -31.4 -2.04 -8.94 25.61 -4.86 -17.41 -49.64 -4.87 -13.23 40.24 2.87 0.42 -14.64 2.09 -0.5 -5.9 0.47 -0.52 1.98 -1.25 1.8 -10.62 1.54 -3.38 44.62 -0.2 -3.03 18.78 -0 -0 0 -86.88 17.77 9.49 22.2 -33.2 -6.7 -0 -0 0.01 1.79 16.92 0.52 -7.12 0 -0 -24.14 45.41 -0.26 -0 -0 0 83.07 -14.91 16.53 -6.27 10.7 -0.59 0 -0 -5.03 -26.4 20.75 -9.97 7.12 -0 -0 1.37 -7.06 1.19
0.01 17.06 17.4 -179.59 -35.89 -156.3 0 0 0 -23.44 7.76 -12.32 3.11 10.87 31.85 -0.05 25.27 17.52 0.05 1.47 4.03 0 0 0 29.97 12.47 -31.41 -2.07 -9 25.8 -4.84 -17.32 -49.5 -4.81 -13.16 39.99 2.86 0.28 -13.86 2.13 -0.65 -6.09 0.51 -0.6 1.36 -1.4 1.93 -10.77 1.91 -3.37 44.83 -0.01 -3.02 18.97 0 0 0 -87.29 18.44 8.82 21.65 -32.58 -6.4 -0 0 -0.18 2.09 18.06 0.65 -7.12 0 -0 -24.37 46.49 -0.95 0 0 0 83.48 -15.54 17.42 -6.36 10.85 -0.6 0 -0 -6.29 -26.98 19.93 -9.85 7.12 -0 -0 0.91 -7.84 0.78
-0.04 17.03 17.36 -178.92 -35.33 -157.4 0 0 0 -23.03 8.51 -11.39 3.07 10.81 31.65 0.06 25.03 18.09 0.02 0.89 2.45 0 0 0 30.77 11.56 -30.59 -2.07 -9.01 25.84 -4.66 -16.87 -48.6 -4.75 -13.1 39.75 3.11 0.63 -13.87 2.24 -0.19 -5.6 0.55 -0.35 1.88 -1.19 1.67 -10.43 1.79 -3.71 44.47 -0.15 -3.12 18.65 0 0 0 -87.68 18.34 8.92 21.04 -31.88 -6.07 -0 0 -0.06 2.29 18.32 0.72 -7.12 0 -0 -24.31 46.75 -1.11 0 0 0 83.85 -15.56 17.85 -6.5 11.09 -0.63 0 -0 -8.75 -26.32 17.62 -8.52 7.12 -0 -0 1.09 -10.48 0.87
-0.07 17.05 17.33 -178.77 -35.24 -157.3 0 0 0 -22.98 8.33 -11.54 3.08 10.83 31.69 -0.02 25.89 18.13 0.04 1.37 3.76 0 0 0 30.23 14 -29.53 -2 -8.86 25.37 -5.2 -17.63 -50.98 -5.06 -13.46 41.1 3.1 0.5 -13.92 2.32 -0.38 -5.64 0.6 -0.45 1.86 -1.33 1.81 -10.42 1.92 -3.53 44.51 -0.03 -3.06 18.67 -0 0 0 -88 18.72 8.61 20.58 -31.33 -5.83 -0 0 -0.17 2.09 18.38 0.66 -7.12 0 -0 -24.51 46.78 -1.15 -0 0 0 83.89 -15.76 20.08 -6.83 11.63 -0.7 0 -0 -11.92 -25.47 14.33 -6.72 7.12 -0 -0 1.37 -14.19 0.99
-0.07 17.03 17.3 -178.26 -34.85 -157.62 0 0 0 -22.78 8.45 -11.87 3.19 10.99 32.26 -0.27 27.04 17.44 0.07 1.75 4.82 0 0 0 30.68 14.47 -29.08 -1.96 -8.79 25.13 -5.11 -18.06 -50.9 -5.04 -13.43 41.01 3.38 0.7 -13.32 2.18 -0.12 -5.92 0.34 -0.34 1.26 -0.73 1.96 -10.26 1.8 -3.54 44.75 -0.21 -3.01 18.77 -0 -0 0 -87.41 19.19 10.02 19.46 -29.99 -5.26 -0 0 -1.42 2.88 17.15 0.85 -7.12 0 -0 -23.28 45.76 -0.46 -0 -0 0 84.4 -16.12 21.62 -6.79 11.57 -0.69 0 -0 -14.59 -24.51 11.11 -5.02 7.12 -0 -0 1.82 -17.8 1.18
-0.08 17.02 17.29 -178.42 -34.32 -157.65 0 0 0 -23.19 9.07 -12.17 3.26 11.1 32.62 -0.91 29.44 15.44 0.29 3.46 9.56 0 0 0 30.6 14.24 -29.16 -2.02 -8.91 25.53 -4.99 -18 -50.44 -4.98 -13.36 40.73 2.92 0.84 -13.08 2.01 0.16 -5.86 0.46 -0.19 1.19 -0.8 1.82 -9.91 2.13 -3.97 44.72 -0.12 -3.17 18.68 -0 0 0 -86.46 19.5 13.89 18.47 -28.75 -4.77 -0 0 -3.37 4.13 17.95 1.28 -7.12 0 -0 -22.51 46.65 -0.96 -0 0 0 84.49 -16.51 23.8 -7.11 12.1 -0.75 0 -0 -18.12 -19.86 7.34 -2.64 7.12 -0 -0 5.07 -22.19 2.79
-0.1 17.02 17.28 -177.51 -34.1 -158.04 0 0 0 -22.7 9.94 -13.34 3.48 11.43 33.73 -1.91 32.28 11.92 0.8 5.69 15.9 0 0 0 31.51 13.79 -29.18 -1.98 -8.83 25.26 -4.69 -18.17 -49.46 -4.89 -13.26 40.34 3.66 0.99 -12.75 2.2 0.27 -5.92 0.26 -0.15 0.95 -1.06 1.87 -10.13 2.08 -3.72 44.68 -0.05 -3.11 18.71 0 0 0 -85.86 19.67 18.36 17.42 -27.41 -4.28 -0 0 -5.08 5.76 18.47 1.83 -7.12 0 -0 -21.27 47.35 -1.29 0 0 0 83.99 -17.06 27.6 -7.47 12.69 -0.83 0 -0 -20.42 -16.02 5.46 -1.57 7.12 -0 -0 7.94 -24.3 4
-0.12 17.01 17.26 -178.02 -33.74 -157.67 0 0 0 -23.48 10.58 -14.2 3.62 11.63 34.45 -2.61 34.43 10 1.04 6.49 18.2 0 0 0 31.2 13.03 -29.72 -2.05 -8.96 25.68 -4.35 -18.48 -48.41 -4.53 -12.84 38.76 3.28 1 -12.53 2.01 0.36 -5.88 0.28 -0.1 0.88 -1.41 1.95 -10.54 2.42 -3.65 44.84 0.19 -3.09 18.94 -0 -0 0 -84.89 19.98 23.84 16.5 -26.2 -3.87 -0 0 -5.85 5.85 17.86 1.8 -7.12 0 -0 -20.95 46.79 -0.97 -0 -0 0 83.56 -17.52 31.19 -8.04 13.62 -0.96 0 -0 -22.24 -9.73 1.47 -0.25 7.12 -0 -0 12.99 -28.39 5.38
-0.13 17 17.26 -177.32 -32.54 -157.47 0 0 0 -23.74 11.42 -16.25 3.94 12.08 36 -3.81 36.74 5.24 1.66 8.11 23.06 0 0 0 31.78 12.75 -30.22 -2 -8.87 25.38 -3.92 -18.1 -46.55 -4.3 -12.55 37.69 3.23 1.26 -13.01 2.35 0.65 -5.77 0.71 0.05 1.26 -1.06 2.03 -10.58 1.49 -3.08 44.57 -0.21 -2.89 18.73 -0 0 0 -84.77 20.1 28.53 15.65 -25.04 -3.5 -0 0 -4.19 5.67 17.99 1.76 -7.12 0 -0 -21.16 46.89 -1.03 -0 0 0 82.02 -17.89 37.67 -8.73 14.72 -1.13 0 -0 -24.42 -5.99 0.87 -0.09 7.12 -0 -0 15.91 -28.92 6.46
-0.14 16.99 17.23 -177.4 -33.19 -157.95 0 0 0 -23.34 11.74 -16.56 4.22 12.45 37.35 -4.16 37.51 4.17 1.75 8.32 23.7 0 0 0 31.93 12.67 -29.6 -2.03 -8.93 25.56 -4.14 -18.2 -47.45 -4.4 -12.68 38.18 3.08 0.92 -12.57 2.44 0.27 -5.56 0.83 -0.12 1.23 -0.91 2.12 -10.54 1.5 -2.99 44.58 -0.22 -2.83 18.71 0 0 0 -83.98 20.96 33.67 15.82 -25.28 -3.57 -0 0 -4.21 4.4 17.65 1.34 -7.12 0 -0 -22.15 46.41 -0.81 0 0 0 80.83 -18.58 43.97 -9.46 15.9 -1.32 0 -0 -25 -3.77 0.57 -0.04 7.12 -0 -0 17.64 -29.17 7.12
-0.15 16.99 17.24 -177.07 -32.46 -157.81 0 0 0 -23.56 12.52 -18.45 4.66 12.99 39.34 -4.16 37.04 3.13 1.43 7.57 21.41 0 0 0 32.08 12.5 -30.12 -2.04 -8.95 25.65 -3.85 -18.2 -46.32 -4.28 -12.52 37.61 3.51 1.44 -12.59 2.14 0.93 -5.37 0.37 0.21 1.46 -1.35 1.94 -11.58 2.25 -3.51 44.99 0.11 -2.99 19.33 -0 -0 0 -82.68 20.86 39.57 15.83 -25.3 -3.57 -0 0 -5.73 3.62 18.19 1.13 -7.12 0 -0 -23.07 46.81 -1.08 -0 -0 0 80.94 -18.91 44.4 -10.17 17 -1.52 0 -0 -22.33 0.25 1.23 0.01 7.12 -0 -0 20.51 -28.44 8.79
-0.15 16.97 17.23 -176.92 -32.16 -157.9 0 0 0 -23.46 13.36 -19.81 5.13 13.53 41.4 -3.17 34.76 6.52 0.59 4.92 13.69 0 0 0 32.28 12.39 -30.28 -2.1 -9.07 26.01 -3.81 -18 -46.03 -4.19 -12.41 37.19 3.43 1.37 -12.58 2.28 0.85 -5.24 0.55 0.18 1.58 -1.21 2.09 -11.59 2.04 -3.19 44.91 0.04 -2.86 19.26 0 0 0 -82.43 21.3 43.07 16.04 -25.57 -3.66 -0 0 -7.15 1.43 18.97 0.46 -7.12 0 -0 -25.37 47.23 -1.49 0 0 0 79.05 -19.75 51.05 -11.75 19.43 -2.02 0 -0 -24.41 4.3 1.48 0.11 7.12 -0 -0 23.4 -28.09 10.45
-0.14 16.95 17.2 -176.88 -32.13 -157.91 0 0 0 -23.15 13.89 -20.79 5.56 13.99 43.2 -1.54 28.38 9.72 0.08 1.88 5.16 0 0 0 32.32 12.74 -30.47 -2.2 -9.27 26.66 -3.88 -18.19 -46.44 -4.1 -12.29 36.78 3.09 1.09 -12.63 2.31 0.49 -5.58 0.72 -0.01 1.24 -0.72 2.51 -10.49 2.06 -3 45.21 -0.01 -2.8 19.13 0 0 0 -81.65 22.78 46.42 16.46 -26.14 -3.85 -0 0 -8.34 -1.51 19.67 -0.51 -7.12 0 -0 -28.29 47.46 -1.86 0 0 0 77.12 -21.05 57.4 -13.59 22.15 -2.67 0 -0 -27.5 8.18 0.56 0.08 7.12 -0 -0 26.36 -28.77 11.58
-0.13 16.94 17.2 -177.44 -31.98 -157.52 0 0 0 -23.45 14.65 -22.09 5.94 14.37 44.74 -0.23 23.81 15.17 0.06 -1.63 -4.49 0 0 0 31.75 12.9 -31.03 -2.35 -9.57 27.59 -4.06 -17.86 -46.93 -4.08 -12.27 36.68 2.51 0.9 -12.64 2.18 0.3 -5.73 0.89 -0.1 1.09 -0.79 2.67 -10.17 2.27 -2.92 45.31 0.11 -2.78 19.11 -0 -0 0 -80.51 24.17 50.49 17.7 -27.77 -4.41 -0 0 -9.02 -3.86 19.5 -1.29 -7.12 0 -0 -30.24 47 -1.64 -0 -0 0 75.36 -21.73 62.14 -15.28 24.53 -3.34 0 -0 -29.67 11.21 0.67 0.13 7.12 -0 -0 28.42 -28.5 12.94
-0.13 16.92 17.19 -177.05 -31.9 -157.59 0 0 0 -22.98 15.81 -23.89 6.38 14.79 46.5 0.78 19.21 19.51 0.8 -5.71 -15.93 0 0 0 32.42 11.77 -31.58 -2.37 -9.61 27.71 -3.9 -17.24 -45.88 -3.9 -12.03 35.84 2.95 1.18 -13.14 2.21 0.62 -5.2 0.72 0.08 1.92 -1.48 2.32 -11.6 2.47 -3.13 45.3 0.3 -2.87 19.53 0 0 0 -79.57 23.43 54.05 18.37 -28.63 -4.73 -0 0 -10.68 -6.4 20.43 -2.24 -7.12 0 -0 -32.93 47.45 -2.22 0 0 0 74.72 -21.6 62.5 -16.55 26.27 -3.89 0 -0 -28.77 14.96 0.94 0.25 7.12 -0 -0 30.85 -28.01 14.85
-0.12 16.91 17.17 -176.83 -31.44 -157.8 0 0 0 -22.63 17.48 -25.31 6.71 15.09 47.79 0.59 19.32 18.24 0.44 -4.24 -11.74 0 0 0 32.56 12.37 -31.13 -2.37 -9.61 27.71 -4.04 -17.2 -46.42 -3.75 -11.82 35.11 3.03 1.15 -12.78 2.24 0.58 -5.33 0.7 0.05 1.59 -1.56 2.46 -11.58 2.39 -2.86 45.32 0.32 -2.8 19.53 0 0 0 -78.62 24.62 56.24 19.77 -30.37 -5.42 -0 0 -12.38 -9.38 20.46 -3.3 -7.12 0 -0 -35.45 47.06 -2.05 0 0 0 73.15 -22.05 66.43 -18.07 28.25 -4.58 0 -0 -30.6 14.53 2.55 0.66 7.12 -0 -0 30.13 -26.6 15.58
-0.13 16.91 17.14 -177.18 -30.84 -157.85 0 0 0 -22.99 19.19 -26.48 6.9 15.25 48.51 0.86 19.01 19.96 0.53 -4.66 -12.93 0 0 0 32.17 12.31 -30.76 -2.39 -9.63 27.78 -4.09 -16.82 -46.38 -3.68 -11.72 34.75 3.12 1.33 -12.69 1.77 0.84 -5.39 0.2 0.17 1.49 -1.11 2.49 -11.3 2.27 -2.92 45.27 0.17 -2.78 19.41 -0 -0 0 -76.88 25.5 59.19 20.96 -31.78 -6.03 -0 0 -14.26 -12.63 19.51 -4.28 -7.12 0 -0 -37.56 45.83 -0.9 -0 -0 0 71.95 -22.42 70.65 -19.5 30.04 -5.28 0 -0 -32.95 18 1.39 0.45 7.12 -0 -0 32.65 -27.36 16.68
-0.15 16.91 17.12 -177.32 -30.54 -158.03 0 0 0 -23.03 20.55 -27.54 7.09 15.4 49.2 0.75 20.48 19.91 0.52 -4.64 -12.89 0 0 0 32.15 12.07 -30.34 -2.39 -9.63 27.79 -4.09 -16.61 -46.26 -3.64 -11.67 34.58 3.25 1.54 -12.65 1.43 1.12 -5.46 -0.2 0.31 1.41 -0.49 2.37 -10.78 2.07 -3.26 45.17 -0.1 -2.85 19.19 -0 -0 0 -74.98 26.14 62.56 22.38 -33.41 -6.8 -0 0 -16.85 -16.1 19.83 -5.59 -7.12 0 -0 -40.5 45.62 -0.75 -0 -0 0 71.59 -22.59 71.66 -20.02 30.67 -5.54 0 -0 -33.96 19.45 2.62 0.92 7.12 -0 -0 33.17 -26.13 18.26
-0.15 16.92 17.1 -177.44 -30.27 -158.28 0 0 0 -22.91 21.2 -28.34 7.25 15.54 49.81 0.88 22.53 21.72 0.47 -4.41 -12.22 0 0 0 31.98 12.61 -29.5 -2.32 -9.5 27.37 -3.97 -17.4 -46.27 -3.79 -11.88 35.32 3.11 1.5 -12.57 1.29 1.07 -5.72 -0.28 0.27 1.09 0.15 2.55 -9.42 1.92 -3.28 45.07 -0.29 -2.85 18.74 -0 0 0 -73.76 27.56 63.76 23.57 -34.7 -7.46 -0 0 -19.35 -19.19 20.04 -6.8 -7.12 0 -0 -42.99 45.36 -0.47 -0 0 0 71.02 -23.22 73.19 -20.61 31.37 -5.85 0 -0 -34.71 21.4 2.29 0.9 7.12 -0 -0 34.42 -26.22 19.2
-0.16 16.94 17.09 -177.44 -29.95 -158.46 0 0 0 -22.81 21.29 -29.14 7.4 15.66 50.36 0.48 29.1 23.19 0 -0.16 -0.44 0 0 0 31.93 12.98 -28.91 -2.26 -9.38 27 -3.86 -18.01 -46.25 -3.76 -11.83 35.13 3.53 1.69 -12.51 1.06 1.29 -5.73 -0.71 0.37 1.07 0.07 2.56 -9.07 2.23 -3.36 44.91 -0.13 -2.86 18.55 -0 -0 0 -72.72 27.76 65.07 24.13 -35.3 -7.78 -0 0 -21.53 -21.61 20.06 -7.74 -7.12 0 -0 -44.79 45.03 -0.04 -0 -0 0 70.99 -23.08 73.44 -20.87 31.68 -5.98 0 -0 -36.41 22.64 1.56 0.65 7.12 -0 -0 35.36 -26.72 19.46
-0.16 16.94 17.11 -176.93 -28.53 -158.41 0 0 0 -23.15 21.85 -30.85 7.58 15.8 51.04 1.1 31.27 27.57 0 0.25 0.7 0 0 0 32.27 13 -29 -2.22 -9.31 26.77 -3.5 -17.74 -44.61 -3.71 -11.77 34.92 3.62 2.13 -13.34 1.4 1.82 -5.02 -0.31 0.67 2.27 -0.5 2.51 -10.36 2.05 -2.92 44.79 -0.03 -2.71 18.81 0 0 0 -73.52 26.03 64.26 24.07 -35.23 -7.74 -0 0 -23.38 -23.99 20.29 -8.77 -7.12 0 -0 -46.63 44.86 0.21 0 0 0 70.52 -21.79 72.53 -20.93 31.74 -6.01 0 -0 -36.34 23.24 1.77 0.76 7.12 -0 -0 35.63 -26.45 19.98
-0.16 16.94 17.11 -177 -28.27 -158.68 0 0 0 -23.11 21.74 -31.08 7.72 15.91 51.53 0.62 34.26 27.2 0.11 2.14 5.88 0 0 0 32.16 13.15 -28.52 -2.2 -9.28 26.68 -3.55 -17.68 -44.79 -3.87 -11.98 35.67 3.56 1.91 -13.34 1.6 1.52 -5.12 -0.12 0.52 2.15 -0.86 2.91 -9.79 2.35 -2.61 45.2 0.22 -2.69 18.92 -0 0 0 -74.31 26.46 62.41 23.63 -34.77 -7.49 -0 0 -23.28 -24.9 19.66 -8.87 -7.12 0 -0 -46.83 44.24 1.16 -0 0 0 69.6 -21.38 74.12 -20.83 31.63 -5.96 0 -0 -38.6 22.95 1.86 0.79 7.12 -0 -0 35.44 -26.41 19.86
-0.17 16.94 17.11 -176.7 -27.98 -159.09 0 0 0 -22.78 21.73 -31.09 7.79 15.96 51.8 0.62 34.86 27.6 0.2 2.86 7.9 0 0 0 32.41 13.43 -27.95 -2.18 -9.24 26.54 -3.49 -18.02 -44.77 -3.9 -12.03 35.85 4.05 1.95 -13.18 1.75 1.49 -5.22 -0.25 0.48 1.96 -0.28 3.04 -9.06 1.59 -2.26 45.06 -0.19 -2.58 18.6 0 -0 0 -75.1 26.29 60.53 23.14 -34.24 -7.22 -0 0 -22.43 -25.76 19.74 -9.26 -7.12 0 -0 -47.47 44.17 1.29 0 -0 0 69.38 -21.2 74.27 -20.5 31.23 -5.79 0 -0 -39.63 23.27 2.39 1.03 7.12 -0 -0 35.45 -25.91 20.42
-0.19 16.94 17.1 -176.81 -27.75 -159.17 0 0 0 -22.87 21.36 -30.68 7.69 15.88 51.42 -0.15 37.42 26.03 0.53 4.65 12.93 0 0 0 32.23 13.51 -27.81 -2.21 -9.29 26.7 -3.49 -18.04 -44.79 -3.91 -12.04 35.88 4.14 2.02 -13.55 1.76 1.55 -5.17 -0.27 0.51 2.22 -0.67 3 -8.86 1.95 -2.46 45.11 0.01 -2.7 18.58 0 -0 0 -75.66 25.64 59.29 22.76 -33.83 -7.01 -0 0 -21.78 -26.55 18.95 -9.21 -7.12 0 -0 -47.45 43.43 2.46 0 -0 0 69.94 -21.2 71.74 -20.06 30.72 -5.56 0 -0 -39.1 24.65 2.11 0.97 7.12 -0 -0 36.3 -25.96 21.13
-0.21 16.95 17.1 -176.98 -27.71 -159.14 0 0 0 -23.12 21.26 -30.38 7.6 15.82 51.11 -0.1 37.36 26.19 0.37 3.89 10.75 0 0 0 32.07 13.02 -27.9 -2.22 -9.3 26.74 -3.47 -17.77 -44.52 -3.83 -11.93 35.47 4.47 2.2 -13.76 1.47 1.71 -5.5 -0.73 0.57 2.01 0.23 2.93 -7.82 1.48 -2.71 44.99 -0.41 -2.76 18.22 -0 0 0 -75.37 25.69 58.75 22.54 -33.58 -6.88 -0 0 -21.58 -26.7 19.76 -9.65 -7.12 0 -0 -48.1 44.04 1.53 -0 0 0 70.44 -21.75 71.69 -19.9 30.52 -5.48 0 -0 -39.74 25.41 1.93 0.92 7.12 -0 -0 36.76 -26.01 21.51
-0.22 16.95 17.1 -176.78 -27.69 -159.12 0 0 0 -23.03 21.19 -30.42 7.52 15.76 50.83 -0.28 37.35 25.41 0.17 2.68 7.4 0 0 0 32.26 12.96 -27.87 -2.18 -9.22 26.5 -3.42 -17.89 -44.42 -3.74 -11.81 35.07 4.85 2.29 -14.2 1.53 1.72 -5.66 -0.87 0.55 2.09 -0.2 3.04 -7.81 1.95 -2.79 45.33 -0.14 -2.84 18.45 -0 -0 0 -75.58 25.54 58.17 22.7 -33.76 -6.97 -0 0 -21.03 -27.07 20.35 -10.08 -7.12 0 -0 -48.76 44.44 0.91 -0 -0 0 70.46 -21.71 71.6 -20.03 30.67 -5.54 0 -0 -40 25.74 2.13 1.03 7.12 -0 -0 36.87 -25.78 21.87
-0.23 16.95 17.1 -176.64 -27.78 -159.03 0 0 0 -23 20.91 -30.39 7.39 15.65 50.33 -0.71 38.56 24.49 0.28 3.42 9.46 0 0 0 32.33 12.77 -28.02 -2.15 -9.17 26.32 -3.43 -17.76 -44.36 -3.57 -11.56 34.21 4.99 2.2 -14.81 1.8 1.49 -5.66 -0.69 0.43 2.41 -0.88 3.16 -8.27 2.36 -2.75 45.78 0.16 -2.92 18.89 0 -0 0 -76.34 25.2 57.07 22.45 -33.48 -6.83 -0 0 -19.76 -27.54 18.56 -9.43 -7.12 0 -0 -47.84 42.98 3.23 0 -0 0 70.03 -21.26 71.52 -20.11 30.78 -5.59 0 -0 -39.69 26.64 1.76 0.88 7.12 -0 -0 37.46 -25.97 22.23
-0.22 16.95 17.11 -176.53 -27.76 -159.07 0 0 0 -22.89 21.12 -30.57 7.4 15.66 50.38 -1.42 39.97 22.63 0.59 4.91 13.64 0 0 0 32.48 12.76 -27.89 -2.12 -9.12 26.16 -3.47 -17.56 -44.36 -3.7 -11.75 34.87 5.26 2.52 -14.86 1.46 1.86 -6.04 -1.14 0.58 2.06 0.42 3.01 -7.67 1.95 -3.2 45.69 -0.34 -2.95 18.66 0 -0 0 -75.14 25.45 58.5 23.01 -34.1 -7.15 -0 0 -18.94 -27.96 19.41 -10.01 -7.12 0 -0 -48.68 43.58 2.32 0 -0 0 70.84 -21.78 71.7 -20.1 30.76 -5.58 0 -0 -40.1 26.07 1.83 0.9 7.12 -0 -0 37.14 -25.99 21.89
-0.22 16.94 17.11 -176.88 -27.85 -158.95 0 0 0 -23.2 21.07 -30.64 7.44 15.69 50.53 -0.96 39.22 23.97 0.44 4.26 11.81 0 0 0 32.16 12.42 -28.17 -2.17 -9.21 26.45 -3.54 -17.2 -44.41 -3.72 -11.77 34.93 5.05 2.61 -14.54 1.27 2 -6.68 -1.22 0.59 1.23 0.3 2.86 -6.81 2.21 -3.66 45.69 -0.28 -3.18 18.45 -0 -0 0 -75.09 25.7 59.02 22.29 -33.3 -6.75 -0 0 -16.83 -27.23 18.48 -9.26 -7.12 0 -0 -47.58 42.97 3.22 -0 -0 0 71.34 -22.64 70.93 -19.97 30.6 -5.51 0 -0 -38.68 26.16 2.12 1.04 7.12 -0 -0 37.09 -25.72 22.16
-0.21 16.94 17.11 -177.09 -27.96 -158.84 0 0 0 -23.43 21.03 -30.91 7.5 15.73 50.72 -2.96 42.52 18.47 1.25 7.08 19.95 0 0 0 32.01 12.42 -28.3 -2.2 -9.28 26.67 -3.54 -17.35 -44.53 -3.67 -11.71 34.71 4.74 2.53 -14.2 1.36 1.91 -7.16 -0.98 0.51 0.52 0.04 3.01 -6.58 2.49 -3.68 46.08 -0.12 -3.26 18.66 -0 0 0 -75.36 26.04 59.23 22.08 -33.07 -6.63 -0 0 -15.96 -27.22 18.19 -9.12 -7.12 0 -0 -47.39 42.74 3.56 -0 0 0 71.29 -23.04 71.07 -19.75 30.33 -5.4 0 -0 -38.55 25.49 2.56 1.22 7.12 -0 -0 36.6 -25.44 22.01
-0.19 16.94 17.12 -176.72 -28.01 -159.04 0 0 0 -23.2 21.3 -31.63 7.62 15.83 51.17 -3.06 42.84 18.38 1.54 7.83 22.18 0 0 0 32.3 13.06 -27.88 -2.14 -9.16 26.29 -3.62 -17.5 -44.94 -3.62 -11.63 34.45 4.87 2.61 -14.26 1.41 1.98 -7.3 -0.99 0.53 0.41 0.47 2.95 -6.22 2.38 -3.87 45.98 -0.27 -3.29 18.49 0 -0 0 -75.1 26.28 59.53 22.37 -33.4 -6.79 -0 0 -15.37 -27.26 18.17 -9.13 -7.12 0 -0 -47.4 42.72 3.6 0 -0 0 71.78 -23.15 70.48 -19.55 30.1 -5.3 0 -0 -36.47 25.44 3.39 1.61 7.12 -0 -0 36.3 -24.71 22.57
-0.18 16.95 17.12 -176.68 -28.03 -159.26 0 0 0 -23.18 21.47 -31.81 7.68 15.88 51.39 -3.99 44.13 15.81 2.19 9.25 26.58 0 0 0 32.3 13.57 -27.42 -2.12 -9.12 26.16 -3.71 -17.72 -45.46 -3.65 -11.68 34.62 5.26 2.93 -14 1.07 2.43 -7.08 -1.49 0.76 0.56 -0.02 2.52 -7.16 2.95 -4.45 45.76 -0 -3.45 18.65 -0 0 0 -74.27 25.38 60.8 22.72 -33.78 -6.98 -0 0 -14.89 -27.48 18.57 -9.4 -7.12 0 -0 -47.8 43 3.19 -0 0 0 72.67 -22.59 69.76 -19.57 30.12 -5.31 0 -0 -36.47 25.69 2.73 1.31 7.12 -0 -0 36.65 -25.26 22.27
-0.16 16.94 17.11 -177.18 -27.56 -158.97 0 0 0 -24 21.6 -32.28 7.71 15.9 51.5 -4.45 45.04 15.02 2.53 9.9 28.65 0 0 0 31.59 14.57 -27.31 -2.16 -9.2 26.41 -3.81 -18.01 -46.06 -3.78 -11.86 35.25 4.13 2.65 -14.36 1.37 2.16 -7.05 -0.58 0.66 0.72 -0.2 2.58 -6.74 2.54 -3.99 45.35 -0.07 -3.35 18.24 0 -0 0 -75.15 25.43 59.92 22.82 -33.89 -7.04 -0 0 -14.74 -27.27 18.37 -9.23 -7.12 0 -0 -47.54 42.87 3.37 0 -0 0 72.12 -22.59 69.91 -19.6 30.16 -5.33 0 -0 -34.74 26.15 2.4 1.18 7.12 -0 -0 37 -25.48 22.36
-0.16 16.95 17.1 -177.27 -27.58 -159 0 0 0 -24.18 21.64 -32.47 7.75 15.93 51.65 -7.17 47.29 5.82 3.82 11.91 35.42 0 0 0 31.57 14.41 -27.29 -2.17 -9.22 26.49 -3.81 -17.97 -46.04 -3.76 -11.84 35.15 4.15 2.85 -14.56 1.15 2.41 -6.96 -0.78 0.79 0.94 0.08 2.4 -7.08 2.43 -4.23 45.36 -0.21 -3.39 18.34 -0 -0 0 -74.8 25.07 59.92 22.61 -33.66 -6.92 -0 0 -14.47 -27.25 17.96 -9.02 -7.12 0 -0 -47.25 42.55 3.84 -0 -0 0 72.48 -22.34 69.59 -19.62 30.18 -5.34 0 -0 -34.23 26.74 2.03 1.02 7.12 -0 -0 37.42 -25.71 22.5
-0.16 16.94 17.09 -177.5 -27.58 -159.12 0 0 0 -24.49 21.75 -32.45 7.77 15.95 51.74 -8.2 48.38 2.89 3.99 12.14 36.23 0 0 0 31.3 14.54 -27.11 -2.22 -9.3 26.74 -4.05 -17.35 -46.56 -3.81 -11.91 35.41 3.71 2.63 -14.87 1.37 2.18 -6.63 -0.32 0.71 1.42 0.16 2.39 -7.03 1.82 -3.78 44.89 -0.42 -3.22 17.98 0 -0 0 -75.47 24.62 59.04 22.36 -33.38 -6.78 -0 0 -14.74 -27.42 18.12 -9.16 -7.12 0 -0 -47.46 42.65 3.71 0 -0 0 72.09 -21.95 69.32 -19.76 30.36 -5.41 0 -0 -34.47 26.92 0.74 0.38 7.12 -0 -0 37.95 -26.82 21.65
-0.16 16.94 17.08 -177.4 -27.73 -159.29 0 0 0 -24.41 21.72 -32.5 7.82 15.99 51.92 -9.02 48.97 -0.1 4.21 12.44 37.3 0 0 0 31.65 13.84 -27.11 -2.21 -9.28 26.69 -3.88 -17.59 -46.05 -3.65 -11.68 34.61 3.41 2.42 -15.24 1.88 1.92 -6.36 0.34 0.6 1.86 -0.52 2.43 -7.66 1.58 -3.37 45.03 -0.35 -3.18 18.23 -0 0 0 -76.61 24.46 57.75 22.47 -33.51 -6.85 -0 0 -14.56 -28.05 18.7 -9.69 -7.12 0 -0 -48.25 43.01 3.22 -0 0 0 70.86 -21.55 71.33 -19.7 30.28 -5.38 0 -0 -34.11 23.98 3.19 1.42 7.12 -0 -0 35.59 -25.1 21.44
-0.16 16.94 17.07 -177.48 -27.93 -159.37 0 0 0 -24.28 21.55 -32.24 7.79 15.96 51.81 -9.75 50.09 -0.99 3.64 11.66 34.55 0 0 0 31.61 13.58 -27.04 -2.21 -9.29 26.71 -3.95 -17.37 -46.16 -3.83 -11.93 35.47 3.32 2.48 -15.47 1.79 1.99 -6.41 0.33 0.64 1.93 -0.35 2.31 -7.28 1.62 -3.64 44.95 -0.4 -3.26 18.07 0 0 0 -76.34 24.44 58.21 22.05 -33.04 -6.61 -0 0 -14.85 -27.66 17.25 -8.83 -7.12 0 -0 -47.05 41.93 4.82 0 0 0 71.03 -21.85 71.04 -19.59 30.15 -5.33 0 -0 -33.7 24.54 3.47 1.58 7.12 -0 -0 35.8 -24.77 22.01
-0.16 16.94 17.06 -177.36 -28.11 -159.44 0 0 0 -24.09 21.35 -32.26 7.81 15.98 51.87 -9.54 50.71 1.76 3.24 11.08 32.55 0 0 0 32.09 12.58 -27.31 -2.22 -9.32 26.8 -3.67 -17.67 -45.27 -3.6 -11.61 34.38 3.37 2.45 -15.59 1.84 1.91 -6.59 0.34 0.58 1.8 -0.18 2.31 -7.1 1.52 -3.68 44.98 -0.48 -3.28 18.04 -0 0 0 -76.39 24.78 58.06 22.26 -33.27 -6.73 -0 0 -14.96 -28.12 18.13 -9.44 -7.12 0 -0 -47.91 42.55 3.94 -0 0 0 70.82 -21.97 71.32 -19.67 30.24 -5.36 0 -0 -34.16 24.58 2.96 1.35 7.12 -0 -0 35.99 -25.22 21.68
-0.15 16.92 17.05 -177.23 -27.88 -160.12 0 0 0 -23.71 21.73 -31.6 7.84 16 51.99 -9.84 49.93 -1.99 3.55 11.54 34.13 0 0 0 32.26 12.9 -26.33 -2.2 -9.28 26.66 -3.86 -17.34 -45.81 -3.89 -12.01 35.76 3.03 2.65 -15.29 1.88 2.25 -6.53 0.62 0.76 1.7 0.08 2.13 -6.96 1.33 -3.97 45.04 -0.66 -3.39 18.04 -0 0 0 -76.11 24.76 58.85 22.26 -33.27 -6.73 -0 0 -15.42 -27.75 18.02 -9.24 -7.12 0 -0 -47.6 42.52 3.94 -0 0 0 70.86 -22.12 70.3 -19.84 30.45 -5.45 0 -0 -34.99 26.34 1.02 0.5 7.12 -0 -0 37.56 -26.67 21.46
-0.15 16.91 17.02 -176.96 -27.73 -160.29 0 0 0 -23.47 22.03 -31.66 7.87 16.03 52.11 -8.99 49.63 1.8 3.24 11.07 32.53 0 0 0 32.53 13.25 -25.9 -2.17 -9.2 26.43 -3.87 -17.41 -45.88 -3.84 -11.94 35.52 3.31 2.97 -15.03 1.53 2.61 -7.11 0.14 0.9 0.99 0.94 2.16 -6.53 1.42 -4.42 45.42 -0.87 -3.47 18.17 -0 0 0 -75.1 25.78 59.42 22.52 -33.56 -6.87 -0 0 -15.22 -27.86 17.67 -9.11 -7.12 0 -0 -47.45 42.23 4.4 -0 0 0 71.88 -23.02 68.38 -19.86 30.47 -5.46 0 -0 -35.12 29.11 -1.84 -1.03 7.12 -0 -0 40.01 -28.71 21.11
-0.15 16.9 17 -176.81 -27.62 -160.46 0 0 0 -23.36 22.22 -31.58 7.9 16.04 52.19 -8.11 49.26 5.38 2.8 10.37 30.19 0 0 0 32.73 13.41 -25.56 -2.15 -9.18 26.35 -3.9 -17.37 -45.97 -3.91 -12.04 35.87 2.92 2.81 -15.11 1.87 2.42 -7.22 0.68 0.8 0.88 1.9 2.26 -6.64 0.03 -3.84 45.49 -1.61 -3.24 18.17 -0 0 0 -76.06 26.03 58.36 22.39 -33.42 -6.8 -0 0 -14.97 -28.14 18.49 -9.62 -7.12 0 -0 -48.16 42.83 3.51 -0 0 0 71.29 -23.08 68.4 -19.78 30.38 -5.42 0 -0 -34.5 29.46 -1.47 -0.83 7.12 -0 -0 40.03 -28.31 21.67
-0.15 16.9 16.97 -176.81 -27.64 -160.59 0 0 0 -23.19 22.36 -31.23 7.88 16.03 52.11 -8.7 49.05 1.88 3.05 10.78 31.54 0 0 0 32.75 13.69 -25.28 -2.16 -9.18 26.37 -4.04 -17.15 -46.4 -4.06 -12.24 36.59 2.55 2.73 -15.1 1.95 2.36 -7.26 0.96 0.78 0.81 2.62 2.45 -7.63 -0.54 -3.6 46.17 -2.05 -3.08 18.87 0 0 0 -76.45 26.05 57.77 22.42 -33.45 -6.82 -0 0 -15.11 -29.12 18.54 -10.05 -7.12 0 -0 -48.8 42.72 3.78 0 0 0 70.94 -22.75 69.26 -19.59 30.14 -5.32 0 -0 -35.22 29.02 -0.9 -0.5 7.12 -0 -0 39.6 -27.89 21.84
-0.17 16.9 16.95 -176.49 -28.06 -160.65 0 0 0 -22.78 22.24 -31.2 7.88 16.03 52.13 -8.52 49.01 2.75 3.17 10.97 32.17 0 0 0 33.17 12.99 -25.49 -2.13 -9.12 26.18 -3.87 -17.25 -45.78 -4.11 -12.3 36.8 2.69 2.72 -15.54 2.05 2.28 -7.25 0.99 0.73 1.05 4.28 2.57 -8.54 -1.87 -3.1 46.2 -2.93 -2.7 19.09 0 -0 0 -76.36 26.28 58.54 22.67 -33.73 -6.96 -0 0 -14.86 -28.34 18.11 -9.52 -7.12 0 -0 -48.04 42.5 4.03 0 -0 0 70.88 -22.59 69.04 -19.47 30 -5.26 0 -0 -35.21 29.23 -0.91 -0.51 7.12 -0 -0 39.71 -27.86 21.98
-0.17 16.9 16.94 -176.8 -28.12 -160.48 0 0 0 -23.1 22.3 -31.15 7.84 16 52 -8.36 48.79 3.04 2.78 10.34 30.07 0 0 0 32.92 12.9 -25.78 -2.19 -9.25 26.59 -3.93 -17.12 -45.93 -4.13 -12.34 36.93 2.3 2.76 -15.35 1.78 2.39 -7.53 0.93 0.78 0.66 5.26 2.91 -9.36 -1.85 -2.79 46.4 -3.08 -2.35 19.5 0 -0 0 -76.12 26.51 59.46 22.53 -33.57 -6.88 -0 0 -14.64 -27.77 18.38 -9.43 -7.12 0 -0 -47.86 42.8 3.52 0 -0 0 71.34 -23.07 68.28 -19.44 29.96 -5.25 0 -0 -34.45 28.62 0.03 0.02 7.12 -0 -0 39.06 -27.15 22.3
-0.14 16.89 16.94 -176.74 -28.05 -160.39 0 0 0 -23.04 22.28 -31.57 7.95 16.09 52.4 -8.18 48.57 3.47 3.04 10.76 31.47 0 0 0 32.89 14.02 -25.66 -2.2 -9.28 26.66 -4.04 -17.37 -46.53 -4.36 -12.63 37.99 1.72 2.62 -15.17 2 2.29 -7.5 1.47 0.75 0.55 6.26 3.76 -11.08 -1.95 -1.37 46.29 -3.06 -1.5 20.02 -0 0 0 -76.43 26.63 59.48 22.76 -33.83 -7.01 -0 0 -14.34 -27.75 18.15 -9.3 -7.12 0 -0 -47.69 42.62 3.79 -0 0 0 70.96 -22.68 68.62 -19.57 30.12 -5.31 0 -0 -34.1 28.48 0.24 0.13 7.12 -0 -0 38.91 -26.99 22.37
-0.14 16.89 16.94 -176.6 -28.6 -160.37 0 0 0 -22.77 22.13 -31.71 8.01 16.13 52.61 -7.36 48.02 6.36 2.5 9.84 28.47 0 0 0 33.27 12.79 -26.14 -2.18 -9.23 26.52 -3.93 -16.88 -45.78 -4.21 -12.44 37.3 1.63 2.22 -14.84 2.41 1.79 -7.48 1.86 0.51 0.39 6.5 4.48 -12.36 -1.7 0.36 44.83 -2.52 -0.58 19.51 0 0 0 -77.48 26.73 58.77 22.65 -33.7 -6.94 -0 0 -13.87 -27.86 17.96 -9.26 -7.12 0 -0 -47.64 42.46 4.05 0 0 0 69.76 -22.05 71.12 -19.81 30.41 -5.43 0 -0 -35.3 26.95 0.77 0.39 7.12 -0 -0 37.96 -26.79 21.7
-0.13 16.89 16.93 -176.55 -29 -160.43 0 0 0 -22.59 22.03 -31.69 8.05 16.15 52.74 -6.74 47.47 8.33 2.35 9.56 27.55 0 0 0 33.38 12.91 -26 -2.15 -9.17 26.34 -3.99 -17.04 -46.13 -4.27 -12.51 37.55 1.59 2.04 -14.12 2.41 1.57 -7.79 1.83 0.39 -0.31 6.42 5.28 -13.58 -0.81 1.91 43.52 -1.67 0.3 19.07 0 0 0 -77.4 27.52 59.34 22.76 -33.82 -7 -0 0 -13.43 -27.56 17.73 -9.03 -7.12 0 -0 -47.3 42.32 4.22 0 0 0 69.8 -22.51 71.56 -19.87 30.49 -5.47 0 -0 -34.79 25.68 1.62 0.78 7.12 -0 -0 37.01 -26.24 21.47
-0.11 16.89 16.92 -177.19 -28.76 -159.39 0 0 0 -23.53 21.47 -32.48 8.06 16.16 52.77 -8.01 47.86 2.65 3.04 10.77 31.5 0 0 0 32.41 14.67 -26.55 -2.2 -9.27 26.63 -4.17 -17.38 -47.06 -4.5 -12.8 38.61 0.73 1.75 -14.08 2.26 1.24 -8.3 2.11 0.23 -0.89 5.41 5.6 -14.97 -0.23 3.12 41.85 -0.88 0.86 18.4 -0 -0 0 -77.56 28.51 58.82 22.72 -33.79 -6.98 -0 0 -12.86 -27.88 17.18 -8.88 -7.12 0 -0 -47.14 41.84 4.98 -0 -0 0 69.76 -22.81 72.34 -19.95 30.58 -5.51 0 -0 -34.35 24.78 2 0.93 7.12 -0 -0 36.4 -26.04 21.14
-0.09 16.89 16.93 -177.44 -28.96 -158.24 0 0 0 -24.21 20.55 -33.78 8.12 16.21 53.01 -8.02 48.01 2.96 2.91 10.55 30.78 0 0 0 31.81 15.7 -27.84 -2.26 -9.4 27.04 -4.28 -17.58 -47.59 -4.49 -12.78 38.56 0.36 1.46 -14.71 2.24 0.84 -8.52 2.26 0.02 -0.79 2.6 5.24 -17.88 0.84 3.49 41.32 0.29 0.82 18.71 -0 -0 0 -77.85 28.7 58.26 22.58 -33.63 -6.91 -0 0 -12.29 -27.5 16.8 -8.56 -7.12 0 -0 -46.67 41.6 5.28 -0 -0 0 69.76 -22.5 72.51 -19.86 30.48 -5.46 0 -0 -34.04 24.76 2.13 0.98 7.12 -0 -0 36.35 -25.93 21.22
-0.1 16.89 16.91 -177.55 -29.26 -158.44 0 0 0 -24.11 21.15 -33.34 8.06 16.17 52.79 -8.33 47.91 1.01 3.18 10.97 32.19 0 0 0 31.77 15.42 -27.62 -2.27 -9.41 27.08 -4.44 -17.2 -47.98 -4.63 -12.96 39.22 0.38 1.14 -14.1 2.19 0.43 -8.68 2.13 -0.19 -1.25 2.5 3.92 -17.26 -2.14 3.41 37.52 -1.01 0.57 16.48 -0 -0 0 -77.74 29.7 57.86 23.11 -34.2 -7.2 -0 0 -11.83 -27.85 17.4 -8.98 -7.12 0 -0 -47.27 42.02 4.71 -0 -0 0 69.96 -22.93 72.67 -19.73 30.32 -5.39 0 -0 -33.08 24.32 2.3 1.04 7.12 -0 -0 36.06 -25.84 21.04
-0.07 16.88 16.89 -177.35 -29.32 -158.53 0 0 0 -23.74 21.58 -33.49 8.13 16.21 53.03 -8.46 47.66 -0.44 3.53 11.51 34.03 0 0 0 32.04 16.38 -27.02 -2.23 -9.34 26.86 -4.67 -17.3 -48.88 -4.86 -13.22 40.21 0.6 1.05 -13.53 2.03 0.27 -8.99 1.83 -0.29 -1.87 -0.12 1.68 -18 -3.65 1.79 35.48 -1.42 -0.57 15.56 0 0 0 -77.22 30.29 57.92 23.16 -34.27 -7.23 -0 0 -11.54 -27.93 17.43 -9.02 -7.12 0 -0 -47.33 42.03 4.71 0 0 0 69.95 -23.1 73.69 -19.87 30.48 -5.46 0 -0 -33.65 24.13 1.79 0.8 7.12 -0 -0 36.12 -26.32 20.56
-0.05 16.88 16.89 -177.5 -28.96 -158.45 0 0 0 -24.16 22.32 -33.88 8.11 16.2 52.97 -7.38 47.32 4.81 2.77 10.32 30.02 0 0 0 31.58 18.16 -26.56 -2.25 -9.38 26.98 -4.82 -18.29 -50.02 -4.87 -13.24 40.26 0.67 0.99 -13.2 1.71 0.21 -9.05 1.44 -0.33 -2.11 -2.53 -1.08 -18.49 -5.48 -0.64 33.39 -2.11 -2.06 14.65 0 0 0 -76.72 30.41 57.76 23.18 -34.29 -7.24 -0 0 -11.57 -27.64 17.2 -8.8 -7.12 0 -0 -47 41.89 4.87 0 0 0 70.36 -22.98 74.41 -19.81 30.41 -5.43 0 -0 -33.56 23.25 2.23 0.96 7.12 -0 -0 35.49 -26.05 20.3
-0.05 16.88 16.89 -177.95 -28.87 -158.29 0 0 0 -24.72 22.26 -33.73 8.06 16.16 52.78 -8.32 47.8 0.75 3.01 10.72 31.33 0 0 0 31.15 17.77 -26.92 -2.32 -9.5 27.36 -4.85 -17.83 -49.85 -4.9 -13.27 40.37 0.51 0.61 -12.94 1.65 -0.3 -9.25 1.42 -0.59 -2.46 -5.71 -3.77 -17.87 -6.84 -3.14 31.37 -2.42 -3.62 13.65 0 0 0 -77 31.21 56.64 23.41 -34.54 -7.37 -0 0 -11.08 -27.76 17.34 -8.92 -7.12 0 -0 -47.18 41.98 4.75 0 0 0 70.49 -23.16 74.72 -19.57 30.13 -5.32 0 -0 -32.54 23.4 2.45 1.06 7.12 -0 -0 35.51 -25.83 20.55
-0.06 16.88 16.91 -177.71 -29.01 -158.58 0 0 0 -24.62 22.21 -33.73 8.11 16.2 52.96 -8.89 47.92 -2.32 3.35 11.24 33.09 0 0 0 31.64 16.21 -27.3 -2.32 -9.51 27.4 -4.5 -17.62 -48.45 -4.65 -12.98 39.31 1.5 0.55 -12.42 1.35 -0.52 -9.68 0.54 -0.78 -3.2 -8.79 -6.4 -15.4 -7.47 -6.21 28.85 -2.39 -5.26 12.2 -0 -0 0 -76.8 32.1 55.62 23.18 -34.29 -7.24 -0 0 -10.46 -28.2 17.91 -9.36 -7.12 0 -0 -47.81 42.36 4.23 -0 -0 0 71.06 -23.77 75.66 -19.39 29.9 -5.22 0 -0 -32.44 22.38 2.79 1.15 7.12 -0 -0 34.83 -25.66 20.14
-0.04 16.87 16.91 -177.64 -28.7 -158.7 0 0 0 -24.87 22.63 -34.22 8.21 16.27 53.3 -9.43 48.27 -4.82 3.59 11.59 34.31 0 0 0 31.69 16.46 -27.19 -2.33 -9.53 27.47 -4.52 -17.56 -48.49 -4.63 -12.95 39.19 1.44 0.49 -12.83 1.53 -0.52 -9.01 0.74 -0.73 -2.26 -12.07 -9.13 -15.75 -8.05 -8.98 27.1 -2.46 -6.76 11.8 -0 -0 0 -77.27 31.04 54.94 23.01 -34.1 -7.14 -0 0 -10.17 -27.31 16.29 -8.24 -7.12 0 -0 -46.23 41.22 5.79 -0 -0 0 70.57 -22.3 76.69 -19.58 30.13 -5.32 0 -0 -33.38 22.52 2.83 1.17 7.12 -0 -0 34.89 -25.61 20.25
-0.07 16.88 16.93 -177.16 -29.25 -159.33 0 0 0 -24.24 22.64 -33.74 8.23 16.28 53.37 -9.94 48.22 -8.85 4 12.16 36.29 0 0 0 32.58 14.07 -27.36 -2.3 -9.47 27.27 -4.16 -17.1 -46.83 -4.45 -12.73 38.38 2.59 0.26 -12.35 1.59 -0.91 -9.05 0.13 -0.97 -2.57 -13.71 -10.05 -15.11 -8.48 -9.94 26.11 -2.44 -7.35 11.42 0 0 0 -77.63 31.65 53.76 23.42 -34.54 -7.37 -0 0 -9.85 -27.19 16.8 -8.44 -7.12 0 -0 -46.47 41.64 5.17 0 0 0 70.68 -22.43 76.57 -19.61 30.17 -5.34 0 -0 -32.61 22.75 2.82 1.18 7.12 -0 -0 35.03 -25.59 20.39
-0.05 16.87 16.94 -177.04 -28.68 -159.46 0 0 0 -24.34 22.82 -33.89 8.26 16.31 53.49 -10.09 48.31 -9.74 4.01 12.17 36.35 0 0 0 32.85 13.26 -27.62 -2.32 -9.5 27.36 -3.95 -16.62 -45.67 -4.28 -12.53 37.63 2.67 0.41 -12.02 1.47 -0.76 -9.43 -0.01 -0.94 -3.15 -13.55 -9.87 -13.45 -9.48 -9.92 24.61 -2.6 -7.38 10.47 0 -0 0 -77.43 32.67 53.32 23.92 -35.08 -7.66 -0 0 -9.71 -26.99 17.08 -8.51 -7.12 0 -0 -46.53 41.89 4.78 0 -0 0 71.13 -23.21 76.32 -19.55 30.1 -5.31 0 -0 -32 22.77 2.86 1.2 7.12 -0 -0 35.02 -25.55 20.43
-0.06 16.87 16.97 -176.71 -28.59 -159.65 0 0 0 -24.04 22.66 -33.93 8.29 16.33 53.61 -9.8 48.69 -5.87 3.66 11.69 34.64 0 0 0 33.15 13.09 -27.58 -2.3 -9.46 27.23 -3.85 -16.66 -45.32 -4.25 -12.49 37.49 3.12 0.49 -12.15 1.6 -0.69 -9.35 -0.12 -0.92 -3 -12.49 -8.95 -13.02 -10.59 -8.78 23.3 -2.86 -6.83 9.78 0 0 0 -77.6 32.71 53.02 24.12 -35.29 -7.78 -0 0 -9.69 -27.08 16.53 -8.28 -7.12 0 -0 -46.24 41.44 5.44 0 0 0 70.71 -23.15 77.17 -19.84 30.45 -5.45 0 -0 -32.68 22.59 2.57 1.07 7.12 -0 -0 35.02 -25.83 20.12
-0.05 16.87 16.97 -176.88 -28.25 -159.7 0 0 0 -24.08 22.69 -33.59 8.26 16.31 53.49 -9.98 48.11 -9.72 4.17 12.38 37.08 0 0 0 33.01 13.15 -27.46 -2.31 -9.49 27.34 -3.82 -16.77 -45.27 -4.21 -12.44 37.29 2.73 0.54 -12.55 1.75 -0.53 -8.71 0.25 -0.77 -2.09 -10.99 -8.03 -14.13 -11.74 -7.39 22.49 -3.31 -6.16 9.56 0 0 0 -77.92 31.48 52.95 24.09 -35.26 -7.76 -0 0 -9.97 -27.25 16.61 -8.38 -7.12 0 -0 -46.4 41.48 5.4 0 0 0 70.07 -22.11 77.64 -20.33 31.04 -5.7 0 -0 -33.52 22.54 1.99 0.83 7.12 -0 -0 35.17 -26.34 19.7
-0.05 16.87 16.98 -176.96 -27.83 -159.66 0 0 0 -24.31 22.9 -33.5 8.19 16.26 53.26 -9.4 48.43 -4.05 3.7 11.75 34.87 0 0 0 32.78 13.32 -27.45 -2.32 -9.5 27.36 -3.78 -16.75 -45.07 -4.21 -12.44 37.31 2.74 0.67 -12.84 1.91 -0.33 -8.28 0.42 -0.63 -1.48 -10.2 -6.59 -13.85 -11.56 -5.66 20.56 -3.02 -5.13 8.82 0 0 0 -78.26 30.51 52.93 23.93 -35.09 -7.67 -0 0 -10.24 -26.85 16.38 -8.13 -7.12 0 -0 -46 41.36 5.52 0 0 0 69.65 -21.48 77.68 -20.48 31.22 -5.78 0 -0 -33.94 22.42 2.1 0.87 7.12 -0 -0 35.06 -26.26 19.7
-0.05 16.87 16.99 -176.55 -27.6 -159.82 0 0 0 -23.94 23.19 -33.79 8.28 16.32 53.57 -9 48.03 -2.7 3.69 11.73 34.8 0 0 0 33.13 13.75 -27.09 -2.26 -9.39 27.04 -3.76 -17 -45.18 -4.2 -12.42 37.24 2.92 0.94 -12.92 1.97 -0.06 -8.64 0.42 -0.54 -1.82 -8.21 -5.09 -11.89 -12.43 -4.23 19.25 -3.3 -4.28 7.93 -0 -0 0 -77.69 31.2 53.69 24.1 -35.27 -7.77 -0 0 -10.7 -26.85 17.09 -8.46 -7.12 0 -0 -46.44 41.92 4.72 -0 -0 0 69.79 -22.58 77.5 -20.61 31.37 -5.84 0 -0 -33.82 22.46 2 0.82 7.12 -0 -0 35.12 -26.35 19.65
-0.05 16.87 17 -176.53 -27.51 -159.71 0 0 0 -23.95 22.93 -33.95 8.33 16.35 53.73 -8.86 47.91 -2.19 3.69 11.73 34.8 0 0 0 33.07 14.13 -27.09 -2.25 -9.37 26.95 -3.73 -17.25 -45.23 -4.18 -12.39 37.13 3.05 1.18 -13.08 1.92 0.23 -8.62 0.33 -0.4 -1.71 -7.36 -4.07 -11.09 -11.97 -3.14 18.33 -3.09 -3.56 7.48 0 0 0 -77.47 30.83 54.08 24.02 -35.19 -7.72 -0 0 -10.91 -26.55 17.66 -8.62 -7.12 0 -0 -46.62 42.42 3.96 0 0 0 69.69 -22.68 77.6 -20.79 31.58 -5.94 0 -0 -34.68 22.27 1.91 0.78 7.12 -0 -0 35.04 -26.45 19.47
-0.04 16.87 17.02 -176.34 -27.69 -159.96 0 0 0 -23.58 22.87 -33.88 8.35 16.37 53.83 -9.27 48.11 -4.27 3.93 12.06 35.95 0 0 0 33.25 14.39 -26.84 -2.22 -9.32 26.79 -3.73 -17.66 -45.51 -4.23 -12.46 37.36 3.24 1.23 -12.92 2.11 0.3 -8.56 0.43 -0.36 -1.72 -6.44 -3.11 -10.04 -11.87 -2.16 17.32 -3.04 -2.91 6.97 0 0 0 -77.44 30.83 54.34 24.48 -35.67 -7.98 -0 0 -10.68 -26.48 17.32 -8.44 -7.12 0 -0 -46.35 42.16 4.33 0 0 0 69.36 -22.74 77.82 -20.97 31.79 -6.03 0 -0 -35.53 22.5 1.5 0.62 7.12 -0 -0 35.3 -26.78 19.33
-0.05 16.88 17.04 -176.38 -28.01 -159.88 0 0 0 -23.47 22.31 -33.72 8.31 16.34 53.68 -9.69 48.34 -6.4 4.17 12.39 37.12 0 0 0 33.07 14.8 -26.85 -2.23 -9.32 26.81 -3.88 -17.71 -46.12 -4.31 -12.57 37.76 3.42 1.42 -13.25 1.97 0.53 -8.44 0.2 -0.25 -1.41 -5.49 -2.58 -9.59 -11.26 -1.65 17.31 -2.93 -2.51 6.88 0 0 0 -77.07 30.21 54.77 24.5 -35.69 -8 -0 0 -10.39 -27.04 17.58 -8.76 -7.12 0 -0 -46.88 42.28 4.22 0 0 0 69.62 -22.83 77.73 -21.12 31.97 -6.11 0 -0 -36.24 22.01 1.95 0.79 7.12 -0 -0 34.88 -26.45 19.33
-0.04 16.88 17.08 -176.7 -27.8 -159.67 0 0 0 -23.93 21.89 -33.9 8.33 16.35 53.73 -9.19 48.35 -2.93 4.2 12.42 37.24 0 0 0 32.64 14.89 -27.19 -2.25 -9.38 26.98 -3.79 -17.98 -45.95 -4.24 -12.47 37.42 3.25 1.66 -12.75 1.71 0.86 -8.85 0.07 -0.11 -2.11 -4.35 -2.1 -8.66 -10.92 -1.24 17.65 -2.96 -2.19 6.81 0 -0 0 -76.62 30.58 55.25 24.4 -35.58 -7.94 -0 0 -10.35 -26.83 17.16 -8.49 -7.12 0 -0 -46.48 41.99 4.62 0 -0 0 69.81 -23.67 77.78 -21.33 32.21 -6.22 0 -0 -36.32 21.17 2.16 0.84 7.12 -0 -0 34.33 -26.36 18.98
-0.04 16.89 17.1 -176.47 -27.97 -159.62 0 0 0 -23.78 21.81 -34.32 8.39 16.4 53.95 -8.86 48.55 -0.34 3.66 11.69 34.64 0 0 0 32.83 14.57 -27.6 -2.25 -9.36 26.94 -3.72 -17.88 -45.6 -4.24 -12.47 37.41 3.61 1.74 -12.84 1.8 0.94 -8.76 -0.03 -0.08 -1.96 -3.77 -1.62 -9.66 -10.29 -0.56 18.94 -2.85 -1.86 7.43 -0 0 0 -76.94 30.07 54.94 24.12 -35.29 -7.78 -0 0 -10.62 -26.66 17.77 -8.71 -7.12 0 -0 -46.75 42.49 3.87 -0 0 0 69.69 -23.35 77.78 -21.35 32.23 -6.23 0 -0 -36.36 22.75 1.66 0.7 7.12 -0 -0 35.39 -26.61 19.6
-0.04 16.9 17.13 -176.51 -28.08 -159.62 0 0 0 -23.8 21.77 -34.27 8.36 16.38 53.86 -8.88 49.01 0.78 3.07 10.8 31.62 0 0 0 32.88 13.89 -28 -2.27 -9.41 27.1 -3.62 -17.65 -45.06 -4.19 -12.41 37.21 3.81 1.97 -12.58 1.74 1.25 -8.74 -0.18 0.07 -2.06 -3.65 -1.55 -10.53 -9.55 -0.45 20.27 -2.67 -1.8 8.03 -0 0 0 -76.86 29.74 55.37 23.97 -35.13 -7.69 -0 0 -10.69 -26.99 17.9 -8.9 -7.12 0 -0 -47.06 42.54 3.82 -0 0 0 69.7 -23.42 77.57 -21.42 32.32 -6.27 0 -0 -36.67 21.98 1.96 0.79 7.12 -0 -0 34.86 -26.45 19.33
-0.03 16.9 17.15 -176.74 -28.05 -159.48 0 0 0 -24.07 21.81 -34.34 8.35 16.37 53.81 -9.1 48.99 -0.5 3.29 11.15 32.79 0 0 0 32.64 13.81 -28.19 -2.28 -9.42 27.13 -3.57 -17.74 -44.92 -4.11 -12.31 36.84 3.48 2.05 -12.56 1.72 1.39 -8.77 -0 0.15 -2.11 -3.38 -1.26 -10.71 -8.75 -0.17 21.15 -2.44 -1.61 8.37 0 -0 0 -76.76 29.9 55.38 24.18 -35.36 -7.81 -0 0 -10.63 -27.35 17.97 -9.07 -7.12 0 -0 -47.32 42.55 3.86 0 -0 0 69.71 -23.64 77.3 -21.34 32.22 -6.23 0 -0 -36.39 21.93 2.32 0.93 7.12 -0 -0 34.72 -26.13 19.54
-0.01 16.9 17.18 -176.9 -27.75 -159.47 0 0 0 -24.39 21.92 -34.49 8.38 16.39 53.9 -8.6 48.58 1.21 3.09 10.84 31.74 0 0 0 32.5 13.66 -28.36 -2.29 -9.45 27.22 -3.44 -17.77 -44.4 -4.1 -12.3 36.78 3.12 2.13 -12.15 1.71 1.54 -8.97 0.2 0.23 -2.55 -3.79 -0.9 -11.2 -7.46 0.23 22.5 -1.94 -1.4 8.93 -0 -0 0 -76.78 30.21 55.17 24.18 -35.35 -7.81 -0 0 -10.63 -27.08 17.82 -8.89 -7.12 0 -0 -47.06 42.47 3.95 -0 -0 0 69.52 -24.03 77.62 -21.43 32.33 -6.28 0 -0 -36.84 22.3 1.86 0.76 7.12 -0 -0 35.07 -26.49 19.46
0.01 16.9 17.19 -176.53 -27.78 -159.79 0 0 0 -23.88 21.88 -34.49 8.45 16.44 54.17 -9.09 48.45 -2 3.71 11.77 34.91 0 0 0 32.91 13.92 -28.01 -2.25 -9.36 26.94 -3.44 -17.96 -44.52 -4.09 -12.28 36.73 3.33 2.24 -11.68 1.82 1.67 -9.25 0.2 0.27 -3.1 -3.49 -0.66 -11.29 -7.1 0.43 23.68 -1.88 -1.32 9.35 0 -0 0 -76.52 30.81 55.48 24.12 -35.29 -7.78 -0 0 -10.89 -26.88 17.65 -8.74 -7.12 0 -0 -46.82 42.36 4.09 0 -0 0 69.47 -24.83 78.08 -21.45 32.35 -6.29 0 -0 -37.38 21.91 1.88 0.75 7.12 -0 -0 34.84 -26.53 19.23
0.03 16.91 17.2 -176.93 -27.76 -159.49 0 0 0 -24.27 21.73 -34.51 8.41 16.41 54.03 -9.34 47.42 -7.4 5.79 14.23 44.15 0 0 0 32.57 13.65 -28.46 -2.29 -9.45 27.21 -3.45 -17.65 -44.37 -4.14 -12.34 36.96 2.9 2.39 -11.68 1.79 1.93 -9.14 0.43 0.43 -2.99 -4.16 -0.59 -12.61 -6.03 0.57 25.02 -1.43 -1.27 10.08 0 0 0 -76.49 30.3 56.01 24.09 -35.26 -7.76 -0 0 -10.95 -27.1 17.71 -8.85 -7.12 0 -0 -47 42.38 4.08 0 0 0 69.2 -24.5 77.99 -21.38 32.27 -6.25 0 -0 -38.4 20.75 2.49 0.94 7.12 -0 -0 33.98 -26.11 18.95
0.06 16.91 17.21 -176.65 -27.87 -159.34 0 0 0 -24.12 21.94 -35.21 8.49 16.47 54.32 -9.46 48.23 -5.16 4 12.16 36.29 0 0 0 32.83 14.2 -28.53 -2.26 -9.4 27.04 -3.47 -17.95 -44.63 -4.18 -12.39 37.14 2.83 2.56 -11.86 1.86 2.12 -9.28 0.57 0.52 -3.04 -4.34 -0.71 -13.36 -5.36 0.33 26.43 -1.24 -1.4 10.74 -0 -0 0 -76.21 30.27 56.58 24.32 -35.5 -7.89 -0 0 -10.69 -27.29 17.51 -8.82 -7.12 0 -0 -46.99 42.19 4.38 -0 -0 0 69.59 -24.92 76.7 -21.03 31.87 -6.07 0 -0 -38.21 21.84 1.6 0.64 7.12 -0 -0 34.89 -26.77 19
0.07 16.91 17.22 -176.92 -28.02 -158.64 0 0 0 -24.63 21.71 -35.98 8.47 16.46 54.25 -9.45 48.63 -3.71 4.11 12.3 36.81 0 0 0 32.56 13.89 -29.35 -2.25 -9.36 26.93 -3.38 -17.67 -44.08 -4.08 -12.26 36.68 2.6 2.6 -12.46 1.64 2.09 -9.64 0.48 0.48 -3.1 -3.52 -0.52 -13.15 -5.1 0.27 27.34 -1.31 -1.37 11.03 -0 -0 0 -75.81 30.38 57.06 24.18 -35.35 -7.81 -0 0 -11 -26.86 17.1 -8.47 -7.12 0 -0 -46.46 41.93 4.71 -0 -0 0 69.73 -25.1 77.38 -20.78 31.57 -5.94 0 -0 -39.35 21.6 1.92 0.76 7.12 -0 -0 34.65 -26.52 19.07
0.09 16.93 17.22 -177.47 -27.87 -158.62 0 0 0 -25.13 22.43 -35.73 8.34 16.36 53.78 -9.11 48.75 -1.2 4.54 12.84 38.78 0 0 0 31.96 14.36 -28.82 -2.21 -9.3 26.73 -3.51 -17.71 -44.64 -4.15 -12.36 37.01 1.88 2.4 -12.11 1.56 1.91 -9.77 0.78 0.42 -3.46 -3.89 -0.21 -13.52 -4.15 0.51 28.53 -0.91 -1.26 11.56 -0 -0 0 -75.85 30.87 56.72 24.49 -35.67 -7.99 -0 0 -10.78 -27.38 17.17 -8.69 -7.12 0 -0 -46.83 41.9 4.82 -0 -0 0 70.16 -25.53 75.75 -20.38 31.1 -5.73 0 -0 -38.4 22.88 1.57 0.66 7.12 -0 -0 35.49 -26.68 19.61
0.1 16.94 17.23 -177.2 -28.29 -158.77 0 0 0 -24.82 22.38 -35.84 8.36 16.38 53.85 -8.92 48.94 0.41 4.39 12.66 38.12 0 0 0 32.39 13.86 -28.82 -2.16 -9.18 26.37 -3.47 -17.63 -44.43 -4.11 -12.31 36.84 2.29 2.37 -11.94 1.55 1.84 -9.84 0.52 0.35 -3.61 -3.94 -0.19 -14.13 -3.61 0.41 29.49 -0.74 -1.29 12.05 0 0 0 -75.7 30.77 56.67 24.28 -35.46 -7.87 -0 0 -10.71 -27.32 16.53 -8.36 -7.12 0 -0 -46.39 41.41 5.53 0 0 0 70.48 -25.52 75.24 -20.11 30.77 -5.59 0 -0 -38.45 23.09 1.8 0.77 7.12 -0 -0 35.54 -26.45 19.9
0.13 16.94 17.24 -177.12 -28.66 -158.84 0 0 0 -24.69 22.14 -35.91 8.34 16.37 53.79 -9.05 49.23 0.45 4.28 12.52 37.6 0 0 0 32.48 14.11 -28.82 -2.15 -9.18 26.35 -3.51 -17.88 -44.75 -4.16 -12.37 37.04 2.25 2.3 -12.03 1.45 1.72 -10.07 0.43 0.27 -3.8 -3.48 -0.06 -13.56 -3.26 0.26 29.95 -0.72 -1.3 12.11 0 0 0 -75.17 31.22 57.18 24.48 -35.67 -7.99 -0 0 -10.95 -27.76 16.82 -8.66 -7.12 0 -0 -46.84 41.57 5.36 0 0 0 70.82 -26.21 75.31 -20.22 30.91 -5.65 0 -0 -38.62 23.33 1.46 0.63 7.12 -0 -0 35.78 -26.71 19.82
0.14 16.95 17.26 -177.36 -28.75 -158.73 0 0 0 -24.97 21.97 -35.94 8.31 16.35 53.69 -9 48.81 -0.44 3.67 11.71 34.71 0 0 0 32.23 14.19 -28.92 -2.15 -9.17 26.34 -3.57 -17.8 -44.95 -4.22 -12.44 37.31 2.06 2.27 -11.92 1.42 1.73 -9.94 0.5 0.3 -3.73 -3.39 -0.04 -14.11 -3.2 0.29 30.3 -0.72 -1.28 12.37 -0 0 0 -75.17 30.92 57.63 24.55 -35.74 -8.02 -0 0 -10.94 -27.72 16.46 -8.47 -7.12 0 -0 -46.59 41.28 5.76 -0 0 0 70.65 -25.91 75.56 -20.46 31.19 -5.77 0 -0 -38.73 22.84 2.02 0.85 7.12 -0 -0 35.33 -26.29 19.9
0.15 16.96 17.28 -176.99 -28.85 -159.15 0 0 0 -24.44 21.57 -35.47 8.3 16.33 53.63 -7.84 47.71 3.26 4.14 12.34 36.96 0 0 0 32.74 13.51 -28.78 -2.11 -9.08 26.05 -3.37 -17.81 -44.15 -4.12 -12.31 36.85 2.4 2.19 -11.68 1.6 1.6 -9.95 0.49 0.23 -3.86 -3.31 0.11 -13.66 -3.03 0.38 30.38 -0.66 -1.23 12.3 0 -0 0 -75.54 31.12 57.74 24.53 -35.72 -8.01 -0 0 -11 -27.67 17.51 -8.96 -7.12 0 -0 -47.22 42.13 4.52 0 -0 0 70.08 -26.13 76.96 -20.87 31.67 -5.98 0 -0 -39.12 21.45 2.56 1 7.12 -0 -0 34.36 -25.98 19.4
0.16 16.95 17.29 -177.61 -28.74 -158.88 0 0 0 -25.01 21.06 -35.31 8.29 16.32 53.58 -5.77 47.5 12.8 1.76 8.36 23.81 0 0 0 31.83 14.81 -28.6 -2.14 -9.16 26.3 -3.7 -17.88 -45.52 -4.37 -12.64 38.04 1.61 2.19 -11.92 1.45 1.68 -9.83 0.78 0.32 -3.63 -3.49 0.01 -13.94 -2.65 0.13 30.97 -0.53 -1.34 12.6 -0 0 0 -75.37 30.81 58.44 24.59 -35.79 -8.05 -0 0 -11.14 -28.27 18 -9.43 -7.12 0 -0 -47.91 42.42 4.15 -0 0 0 69.59 -25.57 78.01 -21.32 32.2 -6.22 0 -0 -40 21.05 2.54 0.98 7.12 -0 -0 34.14 -26.04 19.15
0.15 16.95 17.31 -177.29 -29.48 -159.09 0 0 0 -24.55 20.74 -35.11 8.35 16.37 53.8 -4.42 44.89 14.91 1.59 7.97 22.61 0 0 0 32.28 13.88 -28.76 -2.12 -9.11 26.15 -3.84 -17.03 -45.53 -4.46 -12.75 38.44 2.14 2.08 -11.85 1.41 1.45 -10.14 0.43 0.14 -3.98 -2.87 0.11 -12.99 -2.59 -0.06 31.29 -0.65 -1.39 12.53 0 0 0 -75.13 31.42 58.76 24.81 -36.01 -8.18 -0 0 -10.91 -27.78 17.29 -8.9 -7.12 0 -0 -47.15 41.94 4.82 0 0 0 69.75 -26.55 78.12 -21.64 32.56 -6.39 0 -0 -38.91 20.96 3.16 1.21 7.12 -0 -0 33.9 -25.5 19.5
0.13 16.95 17.31 -177.14 -29.13 -159.98 0 0 0 -24.42 21.85 -34.14 8.26 16.31 53.5 -5.1 45.11 12.1 1.91 8.69 24.82 0 0 0 32.5 13.52 -27.88 -2.15 -9.16 26.3 -3.89 -16.66 -45.47 -4.55 -12.86 38.84 2.3 2.22 -11.37 1.41 1.72 -9.77 0.35 0.31 -3.83 -3.47 0.02 -13.62 -1.74 -0.32 32.09 -0.28 -1.5 13 -0 -0 0 -75.16 31.3 58.65 25.23 -36.44 -8.43 -0 0 -10.88 -27.61 17.72 -9.04 -7.12 0 -0 -47.32 42.31 4.25 -0 -0 0 69.46 -26.35 78.9 -22.1 33.09 -6.64 0 -0 -38.55 19.43 4.26 1.5 7.12 -0 -0 32.69 -24.68 19.28
0.13 16.94 17.32 -176.72 -29.33 -160.03 0 0 0 -24.21 21.71 -34.39 8.33 16.36 53.74 -5.48 45.3 10.56 2.16 9.18 26.37 0 0 0 32.63 14.73 -27.54 -2.11 -9.09 26.07 -4.09 -17.12 -46.55 -4.76 -13.11 39.77 2.48 2.31 -11.83 1.56 1.79 -9.66 0.42 0.34 -3.46 -3.14 0 -13.5 -1.77 -0.46 32.23 -0.37 -1.53 13.02 -0 -0 0 -75.1 31.03 58.88 25.57 -36.78 -8.63 -0 0 -11.12 -28.16 19.09 -9.93 -7.12 0 -0 -48.58 43.3 2.79 -0 -0 0 68.54 -26.23 80.71 -23.65 34.79 -7.5 0 -0 -39.19 16.96 4.35 1.33 7.12 -0 -0 31.18 -24.81 17.92
0.09 16.94 17.36 -177.03 -29.88 -159.69 0 0 0 -24.74 20.88 -34.48 8.35 16.37 53.82 -6 45.78 8.82 2.1 9.08 26.03 0 0 0 32.63 12.78 -28.54 -2.1 -9.08 26.04 -3.78 -16.81 -45.15 -4.54 -12.84 38.77 2.61 2.1 -12.17 1.65 1.51 -9.41 0.41 0.22 -3.02 -3.63 0.01 -14.04 -1.51 -0.35 32.38 -0.17 -1.5 13.21 0 0 0 -75.67 30.54 58.34 25.59 -36.8 -8.64 -0 0 -11.19 -28.29 19.2 -10.04 -7.12 0 -0 -48.74 43.37 2.68 0 0 0 67.36 -25.33 81.58 -25.85 37.06 -8.79 0 -0 -40.53 20.7 -0.02 -0.01 7.12 -0 -0 34.75 -28.34 17.22
0.08 16.93 17.36 -176.19 -29.71 -160.51 0 0 0 -24.04 21.89 -34.43 8.45 16.44 54.15 -6.45 45.9 6.77 2.28 9.43 27.14 0 0 0 33.32 12.92 -27.86 -2.08 -9.03 25.9 -3.92 -16.22 -45.32 -4.79 -13.14 39.91 3.32 2.24 -11.99 1.92 1.7 -8.9 0.32 0.33 -2.56 -3.8 -0.04 -15.08 -1.33 -0.31 32.58 -0.07 -1.46 13.52 0 0 0 -76.01 29.86 58.08 25.5 -36.71 -8.59 -0 0 -11.59 -28.26 19.37 -10.11 -7.12 0 -0 -48.84 43.5 2.47 0 0 0 66.09 -23.5 83.67 -27.37 38.53 -9.73 0 -0 -40.76 20.34 -0.65 -0.24 7.12 -0 -0 34.74 -28.93 16.59
0.07 16.93 17.38 -176.37 -30.07 -160.17 0 0 0 -24.39 21.46 -34.88 8.51 16.48 54.37 -5.87 45.69 9.3 1.74 8.31 23.65 0 0 0 33.08 12.83 -28.53 -2.13 -9.14 26.22 -3.82 -16.73 -45.23 -4.69 -13.03 39.48 3.51 2.44 -12.1 1.6 1.95 -8.93 -0.1 0.44 -2.52 -3.87 -0.32 -15.24 -0.86 -0.85 32.74 0.04 -1.64 13.63 0 0 0 -75.39 29.47 59.02 25.19 -36.4 -8.4 -0 0 -11.56 -27.9 18.01 -9.29 -7.12 0 -0 -47.69 42.49 4.01 0 0 0 66.5 -23.64 82.71 -28.1 39.21 -10.19 0 -0 -40.26 20.93 -1.7 -0.65 7.12 -0 -0 35.45 -29.78 16.16
0.06 16.92 17.41 -176.11 -30.28 -160.01 0 0 0 -24.17 20.81 -35.3 8.59 16.54 54.68 -7.42 46.71 3.2 2.59 9.99 28.95 0 0 0 33.28 12.82 -28.85 -2.1 -9.08 26.03 -3.74 -16.86 -45 -4.7 -13.04 39.5 3.59 2.18 -12.33 1.97 1.55 -9 0.22 0.23 -2.48 -3.89 -0.07 -14.85 -0.79 -0.56 32.71 0.11 -1.52 13.53 -0 -0 0 -76.46 29.68 57.94 25.05 -36.25 -8.32 -0 0 -11.72 -28.01 18.41 -9.54 -7.12 0 -0 -48.03 42.79 3.56 -0 -0 0 65.66 -23.41 83.4 -28.41 39.49 -10.38 0 -0 -39.5 20.44 -1.21 -0.45 7.12 -0 -0 34.98 -29.41 16.25
0.06 16.92 17.39 -175.86 -29.83 -160.79 0 0 0 -23.78 21.87 -34.84 8.54 16.5 54.49 -7.68 47.39 3.35 2.69 10.17 29.53 0 0 0 33.44 13.49 -27.78 -2.11 -9.09 26.09 -3.81 -17.31 -45.58 -4.64 -12.97 39.25 3.5 2.49 -11.86 1.76 2.04 -8.82 0.09 0.49 -2.53 -3.82 -0.34 -14.5 -0.04 -1.33 33.04 0.27 -1.77 13.61 -0 0 0 -75.71 29.66 58.65 25.25 -36.46 -8.44 -0 0 -12.1 -28.2 19.21 -10.01 -7.12 0 -0 -48.69 43.38 2.65 -0 0 0 65.75 -23.2 83.47 -28.62 39.68 -10.52 0 -0 -40.38 20.12 -0.66 -0.24 7.12 -0 -0 34.6 -28.95 16.46
0.05 16.94 17.41 -176.34 -30.31 -160.2 0 0 0 -24.06 20.96 -34.85 8.46 16.45 54.21 -6.42 47.17 9.28 2.05 8.96 25.68 0 0 0 32.76 13.74 -28.31 -2.13 -9.14 26.23 -3.91 -17.46 -46.07 -4.7 -13.04 39.52 3.27 2.16 -12.14 1.7 1.61 -8.84 0.11 0.29 -2.41 -3.74 -0.22 -14.76 0.22 -1.33 33.57 0.35 -1.76 13.9 -0 -0 0 -76.14 29.7 57.57 25.17 -36.38 -8.39 -0 0 -11.99 -28.05 18.41 -9.55 -7.12 0 -0 -48.05 42.78 3.58 -0 -0 0 65.11 -22.55 84.59 -28.91 39.94 -10.7 0 -0 -41.46 20.35 -1.33 -0.49 7.12 -0 -0 34.97 -29.52 16.11
0.02 16.95 17.41 -176.03 -30.06 -160.2 0 0 0 -23.78 20.81 -35.04 8.5 16.47 54.34 -6.8 47.27 7.67 2.54 9.91 28.68 0 0 0 33.2 12.93 -28.56 -2.1 -9.07 26 -3.61 -17.57 -44.95 -4.46 -12.75 38.44 3.67 2.42 -12.29 1.55 1.88 -8.99 -0.23 0.38 -2.47 -3.4 -0.32 -14.24 0.31 -1.73 33.82 0.26 -1.91 13.9 0 0 0 -75.76 29.93 57.57 25.04 -36.24 -8.31 -0 0 -11.95 -27.89 18.14 -9.35 -7.12 0 -0 -47.77 42.59 3.85 0 0 0 65.72 -23.55 84.19 -28.92 39.95 -10.71 0 -0 -41.09 20.67 -1.72 -0.65 7.12 -0 -0 35.3 -29.82 16.01
0.02 16.94 17.39 -176.34 -29.65 -160.18 0 0 0 -24.08 21.18 -34.74 8.44 16.43 54.13 -6.65 46.81 7.5 3.16 10.94 32.09 0 0 0 32.87 13.22 -28.39 -2.16 -9.19 26.38 -3.67 -17.56 -45.21 -4.43 -12.71 38.31 2.96 2.57 -12.78 1.57 2.17 -8.5 0.23 0.6 -1.71 -3.63 -0.64 -14.67 0.39 -2.14 34.02 0.26 -2.1 14.1 -0 -0 0 -75.87 28.93 57.54 24.78 -35.98 -8.16 -0 0 -11.86 -28.17 18.01 -9.4 -7.12 0 -0 -47.87 42.45 4.09 -0 -0 0 65.16 -22.32 85.46 -29.23 40.22 -10.91 0 -0 -43.11 19.99 -2.21 -0.8 7.12 -0 -0 35.05 -30.32 15.3
0.03 16.94 17.43 -176.3 -30.08 -159.1 0 0 0 -24.35 19.72 -35.96 8.47 16.46 54.25 -6.81 47.7 8.44 2.28 9.42 27.13 0 0 0 32.72 13.45 -29.84 -2.15 -9.17 26.33 -3.63 -17.5 -44.99 -4.47 -12.77 38.5 3.24 2.6 -13.03 1.3 2.07 -9.27 -0.22 0.46 -2.37 -3.11 -0.65 -14.11 0.31 -2.49 34.66 0.06 -2.26 14.26 -0 -0 0 -74.98 29.68 58.15 25.39 -36.6 -8.52 -0 0 -12.48 -28.9 18.78 -10.08 -7.12 0 -0 -48.83 42.94 3.4 -0 -0 0 65.88 -23.3 85.16 -29.02 40.04 -10.77 0 -0 -42.4 21.24 -2.42 -0.94 7.12 -0 -0 35.9 -30.37 15.8
-0 16.92 17.39 -175.79 -29.08 -160.42 0 0 0 -23.84 21.46 -34.82 8.46 16.45 54.19 -6.56 47.37 9.02 2.17 9.21 26.44 0 0 0 33.36 13 -28.21 -2.11 -9.09 26.06 -3.5 -17.41 -44.39 -4.39 -12.67 38.13 3.4 2.64 -12.65 1.74 2.23 -8.39 0.16 0.62 -1.65 -3.85 -0.63 -15.5 0.65 -2.3 35.29 0.34 -2.23 14.89 0 0 0 -75.9 28.87 56.99 25.3 -36.51 -8.47 -0 0 -13.16 -29.75 19.17 -10.63 -7.12 0 -0 -49.62 43.11 3.22 0 0 0 64.61 -21.54 87.09 -29.33 40.31 -10.97 0 -0 -44.09 21.18 -2.57 -0.99 7.12 -0 -0 35.91 -30.51 15.66
-0.01 16.92 17.38 -175.87 -28.89 -160.12 0 0 0 -24.13 21.43 -35.05 8.46 16.45 54.21 -7.04 47.29 6.51 2.69 10.18 29.56 0 0 0 33.29 12.79 -28.63 -2.15 -9.16 26.3 -3.5 -16.98 -44.09 -4.36 -12.63 37.99 3.33 2.78 -13.09 1.57 2.4 -8.27 0.06 0.72 -1.28 -3.52 -0.9 -15.51 0.65 -2.83 35.28 0.19 -2.4 14.9 0 0 0 -75.57 28.48 57.62 25.12 -36.33 -8.36 -0 0 -12.7 -28.53 18.68 -9.88 -7.12 0 -0 -48.54 42.92 3.4 0 0 0 64.81 -21.32 86.85 -29.36 40.34 -10.99 0 -0 -44.72 20.62 -2.11 -0.79 7.12 -0 -0 35.41 -30.17 15.7
-0.02 16.91 17.37 -175.76 -28.64 -160.35 0 0 0 -24.08 21.67 -34.86 8.45 16.44 54.16 -7.11 47.28 6.12 3.17 10.96 32.15 0 0 0 33.28 13.26 -28.28 -2.15 -9.18 26.36 -3.46 -17.4 -44.24 -4.32 -12.58 37.81 3.29 2.73 -12.97 1.64 2.35 -8.26 0.14 0.69 -1.33 -3.64 -0.95 -15.2 0.98 -3.1 35.48 0.3 -2.52 14.93 -0 -0 0 -75.83 28.54 57.21 25.05 -36.26 -8.32 -0 0 -12.72 -28.38 18.4 -9.68 -7.12 0 -0 -48.25 42.72 3.7 -0 -0 0 64.79 -21.43 86.59 -29.32 40.31 -10.97 0 -0 -44.45 20.55 -2.06 -0.77 7.12 -0 -0 35.35 -30.13 15.7
-0.03 16.91 17.34 -175.67 -28.84 -160.11 0 0 0 -24.03 21.64 -35.11 8.46 16.45 54.21 -7.21 47.24 5.5 3.25 11.08 32.57 0 0 0 33.41 13.05 -28.59 -2.16 -9.2 26.41 -3.45 -17.33 -44.14 -4.24 -12.47 37.42 3.23 2.61 -13.43 1.73 2.14 -8.38 0.25 0.57 -1.23 -3.24 -0.99 -14.43 0.74 -3.35 35.57 0.09 -2.65 14.8 -0 0 0 -76.07 28.52 57.16 24.63 -35.82 -8.07 -0 0 -12.51 -28.14 18.34 -9.55 -7.12 0 -0 -48.06 42.71 3.69 -0 0 0 64.57 -21.62 86.71 -29.6 40.55 -11.15 0 -0 -44.5 20.77 -2.29 -0.87 7.12 -0 -0 35.56 -30.31 15.65
-0.03 16.91 17.31 -175.75 -28.65 -160.28 0 0 0 -23.94 22.22 -34.77 8.4 16.4 53.98 -7.39 47.51 5.16 3.42 11.35 33.46 0 0 0 33.35 13.39 -28.11 -2.16 -9.2 26.42 -3.53 -17.46 -44.54 -4.26 -12.5 37.53 2.71 2.37 -13.26 2 1.87 -8.39 0.78 0.47 -1.36 -3.3 -1.03 -14.62 0.54 -3.45 36.23 -0.02 -2.77 15.15 0 0 0 -76.52 28.87 57.08 25.06 -36.27 -8.33 -0 0 -12.61 -28.24 18.97 -9.91 -7.12 0 -0 -48.56 43.19 2.95 0 0 0 64.21 -21.83 86.23 -29.75 40.68 -11.24 0 -0 -43.28 20.87 -1.6 -0.61 7.12 -0 -0 35.38 -29.7 16.2
-0.05 16.91 17.29 -176.09 -28.68 -159.91 0 0 0 -24.04 21.9 -34.68 8.35 16.37 53.81 -6.21 46.9 9.83 2.55 9.93 28.74 0 0 0 33.51 11.31 -29.16 -2.21 -9.29 26.69 -3.15 -17.06 -42.69 -3.81 -11.9 35.4 2.09 2.16 -13.91 2.08 1.64 -8.29 1.2 0.37 -0.93 -3.47 -1.4 -14.5 0.51 -4.06 36.42 -0.12 -3.08 15.24 0 -0 0 -76.78 28.7 57.05 25.2 -36.4 -8.41 -0 0 -12.65 -28.12 19.5 -10.12 -7.12 0 -0 -48.84 43.62 2.27 0 -0 0 63.76 -21.66 86.68 -30.19 41.06 -11.53 0 -0 -43.73 20.63 -2.03 -0.76 7.12 -0 -0 35.38 -30.1 15.76
-0.06 16.92 17.27 -175.75 -28.86 -159.61 0 0 0 -23.29 20.83 -34.76 8.32 16.35 53.7 -3.37 45.54 20.25 0.89 6 16.79 0 0 0 33.89 11.28 -29.42 -2.16 -9.2 26.42 -3.15 -16.96 -42.6 -3.72 -11.78 34.95 2.29 2.11 -14.41 2.2 1.49 -8.36 1.21 0.28 -0.73 -3.42 -1.46 -14.66 0.54 -4.28 36.87 -0.17 -3.19 15.5 -0 0 0 -76.89 28.64 56.8 25.2 -36.41 -8.41 -0 0 -12.21 -28.2 17.77 -9.3 -7.12 0 -0 -47.73 42.25 4.4 -0 0 0 63.51 -21.6 86.82 -30.75 41.53 -11.91 0 -0 -42.6 20.89 -1.99 -0.76 7.12 -0 -0 35.53 -30.04 15.93
-0.05 16.92 17.26 -175.55 -28.78 -159.69 0 0 0 -22.41 20.1 -34.36 8.29 16.33 53.59 -3.91 45.99 18.59 1.94 8.75 25.01 0 0 0 34.17 11.15 -29.39 -2.15 -9.18 26.35 -3.03 -17.2 -42.24 -3.47 -11.42 33.72 2.09 2.06 -14.21 2.49 1.42 -8.48 1.62 0.25 -0.99 -3.76 -1.41 -14.32 0.77 -4.37 37.32 -0.04 -3.29 15.66 0 -0 0 -77.51 28.57 56.63 25.04 -36.24 -8.31 -0 0 -12.2 -27.6 17.36 -8.87 -7.12 0 -0 -47.09 42.03 4.66 0 -0 0 63.15 -21.85 86.61 -31.3 41.98 -12.27 0 -0 -40.66 22.36 -3.27 -1.34 7.12 -0 -0 36.88 -30.98 15.76
-0.06 16.93 17.25 -176.14 -28.55 -159.34 0 0 0 -22.43 19.21 -33.85 8.2 16.26 53.28 -2.57 44.76 22.58 1.76 8.35 23.77 0 0 0 33.46 11.59 -29.4 -2.18 -9.24 26.54 -3.1 -17.48 -42.75 -3.47 -11.42 33.73 1.43 2.1 -14.22 2.32 1.57 -8.49 1.83 0.35 -1 -3.74 -1.56 -14.17 0.85 -4.75 37.59 -0.09 -3.47 15.78 -0 -0 0 -77.46 28.42 56.62 25.1 -36.31 -8.35 -0 0 -11.95 -28.11 18.1 -9.42 -7.12 0 -0 -47.89 42.53 3.97 -0 -0 0 63.31 -22.04 86.5 -31.64 42.26 -12.5 0 -0 -39.71 22.49 -3.05 -1.26 7.12 -0 -0 36.87 -30.77 16
-0.05 16.94 17.26 -175.86 -28.74 -158.87 0 0 0 -21.92 18.06 -34.42 8.28 16.32 53.55 -1.24 43.19 26.29 1.14 6.78 19.06 0 0 0 33.51 12.33 -29.82 -2.15 -9.17 26.34 -3.07 -18.01 -43.02 -3.43 -11.37 33.53 1.68 2.17 -14.49 2.39 1.58 -8.68 1.77 0.33 -1.06 -3.65 -1.68 -14.05 0.66 -5 37.87 -0.24 -3.61 15.89 -0 -0 0 -77.78 28.35 56.04 24.67 -35.87 -8.1 -0 0 -11.59 -27.34 17.74 -8.96 -7.12 0 -0 -47.17 42.37 4.13 -0 -0 0 63.31 -21.9 87.01 -31.6 42.23 -12.47 0 -0 -39.71 21 -2.26 -0.87 7.12 -0 -0 35.69 -30.26 15.79
-0.06 16.94 17.28 -175.95 -27.88 -158.78 0 0 0 -22.3 18.5 -34.48 8.23 16.28 53.38 -1.54 43.76 25.66 1.35 7.35 20.76 0 0 0 33.21 12.63 -29.75 -2.15 -9.17 26.32 -2.97 -18.01 -42.58 -3.44 -11.38 33.57 1.57 2.26 -14.26 2.5 1.74 -8.57 1.96 0.42 -1.07 -3.69 -1.55 -13.98 0.58 -4.76 37.84 -0.22 -3.53 15.85 -0 -0 0 -78.52 28.55 54.47 24.91 -36.11 -8.23 -0 0 -11.56 -27.69 18.86 -9.63 -7.12 0 -0 -48.13 43.19 2.91 -0 -0 0 63.19 -21.46 87.33 -31.46 42.11 -12.38 0 -0 -39.01 21.92 -3.28 -1.32 7.12 -0 -0 36.62 -31.04 15.52
-0.07 16.95 17.3 -176.36 -27.09 -158.58 0 0 0 -23.15 19.05 -34.59 8.14 16.22 53.08 -0.28 41.72 28.81 0.84 5.86 16.38 0 0 0 32.67 12.74 -29.8 -2.17 -9.2 26.43 -2.85 -18.08 -42.14 -3.44 -11.38 33.57 1.36 2.34 -14.06 2.35 1.91 -8.39 1.94 0.52 -0.99 -3.66 -1.4 -14.06 0.64 -4.55 37.77 -0.16 -3.42 15.82 0 0 0 -78.94 28.17 52.9 24.59 -35.78 -8.05 -0 0 -11.88 -28.79 20.11 -10.7 -7.12 0 -0 -49.69 43.99 1.71 0 0 0 63.32 -21.19 87.77 -31.39 42.06 -12.33 0 -0 -38.79 22.63 -3.59 -1.49 7.12 -0 -0 37.16 -31.22 15.66
-0.1 16.96 17.31 -175.91 -26.78 -158.74 0 0 0 -23.08 19.88 -34.89 8.18 16.25 53.2 -0.84 42.23 27.04 1.09 6.64 18.65 0 0 0 33.1 12.37 -29.72 -2.12 -9.11 26.15 -2.76 -17.83 -41.51 -3.26 -11.1 32.63 2.22 2.65 -14.14 2.27 2.24 -8.11 1.42 0.67 -0.62 -3.54 -1.48 -14.45 0.6 -4.63 37.81 -0.22 -3.42 15.94 0 -0 0 -78.74 27.53 52.39 23.85 -35.01 -7.62 -0 0 -11.84 -27.49 18.23 -9.25 -7.12 0 -0 -47.59 42.73 3.6 0 -0 0 63.64 -20.89 87.72 -31.33 42.01 -12.29 0 -0 -39.31 22.52 -3.41 -1.41 7.12 -0 -0 37.03 -31.08 15.74
-0.12 16.95 17.32 -175.49 -26.64 -159.03 0 0 0 -22.94 20.56 -35.07 8.26 16.31 53.5 -1.72 42.94 24.19 1.46 7.64 21.62 0 0 0 33.54 12.05 -29.61 -2.11 -9.08 26.05 -2.67 -17.69 -41.03 -3.34 -11.23 33.06 2.8 2.75 -14.12 2.37 2.32 -7.94 1.21 0.7 -0.43 -3.19 -1.43 -14.22 0.28 -4.6 37.84 -0.41 -3.42 15.87 -0 -0 0 -78.68 27.26 52.23 23.55 -34.68 -7.45 -0 0 -12.15 -27.49 17.3 -8.8 -7.12 0 -0 -46.98 41.99 4.7 -0 -0 0 63.66 -20.83 87.62 -31.37 42.04 -12.31 0 -0 -39.89 23.09 -3.2 -1.37 7.12 -0 -0 37.29 -30.83 16.21
-0.13 16.95 17.33 -175.99 -26.34 -158.75 0 0 0 -23.86 20.98 -35.17 8.22 16.28 53.35 -1.03 41.61 25.73 1.03 6.45 18.11 0 0 0 32.87 12.04 -29.92 -2.16 -9.19 26.4 -2.76 -17.29 -41.12 -3.3 -11.16 32.82 2.45 2.6 -14.05 2.41 2.16 -7.96 1.43 0.63 -0.51 -3.11 -1.16 -14.12 0 -4.19 38.12 -0.49 -3.3 15.97 0 0 0 -79.18 27.41 51.65 23.32 -34.43 -7.32 -0 0 -11.95 -27.45 18.23 -9.23 -7.12 0 -0 -47.56 42.73 3.59 0 0 0 63.3 -20.97 87.28 -31.6 42.23 -12.47 0 -0 -39.21 23.99 -3.11 -1.38 7.12 -0 -0 37.78 -30.63 16.79
-0.14 16.94 17.35 -175.43 -26.47 -159.22 0 0 0 -23.33 21.24 -35.22 8.38 16.39 53.91 -0.97 40.62 25.13 1.08 6.61 18.55 0 0 0 33.47 11.87 -29.62 -2.14 -9.15 26.25 -2.75 -17.32 -41.08 -3.24 -11.08 32.54 3.14 2.57 -13.69 2.58 2.05 -7.94 1.19 0.56 -0.67 -2.74 -1 -13.81 -0.31 -3.98 38.09 -0.65 -3.22 15.86 -0 0 0 -79.42 27.48 51.25 23.13 -34.23 -7.21 -0 0 -11.79 -27.46 17.94 -9.1 -7.12 0 -0 -47.38 42.51 3.93 -0 0 0 62.92 -20.98 87.88 -31.92 42.48 -12.69 0 -0 -40.29 22.74 -2.59 -1.09 7.12 -0 -0 36.85 -30.34 16.49
-0.15 16.93 17.38 -175.41 -26.57 -159.42 0 0 0 -23.33 21.16 -35.13 8.5 16.48 54.35 0.32 37.86 28.35 0.62 5.05 14.06 0 0 0 33.64 10.97 -30.03 -2.2 -9.27 26.65 -2.69 -16.96 -40.54 -3.01 -10.71 31.32 3.45 2.53 -13.29 2.58 2.01 -7.94 1 0.53 -0.86 -1.97 -0.83 -13.57 -1.16 -3.65 37.99 -1.08 -3.09 15.7 -0 -0 0 -79.49 27.39 51.79 23.07 -34.17 -7.18 -0 0 -12.1 -27.14 18.39 -9.19 -7.12 0 -0 -47.47 42.91 3.3 -0 -0 0 62.71 -21.24 87.57 -32.25 42.75 -12.91 0 -0 -40.34 22.08 -2.11 -0.86 7.12 -0 -0 36.29 -30.01 16.48
-0.15 16.91 17.4 -175.27 -26.99 -159.58 0 0 0 -23.2 20.69 -35.45 8.71 16.62 55.1 1.34 35.36 30.98 0.18 2.75 7.57 0 0 0 33.54 11.58 -30.05 -2.25 -9.37 26.96 -3.04 -16.31 -41.64 -3.47 -11.42 33.72 3.6 2.34 -13.19 2.77 1.74 -7.82 1.08 0.41 -0.79 -1.74 -0.55 -14.08 -1.62 -3.08 38.24 -1.24 -2.88 15.93 0 0 0 -79.82 27.36 52.15 23.02 -34.11 -7.15 -0 0 -11.14 -25.98 17 -8.11 -7.12 0 -0 -45.83 41.98 4.52 0 0 0 62.43 -21.22 87.12 -32.75 43.14 -13.25 0 -0 -39.95 21.9 -2.36 -0.95 7.12 -0 -0 36.27 -30.24 16.2
-0.14 16.91 17.41 -175.09 -27.23 -159.93 0 0 0 -23.14 21.35 -35.89 8.89 16.73 55.69 1.72 35.05 32.38 0.18 2.71 7.46 0 0 0 33.76 11.47 -29.81 -2.23 -9.34 26.86 -3.09 -16.32 -41.9 -3.5 -11.46 33.86 3.86 2.31 -12.88 2.83 1.71 -7.76 0.99 0.39 -0.89 -1.75 -0.5 -13.7 -1.64 -3.03 38.15 -1.23 -2.87 15.8 -0 0 0 -79.79 27.56 52.65 23.42 -34.55 -7.38 -0 0 -11.34 -25.76 17.57 -8.29 -7.12 0 -0 -46.05 42.47 3.81 -0 0 0 62.16 -21.4 87.03 -33.26 43.53 -13.6 0 -0 -39.96 21.76 -2.62 -1.05 7.12 -0 -0 36.28 -30.49 15.93
-0.13 16.91 17.42 -175 -27.25 -160.13 0 0 0 -23.38 22.04 -36.45 8.98 16.8 56.04 2.68 33.71 35.57 0.01 0.66 1.8 0 0 0 33.94 11.27 -29.73 -2.24 -9.35 26.9 -3.02 -16.45 -41.66 -3.43 -11.35 33.49 4 2.29 -12.95 2.84 1.69 -7.44 0.92 0.4 -0.52 -1.7 -0.48 -13.77 -1.63 -2.96 38.01 -1.21 -2.82 15.74 0 0 0 -79.81 27.15 52.83 23.65 -34.79 -7.5 -0 0 -11.62 -26.25 19.36 -9.28 -7.12 0 -0 -47.53 43.8 1.88 0 0 0 62.18 -20.89 86.85 -33.34 43.59 -13.65 0 -0 -39.95 22.07 -2.82 -1.14 7.12 -0 -0 36.54 -30.62 15.95
-0.12 16.91 17.44 -174.71 -27.4 -160.27 0 0 0 -23.26 22.34 -36.75 8.97 16.79 55.98 1.62 35.99 32.49 0.23 3.12 8.61 0 0 0 34.22 11.44 -29.67 -2.23 -9.32 26.82 -3.05 -16.45 -41.81 -3.43 -11.36 33.5 4.45 2.44 -13 2.66 1.84 -7.56 0.49 0.44 -0.6 -1.13 -0.38 -13.07 -1.86 -3.01 38.14 -1.42 -2.83 15.62 -0 0 0 -79.2 27.16 53.59 23.47 -34.6 -7.41 -0 0 -12.11 -26.15 19.06 -9.11 -7.12 0 -0 -47.27 43.58 2.21 -0 0 0 62.5 -21.11 87.33 -33.35 43.59 -13.66 0 -0 -40.39 21.25 -2.66 -1.03 7.12 -0 -0 35.98 -30.58 15.63
-0.11 16.92 17.45 -175.08 -27.4 -160.14 0 0 0 -23.76 22.32 -36.52 8.79 16.67 55.36 1.95 35.2 33.39 0.12 2.2 6.05 0 0 0 33.92 11.29 -29.63 -2.2 -9.27 26.63 -2.98 -16.61 -41.6 -3.42 -11.35 33.46 4.15 2.48 -13.38 2.53 1.91 -7.37 0.55 0.51 -0.19 -1.13 -0.39 -12.78 -1.82 -3.11 38.22 -1.41 -2.87 15.59 -0 -0 0 -79.05 26.91 53.8 23.55 -34.68 -7.45 -0 0 -12.21 -26.44 19.35 -9.36 -7.12 0 -0 -47.65 43.76 1.94 -0 -0 0 62.74 -20.83 86.86 -33.16 43.45 -13.53 0 -0 -40.3 20.38 -2.42 -0.9 7.12 -0 -0 35.37 -30.47 15.35
-0.09 16.92 17.46 -175.11 -27.55 -160.25 0 0 0 -23.78 22.16 -36.48 8.73 16.63 55.15 3.35 31.75 37.42 0.05 -1.49 -4.09 0 0 0 33.85 11.67 -29.35 -2.17 -9.2 26.44 -3.07 -16.73 -42.07 -3.59 -11.6 34.32 4 2.43 -13.42 2.56 1.87 -7.3 0.66 0.5 -0.1 -0.99 -0.35 -12.39 -1.9 -3.1 38.19 -1.46 -2.87 15.48 0 -0 0 -79.05 26.55 53.77 23.15 -34.25 -7.22 -0 0 -12.05 -26.09 18.04 -8.62 -7.12 0 -0 -46.56 42.79 3.38 0 -0 0 62.82 -20.75 86.61 -33.1 43.41 -13.49 0 -0 -39.98 20.04 -2.32 -0.85 7.12 -0 -0 35.12 -30.42 15.25
-0.07 16.91 17.45 -174.99 -27.85 -160.32 0 0 0 -23.42 21.71 -36.15 8.72 16.62 55.12 2.28 34.86 34.54 0.03 1.17 3.21 0 0 0 33.97 11.88 -29.27 -2.16 -9.19 26.39 -3.19 -16.68 -42.56 -3.67 -11.7 34.69 4.22 2.43 -13.52 2.51 1.83 -7.3 0.48 0.47 -0.03 -1.2 -0.24 -12.69 -1.67 -3 38.59 -1.33 -2.84 15.76 0 0 0 -78.73 26.5 53.94 23.19 -34.3 -7.25 -0 0 -12.02 -26.22 18.3 -8.79 -7.12 0 -0 -46.81 42.97 3.12 0 0 0 63.15 -20.51 86.45 -32.8 43.18 -13.28 0 -0 -40 19.98 -2.2 -0.8 7.12 -0 -0 35.04 -30.32 15.3
-0.06 16.93 17.46 -175.38 -28.13 -160.1 0 0 0 -23.79 21.24 -35.82 8.57 16.52 54.59 1.06 38.3 31.64 0.25 3.23 8.92 0 0 0 33.67 11.57 -29.6 -2.18 -9.23 26.52 -3.19 -16.54 -42.48 -3.68 -11.72 34.76 4.11 2.36 -13.54 2.4 1.75 -7.42 0.42 0.43 -0.15 -1.34 -0.27 -12.27 -1.75 -3.03 38.54 -1.34 -2.9 15.64 -0 -0 0 -78.79 26.5 53.95 23.14 -34.24 -7.22 -0 0 -12.29 -26.24 18.43 -8.86 -7.12 0 -0 -46.91 43.07 2.97 -0 -0 0 62.9 -20.41 87.03 -32.97 43.31 -13.4 0 -0 -40.81 20.25 -2.88 -1.06 7.12 -0 -0 35.45 -30.88 14.95
-0.03 16.93 17.45 -175.59 -28.62 -160.07 0 0 0 -23.81 21.09 -35.54 8.52 16.49 54.41 -0.36 41.24 28.12 0.91 6.09 17.05 0 0 0 33.63 11.6 -29.43 -2.16 -9.19 26.38 -3.29 -16.74 -43.05 -3.81 -11.9 35.38 3.9 2.32 -13.84 2.28 1.72 -7.34 0.42 0.42 0.08 -1.76 -0.37 -12.52 -1.09 -3.37 38.93 -1.06 -3.03 15.92 0 -0 0 -78.32 26.43 54.55 23.52 -34.65 -7.43 -0 0 -12.4 -26.83 18.21 -8.98 -7.12 0 -0 -47.15 42.81 3.41 0 -0 0 63.28 -20.49 86.54 -32.84 43.21 -13.31 0 -0 -40.68 19.94 -2.52 -0.92 7.12 -0 -0 35.13 -30.61 15.05
-0 16.93 17.45 -175.59 -28.76 -159.81 0 0 0 -23.93 20.87 -35.92 8.58 16.53 54.63 -2.33 43.81 22.57 2.01 8.9 25.47 0 0 0 33.63 12.02 -29.47 -2.1 -9.08 26.03 -3.39 -16.56 -43.34 -3.96 -12.1 36.1 3.83 2.37 -14.05 2.19 1.76 -7.47 0.37 0.44 0.07 -2.04 -0.24 -12.5 -0.28 -3.38 38.88 -0.66 -2.95 15.92 -0 0 0 -78.33 26.14 53.81 23.42 -34.55 -7.38 -0 0 -12.61 -27.54 18.57 -9.43 -7.12 0 -0 -47.84 42.99 3.22 -0 0 0 63.67 -20.48 86.17 -32.6 43.02 -13.15 0 -0 -40.76 21 -2.83 -1.09 7.12 -0 -0 35.89 -30.76 15.37
0.02 16.92 17.45 -175.67 -29.13 -159.75 0 0 0 -24.16 21.23 -36.27 8.6 16.54 54.69 -2.48 44.63 22.79 1.52 7.78 22.05 0 0 0 33.62 12.08 -29.56 -2.1 -9.08 26.04 -3.45 -16.54 -43.58 -4.03 -12.2 36.43 3.78 2.29 -13.96 2.09 1.65 -7.73 0.28 0.36 -0.26 -2 -0.03 -11.64 0.55 -3.45 38.69 -0.31 -2.89 15.63 0 0 0 -78.05 26.74 54.06 23.62 -34.76 -7.49 -0 0 -12.04 -26.68 17.41 -8.55 -7.12 0 -0 -46.54 42.2 4.29 0 0 0 64.04 -20.82 85.85 -32.21 42.71 -12.88 0 -0 -40.93 21.84 -3.02 -1.21 7.12 -0 -0 36.47 -30.82 15.67
0.04 16.93 17.45 -176.07 -29.64 -159.74 0 0 0 -24.49 21.38 -36.31 8.58 16.53 54.61 -2.67 44.5 21.9 2.12 9.11 26.15 0 0 0 33.26 12.36 -29.41 -2.12 -9.1 26.12 -3.56 -17.05 -44.4 -4.05 -12.23 36.54 3.47 2.01 -13.69 2.07 1.36 -7.69 0.39 0.23 -0.38 -2.74 0.09 -12.1 1.64 -3.53 39.01 0.26 -2.89 15.95 0 0 0 -78.3 26.74 53.51 23.66 -34.8 -7.51 -0 0 -12.03 -27.19 18.02 -9.03 -7.12 0 -0 -47.26 42.61 3.75 0 0 0 63.88 -20.5 86.58 -32.1 42.63 -12.81 0 -0 -41.65 20.93 -2.47 -0.95 7.12 -0 -0 35.72 -30.45 15.6
0.07 16.94 17.46 -176.08 -30.49 -159.52 0 0 0 -24.39 21.01 -36.97 8.67 16.59 54.93 -4.03 46.48 18.69 2.8 10.36 30.17 0 0 0 33.3 12.45 -29.77 -2.1 -9.07 26 -3.67 -17.1 -44.88 -4.2 -12.42 37.24 3.55 1.83 -13.7 2.2 1.11 -7.73 0.44 0.11 -0.42 -3.13 0.04 -12.33 1.86 -3.53 38.99 0.43 -2.9 16.01 -0 -0 0 -78.58 26.72 53.69 23.99 -35.16 -7.7 -0 0 -11.79 -28.11 19.71 -10.21 -7.12 0 -0 -48.98 43.79 2 -0 -0 0 63.61 -20.08 86.55 -31.85 42.43 -12.64 0 -0 -42.52 19.99 -2.14 -0.78 7.12 -0 -0 35.02 -30.26 15.35
0.11 16.94 17.45 -176.35 -30.86 -159.47 0 0 0 -24.41 21.09 -37.12 8.71 16.62 55.08 -3.58 46.23 20.21 2.6 10.01 29.01 0 0 0 33.08 12.78 -29.63 -2.09 -9.06 25.98 -3.84 -17.07 -45.56 -4.45 -12.73 38.37 2.94 1.58 -13.84 2.36 0.87 -7.49 0.92 0.03 -0.1 -3.01 0.04 -12.66 1.73 -3.49 39.14 0.35 -2.87 16.16 0 -0 0 -79.05 26.33 53.3 23.29 -34.41 -7.3 -0 0 -12.01 -26.77 17.99 -8.86 -7.12 0 -0 -46.97 42.65 3.65 0 -0 0 63.13 -19.56 87.04 -32.21 42.72 -12.89 0 -0 -44.01 20.12 -2.95 -1.08 7.12 -0 -0 35.39 -30.95 14.84
0.12 16.95 17.45 -176.53 -31.41 -159.04 0 0 0 -24.53 20.54 -37.52 8.73 16.63 55.14 -4.02 46.76 19.09 2.6 10.02 29.05 0 0 0 33 12.61 -30.19 -2.1 -9.07 26.01 -3.82 -17.2 -45.56 -4.43 -12.71 38.3 2.91 1.59 -14.35 2.28 0.86 -7.4 0.87 0.03 0.26 -2.7 -0.1 -13.13 1.4 -3.65 39.37 0.12 -2.93 16.39 0 0 0 -79.01 25.98 53.58 23.77 -34.92 -7.58 -0 0 -11.98 -27.88 18.96 -9.75 -7.12 0 -0 -48.32 43.24 2.85 0 0 0 63.11 -19.19 87.35 -32.15 42.67 -12.84 0 -0 -44.81 19.7 -2.7 -0.96 7.12 -0 -0 35.04 -30.78 14.81
0.14 16.96 17.44 -176.71 -31.78 -159.19 0 0 0 -24.45 20.72 -37.36 8.73 16.63 55.16 -4.64 47.42 17.47 2.93 10.58 30.86 0 0 0 32.82 13.05 -29.76 -2.09 -9.06 25.98 -4.01 -17.44 -46.46 -4.53 -12.83 38.74 2.75 1.7 -14.06 2.15 1.05 -7.55 0.83 0.12 -0.05 -2.49 -0.18 -12.31 1.34 -3.92 39.36 0.02 -3.05 16.19 0 -0 0 -78.18 26.56 54.73 24.2 -35.38 -7.82 -0 0 -12.49 -27.93 19.83 -10.2 -7.12 0 -0 -48.95 43.91 1.8 0 -0 0 63.11 -19.6 87.83 -32.3 42.79 -12.95 0 -0 -45.52 19.76 -2.81 -1.01 7.12 -0 -0 35.12 -30.88 14.75
0.15 16.96 17.44 -176.91 -32 -159.12 0 0 0 -24.66 20.78 -37.48 8.75 16.64 55.2 -4.85 47.58 16.82 3.03 10.74 31.42 0 0 0 32.74 12.72 -29.93 -2.1 -9.07 26.03 -4.09 -17.03 -46.5 -4.6 -12.92 39.05 2.7 1.65 -13.87 2.15 1 -7.59 0.86 0.1 -0.2 -2.76 -0.08 -12.53 1.52 -3.82 39.68 0.15 -3.03 16.42 0 0 0 -78.24 26.79 54.44 24.59 -35.78 -8.05 -0 0 -12.35 -27.96 19.71 -10.15 -7.12 0 -0 -48.88 43.81 1.96 0 0 0 63.16 -19.52 87.81 -32.05 42.59 -12.78 0 -0 -45.49 19.66 -2.6 -0.93 7.12 -0 -0 34.98 -30.7 14.85
0.17 16.96 17.43 -177.12 -31.99 -159.25 0 0 0 -24.8 20.97 -37.22 8.7 16.61 55.04 -5.52 48.17 14.91 3.49 11.45 33.82 0 0 0 32.51 13.4 -29.4 -2.1 -9.07 26.02 -4.16 -17.64 -47.16 -4.61 -12.93 39.11 2.2 1.57 -13.75 2.27 0.96 -7.56 1.25 0.1 -0.24 -2.85 0.1 -12.33 1.62 -3.67 39.98 0.23 -3 16.53 0 -0 0 -78.38 27.01 54.11 24.7 -35.9 -8.11 -0 0 -12.46 -27.76 20 -10.21 -7.12 0 -0 -48.96 44.07 1.53 0 -0 0 63.99 -20.03 85.13 -31.51 42.16 -12.41 0 -0 -43.39 21.74 -3.33 -1.33 7.12 -0 -0 36.53 -31.11 15.38
0.17 16.95 17.43 -176.95 -31.95 -159.72 0 0 0 -24.63 21.51 -36.9 8.7 16.61 55.06 -5.38 47.93 15.11 2.8 10.36 30.15 0 0 0 32.77 13.13 -28.91 -2.06 -9 25.79 -4.18 -17.34 -47.07 -4.69 -13.02 39.45 2.42 1.76 -13.62 2.3 1.22 -7.21 1.2 0.25 0.06 -2.79 0.13 -12.86 1.6 -3.61 40.25 0.2 -2.96 16.81 -0 -0 0 -78.34 26.34 54.32 24.21 -35.39 -7.83 -0 0 -13 -26.89 18.96 -9.35 -7.12 0 -0 -47.68 43.39 2.54 -0 -0 0 64.41 -19.75 84 -31.19 41.89 -12.2 0 -0 -42.98 22.34 -2.99 -1.23 7.12 -0 -0 36.77 -30.74 15.96
0.15 16.94 17.39 -176.62 -32.21 -161.27 0 0 0 -23.62 22.23 -35.12 8.65 16.58 54.88 -6.1 48.46 12.92 3.27 11.12 32.7 0 0 0 33.53 12.08 -27.23 -2.02 -8.9 25.48 -4.25 -17.26 -47.25 -4.68 -13.02 39.42 2.99 1.91 -12.77 2.3 1.46 -6.86 0.89 0.38 -0.01 -2.68 0.15 -12.73 1.63 -3.68 40.45 0.18 -2.98 16.89 -0 -0 0 -78.23 26.52 54.33 23.93 -35.09 -7.67 -0 0 -12.89 -26.88 18.37 -9.07 -7.12 0 -0 -47.28 42.93 3.24 -0 -0 0 64.45 -20.03 83.97 -31.14 41.85 -12.16 0 -0 -43.2 22.87 -2.92 -1.23 7.12 -0 -0 37.05 -30.61 16.31
0.16 16.94 17.38 -177.09 -32.93 -161.13 0 0 0 -23.66 21.6 -34.76 8.62 16.55 54.75 -5.33 48.04 15.5 3.31 11.19 32.91 0 0 0 33.08 12.32 -27.29 -2.06 -8.98 25.74 -4.52 -17.33 -48.33 -4.82 -13.18 40.06 2.56 1.7 -12.89 2.28 1.24 -6.78 1.09 0.3 0.13 -3.04 0.12 -13.02 1.91 -3.76 40.71 0.35 -3.03 17.12 -0 0 0 -78.36 26.39 54.25 23.81 -34.96 -7.6 -0 0 -13.16 -26.28 17.45 -8.42 -7.12 0 -0 -46.3 42.29 4.12 -0 0 0 64.25 -19.73 84.29 -31.17 41.87 -12.18 0 -0 -44.23 22.93 -3.39 -1.43 7.12 -0 -0 37.27 -31.01 15.97
0.16 16.94 17.37 -177.14 -33.01 -161.12 0 0 0 -23.62 21.63 -34.75 8.61 16.55 54.73 -4.06 46.94 19.17 2.79 10.35 30.13 0 0 0 33.05 12.36 -27.27 -2.06 -8.99 25.77 -4.49 -17.65 -48.41 -4.78 -13.13 39.85 2.51 1.98 -13.02 2.04 1.62 -6.82 0.91 0.48 0.16 -2.46 -0.11 -12.4 1.86 -4.28 40.45 0.15 -3.17 16.83 -0 -0 0 -77.81 26.23 54.79 23.52 -34.66 -7.43 -0 0 -13.44 -26.19 16.72 -8.05 -7.12 0 -0 -45.79 41.73 4.9 -0 -0 0 64.83 -20.11 83.6 -31.12 41.83 -12.15 0 -0 -44.05 23.21 -3.61 -1.55 7.12 -0 -0 37.51 -31.16 15.96
0.17 16.94 17.36 -177.16 -33.11 -161.1 0 0 0 -23.52 21.59 -34.74 8.62 16.56 54.76 -4.15 47.1 19.02 2.76 10.29 29.93 0 0 0 33.17 12.08 -27.28 -2.05 -8.96 25.67 -4.46 -17.49 -48.2 -4.76 -13.11 39.78 2.48 2.02 -13.09 1.94 1.67 -6.93 0.83 0.5 0.09 -2.25 -0.16 -12.06 1.94 -4.5 40.42 0.11 -3.23 16.73 -0 -0 0 -77.49 26.57 54.87 23.89 -35.05 -7.65 -0 0 -13.77 -26.45 17.05 -8.3 -7.12 0 -0 -46.17 41.95 4.62 -0 -0 0 64.69 -20.1 84.51 -31.43 42.08 -12.35 0 -0 -44.66 23.04 -3.78 -1.61 7.12 -0 -0 37.48 -31.34 15.73
0.17 16.94 17.35 -176.94 -33.18 -161.27 0 0 0 -23.22 21.65 -34.64 8.62 16.55 54.76 -3.44 47.05 21.72 1.63 8.04 22.83 0 0 0 33.33 12.39 -26.98 -2.02 -8.92 25.54 -4.62 -17.22 -48.65 -4.95 -13.33 40.61 2.63 2.03 -13.22 1.96 1.66 -6.9 0.77 0.49 0.18 -2.1 -0.07 -12.12 2.01 -4.5 40.63 0.11 -3.21 16.86 0 0 0 -77.38 26.68 54.59 24.1 -35.27 -7.77 -0 0 -13.77 -26.64 17.19 -8.43 -7.12 0 -0 -46.38 42.03 4.53 0 0 0 64.58 -19.8 85.3 -31.37 42.04 -12.32 0 -0 -45.37 22.55 -3.64 -1.51 7.12 -0 -0 37.13 -31.28 15.57
0.16 16.94 17.33 -176.98 -33.26 -161.25 0 0 0 -23.25 21.75 -34.55 8.58 16.53 54.64 -2.68 46.48 23.97 1.26 7.11 20.03 0 0 0 33.25 12.55 -26.93 -2.03 -8.94 25.59 -4.66 -17.38 -48.9 -4.94 -13.31 40.54 2.72 2.1 -13.22 1.82 1.72 -7.12 0.59 0.5 -0.04 -1.9 -0.05 -11.69 1.97 -4.6 40.76 0.03 -3.26 16.82 -0 0 0 -77.12 27 54.62 24.06 -35.23 -7.74 -0 0 -13.74 -26.75 17.63 -8.68 -7.12 0 -0 -46.72 42.37 4.06 -0 0 0 65.16 -20.59 84.5 -30.98 41.72 -12.06 0 -0 -44.34 22.53 -3.16 -1.31 7.12 -0 -0 36.94 -30.86 15.93
0.16 16.94 17.32 -176.97 -33.46 -161.24 0 0 0 -23.18 21.71 -34.46 8.56 16.51 54.55 -3.62 46.91 20.87 2.11 9.09 26.07 0 0 0 33.39 12.07 -27.04 -2.02 -8.91 25.51 -4.55 -17.47 -48.55 -4.88 -13.24 40.28 2.77 2.06 -13.5 1.87 1.65 -7.01 0.61 0.48 0.22 -2.11 -0.07 -12.03 2.02 -4.59 40.9 0.09 -3.27 16.99 -0 -0 0 -77.36 26.63 54.31 23.79 -34.94 -7.58 -0 0 -13.58 -26.83 17.32 -8.56 -7.12 0 -0 -46.57 42.11 4.45 -0 -0 0 65.13 -20.33 84.13 -31.06 41.79 -12.11 0 -0 -44.19 23.11 -3.75 -1.6 7.12 -0 -0 37.51 -31.3 15.79
0.15 16.95 17.31 -177.14 -33.46 -161.12 0 0 0 -23.35 21.76 -34.36 8.52 16.49 54.4 -4.45 47.74 18.66 2.47 9.78 28.26 0 0 0 33.27 11.93 -27.07 -2.01 -8.9 25.47 -4.51 -17.57 -48.44 -4.79 -13.15 39.92 2.69 1.96 -13.43 1.76 1.51 -7.28 0.51 0.39 -0.09 -1.66 0.1 -11.38 2.01 -4.59 40.95 0.01 -3.24 16.84 0 -0 0 -77.07 27.28 54.28 24 -35.16 -7.71 -0 0 -13.52 -26.76 17.42 -8.58 -7.12 0 -0 -46.6 42.19 4.31 0 -0 0 65.27 -21.04 84.47 -31.13 41.84 -12.16 0 -0 -43.58 23.37 -3.83 -1.65 7.12 -0 -0 37.69 -31.34 15.87
0.15 16.94 17.31 -177.08 -33.58 -161.07 0 0 0 -23.3 21.56 -34.41 8.54 16.5 54.48 -4.8 48.03 17.61 2.83 10.42 30.35 0 0 0 33.34 11.77 -27.22 -2.02 -8.91 25.51 -4.56 -17.28 -48.46 -4.84 -13.2 40.11 2.78 2.12 -13.66 1.72 1.71 -7.1 0.46 0.5 0.23 -2.07 -0.1 -11.99 2.52 -4.96 41.12 0.23 -3.37 17.14 0 0 0 -76.78 26.77 55.04 24.16 -35.33 -7.8 -0 0 -13.48 -26.51 17.58 -8.57 -7.12 0 -0 -46.54 42.36 4.04 0 0 0 65.3 -20.46 84 -31.04 41.77 -12.1 0 -0 -44.25 22.76 -3.6 -1.51 7.12 -0 -0 37.25 -31.21 15.72
0.15 16.94 17.31 -177.11 -33.6 -161.06 0 0 0 -23.34 21.36 -34.34 8.55 16.51 54.53 -4.68 48.24 18.39 2.92 10.57 30.84 0 0 0 33.33 11.58 -27.37 -2.04 -8.95 25.65 -4.5 -17.3 -48.26 -4.82 -13.18 40.03 2.8 1.99 -13.41 1.6 1.53 -7.48 0.29 0.38 -0.31 -1.54 0.2 -11.04 2.83 -4.98 41.21 0.28 -3.32 16.95 -0 -0 0 -76.8 27.4 54.28 23.92 -35.08 -7.66 -0 0 -12.71 -26.42 16.75 -8.15 -7.12 0 -0 -45.96 41.72 4.95 -0 -0 0 65.95 -21.88 83.26 -30.71 41.49 -11.87 0 -0 -42.57 22.53 -3.02 -1.25 7.12 -0 -0 36.89 -30.74 16.04
0.15 16.94 17.31 -177.05 -33.58 -161.08 0 0 0 -23.26 21.3 -34.28 8.53 16.5 54.45 -4.92 48.42 17.69 2.44 9.72 28.09 0 0 0 33.36 11.69 -27.39 -2.06 -8.98 25.75 -4.55 -17.16 -48.35 -4.86 -13.22 40.2 2.78 1.99 -13.54 1.66 1.54 -7.3 0.36 0.4 -0.04 -1.66 0.18 -11.59 3.17 -5.09 41.32 0.42 -3.32 17.17 0 0 0 -76.93 26.97 54.36 24.14 -35.31 -7.79 -0 0 -12.53 -26.52 17.26 -8.42 -7.12 0 -0 -46.34 42.11 4.41 0 0 0 65.48 -21.42 84.02 -31.13 41.84 -12.15 0 -0 -43.48 21.53 -3.37 -1.33 7.12 -0 -0 36.42 -31.16 15.25
0.14 16.93 17.31 -176.89 -33.56 -161.19 0 0 0 -23.1 21.44 -34.42 8.57 16.52 54.59 -4.3 47.31 18.68 2.83 10.41 30.31 0 0 0 33.65 11.36 -27.34 -2.03 -8.93 25.59 -4.44 -17.25 -47.99 -4.76 -13.11 39.78 2.89 1.9 -13.44 1.84 1.41 -7.19 0.47 0.34 0.01 -2.04 0.21 -11.97 3.45 -5 41.34 0.63 -3.29 17.3 -0 0 0 -77.62 26.61 53.62 23.7 -34.85 -7.54 -0 0 -12.28 -26.24 16.3 -7.88 -7.12 0 -0 -45.57 41.38 5.39 -0 0 0 65.28 -21.11 83.84 -30.97 41.71 -12.05 0 -0 -43.48 22.1 -3.68 -1.49 7.12 -0 -0 36.88 -31.36 15.31
0.14 16.93 17.3 -176.9 -33.42 -161.1 0 0 0 -23.11 21.25 -34.42 8.55 16.51 54.54 -4.48 47.95 18.78 2.76 10.29 29.93 0 0 0 33.5 11.86 -27.29 -2.04 -8.95 25.64 -4.55 -17.16 -48.36 -4.88 -13.25 40.3 2.95 2.04 -13.24 1.67 1.6 -7.33 0.28 0.42 -0.24 -2.16 0.13 -12.02 3.93 -5.36 41.42 0.8 -3.4 17.41 0 0 0 -77.21 26.88 54.08 23.97 -35.13 -7.69 -0 0 -12.38 -26.34 16.89 -8.19 -7.12 0 -0 -46 41.84 4.77 0 0 0 65.34 -21.29 84.44 -31.12 41.83 -12.15 0 -0 -44.02 21.57 -3.61 -1.42 7.12 -0 -0 36.53 -31.36 15.09
0.14 16.93 17.3 -176.92 -33.36 -161.08 0 0 0 -23.08 21.08 -34.24 8.52 16.49 54.41 -4.73 48.66 18.75 2.14 9.16 26.29 0 0 0 33.52 11.66 -27.39 -2.05 -8.98 25.72 -4.45 -17.32 -48.06 -4.73 -13.07 39.65 2.59 1.79 -13.5 2.07 1.31 -6.99 0.87 0.31 0.24 -2.51 0.23 -12.61 3.74 -4.92 41.47 0.86 -3.27 17.57 0 0 0 -78.24 26.48 53.07 23.85 -35 -7.62 -0 0 -12.48 -26.58 17.07 -8.35 -7.12 0 -0 -46.26 41.94 4.65 0 0 0 64.32 -20.37 85.53 -31.29 41.98 -12.26 0 -0 -44.73 21.06 -3.26 -1.25 7.12 -0 -0 36.09 -31.12 15.08
0.13 16.94 17.29 -176.94 -33.31 -161.11 0 0 0 -23.07 21.11 -34.13 8.51 16.48 54.38 -4.56 48.53 19.23 2.07 9.01 25.82 0 0 0 33.38 11.92 -27.16 -2.03 -8.93 25.58 -4.55 -17.13 -48.34 -4.87 -13.24 40.26 2.42 1.7 -13.42 2.23 1.22 -6.87 1.11 0.28 0.31 -2.87 0.26 -12.88 3.99 -4.87 41.56 1.04 -3.26 17.71 0 0 0 -78.65 26.32 52.76 23.71 -34.86 -7.54 -0 0 -12.48 -26.34 17 -8.23 -7.12 0 -0 -46.06 41.92 4.65 0 0 0 64.39 -20.23 84.65 -31.08 41.8 -12.12 0 -0 -44.16 22.07 -3.55 -1.44 7.12 -0 -0 36.81 -31.26 15.39
0.13 16.93 17.28 -176.62 -33.32 -161.23 0 0 0 -22.76 21.2 -34.27 8.55 16.51 54.52 -4.43 48.43 19.59 1.85 8.55 24.4 0 0 0 33.84 11.67 -27.02 -1.99 -8.84 25.29 -4.44 -17.21 -47.96 -4.81 -13.16 39.98 2.63 1.76 -13.48 2.26 1.26 -6.87 1.04 0.3 0.35 -2.75 0.2 -12.78 3.87 -4.99 41.62 0.94 -3.32 17.72 -0 -0 0 -78.61 26.09 52.86 23.34 -34.46 -7.33 -0 0 -12.42 -26.49 17.14 -8.35 -7.12 0 -0 -46.24 42.02 4.53 -0 -0 0 64.57 -20.46 84.27 -31.03 41.76 -12.09 0 -0 -43.87 22.22 -3.45 -1.41 7.12 -0 -0 36.87 -31.15 15.55
0.13 16.93 17.28 -176.59 -33.32 -161.21 0 0 0 -22.78 21.18 -34.29 8.55 16.51 54.51 -4.83 48.28 17.85 2.84 10.43 30.4 0 0 0 33.83 11.65 -27.1 -1.99 -8.85 25.32 -4.41 -17.31 -47.91 -4.77 -13.12 39.83 2.72 1.75 -13.37 2.14 1.25 -6.9 0.86 0.29 0.27 -2.43 0.2 -12.67 3.81 -5.1 41.65 0.83 -3.33 17.7 -0 0 0 -78.23 26.3 53.15 23.62 -34.76 -7.49 -0 0 -12.73 -26.39 17.16 -8.33 -7.12 0 -0 -46.19 42.04 4.49 -0 0 0 64.99 -20.54 83.96 -30.78 41.55 -11.92 0 -0 -43.47 22.16 -3.36 -1.37 7.12 -0 -0 36.79 -31.08 15.58
0.13 16.92 17.28 -176.67 -33.08 -161.09 0 0 0 -23.02 21.26 -34.37 8.54 16.5 54.48 -5.28 48.4 16.24 2.63 10.07 29.22 0 0 0 33.73 11.81 -27.07 -1.99 -8.86 25.34 -4.53 -16.78 -48.02 -4.87 -13.23 40.25 2.71 1.9 -13.12 1.86 1.47 -7.1 0.6 0.38 -0.07 -2.11 0.16 -12.12 4 -5.45 41.58 0.8 -3.43 17.54 0 0 0 -77.48 26.68 54.09 23.9 -35.06 -7.65 -0 0 -13.07 -26.32 17.51 -8.47 -7.12 0 -0 -46.37 42.33 4.06 0 0 0 65.45 -21 83.87 -30.84 41.61 -11.97 0 -0 -43.42 21.86 -3.27 -1.31 7.12 -0 -0 36.58 -31.04 15.49
0.12 16.92 17.26 -176.59 -33.06 -161.02 0 0 0 -23.05 21.36 -34.52 8.55 16.51 54.52 -4.54 47.43 17.87 2.64 10.09 29.25 0 0 0 33.74 11.97 -27.18 -2.01 -8.89 25.45 -4.54 -16.84 -48.11 -4.83 -13.19 40.09 2.61 1.84 -13.29 2.04 1.39 -6.93 0.84 0.36 0.19 -2.22 0.18 -12.41 3.79 -5.22 41.57 0.77 -3.36 17.58 -0 -0 0 -78.08 26.16 53.71 23.56 -34.7 -7.45 -0 0 -12.67 -26.77 17.78 -8.76 -7.12 0 -0 -46.83 42.48 3.9 -0 -0 0 65.05 -20.65 83.98 -30.98 41.72 -12.06 0 -0 -43.75 21.95 -3.48 -1.4 7.12 -0 -0 36.71 -31.21 15.38
0.11 16.92 17.25 -177.15 -33.05 -160.81 0 0 0 -23.53 21.39 -34.14 8.45 16.44 54.16 -4.42 47.39 18.31 2.52 9.87 28.54 0 0 0 33.2 12.15 -27.12 -2.06 -8.99 25.76 -4.67 -16.78 -48.57 -4.89 -13.26 40.36 1.94 1.54 -13.1 2.12 1.1 -6.8 1.25 0.24 0.21 -2.21 0.3 -12.77 3.47 -4.84 41.6 0.69 -3.22 17.66 -0 -0 0 -78.37 26.15 53.59 23.62 -34.76 -7.49 -0 0 -12.67 -26.74 17.97 -8.84 -7.12 0 -0 -46.94 42.64 3.66 -0 -0 0 64.7 -20.28 84.12 -31.02 41.75 -12.08 0 -0 -43.79 22.15 -3.72 -1.51 7.12 -0 -0 36.92 -31.39 15.3
0.1 16.92 17.23 -176.89 -33.21 -160.7 0 0 0 -23.28 21.28 -34.3 8.45 16.44 54.18 -4.67 47.61 17.58 2.88 10.49 30.58 0 0 0 33.48 11.91 -27.32 -2.05 -8.96 25.67 -4.62 -16.8 -48.39 -4.87 -13.23 40.24 2.15 1.76 -13.44 2.06 1.36 -6.74 1.12 0.36 0.46 -2.49 0.07 -13.05 3.86 -5.29 41.67 0.83 -3.39 17.83 0 0 0 -78.05 25.65 54.42 23.36 -34.48 -7.34 -0 0 -12.36 -26.92 18.1 -8.97 -7.12 0 -0 -47.14 42.71 3.57 0 0 0 65 -20.36 83.75 -30.97 41.71 -12.05 0 -0 -43.93 21.45 -3.2 -1.26 7.12 -0 -0 36.3 -31.03 15.33
0.1 16.91 17.24 -176.07 -31.93 -159.91 0 0 0 -23.56 21.62 -36.32 8.59 16.54 54.67 -4.79 47.46 16.88 3.25 11.09 32.6 0 0 0 33.92 12.56 -28.38 -2.02 -8.92 25.53 -4.18 -16.78 -46.71 -4.6 -12.92 39.09 2.59 2.24 -14.2 2.21 1.83 -6.89 1.11 0.56 0.71 -2.11 0.13 -13.04 3.37 -4.96 41.31 0.61 -3.23 17.56 -0 0 0 -78.25 25.24 54.74 23.43 -34.56 -7.38 -0 0 -12.78 -26.64 18.46 -9.03 -7.12 0 -0 -47.19 43.04 3.06 -0 0 0 64.85 -19.99 83.55 -30.95 41.7 -12.04 0 -0 -43.96 21.49 -3.34 -1.32 7.12 -0 -0 36.38 -31.15 15.24
0.07 16.92 17.26 -176.01 -31.55 -159.04 0 0 0 -24.09 21.08 -37.19 8.55 16.51 54.51 -5.78 48.35 14.11 3.61 11.62 34.39 0 0 0 33.81 12.21 -29.76 -2.06 -9 25.78 -3.93 -16.45 -45.49 -4.5 -12.8 38.62 2.77 2.28 -14.73 2.28 1.78 -7.25 1.08 0.5 0.62 -2.39 0.44 -12.76 3.65 -4.65 41.6 0.83 -3.15 17.66 0 -0 0 -78.94 25.51 54.12 23.11 -34.21 -7.2 -0 0 -12.46 -26.34 17.67 -8.54 -7.12 0 -0 -46.48 42.46 3.88 0 -0 0 64.29 -20.41 84.31 -31.06 41.79 -12.11 0 -0 -44.07 21.33 -3.19 -1.25 7.12 -0 -0 36.23 -31.03 15.27
0.06 16.91 17.2 -176.44 -31.76 -159.54 0 0 0 -23.82 21.48 -35.82 8.43 16.43 54.11 -5.24 47.9 15.68 3.64 11.66 34.54 0 0 0 33.59 12.26 -28.64 -2.08 -9.03 25.88 -4.15 -16.87 -46.63 -4.39 -12.66 38.1 2.13 2.02 -14.13 2.35 1.59 -6.97 1.47 0.45 0.57 -2.17 0.39 -12.96 3.25 -4.6 41.63 0.62 -3.14 17.71 -0 -0 0 -78.97 25.39 54.34 23.03 -34.12 -7.16 -0 0 -12.52 -26.56 17.79 -8.68 -7.12 0 -0 -46.7 42.52 3.82 -0 -0 0 63.62 -19.67 85.55 -31.27 41.95 -12.25 0 -0 -45.7 20.86 -3.41 -1.3 7.12 -0 -0 36.02 -31.27 14.87
0.06 16.91 17.19 -176.07 -31.97 -159.46 0 0 0 -23.51 21.21 -36.19 8.47 16.45 54.23 -3.21 46.13 21.56 2.8 10.36 30.16 0 0 0 34 12.06 -28.87 -2.05 -8.96 25.67 -4.11 -16.64 -46.34 -4.41 -12.68 38.19 2.64 2.13 -14.23 2.26 1.67 -7.03 1.1 0.47 0.58 -2.41 0.27 -12.91 3.65 -4.86 41.47 0.81 -3.22 17.64 -0 0 0 -78.42 25.31 54.81 23.19 -34.29 -7.24 -0 0 -12.5 -26.72 17.45 -8.58 -7.12 0 -0 -46.59 42.23 4.26 -0 0 0 63.93 -19.79 85.53 -31.22 41.92 -12.22 0 -0 -45.41 20.76 -3.08 -1.17 7.12 -0 -0 35.84 -31 15.06
0.06 16.91 17.2 -176.25 -32.19 -158.43 0 0 0 -23.9 20.22 -37.14 8.53 16.49 54.44 -4.43 47.31 18.14 3.11 10.87 31.85 0 0 0 33.49 12.91 -29.98 -2.08 -9.04 25.92 -4.24 -16.54 -46.78 -4.54 -12.85 38.81 2.38 2.23 -14.63 2.11 1.76 -7.49 1.11 0.49 0.31 -2.71 0.29 -12.92 4.15 -5.13 41.97 1.03 -3.35 17.99 0 -0 0 -77.97 25.16 55.59 23.18 -34.28 -7.24 -0 0 -12.54 -27.35 18.7 -9.41 -7.12 0 -0 -47.8 43.12 3 0 -0 0 64.56 -20.34 84.38 -31.02 41.75 -12.09 0 -0 -44.44 21.55 -2.57 -1.01 7.12 -0 -0 36.13 -30.47 15.86
0.04 16.91 17.15 -176.13 -32.2 -158.77 0 0 0 -23.62 20.54 -36.53 8.49 16.47 54.3 -5.92 48.31 13.44 3.87 11.99 35.68 0 0 0 33.73 13 -29.23 -2.06 -9 25.79 -4.35 -16.59 -47.25 -4.57 -12.88 38.93 2.43 1.97 -14.5 2.32 1.43 -7.34 1.26 0.33 0.39 -2.13 0.56 -13.01 3.56 -4.67 42.1 0.73 -3.15 18.01 0 0 0 -78.46 25.22 54.98 23.03 -34.12 -7.15 -0 0 -12.28 -26.91 18.61 -9.2 -7.12 0 -0 -47.46 43.11 2.97 0 0 0 64.28 -20 84.72 -31.13 41.85 -12.16 0 -0 -44.47 21.58 -2.75 -1.09 7.12 -0 -0 36.22 -30.62 15.74
-0.01 16.91 17.12 -176.16 -32.29 -158.59 0 0 0 -23.83 20.52 -36.42 8.41 16.41 54.04 -5.51 48.51 15.46 3.18 10.99 32.24 0 0 0 33.73 12.34 -29.53 -2.08 -9.02 25.87 -4.2 -16.57 -46.65 -4.44 -12.73 38.36 2.87 2.16 -14.68 2.02 1.58 -7.63 0.72 0.37 0.2 -1.59 0.55 -11.9 3.54 -4.93 41.87 0.59 -3.22 17.58 -0 0 0 -78.06 25.49 55.25 22.71 -33.77 -6.98 -0 0 -12.01 -26.96 17.97 -8.92 -7.12 0 -0 -47.08 42.61 3.73 -0 0 0 64.64 -20.6 84.88 -31.23 41.93 -12.22 0 -0 -44.87 22.03 -3.54 -1.43 7.12 -0 -0 36.78 -31.25 15.38
-0.05 16.92 17.1 -176.15 -31.89 -158.27 0 0 0 -24.26 20.66 -36.71 8.35 16.37 53.82 -5.05 48.81 17.69 1.9 8.66 24.74 0 0 0 33.54 12.52 -29.81 -2.09 -9.06 25.98 -4.09 -16.68 -46.29 -4.37 -12.64 38.03 3.1 2.13 -14.63 2.14 1.5 -7.7 0.71 0.32 0.11 -2.04 0.69 -12.56 3.61 -4.62 42.18 0.75 -3.15 17.94 0 -0 0 -78.61 25.59 54.78 22.77 -33.83 -7.01 -0 0 -12.35 -26.96 18.49 -9.16 -7.12 0 -0 -47.42 43.01 3.12 0 -0 0 64.4 -20.27 84.68 -31.26 41.95 -12.24 0 -0 -45.13 22.07 -3.86 -1.56 7.12 -0 -0 36.93 -31.52 15.15
-0.09 16.91 17.07 -176.47 -31.9 -157.97 0 0 0 -24.7 20.48 -36.45 8.27 16.32 53.54 -5.97 48.47 13.48 3.09 10.83 31.72 0 0 0 33.24 12 -30.11 -2.13 -9.13 26.21 -4.08 -16.23 -45.97 -4.39 -12.66 38.11 2.74 1.79 -15.2 2.39 1.05 -7.57 1.11 0.11 0.52 -2.02 0.93 -12.35 3.34 -4.14 42.13 0.7 -3 17.82 0 0 0 -79.5 25.41 53.99 22.19 -33.2 -6.69 -0 0 -11.93 -26.76 18.73 -9.2 -7.12 0 -0 -47.45 43.23 2.78 0 0 0 63.56 -19.78 85.69 -31.43 42.09 -12.36 0 -0 -45.58 21.22 -3.2 -1.24 7.12 -0 -0 36.16 -31.05 15.21
-0.14 16.9 17.03 -175.96 -31.83 -158.24 0 0 0 -24.36 20.86 -36.32 8.23 16.29 53.39 -6.44 49.4 13.02 2.3 9.47 27.27 0 0 0 33.63 12.18 -29.75 -2.12 -9.11 26.15 -4.15 -16.06 -46.13 -4.4 -12.67 38.16 3.31 1.73 -15.27 2.67 0.88 -7.41 1.06 0.02 0.74 -2.03 1.07 -12.73 3.09 -3.73 42.1 0.67 -2.85 17.87 0 -0 0 -79.9 25.04 54.32 21.89 -32.85 -6.53 -0 0 -11.58 -26.04 17.33 -8.28 -7.12 0 -0 -46.08 42.23 4.17 0 -0 0 63.03 -19.32 86.16 -31.57 42.2 -12.45 0 -0 -45.94 21.47 -3.35 -1.32 7.12 -0 -0 36.37 -31.15 15.23
-0.17 16.89 16.98 -175.96 -31.5 -158.37 0 0 0 -24.16 20.73 -35.68 8.18 16.25 53.22 -7.91 49.36 6.52 3.93 12.06 35.95 0 0 0 33.72 11.88 -29.53 -2.16 -9.18 26.37 -4.05 -16.06 -45.75 -4.26 -12.49 37.51 3.55 1.99 -15.02 2.42 1.21 -7.62 0.71 0.16 0.4 -2.01 1.05 -12.14 3.52 -4.01 41.99 0.81 -2.93 17.68 -0 0 0 -78.85 25.47 56.6 22.06 -33.04 -6.62 -0 0 -12.06 -25.09 17.57 -8.05 -7.12 0 -0 -45.61 42.57 3.59 -0 0 0 62.98 -19.97 86.72 -32.1 42.62 -12.81 0 -0 -46.72 21.14 -3.82 -1.48 7.12 -0 -0 36.35 -31.6 14.7
-0.2 16.88 16.91 -175.59 -30.84 -159.12 0 0 0 -23.32 21.4 -34.73 8.15 16.23 53.11 -3 46.41 22.68 1.39 7.45 21.07 0 0 0 34.12 12.34 -28.05 -2.11 -9.09 26.07 -3.97 -16.76 -45.84 -4.19 -12.41 37.19 3.58 2.01 -14.9 2.61 1.25 -7.34 0.9 0.2 0.62 -1.95 1.25 -12.12 3.46 -3.74 42.1 0.82 -2.83 17.72 0 0 0 -78.44 25.39 58.27 21.97 -32.94 -6.57 -0 0 -12.88 -23.62 16.05 -6.89 -7.12 0 -0 -43.71 41.55 4.79 0 0 0 62.75 -19.86 87.07 -32.16 42.68 -12.85 0 -0 -46.99 19.95 -3.17 -1.15 7.12 -0 -0 35.37 -31.16 14.59
-0.24 16.86 16.87 -175.85 -29.97 -159.34 0 0 0 -22.8 20.62 -33.43 8.22 16.28 53.35 -6.93 48.86 10.03 3.38 11.29 33.26 0 0 0 33.75 12.16 -27.22 -2.08 -9.02 25.87 -4.29 -14.68 -45.87 -4.68 -13.01 39.41 3.24 1.8 -14.69 2.8 1.07 -6.89 1.25 0.15 0.97 -2.14 1.5 -12.53 3.47 -3.2 42 0.96 -2.61 17.74 -0 -0 0 -78.7 25.13 58.47 22.34 -33.36 -6.77 -0 0 -13.02 -23.32 16.49 -6.98 -7.12 0 -0 -43.77 41.95 4.24 -0 -0 0 62.23 -18.89 87.35 -32.04 42.58 -12.77 0 -0 -46.97 20.75 -3.4 -1.29 7.12 -0 -0 35.94 -31.28 14.82
-0.26 16.84 16.84 -175.28 -29.15 -159.97 0 0 0 -21.71 20.45 -33.28 8.55 16.51 54.5 -5.02 47.86 16.51 2.53 9.89 28.61 0 0 0 34.71 10.76 -27.03 -2.09 -9.05 25.96 -3.69 -15.43 -43.85 -3.95 -12.1 36.08 3.99 2.17 -14.14 2.59 1.51 -6.83 0.67 0.36 0.76 -1.79 1.46 -11.96 3.66 -3.49 41.73 0.93 -2.67 17.45 0 -0 0 -76.93 25.26 61.99 22.97 -34.05 -7.12 -0 0 -13.74 -21.46 16.68 -6.44 -7.12 0 -0 -42.6 42.36 3.5 0 -0 0 63.02 -19.23 86.3 -31.71 42.31 -12.55 0 -0 -46.15 21.76 -3.83 -1.53 7.12 -0 -0 36.73 -31.54 15.01
-0.26 16.83 16.79 -175.17 -28.11 -160.62 0 0 0 -20.57 20.02 -33.07 9.13 16.89 56.55 -1.57 44.42 26.14 1.84 8.53 24.34 0 0 0 35.08 9.7 -26.51 -2.13 -9.14 26.22 -3.46 -15.14 -42.71 -3.59 -11.6 34.32 3.84 2.32 -13.71 2.6 1.81 -6.29 0.8 0.56 1.11 -1.77 1.58 -12.12 4 -3.36 41.54 1.11 -2.54 17.39 0 -0 0 -75.76 24.54 65.05 23.62 -34.76 -7.49 -0 0 -14.53 -19.8 16.32 -5.78 -7.12 0 -0 -41.21 42.28 3.43 0 -0 0 63.24 -18.68 85.99 -31.41 42.07 -12.35 0 -0 -46.01 21.4 -3.35 -1.31 7.12 -0 -0 36.33 -31.16 15.19
-0.28 16.81 16.77 -174.64 -27.38 -161.3 0 0 0 -19.09 18.57 -33.44 10.13 17.48 59.93 1.98 39.35 35.75 0.53 4.67 12.98 0 0 0 35.76 8.4 -26.31 -2.16 -9.18 26.37 -3.27 -14.66 -41.56 -3.25 -11.1 32.61 4.51 2.44 -12.98 2.55 1.94 -6.32 0.38 0.61 0.7 -1.54 1.85 -11.75 4.17 -3.25 41.77 1.16 -2.49 17.42 0 0 0 -73.82 24.64 69.24 24.73 -35.93 -8.13 -0 0 -15.45 -17.84 16 -5.07 -7.12 0 -0 -39.61 42.27 3.24 0 0 0 63.42 -18.81 86.77 -31.31 41.99 -12.27 0 -0 -45.45 21.28 -3.25 -1.26 7.12 -0 -0 36.22 -31.09 15.21
-0.28 16.8 16.75 -174.87 -26.42 -161.53 0 0 0 -18.23 16.39 -34.22 11.4 18.12 64.06 2.82 34.76 36.6 0.16 2.62 7.21 0 0 0 35.55 7.77 -26.4 -2.27 -9.41 27.09 -3.19 -14.01 -40.77 -3.15 -10.93 32.04 4.48 2.5 -11.89 2.29 2.14 -6.47 0.11 0.69 -0.01 -1.62 2.01 -11.19 4.44 -3.17 41.71 1.31 -2.47 17.24 -0 -0 0 -71.02 24.98 74.3 27.36 -38.52 -9.72 -0 0 -14.94 -15.86 16.54 -4.62 -7.12 0 -0 -38.42 42.96 2.31 -0 -0 0 63.67 -18.79 87.47 -31.14 41.85 -12.16 0 -0 -44.85 21.78 -3.48 -1.39 7.12 -0 -0 36.61 -31.23 15.29
-0.28 16.77 16.75 -174.41 -25.36 -162.12 0 0 0 -16.66 14.07 -35.64 12.96 18.77 69 3.59 27.16 36.82 0.07 -1.71 -4.7 0 0 0 35.85 7.88 -26.19 -2.39 -9.63 27.78 -3.15 -13.78 -40.41 -2.94 -10.6 30.94 5.15 2.75 -11.05 2.19 2.5 -6.2 -0.34 0.88 -0.15 -1.08 2.16 -10.66 3.99 -2.79 41.2 1.07 -2.27 16.78 0 -0 0 -67.96 23.96 79.83 30.14 -41.02 -11.5 -0 0 -14.37 -13.57 16.91 -4.02 -7.12 0 -0 -36.87 43.56 1.54 0 -0 0 64.16 -18.65 87.56 -31.03 41.76 -12.09 0 -0 -43.88 20.58 -2.63 -0.99 7.12 -0 -0 35.56 -30.63 15.29
-0.28 16.72 16.78 -174.08 -24.48 -163.03 0 0 0 -14.98 11.91 -37.31 14.73 19.32 74.43 1.09 24.57 23.98 0.01 0.78 2.13 0 0 0 36.15 7.72 -25.75 -2.51 -9.86 28.53 -3.1 -13.61 -40.06 -2.73 -10.24 29.77 5.6 2.86 -9.57 2.24 2.77 -5.87 -0.57 1.03 -0.58 -0.96 2.24 -10.5 3.81 -2.56 40.97 1.01 -2.17 16.6 -0 0 0 -64.67 22.57 84.86 33.72 -43.87 -13.92 -0 0 -14.05 -12.68 16.24 -3.6 -7.12 0 -0 -35.82 43.11 1.95 -0 0 0 64.21 -18.51 87.38 -31.26 41.95 -12.24 0 -0 -43.3 20.27 -2.89 -1.07 7.12 -0 -0 35.47 -30.89 14.95
-0.28 16.72 16.78 -174.51 -23.62 -163.73 0 0 0 -14.05 8.97 -38.81 15.88 19.59 77.89 0.28 15.16 13.48 0.22 -3.03 -8.36 0 0 0 35.35 8.32 -25.07 -2.67 -10.15 29.45 -3.4 -12.83 -40.94 -2.93 -10.58 30.88 5.55 2.9 -7.92 1.93 3.03 -5.56 -0.9 1.19 -1.13 -0.61 2.45 -10.39 3.7 -2.29 40.96 0.94 -2.02 16.55 0 0 0 -60.83 20.51 89.7 37.99 -46.83 -16.96 -0 0 -14.76 -12.89 17.02 -3.83 -7.12 0 -0 -36.39 43.74 1.33 0 0 0 64.4 -18.08 88 -31.34 42.01 -12.29 0 -0 -43.73 19.25 -2.89 -1.01 7.12 -0 -0 34.83 -31 14.44
-0.29 16.7 16.77 -174.08 -23.05 -164.59 0 0 0 -12.16 5.74 -41.1 16.5 19.7 79.72 -0.43 13.3 2.23 0.21 -2.92 -8.07 0 0 0 35.82 8.19 -24.5 -2.78 -10.32 30.03 -3.04 -14.44 -40.36 -2.25 -9.37 26.97 5.84 2.83 -7.08 2.3 3.02 -4.87 -0.7 1.23 -0.89 -1.29 2.56 -10.58 3.77 -1.76 40.45 1.2 -1.84 16.29 0 0 0 -57.51 17.46 94.16 43.27 -49.89 -20.9 -0 0 -15.28 -11.69 17.62 -3.58 -7.12 0 -0 -35.76 44.39 0.63 0 0 0 63.76 -17.48 88.6 -31.61 42.24 -12.48 0 -0 -44.15 17.34 -1.86 -0.58 7.12 -0 -0 33.25 -30.28 14.23
-0.29 16.66 16.77 -174.71 -22.79 -165.16 0 0 0 -11.17 1.45 -43.22 16.43 19.69 79.51 -0.43 12.39 -9.47 0.26 -3.29 -9.08 0 0 0 35.38 7.88 -24.32 -2.99 -10.69 31.22 -2.82 -15.65 -40.16 -1.75 -8.32 23.7 5.34 2.88 -5.79 1.97 3.28 -4.74 -0.8 1.38 -1.46 -1.3 2.49 -9.16 4.21 -2 39.73 1.35 -1.9 15.59 0 0 0 -53.18 13.98 98.37 50.69 -53.27 -26.73 -0 0 -16.48 -13.69 19.54 -4.66 -7.12 0 -0 -38.43 45.71 -0.79 0 0 0 64.04 -17.87 88.82 -31.75 42.34 -12.57 0 -0 -45.09 14.83 -0.87 -0.23 7.12 -0 -0 31.3 -29.62 13.68
-0.31 16.64 16.77 -175.54 -22.41 -165.69 0 0 0 -10.15 -3.2 -44.7 15.49 19.51 76.72 -0.07 11.49 -15.3 0.07 -1.71 -4.7 0 0 0 34.52 7.47 -24.22 -3.24 -11.08 32.53 -3.2 -14.85 -41.35 -1.94 -8.74 24.98 4.69 2.85 -4 1.67 3.44 -4.5 -0.82 1.49 -2.23 -0.66 2.44 -8.07 3.9 -2.02 38.99 1.09 -1.85 14.95 -0 -0 0 -49.79 10.52 99.69 60.28 -56.38 -34.57 -0 0 -17.1 -17.58 21.17 -6.53 -7.12 0 -0 -42.48 46.48 -1.9 -0 -0 0 64.27 -17.81 88.2 -31.59 42.22 -12.46 0 -0 -44.96 14.96 -0.54 -0.14 7.12 -0 -0 31.28 -29.32 13.94
-0.32 16.6 16.77 -176.31 -22.09 -166.24 0 0 0 -9.35 -7.03 -46.48 13.97 19.11 72.12 0.11 12.67 -19.39 0.14 -2.39 -6.58 0 0 0 33.69 7.3 -24.31 -3.57 -11.56 34.21 -3.29 -14.78 -41.7 -2.01 -8.88 25.42 3.65 2.61 -2.48 1.74 3.28 -3.97 -0.23 1.48 -2.59 -1.17 2.6 -8.05 4.11 -1.64 38.67 1.33 -1.7 14.77 0 0 0 -48.43 7.32 96.73 70.92 -58.58 -43.56 -0 0 -15.34 -24.19 22.28 -9.66 -7.12 0 -0 -48.16 46.36 -2.11 0 0 0 63.56 -16.91 88.74 -31.81 42.39 -12.61 0 -0 -45.02 14.87 -0.77 -0.21 7.12 -0 -0 31.29 -29.53 13.76
-0.34 16.58 16.74 -176.51 -21.32 -167.26 0 0 0 -8.69 -8.68 -47.75 11.82 18.31 65.41 0.49 12.63 -23.17 0.1 -2 -5.5 0 0 0 33.47 7.31 -23.43 -3.72 -11.78 34.97 -3.38 -15.03 -42.27 -1.97 -8.81 25.2 3.15 2.77 -0.27 1.56 3.65 -3.75 -0.25 1.68 -3.61 -0.37 2.78 -7.53 4.37 -1.78 38.77 1.27 -1.65 14.72 -0 -0 0 -48.36 4.86 90.14 84.25 -59.87 -55.02 -0 0 -13.96 -30.44 23.2 -13.03 -7.12 0 -0 -53.07 46.05 -1.95 -0 -0 0 63.74 -16.69 88.58 -31.63 42.25 -12.49 0 -0 -44.91 14.74 0.42 0.11 7.12 -0 -0 30.85 -28.49 14.42
-0.36 16.58 16.71 -177.12 -20.93 -168.21 0 0 0 -9.19 -9.63 -48.35 9.28 16.99 57.07 0.61 12.54 -24.08 0.46 -4.34 -12.04 0 0 0 32.98 6.13 -22.51 -3.79 -11.88 35.29 -3.36 -14.76 -41.99 -1.95 -8.77 25.07 1.92 2.44 1.98 1.79 3.31 -3.37 0.58 1.56 -4.58 -0.52 2.96 -6.82 4.43 -1.41 38.17 1.37 -1.51 14.25 0 0 0 -51.48 2.7 80.12 98.48 -59.73 -67.34 -0 0 -12.25 -35.62 24.64 -16.63 -7.12 0 -0 -57.37 46.24 -2.66 0 0 0 62.74 -15.54 89.65 -31.76 42.35 -12.58 0 -0 -44.39 15.55 0.45 0.12 7.12 -0 -0 31.38 -28.4 14.84
-0.41 16.57 16.67 -176.79 -20.97 -169.17 0 0 0 -9.62 -9.52 -49.24 6.8 15.16 48.11 0.35 13.22 -22.53 0.75 -5.51 -15.38 0 0 0 33.32 4.85 -22.14 -3.86 -11.97 35.61 -3 -15.43 -40.86 -1.75 -8.34 23.74 1.91 2.25 3.8 2.03 3.14 -3.09 0.78 1.48 -5.35 -0.3 2.98 -6.8 4.43 -1.33 37.76 1.34 -1.41 14.04 -0 -0 0 -56.3 -0.27 69.74 112.28 -58.04 -79.17 -0 0 -10.18 -34.08 23.41 -15.05 -7.12 0 -0 -55.43 45.61 -1.23 -0 -0 0 62.48 -14.41 89.96 -31.27 41.95 -12.25 0 -0 -43.16 17.89 0.12 0.04 7.12 -0 -0 32.97 -28.49 15.81
-0.47 16.51 16.6 -175.53 -21.2 -169.94 0 0 0 -9.82 -8.65 -51.19 5 13.39 40.83 0.33 14.4 -23.69 0.29 -3.48 -9.63 0 0 0 34.61 3.55 -22.19 -3.92 -12.05 35.91 -2.96 -15.21 -40.5 -1.83 -8.51 24.26 2.61 2.01 4.71 2.7 2.9 -3.07 1.07 1.34 -5.85 -0.25 3.05 -6.46 4.33 -1.2 37.58 1.3 -1.38 13.88 0 0 0 -63.14 -4.16 61.48 121.67 -55.85 -87.05 -0 0 -11.82 -25.16 22.26 -10.09 -7.12 0 -0 -48.83 46.19 -1.9 0 0 0 61.48 -13.4 91.43 -31.23 41.92 -12.22 0 -0 -43.53 18.31 0.08 0.03 7.12 -0 -0 33.25 -28.48 16
-0.56 16.46 16.49 -173.7 -21.5 -170.57 0 0 0 -9.83 -7.67 -53.23 3.78 11.86 35.22 0.27 15.6 -24.69 0.18 2.71 7.48 0 0 0 36.39 1.87 -22.12 -3.81 -11.91 35.4 -2.78 -14.92 -39.48 -1.58 -7.92 22.48 4.36 1.8 5.29 3.14 2.78 -3.58 0.54 1.17 -6.66 0.79 3.18 -6.19 3.64 -1.08 37.81 0.85 -1.3 13.93 -0 -0 0 -68.51 -8.12 61.04 124.59 -54.96 -89.45 -0 0 -20 -11.15 18.91 -3.66 -7.12 0 -0 -36.03 45.52 -0.54 -0 -0 0 61.35 -12.8 92.74 -30.77 41.55 -11.92 0 -0 -44.51 19.57 -0.75 -0.27 7.12 -0 -0 34.29 -29.09 16.1
-0.71 16.39 16.36 -171.2 -21.69 -170.9 0 0 0 -8.87 -7.36 -55.44 2.96 10.62 31.02 0.12 19.37 -28.28 0.48 4.44 12.33 0 0 0 38.69 0.49 -22.28 -3.72 -11.78 34.95 -2.73 -14.46 -38.9 -1.24 -7.07 19.93 6.56 1.48 4.33 4.11 2.38 -3.61 0.41 0.86 -6.12 0.62 3.52 -7.13 3.74 -0.5 37.9 1 -1.03 14.16 -0 0 0 -72.1 -12.3 65.59 121.14 -56 -86.61 -0 0 -33.87 -4.17 15.72 -1.13 -7.12 0 -0 -28.7 43.65 1.05 -0 0 0 60.99 -11.39 92.17 -29.51 40.47 -11.09 0 -0 -43.07 24.06 -1.15 -0.51 7.12 -0 -0 37.09 -28.91 18.35
-0.86 16.3 16.16 -169.26 -21.22 -171.07 0 0 0 -5.38 -10.06 -56.16 2.6 10.02 29.04 2.83 17.76 -41.77 2.87 10.49 30.56 0 0 0 40.33 0.11 -21.93 -3.69 -11.74 34.81 -2.82 -14.04 -39.05 -1.07 -6.59 18.51 8.03 1.72 3.22 4.8 2.59 -3.67 0.34 0.88 -5.51 0.79 3.61 -7.6 3.91 -0.28 37.48 1.08 -0.83 14.07 0 0 0 -73.66 -15.57 72.17 114.34 -57.64 -80.91 -0 0 -50.76 -7.35 13.77 -1.76 -7.12 0 -0 -30.44 41.59 2.86 0 0 0 59.74 -10.51 93.83 -29.87 40.78 -11.33 0 -0 -44.58 24.37 -1.38 -0.62 7.12 -0 -0 37.35 -29.07 18.37
-1.03 16.25 15.92 -168.63 -20.87 -171.21 0 0 0 -3.92 -11.74 -55.78 2.59 10 28.99 6.75 10.81 -53.12 4.82 13.18 40.03 0 0 0 40.7 -0.41 -20.65 -3.61 -11.63 34.42 -2.77 -14.36 -39.02 -0.88 -5.97 16.7 8.62 1.91 3.86 4.92 2.99 -4.69 0.1 0.96 -6.93 1.48 3.92 -7.07 4.17 0.07 36.96 1.1 -0.54 13.71 -0 -0 0 -72.13 -15.48 77.58 107.28 -58.84 -74.91 -0 0 -52.04 -12.58 17.16 -3.77 -7.12 0 -0 -36.22 43.88 1.16 -0 -0 0 59.55 -11.99 94.09 -29.44 40.41 -11.04 0 -0 -44.57 27.55 -2.51 -1.31 7.12 -0 -0 39.49 -29.57 19.47
-1.21 16.21 15.62 -168.66 -20.1 -170.98 0 0 0 -3.65 -12.87 -54.44 2.63 10.06 29.18 8.37 8.14 -57.64 5.65 14.08 43.55 0 0 0 40.36 -0 -18.75 -3.49 -11.45 33.83 -2.98 -14.29 -39.97 -0.83 -5.8 16.2 8.05 2.34 3.18 5.04 3.45 -5.14 0.53 1.19 -7.03 2.56 4.67 -6.59 4.67 1.22 35.62 1.25 0.25 13.01 -0 -0 0 -68.87 -16.68 83.21 93.5 -59.95 -63.03 -0 0 -43.26 -16.03 18.49 -5.21 -7.12 0 -0 -39.64 44.54 0.53 -0 -0 0 59.86 -13.43 92.4 -28.68 39.74 -10.56 0 -0 -42.24 29.36 -1.66 -0.93 7.12 -0 -0 40.06 -28.5 21.44
-1.4 16.26 15.25 -168.95 -20.35 -170.38 0 0 0 -3.54 -15.06 -52.94 2.63 10.07 29.21 8.54 9.68 -58.69 5.4 13.82 42.52 0 0 0 39.92 0.07 -16.3 -3.04 -10.76 31.48 -2.84 -15.3 -40.02 -0.74 -5.48 15.29 7.12 2.35 1.61 5.57 3.2 -5.31 1.66 1.11 -6.38 4.31 6.53 -6.22 4.68 4.21 33.96 1.31 1.95 12.25 0 -0 0 -64.95 -17.66 87.59 77.24 -59.38 -48.97 -0 0 -38.75 -19.63 20.09 -6.98 -7.12 0 -0 -43.35 45.33 -0.44 0 -0 0 59.09 -13.63 91.58 -28.22 39.32 -10.26 0 -0 -41.56 30.69 -1.9 -1.12 7.12 -0 -0 40.78 -28.44 22.22
-1.65 16.34 14.8 -169.81 -20.34 -168.71 0 0 0 -3.7 -17.06 -51.86 2.56 9.94 28.8 9 10.94 -60.52 5.38 13.8 42.43 0 0 0 38.76 0.13 -13.81 -2.46 -9.76 28.21 -2.56 -16.13 -39.3 -0.47 -4.41 12.24 6.2 2.68 -1.16 5.77 3.25 -5.97 2.48 1.16 -5.55 5 8.49 -5.75 5.81 7.17 32 1.91 3.65 11.33 0 0 0 -60.66 -16.75 89.73 63.84 -57.25 -37.55 -0 0 -35.57 -23.19 21.88 -9.07 -7.12 0 -0 -47.16 46.2 -1.81 0 0 0 57.48 -13.57 94.68 -28.5 39.57 -10.44 0 -0 -45.36 28.8 -2.44 -1.34 7.12 -0 -0 40.1 -29.29 20.37
-1.93 16.44 14.34 -170.98 -20.46 -167.23 0 0 0 -4.51 -19.25 -50.16 2.47 9.78 28.25 8.67 15.36 -61.04 4.87 13.23 40.25 0 0 0 37.15 0.96 -11.11 -2.04 -8.94 25.62 -2.03 -17.96 -38.21 -0.22 -3.05 8.42 5.66 3.2 -3.14 5.31 3.7 -7.16 2.37 1.33 -5.69 6.38 10.44 -4.39 7.3 9.78 30.17 2.38 5.25 10.37 0 0 0 -55.43 -14.38 88.67 53.46 -54.3 -28.96 -0 0 -29.19 -27.24 22.24 -11.03 -7.12 0 -0 -50.24 45.85 -1.43 0 0 0 57.69 -16.29 93.89 -28.55 39.62 -10.48 0 -0 -46.22 28.1 -2.52 -1.34 7.12 -0 -0 39.78 -29.48 19.83
-2.25 16.55 13.88 -172.34 -20.51 -165.95 0 0 0 -5.85 -21.51 -47.94 2.37 9.59 27.67 9.78 15.05 -64.14 4.77 13.12 39.8 0 0 0 35.12 1.74 -8.47 -1.76 -8.36 23.8 -1.48 -19.07 -36.37 -0.1 -2.07 5.69 5.3 3.93 -5.14 4.8 4.4 -8 2.12 1.64 -5.44 7.68 12.08 -2.57 7.59 12.53 27.35 2.31 6.78 9.08 -0 -0 0 -50.15 -13.23 85.98 44.68 -50.61 -21.99 -0 0 -22.17 -25.29 20.9 -9.57 -7.12 0 -0 -47.95 45.13 -0.21 -0 -0 0 58.36 -19.47 90.86 -28.53 39.6 -10.46 0 -0 -44.82 28.57 -2.29 -1.25 7.12 -0 -0 39.92 -29.2 20.35
-2.59 16.66 13.42 -173.34 -20.66 -165.34 0 0 0 -9.71 -19.36 -46.53 2.36 9.59 27.65 8.88 15.99 -61.87 4.47 12.77 38.5 0 0 0 33.38 2.22 -5 -1.41 -7.51 21.23 -0.95 -20.09 -34.55 -0.01 -0.69 1.89 5.41 4.79 -6.39 4.13 5.34 -8.98 1.44 2.01 -5.71 8.85 13.27 -0.91 8.05 14.54 24.75 2.23 7.9 7.96 -0 0 0 -44.64 -12.92 81.89 37.31 -46.39 -16.46 -0 0 -17.01 -23.02 20.57 -8.49 -7.12 0 -0 -46.13 45.22 -0.33 -0 0 0 59.01 -22.89 89.29 -28.94 39.97 -10.72 0 -0 -44.77 28.98 -2.7 -1.5 7.12 -0 -0 40.29 -29.49 20.27
-2.92 16.78 13 -173.79 -21.59 -165.21 0 0 0 -13.66 -15.83 -45.32 2.4 9.65 27.86 7.27 15.37 -56.75 4.52 12.82 38.71 0 0 0 32.63 2.13 -1.76 -1.12 -6.71 18.86 0.1 -22.65 -31.29 -0 0.42 -1.15 5.74 5.46 -7.34 4.07 6.05 -9.51 1.28 2.29 -5.72 7.14 14.16 -1.34 9.98 15.79 23.35 3.08 8.57 7.22 0 0 0 -39.58 -14.41 77.45 31.25 -41.94 -12.24 -0 0 -12.09 -20.83 19.24 -7.14 -7.12 0 -0 -43.69 44.49 0.69 0 0 0 59.16 -25.23 87.35 -29.15 40.15 -10.85 0 -0 -44.26 28.76 -2.52 -1.38 7.12 -0 -0 40.11 -29.37 20.28
-3.25 16.9 12.57 -175 -23.18 -164.59 0 0 0 -18.01 -12.83 -44.1 2.32 9.51 27.41 5.14 17.3 -50.59 3.78 11.86 35.25 0 0 0 31.34 1.55 0.76 -0.86 -5.92 16.57 0.83 -24.59 -29.15 -0 0.07 -0.19 5.35 6 -8.7 3.46 6.56 -10.49 0.97 2.46 -5.98 7.68 14.61 -1.12 10.34 16.42 23.05 3.13 8.96 7.09 0 0 0 -33.13 -15.9 73.63 28.26 -39.36 -10.29 -0 0 -5.78 -19.07 18.5 -6.26 -7.12 0 -0 -41.95 44.14 1.1 0 0 0 59.25 -27.34 86.9 -29.79 40.72 -11.27 0 -0 -45.23 29.26 -3 -1.68 7.12 -0 -0 40.55 -29.7 20.21
-3.58 17 12.17 -175.47 -24.48 -163.74 0 0 0 -20.56 -11.15 -42.96 2.16 9.2 26.42 4.01 18.43 -47.13 3.16 10.95 32.11 0 0 0 30.57 0.76 1.25 -0.8 -5.71 15.95 1.54 -26.37 -26.76 -0 -0.11 0.3 5.57 6.34 -10.43 3.15 6.64 -11.65 0.66 2.35 -6.24 7.25 14.81 -0.47 11.59 16.64 22.4 3.47 9.11 6.61 -0 0 0 -26.62 -17.39 68.63 26.39 -37.59 -9.13 -0 -0 1.07 -22.73 18.85 -7.71 -7.12 0 -0 -44.8 43.91 1.54 -0 0 0 58.82 -29.28 87.11 -30.75 41.53 -11.9 0 -0 -44.52 29.82 -3.34 -1.91 7.12 -0 -0 40.96 -29.89 20.3
-3.91 17.07 11.78 -175.74 -26.05 -162.95 0 0 0 -22.24 -10.43 -41.75 2.09 9.06 25.97 3.44 18.02 -44.58 2.89 10.51 30.65 0 0 0 30.27 -0.09 1.95 -0.69 -5.32 14.81 2.2 -28.57 -25.94 -0.2 -2.87 7.92 5.74 6.77 -12.46 2.51 6.75 -12.95 0.06 2.21 -6.48 9.18 14.9 0.83 11.08 16.88 22.08 2.97 9.29 6.54 0 -0 0 -18.95 -19.95 65.25 24.9 -36.1 -8.23 -0 -0 4.66 -23.21 17.29 -7.26 -7.12 0 -0 -44.17 42.6 3.36 0 -0 0 59.15 -32.14 86.92 -31.85 42.43 -12.64 0 -0 -43.67 30.88 -2.95 -1.76 7.12 -0 -0 41.3 -29.33 21.43
-4.22 17.11 11.44 -175.74 -27.23 -161.96 0 0 0 -23.19 -9.96 -41.46 2.13 9.13 26.2 3.27 17.27 -43.34 2.62 10.05 29.13 0 0 0 30.22 -0.7 1.16 -0.73 -5.46 15.22 2.78 -30.62 -25.91 -0.33 -3.71 10.26 5.82 7.17 -14.18 2.16 6.82 -14.21 -0.21 2.05 -6.93 9.52 14.96 1.33 11.39 17.02 21.63 2.96 9.38 6.31 0 0 0 -11.6 -21.87 59.59 24.08 -35.25 -7.75 -0 -0 5.16 -25.68 18.16 -8.52 -7.12 0 -0 -46.37 42.95 3.11 0 0 0 58.24 -33.63 88.73 -33.37 43.61 -13.67 0 -0 -44.51 30.03 -2.53 -1.46 7.12 -0 -0 40.72 -29.13 21.17
-4.49 17.13 11.14 -176.19 -28.16 -160.98 0 0 0 -24.41 -9.67 -41.05 2.19 9.26 26.61 3.41 15.83 -42.93 2.52 9.88 28.6 0 0 0 29.89 -1.31 -0.06 -0.9 -6.03 16.88 2.85 -31.49 -27.83 -1.07 -6.56 18.43 5.4 7.58 -14.71 1.55 7.11 -15.47 -0.58 2.03 -8.07 8.64 14.85 1.11 12.67 16.8 20.93 3.4 9.29 5.91 -0 -0 0 -4.59 -24.26 51.95 22.5 -33.54 -6.86 -0 -0 5.56 -25.43 17.39 -8.09 -7.12 0 -0 -45.72 42.37 3.9 -0 -0 0 59 -35.9 86.5 -34.12 44.18 -14.2 0 -0 -43.12 32.37 -3.58 -2.27 7.12 -0 -0 42.22 -29.56 21.97
-4.7 17.13 10.89 -177.57 -28.7 -159.54 0 0 0 -26.85 -8.58 -41.02 2.18 9.23 26.52 2.8 16.3 -40.57 1.94 8.74 24.98 0 0 0 28.88 -1.36 -2.84 -1.35 -7.36 20.8 2.86 -32.62 -30.79 -2.07 -9.01 25.84 3.55 7.29 -15.53 1.25 6.66 -16.24 0.11 1.87 -8.72 8.29 15.27 0.43 13.14 17.34 20.81 3.65 9.6 5.89 -0 -0 0 1.63 -25.34 42.01 21.36 -32.24 -6.24 -0 -0 6.4 -25.35 19.41 -8.95 -7.12 0 -0 -46.98 43.98 1.57 -0 -0 0 58.39 -36.21 88.02 -34.11 44.16 -14.19 0 -0 -42.7 32.46 -3.07 -1.95 7.12 -0 -0 42.04 -29.09 22.53
-4.88 17.11 10.69 -177.76 -30.51 -159.24 0 0 0 -27.59 -8.11 -40.73 2.3 9.46 27.26 2.9 14.52 -39.76 1.6 7.97 22.63 0 0 0 29.56 -3.6 -5.64 -1.94 -8.74 24.99 2.64 -32.43 -31.92 -3.11 -10.87 31.83 2.99 7.02 -15.68 1.04 6.24 -16.79 0.16 1.65 -9.34 7.47 15.26 -0.03 14.16 17.3 20.01 4.03 9.59 5.53 0 0 0 7.51 -27.64 32.59 19.87 -30.48 -5.46 -0 -0 8 -23.25 19.69 -8.24 -7.12 0 -0 -45.72 44.5 0.73 0 0 0 57.79 -36.49 89.73 -34.71 44.61 -14.61 0 -0 -43.44 31.34 -3.01 -1.83 7.12 -0 -0 41.53 -29.29 21.71
-5.03 17.06 10.55 -178.44 -32.18 -158.79 0 0 0 -29.47 -6.82 -40.66 2.25 9.36 26.94 1.46 17.97 -35.25 0.34 3.77 10.42 0 0 0 29.88 -5.94 -9.11 -2.9 -10.52 30.69 2.82 -30.93 -26.47 -2.9 -10.54 30.73 1.97 6.5 -15.75 0.93 5.59 -17.18 0.54 1.4 -9.89 7.44 15.24 0.48 14.17 17.51 18.85 3.91 9.63 5.06 -0 -0 0 12.62 -29.31 23.34 18.89 -29.28 -4.97 -0 -0 9.54 -23.46 21.6 -9.07 -7.12 0 -0 -47.16 45.95 -1.43 -0 -0 0 57.07 -37.08 90.37 -35.68 45.29 -15.3 0 -0 -42.32 31.66 -2.96 -1.82 7.12 -0 -0 41.65 -29.17 22
-5.14 17.04 10.4 -178.89 -34.28 -159.04 0 0 0 -30.17 -6.19 -39.63 2.31 9.48 27.3 1.61 16.31 -34.53 0.14 2.44 6.72 0 0 0 30.78 -8.56 -11.15 -3.59 -11.59 34.31 3.04 -29.21 -14.85 -1.38 -7.44 21.02 1.01 5.5 -15.4 1.3 4.44 -17.18 1.36 0.99 -10.2 6.49 15.5 -0.48 14.63 17.83 18.76 4.24 9.81 5.03 -0 -0 0 17.09 -29.98 15.4 18.19 -28.39 -4.64 -0 -0 10.96 -22.69 21.89 -8.86 -7.12 0 -0 -46.81 46.29 -1.91 -0 -0 0 53.18 -35.86 96.36 -39.48 47.76 -18.06 0 -0 -43.26 28.54 -2.17 -1.18 7.12 -0 -0 39.86 -29.1 20.43
-5.24 17.04 10.31 -178.46 -35.54 -158.73 0 0 0 -29.59 -7.03 -39.7 2.41 9.67 27.92 2.31 13.7 -36.23 0.34 3.74 10.33 0 0 0 32.06 -10.1 -13.59 -3.93 -12.07 35.97 1.72 -23.45 -1.73 -0.12 -2.19 6.03 0.72 5.18 -16.1 1.57 3.94 -17.44 1.82 0.76 -10.17 7.27 15.27 0.11 13.54 17.78 18.11 3.75 9.73 4.91 0 0 0 20.7 -30.77 8.17 17.83 -27.94 -4.47 -0 -0 12.38 -22.64 23.4 -9.41 -7.12 0 -0 -47.87 47.44 -3.72 0 0 0 48.64 -34.14 102.18 -45.01 50.77 -22.25 0 -0 -42.41 26.71 -0.3 -0.15 7.12 -0 -0 38.22 -27.77 20.7
-5.32 17.03 10.26 -177.94 -35.75 -158.57 0 0 0 -29.34 -6.73 -40.38 2.5 9.84 28.47 1.81 14.76 -34.33 0 0.05 0.12 0 0 0 32.95 -10.53 -14.7 -3.86 -11.98 35.65 0.4 -16.3 6.81 -0.13 2.32 -6.4 0.37 4.91 -16.63 2.18 3.6 -17.35 2.67 0.66 -9.85 6.09 14.64 -0.72 13.66 16.9 18.13 3.96 9.27 4.95 0 0 0 23.38 -30.98 0.75 17.23 -27.15 -4.19 -0 -0 13.63 -21.29 23.85 -8.95 -7.12 0 -0 -47.19 47.99 -4.44 0 0 0 43.54 -30.2 107.21 -51.28 53.5 -27.2 0 -0 -40.33 24.62 1.61 0.74 7.12 -0 -0 36.45 -26.4 20.75
-5.39 17.04 10.23 -177.91 -35.61 -158.24 0 0 0 -29.45 -6.77 -40.5 2.51 9.86 28.54 1.93 14.4 -34.71 0.03 1.07 2.95 0 0 0 33.02 -10.7 -15.76 -3.85 -11.96 35.61 0.05 -15.62 10.39 -0 0.35 -0.95 0.26 4.73 -17.11 2.41 3.35 -17.25 2.98 0.55 -9.49 5.25 13.17 -2.46 13.19 14.64 19.82 4.09 8.17 5.84 -0 -0 0 25.21 -31.27 -6.22 16.65 -26.4 -3.93 -0 -0 14.77 -19.32 24.37 -8.23 -7.12 0 -0 -46.07 48.7 -5.24 -0 -0 0 39.45 -25.19 109.05 -58.21 55.81 -32.85 0 -0 -36.59 26.27 1.54 0.76 7.12 -0 -0 37.34 -26.22 21.8
-5.39 17.03 10.26 -177.66 -34.74 -158.42 0 0 0 -29.32 -6.43 -40.66 2.5 9.84 28.46 2.26 13.33 -35.66 0.2 2.85 7.87 0 0 0 33.04 -9.42 -16.26 -4.11 -12.3 36.81 0.05 -16.28 10.9 -0.01 -0.52 1.42 0.02 4.47 -16.98 2.97 3.17 -16.63 3.69 0.58 -8.87 3.31 11.24 -3.82 12.94 11.93 21.11 4.33 6.74 6.46 -0 -0 0 26.09 -30.64 -12.9 16.34 -25.97 -3.79 -0 -0 16.3 -15.99 24.6 -6.8 -7.12 0 -0 -43.59 49.41 -5.73 -0 -0 0 36.23 -18.35 106.97 -66.37 57.78 -39.69 0 -0 -30.7 27.61 0.25 0.13 7.12 -0 -0 38.48 -27.14 21.76
-5.41 17.02 10.28 -178 -34.2 -158.83 0 0 0 -30.19 -5.06 -40.45 2.51 9.85 28.49 2.23 12.98 -35.24 0.43 4.2 11.65 0 0 0 32.58 -9.43 -16.03 -4.28 -12.52 37.6 0.11 -17.22 11 -0.13 -2.31 6.36 -0.03 3.94 -17.12 3.01 2.68 -15.69 3.68 0.41 -7.64 0.12 7.48 -6.99 13.9 6.15 24.34 5.15 3.85 8.2 -0 -0 0 27.03 -30.28 -17.52 15.95 -25.45 -3.62 -0 -0 16.99 -12.76 26.05 -5.68 -7.12 0 -0 -42 51.06 -7.39 -0 -0 0 34.76 -10.65 101.13 -74.93 59.12 -46.99 0 -0 -26.56 34.68 -1.47 -1.02 7.12 -0 -0 42.25 -27.08 25.9
-5.44 17.01 10.43 -178.35 -32.35 -157.77 0 0 0 -31.37 -4.68 -42.11 2.53 9.89 28.64 2.28 13.27 -35.72 0.42 4.17 11.56 0 0 0 31.45 -8.44 -18.18 -4.76 -13.11 39.79 0.13 -17 10.6 -0.19 -2.82 7.77 1.29 4.32 -17.5 2.25 3.03 -15.29 2.17 0.43 -6.85 -2.8 3.89 -9.15 13.78 0.68 28.15 5.44 0.93 10.36 0 0 0 27.77 -29.1 -19.39 15.64 -25.03 -3.49 -0 -0 17.76 -10.97 26.11 -4.88 -7.12 0 -0 -40.53 51.41 -7.44 0 0 0 35.66 -2.69 90.97 -80.79 59.68 -52.03 0 -0 -22.94 36.19 -2.34 -1.71 7.12 -0 -0 43.14 -27.41 26.47
-5.35 16.98 10.43 -178.59 -31.26 -158.34 0 0 0 -32.06 -3.2 -41.91 2.41 9.68 27.94 1.78 15.01 -34.37 0.2 2.91 8.03 0 0 0 31.7 -7.01 -17.91 -5.06 -13.45 41.09 0.44 -19.04 9.16 -0.1 -2.01 5.53 0.75 3.14 -17.85 2.44 1.8 -13.9 2.5 -0.01 -5.07 -6.22 -0.14 -11.18 13.56 -5.62 31.98 5.44 -2.5 13.08 -0 -0 0 27.83 -26.31 -18.85 15.78 -25.22 -3.55 -0 -0 17.95 -10.37 26.86 -4.73 -7.12 0 -0 -40.58 52.1 -8.21 -0 -0 0 40.39 5.65 77.09 -82.45 59.78 -53.47 0 -0 -18.56 32.72 -3.29 -2.11 7.12 -0 -0 42.25 -29.22 22.53
-5.28 16.94 10.49 -179.06 -29.96 -158.52 0 0 0 -32.46 -2.95 -41.85 2.37 9.59 27.66 1.4 16.93 -33.9 0.06 1.63 4.49 0 0 0 31.66 -5.54 -17.99 -5.3 -13.71 42.08 1.06 -22.54 6.47 -0.4 -4.06 11.25 0.07 1.64 -17.97 3.17 0.14 -12.57 3.4 -0.67 -3.47 -10.46 -3.73 -11.58 12.5 -10.86 34.59 5.01 -5.68 15.32 0 0 0 26.16 -22.3 -17.43 15.66 -25.06 -3.5 -0 -0 18.25 -9.33 27.36 -4.32 -7.12 0 -0 -40.06 52.69 -8.71 0 0 0 48.37 13.5 63.52 -82.9 59.81 -53.86 0 -0 -13.69 22.29 -0.4 -0.17 7.12 -0 -0 35.81 -28.49 17.85
-5.24 16.96 10.55 -179.44 -29.53 -158.81 0 0 0 -32.47 -3.47 -41.29 2.39 9.63 27.78 1.41 17.39 -34.39 0.09 1.98 5.44 0 0 0 31.58 -5.69 -17.87 -5.31 -13.72 42.15 1.39 -23.65 4.16 -0.49 -4.49 12.47 -0.08 1.1 -18.9 2.66 -0.3 -11.13 2.83 -0.8 -1.39 -14.18 -7.73 -8.82 12.77 -17.99 34.88 4.41 -9.5 16.59 0 -0 0 25.6 -21.68 -18.77 15.43 -24.75 -3.4 -0 -0 19.56 -8.45 26.74 -3.82 -7.12 0 -0 -38.82 52.34 -8 0 -0 0 60.14 16.93 52.54 -85.42 59.92 -56.04 0 -0 -21.47 7.45 5.77 0.75 7.12 -0 -0 24.71 -24.05 13.77
-5.23 17.01 10.6 -179.16 -29 -159.4 0 0 0 -32.35 -3.11 -40.8 2.29 9.45 27.2 0.73 19.89 -33.04 0 0.21 0.58 0 0 0 31.87 -6 -17.97 -5.27 -13.68 41.99 1.74 -25.98 4.16 -0.89 -6 16.78 0.39 0.46 -19.92 2.91 -1.04 -9.65 2.65 -1.11 0.77 -16.72 -10.81 -6.01 11.61 -22.7 33.76 3.37 -12.04 16.49 -0 -0 0 23.46 -19.25 -17.22 15.71 -25.12 -3.52 -0 -0 18.2 -7.8 27.88 -3.67 -7.12 0 -0 -39.13 53.37 -9.16 -0 -0 0 71.49 19.13 49.69 -87.14 59.97 -57.52 0 -0 -49.58 1.97 7.52 0.26 7.12 -0 -0 20.67 -22.53 11.95
-5.21 17.01 10.66 -178.81 -28.36 -159.41 0 0 0 -31.81 -3.68 -41.02 2.28 9.43 27.16 1.79 17.27 -36.38 0.39 4.02 11.12 0 0 0 32.29 -6.34 -18.03 -5.09 -13.48 41.19 1.77 -26.76 5.12 -0.5 -4.53 12.57 0.47 -0.05 -21.51 3.75 -1.66 -8.18 3.32 -1.34 3.22 -17.89 -13.5 -4.54 9.7 -25.7 31.94 2.2 -13.51 15.66 -0 -0 0 20.43 -16.82 -16.82 15.64 -25.03 -3.49 -0 -0 17.62 -7.91 26.84 -3.59 -7.12 0 -0 -38.41 52.52 -8.08 -0 -0 0 77.91 19.41 50.53 -79.49 59.58 -50.91 0 -0 -72.73 9.57 2.46 0.42 7.12 -0 -0 26.86 -26.97 13.16
-5.2 17.03 10.68 -178.71 -27.58 -159.39 0 0 0 -31.65 -3.58 -40.88 2.19 9.25 26.58 1.99 16.78 -36.99 0.58 4.88 13.56 0 0 0 32.33 -6.3 -17.84 -4.95 -13.33 40.62 1.92 -27.38 4.68 -0.36 -3.83 10.61 0.02 -0.46 -22.06 4.22 -2.17 -7.94 3.96 -1.59 3.81 -17.76 -14.88 -1.58 9.24 -27.61 29.32 1.98 -14.49 14.06 -0 0 0 17.85 -14.83 -14.19 15.66 -25.06 -3.5 -0 -0 16.25 -9.42 27.36 -4.36 -7.12 0 -0 -40.15 52.67 -8.71 -0 0 0 80.63 15.56 53.95 -69.73 58.39 -42.54 0 -0 -78.31 17.55 -1.7 -0.54 7.12 -0 -0 33.33 -30.12 14.44
-5.24 17.04 10.77 -177.8 -26.18 -158.78 0 0 0 -30.94 -4.2 -42.05 2.13 9.13 26.19 1.82 18.34 -37.5 0.51 4.56 12.66 0 0 0 32.28 -4.76 -19.03 -5.06 -13.46 41.1 1.7 -27.06 6.41 -0.18 -2.76 7.61 0.98 -0.01 -22.58 4.78 -1.92 -7.9 4.07 -1.51 4.09 -17.27 -16.15 -0.87 9.58 -28.8 26.58 1.98 -14.88 12.92 -0 -0 0 15.71 -13.03 -12.89 15.56 -24.92 -3.46 -0 -0 16.35 -11.44 28.19 -5.46 -7.12 0 -0 -42.56 52.95 -9.74 -0 -0 0 79.54 11.43 56.7 -60.41 56.42 -34.68 0 -0 -67.79 22.2 -0.05 -0.02 7.12 -0 -0 35.64 -28.19 18.06
-5.26 17.07 10.75 -178.16 -28.12 -160.57 0 0 0 -31.32 -3.42 -39.2 2.01 8.89 25.45 1.66 17.77 -36.13 0.43 4.22 11.7 0 0 0 32.39 -7.23 -16.94 -4.77 -13.12 39.82 1.64 -27.06 7 -0.19 -2.82 7.77 0.44 -1.39 -20.7 5.64 -3.43 -7.12 4.95 -2.16 4.16 -16.09 -17.45 -2.16 9.33 -29.31 24.11 1.65 -14.82 12 0 -0 0 13.96 -10 -9.9 15.75 -25.18 -3.54 -0 -0 14.4 -12.38 29.32 -6.14 -7.12 0 -0 -44.33 53.64 -11.12 0 -0 0 75.64 8.83 57.55 -49.86 52.94 -26.06 0 -0 -60.97 23.99 -0.76 -0.34 7.12 -0 -0 36.91 -28.58 18.61
-5.29 17.08 10.8 -176.68 -27.59 -160 0 0 0 -29.73 -4.46 -40.72 2.05 8.98 25.73 1.91 17.64 -37.32 0.57 4.84 13.46 0 0 0 33.3 -5.55 -17.92 -4.76 -13.11 39.79 1.36 -26.68 9 -0.08 -1.85 5.09 1.65 -1.28 -21.19 6.67 -3.75 -7.2 5.29 -2.39 4.36 -14.74 -18.29 -3.02 9.08 -29.06 20.99 1.56 -14.5 10.67 -0 0 0 12.7 -7.23 -8.93 15.26 -24.5 -3.33 -0 -0 15.47 -12.65 29.09 -6.23 -7.12 0 -0 -44.36 53.42 -10.86 -0 0 0 70.47 7.66 55.95 -39.97 48.05 -18.42 0 -0 -55.05 26.55 -1.52 -0.76 7.12 -0 -0 38.59 -28.87 19.63
-5.36 17.08 10.84 -176.12 -27.77 -160.08 0 0 0 -29.25 -5.08 -40.64 2.04 8.94 25.61 1.91 18.05 -37.65 0.58 4.89 13.6 0 0 0 33.32 -5.59 -18.37 -4.81 -13.17 40.01 0.88 -25.27 11.47 -0 -0.12 0.34 2.31 -1.41 -20.99 7.33 -4.15 -7.27 5.53 -2.62 4.23 -13.57 -18.91 -3.1 8.55 -28.89 18.29 1.47 -14.35 9.43 -0 0 0 11.93 -5.12 -8.6 14.43 -23.35 -3 -0 -0 17.85 -12.78 27.16 -5.91 -7.12 0 -0 -42.88 51.92 -8.62 -0 0 0 64.97 6.39 50.46 -32.1 42.63 -12.81 0 -0 -48.2 26.37 -0.35 -0.17 7.12 -0 -0 38.06 -27.87 20.44
-5.45 17.09 10.85 -175.78 -27.87 -159.78 0 0 0 -29.41 -5.01 -40.83 1.97 8.8 25.17 1.7 18.56 -37.07 0.43 4.21 11.66 0 0 0 33.03 -5.67 -19.05 -4.83 -13.19 40.08 0.7 -24.98 12.58 -0 -0.44 1.22 3.07 -1.53 -21.45 8.01 -4.64 -7.14 5.71 -2.89 4.65 -12.35 -19.53 -2.97 8.18 -28.58 14.45 1.55 -14.15 7.83 -0 0 0 11.18 -2.98 -8.65 14.02 -22.77 -2.84 -0 -0 18.69 -13.87 27.61 -6.53 -7.12 0 -0 -44.16 52.07 -9.16 -0 0 0 58.12 7.55 44.48 -25.09 36.29 -8.34 0 -0 -41.93 26.6 0.69 0.34 7.12 -0 -0 37.81 -26.92 21.39
-5.51 17.11 10.86 -176.07 -27.58 -160.01 0 0 0 -29.77 -5.04 -39.69 1.84 8.53 24.35 0.96 21.02 -35.61 0.11 2.1 5.77 0 0 0 32.15 -5.35 -18.66 -4.92 -13.29 40.48 0.74 -24.88 12.23 -0.07 -1.67 4.6 3.01 -1.9 -20.99 8.43 -5.11 -6.83 6.09 -3.12 4.83 -11.29 -19.73 -4.68 6.87 -28.03 13.57 1.06 -13.83 7.42 -0 -0 0 11.06 -0.94 -9.45 13.42 -21.9 -2.61 -0 -0 19.97 -14.78 28.04 -7.07 -7.12 0 -0 -45.28 52.24 -9.7 -0 -0 0 50.93 9.65 38.3 -19.89 30.51 -5.48 0 -0 -33.97 26.26 1.8 0.89 7.12 -0 -0 37.25 -25.99 22
-5.59 17.11 10.84 -175.73 -27.1 -160.08 0 0 0 -30.06 -4.3 -39.8 1.78 8.4 23.94 0.41 22.56 -34.32 0.02 0.81 2.23 0 0 0 32.02 -4.72 -18.18 -4.87 -13.23 40.25 0.71 -24.7 12.26 -0.06 -1.61 4.44 3.72 -1.88 -21.34 8.82 -5.36 -6.61 6.03 -3.26 5.27 -10.9 -19.93 -4.36 7 -27.8 10.94 1.29 -13.71 6.46 0 -0 0 11.25 0.76 -9.36 13.2 -21.59 -2.53 -0 -0 20.12 -15.86 28.94 -7.83 -7.12 0 -0 -46.94 52.71 -10.83 0 -0 0 43.19 10.96 31.28 -17.33 27.29 -4.24 0 -0 -25.91 27.24 0.61 0.32 7.12 -0 -0 38.16 -26.88 21.78
-5.68 17.1 10.83 -175.27 -26.89 -160.23 0 0 0 -29.69 -4.57 -39.72 1.83 8.49 24.23 0.44 22.82 -34.8 0.01 0.67 1.84 0 0 0 32.13 -4.49 -17.77 -4.79 -13.14 39.9 0.81 -25.51 12.24 -0.11 -2.09 5.76 4.89 -1.78 -21.39 9.16 -5.59 -6.45 5.67 -3.39 5.43 -9.84 -20.18 -6.08 5.51 -27.58 10.44 0.7 -13.57 6.19 -0 0 0 11.62 2.42 -9.4 13.01 -21.31 -2.46 -0 -0 20.57 -16.17 28.77 -7.95 -7.12 0 -0 -47.06 52.53 -10.64 -0 0 0 34.96 12.4 24.97 -15.5 24.84 -3.43 0 -0 -18.69 27.08 0.51 0.26 7.12 -0 -0 38.12 -27 21.59
-5.76 17.14 10.78 -175.21 -26.63 -160.23 0 0 0 -29.51 -5.06 -38.6 1.71 8.22 23.4 2.77 16.55 -40.58 1.19 6.92 19.47 0 0 0 31.8 -4.16 -17.76 -4.84 -13.2 40.11 1.01 -26.44 11.65 -0.14 -2.4 6.62 5.36 -1.83 -21.78 9.44 -5.87 -6.23 5.62 -3.53 5.88 -8.87 -20.16 -6.72 4.83 -27.2 9.07 0.51 -13.38 5.6 -0 -0 0 12.22 3.69 -10.13 12.69 -20.84 -2.34 -0 -0 21.45 -15.83 27.63 -7.49 -7.12 0 -0 -45.81 51.74 -9.23 -0 -0 0 26.65 13.75 17.93 -14.59 23.57 -3.06 0 -0 -13.93 25.89 1.78 0.86 7.12 -0 -0 37.06 -26.07 21.72
-5.85 17.12 10.74 -174.93 -26.59 -160.08 0 0 0 -29.61 -4.7 -38.92 1.75 8.33 23.72 2.83 15.87 -40.36 1.23 7.04 19.84 0 0 0 31.81 -4.54 -17.28 -4.67 -13 39.38 0.99 -26.64 12.01 -0.35 -3.81 10.55 6.52 -1.71 -22.44 9.66 -6.15 -6.15 5.09 -3.68 6.25 -8.35 -19.97 -7.69 4.2 -26.72 8.79 0.29 -13.14 5.48 0 -0 0 13.08 4.79 -10.56 12.71 -20.86 -2.35 -0 -0 21.01 -16.19 28.44 -7.87 -7.12 0 -0 -46.79 52.28 -10.22 0 -0 0 18.39 14.88 10.86 -14.04 22.79 -2.84 0 -0 -10.04 25.77 1.51 0.73 7.12 -0 -0 37.09 -26.33 21.44
-5.94 17.11 10.68 -174.77 -26.17 -159.6 0 0 0 -29.46 -5.12 -39.39 1.83 8.51 24.26 1.79 19.72 -38.62 0.37 3.93 10.87 0 0 0 31.57 -4.34 -16.88 -4.44 -12.72 38.34 0.97 -27.47 13.03 -0.62 -5.03 14 7.42 -1.53 -23.27 9.83 -6.35 -6.17 4.68 -3.79 6.6 -7.76 -19.79 -8.45 3.62 -26.32 8.4 0.08 -12.95 5.3 0 0 0 14.21 5.81 -11.57 12.47 -20.5 -2.26 -0 -0 21.64 -16.1 27.59 -7.61 -7.12 0 -0 -46 51.66 -9.18 0 0 0 10.29 16.29 3.71 -13.46 21.96 -2.62 0 -0 -6.08 26.42 1.19 0.59 7.12 -0 -0 37.54 -26.5 21.65
-6.02 17.11 10.63 -174.65 -25.86 -158.94 0 0 0 -29.5 -5.29 -39.74 1.8 8.44 24.05 1.5 20.74 -38.16 0.23 3.08 8.5 0 0 0 31.36 -3.88 -16.86 -4.34 -12.6 37.89 0.61 -25.76 13.99 -0.41 -4.1 11.37 8.28 -1.14 -23.88 9.91 -6.22 -6.26 4.3 -3.75 6.74 -6.9 -19.68 -10.04 2.88 -25.98 8.32 -0.3 -12.76 5.29 0 -0 0 15.6 6.09 -12 12.49 -20.53 -2.27 -0 -0 21.06 -16.34 28 -7.83 -7.12 0 -0 -46.53 51.93 -9.68 0 -0 0 2.55 16.22 -2.86 -13.49 21.99 -2.63 0 -0 -3.48 26.86 0.09 0.05 7.12 -0 -0 38.15 -27.4 21.11
-6.09 17.07 10.57 -174.77 -25.88 -158.27 0 0 0 -29.75 -5.68 -39.72 1.74 8.3 23.64 1.65 20.57 -38.7 0.27 3.35 9.25 0 0 0 30.98 -4.02 -17.02 -4.26 -12.5 37.53 0.25 -24.41 15.52 -0.09 -1.93 5.33 8.79 -0.99 -24.48 9.99 -6.31 -6.5 4.06 -3.83 6.75 -6.21 -19.57 -10.54 2.53 -25.75 7.7 -0.43 -12.65 5.03 0 0 0 17.14 6.35 -12.62 12.53 -20.6 -2.29 -0 -0 21.07 -17.07 28.57 -8.36 -7.12 0 -0 -47.63 52.22 -10.4 0 0 0 -4.47 16.04 -8.59 -13.45 21.95 -2.62 0 -0 -1.28 27.65 -0.46 -0.24 7.12 -0 -0 38.76 -27.75 21.22
-6.17 17.05 10.53 -174.61 -25.8 -157.19 0 0 0 -30.07 -5.57 -40.99 1.75 8.33 23.72 1.43 20.85 -37.92 0.19 2.83 7.8 0 0 0 30.82 -3.62 -17.61 -4.21 -12.43 37.27 0.11 -23.01 15.42 -0.04 -1.32 3.62 9.76 -0.44 -25.24 9.93 -6.03 -6.64 3.51 -3.71 6.87 -5.16 -19.4 -11.74 2.49 -25.54 7.44 -0.62 -12.5 4.99 0 -0 0 18.79 6.54 -13.58 12.64 -20.76 -2.32 -0 -0 20.93 -16.76 28.35 -8.14 -7.12 0 -0 -47.18 52.11 -10.12 0 -0 0 -10.66 15.49 -15.13 -13.27 21.68 -2.55 0 0 1.94 29.18 -0.9 -0.51 7.12 -0 -0 39.68 -27.87 21.94
-6.22 17.03 10.49 -174.38 -26.29 -156.74 0 0 0 -30.44 -4.77 -41.91 1.78 8.38 23.88 0.94 21.26 -35.75 0.04 1.32 3.64 0 0 0 31.13 -3.93 -17.71 -4.1 -12.3 36.8 -0.09 -21.45 15.78 -0.04 1.24 -3.42 10.66 -0.16 -25 10.11 -5.93 -7.02 3.26 -3.74 6.27 -4.25 -19.34 -12.12 2.09 -25.43 6.33 -0.75 -12.46 4.53 0 -0 0 20.23 6.56 -14.02 12.57 -20.65 -2.3 -0 -0 20.35 -16.88 28.58 -8.26 -7.12 0 -0 -47.48 52.26 -10.41 0 -0 0 -16.18 14.5 -19.22 -13.46 21.96 -2.62 0 0 3.71 29.86 -2.87 -1.64 7.12 -0 -0 40.78 -29.46 20.75
-6.26 17.01 10.48 -174.33 -26.49 -155.83 0 0 0 -30.92 -4.42 -42.95 1.74 8.3 23.63 0.66 21.32 -34.25 0.01 0.55 1.5 0 0 0 31.24 -3.47 -18.61 -4.16 -12.37 37.06 -0.11 -21.05 15.7 -0.04 1.27 -3.49 11.05 0.19 -25.05 10.21 -5.64 -7.12 3.24 -3.63 6.16 -4 -18.91 -13.62 2.56 -24.86 6.53 -0.76 -12.12 4.84 0 0 0 21.54 6.58 -15.2 12.62 -20.73 -2.32 -0 -0 20.2 -17.02 28.45 -8.3 -7.12 0 -0 -47.49 52.14 -10.26 0 0 0 -20.71 13.65 -25.08 -13.39 21.85 -2.6 0 0 7.24 30.65 -3.27 -1.94 7.12 -0 -0 41.32 -29.66 20.96
-6.29 17 10.47 -174.97 -26.64 -154.88 0 0 0 -31.81 -4.36 -43.78 1.79 8.42 24.01 1.12 19.25 -34.61 0.06 1.53 4.22 0 0 0 30.67 -3.62 -19.43 -4.21 -12.43 37.29 0.06 -21.22 14.5 -0.01 0.62 -1.69 10.79 0.35 -24.63 10.19 -5.28 -7.51 3.5 -3.51 5.53 -3.05 -18.39 -13.94 1.87 -24.21 6.25 -0.98 -11.83 4.6 -0 0 0 22.69 5.77 -16.46 12.42 -20.43 -2.25 -0 -0 20.93 -17.2 28.44 -8.39 -7.12 0 -0 -47.62 52.1 -10.24 -0 0 0 -24.3 12.98 -30.01 -13.28 21.7 -2.56 0 0 9.72 31.18 -3.43 -2.07 7.12 -0 -0 41.64 -29.69 21.21
-6.32 16.97 10.47 -174.67 -27.36 -154.44 0 0 0 -32.23 -3.65 -44.64 1.78 8.38 23.89 0.91 18.7 -32.78 0.01 0.78 2.14 0 0 0 31.17 -4.09 -20.27 -4.27 -12.51 37.55 -0.08 -20.3 14.96 -0.02 0.9 -2.47 11.45 0.71 -24.42 10.37 -5 -7.62 3.43 -3.41 5.27 -2.66 -17.25 -15.74 0.94 -22.7 8.52 -1.42 -11.07 5.41 -0 -0 0 23.42 4.79 -18.28 12.29 -20.24 -2.2 -0 -0 21.34 -17.25 29.09 -8.58 -7.12 0 -0 -48.22 52.57 -11.06 -0 -0 0 -27.08 12.17 -34.3 -13.4 21.87 -2.6 0 0 12.56 32.15 -3.38 -2.12 7.12 -0 -0 42.04 -29.43 21.99
-6.34 16.97 10.47 -174.61 -27.82 -154.15 0 0 0 -32.45 -3.33 -45.71 1.93 8.71 24.89 0.91 18.07 -32.15 0 0.05 0.13 0 0 0 31.38 -4.47 -20.69 -4.23 -12.46 37.37 -0.1 -19.97 14.84 -0.02 0.93 -2.56 11.6 0.94 -23.73 10.4 -4.59 -7.93 3.52 -3.27 4.57 -2.31 -15.71 -17.25 -0.44 -20.69 12.13 -1.99 -10.11 6.61 0 -0 0 23.97 3.26 -20.38 12.12 -19.99 -2.14 -0 -0 22.73 -17.04 28.47 -8.31 -7.12 0 -0 -47.52 52.15 -10.28 0 -0 0 -28.61 11.85 -36.74 -13.86 22.54 -2.77 0 0 12.22 31.69 -4.93 -3.04 7.12 -0 -0 42.52 -30.9 20.17
-6.33 16.97 10.47 -174.8 -27.55 -153.7 0 0 0 -32.6 -3.28 -46.75 2.06 8.99 25.77 1.26 16.57 -32.78 0.03 1.14 3.12 0 0 0 31.11 -3.83 -21.25 -4.34 -12.6 37.9 0.1 -20.61 13.69 -0 0.35 -0.95 10.73 1.2 -23.92 10.43 -4.08 -7.63 4.17 -2.97 5.06 -1.9 -13.37 -18.95 -1.68 -17.66 16.31 -2.43 -8.68 8.12 -0 0 0 24.04 1.1 -22.62 11.97 -19.76 -2.09 -0 -0 23.56 -16.43 29.02 -8.14 -7.12 0 -0 -47.49 52.67 -10.95 -0 0 0 -29.87 11.61 -42.13 -13.94 22.65 -2.8 0 0 15.75 31.72 -4.56 -2.82 7.12 -0 -0 42.37 -30.57 20.55
-6.29 16.95 10.48 -175 -27.54 -153.47 0 0 0 -33.25 -2.65 -47.03 1.97 8.8 25.16 1.1 16.54 -31.74 0.02 0.94 2.58 0 0 0 31.05 -3.18 -21.73 -4.55 -12.85 38.83 0.15 -20.54 13.24 -0 -0.42 1.15 10.17 1.39 -24.16 10.19 -3.67 -7.05 4.32 -2.68 5.83 -1.51 -10.08 -21.77 -3.06 -13.33 22.29 -2.9 -6.74 10.6 0 -0 0 23.82 -1.4 -26.51 11.89 -19.63 -2.06 -0 -0 26.43 -14.62 27.73 -6.92 -7.12 0 -0 -44.88 52.03 -9.32 0 -0 0 -30.03 11.33 -45.44 -14.15 22.94 -2.88 0 0 17.67 30.04 -5.57 -3.21 7.12 -0 -0 42.04 -31.79 18.4
-6.24 16.94 10.48 -175.75 -27.96 -154.24 0 0 0 -34.07 -1.72 -45.96 1.94 8.74 24.99 1.06 16.12 -31.1 0.01 0.73 2.01 0 0 0 30.68 -3.51 -20.52 -4.61 -12.93 39.1 0.39 -20.87 11.4 -0.05 -1.45 3.98 9.1 1.14 -23.31 9.81 -3.39 -6.51 4.57 -2.44 6.02 -1.01 -6.33 -22.63 -3.75 -8.51 27.63 -2.82 -4.68 12.85 0 -0 0 22.4 -5.04 -31.64 12.84 -21.06 -2.4 -0 -0 30.75 -12.54 27.7 -5.9 -7.12 0 -0 -43.1 52.38 -9.23 0 -0 0 -29.54 11.8 -51.61 -14.25 23.1 -2.93 0 0 23.3 28.66 -2.91 -1.59 7.12 -0 -0 40.22 -29.72 19.88
-6.16 16.95 10.52 -175.6 -27.76 -154.92 0 0 0 -33.61 -1.67 -45.88 2.01 8.88 25.41 1.37 15.29 -32.23 0.13 2.35 6.47 0 0 0 30.8 -3.01 -20.27 -4.79 -13.14 39.89 0.15 -19.31 12.22 -0 0.1 -0.28 8.7 1.36 -22.58 9.47 -2.76 -5.58 4.62 -2.02 6.65 0.55 -2.77 -22.53 -5.3 -3.76 30.86 -3.06 -2.77 14.23 -0 0 0 18.89 -9.04 -40.1 15.38 -24.67 -3.38 -0 -0 33.16 -6.47 27.33 -2.98 -7.12 0 -0 -37.52 53.17 -8.48 -0 0 0 -27.7 11.22 -52.34 -14.9 24.01 -3.19 0 0 17.92 19.27 -1.52 -0.53 7.12 -0 -0 34.37 -29.79 15.42
-6.04 16.94 10.57 -175.92 -27.73 -155.6 0 0 0 -33.15 -2.37 -44.88 1.98 8.82 25.24 1.41 15.95 -33.05 0.23 3.08 8.5 0 0 0 30.8 -2.65 -19.61 -4.92 -13.29 40.47 0.31 -18.83 10.33 -0.02 0.85 -2.34 7.81 1.43 -21.27 8.96 -2.06 -4.69 4.75 -1.56 6.92 1.45 0.03 -21.16 -6.25 0.08 33.03 -3.02 -1.28 15.08 -0 -0 0 12.71 -13.26 -45.48 19.3 -29.8 -5.18 -0 -0 28.29 10.48 23.26 4.18 -7.12 0 -0 -19.12 52.57 -3.67 -0 -0 0 -24.17 10.61 -53.05 -15.4 24.7 -3.39 0 0 12.45 3.39 5.92 0.35 7.12 -0 -0 21.91 -24.01 11.97
-5.9 16.93 10.66 -175.94 -27.65 -156.09 0 0 0 -32.41 -3.26 -44.6 1.99 8.85 25.32 1.28 17.22 -33.47 0.25 3.21 8.87 0 0 0 30.98 -2.27 -19.52 -5.06 -13.45 41.08 0.39 -18.67 9.36 -0 -0.07 0.18 7.25 1.5 -19.91 8.38 -1.47 -3.52 4.59 -1.15 7.44 0.9 1.64 -20.06 -5.68 2.29 34.57 -2.34 -0.43 15.68 0 -0 0 4.42 -16.81 -47.33 23.55 -34.69 -7.45 -0 -0 27.47 29.8 14.07 7.93 -7.12 0 -0 2.22 46.08 0.06 0 -0 0 -19 10.08 -53.94 -15.53 24.88 -3.45 0 0 6.84 -17.45 19.18 -5.9 7.12 -0 -0 6.99 -10.06 5.71
-5.76 16.94 10.74 -175.87 -27.6 -156.97 0 0 0 -31.68 -3.61 -44.68 2.16 9.2 26.41 1.3 17.73 -34.11 0.28 3.39 9.37 0 0 0 31.23 -2.55 -18.89 -5.06 -13.46 41.1 0.36 -17.61 8.63 -0.04 1.27 -3.5 6.96 1.09 -17.82 7.5 -1.43 -2.03 3.79 -0.96 7.91 1.29 2.97 -19.09 -5.65 4.1 34.48 -2.04 0.4 15.51 -0 -0 0 -5.05 -17.92 -43 29.92 -40.82 -11.35 -0 -0 29.14 38.58 13.87 10.83 -7.12 0 -0 10.75 47.22 0.6 -0 -0 0 -12.38 11.15 -57.02 -14.97 24.1 -3.21 0 0 5.15 -37.61 31.95 -22.17 7.12 -0 -0 -3.19 8.17 -3.61
-5.57 16.98 10.87 -176.29 -27.5 -156.81 0 0 0 -29.93 -6.24 -45.02 2.39 9.64 27.82 2.52 14.83 -38.15 1.2 6.96 19.6 0 0 0 31.07 -2.1 -19.69 -5.2 -13.61 41.7 0.37 -16.81 7.73 -0.06 1.53 -4.22 5.38 0.8 -15.11 6.61 -0.96 -1.14 3.81 -0.66 7.34 2.6 3.96 -18.06 -6.28 5.33 34.2 -2.31 1.03 15.27 0 0 0 -16.2 -19.1 -33.65 38.77 -47.33 -17.53 -0 -0 25.26 34.25 14.08 9.41 -7.12 0 -0 6.5 46.76 0.28 0 0 0 -4.91 11.36 -59.69 -14.15 22.94 -2.88 0 0 5.74 -41.86 34.43 -26.87 7.12 -0 -0 -4.77 12.52 -5.71
-5.38 16.98 11.03 -175.73 -27.43 -157.26 0 0 0 -28.73 -6.69 -45.89 2.47 9.78 28.26 2.49 15.2 -38.25 1.34 7.32 20.66 0 0 0 31.68 -1.93 -21.01 -5.52 -13.95 43.03 0.16 -15.29 8.87 -0.12 2.2 -6.07 4.69 0.62 -11.5 5.74 -0.57 -0.27 3.31 -0.4 6.23 2.02 4.45 -18.45 -4.69 5.74 34.36 -1.45 1.38 15.36 -0 -0 0 -27.88 -19.2 -22 50.81 -53.32 -26.82 -0 -0 15.77 20.15 18.56 6.66 -7.12 0 -0 -7.9 49.5 -0.88 -0 -0 0 3.91 11.35 -57.87 -12.63 20.74 -2.32 0 0 3 -38.17 29.44 -21.12 7.12 -0 -0 -4.11 5.61 -4.5
-5.19 16.99 11.17 -175.3 -27.2 -157.06 0 0 0 -27.69 -7.13 -47.31 2.53 9.88 28.6 2.52 15.16 -38.37 1.54 7.84 22.23 0 0 0 32.35 -2.2 -23.27 -5.85 -14.28 44.38 0.11 -14.93 9.19 -0.01 0.5 -1.37 3.68 0.39 -8.36 4.41 -0.29 0.21 2.49 -0.2 4.93 2.42 4.76 -17.9 -3.27 5.64 33.34 -0.91 1.68 14.7 -0 -0 0 -38.7 -18.28 -10.8 61.41 -56.67 -35.51 -0 0 -1.44 3.74 21.14 1.35 -7.12 0 -0 -24.36 49.52 -2.87 -0 -0 0 14.09 11.75 -53.52 -9.71 16.29 -1.39 0 0 2.85 -33.58 25.46 -15.93 7.12 -0 -0 -2.32 -0.26 -2.31
-5 16.99 11.3 -174.63 -27.04 -156.62 0 0 0 -26.02 -8.04 -48.99 2.59 10 28.97 2.62 15.26 -38.91 1.81 8.45 24.1 0 0 0 33.64 -2.68 -25.92 -6.13 -14.56 45.52 0.17 -15.84 9.3 -0.01 -0.73 2.01 2.62 0.27 -5.24 3.23 -0.01 0.2 1.86 -0.04 3.16 1.96 4.88 -17.53 -1.58 5.39 32.95 -0.19 1.78 14.35 0 0 0 -49.85 -17.77 -0.47 66.09 -57.73 -39.45 -0 0 -20.23 -11.34 21.29 -4.16 -7.12 0 -0 -37.57 47.47 -2.65 0 0 0 23.33 14.75 -79.06 -5.55 9.52 -0.46 0 0 43.74 -30.39 23.02 -12.92 7.12 -0 -0 -0.81 -3.76 -0.76
-4.81 16.96 11.41 -173.99 -27.25 -155.69 0 0 0 -25.04 -8.27 -50.99 2.48 9.81 28.36 2.1 16.6 -37.41 1.6 7.97 22.62 0 0 0 35.23 -2.9 -29.08 -6.47 -14.87 46.85 0.2 -16.61 9.56 -0.02 -0.99 2.72 1.28 0.36 -3.24 2.08 0.36 -0.23 1.43 0.16 1.57 1.63 4.77 -16.26 -0.18 4.81 32.41 0.3 1.7 13.75 -0 -0 0 -61.09 -18.25 11.31 62.34 -56.9 -36.3 -0 0 -32.64 -18.04 19.11 -6.09 -7.12 0 -0 -41.54 44.77 0.29 -0 -0 0 33.32 17.79 -130.96 -5.68 9.73 -0.48 0 0 115.69 -30.02 19.22 -10.77 7.12 -0 -0 -1.12 -8.05 -0.95
-4.65 16.95 11.47 -173.36 -27.34 -155.2 0 0 0 -22.71 -10.09 -52.12 2.56 9.94 28.78 2.45 16.46 -39.02 2.03 8.94 25.59 0 0 0 36.82 -2.93 -30.58 -6.5 -14.89 46.95 0.19 -17.11 10.11 -0.01 -0.56 1.53 0.24 1.14 -1.23 0.42 1.51 -0.94 0.31 0.75 -0.28 0.9 3.93 -15.3 2.27 2.77 32.89 1.04 1.01 13.66 -0 0 0 -71.53 -18.87 23.05 54.19 -54.55 -29.56 -0 0 -39.14 -24.72 20.72 -9.25 -7.12 0 -0 -47.43 45.09 -0.13 -0 0 0 50.48 14.68 -105.34 -7.25 12.33 -0.78 0 0 114.12 -27.57 18.5 -9.41 7.12 -0 -0 0.37 -9.3 0.3
-4.48 16.97 11.45 -173.22 -27.36 -155.32 0 0 0 -21.18 -10.86 -52.63 2.72 10.22 29.69 2.17 18.3 -39.19 1.72 8.25 23.48 0 0 0 38 -3.23 -30.69 -6.36 -14.77 46.41 0.49 -19.03 8.58 -0.12 -2.27 6.25 -2.16 1.58 -0.06 -0.52 2.08 -1.14 0.66 1.05 -1.19 -0.44 3.41 -14.25 3.78 1.68 33.52 1.68 0.5 13.67 0 0 0 -82.23 -18.89 26.9 44.35 -50.45 -21.74 -0 0 -37.86 -29.85 21.75 -12 -7.12 0 -0 -51.56 45.07 -0.12 0 0 0 63.69 12.91 -86.43 -7.04 11.98 -0.74 0 0 123.27 -19.72 13.94 -4.94 7.12 -0 -0 5.27 -15.25 3.71
-4.38 17 11.4 -173.47 -27.48 -155.56 0 0 0 -20.87 -11.03 -51.87 2.67 10.14 29.43 2.16 18.48 -39.27 1.7 8.2 23.33 0 0 0 38.56 -4.49 -30.39 -6.14 -14.56 45.52 0.59 -19.73 8.21 -0.11 -2.17 5.98 -3.53 2.48 1.16 -2.16 3.07 -2.65 -0.37 1.56 -3.45 -1.32 2.96 -11.85 6.02 -0.22 35.4 2.42 -0.35 14.03 0 0 0 -90.19 -16.83 23.49 32.4 -42.86 -13.01 -0 0 -33.8 -30.28 25.09 -13.91 -7.12 0 -0 -54.53 47.46 -4.69 0 0 0 75.47 8 -60.63 -5.06 8.68 -0.38 0 0 123.31 -0.18 15.87 -0.05 7.12 -0 -0 18.29 -14.62 13.81
-4.31 17.03 11.31 -173.82 -27.68 -156.08 0 0 0 -20.57 -11.29 -50.42 2.57 9.97 28.88 2.27 18.88 -40.15 1.69 8.19 23.28 0 0 0 38.82 -5.41 -29.04 -5.77 -14.21 44.07 0.63 -20.41 8.54 -0.05 -1.39 3.82 -3.52 3.63 1.41 -4.93 4.28 -3.96 -3.38 2.06 -4.79 -1.15 2.18 -9.58 8.92 -3.09 36.37 3.14 -1.41 14.21 0 -0 0 -91.93 -16.06 8.42 20.39 -31.11 -5.73 -0 0 -23.95 -31.28 22 -12.82 -7.12 0 -0 -52.63 45.03 -0.05 0 -0 0 87.04 5.62 11.51 -3.72 6.41 -0.21 0 0 69.49 3.8 12.23 0.81 7.12 -0 -0 21.24 -18.12 14.62
-4.29 17.06 11.18 -174.11 -26.77 -156.91 0 0 0 -20.8 -10.6 -48.9 2.58 9.98 28.92 2.67 18.46 -41.61 1.8 8.45 24.08 0 0 0 38.33 -6.13 -26.39 -5.34 -13.76 42.28 0.56 -20.17 9.03 -0.06 -1.57 4.32 -3.82 5.32 -0.48 -6.86 6.41 -4.66 -5.19 3.03 -4.2 -1.54 1.38 -8.24 9.96 -5.19 37.91 3.38 -2.4 14.86 -0 0 0 -90.37 -17.14 -18.08 12.64 -20.75 -2.32 -0 0 -13.27 -15.55 24.13 -6.49 -7.12 0 -0 -42.9 49.11 -5.24 -0 0 0 93.51 7.87 76.14 -6.9 11.76 -0.71 0 0 11.09 12.52 9.94 2.19 7.12 -0 -0 27.16 -20.06 18.36
-4.28 17.1 10.99 -173.86 -25.45 -157.75 0 0 0 -19.31 -11.62 -46.89 2.56 9.95 28.81 3.35 19.38 -45.22 1.96 8.79 25.14 0 0 0 38.17 -5.35 -23.14 -4.73 -13.07 39.64 0.46 -20.82 10.69 -0.02 -0.97 2.66 -3.34 7.12 -2.31 -9.1 8.39 -7.14 -7.88 3.8 -5.31 -0.98 1.34 -5.79 11.29 -7.22 40.56 3.64 -3.37 15.94 -0 0 0 -82.44 -14.69 -47.66 11.2 -18.6 -1.84 -0 0 -23.33 5.64 33.78 3.14 -7.12 0 -0 -31.69 61.02 -13.12 -0 0 0 100.57 11.2 99.76 -13.38 21.85 -2.59 0 -0 -5.31 13.94 6.27 1.55 7.12 -0 -0 28.83 -23.31 17.31
-4.25 17.17 10.82 -174.21 -24.67 -157.77 0 0 0 -18.64 -12.64 -45.07 2.41 9.68 27.94 4.35 18.41 -48.39 2.29 9.45 27.23 0 0 0 37.88 -3.7 -20.41 -4.18 -12.39 37.13 0.54 -22.35 11.43 -0.07 -1.65 4.53 -2.86 8.84 -4.54 -11.54 10.13 -9.72 -10.75 4.32 -6.16 -0.78 1.3 -5.07 13.21 -9.4 42.95 4.25 -4.33 17.62 -0 -0 0 -72.56 -11.31 -60.26 11.04 -18.36 -1.79 -0 0 -23.73 17.34 32.61 9.55 -7.12 0 -0 -18.2 62.9 -8.05 -0 -0 0 105.75 19.48 113.33 -21.33 32.21 -6.23 0 -0 -8.64 12.65 11.45 2.55 7.12 -0 -0 26.96 -18.68 19.14
-4.37 17.23 10.54 -174.65 -23.48 -159.32 0 0 0 -19.34 -12.16 -41.39 2.37 9.59 27.66 5.3 17.01 -50.97 2.39 9.63 27.79 0 0 0 36.93 -4.32 -14.67 -3.22 -11.04 32.4 0.43 -23.42 13.28 -0.03 -1.11 3.04 -2.22 10.46 -7.6 -13.16 11.88 -11.65 -12.53 4.91 -5.84 -0.87 1.48 -4.7 14.04 -10.29 44.59 4.62 -4.86 18.86 -0 -0 0 -60.39 -8.91 -73.52 12.01 -19.82 -2.11 -0 0 -24.1 26.19 35.3 15.86 -7.12 0 -0 -9.98 68.01 -5.54 -0 -0 0 110.41 29.65 120.1 -28.1 39.2 -10.18 0 -0 -12.34 11.59 15.96 3.23 7.12 -0 -0 25.57 -14.59 20.5
-4.44 17.27 10.26 -175.44 -23.63 -158.95 0 0 0 -20.88 -10.55 -40.35 2.21 9.29 26.71 4.36 18.73 -48.62 1.81 8.45 24.08 0 0 0 36.61 -3.66 -11.21 -2.5 -9.83 28.42 0.68 -25.84 13.6 -0.06 -1.63 4.49 -4.47 10.5 -13.28 -12.3 12.02 -12.86 -9.51 4.99 -4.72 -3.26 1.27 -6.69 12.76 -9.09 45.22 4.68 -4.76 19.56 0 -0 0 -50.21 -5.92 -85.48 12.53 -20.6 -2.29 -0 0 -21.44 21.95 38.66 14.13 -7.12 0 -0 -19.32 69.88 -11.65 0 -0 0 111.36 43.09 129.69 -36.39 45.78 -15.8 0 -0 -22.16 14.5 16.24 4.14 7.12 -0 -0 27.21 -14.22 22.44
