HIERARCHY
ROOT Hips
{
	OFFSET 0.00000 0.00000 0.00000
	CHANNELS 6 Xposition Yposition Zposition Zrotation Yrotation Xrotation 
	JOINT LHipJoint
	{
		OFFSET 0 0 0
		CHANNELS 3 Zrotation Yrotation Xrotation
		JOINT LeftUpLeg
		{
			OFFSET 2.36090 -1.39315 1.24752
			CHANNELS 3 Zrotation Yrotation Xrotation
			JOINT LeftLeg
			{
				OFFSET 2.06810 -5.68207 0.00000
				CHANNELS 3 Zrotation Yrotation Xrotation
				JOINT LeftFoot
				{
					OFFSET 2.46631 -6.77613 0.00000
					CHANNELS 3 Zrotation Yrotation Xrotation
					JOINT LeftToeBase
					{
						OFFSET 0.26031 -0.71520 1.99545
						CHANNELS 3 Zrotation Yrotation Xrotation
						End Site
						{
							OFFSET 0.00000 -0.00000 1.05957
						}
					}
				}
			}
		}
	}
	JOINT RHipJoint
	{
		OFFSET 0 0 0
		CHANNELS 3 Zrotation Yrotation Xrotation
		JOINT RightUpLeg
		{
			OFFSET -2.25243 -1.39315 1.24752
			CHANNELS 3 Zrotation Yrotation Xrotation
			JOINT RightLeg
			{
				OFFSET -2.17343 -5.97145 0.00000
				CHANNELS 3 Zrotation Yrotation Xrotation
				JOINT RightFoot
				{
					OFFSET -2.52372 -6.93386 0.00000
					CHANNELS 3 Zrotation Yrotation Xrotation
					JOINT RightToeBase
					{
						OFFSET -0.22538 -0.61923 2.11447
						CHANNELS 3 Zrotation Yrotation Xrotation
						End Site
						{
							OFFSET -0.00000 -0.00000 1.10506
						}
					}
				}
			}
		}
	}
	JOINT LowerBack
	{
		OFFSET 0 0 0
		CHANNELS 3 Zrotation Yrotation Xrotation
		JOINT Spine
		{
			OFFSET 0.01594 2.13103 0.08007
			CHANNELS 3 Zrotation Yrotation Xrotation
			JOINT Spine1
			{
				OFFSET 0.01393 2.09723 0.18338
				CHANNELS 3 Zrotation Yrotation Xrotation
				JOINT Neck
				{
					OFFSET 0 0 0
					CHANNELS 3 Zrotation Yrotation Xrotation
					JOINT Neck1
					{
						OFFSET 0.05351 1.38915 0.32494
						CHANNELS 3 Zrotation Yrotation Xrotation
						JOINT Head
						{
							OFFSET 0.00711 1.45992 -0.21666
							CHANNELS 3 Zrotation Yrotation Xrotation
							End Site
							{
								OFFSET -0.00433 1.47702 -0.11056
							}
						}
					}
				}
				JOINT LeftShoulder
				{
					OFFSET 0 0 0
					CHANNELS 3 Zrotation Yrotation Xrotation
					JOINT LeftArm
					{
						OFFSET 2.87198 0.92249 0.11132
						CHANNELS 3 Zrotation Yrotation Xrotation
						JOINT LeftForeArm
						{
							OFFSET 5.52731 -0.00000 0.00000
							CHANNELS 3 Zrotation Yrotation Xrotation
							JOINT LeftHand
							{
								OFFSET 3.11059 -0.00000 0.00000
								CHANNELS 3 Zrotation Yrotation Xrotation
								JOINT LeftFingerBase
								{
									OFFSET 0 0 0
									CHANNELS 3 Zrotation Yrotation Xrotation
									JOINT LeftHandIndex1
									{
										OFFSET 0.41963 -0.00000 0.00000
										CHANNELS 3 Zrotation Yrotation Xrotation
										End Site
										{
											OFFSET 0.33831 -0.00000 0.00000
										}
									}
								}
								JOINT LThumb
								{
									OFFSET 0 0 0
									CHANNELS 3 Zrotation Yrotation Xrotation
									End Site
									{
										OFFSET 0.34348 -0.00000 0.34348
									}
								}
							}
						}
					}
				}
				JOINT RightShoulder
				{
					OFFSET 0 0 0
					CHANNELS 3 Zrotation Yrotation Xrotation
					JOINT RightArm
					{
						OFFSET -2.94710 0.68072 0.32187
						CHANNELS 3 Zrotation Yrotation Xrotation
						JOINT RightForeArm
						{
							OFFSET -5.25396 -0.00000 -0.00000
							CHANNELS 3 Zrotation Yrotation Xrotation
							JOINT RightHand
							{
								OFFSET -3.10567 -0.00000 0.00000
								CHANNELS 3 Zrotation Yrotation Xrotation
								JOINT RightFingerBase
								{
									OFFSET 0 0 0
									CHANNELS 3 Zrotation Yrotation Xrotation
									JOINT RightHandIndex1
									{
										OFFSET -0.49868 -0.00000 0.00000
										CHANNELS 3 Zrotation Yrotation Xrotation
										End Site
										{
											OFFSET -0.40204 -0.00000 0.00000
										}
									}
								}
								JOINT RThumb
								{
									OFFSET 0 0 0
									CHANNELS 3 Zrotation Yrotation Xrotation
									End Site
									{
										OFFSET -0.40818 -0.00000 0.40818
									}
								}
							}
						}
					}
				}
			}
		}
	}
}
MOTION
Frames: 231
Frame Time: 0.0333332
4.77 15.36 17.98 2.21 31.95 21.72 0 0 0 -26.54 -13.86 -30.41 1.91 8.69 24.82 -1 21.16 -20.86 0.3 3.54 9.78 0 0 0 12.77 15.18 -35.17 -10.55 -17.71 61.3 -0.6 -14.19 -25.77 -0 -0.36 0.98 -5.21 -5.2 -13.92 0.4 -6.15 -7.64 2.46 -2.88 0.27 12.17 11.22 -20.85 -9.24 14.03 18.65 -2.96 6.27 10.99 -0 -0 0 -50.98 -5.14 -16.15 24.53 -35.72 -8.01 -0 0 -48.56 37.14 5.91 4.46 -7.12 0 -0 8.86 37.25 -1.71 -0 -0 0 78.66 -19.49 -21.74 -13.78 22.42 -2.74 0 -0 -17.21 -30.04 -24.81 13.64 7.12 -0 -0 -0.59 -58.08 0.19
4.69 15.47 17.82 1.39 25.3 21.8 0 0 0 -26.27 -12.14 -30.12 1.49 7.7 21.81 -1.58 24.94 -23.03 0.59 4.94 13.73 0 0 0 13.57 9.61 -35.65 -9.82 -17.31 58.9 -0.55 -14.93 -26.2 -0.06 -1.58 4.33 -4.42 -4.29 -14.96 0.44 -5.01 -8.1 2.18 -2.33 0.19 10.93 10.21 -21.25 -8.81 12.9 19.31 -2.81 5.7 11.06 0 -0 0 -51.76 -6.62 -12.52 24.22 -35.4 -7.83 -0 0 -50.11 36.57 6.29 4.65 -7.12 0 -0 8.4 37.68 -1.53 0 -0 0 78.17 -18.36 -18.98 -14.76 23.81 -3.13 0 -0 -18.85 -29.06 -24.23 12.85 7.12 -0 -0 0.35 -57.22 -0.1
4.59 15.56 17.68 1.08 18.72 22.4 0 0 0 -26.34 -10.14 -30.4 1.16 6.84 19.23 -1.96 27.61 -25.78 1.07 6.58 18.47 0 0 0 13.59 5.34 -36.68 -9.06 -16.85 56.3 -0.38 -15.9 -25.93 -0.13 -2.31 6.36 -4.17 -3.4 -15.94 0.35 -3.84 -8.53 2.11 -1.75 0.14 9.21 9.07 -21.53 -8.03 11.63 19.36 -2.5 5.08 10.82 -0 -0 0 -52.48 -8.01 -7.18 23.69 -34.84 -7.53 -0 0 -49.45 35.6 6.18 4.4 -7.12 0 -0 7.56 37.47 -1.41 -0 -0 0 78.19 -17.03 -15.86 -15.65 25.04 -3.5 0 -0 -20 -28.64 -24.63 12.82 7.12 -0 -0 0.93 -57.56 -0.29
4.45 15.62 17.54 1.12 12.35 23.2 0 0 0 -27 -7.21 -31.37 0.92 6.1 17.09 -2.14 29.06 -27.75 1.5 7.74 21.93 0 0 0 13.1 2.81 -37.7 -8.19 -16.25 53.23 0.26 -18.25 -23.55 -0.18 -2.72 7.49 -4.4 -2.64 -16.7 0.15 -2.79 -8.91 2.18 -1.22 0.05 7.56 7.97 -21.86 -7.29 10.39 19.1 -2.19 4.48 10.52 -0 0 0 -53.25 -9.2 -0.89 23.28 -34.39 -7.29 -0 0 -47.46 34.45 5.78 3.95 -7.12 0 -0 6.56 36.91 -1.31 -0 0 0 78.92 -15.58 -12.12 -16.91 26.74 -4.05 0 -0 -22.23 -30.05 -26.94 14.68 7.12 -0 -0 0.07 -60.39 -0.03
4.28 15.64 17.4 1.44 6.4 23.91 0 0 0 -28.31 -3.2 -33.34 0.81 5.73 16 -2.16 29.26 -28.07 1.66 8.13 23.1 0 0 0 12.23 2.18 -37.91 -7.09 -15.41 49.22 0.38 -18.03 -21.99 -0.31 3.58 -9.89 -5.04 -2.09 -17.17 -0.12 -1.97 -9.15 2.38 -0.8 -0.02 6.02 6.97 -22.78 -6.48 9.22 19.02 -1.83 3.91 10.44 -0 0 0 -54.3 -10.35 5.43 22.97 -34.05 -7.12 -0 0 -44.75 32.8 5.29 3.4 -7.12 0 -0 5.14 36.23 -1.11 -0 0 0 80.07 -13.9 -7.17 -18.72 29.07 -4.9 0 -0 -25.88 -33.41 -31.36 18.95 7.12 -0 -0 -2.5 -66.1 1.27
4.08 15.65 17.27 1.83 1.01 24.29 0 0 0 -29.46 0.21 -35.22 0.77 5.61 15.65 -2.11 29.23 -28.41 1.79 8.42 24.01 0 0 0 11.44 2.6 -37.58 -6.05 -14.48 45.19 -0.28 -13.52 -22.2 -1.52 7.79 -22.08 -5.78 -2 -17.31 -0.28 -1.76 -9.13 2.67 -0.69 0.07 5.1 6.3 -24.39 -6.05 8.41 19.19 -1.63 3.48 10.67 -0 0 0 -55.72 -11.11 10.59 22.79 -33.85 -7.02 -0 0 -42.84 31.79 4.99 3.08 -7.12 0 -0 4.28 35.81 -0.97 -0 0 0 81.31 -11.29 -0.85 -20.97 31.79 -6.03 0 -0 -28.54 -36.34 -35.61 23.19 7.12 -0 -0 -4.82 -71.57 3.05
3.9 15.67 17.13 1.81 -3.66 24.51 0 0 0 -29.12 1.36 -35.98 0.74 5.5 15.35 -2.05 29.72 -30.03 2.04 8.94 25.62 0 0 0 11.1 4.41 -37.15 -5.28 -13.69 42.03 -0.61 -10.74 -22.3 -1.68 8.16 -23.2 -5.77 -2.26 -17.21 -0.17 -2.14 -9.1 2.71 -0.9 0.09 4.61 5.89 -25.48 -5.93 7.94 19.18 -1.58 3.21 10.81 0 0 0 -57.92 -10.98 14.53 22.71 -33.77 -6.98 -0 0 -42.95 31.43 4.69 2.86 -7.12 0 -0 3.98 35.45 -0.94 0 0 0 82.53 -8.48 7.75 -24.03 35.2 -7.73 0 -0 -30.51 -37.4 -37.08 24.75 7.12 -0 -0 -5.81 -73.48 3.92
3.73 15.71 17 1.3 -7.9 24.73 0 0 0 -27.01 -0.11 -35.56 0.73 5.46 15.22 -1.72 29.43 -31.73 2.06 9 25.79 0 0 0 11.09 7.83 -36.82 -4.78 -13.13 39.86 -0.64 -10.03 -21.9 -1.39 7.46 -21.1 -4.67 -2.35 -17.24 -0 -2.46 -9.19 2.21 -1.1 0.01 4.16 5.37 -25.71 -6.09 7.4 19.03 -1.65 2.91 10.75 -0 -0 0 -61.19 -10.56 18.02 22.37 -33.39 -6.79 -0 0 -44.44 31.44 4.75 2.9 -7.12 0 -0 3.99 35.52 -0.93 -0 -0 0 83.35 -6.27 18.33 -28.25 39.34 -10.28 0 -0 -31.84 -35.49 -36.5 22.99 7.12 -0 -0 -2.81 -72.23 1.82
3.58 15.75 16.9 0.61 -12.17 24.79 0 0 0 -23.73 -3.68 -33.91 0.73 5.47 15.25 -1.14 28.63 -33.99 1.79 8.41 23.98 0 0 0 11.07 12.4 -36.28 -4.51 -12.81 38.65 -0.53 -10.69 -21.53 -0.96 6.25 -17.51 -3.3 -2.47 -17.29 0.3 -2.85 -9.08 1.69 -1.35 0.15 4.26 5.19 -26.18 -6.56 7.21 18.92 -1.86 2.76 10.81 0 -0 0 -65.28 -10.49 20.39 21.31 -32.19 -6.22 -0 0 -46.13 31.52 5.39 3.29 -7.12 0 -0 4.06 36.27 -0.87 0 -0 0 83.29 -3.94 30.23 -34.09 44.15 -14.18 0 -0 -31.93 -30.02 -34.8 18.25 7.12 -0 -0 4.34 -68.69 -2.47
3.43 15.79 16.81 0.17 -16.42 24.75 0 0 0 -20.67 -7.85 -31.58 0.69 5.33 14.85 -0.69 27.99 -35.57 1.55 7.85 22.26 0 0 0 10.79 17.07 -35.64 -4.32 -12.57 37.79 -0.41 -11.6 -21.23 -0.59 4.93 -13.72 -2.45 -2.71 -17.38 0.7 -3.32 -9.05 1.54 -1.62 0.23 4.74 5.18 -26.13 -7.2 7.19 18.92 -2.18 2.7 10.85 -0 -0 0 -70.14 -10.74 22.48 19.49 -30.02 -5.27 -0 0 -47.06 32.23 6.44 4.05 -7.12 0 -0 4.68 37.55 -0.86 -0 -0 0 82.3 -1.63 41.95 -41.66 49.02 -19.69 0 -0 -30.84 -22.02 -31.69 12 7.12 -0 -0 12.13 -63.24 -5.41
3.27 15.82 16.76 -0.17 -20.54 24.32 0 0 0 -18.18 -11.77 -28.67 0.65 5.17 14.41 -0.36 27.88 -37.25 1.55 7.86 22.29 0 0 0 10.69 20.87 -34.42 -4.11 -12.3 36.82 -0.36 -11.64 -20.76 -0.4 4.06 -11.25 -1.79 -2.8 -17.56 1.02 -3.57 -9.06 1.46 -1.77 0.31 4.77 4.97 -24.91 -7.27 6.94 18.9 -2.27 2.61 10.61 -0 -0 0 -75.31 -11.22 26.16 17.4 -27.38 -4.27 -0 0 -47.25 33.12 7.68 4.98 -7.12 0 -0 5.47 39.08 -0.8 -0 -0 0 80.86 0.57 51.93 -50.49 53.19 -26.57 0 -0 -28.37 -13.79 -27.16 6.39 7.12 -0 -0 18.02 -56.91 -5.38
3.1 15.83 16.72 -0.53 -24.38 23.97 0 0 0 -16.7 -13.47 -26.71 0.65 5.14 14.32 -0.23 27.37 -37.18 1.5 7.74 21.94 0 0 0 10.79 23.66 -33.39 -3.92 -12.05 35.91 -0.39 -10.5 -19.91 -0.36 3.85 -10.67 -1.52 -3.1 -17.87 1.61 -4.05 -9.11 1.83 -2.02 0.46 4.96 5.02 -23.66 -7.44 7.06 19.41 -2.36 2.68 10.6 -0 -0 0 -80.64 -11.92 30.65 15.63 -25.02 -3.49 -0 0 -46.37 32.93 9.27 5.95 -7.12 0 -0 5.31 40.93 -0.54 -0 -0 0 79.36 3.23 60.08 -59.36 56.14 -33.81 0 -0 -24.88 -5.59 -21.13 2.02 7.12 -0 -0 22.65 -49.78 -2.8
2.93 15.83 16.68 -1.06 -28.26 23.48 0 0 0 -15.91 -12.83 -25.73 0.73 5.45 15.19 -0.28 26.09 -35.06 1.24 7.06 19.9 0 0 0 11.42 25.48 -32.5 -3.81 -11.9 35.37 -0.5 -8.27 -18.84 -0.33 3.71 -10.27 -1.37 -3.33 -17.9 2.33 -4.42 -9.12 2.43 -2.21 0.52 4.63 5.04 -22.6 -7.09 7.22 20.44 -2.17 2.78 10.76 0 0 0 -85.95 -12.42 36.25 14.99 -24.14 -3.22 -0 0 -44.02 31.13 11.94 7.12 -7.12 0 -0 3.62 43.83 -0.1 0 0 0 78.2 5.87 66.13 -67.35 57.97 -40.52 0 -0 -22.11 1.42 -15.66 -0.38 7.12 -0 -0 26.36 -43.9 0.77
2.77 15.78 16.64 -1.81 -32.36 22.66 0 0 0 -15.33 -11.08 -25.51 0.99 6.32 17.73 -0.25 23.35 -31.27 0.75 5.55 15.47 0 0 0 12.65 26.6 -31.65 -3.86 -11.97 35.61 -0.63 -5.27 -17.89 -0.3 3.52 -9.74 -1.11 -3.39 -17.42 2.88 -4.57 -8.91 2.85 -2.29 0.53 4.43 5.06 -22.18 -6.47 7.26 21.79 -1.92 2.83 11.15 0 0 0 -89.95 -12.58 44.65 16.05 -25.59 -3.67 -0 0 -42.44 29.85 11.56 6.56 -7.12 0 -0 2.45 43.24 -0.11 0 0 0 77.62 8.18 70.47 -74.34 59.05 -46.48 0 -0 -22.08 6.19 -13.41 -1.44 7.12 -0 -0 29.36 -41.4 2.89
2.64 15.69 16.59 -2.68 -36.25 21.9 0 0 0 -14.26 -10.75 -25.79 1.49 7.71 21.83 -0.05 19.59 -27.33 0.28 3.4 9.39 0 0 0 14.05 27.27 -31.45 -4.14 -12.35 36.98 -0.76 -2.02 -17.3 -0.31 3.56 -9.84 -0.41 -3.39 -16.57 3.12 -4.69 -8.56 2.72 -2.38 0.45 4.74 5.03 -22.18 -5.98 7.05 22.97 -1.84 2.8 11.57 -0 -0 0 -91.01 -12.67 56.9 19.56 -30.1 -5.31 -0 0 -43.37 29.19 9.67 5.36 -7.12 0 -0 1.96 41.02 -0.19 -0 -0 0 77.89 10.04 73.14 -79.26 59.56 -50.71 0 -0 -23.37 9.28 -13.77 -2.23 7.12 -0 -0 31.98 -41.39 3.23
2.53 15.54 16.54 -3.81 -40.57 21.19 0 0 0 -12.93 -11.33 -26.16 2.31 9.48 27.31 0.31 14.9 -24.12 0.02 0.93 2.56 0 0 0 15.41 28.65 -31.61 -4.71 -13.05 39.54 -0.86 1.25 -17.13 -0.28 3.41 -9.42 0.59 -3.29 -15.39 3.21 -4.7 -7.99 2.29 -2.41 0.37 4.93 5.18 -22.15 -5.56 7.1 23.6 -1.71 2.88 11.79 -0 -0 0 -89.51 -13.54 67.45 24.89 -36.1 -8.23 -0 0 -39.23 24.98 7.1 3.29 -7.12 0 -0 -1.54 37.79 0.27 -0 -0 0 78.6 11.45 74.57 -81.95 59.75 -53.03 0 -0 -24.22 11.2 -14.95 -2.92 7.12 -0 -0 34.02 -42.18 2.72
2.43 15.34 16.51 -5.09 -45.3 20.39 0 0 0 -11.61 -12.95 -26.09 3.5 11.47 33.88 0.59 12.71 -24.09 0 0.3 0.82 0 0 0 16.8 30.45 -31.5 -5.41 -13.84 42.58 -0.93 4.49 -17.23 -0.24 3.13 -8.63 1.91 -3.05 -14.11 2.95 -4.52 -7.02 1.35 -2.35 0.6 5.7 5.61 -22.12 -5.6 7.44 23.54 -1.79 3.1 11.82 -0 -0 0 -86.98 -15.34 73.55 30.61 -41.41 -11.81 -0 0 -27.9 20.71 1.78 0.67 -7.12 0 -0 -4.72 31.86 1.52 -0 -0 0 79.62 12.57 74.65 -82.42 59.78 -53.44 0 -0 -24.49 11.53 -15.82 -3.18 7.12 -0 -0 34.71 -42.88 2.09
2.36 15.12 16.5 -6.43 -50.25 19.76 0 0 0 -10.72 -14.2 -25.86 5.02 13.41 40.92 0.54 15.06 -26.23 0.06 -1.53 -4.2 0 0 0 18.05 32.36 -31.39 -6.19 -14.61 45.76 -0.96 7.87 -17.54 -0.13 2.33 -6.43 2.8 -2.95 -12.9 2.95 -4.46 -6.01 0.89 -2.32 0.93 7.08 6.45 -21.6 -6.76 8.48 22.9 -2.27 3.56 11.68 0 -0 0 -85.37 -17.15 76.21 35.67 -45.29 -15.29 -0 0 -19.34 22.64 -5.71 -2.37 -7.12 0 -0 -3.02 23.8 1.55 0 -0 0 79.95 13.52 74.3 -80.5 59.66 -51.78 0 -0 -25.01 8.96 -16.17 -2.51 7.12 -0 -0 32.83 -43.49 1.39
2.29 14.92 16.53 -6.98 -54.94 18.82 0 0 0 -10.7 -15 -25.78 6.68 15.05 47.64 0.2 17.04 -25.9 0.47 -4.41 -12.23 0 0 0 18.57 34.03 -31.28 -6.95 -15.29 48.68 -0.95 11.06 -17.92 -0.04 1.34 -3.68 2.8 -3.12 -12 3.17 -4.67 -5.14 1.12 -2.4 1.38 8.19 7.44 -20.53 -8.24 9.92 22.04 -2.76 4.15 11.42 -0 -0 0 -84.65 -18.6 77.69 38.68 -47.27 -17.47 -0 0 -17.49 29.26 -14.7 -8.09 -7.12 0 -0 1.16 13.25 -0.86 -0 -0 0 79.69 14.15 73.18 -76.16 59.26 -48.04 0 -0 -26.97 4.62 -16.45 -1.31 7.12 -0 -0 29.4 -44.23 0.61
2.22 14.76 16.56 -6.32 -59.37 17.17 0 0 0 -11.31 -16.5 -26.11 8.45 16.44 54.17 -0.19 17.95 -23.73 0.85 -5.87 -16.41 0 0 0 18.23 35.83 -31.28 -7.7 -15.9 51.48 -0.91 13.79 -18.32 -0 0.23 -0.63 2.07 -3.51 -11.31 3.36 -5.1 -4.43 1.68 -2.6 1.83 9.02 8.57 -19.73 -9.6 11.65 21.56 -3.11 4.86 11.41 -0 0 0 -84.42 -19.13 76.9 38.85 -47.37 -17.59 -0 0 -10.35 30.19 -16.24 -9.24 -7.12 0 -0 1.6 11.36 -1.26 -0 0 0 79.68 14.18 70.47 -70.43 58.5 -43.14 0 -0 -30.56 3.79 -15.51 -1.01 7.12 -0 -0 28.29 -43.51 1.14
2.17 14.62 16.62 -5.37 -63.34 15.82 0 0 0 -11.75 -19.05 -27.43 10.38 17.62 60.76 -0.77 18.8 -18.73 1.32 -7.27 -20.52 0 0 0 17.41 37.74 -31.85 -8.42 -16.42 54.08 -0.85 16.15 -18.7 -0.01 -0.76 2.1 1.62 -3.98 -11.02 3.45 -5.68 -3.88 1.94 -2.87 2.31 9.94 9.92 -19.45 -10.97 13.66 21.34 -3.39 5.67 11.69 -0 0 0 -84.46 -18.61 73.48 36.8 -46.06 -16.1 -0 -0 4.04 24.4 -15.85 -7.06 -7.12 0 -0 -2.21 12.67 1.67 -0 0 0 80.04 13.23 65.68 -65.3 57.56 -38.78 0 -0 -36.95 4.14 -15.76 -1.13 7.12 -0 -0 28.69 -43.69 1.02
2.12 14.53 16.7 -5.14 -66.61 15.37 0 0 0 -11.45 -22.54 -29.11 12.23 18.48 66.7 -1.06 18.27 -11.18 1.91 -8.69 -24.82 0 0 0 16.9 39.28 -32.04 -8.84 -16.7 55.53 -0.74 18.25 -18.77 -0.07 -1.7 4.66 2.24 -4.29 -11.18 3.17 -6.16 -3.24 1.21 -3.1 2.98 11.44 11.22 -19.33 -12.47 15.43 20.73 -3.83 6.42 11.93 -0 -0 0 -83.8 -17.56 71.17 34.52 -44.46 -14.47 -0 -0 4.22 17.86 -14.4 -4.58 -7.12 0 -0 -6.55 14.95 4.67 -0 -0 0 80.96 11.23 58.19 -59.24 56.1 -33.71 0 -0 -43.44 1.75 -18.31 -0.55 7.12 -0 -0 27.84 -46.22 -0.91
2.06 14.51 16.8 -5.54 -69.13 15.79 0 0 0 -10.22 -26.32 -31.02 13.7 19.02 71.27 -0.68 14.51 -3.28 2.27 -9.4 -27.05 0 0 0 16.59 40.47 -31.76 -8.87 -16.72 55.63 -0.6 19.81 -18.52 -0.14 -2.41 6.65 3.38 -4.64 -11.4 2.83 -6.76 -2.88 0.11 -3.38 3.3 12.89 12.37 -18.46 -13.74 16.93 19.51 -4.23 7.13 11.79 -0 -0 0 -82.82 -15.1 68.83 32.52 -42.96 -13.1 -0 0 -10.19 15.24 -7.47 -2.03 -7.12 0 -0 -8.43 22.27 4.65 -0 -0 0 81.57 8.15 49.25 -51.68 53.65 -27.52 0 -0 -46.22 -3.2 -18.88 1.04 7.12 -0 -0 23.75 -47.38 -1.48
2 14.57 16.92 -7.03 -71.28 17.56 0 0 0 -7.97 -29.36 -33.06 14.63 19.29 74.11 -0.1 8.54 3.8 2.14 -9.14 -26.25 0 0 0 16.51 41.63 -30.98 -8.51 -16.48 54.36 -0.44 20.75 -17.91 -0.19 -2.79 7.68 4.69 -5.02 -11.51 2.69 -7.41 -2.91 -0.84 -3.7 3.14 14.33 13.39 -17.17 -14.74 18.25 18.32 -4.58 7.8 11.57 -0 -0 0 -82.27 -11.22 63.43 29.32 -40.3 -10.97 -0 0 -21.47 16.72 -4.14 -1.24 -7.12 0 -0 -7.48 25.65 3.53 -0 -0 0 81.58 5.06 38.98 -41.97 49.2 -19.92 0 -0 -45.17 -6.16 -16.61 1.77 7.12 -0 -0 20.17 -45.66 -0.34
1.94 14.69 17.06 -9.04 -73.49 20.05 0 0 0 -5.57 -31.42 -34.41 14.82 19.34 74.69 0.25 1.84 8.99 1.35 -7.36 -20.79 0 0 0 16.38 42.91 -29.69 -7.84 -16 51.98 -0.26 21.31 -16.97 -0.2 -2.86 7.9 5.64 -5.15 -11.78 2.67 -7.72 -3.01 -1.43 -3.86 3.04 15.41 14.14 -16.54 -15.14 19.17 17.86 -4.7 8.29 11.6 0 -0 0 -82.24 -7.16 56.78 24.84 -36.04 -8.2 -0 0 -21.94 21.75 -3.49 -1.39 -7.12 0 -0 -3.69 26.22 1.68 0 -0 0 80.47 2.89 26.71 -31.52 42.16 -12.42 0 -0 -40.3 -6.61 -16.11 1.84 7.12 -0 -0 19.58 -45.24 -0.12
1.87 14.85 17.21 -11.03 -75.94 22.83 0 0 0 -3.48 -32.8 -34.86 14.32 19.21 73.18 0.17 -4.08 10.46 0.75 -5.54 -15.45 0 0 0 15.78 44.47 -28.39 -7.05 -15.38 49.07 -0.09 21.58 -15.89 -0.19 -2.79 7.69 5.81 -4.92 -12.23 2.74 -7.48 -3.21 -1.45 -3.75 3.08 15.97 14.49 -16.57 -15.24 19.56 17.91 -4.73 8.49 11.76 0 -0 0 -82.1 -3.45 50.51 21.39 -32.28 -6.26 -0 0 -26.46 24.67 -1.57 -0.72 -7.12 0 -0 -1.48 28.25 0.6 0 -0 0 77.95 1.34 11.8 -22.08 33.07 -6.63 0 -0 -31.88 -9.29 -18.41 2.96 7.12 -0 -0 18.05 -47.76 -1.27
1.79 15.02 17.37 -12.93 -78.19 25.75 0 0 0 -1.61 -34.17 -34.58 13.31 18.89 70.08 -0.03 -6.63 8.79 0.81 -5.74 -16.03 0 0 0 14.71 45.97 -27.38 -6.27 -14.68 46.04 0.02 21.5 -14.99 -0.16 -2.57 7.07 5.54 -4.52 -12.85 2.8 -6.97 -3.52 -1.22 -3.5 3.16 16.12 14.51 -16.67 -14.95 19.47 17.94 -4.66 8.48 11.76 0 -0 0 -81.31 -0.07 45.31 18.26 -28.49 -4.67 -0 0 -28.17 26.8 -0.71 -0.36 -7.12 0 -0 0.18 29.18 -0.07 0 -0 0 74.09 -0.52 -6.19 -14.74 23.78 -3.12 0 -0 -18.69 -18.16 -22.09 7.03 7.12 -0 -0 11.05 -52.78 -2.14
1.72 15.19 17.53 -14.13 -80.31 27.83 0 0 0 -0.51 -35.66 -33.26 11.94 18.37 65.8 -0.1 -6.55 5.98 1.19 -6.91 -19.45 0 0 0 13.43 47.52 -26.17 -5.55 -13.98 43.16 0.03 20.98 -14.53 -0.1 -2.07 5.7 4.84 -3.97 -13.46 2.82 -6.2 -3.79 -0.75 -3.14 3.33 15.92 14.26 -16.92 -14.74 19.07 17.97 -4.63 8.3 11.69 -0 0 0 -79.98 3.29 41.48 15.89 -25.37 -3.6 -0 0 -26.14 26.89 0.55 0.28 -7.12 0 -0 0.26 30.6 -0.09 -0 0 0 69.57 -4.27 -25.96 -10.7 17.83 -1.68 0 -0 -2.74 -30.17 -28.72 15.61 7.12 -0 -0 0.6 -62.35 -0.25
1.64 15.32 17.7 -16.24 -82.37 30.75 0 0 0 0.28 -36.92 -31.38 10.37 17.61 60.73 -0.1 -5.87 4.24 0.92 -6.1 -17.07 0 0 0 12.07 49.21 -25.27 -5.01 -13.39 40.86 0 20.39 -14.35 -0.06 -1.59 4.37 4 -3.28 -14.03 2.96 -5.23 -3.97 -0.03 -2.66 3.57 15.51 13.9 -17.36 -15.01 18.64 17.77 -4.74 8.04 11.62 -0 0 0 -78.43 6.87 38.25 14.92 -24.03 -3.19 -0 0 -25.29 24.64 1.95 0.9 -7.12 0 -0 -1.57 32.13 0.49 -0 0 0 65.75 -10.73 -37 -10.45 17.43 -1.61 0 0 3.74 -41.46 -36.3 27.61 7.12 -0 -0 -14.21 -74 9.79
1.57 15.39 17.88 -21.57 -84.13 36.94 0 0 0 0.97 -38.82 -28.7 8.57 16.52 54.57 -0.12 -6.06 2.63 0.79 -5.67 -15.84 0 0 0 10.57 50.58 -25.32 -4.68 -13.02 39.43 -0.01 20.28 -14.35 -0.03 -1.12 3.07 3.53 -2.66 -14.65 3.19 -4.4 -4.07 0.58 -2.26 3.88 15.35 13.71 -17.74 -15.76 18.46 17.17 -5.01 7.86 11.52 0 -0 0 -76.64 10.89 35.58 15.08 -24.26 -3.26 -0 0 -25.63 22.57 2.6 1.08 -7.12 0 -0 -3.26 32.78 0.98 0 -0 0 62.69 -17.89 -38.68 -11.5 19.06 -1.94 0 -0 -2.58 -46.79 -37.28 32.82 7.12 -0 -0 -27.34 -76.72 20.62
1.53 15.39 18.08 -32.2 -85.49 48.46 0 0 0 1.55 -40.37 -25.77 6.76 15.13 47.96 -0.33 -10.52 0.84 1.5 -7.75 -21.95 0 0 0 8.83 51.45 -26.57 -4.6 -12.92 39.08 0.02 20.91 -14.59 -0.02 -0.82 2.25 3.49 -2.25 -15.25 3.32 -3.91 -4.17 0.79 -2.02 4.12 15.53 13.74 -17.74 -16.22 18.45 16.32 -5.2 7.84 11.28 -0 -0 0 -74.71 15.49 33.11 15.9 -25.38 -3.6 -0 0 -27.59 23.04 2.56 1.09 -7.12 0 -0 -2.88 32.75 0.87 -0 -0 0 60.19 -24.49 -36.19 -12.65 20.78 -2.33 0 -0 -11.27 -42.41 -34.19 27.17 7.12 -0 -0 -16.42 -72.01 10.63
1.5 15.37 18.31 -52.08 -86.21 68.88 0 0 0 1.95 -41.82 -22.6 5.73 14.17 43.91 -0.49 -13.79 -1.5 2.75 -10.28 -29.89 0 0 0 7.6 51.93 -27.67 -4.57 -12.89 38.95 0.08 21.89 -14.84 -0.01 -0.58 1.59 4.15 -1.89 -15.68 3.25 -3.58 -4.08 0.4 -1.84 4.41 15.55 13.83 -17.81 -15.78 18.35 15.57 -5.05 7.87 10.94 0 -0 0 -72.73 20.08 30.41 16.91 -26.74 -4.05 -0 0 -30.23 25.01 2.54 1.19 -7.12 0 -0 -1.29 32.78 0.39 0 -0 0 58.27 -29.91 -32.79 -13.6 22.16 -2.68 0 -0 -16.03 -34 -31.88 19.61 7.12 -0 -0 -3.1 -66.83 1.63
1.5 15.31 18.55 -73.66 -85.98 90.62 0 0 0 1.68 -42.19 -19.78 5.19 13.6 41.66 -0.33 -14.58 -5.87 3.7 -11.76 -34.87 0 0 0 7.08 52.36 -28.19 -4.55 -12.86 38.86 0.12 22.74 -15.11 -0 -0.37 1.01 5.22 -1.62 -15.91 3.13 -3.41 -3.77 -0.31 -1.74 4.79 15.57 13.97 -17.95 -15.08 18.26 14.9 -4.81 7.91 10.62 -0 0 0 -71.31 24.09 26.27 17.63 -27.68 -4.38 -0 0 -31.83 25.98 2.68 1.31 -7.12 0 -0 -0.5 32.96 0.15 -0 0 0 56.88 -33.77 -29.84 -14.37 23.26 -2.97 0 -0 -17.58 -28.44 -29.25 14.82 7.12 -0 -0 2.97 -62.44 -1.26
1.51 15.26 18.81 -85.24 -85.19 102.04 0 0 0 0.81 -41.11 -17.4 4.73 13.07 39.62 0.02 -14.29 -10.24 3.84 -11.95 -35.56 0 0 0 7.08 52.61 -27.98 -4.49 -12.78 38.55 0.11 23.11 -15.5 -0 0.09 -0.26 6.14 -1.75 -15.91 3.17 -3.75 -3.39 -0.86 -1.88 5.12 16.32 14.32 -17.56 -15.03 18.49 14.06 -4.86 8.11 10.36 -0 0 0 -71.17 27.39 19.96 17.69 -27.76 -4.41 -0 0 -32.11 26.47 2.9 1.45 -7.12 0 -0 -0.11 33.22 0.03 -0 0 0 55.66 -35.54 -28.08 -15.06 24.23 -3.25 0 -0 -17.19 -27.82 -27.84 13.84 7.12 -0 -0 3.07 -60.8 -1.18
1.54 15.23 19.07 -89.79 -84.83 106.39 0 0 0 -0.67 -39.14 -15.65 4.25 12.48 37.46 0.34 -13.47 -13.16 3.61 -11.63 -34.43 0 0 0 6.44 52.71 -27.68 -4.41 -12.68 38.19 0.03 22.98 -15.98 -0.02 0.84 -2.32 6.18 -2.31 -15.81 3.27 -4.5 -3.2 -0.92 -2.24 5.24 17.38 14.75 -16.5 -15.43 18.97 13.12 -5.1 8.42 10.07 -0 0 0 -72.07 29.63 12.69 16.9 -26.73 -4.04 -0 0 -32.22 27.34 3.46 1.79 -7.12 0 -0 0.6 33.88 -0.16 -0 0 0 54.55 -35.52 -27.53 -15.39 24.68 -3.39 0 -0 -15.23 -30.44 -28.4 15.61 7.12 -0 -0 0.15 -62.07 -0.06
1.58 15.23 19.34 -93.59 -85.17 110.03 0 0 0 -2.67 -36.65 -14.41 3.69 11.73 34.8 0.46 -13.56 -14.38 3.02 -10.72 -31.35 0 0 0 4.79 52.96 -27.5 -4.33 -12.59 37.85 -0.09 22.3 -16.39 -0.07 1.7 -4.68 5.36 -2.49 -15.89 3.2 -4.6 -3.08 -0.56 -2.28 5.46 16.95 14.57 -16.23 -15.2 18.73 12.66 -5.02 8.34 9.75 0 0 0 -72.5 29.5 7.01 15.23 -24.47 -3.32 -0 0 -31.92 28.48 4.69 2.54 -7.12 0 -0 1.52 35.31 -0.36 0 0 0 55.09 -35.05 -29.89 -15.38 24.67 -3.38 0 -0 -13.55 -35 -29.54 19.04 7.12 -0 -0 -5.36 -64.57 2.54
1.63 15.26 19.63 -100.88 -86.21 117.36 0 0 0 -5.19 -34.02 -13.68 3.09 10.84 31.73 0.36 -14.62 -13.95 2.2 -9.26 -26.63 0 0 0 1.86 53.09 -27.92 -4.3 -12.55 37.69 -0.2 21.53 -16.65 -0.15 2.5 -6.88 3.79 -2.5 -16.16 2.89 -4.33 -3.17 0.02 -2.17 5.61 16.28 14.12 -16.24 -14.89 18.2 12.72 -4.93 8.09 9.59 -0 -0 0 -72.51 27.91 2.45 13.2 -21.58 -2.53 -0 0 -30.77 29.85 6.03 3.45 -7.12 0 -0 2.65 36.91 -0.53 -0 -0 0 56.82 -33.82 -34.15 -14.97 24.1 -3.21 0 -0 -12.35 -39.71 -30.23 22.69 7.12 -0 -0 -12.06 -66.76 6.36
1.7 15.29 19.93 -113.32 -87.37 129.88 0 0 0 -7.76 -31.62 -13.36 2.57 9.96 28.85 0.11 -16.27 -12.56 1.52 -7.78 -22.04 0 0 0 -1.44 52.83 -28.69 -4.32 -12.58 37.81 -0.23 21.05 -16.56 -0.2 2.91 -8.03 1.9 -2.49 -16.26 2.54 -3.98 -3.45 0.79 -2.02 5.47 15.52 13.57 -16.31 -14.42 17.56 13.18 -4.79 7.79 9.53 0 0 0 -72.47 25.7 -0.35 11.49 -19.03 -1.93 -0 0 -28.97 32.25 7.3 4.58 -7.12 0 -0 4.7 38.55 -0.75 0 0 0 58.96 -31.75 -38.72 -14.15 22.95 -2.89 0 -0 -11.79 -42.72 -30.82 25.32 7.12 -0 -0 -16.97 -68.35 9.62
1.8 15.31 20.24 -138.94 -88.4 155.48 0 0 0 -10.31 -30.36 -13.13 2.19 9.26 26.61 -0.15 -17.62 -10.88 1.05 -6.53 -18.32 0 0 0 -4.47 51.77 -29.6 -4.43 -12.71 38.31 -0.24 20.66 -16.42 -0.25 3.24 -8.94 0.05 -2.45 -16.09 2.18 -3.57 -3.69 1.54 -1.85 5.21 14.27 12.94 -16.7 -13.62 16.81 13.74 -4.46 7.43 9.48 -0 0 0 -72.84 23.24 -0.21 10.81 -17.99 -1.72 -0 0 -27.51 34.58 8.44 5.78 -7.12 0 -0 6.77 40.11 -0.82 -0 0 0 61.44 -28.86 -42.37 -13.24 21.64 -2.54 0 -0 -11.66 -43.37 -31.78 26.45 7.12 -0 -0 -18.18 -69.63 10.84
1.93 15.3 20.54 -190.63 -88.67 207.15 0 0 0 -12.72 -30 -13.26 1.99 8.85 25.32 -0.34 -18.26 -9.46 0.68 -5.28 -14.71 0 0 0 -7.28 50.37 -31.02 -4.73 -13.07 39.65 -0.29 19.88 -16.33 -0.26 3.25 -8.98 -1.61 -2.32 -15.7 1.61 -3.09 -3.94 2 -1.63 4.77 13.14 12.23 -17.13 -12.59 15.88 14.2 -4.1 7.01 9.38 -0 -0 0 -73.16 20.93 3.93 11.15 -18.52 -1.82 -0 0 -28.51 35.8 7.97 5.71 -7.12 0 -0 7.83 39.66 -1.04 -0 -0 0 64.89 -25.68 -43.57 -12.67 20.8 -2.33 0 -0 -11.9 -41.65 -32.98 25.83 7.12 -0 -0 -15.06 -70.43 9.21
2.07 15.27 20.83 -218.05 -87.98 234.79 0 0 0 -14.63 -29.15 -14.58 1.98 8.83 25.27 -0.54 -19.18 -8.23 0.29 -3.48 -9.63 0 0 0 -10.26 49.57 -33.42 -5.24 -13.65 41.84 -0.37 18.61 -16.21 -0.28 3.39 -9.36 -3.18 -2.4 -15.35 1.1 -2.95 -4.37 2.39 -1.57 4.17 13.06 11.84 -16.86 -11.95 15.27 14.43 -3.99 6.79 9.26 0 0 0 -73.64 19.15 9.96 12.16 -20.05 -2.16 -0 0 -31.62 35.93 6.39 4.61 -7.12 0 -0 7.86 37.75 -1.41 0 0 0 68.62 -22.08 -40.28 -12.34 20.31 -2.22 0 -0 -12.43 -38.21 -33.36 23.41 7.12 -0 -0 -9 -69.75 5.34
2.24 15.2 21.13 -226.79 -86.99 244.17 0 0 0 -16.1 -28.5 -17.34 2.18 9.24 26.54 -0.75 -20.51 -7.28 0.06 -1.55 -4.27 0 0 0 -13.77 48.2 -37.47 -6.03 -14.46 45.1 -0.4 17.77 -15.95 -0.26 3.29 -9.09 -4.22 -2.04 -15.21 0.36 -2.33 -4.85 2.34 -1.26 3.55 11.88 11.13 -17.3 -10.65 14.3 14.85 -3.52 6.38 9.15 -0 -0 0 -73.89 16.35 16.66 13.24 -21.63 -2.54 -0 0 -33.83 35.08 4.73 3.31 -7.12 0 -0 7.04 35.68 -1.62 -0 -0 0 72.95 -18.26 -35.07 -12.17 20.07 -2.16 0 -0 -11.85 -33.02 -34.25 20.09 7.12 -0 -0 -0.39 -69.06 0.23
2.44 15.09 21.41 -227.8 -85.68 245.61 0 0 0 -17.69 -27.56 -20.41 2.53 9.9 28.65 -0.98 -22.05 -6.67 0 0.36 1 0 0 0 -17.05 47.04 -41.79 -7.1 -15.42 49.26 -0.55 16.15 -16.3 -0.27 3.34 -9.24 -5.57 -1.53 -14.68 -0.4 -1.49 -5.16 2.46 -0.83 2.87 10.98 10.43 -18.3 -9.82 13.32 15.4 -3.23 5.92 9.26 0 0 0 -74.45 12.68 22.64 14.2 -23.01 -2.9 -0 0 -34.87 34.01 3.54 2.38 -7.12 0 -0 6.08 34.2 -1.62 0 0 0 76.97 -13.78 -26.7 -12.07 19.9 -2.12 0 -0 -12.57 -27.95 -33 16.12 7.12 -0 -0 5.8 -66.22 -2.97
2.66 14.95 21.66 -228.75 -84.17 246.53 0 0 0 -19.71 -26.52 -23.12 2.95 10.61 30.98 -1.2 -23.45 -6.15 0.12 2.28 6.27 0 0 0 -19.79 46.27 -45.36 -8.34 -16.37 53.79 -0.82 12.84 -17.33 -0.28 3.39 -9.36 -7.38 -1.24 -13.49 -1.05 -0.97 -5.33 2.91 -0.54 2.01 10.67 10.07 -18.82 -9.56 12.79 15.4 -3.16 5.66 9.25 0 0 0 -75.49 9.01 27.48 15.23 -24.47 -3.32 -0 0 -35.51 32.69 2.81 1.8 -7.12 0 -0 4.96 33.29 -1.43 0 0 0 80.06 -8.95 -12.62 -12.43 20.45 -2.25 0 -0 -16.08 -24.36 -32.46 13.66 7.12 -0 -0 9.92 -64.65 -4.74
2.87 14.82 21.9 -227.39 -82.83 244.36 0 0 0 -21.68 -25.68 -24.62 3.35 11.23 33.07 -1.34 -24.33 -5.97 0.32 3.62 10 0 0 0 -20.67 46.4 -47.11 -9.56 -17.15 57.99 -1.08 7.24 -18.52 -0.24 3.14 -8.68 -8.95 -0.79 -11.79 -1.54 -0.33 -5.15 3.38 -0.17 1.2 10.31 9.71 -19.12 -9.56 12.34 15.03 -3.18 5.43 9.11 -0 -0 0 -77.02 4.97 30.88 16.05 -25.59 -3.67 -0 0 -35 31.15 2.22 1.34 -7.12 0 -0 3.69 32.56 -1.13 -0 -0 0 82.05 -4.77 6.58 -14.32 23.18 -2.95 0 -0 -21.46 -21.35 -32.81 11.96 7.12 -0 -0 13.79 -64.16 -6.46
3.1 14.69 22.17 -229.96 -82.52 246.75 0 0 0 -22.66 -26.66 -27.02 3.86 11.97 35.61 -1.36 -24.43 -5.87 0.44 4.26 11.8 0 0 0 -20.06 45.34 -48.48 -10.73 -17.8 61.89 -1.06 -0.27 -19.55 -0.09 1.91 -5.26 -8.79 -0.25 -10.79 -2.2 0.3 -4.95 2.68 0.14 0.79 9.68 9.18 -19.96 -9.31 11.64 14.99 -3.08 5.07 9.11 -0 0 0 -78.77 0.49 33.48 16.67 -26.41 -3.94 -0 0 -33.99 29.68 2 1.14 -7.12 0 -0 2.5 32.27 -0.78 -0 0 0 82.8 -1.36 25.07 -18.66 29 -4.87 0 -0 -24.4 -19.61 -31.17 10.45 7.12 -0 -0 14.5 -62.11 -6.1
3.29 14.61 22.4 -226.62 -82.56 243.55 0 0 0 -22.56 -27.39 -29.44 4.35 12.62 37.95 -1.33 -24.25 -5.93 0.59 4.91 13.64 0 0 0 -17.4 44.78 -49.15 -11.67 -18.25 64.93 -0.77 -7.31 -20.8 -0 -0.27 0.74 -8.04 0.41 -10.62 -2.66 1.11 -4.73 1.86 0.53 0.88 8.98 8.67 -20.84 -8.75 10.95 15.07 -2.86 4.74 9.14 0 0 0 -80.85 -3.37 34.7 17.45 -27.44 -4.29 -0 0 -33.36 28.73 1.91 1.05 -7.12 0 -0 1.73 32.15 -0.54 0 0 0 82.77 1.93 38.68 -24.97 36.17 -8.27 0 -0 -23.92 -20.28 -27.23 9.6 7.12 -0 -0 11.24 -58.37 -3.71
3.44 14.6 22.59 -219.78 -82.46 236.75 0 0 0 -22.29 -27.59 -30.8 4.59 12.9 39 -1.23 -23.65 -6.13 0.62 5.05 14.04 0 0 0 -12.75 44.38 -48.23 -12.19 -18.47 66.6 -0.64 -10.86 -22.72 -0.02 -1 2.76 -7.51 1 -10.81 -2.92 1.89 -4.6 1.39 0.9 1.09 8.68 8.4 -21.24 -8.33 10.55 15.12 -2.73 4.57 9.15 0 -0 0 -82.93 -5.79 35.4 18.84 -29.22 -4.95 -0 0 -34.2 28.46 1.91 1.04 -7.12 0 -0 1.51 32.15 -0.48 0 -0 0 82.63 5.31 48.11 -32.2 42.7 -12.87 0 -0 -21.73 -21.95 -23.53 9.14 7.12 -0 -0 7.76 -54.96 -1.91
3.58 14.63 22.77 -215.77 -82.2 232.92 0 0 0 -22.36 -28.13 -31.29 4.5 12.79 38.6 -1.06 -22.38 -6.17 0.5 4.55 12.63 0 0 0 -7.11 42.8 -46.28 -12.43 -18.56 67.33 -0.69 -12.54 -24.82 -0.02 -0.88 2.43 -7.38 1.36 -11.12 -3.14 2.35 -4.77 1.15 1.12 1.05 8.65 8.29 -21.11 -7.99 10.36 15.37 -2.64 4.51 9.17 0 -0 0 -84.6 -6.39 36.45 21.1 -31.94 -6.1 -0 0 -36.07 28.71 1.92 1.05 -7.12 0 -0 1.72 32.16 -0.54 0 -0 0 82.63 8.42 54.61 -39.78 47.94 -18.28 0 -0 -19.49 -23.29 -21.13 8.82 7.12 -0 -0 5.55 -52.71 -1.06
3.7 14.71 22.92 -211.71 -81.92 229.1 0 0 0 -22.31 -28.76 -31.15 4.2 12.42 37.25 -0.87 -20.66 -6.09 0.33 3.71 10.25 0 0 0 -0.71 40.44 -43.61 -12.42 -18.56 67.31 -0.78 -13.73 -26.68 -0.01 -0.47 1.29 -7.28 1.64 -11.45 -3.33 2.7 -5.16 0.93 1.3 0.81 8.41 8.22 -20.75 -7.07 10.21 15.94 -2.32 4.54 9.22 -0 -0 0 -84.99 -5.41 38.93 24.22 -35.39 -7.83 -0 0 -38.27 28.47 1.58 0.86 -7.12 0 -0 1.52 31.78 -0.49 -0 -0 0 83.02 10.92 59.2 -47.77 52.06 -24.41 0 -0 -18.56 -22.58 -20.01 8.1 7.12 -0 -0 5.93 -51.41 -0.94
3.81 14.81 23.06 -207.27 -81.63 225.04 0 0 0 -22.03 -29.2 -30.9 3.81 11.9 35.38 -0.73 -19.03 -5.64 0.2 2.87 7.91 0 0 0 5.62 37.7 -40.69 -12.25 -18.49 66.77 -0.99 -13.79 -28.29 -0 0.11 -0.29 -6.94 1.95 -12 -3.59 3.06 -5.63 0.52 1.46 0.63 8.19 8.19 -20.5 -5.96 10.06 16.74 -1.93 4.57 9.36 0 -0 0 -84.27 -3.7 41.58 27.75 -38.89 -9.97 -0 0 -38.41 26.09 1.19 0.58 -7.12 0 -0 -0.38 31.31 0.13 0 -0 0 83.78 12.84 62.51 -55.89 55.11 -30.94 0 -0 -18.43 -21.39 -19.63 7.5 7.12 -0 -0 7 -50.81 -1.01
3.92 14.91 23.19 -202.93 -81.17 221.25 0 0 0 -21.69 -29.35 -30.77 3.39 11.3 33.31 -0.65 -17.69 -4.98 0.08 1.82 5.01 0 0 0 11.34 34.68 -37.79 -11.94 -18.37 65.81 -1.2 -13.53 -29.56 -0.01 0.72 -1.99 -6.5 2.33 -12.82 -3.94 3.52 -6.06 -0 1.67 0.64 8.15 8.21 -20.39 -5.06 9.94 17.44 -1.63 4.61 9.53 -0 0 0 -83.01 -2.04 43.35 30.91 -41.66 -12.01 -0 0 -35.9 21.98 0.29 0.12 -7.12 0 -0 -3.63 30.28 1.31 -0 0 0 84.64 14.37 65.07 -63.54 57.18 -37.3 0 -0 -18.21 -18.7 -17.79 5.9 7.12 -0 -0 9.06 -48.48 -0.78
4.03 15 23.32 -199.33 -80.49 218.31 0 0 0 -21.36 -29.33 -30.86 3 10.7 31.27 -0.61 -16.58 -3.98 0.04 1.32 3.63 0 0 0 16.07 31.16 -35.15 -11.48 -18.16 64.34 -1.42 -12.53 -30.13 -0.03 1.16 -3.18 -6.35 2.49 -13.82 -4.14 3.74 -6.46 -0.24 1.75 0.77 8.48 8.54 -19.96 -4.48 10.21 17.73 -1.45 4.83 9.56 -0 0 0 -81.44 -0.14 44.17 33.73 -43.88 -13.93 -0 0 -33.92 18.69 -0.79 -0.27 -7.12 0 -0 -6.15 29.12 2.39 -0 0 0 85.43 15.74 68.07 -69.9 58.42 -42.69 0 -0 -17.43 -17.91 -15.92 5.06 7.12 -0 -0 9.29 -46.45 -0.34
4.14 15.08 23.44 -197.01 -79.64 216.6 0 0 0 -21.36 -28.68 -31.16 2.65 10.1 29.32 -0.64 -16.14 -2.58 0.06 1.55 4.27 0 0 0 19.63 27.35 -32.59 -10.8 -17.83 62.12 -1.63 -10.25 -29.73 -0.06 1.62 -4.45 -6.21 2.62 -14.86 -4.42 3.92 -6.75 -0.55 1.81 1.03 8.83 8.92 -19.31 -3.89 10.54 17.61 -1.27 5.09 9.41 -0 0 0 -79.55 1.84 44.66 36.16 -45.62 -15.64 -0 0 -33.41 18.44 -0.96 -0.32 -7.12 0 -0 -6.33 28.94 2.49 -0 0 0 86.32 16.98 71.19 -74.54 59.08 -46.65 0 -0 -16.15 -18.25 -14.7 4.78 7.12 -0 -0 8.66 -45.24 -0.05
4.26 15.12 23.56 -195.97 -78.63 216 0 0 0 -21.72 -27.82 -31.53 2.37 9.6 27.69 -0.68 -15.92 -1.33 0.09 1.97 5.42 0 0 0 22.02 23.32 -30.13 -9.94 -17.38 59.28 -1.83 -6.99 -28.88 -0.14 2.4 -6.6 -6.19 2.8 -15.6 -4.74 4.17 -6.99 -0.83 1.91 1.19 9.11 9.19 -18.63 -3.49 10.8 17.37 -1.17 5.29 9.21 -0 -0 0 -77.74 3.72 44.86 37.68 -46.63 -16.73 -0 0 -33.16 19.58 -0.87 -0.31 -7.12 0 -0 -5.45 29.03 2.13 -0 -0 0 86.82 17.78 74.13 -77.82 59.43 -49.48 0 -0 -14.75 -18.89 -13.95 4.72 7.12 -0 -0 7.9 -44.55 0.09
4.4 15.14 23.67 -196.03 -77.37 216.22 0 0 0 -22.55 -26.65 -31.98 2.18 9.23 26.52 -0.73 -16.01 -0.23 0.14 2.39 6.58 0 0 0 23.31 19.32 -27.72 -9 -16.81 56.11 -1.95 -3.96 -28.02 -0.25 3.21 -8.85 -6.16 3.09 -16.03 -5.23 4.56 -7.07 -1.28 2.08 1.36 9.17 9.38 -18.09 -2.99 10.98 17.06 -1.01 5.44 9 0 -0 0 -76.07 5.27 43.93 37.87 -46.75 -16.87 -0 0 -32.59 19.98 -1.22 -0.44 -7.12 0 -0 -5.12 28.66 2.05 0 -0 0 87.24 18.12 76.62 -79.52 59.58 -50.94 0 -0 -13.06 -18.75 -13.17 4.42 7.12 -0 -0 7.87 -43.72 0.25
4.54 15.13 23.78 -197.05 -75.71 217.17 0 0 0 -24.05 -24.7 -32.5 2.02 8.9 25.48 -0.85 -16.76 1.03 0.22 3 8.28 0 0 0 23.38 16.07 -25.32 -8.05 -16.16 52.76 -1.85 -2.45 -26.64 -0.27 3.33 -9.2 -6.22 3.49 -16.16 -5.99 5.1 -7.07 -1.96 2.32 1.48 9.34 9.52 -17.76 -2.55 11.06 16.85 -0.89 5.53 8.86 -0 0 0 -74.51 6.65 41.26 36.67 -45.97 -16 -0 0 -31.71 18.21 -1.64 -0.54 -7.12 0 -0 -6.47 28.23 2.66 -0 0 0 87.8 17.73 78.21 -79.28 59.56 -50.73 0 -0 -10.45 -16.25 -11.41 3.3 7.12 -0 -0 9.72 -41.65 0.81
4.7 15.1 23.89 -198.11 -73.61 218.11 0 0 0 -25.8 -22.61 -33.08 1.85 8.56 24.41 -0.94 -17.32 2.11 0.3 3.52 9.72 0 0 0 22.37 14.25 -23.02 -7.05 -15.37 49.07 -1.7 -1.23 -25.09 -0.33 3.7 -10.23 -6.23 4.11 -16.02 -6.93 5.89 -7.13 -2.82 2.68 1.43 9.48 9.55 -17.57 -2.25 11.01 16.78 -0.83 5.55 8.79 -0 0 0 -73.2 7.75 36.51 34.15 -44.2 -14.22 -0 0 -30.05 14.34 -1.48 -0.38 -7.12 0 -0 -9.47 28.4 3.87 -0 0 0 88.36 16.39 78.13 -76.4 59.29 -48.25 0 -0 -6.79 -10.65 -8.34 1.56 7.12 -0 -0 13.87 -38.12 2.41
4.87 15.08 24.01 -197.99 -71.23 217.92 0 0 0 -27.13 -20.92 -33.81 1.73 8.28 23.56 -0.94 -17.22 2.72 0.33 3.7 10.23 0 0 0 20.84 13.93 -21.06 -5.96 -14.39 44.82 -2.11 1.95 -26.96 -0.34 3.74 -10.34 -5.69 5.09 -15.66 -7.9 7.04 -7.26 -3.99 3.22 1.31 9.24 9.44 -17.45 -2.07 10.89 16.79 -0.76 5.5 8.74 0 0 0 -72.16 8.51 30.08 30.8 -41.57 -11.94 -0 0 -28.27 12.54 -0.58 -0.13 -7.12 0 -0 -10.94 29.31 4.26 0 0 0 88.73 14.34 76.02 -70.82 58.56 -43.47 0 -0 -4.91 -1.99 -5.91 0.2 7.12 -0 -0 20.36 -35.24 5.16
5.06 15.08 24.15 -196.6 -68.64 216.47 0 0 0 -27.72 -19.77 -34.66 1.65 8.09 22.99 -0.84 -16.26 2.85 0.28 3.38 9.34 0 0 0 19.47 15.24 -19.63 -5.16 -13.56 41.52 -2.49 3.97 -28.89 -0.13 2.33 -6.42 -4.59 6.17 -15.14 -8.73 8.28 -7.4 -5.31 3.8 1.21 9.18 9.5 -17.38 -2.18 11.02 16.92 -0.77 5.55 8.78 -0 -0 0 -71.18 9.36 22.57 27.21 -38.38 -9.63 -0 0 -28.66 17.16 -0.08 -0.02 -7.12 0 -0 -7.4 29.85 2.75 -0 -0 0 89.06 11.95 72.56 -62.83 57.02 -36.71 0 -0 -7.81 7.15 -8.27 -1.03 7.12 -0 -0 28.18 -36.76 6.35
5.27 15.09 24.29 -194.2 -66.04 214.21 0 0 0 -27.22 -19.4 -35.96 1.66 8.13 23.1 -0.65 -14.4 2.47 0.15 2.54 6.99 0 0 0 18.71 19.11 -18.55 -4.76 -13.11 39.77 -2.65 3.63 -29.95 -0.04 1.27 -3.48 -3.08 7.14 -14.61 -9.27 9.33 -7.57 -6.59 4.3 1.15 9.39 9.84 -17.3 -2.4 11.49 17 -0.81 5.76 8.85 -0 -0 0 -70.51 10.66 13.42 23.82 -34.98 -7.61 -0 0 -31.27 24.68 0.19 0.09 -7.12 0 -0 -1.49 30.18 0.54 -0 -0 0 89.34 9.49 68.21 -52.15 53.83 -27.9 0 -0 -12.4 8.08 -12.81 -1.8 7.12 -0 -0 30.62 -40.68 3.66
5.48 15.11 24.43 -190.48 -63.71 210.84 0 0 0 -25.09 -20.1 -37.63 1.8 8.44 24.05 -0.41 -11.49 1.49 0.02 0.9 2.49 0 0 0 19.09 24.53 -17.35 -4.47 -12.76 38.46 -2.6 1.2 -30.2 -0 0.41 -1.12 -1.06 7.92 -14.31 -9.3 10.15 -7.63 -7.62 4.7 1.37 9.85 10.44 -17.25 -2.89 12.31 16.82 -0.92 6.12 8.89 0 -0 0 -70.16 12.35 3.01 20.9 -31.71 -6 -0 0 -35.39 30.06 1.8 1.04 -7.12 0 -0 2.8 32.06 -0.89 0 -0 0 89.37 7.33 63.09 -40.09 48.12 -18.51 0 -0 -14.5 -2.28 -13.95 0.55 7.12 -0 -0 22.55 -42.75 1.33
5.68 15.16 24.56 -186.21 -61.83 206.89 0 0 0 -21.92 -21.42 -39.04 1.97 8.81 25.2 -0.18 -7.84 0.7 0.01 -0.77 -2.12 0 0 0 20.38 28.73 -15.93 -4.05 -12.23 36.54 -2.35 -1.3 -29.5 -0 0 -0.01 1.42 8.46 -14.02 -8.82 10.66 -7.48 -8.39 4.96 1.8 10.17 11.23 -17.05 -3.55 13.47 16.28 -1.03 6.62 8.81 -0 0 0 -69.79 14.73 -5.8 18.41 -28.68 -4.75 -0 0 -41.4 33.94 4.56 3.06 -7.12 0 -0 6.08 35.42 -1.44 -0 0 0 89 5.69 56.45 -29.41 40.38 -11.03 0 -0 -15.4 -18.16 -14.59 4.72 7.12 -0 -0 8.72 -45.12 -0.03
5.88 15.23 24.69 -182.35 -60.48 203.03 0 0 0 -18.98 -22.15 -39.84 2.07 9.01 25.83 -0.08 -4.97 0.89 0.08 -1.88 -5.17 0 0 0 21.91 29.98 -14.71 -3.53 -11.5 33.99 -2.07 -1.84 -27.9 -0 0.28 -0.77 3.74 8.64 -13.5 -7.94 10.73 -7.11 -8.73 5.03 2.17 10.95 12.18 -16.58 -4.96 14.9 15.54 -1.42 7.2 8.75 0 -0 0 -69.42 17.87 -11.76 16.11 -25.67 -3.69 -0 0 -45.44 35.92 8 5.76 -7.12 0 -0 7.94 39.7 -1.04 0 -0 0 88.16 4.3 45.59 -21.86 32.82 -6.51 0 -0 -16.03 -30.54 -18.33 10.51 7.12 -0 -0 -2.46 -51 0.36
6.1 15.29 24.78 -179.63 -59.4 199.78 0 0 0 -16.92 -21.78 -39.83 2.04 8.95 25.65 -0.04 -3.51 2.06 0.15 -2.5 -6.9 0 0 0 23.31 30.34 -13.35 -3.08 -10.82 31.68 -1.83 -1.26 -26.05 -0 0.27 -0.74 4.83 8.24 -12.72 -6.68 10.15 -6.52 -8.16 4.79 2.22 12.41 13.38 -15.54 -7.08 16.69 14.38 -2.1 7.95 8.65 0 -0 0 -69.63 21.74 -15.63 14.14 -22.94 -2.88 -0 0 -43.71 35.72 10.31 7.33 -7.12 0 -0 7.86 42.48 -0.49 0 -0 0 86.32 2.9 31.34 -17.16 27.07 -4.16 0 -0 -13.26 -35.72 -23.55 16.03 7.12 -0 -0 -7.49 -58.05 2.4
6.36 15.34 24.92 -178.05 -58.68 198.19 0 0 0 -15.24 -21.68 -40.52 1.93 8.72 24.92 0.01 -2.36 4.14 0.2 -2.85 -7.85 0 0 0 23.49 30.29 -14.38 -2.96 -10.63 31.04 -1.68 0.05 -24.5 -0 0.18 -0.51 5.6 7.84 -11.94 -5.67 9.61 -6.09 -7.67 4.55 2.09 13.47 14.34 -14.59 -9.08 18.2 12.92 -2.72 8.57 8.45 0 -0 0 -70.15 25.41 -16.83 12.86 -21.08 -2.4 -0 0 -38.03 33.97 10.75 7.16 -7.12 0 -0 6.26 42.79 -0.34 0 -0 0 82.94 0.74 17.77 -14.93 24.05 -3.2 0 -0 -13.01 -38.27 -27.69 20.13 7.12 -0 -0 -10.27 -63.46 4.62
6.64 15.36 25.04 -177.04 -58.33 197.32 0 0 0 -13.91 -21.35 -41.73 1.85 8.54 24.36 0.09 -1.53 6.39 0.18 -2.7 -7.44 0 0 0 23.47 30.65 -16.19 -3.06 -10.79 31.56 -1.57 0.53 -23.52 -0 0.08 -0.22 5.92 7.47 -11.26 -4.77 9.16 -5.55 -7.02 4.37 2.13 14.11 15.08 -14.03 -11.04 19.39 11.25 -3.29 9.03 8.21 -0 0 0 -70.95 28.3 -16.41 12.42 -20.44 -2.25 -0 0 -32.03 32.46 9.71 6.12 -7.12 0 -0 4.89 41.4 -0.44 -0 0 0 78.72 -2.7 8.39 -14.54 23.5 -3.04 0 -0 -17.16 -37.09 -29.28 20.29 7.12 -0 -0 -8.34 -64.9 4.03
6.94 15.35 25.17 -176.35 -58.46 196.8 0 0 0 -12.93 -20.84 -43.55 1.85 8.55 24.39 0.17 -0.87 8.21 0.2 -2.86 -7.88 0 0 0 23.36 30.65 -18.92 -3.38 -11.28 33.25 -1.51 0.7 -23 -0 0.25 -0.7 6.08 7.02 -10.48 -3.79 8.63 -4.86 -6.21 4.15 2.21 14.64 15.83 -13.64 -13.72 20.64 9.33 -4.03 9.47 8.05 0 -0 0 -72.24 30.16 -15.48 12.54 -20.61 -2.29 -0 0 -29.25 32.21 8.23 5.15 -7.12 0 -0 4.67 39.64 -0.62 0 -0 0 74.45 -7.1 2.33 -15.22 24.45 -3.31 0 -0 -20.35 -32.46 -29.6 17.44 7.12 -0 -0 -1.94 -63.92 0.89
7.27 15.27 25.32 -175.58 -59.19 196.39 0 0 0 -11.97 -20.56 -46.57 2.05 8.97 25.69 0.18 -0.64 8.2 0.43 -4.23 -11.73 0 0 0 23.03 30.32 -23.21 -4.06 -12.24 36.6 -1.52 1.05 -22.99 -0 0.44 -1.21 6.6 6.53 -9.46 -2.71 8.01 -4.06 -5.52 3.89 2.3 15.22 16.74 -13.73 -17.61 22.17 7.34 -5.04 9.94 8.23 -0 -0 0 -73.69 30.65 -14.11 12.82 -21.03 -2.39 -0 0 -31.12 32.58 7.94 5.04 -7.12 0 -0 5 39.33 -0.7 -0 -0 0 70.38 -11.54 -2.23 -15.96 25.46 -3.63 0 -0 -19.74 -27.5 -28.36 13.89 7.12 -0 -0 3.68 -61.27 -1.46
7.6 15.1 25.46 -174.53 -60.49 195.62 0 0 0 -10.88 -20.55 -50.54 2.57 9.97 28.88 0.05 -1.69 5.04 1.22 -7.01 -19.74 0 0 0 22.85 30.21 -28.08 -5.11 -13.5 41.28 -1.6 0.56 -23.73 -0.02 0.98 -2.68 7.37 5.84 -8.31 -1.55 7.12 -3.19 -4.94 3.5 2.4 16.91 17.93 -13.46 -23.08 24.08 4.92 -6.61 10.56 8.8 -0 -0 0 -75.23 30.29 -13.48 13.25 -21.65 -2.55 -0 0 -34.59 32.44 8.23 5.2 -7.12 0 -0 4.87 39.66 -0.64 -0 -0 0 66.74 -15.6 -5.66 -16.36 26 -3.8 0 -0 -16.45 -25.16 -26.12 11.68 7.12 -0 -0 5.37 -58.35 -1.76
7.95 14.86 25.59 -173.51 -62.06 194.74 0 0 0 -9.99 -20.66 -55.01 3.51 11.48 33.91 -0.02 -2.5 -0.04 3.15 -10.93 -32.05 0 0 0 22.73 30.09 -32.89 -6.3 -14.71 46.18 -1.72 -0.56 -25.05 -0.03 1.2 -3.31 7.9 5.04 -7.42 -0.39 6.04 -2.28 -4.2 3 2.62 18.85 18.99 -12.33 -28.89 25.73 1.73 -8.42 11.2 9.26 -0 -0 0 -76.84 29.55 -13.43 13.9 -22.59 -2.79 -0 0 -37.4 32.12 8.33 5.2 -7.12 0 -0 4.6 39.75 -0.6 -0 -0 0 63.67 -19.13 -8.68 -16.29 25.92 -3.77 0 -0 -12.11 -25.59 -25.24 11.54 7.12 -0 -0 4.53 -57.51 -1.39
8.31 14.63 25.71 -172.45 -63.89 193.27 0 0 0 -9.71 -20.69 -59.2 5.2 13.61 41.69 0.05 -0.76 -4.15 4.45 -12.74 -38.39 0 0 0 22.84 29.27 -36.66 -7.34 -15.61 50.15 -1.83 -1.17 -26.05 -0.04 1.21 -3.33 8.33 4.08 -6.52 0.69 4.75 -1.25 -3.48 2.41 2.98 20.95 19.82 -10.76 -34.35 26.84 -1.89 -10.33 11.79 9.59 -0 -0 0 -78.05 28.3 -12.84 14.36 -23.25 -2.97 -0 0 -39.07 32.05 8.33 5.18 -7.12 0 -0 4.53 39.74 -0.59 -0 -0 0 61.59 -21.86 -12.46 -15.95 25.46 -3.63 0 -0 -8.41 -27.41 -25.36 12.52 7.12 -0 -0 2.56 -58.06 -0.82
8.65 14.44 25.85 -169.38 -65.71 189.47 0 0 0 -8.55 -20.88 -62.58 7.9 16.05 52.2 0.11 2.15 -7.35 3.92 -12.05 -35.9 0 0 0 24.05 27.51 -39.26 -8.05 -16.16 52.76 -1.9 -0.44 -26.23 -0.02 1.01 -2.77 9.73 3.24 -5.24 1.89 3.57 -0.33 -3.18 1.85 3.09 22.38 20.24 -9.17 -38.66 27.27 -5.22 -12.02 12.19 9.67 0 -0 0 -78.52 26.2 -10.81 14.23 -23.06 -2.92 -0 0 -39.25 32.33 8.26 5.2 -7.12 0 -0 4.78 39.69 -0.63 0 -0 0 60.69 -24.2 -17.94 -15.82 25.28 -3.57 0 -0 -6.1 -28.98 -25.1 13.22 7.12 -0 -0 0.7 -58.15 -0.23
8.95 14.34 25.98 -168.49 -66.98 188.55 0 0 0 -8.3 -21.21 -64.48 10.69 17.78 61.76 0.18 2.94 -9.62 3.34 -11.22 -33.04 0 0 0 23.68 26.12 -42.35 -8.59 -16.53 54.65 -1.9 0.56 -25.93 -0.02 1 -2.75 10.46 2.69 -5 2.44 2.77 0.08 -3.08 1.47 3.28 22.91 20.45 -8.35 -40.96 27.32 -7.4 -12.96 12.38 9.56 -0 -0 0 -78.24 23.13 -7.76 13.77 -22.4 -2.74 -0 0 -38.91 33.37 8.35 5.46 -7.12 0 -0 5.7 39.88 -0.72 -0 -0 0 61.58 -25.77 -25.37 -16.17 25.75 -3.72 0 -0 -5.68 -29.63 -26.63 14.31 7.12 -0 -0 0.46 -59.96 -0.17
9.22 14.34 26.09 -169.11 -67.99 189.35 0 0 0 -8.98 -21.14 -64.13 12.94 18.76 68.93 0.26 2.54 -10.94 3.09 -10.85 -31.77 0 0 0 22.64 25.67 -44.66 -8.77 -16.66 55.29 -1.78 0.54 -25.1 -0.04 1.26 -3.48 9.83 2.06 -5.52 2.86 1.88 -0 -2.36 1.01 3.33 23.36 20.65 -7.45 -41.75 27.46 -8.67 -13.31 12.6 9.34 0 0 0 -78.53 19.84 -5.61 13.45 -21.95 -2.62 -0 0 -38.42 34.35 8.2 5.56 -7.12 0 -0 6.56 39.79 -0.85 0 0 0 63.77 -26.09 -32.64 -17.01 26.87 -4.09 0 -0 -8.12 -32.12 -27.87 16.35 7.12 -0 -0 -2.13 -61.95 0.88
9.46 14.43 26.19 -170.67 -69.26 191.49 0 0 0 -10.25 -21.16 -61.99 14.34 19.21 73.24 0.29 2.64 -11.56 2.81 -10.37 -30.2 0 0 0 21 25.62 -46.43 -8.54 -16.5 54.49 -1.55 -0.32 -23.71 -0.03 1.14 -3.14 8.93 1.46 -6.48 3.05 1.05 -0.62 -1.74 0.56 3.11 23.43 20.86 -6.87 -41.31 27.76 -8.92 -13.06 12.82 9.13 -0 -0 0 -79.11 16.57 -2.46 13.75 -22.37 -2.73 -0 0 -39.41 34.61 7.9 5.42 -7.12 0 -0 6.78 39.46 -0.93 -0 -0 0 67.09 -25.43 -40.18 -18.01 28.17 -4.55 0 -0 -12.17 -32.6 -27.72 16.57 7.12 -0 -0 -2.78 -61.92 1.14
9.69 14.61 26.3 -172.62 -70.7 194.26 0 0 0 -11.58 -21.23 -58.22 14.78 19.33 74.58 0.26 3.03 -11.2 2.36 -9.59 -27.64 0 0 0 19.17 25.7 -47.47 -7.92 -16.06 52.27 -1.25 -1.88 -21.91 -0.06 1.55 -4.27 7.55 0.79 -7.62 3.46 0.17 -1.61 -0.64 0.06 2.62 23.26 21.21 -6.25 -40.64 28.48 -8.51 -12.56 13.2 9.14 -0 -0 0 -80.39 12.95 0.82 14.23 -23.06 -2.92 -0 0 -40.83 34.35 7.35 5 -7.12 0 -0 6.54 38.79 -1.01 -0 -0 0 69.48 -24.53 -45.66 -18.3 28.54 -4.69 0 -0 -16.73 -29.61 -26.84 14.39 7.12 -0 -0 0.56 -60.18 -0.21
9.91 14.83 26.39 -173.92 -72.12 196.28 0 0 0 -12.34 -21.1 -52.98 14.4 19.23 73.42 0.24 2.74 -10.66 1.61 -8 -22.72 0 0 0 17.85 25.87 -47.47 -7.01 -15.34 48.93 -0.9 -3.84 -19.75 -0.11 2.14 -5.89 6.42 0.25 -8.57 3.63 -0.5 -2.72 0.1 -0.33 1.97 23.44 21.67 -5.85 -39.82 29.45 -7.6 -11.97 13.64 9.44 -0 0 0 -81.1 9.29 6.23 14.99 -24.13 -3.22 -0 0 -43.21 34.64 6.77 4.65 -7.12 0 -0 6.76 38.11 -1.15 -0 0 0 71.72 -24.22 -48.39 -17.7 27.77 -4.41 0 -0 -19.48 -24.95 -26.7 11.81 7.12 -0 -0 5.86 -58.9 -2
10.11 15.05 26.5 -175.81 -73.4 198.85 0 0 0 -13.37 -20.47 -46.73 13.13 18.83 69.52 0.25 2.45 -10.6 1.44 -7.58 -21.46 0 0 0 16.21 26.39 -47.09 -6.11 -14.53 45.42 -0.59 -5.98 -17.89 -0.08 1.84 -5.07 5.26 -0.17 -9.71 3.6 -1.03 -3.68 0.66 -0.63 1.6 23.35 22.14 -5.6 -39.02 30.35 -6.84 -11.36 14.04 9.66 -0 0 0 -81.67 5.06 12.65 15.64 -25.03 -3.49 -0 0 -44.75 34.71 6.23 4.3 -7.12 0 -0 6.8 37.46 -1.27 -0 0 0 73.92 -24.11 -49.23 -16.87 26.68 -4.03 0 -0 -18.83 -21.23 -26.21 9.74 7.12 -0 -0 9.7 -57.55 -3
10.3 15.23 26.61 -177.99 -74.53 201.49 0 0 0 -14.33 -19.98 -39.54 11.21 18.03 63.45 0.28 2.59 -11.36 1.03 -6.46 -18.14 0 0 0 14.1 27.58 -46.47 -5.36 -13.77 42.34 -0.3 -8.43 -16.66 -0.01 0.73 -2.01 4.21 -0.6 -11.04 3.35 -1.59 -4.4 0.91 -0.92 1.58 23.64 22.55 -5.02 -38.35 31.07 -6.52 -10.94 14.42 9.72 -0 0 0 -82.03 0.37 19.55 16.24 -25.84 -3.75 -0 0 -45.51 34.42 5.63 3.85 -7.12 0 -0 6.53 36.73 -1.34 -0 0 0 76.42 -23.73 -48.68 -16.38 26.04 -3.81 0 -0 -17 -20.55 -25.75 9.25 7.12 -0 -0 10.21 -56.94 -3.01
10.49 15.36 26.75 -179.51 -75.67 203.25 0 0 0 -15 -19.38 -32.03 8.88 16.73 55.66 0.26 3.61 -11.67 0.88 -5.97 -16.68 0 0 0 12.3 28.61 -45.91 -4.79 -13.14 39.9 0.01 -11.05 -15.63 -0.01 0.57 -1.56 3.44 -1.04 -12.29 2.99 -2.15 -4.86 0.88 -1.21 1.79 23.93 22.81 -4.33 -37.45 31.47 -6.48 -10.58 14.7 9.52 0 -0 0 -82.16 -4.74 27.2 16.91 -26.74 -4.05 -0 0 -45.65 33.91 5.31 3.56 -7.12 0 -0 6.08 36.31 -1.31 0 -0 0 79.01 -22.8 -46.78 -15.98 25.49 -3.64 0 -0 -15.92 -22.54 -26.15 10.37 7.12 -0 -0 8.26 -57.79 -2.6
10.69 15.43 26.89 -180.01 -76.86 203.83 0 0 0 -15.17 -18.86 -24.33 6.37 14.77 46.43 0.2 4.38 -11.15 0.6 -4.96 -13.79 0 0 0 11.07 28.92 -45.77 -4.4 -12.67 38.14 0.25 -12.87 -14.62 -0.01 0.78 -2.15 2.87 -1.54 -13.36 2.6 -2.79 -5.12 0.68 -1.53 2.1 24.28 23.01 -3.5 -36.49 31.67 -6.83 -10.3 14.92 9.11 0 -0 0 -82.08 -9.85 34.65 18.08 -28.25 -4.58 -0 0 -44.79 32.69 5.11 3.27 -7.12 0 -0 5.04 36 -1.12 0 -0 0 81.24 -21.26 -43.05 -15.3 24.57 -3.35 0 -0 -15.67 -25.58 -26.98 12.25 7.12 -0 -0 5.28 -59.34 -1.85
10.92 15.44 27.06 -179.15 -78.08 202.98 0 0 0 -14.86 -18.82 -16.5 3.9 12.03 35.84 0.1 4.83 -9.51 0.56 -4.78 -13.28 0 0 0 10.4 28.53 -46.14 -4.14 -12.35 36.97 0.41 -13.82 -13.58 -0.02 0.9 -2.48 2.31 -2.12 -14.2 2.32 -3.52 -5.23 0.56 -1.89 2.45 24.31 23.16 -2.5 -35.2 31.72 -7.48 -9.98 15.12 8.41 -0 0 0 -82.21 -14.77 40.54 19.78 -30.38 -5.42 -0 0 -42.63 31.49 4.14 2.53 -7.12 0 -0 4.02 34.81 -1.01 -0 0 0 82.75 -18.97 -38.34 -14.21 23.03 -2.91 0 -0 -14.06 -26.67 -28.16 13.33 7.12 -0 -0 4.57 -60.85 -1.77
11.18 15.42 27.26 -176.3 -79.3 200.09 0 0 0 -14.3 -19.67 -8.56 1.83 8.49 24.22 0.08 4.56 -8.76 1.84 -8.52 -24.32 0 0 0 10.18 27.67 -46.92 -3.98 -12.14 36.22 0.5 -14.13 -12.37 -0.04 1.28 -3.52 2.11 -2.45 -14.45 2.04 -3.92 -5.32 0.3 -2.09 2.48 24.22 23.13 -2.25 -33.76 31.54 -7.44 -9.63 15.1 7.94 -0 0 0 -83.01 -19.78 45.78 21.55 -32.47 -6.34 -0 0 -40.81 31.11 3.02 1.82 -7.12 0 -0 3.69 33.49 -1.04 -0 0 0 83.95 -16.16 -33.92 -13.07 21.4 -2.48 0 -0 -11.07 -24.44 -28.41 12.2 7.12 -0 -0 7.27 -60.55 -2.76
11.46 15.37 27.48 -169.22 -80.47 193.02 0 0 0 -12.91 -18.86 -2.53 0.54 4.69 13.03 0.16 3 -9.29 3.29 -11.15 -32.8 0 0 0 10.48 26.92 -47.65 -3.77 -11.85 35.19 0.6 -14.47 -10.76 -0.08 1.8 -4.94 2.28 -2.68 -14.34 2.09 -4.25 -5.35 0.22 -2.26 2.38 24.12 23.04 -2.13 -32.66 31.32 -7.39 -9.39 15.03 7.6 0 0 0 -84.75 -24.41 49.87 23.48 -34.61 -7.41 -0 0 -39.17 30.38 2.09 1.22 -7.12 0 -0 3.07 32.39 -0.95 0 0 0 84.61 -13.16 -26.71 -12.54 20.61 -2.29 0 -0 -10.35 -22.54 -28.42 11.17 7.12 -0 -0 9.42 -60.1 -3.49
11.79 15.33 27.74 -160.09 -81.44 184.22 0 0 0 -11.49 -16.98 -0.57 0.11 2.11 5.8 0.24 1.62 -9.93 3.29 -11.15 -32.79 0 0 0 10.39 26.4 -48.64 -3.48 -11.43 33.75 0.72 -15.17 -8.98 -0.1 2.08 -5.73 2.42 -2.84 -14.08 2.31 -4.47 -5.36 0.34 -2.37 2.23 23.98 22.99 -2.44 -32.05 31.11 -7.34 -9.23 14.92 7.44 -0 -0 0 -87.19 -28.6 53.82 25.5 -36.71 -8.59 -0 0 -37.72 30.02 1.15 0.67 -7.12 0 -0 2.76 31.31 -0.92 -0 -0 0 84.87 -10.37 -15.74 -13.19 21.56 -2.52 0 -0 -11.3 -21.61 -28.57 10.73 7.12 -0 -0 10.54 -60.03 -3.89
12.15 15.29 28 -158.87 -82.5 183.49 0 0 0 -11.75 -16.87 -3.67 0.14 2.42 6.67 0.38 0.69 -11.99 2.74 -10.26 -29.81 0 0 0 7.91 26.35 -50.76 -3.43 -11.37 33.52 0.9 -16.6 -8.2 -0.08 1.82 -5.02 1.19 -3.06 -13.76 2.07 -4.57 -5.39 0.78 -2.41 2.11 23.3 22.85 -3.39 -30.94 30.63 -7.2 -8.9 14.63 7.15 -0 0 0 -89.56 -31.8 58.04 27.93 -39.05 -10.08 -0 0 -36.26 29.31 0.15 0.09 -7.12 0 -0 2.17 30.15 -0.79 -0 0 0 85.18 -8.27 -4.25 -15.53 24.88 -3.45 0 -0 -11.93 -20.24 -27.58 9.69 7.12 -0 -0 11.49 -58.72 -3.88
12.53 15.24 28.26 -169.25 -83.74 194.26 0 0 0 -13.39 -17.66 -7.93 0.29 3.46 9.57 0.52 -1.08 -13.31 2.33 -9.53 -27.46 0 0 0 3.01 26.89 -53.56 -3.64 -11.67 34.57 1.2 -19.04 -8.74 -0.02 0.91 -2.5 -1.5 -3.25 -13.41 1.45 -4.44 -5.39 1.68 -2.31 2.06 22.35 22.41 -4.59 -29.48 29.73 -6.77 -8.53 14.13 6.79 -0 0 0 -91.62 -33.69 62.87 31.08 -41.8 -12.13 -0 0 -35.3 27.87 -0.81 -0.43 -7.12 0 -0 1.02 29.06 -0.4 -0 0 0 85.11 -7.01 5.25 -19.48 30.01 -5.27 0 -0 -12.73 -19.32 -25.01 8.43 7.12 -0 -0 11.15 -55.94 -3.02
12.88 15.21 28.52 -184.88 -85.03 210.09 0 0 0 -14.98 -18.36 -10.82 0.35 3.82 10.56 0.54 -3.61 -13.15 1.95 -8.76 -25.05 0 0 0 -2 27.47 -55.43 -3.78 -11.86 35.24 1.66 -22.16 -10.42 -0.01 -0.5 1.38 -4.01 -3.32 -13.15 0.91 -4.21 -5.41 2.57 -2.17 2.01 20.95 21.6 -5.65 -27.75 28.48 -5.75 -8.14 13.48 6.43 0 -0 0 -92.88 -34.32 68.13 34.95 -44.78 -14.78 -0 0 -35.66 26.46 -1.46 -0.72 -7.12 0 -0 -0.09 28.35 0.04 0 -0 0 84.24 -6.44 12.82 -24.6 35.79 -8.06 0 -0 -14.09 -21.12 -23.37 8.71 7.12 -0 -0 8.57 -54.63 -2.04
13.18 15.22 28.77 -198.97 -86.55 224.1 0 0 0 -15.78 -18.64 -11.91 0.28 3.4 9.39 0.45 -5.78 -11.95 1.39 -7.46 -21.1 0 0 0 -5.4 28.13 -55.27 -3.63 -11.64 34.49 2.09 -24.9 -14.05 -0.1 -2.02 5.55 -4.33 -3.06 -13.02 -0.05 -3.82 -5.51 1.83 -1.98 1.76 20.2 20.56 -6.49 -25.68 27.08 -3.92 -7.71 12.77 6.33 -0 0 0 -91.84 -33.61 72.64 39.62 -47.84 -18.16 -0 0 -35.86 24.68 -1.74 -0.8 -7.12 0 -0 -1.47 28.06 0.61 -0 0 0 83.89 -6.33 18.86 -30.25 41.11 -11.58 0 -0 -15.89 -24.55 -23.08 10.15 7.12 -0 -0 4.87 -55.02 -1.2
13.44 15.28 29.02 -222.91 -88.22 247.63 0 0 0 -16.09 -19.88 -11.47 0.17 2.62 7.22 0.31 -5.99 -10.13 0.93 -6.13 -17.16 0 0 0 -7.42 28.77 -53.58 -3.33 -11.2 32.97 2.23 -26.86 -20.3 -0.22 -3.01 8.31 -4.37 -2.74 -13.1 -0.11 -3.36 -5.44 1.84 -1.75 1.85 18.73 19.49 -7.41 -24.13 25.81 -1.63 -7.28 12.08 6.45 -0 -0 0 -90.96 -32 76.11 44.74 -50.64 -22.04 -0 0 -34.26 22.98 -2.83 -1.2 -7.12 0 -0 -2.77 26.91 1.22 -0 -0 0 82.05 -5.76 23.55 -35.74 45.34 -15.34 0 -0 -17.47 -27.85 -22.67 11.51 7.12 -0 -0 1.24 -55.27 -0.31
13.68 15.34 29.27 -299.22 -88.81 323.63 0 0 0 -16.16 -21.27 -11.91 0.14 2.43 6.68 0.2 -6.42 -8.51 0.68 -5.27 -14.69 0 0 0 -8.88 29.58 -51.78 -3.11 -10.87 31.86 1.74 -27.58 -27.7 -0.38 -3.94 10.91 -3.67 -2.24 -13.25 -0.32 -2.78 -5.56 1.33 -1.46 1.72 17.69 18.43 -8.15 -22.46 24.56 0.79 -6.84 11.42 6.67 0 0 0 -88.43 -28.86 78.25 49.91 -52.96 -26.1 -0 0 -31.32 21.95 -4.67 -1.88 -7.12 0 -0 -3.53 24.95 1.71 0 0 0 80.6 -5.38 27.23 -40.87 48.58 -19.09 0 -0 -18.28 -29.29 -22.76 12.25 7.12 -0 -0 -0.31 -55.67 0.08
13.89 15.41 29.48 -346.08 -87.91 370.29 0 0 0 -15.74 -22.28 -13.11 0.17 2.63 7.24 0.12 -6.93 -7.28 0.57 -4.83 -13.41 0 0 0 -7.84 28.87 -50.13 -3.02 -10.72 31.35 1.07 -26.86 -31.38 -0.43 -4.2 11.65 -2.86 -1.49 -13.67 -0.52 -1.88 -5.79 0.79 -1.02 1.64 16.88 17.29 -8.82 -20.76 23.17 3.29 -6.43 10.71 6.94 0 0 0 -84.75 -24.39 79.3 54.1 -54.52 -29.48 -0 0 -28.61 20.83 -6.23 -2.36 -7.12 0 -0 -4.36 23.32 2.28 0 0 0 79.59 -5.19 30.45 -45.32 50.92 -22.49 0 -0 -19.93 -30.58 -23.64 13.33 7.12 -0 -0 -1.52 -56.92 0.44
14.07 15.46 29.63 -367.42 -87.43 391.16 0 0 0 -15.29 -22.35 -14.55 0.26 3.27 9.04 0.09 -7.52 -7.14 0.6 -4.97 -13.81 0 0 0 -2.73 25 -48.78 -3.25 -11.09 32.57 0.76 -23.85 -28.36 -0.22 -2.99 8.25 -2.78 -0.53 -13.98 -0.42 -0.63 -6.01 1.03 -0.4 1.53 15.92 16.09 -9.53 -19.23 21.73 5.94 -6.04 9.96 7.31 -0 0 0 -80.91 -18.76 78.78 55.52 -54.99 -30.64 -0 0 -26.82 18.67 -7.49 -2.52 -7.12 0 -0 -5.93 22.09 3.28 -0 0 0 78.58 -5.04 33.55 -48.72 52.47 -25.16 0 -0 -21.38 -31.01 -24.81 14.16 7.12 -0 -0 -1.7 -58.32 0.56
14.24 15.47 29.73 -376.88 -87.34 400.09 0 0 0 -15.13 -22.97 -16.1 0.43 4.22 11.69 0.14 -7.28 -7.8 0.6 -4.95 -13.77 0 0 0 1.9 21.68 -47.96 -3.98 -12.13 36.21 0.36 -19.77 -24.95 -0.08 -1.85 5.09 -3.52 0.38 -14.14 -0.31 0.67 -6.23 1.75 0.26 1.31 14.64 14.86 -10.31 -17.6 20.23 8.54 -5.56 9.19 7.67 0 -0 0 -77.52 -12.77 76.65 52.28 -53.87 -28.01 -0 0 -26.92 16.98 -8 -2.43 -7.12 0 -0 -7.15 21.65 4.04 0 -0 0 77.64 -4.89 36.98 -52.08 53.8 -27.84 0 -0 -22.68 -30.97 -26.77 15.13 7.12 -0 -0 -1.09 -60.45 0.41
14.43 15.44 29.82 -374.44 -87.58 397.13 0 0 0 -15.43 -24.39 -17.56 0.67 5.24 14.59 0.22 -6.36 -8.86 0.64 -5.11 -14.22 0 0 0 4.91 19.84 -47.43 -5.26 -13.67 41.93 0.11 -16.73 -22.62 -0 -0.34 0.93 -4.64 1.14 -14.21 -0.53 1.82 -6.38 2.33 0.86 1.09 13.33 13.6 -11.1 -15.84 18.59 10.73 -5.05 8.38 7.92 0 0 0 -74.13 -7.26 73.06 45.02 -50.78 -22.26 -0 0 -29.54 18.87 -6.79 -2.31 -7.12 0 -0 -5.79 22.82 3.11 0 0 0 77.13 -4.42 41.17 -56.04 55.16 -31.07 0 -0 -24.88 -31.42 -28.89 16.44 7.12 -0 -0 -0.88 -62.86 0.38
14.63 15.38 29.89 -365.25 -87.58 387.51 0 0 0 -15.83 -25.43 -19.33 0.96 6.23 17.47 0.29 -6.29 -9.93 0.62 -5.04 -14.01 0 0 0 6.89 19.41 -46.42 -6.81 -15.17 48.14 -0.2 -13.95 -21.95 -0.01 0.52 -1.42 -5.49 1.72 -14.14 -1.05 2.69 -6.4 2.38 1.31 0.94 12.06 12.29 -12.26 -13.95 16.76 12.51 -4.48 7.5 8.12 0 -0 0 -71.13 -2.75 66.76 35.21 -44.96 -14.96 -0 0 -32.38 24.07 -4.72 -2.11 -7.12 0 -0 -1.95 24.81 0.95 0 -0 0 77.17 -3.18 46 -60.29 56.39 -34.58 0 -0 -27.26 -31.28 -29.75 16.78 7.12 -0 -0 -0.35 -63.76 0.16
14.84 15.29 29.94 -361.2 -86.88 383.1 0 0 0 -15.61 -26.89 -21.75 1.4 7.48 21.16 0.41 -6.71 -11.61 0.47 -4.41 -12.24 0 0 0 8.99 19.62 -44.76 -8.36 -16.37 53.83 -0.43 -11.83 -21.72 -0.03 1.2 -3.29 -5.78 2.03 -13.76 -1.55 3.14 -6.36 2.07 1.54 0.76 10.49 10.99 -13.9 -11.94 14.91 14.03 -3.8 6.62 8.35 0 0 0 -69.08 0.54 55.09 25.1 -36.31 -8.35 -0 0 -32.6 29.84 -2.79 -1.6 -7.12 0 -0 2.47 26.76 -1.1 0 0 0 77.64 -1.24 51.16 -64.67 57.43 -38.25 0 -0 -28.21 -29.38 -29.58 15.54 7.12 -0 -0 1.97 -63.05 -0.86
15.06 15.17 29.98 -360.8 -85.81 382.59 0 0 0 -14.88 -28.26 -25.19 2.04 8.95 25.63 0.53 -7.75 -13.23 0.28 -3.41 -9.42 0 0 0 11.44 20.15 -42.9 -9.79 -17.29 58.79 -0.62 -10.29 -21.96 -0.04 1.31 -3.61 -5.6 2.19 -13.35 -2.27 3.32 -6.28 1.22 1.61 0.66 9.21 9.71 -15.62 -10.02 12.99 14.9 -3.19 5.74 8.48 -0 0 0 -67.28 2.02 33.7 16.6 -26.33 -3.91 -0 0 -26.94 34.19 -0.61 -0.41 -7.12 0 -0 5.96 29.22 -2.3 -0 0 0 78.92 1.36 56.61 -69.48 58.35 -42.33 0 -0 -28.03 -26.41 -29.03 13.55 7.12 -0 -0 5.31 -61.69 -2.16
15.27 15.01 30 -360.16 -84.84 381.54 0 0 0 -14.23 -29.7 -28.53 2.86 10.46 30.48 0.66 -8.6 -14.82 0.18 -2.73 -7.52 0 0 0 14.13 20.82 -40.6 -11.15 -18.01 63.26 -0.76 -9.42 -22.44 -0.03 1.18 -3.25 -5.17 2.63 -12.55 -3.15 3.86 -5.89 0.12 1.87 0.71 7.31 7.96 -17.53 -7.92 10.5 15.11 -2.49 4.61 8.4 0 -0 0 -64.37 1.92 2.84 11.92 -19.68 -2.07 -0 0 -18.15 38.58 2.65 2.11 -7.12 0 -0 9.74 33.26 -2.84 0 -0 0 80.3 4.52 61.15 -74.78 59.11 -46.86 0 -0 -27.8 -22.99 -28.81 11.56 7.12 -0 -0 9.14 -60.61 -3.49
15.49 14.81 30.01 -362.33 -84.26 383.18 0 0 0 -13.18 -30.9 -32.17 3.91 12.04 35.87 0.83 -9.42 -16.52 0.1 -2.02 -5.56 0 0 0 17.23 21.99 -38.37 -12.52 -18.6 67.63 -0.69 -10.08 -22.44 -0.07 1.66 -4.57 -4.7 3.1 -11.59 -3.82 4.45 -5.24 -0.8 2.15 0.95 5.21 6.22 -19.85 -5.84 8.13 15.08 -1.74 3.54 8.41 -0 0 0 -60.79 3.83 -20.78 12.82 -21.02 -2.39 -0 0 -26.41 43.26 3.9 3.66 -7.12 0 -0 13.76 35.05 -3.45 -0 0 0 81.52 8.18 65.42 -81.26 59.71 -52.43 0 -0 -27.95 -18.54 -29.11 9.26 7.12 -0 -0 14.26 -59.84 -5.23
15.7 14.61 30 -368.9 -84.57 389.12 0 0 0 -11.88 -31.32 -35.44 5.02 13.4 40.9 1.03 -9.91 -18.34 0.05 -1.46 -4.02 0 0 0 20.61 23.97 -36.02 -13.9 -19.08 71.89 -0.52 -11.23 -21.97 -0.12 2.25 -6.18 -4.49 3.68 -10.69 -4.1 5.24 -4.4 -1.13 2.55 1.36 3.67 4.65 -22.24 -4.54 6.08 14.7 -1.3 2.58 8.47 0 -0 0 -58.87 7.13 -33.99 16.95 -26.8 -4.07 -0 0 -47.56 43.93 2.65 2.55 -7.12 0 -0 14.08 33.4 -4.11 0 -0 0 82.1 11.92 69.55 -89.65 60 -59.7 0 -0 -29.32 -14.11 -29.68 7.1 7.12 -0 -0 19.38 -59.36 -6.96
15.89 14.46 30 -375.59 -86.23 395.27 0 0 0 -11.54 -30.52 -37.54 5.79 14.23 44.15 1.2 -10 -19.79 0.03 -1.1 -3.01 0 0 0 22.9 26.28 -34 -15.33 -19.47 76.24 -0.32 -12.27 -21.14 -0.18 2.75 -7.59 -5.16 4.64 -10.02 -4.38 6.62 -3.63 -0.92 3.23 1.75 2.3 3.06 -24.36 -3.7 4.1 14.17 -1.06 1.64 8.5 0 -0 0 -58.01 9.82 -42.99 21.06 -31.9 -6.08 -0 0 -62.44 39.98 6.49 5.42 -7.12 0 -0 11.37 38.2 -1.93 0 -0 0 82.3 15.34 72.79 -99.02 59.69 -67.8 0 -0 -31.16 -9.14 -30.8 4.71 7.12 -0 -0 25.39 -59.26 -9.21
16.05 14.38 29.97 -377.87 -89.17 397.35 0 0 0 -12.52 -29.07 -38.32 6.01 14.43 45.01 1.31 -9.34 -20.54 0.03 -1.1 -3.02 0 0 0 23.01 28.12 -33.18 -16.8 -19.75 80.61 -0.2 -12.65 -20.34 -0.15 2.53 -6.96 -7.11 5.72 -9.65 -4.66 8.24 -3.1 -0.02 4.03 1.82 0.59 1.5 -26.17 -3.03 2.42 13.77 -0.79 0.81 8.58 0 0 0 -57.53 12.67 -47.08 23.22 -34.33 -7.26 -0 0 -66.22 34.65 8.11 5.57 -7.12 0 -0 6.83 39.72 -0.89 0 0 0 82.39 18.29 75.56 -107.8 58.77 -75.35 0 -0 -31.58 -3.46 -31.84 1.83 7.12 -0 -0 31.97 -58.88 -11.59
16.2 14.39 29.94 -371.98 -92.16 391.53 0 0 0 -13.34 -27.93 -38.29 5.82 14.25 44.26 1.35 -7.81 -20.75 0.05 -1.49 -4.11 0 0 0 21.72 28.89 -33.73 -18.05 -19.91 84.28 -0.13 -12.68 -19.6 -0.11 2.15 -5.92 -8.49 6.63 -9.37 -5.04 9.56 -2.8 0.42 4.68 1.76 -0.34 0.45 -27.81 -3 1.32 13.41 -0.79 0.23 8.69 0 -0 0 -56.98 16.65 -45.52 23.45 -34.57 -7.39 -0 0 -61.98 35.47 4.38 3.11 -7.12 0 -0 7.34 35.28 -1.76 0 -0 0 83.55 20.75 78.48 -114.19 57.67 -80.78 0 -0 -29.94 1.34 -31.04 -0.69 7.12 -0 -0 35.88 -57.18 -11.72
16.33 14.47 29.9 -367.52 -94.51 387.56 0 0 0 -13.26 -26.98 -38.23 5.4 13.82 42.5 1.29 -6.19 -20.31 0.09 -1.95 -5.37 0 0 0 19.5 29.11 -35.65 -18.87 -19.97 86.69 -0.14 -12.16 -19 -0.07 1.66 -4.55 -8.58 7.12 -9.4 -5.45 10.24 -2.71 0.11 5 1.88 -0.78 0.04 -29.04 -2.87 0.88 12.65 -0.75 0.01 8.61 -0 -0 0 -56.92 21.07 -41.58 22.24 -33.24 -6.71 -0 0 -53.6 40.24 2.88 2.43 -7.12 0 -0 11.12 33.59 -3.16 -0 -0 0 85.94 22.75 82.08 -117.87 56.85 -83.88 0 -0 -28.03 6.06 -29.34 -2.98 7.12 -0 -0 38.75 -54.86 -10.56
16.43 14.62 29.84 -362.61 -96.45 383.49 0 0 0 -12.67 -25.9 -37.91 4.75 13.1 39.74 1.16 -4.68 -19.34 0.14 -2.41 -6.63 0 0 0 16.5 29.22 -38.23 -19.01 -19.98 87.1 -0.19 -11.19 -18.45 -0.02 0.97 -2.68 -7.72 7.38 -9.73 -5.84 10.53 -2.89 -0.67 5.14 2.09 -0.69 0.1 -29.75 -2.86 0.89 11.74 -0.76 0.01 8.4 0 0 0 -58.37 24.63 -38.97 20.91 -31.72 -6 -0 0 -47.84 41.35 4.01 3.52 -7.12 0 -0 12.2 35.1 -3.02 0 0 0 88.08 23.79 85.9 -119.78 56.37 -85.47 0 -0 -27.75 8 -28.28 -3.81 7.12 -0 -0 39.62 -53.65 -9.6
16.51 14.81 29.78 -359.89 -98.39 381.79 0 0 0 -12.05 -25.15 -36.84 3.92 12.05 35.92 1 -2.69 -18.15 0.15 -2.52 -6.94 0 0 0 12.71 29.54 -40.78 -18.25 -19.93 84.88 -0.32 -9.66 -18.17 -0.01 0.68 -1.87 -6.72 7.63 -10.28 -6.06 10.77 -3.34 -1.34 5.27 2.14 -0.57 0.27 -29.96 -2.95 1.06 11.2 -0.78 0.09 8.24 0 0 0 -61.88 26.98 -37.89 20.1 -30.76 -5.58 -0 0 -45.76 40.75 5.87 5.04 -7.12 0 -0 11.95 37.46 -2.26 0 0 0 88.75 23.85 89.08 -119.93 56.33 -85.6 0 -0 -28.06 8.55 -27.07 -3.91 7.12 -0 -0 39.16 -52.59 -8.35
16.57 15.01 29.69 -357.99 -100.23 380.81 0 0 0 -11.39 -24.67 -35.12 3.06 10.8 31.59 0.81 -0.12 -17.01 0.17 -2.67 -7.37 0 0 0 8.88 30.06 -42.63 -16.57 -19.72 79.93 -0.47 -8.56 -18.82 -0.02 0.83 -2.29 -5.88 7.77 -10.94 -5.94 10.89 -3.89 -1.59 5.33 2.06 -0.41 0.58 -30.01 -3.14 1.46 11.37 -0.81 0.26 8.32 0 -0 0 -66.76 27.8 -38.47 19.05 -29.48 -5.05 -0 0 -46.34 40.09 5.96 4.99 -7.12 0 -0 11.39 37.52 -2.13 0 -0 0 88.17 23.37 91.3 -117.59 56.92 -83.64 0 -0 -28.14 10.68 -24.37 -4.45 7.12 -0 -0 39.03 -50.07 -5.64
16.61 15.18 29.58 -356.95 -101.79 380.56 0 0 0 -10.72 -24.46 -33.06 2.3 9.47 27.28 0.6 2.7 -15.89 0.25 -3.19 -8.81 0 0 0 5.38 30.73 -43.51 -14.19 -19.17 72.8 -0.58 -8.96 -20.37 -0.01 0.75 -2.05 -5.17 7.63 -11.55 -5.71 10.6 -4.55 -1.74 5.19 1.78 0.41 1.27 -29.79 -3.28 2.12 11.96 -0.89 0.59 8.51 -0 0 0 -71.55 27.21 -41.17 17.18 -27.09 -4.17 -0 0 -46.96 38.63 4.5 3.59 -7.12 0 -0 9.99 35.59 -2.34 -0 0 0 87.2 22.43 92.44 -112.96 57.91 -79.75 0 -0 -29.35 15.7 -21.5 -5.88 7.12 -0 -0 41.23 -47.01 -2.46
16.65 15.3 29.43 -356.88 -102.87 381.16 0 0 0 -10.01 -24.6 -30.88 1.67 8.13 23.12 0.38 5.33 -14.76 0.34 -3.75 -10.38 0 0 0 2.31 31.31 -43.36 -11.34 -18.1 63.87 -0.69 -10 -22.31 -0.01 0.75 -2.06 -4.41 7.42 -12.03 -5.67 10.19 -5.29 -2.14 4.97 1.39 1.59 1.92 -29.22 -3.21 2.56 12.75 -0.98 0.88 8.72 -0 0 0 -75.06 25.17 -44.87 14.84 -23.92 -3.16 -0 0 -45.57 37.64 5.71 4.39 -7.12 0 -0 9.27 37.04 -1.83 -0 0 0 86.45 21.02 91.87 -106.09 59 -73.89 0 -0 -31.77 21.13 -20.69 -7.78 7.12 -0 -0 44.85 -45.59 -0.82
16.68 15.39 29.24 -357.04 -103.27 381.86 0 0 0 -9.18 -24.67 -28.8 1.15 6.8 19.12 0.18 7.14 -13.62 0.4 -4.05 -11.22 0 0 0 -0.04 31.82 -42.07 -8.28 -16.32 53.57 -0.65 -10.97 -22.85 -0.03 1.18 -3.25 -3.61 7.1 -12.54 -5.61 9.62 -5.98 -2.56 4.67 1.05 2.56 2.43 -28.03 -2.86 2.85 13.27 -0.97 1.13 8.73 -0 0 0 -77.61 22.38 -47.24 12.94 -21.2 -2.43 -0 0 -43.5 39.66 11.22 9.16 -7.12 0 -0 11.59 44.12 -0.26 -0 0 0 85.82 19.25 89.9 -96.8 59.82 -65.89 0 -0 -34.09 22.26 -21.63 -8.58 7.12 -0 -0 46.32 -46.15 -1.69
16.71 15.43 29.02 -358.99 -103.12 384.14 0 0 0 -8.95 -24.02 -26.83 0.72 5.4 15.07 0.07 7.56 -12.1 0.48 -4.43 -12.3 0 0 0 -2.37 32.85 -40.38 -5.82 -14.25 44.27 -0.45 -10.39 -20.4 -0.14 2.42 -6.67 -3.24 6.61 -13.23 -5.46 8.9 -6.4 -2.65 4.29 0.99 3.34 2.84 -26.62 -2.73 3.17 13.71 -1.01 1.35 8.68 -0 0 0 -80.01 19.46 -44.54 12.11 -19.97 -2.14 -0 0 -44.19 43.15 15.55 14.11 -7.12 0 -0 15.66 50.2 2.05 -0 0 0 84.99 17.3 86.86 -85.21 59.91 -55.86 0 -0 -35.4 17.59 -22.12 -6.81 7.12 -0 -0 43.12 -47.22 -2.9
16.76 15.42 28.77 -363.99 -102.75 389.15 0 0 0 -9.22 -23.83 -24.85 0.41 4.11 11.39 -0.04 8 -10.45 0.61 -5.02 -13.96 0 0 0 -4.13 33.57 -39.06 -4.81 -13.16 39.98 -0.51 -8.6 -19.29 -0.86 5.92 -16.56 -3.67 6 -13.96 -5.34 8.14 -6.52 -2.33 3.9 1.15 3.76 3.07 -25.44 -2.66 3.37 14.3 -1.03 1.49 8.71 -0 -0 0 -81.8 16.5 -34.24 12.1 -19.95 -2.14 -0 0 -48.5 43.97 14.31 13.41 -7.12 0 -0 16.31 48.79 1.56 -0 -0 0 84.36 15.14 82.43 -71.88 58.72 -44.38 0 -0 -34.74 8.74 -21.38 -3.21 7.12 -0 -0 35.45 -47.91 -2.9
16.84 15.37 28.47 -370.41 -102.5 395.21 0 0 0 -9.55 -24 -22.63 0.2 2.89 7.97 -0.16 8.81 -8.83 0.79 -5.66 -15.81 0 0 0 -3.99 32.17 -38.09 -4.73 -13.08 39.65 -0.96 -6.02 -21.58 -1.13 6.76 -19 -4.46 5.45 -14.25 -5.34 7.49 -6.59 -1.98 3.58 1.12 3.75 3.05 -24.44 -2.3 3.34 15.32 -0.91 1.53 8.89 -0 -0 0 -82.45 13.33 -19.21 12.65 -20.77 -2.33 -0 0 -48.85 42.24 12.23 10.88 -7.12 0 -0 14.2 45.8 0.29 -0 -0 0 84.71 12.21 75.97 -57.61 55.64 -32.36 0 -0 -30.86 -0.71 -19.87 0.24 7.12 -0 -0 26.43 -47.94 -2.05
16.93 15.35 28.16 -373.9 -102.26 398.17 0 0 0 -9.16 -24.12 -18.84 0.02 0.95 2.6 -0.35 10.7 -6.41 0.97 -6.27 -17.56 0 0 0 -2.47 30.67 -37.44 -4.66 -12.99 39.33 -1.11 -5.26 -22.48 -1.15 6.8 -19.13 -4.49 5.17 -14.16 -5.27 7.11 -6.62 -1.95 3.39 1.02 3.14 2.84 -23.84 -1.66 3.17 16.63 -0.62 1.49 9.21 0 -0 0 -82.28 9.87 -2.12 13.93 -22.64 -2.8 -0 0 -44.82 39.62 10.12 8.27 -7.12 0 -0 11.45 42.73 -0.65 0 -0 0 86.02 8.84 66.98 -44.31 50.43 -21.71 0 -0 -26.61 -12.76 -19.4 4.3 7.12 -0 -0 15.22 -49.21 -1.62
17.01 15.35 27.85 -371.24 -101.81 395.03 0 0 0 -7.31 -24.11 -16.53 0 0 0 -0.49 12.37 -5.33 1.13 -6.76 -18.99 0 0 0 0.01 31.02 -36.97 -4.7 -13.04 39.53 -1.09 -5.35 -22.35 -0.97 6.27 -17.57 -2.58 5.17 -13.98 -5.24 6.88 -6.63 -3.01 3.25 1.14 2.86 2.85 -23.67 -1.07 3.17 17.93 -0.37 1.54 9.63 0 -0 0 -80.85 6.54 14.26 16.47 -26.15 -3.85 -0 0 -37.36 34.81 8.99 6.2 -7.12 0 -0 6.99 40.79 -0.73 0 -0 0 88.36 5.96 55.36 -33.51 43.72 -13.77 0 -0 -26.34 -27.74 -20.22 10.3 7.12 -0 -0 0.75 -52.58 -0.14
17.07 15.35 27.55 -366.16 -101.6 389.56 0 0 0 -4.8 -24.87 -17.95 0.05 1.47 4.06 -0.57 13.41 -7.55 1.17 -6.87 -19.32 0 0 0 2.57 32.45 -36.04 -4.66 -12.99 39.33 -1.03 -5.88 -22.16 -0.82 5.76 -16.1 -0.37 5.07 -13.98 -4.96 6.49 -6.65 -4 3.02 1.32 3.09 3.3 -23.23 -1.22 3.76 18.91 -0.37 1.81 9.92 0 -0 0 -78.78 4.17 27.37 20.27 -30.97 -5.67 -0 0 -25.56 30.38 3.22 1.89 -7.12 0 -0 3.08 33.7 -0.86 0 -0 0 89.9 4.04 41.49 -25.01 36.22 -8.3 0 -0 -26.62 -36.86 -21.65 15.46 7.12 -0 -0 -8.99 -56.14 2.47
17.12 15.37 27.26 -361.81 -101.39 385.1 0 0 0 -2.65 -25.46 -18.22 0.1 2.05 5.64 -0.71 15.04 -8.68 0.93 -6.15 -17.21 0 0 0 4.98 33.5 -34.85 -4.42 -12.7 38.27 -0.95 -6.45 -21.85 -0.64 5.1 -14.2 1.28 4.54 -14.34 -4.42 5.56 -6.78 -4.49 2.53 1.42 4.34 4.31 -22.18 -2.34 5.04 19.54 -0.78 2.35 10.05 -0 -0 0 -76.79 2.59 35.82 25.51 -36.72 -8.59 -0 0 -19.43 30.98 -2.57 -1.54 -7.12 0 -0 3.35 26.98 -1.47 -0 -0 0 89.27 2.88 27.93 -18.53 28.83 -4.8 0 -0 -25.31 -39.58 -25.86 19.83 7.12 -0 -0 -12.19 -61.74 5.01
17.16 15.41 26.99 -355.71 -101.06 379.01 0 0 0 -0.19 -26.42 -19.23 0.22 2.99 8.24 -0.94 17.24 -10.37 0.55 -4.75 -13.19 0 0 0 7.78 34.16 -33.17 -4.01 -12.17 36.33 -0.84 -6.94 -21.18 -0.48 4.43 -12.29 3 3.72 -14.91 -3.46 4.21 -6.9 -4.65 1.82 1.52 5.79 5.52 -20.94 -3.4 6.58 20.19 -1.18 3.05 10.21 0 0 0 -76.22 1.35 38.59 31.3 -41.98 -12.27 -0 0 -16.71 30.48 -3.83 -2.25 -7.12 0 -0 2.91 25.53 -1.37 0 0 0 85.64 1.8 18.54 -13.73 22.35 -2.73 0 -0 -24.77 -39.82 -30.43 22.89 7.12 -0 -0 -12.22 -67.01 6.51
17.2 15.46 26.75 -349.54 -100.58 372.89 0 0 0 1.5 -26.03 -21.05 0.38 3.98 11.03 -1.24 19.66 -11.96 0.21 -2.95 -8.13 0 0 0 10.48 34.29 -31.52 -3.57 -11.57 34.23 -0.74 -7.18 -20.37 -0.34 3.75 -10.36 4.88 2.83 -15.07 -2.84 2.72 -7.19 -5.32 1.03 1.18 7.39 6.62 -19.95 -3.56 7.71 21.11 -1.33 3.67 10.5 0 0 0 -75.83 0.27 39.25 36.61 -45.93 -15.96 -0 0 -19.56 30.03 -4.31 -2.49 -7.12 0 -0 2.54 25 -1.23 0 0 0 81.21 -0.95 13.47 -11.35 18.82 -1.89 0 -0 -22.02 -37.02 -32.9 22.28 7.12 -0 -0 -7.22 -68.87 4.14
17.21 15.5 26.53 -346.12 -100.37 369.44 0 0 0 1.06 -23.63 -22.88 0.56 4.81 13.36 -1.56 21.97 -13.62 0.02 -1 -2.76 0 0 0 12.43 34.2 -30.18 -3.25 -11.09 32.59 -0.68 -7.04 -19.72 -0.23 3.09 -8.54 5.64 1.83 -15.49 -1.86 1.24 -7.09 -4.96 0.28 1.31 8.31 7.57 -19.46 -3.88 8.89 21.78 -1.41 4.24 10.79 0 0 0 -76.34 -1.52 39.57 40.56 -48.4 -18.86 -0 0 -28.09 30.61 -3.42 -2.02 -7.12 0 -0 3.02 26 -1.39 0 0 0 75.5 -5.23 13.28 -11.59 19.19 -1.97 0 -0 -17.44 -31.61 -31.99 18.06 7.12 -0 -0 0.3 -66.24 -0.15
17.22 15.53 26.35 -346.49 -100.45 369.78 0 0 0 -0.84 -21.44 -24.06 0.75 5.54 15.46 -1.98 25.03 -17.56 0.02 0.99 2.73 0 0 0 13.29 34.11 -29.57 -3.12 -10.89 31.92 -0.7 -6.56 -19.5 -0.14 2.4 -6.61 5.71 0.83 -16.05 -0.94 -0.17 -6.9 -4.25 -0.39 1.63 9.38 8.46 -18.62 -4.8 10.12 21.86 -1.73 4.79 10.87 -0 -0 0 -77.34 -3.67 39.5 42.28 -49.37 -20.16 -0 0 -36.49 31.46 -2.3 -1.4 -7.12 0 -0 3.74 27.28 -1.61 -0 -0 0 69.38 -10.16 16.43 -13.2 21.57 -2.52 0 -0 -13.71 -29.03 -27.89 14.55 7.12 -0 -0 1.66 -61.16 -0.65
17.21 15.53 26.2 -347.93 -100.86 370.89 0 0 0 -3.94 -18.22 -25.24 1.08 6.62 18.59 -1.68 24.48 -20.56 0.04 1.27 3.5 0 0 0 14.04 34.02 -29.05 -3.13 -10.91 31.97 -0.75 -5.86 -19.56 -0.08 1.88 -5.17 5.4 -0.18 -16.38 0.15 -1.52 -6.7 -3.17 -1.04 1.91 10.43 9.29 -17.06 -6.22 11.48 21.58 -2.23 5.35 10.75 0 -0 0 -78.67 -5.52 39.14 42.24 -49.34 -20.12 -0 0 -42.11 31.99 -1.66 -1.03 -7.12 0 -0 4.18 28.02 -1.73 0 -0 0 63.08 -14.75 19.37 -15.03 24.19 -3.24 0 -0 -11.21 -29.75 -23.9 13.04 7.12 -0 -0 -0.52 -57.02 0.15
17.2 15.5 26.06 -347.65 -101.51 370.25 0 0 0 -6.84 -15.28 -26.85 1.67 8.15 23.16 -0.84 19.81 -19.91 0.02 -0.89 -2.45 0 0 0 15.16 33.78 -28.83 -3.24 -11.08 32.55 -0.85 -4.7 -19.78 -0.04 1.32 -3.64 5.17 -1.14 -16.64 1.49 -2.82 -6.45 -1.86 -1.65 2.27 11.64 10.06 -15.31 -8.05 12.88 21.47 -2.9 5.91 10.74 0 -0 0 -80.35 -7.01 38.56 41.17 -48.75 -19.31 -0 0 -44.08 32.68 -1.18 -0.75 -7.12 0 -0 4.74 28.57 -1.9 0 -0 0 57.06 -18.2 20.03 -16.6 26.32 -3.91 0 -0 -11.19 -30.81 -22.35 12.77 7.12 -0 -0 -2.07 -55.54 0.53
17.19 15.44 25.93 -345.86 -102.28 368.04 0 0 0 -8.94 -14.31 -28.15 2.54 9.9 28.67 -0.09 14.65 -19.86 0.15 -2.48 -6.83 0 0 0 16.71 33.32 -28.86 -3.45 -11.39 33.62 -0.97 -3.28 -20.09 -0.02 0.97 -2.66 5.52 -1.81 -16.7 2.37 -3.81 -6.27 -1.32 -2.13 2.47 13.84 10.66 -13.47 -9.71 13.82 22.01 -3.76 6.37 11.01 0 -0 0 -81.03 -7.88 38.79 39.69 -47.89 -18.21 -0 0 -43.45 33.12 -0.45 -0.3 -7.12 0 -0 5.14 29.42 -1.96 0 -0 0 53.02 -20.82 17.36 -17.43 27.43 -4.29 0 -0 -12.85 -30.43 -23.01 12.93 7.12 -0 -0 -1.51 -56.19 0.41
17.18 15.33 25.81 -343.52 -103.23 364.94 0 0 0 -10.5 -14.77 -28.61 3.59 11.59 34.29 0.25 13.32 -21.69 0.21 -2.97 -8.21 0 0 0 18.63 32.78 -28.79 -3.78 -11.86 35.22 -1.1 -1.73 -20.53 -0.01 0.7 -1.93 5.85 -2.63 -16.49 3.42 -4.99 -5.77 -0.63 -2.69 2.89 15.4 11.38 -12.2 -10.78 14.95 22.94 -4.25 6.91 11.51 -0 -0 0 -81.82 -8.73 38.55 37.82 -46.72 -16.83 -0 0 -41.49 32.51 -0.07 -0.05 -7.12 0 -0 4.68 29.88 -1.73 -0 -0 0 49.56 -21.51 12.66 -17.43 27.42 -4.28 0 -0 -15.07 -29.26 -24.79 13.22 7.12 -0 -0 0.29 -57.88 -0.09
17.17 15.2 25.71 -340.81 -104.47 361.21 0 0 0 -11.64 -15.5 -28.36 4.63 12.96 39.2 0.29 15.89 -25.16 0.18 -2.71 -7.48 0 0 0 20.85 32.41 -28.45 -4.17 -12.38 37.09 -1.23 -0.01 -20.97 -0 0.4 -1.1 6.12 -3.54 -16.1 4.61 -6.29 -4.9 0.23 -3.28 3.65 16.35 12.22 -11.34 -11.56 16.3 23.8 -4.49 7.51 12.06 -0 0 0 -82.7 -9.47 38 35.91 -45.45 -15.46 -0 0 -39.37 31.01 -0.21 -0.13 -7.12 0 -0 3.5 29.73 -1.31 -0 0 0 46.85 -20.26 5.63 -16.76 26.54 -3.98 0 -0 -16.09 -29.18 -25.89 13.7 7.12 -0 -0 0.73 -59.04 -0.25
17.14 15.05 25.61 -338.73 -105.92 358 0 0 0 -12.51 -16.26 -27.74 5.54 13.96 43.09 0.19 20.3 -30.01 0.03 -1.09 -3 0 0 0 23.02 32.35 -27.92 -4.61 -12.93 39.1 -1.33 1.53 -21.35 -0 0.28 -0.76 6.55 -4.16 -15.67 5.44 -7.23 -3.79 0.68 -3.68 4.63 17.08 12.89 -10.82 -12.24 17.41 24.3 -4.67 7.99 12.5 0 0 0 -83.54 -10.21 37.45 33.7 -43.86 -13.9 -0 0 -37.01 28.41 -0.34 -0.19 -7.12 0 -0 1.45 29.59 -0.54 0 0 0 45.76 -18.23 -4.15 -15.9 25.39 -3.6 0 -0 -14.57 -30.58 -26.63 14.84 7.12 -0 -0 -0.67 -60.2 0.25
17.1 14.89 25.54 -338.09 -107.25 356.16 0 0 0 -13.31 -17.42 -27.22 6.4 14.8 46.56 0 24.83 -34.92 0.05 1.45 3.98 0 0 0 24.71 32.28 -27.56 -5.16 -13.56 41.49 -1.43 2.83 -21.83 -0 0.33 -0.89 6.7 -4.67 -15.12 6.01 -7.99 -2.65 1.04 -3.99 5.59 17.38 13.4 -10.53 -12.91 18.31 24.37 -4.8 8.35 12.75 -0 0 0 -84.37 -10.5 37.09 31.69 -42.3 -12.53 -0 0 -35.73 25.98 -0.33 -0.16 -7.12 0 -0 -0.46 29.62 0.17 -0 0 0 46.01 -16.13 -14.81 -15.63 25.01 -3.49 0 -0 -13.08 -34.3 -26.64 17.01 7.12 -0 -0 -5.22 -61.18 2.06
17.06 14.73 25.46 -338.73 -108.19 355.41 0 0 0 -13.83 -18.81 -27.4 7.61 15.82 51.14 -0.28 27.22 -36.71 0.23 3.11 8.58 0 0 0 25.89 31.95 -27.28 -5.8 -14.23 44.17 -1.56 4.18 -22.59 -0 0.24 -0.66 6.45 -5.07 -14.3 6.2 -8.47 -1.68 1.33 -4.19 6.24 17.22 13.64 -10.25 -13.25 18.79 24.11 -4.82 8.53 12.7 -0 0 0 -85.01 -10.14 36.93 29.81 -40.73 -11.28 -0 0 -35.5 23.11 0.13 0.05 -7.12 0 -0 -2.73 30.11 0.99 -0 0 0 48.29 -15.19 -24.55 -16.74 26.51 -3.97 0 -0 -14.61 -39.08 -26.74 20.07 7.12 -0 -0 -11.46 -62.6 4.94
17 14.6 25.37 -339.89 -108.64 355.25 0 0 0 -13.72 -21.21 -28.11 9.22 16.95 56.84 -0.9 27.77 -34.01 0.26 3.27 9.04 0 0 0 26.71 31.63 -26.57 -6.3 -14.71 46.17 -1.69 4.88 -23.53 -0 0 -0 6.01 -5.39 -13.48 6.14 -8.77 -0.99 1.49 -4.32 6.57 16.39 13.67 -10.13 -13.02 18.93 24.05 -4.59 8.54 12.55 -0 0 0 -85.57 -9.44 36.8 27.54 -38.69 -9.83 -0 0 -35.32 20.26 0.73 0.27 -7.12 0 -0 -5.01 30.74 1.75 -0 0 0 52.61 -15.16 -32.57 -18.99 29.4 -5.02 0 -0 -19.56 -43.05 -27.23 23.14 7.12 -0 -0 -17.2 -64.34 8.17
16.94 14.54 25.31 -339.76 -108.81 354.5 0 0 0 -12.29 -24.09 -29.86 10.97 17.92 62.69 -1.34 26.1 -27.94 0.13 2.34 6.45 0 0 0 27.57 31.55 -25.6 -6.44 -14.84 46.73 -1.77 4.84 -24.09 -0 -0.11 0.3 6.51 -5.41 -13.26 5.78 -8.83 -0.6 0.84 -4.31 6.74 15.61 13.58 -10.32 -12.39 18.76 24.41 -4.27 8.44 12.53 0 -0 0 -85.67 -8.52 36.6 24.86 -36.06 -8.21 -0 0 -34.32 18.83 1.4 0.48 -7.12 0 -0 -6.19 31.42 2.07 0 -0 0 58.73 -15.27 -39.44 -21.01 31.84 -6.06 0 -0 -25.94 -43.56 -26.61 23.07 7.12 -0 -0 -17.9 -63.78 8.28
16.85 14.53 25.26 -338.5 -109.1 353.22 0 0 0 -9.83 -25.44 -32.92 12.49 18.59 67.53 -0.66 19.37 -21.21 0 0.06 0.16 0 0 0 28.53 31.75 -24.57 -6.33 -14.74 46.3 -1.79 4.64 -24.22 -0 -0.15 0.41 7.83 -5 -13.5 5.31 -8.47 -0.45 -0.33 -4.07 6.77 14.74 13.31 -11.05 -11.32 18.21 25.29 -3.82 8.17 12.71 -0 -0 0 -85.65 -7.05 35.7 22.02 -33 -6.6 -0 0 -32.61 19.05 1.69 0.58 -7.12 0 -0 -6.03 31.73 1.97 -0 -0 0 65.55 -15.44 -44.78 -21.36 32.24 -6.24 0 -0 -31.45 -41.9 -26.53 21.84 7.12 -0 -0 -15.44 -63.19 6.9
16.73 14.57 25.22 -339.11 -109.53 353.84 0 0 0 -8.17 -25.65 -35.61 13.1 18.82 69.44 0.04 10.64 -15.76 0.36 -3.85 -10.64 0 0 0 28.88 32.21 -23.19 -6.09 -14.51 45.33 -1.77 4.26 -24.17 -0 -0.07 0.2 8.51 -4.4 -13.65 4.73 -7.72 -0.57 -1.17 -3.67 6.6 13.78 12.85 -11.78 -10.17 17.4 26.33 -3.38 7.79 12.91 -0 0 0 -85.75 -4.5 33.42 19.61 -30.17 -5.33 -0 0 -32.13 20.58 2.06 0.77 -7.12 0 -0 -4.84 32.16 1.52 -0 0 0 71.55 -15.12 -48.93 -19.06 29.5 -5.06 0 -0 -33.74 -38.33 -27.19 19.86 7.12 -0 -0 -10.4 -62.91 4.55
16.6 14.65 25.18 -342.38 -109.93 357.35 0 0 0 -7.74 -25.25 -37.97 12.85 18.73 68.67 0.31 4.78 -13.37 0.86 -5.91 -16.53 0 0 0 28.01 33.07 -22.11 -5.85 -14.28 44.38 -1.76 3.67 -24.16 -0 -0.02 0.05 8.02 -3.82 -14 4.27 -6.84 -0.98 -1.25 -3.26 6.41 12.33 12.29 -12.44 -9.01 16.56 27.31 -2.86 7.35 13.05 -0 0 0 -86.25 -1.45 29.94 17.58 -27.62 -4.35 -0 0 -32.85 23.17 3.48 1.49 -7.12 0 -0 -2.83 33.75 0.78 -0 0 0 76.1 -13.85 -52.7 -15.59 24.97 -3.47 0 -0 -32.63 -39.63 -30.24 22.64 7.12 -0 -0 -11.95 -66.74 6.3
16.41 14.79 25.15 -346.34 -110.81 362.21 0 0 0 -7.48 -24.78 -40.26 11.94 18.36 65.8 0.35 3.17 -12.83 1.15 -6.82 -19.18 0 0 0 26.44 34.33 -21.35 -5.48 -13.9 42.85 -1.71 3.23 -23.91 -0 0.22 -0.59 7.34 -3.07 -15.09 3.92 -5.78 -1.72 -1.12 -2.78 6.32 10.93 11.73 -12.81 -8.08 15.8 28.41 -2.44 6.92 13.24 0 0 0 -86.44 2.07 26.44 15.92 -25.42 -3.61 -0 0 -33.7 24.72 4.56 2.09 -7.12 0 -0 -1.61 34.99 0.4 0 0 0 79.98 -11.81 -57.99 -13.17 21.54 -2.52 0 -0 -28.08 -45.82 -35.02 30.56 7.12 -0 -0 -23.88 -73.99 16.6
16.24 14.92 25.13 -349.77 -111.16 366.49 0 0 0 -6.97 -25.31 -41.98 10.52 17.69 61.2 0.33 3.83 -12.98 1.28 -7.17 -20.21 0 0 0 24.77 35.03 -20.62 -5.06 -13.45 41.09 -1.67 2.64 -23.76 -0.01 0.5 -1.38 6.53 -2.6 -15.68 3.67 -5.03 -2.62 -0.81 -2.48 5.76 9.96 11.27 -13.15 -7.55 15.22 29.65 -2.19 6.55 13.61 -0 -0 0 -86.26 5.74 22.59 14.44 -23.36 -3 -0 0 -33.06 25.26 4.94 2.33 -7.12 0 -0 -1.18 35.43 0.28 -0 -0 0 83.58 -9.73 -60.82 -12.25 20.19 -2.19 0 -0 -27.09 -53.51 -38.96 40.36 7.12 -0 -0 -53.85 -79.76 45.08
16.07 15.04 25.13 -352.38 -111.39 369.87 0 0 0 -6.07 -26.11 -42.98 8.72 16.62 55.12 0.26 5.52 -13.16 1.25 -7.08 -19.95 0 0 0 23.37 35.44 -19.79 -4.64 -12.97 39.25 -1.63 2.04 -23.61 -0.01 0.6 -1.65 5.92 -2.25 -15.89 3.46 -4.46 -3.46 -0.57 -2.26 5.04 9.57 10.96 -13.6 -7.36 14.81 30.71 -2.13 6.29 14.07 0 0 0 -85.84 9.33 17.81 13.36 -21.82 -2.59 -0 0 -31.12 25.35 5.12 2.42 -7.12 0 -0 -1.11 35.64 0.26 0 0 0 86.67 -7.86 -57.95 -11.98 19.77 -2.1 0 -0 -30.24 -55.98 -40.14 43.68 7.12 -0 -0 -69.45 -80.74 60.43
15.88 15.14 25.14 -354.46 -111.78 372.59 0 0 0 -5.18 -26.88 -43.1 6.73 15.1 47.86 0.09 8.01 -13.11 1.14 -6.79 -19.08 0 0 0 22.19 35.56 -18.88 -4.25 -12.48 37.47 -1.62 1.87 -23.51 -0 0.41 -1.13 5.61 -1.83 -15.95 3.1 -3.83 -4.14 -0.64 -2 4.37 9.44 10.68 -14.22 -7.1 14.35 31.47 -2.07 6.06 14.45 -0 0 0 -85.05 12.75 12.7 12.79 -20.97 -2.38 -0 0 -29.67 26.04 5.16 2.52 -7.12 0 -0 -0.53 35.72 0.12 -0 0 0 89.11 -6.51 -48 -11.81 19.52 -2.04 0 -0 -31.72 -50.47 -39.04 37.36 7.12 -0 -0 -41.5 -79.44 33.99
15.68 15.2 25.17 -354.72 -112.21 373.5 0 0 0 -3.77 -27.35 -42.94 4.91 13.28 40.44 -0.09 9.93 -12.63 1.11 -6.7 -18.83 0 0 0 21.72 35.49 -17.85 -3.86 -11.97 35.63 -1.6 2.01 -23.39 -0 0.34 -0.93 5.97 -1.3 -15.96 2.86 -3.18 -4.6 -0.96 -1.72 3.89 9.41 10.38 -14.9 -6.78 13.79 31.81 -2.02 5.83 14.66 0 0 0 -84.16 15.5 7.17 12.43 -20.44 -2.25 -0 0 -28.89 27.33 5.36 2.76 -7.12 0 -0 0.54 36 -0.12 0 0 0 90.16 -5.86 -29.59 -11.94 19.71 -2.08 0 -0 -29.18 -42.62 -38.19 29.64 7.12 -0 -0 -16.44 -76.41 12.19
15.46 15.22 25.22 -353.62 -112.46 372.84 0 0 0 -1.93 -28.26 -42.28 3.47 11.42 33.71 -0.2 11.08 -12.28 1.2 -6.94 -19.53 0 0 0 22.04 35.38 -16.35 -3.51 -11.48 33.92 -1.61 1.81 -23.51 -0.01 0.53 -1.46 6.82 -0.63 -15.93 2.63 -2.43 -4.74 -1.54 -1.36 3.71 9.28 9.9 -15.89 -6.31 12.91 31.95 -1.93 5.49 14.8 -0 -0 0 -83.04 17.25 1.49 12.16 -20.04 -2.16 -0 0 -28.49 28.31 5.53 2.97 -7.12 0 -0 1.36 36.25 -0.29 -0 -0 0 89.16 -5.91 -8.07 -12.03 19.85 -2.11 0 -0 -9.6 -24.08 -34.2 14.1 7.12 -0 -0 11.68 -66.29 -6.03
15.21 15.21 25.28 -352.28 -112.66 371.75 0 0 0 -0.61 -28.99 -41.33 2.54 9.9 28.66 -0.37 12.36 -11.24 1.38 -7.42 -20.98 0 0 0 22.53 34.99 -14.71 -3.23 -11.06 32.49 -1.66 1.71 -23.87 -0.02 0.86 -2.37 7.72 0.06 -16 2.3 -1.65 -4.69 -2.25 -0.97 3.82 9.4 9.32 -16.85 -5.72 11.77 32.06 -1.89 5.09 14.9 -0 0 0 -81.69 18.37 -3.76 12.19 -20.08 -2.17 -0 0 -29.14 29.29 6.02 3.37 -7.12 0 -0 2.18 36.87 -0.44 -0 0 0 86.23 -6.11 12.64 -13.41 21.88 -2.6 0 0 5.62 -22.19 -18.28 7.29 7.12 -0 -0 5.83 -49.52 -0.65
14.96 15.19 25.33 -350.45 -112.91 370.16 0 0 0 -1.14 -27.29 -41.41 2.48 9.8 28.34 -0.38 11.54 -8.57 0.87 -5.93 -16.59 0 0 0 23.26 34.76 -12.96 -2.96 -10.64 31.07 -1.69 1.62 -24.1 -0.03 1.13 -3.1 8.19 0.63 -16.23 2.27 -1.01 -4.58 -2.43 -0.64 4.1 9.1 8.65 -17.65 -4.83 10.51 32.23 -1.69 4.63 14.94 -0 -0 0 -80.78 18.98 -8.65 12.52 -20.57 -2.28 -0 0 -30.52 30.17 6.72 3.89 -7.12 0 -0 2.92 37.73 -0.52 -0 -0 0 81.84 -5.9 32 -17.68 27.74 -4.4 0 0 1.76 -31 -10.11 6.02 7.12 -0 -0 -3.57 -41.71 -0.29
14.7 15.19 25.39 -349.67 -112.66 369.43 0 0 0 -2.8 -25.58 -41.64 2.71 10.21 29.66 -0.19 8.61 -7.35 0.27 -3.35 -9.24 0 0 0 23.61 34.33 -11.08 -2.72 -10.22 29.69 -1.7 1.19 -24.31 -0.05 1.44 -3.97 7.9 0.94 -16.68 2.23 -0.6 -4.54 -2.23 -0.42 4.44 8.77 7.85 -17.84 -3.87 9.06 32.55 -1.53 4.1 14.92 0 0 0 -79.93 19.19 -12.31 13.03 -21.33 -2.46 -0 0 -31.9 31.42 7.02 4.27 -7.12 0 -0 3.99 38.17 -0.67 0 0 0 77.37 -4.22 42.33 -21.08 31.92 -6.09 0 0 5.62 -27.02 -8.69 4.41 7.12 -0 -0 -0.11 -39.72 -0.01
14.41 15.19 25.41 -350.53 -112.16 370.27 0 0 0 -4.57 -24.97 -40.76 2.62 10.05 29.13 -0.15 7.51 -6.28 0.34 -3.75 -10.39 0 0 0 23.4 34.15 -9.37 -2.59 -9.99 28.95 -1.71 0.3 -24.67 -0.08 1.83 -5.05 6.62 1.02 -17.55 2.07 -0.35 -4.55 -1.64 -0.29 4.93 7.92 6.98 -17.95 -2.5 7.49 33.32 -1.13 3.5 15.05 0 -0 0 -78.98 19.02 -15.01 13.66 -22.25 -2.7 -0 0 -33.44 30.82 7.33 4.35 -7.12 0 -0 3.46 38.47 -0.56 0 -0 0 74.01 -1.82 47.36 -23.11 34.21 -7.2 0 0 4.4 -19.56 -10 3.53 7.12 -0 -0 6.57 -40.49 0.73
14.12 15.21 25.43 -352.78 -111.39 372.18 0 0 0 -7.02 -24.78 -39.01 2.46 9.77 28.23 -0.08 6.21 -6.2 0.39 -4 -11.08 0 0 0 22.89 33.63 -7.59 -2.52 -9.88 28.58 -1.7 -0.71 -24.91 -0.14 2.43 -6.69 4.94 1.06 -18.06 1.57 0 -4.68 -1.15 -0.13 5.09 6.77 5.92 -18.04 -0.66 5.53 34.36 -0.54 2.74 15.31 -0 0 0 -77.57 18.77 -15.84 14.6 -23.59 -3.06 -0 0 -34.73 29.9 7.48 4.28 -7.12 0 -0 2.67 38.58 -0.42 -0 0 0 72.47 -0.44 47.78 -24.16 35.33 -7.8 0 -0 -0.58 -15.84 -12.12 3.41 7.12 -0 -0 10.23 -42.33 0.68
13.83 15.24 25.44 -355.16 -110.58 374.13 0 0 0 -9.36 -25.04 -36.69 2.25 9.37 26.95 -0.05 5.72 -6.45 0.41 -4.11 -11.38 0 0 0 22.46 32.7 -5.98 -2.49 -9.82 28.39 -1.61 -1.64 -24.61 -0.25 3.22 -8.88 3.3 1.22 -18.46 0.84 0.57 -4.72 -0.87 0.15 5.28 5.76 4.71 -18.03 1.17 3.3 34.91 -0.02 1.91 15.4 -0 -0 0 -75.96 18.18 -15.27 16.06 -25.6 -3.67 -0 0 -35.5 29.04 7.21 3.99 -7.12 0 -0 1.93 38.21 -0.32 -0 -0 0 72.73 0.09 43.92 -24.41 35.59 -7.94 0 -0 -4.48 -15.82 -13.63 3.82 7.12 -0 -0 10.6 -43.87 0.3
13.55 15.28 25.44 -357.1 -110.03 375.93 0 0 0 -11.28 -25.24 -34.42 2 8.88 25.41 -0.04 5.67 -6.67 0.42 -4.14 -11.46 0 0 0 22.02 31.79 -5.15 -2.55 -9.92 28.72 -1.49 -2.13 -23.89 -0.36 3.84 -10.63 1.8 1.64 -18.88 0.02 1.44 -4.83 -0.68 0.56 5.41 4.84 3.39 -17.75 2.88 0.96 34.97 0.42 1.03 15.28 0 -0 0 -74.41 17.5 -13.44 18.03 -28.2 -4.56 -0 0 -36.39 28.96 6.52 3.59 -7.12 0 -0 1.88 37.41 -0.35 0 -0 0 74.32 0.13 37.1 -24.11 35.28 -7.77 0 -0 -6.61 -18.08 -14.59 4.7 7.12 -0 -0 8.79 -45.11 -0.02
13.28 15.32 25.46 -358.47 -109.61 377.7 0 0 0 -12.66 -25.32 -33.16 1.83 8.51 24.29 -0.03 5.47 -6.91 0.41 -4.11 -11.38 0 0 0 21.27 30.97 -5.67 -2.73 -10.25 29.78 -1.38 -1.95 -23 -0.54 4.71 -13.08 0.65 2.2 -19.49 -0.79 2.41 -5.12 -0.66 1.02 5.42 3.97 2.13 -17.24 4.39 -1.21 34.85 0.8 0.18 15.11 -0 -0 0 -73.09 16.77 -10.9 20.23 -30.92 -5.65 -0 0 -37.61 29.98 5.59 3.22 -7.12 0 -0 2.76 36.42 -0.58 -0 -0 0 76.43 0.39 29.05 -23.21 34.32 -7.26 0 -0 -7.7 -21.22 -15.51 5.93 7.12 -0 -0 6.1 -46.47 -0.22
13.03 15.34 25.48 -358.89 -108.94 378.73 0 0 0 -13.37 -25.55 -32.95 1.86 8.56 24.43 0.02 4.9 -7.55 0.41 -4.11 -11.37 0 0 0 20.76 29.99 -6.74 -2.99 -10.69 31.23 -1.3 -1.35 -22.1 -0.81 5.73 -16 -0.28 2.63 -20.06 -1.38 3.16 -5.47 -0.56 1.36 5.35 3.07 1.07 -16.68 5.63 -3 34.84 1.16 -0.56 15.04 -0 -0 0 -72.39 15.97 -8.58 22.45 -33.48 -6.83 -0 0 -38.97 31.44 4.79 2.93 -7.12 0 -0 3.99 35.57 -0.93 -0 -0 0 78.39 1.2 21.35 -21.8 32.75 -6.48 0 -0 -9.16 -24.93 -16.83 7.66 7.12 -0 -0 2.85 -48.41 -0.24
12.79 15.3 25.46 -358.4 -107.8 378.64 0 0 0 -13.47 -26.07 -33.56 2.13 9.13 26.19 0.1 3.87 -8.7 0.4 -4.08 -11.29 0 0 0 21.01 29.11 -7.6 -3.36 -11.25 33.13 -1.25 -1.03 -21.49 -1.04 6.5 -18.24 -1.25 2.73 -20.39 -1.68 3.5 -5.63 -0.25 1.51 5.31 2.33 0.26 -16.14 6.63 -4.37 34.83 1.46 -1.13 14.99 0 0 0 -72.36 14.96 -6.75 24.45 -35.64 -7.97 -0 0 -40.67 32.77 4.16 2.67 -7.12 0 -0 5.08 34.88 -1.27 0 0 0 80.08 2.48 14.99 -20.35 31.06 -5.71 0 -0 -11.53 -29.02 -19.27 10.38 7.12 -0 -0 -0.76 -51.77 0.13
12.58 15.22 25.45 -358.27 -106.15 378.56 0 0 0 -13.61 -27.1 -34.5 2.59 10 28.97 0.21 2.7 -10 0.39 -4.01 -11.1 0 0 0 21.26 27.33 -9.09 -3.96 -12.11 36.12 -1.24 -0.24 -21.17 -1.33 7.29 -20.58 -2.08 2.57 -20.34 -1.98 3.5 -5.45 -0.1 1.51 5.44 1.75 -0.38 -15.66 7.51 -5.42 34.51 1.74 -1.56 14.83 0 0 0 -72.82 13.52 -5.03 25.88 -37.09 -8.82 -0 0 -42.51 33.96 3.69 2.48 -7.12 0 -0 6.05 34.37 -1.58 0 0 0 81.49 3.96 10.55 -19.31 29.81 -5.19 0 -0 -14.44 -32.84 -22.15 13.68 7.12 -0 -0 -4.36 -55.78 1.15
12.4 15.09 25.46 -360.04 -104.13 379.89 0 0 0 -14.37 -28.59 -35.07 3.1 10.86 31.8 0.3 1.59 -11.03 0.39 -4.02 -11.13 0 0 0 20.93 24.36 -11.83 -5.06 -13.45 41.08 -1.23 1.27 -20.55 -1.64 8.06 -22.91 -2.99 2.17 -19.55 -2.36 3.22 -4.97 -0.08 1.39 5.51 1.28 -0.91 -15.36 8.28 -6.24 33.94 1.99 -1.89 14.58 0 0 0 -73.57 11.55 -3.05 26.46 -37.66 -9.17 -0 0 -44.34 35.03 3.47 2.43 -7.12 0 -0 6.92 34.16 -1.85 0 0 0 82.65 5.22 8 -18.83 29.21 -4.95 0 -0 -16.81 -34.6 -23.66 15.48 7.12 -0 -0 -6.14 -57.9 1.94
12.24 14.95 25.45 -363.64 -102.64 382.47 0 0 0 -15.85 -29.49 -34.82 3.59 11.59 34.3 0.39 0.46 -11.92 0.41 -4.1 -11.36 0 0 0 20.14 21.72 -15.21 -6.75 -15.12 47.91 -1.03 3.47 -18.36 -1.76 8.36 -23.8 -4.41 1.77 -17.84 -2.7 2.99 -4.32 0.27 1.29 5.26 0.96 -1.34 -15.27 8.84 -6.85 33.27 2.16 -2.13 14.33 -0 0 0 -74.56 9.24 -0.92 25.98 -37.19 -8.88 -0 0 -45.33 34.98 3.71 2.59 -7.12 0 -0 6.89 34.44 -1.8 -0 0 0 83.55 6.03 6.56 -18.67 29.01 -4.87 0 -0 -16.68 -31.65 -23.39 13.75 7.12 -0 -0 -2.79 -56.89 0.81
12.1 14.82 25.43 -368.01 -102.04 385.63 0 0 0 -17.69 -29.42 -34.09 4.01 12.17 36.34 0.48 -0.72 -12.83 0.4 -4.04 -11.19 0 0 0 18.77 20.8 -18.84 -8.87 -16.73 55.65 -0.55 5.99 -13.28 -1.42 7.54 -21.34 -6.19 1.67 -15.79 -3 3.12 -3.64 0.92 1.37 4.79 0.72 -1.78 -15.27 9.24 -7.42 32.55 2.25 -2.36 14.08 -0 -0 0 -75.76 6.72 1.45 24.43 -35.61 -7.95 -0 0 -45.09 34.12 3.93 2.66 -7.12 0 -0 6.2 34.67 -1.58 -0 -0 0 84.3 6.27 6.17 -18.79 29.16 -4.93 0 -0 -14.85 -26.03 -21.19 10.01 7.12 -0 -0 2.75 -53.3 -0.56
11.96 14.71 25.4 -371.82 -101.7 388.7 0 0 0 -19.16 -28.9 -33.68 4.34 12.6 37.9 0.57 -2.12 -13.65 0.35 -3.78 -10.46 0 0 0 16.79 21.66 -23 -11.06 -17.96 62.98 -0 7.99 -5.65 -0.6 4.96 -13.8 -7.68 1.63 -14.16 -3.14 3.22 -3.15 1.57 1.42 4.34 0.45 -2.08 -15.38 9.42 -7.74 32.04 2.31 -2.5 13.91 0 0 0 -77.41 4.19 3.62 21.95 -32.93 -6.56 -0 0 -44.08 33.25 3.69 2.41 -7.12 0 -0 5.46 34.35 -1.43 0 0 0 84.72 6.1 7.06 -19.05 29.48 -5.06 0 -0 -11.26 -20.05 -18.1 6.47 7.12 -0 -0 7.86 -49 -0.78
11.79 14.66 25.35 -373.37 -101.61 390.1 0 0 0 -19.94 -27.76 -33.65 4.56 12.88 38.9 0.65 -3.71 -14.43 0.28 -3.42 -9.45 0 0 0 14.59 23.92 -27.51 -12.95 -18.76 68.96 0.21 9.83 -2.27 -0.27 3.33 -9.19 -8.69 1.69 -13.44 -3.18 3.4 -2.87 2.09 1.5 4.17 0.33 -2.25 -15.53 9.45 -7.9 31.81 2.31 -2.57 13.86 0 -0 0 -79.24 1.66 5 18.87 -29.25 -4.96 -0 0 -41.22 31.79 3.98 2.46 -7.12 0 -0 4.26 34.63 -1.09 0 -0 0 85.07 5.55 9.25 -19.3 29.79 -5.18 0 -0 -6.93 -15.48 -14.91 4.07 7.12 -0 -0 11.24 -45.12 -0.03
11.61 14.64 25.29 -374.21 -101.4 391.11 0 0 0 -20.38 -26.69 -33.46 4.64 12.97 39.26 0.71 -5.17 -14.99 0.24 -3.15 -8.7 0 0 0 12.13 26.2 -32.07 -14.28 -19.2 73.04 -0.09 7.86 -7.19 -0.73 5.47 -15.26 -9.49 1.53 -13.4 -2.99 3.3 -2.69 2.72 1.44 4.29 0.1 -2.25 -15.7 9.4 -7.81 31.87 2.35 -2.55 13.92 -0 0 0 -81.49 -0.44 5.31 15.85 -25.31 -3.58 -0 0 -37.13 30.27 5.12 2.98 -7.12 0 -0 3.01 35.88 -0.67 -0 0 0 85.1 4.86 12.32 -19.36 29.86 -5.21 0 -0 -2.75 -11.78 -12.4 2.56 7.12 -0 -0 13.86 -42.21 0.97
11.41 14.66 25.24 -376.3 -100.49 393.41 0 0 0 -20.72 -26.86 -32.45 4.51 12.81 38.66 0.72 -5.75 -15.16 0.24 -3.12 -8.62 0 0 0 9.09 27.35 -36.67 -14.87 -19.36 74.85 -0.51 1.94 -12.98 -1.07 6.57 -18.43 -9.34 1.17 -13.4 -3.08 2.81 -2.68 2.46 1.2 4.37 0.05 -2.17 -15.88 9.49 -7.78 32.17 2.41 -2.52 14.1 0 0 0 -83.44 -1.23 6.36 14.02 -22.76 -2.84 -0 0 -34.52 30 6.22 3.58 -7.12 0 -0 2.77 37.14 -0.54 0 0 0 85.44 3.89 15.39 -19.17 29.63 -5.12 0 0 0.7 -8.66 -10.61 1.61 7.12 -0 -0 16.09 -40.18 1.97
11.19 14.72 25.17 -377.01 -99.75 394.29 0 0 0 -20.84 -27.38 -30.5 4.18 12.4 37.16 0.74 -5.29 -15.35 0.28 -3.42 -9.44 0 0 0 5.85 28.71 -40.34 -14.52 -19.27 73.8 -0.71 -3.59 -17.59 -0.81 5.75 -16.07 -8.69 0.86 -13.51 -3.22 2.32 -2.76 1.88 0.96 4.43 0.27 -1.95 -16.13 9.42 -7.55 32.46 2.38 -2.39 14.26 -0 0 0 -85.01 -0.59 8.94 13.64 -22.21 -2.69 -0 0 -33.43 29.34 6.9 3.86 -7.12 0 -0 2.2 37.87 -0.39 -0 0 0 85.87 2.66 18.4 -18.82 29.2 -4.94 0 0 2.97 -6.69 -9.98 1.16 7.12 -0 -0 17.58 -39.41 2.51
10.95 14.84 25.02 -371.84 -100.41 388.93 0 0 0 -20.66 -26.06 -27.44 3.67 11.7 34.7 0.79 -4.52 -15.91 0.31 -3.6 -9.95 0 0 0 3.35 31.86 -42.14 -13.15 -18.83 69.58 -0.64 -8.72 -20.7 -0.61 5.01 -13.95 -8.58 0.95 -13.67 -3 2.43 -2.82 2.07 1.02 4.44 0.48 -1.74 -16.5 9.16 -7.27 32.72 2.29 -2.26 14.42 -0 0 0 -85.93 1.26 13.43 14.45 -23.38 -3.01 -0 0 -32.64 25.81 6.27 3.03 -7.12 0 -0 -0.79 36.94 0.16 -0 0 0 86.07 1.18 21.1 -18.39 28.65 -4.73 0 0 4.06 -5.48 -9.93 0.95 7.12 -0 -0 18.57 -39.27 2.73
10.71 14.98 24.9 -372.04 -99.63 389.5 0 0 0 -20.67 -26.36 -24.26 2.95 10.61 30.98 0.73 -3.73 -15.3 0.36 -3.84 -10.63 0 0 0 -0.08 33.28 -44.01 -11.27 -18.07 63.67 -0.42 -13.16 -23.09 -0.32 3.63 -10.03 -8.19 0.51 -14 -2.81 1.78 -3.1 1.96 0.71 4.38 0.61 -1.52 -16.97 8.73 -6.82 32.79 2.17 -2.08 14.5 0 -0 0 -86.01 3.24 16.9 15.48 -24.82 -3.43 -0 0 -27.59 18.19 1.55 0.51 -7.12 0 -0 -6.71 31.57 2.22 0 -0 0 85.91 -0.69 23.06 -18.06 28.23 -4.58 0 0 4.35 -5.1 -10.16 0.9 7.12 -0 -0 18.96 -39.45 2.71
10.44 15.12 24.75 -371.03 -99.34 388.61 0 0 0 -20.76 -25.69 -20.32 2.15 9.18 26.34 0.65 -2.99 -14.55 0.43 -4.23 -11.72 0 0 0 -3.15 35.61 -44.78 -9.16 -16.91 56.65 0.01 -17.08 -24.08 -0.07 1.75 -4.81 -8.17 0.3 -14.33 -2.52 1.49 -3.38 2.2 0.57 4.29 0.57 -1.45 -17.36 8.4 -6.55 32.68 2.09 -1.99 14.5 -0 -0 0 -84.95 4.79 19.93 16.32 -25.95 -3.79 -0 0 -21.77 15.95 -2.27 -0.65 -7.12 0 -0 -8.17 27.59 3.49 -0 -0 0 85.66 -3.01 23.84 -17.87 27.99 -4.49 0 0 4.28 -5.49 -10.29 0.98 7.12 -0 -0 18.67 -39.61 2.58
10.17 15.24 24.61 -369.78 -98.89 387.9 0 0 0 -20.53 -25.16 -16.92 1.47 7.67 21.73 0.57 -2.48 -13.66 0.47 -4.41 -12.24 0 0 0 -6.31 37.38 -45.95 -7.16 -15.47 49.49 0.06 -16.9 -23.4 -0.01 0.76 -2.09 -7.71 0.17 -15.1 -2.27 1.28 -3.78 2.19 0.47 4.3 0.37 -1.53 -17.7 8.12 -6.44 32.52 2.02 -1.99 14.49 0 -0 0 -83.4 5.77 22.69 16.9 -26.73 -4.04 -0 0 -21.1 18.36 -2 -0.66 -7.12 0 -0 -6.34 27.86 2.66 0 -0 0 85.31 -5.52 23.79 -17.7 27.78 -4.41 0 0 3.45 -6.46 -10.46 1.18 7.12 -0 -0 17.9 -39.85 2.36
9.92 15.31 24.46 -370.7 -98.15 389.23 0 0 0 -20.48 -24.57 -13.67 0.94 6.18 17.3 0.5 -2.45 -12.68 0.5 -4.55 -12.64 0 0 0 -8.9 38.31 -46.88 -5.56 -13.99 43.18 -0.22 -13.74 -21.91 -0.06 1.54 -4.23 -7.41 -0.03 -15.79 -2.05 0.99 -4.06 2.19 0.32 4.41 0.06 -1.61 -18.13 7.89 -6.28 32.25 2.01 -1.97 14.44 0 0 0 -81.78 6.29 24.63 17.37 -27.34 -4.26 -0 0 -23.87 21.88 -0.74 -0.3 -7.12 0 -0 -3.67 29.18 1.42 0 0 0 84.88 -7.73 23.26 -17.34 27.3 -4.24 0 0 1.87 -8 -10.94 1.53 7.12 -0 -0 16.73 -40.45 1.94
9.67 15.33 24.28 -375.57 -97.25 394.35 0 0 0 -20.72 -23.89 -10.52 0.53 4.68 13.01 0.41 -2.79 -11.52 0.61 -5.01 -13.93 0 0 0 -10.67 38.49 -47.43 -4.54 -12.84 38.78 -0.36 -11.62 -20.76 -0.17 2.67 -7.37 -7.57 -0.35 -16.34 -1.91 0.61 -4.23 2.37 0.13 4.55 -0.23 -1.67 -18.46 7.62 -6.06 31.77 1.98 -1.92 14.28 -0 0 0 -80.37 6.62 25.05 17.78 -27.87 -4.44 -0 0 -25.75 25.67 -0.86 -0.41 -7.12 0 -0 -0.7 29.02 0.27 -0 0 0 84.51 -9.41 22.23 -16.5 26.19 -3.86 0 0 0.28 -10.27 -11.79 2.12 7.12 -0 -0 15.02 -41.47 1.34
9.43 15.32 24.07 -382.54 -96.47 401.14 0 0 0 -21 -23.26 -6.98 0.26 3.25 8.98 0.35 -3.03 -10.48 0.68 -5.26 -14.66 0 0 0 -9.98 37.14 -47.04 -4.15 -12.36 37.03 -0.09 -11.19 -17.14 -0.44 4.26 -11.82 -8.04 -0.64 -16.67 -1.73 0.32 -4.27 2.77 -0.02 4.71 -0.63 -1.77 -18.66 7.36 -5.86 31.29 1.97 -1.9 14.1 -0 0 0 -79.14 6.8 24.34 18.22 -28.43 -4.65 -0 0 -28.64 28.64 -1.82 -0.99 -7.12 0 -0 1.59 27.9 -0.66 -0 0 0 84.04 -10.66 21.25 -15.2 24.42 -3.31 0 -0 -0.93 -13 -12.85 2.94 7.12 -0 -0 12.91 -42.78 0.72
9.18 15.3 23.84 -389.17 -95.73 407.34 0 0 0 -20.99 -22.63 -2.48 0.05 1.44 3.96 0.25 -2.71 -8.95 0.82 -5.79 -16.19 0 0 0 -6.73 33.95 -45.95 -4.38 -12.65 38.08 -0.09 -8 -13.11 -0.31 3.6 -9.95 -8.06 -0.68 -16.92 -1.75 0.3 -4.28 2.75 -0.03 4.83 -0.95 -1.94 -18.68 7.28 -5.87 30.87 1.98 -1.95 13.92 -0 -0 0 -77.58 6.74 23.14 18.57 -28.88 -4.82 -0 0 -32.33 30.15 -1.25 -0.72 -7.12 0 -0 2.78 28.53 -1.12 -0 -0 0 84.08 -11.72 19.84 -13.69 22.29 -2.71 0 -0 -0.54 -15.52 -14.1 3.87 7.12 -0 -0 10.99 -44.31 0.19
8.93 15.29 23.59 -394.16 -95.15 411.98 0 0 0 -20.65 -21.95 1.32 0 0 0 0.19 -2.37 -7.77 1.06 -6.55 -18.39 0 0 0 -4.07 32.02 -45.3 -4.68 -13.01 39.41 -0.08 -6.69 -11.38 -0.48 4.45 -12.35 -7.69 -0.52 -17.38 -1.91 0.5 -4.28 2.42 0.06 5.06 -1.19 -2.1 -18.59 7.42 -5.98 30.37 2.06 -2.01 13.7 -0 0 0 -76.05 6.43 21.16 18.58 -28.89 -4.83 -0 0 -34.09 30.95 -0.14 -0.08 -7.12 0 -0 3.45 29.81 -1.28 -0 0 0 84.42 -12.46 18.16 -12.19 20.09 -2.17 0 0 1.8 -16.89 -15.06 4.51 7.12 -0 -0 10 -45.45 -0.11
8.68 15.28 23.35 -392.85 -94.62 410.45 0 0 0 -19.79 -21.62 2.69 0 -0 -0 0.21 -2.08 -8.21 1.37 -7.41 -20.94 0 0 0 -1.79 31.66 -44.52 -4.93 -13.3 40.51 -0.15 -6.09 -11.96 -0.49 4.48 -12.42 -6.78 -0.26 -18.11 -1.91 0.75 -4.21 1.96 0.17 5.52 -1.14 -2.1 -18.61 7.48 -5.9 29.68 2.07 -1.96 13.41 0 -0 0 -75.2 6.23 17.8 18.6 -28.92 -4.84 -0 0 -34.21 31.84 0.28 0.18 -7.12 0 -0 4.17 30.3 -1.5 0 -0 0 84.46 -12.7 16.94 -11.01 18.3 -1.78 0 0 5.11 -16.29 -15.64 4.5 7.12 -0 -0 10.7 -45.96 -0.26
8.44 15.29 23.13 -384.49 -94.27 401.78 0 0 0 -18.77 -20.81 4.12 0 -0 -0 0.21 -1.52 -8.2 1.68 -8.15 -23.19 0 0 0 0.83 31.85 -43.09 -5.02 -13.4 40.9 -0.21 -5.8 -12.73 -0.47 4.38 -12.16 -5.49 0.03 -18.56 -1.69 0.93 -4.19 1.52 0.27 5.8 -0.86 -1.88 -18.55 7.26 -5.44 28.75 2 -1.76 12.96 -0 0 0 -75.29 6.76 13.59 18.98 -29.39 -5.02 -0 0 -34.23 33.38 0.07 0.05 -7.12 0 -0 5.38 30.05 -1.97 -0 0 0 83.94 -12.97 17.47 -10.54 17.58 -1.63 0 0 7.66 -13.69 -15.61 3.75 7.12 -0 -0 13.06 -45.61 -0.2
8.21 15.34 22.92 -377.85 -94.2 394.69 0 0 0 -18.17 -19.99 5.61 0 0 0 0.17 -0.64 -7.55 1.9 -8.66 -24.75 0 0 0 3.29 32.04 -40.93 -4.91 -13.28 40.41 -0.24 -5.89 -13.25 -0.46 4.33 -12 -4.42 0.19 -18.77 -1.42 0.93 -4.15 1.2 0.28 5.97 -0.52 -1.47 -18.4 6.88 -4.66 27.67 1.91 -1.43 12.43 0 -0 0 -76.06 7.78 9.38 19.54 -30.09 -5.3 -0 0 -35.66 34.93 0.34 0.24 -7.12 0 -0 6.61 30.36 -2.38 0 -0 0 83.25 -13.05 18.84 -10.63 17.72 -1.66 0 0 8.93 -12.28 -15.3 3.29 7.12 -0 -0 14.25 -45.13 -0.05
7.99 15.39 22.72 -375.44 -94.05 392.04 0 0 0 -17.73 -19.57 6.77 0 0 0 0.11 0.18 -6.31 2.17 -9.21 -26.46 0 0 0 5.36 32.06 -38.78 -4.71 -13.05 39.55 -0.22 -6.45 -13.5 -0.58 4.87 -13.53 -3.71 0.12 -19.11 -1.09 0.69 -4.17 1.09 0.17 6.15 -0.1 -0.9 -18.33 6.25 -3.64 26.76 1.75 -1.01 11.98 0 0 0 -77.26 8.91 6.04 19.78 -30.38 -5.42 -0 0 -38.53 36 1.29 0.94 -7.12 0 -0 7.54 31.52 -2.5 0 0 0 82.36 -12.88 21.32 -11.08 18.41 -1.8 0 0 8.03 -12.62 -15.09 3.34 7.12 -0 -0 13.88 -44.97 0.01
7.77 15.45 22.51 -373.71 -93.65 390.4 0 0 0 -16.96 -19.57 7.43 0 0 0 0.06 0.53 -4.67 2.43 -9.71 -28.03 0 0 0 7.03 32.24 -37.03 -4.52 -12.82 38.7 -0.21 -7.05 -13.98 -0.54 4.72 -13.12 -2.96 -0.17 -19.67 -0.79 0.14 -4.34 0.86 -0.09 6.29 0.78 -0.1 -18.35 5.37 -2.43 26.24 1.45 -0.48 11.71 -0 -0 0 -78.22 10.14 4.36 19.4 -29.92 -5.23 -0 0 -42.48 36.95 2.39 1.8 -7.12 0 -0 8.4 32.89 -2.52 -0 -0 0 81.58 -12.38 24.72 -11.68 19.33 -2 0 0 5.11 -14.8 -15.15 3.95 7.12 -0 -0 11.93 -45.28 -0.08
7.57 15.5 22.32 -372.75 -93.27 389.77 0 0 0 -16.15 -20.69 4.73 0.09 1.98 5.45 0.09 -0.03 -5.53 2.67 -10.13 -29.41 0 0 0 8.33 32.62 -35.8 -4.39 -12.66 38.12 -0.19 -7.78 -14.47 -0.52 4.64 -12.89 -2.35 -0.37 -20.33 -0.45 -0.28 -4.6 0.77 -0.3 6.37 1.28 0.54 -18.5 4.59 -1.39 26 1.24 -0.06 11.6 -0 0 0 -79.17 10.93 5.1 18.29 -28.53 -4.69 -0 0 -46.31 38.53 2.73 2.17 -7.12 0 -0 9.71 33.36 -2.81 -0 0 0 80.85 -11.57 27.29 -12.32 20.28 -2.21 0 0 2.24 -17.04 -15.17 4.58 7.12 -0 -0 9.89 -45.57 -0.14
7.4 15.52 22.13 -370.9 -93.05 388.21 0 0 0 -15.25 -21.4 2.6 0.29 3.48 9.61 0.1 -1.01 -5.78 2.93 -10.58 -30.89 0 0 0 9.4 33.16 -34.94 -4.36 -12.62 37.97 -0.22 -8.14 -15.21 -0.36 3.87 -10.71 -1.71 -0.41 -20.68 -0.14 -0.5 -4.92 0.68 -0.41 6.21 1.78 1.07 -18.52 3.79 -0.53 25.82 0.99 0.28 11.51 -0 0 0 -79.96 11.34 7.67 16.61 -26.33 -3.91 -0 0 -47.39 39.17 3.77 3.07 -7.12 0 -0 10.36 34.69 -2.66 -0 0 0 80.29 -10.58 29.06 -12.97 21.24 -2.44 0 -0 -0.13 -18.77 -15.31 5.13 7.12 -0 -0 8.33 -45.94 -0.2
7.26 15.51 21.98 -365.5 -93.04 382.88 0 0 0 -14.35 -22.06 0.48 0.63 5.07 14.1 0.12 -2.05 -6.23 3.15 -10.93 -32.06 0 0 0 10.77 33.39 -34.28 -4.39 -12.66 38.12 -0.22 -8.4 -15.52 -0.41 4.11 -11.38 -0.88 -0.37 -20.61 0.24 -0.67 -5.16 0.57 -0.49 5.92 2.37 1.63 -18.55 2.9 0.36 25.66 0.69 0.64 11.45 0 -0 0 -81 11.39 11 14.79 -23.85 -3.14 -0 0 -44.95 38.43 4.8 3.8 -7.12 0 -0 9.86 35.95 -2.22 0 -0 0 79.84 -9.16 30.37 -13.53 22.07 -2.65 0 -0 -1.89 -21.25 -15.78 6.04 7.12 -0 -0 6.13 -46.76 -0.27
7.13 15.48 21.84 -356.39 -93.11 373.64 0 0 0 -13.25 -21.91 -1.97 1.12 6.72 18.89 0.13 -3.79 -6.53 3.26 -11.1 -32.61 0 0 0 12.27 33.41 -33.67 -4.49 -12.78 38.55 -0.33 -7.61 -16.25 -0.22 3.04 -8.4 0.24 -0.27 -20.2 0.66 -0.8 -5.22 0.36 -0.54 5.64 2.92 2.15 -18.76 2.01 1.22 25.43 0.41 0.97 11.41 -0 0 0 -82.42 11.16 14.97 13.48 -21.98 -2.63 -0 0 -40.44 37 4.83 3.63 -7.12 0 -0 8.66 35.91 -1.95 -0 0 0 79.53 -7.27 31.3 -13.95 22.67 -2.81 0 -0 -3.01 -22.42 -15.96 6.47 7.12 -0 -0 5.07 -47.1 -0.26
7.03 15.42 21.7 -342.81 -93.36 359.65 0 0 0 -11.92 -21.55 -4.79 1.9 8.66 24.75 0.13 -5.39 -6.86 3.32 -11.19 -32.92 0 0 0 14.27 33.49 -32.84 -4.63 -12.95 39.18 -0.44 -6.86 -16.94 -0.11 2.16 -5.96 1.67 -0.05 -19.47 1.02 -0.79 -5.04 -0.06 -0.52 5.44 3.55 2.61 -19.1 1.26 1.92 24.98 0.13 1.26 11.32 0 -0 0 -83.75 10.84 19.62 13 -21.29 -2.45 -0 0 -35.24 34.5 4.4 3.02 -7.12 0 -0 6.53 35.25 -1.57 0 -0 0 79.59 -5.03 32.09 -14.24 23.08 -2.92 0 -0 -4.01 -23.13 -16.23 6.81 7.12 -0 -0 4.45 -47.5 -0.27
6.94 15.33 21.57 -329.16 -93.75 345.35 0 0 0 -10.62 -21.96 -7.79 3.09 10.84 31.75 0.12 -5.8 -6.82 3.34 -11.23 -33.07 0 0 0 16.52 33.6 -31.87 -4.8 -13.15 39.95 -0.5 -6.67 -17.48 -0.11 2.1 -5.79 3.12 0.17 -18.48 1.48 -0.76 -4.63 -0.38 -0.48 5.35 4.09 3 -19.48 0.43 2.55 24.2 -0.16 1.51 11.13 -0 -0 0 -85.19 10.43 25.49 13.43 -21.91 -2.61 -0 0 -32.25 32.4 3.49 2.21 -7.12 0 -0 4.75 34.09 -1.28 -0 -0 0 79.59 -2.5 32.92 -14.39 23.29 -2.98 0 -0 -5.07 -23.97 -16.5 7.2 7.12 -0 -0 3.71 -47.91 -0.27
6.87 15.25 21.47 -315.21 -94.18 330.72 0 0 0 -9.12 -22.5 -11.27 4.61 12.93 39.11 0.04 -5.83 -5.21 3.2 -11.01 -32.3 0 0 0 18.87 33.59 -30.65 -4.89 -13.26 40.35 -0.51 -6.99 -17.81 -0.15 2.49 -6.85 4.9 0.34 -17.38 1.82 -0.8 -4.14 -1.03 -0.46 5.26 4.59 3.35 -19.94 -0.14 3.07 23.32 -0.36 1.72 10.92 -0 -0 0 -86.16 9.71 30.41 14.26 -23.11 -2.93 -0 0 -27.45 32.43 3.68 2.34 -7.12 0 -0 4.78 34.31 -1.26 -0 -0 0 79.87 0.11 33.93 -14.33 23.21 -2.96 0 -0 -5.88 -24.19 -16.76 7.38 7.12 -0 -0 3.55 -48.21 -0.28
6.8 15.18 21.38 -306.46 -94.37 321.47 0 0 0 -8.1 -23.85 -14.69 6.21 14.63 45.83 -0.04 -4.63 -1.75 2.75 -10.29 -29.91 0 0 0 20.55 33.34 -29.87 -5.02 -13.4 40.9 -0.5 -7.43 -18.15 -0.24 3.13 -8.64 6.23 0.43 -16.53 1.96 -0.85 -3.71 -1.63 -0.45 5.24 4.9 3.6 -20.38 -0.36 3.39 22.54 -0.44 1.88 10.73 0 -0 0 -86.14 8.54 32.16 14.62 -23.62 -3.07 -0 0 -15.18 33.49 4.83 3.19 -7.12 0 -0 5.71 35.72 -1.31 0 -0 0 80.36 2.7 34.68 -13.93 22.63 -2.8 0 -0 -5.54 -24.5 -16.87 7.53 7.12 -0 -0 3.27 -48.38 -0.27
6.73 15.14 21.28 -304.94 -94.25 319.83 0 0 0 -7.6 -25.61 -18.29 7.67 15.87 51.36 -0.01 -2.73 3.29 1.94 -8.75 -25.01 0 0 0 21.19 33.24 -29.7 -5.17 -13.57 41.53 -0.53 -7.57 -18.56 -0.27 3.31 -9.15 6.77 0.52 -16.2 1.93 -0.8 -3.45 -1.96 -0.4 5.33 5.05 3.75 -20.62 -0.43 3.58 21.97 -0.46 1.97 10.58 -0 0 0 -84.55 7.69 36.08 15.29 -24.55 -3.35 -0 0 -11.23 33.61 2.45 1.63 -7.12 0 -0 5.7 32.88 -1.7 -0 0 0 80.98 4.99 35.18 -13.34 21.78 -2.58 0 -0 -4.25 -24.44 -16.83 7.5 7.12 -0 -0 3.32 -48.33 -0.27
6.63 15.14 21.18 -308.68 -94.39 323.61 0 0 0 -7.11 -26.86 -21.9 8.97 16.79 55.99 0.09 -2.26 6.91 1.14 -6.77 -19.04 0 0 0 21.75 33.54 -29.11 -5.14 -13.53 41.41 -0.52 -7.73 -18.61 -0.28 3.4 -9.41 6.98 0.82 -16.25 1.87 -0.44 -3.32 -2.06 -0.22 5.52 5.08 3.79 -20.72 -0.45 3.64 21.72 -0.46 2 10.51 -0 0 0 -82.72 7.17 39.86 16.48 -26.16 -3.85 -0 0 -15.82 32.14 -2.29 -1.44 -7.12 0 -0 4.26 27.27 -1.84 -0 0 0 81.47 6.61 36.25 -13.01 21.3 -2.46 0 -0 -3.73 -24.96 -17.11 7.8 7.12 -0 -0 2.88 -48.71 -0.26
6.54 15.17 21.1 -312.4 -94.55 327.5 0 0 0 -6.76 -27.76 -25.28 9.96 17.38 59.34 0.01 -3.03 5.05 1.53 -7.8 -22.11 0 0 0 22.14 33.65 -28.48 -5.01 -13.39 40.87 -0.53 -7.55 -18.57 -0.26 3.26 -9 7.18 1.17 -16.31 1.85 -0.02 -3.39 -2.11 -0.01 5.52 5.06 3.78 -20.74 -0.49 3.64 21.78 -0.47 1.99 10.53 -0 0 0 -81.66 6.91 41.17 17.96 -28.1 -4.53 -0 0 -24.26 28.81 -3.6 -1.98 -7.12 0 -0 1.66 25.88 -0.77 -0 0 0 81.68 7.43 38.28 -13.19 21.56 -2.52 0 -0 -4.31 -25.75 -17.83 8.4 7.12 -0 -0 2.25 -49.62 -0.26
6.44 15.21 21.04 -319.41 -94.73 334.72 0 0 0 -7.01 -27.91 -28.06 10.2 17.52 60.16 -0.04 -3.68 1.63 1.55 -7.85 -22.27 0 0 0 22.21 33.78 -27.83 -4.87 -13.24 40.28 -0.56 -7.18 -18.57 -0.23 3.08 -8.5 7.03 1.53 -16.37 1.79 0.47 -3.57 -1.99 0.21 5.4 4.9 3.72 -20.74 -0.37 3.56 22.06 -0.41 1.96 10.63 0 0 0 -81.27 6.92 40.6 19.37 -29.87 -5.21 -0 0 -31.54 26.12 -0.37 -0.18 -7.12 0 -0 -0.35 29.57 0.13 0 0 0 81.65 7.59 40.8 -13.79 22.44 -2.75 0 -0 -5.28 -25.42 -18.04 8.37 7.12 -0 -0 2.62 -49.79 -0.31
6.33 15.25 20.98 -327.01 -94.95 342.67 0 0 0 -7.44 -28.04 -30.14 9.77 17.28 58.71 -0.01 -3.45 -2 2.08 -9.03 -25.87 0 0 0 22.03 34.05 -27.48 -4.81 -13.16 39.98 -0.6 -6.82 -18.74 -0.19 2.79 -7.68 6.67 1.82 -16.57 1.71 0.9 -3.84 -1.78 0.4 5.26 4.86 3.71 -20.73 -0.27 3.53 22.4 -0.37 1.95 10.75 0 0 0 -81.3 7.04 39.23 20.45 -31.18 -5.76 -0 0 -36.9 25.91 2.17 1.05 -7.12 0 -0 -0.54 32.39 0.17 0 0 0 81.45 7.33 43.48 -14.6 23.59 -3.07 0 -0 -5.45 -24.83 -17.31 7.84 7.12 -0 -0 3.05 -48.91 -0.29
6.22 15.27 20.92 -331.79 -95.27 347.84 0 0 0 -7.47 -28.91 -31.5 8.92 16.75 55.81 0.11 -1.48 -5.96 2.72 -10.23 -29.72 0 0 0 21.92 34.43 -27.22 -4.77 -13.12 39.81 -0.68 -6.28 -19.14 -0.09 1.95 -5.38 6.5 2.04 -16.77 1.63 1.21 -4.14 -1.71 0.53 5.06 5.09 3.78 -20.66 -0.32 3.56 22.64 -0.43 1.98 10.83 -0 -0 0 -81.52 7.24 37.65 21.21 -32.08 -6.16 -0 0 -39.57 28.14 1.83 0.98 -7.12 0 -0 1.26 32.05 -0.4 -0 -0 0 81.35 6.75 46.68 -15.66 25.06 -3.5 0 -0 -6.38 -24.35 -16.71 7.41 7.12 -0 -0 3.39 -48.19 -0.27
6.1 15.29 20.88 -333.76 -95.73 350.2 0 0 0 -6.78 -29.76 -32.75 7.9 16.04 52.2 0.2 1.56 -9.09 2.79 -10.35 -30.13 0 0 0 22.17 34.56 -26.77 -4.64 -12.97 39.25 -0.73 -5.82 -19.24 -0.07 1.67 -4.6 6.51 2.18 -16.9 1.65 1.37 -4.43 -1.66 0.59 4.84 5.31 3.96 -20.38 -0.35 3.77 22.56 -0.45 2.09 10.76 0 0 0 -82.08 7.66 35.81 21.72 -32.65 -6.43 -0 0 -39.21 31.7 0.13 0.08 -7.12 0 -0 4.05 30.12 -1.47 0 0 0 81.17 6.08 49.97 -16.78 26.56 -3.99 0 -0 -7.36 -23.79 -16.15 6.99 7.12 -0 -0 3.81 -47.5 -0.24
5.99 15.31 20.85 -334.63 -96.32 351.43 0 0 0 -5.64 -31.15 -33.71 6.86 15.21 48.34 0.2 5.26 -11.94 2.41 -9.67 -27.91 0 0 0 22.56 34.37 -26.24 -4.46 -12.74 38.42 -0.77 -5.1 -19.15 -0.06 1.56 -4.29 6.77 2.28 -16.92 1.65 1.45 -4.65 -1.79 0.61 4.62 5.7 4.25 -20.1 -0.42 4.09 22.27 -0.49 2.26 10.62 0 0 0 -82.75 8.15 33.89 22.07 -33.06 -6.63 -0 0 -38.37 34.89 -1.12 -0.78 -7.12 0 -0 6.46 28.59 -2.6 0 0 0 81.21 5.44 52.54 -17.78 27.88 -4.45 0 -0 -7.61 -23.06 -15.58 6.52 7.12 -0 -0 4.39 -46.79 -0.19
5.87 15.33 20.83 -334.95 -96.9 352.13 0 0 0 -4.37 -32.21 -34.77 5.86 14.29 44.42 0.21 7.15 -14.03 2.01 -8.88 -25.42 0 0 0 22.93 34.53 -25.55 -4.26 -12.5 37.51 -0.75 -5.1 -19 -0.09 1.94 -5.34 7.18 2.35 -16.96 1.58 1.47 -4.76 -2.1 0.62 4.54 6.27 4.63 -19.91 -0.55 4.5 21.83 -0.57 2.48 10.46 0 -0 0 -83.34 8.44 32.48 22.13 -33.13 -6.66 -0 0 -38.49 36.64 -1.3 -0.97 -7.12 0 -0 7.79 28.33 -3.19 0 -0 0 81.56 4.86 53.81 -18.55 28.86 -4.81 0 -0 -6.88 -21.58 -14.6 5.69 7.12 -0 -0 5.57 -45.55 -0.08
5.76 15.34 20.83 -334.42 -97.37 351.94 0 0 0 -3.04 -33.17 -35.77 4.92 13.3 40.49 0.32 6.33 -14.82 1.82 -8.48 -24.18 0 0 0 23.3 34.22 -25.08 -4.1 -12.29 36.76 -0.8 -4.33 -19.05 -0.08 1.84 -5.05 7.7 2.36 -17.01 1.49 1.38 -4.74 -2.5 0.58 4.59 6.93 5.1 -19.86 -0.72 5.01 21.28 -0.67 2.74 10.3 -0 -0 0 -83.66 8.52 32.23 21.68 -32.61 -6.41 -0 0 -39.54 36.48 -0.84 -0.62 -7.12 0 -0 7.72 28.9 -3.05 -0 -0 0 82.03 4.32 54.04 -19.01 29.43 -5.03 0 -0 -5.88 -19.91 -13.45 4.82 7.12 -0 -0 6.87 -44.14 0.15
5.65 15.36 20.84 -333.53 -97.76 351.48 0 0 0 -1.79 -33.88 -36.79 4.07 12.25 36.62 0.41 3.95 -14.14 1.77 -8.37 -23.84 0 0 0 23.58 33.79 -24.77 -3.94 -12.08 36.03 -0.86 -3.49 -19.14 -0.06 1.53 -4.21 8.04 2.26 -17.19 1.51 1.17 -4.7 -2.7 0.48 4.71 7.67 5.69 -19.7 -1.05 5.69 20.59 -0.81 3.08 10.09 -0 -0 0 -83.89 8.47 32.81 20.67 -31.44 -5.88 -0 0 -40.65 34.27 -0.53 -0.36 -7.12 0 -0 6.03 29.32 -2.32 -0 -0 0 82.46 3.73 53.5 -19.05 29.48 -5.05 0 -0 -5.15 -18.76 -12.82 4.31 7.12 -0 -0 7.79 -43.35 0.32
5.53 15.39 20.84 -333.24 -98.15 351.56 0 0 0 -0.9 -34.47 -37.42 3.32 11.19 32.94 0.36 1.93 -12.16 1.63 -8.06 -22.89 0 0 0 23.74 33.46 -24.35 -3.79 -11.87 35.27 -0.93 -2.5 -19.24 -0.02 0.82 -2.26 8.13 2.14 -17.34 1.55 0.97 -4.65 -2.75 0.39 4.83 8.42 6.26 -19.44 -1.38 6.37 19.81 -0.95 3.41 9.83 0 0 0 -83.89 8.32 34.39 19.32 -29.81 -5.19 -0 0 -41.75 31.06 -0.12 -0.07 -7.12 0 -0 3.54 29.83 -1.31 0 0 0 82.92 2.97 51.69 -18.71 29.05 -4.89 0 -0 -4.34 -18.19 -12.63 4.11 7.12 -0 -0 8.26 -43.1 0.39
5.4 15.41 20.86 -333.48 -98.74 352.05 0 0 0 -0.58 -34.58 -37.5 2.72 10.23 29.72 0.19 1.1 -8.8 1.63 -8.04 -22.84 0 0 0 24 33.1 -23.7 -3.62 -11.64 34.48 -0.98 -1.41 -19.28 -0 0.18 -0.51 8 1.99 -17.43 1.67 0.78 -4.58 -2.59 0.29 4.92 9.11 6.86 -19.12 -1.66 7.1 19.18 -1.06 3.77 9.63 0 0 0 -83.85 8.19 36.37 18.04 -28.21 -4.57 -0 0 -43.06 28.31 0.33 0.18 -7.12 0 -0 1.38 30.36 -0.49 0 0 0 83.36 1.96 48.63 -18.09 28.27 -4.59 0 -0 -3.18 -17.97 -12.69 4.08 7.12 -0 -0 8.47 -43.14 0.39
5.26 15.43 20.88 -334.34 -99.54 353.01 0 0 0 -0.97 -34.12 -37.19 2.48 9.8 28.32 0.05 1.61 -5.11 1.07 -6.58 -18.49 0 0 0 24.4 32.43 -22.69 -3.39 -11.3 33.31 -1 -0.4 -19.09 -0 0.36 -0.98 7.71 1.89 -17.52 1.82 0.68 -4.54 -2.29 0.24 5.01 9.65 7.43 -18.75 -1.78 7.8 18.86 -1.09 4.12 9.52 -0 0 0 -83.71 8.3 38.15 17.4 -27.39 -4.27 -0 0 -45.05 28.8 0.42 0.23 -7.12 0 -0 1.77 30.45 -0.63 -0 0 0 83.46 0.57 45.25 -17.52 27.54 -4.32 0 -0 -3.27 -18.2 -13.22 4.3 7.12 -0 -0 8.37 -43.71 0.27
5.1 15.48 20.9 -335.61 -100.76 354.23 0 0 0 -2.02 -32.83 -36.24 2.56 9.94 28.78 0.04 2.32 -5.47 0.6 -4.97 -13.81 0 0 0 24.91 32.07 -20.94 -3.06 -10.79 31.56 -1 0.7 -18.67 -0 0.15 -0.41 7.42 1.95 -17.66 1.86 0.78 -4.49 -2.06 0.29 5.14 10.18 7.98 -18.42 -1.6 8.39 18.95 -1.04 4.45 9.55 -0 -0 0 -83.39 8.57 38.63 17.26 -27.2 -4.2 -0 0 -44.73 30.85 1.15 0.68 -7.12 0 -0 3.42 31.3 -1.15 -0 -0 0 83.68 -1.08 40.53 -16.79 26.58 -3.99 0 -0 -2.51 -18.24 -13.26 4.32 7.12 -0 -0 8.34 -43.76 0.26
4.92 15.52 20.95 -336.92 -101.85 355.71 0 0 0 -2.89 -32.08 -34.81 2.45 9.74 28.15 0.05 2.87 -6.4 0.59 -4.92 -13.68 0 0 0 25.05 31.26 -19.74 -2.77 -10.31 29.98 -1 2.26 -18.31 -0 -0.06 0.16 7.16 1.97 -18.21 1.85 0.79 -4.53 -1.92 0.3 5.39 10.76 8.57 -18.2 -1.32 8.99 19.36 -0.93 4.8 9.71 0 0 0 -83.04 8.89 38.27 17.32 -27.28 -4.23 -0 0 -41.57 31.79 1.74 1.08 -7.12 0 -0 4.19 32.01 -1.34 0 0 0 83.57 -2.89 36.12 -16.23 25.83 -3.74 0 -0 -2.51 -19 -14.08 4.79 7.12 -0 -0 7.84 -44.7 0.06
4.73 15.55 20.99 -338.85 -102.62 357.89 0 0 0 -3.87 -31.45 -33.45 2.25 9.36 26.93 0.05 2.98 -6.43 0.71 -5.39 -15.02 0 0 0 24.72 30.22 -19.14 -2.6 -10.02 29.05 -1.03 4.06 -18.28 -0.01 -0.54 1.48 6.69 1.95 -18.99 1.67 0.78 -4.6 -1.84 0.29 5.73 11.2 9.08 -18.03 -0.87 9.47 19.71 -0.77 5.11 9.84 -0 0 0 -82.47 9.1 37.84 17.47 -27.48 -4.3 -0 0 -37.65 31.18 1.35 0.82 -7.12 0 -0 3.69 31.55 -1.22 -0 0 0 83.43 -4.72 31.33 -15.62 25 -3.48 0 -0 -2.43 -19.95 -14.86 5.32 7.12 -0 -0 7.13 -45.62 -0.11
4.55 15.57 21.02 -342.64 -103.09 361.86 0 0 0 -5.57 -30.28 -32.36 2.07 9.01 25.82 0.07 2.25 -6.27 0.82 -5.79 -16.19 0 0 0 23.85 29.5 -18.92 -2.59 -9.99 28.95 -1.09 5.05 -18.73 -0 -0.38 1.04 5.41 1.77 -19.79 1.42 0.75 -4.66 -1.38 0.27 6.08 11.72 9.49 -17.68 -0.83 9.93 19.79 -0.77 5.37 9.87 -0 -0 0 -81.57 9.35 38.6 17.91 -28.04 -4.51 -0 0 -35.49 29.99 0.68 0.39 -7.12 0 -0 2.72 30.75 -0.95 -0 -0 0 83.01 -6.61 26.71 -15 24.15 -3.23 0 -0 -2.61 -21.49 -15.63 6.05 7.12 -0 -0 5.88 -46.62 -0.24
4.38 15.59 21.03 -346.87 -103.63 366.03 0 0 0 -7.57 -28.78 -30.91 1.85 8.55 24.4 0.08 1.39 -6.06 0.86 -5.91 -16.53 0 0 0 22.91 30.33 -18.03 -2.6 -10.02 29.04 -1.15 4.54 -19.31 -0.01 -0.47 1.3 3.76 1.55 -20.34 1.09 0.8 -4.65 -0.78 0.28 6.37 12.13 9.76 -17.31 -0.79 10.22 19.6 -0.79 5.54 9.77 0 0 0 -80.66 9.32 38.98 18.24 -28.46 -4.66 -0 0 -34.49 28.98 0.26 0.14 -7.12 0 -0 1.91 30.27 -0.69 0 0 0 82.6 -8.42 22.64 -14.29 23.15 -2.94 0 -0 -2.96 -23.8 -16.49 7.14 7.12 -0 -0 3.87 -47.87 -0.27
4.23 15.61 21.05 -350.46 -104.33 369.48 0 0 0 -9.37 -27.83 -29.3 1.66 8.11 23.05 0.08 1.38 -6.05 0.8 -5.72 -15.98 0 0 0 22.11 31.55 -16.89 -2.6 -10.01 29.01 -1.19 3.54 -19.72 -0 -0.24 0.66 2.32 1.41 -20.66 0.74 0.93 -4.61 -0.3 0.32 6.56 12.47 9.93 -16.97 -0.77 10.4 19.38 -0.83 5.64 9.67 0 0 0 -79.87 9.11 38.93 18.45 -28.73 -4.76 -0 0 -34.98 28.86 0.31 0.17 -7.12 0 -0 1.82 30.33 -0.65 0 0 0 82.1 -9.95 18.98 -13.32 21.76 -2.57 0 -0 -2.75 -25.63 -17.13 8.04 7.12 -0 -0 2.23 -48.84 -0.21
4.09 15.63 21.09 -353.31 -104.94 372.05 0 0 0 -11.05 -27.37 -27.64 1.51 7.76 21.98 0.08 1.73 -6.21 0.75 -5.52 -15.4 0 0 0 21.52 32.34 -15.77 -2.6 -10.02 29.05 -1.21 2.57 -20.11 -0.01 0.48 -1.32 1.3 1.3 -20.79 0.34 1.04 -4.52 -0.12 0.37 6.72 12.62 10 -16.73 -0.64 10.46 19.24 -0.81 5.69 9.58 0 0 0 -79.2 8.76 38.6 18.51 -28.8 -4.79 -0 0 -36.09 29.68 0.52 0.29 -7.12 0 -0 2.47 30.57 -0.87 0 0 0 81.52 -10.96 15.66 -12.08 19.93 -2.13 0 -0 -1.52 -26.17 -18.01 8.64 7.12 -0 -0 1.88 -49.88 -0.23
3.94 15.63 21.13 -355.79 -105.41 374.18 0 0 0 -12.57 -27.33 -25.95 1.39 7.46 21.1 0.07 2.26 -6.46 0.68 -5.27 -14.68 0 0 0 21.02 32.63 -14.82 -2.64 -10.08 29.24 -1.24 1.75 -20.55 -0.05 1.43 -3.94 0.5 1.17 -21 -0.13 1.09 -4.37 -0.15 0.39 6.98 12.76 10.04 -16.54 -0.38 10.43 19.15 -0.75 5.72 9.51 -0 0 0 -78.51 8.29 38.12 18.42 -28.69 -4.75 -0 0 -37.18 31.02 0.72 0.43 -7.12 0 -0 3.54 30.81 -1.23 -0 0 0 81.13 -11.56 12.74 -10.78 17.94 -1.71 0 0 0.89 -26.55 -19.05 9.26 7.12 -0 -0 1.71 -51.08 -0.26
3.8 15.63 21.16 -358.01 -105.73 376.04 0 0 0 -14.12 -26.78 -24.47 1.28 7.16 20.19 0.08 2.03 -6.5 0.62 -5.03 -14 0 0 0 20.58 32.79 -13.86 -2.67 -10.14 29.42 -1.28 1.2 -21.06 -0.08 1.86 -5.12 -0.32 0.99 -21.28 -0.6 1.08 -4.18 -0.19 0.37 7.33 12.86 10.02 -16.33 -0.04 10.32 19.02 -0.68 5.7 9.41 -0 0 0 -77.92 7.62 37.5 18.12 -28.31 -4.61 -0 0 -37.76 32.25 0.82 0.52 -7.12 0 -0 4.52 30.93 -1.56 -0 0 0 80.88 -11.98 10.88 -9.79 16.41 -1.41 0 0 3.5 -26.62 -20.28 9.86 7.12 -0 -0 1.92 -52.43 -0.35
3.67 15.62 21.19 -359.13 -105.86 376.79 0 0 0 -15.3 -25.9 -23.44 1.22 7.01 19.75 0.1 1.23 -6.61 0.55 -4.77 -13.26 0 0 0 20.53 32.87 -12.7 -2.65 -10.11 29.33 -1.32 0.77 -21.51 -0.09 1.98 -5.46 -0.92 0.83 -21.43 -0.95 1.05 -3.99 -0.23 0.35 7.62 12.82 9.94 -16.17 0.32 10.15 18.94 -0.59 5.66 9.32 -0 0 0 -77.49 6.75 36.99 17.63 -27.68 -4.38 -0 0 -37.94 33.23 0.8 0.52 -7.12 0 -0 5.3 30.91 -1.83 -0 0 0 80.74 -12.47 10.8 -9.34 15.7 -1.29 0 0 5.15 -26.46 -21.29 10.24 7.12 -0 -0 2.34 -53.48 -0.49
3.55 15.61 21.22 -359.18 -105.85 376.44 0 0 0 -16.09 -25.09 -22.81 1.25 7.08 19.96 0.13 0.33 -6.97 0.51 -4.59 -12.75 0 0 0 20.94 33.39 -11.05 -2.58 -9.99 28.95 -1.33 -0.29 -21.93 -0.11 2.15 -5.91 -1.24 0.73 -21.45 -1.18 1.02 -3.78 -0.31 0.34 7.86 12.8 9.84 -16.16 0.54 9.96 19.01 -0.54 5.59 9.32 0 -0 0 -77.24 5.71 36.75 16.99 -26.84 -4.08 -0 0 -37.85 34.02 0.84 0.56 -7.12 0 -0 5.93 30.96 -2.04 0 -0 0 80.71 -12.93 12.41 -9.32 15.67 -1.29 0 0 5.43 -25.87 -21.51 10.08 7.12 -0 -0 3.01 -53.61 -0.64
3.44 15.6 21.25 -359.35 -105.93 376.27 0 0 0 -16.86 -24.49 -22.06 1.25 7.08 19.95 0.15 -0.2 -7.27 0.48 -4.44 -12.31 0 0 0 21 32.75 -10.14 -2.52 -9.88 28.6 -1.4 0.34 -22.25 -0.08 1.81 -4.97 -1.62 0.66 -21.51 -1.35 1.04 -3.61 -0.27 0.34 8.07 12.73 9.75 -16.13 0.64 9.83 19.14 -0.52 5.53 9.35 0 0 0 -77.24 4.69 36.71 16.31 -25.94 -3.78 -0 0 -37.41 34.52 0.95 0.65 -7.12 0 -0 6.34 31.09 -2.16 0 0 0 80.83 -13.19 14.52 -9.54 16.02 -1.35 0 0 5.23 -25.24 -20.85 9.52 7.12 -0 -0 3.48 -52.78 -0.67
3.33 15.59 21.29 -360.28 -106.11 377.06 0 0 0 -17.72 -24.01 -21.37 1.2 6.96 19.61 0.16 -0.52 -7.4 0.43 -4.23 -11.71 0 0 0 20.71 32.26 -9.67 -2.51 -9.85 28.5 -1.45 0.58 -22.6 -0.1 2.05 -5.66 -2.32 0.55 -21.69 -1.51 1.08 -3.57 -0.04 0.34 8.2 12.64 9.69 -16.03 0.73 9.76 19.3 -0.48 5.51 9.37 -0 -0 0 -77.49 3.89 36.43 15.73 -25.16 -3.53 -0 0 -36.46 34.63 1.11 0.77 -7.12 0 -0 6.43 31.29 -2.17 -0 -0 0 81.23 -13.09 16.04 -9.83 16.48 -1.43 0 0 5.19 -24.5 -19.76 8.76 7.12 -0 -0 3.94 -51.48 -0.63
3.23 15.59 21.32 -361.45 -106.41 378.19 0 0 0 -18.6 -23.6 -20.69 1.15 6.8 19.14 0.17 -0.66 -7.53 0.39 -4.03 -11.15 0 0 0 20.28 32.22 -9.28 -2.52 -9.88 28.58 -1.5 0.59 -23.02 -0.11 2.17 -5.97 -3.06 0.51 -21.97 -1.73 1.21 -3.64 0.19 0.38 8.26 12.58 9.67 -15.93 0.89 9.72 19.6 -0.42 5.5 9.45 0 0 0 -77.93 3.43 35.93 15.38 -24.67 -3.38 -0 0 -35.61 34.36 1.13 0.77 -7.12 0 -0 6.22 31.32 -2.09 0 0 0 82.07 -12.55 16.32 -10.1 16.9 -1.5 0 0 5.51 -23.32 -18.52 7.8 7.12 -0 -0 4.8 -49.96 -0.59
3.12 15.58 21.34 -362.22 -106.86 378.92 0 0 0 -19.33 -23.27 -20.08 1.12 6.71 18.86 0.18 -0.6 -7.78 0.36 -3.85 -10.65 0 0 0 19.96 32.29 -8.87 -2.53 -9.9 28.64 -1.55 0.59 -23.38 -0.13 2.31 -6.36 -3.63 0.54 -22.28 -1.97 1.4 -3.77 0.3 0.44 8.27 12.56 9.74 -15.85 1.09 9.76 20.01 -0.34 5.55 9.57 -0 -0 0 -78.18 3.51 36.18 15.49 -24.83 -3.43 -0 0 -36.08 34.13 1.16 0.79 -7.12 0 -0 6.03 31.35 -2.02 -0 -0 0 83.3 -11.59 15.65 -10.4 17.36 -1.59 0 0 6.02 -21.23 -17.52 6.67 7.12 -0 -0 6.57 -48.58 -0.58
3.03 15.58 21.37 -362.88 -107.43 379.62 0 0 0 -20.03 -22.64 -19.61 1.07 6.58 18.46 0.18 -0.75 -7.87 0.34 -3.73 -10.32 0 0 0 19.53 32.93 -8.49 -2.58 -9.98 28.9 -1.63 1.18 -23.81 -0.03 1.12 -3.09 -4.12 0.66 -22.48 -2.27 1.65 -4.02 0.32 0.55 8.08 12.74 9.89 -15.77 1.13 9.91 20.44 -0.32 5.64 9.73 -0 -0 0 -78.47 3.82 36.45 15.76 -25.19 -3.54 -0 0 -36.69 33.83 1.28 0.85 -7.12 0 -0 5.81 31.48 -1.93 -0 -0 0 84.97 -10.37 13.94 -10.92 18.17 -1.75 0 0 6.54 -18.24 -16.93 5.48 7.12 -0 -0 9.25 -47.53 -0.58
2.94 15.58 21.39 -363.63 -108.08 380.53 0 0 0 -20.69 -22.02 -19.42 1.03 6.47 18.15 0.19 -0.94 -7.93 0.31 -3.58 -9.89 0 0 0 18.95 33.44 -8.51 -2.64 -10.09 29.25 -1.69 1.48 -24.15 -0.02 0.82 -2.24 -4.58 0.77 -22.63 -2.57 1.88 -4.37 0.33 0.64 7.75 12.94 10.11 -15.71 1.02 10.2 20.76 -0.34 5.79 9.87 -0 -0 0 -78.79 4.42 36.57 16.2 -25.8 -3.73 -0 0 -37.12 32.99 1.17 0.76 -7.12 0 -0 5.13 31.34 -1.72 -0 -0 0 86.58 -9.28 13.42 -12.16 20.04 -2.16 0 0 4.73 -15.13 -17.88 4.75 7.12 -0 -0 12.45 -48.06 -0.95
2.86 15.57 21.43 -364.42 -108.67 381.39 0 0 0 -21.41 -21.56 -19.19 1.01 6.41 17.98 0.2 -1.08 -8.06 0.29 -3.45 -9.53 0 0 0 18.4 33.84 -8.46 -2.71 -10.2 29.64 -1.74 1.48 -24.54 -0.02 0.95 -2.62 -4.98 0.88 -22.72 -2.8 2.1 -4.66 0.36 0.73 7.46 12.92 10.34 -15.7 0.83 10.57 20.9 -0.34 5.94 9.95 0 0 0 -79.3 5.09 36.6 16.68 -26.43 -3.94 -0 0 -37.39 32.43 0.98 0.62 -7.12 0 -0 4.67 31.12 -1.59 0 0 0 87.74 -8.74 15.62 -14.68 23.69 -3.09 0 0 0.31 -12.58 -20.39 4.45 7.12 -0 -0 15.79 -50.16 -2.05
2.77 15.55 21.46 -365.05 -109.08 381.98 0 0 0 -22.09 -21.17 -18.95 1.02 6.43 18.03 0.21 -1.37 -8.24 0.26 -3.25 -8.98 0 0 0 18.05 34.21 -8.18 -2.77 -10.32 30 -1.8 1.34 -25 -0.02 1.02 -2.8 -5.24 0.95 -22.71 -2.97 2.23 -4.85 0.36 0.79 7.24 12.78 10.55 -15.74 0.46 11 20.88 -0.38 6.09 9.98 0 0 0 -79.8 5.75 36.74 17.1 -27 -4.13 -0 0 -37.73 32.16 0.94 0.59 -7.12 0 -0 4.46 31.07 -1.52 0 0 0 88.45 -8.69 19.04 -18.55 28.86 -4.81 0 -0 -3.36 -10.65 -22.25 4.07 7.12 -0 -0 18.45 -51.64 -3.1
2.7 15.53 21.49 -365.64 -109.24 382.35 0 0 0 -22.74 -20.75 -18.77 1.06 6.56 18.41 0.22 -1.99 -8.41 0.23 -3.11 -8.57 0 0 0 18.02 34.56 -7.56 -2.84 -10.42 30.36 -1.85 0.83 -25.51 -0.03 1.18 -3.25 -5.5 0.97 -22.59 -3.08 2.3 -4.91 0.41 0.82 7.1 12.65 10.72 -15.86 -0.16 11.44 20.77 -0.5 6.22 10.02 0 0 0 -80.3 6.12 36.74 17.24 -27.17 -4.19 -0 0 -37.66 31.42 0.93 0.57 -7.12 0 -0 3.86 31.05 -1.32 0 0 0 88.61 -8.78 22.94 -23.26 34.37 -7.28 0 -0 -5.25 -10.54 -21.71 3.94 7.12 -0 -0 18.3 -51.1 -2.83
2.63 15.5 21.52 -366.16 -109.11 382.65 0 0 0 -23.24 -20.75 -18.72 1.14 6.78 19.07 0.23 -2.54 -8.57 0.2 -2.85 -7.86 0 0 0 18.02 34.66 -7.09 -2.91 -10.55 30.79 -1.9 0.46 -25.98 -0.04 1.3 -3.58 -5.61 0.98 -22.34 -3.21 2.32 -4.94 0.33 0.83 6.94 12.6 10.81 -16.05 -0.87 11.74 20.67 -0.68 6.28 10.07 -0 -0 0 -80.53 6.21 36.8 17.11 -27.01 -4.14 -0 0 -36.94 29.36 1.41 0.79 -7.12 0 -0 2.23 31.59 -0.73 -0 -0 0 88.28 -8.69 26.84 -28.14 39.24 -10.21 0 -0 -5.75 -12.55 -19.5 4.25 7.12 -0 -0 15.46 -49.28 -1.67
2.57 15.47 21.58 -366.39 -108.77 382.81 0 0 0 -23.5 -21.24 -18.97 1.25 7.09 19.97 0.24 -2.86 -8.71 0.17 -2.65 -7.31 0 0 0 17.85 34.37 -7.23 -3.02 -10.73 31.38 -1.95 0.6 -26.28 -0.04 1.32 -3.63 -5.45 1.03 -22.07 -3.31 2.34 -5.02 0.13 0.85 6.72 12.36 10.77 -16.28 -1.42 11.87 20.58 -0.81 6.25 10.1 -0 0 0 -80.44 6.08 37.22 16.9 -26.72 -4.04 -0 0 -36.38 26.06 2.32 1.13 -7.12 0 -0 -0.43 32.56 0.13 -0 0 0 87.51 -8.35 30.54 -32.61 43.03 -13.15 0 -0 -6.02 -17.36 -16.95 5.21 7.12 -0 -0 10.08 -47.43 -0.61
2.52 15.45 21.63 -366.25 -108.27 382.7 0 0 0 -23.54 -22.13 -19.37 1.4 7.48 21.15 0.26 -2.87 -8.98 0.16 -2.57 -7.09 0 0 0 17.77 33.89 -7.62 -3.15 -10.93 32.06 -1.98 0.68 -26.47 -0.06 1.59 -4.36 -5.16 1.14 -21.84 -3.42 2.4 -5.13 -0.14 0.89 6.5 12.01 10.6 -16.61 -1.6 11.73 20.59 -0.83 6.14 10.14 -0 -0 0 -79.96 5.8 38.29 16.69 -26.45 -3.95 -0 0 -36.12 24.16 2.93 1.31 -7.12 0 -0 -1.99 33.19 0.58 -0 -0 0 86.53 -7.72 33.87 -36.21 45.66 -15.68 0 -0 -6.9 -22.33 -15.26 6.17 7.12 -0 -0 5.01 -46.35 -0.17
2.47 15.41 21.69 -366.31 -107.61 382.81 0 0 0 -23.61 -22.92 -19.91 1.56 7.88 22.36 0.27 -3.16 -9.22 0.14 -2.37 -6.53 0 0 0 17.65 33.28 -8.22 -3.32 -11.2 32.96 -2 0.67 -26.61 -0.08 1.85 -5.09 -4.98 1.22 -21.63 -3.57 2.46 -5.23 -0.4 0.92 6.29 11.63 10.32 -16.98 -1.55 11.39 20.63 -0.79 5.96 10.17 0 0 0 -79.31 5.5 39.37 16.54 -26.25 -3.88 -0 0 -35.22 24.62 2.55 1.17 -7.12 0 -0 -1.6 32.78 0.48 0 0 0 85.56 -6.83 36.55 -38.62 47.23 -17.42 0 -0 -8.3 -25.24 -14.55 6.75 7.12 -0 -0 2.15 -45.98 -0.05
2.43 15.38 21.74 -366.4 -106.82 382.99 0 0 0 -23.59 -23.72 -20.55 1.74 8.3 23.64 0.28 -3.56 -9.43 0.16 -2.55 -7.04 0 0 0 17.54 32.24 -9.21 -3.56 -11.55 34.17 -2.02 0.75 -26.67 -0.11 2.18 -5.99 -5.02 1.27 -21.46 -3.72 2.51 -5.32 -0.52 0.95 6.11 11.22 9.97 -17.43 -1.3 10.9 20.69 -0.7 5.73 10.2 -0 -0 0 -78.77 5.19 39.58 16.43 -26.1 -3.83 -0 0 -33.35 26.4 1.8 0.89 -7.12 0 -0 -0.15 31.99 0.05 -0 -0 0 84.76 -5.73 38.32 -39.46 47.74 -18.04 0 -0 -9.26 -24.9 -14.38 6.58 7.12 -0 -0 2.44 -45.75 -0.05
2.4 15.34 21.76 -366.18 -106.11 382.74 0 0 0 -23.48 -24.32 -21.15 1.95 8.76 25.05 0.31 -4.01 -9.84 0.17 -2.67 -7.37 0 0 0 17.64 31.11 -10.36 -3.9 -12.02 35.81 -2.02 1.1 -26.59 -0.13 2.37 -6.52 -5.47 1.33 -21.21 -3.78 2.68 -5.34 -0.3 1.04 5.93 10.76 9.52 -17.94 -0.95 10.25 20.74 -0.59 5.43 10.22 -0 0 0 -78.31 4.92 39.4 16.47 -26.15 -3.85 -0 0 -31.99 28.94 0.97 0.54 -7.12 0 -0 1.89 31.09 -0.64 -0 0 0 84.12 -4.58 39.48 -38.72 47.29 -17.49 0 -0 -10.2 -23.29 -14.3 6.07 7.12 -0 -0 3.93 -45.45 -0.04
2.38 15.3 21.79 -366.14 -105.11 382.62 0 0 0 -23.33 -25.12 -21.76 2.18 9.24 26.54 0.33 -4.53 -10.23 0.16 -2.56 -7.07 0 0 0 17.64 29.53 -12.23 -4.43 -12.72 38.32 -1.99 1.8 -26.18 -0.2 2.88 -7.95 -5.98 1.37 -20.73 -3.87 2.82 -5.31 -0.09 1.11 5.69 10.22 8.97 -18.54 -0.52 9.46 20.68 -0.46 5.07 10.21 -0 -0 0 -78.01 4.55 38.75 16.62 -26.36 -3.92 -0 0 -32.23 31.01 0.25 0.15 -7.12 0 -0 3.51 30.26 -1.26 -0 -0 0 83.85 -3.44 40.08 -36.48 45.84 -15.87 0 -0 -10.84 -22.14 -14.12 5.67 7.12 -0 -0 4.96 -45.11 -0.01
2.38 15.25 21.81 -366.85 -103.93 383.16 0 0 0 -23.37 -25.85 -22.28 2.4 9.65 27.84 0.34 -5.27 -10.48 0.13 -2.36 -6.51 0 0 0 17.28 27.74 -15.07 -5.33 -13.75 42.24 -1.87 3.14 -25.08 -0.35 3.8 -10.52 -6.72 1.36 -20 -4.04 2.92 -5.2 0.16 1.17 5.39 9.58 8.37 -19.28 -0.03 8.62 20.44 -0.31 4.69 10.15 0 -0 0 -77.85 4.04 37.65 16.89 -26.71 -4.04 -0 0 -33.39 32.31 0.07 0.04 -7.12 0 -0 4.53 30.05 -1.66 0 -0 0 83.92 -2.3 39.85 -33.1 43.41 -13.49 0 -0 -10.1 -19.31 -13.36 4.63 7.12 -0 -0 7.4 -43.98 0.19
2.38 15.19 21.83 -368.29 -102.8 384.32 0 0 0 -23.61 -26.37 -22.69 2.6 10.01 29.02 0.35 -6.11 -10.76 0.1 -2.08 -5.74 0 0 0 16.52 25.95 -19.06 -6.74 -15.11 47.88 -1.58 5.27 -22.63 -0.67 5.25 -14.61 -7.88 1.3 -19.05 -4.19 3.03 -4.96 0.65 1.23 5.09 8.89 7.75 -20.22 0.46 7.76 20.09 -0.14 4.29 10.1 0 0 0 -77.61 3.59 36.62 17.47 -27.47 -4.3 -0 0 -35.31 32.66 0.33 0.21 -7.12 0 -0 4.82 30.36 -1.73 0 0 0 84.26 -1.25 38.77 -29.22 40.22 -10.9 0 -0 -8.29 -17.12 -12.75 3.89 7.12 -0 -0 9.24 -43.11 0.44
2.39 15.14 21.84 -370.93 -101.76 386.57 0 0 0 -24.15 -26.59 -22.75 2.72 10.23 29.72 0.35 -7.06 -10.91 0.06 -1.63 -4.47 0 0 0 15.22 24.47 -23.91 -8.63 -16.56 54.8 -1.02 8.15 -18.12 -0.87 5.96 -16.67 -9.47 1.25 -17.84 -4.28 3.17 -4.64 1.44 1.31 4.67 7.92 7.05 -21.26 1.01 6.87 19.68 0.09 3.87 10.03 -0 -0 0 -77.45 3.27 35.81 18.26 -28.49 -4.67 -0 0 -37.16 32.44 0.71 0.45 -7.12 0 -0 4.67 30.8 -1.62 -0 -0 0 84.67 -0.51 36.79 -25.42 36.63 -8.54 0 -0 -5.83 -15.6 -12.59 3.48 7.12 -0 -0 10.55 -42.79 0.58
2.41 15.08 21.86 -377.04 -100.42 392.34 0 0 0 -25.19 -27.11 -22.34 2.69 10.17 29.53 0.3 -8.07 -10.55 0.04 -1.34 -3.68 0 0 0 13.03 23.21 -29.3 -10.72 -17.79 61.86 -0.35 10.09 -11.81 -0.77 5.59 -15.6 -11.06 1.24 -16.41 -4.57 3.3 -4.36 1.98 1.39 4.12 6.51 6.11 -22.26 1.7 5.78 19.26 0.41 3.34 9.95 0 -0 0 -77.21 2.97 35.5 19.12 -29.57 -5.09 -0 0 -38.38 31.88 0.94 0.58 -7.12 0 -0 4.23 31.07 -1.44 0 -0 0 85.18 -0.3 33.8 -22.04 33.03 -6.61 0 -0 -3.02 -16.02 -13.28 3.77 7.12 -0 -0 10.34 -43.53 0.38
2.41 15.04 21.88 -385.72 -99.31 400.68 0 0 0 -26.48 -27.21 -21.65 2.57 9.96 28.84 0.22 -9.47 -9.95 0.01 -0.73 -2.01 0 0 0 10.53 22.64 -34.09 -12.53 -18.6 67.65 -0 9.77 -6.91 -0.8 5.69 -15.89 -12.74 1.3 -15.05 -4.85 3.48 -4.03 2.59 1.49 3.62 4.89 5.05 -23.18 2.26 4.68 19 0.71 2.79 9.93 -0 0 0 -77.01 2.62 35.12 19.8 -30.4 -5.43 -0 0 -38.24 31.13 0.9 0.54 -7.12 0 -0 3.63 31.02 -1.24 -0 0 0 85.66 -0.56 30.78 -19.29 29.77 -5.17 0 -0 -1.3 -16.64 -14.13 4.17 7.12 -0 -0 9.99 -44.47 0.13
2.39 15 21.89 -395.95 -97.91 410.73 0 0 0 -27.22 -28.37 -20.88 2.5 9.83 28.44 0.17 -10.08 -9.59 0 -0.39 -1.07 0 0 0 8.53 22.24 -38.12 -13.76 -19.04 71.47 -0.11 8.87 -8.09 -1.07 6.58 -18.46 -13.62 1.42 -14.02 -5.14 3.65 -3.65 2.74 1.58 3.4 3.33 3.93 -24.06 2.73 3.52 18.96 0.97 2.2 10.01 0 -0 0 -76.66 2.05 34.59 20.11 -30.77 -5.59 -0 0 -37.17 30.77 0.56 0.33 -7.12 0 -0 3.33 30.62 -1.17 0 -0 0 86.12 -1.19 28.2 -17.05 26.93 -4.11 0 -0 -0.32 -16.42 -14.44 4.2 7.12 -0 -0 10.27 -44.76 0.06
2.36 14.99 21.89 -406.57 -96.2 421.25 0 0 0 -27.07 -30.12 -20.13 2.52 9.87 28.57 0.17 -10.18 -9.58 0 0 0.01 0 0 0 7.62 22.18 -41.11 -14.2 -19.17 72.8 -0.46 5.52 -12.14 -1.2 6.96 -19.61 -13.57 1.55 -13.42 -5.37 3.81 -3.12 2.49 1.64 3.65 2.3 2.97 -24.91 3.07 2.46 18.88 1.1 1.68 10.11 0 -0 0 -76.05 1.33 33.27 20.11 -30.77 -5.59 -0 0 -35.62 30.51 0.17 0.1 -7.12 0 -0 3.12 30.16 -1.13 0 -0 0 86.67 -1.88 26.55 -15.24 24.48 -3.32 0 0 0.48 -15.49 -14.45 3.96 7.12 -0 -0 11.11 -44.66 0.09
