HIERARCHY
ROOT Hips
{
	OFFSET 0.00000 0.00000 0.00000
	CHANNELS 6 Xposition Yposition Zposition Zrotation Yrotation Xrotation 
	JOINT LHipJoint
	{
		OFFSET 0 0 0
		CHANNELS 3 Zrotation Yrotation Xrotation
		JOINT LeftUpLeg
		{
			OFFSET 2.36090 -1.39315 1.24752
			CHANNELS 3 Zrotation Yrotation Xrotation
			JOINT LeftLeg
			{
				OFFSET 2.06810 -5.68207 0.00000
				CHANNELS 3 Zrotation Yrotation Xrotation
				JOINT LeftFoot
				{
					OFFSET 2.46631 -6.77613 0.00000
					CHANNELS 3 Zrotation Yrotation Xrotation
					JOINT LeftToeBase
					{
						OFFSET 0.26031 -0.71520 1.99545
						CHANNELS 3 Zrotation Yrotation Xrotation
						End Site
						{
							OFFSET 0.00000 -0.00000 1.05957
						}
					}
				}
			}
		}
	}
	JOINT RHipJoint
	{
		OFFSET 0 0 0
		CHANNELS 3 Zrotation Yrotation Xrotation
		JOINT RightUpLeg
		{
			OFFSET -2.25243 -1.39315 1.24752
			CHANNELS 3 Zrotation Yrotation Xrotation
			JOINT RightLeg
			{
				OFFSET -2.17343 -5.97145 0.00000
				CHANNELS 3 Zrotation Yrotation Xrotation
				JOINT RightFoot
				{
					OFFSET -2.52372 -6.93386 0.00000
					CHANNELS 3 Zrotation Yrotation Xrotation
					JOINT RightToeBase
					{
						OFFSET -0.22538 -0.61923 2.11447
						CHANNELS 3 Zrotation Yrotation Xrotation
						End Site
						{
							OFFSET -0.00000 -0.00000 1.10506
						}
					}
				}
			}
		}
	}
	JOINT LowerBack
	{
		OFFSET 0 0 0
		CHANNELS 3 Zrotation Yrotation Xrotation
		JOINT Spine
		{
			OFFSET 0.01594 2.13103 0.08007
			CHANNELS 3 Zrotation Yrotation Xrotation
			JOINT Spine1
			{
				OFFSET 0.01393 2.09723 0.18338
				CHANNELS 3 Zrotation Yrotation Xrotation
				JOINT Neck
				{
					OFFSET 0 0 0
					CHANNELS 3 Zrotation Yrotation Xrotation
					JOINT Neck1
					{
						OFFSET 0.05351 1.38915 0.32494
						CHANNELS 3 Zrotation Yrotation Xrotation
						JOINT Head
						{
							OFFSET 0.00711 1.45992 -0.21666
							CHANNELS 3 Zrotation Yrotation Xrotation
							End Site
							{
								OFFSET -0.00433 1.47702 -0.11056
							}
						}
					}
				}
				JOINT LeftShoulder
				{
					OFFSET 0 0 0
					CHANNELS 3 Zrotation Yrotation Xrotation
					JOINT LeftArm
					{
						OFFSET 2.87198 0.92249 0.11132
						CHANNELS 3 Zrotation Yrotation Xrotation
						JOINT LeftForeArm
						{
							OFFSET 5.52731 -0.00000 0.00000
							CHANNELS 3 Zrotation Yrotation Xrotation
							JOINT LeftHand
							{
								OFFSET 3.11059 -0.00000 0.00000
								CHANNELS 3 Zrotation Yrotation Xrotation
								JOINT LeftFingerBase
								{
									OFFSET 0 0 0
									CHANNELS 3 Zrotation Yrotation Xrotation
									JOINT LeftHandIndex1
									{
										OFFSET 0.41963 -0.00000 0.00000
										CHANNELS 3 Zrotation Yrotation Xrotation
										End Site
										{
											OFFSET 0.33831 -0.00000 0.00000
										}
									}
								}
								JOINT LThumb
								{
									OFFSET 0 0 0
									CHANNELS 3 Zrotation Yrotation Xrotation
									End Site
									{
										OFFSET 0.34348 -0.00000 0.34348
									}
								}
							}
						}
					}
				}
				JOINT RightShoulder
				{
					OFFSET 0 0 0
					CHANNELS 3 Zrotation Yrotation Xrotation
					JOINT RightArm
					{
						OFFSET -2.94710 0.68072 0.32187
						CHANNELS 3 Zrotation Yrotation Xrotation
						JOINT RightForeArm
						{
							OFFSET -5.25396 -0.00000 -0.00000
							CHANNELS 3 Zrotation Yrotation Xrotation
							JOINT RightHand
							{
								OFFSET -3.10567 -0.00000 0.00000
								CHANNELS 3 Zrotation Yrotation Xrotation
								JOINT RightFingerBase
								{
									OFFSET 0 0 0
									CHANNELS 3 Zrotation Yrotation Xrotation
									JOINT RightHandIndex1
									{
										OFFSET -0.49868 -0.00000 0.00000
										CHANNELS 3 Zrotation Yrotation Xrotation
										End Site
										{
											OFFSET -0.40204 -0.00000 0.00000
										}
									}
								}
								JOINT RThumb
								{
									OFFSET 0 0 0
									CHANNELS 3 Zrotation Yrotation Xrotation
									End Site
									{
										OFFSET -0.40818 -0.00000 0.40818
									}
								}
							}
						}
					}
				}
			}
		}
	}
}
MOTION
Frames: 476
Frame Time: 0.0333332
5.68 15.59 28.43 -65.77 -88.68 80.16 0 0 0 -19.66 -20.41 -9.82 0.19 2.84 7.83 -0.2 8.72 -7.23 0.16 -2.54 -7 0 0 0 20.44 30.45 -19.2 -2.97 -10.65 31.12 -0.33 -11.45 -20.24 -0.01 -0.63 1.72 0.09 0.2 -21.78 0.76 -0.15 -4.79 0.72 -0.21 6.93 4.91 4.24 -18.62 -0.43 4.33 25.19 -0.34 2.28 11.41 -0 0 0 -83.83 8.35 39.94 16.68 -26.43 -3.94 -0 0 -37.79 27.39 0.3 0.15 -7.12 0 -0 0.65 30.32 -0.23 -0 0 0 82.25 -5.2 47.65 -14.63 23.63 -3.08 0 -0 -8.17 -15.87 -17.9 4.99 7.12 -0 -0 11.76 -48.18 -0.94
5.67 15.59 28.42 -71.4 -88.73 85.71 0 0 0 -19.7 -20.24 -9.74 0.2 2.86 7.88 -0.19 8.7 -7.39 0.14 -2.4 -6.62 0 0 0 20.53 30.56 -19.03 -2.98 -10.66 31.13 -0.33 -11.47 -20.26 -0.01 -0.64 1.77 0.04 0.21 -21.79 0.75 -0.12 -4.74 0.74 -0.2 6.99 4.56 4.2 -18.81 -0.07 4.28 25.36 -0.16 2.26 11.5 -0 -0 0 -84.04 8.43 38.39 16.62 -26.35 -3.92 -0 0 -38.48 27.19 0.31 0.16 -7.12 0 -0 0.49 30.33 -0.18 -0 -0 0 82.3 -5.17 47.6 -14.65 23.65 -3.08 0 -0 -8.14 -15.86 -17.85 4.98 7.12 -0 -0 11.76 -48.14 -0.92
5.67 15.59 28.42 -71.99 -88.73 86.3 0 0 0 -19.72 -20.24 -9.76 0.2 2.88 7.94 -0.19 8.69 -7.43 0.13 -2.35 -6.49 0 0 0 20.52 30.42 -19.09 -2.98 -10.66 31.14 -0.34 -11.33 -20.21 -0.01 -0.6 1.66 0.12 0.19 -21.82 0.74 -0.16 -4.74 0.67 -0.22 7.01 4.49 4.15 -18.84 0.04 4.19 25.38 -0.11 2.23 11.5 0 -0 0 -84.09 8.55 37.51 16.55 -26.26 -3.89 -0 0 -39.12 26.89 0.25 0.13 -7.12 0 -0 0.25 30.26 -0.09 0 -0 0 82.33 -5.15 47.58 -14.65 23.65 -3.08 0 -0 -8.14 -15.86 -17.89 4.99 7.12 -0 -0 11.77 -48.17 -0.93
5.67 15.59 28.42 -73.46 -88.73 87.75 0 0 0 -19.73 -20.22 -9.78 0.2 2.91 8.02 -0.19 8.69 -7.47 0.14 -2.38 -6.57 0 0 0 20.55 30.31 -19.1 -2.98 -10.66 31.13 -0.34 -11.23 -20.16 -0.01 -0.55 1.51 0.13 0.16 -21.87 0.75 -0.21 -4.73 0.67 -0.24 7.04 4.44 4.11 -18.85 0.1 4.12 25.41 -0.09 2.2 11.51 0 -0 0 -84.07 8.66 37.08 16.42 -26.09 -3.83 -0 0 -39.26 26.97 0.19 0.1 -7.12 0 -0 0.32 30.19 -0.12 0 -0 0 82.29 -5.14 47.7 -14.65 23.66 -3.09 0 -0 -8.26 -15.91 -17.92 5.01 7.12 -0 -0 11.73 -48.21 -0.94
5.66 15.59 28.42 -75.89 -88.73 90.16 0 0 0 -19.72 -20.17 -9.81 0.21 2.94 8.12 -0.19 8.67 -7.55 0.13 -2.35 -6.48 0 0 0 20.59 30.26 -19.07 -2.97 -10.65 31.11 -0.35 -11.14 -20.14 -0.01 -0.55 1.52 0.14 0.15 -21.92 0.75 -0.23 -4.74 0.65 -0.25 7.06 4.4 4.06 -18.86 0.16 4.05 25.46 -0.08 2.18 11.53 -0 0 0 -83.96 8.78 36.95 16.26 -25.87 -3.76 -0 0 -38.96 27.17 0.11 0.06 -7.12 0 -0 0.47 30.1 -0.17 -0 0 0 82.28 -5.15 47.77 -14.63 23.63 -3.08 0 -0 -8.33 -16.02 -17.95 5.06 7.12 -0 -0 11.64 -48.26 -0.95
5.66 15.59 28.42 -78.53 -88.75 92.76 0 0 0 -19.67 -20.11 -9.86 0.21 2.97 8.19 -0.19 8.66 -7.57 0.14 -2.4 -6.6 0 0 0 20.62 30.25 -19.01 -2.97 -10.64 31.08 -0.35 -11.09 -20.12 -0.01 -0.56 1.53 0.12 0.14 -21.96 0.75 -0.23 -4.75 0.66 -0.26 7.08 4.37 4.02 -18.92 0.21 3.98 25.55 -0.06 2.15 11.57 -0 0 0 -83.84 8.9 36.97 16.09 -25.64 -3.69 -0 0 -38.69 27.17 0.11 0.06 -7.12 0 -0 0.48 30.11 -0.17 -0 0 0 82.25 -5.16 47.89 -14.62 23.62 -3.07 0 -0 -8.47 -16.14 -18.01 5.11 7.12 -0 -0 11.55 -48.33 -0.96
5.66 15.59 28.42 -81.69 -88.76 95.9 0 0 0 -19.63 -20.02 -9.87 0.21 2.96 8.17 -0.19 8.67 -7.55 0.14 -2.44 -6.73 0 0 0 20.65 30.24 -18.93 -2.96 -10.63 31.03 -0.36 -11.04 -20.09 -0.01 -0.56 1.55 0.1 0.16 -21.99 0.73 -0.21 -4.76 0.66 -0.24 7.07 4.29 3.97 -19 0.29 3.9 25.66 -0.03 2.11 11.63 -0 -0 0 -83.72 9.01 37.14 15.94 -25.43 -3.62 -0 0 -38.57 27.17 0.18 0.09 -7.12 0 -0 0.48 30.18 -0.17 -0 -0 0 82.25 -5.17 47.93 -14.6 23.59 -3.06 0 -0 -8.48 -16.25 -18.04 5.16 7.12 -0 -0 11.45 -48.38 -0.97
5.65 15.59 28.41 -84.71 -88.75 98.89 0 0 0 -19.62 -19.95 -9.89 0.22 3 8.28 -0.18 8.66 -7.62 0.15 -2.47 -6.82 0 0 0 20.72 30.23 -18.87 -2.95 -10.62 30.99 -0.35 -11.01 -20.06 -0.01 -0.53 1.45 0.14 0.21 -22.01 0.69 -0.15 -4.78 0.61 -0.22 7.06 4.23 3.9 -19.07 0.39 3.79 25.76 -0 2.07 11.67 -0 -0 0 -83.57 9.11 37.4 15.79 -25.23 -3.56 -0 0 -38.43 27.31 0.14 0.07 -7.12 0 -0 0.59 30.14 -0.21 -0 -0 0 82.31 -5.19 47.92 -14.57 23.55 -3.05 0 -0 -8.38 -16.32 -18.07 5.19 7.12 -0 -0 11.4 -48.42 -0.97
5.65 15.59 28.41 -87.29 -88.75 101.44 0 0 0 -19.63 -19.9 -9.9 0.22 3.03 8.35 -0.18 8.64 -7.68 0.14 -2.45 -6.75 0 0 0 20.75 30.21 -18.82 -2.95 -10.61 30.98 -0.36 -10.95 -20.04 -0.01 -0.52 1.43 0.16 0.23 -22.03 0.67 -0.13 -4.8 0.59 -0.21 7.05 4.18 3.86 -19.13 0.43 3.73 25.86 0.02 2.04 11.72 -0 -0 0 -83.52 9.22 37.54 15.67 -25.07 -3.5 -0 0 -38.27 27.22 0.17 0.09 -7.12 0 -0 0.52 30.17 -0.19 -0 -0 0 82.33 -5.2 47.98 -14.55 23.52 -3.04 0 -0 -8.29 -16.37 -18.07 5.21 7.12 -0 -0 11.35 -48.43 -0.97
5.65 15.59 28.41 -89.76 -88.73 103.86 0 0 0 -19.63 -19.83 -9.88 0.22 3.05 8.42 -0.18 8.63 -7.74 0.14 -2.45 -6.74 0 0 0 20.8 30.21 -18.76 -2.94 -10.61 30.96 -0.37 -10.88 -20.04 -0.01 -0.58 1.59 0.17 0.23 -22.03 0.69 -0.13 -4.82 0.59 -0.21 7.03 4.09 3.83 -19.2 0.47 3.7 25.96 0.04 2.02 11.77 0 -0 0 -83.56 9.3 37.63 15.59 -24.96 -3.47 -0 0 -38.23 27.17 0.22 0.11 -7.12 0 -0 0.48 30.22 -0.17 0 -0 0 82.28 -5.21 48.15 -14.55 23.52 -3.04 0 -0 -8.26 -16.37 -18.08 5.21 7.12 -0 -0 11.35 -48.44 -0.97
5.64 15.58 28.41 -91.56 -88.73 105.63 0 0 0 -19.65 -19.78 -9.86 0.23 3.07 8.48 -0.18 8.62 -7.79 0.15 -2.47 -6.79 0 0 0 20.84 30.16 -18.71 -2.94 -10.6 30.96 -0.37 -10.84 -20.02 -0.01 -0.54 1.48 0.16 0.22 -22.03 0.72 -0.14 -4.82 0.63 -0.21 7.03 3.93 3.8 -19.34 0.53 3.68 26.08 0.09 2.01 11.83 -0 -0 0 -83.63 9.35 37.84 15.57 -24.93 -3.46 -0 0 -38.28 27.21 0.24 0.12 -7.12 0 -0 0.51 30.25 -0.18 -0 -0 0 82.22 -5.2 48.24 -14.55 23.52 -3.04 0 -0 -8.2 -16.39 -18.07 5.21 7.12 -0 -0 11.33 -48.43 -0.97
5.64 15.58 28.41 -92.61 -88.74 106.65 0 0 0 -19.68 -19.75 -9.81 0.23 3.06 8.45 -0.18 8.62 -7.78 0.15 -2.48 -6.83 0 0 0 20.84 30.15 -18.68 -2.95 -10.61 30.97 -0.38 -10.79 -20.05 -0.01 -0.57 1.56 0.15 0.22 -22.04 0.73 -0.15 -4.83 0.64 -0.22 7.02 3.85 3.78 -19.46 0.54 3.66 26.19 0.11 1.99 11.9 0 -0 0 -83.7 9.39 38.05 15.59 -24.97 -3.47 -0 0 -38.19 27.19 0.23 0.12 -7.12 0 -0 0.5 30.24 -0.18 0 -0 0 82.18 -5.21 48.33 -14.55 23.52 -3.05 0 -0 -8.22 -16.43 -18.08 5.23 7.12 -0 -0 11.3 -48.45 -0.97
5.64 15.58 28.41 -93.37 -88.75 107.37 0 0 0 -19.72 -19.72 -9.76 0.23 3.05 8.43 -0.18 8.62 -7.76 0.15 -2.5 -6.9 0 0 0 20.84 30.12 -18.65 -2.95 -10.61 30.98 -0.38 -10.75 -20.06 -0.01 -0.57 1.58 0.16 0.21 -22.04 0.72 -0.17 -4.84 0.63 -0.23 7.02 3.82 3.77 -19.55 0.54 3.66 26.25 0.12 1.99 11.94 -0 0 0 -83.74 9.42 38.27 15.65 -25.05 -3.5 -0 0 -38.02 26.99 0.29 0.15 -7.12 0 -0 0.33 30.3 -0.12 -0 0 0 82.17 -5.22 48.43 -14.56 23.53 -3.05 0 -0 -8.3 -16.5 -18.1 5.26 7.12 -0 -0 11.24 -48.47 -0.97
5.64 15.58 28.41 -93.58 -88.75 107.56 0 0 0 -19.73 -19.7 -9.72 0.22 3.05 8.42 -0.18 8.61 -7.76 0.15 -2.51 -6.92 0 0 0 20.85 30.1 -18.63 -2.95 -10.62 30.99 -0.38 -10.73 -20.07 -0.01 -0.57 1.56 0.18 0.18 -22.05 0.73 -0.21 -4.84 0.62 -0.25 7.01 3.85 3.8 -19.6 0.51 3.69 26.29 0.11 2 11.97 0 -0 0 -83.78 9.43 38.45 15.71 -25.12 -3.52 -0 0 -37.7 26.78 0.36 0.18 -7.12 0 -0 0.17 30.39 -0.06 0 -0 0 82.16 -5.22 48.56 -14.55 23.52 -3.04 0 -0 -8.4 -16.53 -18.14 5.28 7.12 -0 -0 11.22 -48.52 -0.98
5.64 15.58 28.41 -93.4 -88.76 107.36 0 0 0 -19.75 -19.7 -9.7 0.22 3.05 8.42 -0.18 8.62 -7.76 0.15 -2.51 -6.93 0 0 0 20.85 30.05 -18.62 -2.95 -10.62 31 -0.39 -10.71 -20.07 -0.01 -0.53 1.47 0.21 0.17 -22.05 0.73 -0.23 -4.86 0.59 -0.26 7 3.84 3.8 -19.69 0.5 3.7 26.37 0.11 2 12.02 -0 0 0 -83.79 9.39 38.64 15.72 -25.15 -3.53 -0 0 -37.19 26.77 0.35 0.18 -7.12 0 -0 0.16 30.37 -0.06 -0 0 0 82.13 -5.24 48.73 -14.55 23.51 -3.04 0 -0 -8.54 -16.56 -18.2 5.3 7.12 -0 -0 11.22 -48.58 -1
5.64 15.58 28.41 -93.34 -88.75 107.28 0 0 0 -19.75 -19.71 -9.72 0.23 3.08 8.5 -0.18 8.62 -7.8 0.15 -2.51 -6.92 0 0 0 20.87 30 -18.6 -2.95 -10.61 30.98 -0.39 -10.7 -20.04 -0.01 -0.49 1.35 0.27 0.18 -22.05 0.73 -0.23 -4.87 0.56 -0.26 6.99 3.82 3.8 -19.81 0.51 3.7 26.46 0.12 2 12.07 0 -0 0 -83.75 9.33 38.85 15.71 -25.12 -3.52 -0 0 -36.61 26.67 0.34 0.17 -7.12 0 -0 0.09 30.36 -0.03 0 -0 0 82.12 -5.25 48.83 -14.53 23.48 -3.04 0 -0 -8.62 -16.58 -18.18 5.31 7.12 -0 -0 11.19 -48.57 -1
5.64 15.58 28.41 -92.93 -88.77 106.83 0 0 0 -19.81 -19.7 -9.64 0.23 3.06 8.44 -0.18 8.62 -7.77 0.15 -2.47 -6.82 0 0 0 20.85 29.96 -18.57 -2.95 -10.62 31 -0.39 -10.67 -20.07 -0.01 -0.5 1.39 0.3 0.19 -22.01 0.71 -0.22 -4.87 0.52 -0.25 6.96 3.79 3.79 -19.95 0.53 3.68 26.57 0.13 1.99 12.14 0 0 0 -83.65 9.26 39.09 15.68 -25.09 -3.51 -0 0 -36.21 26.72 0.3 0.15 -7.12 0 -0 0.12 30.32 -0.04 0 0 0 82.22 -5.26 48.46 -14.5 23.45 -3.03 0 -0 -8.39 -16.4 -18.18 5.25 7.12 -0 -0 11.36 -48.54 -1
5.64 15.58 28.42 -91.26 -88.77 105.14 0 0 0 -19.82 -19.73 -9.61 0.22 3.05 8.42 -0.18 8.63 -7.73 0.15 -2.49 -6.87 0 0 0 20.84 29.89 -18.56 -2.95 -10.61 30.99 -0.4 -10.64 -20.08 -0.01 -0.51 1.4 0.38 0.2 -21.97 0.7 -0.23 -4.88 0.47 -0.25 6.94 3.76 3.79 -20.1 0.56 3.67 26.66 0.15 1.99 12.21 0 -0 0 -83.58 9.2 39.22 15.68 -25.08 -3.51 -0 0 -36.19 26.8 0.25 0.12 -7.12 0 -0 0.18 30.26 -0.07 0 -0 0 82.42 -5.3 47.34 -14.49 23.43 -3.02 0 -0 -7.96 -16.04 -18.12 5.11 7.12 -0 -0 11.67 -48.43 -1
5.65 15.58 28.43 -87.69 -88.81 101.55 0 0 0 -19.88 -19.79 -9.5 0.22 2.99 8.26 -0.18 8.65 -7.61 0.15 -2.51 -6.91 0 0 0 20.77 29.83 -18.58 -2.96 -10.62 31.02 -0.4 -10.6 -20.14 -0.01 -0.56 1.55 0.43 0.19 -21.92 0.69 -0.25 -4.87 0.41 -0.26 6.91 3.74 3.78 -20.26 0.6 3.65 26.71 0.17 1.98 12.26 0 -0 0 -83.5 9.14 39.35 15.72 -25.14 -3.52 -0 0 -36.59 26.92 0.19 0.09 -7.12 0 -0 0.28 30.19 -0.1 0 -0 0 82.63 -5.37 46.02 -14.55 23.51 -3.04 0 -0 -7.92 -16.28 -18.31 5.24 7.12 -0 -0 11.51 -48.65 -1.05
5.65 15.58 28.43 -83.85 -88.85 97.72 0 0 0 -19.96 -19.85 -9.39 0.21 2.92 8.05 -0.19 8.68 -7.49 0.14 -2.43 -6.71 0 0 0 20.66 29.77 -18.65 -2.96 -10.64 31.06 -0.41 -10.57 -20.19 -0.01 -0.59 1.63 0.46 0.16 -21.89 0.68 -0.28 -4.87 0.37 -0.28 6.91 3.74 3.79 -20.41 0.64 3.64 26.69 0.18 1.98 12.28 0 -0 0 -83.44 9.09 39.38 15.77 -25.21 -3.55 -0 0 -37.05 26.97 0.12 0.06 -7.12 0 -0 0.32 30.11 -0.12 0 -0 0 82.79 -5.42 44.87 -14.61 23.6 -3.07 0 -0 -8.05 -16.89 -18.58 5.53 7.12 -0 -0 11.02 -49.02 -1.11
5.65 15.58 28.44 -79.46 -88.85 93.37 0 0 0 -19.97 -19.94 -9.37 0.2 2.87 7.93 -0.19 8.7 -7.37 0.15 -2.46 -6.77 0 0 0 20.59 29.7 -18.72 -2.96 -10.64 31.06 -0.41 -10.58 -20.2 -0.01 -0.56 1.55 0.51 0.14 -21.85 0.7 -0.32 -4.88 0.36 -0.3 6.87 3.72 3.77 -20.52 0.67 3.62 26.63 0.2 1.98 12.28 0 -0 0 -83.47 9.05 39.36 15.82 -25.28 -3.57 -0 0 -37.27 26.99 0.1 0.05 -7.12 0 -0 0.33 30.09 -0.12 0 -0 0 82.84 -5.47 43.92 -14.62 23.62 -3.07 0 -0 -8.07 -17.16 -18.52 5.6 7.12 -0 -0 10.75 -49 -1.07
5.66 15.58 28.46 -75.4 -88.84 89.35 0 0 0 -19.99 -20.03 -9.34 0.19 2.82 7.78 -0.2 8.72 -7.24 0.15 -2.47 -6.8 0 0 0 20.51 29.68 -18.78 -2.96 -10.63 31.05 -0.41 -10.6 -20.23 -0.01 -0.58 1.6 0.57 0.14 -21.8 0.72 -0.35 -4.9 0.34 -0.31 6.83 3.7 3.74 -20.61 0.74 3.56 26.53 0.22 1.96 12.25 0 0 0 -83.45 9.05 39.59 15.9 -25.39 -3.6 -0 0 -37.5 27.08 0.08 0.04 -7.12 0 -0 0.4 30.07 -0.15 0 0 0 82.87 -5.5 43.18 -14.57 23.54 -3.05 0 -0 -7.95 -17.27 -18.6 5.66 7.12 -0 -0 10.67 -49.1 -1.09
5.66 15.59 28.47 -72.54 -88.86 86.55 0 0 0 -20.03 -20.07 -9.27 0.18 2.72 7.5 -0.2 8.75 -7.07 0.14 -2.44 -6.71 0 0 0 20.38 29.7 -18.88 -2.97 -10.64 31.07 -0.41 -10.64 -20.27 -0.01 -0.59 1.62 0.6 0.14 -21.79 0.72 -0.36 -4.94 0.32 -0.31 6.77 3.68 3.7 -20.65 0.83 3.49 26.47 0.24 1.94 12.23 0 -0 0 -83.48 9.07 39.65 15.94 -25.44 -3.62 -0 0 -37.45 27.04 0.08 0.04 -7.12 0 -0 0.38 30.07 -0.14 0 -0 0 82.78 -5.59 43.02 -14.51 23.46 -3.03 0 -0 -7.91 -17.22 -18.61 5.65 7.12 -0 -0 10.72 -49.1 -1.1
5.66 15.59 28.48 -71.29 -88.87 85.38 0 0 0 -20.07 -20.09 -9.2 0.16 2.62 7.21 -0.21 8.78 -6.91 0.14 -2.41 -6.64 0 0 0 20.25 29.78 -18.97 -2.97 -10.64 31.09 -0.41 -10.72 -20.3 -0.01 -0.58 1.58 0.67 0.15 -21.81 0.73 -0.35 -4.98 0.29 -0.31 6.75 3.65 3.67 -20.72 0.9 3.43 26.46 0.27 1.92 12.24 -0 0 0 -83.54 9.05 39.72 15.94 -25.44 -3.62 -0 0 -37.44 27.05 0.07 0.03 -7.12 0 -0 0.38 30.05 -0.14 -0 0 0 82.61 -5.68 43.21 -14.44 23.36 -3 0 -0 -7.88 -17.14 -18.56 5.61 7.12 -0 -0 10.78 -49.04 -1.08
5.66 15.59 28.5 -71.34 -88.88 85.52 0 0 0 -20.11 -20.08 -9.15 0.15 2.51 6.93 -0.21 8.79 -6.78 0.13 -2.34 -6.44 0 0 0 20.12 29.91 -19.05 -2.97 -10.65 31.11 -0.4 -10.8 -20.34 -0.01 -0.59 1.63 0.72 0.16 -21.84 0.76 -0.36 -5.01 0.29 -0.32 6.72 3.67 3.66 -20.77 0.93 3.39 26.43 0.27 1.91 12.24 -0 -0 0 -83.63 9.05 39.79 15.94 -25.44 -3.62 -0 0 -37.42 27.06 0.12 0.06 -7.12 0 -0 0.39 30.12 -0.14 -0 -0 0 82.41 -5.78 43.61 -14.37 23.26 -2.97 0 -0 -7.82 -17.11 -18.64 5.62 7.12 -0 -0 10.83 -49.11 -1.11
5.66 15.59 28.51 -72.35 -88.88 86.63 0 0 0 -20.1 -20.09 -9.21 0.15 2.47 6.8 -0.21 8.77 -6.73 0.12 -2.23 -6.14 0 0 0 20.01 30.02 -19.18 -2.98 -10.66 31.13 -0.39 -10.89 -20.33 -0.01 -0.54 1.49 0.79 0.19 -21.88 0.75 -0.34 -5.06 0.25 -0.31 6.69 3.75 3.65 -20.78 1 3.32 26.37 0.27 1.9 12.22 0 -0 0 -83.6 9.05 40.01 15.95 -25.45 -3.62 -0 0 -37.33 27.03 0.16 0.08 -7.12 0 -0 0.37 30.16 -0.13 0 -0 0 82.3 -5.9 44.06 -14.32 23.2 -2.95 0 -0 -7.88 -17.09 -18.69 5.63 7.12 -0 -0 10.87 -49.16 -1.13
5.66 15.59 28.52 -75.44 -88.84 89.83 0 0 0 -20.06 -20.1 -9.38 0.15 2.5 6.88 -0.21 8.72 -6.82 0.11 -2.16 -5.94 0 0 0 19.93 30.15 -19.33 -2.98 -10.67 31.16 -0.39 -10.92 -20.31 -0.01 -0.52 1.42 0.85 0.21 -21.94 0.79 -0.33 -5.09 0.26 -0.3 6.69 3.85 3.65 -20.76 1.03 3.29 26.25 0.26 1.9 12.17 -0 0 0 -83.6 9.06 40.26 15.99 -25.51 -3.64 -0 0 -37.31 27 0.19 0.1 -7.12 0 -0 0.34 30.2 -0.12 -0 0 0 82.19 -6 44.57 -14.32 23.19 -2.95 0 -0 -8.05 -17.09 -18.75 5.64 7.12 -0 -0 10.89 -49.22 -1.14
5.67 15.59 28.53 -78.35 -88.82 92.85 0 0 0 -20.02 -20.09 -9.53 0.15 2.5 6.9 -0.2 8.68 -6.84 0.11 -2.16 -5.94 0 0 0 19.85 30.25 -19.47 -2.98 -10.67 31.17 -0.38 -10.93 -20.29 -0.01 -0.51 1.41 0.86 0.21 -21.98 0.84 -0.34 -5.12 0.31 -0.31 6.67 3.93 3.65 -20.69 1.08 3.26 26.11 0.26 1.9 12.1 -0 -0 0 -83.6 9.1 40.53 16.03 -25.57 -3.66 -0 0 -37.37 26.99 0.13 0.07 -7.12 0 -0 0.34 30.13 -0.12 -0 -0 0 82.1 -6.07 45.03 -14.33 23.21 -2.96 0 -0 -8.13 -17.03 -18.75 5.62 7.12 -0 -0 10.95 -49.21 -1.15
5.67 15.59 28.54 -81.47 -88.81 96.05 0 0 0 -20 -20.06 -9.6 0.15 2.48 6.82 -0.2 8.66 -6.81 0.11 -2.14 -5.89 0 0 0 19.77 30.36 -19.57 -2.98 -10.67 31.17 -0.38 -10.95 -20.27 -0.01 -0.51 1.4 0.83 0.21 -22.01 0.88 -0.35 -5.15 0.36 -0.32 6.66 4.02 3.64 -20.58 1.13 3.21 25.96 0.25 1.89 12.02 0 -0 0 -83.52 9.17 40.98 16.1 -25.65 -3.69 -0 0 -37.56 27.14 0.08 0.04 -7.12 0 -0 0.46 30.06 -0.17 0 -0 0 82.12 -6.12 45.29 -14.35 23.23 -2.96 0 -0 -8.12 -16.98 -18.8 5.62 7.12 -0 -0 11.01 -49.25 -1.17
5.67 15.59 28.55 -84.06 -88.81 98.72 0 0 0 -20.01 -20.01 -9.61 0.14 2.43 6.68 -0.2 8.66 -6.79 0.11 -2.1 -5.78 0 0 0 19.69 30.45 -19.67 -2.99 -10.68 31.19 -0.38 -10.99 -20.25 -0.01 -0.49 1.35 0.81 0.21 -22.06 0.87 -0.34 -5.17 0.36 -0.31 6.66 4.11 3.62 -20.46 1.22 3.12 25.81 0.25 1.87 11.94 -0 0 0 -83.36 9.24 41.5 16.14 -25.71 -3.71 -0 0 -37.68 27.15 0.02 0.01 -7.12 0 -0 0.46 30 -0.17 -0 0 0 82.24 -6.15 45.34 -14.38 23.28 -2.98 0 -0 -8.04 -16.85 -18.91 5.61 7.12 -0 -0 11.18 -49.35 -1.21
5.67 15.6 28.56 -85.46 -88.8 100.19 0 0 0 -19.99 -20.01 -9.67 0.14 2.41 6.63 -0.2 8.66 -6.77 0.11 -2.12 -5.83 0 0 0 19.63 30.53 -19.76 -2.99 -10.68 31.21 -0.37 -11.03 -20.24 -0.01 -0.46 1.27 0.76 0.15 -22.1 0.91 -0.42 -5.19 0.42 -0.35 6.66 4.21 3.63 -20.33 1.27 3.1 25.69 0.25 1.88 11.87 -0 0 0 -83.27 9.33 41.88 16.17 -25.75 -3.72 -0 0 -37.78 27.09 0.02 0.01 -7.12 0 -0 0.42 30 -0.15 -0 0 0 82.33 -6.08 45.19 -14.37 23.26 -2.97 0 -0 -7.66 -16.6 -18.96 5.53 7.12 -0 -0 11.43 -49.36 -1.24
5.67 15.6 28.57 -86.7 -88.79 101.47 0 0 0 -19.98 -20.01 -9.76 0.14 2.43 6.68 -0.2 8.65 -6.81 0.1 -2.07 -5.71 0 0 0 19.59 30.57 -19.82 -2.99 -10.68 31.2 -0.36 -11.06 -20.19 -0 -0.41 1.12 0.69 0.09 -22.11 0.95 -0.48 -5.22 0.49 -0.38 6.64 4.22 3.6 -20.18 1.36 3.03 25.59 0.26 1.86 11.8 0 -0 0 -83.25 9.39 42.13 16.15 -25.72 -3.71 -0 0 -37.81 27.1 0.05 0.03 -7.12 0 -0 0.42 30.04 -0.15 0 -0 0 82.37 -6.01 44.98 -14.35 23.24 -2.97 0 -0 -7.23 -16.51 -18.95 5.5 7.12 -0 -0 11.5 -49.33 -1.24
5.67 15.6 28.57 -88.1 -88.75 102.89 0 0 0 -19.95 -20 -9.84 0.15 2.47 6.79 -0.2 8.62 -6.87 0.1 -2.03 -5.6 0 0 0 19.61 30.59 -19.82 -2.98 -10.67 31.17 -0.36 -11.05 -20.13 -0 -0.37 1.02 0.64 0.07 -22.08 0.97 -0.51 -5.23 0.52 -0.4 6.61 4.24 3.53 -20.05 1.46 2.91 25.51 0.27 1.82 11.74 0 -0 0 -83.24 9.41 42.28 16.11 -25.67 -3.69 -0 0 -37.82 27.14 0.04 0.02 -7.12 0 -0 0.45 30.02 -0.17 0 -0 0 82.37 -5.94 44.9 -14.34 23.22 -2.96 0 -0 -6.98 -16.72 -18.93 5.56 7.12 -0 -0 11.3 -49.34 -1.23
5.67 15.6 28.57 -90.14 -88.73 104.92 0 0 0 -19.94 -19.96 -9.87 0.15 2.48 6.83 -0.2 8.62 -6.9 0.1 -2.01 -5.54 0 0 0 19.62 30.6 -19.8 -2.98 -10.66 31.14 -0.35 -11.04 -20.08 -0 -0.34 0.94 0.58 0.02 -22.08 0.97 -0.55 -5.22 0.55 -0.42 6.62 4.29 3.48 -19.91 1.58 2.78 25.43 0.29 1.78 11.68 -0 0 0 -83.26 9.43 42.25 16.09 -25.64 -3.69 -0 0 -37.81 27.18 0.03 0.01 -7.12 0 -0 0.49 30.01 -0.18 -0 0 0 82.31 -5.87 45.03 -14.34 23.21 -2.96 0 -0 -6.96 -16.92 -18.87 5.62 7.12 -0 -0 11.09 -49.32 -1.19
5.67 15.6 28.57 -93.44 -88.72 108.24 0 0 0 -19.96 -19.88 -9.83 0.14 2.44 6.74 -0.2 8.61 -6.87 0.1 -2.01 -5.52 0 0 0 19.61 30.64 -19.8 -2.98 -10.66 31.13 -0.36 -11 -20.07 -0 -0.36 1 0.46 -0.01 -22.12 0.98 -0.57 -5.18 0.63 -0.43 6.69 4.25 3.38 -19.83 1.77 2.61 25.37 0.33 1.72 11.63 -0 0 0 -83.32 9.36 42.17 16.08 -25.64 -3.68 -0 0 -37.78 27.14 0.02 0.01 -7.12 0 -0 0.46 30 -0.17 -0 0 0 82.2 -5.8 45.22 -14.33 23.21 -2.96 0 -0 -7.13 -17 -18.84 5.64 7.12 -0 -0 11.01 -49.3 -1.18
5.67 15.6 28.58 -97.57 -88.7 112.39 0 0 0 -19.98 -19.77 -9.81 0.14 2.41 6.64 -0.2 8.61 -6.85 0.1 -2.01 -5.53 0 0 0 19.59 30.67 -19.83 -2.97 -10.65 31.11 -0.36 -10.93 -20.03 -0 -0.36 0.99 0.4 0.01 -22.2 0.94 -0.52 -5.15 0.63 -0.41 6.76 4.17 3.25 -19.74 2.06 2.37 25.31 0.41 1.64 11.58 0 -0 0 -83.29 9.29 42.18 16.11 -25.67 -3.69 -0 0 -37.78 27.08 0.02 0.01 -7.12 0 -0 0.41 30 -0.15 0 -0 0 82.18 -5.78 45.38 -14.34 23.22 -2.96 0 -0 -7.39 -17.09 -18.91 5.69 7.12 -0 -0 10.94 -49.38 -1.19
5.66 15.6 28.58 -102.04 -88.67 116.89 0 0 0 -19.99 -19.66 -9.81 0.14 2.4 6.6 -0.2 8.6 -6.87 0.09 -1.97 -5.43 0 0 0 19.58 30.7 -19.85 -2.97 -10.64 31.09 -0.36 -10.88 -19.98 -0 -0.32 0.89 0.33 0.05 -22.27 0.88 -0.44 -5.12 0.62 -0.37 6.82 4.08 3.08 -19.67 2.38 2.06 25.28 0.49 1.53 11.55 -0 0 0 -83.26 9.2 42.19 16.14 -25.71 -3.71 -0 0 -37.75 27.03 -0 -0 -7.12 0 -0 0.36 29.98 -0.13 -0 0 0 82.22 -5.79 45.39 -14.33 23.2 -2.96 0 -0 -7.5 -17.02 -18.9 5.66 7.12 -0 -0 11 -49.36 -1.2
5.66 15.6 28.58 -106.53 -88.65 121.4 0 0 0 -20.02 -19.55 -9.78 0.13 2.36 6.5 -0.2 8.62 -6.82 0.1 -2.05 -5.66 0 0 0 19.56 30.74 -19.88 -2.97 -10.64 31.09 -0.36 -10.82 -19.94 -0 -0.31 0.85 0.21 0.07 -22.3 0.86 -0.4 -5.11 0.69 -0.35 6.86 3.92 2.92 -19.6 2.71 1.78 25.28 0.6 1.43 11.53 -0 0 0 -83.31 9.14 42.12 16.17 -25.75 -3.72 -0 0 -37.71 26.95 -0.02 -0.01 -7.12 0 -0 0.31 29.96 -0.11 -0 0 0 82.23 -5.82 45.35 -14.3 23.16 -2.94 0 -0 -7.43 -16.88 -18.88 5.61 7.12 -0 -0 11.13 -49.32 -1.2
5.66 15.6 28.58 -110.16 -88.61 125.06 0 0 0 -20.03 -19.44 -9.77 0.13 2.33 6.41 -0.2 8.62 -6.81 0.1 -2.04 -5.61 0 0 0 19.54 30.78 -19.9 -2.97 -10.64 31.07 -0.37 -10.76 -19.9 -0 -0.32 0.87 0.15 0.1 -22.32 0.8 -0.34 -5.12 0.68 -0.32 6.86 3.83 2.74 -19.56 3 1.47 25.34 0.67 1.32 11.55 0 0 0 -83.27 9.12 42.12 16.2 -25.79 -3.73 -0 0 -37.7 26.96 0 0 -7.12 0 -0 0.31 29.98 -0.11 0 0 0 82.35 -5.85 45.21 -14.25 23.1 -2.93 0 -0 -7.25 -16.74 -18.92 5.57 7.12 -0 -0 11.28 -49.34 -1.22
5.66 15.6 28.57 -112.89 -88.56 127.81 0 0 0 -20.01 -19.37 -9.81 0.13 2.34 6.44 -0.2 8.61 -6.85 0.1 -2.01 -5.53 0 0 0 19.55 30.81 -19.91 -2.96 -10.63 31.04 -0.37 -10.71 -19.87 -0 -0.31 0.85 0.12 0.14 -22.35 0.73 -0.27 -5.12 0.63 -0.29 6.87 3.83 2.59 -19.6 3.18 1.17 25.49 0.69 1.21 11.61 -0 0 0 -83.14 9.1 42.23 16.23 -25.83 -3.75 -0 0 -37.79 26.99 0.02 0.01 -7.12 0 -0 0.33 30 -0.12 -0 0 0 82.49 -5.85 45.08 -14.22 23.05 -2.91 0 -0 -7.05 -16.7 -18.99 5.58 7.12 -0 -0 11.34 -49.41 -1.25
5.66 15.6 28.57 -115.35 -88.52 130.3 0 0 0 -19.99 -19.31 -9.87 0.13 2.35 6.48 -0.2 8.6 -6.89 0.1 -2.04 -5.61 0 0 0 19.56 30.84 -19.94 -2.96 -10.62 31.02 -0.37 -10.67 -19.82 -0 -0.29 0.78 0.08 0.16 -22.37 0.68 -0.24 -5.12 0.6 -0.27 6.88 3.76 2.46 -19.61 3.39 0.93 25.62 0.75 1.12 11.66 -0 0 0 -83.03 9.11 42.35 16.24 -25.85 -3.75 -0 0 -37.98 26.99 -0.03 -0.02 -7.12 0 -0 0.34 29.95 -0.12 -0 0 0 82.54 -5.85 45.08 -14.22 23.05 -2.91 0 -0 -6.91 -16.74 -19.05 5.61 7.12 -0 -0 11.32 -49.47 -1.26
5.65 15.6 28.57 -117.99 -88.48 132.95 0 0 0 -19.98 -19.23 -9.91 0.14 2.37 6.53 -0.2 8.59 -6.94 0.1 -2.02 -5.57 0 0 0 19.58 30.86 -19.95 -2.95 -10.62 31.01 -0.37 -10.61 -19.78 -0 -0.28 0.76 0.02 0.13 -22.39 0.69 -0.26 -5.12 0.64 -0.29 6.89 3.65 2.38 -19.6 3.55 0.8 25.69 0.8 1.07 11.68 0 0 0 -83.02 9.13 42.4 16.24 -25.84 -3.75 -0 0 -38.15 27.02 -0.06 -0.03 -7.12 0 -0 0.36 29.91 -0.13 0 0 0 82.48 -5.81 45.2 -14.24 23.07 -2.92 0 -0 -6.88 -16.83 -19.09 5.65 7.12 -0 -0 11.25 -49.53 -1.27
5.65 15.6 28.56 -120.58 -88.44 135.54 0 0 0 -20 -19.15 -9.91 0.14 2.37 6.54 -0.2 8.58 -6.96 0.1 -2.05 -5.64 0 0 0 19.59 30.88 -19.95 -2.96 -10.62 31.02 -0.37 -10.56 -19.76 -0 -0.28 0.77 -0.14 0 -22.38 0.84 -0.4 -5.1 0.87 -0.36 6.92 3.37 2.37 -19.62 3.63 0.86 25.74 0.89 1.08 11.7 -0 0 0 -83.32 9.13 42.12 16.21 -25.8 -3.74 -0 0 -38.13 27.06 -0.09 -0.04 -7.12 0 -0 0.39 29.88 -0.14 -0 0 0 82.15 -5.71 45.6 -14.27 23.11 -2.93 0 -0 -6.96 -16.93 -19.11 5.69 7.12 -0 -0 11.16 -49.56 -1.27
5.65 15.6 28.56 -122.61 -88.42 137.56 0 0 0 -20.02 -19.08 -9.88 0.14 2.37 6.52 -0.19 8.57 -6.99 0.1 -2.01 -5.54 0 0 0 19.61 30.88 -19.93 -2.96 -10.63 31.03 -0.38 -10.48 -19.77 -0 -0.33 0.9 -0.27 -0.09 -22.36 0.94 -0.5 -5.08 1.01 -0.41 6.92 3.23 2.37 -19.58 3.66 0.9 25.73 0.93 1.09 11.69 -0 -0 0 -83.48 9.15 41.99 16.19 -25.78 -3.73 -0 0 -38.08 27.02 -0.14 -0.07 -7.12 0 -0 0.36 29.82 -0.13 -0 -0 0 81.96 -5.67 45.81 -14.29 23.15 -2.94 0 -0 -7.01 -16.99 -19.13 5.72 7.12 -0 -0 11.11 -49.59 -1.27
5.65 15.6 28.55 -123.57 -88.41 138.49 0 0 0 -20.04 -19.06 -9.88 0.14 2.39 6.59 -0.19 8.57 -7.03 0.1 -2.03 -5.59 0 0 0 19.63 30.85 -19.92 -2.96 -10.63 31.04 -0.39 -10.43 -19.78 -0 -0.36 0.99 -0.32 -0.14 -22.31 0.95 -0.55 -5.07 1.05 -0.43 6.91 3.18 2.36 -19.54 3.7 0.9 25.68 0.95 1.08 11.66 -0 0 0 -83.49 9.15 42.02 16.19 -25.78 -3.73 -0 0 -38.02 27.03 -0.13 -0.06 -7.12 0 -0 0.37 29.84 -0.14 -0 0 0 81.93 -5.65 45.81 -14.29 23.15 -2.94 0 -0 -7.06 -16.97 -19.11 5.7 7.12 -0 -0 11.13 -49.57 -1.27
5.65 15.6 28.55 -124.46 -88.41 139.36 0 0 0 -20.06 -19.05 -9.89 0.14 2.41 6.65 -0.19 8.57 -7.07 0.1 -2.02 -5.56 0 0 0 19.64 30.82 -19.92 -2.96 -10.63 31.05 -0.39 -10.41 -19.78 -0 -0.35 0.96 -0.34 -0.16 -22.26 0.93 -0.57 -5.05 1.03 -0.44 6.91 3.18 2.36 -19.53 3.74 0.88 25.64 0.96 1.08 11.64 -0 0 0 -83.44 9.11 42.1 16.18 -25.77 -3.73 -0 0 -37.94 27.07 -0.06 -0.03 -7.12 0 -0 0.4 29.91 -0.15 -0 0 0 81.99 -5.63 45.75 -14.29 23.15 -2.94 0 -0 -7.17 -17.03 -19.14 5.73 7.12 -0 -0 11.08 -49.6 -1.27
5.65 15.6 28.54 -124.68 -88.41 139.54 0 0 0 -20.05 -19.04 -9.92 0.15 2.46 6.77 -0.19 8.56 -7.14 0.09 -1.98 -5.45 0 0 0 19.68 30.81 -19.88 -2.96 -10.63 31.06 -0.39 -10.38 -19.79 -0 -0.38 1.04 -0.34 -0.19 -22.2 0.92 -0.61 -5.03 1.01 -0.46 6.9 3.24 2.39 -19.51 3.72 0.91 25.62 0.95 1.1 11.63 0 0 0 -83.41 9.09 42.12 16.18 -25.77 -3.72 -0 0 -37.85 27.02 0.01 0 -7.12 0 -0 0.36 29.99 -0.13 0 0 0 82.06 -5.61 45.7 -14.28 23.14 -2.94 0 -0 -7.22 -17.07 -19.17 5.76 7.12 -0 -0 11.05 -49.64 -1.28
5.65 15.6 28.54 -125.13 -88.4 139.97 0 0 0 -20.04 -19.03 -9.95 0.15 2.5 6.89 -0.19 8.55 -7.19 0.1 -2.01 -5.55 0 0 0 19.71 30.77 -19.86 -2.96 -10.64 31.06 -0.4 -10.33 -19.79 -0 -0.38 1.05 -0.33 -0.22 -22.13 0.93 -0.65 -5.01 1 -0.48 6.88 3.25 2.43 -19.51 3.7 0.97 25.62 0.95 1.12 11.63 0 -0 0 -83.43 9.08 42.07 16.19 -25.77 -3.73 -0 0 -37.75 27.01 0.03 0.01 -7.12 0 -0 0.35 30.01 -0.13 0 -0 0 82.08 -5.59 45.74 -14.29 23.15 -2.94 0 -0 -7.33 -17.06 -19.21 5.77 7.12 -0 -0 11.07 -49.68 -1.29
5.65 15.6 28.54 -125.39 -88.39 140.2 0 0 0 -20.04 -19.03 -9.97 0.15 2.53 6.96 -0.19 8.54 -7.24 0.1 -2.02 -5.56 0 0 0 19.74 30.72 -19.85 -2.97 -10.64 31.07 -0.4 -10.3 -19.77 -0 -0.36 0.98 -0.29 -0.21 -22.08 0.92 -0.64 -5 0.96 -0.47 6.87 3.18 2.43 -19.53 3.76 0.98 25.62 0.99 1.13 11.64 -0 0 0 -83.46 9.03 41.97 16.17 -25.76 -3.72 -0 0 -37.55 26.92 0.06 0.03 -7.12 0 -0 0.28 30.05 -0.1 -0 0 0 82.14 -5.57 45.6 -14.3 23.16 -2.94 0 -0 -7.35 -17.06 -19.29 5.79 7.12 -0 -0 11.1 -49.76 -1.32
5.65 15.6 28.54 -125.39 -88.39 140.18 0 0 0 -20.04 -19.02 -9.95 0.15 2.54 6.99 -0.19 8.54 -7.27 0.1 -1.99 -5.49 0 0 0 19.78 30.7 -19.82 -2.97 -10.64 31.08 -0.4 -10.29 -19.77 -0 -0.36 0.98 -0.25 -0.16 -22.05 0.88 -0.58 -4.96 0.91 -0.44 6.89 3.21 2.41 -19.57 3.73 0.95 25.64 0.97 1.11 11.65 -0 0 0 -83.47 8.96 41.8 16.16 -25.74 -3.72 -0 0 -37.42 26.79 0.13 0.07 -7.12 0 -0 0.18 30.13 -0.06 -0 0 0 82.32 -5.54 44.93 -14.28 23.14 -2.94 0 -0 -7.23 -16.91 -19.34 5.75 7.12 -0 -0 11.26 -49.79 -1.35
5.65 15.6 28.53 -125.17 -88.42 139.96 0 0 0 -20.05 -19.03 -9.91 0.15 2.53 6.97 -0.19 8.55 -7.26 0.1 -2.02 -5.56 0 0 0 19.78 30.66 -19.81 -2.97 -10.64 31.09 -0.4 -10.27 -19.79 -0 -0.36 0.99 -0.22 -0.13 -22.07 0.86 -0.54 -4.92 0.89 -0.42 6.94 3.12 2.37 -19.63 3.82 0.89 25.66 1.01 1.09 11.67 0 0 0 -83.55 8.89 41.45 16.16 -25.74 -3.71 -0 0 -37.38 26.83 0.2 0.1 -7.12 0 -0 0.21 30.2 -0.08 0 0 0 82.48 -5.53 43.88 -14.33 23.2 -2.96 0 -0 -7.34 -16.95 -19.57 5.83 7.12 -0 -0 11.3 -50.03 -1.42
5.64 15.6 28.53 -124.12 -88.44 138.92 0 0 0 -20.04 -19.07 -9.94 0.16 2.55 7.02 -0.19 8.56 -7.29 0.1 -2.04 -5.61 0 0 0 19.8 30.67 -19.79 -2.97 -10.64 31.08 -0.4 -10.33 -19.8 -0 -0.34 0.93 -0.21 -0.13 -22.07 0.88 -0.54 -4.89 0.9 -0.42 6.99 2.91 2.31 -19.76 4.09 0.78 25.73 1.13 1.06 11.72 -0 0 0 -83.66 8.86 41 16.17 -25.75 -3.72 -0 0 -37.56 26.95 0.26 0.13 -7.12 0 -0 0.3 30.27 -0.11 -0 0 0 82.59 -5.55 42.82 -14.4 23.31 -2.99 0 -0 -7.81 -16.67 -19.74 5.78 7.12 -0 -0 11.63 -50.16 -1.5
5.64 15.6 28.52 -122.94 -88.47 137.74 0 0 0 -20.03 -19.11 -9.93 0.16 2.55 7.04 -0.19 8.57 -7.3 0.1 -2.04 -5.61 0 0 0 19.82 30.68 -19.77 -2.97 -10.64 31.08 -0.4 -10.37 -19.84 -0 -0.36 1 -0.27 -0.18 -22.05 0.93 -0.59 -4.85 0.98 -0.44 7.01 2.55 2.17 -19.96 4.62 0.53 25.85 1.35 0.98 11.81 -0 0 0 -83.84 8.85 40.37 16.2 -25.8 -3.73 -0 0 -39.03 26.89 0.92 0.47 -7.12 0 -0 0.26 31.01 -0.09 -0 0 0 82.65 -5.61 41.96 -14.54 23.5 -3.04 0 -0 -9.13 -16.75 -20.37 5.98 7.12 -0 -0 11.78 -50.8 -1.7
5.64 15.59 28.52 -121.5 -88.51 136.3 0 0 0 -20.02 -19.17 -9.93 0.16 2.56 7.07 -0.19 8.56 -7.31 0.1 -2.06 -5.68 0 0 0 19.83 30.67 -19.75 -2.97 -10.64 31.08 -0.4 -10.4 -19.86 -0 -0.36 0.98 -0.35 -0.26 -22 0.99 -0.68 -4.83 1.06 -0.49 7.02 2.15 2.01 -20.17 5.29 0.19 25.98 1.62 0.88 11.9 -0 0 0 -84.05 8.91 39.38 16.31 -25.94 -3.78 -0 0 -41.85 26.58 2.15 1.07 -7.12 0 -0 -0 32.38 0 -0 0 0 82.74 -5.69 41.27 -14.69 23.71 -3.1 0 -0 -11.11 -17.54 -21.22 6.53 7.12 -0 -0 11.33 -51.79 -1.92
5.63 15.6 28.52 -119.44 -88.52 134.26 0 0 0 -19.97 -19.23 -9.98 0.16 2.6 7.16 -0.18 8.56 -7.35 0.1 -2.07 -5.71 0 0 0 19.87 30.63 -19.75 -2.96 -10.63 31.05 -0.4 -10.38 -19.88 -0 -0.41 1.13 -0.34 -0.27 -21.98 1.01 -0.7 -4.8 1.09 -0.49 7.04 1.66 1.76 -20.43 5.97 -0.21 26.01 1.9 0.74 11.98 0 -0 0 -84.22 8.97 38.45 16.43 -26.09 -3.83 -0 0 -44.05 26.37 2.89 1.43 -7.12 0 -0 -0.19 33.21 0.06 0 -0 0 82.89 -5.68 40.16 -14.66 23.66 -3.09 0 -0 -11.9 -17.83 -21.51 6.73 7.12 -0 -0 11.16 -52.13 -1.98
5.63 15.6 28.51 -117.61 -88.54 132.46 0 0 0 -19.94 -19.29 -10.01 0.16 2.62 7.21 -0.18 8.57 -7.38 0.1 -2.07 -5.69 0 0 0 19.89 30.58 -19.77 -2.96 -10.63 31.04 -0.4 -10.37 -19.88 -0 -0.41 1.13 -0.33 -0.24 -21.95 1 -0.65 -4.78 1.08 -0.47 7.04 1.36 1.54 -20.58 6.36 -0.55 25.92 2.04 0.61 11.99 0 -0 0 -84.3 9.03 37.78 16.43 -26.1 -3.83 -0 0 -44.37 26.6 2.85 1.43 -7.12 0 -0 -0 33.16 0 0 -0 0 82.95 -5.72 39.64 -14.64 23.64 -3.08 0 -0 -12.47 -18.14 -21.53 6.86 7.12 -0 -0 10.85 -52.2 -1.94
5.63 15.6 28.51 -116.17 -88.58 131.03 0 0 0 -19.94 -19.32 -9.96 0.16 2.59 7.14 -0.19 8.58 -7.34 0.11 -2.09 -5.77 0 0 0 19.89 30.54 -19.78 -2.96 -10.63 31.05 -0.4 -10.37 -19.89 -0 -0.41 1.14 -0.35 -0.22 -21.9 0.98 -0.63 -4.78 1.08 -0.46 7.02 1.21 1.38 -20.62 6.53 -0.76 25.74 2.09 0.52 11.93 0 -0 0 -84.29 9.06 37.38 16.34 -25.98 -3.79 -0 0 -43.38 26.91 2.47 1.25 -7.12 0 -0 0.26 32.74 -0.08 0 -0 0 82.94 -5.75 39.53 -14.58 23.56 -3.06 0 -0 -13.08 -18.35 -21.58 6.96 7.12 -0 -0 10.66 -52.29 -1.93
5.63 15.6 28.5 -114.37 -88.63 129.24 0 0 0 -19.94 -19.38 -9.93 0.16 2.58 7.1 -0.19 8.59 -7.3 0.11 -2.12 -5.83 0 0 0 19.89 30.49 -19.8 -2.96 -10.64 31.06 -0.4 -10.39 -19.91 -0 -0.39 1.07 -0.37 -0.22 -21.87 0.97 -0.62 -4.78 1.08 -0.46 7.01 1.1 1.28 -20.65 6.65 -0.87 25.54 2.13 0.47 11.86 -0 0 0 -84.26 9.07 37.2 16.21 -25.8 -3.74 -0 0 -42.13 27.23 1.97 1.01 -7.12 0 -0 0.52 32.19 -0.16 -0 0 0 82.97 -5.8 39.38 -14.54 23.51 -3.04 0 -0 -13.95 -18.23 -21.82 6.98 7.12 -0 -0 10.88 -52.51 -2.03
5.62 15.6 28.5 -112.43 -88.67 127.33 0 0 0 -19.94 -19.43 -9.9 0.16 2.55 7.03 -0.19 8.62 -7.24 0.11 -2.16 -5.95 0 0 0 19.88 30.45 -19.82 -2.97 -10.64 31.08 -0.41 -10.39 -19.94 -0 -0.4 1.09 -0.42 -0.27 -21.86 1 -0.67 -4.79 1.12 -0.48 6.99 1.2 1.32 -20.69 6.61 -0.84 25.45 2.11 0.49 11.84 0 -0 0 -84.24 9.1 37.12 16.1 -25.65 -3.69 -0 0 -41.4 27.45 1.68 0.87 -7.12 0 -0 0.7 31.87 -0.22 0 -0 0 82.91 -5.89 39.41 -14.58 23.55 -3.05 0 -0 -14.86 -18.14 -22.08 7.02 7.12 -0 -0 11.07 -52.76 -2.14
5.62 15.6 28.5 -109.97 -88.69 124.88 0 0 0 -19.91 -19.5 -9.93 0.16 2.58 7.11 -0.19 8.63 -7.26 0.12 -2.21 -6.09 0 0 0 19.92 30.4 -19.82 -2.96 -10.64 31.06 -0.41 -10.41 -19.96 -0 -0.39 1.08 -0.38 -0.24 -21.84 0.96 -0.65 -4.79 1.07 -0.47 6.98 1.39 1.37 -20.77 6.55 -0.81 25.37 2.06 0.52 11.82 0 -0 0 -84.02 9.11 37.5 16.05 -25.59 -3.67 -0 0 -41.21 27.38 1.58 0.82 -7.12 0 -0 0.65 31.76 -0.21 0 -0 0 82.96 -5.99 39.38 -14.6 23.59 -3.07 0 -0 -15.07 -18.26 -22.15 7.09 7.12 -0 -0 10.98 -52.85 -2.14
5.61 15.6 28.49 -107.03 -88.69 121.95 0 0 0 -19.85 -19.6 -10.04 0.17 2.66 7.32 -0.19 8.62 -7.33 0.12 -2.24 -6.18 0 0 0 19.97 30.38 -19.78 -2.96 -10.62 31.02 -0.4 -10.44 -19.96 -0 -0.4 1.11 -0.37 -0.23 -21.81 0.98 -0.63 -4.79 1.08 -0.46 6.95 1.6 1.49 -20.8 6.41 -0.66 25.29 1.99 0.59 11.79 -0 0 0 -83.85 9.1 38.2 16.05 -25.59 -3.67 -0 0 -41.07 27.46 1.45 0.75 -7.12 0 -0 0.71 31.61 -0.23 -0 0 0 82.92 -6.02 39.67 -14.59 23.57 -3.06 0 -0 -14.74 -18.5 -21.98 7.14 7.12 -0 -0 10.67 -52.73 -2.05
5.61 15.6 28.49 -104.89 -88.67 119.82 0 0 0 -19.8 -19.65 -10.11 0.18 2.71 7.48 -0.19 8.61 -7.41 0.12 -2.26 -6.23 0 0 0 20.04 30.4 -19.72 -2.95 -10.61 30.98 -0.4 -10.48 -19.99 -0.01 -0.46 1.28 -0.41 -0.25 -21.79 1.05 -0.65 -4.81 1.18 -0.47 6.93 1.84 1.68 -20.75 6.09 -0.36 25.22 1.88 0.71 11.74 -0 0 0 -83.74 9.08 39.2 16.05 -25.59 -3.67 -0 0 -40.79 27.58 1.36 0.71 -7.12 0 -0 0.81 31.51 -0.27 -0 0 0 82.72 -5.97 40.44 -14.54 23.5 -3.04 0 -0 -14.36 -18.6 -21.7 7.09 7.12 -0 -0 10.46 -52.45 -1.94
5.61 15.6 28.48 -101.76 -88.73 116.69 0 0 0 -19.82 -19.71 -10.02 0.17 2.67 7.35 -0.19 8.65 -7.3 0.13 -2.37 -6.52 0 0 0 20.02 30.31 -19.75 -2.95 -10.62 31 -0.4 -10.48 -20.01 -0 -0.43 1.19 -0.42 -0.24 -21.78 1.04 -0.65 -4.82 1.17 -0.47 6.91 2.12 1.9 -20.57 5.72 -0.02 25.16 1.75 0.84 11.67 -0 0 0 -83.43 9.05 40.85 16.09 -25.65 -3.69 -0 0 -40.52 27.86 1.31 0.69 -7.12 0 -0 1.03 31.46 -0.34 -0 0 0 82.61 -5.84 41.28 -14.43 23.34 -2.99 0 -0 -14.11 -18.26 -21.52 6.9 7.12 -0 -0 10.74 -52.22 -1.93
5.6 15.6 28.48 -98.81 -88.76 113.76 0 0 0 -19.82 -19.77 -9.98 0.17 2.64 7.28 -0.19 8.66 -7.24 0.14 -2.43 -6.71 0 0 0 20.01 30.27 -19.76 -2.95 -10.62 30.99 -0.41 -10.49 -20.04 -0 -0.44 1.22 -0.39 -0.24 -21.83 1.05 -0.66 -4.85 1.16 -0.47 6.9 2.37 2.14 -20.33 5.28 0.38 25.17 1.6 0.99 11.62 -0 0 0 -83.11 9.05 42.78 16.15 -25.73 -3.71 -0 0 -40.02 27.79 1.19 0.63 -7.12 0 -0 0.97 31.32 -0.33 -0 0 0 82.47 -5.77 42.25 -14.37 23.26 -2.97 0 -0 -14.05 -17.87 -21.45 6.73 7.12 -0 -0 11.09 -52.07 -1.95
5.6 15.6 28.47 -96.28 -88.79 111.23 0 0 0 -19.82 -19.81 -9.93 0.17 2.63 7.25 -0.19 8.68 -7.23 0.14 -2.43 -6.7 0 0 0 20.03 30.23 -19.73 -2.95 -10.61 30.98 -0.4 -10.52 -20.05 -0 -0.43 1.18 -0.35 -0.23 -21.87 1.03 -0.65 -4.87 1.13 -0.47 6.9 2.56 2.35 -20.14 4.86 0.75 25.28 1.47 1.11 11.62 0 -0 0 -82.78 9.02 44.68 16.24 -25.84 -3.75 -0 0 -39.31 27.5 0.95 0.5 -7.12 0 -0 0.74 31.05 -0.25 0 -0 0 82.42 -5.68 42.83 -14.32 23.2 -2.95 0 -0 -13.71 -17.52 -21.26 6.53 7.12 -0 -0 11.37 -51.82 -1.93
5.59 15.6 28.47 -93.2 -88.8 108.13 0 0 0 -19.82 -19.86 -9.86 0.17 2.62 7.22 -0.2 8.69 -7.21 0.15 -2.46 -6.78 0 0 0 20.06 30.2 -19.68 -2.95 -10.61 30.98 -0.41 -10.54 -20.1 -0.01 -0.46 1.27 -0.32 -0.2 -21.91 1.01 -0.61 -4.87 1.09 -0.45 6.92 2.65 2.5 -20 4.53 1.03 25.44 1.37 1.21 11.65 0 0 0 -82.46 8.95 46.6 16.36 -26 -3.8 -0 0 -38.77 27.26 0.86 0.44 -7.12 0 -0 0.55 30.94 -0.19 0 0 0 82.47 -5.6 43.01 -14.29 23.15 -2.94 0 -0 -13.08 -17.22 -21.02 6.34 7.12 -0 -0 11.56 -51.53 -1.88
5.59 15.6 28.47 -90.21 -88.81 105.12 0 0 0 -19.8 -19.91 -9.83 0.17 2.63 7.26 -0.2 8.69 -7.23 0.15 -2.48 -6.85 0 0 0 20.11 30.15 -19.62 -2.95 -10.61 30.96 -0.41 -10.55 -20.12 -0.01 -0.48 1.31 -0.27 -0.16 -21.93 0.98 -0.57 -4.86 1.04 -0.43 6.95 2.71 2.61 -19.9 4.26 1.25 25.59 1.3 1.28 11.68 -0 0 0 -82.21 8.79 48.18 16.43 -26.1 -3.83 -0 0 -38.26 26.99 1 0.51 -7.12 0 -0 0.33 31.1 -0.11 -0 0 0 82.51 -5.55 43.24 -14.31 23.17 -2.95 0 -0 -12.25 -17.31 -20.77 6.31 7.12 -0 -0 11.38 -51.29 -1.78
5.59 15.6 28.46 -87.78 -88.79 102.67 0 0 0 -19.77 -19.96 -9.86 0.17 2.67 7.37 -0.2 8.69 -7.28 0.15 -2.53 -6.97 0 0 0 20.16 30.11 -19.57 -2.94 -10.6 30.94 -0.41 -10.58 -20.14 -0.01 -0.47 1.29 -0.2 -0.13 -21.96 0.94 -0.54 -4.84 0.97 -0.41 6.98 2.84 2.7 -19.78 3.95 1.41 25.7 1.19 1.32 11.71 0 -0 0 -82.01 8.61 49.32 16.48 -26.17 -3.86 -0 0 -37.85 26.63 1.29 0.65 -7.12 0 -0 0.05 31.42 -0.01 0 -0 0 82.54 -5.53 43.5 -14.34 23.22 -2.96 0 -0 -11.09 -17.5 -20.36 6.26 7.12 -0 -0 11.05 -50.91 -1.63
5.58 15.6 28.46 -85.53 -88.8 100.4 0 0 0 -19.78 -19.99 -9.81 0.17 2.67 7.37 -0.19 8.69 -7.28 0.16 -2.55 -7.03 0 0 0 20.19 30.09 -19.52 -2.94 -10.6 30.95 -0.41 -10.6 -20.19 -0.01 -0.49 1.34 -0.19 -0.11 -21.95 0.92 -0.52 -4.83 0.94 -0.4 6.98 2.82 2.73 -19.6 3.82 1.52 25.71 1.16 1.35 11.67 -0 -0 0 -81.89 8.44 49.89 16.44 -26.12 -3.84 -0 0 -37.3 26.23 1.38 0.68 -7.12 0 -0 -0.27 31.52 0.09 -0 -0 0 82.57 -5.47 43.41 -14.24 23.08 -2.92 0 -0 -9.06 -17.48 -19.76 6.08 7.12 -0 -0 10.85 -50.3 -1.43
5.58 15.6 28.45 -84.78 -88.79 99.63 0 0 0 -19.75 -20 -9.8 0.17 2.68 7.4 -0.19 8.68 -7.3 0.15 -2.51 -6.92 0 0 0 20.24 30.08 -19.46 -2.94 -10.59 30.91 -0.41 -10.59 -20.2 -0.01 -0.53 1.45 -0.15 -0.08 -21.96 0.89 -0.48 -4.82 0.9 -0.38 7 2.84 2.74 -19.47 3.7 1.57 25.73 1.11 1.35 11.65 0 0 0 -81.77 8.31 50.11 16.4 -26.06 -3.82 -0 0 -36.94 26.05 1.29 0.63 -7.12 0 -0 -0.41 31.41 0.14 0 0 0 82.56 -5.44 43.69 -14.19 23 -2.9 0 -0 -7.98 -17.31 -19.21 5.86 7.12 -0 -0 10.83 -49.72 -1.27
5.58 15.6 28.45 -85.16 -88.79 100 0 0 0 -19.71 -19.98 -9.8 0.17 2.67 7.37 -0.2 8.7 -7.26 0.16 -2.54 -7 0 0 0 20.27 30.08 -19.39 -2.93 -10.57 30.85 -0.41 -10.6 -20.19 -0.01 -0.52 1.44 -0.14 -0.05 -21.98 0.85 -0.44 -4.81 0.86 -0.36 7.02 2.81 2.74 -19.33 3.69 1.57 25.77 1.11 1.35 11.64 0 0 0 -81.59 8.28 50.39 16.46 -26.14 -3.85 -0 0 -37.38 26.65 1.25 0.63 -7.12 0 -0 0.07 31.38 -0.02 0 0 0 82.52 -5.42 44.22 -14.17 22.98 -2.89 0 -0 -7.87 -17.25 -19.11 5.8 7.12 -0 -0 10.86 -49.61 -1.25
5.57 15.6 28.45 -86.08 -88.8 100.91 0 0 0 -19.71 -19.96 -9.8 0.17 2.68 7.4 -0.19 8.7 -7.29 0.15 -2.53 -6.96 0 0 0 20.29 30.09 -19.35 -2.92 -10.57 30.84 -0.41 -10.63 -20.18 -0.01 -0.5 1.37 -0.15 -0.04 -21.99 0.81 -0.42 -4.82 0.83 -0.35 7.01 2.93 2.75 -19.23 3.57 1.58 25.86 1.05 1.35 11.66 0 -0 0 -81.39 8.31 50.59 16.52 -26.22 -3.87 -0 0 -37.85 26.97 1.19 0.61 -7.12 0 -0 0.32 31.32 -0.11 0 -0 0 82.5 -5.41 44.68 -14.15 22.95 -2.89 0 -0 -7.98 -17.2 -19.2 5.81 7.12 -0 -0 10.93 -49.69 -1.28
5.57 15.6 28.45 -87.38 -88.8 102.2 0 0 0 -19.72 -19.93 -9.81 0.18 2.7 7.45 -0.19 8.69 -7.31 0.16 -2.6 -7.15 0 0 0 20.31 30.13 -19.32 -2.92 -10.57 30.84 -0.4 -10.67 -20.17 -0.01 -0.46 1.25 -0.19 -0.04 -22.01 0.8 -0.41 -4.81 0.84 -0.35 7.03 2.99 2.76 -19.12 3.56 1.58 25.88 1.04 1.35 11.64 0 -0 0 -81.28 8.34 50.65 16.56 -26.28 -3.89 -0 0 -38.16 26.98 1.05 0.54 -7.12 0 -0 0.33 31.16 -0.11 0 -0 0 82.46 -5.4 45.16 -14.16 22.97 -2.89 0 -0 -8.01 -17.16 -19.23 5.81 7.12 -0 -0 10.98 -49.72 -1.29
5.56 15.6 28.44 -88.23 -88.79 103.06 0 0 0 -19.7 -19.92 -9.84 0.18 2.73 7.52 -0.19 8.69 -7.35 0.17 -2.64 -7.28 0 0 0 20.34 30.12 -19.3 -2.92 -10.57 30.83 -0.4 -10.67 -20.15 -0 -0.41 1.14 -0.2 -0.04 -22.05 0.79 -0.41 -4.79 0.84 -0.35 7.07 3.05 2.76 -19.07 3.53 1.57 25.91 1.01 1.35 11.65 0 -0 0 -81.21 8.38 50.76 16.63 -26.37 -3.92 -0 0 -38.58 27.11 1.04 0.53 -7.12 0 -0 0.43 31.15 -0.15 0 -0 0 82.43 -5.36 45.48 -14.16 22.96 -2.89 0 -0 -7.8 -17.07 -19.12 5.74 7.12 -0 -0 11.03 -49.59 -1.26
5.56 15.6 28.44 -88.66 -88.77 103.5 0 0 0 -19.68 -19.91 -9.86 0.18 2.75 7.57 -0.19 8.69 -7.38 0.17 -2.68 -7.38 0 0 0 20.38 30.15 -19.27 -2.92 -10.56 30.81 -0.4 -10.67 -20.17 -0 -0.45 1.25 -0.2 -0.02 -22.07 0.79 -0.39 -4.77 0.84 -0.34 7.1 2.95 2.72 -19 3.67 1.5 25.91 1.07 1.32 11.63 -0 -0 0 -81.18 8.41 50.89 16.69 -26.44 -3.95 -0 0 -38.91 27.13 1.1 0.57 -7.12 0 -0 0.44 31.22 -0.15 -0 -0 0 82.41 -5.33 45.66 -14.16 22.97 -2.89 0 -0 -7.64 -17.07 -19.02 5.71 7.12 -0 -0 11 -49.49 -1.23
5.56 15.6 28.44 -88.69 -88.75 103.53 0 0 0 -19.65 -19.92 -9.9 0.19 2.77 7.65 -0.19 8.69 -7.41 0.18 -2.71 -7.48 0 0 0 20.41 30.18 -19.24 -2.91 -10.55 30.78 -0.4 -10.68 -20.17 -0.01 -0.48 1.31 -0.2 -0.01 -22.08 0.79 -0.37 -4.76 0.85 -0.33 7.12 2.88 2.67 -18.94 3.76 1.42 25.9 1.1 1.29 11.62 0 -0 0 -81.21 8.43 50.92 16.71 -26.47 -3.96 -0 0 -39.07 27.01 1.19 0.61 -7.12 0 -0 0.35 31.31 -0.12 0 -0 0 82.23 -5.31 46.02 -14.23 23.06 -2.92 0 -0 -7.86 -17.08 -19.01 5.71 7.12 -0 -0 10.99 -49.48 -1.23
5.56 15.6 28.44 -88.03 -88.72 102.87 0 0 0 -19.61 -19.96 -10.01 0.2 2.85 7.85 -0.19 8.67 -7.51 0.17 -2.68 -7.4 0 0 0 20.47 30.15 -19.2 -2.9 -10.54 30.73 -0.39 -10.7 -20.13 -0 -0.44 1.2 -0.2 -0.03 -22.07 0.81 -0.4 -4.75 0.87 -0.34 7.13 2.97 2.66 -18.89 3.68 1.4 25.91 1.05 1.28 11.61 -0 0 0 -81.3 8.46 50.81 16.72 -26.49 -3.96 -0 0 -39.3 27.05 1.33 0.68 -7.12 0 -0 0.38 31.48 -0.13 -0 0 0 82.09 -5.28 46.26 -14.28 23.13 -2.94 0 -0 -8 -17.09 -19.02 5.72 7.12 -0 -0 10.98 -49.49 -1.23
5.56 15.6 28.44 -87.38 -88.69 102.21 0 0 0 -19.57 -20 -10.08 0.2 2.9 8.01 -0.19 8.66 -7.59 0.17 -2.69 -7.43 0 0 0 20.51 30.15 -19.16 -2.9 -10.53 30.7 -0.39 -10.72 -20.13 -0.01 -0.46 1.27 -0.19 -0.04 -22.04 0.81 -0.4 -4.74 0.86 -0.35 7.13 3.01 2.64 -18.79 3.73 1.35 25.85 1.05 1.26 11.57 0 -0 0 -81.36 8.43 50.66 16.7 -26.46 -3.95 -0 0 -39.31 27.02 1.42 0.72 -7.12 0 -0 0.36 31.58 -0.12 0 -0 0 82.12 -5.25 46.21 -14.27 23.12 -2.93 0 -0 -7.95 -17.14 -19.04 5.75 7.12 -0 -0 10.93 -49.53 -1.23
5.56 15.6 28.43 -87.32 -88.68 102.15 0 0 0 -19.56 -20.01 -10.13 0.21 2.94 8.1 -0.18 8.65 -7.62 0.17 -2.66 -7.34 0 0 0 20.53 30.19 -19.14 -2.9 -10.52 30.69 -0.39 -10.76 -20.14 -0.01 -0.46 1.27 -0.22 -0.04 -22.03 0.83 -0.4 -4.73 0.89 -0.35 7.14 2.93 2.6 -18.67 3.85 1.3 25.75 1.1 1.25 11.51 0 -0 0 -81.39 8.39 50.63 16.68 -26.43 -3.94 -0 0 -39.17 27.07 1.45 0.74 -7.12 0 -0 0.4 31.61 -0.13 0 -0 0 82.09 -5.24 46.24 -14.29 23.15 -2.94 0 -0 -8.02 -17.15 -19.02 5.74 7.12 -0 -0 10.92 -49.5 -1.23
5.56 15.6 28.43 -87.07 -88.66 101.89 0 0 0 -19.54 -20.03 -10.16 0.21 2.96 8.18 -0.18 8.64 -7.65 0.18 -2.71 -7.47 0 0 0 20.56 30.16 -19.13 -2.89 -10.52 30.68 -0.39 -10.75 -20.12 -0 -0.45 1.23 -0.23 -0.06 -22 0.85 -0.42 -4.71 0.92 -0.36 7.14 2.85 2.6 -18.54 3.97 1.29 25.66 1.15 1.25 11.45 -0 0 0 -81.39 8.35 50.67 16.68 -26.43 -3.94 -0 0 -39 27.08 1.44 0.73 -7.12 0 -0 0.41 31.59 -0.13 -0 0 0 82.03 -5.23 46.33 -14.3 23.16 -2.94 0 -0 -8.09 -17.11 -18.97 5.71 7.12 -0 -0 10.95 -49.45 -1.21
5.56 15.6 28.43 -86.7 -88.65 101.53 0 0 0 -19.52 -20.04 -10.2 0.21 2.99 8.24 -0.18 8.64 -7.68 0.18 -2.71 -7.47 0 0 0 20.58 30.11 -19.14 -2.89 -10.51 30.66 -0.39 -10.71 -20.1 -0 -0.45 1.23 -0.19 -0.05 -21.96 0.84 -0.42 -4.71 0.88 -0.35 7.12 2.86 2.59 -18.45 4.01 1.27 25.6 1.16 1.24 11.41 0 0 0 -81.34 8.3 50.73 16.66 -26.41 -3.94 -0 0 -38.84 27.06 1.43 0.73 -7.12 0 -0 0.39 31.59 -0.13 0 0 0 82.12 -5.2 46.2 -14.25 23.09 -2.93 0 -0 -7.97 -17.1 -18.95 5.71 7.12 -0 -0 10.94 -49.43 -1.21
5.56 15.6 28.43 -86.56 -88.64 101.37 0 0 0 -19.5 -20.05 -10.21 0.22 3 8.28 -0.18 8.64 -7.69 0.18 -2.7 -7.44 0 0 0 20.6 30.12 -19.11 -2.89 -10.51 30.64 -0.39 -10.73 -20.1 -0 -0.45 1.24 -0.22 -0.07 -21.92 0.86 -0.44 -4.68 0.92 -0.36 7.13 3.06 2.64 -18.42 3.88 1.32 25.57 1.08 1.27 11.39 0 0 0 -81.26 8.26 50.93 16.68 -26.44 -3.95 -0 0 -38.79 26.86 1.36 0.69 -7.12 0 -0 0.23 31.5 -0.08 0 0 0 82.07 -5.16 46.29 -14.26 23.1 -2.93 0 -0 -8.08 -17.12 -18.96 5.71 7.12 -0 -0 10.93 -49.43 -1.21
5.56 15.6 28.43 -86.46 -88.64 101.27 0 0 0 -19.5 -20.05 -10.21 0.22 3 8.27 -0.18 8.64 -7.67 0.18 -2.73 -7.53 0 0 0 20.59 30.14 -19.11 -2.89 -10.51 30.65 -0.39 -10.73 -20.11 -0.01 -0.47 1.3 -0.23 -0.07 -21.89 0.87 -0.43 -4.63 0.94 -0.36 7.17 3.11 2.65 -18.45 3.88 1.33 25.53 1.08 1.28 11.38 -0 0 0 -81.21 8.16 51.15 16.69 -26.45 -3.95 -0 0 -38.79 26.77 1.31 0.66 -7.12 0 -0 0.16 31.44 -0.05 -0 0 0 82.08 -5.09 46.2 -14.26 23.1 -2.93 0 -0 -8.08 -17.14 -18.97 5.73 7.12 -0 -0 10.91 -49.45 -1.21
5.56 15.6 28.43 -85.94 -88.64 100.75 0 0 0 -19.5 -20.06 -10.21 0.22 2.99 8.26 -0.18 8.64 -7.64 0.19 -2.77 -7.65 0 0 0 20.59 30.14 -19.13 -2.89 -10.51 30.65 -0.39 -10.74 -20.11 -0.01 -0.48 1.32 -0.26 -0.11 -21.86 0.91 -0.48 -4.58 0.99 -0.38 7.21 3.08 2.71 -18.43 3.92 1.41 25.45 1.11 1.32 11.35 0 0 0 -81.24 8.09 51.23 16.7 -26.47 -3.95 -0 0 -38.86 26.8 1.31 0.66 -7.12 0 -0 0.18 31.45 -0.06 0 0 0 82 -5.01 46.32 -14.28 23.14 -2.94 0 -0 -8.17 -17.14 -18.97 5.73 7.12 -0 -0 10.91 -49.45 -1.21
5.57 15.6 28.43 -85.77 -88.66 100.58 0 0 0 -19.52 -20.07 -10.21 0.21 2.98 8.23 -0.18 8.65 -7.62 0.18 -2.73 -7.52 0 0 0 20.55 30.11 -19.17 -2.89 -10.51 30.66 -0.39 -10.72 -20.09 -0 -0.45 1.23 -0.3 -0.17 -21.82 0.95 -0.56 -4.55 1.03 -0.42 7.23 3.07 2.78 -18.32 4.02 1.5 25.31 1.15 1.37 11.27 -0 -0 0 -81.31 8.06 51.19 16.72 -26.49 -3.96 -0 0 -38.96 26.92 1.38 0.7 -7.12 0 -0 0.28 31.53 -0.09 -0 -0 0 81.96 -4.92 46.42 -14.29 23.15 -2.94 0 -0 -8.15 -17.14 -18.99 5.73 7.12 -0 -0 10.91 -49.47 -1.22
5.57 15.6 28.44 -85.67 -88.67 100.5 0 0 0 -19.53 -20.07 -10.2 0.21 2.96 8.16 -0.18 8.65 -7.61 0.17 -2.67 -7.37 0 0 0 20.52 30.11 -19.21 -2.89 -10.52 30.67 -0.39 -10.71 -20.09 -0.01 -0.46 1.27 -0.28 -0.16 -21.77 0.9 -0.54 -4.5 0.97 -0.4 7.25 3.27 2.8 -18.34 3.95 1.49 25.24 1.09 1.37 11.25 -0 0 0 -81.24 8 51.24 16.74 -26.52 -3.97 -0 0 -38.93 26.93 1.39 0.7 -7.12 0 -0 0.29 31.54 -0.09 -0 0 0 82.07 -4.85 46.27 -14.29 23.15 -2.94 0 -0 -8.01 -17.11 -19 5.72 7.12 -0 -0 10.96 -49.48 -1.22
5.57 15.6 28.44 -85.8 -88.66 100.64 0 0 0 -19.51 -20.07 -10.21 0.21 2.94 8.12 -0.18 8.66 -7.59 0.17 -2.64 -7.28 0 0 0 20.5 30.13 -19.25 -2.89 -10.52 30.68 -0.39 -10.68 -20.1 -0.01 -0.52 1.44 -0.22 -0.12 -21.72 0.84 -0.48 -4.45 0.88 -0.37 7.28 3.35 2.8 -18.33 4.03 1.45 25.08 1.1 1.37 11.19 -0 0 0 -81.05 8 51.4 16.89 -26.72 -4.04 -0 0 -38.98 27.01 1.42 0.72 -7.12 0 -0 0.35 31.57 -0.11 -0 0 0 82.19 -4.82 46.07 -14.36 23.25 -2.97 0 -0 -7.9 -17.07 -19.06 5.72 7.12 -0 -0 11.01 -49.53 -1.24
5.58 15.6 28.44 -86.46 -88.68 101.33 0 0 0 -19.53 -20.06 -10.22 0.21 2.92 8.05 -0.19 8.67 -7.53 0.18 -2.7 -7.45 0 0 0 20.46 30.08 -19.33 -2.9 -10.53 30.7 -0.4 -10.6 -20.07 -0.01 -0.5 1.38 -0.25 -0.16 -21.66 0.88 -0.53 -4.38 0.93 -0.4 7.32 3.3 2.86 -18.39 4.06 1.56 24.94 1.14 1.42 11.15 -0 0 0 -80.88 8.21 51.51 17.4 -27.38 -4.27 -0 0 -38.79 27.06 1.48 0.75 -7.12 0 -0 0.39 31.64 -0.13 -0 0 0 82 -4.86 46.12 -14.65 23.65 -3.08 0 -0 -7.91 -16.96 -19.16 5.72 7.12 -0 -0 11.15 -49.62 -1.28
5.58 15.6 28.44 -87.02 -88.69 101.92 0 0 0 -19.55 -20.04 -10.19 0.2 2.88 7.94 -0.19 8.68 -7.46 0.18 -2.71 -7.47 0 0 0 20.41 30.04 -19.41 -2.9 -10.53 30.73 -0.41 -10.51 -20.07 -0.01 -0.53 1.46 -0.25 -0.22 -21.57 0.89 -0.6 -4.32 0.92 -0.43 7.34 3.43 2.95 -18.5 3.96 1.68 24.85 1.09 1.48 11.14 0 -0 0 -80.37 8.77 51.81 18.45 -28.73 -4.76 -0 0 -38.27 27.01 1.39 0.71 -7.12 0 -0 0.35 31.54 -0.11 0 -0 0 81.71 -5.11 46.33 -15.31 24.57 -3.35 0 -0 -8.38 -16.88 -19.14 5.68 7.12 -0 -0 11.22 -49.58 -1.28
5.58 15.6 28.44 -87.56 -88.73 102.47 0 0 0 -19.6 -20.02 -10.13 0.19 2.82 7.78 -0.19 8.69 -7.37 0.17 -2.67 -7.36 0 0 0 20.33 29.99 -19.51 -2.91 -10.55 30.78 -0.41 -10.45 -20.06 -0.01 -0.51 1.4 -0.26 -0.23 -21.45 0.84 -0.61 -4.27 0.88 -0.43 7.33 3.51 3.01 -18.57 3.93 1.74 24.73 1.08 1.51 11.11 -0 -0 0 -79.56 9.55 52.36 19.9 -30.52 -5.48 -0 0 -37.6 26.37 0.74 0.37 -7.12 0 -0 -0.16 30.81 0.06 -0 -0 0 81.35 -5.58 46.61 -16.28 25.9 -3.77 0 -0 -9.56 -16.99 -19.09 5.71 7.12 -0 -0 11.09 -49.55 -1.26
5.59 15.6 28.44 -87.78 -88.76 102.73 0 0 0 -19.62 -20.03 -10.15 0.19 2.8 7.71 -0.19 8.7 -7.32 0.17 -2.66 -7.32 0 0 0 20.26 29.98 -19.62 -2.92 -10.57 30.83 -0.41 -10.42 -20.05 -0.01 -0.5 1.36 -0.27 -0.25 -21.33 0.81 -0.62 -4.24 0.85 -0.43 7.31 3.57 3.05 -18.61 3.85 1.81 24.59 1.05 1.54 11.07 -0 0 0 -78.72 10.44 52.88 21.6 -32.52 -6.37 -0 0 -37.53 26.37 0.28 0.14 -7.12 0 -0 -0.15 30.29 0.06 -0 0 0 80.95 -6.16 46.92 -17.4 27.38 -4.27 0 -0 -10.75 -17.16 -19.26 5.81 7.12 -0 -0 10.99 -49.74 -1.3
5.59 15.6 28.44 -89.04 -88.78 104.03 0 0 0 -19.61 -20.02 -10.2 0.19 2.79 7.7 -0.2 8.7 -7.29 0.17 -2.69 -7.4 0 0 0 20.22 29.98 -19.71 -2.93 -10.58 30.86 -0.42 -10.37 -20.04 -0.01 -0.5 1.38 -0.29 -0.22 -21.24 0.77 -0.58 -4.19 0.82 -0.41 7.31 3.62 3.05 -18.62 3.8 1.84 24.41 1.02 1.55 11 0 0 0 -77.86 11.24 53.22 23.17 -34.28 -7.24 -0 0 -37.64 26.17 -0.01 -0 -7.12 0 -0 -0.31 29.97 0.11 0 0 0 80.61 -6.74 47.05 -18.42 28.69 -4.75 0 -0 -11.49 -17.32 -19.31 5.89 7.12 -0 -0 10.86 -49.83 -1.31
5.59 15.6 28.44 -90.68 -88.77 105.69 0 0 0 -19.59 -20.01 -10.28 0.19 2.81 7.76 -0.19 8.7 -7.32 0.17 -2.68 -7.39 0 0 0 20.21 29.96 -19.78 -2.93 -10.58 30.86 -0.42 -10.31 -19.99 -0.01 -0.48 1.31 -0.35 -0.19 -21.15 0.79 -0.52 -4.13 0.9 -0.39 7.32 3.38 3.03 -18.62 3.88 1.87 24.24 1.1 1.55 10.93 0 -0 0 -77.24 11.89 53.34 24.35 -35.54 -7.91 -0 0 -37.99 26.07 0.09 0.04 -7.12 0 -0 -0.39 30.07 0.14 0 -0 0 80.16 -7.27 47.12 -19.23 29.71 -5.15 0 -0 -11.97 -17.39 -19.3 5.91 7.12 -0 -0 10.78 -49.82 -1.29
5.6 15.6 28.44 -92.14 -88.77 107.16 0 0 0 -19.58 -19.98 -10.3 0.19 2.81 7.76 -0.19 8.7 -7.32 0.18 -2.71 -7.48 0 0 0 20.21 29.92 -19.82 -2.93 -10.58 30.86 -0.42 -10.23 -19.97 -0.01 -0.51 1.39 -0.44 -0.16 -21.01 0.8 -0.45 -4.1 0.98 -0.35 7.29 3.38 3.05 -18.73 3.72 1.94 24.24 1.05 1.56 10.95 0 -0 0 -76.53 12.47 53.78 25.34 -36.55 -8.49 -0 0 -38.35 26.39 0.5 0.25 -7.12 0 -0 -0.14 30.54 0.05 0 -0 0 79.65 -7.94 47.41 -20.18 30.86 -5.62 0 -0 -12.5 -17.6 -19.9 6.16 7.12 -0 -0 10.79 -50.47 -1.47
5.6 15.6 28.43 -93.54 -88.75 108.58 0 0 0 -19.54 -19.96 -10.36 0.19 2.84 7.82 -0.19 8.69 -7.36 0.18 -2.72 -7.5 0 0 0 20.24 29.87 -19.85 -2.92 -10.56 30.83 -0.42 -10.19 -19.91 -0 -0.44 1.21 -0.5 -0.1 -20.87 0.78 -0.36 -4.06 1.02 -0.31 7.26 3.34 3.09 -18.93 3.72 2.01 24.28 1.07 1.59 11.01 0 -0 0 -75.58 13.15 54.65 26.56 -37.76 -9.23 -0 0 -38.24 26.67 0.97 0.49 -7.12 0 -0 0.08 31.07 -0.03 0 -0 0 78.86 -8.86 48.47 -21.67 32.6 -6.41 0 -0 -13.67 -17.67 -20.68 6.42 7.12 -0 -0 11 -51.26 -1.71
5.6 15.6 28.43 -91.3 -88.76 106.39 0 0 0 -19.5 -20.02 -10.42 0.19 2.83 7.79 -0.19 8.71 -7.32 0.18 -2.73 -7.52 0 0 0 20.21 29.8 -19.96 -2.92 -10.56 30.82 -0.42 -10.16 -19.87 -0 -0.41 1.13 -0.59 -0.13 -20.72 0.78 -0.38 -4.06 1.06 -0.32 7.18 3.51 3.23 -19.12 3.52 2.18 24.39 1 1.67 11.09 0 -0 0 -74.53 14.09 55.55 28.1 -39.21 -10.19 -0 0 -37.43 26.01 0.92 0.45 -7.12 0 -0 -0.44 31.01 0.15 0 -0 0 77.87 -9.87 50.02 -23.47 34.6 -7.4 0 -0 -14.88 -17.28 -21.08 6.38 7.12 -0 -0 11.53 -51.6 -1.89
5.6 15.6 28.43 -88.9 -88.78 104.08 0 0 0 -19.49 -20.09 -10.46 0.19 2.8 7.71 -0.2 8.72 -7.27 0.18 -2.7 -7.43 0 0 0 20.14 29.75 -20.1 -2.92 -10.57 30.84 -0.43 -10.08 -19.91 -0.01 -0.47 1.28 -0.65 -0.13 -20.6 0.74 -0.36 -4.07 1.07 -0.31 7.1 3.58 3.33 -19.21 3.45 2.34 24.33 0.99 1.74 11.08 -0 0 0 -73.2 15.17 56.99 30.17 -41.04 -11.52 -0 0 -36.71 25.43 0.89 0.42 -7.12 0 -0 -0.91 30.97 0.31 -0 0 0 76.73 -11.01 51.7 -25.63 36.84 -8.66 0 -0 -15.73 -16.64 -21.12 6.15 7.12 -0 -0 12.17 -51.54 -1.98
5.6 15.61 28.43 -86.21 -88.81 101.48 0 0 0 -19.47 -20.17 -10.5 0.18 2.76 7.62 -0.2 8.73 -7.21 0.17 -2.69 -7.42 0 0 0 20.06 29.71 -20.24 -2.93 -10.58 30.86 -0.44 -10.06 -19.93 -0.01 -0.48 1.32 -0.68 -0.1 -20.51 0.63 -0.3 -4.07 0.98 -0.28 7.05 3.65 3.42 -19.42 3.41 2.44 24.34 0.98 1.79 11.13 -0 0 0 -71.28 16.43 59.21 33.13 -43.43 -13.51 -0 0 -36.56 25.18 1.11 0.52 -7.12 0 -0 -1.11 31.2 0.37 -0 0 0 75.35 -12.38 53.69 -28.42 39.5 -10.39 0 -0 -16.42 -16.47 -21.15 6.09 7.12 -0 -0 12.35 -51.53 -2.01
5.6 15.61 28.42 -84.2 -88.8 99.52 0 0 0 -19.42 -20.23 -10.57 0.19 2.79 7.69 -0.2 8.72 -7.23 0.18 -2.72 -7.51 0 0 0 20.07 29.71 -20.28 -2.93 -10.57 30.85 -0.44 -10.08 -19.94 -0.01 -0.48 1.33 -0.75 -0.12 -20.39 0.59 -0.31 -4.04 0.97 -0.28 7.02 3.71 3.53 -19.7 3.36 2.58 24.44 0.99 1.86 11.22 0 -0 0 -69.05 18 61.7 37.03 -46.21 -16.26 -0 0 -36.22 24.25 1.24 0.56 -7.12 0 -0 -1.85 31.33 0.62 0 -0 0 73.37 -13.88 56.39 -31.89 42.46 -12.66 0 -0 -16.97 -16.45 -21.05 6.05 7.12 -0 -0 12.33 -51.43 -1.98
5.59 15.61 28.42 -82.56 -88.82 97.94 0 0 0 -19.4 -20.27 -10.6 0.19 2.77 7.65 -0.2 8.74 -7.22 0.18 -2.73 -7.53 0 0 0 20.03 29.7 -20.37 -2.93 -10.58 30.89 -0.44 -10.07 -19.95 -0.01 -0.46 1.27 -0.91 -0.17 -20.29 0.57 -0.34 -4 1.04 -0.3 7.02 3.75 3.65 -20.06 3.23 2.76 24.53 0.97 1.93 11.33 0 -0 0 -66.57 19.67 64.38 41.93 -49.17 -19.88 -0 0 -35.32 23.14 1.2 0.51 -7.12 0 -0 -2.74 31.28 0.92 0 -0 0 71 -15.32 59.14 -35.83 45.4 -15.4 0 -0 -16.9 -15.6 -20.75 5.65 7.12 -0 -0 13.04 -50.99 -1.95
5.59 15.6 28.42 -80.07 -88.85 95.47 0 0 0 -19.43 -20.31 -10.56 0.18 2.74 7.57 -0.2 8.75 -7.17 0.18 -2.75 -7.57 0 0 0 19.98 29.68 -20.44 -2.95 -10.61 30.97 -0.45 -10.03 -20.03 -0.01 -0.53 1.45 -1.11 -0.24 -20.15 0.6 -0.38 -3.95 1.16 -0.32 6.99 3.76 3.76 -20.36 3.05 2.95 24.53 0.94 2 11.39 -0 0 0 -63.95 21.38 67.03 47.66 -52.01 -24.32 -0 0 -34.53 22.42 1.05 0.43 -7.12 0 -0 -3.31 31.11 1.13 -0 0 0 68.21 -16.89 62.03 -40.42 48.32 -18.75 0 -0 -16.5 -15.16 -20.63 5.46 7.12 -0 -0 13.41 -50.8 -1.95
5.59 15.6 28.42 -77.05 -88.83 92.44 0 0 0 -19.41 -20.41 -10.65 0.19 2.82 7.78 -0.2 8.73 -7.25 0.18 -2.76 -7.6 0 0 0 20.01 29.57 -20.45 -2.95 -10.62 31 -0.46 -9.99 -20.04 -0.01 -0.51 1.4 -1.2 -0.29 -19.96 0.59 -0.42 -3.88 1.2 -0.34 6.97 3.85 3.88 -20.68 2.88 3.13 24.5 0.9 2.07 11.45 -0 -0 0 -61.19 23.09 69.41 53.75 -54.4 -29.2 -0 0 -33.77 22.53 0.88 0.37 -7.12 0 -0 -3.21 30.92 1.11 -0 -0 0 65.17 -18.41 65.02 -45.55 51.04 -22.67 0 -0 -16.61 -15.57 -20.95 5.69 7.12 -0 -0 13.14 -51.19 -2.03
5.58 15.6 28.42 -74.99 -88.79 90.39 0 0 0 -19.37 -20.51 -10.81 0.21 2.93 8.09 -0.19 8.71 -7.4 0.18 -2.73 -7.52 0 0 0 20.04 29.45 -20.49 -2.95 -10.61 30.99 -0.46 -9.93 -20.02 -0.01 -0.47 1.28 -1.21 -0.26 -19.79 0.5 -0.37 -3.85 1.13 -0.31 6.91 3.92 3.93 -20.97 2.81 3.2 24.46 0.88 2.1 11.49 0 -0 0 -58.1 24.72 71.93 60.31 -56.39 -34.6 -0 0 -33.43 23.51 0.69 0.3 -7.12 0 -0 -2.43 30.72 0.85 0 -0 0 62.1 -20 67.72 -50.96 53.38 -26.94 0 -0 -17.26 -15.99 -21.27 5.94 7.12 -0 -0 12.86 -51.57 -2.11
5.58 15.6 28.41 -85.51 -88.75 100.93 0 0 0 -19.29 -20.34 -11.03 0.23 3.06 8.44 -0.18 8.65 -7.67 0.18 -2.7 -7.45 0 0 0 20.15 29.71 -20.36 -2.94 -10.59 30.92 -0.45 -9.97 -19.99 -0.01 -0.5 1.38 -1.37 -0.22 -19.73 0.52 -0.28 -3.8 1.26 -0.27 6.93 3.93 4.04 -21.28 2.67 3.38 24.4 0.86 2.17 11.53 0 -0 0 -55 26.31 74.43 67.29 -57.96 -40.47 -0 0 -33.68 23.86 0.54 0.24 -7.12 0 -0 -2.15 30.57 0.76 0 -0 0 58.74 -21.44 70.44 -56.77 55.39 -31.67 0 -0 -18.32 -16.04 -21.54 6.02 7.12 -0 -0 12.93 -51.85 -2.21
5.57 15.6 28.4 -89.44 -88.74 104.89 0 0 0 -19.23 -20.28 -11.16 0.23 3.12 8.61 -0.18 8.62 -7.78 0.18 -2.72 -7.51 0 0 0 20.18 29.92 -20.3 -2.94 -10.59 30.91 -0.45 -10.06 -20.02 -0.01 -0.55 1.5 -1.54 -0.19 -19.59 0.51 -0.21 -3.76 1.37 -0.24 6.89 3.83 4.14 -21.61 2.49 3.6 24.27 0.85 2.24 11.54 -0 0 0 -51.76 27.7 77.11 74.48 -59.07 -46.6 -0 0 -34.37 23.52 1.14 0.49 -7.12 0 -0 -2.43 31.21 0.82 -0 0 0 55.33 -22.84 73 -63.22 57.11 -37.04 0 -0 -19.32 -15.52 -22.25 6 7.12 -0 -0 13.73 -52.46 -2.56
5.57 15.6 28.4 -87.59 -88.75 103.1 0 0 0 -19.19 -20.34 -11.25 0.24 3.14 8.68 -0.18 8.61 -7.81 0.18 -2.73 -7.51 0 0 0 20.16 29.93 -20.36 -2.94 -10.6 30.94 -0.45 -10.1 -20.07 -0.01 -0.53 1.46 -1.67 -0.28 -19.47 0.49 -0.3 -3.73 1.4 -0.28 6.87 4.04 4.38 -21.88 2.09 3.99 24.04 0.74 2.39 11.52 0 -0 0 -48.49 29.22 79.75 81.64 -59.73 -52.77 -0 0 -34.62 22.97 1.86 0.79 -7.12 0 -0 -2.91 31.99 0.93 0 -0 0 51.76 -23.96 75.87 -70.19 58.46 -42.93 0 -0 -20.71 -14.65 -22.65 5.75 7.12 -0 -0 14.76 -52.7 -2.85
5.57 15.6 28.41 -81.08 -88.79 96.72 0 0 0 -19.21 -20.52 -11.29 0.23 3.09 8.53 -0.18 8.64 -7.68 0.18 -2.73 -7.52 0 0 0 19.99 29.7 -20.64 -2.95 -10.62 31.01 -0.47 -9.91 -20.1 -0.01 -0.56 1.53 -1.76 -0.42 -19.4 0.54 -0.46 -3.72 1.45 -0.36 6.85 4.18 4.67 -22.15 1.59 4.5 23.74 0.61 2.57 11.48 -0 -0 0 -45.37 30.75 82.51 88.49 -59.99 -58.69 -0 0 -34.35 22.34 2.47 1.01 -7.12 0 -0 -3.44 32.63 1.04 -0 -0 0 47.96 -25.02 78.85 -77.6 59.41 -49.29 0 -0 -21.92 -13.94 -23.07 5.56 7.12 -0 -0 15.66 -52.99 -3.14
5.57 15.6 28.42 -73.04 -88.78 88.82 0 0 0 -19.19 -20.75 -11.41 0.23 3.07 8.48 -0.19 8.67 -7.57 0.18 -2.75 -7.59 0 0 0 19.84 29.46 -20.94 -2.96 -10.63 31.05 -0.49 -9.73 -20.13 -0.01 -0.59 1.62 -1.64 -0.34 -19.4 0.42 -0.37 -3.67 1.28 -0.31 6.9 4.12 4.77 -22.5 1.24 4.77 23.33 0.54 2.64 11.4 0 0 0 -41.92 31.8 85.74 94.89 -59.91 -64.23 -0 0 -34.47 21.53 3.35 1.32 -7.12 0 -0 -4.16 33.56 1.17 0 0 0 44.61 -26.53 81.31 -85.41 59.92 -56.03 0 -0 -23.07 -13.21 -23.64 5.38 7.12 -0 -0 16.65 -53.42 -3.52
5.56 15.6 28.41 -75.52 -88.77 91.32 0 0 0 -19.15 -20.71 -11.48 0.24 3.12 8.62 -0.18 8.65 -7.69 0.18 -2.76 -7.62 0 0 0 19.89 29.64 -20.83 -2.96 -10.63 31.04 -0.48 -9.87 -20.19 -0.01 -0.59 1.61 -1.72 -0.3 -19.4 0.35 -0.28 -3.54 1.28 -0.27 7.04 4.17 4.99 -22.94 0.76 5.18 22.93 0.43 2.78 11.35 0 -0 0 -38.67 32.95 88.81 101.11 -59.53 -69.61 -0 0 -36.45 19.94 5.09 1.84 -7.12 0 -0 -5.61 35.35 1.34 0 -0 0 41.4 -27.91 83.85 -93.19 59.96 -62.76 0 -0 -24.74 -11.27 -23.65 4.57 7.12 -0 -0 18.56 -53.08 -3.79
5.57 15.6 28.43 -66.91 -88.75 82.84 0 0 0 -19.16 -20.98 -11.64 0.24 3.13 8.65 -0.18 8.66 -7.6 0.18 -2.73 -7.53 0 0 0 19.71 29.31 -21.17 -2.97 -10.64 31.08 -0.5 -9.64 -20.18 -0.01 -0.55 1.51 -1.54 -0.33 -19.35 0.19 -0.34 -3.47 0.99 -0.29 7.08 4.5 5.32 -23.43 0.13 5.7 22.51 0.24 2.96 11.32 0 0 0 -35.62 34.17 91.83 107.42 -58.82 -75.03 -0 0 -40.62 17.37 7.86 2.45 -7.12 0 -0 -8.11 38.1 1.39 0 0 0 38.45 -29.16 86.3 -100.5 59.58 -69.08 0 -0 -27.19 -8.56 -24.31 3.55 7.12 -0 -0 21.52 -53.22 -4.51
5.57 15.6 28.45 -59.86 -88.7 75.9 0 0 0 -19.15 -21.22 -11.79 0.24 3.15 8.69 -0.19 8.68 -7.53 0.18 -2.7 -7.46 0 0 0 19.56 29.07 -21.46 -2.98 -10.66 31.16 -0.52 -9.51 -20.19 -0.01 -0.5 1.37 -1.41 -0.29 -19.26 0.09 -0.31 -3.41 0.81 -0.27 7.1 4.46 5.55 -23.88 -0.41 6.17 21.93 0.13 3.1 11.22 0 -0 0 -32.91 35.1 95.04 113.81 -57.74 -80.47 -0 0 -46.07 13.58 12.13 2.91 -7.12 0 -0 -12.22 42.13 0.88 0 -0 0 35.89 -30.6 88.25 -107.21 58.85 -74.84 0 -0 -31.21 -4.49 -25.54 1.94 7.12 -0 -0 26.16 -53.61 -5.85
5.57 15.6 28.46 -57.04 -88.71 73.14 0 0 0 -19.19 -21.32 -11.88 0.24 3.17 8.74 -0.19 8.67 -7.5 0.18 -2.73 -7.54 0 0 0 19.44 29.02 -21.61 -3 -10.69 31.25 -0.53 -9.46 -20.24 -0.01 -0.51 1.41 -1.43 -0.22 -19.2 -0 -0.19 -3.28 0.75 -0.21 7.21 4.43 5.74 -24.48 -0.99 6.58 21.31 0 3.21 11.12 -0 0 0 -30.62 35.79 98 120.41 -56.2 -86 -0 0 -54.21 10.22 17.18 3.05 -7.12 0 -0 -16.73 46.71 -0.73 -0 0 0 33.82 -31.95 89.87 -113.38 57.83 -80.1 0 -0 -35.42 0.4 -27.99 -0.19 7.12 -0 -0 32.47 -54.84 -8.51
5.57 15.6 28.46 -54.82 -88.68 70.98 0 0 0 -19.19 -21.44 -12.02 0.25 3.21 8.87 -0.19 8.67 -7.51 0.18 -2.74 -7.56 0 0 0 19.35 29.03 -21.75 -3.01 -10.72 31.33 -0.53 -9.49 -20.29 -0.01 -0.47 1.3 -1.32 -0.14 -19.1 -0.22 -0.09 -3.12 0.49 -0.16 7.32 4.83 6.02 -25.35 -1.75 6.98 20.8 -0.25 3.32 11.15 -0 -0 0 -28.69 36.39 100.34 127 -54.14 -91.41 -0 0 -64.99 9.24 21.04 3.34 -7.12 0 -0 -19.22 50.27 -2.58 -0 -0 0 32.08 -32.9 91.76 -119.38 56.47 -85.14 0 -0 -40.02 3.94 -30.97 -2.03 7.12 -0 -0 38.24 -56.58 -12.07
5.58 15.6 28.47 -53.05 -88.69 69.34 0 0 0 -19.19 -21.56 -12.25 0.25 3.25 8.97 -0.19 8.66 -7.5 0.18 -2.72 -7.5 0 0 0 19.18 29.2 -21.97 -3.04 -10.76 31.47 -0.52 -9.64 -20.35 -0 -0.45 1.23 -1.33 -0.04 -19.1 -0.36 0.07 -2.9 0.38 -0.07 7.55 4.9 6.26 -26.39 -2.5 7.42 20.15 -0.44 3.41 11.14 0 -0 0 -27.8 36.65 101.7 132.73 -51.84 -95.99 -0 0 -75.43 10.77 24.85 4.57 -7.12 0 -0 -19.68 54.12 -4.55 0 -0 0 30.7 -33.66 93.45 -124.96 54.84 -89.75 0 -0 -47.62 7.21 -33.99 -4.05 7.12 -0 -0 44.2 -58.2 -16.31
5.58 15.6 28.48 -54.07 -88.78 70.46 0 0 0 -19.19 -21.59 -12.52 0.26 3.29 9.1 -0.18 8.62 -7.51 0.16 -2.61 -7.2 0 0 0 18.98 29.7 -22.13 -3.08 -10.82 31.67 -0.49 -10.01 -20.43 -0 -0.45 1.24 -2 -0.12 -19.16 -0.03 0.09 -2.55 1.12 -0.08 7.97 4.79 6.59 -27.47 -3.7 8.15 19.21 -0.72 3.57 11.06 0 -0 0 -28.87 36.75 101.77 136.85 -49.83 -99.18 -0 0 -83.04 16.49 28.49 8.03 -7.12 0 -0 -16.05 58.76 -5.49 0 -0 0 29.16 -33.86 94.88 -130.21 52.91 -93.99 0 -0 -57.45 7.83 -37.74 -4.81 7.12 -0 -0 49.1 -60.74 -21.77
5.59 15.59 28.49 -57.98 -88.82 74.51 0 0 0 -19.13 -21.65 -12.98 0.29 3.44 9.49 -0.18 8.56 -7.69 0.15 -2.47 -6.8 0 0 0 18.8 30.15 -22.31 -3.1 -10.85 31.78 -0.46 -10.32 -20.46 -0.01 -0.46 1.27 -2.15 -0.1 -19.23 -0.04 0.18 -2.21 1.21 -0.05 8.38 5.15 7.05 -28.33 -5.01 8.86 17.85 -1.11 3.74 10.83 -0 0 0 -30.16 36.49 101.24 139.27 -48.49 -101.02 -0 0 -88.15 26.44 30.29 14.08 -7.12 0 -0 -5.96 63.01 -2.61 -0 0 0 29.13 -33.79 95.83 -134.89 50.82 -97.67 0 -0 -67.38 4 -41.8 -2.67 7.12 -0 -0 51.38 -64.47 -27.52
5.6 15.59 28.51 -65.8 -88.6 82.44 0 0 0 -18.76 -22 -13.8 0.36 3.87 10.7 -0.17 8.64 -8.22 0.15 -2.51 -6.91 0 0 0 18.94 30.44 -22.34 -3.06 -10.8 31.61 -0.43 -10.54 -20.33 -0 -0.43 1.18 -1.95 -0.02 -19.12 0.02 0.25 -1.88 1.19 -0 8.67 5.76 7.73 -29.35 -6.79 9.82 16.5 -1.67 3.97 10.7 0 -0 0 -32.13 35.86 100.45 140.25 -47.92 -101.75 -0 0 -92.4 36.74 30.1 20.53 -7.12 0 -0 7.65 65.71 3.84 0 -0 0 30.1 -33.44 96.3 -138.6 48.88 -100.51 0 -0 -73.44 -7.19 -46.34 5.21 7.12 -0 -0 50 -70.83 -33.32
5.62 15.59 28.53 -66.04 -88.18 82.74 0 0 0 -18.27 -22.36 -14.74 0.46 4.36 12.09 -0.14 8.51 -8.77 0.15 -2.51 -6.91 0 0 0 19.26 30.56 -22.26 -3.01 -10.71 31.32 -0.38 -10.82 -20.15 -0 -0.35 0.97 -1.55 0.02 -18.78 0.03 0.24 -1.57 0.97 0.01 8.82 6.55 8.66 -30.36 -8.68 11.02 14.98 -2.23 4.3 10.56 0 0 0 -34.25 34.91 99.61 140.75 -47.62 -102.12 -0 0 -97.2 44.74 30.43 26.65 -7.12 0 -0 20.49 68.54 11.76 0 0 0 31.98 -32.62 96.64 -140.62 47.7 -102.02 0 -0 -74.56 -22.8 -49.96 17.84 7.12 -0 -0 47.99 -78.86 -39.11
5.65 15.58 28.55 -60.61 -87.89 77.28 0 0 0 -18.04 -22.57 -15.37 0.53 4.65 12.91 -0.11 8.2 -8.97 0.14 -2.45 -6.75 0 0 0 19.36 30.58 -22.34 -3.01 -10.72 31.33 -0.35 -11.14 -20.1 -0 -0.29 0.8 -1.35 0.02 -18.09 -0.12 0.22 -1.32 0.69 0.01 8.72 6.9 9.68 -30.91 -10.09 12.33 13.1 -2.54 4.75 10.21 -0 0 0 -35.96 33.75 99.09 141.67 -47.05 -102.8 -0 0 -103.18 54.02 30.2 34.71 -7.12 0 -0 40.08 71.07 26.19 -0 0 0 34.27 -31.43 96.77 -141.48 47.17 -102.65 0 -0 -76.7 -37.31 -52.31 31.09 7.12 -0 -0 64.75 -86.37 -61.42
5.69 15.57 28.57 -55.45 -87.95 72.11 0 0 0 -18.22 -22.69 -15.62 0.54 4.71 13.08 -0.11 8.05 -8.83 0.14 -2.42 -6.67 0 0 0 19.01 30.68 -22.8 -3.11 -10.87 31.84 -0.32 -11.39 -20.09 -0 -0.08 0.22 -1.61 0.01 -17.34 -0.34 0.27 -1.07 0.61 0.04 8.58 7.77 11.07 -31.44 -12.34 14.08 11.36 -3.12 5.32 10.1 -0 0 0 -37.49 32.48 98.79 142.89 -46.26 -103.68 -0 0 -109.07 63.65 29.2 44.56 -7.12 0 -0 66.92 71.79 48.37 -0 0 0 36.28 -30.01 96.68 -142.34 46.62 -103.28 0 -0 -82.99 -50.69 -53.59 44.51 7.12 -0 -0 -173.9 85.03 -174.45
5.72 15.56 28.6 -53.2 -88.08 70.11 0 0 0 -18.34 -22.87 -16.23 0.57 4.83 13.42 -0.1 7.99 -8.84 0.13 -2.31 -6.36 0 0 0 18.46 30.87 -23.66 -3.23 -11.06 32.49 -0.3 -11.49 -20.01 -0 0.21 -0.58 -1.8 0.09 -17.03 -0.6 0.45 -0.76 0.48 0.13 8.74 8.9 12.71 -31.94 -15.18 16.15 9.66 -3.86 5.97 10.19 0 -0 0 -38.83 30.89 99 143.95 -45.55 -104.44 -0 0 -113.06 74.02 28.14 58.73 -7.12 0 -0 79.98 -68.82 -101.64 0 -0 0 38.21 -28.61 96.22 -143.44 45.9 -104.07 0 -0 -91.8 -64.61 -53.18 59.34 7.12 -0 -0 -160.3 77.34 -165
5.75 15.55 28.63 -51.13 -87.91 68.5 0 0 0 -18.01 -23.22 -17.59 0.67 5.22 14.54 -0.07 7.68 -9.18 0.11 -2.15 -5.92 0 0 0 18.1 30.97 -24.77 -3.34 -11.23 33.06 -0.28 -11.5 -19.84 -0.01 0.48 -1.32 -1.78 0.19 -16.93 -0.87 0.62 -0.46 0.22 0.22 9.01 10.23 14.5 -32.5 -18.21 18.34 7.99 -4.61 6.66 10.47 0 -0 0 -39.53 29.23 99.8 144.46 -45.19 -104.81 -0 0 -114.78 79.65 27.91 68.69 -7.12 0 -0 98.49 -67.4 -123.44 0 -0 0 40.53 -27.43 96.12 -144.1 45.44 -104.55 0 -0 -95.33 -77.11 -52.06 73.82 7.12 -0 -0 -159.8 69.38 -168.03
5.8 15.54 28.64 -46.82 -87.79 64.73 0 0 0 -17.73 -23.46 -19.26 0.79 5.66 15.81 -0.03 7.14 -9.4 0.11 -2.15 -5.91 0 0 0 17.52 30.93 -26.36 -3.53 -11.51 34.02 -0.3 -11.24 -19.73 -0.01 0.68 -1.88 -2.15 0.19 -16.5 -1.14 0.71 -0.33 0.16 0.25 8.9 11.18 16.14 -32.93 -20.61 20.33 6.36 -5.09 7.32 10.69 -0 -0 0 -39.56 28.07 100.7 144.44 -45.21 -104.79 -0 0 -115.64 83.3 27.94 75.93 -7.12 0 -0 111.04 -65.34 -137.95 -0 -0 0 42.38 -26.65 96.74 -144.16 45.4 -104.59 0 -0 -95.47 -85.45 -51.24 84.17 7.12 -0 -0 -161.44 63.38 -171.58
5.86 15.51 28.65 -45.25 -88.05 63.94 0 0 0 -17.5 -23.88 -21.29 0.93 6.15 17.23 -0 6.91 -9.75 0.12 -2.21 -6.1 0 0 0 16.43 30.89 -28.92 -3.88 -12 35.73 -0.36 -10.47 -19.57 -0.02 0.99 -2.73 -3.21 0.17 -15.81 -1.32 0.86 -0.49 0.6 0.29 8.34 12.08 17.59 -32.72 -22.8 22.05 4.53 -5.54 7.96 10.74 -0 0 0 -39.27 27.48 101.5 144.43 -45.22 -104.78 -0 0 -116.31 83.86 28.08 77.13 -7.12 0 -0 113.21 -64.94 -140.33 -0 0 0 42.94 -26.57 97.7 -143.95 45.55 -104.44 0 -0 -95.82 -88.61 -50.75 88.2 7.12 -0 -0 -162.02 60.97 -172.87
5.93 15.47 28.66 -50.49 -88.62 70.35 0 0 0 -17.15 -24.31 -24.08 1.14 6.77 19.05 0.03 6.75 -10.29 0.13 -2.34 -6.45 0 0 0 14.81 31.05 -32.62 -4.41 -12.68 38.19 -0.44 -9.23 -19.17 -0.05 1.45 -4 -4.54 0.19 -15.49 -1.58 1.1 -0.73 1.12 0.36 7.87 13.51 18.95 -32.04 -25.15 23.44 2.44 -6.16 8.52 10.72 -0 -0 0 -38.64 27.08 101.74 144.54 -45.14 -104.86 -0 0 -117.04 82.65 28.27 74.77 -7.12 0 -0 109.78 -65.86 -136.16 -0 -0 0 42.77 -26.78 98.45 -143.84 45.63 -104.36 0 -0 -96.66 -89.46 -50.64 89.3 7.12 -0 -0 -162.22 60.31 -173.24
6 15.42 28.66 -72.19 -89.24 93.54 0 0 0 -16.62 -24.94 -27.19 1.36 7.38 20.86 0.06 6.81 -11 0.13 -2.3 -6.33 0 0 0 12.87 30.96 -37.27 -5.1 -13.49 41.24 -0.53 -7.34 -18.33 -0.09 1.91 -5.25 -6.05 0.18 -15.62 -1.84 1.35 -0.97 1.74 0.44 7.64 14.85 20.1 -31.43 -27.02 24.61 0.84 -6.65 9.01 10.81 0 -0 0 -38.08 26.77 101.42 144.52 -45.15 -104.85 -0 0 -117.8 81.2 28.69 72.12 -7.12 0 -0 106.11 -66.88 -131.48 0 -0 0 42.09 -27.06 99.12 -143.8 45.65 -104.34 0 -0 -97.02 -89.37 -50.67 89.19 7.12 -0 -0 -162.22 60.38 -173.21
6.08 15.38 28.66 -143.56 -89.29 166.4 0 0 0 -15.99 -25.63 -29.95 1.53 7.81 22.14 0.06 7.33 -11.6 0.13 -2.32 -6.38 0 0 0 11.16 29.98 -42.28 -5.86 -14.29 44.42 -0.6 -4.29 -16.82 -0.08 1.86 -5.11 -7.73 0.22 -15.68 -1.98 1.69 -1.29 2.6 0.56 7.26 15.57 20.85 -30.82 -28.38 25.46 -0.27 -6.96 9.39 10.87 0 0 0 -37.8 26.41 101.18 144.48 -45.18 -104.82 -0 0 -118.77 81.05 29.24 72.13 -7.12 0 -0 107.21 -67.1 -132.18 0 0 0 41.12 -27.67 99.75 -143.54 45.82 -104.15 0 -0 -97.31 -89.38 -50.69 89.2 7.12 -0 -0 -162.26 60.37 -173.23
6.15 15.37 28.66 -164.05 -88.42 188.14 0 0 0 -15.17 -25.98 -32.21 1.65 8.09 22.98 0.03 8.06 -12.03 0.15 -2.53 -6.98 0 0 0 10.33 28.08 -46.97 -6.57 -14.96 47.23 -0.53 -0.47 -13.94 -0.04 1.3 -3.56 -8.92 0.4 -15.46 -2.12 2.08 -1.57 3.2 0.74 6.76 15.89 21.27 -30.17 -29.43 26 -1.24 -7.19 9.66 10.82 0 -0 0 -37.73 25.96 101.22 144.7 -45.03 -104.97 -0 0 -119.81 82.59 29.45 75.18 -7.12 0 -0 112.7 -66.12 -138.32 0 -0 0 40.56 -28.27 100.23 -143.15 46.09 -103.87 0 -0 -97.9 -89.55 -50.76 89.42 7.12 -0 -0 -162.42 60.24 -173.34
6.22 15.37 28.67 -162.9 -87.44 187.98 0 0 0 -14.13 -26.2 -33.92 1.72 8.25 23.46 -0.01 8.9 -12.42 0.17 -2.62 -7.22 0 0 0 9.97 26.2 -50.87 -7.12 -15.44 49.34 -0.32 2.99 -10.07 -0 0.38 -1.06 -9.44 0.65 -15.06 -2.34 2.43 -1.84 3.3 0.92 6.18 16.28 21.58 -29.37 -30.28 26.38 -2.03 -7.42 9.89 10.75 0 0 0 -37.65 25.52 101.6 145.25 -44.63 -105.37 -0 0 -120.74 85.24 29.35 80.36 -7.12 0 -0 120.36 -63.93 -147.3 0 0 0 40.58 -28.62 100.62 -142.87 46.28 -103.66 0 -0 -98.76 -90.57 50.62 -90.73 7.12 -0 -0 -162.67 59.44 -173.77
6.28 15.39 28.66 -160.46 -86.62 186.45 0 0 0 -13.17 -26.12 -35.23 1.72 8.26 23.5 -0.05 9.52 -12.68 0.2 -2.85 -7.85 0 0 0 9.41 24.66 -53.76 -7.45 -15.7 50.54 -0.15 5.19 -7.21 -0.03 1.16 -3.18 -9.45 0.82 -14.98 -2.73 2.65 -2 2.93 1.04 5.96 16.85 21.8 -28.42 -30.88 26.61 -2.62 -7.64 10.09 10.66 0 0 0 -37.38 25.09 101.89 145.91 -44.15 -105.82 -0 0 -121.69 89.23 28.85 88.39 -7.12 0 -0 129.73 -59.74 -158.76 0 0 0 41.04 -28.41 101.06 -142.74 46.36 -103.57 0 -0 -99.19 -91.11 50.53 -91.44 7.12 -0 -0 -162.78 59.01 -173.99
6.32 15.43 28.65 -159.21 -86.03 185.96 0 0 0 -12.47 -25.87 -35.88 1.61 8.01 22.75 -0.1 9.99 -12.49 0.25 -3.21 -8.86 0 0 0 8.22 23.83 -55.61 -7.55 -15.78 50.94 -0.09 7.79 -7.27 -0.89 6.03 -16.86 -9.43 0.89 -15.04 -3 2.73 -2.19 2.65 1.09 5.8 17.14 21.79 -27.27 -31.16 26.72 -2.81 -7.77 10.26 10.56 0 0 0 -37.2 24.82 102.11 146.39 -43.8 -106.15 -0 0 -122.56 92.52 -28.43 -95.28 -7.12 0 -0 136.26 -55.59 -166.83 0 0 0 41.16 -28.07 101.54 -142.56 46.48 -103.44 0 -0 -99.45 -90.52 50.63 -90.68 7.12 -0 -0 -162.67 59.48 -173.76
6.34 15.48 28.62 -157.78 -85.7 185.16 0 0 0 -11.79 -25.93 -35.73 1.4 7.5 21.19 -0.18 10.75 -12.06 0.29 -3.44 -9.5 0 0 0 7.06 23.04 -56.51 -7.5 -15.74 50.73 -0.1 9.9 -8.47 -2.03 8.93 -25.57 -9.36 0.89 -15.23 -3.14 2.72 -2.39 2.46 1.09 5.7 17.68 21.76 -26.07 -31.58 26.91 -2.52 -7.96 10.43 10.71 0 0 0 -36.91 24.62 102.27 146.58 -43.65 -106.29 -0 0 -123.2 93.12 -28.43 -96.53 -7.12 0 -0 137.41 -54.79 -168.17 0 0 0 40.97 -27.81 101.83 -142.4 46.58 -103.33 0 -0 -99.52 -89.64 -50.84 89.53 7.12 -0 -0 -162.58 60.17 -173.43
6.34 15.54 28.58 -155.98 -85.72 183.85 0 0 0 -11.05 -26.48 -34.76 1.11 6.71 18.85 -0.33 12.07 -11.47 0.36 -3.83 -10.61 0 0 0 5.86 22.61 -56.25 -7.37 -15.64 50.26 -0.47 5.07 -12.17 -1.98 8.83 -25.27 -9.23 0.85 -15.64 -3.21 2.67 -2.54 2.31 1.07 5.78 17.7 21.44 -25.19 -31.48 26.87 -1.62 -7.99 10.46 10.87 -0 0 0 -36.35 24.3 102.56 146.58 -43.65 -106.29 -0 0 -123.55 90.99 -28.86 -92.04 -7.12 0 -0 133.68 -57.61 -163.36 -0 0 0 40.81 -27.74 101.72 -142.37 46.6 -103.3 0 -0 -99.45 -88.61 -51.11 88.22 7.12 -0 -0 -162.53 60.96 -173.09
6.33 15.6 28.52 -153.89 -86.03 182.08 0 0 0 -10.26 -27.58 -32.95 0.78 5.65 15.78 -0.57 14.15 -10.69 0.52 -4.6 -12.77 0 0 0 4.58 22.56 -54.74 -7.16 -15.47 49.49 -0.51 -5.68 -16.77 -1.21 6.98 -19.65 -9.14 0.75 -16.18 -3.11 2.57 -2.69 2.36 1.01 5.91 17.46 20.94 -24.4 -31.2 26.76 -0.17 -7.96 10.43 11.15 -0 -0 0 -35.85 23.96 103.03 146.49 -43.72 -106.22 -0 0 -123.59 88.48 29.26 86.89 -7.12 0 -0 128.63 -60.62 -157.04 -0 -0 0 40.58 -27.89 101.38 -142.49 46.53 -103.39 0 -0 -99.37 -88.12 -51.23 87.58 7.12 -0 -0 -162.52 61.34 -172.92
6.31 15.66 28.46 -152.36 -86.62 180.7 0 0 0 -10.39 -27.37 -30.63 0.44 4.25 11.78 -0.68 14.75 -8.88 0.62 -5.02 -13.97 0 0 0 3.23 22.89 -52.06 -6.78 -15.14 48.02 0.27 -16.11 -20.03 -0.14 2.4 -6.62 -8.96 0.63 -16.77 -3.03 2.43 -2.81 2.33 0.94 6.13 17.34 20.42 -23.51 -31.03 26.66 1.45 -8 10.39 11.52 0 -0 0 -35.41 23.5 103.37 146.4 -43.78 -106.17 -0 0 -123.84 87.35 29.49 84.64 -7.12 0 -0 126.27 -61.85 -154.04 0 -0 0 40.62 -28.08 100.76 -142.59 46.46 -103.47 0 -0 -99.21 -87.9 -51.33 87.31 7.12 -0 -0 -162.57 61.51 -172.88
6.27 15.7 28.38 -152.29 -87.61 180.6 0 0 0 -10.97 -26.75 -27.15 0.11 2.12 5.85 -0.73 14.89 -5.53 0.63 -5.07 -14.12 0 0 0 1.61 23.86 -48.53 -6.27 -14.69 46.07 1.57 -23.95 -20.52 -0.17 -2.62 7.23 -8.88 0.43 -17.29 -2.91 2.2 -2.88 2.38 0.82 6.36 17.04 19.81 -22.58 -30.88 26.46 3.08 -8.07 10.3 11.85 -0 -0 0 -35.19 22.91 103.7 146.45 -43.75 -106.2 -0 0 -124.53 86.12 29.6 82.18 -7.12 0 -0 123.3 -63.12 -150.46 -0 -0 0 40.79 -28.34 100.02 -142.75 46.35 -103.58 0 -0 -98.96 -88.43 -51.29 87.99 7.12 -0 -0 -162.73 61.1 -173.11
6.23 15.71 28.29 -155.65 -88.95 183.72 0 0 0 -11.61 -26.89 -23.28 0 -0 -0 -0.74 15.37 -2.17 0.61 -5.01 -13.93 0 0 0 0.1 25.34 -44.29 -5.7 -14.13 43.75 2.17 -26.44 -19.7 -0.12 -2.21 6.09 -8.85 0.17 -17.68 -2.79 1.88 -2.92 2.43 0.65 6.56 16.58 19.14 -21.63 -30.5 26.17 4.82 -8.08 10.17 12.11 0 -0 0 -35.04 22.37 104.33 146.64 -43.61 -106.33 -0 0 -124.93 86.33 29.76 82.63 -7.12 0 -0 124.16 -62.92 -151.3 0 -0 0 41.03 -28.65 99.37 -142.89 46.26 -103.68 0 -0 -98.72 -88.76 -51.18 88.4 7.12 -0 -0 -162.7 60.85 -173.2
6.18 15.71 28.17 -306.62 -89.66 334.21 0 0 0 -11.75 -27.95 -22.52 0 -0 -0 -0.73 15.31 -1.95 0.55 -4.77 -13.25 0 0 0 -1.15 27.76 -39.53 -4.92 -13.29 40.48 2.04 -25.94 -19.96 -0.09 1.93 -5.3 -8.69 -0.03 -17.98 -2.74 1.61 -2.91 2.34 0.52 6.76 16.51 18.62 -20.69 -30.19 26.03 6.69 -8.13 10.1 12.53 0 -0 0 -34.99 22.04 104.92 146.94 -43.38 -106.53 -0 0 -124.86 86.98 29.73 83.93 -7.12 0 -0 125.78 -62.26 -153.22 0 -0 0 41.3 -28.83 98.77 -142.96 46.22 -103.73 0 -0 -98.53 -89.16 -51.08 88.92 7.12 -0 -0 -162.73 60.54 -173.34
6.13 15.7 28.05 -327.12 -88.77 354.09 0 0 0 -11.84 -28.51 -21.54 0 0 0 -0.72 15.21 -1.8 0.55 -4.74 -13.15 0 0 0 -1.81 30.83 -34.78 -4.1 -12.29 36.78 1.98 -26.34 -22.07 -0.33 3.71 -10.26 -8.05 -0.02 -18.3 -2.76 1.54 -2.91 1.94 0.49 6.97 16.22 18.13 -19.57 -29.44 25.81 8.3 -8.01 10.06 12.66 0 -0 0 -34.97 22.06 105.09 147.31 -43.09 -106.79 -0 0 -124.57 87.71 29.51 85.37 -7.12 0 -0 127.2 -61.47 -155.11 0 -0 0 41.6 -28.78 98.45 -143.03 46.17 -103.78 0 -0 -98.4 -89.11 -51.11 88.86 7.12 -0 -0 -162.74 60.58 -173.33
6.07 15.7 27.94 -333.58 -88.44 359.92 0 0 0 -11.79 -28.45 -20.52 0 0 0 -0.71 15.14 -1.86 0.57 -4.84 -13.46 0 0 0 -0.93 31.68 -31.15 -3.47 -11.42 33.71 1.74 -25.98 -23.95 -0.44 4.25 -11.78 -6.97 0.2 -18.82 -2.77 1.67 -2.93 1.37 0.57 7.24 16.34 17.78 -18.34 -28.8 25.68 9.81 -7.97 10.08 12.85 0 -0 0 -35.09 22.43 104.57 147.6 -42.86 -106.99 -0 0 -124.3 89.07 29.36 88.1 -7.12 0 -0 130.18 -59.95 -158.75 0 -0 0 41.76 -28.37 98.62 -143.06 46.15 -103.8 0 -0 -98.39 -88.54 -51.31 88.13 7.12 -0 -0 -162.8 61.02 -173.17
6.02 15.71 27.83 -337.23 -88.57 363 0 0 0 -11.73 -27.93 -19.57 0 0 0 -0.71 15.09 -2.07 0.6 -4.98 -13.84 0 0 0 0.88 30.21 -28.73 -2.93 -10.57 30.85 1.49 -25.16 -24.55 -0.44 4.23 -11.74 -5.71 0.6 -19.42 -2.82 1.99 -3.01 0.69 0.75 7.51 16.7 17.46 -17.31 -27.98 25.48 11.42 -7.9 10.07 13.09 -0 0 0 -35.15 23.07 103.63 147.7 -42.78 -107.06 -0 0 -123.96 89.67 29.23 89.33 -7.12 0 -0 131.35 -59.24 -160.26 -0 0 0 41.9 -27.68 99.23 -143.09 46.13 -103.82 0 -0 -98.6 -87.96 -51.52 87.39 7.12 -0 -0 -162.88 61.46 -173.03
5.98 15.74 27.71 -342.65 -88.9 367.78 0 0 0 -11.65 -27.17 -18.56 0 0 0 -0.72 15.08 -2.41 0.62 -5.03 -13.98 0 0 0 2.57 29.14 -26.51 -2.47 -9.79 28.3 1.35 -24.48 -24.41 -0.38 3.97 -10.98 -4.46 1.04 -19.84 -2.83 2.33 -3.14 0.06 0.94 7.63 16.96 17.09 -16.24 -26.91 25.12 12.93 -7.77 10.03 13.19 -0 0 0 -35.12 23.95 102.6 147.66 -42.82 -107.03 -0 0 -123.48 89.04 29.27 88.04 -7.12 0 -0 129.98 -59.98 -158.61 -0 0 0 41.97 -26.92 100.08 -143.09 46.13 -103.83 0 -0 -98.9 -87.77 -51.7 87.15 7.12 -0 -0 -163.07 61.6 -173.05
5.94 15.76 27.58 -347.4 -89.23 371.89 0 0 0 -11.56 -26.4 -17.59 0 -0 -0 -0.73 15.13 -2.7 0.65 -5.16 -14.36 0 0 0 3.82 28.96 -24.57 -2.17 -9.22 26.48 1.37 -24.27 -23.81 -0.43 4.23 -11.72 -3.39 1.43 -20.18 -2.79 2.62 -3.28 -0.41 1.11 7.7 17.09 16.7 -15.15 -25.78 24.67 14.29 -7.6 9.97 13.17 -0 -0 0 -35.05 24.8 101.61 147.52 -42.93 -106.93 -0 0 -123.03 87.52 29.36 84.96 -7.12 0 -0 126.45 -61.67 -154.4 -0 -0 0 42.01 -26.29 100.79 -143.1 46.12 -103.83 0 -0 -99.18 -87.46 -51.82 86.78 7.12 -0 -0 -163.13 61.82 -172.99
5.91 15.78 27.43 -356.75 -89.44 380.56 0 0 0 -11.41 -25.73 -16.62 0 -0 -0 -0.74 15.23 -2.98 0.7 -5.33 -14.86 0 0 0 5.04 28.56 -23.06 -1.99 -8.85 25.33 1.23 -23.51 -23.49 -0.43 4.21 -11.68 -2.45 1.75 -20.4 -2.64 2.83 -3.41 -0.73 1.23 7.71 16.96 16.29 -14.06 -24.58 24.21 15.57 -7.37 9.88 13.07 0 0 0 -35 25.62 100.93 147.31 -43.09 -106.79 -0 0 -122.5 86.02 29.39 81.93 -7.12 0 -0 122.6 -63.2 -149.86 0 0 0 41.95 -25.97 101.28 -143.18 46.07 -103.89 0 -0 -99.36 -87.09 -51.87 86.3 7.12 -0 -0 -163.07 62.1 -172.85
5.87 15.79 27.28 -386.45 -89.37 409.45 0 0 0 -11.04 -25.14 -15.51 0 -0 -0 -0.75 15.33 -3.27 0.74 -5.48 -15.29 0 0 0 6.49 29.57 -20.83 -1.84 -8.52 24.3 1.31 -24.18 -24.22 -0.36 3.84 -10.63 -1.3 2.09 -20.55 -2.42 3.02 -3.36 -1.08 1.35 7.89 16.51 15.89 -13.31 -23.31 23.7 16.73 -7.04 9.75 12.93 -0 -0 0 -34.94 26.05 100.46 146.99 -43.34 -106.57 -0 0 -121.87 84.28 29.44 78.49 -7.12 0 -0 117.81 -64.78 -144.25 -0 -0 0 42.08 -25.9 101.08 -143.35 45.95 -104.01 0 -0 -99.42 -86.76 -51.93 85.88 7.12 -0 -0 -163.04 62.35 -172.74
5.84 15.79 27.13 -402.8 -89.07 424.96 0 0 0 -10.56 -24.65 -14.38 0 -0 -0 -0.77 15.42 -3.54 0.8 -5.7 -15.9 0 0 0 8.1 31.24 -18.4 -1.72 -8.26 23.51 1.55 -25.82 -25.45 -0.27 3.33 -9.19 -0.23 2.33 -20.76 -2.07 3.1 -3.18 -1.28 1.42 8.24 15.97 15.52 -12.68 -22.27 23.25 17.66 -6.75 9.61 12.79 -0 -0 0 -35.12 26.38 100.01 146.63 -43.61 -106.33 -0 0 -121.07 82.57 29.36 75.11 -7.12 0 -0 112.43 -66.12 -138.09 -0 -0 0 42.1 -25.87 100.36 -143.59 45.8 -104.18 0 -0 -99.49 -86.33 -52.07 85.35 7.12 -0 -0 -163.1 62.66 -172.64
5.81 15.79 26.99 -402.12 -88.9 423.45 0 0 0 -10.34 -24.31 -13.3 0 0 0 -0.78 15.52 -3.73 0.87 -5.96 -16.68 0 0 0 9.46 32.31 -16.55 -1.69 -8.2 23.32 1.67 -26.77 -26.5 -0.2 2.87 -7.92 0.5 2.44 -20.82 -1.64 3.05 -3.02 -1.23 1.42 8.47 15.45 15.19 -11.97 -21.57 22.89 18.4 -6.56 9.5 12.66 -0 0 0 -35.7 26.79 99.61 146.36 -43.82 -106.14 -0 0 -120.27 83.73 29.2 77.3 -7.12 0 -0 115.57 -65.21 -141.91 -0 0 0 41.81 -25.89 99.47 -143.87 45.61 -104.38 0 -0 -99.67 -85.92 -52.31 84.85 7.12 -0 -0 -163.33 62.95 -172.63
5.79 15.78 26.85 -390.96 -88.88 411.49 0 0 0 -10.36 -24.13 -12.28 0 -0 -0 -0.79 15.61 -3.81 0.97 -6.27 -17.57 0 0 0 10.43 32.3 -15.52 -1.74 -8.3 23.64 1.61 -26.67 -26.84 -0.17 2.67 -7.35 1.56 2.99 -20.77 -1.67 3.56 -2.75 -1.73 1.71 8.82 14.3 14.54 -11.95 -20.43 22.01 19.27 -6.2 9.1 12.46 -0 0 0 -35.77 26.04 99.5 146.26 -43.89 -106.07 -0 0 -119.93 82.83 29.23 75.55 -7.12 0 -0 112.87 -65.91 -138.75 -0 0 0 42.47 -26.77 97.52 -144.09 45.45 -104.54 0 -0 -99.84 -85.32 -52.49 84.1 7.12 -0 -0 -163.42 63.38 -172.5
5.78 15.77 26.72 -382.35 -88.8 402.11 0 0 0 -10.36 -23.96 -11.34 0 0 0 -0.8 15.67 -3.84 1.07 -6.56 -18.43 0 0 0 11.36 31.69 -14.91 -1.8 -8.44 24.06 1.52 -26.19 -26.56 -0.19 2.83 -7.82 2.42 2.93 -20.68 -1.53 3.29 -2.51 -2.14 1.61 9.06 14.34 14.44 -11.42 -20.16 21.89 19.61 -6.17 9.09 12.42 -0 0 0 -36.39 26.91 98.22 146.19 -43.95 -106.02 -0 0 -119.69 83.3 29.32 76.5 -7.12 0 -0 114.55 -65.57 -140.6 -0 0 0 42.71 -26.5 96.81 -144.22 45.36 -104.64 0 -0 -100.02 -84.83 -52.58 83.5 7.12 -0 -0 -163.38 63.73 -172.35
5.77 15.76 26.6 -381.95 -88.48 401.02 0 0 0 -10.03 -23.9 -10.53 0 0 0 -0.8 15.74 -3.81 1.17 -6.88 -19.36 0 0 0 12.52 31.28 -14.17 -1.83 -8.51 24.27 1.49 -26.02 -26.48 -0.19 2.81 -7.75 3.46 2.66 -20.55 -1.35 2.7 -2.32 -2.7 1.38 9.21 14.86 14.54 -10.93 -20.14 22.01 19.76 -6.25 9.21 12.47 -0 0 0 -36.95 28.41 96.45 146.05 -44.04 -105.92 -0 0 -119.67 83.45 29.35 76.82 -7.12 0 -0 115.11 -65.45 -141.21 -0 0 0 42.96 -25.9 96.5 -144.25 45.34 -104.65 0 -0 -99.8 -84.64 -52.62 83.26 7.12 -0 -0 -163.39 63.86 -172.3
5.77 15.75 26.48 -384.05 -87.98 402.53 0 0 0 -9.44 -23.94 -9.88 0 0 0 -0.81 15.82 -3.76 1.26 -7.12 -20.08 0 0 0 13.78 30.45 -13.62 -1.84 -8.52 24.29 1.45 -25.69 -26.15 -0.19 2.83 -7.81 4.51 2.43 -20.33 -1.14 2.15 -2.28 -3.23 1.15 9.12 15.22 14.54 -10.43 -19.91 21.97 19.95 -6.27 9.26 12.44 -0 0 0 -37.12 30.03 95.07 145.75 -44.27 -105.71 -0 0 -119.75 81.82 29.39 73.68 -7.12 0 -0 110.12 -66.64 -135.4 -0 0 0 43.2 -25.74 96.05 -144.32 45.29 -104.71 0 -0 -99.87 -84.3 -52.68 82.84 7.12 -0 -0 -163.38 64.11 -172.2
5.77 15.74 26.35 -389.78 -87.39 407.72 0 0 0 -8.59 -23.92 -9.3 0 0 0 -0.82 15.93 -3.72 1.36 -7.39 -20.87 0 0 0 15.21 29.08 -13.25 -1.8 -8.43 24.04 1.36 -24.94 -25.31 -0.21 2.96 -8.15 5.69 2.49 -20.09 -0.9 1.96 -2.26 -3.71 1.1 9.02 14.94 14.31 -10.35 -19.25 21.58 20.33 -6.08 9.12 12.35 0 0 0 -36.92 31.03 94.37 145.1 -44.74 -105.25 -0 0 -119.83 79.3 29.57 69.04 -7.12 0 -0 102.37 -68.15 -126.26 0 0 0 43.65 -26.5 94.9 -144.59 45.1 -104.9 0 -0 -99.98 -83.9 -52.82 82.36 7.12 -0 -0 -163.49 64.37 -172.15
5.77 15.74 26.23 -396.42 -86.7 413.85 0 0 0 -7.51 -23.84 -8.79 0 -0 -0 -0.83 16.04 -3.71 1.43 -7.57 -21.41 0 0 0 16.77 27.69 -12.79 -1.72 -8.25 23.46 1.28 -24.1 -24.34 -0.24 3.12 -8.63 6.75 2.5 -19.85 -0.47 1.71 -2.23 -3.91 1 8.91 14.32 14.14 -10.23 -18.55 21.28 20.44 -5.79 9.02 12.11 -0 0 0 -37.15 31.97 93.45 143.8 -45.65 -104.34 -0 0 -120.27 76.78 30.11 64.9 -7.12 0 -0 95.65 -69.42 -117.95 -0 0 0 43.73 -27.27 93.8 -145.08 44.75 -105.24 0 -0 -100.19 -83.44 -52.99 81.8 7.12 -0 -0 -163.62 64.69 -172.09
5.78 15.73 26.12 -401.43 -86.05 418.44 0 0 0 -6.45 -23.72 -8.42 0 0 0 -0.84 16.16 -3.66 1.52 -7.77 -22.03 0 0 0 18.19 26.65 -12.35 -1.63 -8.05 22.86 1.22 -23.42 -23.49 -0.24 3.16 -8.73 7.6 2.47 -19.58 0.08 1.45 -2.24 -3.87 0.89 8.73 13.93 13.99 -10.03 -18.29 21.07 20.39 -5.69 8.94 11.92 -0 0 0 -37.98 32.7 92.22 141.92 -46.89 -102.98 -0 0 -120.88 75.18 31.07 62.86 -7.12 0 -0 93.58 -70.41 -114.6 -0 0 0 43.45 -27.98 92.97 -145.6 44.38 -105.61 0 -0 -100.52 -83.3 -53.1 81.64 7.12 -0 -0 -163.77 64.78 -172.13
5.8 15.72 26.01 -404.38 -85.53 421.06 0 0 0 -5.53 -23.63 -8.2 0 -0 -0 -0.85 16.28 -3.56 1.59 -7.96 -22.6 0 0 0 19.33 26.18 -11.99 -1.57 -7.92 22.46 1.22 -23.17 -22.92 -0.24 3.16 -8.73 8.23 2.41 -19.27 0.6 1.21 -2.27 -3.72 0.77 8.5 14.04 13.9 -9.82 -18.45 20.96 20.24 -5.8 8.9 11.84 0 -0 0 -39.38 33.01 90.69 139.39 -48.43 -101.11 -0 0 -121.55 74.46 31.63 62.06 -7.12 0 -0 93.1 -70.92 -113.49 0 -0 0 43.08 -28.54 92.48 -146.09 44.02 -105.95 0 -0 -100.89 -83.61 -53.08 82.03 7.12 -0 -0 -163.84 64.56 -172.25
5.82 15.72 25.92 -405.58 -85.13 422.11 0 0 0 -4.78 -23.61 -8.19 0 -0 -0 -0.86 16.38 -3.43 1.65 -8.09 -23 0 0 0 20.11 25.65 -11.99 -1.54 -7.84 22.24 1.18 -22.77 -22.46 -0.24 3.15 -8.7 8.95 2.64 -19.09 0.87 1.36 -2.3 -3.79 0.86 8.4 13.6 13.62 -9.88 -18.13 20.52 20.06 -5.7 8.71 11.6 -0 -0 0 -40.79 32.23 89.64 136.37 -50.08 -98.82 -0 0 -121.7 74.88 31.62 62.73 -7.12 0 -0 94.45 -70.78 -115.05 -0 -0 0 43.2 -29.43 91.69 -146.56 43.66 -106.28 0 -0 -101.07 -84.36 -52.83 82.93 7.12 -0 -0 -163.64 64.05 -172.35
5.85 15.72 25.84 -404.62 -85.01 421.26 0 0 0 -4.32 -23.67 -8.46 0 0 0 -0.87 16.46 -3.25 1.7 -8.21 -23.34 0 0 0 20.34 25.23 -12.48 -1.56 -7.88 22.36 1.1 -22.3 -22.27 -0.23 3.1 -8.56 9.3 2.63 -19.17 1.03 1.23 -2.36 -3.86 0.8 8.36 13.7 13.6 -9.65 -18.07 20.39 19.51 -5.71 8.72 11.32 0 0 0 -42.56 31.84 88.44 133.51 -51.48 -96.6 -0 0 -120.98 76.68 30.72 65.12 -7.12 0 -0 97.33 -69.73 -119.28 0 0 0 43.12 -29.52 91.59 -146.96 43.36 -106.55 0 -0 -101.26 -85.12 -52.65 83.87 7.12 -0 -0 -163.61 63.51 -172.54
5.89 15.72 25.77 -404.38 -84.88 421.18 0 0 0 -3.8 -23.7 -8.82 0 0 0 -0.87 16.51 -3.11 1.72 -8.25 -23.47 0 0 0 20.56 25.04 -12.97 -1.58 -7.92 22.48 1.04 -21.92 -22.19 -0.22 3 -8.27 9.84 2.76 -19.25 1 1.29 -2.42 -4.18 0.84 8.36 14 13.53 -9.45 -17.92 20.14 18.9 -5.75 8.69 11.02 0 0 0 -43.74 31.17 87.88 131.34 -52.44 -94.89 -0 0 -119.73 79.07 29.54 68.61 -7.12 0 -0 101.53 -68.25 -125.31 0 0 0 43.3 -29.64 91.38 -147.23 43.15 -106.73 0 -0 -101.38 -85.69 -52.61 84.58 7.12 -0 -0 -163.72 63.1 -172.75
5.92 15.72 25.7 -404.81 -84.76 421.78 0 0 0 -3.24 -23.66 -9.2 0 0 0 -0.87 16.55 -2.98 1.73 -8.27 -23.54 0 0 0 20.81 24.68 -13.59 -1.59 -7.96 22.6 0.95 -21.38 -21.97 -0.21 2.96 -8.16 10.72 3.58 -19.17 0.62 2.23 -2.55 -4.83 1.32 8.36 13.23 12.98 -9.46 -16.77 19.12 18.38 -5.4 8.31 10.41 0 -0 0 -43.47 29.25 89.14 129.55 -53.17 -93.47 -0 0 -118.04 80.76 28.42 71.14 -7.12 0 -0 103.87 -67.05 -129.16 0 -0 0 44.3 -31.15 90.09 -147.41 43.01 -106.86 0 -0 -101.27 -85.1 -52.8 83.85 7.12 -0 -0 -163.83 63.51 -172.64
5.96 15.72 25.63 -404.77 -84.9 421.93 0 0 0 -2.98 -23.54 -9.58 0 -0 -0 -0.88 16.62 -2.9 1.73 -8.28 -23.58 0 0 0 20.76 24.33 -14.43 -1.65 -8.1 23.02 0.83 -20.67 -21.88 -0.2 2.91 -8.03 10.62 3.43 -19.24 0.57 2.04 -2.57 -4.88 1.22 8.35 13.9 13.29 -8.89 -16.68 19.33 17.17 -5.44 8.55 9.97 0 0 0 -44.16 29.18 88.48 127.45 -53.97 -91.77 -0 0 -114.67 79.35 27.59 67.91 -7.12 0 -0 96.44 -67.39 -121.38 0 0 0 43.83 -30.46 90.71 -147.46 42.98 -106.89 0 -0 -101.37 -84.14 -53.05 82.68 7.12 -0 -0 -163.95 64.18 -172.45
6 15.73 25.57 -404.93 -85.18 422.3 0 0 0 -2.87 -23.35 -9.94 0 0 0 -0.89 16.68 -2.91 1.7 -8.21 -23.37 0 0 0 20.54 24.15 -15.34 -1.73 -8.28 23.56 0.7 -19.94 -21.9 -0.19 2.83 -7.8 10.41 3.48 -19.31 0.44 2.17 -2.54 -4.87 1.28 8.43 14.37 13.51 -8.57 -16.55 19.43 15.99 -5.45 8.71 9.55 -0 0 0 -44.7 28.53 87.96 124.56 -54.97 -89.42 -0 0 -110.79 74.71 26.23 58.26 -7.12 0 -0 99.19 67.64 76.02 -0 0 0 43.12 -30.08 91.04 -147.44 42.99 -106.88 0 -0 -101.24 -81.37 -53.72 79.34 7.12 -0 -0 -164.34 66.05 -171.96
6.04 15.73 25.52 -406.01 -85.32 423.5 0 0 0 -2.63 -23.15 -10.23 0 -0 -0 -0.89 16.73 -2.9 1.69 -8.18 -23.28 0 0 0 20.55 24.09 -15.97 -1.78 -8.4 23.93 0.62 -19.45 -21.85 -0.18 2.74 -7.56 10.15 3.43 -19.36 0.48 2.14 -2.47 -4.69 1.27 8.53 14.99 13.84 -8 -16.84 19.73 14.54 -5.6 8.96 9.1 0 -0 0 -45.69 27.88 86.94 121.42 -55.92 -86.84 -0 0 -105.07 70.26 24.66 49.31 -7.12 0 -0 78.57 68.18 54.69 0 -0 0 41.54 -29.39 91.62 -147.2 43.18 -106.71 0 -0 -100.6 -76.24 -55.06 73.37 7.12 -0 -0 -165.97 69.22 -171.8
6.08 15.72 25.47 -407.39 -85.36 424.95 0 0 0 -2.33 -22.98 -10.46 0 -0 -0 -0.89 16.75 -2.9 1.68 -8.16 -23.21 0 0 0 20.65 24.18 -16.37 -1.82 -8.47 24.15 0.57 -19.13 -21.85 -0.16 2.61 -7.2 9.79 3.13 -19.45 0.61 1.8 -2.33 -4.43 1.11 8.66 16.04 14.38 -7.28 -17.55 20.37 12.87 -5.91 9.36 8.73 -0 -0 0 -47.34 27.5 84.98 118.12 -56.79 -84.09 -0 0 -96.29 65.13 22.54 39.59 -7.12 0 -0 57.1 65.72 33.06 -0 -0 0 39.33 -27.98 92.28 -146.38 43.8 -106.15 0 -0 -99.48 -67.88 -57.07 64.16 7.12 -0 -0 -171.07 73.62 -173.94
6.12 15.72 25.43 -408.76 -85.25 426.35 0 0 0 -1.89 -22.87 -10.68 0 0 0 -0.89 16.75 -2.86 1.69 -8.18 -23.26 0 0 0 20.9 24.41 -16.53 -1.82 -8.48 24.19 0.54 -19 -21.89 -0.13 2.34 -6.43 9.27 2.48 -19.5 0.88 1.02 -2.18 -4.05 0.72 8.72 17.72 15.17 -6.32 -18.7 21.4 11.11 -6.39 9.95 8.5 0 -0 0 -49.85 27.63 81.5 114.48 -57.61 -81.03 -0 0 -84.84 59.19 19.92 29.74 -7.12 0 -0 39.69 60.64 16.63 0 -0 0 36.78 -25.65 92.63 -144.67 45.05 -104.95 0 -0 -98.77 -55.08 -59.67 51.04 7.12 -0 -0 172.79 78.47 174.37
6.15 15.71 25.4 -410.37 -85.04 427.96 0 0 0 -1.43 -22.79 -10.85 0 0 0 -0.89 16.72 -2.81 1.68 -8.18 -23.25 0 0 0 21.21 24.6 -16.54 -1.8 -8.43 24.04 0.53 -18.93 -21.88 -0.11 2.09 -5.76 9.2 2.31 -19.56 0.92 0.79 -2.09 -4.03 0.62 8.81 18.6 15.61 -5.73 -19.12 21.89 9.71 -6.59 10.27 8.19 0 0 0 -52.3 26.93 77.6 110.56 -58.34 -77.71 -0 0 -70.92 52.4 18.88 22.78 -7.12 0 -0 27.98 56.96 8.66 0 0 0 35.01 -24.4 91.74 -141.78 46.98 -102.87 0 -0 -96.89 -35.65 -62 32.35 7.12 -0 -0 128.82 80.64 136.53
6.17 15.7 25.39 -412.75 -84.79 430.15 0 0 0 -1.09 -22.66 -10.73 0 -0 -0 -0.89 16.69 -2.86 1.66 -8.11 -23.06 0 0 0 21.63 24.38 -16.29 -1.74 -8.31 23.65 0.5 -18.63 -21.65 -0.1 2.03 -5.58 9.52 2.39 -19.52 0.82 0.85 -1.98 -4.3 0.67 8.94 19.21 15.9 -5.53 -19.27 22.15 8.61 -6.68 10.44 7.94 -0 -0 0 -55.15 25.61 72.51 107.33 -58.83 -74.95 -0 0 -58.16 44.01 17.24 15.98 -7.12 0 -0 16.9 52.52 3.2 -0 -0 0 33.82 -23.74 90.48 -137.92 49.26 -100 0 -0 -91.89 -11.48 -61.65 10.14 7.12 -0 -0 86.97 75.72 101.6
6.21 15.71 25.38 -414.02 -84.57 431.62 0 0 0 -0.59 -22.6 -11.14 0 -0 -0 -0.88 16.69 -2.72 1.68 -8.16 -23.2 0 0 0 21.82 24.25 -16.58 -1.7 -8.21 23.36 0.48 -18.34 -21.35 -0.09 1.97 -5.42 9.62 2.55 -19.55 0.68 1.05 -2.04 -4.46 0.77 8.91 19.45 16.07 -5.47 -19.33 22.23 7.54 -6.72 10.52 7.64 -0 -0 0 -58.6 23.57 66.6 106.15 -58.99 -73.94 -0 0 -50.08 34.58 14.62 9.87 -7.12 0 -0 6.81 47.44 0.41 -0 -0 0 33.5 -23.37 89 -133.93 51.28 -96.93 0 -0 -80.3 6.48 -57.05 -5.45 7.12 -0 -0 86.73 -69.95 -65.15
6.26 15.71 25.37 -415.86 -84.58 433.66 0 0 0 -0.34 -22.43 -11.53 0 -0 -0 -0.88 16.69 -2.62 1.68 -8.17 -23.24 0 0 0 21.79 24.09 -17.06 -1.69 -8.19 23.28 0.44 -17.88 -21.05 -0.09 1.95 -5.37 9.5 2.7 -19.58 0.52 1.3 -2.17 -4.5 0.87 8.83 19.93 16.21 -5.29 -19.77 22.33 6.47 -6.93 10.59 7.4 -0 -0 0 -62.54 20.99 60.86 107 -58.88 -74.67 -0 0 -45.97 26.24 14.03 6.82 -7.12 0 -0 -1.13 45.55 -0.02 -0 -0 0 34.37 -22.92 86.98 -130.24 52.9 -94.02 0 -0 -59.48 14.34 -48.56 -10.85 7.12 -0 -0 71.67 -64.98 -43.92
6.29 15.72 25.37 -417.5 -84.7 435.37 0 0 0 -0.32 -22.26 -11.71 0 0 0 -0.88 16.7 -2.63 1.65 -8.09 -22.99 0 0 0 21.66 24.08 -17.36 -1.69 -8.2 23.31 0.4 -17.58 -20.9 -0.08 1.87 -5.13 9.25 2.88 -19.56 0.34 1.61 -2.29 -4.47 1.01 8.72 20.3 16.29 -5.24 -20.21 22.37 5.72 -7.12 10.62 7.27 -0 -0 0 -66.43 17.91 56.37 108.39 -58.68 -75.86 -0 0 -44.41 21.46 15.24 5.9 -7.12 0 -0 -5.82 46.21 -0.17 -0 -0 0 36.57 -22.45 83.21 -126.96 54.15 -91.38 0 -0 -40.3 13.67 -41.9 -9.23 7.12 -0 -0 59.91 -61.85 -30.13
6.32 15.72 25.36 -420.24 -84.76 437.99 0 0 0 -0.3 -21.98 -11.61 0 -0 -0 -0.88 16.68 -2.72 1.62 -8.02 -22.79 0 0 0 21.75 24.5 -17.13 -1.69 -8.18 23.26 0.41 -17.67 -20.96 -0.07 1.72 -4.72 8.92 3.02 -19.54 0.21 1.88 -2.4 -4.36 1.12 8.63 20.49 16.41 -5.36 -20.37 22.48 5.4 -7.17 10.66 7.25 -0 -0 0 -70.11 14.77 53.23 109.33 -58.54 -76.66 -0 0 -43.67 20.1 15.01 5.42 -7.12 0 -0 -7.03 45.8 -0.14 -0 -0 0 40.3 -21.63 77.95 -124.71 54.92 -89.55 0 -0 -32.86 5.86 -40.81 -3.84 7.12 -0 -0 51.53 -63.31 -26.29
6.35 15.71 25.38 -418.17 -84.58 435.87 0 0 0 -0.2 -22.26 -11.75 0 -0 -0 -0.88 16.68 -2.56 1.62 -8.03 -22.8 0 0 0 21.73 24 -17.32 -1.67 -8.15 23.16 0.37 -17.32 -20.88 -0.06 1.62 -4.46 8.97 2.98 -19.57 0.06 1.83 -2.59 -4.57 1.08 8.43 20.65 16.63 -5.56 -20.42 22.74 5.39 -7.13 10.77 7.36 -0 -0 0 -73.37 11.71 51.47 109.5 -58.51 -76.8 -0 0 -41.65 19.83 13.11 4.67 -7.12 0 -0 -6.88 43.77 0.21 -0 -0 0 45.23 -20.22 72.31 -122.34 55.65 -87.6 0 -0 -32.22 -2.88 -38.72 1.8 7.12 -0 -0 40.35 -64.25 -20.37
6.37 15.71 25.39 -420.15 -84.47 437.83 0 0 0 -0.02 -22.11 -11.8 0 -0 -0 -0.88 16.66 -2.55 1.62 -8.01 -22.76 0 0 0 21.88 23.89 -17.33 -1.64 -8.08 22.96 0.34 -17.05 -20.71 -0.06 1.54 -4.22 8.9 3.08 -19.64 0.01 1.98 -2.84 -4.55 1.13 8.21 20.46 16.81 -5.81 -20.27 22.99 5.64 -6.98 10.87 7.49 -0 -0 0 -75.89 8.77 51.59 108.65 -58.64 -76.08 -0 0 -38.59 20.17 11.31 4.12 -7.12 0 -0 -6.24 41.93 0.48 -0 -0 0 51 -18.52 66.66 -119.16 56.53 -84.96 0 -0 -31.45 -10.94 -35.42 6.39 7.12 -0 -0 27.96 -63.77 -13.23
6.38 15.71 25.4 -420.61 -84.52 438.13 0 0 0 -0.16 -22.07 -11.66 0 -0 -0 -0.87 16.64 -2.56 1.62 -8.02 -22.76 0 0 0 21.84 23.81 -17.25 -1.65 -8.09 22.99 0.32 -16.91 -20.74 -0.05 1.47 -4.03 8.64 3.05 -19.72 -0.04 1.99 -3.05 -4.45 1.11 8.02 20.23 17.07 -6 -20.14 23.39 6.05 -6.8 11.03 7.69 -0 -0 0 -77.5 6.15 52.9 107.6 -58.8 -75.18 -0 0 -36.13 19.46 10.74 3.77 -7.12 0 -0 -6.77 41.26 0.63 -0 -0 0 57.29 -16.23 61.05 -115.05 57.49 -81.51 0 -0 -29.32 -17.84 -34.8 10.41 7.12 -0 -0 19.69 -65.09 -9.74
6.39 15.71 25.41 -421.64 -84.67 439.02 0 0 0 -0.4 -21.96 -11.49 0 0 0 -0.87 16.62 -2.6 1.62 -8.03 -22.8 0 0 0 21.72 23.73 -17.24 -1.67 -8.13 23.11 0.28 -16.68 -20.77 -0.05 1.42 -3.92 8.29 2.88 -19.88 0.01 1.82 -3.26 -4.24 1 7.83 20.43 17.45 -5.83 -20.53 24.06 6.44 -6.81 11.33 8 0 -0 0 -78.07 3.97 54.49 105.92 -59.02 -73.74 -0 0 -34.83 15.19 9.8 2.64 -7.12 0 -0 -10.32 39.92 1.31 0 -0 0 63.64 -13.45 55.73 -109.68 58.49 -76.96 0 -0 -29.28 -21.04 -35.31 12.53 7.12 -0 -0 16.46 -66.48 -8.62
6.39 15.71 25.43 -423.7 -84.69 441.01 0 0 0 -0.45 -21.77 -11.39 0 0 0 -0.87 16.6 -2.72 1.6 -7.97 -22.63 0 0 0 21.74 23.79 -17.13 -1.66 -8.11 23.05 0.27 -16.55 -20.75 -0.05 1.37 -3.77 8.09 2.83 -20.19 0.14 1.74 -3.52 -4.01 0.94 7.7 20.52 17.73 -5.48 -20.94 24.64 6.9 -6.85 11.59 8.29 -0 0 0 -77.75 2.34 56.4 102.64 -59.39 -70.93 -0 0 -35.37 10.77 6.86 1.3 -7.12 0 -0 -13.46 36.66 2.82 -0 0 0 69.94 -10.78 50.38 -102.5 59.4 -70.81 0 -0 -31.28 -19.32 -35.25 11.44 7.12 -0 -0 18.44 -65.93 -9.46
6.39 15.71 25.44 -425.89 -84.68 443.13 0 0 0 -0.49 -21.58 -11.26 0 -0 -0 -0.87 16.58 -2.82 1.59 -7.95 -22.56 0 0 0 21.8 23.91 -16.93 -1.64 -8.07 22.93 0.26 -16.49 -20.76 -0.04 1.28 -3.52 7.91 2.68 -20.6 0.31 1.52 -3.74 -3.77 0.8 7.64 20.97 18.02 -4.91 -21.49 25.3 7.39 -6.97 11.9 8.65 0 0 0 -77.06 1.5 57.76 97.8 -59.77 -66.75 -0 0 -37.4 8.33 2.47 0.36 -7.12 0 -0 -14.64 32.23 4.71 0 0 0 75.8 -8.08 45.7 -93.03 59.97 -62.62 0 -0 -34.44 -16.04 -34.73 9.31 7.12 -0 -0 21.66 -64.53 -10.47
6.38 15.71 25.46 -429.08 -84.73 446.19 0 0 0 -0.66 -21.28 -11.02 0 0 0 -0.87 16.54 -2.99 1.57 -7.89 -22.39 0 0 0 21.82 24 -16.68 -1.63 -8.04 22.85 0.25 -16.4 -20.72 -0.04 1.27 -3.49 7.7 2.52 -20.99 0.53 1.28 -3.91 -3.48 0.67 7.62 21.54 18.31 -4.32 -21.94 25.96 7.95 -7.08 12.22 9.03 0 0 0 -76.52 1.07 58.54 90.86 -60 -60.74 -0 0 -39.82 7.01 -1.48 -0.18 -7.12 0 -0 -15.06 28.35 6.3 0 0 0 80.94 -5.44 41.78 -81.07 59.7 -52.28 0 -0 -38.01 -13.85 -33.72 7.79 7.12 -0 -0 23.07 -63.03 -10.38
6.37 15.7 25.49 -433.62 -84.84 450.58 0 0 0 -0.94 -20.87 -10.7 0 -0 -0 -0.87 16.46 -3.24 1.51 -7.77 -22.01 0 0 0 21.77 24.19 -16.43 -1.63 -8.04 22.85 0.24 -16.3 -20.68 -0.04 1.32 -3.63 7.43 2.42 -21.35 0.76 1.14 -4.09 -3.11 0.58 7.59 22.02 18.48 -3.65 -22.22 26.44 8.45 -7.17 12.47 9.3 -0 0 0 -76.5 0.84 58.96 81.68 -59.74 -52.8 -0 0 -42.37 7.26 -3.32 -0.42 -7.12 0 -0 -14.63 26.56 6.75 -0 0 0 85.09 -2.96 38.7 -66.73 57.85 -39.99 0 -0 -39.57 -12.52 -31.82 6.68 7.12 -0 -0 22.75 -60.97 -9.12
6.36 15.7 25.52 -438.25 -85.02 455.06 0 0 0 -1.33 -20.48 -10.4 0 0 0 -0.87 16.4 -3.48 1.47 -7.66 -21.68 0 0 0 21.59 24.55 -16.23 -1.65 -8.09 22.99 0.23 -16.34 -20.76 -0.04 1.35 -3.7 7.01 2.27 -21.72 1.03 0.98 -4.28 -2.62 0.47 7.55 22.5 18.6 -3 -22.38 26.82 8.98 -7.24 12.68 9.56 0 0 0 -76.98 0.74 59.13 70.59 -58.53 -43.27 -0 0 -45.28 10.12 -3.28 -0.59 -7.12 0 -0 -12.5 26.6 5.71 0 0 0 87.69 -0.64 37.43 -51.92 53.74 -27.71 0 -0 -39.19 -14.25 -28.64 6.94 7.12 -0 -0 18.5 -58.41 -6.2
6.35 15.7 25.57 -440.58 -85.14 457.29 0 0 0 -1.73 -20.35 -10.23 0 0 0 -0.86 16.34 -3.61 1.41 -7.52 -21.26 0 0 0 21.33 24.53 -16.21 -1.66 -8.13 23.11 0.22 -16.24 -20.74 -0.05 1.44 -3.96 6.91 2.21 -22.02 1.16 0.86 -4.52 -2.46 0.4 7.43 23.02 18.62 -2.58 -22.31 27.04 9.75 -7.27 12.81 9.86 -0 -0 0 -77.61 0.62 59.54 59.02 -56.04 -33.53 -0 0 -48.39 15.35 -1.14 -0.31 -7.12 0 -0 -8.72 28.75 3.49 -0 -0 0 88.12 1.19 39.62 -39.59 47.83 -18.14 0 -0 -40.73 -19.88 -25.62 8.89 7.12 -0 -0 10.84 -56.66 -3.13
6.33 15.7 25.62 -447.85 -85.02 464.45 0 0 0 -1.92 -19.71 -9.92 0 0 0 -0.86 16.23 -3.97 1.33 -7.29 -20.58 0 0 0 21.37 25.02 -15.81 -1.64 -8.06 22.91 0.25 -16.35 -20.55 -0.05 1.5 -4.14 6.94 2.37 -22.36 1.27 1.02 -4.74 -2.3 0.45 7.38 23.52 18.53 -2.45 -21.98 27.01 10.68 -7.24 12.82 10.17 0 0 0 -78.2 0.44 60.28 48.12 -52.21 -24.68 -0 0 -50.57 21.13 1.72 0.67 -7.12 0 -0 -4.37 31.81 1.41 0 0 0 87.16 2.36 43.57 -30.73 41.51 -11.89 0 -0 -42.32 -23.03 -26.96 10.91 7.12 -0 -0 8.12 -58.72 -2.73
6.3 15.69 25.65 -455.21 -84.85 471.65 0 0 0 -2.19 -19.02 -9.51 0 -0 -0 -0.85 16.12 -4.36 1.26 -7.12 -20.06 0 0 0 21.43 25.7 -15.23 -1.61 -8 22.72 0.32 -16.7 -20.39 -0.07 1.66 -4.55 7.01 2.67 -22.62 1.28 1.34 -4.92 -2.24 0.6 7.34 23.49 18.36 -2.78 -21.19 26.71 11.69 -7.02 12.68 10.36 -0 -0 0 -78.57 0.19 61.71 38.57 -47.2 -17.38 -0 0 -52.34 25.95 4.54 2.21 -7.12 0 -0 -0.59 35.03 0.14 -0 -0 0 86.31 2.71 45.63 -24.34 35.52 -7.9 0 -0 -39.22 -19.98 -31.51 10.76 7.12 -0 -0 14.34 -62.53 -6.18
6.27 15.69 25.68 -463.98 -84.66 480.19 0 0 0 -2.58 -18.16 -8.97 0 0 0 -0.84 15.98 -4.89 1.15 -6.81 -19.15 0 0 0 21.43 26.15 -14.79 -1.61 -7.99 22.68 0.32 -16.63 -20.21 -0.08 1.81 -4.97 7.04 3.04 -22.75 1.18 1.82 -5.01 -2.23 0.82 7.36 22.92 18.14 -3.64 -20.02 26.18 12.68 -6.62 12.39 10.44 0 -0 0 -78.56 -0.02 63.82 31.07 -41.79 -12.12 -0 0 -55.11 28.52 7.34 3.97 -7.12 0 -0 1.48 38.31 -0.24 0 -0 0 85.89 2.64 45.64 -18.86 29.25 -4.96 0 -0 -33.61 -12.42 -32.34 6.72 7.12 -0 -0 23.31 -61.41 -9.61
6.24 15.68 25.69 -472.92 -84.3 488.91 0 0 0 -2.94 -17.17 -8.39 0 0 0 -0.82 15.84 -5.52 1.04 -6.48 -18.18 0 0 0 21.5 26.61 -14.33 -1.61 -7.99 22.69 0.31 -16.44 -20.06 -0.09 1.96 -5.39 7.07 3.51 -22.86 1.03 2.41 -5.02 -2.23 1.11 7.46 21.88 17.75 -4.93 -18.73 25.34 13.62 -6.16 11.94 10.45 0 0 0 -78.22 0.17 66.16 25.62 -36.83 -8.66 -0 0 -56.87 27.95 9.93 5.23 -7.12 0 -0 0.85 41.19 -0.08 0 0 0 85.74 2.03 44.14 -14.63 23.63 -3.08 0 -0 -27.35 -8.42 -31.32 4.4 7.12 -0 -0 26.57 -59.56 -9.87
6.2 15.68 25.71 -475.8 -84.2 491.49 0 0 0 -3.28 -16.84 -7.81 0 0 0 -0.81 15.73 -5.93 0.97 -6.26 -17.53 0 0 0 21.56 26.2 -14.04 -1.61 -8.01 22.74 0.25 -15.97 -19.98 -0.11 2.12 -5.84 7.16 3.69 -22.8 0.93 2.64 -4.99 -2.32 1.22 7.49 20.73 17.27 -6.39 -17.7 24.39 14.45 -5.78 11.41 10.48 0 0 0 -77.97 1.16 67.21 21.81 -32.76 -6.48 -0 0 -54.02 25.1 12.07 5.59 -7.12 0 -0 -1.93 43.26 0.08 0 0 0 85.54 0.55 41.66 -12.19 20.09 -2.17 0 -0 -21.45 -11.16 -30.83 5.77 7.12 -0 -0 23.34 -59.74 -8.69
6.17 15.67 25.71 -478.29 -84.01 493.86 0 0 0 -3.39 -16.46 -7.47 0 -0 -0 -0.81 15.66 -6.24 0.93 -6.16 -17.24 0 0 0 21.69 25.8 -13.97 -1.62 -8.02 22.77 0.18 -15.39 -19.85 -0.12 2.22 -6.1 7.15 3.74 -22.76 0.91 2.72 -4.99 -2.32 1.26 7.49 19.25 16.69 -7.77 -16.73 23.36 14.91 -5.39 10.84 10.34 -0 0 0 -77.62 2.99 67.01 19.54 -30.08 -5.3 -0 0 -49.6 25.54 9.68 4.59 -7.12 0 -0 -1.27 40.68 0.14 -0 0 0 85.33 -1.51 38.74 -11.26 18.69 -1.86 0 -0 -17.13 -17.95 -30.01 9.2 7.12 -0 -0 15.51 -60.57 -5.97
6.14 15.67 25.71 -478.78 -84.01 494.42 0 0 0 -3.43 -16.41 -7.45 0 -0 -0 -0.81 15.66 -6.31 0.93 -6.15 -17.23 0 0 0 21.65 25.78 -14.07 -1.64 -8.06 22.9 0.17 -15.34 -19.92 -0.12 2.27 -6.24 7.15 3.65 -22.75 0.87 2.61 -5.03 -2.4 1.2 7.43 17.89 16.03 -9.07 -15.99 22.28 15.16 -5.11 10.26 10.19 -0 0 0 -77.38 5.37 64.44 18.98 -29.39 -5.02 -0 0 -50.47 30.61 3.08 1.82 -7.12 0 -0 3.28 33.55 -0.92 -0 0 0 84.97 -3.72 36.13 -11.36 18.83 -1.89 0 -0 -16.86 -24.89 -27.46 12.07 7.12 -0 -0 6.28 -59.67 -2.25
6.13 15.67 25.7 -477.79 -84.2 493.47 0 0 0 -3.51 -16.62 -7.46 0 -0 -0 -0.81 15.7 -6.23 0.96 -6.24 -17.47 0 0 0 21.56 25.46 -14.34 -1.68 -8.16 23.19 0.13 -15.15 -20.06 -0.12 2.26 -6.23 7.12 3.4 -22.63 0.8 2.31 -5.04 -2.55 1.06 7.33 17 15.37 -10.15 -15.59 21.22 15.21 -5.01 9.7 10.05 0 0 0 -77.46 7.86 58.74 19.72 -30.31 -5.39 -0 0 -54.11 34.49 1.38 0.95 -7.12 0 -0 6.34 31.62 -2.09 0 0 0 84.55 -5.77 34.02 -12.08 19.92 -2.13 0 -0 -18.4 -28.76 -25.73 13.4 7.12 -0 -0 1.16 -58.78 -0.39
6.11 15.66 25.68 -476.8 -84.32 492.41 0 0 0 -3.51 -16.75 -7.36 0 0 0 -0.82 15.77 -6.15 1.01 -6.38 -17.89 0 0 0 21.63 25.07 -14.51 -1.72 -8.25 23.47 0.09 -14.89 -20.12 -0.13 2.29 -6.32 7.01 3.03 -22.38 0.8 1.89 -5.03 -2.62 0.85 7.17 16.41 14.74 -10.96 -15.31 20.23 15.14 -4.99 9.2 9.89 -0 0 0 -77.69 10.2 53.07 20.27 -30.96 -5.67 -0 0 -53.17 34.94 2.34 1.64 -7.12 0 -0 6.77 32.78 -2.04 -0 0 0 84.08 -7.59 32.43 -12.84 21.05 -2.39 0 -0 -17.37 -27.72 -26.04 12.99 7.12 -0 -0 2.46 -58.86 -0.83
6.1 15.65 25.66 -475.87 -84.17 491.26 0 0 0 -3.3 -16.65 -7.05 0 -0 -0 -0.82 15.8 -6.18 1.03 -6.46 -18.12 0 0 0 22.08 24.61 -14.37 -1.72 -8.26 23.51 0.06 -14.52 -20 -0.14 2.38 -6.57 6.72 2.44 -22.08 1.13 1.18 -4.99 -2.29 0.5 6.97 16.01 14.21 -11.23 -15.17 19.45 14.97 -5.03 8.82 9.69 -0 -0 0 -78.11 12.47 48.46 20.62 -31.38 -5.85 -0 0 -52.76 33.14 2.78 1.81 -7.12 0 -0 5.33 33.26 -1.54 -0 -0 0 83.16 -9.18 32.32 -13.46 21.95 -2.62 0 -0 -16.92 -25.88 -25.43 11.77 7.12 -0 -0 4.29 -57.78 -1.34
6.09 15.64 25.62 -474.92 -83.94 490.1 0 0 0 -2.97 -16.5 -6.74 0 0 0 -0.82 15.8 -6.21 1.07 -6.57 -18.45 0 0 0 22.64 24.16 -14.18 -1.72 -8.25 23.49 0.03 -14.18 -19.83 -0.15 2.52 -6.95 6.4 1.92 -21.81 1.5 0.57 -4.96 -1.88 0.2 6.8 15.51 13.63 -11.58 -14.8 18.61 15.1 -4.97 8.42 9.56 0 0 0 -78.39 14.24 45.87 20.52 -31.27 -5.8 -0 0 -52.61 32.02 3.27 2.04 -7.12 0 -0 4.43 33.81 -1.22 0 0 0 82.18 -10.57 32.95 -13.9 22.59 -2.79 0 -0 -17.94 -24.53 -24.07 10.54 7.12 -0 -0 5.25 -56.06 -1.43
6.08 15.63 25.57 -475.26 -83.76 490.3 0 0 0 -2.71 -16.26 -6.51 0 0 0 -0.82 15.77 -6.29 1.08 -6.59 -18.51 0 0 0 23.05 23.91 -14.19 -1.74 -8.31 23.66 -0 -13.85 -19.73 -0.17 2.63 -7.26 6.16 1.88 -21.63 1.59 0.57 -4.96 -1.65 0.19 6.71 14.33 12.75 -12.43 -13.63 17.3 15.73 -4.6 7.8 9.49 0 -0 0 -78.01 15.18 46.31 19.78 -30.37 -5.42 -0 0 -51.18 31.92 3.7 2.3 -7.12 0 -0 4.37 34.31 -1.15 0 -0 0 81.69 -11.89 33.18 -14.11 22.89 -2.87 0 -0 -18.79 -24.13 -23.76 10.23 7.12 -0 -0 5.56 -55.64 -1.46
6.07 15.62 25.53 -477.09 -83.69 492.12 0 0 0 -2.64 -16 -6.42 0 -0 -0 -0.82 15.78 -6.37 1.07 -6.58 -18.47 0 0 0 23.18 23.4 -14.63 -1.8 -8.44 24.06 -0.08 -13.11 -19.63 -0.18 2.77 -7.63 5.97 2.19 -21.57 1.46 1.04 -4.99 -1.56 0.42 6.68 12.76 11.63 -13.32 -12.21 15.7 16.42 -4.13 7.04 9.37 -0 -0 0 -77.37 15.29 48.56 18.51 -28.81 -4.79 -0 0 -49.28 32.2 3.84 2.41 -7.12 0 -0 4.6 34.48 -1.19 -0 -0 0 81.71 -12.88 32.66 -13.84 22.5 -2.77 0 -0 -18.96 -24.19 -24.11 10.4 7.12 -0 -0 5.63 -56.03 -1.53
6.07 15.61 25.48 -478.14 -83.48 493.15 0 0 0 -2.36 -15.68 -6.33 0 -0 -0 -0.82 15.8 -6.48 1.07 -6.57 -18.46 0 0 0 23.53 23.19 -14.85 -1.84 -8.51 24.29 -0.13 -12.67 -19.52 -0.19 2.83 -7.82 5.92 2.46 -21.51 1.33 1.43 -5.01 -1.56 0.6 6.66 11.64 10.62 -13.97 -11 14.25 16.93 -3.76 6.38 9.27 -0 -0 0 -76.72 15.04 51.35 17.09 -26.98 -4.13 -0 0 -47.51 32.17 4.21 2.64 -7.12 0 -0 4.58 34.92 -1.14 -0 -0 0 82.2 -13.27 31.83 -13.05 21.36 -2.47 0 -0 -18.27 -24.1 -24.57 10.54 7.12 -0 -0 5.9 -56.49 -1.67
6.07 15.6 25.42 -478.27 -83.15 493.28 0 0 0 -1.87 -15.35 -6.27 0 -0 -0 -0.82 15.78 -6.63 1.05 -6.5 -18.25 0 0 0 24.05 23.08 -14.94 -1.84 -8.53 24.34 -0.15 -12.33 -19.34 -0.2 2.88 -7.94 5.77 2.32 -21.51 1.45 1.27 -4.95 -1.4 0.53 6.71 11.17 10.07 -14.38 -10.17 13.37 17.18 -3.52 6.01 9.23 -0 -0 0 -76.63 14.79 53.08 15.92 -25.42 -3.61 -0 0 -46.96 32.05 5.26 3.29 -7.12 0 -0 4.51 36.15 -0.98 -0 -0 0 82.52 -12.9 32.05 -12.08 19.93 -2.13 0 -0 -16.92 -23.67 -25.04 10.51 7.12 -0 -0 6.55 -56.88 -1.91
6.07 15.59 25.37 -478.62 -82.97 493.71 0 0 0 -1.51 -15.12 -6.32 0 -0 -0 -0.82 15.78 -6.71 1.04 -6.48 -18.17 0 0 0 24.38 22.75 -15.3 -1.86 -8.58 24.48 -0.19 -11.79 -19.16 -0.2 2.91 -8.02 5.42 1.91 -21.56 1.58 0.79 -4.89 -1.19 0.29 6.75 11.35 9.84 -14.59 -9.72 12.89 17.24 -3.47 5.84 9.21 -0 -0 0 -76.91 14.7 53.65 15.25 -24.49 -3.33 -0 0 -47.56 31.95 7.09 4.4 -7.12 0 -0 4.45 38.28 -0.74 -0 -0 0 82.75 -12.24 33.26 -11.37 18.86 -1.89 0 -0 -15.26 -23.09 -25.38 10.35 7.12 -0 -0 7.32 -57.11 -2.18
6.08 15.58 25.3 -478.02 -82.72 493.17 0 0 0 -0.95 -14.91 -6.39 0 0 0 -0.82 15.79 -6.75 1.04 -6.48 -18.19 0 0 0 24.89 22.91 -15.33 -1.86 -8.58 24.48 -0.18 -11.77 -19.05 -0.19 2.84 -7.84 5.06 1.55 -21.55 1.76 0.39 -4.85 -0.89 0.1 6.77 11.36 9.53 -14.71 -9.26 12.35 17.25 -3.39 5.63 9.14 0 0 0 -77.34 14.68 53.87 15.13 -24.33 -3.28 -0 0 -48.74 32.14 8.45 5.28 -7.12 0 -0 4.62 39.89 -0.58 0 0 0 83.05 -11.66 34.26 -11.11 18.46 -1.81 0 -0 -13.33 -21.49 -25.81 9.73 7.12 -0 -0 9.23 -57.2 -2.77
6.09 15.58 25.24 -477.1 -82.5 492.31 0 0 0 -0.4 -14.77 -6.49 0 0 0 -0.82 15.82 -6.74 1.05 -6.52 -18.29 0 0 0 25.38 22.9 -15.39 -1.85 -8.55 24.38 -0.19 -11.61 -18.9 -0.18 2.76 -7.6 4.95 1.56 -21.48 1.75 0.44 -4.83 -0.83 0.12 6.75 10.6 8.95 -15.06 -8.27 11.47 17.27 -3.05 5.26 9 0 0 0 -77.65 14.37 54.08 15.31 -24.57 -3.35 -0 0 -49.2 33.06 9.05 5.85 -7.12 0 -0 5.43 40.68 -0.58 0 0 0 83.58 -11.1 33.51 -11.02 18.32 -1.78 0 -0 -9.12 -17.9 -26.45 8.19 7.12 -0 -0 13.35 -57.08 -4
6.1 15.57 25.19 -475.96 -82.4 491.29 0 0 0 0.05 -14.76 -6.67 0 -0 -0 -0.83 15.87 -6.66 1.07 -6.58 -18.48 0 0 0 25.72 22.73 -15.56 -1.83 -8.51 24.28 -0.2 -11.34 -18.76 -0.17 2.64 -7.29 4.77 1.44 -21.39 1.77 0.32 -4.85 -0.74 0.06 6.68 10.01 8.54 -15.18 -7.41 10.84 17.15 -2.76 5.02 8.82 -0 -0 0 -78.39 13.95 52.61 15.22 -24.45 -3.32 -0 0 -47.21 35.02 9.62 6.68 -7.12 0 -0 7.2 41.56 -0.61 -0 -0 0 83.66 -10.49 33.2 -10.94 18.19 -1.76 0 -0 -4.18 -14.87 -25.95 6.63 7.12 -0 -0 16.21 -55.97 -4.44
6.11 15.57 25.14 -474.68 -82.33 490.17 0 0 0 0.49 -14.79 -6.9 0 0 0 -0.83 15.94 -6.58 1.08 -6.61 -18.57 0 0 0 26.03 22.61 -15.76 -1.82 -8.48 24.18 -0.21 -11.14 -18.64 -0.16 2.56 -7.06 4.53 1.33 -21.34 1.79 0.24 -4.88 -0.6 0.01 6.61 9.38 8.13 -15.36 -6.6 10.22 17.13 -2.47 4.77 8.71 0 0 0 -79.14 13.3 50.62 14.85 -23.94 -3.16 -0 0 -44.21 36.83 9.3 6.9 -7.12 0 -0 8.83 41.38 -0.8 0 0 0 83.33 -10.06 33.8 -10.98 18.25 -1.77 0 0 0.27 -14.39 -24.08 5.98 7.12 -0 -0 15.71 -54.06 -3.57
6.12 15.57 25.08 -473.49 -82.29 489.17 0 0 0 0.91 -14.83 -7.17 0 0 0 -0.84 16.01 -6.48 1.09 -6.64 -18.65 0 0 0 26.28 22.48 -16.01 -1.81 -8.45 24.09 -0.23 -10.9 -18.54 -0.14 2.43 -6.69 4.29 1.3 -21.31 1.79 0.26 -4.92 -0.47 0.02 6.56 8.75 7.65 -15.67 -5.86 9.54 17.22 -2.21 4.47 8.66 -0 0 0 -79.7 12.51 48.9 14.58 -23.56 -3.06 -0 0 -42.24 37.71 8.27 6.35 -7.12 0 -0 9.55 40.21 -1.14 -0 0 0 82.78 -9.95 35.75 -11.42 18.92 -1.91 0 0 2.69 -16.13 -22.58 6.34 7.12 -0 -0 13.27 -52.9 -2.62
6.13 15.57 25.03 -472.07 -82.19 487.89 0 0 0 1.39 -14.86 -7.41 0 0 0 -0.85 16.08 -6.34 1.12 -6.73 -18.92 0 0 0 26.63 22.42 -16.16 -1.79 -8.41 23.95 -0.23 -10.75 -18.42 -0.13 2.32 -6.39 4.08 1.31 -21.25 1.78 0.31 -4.92 -0.34 0.04 6.52 8.16 7.17 -16.08 -5.13 8.84 17.41 -1.95 4.17 8.68 -0 0 0 -79.97 11.74 47.74 14.66 -23.67 -3.09 -0 0 -41.22 37.46 7.25 5.52 -7.12 0 -0 9.24 38.92 -1.4 -0 0 0 82.2 -9.8 37.92 -12.01 19.82 -2.11 0 0 2.27 -19.12 -21.23 7.16 7.12 -0 -0 9.77 -52.07 -1.72
6.15 15.57 24.98 -470.51 -82.12 486.44 0 0 0 1.82 -14.95 -7.63 0 -0 -0 -0.86 16.17 -6.19 1.14 -6.77 -19.04 0 0 0 26.93 22.23 -16.34 -1.77 -8.37 23.84 -0.24 -10.57 -18.26 -0.12 2.27 -6.26 3.93 1.28 -21.13 1.75 0.33 -4.9 -0.28 0.05 6.48 7.67 6.74 -16.4 -4.51 8.21 17.52 -1.75 3.9 8.68 -0 -0 0 -79.96 11.02 47.42 15.06 -24.24 -3.25 -0 0 -41.28 36.7 6.27 4.65 -7.12 0 -0 8.51 37.66 -1.55 -0 -0 0 81.67 -9.51 39.8 -12.64 20.76 -2.32 0 0 0.43 -21.02 -20.48 7.66 7.12 -0 -0 7.63 -51.63 -1.25
6.17 15.57 24.94 -468.83 -82.09 484.84 0 0 0 2.18 -15.09 -7.82 0 -0 -0 -0.87 16.26 -6.05 1.15 -6.81 -19.16 0 0 0 27.19 21.97 -16.51 -1.75 -8.33 23.73 -0.25 -10.39 -18.13 -0.12 2.21 -6.09 3.84 1.26 -21.01 1.69 0.33 -4.87 -0.3 0.05 6.46 7.18 6.34 -16.63 -3.85 7.63 17.6 -1.52 3.66 8.66 -0 -0 0 -79.74 10.29 47.86 15.67 -25.07 -3.5 -0 0 -41.9 36.1 5.35 3.89 -7.12 0 -0 7.94 36.49 -1.68 -0 -0 0 81.4 -8.99 40.83 -13.16 21.52 -2.51 0 -0 -2.05 -21.67 -20.24 7.83 7.12 -0 -0 6.9 -51.49 -1.11
6.18 15.57 24.91 -466.83 -82.07 482.92 0 0 0 2.53 -15.28 -8.02 0 -0 -0 -0.88 16.36 -5.91 1.16 -6.83 -19.23 0 0 0 27.43 21.83 -16.63 -1.74 -8.3 23.62 -0.24 -10.4 -18.04 -0.12 2.23 -6.14 3.8 1.25 -20.94 1.61 0.34 -4.83 -0.36 0.06 6.46 6.67 5.95 -16.78 -3.16 7.06 17.67 -1.27 3.43 8.63 0 0 0 -79.46 9.5 48.77 16.32 -25.95 -3.78 -0 0 -42.28 35.56 4.54 3.24 -7.12 0 -0 7.42 35.48 -1.75 0 0 0 81.43 -8.36 40.94 -13.57 22.12 -2.67 0 -0 -4.75 -21.58 -20.3 7.81 7.12 -0 -0 7.02 -51.53 -1.13
6.2 15.57 24.88 -464.79 -82.16 480.93 0 0 0 2.74 -15.56 -8.23 0 -0 -0 -0.89 16.45 -5.72 1.18 -6.9 -19.43 0 0 0 27.51 21.74 -16.79 -1.74 -8.3 23.64 -0.23 -10.47 -18.06 -0.11 2.16 -5.95 3.68 1.21 -20.8 1.49 0.35 -4.81 -0.42 0.06 6.41 6.15 5.59 -16.91 -2.45 6.54 17.78 -1.02 3.22 8.62 -0 -0 0 -79.19 8.64 49.87 16.94 -26.78 -4.06 -0 0 -42.27 34.79 3.72 2.58 -7.12 0 -0 6.73 34.44 -1.76 -0 -0 0 81.61 -7.74 40.89 -14.03 22.77 -2.84 0 -0 -6.74 -21.05 -20.69 7.74 7.12 -0 -0 7.66 -51.85 -1.3
6.22 15.57 24.86 -462.63 -82.21 478.84 0 0 0 2.98 -15.83 -8.43 0 -0 -0 -0.9 16.53 -5.51 1.22 -7.01 -19.73 0 0 0 27.61 21.63 -16.94 -1.74 -8.3 23.64 -0.23 -10.51 -18.07 -0.1 2.04 -5.61 3.61 1.19 -20.68 1.4 0.36 -4.8 -0.47 0.07 6.36 5.68 5.27 -16.99 -1.84 6.09 17.92 -0.79 3.04 8.63 -0 -0 0 -79.08 7.75 50.85 17.45 -27.44 -4.29 -0 0 -41.54 33.75 3.1 2.07 -7.12 0 -0 5.84 33.66 -1.63 -0 -0 0 81.97 -7.1 40.64 -14.45 23.38 -3.01 0 -0 -7.81 -20.65 -20.63 7.56 7.12 -0 -0 8.05 -51.72 -1.34
6.23 15.57 24.85 -460.38 -82.24 476.6 0 0 0 3.17 -16.13 -8.58 0 0 0 -0.91 16.61 -5.29 1.27 -7.13 -20.11 0 0 0 27.71 21.52 -17 -1.74 -8.29 23.6 -0.22 -10.65 -18.07 -0.1 2.03 -5.59 3.43 1.09 -20.55 1.43 0.26 -4.76 -0.37 0.03 6.33 5.33 5.05 -17.03 -1.51 5.81 18.04 -0.66 2.92 8.64 -0 0 0 -79.29 6.86 51.6 17.87 -27.98 -4.49 -0 0 -40.87 33.05 2.56 1.67 -7.12 0 -0 5.25 33.01 -1.55 -0 0 0 82.24 -6.4 40.59 -14.85 23.94 -3.17 0 -0 -7.82 -20.79 -20.65 7.62 7.12 -0 -0 7.91 -51.76 -1.32
6.25 15.56 24.83 -458.5 -82.25 474.62 0 0 0 3.31 -16.36 -8.56 0 -0 -0 -0.91 16.66 -5.13 1.32 -7.28 -20.56 0 0 0 27.87 21.58 -16.83 -1.73 -8.28 23.58 -0.19 -10.95 -18.14 -0.1 2 -5.51 3.17 0.97 -20.39 1.49 0.17 -4.66 -0.17 -0.02 6.34 5.06 4.89 -17.09 -1.27 5.6 18.19 -0.56 2.83 8.68 -0 -0 0 -79.58 6 52.41 18.2 -28.41 -4.64 -0 0 -40.25 32.68 2.26 1.45 -7.12 0 -0 4.93 32.64 -1.5 -0 -0 0 82.51 -5.73 41.02 -15.29 24.56 -3.35 0 -0 -7.74 -21.16 -20.56 7.74 7.12 -0 -0 7.52 -51.74 -1.25
6.26 15.56 24.83 -456.44 -82.27 472.49 0 0 0 3.41 -16.64 -8.57 0 -0 -0 -0.92 16.7 -4.98 1.37 -7.4 -20.9 0 0 0 27.94 21.62 -16.7 -1.73 -8.28 23.56 -0.17 -11.26 -18.2 -0.09 1.99 -5.47 2.92 0.86 -20.24 1.58 0.09 -4.57 0.04 -0.06 6.36 4.81 4.73 -17.19 -1.15 5.42 18.4 -0.5 2.73 8.75 -0 -0 0 -80.05 5.19 53.17 18.42 -28.69 -4.75 -0 0 -39.5 32.46 2.02 1.28 -7.12 0 -0 4.75 32.35 -1.47 -0 -0 0 82.65 -5.13 41.88 -15.76 25.2 -3.54 0 -0 -7.53 -21.61 -20.69 7.97 7.12 -0 -0 7.11 -51.95 -1.22
6.26 15.57 24.84 -454.27 -82.35 470.26 0 0 0 3.37 -16.98 -8.62 0 -0 -0 -0.92 16.74 -4.85 1.39 -7.46 -21.1 0 0 0 27.85 21.52 -16.69 -1.73 -8.28 23.56 -0.15 -11.46 -18.25 -0.1 2 -5.51 2.72 0.68 -20.11 1.67 -0.1 -4.5 0.21 -0.15 6.38 4.79 4.7 -17.25 -1.17 5.38 18.62 -0.51 2.71 8.84 0 0 0 -80.61 4.56 53.62 18.55 -28.86 -4.81 -0 0 -38.35 32.24 1.69 1.07 -7.12 0 -0 4.55 31.96 -1.46 0 0 0 82.56 -4.61 43.6 -16.23 25.83 -3.75 0 -0 -6.78 -21.15 -20.62 7.76 7.12 -0 -0 7.54 -51.8 -1.27
6.27 15.57 24.87 -452.66 -82.42 468.57 0 0 0 3.25 -17.26 -8.59 0 -0 -0 -0.92 16.74 -4.79 1.39 -7.46 -21.08 0 0 0 27.72 21.46 -16.6 -1.72 -8.27 23.53 -0.13 -11.67 -18.29 -0.1 2.03 -5.6 2.63 0.58 -20.01 1.71 -0.21 -4.39 0.27 -0.2 6.44 4.77 4.68 -17.39 -1.17 5.35 18.9 -0.5 2.69 8.96 0 0 0 -81.11 4.03 54.12 18.62 -28.95 -4.85 -0 0 -36.63 31.98 1.25 0.78 -7.12 0 -0 4.32 31.44 -1.44 0 0 0 82.27 -4.2 45.92 -16.7 26.46 -3.95 0 -0 -5.91 -20.3 -19.83 7.15 7.12 -0 -0 8.13 -50.83 -1.18
6.27 15.57 24.9 -451.32 -82.52 467.21 0 0 0 3.07 -17.52 -8.62 0 0 0 -0.92 16.74 -4.74 1.39 -7.47 -21.12 0 0 0 27.5 21.47 -16.58 -1.72 -8.27 23.53 -0.11 -11.93 -18.34 -0.11 2.1 -5.77 2.55 0.56 -19.96 1.72 -0.21 -4.32 0.33 -0.2 6.48 4.65 4.61 -17.54 -1.11 5.26 19.24 -0.47 2.65 9.09 0 0 0 -81.49 3.65 54.91 18.66 -29 -4.87 -0 0 -34.18 31.54 0.67 0.41 -7.12 0 -0 3.95 30.75 -1.38 0 0 0 81.84 -3.99 48.36 -17.18 27.1 -4.17 0 -0 -5.3 -19.89 -18.81 6.65 7.12 -0 -0 8.22 -49.71 -0.96
6.28 15.58 24.93 -450.05 -82.67 466.03 0 0 0 2.9 -17.77 -8.79 0 0 0 -0.92 16.73 -4.62 1.43 -7.57 -21.4 0 0 0 27.19 21.67 -16.67 -1.74 -8.3 23.62 -0.07 -12.34 -18.44 -0.11 2.15 -5.93 2.41 0.57 -19.94 1.7 -0.17 -4.31 0.4 -0.18 6.48 4.52 4.53 -17.68 -1 5.16 19.58 -0.42 2.6 9.23 0 -0 0 -81.58 3.43 55.84 18.69 -29.03 -4.88 -0 0 -31.24 30.77 -0.34 -0.2 -7.12 0 -0 3.3 29.58 -1.24 0 -0 0 81.48 -3.89 50.42 -17.57 27.6 -4.35 0 -0 -4.76 -19.4 -18.07 6.23 7.12 -0 -0 8.47 -48.87 -0.81
6.28 15.59 24.97 -449.46 -82.75 465.46 0 0 0 2.68 -17.92 -8.84 0 -0 -0 -0.91 16.72 -4.58 1.45 -7.6 -21.52 0 0 0 26.92 21.83 -16.63 -1.74 -8.29 23.61 -0.05 -12.61 -18.53 -0.11 2.14 -5.88 2.37 0.58 -19.99 1.69 -0.15 -4.26 0.42 -0.16 6.57 4.47 4.53 -17.73 -0.93 5.14 19.83 -0.38 2.6 9.32 -0 0 0 -81.43 3.38 56.61 18.81 -29.18 -4.94 -0 0 -29.6 30.04 -1.28 -0.74 -7.12 0 -0 2.69 28.49 -1.08 -0 0 0 81.22 -3.76 52.03 -17.74 27.83 -4.43 0 -0 -4.47 -18.42 -17.43 5.7 7.12 -0 -0 9.22 -48.07 -0.7
6.27 15.59 25.03 -449.81 -82.88 465.72 0 0 0 2.27 -17.99 -8.67 0 -0 -0 -0.91 16.66 -4.73 1.39 -7.45 -21.06 0 0 0 26.58 21.9 -16.42 -1.73 -8.27 23.55 -0.04 -12.74 -18.61 -0.11 2.14 -5.9 2.45 0.64 -20.07 1.63 -0.08 -4.16 0.33 -0.13 6.71 4.47 4.56 -17.7 -0.86 5.16 20.04 -0.36 2.61 9.39 0 -0 0 -81.12 3.44 57.15 19.03 -29.46 -5.05 -0 0 -30.6 29.91 -1.16 -0.67 -7.12 0 -0 2.6 28.64 -1.04 0 -0 0 81.09 -3.66 53.18 -17.67 27.74 -4.4 0 -0 -4.64 -17.86 -17.33 5.48 7.12 -0 -0 9.72 -47.89 -0.7
6.27 15.6 25.08 -449.82 -83.05 465.76 0 0 0 1.88 -18.11 -8.69 0 -0 -0 -0.9 16.61 -4.76 1.36 -7.39 -20.88 0 0 0 26.16 22.03 -16.38 -1.72 -8.27 23.53 -0.02 -12.98 -18.67 -0.12 2.24 -6.17 2.47 0.65 -20.18 1.57 -0.07 -4.11 0.26 -0.12 6.82 4.53 4.62 -17.65 -0.8 5.22 20.22 -0.33 2.65 9.44 0 -0 0 -80.74 3.58 57.27 19.28 -29.76 -5.17 -0 0 -33.39 30.44 -0.55 -0.33 -7.12 0 -0 3.04 29.33 -1.16 0 -0 0 81.14 -3.53 53.78 -17.35 27.31 -4.25 0 -0 -5.26 -17.22 -17.12 5.21 7.12 -0 -0 10.26 -47.58 -0.66
6.27 15.61 25.14 -449.92 -83.25 465.92 0 0 0 1.45 -18.23 -8.76 0 0 0 -0.9 16.56 -4.75 1.36 -7.37 -20.81 0 0 0 25.67 22.16 -16.42 -1.73 -8.27 23.55 0 -13.2 -18.75 -0.13 2.32 -6.39 2.46 0.7 -20.28 1.5 0 -4.09 0.2 -0.08 6.9 4.52 4.63 -17.61 -0.72 5.22 20.39 -0.31 2.65 9.49 0 0 0 -80.38 3.74 57.09 19.47 -30 -5.26 -0 0 -36.66 31.13 0.03 0.02 -7.12 0 -0 3.6 30 -1.32 0 0 0 81.3 -3.45 53.63 -16.85 26.66 -4.02 0 -0 -6.17 -16.68 -16.91 4.98 7.12 -0 -0 10.7 -47.3 -0.61
6.27 15.62 25.21 -450.42 -83.48 466.4 0 0 0 0.94 -18.33 -8.72 0 0 0 -0.89 16.51 -4.79 1.32 -7.28 -20.55 0 0 0 25.16 22.26 -16.38 -1.73 -8.28 23.58 0.02 -13.38 -18.83 -0.14 2.42 -6.66 2.38 0.7 -20.31 1.48 0.03 -4.07 0.23 -0.07 6.95 4.53 4.68 -17.53 -0.72 5.29 20.54 -0.3 2.69 9.53 -0 -0 0 -80.19 4.01 56.44 19.56 -30.1 -5.31 -0 0 -39.76 31.81 0.57 0.35 -7.12 0 -0 4.16 30.64 -1.46 -0 -0 0 81.43 -3.38 53.07 -16.31 25.94 -3.78 0 -0 -7.34 -16.06 -17.08 4.84 7.12 -0 -0 11.33 -47.39 -0.68
6.26 15.62 25.28 -451.03 -83.69 466.96 0 0 0 0.39 -18.42 -8.65 0 0 0 -0.89 16.46 -4.79 1.3 -7.23 -20.41 0 0 0 24.63 22.61 -16.17 -1.73 -8.28 23.57 0.06 -13.83 -18.97 -0.15 2.5 -6.88 2.39 0.69 -20.33 1.43 0.02 -4.02 0.17 -0.07 7.01 4.74 4.8 -17.47 -0.82 5.42 20.66 -0.35 2.75 9.58 0 -0 0 -79.97 4.3 55.58 19.53 -30.07 -5.29 -0 0 -42.27 32.26 0.99 0.63 -7.12 0 -0 4.54 31.14 -1.54 0 -0 0 81.66 -3.29 52.19 -15.8 25.25 -3.56 0 -0 -8.54 -15.36 -17.52 4.73 7.12 -0 -0 12.12 -47.73 -0.83
6.26 15.63 25.35 -452.32 -83.9 468.18 0 0 0 -0.21 -18.45 -8.54 0 0 0 -0.88 16.41 -4.79 1.3 -7.23 -20.39 0 0 0 24.11 22.74 -16.02 -1.73 -8.28 23.58 0.07 -14.01 -19.08 -0.16 2.57 -7.08 2.36 0.72 -20.35 1.41 0.05 -3.96 0.17 -0.05 7.09 4.87 4.86 -17.51 -0.95 5.5 20.83 -0.4 2.78 9.66 0 0 0 -79.94 4.56 54.66 19.31 -29.81 -5.19 -0 0 -43.34 32.59 1.26 0.81 -7.12 0 -0 4.82 31.46 -1.6 0 0 0 81.76 -3.25 51.18 -15.4 24.7 -3.39 0 -0 -9.7 -15.32 -18.12 4.87 7.12 -0 -0 12.35 -48.33 -1.03
6.25 15.64 25.43 -453.85 -84.13 469.63 0 0 0 -0.87 -18.49 -8.42 0 -0 -0 -0.88 16.36 -4.79 1.28 -7.18 -20.26 0 0 0 23.53 22.88 -15.89 -1.73 -8.29 23.6 0.09 -14.21 -19.18 -0.17 2.69 -7.41 2.34 0.76 -20.36 1.37 0.11 -3.93 0.16 -0.02 7.13 4.87 4.94 -17.39 -0.96 5.61 20.86 -0.39 2.83 9.65 -0 -0 0 -79.92 4.85 53.96 18.98 -29.39 -5.02 -0 0 -43.21 32.74 1.35 0.87 -7.12 0 -0 4.94 31.56 -1.63 -0 -0 0 81.76 -3.36 50.34 -15.18 24.39 -3.3 0 -0 -10.68 -15.84 -18.45 5.13 7.12 -0 -0 11.97 -48.73 -1.12
6.25 15.65 25.52 -455.31 -84.37 471.06 0 0 0 -1.54 -18.54 -8.33 0 -0 -0 -0.87 16.31 -4.83 1.24 -7.07 -19.92 0 0 0 22.91 23.3 -15.65 -1.73 -8.28 23.57 0.14 -14.72 -19.37 -0.19 2.77 -7.64 2.35 0.78 -20.4 1.32 0.15 -3.91 0.11 -0 7.17 5.05 5.02 -17.31 -1.07 5.71 20.92 -0.45 2.88 9.66 -0 -0 0 -79.87 5.17 53.5 18.62 -28.95 -4.85 -0 0 -42.85 32.89 1.33 0.86 -7.12 0 -0 5.06 31.53 -1.67 -0 -0 0 81.8 -3.53 49.69 -15.07 24.24 -3.25 0 -0 -11.04 -16.66 -18.55 5.44 7.12 -0 -0 11.23 -48.95 -1.11
6.24 15.66 25.61 -457.21 -84.58 472.93 0 0 0 -2.19 -18.56 -8.24 0 -0 -0 -0.87 16.27 -4.91 1.2 -6.96 -19.6 0 0 0 22.31 23.58 -15.43 -1.72 -8.25 23.48 0.15 -14.96 -19.54 -0.18 2.75 -7.59 2.37 0.86 -20.51 1.27 0.25 -3.87 0.07 0.05 7.26 4.99 5.08 -17.17 -1.04 5.8 20.82 -0.42 2.92 9.61 -0 -0 0 -79.8 5.42 53.47 18.35 -28.6 -4.72 -0 0 -43.05 33.29 1.37 0.9 -7.12 0 -0 5.38 31.59 -1.77 -0 -0 0 81.84 -3.7 48.88 -15.02 24.18 -3.24 0 -0 -10.77 -17.64 -18.62 5.8 7.12 -0 -0 10.32 -49.17 -1.07
6.23 15.67 25.69 -459.15 -84.76 474.88 0 0 0 -2.8 -18.58 -8.19 0 -0 -0 -0.86 16.21 -5.03 1.13 -6.74 -18.95 0 0 0 21.72 23.98 -15.16 -1.69 -8.2 23.32 0.19 -15.34 -19.7 -0.18 2.72 -7.51 2.42 0.93 -20.66 1.23 0.33 -3.87 0.02 0.09 7.35 5.13 5.12 -17.12 -1.16 5.85 20.81 -0.48 2.94 9.61 0 -0 0 -79.74 5.71 53.42 18.2 -28.42 -4.65 -0 0 -43.74 33.6 1.57 1.04 -7.12 0 -0 5.64 31.83 -1.82 0 -0 0 81.85 -3.95 48.36 -15.1 24.28 -3.27 0 -0 -10.84 -18.21 -18.6 5.99 7.12 -0 -0 9.77 -49.24 -1.03
6.21 15.68 25.78 -461.31 -84.95 477.06 0 0 0 -3.44 -18.59 -8.14 0 -0 -0 -0.86 16.15 -5.15 1.06 -6.55 -18.4 0 0 0 21.11 24.39 -14.89 -1.67 -8.15 23.16 0.23 -15.75 -19.87 -0.17 2.69 -7.41 2.38 0.9 -20.82 1.22 0.28 -3.89 0.02 0.06 7.41 5.48 5.27 -17 -1.39 6.02 20.8 -0.59 3.03 9.61 0 -0 0 -79.74 6.05 52.92 18.15 -28.35 -4.62 -0 0 -44.56 33.72 1.76 1.17 -7.12 0 -0 5.75 32.06 -1.83 0 -0 0 81.87 -4.13 48.24 -15.17 24.39 -3.3 0 -0 -11.09 -18.4 -18.65 6.07 7.12 -0 -0 9.6 -49.32 -1.03
6.2 15.69 25.86 -464.03 -85.11 479.8 0 0 0 -4.06 -18.56 -8.09 0 0 0 -0.85 16.1 -5.27 1.01 -6.38 -17.89 0 0 0 20.52 24.88 -14.59 -1.65 -8.09 22.99 0.27 -16.18 -20.07 -0.17 2.62 -7.22 2.39 1.01 -20.98 1.17 0.42 -3.93 -0 0.12 7.45 5.44 5.27 -16.92 -1.32 6.02 20.81 -0.56 3.03 9.59 -0 0 0 -79.7 6.29 52.74 18.2 -28.41 -4.64 -0 0 -45.35 33.83 1.89 1.27 -7.12 0 -0 5.84 32.22 -1.84 -0 0 0 81.97 -4.35 47.74 -15.18 24.39 -3.3 0 -0 -10.83 -18.05 -18.74 5.98 7.12 -0 -0 9.97 -49.36 -1.08
6.19 15.69 25.94 -467.02 -85.25 482.88 0 0 0 -4.62 -18.52 -8.13 0 0 0 -0.85 16.04 -5.39 0.94 -6.18 -17.32 0 0 0 19.93 25.42 -14.37 -1.63 -8.04 22.83 0.32 -16.63 -20.24 -0.16 2.58 -7.12 2.42 1.13 -21.18 1.07 0.57 -4.01 -0.09 0.2 7.48 5.48 5.28 -16.88 -1.23 6 20.89 -0.54 3.03 9.61 -0 -0 0 -79.56 6.49 52.66 18.26 -28.49 -4.67 -0 0 -45.56 33.89 2.01 1.35 -7.12 0 -0 5.9 32.36 -1.83 -0 -0 0 82.11 -4.54 47.62 -15.16 24.36 -3.29 0 -0 -10.39 -17.8 -18.86 5.92 7.12 -0 -0 10.25 -49.44 -1.13
6.17 15.7 26.02 -470.67 -85.38 486.62 0 0 0 -5.21 -18.45 -8.16 0 -0 -0 -0.84 15.99 -5.49 0.89 -6.02 -16.84 0 0 0 19.32 25.83 -14.26 -1.61 -8.01 22.75 0.36 -16.95 -20.35 -0.16 2.61 -7.2 2.41 1.2 -21.38 0.96 0.66 -4.11 -0.17 0.23 7.49 5.69 5.37 -16.84 -1.28 6.08 21.02 -0.58 3.08 9.66 0 0 0 -79.4 6.66 52.62 18.29 -28.53 -4.69 -0 0 -45.26 33.78 2.05 1.37 -7.12 0 -0 5.81 32.41 -1.8 0 0 0 82.27 -4.63 47.78 -15.04 24.2 -3.24 0 -0 -9.53 -17.54 -18.82 5.82 7.12 -0 -0 10.49 -49.36 -1.14
6.16 15.71 26.09 -475.24 -85.5 491.22 0 0 0 -5.84 -18.33 -8.13 0 0 0 -0.84 15.95 -5.55 0.86 -5.91 -16.53 0 0 0 18.7 26.35 -14.12 -1.62 -8.02 22.77 0.4 -17.32 -20.53 -0.17 2.64 -7.28 2.29 1.24 -21.53 0.92 0.73 -4.19 -0.12 0.26 7.47 5.8 5.48 -16.78 -1.4 6.24 21.12 -0.62 3.15 9.7 0 0 0 -79.37 6.77 52.74 18.29 -28.52 -4.68 -0 0 -45 33.77 2.12 1.42 -7.12 0 -0 5.81 32.5 -1.79 0 0 0 82.3 -4.66 48 -14.88 23.98 -3.18 0 -0 -8.35 -17.1 -18.65 5.62 7.12 -0 -0 10.85 -49.12 -1.12
6.15 15.71 26.16 -480.1 -85.6 496.07 0 0 0 -6.49 -18.21 -8.06 0 0 0 -0.83 15.91 -5.64 0.81 -5.75 -16.07 0 0 0 18.09 26.69 -14.06 -1.63 -8.05 22.87 0.41 -17.51 -20.68 -0.17 2.69 -7.42 2.18 1.32 -21.63 0.83 0.85 -4.24 -0.13 0.32 7.47 6.02 5.6 -16.78 -1.65 6.42 21.23 -0.72 3.22 9.76 -0 -0 0 -79.26 6.76 53.05 18.21 -28.42 -4.65 -0 0 -44.6 33.35 2.09 1.37 -7.12 0 -0 5.46 32.45 -1.69 -0 -0 0 82.33 -4.66 48.25 -14.76 23.81 -3.13 0 -0 -7.31 -16.86 -18.48 5.49 7.12 -0 -0 11.02 -48.91 -1.08
6.13 15.71 26.23 -485.35 -85.64 501.26 0 0 0 -7.14 -18.04 -7.92 0 -0 -0 -0.83 15.87 -5.73 0.78 -5.64 -15.74 0 0 0 17.55 26.95 -14 -1.65 -8.1 23.01 0.43 -17.64 -20.77 -0.19 2.79 -7.71 2.11 1.42 -21.69 0.7 1.01 -4.25 -0.18 0.39 7.49 6.32 5.78 -16.78 -2.01 6.67 21.32 -0.85 3.32 9.83 -0 -0 0 -79.13 6.69 53.52 18.18 -28.39 -4.63 -0 0 -44.6 33.38 2.14 1.41 -7.12 0 -0 5.49 32.51 -1.69 -0 -0 0 82.39 -4.65 48.52 -14.69 23.71 -3.1 0 -0 -6.55 -16.98 -18.39 5.5 7.12 -0 -0 10.88 -48.84 -1.04
6.12 15.71 26.28 -490.7 -85.62 506.49 0 0 0 -7.77 -17.82 -7.7 0 0 0 -0.82 15.82 -5.88 0.73 -5.45 -15.21 0 0 0 17.08 27.26 -13.85 -1.68 -8.15 23.19 0.44 -17.8 -20.9 -0.2 2.86 -7.9 1.99 1.45 -21.74 0.63 1.09 -4.22 -0.17 0.43 7.56 6.7 6.12 -16.72 -2.53 7.17 21.35 -1.03 3.52 9.89 -0 0 0 -79.09 6.57 53.83 18.13 -28.32 -4.61 -0 0 -44.5 33.27 2.16 1.42 -7.12 0 -0 5.41 32.53 -1.66 -0 0 0 82.35 -4.58 48.94 -14.69 23.71 -3.1 0 -0 -6.19 -17.24 -18.38 5.59 7.12 -0 -0 10.63 -48.86 -1.02
6.1 15.71 26.34 -495.63 -85.61 511.29 0 0 0 -8.39 -17.66 -7.49 0 -0 -0 -0.82 15.78 -5.96 0.71 -5.37 -14.98 0 0 0 16.61 27.42 -13.78 -1.71 -8.22 23.4 0.44 -17.87 -20.97 -0.22 3.02 -8.34 1.9 1.47 -21.79 0.54 1.14 -4.18 -0.2 0.45 7.63 7.19 6.53 -16.62 -3.18 7.79 21.41 -1.24 3.77 9.97 -0 0 0 -79.04 6.44 54.18 18.09 -28.27 -4.59 -0 0 -44.17 33.21 2.17 1.42 -7.12 0 -0 5.36 32.54 -1.64 -0 0 0 82.36 -4.54 49.06 -14.71 23.74 -3.11 0 -0 -5.89 -17.48 -18.28 5.64 7.12 -0 -0 10.36 -48.8 -0.98
6.09 15.71 26.39 -500.23 -85.56 515.76 0 0 0 -8.98 -17.5 -7.27 0 -0 -0 -0.82 15.75 -6.03 0.69 -5.31 -14.79 0 0 0 16.18 27.54 -13.71 -1.74 -8.29 23.61 0.45 -17.95 -21 -0.25 3.19 -8.81 1.84 1.49 -21.83 0.42 1.2 -4.13 -0.28 0.49 7.7 7.83 6.98 -16.6 -3.88 8.43 21.57 -1.5 4.04 10.13 0 0 0 -78.88 6.3 54.73 18.06 -28.23 -4.58 -0 0 -43.65 33.06 2.14 1.39 -7.12 0 -0 5.23 32.5 -1.61 0 0 0 82.43 -4.52 49.03 -14.75 23.8 -3.12 0 -0 -5.94 -17.71 -18.27 5.72 7.12 -0 -0 10.15 -48.82 -0.97
6.07 15.71 26.44 -504.21 -85.46 519.6 0 0 0 -9.5 -17.3 -7.04 0 0 0 -0.81 15.72 -6.12 0.67 -5.23 -14.56 0 0 0 15.84 27.68 -13.57 -1.76 -8.34 23.75 0.46 -18.02 -21.06 -0.27 3.32 -9.16 1.81 1.52 -21.92 0.34 1.24 -4.07 -0.33 0.51 7.82 8.42 7.47 -16.55 -4.59 9.13 21.74 -1.73 4.33 10.3 -0 -0 0 -78.73 6.12 55.34 18.02 -28.18 -4.56 -0 0 -43.17 32.89 2.12 1.37 -7.12 0 -0 5.09 32.47 -1.57 -0 -0 0 82.64 -4.45 48.65 -14.71 23.74 -3.11 0 -0 -5.87 -17.98 -18.33 5.83 7.12 -0 -0 9.91 -48.93 -0.97
6.05 15.7 26.49 -507.88 -85.34 523.12 0 0 0 -10 -17.1 -6.8 0 -0 -0 -0.81 15.68 -6.24 0.64 -5.12 -14.24 0 0 0 15.53 27.79 -13.41 -1.77 -8.38 23.87 0.46 -18.08 -21.11 -0.29 3.43 -9.49 1.75 1.49 -22.01 0.29 1.22 -4.02 -0.35 0.5 7.93 9.1 7.98 -16.51 -5.38 9.88 22.03 -2 4.63 10.53 0 -0 0 -78.62 5.98 55.85 17.99 -28.14 -4.54 -0 0 -42.85 32.66 2.14 1.37 -7.12 0 -0 4.91 32.49 -1.51 0 -0 0 82.76 -4.43 48.46 -14.7 23.73 -3.1 0 -0 -5.98 -18.28 -18.43 5.96 7.12 -0 -0 9.65 -49.08 -0.98
6.03 15.7 26.53 -511.6 -85.19 526.7 0 0 0 -10.51 -16.89 -6.56 0 -0 -0 -0.8 15.64 -6.33 0.63 -5.06 -14.08 0 0 0 15.21 27.89 -13.28 -1.8 -8.43 24.03 0.46 -18.1 -21.16 -0.31 3.56 -9.85 1.59 1.41 -22.11 0.3 1.15 -3.97 -0.27 0.46 8.02 9.97 8.5 -16.38 -6.4 10.67 22.32 -2.38 4.94 10.8 -0 0 0 -78.57 5.9 56.16 17.96 -28.1 -4.53 -0 0 -42.67 32.56 2.18 1.39 -7.12 0 -0 4.83 32.54 -1.48 -0 0 0 82.67 -4.41 48.58 -14.71 23.75 -3.11 0 -0 -6.29 -18.32 -18.45 5.98 7.12 -0 -0 9.62 -49.11 -0.98
6.01 15.7 26.56 -515.38 -84.99 530.32 0 0 0 -11 -16.61 -6.3 0 -0 -0 -0.8 15.6 -6.44 0.62 -5.03 -13.99 0 0 0 14.93 28.18 -13.06 -1.82 -8.49 24.2 0.47 -18.22 -21.3 -0.31 3.61 -9.97 1.32 1.32 -22.23 0.33 1.09 -3.9 -0.1 0.43 8.16 10.72 9.02 -16.24 -7.33 11.48 22.58 -2.71 5.25 11.06 -0 0 0 -78.58 5.79 56.36 17.93 -28.06 -4.51 -0 0 -42.54 32.5 2.18 1.39 -7.12 0 -0 4.78 32.54 -1.46 -0 0 0 82.53 -4.34 48.73 -14.72 23.75 -3.11 0 -0 -6.76 -18.37 -18.61 6.05 7.12 -0 -0 9.62 -49.28 -1.02
5.99 15.7 26.59 -518.34 -84.79 533.09 0 0 0 -11.46 -16.36 -6.02 0 0 0 -0.8 15.57 -6.55 0.61 -4.98 -13.86 0 0 0 14.69 28.14 -12.91 -1.84 -8.52 24.31 0.45 -18.1 -21.31 -0.34 3.74 -10.35 1.15 1.26 -22.37 0.36 1.06 -3.78 0.02 0.41 8.36 11.18 9.53 -16.16 -8.04 12.28 22.8 -2.9 5.57 11.29 0 0 0 -78.56 5.62 56.66 17.93 -28.07 -4.52 -0 0 -42.56 32.39 2.17 1.37 -7.12 0 -0 4.69 32.52 -1.44 0 0 0 82.43 -4.16 48.69 -14.68 23.7 -3.1 0 -0 -7.24 -18.38 -18.77 6.1 7.12 -0 -0 9.66 -49.44 -1.07
5.98 15.69 26.63 -520.52 -84.62 535.12 0 0 0 -11.86 -16.16 -5.78 0 0 0 -0.79 15.55 -6.64 0.59 -4.93 -13.71 0 0 0 14.48 28.11 -12.75 -1.85 -8.54 24.37 0.44 -18.02 -21.3 -0.36 3.87 -10.72 1.04 1.22 -22.52 0.38 1.02 -3.67 0.1 0.39 8.56 11.62 9.98 -16.1 -8.67 13 22.98 -3.08 5.85 11.51 -0 0 0 -78.55 5.46 57.03 17.97 -28.12 -4.54 -0 0 -42.7 32.62 2.22 1.42 -7.12 0 -0 4.88 32.58 -1.49 -0 0 0 82.34 -3.97 48.61 -14.63 23.63 -3.08 0 -0 -7.64 -18.47 -18.95 6.19 7.12 -0 -0 9.63 -49.64 -1.11
5.96 15.69 26.66 -522.44 -84.45 536.88 0 0 0 -12.22 -15.95 -5.53 0 0 0 -0.79 15.5 -6.76 0.57 -4.82 -13.41 0 0 0 14.3 28.16 -12.55 -1.86 -8.56 24.43 0.43 -17.98 -21.35 -0.37 3.9 -10.79 0.91 1.18 -22.66 0.4 1 -3.55 0.19 0.38 8.76 12.02 10.41 -16.02 -9.26 13.68 23.13 -3.23 6.12 11.72 0 0 0 -78.51 5.31 57.43 18.02 -28.18 -4.56 -0 0 -42.77 32.66 2.28 1.46 -7.12 0 -0 4.92 32.66 -1.49 0 0 0 82.28 -3.77 48.48 -14.58 23.56 -3.06 0 -0 -7.82 -18.63 -19.09 6.29 7.12 -0 -0 9.53 -49.8 -1.14
5.94 15.69 26.68 -524.4 -84.29 538.66 0 0 0 -12.6 -15.75 -5.27 0 -0 -0 -0.78 15.47 -6.87 0.54 -4.72 -13.12 0 0 0 14.12 28.19 -12.35 -1.87 -8.58 24.5 0.42 -17.96 -21.39 -0.38 3.98 -11.03 0.72 1.11 -22.72 0.43 0.96 -3.5 0.32 0.35 8.85 12.33 10.8 -15.89 -9.68 14.31 23.34 -3.33 6.37 11.92 0 -0 0 -78.49 5.29 57.79 18.06 -28.24 -4.58 -0 0 -42.76 32.55 2.28 1.46 -7.12 0 -0 4.83 32.66 -1.46 0 -0 0 82.2 -3.66 48.39 -14.5 23.44 -3.02 0 -0 -7.7 -18.71 -19.1 6.32 7.12 -0 -0 9.45 -49.83 -1.13
5.92 15.68 26.71 -525.95 -84.11 540.04 0 0 0 -12.94 -15.55 -5.02 0 -0 -0 -0.78 15.45 -6.95 0.54 -4.71 -13.09 0 0 0 13.97 28.1 -12.19 -1.88 -8.61 24.57 0.39 -17.8 -21.39 -0.4 4.07 -11.28 0.57 1.07 -22.69 0.43 0.94 -3.51 0.41 0.34 8.81 12.81 11.16 -15.8 -10.15 14.87 23.7 -3.48 6.6 12.2 0 -0 0 -78.39 5.33 58.22 18.1 -28.29 -4.6 -0 0 -42.79 32.64 2.31 1.48 -7.12 0 -0 4.9 32.7 -1.48 0 -0 0 82.18 -3.65 48.36 -14.42 23.33 -2.99 0 -0 -7.46 -18.72 -19.12 6.33 7.12 -0 -0 9.44 -49.85 -1.14
5.91 15.68 26.73 -527.23 -83.95 541.15 0 0 0 -13.25 -15.36 -4.78 0 0 0 -0.78 15.43 -7.03 0.53 -4.65 -12.92 0 0 0 13.84 28.06 -12 -1.88 -8.62 24.61 0.37 -17.69 -21.42 -0.41 4.13 -11.43 0.43 1.05 -22.65 0.45 0.94 -3.55 0.5 0.33 8.75 13.06 11.49 -15.67 -10.46 15.42 24.05 -3.54 6.82 12.44 0 0 0 -78.33 5.36 58.73 18.13 -28.32 -4.61 -0 0 -42.86 32.7 2.43 1.56 -7.12 0 -0 4.95 32.83 -1.48 0 0 0 82.08 -3.68 48.47 -14.38 23.27 -2.98 0 -0 -7.31 -18.79 -19.18 6.38 7.12 -0 -0 9.4 -49.92 -1.15
5.89 15.68 26.76 -528.41 -83.81 542.18 0 0 0 -13.54 -15.2 -4.57 0 0 0 -0.77 15.41 -7.09 0.52 -4.62 -12.84 0 0 0 13.71 28.09 -11.81 -1.89 -8.63 24.64 0.37 -17.68 -21.44 -0.43 4.2 -11.65 0.31 1.01 -22.68 0.45 0.92 -3.56 0.56 0.32 8.75 13.54 11.84 -15.48 -11.02 16 24.23 -3.71 7.05 12.67 -0 -0 0 -78.25 5.36 59.13 18.14 -28.34 -4.62 -0 0 -42.88 32.63 2.45 1.57 -7.12 0 -0 4.9 32.86 -1.46 -0 -0 0 81.99 -3.68 48.76 -14.36 23.25 -2.97 0 -0 -7.26 -18.88 -19.31 6.45 7.12 -0 -0 9.35 -50.07 -1.18
5.88 15.67 26.78 -529.36 -83.66 543 0 0 0 -13.81 -15.04 -4.38 0 0 0 -0.77 15.4 -7.14 0.52 -4.62 -12.83 0 0 0 13.6 28.2 -11.58 -1.89 -8.63 24.65 0.37 -17.73 -21.51 -0.43 4.23 -11.71 0.29 1.03 -22.75 0.37 0.96 -3.56 0.5 0.34 8.79 14.05 12.18 -15.27 -11.53 16.53 24.31 -3.89 7.27 12.85 0 -0 0 -78.01 5.32 59.59 18.18 -28.38 -4.63 -0 0 -42.95 32.76 2.48 1.59 -7.12 0 -0 5.01 32.89 -1.49 0 -0 0 82.05 -3.68 48.91 -14.36 23.24 -2.97 0 -0 -7.22 -18.93 -19.38 6.49 7.12 -0 -0 9.32 -50.15 -1.19
5.86 15.67 26.81 -530.28 -83.52 543.82 0 0 0 -14.06 -14.89 -4.22 0 0 0 -0.77 15.37 -7.23 0.51 -4.56 -12.65 0 0 0 13.47 28.23 -11.42 -1.89 -8.63 24.65 0.37 -17.71 -21.52 -0.45 4.3 -11.93 0.25 1.05 -22.87 0.3 1 -3.54 0.47 0.36 8.87 14.44 12.53 -15.02 -12.04 17.14 24.29 -4.03 7.51 12.99 -0 -0 0 -77.85 5.3 59.88 18.22 -28.44 -4.65 -0 0 -43.05 32.81 2.45 1.58 -7.12 0 -0 5.04 32.87 -1.5 -0 -0 0 82.06 -3.68 49.1 -14.36 23.25 -2.97 0 -0 -7.25 -19.04 -19.47 6.56 7.12 -0 -0 9.24 -50.26 -1.21
5.84 15.67 26.83 -531.09 -83.41 544.54 0 0 0 -14.31 -14.77 -4.08 0 0 0 -0.77 15.36 -7.26 0.51 -4.59 -12.75 0 0 0 13.34 28.14 -11.32 -1.89 -8.64 24.66 0.36 -17.65 -21.48 -0.47 4.42 -12.25 0.23 1.08 -23 0.23 1.04 -3.52 0.42 0.38 8.97 14.99 12.94 -14.72 -12.71 17.81 24.18 -4.24 7.79 13.13 0 0 0 -77.72 5.25 60.08 18.27 -28.5 -4.68 -0 0 -43.16 32.81 2.47 1.59 -7.12 0 -0 5.04 32.89 -1.5 0 0 0 82.08 -3.67 49.27 -14.39 23.29 -2.98 0 -0 -7.38 -19.11 -19.47 6.59 7.12 -0 -0 9.18 -50.26 -1.2
5.83 15.66 26.86 -531.83 -83.31 545.18 0 0 0 -14.55 -14.66 -3.91 0 0 0 -0.76 15.34 -7.34 0.49 -4.51 -12.51 0 0 0 13.23 28.25 -11.11 -1.89 -8.64 24.66 0.36 -17.71 -21.59 -0.47 4.41 -12.24 0.21 1.11 -23.1 0.17 1.1 -3.48 0.38 0.41 9.06 15.62 13.39 -14.35 -13.43 18.56 23.98 -4.46 8.11 13.26 -0 -0 0 -77.67 5.19 60.21 18.28 -28.51 -4.68 -0 0 -43.22 32.79 2.45 1.58 -7.12 0 -0 5.03 32.86 -1.5 -0 -0 0 82.09 -3.66 49.37 -14.42 23.33 -2.99 0 -0 -7.55 -19.26 -19.49 6.65 7.12 -0 -0 9.04 -50.31 -1.19
5.81 15.66 26.88 -532.79 -83.23 546.02 0 0 0 -14.83 -14.58 -3.75 0 -0 -0 -0.76 15.31 -7.37 0.49 -4.49 -12.47 0 0 0 13.07 28.26 -10.94 -1.89 -8.64 24.68 0.35 -17.7 -21.67 -0.48 4.42 -12.27 0.16 1.14 -23.16 0.11 1.15 -3.46 0.35 0.43 9.11 16.16 13.91 -13.79 -14.05 19.42 23.65 -4.61 8.5 13.32 -0 -0 0 -77.59 5.15 60.32 18.27 -28.5 -4.68 -0 0 -43.32 32.82 2.45 1.58 -7.12 0 -0 5.05 32.86 -1.51 -0 -0 0 82.1 -3.68 49.46 -14.43 23.35 -3 0 -0 -7.7 -19.34 -19.56 6.7 7.12 -0 -0 8.98 -50.4 -1.2
5.8 15.66 26.91 -533.7 -83.16 546.81 0 0 0 -15.11 -14.52 -3.6 0 -0 -0 -0.76 15.33 -7.34 0.52 -4.61 -12.8 0 0 0 12.91 28.16 -10.81 -1.9 -8.65 24.71 0.34 -17.64 -21.69 -0.49 4.5 -12.48 0.17 1.2 -23.2 -0.01 1.24 -3.43 0.25 0.48 9.18 16.83 14.44 -13.26 -14.68 20.27 23.35 -4.78 8.88 13.42 0 -0 0 -77.4 5.06 60.52 18.28 -28.51 -4.68 -0 0 -43.51 32.78 2.49 1.6 -7.12 0 -0 5.02 32.91 -1.49 0 -0 0 82.16 -3.7 49.59 -14.47 23.41 -3.01 0 -0 -8.03 -19.49 -19.69 6.8 7.12 -0 -0 8.88 -50.56 -1.22
5.79 15.65 26.94 -534.55 -83.11 547.55 0 0 0 -15.38 -14.49 -3.5 0 -0 -0 -0.77 15.36 -7.23 0.56 -4.77 -13.27 0 0 0 12.77 28.18 -10.62 -1.89 -8.64 24.69 0.35 -17.71 -21.73 -0.51 4.56 -12.67 0.2 1.27 -23.24 -0.13 1.35 -3.39 0.14 0.53 9.25 17.46 14.93 -12.76 -15.26 21.06 23.1 -4.93 9.25 13.54 -0 0 0 -77.23 4.95 60.68 18.27 -28.51 -4.68 -0 0 -43.57 32.77 2.52 1.62 -7.12 0 -0 5.02 32.95 -1.49 -0 0 0 82.2 -3.74 49.68 -14.52 23.47 -3.03 0 -0 -8.29 -19.53 -19.78 6.84 7.12 -0 -0 8.87 -50.66 -1.25
5.77 15.65 26.97 -535.3 -83.09 548.2 0 0 0 -15.64 -14.48 -3.37 0 -0 -0 -0.77 15.36 -7.21 0.57 -4.83 -13.41 0 0 0 12.62 28.17 -10.46 -1.9 -8.65 24.7 0.35 -17.76 -21.79 -0.52 4.6 -12.77 0.2 1.31 -23.26 -0.2 1.41 -3.35 0.08 0.56 9.3 18.03 15.4 -12.32 -15.79 21.83 22.93 -5.05 9.6 13.7 0 -0 0 -77.11 4.84 60.79 18.27 -28.5 -4.68 -0 0 -43.6 32.72 2.52 1.62 -7.12 0 -0 4.98 32.95 -1.47 0 -0 0 82.19 -3.74 49.81 -14.54 23.5 -3.04 0 -0 -8.47 -19.43 -19.78 6.81 7.12 -0 -0 8.97 -50.64 -1.25
5.77 15.65 27 -536.27 -83.04 549.05 0 0 0 -15.93 -14.45 -3.23 0 -0 -0 -0.77 15.35 -7.2 0.58 -4.88 -13.56 0 0 0 12.47 28.59 -10.14 -1.91 -8.67 24.77 0.39 -18.13 -22.05 -0.5 4.53 -12.56 0.11 1.33 -23.25 -0.24 1.46 -3.3 0.1 0.58 9.35 18.5 15.81 -12.01 -16.19 22.51 22.9 -5.13 9.9 13.9 -0 -0 0 -77.09 4.72 60.79 18.25 -28.47 -4.67 -0 0 -43.55 32.71 2.54 1.63 -7.12 0 -0 4.97 32.97 -1.47 -0 -0 0 82.11 -3.72 50.05 -14.55 23.51 -3.04 0 -0 -8.73 -19.44 -19.81 6.82 7.12 -0 -0 8.97 -50.67 -1.26
5.76 15.64 27.03 -537.26 -83.01 549.92 0 0 0 -16.22 -14.44 -3.1 0 0 0 -0.77 15.33 -7.2 0.58 -4.87 -13.53 0 0 0 12.29 28.72 -9.97 -1.92 -8.7 24.85 0.39 -18.26 -22.19 -0.5 4.52 -12.55 0.06 1.37 -23.25 -0.3 1.53 -3.23 0.09 0.62 9.43 18.81 16.12 -11.82 -16.42 23.02 22.95 -5.14 10.13 14.07 0 -0 0 -77 4.58 60.95 18.26 -28.49 -4.67 -0 0 -43.58 32.76 2.52 1.62 -7.12 0 -0 5.01 32.95 -1.48 0 -0 0 82.13 -3.64 50.05 -14.5 23.44 -3.02 0 -0 -8.79 -19.47 -19.86 6.85 7.12 -0 -0 8.96 -50.72 -1.27
5.76 15.64 27.06 -538.19 -83.03 550.73 0 0 0 -16.49 -14.46 -2.96 0 0 0 -0.76 15.31 -7.23 0.56 -4.79 -13.32 0 0 0 12.09 28.47 -9.98 -1.94 -8.73 24.95 0.37 -18.13 -22.18 -0.52 4.62 -12.83 0.02 1.42 -23.21 -0.4 1.63 -3.17 0.03 0.67 9.48 19.12 16.35 -11.72 -16.58 23.39 23.07 -5.16 10.3 14.26 -0 -0 0 -76.77 4.45 61.29 18.34 -28.59 -4.71 -0 0 -43.77 32.84 2.55 1.64 -7.12 0 -0 5.08 32.98 -1.5 -0 -0 0 82.2 -3.58 50.06 -14.47 23.41 -3.01 0 -0 -8.84 -19.54 -19.95 6.91 7.12 -0 -0 8.92 -50.83 -1.29
5.76 15.63 27.09 -539.1 -83.04 551.52 0 0 0 -16.75 -14.49 -2.83 0 0 0 -0.76 15.28 -7.31 0.53 -4.65 -12.91 0 0 0 11.91 28.5 -9.91 -1.95 -8.77 25.08 0.37 -18.18 -22.3 -0.52 4.63 -12.85 -0.08 1.43 -23.14 -0.44 1.67 -3.11 0.06 0.69 9.51 19.05 16.5 -11.68 -16.55 23.65 23.21 -5.07 10.4 14.36 0 0 0 -76.69 4.37 61.44 18.38 -28.64 -4.73 -0 0 -43.85 32.89 2.54 1.64 -7.12 0 -0 5.11 32.98 -1.51 0 0 0 82.15 -3.53 50.21 -14.49 23.44 -3.02 0 -0 -8.92 -19.6 -20.04 6.96 7.12 -0 -0 8.89 -50.93 -1.31
5.76 15.63 27.11 -539.6 -83.06 551.94 0 0 0 -16.93 -14.53 -2.76 0 0 0 -0.76 15.25 -7.34 0.51 -4.56 -12.67 0 0 0 11.74 28.16 -9.98 -1.96 -8.78 25.12 0.33 -17.91 -22.25 -0.53 4.67 -12.96 -0.19 1.41 -23.04 -0.4 1.67 -3.08 0.17 0.68 9.48 18.9 16.58 -11.72 -16.46 23.82 23.51 -4.98 10.45 14.49 0 0 0 -76.69 4.39 61.58 18.43 -28.7 -4.75 -0 0 -43.97 32.96 2.54 1.65 -7.12 0 -0 5.17 32.98 -1.53 0 0 0 82.04 -3.49 50.32 -14.48 23.41 -3.02 0 -0 -8.88 -19.61 -20.04 6.96 7.12 -0 -0 8.87 -50.94 -1.31
5.76 15.63 27.14 -539.93 -83.07 552.2 0 0 0 -17.1 -14.57 -2.73 0 -0 -0 -0.75 15.24 -7.28 0.52 -4.61 -12.81 0 0 0 11.6 28.02 -9.97 -1.96 -8.79 25.13 0.33 -17.85 -22.19 -0.54 4.71 -13.08 -0.22 1.43 -22.92 -0.39 1.72 -3.09 0.21 0.7 9.4 18.71 16.58 -11.84 -16.31 23.86 23.92 -4.89 10.44 14.65 -0 -0 0 -76.66 4.44 61.81 18.46 -28.74 -4.77 -0 0 -44.09 32.98 2.52 1.64 -7.12 0 -0 5.19 32.96 -1.54 -0 -0 0 82.02 -3.49 50.21 -14.44 23.35 -3 0 -0 -8.67 -19.59 -20.04 6.95 7.12 -0 -0 8.89 -50.93 -1.31
5.76 15.63 27.17 -540.3 -83.06 552.51 0 0 0 -17.26 -14.59 -2.72 0 -0 -0 -0.75 15.2 -7.26 0.51 -4.6 -12.76 0 0 0 11.45 28.02 -9.97 -1.97 -8.8 25.18 0.33 -17.86 -22.21 -0.54 4.71 -13.09 -0.32 1.42 -22.76 -0.32 1.71 -3.14 0.33 0.7 9.25 18.58 16.56 -11.9 -16.3 23.91 24.33 -4.86 10.43 14.84 -0 -0 0 -76.68 4.62 61.94 18.56 -28.87 -4.82 -0 0 -44.19 33.06 2.63 1.71 -7.12 0 -0 5.26 33.09 -1.54 -0 -0 0 81.9 -3.57 50.22 -14.44 23.35 -3 0 -0 -8.55 -19.47 -20.04 6.91 7.12 -0 -0 9.02 -50.91 -1.32
5.77 15.63 27.2 -540.69 -83.01 552.89 0 0 0 -17.4 -14.58 -2.75 0 -0 -0 -0.74 15.13 -7.24 0.5 -4.52 -12.55 0 0 0 11.28 28.09 -10.02 -1.98 -8.82 25.24 0.33 -17.9 -22.22 -0.54 4.72 -13.11 -0.45 1.37 -22.63 -0.23 1.67 -3.18 0.49 0.67 9.13 18.39 16.54 -12.07 -16.3 23.96 24.74 -4.83 10.4 15.04 -0 -0 0 -76.65 4.95 61.81 18.99 -29.41 -5.03 -0 0 -43.95 32.96 3.05 1.98 -7.12 0 -0 5.19 33.58 -1.46 -0 -0 0 81.71 -3.68 50.07 -14.57 23.54 -3.05 0 -0 -8.65 -19.18 -20.02 6.79 7.12 -0 -0 9.29 -50.84 -1.35
5.77 15.63 27.22 -541.09 -82.9 553.28 0 0 0 -17.54 -14.51 -2.8 0 -0 -0 -0.74 15.07 -7.22 0.49 -4.48 -12.44 0 0 0 11.07 27.99 -10.21 -1.99 -8.85 25.33 0.31 -17.73 -22.12 -0.56 4.79 -13.31 -0.58 1.35 -22.51 -0.17 1.66 -3.18 0.62 0.67 9.07 18.2 16.51 -12.35 -16.39 23.99 25 -4.82 10.36 15.22 -0 -0 0 -76.47 5.53 61.29 20.1 -30.76 -5.58 -0 0 -43.29 32.58 3.56 2.27 -7.12 0 -0 4.9 34.18 -1.31 -0 -0 0 81.54 -3.88 49.72 -15.03 24.19 -3.24 0 -0 -9.62 -18.74 -20.4 6.74 7.12 -0 -0 9.85 -51.16 -1.51
5.78 15.63 27.25 -541.5 -82.75 553.67 0 0 0 -17.7 -14.4 -2.83 0 -0 -0 -0.73 15.01 -7.24 0.47 -4.41 -12.23 0 0 0 10.87 27.95 -10.36 -2.01 -8.88 25.43 0.29 -17.55 -22.06 -0.57 4.83 -13.42 -0.69 1.34 -22.33 -0.11 1.68 -3.12 0.75 0.67 9.04 17.98 16.48 -12.66 -16.71 24.05 24.97 -4.89 10.3 15.31 0 -0 0 -76.19 6.41 60.46 22.07 -33.06 -6.62 -0 0 -42.54 31.59 3.89 2.39 -7.12 0 -0 4.09 34.52 -1.05 0 -0 0 81.27 -4.25 49.06 -16.04 25.57 -3.66 0 -0 -11.41 -17.77 -21.34 6.65 7.12 -0 -0 11.14 -51.94 -1.93
5.79 15.62 27.26 -541.68 -82.57 553.85 0 0 0 -17.81 -14.25 -2.88 0 -0 -0 -0.72 14.96 -7.25 0.47 -4.38 -12.14 0 0 0 10.7 27.9 -10.54 -2.02 -8.91 25.51 0.27 -17.35 -21.96 -0.58 4.87 -13.55 -0.75 1.35 -22.13 -0.07 1.72 -3.03 0.84 0.69 9.03 17.86 16.44 -12.98 -17.27 24.11 24.71 -5.05 10.24 15.37 0 0 0 -75.63 7.63 59.64 25.27 -36.48 -8.45 -0 0 -41.46 29.98 4.08 2.35 -7.12 0 -0 2.76 34.67 -0.7 0 0 0 80.8 -5.11 48.98 -18.27 28.5 -4.68 0 -0 -14.43 -17.2 -23.64 7.08 7.12 -0 -0 12.68 -54.15 -2.89
5.79 15.62 27.28 -541.96 -82.35 554.15 0 0 0 -17.93 -14.07 -2.95 0 0 0 -0.72 14.89 -7.34 0.43 -4.22 -11.7 0 0 0 10.48 27.91 -10.79 -2.04 -8.95 25.63 0.25 -17.13 -21.87 -0.59 4.92 -13.68 -0.78 1.38 -21.9 -0.04 1.76 -2.94 0.9 0.71 8.99 17.65 16.38 -13.31 -17.84 24.15 24.34 -5.22 10.17 15.36 0 0 0 -74.86 9.29 58.83 30.06 -40.95 -11.45 -0 0 -40.74 28.15 3.61 1.93 -7.12 0 -0 1.25 34.07 -0.34 0 0 0 79.99 -6.37 49.52 -21.77 32.72 -6.46 0 -0 -17.79 -17.18 -26.23 7.78 7.12 -0 -0 13.99 -56.71 -4.07
5.8 15.62 27.3 -542.41 -82.13 554.68 0 0 0 -18.07 -13.93 -3.08 0 -0 -0 -0.71 14.84 -7.4 0.4 -4.05 -11.22 0 0 0 10.21 28.03 -11.1 -2.06 -9 25.79 0.24 -17.02 -21.79 -0.61 4.98 -13.86 -0.86 1.38 -21.63 0.02 1.78 -2.9 1.01 0.72 8.89 17.33 16.3 -13.66 -18.32 24.16 24.06 -5.34 10.07 15.36 -0 -0 0 -74.09 11.18 58.12 36.53 -45.88 -15.9 -0 0 -41.11 25.68 3.45 1.66 -7.12 0 -0 -0.77 33.8 0.21 -0 -0 0 78.99 -7.78 49.74 -26.09 37.3 -8.94 0 -0 -19.67 -16.2 -27.57 7.66 7.12 -0 -0 15.78 -57.81 -5.03
5.81 15.62 27.31 -542.87 -81.89 555.07 0 0 0 -18.22 -13.69 -3.04 0 0 0 -0.7 14.78 -7.46 0.39 -4 -11.07 0 0 0 10.09 28.33 -11.07 -2.09 -9.05 25.94 0.24 -17.1 -21.86 -0.61 5 -13.9 -1.05 1.37 -21.34 0.07 1.82 -2.82 1.18 0.74 8.81 17.16 16.2 -14.07 -18.73 24.09 23.93 -5.47 9.96 15.43 0 0 0 -73.15 13.09 57.7 45.14 -50.84 -22.35 -0 0 -42.05 22.95 3.94 1.67 -7.12 0 -0 -3.03 34.24 0.8 0 0 0 77.82 -9.54 50 -31.98 42.53 -12.73 0 -0 -20.7 -14.93 -28.39 7.22 7.12 -0 -0 17.63 -58.32 -5.86
5.81 15.62 27.33 -543.14 -81.81 555.47 0 0 0 -18.29 -13.68 -3.19 0 -0 -0 -0.7 14.75 -7.44 0.38 -3.96 -10.96 0 0 0 9.83 27.84 -11.58 -2.1 -9.07 26.01 0.18 -16.56 -21.64 -0.64 5.11 -14.23 -1.1 1.34 -21.15 0.13 1.78 -2.85 1.25 0.72 8.68 16.89 16.06 -14.4 -18.97 23.97 23.86 -5.55 9.84 15.45 -0 -0 0 -72.25 14.97 57.46 56.16 -55.2 -31.17 -0 0 -44.13 20.04 3.94 1.43 -7.12 0 -0 -5.42 34.13 1.45 -0 -0 0 76.37 -11.54 50.65 -40.1 48.13 -18.52 0 -0 -22.17 -14.43 -28.88 7.08 7.12 -0 -0 18.48 -58.67 -6.31
5.81 15.62 27.35 -543.26 -81.74 555.8 0 0 0 -18.32 -13.72 -3.48 0 -0 -0 -0.7 14.73 -7.39 0.37 -3.89 -10.77 0 0 0 9.54 27.48 -12.12 -2.1 -9.07 26.03 0.15 -16.17 -21.4 -0.67 5.23 -14.55 -0.99 1.36 -21.02 0.14 1.78 -2.95 1.19 0.72 8.5 16.53 15.86 -14.65 -18.99 23.74 23.89 -5.56 9.68 15.42 -0 -0 0 -71.41 16.49 57.49 69.05 -58.28 -41.97 -0 0 -47.13 17.47 3.91 1.23 -7.12 0 -0 -7.52 34.01 2.04 -0 -0 0 74.85 -13.48 51.37 -50.32 53.13 -26.43 0 -0 -24.23 -14.36 -28.8 7.03 7.12 -0 -0 18.5 -58.59 -6.28
5.82 15.63 27.37 -543.54 -81.74 556.33 0 0 0 -18.36 -13.85 -3.78 0 -0 -0 -0.7 14.73 -7.28 0.36 -3.88 -10.74 0 0 0 9.3 27.94 -12.28 -2.1 -9.07 26.01 0.21 -16.59 -21.47 -0.66 5.21 -14.51 -0.86 1.33 -20.95 0.12 1.7 -3.08 1.07 0.69 8.33 16.33 15.69 -14.8 -18.93 23.5 23.97 -5.56 9.56 15.39 -0 -0 0 -70.76 17.52 57.54 82.65 -59.79 -53.64 -0 0 -49.23 15.17 4.33 1.17 -7.12 0 -0 -9.45 34.34 2.5 -0 -0 0 73.32 -15.03 52.3 -62.54 56.95 -36.46 0 -0 -26.61 -13.81 -28.57 6.71 7.12 -0 -0 18.91 -58.25 -6.27
5.82 15.63 27.38 -543.62 -81.64 556.54 0 0 0 -18.38 -13.81 -3.95 0 -0 -0 -0.7 14.7 -7.3 0.35 -3.78 -10.47 0 0 0 9.12 27.84 -12.6 -2.1 -9.08 26.05 0.18 -16.37 -21.36 -0.67 5.25 -14.63 -0.79 1.27 -20.85 0.15 1.6 -3.15 1.03 0.64 8.2 15.99 15.54 -15.02 -18.68 23.28 24.17 -5.47 9.44 15.38 -0 -0 0 -70.52 18.01 57.33 94.59 -59.92 -63.97 -0 0 -49.92 13.78 5.08 1.25 -7.12 0 -0 -10.68 35.05 2.65 -0 -0 0 71.97 -16.08 53.16 -76.16 59.26 -48.04 0 -0 -29.08 -12.09 -28.44 5.83 7.12 -0 -0 20.6 -57.76 -6.62
5.83 15.63 27.38 -544.1 -81.61 557.09 0 0 0 -18.42 -13.83 -4.05 0 0 0 -0.7 14.7 -7.25 0.35 -3.8 -10.52 0 0 0 8.95 27.39 -13 -2.12 -9.12 26.16 0.13 -15.88 -21.23 -0.69 5.31 -14.81 -0.71 1.32 -20.68 -0.06 1.66 -3.26 0.77 0.68 8 16.12 15.3 -15.16 -18.49 22.85 24.41 -5.53 9.27 15.4 -0 -0 0 -70.18 17.75 56.89 103.2 -59.33 -71.4 -0 0 -48.7 11.36 5.78 1.16 -7.12 0 -0 -12.78 35.62 3.01 -0 -0 0 71.4 -16.88 53.76 -89.96 60 -59.97 0 -0 -31.29 -10.95 -28.38 5.25 7.12 -0 -0 21.72 -57.45 -6.84
5.84 15.63 27.37 -544.38 -81.52 557.5 0 0 0 -18.43 -13.81 -4.24 0 -0 -0 -0.7 14.71 -7.18 0.36 -3.85 -10.67 0 0 0 8.77 27.3 -13.38 -2.14 -9.15 26.27 0.11 -15.67 -21.12 -0.7 5.36 -14.94 -0.55 1.42 -20.51 -0.29 1.76 -3.42 0.45 0.73 7.74 16.19 15.08 -15.33 -18.21 22.42 24.75 -5.54 9.11 15.45 0 -0 0 -70 16.95 56.53 109.59 -58.5 -76.88 -0 0 -47.37 7.69 4.46 0.6 -7.12 0 -0 -15.5 34.15 4.26 0 -0 0 71.15 -17.21 54.56 -102.32 59.42 -70.64 0 -0 -32.28 -9.99 -27.8 4.7 7.12 -0 -0 22.28 -56.72 -6.63
5.85 15.63 27.36 -544.43 -81.38 557.57 0 0 0 -18.41 -13.66 -4.27 0 0 0 -0.7 14.71 -7.21 0.36 -3.86 -10.68 0 0 0 8.78 27.57 -13.43 -2.16 -9.19 26.39 0.11 -15.74 -21.18 -0.69 5.31 -14.8 -0.61 1.42 -20.36 -0.34 1.77 -3.55 0.43 0.74 7.52 16.08 14.86 -15.39 -17.96 22.08 25.05 -5.53 8.97 15.46 0 0 0 -70.04 15.71 56.95 114.67 -57.57 -81.19 -0 0 -46.28 5.05 3.65 0.32 -7.12 0 -0 -17.43 33.25 5.23 0 0 0 70.81 -16.83 55.83 -112.04 58.08 -78.96 0 -0 -31.98 -8.86 -26.51 3.98 7.12 -0 -0 22.55 -55.3 -5.92
5.86 15.64 27.35 -544.49 -81.47 557.67 0 0 0 -18.34 -13.77 -4.33 0 0 0 -0.7 14.75 -7.12 0.38 -3.95 -10.95 0 0 0 8.81 27.67 -13.46 -2.17 -9.2 26.43 0.13 -15.88 -21.24 -0.68 5.27 -14.68 -0.75 1.13 -20.33 -0 1.38 -3.62 0.77 0.54 7.41 15.23 14.76 -15.43 -17.65 22.09 25.32 -5.28 8.9 15.41 -0 0 0 -70.78 14.14 58.07 118.38 -56.73 -84.31 -0 0 -43.58 4.94 2.02 0.17 -7.12 0 -0 -17.2 31.68 5.84 -0 0 0 70.12 -15.68 57.83 -118.71 56.64 -84.58 0 -0 -29.78 -8.43 -26.03 3.72 7.12 -0 -0 22.68 -54.79 -5.67
5.86 15.64 27.33 -544.18 -81.55 557.4 0 0 0 -18.2 -13.83 -4.36 0 -0 -0 -0.71 14.77 -7.12 0.38 -3.97 -10.99 0 0 0 8.92 27.66 -13.5 -2.16 -9.2 26.43 0.14 -15.94 -21.21 -0.69 5.29 -14.74 -0.8 0.91 -20.37 0.23 1.08 -3.74 0.97 0.39 7.3 14.57 14.6 -15.54 -17.11 21.9 25.81 -5.01 8.78 15.43 -0 -0 0 -71.11 12.22 60.32 120.45 -56.19 -86.03 -0 0 -37.98 5.69 -1.92 -0.19 -7.12 0 -0 -15.99 27.91 6.9 -0 -0 0 70.09 -14.41 59.89 -123.13 55.42 -88.25 0 -0 -27.03 -9.31 -25.81 4.08 7.12 -0 -0 21.68 -54.74 -5.38
5.86 15.64 27.32 -544.05 -81.64 557.26 0 0 0 -18.11 -13.88 -4.32 0 -0 -0 -0.71 14.78 -7.1 0.39 -4.02 -11.14 0 0 0 9.05 27.77 -13.39 -2.17 -9.2 26.44 0.15 -16.1 -21.3 -0.68 5.26 -14.64 -0.76 0.88 -20.38 0.21 1.02 -3.97 0.91 0.36 7.07 14.3 14.26 -15.36 -16.51 21.36 26.35 -4.9 8.59 15.38 -0 0 0 -71.04 10.14 62.83 121.08 -56.01 -86.56 -0 0 -32.41 4.15 -6.13 -0.44 -7.12 0 -0 -16.56 23.84 8.81 -0 0 0 70.87 -13.46 61.84 -126.18 54.42 -90.75 0 -0 -24.6 -8.81 -25.77 3.85 7.12 -0 -0 22.14 -54.61 -5.43
5.86 15.63 27.29 -543.89 -81.73 557.01 0 0 0 -18.01 -13.9 -4.19 0 -0 -0 -0.71 14.79 -7.12 0.4 -4.06 -11.24 0 0 0 9.28 28.22 -13.02 -2.17 -9.21 26.45 0.2 -16.58 -21.54 -0.65 5.16 -14.36 -0.78 0.86 -20.43 0.21 0.99 -4.13 0.91 0.34 6.92 14.04 13.95 -15.06 -16.05 20.89 26.81 -4.82 8.41 15.31 -0 -0 0 -71.05 8.02 64.9 121.34 -55.94 -86.77 -0 0 -31.33 3.01 -8.29 -0.43 -7.12 0 -0 -17.12 21.79 9.98 -0 -0 0 71.83 -12.32 63.59 -127.82 53.84 -92.07 0 -0 -21.95 -6.47 -25.3 2.77 7.12 -0 -0 24.12 -53.75 -5.44
5.86 15.63 27.27 -543.52 -81.85 556.52 0 0 0 -17.87 -13.93 -4.01 0 0 0 -0.71 14.78 -7.2 0.39 -4 -11.09 0 0 0 9.59 28.67 -12.56 -2.16 -9.2 26.41 0.26 -17.11 -21.75 -0.63 5.07 -14.12 -0.82 0.81 -20.51 0.29 0.9 -4.29 1 0.29 6.78 13.56 13.68 -14.64 -15.5 20.51 27.24 -4.66 8.27 15.18 -0 -0 0 -71.06 6.23 66.65 121.57 -55.88 -86.96 -0 0 -32.43 2.02 -8.67 -0.3 -7.12 0 -0 -17.76 21.44 10.55 -0 -0 0 72.67 -11.14 64.6 -128.46 53.6 -92.59 0 -0 -19.51 -1.92 -22.44 0.73 7.12 -0 -0 26.71 -50.42 -3.8
5.85 15.63 27.25 -542.79 -82.01 555.75 0 0 0 -17.68 -14.02 -3.95 0 -0 -0 -0.71 14.84 -7.09 0.43 -4.21 -11.66 0 0 0 9.87 28.59 -12.34 -2.14 -9.14 26.24 0.27 -17.18 -21.73 -0.63 5.06 -14.09 -0.77 0.75 -20.67 0.38 0.8 -4.43 1.04 0.24 6.72 13.18 13.45 -14.31 -15 20.19 27.76 -4.5 8.15 15.15 -0 -0 0 -70.96 4.84 67.84 122.14 -55.71 -87.43 -0 0 -32.6 -0.94 -8.68 0.14 -7.12 0 -0 -19.8 21.44 11.91 -0 -0 0 73.18 -10 65.34 -129.25 53.29 -93.23 0 -0 -19.11 1.12 -20.29 -0.39 7.12 -0 -0 28.27 -48.06 -2.31
5.85 15.63 27.23 -542.25 -82.12 555.18 0 0 0 -17.53 -14.08 -3.9 0 -0 -0 -0.72 14.88 -7.06 0.44 -4.27 -11.85 0 0 0 10.09 28.67 -12.11 -2.11 -9.1 26.1 0.29 -17.34 -21.76 -0.61 5.01 -13.95 -0.75 0.68 -20.86 0.49 0.69 -4.55 1.12 0.18 6.69 13 13.29 -13.99 -14.68 19.97 28.17 -4.43 8.07 15.14 -0 -0 0 -70.69 3.84 68.86 123.19 -55.4 -88.3 -0 0 -31.87 -1.71 -10.36 0.31 -7.12 0 -0 -20.1 19.87 12.88 -0 -0 0 73.21 -8.75 66.11 -129.99 53 -93.82 0 -0 -18.89 2.13 -19.31 -0.7 7.12 -0 -0 28.65 -47.06 -1.58
5.85 15.64 27.22 -541.87 -82.13 554.79 0 0 0 -17.41 -14.05 -3.89 0 0 0 -0.72 14.91 -7.05 0.46 -4.34 -12.02 0 0 0 10.24 28.86 -11.96 -2.1 -9.07 26.03 0.31 -17.5 -21.79 -0.6 4.97 -13.82 -0.75 0.64 -21.05 0.53 0.62 -4.66 1.15 0.14 6.67 12.91 13.15 -13.69 -14.31 19.71 28.49 -4.36 7.99 15.11 -0 0 0 -70.23 3 69.83 124.49 -54.99 -89.37 -0 0 -31.25 -0.31 -13.09 0.07 -7.12 0 -0 -18.86 17.28 13.14 -0 0 0 72.94 -7.49 66.94 -130.51 52.79 -94.23 0 -0 -20.87 3.72 -18.18 -1.16 7.12 -0 -0 29.46 -45.86 -0.69
5.85 15.64 27.2 -541.32 -82.1 554.2 0 0 0 -17.27 -13.96 -3.84 0 0 0 -0.72 14.9 -7.09 0.46 -4.34 -12.03 0 0 0 10.44 28.93 -11.84 -2.09 -9.06 25.97 0.31 -17.51 -21.78 -0.6 4.95 -13.76 -0.63 0.69 -21.17 0.44 0.65 -4.8 0.99 0.15 6.59 12.97 13 -13.44 -13.79 19.35 28.87 -4.26 7.91 15.08 0 0 0 -69.63 2.22 70.84 126 -54.49 -90.6 -0 0 -29.8 2.02 -15.73 -0.55 -7.12 0 -0 -17.11 14.69 12.8 0 0 0 72.71 -6.44 68.09 -130.64 52.73 -94.34 0 -0 -23.19 4.48 -16.68 -1.29 7.12 -0 -0 29.39 -44.45 0.44
5.85 15.64 27.18 -540.6 -82.06 553.43 0 0 0 -17.12 -13.86 -3.76 0 0 0 -0.72 14.9 -7.14 0.46 -4.34 -12.04 0 0 0 10.64 28.74 -11.8 -2.08 -9.03 25.89 0.29 -17.29 -21.68 -0.59 4.94 -13.73 -0.48 0.77 -21.24 0.38 0.72 -4.95 0.86 0.18 6.46 12.88 12.83 -13.34 -13.21 18.99 29.34 -4.11 7.8 15.11 0 0 0 -69.28 1.59 71.76 127.2 -54.06 -91.57 -0 0 -25.76 3.43 -17.26 -1.02 -7.12 0 -0 -16.1 13.17 12.52 0 0 0 72.19 -5.66 69.64 -130.42 52.83 -94.16 0 -0 -22.33 4.1 -14 -0.99 7.12 -0 -0 27.9 -42.13 2.17
5.85 15.64 27.16 -540.26 -81.99 553.05 0 0 0 -17.04 -13.74 -3.71 0 0 0 -0.72 14.89 -7.2 0.45 -4.3 -11.91 0 0 0 10.77 28.71 -11.75 -2.08 -9.02 25.87 0.28 -17.2 -21.64 -0.6 4.96 -13.8 -0.42 0.81 -21.28 0.39 0.73 -5.11 0.83 0.19 6.31 12.68 12.7 -13.31 -12.74 18.72 29.77 -3.96 7.71 15.16 0 0 0 -69.15 1.37 72.27 127.9 -53.81 -92.14 -0 0 -21.72 4.95 -18.32 -1.56 -7.12 0 -0 -15.08 12.06 12.03 0 0 0 71.51 -5.21 71.05 -130 52.99 -93.83 0 -0 -21.34 2.98 -10.9 -0.56 7.12 -0 -0 25.82 -39.46 3.82
5.85 15.64 27.15 -540.34 -81.92 553.12 0 0 0 -17.02 -13.65 -3.69 0 -0 -0 -0.72 14.91 -7.23 0.45 -4.31 -11.94 0 0 0 10.82 29.07 -11.62 -2.08 -9.03 25.9 0.3 -17.42 -21.77 -0.59 4.92 -13.69 -0.4 0.85 -21.39 0.38 0.78 -5.21 0.82 0.21 6.26 12.42 12.55 -13.37 -12.36 18.45 30.02 -3.83 7.6 15.16 0 -0 0 -69.05 1.53 72.36 128.4 -53.62 -92.54 -0 0 -20.27 3.98 -17.94 -1.23 -7.12 0 -0 -15.71 12.48 12.44 0 -0 0 70.82 -5.08 71.76 -129.8 53.08 -93.66 0 -0 -21.67 1.47 -8.65 -0.22 7.12 -0 -0 23.87 -37.54 4.71
5.85 15.64 27.14 -540.29 -81.87 553.08 0 0 0 -16.97 -13.59 -3.69 0 -0 -0 -0.72 14.91 -7.26 0.45 -4.32 -11.97 0 0 0 10.9 29.39 -11.47 -2.08 -9.03 25.87 0.34 -17.7 -21.83 -0.59 4.92 -13.68 -0.27 0.96 -21.49 0.23 0.9 -5.28 0.62 0.26 6.23 12.45 12.37 -13.41 -12.08 18.09 30.08 -3.79 7.48 15.09 -0 -0 0 -68.62 2.04 72.48 129.08 -53.36 -93.09 -0 0 -19.05 2.6 -16.5 -0.74 -7.12 0 -0 -16.68 13.94 12.73 -0 -0 0 70.47 -5.24 72.06 -129.63 53.14 -93.53 0 -0 -20.15 -0.59 -6.72 0.07 7.12 -0 -0 21.67 -35.91 5.15
5.84 15.64 27.12 -540 -81.89 552.81 0 0 0 -16.87 -13.59 -3.71 0 0 0 -0.72 14.9 -7.3 0.45 -4.28 -11.88 0 0 0 11.01 29.55 -11.35 -2.06 -8.99 25.77 0.36 -17.86 -21.87 -0.58 4.88 -13.56 -0.15 0.98 -21.66 0.19 0.89 -5.29 0.51 0.26 6.31 12.37 12.26 -13.38 -11.94 17.88 29.91 -3.77 7.41 14.94 0 -0 0 -68.42 2.75 72.58 129.76 -53.09 -93.64 -0 0 -18.15 2.56 -16.09 -0.71 -7.12 0 -0 -16.73 14.33 12.63 0 -0 0 70.09 -5.34 72.28 -129.61 53.15 -93.52 0 -0 -18.27 -2.74 -4.44 0.21 7.12 -0 -0 19.42 -33.89 5.57
5.84 15.64 27.11 -539.83 -81.95 552.67 0 0 0 -16.79 -13.63 -3.71 0 0 0 -0.72 14.9 -7.34 0.44 -4.27 -11.84 0 0 0 11.12 29.67 -11.2 -2.05 -8.96 25.67 0.37 -18.01 -21.98 -0.56 4.79 -13.3 -0.01 1.02 -21.89 0.11 0.93 -5.24 0.36 0.28 6.5 12.35 12.11 -13.31 -11.84 17.6 29.65 -3.78 7.33 14.75 -0 -0 0 -68.32 3.23 72.57 130.44 -52.82 -94.18 -0 0 -18.63 0.93 -16.04 -0.26 -7.12 0 -0 -17.79 14.44 13.47 -0 -0 0 70.02 -5.45 72.19 -129.83 53.06 -93.69 0 -0 -17.69 -2.28 -3.26 0.13 7.12 -0 -0 19.52 -32.75 6.17
5.83 15.64 27.1 -539.86 -81.98 552.74 0 0 0 -16.74 -13.66 -3.71 0 -0 -0 -0.72 14.9 -7.38 0.45 -4.29 -11.91 0 0 0 11.18 29.71 -11.11 -2.03 -8.94 25.59 0.38 -18.1 -22.01 -0.56 4.78 -13.29 -0.01 1.01 -22.22 0.15 0.91 -5.18 0.4 0.27 6.73 12.26 11.95 -13.11 -11.74 17.33 29.4 -3.78 7.24 14.52 0 0 0 -68.63 3.48 72.08 130.67 -52.72 -94.36 -0 0 -19.25 -2.4 -16.51 0.68 -7.12 0 -0 -19.87 14.09 15.41 0 0 0 70.02 -5.52 71.92 -130.06 52.97 -93.87 0 -0 -19.12 1.37 -2.97 -0.07 7.12 -0 -0 22.25 -32.32 7.4
5.82 15.65 27.09 -539.83 -81.98 552.79 0 0 0 -16.69 -13.66 -3.77 0 -0 -0 -0.72 14.91 -7.41 0.45 -4.32 -11.99 0 0 0 11.18 29.63 -11.16 -2.02 -8.91 25.51 0.37 -18 -21.99 -0.55 4.77 -13.25 0.07 1.07 -22.62 0.14 0.97 -5.15 0.37 0.29 6.97 12 11.74 -12.74 -11.36 16.97 29.19 -3.68 7.13 14.21 0 0 0 -68.99 3.47 71.56 130.48 -52.8 -94.21 -0 0 -21.71 -8.95 -16.02 2.49 -7.12 0 -0 -23.98 14.59 18.94 0 0 0 70.38 -5.74 71.29 -130.25 52.9 -94.02 0 -0 -21.56 6.49 -3.78 -0.43 7.12 -0 -0 26.28 -32.78 8.68
5.82 15.65 27.08 -539.81 -81.97 552.85 0 0 0 -16.65 -13.67 -3.83 0 0 0 -0.72 14.92 -7.44 0.46 -4.37 -12.11 0 0 0 11.17 29.52 -11.22 -2 -8.88 25.41 0.35 -17.85 -21.97 -0.55 4.74 -13.17 0.2 1.2 -22.98 0.08 1.09 -5.17 0.26 0.35 7.14 11.92 11.52 -12.47 -11.02 16.57 29.22 -3.62 7 14.05 -0 0 0 -69.24 3.34 71.22 130.1 -52.95 -93.91 -0 0 -25.34 -14.1 -15.6 3.86 -7.12 0 -0 -27.09 14.83 21.9 -0 0 0 70.95 -6.08 70.45 -130.53 52.78 -94.25 0 -0 -22.83 10.14 -4.86 -0.87 7.12 -0 -0 29.28 -33.51 9.33
5.82 15.65 27.07 -539.22 -81.98 552.25 0 0 0 -16.53 -13.64 -3.8 0 0 0 -0.72 14.93 -7.45 0.47 -4.41 -12.23 0 0 0 11.34 29.56 -11.02 -1.98 -8.82 25.22 0.36 -17.92 -21.94 -0.54 4.71 -13.08 0.33 1.21 -23.22 0.14 1.07 -5.13 0.24 0.34 7.31 11.83 11.4 -12.24 -10.76 16.34 29.21 -3.57 6.94 13.92 -0 -0 0 -69.7 3.32 70.44 129.74 -53.1 -93.62 -0 0 -28.17 -16.88 -15.87 4.74 -7.12 0 -0 -28.62 14.42 23.84 -0 -0 0 71.47 -6.19 69.74 -131.04 52.57 -94.66 0 -0 -23.53 12.86 -5.83 -1.33 7.12 -0 -0 31.55 -34.14 9.7
5.82 15.65 27.05 -538.58 -82.01 551.42 0 0 0 -16.43 -13.58 -3.62 0 0 0 -0.72 14.92 -7.48 0.47 -4.41 -12.24 0 0 0 11.6 29.39 -10.74 -1.95 -8.76 25.04 0.36 -17.83 -21.85 -0.54 4.71 -13.07 0.51 1.25 -23.18 0.12 1.08 -5.1 0.12 0.35 7.32 11.9 11.27 -11.73 -10.66 16.11 29 -3.6 6.88 13.68 0 0 0 -70.17 3.45 69.53 129.69 -53.12 -93.58 -0 0 -31.05 -20.46 -14.89 5.48 -7.12 0 -0 -30.75 15.01 25.84 0 0 0 72.23 -6.21 69.08 -131.66 52.31 -95.14 0 -0 -24.01 15.72 -7.13 -2 7.12 -0 -0 34.04 -35.02 9.86
5.83 15.65 27.05 -538.57 -82.05 551.13 0 0 0 -16.46 -13.54 -3.34 0 0 0 -0.72 14.92 -7.48 0.48 -4.42 -12.27 0 0 0 11.75 28.97 -10.55 -1.94 -8.75 25.01 0.32 -17.54 -21.72 -0.55 4.77 -13.24 0.71 1.31 -22.93 0.02 1.13 -5.09 -0.08 0.38 7.21 11.92 11.11 -11.49 -10.34 15.79 29.05 -3.56 6.8 13.57 0 0 0 -70.69 3.7 68.51 129.96 -53.01 -93.8 -0 0 -33.65 -24.32 -13.08 5.84 -7.12 0 -0 -33.13 16.19 27.75 0 0 0 73.09 -6.2 68.32 -132.13 52.1 -95.51 0 -0 -24.08 18.09 -8.29 -2.7 7.12 -0 -0 36.13 -35.78 9.89
5.84 15.65 27.04 -538.83 -82.09 551.14 0 0 0 -16.52 -13.52 -3.13 0 0 0 -0.72 14.91 -7.44 0.48 -4.43 -12.28 0 0 0 11.83 28.63 -10.43 -1.95 -8.76 25.04 0.29 -17.28 -21.64 -0.55 4.77 -13.26 0.85 1.29 -22.7 -0.03 1.09 -5.03 -0.23 0.37 7.16 11.78 10.99 -11.5 -9.96 15.53 29.22 -3.43 6.71 13.55 0 -0 0 -71.41 3.98 67.32 130.19 -52.92 -93.98 -0 0 -34.89 -27.84 -11.12 5.81 -7.12 0 -0 -35.29 17.37 29.44 0 -0 0 73.8 -6.06 67.5 -132.34 52.01 -95.68 0 -0 -24.63 19.91 -9.13 -3.29 7.12 -0 -0 37.71 -36.29 9.93
5.85 15.64 27.04 -538.54 -82.11 550.67 0 0 0 -16.49 -13.49 -2.99 0 0 0 -0.72 14.9 -7.38 0.48 -4.45 -12.35 0 0 0 11.99 28.55 -10.25 -1.95 -8.75 25.03 0.29 -17.25 -21.6 -0.55 4.76 -13.23 1.11 1.35 -22.5 -0.14 1.13 -5 -0.49 0.4 7.1 11.74 10.79 -11.79 -9.54 15.1 29.6 -3.34 6.55 13.67 0 -0 0 -71.99 4.24 66.43 130.31 -52.87 -94.07 -0 0 -34.55 -29.99 -9.65 5.53 -7.12 0 -0 -36.64 18.24 30.36 0 -0 0 74.53 -6.03 66.56 -132.53 51.92 -95.83 0 -0 -25.52 21.14 -9.97 -3.83 7.12 -0 -0 38.9 -36.86 9.7
5.87 15.64 27.03 -538.09 -82.15 550.05 0 0 0 -16.42 -13.47 -2.87 0 -0 -0 -0.72 14.88 -7.35 0.48 -4.43 -12.28 0 0 0 12.13 28.22 -10.21 -1.94 -8.75 25.01 0.27 -17.01 -21.44 -0.57 4.83 -13.43 0.96 1.25 -22.36 0.19 1.02 -4.91 -0.08 0.34 7.12 11.04 10.56 -12.23 -9.24 14.83 29.99 -3.15 6.36 13.79 -0 -0 0 -73.26 4.54 65.54 130.26 -52.89 -94.03 -0 0 -33.87 -30.76 -8.89 5.26 -7.12 0 -0 -37.18 18.75 30.55 -0 -0 0 74.54 -6.13 66.05 -132.83 51.79 -96.07 0 -0 -25.94 21.56 -10.75 -4.21 7.12 -0 -0 39.54 -37.46 9.19
5.88 15.64 27.03 -538.01 -82.18 549.81 0 0 0 -16.41 -13.46 -2.75 0 0 0 -0.71 14.86 -7.28 0.48 -4.43 -12.3 0 0 0 12.21 28.02 -10.16 -1.95 -8.76 25.05 0.25 -16.84 -21.41 -0.56 4.8 -13.34 1.05 1.23 -22.08 0.23 0.97 -4.88 -0.11 0.33 7 10.72 10.4 -12.68 -8.81 14.53 30.34 -2.97 6.22 13.93 0 -0 0 -73.86 4.97 64.75 130.23 -52.9 -94.01 -0 0 -33.22 -31.43 -8.45 5.14 -7.12 0 -0 -37.58 18.97 30.86 0 -0 0 74.84 -6.43 65.78 -133.11 51.66 -96.29 0 -0 -25.87 21.41 -11.09 -4.31 7.12 -0 -0 39.6 -37.77 8.82
5.9 15.64 27.03 -538.28 -82.18 549.93 0 0 0 -16.44 -13.44 -2.66 0 -0 -0 -0.71 14.84 -7.19 0.48 -4.46 -12.37 0 0 0 12.24 27.88 -10.18 -1.97 -8.81 25.2 0.23 -16.69 -21.39 -0.56 4.78 -13.28 1.46 1.35 -21.68 -0.13 1.08 -4.93 -0.7 0.39 6.76 10.91 10.24 -13.17 -8.25 14.04 30.74 -2.85 6.08 14.11 -0 -0 0 -73.7 5.47 64.14 130.28 -52.88 -94.05 -0 0 -32.77 -32.67 -7.88 5.02 -7.12 0 -0 -38.25 19.17 31.61 -0 -0 0 75.64 -6.77 65.54 -133.2 51.62 -96.36 0 -0 -25.45 21.09 -11.37 -4.35 7.12 -0 -0 39.53 -38.04 8.45
5.91 15.64 27.02 -538.39 -82.19 549.93 0 0 0 -16.42 -13.43 -2.62 0 0 0 -0.71 14.82 -7.11 0.49 -4.47 -12.41 0 0 0 12.26 27.65 -10.32 -1.99 -8.85 25.34 0.2 -16.47 -21.29 -0.56 4.8 -13.33 1.43 1.32 -21.48 -0.1 1.06 -4.87 -0.66 0.38 6.71 10.76 10.06 -13.69 -7.91 13.68 31.1 -2.74 5.93 14.29 0 -0 0 -74.06 5.76 63.62 130.25 -52.9 -94.02 -0 0 -32.66 -33.52 -7.57 4.99 -7.12 0 -0 -38.66 19.2 32.2 0 -0 0 75.69 -6.73 65.49 -133.24 51.6 -96.39 0 -0 -25.09 20.87 -11.58 -4.38 7.12 -0 -0 39.49 -38.24 8.18
5.93 15.64 27.01 -538.12 -82.25 549.62 0 0 0 -16.32 -13.47 -2.64 0 -0 -0 -0.71 14.8 -7.04 0.48 -4.46 -12.36 0 0 0 12.33 27.37 -10.48 -2 -8.87 25.4 0.18 -16.22 -21.19 -0.55 4.74 -13.18 1.39 1.27 -21.38 -0.02 1.01 -4.8 -0.57 0.36 6.73 10.4 9.9 -14.01 -7.45 13.36 31.25 -2.55 5.8 14.32 -0 -0 0 -74.28 5.81 63.44 130.21 -52.91 -93.99 -0 0 -32.75 -33.38 -7.69 5.04 -7.12 0 -0 -38.57 19.13 32.16 -0 -0 0 75.7 -6.55 65.42 -133.2 51.62 -96.35 0 -0 -24.89 20.6 -11.62 -4.33 7.12 -0 -0 39.32 -38.3 8.05
5.95 15.64 27 -537.48 -82.36 548.96 0 0 0 -16.15 -13.56 -2.66 0 -0 -0 -0.71 14.8 -6.98 0.49 -4.47 -12.41 0 0 0 12.49 27.42 -10.43 -2 -8.86 25.36 0.2 -16.38 -21.14 -0.55 4.74 -13.17 1.39 1.2 -21.32 0.04 0.91 -4.74 -0.53 0.31 6.76 10.26 9.73 -14.27 -7.14 13.03 31.44 -2.45 5.67 14.38 -0 0 0 -74.29 5.82 63.44 130.15 -52.93 -93.95 -0 0 -32.97 -32.58 -7.88 5 -7.12 0 -0 -38.21 19.19 31.52 -0 0 0 75.64 -6.25 65.45 -133.11 51.66 -96.29 0 -0 -25.03 20.14 -11.74 -4.27 7.12 -0 -0 39.07 -38.46 7.78
5.96 15.64 26.98 -536.79 -82.48 548.28 0 0 0 -15.97 -13.66 -2.71 0 0 0 -0.71 14.82 -6.93 0.49 -4.49 -12.47 0 0 0 12.64 27.32 -10.47 -1.99 -8.84 25.31 0.2 -16.33 -21.11 -0.53 4.65 -12.92 1.44 1.16 -21.36 0.03 0.85 -4.67 -0.58 0.29 6.86 10.2 9.52 -14.47 -6.85 12.63 31.65 -2.4 5.52 14.44 -0 -0 0 -74.11 5.74 63.58 130.13 -52.94 -93.93 -0 0 -33.33 -31.51 -7.96 4.85 -7.12 0 -0 -37.75 19.4 30.6 -0 -0 0 75.64 -6.01 65.42 -133.04 51.7 -96.23 0 -0 -25.56 19.66 -12.01 -4.25 7.12 -0 -0 38.87 -38.75 7.37
5.97 15.64 26.96 -535.92 -82.63 547.48 0 0 0 -15.73 -13.81 -2.81 0 -0 -0 -0.72 14.84 -6.9 0.48 -4.47 -12.39 0 0 0 12.79 27.22 -10.55 -1.98 -8.82 25.22 0.21 -16.33 -21.04 -0.52 4.62 -12.83 1.48 1.1 -21.48 0.05 0.76 -4.61 -0.61 0.25 6.99 10.04 9.34 -14.54 -6.53 12.28 31.82 -2.31 5.38 14.45 -0 -0 0 -73.98 5.61 63.62 130.11 -52.95 -93.92 -0 0 -33.94 -30.72 -7.57 4.47 -7.12 0 -0 -37.54 19.95 29.62 -0 -0 0 75.73 -5.87 65.43 -132.86 51.78 -96.09 0 -0 -26.37 19.37 -12.41 -4.32 7.12 -0 -0 38.86 -39.11 6.93
5.98 15.64 26.94 -534.86 -82.78 546.55 0 0 0 -15.46 -13.97 -2.96 0 0 0 -0.72 14.85 -6.85 0.49 -4.48 -12.43 0 0 0 12.95 27.17 -10.65 -1.96 -8.78 25.11 0.22 -16.36 -20.99 -0.51 4.56 -12.65 1.5 1.05 -21.67 0.11 0.68 -4.55 -0.57 0.21 7.15 9.87 9.14 -14.51 -6.29 11.95 32 -2.25 5.25 14.46 0 0 0 -74 5.39 63.6 130.05 -52.98 -93.87 -0 0 -34.7 -30.24 -6.99 4.06 -7.12 0 -0 -37.5 20.59 28.81 0 0 0 75.84 -5.74 65.33 -132.72 51.84 -95.98 0 -0 -27.04 19.28 -12.81 -4.44 7.12 -0 -0 39 -39.46 6.54
6 15.65 26.92 -533.62 -82.95 545.44 0 0 0 -15.16 -14.16 -3.12 0 -0 -0 -0.72 14.87 -6.8 0.49 -4.49 -12.46 0 0 0 13.14 27.19 -10.71 -1.94 -8.74 24.97 0.24 -16.48 -20.95 -0.49 4.5 -12.48 1.5 1.01 -21.9 0.17 0.63 -4.46 -0.51 0.19 7.37 9.73 8.94 -14.54 -6.08 11.61 32.21 -2.21 5.1 14.49 -0 -0 0 -74.06 5.11 63.56 130.03 -52.98 -93.85 -0 0 -35.52 -30.08 -6.41 3.7 -7.12 0 -0 -37.6 21.14 28.27 -0 -0 0 76 -5.66 65.15 -132.69 51.85 -95.96 0 -0 -27.16 19.26 -13.14 -4.54 7.12 -0 -0 39.14 -39.74 6.23
6.01 15.65 26.9 -532.56 -83.12 544.51 0 0 0 -14.89 -14.33 -3.27 0 0 0 -0.72 14.89 -6.77 0.48 -4.46 -12.36 0 0 0 13.31 27.24 -10.74 -1.92 -8.69 24.84 0.26 -16.62 -20.93 -0.48 4.42 -12.26 1.52 1.03 -22.1 0.17 0.65 -4.34 -0.52 0.2 7.61 9.46 8.77 -14.79 -5.68 11.29 32.51 -2.06 4.97 14.6 0 0 0 -74.05 4.81 63.59 130.01 -52.99 -93.83 -0 0 -36.15 -29.98 -6.19 3.56 -7.12 0 -0 -37.62 21.37 28.03 0 0 0 76.24 -5.68 64.91 -132.79 51.81 -96.03 0 -0 -26.83 19.17 -13.27 -4.56 7.12 -0 -0 39.15 -39.86 6.09
6.02 15.66 26.88 -531.72 -83.28 543.75 0 0 0 -14.67 -14.5 -3.39 0 -0 -0 -0.73 14.93 -6.7 0.49 -4.51 -12.51 0 0 0 13.45 27.29 -10.74 -1.9 -8.65 24.71 0.28 -16.75 -20.96 -0.45 4.32 -11.98 1.45 0.97 -22.21 0.23 0.59 -4.2 -0.43 0.18 7.81 9.24 8.68 -15 -5.38 11.1 32.64 -1.93 4.9 14.64 -0 -0 0 -74.23 4.68 63.41 130 -53 -93.83 -0 0 -36.51 -29.92 -6.23 3.57 -7.12 0 -0 -37.58 21.34 28 -0 -0 0 76.3 -5.7 64.83 -132.94 51.74 -96.16 0 -0 -26.16 19.13 -13.43 -4.61 7.12 -0 -0 39.2 -39.99 5.94
6.03 15.66 26.86 -530.96 -83.42 543.08 0 0 0 -14.46 -14.65 -3.5 0 0 0 -0.73 14.97 -6.64 0.5 -4.53 -12.57 0 0 0 13.59 27.34 -10.75 -1.88 -8.62 24.62 0.3 -16.89 -20.96 -0.45 4.3 -11.92 1.41 0.95 -22.24 0.24 0.58 -4.09 -0.4 0.17 7.95 9.22 8.59 -15.15 -5.22 10.91 32.6 -1.89 4.84 14.62 -0 -0 0 -74.42 4.71 63.16 130.05 -52.98 -93.86 -0 0 -36.66 -30.17 -6.1 3.53 -7.12 0 -0 -37.74 21.41 28.13 -0 -0 0 76.42 -5.77 64.74 -133.06 51.69 -96.25 0 -0 -25.52 18.76 -13.32 -4.48 7.12 -0 -0 38.88 -39.95 5.92
6.04 15.66 26.84 -530.51 -83.53 542.75 0 0 0 -14.28 -14.77 -3.64 0 0 0 -0.73 14.97 -6.65 0.48 -4.44 -12.31 0 0 0 13.65 27.41 -10.88 -1.88 -8.62 24.6 0.3 -16.96 -20.99 -0.44 4.26 -11.81 1.33 0.92 -22.27 0.25 0.56 -4.02 -0.35 0.17 8.04 9.16 8.54 -15.22 -5.07 10.79 32.46 -1.84 4.8 14.55 0 0 0 -74.75 4.87 62.78 130.07 -52.97 -93.88 -0 0 -36.73 -30.76 -5.91 3.51 -7.12 0 -0 -38.05 21.44 28.5 0 0 0 76.46 -5.81 64.73 -133.1 51.66 -96.28 0 -0 -25.02 18.7 -13.38 -4.48 7.12 -0 -0 38.87 -40 5.85
6.05 15.67 26.82 -530.06 -83.6 542.47 0 0 0 -14.09 -14.87 -3.83 0 0 0 -0.73 15 -6.62 0.48 -4.42 -12.27 0 0 0 13.67 27.4 -11.1 -1.88 -8.61 24.58 0.3 -16.94 -20.97 -0.43 4.21 -11.68 1.22 0.86 -22.37 0.31 0.51 -3.96 -0.23 0.14 8.16 9.14 8.51 -15.21 -5.02 10.73 32.28 -1.82 4.79 14.46 -0 0 0 -75.22 5.11 62.23 130.08 -52.96 -93.89 -0 0 -36.79 -31.51 -5.48 3.35 -7.12 0 -0 -38.5 21.64 28.84 -0 0 0 76.38 -5.78 64.86 -133.07 51.68 -96.26 0 -0 -24.58 18.6 -13.42 -4.47 7.12 -0 -0 38.82 -40.05 5.79
6.06 15.67 26.8 -529.3 -83.66 541.88 0 0 0 -13.87 -14.96 -4.04 0 -0 -0 -0.74 15.01 -6.59 0.47 -4.42 -12.25 0 0 0 13.75 27.55 -11.23 -1.87 -8.58 24.51 0.32 -17.05 -20.99 -0.41 4.13 -11.45 1.25 0.89 -22.53 0.27 0.53 -3.92 -0.29 0.15 8.29 9.2 8.44 -15.15 -4.92 10.58 32.1 -1.82 4.75 14.34 -0 -0 0 -75.51 5.28 61.82 130.09 -52.96 -93.9 -0 0 -36.72 -32.06 -5.33 3.33 -7.12 0 -0 -38.77 21.64 29.22 -0 -0 0 76.53 -5.75 64.88 -132.98 51.72 -96.19 0 -0 -24.22 18.47 -13.47 -4.45 7.12 -0 -0 38.76 -40.1 5.71
6.07 15.68 26.78 -528.39 -83.71 541.14 0 0 0 -13.63 -15.03 -4.26 0 -0 -0 -0.74 15.04 -6.54 0.48 -4.44 -12.32 0 0 0 13.84 27.75 -11.32 -1.85 -8.55 24.4 0.34 -17.21 -20.99 -0.4 4.04 -11.19 1.3 0.92 -22.66 0.25 0.55 -3.91 -0.33 0.17 8.37 9.13 8.36 -15.12 -4.75 10.42 32.06 -1.77 4.7 14.29 -0 0 0 -75.77 5.44 61.47 130.15 -52.94 -93.95 -0 0 -36.79 -32.53 -5.02 3.19 -7.12 0 -0 -39.06 21.8 29.4 -0 0 0 76.58 -5.72 64.9 -132.94 51.74 -96.16 0 -0 -24.14 18.36 -13.56 -4.45 7.12 -0 -0 38.72 -40.2 5.59
6.08 15.68 26.77 -527.65 -83.76 540.54 0 0 0 -13.43 -15.1 -4.43 0 0 0 -0.74 15.06 -6.53 0.48 -4.43 -12.29 0 0 0 13.92 27.88 -11.41 -1.84 -8.52 24.31 0.36 -17.32 -20.98 -0.38 3.98 -11.01 1.32 0.91 -22.73 0.29 0.53 -3.92 -0.3 0.16 8.4 8.94 8.29 -15.1 -4.61 10.32 32.09 -1.7 4.65 14.26 0 0 0 -76 5.54 61.22 130.2 -52.92 -93.98 -0 0 -36.91 -32.89 -4.63 2.99 -7.12 0 -0 -39.33 22.05 29.44 0 0 0 76.52 -5.69 65 -132.89 51.76 -96.11 0 -0 -24.11 18.41 -13.64 -4.49 7.12 -0 -0 38.8 -40.25 5.54
6.08 15.68 26.75 -527.3 -83.8 540.28 0 0 0 -13.31 -15.16 -4.54 0 0 0 -0.74 15.09 -6.5 0.49 -4.48 -12.43 0 0 0 13.96 27.83 -11.52 -1.83 -8.51 24.27 0.36 -17.28 -20.93 -0.38 3.97 -11 1.38 0.95 -22.8 0.25 0.57 -3.88 -0.37 0.18 8.47 8.84 8.2 -15.13 -4.49 10.17 32.16 -1.66 4.59 14.27 -0 0 0 -75.99 5.46 61.2 130.2 -52.91 -93.98 -0 0 -36.96 -32.99 -4.52 2.93 -7.12 0 -0 -39.41 22.13 29.44 -0 0 0 76.56 -5.65 65.08 -132.82 51.79 -96.06 0 -0 -23.9 18.03 -13.62 -4.38 7.12 -0 -0 38.51 -40.29 5.44
6.09 15.68 26.74 -527.01 -83.85 540.05 0 0 0 -13.21 -15.21 -4.61 0 -0 -0 -0.75 15.12 -6.48 0.49 -4.5 -12.48 0 0 0 14 27.8 -11.59 -1.83 -8.5 24.24 0.35 -17.26 -20.93 -0.37 3.91 -10.83 1.42 0.96 -22.85 0.23 0.58 -3.86 -0.41 0.18 8.53 8.73 8.13 -15.15 -4.4 10.07 32.3 -1.63 4.54 14.31 -0 -0 0 -75.86 5.39 61.27 130.24 -52.9 -94.02 -0 0 -36.96 -32.81 -4.54 2.92 -7.12 0 -0 -39.33 22.16 29.29 -0 -0 0 76.47 -5.62 65.23 -132.81 51.8 -96.05 0 -0 -23.74 17.66 -13.61 -4.28 7.12 -0 -0 38.24 -40.32 5.35
6.1 15.69 26.72 -526.56 -83.9 539.65 0 0 0 -13.09 -15.26 -4.67 0 -0 -0 -0.75 15.13 -6.48 0.49 -4.48 -12.44 0 0 0 14.07 27.82 -11.63 -1.82 -8.49 24.22 0.37 -17.32 -20.89 -0.38 3.94 -10.9 1.49 0.97 -22.87 0.22 0.58 -3.87 -0.46 0.18 8.53 8.61 8.07 -15.17 -4.31 9.99 32.58 -1.59 4.49 14.42 -0 -0 0 -75.67 5.36 61.43 130.3 -52.88 -94.06 -0 0 -36.87 -32.41 -4.79 3.03 -7.12 0 -0 -39.09 22.04 29.12 -0 -0 0 76.38 -5.65 65.38 -132.82 51.79 -96.06 0 -0 -23.67 17.49 -13.56 -4.23 7.12 -0 -0 38.09 -40.3 5.34
6.1 15.69 26.71 -526.22 -83.94 539.37 0 0 0 -12.99 -15.31 -4.75 0 0 0 -0.75 15.13 -6.46 0.49 -4.48 -12.45 0 0 0 14.11 27.9 -11.68 -1.83 -8.49 24.22 0.37 -17.35 -20.95 -0.36 3.85 -10.65 1.52 0.96 -22.86 0.25 0.55 -3.9 -0.45 0.17 8.49 8.52 8.02 -15.31 -4.29 9.91 33.08 -1.58 4.43 14.67 -0 -0 0 -75.57 5.36 61.58 130.31 -52.87 -94.07 -0 0 -36.76 -32.19 -5 3.14 -7.12 0 -0 -38.93 21.91 29.08 -0 -0 0 76.26 -5.67 65.53 -132.82 51.79 -96.06 0 -0 -23.57 17.37 -13.53 -4.19 7.12 -0 -0 38 -40.28 5.34
6.11 15.69 26.7 -525.69 -83.96 538.88 0 0 0 -12.86 -15.33 -4.83 0 -0 -0 -0.75 15.13 -6.41 0.5 -4.55 -12.63 0 0 0 14.19 27.88 -11.76 -1.82 -8.49 24.21 0.37 -17.34 -20.91 -0.36 3.85 -10.65 1.56 0.93 -22.86 0.29 0.5 -3.93 -0.44 0.15 8.45 8.49 7.96 -15.58 -4.31 9.82 33.79 -1.6 4.36 15.05 -0 -0 0 -75.51 5.36 61.66 130.32 -52.87 -94.08 -0 0 -36.75 -32.02 -4.9 3.06 -7.12 0 -0 -38.9 22.04 28.86 -0 -0 0 76.11 -5.61 65.67 -132.81 51.8 -96.06 0 -0 -23.56 17.5 -13.61 -4.24 7.12 -0 -0 38.13 -40.34 5.3
6.11 15.69 26.69 -524.78 -83.94 538.03 0 0 0 -12.68 -15.32 -4.91 0 0 0 -0.75 15.11 -6.42 0.5 -4.52 -12.55 0 0 0 14.31 27.88 -11.82 -1.82 -8.47 24.17 0.38 -17.34 -20.81 -0.36 3.86 -10.67 1.67 0.95 -22.86 0.32 0.5 -3.96 -0.47 0.14 8.42 8.34 7.89 -15.92 -4.14 9.67 34.59 -1.53 4.27 15.48 0 -0 0 -75.44 5.35 61.7 130.32 -52.86 -94.08 -0 0 -36.83 -31.77 -4.77 2.95 -7.12 0 -0 -38.83 22.22 28.54 0 -0 0 76.1 -5.59 65.76 -132.77 51.81 -96.02 0 -0 -23.54 17.15 -13.67 -4.17 7.12 -0 -0 37.9 -40.43 5.15
6.12 15.69 26.68 -523.65 -83.9 536.95 0 0 0 -12.46 -15.28 -4.99 0 -0 -0 -0.74 15.09 -6.41 0.5 -4.54 -12.61 0 0 0 14.45 27.8 -11.94 -1.81 -8.46 24.12 0.37 -17.22 -20.66 -0.36 3.87 -10.71 1.77 0.96 -22.79 0.39 0.47 -4.04 -0.47 0.13 8.3 8.19 7.8 -16.18 -3.96 9.48 35.38 -1.47 4.16 15.89 -0 0 0 -75.49 5.45 61.65 130.3 -52.88 -94.06 -0 0 -36.92 -31.69 -4.68 2.88 -7.12 0 -0 -38.83 22.32 28.41 -0 0 0 76.08 -5.62 65.83 -132.76 51.82 -96.01 0 -0 -23.56 17.02 -13.86 -4.19 7.12 -0 -0 37.9 -40.61 4.95
6.12 15.69 26.67 -522.72 -83.85 536.08 0 0 0 -12.25 -15.23 -5.07 0 -0 -0 -0.74 15.05 -6.42 0.5 -4.53 -12.56 0 0 0 14.58 27.64 -12.11 -1.81 -8.45 24.1 0.35 -17.01 -20.51 -0.36 3.87 -10.7 1.37 0.79 -22.83 0.88 0.3 -4.04 0.25 0.03 8.31 7.65 7.71 -16.37 -4 9.51 35.97 -1.39 4.07 16.2 0 -0 0 -76.34 5.49 61.45 130.14 -52.94 -93.94 -0 0 -36.86 -31.7 -4.62 2.85 -7.12 0 -0 -38.86 22.38 28.37 0 -0 0 75.3 -5.5 65.91 -132.83 51.79 -96.07 0 -0 -23.66 16.91 -13.96 -4.19 7.12 -0 -0 37.87 -40.7 4.84
6.13 15.69 26.65 -522.18 -83.78 535.61 0 0 0 -12.07 -15.16 -5.17 0 0 0 -0.74 15.04 -6.43 0.49 -4.5 -12.5 0 0 0 14.68 27.62 -12.28 -1.81 -8.46 24.12 0.34 -16.89 -20.42 -0.36 3.87 -10.72 1.53 0.85 -22.76 0.78 0.34 -4.11 0.06 0.05 8.19 7.73 7.62 -16.47 -3.74 9.23 36.41 -1.35 3.98 16.41 -0 -0 0 -76.13 5.6 61.44 130.12 -52.95 -93.92 -0 0 -36.87 -31.73 -4.61 2.84 -7.12 0 -0 -38.87 22.38 28.38 -0 -0 0 75.57 -5.6 65.86 -132.81 51.8 -96.05 0 -0 -23.62 16.85 -13.97 -4.18 7.12 -0 -0 37.83 -40.71 4.81
6.14 15.69 26.63 -521.51 -83.73 535.05 0 0 0 -11.86 -15.1 -5.29 0 0 0 -0.74 15.02 -6.48 0.48 -4.42 -12.27 0 0 0 14.79 27.59 -12.47 -1.81 -8.46 24.11 0.33 -16.76 -20.31 -0.36 3.87 -10.7 1.18 0.71 -22.86 1.14 0.21 -4.09 0.62 -0.02 8.26 7.35 7.53 -16.56 -3.66 9.17 36.59 -1.26 3.91 16.48 -0 -0 0 -76.74 5.61 61.33 129.99 -53 -93.82 -0 0 -36.76 -31.69 -4.75 2.93 -7.12 0 -0 -38.81 22.26 28.46 -0 -0 0 75.02 -5.53 65.9 -132.88 51.77 -96.1 0 -0 -23.61 16.86 -14.07 -4.21 7.12 -0 -0 37.89 -40.79 4.73
6.14 15.69 26.6 -520.9 -83.72 534.53 0 0 0 -11.66 -15.1 -5.42 0 -0 -0 -0.74 15.04 -6.47 0.48 -4.42 -12.27 0 0 0 14.89 27.68 -12.59 -1.81 -8.46 24.11 0.34 -16.8 -20.29 -0.36 3.83 -10.61 0.99 0.63 -22.89 1.32 0.13 -4.07 0.9 -0.07 8.3 7.11 7.47 -16.54 -3.46 9.08 36.58 -1.15 3.87 16.43 0 -0 0 -77.04 5.63 61.27 129.94 -53.02 -93.78 -0 0 -36.66 -31.73 -4.74 2.92 -7.12 0 -0 -38.83 22.26 28.48 0 -0 0 74.78 -5.53 65.88 -132.91 51.75 -96.13 0 -0 -23.53 16.92 -14.17 -4.26 7.12 -0 -0 37.99 -40.87 4.66
6.15 15.7 26.58 -520.05 -83.73 533.78 0 0 0 -11.43 -15.13 -5.56 0 -0 -0 -0.74 15.07 -6.43 0.49 -4.47 -12.4 0 0 0 15.02 27.58 -12.76 -1.8 -8.44 24.06 0.33 -16.67 -20.2 -0.35 3.8 -10.53 1.06 0.63 -22.88 1.29 0.12 -4.08 0.82 -0.07 8.29 7.11 7.37 -16.59 -3.2 8.82 36.59 -1.09 3.8 16.42 -0 -0 0 -76.95 5.64 61.27 129.96 -53.01 -93.8 -0 0 -36.67 -31.76 -4.81 2.97 -7.12 0 -0 -38.82 22.19 28.56 -0 -0 0 74.9 -5.6 65.86 -132.91 51.75 -96.13 0 -0 -23.37 16.97 -14.14 -4.26 7.12 -0 -0 38.01 -40.84 4.7
6.16 15.7 26.55 -519.16 -83.73 532.99 0 0 0 -11.19 -15.13 -5.7 0 0 0 -0.75 15.11 -6.37 0.51 -4.56 -12.65 0 0 0 15.16 27.53 -12.89 -1.79 -8.42 24 0.32 -16.54 -20.15 -0.33 3.72 -10.28 1.4 0.73 -22.81 1.02 0.19 -4.11 0.35 -0.03 8.22 7.3 7.29 -16.59 -2.81 8.47 36.56 -1.02 3.74 16.36 -0 0 0 -76.43 5.66 61.3 130.05 -52.97 -93.87 -0 0 -36.79 -31.81 -4.68 2.9 -7.12 0 -0 -38.88 22.29 28.51 -0 0 0 75.43 -5.73 65.88 -132.86 51.78 -96.09 0 -0 -23.26 16.93 -14.11 -4.24 7.12 -0 -0 37.96 -40.82 4.71
6.18 15.7 26.53 -517.96 -83.71 531.89 0 0 0 -10.89 -15.12 -5.84 0 0 0 -0.75 15.13 -6.33 0.51 -4.6 -12.76 0 0 0 15.35 27.64 -12.95 -1.78 -8.39 23.89 0.33 -16.58 -20.09 -0.32 3.63 -10.03 1.74 0.82 -22.72 0.79 0.25 -4.13 -0.07 0.02 8.16 7.44 7.17 -16.61 -2.44 8.1 36.54 -0.95 3.65 16.32 0 0 0 -76 5.67 61.35 130.09 -52.96 -93.9 -0 0 -36.96 -31.73 -4.67 2.88 -7.12 0 -0 -38.85 22.32 28.43 0 0 0 75.9 -5.8 65.86 -132.8 51.8 -96.04 0 -0 -23.2 16.8 -14.13 -4.22 7.12 -0 -0 37.88 -40.86 4.66
6.19 15.7 26.5 -517.15 -83.67 531.16 0 0 0 -10.64 -15.09 -5.97 0 0 0 -0.75 15.17 -6.3 0.53 -4.64 -12.9 0 0 0 15.5 27.61 -13.09 -1.77 -8.37 23.83 0.31 -16.43 -20.01 -0.31 3.56 -9.85 1.74 0.8 -22.68 0.85 0.22 -4.1 -0.02 0 8.16 7.26 7.04 -16.61 -2.21 7.86 36.48 -0.87 3.57 16.25 0 -0 0 -76.1 5.65 61.29 130.05 -52.98 -93.86 -0 0 -37.12 -31.61 -4.64 2.85 -7.12 0 -0 -38.81 22.38 28.3 0 -0 0 75.82 -5.74 65.9 -132.8 51.8 -96.04 0 -0 -23.24 16.66 -14.3 -4.23 7.12 -0 -0 37.86 -41.01 4.48
6.2 15.7 26.47 -516.59 -83.61 530.66 0 0 0 -10.41 -15.02 -6.08 0 -0 -0 -0.76 15.2 -6.29 0.53 -4.69 -13.02 0 0 0 15.64 27.36 -13.31 -1.76 -8.35 23.79 0.28 -16.08 -19.85 -0.31 3.58 -9.89 1.74 0.79 -22.67 0.88 0.22 -4.04 0.01 0 8.22 7.12 6.9 -16.63 -1.98 7.61 36.35 -0.79 3.48 16.15 -0 -0 0 -76.15 5.59 61.23 130.04 -52.98 -93.86 -0 0 -37.23 -31.48 -4.61 2.82 -7.12 0 -0 -38.77 22.44 28.17 -0 -0 0 75.81 -5.64 65.93 -132.77 51.81 -96.02 0 -0 -23.25 16.5 -14.34 -4.2 7.12 -0 -0 37.77 -41.07 4.4
6.21 15.71 26.44 -515.99 -83.56 530.12 0 0 0 -10.18 -14.96 -6.17 0 0 0 -0.76 15.23 -6.29 0.54 -4.7 -13.04 0 0 0 15.8 27.3 -13.43 -1.76 -8.34 23.75 0.26 -15.89 -19.77 -0.3 3.52 -9.72 1.74 0.78 -22.68 0.9 0.2 -3.96 0.03 -0 8.31 6.98 6.76 -16.59 -1.72 7.35 36.09 -0.71 3.4 15.96 0 0 0 -76.21 5.53 61.12 130.1 -52.96 -93.9 -0 0 -37.26 -31.44 -4.58 2.8 -7.12 0 -0 -38.76 22.47 28.11 0 0 0 75.85 -5.53 65.95 -132.75 51.83 -96 0 -0 -23.22 16.61 -14.34 -4.22 7.12 -0 -0 37.84 -41.05 4.42
6.22 15.71 26.41 -515.4 -83.49 529.56 0 0 0 -9.96 -14.88 -6.23 0 0 0 -0.76 15.26 -6.3 0.55 -4.73 -13.14 0 0 0 15.97 27.16 -13.56 -1.75 -8.33 23.72 0.23 -15.63 -19.68 -0.29 3.44 -9.5 1.77 0.78 -22.65 0.93 0.2 -3.88 0.05 -0 8.39 6.79 6.61 -16.54 -1.43 7.1 35.73 -0.6 3.32 15.73 -0 0 0 -76.32 5.5 60.98 130.19 -52.92 -93.98 -0 0 -37.17 -31.5 -4.68 2.86 -7.12 0 -0 -38.75 22.37 28.24 -0 0 0 75.89 -5.47 65.91 -132.78 51.81 -96.03 0 -0 -23.1 16.6 -14.38 -4.24 7.12 -0 -0 37.86 -41.09 4.39
6.23 15.71 26.39 -514.71 -83.42 528.9 0 0 0 -9.72 -14.79 -6.3 0 -0 -0 -0.77 15.29 -6.29 0.55 -4.76 -13.23 0 0 0 16.16 27.04 -13.69 -1.75 -8.32 23.69 0.22 -15.43 -19.52 -0.29 3.48 -9.62 1.83 0.8 -22.61 0.96 0.21 -3.78 0.04 0.01 8.47 6.56 6.46 -16.6 -1.11 6.83 35.33 -0.48 3.24 15.51 -0 0 0 -76.41 5.42 60.87 130.28 -52.88 -94.05 -0 0 -37.08 -31.73 -4.67 2.88 -7.12 0 -0 -38.85 22.32 28.43 -0 0 0 75.95 -5.45 65.85 -132.86 51.77 -96.09 0 -0 -22.8 16.26 -14.25 -4.11 7.12 -0 -0 37.54 -41.02 4.41
6.25 15.71 26.36 -514.15 -83.35 528.37 0 0 0 -9.51 -14.72 -6.36 0 -0 -0 -0.77 15.32 -6.29 0.55 -4.76 -13.23 0 0 0 16.32 26.87 -13.85 -1.75 -8.31 23.67 0.19 -15.18 -19.39 -0.29 3.48 -9.63 1.91 0.81 -22.51 0.95 0.22 -3.74 -0.01 0.02 8.48 6.44 6.31 -16.59 -0.81 6.56 34.9 -0.38 3.16 15.27 0 0 0 -76.43 5.43 60.8 130.35 -52.85 -94.11 -0 0 -37.11 -31.82 -4.68 2.9 -7.12 0 -0 -38.89 22.29 28.52 0 0 0 76.08 -5.55 65.81 -132.92 51.75 -96.14 0 -0 -22.42 16.22 -14.25 -4.1 7.12 -0 -0 37.51 -41.03 4.4
6.26 15.71 26.34 -513.7 -83.28 527.98 0 0 0 -9.3 -14.64 -6.46 0 0 0 -0.77 15.35 -6.26 0.56 -4.81 -13.36 0 0 0 16.45 26.82 -13.99 -1.74 -8.31 23.66 0.18 -15 -19.29 -0.28 3.43 -9.48 1.95 0.81 -22.45 0.99 0.21 -3.7 0.01 0.01 8.49 6.3 6.18 -16.62 -0.55 6.34 34.52 -0.29 3.1 15.06 -0 0 0 -76.51 5.44 60.78 130.36 -52.85 -94.12 -0 0 -37.21 -31.74 -4.63 2.86 -7.12 0 -0 -38.87 22.35 28.41 -0 0 0 76.14 -5.63 65.74 -132.96 51.73 -96.17 0 -0 -22.23 16.29 -14.32 -4.14 7.12 -0 -0 37.6 -41.08 4.36
6.27 15.71 26.31 -513.18 -83.22 527.54 0 0 0 -9.08 -14.58 -6.57 0 -0 -0 -0.78 15.37 -6.25 0.56 -4.81 -13.37 0 0 0 16.59 26.72 -14.17 -1.74 -8.3 23.63 0.17 -14.81 -19.15 -0.29 3.44 -9.51 1.93 0.79 -22.46 1.1 0.17 -3.65 0.13 -0 8.54 6.1 6.06 -16.64 -0.35 6.17 34.15 -0.21 3.04 14.87 -0 -0 0 -76.65 5.39 60.77 130.35 -52.85 -94.11 -0 0 -37.31 -31.6 -4.64 2.85 -7.12 0 -0 -38.81 22.38 28.3 -0 -0 0 76.03 -5.64 65.69 -132.98 51.72 -96.19 0 -0 -22.24 16.3 -14.28 -4.13 7.12 -0 -0 37.59 -41.04 4.4
6.28 15.71 26.29 -512.91 -83.18 527.35 0 0 0 -8.91 -14.53 -6.69 0 -0 -0 -0.78 15.4 -6.24 0.57 -4.85 -13.47 0 0 0 16.68 26.78 -14.3 -1.74 -8.31 23.64 0.16 -14.77 -19.11 -0.28 3.4 -9.4 1.79 0.7 -22.51 1.3 0.07 -3.61 0.4 -0.06 8.62 5.85 5.97 -16.68 -0.26 6.1 33.83 -0.14 3 14.71 0 -0 0 -76.94 5.34 60.71 130.34 -52.86 -94.1 -0 0 -37.36 -31.49 -4.61 2.82 -7.12 0 -0 -38.77 22.44 28.17 0 -0 0 75.78 -5.54 65.69 -132.95 51.74 -96.16 0 -0 -22.34 16.38 -14.34 -4.16 7.12 -0 -0 37.67 -41.08 4.37
6.28 15.71 26.26 -512.42 -83.09 526.96 0 0 0 -8.69 -14.45 -6.82 0 -0 -0 -0.78 15.42 -6.25 0.57 -4.84 -13.45 0 0 0 16.81 26.72 -14.47 -1.74 -8.29 23.6 0.15 -14.58 -19.01 -0.27 3.37 -9.3 2.16 0.8 -22.51 1.1 0.13 -3.64 -0.02 -0.02 8.58 5.97 5.89 -16.67 0.03 5.85 33.58 -0.09 2.95 14.57 -0 -0 0 -76.49 5.37 60.79 130.42 -52.82 -94.16 -0 0 -37.47 -31.42 -4.5 2.75 -7.12 0 -0 -38.78 22.55 28.03 -0 -0 0 76.21 -5.56 65.67 -132.85 51.78 -96.08 0 -0 -22.39 16.52 -14.43 -4.23 7.12 -0 -0 37.82 -41.14 4.33
6.29 15.71 26.24 -511.91 -83 526.55 0 0 0 -8.47 -14.36 -6.93 0 0 0 -0.78 15.43 -6.27 0.57 -4.83 -13.42 0 0 0 16.95 26.66 -14.62 -1.73 -8.27 23.54 0.14 -14.42 -18.9 -0.28 3.38 -9.33 2.28 0.83 -22.6 1.13 0.13 -3.62 -0.05 -0.02 8.65 5.9 5.8 -16.67 0.14 5.71 33.31 -0.06 2.9 14.44 -0 0 0 -76.43 5.32 60.87 130.45 -52.81 -94.18 -0 0 -37.57 -31.23 -4.46 2.7 -7.12 0 -0 -38.71 22.63 27.84 -0 0 0 76.22 -5.45 65.64 -132.83 51.79 -96.07 0 -0 -22.54 16.63 -14.46 -4.26 7.12 -0 -0 37.92 -41.15 4.32
6.3 15.71 26.22 -511.67 -82.95 526.37 0 0 0 -8.31 -14.3 -7.02 0 0 0 -0.78 15.43 -6.3 0.56 -4.81 -13.36 0 0 0 17.04 26.64 -14.74 -1.72 -8.26 23.52 0.12 -14.28 -18.86 -0.27 3.31 -9.15 2.27 0.75 -22.66 1.24 0.02 -3.61 0.04 -0.07 8.7 5.9 5.77 -16.59 0.1 5.7 33.03 -0.08 2.9 14.3 0 -0 0 -76.52 5.33 60.77 130.48 -52.8 -94.21 -0 0 -37.69 -31.02 -4.38 2.63 -7.12 0 -0 -38.64 22.76 27.59 0 -0 0 76.12 -5.32 65.76 -132.82 51.79 -96.06 0 -0 -22.63 16.7 -14.46 -4.29 7.12 -0 -0 37.97 -41.14 4.34
6.3 15.71 26.2 -511.35 -82.91 526.12 0 0 0 -8.16 -14.25 -7.09 0 -0 -0 -0.78 15.43 -6.32 0.56 -4.78 -13.29 0 0 0 17.14 26.53 -14.86 -1.72 -8.25 23.47 0.11 -14.1 -18.77 -0.27 3.35 -9.24 2.31 0.72 -22.72 1.32 -0.05 -3.58 0.09 -0.1 8.75 6.02 5.7 -16.54 -0.03 5.62 32.76 -0.17 2.87 14.17 0 0 0 -76.57 5.3 60.77 130.48 -52.8 -94.21 -0 0 -37.85 -30.72 -4.33 2.57 -7.12 0 -0 -38.53 22.87 27.31 0 0 0 76.11 -5.24 65.77 -132.85 51.78 -96.08 0 -0 -22.66 16.74 -14.59 -4.33 7.12 -0 -0 38.06 -41.24 4.24
6.31 15.71 26.18 -511.24 -82.86 526.06 0 0 0 -8.03 -14.19 -7.17 0 -0 -0 -0.78 15.44 -6.32 0.56 -4.79 -13.31 0 0 0 17.22 26.42 -14.98 -1.71 -8.24 23.45 0.09 -13.93 -18.69 -0.28 3.39 -9.36 2.33 0.67 -22.77 1.39 -0.12 -3.55 0.13 -0.13 8.81 5.8 5.71 -16.68 0.18 5.63 32.67 -0.05 2.88 14.14 -0 0 0 -76.6 5.29 60.72 130.5 -52.79 -94.23 -0 0 -37.98 -30.63 -4.26 2.52 -7.12 0 -0 -38.52 22.95 27.18 -0 0 0 76.1 -5.19 65.81 -132.92 51.75 -96.14 0 -0 -22.61 16.86 -14.82 -4.43 7.12 -0 -0 38.27 -41.42 4.07
6.31 15.72 26.17 -511.16 -82.81 526.03 0 0 0 -7.92 -14.13 -7.23 0 0 0 -0.78 15.45 -6.33 0.56 -4.78 -13.29 0 0 0 17.29 26.36 -15.09 -1.71 -8.24 23.44 0.08 -13.78 -18.63 -0.28 3.37 -9.32 2.33 0.61 -22.82 1.48 -0.22 -3.53 0.2 -0.18 8.86 5.88 5.72 -16.76 0.1 5.65 32.59 -0.09 2.89 14.13 0 0 0 -76.66 5.33 60.63 130.53 -52.78 -94.25 -0 0 -38.03 -30.6 -4.3 2.54 -7.12 0 -0 -38.49 22.93 27.18 0 0 0 76.06 -5.16 65.9 -133.02 51.7 -96.22 0 -0 -22.57 16.98 -14.89 -4.49 7.12 -0 -0 38.4 -41.47 4.03
6.32 15.72 26.15 -511 -82.77 525.92 0 0 0 -7.81 -14.09 -7.3 0 -0 -0 -0.78 15.46 -6.34 0.55 -4.76 -13.22 0 0 0 17.36 26.41 -15.14 -1.71 -8.23 23.42 0.08 -13.76 -18.61 -0.27 3.33 -9.19 2.34 0.6 -22.86 1.55 -0.24 -3.51 0.27 -0.19 8.91 5.78 5.67 -16.86 0.18 5.58 32.5 -0.05 2.86 14.1 0 -0 0 -76.69 5.31 60.71 130.55 -52.77 -94.26 -0 0 -38.01 -30.51 -4.33 2.55 -7.12 0 -0 -38.44 22.92 27.13 0 -0 0 76.04 -5.17 65.77 -133.1 51.67 -96.28 0 -0 -22.55 17.18 -14.92 -4.55 7.12 -0 -0 38.56 -41.46 4.07
6.33 15.72 26.14 -510.83 -82.73 525.78 0 0 0 -7.71 -14.05 -7.35 0 -0 -0 -0.79 15.48 -6.32 0.56 -4.8 -13.33 0 0 0 17.42 26.4 -15.2 -1.71 -8.23 23.41 0.07 -13.68 -18.58 -0.27 3.32 -9.17 2.38 0.62 -22.88 1.62 -0.23 -3.48 0.33 -0.19 8.95 5.68 5.6 -17.04 0.21 5.5 32.47 -0.03 2.82 14.12 0 -0 0 -76.74 5.26 60.83 130.54 -52.78 -94.26 -0 0 -37.97 -30.48 -4.33 2.55 -7.12 0 -0 -38.43 22.93 27.1 0 -0 0 76.01 -5.15 65.58 -133.14 51.65 -96.31 0 -0 -22.63 17.36 -14.94 -4.61 7.12 -0 -0 38.7 -41.46 4.09
6.33 15.72 26.13 -510.78 -82.71 525.76 0 0 0 -7.63 -14.01 -7.39 0 -0 -0 -0.79 15.48 -6.31 0.56 -4.8 -13.34 0 0 0 17.47 26.3 -15.3 -1.71 -8.22 23.4 0.06 -13.53 -18.53 -0.27 3.32 -9.18 2.37 0.58 -22.88 1.7 -0.3 -3.49 0.4 -0.22 8.95 5.62 5.59 -17.14 0.25 5.48 32.48 -0 2.81 14.14 -0 0 0 -76.79 5.3 60.82 130.54 -52.77 -94.26 -0 0 -37.93 -30.3 -4.37 2.55 -7.12 0 -0 -38.33 22.93 26.98 -0 0 0 75.98 -5.11 65.55 -133.14 51.65 -96.31 0 -0 -22.77 17.57 -14.99 -4.68 7.12 -0 -0 38.88 -41.48 4.1
6.34 15.72 26.12 -510.7 -82.68 525.7 0 0 0 -7.57 -13.99 -7.44 0 -0 -0 -0.79 15.49 -6.31 0.57 -4.82 -13.39 0 0 0 17.51 26.2 -15.39 -1.7 -8.22 23.38 0.05 -13.41 -18.44 -0.27 3.35 -9.26 2.39 0.53 -22.9 1.76 -0.37 -3.49 0.43 -0.26 8.95 5.62 5.59 -17.2 0.27 5.47 32.48 0.01 2.81 14.15 0 0 0 -76.81 5.35 60.77 130.54 -52.77 -94.26 -0 0 -37.94 -30.24 -4.29 2.5 -7.12 0 -0 -38.34 23.01 26.88 0 0 0 75.98 -5.05 65.56 -133.15 51.64 -96.32 0 -0 -22.92 17.73 -14.98 -4.73 7.12 -0 -0 38.99 -41.45 4.15
6.34 15.72 26.11 -510.63 -82.64 525.66 0 0 0 -7.5 -13.94 -7.48 0 0 0 -0.79 15.49 -6.33 0.56 -4.79 -13.3 0 0 0 17.55 26.22 -15.42 -1.7 -8.21 23.36 0.05 -13.39 -18.42 -0.27 3.34 -9.24 2.45 0.56 -22.93 1.78 -0.35 -3.48 0.42 -0.25 8.98 5.56 5.53 -17.34 0.35 5.37 32.46 0.03 2.77 14.17 0 -0 0 -76.76 5.3 60.87 130.53 -52.78 -94.25 -0 0 -38.02 -30.07 -4.28 2.48 -7.12 0 -0 -38.27 23.06 26.73 0 -0 0 76.01 -5.02 65.45 -133.17 51.64 -96.33 0 -0 -23.01 17.82 -15.03 -4.76 7.12 -0 -0 39.08 -41.48 4.13
6.34 15.72 26.11 -510.72 -82.61 525.75 0 0 0 -7.47 -13.9 -7.5 0 0 0 -0.79 15.49 -6.35 0.55 -4.74 -13.17 0 0 0 17.56 26.26 -15.43 -1.7 -8.21 23.36 0.04 -13.35 -18.45 -0.26 3.28 -9.07 2.47 0.58 -22.92 1.81 -0.33 -3.49 0.45 -0.24 8.96 5.45 5.46 -17.4 0.47 5.27 32.38 0.09 2.73 14.14 0 -0 0 -76.76 5.28 60.95 130.52 -52.78 -94.24 -0 0 -38.06 -29.94 -4.36 2.51 -7.12 0 -0 -38.18 23.02 26.68 0 -0 0 75.99 -5.04 65.4 -133.22 51.61 -96.38 0 -0 -23.05 17.9 -15.08 -4.8 7.12 -0 -0 39.16 -41.51 4.1
6.35 15.72 26.11 -510.94 -82.59 525.98 0 0 0 -7.48 -13.88 -7.52 0 -0 -0 -0.79 15.48 -6.36 0.54 -4.72 -13.11 0 0 0 17.53 26.31 -15.46 -1.7 -8.22 23.39 0.04 -13.33 -18.49 -0.25 3.24 -8.95 2.44 0.57 -22.88 1.85 -0.34 -3.51 0.51 -0.25 8.92 5.46 5.42 -17.51 0.43 5.22 32.33 0.06 2.71 14.14 0 -0 0 -76.81 5.29 60.99 130.51 -52.79 -94.23 -0 0 -38.05 -29.94 -4.45 2.56 -7.12 0 -0 -38.15 22.94 26.75 0 -0 0 75.92 -5.06 65.42 -133.28 51.58 -96.42 0 -0 -23.04 17.9 -15.14 -4.82 7.12 -0 -0 39.19 -41.56 4.05
6.35 15.72 26.11 -511.14 -82.57 526.18 0 0 0 -7.5 -13.86 -7.53 0 -0 -0 -0.79 15.49 -6.35 0.54 -4.72 -13.11 0 0 0 17.5 26.32 -15.51 -1.71 -8.23 23.42 0.03 -13.29 -18.52 -0.25 3.19 -8.82 2.47 0.57 -22.86 1.85 -0.36 -3.52 0.49 -0.25 8.89 5.43 5.38 -17.59 0.51 5.15 32.22 0.09 2.69 14.1 -0 -0 0 -76.79 5.32 61.01 130.5 -52.79 -94.22 -0 0 -38.12 -29.89 -4.43 2.54 -7.12 0 -0 -38.13 22.97 26.69 -0 -0 0 75.9 -5.1 65.48 -133.3 51.57 -96.44 0 -0 -23.02 17.87 -15.23 -4.84 7.12 -0 -0 39.22 -41.64 3.96
6.35 15.72 26.11 -511.35 -82.58 526.41 0 0 0 -7.54 -13.87 -7.56 0 0 0 -0.79 15.5 -6.33 0.55 -4.75 -13.19 0 0 0 17.45 26.31 -15.56 -1.71 -8.24 23.46 0.03 -13.28 -18.52 -0.25 3.19 -8.81 2.49 0.57 -22.82 1.84 -0.36 -3.56 0.46 -0.25 8.84 5.36 5.35 -17.67 0.65 5.08 32.1 0.14 2.67 14.06 0 -0 0 -76.75 5.37 61.05 130.5 -52.79 -94.22 -0 0 -38.16 -29.89 -4.34 2.49 -7.12 0 -0 -38.17 23.05 26.62 0 -0 0 75.9 -5.16 65.53 -133.28 51.58 -96.42 0 -0 -23.04 17.81 -15.25 -4.83 7.12 -0 -0 39.19 -41.66 3.92
6.36 15.72 26.11 -511.54 -82.59 526.6 0 0 0 -7.58 -13.89 -7.58 0 -0 -0 -0.79 15.52 -6.3 0.56 -4.77 -13.26 0 0 0 17.39 26.32 -15.59 -1.72 -8.25 23.49 0.03 -13.29 -18.54 -0.25 3.21 -8.85 2.49 0.55 -22.77 1.85 -0.37 -3.58 0.47 -0.26 8.78 5.36 5.32 -17.77 0.63 5.04 32.01 0.13 2.66 14.04 0 0 0 -76.76 5.42 61.06 130.5 -52.79 -94.22 -0 0 -38.2 -29.84 -4.25 2.44 -7.12 0 -0 -38.17 23.14 26.52 0 0 0 75.87 -5.19 65.56 -133.24 51.6 -96.39 0 -0 -23.1 17.78 -15.26 -4.82 7.12 -0 -0 39.17 -41.67 3.91
6.36 15.72 26.12 -511.75 -82.61 526.79 0 0 0 -7.63 -13.91 -7.58 0 0 0 -0.79 15.5 -6.3 0.54 -4.72 -13.13 0 0 0 17.34 26.29 -15.62 -1.72 -8.26 23.52 0.02 -13.26 -18.56 -0.25 3.21 -8.85 2.49 0.54 -22.72 1.86 -0.4 -3.6 0.48 -0.27 8.73 5.25 5.29 -17.85 0.69 5.03 31.88 0.17 2.65 13.99 -0 0 0 -76.78 5.45 61.05 130.5 -52.79 -94.23 -0 0 -38.23 -29.81 -4.19 2.4 -7.12 0 -0 -38.18 23.2 26.45 -0 0 0 75.83 -5.18 65.61 -133.23 51.61 -96.38 0 -0 -23.13 17.78 -15.3 -4.84 7.12 -0 -0 39.2 -41.71 3.87
6.36 15.72 26.13 -512.07 -82.64 527.11 0 0 0 -7.71 -13.94 -7.59 0 0 0 -0.79 15.51 -6.29 0.54 -4.73 -13.13 0 0 0 17.25 26.34 -15.62 -1.73 -8.27 23.55 0.03 -13.31 -18.62 -0.24 3.17 -8.76 2.49 0.53 -22.67 1.86 -0.4 -3.62 0.48 -0.27 8.69 5.12 5.27 -17.91 0.77 5.02 31.72 0.22 2.64 13.93 -0 0 0 -76.78 5.46 61.07 130.51 -52.79 -94.24 -0 0 -38.26 -29.74 -4.2 2.4 -7.12 0 -0 -38.14 23.21 26.39 -0 0 0 75.81 -5.18 65.62 -133.21 51.61 -96.37 0 -0 -23.16 17.81 -15.32 -4.85 7.12 -0 -0 39.23 -41.72 3.86
6.36 15.72 26.14 -512.4 -82.64 527.45 0 0 0 -7.8 -13.95 -7.6 0 -0 -0 -0.79 15.53 -6.25 0.55 -4.77 -13.25 0 0 0 17.16 26.42 -15.62 -1.73 -8.28 23.58 0.03 -13.39 -18.67 -0.24 3.18 -8.77 2.48 0.53 -22.65 1.86 -0.39 -3.63 0.49 -0.28 8.67 5.05 5.26 -17.97 0.76 5.05 31.58 0.24 2.65 13.87 -0 -0 0 -76.8 5.47 61.07 130.5 -52.79 -94.23 -0 0 -38.26 -29.87 -4.12 2.36 -7.12 0 -0 -38.22 23.25 26.44 -0 -0 0 75.77 -5.16 65.65 -133.2 51.62 -96.36 0 -0 -23.25 17.82 -15.36 -4.86 7.12 -0 -0 39.25 -41.75 3.83
6.36 15.72 26.15 -512.78 -82.66 527.82 0 0 0 -7.9 -13.97 -7.6 0 -0 -0 -0.79 15.53 -6.25 0.55 -4.75 -13.18 0 0 0 17.06 26.46 -15.61 -1.74 -8.29 23.61 0.04 -13.47 -18.7 -0.25 3.22 -8.88 2.49 0.55 -22.63 1.83 -0.37 -3.63 0.45 -0.26 8.65 5.11 5.27 -18.05 0.68 5.07 31.46 0.2 2.66 13.84 -0 -0 0 -76.76 5.47 61.1 130.49 -52.79 -94.22 -0 0 -38.26 -29.96 -4.01 2.31 -7.12 0 -0 -38.3 23.33 26.44 -0 -0 0 75.8 -5.17 65.63 -133.18 51.63 -96.34 0 -0 -23.3 17.79 -15.34 -4.85 7.12 -0 -0 39.23 -41.74 3.83
6.36 15.72 26.16 -513.14 -82.68 528.17 0 0 0 -8 -14 -7.59 0 0 0 -0.79 15.53 -6.23 0.56 -4.78 -13.27 0 0 0 16.96 26.47 -15.63 -1.74 -8.31 23.66 0.03 -13.47 -18.76 -0.25 3.19 -8.8 2.47 0.55 -22.61 1.82 -0.36 -3.64 0.45 -0.26 8.63 5.1 5.28 -18.11 0.63 5.11 31.35 0.19 2.67 13.81 0 0 0 -76.76 5.47 61.12 130.49 -52.8 -94.22 -0 0 -38.28 -29.92 -4.06 2.34 -7.12 0 -0 -38.27 23.29 26.44 0 0 0 75.78 -5.19 65.63 -133.18 51.63 -96.34 0 -0 -23.28 17.78 -15.3 -4.84 7.12 -0 -0 39.19 -41.7 3.87
6.35 15.72 26.17 -513.44 -82.7 528.47 0 0 0 -8.1 -14.03 -7.59 0 -0 -0 -0.79 15.53 -6.22 0.56 -4.78 -13.27 0 0 0 16.86 26.52 -15.62 -1.75 -8.32 23.69 0.04 -13.54 -18.83 -0.24 3.16 -8.73 2.44 0.54 -22.59 1.81 -0.36 -3.64 0.47 -0.26 8.62 5.1 5.3 -18.18 0.58 5.16 31.26 0.18 2.69 13.79 0 -0 0 -76.77 5.49 61.1 130.49 -52.8 -94.22 -0 0 -38.28 -29.78 -4.14 2.37 -7.12 0 -0 -38.18 23.25 26.39 0 -0 0 75.74 -5.19 65.67 -133.19 51.63 -96.35 0 -0 -23.25 17.8 -15.22 -4.82 7.12 -0 -0 39.17 -41.64 3.95
6.35 15.72 26.18 -513.83 -82.74 528.85 0 0 0 -8.23 -14.07 -7.56 0 -0 -0 -0.79 15.53 -6.23 0.55 -4.75 -13.19 0 0 0 16.74 26.64 -15.55 -1.75 -8.33 23.71 0.05 -13.7 -18.9 -0.24 3.18 -8.77 2.39 0.54 -22.59 1.79 -0.36 -3.65 0.47 -0.26 8.61 5.15 5.31 -18.23 0.53 5.18 31.17 0.16 2.7 13.77 0 -0 0 -76.75 5.49 61.12 130.49 -52.8 -94.21 -0 0 -38.28 -29.9 -4.04 2.32 -7.12 0 -0 -38.27 23.32 26.41 0 -0 0 75.74 -5.2 65.67 -133.17 51.63 -96.34 0 -0 -23.27 17.85 -15.15 -4.81 7.12 -0 -0 39.17 -41.57 4.03
6.34 15.72 26.2 -514.15 -82.78 529.16 0 0 0 -8.36 -14.12 -7.54 0 0 0 -0.79 15.54 -6.21 0.57 -4.82 -13.39 0 0 0 16.63 26.69 -15.5 -1.75 -8.33 23.73 0.06 -13.82 -18.93 -0.25 3.23 -8.91 2.38 0.55 -22.6 1.74 -0.33 -3.66 0.43 -0.25 8.61 5.14 5.3 -18.3 0.57 5.16 31.08 0.17 2.7 13.74 0 -0 0 -76.68 5.47 61.15 130.48 -52.8 -94.21 -0 0 -38.33 -29.97 -4.02 2.32 -7.12 0 -0 -38.3 23.32 26.45 0 -0 0 75.82 -5.22 65.61 -133.13 51.65 -96.31 0 -0 -23.28 18 -15.14 -4.85 7.12 -0 -0 39.27 -41.55 4.07
6.34 15.72 26.22 -514.43 -82.82 529.44 0 0 0 -8.48 -14.17 -7.52 0 -0 -0 -0.79 15.54 -6.24 0.55 -4.77 -13.25 0 0 0 16.52 26.71 -15.46 -1.75 -8.33 23.73 0.07 -13.91 -18.96 -0.26 3.26 -9 2.32 0.54 -22.61 1.73 -0.33 -3.68 0.45 -0.25 8.58 5.11 5.29 -18.36 0.55 5.17 31.03 0.17 2.7 13.73 -0 -0 0 -76.67 5.48 61.17 130.47 -52.8 -94.2 -0 0 -38.39 -29.95 -4.1 2.36 -7.12 0 -0 -38.27 23.25 26.5 -0 -0 0 75.83 -5.25 65.61 -133.07 51.68 -96.26 0 -0 -23.31 17.98 -15.18 -4.86 7.12 -0 -0 39.27 -41.58 4.03
6.33 15.72 26.23 -514.65 -82.86 529.66 0 0 0 -8.59 -14.22 -7.51 0 -0 -0 -0.79 15.54 -6.24 0.56 -4.8 -13.33 0 0 0 16.42 26.85 -15.37 -1.75 -8.33 23.71 0.09 -14.1 -19.01 -0.26 3.28 -9.06 2.26 0.52 -22.62 1.75 -0.35 -3.7 0.5 -0.26 8.57 5 5.28 -18.44 0.59 5.19 30.96 0.21 2.7 13.71 0 0 0 -76.73 5.47 61.16 130.43 -52.82 -94.17 -0 0 -38.45 -29.79 -3.97 2.27 -7.12 0 -0 -38.24 23.41 26.26 0 0 0 75.78 -5.25 65.65 -133.04 51.7 -96.23 0 -0 -23.34 17.97 -15.16 -4.85 7.12 -0 -0 39.26 -41.57 4.04
6.32 15.72 26.25 -515.09 -82.89 530.1 0 0 0 -8.75 -14.27 -7.48 0 -0 -0 -0.79 15.54 -6.22 0.57 -4.84 -13.44 0 0 0 16.28 26.91 -15.32 -1.75 -8.33 23.71 0.1 -14.21 -19.07 -0.26 3.3 -9.13 2.18 0.5 -22.64 1.75 -0.35 -3.7 0.54 -0.26 8.59 4.93 5.27 -18.56 0.58 5.19 30.89 0.22 2.69 13.71 0 0 0 -76.74 5.41 61.18 130.4 -52.83 -94.15 -0 0 -38.5 -29.77 -3.92 2.24 -7.12 0 -0 -38.24 23.45 26.21 0 0 0 75.72 -5.23 65.65 -133.03 51.7 -96.22 0 -0 -23.39 17.98 -15.2 -4.87 7.12 -0 -0 39.29 -41.6 4.01
6.31 15.72 26.27 -515.58 -82.9 530.6 0 0 0 -8.9 -14.3 -7.47 0 0 0 -0.79 15.53 -6.24 0.56 -4.81 -13.36 0 0 0 16.13 27.03 -15.27 -1.75 -8.33 23.73 0.11 -14.38 -19.11 -0.28 3.38 -9.33 2.11 0.51 -22.67 1.7 -0.32 -3.69 0.54 -0.25 8.61 4.97 5.26 -18.68 0.54 5.18 30.79 0.2 2.69 13.69 -0 0 0 -76.69 5.33 61.22 130.36 -52.85 -94.11 -0 0 -38.56 -29.84 -3.92 2.24 -7.12 0 -0 -38.28 23.44 26.26 -0 0 0 75.77 -5.19 65.61 -133 51.71 -96.2 0 -0 -23.43 18.07 -15.24 -4.9 7.12 -0 -0 39.38 -41.62 4
6.3 15.72 26.29 -516.09 -82.9 531.09 0 0 0 -9.06 -14.3 -7.42 0 -0 -0 -0.79 15.52 -6.27 0.55 -4.77 -13.25 0 0 0 16 27.15 -15.19 -1.76 -8.34 23.75 0.13 -14.51 -19.17 -0.28 3.38 -9.33 2.05 0.53 -22.68 1.65 -0.28 -3.67 0.53 -0.23 8.64 5.01 5.25 -18.78 0.56 5.15 30.68 0.2 2.69 13.67 -0 -0 0 -76.61 5.28 61.28 130.32 -52.86 -94.08 -0 0 -38.6 -29.74 -3.83 2.18 -7.12 0 -0 -38.26 23.54 26.12 -0 -0 0 75.84 -5.18 65.58 -132.95 51.73 -96.16 0 -0 -23.47 18.11 -15.27 -4.92 7.12 -0 -0 39.42 -41.64 3.98
6.29 15.72 26.31 -516.68 -82.9 531.68 0 0 0 -9.23 -14.31 -7.39 0 0 0 -0.79 15.52 -6.28 0.55 -4.75 -13.21 0 0 0 15.85 27.22 -15.15 -1.76 -8.34 23.75 0.13 -14.6 -19.21 -0.28 3.41 -9.42 1.99 0.54 -22.7 1.59 -0.23 -3.67 0.52 -0.21 8.65 4.92 5.22 -18.83 0.72 5.09 30.53 0.27 2.68 13.6 -0 0 0 -76.54 5.25 61.34 130.29 -52.88 -94.06 -0 0 -38.67 -29.66 -3.88 2.21 -7.12 0 -0 -38.21 23.51 26.09 -0 0 0 75.85 -5.2 65.58 -132.93 51.74 -96.15 0 -0 -23.49 18.02 -15.22 -4.88 7.12 -0 -0 39.33 -41.61 4.01
6.29 15.72 26.34 -517.19 -82.91 532.21 0 0 0 -9.39 -14.34 -7.39 0 -0 -0 -0.79 15.51 -6.29 0.55 -4.75 -13.19 0 0 0 15.69 27.36 -15.09 -1.76 -8.34 23.75 0.15 -14.76 -19.29 -0.29 3.46 -9.55 1.94 0.57 -22.71 1.53 -0.18 -3.69 0.49 -0.18 8.62 4.84 5.17 -18.9 0.85 5.02 30.42 0.32 2.66 13.56 -0 -0 0 -76.5 5.22 61.42 130.25 -52.9 -94.02 -0 0 -38.75 -29.78 -3.76 2.15 -7.12 0 -0 -38.3 23.59 26.1 -0 -0 0 75.88 -5.26 65.52 -132.91 51.75 -96.13 0 -0 -23.46 18.02 -15.12 -4.85 7.12 -0 -0 39.27 -41.53 4.1
6.28 15.72 26.36 -517.79 -82.9 532.82 0 0 0 -9.57 -14.34 -7.36 0 0 0 -0.79 15.48 -6.33 0.54 -4.7 -13.07 0 0 0 15.52 27.52 -15.02 -1.76 -8.35 23.77 0.16 -14.92 -19.38 -0.28 3.42 -9.45 1.87 0.58 -22.73 1.49 -0.15 -3.7 0.5 -0.17 8.63 4.91 5.16 -19.03 0.78 4.99 30.39 0.28 2.65 13.58 0 0 0 -76.49 5.18 61.45 130.2 -52.91 -93.99 -0 0 -38.8 -29.77 -3.73 2.13 -7.12 0 -0 -38.31 23.62 26.07 0 0 0 75.91 -5.28 65.49 -132.84 51.78 -96.07 0 -0 -23.43 17.95 -15.09 -4.82 7.12 -0 -0 39.21 -41.51 4.11
6.26 15.72 26.38 -518.41 -82.88 533.42 0 0 0 -9.75 -14.33 -7.32 0 -0 -0 -0.78 15.46 -6.39 0.52 -4.64 -12.87 0 0 0 15.37 27.71 -14.92 -1.76 -8.35 23.79 0.18 -15.12 -19.46 -0.29 3.46 -9.57 1.74 0.58 -22.71 1.48 -0.12 -3.74 0.56 -0.16 8.57 4.83 5.12 -19.07 0.83 4.95 30.32 0.3 2.63 13.56 0 -0 0 -76.55 5.18 61.47 130.17 -52.93 -93.96 -0 0 -38.84 -29.75 -3.74 2.14 -7.12 0 -0 -38.3 23.62 26.06 0 -0 0 75.86 -5.33 65.49 -132.8 51.8 -96.04 0 -0 -23.49 17.96 -15.16 -4.84 7.12 -0 -0 39.25 -41.57 4.04
6.25 15.72 26.41 -519.02 -82.86 534.03 0 0 0 -9.93 -14.32 -7.27 0 -0 -0 -0.78 15.44 -6.46 0.5 -4.55 -12.62 0 0 0 15.2 27.8 -14.86 -1.76 -8.36 23.8 0.19 -15.22 -19.51 -0.3 3.49 -9.66 1.65 0.59 -22.71 1.44 -0.08 -3.76 0.59 -0.14 8.55 4.75 5.07 -19.13 0.91 4.88 30.23 0.34 2.6 13.52 -0 0 0 -76.56 5.15 61.5 130.14 -52.94 -93.94 -0 0 -38.88 -29.88 -3.57 2.05 -7.12 0 -0 -38.41 23.74 26.04 -0 0 0 75.87 -5.35 65.43 -132.75 51.83 -96 0 -0 -23.57 18.03 -15.21 -4.88 7.12 -0 -0 39.33 -41.6 4.02
6.24 15.72 26.43 -519.66 -82.84 534.68 0 0 0 -10.12 -14.32 -7.25 0 0 0 -0.78 15.44 -6.48 0.5 -4.55 -12.63 0 0 0 15.04 27.96 -14.79 -1.77 -8.36 23.83 0.21 -15.4 -19.57 -0.3 3.53 -9.76 1.57 0.58 -22.75 1.38 -0.06 -3.76 0.58 -0.14 8.57 4.7 5.05 -19.22 1.01 4.84 30.15 0.38 2.59 13.5 0 -0 0 -76.52 5.1 61.48 130.11 -52.95 -93.91 -0 0 -38.95 -29.95 -3.58 2.06 -7.12 0 -0 -38.44 23.72 26.1 0 -0 0 75.97 -5.32 65.4 -132.66 51.87 -95.93 0 -0 -23.6 17.96 -15.08 -4.82 7.12 -0 -0 39.21 -41.5 4.12
6.23 15.72 26.45 -520.3 -82.8 535.31 0 0 0 -10.31 -14.29 -7.2 0 0 0 -0.78 15.42 -6.51 0.51 -4.56 -12.64 0 0 0 14.88 28.13 -14.7 -1.77 -8.37 23.86 0.22 -15.53 -19.68 -0.3 3.52 -9.72 1.46 0.55 -22.74 1.37 -0.08 -3.78 0.62 -0.15 8.55 4.77 5.07 -19.28 0.9 4.88 30.09 0.33 2.61 13.5 -0 0 0 -76.55 5.15 61.41 130.09 -52.96 -93.9 -0 0 -38.95 -29.95 -3.48 2.01 -7.12 0 -0 -38.47 23.8 26.03 -0 0 0 75.93 -5.33 65.45 -132.67 51.86 -95.94 0 -0 -23.7 17.92 -15.12 -4.82 7.12 -0 -0 39.2 -41.54 4.07
6.22 15.72 26.47 -520.83 -82.75 535.83 0 0 0 -10.48 -14.26 -7.15 0 -0 -0 -0.78 15.39 -6.56 0.49 -4.5 -12.49 0 0 0 14.75 28.2 -14.65 -1.77 -8.38 23.86 0.22 -15.59 -19.73 -0.3 3.53 -9.77 1.35 0.54 -22.72 1.33 -0.07 -3.8 0.65 -0.14 8.51 4.79 5.07 -19.33 0.91 4.87 30.02 0.33 2.61 13.48 -0 0 0 -76.51 5.17 61.44 130.08 -52.96 -93.89 -0 0 -38.97 -30.27 -3.43 2 -7.12 0 -0 -38.63 23.78 26.25 -0 0 0 75.96 -5.4 65.42 -132.69 51.85 -95.96 0 -0 -23.72 17.93 -15.14 -4.83 7.12 -0 -0 39.22 -41.56 4.05
6.21 15.72 26.5 -521.43 -82.71 536.42 0 0 0 -10.66 -14.24 -7.11 0 0 0 -0.77 15.37 -6.61 0.48 -4.44 -12.32 0 0 0 14.59 28.25 -14.61 -1.78 -8.38 23.89 0.22 -15.65 -19.76 -0.31 3.6 -9.94 1.24 0.54 -22.7 1.28 -0.03 -3.83 0.66 -0.13 8.47 4.86 5.07 -19.34 0.9 4.85 29.94 0.31 2.61 13.45 0 -0 0 -76.45 5.19 61.51 130.06 -52.97 -93.88 -0 0 -39 -30.21 -3.41 1.98 -7.12 0 -0 -38.61 23.81 26.18 0 -0 0 76.08 -5.5 65.37 -132.66 51.87 -95.93 0 -0 -23.67 17.91 -15.14 -4.83 7.12 -0 -0 39.21 -41.56 4.05
6.2 15.72 26.52 -522.06 -82.68 537.03 0 0 0 -10.85 -14.21 -7.06 0 0 0 -0.77 15.36 -6.66 0.47 -4.39 -12.17 0 0 0 14.45 28.38 -14.54 -1.78 -8.39 23.91 0.23 -15.76 -19.84 -0.31 3.61 -9.97 1.07 0.49 -22.71 1.27 -0.05 -3.84 0.75 -0.14 8.46 4.89 5.08 -19.31 0.86 4.88 29.79 0.3 2.62 13.38 -0 -0 0 -76.47 5.19 61.5 130.04 -52.98 -93.85 -0 0 -39.04 -30.41 -3.31 1.94 -7.12 0 -0 -38.73 23.86 26.27 -0 -0 0 76.08 -5.55 65.35 -132.64 51.87 -95.92 0 -0 -23.71 17.92 -15.08 -4.81 7.12 -0 -0 39.18 -41.51 4.1
6.18 15.72 26.54 -522.57 -82.62 537.53 0 0 0 -11.01 -14.17 -7.01 0 0 0 -0.77 15.36 -6.69 0.46 -4.37 -12.13 0 0 0 14.32 28.41 -14.48 -1.78 -8.39 23.91 0.23 -15.79 -19.88 -0.32 3.62 -10.01 0.92 0.48 -22.7 1.25 -0.03 -3.86 0.81 -0.14 8.43 4.92 5.08 -19.28 0.82 4.89 29.65 0.27 2.63 13.32 0 -0 0 -76.47 5.17 61.53 130.01 -52.99 -93.84 -0 0 -39.1 -30.75 -3.3 1.96 -7.12 0 -0 -38.89 23.79 26.55 0 -0 0 76.05 -5.63 65.34 -132.69 51.85 -95.96 0 -0 -23.76 17.86 -15.08 -4.79 7.12 -0 -0 39.14 -41.51 4.09
6.17 15.72 26.56 -523.09 -82.58 538.03 0 0 0 -11.19 -14.14 -6.95 0 -0 -0 -0.77 15.34 -6.72 0.46 -4.35 -12.07 0 0 0 14.19 28.42 -14.43 -1.78 -8.39 23.91 0.23 -15.8 -19.9 -0.32 3.66 -10.13 0.82 0.48 -22.69 1.19 -0 -3.89 0.81 -0.13 8.4 4.95 5.06 -19.26 0.85 4.85 29.54 0.27 2.62 13.27 -0 0 0 -76.41 5.17 61.59 130.01 -52.99 -93.84 -0 0 -39.16 -30.68 -3.25 1.92 -7.12 0 -0 -38.88 23.86 26.45 -0 0 0 76.09 -5.74 65.26 -132.73 51.83 -95.99 0 -0 -23.77 17.78 -15.1 -4.78 7.12 -0 -0 39.09 -41.54 4.05
6.16 15.72 26.58 -523.57 -82.54 538.5 0 0 0 -11.35 -14.11 -6.89 0 0 0 -0.77 15.32 -6.8 0.44 -4.26 -11.81 0 0 0 14.07 28.43 -14.36 -1.78 -8.39 23.9 0.24 -15.86 -19.89 -0.34 3.77 -10.43 0.69 0.46 -22.72 1.14 0.01 -3.9 0.84 -0.12 8.4 4.97 5.05 -19.21 0.9 4.82 29.41 0.28 2.61 13.2 0 0 0 -76.38 5.15 61.62 130 -53 -93.83 -0 0 -39.21 -30.84 -3.16 1.89 -7.12 0 -0 -38.97 23.89 26.52 0 0 0 76.16 -5.81 65.18 -132.74 51.83 -96 0 -0 -23.72 17.79 -15.12 -4.78 7.12 -0 -0 39.11 -41.55 4.04
6.14 15.72 26.6 -524.08 -82.48 538.99 0 0 0 -11.53 -14.06 -6.82 0 0 0 -0.77 15.31 -6.85 0.44 -4.25 -11.78 0 0 0 13.95 28.61 -14.23 -1.78 -8.39 23.89 0.26 -16.03 -19.97 -0.35 3.81 -10.54 0.58 0.44 -22.78 1.08 0.01 -3.91 0.83 -0.13 8.42 5.08 5.06 -19.17 0.89 4.8 29.31 0.25 2.62 13.15 -0 0 0 -76.33 5.14 61.56 129.99 -53 -93.82 -0 0 -39.22 -30.89 -3.11 1.86 -7.12 0 -0 -39.01 23.93 26.52 -0 0 0 76.27 -5.84 65.16 -132.72 51.84 -95.98 0 -0 -23.71 17.91 -15.21 -4.85 7.12 -0 -0 39.24 -41.62 3.98
6.12 15.72 26.62 -524.63 -82.41 539.53 0 0 0 -11.7 -14.01 -6.76 0 0 0 -0.76 15.29 -6.89 0.44 -4.26 -11.81 0 0 0 13.83 28.74 -14.14 -1.78 -8.39 23.91 0.27 -16.13 -20.04 -0.36 3.83 -10.59 0.48 0.45 -22.85 1.01 0.05 -3.92 0.83 -0.11 8.44 5.09 5.02 -19.13 0.95 4.73 29.21 0.26 2.6 13.1 0 0 0 -76.3 5.1 61.59 130 -53 -93.82 -0 0 -39.17 -31.01 -3.05 1.83 -7.12 0 -0 -39.08 23.95 26.58 0 0 0 76.34 -5.92 65.13 -132.71 51.84 -95.98 0 -0 -23.68 17.93 -15.21 -4.85 7.12 -0 -0 39.26 -41.62 3.99
6.11 15.72 26.64 -525.49 -82.35 540.38 0 0 0 -11.93 -13.95 -6.68 0 0 0 -0.76 15.27 -6.95 0.44 -4.24 -11.75 0 0 0 13.65 28.73 -14.11 -1.79 -8.4 23.95 0.26 -16.08 -20.1 -0.36 3.87 -10.71 0.34 0.48 -22.9 0.91 0.13 -3.95 0.82 -0.08 8.44 5.08 4.96 -19.1 1 4.63 29.11 0.26 2.56 13.05 -0 0 0 -76.22 5.07 61.69 130.04 -52.98 -93.86 -0 0 -39.18 -31.05 -2.95 1.77 -7.12 0 -0 -39.14 24.04 26.53 -0 0 0 76.4 -6.01 65.07 -132.74 51.83 -96 0 -0 -23.63 17.86 -15.18 -4.82 7.12 -0 -0 39.19 -41.6 4
6.09 15.71 26.67 -526.48 -82.28 541.32 0 0 0 -12.2 -13.89 -6.58 0 0 0 -0.76 15.24 -7.03 0.42 -4.16 -11.52 0 0 0 13.46 28.73 -14.05 -1.8 -8.43 24.02 0.25 -16.08 -20.15 -0.38 3.95 -10.92 0.23 0.49 -22.91 0.82 0.18 -3.98 0.79 -0.06 8.41 5.09 4.93 -19.07 1.03 4.59 29 0.26 2.55 13 0 0 0 -76.16 5.09 61.73 130.11 -52.95 -93.91 -0 0 -39.18 -31.02 -2.95 1.77 -7.12 0 -0 -39.12 24.04 26.5 0 0 0 76.45 -6.09 65.09 -132.76 51.82 -96.01 0 -0 -23.6 17.78 -15.16 -4.8 7.12 -0 -0 39.13 -41.59 4
6.07 15.71 26.69 -527.33 -82.18 542.13 0 0 0 -12.44 -13.8 -6.48 0 0 0 -0.75 15.22 -7.08 0.41 -4.12 -11.42 0 0 0 13.3 28.96 -13.9 -1.8 -8.44 24.06 0.27 -16.28 -20.25 -0.39 3.99 -11.05 0.19 0.52 -22.92 0.72 0.24 -4.02 0.73 -0.03 8.37 5.03 4.91 -18.95 1.07 4.58 28.8 0.27 2.54 12.89 -0 -0 0 -76.05 5.1 61.78 130.23 -52.9 -94.01 -0 0 -39.2 -31.05 -2.84 1.71 -7.12 0 -0 -39.17 24.13 26.44 -0 -0 0 76.48 -6.19 65.16 -132.71 51.84 -95.98 0 -0 -23.53 17.58 -15.04 -4.7 7.12 -0 -0 38.91 -41.52 4.05
6.06 15.71 26.71 -528.15 -82.08 542.88 0 0 0 -12.7 -13.71 -6.36 0 -0 -0 -0.75 15.2 -7.13 0.41 -4.09 -11.33 0 0 0 13.14 29.1 -13.77 -1.81 -8.46 24.12 0.28 -16.4 -20.31 -0.4 4.05 -11.21 0.18 0.59 -22.89 0.6 0.34 -4.05 0.64 0.02 8.32 5.1 4.9 -18.77 0.96 4.6 28.54 0.22 2.55 12.75 -0 -0 0 -75.86 5.08 61.96 130.38 -52.84 -94.13 -0 0 -39.08 -30.78 -2.77 1.65 -7.12 0 -0 -39.08 24.26 26.16 -0 -0 0 76.43 -6.36 65.3 -132.7 51.84 -95.97 0 -0 -23.28 17 -14.76 -4.45 7.12 -0 -0 38.34 -41.35 4.16
6.04 15.71 26.74 -529.11 -81.98 543.74 0 0 0 -12.99 -13.62 -6.21 0 -0 -0 -0.75 15.19 -7.18 0.4 -4.05 -11.21 0 0 0 12.97 29.06 -13.69 -1.82 -8.49 24.2 0.27 -16.34 -20.34 -0.41 4.12 -11.43 0.16 0.63 -22.81 0.51 0.41 -4.06 0.57 0.05 8.27 5.16 4.93 -18.57 0.84 4.69 28.21 0.17 2.58 12.58 0 -0 0 -75.67 5.04 62.18 130.55 -52.77 -94.26 -0 0 -38.83 -29.98 -3.04 1.75 -7.12 0 -0 -38.63 24.19 25.72 0 -0 0 76.22 -6.5 65.66 -132.75 51.82 -96.01 0 -0 -22.84 16.03 -14.47 -4.11 7.12 -0 -0 37.48 -41.23 4.16
6.03 15.71 26.76 -530.13 -81.88 544.64 0 0 0 -13.29 -13.51 -6.03 0 0 0 -0.75 15.17 -7.22 0.4 -4.05 -11.22 0 0 0 12.8 29.07 -13.57 -1.84 -8.52 24.3 0.28 -16.38 -20.35 -0.44 4.26 -11.8 0.12 0.62 -22.73 0.44 0.41 -4.06 0.51 0.06 8.23 5.31 5.06 -18.29 0.65 4.91 27.84 0.1 2.67 12.39 -0 -0 0 -75.39 5.07 62.33 130.78 -52.68 -94.44 -0 0 -38.43 -28.96 -3.58 1.98 -7.12 0 -0 -37.98 23.92 25.31 -0 -0 0 75.9 -6.57 66.26 -132.8 51.8 -96.04 0 -0 -22.09 15.23 -14.26 -3.84 7.12 -0 -0 36.78 -41.14 4.15
6.01 15.7 26.79 -531.09 -81.79 545.48 0 0 0 -13.6 -13.43 -5.87 0 -0 -0 -0.75 15.16 -7.27 0.39 -4.02 -11.14 0 0 0 12.62 29.09 -13.46 -1.85 -8.55 24.4 0.27 -16.39 -20.42 -0.45 4.32 -11.98 0.14 0.65 -22.66 0.35 0.46 -4.03 0.42 0.08 8.22 5.47 5.18 -18.06 0.39 5.15 27.47 0 2.76 12.21 -0 0 0 -75.06 5.05 62.64 131.03 -52.57 -94.64 -0 0 -37.91 -28.53 -4.21 2.29 -7.12 0 -0 -37.58 23.45 25.43 -0 0 0 75.53 -6.57 66.73 -132.93 51.74 -96.15 0 -0 -21.79 14.76 -14.07 -3.67 7.12 -0 -0 36.34 -41.04 4.2
6 15.7 26.81 -532.08 -81.72 546.36 0 0 0 -13.91 -13.37 -5.71 0 -0 -0 -0.75 15.16 -7.3 0.4 -4.04 -11.18 0 0 0 12.43 29.15 -13.33 -1.87 -8.58 24.5 0.27 -16.42 -20.54 -0.45 4.32 -11.98 0.17 0.72 -22.58 0.24 0.56 -4 0.3 0.13 8.22 5.55 5.27 -17.84 0.22 5.34 27.08 -0.06 2.84 12.03 -0 -0 0 -74.61 5.04 63.18 131.35 -52.44 -94.9 -0 0 -37.05 -27.48 -5.18 2.69 -7.12 0 -0 -36.77 22.77 25.31 -0 -0 0 75.24 -6.59 67.03 -133.09 51.67 -96.28 0 -0 -21.65 14.38 -13.67 -3.47 7.12 -0 -0 35.86 -40.74 4.43
5.99 15.7 26.84 -533.16 -81.67 547.34 0 0 0 -14.22 -13.33 -5.57 0 -0 -0 -0.74 15.14 -7.33 0.39 -4.03 -11.16 0 0 0 12.22 29.18 -13.22 -1.88 -8.62 24.61 0.26 -16.46 -20.65 -0.46 4.36 -12.09 0.15 0.68 -22.49 0.17 0.51 -3.98 0.23 0.11 8.19 5.82 5.49 -17.59 -0.09 5.69 26.76 -0.17 2.99 11.88 -0 -0 0 -74.09 5.2 63.58 131.78 -52.25 -95.24 -0 0 -35.69 -27.16 -5.75 2.94 -7.12 0 -0 -36.45 22.33 25.46 -0 -0 0 74.83 -6.53 67.65 -133.26 51.59 -96.4 0 -0 -21.16 13.55 -13.11 -3.13 7.12 -0 -0 34.97 -40.36 4.68
5.97 15.69 26.86 -534.14 -81.61 548.25 0 0 0 -14.53 -13.3 -5.45 0 -0 -0 -0.74 15.12 -7.37 0.39 -3.99 -11.05 0 0 0 12 29.2 -13.14 -1.9 -8.65 24.7 0.26 -16.48 -20.74 -0.47 4.39 -12.19 0.21 0.68 -22.42 0.1 0.52 -3.94 0.12 0.12 8.2 5.91 5.68 -17.42 -0.27 6 26.47 -0.21 3.12 11.76 -0 -0 0 -73.55 5.32 64.06 132.22 -52.06 -95.59 -0 0 -33.96 -26.07 -6.76 3.3 -7.12 0 -0 -35.61 21.6 25.31 -0 -0 0 74.38 -6.43 68.24 -133.42 51.52 -96.53 0 -0 -20.37 12.27 -12.38 -2.67 7.12 -0 -0 33.68 -39.88 4.92
5.96 15.69 26.89 -535.17 -81.57 549.22 0 0 0 -14.83 -13.29 -5.36 0 -0 -0 -0.74 15.11 -7.39 0.38 -3.98 -11.02 0 0 0 11.76 29.3 -13.05 -1.91 -8.68 24.8 0.26 -16.59 -20.88 -0.47 4.41 -12.24 0.33 0.74 -22.33 -0.01 0.58 -3.91 -0.05 0.15 8.19 6.01 5.83 -17.37 -0.48 6.27 26.26 -0.26 3.23 11.69 -0 -0 0 -72.93 5.47 64.57 132.76 -51.82 -96.01 -0 0 -32.06 -24.05 -7.97 3.54 -7.12 0 -0 -34.25 20.83 24.59 -0 -0 0 73.96 -6.41 68.69 -133.54 51.46 -96.63 0 -0 -19.34 10.46 -11.51 -2.11 7.12 -0 -0 31.93 -39.31 5.1
5.95 15.69 26.92 -536.33 -81.51 550.33 0 0 0 -15.16 -13.29 -5.29 0 0 0 -0.74 15.08 -7.4 0.39 -3.99 -11.04 0 0 0 11.47 29.16 -13.12 -1.93 -8.72 24.93 0.24 -16.48 -20.9 -0.5 4.53 -12.56 0.22 0.7 -22.22 0.05 0.55 -3.88 0.07 0.14 8.16 6.12 6.02 -17.29 -0.87 6.64 26.06 -0.37 3.36 11.63 -0 0 0 -72.51 5.85 64.77 133.28 -51.58 -96.42 -0 0 -29.89 -20.34 -8.34 3.08 -7.12 0 -0 -32.14 20.94 22.27 -0 0 0 73.15 -6.54 69.02 -133.63 51.42 -96.69 0 -0 -18.19 7.97 -11.29 -1.57 7.12 -0 -0 29.91 -39.36 4.66
5.94 15.69 26.95 -537.33 -81.43 551.32 0 0 0 -15.45 -13.27 -5.27 0 -0 -0 -0.74 15.07 -7.4 0.39 -4.03 -11.16 0 0 0 11.19 29.41 -13.08 -1.95 -8.76 25.05 0.26 -16.7 -21.04 -0.51 4.56 -12.65 0.2 0.71 -22.08 0.02 0.57 -3.88 0.05 0.15 8.09 6.4 6.22 -17.24 -1.24 6.96 25.83 -0.5 3.49 11.57 0 -0 0 -71.83 6.61 64.47 133.67 -51.41 -96.72 -0 0 -27.98 -16.1 -7.55 2.17 -7.12 0 -0 -29.86 22.02 19.21 0 -0 0 72.41 -7 68.8 -133.63 51.42 -96.69 0 -0 -17.55 5.09 -11.95 -1.06 7.12 -0 -0 27.89 -40.21 3.62
5.93 15.69 26.98 -538.45 -81.29 552.45 0 0 0 -15.75 -13.19 -5.28 0 0 0 -0.73 15.05 -7.45 0.4 -4.04 -11.19 0 0 0 10.86 29.4 -13.25 -1.98 -8.82 25.23 0.24 -16.6 -21.06 -0.53 4.65 -12.91 0.32 0.81 -21.87 -0.14 0.7 -3.89 -0.15 0.22 7.96 6.64 6.39 -17.28 -1.44 7.18 25.55 -0.58 3.59 11.5 -0 0 0 -70.8 7.87 63.9 133.74 -51.37 -96.78 -0 0 -27.75 -14.2 -6.94 1.75 -7.12 0 -0 -28.84 22.69 17.81 -0 0 0 71.73 -7.91 68.09 -133.59 51.44 -96.66 0 -0 -18.05 4.27 -12.5 -0.93 7.12 -0 -0 27.45 -40.78 3.13
5.92 15.69 27 -539.58 -81.09 553.62 0 0 0 -16.07 -13.07 -5.3 0 -0 -0 -0.73 15.01 -7.54 0.38 -3.97 -11.01 0 0 0 10.5 29.45 -13.45 -2.01 -8.89 25.44 0.23 -16.52 -21.09 -0.55 4.73 -13.14 0.28 0.85 -21.68 -0.19 0.77 -3.89 -0.17 0.25 7.87 6.93 6.62 -17.31 -1.77 7.53 25.14 -0.69 3.74 11.39 -0 -0 0 -69.58 9.74 63.39 133.7 -51.39 -96.75 -0 0 -29.82 -13.68 -6.35 1.54 -7.12 0 -0 -28.65 23.25 17.21 -0 -0 0 70.57 -9.06 67.72 -133.45 51.51 -96.55 0 -0 -18.8 4.57 -13.29 -1.05 7.12 -0 -0 28 -41.45 2.69
5.9 15.69 27.02 -540.24 -80.9 554.4 0 0 0 -16.28 -12.95 -5.4 0 0 0 -0.72 14.96 -7.63 0.37 -3.9 -10.8 0 0 0 10.2 29.57 -13.67 -2.03 -8.93 25.57 0.22 -16.5 -21.12 -0.56 4.78 -13.27 0.26 0.9 -21.59 -0.19 0.85 -3.83 -0.13 0.29 7.89 7.26 6.91 -17.45 -2.24 7.98 24.62 -0.84 3.93 11.28 -0 0 0 -68.03 11.99 63.16 133.48 -51.49 -96.58 -0 0 -32.72 -11.4 -5.63 1.13 -7.12 0 -0 -27.35 24.02 15.64 -0 0 0 69.07 -10.36 67.65 -133.28 51.58 -96.42 0 -0 -20.99 4.03 -14.8 -1.03 7.12 -0 -0 28.17 -42.85 1.64
5.89 15.69 27.04 -540.5 -80.73 554.81 0 0 0 -16.4 -12.86 -5.55 0 0 0 -0.72 14.94 -7.61 0.39 -4 -11.07 0 0 0 9.98 29.73 -13.82 -2.03 -8.93 25.57 0.23 -16.51 -21.12 -0.56 4.78 -13.29 0.22 0.93 -21.52 -0.16 0.9 -3.74 -0.07 0.32 7.95 7.87 7.31 -17.6 -2.95 8.57 23.98 -1.1 4.17 11.17 -0 0 0 -66.07 14.58 63.17 133.13 -51.65 -96.3 -0 0 -35.49 -7.6 -5.4 0.72 -7.12 0 -0 -24.88 24.38 13.67 -0 0 0 67.19 -11.86 67.74 -133.07 51.68 -96.26 0 -0 -23.25 2.25 -14.87 -0.58 7.12 -0 -0 26.73 -43.1 1.36
5.88 15.69 27.05 -540.71 -80.6 555.12 0 0 0 -16.49 -12.78 -5.66 0 0 0 -0.72 14.91 -7.58 0.41 -4.1 -11.35 0 0 0 9.81 29.86 -13.88 -2.03 -8.92 25.55 0.23 -16.54 -21.12 -0.56 4.8 -13.34 0.13 0.92 -21.32 -0.1 0.9 -3.65 0.05 0.32 7.94 8.52 7.77 -17.66 -3.67 9.22 23.24 -1.36 4.45 11.02 0 -0 0 -63.75 17.56 63.62 132.57 -51.91 -95.86 -0 0 -37.09 -2.26 -7.26 0.29 -7.12 0 -0 -20.91 22.77 11.99 0 -0 0 64.85 -13.67 68.1 -133 51.71 -96.2 0 -0 -23.82 -0.2 -14.09 0.05 7.12 -0 -0 24.36 -42.66 1.51
5.87 15.69 27.07 -540.92 -80.53 555.35 0 0 0 -16.59 -12.75 -5.7 0 -0 -0 -0.72 14.92 -7.52 0.43 -4.2 -11.64 0 0 0 9.7 29.89 -13.91 -2.03 -8.93 25.57 0.22 -16.51 -21.15 -0.58 4.88 -13.58 0.09 0.92 -21.03 -0.1 0.93 -3.53 0.08 0.34 7.91 9.21 8.24 -17.73 -4.34 9.85 22.4 -1.61 4.72 10.85 -0 -0 0 -60.96 20.55 64.83 132.16 -52.09 -95.54 -0 0 -39 4.73 -9.66 -0.8 -7.12 0 -0 -15.77 20.43 9.64 -0 -0 0 62.22 -15.69 68.64 -133.03 51.7 -96.22 0 -0 -24.44 -3.44 -14.16 0.84 7.12 -0 -0 21.63 -43.06 1.09
5.86 15.69 27.08 -541.21 -80.48 555.7 0 0 0 -16.68 -12.74 -5.75 0 0 0 -0.72 14.91 -7.51 0.43 -4.2 -11.64 0 0 0 9.58 30.19 -13.89 -2.04 -8.95 25.63 0.26 -16.79 -21.24 -0.59 4.93 -13.7 -0.04 0.92 -20.74 -0.09 0.97 -3.44 0.17 0.36 7.85 9.86 8.74 -17.66 -5.05 10.53 21.49 -1.86 5.02 10.63 0 -0 0 -57.87 23.56 66.88 131.65 -52.31 -95.14 -0 0 -40.67 9.09 -10.64 -1.69 -7.12 0 -0 -12.66 19.34 7.95 0 -0 0 59.3 -17.99 69.46 -132.9 51.76 -96.12 0 -0 -26 -6.66 -13.8 1.6 7.12 -0 -0 18.73 -43.06 0.93
5.85 15.69 27.08 -541.1 -80.5 555.7 0 0 0 -16.66 -12.78 -5.84 0 0 0 -0.72 14.91 -7.49 0.44 -4.23 -11.73 0 0 0 9.54 30.17 -13.99 -2.04 -8.94 25.62 0.25 -16.78 -21.25 -0.59 4.92 -13.68 -0.41 0.86 -20.6 0.19 0.96 -3.3 0.68 0.34 7.92 10.07 9.17 -17.7 -5.76 11.23 20.63 -2.03 5.28 10.44 0 -0 0 -54.87 26.39 70 130.84 -52.65 -94.49 -0 0 -41.4 14.95 -10.69 -2.84 -7.12 0 -0 -8.55 18.99 5.36 0 -0 0 55.76 -20.42 70.79 -132.63 51.88 -95.91 0 -0 -26.76 -9.88 -14.44 2.49 7.12 -0 -0 16.12 -44.02 0.4
5.84 15.69 27.09 -540.7 -80.55 555.42 0 0 0 -16.59 -12.85 -5.92 0 -0 -0 -0.72 14.91 -7.49 0.44 -4.25 -11.78 0 0 0 9.55 30.17 -14.03 -2.03 -8.92 25.54 0.26 -16.81 -21.28 -0.58 4.9 -13.62 -0.27 0.96 -20.43 0.07 1.07 -3.23 0.5 0.41 7.91 10.53 9.57 -17.77 -6.21 11.75 19.85 -2.17 5.51 10.28 0 -0 0 -50.93 28.94 73.92 130.14 -52.94 -93.94 -0 0 -42.24 20.48 -10.33 -3.83 -7.12 0 -0 -4.64 18.99 2.89 0 -0 0 52.77 -23.15 72.87 -132.39 51.98 -95.72 0 -0 -27.6 -13.88 -15.54 3.79 7.12 -0 -0 12.87 -45.56 -0.18
5.83 15.69 27.09 -540.43 -80.59 555.24 0 0 0 -16.53 -12.89 -5.97 0 0 0 -0.72 14.9 -7.53 0.43 -4.23 -11.71 0 0 0 9.57 30.1 -14.08 -2.02 -8.91 25.5 0.25 -16.77 -21.27 -0.59 4.92 -13.67 -0.63 0.89 -20.41 0.33 1.06 -3.06 0.98 0.39 8.07 10.82 9.94 -17.91 -7.05 12.34 19.14 -2.41 5.71 10.18 -0 0 0 -47.8 31.25 77.92 129.41 -53.23 -93.36 -0 0 -42.3 24.8 -7.93 -3.65 -7.12 0 -0 -1.48 21.25 0.84 -0 0 0 49.03 -25.8 75.46 -132.41 51.98 -95.73 0 -0 -28.25 -17.71 -16.61 5.21 7.12 -0 -0 9.66 -47.13 -0.51
5.82 15.69 27.09 -540.44 -80.65 555.31 0 0 0 -16.52 -12.96 -5.97 0 0 0 -0.72 14.9 -7.54 0.44 -4.25 -11.79 0 0 0 9.57 30.05 -14.1 -2.02 -8.91 25.53 0.24 -16.76 -21.35 -0.58 4.89 -13.59 -0.29 0.93 -20.18 -0.07 1.07 -3.04 0.36 0.41 7.98 11.87 10.42 -17.97 -7.59 12.82 18.56 -2.68 5.95 10.15 -0 -0 0 -43.46 33.61 82.44 128.99 -53.39 -93.02 -0 0 -42.2 28.99 -2.71 -1.5 -7.12 0 -0 1.83 26.88 -0.81 -0 -0 0 46.32 -28.59 78.66 -132.4 51.98 -95.73 0 -0 -28.09 -19.59 -17.99 6.27 7.12 -0 -0 8.27 -48.82 -0.78
5.8 15.69 27.08 -540.6 -80.74 555.53 0 0 0 -16.53 -13.06 -5.97 0 0 0 -0.72 14.9 -7.58 0.43 -4.22 -11.71 0 0 0 9.55 30.02 -14.13 -2.03 -8.93 25.57 0.24 -16.8 -21.44 -0.58 4.88 -13.57 -0.33 1.01 -20.16 -0.09 1.19 -2.92 0.39 0.47 8.1 12.14 10.69 -18.08 -8.27 13.23 17.93 -2.88 6.09 10.06 -0 0 0 -39.97 35.15 87.52 128.45 -53.6 -92.59 -0 0 -43.41 32.65 3.29 2.11 -7.12 0 -0 4.95 33.86 -1.36 -0 0 0 42.93 -31.46 82.03 -132.83 51.79 -96.07 0 -0 -28.79 -22.05 -20.84 8.2 7.12 -0 -0 6.72 -52.18 -1.19
5.79 15.69 27.07 -540.51 -80.92 555.52 0 0 0 -16.44 -13.24 -6.02 0 0 0 -0.72 14.94 -7.49 0.46 -4.36 -12.08 0 0 0 9.62 29.96 -14.14 -2.03 -8.93 25.58 0.25 -16.9 -21.51 -0.58 4.87 -13.53 -0.61 0.93 -20.23 0.15 1.13 -2.75 0.8 0.43 8.32 12.48 11.09 -18.1 -9.33 13.9 17.23 -3.18 6.31 10 -0 -0 0 -37.3 36.54 92.16 128.22 -53.69 -92.4 -0 0 -46.94 34.94 6.68 4.65 -7.12 0 -0 7.02 38.03 -1.21 -0 -0 0 39.24 -33.78 85.92 -133.56 51.46 -96.64 0 -0 -30.06 -26.97 -25.54 12.37 7.12 -0 -0 3.12 -58.14 -1
5.79 15.69 27.07 -540.24 -81.1 555.25 0 0 0 -16.34 -13.4 -5.97 0 0 0 -0.72 14.96 -7.46 0.48 -4.43 -12.29 0 0 0 9.76 29.96 -14 -2.03 -8.93 25.57 0.26 -17.04 -21.65 -0.57 4.81 -13.38 -0.3 0.83 -20.09 -0.14 0.98 -2.63 0.28 0.38 8.39 13.84 11.83 -17.93 -10.3 14.75 16.46 -3.57 6.7 9.99 -0 -0 0 -34.12 38.12 95.98 128.96 -53.41 -92.99 -0 0 -52.3 36.73 10.33 7.62 -7.12 0 -0 8.79 42.62 -0.52 -0 -0 0 36.76 -35.51 89.81 -134.13 51.19 -97.08 0 -0 -31.19 -30.37 -31.29 16.93 7.12 -0 -0 1.57 -65.14 -0.77
5.78 15.68 27.06 -540.49 -81.28 555.5 0 0 0 -16.34 -13.58 -5.95 0 0 0 -0.73 14.99 -7.38 0.5 -4.54 -12.6 0 0 0 9.79 29.8 -14 -2.04 -8.94 25.62 0.25 -17.05 -21.7 -0.57 4.85 -13.47 -0.31 0.7 -20.03 -0.21 0.82 -2.45 0.16 0.31 8.55 14.83 12.6 -17.63 -11.38 15.76 15.51 -3.92 7.13 9.93 0 0 0 -31.98 39.24 98.74 130.47 -52.8 -94.2 -0 0 -60.73 37.78 14.31 10.85 -7.12 0 -0 9.98 47.62 0.65 0 0 0 34.16 -36.94 92.88 -134.73 50.9 -97.55 0 -0 -35.18 -29.44 -36.91 18.72 7.12 -0 -0 7.06 -70.64 -4.33
5.78 15.68 27.05 -540.4 -81.42 555.38 0 0 0 -16.27 -13.7 -5.9 0 0 0 -0.73 15 -7.33 0.51 -4.58 -12.72 0 0 0 9.89 29.72 -13.95 -2.04 -8.96 25.66 0.25 -17.07 -21.78 -0.57 4.82 -13.4 -0.36 0.57 -20.06 -0.19 0.67 -2.19 0.17 0.24 8.85 15.61 13.4 -17.34 -12.4 16.85 14.49 -4.19 7.6 9.84 0 0 0 -30.78 39.93 100.19 132.27 -52.04 -95.63 -0 0 -70.9 36.94 17.47 12.72 -7.12 0 -0 9.19 51.24 1.42 0 0 0 31.89 -37.8 95.29 -135.06 50.74 -97.8 0 -0 -43.29 -26.95 -40.75 18.36 7.12 -0 -0 15.76 -73.5 -10.71
5.78 15.68 27.04 -540.55 -81.58 555.51 0 0 0 -16.23 -13.84 -5.85 0 0 0 -0.73 15.02 -7.29 0.52 -4.62 -12.84 0 0 0 9.96 29.56 -13.95 -2.06 -8.98 25.74 0.23 -17.04 -21.87 -0.56 4.81 -13.36 -0.42 0.51 -20.16 -0.23 0.64 -1.91 0.15 0.23 9.22 16.49 14.13 -16.98 -13.68 17.87 13.37 -4.57 8.02 9.77 -0 0 0 -30.48 39.9 100.58 134.03 -51.24 -97 -0 0 -79.51 35.73 20.95 14.42 -7.12 0 -0 7.74 55.06 1.92 -0 0 0 30.75 -38.17 96.95 -135.32 50.61 -98.01 0 -0 -53.43 -24.79 -44.02 17.79 7.12 -0 -0 25.45 -75.57 -18.56
5.78 15.68 27.03 -540.38 -81.67 555.39 0 0 0 -16.13 -13.92 -5.9 0 -0 -0 -0.73 15.03 -7.25 0.52 -4.64 -12.89 0 0 0 10.03 29.59 -14 -2.06 -8.99 25.78 0.24 -17.12 -21.89 -0.57 4.81 -13.38 -0.32 0.64 -20.29 -0.36 0.8 -1.72 0 0.31 9.5 16.96 14.65 -16.65 -14.53 18.61 12.45 -4.8 8.33 9.65 -0 -0 0 -30.97 39.05 100.23 135.55 -50.5 -98.18 -0 0 -86.46 36.16 23.39 16.18 -7.12 0 -0 8.03 57.98 2.56 -0 -0 0 31.17 -38.17 97.77 -135.45 50.55 -98.11 0 -0 -63.78 -24.44 -46.73 18.31 7.12 -0 -0 33.68 -77.54 -26.13
5.78 15.68 27.01 -539.53 -81.69 554.57 0 0 0 -15.93 -13.9 -5.93 0 -0 -0 -0.73 15.04 -7.24 0.52 -4.64 -12.89 0 0 0 10.21 29.63 -13.95 -2.04 -8.96 25.66 0.26 -17.15 -21.82 -0.56 4.77 -13.27 -0.1 0.86 -20.4 -0.49 1.06 -1.55 -0.19 0.45 9.76 17.39 15.07 -16.44 -15.3 19.22 11.83 -5 8.58 9.64 0 -0 0 -32.39 37.59 99.25 136.47 -50.03 -98.89 -0 0 -90.62 40.52 23.86 19.07 -7.12 0 -0 13.44 59.67 4.86 0 -0 0 32.96 -37.68 97.96 -135.49 50.52 -98.14 0 -0 -71.4 -26.89 -47.53 20.51 7.12 -0 -0 33.54 -79.12 -27.04
5.78 15.68 27 -537.58 -81.68 552.58 0 0 0 -15.55 -13.77 -5.91 0 0 0 -0.73 15.02 -7.27 0.52 -4.61 -12.79 0 0 0 10.66 29.88 -13.63 -1.99 -8.85 25.33 0.3 -17.38 -21.68 -0.54 4.72 -13.1 0.13 1.04 -20.42 -0.47 1.26 -1.39 -0.24 0.56 9.95 17.96 15.5 -16.29 -16.28 19.86 11.44 -5.29 8.82 9.77 -0 0 0 -34.68 35.75 98.06 136.57 -49.97 -98.97 -0 0 -92.96 47.73 25.72 25.52 -7.12 0 -0 24.19 64 11.47 -0 0 0 35.71 -36.61 97.62 -135.54 50.5 -98.18 0 -0 -73.66 -34.05 -48.06 26.69 7.12 -0 -0 25.33 -82.66 -22.01
5.78 15.68 26.98 -535.16 -81.71 550 0 0 0 -15.13 -13.65 -5.71 0 0 0 -0.73 15 -7.34 0.5 -4.54 -12.61 0 0 0 11.28 29.82 -13.08 -1.91 -8.68 24.8 0.33 -17.42 -21.47 -0.52 4.61 -12.8 0.42 1.21 -20.3 -0.41 1.42 -1.2 -0.29 0.65 10.11 18.28 15.93 -16.1 -17.11 20.54 11.02 -5.47 9.09 9.86 0 -0 0 -37.29 33.53 96.94 136.66 -49.93 -99.04 -0 0 -97.76 56.22 26.61 33.81 -7.12 0 -0 41.15 67.71 24.02 0 -0 0 39.02 -35.12 96.44 -135.55 50.5 -98.19 0 -0 -75.8 -45.42 -49.88 37.81 7.12 -0 -0 -39.62 -89.19 39.1
5.77 15.68 26.97 -533.5 -81.75 548.16 0 0 0 -14.9 -13.55 -5.4 0 -0 -0 -0.72 14.98 -7.52 0.48 -4.43 -12.29 0 0 0 11.75 29.14 -12.68 -1.84 -8.52 24.3 0.29 -16.95 -21.16 -0.53 4.65 -12.92 0.66 1.33 -20.37 -0.37 1.53 -0.97 -0.36 0.72 10.4 18.83 16.35 -15.6 -18.24 21.24 10.35 -5.8 9.37 9.9 0 -0 0 -39.85 31.31 96.35 137.07 -49.71 -99.35 -0 0 -102.31 65.76 27.38 45.61 -7.12 0 -0 69.71 70.35 49.16 0 -0 0 42.16 -33.35 94.97 -135.8 50.37 -98.38 0 -0 -81.38 -58.7 -50.96 51.94 7.12 -0 -0 -149.25 81.98 -153.6
5.76 15.68 26.95 -533.97 -81.81 548.5 0 0 0 -14.95 -13.57 -5.23 0 -0 -0 -0.72 14.98 -7.53 0.49 -4.49 -12.45 0 0 0 11.84 29.05 -12.43 -1.83 -8.49 24.22 0.28 -16.96 -21.21 -0.52 4.62 -12.83 0.48 1.37 -20.46 -0.36 1.63 -0.77 -0.2 0.76 10.68 19.35 16.77 -14.99 -19.44 21.95 9.65 -6.14 9.67 9.93 -0 -0 0 -41.9 29.57 96.22 137.61 -49.42 -99.76 -0 0 -105.51 76.28 28.78 63.12 -7.12 0 -0 89.62 -68.9 -112.28 -0 -0 0 44.79 -31.45 93.95 -136.32 50.11 -98.78 0 -0 -86.68 -72.93 -51.07 68.46 7.12 -0 -0 -155.79 72.58 -163.88
5.76 15.69 26.93 -534.68 -81.91 549.13 0 0 0 -15.01 -13.65 -5.14 0 0 0 -0.73 14.99 -7.49 0.5 -4.54 -12.6 0 0 0 11.85 29.06 -12.33 -1.84 -8.52 24.29 0.28 -17 -21.36 -0.5 4.53 -12.58 0.29 1.38 -20.59 -0.36 1.7 -0.59 -0.06 0.78 10.95 19.94 17.19 -14.4 -20.66 22.71 9.14 -6.49 9.99 10.07 0 0 0 -42.82 28.57 96.49 137.9 -49.27 -99.98 -0 0 -106.47 83.07 29.46 76.12 -7.12 0 -0 114.23 -65.76 -140.08 0 0 0 46.47 -29.77 93.95 -136.87 49.82 -99.2 0 -0 -89.07 -82.18 -50.72 79.94 7.12 -0 -0 -159.15 65.91 -169.27
5.76 15.68 26.92 -534.9 -81.96 549.31 0 0 0 -15.01 -13.67 -5.08 0 0 0 -0.72 14.98 -7.53 0.49 -4.49 -12.46 0 0 0 11.88 29.07 -12.28 -1.84 -8.53 24.34 0.28 -17.04 -21.4 -0.51 4.56 -12.65 0.33 1.43 -20.8 -0.43 1.76 -0.45 -0.14 0.82 11.22 20.36 17.6 -13.88 -21.49 23.43 8.89 -6.68 10.31 10.23 0 0 0 -42.69 28.21 96.73 138.11 -49.15 -100.14 -0 0 -106.55 84.12 29.56 78.21 -7.12 0 -0 117.61 -64.93 -143.9 0 0 0 47.12 -28.81 94.48 -137.01 49.74 -99.31 0 -0 -89.21 -84.57 -50.66 83 7.12 -0 -0 -160.12 64.09 -170.62
5.75 15.69 26.92 -534.7 -81.97 549.25 0 0 0 -14.94 -13.7 -5.14 0 0 0 -0.72 14.98 -7.6 0.49 -4.49 -12.47 0 0 0 11.88 28.94 -12.43 -1.84 -8.53 24.32 0.26 -16.91 -21.37 -0.51 4.58 -12.72 0.55 1.49 -21.31 -0.56 1.8 -0.34 -0.39 0.85 11.65 20.93 17.98 -13.58 -22.17 24.09 8.96 -6.84 10.59 10.54 -0 0 0 -42.1 28.05 96.58 138.28 -49.06 -100.27 -0 0 -106.73 82.4 29.57 74.88 -7.12 0 -0 112.46 -66.28 -137.91 -0 0 0 47.02 -28.52 94.72 -136.93 49.79 -99.24 0 -0 -88.98 -83.48 -50.74 81.6 7.12 -0 -0 -159.76 64.93 -170.06
5.73 15.69 26.91 -533.93 -82.05 548.71 0 0 0 -14.75 -13.78 -5.28 0 0 0 -0.72 14.95 -7.71 0.47 -4.41 -12.24 0 0 0 11.96 29.14 -12.44 -1.82 -8.49 24.21 0.29 -17.14 -21.47 -0.5 4.53 -12.58 0.77 1.56 -21.9 -0.62 1.85 -0.31 -0.55 0.88 12.03 21.36 18.22 -13.34 -22.7 24.56 9.17 -6.97 10.79 10.83 -0 0 0 -41.49 27.79 96.35 138.22 -49.09 -100.22 -0 0 -106.84 79.96 29.6 70.29 -7.12 0 -0 104.68 -67.82 -128.9 -0 0 0 46.41 -28.73 94.43 -136.88 49.81 -99.21 0 -0 -88.75 -80.89 -51.12 78.36 7.12 -0 -0 -159.34 66.82 -168.95
5.71 15.69 26.89 -533.07 -82.17 548.01 0 0 0 -14.55 -13.89 -5.37 0 -0 -0 -0.72 14.95 -7.75 0.47 -4.4 -12.21 0 0 0 12.12 29.37 -12.34 -1.81 -8.45 24.09 0.33 -17.5 -21.54 -0.49 4.5 -12.5 0.86 1.61 -22.3 -0.6 1.87 -0.32 -0.57 0.9 12.24 21.63 18.37 -13.21 -23.12 24.91 9.47 -7.08 10.92 11.11 -0 -0 0 -41.24 27.46 96.08 137.93 -49.25 -100.01 -0 0 -107.05 78.47 29.69 67.62 -7.12 0 -0 99.98 -68.58 -123.38 -0 -0 0 45.76 -29.03 94.06 -136.84 49.84 -99.17 0 -0 -88.56 -78.49 -51.48 75.41 7.12 -0 -0 -159.07 68.51 -167.99
5.7 15.69 26.88 -532.48 -82.29 547.44 0 0 0 -14.43 -13.99 -5.33 0 0 0 -0.72 14.98 -7.73 0.49 -4.48 -12.44 0 0 0 12.27 29.04 -12.37 -1.8 -8.43 24.04 0.31 -17.32 -21.48 -0.5 4.53 -12.57 0.8 1.63 -22.41 -0.49 1.91 -0.35 -0.4 0.91 12.27 21.71 18.46 -13.21 -23.46 25.18 9.89 -7.14 11 11.4 0 -0 0 -41.42 27.1 95.99 137.67 -49.39 -99.81 -0 0 -107.4 78.71 29.81 68.12 -7.12 0 -0 101.18 -68.52 -124.63 0 -0 0 45.43 -29.19 93.81 -136.77 49.87 -99.12 0 -0 -88.36 -77.65 -51.59 74.39 7.12 -0 -0 -158.99 69.1 -167.67
5.69 15.69 26.87 -532.22 -82.42 547.1 0 0 0 -14.38 -14.08 -5.21 0 -0 -0 -0.73 15.01 -7.67 0.52 -4.6 -12.77 0 0 0 12.42 28.91 -12.23 -1.8 -8.43 24.03 0.31 -17.35 -21.5 -0.51 4.56 -12.66 0.7 1.59 -22.34 -0.37 1.86 -0.38 -0.23 0.87 12.19 21.76 18.54 -13.23 -23.78 25.45 10.3 -7.2 11.08 11.69 -0 0 0 -41.94 26.97 95.97 137.48 -49.5 -99.66 -0 0 -107.51 80.19 29.95 70.91 -7.12 0 -0 106.5 -67.78 -130.63 -0 0 0 45.49 -28.97 93.8 -136.66 49.93 -99.04 0 -0 -88.26 -78.83 -51.59 75.86 7.12 -0 -0 -159.43 68.25 -168.33
5.69 15.68 26.86 -532.05 -82.56 546.82 0 0 0 -14.35 -14.18 -5.05 0 -0 -0 -0.73 15.03 -7.68 0.51 -4.57 -12.68 0 0 0 12.56 28.78 -12.05 -1.8 -8.43 24.02 0.31 -17.37 -21.57 -0.5 4.53 -12.58 0.6 1.51 -22.2 -0.29 1.77 -0.44 -0.11 0.82 12.02 21.88 18.62 -13.17 -24.06 25.72 10.74 -7.25 11.16 11.99 0 -0 0 -42.42 27.05 96.01 137.27 -49.61 -99.5 -0 0 -107.4 81.71 30.03 73.78 -7.12 0 -0 111.56 -66.84 -136.4 0 -0 0 45.82 -28.63 93.87 -136.52 50 -98.93 0 -0 -88.26 -80.61 -51.54 78.08 7.12 -0 -0 -160.04 66.95 -169.27
5.68 15.68 26.85 -531.65 -82.7 546.32 0 0 0 -14.29 -14.26 -4.9 0 -0 -0 -0.73 15.05 -7.71 0.51 -4.57 -12.67 0 0 0 12.75 28.91 -11.73 -1.79 -8.41 23.95 0.34 -17.63 -21.73 -0.48 4.45 -12.35 0.61 1.49 -22.16 -0.26 1.73 -0.48 -0.09 0.8 11.96 21.82 18.63 -13.29 -24.14 25.86 11.22 -7.24 11.18 12.23 -0 -0 0 -42.74 27.15 95.94 137 -49.75 -99.3 -0 0 -107.31 82.37 30.06 75.03 -7.12 0 -0 113.65 -66.38 -138.79 -0 -0 0 46.26 -28.42 93.73 -136.38 50.08 -98.82 0 -0 -88.3 -82.12 -51.49 79.97 7.12 -0 -0 -160.53 65.85 -170.03
5.67 15.68 26.84 -531.1 -82.85 545.75 0 0 0 -14.21 -14.38 -4.82 0 -0 -0 -0.73 15.06 -7.7 0.54 -4.69 -13.04 0 0 0 12.92 28.84 -11.53 -1.77 -8.37 23.85 0.35 -17.72 -21.79 -0.48 4.43 -12.3 0.67 1.48 -22.22 -0.25 1.7 -0.54 -0.13 0.79 11.92 21.75 18.59 -13.54 -24.15 25.89 11.8 -7.23 11.15 12.5 0 -0 0 -42.8 27.31 95.82 136.77 -49.87 -99.13 -0 0 -107.39 82.08 30.05 74.47 -7.12 0 -0 112.72 -66.59 -137.72 0 -0 0 46.51 -28.47 93.49 -136.3 50.11 -98.77 0 -0 -88.28 -82.47 -51.51 80.41 7.12 -0 -0 -160.71 65.59 -170.24
5.65 15.68 26.83 -530.65 -83.01 545.34 0 0 0 -14.13 -14.52 -4.77 0 0 0 -0.73 15.05 -7.75 0.53 -4.68 -13.01 0 0 0 13.04 28.89 -11.37 -1.76 -8.35 23.79 0.36 -17.9 -21.93 -0.46 4.36 -12.09 0.69 1.45 -22.36 -0.21 1.65 -0.64 -0.11 0.76 11.89 21.69 18.52 -13.67 -24.27 25.91 12.28 -7.27 11.11 12.73 0 0 0 -42.75 27.51 95.69 136.64 -49.94 -99.02 -0 0 -107.54 81.15 30.03 72.72 -7.12 0 -0 109.79 -67.22 -134.36 0 0 0 46.41 -28.72 93.27 -136.29 50.12 -98.76 0 -0 -88.15 -82.2 -51.49 80.06 7.12 -0 -0 -160.57 65.79 -170.08
5.64 15.68 26.82 -530.3 -83.13 545.01 0 0 0 -14.06 -14.62 -4.72 0 -0 -0 -0.73 15.04 -7.77 0.54 -4.72 -13.1 0 0 0 13.15 28.93 -11.24 -1.76 -8.35 23.77 0.37 -18.04 -22.06 -0.46 4.33 -12.01 0.61 1.43 -22.47 -0.12 1.62 -0.73 0.02 0.74 11.84 21.47 18.39 -13.87 -24.26 25.84 12.84 -7.27 11.03 12.94 -0 -0 0 -42.77 27.65 95.63 136.47 -50.03 -98.9 -0 0 -107.55 80.3 29.99 71.13 -7.12 0 -0 106.96 -67.73 -131.12 -0 -0 0 46.11 -29.05 93.01 -136.31 50.11 -98.77 0 -0 -88.05 -81.31 -51.64 78.98 7.12 -0 -0 -160.5 66.42 -169.76
5.63 15.68 26.82 -529.9 -83.24 544.59 0 0 0 -14 -14.71 -4.65 0 -0 -0 -0.73 15.04 -7.77 0.55 -4.75 -13.2 0 0 0 13.27 28.88 -11.13 -1.76 -8.34 23.76 0.38 -18.11 -22.12 -0.46 4.33 -12.02 0.52 1.45 -22.44 -0 1.65 -0.84 0.22 0.74 11.69 21.04 18.2 -14.22 -24.02 25.7 13.56 -7.17 10.9 13.14 0 0 0 -42.87 27.63 95.73 136.23 -50.15 -98.71 -0 0 -107.52 79.81 30.02 70.24 -7.12 0 -0 105.46 -68.02 -129.37 0 0 0 45.86 -29.42 92.71 -136.28 50.12 -98.75 0 -0 -88.01 -80.57 -51.71 78.05 7.12 -0 -0 -160.33 66.96 -169.43
5.63 15.67 26.81 -529.31 -83.34 543.94 0 0 0 -13.92 -14.77 -4.56 0 0 0 -0.73 15.06 -7.76 0.56 -4.78 -13.28 0 0 0 13.41 28.67 -11.05 -1.75 -8.33 23.71 0.36 -17.99 -22.11 -0.45 4.29 -11.88 0.45 1.42 -22.3 0.09 1.62 -0.98 0.34 0.72 11.45 20.77 18.07 -14.45 -23.67 25.58 14.31 -7.05 10.82 13.34 -0 0 0 -42.98 27.69 95.82 135.97 -50.29 -98.51 -0 0 -107.56 79.41 29.99 69.49 -7.12 0 -0 104.05 -68.23 -127.76 -0 0 0 45.77 -29.56 92.58 -136.17 50.18 -98.66 0 -0 -88.2 -80.82 -51.69 78.36 7.12 -0 -0 -160.39 66.78 -169.54
5.62 15.67 26.8 -528.48 -83.44 543.05 0 0 0 -13.82 -14.85 -4.48 0 0 0 -0.73 15.1 -7.69 0.58 -4.88 -13.56 0 0 0 13.61 28.61 -10.85 -1.73 -8.29 23.6 0.38 -18.12 -22.08 -0.46 4.35 -12.06 0.41 1.34 -22.13 0.17 1.5 -1.14 0.41 0.66 11.16 20.76 17.99 -14.55 -23.38 25.54 15.08 -6.97 10.78 13.59 -0 -0 0 -43.18 27.88 95.85 135.68 -50.43 -98.29 -0 0 -107.65 79.69 30.01 70 -7.12 0 -0 105.01 -68.08 -128.85 -0 -0 0 45.78 -29.46 92.58 -135.98 50.28 -98.52 0 -0 -88.6 -81.53 -51.75 79.27 7.12 -0 -0 -160.78 66.25 -169.99
5.62 15.67 26.79 -527.88 -83.53 542.38 0 0 0 -13.74 -14.9 -4.37 0 -0 -0 -0.73 15.09 -7.71 0.58 -4.87 -13.53 0 0 0 13.77 28.48 -10.73 -1.73 -8.27 23.55 0.39 -18.14 -22.05 -0.47 4.39 -12.18 0.37 1.34 -21.98 0.23 1.51 -1.29 0.5 0.66 10.91 20.39 17.85 -14.81 -22.92 25.44 15.98 -6.8 10.7 13.83 -0 0 0 -43.31 27.83 96.06 135.42 -50.56 -98.09 -0 0 -107.8 80.21 30.04 70.99 -7.12 0 -0 106.82 -67.8 -130.92 -0 0 0 45.86 -29.46 92.58 -135.85 50.34 -98.42 0 -0 -88.8 -81.93 -51.72 79.77 7.12 -0 -0 -160.88 65.95 -170.17
5.61 15.67 26.78 -527.15 -83.58 541.62 0 0 0 -13.63 -14.93 -4.33 0 0 0 -0.74 15.11 -7.7 0.59 -4.91 -13.65 0 0 0 13.92 28.49 -10.59 -1.72 -8.25 23.48 0.39 -18.2 -22.07 -0.46 4.36 -12.1 0.36 1.34 -21.86 0.29 1.49 -1.46 0.56 0.65 10.66 20.18 17.74 -14.98 -22.57 25.39 16.87 -6.68 10.64 14.11 -0 0 0 -43.4 27.91 96.22 135.17 -50.68 -97.9 -0 0 -107.88 80.23 30.01 71.01 -7.12 0 -0 106.8 -67.78 -130.92 -0 0 0 45.82 -29.43 92.77 -135.75 50.39 -98.34 0 -0 -88.97 -82.72 -51.57 80.74 7.12 -0 -0 -160.92 65.39 -170.44
5.61 15.67 26.78 -526.53 -83.61 541 0 0 0 -13.54 -14.95 -4.31 0 0 0 -0.74 15.12 -7.72 0.58 -4.89 -13.6 0 0 0 14.03 28.55 -10.5 -1.71 -8.23 23.42 0.39 -18.23 -22.16 -0.44 4.24 -11.75 0.38 1.33 -21.76 0.33 1.47 -1.63 0.58 0.63 10.41 20.04 17.62 -15.14 -22.23 25.32 17.78 -6.57 10.58 14.42 0 0 0 -43.39 28.04 96.36 134.93 -50.8 -97.7 -0 0 -107.94 79.97 29.96 70.49 -7.12 0 -0 105.77 -67.92 -129.79 0 0 0 45.71 -29.41 93 -135.62 50.46 -98.24 0 -0 -89.12 -82.92 -51.52 80.98 7.12 -0 -0 -160.91 65.25 -170.49
5.61 15.67 26.77 -526.12 -83.66 540.61 0 0 0 -13.47 -15 -4.3 0 -0 -0 -0.74 15.11 -7.72 0.58 -4.88 -13.58 0 0 0 14.08 28.31 -10.58 -1.71 -8.22 23.4 0.37 -18.04 -22.09 -0.44 4.26 -11.8 0.36 1.33 -21.64 0.36 1.46 -1.81 0.61 0.62 10.14 19.74 17.46 -15.33 -21.8 25.17 18.68 -6.43 10.48 14.67 -0 -0 0 -43.33 28.14 96.54 134.7 -50.92 -97.52 -0 0 -108.04 79.59 29.93 69.8 -7.12 0 -0 104.48 -68.11 -128.33 -0 -0 0 45.49 -29.44 93.19 -135.49 50.53 -98.14 0 -0 -89.32 -82.5 -51.62 80.46 7.12 -0 -0 -160.92 65.55 -170.37
5.61 15.67 26.77 -525.98 -83.71 540.48 0 0 0 -13.44 -15.04 -4.31 0 -0 -0 -0.74 15.13 -7.69 0.6 -4.94 -13.73 0 0 0 14.11 28.23 -10.61 -1.71 -8.23 23.4 0.37 -18.04 -22.06 -0.45 4.3 -11.92 0.34 1.37 -21.51 0.35 1.51 -1.98 0.62 0.65 9.87 19.51 17.25 -15.6 -21.43 24.94 19.52 -6.35 10.34 14.92 0 -0 0 -43.14 28.12 96.82 134.52 -51 -97.39 -0 0 -108.21 79.54 29.93 69.7 -7.12 0 -0 104.31 -68.14 -128.12 0 -0 0 45.47 -29.6 93.22 -135.31 50.62 -98 0 -0 -89.39 -82.14 -51.73 80.03 7.12 -0 -0 -160.97 65.8 -170.29
5.61 15.67 26.76 -525.75 -83.75 540.26 0 0 0 -13.39 -15.07 -4.31 0 0 0 -0.74 15.13 -7.69 0.59 -4.94 -13.73 0 0 0 14.15 28.14 -10.65 -1.71 -8.23 23.41 0.37 -18 -22.02 -0.45 4.32 -11.99 0.33 1.36 -21.38 0.31 1.51 -2.13 0.58 0.65 9.64 19.37 17.07 -15.74 -21.12 24.7 20.15 -6.29 10.23 15.08 0 -0 0 -42.94 28.19 97.03 134.41 -51.06 -97.3 -0 0 -108.33 79.57 29.92 69.73 -7.12 0 -0 104.34 -68.12 -128.17 0 -0 0 45.52 -29.66 93.36 -135.15 50.69 -97.88 0 -0 -89.44 -82.33 -51.73 80.27 7.12 -0 -0 -161.06 65.66 -170.39
5.61 15.67 26.76 -525.54 -83.77 540.08 0 0 0 -13.34 -15.1 -4.34 0 0 0 -0.74 15.14 -7.67 0.6 -4.95 -13.78 0 0 0 14.19 28.25 -10.63 -1.71 -8.23 23.41 0.38 -18.1 -22.08 -0.44 4.27 -11.83 0.42 1.44 -21.25 0.1 1.61 -2.28 0.32 0.7 9.4 19.64 16.88 -15.91 -20.86 24.35 20.76 -6.36 10.09 15.29 -0 0 0 -42.4 28.11 97.38 134.33 -51.09 -97.24 -0 0 -108.4 79.5 29.9 69.6 -7.12 0 -0 104.07 -68.15 -127.88 -0 0 0 45.83 -29.82 93.37 -135.14 50.7 -97.87 0 -0 -89.55 -82.46 -51.75 80.43 7.12 -0 -0 -161.13 65.56 -170.48
5.61 15.67 26.75 -525.22 -83.78 539.79 0 0 0 -13.26 -15.1 -4.37 0 -0 -0 -0.74 15.14 -7.66 0.6 -4.97 -13.81 0 0 0 14.25 28.3 -10.62 -1.7 -8.22 23.38 0.38 -18.13 -22.1 -0.44 4.23 -11.74 0.42 1.43 -21.13 0.04 1.59 -2.4 0.25 0.69 9.21 19.79 16.72 -16.02 -20.78 24.13 21.26 -6.43 9.99 15.48 -0 -0 0 -42.25 28.17 97.56 134.24 -51.13 -97.17 -0 0 -108.42 79.65 29.92 69.9 -7.12 0 -0 104.64 -68.08 -128.52 -0 -0 0 45.87 -29.88 93.51 -135.08 50.73 -97.82 0 -0 -89.63 -82.59 -51.74 80.59 7.12 -0 -0 -161.17 65.47 -170.54
5.61 15.67 26.75 -524.88 -83.79 539.48 0 0 0 -13.2 -15.11 -4.41 0 0 0 -0.74 15.15 -7.63 0.61 -4.99 -13.88 0 0 0 14.27 28.16 -10.7 -1.7 -8.2 23.33 0.37 -18.01 -22.02 -0.44 4.26 -11.82 0.37 1.33 -21.03 0.18 1.45 -2.48 0.38 0.62 9.07 19.25 16.57 -16.16 -20.49 24 21.63 -6.28 9.9 15.51 0 0 0 -42.53 28.33 97.58 134.17 -51.17 -97.12 -0 0 -108.42 79.87 29.95 70.3 -7.12 0 -0 105.41 -67.97 -129.38 0 0 0 45.54 -29.78 93.73 -135.03 50.75 -97.79 0 -0 -89.73 -82.74 -51.75 80.78 7.12 -0 -0 -161.23 65.36 -170.62
5.62 15.67 26.74 -524.67 -83.8 539.31 0 0 0 -13.15 -15.13 -4.45 0 -0 -0 -0.74 15.15 -7.64 0.6 -4.94 -13.73 0 0 0 14.29 28.28 -10.66 -1.69 -8.19 23.28 0.38 -18.09 -22.07 -0.43 4.19 -11.6 0.28 1.19 -20.94 0.37 1.26 -2.53 0.59 0.52 8.95 18.66 16.43 -16.33 -20.27 23.9 21.93 -6.14 9.8 15.52 -0 -0 0 -42.93 28.5 97.54 134.18 -51.17 -97.12 -0 0 -108.44 79.99 29.94 70.53 -7.12 0 -0 105.81 -67.9 -129.85 -0 -0 0 45.09 -29.62 93.98 -135.03 50.75 -97.79 0 -0 -89.82 -82.77 -51.72 80.81 7.12 -0 -0 -161.19 65.34 -170.6
5.62 15.67 26.74 -524.5 -83.81 539.2 0 0 0 -13.1 -15.16 -4.53 0 -0 -0 -0.74 15.17 -7.58 0.61 -5 -13.91 0 0 0 14.28 28.35 -10.71 -1.68 -8.17 23.24 0.39 -18.15 -22.07 -0.42 4.17 -11.57 0.2 1.06 -20.91 0.51 1.11 -2.56 0.73 0.44 8.9 18.2 16.27 -16.49 -20.2 23.76 22.07 -6.09 9.69 15.49 -0 -0 0 -43.19 28.59 97.51 134.25 -51.13 -97.18 -0 0 -108.47 80.14 30 70.84 -7.12 0 -0 106.47 -67.83 -130.55 -0 -0 0 44.73 -29.45 94.19 -135.07 50.73 -97.82 0 -0 -89.92 -82.85 -51.67 80.92 7.12 -0 -0 -161.14 65.28 -170.6
5.62 15.68 26.74 -524.42 -83.81 539.22 0 0 0 -13.05 -15.18 -4.65 0 0 0 -0.75 15.18 -7.54 0.62 -5.02 -13.98 0 0 0 14.25 28.41 -10.81 -1.68 -8.17 23.22 0.4 -18.19 -22.04 -0.42 4.17 -11.55 0.16 0.98 -20.95 0.59 1 -2.56 0.82 0.39 8.92 17.69 16.04 -16.75 -20.13 23.48 22.09 -6.05 9.52 15.4 0 -0 0 -43.35 28.55 97.51 134.33 -51.09 -97.24 -0 0 -108.46 80.23 30.06 71.04 -7.12 0 -0 106.95 -67.79 -131.04 0 -0 0 44.5 -29.28 94.32 -135.15 50.69 -97.88 0 -0 -90.01 -82.86 -51.71 80.93 7.12 -0 -0 -161.22 65.27 -170.65
5.62 15.68 26.74 -524.37 -83.79 539.26 0 0 0 -13 -15.19 -4.78 0 0 0 -0.75 15.2 -7.51 0.62 -5.04 -14.03 0 0 0 14.21 28.53 -10.88 -1.67 -8.15 23.18 0.42 -18.3 -22 -0.42 4.18 -11.57 0.21 1.01 -20.98 0.58 1.02 -2.53 0.79 0.4 8.97 16.98 15.67 -17.41 -19.8 22.95 22.3 -5.93 9.22 15.33 -0 -0 0 -43.29 28.3 97.67 134.39 -51.07 -97.29 -0 0 -108.45 80.43 30.1 71.41 -7.12 0 -0 107.69 -67.68 -131.85 -0 -0 0 44.54 -29.27 94.28 -135.25 50.65 -97.95 0 -0 -90.06 -82.95 -51.75 81.05 7.12 -0 -0 -161.32 65.2 -170.73
5.63 15.68 26.74 -524.31 -83.78 539.29 0 0 0 -12.95 -15.2 -4.89 0 0 0 -0.75 15.21 -7.49 0.62 -5.03 -13.98 0 0 0 14.18 28.73 -10.91 -1.67 -8.14 23.14 0.44 -18.45 -22 -0.42 4.14 -11.48 0.23 1.01 -21 0.56 1.03 -2.48 0.76 0.41 9.04 16.38 15.3 -18.12 -19.6 22.42 22.4 -5.87 8.91 15.28 0 0 0 -43.26 28.12 97.76 134.43 -51.04 -97.32 -0 0 -108.39 80.59 30.15 71.74 -7.12 0 -0 108.34 -67.6 -132.56 0 0 0 44.59 -29.18 94.28 -135.32 50.61 -98.01 0 -0 -90.06 -83.09 -51.77 81.23 7.12 -0 -0 -161.41 65.1 -170.82
5.63 15.68 26.74 -524.32 -83.76 539.36 0 0 0 -12.93 -15.2 -4.97 0 0 0 -0.75 15.22 -7.46 0.62 -5.03 -13.99 0 0 0 14.13 28.76 -11 -1.66 -8.13 23.11 0.45 -18.46 -21.94 -0.42 4.16 -11.52 0.22 0.94 -20.98 0.61 0.94 -2.42 0.79 0.36 9.09 15.9 14.96 -18.59 -19.66 21.97 22.24 -5.92 8.65 15.15 -0 -0 0 -43.37 28.15 97.74 134.45 -51.04 -97.33 -0 0 -108.29 80.8 30.18 72.15 -7.12 0 -0 109.11 -67.47 -133.42 -0 -0 0 44.47 -28.93 94.43 -135.38 50.58 -98.06 0 -0 -90.07 -83.08 -51.78 81.22 7.12 -0 -0 -161.43 65.1 -170.83
5.64 15.69 26.74 -524.32 -83.74 539.4 0 0 0 -12.9 -15.2 -5.06 0 -0 -0 -0.75 15.23 -7.44 0.61 -4.98 -13.85 0 0 0 14.09 28.83 -11.06 -1.66 -8.12 23.07 0.46 -18.5 -21.89 -0.42 4.15 -11.51 0.25 0.89 -20.94 0.6 0.86 -2.38 0.74 0.33 9.12 15.52 14.63 -18.96 -19.72 21.51 22.03 -5.99 8.4 14.99 -0 0 0 -43.32 28.2 97.78 134.51 -51 -97.38 -0 0 -108.2 80.94 30.2 72.42 -7.12 0 -0 109.62 -67.39 -133.98 -0 0 0 44.44 -28.73 94.58 -135.43 50.56 -98.1 0 -0 -90.07 -82.87 -51.85 80.97 7.12 -0 -0 -161.46 65.24 -170.78
5.65 15.69 26.74 -524.49 -83.72 539.63 0 0 0 -12.9 -15.2 -5.15 0 0 0 -0.75 15.25 -7.38 0.61 -5.01 -13.95 0 0 0 14.02 28.9 -11.14 -1.66 -8.12 23.07 0.46 -18.52 -21.89 -0.41 4.12 -11.41 0.28 0.82 -20.93 0.59 0.76 -2.34 0.69 0.28 9.15 15.17 14.37 -19.25 -19.71 21.14 21.84 -6.01 8.21 14.84 0 -0 0 -43.22 28.27 97.81 134.62 -50.95 -97.47 -0 0 -108.16 80.95 30.23 72.44 -7.12 0 -0 109.71 -67.39 -134.06 0 -0 0 44.39 -28.54 94.75 -135.46 50.54 -98.12 0 -0 -90.04 -82.9 -51.85 81 7.12 -0 -0 -161.48 65.22 -170.8
5.66 15.69 26.74 -524.74 -83.69 539.94 0 0 0 -12.91 -15.19 -5.26 0 0 0 -0.76 15.26 -7.31 0.63 -5.06 -14.08 0 0 0 13.93 28.86 -11.3 -1.66 -8.12 23.08 0.46 -18.43 -21.81 -0.42 4.16 -11.52 0.34 0.82 -20.94 0.53 0.76 -2.31 0.59 0.29 9.2 14.93 14.08 -19.49 -19.76 20.74 21.67 -6.08 8 14.7 0 0 0 -43.04 28.18 97.94 134.71 -50.91 -97.54 -0 0 -108.14 80.86 30.23 72.28 -7.12 0 -0 109.44 -67.45 -133.74 0 0 0 44.42 -28.47 94.8 -135.53 50.51 -98.17 0 -0 -90.05 -83.18 -51.76 81.34 7.12 -0 -0 -161.42 65.03 -170.86
5.66 15.69 26.75 -524.97 -83.64 540.23 0 0 0 -12.91 -15.16 -5.36 0 -0 -0 -0.76 15.26 -7.28 0.62 -5.06 -14.07 0 0 0 13.86 29.04 -11.37 -1.66 -8.12 23.09 0.47 -18.53 -21.81 -0.41 4.13 -11.45 0.4 0.86 -20.94 0.47 0.81 -2.3 0.5 0.31 9.21 14.63 13.79 -19.78 -19.64 20.3 21.66 -6.08 7.79 14.61 -0 0 0 -42.82 28.01 98.17 134.81 -50.86 -97.62 -0 0 -108.1 81.11 30.25 72.75 -7.12 0 -0 110.29 -67.29 -134.7 -0 0 0 44.42 -28.47 94.86 -135.68 50.43 -98.28 0 -0 -90.09 -83.42 -51.66 81.64 7.12 -0 -0 -161.34 64.86 -170.89
5.67 15.7 26.75 -525.06 -83.57 540.4 0 0 0 -12.88 -15.12 -5.48 0 -0 -0 -0.76 15.26 -7.29 0.61 -5.01 -13.92 0 0 0 13.78 29.2 -11.47 -1.66 -8.12 23.07 0.48 -18.59 -21.77 -0.41 4.1 -11.37 0.43 0.85 -20.97 0.45 0.79 -2.32 0.46 0.3 9.21 14.5 13.53 -19.84 -19.61 19.93 21.56 -6.14 7.62 14.47 0 -0 0 -42.71 28.03 98.29 134.91 -50.81 -97.69 -0 0 -107.99 81.31 30.28 73.14 -7.12 0 -0 110.99 -67.16 -135.48 0 -0 0 44.32 -28.36 95.08 -135.82 50.36 -98.39 0 -0 -90.13 -83.51 -51.68 81.75 7.12 -0 -0 -161.4 64.79 -170.95
5.68 15.7 26.75 -525.26 -83.49 540.68 0 0 0 -12.87 -15.07 -5.61 0 -0 -0 -0.76 15.26 -7.3 0.59 -4.93 -13.71 0 0 0 13.69 29.4 -11.57 -1.66 -8.12 23.07 0.5 -18.68 -21.76 -0.4 4.08 -11.29 0.45 0.83 -21.02 0.45 0.76 -2.32 0.43 0.29 9.23 14.41 13.27 -19.79 -19.61 19.53 21.37 -6.22 7.46 14.28 -0 -0 0 -42.68 28.09 98.3 134.99 -50.77 -97.76 -0 0 -107.85 81.42 30.32 73.36 -7.12 0 -0 111.45 -67.09 -135.97 -0 -0 0 44.21 -28.18 95.31 -135.94 50.3 -98.48 0 -0 -90.23 -83.47 -51.78 81.71 7.12 -0 -0 -161.57 64.81 -171.02
5.69 15.7 26.75 -525.54 -83.41 541.04 0 0 0 -12.88 -15.02 -5.74 0 -0 -0 -0.75 15.24 -7.32 0.58 -4.87 -13.53 0 0 0 13.58 29.55 -11.7 -1.66 -8.12 23.08 0.5 -18.68 -21.77 -0.4 4.04 -11.18 0.47 0.81 -21.09 0.43 0.73 -2.32 0.39 0.28 9.27 14.29 13.04 -19.78 -19.5 19.16 21.23 -6.24 7.32 14.1 -0 0 0 -42.63 28.16 98.2 135.15 -50.7 -97.88 -0 0 -107.82 81.59 30.38 73.71 -7.12 0 -0 112.14 -66.99 -136.71 -0 0 0 44.12 -27.96 95.53 -136.08 50.23 -98.59 0 -0 -90.34 -83.49 -51.82 81.74 7.12 -0 -0 -161.65 64.79 -171.07
5.7 15.7 26.76 -525.91 -83.33 541.48 0 0 0 -12.9 -14.96 -5.85 0 -0 -0 -0.75 15.22 -7.34 0.56 -4.79 -13.3 0 0 0 13.46 29.57 -11.86 -1.66 -8.12 23.08 0.49 -18.6 -21.7 -0.4 4.06 -11.25 0.51 0.85 -21.17 0.4 0.77 -2.3 0.35 0.3 9.34 14.01 12.78 -19.84 -19.29 18.77 21.17 -6.2 7.15 13.94 -0 -0 0 -42.58 28.1 98.16 135.26 -50.64 -97.97 -0 0 -107.79 81.68 30.42 73.88 -7.12 0 -0 112.5 -66.93 -137.09 -0 -0 0 44.12 -27.87 95.57 -136.19 50.17 -98.68 0 -0 -90.43 -83.67 -51.78 81.96 7.12 -0 -0 -161.65 64.66 -171.13
5.71 15.7 26.76 -526.13 -83.26 541.74 0 0 0 -12.92 -14.91 -5.93 0 -0 -0 -0.75 15.19 -7.33 0.55 -4.76 -13.23 0 0 0 13.38 29.62 -11.96 -1.66 -8.12 23.09 0.49 -18.57 -21.64 -0.4 4.08 -11.31 0.53 0.84 -21.25 0.41 0.75 -2.27 0.35 0.29 9.42 13.84 12.59 -19.9 -19.23 18.52 21.21 -6.2 7.03 13.89 0 -0 0 -42.63 28.15 98.04 135.34 -50.6 -98.02 -0 0 -107.73 81.82 30.44 74.16 -7.12 0 -0 113 -66.84 -137.63 0 -0 0 44.05 -27.72 95.68 -136.28 50.13 -98.74 0 -0 -90.44 -83.86 -51.72 82.19 7.12 -0 -0 -161.61 64.53 -171.16
5.71 15.7 26.77 -526.32 -83.19 541.93 0 0 0 -12.94 -14.86 -5.98 0 0 0 -0.75 15.2 -7.31 0.55 -4.76 -13.24 0 0 0 13.31 29.62 -12.06 -1.66 -8.13 23.11 0.49 -18.5 -21.59 -0.4 4.05 -11.23 0.54 0.81 -21.27 0.43 0.7 -2.26 0.35 0.27 9.44 13.81 12.46 -19.91 -19.3 18.37 21.32 -6.27 6.95 13.92 0 0 0 -42.66 28.32 97.91 135.4 -50.57 -98.07 -0 0 -107.66 81.91 30.5 74.35 -7.12 0 -0 113.41 -66.78 -138.06 0 0 0 43.91 -27.6 95.87 -136.38 50.08 -98.82 0 -0 -90.44 -84.07 -51.68 82.46 7.12 -0 -0 -161.63 64.38 -171.24
5.72 15.71 26.77 -526.56 -83.14 542.17 0 0 0 -12.97 -14.82 -6.02 0 0 0 -0.75 15.19 -7.3 0.55 -4.74 -13.16 0 0 0 13.24 29.61 -12.14 -1.67 -8.14 23.13 0.48 -18.43 -21.54 -0.4 4.06 -11.25 0.57 0.79 -21.27 0.43 0.68 -2.24 0.33 0.26 9.46 13.75 12.35 -19.95 -19.37 18.27 21.48 -6.33 6.88 13.98 0 0 0 -42.67 28.45 97.82 135.47 -50.54 -98.13 -0 0 -107.56 81.92 30.52 74.39 -7.12 0 -0 113.51 -66.78 -138.15 0 0 0 43.81 -27.54 95.98 -136.51 50.01 -98.92 0 -0 -90.46 -83.89 -51.8 82.24 7.12 -0 -0 -161.76 64.5 -171.25
5.73 15.71 26.78 -526.72 -83.11 542.33 0 0 0 -12.99 -14.8 -6.06 0 -0 -0 -0.75 15.18 -7.27 0.55 -4.74 -13.16 0 0 0 13.18 29.59 -12.22 -1.67 -8.14 23.15 0.48 -18.39 -21.48 -0.41 4.09 -11.33 0.61 0.78 -21.27 0.44 0.65 -2.22 0.31 0.25 9.48 13.6 12.24 -19.97 -19.38 18.17 21.61 -6.34 6.81 14 -0 -0 0 -42.68 28.58 97.73 135.55 -50.49 -98.19 -0 0 -107.47 81.68 30.48 73.91 -7.12 0 -0 112.67 -66.95 -137.22 -0 -0 0 43.75 -27.49 96.01 -136.63 49.94 -99.02 0 -0 -90.48 -83.5 -51.89 81.76 7.12 -0 -0 -161.77 64.77 -171.14
5.74 15.71 26.78 -526.76 -83.11 542.38 0 0 0 -12.99 -14.82 -6.12 0 0 0 -0.75 15.16 -7.25 0.54 -4.7 -13.07 0 0 0 13.14 29.6 -12.28 -1.67 -8.14 23.15 0.48 -18.38 -21.45 -0.41 4.09 -11.33 0.6 0.74 -21.31 0.48 0.6 -2.2 0.35 0.22 9.52 13.49 12.15 -20 -19.42 18.1 21.71 -6.36 6.76 14.03 0 0 0 -42.76 28.69 97.6 135.63 -50.46 -98.25 -0 0 -107.44 81.49 30.49 73.57 -7.12 0 -0 112.13 -67.08 -136.58 0 0 0 43.74 -27.44 95.98 -136.7 49.91 -99.07 0 -0 -90.41 -83.56 -51.86 81.83 7.12 -0 -0 -161.75 64.74 -171.14
5.75 15.71 26.78 -526.63 -83.14 542.28 0 0 0 -12.96 -14.86 -6.19 0 0 0 -0.75 15.15 -7.24 0.53 -4.66 -12.93 0 0 0 13.11 29.59 -12.35 -1.67 -8.14 23.13 0.49 -18.39 -21.4 -0.41 4.13 -11.43 0.57 0.7 -21.36 0.53 0.55 -2.2 0.4 0.19 9.56 13.49 12.07 -20.02 -19.49 18.01 21.8 -6.42 6.71 14.06 0 0 0 -42.85 28.76 97.53 135.68 -50.43 -98.29 -0 0 -107.45 81.68 30.48 73.92 -7.12 0 -0 112.69 -66.95 -137.23 0 0 0 43.7 -27.44 95.94 -136.81 49.85 -99.15 0 -0 -90.36 -83.89 -51.78 82.25 7.12 -0 -0 -161.74 64.5 -171.24
5.76 15.71 26.79 -526.41 -83.19 542.09 0 0 0 -12.91 -14.93 -6.26 0 -0 -0 -0.75 15.15 -7.21 0.53 -4.66 -12.93 0 0 0 13.09 29.6 -12.4 -1.66 -8.13 23.1 0.49 -18.43 -21.39 -0.4 4.08 -11.3 0.4 0.62 -21.45 0.7 0.46 -2.19 0.66 0.14 9.61 13.28 11.97 -20.01 -19.49 17.92 21.86 -6.41 6.65 14.05 -0 0 0 -43.16 28.79 97.49 135.69 -50.42 -98.3 -0 0 -107.47 81.79 30.49 74.13 -7.12 0 -0 113.05 -66.87 -137.65 -0 0 0 43.36 -27.41 95.89 -137.01 49.75 -99.3 0 -0 -90.43 -84.31 -51.7 82.76 7.12 -0 -0 -161.75 64.19 -171.37
5.77 15.71 26.79 -526.08 -83.28 541.8 0 0 0 -12.85 -15.04 -6.34 0 0 0 -0.75 15.15 -7.18 0.52 -4.63 -12.84 0 0 0 13.08 29.55 -12.46 -1.66 -8.11 23.06 0.5 -18.46 -21.35 -0.4 4.08 -11.29 0.04 0.5 -21.58 1.04 0.35 -2.17 1.2 0.07 9.7 12.8 11.82 -20.01 -19.48 17.85 21.89 -6.34 6.57 13.99 0 -0 0 -43.71 28.73 97.53 135.71 -50.42 -98.31 -0 0 -107.53 81.07 30.23 72.67 -7.12 0 -0 110.1 -67.31 -134.5 0 -0 0 42.78 -27.43 95.75 -137.2 49.64 -99.46 0 -0 -90.52 -84.47 -51.69 82.97 7.12 -0 -0 -161.79 64.08 -171.45
5.78 15.71 26.79 -525.85 -83.34 541.62 0 0 0 -12.8 -15.13 -6.44 0 -0 -0 -0.75 15.16 -7.12 0.52 -4.63 -12.86 0 0 0 13.06 29.7 -12.48 -1.66 -8.11 23.04 0.52 -18.62 -21.39 -0.4 4.04 -11.18 0.46 0.6 -21.45 0.63 0.42 -2.32 0.54 0.12 9.47 13.12 11.76 -19.87 -19.08 17.58 21.99 -6.3 6.54 13.92 0 0 0 -42.82 28.85 97.79 135.94 -50.3 -98.49 -0 0 -107.65 81.39 30.36 73.32 -7.12 0 -0 111.46 -67.12 -135.94 0 0 0 43.48 -27.66 95.8 -137.14 49.68 -99.4 0 -0 -90.43 -84.59 -51.65 83.12 7.12 -0 -0 -161.78 63.99 -171.48
5.79 15.71 26.79 -525.53 -83.39 541.32 0 0 0 -12.73 -15.2 -6.52 0 -0 -0 -0.75 15.17 -7.09 0.52 -4.63 -12.85 0 0 0 13.07 29.81 -12.5 -1.65 -8.1 23.02 0.53 -18.69 -21.46 -0.37 3.89 -10.78 0.49 0.59 -21.45 0.61 0.4 -2.38 0.49 0.11 9.4 13.03 11.7 -19.76 -18.88 17.47 21.95 -6.23 6.51 13.82 -0 -0 0 -42.69 28.89 97.9 136.03 -50.26 -98.55 -0 0 -107.7 81.5 30.34 73.51 -7.12 0 -0 111.73 -67.05 -136.27 -0 -0 0 43.51 -27.73 95.83 -137.16 49.67 -99.42 0 -0 -90.45 -84.45 -51.73 82.95 7.12 -0 -0 -161.86 64.08 -171.47
5.81 15.72 26.79 -525.02 -83.45 540.83 0 0 0 -12.64 -15.27 -6.58 0 0 0 -0.75 15.18 -7.08 0.51 -4.58 -12.72 0 0 0 13.1 29.78 -12.52 -1.64 -8.08 22.96 0.54 -18.73 -21.4 -0.37 3.9 -10.8 0.49 0.58 -21.46 0.62 0.38 -2.42 0.5 0.1 9.37 13.03 11.66 -19.74 -18.87 17.39 21.94 -6.24 6.49 13.79 0 0 0 -42.64 28.87 97.99 136.08 -50.23 -98.6 -0 0 -107.75 81.06 30.2 72.64 -7.12 0 -0 109.98 -67.31 -134.4 0 0 0 43.43 -27.76 95.83 -137.21 49.64 -99.46 0 -0 -90.5 -84.3 -51.83 82.76 7.12 -0 -0 -161.96 64.19 -171.48
5.82 15.72 26.79 -524.64 -83.5 540.43 0 0 0 -12.58 -15.32 -6.61 0 -0 -0 -0.75 15.18 -7.04 0.52 -4.62 -12.82 0 0 0 13.14 29.74 -12.53 -1.64 -8.07 22.92 0.55 -18.75 -21.33 -0.37 3.92 -10.85 0.5 0.57 -21.43 0.61 0.37 -2.46 0.48 0.1 9.3 13.19 11.63 -19.67 -18.94 17.33 21.91 -6.32 6.47 13.78 0 -0 0 -42.53 28.92 98.07 136.17 -50.18 -98.67 -0 0 -107.8 80.98 30.21 72.49 -7.12 0 -0 109.76 -67.36 -134.14 0 -0 0 43.33 -27.78 95.98 -137.33 49.57 -99.55 0 -0 -90.53 -84.31 -51.8 82.77 7.12 -0 -0 -161.92 64.18 -171.46
5.83 15.72 26.78 -524.28 -83.54 540.05 0 0 0 -12.52 -15.36 -6.63 0 0 0 -0.75 15.18 -7.02 0.51 -4.57 -12.69 0 0 0 13.19 29.69 -12.54 -1.63 -8.06 22.89 0.55 -18.73 -21.28 -0.37 3.93 -10.88 0.48 0.58 -21.4 0.61 0.38 -2.5 0.49 0.1 9.25 13.19 11.59 -19.58 -18.87 17.25 21.85 -6.3 6.45 13.71 -0 0 0 -42.49 28.95 98.14 136.25 -50.14 -98.72 -0 0 -107.8 81.03 30.22 72.59 -7.12 0 -0 109.94 -67.33 -134.34 -0 0 0 43.23 -27.83 96.1 -137.43 49.52 -99.63 0 -0 -90.52 -84.53 -51.78 83.06 7.12 -0 -0 -161.97 64.02 -171.56
5.84 15.72 26.78 -523.93 -83.56 539.66 0 0 0 -12.46 -15.38 -6.63 0 -0 -0 -0.75 15.18 -7.03 0.49 -4.5 -12.48 0 0 0 13.24 29.62 -12.54 -1.63 -8.04 22.85 0.55 -18.71 -21.21 -0.37 3.93 -10.88 0.44 0.57 -21.35 0.64 0.38 -2.54 0.54 0.1 9.17 13.23 11.57 -19.49 -18.91 17.22 21.78 -6.33 6.45 13.66 -0 -0 0 -42.48 29.03 98.16 136.35 -50.09 -98.8 -0 0 -107.81 81.12 30.2 72.74 -7.12 0 -0 110.17 -67.28 -134.62 -0 -0 0 43.07 -27.82 96.25 -137.53 49.47 -99.7 0 -0 -90.56 -84.52 -51.81 83.05 7.12 -0 -0 -162.02 64.02 -171.58
5.85 15.72 26.78 -523.36 -83.57 539.06 0 0 0 -12.37 -15.38 -6.64 0 -0 -0 -0.75 15.18 -7.03 0.48 -4.46 -12.37 0 0 0 13.33 29.65 -12.51 -1.62 -8.03 22.8 0.56 -18.72 -21.19 -0.36 3.87 -10.71 0.46 0.61 -21.29 0.61 0.42 -2.61 0.52 0.12 9.05 13.34 11.53 -19.36 -18.87 17.12 21.74 -6.36 6.43 13.61 0 0 0 -42.36 29.1 98.25 136.47 -50.03 -98.89 -0 0 -107.88 80.92 30.19 72.38 -7.12 0 -0 109.53 -67.4 -133.89 0 0 0 43.01 -27.91 96.37 -137.62 49.42 -99.77 0 -0 -90.63 -84.27 -51.88 82.73 7.12 -0 -0 -162.05 64.2 -171.52
5.86 15.72 26.77 -522.81 -83.57 538.49 0 0 0 -12.28 -15.39 -6.67 0 0 0 -0.75 15.17 -7.02 0.48 -4.43 -12.29 0 0 0 13.41 29.71 -12.46 -1.61 -8.01 22.74 0.57 -18.78 -21.16 -0.36 3.85 -10.66 0.48 0.64 -21.24 0.59 0.46 -2.7 0.48 0.14 8.93 13.51 11.5 -19.19 -18.94 17.04 21.68 -6.43 6.42 13.56 0 -0 0 -42.19 29.17 98.31 136.65 -49.93 -99.03 -0 0 -108.04 81.07 30.19 72.66 -7.12 0 -0 110.01 -67.3 -134.44 0 -0 0 42.96 -28 96.5 -137.67 49.39 -99.81 0 -0 -90.73 -84.72 -51.78 83.29 7.12 -0 -0 -162.03 63.88 -171.64
5.88 15.72 26.77 -522.29 -83.6 537.97 0 0 0 -12.19 -15.42 -6.71 0 -0 -0 -0.75 15.15 -7.03 0.46 -4.36 -12.09 0 0 0 13.47 29.58 -12.51 -1.6 -7.99 22.68 0.57 -18.71 -21.04 -0.37 3.9 -10.79 0.54 0.68 -21.21 0.56 0.5 -2.81 0.42 0.15 8.8 13.82 11.47 -19.13 -19.07 16.96 21.73 -6.56 6.4 13.6 -0 -0 0 -42.02 29.21 98.35 136.84 -49.84 -99.18 -0 0 -108.25 81.14 30.19 72.78 -7.12 0 -0 110.21 -67.26 -134.67 -0 -0 0 42.92 -28.13 96.61 -137.72 49.36 -99.85 0 -0 -90.81 -85.08 -51.7 83.74 7.12 -0 -0 -162.05 63.62 -171.76
5.89 15.72 26.77 -521.88 -83.64 537.56 0 0 0 -12.13 -15.47 -6.75 0 -0 -0 -0.75 15.14 -7.03 0.45 -4.31 -11.95 0 0 0 13.5 29.55 -12.54 -1.6 -7.98 22.64 0.57 -18.7 -21 -0.36 3.87 -10.71 0.57 0.72 -21.15 0.54 0.54 -2.94 0.4 0.17 8.63 13.8 11.43 -18.9 -19.05 16.91 21.71 -6.57 6.39 13.53 0 -0 0 -41.79 29.13 98.45 137.07 -49.71 -99.35 -0 0 -108.58 81.29 30.22 73.08 -7.12 0 -0 110.79 -67.16 -135.3 0 -0 0 42.77 -28.32 96.76 -137.86 49.29 -99.95 0 -0 -90.87 -84.65 -51.85 83.21 7.12 -0 -0 -162.14 63.92 -171.68
5.9 15.72 26.77 -521.81 -83.66 537.5 0 0 0 -12.1 -15.5 -6.81 0 0 0 -0.75 15.15 -6.98 0.47 -4.38 -12.14 0 0 0 13.49 29.58 -12.58 -1.6 -7.98 22.65 0.57 -18.7 -21.04 -0.35 3.81 -10.53 0.54 0.74 -21.09 0.53 0.57 -3.08 0.41 0.18 8.43 14.03 11.41 -18.61 -19.31 16.91 21.64 -6.73 6.4 13.49 -0 -0 0 -41.52 29 98.57 137.32 -49.58 -99.55 -0 0 -108.98 81.25 30.24 73 -7.12 0 -0 110.69 -67.19 -135.18 -0 -0 0 42.56 -28.5 97.01 -138.07 49.17 -100.11 0 -0 -90.9 -84.12 -52.02 82.56 7.12 -0 -0 -162.23 64.3 -171.56
