HIERARCHY
ROOT Hips
{
	OFFSET 0.00000 0.00000 0.00000
	CHANNELS 6 Xposition Yposition Zposition Zrotation Yrotation Xrotation 
	JOINT LHipJoint
	{
		OFFSET 0 0 0
		CHANNELS 3 Zrotation Yrotation Xrotation
		JOINT LeftUpLeg
		{
			OFFSET 1.55766 -1.60504 1.11378
			CHANNELS 3 Zrotation Yrotation Xrotation
			JOINT LeftLeg
			{
				OFFSET 2.29047 -6.29302 0.00000
				CHANNELS 3 Zrotation Yrotation Xrotation
				JOINT LeftFoot
				{
					OFFSET 2.52265 -6.93093 0.00000
					CHANNELS 3 Zrotation Yrotation Xrotation
					JOINT LeftToeBase
					{
						OFFSET 0.17633 -0.48446 2.02656
						CHANNELS 3 Zrotation Yrotation Xrotation
						End Site
						{
							OFFSET 0.00000 -0.00000 1.04989
						}
					}
				}
			}
		}
	}
	JOINT RHipJoint
	{
		OFFSET 0 0 0
		CHANNELS 3 Zrotation Yrotation Xrotation
		JOINT RightUpLeg
		{
			OFFSET -1.48599 -1.60504 1.11378
			CHANNELS 3 Zrotation Yrotation Xrotation
			JOINT RightLeg
			{
				OFFSET -2.27280 -6.24448 0.00000
				CHANNELS 3 Zrotation Yrotation Xrotation
				JOINT RightFoot
				{
					OFFSET -2.50834 -6.89161 0.00000
					CHANNELS 3 Zrotation Yrotation Xrotation
					JOINT RightToeBase
					{
						OFFSET -0.26967 -0.74090 2.08741
						CHANNELS 3 Zrotation Yrotation Xrotation
						End Site
						{
							OFFSET -0.00000 -0.00000 1.10614
						}
					}
				}
			}
		}
	}
	JOINT LowerBack
	{
		OFFSET 0 0 0
		CHANNELS 3 Zrotation Yrotation Xrotation
		JOINT Spine
		{
			OFFSET 0.06481 2.02437 -0.08472
			CHANNELS 3 Zrotation Yrotation Xrotation
			JOINT Spine1
			{
				OFFSET 0.00015 1.96711 0.18069
				CHANNELS 3 Zrotation Yrotation Xrotation
				JOINT Neck
				{
					OFFSET 0 0 0
					CHANNELS 3 Zrotation Yrotation Xrotation
					JOINT Neck1
					{
						OFFSET -0.29961 1.68293 -0.13041
						CHANNELS 3 Zrotation Yrotation Xrotation
						JOINT Head
						{
							OFFSET 0.59697 1.61501 -0.14669
							CHANNELS 3 Zrotation Yrotation Xrotation
							End Site
							{
								OFFSET 0.22973 1.74906 -0.10148
							}
						}
					}
				}
				JOINT LeftShoulder
				{
					OFFSET 0 0 0
					CHANNELS 3 Zrotation Yrotation Xrotation
					JOINT LeftArm
					{
						OFFSET 3.37968 1.02893 0.31147
						CHANNELS 3 Zrotation Yrotation Xrotation
						JOINT LeftForeArm
						{
							OFFSET 5.19807 -0.00000 -0.00000
							CHANNELS 3 Zrotation Yrotation Xrotation
							JOINT LeftHand
							{
								OFFSET 3.09370 -0.00000 -0.00000
								CHANNELS 3 Zrotation Yrotation Xrotation
								JOINT LeftFingerBase
								{
									OFFSET 0 0 0
									CHANNELS 3 Zrotation Yrotation Xrotation
									JOINT LeftHandIndex1
									{
										OFFSET 0.67263 -0.00000 -0.00000
										CHANNELS 3 Zrotation Yrotation Xrotation
										End Site
										{
											OFFSET 0.54229 -0.00000 -0.00000
										}
									}
								}
								JOINT LThumb
								{
									OFFSET 0 0 0
									CHANNELS 3 Zrotation Yrotation Xrotation
									End Site
									{
										OFFSET 0.55057 -0.00000 0.55057
									}
								}
							}
						}
					}
				}
				JOINT RightShoulder
				{
					OFFSET 0 0 0
					CHANNELS 3 Zrotation Yrotation Xrotation
					JOINT RightArm
					{
						OFFSET -3.38254 0.96355 -0.16120
						CHANNELS 3 Zrotation Yrotation Xrotation
						JOINT RightForeArm
						{
							OFFSET -5.45222 -0.00000 -0.00000
							CHANNELS 3 Zrotation Yrotation Xrotation
							JOINT RightHand
							{
								OFFSET -3.01284 -0.00000 -0.00000
								CHANNELS 3 Zrotation Yrotation Xrotation
								JOINT RightFingerBase
								{
									OFFSET 0 0 0
									CHANNELS 3 Zrotation Yrotation Xrotation
									JOINT RightHandIndex1
									{
										OFFSET -0.62230 -0.00000 -0.00000
										CHANNELS 3 Zrotation Yrotation Xrotation
										End Site
										{
											OFFSET -0.50171 -0.00000 -0.00000
										}
									}
								}
								JOINT RThumb
								{
									OFFSET 0 0 0
									CHANNELS 3 Zrotation Yrotation Xrotation
									End Site
									{
										OFFSET -0.50937 -0.00000 0.50937
									}
								}
							}
						}
					}
				}
			}
		}
	}
}
MOTION
Frames: 242
Frame Time: 0.0333332
6.68 15.83 38.01 -179.78 -22.22 -165.91 0 0 0 -9.63 -5.11 -25.13 7.55 15.78 50.93 -0.44 12.77 0.89 2.98 -10.67 -31.17 0 0 0 22.8 11.12 -15.86 -1.68 -8.17 23.23 0.52 22.69 -11.9 -0.01 0.73 -2.02 6.94 3.52 -7.84 -1.98 3.78 -6.74 -5.7 1.38 -2.05 -32.91 -3.88 9.61 42.69 -10.87 -5.55 24.33 -7.71 1.66 0 0 0 -85.41 23 29.83 45.01 -50.77 -22.25 -0 0 -32.23 11.41 -8.02 -1.61 -7.12 0 -0 -11.17 21.86 6.33 0 0 0 83.55 -29.17 43.75 -35.02 44.83 -14.83 0 0 3.32 -10.03 -5.13 0.91 7.12 -0 -0 13.75 -34.92 3.49
6.66 15.81 37.94 -179.46 -20.29 -166.37 0 0 0 -9.03 -6.22 -26.56 8.7 16.61 55.06 -0.31 11.97 3.02 2.28 -9.42 -27.13 0 0 0 23.11 12.07 -14.72 -1.66 -8.11 23.06 0.54 22.96 -11.95 -0.01 0.73 -2.01 7.5 3.46 -7.38 -1.96 3.7 -6.73 -6.03 1.31 -2.28 -33.12 -3.94 11.05 42.89 -11.08 -7.42 24.68 -7.98 1.01 0 -0 0 -85.92 24.88 28 53.86 -54.44 -29.29 -0 0 -35.84 12.24 -8.73 -1.89 -7.12 0 -0 -10.54 21.11 6.14 0 -0 0 81.55 -30.87 45.93 -37.25 46.35 -16.42 0 0 2.02 -9.69 -5.13 0.88 7.12 -0 -0 14.02 -34.9 3.56
6.64 15.75 37.89 -178.83 -18.2 -167.16 0 0 0 -8.15 -7.17 -27.98 9.93 17.37 59.26 -0.11 7.94 2.71 2.14 -9.15 -26.25 0 0 0 23.76 13.8 -13.6 -1.78 -8.4 23.92 0.4 22.79 -12.99 -0.03 1.07 -2.95 8.07 3.37 -6.67 -1.7 3.64 -6.56 -6.12 1.27 -2.49 -33.18 -3.94 12.35 43.05 -11.23 -9.08 25 -8.21 0.41 0 0 0 -86.89 25.74 25.94 60.92 -56.55 -35.11 -0 0 -38.52 13.66 -9.12 -2.21 -7.12 0 -0 -9.51 20.65 5.62 0 0 0 79.62 -31.09 47.34 -37.45 46.49 -16.57 0 0 0.68 -8.81 -5.26 0.81 7.12 -0 -0 14.76 -34.99 3.73
6.62 15.64 37.83 -178 -15.99 -168.27 0 0 0 -7.21 -8.01 -29.21 11.05 17.96 62.94 -0 1.33 0.63 2.6 -10.03 -29.06 0 0 0 24.74 16.37 -12.77 -2.15 -9.17 26.33 0.2 22.26 -14.14 -0.01 0.78 -2.15 8.51 3.21 -5.8 -1.21 3.54 -6.18 -5.88 1.25 -2.61 -33.21 -3.95 13.54 43.15 -11.38 -10.65 25.28 -8.41 -0.16 -0 -0 0 -88.08 25.59 23.97 65.19 -57.54 -38.69 -0 0 -39.68 15.18 -9.27 -2.5 -7.12 0 -0 -8.42 20.43 5 -0 -0 0 77.95 -29.7 48.09 -35.73 45.33 -15.33 0 0 0.26 -7.22 -5.9 0.75 7.12 -0 -0 16.17 -35.52 3.9
6.6 15.48 37.79 -177.23 -14 -169.54 0 0 0 -6.56 -8.96 -30.58 12.12 18.44 66.38 0.01 -2.6 -2.22 3.17 -10.96 -32.15 0 0 0 25.87 18.74 -12.5 -2.79 -10.35 30.12 -0.1 21.6 -16 -0.03 1.19 -3.28 8.66 2.86 -4.89 -0.53 3.21 -5.52 -5.29 1.15 -2.5 -33.23 -3.96 14.47 43.07 -11.37 -12.27 25.44 -8.48 -0.79 -0 -0 0 -89.26 24.44 22.35 66.9 -57.88 -40.14 -0 0 -39.46 16.31 -8.65 -2.52 -7.12 0 -0 -7.62 21 4.42 -0 -0 0 76.65 -26.62 48.23 -32.57 43 -13.13 0 0 0.24 -5.74 -7.46 0.75 7.12 -0 -0 17.72 -36.94 3.66
6.57 15.29 37.74 -176.47 -12.51 -170.93 0 0 0 -6.05 -10.06 -32.14 13.11 18.82 69.46 0.11 -3.58 -5.92 3.62 -11.63 -34.44 0 0 0 27.06 20 -12.74 -3.59 -11.6 34.33 -0.26 21.85 -17.27 -0.05 1.41 -3.89 8.77 2.3 -4.06 0.26 2.58 -4.75 -4.57 0.91 -2.28 -33.17 -3.84 15.37 42.68 -11.09 -13.71 25.38 -8.34 -1.54 0 0 0 -90.2 23 20.96 67.42 -57.98 -40.57 -0 0 -37.55 15.59 -7.38 -2.05 -7.12 0 -0 -8.18 22.35 4.5 0 0 0 76 -22.61 47.58 -28.75 39.8 -10.6 0 0 0.86 -4.88 -9.18 0.78 7.12 -0 -0 18.86 -38.51 3.15
6.54 15.11 37.68 -175.56 -11.46 -172.41 0 0 0 -5.46 -10.87 -33.88 13.84 19.07 71.72 0.28 -3.05 -9.49 3.74 -11.81 -35.05 0 0 0 28.42 20.28 -12.91 -4.38 -12.65 38.05 -0.28 22.66 -17.94 -0.02 1 -2.76 9.03 1.53 -3.13 1.17 1.65 -3.86 -3.8 0.51 -2.02 -33.15 -3.8 15.65 41.93 -10.71 -14.74 24.91 -8.03 -2.11 -0 -0 0 -91.07 21.23 19.19 68.21 -58.13 -41.25 -0 0 -34.51 12.96 -6.9 -1.58 -7.12 0 -0 -10.12 22.93 5.46 -0 -0 0 75.93 -17.98 46.17 -25.23 36.44 -8.42 0 0 2.11 -5.44 -11.36 1.08 7.12 -0 -0 19.01 -40.62 2.14
6.5 14.93 37.6 -174.57 -10.41 -173.76 0 0 0 -4.87 -10.96 -35.83 14.25 19.19 72.95 0.5 -1.77 -12.86 3.83 -11.93 -35.48 0 0 0 29.84 20.13 -12.66 -5.01 -13.39 40.86 -0.35 23.34 -18.86 -0.03 1.17 -3.21 9.39 0.79 -2.09 2 0.77 -3 -3.18 0.11 -1.84 -32.98 -3.98 14.99 40.78 -10.39 -15.06 23.85 -7.65 -2.31 -0 0 0 -91.59 19.66 17.13 72.14 -58.76 -44.6 -0 0 -31.62 10.54 -8 -1.48 -7.12 0 -0 -11.8 21.9 6.69 -0 0 0 76.78 -13.67 43.9 -23.32 34.44 -7.32 0 0 3.42 -7.7 -15.18 2.03 7.12 -0 -0 18.28 -44.48 0.24
6.46 14.78 37.52 -173.78 -9 -174.68 0 0 0 -4.48 -10.27 -38.01 14.25 19.19 72.97 0.7 -0.59 -15.57 3.79 -11.88 -35.3 0 0 0 30.91 20.16 -12.38 -5.51 -13.94 42.98 -0.36 24.33 -19.55 -0.03 1.15 -3.17 9.69 0.42 -1.11 2.64 0.34 -2.15 -2.69 -0.07 -1.56 -32.64 -4.57 12.98 39.42 -10.17 -14.78 21.82 -7.2 -2 0 -0 0 -91.72 18.86 15.43 82.77 -59.8 -53.74 -0 0 -30.29 9.85 -8.67 -1.5 -7.12 0 -0 -12.25 21.26 7.14 0 -0 0 78.42 -10.25 40.88 -24.23 35.41 -7.84 0 0 4.65 -11.48 -19.43 3.86 7.12 -0 -0 16.43 -49.05 -1.68
6.42 14.67 37.44 -173.43 -7.45 -174.96 0 0 0 -4.38 -9.36 -40.4 13.8 19.05 71.59 0.83 0.16 -17.24 3.71 -11.77 -34.92 0 0 0 31.35 20.44 -12.34 -5.88 -14.31 44.49 -0.24 25.5 -19.55 -0.01 0.79 -2.17 9.65 0.37 -0.16 3.05 0.33 -1.66 -2.24 -0.06 -1.58 -32.61 -5.05 10.79 37.51 -9.98 -13.96 20.35 -6.69 -1.6 0 0 0 -91.33 19.11 13.94 98.61 -59.72 -67.45 -0 0 -31.7 9.7 -8.78 -1.5 -7.12 0 -0 -12.35 21.15 7.23 0 0 0 80.64 -8.56 37.89 -28.74 39.79 -10.59 0 0 3.35 -13.54 -21.67 5.08 7.12 -0 -0 15.41 -51.56 -2.54
6.35 14.66 37.31 -173.6 -5.54 -174.84 0 0 0 -4.77 -8.55 -41.91 12.79 18.7 68.46 0.95 0.43 -18.59 3.7 -11.76 -34.87 0 0 0 31.08 20.73 -11.79 -5.94 -14.37 44.74 -0.02 26.67 -18.99 -0.01 0.68 -1.86 9.39 0.64 0.43 3.11 0.77 -1.51 -2.05 0.16 -1.72 -32.64 -5.43 8.89 35.77 -9.94 -12.45 19.09 -6.3 -1.01 -0 0 0 -90.3 20.09 12.11 114.47 -57.61 -81.02 -0 0 -33.18 8.5 -9.05 -1.35 -7.12 0 -0 -13.18 20.93 7.81 -0 0 0 83.22 -8.73 36.44 -37.51 46.52 -16.61 0 -0 -3.56 -13.73 -21.09 5.03 7.12 -0 -0 14.97 -51.02 -2.26
6.28 14.74 37.16 -173.89 -3.81 -174.21 0 0 0 -4.93 -8.55 -42.8 11.37 18.11 63.97 1.02 0.83 -19.42 3.74 -11.8 -35.04 0 0 0 30.49 20.91 -11.02 -5.65 -14.08 43.58 0.32 27.51 -17.47 -0.01 0.47 -1.3 9.3 1.11 0.47 2.88 1.41 -1.72 -2.25 0.47 -1.89 -32.59 -5.84 7.31 34.49 -10.16 -10.54 18.13 -6.15 -0.24 0 0 0 -88.79 21.05 9.91 126.75 -54.22 -91.21 -0 0 -32.62 7.47 -9.86 -1.29 -7.12 0 -0 -13.85 20.17 8.48 0 0 0 85.97 -9.55 36.65 -49.92 52.96 -26.11 0 -0 -12.07 -13.79 -19.7 4.73 7.12 -0 -0 14.36 -49.67 -1.68
6.18 14.89 36.96 -174.31 -2.25 -173.26 0 0 0 -4.89 -9.37 -42.75 9.64 17.2 58.29 1.02 0.69 -19.35 3.69 -11.74 -34.81 0 0 0 29.65 21.01 -9.83 -5.09 -13.48 41.2 0.65 27.75 -15.52 -0.01 0.74 -2.02 9.15 1.6 0.07 2.43 2.06 -2.33 -2.63 0.77 -2.22 -32.62 -5.97 6.64 33.92 -10.38 -8.6 17.7 -6.15 0.42 -0 0 0 -87.28 22.16 7.17 135.16 -50.69 -97.88 -0 0 -32.06 7.65 -10.96 -1.46 -7.12 0 -0 -13.64 19.08 8.68 -0 0 0 88.24 -10.67 38.6 -62.84 57.02 -36.71 0 -0 -14.4 -13.52 -16.95 4.01 7.12 -0 -0 13.64 -46.91 -0.65
6.08 15.09 36.74 -174.76 -0.59 -172.19 0 0 0 -4.64 -10.56 -41.93 7.88 16.03 52.12 0.89 0.1 -17.85 3.68 -11.72 -34.76 0 0 0 28.68 21.21 -8.34 -4.4 -12.67 38.15 1.04 27.84 -12.94 -0.05 1.5 -4.13 8.99 2.16 -0.58 1.84 2.77 -3.11 -3.15 1.08 -2.57 -32.94 -5.89 6.57 34.11 -10.63 -6.72 17.78 -6.28 1.04 -0 0 0 -86.04 23.11 4.21 140.59 -47.72 -102 -0 0 -33.29 9.17 -11.61 -1.86 -7.12 0 -0 -12.55 18.38 8.15 -0 0 0 89.46 -11.37 42.28 -72.8 58.85 -45.16 0 -0 -10.99 -12.12 -14.04 2.98 7.12 -0 -0 14.02 -43.87 0.4
5.95 15.31 36.47 -175.34 -1.11 -172.28 0 0 0 -4.64 -13.8 -38.97 6.26 14.67 46.01 0.71 -2.33 -15.32 3.48 -11.44 -33.78 0 0 0 27.95 19.38 -5.93 -3.64 -11.67 34.57 1.53 27.86 -9.09 -0.01 0.66 -1.83 9.25 1.95 -0.82 1.17 2.49 -3.67 -3.99 0.89 -3.01 -33.35 -5.7 6.99 34.57 -10.94 -5.03 18.09 -6.52 1.58 -0 0 0 -85.25 23.82 1.48 143.93 -45.56 -104.43 -0 0 -35.77 11.22 -12.1 -2.38 -7.12 0 -0 -11.12 17.79 7.33 -0 0 0 89.25 -11.66 47.33 -79.84 59.61 -51.21 0 -0 -7.37 -10.74 -11.11 2.09 7.12 -0 -0 14.44 -40.85 1.51
5.85 15.48 36.21 -175.45 0.21 -171.37 0 0 0 -4 -15.22 -37.35 5.2 13.61 41.7 0.5 -5.72 -12.67 3.22 -11.04 -32.41 0 0 0 27.27 19.25 -4.36 -3.03 -10.74 31.42 1.98 28.29 -5.65 -0 0.29 -0.81 9.1 2.11 -1.75 0.66 3.18 -4.4 -4.43 1.44 -3.18 -33.69 -5.49 7.58 35.13 -11.27 -3.83 18.46 -6.8 1.97 -0 -0 0 -84.77 24.09 -0.8 145.88 -44.17 -105.8 -0 0 -38.26 13.31 -12.83 -3.01 -7.12 0 -0 -9.66 16.92 6.52 -0 -0 0 88.13 -11.24 52.74 -84.99 59.91 -55.66 0 -0 -6.01 -9.27 -7.36 1.2 7.12 -0 -0 14.8 -37.06 2.97
5.75 15.59 35.95 -175.16 2.37 -170 0 0 0 -3.19 -15.5 -36.58 4.66 12.99 39.33 0.25 -9.11 -10.22 2.95 -10.61 -30.99 0 0 0 26.59 19.72 -3.64 -2.6 -10.03 29.06 2.48 29.49 -2.64 -0 -0.15 0.41 9.03 2.93 -2.83 0.19 4.27 -5.15 -4.83 1.99 -3.18 -33.98 -5.44 8.07 35.8 -11.77 -2.98 18.86 -7.18 2.37 0 0 0 -84.42 23.79 -2.33 146.7 -43.56 -106.37 -0 0 -40.08 15 -13.75 -3.64 -7.12 0 -0 -8.5 15.87 5.92 0 0 0 86.53 -10.24 58.14 -90.19 60 -60.16 0 -0 -8.54 -7.73 -6.13 0.83 7.12 -0 -0 15.8 -35.77 3.7
5.62 15.62 35.7 -174.59 4.41 -168.48 0 0 0 -2.59 -15.31 -36.41 4.54 12.85 38.8 0.13 -10.28 -9.11 2.56 -9.95 -28.81 0 0 0 25.88 20.19 -3.58 -2.33 -9.51 27.42 3 31.13 -0.46 -0.02 -0.86 2.37 9.47 3.81 -3.98 -0.27 5.43 -5.79 -5.47 2.57 -2.97 -34.29 -5.43 8.75 36.64 -12.25 -2.98 19.39 -7.58 2.53 -0 0 0 -84.15 22.57 -3.39 146.53 -43.69 -106.25 -0 0 -41.04 15.59 -14.17 -3.91 -7.12 0 -0 -8.09 15.39 5.71 -0 0 0 84.59 -8.97 63.16 -96.94 59.82 -66.01 0 -0 -11.63 -6.71 -9 1.05 7.12 -0 -0 17.31 -38.48 2.88
5.5 15.59 35.44 -174.09 5.23 -167.67 0 0 0 -2.69 -14.58 -36.22 4.63 12.95 39.19 0.28 -9.8 -10.86 2.82 -10.4 -30.29 0 0 0 25.84 20.32 -2.52 -2.1 -9.06 25.99 3.12 31.73 -0.59 -0.04 -1.22 3.36 9.81 4.37 -4.81 -0.72 6.11 -6.02 -6.03 2.92 -2.58 -34.36 -5.51 9.76 37.71 -12.78 -4.01 20.01 -8.05 2.41 -0 -0 0 -83.75 20.18 -4.2 145.62 -44.37 -105.62 -0 0 -40.71 14.41 -13.2 -3.36 -7.12 0 -0 -8.89 16.47 6.08 -0 -0 0 82.79 -7.72 67.2 -105.48 59.08 -73.36 0 -0 -12.6 -7.66 -12.52 1.67 7.12 -0 -0 17.47 -41.94 1.37
5.39 15.51 35.2 -173.67 5.73 -167.08 0 0 0 -3.3 -12.85 -36.73 4.86 13.23 40.23 0.47 -10.27 -13.23 2.7 -10.19 -29.6 0 0 0 26.03 20.93 -1.43 -2.01 -8.89 25.45 2.95 31.6 -2.13 -0.03 -1.19 3.26 10.01 4.88 -5.2 -1.33 6.72 -6.06 -6.7 3.22 -2.21 -34.02 -5.7 11.02 39.2 -13.36 -6.11 20.83 -8.64 2.01 -0 0 0 -83.17 16.79 -5.02 144.77 -44.98 -105.02 -0 0 -39.48 12.56 -10.86 -2.4 -7.12 0 -0 -10.23 18.96 6.45 -0 0 0 81.51 -6.59 70.05 -115.6 57.37 -81.98 0 -0 -12.85 -9.71 -15.28 2.58 7.12 -0 -0 16.54 -44.81 0.08
5.29 15.4 34.97 -173.66 5.67 -166.97 0 0 0 -4.01 -12.18 -37.22 5.28 13.69 42 0.67 -11.13 -15.48 2.71 -10.21 -29.67 0 0 0 26.07 21.61 -0.58 -2.14 -9.15 26.27 2.62 31.06 -4.35 -0.01 -0.75 2.05 9.71 5.07 -4.45 -2.1 7.03 -6.18 -7.4 3.34 -2.62 -33.27 -6.01 12.53 40.91 -14.16 -8.68 21.73 -9.47 1.56 0 0 0 -82.41 13.9 -5.28 144.92 -44.87 -105.13 -0 0 -37.13 13.57 -10.25 -2.46 -7.12 0 -0 -9.53 19.51 5.88 0 0 0 80.67 -6.11 71.49 -124.91 54.85 -89.71 0 -0 -13.31 -10.42 -15.74 2.86 7.12 -0 -0 16.05 -45.34 -0.14
5.2 15.3 34.77 -173.84 4.83 -167.03 0 0 0 -4.48 -12.88 -37.67 5.75 14.18 43.97 0.8 -11.86 -16.83 2.81 -10.39 -30.24 0 0 0 26.05 22.1 -0.54 -2.49 -9.82 28.39 2.35 30.23 -5.45 -0 -0.42 1.15 9.12 4.83 -3.08 -2.8 6.83 -6.43 -7.99 3.18 -3.66 -32.55 -6.45 14.13 42.32 -15.38 -11.14 23.1 -10.59 1.32 -0 0 0 -82.15 13.07 -5.71 146.78 -43.5 -106.43 -0 0 -34.18 15.32 -11.57 -3.14 -7.12 0 -0 -8.28 18.07 5.36 -0 0 0 80.1 -6.61 71.55 -132.07 52.13 -95.47 0 -0 -12.4 -8.94 -13.22 2.06 7.12 -0 -0 16.57 -42.74 0.95
5.11 15.29 34.54 -173.88 3.52 -166.92 0 0 0 -4.99 -13.63 -37.51 5.91 14.34 44.61 0.86 -12.5 -17.52 2.74 -10.27 -29.84 0 0 0 26.03 21.8 -1.19 -2.85 -10.46 30.47 2.34 29.51 -4.14 -0 -0.19 0.51 8.31 4.48 -2.55 -2.98 6.41 -6.5 -7.81 2.97 -4.18 -32.15 -6.97 16.05 43.87 -16.6 -14.33 24.2 -11.72 0.89 -0 -0 0 -83.2 14.27 -6.73 149.82 -41.05 -108.47 -0 0 -35.97 14.06 -13.1 -3.25 -7.12 0 -0 -9.14 16.6 6.23 -0 -0 0 79.22 -8.39 69.89 -136.61 49.95 -99 0 -0 -8.14 -6.56 -6.72 0.77 7.12 -0 -0 16.88 -36.28 3.75
5.03 15.39 34.25 -173.98 2.65 -166.63 0 0 0 -5.95 -13.46 -36.12 5.54 13.97 43.11 0.82 -13.27 -17.41 2.52 -9.87 -28.56 0 0 0 25.67 20.91 -1.98 -3.08 -10.83 31.7 2.58 28.8 0.3 -0 -0.38 1.05 7.94 4.42 -2.92 -3.5 6.31 -6.5 -8.12 2.94 -3.96 -31.24 -7.34 18.36 45.18 -17.53 -17.72 25.28 -12.75 0.1 -0 -0 0 -83.59 16.64 -7.06 151.69 -39.4 -109.68 -0 0 -39.51 12.77 -13.65 -3.06 -7.12 0 -0 -10.02 16.14 6.95 -0 -0 0 79.34 -11.19 67 -138.51 48.93 -100.44 0 -0 -4.28 -4.89 -0.01 0 7.12 -0 -0 16.89 -29.75 6.54
4.95 15.55 33.94 -174.13 2.46 -166.19 0 0 0 -7.11 -12.7 -34 4.92 13.29 40.45 0.72 -13.78 -16.79 2.31 -9.49 -27.34 0 0 0 25.05 19.88 -3.12 -3.3 -11.17 32.86 2.61 27.43 6.75 -0.01 -0.71 1.95 7.67 4.66 -3.32 -4.22 6.67 -6.93 -8.72 3.14 -4.08 -30.12 -7.62 20.93 46.12 -18.39 -20.4 26.2 -13.7 -0.71 -0 0 0 -83.28 19.84 -5.67 151.83 -39.27 -109.77 -0 0 -42.55 14.01 -13.63 -3.37 -7.12 0 -0 -9.17 16.07 6.36 -0 0 0 80.24 -14.74 64.04 -138.49 48.94 -100.43 0 -0 -4.3 -4.64 1.9 -0.15 7.12 -0 -0 16.77 -27.91 7.26
4.87 15.71 33.63 -174.44 2.41 -165.59 0 0 0 -8.3 -12.06 -32.08 4.32 12.58 37.81 0.59 -14.12 -15.81 2.13 -9.13 -26.21 0 0 0 24.18 18.7 -5.28 -3.73 -11.79 34.98 2.15 25.09 13.19 -0.05 -1.46 4.02 6.9 4.95 -4.55 -4.66 7.07 -7.11 -8.61 3.42 -3.53 -29.3 -7.82 23.46 46.87 -19.13 -22.74 27.2 -14.5 -1.49 0 0 0 -83.21 22.28 -2.95 150.05 -40.85 -108.62 -0 0 -45.78 16.22 -14.77 -4.24 -7.12 0 -0 -7.67 14.72 5.52 0 0 0 81 -17.17 61.13 -136.34 50.09 -98.8 0 -0 -6.47 -5.47 1.19 -0.11 7.12 -0 -0 16.26 -28.61 6.74
4.8 15.82 33.35 -174.96 2.13 -164.99 0 0 0 -9.59 -11.43 -30.76 3.88 12 35.74 0.44 -14.84 -14.79 1.88 -8.6 -24.56 0 0 0 23.11 17.38 -8.47 -4.47 -12.76 38.46 1.35 22.11 18.56 -0.12 -2.19 6.04 5.74 4.99 -5.57 -4.79 7.15 -7.26 -8 3.55 -3.21 -28.79 -8.11 25.48 47.39 -19.95 -24.49 27.9 -15.2 -1.95 0 -0 0 -83.32 24.18 0.23 146.47 -43.74 -106.21 -0 0 -50.04 18 -15.63 -5 -7.12 0 -0 -6.49 13.66 4.81 0 -0 0 81.48 -18.48 58.61 -131.97 52.17 -95.39 0 -0 -8.61 -7.19 -0.46 0.06 7.12 -0 -0 15.2 -30.24 5.66
4.74 15.87 33.11 -175.63 1.71 -164.59 0 0 0 -11 -10.56 -29.88 3.6 11.61 34.36 0.32 -15.98 -14.27 1.59 -7.94 -22.54 0 0 0 21.89 16.38 -12.21 -5.62 -14.05 43.46 0.66 19.48 21.45 -0.22 -2.99 8.26 4.41 4.73 -6.08 -4.65 6.85 -7.18 -7.06 3.47 -3.03 -28.41 -8.39 26.69 47.83 -20.59 -25.97 28.44 -15.74 -2.26 -0 0 0 -83.62 25.26 3.48 141.03 -47.45 -102.32 -0 0 -54.07 19.53 -15.35 -5.36 -7.12 0 -0 -5.45 13.8 4.01 -0 0 0 81.77 -18.15 56.52 -124.83 54.88 -89.64 0 -0 -10.55 -8.28 -2.38 0.35 7.12 -0 -0 14.67 -32.15 4.75
4.69 15.83 32.92 -176.45 1.23 -164.6 0 0 0 -12.44 -10.09 -29.1 3.52 11.5 33.97 0.33 -16.92 -14.92 1.35 -7.34 -20.74 0 0 0 20.55 15.67 -16.18 -7.28 -15.56 49.91 0.7 17.76 17.4 -0.01 -0.71 1.94 3.05 4.15 -5.64 -4.26 6.06 -6.8 -5.95 3.11 -3.15 -28.09 -8.48 27.11 48.15 -20.76 -27.58 29 -15.95 -2.71 -0 0 0 -84.3 25.27 6.38 133.22 -51.61 -96.37 -0 0 -56.72 20.51 -14.15 -5.22 -7.12 0 -0 -4.74 14.95 3.37 -0 0 0 82.02 -16.04 54.82 -113.67 57.77 -80.35 0 -0 -12.05 -7.86 -3.65 0.5 7.12 -0 -0 15.22 -33.36 4.48
4.63 15.71 32.77 -177.3 0.65 -165.38 0 0 0 -13.82 -10.29 -28.17 3.76 11.83 35.13 0.57 -17.19 -16.97 1.23 -7.05 -19.85 0 0 0 19.3 14.58 -19.99 -9.33 -17.01 57.21 0.6 13.54 5.57 -0.64 5.1 -14.2 1.81 3.31 -3.99 -3.6 4.83 -6 -4.7 2.49 -3.52 -27.79 -8.49 26.8 48.37 -20.65 -29.43 29.52 -15.98 -3.23 0 0 0 -85.45 24.02 8.91 122 -55.75 -87.31 -0 0 -58.51 21.12 -13.01 -4.97 -7.12 0 -0 -4.27 16.09 2.93 0 0 0 82.51 -12.4 53.05 -97.09 59.81 -66.13 0 -0 -12.49 -5.35 -3.64 0.34 7.12 -0 -0 17.2 -33.25 5.15
4.58 15.52 32.64 -178.19 0.09 -167.04 0 0 0 -15.25 -10.85 -26.96 4.3 12.55 37.71 0.94 -16.87 -19.63 1.25 -7.1 -20.02 0 0 0 17.93 13.47 -23.29 -11.35 -18.1 63.9 0.15 9.23 -3.2 -1.15 6.81 -19.15 0.69 2.47 -1.18 -2.92 3.52 -4.87 -3.49 1.8 -4.14 -27.34 -8.32 26.57 48.85 -20.56 -31.88 30.63 -16.13 -3.96 -0 0 0 -86.58 21.4 11.91 105.09 -59.12 -73.03 -0 0 -59.14 22.14 -12.56 -5.05 -7.12 0 -0 -3.55 16.48 2.4 -0 0 0 84.16 -7.59 50.11 -74.49 59.07 -46.61 0 -0 -10.78 -1.3 -2.24 0.05 7.12 -0 -0 20.05 -31.75 6.87
4.55 15.29 32.54 -179.53 -0.11 -169.06 0 0 0 -17.17 -10.88 -25.8 4.99 13.38 40.79 1.25 -17.21 -21.82 1.2 -6.96 -19.6 0 0 0 15.65 12.88 -26.5 -13.11 -18.82 69.46 -0.1 9.33 -8.2 -1.44 7.58 -21.44 -0.91 1.9 2.22 -2.48 2.22 -3.79 -2.2 1.02 -5.1 -26.96 -7.96 26.85 49.48 -20.73 -34.31 32.24 -16.48 -4.68 -0 0 0 -87.22 17.26 15.51 80.65 -59.67 -51.91 -0 0 -57.29 24.65 -11.76 -5.34 -7.12 0 -0 -1.76 17.08 1.17 -0 0 0 87.18 -2.12 45.2 -50.34 53.13 -26.44 0 -0 -7.31 3.02 -0.87 -0.05 7.12 -0 -0 22.99 -30.3 8.9
4.53 15.06 32.44 -180.94 0.8 -170.08 0 0 0 -18.94 -9.63 -26.12 5.73 14.16 43.87 1.48 -18.37 -23.69 1.02 -6.43 -18.04 0 0 0 12.81 13.71 -30.97 -14.48 -19.25 73.67 -0.31 10.82 -11.64 -1.66 8.12 -23.08 -2.88 1.19 4.78 -2.28 1.37 -3.35 -0.9 0.8 -6.18 -26.68 -7.77 27.41 50.08 -21.31 -35.9 33.35 -17.03 -4.97 -0 -0 0 -87.06 12.56 20.68 57.5 -55.61 -32.27 -0 0 -51.78 31.18 -8.46 -5.09 -7.12 0 -0 3.08 20.13 -1.84 -0 -0 0 90.81 3.34 37.98 -30.65 41.45 -11.84 0 -0 -1.41 0.29 -2.93 -0.01 7.12 -0 -0 21.41 -32.33 7.08
4.52 14.89 32.28 -181.24 2.22 -169.83 0 0 0 -19.3 -7.98 -27.44 6.36 14.77 46.42 1.76 -19.35 -25.65 0.92 -6.12 -17.12 0 0 0 11.15 15.13 -36.28 -15.08 -19.41 75.49 -0.55 10.79 -14.2 -1.79 8.41 -23.95 -3.85 0.76 5.55 -2.08 0.69 -3.34 -0.1 0.51 -6.63 -26.11 -7.75 27.79 50.66 -22.07 -36.64 33.87 -17.73 -4.9 0 -0 0 -86.79 9.94 27.88 47.72 -52.03 -24.37 -0 0 -47.65 35.17 -7.96 -5.57 -7.12 0 -0 5.97 20.3 -3.55 0 -0 0 94.05 7.34 25.35 -17.88 28 -4.49 0 0 10.42 -10.58 -9.63 1.79 7.12 -0 -0 14.22 -39.38 2.02
4.53 14.82 32.05 -181.82 3.35 -169.12 0 0 0 -20.06 -6.95 -27.76 6.51 14.9 46.98 1.97 -19.58 -26.89 0.94 -6.16 -17.26 0 0 0 9.52 15.43 -41.25 -14.78 -19.33 74.56 -0.79 9.86 -16.24 -1.92 8.7 -24.87 -4.9 0.22 5.38 -2.18 -0.09 -3.5 0.47 0.19 -6.68 -29.89 -15.92 28.56 51.91 -21.75 -30.09 32.7 -14.2 -1.15 -0 0 0 -87.09 9.57 34.59 51.18 -53.46 -27.12 -0 0 -47.49 30.89 -9.67 -5.74 -7.12 0 -0 2.77 18.75 -1.73 -0 0 0 95.02 7.86 8.82 -11.98 19.78 -2.1 0 0 21.55 -18.82 -17.64 5.9 7.12 -0 -0 8.9 -48.35 -0.74
4.55 14.89 31.75 -182.13 4 -168.15 0 0 0 -20.63 -6.71 -26.53 6.02 14.45 45.08 2.08 -18.61 -27.25 1.13 -6.74 -18.94 0 0 0 9.01 14.39 -44.94 -13.43 -18.93 70.46 -1.01 8.18 -17.99 -2.03 8.92 -25.56 -5.47 -0.42 4.86 -2.23 -0.95 -4.01 0.82 -0.18 -6.88 -29.55 -16.52 29.46 52.4 -22.73 -30.11 32.47 -15.03 -0.73 -0 0 0 -87.79 9.69 40.96 59.35 -56.13 -33.8 -0 0 -44.01 25.91 -11.82 -5.68 -7.12 0 -0 -0.89 16.88 0.59 -0 0 0 93.13 4.16 3.38 -10.8 17.98 -1.71 0 0 14.85 -20.46 -19.81 7.21 7.12 -0 -0 7.96 -50.84 -1.15
4.59 15.07 31.38 -181.96 4.79 -167.45 0 0 0 -20.88 -6.35 -23.45 5 13.39 40.83 2.09 -16.53 -26.79 1.55 -7.86 -22.28 0 0 0 10.16 12.82 -46.58 -11.27 -18.07 63.67 -1.19 4.42 -19.6 -2.03 8.93 -25.58 -5.36 -0.95 4.29 -2.21 -1.59 -4.52 0.83 -0.47 -7.06 -29.19 -16.89 30.77 52.61 -23.35 -30.54 32.58 -15.6 -0.8 -0 0 0 -88.36 9.28 47.25 67.85 -58.06 -40.94 -0 0 -39.67 22.03 -12.7 -5.08 -7.12 0 -0 -3.63 16.33 2.47 -0 0 0 90.14 -1.83 5.67 -11.85 19.58 -2.05 0 0 5.58 -15.07 -16.11 4.27 7.12 -0 -0 11.95 -46.28 -0.38
4.65 15.3 30.95 -181.37 6.3 -167.06 0 0 0 -20.9 -5.24 -19.15 3.78 11.87 35.27 1.93 -13.91 -25.35 2.2 -9.27 -26.64 0 0 0 12.65 11.15 -46.75 -8.91 -16.75 55.77 -1.14 0.13 -20.11 -1.74 8.31 -23.65 -4.81 -1.3 3.4 -2.06 -1.95 -4.92 0.71 -0.66 -6.96 -28.85 -16.94 31.49 52.33 -23.5 -30.32 32.16 -15.78 -0.99 0 0 0 -88.65 8.94 52.96 76.69 -59.32 -48.5 -0 0 -38.82 18.9 -13.13 -4.45 -7.12 0 -0 -5.8 16.17 3.98 0 0 0 86.81 -8.41 7.11 -13.19 21.57 -2.52 0 0 9.32 -7.52 -9.1 1.2 7.12 -0 -0 16.66 -38.63 2.7
4.73 15.5 30.51 -180.75 7.96 -166.43 0 0 0 -20.79 -3.58 -15.49 2.79 10.35 30.1 1.61 -12 -23.04 2.84 -10.43 -30.39 0 0 0 15.8 9.07 -47.19 -6.95 -15.29 48.67 -0.92 -2.26 -19.1 -1.39 7.47 -21.12 -4.3 -1.79 2.11 -1.77 -2.46 -5.42 0.73 -0.91 -6.73 -28.85 -16.68 31.65 51.72 -23.52 -29.18 31.21 -15.8 -0.9 0 0 0 -88.54 9.14 57.79 84.74 -59.9 -55.45 -0 0 -36.96 15.97 -13.7 -3.88 -7.12 0 -0 -7.83 15.84 5.44 0 0 0 83.19 -14.48 8.26 -14.57 23.54 -3.05 0 0 13.92 -3.32 -5.17 0.3 7.12 -0 -0 19.12 -34.61 5.12
4.84 15.65 30.07 -180.49 9.55 -165.48 0 0 0 -20.83 -1.72 -13.17 2.15 9.18 26.36 1.24 -11.46 -20.31 3.2 -11.01 -32.31 0 0 0 19.45 6.27 -48.75 -5.63 -14.06 43.47 -0.66 -3.6 -17.09 -1.37 7.41 -20.92 -4.16 -2.46 0.65 -1.53 -3.2 -5.96 0.91 -1.25 -6.42 -29.02 -16.33 31.43 51.2 -23.5 -27.61 30.34 -15.77 -0.57 0 0 0 -87.68 9.31 62.01 92.37 -59.98 -62.05 -0 0 -34.35 12.95 -13.61 -3.1 -7.12 0 -0 -9.89 16.16 6.85 0 0 0 79.47 -19.02 9.97 -15.57 24.93 -3.46 0 0 10.22 -3.91 -6.83 0.47 7.12 -0 -0 19.05 -36.22 4.31
4.98 15.74 29.65 -180.66 11.01 -164.56 0 0 0 -21.08 -0 -11.69 1.78 8.4 23.94 0.91 -11.88 -17.75 3.47 -11.42 -33.69 0 0 0 23.53 2.97 -50.95 -4.89 -13.26 40.35 -0.36 -5.77 -14.9 -1.42 7.52 -21.28 -4.47 -3.28 -0.78 -1.38 -4.16 -6.36 1.22 -1.68 -5.95 -28.93 -16.13 30.86 50.83 -23.38 -26.25 29.64 -15.64 -0.28 -0 0 0 -86 9.12 65.98 100.13 -59.61 -68.76 -0 0 -31.46 10.54 -13.37 -2.46 -7.12 0 -0 -11.55 16.56 7.94 -0 0 0 75.9 -21.75 10.38 -16.01 25.53 -3.65 0 0 4.39 -7.19 -9.52 1.2 7.12 -0 -0 17.04 -39.01 2.6
5.14 15.75 29.23 -181.01 12.76 -163.97 0 0 0 -21.42 1.67 -10.51 1.61 8 22.73 0.68 -12.43 -15.98 3.88 -12 -35.73 0 0 0 27.93 -0.22 -52.91 -4.57 -12.89 38.95 -0.12 -8.39 -14.11 -1.32 7.27 -20.52 -5.02 -3.98 -1.9 -1.32 -4.99 -6.62 1.53 -2.05 -5.5 -28.61 -16.01 30.41 50.66 -23.15 -25.37 29.32 -15.48 -0.2 0 0 0 -83.69 8.57 69.91 107.24 -58.85 -74.87 -0 0 -29.71 8.92 -13.73 -2.13 -7.12 0 -0 -12.64 16.3 8.8 0 0 0 72.71 -23.3 8.21 -15.92 25.41 -3.61 0 0 4.88 -9.59 -11.05 1.85 7.12 -0 -0 15.41 -40.69 1.68
5.32 15.69 28.8 -181.49 14.77 -163.82 0 0 0 -21.81 3.27 -9.42 1.61 8 22.71 0.52 -13.23 -14.81 4.35 -12.61 -37.94 0 0 0 31.67 -2.71 -53.87 -4.55 -12.86 38.85 -0.04 -9.78 -14.61 -0.5 4.55 -12.62 -5.7 -4.53 -2.73 -1.27 -5.64 -6.81 1.91 -2.33 -5.12 -28.43 -15.78 30.31 50.45 -22.82 -24.96 29.25 -15.28 -0.34 -0 -0 0 -81.19 8 73.56 112.64 -57.97 -79.47 -0 0 -30.35 7.55 -14.29 -1.87 -7.12 0 -0 -13.54 15.83 9.61 -0 -0 0 69.9 -24.35 4.2 -15.84 25.31 -3.58 0 0 9.35 -10.97 -12.27 2.36 7.12 -0 -0 14.54 -42.01 1.1
5.5 15.55 28.37 -182.09 17.33 -163.91 0 0 0 -22.35 5.32 -9.19 1.87 8.59 24.52 0.37 -14.61 -14.02 4.82 -13.18 -40.04 0 0 0 33.13 -3.06 -53.02 -4.64 -12.97 39.26 -0.1 -10.65 -16.61 -0.03 1.1 -3.03 -6.24 -4.81 -3.52 -1.32 -5.92 -6.99 2.09 -2.43 -4.81 -28.42 -15.58 30.37 50.2 -22.61 -24.92 29.18 -15.16 -0.53 0 -0 0 -78.61 7.42 76.7 115.86 -57.32 -82.2 -0 0 -33.2 6.08 -14.45 -1.52 -7.12 0 -0 -14.51 15.75 10.37 0 -0 0 67.94 -24.86 -0.85 -16.28 25.9 -3.77 0 0 10.98 -12.93 -13.69 3.11 7.12 -0 -0 13.2 -43.61 0.46
5.67 15.38 27.94 -182.21 20.64 -163.89 0 0 0 -22.43 8.19 -11.2 2.72 10.23 29.72 -0.3 -18.44 -10.03 3.76 -11.84 -35.16 0 0 0 32.39 -0.81 -51.23 -5.14 -13.54 41.44 -0.44 -9.61 -19.51 -0 -0.42 1.15 -5.9 -4.7 -4.24 -1.34 -5.71 -7.28 1.84 -2.33 -4.76 -28.75 -15.41 31.01 50.22 -22.67 -25.47 29.58 -15.26 -0.71 0 0 0 -76.27 7.21 78.97 116.56 -57.16 -82.78 -0 0 -36.15 4.62 -14.08 -1.13 -7.12 0 -0 -15.5 16.18 10.98 0 0 0 67.31 -24.76 -6.25 -17.74 27.83 -4.43 0 0 8.86 -16.42 -16.21 4.7 7.12 -0 -0 10.74 -46.55 -0.42
5.79 15.19 27.56 -180.86 25.26 -163.68 0 0 0 -20.91 11.4 -15.85 4.76 13.11 39.79 -1.24 -21.08 -1.35 2.52 -9.87 -28.56 0 0 0 32.13 2.89 -49.24 -5.96 -14.38 44.8 -0.7 -7.92 -20.62 -0 0.01 -0.02 -4.21 -4.13 -3.94 -0.97 -5.02 -7.5 1.34 -2.07 -5.31 -29.05 -15.46 31.16 50.19 -22.96 -26.11 29.5 -15.47 -0.71 -0 0 0 -74.77 7.99 79.32 113.71 -57.76 -80.38 -0 0 -36.58 3.2 -13.34 -0.74 -7.12 0 -0 -16.5 16.94 11.47 -0 0 0 68.13 -23.03 -11.92 -20.59 31.34 -5.83 0 0 7.87 -20.25 -18.62 6.72 7.12 -0 -0 7.82 -49.57 -0.89
5.88 15.04 27.2 -178.19 31.35 -163.53 0 0 0 -17.97 13.69 -20.06 7.5 15.74 50.76 -1.07 -18.48 11.82 0.5 -4.52 -12.55 0 0 0 34.04 4.98 -45.39 -6.23 -14.65 45.89 -0.98 -5.07 -21.18 -0.01 0.67 -1.84 -1.68 -3.33 -2.38 -0.4 -4.08 -7.44 0.62 -1.76 -6.3 -29.2 -15.56 31.01 50.11 -23.22 -26.56 29.19 -15.64 -0.67 0 0 0 -73.97 10.51 76.95 106.88 -58.9 -74.56 -0 0 -33.57 2.12 -12.32 -0.45 -7.12 0 -0 -17.32 17.95 11.68 0 0 0 70.53 -19.59 -16.38 -25.57 36.78 -8.63 0 0 7.28 -21.45 -19.37 7.43 7.12 -0 -0 6.87 -50.55 -0.94
5.99 15.01 26.83 -175.74 37.86 -163.04 0 0 0 -15.4 13.09 -23.46 10.12 17.48 59.89 -0.91 -18.96 16.94 0.42 -4.15 -11.51 0 0 0 35.78 5.52 -40.9 -6.01 -14.44 45.03 -1.24 -0.63 -21.31 -0.01 0.63 -1.72 0.36 -2.92 -1.05 0.11 -3.56 -7.29 0.08 -1.63 -7.02 -29.9 -15.44 31.38 50.47 -23.65 -26.88 29.64 -15.99 -0.37 -0 -0 0 -74.35 14.45 72.19 97.67 -59.78 -66.64 -0 0 -29.51 4.17 -11.21 -0.81 -7.12 0 -0 -16.02 18.96 10.36 -0 -0 0 74.19 -15.58 -16.42 -34.1 44.16 -14.18 0 0 0.58 -20.68 -18.92 6.98 7.12 -0 -0 7.48 -49.95 -0.92
6.1 15.02 26.45 -173.95 44.38 -161.55 0 0 0 -13.7 10.2 -27.91 12.57 18.62 67.78 -1.46 -21.58 14.54 0.89 -6 -16.79 0 0 0 36.15 6.61 -37.74 -5.84 -14.27 44.32 -1.38 3.9 -21.24 -0 0.43 -1.19 1.61 -2.82 -1.16 0.5 -3.38 -7.37 -0.23 -1.61 -7.09 -29.66 -15.65 31.59 50.39 -23.93 -27.31 29.32 -16.22 -0.46 -0 -0 0 -76.01 18.82 66.02 88.74 -59.99 -58.91 -0 0 -26.44 9.35 -11.29 -1.85 -7.12 0 -0 -12.45 18.68 8 -0 -0 0 78.08 -12.14 -11.11 -46.84 51.64 -23.67 0 -0 -11.15 -20.93 -19.05 7.12 7.12 -0 -0 7.27 -50.12 -0.92
6.21 15.08 26.06 -172.1 52.1 -159.18 0 0 0 -12.3 6.99 -32.44 14.3 19.2 73.11 -1.49 -21.03 8.74 1.81 -8.47 -24.14 0 0 0 35.46 9.13 -34.44 -5.53 -13.96 43.08 -1.31 8.28 -20.48 -0 0.1 -0.29 2.6 -2.49 -2.03 0.62 -2.91 -7.57 -0.7 -1.43 -6.85 -29.18 -16 31.87 50.37 -24.27 -27.71 28.98 -16.5 -0.57 -0 0 0 -78.19 23.1 58.88 81.56 -59.73 -52.69 -0 0 -25.66 13.06 -11.41 -2.63 -7.12 0 -0 -9.86 18.37 6.34 -0 0 0 81.63 -9.58 -2.31 -61.26 56.64 -35.39 0 -0 -16.59 -21.29 -18.03 6.88 7.12 -0 -0 6.65 -49.12 -0.68
6.34 15.24 25.64 -170.44 61.71 -157.35 0 0 0 -11.53 4.18 -34.55 14.72 19.32 74.38 -1.01 -17.64 3.62 2.53 -9.88 -28.6 0 0 0 33.51 12.55 -29.35 -4.93 -13.3 40.5 -1.01 12.52 -18.73 -0 -0.11 0.29 2.73 -1.71 -2.45 0.3 -1.92 -7.59 -1.17 -0.97 -6.61 -28.76 -16.32 32.25 50.46 -24.69 -27.82 28.74 -16.86 -0.53 0 -0 0 -80.6 26.83 51.27 74.98 -59.13 -47.03 -0 0 -29.06 15.31 -10.78 -2.93 -7.12 0 -0 -8.29 18.88 5.22 0 -0 0 84.67 -8.08 8.58 -73.55 58.95 -45.8 0 -0 -10.93 -20.47 -16.05 5.89 7.12 -0 -0 6.93 -46.94 -0.33
6.5 15.47 25.19 -167.09 71.82 -154.01 0 0 0 -10.48 0.42 -34.68 14.17 19.16 72.72 -0.4 -12.61 -1.72 2.87 -10.48 -30.55 0 0 0 31.24 16.01 -23.75 -4.11 -12.3 36.81 -0.44 16.97 -15.86 -0.01 -0.58 1.59 3.17 -0.74 -2.8 -0.23 -0.67 -7.59 -2.01 -0.4 -6.37 -28.34 -16.55 32.86 50.39 -25.08 -27.69 28.44 -17.18 -0.54 -0 0 0 -83.26 29.71 43.65 68.5 -58.18 -41.49 -0 0 -34.73 16.78 -9.15 -2.75 -7.12 0 -0 -7.27 20.46 4.31 -0 0 0 86.93 -7.48 20.38 -83.87 59.86 -54.69 0 -0 -3.38 -19.32 -13.95 4.83 7.12 -0 -0 7.51 -44.6 0.07
6.68 15.71 24.74 -155.85 81.49 -142.31 0 0 0 -8.79 -5.21 -33.88 13.1 18.82 69.44 -0.01 -8.02 -5.42 1.9 -8.64 -24.69 0 0 0 28.61 19.57 -19.38 -3.35 -11.24 33.08 0.38 21.39 -11.91 -0.02 -1.01 2.79 3.75 0.12 -3.54 -0.59 0.43 -7.74 -2.74 0.1 -6.05 -28.18 -16.63 33.38 50.08 -25.45 -27.23 27.94 -17.44 -0.47 0 0 0 -85.92 31.79 36.64 62.32 -56.9 -36.28 -0 0 -40.62 18.17 -7.77 -2.54 -7.12 0 -0 -6.29 21.82 3.52 0 0 0 88.05 -7.19 32.51 -93.81 59.95 -63.3 0 -0 -2.9 -18.28 -10.51 3.45 7.12 -0 -0 7.77 -40.91 0.79
6.88 15.91 24.29 -55.16 86.34 -41.11 0 0 0 -6.74 -11.71 -31.94 11.68 18.25 64.96 0.08 -7 -6.56 1.25 -7.1 -20 0 0 0 25.74 23.73 -16.49 -2.91 -10.56 30.79 1.26 24.96 -7.66 -0.05 -1.4 3.85 4.2 0.95 -3.98 -0.87 1.5 -7.85 -3.29 0.59 -5.83 -27.85 -16.75 33.73 49.74 -25.77 -26.66 27.38 -17.64 -0.41 0 -0 0 -87.89 32.92 31.18 55.61 -55.02 -30.71 -0 0 -41.6 19.41 -7.63 -2.68 -7.12 0 -0 -5.39 21.91 3 0 -0 0 88.41 -6.42 43.93 -103.18 59.33 -71.39 0 -0 -7.36 -16.83 -6.67 2.01 7.12 -0 -0 8.39 -36.83 1.7
7.06 16.01 23.85 -11.41 77.4 3.36 0 0 0 -4.91 -17.68 -29.69 10.07 17.45 59.71 -0.21 -11.98 -5.13 1.09 -6.63 -18.63 0 0 0 22.42 28.57 -15.81 -2.94 -10.59 30.91 2.05 27.8 -4 -0.08 -1.84 5.07 4.05 1.81 -4.19 -1.03 2.6 -7.87 -3.36 1.14 -5.62 -27.54 -16.84 33.83 49.71 -25.94 -26.24 27.16 -17.8 -0.32 0 0 0 -88.93 33.5 27.59 52.3 -53.88 -28.02 -0 0 -42.89 21.32 -7.78 -3.02 -7.12 0 -0 -4 21.65 2.25 0 0 0 88.15 -4.8 53.77 -111.24 58.23 -78.28 0 -0 -9.1 -14.24 -2.7 0.68 7.12 -0 -0 9.98 -32.65 3.06
7.24 16.01 23.41 -4.96 66.57 10.45 0 0 0 -3.62 -22.92 -26.99 8.56 16.52 54.57 -1.01 -18.88 -0.62 0.5 -4.54 -12.6 0 0 0 18.75 33.9 -17.26 -3.43 -11.36 33.49 2.72 30.07 -1.2 -0.16 -2.56 7.05 3.51 2.74 -3.85 -1.24 3.8 -7.68 -3.28 1.75 -5.52 -27.06 -17.11 33.61 50.1 -26.15 -26.17 27.17 -18.03 -0.15 -0 -0 0 -88.68 33.98 25.41 54.39 -54.62 -29.72 -0 0 -51.05 23.81 -7.3 -3.21 -7.12 0 -0 -2.18 22.01 1.21 -0 -0 0 88.06 -2.36 61.72 -118.24 56.76 -84.19 0 -0 -6.01 -11.91 1.49 -0.32 7.12 -0 -0 11.33 -28.38 4.67
7.41 15.91 22.96 -2.65 55.51 13.17 0 0 0 -3.14 -27.91 -23.67 7.25 15.54 49.8 -2.2 -25.18 9.09 0.03 1.19 3.27 0 0 0 14.54 39.28 -20.31 -4.22 -12.44 37.32 3.57 32.82 1.89 -0.33 -3.69 10.2 2.9 3.48 -3.19 -1.52 4.75 -7.22 -3.26 2.24 -5.35 -26.48 -17.39 33.29 50.77 -26.26 -26.51 27.48 -18.27 -0.06 -0 -0 0 -87.02 34.88 25.07 57.16 -55.5 -31.99 -0 0 -53.5 25.81 -7.55 -3.64 -7.12 0 -0 -0.73 21.61 0.41 -0 -0 0 88.05 1.06 68.6 -125.22 54.75 -89.96 0 -0 -4.05 -11.31 3.12 -0.62 7.12 -0 -0 11.62 -26.76 5.25
7.62 15.74 22.53 -1.9 45.19 14.28 0 0 0 -3.37 -32.14 -20.07 6.03 14.46 45.11 -1.19 -25.44 27.83 3.17 10.96 32.14 0 0 0 9.8 44.68 -24.2 -4.98 -13.36 40.72 4.81 36.23 6.48 -0.83 -5.8 16.21 2.76 3.85 -2.71 -1.65 5.2 -6.48 -3.31 2.47 -4.8 -26 -17.62 32.89 51.52 -26.26 -27.43 28.01 -18.47 -0.11 0 -0 0 -84.85 36.04 25.63 59.55 -56.19 -33.97 -0 0 -51.26 26.37 -7.35 -3.63 -7.12 0 -0 -0.31 21.79 0.18 0 -0 0 88.31 5.52 74.48 -131.51 52.37 -95.03 0 -0 -5.92 -12.52 2.05 -0.45 7.12 -0 -0 10.81 -27.83 4.59
7.84 15.53 22.08 -2.06 36.09 14.78 0 0 0 -4.3 -32.92 -18.2 5.38 13.8 42.43 4.86 -12.97 47.17 8.74 16.64 55.2 0 0 0 4.51 49.76 -28.83 -5.44 -13.87 42.7 5.99 38.82 13.36 -1.94 -8.73 24.97 3.53 3.6 -1.96 -1.75 4.87 -6.22 -3.88 2.25 -4.91 -25.72 -17.49 33.14 51.77 -26.11 -27.96 28.52 -18.54 -0.36 0 -0 0 -82.29 38.19 25.98 61.27 -56.64 -35.4 -0 0 -52.67 24.93 -7.68 -3.55 -7.12 0 -0 -1.38 21.52 0.78 0 -0 0 89.65 9.87 79.36 -136.19 50.17 -98.68 0 -0 -8.49 -14.4 0.16 -0.04 7.12 -0 -0 9.54 -29.75 3.59
8.09 15.37 21.62 -2.48 28.05 15.19 0 0 0 -6.23 -30.36 -18.16 5.36 13.78 42.37 6.35 -7.94 50.57 9.95 17.38 59.3 0 0 0 -1.42 54.26 -33.92 -5.57 -14 43.22 6.3 39.52 19.84 -3.06 -10.79 31.57 4.3 2.91 -1.34 -1.38 3.98 -6.18 -3.96 1.76 -5.28 -26.11 -17.09 33.01 51.28 -26 -27.73 28.18 -18.4 -0.4 -0 -0 0 -80.71 40.01 26.52 58.12 -55.79 -32.78 -0 0 -51.78 24.46 -7.08 -3.21 -7.12 0 -0 -1.7 22.21 0.93 -0 -0 0 91.08 13.65 82.8 -138.46 48.96 -100.41 0 -0 -9.43 -16.09 -1.22 0.35 7.12 -0 -0 8.35 -31.18 2.85
8.34 15.35 21.18 -3.14 20.56 15.61 0 0 0 -8.28 -25.23 -18.99 5.28 13.69 42.02 5.53 -10.16 48.42 10.04 17.43 59.64 0 0 0 -7.42 57.57 -38.94 -5.18 -13.58 41.58 5.57 38.4 25.64 -3.72 -11.78 34.94 4.86 2.03 -0.81 -0.61 2.86 -6.13 -3.46 1.18 -5.66 -27.07 -16.44 31.01 50.02 -25.72 -25.98 26.64 -17.82 0.12 -0 0 0 -80.84 40.88 26.89 51.68 -53.65 -27.52 -0 0 -50.38 26.33 -6.01 -2.96 -7.12 0 -0 -0.29 23.29 0.15 -0 0 0 92.18 16.17 84.99 -137.88 49.28 -99.97 0 -0 -8.9 -16.8 -1.27 0.38 7.12 -0 -0 7.79 -31.25 2.64
8.61 15.51 20.77 -3.88 13.13 15.89 0 0 0 -10.35 -19.22 -19.17 4.69 13.03 39.47 4.02 -15.14 45.06 9.65 17.21 58.32 0 0 0 -10.57 58.18 -41.66 -4.41 -12.69 38.22 4.29 36.19 29.71 -3.73 -11.79 35 4.9 1.18 -0.12 0.37 1.79 -6.13 -2.44 0.65 -6.18 -28.39 -15.33 27.94 48.49 -24.88 -23.02 25.17 -16.78 0.9 -0 0 0 -82.17 41.27 27.39 45.7 -51.11 -22.79 -0 0 -48.13 28.19 -5.46 -2.92 -7.12 0 -0 1.11 23.79 -0.57 -0 0 0 92.51 16.64 85.99 -134.12 51.19 -97.08 0 -0 -6.54 -16.45 0.41 -0.12 7.12 -0 -0 7.93 -29.5 3.02
8.88 15.73 20.4 -4.66 6.12 16.4 0 0 0 -12.12 -15.29 -19.06 3.98 12.14 36.22 2.04 -19.55 39.64 8.81 16.68 55.42 0 0 0 -9.3 55.21 -42.19 -3.9 -12.03 35.85 4 35.07 28.45 -2.57 -9.97 28.89 4.76 0.42 0.18 1.25 0.83 -6.15 -1.41 0.19 -6.46 -29.13 -14.24 24.57 46.98 -23.64 -19.84 23.95 -15.55 1.52 0 0 0 -82.61 41.07 30.08 42.22 -49.33 -20.11 -0 0 -46.66 27.74 -5.73 -3.01 -7.12 0 -0 0.76 23.51 -0.4 0 0 0 91.93 15.92 85.78 -126.56 54.29 -91.06 0 -0 -2.87 -15.94 3.02 -0.86 7.12 -0 -0 8.13 -26.81 3.62
9.15 15.95 20.05 -5.16 0.05 17.19 0 0 0 -13.58 -14.13 -19.2 3.43 11.36 33.5 0.51 -21.72 33.84 7.57 15.79 51 0 0 0 -4.68 49.26 -41.48 -3.83 -11.94 35.51 4.22 33.75 18.63 -0.81 -5.75 16.06 3.87 -0.32 -0.31 2.38 -0.19 -6 0.32 -0.23 -6.07 -29.92 -13.34 22.03 45.54 -22.52 -17.65 23.05 -14.5 1.84 -0 0 0 -82.21 39.94 35.04 41.35 -48.85 -19.45 -0 0 -46.63 26.02 -6.59 -3.21 -7.12 0 -0 -0.54 22.66 0.29 -0 0 0 89.86 14.99 84.85 -114.74 57.56 -81.25 0 -0 -0.38 -15.82 4.36 -1.23 7.12 -0 -0 8.14 -25.45 3.89
9.4 16.12 19.73 -5.29 -5.32 17.8 0 0 0 -14.76 -14.09 -19.52 3.05 10.77 31.52 -0.17 -22.22 30.18 6.35 14.76 46.35 0 0 0 1.6 41.38 -40.14 -4.12 -12.32 36.87 2.08 25.2 3.49 -0.03 -1.06 2.91 3.05 -0.93 -0.77 2.98 -1.05 -6.02 1.44 -0.6 -5.81 -30.17 -12.75 20.53 44.65 -21.63 -16.17 21.93 -13.75 1.88 0 0 0 -79.54 38.59 41.37 42.6 -49.54 -20.4 -0 0 -46.59 23.74 -7.06 -3.09 -7.12 0 -0 -2.23 22.28 1.22 0 0 0 87.91 13.27 83.03 -98.83 59.7 -67.64 0 -0 -0.66 -14.79 3.2 -0.84 7.12 -0 -0 8.99 -26.64 4.05
9.62 16.18 19.42 -5.42 -10.58 18.21 0 0 0 -15.42 -14.6 -20.09 2.89 10.52 30.68 -0.19 -21.76 29.36 5.84 14.27 44.32 0 0 0 7.13 33.8 -39.27 -4.61 -12.93 39.11 0.29 14.07 -5.97 -0.01 0.6 -1.65 2.38 -1.15 -1.13 3.15 -1.38 -6.08 2 -0.73 -5.64 -30.22 -12.36 19.61 43.75 -21.12 -15.07 21.44 -13.3 1.92 -0 0 0 -75.44 36.52 47.06 44.83 -50.68 -22.1 -0 0 -45.79 20.28 -6.79 -2.5 -7.12 0 -0 -4.76 22.76 2.56 -0 0 0 86.54 11.4 79.97 -80 59.62 -51.35 0 -0 -2.13 -12.69 0.66 -0.15 7.12 -0 -0 10.82 -29.23 4.23
9.84 16.14 19.12 -5.68 -15.6 18.39 0 0 0 -15.49 -16.05 -20.85 2.99 10.68 31.21 -1.1 -24.91 27.61 4.68 13.01 39.42 0 0 0 11.08 28.39 -38.57 -5.28 -13.69 42.01 -0.36 8.6 -11.5 -0.11 2.13 -5.86 1.86 -1.15 -1.24 3.14 -1.4 -6.02 2.27 -0.72 -5.5 -30.2 -12.1 19.06 43.47 -20.73 -14.66 21.33 -13.02 1.9 -0 0 0 -71.59 33.63 49.23 47.3 -51.84 -24.03 -0 0 -42.96 13.66 -6.11 -1.48 -7.12 0 -0 -9.65 23.7 5.02 -0 0 0 86.03 10.01 75.38 -60.75 56.51 -34.97 0 -0 -1.38 -10.58 -1.67 0.31 7.12 -0 -0 12.75 -31.51 4.3
10.07 15.97 18.79 -6.25 -20.77 18.55 0 0 0 -15.13 -17.56 -22.29 3.4 11.31 33.34 -3.09 -31.09 23.97 3.51 11.48 33.93 0 0 0 13.86 25.27 -37.99 -6.26 -14.67 46.01 -0.77 4.88 -15.67 -0.39 4 -11.07 1.63 -0.89 -0.86 2.99 -1.07 -5.85 2.23 -0.54 -5.54 -30.07 -11.91 18.52 43.69 -20.35 -14.68 21.49 -12.83 1.86 0 -0 0 -68.97 30.5 46.08 50.54 -53.21 -26.61 -0 0 -35.81 5.1 -7.15 -0.64 -7.12 0 -0 -15.76 22.85 8.73 0 -0 0 86.7 9.44 68.86 -44.02 50.28 -21.48 0 0 2.62 -9.96 -3.17 0.56 7.12 -0 -0 13.46 -32.98 4.06
10.3 15.71 18.47 -7.49 -26.21 18.61 0 0 0 -14.83 -16.8 -24.43 4.18 12.39 37.14 -5.44 -37.25 16.78 3.22 11.05 32.45 0 0 0 16.41 23.63 -36.39 -7.3 -15.58 50 -1.07 3.45 -18.74 -0.62 5.02 -13.97 2.01 -0.38 -0.04 2.78 -0.35 -5.48 1.78 -0.21 -5.65 -29.91 -11.7 17.93 44.12 -19.9 -14.86 21.81 -12.63 1.8 0 -0 0 -67.48 27.72 39.74 56.95 -55.44 -31.81 -0 0 -29.12 4.48 -10.4 -0.81 -7.12 0 -0 -15.88 19.73 9.98 0 -0 0 88.47 9.59 59.18 -31.01 41.74 -12.08 0 0 8.91 -11.67 -3.97 0.82 7.12 -0 -0 12.23 -33.84 3.41
10.54 15.47 18.17 -8.78 -31.64 18.87 0 0 0 -15.17 -13.73 -28.22 5.37 13.79 42.41 -5.39 -38.07 6.48 3.18 10.97 32.19 0 0 0 18.23 22.62 -34.03 -8.2 -16.26 53.28 -1.25 4.35 -20.13 -0.95 6.19 -17.35 2.5 0.3 1.06 2.38 0.59 -5.2 1.04 0.22 -5.99 -29.56 -11.58 17.1 44.46 -19.47 -14.99 21.97 -12.41 1.76 0 0 0 -67.57 24.78 31.53 68.23 -58.13 -41.26 -0 0 -29.86 13.67 -10.09 -2.44 -7.12 0 -0 -9.47 19.68 5.81 0 0 0 90.72 10.39 44.11 -21.57 32.49 -6.36 0 0 16.88 -15.43 -5.89 1.62 7.12 -0 -0 9.44 -35.96 2.12
10.77 15.26 17.89 -8.19 -36.71 18.96 0 0 0 -16.63 -11.49 -32.59 6.45 14.85 46.76 -3.89 -36.4 -3.91 1.69 8.18 23.27 0 0 0 17.48 20.98 -32.99 -9.32 -17.01 57.19 -1.42 5.7 -21.38 -1.19 6.92 -19.49 1.41 0.86 1.63 1.59 1.28 -5.37 0.77 0.59 -6.49 -29.17 -11.52 16.08 44.42 -19.07 -14.99 21.84 -12.14 1.72 -0 -0 0 -69.68 20.31 21.25 82.88 -59.81 -53.83 -0 0 -41.82 20.43 -8.7 -3.23 -7.12 0 -0 -4.65 20.71 2.72 -0 -0 0 91.94 10.67 22.91 -15.89 25.37 -3.6 0 0 25.12 -20.96 -9.12 3.48 7.12 -0 -0 5.22 -39.69 0.69
10.97 15.1 17.69 -7.39 -40.94 18.65 0 0 0 -17.99 -9.45 -35.7 7.14 15.45 49.41 -3.22 -35.24 -6.94 1.29 7.19 20.27 0 0 0 16.65 17.75 -31.45 -10.22 -17.53 60.21 -1.62 5.57 -22.88 -1.3 7.21 -20.35 0.63 1.13 1.74 0.97 1.57 -5.57 0.54 0.76 -6.77 -29.02 -11.15 15.38 44.17 -18.37 -14.86 21.81 -11.71 1.52 0 0 0 -73.83 14.66 9.71 98.7 -59.71 -67.53 -0 0 -53.05 19.15 -9.76 -3.37 -7.12 0 -0 -5.58 19.69 3.39 0 0 0 90.78 8.18 5.03 -14.73 23.77 -3.12 0 0 25.28 -25.03 -13.53 6.23 7.12 -0 -0 2.19 -44.84 0.01
11.16 15.03 17.55 -8 -44.96 18.69 0 0 0 -18.37 -6.91 -37.26 7.47 15.71 50.62 -2.76 -34.24 -8.7 0.96 6.25 17.51 0 0 0 16.89 13.79 -28.46 -10.46 -17.66 61.02 -1.73 4.57 -23.84 -1.25 7.08 -19.96 1.32 1.16 1.44 0.7 1.62 -5.48 -0.12 0.74 -6.48 -29.07 -10.54 14.71 44.04 -17.53 -14.14 21.93 -11.2 1.45 0 0 0 -78.88 9.39 0.72 113.61 -57.79 -80.29 -0 0 -50.96 18.95 -12.02 -4.09 -7.12 0 -0 -5.75 17.33 3.79 0 0 0 88.28 4.37 -3.8 -15.37 24.65 -3.38 0 0 16.05 -26.8 -16.77 8.29 7.12 -0 -0 1.03 -48.63 -0.09
11.32 15.08 17.45 -8.54 -49.54 18.96 0 0 0 -19.07 -4.39 -37.72 7.23 15.53 49.76 -1.94 -32 -11.36 0.37 3.91 10.82 0 0 0 16.41 10.03 -25.36 -10.11 -17.47 59.86 -1.75 3.38 -24.18 -1.19 6.92 -19.49 2.01 1.03 0.72 0.37 1.43 -5.64 -0.83 0.59 -6.21 -29.14 -9.81 13.87 43.79 -16.75 -12.32 21.92 -10.69 1.69 -0 0 0 -83.1 6.01 -4.27 126.27 -54.4 -90.82 -0 0 -47.08 20.5 -13.69 -5.06 -7.12 0 -0 -4.72 15.43 3.31 -0 0 0 84.86 0.94 -9.21 -15.21 24.44 -3.31 0 0 8.56 -23.84 -16.42 7.12 7.12 -0 -0 3.81 -47.8 -0.26
11.46 15.22 17.38 -8.75 -54.67 19.21 0 0 0 -20.2 -2.18 -37.14 6.52 14.92 47.05 -1.02 -28.34 -13.55 0.06 1.64 4.5 0 0 0 15.18 6.55 -22.61 -9.35 -17.03 57.3 -1.72 1.78 -24.28 -1.07 6.59 -18.5 2.45 0.82 0.06 -0.01 1.11 -6.04 -1.44 0.39 -6.25 -29.16 -9.07 12.62 43.24 -16.01 -9.84 21.65 -10.11 2.14 -0 -0 0 -85.78 4.42 -5.24 135.05 -50.74 -97.8 -0 0 -46.88 21.42 -14.64 -5.66 -7.12 0 -0 -4.13 14.33 2.99 -0 -0 0 80.56 -2.34 -11.62 -14.57 23.54 -3.05 0 0 8.88 -18.18 -14.78 4.79 7.12 -0 -0 8.75 -45.32 -0.07
11.58 15.41 17.29 -9.94 -60.38 20.5 0 0 0 -20.87 0.01 -36.25 5.61 14.04 43.41 -0.24 -23.81 -15.08 0.01 -0.67 -1.84 0 0 0 14.21 3.85 -20.65 -8.41 -16.41 54.04 -1.61 0.33 -23.92 -0.87 5.96 -16.67 3.16 0.8 -0.63 -0.23 1.06 -6.41 -2.05 0.3 -6.24 -29.16 -8.4 10.99 42.59 -15.23 -7.46 21.29 -9.48 2.61 -0 -0 0 -87.09 4.01 -2.33 139.5 -48.36 -101.19 -0 0 -47.73 21.49 -15.51 -6.01 -7.12 0 -0 -4.13 13.41 3.07 -0 -0 0 76.2 -5.57 -10.8 -14.52 23.48 -3.03 0 0 15.25 -15.86 -12.89 3.63 7.12 -0 -0 10.39 -43.12 0.49
11.68 15.63 17.19 -12.38 -66.29 23.11 0 0 0 -21.14 2.22 -35.12 4.66 12.99 39.32 0.3 -19.18 -15.97 0.23 -3.07 -8.48 0 0 0 13.59 1.51 -19.6 -7.48 -15.73 50.68 -1.43 -0.07 -22.63 -0.61 4.99 -13.88 3.93 0.77 -1.58 -0.17 0.98 -6.67 -2.41 0.21 -5.97 -29.24 -7.67 9.31 41.87 -14.22 -5.42 20.97 -8.73 2.93 0 0 0 -87.28 4.6 3.06 140.59 -47.71 -102 -0 0 -48.67 20.71 -15.41 -5.74 -7.12 0 -0 -4.66 13.6 3.44 0 0 0 71.72 -8.22 -7.98 -15.13 24.32 -3.28 0 0 21.32 -16.52 -11.44 3.37 7.12 -0 -0 9.49 -41.71 0.78
11.76 15.82 17.06 -16.44 -72.44 27.48 0 0 0 -21.31 4.46 -34.05 3.81 11.9 35.37 0.67 -14.82 -16.77 0.72 -5.44 -15.17 0 0 0 13.25 -0.68 -19.92 -6.79 -15.16 48.09 -1.14 -1.09 -20.64 -0.61 5 -13.92 4.39 0.7 -2.69 -0.03 0.81 -6.83 -2.5 0.1 -5.52 -29.2 -6.87 7.61 41.22 -13.05 -3.53 20.71 -7.91 3.15 0 0 0 -86.03 5.63 9.32 138.62 -48.87 -100.53 -0 0 -48.54 18.93 -14.17 -4.8 -7.12 0 -0 -5.81 15.09 4.12 0 0 0 67.37 -9.74 -3.74 -16.15 25.73 -3.71 0 0 21.1 -18.38 -11.19 3.69 7.12 -0 -0 7.81 -41.63 0.65
11.84 15.97 16.91 -24.69 -78.82 36.22 0 0 0 -21.45 6.41 -33.29 3.16 10.95 32.11 0.94 -10.71 -17.73 1.28 -7.17 -20.21 0 0 0 13.09 -2 -21.27 -6.4 -14.81 46.58 -0.86 -2.77 -18.74 -0.58 4.88 -13.57 4.53 0.9 -3.76 -0.03 1 -6.97 -2.56 0.19 -5.05 -29.01 -6.21 6.24 40.71 -12.03 -2.1 20.48 -7.24 3.27 -0 -0 0 -83.27 6.57 16.4 134.12 -51.19 -97.08 -0 0 -47.95 17.26 -12.54 -3.86 -7.12 0 -0 -6.93 16.92 4.64 -0 -0 0 63.65 -10.7 0.08 -18 28.16 -4.55 0 0 15.16 -19.24 -12.27 4.24 7.12 -0 -0 7.25 -42.84 0.39
11.93 16.05 16.72 -52.35 -84.7 64.54 0 0 0 -21.61 8 -33.26 2.82 10.39 30.26 1.12 -7.52 -18.92 1.54 -7.84 -22.22 0 0 0 13.1 -2.64 -23.28 -6.18 -14.6 45.69 -0.62 -4.42 -17.12 -0.64 5.11 -14.23 4.32 1.2 -4.6 -0.07 1.32 -7.14 -2.47 0.34 -4.73 -28.95 -5.58 5 40.38 -11.08 -0.89 20.38 -6.63 3.39 -0 0 0 -79.54 7.57 23.85 129.42 -53.23 -93.36 -0 0 -47.76 18.33 -9.96 -3.28 -7.12 0 -0 -6.17 19.54 3.77 -0 0 0 60.94 -11.27 1.55 -21.91 32.87 -6.54 0 0 8.16 -15.24 -15.39 4.13 7.12 -0 -0 11.59 -45.58 -0.17
12.03 16.04 16.5 -136.67 -85.04 149.5 0 0 0 -21.97 9.85 -34.4 2.83 10.41 30.3 1.25 -5.38 -20.02 1.46 -7.63 -21.61 0 0 0 13.22 -2.84 -25.35 -5.96 -14.39 44.82 -0.44 -5.45 -15.69 -1.02 6.44 -18.07 3.54 1.37 -5.14 -0.14 1.51 -7.13 -2.09 0.47 -4.41 -29.03 -5.07 3.49 40.21 -10.16 -0.04 20.4 -6.02 3.51 -0 0 0 -75.58 8.97 31.53 127.88 -53.82 -92.12 -0 0 -49.17 21.33 -7.01 -2.73 -7.12 0 -0 -3.99 22.46 2.17 -0 0 0 59.32 -11.72 1.35 -29.79 40.71 -11.27 0 -0 -1.79 -9.55 -20.23 3.33 7.12 -0 -0 18.57 -49.54 -2.15
12.16 15.94 16.24 -167.69 -79.71 181.02 0 0 0 -22.66 12.43 -36.71 3.13 10.91 31.97 1.2 -4.89 -19.68 0.95 -6.2 -17.37 0 0 0 13.54 -3.24 -27.38 -5.72 -14.15 43.85 -0.51 -5.82 -16.83 -2.37 9.61 -27.71 1.86 1.1 -5.2 -0.13 1.17 -7.06 -1.15 0.38 -4.34 -29.13 -4.57 1.37 40.03 -9.11 0.94 20.41 -5.3 3.74 0 0 0 -73.01 11.39 38.09 129.76 -53.09 -93.63 -0 0 -51.27 21.74 -5.96 -2.37 -7.12 0 -0 -3.68 23.57 1.91 0 0 0 58.24 -11.74 1.76 -43.02 49.76 -20.72 0 -0 -13.35 -9.23 -22.57 3.57 7.12 -0 -0 19.97 -51.71 -3.41
12.29 15.8 15.95 -180.8 -74.16 194.23 0 0 0 -24.56 14.94 -38.71 3.43 11.37 33.53 1.01 -3.92 -18.06 0.65 -5.16 -14.37 0 0 0 12.95 -4.59 -29.58 -5.58 -14.01 43.26 -1 -5.13 -21.45 -2.46 9.76 -28.2 -0.77 0.95 -4.8 -1.1 0.95 -7.11 -0.7 0.36 -4.66 -28.09 -4.14 0.49 40 -8.31 0.96 20.17 -4.84 3.52 0 0 0 -70.87 13.75 45.05 132.24 -52.05 -95.61 -0 0 -52.91 19.7 -5.9 -2.11 -7.12 0 -0 -5.19 23.72 2.68 0 0 0 59.63 -12.62 0.55 -64.48 57.39 -38.1 0 -0 -18.2 -10.63 -22.01 4.02 7.12 -0 -0 18.36 -51.4 -2.98
12.43 15.7 15.66 -189.61 -68.85 202.61 0 0 0 -27.13 16.4 -39.19 3.48 11.44 33.76 0.83 -1.3 -16.8 0.87 -5.95 -16.63 0 0 0 10.89 -5.12 -31.08 -5.53 -13.95 43.05 -1.54 -3.18 -24.76 -2.09 9.05 -25.94 -3.95 0.21 -4 -2.06 -0.11 -7.14 0.09 -0.05 -5.17 -27.52 -3.52 -0.58 39.69 -7.15 1.12 19.93 -4.17 3.25 0 0 0 -71.07 16.05 50.4 133.76 -51.36 -96.8 -0 0 -52.94 17.76 -5.25 -1.68 -7.12 0 -0 -6.65 24.47 3.32 0 0 0 61.02 -12.27 0.44 -90.48 60 -60.41 0 -0 -17.13 -11.16 -20.66 3.98 7.12 -0 -0 17.24 -50.2 -2.27
12.58 15.65 15.39 -191.34 -63.91 203.91 0 0 0 -27.26 16.58 -38.7 3.54 11.52 34.05 0.62 3.58 -16.65 1.8 -8.43 -24.04 0 0 0 9.53 -3.16 -31.77 -5.63 -14.06 43.46 -1.75 -0.16 -25.13 -2.18 9.24 -26.55 -4.89 -0.48 -2.79 -2.58 -1.19 -7.29 0.09 -0.56 -5.99 -27.22 -3.04 -1.71 39.23 -6.31 1.82 19.64 -3.63 3.27 -0 -0 0 -73.03 17.94 54.38 133.07 -51.68 -96.25 -0 0 -50.91 17.42 -4.75 -1.49 -7.12 0 -0 -6.92 25 3.37 -0 -0 0 63.6 -11.65 0.46 -115.33 57.43 -81.75 0 -0 -16.55 -10.56 -19.54 3.57 7.12 -0 -0 17.33 -49.03 -1.77
12.73 15.64 15.15 -187.02 -58.7 199.83 0 0 0 -23.12 14.63 -37.82 4.01 12.18 36.37 0.24 9.76 -17.36 2.52 -9.88 -28.58 0 0 0 10.96 0.35 -32.2 -5.66 -14.09 43.6 -1.77 3.8 -24.2 -2.08 9.04 -25.91 -2.49 -0.39 -2.07 -2.81 -1.11 -7.43 -1.48 -0.67 -6.59 -26.64 -2.9 -2.17 38.89 -6.2 2.32 19.29 -3.54 3.4 -0 -0 0 -75.49 18.79 57.25 130.06 -52.97 -93.87 -0 0 -47.79 16.55 -3.82 -1.13 -7.12 0 -0 -7.62 25.98 3.54 -0 -0 0 67.58 -11.92 0.75 -133.57 51.45 -96.65 0 -0 -19.46 -12.08 -18.59 3.9 7.12 -0 -0 15.54 -48.33 -1.31
12.8 15.71 14.92 -183.55 -52.14 196.26 0 0 0 -17.9 10.71 -33.83 4.35 12.61 37.92 -0.13 14.76 -19.51 1.78 -8.39 -23.9 0 0 0 12.91 3.84 -30.45 -5.11 -13.51 41.29 -1.64 7.25 -22.97 -1.71 8.24 -23.44 -0.17 0.05 -1.82 -3.01 -0.49 -7.33 -3 -0.5 -6.63 -26.35 -2.78 -2.19 38.75 -6.3 2.94 19.16 -3.62 3.58 0 -0 0 -78.87 19.44 58.16 126.56 -54.29 -91.06 -0 0 -44.43 15.86 -2.59 -0.74 -7.12 0 -0 -8.22 27.26 3.58 0 -0 0 71.09 -12.15 2.8 -144.42 45.22 -104.78 0 -0 -20.92 -14.57 -17.49 4.47 7.12 -0 -0 12.85 -47.6 -0.84
12.83 15.86 14.67 -181.33 -44.98 193.99 0 0 0 -13.88 7.02 -29.01 4.49 12.78 38.56 -0.64 18.82 -20.42 0.96 -6.23 -17.44 0 0 0 14.86 6.98 -27.26 -4.15 -12.36 37.02 -1.32 10.56 -20.76 -1.32 7.29 -20.57 1.24 0.46 -2.31 -2.84 0.08 -7.33 -3.65 -0.3 -6.32 -26.47 -2.57 -2.07 38.46 -6.42 4.29 19.08 -3.71 3.92 0 -0 0 -82.74 20.13 57.92 123.52 -55.3 -88.57 -0 0 -43.27 15.43 -2.79 -0.77 -7.12 0 -0 -8.53 27.06 3.76 0 -0 0 73.09 -11.91 6.67 -150.14 40.77 -108.68 0 -0 -17.89 -16.28 -15.71 4.52 7.12 -0 -0 10.73 -46.03 -0.28
12.83 16.01 14.39 -180.43 -38.11 193.09 0 0 0 -11.67 3.81 -25.81 4.96 13.34 40.64 -1.14 21.01 -18.75 0.26 -3.26 -8.99 0 0 0 16.1 9.61 -24.14 -3.32 -11.2 32.97 -0.91 13.97 -18.33 -0.97 6.28 -17.6 1.81 0.73 -3.18 -2.6 0.39 -7.59 -3.71 -0.2 -6.07 -26.77 -2.36 -1.75 37.86 -6.68 6.14 18.89 -3.87 4.4 -0 -0 0 -85.41 20.41 57.92 120.27 -56.24 -85.88 -0 0 -45.47 13.65 -3.91 -0.95 -7.12 0 -0 -9.8 25.94 4.59 -0 -0 0 74.35 -11.78 11.66 -153.22 37.97 -110.63 0 -0 -12.9 -17.88 -14.15 4.51 7.12 -0 -0 8.87 -44.63 0.08
12.83 16.12 14.12 -180.37 -31.44 192.89 0 0 0 -10.97 0.89 -24.45 5.88 14.31 44.48 -0.95 17.85 -12.7 0.32 -3.62 -10 0 0 0 16.46 12.69 -21.43 -2.78 -10.33 30.06 -0.46 16.88 -16 -0.67 5.25 -14.62 1.84 1.07 -4.1 -2.47 0.77 -7.83 -3.59 -0.04 -5.78 -27.18 -2.31 -1.38 37.02 -7.09 7.84 18.59 -4.12 4.9 0 0 0 -85.41 19.32 59.5 115.45 -57.4 -81.85 -0 0 -48.4 9.92 -5.17 -0.9 -7.12 0 -0 -12.46 24.72 6.25 0 0 0 75.59 -11.98 16.51 -154.61 36.6 -111.48 0 -0 -8.97 -19.26 -11.43 3.96 7.12 -0 -0 7.07 -41.96 0.53
12.83 16.19 13.88 -180.38 -24.52 192.67 0 0 0 -11.26 -1.64 -24.26 7.04 15.36 49.02 -0.04 6.58 -8.19 1.53 -7.8 -22.12 0 0 0 16.54 16.35 -19.39 -2.53 -9.89 28.63 0 19.69 -13.84 -0.39 3.99 -11.05 2.09 1.58 -4.72 -2.41 1.37 -7.96 -3.66 0.22 -5.51 -27.34 -2.27 -1.58 35.78 -7.29 9.71 18.03 -4.2 5.46 -0 -0 0 -83.34 17.31 62.07 109.87 -58.45 -77.12 -0 0 -51.37 7.01 -5.11 -0.63 -7.12 0 -0 -14.6 24.82 7.36 -0 -0 0 76.97 -12.3 21.24 -154.66 36.55 -111.51 0 -0 -7.89 -19.7 -7.83 2.79 7.12 -0 -0 6.13 -38.22 1.03
12.81 16.2 13.68 -180.71 -17.05 192.41 0 0 0 -12.9 -2.97 -24.97 8.29 16.33 53.59 0.15 -3.93 -7.06 2.67 -10.14 -29.43 0 0 0 16.14 20.42 -18.25 -2.62 -10.05 29.13 0.47 22.67 -12.34 -0.18 2.73 -7.53 2.11 2.18 -4.8 -2.4 2.14 -7.96 -3.65 0.59 -5.41 -27.04 -2.09 -2.7 34.06 -6.94 11.73 17.18 -3.92 6.01 -0 -0 0 -80.42 15.16 64.71 103.03 -59.35 -71.26 -0 0 -51.72 5.74 -4.8 -0.48 -7.12 0 -0 -15.57 25.12 7.76 -0 -0 0 78.27 -12.47 25.78 -153.49 37.71 -110.8 0 -0 -8.97 -18.31 -4.78 1.58 7.12 -0 -0 6.93 -34.95 1.72
12.78 16.16 13.51 -180.73 -9.46 191.84 0 0 0 -14.58 -3.07 -26.6 9.65 17.21 58.31 -0.08 -10.09 -5.71 3.14 -10.91 -31.98 0 0 0 16.07 24.17 -17.61 -2.87 -10.49 30.58 1.11 26.21 -10.62 -0.02 0.99 -2.71 2.49 2.74 -4.1 -2.25 2.92 -7.76 -3.73 0.97 -5.52 -26.59 -1.8 -4.47 32.49 -6.11 13.34 16.42 -3.35 6.45 0 0 0 -77.21 13.39 67.36 96.58 -59.84 -65.7 -0 0 -50.29 7.31 -4.41 -0.57 -7.12 0 -0 -14.46 25.49 7.05 0 0 0 79.24 -12.06 29.84 -151.07 39.96 -109.28 0 -0 -11.25 -15.1 -3.51 0.95 7.12 -0 -0 9.39 -33.5 2.68
12.72 16.06 13.37 -179.97 -2.07 191 0 0 0 -15.22 -2.56 -28.98 11.12 17.99 63.17 -0.22 -12.46 -5.41 3.35 -11.24 -33.11 0 0 0 16.89 27.71 -16.9 -3.18 -10.98 32.2 1.95 29.94 -8.51 -0.02 -0.8 2.2 3.72 3.1 -2.84 -1.86 3.54 -7.21 -4.06 1.26 -5.55 -26.16 -1.46 -6.66 31.51 -5.01 14.18 15.98 -2.61 6.7 0 0 0 -74.06 12.32 69.23 92.76 -59.97 -62.39 -0 0 -48.12 10.24 -3.34 -0.6 -7.12 0 -0 -12.4 26.54 5.68 0 0 0 79.81 -10.72 34.12 -148.01 42.54 -107.27 0 -0 -14.36 -12.23 -6.59 1.42 7.12 -0 -0 12.2 -36.48 2.61
12.63 15.92 13.21 -178.46 5.42 189.84 0 0 0 -14.67 -1.52 -31.31 12.6 18.63 67.86 -0.05 -11.1 -6.95 3.8 -11.89 -35.34 0 0 0 18.87 31.32 -15.44 -3.5 -11.46 33.86 3 33.51 -5.58 -0.22 -3 8.27 5.72 2.85 -1.06 -1.27 4.3 -6.24 -4.68 1.99 -5.41 -25.68 -1.03 -8.44 30.99 -3.74 13.91 15.69 -1.81 6.52 0 0 0 -71.06 12.3 70.17 92.01 -59.98 -61.74 -0 0 -46.95 12.61 -3.19 -0.71 -7.12 0 -0 -10.64 26.68 4.81 0 0 0 80.19 -8.96 39.17 -145.4 44.52 -105.47 0 -0 -16.1 -13.43 -12.86 3.04 7.12 -0 -0 12.54 -42.84 0.68
12.53 15.75 13.04 -177.02 12.36 188.86 0 0 0 -13.55 -0.93 -33.68 13.9 19.08 71.89 0.2 -7.7 -8.95 4.07 -12.25 -36.64 0 0 0 21.01 34.56 -13.99 -3.95 -12.09 36.04 4.14 36.5 -2.1 -0.73 -5.45 15.19 7.43 3.22 1.03 -0.83 4.81 -5.2 -5.28 2.13 -5.35 -25.07 -2.31 -9.49 30.44 -2.47 14.03 15.53 0.11 6.49 0 0 0 -68.36 12.81 70.93 92.87 -59.97 -62.49 -0 0 -47.78 13.9 -3.52 -0.87 -7.12 0 -0 -9.64 26.34 4.42 0 0 0 80.63 -7.77 44.18 -144.06 45.47 -104.52 0 -0 -15.66 -17.25 -16.38 5 7.12 -0 -0 10.02 -46.84 -0.46
12.43 15.59 12.84 -176.43 18.07 188.44 0 0 0 -12.64 -1.75 -36.29 14.8 19.34 74.63 0.33 -4.68 -10.22 3.91 -12.03 -35.85 0 0 0 21.83 37.23 -13.59 -4.54 -12.85 38.81 5.3 38.99 1.88 -1.55 -7.86 22.28 8.15 3.36 2.4 -0.61 5.05 -4.45 -5.52 2.21 -5.27 -24.97 -1.89 -10.02 30.25 -1.78 13.44 15.39 0.42 6.18 -0 -0 0 -66.41 13.11 71.83 94.06 -59.94 -63.51 -0 0 -51.41 14.2 -2.92 -0.74 -7.12 0 -0 -9.46 26.93 4.2 -0 -0 0 81.34 -7.11 47.91 -144.05 45.48 -104.51 0 -0 -16.39 -17.02 -17.48 5.25 7.12 -0 -0 10.55 -47.92 -0.77
12.33 15.45 12.6 -176.69 22.44 188.84 0 0 0 -11.78 -4.19 -39.19 15.12 19.42 75.6 0.38 -3.58 -10.92 3.78 -11.86 -35.24 0 0 0 20.79 39.31 -14.59 -5.14 -13.54 41.41 6.36 40.99 5.73 -2.43 -9.71 28.03 7.89 3.33 2.26 -0.5 4.96 -4.17 -5.23 2.19 -4.93 -25.02 -1.68 -10.25 29.76 -1.48 13.53 15.19 0.49 6.14 0 0 0 -65.63 12.85 73.14 94.42 -59.93 -63.83 -0 0 -57.48 14.52 -3.57 -0.92 -7.12 0 -0 -9.17 26.27 4.21 0 0 0 82.21 -6.68 50.79 -144.96 44.84 -105.16 0 -0 -20.26 -14.97 -18.11 4.75 7.12 -0 -0 12.68 -48.27 -1.04
12.21 15.38 12.33 -176.91 25.51 188.67 0 0 0 -10.36 -6.88 -40.39 14.72 19.32 74.39 0.41 -3.57 -11.39 3.84 -11.94 -35.53 0 0 0 20.21 40.34 -13.98 -5.38 -13.8 42.45 7.01 41.97 9.12 -3.16 -10.95 32.1 7.86 3.08 2.26 -0.27 4.6 -3.88 -4.94 2.03 -4.69 -25.35 -1.65 -10.04 29.29 -1.49 13.75 15.04 0.38 6.16 -0 -0 0 -66.51 11.85 74.37 93.76 -59.95 -63.26 -0 0 -62.62 13.85 -6.28 -1.55 -7.12 0 -0 -9.5 23.53 4.98 -0 -0 0 83.01 -6.43 53 -145.89 44.16 -105.81 0 -0 -23.19 -14.14 -17.33 4.29 7.12 -0 -0 13.19 -47.37 -0.79
12.07 15.41 12.04 -176.71 27.48 188.43 0 0 0 -8.34 -8.96 -40.43 13.73 19.03 71.39 0.41 -2.77 -11.43 3.83 -11.93 -35.47 0 0 0 20.42 40.52 -11.85 -5.15 -13.55 41.48 7.06 41.7 11.59 -3.61 -11.62 34.39 8.4 2.83 2.46 -0.05 4.3 -3.69 -5.01 1.87 -4.63 -25.78 -1.79 -9.19 29.26 -1.82 13.48 15.05 0.13 6.02 -0 0 0 -68.68 10.24 75.5 92.69 -59.97 -62.33 -0 0 -63.68 12.73 -8.46 -1.9 -7.12 0 -0 -10.2 21.37 5.88 -0 0 0 83.84 -6.48 53.83 -146.17 43.96 -106.01 0 -0 -22.52 -12.25 -15.82 3.39 7.12 -0 -0 14.43 -45.64 -0.23
11.92 15.52 11.72 -176.33 29.16 188.55 0 0 0 -6.44 -9.65 -39.9 12.35 18.53 67.08 0.36 -0.48 -11.1 3.5 -11.47 -33.87 0 0 0 20.7 40.13 -8.97 -4.52 -12.82 38.69 6.75 40.86 12.41 -3.6 -11.61 34.38 8.99 2.77 2.39 0.08 4.26 -3.8 -5.2 1.84 -4.68 -26.26 -2.04 -8.39 29.79 -2.35 13.53 15.37 -0.17 6.07 -0 -0 0 -71.78 9 76.46 92.48 -59.98 -62.14 -0 0 -63.44 12.3 -9.87 -2.14 -7.12 0 -0 -10.44 19.96 6.36 -0 -0 0 84.4 -6.76 54.23 -146.14 43.98 -105.98 0 -0 -22.45 -10.32 -15.66 2.81 7.12 -0 -0 16.12 -45.25 -0.1
11.77 15.68 11.38 -176.22 30.66 188.88 0 0 0 -5.3 -8.97 -39.04 10.7 17.79 61.81 0.25 2.73 -10.91 2.88 -10.49 -30.59 0 0 0 20.41 39.12 -6.11 -3.7 -11.75 34.87 6.3 39.71 12.43 -3.29 -11.15 32.78 8.95 2.8 1.87 0.13 4.3 -4.13 -5.11 1.85 -4.75 -26.77 -2.43 -8.18 30.73 -3.03 14.26 16 -0.45 6.5 -0 -0 0 -75.32 8.21 77.13 93.17 -59.96 -62.74 -0 0 -63.34 11.44 -10.93 -2.2 -7.12 0 -0 -11.01 18.94 6.97 -0 -0 0 84.53 -6.69 55.09 -145.89 44.16 -105.81 0 -0 -25.02 -10.81 -16.31 3.07 7.12 -0 -0 15.9 -45.94 -0.38
11.63 15.86 11.02 -176.07 32.05 189.57 0 0 0 -4.71 -7.2 -38.12 9.01 16.81 56.12 0.14 6.35 -11.99 2.21 -9.28 -26.68 0 0 0 19.56 37.55 -4.02 -2.95 -10.61 30.97 5.85 38.45 13.35 -2.96 -10.63 31.04 8.67 2.93 0.96 0.12 4.42 -4.59 -4.92 1.93 -4.72 -26.99 -2.73 -7.54 31.5 -3.63 14.31 16.41 -0.72 6.63 0 0 0 -78.93 7.62 77.63 93.78 -59.95 -63.27 -0 0 -61.37 10.28 -12.33 -2.22 -7.12 0 -0 -11.76 17.61 7.82 0 0 0 84.28 -5.99 56.23 -144.88 44.89 -105.1 0 -0 -26.01 -12.52 -15.79 3.46 7.12 -0 -0 14.18 -45.65 -0.23
11.49 15.99 10.67 -175.7 33.13 190.5 0 0 0 -4.42 -4.78 -37.46 7.54 15.77 50.9 -0 9.96 -14.18 1.5 -7.73 -21.9 0 0 0 18.43 35.49 -3.02 -2.39 -9.64 27.81 5.53 37.47 15.74 -2.86 -10.47 30.51 8.46 3.03 0.07 0.09 4.53 -5.11 -4.8 1.99 -4.75 -26.99 -2.98 -6.73 32.24 -4.13 13.79 16.71 -0.96 6.52 0 -0 0 -82.18 7.07 77.9 93.92 -59.94 -63.39 -0 0 -56.76 9.1 -13.45 -2.13 -7.12 0 -0 -12.52 16.57 8.64 0 -0 0 83.84 -4.75 57.19 -142.33 46.63 -103.28 0 -0 -22.19 -13 -13.05 2.98 7.12 -0 -0 12.97 -42.99 0.66
11.34 16.05 10.32 -175.17 33.87 191.43 0 0 0 -4.7 -1.5 -37.41 6.52 14.91 47.04 -0.12 12.49 -16.16 1.03 -6.47 -18.14 0 0 0 17.36 33.63 -2.49 -2.04 -8.94 25.6 5.38 37.12 18.26 -2.87 -10.48 30.56 8.45 3.06 -0.61 -0.02 4.56 -5.55 -4.89 2.01 -4.83 -26.71 -3.11 -5.79 32.91 -4.42 12.58 16.85 -1.11 6.1 0 0 0 -84.07 6.2 78.33 93.54 -59.95 -63.06 -0 0 -50.78 7.2 -13.89 -1.74 -7.12 0 -0 -13.79 16.23 9.67 0 0 0 83.43 -3.29 57.66 -138.09 49.16 -100.13 0 -0 -16.14 -12.5 -8.42 1.86 7.12 -0 -0 12.33 -38.33 2.06
11.18 16.02 9.98 -174.66 33.98 192.23 0 0 0 -5.94 2.38 -38.41 6 14.43 45 -0.26 13.88 -16.4 0.88 -5.98 -16.73 0 0 0 16.39 32.29 -2.11 -1.85 -8.55 24.4 5.3 37.05 20.23 -3.18 -10.98 32.23 8.5 2.97 -1.14 -0.16 4.44 -5.92 -5.04 1.94 -4.93 -26.37 -3.19 -5.15 33.5 -4.5 11.2 16.94 -1.15 5.62 0 0 0 -84.28 4.88 79.42 93.08 -59.96 -62.66 -0 0 -45.94 5.21 -14.32 -1.29 -7.12 0 -0 -15.1 15.91 10.77 0 0 0 83.23 -2.07 57.59 -132.3 52.02 -95.65 0 -0 -10.59 -11.77 -2.91 0.61 7.12 -0 -0 11.98 -32.79 3.65
11.01 15.9 9.63 -174.14 33.09 192.83 0 0 0 -7.98 6.11 -40.27 5.99 14.42 44.94 -0.1 12.6 -16.51 0.75 -5.53 -15.41 0 0 0 15.78 31.19 -1.63 -1.82 -8.48 24.19 5.47 37.48 20.41 -3.41 -11.33 33.41 8.7 2.71 -1.58 -0.17 4.09 -6.14 -5.14 1.76 -4.95 -26.24 -3.29 -5.06 33.95 -4.48 9.97 17.05 -1.14 5.27 -0 0 0 -83.67 3.14 80.99 92.37 -59.98 -62.06 -0 0 -42.57 4.06 -14.63 -1.03 -7.12 0 -0 -15.85 15.67 11.43 -0 0 0 83.51 -1.62 56.34 -123.14 55.41 -88.26 0 -0 -5.8 -10.89 4.22 -0.81 7.12 -0 -0 11.84 -25.66 5.66
10.82 15.74 9.29 -173.83 31.12 192.94 0 0 0 -9.68 7.5 -41.37 6.3 14.71 46.16 0.39 9.45 -18.8 0.61 -5 -13.91 0 0 0 15.34 29.78 -1.05 -1.92 -8.7 24.85 5.4 37.35 20.82 -3.65 -11.68 34.63 8.9 2.35 -1.79 -0.1 3.6 -6.12 -5.16 1.52 -4.89 -26.3 -3.45 -5.17 34.27 -4.45 8.52 17.12 -1.14 4.9 -0 -0 0 -83.07 1.01 82.48 90.04 -60 -60.04 -0 0 -38.28 4.73 -14.02 -1.15 -7.12 0 -0 -15.44 16.23 10.92 -0 -0 0 84.55 -2.04 53.44 -108.13 58.72 -75.63 0 -0 -4.46 -9.68 9.25 -1.57 7.12 -0 -0 12.33 -20.69 7.35
10.62 15.61 8.97 -174.46 27.98 192.06 0 0 0 -10.62 5.11 -41.11 6.8 15.16 48.11 0.6 7.12 -18.98 1.06 -6.55 -18.39 0 0 0 14.38 27.95 -1.94 -2.59 -10 28.96 4.75 35.88 22.98 -3.82 -11.92 35.44 8.26 1.93 -1.13 -0.12 3.05 -5.9 -4.85 1.26 -5.12 -26.69 -3.84 -5.29 34.57 -4.64 6.65 17.23 -1.26 4.51 0 -0 0 -83.11 -1.08 83.05 84.62 -59.89 -55.34 -0 0 -29.63 3.78 -16.29 -1.06 -7.12 0 -0 -15.93 14.08 12.06 0 -0 0 86.38 -2.77 48.88 -87.15 59.97 -57.53 0 -0 -9.45 -8.98 5.27 -0.83 7.12 -0 -0 13.15 -24.63 6.64
10.44 15.5 8.71 -176.4 23.92 190.72 0 0 0 -12.55 0.89 -40.4 7.19 15.49 49.6 0.67 5.85 -18.66 1.77 -8.37 -23.83 0 0 0 11.75 25.64 -6.57 -4.46 -12.75 38.44 2.77 31.42 28.33 -4.03 -12.21 36.46 6.14 1.58 0.04 -0.27 2.57 -5.74 -3.85 1.08 -5.74 -27.58 -4.42 -5.33 34.84 -5.04 4.58 17.44 -1.52 4.15 -0 -0 0 -83.62 -1.58 81.72 80.87 -59.68 -52.1 -0 0 -19.59 1.38 -19.53 -0.46 -7.12 0 -0 -17.28 11.09 14.32 -0 -0 0 88.15 -3.25 42.33 -63.36 57.14 -37.15 0 -0 -17.15 -12.09 -6.83 1.46 7.12 -0 -0 12.37 -36.71 2.57
10.28 15.48 8.44 -177.33 19.65 190.07 0 0 0 -14.4 -1.86 -39.15 7.11 15.43 49.31 0.81 4.34 -19.15 1.68 -8.16 -23.21 0 0 0 9.65 23.13 -12.65 -6.93 -15.27 48.61 -0.6 22.5 35.35 -3.25 -11.09 32.59 5.13 1.78 0.91 -0.27 2.85 -5.72 -3.34 1.25 -6.22 -28.54 -4.84 -4.67 34.96 -5.33 2.38 17.59 -1.77 3.6 -0 -0 0 -83.62 -0.04 79.29 84.29 -59.88 -55.06 -0 0 -16.16 -0.27 -20.27 0.09 -7.12 0 -0 -18.26 10.47 15.47 -0 -0 0 89.55 -4.62 34.09 -45.75 51.13 -22.82 0 -0 -23.17 -20.61 -25.53 9.21 7.12 -0 -0 10.03 -56.73 -2.9
10.16 15.56 8.15 -179.07 15.42 189.27 0 0 0 -17.49 -3.27 -36.67 6.45 14.85 46.77 0.91 2.05 -18.86 1.45 -7.6 -21.51 0 0 0 7.18 21.58 -18.11 -9.27 -16.98 57.03 -2.09 18.35 38.81 -1.01 -6.38 17.89 3.38 2.44 1.16 -0.72 3.65 -5.67 -2.88 1.72 -6.3 -29.03 -5.13 -3.8 34.67 -5.59 0.69 17.46 -2 3.08 -0 0 0 -82.57 1.93 76.86 92.61 -59.97 -62.26 -0 0 -19.9 0.4 -20.83 -0.14 -7.12 0 -0 -17.82 9.9 15.27 -0 0 0 91.03 -7.19 25.11 -35.01 44.82 -14.82 0 -0 -28.21 -32.55 -33.67 19.49 7.12 -0 -0 -0.07 -68.3 0.04
10.11 15.67 7.86 -180.84 10.03 188.73 0 0 0 -20.32 -4.7 -33.69 5.63 14.06 43.47 0.92 -1.4 -17.72 1.28 -7.16 -20.2 0 0 0 5.74 20.46 -22.64 -11.3 -18.08 63.74 -1.01 20.67 35.49 -0.13 -2.36 6.51 1.39 3.01 1.13 -1.29 4.33 -5.79 -2.42 2.15 -6.45 -29.13 -5.31 -3.6 34.24 -5.84 0.51 17.23 -2.13 3.06 0 0 0 -80.83 3.65 73.64 100.88 -59.55 -69.4 -0 0 -24.05 2.44 -21.32 -0.89 -7.12 0 -0 -16.54 9.32 14.27 0 0 0 91.92 -10.23 18.73 -26.03 37.23 -8.9 0 -0 -25.84 -31.68 -25.15 14.7 7.12 -0 -0 -2.4 -58.85 0.81
10.09 15.8 7.56 -180.79 2.44 188.53 0 0 0 -20.84 -7.44 -30.32 4.93 13.3 40.51 0.83 -5.56 -16.2 1.04 -6.49 -18.22 0 0 0 7.31 18.31 -25.7 -12.49 -18.59 67.52 1.11 22.84 23.29 -0.27 3.34 -9.22 1.63 3.15 0.82 -1.49 4.56 -5.98 -2.76 2.27 -6.43 -29.13 -3.69 -3.27 33.97 -5.88 -0.08 17.05 -3.26 2.68 -0 -0 0 -78.94 5.28 68.87 107.04 -58.87 -74.7 -0 0 -24.09 5.93 -22.5 -2.28 -7.12 0 -0 -14.36 7.94 12.66 -0 -0 0 92.06 -13.57 17.46 -18.01 28.17 -4.55 0 -0 -7.38 -24.17 -18.74 8.2 7.12 -0 -0 4.01 -50.33 -0.53
10.08 15.97 7.24 -179.82 -6.74 187.93 0 0 0 -20.28 -11.45 -26.07 4.25 12.48 37.45 0.57 -9.45 -14.01 0.73 -5.47 -15.26 0 0 0 10.37 15.66 -27.5 -12.69 -18.67 68.15 1.43 20.63 9.01 -1.56 7.88 -22.34 2.91 3.48 0.45 -1.49 4.39 -6.12 -3.41 1.84 -6.28 -29 -3.56 -2.59 33.69 -5.8 0.32 16.91 -3.21 2.61 0 -0 0 -77.11 6.58 63.13 111.77 -58.13 -78.74 -0 0 -23 10.12 -22.96 -3.98 -7.12 0 -0 -11.78 7.1 10.46 0 -0 0 92.64 -18.02 16.78 -13.79 22.44 -2.75 0 0 13.23 -11.2 -14.25 2.79 7.12 -0 -0 14.89 -43.98 0.38
10.07 16.12 6.94 -178.87 -16.11 187.09 0 0 0 -19.78 -15.78 -22.13 3.73 11.79 35 0.18 -13 -11.3 0.41 -4.12 -11.42 0 0 0 12.94 14.37 -28.78 -12.2 -18.47 66.62 0.65 15.29 -0.72 -1.78 8.4 -23.94 3.76 3.53 0.06 -1.49 4.49 -6.3 -3.87 1.85 -6.17 -29.11 -3.59 -1.93 33.69 -6.05 0.94 16.94 -3.33 2.74 0 0 0 -75.42 6.91 57.06 115.78 -57.33 -82.12 -0 0 -24.45 12.77 -22.43 -4.94 -7.12 0 -0 -10.11 7.33 8.88 0 0 0 94.11 -23.07 19.79 -13.98 22.71 -2.82 0 0 4.81 -5.51 -17.15 1.63 7.12 -0 -0 20.96 -46.08 -0.59
10.08 16.21 6.64 -178.19 -25.6 186.68 0 0 0 -19.46 -19.32 -20.34 3.6 11.61 34.38 -0.38 -17.22 -8.01 0.07 -1.73 -4.75 0 0 0 14.16 14.9 -30.3 -11.31 -18.08 63.78 0.01 10.05 -6.86 -1.55 7.86 -22.29 3.92 3.69 -0.56 -1.65 4.67 -6.59 -4.1 1.92 -6.09 -29.31 -3.78 -1.29 33.97 -6.53 1.33 17.11 -3.6 2.92 -0 0 0 -73.72 5.74 51.36 119.57 -56.42 -85.3 -0 0 -29.34 15.31 -20.93 -5.58 -7.12 0 -0 -8.45 8.54 7.19 -0 0 0 95.97 -28.07 24.27 -17.11 27 -4.14 0 -0 -17.33 -11.82 -21.46 4.38 7.12 -0 -0 16.97 -51.08 -2.6
10.1 16.22 6.37 -177.52 -35.3 186.33 0 0 0 -19.29 -20.31 -21.06 3.96 12.1 36.1 -1.2 -21.93 -3.7 0.09 1.89 5.21 0 0 0 14.18 16.64 -31.78 -10.21 -17.53 60.2 -0.38 5.92 -11.15 -1.51 7.76 -21.99 3.67 3.83 -0.81 -1.86 4.85 -6.77 -4.18 2.02 -6.12 -29.63 -4.15 -0.57 34.43 -7.16 0.85 17.37 -3.96 2.93 -0 -0 0 -72.12 2.37 46.66 123.17 -55.4 -88.28 -0 0 -39.02 20.38 -16.92 -6.17 -7.12 0 -0 -4.96 12.05 3.83 -0 -0 0 97.36 -31.86 25.49 -19.24 29.72 -5.15 0 -0 -18.33 -11.55 -21.52 4.29 7.12 -0 -0 17.25 -51.09 -2.65
10.13 16.17 6.12 -176.46 -45.45 185.18 0 0 0 -19.23 -20.14 -22.83 4.79 13.14 39.9 -2.04 -25.27 2.08 0.75 5.53 15.44 0 0 0 13.5 18.03 -32.6 -9.02 -16.82 56.17 -0.63 3.37 -14.28 -1.63 8.04 -22.84 3.44 3.72 -0.16 -1.91 4.77 -6.6 -4.14 2.02 -6.34 -29.99 -4.63 0.36 34.96 -7.78 -0.63 17.66 -4.35 2.66 -0 0 0 -71.1 -3.03 42.18 126.54 -54.3 -91.04 -0 0 -54.03 25.77 -11.87 -5.67 -7.12 0 -0 -0.99 16.85 0.66 -0 0 0 97.23 -34.53 28.13 -20.93 31.74 -6.01 0 -0 -20.16 -12.2 -19.74 4.18 7.12 -0 -0 15.88 -49.46 -1.79
10.16 16.07 5.89 -173.96 -55.51 182.15 0 0 0 -18.44 -21.12 -24.25 5.88 14.31 44.51 -2.59 -27.16 8.66 2.07 9.02 25.84 0 0 0 12.7 18.76 -32.66 -7.91 -16.05 52.25 -0.84 3.98 -16.46 -1.62 8.01 -22.76 3.53 3.33 1.18 -1.42 4.4 -6.07 -3.73 1.87 -6.61 -30.55 -5.13 1.05 35.5 -8.35 -2.3 18 -4.69 2.38 0 -0 0 -71.42 -9.29 37.06 129.13 -53.34 -93.13 -0 0 -63.22 28.58 -9.25 -5.01 -7.12 0 -0 1.17 19.47 -0.71 0 -0 0 94.31 -36.38 33.93 -21.7 32.64 -6.43 0 -0 -18.92 -11.26 -15.44 3.03 7.12 -0 -0 15.21 -45.15 -0.06
10.17 15.91 5.67 -168.58 -64.29 176.29 0 0 0 -16.32 -24.01 -24.71 6.72 15.09 47.79 -3.1 -29.55 15.78 3.84 11.94 35.53 0 0 0 11.96 19.77 -32.5 -7.06 -15.38 49.09 -0.94 7.98 -17.34 -1.7 8.21 -23.35 4.27 3.21 2.53 -0.81 4.41 -5.66 -3.59 1.87 -6.95 -30.93 -5.66 2.05 36.39 -9.17 -3.75 18.5 -5.21 2.23 0 0 0 -72.51 -14.92 32.99 131.65 -52.31 -95.14 -0 0 -59.35 29.77 -8.36 -4.76 -7.12 0 -0 2.08 20.37 -1.23 0 0 0 89.26 -37.75 43.59 -21.42 32.31 -6.27 0 -0 -13.52 -8.45 -10.07 1.49 7.12 -0 -0 16.12 -39.64 2.2
10.16 15.72 5.45 -162.56 -71 170.55 0 0 0 -14.48 -27.25 -25.41 7.13 15.44 49.36 -2.91 -30.39 23.74 6.13 14.55 45.49 0 0 0 9.75 21.34 -33.9 -6.67 -15.04 47.6 -0.8 13.37 -17.31 -1.95 8.76 -25.04 4.08 3.73 2.74 -0.67 5.13 -5.7 -3.4 2.24 -7.08 -30.95 -6.27 3.39 37.56 -10.32 -4.91 19.04 -5.96 2.25 0 0 0 -74.1 -19.3 29.48 136.05 -50.25 -98.57 -0 0 -56.43 29.49 -7.56 -4.25 -7.12 0 -0 1.94 21.31 -1.1 0 0 0 83.15 -37.95 55.81 -20.15 30.82 -5.61 0 -0 -6.31 -2.64 -5.27 0.24 7.12 -0 -0 19.69 -34.67 5.26
10.13 15.56 5.24 -159.19 -76.1 167.57 0 0 0 -14.32 -29.92 -25.66 7.3 15.58 49.98 -2.21 -29.68 28.64 7.7 15.89 51.48 0 0 0 6.22 22.97 -35.65 -6.51 -14.9 46.98 -0.44 18.54 -16.68 -1.96 8.78 -25.12 2.77 4.72 2.35 -1.26 6.33 -5.89 -3.36 2.89 -7.02 -30.75 -6.95 4.78 38.84 -11.65 -5.79 19.58 -6.84 2.41 -0 0 0 -75.31 -21.89 25.86 141.68 -47.04 -102.8 -0 0 -61.2 28.64 -8.29 -4.5 -7.12 0 -0 1.27 20.55 -0.74 -0 0 0 77.38 -36.19 70.45 -18.5 28.79 -4.79 0 -0 -6.13 4.23 -3.59 -0.27 7.12 -0 -0 24.56 -32.74 8.03
10.06 15.51 5.05 -157.41 -80.33 165.74 0 0 0 -15.23 -32.77 -24.47 7.18 15.48 49.56 -1.7 -28.98 30.98 8.33 16.36 53.74 0 0 0 2.9 24.58 -35.76 -6.2 -14.62 45.76 0.18 23.28 -15.1 -1.67 8.15 -23.16 1.69 5.94 2.04 -2.29 7.84 -5.96 -3.91 3.67 -6.81 -30.38 -7.6 6.47 39.77 -12.95 -6.66 19.9 -7.71 2.47 -0 -0 0 -75.59 -22.05 22.39 145.53 -44.43 -105.56 -0 0 -62.77 27.81 -10.32 -5.4 -7.12 0 -0 0.54 18.34 -0.34 -0 -0 0 73.57 -32.95 84.01 -16.86 26.67 -4.02 0 -0 -11.11 11.54 -6.73 -1.37 7.12 -0 -0 30.92 -35.05 8.65
9.98 15.55 4.87 -150.01 -84.17 158.13 0 0 0 -16 -35.92 -22.35 6.83 15.19 48.23 -0.96 -27.37 32.97 8.66 16.59 54.91 0 0 0 0.9 26.17 -34.41 -5.76 -14.19 44.01 1.33 28.86 -11.89 -1.38 7.42 -20.97 1.61 7.07 1.83 -3.2 9.29 -5.98 -4.86 4.39 -6.47 -30.25 -8.12 8.28 40.39 -14.07 -7.48 20.14 -8.48 2.44 0 -0 0 -74.8 -19.65 18.71 147.17 -43.2 -106.7 -0 0 -60.57 27.54 -12.73 -6.55 -7.12 0 -0 0.17 15.69 -0.12 0 -0 0 71.58 -29.42 90.4 -14.81 23.88 -3.15 0 -0 -5.32 20.35 -7.97 -2.94 7.12 -0 -0 37.5 -35.26 11.06
9.9 15.67 4.7 -112.72 -86.89 120.87 0 0 0 -15.76 -38.57 -20.5 6.35 14.76 46.37 -0.14 -25.54 35.09 8.75 16.65 55.23 0 0 0 0.39 28.49 -32.22 -5.34 -13.75 42.25 3.68 35.6 -4.02 -0.73 5.46 -15.24 2.34 8.12 1.57 -3.89 10.7 -6.14 -5.98 5.05 -6.11 -30.06 -8.57 9.84 40.69 -15.01 -7.95 20.2 -9.11 2.43 -0 0 0 -72.88 -15.21 15.32 146.73 -43.54 -106.39 -0 0 -57.94 26.99 -14.61 -7.32 -7.12 0 -0 -0.36 13.67 0.27 -0 0 0 71.51 -26.48 84.93 -12.21 20.11 -2.17 0 0 12.08 26.11 -6 -2.93 7.12 -0 -0 40.16 -32.82 15.58
9.81 15.86 4.51 -51.76 -86.09 60.47 0 0 0 -14.48 -39.56 -20 5.79 14.22 44.12 0.99 -23.42 38.4 8.8 16.68 55.41 0 0 0 0.88 31.48 -29.64 -4.91 -13.28 40.44 6.01 39.34 9.21 -0.06 1.55 -4.27 2.58 8.94 0.78 -4.26 11.78 -6.59 -6.42 5.57 -5.9 -29.98 -8.8 10.78 40.64 -15.67 -7.5 20.09 -9.5 2.62 0 -0 0 -70.37 -8.67 12.63 144.35 -45.27 -104.73 -0 0 -56.44 25.02 -14.23 -6.54 -7.12 0 -0 -1.67 14.35 1.2 0 -0 0 71.92 -23.82 71.28 -10.03 16.78 -1.48 0 0 28.53 19.09 -7.76 -2.68 7.12 -0 -0 36.58 -35.22 10.71
9.72 16.06 4.31 -27.5 -82.69 36.95 0 0 0 -12.64 -39.35 -20.74 5.35 13.76 42.3 2.38 -21.01 42.47 8.85 16.71 55.55 0 0 0 2.58 33.78 -26.28 -4.37 -12.64 38.03 5.81 38.46 21.54 -0.1 -2.02 5.56 2.81 9.25 -0.21 -4.54 12.15 -7.05 -6.7 5.74 -5.68 -29.76 -8.91 10.94 40.41 -16.09 -6.28 19.84 -9.68 3.01 0 -0 0 -67.18 -0.89 11.21 139.83 -48.17 -101.43 -0 0 -58.49 21.89 -11.37 -4.53 -7.12 0 -0 -3.67 17.77 2.38 0 -0 0 71.73 -20.69 59.11 -9.15 15.4 -1.24 0 0 36.02 1.81 -13.1 -0.41 7.12 -0 -0 25.66 -41.55 2.36
9.64 16.23 4.11 -18.85 -77.76 28.83 0 0 0 -10.6 -38.78 -22.06 5.11 13.51 41.29 3.72 -18.75 46.23 8.95 16.78 55.92 0 0 0 5.78 34.06 -22 -3.62 -11.64 34.47 3.52 34.22 29.9 -0.74 -5.49 15.31 3.77 9.15 -1.03 -4.83 12.02 -7.34 -7.37 5.63 -5.3 -29.52 -8.94 11.04 40.33 -16.36 -5.23 19.71 -9.79 3.33 -0 0 0 -63.25 6.45 12.63 131.41 -52.41 -94.95 -0 0 -60.81 19.16 -8.75 -3.03 -7.12 0 -0 -5.57 20.75 3.25 -0 0 0 70.48 -17.62 55.56 -10.12 16.93 -1.51 0 0 32.61 -15.13 -17.2 4.57 7.12 -0 -0 12.23 -47.38 -0.73
9.59 16.36 3.94 -14.82 -71.71 25.03 0 0 0 -8.89 -38.29 -23.45 5.07 13.46 41.13 4.04 -18.66 47.4 8.68 16.59 54.96 0 0 0 9.69 32.04 -17.66 -2.91 -10.55 30.78 3.79 33.36 24.14 -1.35 -7.34 20.74 5.29 8.7 -1.62 -4.96 11.45 -7.34 -8.21 5.3 -4.74 -29.52 -8.84 11.31 40.44 -16.36 -4.78 19.82 -9.8 3.41 -0 0 0 -58.86 12.14 16.75 116.89 -57.08 -83.06 -0 0 -61.02 17.6 -7.12 -2.25 -7.12 0 -0 -6.72 22.53 3.66 -0 0 0 68.13 -14.76 55.97 -12.87 21.09 -2.41 0 0 25.32 -23.71 -16.7 7.19 7.12 -0 -0 4 -48.08 -0.3
9.56 16.41 3.77 -12.53 -65.69 22.79 0 0 0 -7.99 -37.6 -24.48 5.36 13.78 42.35 2.05 -21.78 41.73 7.72 15.91 51.53 0 0 0 13.1 28.16 -14.79 -2.51 -9.86 28.53 3.8 32.29 8.9 -0.34 -3.77 10.42 6.69 8.3 -2.08 -5 10.93 -7.07 -8.91 5.03 -4.04 -29.78 -8.68 11.71 40.69 -16.19 -4.94 20.12 -9.76 3.29 0 0 0 -54.2 15.01 23.11 95.47 -59.89 -64.74 -0 0 -63.3 17.89 -4.17 -1.34 -7.12 0 -0 -6.6 25.59 3.12 0 0 0 65.24 -12.02 55.12 -16.93 26.77 -4.06 0 0 17.85 -24.96 -11.93 5.49 7.12 -0 -0 2.04 -43.08 0.1
9.56 16.36 3.58 -10.94 -60.35 21.33 0 0 0 -7.87 -35.13 -25.6 6 14.43 45 -1.25 -26.24 28.92 6 14.43 44.99 0 0 0 15.45 22.78 -14.19 -2.33 -9.51 27.42 2.76 30.31 -1.29 -0.02 -0.9 2.47 7.44 8.06 -2.34 -4.79 10.63 -6.8 -9.05 4.89 -3.59 -30.32 -8.43 12.14 40.72 -15.85 -5.26 20.39 -9.61 3.05 -0 -0 0 -50.43 15.31 30.41 70.51 -58.51 -43.2 -0 0 -69.6 19.23 -0.18 -0.06 -7.12 0 -0 -5.76 29.77 2.15 -0 -0 0 61.49 -9.4 54.05 -22.06 33.04 -6.62 0 0 11.4 -25.21 -8.1 3.8 7.12 -0 -0 1.43 -38.92 0.21
9.59 16.21 3.37 -10.84 -56.08 21.18 0 0 0 -8.02 -29.23 -27.49 7.01 15.34 48.91 -2.82 -28.15 12.29 3.41 11.34 33.43 0 0 0 17.44 18.39 -14.76 -2.26 -9.39 27.02 1.98 29.79 -8.02 -0 0.09 -0.25 8.18 8.07 -2.01 -4.21 10.7 -6.66 -8.87 4.92 -3.6 -31.39 -8.07 12.67 40.72 -15.47 -5.66 20.78 -9.44 2.8 0 -0 0 -48.53 14.32 37.33 49.27 -52.7 -25.59 -0 0 -72.18 21.68 2.48 0.99 -7.12 0 -0 -3.98 32.63 1.21 0 -0 0 57.04 -6.67 52.64 -28.06 39.18 -10.16 0 0 9.62 -27.32 -7.72 3.97 7.12 -0 -0 -0.43 -38.65 -0.07
9.65 16.01 3.14 -12.07 -52.5 22.19 0 0 0 -8.03 -21.37 -30.49 8.37 16.39 53.9 -1.63 -24.86 -3.37 0.62 5.02 13.98 0 0 0 19.68 16.58 -16.72 -2.63 -10.08 29.23 0.93 28.6 -14.47 -0.08 1.87 -5.14 9.29 8.08 -1.02 -3.41 10.87 -6.68 -8.77 4.94 -4.11 -32.18 -7.75 12.53 40.56 -14.96 -5.77 20.97 -9.12 2.64 0 0 0 -49.05 14.24 40.98 36.38 -45.77 -15.8 -0 0 -68.02 26.07 5.21 2.54 -7.12 0 -0 -0.51 35.78 0.12 0 0 0 53.22 -3.27 48.74 -34.74 44.62 -14.63 0 0 12.55 -28.49 -8.16 4.41 7.12 -0 -0 -1.42 -39.24 -0.2
9.73 15.78 2.91 -14.27 -49.33 23.62 0 0 0 -7.76 -13.95 -33.79 10.13 17.48 59.94 0.1 -18.24 -13.73 0.19 -2.8 -7.72 0 0 0 22.43 17.64 -19.44 -3.59 -11.6 34.32 -0.35 24.82 -19.78 -0.32 3.62 -10.02 10.93 7.79 0.77 -2.44 10.78 -6.4 -8.91 4.8 -4.76 -32.09 -7.75 10.43 39.99 -14.32 -5.34 20.53 -8.55 2.81 0 0 0 -52.47 16.43 37.48 30.06 -40.95 -11.45 -0 0 -61.99 30.49 6.57 3.86 -7.12 0 -0 3.19 37.58 -0.58 0 0 0 51.4 1.65 42.2 -42.6 49.54 -20.4 0 0 15 -28.35 -7.51 4.03 7.12 -0 -0 -1.32 -38.49 -0.21
9.8 15.54 2.7 -15.07 -45.79 23.66 0 0 0 -8.11 -8.82 -36.38 11.93 18.36 65.75 0.95 -13.35 -18.52 1.17 -6.87 -19.34 0 0 0 24.23 18.7 -22.08 -4.75 -13.09 39.72 -1.34 20.52 -23.59 -0.6 4.95 -13.77 11.97 7.15 2.73 -1.89 10.23 -5.96 -9.18 4.45 -5.48 -31.57 -7.92 8.05 39.9 -13.75 -5.37 20.25 -8.03 2.97 0 0 0 -57.37 20.07 28.61 29.02 -40.04 -10.78 -0 0 -64.16 33.43 4.07 2.68 -7.12 0 -0 5.63 34.8 -1.41 0 0 0 52.43 6.53 34.19 -53.98 54.48 -29.38 0 0 15.25 -29.14 -5.62 3.13 7.12 -0 -0 -2.05 -36.4 -0.43
9.82 15.39 2.54 -12.64 -40.86 21.59 0 0 0 -9.99 -7.27 -37.53 13.14 18.83 69.56 1.36 -10.05 -20.96 2.26 -9.39 -27.04 0 0 0 23.78 17.54 -24.68 -5.68 -14.11 43.69 -2.04 16.25 -26.46 -0.94 6.16 -17.25 11.32 6.27 3.75 -2.23 9.12 -5.65 -9.32 3.89 -6.02 -30.86 -8 7.44 40.63 -13.28 -6.78 20.54 -7.81 2.59 0 0 0 -62.71 22.86 18.29 31.25 -41.94 -12.24 -0 0 -69.98 33.76 1.71 1.14 -7.12 0 -0 5.77 32 -1.84 0 0 0 56.3 9.85 26.4 -70.99 58.59 -43.61 0 0 14.8 -30.85 -5.06 3.02 7.12 -0 -0 -3.5 -35.85 -0.79
9.82 15.34 2.47 -10.98 -33.97 19.98 0 0 0 -10.28 -8.07 -37.21 13.88 19.08 71.84 1.52 -7.68 -22.1 2.92 -10.57 -30.83 0 0 0 24.18 14.57 -25.68 -5.98 -14.41 44.9 -2.41 11.89 -27.98 -1.33 7.3 -20.61 11.83 5.49 3.8 -2.37 8.11 -5.5 -9.74 3.37 -6.04 -30.66 -8.08 8.77 41.23 -13.33 -8.45 20.97 -8.01 1.99 -0 0 0 -68.57 23.72 9.46 33.36 -43.61 -13.67 -0 0 -70.67 31.93 1.09 0.68 -7.12 0 -0 4.28 31.25 -1.44 -0 0 0 61.48 10.89 20.68 -92.27 59.98 -61.97 0 0 13.88 -33.37 -5.1 3.35 7.12 -0 -0 -5.62 -36.03 -1.24
9.82 15.4 2.48 -10.13 -27.1 19.36 0 0 0 -9.12 -8.84 -36.74 14.04 19.13 72.34 1.49 -6.84 -21.86 3 -10.69 -31.25 0 0 0 25.05 12.06 -25.5 -5.7 -14.13 43.76 -2.41 7.54 -27.97 -1.73 8.29 -23.59 11.88 5.36 3 -2.01 7.88 -5.96 -9.31 3.23 -6.19 -31.13 -8.43 10.75 41.01 -14.41 -8.54 20.88 -8.7 2.05 -0 -0 0 -74.35 23.99 3.95 33.86 -43.98 -14.01 -0 0 -68.32 30.24 0.05 0.03 -7.12 0 -0 2.9 30.03 -1.06 -0 -0 0 66.35 9.5 17.69 -110.99 58.27 -78.07 0 0 14.22 -35.55 -4.04 2.88 7.12 -0 -0 -7.38 -34.87 -1.85
9.82 15.57 2.55 -8.85 -21.52 18.8 0 0 0 -8.35 -8.06 -35.98 13.34 18.9 70.17 1.41 -5.75 -21.29 2.87 -10.47 -30.52 0 0 0 24.94 10.63 -24.14 -5.06 -13.45 41.07 -2.13 4.02 -26.62 -2.14 9.15 -26.25 10.43 5.86 2.02 -1.8 8.4 -6.74 -8.23 3.52 -6.55 -31.9 -8.99 12.57 40.5 -16.15 -7.26 20.51 -9.66 2.75 0 -0 0 -78.93 24.63 2.19 33.27 -43.54 -13.61 -0 0 -65.7 30.81 -1.36 -0.81 -7.12 0 -0 3.28 28.39 -1.33 0 -0 0 71.07 6.62 16.57 -123.04 55.44 -88.18 0 0 16.57 -38.16 -2.16 1.7 7.12 -0 -0 -9.36 -32.63 -2.87
9.85 15.81 2.68 -7.6 -16.47 18.41 0 0 0 -7.67 -6.46 -35.11 11.89 18.34 65.64 1.35 -3.75 -21.09 2.59 -10 -28.99 0 0 0 24.12 10.06 -21.65 -4.2 -12.42 37.23 -1.74 2.5 -24.28 -2.54 9.91 -28.69 8.98 6.57 1.06 -1.98 9.2 -7.51 -7.57 3.95 -6.84 -31.67 -9.77 15.56 39.42 -18.03 -7.25 19.67 -10.78 2.76 0 0 0 -82 25.59 2.35 32.25 -42.75 -12.91 -0 0 -64.22 32.11 -1.85 -1.16 -7.12 0 -0 4.26 27.79 -1.79 0 0 0 75.98 3.62 16.65 -128.97 53.4 -93 0 0 19.57 -41.07 -0.16 0.14 7.12 -0 -0 -11.4 -30.08 -4.23
9.92 16.05 2.84 -6.85 -10.79 18.4 0 0 0 -6.41 -5.56 -35.07 10.19 17.52 60.12 1.32 -2.29 -21.11 2.3 -9.46 -27.24 0 0 0 23.5 9.02 -19.19 -3.35 -11.24 33.09 -1.36 2.22 -21.44 -2.97 10.64 -31.08 8.53 6.96 -0.14 -2.23 9.61 -8.01 -7.47 4.19 -6.64 -31.78 -10.38 18.3 39.24 -19.55 -7.8 19.51 -11.77 2.72 0 0 0 -84.24 26.72 2.56 31.35 -42.02 -12.3 -0 0 -64.07 32.2 -1.53 -0.97 -7.12 0 -0 4.35 28.16 -1.79 0 0 0 80.47 1.64 18.33 -129.75 53.1 -93.63 0 0 21.48 -44.16 0.31 -0.3 7.12 -0 -0 -13.71 -29.41 -5.35
10.04 16.24 3 -6.21 -4.15 18.32 0 0 0 -5.26 -5.94 -35.73 8.55 16.51 54.52 1.32 -1.41 -21.27 2.29 -9.45 -27.22 0 0 0 23.35 6.55 -17.39 -2.74 -10.26 29.82 -1.02 1.27 -18.75 -3.22 11.05 -32.45 8.58 6.81 -1.23 -2.34 9.32 -8.28 -7.48 4.06 -6.34 -31.97 -10.75 21.08 39.44 -20.67 -8.84 19.71 -12.59 2.46 0 0 0 -86.22 28.07 2.03 30.15 -41.02 -11.51 -0 0 -63.59 30.39 -1.25 -0.73 -7.12 0 -0 2.96 28.53 -1.19 0 0 0 83.91 0.74 21.1 -126.21 54.41 -90.77 0 0 20.55 -45.3 0.15 -0.15 7.12 -0 -0 -14.62 -29.6 -5.66
10.2 16.36 3.16 -5.8 2.9 18.12 0 0 0 -4.39 -7.05 -36.94 7.15 15.46 49.44 1.31 -0.02 -21.64 2.34 -9.53 -27.48 0 0 0 23.77 3.25 -15.83 -2.27 -9.41 27.09 -0.75 -0.61 -16.65 -3.38 11.29 -33.27 8.96 6.41 -1.98 -2.31 8.74 -8.37 -7.58 3.77 -6.07 -32.01 -11.15 23.96 40.03 -21.72 -10.35 20.14 -13.42 2.1 0 0 0 -87.92 29.2 0.5 28.63 -39.69 -10.53 -0 0 -61.39 27.93 -0.73 -0.39 -7.12 0 -0 1.07 29.15 -0.41 0 0 0 86.16 0.75 23.87 -118.61 56.67 -84.5 0 0 17.73 -45.94 0.03 -0.03 7.12 -0 -0 -15.13 -29.75 -5.81
10.38 16.42 3.32 -5.51 9.75 17.87 0 0 0 -4.15 -8.12 -38.52 6.05 14.48 45.2 1.17 0.61 -20.65 2.14 -9.14 -26.24 0 0 0 24.47 -0.68 -14.57 -1.92 -8.69 24.83 -0.55 -2.89 -15.33 -3.57 11.56 -34.19 9.34 5.99 -2.49 -2.19 8.16 -8.35 -7.6 3.48 -5.85 -31.77 -11.72 26.86 40.92 -22.81 -12.26 20.7 -14.32 1.7 0 -0 0 -89.34 29.86 -2.39 27.2 -38.37 -9.62 -0 0 -58.65 26.02 -0.24 -0.12 -7.12 0 -0 -0.43 29.71 0.16 0 -0 0 86.97 1.28 26.38 -107.7 58.78 -75.26 0 0 14.81 -45.84 0.57 -0.59 7.12 -0 -0 -14.94 -29 -6.01
10.59 16.39 3.48 -5.2 16.36 17.47 0 0 0 -4.78 -9.09 -40.07 5.21 13.62 41.74 0.64 -2.35 -14.47 2.41 -9.67 -27.91 0 0 0 25.21 -4.34 -13.65 -1.77 -8.37 23.83 -0.37 -5.85 -15.16 -3.73 11.79 -34.99 9.59 5.66 -2.59 -1.99 7.73 -8.26 -7.53 3.27 -5.78 -31.24 -12.56 30.02 42.12 -24.04 -14.85 21.43 -15.36 1.19 -0 0 0 -90.17 29.85 -6.83 26.1 -37.31 -8.95 -0 0 -56.37 23.81 -0.27 -0.12 -7.12 0 -0 -2.16 29.68 0.81 -0 0 0 86.46 1.3 28.88 -97.54 59.78 -66.52 0 0 14.24 -45.25 0.8 -0.81 7.12 -0 -0 -14.44 -28.7 -5.9
10.82 16.28 3.62 -5.08 22.82 16.82 0 0 0 -5.99 -9.98 -41.18 4.92 13.29 40.47 0.27 -6.96 -9.77 2.58 -9.99 -28.94 0 0 0 26.1 -6.94 -12.94 -1.85 -8.55 24.38 -0.16 -9.5 -16 -3.81 11.9 -35.39 9.9 5.55 -2.27 -1.69 7.64 -8.14 -7.42 3.22 -5.85 -30.32 -13.91 33.42 43.78 -25.57 -18.33 22.34 -16.67 0.59 -0 -0 0 -90.06 29.28 -11.62 26.01 -37.22 -8.89 -0 0 -55.48 22.73 -1.44 -0.6 -7.12 0 -0 -2.99 28.42 1.21 -0 -0 0 84.99 0.04 31.44 -93.54 59.95 -63.06 0 0 15.71 -44.54 -0.13 0.12 7.12 -0 -0 -14.08 -29.99 -5.3
11.06 16.12 3.78 -5.14 29.03 15.97 0 0 0 -6.73 -11.83 -40.77 5.03 13.42 40.97 0.28 -11.31 -11.52 2.65 -10.11 -29.32 0 0 0 26.99 -8.76 -12.4 -2.12 -9.11 26.14 0.12 -13.04 -16.96 -3.88 12 -35.73 10.21 5.77 -1.88 -1.4 8.01 -8.01 -7.3 3.4 -5.87 -28.87 -15.85 37.31 45.47 -27.5 -22.66 24.1 -18.28 -0.24 0 -0 0 -88.77 28.62 -15.13 27.56 -38.71 -9.85 -0 0 -56.23 23.08 -2.34 -1 -7.12 0 -0 -2.69 27.44 1.15 0 -0 0 83.29 -2.06 34.29 -95.4 59.89 -64.67 0 0 15.07 -44.06 -1.08 1.04 7.12 -0 -0 -13.89 -31.29 -4.78
11.31 16 3.97 -4.34 34.79 15.69 0 0 0 -8.2 -13.92 -39.27 4.89 13.26 40.36 0.27 -15.31 -13.45 2.3 -9.47 -27.29 0 0 0 26.98 -10.13 -12.56 -2.64 -10.08 29.25 0.46 -15.83 -16.91 -3.91 12.04 -35.88 9.38 6.06 -1.87 -1.24 8.41 -8 -6.68 3.66 -5.91 -26.78 -18.2 41.07 47.47 -29.15 -27.39 25.51 -19.84 -1.28 -0 0 0 -86.69 28.28 -17.32 30.49 -41.31 -11.73 -0 0 -57.8 23.48 -3.06 -1.33 -7.12 0 -0 -2.38 26.64 1.06 -0 0 0 82.03 -4.06 37.7 -98.12 59.75 -67.02 0 0 12.44 -43.53 -1.4 1.33 7.12 -0 -0 -13.53 -31.72 -4.51
11.57 15.97 4.21 -2 40.12 16.74 0 0 0 -11.01 -16.03 -37.61 4.72 13.06 39.59 -0.02 -18.64 -12.91 1.45 -7.62 -21.56 0 0 0 25.62 -10.55 -13.67 -3.53 -11.51 34.03 0.84 -17.69 -14.84 -3.82 11.91 -35.43 7.03 6.07 -2.58 -1.2 8.33 -8.01 -5.28 3.78 -5.81 -24.75 -20.52 43.92 48.96 -30.51 -31.25 26.63 -21.12 -2.22 0 -0 0 -84.68 28.27 -19.27 33.85 -43.97 -14.01 -0 0 -58.65 22.98 -4.11 -1.74 -7.12 0 -0 -2.76 25.52 1.3 0 -0 0 81.74 -5.26 41.51 -98.59 59.72 -67.44 0 0 11.2 -42.79 -1.84 1.7 7.12 -0 -0 -13.02 -32.3 -4.14
11.83 16.01 4.48 -0.49 45.1 17.14 0 0 0 -12.89 -16.97 -35.1 4.35 12.62 37.95 -0.72 -22.86 -10.31 0.66 -5.2 -14.48 0 0 0 24.78 -10.07 -14.72 -4.68 -13.02 39.43 1.09 -18.29 -9.76 -3.59 11.59 -34.31 5.37 5.68 -3.44 -0.66 7.75 -7.72 -3.71 3.63 -5.35 -23.31 -22.27 45.51 49.94 -31.44 -33.84 27.33 -21.97 -2.83 -0 -0 0 -83.43 28.55 -21.51 37.05 -46.22 -16.28 -0 0 -59.37 22.75 -4.96 -2.08 -7.12 0 -0 -2.93 24.61 1.45 -0 -0 0 82.28 -5.02 46.06 -96.43 59.84 -65.57 0 0 10.98 -41.97 -1.22 1.1 7.12 -0 -0 -12.27 -31.47 -4.14
12.09 16.12 4.73 0.36 48.92 17.19 0 0 0 -14.36 -16.73 -32.09 3.79 11.88 35.3 -1.48 -25.88 -6.75 0.16 -2.62 -7.21 0 0 0 23.74 -8.01 -15.91 -5.99 -14.42 44.95 0.86 -16.67 -1.83 -2.73 10.25 -29.78 4.5 5.36 -4.14 -0.09 7.3 -7.38 -2.56 3.49 -4.8 -22.13 -23.59 46.31 50.66 -31.98 -35.53 27.83 -22.52 -3.27 -0 -0 0 -82.3 29.16 -23.34 39.53 -47.79 -18.09 -0 0 -60.25 23.4 -5.38 -2.33 -7.12 0 -0 -2.45 24.12 1.24 -0 -0 0 83.36 -3.64 51.2 -93.21 59.96 -62.78 0 0 10.88 -41.21 -0.31 0.27 7.12 -0 -0 -11.53 -30.29 -4.22
12.32 16.24 4.97 1.17 51.62 17.41 0 0 0 -15.65 -16.02 -29.06 3.21 11.02 32.36 -1.97 -27.22 -3.82 0.01 -0.55 -1.51 0 0 0 22.18 -4.68 -17.23 -7.37 -15.64 50.27 0.12 -11.07 5.86 -1.85 8.55 -24.41 3.79 5.22 -4.37 0.28 7.13 -7.23 -1.77 3.46 -4.66 -20.94 -24.79 46.79 51.24 -32.35 -36.88 28.23 -22.94 -3.68 0 0 0 -81 30.13 -24.77 41.41 -48.88 -19.49 -0 0 -60.57 24.5 -5.39 -2.45 -7.12 0 -0 -1.63 24.06 0.82 0 0 0 84.6 -1.61 56.72 -90.24 60 -60.21 0 0 11.05 -40.66 0.66 -0.57 7.12 -0 -0 -10.96 -29.03 -4.34
12.52 16.33 5.22 2 53.73 17.8 0 0 0 -16.64 -14.99 -26.49 2.74 10.26 29.81 -2.31 -28.04 -1.33 0.04 1.21 3.33 0 0 0 20.4 -0.76 -18.42 -8.54 -16.5 54.49 -0.12 -1.44 6.12 -2.08 9.03 -25.9 2.66 5 -4.53 0.8 6.84 -7.04 -0.61 3.39 -4.57 -19.88 -25.82 46.96 51.79 -32.59 -38.15 28.65 -23.27 -4.07 -0 -0 0 -80.35 30.98 -26.7 43.11 -49.81 -20.78 -0 0 -60.54 25.55 -5.33 -2.54 -7.12 0 -0 -0.85 24.07 0.43 -0 -0 0 85.46 1.17 63.12 -88.78 59.99 -58.94 0 0 10.31 -40.15 0.99 -0.83 7.12 -0 -0 -10.52 -28.62 -4.26
12.68 16.36 5.45 2.66 55.91 18.01 0 0 0 -17.22 -14.26 -24.65 2.55 9.94 28.77 -2.49 -28.57 -0.29 0.14 2.44 6.72 0 0 0 18.66 3.11 -19.51 -9.26 -16.97 57 0.14 6.7 1.4 -2.63 10.06 -29.18 1.76 4.67 -4.42 1.34 6.44 -6.76 0.43 3.25 -4.5 -18.92 -26.78 46.89 52.4 -32.81 -39.36 29.04 -23.59 -4.37 0 0 0 -79.91 31.25 -28.67 44.26 -50.4 -21.67 -0 0 -60.79 26.7 -5.49 -2.75 -7.12 0 -0 0.01 23.84 -0 0 0 0 86.15 4.52 69.79 -88.42 59.99 -58.63 0 0 8.69 -40.16 1.02 -0.86 7.12 -0 -0 -10.53 -28.58 -4.28
12.82 16.3 5.69 3.31 58.55 18.12 0 0 0 -17.43 -14.52 -23.43 2.68 10.16 29.49 -2.42 -28.7 -1.54 0.19 2.79 7.69 0 0 0 16.92 6.19 -20.75 -9.7 -17.24 58.47 0.19 10.3 -3.53 -3 10.7 -31.28 1.29 4.17 -4.02 1.78 5.78 -6.45 1.12 2.95 -4.49 -18.16 -27.51 46.8 52.96 -32.93 -40.28 29.46 -23.84 -4.59 0 -0 0 -79.47 30.83 -30.48 44.94 -50.74 -22.19 -0 0 -61.9 28.69 -5.92 -3.23 -7.12 0 -0 1.46 23.24 -0.76 0 -0 0 86.95 8.06 76.14 -88.28 59.99 -58.51 0 0 7.8 -39.63 1.36 -1.12 7.12 -0 -0 -10.07 -28.17 -4.18
12.94 16.19 5.93 3.26 61.44 17.56 0 0 0 -16.92 -15.47 -23.04 3.15 10.94 32.07 -2.17 -28.69 -4.37 0.11 2.17 5.97 0 0 0 15.45 8.52 -22.07 -9.89 -17.35 59.12 -0.18 9.46 -9.41 -3.16 10.96 -32.13 1.28 3.61 -3.35 2.27 5.06 -6.09 1.6 2.6 -4.52 -17.59 -27.98 46.66 53.52 -32.9 -41.07 30.01 -24 -4.79 -0 -0 0 -79.21 29.48 -32.04 45.47 -51 -22.6 -0 0 -63.8 31.01 -6.36 -3.81 -7.12 0 -0 3.13 22.58 -1.69 -0 -0 0 87.77 11.5 81.83 -88.52 59.99 -58.72 0 0 7.48 -38.23 1.8 -1.42 7.12 -0 -0 -8.95 -27.65 -3.82
13.04 16.02 6.16 2.18 64.31 15.8 0 0 0 -15.68 -16.95 -23.04 3.9 12.02 35.81 -1.95 -29.05 -7.17 0.06 1.56 4.28 0 0 0 14.14 9.74 -23.38 -9.83 -17.31 58.92 -0.72 5.96 -15.15 -3.06 10.8 -31.6 1.64 3.09 -2.34 2.87 4.37 -5.51 1.97 2.24 -4.49 -17.1 -28.31 46.38 54.15 -32.78 -41.74 30.64 -24.12 -4.93 0 -0 0 -79.33 27.19 -33.04 46.12 -51.3 -23.11 -0 0 -66.01 33.57 -7.14 -4.72 -7.12 0 -0 4.92 21.44 -2.79 0 -0 0 88.44 14.73 86.91 -89.3 60 -59.39 0 0 6.8 -36.29 2.26 -1.66 7.12 -0 -0 -7.42 -27.16 -3.24
13.13 15.84 6.42 0.67 66.44 13.23 0 0 0 -14.28 -17.81 -22.55 4.57 12.88 38.92 -2.04 -30.61 -8.73 0.08 1.79 4.94 0 0 0 12.65 10.31 -24.55 -9.64 -17.2 58.28 -1.12 1.53 -19.57 -2.83 10.41 -30.33 1.62 2.77 -0.73 3.45 4 -4.81 2.53 2.06 -4.7 -16.65 -28.68 46.15 54.86 -32.75 -42.24 31.24 -24.32 -4.94 -0 -0 0 -79.69 24.42 -32.44 46.59 -51.52 -23.47 -0 0 -67.63 36.29 -8.74 -6.37 -7.12 0 -0 6.66 19.22 -4.13 -0 -0 0 88.93 17.35 91.07 -90.36 60 -60.32 0 0 6.04 -33.58 2.25 -1.5 7.12 -0 -0 -5.36 -27.27 -2.32
13.2 15.66 6.69 0.47 67.31 11.9 0 0 0 -13.59 -17.31 -21.8 5.03 13.42 40.96 -2.35 -32.66 -9.31 0.25 3.21 8.87 0 0 0 10.28 10.38 -26.57 -9.54 -17.14 57.93 -1.35 -1.98 -22.72 -2.5 9.83 -28.44 0.55 2.68 1.27 3.71 3.88 -4.4 3.31 2.04 -5.49 -16.34 -29.09 46.1 55.51 -32.95 -42.32 31.49 -24.64 -4.7 0 -0 0 -80.1 22.03 -30.15 45.79 -51.15 -22.85 -0 0 -67.83 38.05 -10.11 -7.82 -7.12 0 -0 7.69 17.29 -5.11 0 -0 0 89.71 19.07 94.95 -90.38 60 -60.33 0 0 5.42 -31.02 1.77 -1.06 7.12 -0 -0 -3.43 -27.91 -1.43
13.29 15.52 6.98 0.43 67.15 12.09 0 0 0 -12.59 -16.23 -22.2 5.32 13.74 42.2 -2.2 -33.71 -11.78 0.14 2.42 6.66 0 0 0 7.61 10.19 -30.44 -9.26 -16.97 56.98 -1.47 -3.16 -24.24 -2.41 9.67 -27.91 -0.62 2.58 2.31 3.82 3.76 -4.89 4.03 2.05 -6.7 -16.4 -29.4 46.26 55.76 -33.37 -42.18 31.18 -24.96 -4.37 -0 0 0 -80.66 20.84 -26.39 43.02 -49.76 -20.72 -0 0 -66.63 37.86 -9.44 -7.27 -7.12 0 -0 7.66 18.14 -4.94 -0 0 0 91.12 19.62 99.17 -89.22 60 -59.33 0 0 5.99 -28.33 1.04 -0.56 7.12 -0 -0 -1.37 -28.8 -0.54
13.42 15.47 7.3 0.05 66.52 12.19 0 0 0 -11.6 -15.27 -21.57 5.25 13.66 41.88 -1.98 -33.75 -13.28 0.03 1.1 3.03 0 0 0 5.47 9.45 -33.6 -8.38 -16.39 53.91 -1.53 -2.55 -24.41 -2.57 9.97 -28.87 -1.1 2.43 2.89 3.85 3.57 -5.66 4.33 2.01 -7.89 -16.8 -29.54 46.24 55.92 -33.82 -42.04 30.66 -25.21 -3.93 0 -0 0 -82.24 20.72 -22.3 40.72 -48.49 -18.98 -0 0 -64.74 34.79 -6.84 -4.73 -7.12 0 -0 5.83 21.69 -3.28 0 -0 0 92.62 19.32 102.66 -89.47 60 -59.54 0 0 8.55 -24.65 2.42 -1.11 7.12 -0 -0 1.49 -27.31 0.64
13.6 15.54 7.67 1.25 65.27 13.62 0 0 0 -11.72 -14.69 -19.06 4.66 12.99 39.34 -1.68 -32.28 -13.45 0.01 -0.74 -2.04 0 0 0 3.33 8.3 -35.79 -7.08 -15.4 49.18 -1.35 -2.54 -23 -2.67 10.14 -29.43 -1.57 2.34 2.7 3.37 3.41 -6.18 4.1 1.96 -8.32 -17.28 -29.28 45.92 56.42 -33.84 -41.44 30.68 -25.31 -3.35 0 0 0 -84.38 21.2 -18.3 39.65 -47.86 -18.18 -0 0 -62.43 30.45 -6.15 -3.6 -7.12 0 -0 2.74 22.86 -1.46 0 0 0 94.04 19.2 104.59 -90.89 60 -60.77 0 0 9.97 -21.96 10.45 -4.18 7.12 -0 -0 3.59 -18.74 2.25
13.8 15.71 8.09 1.71 63.1 14.26 0 0 0 -11.91 -13.59 -15.18 3.76 11.83 35.15 -1.39 -29.53 -12.21 0.23 -3.06 -8.46 0 0 0 2.35 7.53 -37.31 -5.66 -14.09 43.59 -0.75 -4.12 -18.32 -2.43 9.71 -28.04 -1.62 2.44 2.11 2.8 3.51 -6.66 3.52 2 -8.46 -17.45 -29.02 45.53 56.51 -33.74 -40.68 30.52 -25.23 -3.02 0 0 0 -86.36 22.64 -12.96 38.95 -47.43 -17.66 -0 0 -60.42 28.44 -6.2 -3.35 -7.12 0 -0 1.25 22.93 -0.67 0 0 0 95.43 19.68 104.72 -94.91 59.91 -64.25 0 0 5.96 -9.12 16.67 -2.64 7.12 -0 -0 12.41 -13.39 9.43
14.02 15.92 8.54 1.54 60.28 14.28 0 0 0 -12 -11.52 -10.9 2.82 10.39 30.26 -1.23 -26.19 -9.56 0.8 -5.71 -15.95 0 0 0 2.58 7 -38.46 -4.34 -12.61 37.91 -0.06 -6.89 -11.12 -2.17 9.21 -26.45 -1.33 2.75 1.32 2.32 3.94 -7.23 2.83 2.19 -8.6 -17.3 -29.18 45.37 56.05 -33.92 -40.45 29.83 -25.19 -3.06 0 0 0 -87.92 24.61 -5.94 38.02 -46.85 -16.98 -0 0 -59.33 28.44 -5.85 -3.16 -7.12 0 -0 1.27 23.34 -0.66 0 0 0 96.04 20.47 104.29 -97.5 59.79 -66.49 0 0 5.88 -0.19 17.38 -0.06 7.12 -0 -0 18.16 -13.2 14.29
14.26 16.14 9.03 1.81 57.37 14.91 0 0 0 -12.25 -9.31 -6.98 2 8.88 25.41 -1.2 -23.13 -5.65 1.73 -8.27 -23.55 0 0 0 3.77 5.52 -40.01 -3.35 -11.25 33.12 0.31 -9.81 -4.25 -1.99 8.84 -25.29 -0.77 3.02 0.13 1.64 4.33 -7.96 1.82 2.33 -8.62 -17.59 -28.88 45.45 55.67 -33.9 -39.93 29.52 -25.04 -2.98 0 -0 0 -88.9 26.42 1.46 36.76 -46.03 -16.06 -0 0 -58.32 28.19 -5.59 -2.99 -7.12 0 -0 1.1 23.65 -0.57 0 -0 0 96.11 21.07 104.22 -95.84 59.87 -65.06 0 0 14.32 -4.32 18.26 -1.36 7.12 -0 -0 15.48 -12.15 12.35
14.49 16.32 9.56 2.43 55.02 15.7 0 0 0 -12.41 -7.47 -3.22 1.36 7.38 20.85 -1.31 -20.99 0.21 2.15 -9.17 -26.34 0 0 0 6.32 2.57 -42.06 -2.84 -10.43 30.37 0.39 -11.75 -0.03 -1.74 8.29 -23.61 -0.46 3.05 -1.3 1.08 4.35 -8.57 1.11 2.32 -8.37 -18.27 -28.19 45.67 55.41 -33.7 -39.3 29.55 -24.81 -2.83 0 0 0 -89.57 27.85 9.38 35.63 -45.26 -15.26 -0 0 -57.55 27.57 -5.85 -3.04 -7.12 0 -0 0.63 23.39 -0.33 0 0 0 95.63 21.65 104.15 -93.27 59.96 -62.83 0 0 19.81 -9.92 16.44 -2.83 7.12 -0 -0 11.89 -13.56 8.97
14.7 16.43 10.14 2.86 52.98 16.14 0 0 0 -12.21 -5.98 0.17 0.93 6.15 17.22 -1.2 -18.95 6.36 2.21 -9.29 -26.7 0 0 0 10.04 -0.58 -44.21 -2.7 -10.19 29.6 0.56 -15.24 2.6 -1.5 7.73 -21.9 -0.64 3 -3.36 1 4.27 -8.57 1.27 2.3 -7.2 -18.85 -27.72 44.94 55.08 -33.58 -39.18 29.11 -24.56 -2.7 -0 -0 0 -90.25 28.12 18.33 34.78 -44.65 -14.66 -0 0 -56.75 27.29 -6.95 -3.57 -7.12 0 -0 0.37 22.17 -0.21 -0 -0 0 94.25 22.75 104.84 -90.82 60 -60.71 0 0 16.17 -15.14 11.21 -3.01 7.12 -0 -0 8.41 -18.45 5.37
14.89 16.44 10.76 3.01 50.69 16.1 0 0 0 -11.75 -4.56 2.68 0.78 5.63 15.72 -0.85 -16.92 12 1.95 -8.76 -25.06 0 0 0 14.84 -3.62 -46.06 -2.8 -10.37 30.19 0.72 -18.2 4.55 -1 6.36 -17.82 -0.79 2.9 -4.92 0.83 4.13 -8.65 1.26 2.23 -6.38 -19.67 -26.9 44.64 54.79 -33.28 -38.73 29.04 -24.23 -2.54 0 0 0 -90.11 28.23 27.25 34.2 -44.23 -14.25 -0 0 -53.61 26.23 -7.74 -3.79 -7.12 0 -0 -0.44 21.37 0.25 0 0 0 93.68 23.05 105.55 -88.7 59.99 -58.87 0 0 1.65 -16.88 7.37 -2.23 7.12 -0 -0 7.24 -22.3 3.98
15.06 16.34 11.39 3.49 47.83 16.06 0 0 0 -11.63 -2.74 4.08 0.87 5.94 16.61 -0.26 -14.35 17.16 1.37 -7.41 -20.93 0 0 0 19.3 -6.05 -47.22 -3.15 -10.93 32.03 0.73 -16.38 1.11 -0.6 4.97 -13.83 -1.24 2.9 -6.13 0.43 4.13 -8.73 1.17 2.24 -5.78 -20.35 -26.04 44.39 54.44 -32.86 -38.18 29.09 -23.84 -2.47 -0 -0 0 -89.53 27.82 33.27 33.23 -43.51 -13.58 -0 0 -41.89 20.61 -9.86 -3.69 -7.12 0 -0 -4.54 19.47 2.77 -0 -0 0 93.72 22.57 104.57 -84.26 59.88 -55.03 0 -0 -7.43 -17.39 5.15 -1.61 7.12 -0 -0 6.93 -24.59 3.44
15.21 16.14 12.02 4.41 44.35 16.14 0 0 0 -11.96 -0.41 4.36 1.2 6.96 19.59 0.54 -11.15 22.04 0.6 -4.96 -13.79 0 0 0 21.04 -6.25 -46.65 -3.63 -11.65 34.49 0.57 -13.27 -4.6 -0.41 4.1 -11.36 -1.83 2.94 -6.89 -0.22 4.18 -8.79 0.86 2.28 -5.41 -20.79 -25.34 44.05 54.04 -32.49 -37.67 28.99 -23.48 -2.46 0 0 0 -88.79 26.82 34.1 33.18 -43.47 -13.54 -0 0 -29 13.09 -14.34 -3.3 -7.12 0 -0 -9.79 15.41 6.94 0 0 0 94.25 21.39 102.58 -75.84 59.23 -47.77 0 -0 -5.03 -18.29 3.05 -1.01 7.12 -0 -0 6.34 -26.75 2.82
15.35 15.91 12.62 4.22 40.55 15.45 0 0 0 -11.53 1.65 3.4 1.89 8.63 24.65 1.52 -7.38 26.95 0.04 -1.28 -3.51 0 0 0 21.59 -4.46 -45.22 -4.24 -12.47 37.43 0.25 -10.07 -8.93 -0.32 3.64 -10.06 -1.31 3.01 -6.95 -0.64 4.23 -8.95 0.14 2.25 -5.47 -21.3 -24.68 43.69 53.79 -32.19 -37.35 28.97 -23.19 -2.4 -0 -0 0 -87.71 25.41 34.66 32.28 -42.77 -12.93 -0 0 -20.43 13.25 -17.79 -4.11 -7.12 0 -0 -9.7 11.93 7.59 -0 -0 0 94.89 19.39 99.85 -65.91 57.69 -39.3 0 0 0.61 -18.09 2.58 -0.84 7.12 -0 -0 6.51 -27.26 2.82
15.48 15.71 13.12 2.24 35.93 13.67 0 0 0 -10.15 2.8 1.01 3.21 11.02 32.36 2.35 -5.17 31.17 0.03 1.02 2.81 0 0 0 23.33 -1.26 -43.8 -4.99 -13.37 40.77 0.02 -8.53 -11.79 -0.24 3.16 -8.73 1.04 3.41 -5.82 -0.78 4.68 -9.25 -1.38 2.32 -6.24 -21.64 -23.99 43.15 53.82 -31.71 -36.98 29.27 -22.88 -2.33 0 0 0 -86.78 23.57 35.8 30.93 -41.68 -12.02 -0 0 -26.54 16.51 -17.89 -5.2 -7.12 0 -0 -7.55 11.49 5.95 0 0 0 95.54 16.4 96.24 -55.85 55.1 -30.91 0 0 2.86 -18.6 3.02 -1.02 7.12 -0 -0 6.11 -26.78 2.71
15.62 15.54 13.55 -0.63 29.88 11.53 0 0 0 -8.73 3.47 -2.3 5.26 13.68 41.96 2.45 -6.83 32.61 0.02 0.83 2.27 0 0 0 25.97 2.45 -41.08 -5.43 -13.85 42.64 -0.25 -6.5 -13.99 -0.24 3.15 -8.7 4.3 3.93 -3.97 -0.56 5.42 -9.39 -3.09 2.43 -7.18 -21.77 -23.43 42.38 53.82 -31.27 -36.43 29.35 -22.6 -2.21 0 0 0 -87.13 21.3 33.47 27.95 -39.07 -10.09 -0 0 -34.55 18.78 -15.61 -5.23 -7.12 0 -0 -5.97 13.6 4.42 0 0 0 96.09 12.57 91.47 -44.7 50.62 -22.01 0 0 3.03 -20.6 3.17 -1.19 7.12 -0 -0 4.58 -26.59 2.05
15.76 15.46 13.95 -2.48 23.8 10.6 0 0 0 -8.49 3.13 -6.62 7.72 15.91 51.53 1.45 -10.09 28.39 0.06 -1.59 -4.36 0 0 0 28.17 4.43 -38.35 -5.48 -13.91 42.86 -0.55 -2.97 -15.4 -0.23 3.06 -8.44 6.38 3.92 -3.05 -0.08 5.47 -9.03 -3.78 2.33 -7.2 -22.01 -22.74 41.31 53.88 -30.69 -35.95 29.53 -22.24 -2.08 0 -0 0 -88.82 18.26 27.31 23.75 -34.9 -7.56 -0 0 -39.82 19.57 -11.59 -4.09 -7.12 0 -0 -5.3 17.73 3.45 0 -0 0 96.13 8.91 83.74 -32.79 43.17 -13.28 0 0 5.17 -23.65 3.33 -1.46 7.12 -0 -0 2.26 -26.34 1.02
15.85 15.48 14.3 -2.74 19.65 11.45 0 0 0 -9.26 -0.06 -13.12 10.22 17.53 60.21 0.37 -12.48 21.85 0.58 -4.87 -13.55 0 0 0 28.86 5.58 -36.84 -5.3 -13.72 42.12 -0.71 -0.13 -16 -0.21 2.93 -8.07 6.05 2.93 -3.15 0.44 4.12 -8.71 -3.02 1.7 -6.99 -22.35 -21.83 40.21 53.83 -29.93 -35.29 29.82 -21.76 -2 -0 -0 0 -90.29 15.08 21.89 20.05 -30.7 -5.56 -0 0 -43.09 23.29 -7.29 -3.13 -7.12 0 -0 -2.56 22.05 1.41 -0 -0 0 96.32 6.38 68.82 -21.91 32.88 -6.54 0 0 12.86 -26.13 2.26 -1.11 7.12 -0 -0 0.35 -27.46 0.15
15.98 15.57 14.67 -2.94 13.65 12.28 0 0 0 -10.46 -2.44 -19.31 11.94 18.36 65.78 -0.5 -14.58 13.64 1.8 -8.45 -24.07 0 0 0 28.96 8.14 -33.82 -4.84 -13.2 40.11 -0.75 2.63 -15.7 -0.19 2.81 -7.74 5.43 2.43 -3.71 0.89 3.38 -8.27 -2.16 1.41 -6.31 -22.81 -20.77 39.13 53.42 -29.15 -33.85 29.71 -21.18 -1.8 0 -0 0 -90.31 13.47 22.05 17.92 -28.06 -4.51 -0 0 -44.39 27.99 -5.42 -2.87 -7.12 0 -0 0.96 23.85 -0.49 0 -0 0 96.06 5.96 43.3 -13.88 22.56 -2.78 0 0 26.85 -29.52 -3.31 1.87 7.12 -0 -0 -2.38 -33.78 -0.66
16.11 15.68 15.04 -3.17 6.56 12.86 0 0 0 -11.14 -4.26 -24.2 12.61 18.64 67.91 -0.59 -13.51 4 3.26 -11.11 -32.65 0 0 0 28.92 11.41 -29.61 -4.23 -12.46 37.38 -0.69 5.29 -14.81 -0.19 2.81 -7.74 4.47 2.14 -4.22 1.27 2.92 -7.85 -1.19 1.26 -5.65 -23.45 -19.68 38.42 52.72 -28.55 -31.98 29.28 -20.65 -1.52 -0 -0 0 -88.99 13.96 27.18 17.91 -28.04 -4.51 -0 0 -44.37 28.86 -6.34 -3.48 -7.12 0 -0 1.55 22.76 -0.83 -0 -0 0 92.61 6.64 16.2 -10.49 17.5 -1.62 0 0 35.14 -32.3 -12.87 8.02 7.12 -0 -0 -4.67 -45.06 0.01
16.28 15.8 15.42 -3.62 -1.72 13.31 0 0 0 -11.27 -5.62 -28.01 12.37 18.54 67.16 -0.05 -7.94 -4.38 4.11 -12.31 -36.83 0 0 0 28.82 14.46 -25.19 -3.62 -11.64 34.48 -0.51 9.17 -13.31 -0.15 2.5 -6.89 4.16 2.21 -4.31 1.31 2.97 -7.46 -0.97 1.31 -5.19 -24.07 -18.61 37.54 51.97 -28.02 -29.64 28.62 -20.14 -1.08 0 -0 0 -86.59 15.64 33.78 19.54 -30.08 -5.3 -0 0 -41.76 27.45 -9.11 -4.7 -7.12 0 -0 0.37 19.74 -0.22 0 -0 0 86.17 6.45 5.84 -10.97 18.24 -1.77 0 0 20.38 -33.84 -16.71 10.91 7.12 -0 -0 -5.99 -49.76 0.71
16.46 15.89 15.81 -4.27 -10.52 13.99 0 0 0 -10.41 -7.3 -30.96 11.45 18.15 64.22 0.29 -1.31 -9.75 3.85 -11.95 -35.56 0 0 0 28.55 17.39 -21.53 -3.2 -11.01 32.31 -0.19 13.74 -11.79 -0.1 2 -5.51 4.42 2.47 -4.22 1.01 3.28 -7.14 -1.42 1.44 -4.86 -24.68 -17.59 36.49 51.5 -27.57 -27.24 28.15 -19.73 -0.45 -0 -0 0 -83.3 17.77 39.32 22.55 -33.6 -6.89 -0 0 -39.25 25.41 -11.96 -5.62 -7.12 0 -0 -1.24 16.78 0.83 -0 -0 0 78.65 6.3 3.7 -13.17 21.54 -2.52 0 0 0.18 -29.84 -13.25 7.49 7.12 -0 -0 -2.32 -45.15 0.01
16.64 15.93 16.2 -4.94 -19.38 14.89 0 0 0 -8.49 -9.7 -32.79 10.02 17.42 59.56 0.4 3.26 -13.62 3.24 -11.07 -32.5 0 0 0 27.83 21.01 -18.73 -3.02 -10.74 31.39 0.18 17.81 -10.72 -0.04 1.29 -3.55 4.77 2.7 -3.9 0.58 3.56 -6.88 -2.06 1.55 -4.71 -25.3 -16.47 34.78 50.98 -26.87 -24.76 27.66 -19.12 0.16 0 0 0 -79.91 20.27 42.41 26.72 -37.91 -9.33 -0 0 -38.44 22.55 -13.45 -5.52 -7.12 0 -0 -3.31 15.48 2.31 0 0 0 70.45 7.7 2.02 -14.96 24.09 -3.21 0 -0 -7.38 -21.79 -10.47 4.16 7.12 -0 -0 4.68 -41.19 0.44
16.81 15.92 16.58 -5.6 -28.53 15.91 0 0 0 -5.59 -12.12 -33.66 8.47 16.46 54.25 0.48 5.14 -15.95 2.97 -10.65 -31.11 0 0 0 26.74 25.71 -16.62 -3.11 -10.88 31.86 0.49 20.91 -10.43 -0.01 0.67 -1.83 4.86 2.95 -3.21 0.14 3.9 -6.68 -2.6 1.7 -4.82 -25.85 -15.31 32.68 50.22 -25.81 -22.68 27.13 -18.24 0.47 -0 -0 0 -76.79 23.07 43.59 31.34 -42.01 -12.3 -0 0 -40.4 19.67 -13.78 -4.87 -7.12 0 -0 -5.29 15.42 3.71 -0 -0 0 61.92 10.6 1.18 -15.57 24.93 -3.46 0 -0 -0.81 -17.82 -6.72 2.16 7.12 -0 -0 7.57 -36.95 1.51
16.96 15.84 16.93 -6.33 -37.84 16.74 0 0 0 -2 -14.18 -33.75 7.28 15.56 49.91 0.52 4.79 -16.24 3.09 -10.84 -31.75 0 0 0 25.59 31.42 -15.01 -3.5 -11.47 33.87 0.72 23.16 -10.64 -0 0.31 -0.84 4.53 3.08 -2.09 -0.33 4.1 -6.25 -2.95 1.8 -4.97 -26 -14.33 29.57 49.26 -24.44 -20.72 26.17 -17.09 0.67 -0 -0 0 -73.9 25.75 43.36 35.48 -45.15 -15.15 -0 0 -43.85 17.65 -13.25 -4.17 -7.12 0 -0 -6.67 16.16 4.58 -0 -0 0 53.67 15.1 -0.48 -15.67 25.07 -3.5 0 0 13.27 -18.79 -5.5 1.87 7.12 -0 -0 6.61 -35.72 1.52
17.1 15.71 17.27 -6.78 -46.52 17.18 0 0 0 1.61 -16.02 -33.53 6.65 15.03 47.54 0.52 2.69 -14.84 3.35 -11.24 -33.08 0 0 0 24.16 36.56 -14.52 -4.23 -12.47 37.4 0.91 24.98 -10.89 -0 0.28 -0.77 3.88 3 -0.62 -0.93 4.03 -5.81 -3.28 1.77 -5.35 -26.11 -13.44 25.87 48.4 -23.06 -18.68 25.18 -15.91 1.06 -0 0 0 -71.08 28.14 42.78 37.58 -46.57 -16.66 -0 0 -46.82 16.34 -12.72 -3.69 -7.12 0 -0 -7.57 16.81 5.1 -0 0 0 46.35 20.28 -5.55 -15.81 25.26 -3.56 0 0 26.51 -19.44 -7.34 2.58 7.12 -0 -0 6.29 -37.69 1.14
17.25 15.56 17.61 -6.86 -53.74 17.37 0 0 0 5.03 -17.94 -33.37 6.44 14.84 46.71 0.5 -0.96 -13.03 3.33 -11.21 -32.99 0 0 0 22.29 39.75 -14.97 -5.01 -13.39 40.86 1.03 26.69 -11.75 -0 0.27 -0.74 3.35 2.75 0.77 -1.56 3.7 -5.7 -3.71 1.6 -6.04 -26.66 -12.37 23.35 48.12 -21.66 -17.42 25.22 -14.93 1.26 0 0 0 -68.47 29.75 42.43 36.18 -45.64 -15.65 -0 0 -47.38 15.33 -12.54 -3.41 -7.12 0 -0 -8.27 17.07 5.53 0 0 0 40.4 24.17 -11.55 -16.7 26.46 -3.95 0 0 29.09 -20.47 -8.69 3.23 7.12 -0 -0 5.59 -39.19 0.8
17.39 15.46 18 -6.86 -59.41 17.54 0 0 0 8.02 -20.06 -32.89 6.33 14.74 46.3 0.36 -4.69 -10.76 3.31 -11.18 -32.88 0 0 0 19.96 41.9 -15.17 -5.41 -13.83 42.55 1.28 28.96 -12.4 -0 -0.17 0.47 3.36 2.3 1.45 -2.14 3.08 -5.65 -4.32 1.26 -6.4 -26.97 -11.56 20.96 47.68 -20.47 -16.14 24.96 -14.04 1.46 -0 -0 0 -66.65 29.42 41.51 31.01 -41.74 -12.08 -0 0 -45.42 14.16 -11.59 -2.9 -7.12 0 -0 -9.09 18.12 5.89 -0 -0 0 36.44 26.59 -16.91 -18.85 29.23 -4.96 0 0 21.69 -22.23 -8.25 3.36 7.12 -0 -0 4.01 -38.85 0.61
17.5 15.42 18.45 -8.78 -63.95 19.19 0 0 0 11.18 -22.1 -31.69 6.22 14.64 45.85 0.09 -8.77 -7.79 2.81 -10.39 -30.25 0 0 0 18.63 43.66 -14.36 -5.37 -13.79 42.38 1.78 31.32 -11.61 -0.01 -0.67 1.85 4.47 1.94 1.69 -2.39 2.64 -5.49 -5.2 0.98 -6.36 -27.09 -10.97 18.86 47.36 -19.55 -14.98 24.7 -13.34 1.71 -0 -0 0 -66.61 26.71 38.03 23.45 -34.58 -7.39 -0 0 -40.09 13.1 -9.54 -2.21 -7.12 0 -0 -9.9 20.26 5.95 -0 -0 0 34.82 27.17 -22.12 -22.64 33.7 -6.94 0 0 12.97 -22.71 -6.95 2.9 7.12 -0 -0 3.47 -37.49 0.64
17.59 15.44 18.94 -12.73 -68.19 22.85 0 0 0 13.75 -23.71 -29.62 5.97 14.4 44.86 -0.26 -12.62 -4.82 2.37 -9.61 -27.71 0 0 0 17.88 45.07 -13.08 -5.07 -13.46 41.13 2.34 32.81 -9.58 -0.01 -0.74 2.04 5.6 1.8 1.38 -2.21 2.5 -5.43 -5.62 0.87 -6.12 -27.29 -10.33 17.48 47 -18.71 -13.78 24.56 -12.72 1.86 -0 -0 0 -69.15 22.84 28.27 16.13 -25.7 -3.7 -0 0 -28.61 13.98 -7.24 -1.8 -7.12 0 -0 -9.36 22.55 5.12 -0 -0 0 35.55 25.89 -25.75 -28.04 39.16 -10.15 0 0 7.39 -22.66 -6.45 2.69 7.12 -0 -0 3.46 -36.95 0.69
17.66 15.54 19.46 -16.75 -72.54 26.83 0 0 0 14.16 -25.1 -26.46 5.48 13.9 42.85 -0.63 -15.54 -1.69 1.85 -8.55 -24.4 0 0 0 16.17 45.48 -12.17 -4.68 -13.02 39.44 2.9 33.49 -6.35 -0.01 -0.74 2.05 5.51 1.88 0.75 -1.8 2.57 -5.56 -5.12 0.92 -5.9 -27.87 -9.66 16.57 46.66 -18.05 -12.47 24.6 -12.23 2.08 -0 0 0 -73.21 19.54 13.47 12.07 -19.91 -2.13 -0 0 -14.16 19.45 -4.05 -1.43 -7.12 0 -0 -5.43 25.68 2.55 -0 0 0 37.8 22.81 -27.6 -34.46 44.42 -14.43 0 0 4.35 -23.43 -6.33 2.74 7.12 -0 -0 2.81 -36.86 0.56
17.71 15.66 20 -22.73 -76.61 32.77 0 0 0 13.02 -25.66 -22.79 4.84 13.2 40.12 -1.02 -18.17 1.66 1.96 -8.78 -25.1 0 0 0 14.18 44.98 -12.02 -4.43 -12.71 38.29 3.22 33.19 -2.96 -0 -0.31 0.85 5.29 1.98 0.05 -1.39 2.67 -5.59 -4.53 1 -5.54 -28.21 -9.11 15.54 46.28 -17.41 -11.25 24.48 -11.74 2.27 -0 0 0 -77.24 18.35 5.99 12.45 -20.47 -2.26 -0 0 -13.7 27.05 -3.39 -1.73 -7.12 0 -0 0.33 26.18 -0.15 -0 0 0 40.98 18.55 -28.6 -40.67 48.46 -18.94 0 0 2.59 -25.17 -5.99 2.81 7.12 -0 -0 1.31 -36.59 0.27
17.77 15.74 20.55 -31.93 -80.21 42.07 0 0 0 10.7 -24.98 -19.44 4.14 12.34 36.96 -1.28 -20 3.02 2.83 -10.42 -30.35 0 0 0 11.74 43.94 -13 -4.42 -12.69 38.23 3.28 32.45 -0.64 -0.01 0.59 -1.62 4.86 2.01 -0.64 -0.96 2.67 -5.63 -3.82 1.04 -5.22 -28.3 -8.57 14.57 45.79 -16.61 -10.28 24.24 -11.16 2.26 -0 -0 0 -81.05 18.38 5.87 15.33 -24.6 -3.36 -0 0 -26.14 29.13 -6.56 -3.64 -7.12 0 -0 1.74 22.48 -0.94 -0 -0 0 44.74 13.38 -29.12 -45.53 51.02 -22.65 0 0 2.64 -27.2 -6.56 3.36 7.12 -0 -0 -0.38 -37.35 -0.07
17.84 15.76 21.11 -48.79 -83.46 59.1 0 0 0 7.67 -22.88 -16.65 3.58 11.58 34.27 -1.37 -21.24 0.82 3.41 -11.33 -33.41 0 0 0 8.7 42.76 -14.91 -4.57 -12.89 38.95 3.27 31.74 1.35 -0.03 1.2 -3.29 4.39 2.07 -1.32 -0.72 2.71 -5.65 -3.28 1.09 -4.88 -28.23 -8.01 13.73 45.34 -15.7 -9.5 24.03 -10.56 2.11 0 -0 0 -83.91 18.49 8.8 19.48 -30.01 -5.27 -0 0 -42.19 26.18 -8.26 -4.04 -7.12 0 -0 -0.5 20.79 0.29 0 -0 0 48.68 7.75 -29.38 -48.06 52.18 -24.63 0 0 3.62 -28.14 -8.6 4.57 7.12 -0 -0 -1.1 -39.71 -0.14
17.92 15.73 21.67 -88.89 -85.5 99.29 0 0 0 4.36 -19.5 -14.26 3.2 11.02 32.33 -1.13 -21.41 -3.77 4.16 -12.37 -37.04 0 0 0 5.31 42.06 -17.33 -4.87 -13.24 40.27 3.17 30.85 2.8 -0.07 1.69 -4.65 4.02 2.17 -1.86 -0.53 2.81 -5.61 -2.85 1.16 -4.54 -28.43 -7.38 12.84 44.89 -14.75 -8.63 23.91 -9.92 2.01 0 -0 0 -85.78 18.33 13.06 24.19 -35.36 -7.81 -0 0 -52.85 23.38 -7.41 -3.19 -7.12 0 -0 -2.49 21.92 1.38 0 -0 0 52.67 2.28 -29.09 -48.33 52.3 -24.85 0 0 3.42 -28.29 -10.5 5.6 7.12 -0 -0 -1.11 -41.87 -0.09
18.01 15.63 22.23 -138.92 -84.3 149.33 0 0 0 0.62 -14.78 -12.79 2.89 10.52 30.67 -0.72 -21.65 -8.99 4.48 -12.77 -38.53 0 0 0 1.24 41.66 -20.5 -5.32 -13.74 42.2 3.09 30.19 3.99 -0.1 2.06 -5.66 3.7 2.3 -2.23 -0.5 2.96 -5.42 -2.62 1.26 -4.13 -28.82 -6.71 11.93 44.51 -13.7 -7.92 23.91 -9.24 1.88 0 0 0 -86.54 17.3 18.43 28.44 -39.52 -10.41 -0 0 -54.93 22.93 -7.45 -3.14 -7.12 0 -0 -2.83 21.9 1.57 0 0 0 56.66 -2.71 -28.05 -46.92 51.67 -23.74 0 0 0.83 -28.79 -11.28 6.14 7.12 -0 -0 -1.51 -42.8 -0.08
18.12 15.49 22.8 -161.11 -81.14 171.17 0 0 0 -3.14 -11.04 -12.22 2.85 10.44 30.43 -0.08 -21.39 -14.42 4.24 -12.47 -37.41 0 0 0 -2.95 41.71 -23.77 -5.88 -14.31 44.51 2.99 29.49 5.05 -0.1 2 -5.51 3.58 2.27 -1.74 -0.62 2.94 -5.2 -2.69 1.26 -4.18 -29.11 -5.97 11.01 44.15 -12.5 -7.27 23.93 -8.49 1.65 0 -0 0 -85.89 15.64 24.28 31.9 -42.47 -12.68 -0 0 -51.5 23.15 -9.31 -3.96 -7.12 0 -0 -2.71 19.88 1.63 0 -0 0 60.96 -7.36 -26.18 -44.53 50.54 -21.88 0 -0 -0.38 -29.1 -11.85 6.52 7.12 -0 -0 -1.75 -43.47 -0.07
18.27 15.3 23.37 -173.32 -78.12 182.45 0 0 0 -7.3 -10.57 -11.92 3.14 10.92 32.01 0.67 -20.5 -19.33 3.88 -12 -35.74 0 0 0 -7.44 41.92 -26.78 -6.63 -15.01 47.46 2.78 28.47 5.43 -0.08 1.78 -4.89 2.98 1.92 -0.28 -0.82 2.52 -4.88 -2.61 1.07 -4.72 -29.64 -5.16 9.96 43.85 -11.19 -6.58 24.08 -7.68 1.43 -0 -0 0 -84.61 13.48 29.14 34.7 -44.6 -14.6 -0 0 -45.43 22.91 -11.58 -4.85 -7.12 0 -0 -2.97 17.45 1.94 -0 -0 0 65.62 -11.59 -24.37 -41.79 49.09 -19.78 0 0 2.31 -28.51 -12.27 6.59 7.12 -0 -0 -1.17 -43.88 -0.03
18.45 15.1 23.87 -183.03 -75.71 191.43 0 0 0 -11.5 -11.22 -13.14 3.72 11.78 34.95 1.32 -19.71 -23.18 3.63 -11.65 -34.5 0 0 0 -12.38 42.01 -30.82 -7.86 -16.01 52.04 2.32 26.64 3.08 -0.19 2.78 -7.65 1.02 1.33 1.17 -0.92 1.69 -4.72 -1.63 0.74 -5.48 -30.35 -4.43 8.72 43.42 -9.96 -5.66 24.12 -6.87 1.36 -0 0 0 -83.03 11.18 32.74 37.09 -46.25 -16.31 -0 0 -40.73 21.91 -13.2 -5.25 -7.12 0 -0 -3.74 15.82 2.58 -0 0 0 70.54 -15.3 -23.81 -39.68 47.88 -18.2 0 0 4.69 -25.65 -12.58 5.97 7.12 -0 -0 1.49 -43.88 0.04
18.62 14.93 24.29 -187.87 -73.63 196.29 0 0 0 -14.35 -11.29 -15.93 4.46 12.75 38.42 1.83 -18.65 -25.84 3.55 -11.54 -34.13 0 0 0 -15.83 42.19 -35.23 -9.39 -17.05 57.44 1.41 22.39 -1.42 -0.36 3.88 -10.74 -0.82 0.75 1.66 -0.84 0.83 -4.8 -0.46 0.39 -5.91 -30.49 -3.81 7.26 42.67 -8.77 -4.45 23.61 -6.02 1.35 -0 -0 0 -81.12 9.16 35.16 38.83 -47.36 -17.57 -0 0 -39.45 21.12 -13.86 -5.29 -7.12 0 -0 -4.3 15.19 3.03 -0 -0 0 75.97 -17.81 -24.7 -38.05 46.87 -17 0 0 3.05 -23.91 -12.96 5.68 7.12 -0 -0 3.14 -44.09 0.07
18.76 14.84 24.64 -186.92 -71.55 195.3 0 0 0 -15.39 -10.46 -18.15 5.08 13.47 41.16 2.16 -17.49 -27.38 3.64 -11.67 -34.56 0 0 0 -15.12 42.55 -37.62 -10.77 -17.82 62.05 0.35 15.04 -6.02 -0.38 3.95 -10.94 -1.36 0.18 1.9 -0.34 0.06 -4.89 0.41 0.05 -6.14 -30.01 -3.13 5.53 41.99 -7.52 -2.57 22.32 -5.11 1.49 -0 0 0 -79.68 8.15 35.58 39.91 -48.02 -18.37 -0 0 -40.82 21.21 -13.24 -5.08 -7.12 0 -0 -4.22 15.84 2.91 -0 0 0 81.19 -19.42 -24.81 -36.28 45.7 -15.72 0 -0 -1.06 -26.43 -15.07 7.36 7.12 -0 -0 1.11 -46.71 -0.05
18.88 14.84 24.93 -184.08 -69.4 192.24 0 0 0 -15.62 -9.43 -19.2 5.38 13.8 42.46 2.33 -16.07 -28.06 3.78 -11.86 -35.26 0 0 0 -10.94 41.81 -37.8 -11.49 -18.17 64.38 -0.11 11.21 -9.39 -0.2 2.9 -8 -0.97 -0.18 2.1 0.13 -0.38 -4.93 0.72 -0.17 -6.29 -29.76 -2.62 3.92 41.37 -6.8 -0.35 21.85 -4.53 2 -0 -0 0 -78.63 7.78 34.92 40.14 -48.15 -18.54 -0 0 -43.1 21.88 -12.11 -4.81 -7.12 0 -0 -3.71 16.98 2.47 -0 -0 0 86.38 -20.64 -25.69 -33.87 43.99 -14.02 0 -0 -3 -27.22 -17.77 8.92 7.12 -0 -0 0.78 -49.8 -0.09
18.98 14.9 25.18 -181.19 -67.59 189.23 0 0 0 -15.55 -9.16 -19.32 5.39 13.81 42.46 2.39 -13.97 -28.07 3.86 -11.97 -35.63 0 0 0 -4.25 38.27 -36.31 -11.44 -18.14 64.2 -0.32 12.33 -12.47 -0.28 3.39 -9.38 -0.09 -0.43 2.03 0.52 -0.66 -4.97 0.65 -0.35 -6.29 -29.51 -2.16 2.81 41.03 -6.25 1.44 21.62 -4.11 2.39 -0 0 0 -78.2 7.63 33.59 39.3 -47.65 -17.92 -0 0 -44.52 22.52 -11.44 -4.7 -7.12 0 -0 -3.24 17.64 2.11 -0 0 0 90.68 -21.15 -27.52 -30.09 40.97 -11.47 0 -0 -3.22 -25.93 -17.81 8.46 7.12 -0 -0 2.07 -49.63 -0.24
19.07 15.01 25.39 -178.82 -65.95 187.14 0 0 0 -15.41 -9.59 -19.04 5.15 13.55 41.46 2.35 -11.41 -27.6 3.87 -11.99 -35.69 0 0 0 2.93 32.84 -34.44 -10.87 -17.87 62.34 -0.61 12.47 -15.38 -0.61 5 -13.91 0.86 -0.54 1.55 0.74 -0.76 -5.25 0.35 -0.45 -6.32 -29.25 -1.82 2.21 40.84 -6.01 2.98 21.48 -3.92 2.76 0 -0 0 -78.17 8.08 32.12 37.91 -46.78 -16.9 -0 0 -44.8 23.16 -11.21 -4.75 -7.12 0 -0 -2.78 17.83 1.8 0 -0 0 93.7 -21.44 -28.74 -25.57 36.78 -8.63 0 -0 -3.46 -24.98 -17.55 8 7.12 -0 -0 2.95 -49.19 -0.3
19.12 15.16 25.55 -177.75 -64.27 186.64 0 0 0 -15.69 -10 -18.4 4.66 12.99 39.32 2.19 -9.27 -26.58 3.62 -11.63 -34.45 0 0 0 8.64 27.54 -32.51 -9.96 -17.39 59.36 -0.86 12.99 -17.67 -1.12 6.73 -18.92 1.25 -0.5 0.32 0.87 -0.74 -5.61 0.25 -0.47 -5.99 -29.2 -1.6 1.89 40.64 -5.99 4.41 21.4 -3.87 3.17 0 0 0 -78.72 9.09 30.64 36.58 -45.91 -15.94 -0 0 -44.61 24.01 -11.1 -4.9 -7.12 0 -0 -2.17 17.86 1.4 0 0 0 95.26 -21.49 -29.66 -21.1 31.95 -6.1 0 -0 -0.7 -21.45 -19.13 7.34 7.12 -0 -0 6.8 -50.3 -0.89
19.16 15.32 25.67 -177.7 -62.38 187.26 0 0 0 -16.38 -10.11 -17.52 4.04 12.22 36.51 2 -7.17 -25.4 3.23 -11.05 -32.46 0 0 0 12.48 23.67 -30.36 -8.9 -16.74 55.74 -0.8 16.09 -18.28 -1.52 7.79 -22.06 1.15 -0.22 -1.35 0.89 -0.44 -6.03 0.3 -0.34 -5.48 -29.3 -1.55 1.85 40.38 -6.28 5.68 21.32 -4.01 3.61 0 0 0 -79.42 10.51 29.93 35.59 -45.23 -15.23 -0 0 -44.95 24.93 -11.06 -5.1 -7.12 0 -0 -1.53 17.82 0.99 0 0 0 96.29 -21.64 -29.44 -17.74 27.82 -4.43 0 0 1.03 -19.59 -20.1 6.97 7.12 -0 -0 8.92 -51 -1.33
19.21 15.44 25.77 -177.45 -60.24 188.04 0 0 0 -16.69 -10.13 -17.61 3.68 11.72 34.73 1.88 -5.29 -24.76 2.75 -10.27 -29.86 0 0 0 15.24 21.12 -28.62 -7.98 -16.1 52.47 -0.63 18.7 -18.19 -1.7 8.22 -23.38 1.31 0.36 -3.07 0.78 0.24 -6.61 0.08 -0.04 -5.11 -29.42 -1.63 2 40.12 -6.71 6.6 21.22 -4.25 3.99 -0 -0 0 -79.79 12.09 30.32 34.87 -44.72 -14.72 -0 0 -45.91 25.26 -10.95 -5.12 -7.12 0 -0 -1.29 17.91 0.83 -0 -0 0 97.32 -22.14 -26.81 -16.06 25.61 -3.67 0 0 0.03 -19.78 -21.28 7.44 7.12 -0 -0 9.14 -52.24 -1.64
19.28 15.48 25.86 -176.97 -58.21 188.87 0 0 0 -16.56 -10.3 -19.08 3.7 11.74 34.83 1.87 -3.91 -24.94 2.24 -9.35 -26.9 0 0 0 17.36 18.74 -27.58 -7.25 -15.54 49.83 -0.48 18.77 -17.09 -1.43 7.57 -21.41 1.67 1.04 -4.72 0.7 1.03 -7.26 -0.19 0.3 -4.85 -29.65 -1.73 2.28 39.81 -6.98 6.95 21.08 -4.41 4.13 -0 -0 0 -80.01 13.6 31.43 34.34 -44.33 -14.35 -0 0 -46.57 24.39 -10.63 -4.78 -7.12 0 -0 -1.88 18.34 1.2 -0 -0 0 97.89 -22.83 -22.21 -15.81 25.26 -3.56 0 0 0.25 -17.3 -22.5 6.8 7.12 -0 -0 12.08 -53.03 -2.42
19.36 15.47 25.95 -176.46 -56.56 189.56 0 0 0 -16.16 -10.67 -21.16 3.96 12.11 36.12 1.93 -2.81 -25.53 1.97 -8.81 -25.2 0 0 0 18.92 16.74 -26.7 -6.44 -14.84 46.71 -0.72 16.92 -18.02 -0.94 6.17 -17.27 2.11 1.64 -5.77 0.63 1.73 -7.84 -0.49 0.58 -4.85 -29.77 -1.76 2.6 39.41 -6.96 6.76 20.83 -4.4 3.99 0 -0 0 -80.12 15.04 32.8 34.04 -44.12 -14.14 -0 0 -46.21 22.72 -10.29 -4.28 -7.12 0 -0 -3.05 18.85 1.9 0 -0 0 97.71 -23.21 -15.21 -16.11 25.67 -3.69 0 0 0.47 -15.31 -20.77 5.55 7.12 -0 -0 13.33 -50.97 -1.99
19.47 15.42 26.05 -176.13 -55.36 189.96 0 0 0 -15.75 -11.47 -23.16 4.38 12.65 38.07 1.98 -1.54 -26.17 1.88 -8.61 -24.58 0 0 0 19.9 15.32 -26.14 -5.55 -13.98 43.15 -1.21 15.86 -21.15 -0.65 5.14 -14.31 2.48 2 -5.88 0.62 2.16 -8.22 -0.7 0.75 -5.16 -29.87 -1.8 2.67 38.96 -6.82 6.39 20.53 -4.3 3.8 -0 -0 0 -80.57 16.29 33.8 33.82 -43.95 -13.99 -0 0 -44.96 20.82 -10.34 -3.91 -7.12 0 -0 -4.4 18.95 2.74 -0 -0 0 96.57 -22.79 -6.95 -16.73 26.51 -3.97 0 0 1.15 -13.62 -17.52 4.17 7.12 -0 -0 13.74 -47.5 -0.86
19.61 15.35 26.16 -175.64 -54.3 189.56 0 0 0 -15.25 -12.28 -24.7 4.87 13.24 40.27 2.02 -0.16 -26.85 1.81 -8.45 -24.08 0 0 0 20.55 15.05 -26.1 -5.25 -13.66 41.9 -1.57 15.25 -23.35 -0.51 4.56 -12.67 3.02 2.25 -4.89 0.65 2.53 -8.31 -0.99 0.9 -5.79 -29.69 -1.95 2.56 38.49 -6.77 5.97 20.14 -4.23 3.67 -0 0 0 -81.42 17.11 34.3 32.99 -43.32 -13.42 -0 0 -43.31 19.81 -11.02 -3.94 -7.12 0 -0 -5.13 18.31 3.27 -0 0 0 94.73 -20.98 0.95 -17.03 26.9 -4.1 0 0 3.38 -12.22 -14.03 3.01 7.12 -0 -0 13.93 -43.87 0.4
19.76 15.27 26.28 -174.07 -52.67 188.13 0 0 0 -14.02 -12.09 -26.48 5.46 13.89 42.79 2.12 0.62 -27.79 1.61 -8.01 -22.74 0 0 0 21.38 16.61 -26.92 -5.47 -13.89 42.81 -1.56 15.44 -23.35 -0.47 4.42 -12.25 4.19 2.7 -3.74 0.84 3.21 -8.19 -1.5 1.18 -6.25 -29.18 -2.09 2.58 38.07 -6.74 5.32 19.69 -4.18 3.44 0 0 0 -82.83 17.2 33.95 30.67 -41.46 -11.85 -0 0 -41.69 19.71 -12.08 -4.29 -7.12 0 -0 -5.22 17.2 3.46 0 0 0 92.6 -17.34 6.97 -16.2 25.79 -3.73 0 0 9.53 -11.25 -9.56 1.89 7.12 -0 -0 13.63 -39.36 1.94
19.89 15.21 26.39 -172.91 -50.57 187.26 0 0 0 -13.02 -10.84 -28.18 5.89 14.32 44.52 2.23 0.6 -28.49 1.38 -7.42 -20.98 0 0 0 21.94 18.35 -27.75 -5.63 -14.06 43.5 -1.46 16.13 -22.88 -0.46 4.35 -12.06 4.99 3.2 -3.34 1.05 3.93 -7.96 -1.74 1.5 -6.17 -28.76 -2.17 2.64 37.87 -6.74 4.89 19.43 -4.17 3.29 -0 0 0 -84.86 16.8 32.44 26.89 -38.07 -9.43 -0 0 -40.47 20.15 -12.49 -4.54 -7.12 0 -0 -4.93 16.73 3.31 -0 0 0 90.6 -12.54 10.5 -14.58 23.56 -3.06 0 0 19.14 -11.51 -4.28 0.87 7.12 -0 -0 12.41 -34.14 3.37
20 15.25 26.45 -173.25 -49.21 187.16 0 0 0 -13.28 -9.51 -28.04 5.71 14.14 43.81 2.19 0.18 -28.06 1.19 -6.92 -19.47 0 0 0 21.91 18.91 -27.19 -5.41 -13.83 42.55 -1.37 16.31 -22.34 -0.45 4.31 -11.95 4.84 3.46 -3.04 0.97 4.31 -7.75 -1.75 1.71 -6.08 -28.58 -2.21 2.99 38 -6.97 4.98 19.46 -4.33 3.33 -0 -0 0 -86.84 16.29 30.8 22.52 -33.56 -6.87 -0 0 -39.62 21.12 -11.16 -4.27 -7.12 0 -0 -4.21 18.06 2.71 -0 -0 0 89.82 -8.39 10.52 -13.97 22.69 -2.82 0 0 29.45 -11.14 -1.22 0.24 7.12 -0 -0 12.24 -31.08 4.25
20.07 15.35 26.47 -173.34 -49.43 186.81 0 0 0 -13.43 -9.01 -26.87 5.19 13.59 41.64 2.03 -0.48 -26.85 1.04 -6.48 -18.18 0 0 0 22.21 18.55 -25.66 -4.86 -13.22 40.2 -1.27 15.65 -21.51 -0.44 4.26 -11.82 4.96 3.43 -3.4 0.87 4.23 -7.67 -1.89 1.67 -5.79 -28.61 -2.31 3.34 38.12 -7.54 5.79 19.56 -4.68 3.7 0 0 0 -88.21 16.01 30.68 18.69 -29.03 -4.88 -0 0 -38.51 21.5 -8.1 -3.18 -7.12 0 -0 -3.87 21.29 2.21 0 0 0 89.81 -5.58 9.81 -14.31 23.17 -2.95 0 0 34.81 -11.32 -0.7 0.14 7.12 -0 -0 12.04 -30.56 4.33
20.1 15.47 26.47 -173.26 -50.7 186.6 0 0 0 -13.44 -9.33 -25.57 4.62 12.94 39.15 1.87 -1.19 -25.51 0.89 -6.02 -16.85 0 0 0 22.54 17.76 -24.17 -4.27 -12.52 37.59 -1.2 14.6 -20.7 -0.42 4.18 -11.58 5.22 3.29 -4.28 0.73 3.96 -7.85 -2.14 1.52 -5.47 -28.74 -2.56 3.68 37.94 -8.37 6.94 19.52 -5.14 4.27 0 -0 0 -88.5 16.75 33.98 16.64 -26.39 -3.93 -0 0 -35.98 20.47 -4.39 -1.64 -7.12 0 -0 -4.65 25.3 2.22 0 -0 0 90.03 -4.17 10.79 -15.26 24.5 -3.33 0 0 31.35 -13.33 -2.51 0.59 7.12 -0 -0 10.68 -32.43 3.34
20.13 15.56 26.45 -173.26 -52.26 186.67 0 0 0 -13.46 -9.86 -24.68 4.17 12.38 37.08 1.74 -1.83 -24.42 0.84 -5.83 -16.3 0 0 0 22.65 16.93 -23.23 -3.83 -11.93 35.48 -1.14 13.7 -20.05 -0.39 3.99 -11.05 5.29 3.18 -5.3 0.64 3.71 -8.1 -2.23 1.37 -5.17 -29.18 -2.95 3.9 37.49 -9.25 7.87 19.36 -5.61 4.83 -0 0 0 -88.07 18.15 38.14 16.82 -26.63 -4.01 -0 0 -34.18 21.31 -3.66 -1.43 -7.12 0 -0 -4.03 26.04 1.86 -0 0 0 89.96 -3.68 13.13 -16.79 26.58 -3.99 0 0 22.74 -15.52 -4.37 1.21 7.12 -0 -0 9.16 -34.4 2.41
20.16 15.62 26.45 -173.2 -53.67 186.92 0 0 0 -13.36 -10.25 -24.62 3.92 12.05 35.92 1.68 -2.65 -23.8 0.8 -5.69 -15.89 0 0 0 22.67 16.19 -23.11 -3.58 -11.58 34.27 -1.13 13.04 -19.76 -0.38 3.98 -11.03 5.38 3.3 -6.34 0.48 3.76 -8.39 -2.39 1.37 -4.88 -29.67 -3.39 4.45 37.06 -10.06 8.07 19.18 -6.06 5.11 0 0 0 -87.09 19.28 39.69 18.88 -29.26 -4.97 -0 0 -36.73 22.54 -6.46 -2.67 -7.12 0 -0 -3.1 23 1.64 0 0 0 89.65 -3.95 15.94 -19.09 29.54 -5.08 0 0 13.74 -16.73 -5.79 1.74 7.12 -0 -0 8.36 -35.91 1.88
20.19 15.64 26.46 -173.14 -54.73 187.19 0 0 0 -13.23 -10.36 -25.18 3.86 11.98 35.65 1.67 -3.52 -23.52 0.77 -5.61 -15.65 0 0 0 22.62 15.46 -23.66 -3.52 -11.5 33.98 -1.12 12.82 -19.63 -0.4 4.08 -11.31 5.7 3.76 -6.93 0.05 4.28 -8.75 -2.97 1.58 -4.84 -29.99 -3.79 5.55 36.99 -10.83 7.51 19.13 -6.54 5.07 0 0 0 -85.32 19.83 41.19 20.95 -31.77 -6.02 -0 0 -35.6 21 -9.51 -3.63 -7.12 0 -0 -4.25 19.82 2.57 0 0 0 89.39 -4.84 18.43 -21.97 32.94 -6.57 0 0 7.07 -17.34 -6.93 2.16 7.12 -0 -0 8.01 -37.13 1.56
20.25 15.61 26.49 -172.98 -55.61 186.94 0 0 0 -13.06 -10.47 -25.91 4.01 12.17 36.33 1.66 -4.51 -23.36 0.7 -5.34 -14.89 0 0 0 22.64 15.14 -24.28 -3.66 -11.69 34.64 -1.15 12.36 -19.81 -0.44 4.26 -11.8 5.88 4.23 -6.75 -0.19 4.91 -8.87 -3.32 1.88 -4.98 -30.43 -4.12 6.68 37.2 -11.42 6.47 19.27 -6.94 4.86 -0 0 0 -83.72 19.46 43.07 23.08 -34.18 -7.18 -0 0 -36.51 18.42 -10.37 -3.43 -7.12 0 -0 -6.1 19.1 3.79 -0 0 0 88.48 -5.49 21.05 -24.56 35.75 -8.03 0 0 3.65 -18.11 -7.04 2.3 7.12 -0 -0 7.37 -37.3 1.41
20.34 15.55 26.51 -173.11 -56.61 186.22 0 0 0 -13.07 -10.7 -26.3 4.3 12.54 37.69 1.66 -5.43 -23.22 0.68 -5.28 -14.72 0 0 0 22.67 15.2 -24.47 -3.97 -12.12 36.16 -1.29 11.03 -20.58 -0.51 4.58 -12.71 5.7 4.53 -5.58 -0.44 5.45 -8.72 -3.54 2.16 -5.42 -30.74 -4.37 7.78 37.72 -11.89 5.25 19.58 -7.29 4.58 -0 0 0 -82.38 18.37 44.51 24.97 -36.17 -8.27 -0 0 -38.94 16.13 -9.9 -2.85 -7.12 0 -0 -7.73 19.73 4.71 -0 0 0 87.39 -5.63 23.35 -26.05 37.26 -8.92 0 0 4.01 -18.73 -6.03 2.04 7.12 -0 -0 6.72 -36.28 1.45
20.43 15.46 26.55 -172.58 -58 184.69 0 0 0 -12.7 -11.39 -26.69 4.7 13.04 39.51 1.67 -6.32 -23.24 0.72 -5.42 -15.1 0 0 0 23.1 14.89 -24.6 -4.33 -12.59 37.84 -1.43 9.67 -21.46 -0.57 4.84 -13.46 5.84 4.59 -4.19 -0.48 5.69 -8.38 -3.75 2.29 -5.79 -30.81 -4.6 8.65 38.15 -12.25 4.1 19.79 -7.57 4.3 0 0 0 -81.92 16.73 44.45 25.76 -36.97 -8.74 -0 0 -39.08 15.29 -10.05 -2.73 -7.12 0 -0 -8.32 19.63 5.1 0 0 0 86.27 -5 24.92 -26.06 37.27 -8.92 0 0 7.05 -18.54 -4.62 1.55 7.12 -0 -0 6.72 -34.79 1.69
20.51 15.39 26.57 -171.46 -59.7 182.74 0 0 0 -12.1 -12.35 -26.93 5.06 13.45 41.08 1.69 -7.11 -23.3 0.78 -5.63 -15.73 0 0 0 23.79 13.95 -24.65 -4.58 -12.89 38.97 -1.53 8.68 -22.13 -0.6 4.95 -13.77 6.23 4.49 -3.31 -0.35 5.67 -7.91 -3.88 2.3 -5.77 -30.75 -4.89 9.09 38.31 -12.63 3.39 19.8 -7.79 4.2 -0 -0 0 -82.49 14.72 42.84 25.17 -36.38 -8.39 -0 0 -38.1 16.63 -11.18 -3.31 -7.12 0 -0 -7.37 18.38 4.71 -0 -0 0 85.38 -3.85 26.2 -24.64 35.83 -8.08 0 0 9.37 -18.74 -3.66 1.24 7.12 -0 -0 6.46 -33.79 1.78
20.54 15.36 26.58 -170.2 -61.51 180.71 0 0 0 -11.66 -13.09 -26.49 5.16 13.56 41.51 1.66 -7.99 -23.1 0.81 -5.73 -16 0 0 0 24.53 12.58 -24.09 -4.58 -12.9 38.98 -1.57 7.83 -22.4 -0.63 5.07 -14.09 6.41 4.26 -3.01 -0.05 5.42 -7.45 -3.68 2.21 -5.49 -30.94 -5.14 9.29 38.23 -13.07 3.4 19.75 -8.02 4.35 -0 -0 0 -84.01 12.81 39.71 23.37 -34.49 -7.34 -0 0 -36.5 19.32 -12.6 -4.37 -7.12 0 -0 -5.5 16.69 3.71 -0 -0 0 85.13 -2.61 25.7 -22.1 33.1 -6.64 0 0 12.42 -17.54 -3.17 1 7.12 -0 -0 7.38 -33.24 2.14
20.54 15.4 26.56 -169.46 -63.3 179.42 0 0 0 -11.69 -13.62 -25.44 4.93 13.31 40.53 1.58 -8.9 -22.49 0.77 -5.59 -15.59 0 0 0 24.91 10.98 -23.12 -4.33 -12.58 37.83 -1.53 7.25 -22.18 -0.63 5.07 -14.1 6.38 4.16 -3.44 -0 5.26 -7.24 -3.56 2.17 -5.04 -30.99 -5.37 9.83 38.07 -13.74 3.92 19.64 -8.41 4.66 0 0 0 -85.63 11.33 35.97 21 -31.83 -6.05 -0 0 -35.35 22.55 -13.2 -5.42 -7.12 0 -0 -3.3 15.74 2.28 0 0 0 85.78 -2 23.61 -19.21 29.67 -5.13 0 0 15.06 -15.87 -3.69 1.05 7.12 -0 -0 8.79 -33.72 2.46
20.49 15.49 26.52 -169.09 -65.41 178.82 0 0 0 -11.99 -14.09 -24.13 4.51 12.81 38.65 1.47 -9.8 -21.78 0.78 -5.62 -15.69 0 0 0 25.05 9.44 -21.83 -3.9 -12.03 35.82 -1.47 6.26 -21.74 -0.65 5.16 -14.38 5.97 4 -4.44 -0.06 4.97 -7.36 -3.34 2.04 -4.66 -31.17 -5.61 10.34 37.76 -14.65 5.13 19.47 -8.92 5.25 0 0 0 -87.14 10.76 32.18 18.96 -29.38 -5.01 -0 0 -34.93 25.47 -12.25 -5.77 -7.12 0 -0 -1.22 16.46 0.83 0 0 0 87.07 -2.3 20.27 -16.58 26.3 -3.9 0 0 17.88 -14.68 -4.99 1.3 7.12 -0 -0 9.93 -35 2.47
20.43 15.58 26.47 -167.88 -67.47 178.02 0 0 0 -11.79 -14.48 -23.47 4.1 12.3 36.78 1.45 -10.3 -21.7 0.96 -6.25 -17.5 0 0 0 25.48 8.37 -20.74 -3.4 -11.31 33.35 -1.37 4.91 -21.04 -0.69 5.31 -14.79 5.87 3.97 -5.69 -0.16 4.79 -7.88 -3.32 1.93 -4.53 -31.3 -5.98 10.65 37.2 -15.78 6.69 19.12 -9.53 6.05 -0 -0 0 -88.08 11.36 29.9 17.96 -28.1 -4.53 -0 0 -35.83 27.32 -10.19 -5.22 -7.12 0 -0 0.21 18.54 -0.13 -0 -0 0 88.86 -3.68 16.52 -14.77 23.82 -3.13 0 0 21 -14.59 -6.3 1.64 7.12 -0 -0 10.21 -36.32 2.21
20.35 15.68 26.43 -166.85 -69.46 177.75 0 0 0 -11.71 -14.51 -23.29 3.74 11.8 35.04 1.56 -9.46 -22.38 1.1 -6.67 -18.74 0 0 0 25.67 7.25 -20.09 -2.93 -10.58 30.88 -1.26 3.91 -20.32 -0.69 5.31 -14.8 5.76 4 -7.15 -0.36 4.67 -8.59 -3.41 1.82 -4.48 -31.39 -6.4 10.91 36.51 -16.86 8.07 18.68 -10.1 6.78 0 0 0 -88.35 13.12 29.76 18.05 -28.22 -4.57 -0 0 -37.41 26.82 -8.36 -4.21 -7.12 0 -0 -0.04 20.63 0.02 0 0 0 90.62 -6.07 14.55 -14 22.74 -2.83 0 0 22.86 -15.13 -7.17 1.93 7.12 -0 -0 9.9 -37.24 1.91
20.26 15.76 26.39 -165.95 -71.22 177.71 0 0 0 -11.65 -13.35 -23.68 3.43 11.36 33.51 1.65 -7.76 -23 1.17 -6.87 -19.34 0 0 0 25.81 5.88 -19.88 -2.54 -9.92 28.7 -1.19 3.58 -19.7 -0.68 5.26 -14.64 5.55 4.1 -8.55 -0.59 4.65 -9.28 -3.46 1.77 -4.43 -31.48 -6.79 11.29 36.03 -17.73 8.69 18.33 -10.57 7.21 -0 -0 0 -88.02 15.4 31.46 18.82 -29.19 -4.94 -0 0 -38.75 23.93 -7.74 -3.42 -7.12 0 -0 -2.1 21.52 1.18 -0 -0 0 92.19 -8.94 15.14 -14.09 22.87 -2.86 0 0 22.45 -15.45 -7.16 1.97 7.12 -0 -0 9.63 -37.25 1.86
20.19 15.82 26.37 -164.59 -72.6 177.18 0 0 0 -11.56 -11.1 -24.71 3.2 11.02 32.34 1.48 -7.15 -21.76 1.3 -7.24 -20.42 0 0 0 26.13 3.85 -20.18 -2.25 -9.36 26.93 -1.13 4.44 -19.14 -0.64 5.13 -14.29 5.68 4.25 -9.58 -0.76 4.73 -9.85 -3.66 1.76 -4.46 -31.65 -7.12 11.71 35.83 -18.3 8.54 18.15 -10.88 7.32 -0 -0 0 -87.28 17.71 34.05 19.87 -30.48 -5.46 -0 0 -39.61 19.63 -8.01 -2.85 -7.12 0 -0 -5.23 21.49 2.96 -0 -0 0 93.52 -11.71 17.57 -14.62 23.62 -3.07 0 0 20.67 -14.95 -6.14 1.64 7.12 -0 -0 9.88 -36.18 2.17
20.12 15.86 26.37 -162.79 -73.75 175.85 0 0 0 -11.54 -9.45 -25.56 3.06 10.8 31.6 1.14 -8.62 -19.11 1.23 -7.05 -19.85 0 0 0 26.58 1.29 -20.52 -2.01 -8.89 25.45 -1.08 6.09 -18.6 -0.6 4.95 -13.78 6.1 4.38 -10.1 -0.89 4.8 -10.18 -4 1.74 -4.48 -31.71 -7.37 12.19 35.89 -18.6 7.75 18.1 -11.05 7.13 0 0 0 -86.49 19.55 36.07 20.9 -31.71 -6 -0 0 -40.48 15.06 -8.13 -2.18 -7.12 0 -0 -8.54 21.6 4.85 0 0 0 94.47 -13.92 21.5 -15.2 24.43 -3.31 0 0 18.63 -13.66 -4.61 1.12 7.12 -0 -0 10.71 -34.57 2.78
20.08 15.88 26.38 -161.15 -74.8 174.28 0 0 0 -11.55 -9.61 -25.51 2.99 10.69 31.23 0.97 -9.51 -17.81 1.13 -6.74 -18.94 0 0 0 26.92 -1.2 -20.72 -1.85 -8.55 24.4 -1.03 7.77 -18.13 -0.54 4.73 -13.13 6.44 4.38 -10.26 -0.89 4.78 -10.14 -4.18 1.72 -4.34 -31.8 -7.58 12.56 36.19 -18.71 6.56 18.19 -11.11 6.81 -0 -0 0 -86.21 20.35 36.16 21.52 -32.43 -6.32 -0 0 -41.02 12.66 -8.54 -1.91 -7.12 0 -0 -10.25 21.28 5.92 -0 -0 0 94.59 -15.07 26.16 -15.53 24.88 -3.45 0 0 17.27 -11.16 -1.88 0.37 7.12 -0 -0 12.32 -31.74 4.08
20.04 15.89 26.39 -160.54 -75.82 173.31 0 0 0 -11.89 -10.12 -24.9 2.94 10.59 30.91 0.9 -9.89 -17.26 1.14 -6.77 -19.03 0 0 0 26.83 -3 -20.58 -1.78 -8.4 23.92 -1 8.64 -17.96 -0.5 4.53 -12.59 6.43 4.27 -10.06 -0.87 4.67 -9.87 -4.17 1.7 -4.17 -31.96 -7.72 12.91 36.59 -18.74 5.34 18.38 -11.15 6.47 -0 -0 0 -86.44 20.25 34.71 21.52 -32.43 -6.33 -0 0 -41.28 14.02 -8.48 -2.11 -7.12 0 -0 -9.27 21.29 5.34 -0 -0 0 94.31 -15 29.07 -15.55 24.91 -3.46 0 0 16.48 -5.04 1.36 -0.12 7.12 -0 -0 16.56 -28.43 6.95
20.02 15.89 26.4 -160.09 -76.73 172.39 0 0 0 -12.26 -9.84 -24.45 2.89 10.52 30.67 0.82 -10.99 -16.78 1.17 -6.87 -19.34 0 0 0 26.68 -4.13 -20.14 -1.74 -8.31 23.65 -1 8.71 -17.98 -0.49 4.5 -12.48 6.17 4.19 -9.97 -0.85 4.62 -9.5 -3.99 1.73 -3.85 -32 -7.82 13.42 37.02 -18.79 4.23 18.58 -11.22 6.15 0 0 0 -86.79 19.47 32.69 20.8 -31.59 -5.94 -0 0 -41.38 17.14 -8.53 -2.62 -7.12 0 -0 -7.02 21.09 4.06 0 0 0 93.78 -13.93 30.47 -15.15 24.36 -3.29 0 0 16.52 -2.67 1.28 -0.06 7.12 -0 -0 18.34 -28.47 7.75
19.97 15.9 26.39 -159.34 -77.51 171.34 0 0 0 -12.52 -8.99 -24.37 2.86 10.47 30.5 0.71 -12.64 -16.34 1.13 -6.75 -18.97 0 0 0 26.65 -5.24 -19.85 -1.7 -8.22 23.37 -0.99 9.04 -17.95 -0.47 4.4 -12.19 5.87 4.15 -10.29 -0.81 4.59 -9.21 -3.76 1.76 -3.39 -31.9 -7.87 14.01 37.3 -18.86 3.47 18.71 -11.31 5.88 0 0 0 -87.06 18.47 30.7 19.64 -30.21 -5.35 -0 0 -40.6 20.26 -9.12 -3.35 -7.12 0 -0 -4.78 20.29 2.84 0 0 0 92.96 -12.6 31.67 -14.54 23.51 -3.04 0 0 19.1 -4.05 0.84 -0.06 7.12 -0 -0 17.38 -28.92 7.11
19.93 15.9 26.38 -158.89 -78.07 170.77 0 0 0 -12.77 -8.12 -24.45 2.84 10.43 30.38 0.61 -14.18 -15.99 1.02 -6.44 -18.06 0 0 0 26.6 -5.97 -19.62 -1.67 -8.13 23.11 -0.99 9.3 -17.93 -0.46 4.33 -12.01 5.58 4.21 -10.8 -0.85 4.65 -9.05 -3.6 1.83 -2.94 -31.73 -7.87 14.62 37.55 -18.95 3.05 18.83 -11.42 5.71 0 0 0 -87 17.5 29.46 18.37 -28.62 -4.72 -0 0 -38.3 22.7 -9.51 -3.95 -7.12 0 -0 -3.04 19.69 1.84 0 0 0 92.14 -11.34 32.75 -14.03 22.77 -2.84 0 0 23.56 -5.79 1.16 -0.12 7.12 -0 -0 16.02 -28.64 6.62
19.89 15.91 26.37 -158.58 -78.39 170.54 0 0 0 -12.97 -6.89 -24.88 2.82 10.4 30.28 0.45 -16.1 -15.47 0.84 -5.86 -16.38 0 0 0 26.57 -6.27 -19.46 -1.62 -8.02 22.76 -0.98 9.3 -17.86 -0.46 4.37 -12.11 5.36 4.26 -11.42 -0.85 4.69 -8.98 -3.43 1.87 -2.54 -31.67 -7.8 15.01 37.74 -18.99 2.96 18.96 -11.49 5.65 0 -0 0 -86.8 16.78 29.19 17.34 -27.3 -4.24 -0 0 -35.97 24.05 -9.54 -4.23 -7.12 0 -0 -2.08 19.55 1.26 0 -0 0 91.07 -10.1 34.5 -13.65 22.23 -2.69 0 0 27.55 -7.43 1.75 -0.23 7.12 -0 -0 14.7 -28.09 6.24
19.84 15.91 26.38 -158.39 -78.48 170.5 0 0 0 -13.27 -4.65 -25.79 2.81 10.39 30.23 0.14 -19.07 -14.59 0.6 -4.96 -13.81 0 0 0 26.61 -7.03 -19.63 -1.57 -7.91 22.44 -0.94 10.09 -17.65 -0.45 4.32 -11.97 5.46 4.42 -11.88 -0.98 4.85 -9.06 -3.58 1.93 -2.34 -31.46 -7.76 15.34 37.88 -19.1 3.1 19.02 -11.6 5.66 -0 -0 0 -86.27 16.57 29.94 16.77 -26.55 -3.98 -0 0 -34.66 23.99 -9.49 -4.2 -7.12 0 -0 -2.12 19.61 1.29 -0 -0 0 90.44 -9.04 35.17 -13.46 21.95 -2.62 0 0 29.73 -8.08 2.14 -0.3 7.12 -0 -0 14.17 -27.72 6.13
19.8 15.92 26.38 -158.45 -78.37 170.72 0 0 0 -13.67 -1.64 -26.98 2.81 10.39 30.24 -0.36 -22.71 -13.22 0.34 -3.72 -10.3 0 0 0 26.65 -7.63 -19.77 -1.54 -7.83 22.21 -0.9 10.93 -17.5 -0.43 4.21 -11.66 5.56 4.56 -12.25 -1.11 4.99 -9.19 -3.73 1.99 -2.25 -31.31 -7.72 15.51 37.97 -19.22 3.44 19.06 -11.7 5.78 0 0 0 -85.78 16.89 30.99 16.73 -26.5 -3.97 -0 0 -34.29 22.86 -9.46 -3.96 -7.12 0 -0 -2.92 19.74 1.77 0 0 0 90.07 -8.2 35.25 -13.53 22.06 -2.65 0 0 29.45 -8.02 2.14 -0.3 7.12 -0 -0 14.21 -27.72 6.15
19.76 15.92 26.38 -158.67 -78.19 171.18 0 0 0 -13.96 0.29 -27.84 2.82 10.4 30.27 -0.76 -24.96 -12.12 0.18 -2.74 -7.55 0 0 0 26.68 -7.91 -19.9 -1.51 -7.77 22.02 -0.88 11.51 -17.41 -0.41 4.12 -11.43 5.52 4.64 -12.67 -1.14 5.05 -9.33 -3.71 2.01 -2.18 -31.27 -7.67 15.54 38.01 -19.31 3.85 19.1 -11.77 5.93 0 0 0 -85.65 17.49 31.66 16.99 -26.84 -4.08 -0 0 -34.26 21.41 -9.46 -3.69 -7.12 0 -0 -3.96 19.85 2.39 0 0 0 89.71 -7.54 35.13 -13.87 22.54 -2.78 0 0 27.54 -8.08 1.75 -0.25 7.12 -0 -0 14.22 -28.1 6.01
19.73 15.93 26.41 -159.16 -78.08 172.2 0 0 0 -14.09 -0.44 -28.06 2.81 10.38 30.21 -0.61 -24.06 -12.46 0.22 -3.04 -8.4 0 0 0 26.62 -8.58 -20.79 -1.51 -7.76 21.99 -0.8 12.72 -17.08 -0.38 3.98 -11.03 5.83 4.8 -13.1 -1.34 5.17 -9.56 -4.06 2.03 -2.14 -31.14 -7.68 15.62 38.08 -19.44 4.01 19.1 -11.85 6.01 -0 -0 0 -85.7 18.01 31.93 17.24 -27.17 -4.2 -0 0 -34.37 19.92 -9.35 -3.37 -7.12 0 -0 -5.03 20.07 3.01 -0 -0 0 89.65 -6.99 34.42 -14.3 23.16 -2.95 0 0 25.54 -8.2 1.37 -0.2 7.12 -0 -0 14.17 -28.47 5.87
19.71 15.93 26.42 -159.79 -78.08 173.08 0 0 0 -14.19 -1.32 -27.93 2.8 10.36 30.15 -0.45 -23.01 -12.81 0.29 -3.44 -9.5 0 0 0 26.44 -8.55 -21.1 -1.52 -7.79 22.07 -0.79 12.89 -17.04 -0.38 3.94 -10.91 5.78 4.8 -13.26 -1.42 5.16 -9.62 -4.11 2.02 -2.12 -31.07 -7.74 15.73 38.22 -19.53 3.83 19.15 -11.92 5.99 -0 0 0 -86.03 18.17 31.5 17.3 -27.25 -4.22 -0 0 -34.26 18.41 -8.91 -2.95 -7.12 0 -0 -6.11 20.62 3.59 -0 0 0 89.83 -6.41 32.78 -14.69 23.72 -3.1 0 0 24.61 -9.13 0.99 -0.16 7.12 -0 -0 13.51 -28.86 5.45
19.71 15.94 26.44 -160.3 -78.01 173.57 0 0 0 -14.29 -1.66 -27.78 2.79 10.35 30.12 -0.39 -22.51 -12.85 0.31 -3.56 -9.83 0 0 0 26.25 -8.19 -20.98 -1.53 -7.8 22.1 -0.81 12.49 -17.11 -0.4 4.05 -11.22 5.7 4.77 -13.03 -1.42 5.15 -9.57 -4.08 2.03 -2.19 -31.04 -7.76 15.96 38.45 -19.51 3.3 19.27 -11.93 5.82 0 0 0 -86.47 17.97 30.71 17.18 -27.09 -4.17 -0 0 -33.7 17.33 -8.39 -2.61 -7.12 0 -0 -6.89 21.22 3.96 0 0 0 89.95 -5.93 31.54 -15.13 24.32 -3.28 0 0 23.51 -10.61 0.44 -0.08 7.12 -0 -0 12.44 -29.42 4.83
19.71 15.94 26.45 -160.86 -77.73 174.06 0 0 0 -14.41 -1.6 -27.64 2.78 10.34 30.07 -0.35 -22.18 -12.89 0.32 -3.63 -10.03 0 0 0 26.1 -7.87 -20.83 -1.53 -7.81 22.15 -0.82 12.28 -17.14 -0.43 4.19 -11.61 5.72 4.78 -12.66 -1.41 5.21 -9.46 -4.09 2.06 -2.26 -31.12 -7.73 16.17 38.76 -19.42 2.69 19.48 -11.93 5.63 -0 -0 0 -86.77 17.6 30.11 17.07 -26.95 -4.12 -0 0 -32.84 17.12 -8.22 -2.52 -7.12 0 -0 -7.05 21.41 4.02 -0 -0 0 90.23 -5.51 30.29 -15.53 24.88 -3.45 0 0 22.67 -12.16 -0.15 0.03 7.12 -0 -0 11.32 -30.03 4.21
