HIERARCHY
ROOT Hips
{
	OFFSET 0.00000 0.00000 0.00000
	CHANNELS 6 Xposition Yposition Zposition Zrotation Yrotation Xrotation 
	JOINT LHipJoint
	{
		OFFSET 0 0 0
		CHANNELS 3 Zrotation Yrotation Xrotation
		JOINT LeftUpLeg
		{
			OFFSET 1.57338 -1.94743 0.52196
			CHANNELS 3 Zrotation Yrotation Xrotation
			JOINT LeftLeg
			{
				OFFSET 2.60333 -7.15259 0.00000
				CHANNELS 3 Zrotation Yrotation Xrotation
				JOINT LeftFoot
				{
					OFFSET 2.77855 -7.63400 0.00000
					CHANNELS 3 Zrotation Yrotation Xrotation
					JOINT LeftToeBase
					{
						OFFSET 0.19847 -0.54529 2.28466
						CHANNELS 3 Zrotation Yrotation Xrotation
						End Site
						{
							OFFSET 0.00000 -0.00000 1.17993
						}
					}
				}
			}
		}
	}
	JOINT RHipJoint
	{
		OFFSET 0 0 0
		CHANNELS 3 Zrotation Yrotation Xrotation
		JOINT RightUpLeg
		{
			OFFSET -1.61527 -1.94743 0.52196
			CHANNELS 3 Zrotation Yrotation Xrotation
			JOINT RightLeg
			{
				OFFSET -2.53829 -6.97390 0.00000
				CHANNELS 3 Zrotation Yrotation Xrotation
				JOINT RightFoot
				{
					OFFSET -2.80762 -7.71387 0.00000
					CHANNELS 3 Zrotation Yrotation Xrotation
					JOINT RightToeBase
					{
						OFFSET -0.30536 -0.83898 2.28801
						CHANNELS 3 Zrotation Yrotation Xrotation
						End Site
						{
							OFFSET -0.00000 -0.00000 1.21323
						}
					}
				}
			}
		}
	}
	JOINT LowerBack
	{
		OFFSET 0 0 0
		CHANNELS 3 Zrotation Yrotation Xrotation
		JOINT Spine
		{
			OFFSET -0.04381 1.99497 -0.19778
			CHANNELS 3 Zrotation Yrotation Xrotation
			JOINT Spine1
			{
				OFFSET -0.01959 2.01295 -0.04372
				CHANNELS 3 Zrotation Yrotation Xrotation
				JOINT Neck
				{
					OFFSET 0 0 0
					CHANNELS 3 Zrotation Yrotation Xrotation
					JOINT Neck1
					{
						OFFSET -0.05459 1.76913 0.09708
						CHANNELS 3 Zrotation Yrotation Xrotation
						JOINT Head
						{
							OFFSET 0.09461 1.77368 -0.11172
							CHANNELS 3 Zrotation Yrotation Xrotation
							End Site
							{
								OFFSET 0.03812 1.78157 -0.04834
							}
						}
					}
				}
				JOINT LeftShoulder
				{
					OFFSET 0 0 0
					CHANNELS 3 Zrotation Yrotation Xrotation
					JOINT LeftArm
					{
						OFFSET 3.50922 1.24034 -0.28866
						CHANNELS 3 Zrotation Yrotation Xrotation
						JOINT LeftForeArm
						{
							OFFSET 5.40188 -0.00000 0.00000
							CHANNELS 3 Zrotation Yrotation Xrotation
							JOINT LeftHand
							{
								OFFSET 3.68559 -0.00000 0.00000
								CHANNELS 3 Zrotation Yrotation Xrotation
								JOINT LeftFingerBase
								{
									OFFSET 0 0 0
									CHANNELS 3 Zrotation Yrotation Xrotation
									JOINT LeftHandIndex1
									{
										OFFSET 0.61753 -0.00000 0.00000
										CHANNELS 3 Zrotation Yrotation Xrotation
										End Site
										{
											OFFSET 0.49787 -0.00000 0.00000
										}
									}
								}
								JOINT LThumb
								{
									OFFSET 0 0 0
									CHANNELS 3 Zrotation Yrotation Xrotation
									End Site
									{
										OFFSET 0.50547 -0.00000 0.50547
									}
								}
							}
						}
					}
				}
				JOINT RightShoulder
				{
					OFFSET 0 0 0
					CHANNELS 3 Zrotation Yrotation Xrotation
					JOINT RightArm
					{
						OFFSET -2.95373 1.39649 -0.27346
						CHANNELS 3 Zrotation Yrotation Xrotation
						JOINT RightForeArm
						{
							OFFSET -6.10670 -0.00000 -0.00000
							CHANNELS 3 Zrotation Yrotation Xrotation
							JOINT RightHand
							{
								OFFSET -3.63052 -0.00000 0.00000
								CHANNELS 3 Zrotation Yrotation Xrotation
								JOINT RightFingerBase
								{
									OFFSET 0 0 0
									CHANNELS 3 Zrotation Yrotation Xrotation
									JOINT RightHandIndex1
									{
										OFFSET -0.58385 -0.00000 0.00000
										CHANNELS 3 Zrotation Yrotation Xrotation
										End Site
										{
											OFFSET -0.47071 -0.00000 0.00000
										}
									}
								}
								JOINT RThumb
								{
									OFFSET 0 0 0
									CHANNELS 3 Zrotation Yrotation Xrotation
									End Site
									{
										OFFSET -0.47790 -0.00000 0.47790
									}
								}
							}
						}
					}
				}
			}
		}
	}
}
MOTION
Frames: 1189
Frame Time: 0.0333332
-8.01 18.7 0.81 -2.02 39.36 -0.42 0 0 0 -19.26 -6.42 -9.57 2.23 9.34 26.85 1.22 12.1 -28.42 0.33 3.67 10.15 0 0 0 15.48 3.56 0.48 -2.87 -10.49 30.57 -0.06 -17.76 -25.63 -0.64 5.12 -14.24 -2.04 0.92 4.1 -1.63 1.12 0.93 -0.58 0.57 -1.34 -6.31 1 -7.37 8.04 0.88 22.65 3.86 0.75 8.11 0 -0 0 -84.37 -4.56 26.22 15.13 -24.33 -3.28 -0 -0 4.23 23.27 21.04 8.78 -7.12 0 -0 -5.55 52.62 -1.04 0 -0 0 85.35 -7.45 16.59 -12.05 19.89 -2.12 0 0 20.07 -25.14 2.45 -1.15 7.12 -0 -0 1.11 -27.27 0.48
-7.83 18.67 0.76 -1.64 42.18 -0.23 0 0 0 -20.11 -6.3 -9.96 2.3 9.47 27.29 1.14 10.48 -26.48 0.21 2.96 8.16 0 0 0 14.6 3.23 -0.4 -3.38 -11.29 33.27 -0.07 -17.76 -25.75 -0.38 3.97 -11 -1.89 1.4 4.78 -1.82 1.75 0.87 -0.92 0.88 -1.79 -5.92 1.38 -7.05 8.35 1.28 23.95 3.98 1.02 8.45 -0 -0 0 -84.29 -4.05 27.5 15.9 -25.38 -3.6 -0 -0 3.41 24.52 21.71 9.58 -7.12 0 -0 -4.47 53.56 -0.94 -0 -0 0 85.64 -8.76 16.06 -12.85 21.07 -2.4 0 0 19.04 -26.86 3.35 -1.69 7.12 -0 -0 -0.19 -26.23 -0.09
-7.63 18.65 0.72 -1.28 44.77 -0.38 0 0 0 -21 -6.18 -9.49 2.3 9.46 27.24 1.15 8.68 -25.11 0.21 2.94 8.11 0 0 0 13.87 2.94 -1.79 -4.21 -12.43 37.28 0.51 -19.87 -23.73 -0.74 5.48 -15.28 -1.88 1.86 5.17 -1.91 2.36 1.28 -1.06 1.19 -1.57 -5.51 1.82 -6.85 8.81 1.74 24.91 4.14 1.34 8.7 -0 -0 0 -84.38 -4.08 28.46 16.36 -26 -3.8 -0 -0 1.99 25.45 22.33 10.25 -7.12 0 -0 -3.69 54.4 -0.85 -0 -0 0 85.62 -9.2 16.24 -13.49 22 -2.63 0 0 17.95 -27.21 4.2 -2.16 7.12 -0 -0 -0.43 -25.26 -0.21
-7.45 18.63 0.69 -1.18 47.01 -0.82 0 0 0 -21.69 -6.3 -8.69 2.29 9.45 27.23 1.09 7.81 -24.04 0.13 2.36 6.51 0 0 0 13.53 4.03 -3.18 -5.26 -13.67 41.94 1.09 -21.82 -21.3 -0.4 4.07 -11.28 -1.68 2.39 5.97 -2.04 3.06 1.53 -1.38 1.54 -1.74 -4.85 2.19 -6.37 9.13 2.1 25.95 4.2 1.63 8.95 0 -0 0 -84.11 -3.69 28.15 16.24 -25.84 -3.75 -0 -0 2.54 24.93 22.37 10.03 -7.12 0 -0 -4.24 54.34 -0.98 0 -0 0 85.48 -9.93 17.45 -14.46 23.39 -3.01 0 0 16.09 -27.89 3.72 -1.97 7.12 -0 -0 -0.95 -25.77 -0.44
-7.28 18.6 0.65 -0.64 49.27 -0.82 0 0 0 -22.58 -6.11 -8.24 2.31 9.48 27.29 1.11 6.22 -23.06 0.14 2.42 6.67 0 0 0 12.82 5 -5.55 -6.59 -14.97 47.3 1.92 -24.76 -17.61 -0.2 2.87 -7.92 -1.68 2.65 6.79 -2.34 3.38 1.68 -1.76 1.7 -2.02 -4.33 2.74 -5.68 9.82 2.66 27.03 4.43 2.04 9.14 0 -0 0 -83.73 -3.39 26.61 15.63 -25.01 -3.49 -0 -0 3.45 24.04 21.57 9.31 -7.12 0 -0 -4.92 53.32 -1.01 0 -0 0 85.57 -9.9 18.13 -15.07 24.25 -3.26 0 0 15.73 -27.54 4.23 -2.2 7.12 -0 -0 -0.67 -25.21 -0.32
-7.13 18.57 0.66 0.58 51.3 0.04 0 0 0 -23.75 -6.13 -7.82 2.27 9.41 27.1 1.07 5.24 -22.08 0.08 1.84 5.05 0 0 0 12.04 6.58 -8.46 -8.09 -16.19 52.89 2.76 -27.97 -14.09 -0 0.05 -0.15 -3.13 3.09 6.63 -2.21 3.91 2.24 -0.83 1.97 -1.45 -5.04 3.13 -6.03 10.94 3.09 28.59 5.09 2.34 9.68 -0 0 0 -83.82 -3.57 25.04 14.92 -24.03 -3.19 -0 -0 4.04 23.83 21.55 9.21 -7.12 0 -0 -5.14 53.26 -1.05 -0 0 0 85.1 -9.12 18.35 -15.71 25.12 -3.52 0 0 15.67 -28.13 4.52 -2.41 7.12 -0 -0 -1.11 -24.85 -0.54
-6.97 18.56 0.67 0.77 53.55 0.21 0 0 0 -24.22 -6.68 -7.37 2.29 9.45 27.21 1.11 3.91 -21.67 0.11 2.12 5.84 0 0 0 12.19 7.75 -11.38 -9.47 -17.1 57.7 3.18 -29.71 -9.86 -0.12 -2.26 6.23 -3.21 3.19 6.86 -2.32 4.04 2.47 -0.91 2.04 -1.34 -4.41 3.41 -5.16 11.07 3.4 29.09 5.06 2.58 9.68 -0 0 0 -83.47 -3.52 22.54 13.85 -22.52 -2.77 -0 -0 5.95 22.98 20.75 8.54 -7.12 0 -0 -5.75 52.25 -1.03 -0 0 0 85.16 -8.55 18.6 -16.41 26.08 -3.83 0 0 15.54 -28.42 4.94 -2.67 7.12 -0 -0 -1.3 -24.37 -0.65
-6.83 18.54 0.7 1.1 55.86 0.66 0 0 0 -24.51 -6.93 -7.39 2.36 9.57 27.59 1.13 2.35 -21.03 0.09 1.9 5.24 0 0 0 12.2 8.79 -14.17 -10.55 -17.71 61.31 1.95 -23.81 -9.06 -0.17 -2.68 7.38 -3.49 3.27 7.19 -2.51 4.12 2.58 -0.97 2.08 -1.41 -3.93 3.76 -4.27 11.65 3.74 29.41 5.2 2.86 9.59 -0 0 0 -82.98 -3.32 20.03 12.79 -20.98 -2.38 -0 -0 7.49 21.79 20 7.79 -7.12 0 -0 -6.71 51.26 -1.04 -0 0 0 85.38 -8.11 18.58 -17.32 27.28 -4.24 0 0 14.16 -27.66 4.86 -2.54 7.12 -0 -0 -0.74 -24.5 -0.37
-6.7 18.49 0.73 1.52 57.78 0.91 0 0 0 -24.9 -7.4 -7.14 2.49 9.81 28.38 1.18 1.34 -21.09 0.07 1.75 4.82 0 0 0 12.36 10.32 -16.16 -10.96 -17.92 62.67 0.93 -17.21 -10.7 -0.11 -2.15 5.92 -3.61 3.25 8.05 -2.84 4.05 2.73 -1.29 2.05 -1.71 -3.07 4.01 -3.92 11.77 4 29.79 5.12 3.11 9.66 0 -0 0 -82.01 -2.84 18.29 12.04 -19.86 -2.12 -0 -0 7.5 22.54 20.79 8.38 -7.12 0 -0 -6.21 52.22 -1.11 0 -0 0 85.59 -7.68 19.25 -18.03 28.2 -4.56 0 0 13.75 -30.04 4.39 -2.54 7.12 -0 -0 -2.54 -24.91 -1.24
-6.57 18.44 0.77 3.18 59.54 2.86 0 0 0 -25.82 -7.78 -7.66 2.62 10.05 29.15 1.21 0.05 -20.86 0.05 1.37 3.78 0 0 0 11.82 12.98 -18.06 -10.79 -17.83 62.1 0.33 -12.87 -13.26 -0.01 -0.46 1.26 -4.58 3.33 8.17 -3.07 4.1 2.99 -1 2.08 -1.56 -3.29 4.09 -3.93 12.26 4.05 29.69 5.33 3.16 9.6 -0 0 0 -81.75 -2.85 15.81 11.21 -18.61 -1.84 -0 -0 8.02 23.68 21.78 9.24 -7.12 0 -0 -5.36 53.48 -1.12 -0 0 0 85.25 -6.96 19.89 -18.87 29.26 -4.97 0 0 11.8 -30.35 4.19 -2.45 7.12 -0 -0 -2.78 -25.13 -1.34
-6.43 18.41 0.83 1.82 61 1.84 0 0 0 -25.04 -8.27 -7.82 2.82 10.39 30.26 1.32 -1.24 -21.38 0.07 1.69 4.64 0 0 0 13.31 16.36 -19.13 -10.14 -17.49 59.97 0.13 -12.26 -15.61 -0 0.35 -0.96 -4.11 3.36 8.72 -2.9 4.16 3.4 -1.11 2.11 -1.43 -3.18 4.27 -3.82 12.11 4.36 29.11 5.24 3.29 9.35 -0 0 0 -81.38 -2.75 13.55 10.66 -17.76 -1.67 -0 -0 8.26 24.86 22.87 10.21 -7.12 0 -0 -4.48 54.85 -1.09 -0 0 0 84.98 -6.31 21.23 -19.57 30.12 -5.31 0 0 11.92 -29.84 3.85 -2.21 7.12 -0 -0 -2.42 -25.54 -1.14
-6.3 18.38 0.89 2.73 62.26 2.98 0 0 0 -25.47 -8.69 -7.92 2.93 10.58 30.89 1.31 -1.95 -21.11 0.04 1.32 3.64 0 0 0 13.04 20.31 -20.19 -9.23 -16.95 56.88 -0.02 -12.48 -18.06 -0.01 0.61 -1.67 -4.19 3.63 9.43 -3.52 4.5 3.63 -1.78 2.29 -1.53 -2.55 4.03 -3.52 12.28 3.94 28.38 5.1 3.16 9.08 0 0 0 -80.19 -2.66 12.62 10.15 -16.98 -1.52 -0 -0 8.77 23.99 22.17 9.53 -7.12 0 -0 -5.16 53.95 -1.14 0 0 0 85.5 -6.21 21.56 -20.64 31.4 -5.86 0 0 10.64 -28.87 4.71 -2.59 7.12 -0 -0 -1.65 -24.6 -0.81
-6.18 18.36 0.96 2.87 63.64 3.54 0 0 0 -25.35 -8.85 -8 2.96 10.64 31.06 1.35 -3.39 -21.07 0.1 1.99 5.48 0 0 0 13.03 24.41 -20.96 -8.1 -16.2 52.94 -0.14 -13.26 -20.5 -0 0.37 -1.01 -4.4 3.54 10.11 -3.5 4.35 4.03 -1.65 2.22 -1.49 -2.99 4 -3.51 12.1 4 27.79 5.08 3.1 8.86 0 -0 0 -79.97 -2.58 11.26 9.87 -16.53 -1.44 -0 -0 9.23 25.38 22.17 10.15 -7.12 0 -0 -3.71 54.22 -0.84 0 -0 0 84.8 -5.8 23.33 -21.64 32.56 -6.39 0 0 10.95 -29.46 4.66 -2.63 7.12 -0 -0 -2.09 -24.63 -1.03
-6.03 18.35 1.04 4.32 65.18 5.16 0 0 0 -25.92 -9.07 -7.6 2.9 10.54 30.74 1.34 -4.05 -20.9 0.1 2.08 5.73 0 0 0 11.94 28.01 -21.42 -6.81 -15.17 48.16 -0.28 -12.36 -20.82 -0 -0.39 1.06 -4.73 3.28 10.92 -3.7 3.97 4.55 -1.66 2.04 -1.41 -2.85 3.73 -3.85 10.73 3.9 27.75 4.58 2.93 8.96 0 -0 0 -79.95 -2.32 10.01 9.96 -16.68 -1.46 -0 -0 9.76 25.41 22.28 10.21 -7.12 0 -0 -3.71 54.34 -0.85 0 -0 0 84.42 -5.83 24.87 -23.14 34.24 -7.22 0 0 10.76 -30.21 5.76 -3.35 7.12 -0 -0 -2.58 -23.32 -1.35
-5.88 18.36 1.11 4.38 66.75 5.87 0 0 0 -25.67 -9.13 -7.55 2.82 10.4 30.27 1.29 -4.9 -20.38 0.09 1.96 5.39 0 0 0 11 31.24 -22.09 -5.4 -13.82 42.53 -0.33 -9.81 -18.48 -0.01 0.65 -1.79 -4.4 2.93 11.51 -3.72 3.54 4.96 -1.84 1.83 -1.27 -3.14 3.31 -3.85 9.78 3.57 27.8 4.28 2.65 9.03 0 0 0 -80.03 -2.25 8.76 10.11 -16.91 -1.51 -0 -0 10.22 25.38 22.28 10.2 -7.12 0 -0 -3.74 54.33 -0.86 0 0 0 83.84 -5.89 26.61 -24.76 35.96 -8.15 0 0 9.98 -31.73 6.93 -4.27 7.12 -0 -0 -3.61 -21.85 -2.01
-5.69 18.39 1.18 4.42 68.65 6.48 0 0 0 -25.39 -9.11 -6.98 2.64 10.09 29.28 1.23 -6.15 -19.8 0.04 1.27 3.49 0 0 0 9.88 33.48 -22.43 -4.07 -12.25 36.64 -0.33 -7.33 -15.99 -0.06 1.61 -4.44 -3.59 2.37 12.06 -3.59 2.89 5.3 -2.09 1.52 -1.18 -3.61 3.08 -3.75 8.86 3.54 28.17 4.05 2.49 9.16 -0 0 0 -80.46 -1.94 8.2 10.43 -17.41 -1.6 -0 -0 10.15 25.11 21.86 9.9 -7.12 0 -0 -3.91 53.84 -0.85 -0 0 0 83.03 -6.24 28.04 -26.39 37.59 -9.12 0 0 8.94 -32.58 8.15 -5.18 7.12 -0 -0 -4.11 -20.35 -2.43
-5.46 18.42 1.26 3.51 70.9 6.27 0 0 0 -24.72 -9.46 -6.16 2.45 9.74 28.14 1.12 -7.55 -18.91 0.04 1.21 3.33 0 0 0 9.38 34.15 -22.56 -2.92 -10.57 30.84 -0.27 -7.54 -15.4 -0.13 2.35 -6.48 -2.18 1.7 12.22 -3.29 2.17 5.58 -2.48 1.18 -0.95 -3.61 3.05 -3.81 8.31 3.67 28.95 3.91 2.51 9.46 -0 -0 0 -80.99 -1.36 8.69 10.98 -18.26 -1.77 -0 -0 9.51 25.12 21.87 9.91 -7.12 0 -0 -3.89 53.85 -0.85 -0 -0 0 82.61 -6.44 28.15 -27.36 38.52 -9.72 0 0 8.71 -32.85 9.03 -5.79 7.12 -0 -0 -4.21 -19.28 -2.59
-5.21 18.47 1.36 4.73 73.73 8.12 0 0 0 -24.58 -9.67 -5.11 2.16 9.2 26.42 0.91 -9.36 -17.27 0.06 1.54 4.22 0 0 0 8.34 33.93 -23.01 -2.29 -9.45 27.22 -0.09 -10.98 -16.95 -0.07 1.69 -4.64 -1.35 0.98 12.21 -2.88 1.31 5.69 -2.41 0.77 -0.85 -3.78 3.18 -4.01 8.62 3.85 30.11 4.13 2.64 9.89 0 -0 0 -81.89 -0.69 9.72 11.48 -19.03 -1.93 -0 -0 9.13 25.29 22.13 10.09 -7.12 0 -0 -3.8 54.16 -0.86 0 -0 0 82.02 -6.81 27.77 -27.69 38.83 -9.93 0 0 8.72 -34.98 8.93 -6.2 7.12 -0 -0 -5.72 -19.15 -3.54
-4.92 18.51 1.46 3.28 76.29 7.49 0 0 0 -23.81 -10.59 -4.16 2 8.88 25.41 0.84 -10.03 -16.78 0.04 1.28 3.53 0 0 0 8.63 32.58 -23.68 -2.02 -8.91 25.52 0.05 -12.65 -17.28 -0.03 1.1 -3.02 0.05 0.38 11.54 -2.02 0.67 5.55 -2.2 0.45 -0.66 -4.04 3.23 -3.91 8.91 3.95 30.95 4.34 2.71 10.16 0 0 0 -83.16 0.13 10.58 11.7 -19.35 -2 -0 -0 8.67 24.72 21.12 9.42 -7.12 0 -0 -4.09 52.97 -0.8 0 0 0 81.05 -7.34 27.09 -27.33 38.49 -9.7 0 0 8.87 -36.5 8.02 -5.89 7.12 -0 -0 -6.91 -20.07 -4.15
-4.61 18.49 1.61 3.34 78.43 7.5 0 0 0 -23.52 -10.7 -2.66 1.94 8.74 24.97 0.78 -10.96 -16.46 0.03 1.07 2.94 0 0 0 9.4 31.38 -22.84 -2.03 -8.93 25.57 0.15 -13.28 -16.87 -0.03 1.06 -2.91 0.79 0.18 11.39 -1.26 0.49 5.45 -1.81 0.36 -0.69 -4.41 3 -3.69 9.8 3.47 31.24 4.7 2.57 10.23 0 -0 0 -84.19 0.76 11.32 11.55 -19.12 -1.95 -0 -0 8.26 24.41 20.75 9.14 -7.12 0 -0 -4.3 52.52 -0.8 0 -0 0 80.53 -8.08 25.85 -26.53 37.73 -9.21 0 0 8.6 -36.37 8.75 -6.39 7.12 -0 -0 -6.72 -19.2 -4.17
-4.26 18.44 1.77 6.75 79.98 10.93 0 0 0 -23.83 -10.65 -1.59 1.97 8.81 25.21 0.74 -12.18 -16.46 0.09 1.97 5.43 0 0 0 9.87 30 -21.94 -2.24 -9.35 26.89 0.22 -13.89 -16.9 -0.01 0.73 -2.02 0.93 0.45 10.82 -0.99 0.85 5.3 -1.64 0.53 -0.53 -3.82 2.31 -3.91 10.21 2.33 31.25 4.67 2.18 10.38 0 -0 0 -84.07 1.16 12.43 11.19 -18.58 -1.84 -0 -0 7.53 26.83 21.08 10.31 -7.12 0 -0 -1.89 53.34 -0.39 0 -0 0 81.1 -8.51 23.06 -25.07 36.27 -8.33 0 0 8.92 -35.31 10.04 -7.04 7.12 -0 -0 -5.82 -17.78 -3.79
-3.9 18.43 1.95 10.03 81.14 13.97 0 0 0 -24.12 -9.99 0.2 1.88 8.62 24.61 0.69 -12.37 -16.08 0.08 1.84 5.05 0 0 0 10.58 29.42 -21.11 -2.44 -9.72 28.07 0.56 -16.05 -15.76 -0 0.35 -0.97 1.28 0.58 10.47 -0.64 1.03 4.9 -1.49 0.61 -0.75 -3.75 1.93 -3.74 10.37 1.77 31.27 4.67 1.97 10.4 -0 -0 0 -84.31 2.44 11.7 10.88 -18.11 -1.74 -0 -0 8.49 24.3 20.02 8.79 -7.12 0 -0 -4.21 51.73 -0.7 -0 -0 0 81.14 -9.08 21.32 -23.29 34.4 -7.3 0 0 9.71 -36.08 9.31 -6.72 7.12 -0 -0 -6.45 -18.55 -4.09
-3.54 18.42 2.11 10.73 81.84 14.56 0 0 0 -24.09 -9.92 1.14 2.02 8.92 25.53 0.68 -11.8 -15.79 0.07 1.72 4.74 0 0 0 11.5 28.52 -20.62 -2.66 -10.12 29.37 0.54 -15.52 -14.93 -0 0.07 -0.18 1.89 0.72 10.21 -0.05 1.27 4.57 -1.25 0.72 -0.94 -3.87 1.67 -3.48 10.08 1.5 30.82 4.53 1.79 10.21 0 -0 0 -85.09 3.55 9.27 10.66 -17.77 -1.67 -0 -0 8.77 25.13 20.01 9.12 -7.12 0 -0 -3.37 51.86 -0.57 0 -0 0 80.98 -8.57 19.18 -20.89 31.7 -5.99 0 0 10.79 -35.45 9.61 -6.78 7.12 -0 -0 -5.97 -18.28 -3.82
-3.18 18.42 2.27 -8.65 82.39 -5.23 0 0 0 -20.59 -8.94 0.59 2.65 10.11 29.34 0.48 -13.7 -14.6 0.07 1.67 4.6 0 0 0 15.91 27.63 -18.49 -2.7 -10.2 29.62 0.39 -14.64 -15.64 -0 -0.1 0.27 5.34 0.75 10.21 1.01 1.66 4.52 -2.14 0.95 -0.89 -3.54 1.36 -3.3 9.69 1.1 30.13 4.26 1.59 9.96 0 0 0 -85.4 4.83 7.02 10.64 -17.73 -1.66 -0 -0 8.18 25.06 20.67 9.37 -7.12 0 -0 -3.62 52.55 -0.67 0 0 0 81.16 -7.64 16.95 -18.72 29.07 -4.89 0 0 12.34 -35.59 8.93 -6.34 7.12 -0 -0 -6.15 -19.08 -3.83
-2.86 18.41 2.43 -8.58 83.07 -5.5 0 0 0 -19.69 -8.3 -1.12 3.51 11.48 33.9 0.02 -15.28 -10.96 0.04 1.33 3.66 0 0 0 16.9 26.47 -17.7 -2.91 -10.54 30.76 0.28 -14.16 -16.5 -0.01 0.46 -1.25 5.63 0.83 10.24 1.52 1.82 4.45 -1.79 1.03 -0.98 -3.38 0.9 -3.43 9.08 0.56 29.27 3.92 1.27 9.72 -0 -0 0 -85.92 6.15 5.81 10.6 -17.67 -1.65 -0 -0 7.15 25.52 20.87 9.65 -7.12 0 -0 -3.2 52.86 -0.62 -0 -0 0 81.04 -7.19 15.51 -17.71 27.78 -4.41 0 0 13.6 -35.58 7.82 -5.56 7.12 -0 -0 -6.28 -20.42 -3.72
-2.53 18.39 2.59 -14.83 83.93 -12.27 0 0 0 -17.76 -7.65 -3.97 4.91 13.28 40.43 -0.49 -16.38 -5.51 0.03 1.19 3.26 0 0 0 18.72 24.97 -16.44 -3.07 -10.81 31.63 0.11 -13.5 -17.87 -0.01 0.47 -1.3 6.55 0.85 10.42 2.24 1.99 4.33 -1.57 1.11 -1.18 -3.17 0.31 -3.44 8.53 -0.19 28.49 3.59 0.87 9.5 -0 -0 0 -86.13 7.86 6.1 10.63 -17.72 -1.66 -0 -0 7.14 24.94 20.59 9.29 -7.12 0 -0 -3.71 52.45 -0.68 -0 -0 0 80.3 -7.35 15.71 -17.46 27.46 -4.3 0 0 13.08 -34.34 7.48 -5.09 7.12 -0 -0 -5.44 -20.96 -3.15
-2.23 18.37 2.74 -23.34 84.48 -21.15 0 0 0 -15.49 -6.88 -8.52 6.9 15.24 48.48 -0.69 -14.92 1.64 0 0.06 0.15 0 0 0 20.42 23.42 -15.54 -3.21 -11.03 32.36 -0.05 -12.89 -19 -0.06 1.54 -4.22 7.39 0.82 10.59 3.05 2.1 4.26 -1.21 1.18 -1.34 -3.2 -0.15 -3.8 8.16 -0.76 28.04 3.4 0.55 9.44 0 0 0 -86.64 9.21 5.36 10.6 -17.67 -1.65 -0 -0 9.46 24.33 20.47 8.98 -7.12 0 -0 -4.3 52.2 -0.76 0 0 0 79.41 -7.32 16.41 -18.01 28.16 -4.55 0 0 12.86 -33.43 6.78 -4.46 7.12 -0 -0 -4.85 -21.88 -2.7
-1.97 18.37 2.84 -27.98 84.57 -26.33 0 0 0 -13.88 -6.34 -13.34 9.12 16.89 56.52 -0.29 -10.95 9.85 0 0.28 0.77 0 0 0 21.43 22.1 -14.61 -3.34 -11.23 33.07 -0.42 -10.81 -20.54 -0 -0.22 0.6 8.48 0.79 11.13 3.42 2.25 4.25 -1.47 1.26 -1.6 -2.6 -0.43 -4.11 7.93 -1.19 27.81 3.17 0.39 9.45 -0 -0 0 -86.6 10.21 5.42 10.45 -17.43 -1.61 -0 -0 10.67 24.27 20.62 9.02 -7.12 0 -0 -4.4 52.35 -0.8 -0 -0 0 79.01 -6.96 16.6 -18.82 29.19 -4.94 0 0 12.55 -32.65 7.31 -4.66 7.12 -0 -0 -4.24 -21.33 -2.41
-1.74 18.36 2.93 -27.84 84.16 -26.63 0 0 0 -12.83 -5.67 -18.41 11.45 18.15 64.23 -0.07 -8.75 11.01 0.06 -1.58 -4.36 0 0 0 22.34 21.52 -13.6 -3.43 -11.36 33.52 -0.56 -10.16 -21.23 -0 -0.1 0.27 9.29 1.04 11.69 3.82 2.77 4.3 -1.58 1.52 -1.78 -2.29 -0.7 -4.35 7.93 -1.61 28 3.09 0.24 9.59 -0 -0 0 -86.94 10.85 5.22 10.31 -17.23 -1.57 -0 -0 11.52 24.36 20.57 9.04 -7.12 0 -0 -4.3 52.31 -0.77 -0 -0 0 78.24 -6.28 17.03 -19.55 30.1 -5.3 0 0 12.43 -32.21 7.78 -4.88 7.12 -0 -0 -3.88 -20.82 -2.25
-1.52 18.35 2.96 -17.56 83.7 -16.85 0 0 0 -13.37 -4.03 -23.5 13.44 18.94 70.49 -0.27 -10.31 8.77 0.09 -1.91 -5.27 0 0 0 22.01 21.54 -12.86 -3.65 -11.68 34.62 -0.68 -9.72 -21.98 -0 0.18 -0.48 9.35 1.21 12.22 3.85 3.06 4.52 -1.63 1.68 -1.81 -1.86 -0.76 -4.41 7.66 -1.68 28.33 2.93 0.24 9.73 -0 -0 0 -87.41 11.08 4.65 10.12 -16.92 -1.51 -0 -0 11.81 23 21.6 8.88 -7.12 0 -0 -6 53.16 -1.21 -0 -0 0 77.42 -5.01 17.28 -20.36 31.07 -5.71 0 0 12.23 -32.23 7.18 -4.51 7.12 -0 -0 -3.95 -21.52 -2.23
-1.36 18.32 2.96 -6.31 83.17 -5.08 0 0 0 -14.39 -2.41 -30.02 15.02 19.39 75.3 -0.43 -11.93 7.59 0.17 -2.66 -7.32 0 0 0 20.75 22.04 -13.62 -3.93 -12.06 35.95 -0.81 -9.41 -22.86 -0 0.2 -0.56 9.36 1.28 12.32 3.75 3.17 4.39 -1.76 1.71 -1.99 -1.67 -0.68 -4.4 7.28 -1.5 28.8 2.79 0.32 9.88 0 -0 0 -88.15 11.31 4.56 10.14 -16.96 -1.52 -0 -0 12.24 23.24 21.38 8.9 -7.12 0 -0 -5.68 52.97 -1.12 0 -0 0 76.57 -3.59 17.25 -21.35 32.24 -6.24 0 0 12.07 -32.95 6.38 -4.12 7.12 -0 -0 -4.55 -22.4 -2.48
-1.17 18.33 2.96 7.85 82.96 8.21 0 0 0 -16.54 -0.74 -34.18 15.75 19.56 77.49 -0.59 -13.75 7.93 0.46 -4.34 -12.03 0 0 0 19.29 22.07 -12.36 -4.14 -12.34 36.95 -0.94 -9.12 -23.8 -0.01 0.7 -1.93 8.88 1.28 13.2 3.59 3.19 4.72 -1.69 1.73 -2.14 -2.42 -0.81 -4.24 8.23 -1.8 28.83 3.24 0.21 9.89 -0 0 0 -88.49 11.25 5.94 10.18 -17.03 -1.53 -0 -0 13.03 23.1 21.39 8.84 -7.12 0 -0 -5.83 52.96 -1.14 -0 0 0 75.87 -2.69 16.91 -22.77 33.83 -7.01 0 0 10.55 -33.14 5.64 -3.67 7.12 -0 -0 -4.75 -23.26 -2.5
-0.98 18.35 2.94 13.9 82.69 14.05 0 0 0 -17.79 0.5 -38.81 15.98 19.61 78.17 -0.61 -13.9 7.73 0.51 -4.57 -12.68 0 0 0 18.68 22.15 -11.45 -4.2 -12.42 37.22 -1.04 -9.29 -24.69 -0.02 0.98 -2.7 9.04 1.18 13.44 3.77 3.12 4.9 -1.59 1.71 -2.08 -2.74 -0.94 -4.18 8.33 -1.96 29.01 3.32 0.12 9.96 -0 -0 0 -88.91 10.98 7.45 10.21 -17.07 -1.54 -0 -0 14.58 22.28 21.43 8.51 -7.12 0 -0 -6.68 52.84 -1.29 -0 -0 0 74.95 -1.9 16.64 -24.38 35.56 -7.92 0 0 9.51 -32.29 4.57 -2.88 7.12 -0 -0 -4.21 -24.58 -2.08
-0.81 18.36 2.91 16.45 82.16 16.42 0 0 0 -18.58 1.95 -43 15.64 19.54 77.17 -0.58 -13.47 6.91 0.42 -4.16 -11.53 0 0 0 18.35 21.98 -10.35 -4.1 -12.3 36.79 -1.06 -9.31 -24.93 -0.04 1.34 -3.68 9.33 1.01 14.01 3.93 3.02 4.95 -1.58 1.66 -2.34 -2.67 -1.08 -4.24 8.14 -2.11 29.55 3.25 0.06 10.18 -0 -0 0 -89.11 10.71 7.88 10.37 -17.32 -1.58 -0 -0 17.34 19.64 18.5 6.46 -7.12 0 -0 -8.37 49.35 -0.9 -0 -0 0 74.25 -1.41 16.71 -25.86 37.07 -8.81 0 0 7.65 -32.19 4.26 -2.68 7.12 -0 -0 -4.16 -24.95 -2.02
-0.64 18.39 2.86 17.44 81.78 17.36 0 0 0 -18.99 2.94 -46.56 14.81 19.34 74.65 -0.5 -12.37 4.9 0.76 -5.57 -15.54 0 0 0 18.17 22 -9.08 -3.9 -12.03 35.84 -1.11 -9.25 -25.27 -0.04 1.26 -3.48 9.71 0.79 14.36 4.14 2.86 4.98 -1.56 1.58 -2.51 -2.65 -1.25 -4.07 7.84 -2.28 29.6 3.12 -0.05 10.17 -0 -0 0 -89.2 10.32 9.18 10.43 -17.4 -1.6 -0 -0 16.61 21.76 18.33 7.16 -7.12 0 -0 -6.27 49.51 -0.7 -0 -0 0 73.37 -1.07 17.23 -27.12 38.3 -9.58 0 0 6.38 -31.39 3.16 -1.93 7.12 -0 -0 -3.64 -26.28 -1.65
-0.46 18.44 2.78 18.53 81.38 18.43 0 0 0 -18.89 3.24 -48.95 13.51 18.96 70.7 -0.36 -10.6 2.55 0.99 -6.34 -17.78 0 0 0 17.71 21.41 -7.85 -3.64 -11.66 34.56 -1.13 -8.98 -25.18 -0.07 1.71 -4.72 10.15 0.46 14.66 4.23 2.53 5.03 -1.66 1.42 -2.63 -2.79 -1.39 -3.97 7.72 -2.45 29.59 3.08 -0.16 10.16 -0 -0 0 -88.98 9.98 10.92 10.7 -17.83 -1.68 -0 -0 15.15 21.41 18.82 7.21 -7.12 0 -0 -6.74 49.97 -0.83 -0 -0 0 73.01 -0.67 17.03 -27.83 38.96 -10.02 0 0 6.78 -31.19 3.06 -1.85 7.12 -0 -0 -3.48 -26.4 -1.57
-0.28 18.49 2.71 19.38 80.75 19.46 0 0 0 -17.99 2.72 -50.31 11.73 18.27 65.12 -0.2 -7.88 1.78 0.87 -5.94 -16.61 0 0 0 17.2 21.76 -6.55 -3.36 -11.26 33.15 -1.2 -8.68 -25.54 -0.02 1 -2.75 10.19 0.17 14.84 4.24 2.18 5.02 -1.63 1.24 -2.77 -2.86 -1.52 -3.94 7.52 -2.59 29.67 3.02 -0.26 10.19 0 -0 0 -88.43 9.58 12.49 11.02 -18.33 -1.78 -0 -0 13.52 21.17 19.65 7.42 -7.12 0 -0 -7.22 50.8 -1.04 0 -0 0 72.91 -0.37 17.31 -28.03 39.14 -10.14 0 0 6.98 -33.01 3.28 -2.13 7.12 -0 -0 -4.85 -26.07 -2.23
-0.09 18.54 2.6 19.19 80.24 19.53 0 0 0 -15.35 0.35 -49.74 9.7 17.24 58.48 -0.03 -3.19 2.29 0.01 -0.7 -1.93 0 0 0 16.78 21.76 -5.36 -3.07 -10.81 31.65 -1.19 -8.71 -25.48 -0.03 1.06 -2.91 10.24 -0.19 14.72 4.35 1.71 5.06 -1.46 1.01 -2.71 -2.93 -1.62 -4.07 7.16 -2.64 29.89 2.9 -0.33 10.3 -0 -0 0 -87.94 9.11 13.29 11 -18.29 -1.78 -0 -0 14.28 23.44 19.31 8.16 -7.12 0 -0 -4.88 50.82 -0.7 -0 -0 0 72.68 -0.16 17.32 -27.94 39.06 -10.09 0 0 7.24 -32.81 4.52 -2.91 7.12 -0 -0 -4.6 -24.6 -2.27
0.11 18.59 2.49 20.19 78.99 20.56 0 0 0 -12.09 -2.71 -47.65 7.77 15.94 51.71 0.02 -2.07 4.04 0.92 -6.12 -17.15 0 0 0 15.84 22.1 -3.92 -2.8 -10.36 30.15 -1.21 -8.36 -25.35 -0.02 0.96 -2.65 9.68 -0.37 14.83 4.37 1.39 5.27 -1.08 0.87 -2.59 -3.5 -1.62 -4.04 7.11 -2.59 29.81 2.98 -0.39 10.27 0 0 0 -87.66 8.31 12.87 11.11 -18.46 -1.81 -0 -0 13.83 22.81 19.73 8.08 -7.12 0 -0 -5.63 51.16 -0.86 0 0 0 72.46 0.08 17.23 -27.62 38.76 -9.88 0 0 7.18 -32.84 4.35 -2.8 7.12 -0 -0 -4.64 -24.8 -2.27
0.32 18.64 2.35 19.67 76.68 20.23 0 0 0 -8.51 -4.93 -44.95 6.14 14.57 45.56 0.11 1.85 5.85 0.65 -5.16 -14.37 0 0 0 14.72 23.38 -2.78 -2.59 -10 28.97 -1.17 -8.28 -24.97 -0.06 1.52 -4.18 8.93 -0.14 14.97 4.09 1.56 5.47 -0.98 0.95 -2.46 -3.34 -1.69 -3.96 6.79 -2.65 29.72 2.82 -0.45 10.22 0 0 0 -86.46 8.1 15.2 11.48 -19.02 -1.93 -0 -0 11.04 21.56 18.01 6.97 -7.12 0 -0 -6.38 49.14 -0.65 0 0 0 72.65 -0 17.05 -27.16 38.33 -9.6 0 0 7.51 -32.98 4.65 -3.01 7.12 -0 -0 -4.72 -24.44 -2.35
0.55 18.69 2.17 18.12 73.63 19.29 0 0 0 -4.38 -8.14 -41.4 4.86 13.22 40.2 0.07 6.93 6.38 0.43 -4.19 -11.62 0 0 0 13.11 24.4 -2.62 -2.39 -9.63 27.79 -1.08 -7.71 -23.83 -0.14 2.38 -6.55 8.46 0.11 14.68 3.78 1.73 5.65 -1.07 1.04 -2.1 -3.22 -1.34 -3.98 6.28 -2.08 29.83 2.67 -0.24 10.22 0 0 0 -86.24 7.33 13.08 11.39 -18.89 -1.9 -0 -0 11.71 21.46 18.96 7.28 -7.12 0 -0 -6.73 50.12 -0.85 0 0 0 72.75 0.22 17.22 -26.51 37.71 -9.2 0 0 7.88 -33.12 4.12 -2.68 7.12 -0 -0 -4.87 -25.06 -2.35
0.8 18.72 1.97 18.03 69.88 19.23 0 0 0 -1.6 -10.58 -36.74 3.88 12 35.73 -0.11 11.44 6.33 0.07 -1.75 -4.82 0 0 0 10.97 25.79 -2.25 -2.3 -9.46 27.24 -1.09 -6.57 -23.13 -0.17 2.65 -7.3 7.32 0.45 15.23 3.24 2.03 5.83 -1.06 1.17 -2.2 -3.26 -0.81 -3.79 6.34 -1.37 29.94 2.77 0.07 10.18 -0 -0 0 -85.58 7.49 13.42 11.44 -18.96 -1.92 -0 -0 11.19 21.99 19.26 7.59 -7.12 0 -0 -6.3 50.52 -0.86 -0 -0 0 72.95 -0.14 17.04 -26.22 37.43 -9.02 0 0 8.34 -32.22 4.64 -2.92 7.12 -0 -0 -4.16 -24.5 -2.06
1.06 18.73 1.73 17.39 66.18 19.28 0 0 0 0.65 -12.77 -32.58 3.16 10.95 32.12 -0.12 12.85 7.33 0.06 -1.63 -4.48 0 0 0 8.46 27.19 -3.28 -2.3 -9.47 27.27 -1.1 -5.4 -22.41 -0.29 3.46 -9.57 6.35 0.59 15.03 2.77 2.01 5.95 -1.01 1.15 -2 -3.31 -0.12 -3.68 6.19 -0.41 29.86 2.81 0.47 10.07 -0 0 0 -85.12 7.75 13.68 11.48 -19.02 -1.93 -0 -0 11.19 22.23 19.26 7.68 -7.12 0 -0 -6.07 50.56 -0.83 -0 0 0 72.66 0.09 17.61 -25.91 37.12 -8.84 0 0 7.82 -34.75 3.49 -2.42 7.12 -0 -0 -6.14 -25.73 -2.88
1.34 18.71 1.45 16.56 62.87 18.94 0 0 0 1.65 -14.13 -28.78 2.69 10.18 29.56 -0.01 13.66 9.48 0.04 -1.36 -3.75 0 0 0 6.28 29.14 -3.99 -2.34 -9.54 27.5 -1.11 -4.84 -22.22 -0.36 3.83 -10.61 5.77 0.55 15.33 2.27 1.85 6.08 -1.18 1.07 -2.03 -3.48 0.42 -3.78 6.43 0.27 29.87 2.98 0.76 10.05 0 0 0 -84.2 8.06 15.07 11.54 -19.12 -1.95 -0 -0 11.44 21.6 19.57 7.56 -7.12 0 -0 -6.77 50.79 -0.97 0 0 0 73.2 -0.11 16.54 -26.43 37.63 -9.15 0 0 8.11 -31.84 4.54 -2.82 7.12 -0 -0 -3.88 -24.64 -1.91
1.61 18.65 1.14 15.16 60.16 18.32 0 0 0 2.18 -14.52 -26.01 2.4 9.65 27.85 0.35 12.26 12.75 0.07 -1.76 -4.86 0 0 0 4.2 30.03 -5.66 -2.44 -9.72 28.08 -1.16 -3.63 -21.96 -0.41 4.1 -11.35 5.06 0.41 15.33 2.26 1.55 6.37 -0.75 0.92 -1.77 -4.18 0.78 -3.78 6.81 0.71 29.46 3.26 0.9 9.87 0 -0 0 -83.59 8.07 17.27 11.67 -19.31 -1.99 -0 -0 11.26 20.68 19.82 7.29 -7.12 0 -0 -7.75 50.88 -1.13 0 -0 0 72.89 -0.31 16 -27.1 38.27 -9.56 0 0 7.72 -32.48 4.22 -2.68 7.12 -0 -0 -4.38 -24.98 -2.13
1.88 18.57 0.77 15.2 58.19 19.32 0 0 0 1.33 -15.3 -24.09 2.17 9.2 26.43 0.65 10.61 15.14 0.3 -3.51 -9.7 0 0 0 1.27 30.26 -7.83 -2.56 -9.94 28.79 -1.23 -3.04 -22.25 -0.49 4.49 -12.45 4.3 -0.21 15.53 2.07 0.63 6.49 -0.36 0.45 -1.8 -4.54 1.03 -4.22 6.34 1.17 29.34 3.19 1 9.88 0 -0 0 -83.14 7.89 18.45 11.75 -19.43 -2.02 -0 -0 11.49 20.1 19.88 7.09 -7.12 0 -0 -8.35 50.85 -1.21 0 -0 0 72.7 -0.56 15.43 -28.11 39.21 -10.19 0 0 7.27 -33.34 3.6 -2.36 7.12 -0 -0 -5.07 -25.68 -2.38
2.15 18.46 0.41 13.43 56.45 18.55 0 0 0 1.02 -15.69 -22.49 2.07 9.02 25.86 0.7 9.95 15.44 0.38 -3.97 -10.98 0 0 0 -0.33 31.51 -9.61 -2.72 -10.23 29.73 -1.27 -3.31 -22.67 -0.61 5.01 -13.93 3.63 -0.57 15.82 2.11 0.08 6.8 0.15 0.18 -1.65 -4.31 1.19 -4.37 6.17 1.35 28.98 3.09 1.06 9.76 0 -0 0 -81.84 7.58 21.82 11.74 -19.42 -2.02 -0 -0 12.09 22.16 21.01 8.31 -7.12 0 -0 -6.66 52.39 -1.22 0 -0 0 72.82 -1.11 14.73 -29.29 40.28 -10.95 0 0 6.51 -33.76 3.01 -2.01 7.12 -0 -0 -5.44 -26.36 -2.47
2.39 18.32 0 10.84 54.4 16.63 0 0 0 0.18 -14.73 -20.83 2.14 9.15 26.26 0.11 7.36 7.41 1 -6.36 -17.85 0 0 0 -1.48 32.85 -11.32 -2.9 -10.54 30.74 -1.25 -3.15 -22.48 -0.75 5.55 -15.48 3.13 -0.59 16.84 2.15 0.04 7.53 0.48 0.17 -1.41 -3.6 1.08 -4.84 6.08 1.07 28.41 2.89 0.97 9.67 -0 -0 0 -79.96 6.13 23.32 11.5 -19.05 -1.94 -0 -0 11.92 21.41 17.53 6.74 -7.12 0 -0 -6.4 48.61 -0.57 -0 -0 0 73.13 -1.4 13.75 -30.54 41.35 -11.77 0 0 6.61 -34.07 2.37 -1.6 7.12 -0 -0 -5.73 -27.1 -2.5
2.61 18.18 -0.48 8.05 52.01 14.68 0 0 0 -0.73 -12.96 -20.64 2.34 9.54 27.5 -0.08 5.08 -0.32 1.6 -7.99 -22.68 0 0 0 -3.04 34.56 -13.55 -3.04 -10.75 31.45 -1.2 -2.54 -21.72 -0.89 6 -16.78 2.72 -0.63 18.48 2.13 0.01 8.41 0.71 0.16 -1.32 -3.51 1.01 -5.38 6.61 0.78 27.09 3 0.86 9.31 -0 -0 0 -77.94 4.71 27.4 12.07 -19.91 -2.13 -0 -0 10.15 20.59 15.93 5.89 -7.12 0 -0 -6.78 46.82 -0.31 -0 -0 0 73.03 -1.22 14.02 -31.82 42.4 -12.62 0 0 6.55 -34.48 2.04 -1.4 7.12 -0 -0 -6.07 -27.49 -2.59
2.79 18.06 -1.01 9.13 49.33 15.95 0 0 0 -4.31 -10.94 -21.42 2.47 9.78 28.28 0 4.64 -6.63 1.12 -6.71 -18.86 0 0 0 -7.75 34.1 -17.76 -3.36 -11.26 33.16 -1.03 -0.81 -19.5 -1.09 6.62 -18.6 -0.11 -0.47 20.63 1.38 -0.21 9.39 1.57 0.02 -1.36 -3.72 1.16 -5.76 7.7 0.74 25.01 3.34 0.89 8.64 0 -0 0 -75.51 2.77 30.99 12.68 -20.82 -2.34 -0 -0 9.23 20.3 18.66 6.75 -7.12 0 -0 -7.78 49.63 -0.89 0 -0 0 73.23 -0.9 14.15 -33.63 43.81 -13.86 0 0 7.91 -33.98 2.93 -1.97 7.12 -0 -0 -5.61 -26.45 -2.54
2.93 17.94 -1.53 7.28 47.59 15.49 0 0 0 -5.27 -8.61 -23.76 2.63 10.07 29.19 0.24 3.64 -11.31 0.87 -5.93 -16.59 0 0 0 -10.26 33.59 -23.05 -3.86 -11.97 35.62 -0.79 -0.01 -16.84 -1.29 7.2 -20.3 -0.73 -0.43 22.46 0.82 -0.25 10.31 1.34 0.01 -1.27 -2.64 1.14 -5.69 7.85 0.55 23.07 3.12 0.86 7.99 -0 0 0 -72.06 -0.11 34.57 13.02 -21.32 -2.46 -0 -0 8.11 22.72 16.93 6.95 -7.12 0 -0 -5 48.18 -0.39 -0 0 0 74.15 -0.55 14.68 -35.24 44.98 -14.98 0 0 9.44 -34.23 3.25 -2.21 7.12 -0 -0 -5.77 -26.05 -2.66
3.02 17.82 -2.06 5.3 46.59 15.65 0 0 0 -5 -8.29 -27.2 2.96 10.63 31.03 0.5 2.4 -14.5 0.54 -4.72 -13.1 0 0 0 -12.36 31.98 -29.71 -4.57 -12.88 38.93 -0.52 0 -13.65 -0.78 5.64 -15.75 -1.29 -0.56 24.09 0.66 -0.5 10.85 1.56 -0.12 -1.46 -2.93 1 -5.95 8.01 0.36 22.23 3.19 0.74 7.77 0 -0 0 -69.44 -3.15 36.13 13.2 -21.59 -2.53 -0 -0 9.37 21.95 19.24 7.56 -7.12 0 -0 -6.34 50.49 -0.86 0 -0 0 74.39 0 15.49 -36.37 45.76 -15.78 0 0 12.32 -33.64 4.11 -2.73 7.12 -0 -0 -5.25 -25.04 -2.55
3.03 17.7 -2.53 3.92 47.01 15.4 0 0 0 -3.98 -8.91 -31.91 3.81 11.91 35.41 0.57 -0.01 -14.28 0.33 -3.67 -10.16 0 0 0 -12.7 29.7 -34.75 -5.51 -13.94 42.99 -0.34 -1.49 -11.67 -0.41 4.09 -11.33 -1.97 -0.69 26.9 0.69 -0.75 11.6 2.08 -0.24 -1.93 -3.55 0.47 -6.4 8.41 -0.34 21.33 3.36 0.38 7.59 0 -0 0 -67.01 -6.04 36.44 13.63 -22.2 -2.69 -0 -0 11.29 22.48 19.76 7.96 -7.12 0 -0 -5.96 51.13 -0.9 0 -0 0 74.93 0.53 15.83 -37.21 46.33 -16.39 0 0 15.21 -33.36 5.5 -3.61 7.12 -0 -0 -4.93 -23.4 -2.57
3.02 17.58 -2.89 2.97 46.82 15.71 0 0 0 -3.73 -7.93 -36.79 4.7 13.04 39.51 0.61 -1.9 -14.25 0.36 -3.87 -10.7 0 0 0 -12.37 27.76 -39.39 -6.52 -14.91 47.04 -0.29 -1.84 -11.07 -0.25 3.22 -8.88 -3.48 -0.23 28.69 0.75 -0.5 12.44 2.95 -0.15 -1.79 -4.38 0.05 -6.17 8.39 -0.74 19.71 3.42 0.09 7.05 0 0 0 -65.1 -9.53 37.21 13.56 -22.1 -2.66 -0 -0 10.11 23.65 22.48 9.5 -7.12 0 -0 -5.62 54.2 -1.27 0 0 0 75.29 0.78 16.63 -37.64 46.61 -16.71 0 0 15.84 -33.42 6.3 -4.14 7.12 -0 -0 -4.89 -22.45 -2.66
3.02 17.38 -3.24 1.38 46.63 15.76 0 0 0 -2.6 -7.63 -41.71 5.74 14.17 43.92 0.67 -3.39 -14.73 0.44 -4.27 -11.84 0 0 0 -9.9 23.99 -44.21 -7.72 -15.91 51.55 -0.32 -0.51 -10.84 -0.58 4.87 -13.55 -3.65 0.01 29.71 0.49 -0.22 13.07 2.69 -0.01 -1.55 -4.43 -0.15 -6.04 8.05 -0.94 19.39 3.29 -0.05 6.94 0 0 0 -63.56 -12.39 37.21 13.2 -21.57 -2.52 -0 -0 11.57 25.91 19.56 9.24 -7.12 0 -0 -2.47 51.52 -0.4 0 0 0 75.98 1.04 18.02 -36.82 46.07 -16.11 0 0 16.06 -33.88 6.14 -4.11 7.12 -0 -0 -5.24 -22.6 -2.84
3 17.19 -3.53 0.97 46.61 16.11 0 0 0 -2.21 -7.94 -45.64 6.77 15.14 48.01 0.73 -4.44 -15.22 0.36 -3.85 -10.66 0 0 0 -7.54 20.8 -47.4 -8.94 -16.77 55.87 -0.47 -0.91 -13.27 -0.26 3.29 -9.08 -4.16 0.64 31.28 0.2 0.41 13.46 2.47 0.3 -1.83 -4.33 -0.66 -5.59 8.11 -1.65 19.23 3.24 -0.38 6.85 0 0 0 -62.93 -14.93 39.3 12.86 -21.08 -2.4 -0 -0 12.05 25.54 19.63 9.12 -7.12 0 -0 -2.87 51.53 -0.46 0 0 0 76.36 0.78 19.13 -35.42 45.11 -15.11 0 0 17.99 -33.56 6.45 -4.26 7.12 -0 -0 -4.98 -22.26 -2.73
3 16.99 -3.78 1.79 46.4 17.41 0 0 0 -2.76 -8.45 -49.07 7.7 15.89 51.46 0.77 -4.98 -15.69 0.37 -3.9 -10.78 0 0 0 -6.19 17.76 -50.03 -9.86 -17.33 59.01 -0.7 -3.04 -17.14 -0.28 3.38 -9.35 -5.07 1.09 32.25 -0.37 0.71 14.01 2.27 0.44 -1.62 -4.54 -0.88 -5.62 8.41 -1.95 18.95 3.34 -0.52 6.79 -0 0 0 -62.74 -16.13 42.42 13.34 -21.79 -2.58 -0 -0 10.48 24.49 19.96 8.84 -7.12 0 -0 -4.01 51.69 -0.66 -0 0 0 76.39 0.94 21.01 -34.41 44.39 -14.4 0 0 20.73 -32.94 7.2 -4.64 7.12 -0 -0 -4.46 -21.43 -2.53
3 16.78 -4.05 1.78 46.24 18.36 0 0 0 -2.54 -9.12 -52.84 8.67 16.59 54.92 0.79 -5.5 -15.79 0.26 -3.3 -9.1 0 0 0 -5.82 15.94 -52.43 -10.04 -17.44 59.64 -1.06 -4.86 -21.79 -0.19 2.79 -7.7 -4.37 0.94 34.17 -1.09 0.6 13.85 0.96 0.48 -2.14 -4.16 -0.83 -6.05 8.21 -1.89 18.73 3.21 -0.48 6.79 0 0 0 -62.67 -16.35 46.2 14.19 -23.01 -2.9 -0 -0 9.68 22.19 20.7 8.2 -7.12 0 -0 -6.53 52.06 -1.14 0 0 0 76.29 1.07 23.49 -33.73 43.88 -13.92 0 0 22.63 -33.17 7.95 -5.17 7.12 -0 -0 -4.55 -20.52 -2.67
3 16.58 -4.27 2.17 46.37 19.29 0 0 0 -2.64 -9.7 -56.05 9.61 17.18 58.16 0.83 -5.94 -16.24 0.25 -3.22 -8.88 0 0 0 -6.78 15.12 -53.74 -10 -17.41 59.5 -1.24 -5.37 -23.57 -0.17 2.63 -7.25 -4.56 0.54 35.32 -1.56 0.04 14.33 0.73 0.24 -1.99 -4.02 -0.44 -6.25 7.76 -1.28 18.15 3.08 -0.22 6.6 0 0 0 -63.26 -15.64 48.8 15.65 -25.04 -3.49 -0 -0 8.68 22.27 20.42 8.13 -7.12 0 -0 -6.36 51.78 -1.07 0 0 0 75.19 2.11 27.3 -33.79 43.93 -13.97 0 0 22.79 -34.18 7.89 -5.33 7.12 -0 -0 -5.27 -20.49 -3.11
2.98 16.35 -4.49 2.76 46.38 19.81 0 0 0 -2.79 -10.34 -58.63 10.53 17.7 61.24 0.86 -6.5 -16.5 0.15 -2.49 -6.85 0 0 0 -8.68 14.94 -54.95 -10.34 -17.6 60.63 -1.29 -4.34 -23.38 -0.19 2.79 -7.69 -4.98 0.5 37.61 -1.46 -0.2 14.44 1.09 0.14 -2.45 -4.8 -0.29 -5.44 7.73 -0.96 17.25 3.21 -0.15 6.15 0 -0 0 -64.88 -15.38 52.1 16.91 -26.74 -4.05 -0 -0 8.66 19.6 21.43 7.41 -7.12 0 -0 -9.37 52.36 -1.71 0 -0 0 73.43 3.41 30.25 -33.68 43.85 -13.89 0 0 23.05 -33.68 8.59 -5.69 7.12 -0 -0 -4.85 -19.71 -2.94
2.96 16.14 -4.68 2.37 46.76 20 0 0 0 -2.09 -10.99 -61.46 11.38 18.12 64.02 0.86 -6.68 -16.57 0.14 -2.44 -6.72 0 0 0 -9.69 14.62 -56.91 -10.83 -17.85 62.21 -1.25 -3.86 -22.83 -0.23 3.06 -8.44 -4.49 0.18 38.91 -1.17 -0.42 14.67 1.21 0.06 -2.62 -5.39 -0.22 -4.72 7.32 -0.75 17.21 3.18 -0.13 6 -0 0 0 -66.41 -15.16 55.61 18.46 -28.74 -4.77 -0 -0 7.52 20 22.48 7.92 -7.12 0 -0 -9.35 53.5 -1.97 -0 0 0 71.61 5.05 33.57 -33.32 43.57 -13.64 0 0 23.2 -33.51 10.27 -6.73 7.12 -0 -0 -4.54 -17.74 -2.95
2.95 15.95 -4.85 2.14 46.79 20.52 0 0 0 -1.57 -11.33 -64.28 12.18 18.47 66.57 0.89 -6.97 -16.83 0.14 -2.43 -6.68 0 0 0 -10.6 14.19 -59.24 -11.31 -18.08 63.78 -1.21 -3.62 -22.4 -0.32 3.64 -10.07 -4.49 -0 39.23 -0.96 -0.6 14.96 1.49 -0.04 -2.39 -6.14 -0.07 -3.82 7.59 -0.55 17.54 3.41 -0.08 5.93 -0 -0 0 -68.3 -15.49 57.74 19.21 -29.68 -5.13 -0 -0 6.35 20.08 23.51 8.3 -7.12 0 -0 -9.69 54.58 -2.3 -0 -0 0 69.92 7.2 37.64 -32.35 42.83 -12.98 0 0 24.11 -36.43 9.45 -6.91 7.12 -0 -0 -6.67 -18.34 -4.26
2.9 15.75 -5.01 2.5 47.4 21.29 0 0 0 -1.26 -12 -66.97 12.91 18.75 68.85 0.87 -7.55 -16.66 0.11 -2.14 -5.89 0 0 0 -11.75 13.34 -61.27 -11.83 -18.32 65.46 -1.22 -3.45 -22.34 -0.44 4.27 -11.83 -4.55 -0.34 40.26 -0.76 -1.02 14.89 1.88 -0.24 -2.75 -6.69 -0.01 -3.15 7.91 -0.51 18.37 3.62 -0.08 6.07 0 0 0 -69.85 -15.88 59.39 19.61 -30.17 -5.33 -0 -0 5.26 21.04 24.42 9.04 -7.12 0 -0 -9.08 55.69 -2.4 0 0 0 68.82 9.13 41.6 -31.47 42.12 -12.39 0 0 24.19 -37.31 8.83 -6.67 7.12 -0 -0 -7.37 -18.97 -4.61
2.86 15.53 -5.15 2.93 47.71 22.04 0 0 0 -0.98 -12.61 -69.53 13.65 19 71.13 0.87 -7.77 -16.73 0.1 -2.02 -5.57 0 0 0 -12.81 12.13 -63.52 -12.45 -18.58 67.42 -1.21 -2.5 -21.8 -0.44 4.24 -11.75 -4.49 -0.57 40.76 -0.75 -1.26 15.01 1.94 -0.34 -2.75 -6.92 -0.08 -2.76 7.96 -0.62 18.66 3.68 -0.14 6.11 0 0 0 -71.03 -16.61 60.27 19.94 -30.57 -5.5 -0 -0 5.39 21.22 26.84 9.94 -7.12 0 -0 -10.03 58.19 -3.26 0 0 0 68.61 11.02 44 -30.55 41.36 -11.77 0 0 26.1 -35.36 10.32 -7.24 7.12 -0 -0 -5.82 -17.44 -3.83
2.82 15.34 -5.28 2.98 47.89 22.18 0 0 0 -0.57 -12.9 -71.47 14.32 19.21 73.17 0.87 -8.36 -16.76 0.05 -1.38 -3.78 0 0 0 -13.36 11.13 -65.26 -13.02 -18.79 69.19 -1.22 -1.16 -21.36 -0.31 3.59 -9.91 -4.47 -0.5 41.51 -0.64 -1.17 15.08 2.01 -0.29 -2.9 -6.49 -0.26 -2.48 7.33 -0.81 18.73 3.39 -0.25 6.1 -0 -0 0 -72.01 -17.33 60.56 20.24 -30.92 -5.65 -0 -0 6 24.17 26.62 11.37 -7.12 0 -0 -6.7 58.64 -2.24 -0 -0 0 68.61 12.44 46.58 -29.81 40.73 -11.28 0 0 24.53 -34.46 12.44 -8.41 7.12 -0 -0 -4.93 -15.04 -3.49
2.77 15.18 -5.37 2.65 47.85 21.64 0 0 0 -0.05 -12.7 -72.75 14.95 19.38 75.08 0.87 -8.89 -16.87 0.03 -1.17 -3.22 0 0 0 -13.33 10.53 -66.51 -13.57 -18.98 70.9 -1.23 -0.53 -21.17 -0.42 4.17 -11.55 -4.89 0.32 42.21 -0.01 -0.3 15.37 2.57 0.08 -2.8 -6.29 -0.75 -2.83 6.81 -1.39 19.42 3.16 -0.54 6.42 -0 0 0 -73.42 -18.97 61.68 20.18 -30.86 -5.62 -0 -0 5.52 26.8 23.49 11.38 -7.12 0 -0 -2.61 55.93 -0.7 -0 0 0 68.37 13.52 48.36 -28.78 39.83 -10.62 0 0 25.75 -39.86 7.82 -6.48 7.12 -0 -0 -9.3 -19.91 -5.65
2.73 14.96 -5.48 2.59 47.84 21.28 0 0 0 0.38 -12.96 -74.32 15.72 19.56 77.4 0.91 -9.26 -17.24 0.03 -1.13 -3.09 0 0 0 -13.59 9.25 -68.15 -14.21 -19.18 72.85 -1.23 0.6 -20.74 -0.58 4.89 -13.58 -4.24 0.59 42.64 -0.12 0.31 15.9 1.9 0.41 -2.38 -4.77 -1.33 -3.54 6.11 -2.16 19.48 2.63 -0.84 6.6 -0 0 0 -73.67 -20.64 62.82 20.69 -31.46 -5.89 -0 -0 6.48 28.81 25.1 13.13 -7.12 0 -0 -0.9 58.11 -0.29 -0 0 0 69.16 15 49.02 -27.51 38.66 -9.82 0 0 26.39 -39.39 8.29 -6.75 7.12 -0 -0 -8.9 -19.37 -5.51
2.7 14.74 -5.58 2.42 48.33 20.98 0 0 0 1.1 -13.46 -76.09 16.49 19.7 79.69 0.94 -9.47 -17.55 0.03 -1.08 -2.97 0 0 0 -13.61 7.76 -69.65 -14.88 -19.36 74.87 -1.25 1.48 -20.68 -0.72 5.42 -15.12 -2.71 0.69 42.41 -0.69 1.01 16.3 0.28 0.87 -1.9 -1.57 -2.03 -4.17 5.69 -3.35 19.88 1.87 -1.18 6.85 0 -0 0 -72.75 -22.55 65.97 21.07 -31.91 -6.09 -0 -0 8.04 29.13 23.83 12.69 -7.12 0 -0 -0.15 56.8 -0.04 0 -0 0 71.09 15.24 48.53 -26.63 37.82 -9.27 0 0 27.15 -39.4 9.09 -7.39 7.12 -0 -0 -8.78 -18.36 -5.63
2.66 14.52 -5.65 2.04 48.22 20.57 0 0 0 1.89 -13.25 -77.83 17.31 19.83 82.1 0.94 -10.23 -17.71 0.02 -1.01 -2.77 0 0 0 -13.72 6.89 -71.47 -15.6 -19.53 77.04 -1.28 2.37 -20.74 -0.81 5.75 -16.06 -2.65 0.84 41.91 -0.7 1.23 16.41 0.16 0.97 -1.65 -1.41 -1.96 -3.73 5.78 -3.28 19.99 1.88 -1.14 6.81 0 0 0 -72.66 -22.6 67.66 21.64 -32.57 -6.39 -0 -0 8 26.93 26.22 12.65 -7.12 0 -0 -3.42 58.86 -1.16 0 0 0 71.33 15.54 50.49 -25.89 37.1 -8.82 0 0 27.82 -39.35 9.77 -7.92 7.12 -0 -0 -8.64 -17.52 -5.7
2.62 14.32 -5.71 1.63 48.39 19.41 0 0 0 2.43 -13.11 -78.58 18.01 19.9 84.17 0.96 -10.65 -17.96 0.03 -1.11 -3.05 0 0 0 -13.51 6.07 -72.17 -16.24 -19.66 78.96 -1.32 2.99 -20.96 -0.86 5.9 -16.5 -3.19 1.32 42.01 0.05 1.68 16.71 1.08 1.11 -1.37 -1.52 -2.09 -3.79 5.45 -3.39 20.11 1.79 -1.21 6.86 0 -0 0 -73.62 -22.39 69.74 22.42 -33.45 -6.82 -0 -0 8.39 29.38 22.72 12.27 -7.12 0 -0 0.42 55.65 0.11 0 -0 0 70.61 15.73 51.97 -25.26 36.47 -8.44 0 0 29.31 -38.81 11.28 -8.94 7.12 -0 -0 -8.03 -15.71 -5.61
2.58 14.15 -5.77 1.44 48.7 18.19 0 0 0 2.73 -13.19 -78.92 18.64 19.96 86.02 0.99 -11.01 -18.21 0.03 -1.19 -3.26 0 0 0 -13.48 5.23 -72.43 -16.84 -19.76 80.74 -1.36 3.75 -21.13 -0.87 5.96 -16.66 -3.1 1.29 42.45 0.18 1.71 16.84 1.15 1.14 -1.35 -1.3 -2.19 -3.57 5.29 -3.51 20.18 1.69 -1.27 6.84 0 0 0 -73.82 -21.77 71.63 22.99 -34.07 -7.13 -0 -0 5.3 29.51 26.08 13.97 -7.12 0 -0 -0.41 59.33 -0.14 0 0 0 70.66 15.54 53.19 -24.67 35.87 -8.1 0 0 32.39 -40.06 12.26 -10.13 7.12 -0 -0 -8.7 -14.25 -6.37
2.55 13.95 -5.82 0.19 48.98 16.5 0 0 0 3.84 -12.81 -79.87 19.35 19.99 88.1 0.99 -11.37 -18.3 0.04 -1.35 -3.71 0 0 0 -12.78 4.64 -73.12 -17.46 -19.85 82.57 -1.37 4.4 -21.12 -0.93 6.14 -17.18 -2.11 0.99 42.46 -0.04 1.71 16.89 0.41 1.2 -1.28 -0.77 -2.33 -3.5 5.53 -3.8 20.38 1.66 -1.34 6.9 0 0 0 -73.56 -20.59 71.19 23.58 -34.72 -7.47 -0 -0 4.46 33.62 21.31 13.59 -7.12 0 -0 5.35 55 1.32 0 0 0 71.23 15.01 54.66 -24.5 35.69 -8 0 0 36.48 -42.28 11.16 -9.98 7.12 -0 -0 -10.37 -15.21 -7.41
2.5 13.77 -5.85 0 48.7 15.24 0 0 0 3.93 -12.16 -80.12 20 20 89.99 1.03 -11.43 -18.62 0.09 -1.92 -5.28 0 0 0 -12.98 4.54 -73.6 -18.11 -19.91 84.47 -1.36 4.95 -20.98 -0.96 6.25 -17.5 -2.24 1.19 42.98 -0.34 1.87 16.86 0.1 1.3 -1.45 -0.06 -2.48 -3.6 5.43 -4.06 20.57 1.49 -1.42 6.97 0 0 0 -73.08 -18.88 70.48 24.36 -35.54 -7.91 -0 -0 2.98 33.64 26.79 16.7 -7.12 0 -0 4.35 61.16 1.72 0 0 0 71.79 14.42 56.36 -24.26 35.44 -7.86 0 0 38.28 -45.43 11.64 -11.57 7.12 -0 -0 -12.34 -13.89 -9.24
2.44 13.58 -5.88 -0.25 48.79 13.88 0 0 0 4.22 -11.76 -80.42 20.63 19.99 91.83 1.01 -11.87 -18.58 0.1 -2 -5.5 0 0 0 -13 4.16 -73.84 -18.74 -19.96 86.31 -1.34 5.58 -20.77 -1.01 6.39 -17.93 -3.58 0.87 43.38 0.45 1.04 16.89 1.91 0.78 -1.52 -3.5 -1.67 -3.29 5.86 -2.71 20.26 2.31 -1.02 6.82 -0 0 0 -75.07 -16.34 66.04 25.19 -36.4 -8.4 -0 -0 6.24 39.52 16.07 12.87 -7.12 0 -0 11.86 50.09 1.51 -0 0 0 69.61 14.69 60.87 -24.43 35.61 -7.95 0 0 37.62 -46.81 10.62 -11.11 7.12 -0 -0 -13.45 -14.94 -9.8
2.38 13.36 -5.88 -0.42 49.17 12.9 0 0 0 4.93 -11.8 -81.13 21.32 19.96 93.86 0.99 -12.34 -18.52 0.07 -1.73 -4.76 0 0 0 -13.13 3.49 -74.47 -19.49 -19.99 88.52 -1.34 6.53 -20.7 -0.91 6.08 -17 -4.69 0.81 43.11 1.38 0.66 17.15 3.61 0.46 -1.15 -6.27 -1.36 -3.76 6.06 -2.05 20.43 2.89 -0.88 6.95 -0 0 0 -76.67 -14.95 63.72 26.16 -37.36 -8.98 -0 -0 7.71 39.52 16.54 13.22 -7.12 0 -0 11.89 50.66 1.68 -0 0 0 68.02 14.63 62.67 -24.6 35.79 -8.05 0 0 36.53 -48.32 10.41 -11.47 7.12 -0 -0 -14.47 -14.86 -10.62
2.32 13.18 -5.9 -0.7 49.33 11.65 0 0 0 5.41 -11.53 -81.49 21.91 19.91 95.59 0.95 -12.78 -18.35 0.06 -1.6 -4.39 0 0 0 -13.2 3.21 -74.75 -20.13 -20 90.37 -1.35 7.32 -20.8 -0.84 5.86 -16.38 -4.28 0.87 43.2 1.07 0.85 17.06 2.99 0.61 -1.29 -5.32 -1.61 -3.49 6 -2.48 20.55 2.68 -1.02 6.96 0 -0 0 -75.03 -13.45 64.37 27.55 -38.7 -9.84 -0 -0 7.38 38.31 19.96 15.09 -7.12 0 -0 10.69 54.49 2.51 0 -0 0 69.17 13.39 62.21 -24.55 35.74 -8.02 0 0 36.43 -50.65 9.38 -11.24 7.12 -0 -0 -16.2 -15.75 -11.68
2.27 12.92 -5.95 -1.11 48.97 10.6 0 0 0 6.14 -11.02 -82.71 22.69 19.83 97.88 0.98 -12.84 -18.6 0.09 -1.88 -5.18 0 0 0 -13.47 2.91 -76.13 -20.82 -19.98 92.4 -1.28 7.7 -20.22 -0.87 5.96 -16.66 -4.27 0.84 42.85 1.21 0.83 17.13 3.15 0.58 -1.12 -5.85 -1.52 -3.45 5.64 -2.24 20.5 2.67 -0.98 6.93 0 -0 0 -74.52 -11.77 64.56 29.27 -40.26 -10.94 -0 -0 6.33 37.88 19.5 14.56 -7.12 0 -0 10.2 53.86 2.24 0 -0 0 68.44 12.88 63.1 -24.96 36.16 -8.27 0 0 35.44 -51.66 8.57 -10.67 7.12 -0 -0 -17.06 -16.68 -11.99
2.23 12.73 -5.99 -1.25 48.67 8.89 0 0 0 6.29 -10.68 -82.33 23.31 19.74 99.72 1.01 -13.22 -18.92 0.09 -1.92 -5.29 0 0 0 -13.65 2.68 -75.97 -21.39 -19.95 94.06 -1.27 8.38 -20.14 -0.96 6.24 -17.49 -4.6 1.85 42.94 1.89 1.96 17.32 3.63 1.07 -1.04 -4.95 -2.14 -3.28 5.08 -3.05 20.66 2.28 -1.33 6.98 0 0 0 -73.74 -10.73 67.72 31.34 -42.01 -12.3 -0 -0 3.63 37.69 19.26 14.3 -7.12 0 -0 9.99 53.53 2.11 0 0 0 68.3 11.13 61.43 -25.2 36.41 -8.41 0 0 35.24 -53.35 7.34 -9.75 7.12 -0 -0 -18.47 -18.12 -12.47
2.17 12.51 -6.02 -1.64 48.92 7.09 0 0 0 6.85 -10.71 -82.42 23.91 19.63 101.5 1.05 -13.03 -19.18 0.16 -2.58 -7.12 0 0 0 -13.62 2 -76 -22.06 -19.9 96.02 -1.27 9.18 -20.21 -0.9 6.06 -16.96 -3.52 2.8 43.3 1.82 3.49 17.3 2.44 1.9 -1.24 -0.84 -3.45 -3.28 4.35 -5.08 20.78 1.21 -2.03 7.01 -0 -0 0 -71.09 -10.85 72.57 33.15 -43.45 -13.53 -0 -0 0.93 37.29 19.53 14.28 -7.12 0 -0 9.54 53.75 2.07 -0 -0 0 70.32 8.45 57.32 -25.68 36.89 -8.69 0 0 36.92 -54.38 8.83 -12.1 7.12 -0 -0 -18.69 -15.53 -13.77
2.1 12.29 -6.06 -1.54 49.13 5.52 0 0 0 7.03 -10.75 -82.4 24.5 19.51 103.25 1.07 -12.93 -19.3 0.21 -2.93 -8.08 0 0 0 -13.97 1.26 -75.97 -22.7 -19.82 97.91 -1.26 9.76 -20.23 -0.99 6.32 -17.71 -6.1 1.93 44.21 3.42 1.6 17.53 6.15 0.71 -1.17 -8.34 -1.8 -3.97 5.08 -2.21 21.31 2.92 -1.18 7.32 -0 0 0 -75.26 -6.67 66.91 35.56 -45.21 -15.21 -0 -0 0.47 36.15 19.49 13.7 -7.12 0 -0 8.3 53.46 1.74 -0 0 0 64.38 9.51 64.14 -27.26 38.43 -9.66 0 0 34.05 -55.79 9.68 -13.89 7.12 -0 -0 -19.3 -13.73 -15.06
2.04 12.07 -6.12 -1.43 49.14 3.96 0 0 0 7.15 -10.87 -82.31 25.1 19.36 105.07 1.07 -13.12 -19.36 0.21 -2.95 -8.14 0 0 0 -14.48 0.57 -75.9 -23.26 -19.74 99.58 -1.25 10.55 -20.21 -1.02 6.41 -17.99 -5.46 2.4 44.59 3.16 2.37 17.4 5.23 1.16 -1.49 -5.61 -2.59 -3.44 4.54 -3.49 21.41 2.19 -1.62 7.28 -0 0 0 -73.07 -5.37 69.72 37.99 -46.83 -16.96 -0 0 -1.11 36.74 22.37 15.86 -7.12 0 -0 8.81 56.94 2.59 -0 0 0 64.8 6.47 63.28 -29.46 40.43 -11.06 0 0 32.23 -55.06 15.55 -20.99 7.12 -0 -0 -17.23 -5.02 -16.43
1.98 11.87 -6.17 -1.7 49.24 2.03 0 0 0 7.51 -10.79 -82.06 25.62 19.23 106.63 1 -13.63 -18.99 0.17 -2.63 -7.25 0 0 0 -14.63 0.07 -75.66 -23.81 -19.65 101.21 -1.24 11.05 -20.2 -1.07 6.58 -18.47 -5.38 2.39 45.25 3.18 2.36 17.34 5.2 1.18 -1.72 -5.54 -2.72 -3.32 4.55 -3.68 21.64 2.17 -1.7 7.35 -0 0 0 -72.12 -3.49 70.18 40.49 -48.36 -18.8 -0 0 -2.41 36.44 22.64 15.87 -7.12 0 -0 8.43 57.18 2.53 -0 0 0 64.02 4.6 64.28 -31.89 42.46 -12.67 0 0 30.32 -55.17 15.33 -20.8 7.12 -0 -0 -17.35 -5.3 -16.47
1.93 11.68 -6.22 -1.82 49.68 -0.29 0 0 0 7.32 -11.02 -81.32 26.08 19.09 108.04 0.99 -13.74 -18.89 0.2 -2.85 -7.87 0 0 0 -14.97 -0.85 -74.6 -24.26 -19.56 102.54 -1.18 12.03 -19.95 -1.12 6.74 -18.93 -4.94 1.67 46.77 3.1 1.66 17.13 5.14 0.89 -2.22 -6.47 -2.46 -3.23 4.51 -3.21 21.96 2.35 -1.56 7.43 0 0 0 -71.8 -1.15 69.9 42.9 -49.7 -20.63 -0 0 -2.88 35.9 23.01 15.8 -7.12 0 -0 7.76 57.48 2.38 0 0 0 63 3.23 65.56 -33.69 43.85 -13.9 0 0 28.33 -54.94 16.4 -21.92 7.12 -0 -0 -16.93 -3.82 -16.51
1.87 11.52 -6.27 -1.68 49.86 -2.15 0 0 0 7.21 -11.23 -80.5 26.47 18.97 109.23 0.96 -13.93 -18.76 0.18 -2.74 -7.55 0 0 0 -15.41 -1.37 -73.8 -24.66 -19.47 103.74 -1.09 12.82 -19.4 -1.05 6.51 -18.26 -4.55 1.51 48.9 2.73 1.49 15.92 4.46 0.88 -2.75 -5.91 -2.35 -3.02 4.86 -3.21 22.07 2.37 -1.48 7.42 0 -0 0 -70.29 0.01 70.89 44.62 -50.58 -21.94 -0 0 -4.41 35.18 22.57 15.14 -7.12 0 -0 6.96 56.8 2.02 0 -0 0 63.6 1.47 66 -34.75 44.63 -14.63 0 0 26.06 -56.5 14.59 -20.84 7.12 -0 -0 -18.31 -5.76 -17.31
1.8 11.35 -6.32 -1.37 49.89 -3.59 0 0 0 7.02 -11.33 -79.96 26.82 18.85 110.31 0.93 -14.1 -18.58 0.17 -2.63 -7.24 0 0 0 -16.06 -1.7 -73.33 -25 -19.39 104.76 -0.99 13.58 -18.88 -1 6.35 -17.82 -4.45 1.21 49.38 2.31 1.14 15.85 4.09 0.76 -2.85 -5.68 -2.26 -2.93 4.81 -3.11 21.97 2.33 -1.43 7.36 0 -0 0 -69.05 1.3 70.94 47.24 -51.82 -23.99 -0 0 -7.66 32.06 21.61 12.99 -7.12 0 -0 3.57 55 0.88 0 -0 0 64 0.06 66.41 -35.85 45.41 -15.41 0 0 24.14 -58 14.72 -22.14 7.12 -0 -0 -19.11 -4.78 -18.54
1.79 11.21 -6.39 -1.93 49.32 -5.04 0 0 0 7.44 -10.62 -80.14 27.18 18.72 111.44 0.89 -14.27 -18.27 0.14 -2.41 -6.63 0 0 0 -16.08 -1.49 -73.48 -25.23 -19.33 105.44 -0.9 14 -18.29 -0.97 6.28 -17.61 -3.33 0.63 48.68 1.56 0.9 15.95 2.86 0.75 -2.62 -5.17 -2.22 -3.17 4.91 -3.12 21.99 2.27 -1.38 7.4 0 -0 0 -67.55 2.38 71.83 49.19 -52.66 -25.53 -0 0 -10.08 31.4 22.31 13.04 -7.12 0 -0 2.72 55.63 0.71 0 -0 0 64.8 -1.09 66.76 -36.8 46.05 -16.09 0 0 22.45 -58.97 15.34 -23.74 7.12 -0 -0 -19.47 -3.27 -19.51
1.61 11.12 -6.44 -3.08 51.65 -9.18 0 0 0 7.76 -13 -77.99 27.17 18.72 111.41 0.77 -14.26 -17.39 0.17 -2.64 -7.28 0 0 0 -15.6 -3.02 -70.08 -25.47 -19.27 106.18 -0.94 14.19 -18.65 -0.95 6.2 -17.37 -2.73 -0.45 52.44 1.66 -0.03 15.24 3.01 0.39 -3.8 -5 -2 -2.83 5.35 -2.94 21.54 2.4 -1.26 7.18 0 -0 0 -66.23 3.22 72.59 50.25 -53.09 -26.37 -0 0 -12.78 30.49 23.5 13.21 -7.12 0 -0 1.45 56.75 0.42 0 -0 0 65.33 -1.87 67.58 -37.79 46.7 -16.81 0 0 21.22 -59.04 15.04 -23.4 7.12 -0 -0 -19.6 -3.7 -19.49
1.54 11.01 -6.52 -3.75 51.83 -12.22 0 0 0 7.72 -13.45 -76.35 27.35 18.65 111.96 0.74 -14.17 -17.1 0.17 -2.63 -7.25 0 0 0 -15.52 -3.28 -68.24 -25.59 -19.23 106.56 -0.87 14.71 -18.28 -1 6.36 -17.82 -2.04 -1.21 53.92 1.11 -0.59 15.18 2.31 0.22 -3.99 -4.88 -1.86 -3.09 5.67 -2.83 21.38 2.48 -1.17 7.17 0 -0 0 -64.98 3.93 72.78 51.58 -53.61 -27.44 -0 0 -14.92 30.26 22.82 12.75 -7.12 0 -0 1.35 55.95 0.36 0 -0 0 65.49 -2.22 68.24 -38.85 47.38 -17.59 0 0 20.39 -58.71 15.24 -23.39 7.12 -0 -0 -19.35 -3.58 -19.26
1.47 10.93 -6.61 -4.62 51.85 -15.75 0 0 0 7.62 -13.86 -73.94 27.53 18.58 112.52 0.75 -14.21 -17.16 0.18 -2.7 -7.46 0 0 0 -15.19 -3.17 -65.78 -25.69 -19.21 106.85 -0.83 15.25 -18.22 -0.99 6.33 -17.76 -1.53 -1.86 55.46 0.6 -1.05 15.3 1.7 0.1 -3.97 -4.52 -1.7 -3.17 5.8 -2.67 20.62 2.47 -1.07 6.93 -0 -0 0 -64.07 3.79 72.6 51.3 -53.51 -27.22 -0 0 -16.57 30.28 24.91 13.82 -7.12 0 -0 0.84 58.25 0.27 -0 -0 0 65.54 -2.12 69.19 -40.03 48.09 -18.46 0 0 19.66 -58.04 14.33 -21.64 7.12 -0 -0 -19.25 -5.38 -18.45
1.54 10.7 -6.57 -1.96 46.41 -7.49 0 0 0 8.86 -6.33 -81.05 28.24 18.29 114.79 0.71 -15.31 -17.3 0.18 -2.71 -7.47 0 0 0 -16.68 0.92 -76.35 -26.29 -19.02 108.68 -0.68 14.83 -16.84 -1.02 6.42 -18.02 -4.32 0.84 40.44 -0.27 0.83 17.88 1.65 0.66 0.43 -4.59 -1.61 -3.38 5.94 -2.56 20.22 2.53 -1.02 6.83 -0 0 0 -65.44 2.27 70.43 47.72 -52.03 -24.36 -0 0 -22.3 27.88 27.45 13.7 -7.12 0 -0 -2.83 60.4 -1.06 -0 0 0 65.03 -2.02 70.83 -41.15 48.73 -19.3 0 0 18.88 -57.6 12.32 -18.59 7.12 -0 -0 -19.58 -8.77 -17.45
1.47 10.6 -6.64 -1.83 46.02 -9 0 0 0 8.74 -5.83 -80.12 28.39 18.22 115.25 0.69 -15.33 -17.15 0.22 -3 -8.28 0 0 0 -16.83 1.23 -75.64 -26.41 -18.98 109.06 -0.6 15.35 -16.44 -0.97 6.26 -17.54 -4.77 0.86 40.51 -0.67 0.63 17.61 1.52 0.55 0.13 -4.56 -1.51 -3.59 6.25 -2.5 19.94 2.62 -0.97 6.77 0 -0 0 -67.41 1.05 68.23 42.78 -49.63 -20.53 -0 0 -22.11 28.26 28.08 14.2 -7.12 0 -0 -2.66 61.17 -1.05 0 -0 0 64.53 -2.18 72.29 -42.18 49.31 -20.08 0 0 18.01 -56.17 12.35 -17.7 7.12 -0 -0 -18.75 -9.37 -16.38
1.39 10.49 -6.7 -1.81 45.69 -10.55 0 0 0 8.91 -5.29 -79.35 28.54 18.15 115.73 0.57 -16.08 -16.44 0.18 -2.7 -7.45 0 0 0 -16.86 1.38 -75.23 -26.58 -18.93 109.59 -0.47 15.95 -15.56 -0.86 5.92 -16.55 -5.06 0.69 40.26 -1.36 0.27 17.48 1.07 0.4 0.08 -5.03 -1.62 -4.04 7.39 -2.79 19.48 3.04 -1.06 6.74 0 0 0 -67.85 0.95 66.03 40.19 -48.18 -18.58 -0 0 -23.86 28.38 27.22 13.88 -7.12 0 -0 -2.16 60.27 -0.8 0 0 0 64.75 -1.92 73.58 -43.2 49.85 -20.85 0 0 16.99 -55.07 12.87 -17.69 7.12 -0 -0 -17.97 -9.04 -15.74
1.3 10.4 -6.75 -1.7 45.51 -12.1 0 0 0 8.89 -4.81 -78.32 28.61 18.12 115.95 0.47 -16.45 -15.87 0.15 -2.46 -6.77 0 0 0 -16.83 1.59 -74.53 -26.72 -18.88 110.02 -0.41 16.12 -15.13 -0.87 5.94 -16.6 -5.64 0.87 39.77 -1.65 0.28 17.42 1.06 0.37 0.18 -4.61 -1.71 -3.71 6.74 -2.83 18.39 2.75 -1.11 6.33 0 -0 0 -67.09 1.09 66.19 38.87 -47.38 -17.6 -0 0 -27.59 27.57 27.05 13.36 -7.12 0 -0 -3.03 59.9 -1.1 0 -0 0 64.46 -2.03 74.11 -44.65 50.6 -21.97 0 0 14.74 -52.62 14.19 -17.78 7.12 -0 -0 -16.18 -8.08 -14.34
1.21 10.33 -6.79 -2.58 45.09 -14.62 0 0 0 9.74 -3.96 -76.96 28.66 18.1 116.11 0.33 -17.17 -15.04 0.11 -2.17 -5.97 0 0 0 -15.83 2.36 -73.22 -26.76 -18.87 110.13 -0.36 16.06 -14.72 -0.79 5.67 -15.83 -5.21 0.94 39.82 -1.73 0.45 17.11 0.7 0.49 -0.2 -5.75 -1.87 -3.8 7.33 -3.03 18.71 3.12 -1.24 6.48 0 0 0 -66.13 1.41 66.32 38.3 -47.03 -17.18 -0 0 -28.18 26.78 28.84 13.69 -7.12 0 -0 -4.76 61.59 -1.93 0 0 0 64.58 -2.84 74.26 -45.28 50.91 -22.46 0 0 14.48 -51.45 14.71 -17.68 7.12 -0 -0 -15.35 -7.78 -13.65
1.13 10.29 -6.84 -0.8 45.46 -14.85 0 0 0 8.14 -4.52 -75.59 28.59 18.13 115.89 0.34 -16.78 -14.9 0.1 -2.01 -5.52 0 0 0 -17.24 1.92 -72.28 -26.78 -18.86 110.2 -0.22 16.69 -13.79 -0.7 5.36 -14.93 -5.72 0.84 39.48 -2.6 0.09 16.72 0.16 0.34 -0.5 -6.59 -1.97 -4.13 7.96 -3.2 19.36 3.47 -1.32 6.78 0 -0 0 -64.65 1.67 66.95 38.12 -46.92 -17.05 -0 0 -29.9 22.04 28.56 10.96 -7.12 0 -0 -10.06 60.12 -3.73 0 -0 0 65.08 -3.43 74.79 -45.54 51.03 -22.66 0 0 14.21 -50.1 13.79 -15.91 7.12 -0 -0 -14.77 -9.58 -12.54
1.06 10.23 -6.89 -0.87 45.41 -16.27 0 0 0 8.21 -4.25 -74.67 28.6 18.13 115.92 0.27 -16.88 -14.37 0.1 -2.05 -5.63 0 0 0 -17.06 2.29 -71.43 -26.82 -18.85 110.32 -0.18 16.39 -13.22 -0.62 5.04 -14.03 -6.24 1.37 38.18 -1.78 0.68 16.76 1.13 0.53 -0.07 -6.21 -2.5 -3.98 5.89 -3.58 18.42 2.69 -1.64 6.45 0 -0 0 -65.37 0.89 67.31 36.98 -46.18 -16.23 -0 0 -28.55 20.37 27.28 9.66 -7.12 0 -0 -11.18 58.45 -3.71 0 -0 0 63.7 -3.84 74.64 -45.94 51.22 -22.97 0 0 13.27 -49.12 14.89 -16.54 7.12 -0 -0 -13.91 -8.38 -12.11
0.98 10.18 -6.93 -0.85 45.4 -18.15 0 0 0 8.08 -3.95 -73.12 28.6 18.13 115.93 0.22 -17.05 -14.02 0.1 -2.06 -5.68 0 0 0 -16.88 2.56 -70 -26.86 -18.83 110.43 -0.15 16.2 -12.86 -0.61 5.01 -13.93 -6.05 1.49 38.1 -1.79 0.84 16.38 0.96 0.63 -0.48 -6.75 -2.41 -4.35 6.51 -3.5 18.4 2.98 -1.59 6.52 -0 -0 0 -65.21 1.29 67.27 36.34 -45.75 -15.77 -0 0 -28.15 18.32 27.89 8.8 -7.12 0 -0 -13.73 58.59 -4.62 -0 -0 0 63.52 -4.48 74.85 -45.88 51.19 -22.92 0 0 13.15 -45.35 18.39 -17.71 7.12 -0 -0 -10.83 -5.04 -10.02
0.92 10.12 -6.98 -0.95 45.26 -19.77 0 0 0 8.17 -3.44 -72.05 28.64 18.1 116.07 0.15 -17.28 -13.5 0.12 -2.2 -6.07 0 0 0 -16.66 3.14 -69 -26.9 -18.82 110.56 -0.13 15.72 -12.34 -0.69 5.32 -14.82 -5.93 1.54 37.6 -1.62 0.93 16.04 1.05 0.67 -0.71 -7.31 -2.4 -4.7 6.63 -3.42 17.83 3.11 -1.58 6.41 -0 0 0 -65.48 1.71 67.22 35.8 -45.37 -15.38 -0 0 -27.98 17.73 27.53 8.41 -7.12 0 -0 -14.15 58.1 -4.6 -0 0 0 62.71 -4.73 75.45 -45.43 50.98 -22.57 0 0 13.79 -46.75 16.28 -16.59 7.12 -0 -0 -12.15 -7.32 -10.75
0.88 10.06 -7.01 -1.08 45.06 -21.11 0 0 0 8.33 -2.74 -71.24 28.71 18.08 116.27 0.07 -17.58 -12.97 0.12 -2.22 -6.12 0 0 0 -16.47 3.69 -68.28 -26.97 -18.79 110.77 -0.09 15.42 -11.8 -0.68 5.26 -14.66 -5.27 1.27 36.81 -1.98 0.76 15.56 0.42 0.62 -1.14 -7.47 -2.41 -5.13 7.01 -3.46 18.04 3.26 -1.57 6.56 0 -0 0 -65.04 2.83 67.36 35.54 -45.19 -15.19 -0 0 -27.6 16.98 28.05 8.17 -7.12 0 -0 -15.25 58.45 -5.09 0 -0 0 62.92 -5.22 76.15 -44.29 50.41 -21.69 0 0 16.16 -48.41 13.43 -14.67 7.12 -0 -0 -13.82 -10.63 -11.38
0.85 10.02 -7.04 -0.96 44.89 -22.47 0 0 0 8.23 -2.05 -70.11 28.75 18.06 116.41 -0.02 -17.86 -12.35 0.08 -1.8 -4.95 0 0 0 -16.39 4.23 -67.18 -27 -18.78 110.89 -0.09 15.13 -11.64 -0.66 5.21 -14.51 -5.15 1.28 35.93 -1.87 0.83 15.37 0.47 0.65 -1.07 -7.36 -2.47 -5.61 6.39 -3.44 17.94 3.03 -1.59 6.6 0 0 0 -65.87 3.51 66.7 34.93 -44.76 -14.77 -0 0 -25.95 16.14 29.09 8.01 -7.12 0 -0 -16.82 59.26 -5.96 0 0 0 62.79 -5.37 75.57 -43.44 49.98 -21.04 0 0 15.26 -46.26 16.01 -16.08 7.12 -0 -0 -11.91 -7.83 -10.41
0.82 9.98 -7.08 -0.68 45.1 -23.36 0 0 0 7.77 -2.01 -69.3 28.77 18.04 116.48 -0.06 -17.65 -11.86 0.06 -1.63 -4.48 0 0 0 -16.71 4.41 -66.36 -27.05 -18.77 111.02 -0.07 14.8 -11.12 -0.57 4.82 -13.41 -5.22 1.27 34.98 -1.58 0.81 15.05 0.83 0.6 -1.1 -7.86 -2.68 -5.4 6.48 -3.68 17.28 3.12 -1.74 6.38 0 0 0 -66.81 3.93 66.78 34.2 -44.23 -14.25 -0 0 -25.1 16.18 30.19 8.3 -7.12 0 -0 -17.55 60.32 -6.68 0 0 0 62.46 -5.71 75.6 -42.14 49.29 -20.05 0 0 17.4 -47.23 14.04 -14.7 7.12 -0 -0 -12.95 -10.16 -10.75
0.79 9.95 -7.1 -0.86 44.98 -24.81 0 0 0 7.98 -1.36 -68.29 28.82 18.02 116.62 -0.14 -18.08 -11.34 0.06 -1.64 -4.5 0 0 0 -16.29 5.02 -65.29 -27.1 -18.75 111.17 -0.11 14.2 -11.22 -0.65 5.16 -14.37 -4.76 1.2 34.48 -1.54 0.85 14.74 0.62 0.64 -1.28 -7.97 -2.81 -5.61 6.7 -3.85 16.83 3.19 -1.82 6.3 0 -0 0 -67.14 4.52 66.72 33.63 -43.81 -13.85 -0 0 -24.63 16.16 29.88 8.22 -7.12 0 -0 -17.35 60.03 -6.48 0 -0 0 63.4 -6.14 74.35 -41.18 48.75 -19.32 0 0 16.62 -43.6 18.38 -16.72 7.12 -0 -0 -9.77 -5.63 -8.9
0.77 9.93 -7.13 -0.82 44.83 -25.88 0 0 0 7.99 -0.91 -67.31 28.85 18.01 116.72 -0.2 -18.31 -10.97 0.07 -1.77 -4.86 0 0 0 -16.05 5.88 -64.31 -27.11 -18.74 111.23 -0.16 13.52 -11.32 -0.72 5.43 -15.13 -4.37 1.06 33.71 -1.51 0.8 14.46 0.48 0.62 -1.31 -7.87 -2.85 -5.62 6.37 -3.86 16.08 3.06 -1.84 6.06 0 -0 0 -67.95 5.19 66.02 32.88 -43.24 -13.34 -0 0 -23.76 16.23 30.45 8.39 -7.12 0 -0 -17.69 60.59 -6.85 0 -0 0 64.26 -6.83 73.59 -39.96 48.05 -18.41 0 0 16.93 -40.56 20.37 -16.59 7.12 -0 -0 -7.5 -4.13 -7
0.74 9.9 -7.15 -0.68 45.07 -26.96 0 0 0 7.79 -1.03 -66.35 28.88 17.99 116.84 -0.23 -18.25 -10.63 0.08 -1.82 -5.01 0 0 0 -16.03 6.05 -63.38 -27.19 -18.71 111.46 -0.2 13.07 -11.5 -0.79 5.69 -15.88 -4.13 0.92 33.25 -1.48 0.69 14.21 0.42 0.57 -1.43 -8.22 -2.95 -6 6.68 -3.97 15.86 3.2 -1.89 6.08 -0 0 0 -68.7 5.74 65.28 32.14 -42.66 -12.83 -0 0 -22.61 15.32 30.43 7.9 -7.12 0 -0 -18.65 60.34 -7.13 -0 0 0 64.97 -7.54 72.83 -38.94 47.43 -17.65 0 0 16.35 -41.28 19.55 -16.37 7.12 -0 -0 -8.11 -4.91 -7.47
0.72 9.88 -7.17 -0.84 44.94 -28.14 0 0 0 7.99 -0.82 -65.48 28.92 17.97 116.97 -0.27 -18.27 -10.22 0.09 -1.88 -5.18 0 0 0 -15.54 6.64 -62.56 -27.24 -18.7 111.61 -0.25 12.26 -11.67 -0.79 5.69 -15.88 -3.68 0.83 32.38 -1.35 0.72 14.24 0.38 0.59 -1.41 -8.34 -3.12 -6.49 6.64 -4.15 15.72 3.19 -1.98 6.13 -0 0 0 -69.44 6.3 64.55 31.57 -42.2 -12.45 -0 0 -21.65 15.58 31.1 8.2 -7.12 0 -0 -18.89 61.04 -7.53 -0 0 0 65.4 -8.33 71.74 -38.19 46.96 -17.11 0 0 15.71 -40.81 19.73 -16.26 7.12 -0 -0 -7.79 -4.82 -7.17
0.7 9.85 -7.17 -0.89 44.74 -29.07 0 0 0 8.21 -0.47 -64.73 28.98 17.95 117.14 -0.29 -18.25 -9.96 0.12 -2.21 -6.08 0 0 0 -15.02 7.2 -61.97 -27.32 -18.66 111.88 -0.29 11.17 -11.65 -0.7 5.34 -14.89 -3.52 0.78 31.53 -1.19 0.72 14.03 0.47 0.57 -1.29 -8.11 -3.2 -6.71 6.25 -4.21 15.54 3.02 -2.02 6.11 -0 0 0 -70.24 6.88 63.62 30.92 -41.67 -12.02 -0 0 -20.77 15.13 31.37 8.01 -7.12 0 -0 -19.58 61.18 -7.89 -0 0 0 65.61 -8.75 71.32 -37.37 46.43 -16.51 0 0 14.78 -40.28 17.79 -14.52 7.12 -0 -0 -7.84 -7.34 -6.84
0.69 9.82 -7.17 -0.41 44.84 -29.41 0 0 0 7.79 -0.42 -64.33 29.06 17.9 117.42 -0.27 -17.71 -9.7 0.13 -2.31 -6.35 0 0 0 -15.13 7.1 -62.04 -27.49 -18.6 112.42 -0.29 10.34 -11.25 -0.61 5 -13.9 -3.42 0.69 30.9 -1.42 0.6 13.58 0.2 0.51 -1.54 -7.06 -3.64 -6.03 5.15 -4.79 14.76 2.46 -2.34 5.74 0 -0 0 -70.36 7.72 63.11 30.53 -41.34 -11.76 -0 0 -20.03 15.41 31.95 8.3 -7.12 0 -0 -19.76 61.8 -8.25 0 -0 0 66.22 -9.44 70.91 -36.43 45.81 -15.83 0 0 14.02 -40.77 17.89 -14.84 7.12 -0 -0 -8.13 -7.09 -7.14
0.66 9.88 -7.21 -0.45 44.62 -30.29 0 0 0 7.63 -0.25 -63.36 28.98 17.94 117.16 -0.29 -17.04 -8.91 0.06 -1.59 -4.36 0 0 0 -14 7.27 -61.97 -27.6 -18.56 112.74 -0.34 7.71 -10.98 -0.59 4.92 -13.68 -3.25 0.61 30.31 -1.31 0.53 13.36 0.25 0.47 -1.53 -7.34 -3.79 -6.5 5.19 -4.95 15.03 2.49 -2.42 5.92 0 0 0 -70.61 8.28 62.45 30.21 -41.08 -11.55 -0 0 -18.9 17.46 32.19 9.51 -7.12 0 -0 -17.71 62.54 -7.67 0 0 0 65.87 -9.79 71.23 -35.97 45.49 -15.5 0 0 14.26 -41.59 16.2 -13.91 7.12 -0 -0 -8.97 -8.95 -7.56
0.63 9.87 -7.22 0.11 44.43 -30.66 0 0 0 7.27 0.19 -62.93 29.04 17.91 117.36 -0.28 -16.18 -8.25 0.04 -1.32 -3.62 0 0 0 -13.51 7.07 -63.57 -28.02 -18.38 114.07 -0.29 4.99 -9.75 -0.29 3.47 -9.59 -3.52 0.75 30.09 -1.34 0.59 12.84 0.35 0.48 -2.02 -7.85 -4.03 -7.08 5.59 -5.27 15.96 2.67 -2.57 6.36 -0 0 0 -70.71 8.94 62.35 29.88 -40.79 -11.33 -0 0 -18.44 15.57 31.77 8.34 -7.12 0 -0 -19.45 61.67 -8.06 -0 0 0 66.32 -10.63 69.21 -35.34 45.05 -15.05 0 0 12.86 -37.21 18.59 -13.61 7.12 -0 -0 -5.78 -7.18 -5.03
0.64 9.84 -7.22 0.25 44.22 -31.12 0 0 0 7.26 0.59 -62.86 29.24 17.81 118.01 -0.26 -15.49 -7.75 0.03 -1.19 -3.26 0 0 0 -12.19 6.22 -65.59 -28.51 -18.17 115.63 -0.22 1.1 -8.52 -0.17 2.62 -7.22 -3.34 0.76 29.62 -1.35 0.64 12.56 0.22 0.51 -2.14 -8.43 -4.22 -8.24 6.46 -5.55 16.83 3.01 -2.65 6.9 -0 -0 0 -70.53 9.12 62.55 29.79 -40.72 -11.27 -0 0 -18.79 12.27 32.06 6.58 -7.12 0 -0 -23.23 61.13 -9.41 -0 -0 0 67.03 -10.98 66.11 -34.32 44.32 -14.33 0 0 11.41 -38.83 13.77 -10.85 7.12 -0 -0 -7.64 -12.63 -5.84
0.66 9.76 -7.21 -0.53 43.43 -32.17 0 0 0 8.68 1.46 -63.26 29.57 17.64 119.1 -0.32 -15.35 -6.79 0.03 -1.08 -2.96 0 0 0 -10 6.11 -68.15 -28.91 -17.98 116.92 -0.04 -3.1 -6.08 -0 -0.04 0.1 -2.31 0.59 29.4 -1.19 0.67 12.2 -0.19 0.54 -2.44 -8.9 -4.28 -9.18 7.06 -5.62 17.26 3.26 -2.65 7.24 -0 -0 0 -70.24 9.48 62.52 29.75 -40.68 -11.25 -0 0 -19.06 12.99 32.33 7.03 -7.12 0 -0 -22.7 61.55 -9.41 -0 -0 0 67.81 -11.31 61.82 -33.08 43.39 -13.48 0 0 10.37 -36.65 10.48 -7.71 7.12 -0 -0 -6.69 -17.05 -4.46
0.63 9.8 -7.25 -0.03 43.37 -32.72 0 0 0 8.03 1.38 -62.33 29.48 17.69 118.78 -0.28 -14.28 -6.36 0.06 -1.56 -4.3 0 0 0 -8.63 6.14 -68.77 -28.57 -18.14 115.84 0.01 -3.95 -5.19 -0.02 -0.97 2.66 -2.5 0.6 29.45 -1.28 0.6 12.09 -0.17 0.51 -2.6 -9.56 -4.33 -10.18 8.02 -5.68 17.41 3.67 -2.62 7.52 0 0 0 -69.77 9.98 62.13 30.26 -41.12 -11.58 -0 0 -21.04 9.98 33.31 5.52 -7.12 0 -0 -26.78 61.68 -11.31 0 0 0 68.7 -11.33 56.25 -31.66 42.27 -12.51 0 0 12.75 -32.31 15.44 -9.55 7.12 -0 -0 -3.1 -11.91 -2.4
0.62 9.79 -7.27 0.74 43.59 -32.94 0 0 0 7.38 1.09 -61.8 29.52 17.67 118.91 -0.31 -13.73 -5.3 0.03 -1.2 -3.3 0 0 0 -8.14 6.45 -69.2 -27.87 -18.44 113.61 -0.05 -1.5 -5.14 -0 -0.08 0.21 -2.94 0.63 29.42 -1.4 0.52 12.03 -0.02 0.45 -2.65 -8.84 -4.32 -9.55 7.24 -5.63 15.73 3.3 -2.64 6.82 0 -0 0 -69.56 10.12 61.06 30.41 -41.25 -11.68 -0 0 -21.44 14.3 30.25 7.32 -7.12 0 -0 -19.61 59.94 -7.32 0 -0 0 69.3 -11.28 50.73 -31.45 42.11 -12.37 0 0 12.69 -23.85 18.73 -8.08 7.12 -0 -0 2.81 -9.65 2.3
0.65 9.71 -7.26 0.77 43.43 -33.28 0 0 0 8.01 1.37 -62.4 29.8 17.52 119.84 -0.38 -13.78 -4.12 0.05 -1.39 -3.81 0 0 0 -6.96 6.98 -69.79 -27.15 -18.73 111.34 -0.08 -0.68 -5.56 -0.1 2.07 -5.69 -2.83 0.56 29.27 -1.29 0.45 11.89 0.06 0.42 -2.73 -8.69 -4.22 -10.18 6.99 -5.42 15.22 3.2 -2.54 6.74 0 0 0 -69.66 10.26 58.93 30.64 -41.44 -11.83 -0 0 -22.38 10.53 29.71 5.26 -7.12 0 -0 -23.12 58.59 -7.95 0 0 0 69.63 -11.35 45.33 -33.2 43.48 -13.56 0 0 9.41 -37.15 11.3 -8.44 7.12 -0 -0 -6.91 -15.97 -4.78
0.64 9.7 -7.27 0.84 43.56 -33.62 0 0 0 8.13 1.09 -62.56 29.89 17.47 120.15 -0.42 -13.44 -2.72 0.07 -1.71 -4.71 0 0 0 -5.7 7.63 -69.14 -25.97 -19.12 107.71 -0.07 -1.3 -5.51 -0.51 4.57 -12.68 -2.92 0.35 28.96 -1.12 0.18 12.02 0.38 0.27 -2.44 -8.62 -3.9 -11.16 6.73 -4.85 14.64 3.14 -2.26 6.67 0 -0 0 -70.25 10.41 56.39 31.8 -42.38 -12.6 -0 0 -17.81 17.81 34.6 10.34 -7.12 0 -0 -19.52 64.9 -9.57 0 -0 0 69.62 -10.95 40.52 -36.37 45.76 -15.79 0 0 5.76 -37.47 9.65 -7.32 7.12 -0 -0 -7.36 -17.95 -4.77
0.63 9.7 -7.28 0.92 43.72 -33.99 0 0 0 8.06 1.07 -62.95 29.96 17.43 120.39 -0.44 -12.88 -1.13 0.11 -2.16 -5.95 0 0 0 -5.36 8.63 -68.26 -24.65 -19.47 103.72 -0.04 -2.01 -4.86 -0.37 3.9 -10.78 -2.94 0.2 28.96 -1.1 -0.02 11.99 0.47 0.17 -2.47 -8.19 -3.47 -11.57 6.75 -4.29 13.94 3.12 -1.96 6.46 0 -0 0 -70.81 10.01 50.61 32.31 -42.79 -12.95 -0 0 -20.53 12.92 31.06 6.75 -7.12 0 -0 -21.69 60.37 -8.36 0 -0 0 69.83 -10.68 36.33 -40.67 48.46 -18.94 0 0 3.03 -39.08 8.37 -6.74 7.12 -0 -0 -8.67 -19.31 -5.38
0.61 9.7 -7.28 0.93 44.16 -34.31 0 0 0 7.98 0.71 -63.8 30 17.41 120.52 -0.4 -11.65 0.73 0.03 -1.16 -3.18 0 0 0 -5.33 9.48 -67.13 -23.21 -19.75 99.41 0.02 -3.57 -4.31 -0.09 1.91 -5.25 -3.06 0.07 28.93 -1.07 -0.21 11.99 0.63 0.07 -2.45 -7.69 -3.07 -11.99 7.05 -3.81 13.11 3.17 -1.68 6.23 -0 -0 0 -71.37 9.36 44.93 33 -43.33 -13.42 -0 0 -18.92 13.49 30.09 6.86 -7.12 0 -0 -20.33 59.6 -7.44 -0 -0 0 70.04 -10.23 32.65 -46.04 51.27 -23.05 0 0 1.64 -40.56 7.85 -6.67 7.12 -0 -0 -9.78 -19.76 -5.98
0.59 9.7 -7.26 0.27 44.19 -35.12 0 0 0 8.7 0.86 -64.96 30.04 17.39 120.65 -0.34 -10.36 2.53 0 0 0.01 0 0 0 -4.65 10.63 -65.59 -21.84 -19.92 95.4 0.08 -5.72 -4.87 -0.01 -0.59 1.61 -2.53 0 29.04 -0.86 -0.15 11.95 0.55 0.11 -2.56 -7.26 -2.95 -12.02 7.43 -3.74 11.97 3.22 -1.59 5.87 0 -0 0 -71.85 8.12 39.64 34.48 -44.44 -14.45 -0 0 -17.94 15.16 30.37 7.8 -7.12 0 -0 -18.78 60.26 -7.14 0 -0 0 69.9 -9.71 29.8 -51.98 53.76 -27.76 0 0 1.15 -41.03 7.76 -6.7 7.12 -0 -0 -10.12 -19.82 -6.18
0.58 9.7 -7.26 0.01 44.37 -35.4 0 0 0 8.71 0.76 -66.58 30.1 17.35 120.86 -0.29 -9.61 2.58 0.12 2.26 6.22 0 0 0 -4.41 11.32 -64.4 -20.65 -19.99 91.9 0.14 -7.22 -5.65 -0.11 -2.18 6.01 -2.29 -0.02 29.03 -0.67 -0.1 12.04 0.59 0.15 -2.46 -7.17 -2.87 -12.07 8.55 -3.69 9.77 3.55 -1.5 5.21 -0 0 0 -72.2 6.4 35.26 37.5 -46.52 -16.6 -0 0 -19.11 19.29 27.68 9.23 -7.12 0 -0 -12.57 58.6 -4.22 -0 0 0 69.24 -8.63 27.98 -58.32 55.84 -32.95 0 0 0.33 -41.68 7.77 -6.86 7.12 -0 -0 -10.57 -19.71 -6.5
0.57 9.7 -7.26 0.33 44.8 -35.21 0 0 0 7.99 0.39 -67.62 30.02 17.4 120.59 -0.25 -9.19 0.64 0.23 3.06 8.44 0 0 0 -4.66 11.74 -63.33 -19.64 -20 88.94 0.2 -8.13 -5 -0.1 -2.06 5.66 -2.25 0.08 29.37 -0.71 0.04 12.02 0.49 0.22 -2.63 -7.25 -2.98 -11.93 10.2 -3.82 6.92 4.07 -1.5 4.36 0 -0 0 -72.2 4.3 31.81 41.2 -48.77 -19.34 -0 0 -18.93 21.23 29.34 10.77 -7.12 0 -0 -11.44 60.7 -4.41 0 -0 0 68.39 -7.43 26.87 -64.46 57.39 -38.08 0 -0 -0.45 -42.11 8.51 -7.62 7.12 -0 -0 -10.74 -18.69 -6.85
0.56 9.69 -7.25 0.46 45.03 -35.02 0 0 0 7.36 0.26 -68.28 29.79 17.52 119.82 -0.24 -9.53 -0.9 0.07 1.69 4.66 0 0 0 -4.49 11.81 -62.77 -19.03 -19.98 87.16 0.32 -10.04 -4.02 -0.26 -3.26 8.99 -2.14 0.22 29.56 -0.7 0.27 12.08 0.36 0.35 -2.66 -6.73 -3.27 -12.03 11.38 -4.14 3.82 4.32 -1.61 3.49 -0 0 0 -72.21 1.9 29.36 45.78 -51.15 -22.85 -0 0 -19.12 26.76 29.98 14.14 -7.12 0 -0 -5.4 62.77 -2.33 -0 0 0 67.25 -5.62 26.67 -69.35 58.33 -42.22 0 -0 -0.4 -41.08 8.1 -7 7.12 -0 -0 -10.1 -19.37 -6.27
0.55 9.69 -7.24 0.3 45.33 -35.21 0 0 0 6.68 -0.2 -68.56 29.35 17.76 118.36 -0.17 -9.19 -2.65 0 0.1 0.26 0 0 0 -3.9 11.45 -62.1 -18.74 -19.96 86.31 0.4 -11.62 -0.86 -0.14 -2.41 6.64 -1.97 0.32 29.95 -0.46 0.47 12.22 0.47 0.45 -2.68 -6.64 -3.54 -12.37 12.12 -4.28 1 4.52 -1.68 2.74 -0 0 0 -72.25 -0.56 28.33 51.66 -53.65 -27.51 -0 0 -19.57 29.46 29.88 15.72 -7.12 0 -0 -2.03 63.39 -0.9 -0 0 0 65.6 -3.12 26.95 -72.98 58.88 -45.32 0 -0 -1.08 -40.41 8.58 -7.24 7.12 -0 -0 -9.56 -18.86 -6.04
0.55 9.68 -7.22 -0.07 45.35 -35.18 0 0 0 6.43 -0.7 -69.01 28.83 18.02 116.67 -0.19 -9.61 -2.74 0 0.34 0.93 0 0 0 -2.83 10.9 -61.83 -18.67 -19.96 86.1 0.49 -13.82 1.7 -0.21 -2.95 8.13 -1.35 0.25 30.09 -0.39 0.55 12.21 0.17 0.51 -2.76 -6.68 -3.69 -12.92 12.91 -4.26 -1.08 4.78 -1.66 2.24 -0 0 0 -71.59 -2.81 28.2 58.22 -55.82 -32.86 -0 0 -18.63 30.02 28.8 15.55 -7.12 0 -0 -0.82 62.39 -0.35 -0 0 0 64.13 -0.24 28.31 -75.27 59.16 -47.28 0 -0 -0.24 -42.15 7.25 -6.51 7.12 -0 -0 -10.99 -20.33 -6.61
0.54 9.68 -7.19 -0.17 45.55 -34.78 0 0 0 5.9 -1.28 -69.32 28.14 18.33 114.44 -0.2 -9.81 -2.66 0 -0.11 -0.31 0 0 0 -2.13 10.3 -61.91 -18.64 -19.96 86.01 0.4 -14.17 4.19 -0.32 -3.65 10.1 -1.13 0.16 30.18 -0.31 0.48 12.04 0.13 0.49 -2.99 -7.47 -3.35 -11.77 14.32 -3.4 -4.31 5.43 -1.3 1.08 0 -0 0 -71.23 -5.46 28.47 63.57 -57.19 -37.33 -0 0 -18.47 29.59 25.63 13.8 -7.12 0 -0 -0.17 58.87 -0.06 0 -0 0 63.65 2.17 29.07 -78.85 59.53 -50.36 0 0 0.12 -41.24 7.99 -6.94 7.12 -0 -0 -10.23 -19.5 -6.33
0.52 9.71 -7.18 0.69 46.13 -34.24 0 0 0 4.26 -2.06 -68.31 27.19 18.71 111.46 -0.2 -9.61 -2.37 0.01 -0.65 -1.78 0 0 0 -3.09 10.33 -61.79 -18.43 -19.94 85.4 0.44 -15.54 5.24 -0.24 -3.16 8.73 -1.56 0.27 30.94 -0.29 0.53 12.19 0.39 0.51 -3.16 -7.74 -3.37 -12.7 14.02 -3.24 -5.23 5.4 -1.19 0.93 -0 0 0 -70.85 -8.98 29.66 68.64 -58.2 -41.61 -0 0 -18.61 27.78 22.38 11.34 -7.12 0 -0 -1.23 54.94 -0.3 -0 0 0 62.53 5.45 30.46 -81.44 59.72 -52.6 0 -0 -1.77 -40.7 9.49 -8.07 7.12 -0 -0 -9.6 -17.64 -6.33
0.52 9.73 -7.16 0.74 46.19 -34.15 0 0 0 3.72 -2.34 -67.49 26.31 19.02 108.74 -0.25 -10.11 -1.63 0 -0.3 -0.84 0 0 0 -3.33 10.58 -61.46 -18.35 -19.93 85.16 0.49 -16.02 5.05 -0.31 -3.57 9.87 -1.18 0.39 31.46 -0.01 0.85 12.6 0.38 0.69 -2.93 -8.18 -3.66 -13.74 13.7 -3.37 -6.32 5.37 -1.23 0.78 -0 -0 0 -69.67 -12.95 32.48 73.58 -58.96 -45.83 -0 0 -19.34 30.32 19.58 11.09 -7.12 0 -0 2.05 52.36 0.37 -0 -0 0 61.31 9.07 31.69 -84.59 59.89 -55.31 0 -0 -10.12 -37.96 6.4 -4.97 7.12 -0 -0 -8.16 -21.92 -4.57
0.53 9.73 -7.13 0.77 46.18 -33.68 0 0 0 3.36 -2.66 -67.02 25.48 19.27 106.21 -0.27 -10.39 -1.41 0.01 -0.67 -1.83 0 0 0 -3.42 10.41 -61.95 -18.4 -19.94 85.32 0.49 -15.91 4.91 -0.34 -3.75 10.38 -0.98 0.28 31.89 -0.02 0.76 12.52 0.27 0.65 -3.21 -7.63 -3.36 -13.81 12.96 -2.97 -7.02 5.07 -1.06 0.51 0 0 0 -68.13 -15.96 34.52 77.14 -59.37 -48.89 -0 0 -18.86 30.6 17.71 10.2 -7.12 0 -0 2.61 50.32 0.34 0 0 0 60.82 12.51 33.79 -87 59.97 -57.4 0 -0 -20.88 -35.27 5.93 -4.18 7.12 -0 -0 -6.28 -22.74 -3.38
0.54 9.75 -7.1 1.6 46.52 -32.74 0 0 0 2.13 -2.86 -66.28 24.64 19.48 103.68 -0.26 -10.24 -1.32 0.03 -1.06 -2.91 0 0 0 -4.1 10.04 -62.53 -18.5 -19.95 85.62 0.43 -15.41 5.28 -0.3 -3.54 9.79 -1.23 0.36 32.38 -0.21 0.79 12.6 0.19 0.67 -3.33 -7.59 -3.26 -13.76 12.95 -2.7 -8.31 5.09 -0.94 0.1 0 -0 0 -66.33 -19.42 37.1 79 -59.54 -50.49 -0 0 -18.1 29.12 16.38 8.93 -7.12 0 -0 1.31 48.57 0.12 0 -0 0 60.43 15.55 35.77 -88.82 59.99 -58.98 0 -0 -26.99 -33.51 5.01 -3.31 7.12 -0 -0 -5.08 -23.98 -2.59
0.55 9.76 -7.08 1.48 46.43 -32.64 0 0 0 1.99 -3.04 -65.35 23.86 19.64 101.34 -0.27 -9.92 -0.61 0.02 -0.98 -2.71 0 0 0 -3.91 9.93 -62.65 -18.48 -19.94 85.56 0.4 -15.23 5.57 -0.3 -3.53 9.77 -0.98 0.4 33.8 -0.03 0.93 12.32 0.16 0.75 -3.71 -7.75 -3.24 -13.85 12.89 -2.54 -9.29 5.12 -0.86 -0.19 -0 0 0 -64.72 -22.56 39.81 79.84 -59.61 -51.21 -0 0 -17.64 27.55 16.35 8.35 -7.12 0 -0 -0.22 48.29 -0.02 -0 0 0 59.81 18.33 37.45 -88.8 59.99 -58.96 0 -0 -26.74 -31.8 5.85 -3.61 7.12 -0 -0 -3.75 -23.11 -1.98
0.59 9.77 -7.05 1.36 46.24 -31.71 0 0 0 2.07 -3.23 -65.32 23.21 19.75 99.42 -0.24 -8.76 1.65 0.02 -0.8 -2.19 0 0 0 -3.98 9.84 -63.85 -18.52 -19.95 85.66 0.43 -15.29 5.15 -0.36 -3.86 10.67 -0.57 0.41 33.91 -0 1.07 12.27 -0.07 0.84 -3.8 -7.67 -3.27 -13.99 12.95 -2.47 -10.24 5.14 -0.82 -0.46 -0 0 0 -62.97 -25.24 42.49 79.54 -59.58 -50.95 -0 0 -17.37 24.39 15.96 7.11 -7.12 0 -0 -3.2 47.38 -0.19 -0 0 0 59.32 20.67 39.27 -87.96 59.98 -58.23 0 -0 -25.85 -31.22 6.12 -3.7 7.12 -0 -0 -3.3 -22.84 -1.76
0.64 9.78 -7.02 1.56 46.27 -30.38 0 0 0 1.81 -3.33 -66.02 22.87 19.8 98.41 -0.06 -6.14 6.82 0.03 1.14 3.14 0 0 0 -4.45 9.7 -65.19 -18.58 -19.95 85.85 0.35 -15.02 6.09 -0.23 -3.1 8.56 -0.69 0.48 33.87 0.09 1.14 12.29 0.07 0.86 -3.76 -7.8 -3.32 -13.94 13.1 -2.37 -11.52 5.23 -0.78 -0.84 0 -0 0 -61.73 -27.32 44.78 78.44 -59.49 -50.01 -0 0 -17.12 21.2 15.77 6.02 -7.12 0 -0 -6.18 46.73 -0.27 0 -0 0 58.76 22.86 41.02 -86.34 59.95 -56.83 0 -0 -24.09 -30.11 6.39 -3.69 7.12 -0 -0 -2.47 -22.6 -1.33
0.68 9.8 -7 1.26 46.09 -29.43 0 0 0 2.21 -3.03 -67.81 23.12 19.76 99.16 -0.06 -6 6.63 0.01 0.5 1.37 0 0 0 -4.4 9.66 -66.49 -18.66 -19.96 86.08 0.34 -14.97 6.13 -0.21 -2.93 8.1 -0.47 0.48 33.86 0.23 1.21 12.32 0.08 0.9 -3.73 -7.88 -3.43 -13.85 13.41 -2.36 -12.65 5.36 -0.78 -1.18 -0 -0 0 -60.91 -28.67 46.65 76.88 -59.34 -48.66 -0 0 -15.65 18.65 15.93 5.29 -7.12 0 -0 -8.6 46.56 -0.33 -0 -0 0 58.16 24.34 42.89 -84.32 59.88 -55.08 0 -0 -20.75 -30.05 7.07 -4.08 7.12 -0 -0 -2.38 -21.82 -1.33
0.73 9.82 -6.98 1.42 46.23 -28.33 0 0 0 2.06 -3.3 -68.88 23.32 19.73 99.74 -0.07 -6.01 6.31 0.01 0.65 1.79 0 0 0 -4.89 9.45 -67.55 -18.74 -19.96 86.31 0.32 -14.78 6.23 -0.18 -2.75 7.59 -0.44 0.37 34.26 0.01 1.08 12.35 -0.14 0.85 -3.83 -7.93 -3.54 -13.32 14.17 -2.28 -14.24 5.64 -0.78 -1.71 -0 0 0 -59.93 -29.32 47.85 75.34 -59.17 -47.34 -0 0 -14.49 18.12 15.47 4.99 -7.12 0 -0 -8.97 46.02 -0.23 -0 0 0 57.9 25.46 44.93 -82.2 59.77 -53.25 0 -0 -17.87 -30.45 7.81 -4.57 7.12 -0 -0 -2.61 -20.94 -1.51
0.77 9.83 -6.95 1.27 46.18 -27.63 0 0 0 2.25 -3.46 -69.64 23.36 19.73 99.88 -0.06 -5.88 6.37 0.02 0.97 2.67 0 0 0 -5.03 9.55 -68.33 -18.77 -19.96 86.4 0.32 -14.79 6.24 -0.18 -2.72 7.5 -0.63 0.5 34.73 0.19 1.22 12.67 0.11 0.91 -3.66 -8.3 -3.77 -12.56 14.85 -2.27 -16.47 5.98 -0.81 -2.46 0 0 0 -59.68 -30.17 48.35 73.71 -58.97 -45.95 -0 0 -14.34 17.97 14.65 4.69 -7.12 0 -0 -8.91 45.16 -0.03 0 0 0 57.06 26.13 46.37 -80.01 59.62 -51.36 0 -0 -14.71 -31.44 7.75 -4.72 7.12 -0 -0 -3.33 -20.92 -1.93
0.8 9.85 -6.93 1.14 46.07 -26.7 0 0 0 2.38 -3.6 -70.73 23.39 19.72 99.95 -0.05 -5.6 6.39 0.01 0.5 1.37 0 0 0 -5.24 9.88 -69.28 -18.77 -19.96 86.4 0.38 -15.11 5.78 -0.24 -3.14 8.67 -0.75 0.55 35.24 0.17 1.27 12.96 0.12 0.95 -3.52 -8.53 -3.96 -11.79 15.71 -2.14 -18.89 6.38 -0.8 -3.28 0 -0 0 -59.05 -30.6 47.88 73.55 -58.95 -45.8 -0 0 -15.55 16.55 14.57 4.27 -7.12 0 -0 -10.18 44.91 0.02 0 -0 0 56.72 26.27 47.52 -78.79 59.52 -50.31 0 -0 -10.55 -33.21 9.27 -6.02 7.12 -0 -0 -4.44 -18.95 -2.77
0.84 9.86 -6.91 1.33 46.19 -25.5 0 0 0 2.21 -3.69 -72.03 23.48 19.71 100.22 -0.04 -5.39 6.24 0.01 0.72 1.97 0 0 0 -5.78 9.81 -70.52 -18.82 -19.97 86.55 0.39 -15.32 5.81 -0.27 -3.31 9.15 -0.93 0.55 36.12 -0.09 1.21 13.05 -0.04 0.93 -3.72 -8.96 -4.04 -10.24 17.04 -1.73 -21.87 7.02 -0.71 -4.43 -0 0 0 -58.12 -30.58 47.53 74.5 -59.07 -46.62 -0 0 -16.07 16.1 14.67 4.18 -7.12 0 -0 -10.61 44.95 0.01 -0 0 0 56.72 25.83 48.01 -81.55 59.73 -52.69 0 -0 -6.89 -37.71 9.47 -7.25 7.12 -0 -0 -7.56 -18.13 -4.87
0.86 9.89 -6.9 1.19 46.23 -24.91 0 0 0 2.36 -4.02 -72.49 23.48 19.71 100.22 -0.04 -5.22 6.01 0.02 0.93 2.55 0 0 0 -5.93 10.06 -71 -18.82 -19.97 86.54 0.41 -15.44 5.64 -0.24 -3.15 8.69 -1.12 0.73 37.28 -0.06 1.4 13.3 0.01 1.04 -3.7 -9.22 -4.12 -8.98 17.82 -1.38 -24.65 7.49 -0.63 -5.52 0 0 0 -57.36 -31.01 47.87 75.79 -59.22 -47.73 -0 0 -17.09 17.24 13.84 4.24 -7.12 0 -0 -9.38 44.23 0.18 0 0 0 56.5 25.26 46.79 -86.71 59.96 -57.15 0 -0 -5.06 -37.96 9.32 -7.2 7.12 -0 -0 -7.75 -18.28 -4.97
0.89 9.91 -6.87 0.38 45.71 -24.53 0 0 0 3.24 -3.43 -73.62 23.56 19.69 100.45 -0.05 -5.52 6.07 0.02 0.9 2.49 0 0 0 -5.45 10.67 -71.87 -18.81 -19.97 86.51 0.47 -15.89 5.34 -0.27 -3.36 9.28 -0.92 0.98 37.93 0.24 1.84 13.69 0.06 1.26 -3.49 -9.56 -4.29 -8.52 18.25 -1.29 -26.39 7.81 -0.6 -6.15 0 0 0 -56.8 -31.57 48.41 78.54 -59.5 -50.09 -0 0 -17.17 20.66 12.89 4.81 -7.12 0 -0 -6.09 43.64 0.2 0 0 0 55.9 24.79 45.45 -90.94 60 -60.82 0 -0 -3.1 -38.75 9.11 -7.24 7.12 -0 -0 -8.33 -18.43 -5.32
0.92 9.94 -6.86 0.95 45.78 -23.19 0 0 0 2.81 -3.56 -74.37 23.56 19.69 100.45 -0.05 -5.3 5.79 0.02 0.83 2.28 0 0 0 -6.15 10.68 -72.72 -18.78 -19.96 86.42 0.46 -15.89 5.45 -0.29 -3.44 9.52 -1.55 1.17 38.49 -0.03 1.85 13.84 0.1 1.26 -3.5 -9.65 -4.01 -7.76 18.67 -0.72 -27.29 8.05 -0.38 -6.64 -0 0 0 -56.35 -31.54 48.48 81.85 -59.75 -52.95 -0 0 -15.99 24.02 11.69 5.16 -7.12 0 -0 -2.86 42.73 0.16 -0 0 0 55.98 24.5 45.09 -93.47 59.95 -63 0 -0 -1.38 -40.43 9.48 -7.99 7.12 -0 -0 -9.43 -17.7 -6.2
0.97 9.96 -6.84 0.85 45.85 -22.45 0 0 0 2.86 -3.75 -75.19 23.62 19.68 100.63 -0.05 -5.31 5.57 0.01 0.72 1.99 0 0 0 -6.34 10.49 -73.47 -18.77 -19.96 86.41 0.43 -15.7 5.63 -0.23 -3.06 8.46 -1.77 1.35 38.79 -0.01 2.01 14 0.17 1.34 -3.43 -9.54 -3.8 -6.91 18.6 -0.5 -27.36 8.03 -0.32 -6.85 0 -0 0 -56.5 -31.9 49.3 84.53 -59.89 -55.26 -0 0 -14.91 28.29 11.91 6.34 -7.12 0 -0 1 43.45 -0.04 0 -0 0 55.56 23.91 44.61 -96.05 59.86 -65.24 0 0 1.14 -42.18 9.05 -8.11 7.12 -0 -0 -10.69 -17.97 -6.99
1.02 9.98 -6.82 0.55 45.58 -21.65 0 0 0 3.24 -3.61 -76.24 23.71 19.67 100.91 -0.06 -5.35 5.27 0.01 0.7 1.92 0 0 0 -6.26 10.5 -74.52 -18.79 -19.96 86.45 0.43 -15.77 5.68 -0.25 -3.2 8.84 -2 1.64 38.5 0.27 2.32 14.21 0.48 1.47 -3.13 -9.54 -3.49 -6.31 17.99 -0.33 -26.86 7.78 -0.24 -6.83 0 -0 0 -57.23 -32.49 49.86 84.89 -59.9 -55.58 -0 0 -12.32 31.68 11.13 6.79 -7.12 0 -0 4.15 42.96 -0.21 0 -0 0 54.94 23.52 43.99 -98.35 59.74 -67.22 0 0 3.49 -42.39 9.29 -8.38 7.12 -0 -0 -10.79 -17.62 -7.15
1.06 9.98 -6.8 -0.04 45.5 -21.26 0 0 0 3.91 -4.07 -77.14 23.83 19.65 101.25 -0.06 -5.14 4.88 0.01 0.5 1.36 0 0 0 -6.03 10.3 -75.37 -18.83 -19.97 86.59 0.42 -15.64 5.65 -0.23 -3.09 8.53 -1.8 1.69 38.38 0.32 2.46 14.34 0.39 1.54 -2.95 -8.91 -3.08 -6.3 17.13 -0.15 -25.38 7.27 -0.15 -6.41 -0 0 0 -57.39 -33.14 49.9 85.53 -59.92 -56.13 -0 0 -10.79 32.17 10.57 6.59 -7.12 0 -0 4.62 42.37 -0.3 -0 0 0 54.56 23.18 43.48 -99.87 59.63 -68.54 0 0 6.65 -42.72 9.36 -8.54 7.12 -0 -0 -11 -17.47 -7.33
1.1 10 -6.79 0.24 45.52 -20.55 0 0 0 3.83 -4.56 -77.54 23.89 19.63 101.43 -0.06 -4.86 4.43 0 0.25 0.69 0 0 0 -6.31 10 -75.94 -18.86 -19.97 86.67 0.38 -15.29 5.88 -0.22 -3.05 8.41 -2.29 2 38.41 0.41 2.69 14.52 0.67 1.63 -2.78 -8.99 -2.67 -6.41 16.78 0.11 -23.69 7.07 0.02 -5.9 -0 0 0 -57.71 -33.72 50.01 87.32 -59.97 -57.68 -0 0 -11.04 33.06 12.42 7.97 -7.12 0 -0 5.4 44.64 -0.05 -0 0 0 53.93 22.69 42.83 -101.65 59.48 -70.07 0 0 9.65 -43.27 8.5 -7.92 7.12 -0 -0 -11.53 -18.51 -7.42
1.13 10.01 -6.77 -0.28 45.23 -20.52 0 0 0 4.56 -4.82 -77.87 23.97 19.62 101.68 -0.05 -4.65 4.03 0 0.28 0.78 0 0 0 -5.84 9.98 -76.36 -18.88 -19.97 86.74 0.38 -15.26 5.81 -0.22 -3 8.28 -2.2 2.18 38.49 0.5 2.96 14.67 0.62 1.77 -2.64 -8.63 -2.26 -6.87 16.34 0.4 -21.97 6.77 0.19 -5.33 0 -0 0 -57.57 -34.15 50.08 89.04 -60 -59.17 -0 0 -11.58 32.71 12.85 8.13 -7.12 0 -0 5.06 45.09 0.01 0 -0 0 53.7 22.19 42.65 -103.59 59.29 -71.74 0 0 11.86 -43.8 8.93 -8.47 7.12 -0 -0 -11.81 -17.84 -7.79
1.15 10.02 -6.76 -0.13 45.19 -20.23 0 0 0 4.33 -4.45 -78.1 24 19.61 101.77 -0.06 -4.79 4.05 0.01 0.55 1.5 0 0 0 -5.88 9.82 -76.55 -18.88 -19.97 86.73 0.36 -15.07 5.95 -0.22 -3.05 8.42 -2.61 2.43 38.53 0.52 3.17 15.14 0.79 1.86 -2.16 -8.07 -1.92 -7.24 15.61 0.67 -21.22 6.39 0.34 -5.09 0 0 0 -57.29 -34.98 50.21 89.91 -60 -59.92 -0 0 -12.57 34.8 11.86 8.13 -7.12 0 -0 7.04 44.21 -0.14 0 0 0 53.16 22.11 41.84 -105.01 59.13 -72.97 0 0 13.51 -44.42 9.32 -9.02 7.12 -0 -0 -12.15 -17.21 -8.2
1.16 10.02 -6.75 0.17 44.94 -19.66 0 0 0 4.35 -4.56 -78.3 24.02 19.61 101.83 -0.05 -4.54 3.66 0 0.34 0.94 0 0 0 -6.01 9.88 -77.04 -18.89 -19.97 86.75 0.34 -14.97 6.12 -0.19 -2.84 7.83 -2.98 2.86 38.7 0.51 3.57 15.2 0.83 2.04 -2.16 -7.98 -1.79 -7.51 15.47 0.76 -20.59 6.3 0.4 -4.86 -0 -0 0 -57.39 -35.44 50.56 91.61 -59.99 -61.4 -0 0 -12.04 34.73 11.77 8.05 -7.12 0 -0 6.97 44.09 -0.16 -0 -0 0 53.09 21.22 41.23 -106.88 58.9 -74.56 0 0 14.73 -45.32 7.86 -7.87 7.12 -0 -0 -13.05 -19.02 -8.3
1.16 10.04 -6.76 0.26 44.98 -19.5 0 0 0 4.26 -4.76 -78.25 23.99 19.61 101.75 -0.05 -4.42 3.52 0.01 0.56 1.54 0 0 0 -6.1 9.84 -76.97 -18.83 -19.97 86.58 0.35 -15 6.07 -0.23 -3.06 8.44 -3.39 2.96 38.95 0.65 3.57 15.36 1.19 2.02 -2.08 -8.3 -1.63 -7.63 15.26 0.92 -20.37 6.28 0.53 -4.8 -0 -0 0 -57.37 -35.55 50.12 92.83 -59.97 -62.45 -0 0 -9.84 34.11 13.61 9.05 -7.12 0 -0 6.38 46.18 0.19 -0 -0 0 52.7 21.06 41.09 -107.98 58.74 -75.51 0 0 15.25 -46.06 7.67 -7.88 7.12 -0 -0 -13.59 -19.15 -8.62
1.17 10.04 -6.76 -0.46 44.8 -19.68 0 0 0 4.95 -4.62 -78.75 24.04 19.6 101.88 -0.06 -4.58 3.6 0.01 0.63 1.73 0 0 0 -5.57 9.93 -77.25 -18.8 -19.97 86.48 0.34 -14.89 6.06 -0.16 -2.59 7.14 -3.03 2.87 38.92 0.65 3.59 15.46 1 2.04 -1.96 -8.15 -1.58 -7.88 15.12 0.97 -20.26 6.21 0.56 -4.73 0 -0 0 -57.16 -35.69 50.01 94.22 -59.93 -63.65 -0 0 -9.36 34.13 13.9 9.25 -7.12 0 -0 6.39 46.52 0.24 0 -0 0 52.86 20.92 40.85 -108.53 58.66 -75.98 0 0 15.63 -46.75 7.77 -8.18 7.12 -0 -0 -14.03 -18.89 -9.01
1.18 10.04 -6.76 -0.09 44.71 -19.2 0 0 0 4.69 -4.55 -78.89 24.02 19.61 101.83 -0.06 -4.52 3.5 0 0.42 1.15 0 0 0 -5.92 10.07 -77.56 -18.81 -19.97 86.51 0.36 -15.12 5.98 -0.19 -2.84 7.83 -3.42 2.92 39.01 0.52 3.49 15.4 1.09 1.98 -2.05 -7.8 -1.59 -8.3 14.4 0.8 -19.82 5.89 0.5 -4.52 0 -0 0 -57.48 -35.42 49.7 95.06 -59.9 -64.38 -0 0 -8.53 34.35 14.15 9.49 -7.12 0 -0 6.6 46.86 0.3 0 -0 0 53.09 20.92 40.97 -108.77 58.63 -76.18 0 0 15.5 -47.77 7.41 -8.08 7.12 -0 -0 -14.8 -19.21 -9.42
1.18 10.05 -6.76 0.19 44.6 -18.97 0 0 0 4.59 -4.52 -78.77 24 19.61 101.76 -0.05 -4.4 3.43 0.01 0.7 1.93 0 0 0 -6.08 10.26 -77.55 -18.76 -19.96 86.38 0.34 -15 6.25 -0.19 -2.84 7.84 -3.62 2.88 39.17 0.37 3.34 15.33 1.08 1.91 -2.16 -8.25 -1.39 -7.56 14.56 1.13 -20.41 6.04 0.65 -4.86 -0 0 0 -57.37 -34.61 49.37 96.23 -59.85 -65.4 -0 0 -8.52 34.38 13.78 9.26 -7.12 0 -0 6.63 46.42 0.23 -0 0 0 53.3 21.19 41.39 -108.41 58.68 -75.87 0 0 15.64 -48.59 7.61 -8.54 7.12 -0 -0 -15.3 -18.76 -9.92
1.18 10.05 -6.76 0.34 44.51 -18.7 0 0 0 4.49 -4.46 -78.86 23.97 19.62 101.67 -0.05 -4.32 3.41 0.01 0.53 1.44 0 0 0 -6.29 10.53 -77.72 -18.74 -19.96 86.32 0.36 -15.3 6.18 -0.22 -3 8.27 -3.83 2.88 38.87 0.35 3.27 15.34 1.2 1.86 -2.06 -7.67 -1.48 -7.98 13.35 0.76 -19.87 5.52 0.5 -4.6 -0 0 0 -57.48 -34.19 49.14 96.75 -59.83 -65.85 -0 0 -8.35 34.55 13.91 9.4 -7.12 0 -0 6.8 46.6 0.27 -0 0 0 53.5 21.48 41.68 -107.54 58.8 -75.13 0 0 17.13 -49.24 6.52 -7.5 7.12 -0 -0 -15.99 -20.21 -9.87
1.17 10.05 -6.76 0.36 44.39 -18.72 0 0 0 4.52 -4.38 -78.81 23.96 19.62 101.64 -0.05 -4.31 3.39 0 0.4 1.09 0 0 0 -6.41 10.97 -77.6 -18.73 -19.96 86.29 0.4 -15.56 5.92 -0.21 -2.96 8.16 -3.54 2.63 39.08 -0.06 3.02 15.13 0.7 1.77 -2.32 -7.07 -1.51 -8.27 12.71 0.53 -19.26 5.19 0.38 -4.36 -0 0 0 -57.14 -33.57 48.71 97.25 -59.8 -66.27 -0 0 -7.35 34.86 15.76 10.71 -7.12 0 -0 7.06 48.83 0.67 -0 0 0 54.27 21.76 42.16 -106.62 58.93 -74.34 0 0 18.23 -50 5.83 -6.9 7.12 -0 -0 -16.67 -21.09 -9.98
1.17 10.05 -6.77 0.38 44.31 -18.83 0 0 0 4.59 -4.39 -78.61 23.96 19.62 101.66 -0.05 -4.26 3.32 0.01 0.64 1.75 0 0 0 -6.43 11.22 -77.42 -18.7 -19.96 86.2 0.43 -15.79 5.77 -0.27 -3.33 9.21 -3.33 2.43 39.15 -0.23 2.82 15 0.48 1.69 -2.47 -7.61 -1.61 -8.37 12.76 0.35 -18.69 5.29 0.33 -4.15 -0 0 0 -56.96 -33.12 48.63 96.87 -59.82 -65.95 -0 0 -7.59 34.32 13.74 9.21 -7.12 0 -0 6.57 46.37 0.22 -0 0 0 54.63 22.05 42.78 -105.35 59.09 -73.25 0 0 18.39 -51.11 6.22 -7.65 7.12 -0 -0 -17.32 -20.31 -10.72
1.16 10.06 -6.77 0.36 44.35 -19.03 0 0 0 4.6 -4.57 -78.34 23.94 19.62 101.59 -0.05 -4.18 3.23 0.01 0.72 1.98 0 0 0 -6.47 11.41 -77.15 -18.7 -19.96 86.21 0.44 -15.85 5.74 -0.25 -3.2 8.84 -3.08 2.2 39.23 -0.4 2.6 14.92 0.24 1.6 -2.56 -7.7 -1.7 -8.09 12.49 0.16 -18.71 5.22 0.24 -4.18 -0 0 0 -56.7 -33.02 48.56 96.7 -59.83 -65.8 -0 0 -7.39 33.81 14.28 9.38 -7.12 0 -0 6.07 46.92 0.29 -0 0 0 54.97 22.25 43.33 -104.59 59.18 -72.6 0 0 18.65 -51.71 5.04 -6.35 7.12 -0 -0 -18.04 -21.98 -10.49
1.16 10.05 -6.77 0.11 44.32 -19.2 0 0 0 4.93 -4.74 -78.41 23.96 19.62 101.66 -0.04 -4.08 3.19 0.01 0.65 1.79 0 0 0 -6.3 11.52 -77.15 -18.7 -19.96 86.2 0.45 -15.94 5.7 -0.25 -3.24 8.94 -2.94 2.11 38.79 -0.24 2.57 15 0.36 1.58 -2.35 -7.95 -1.95 -8.4 12.12 -0.26 -18.26 5.14 0.07 -3.96 0 -0 0 -57.14 -33.33 48.58 95.65 -59.88 -64.89 -0 0 -7.3 33.88 14.46 9.52 -7.12 0 -0 6.13 47.14 0.33 0 -0 0 54.88 22.53 43.54 -103.8 59.27 -71.92 0 0 19.29 -52.08 4.12 -5.27 7.12 -0 -0 -18.55 -23.33 -10.22
1.16 10.03 -6.76 0.09 44.33 -19.35 0 0 0 4.98 -4.72 -78.41 24 19.61 101.77 -0.05 -4.21 3.29 0.01 0.65 1.78 0 0 0 -6.28 11.51 -77.15 -18.75 -19.96 86.33 0.41 -15.72 6.02 -0.19 -2.8 7.72 -2.87 2.05 38.62 -0.18 2.53 15.05 0.41 1.55 -2.23 -8 -2.04 -8.08 11.68 -0.46 -18.45 5.01 -0.02 -4.05 0 -0 0 -57.46 -33.53 48.56 94.81 -59.91 -64.17 -0 0 -7.25 33.32 14.37 9.27 -7.12 0 -0 5.59 46.95 0.27 0 -0 0 54.83 22.83 43.76 -103.1 59.34 -71.32 0 0 19.91 -52 2.9 -3.7 7.12 -0 -0 -18.85 -25.21 -9.53
1.13 10.05 -6.78 0.14 44.13 -19.67 0 0 0 5.04 -4.77 -77.78 23.93 19.63 101.55 -0.05 -4.12 3.27 0.01 0.57 1.55 0 0 0 -6.09 11.82 -76.64 -18.67 -19.96 86.11 0.47 -16.13 5.64 -0.26 -3.28 9.05 -2.66 2.11 38.85 -0.3 2.67 15.04 0.12 1.64 -2.31 -7.88 -2.27 -7.85 11.49 -0.82 -18.59 4.93 -0.21 -4.1 0 -0 0 -57.49 -33.78 48.77 93.96 -59.94 -63.43 -0 0 -7.04 33.17 14.8 9.48 -7.12 0 -0 5.42 47.42 0.33 0 -0 0 55.21 22.77 43.73 -102.59 59.39 -70.88 0 0 20.74 -51.65 2.31 -2.92 7.12 -0 -0 -18.77 -26.13 -9.05
1.12 10.04 -6.78 0.65 44.35 -19.6 0 0 0 4.57 -5.01 -77.46 23.9 19.63 101.47 -0.04 -4 3.2 0.01 0.56 1.55 0 0 0 -6.35 11.45 -76.5 -18.69 -19.96 86.18 0.39 -15.65 6.14 -0.2 -2.89 7.97 -2.75 2 39.09 -0.52 2.48 14.94 -0.01 1.56 -2.48 -7.69 -2.37 -7.92 11.2 -1.02 -18.39 4.8 -0.31 -4.02 -0 0 0 -57.63 -33.63 48.61 93.31 -59.96 -62.86 -0 0 -6.79 33.18 14.78 9.47 -7.12 0 -0 5.43 47.4 0.32 -0 0 0 55.45 22.89 43.91 -101.97 59.45 -70.35 0 0 21.38 -50.84 1.67 -2.05 7.12 -0 -0 -18.38 -27.17 -8.36
1.11 10.05 -6.78 0.86 44.39 -19.54 0 0 0 4.38 -5 -77.3 23.85 19.64 101.33 -0.04 -3.93 3.27 0.01 0.55 1.5 0 0 0 -6.46 11.46 -76.38 -18.67 -19.96 86.11 0.44 -15.94 5.82 -0.27 -3.31 9.16 -2.72 1.87 39 -0.6 2.31 14.89 -0.05 1.48 -2.5 -7.93 -2.35 -7.45 11.17 -1 -18.67 4.84 -0.3 -4.18 0 0 0 -57.84 -33.47 48.38 92.59 -59.97 -62.24 -0 0 -6.46 33.33 14.7 9.47 -7.12 0 -0 5.58 47.33 0.32 0 0 0 55.56 22.94 44.23 -101.7 59.48 -70.11 0 0 22.34 -50.59 0.98 -1.19 7.12 -0 -0 -18.38 -28.22 -7.88
1.1 10.04 -6.78 1.38 44.4 -19.19 0 0 0 3.97 -4.9 -77.22 23.82 19.65 101.22 -0.04 -3.86 3.17 0 0.3 0.83 0 0 0 -6.74 11.31 -76.51 -18.69 -19.96 86.16 0.38 -15.53 6.22 -0.21 -2.97 8.2 -3.08 2.1 38.63 -0.41 2.51 15 0.28 1.55 -2.29 -8.81 -2.73 -6.95 11.56 -1.45 -19.11 5.14 -0.5 -4.33 -0 0 0 -58.53 -33.48 48.35 92.05 -59.98 -61.78 -0 0 -6.52 32.58 14.22 8.92 -7.12 0 -0 4.88 46.66 0.2 -0 0 0 55.13 22.96 43.84 -101.53 59.49 -69.97 0 0 22.61 -49.93 1.21 -1.44 7.12 -0 -0 -17.83 -27.91 -7.76
1.08 10.04 -6.79 1.39 44.55 -19.49 0 0 0 3.77 -4.79 -76.89 23.76 19.66 101.05 -0.04 -3.95 3.25 0.01 0.58 1.59 0 0 0 -6.62 11.14 -76.15 -18.67 -19.96 86.12 0.36 -15.4 6.28 -0.16 -2.59 7.15 -3.02 1.93 38.69 -0.42 2.33 15.08 0.31 1.47 -2.21 -9.53 -3.45 -6.22 12.21 -2.4 -19.41 5.5 -0.98 -4.41 0 0 0 -58.74 -33.41 47.94 91.44 -59.99 -61.25 -0 0 -6.36 32.29 14.54 9.02 -7.12 0 -0 4.58 46.99 0.23 0 0 0 55.18 23.27 44.17 -101.32 59.51 -69.79 0 0 22.02 -49.44 0.86 -1.01 7.12 -0 -0 -17.57 -28.45 -7.4
1.07 10.04 -6.79 1.3 44.49 -19.77 0 0 0 3.82 -4.53 -76.72 23.76 19.66 101.04 -0.04 -4.13 3.46 0.01 0.7 1.91 0 0 0 -6.41 11.13 -75.95 -18.67 -19.96 86.1 0.36 -15.4 6.28 -0.2 -2.85 7.85 -2.78 1.78 38.73 -0.51 2.22 15.04 0.12 1.43 -2.26 -10.39 -4.65 -4.79 13.32 -4.01 -20.09 6.06 -1.84 -4.6 -0 0 0 -58.67 -32.98 47.45 90.91 -60 -60.79 -0 0 -6.13 32.24 14.46 8.95 -7.12 0 -0 4.53 46.88 0.21 -0 0 0 55.51 23.55 44.42 -100.71 59.56 -69.26 0 0 21.97 -48.65 0.85 -0.97 7.12 -0 -0 -16.98 -28.5 -7.11
1.06 10.03 -6.79 1.39 44.47 -19.81 0 0 0 3.7 -4.3 -76.65 23.74 19.66 101 -0.04 -4.21 3.59 0.01 0.59 1.63 0 0 0 -6.36 11.05 -75.9 -18.67 -19.96 86.1 0.37 -15.47 6.21 -0.22 -2.99 8.25 -2.87 1.52 38.64 -0.67 1.84 15.04 0.14 1.25 -2.22 -11.41 -6.1 -3.61 14.67 -5.98 -20.46 6.71 -2.87 -4.56 0 -0 0 -58.18 -32.24 46.5 90.84 -60 -60.73 -0 0 -6.02 33.02 14.36 9.15 -7.12 0 -0 5.29 46.88 0.25 0 -0 0 55.87 24.33 45.02 -99.79 59.63 -68.47 0 0 21.58 -48.44 2.35 -2.65 7.12 -0 -0 -16.46 -26.35 -7.75
1.05 10.03 -6.79 1.71 44.49 -19.79 0 0 0 3.4 -4.12 -76.4 23.71 19.67 100.92 -0.05 -4.3 3.64 0.01 0.46 1.27 0 0 0 -6.52 11 -75.78 -18.69 -19.96 86.16 0.34 -15.24 6.39 -0.21 -2.93 8.09 -3.2 1.46 38.57 -0.81 1.65 15.05 0.22 1.14 -2.18 -12.23 -7.68 -2.18 16.03 -8.19 -20.55 7.32 -4.06 -4.41 -0 0 0 -58.12 -31.78 45.83 90.5 -60 -60.43 -0 0 -5.85 32.9 14.43 9.16 -7.12 0 -0 5.18 46.96 0.25 -0 0 0 56.28 24.91 45.48 -98.97 59.69 -67.76 0 0 20.85 -48.25 2.55 -2.85 7.12 -0 -0 -16.27 -26.08 -7.76
1.04 10.03 -6.79 1.75 44.65 -20.01 0 0 0 3.24 -4.15 -76.16 23.7 19.67 100.86 -0.05 -4.38 3.65 0.01 0.48 1.31 0 0 0 -6.55 10.9 -75.5 -18.7 -19.96 86.21 0.35 -15.25 6.29 -0.2 -2.87 7.91 -3.26 1.12 38.71 -1.05 1.2 15.11 0.15 0.93 -2.15 -13.29 -9.1 -1.79 17.7 -10.15 -19.72 7.94 -5.1 -3.75 0 -0 0 -57.58 -31.07 44.71 90.69 -60 -60.6 -0 0 -5.75 33.01 14.36 9.15 -7.12 0 -0 5.29 46.89 0.25 0 -0 0 56.74 25.84 46.25 -97.91 59.76 -66.85 0 0 20.51 -48.03 2.72 -3.02 7.12 -0 -0 -16.07 -25.85 -7.75
1.03 10.02 -6.79 1.42 44.35 -20.46 0 0 0 3.6 -3.77 -76.02 23.71 19.67 100.9 -0.05 -4.5 3.84 0.01 0.46 1.26 0 0 0 -6.09 11.16 -75.32 -18.69 -19.96 86.16 0.37 -15.41 6.21 -0.21 -2.98 8.21 -3.2 1.02 38.83 -1.04 1.1 15.16 0.16 0.88 -2.12 -14 -9.95 -1.14 18.61 -11.4 -19.19 8.29 -5.77 -3.38 -0 -0 0 -57.25 -30.7 44.07 90.91 -60 -60.78 -0 0 -5.77 33.06 14.46 9.23 -7.12 0 -0 5.33 47.01 0.27 -0 -0 0 57.25 26.34 46.92 -97.1 59.81 -66.15 0 0 20.64 -48.05 2.8 -3.12 7.12 -0 -0 -16.07 -25.73 -7.79
1.03 10.02 -6.8 1.57 44.41 -20.54 0 0 0 3.45 -3.86 -75.77 23.68 19.67 100.83 -0.05 -4.39 3.81 0.01 0.54 1.5 0 0 0 -6.15 11.09 -75.14 -18.68 -19.96 86.12 0.34 -15.21 6.37 -0.19 -2.79 7.7 -3.44 0.84 38.88 -1.26 0.79 15.33 0.16 0.73 -1.94 -14.31 -10.51 -0.52 19.15 -12.23 -19.27 8.51 -6.23 -3.3 0 -0 0 -56.78 -30.07 43.09 90.99 -60 -60.86 -0 0 -5.69 33 14.11 9 -7.12 0 -0 5.29 46.6 0.21 0 -0 0 57.58 27.08 47.49 -96.41 59.84 -65.55 0 0 20.54 -48.27 2.77 -3.1 7.12 -0 -0 -16.23 -25.75 -7.87
1.02 10.01 -6.8 1.5 44.32 -20.6 0 0 0 3.55 -3.76 -75.85 23.7 19.67 100.87 -0.05 -4.44 3.88 0.01 0.63 1.73 0 0 0 -6.06 11.14 -75.2 -18.68 -19.96 86.14 0.34 -15.26 6.44 -0.21 -2.93 8.09 -3.51 0.69 38.81 -1.4 0.58 15.47 0.13 0.63 -1.76 -14.72 -10.98 -0.54 19.2 -12.94 -18.94 8.52 -6.57 -3.05 0 -0 0 -56.5 -29.6 42.35 90.65 -60 -60.56 -0 0 -5.57 33.23 14.15 9.1 -7.12 0 -0 5.51 46.68 0.23 0 -0 0 57.25 28.12 47.66 -95.54 59.88 -64.8 0 0 19.81 -48.11 3.18 -3.54 7.12 -0 -0 -16.02 -25.18 -7.98
1.02 10 -6.81 1.86 44.28 -20.21 0 0 0 3.34 -3.71 -75.98 23.71 19.67 100.91 -0.05 -4.36 3.85 0.02 0.83 2.29 0 0 0 -6.36 11.15 -75.46 -18.69 -19.96 86.16 0.35 -15.4 6.44 -0.25 -3.19 8.82 -3.75 0.5 38.53 -1.7 0.28 15.7 0.04 0.48 -1.41 -15.16 -11.31 -0.7 19.2 -13.4 -18.97 8.55 -6.76 -2.93 -0 -0 0 -56 -29.21 41.43 90.45 -60 -60.39 -0 0 -5.34 33.11 14.03 8.98 -7.12 0 -0 5.4 46.52 0.2 -0 -0 0 57.47 29.03 47.94 -95.03 59.9 -64.36 0 0 19.51 -48 3.64 -4.03 7.12 -0 -0 -15.83 -24.54 -8.13
1.02 10 -6.81 2.18 44.28 -20.02 0 0 0 3.08 -3.67 -75.92 23.7 19.67 100.86 -0.05 -4.34 3.84 0.01 0.62 1.71 0 0 0 -6.57 11.17 -75.49 -18.69 -19.96 86.17 0.32 -15.17 6.64 -0.22 -2.99 8.24 -4.1 0.48 38.69 -1.89 0.12 15.7 0.08 0.39 -1.44 -15.53 -11.39 -0.77 19.29 -13.54 -18.69 8.6 -6.82 -2.77 0 -0 0 -55.42 -28.69 41.17 90.76 -60 -60.66 -0 0 -5.11 33.67 14.31 9.35 -7.12 0 -0 5.93 46.93 0.28 0 -0 0 57.96 29.4 48.21 -94.57 59.92 -63.96 0 0 19.41 -48.26 3.96 -4.42 7.12 -0 -0 -15.94 -24.05 -8.37
1.01 10.01 -6.81 1.99 44.18 -20.34 0 0 0 3.25 -3.54 -75.68 23.68 19.67 100.82 -0.05 -4.42 3.85 0.01 0.63 1.73 0 0 0 -6.32 11.32 -75.19 -18.67 -19.96 86.11 0.36 -15.41 6.34 -0.23 -3.12 8.6 -4.09 0.3 39.06 -2.1 -0.14 15.65 -0.07 0.28 -1.61 -15.57 -11.38 -0.47 19.28 -13.55 -18.99 8.64 -6.83 -2.9 -0 0 0 -54.88 -27.94 40.78 91.49 -59.99 -61.29 -0 0 -4.83 33.74 14.83 9.7 -7.12 0 -0 5.98 47.55 0.38 -0 0 0 59.09 29.67 48.69 -93.78 59.95 -63.27 0 0 19.65 -48.09 2.81 -3.13 7.12 -0 -0 -16.09 -25.71 -7.81
1.02 10.01 -6.8 2.15 44.17 -20.16 0 0 0 3.11 -3.54 -75.67 23.67 19.67 100.78 -0.05 -4.48 3.82 0 0.44 1.22 0 0 0 -6.49 11.43 -75.27 -18.68 -19.96 86.14 0.36 -15.46 6.37 -0.23 -3.12 8.61 -4.38 0.28 39.05 -2.19 -0.26 15.75 0.02 0.21 -1.48 -15.62 -11.53 -0.65 19.44 -13.7 -19.25 8.69 -6.9 -2.91 0 -0 0 -54.44 -27.62 40.41 92.14 -59.98 -61.85 -0 0 -5.05 33.88 14.66 9.64 -7.12 0 -0 6.12 47.37 0.36 0 -0 0 59.7 30.22 48.72 -92.89 59.97 -62.5 0 0 19.47 -48.04 4.27 -4.73 7.12 -0 -0 -15.71 -23.64 -8.4
1.02 10.01 -6.79 1.5 43.92 -20.49 0 0 0 3.8 -3.29 -75.9 23.72 19.67 100.93 -0.05 -4.58 3.89 0.01 0.73 2 0 0 0 -6.01 11.81 -75.3 -18.67 -19.96 86.11 0.4 -15.72 6.1 -0.24 -3.18 8.78 -4.24 0.2 39.06 -2.18 -0.33 15.59 -0.01 0.18 -1.66 -15.8 -11.62 -0.64 19.93 -13.77 -19.26 8.87 -6.96 -2.83 0 -0 0 -54.19 -26.98 40.18 92.83 -59.97 -62.45 -0 0 -5.32 33.52 14.47 9.4 -7.12 0 -0 5.77 47.1 0.3 0 -0 0 60.56 30.3 49.08 -92.5 59.98 -62.16 0 0 19.11 -47.93 4.67 -5.16 7.12 -0 -0 -15.54 -23.07 -8.52
1.03 10.01 -6.8 1.7 43.86 -20.24 0 0 0 3.66 -3.36 -75.96 23.73 19.66 100.97 -0.05 -4.48 3.78 0.01 0.68 1.87 0 0 0 -6.24 11.9 -75.41 -18.66 -19.96 86.07 0.37 -15.54 6.32 -0.22 -3.04 8.38 -4.38 0.15 39.07 -2.36 -0.46 15.58 -0.08 0.12 -1.68 -15.68 -11.78 -0.82 20.24 -13.91 -19.55 8.94 -7.04 -2.84 0 -0 0 -53.83 -26.67 39.97 93.58 -59.95 -63.1 -0 0 -5.62 33.47 14.46 9.38 -7.12 0 -0 5.73 47.08 0.29 0 -0 0 61.09 30.54 49.18 -92.5 59.98 -62.17 0 0 18.87 -47.99 4.01 -4.44 7.12 -0 -0 -15.73 -24.01 -8.27
1.04 10.01 -6.8 1.8 43.81 -20.04 0 0 0 3.66 -3.48 -76.07 23.77 19.66 101.09 -0.05 -4.42 3.61 0.01 0.67 1.85 0 0 0 -6.43 12.08 -75.52 -18.66 -19.96 86.08 0.4 -15.78 6.22 -0.2 -2.87 7.92 -4.59 0.23 39.09 -2.3 -0.45 15.49 0.08 0.11 -1.78 -16.29 -11.79 -0.76 21.05 -13.83 -19.86 9.32 -7.02 -2.82 -0 0 0 -54.1 -26.82 40.05 93.39 -59.96 -62.94 -0 0 -5.56 33.56 14.51 9.44 -7.12 0 -0 5.82 47.15 0.31 -0 0 0 61.1 30.46 49.23 -92.69 59.97 -62.33 0 0 18.51 -47.76 3.61 -3.96 7.12 -0 -0 -15.67 -24.61 -8.01
1.05 10.01 -6.8 2.01 43.85 -19.83 0 0 0 3.55 -3.76 -76.07 23.79 19.65 101.15 -0.05 -4.25 3.44 0.01 0.63 1.72 0 0 0 -6.69 12.09 -75.64 -18.68 -19.96 86.14 0.36 -15.44 6.44 -0.19 -2.8 7.71 -4.88 0.34 38.94 -2.34 -0.41 15.5 0.17 0.11 -1.71 -15.88 -11.76 -0.74 21.06 -13.73 -20.24 9.29 -6.99 -2.98 0 -0 0 -54.16 -26.76 40.09 93.85 -59.94 -63.33 -0 0 -5.5 33.44 14.5 9.39 -7.12 0 -0 5.7 47.12 0.3 0 -0 0 61.14 30.45 49.34 -92.69 59.97 -62.33 0 0 18.21 -47.87 3.51 -3.87 7.12 -0 -0 -15.77 -24.74 -8.02
1.06 10.01 -6.8 1.7 43.78 -19.95 0 0 0 3.83 -3.84 -76.22 23.83 19.64 101.26 -0.05 -4.24 3.37 0.01 0.68 1.86 0 0 0 -6.57 12.25 -75.68 -18.68 -19.96 86.14 0.38 -15.55 6.27 -0.18 -2.74 7.57 -4.76 0.31 38.91 -2.32 -0.4 15.46 0.13 0.12 -1.74 -15.78 -11.66 -0.96 21.18 -13.52 -20.3 9.32 -6.89 -2.99 0 -0 0 -54.16 -26.8 40.16 93.73 -59.95 -63.23 -0 0 -5.49 33.54 14.35 9.33 -7.12 0 -0 5.8 46.96 0.28 0 -0 0 61.2 30.62 49.41 -92.43 59.98 -62.1 0 0 17.64 -47.87 4.45 -4.9 7.12 -0 -0 -15.55 -23.39 -8.4
1.06 10.02 -6.81 1.4 43.8 -20.2 0 0 0 4.11 -4.09 -76.16 23.83 19.64 101.26 -0.05 -4.14 3.34 0.02 0.8 2.2 0 0 0 -6.42 12.39 -75.46 -18.64 -19.96 86.02 0.4 -15.7 6.15 -0.19 -2.83 7.8 -4.73 0.47 38.81 -2.06 -0.16 15.58 0.31 0.22 -1.59 -15.91 -11.63 -0.71 21.38 -13.44 -20.88 9.47 -6.86 -3.19 0 0 0 -54.46 -27.39 40.63 93.41 -59.96 -62.95 -0 0 -5.45 33.33 14.42 9.3 -7.12 0 -0 5.6 47.01 0.28 0 0 0 60.73 30.39 48.97 -92.75 59.97 -62.38 0 0 17.6 -47.52 4.68 -5.09 7.12 -0 -0 -15.25 -23.11 -8.33
1.07 10.01 -6.81 1.33 43.77 -20.2 0 0 0 4.17 -4.13 -76.24 23.83 19.64 101.27 -0.05 -4.15 3.31 0.01 0.57 1.58 0 0 0 -6.45 12.53 -75.53 -18.65 -19.96 86.06 0.42 -15.93 6.13 -0.21 -2.97 8.2 -4.84 0.56 38.87 -1.98 -0.1 15.47 0.43 0.24 -1.73 -15.31 -11.42 -0.46 20.69 -13.16 -21.53 9.24 -6.72 -3.59 0 0 0 -54.8 -27.46 40.96 92.93 -59.97 -62.53 -0 0 -4.99 33.39 14.56 9.41 -7.12 0 -0 5.65 47.18 0.3 0 0 0 60.73 30.41 48.99 -92.53 59.98 -62.19 0 0 17.38 -47.38 5.74 -6.2 7.12 -0 -0 -14.91 -21.63 -8.66
1.06 10.01 -6.81 1.29 43.79 -20.24 0 0 0 4.22 -4.17 -76.22 23.84 19.64 101.31 -0.04 -4.08 3.27 0.02 0.84 2.31 0 0 0 -6.49 12.63 -75.48 -18.65 -19.96 86.06 0.43 -16.04 6.06 -0.22 -2.99 8.24 -4.76 0.57 39 -2.09 -0.08 15.38 0.26 0.27 -1.87 -15.03 -11.36 -0.76 20.42 -13.07 -21.34 9.09 -6.67 -3.55 0 -0 0 -54.6 -27.52 41.16 93 -59.97 -62.6 -0 0 -5.09 33.53 14.38 9.34 -7.12 0 -0 5.79 46.99 0.28 0 -0 0 60.81 30.17 49.15 -92.79 59.97 -62.42 0 0 17.11 -47.69 5.26 -5.76 7.12 -0 -0 -15.24 -22.26 -8.63
1.06 10.01 -6.8 1.38 43.86 -20.17 0 0 0 4.08 -4.09 -76.28 23.84 19.64 101.29 -0.05 -4.17 3.31 0.01 0.78 2.14 0 0 0 -6.64 12.66 -75.49 -18.66 -19.96 86.09 0.46 -16.16 5.81 -0.23 -3.1 8.55 -4.83 0.6 39.02 -2.14 -0.08 15.34 0.25 0.27 -1.92 -15.06 -11.15 -0.64 20.36 -12.77 -21.61 9.12 -6.51 -3.7 0 -0 0 -54.78 -27.6 41.1 93.01 -59.97 -62.61 -0 0 -5.26 33.39 14.26 9.22 -7.12 0 -0 5.66 46.83 0.26 0 -0 0 60.85 30.07 49.18 -92.85 59.97 -62.47 0 0 17.28 -47.63 5.09 -5.55 7.12 -0 -0 -15.24 -22.52 -8.54
1.06 10.01 -6.81 1.28 43.87 -20.25 0 0 0 4.07 -3.96 -76.29 23.82 19.65 101.24 -0.05 -4.26 3.37 0.01 0.57 1.55 0 0 0 -6.59 12.7 -75.45 -18.66 -19.96 86.09 0.44 -16.09 5.93 -0.22 -3.02 8.33 -4.69 0.61 39.01 -2.18 -0.02 15.31 0.11 0.31 -1.95 -15.02 -10.95 -0.72 20.24 -12.5 -21.59 9.09 -6.36 -3.75 0 -0 0 -54.96 -27.33 41.07 93.43 -59.96 -62.97 -0 0 -5.2 33.38 14.34 9.27 -7.12 0 -0 5.65 46.92 0.27 0 -0 0 60.97 29.86 49.12 -92.78 59.97 -62.41 0 0 17.4 -47.69 5.18 -5.67 7.12 -0 -0 -15.26 -22.37 -8.6
1.06 10.01 -6.8 1.3 43.94 -20.26 0 0 0 4.01 -3.9 -76.3 23.83 19.65 101.25 -0.05 -4.33 3.49 0.01 0.64 1.75 0 0 0 -6.6 12.56 -75.47 -18.68 -19.96 86.15 0.46 -16.22 5.86 -0.25 -3.22 8.9 -4.65 0.68 38.93 -2.21 0.09 15.33 0.03 0.36 -1.91 -14.81 -10.78 -0.64 19.87 -12.29 -21.68 8.96 -6.25 -3.88 -0 0 0 -55.21 -27.73 41.2 92.99 -59.97 -62.59 -0 0 -5.12 33.41 14.3 9.26 -7.12 0 -0 5.68 46.88 0.26 -0 0 0 60.99 29.57 48.92 -92.85 59.97 -62.47 0 0 17.55 -47.7 4.94 -5.4 7.12 -0 -0 -15.32 -22.72 -8.51
1.06 10.01 -6.8 1.14 43.97 -20.51 0 0 0 4.06 -3.71 -76.25 23.84 19.64 101.28 -0.05 -4.46 3.58 0.01 0.65 1.78 0 0 0 -6.45 12.54 -75.32 -18.69 -19.96 86.18 0.44 -16.06 5.95 -0.22 -3.03 8.35 -4.62 0.75 38.86 -2.11 0.2 15.41 0.08 0.42 -1.8 -15.19 -10.48 -0.53 19.97 -11.89 -21.66 9.09 -6.03 -3.92 -0 -0 0 -55.67 -27.84 41.18 92.68 -59.97 -62.32 -0 0 -4.82 32.9 14.24 9.04 -7.12 0 -0 5.19 46.74 0.22 -0 -0 0 60.67 29.49 48.79 -93.08 59.96 -62.67 0 0 17.3 -47.71 4.96 -5.43 7.12 -0 -0 -15.32 -22.69 -8.52
1.06 10 -6.8 0.91 43.99 -20.68 0 0 0 4.2 -3.66 -76.32 23.83 19.64 101.28 -0.05 -4.55 3.75 0.01 0.63 1.73 0 0 0 -6.32 12.55 -75.28 -18.69 -19.96 86.16 0.45 -16.13 5.91 -0.23 -3.08 8.5 -4.47 0.74 38.63 -2.05 0.27 15.53 0.05 0.45 -1.6 -14.74 -10.4 -0.38 19.44 -11.82 -21.91 8.87 -6 -4.12 0 -0 0 -55.85 -28.1 41.13 92.39 -59.98 -62.07 -0 0 -4.69 32.92 14.39 9.14 -7.12 0 -0 5.19 46.91 0.25 0 -0 0 60.52 29.48 48.62 -93.25 59.96 -62.81 0 0 17.18 -47.76 4.51 -4.95 7.12 -0 -0 -15.46 -23.32 -8.38
1.05 10 -6.8 0.76 44.03 -20.82 0 0 0 4.21 -3.56 -76.34 23.82 19.65 101.22 -0.06 -4.65 3.85 0.01 0.49 1.33 0 0 0 -6.24 12.58 -75.2 -18.68 -19.96 86.14 0.5 -16.47 5.55 -0.28 -3.42 9.45 -4.31 0.74 38.65 -2.09 0.33 15.48 -0.1 0.49 -1.68 -14.75 -10.09 -0.31 19.51 -11.41 -21.61 8.91 -5.8 -4.11 -0 -0 0 -56.06 -28.23 41.19 91.98 -59.99 -61.72 -0 0 -4.57 33.28 14.69 9.45 -7.12 0 -0 5.54 47.32 0.32 -0 -0 0 60.73 29.26 48.47 -93.37 59.96 -62.92 0 0 17.39 -47.15 4.55 -4.89 7.12 -0 -0 -15.02 -23.33 -8.12
1.05 9.99 -6.8 0.6 43.94 -20.88 0 0 0 4.36 -3.4 -76.5 23.83 19.64 101.27 -0.06 -4.67 3.9 0.01 0.57 1.55 0 0 0 -6.11 12.65 -75.34 -18.69 -19.96 86.17 0.44 -16.14 6.01 -0.19 -2.84 7.83 -4.1 0.81 38.51 -2.1 0.48 15.41 -0.27 0.58 -1.71 -14.06 -9.82 -0.02 18.81 -11.12 -21.77 8.62 -5.67 -4.36 0 -0 0 -56.23 -28.28 41.44 91.84 -59.99 -61.59 -0 0 -4.39 33.44 14.82 9.59 -7.12 0 -0 5.68 47.49 0.35 0 -0 0 60.88 28.92 48.23 -93.4 59.96 -62.94 0 0 17.5 -46.92 4.91 -5.23 7.12 -0 -0 -14.78 -22.86 -8.14
1.05 9.98 -6.81 0.54 44 -20.96 0 0 0 4.41 -3.5 -76.52 23.85 19.64 101.32 -0.05 -4.64 3.95 0.01 0.69 1.9 0 0 0 -6.13 12.61 -75.31 -18.7 -19.96 86.2 0.46 -16.28 5.89 -0.22 -3.01 8.3 -3.99 0.8 38.46 -1.99 0.52 15.48 -0.22 0.59 -1.62 -14.16 -9.35 -0.6 18.41 -10.46 -21.43 8.47 -5.28 -4.3 -0 0 0 -56.69 -28.67 41.48 91.46 -59.99 -61.26 -0 0 -4.25 33.08 14.72 9.4 -7.12 0 -0 5.34 47.32 0.31 -0 0 0 60.57 28.93 48 -93.48 59.95 -63.01 0 0 17.42 -46.92 2.91 -3.11 7.12 -0 -0 -15.23 -25.67 -7.38
1.05 9.97 -6.8 0.1 43.98 -21.44 0 0 0 4.77 -3.45 -76.51 23.91 19.63 101.49 -0.06 -4.8 3.98 0.01 0.75 2.05 0 0 0 -5.76 12.58 -75.13 -18.73 -19.96 86.28 0.47 -16.29 5.83 -0.22 -3.05 8.41 -3.58 0.79 38.49 -1.89 0.66 15.49 -0.37 0.68 -1.63 -13.3 -8.31 -0.99 17.31 -9.04 -21.42 8 -4.54 -4.6 0 0 0 -57.03 -28.94 41.79 91.12 -60 -60.97 -0 0 -4.16 32.8 14.7 9.29 -7.12 0 -0 5.06 47.25 0.28 0 0 0 60.51 28.65 47.61 -93.42 59.96 -62.96 0 0 17.34 -46.9 3.56 -3.79 7.12 -0 -0 -15.07 -24.76 -7.62
1.05 9.97 -6.81 0.6 44.08 -21.12 0 0 0 4.31 -3.57 -76.39 23.87 19.64 101.38 -0.06 -4.67 3.93 0.01 0.69 1.88 0 0 0 -6.24 12.67 -75.12 -18.72 -19.96 86.26 0.45 -16.21 5.95 -0.2 -2.88 7.94 -3.86 0.99 38.3 -1.83 0.83 15.53 -0.22 0.75 -1.52 -12.47 -6.51 -1.54 15.66 -6.62 -21.51 7.35 -3.25 -5.05 -0 0 0 -57.44 -29.27 42.15 90.78 -60 -60.67 -0 0 -4.12 32.71 14.65 9.23 -7.12 0 -0 4.98 47.18 0.27 -0 0 0 59.91 28.76 46.94 -93.37 59.96 -62.92 0 0 16.93 -46.6 3.44 -3.63 7.12 -0 -0 -14.87 -24.96 -7.45
1.05 9.97 -6.82 0.96 44.11 -20.9 0 0 0 4 -3.6 -76.31 23.85 19.64 101.32 -0.05 -4.59 3.87 0.01 0.57 1.56 0 0 0 -6.51 12.69 -75.12 -18.72 -19.96 86.25 0.44 -16.19 6.04 -0.19 -2.84 7.84 -3.87 1.25 38.06 -1.76 1.17 15.56 -0.24 0.91 -1.43 -10.93 -4.62 -1.95 13.38 -4.18 -21.79 6.32 -1.98 -5.57 0 -0 0 -57.99 -29.98 43 89.85 -60 -59.87 -0 0 -4.05 32.65 14.73 9.26 -7.12 0 -0 4.92 47.26 0.28 0 -0 0 60.23 27.81 46.39 -93.73 59.95 -63.23 0 0 17.56 -47.13 3.55 -3.81 7.12 -0 -0 -15.23 -24.76 -7.72
1.05 9.97 -6.82 0.96 44.22 -20.93 0 0 0 3.95 -3.77 -76.33 23.86 19.64 101.34 -0.05 -4.49 3.87 0.01 0.68 1.86 0 0 0 -6.56 12.51 -75.15 -18.73 -19.96 86.29 0.44 -16.19 6.05 -0.21 -2.95 8.13 -3.53 1.36 38.09 -1.64 1.41 15.45 -0.37 1.05 -1.56 -9.88 -2.73 -2.44 11.68 -1.65 -22.07 5.53 -0.66 -5.97 -0 0 0 -58.51 -30.68 43.98 88.8 -59.99 -58.96 -0 0 -4.01 32.33 14.66 9.1 -7.12 0 -0 4.61 47.13 0.24 -0 0 0 59.99 27.05 45.65 -94.08 59.94 -63.53 0 0 17.66 -47.24 3.48 -3.76 7.12 -0 -0 -15.33 -24.84 -7.74
1.05 9.97 -6.83 0.83 44.35 -21.11 0 0 0 4.01 -4.01 -76.24 23.86 19.64 101.35 -0.05 -4.44 3.89 0.01 0.67 1.83 0 0 0 -6.48 12.34 -74.98 -18.73 -19.96 86.27 0.46 -16.27 5.84 -0.23 -3.08 8.5 -3.42 1.61 37.97 -1.22 1.8 15.5 -0.12 1.22 -1.48 -8.97 -1.25 -2.85 10.08 0.27 -22.39 4.78 0.34 -6.25 0 -0 0 -59.44 -31.56 45.1 87.44 -59.98 -57.79 -0 0 -4.03 32.23 14.68 9.08 -7.12 0 -0 4.51 47.14 0.24 0 -0 0 59.57 26.22 44.6 -94.59 59.92 -63.97 0 0 17.79 -47.04 4.34 -4.64 7.12 -0 -0 -14.99 -23.65 -7.98
1.05 9.97 -6.83 0.79 44.49 -21.03 0 0 0 3.99 -4.26 -76.36 23.85 19.64 101.32 -0.05 -4.34 3.83 0.01 0.66 1.81 0 0 0 -6.56 12.18 -75.05 -18.72 -19.96 86.24 0.44 -16.1 6.03 -0.2 -2.87 7.91 -3.22 1.83 37.75 -1 2.14 15.38 -0.1 1.39 -1.56 -8.14 -0.11 -2.76 9.22 1.8 -22.78 4.29 1.09 -6.55 -0 -0 0 -60.16 -32.47 46.38 85.69 -59.93 -56.27 -0 0 -4.09 32.09 14.6 8.98 -7.12 0 -0 4.38 47.02 0.22 -0 -0 0 59.39 25.18 43.77 -95.02 59.9 -64.34 0 0 17.87 -47.15 4.63 -4.97 7.12 -0 -0 -15.01 -23.23 -8.14
1.05 9.97 -6.83 0.77 44.54 -21.01 0 0 0 4.02 -4.34 -76.43 23.85 19.64 101.33 -0.04 -4.33 3.9 0.01 0.65 1.8 0 0 0 -6.56 12.04 -75.11 -18.72 -19.96 86.24 0.46 -16.2 5.77 -0.26 -3.28 9.07 -2.95 1.97 37.57 -0.97 2.43 15.38 -0.3 1.55 -1.51 -7.67 0.42 -3.82 9.25 2.61 -22.08 4.17 1.48 -6.22 0 0 0 -60.23 -33.18 47.27 84.62 -59.89 -55.34 -0 0 -4.27 31.97 14.5 8.88 -7.12 0 -0 4.27 46.88 0.2 0 0 0 59.31 24.55 43.07 -95.37 59.89 -64.65 0 0 17.69 -47.14 4.57 -4.91 7.12 -0 -0 -15.01 -23.31 -8.12
1.05 9.96 -6.83 0.57 44.69 -21.32 0 0 0 4.08 -4.49 -76.29 23.84 19.64 101.3 -0.04 -4.34 3.96 0.01 0.7 1.94 0 0 0 -6.4 11.83 -74.94 -18.75 -19.96 86.33 0.44 -16.06 5.98 -0.22 -2.99 8.24 -2.69 2.04 37.82 -0.87 2.6 15.24 -0.4 1.64 -1.74 -7.46 0.53 -4.5 9.64 2.85 -21.42 4.24 1.58 -5.91 0 -0 0 -60.48 -33.65 48.14 83.48 -59.84 -54.36 -0 0 -4.28 32.14 14.26 8.8 -7.12 0 -0 4.45 46.64 0.18 0 -0 0 59.19 23.86 42.65 -95.77 59.87 -65 0 0 17.47 -47.05 4.39 -4.7 7.12 -0 -0 -14.98 -23.58 -8.01
1.05 9.96 -6.82 0.53 44.63 -21.42 0 0 0 4.12 -4.34 -76.29 23.85 19.64 101.33 -0.05 -4.39 3.97 0.01 0.49 1.35 0 0 0 -6.3 11.84 -74.94 -18.75 -19.96 86.35 0.43 -16.03 6.01 -0.22 -3.02 8.32 -2.86 2.25 37.56 -0.5 2.83 15.33 0.02 1.73 -1.58 -7.93 0.51 -5.01 10.1 2.9 -21.05 4.47 1.63 -5.72 -0 0 0 -61.06 -34.09 48.6 82.59 -59.79 -53.59 -0 0 -4.38 32.33 14.31 8.89 -7.12 0 -0 4.63 46.72 0.2 -0 0 0 58.41 23.7 42.47 -95.61 59.88 -64.86 0 0 17.2 -47.17 4.12 -4.43 7.12 -0 -0 -15.13 -23.95 -7.96
1.04 9.95 -6.83 0.7 44.75 -21.42 0 0 0 3.92 -4.4 -76.18 23.85 19.64 101.32 -0.04 -4.36 3.94 0.01 0.79 2.16 0 0 0 -6.44 11.74 -74.86 -18.77 -19.96 86.39 0.43 -16.01 6.03 -0.19 -2.79 7.71 -3.05 2.3 37.51 -0.4 2.83 15.35 0.21 1.72 -1.55 -8.06 0.41 -5.36 10.5 2.84 -20.82 4.62 1.6 -5.58 0 -0 0 -61.19 -34.41 48.78 81.61 -59.73 -52.74 -0 0 -4.67 32.36 14.49 9.01 -7.12 0 -0 4.65 46.94 0.22 0 -0 0 57.93 23.73 42.52 -95.31 59.89 -64.6 0 0 16.8 -47.34 4.48 -4.85 7.12 -0 -0 -15.17 -23.41 -8.17
1.04 9.95 -6.83 0.69 44.76 -21.51 0 0 0 3.95 -4.39 -76.13 23.87 19.64 101.37 -0.05 -4.41 3.97 0.01 0.77 2.12 0 0 0 -6.41 11.69 -74.76 -18.77 -19.96 86.4 0.43 -16.02 6.02 -0.23 -3.1 8.55 -3.1 2.36 37.36 -0.32 2.9 15.32 0.31 1.74 -1.55 -8 0.28 -5.68 10.81 2.7 -20.48 4.72 1.52 -5.41 0 -0 0 -61 -34.28 48.97 81.44 -59.72 -52.6 -0 0 -5.15 33.02 14.6 9.31 -7.12 0 -0 5.28 47.17 0.28 0 -0 0 57.68 23.78 42.47 -94.64 59.92 -64.02 0 0 16.38 -47.13 4.16 -4.47 7.12 -0 -0 -15.09 -23.89 -7.96
1.04 9.93 -6.83 0.9 44.77 -21.51 0 0 0 3.82 -4.35 -76.05 23.89 19.63 101.43 -0.04 -4.36 3.96 0.02 0.8 2.19 0 0 0 -6.55 11.7 -74.76 -18.8 -19.97 86.48 0.41 -15.87 6.15 -0.21 -2.98 8.22 -3.31 2.42 37.04 -0.26 2.93 15.52 0.49 1.74 -1.38 -7.61 0.2 -6.01 10.57 2.56 -20.31 4.57 1.45 -5.28 0 -0 0 -60.88 -34.63 48.98 80.58 -59.66 -51.85 -0 0 -5.76 33.37 14.37 9.28 -7.12 0 -0 5.63 46.96 0.27 0 -0 0 57.4 24.19 42.47 -93.62 59.95 -63.13 0 0 16.04 -47.23 4.13 -4.45 7.12 -0 -0 -15.17 -23.92 -7.99
1.03 9.92 -6.84 1.12 44.86 -21.72 0 0 0 3.58 -4.45 -75.68 23.9 19.63 101.46 -0.04 -4.33 3.96 0.02 0.84 2.3 0 0 0 -6.63 11.55 -74.43 -18.81 -19.97 86.52 0.38 -15.63 6.29 -0.21 -2.92 8.04 -3.26 2.31 37.4 -0.42 2.76 15.22 0.32 1.67 -1.66 -7.51 0.1 -6.13 10.97 2.43 -19.84 4.68 1.36 -5.1 0 0 0 -60.49 -34.52 49.11 79.84 -59.61 -51.21 -0 0 -6.61 32.99 14.72 9.36 -7.12 0 -0 5.25 47.3 0.3 0 0 0 57.6 24.31 42.75 -92.44 59.98 -62.11 0 0 15.77 -47.48 4.93 -5.35 7.12 -0 -0 -15.16 -22.77 -8.4
1.02 9.9 -6.85 1.21 44.7 -22.01 0 0 0 3.61 -4.22 -75.41 23.94 19.62 101.59 -0.05 -4.41 4.02 0.02 0.99 2.72 0 0 0 -6.55 11.74 -74.18 -18.82 -19.97 86.54 0.38 -15.65 6.37 -0.2 -2.89 7.97 -3.42 2.39 37.01 -0.35 2.84 15.36 0.47 1.69 -1.54 -6.88 0.14 -5.89 10.72 2.41 -19.78 4.49 1.3 -5.11 -0 -0 0 -60.26 -34.92 49.25 78.46 -59.49 -50.02 -0 0 -7.6 33.15 14.39 9.22 -7.12 0 -0 5.42 46.95 0.26 -0 -0 0 57.6 24.63 42.86 -90.95 60 -60.82 0 0 15.69 -47.55 4.75 -5.17 7.12 -0 -0 -15.25 -23.01 -8.37
1.01 9.89 -6.86 0.65 44.74 -22.92 0 0 0 3.91 -4.35 -75.02 23.94 19.62 101.59 -0.05 -4.52 4.12 0.01 0.53 1.47 0 0 0 -6.05 11.67 -73.57 -18.79 -19.96 86.47 0.39 -15.79 6.28 -0.22 -2.99 8.25 -3.08 2.23 37.04 -0.23 2.75 15.26 0.45 1.65 -1.66 -7.21 0 -5.94 11.42 2.26 -19.03 4.77 1.21 -4.86 -0 -0 0 -60.24 -35.13 49.62 76.78 -59.33 -48.58 -0 0 -8.25 33.12 14.5 9.28 -7.12 0 -0 5.39 47.07 0.28 -0 -0 0 57.63 24.9 43.06 -89.2 60 -59.31 0 0 15.54 -47.28 4.57 -4.93 7.12 -0 -0 -15.11 -23.29 -8.18
1 9.88 -6.87 0.05 44.54 -24.06 0 0 0 4.41 -4.25 -74.37 23.97 19.62 101.69 -0.05 -4.71 4.25 0.01 0.59 1.62 0 0 0 -5.29 11.66 -72.81 -18.77 -19.96 86.4 0.39 -15.77 6.28 -0.21 -2.96 8.18 -2.71 2.12 36.98 -0.14 2.74 15.25 0.36 1.66 -1.65 -7.06 -0.08 -6 11.93 2.11 -18.11 4.89 1.11 -4.55 0 -0 0 -60.22 -35.49 50.02 74.68 -59.09 -46.77 -0 0 -8.87 33.5 14.44 9.37 -7.12 0 -0 5.76 47.06 0.29 0 -0 0 57.93 25.28 43.26 -86.87 59.96 -57.29 0 0 15.43 -47.2 5.08 -5.46 7.12 -0 -0 -14.94 -22.59 -8.33
0.98 9.86 -6.89 0.16 44.52 -24.38 0 0 0 4.31 -4.32 -73.99 23.95 19.62 101.62 -0.05 -4.58 4.22 0 0.43 1.19 0 0 0 -5.23 11.65 -72.5 -18.76 -19.96 86.38 0.41 -16.01 6.29 -0.24 -3.17 8.76 -2.83 2.21 36.28 -0.15 2.82 15.29 0.41 1.69 -1.38 -6.29 -0.12 -5.52 11.79 1.94 -17.59 4.7 0.96 -4.45 -0 0 0 -60.49 -36.08 50.6 72.2 -58.77 -44.65 -0 0 -8.87 33.3 14.29 9.21 -7.12 0 -0 5.57 46.85 0.26 -0 0 0 58.12 25.49 43.39 -84.57 59.89 -55.3 0 0 15.17 -46.97 5.16 -5.51 7.12 -0 -0 -14.76 -22.5 -8.26
0.96 9.86 -6.91 0.38 44.7 -24.69 0 0 0 4.08 -4.81 -73.36 23.88 19.63 101.42 -0.04 -4.3 4.19 0.01 0.54 1.49 0 0 0 -5.25 11.38 -71.94 -18.7 -19.96 86.2 0.37 -15.65 6.49 -0.21 -2.98 8.21 -3.22 2.31 35.81 -0.06 2.81 15.15 0.72 1.66 -1.4 -6.03 -0.15 -5.55 12.09 1.78 -16.22 4.73 0.86 -4.01 -0 -0 0 -60.93 -36.29 51.27 69.66 -58.38 -42.48 -0 0 -8.9 32.81 14.01 8.87 -7.12 0 -0 5.11 46.45 0.18 -0 -0 0 58.28 25.52 43.66 -82.23 59.77 -53.27 0 0 15.15 -47.19 4.77 -5.13 7.12 -0 -0 -15 -23.03 -8.22
0.94 9.86 -6.93 0.33 44.71 -25.25 0 0 0 4.07 -4.91 -72.84 23.85 19.64 101.33 -0.04 -4.23 4.26 0.01 0.73 2.02 0 0 0 -4.97 11.11 -71.44 -18.67 -19.96 86.11 0.38 -15.8 6.44 -0.25 -3.25 8.97 -3.2 2.27 35.35 -0.09 2.78 15.08 0.69 1.64 -1.31 -5.84 -0.2 -5.28 12.41 1.6 -15.14 4.79 0.75 -3.71 0 0 0 -61.38 -36.84 51.91 66.59 -57.82 -39.87 -0 0 -8.85 33.21 14.4 9.24 -7.12 0 -0 5.48 46.96 0.27 0 0 0 58.75 25.74 43.86 -79.05 59.54 -50.53 0 0 15.25 -47.33 5.99 -6.46 7.12 -0 -0 -14.82 -21.28 -8.72
0.92 9.86 -6.95 0.1 44.97 -26.14 0 0 0 4.03 -5.26 -72.02 23.78 19.65 101.12 -0.03 -4.19 4.37 0.02 0.83 2.28 0 0 0 -4.63 10.68 -70.57 -18.63 -19.96 86 0.37 -15.5 6.37 -0.23 -3.08 8.49 -3.27 2.25 35.25 0.02 2.73 14.87 0.86 1.6 -1.52 -7.01 -0.44 -4.78 14.24 1.3 -13.73 5.56 0.6 -3.33 0 0 0 -62.24 -37.01 52.66 63.65 -57.21 -37.4 -0 0 -8.64 33.06 14.19 9.06 -7.12 0 -0 5.34 46.69 0.22 0 0 0 59.01 25.69 44.26 -76.11 59.26 -48 0 0 15.35 -47.01 5.74 -6.13 7.12 -0 -0 -14.65 -21.68 -8.48
0.9 9.87 -6.96 0.11 44.45 -26.68 0 0 0 4.19 -4.72 -71.26 23.72 19.66 100.95 -0.04 -4.32 4.49 0.02 0.81 2.22 0 0 0 -4.09 11.02 -69.92 -18.55 -19.95 85.76 0.36 -15.52 6.49 -0.24 -3.16 8.74 -3.29 2.43 34.71 -0.05 2.93 14.66 0.75 1.69 -1.56 -6.12 -0.76 -4.82 13.78 0.46 -11.13 5.22 0.2 -2.47 -0 -0 0 -62.74 -37.15 53.39 60.35 -56.4 -34.63 -0 0 -8.57 33.63 13.95 9.11 -7.12 0 -0 5.91 46.5 0.22 -0 -0 0 59.59 25.75 44.77 -73.07 58.89 -45.39 0 0 14.92 -47.26 6.04 -6.5 7.12 -0 -0 -14.76 -21.22 -8.71
0.89 9.86 -6.98 0.27 44.39 -26.73 0 0 0 4.08 -4.64 -71.09 23.71 19.67 100.9 -0.03 -4.25 4.5 0.02 0.96 2.65 0 0 0 -4.04 10.82 -69.81 -18.53 -19.95 85.69 0.37 -15.55 6.35 -0.29 -3.47 9.58 -3.33 2.5 33.84 -0.13 2.99 14.37 0.68 1.71 -1.57 -6.56 -1.45 -5.19 14.28 -0.86 -7.47 5.4 -0.38 -1.2 -0 0 0 -63.26 -36.68 53.89 59.32 -56.13 -33.77 -0 0 -8.44 32.85 14.21 9.01 -7.12 0 -0 5.14 46.69 0.21 -0 0 0 60.09 25.57 45.21 -70.18 58.46 -42.93 0 0 15.07 -47.41 5.81 -6.28 7.12 -0 -0 -14.92 -21.53 -8.7
0.88 9.86 -6.99 0.59 44.63 -27.18 0 0 0 3.55 -4.68 -70.36 23.67 19.67 100.78 -0.04 -4.34 4.51 0.02 0.91 2.5 0 0 0 -4.14 10.28 -69.14 -18.5 -19.95 85.62 0.31 -14.9 6.49 -0.26 -3.26 9.01 -3.65 2.35 33.58 -0.26 2.7 14.27 0.82 1.55 -1.58 -7.46 -2.04 -6.07 14.74 -2.05 -3.36 5.64 -0.83 0.29 0 -0 0 -63.63 -36.57 53.67 56.94 -55.44 -31.8 -0 0 -8.52 32.59 13.96 8.77 -7.12 0 -0 4.9 46.36 0.16 0 -0 0 60.38 26.09 45.75 -67.02 57.91 -40.24 0 0 16.09 -46.72 7.23 -7.62 7.12 -0 -0 -14.13 -19.64 -8.83
0.87 9.84 -7 0.25 44.36 -27.89 0 0 0 3.9 -4.25 -69.98 23.67 19.67 100.79 -0.04 -4.52 4.76 0.02 0.99 2.71 0 0 0 -3.57 10.3 -68.68 -18.47 -19.94 85.52 0.29 -14.81 6.69 -0.25 -3.23 8.92 -3.45 2.33 32.72 -0.28 2.75 14.36 0.77 1.58 -1.51 -7.83 -2.65 -6.64 14.52 -3.28 0.66 5.57 -1.34 1.69 0 -0 0 -64.3 -36.41 53.69 54.54 -54.67 -29.84 -0 0 -8.25 32.59 14.06 8.83 -7.12 0 -0 4.89 46.47 0.18 0 -0 0 60.57 26.33 46.47 -64.39 57.37 -38.02 0 0 15.57 -47.35 7.06 -7.6 7.12 -0 -0 -14.59 -19.77 -9.09
0.86 9.83 -7.01 0.08 44.32 -28.5 0 0 0 3.94 -3.96 -69.61 23.68 19.67 100.82 -0.04 -4.72 4.83 0.03 1.09 2.98 0 0 0 -3.22 9.93 -68.26 -18.47 -19.94 85.53 0.3 -14.76 6.57 -0.3 -3.51 9.69 -2.89 2.01 32.69 -0.7 2.46 14 0.07 1.47 -1.88 -7.34 -2.97 -7.61 13.58 -4.15 5.27 5.15 -1.65 3.26 -0 0 0 -63.91 -36.09 53.62 52.97 -54.12 -28.56 -0 0 -8.67 32.22 14.11 8.74 -7.12 0 -0 4.53 46.48 0.17 -0 0 0 61.25 26.48 47.43 -61.92 56.8 -35.95 0 0 15.2 -47.62 6.98 -7.58 7.12 -0 -0 -14.79 -19.84 -9.2
0.85 9.81 -7.02 0.05 44.35 -29.28 0 0 0 3.82 -3.8 -68.91 23.68 19.67 100.83 -0.05 -4.95 4.91 0.01 0.66 1.82 0 0 0 -2.93 9.5 -67.61 -18.49 -19.95 85.59 0.25 -14.41 6.93 -0.28 -3.38 9.33 -3.06 2.03 32.55 -0.7 2.44 14.09 0.18 1.46 -1.72 -6.78 -2.86 -8.26 12.52 -4.24 8.39 4.73 -1.63 4.27 0 -0 0 -63.77 -36.11 53.35 51.98 -53.76 -27.76 -0 0 -9.32 31.77 13.47 8.21 -7.12 0 -0 4.14 45.67 0.07 0 -0 0 60.95 27.09 47.91 -59.72 56.24 -34.11 0 0 14.41 -47.74 7.1 -7.75 7.12 -0 -0 -14.85 -19.65 -9.31
0.84 9.78 -7.03 0.21 44.43 -29.7 0 0 0 3.62 -3.63 -68.5 23.7 19.67 100.88 -0.05 -5.04 5.09 0.01 0.61 1.66 0 0 0 -2.92 9.22 -67.27 -18.54 -19.95 85.72 0.21 -14.03 7.13 -0.27 -3.36 9.29 -3.25 2.01 32.21 -0.9 2.38 14.2 0.09 1.43 -1.44 -6.66 -2.57 -9.2 12.84 -4.09 10.98 4.84 -1.44 5.21 -0 -0 0 -63.54 -36.56 53.13 51.07 -53.42 -27.03 -0 0 -10.05 32.14 13.86 8.56 -7.12 0 -0 4.47 46.18 0.13 -0 -0 0 60.94 27.69 48.19 -58.17 55.8 -32.82 0 0 13.63 -47.97 7.24 -7.96 7.12 -0 -0 -14.97 -19.42 -9.47
0.81 9.76 -7.04 -0.34 44.26 -30.72 0 0 0 4.1 -3.36 -68.08 23.72 19.67 100.93 -0.06 -5.32 5.37 0.01 0.58 1.6 0 0 0 -2.23 9.03 -66.69 -18.52 -19.95 85.66 0.2 -13.87 7.15 -0.27 -3.34 9.23 -3.02 2.03 32.2 -0.9 2.47 14.25 -0.06 1.48 -1.38 -6.24 -2.47 -9.66 13.19 -4.2 12.68 4.9 -1.38 5.83 -0 0 0 -63.06 -36.8 53.14 50.89 -53.35 -26.88 -0 0 -11.32 31.68 13.66 8.29 -7.12 0 -0 4.04 45.88 0.09 -0 0 0 61.04 27.81 48.14 -56.98 55.45 -31.84 0 0 13.26 -47.76 7.71 -8.4 7.12 -0 -0 -14.73 -18.79 -9.52
0.79 9.73 -7.05 -0.97 44.07 -31.95 0 0 0 4.62 -3.19 -67.42 23.72 19.66 100.95 -0.06 -5.54 5.6 0.01 0.61 1.67 0 0 0 -1.48 8.82 -65.91 -18.55 -19.95 85.75 0.29 -13.48 5.22 -0.09 -1.94 5.35 -2.94 2.11 32.22 -0.67 2.62 14.35 0.11 1.55 -1.27 -5.82 -2.39 -9.49 13.07 -4.2 13.49 4.81 -1.35 6.04 0 -0 0 -63.26 -37.13 53.28 50.52 -53.2 -26.59 -0 0 -12.29 31.14 14.21 8.43 -7.12 0 -0 3.49 46.43 0.12 0 -0 0 60.85 27.96 48.08 -55.88 55.11 -30.93 0 0 12.52 -48.05 7.6 -8.38 7.12 -0 -0 -14.94 -18.88 -9.63
0.78 9.7 -7.07 -0.82 44.16 -32.1 0 0 0 4.49 -3.35 -67.35 23.75 19.66 101.03 -0.05 -5.43 5.74 0.01 0.62 1.71 0 0 0 -1.78 8.58 -66.17 -18.92 -19.97 86.84 0.35 -11.14 0.24 -0 0.31 -0.84 -3.18 2.19 31.69 -0.74 2.67 14.36 0.17 1.56 -1.04 -5.84 -2.62 -9.48 13.25 -4.63 14.35 4.85 -1.52 6.35 0 0 0 -63.46 -37.28 53.34 49.97 -52.98 -26.15 -0 0 -12.9 31.29 14.13 8.44 -7.12 0 -0 3.64 46.37 0.12 0 0 0 60.97 28.19 47.79 -55.03 54.83 -30.24 0 0 12.08 -48.09 7.6 -8.38 7.12 -0 -0 -14.97 -18.88 -9.65
0.77 9.68 -7.07 -0.64 44.32 -32.32 0 0 0 4.29 -3.42 -67.08 23.77 19.66 101.09 -0.05 -5.46 5.87 0.01 0.69 1.91 0 0 0 -1.95 8.14 -66.53 -19.55 -20 88.68 0.17 -7.97 -6.61 -0.01 0.65 -1.8 -4 2.18 31.27 -0.43 2.45 14.37 1.06 1.39 -0.88 -7.16 -2.74 -9.61 13.39 -4.7 15.37 5.14 -1.58 6.74 -0 -0 0 -64.37 -36.91 52.42 49.35 -52.73 -25.66 -0 0 -12.62 30.32 13.96 8.03 -7.12 0 -0 2.72 46.02 0.07 -0 -0 0 60.49 28.75 48.09 -54.93 54.8 -30.16 0 0 11.24 -47.56 7.47 -8.1 7.12 -0 -0 -14.64 -19.16 -9.33
0.76 9.7 -7.08 -0.8 44.26 -33.07 0 0 0 4.39 -3.25 -66.4 23.75 19.66 101.03 -0.05 -5.67 6.35 0.01 0.67 1.85 0 0 0 -1.51 7.84 -66.35 -20.3 -20 90.88 -0.25 -6.08 -13.66 -0.02 0.97 -2.66 -4.06 2.16 31.36 -0.38 2.39 14.23 1.16 1.36 -1.08 -7.6 -2.96 -9.29 13.24 -5.01 16.35 5.16 -1.76 7.03 0 0 0 -65.12 -36.5 52.14 48.52 -52.38 -25 -0 0 -12.04 29.94 13.89 7.87 -7.12 0 -0 2.37 45.9 0.05 0 0 0 60.79 28.61 48.19 -54.88 54.78 -30.12 0 0 10.32 -47.1 8.51 -9.05 7.12 -0 -0 -14.1 -17.79 -9.41
0.76 9.71 -7.09 -0.78 44.04 -33.15 0 0 0 4.59 -2.97 -66.57 23.77 19.66 101.08 -0.04 -5.93 7.3 0 -0.21 -0.58 0 0 0 -1.4 7.7 -67.09 -21.4 -19.95 94.1 -0.49 -6.39 -17.14 -0 0.28 -0.77 -4.21 2.21 31.11 -0.39 2.39 13.88 1.23 1.34 -1.38 -7.68 -3.05 -8.88 12.8 -5.13 17.16 5.03 -1.85 7.22 0 0 0 -66.04 -35.88 51.72 47.68 -52.01 -24.33 -0 0 -11.2 29.29 13.82 7.63 -7.12 0 -0 1.76 45.72 0.03 0 0 0 61.19 28.44 48.84 -54.51 54.66 -29.82 0 0 9.71 -46.79 8.31 -8.74 7.12 -0 -0 -13.94 -18.14 -9.18
0.75 9.75 -7.12 -1.11 44.19 -33.33 0 0 0 5.24 -3.39 -66.95 23.78 19.65 101.1 0.03 -6.16 9.58 0 -0.36 -0.98 0 0 0 -1.35 6.92 -67.65 -22.88 -19.8 98.44 -0.65 -6.84 -19.23 -0 0.21 -0.58 -3.91 2.04 31.22 -0.5 2.2 13.39 0.98 1.26 -1.96 -7.61 -3.19 -8.57 12.28 -5.33 18.02 4.85 -1.97 7.45 -0 0 0 -66.53 -35.1 51.52 47.7 -52.02 -24.35 -0 0 -10.66 29.24 13.82 7.61 -7.12 0 -0 1.71 45.72 0.03 -0 0 0 61.59 28 49.54 -54.26 54.57 -29.61 0 0 9.68 -46.93 8.76 -9.25 7.12 -0 -0 -13.93 -17.49 -9.39
0.76 9.78 -7.12 -0.79 44.52 -32.95 0 0 0 5.64 -3.79 -67.36 24.14 19.58 102.2 0.04 -7.18 11.08 0 -0.18 -0.5 0 0 0 -2.1 5.64 -68.45 -24.68 -19.47 103.81 -0.77 -6.94 -20.53 -0 -0.38 1.03 -4.2 2.03 31.11 -0.54 2.08 13.15 1.14 1.2 -2.2 -7.9 -3.37 -8.55 11.76 -5.46 18.38 4.72 -2.09 7.57 0 -0 0 -66.57 -34.51 51.41 48.89 -52.54 -25.29 -0 0 -10.52 28.46 13.86 7.4 -7.12 0 -0 0.97 45.65 0.02 0 -0 0 61.46 27.76 49.88 -54.31 54.59 -29.65 0 0 9.65 -46.82 9.35 -9.82 7.12 -0 -0 -13.73 -16.69 -9.49
0.79 9.79 -7.12 -1.14 44.36 -32.85 0 0 0 6.74 -3.1 -68.15 25.23 19.33 105.46 -0.22 -10.11 9.88 0.02 -0.93 -2.56 0 0 0 -2.16 3.95 -69.21 -26.63 -18.91 109.74 -0.89 -7.2 -21.87 -0.04 -1.29 3.56 -3.68 1.81 31.03 -0.56 1.93 12.96 0.87 1.14 -2.36 -7.99 -3.44 -8.9 11.09 -5.44 18.74 4.51 -2.13 7.73 -0 -0 0 -65.82 -34.14 51.44 49.76 -52.9 -25.98 -0 0 -10.4 28.66 13.92 7.49 -7.12 0 -0 1.15 45.75 0.02 -0 -0 0 61.6 27.55 50.3 -54.72 54.73 -29.99 0 0 9.77 -47.06 8.28 -8.8 7.12 -0 -0 -14.13 -18.12 -9.32
0.83 9.8 -7.12 -0.86 44.53 -32.14 0 0 0 7.23 -1.94 -68.55 26.69 18.89 109.9 -0.45 -12.08 7.14 0.01 -0.65 -1.79 0 0 0 -2.91 1.25 -69.71 -28.53 -18.16 115.69 -0.99 -7.53 -22.98 -0.06 -1.6 4.39 -3.77 1.83 30.94 -0.5 1.94 12.92 0.99 1.14 -2.38 -8.38 -3.65 -9.49 10.69 -5.58 19.05 4.43 -2.24 7.96 0 0 0 -65.6 -34.43 51.81 49.35 -52.73 -25.66 -0 0 -10.05 28.97 13.72 7.48 -7.12 0 -0 1.47 45.57 0.02 0 0 0 61.17 27.69 50.2 -54.21 54.56 -29.57 0 0 9.85 -46.66 8.65 -9.06 7.12 -0 -0 -13.78 -17.69 -9.22
0.82 9.87 -7.14 -0.9 44.42 -31.3 0 0 0 8.08 -0.25 -68.2 27.9 18.43 113.71 -0.67 -14.36 5.83 0.02 -0.86 -2.35 0 0 0 -3.52 -0.92 -70.16 -29.96 -17.43 120.37 -0.86 -8.73 -22.81 -0.15 -2.48 6.82 -3.72 1.85 30.84 -0.52 1.96 12.81 0.93 1.14 -2.45 -8.32 -3.66 -9.67 10.33 -5.51 19.07 4.3 -2.23 7.98 0 0 0 -65.11 -34.57 52.07 48.33 -52.3 -24.85 -0 0 -10.82 28.83 13.76 7.46 -7.12 0 -0 1.33 45.59 0.02 0 0 0 61.48 27.7 50.03 -53.26 54.23 -28.8 0 0 9.59 -46.28 8.52 -8.81 7.12 -0 -0 -13.55 -17.94 -8.97
0.83 9.89 -7.12 -1.2 44.39 -30.75 0 0 0 9.08 1.52 -67.13 28.92 17.97 116.96 -1.17 -18.98 3.8 0.05 -1.49 -4.09 0 0 0 -3.88 -3.66 -69.83 -31.1 -16.74 124.27 -0.66 -9.64 -21.76 -0.33 -3.67 10.15 -3.66 1.81 31.15 -0.4 1.94 12.89 1.03 1.14 -2.51 -8.91 -3.9 -10.11 10.6 -5.77 19.02 4.46 -2.36 8.1 -0 0 0 -64.7 -34.76 52.37 46.58 -51.52 -23.47 -0 0 -11.53 29.11 13.92 7.63 -7.12 0 -0 1.58 45.81 0.03 -0 0 0 61.56 27.97 49.69 -51.8 53.7 -27.62 0 0 9.34 -45.66 9.47 -9.56 7.12 -0 -0 -12.94 -16.77 -8.89
0.83 9.92 -7.12 -1.1 44.41 -29.44 0 0 0 9.37 2.29 -66.27 29.17 17.85 117.76 -1.53 -22.37 1 0.04 -1.31 -3.6 0 0 0 -4.63 -5.1 -70.08 -31.71 -16.33 126.39 0.08 -12.78 -17.14 -0.55 -4.77 13.24 -3.73 1.8 31.49 -0.46 1.87 12.8 1.01 1.1 -2.75 -9.03 -3.94 -9.95 10.46 -5.78 18.96 4.43 -2.39 8.05 -0 0 0 -64.18 -34.68 52.35 45.25 -50.89 -22.44 -0 0 -9.9 29.31 15.16 8.35 -7.12 0 -0 1.64 47.23 0.09 -0 0 0 61.76 28.04 50.27 -50.23 53.09 -26.36 0 0 8.99 -46.05 7.32 -7.53 7.12 -0 -0 -13.66 -19.64 -8.52
0.84 9.92 -7.11 -1.18 44.48 -28.22 0 0 0 9.05 2.12 -66.06 28.72 18.07 116.32 -1.62 -24.29 -2.32 0.01 -0.72 -1.98 0 0 0 -4.98 -4.68 -69.05 -31.26 -16.64 124.81 -0.33 -12.36 -21.35 -0.09 -1.95 5.37 -3.18 1.86 31.83 -0.92 2.08 12.73 0.1 1.25 -2.96 -7.69 -4.11 -8.99 10.19 -6.21 18.47 4.07 -2.56 7.71 -0 0 0 -62.98 -34.8 53.05 45.67 -51.09 -22.76 -0 0 -10.47 29.21 15.66 8.58 -7.12 0 -0 1.49 47.78 0.1 -0 0 0 62.72 27.4 49.76 -49.02 52.59 -25.39 0 0 10.39 -46.59 6.95 -7.29 7.12 -0 -0 -14.1 -20.06 -8.67
0.85 9.94 -7.09 -0.42 44.37 -26.72 0 0 0 7.95 2.44 -66.27 28.57 18.14 115.83 -1.35 -24.12 -5.46 0 -0.07 -0.18 0 0 0 -6.08 -2.82 -67.39 -30.42 -17.17 121.91 -1.02 -8.64 -24.04 -0.03 -1.05 2.87 -3.54 2.06 32.64 -1.15 2.2 12.9 -0 1.31 -3.12 -7.86 -4.24 -8.43 10.17 -6.35 18.04 4.07 -2.66 7.49 0 -0 0 -62.18 -34.8 52.6 47.22 -51.81 -23.97 -0 0 -11.26 29.63 15.47 8.63 -7.12 0 -0 1.91 47.63 0.12 0 -0 0 62.4 27.27 49.72 -49.65 52.85 -25.89 0 0 10.87 -46.68 5.95 -6.27 7.12 -0 -0 -14.38 -21.44 -8.39
0.88 9.96 -7.05 -0.16 44.18 -25.39 0 0 0 7.8 2.52 -67.4 28.64 18.11 116.04 -1.24 -23.5 -5.72 0 0.28 0.78 0 0 0 -6.73 -2.42 -67.65 -30.28 -17.25 121.47 -1.16 -7.43 -24.3 -0 0.28 -0.78 -3.89 2.21 33.4 -1.04 2.26 12.88 0.23 1.34 -2.97 -8.17 -4.21 -8.29 9.88 -6.22 18.01 4.05 -2.65 7.44 -0 0 0 -61.52 -34.68 51.66 50.44 -53.17 -26.52 -0 0 -12.15 30.12 15.4 8.76 -7.12 0 -0 2.4 47.63 0.16 -0 0 0 61.83 27.32 49.01 -51.55 53.6 -27.42 0 0 10.91 -47.07 7.42 -7.9 7.12 -0 -0 -14.33 -19.32 -9.07
0.91 10 -7.01 -0.15 44.22 -24.23 0 0 0 7.82 1.79 -68.4 28.66 18.1 116.12 -1.15 -23.01 -6.08 0 0.11 0.3 0 0 0 -7.5 -1.8 -69.11 -30.28 -17.25 121.47 -1.16 -6.43 -23.6 -0 0.06 -0.16 -3.94 2.29 34.19 -0.97 2.34 12.96 0.3 1.38 -3.18 -7.9 -4.25 -7.58 9.4 -6.24 17.94 3.85 -2.7 7.27 -0 0 0 -61.18 -34.39 51.5 54.47 -54.65 -29.78 -0 0 -13.36 29.84 15.28 8.6 -7.12 0 -0 2.14 47.45 0.13 -0 0 0 61.14 26.69 47.47 -56.22 55.22 -31.21 0 0 9.31 -46.62 6.41 -6.74 7.12 -0 -0 -14.24 -20.8 -8.52
0.95 10.04 -6.98 0.13 43.89 -23.01 0 0 0 7.67 1.4 -68.78 28.61 18.12 115.97 -1.03 -22.8 -7.16 0 -0.16 -0.43 0 0 0 -8.03 -0.2 -70.01 -29.91 -17.46 120.21 -1 -7.47 -22.98 -0.01 0.68 -1.88 -4.11 2.41 35.1 -1.02 2.41 13.22 0.28 1.42 -3.21 -7.81 -4.19 -7.36 9.3 -6.17 17.83 3.81 -2.67 7.18 0 0 0 -60.6 -34.12 51.21 58.24 -55.82 -32.88 -0 0 -13.67 31.09 13.98 8.29 -7.12 0 -0 3.46 46.16 0.1 0 0 0 60.41 26.49 46.53 -61.47 56.69 -35.57 0 0 8.34 -46.36 6.4 -6.67 7.12 -0 -0 -14.06 -20.85 -8.39
1 10.08 -6.95 0.39 43.6 -21.51 0 0 0 7.55 0.72 -69.48 28.6 18.12 115.93 -0.93 -22.66 -8.06 0 0.32 0.87 0 0 0 -8.87 1.17 -71.61 -29.57 -17.64 119.09 -0.74 -8.97 -21.93 -0 -0.03 0.09 -4.5 2.46 35.88 -1 2.34 13.45 0.51 1.38 -3.22 -7.78 -3.96 -7.22 9.15 -5.83 17.67 3.79 -2.52 7.07 -0 -0 0 -60.33 -34.02 50.56 61.9 -56.79 -35.92 -0 0 -12.87 31.5 14.14 8.51 -7.12 0 -0 3.84 46.4 0.13 -0 -0 0 59.66 26.42 45.83 -67.22 57.95 -40.41 0 0 8.91 -46.2 7.06 -7.31 7.12 -0 -0 -13.81 -19.96 -8.51
1.04 10.12 -6.92 0.36 43.52 -20.18 0 0 0 7.6 -0.28 -70.42 28.62 18.12 115.99 -0.74 -22.02 -9.23 0 0.09 0.26 0 0 0 -9.69 2.27 -72.96 -29.22 -17.83 117.92 -0.47 -10.43 -20.69 -0.01 -0.65 1.79 -5.08 2.48 36.83 -0.76 2.16 13.6 1.08 1.26 -3.24 -7.42 -3.89 -7.22 8.47 -5.65 17.52 3.51 -2.47 6.97 -0 -0 0 -60.3 -33.88 49.76 66.04 -57.71 -39.41 -0 0 -13.17 31.37 14.22 8.52 -7.12 0 -0 3.71 46.48 0.14 -0 -0 0 58.52 26.38 46.07 -74.02 59.01 -46.21 0 0 8.2 -45.85 7.45 -7.61 7.12 -0 -0 -13.49 -19.49 -8.45
1.13 10.09 -6.85 0.58 43.17 -18.63 0 0 0 7.74 -0.52 -71.69 28.82 18.02 116.65 -0.55 -21.86 -10.81 0.01 -0.59 -1.62 0 0 0 -10.7 3.03 -74.64 -29.1 -17.89 117.54 -0.28 -11.22 -19.52 -0 -0.38 1.04 -5.35 2.46 37.7 -0.95 1.99 13.81 1.06 1.19 -3.28 -7.22 -3.85 -7.47 8.37 -5.58 17.59 3.45 -2.43 7.03 -0 0 0 -59.3 -34 49.33 70.42 -58.5 -43.13 -0 0 -13.8 31.27 14.33 8.55 -7.12 0 -0 3.61 46.59 0.14 -0 0 0 58.06 26.44 45.83 -79.8 59.6 -51.18 0 0 8.22 -46.24 7.62 -7.88 7.12 -0 -0 -13.73 -19.19 -8.7
1.18 10.2 -6.83 0.27 42.83 -17.05 0 0 0 7.97 -1.76 -72.53 28.72 18.07 116.32 -0.32 -21.05 -12.12 0.01 -0.7 -1.93 0 0 0 -10.5 3.53 -75.52 -28.83 -18.02 116.66 -0.31 -11.19 -19.76 -0.01 -0.59 1.62 -5.52 2.54 38.22 -0.68 2.02 13.99 1.41 1.18 -3.26 -7.85 -3.91 -7.44 8.84 -5.65 17.2 3.7 -2.47 6.93 -0 0 0 -58.56 -34.02 49.13 75.76 -59.22 -47.7 -0 0 -12.05 30.29 15.14 8.67 -7.12 0 -0 2.59 47.36 0.15 -0 0 0 57.36 25.85 45.23 -85.64 59.93 -56.22 0 0 9.55 -45.97 7.14 -7.33 7.12 -0 -0 -13.64 -19.89 -8.42
1.26 10.24 -6.78 0.23 42.62 -15.05 0 0 0 8.25 -2.91 -73.99 28.8 18.03 116.56 -0.13 -20.49 -13.33 0.02 -0.9 -2.46 0 0 0 -10.51 2.98 -77.28 -28.9 -17.98 116.91 -0.46 -10.29 -20.42 -0.01 -0.69 1.91 -5.72 2.6 38.79 -0.68 2.01 14.04 1.5 1.17 -3.38 -7.45 -3.81 -7.82 8.56 -5.47 16.75 3.55 -2.38 6.82 0 -0 0 -57.81 -34.29 49.47 79.96 -59.62 -51.31 -0 0 -11.77 30.83 14.96 8.76 -7.12 0 -0 3.13 47.24 0.17 0 -0 0 57.05 24.98 44.26 -90.78 60 -60.67 0 0 10.75 -45.79 7.6 -7.74 7.12 -0 -0 -13.42 -19.3 -8.46
1.35 10.23 -6.69 0.61 42.43 -12.81 0 0 0 8.41 -3.55 -75.81 28.95 17.96 117.07 0.06 -19.9 -14.47 0.01 -0.79 -2.16 0 0 0 -11.08 2.17 -79.36 -29.02 -17.92 117.29 -0.56 -9.09 -20.2 -0.01 -0.64 1.76 -6.31 2.84 39.93 -0.75 1.98 13.83 1.71 1.15 -3.96 -7.34 -4 -7.63 8.62 -5.74 16.3 3.53 -2.51 6.67 -0 -0 0 -56.66 -34.03 49.74 84.76 -59.9 -55.46 -0 0 -12.09 30.7 14.98 8.72 -7.12 0 -0 3 47.24 0.17 -0 -0 0 56.53 24.2 43.56 -95.54 59.88 -64.79 0 0 10.84 -46.25 7.03 -7.28 7.12 -0 -0 -13.86 -20 -8.53
1.41 10.35 -6.62 -0.68 42.21 -11.37 0 0 0 9.65 -4.08 -77.41 28.84 18.01 116.69 0.2 -19.32 -15.24 0.01 -0.63 -1.74 0 0 0 -9.81 2.32 -80.68 -28.78 -18.04 116.5 -0.56 -9.14 -20.34 -0 -0.43 1.18 -5.87 2.76 40.57 -0.47 2 13.58 1.74 1.16 -4.44 -7.27 -3.96 -7.48 8.52 -5.67 15.8 3.48 -2.49 6.47 -0 0 0 -55.76 -33.38 50.15 90.13 -60 -60.11 -0 0 -12.66 31 14.58 8.6 -7.12 0 -0 3.32 46.83 0.15 -0 0 0 56.78 22.48 42.41 -101.05 59.53 -69.56 0 0 10.13 -46.34 7.86 -8.15 7.12 -0 -0 -13.74 -18.84 -8.82
1.5 10.42 -6.53 0.09 42.47 -8.55 0 0 0 9.07 -4.97 -79.08 28.77 18.05 116.46 0.47 -18.02 -16.61 0.07 -1.74 -4.8 0 0 0 -10.54 1.39 -82.52 -28.75 -18.06 116.4 -0.62 -8.39 -20.25 -0.01 -0.5 1.39 -6.48 2.73 41.59 -0.71 1.61 13.23 1.91 0.99 -5.08 -7.3 -3.97 -8.11 8.55 -5.65 15.79 3.49 -2.47 6.57 0 0 0 -54.73 -32.48 50.1 96.05 -59.86 -65.24 -0 0 -12.22 31.72 15.66 9.47 -7.12 0 -0 3.94 48.18 0.31 0 0 0 56.54 21.34 41.92 -105.47 59.08 -73.36 0 0 10.26 -47.54 7.23 -7.84 7.12 -0 -0 -14.68 -19.5 -9.25
1.59 10.5 -6.42 -0.09 42.37 -6.58 0 0 0 9.54 -5.25 -80.38 28.69 18.08 116.21 0.62 -17.34 -17.45 0.13 -2.36 -6.5 0 0 0 -10.36 1.16 -83.89 -28.64 -18.11 116.04 -0.68 -7.88 -20.4 -0 -0.1 0.29 -6.48 2.75 42.76 -0.78 1.51 12.81 1.84 0.96 -5.87 -8.07 -4.11 -8.81 9.54 -5.88 16.23 3.92 -2.53 6.91 0 -0 0 -53.73 -31.62 50.15 100.92 -59.54 -69.44 -0 0 -12.04 31.97 15.56 9.5 -7.12 0 -0 4.2 48.11 0.32 0 -0 0 56.24 20.04 41.26 -108.86 58.61 -76.25 0 0 11.12 -47.56 7.69 -8.32 7.12 -0 -0 -14.59 -18.86 -9.4
1.7 10.56 -6.28 -0.42 42.32 -5.05 0 0 0 10.04 -5.08 -81.41 28.68 18.09 116.2 0.76 -16.98 -18.34 0.23 -3.07 -8.46 0 0 0 -10.05 0.72 -85.07 -28.64 -18.11 116.06 -0.77 -7.43 -20.94 -0 0.35 -0.96 -6.42 2.66 43.6 -0.74 1.35 12.72 1.9 0.89 -6.19 -8.15 -4.19 -8.73 9.6 -5.96 15.62 3.94 -2.57 6.72 0 -0 0 -52.73 -30.74 49.64 105.07 -59.12 -73.02 -0 0 -11.98 32.21 15.77 9.72 -7.12 0 -0 4.42 48.39 0.37 0 -0 0 55.65 19.6 40.95 -110.88 58.29 -77.98 0 0 10.48 -48.32 7.15 -7.96 7.12 -0 -0 -15.23 -19.47 -9.62
1.8 10.73 -6.17 -1.98 42.5 -4.55 0 0 0 11.05 -5.05 -81.65 28.48 18.18 115.54 0.88 -16.93 -19.19 0.29 -3.49 -9.65 0 0 0 -8.38 0.64 -84.72 -28.34 -18.24 115.11 -0.89 -7.38 -21.97 -0 0.41 -1.11 -5.08 1.95 43.88 -0.66 1.06 12.9 1.41 0.78 -6.07 -8.02 -4.2 -8.74 9.36 -5.94 15.49 3.84 -2.58 6.66 0 -0 0 -51.74 -30.2 48.84 107.17 -58.86 -74.82 -0 0 -12.57 32.24 16.07 9.9 -7.12 0 -0 4.42 48.74 0.41 0 -0 0 55.16 19.95 40.56 -111.16 58.24 -78.22 0 0 9.59 -48.76 8.21 -9.25 7.12 -0 -0 -15.27 -17.88 -10.22
1.86 11 -6.08 -1.88 42.8 -4.31 0 0 0 10.26 -5.76 -79.52 27.91 18.43 113.73 1.02 -16.57 -20.04 0.29 -3.48 -9.62 0 0 0 -7.7 0.64 -82.56 -27.83 -18.46 113.48 -0.97 -7.5 -22.79 -0.01 0.49 -1.33 -5.06 1.77 45.01 -0.67 0.84 13.07 1.47 0.68 -6.16 -7.96 -4.15 -8.19 9.44 -5.93 15.48 3.86 -2.58 6.56 -0 0 0 -51.29 -29.74 48.44 106.93 -58.89 -74.61 -0 0 -13.44 32.8 16.85 10.58 -7.12 0 -0 4.92 49.73 0.58 -0 0 0 55.08 20.3 40.68 -109.97 58.44 -77.2 0 0 9.84 -48.68 7.53 -8.47 7.12 -0 -0 -15.38 -18.87 -9.94
1.93 11.27 -5.95 0.04 42.96 -2.07 0 0 0 8.25 -7.01 -77.86 27.27 18.68 111.71 1.28 -14.96 -21.38 0.39 -4.03 -11.17 0 0 0 -8.58 0.39 -81.54 -27.38 -18.64 112.07 -1.05 -7.29 -23.33 -0.01 0.57 -1.57 -6.2 2.17 45.09 -0.69 0.84 13.09 2.02 0.67 -6.14 -8.13 -4.39 -8.43 9.64 -6.28 16.12 3.93 -2.72 6.85 -0 0 0 -51.65 -30.06 48.87 103.75 -59.27 -71.88 -0 0 -14.36 32.79 14.79 9.34 -7.12 0 -0 5.05 47.35 0.29 -0 0 0 55.1 20.51 40.54 -107.92 58.75 -75.45 0 0 9.91 -48.46 6.41 -7.18 7.12 -0 -0 -15.49 -20.5 -9.43
2.03 11.47 -5.8 -0.75 43.11 -1.05 0 0 0 8.61 -6.29 -77.96 26.89 18.82 110.53 1.27 -15.41 -21.4 0.4 -4.05 -11.21 0 0 0 -7.4 0.67 -81.27 -27.03 -18.77 110.95 -1.13 -7.66 -24.23 -0.02 0.83 -2.28 -5.29 1.89 44.69 -0.5 0.9 12.91 1.74 0.7 -6.26 -7.85 -4.56 -8.43 9.72 -6.56 16.05 3.88 -2.83 6.85 -0 -0 0 -52.09 -30.44 49.35 100.08 -59.61 -68.72 -0 0 -14.37 32.96 16.74 10.58 -7.12 0 -0 5.1 49.64 0.58 -0 -0 0 55.77 20.78 40.62 -105.12 59.12 -73.06 0 0 10.05 -48.22 4.88 -5.44 7.12 -0 -0 -15.69 -22.73 -8.73
2.1 11.8 -5.67 -0.16 43.21 0.57 0 0 0 7.65 -7.12 -76.42 26.09 19.09 108.08 1.36 -14.92 -21.86 0.33 -3.68 -10.18 0 0 0 -6.95 0.93 -79.98 -26.35 -19 108.87 -1.19 -8 -24.94 -0.02 0.91 -2.51 -5.08 1.87 44.49 -0.44 0.95 12.65 1.68 0.73 -6.51 -8.24 -4.81 -8.35 10.29 -6.92 15.79 4.09 -2.99 6.82 0 -0 0 -53.07 -30.79 50.31 95.12 -59.9 -64.43 -0 0 -13.77 32.76 18.25 11.39 -7.12 0 -0 4.77 51.33 0.74 0 -0 0 56.27 20.79 40.79 -101.4 59.5 -69.86 0 0 10.02 -47.83 5.27 -5.8 7.12 -0 -0 -15.33 -22.22 -8.7
2.17 12.16 -5.54 0.47 43 2.46 0 0 0 6.5 -7.33 -74.99 25.17 19.35 105.27 1.45 -14.11 -22.3 0.4 -4.04 -11.19 0 0 0 -6.6 1.68 -78.8 -25.51 -19.25 106.32 -1.19 -8.6 -25.4 -0.02 0.88 -2.42 -4.96 1.86 43.35 -0.38 1.03 12.51 1.67 0.75 -6.38 -8.22 -4.93 -8.34 10.26 -7.08 15.56 4.07 -3.07 6.76 -0 0 0 -54.21 -30.93 51.33 88.84 -59.99 -58.99 -0 0 -13.24 32.47 18.46 11.39 -7.12 0 -0 4.44 51.52 0.71 -0 0 0 56.85 21.09 41.55 -96.76 59.83 -65.85 0 0 9.69 -48.24 4.49 -5.01 7.12 -0 -0 -15.8 -23.29 -8.59
2.23 12.54 -5.4 1.01 42.85 3.81 0 0 0 5.46 -7.64 -72.89 24.1 19.59 102.08 1.47 -13.71 -22.34 0.3 -3.54 -9.78 0 0 0 -6.09 2.52 -76.86 -24.56 -19.49 103.43 -1.19 -9.2 -25.86 -0.02 0.88 -2.42 -4.6 1.79 42.77 -0.45 1.08 12.34 1.4 0.78 -6.41 -8.09 -5.03 -8.46 10.4 -7.24 15.52 4.07 -3.13 6.79 0 -0 0 -54.96 -31.58 52.65 80.87 -59.68 -52.1 -0 0 -13.21 32.77 17.99 11.24 -7.12 0 -0 4.8 51.03 0.72 0 -0 0 57.57 21.66 42.22 -90.98 60 -60.85 0 0 9.32 -47.35 5.36 -5.79 7.12 -0 -0 -14.98 -22.18 -8.5
2.29 12.95 -5.26 1.82 42.64 5.23 0 0 0 3.97 -7.95 -70.5 22.87 19.8 98.42 1.51 -12.78 -22.47 0.31 -3.57 -9.86 0 0 0 -5.81 3.21 -74.8 -23.5 -19.7 100.28 -1.18 -9.6 -26.08 -0.02 0.94 -2.58 -4.48 1.6 41.95 -0.32 0.93 12.16 1.56 0.7 -6.38 -8.49 -5.02 -8.59 10.14 -7.14 15.77 4.06 -3.12 6.88 -0 -0 0 -56.29 -32.05 53.95 72.47 -58.81 -44.88 -0 0 -14.02 33.42 17.46 11.2 -7.12 0 -0 5.52 50.55 0.76 -0 -0 0 57.59 22.52 43.65 -84.5 59.89 -55.24 0 0 8.63 -46.39 6.43 -6.71 7.12 -0 -0 -14.08 -20.81 -8.41
2.36 13.36 -5.12 2.37 42.37 6.39 0 0 0 2.78 -8.34 -67.96 21.59 19.94 94.64 1.54 -12.2 -22.55 0.33 -3.71 -10.26 0 0 0 -5.21 3.92 -72.6 -22.37 -19.86 96.95 -1.1 -10.41 -26.11 -0.04 1.34 -3.69 -4.22 1.42 40.9 -0.1 0.84 11.96 1.71 0.64 -6.3 -8.87 -4.96 -8.44 10.14 -7.01 15.83 4.14 -3.08 6.88 -0 0 0 -57.73 -32.57 55.44 62.98 -57.05 -36.83 -0 0 -13.54 33.22 17.59 11.2 -7.12 0 -0 5.3 50.67 0.74 -0 0 0 57.42 23.36 45.72 -77.4 59.39 -49.11 0 0 6.29 -47.14 6.43 -6.88 7.12 -0 -0 -14.59 -20.69 -8.78
2.41 13.79 -4.97 3.25 41.84 7.14 0 0 0 1.01 -8.22 -64.49 20.16 20 90.46 1.58 -11.05 -22.71 0.41 -4.13 -11.43 0 0 0 -4.72 4.58 -69.59 -21.14 -19.97 93.34 -1.1 -10.72 -26.38 -0.04 1.23 -3.39 -4.05 1.39 40.25 -0.17 0.86 11.76 1.55 0.65 -6.32 -8.49 -5.08 -8.79 9.9 -7.2 16.41 3.98 -3.14 7.13 0 -0 0 -58.72 -33.21 57.65 54.57 -54.68 -29.86 -0 0 -13.05 32.85 17.76 11.14 -7.12 0 -0 4.91 50.78 0.7 0 -0 0 58.27 24.19 46.91 -69.42 58.34 -42.27 0 0 5.66 -45.29 7.06 -7.08 7.12 -0 -0 -13.19 -20.11 -8.06
2.47 14.21 -4.81 4.01 41.14 7.9 0 0 0 -0.59 -7.89 -61.17 18.73 19.96 86.27 1.58 -10.05 -22.57 0.53 -4.69 -13.02 0 0 0 -4.18 5.18 -66.83 -19.91 -20 89.75 -1.1 -10.82 -26.47 -0.02 1.01 -2.76 -3.8 1.3 39.18 -0.17 0.84 11.51 1.44 0.63 -6.28 -8.28 -5.09 -8.8 9.7 -7.21 16.53 3.88 -3.15 7.15 -0 0 0 -60.55 -33.41 60.06 46.66 -51.55 -23.53 -0 0 -11.91 31.57 17.83 10.65 -7.12 0 -0 3.58 50.62 0.5 -0 0 0 59.05 24.92 48.09 -62.07 56.84 -36.07 0 0 3.26 -41.36 8.39 -7.32 7.12 -0 -0 -10.24 -18.96 -6.46
2.54 14.62 -4.64 4.42 40.37 8.3 0 0 0 -1.84 -7.41 -57.73 17.26 19.82 81.98 1.56 -9.32 -22.38 0.46 -4.36 -12.1 0 0 0 -3.45 5.84 -63.94 -18.64 -19.96 86.01 -1.12 -10.74 -26.5 -0.04 1.27 -3.49 -3.6 1.14 37.95 0.11 0.74 11.14 1.69 0.56 -6.29 -8.4 -5.05 -8.93 9.23 -7.08 17.01 3.76 -3.12 7.3 0 -0 0 -62.63 -33.58 62.02 39.65 -47.86 -18.18 -0 0 -11.25 29.62 16.84 9.35 -7.12 0 -0 1.74 49.17 0.18 0 -0 0 60.2 25.09 49.1 -56.32 55.25 -31.3 0 -0 -0.56 -38.7 7.38 -5.87 7.12 -0 -0 -8.55 -20.61 -5.05
2.61 15 -4.47 5.01 39.45 8.71 0 0 0 -3.24 -6.89 -54.3 15.87 19.59 77.85 1.55 -8.09 -22.28 0.53 -4.67 -12.97 0 0 0 -2.85 6.24 -61.08 -17.39 -19.84 82.34 -1.08 -10.85 -26.3 -0.06 1.55 -4.27 -3.05 0.96 36.49 0.11 0.7 10.64 1.44 0.53 -6.35 -8.2 -5.11 -8.53 8.89 -7.18 17.59 3.61 -3.19 7.41 -0 0 0 -64.8 -33.54 63.62 34.3 -44.3 -14.32 -0 0 -9.03 23.83 18.1 7.82 -7.12 0 -0 -4.19 49.6 -0.48 -0 0 0 61.5 24.1 48.97 -52.16 53.83 -27.91 0 -0 -6.81 -33.07 7.89 -5.11 7.12 -0 -0 -4.48 -20.6 -2.63
2.69 15.37 -4.26 5.81 38.38 9.07 0 0 0 -4.77 -6.43 -50.43 14.47 19.25 73.65 1.55 -6.96 -22.29 0.52 -4.61 -12.79 0 0 0 -2.37 6.68 -57.91 -16.19 -19.65 78.79 -1.13 -10.55 -26.46 -0.04 1.36 -3.75 -2.78 0.68 34.83 0.04 0.44 10.56 1.34 0.39 -5.98 -8.09 -5.11 -9.2 8.56 -7.14 18.3 3.48 -3.16 7.74 -0 0 0 -67.24 -32.12 61.87 31.15 -41.86 -12.17 -0 0 -3.25 20.22 19.09 6.87 -7.12 0 -0 -7.98 50.06 -1 -0 0 0 63.18 23.11 47.82 -49.18 52.66 -25.52 0 -0 -11.15 -29.89 7.69 -4.4 7.12 -0 -0 -2.21 -21.13 -1.27
2.76 15.73 -4.05 6.05 37.01 9.29 0 0 0 -5.75 -5.74 -46.95 13.07 18.81 69.34 1.52 -5.4 -22.17 0.55 -4.76 -13.23 0 0 0 -1.65 7.71 -55.17 -14.98 -19.38 75.18 -1.12 -10.62 -26.42 -0.03 1.04 -2.86 -2.37 0.39 32.61 0.2 0.24 10.5 1.49 0.27 -5.82 -8.44 -4.96 -9.02 8.08 -6.83 18.86 3.42 -3.08 7.86 0 0 0 -70.09 -30.09 58.59 28.64 -39.69 -10.53 -0 0 -0.02 15.67 21.34 5.83 -7.12 0 -0 -13.21 51.59 -2.18 0 0 0 64.64 21.25 46.27 -47.26 51.83 -24 0 -0 -12.61 -29.18 6.66 -3.71 7.12 -0 -0 -1.77 -22.36 -0.96
2.83 16.09 -3.82 6.27 35.36 9.24 0 0 0 -6.76 -4.95 -42.87 11.61 18.22 64.75 1.49 -3.77 -22.16 0.48 -4.43 -12.29 0 0 0 -0.92 8.91 -51.94 -13.73 -19.03 71.38 -1.13 -10.39 -26.33 -0.01 0.62 -1.71 -1.87 0.15 31.03 0.27 0.06 9.92 1.34 0.17 -5.77 -8.31 -4.79 -9.12 7.33 -6.52 20.15 3.19 -2.97 8.25 0 -0 0 -72.6 -26.78 54.13 27.38 -38.54 -9.73 -0 -0 0.24 15.29 20.76 5.53 -7.12 0 -0 -13.34 50.95 -1.98 0 -0 0 66.02 18.6 44.39 -46.07 51.28 -23.07 0 -0 -12.57 -31.13 6.34 -3.81 7.12 -0 -0 -3.22 -22.59 -1.74
2.88 16.44 -3.56 7.04 33.86 9.47 0 0 0 -8.15 -4.49 -38.63 10.16 17.5 60.01 1.43 -1.74 -22.12 0.5 -4.54 -12.59 0 0 0 -0.47 9.69 -48.72 -12.53 -18.61 67.67 -1.04 -10.8 -25.97 -0.01 0.77 -2.12 -1.37 -0.23 29.49 -0.03 -0.35 9.24 0.86 -0.04 -5.82 -7.89 -4.67 -8.6 6.89 -6.39 20.85 3 -2.92 8.35 -0 0 0 -74.21 -22.72 49.48 26.81 -38 -9.38 -0 0 -0.38 17.64 19.93 6.19 -7.12 0 -0 -10.76 50.5 -1.47 -0 0 0 67.89 15.6 42.16 -45.19 50.86 -22.39 0 -0 -13.1 -31.88 5.99 -3.71 7.12 -0 -0 -3.8 -22.94 -2.02
2.93 16.76 -3.28 8.86 32.05 10.16 0 0 0 -10.47 -4.04 -34.27 8.79 16.67 55.35 1.26 1.11 -21.66 0.77 -5.62 -15.69 0 0 0 -0.98 10 -45.56 -11.38 -18.12 64.02 -1.03 -10.51 -25.68 -0 0.38 -1.05 -2.18 -0.39 27.72 -0.29 -0.82 8.62 1.18 -0.28 -5.66 -8.09 -4.45 -7.94 6.61 -6.07 21.52 3 -2.82 8.43 -0 0 0 -76.14 -19.28 44.3 26.05 -37.26 -8.92 -0 0 -2.91 19.79 18.88 6.64 -7.12 0 -0 -8.34 49.77 -0.99 -0 0 0 68.87 12.73 40.02 -44.14 50.34 -21.57 0 -0 -14.49 -32.42 5.53 -3.51 7.12 -0 -0 -4.23 -23.44 -2.21
2.93 17.09 -2.98 7.54 30.74 8.91 0 0 0 -9.34 -3.67 -30.13 7.65 15.86 51.29 0.96 2.93 -19.74 0.93 -6.16 -17.24 0 0 0 1.88 10.89 -41.55 -10.18 -17.51 60.09 -0.93 -11.34 -25.59 -0.03 1.15 -3.15 -0.6 -0.87 25.88 0.13 -1.01 8.28 0.78 -0.39 -5.16 -7.91 -4.48 -7.73 6.09 -6.07 22.45 2.8 -2.86 8.69 0 -0 0 -77.7 -15.71 39.38 26.04 -37.24 -8.91 -0 0 -5.39 21.88 23.07 8.95 -7.12 0 -0 -7.66 54.47 -1.79 0 -0 0 69.77 10.23 37.32 -42.5 49.48 -20.32 0 -0 -12.81 -32.46 4.94 -3.14 7.12 -0 -0 -4.3 -24.13 -2.17
2.88 17.38 -2.65 8.83 29.25 10.14 0 0 0 -10.34 -3.96 -27.57 6.69 15.07 47.71 0.55 5.56 -17.19 1 -6.35 -17.81 0 0 0 1.61 12.46 -39.25 -9.16 -16.91 56.65 -0.9 -11.9 -25.84 -0.01 0.77 -2.12 -1.5 -1 22.91 0.03 -1.43 7.54 1.25 -0.63 -4.47 -7.9 -4.44 -7.25 5.49 -5.96 23.47 2.62 -2.87 8.92 0 -0 0 -78.82 -11.96 34.99 26.24 -37.44 -9.03 -0 0 -6.54 22.78 20.03 8.18 -7.12 0 -0 -5.74 51.47 -0.92 0 -0 0 70.65 7.8 35.05 -40.06 48.11 -18.49 0 -0 -11.15 -34.11 5.85 -3.95 7.12 -0 -0 -5.44 -22.93 -2.9
2.83 17.66 -2.31 9.03 27.68 9.26 0 0 0 -10.36 -3.59 -24.07 6.07 14.49 45.25 0.11 8.36 -13.88 1.13 -6.76 -19 0 0 0 3.07 13.43 -34.93 -8.1 -16.19 52.92 -0.83 -12.49 -25.86 -0.01 0.59 -1.63 -1.06 -1.05 21.5 0.01 -1.42 7.29 0.95 -0.63 -4.05 -8.1 -4.63 -6.75 5.17 -6.17 24.2 2.54 -3.02 9.1 0 -0 0 -79.64 -9 32.22 25.8 -37.01 -8.76 -0 0 -7.26 24.74 22.05 9.82 -7.12 0 -0 -4.34 53.97 -0.96 0 -0 0 71.4 5.5 32.26 -37.33 46.41 -16.48 0 -0 -9.31 -34.19 5.56 -3.76 7.12 -0 -0 -5.53 -23.28 -2.91
2.72 17.91 -1.98 10 26.35 8.17 0 0 0 -10.92 -3.36 -20.82 5.69 14.12 43.71 -0.33 11.29 -9.64 1.09 -6.65 -18.68 0 0 0 3.88 14.1 -30.27 -7.19 -15.49 49.58 -0.8 -12.77 -25.87 -0 0.2 -0.54 -1.53 -1.09 20.98 -0.27 -1.6 7.06 0.96 -0.73 -4.02 -8.02 -4.72 -6.46 4.88 -6.29 25.14 2.42 -3.1 9.37 0 -0 0 -79.97 -6.24 29.93 25.25 -36.45 -8.44 -0 0 -6.2 24.69 21.46 9.55 -7.12 0 -0 -4.22 53.32 -0.86 0 -0 0 72.2 3.47 29.9 -34.39 44.37 -14.38 0 -0 -7.28 -34.33 5.2 -3.54 7.12 -0 -0 -5.66 -23.69 -2.92
2.61 18.11 -1.67 9.85 24.83 7.16 0 0 0 -10.12 -3.19 -19.56 5.69 14.12 43.71 -0.68 14.47 -4.83 0.71 -5.4 -15.04 0 0 0 5.64 14.87 -26.59 -6.33 -14.74 46.27 -0.6 -13.65 -25.16 -0 0.42 -1.15 -1.25 -1.07 20.03 -0.2 -1.52 6.69 0.85 -0.7 -3.94 -8.08 -4.78 -6.23 4.6 -6.35 26.11 2.34 -3.17 9.67 0 -0 0 -80.33 -3.48 28.59 24.9 -36.1 -8.23 -0 0 -4.93 24.83 21.26 9.52 -7.12 0 -0 -4.01 53.14 -0.8 0 -0 0 72.46 1.62 28.18 -31.23 41.93 -12.23 0 -0 -5.27 -34.74 5.02 -3.47 7.12 -0 -0 -5.99 -23.88 -3.07
2.49 18.29 -1.36 9.58 23.03 6.33 0 0 0 -9.15 -3.38 -19.11 5.94 14.37 44.73 -0.97 18 -0.79 0.15 -2.5 -6.9 0 0 0 7.34 15.4 -23.25 -5.51 -13.93 42.97 -0.56 -13.48 -24.72 -0 0.23 -0.64 -1.13 -0.94 18.55 -0.12 -1.33 6.43 0.79 -0.62 -3.45 -8.09 -4.72 -5.89 4.38 -6.26 26.79 2.29 -3.16 9.84 0 -0 0 -80.79 -1.38 27.09 24.14 -35.31 -7.79 -0 0 -3.31 24.43 20.96 9.23 -7.12 0 -0 -4.34 52.75 -0.83 0 -0 0 72.41 0.19 26.92 -28.38 39.46 -10.36 0 -0 -3.91 -33.68 4.82 -3.21 7.12 -0 -0 -5.22 -24.19 -2.63
2.37 18.42 -1.07 8.88 20.88 5.32 0 0 0 -7.8 -3.75 -18.94 6.43 14.83 46.68 -1.25 21.48 1.99 0 0.39 1.07 0 0 0 9.34 15.59 -20.36 -4.85 -13.21 40.17 -0.59 -12.68 -24.08 -0 -0.19 0.51 -0.7 -0.79 17.5 0.01 -1.07 6.01 0.62 -0.5 -3.36 -7.87 -4.51 -5.51 4.04 -5.97 27.43 2.17 -3.05 9.96 -0 -0 0 -81.4 0.94 25.56 23.44 -34.57 -7.39 -0 0 -1.77 24.52 20.44 9.05 -7.12 0 -0 -4.1 52.21 -0.73 -0 -0 0 72.17 -1.15 26.49 -25.62 36.83 -8.66 0 -0 -1.67 -32.48 3.46 -2.2 7.12 -0 -0 -4.44 -25.87 -2.06
2.27 18.52 -0.82 8.08 18.56 4.15 0 0 0 -6.7 -4.73 -18.38 6.88 15.23 48.42 -1.66 25.53 4.2 0.51 4.59 12.74 0 0 0 11.27 15.99 -17.56 -4.29 -12.54 37.68 -0.62 -11.81 -23.43 -0.01 -0.7 1.93 0.05 -0.63 16.81 0.1 -0.75 5.76 0.23 -0.34 -3.28 -7.57 -4.45 -5.57 3.64 -5.85 28.09 2 -3.01 10.19 -0 0 0 -82.19 2.72 23.97 22.73 -33.79 -6.99 -0 0 -0.42 24.11 20.43 8.88 -7.12 0 -0 -4.52 52.13 -0.79 -0 0 0 71.73 -1.8 26 -22.98 34.07 -7.13 0 0 0.78 -32.39 4.95 -3.13 7.12 -0 -0 -4.25 -24.13 -2.15
2.18 18.6 -0.55 7.84 15.73 3.28 0 0 0 -6.57 -5.78 -17.4 7.12 15.43 49.33 -0.97 21.85 6.55 0.73 5.45 15.2 0 0 0 12.61 16.92 -15.02 -3.91 -12.04 35.88 -0.6 -11.19 -22.7 -0.01 -0.67 1.85 -0.1 -0.29 15.96 0.12 -0.34 5.51 0.25 -0.15 -3.09 -7.56 -4.29 -5.51 3.6 -5.65 28.63 2.01 -2.93 10.36 -0 -0 0 -83.23 4.38 22.25 21.79 -32.74 -6.47 -0 0 -0.03 24.79 19.77 8.88 -7.12 0 -0 -3.66 51.55 -0.59 -0 -0 0 71.43 -2.83 25.43 -21.44 32.34 -6.28 0 0 3.72 -31.11 4.11 -2.47 7.12 -0 -0 -3.36 -25.19 -1.61
2.11 18.63 -0.33 7.41 13.22 2.61 0 0 0 -6.78 -7.5 -16.76 7.34 15.61 50.14 -0.39 14.94 5.3 0.22 2.99 8.26 0 0 0 13.83 17.72 -13.35 -3.71 -11.76 34.88 -0.69 -10.02 -22.33 -0.02 -0.89 2.44 0.21 -0.16 15.1 0.16 -0.14 5.34 0.07 -0.05 -2.81 -7.35 -4.13 -5.49 3.39 -5.44 29 1.92 -2.84 10.47 0 0 0 -84.37 5.37 19.8 20.74 -31.53 -5.92 -0 -0 1.69 23.07 18.91 7.86 -7.12 0 -0 -5.15 50.34 -0.68 0 0 0 71.09 -3.03 24.73 -19.73 30.32 -5.39 0 0 6.09 -30.28 3.61 -2.11 7.12 -0 -0 -2.77 -25.8 -1.29
2.05 18.65 -0.11 6.88 10.74 1.85 0 0 0 -7.38 -9.25 -16 7.38 15.64 50.3 -0.3 11.3 2.15 0.06 1.55 4.26 0 0 0 15.21 18.02 -11.51 -3.52 -11.49 33.95 -0.75 -8.82 -21.88 -0.01 -0.62 1.71 0.67 -0.13 14.64 0.24 -0.04 5.11 -0.13 -0 -2.81 -7.84 -3.87 -4.39 4.16 -5.29 28.18 2.31 -2.77 9.97 -0 -0 0 -85.46 6.26 18.02 19.57 -30.12 -5.31 -0 -0 2.23 21.92 19.57 7.68 -7.12 0 -0 -6.46 50.83 -0.93 -0 -0 0 70.79 -3.25 23.92 -18.47 28.76 -4.78 0 0 7.5 -29.78 3.76 -2.15 7.12 -0 -0 -2.38 -25.65 -1.12
2 18.65 0.09 6.54 8.18 1.41 0 0 0 -8.57 -10.89 -15.48 7.2 15.5 49.62 -0.27 9.4 -1.42 0 0.35 0.96 0 0 0 16.17 18.72 -10.22 -3.4 -11.32 33.36 -0.81 -7.77 -21.56 -0 -0.41 1.13 0.79 -0.05 14.01 0.3 0.07 4.93 -0.14 0.05 -2.66 -7.47 -3.65 -4.82 3.81 -4.96 28.9 2.15 -2.62 10.28 -0 0 0 -86.44 6.32 16.23 17.94 -28.08 -4.52 -0 -0 3.86 21.58 19.92 7.67 -7.12 0 -0 -6.9 51.14 -1.05 -0 0 0 70.68 -3.28 22.7 -17.78 27.88 -4.45 0 0 8.16 -29.5 3.85 -2.17 7.12 -0 -0 -2.17 -25.56 -1.02
1.96 18.65 0.29 6.29 5.64 1.35 0 0 0 -10.14 -12.36 -15.3 6.77 15.13 47.99 -0.19 8.03 -5.18 0 -0.21 -0.57 0 0 0 16.8 19.41 -9.48 -3.33 -11.21 32.98 -0.9 -6.35 -21.26 -0 -0.24 0.65 0.8 0.03 13.16 0.33 0.17 4.5 -0.14 0.09 -2.65 -7.14 -3.46 -4.88 3.63 -4.75 29.77 2.06 -2.52 10.59 -0 0 0 -87.15 6.73 14.93 16.55 -26.26 -3.89 -0 -0 6.52 21.28 19.94 7.56 -7.12 0 -0 -7.2 51.11 -1.09 -0 0 0 70.78 -3.73 21.6 -17.57 27.6 -4.35 0 0 8.43 -29.22 3.12 -1.75 7.12 -0 -0 -1.99 -26.4 -0.9
1.91 18.63 0.46 5.47 3.14 1.35 0 0 0 -11.12 -13.64 -15.66 6.26 14.68 46.02 -0.01 6.32 -8.64 0.01 -0.51 -1.41 0 0 0 18 20 -9.14 -3.18 -10.98 32.2 -0.93 -5.33 -20.92 -0.02 -0.96 2.65 1.21 0.13 12.73 0.54 0.35 4.15 -0.17 0.18 -2.78 -7.16 -3.45 -5.26 3.75 -4.78 30.42 2.1 -2.53 10.91 0 0 0 -87.6 6.57 14.04 15.35 -24.63 -3.37 -0 -0 9.15 20.54 19.15 7.01 -7.12 0 -0 -7.68 50.17 -0.98 0 0 0 71.17 -4.1 20.24 -17.91 28.04 -4.51 0 0 8.27 -29.04 1.58 -0.88 7.12 -0 -0 -1.91 -28.17 -0.78
1.88 18.61 0.65 4.88 0.6 1.43 0 0 0 -12.57 -14.4 -16.11 5.56 13.98 43.18 0.2 3.85 -10.73 0.04 -1.26 -3.48 0 0 0 18.86 20.54 -8.75 -3.17 -10.97 32.18 -1 -3.52 -20.48 -0.04 -1.32 3.62 1.41 0.18 12.15 0.63 0.43 3.89 -0.2 0.21 -2.73 -7.33 -3.4 -4.72 4.03 -4.83 30.27 2.23 -2.56 10.76 -0 0 0 -87.8 6.34 13.19 14.49 -23.42 -3.02 -0 -0 11.37 19.37 19.33 6.64 -7.12 0 -0 -8.88 50.17 -1.14 -0 0 0 71.5 -4.3 20.12 -18.45 28.73 -4.76 0 0 7.84 -28.43 1.26 -0.68 7.12 -0 -0 -1.44 -28.54 -0.58
1.85 18.59 0.83 4.79 -1.98 1.48 0 0 0 -14.77 -14.31 -16.41 4.69 13.03 39.49 0.42 -0.58 -12.12 0.2 -2.84 -7.84 0 0 0 19.15 21.29 -8.21 -3.18 -10.99 32.24 -1.08 -1.5 -20.23 -0.08 -1.84 5.06 1.24 0.29 11.61 0.49 0.54 3.7 -0.26 0.27 -2.64 -7.09 -3.32 -4.96 3.92 -4.75 30.71 2.16 -2.52 10.97 0 0 0 -87.59 6.26 13 14.2 -23.02 -2.9 -0 -0 12.45 19.14 19.28 6.54 -7.12 0 -0 -9.09 50.08 -1.15 0 0 0 72.19 -4.78 20.79 -19.08 29.52 -5.07 0 0 5.39 -29.36 1.76 -0.99 7.12 -0 -0 -2.15 -27.96 -0.89
1.82 18.56 1.01 4.81 -4.57 1.47 0 0 0 -17.22 -13.58 -16.78 3.84 11.95 35.54 0.48 -4.89 -12.33 0.35 -3.78 -10.47 0 0 0 19.24 21.98 -7.87 -3.26 -11.11 32.64 -1.14 0.73 -20 -0.14 -2.44 6.71 1.11 0.39 11.13 0.2 0.64 3.58 -0.5 0.32 -2.49 -7.03 -3.2 -4.85 3.91 -4.62 30.85 2.15 -2.47 10.99 0 -0 0 -87.06 5.78 12.83 13.99 -22.72 -2.83 -0 -0 12.97 19.3 19.5 6.67 -7.12 0 -0 -9 50.34 -1.19 0 -0 0 73.09 -5.05 21.31 -19.73 30.31 -5.39 0 0 5.45 -29.9 3.17 -1.82 7.12 -0 -0 -2.5 -26.32 -1.13
1.8 18.54 1.18 4.88 -7.12 1.64 0 0 0 -19.6 -12.95 -17.63 3.26 11.1 32.61 0.53 -8.21 -13.38 0.61 -5.02 -13.96 0 0 0 19.11 22.44 -7.66 -3.22 -11.05 32.44 -1.15 2.96 -19.5 -0.25 -3.2 8.84 0.75 0.46 10.51 0 0.68 3.43 -0.5 0.34 -2.31 -7.12 -3.02 -4.76 3.86 -4.38 30.99 2.18 -2.39 11.01 0 -0 0 -86.47 5.5 13.16 14.28 -23.14 -2.94 -0 -0 12.27 19.59 19.51 6.78 -7.12 0 -0 -8.72 50.39 -1.17 0 -0 0 73.79 -5.38 22.32 -20.28 30.98 -5.67 0 0 5.54 -30.34 3.43 -2 7.12 -0 -0 -2.82 -26.01 -1.3
1.78 18.54 1.35 4.94 -9.18 1.73 0 0 0 -21.68 -13.27 -18.02 2.86 10.47 30.51 0.62 -9.77 -14.62 0.77 -5.59 -15.59 0 0 0 18.94 22.57 -7.28 -3.17 -10.96 32.15 -1.11 5.1 -18.85 -0.41 -4.11 11.39 0.39 0.46 9.96 -0.29 0.62 3.23 -0.59 0.31 -2.22 -7.2 -2.79 -3.88 4.23 -4.23 30.55 2.35 -2.31 10.66 -0 -0 0 -85.41 4.89 13.8 14.34 -23.21 -2.96 -0 -0 11.75 20.27 20.02 7.21 -7.12 0 -0 -8.22 51.02 -1.23 -0 -0 0 74.68 -6.08 23.54 -20.99 31.82 -6.05 0 0 5.62 -29.68 3.43 -1.95 7.12 -0 -0 -2.32 -26.03 -1.07
1.76 18.53 1.53 4.07 -11.01 1.7 0 0 0 -22.28 -14.05 -17.92 2.66 10.13 29.39 0.4 -12.37 -13.31 0.57 -4.86 -13.5 0 0 0 19.91 22.27 -6.46 -3.08 -10.82 31.68 -1.02 6.92 -18.04 -0.51 -4.58 12.73 0.56 0.33 9.4 -0.16 0.48 3.09 -0.53 0.23 -2.05 -7.21 -2.5 -3.47 4.19 -3.87 30.91 2.38 -2.17 10.69 -0 -0 0 -84.63 4.2 13.88 14.54 -23.5 -3.04 -0 -0 11.78 24.41 15.21 6.79 -7.12 0 -0 -3.04 46.58 -0.12 -0 -0 0 75.07 -6.77 25.22 -21.36 32.25 -6.24 0 0 5.7 -29.43 4.21 -2.37 7.12 -0 -0 -2.1 -25.15 -1.01
1.72 18.51 1.7 3.11 -12.79 1.64 0 0 0 -22.18 -14.41 -17.47 2.61 10.04 29.12 0.08 -13.66 -10.51 0.47 -4.4 -12.21 0 0 0 20.97 21.48 -5.63 -2.94 -10.6 30.95 -0.89 9.17 -17.1 -0.61 -5.02 13.96 0.42 0.29 9.01 -0 0.41 2.83 -0.28 0.2 -2.11 -7.18 -2.38 -3.05 4.28 -3.82 31.4 2.43 -2.16 10.8 -0 0 0 -83.65 3.62 14.53 14.77 -23.83 -3.13 -0 -0 10.48 24.07 15.91 6.98 -7.12 0 -0 -3.5 47.29 -0.2 -0 0 0 75.74 -7.4 26.09 -21.28 32.16 -6.2 0 0 6.94 -28.78 4.28 -2.34 7.12 -0 -0 -1.6 -25.1 -0.77
1.68 18.5 1.88 2.11 -14.82 1.4 0 0 0 -21.59 -15.21 -16.06 2.7 10.19 29.6 0.17 -10.03 -9.58 0.01 0.67 1.85 0 0 0 21.96 20.48 -4.66 -2.82 -10.39 30.25 -0.74 11.63 -16.28 -0.59 -4.9 13.62 0.15 0.31 8.56 0.06 0.41 2.72 -0.07 0.2 -1.98 -6.8 -2.2 -2.83 4.3 -3.69 32.01 2.39 -2.08 10.97 -0 0 0 -82.47 2.97 15.24 14.85 -23.93 -3.16 -0 -0 9.91 23.77 16.85 7.27 -7.12 0 -0 -3.97 48.25 -0.32 -0 0 0 76.45 -8.22 26.97 -21.19 32.04 -6.15 0 0 8.21 -28.39 3.61 -1.95 7.12 -0 -0 -1.34 -25.88 -0.62
1.64 18.5 2.06 1.36 -17.32 1.2 0 0 0 -20.83 -13.84 -15.48 2.76 10.3 29.94 0.21 -8.9 -9.55 0.06 1.64 4.5 0 0 0 22.53 19.32 -4.39 -2.81 -10.39 30.24 -0.48 14.52 -15.04 -0.42 -4.14 11.48 -0.42 0.48 8.02 -0.07 0.59 2.6 0.11 0.29 -1.81 -6.48 -1.91 -2.19 4.63 -3.51 32.21 2.48 -1.95 10.91 0 -0 0 -81.09 1.96 15.82 14.64 -23.65 -3.08 -0 -0 9.16 24.23 17.3 7.62 -7.12 0 -0 -3.62 48.8 -0.34 0 -0 0 77.47 -8.81 27.02 -20.76 31.55 -5.93 0 0 9.88 -28.31 3.44 -1.85 7.12 -0 -0 -1.29 -26.08 -0.59
1.62 18.5 2.2 1.25 -20.26 0.95 0 0 0 -20.66 -11.9 -15.03 2.78 10.33 30.06 0.25 -8.58 -10.01 0.04 1.21 3.33 0 0 0 22.18 18.49 -5.22 -3.06 -10.8 31.59 -0.15 17.4 -13.62 -0.24 -3.17 8.74 -1.35 0.77 7.64 -0.61 0.9 2.54 0.04 0.44 -1.67 -6.16 -1.67 -1.71 5.12 -3.42 32.33 2.61 -1.85 10.85 0 0 0 -79.51 0.76 15.86 14.49 -23.43 -3.02 -0 -0 8.76 24.15 18.17 7.96 -7.12 0 -0 -3.9 49.72 -0.45 0 0 0 78.9 -9.03 26.73 -20.2 30.89 -5.64 0 0 11.06 -28.69 4.37 -2.39 7.12 -0 -0 -1.53 -25 -0.74
1.61 18.51 2.32 1.8 -23.15 0.61 0 0 0 -21.42 -10.2 -14.2 2.64 10.09 29.26 0.34 -7.31 -10.79 0.05 1.51 4.14 0 0 0 20.73 16.75 -8.07 -3.79 -11.88 35.3 0.31 20.53 -11.8 -0.02 -0.8 2.2 -2.97 0.94 7.38 -1.17 1 2.52 0.38 0.49 -1.57 -5.9 -1.25 -1.7 5.27 -2.92 32.15 2.66 -1.6 10.74 -0 -0 0 -78.32 -0.12 15.61 14.46 -23.38 -3.01 -0 -0 8.99 26.05 18.77 8.94 -7.12 0 -0 -2.15 50.69 -0.3 -0 -0 0 79.68 -9.25 27.15 -20.18 30.86 -5.63 0 0 11.55 -28.42 5.23 -2.82 7.12 -0 -0 -1.29 -24.04 -0.65
1.63 18.5 2.4 1.44 -26.37 0.52 0 0 0 -21.39 -9.9 -13.63 2.74 10.26 29.82 0.55 -4.88 -13.22 0.03 1.05 2.88 0 0 0 19.99 15.1 -11.6 -4.71 -13.05 39.57 0.22 24.41 -15.71 -0.66 5.21 -14.52 -3.61 1.05 7.71 -1.5 1.07 2.54 0.39 0.52 -1.74 -5.77 -0.79 -2.02 5.32 -2.31 31.95 2.71 -1.31 10.67 0 -0 0 -77.33 -0.58 15.69 15.16 -24.37 -3.29 -0 -0 6.77 21.02 20.61 7.71 -7.12 0 -0 -7.67 51.77 -1.28 0 -0 0 79.93 -9.65 28.66 -20.89 31.7 -5.99 0 0 11.53 -27.5 4.9 -2.55 7.12 -0 -0 -0.62 -24.46 -0.31
1.67 18.46 2.46 0.96 -29.66 0.33 0 0 0 -21.18 -8.77 -13.63 2.93 10.58 30.88 0.71 -3.56 -15.08 0.03 1.12 3.07 0 0 0 19.1 13.36 -15.39 -5.83 -14.26 44.3 1.35 25.22 -7.14 -0.51 4.57 -12.69 -4.17 1.19 8.49 -1.68 1.15 2.68 0.49 0.56 -2.03 -5.29 -0.33 -2.22 4.72 -1.53 31.29 2.46 -0.96 10.4 0 -0 0 -76.54 -1.41 15.76 15.4 -24.69 -3.39 -0 -0 5.18 21.22 20.58 7.77 -7.12 0 -0 -7.47 51.77 -1.25 0 -0 0 79.52 -9.97 30.58 -21.95 32.92 -6.56 0 0 11.51 -25.72 6.47 -3.11 7.12 -0 -0 0.76 -22.81 0.4
1.7 18.42 2.5 0.86 -32.07 0.02 0 0 0 -21.23 -8.1 -13.32 2.99 10.67 31.18 0.81 -2.98 -16.28 0.14 2.38 6.56 0 0 0 17.98 10.85 -19.59 -6.97 -15.3 48.75 1.19 21.08 -2.28 -0.52 4.62 -12.82 -4.87 1.18 9.33 -2.1 1.02 2.89 0.45 0.49 -2.27 -4.9 0.08 -1.91 4.55 -0.96 30.36 2.36 -0.68 9.95 -0 -0 0 -75.45 -2.28 16.38 15.81 -25.26 -3.56 -0 -0 4.16 20.73 21.18 7.79 -7.12 0 -0 -8.15 52.3 -1.47 -0 -0 0 79.65 -9.27 31.32 -22.17 33.17 -6.68 0 0 12.43 -26.53 6.77 -3.37 7.12 -0 -0 0.17 -22.43 0.09
1.73 18.44 2.55 0.7 -33.9 -0.08 0 0 0 -21.38 -7.51 -12.8 2.94 10.6 30.94 0.89 -1.81 -17.3 0.07 1.74 4.79 0 0 0 17.1 7.54 -23.35 -7.75 -15.93 51.67 0.36 17.28 -8.32 -1.32 7.27 -20.53 -5.33 1.02 9.61 -2.34 0.74 3.11 0.49 0.35 -2.19 -4.79 0.49 -1.25 4.27 -0.36 29.96 2.28 -0.44 9.65 0 0 0 -74.74 -3.5 17.07 15.69 -25.1 -3.51 -0 -0 3.7 21.51 21.07 8.07 -7.12 0 -0 -7.33 52.33 -1.33 0 0 0 79.62 -9.06 31.38 -22.56 33.61 -6.89 0 0 12.75 -26.75 7.07 -3.55 7.12 -0 -0 0.02 -22.07 0.01
1.74 18.49 2.61 -0.22 -35.36 0.26 0 0 0 -20.91 -7.89 -11.84 2.89 10.52 30.66 0.98 0.14 -18.77 0.02 1.01 2.78 0 0 0 17.06 4.47 -25.91 -7.85 -16.01 52.03 -0.54 10.25 -13.94 -1.01 6.4 -17.96 -5.14 0.87 9.91 -2.29 0.53 3.27 0.45 0.24 -2.18 -4.95 0.85 -0.48 4.13 0.11 30.15 2.29 -0.28 9.55 -0 -0 0 -74.37 -5.11 17.04 15.24 -24.48 -3.33 -0 -0 4.65 21.26 21.28 8.04 -7.12 0 -0 -7.65 52.5 -1.42 -0 -0 0 79.72 -9.25 30.27 -22.76 33.82 -7 0 0 12.36 -26.33 6.59 -3.25 7.12 -0 -0 0.31 -22.63 0.17
1.73 18.49 2.67 -1.37 -36.69 1.01 0 0 0 -20.12 -8.63 -11.32 2.92 10.56 30.82 1.1 1.41 -20.35 0.05 1.49 4.09 0 0 0 17.05 2.71 -27.33 -7.39 -15.65 50.35 -0.78 6.25 -15.74 -0.85 5.89 -16.47 -4.95 0.79 10.01 -2.16 0.45 3.36 0.49 0.2 -2.14 -5.73 0.89 -0.78 5.29 -0.11 31.08 2.84 -0.38 9.95 -0 0 0 -74.35 -6.09 17.31 15.57 -24.93 -3.46 -0 -0 4.96 21.51 21.49 8.22 -7.12 0 -0 -7.48 52.77 -1.44 -0 0 0 79.93 -9.46 29.02 -22.82 33.89 -7.04 0 0 11.66 -26.55 3.87 -1.93 7.12 -0 -0 0.06 -25.65 0.03
1.7 18.58 2.71 -2.37 -38.09 1.95 0 0 0 -19.43 -9.23 -10.2 2.66 10.12 29.37 1.11 2.99 -21.22 0.22 3.05 8.42 0 0 0 16.11 3.66 -27.83 -6.55 -14.94 47.16 -0.62 3.89 -14.11 -0.56 4.79 -13.3 -5.2 0.8 9.85 -1.91 0.46 3.28 0.89 0.2 -2.13 -5.78 1.05 -0.81 5.21 0.08 31.61 2.85 -0.33 10.14 -0 0 0 -74.75 -6.05 18.13 16.65 -26.39 -3.93 -0 -0 3.67 21.89 21.37 8.33 -7.12 0 -0 -7.05 52.71 -1.34 -0 0 0 79.74 -9.88 28.5 -22.43 33.46 -6.82 0 0 10.61 -27.53 5.01 -2.61 7.12 -0 -0 -0.64 -24.33 -0.32
1.65 18.66 2.74 -3.66 -39.23 3.05 0 0 0 -18.39 -8.98 -9.42 2.41 9.67 27.92 1.05 4.44 -21.4 0.2 2.86 7.89 0 0 0 15.03 6 -26.83 -5.38 -13.8 42.43 -0.35 1.66 -10.73 -0.55 4.76 -13.23 -5.18 0.89 9.86 -1.65 0.58 3.24 1.14 0.26 -2.19 -5.74 0.98 -0.78 5.25 -0.04 31.57 2.84 -0.38 10.13 0 -0 0 -74.86 -5.9 20.33 18.25 -28.47 -4.67 -0 -0 0.53 21.11 22.74 8.49 -7.12 0 -0 -8.33 53.98 -1.85 0 -0 0 79.59 -10.13 27.92 -21.88 32.84 -6.52 0 0 11.11 -27.59 6.21 -3.23 7.12 -0 -0 -0.63 -22.98 -0.33
1.59 18.75 2.74 -5.08 -39.92 4.24 0 0 0 -17.16 -9.17 -8.44 2.13 9.14 26.22 0.92 6.02 -21.27 0.28 3.42 9.46 0 0 0 13.68 9.52 -24.83 -4.18 -12.4 37.17 -0.14 -1.48 -7.79 -0.55 4.75 -13.18 -4.6 0.97 10.02 -1.78 0.72 3.16 0.66 0.34 -2.36 -5.19 0.9 -0.26 5.51 -0.33 31.23 2.8 -0.43 9.92 0 -0 0 -74.19 -5.61 22.93 19.81 -30.42 -5.44 -0 0 -1.16 21.83 22.26 8.63 -7.12 0 -0 -7.42 53.62 -1.58 0 -0 0 80.59 -10.42 26.59 -21.12 31.97 -6.11 0 0 12.67 -27.55 6.3 -3.28 7.12 -0 -0 -0.59 -22.88 -0.32
1.51 18.83 2.76 -5.41 -40.42 4.75 0 0 0 -16.96 -9.67 -6.88 1.78 8.38 23.88 0.84 7.72 -21.79 0.25 3.24 8.94 0 0 0 11.08 13.92 -22.1 -3.23 -11.05 32.46 0.05 -5.88 -6.92 -0.08 1.78 -4.9 -4.94 0.97 9.69 -1.92 0.72 3.2 0.71 0.33 -2.14 -5.01 0.86 -0.18 5.39 -0.39 31.36 2.73 -0.46 9.96 0 -0 0 -74.3 -5.41 23.98 21.09 -31.93 -6.1 -0 0 -1.07 21.83 21.92 8.51 -7.12 0 -0 -7.29 53.27 -1.49 0 -0 0 80.94 -10.6 26.09 -20.47 31.2 -5.77 0 0 13.82 -27.47 6.92 -3.59 7.12 -0 -0 -0.51 -22.19 -0.28
1.41 18.9 2.75 -5.72 -40.6 5.26 0 0 0 -16.54 -9.31 -5.93 1.46 7.65 21.64 0.57 9.4 -20.66 0.12 2.22 6.1 0 0 0 8.75 17.78 -19.61 -2.54 -9.91 28.68 0.42 -12.13 -9 -0 0.4 -1.1 -5.21 1.1 9.78 -2.03 0.84 3.06 0.73 0.4 -2.35 -5.16 0.73 -0.02 5.66 -0.66 31.7 2.83 -0.59 10.07 0 -0 0 -74.39 -5.3 25.29 21.88 -32.85 -6.52 -0 0 -1.27 21.95 21.92 8.55 -7.12 0 -0 -7.17 53.29 -1.47 0 -0 0 81.71 -11.11 24.73 -19.87 30.49 -5.47 0 0 15.08 -26.94 7.28 -3.68 7.12 -0 -0 -0.1 -21.83 -0.06
1.3 18.96 2.74 -6.85 -40.53 6.32 0 0 0 -15.36 -9.85 -4.98 1.27 7.14 20.13 0.59 9.82 -21.25 0.23 3.09 8.54 0 0 0 7.72 19.94 -17.53 -2.06 -8.99 25.76 0.83 -17.22 -13.55 -0.09 -1.94 5.33 -4.4 1.03 9.25 -2.13 0.87 3.25 0.18 0.4 -1.84 -5.3 0.77 0.04 5.98 -0.7 31.81 2.97 -0.6 10.1 0 0 0 -74.53 -5.56 25.23 22.18 -33.18 -6.68 -0 0 -0.29 21.42 22.16 8.42 -7.12 0 -0 -7.8 53.44 -1.63 0 0 0 82.39 -11.23 24.57 -19.44 29.96 -5.25 0 0 15.2 -26.95 7.76 -3.92 7.12 -0 -0 -0.09 -21.29 -0.05
1.18 19.01 2.69 -7.75 -40.67 7.14 0 0 0 -14.31 -10.37 -4.28 1.17 6.85 19.28 0.51 10.88 -21.49 0.18 2.73 7.54 0 0 0 6.96 21.17 -15.91 -1.76 -8.35 23.78 0.99 -19.87 -18.08 -0.15 -2.53 6.98 -4.42 1.25 9.47 -1.89 1.15 3.18 0.4 0.54 -2.05 -5.44 0.75 -0.03 6.08 -0.75 32.08 3.04 -0.63 10.22 0 0 0 -75.27 -5.47 25.59 22.17 -33.17 -6.68 -0 0 -1.07 22.45 21.53 8.62 -7.12 0 -0 -6.53 52.98 -1.29 0 0 0 82.53 -11.68 24.65 -19.19 29.65 -5.12 0 0 14.87 -25.66 7.15 -3.42 7.12 -0 -0 0.83 -22.06 0.46
1.03 19.04 2.62 -8.28 -40.82 7.91 0 0 0 -13.35 -10.41 -4.03 1.05 6.53 18.32 0.4 11.75 -21.32 0.12 2.23 6.13 0 0 0 5.98 21.72 -15.17 -1.64 -8.07 22.93 1.14 -20.61 -17.65 -0.12 -2.21 6.09 -4.54 1.43 9.39 -1.86 1.37 3.16 0.48 0.66 -2.04 -5.44 0.76 0.08 6.07 -0.73 32 3.03 -0.62 10.17 0 -0 0 -75.87 -5.11 25.02 22.23 -33.23 -6.71 -0 0 -1.16 22.3 21.65 8.6 -7.12 0 -0 -6.72 53.07 -1.34 0 -0 0 82.68 -11.93 24.86 -19.18 29.64 -5.12 0 0 15.43 -24.16 6.81 -3.04 7.12 -0 -0 1.91 -22.53 1.03
0.88 19.07 2.53 -9.26 -41.13 8.9 0 0 0 -12 -10.8 -3.6 0.97 6.27 17.57 0.33 12.7 -21.67 0.1 1.99 5.48 0 0 0 5.66 21.82 -14.7 -1.6 -7.99 22.68 1.3 -20.56 -14.14 -0.1 -2.09 5.75 -4.26 1.66 9.39 -1.82 1.71 3.27 0.33 0.82 -1.93 -5.6 0.76 -0.08 6.39 -0.79 31.97 3.17 -0.63 10.19 0 -0 0 -76.12 -4.76 24.46 21.86 -32.82 -6.51 -0 0 -1.35 23.19 21 8.73 -7.12 0 -0 -5.61 52.56 -1.05 0 -0 0 82.89 -11.75 24.89 -19.12 29.57 -5.09 0 0 16.13 -23.31 8.1 -3.47 7.12 -0 -0 2.56 -21.18 1.46
0.71 19.09 2.4 -9.61 -41.13 9.48 0 0 0 -10.95 -11.35 -3.29 0.88 5.99 16.77 0.24 13.39 -21.65 0.09 1.92 5.28 0 0 0 5.16 21.27 -14.65 -1.69 -8.19 23.28 1.37 -20.34 -10.52 -0.12 -2.22 6.13 -4.49 1.73 9.69 -1.86 1.76 3.35 0.4 0.84 -2.02 -5.5 0.83 -0.05 6.46 -0.7 31.72 3.18 -0.57 10.08 0 -0 0 -76.26 -4.29 23.28 21.25 -32.12 -6.18 -0 0 -0.4 23.74 21.72 9.24 -7.12 0 -0 -5.28 53.42 -1.1 0 -0 0 82.88 -11.49 25.36 -19.22 29.69 -5.14 0 0 15.92 -22.91 7.89 -3.32 7.12 -0 -0 2.85 -21.43 1.61
0.51 19.09 2.25 -10.15 -41.2 10.13 0 0 0 -9.69 -11.81 -3.14 0.84 5.84 16.33 0.12 14.3 -21.6 0.08 1.84 5.06 0 0 0 5.23 20.83 -14.33 -1.8 -8.43 24.03 1.37 -20.17 -7.37 -0.1 -1.99 5.47 -4.47 1.9 9.81 -1.94 1.99 3.5 0.27 0.95 -1.93 -5.32 0.79 0.07 6.64 -0.81 31.48 3.2 -0.57 9.97 0 0 0 -76.44 -3.64 21.57 20.6 -31.36 -5.84 -0 0 -0.24 26.19 20.21 9.64 -7.12 0 -0 -2.34 52.27 -0.42 0 0 0 83.04 -11.19 25.53 -19.36 29.87 -5.21 0 0 15.31 -23.4 7.42 -3.2 7.12 -0 -0 2.48 -21.9 1.38
0.3 19.09 2.07 -9.92 -40.81 10.52 0 0 0 -8.77 -12.99 -3.14 0.79 5.66 15.81 0.14 14.65 -22.23 0.16 2.57 7.09 0 0 0 4.95 20.36 -14.33 -1.96 -8.78 25.12 1.56 -21.9 -3.63 -0.15 -2.52 6.96 -4.88 1.85 9.97 -1.96 1.86 3.41 0.5 0.89 -2.12 -5.97 0.91 0.48 7.21 -0.76 31.48 3.52 -0.58 9.89 0 -0 0 -76.77 -2.86 19.23 19.6 -30.16 -5.33 -0 -0 1.43 27.99 20.63 10.61 -7.12 0 -0 -0.58 53.07 -0.11 0 -0 0 82.62 -11.35 25.87 -19.65 30.22 -5.36 0 0 14.33 -23.57 7.42 -3.22 7.12 -0 -0 2.36 -21.9 1.31
0.06 19.07 1.88 -9.15 -40.17 10.47 0 0 0 -8.12 -13.45 -3.36 0.73 5.47 15.26 0.04 14.93 -21.61 0.1 2.04 5.6 0 0 0 4.64 20.07 -13.91 -2.15 -9.17 26.32 1.91 -24.51 -2.14 -0.27 -3.36 9.27 -5.41 1.88 10.18 -2.19 1.82 3.41 0.55 0.87 -2.24 -5.72 0.86 0.96 7.19 -0.86 31.28 3.45 -0.6 9.73 0 0 0 -76.63 -2.48 17.01 18.27 -28.5 -4.68 -0 -0 2.66 30.02 20.74 11.57 -7.12 0 -0 1.53 53.6 0.32 0 0 0 82.53 -11.5 25.77 -19.77 30.36 -5.41 0 0 13.65 -24.29 7.51 -3.37 7.12 -0 -0 1.83 -21.75 1.02
-0.2 19.03 1.65 -9.05 -39.25 10.95 0 0 0 -6.67 -13.77 -4.15 0.72 5.42 15.11 -0.09 15.1 -20.47 0 -0.1 -0.27 0 0 0 5.3 19.98 -13.33 -2.31 -9.49 27.34 2.06 -25.79 -0.81 -0.28 -3.38 9.35 -5.13 1.9 10.32 -2.29 1.86 3.64 0.28 0.89 -2.08 -5.75 0.67 0.5 7.54 -1.19 31.57 3.57 -0.72 9.95 0 -0 0 -76.02 -2.81 15.11 17.05 -26.92 -4.11 -0 -0 2.74 32 21.56 12.93 -7.12 0 -0 3.52 54.93 0.86 0 -0 0 82.53 -11.3 25.24 -19.79 30.39 -5.42 0 0 13.51 -24.87 7.41 -3.42 7.12 -0 -0 1.41 -21.83 0.78
-0.48 18.98 1.41 -8.75 -37.99 11.53 0 0 0 -5.01 -14.56 -6.03 0.83 5.8 16.2 -0.08 14.57 -19.78 0 0.15 0.4 0 0 0 6.19 20.06 -12.4 -2.34 -9.54 27.51 1.89 -24.88 -0.47 -0 0.23 -0.64 -4.71 1.84 10.31 -2.31 1.84 3.74 0.04 0.87 -1.95 -5.97 0.64 0.82 7.9 -1.3 31.26 3.72 -0.75 9.78 0 -0 0 -75.95 -2.25 13.06 16.41 -26.07 -3.82 -0 -0 2.47 32.81 22.65 13.94 -7.12 0 -0 4.24 56.33 1.18 0 -0 0 82.28 -11.35 24.98 -19.56 30.11 -5.31 0 0 13.7 -26.14 8.17 -3.99 7.12 -0 -0 0.52 -20.89 0.3
-0.79 18.89 1.13 -8.13 -36.83 11.69 0 0 0 -3.59 -14.67 -7.76 0.91 6.08 17.02 -0.08 13.73 -18.59 0.02 -0.86 -2.37 0 0 0 7.4 19.12 -11.44 -2.33 -9.53 27.47 1.59 -21.83 -5.17 -0.4 4.04 -11.2 -4.24 1.87 10.61 -2.48 1.9 3.99 -0.41 0.9 -1.84 -5.43 0.48 0.97 7.3 -1.35 30.8 3.39 -0.76 9.59 0 -0 0 -75.43 -1.77 11.69 16.3 -25.93 -3.78 -0 -0 1.66 34.92 22.43 14.92 -7.12 0 -0 6.68 56.58 1.9 0 -0 0 82.15 -11.48 25.03 -19.65 30.21 -5.35 0 0 13.52 -25.99 7.98 -3.87 7.12 -0 -0 0.62 -21.11 0.35
-1.1 18.78 0.82 -6.18 -35.39 11.3 0 0 0 -3.16 -14.97 -9.77 0.95 6.22 17.41 -0.12 12.99 -16.92 0.16 -2.6 -7.16 0 0 0 7.52 17.55 -11.3 -2.29 -9.44 27.18 1.4 -20.59 -11.24 -1.12 6.74 -18.94 -4.56 1.85 11.02 -2.76 1.82 4.23 -0.53 0.86 -1.81 -5.11 0.33 1.28 6.76 -1.36 29.96 3.13 -0.76 9.22 0 -0 0 -75.07 -0.92 11.55 16.58 -26.3 -3.9 -0 -0 1.5 35.09 22.87 15.27 -7.12 0 -0 6.82 57.12 2.03 0 -0 0 81.72 -11.7 25.4 -19.76 30.35 -5.41 0 0 13.41 -26.45 7.61 -3.77 7.12 -0 -0 0.27 -21.49 0.15
-1.41 18.67 0.47 -5.44 -33.9 11.55 0 0 0 -1.6 -14.4 -12.47 1.07 6.56 18.43 -0.11 11.52 -14.76 0.32 -3.64 -10.06 0 0 0 8.7 16.07 -11.95 -2.32 -9.5 27.39 0.96 -19.51 -17.6 -0.92 6.13 -17.15 -3.98 1.75 11.92 -2.44 1.71 4.59 -0.53 0.8 -1.92 -5.83 0.4 1.52 6.61 -1.1 29.09 3.2 -0.71 8.85 -0 0 0 -74.79 -0.78 12.28 16.59 -26.32 -3.9 -0 -0 1.3 35.11 23.02 15.37 -7.12 0 -0 6.83 57.29 2.06 -0 0 0 80.53 -11.49 26.45 -19.81 30.41 -5.43 0 0 12.98 -26.48 8.22 -4.07 7.12 -0 -0 0.28 -20.82 0.16
-1.68 18.55 0.08 -4.86 -32.53 11.99 0 0 0 0.16 -13.74 -16.21 1.29 7.19 20.28 -0.07 9.76 -12.61 0.39 -4 -11.07 0 0 0 9.78 14.45 -14.01 -2.54 -9.91 28.69 0.64 -18.63 -19.99 -1.08 6.61 -18.57 -2.59 1.73 13.11 -2.34 1.8 5.15 -1.24 0.85 -1.94 -6.27 0.33 1.24 6.83 -1.1 28.05 3.33 -0.7 8.54 0 -0 0 -74.28 -0.47 14.38 17.27 -27.22 -4.21 -0 -0 0.53 35.34 22.65 15.27 -7.12 0 -0 7.14 56.93 2.09 0 -0 0 79.71 -10.9 27.2 -20.08 30.74 -5.57 0 0 12.91 -26.62 7.52 -3.75 7.12 -0 -0 0.14 -21.59 0.08
-1.89 18.42 -0.33 -4.22 -31.67 12.34 0 0 0 1.39 -13.36 -19.85 1.58 7.93 22.5 -0.07 8.95 -11.31 0.33 -3.67 -10.15 0 0 0 10.08 13.33 -17.73 -3.13 -10.9 31.95 0.23 -16.85 -21.6 -1 6.37 -17.87 -1 1.68 14.91 -2.09 1.89 5.85 -1.93 0.9 -2.13 -6.62 0.33 0.75 6.66 -0.91 26.98 3.33 -0.62 8.24 0 -0 0 -74.38 -0.26 16.79 17.86 -27.98 -4.49 -0 0 -0.33 35.62 22.13 15.1 -7.12 0 -0 7.52 56.4 2.11 0 -0 0 78.03 -9.71 28.3 -20.35 31.06 -5.71 0 0 12.31 -26.78 6.64 -3.34 7.12 -0 -0 -0.02 -22.55 -0.01
-2.02 18.31 -0.74 -3.37 -31.49 12.77 0 0 0 2.11 -13.08 -23.71 1.92 8.71 24.88 -0.14 9.35 -10.46 0.32 -3.64 -10.07 0 0 0 9.74 12.01 -22.71 -3.92 -12.06 35.93 -0.1 -14.71 -21.88 -1.02 6.42 -18.02 0.14 1.68 16.92 -1.82 2.01 6.64 -2.36 0.96 -2.33 -6.5 0.35 0.09 6.14 -0.64 25.64 3.12 -0.48 7.88 0 -0 0 -75.21 0.42 19.01 18.87 -29.26 -4.97 -0 0 -1.59 32.96 23.99 14.77 -7.12 0 -0 4.16 57.87 1.31 0 -0 0 75.87 -7.74 29.23 -20.52 31.27 -5.8 0 0 12.31 -26.79 6.12 -3.08 7.12 -0 -0 -0.04 -23.13 -0.02
-2.14 18.21 -1.13 -1.56 -30.69 12.83 0 0 0 1.69 -12.78 -27.66 2.17 9.22 26.48 -0.22 9.64 -8.75 0.11 -2.13 -5.85 0 0 0 8.58 11.29 -27.05 -4.7 -13.04 39.51 -0.44 -13.51 -23.66 -0.74 5.51 -15.36 0.48 1.32 18.67 -1.62 1.58 7.31 -2.3 0.75 -2.53 -6.24 0.55 -0.14 5.68 -0.22 24.7 2.93 -0.28 7.59 0 -0 0 -76.49 1.76 21.76 19.76 -30.35 -5.41 -0 0 -2.51 32.57 24.25 14.7 -7.12 0 -0 3.65 58.06 1.17 0 -0 0 73.11 -5.84 30.49 -20.55 31.3 -5.81 0 0 12.7 -27.21 7.49 -3.83 7.12 -0 -0 -0.29 -21.57 -0.16
-2.25 18.11 -1.48 0.58 -29.62 12.62 0 0 0 0.55 -12.27 -31.5 2.43 9.7 28.03 -0.27 9.56 -6.65 0 -0.19 -0.52 0 0 0 7.11 11.67 -29.5 -5.16 -13.56 41.52 -0.74 -13.55 -26.26 -0.5 4.54 -12.6 -0.01 0.84 20.2 -1.27 0.86 8.08 -1.53 0.38 -2.54 -6.16 0.7 -0.39 5.55 0.05 24.12 2.88 -0.14 7.42 0 0 0 -77.61 2.07 24.84 19.39 -29.9 -5.22 -0 0 -1.21 31.66 22.34 13.19 -7.12 0 -0 3.01 55.72 0.79 0 0 0 70.19 -3.22 31.43 -20.37 31.09 -5.72 0 0 13.41 -28.13 7.07 -3.77 7.12 -0 -0 -0.98 -21.97 -0.54
-2.31 18 -1.8 1.27 -28.25 13.26 0 0 0 0.85 -12.41 -35.5 2.77 10.32 30.02 -0.23 8.64 -4.62 0.05 1.43 3.92 0 0 0 6.88 12.27 -31 -5.25 -13.66 41.88 -1.03 -14 -28.83 -0.29 3.46 -9.55 0.95 0.2 21.53 -0.8 0.22 8.89 -1.44 0.07 -2.36 -5.77 0.55 -1.08 5.72 -0.16 23.83 2.85 -0.17 7.45 -0 -0 0 -78.04 1.66 28.54 18.75 -29.11 -4.91 -0 -0 4.13 30.52 20.22 11.51 -7.12 0 -0 2.16 53.11 0.43 -0 -0 0 68.22 -0.4 30.26 -20.17 30.85 -5.62 0 0 14.84 -28.42 7.13 -3.84 7.12 -0 -0 -1.19 -21.88 -0.66
-2.3 17.89 -2.08 1.76 -27.8 13.99 0 0 0 1.34 -13.02 -38.8 3.14 10.92 32.02 -0.06 4.54 -3.36 0.01 0.76 2.1 0 0 0 5.92 12.78 -33.87 -5.67 -14.1 43.65 -1.07 -13.34 -28.44 -0.3 3.53 -9.76 1.86 -0.2 23.43 -0.45 -0.1 9.42 -1.52 -0.09 -2.72 -6.1 0.31 -1.77 6.32 -0.54 23.61 3.08 -0.31 7.53 0 -0 0 -78.54 1.12 32.55 18.17 -28.38 -4.63 -0 -0 7.69 27.71 19.1 9.75 -7.12 0 -0 -0.55 51.35 -0.09 0 -0 0 66.58 1.64 29.01 -20.36 31.07 -5.71 0 0 15.17 -29.95 6.67 -3.83 7.12 -0 -0 -2.34 -22.3 -1.28
-2.24 17.8 -2.33 2.43 -28.5 14.28 0 0 0 1 -13.03 -40.97 3.49 11.44 33.79 0.02 -0.4 -2.64 0.03 -1.11 -3.05 0 0 0 4.8 12.73 -37.02 -6.21 -14.62 45.8 -1.15 -11.98 -27.82 -0.25 3.22 -8.9 2.03 -0.2 25.82 -0.38 -0.06 10.31 -1.55 -0.07 -2.89 -5.73 0.05 -2.68 6.02 -0.75 22.44 2.89 -0.38 7.32 0 0 0 -78.73 -0.11 36.58 17.89 -28.01 -4.5 -0 -0 8.31 27.05 18.31 9.12 -7.12 0 -0 -1.05 50.36 -0.14 0 0 0 65.22 4.01 28.61 -20.79 31.58 -5.94 0 0 14.21 -31.17 6.38 -3.85 7.12 -0 -0 -3.25 -22.53 -1.76
-2.19 17.68 -2.55 3.54 -29.52 14.15 0 0 0 -0.31 -12.38 -42.86 3.87 11.99 35.68 -0.04 -4.6 -1.33 0.17 -2.63 -7.26 0 0 0 3.14 13.05 -39.94 -6.78 -15.14 48.04 -1.23 -10.88 -27.42 -0.26 3.29 -9.09 1.2 0.19 28.18 -0.54 0.19 11.31 -1.33 0.02 -2.89 -4.88 -0.3 -3.06 5.76 -1.15 20.78 2.6 -0.51 6.87 -0 0 0 -78.55 -1.7 40.33 17.71 -27.78 -4.41 -0 -0 5.97 25.52 17.66 8.24 -7.12 0 -0 -2.44 49.4 -0.26 -0 0 0 64.63 6.05 28.5 -21.23 32.09 -6.17 0 0 14.03 -32.01 6.38 -3.97 7.12 -0 -0 -3.86 -22.47 -2.1
-2.11 17.57 -2.73 4.1 -30.66 14.33 0 0 0 -1.35 -11.63 -44.62 4.29 12.54 37.67 -0.16 -7.52 -0.15 0.03 -1.04 -2.86 0 0 0 2.09 13.06 -42.89 -7.34 -15.61 50.13 -1.24 -9.8 -26.65 -0.29 3.49 -9.64 0.44 0.28 30.22 -0.54 0.06 12.2 -0.85 -0.09 -2.82 -5.42 -0.11 -2.99 5.56 -0.77 19.71 2.64 -0.38 6.49 -0 0 0 -78.94 -3.12 42.64 17.25 -27.19 -4.2 -0 -0 3.99 25.15 17.08 7.85 -7.12 0 -0 -2.69 48.72 -0.25 -0 0 0 63.94 8.17 29.98 -21.39 32.28 -6.26 0 0 14.22 -33.51 7.34 -4.83 7.12 -0 -0 -4.86 -21.21 -2.78
-2.01 17.43 -2.86 4.02 -31.77 15.38 0 0 0 -1.69 -11.23 -47.09 4.83 13.19 40.09 -0.04 -5.97 -2.96 0.06 -1.54 -4.23 0 0 0 1.31 13.17 -46.44 -7.94 -16.07 52.34 -1.26 -8.5 -25.82 -0.29 3.47 -9.59 0.13 0.54 31.43 -0.67 0.22 13.14 -0.89 -0.03 -2.28 -5.09 -0.07 -3.66 5.62 -0.69 19.07 2.6 -0.3 6.4 0 -0 0 -77.97 -5.06 46.41 17.09 -26.98 -4.13 -0 -0 2.73 23.48 16.93 7.21 -7.12 0 -0 -4.27 48.29 -0.35 0 -0 0 64.29 10.2 31.14 -21.4 32.3 -6.26 0 0 13.56 -36.3 9.48 -6.9 7.12 -0 -0 -6.58 -18.32 -4.21
-1.89 17.25 -2.96 3.44 -32.53 16.75 0 0 0 -0.85 -11.74 -49.51 5.19 13.6 41.65 0.1 -3.99 -5.78 0.02 -0.94 -2.58 0 0 0 0.81 13.64 -49.93 -8.6 -16.54 54.7 -1.23 -7.96 -25.23 -0.37 3.89 -10.76 0.1 0.54 33.15 -0.61 0.16 13.59 -0.79 -0.08 -2.51 -5.36 0.01 -3.89 5.61 -0.51 18.44 2.65 -0.23 6.23 -0 0 0 -77.33 -6.21 49.71 17.01 -26.88 -4.09 -0 -0 2.46 22.31 17.52 7.04 -7.12 0 -0 -5.53 48.74 -0.51 -0 0 0 64.64 11.39 33.41 -21.74 32.68 -6.44 0 0 11.24 -35.59 8.06 -5.73 7.12 -0 -0 -6.26 -20.13 -3.75
-1.76 16.99 -3.11 3.34 -32.24 18.46 0 0 0 0.93 -13.09 -53.73 5.9 14.33 44.56 0.12 -4.21 -6.4 0.08 -1.77 -4.88 0 0 0 -0.28 13.36 -54.62 -9.52 -17.13 57.87 -1.27 -7.3 -25.08 -0.35 3.82 -10.57 0.29 0.34 35.02 -0.72 -0.06 13.55 -0.88 -0.18 -2.8 -4.83 0.03 -4.37 5.28 -0.43 17.76 2.45 -0.17 6.09 0 0 0 -75.87 -7.89 53.66 16.97 -26.82 -4.07 -0 -0 1.79 23.88 19.12 8.25 -7.12 0 -0 -4.39 50.69 -0.62 0 0 0 65.77 12.08 34.89 -22.06 33.05 -6.62 0 0 9.27 -36.54 7.68 -5.66 7.12 -0 -0 -6.98 -20.48 -4.13
-1.65 16.74 -3.2 3.79 -32.98 18.75 0 0 0 1.25 -12.89 -57.06 6.8 15.16 48.1 0.13 -4.91 -6.81 0.09 -1.94 -5.35 0 0 0 -1.94 13.58 -58.02 -10.55 -17.71 61.3 -1.4 -6.04 -25.29 -0.32 3.64 -10.07 -0.86 1.02 37.39 -0.62 0.33 13.97 -0.3 -0.06 -2.99 -5 -0.2 -4.94 5.19 -0.65 17.14 2.43 -0.28 6.01 0 -0 0 -74.96 -9.81 57.47 16.87 -26.69 -4.03 -0 -0 2.73 20.91 16.98 6.37 -7.12 0 -0 -6.74 47.96 -0.49 0 -0 0 66.46 12.52 36.08 -21.92 32.88 -6.54 0 0 9.35 -36.67 7.92 -5.86 7.12 -0 -0 -7.04 -20.18 -4.21
-1.51 16.5 -3.26 4.34 -32.78 19.62 0 0 0 1.55 -13.26 -60.85 7.6 15.82 51.12 0.12 -5.8 -6.95 0.06 -1.55 -4.27 0 0 0 -3.43 12.36 -61.96 -11.55 -18.19 64.54 -1.49 -4.56 -25.09 -0.33 3.67 -10.14 -0.51 0.87 37.98 -0.83 0.21 14.69 -0.67 -0.1 -2.39 -5.37 -0.51 -5.1 5.56 -1.04 16.38 2.58 -0.45 5.82 0 -0 0 -74.34 -11.96 59.89 16.87 -26.69 -4.03 -0 -0 2.79 20.81 17.83 6.64 -7.12 0 -0 -7.05 48.84 -0.67 0 -0 0 67.42 13.06 37.63 -21.57 32.49 -6.35 0 0 9.15 -38.84 10.41 -8.28 7.12 -0 -0 -8.19 -16.79 -5.53
-1.39 16.19 -3.34 5.42 -32.17 20.35 0 0 0 1.52 -13.66 -65.03 8.41 16.42 54.04 0.07 -7.11 -6.48 0.05 -1.38 -3.79 0 0 0 -5.16 10.45 -66.16 -12.62 -18.64 67.93 -1.57 -3 -24.91 -0.31 3.57 -9.88 -0.45 0.64 38.41 -0.95 -0.07 15.18 -0.73 -0.22 -1.98 -5.62 -0.78 -5.18 5.57 -1.36 16.02 2.6 -0.61 5.75 0 -0 0 -73.94 -13.82 61.4 16.72 -26.48 -3.96 -0 -0 4.59 20.9 18.18 6.79 -7.12 0 -0 -7.07 49.21 -0.74 0 -0 0 68.24 13.55 39.89 -21.07 31.91 -6.08 0 0 10.66 -40.29 11.41 -9.52 7.12 -0 -0 -9.01 -15.29 -6.39
-1.21 15.84 -3.39 6.79 -29.53 20.99 0 0 0 2.05 -16.13 -69.97 9.38 17.05 57.4 0.01 -8.12 -5.87 0.02 -0.88 -2.43 0 0 0 -6.64 6.49 -70.25 -13.92 -19.09 71.97 -1.7 -1.27 -25.16 -0.29 3.47 -9.59 1.6 -1.28 38.43 -1.12 -1.63 15.57 -1.45 -0.84 -1.62 -5.94 -0.8 -4.74 5.43 -1.31 15.24 2.61 -0.62 5.43 -0 0 0 -73.83 -14.99 61.9 16.87 -26.68 -4.03 -0 -0 6.31 20.02 18.26 6.51 -7.12 0 -0 -7.93 49.17 -0.82 -0 0 0 68.49 14.32 43.51 -20.89 31.7 -5.99 0 0 11.15 -39.41 10.16 -8.25 7.12 -0 -0 -8.62 -17.02 -5.79
-1.08 15.5 -3.48 7.59 -28.37 21.78 0 0 0 2.88 -17.22 -74.42 10.36 17.61 60.69 -0.03 -8.85 -5.63 0.01 -0.62 -1.7 0 0 0 -7.77 3.95 -74.32 -15.17 -19.43 75.76 -1.77 0.23 -25.13 -0.32 3.61 -9.98 2.07 -1.96 38.32 -1.05 -2.26 15.76 -1.42 -1.1 -1.4 -6.29 -0.8 -4.56 5.34 -1.27 15.06 2.64 -0.63 5.34 -0 0 0 -74.02 -15.37 62.59 17.32 -27.27 -4.23 -0 -0 6.78 20.69 17.95 6.64 -7.12 0 -0 -7.2 48.95 -0.7 -0 0 0 68.44 14.81 47.14 -21.14 31.99 -6.12 0 0 11.91 -39.94 11.34 -9.35 7.12 -0 -0 -8.78 -15.43 -6.2
-0.97 15.25 -3.54 7.94 -28.03 21.31 0 0 0 3.87 -18.43 -76.43 11.29 18.07 63.71 -0.01 -9.07 -6.26 0 -0.16 -0.44 0 0 0 -8.3 2.19 -76.22 -16.14 -19.64 78.66 -1.83 1.74 -25.11 -0.36 3.85 -10.66 2.56 -2.38 39.09 -1.27 -2.6 16.11 -1.78 -1.23 -1.29 -6.25 -0.82 -4.46 5.3 -1.29 15.07 2.62 -0.64 5.33 -0 -0 0 -73.85 -15.44 64.13 18.04 -28.21 -4.57 -0 -0 6.05 22.2 17.91 7.16 -7.12 0 -0 -5.73 49.14 -0.59 -0 -0 0 68.61 15.15 49.93 -21.57 32.48 -6.35 0 0 12.4 -41.32 9.7 -8.42 7.12 -0 -0 -9.99 -17.28 -6.68
-0.87 14.88 -3.68 8.91 -26.49 21.71 0 0 0 4.98 -19.84 -80.86 12.31 18.52 66.97 -0.03 -9.61 -6.18 0.03 -1.09 -2.98 0 0 0 -9.34 -0.59 -79.99 -17.41 -19.84 82.41 -1.86 2.76 -25.07 -0.39 3.99 -11.05 2.66 -2.95 38.91 -1.13 -3.19 16.04 -1.48 -1.49 -1.33 -6.29 -0.93 -4.35 5.37 -1.47 15.26 2.64 -0.72 5.38 -0 -0 0 -73.89 -15.41 65.87 18.69 -29.03 -4.88 -0 -0 5.44 25.64 19.14 8.94 -7.12 0 -0 -2.65 51.01 -0.39 -0 -0 0 69.14 15.64 51.23 -21.49 32.39 -6.31 0 0 12.07 -42.17 10.19 -9.1 7.12 -0 -0 -10.48 -16.49 -7.19
-0.76 14.61 -3.76 8.75 -26.55 21.23 0 0 0 6.44 -20.42 -82.75 13.29 18.88 70.02 -0.01 -9.75 -6.72 0 -0.33 -0.91 0 0 0 -9.63 -1.36 -81.74 -18.34 -19.93 85.15 -1.88 3.64 -25.04 -0.44 4.27 -11.83 2.64 -2.91 39.44 -1.17 -3.15 16.2 -1.52 -1.48 -1.31 -6.3 -0.91 -4.1 5.32 -1.44 15.35 2.63 -0.72 5.36 -0 0 0 -74.28 -15.03 66.9 19.31 -29.8 -5.18 -0 -0 5.03 24.27 18.88 8.3 -7.12 0 -0 -3.95 50.5 -0.54 -0 0 0 69.52 15.96 51.76 -21.31 32.19 -6.22 0 0 12.68 -43.04 10.44 -9.61 7.12 -0 -0 -11.01 -16 -7.69
-0.69 14.29 -3.86 8.53 -26.52 20.5 0 0 0 7.01 -19.95 -84.79 14.43 19.24 73.52 -0.08 -11.04 -6.42 0 0.42 1.16 0 0 0 -9.88 -2.23 -83.43 -19.36 -19.99 88.12 -1.9 4.71 -25.03 -0.5 4.52 -12.55 2.32 -2.71 40.11 -1.15 -3.02 16.32 -1.36 -1.43 -1.36 -6.19 -0.89 -3.93 5.45 -1.47 15.68 2.65 -0.72 5.44 -0 -0 0 -74.63 -14.62 68.03 19.78 -30.37 -5.42 -0 -0 3.33 27.36 18.71 9.42 -7.12 0 -0 -0.83 50.85 -0.12 -0 -0 0 69.92 16.1 52.54 -20.9 31.71 -6 0 0 14.66 -43.87 8.28 -7.89 7.12 -0 -0 -11.98 -18.7 -7.68
-0.63 14.03 -3.97 7.66 -27.6 19.53 0 0 0 7.66 -18.6 -85.48 15.42 19.49 76.5 -0.07 -11.89 -7.29 0.01 -0.56 -1.55 0 0 0 -10.04 -1.14 -84.3 -20.14 -20 90.42 -1.92 5.46 -25.02 -0.46 4.35 -12.08 1.37 -1.77 41.34 -1.08 -2.25 16.31 -1.04 -1.13 -1.68 -6.18 -0.86 -3.63 5.45 -1.46 16.15 2.65 -0.72 5.53 -0 -0 0 -75.24 -14.18 68.61 20.07 -30.73 -5.57 -0 -0 3.08 29.43 19.54 10.69 -7.12 0 -0 1.14 52.15 0.2 -0 -0 0 69.96 15.76 53.92 -21.09 31.93 -6.1 0 0 13.77 -44.07 8.81 -8.44 7.12 -0 -0 -12.01 -17.95 -7.9
-0.59 13.79 -4.12 6.88 -29.03 18.39 0 0 0 7.99 -16.64 -85.75 16.31 19.67 79.15 -0.11 -12.9 -7.59 0.01 -0.61 -1.68 0 0 0 -10.16 0.3 -85.19 -20.88 -19.98 92.56 -1.91 5.72 -24.93 -0.49 4.47 -12.41 -0.34 -0.3 42.78 -0.93 -1.17 16.11 -0.38 -0.73 -2.24 -5.97 -0.83 -3.39 5.44 -1.48 16.68 2.62 -0.73 5.65 -0 0 0 -75.58 -13.42 69.07 20.57 -31.32 -5.83 -0 -0 3.24 31.92 19.3 11.64 -7.12 0 -0 3.77 52.37 0.68 -0 0 0 70.03 14.92 55.98 -21.78 32.72 -6.46 0 0 11.04 -43.78 9.79 -9.25 7.12 -0 -0 -11.63 -16.71 -7.96
-0.56 13.6 -4.27 5.71 -31.62 16.51 0 0 0 7.97 -13.51 -84.4 17.15 19.8 81.64 -0.13 -14.03 -8.18 0.02 -0.95 -2.6 0 0 0 -9.92 3.12 -84.97 -21.45 -19.95 94.25 -1.92 6.17 -24.96 -0.49 4.51 -12.52 -2.74 1.98 44.83 -0.74 0.43 16.1 0.45 -0.13 -2.76 -6.2 -0.74 -3.63 5.7 -1.39 17.29 2.75 -0.68 5.88 -0 -0 0 -76 -12.76 69.3 21 -31.83 -6.05 -0 -0 3.32 34.4 18.99 12.56 -7.12 0 -0 6.43 52.51 1.19 -0 -0 0 69.65 13.83 58.32 -23.05 34.14 -7.16 0 0 8.94 -43.12 10.48 -9.66 7.12 -0 -0 -11.06 -15.93 -7.75
-0.49 13.35 -4.38 5.16 -31.78 15.72 0 0 0 8.66 -12.64 -85.4 17.91 19.89 83.87 -0.17 -14.68 -8.27 0.04 -1.28 -3.51 0 0 0 -9.84 3.16 -86.01 -22.18 -19.89 96.39 -1.92 6.32 -24.97 -0.53 4.68 -13 -2.87 2.31 44.89 -0.77 0.75 16.06 0.37 0.01 -2.83 -5.79 -0.68 -3.6 5.54 -1.35 17.67 2.64 -0.65 5.99 0 0 0 -76.23 -11.61 69.82 21.74 -32.68 -6.45 -0 -0 3.05 36.4 18.6 13.24 -7.12 0 -0 8.6 52.47 1.59 0 0 0 69.88 12.64 60.05 -24.08 35.25 -7.75 0 0 6.98 -42.71 9.99 -9.09 7.12 -0 -0 -10.87 -16.66 -7.44
-0.41 13.09 -4.5 4.76 -31.49 14.46 0 0 0 9.23 -12.26 -86.11 18.62 19.95 85.96 -0.2 -15.23 -8.34 0.07 -1.68 -4.61 0 0 0 -9.78 2.69 -86.54 -22.92 -19.79 98.56 -1.94 6.87 -25.04 -0.56 4.8 -13.33 -2.98 2.53 45.68 -0.41 0.95 15.86 0.71 0.08 -3.26 -5.98 -0.68 -3.94 5.44 -1.31 18.17 2.65 -0.65 6.21 -0 0 0 -76.91 -10.19 70.59 22.52 -33.56 -6.87 -0 -0 2.03 37.35 18 13.27 -7.12 0 -0 9.62 51.96 1.66 -0 0 0 70 11.19 60.78 -24.73 35.93 -8.13 0 0 3.99 -42.61 10.33 -9.37 7.12 -0 -0 -10.75 -16.23 -7.45
-0.34 12.86 -4.6 4.71 -31.28 13.07 0 0 0 9.42 -11.91 -86.72 19.36 19.99 88.12 -0.22 -15.81 -8.56 0.06 -1.57 -4.32 0 0 0 -9.97 1.99 -87.06 -23.6 -19.69 100.57 -1.95 7.27 -25.1 -0.58 4.86 -13.52 -3.04 2.54 45.72 -0.49 0.93 15.89 0.67 0.07 -3.23 -6.1 -0.51 -4.24 5.66 -1.1 18.44 2.76 -0.54 6.33 -0 0 0 -77.78 -8.2 68.76 22.97 -34.06 -7.12 -0 -0 0.59 39.58 18.08 14.38 -7.12 0 -0 12.04 52.53 2.26 -0 0 0 70.9 9.55 59.94 -25.67 36.89 -8.69 0 0 2.56 -40.86 9.49 -8.12 7.12 -0 -0 -9.72 -17.63 -6.41
-0.28 12.59 -4.73 4.63 -30.92 11.86 0 0 0 9.85 -11.58 -87.67 20.05 20 90.15 -0.26 -16.21 -8.49 0.09 -1.9 -5.22 0 0 0 -10.18 1.33 -87.93 -24.34 -19.54 102.78 -1.94 7.44 -25.01 -0.6 4.97 -13.82 -3.27 2.69 45.55 -0.33 1.04 15.9 0.91 0.1 -3.18 -6.23 -0.44 -4.52 5.79 -1 18.6 2.83 -0.49 6.43 0 0 0 -78.28 -6.03 67.01 23.84 -35 -7.62 -0 -0 0.16 40.55 17.39 14.34 -7.12 0 -0 13.06 51.91 2.25 0 0 0 71.2 7.81 59.41 -27.09 38.27 -9.56 0 0 0.01 -39.3 7.8 -6.34 7.12 -0 -0 -8.91 -20 -5.39
-0.21 12.32 -4.84 4.4 -29.77 10.75 0 0 0 10.62 -12.12 -88.94 20.69 19.99 92.02 -0.27 -16.17 -8.37 0.13 -2.36 -6.5 0 0 0 -10.14 -0.25 -88.61 -25.05 -19.38 104.91 -1.92 7.87 -24.87 -0.58 4.88 -13.57 -2.58 2.12 45.07 -0.3 0.7 15.97 0.73 -0.03 -2.98 -6.1 -0.38 -4.87 5.86 -0.94 18.86 2.84 -0.44 6.56 0 0 0 -78.61 -3.58 65.87 25.32 -36.53 -8.48 -0 0 -1.37 42.11 17.21 14.97 -7.12 0 -0 14.76 52.05 2.61 0 0 0 71.37 5.61 58.93 -29.17 40.17 -10.87 0 -0 -1.57 -37.4 9 -6.82 7.12 -0 -0 -7.41 -18.76 -4.67
-0.15 12.08 -4.97 4.21 -29.69 8.9 0 0 0 10.83 -11.64 -88.91 21.29 19.96 93.76 -0.33 -16.49 -7.89 0.15 -2.5 -6.89 0 0 0 -10.24 -0.56 -88.7 -25.69 -19.2 106.86 -1.88 7.99 -24.61 -0.6 4.95 -13.77 -2.79 2.36 45.27 -0.4 0.86 16.11 0.67 0.04 -2.87 -5.79 -0.35 -5.37 5.81 -0.92 19.08 2.78 -0.41 6.72 0 -0 0 -78.45 -1.82 65.66 27.1 -38.28 -9.56 -0 0 -3.91 49.36 19.12 20.89 -7.12 0 -0 23.96 56.35 6.95 0 -0 0 71.05 3.15 60.37 -31.05 41.78 -12.1 0 -0 -2.43 -41.36 10.74 -9.32 7.12 -0 -0 -9.83 -15.94 -6.86
-0.11 11.81 -5.11 3.95 -28.64 7.4 0 0 0 11.48 -11.96 -89.58 21.82 19.92 95.32 -0.38 -16.5 -7.26 0.22 -3.05 -8.42 0 0 0 -10.12 -1.84 -89.01 -26.37 -19 108.94 -1.9 7.46 -24.72 -0.63 5.06 -14.09 -2.46 2.07 44.74 -0.31 0.71 16.24 0.67 -0.03 -2.59 -5.68 -0.33 -5.31 5.89 -0.92 19.08 2.78 -0.4 6.71 -0 -0 0 -78.65 -0.5 64.86 28.23 -39.33 -10.27 -0 0 -5.79 47.46 19.22 19.74 -7.12 0 -0 21.54 55.93 5.97 -0 -0 0 70.74 0.8 60.9 -33.76 43.91 -13.95 0 -0 -4.59 -41.96 10.85 -9.61 7.12 -0 -0 -10.22 -15.67 -7.19
-0.07 11.57 -5.26 3.66 -28.49 5.56 0 0 0 11.84 -11.52 -89.47 22.31 19.87 96.78 -0.38 -16.27 -7.02 0.39 -4.01 -11.11 0 0 0 -10.09 -2.09 -89.03 -26.99 -18.79 110.83 -1.87 6.9 -24.56 -0.62 5.04 -14.02 -2.6 2.19 44.48 -0.43 0.79 16.41 0.57 0.01 -2.35 -5.33 -0.22 -5.36 5.69 -0.78 19.21 2.67 -0.32 6.75 -0 -0 0 -77.44 0.78 65.72 28.99 -40.01 -10.76 -0 0 -5.02 48.13 19.5 20.42 -7.12 0 -0 22.48 56.47 6.56 -0 -0 0 70.66 -0.95 61.25 -35.83 45.4 -15.4 0 -0 -6.36 -42.14 12.34 -10.95 7.12 -0 -0 -10.06 -13.72 -7.51
-0.04 11.32 -5.39 3.64 -28.21 3.72 0 0 0 12.05 -11.33 -89.46 22.79 19.81 98.17 -0.43 -16.33 -6.41 0.43 -4.23 -11.73 0 0 0 -10.35 -2.63 -89.19 -27.58 -18.56 112.68 -1.82 7.56 -24.18 -0.57 4.84 -13.44 -2.88 2.43 43.91 -0.33 1 16.61 0.75 0.08 -1.98 -5.07 -0.18 -5.53 5.52 -0.73 19.35 2.58 -0.29 6.82 -0 -0 0 -74.5 2.36 69.44 31.98 -42.53 -12.72 -0 0 -7.7 49.47 20.11 21.91 -7.12 0 -0 24.52 57.65 7.91 -0 -0 0 70.24 -2.61 61.74 -37.94 46.8 -16.92 0 -0 -8.56 -41.22 11.13 -9.59 7.12 -0 -0 -9.67 -15.47 -6.84
-0.01 11.1 -5.53 2.97 -27.97 2.02 0 0 0 12.75 -10.95 -89.21 23.17 19.76 99.31 -0.53 -16.6 -5.24 0.42 -4.16 -11.53 0 0 0 -9.97 -2.77 -88.88 -28.06 -18.37 114.2 -1.77 8.09 -23.87 -0.56 4.79 -13.3 -2.56 2.56 43.32 -0.01 1.32 16.84 0.82 0.22 -1.58 -5.12 -0.16 -5.63 5.57 -0.71 19.58 2.61 -0.28 6.91 -0 -0 0 -73.02 3.42 71.13 34.14 -44.19 -14.21 -0 0 -9.34 49.23 20.66 22.26 -7.12 0 -0 24.42 58.28 8.25 -0 -0 0 69.85 -4.32 62.11 -39.69 47.89 -18.21 0 -0 -10.79 -42.39 13.07 -11.66 7.12 -0 -0 -10.08 -12.73 -7.74
0.04 10.9 -5.65 3.05 -27.31 0.2 0 0 0 12.74 -11.33 -89.09 23.44 19.71 100.09 -0.55 -16.15 -4.29 0.43 -4.23 -11.72 0 0 0 -10.32 -3.77 -88.64 -28.47 -18.19 115.5 -1.68 8.95 -23.24 -0.56 4.77 -13.26 -2.3 2.32 42.95 0.06 1.18 16.75 0.82 0.17 -1.59 -4.89 -0.04 -5.88 5.54 -0.58 20.09 2.57 -0.21 7.11 0 -0 0 -72.21 4.74 72.11 35.82 -45.39 -15.39 -0 0 -10.67 48.35 21.42 22.32 -7.12 0 -0 23.48 58.96 8.29 0 -0 0 69.39 -6.06 63.19 -41.6 48.99 -19.64 0 -0 -14.66 -41.09 11.61 -9.96 7.12 -0 -0 -9.5 -14.87 -6.84
0.08 10.73 -5.77 3.14 -27.26 -1.71 0 0 0 12.63 -11.27 -88.36 23.64 19.68 100.71 -0.68 -16.46 -2.39 0.21 -2.97 -8.2 0 0 0 -10.66 -3.81 -88.15 -28.76 -18.05 116.45 -1.6 9.52 -22.7 -0.5 4.52 -12.53 -1.97 2.27 42.38 0.12 1.27 16.8 0.69 0.23 -1.37 -5.14 0.11 -6.04 5.83 -0.41 20.33 2.73 -0.12 7.21 0 0 0 -72.59 6.07 71.3 37.43 -46.47 -16.55 -0 0 -9.98 47.66 21.78 22.16 -7.12 0 -0 22.65 59.2 8.12 0 0 0 68.68 -7.79 63.6 -43.75 50.14 -21.28 0 -0 -16.36 -40.94 8.96 -7.69 7.12 -0 -0 -9.86 -18.29 -6.36
0.13 10.6 -5.88 3.7 -27.21 -3.83 0 0 0 11.84 -11.22 -87.37 23.78 19.65 101.12 -0.69 -16.18 -1.7 0.23 -3.08 -8.5 0 0 0 -11.45 -4.02 -87.46 -28.99 -17.94 117.19 -1.53 10.05 -22.21 -0.53 4.65 -12.93 -2.14 2.27 41.8 0.08 1.24 16.8 0.75 0.21 -1.21 -5.03 0.17 -6.15 5.76 -0.32 20.45 2.7 -0.07 7.26 0 0 0 -72.25 7.33 71.37 39.13 -47.55 -17.8 -0 0 -10.51 47.79 22.27 22.68 -7.12 0 -0 23 59.85 8.61 0 0 0 68.01 -9.22 64.22 -45.93 51.21 -22.96 0 -0 -18.79 -38.96 7.3 -5.86 7.12 -0 -0 -8.74 -20.68 -5.15
0.17 10.5 -5.98 3.73 -27.22 -5.68 0 0 0 11.46 -11 -86.25 23.88 19.64 101.41 -0.71 -16.07 -0.87 0.25 -3.21 -8.88 0 0 0 -11.61 -4.01 -86.51 -29.13 -17.87 117.65 -1.47 10.68 -21.85 -0.5 4.53 -12.57 -1.94 2.14 40.99 0.32 1.2 16.94 0.91 0.19 -0.84 -4.99 0.27 -6.16 5.25 -0.09 20.61 2.55 -0.01 7.31 -0 0 0 -72.18 8.15 71.34 40.62 -48.43 -18.9 -0 0 -11.35 46.91 22.92 22.6 -7.12 0 -0 21.96 60.37 8.47 -0 0 0 66.92 -10.24 64.78 -48.19 52.24 -24.74 0 -0 -21.69 -37.68 8.13 -6.24 7.12 -0 -0 -7.73 -19.79 -4.7
0.21 10.43 -6.09 3.87 -27.34 -7.5 0 0 0 10.97 -10.72 -84.94 23.89 19.63 101.44 -0.73 -16 -0.18 0.26 -3.28 -9.06 0 0 0 -11.77 -3.83 -85.53 -29.21 -17.83 117.9 -1.39 11.12 -21.37 -0.49 4.5 -12.49 -1.49 1.96 40.75 0.19 1.15 16.73 0.57 0.2 -1 -4.5 0.38 -6.43 5.13 -0 21.12 2.44 0.07 7.52 0 -0 0 -71.3 8.73 71.72 42.17 -49.3 -20.07 -0 0 -13.53 45.41 23.16 21.75 -7.12 0 -0 19.91 60.22 7.57 0 -0 0 66.52 -10.96 65.5 -49.7 52.87 -25.94 0 -0 -25.04 -35.26 8.38 -5.88 7.12 -0 -0 -5.99 -19.78 -3.63
0.25 10.37 -6.17 4.09 -27.47 -9.5 0 0 0 10.21 -10.39 -83.28 23.85 19.64 101.33 -0.71 -15.45 0.86 0.2 -2.87 -7.93 0 0 0 -12.01 -3.61 -84.14 -29.25 -17.81 118.05 -1.31 11.6 -20.81 -0.47 4.4 -12.21 -1.17 1.79 40.18 0.36 1.09 16.59 0.61 0.18 -0.99 -4.69 0.58 -6.25 5.05 0.28 21.63 2.47 0.17 7.64 -0 0 0 -70.92 9.07 72.43 43.15 -49.83 -20.82 -0 0 -15.67 43.45 22.97 20.29 -7.12 0 -0 17.2 59.43 6.17 -0 0 0 65.53 -11.82 65.68 -51.2 53.47 -27.14 0 -0 -27.89 -32.32 7.99 -5.03 7.12 -0 -0 -3.94 -20.56 -2.31
0.29 10.34 -6.27 4.65 -27.35 -11.64 0 0 0 9.01 -10.22 -81.64 23.78 19.65 101.12 -0.68 -14.87 1.43 0.31 -3.59 -9.93 0 0 0 -12.59 -3.5 -82.61 -29.27 -17.8 118.08 -1.21 12.01 -20.19 -0.37 3.93 -10.89 -1.05 1.66 39.59 0.45 1.02 16.37 0.67 0.16 -1.05 -4.6 0.74 -6.05 4.88 0.5 22.12 2.43 0.26 7.75 0 -0 0 -70.21 9.48 73.03 44.23 -50.39 -21.64 -0 0 -18.12 40.81 22.89 18.56 -7.12 0 -0 13.76 58.6 4.63 0 -0 0 64.93 -12.3 65.51 -51.47 53.57 -27.35 0 -0 -30 -30.7 8.33 -4.92 7.12 -0 -0 -2.75 -20.32 -1.63
0.31 10.28 -6.35 4.5 -27.51 -13.32 0 0 0 8.76 -9.69 -80.33 23.82 19.65 101.23 -0.67 -14.54 2.45 0.25 -3.21 -8.86 0 0 0 -12.41 -2.91 -81.29 -29.3 -17.79 118.18 -1.14 11.77 -19.62 -0.29 3.48 -9.62 -0.19 1.54 38.74 0.59 1.21 16.18 0.33 0.3 -0.99 -3.76 0.85 -5.74 4.26 0.66 21.96 2.09 0.34 7.65 0 -0 0 -69.06 9.43 74.32 45.23 -50.88 -22.42 -0 0 -20.49 37.79 23.62 17.26 -7.12 0 -0 9.98 58.66 3.36 0 -0 0 64.66 -13.08 64.89 -51.72 53.67 -27.56 0 -0 -31.82 -28.05 7.75 -4.11 7.12 -0 -0 -0.88 -21.21 -0.5
0.34 10.22 -6.42 5.34 -27.32 -15.7 0 0 0 7.54 -9.64 -78.51 23.83 19.65 101.25 -0.65 -14.24 2.99 0.22 -3.03 -8.35 0 0 0 -13.33 -3 -79.82 -29.37 -17.75 118.43 -1.06 12.05 -19.05 -0.27 3.36 -9.28 -1.9 0.99 37.98 1.64 0.07 15.21 2.69 -0.39 -1.83 -7.38 2.28 -3.37 4.04 2.93 21.87 2.75 1.09 7.05 0 0 0 -72.24 12.79 72.43 45.76 -51.13 -22.83 -0 0 -21.89 36.88 24.2 17.09 -7.12 0 -0 8.82 59.09 3.05 0 0 0 60.19 -13.75 68.37 -51.74 53.67 -27.57 0 -0 -33.66 -26.29 7.05 -3.47 7.12 -0 -0 0.36 -22.12 0.2
0.36 10.14 -6.49 4.79 -27.4 -17.36 0 0 0 7.8 -9.21 -77.13 23.92 19.63 101.53 -0.69 -14.54 4.08 0.15 -2.53 -6.98 0 0 0 -12.79 -2.5 -78.33 -29.46 -17.7 118.73 -1.04 11.68 -18.75 -0.24 3.14 -8.68 0.39 1.06 37.4 1.23 0.9 15.83 0.79 0.16 -1.12 -4.22 1.54 -6.03 3.61 1.79 22.49 2.05 0.79 7.83 -0 0 0 -68.86 10.29 75.46 46.34 -51.41 -23.28 -0 0 -24.71 35.62 24.03 16.26 -7.12 0 -0 7.3 58.58 2.43 -0 0 0 62.85 -13.59 65.37 -50.6 53.24 -26.66 0 -0 -34.68 -25.35 7.36 -3.47 7.12 -0 -0 1.05 -21.85 0.59
0.38 10.1 -6.56 5.16 -26.9 -19.54 0 0 0 6.76 -9.39 -75.45 23.93 19.62 101.57 -0.69 -14.55 4.46 0.17 -2.66 -7.33 0 0 0 -13.37 -2.75 -76.53 -29.52 -17.67 118.93 -0.97 11.58 -18.21 -0.16 2.56 -7.07 0.88 0.74 36.74 1.53 0.72 15.36 0.91 0.1 -1.42 -4.72 1.67 -4.64 3.59 1.98 22.52 2.13 0.82 7.58 -0 -0 0 -69.05 11.53 76.32 46.6 -51.53 -23.48 -0 0 -26.16 35.07 23.77 15.8 -7.12 0 -0 6.68 58.14 2.16 -0 -0 0 61.98 -15.14 65.44 -50.47 53.18 -26.55 0 -0 -34.8 -24.81 6.64 -3.06 7.12 -0 -0 1.43 -22.67 0.77
0.39 10.04 -6.63 4.71 -26.82 -21.11 0 0 0 6.78 -9.05 -74.26 23.98 19.62 101.7 -0.65 -14.16 5.75 0.05 -1.45 -4 0 0 0 -12.91 -2.42 -75.04 -29.57 -17.65 119.07 -0.93 11.18 -17.81 -0.11 2.1 -5.78 1.71 0.39 36.15 1.71 0.56 15.4 0.72 0.06 -1.17 -4.28 1.64 -5.67 3.41 1.97 23.01 2.02 0.84 7.93 0 0 0 -68.91 11.56 76.24 46.76 -51.6 -23.61 -0 0 -27.62 34.15 23.55 15.16 -7.12 0 -0 5.63 57.67 1.75 0 0 0 61.92 -14.9 65.19 -49.92 52.97 -26.11 0 -0 -34.07 -24.91 5.59 -2.59 7.12 -0 -0 1.33 -23.82 0.68
0.41 10.01 -6.71 4.9 -26.24 -22.97 0 0 0 5.9 -9.14 -73.2 24.01 19.61 101.79 -0.57 -13.4 7.16 0.06 -1.63 -4.48 0 0 0 -13.29 -2.68 -73.29 -29.57 -17.64 119.08 -0.89 11.26 -17.48 -0.07 1.75 -4.82 1.84 0.08 35.72 2 0.25 15.04 1.04 -0.09 -1.41 -4.33 1.63 -5.38 3.19 1.98 23.59 1.96 0.81 8.08 0 -0 0 -69.58 12.56 75.91 46.85 -51.64 -23.68 -0 0 -28.19 33.07 23.93 14.79 -7.12 0 -0 4.31 57.83 1.35 0 -0 0 61.23 -15.51 65.23 -49.64 52.85 -25.89 0 -0 -33.66 -23.36 6 -2.58 7.12 -0 -0 2.49 -23.45 1.29
0.43 9.98 -6.78 4.35 -25.83 -24.21 0 0 0 5.97 -8.78 -73.24 24.22 19.57 102.42 -0.41 -12.43 10.14 0.1 -2.01 -5.54 0 0 0 -12.82 -2.67 -71.8 -29.57 -17.65 119.07 -0.9 10.73 -17.4 -0.07 1.69 -4.65 2.69 -0.32 35.06 2.25 0.04 14.86 0.92 -0.16 -1.37 -4.32 1.46 -4.89 3.47 1.66 23.28 2.01 0.69 7.89 -0 -0 0 -69.84 12.9 75.65 46.67 -51.56 -23.54 -0 0 -29.08 32.58 23.44 14.27 -7.12 0 -0 3.83 57.17 1.14 -0 -0 0 61.09 -15.78 64.74 -49.69 52.87 -25.92 0 -0 -32.16 -20.73 6.83 -2.58 7.12 -0 -0 4.43 -22.69 2.39
0.44 9.97 -6.85 4.47 -25.06 -25.75 0 0 0 5.16 -8.53 -73.49 24.39 19.53 102.94 0.04 -9.65 14.47 0.02 -0.87 -2.39 0 0 0 -13.21 -3.15 -70.06 -29.52 -17.67 118.92 -0.89 10.8 -17.36 -0.07 1.65 -4.53 2.69 -0.63 34.57 2.46 -0.31 14.56 1.25 -0.33 -1.53 -4.52 1.26 -4.71 3.67 1.35 23.7 2.09 0.53 8.01 0 -0 0 -70.32 13.62 75.48 46.08 -51.28 -23.08 -0 0 -28.18 32.98 22.69 14.05 -7.12 0 -0 4.42 56.42 1.24 0 -0 0 60.42 -16.23 64.79 -49.9 52.95 -26.09 0 -0 -30.7 -19.81 6.68 -2.4 7.12 -0 -0 5.11 -22.89 2.73
0.45 9.97 -6.93 4.23 -25.08 -27.05 0 0 0 5.44 -7.4 -74.35 24.53 19.5 103.36 0.86 -5.02 20 0.02 0.94 2.58 0 0 0 -12.66 -2.49 -68.6 -29.45 -17.71 118.68 -0.92 9.95 -17.44 -0.09 1.9 -5.22 3.11 -0.75 34.35 2.64 -0.31 14.28 1.22 -0.32 -1.75 -4.19 1.21 -4.94 3.56 1.26 24.44 2.01 0.5 8.31 -0 0 0 -70.39 13.9 74.94 46.08 -51.29 -23.08 -0 0 -29.48 30.95 23.66 13.53 -7.12 0 -0 1.93 57.03 0.57 -0 0 0 60.15 -16.31 64.87 -50.13 53.05 -26.28 0 -0 -30.25 -17.57 7.05 -2.23 7.12 -0 -0 6.75 -22.6 3.66
0.46 9.95 -6.97 4.31 -24.97 -28.23 0 0 0 4.95 -5.91 -75.19 25.01 19.39 104.8 1.36 -4.9 24.25 0 0.25 0.69 0 0 0 -12.69 -2.46 -67.57 -29.45 -17.71 118.68 -0.92 9.73 -17.4 -0.08 1.82 -5.02 3.42 -0.83 33.86 2.73 -0.31 14.08 1.14 -0.3 -1.78 -3.77 1.08 -5.6 3.19 1.1 25.38 1.82 0.43 8.77 0 0 0 -70.17 13.98 75.37 45.92 -51.21 -22.96 -0 0 -30.05 31.16 23.48 13.55 -7.12 0 -0 2.21 56.88 0.65 0 0 0 59.85 -16.58 64.88 -50.53 53.21 -26.6 0 -0 -29.92 -15.82 6.85 -1.93 7.12 -0 -0 8.03 -22.88 4.32
0.48 9.98 -7.04 4.93 -24.65 -29.72 0 0 0 4.18 -4.72 -75.68 25.49 19.26 106.25 1.87 -4.54 27.8 0.09 1.94 5.35 0 0 0 -13.21 -2.24 -66.15 -29.29 -17.79 118.16 -0.9 9.55 -17.19 -0.06 1.55 -4.26 3.2 -0.84 33.92 2.67 -0.36 13.86 1.21 -0.33 -2.05 -3.59 1.02 -6.28 2.96 1.06 26.06 1.72 0.4 9.14 0 -0 0 -69.8 13.94 76.12 45.84 -51.17 -22.89 -0 0 -30.43 30.39 23.3 13.06 -7.12 0 -0 1.39 56.5 0.39 0 -0 0 59.47 -16.74 65.19 -50.81 53.32 -26.83 0 -0 -30.2 -13.86 7.56 -1.86 7.12 -0 -0 9.42 -22.23 5.23
0.49 9.96 -7.08 4.81 -24.64 -30.51 0 0 0 4.65 -3.13 -77.37 26.34 19.01 108.85 1.99 -5.63 29.15 0.1 2.04 5.61 0 0 0 -13.05 -2.18 -65.45 -29.28 -17.8 118.12 -0.88 9.47 -17.04 -0.05 1.41 -3.88 3.69 -0.98 33.7 2.67 -0.39 13.67 0.96 -0.32 -2.17 -3.75 1.05 -5.74 3.35 1.03 25.43 1.87 0.41 8.81 -0 -0 0 -69.32 13.97 76.6 45.79 -51.15 -22.85 -0 0 -30.3 29.99 23.38 12.9 -7.12 0 -0 0.92 56.51 0.26 -0 -0 0 59.29 -17.19 65.46 -51.33 53.52 -27.24 0 -0 -30.51 -13.55 7.02 -1.69 7.12 -0 -0 9.68 -22.78 5.25
0.49 9.94 -7.11 4.91 -24.37 -31.28 0 0 0 4.61 -1.61 -79.16 27.35 18.65 111.96 1.8 -7.31 28.83 0.01 0.78 2.13 0 0 0 -13.29 -2.31 -64.84 -29.3 -17.79 118.19 -0.87 9.48 -16.89 -0.04 1.29 -3.53 3.76 -1.06 33.5 2.7 -0.47 13.59 0.98 -0.36 -2.19 -3.67 0.98 -5.84 3.23 0.96 25.2 1.8 0.38 8.76 -0 -0 0 -68.75 13.84 77.29 45.93 -51.21 -22.96 -0 0 -30.41 29.35 23.57 12.67 -7.12 0 -0 0.16 56.57 0.05 -0 -0 0 59.02 -17.52 65.62 -51.82 53.7 -27.63 0 -0 -30.73 -13.43 6.73 -1.6 7.12 -0 -0 9.78 -23.09 5.24
0.5 9.93 -7.15 4.64 -24.23 -31.81 0 0 0 5.01 0.06 -81.22 28.44 18.2 115.41 1.84 -7.54 29.3 0.03 1.03 2.83 0 0 0 -13.08 -2.35 -64.24 -29.31 -17.78 118.22 -0.87 9.49 -16.91 -0.02 0.94 -2.59 4.31 -1.23 33.51 2.68 -0.49 13.41 0.68 -0.34 -2.37 -3.56 0.91 -5.88 3.43 0.8 25.34 1.84 0.34 8.82 -0 -0 0 -67.82 13.68 78.03 46.06 -51.28 -23.06 -0 0 -28.84 29.49 23.87 12.89 -7.12 0 -0 0.24 56.93 0.07 -0 -0 0 59.38 -17.86 65.24 -51.6 53.62 -27.46 0 -0 -30.78 -12.66 7.03 -1.58 7.12 -0 -0 10.32 -22.8 5.61
0.5 9.91 -7.18 5.63 -23.39 -32.95 0 0 0 3.77 1.37 -82.8 29.45 17.71 118.69 1.9 -7.15 29.43 0.03 1.05 2.89 0 0 0 -14.55 -2.93 -63.66 -29.33 -17.77 118.31 -0.83 9.58 -16.59 -0.09 1.94 -5.35 3.54 -1.1 33.61 2.38 -0.58 13.57 0.8 -0.4 -2.25 -3.52 0.8 -6.25 3.54 0.64 25.41 1.86 0.28 8.92 -0 0 0 -66.23 12.21 78.86 45.35 -50.94 -22.51 -0 0 -25.82 27.98 22.9 11.68 -7.12 0 -0 -1.16 55.54 -0.3 -0 0 0 59.81 -17.85 64.41 -51.59 53.62 -27.45 0 -0 -30.54 -12.75 7.09 -1.6 7.12 -0 -0 10.26 -22.74 5.58
0.48 9.9 -7.22 4.55 -23.3 -32.77 0 0 0 4.9 3.2 -85.24 30.49 17.13 122.15 2.12 -6.92 30.66 0.01 0.7 1.92 0 0 0 -13.24 -2.77 -63.23 -29.31 -17.78 118.23 -0.87 8.72 -16.78 -0.04 1.36 -3.74 4.56 -1.36 33.38 2.6 -0.58 13.47 0.49 -0.37 -2.27 -3.7 0.67 -6.12 3.57 0.46 25.56 1.89 0.18 8.95 -0 0 0 -64.09 10.62 80.1 44.48 -50.51 -21.83 -0 0 -21.18 22.77 20.76 8.46 -7.12 0 -0 -5.97 52.23 -1.07 -0 0 0 60.18 -18.39 63.87 -52.09 53.8 -27.85 0 -0 -30.82 -12.05 6.73 -1.43 7.12 -0 -0 10.79 -23.13 5.79
0.47 9.89 -7.26 4.52 -22.47 -33.32 0 0 0 4.21 4.67 -86.98 31.48 16.49 125.6 2.12 -7.35 30.94 0 0.29 0.81 0 0 0 -13.68 -3.25 -62.47 -29.34 -17.77 118.32 -0.88 8.69 -16.87 -0.05 1.38 -3.81 4.64 -1.51 33.61 2.45 -0.72 13.34 0.33 -0.42 -2.49 -3.8 0.64 -6.22 3.65 0.41 26.02 1.94 0.15 9.14 -0 -0 0 -61.23 8.55 82.15 43.26 -49.89 -20.9 -0 0 -15.84 24.14 17.92 7.85 -7.12 0 -0 -3.85 49.45 -0.42 -0 -0 0 60.61 -18.75 63.81 -51.7 53.66 -27.54 0 -0 -31.26 -12.24 6.14 -1.33 7.12 -0 -0 10.69 -23.72 5.58
0.46 9.88 -7.3 4.43 -21.57 -33.89 0 0 0 3.44 6.09 -88.28 32.39 15.82 128.85 2.07 -7.47 30.69 0.03 1.03 2.82 0 0 0 -14.15 -3.75 -61.65 -29.34 -17.76 118.33 -0.87 8.71 -16.78 -0.05 1.42 -3.91 4.76 -1.65 33.75 2.34 -0.85 13.42 0.2 -0.47 -2.46 -4.08 0.64 -6.01 3.83 0.41 25.83 2.04 0.15 9.03 0 -0 0 -58.44 6.04 82.41 41.86 -49.13 -19.83 -0 0 -10 21.08 15.75 5.97 -7.12 0 -0 -6.29 46.7 -0.27 0 -0 0 60.87 -18.99 63.61 -51.8 53.7 -27.62 0 -0 -31.48 -12.54 6.77 -1.5 7.12 -0 -0 10.43 -23.08 5.6
0.46 9.86 -7.36 4.15 -21.11 -34.22 0 0 0 3.13 7.96 -89.72 33.14 15.21 131.66 2.17 -7.39 31.23 0.04 1.35 3.7 0 0 0 -13.97 -4.03 -61.27 -29.34 -17.76 118.33 -0.87 8.24 -16.75 -0.06 1.63 -4.49 4.82 -1.7 34.16 2.36 -0.86 13.44 0.2 -0.48 -2.58 -4.13 0.73 -6.18 3.87 0.56 25.67 2.08 0.22 9 -0 -0 0 -56.67 4.67 79.4 40.81 -48.54 -19.04 -0 0 -9.43 24.09 16.47 7.22 -7.12 0 -0 -3.59 47.89 -0.26 -0 -0 0 61.01 -18.78 63.56 -51.6 53.62 -27.45 0 -0 -31.22 -12.36 6.76 -1.48 7.12 -0 -0 10.56 -23.09 5.67
0.45 9.85 -7.4 4.07 -20.66 -34.68 0 0 0 2.38 10.51 -90.45 33.9 14.52 134.62 2.02 -8.58 31.03 0.02 0.81 2.23 0 0 0 -14.06 -3.85 -60.71 -29.35 -17.76 118.36 -0.88 7.83 -16.84 -0.04 1.28 -3.53 4.98 -1.6 34.15 2.32 -0.68 13.56 0.02 -0.37 -2.44 -4.26 0.57 -6.08 3.97 0.33 25.68 2.11 0.11 8.99 -0 -0 0 -54.95 2.93 74.87 39.7 -47.89 -18.22 -0 0 -10.4 22.92 16.38 6.8 -7.12 0 -0 -4.69 47.63 -0.3 -0 -0 0 61.34 -18.67 63.19 -51.19 53.46 -27.13 0 -0 -31.29 -11.85 6.35 -1.33 7.12 -0 -0 10.96 -23.51 5.78
0.46 9.84 -7.44 3.64 -20.53 -34.66 0 0 0 2.39 12.9 -91.66 34.45 13.97 136.87 2.3 -8.04 32.4 0.02 1.01 2.77 0 0 0 -13.56 -3.62 -60.63 -29.35 -17.76 118.36 -0.89 7.36 -16.87 -0.03 1.1 -3.03 5.19 -1.61 34.26 2.38 -0.6 13.45 -0.05 -0.33 -2.59 -4.16 0.62 -6.08 3.8 0.43 25.69 2.05 0.15 8.99 0 0 0 -53.48 1.27 68.73 38.67 -47.26 -17.46 -0 0 -10.38 24.72 16.69 7.53 -7.12 0 -0 -3.02 48.22 -0.24 0 0 0 61.25 -18.41 63.48 -51.15 53.45 -27.09 0 -0 -32.21 -12.37 6.24 -1.37 7.12 -0 -0 10.58 -23.6 5.55
0.47 9.83 -7.46 3.3 -20.18 -34.99 0 0 0 2.03 15.31 -91.84 34.95 13.44 138.97 2.39 -7.33 32.51 0.04 1.35 3.72 0 0 0 -13.4 -3.68 -60.04 -29.32 -17.78 118.25 -0.89 6.86 -16.87 -0.04 1.32 -3.62 5.63 -1.68 34.34 2.38 -0.55 13.49 -0.29 -0.28 -2.56 -4.23 0.6 -6.16 3.82 0.41 25.86 2.07 0.14 9.06 0 0 0 -52.02 -1.27 62.1 37.77 -46.69 -16.8 -0 0 -10.15 26.42 17.44 8.47 -7.12 0 -0 -1.51 49.3 -0.16 0 0 0 61.49 -18.47 63.25 -50.97 53.38 -26.95 0 -0 -31.72 -11.68 5.88 -1.21 7.12 -0 -0 11.12 -23.99 5.74
0.48 9.82 -7.48 3.51 -19.74 -35.52 0 0 0 1.21 17.8 -91.57 35.39 12.93 140.88 2.16 -7.94 31.54 0.04 1.31 3.61 0 0 0 -13.92 -3.63 -59.54 -29.33 -17.77 118.29 -0.89 6.81 -16.8 -0.04 1.32 -3.64 5.25 -1.44 34.5 2.39 -0.33 13.4 -0.16 -0.19 -2.72 -4.55 0.65 -5.82 4.17 0.44 25.83 2.24 0.15 8.99 0 -0 0 -50.58 -4.07 55.32 37.35 -46.42 -16.5 -0 0 -9.3 26.76 17.98 8.85 -7.12 0 -0 -1.28 49.96 -0.16 0 -0 0 61.53 -18.67 63.26 -50.5 53.19 -26.57 0 -0 -31.76 -11.71 5.63 -1.17 7.12 -0 -0 11.11 -24.24 5.67
0.49 9.82 -7.5 2.88 -19.66 -35.49 0 0 0 1.47 20.6 -91.58 35.75 12.48 142.53 1.75 -8.67 29.41 0.12 2.25 6.2 0 0 0 -13.32 -3.6 -59.11 -29.3 -17.79 118.2 -0.9 6.56 -16.96 -0.03 1.2 -3.31 5.62 -1.46 34.38 2.52 -0.23 13.26 -0.24 -0.13 -2.82 -4.54 0.8 -5.53 4.25 0.63 25.52 2.28 0.25 8.81 0 -0 0 -48.91 -7.38 48.6 37.35 -46.42 -16.49 -0 0 -7.39 26.25 19.55 9.37 -7.12 0 -0 -2.12 51.56 -0.34 0 -0 0 61.4 -18.76 63.71 -49.85 52.93 -26.05 0 -0 -31.95 -12.58 6.57 -1.46 7.12 -0 -0 10.41 -23.27 5.54
0.5 9.81 -7.49 2.29 -19.66 -35.31 0 0 0 1.66 22.53 -91.88 35.93 12.26 143.35 0.79 -11.58 24.66 0.17 2.66 7.33 0 0 0 -12.79 -3.64 -58.97 -29.32 -17.78 118.25 -0.91 6.4 -17.02 -0.03 1.13 -3.1 6.02 -1.48 33.96 2.59 -0.14 13.1 -0.41 -0.07 -2.83 -4.58 1.16 -5.48 4.64 1.04 25.35 2.45 0.49 8.72 0 -0 0 -47.09 -10.88 42.59 37.91 -46.78 -16.9 -0 0 -6.11 28.71 17.77 9.49 -7.12 0 -0 0.7 50.06 0.09 0 -0 0 61.34 -18.99 63.99 -49.48 52.78 -25.76 0 -0 -31.97 -11.88 6.23 -1.31 7.12 -0 -0 10.94 -23.64 5.74
0.5 9.81 -7.48 2.34 -19.37 -35.5 0 0 0 0.87 23.33 -91.59 35.92 12.26 143.34 0.23 -11.27 18.98 0.09 1.97 5.43 0 0 0 -13.08 -3.85 -58.75 -29.34 -17.76 118.33 -0.93 6.14 -17.17 -0.06 1.62 -4.45 5.5 -1.33 33.83 2.6 -0.1 12.9 -0.15 -0.07 -3.01 -4.47 1.85 -5.53 4.83 1.96 25.14 2.57 0.95 8.6 0 0 0 -45.14 -14.66 36.92 39.23 -47.61 -17.87 -0 0 -4.27 29.53 18.1 9.98 -7.12 0 -0 1.47 50.56 0.2 0 0 0 61.08 -19.17 64.45 -49.09 52.62 -25.45 0 -0 -32 -12.1 5.8 -1.24 7.12 -0 -0 10.81 -24.06 5.56
0.51 9.8 -7.46 2.09 -19.18 -35.54 0 0 0 0.54 24.03 -91.6 35.95 12.23 143.46 -0.07 -11.73 15.62 0.14 2.44 6.74 0 0 0 -12.97 -4.02 -58.52 -29.33 -17.77 118.3 -0.92 5.71 -17.14 -0.08 1.83 -5.05 5.42 -1.26 33.73 2.49 -0.04 12.8 -0.24 -0.04 -3.09 -4.02 2.56 -6.07 5.13 2.87 24.85 2.67 1.46 8.56 0 -0 0 -42.84 -19.45 31.43 40.73 -48.5 -18.98 -0 0 -2.5 29.78 17.95 10 -7.12 0 -0 1.75 50.44 0.24 0 -0 0 61.36 -19.28 64.48 -48.53 52.39 -25.01 0 -0 -31.74 -12.46 6.33 -1.39 7.12 -0 -0 10.51 -23.52 5.54
0.52 9.8 -7.45 1.95 -18.96 -35.5 0 0 0 0.39 24.44 -91.82 36.02 12.14 143.77 -0.35 -12.91 12.88 0.19 2.81 7.75 0 0 0 -13.12 -4.39 -58.65 -29.38 -17.74 118.46 -0.9 5.55 -16.97 -0.08 1.84 -5.05 5.03 -1.16 33.48 2.34 -0.05 12.78 -0.19 -0.05 -3.02 -3.57 3.24 -6.8 5.25 3.76 24.47 2.72 1.94 8.52 -0 0 0 -40.39 -24.28 25.85 43.09 -49.8 -20.77 -0 0 -1.75 31.23 18.4 10.83 -7.12 0 -0 3.17 51.21 0.48 -0 0 0 61.75 -18.96 64.42 -47.52 51.95 -24.21 0 -0 -31.97 -11.73 6.4 -1.32 7.12 -0 -0 11.05 -23.47 5.84
0.53 9.79 -7.44 1.6 -19.01 -35.4 0 0 0 0.67 25.6 -91.71 36.09 12.04 144.12 -0.72 -15.34 10.1 0.04 1.24 3.41 0 0 0 -12.77 -4.28 -58.91 -29.45 -17.71 118.7 -0.83 4.77 -16.3 -0.08 1.83 -5.04 4.72 -1.1 33.4 2.3 -0.07 12.68 -0.07 -0.07 -3.12 -3.58 3.97 -7.22 5.55 4.74 23.99 2.9 2.44 8.38 -0 -0 0 -37.71 -29.61 20.79 45.13 -50.83 -22.34 -0 0 -1.97 31.29 17.93 10.6 -7.12 0 -0 3.28 50.69 0.46 -0 -0 0 61.87 -18.65 64.72 -46.57 51.52 -23.46 0 -0 -31.98 -11.67 6.46 -1.33 7.12 -0 -0 11.08 -23.41 5.87
0.53 9.8 -7.43 1.63 -19.14 -35.55 0 0 0 0.8 26.59 -91.18 36.09 12.04 144.11 -0.91 -16.64 7.77 0.24 3.17 8.74 0 0 0 -12.77 -3.74 -59.6 -29.63 -17.62 119.27 -0.69 3.54 -14.84 -0.03 1.08 -2.98 3.98 -0.81 33.59 2.06 0.07 12.54 0.04 -0.03 -3.34 -3.37 4.44 -7.71 5.73 5.35 23.78 2.98 2.77 8.37 0 0 0 -34.51 -35.17 16.34 47.42 -51.9 -24.13 -0 0 -2.13 31.29 18.13 10.71 -7.12 0 -0 3.26 50.92 0.48 0 0 0 62.43 -18.32 64.84 -45.2 50.87 -22.4 0 -0 -31.5 -11.96 7.13 -1.51 7.12 -0 -0 10.83 -22.72 5.91
0.54 9.81 -7.42 1.37 -19.59 -35.28 0 0 0 1.13 27.67 -91.43 36.13 11.99 144.3 -0.98 -17.18 6.48 0.02 0.91 2.51 0 0 0 -12.19 -3.02 -61.41 -29.89 -17.47 120.14 -0.43 1.15 -12.07 -0 -0.03 0.07 3.55 -0.67 33.68 1.72 0.09 12.27 -0.11 -0.03 -3.67 -3 4.98 -8.27 6.15 5.95 23.73 3.13 3.13 8.42 0 0 0 -30.68 -40 12.33 49.13 -52.64 -25.48 -0 0 -1.89 31.06 17.36 10.19 -7.12 0 -0 3.12 50 0.39 0 0 0 63.07 -17.92 65.2 -43.98 50.26 -21.45 0 -0 -30.79 -11.75 7.2 -1.49 7.12 -0 -0 10.98 -22.66 6.01
0.55 9.82 -7.41 0.93 -20.04 -34.99 0 0 0 1.64 28.5 -91.59 36.15 11.96 144.39 -1.03 -17.61 6.16 0.04 1.35 3.72 0 0 0 -11.13 -2.1 -63.78 -30.11 -17.35 120.89 -0.12 -2.6 -8.08 -0.02 -1 2.74 3.33 -0.66 33.71 1.33 0.01 12.21 -0.36 -0.07 -3.76 -2.43 5.46 -8.85 6.29 6.52 23.33 3.14 3.47 8.37 0 -0 0 -25.98 -45.27 8.13 50.76 -53.3 -26.78 -0 0 -1.04 31.33 17.04 10.11 -7.12 0 -0 3.42 49.69 0.4 0 -0 0 63.97 -17.22 65 -43.05 49.78 -20.74 0 -0 -29.56 -10.94 5.77 -1.11 7.12 -0 -0 11.67 -24.12 6
0.56 9.83 -7.4 0.93 -20.58 -34.75 0 0 0 1.73 29.48 -91.66 36.15 11.96 144.4 -1.06 -17.87 5.76 0.01 0.64 1.75 0 0 0 -10.18 -0.97 -66.21 -30.2 -17.3 121.18 0.1 -6.31 -5.36 -0.3 -3.52 9.74 2.3 -0.4 33.94 1.03 -0.01 12.11 -0.14 -0.1 -3.96 -2.09 5.84 -10.01 6.45 6.96 23.24 3.22 3.74 8.54 -0 -0 0 -21.41 -49.64 3.77 52.7 -54.03 -28.35 -0 0 -0.74 30.57 16.62 9.59 -7.12 0 -0 2.71 49.08 0.27 -0 -0 0 64.62 -16.26 65.03 -41.82 49.11 -19.81 0 -0 -28.63 -11.04 6.57 -1.28 7.12 -0 -0 11.53 -23.31 6.15
0.6 9.85 -7.37 1.1 -20.85 -34.7 0 0 0 1.47 29.61 -91.38 36.14 11.97 144.38 -0.99 -17.39 5.01 0.01 -0.64 -1.76 0 0 0 -9.55 -0.1 -67.49 -29.81 -17.52 119.87 0.07 -5.43 -5.15 -0.44 -4.25 11.77 1.62 -0.34 34.12 0.55 -0.18 11.96 -0.22 -0.2 -4.2 -1.58 6.18 -10.37 6.59 7.32 22.76 3.21 3.97 8.45 0 -0 0 -17.48 -53.85 0.06 54.74 -54.74 -30 -0 0 -0.22 30.37 15.65 8.98 -7.12 0 -0 2.62 47.95 0.19 0 -0 0 65.38 -15.8 64.83 -40.75 48.51 -19 0 -0 -27.84 -10.15 6.13 -1.1 7.12 -0 -0 12.22 -23.77 6.4
0.64 9.85 -7.33 0.92 -21.49 -34.16 0 0 0 1.76 29.8 -92.08 36.16 11.95 144.45 -0.98 -17.23 5.95 0.02 -0.82 -2.26 0 0 0 -8.12 1.52 -68.34 -28.91 -17.98 116.93 -0.01 -3.78 -5.76 -0.28 -3.4 9.4 0.86 -0.47 34.16 0.48 -0.62 11.95 0.27 -0.44 -4.22 -1.66 6.76 -11.24 6.34 8.23 22.1 3.23 4.37 8.35 -0 0 0 -13.77 -56.77 -4.77 57.6 -55.64 -32.35 -0 0 -0.86 29.18 15.72 8.61 -7.12 0 -0 1.45 47.85 0.1 -0 0 0 65.12 -14.59 65.21 -40.13 48.14 -18.53 0 -0 -27.79 -10.7 6.9 -1.3 7.12 -0 -0 11.76 -22.99 6.36
0.68 9.86 -7.29 1.5 -21.45 -34.02 0 0 0 0.75 29.11 -92.27 36.17 11.93 144.51 -0.93 -16.84 5.14 0.05 -1.42 -3.92 0 0 0 -8.01 2.68 -68.4 -27.65 -18.53 112.91 -0.08 -1.24 -6.01 -0.09 -1.9 5.22 -0.57 -0.52 34.15 0.15 -1.17 11.79 0.86 -0.74 -4.39 -1.16 7.21 -10.67 5.71 8.92 20.75 2.92 4.68 7.83 -0 0 0 -11.63 -59.24 -8.01 61.07 -56.59 -35.24 -0 0 -1.21 29.58 14.35 8.01 -7.12 0 -0 1.98 46.37 0.07 -0 0 0 65.1 -14.24 65.31 -39.76 47.93 -18.26 0 -0 -27.47 -9.87 6.38 -1.11 7.12 -0 -0 12.4 -23.53 6.57
0.71 9.85 -7.25 1.35 -21.95 -33.44 0 0 0 0.65 29.69 -92.99 36.24 11.84 144.83 -0.9 -16.56 5.28 0.05 -1.44 -3.95 0 0 0 -7.1 4.3 -68.13 -26.1 -19.08 108.09 -0.1 -0.03 -5.92 -0.01 -0.54 1.47 -1.19 -0.62 34.21 0.03 -1.51 11.76 1.18 -0.92 -4.42 -1.1 7.72 -11.37 5.94 9.56 20.27 3.06 5.02 7.76 0 -0 0 -9.61 -61.76 -11.29 65.52 -57.61 -38.97 -0 0 -1.88 28.51 13.49 7.22 -7.12 0 -0 1.05 45.25 0.01 0 -0 0 65.36 -13.63 64.86 -39.3 47.65 -17.92 0 -0 -26.41 -8.99 6.5 -1.03 7.12 -0 -0 13.03 -23.43 6.95
0.74 9.86 -7.21 0.67 -22.56 -32.51 0 0 0 0.86 29.89 -94.18 36.28 11.78 145.05 -0.87 -16.22 5.67 0.06 -1.57 -4.32 0 0 0 -5.84 6.18 -67.36 -24.32 -19.55 102.73 -0.09 -0.1 -5.59 -0.01 0.62 -1.7 -1.38 -0.95 34.13 0.13 -2 11.82 1.54 -1.18 -4.31 -1.23 8.21 -12.15 6.1 10.25 19.69 3.21 5.36 7.66 -0 0 0 -8.72 -63.49 -13.45 70.58 -58.53 -43.27 -0 0 -1.56 28.04 14.7 7.7 -7.12 0 -0 0.47 46.54 0.02 -0 0 0 65.26 -12.67 64.72 -38.85 47.37 -17.59 0 -0 -26.8 -9.13 7.57 -1.21 7.12 -0 -0 12.84 -22.37 7.17
0.75 9.87 -7.17 0.72 -22.95 -32.05 0 0 0 0.65 30.26 -94.6 36.3 11.74 145.17 -0.86 -16.2 5.45 0.07 -1.69 -4.64 0 0 0 -5.56 7.81 -66.33 -22.62 -19.84 97.67 -0.04 -1.17 -4.54 -0.07 1.74 -4.78 -2.15 -1.11 34.29 -0.11 -2.48 11.83 1.87 -1.44 -4.32 -1.55 8.51 -12.51 6.49 10.67 19.13 3.41 5.58 7.48 -0 0 0 -8.75 -64.69 -14.72 76.89 -59.34 -48.67 -0 0 -3.22 24.68 13.2 5.99 -7.12 0 -0 -2.46 44.44 0.03 -0 0 0 65.62 -11.74 64.86 -38.39 47.09 -17.25 0 -0 -27.14 -10.45 6.82 -1.25 7.12 -0 -0 11.95 -23.08 6.45
0.72 9.84 -7.1 0.93 -23.17 -31.37 0 0 0 0.42 31.07 -95.64 36.41 11.59 145.7 -0.91 -16.62 5.32 0.08 -1.77 -4.87 0 0 0 -5.94 8.84 -66.41 -21.46 -19.95 94.28 0.02 -3 1 -0.1 2.07 -5.69 -2.99 -1.2 34.49 -0.41 -2.92 11.79 2.15 -1.67 -4.39 -1.49 8.72 -12.8 6.35 11 17.86 3.34 5.74 7.11 -0 0 0 -9.37 -65.6 -14.72 84.34 -59.88 -55.1 -0 0 -4.6 22.17 13.85 5.57 -7.12 0 -0 -4.88 44.83 0.02 -0 0 0 66.09 -11.23 64.48 -38.3 47.03 -17.19 0 -0 -26.19 -9.98 7.59 -1.33 7.12 -0 -0 12.23 -22.32 6.82
0.7 9.86 -7.07 0.86 -23.37 -30.6 0 0 0 0.36 31.11 -96.33 36.42 11.59 145.72 -0.88 -16.38 5.38 0.05 -1.5 -4.11 0 0 0 -5.91 9.16 -66.95 -21.13 -19.97 93.3 -0.03 -3.78 3.94 -0 0.07 -0.2 -3.42 -1.41 34.71 -0.66 -3.36 11.89 2.25 -1.89 -4.32 -2.23 8.55 -12.99 6.27 10.97 15.83 3.34 5.69 6.45 0 -0 0 -10.21 -66.24 -14.41 92.39 -59.98 -62.07 -0 0 -5.74 19.54 14.36 5.03 -7.12 0 -0 -7.41 45.05 -0.01 0 -0 0 66.48 -10.7 64.13 -38.59 47.21 -17.39 0 -0 -26.56 -8.43 7.75 -1.15 7.12 -0 -0 13.33 -22.2 7.51
0.68 9.86 -7.03 0.81 -23.69 -29.87 0 0 0 0.17 31.6 -97.31 36.45 11.53 145.9 -0.91 -16.64 5 0.13 -2.31 -6.36 0 0 0 -5.69 9.13 -68.08 -21.45 -19.95 94.25 -0.01 -3.71 2.92 -0.01 0.61 -1.68 -3.74 -1.47 35 -0.79 -3.57 12.17 2.35 -2.02 -4.1 -2.54 8.45 -13.31 5.87 11.01 13.78 3.19 5.68 5.86 -0 -0 0 -10.3 -66.71 -14.82 100.36 -59.59 -68.96 -0 0 -8.64 16.32 14.37 4.16 -7.12 0 -0 -10.34 44.68 0.08 -0 -0 0 66.87 -10.25 63.72 -39.01 47.47 -17.71 0 -0 -26.35 -10.13 7.55 -1.34 7.12 -0 -0 12.13 -22.36 6.75
0.66 9.87 -7 1.13 -23.74 -29.19 0 0 0 -0.31 31.46 -98.07 36.46 11.52 145.96 -0.89 -16.47 5.01 0.12 -2.25 -6.19 0 0 0 -6.01 8.96 -69.21 -21.67 -19.93 94.88 -0.02 -2.92 3.11 -0.01 0.5 -1.37 -4.35 -1.48 35.65 -1.02 -3.84 12.26 2.53 -2.16 -4.19 -2.69 8.28 -13.35 5.15 10.95 11.6 2.91 5.61 5.22 0 -0 0 -10.17 -66.8 -14.75 107.79 -58.77 -75.34 -0 0 -11.62 12.92 14.81 3.36 -7.12 0 -0 -13.52 44.72 0.09 0 -0 0 67.25 -9.91 63.61 -39.38 47.7 -17.98 0 -0 -26.4 -11.89 7.27 -1.53 7.12 -0 -0 10.87 -22.59 5.97
0.64 9.88 -6.99 1.29 -23.94 -28.26 0 0 0 -0.69 31.26 -99.23 36.49 11.48 146.07 -0.85 -16.1 5.07 0.12 -2.2 -6.06 0 0 0 -6.23 8.88 -70.28 -21.51 -19.95 94.42 -0.06 -3.2 4.66 -0 -0.26 0.72 -4.57 -1.41 36.11 -1.15 -3.87 12.26 2.5 -2.18 -4.21 -2.99 8 -13.12 4.78 10.72 9.56 2.74 5.47 4.56 -0 0 0 -10.47 -67.1 -14.16 114.19 -57.67 -80.79 -0 0 -15.11 8.87 14.78 2.28 -7.12 0 -0 -17.12 44.23 0.34 -0 0 0 67.88 -9.8 62.83 -39.16 47.56 -17.81 0 -0 -26 -11.5 8.15 -1.65 7.12 -0 -0 11.1 -21.72 6.32
0.63 9.89 -6.98 1.1 -24.32 -27.54 0 0 0 -0.68 31.75 -99.92 36.5 11.47 146.12 -0.88 -16.36 5.57 0.08 -1.81 -4.97 0 0 0 -5.86 8.86 -70.84 -21.37 -19.95 94.02 -0.11 -3.16 5.94 -0 -0.34 0.95 -4.58 -1.41 36.92 -1.28 -3.94 12.69 2.41 -2.23 -4.02 -3.03 7.76 -14.13 4.51 10.47 8.2 2.65 5.35 4.33 0 0 0 -8.77 -66.87 -15.09 120.5 -56.18 -86.07 -0 0 -19.36 3.83 19.92 1.31 -7.12 0 -0 -23.68 48.42 -2.11 0 0 0 68.23 -8.57 62.88 -38.9 47.4 -17.62 0 -0 -26.35 -11.83 9.15 -1.91 7.12 -0 -0 10.81 -20.71 6.4
0.61 9.9 -6.96 1.06 -24.35 -26.57 0 0 0 -0.96 31.12 -100.99 36.5 11.47 146.12 -0.83 -15.93 5.62 0.1 -2.04 -5.62 0 0 0 -5.72 8.33 -72.04 -21.4 -19.95 94.11 -0.12 -2.83 6.28 -0 -0.15 0.42 -4.91 -1.32 37.3 -1.25 -3.96 12.78 2.62 -2.26 -4.01 -3.3 7.46 -14 4.49 10.14 6.76 2.61 5.19 3.87 -0 0 0 -9.57 -66.95 -13.85 125.01 -54.82 -89.79 -0 0 -23.47 -0.32 20.66 -0.11 -7.12 0 -0 -27.76 48.5 -2.58 -0 0 0 68.2 -8.1 63.04 -39.15 47.56 -17.81 0 -0 -26.5 -12.41 8.28 -1.81 7.12 -0 -0 10.44 -21.56 5.97
0.6 9.93 -6.95 1.56 -24.35 -26.3 0 0 0 -1.53 30.65 -101 36.47 11.51 145.98 -0.8 -15.62 5.37 0.08 -1.86 -5.11 0 0 0 -6.1 7.92 -72.61 -21.38 -19.95 94.05 -0.14 -2.47 6.53 -0 -0.11 0.31 -5.42 -1.02 37.86 -1.37 -3.81 13.07 2.71 -2.22 -3.86 -3.86 6.89 -13.95 4.77 9.48 5.17 2.68 4.87 3.36 -0 0 0 -8.5 -67.41 -14.28 128.65 -53.53 -92.74 -0 0 -29.39 -7.34 22.47 -2.82 -7.12 0 -0 -34.93 49.03 -3.91 -0 0 0 68.23 -7.61 62.85 -39.37 47.69 -17.97 0 -0 -26.55 -11.81 8.9 -1.85 7.12 -0 -0 10.84 -20.96 6.36
0.57 9.93 -6.93 0.2 -24.85 -24.95 0 0 0 -0.34 31.67 -102.63 36.52 11.43 146.26 -0.86 -16.2 6.26 0.1 -1.99 -5.47 0 0 0 -4.55 7.78 -73.38 -21.39 -19.95 94.08 -0.13 -2.63 6.43 -0 -0.38 1.04 -4.59 -1.17 38.05 -1.15 -3.71 13.28 2.48 -2.16 -3.74 -4.21 6.39 -14.2 4.9 8.89 3.64 3.02 4.58 3.29 0 -0 0 -7.29 -67.64 -14.84 131.24 -52.48 -94.81 -0 0 -35.23 -11.5 26.26 -5.14 -7.12 0 -0 -41.09 51.44 -7.6 0 -0 0 68.56 -6.98 62.95 -39.28 47.64 -17.91 0 -0 -26.83 -12.25 8.75 -1.89 7.12 -0 -0 10.53 -21.09 6.14
0.58 9.97 -6.9 1.78 -24.04 -24.72 0 0 0 -2.43 29.23 -102.3 36.45 11.53 145.91 -0.72 -14.8 5.63 0.08 -1.86 -5.11 0 0 0 -6.53 6.67 -74.44 -21.44 -19.95 94.21 -0.15 -1.81 6.91 -0.01 -0.62 1.69 -5.9 -0.99 38.07 -1.63 -3.98 13.32 2.73 -2.31 -3.63 -4.7 5.76 -13.87 4.96 8.16 2 3 4.22 2.68 0 0 0 -6.71 -68.03 -14.73 133.26 -51.59 -96.41 -0 0 -40.26 -16.95 24.27 -7.14 -7.12 0 -0 -44.12 49 -5.3 0 0 0 68.52 -6.52 63.19 -39.4 47.71 -18 0 -0 -27.25 -12.12 8.22 -1.76 7.12 -0 -0 10.65 -21.63 6.08
0.55 9.96 -6.87 -0.94 -25.23 -23.36 0 0 0 0.39 32.46 -104.04 36.55 11.39 146.39 -0.91 -16.6 7.24 0.1 -2.07 -5.69 0 0 0 -3.31 7.17 -74.46 -21.43 -19.95 94.18 -0.13 -2.3 6.52 -0.02 -0.96 2.63 -4.01 -1.3 38.4 -1.01 -3.67 13.66 2.3 -2.15 -3.47 -5.14 5.26 -14.26 5.08 7.59 0.88 3.07 3.95 2.38 -0 0 0 -5.45 -68.18 -15.3 134.86 -50.84 -97.66 -0 0 -45.37 -21.37 24.9 -9.35 -7.12 0 -0 -48.05 48.77 -5.7 -0 0 0 68.45 -5.95 63.52 -39.51 47.78 -18.08 0 -0 -27.18 -13.24 7.14 -1.67 7.12 -0 -0 9.9 -22.68 5.39
0.57 10.04 -6.88 -1.18 -25.3 -22.86 0 0 0 0.06 32.23 -103.95 36.46 11.53 145.92 -0.86 -16.21 6.99 0.13 -2.28 -6.28 0 0 0 -2.86 6.94 -74.29 -21.22 -19.96 93.56 -0.14 -2.17 6.55 -0.02 -0.99 2.72 -3.8 -1.31 38.88 -1.06 -3.63 13.43 2.16 -2.1 -3.89 -4.97 4.59 -13.86 4.54 6.7 -0.32 2.75 3.48 1.98 0 -0 0 -6.38 -68.55 -13.42 136.39 -50.07 -98.83 -0 0 -50.1 -22.64 26.5 -10.54 -7.12 0 -0 -50.3 49.74 -7.63 0 -0 0 68.49 -6.24 63.72 -39.55 47.8 -18.1 0 -0 -27.06 -10.51 6.71 -1.24 7.12 -0 -0 11.91 -23.19 6.39
0.57 10.01 -6.8 0.31 -24.71 -22.28 0 0 0 -1.64 30.37 -104.79 36.53 11.42 146.28 -0.75 -15.17 6.46 0.08 -1.86 -5.11 0 0 0 -4.9 6.19 -76.2 -21.46 -19.95 94.27 -0.15 -1.46 6.98 -0.02 -0.96 2.64 -4.83 -1.3 38.57 -1.62 -4.01 13.25 2.22 -2.28 -3.94 -5.15 4.07 -13.84 4.31 6.06 -1.62 2.63 3.16 1.57 -0 0 0 -5.59 -68.76 -13.49 137.37 -49.55 -99.58 -0 0 -53.9 -25.4 25.62 -11.6 -7.12 0 -0 -51.61 48.64 -6.19 -0 0 0 68.7 -5.73 63.95 -39.08 47.52 -17.76 0 -0 -27.02 -9.93 7.81 -1.36 7.12 -0 -0 12.25 -22.11 6.9
0.54 10.04 -6.78 0.71 -24.56 -21.84 0 0 0 -2.19 30.2 -105.07 36.51 11.44 146.21 -0.74 -15.01 5.93 0.15 -2.48 -6.83 0 0 0 -5.37 6.06 -76.8 -21.51 -19.94 94.43 -0.15 -1.29 6.98 -0.02 -0.93 2.57 -5.5 -1.02 38.29 -1.79 -3.89 13.27 2.33 -2.24 -3.8 -5.52 3.45 -13.49 4.32 5.29 -2.99 2.62 2.78 1.09 0 -0 0 -6.22 -69.08 -11.82 138.47 -48.95 -100.41 -0 0 -57.4 -23.59 27.23 -11.3 -7.12 0 -0 -51.62 50.11 -8.53 0 -0 0 69.16 -5.66 63.77 -39.1 47.53 -17.78 0 -0 -26.94 -7.91 5.83 -0.81 7.12 -0 -0 13.88 -24.1 7.21
0.53 10.06 -6.75 1.5 -24.24 -21.65 0 0 0 -2.96 28.95 -104.96 36.49 11.47 146.1 -0.67 -14.32 5.81 0.13 -2.29 -6.29 0 0 0 -6.34 5.74 -77.39 -21.56 -19.94 94.56 -0.15 -1.07 6.91 -0.02 -0.89 2.46 -6.49 -0.9 38.34 -1.92 -4.12 12.94 2.79 -2.35 -4.09 -6.18 3.04 -12.58 4.04 4.8 -4.38 2.56 2.54 0.5 -0 0 0 -8.49 -68.89 -9.56 138.86 -48.73 -100.71 -0 0 -59.49 -29.45 26.71 -14.24 -7.12 0 -0 -55.38 48.74 -7.19 -0 0 0 68.91 -5.9 64.24 -39.06 47.5 -17.74 0 -0 -26.72 -8.41 4.88 -0.72 7.12 -0 -0 13.6 -25.02 6.76
0.52 10.06 -6.73 1.16 -24.4 -20.91 0 0 0 -2.77 28.89 -105.76 36.52 11.43 146.26 -0.63 -13.97 6.2 0.06 -1.59 -4.37 0 0 0 -6.07 5.83 -77.97 -21.58 -19.94 94.61 -0.15 -1.08 6.96 -0.03 -1.06 2.93 -6.21 -1.06 38.26 -2.09 -4.22 13.15 2.5 -2.4 -3.87 -6.56 2.5 -13.59 3.99 4.2 -5.37 2.61 2.25 0.38 0 -0 0 -9.28 -68.67 -7.46 140.02 -48.06 -101.57 -0 0 -60.62 -24.26 27.96 -11.93 -7.12 0 -0 -52.76 50.51 -9.48 0 -0 0 69.09 -5.11 64.65 -39.2 47.59 -17.84 0 -0 -26.67 -9.71 4.24 -0.73 7.12 -0 -0 12.71 -25.65 6.1
0.52 10.07 -6.71 1.07 -24.28 -20.62 0 0 0 -2.64 28.09 -105.87 36.53 11.41 146.31 -0.58 -13.43 5.98 0.06 -1.57 -4.31 0 0 0 -6.11 5.79 -78.13 -21.58 -19.94 94.63 -0.14 -1.17 6.83 -0.03 -1.12 3.08 -6.21 -1.04 38.56 -2.18 -4.22 12.94 2.42 -2.38 -4.2 -7.02 2.04 -12.9 4 3.61 -6.6 2.64 1.97 -0.11 0 0 0 -13.22 -68.71 -2.9 140.84 -47.57 -102.18 -0 0 -62.53 -24.89 27.79 -12.2 -7.12 0 -0 -53.08 50.28 -9.21 0 0 0 69.19 -5.51 64.94 -39.23 47.61 -17.87 0 -0 -26.71 -9.78 4.4 -0.76 7.12 -0 -0 12.64 -25.49 6.11
0.51 10.08 -6.71 1.27 -24.28 -20.52 0 0 0 -2.91 27.81 -105.68 36.53 11.42 146.29 -0.55 -13.06 5.86 0.04 -1.29 -3.56 0 0 0 -6.34 5.93 -78.27 -21.52 -19.94 94.46 -0.15 -1.29 6.9 -0.02 -0.92 2.53 -6.4 -0.91 38.72 -2.4 -4.15 13.25 2.25 -2.36 -3.91 -7.47 1.47 -13.95 4.18 2.98 -7.52 2.77 1.68 -0.21 -0 0 0 -12.01 -68.73 -2.83 141.46 -47.18 -102.64 -0 0 -64.88 -25.36 27.63 -12.4 -7.12 0 -0 -53.29 50.09 -8.96 -0 0 0 69.48 -5.3 64.76 -39.44 47.73 -18.02 0 -0 -26.69 -9.89 5.06 -0.88 7.12 -0 -0 12.5 -24.84 6.23
0.51 10.09 -6.7 0.95 -24.5 -20.22 0 0 0 -2.63 28.14 -105.84 36.56 11.38 146.44 -0.58 -13.37 5.6 0.01 -0.74 -2.05 0 0 0 -5.98 6.12 -78.37 -21.54 -19.94 94.51 -0.14 -1.34 6.69 -0.02 -0.92 2.52 -6.28 -0.8 39.16 -2.44 -4.03 13.11 2.13 -2.28 -4.22 -8.21 1.03 -13.89 4.65 2.5 -8.58 3.05 1.47 -0.55 -0 -0 0 -10.46 -68.67 -2.47 141.98 -46.85 -103.02 -0 0 -66.94 -25.32 27.81 -12.45 -7.12 0 -0 -53.42 50.22 -9.21 -0 -0 0 69.6 -5.47 65.03 -39.44 47.73 -18.02 0 -0 -26.93 -9.91 5.14 -0.9 7.12 -0 -0 12.48 -24.76 6.25
0.5 10.09 -6.68 0.83 -24.5 -19.83 0 0 0 -2.48 27.65 -106.2 36.56 11.38 146.43 -0.63 -13.89 5.57 0.04 -1.29 -3.56 0 0 0 -5.8 5.88 -78.78 -21.58 -19.94 94.61 -0.14 -1.2 6.72 -0.02 -0.87 2.39 -6.37 -0.64 38.85 -2.39 -3.83 13.31 2.13 -2.21 -3.91 -8.53 0.59 -14.23 4.6 1.98 -9.5 3.07 1.22 -0.77 -0 0 0 -9.16 -68.72 -2.23 142.85 -46.29 -103.65 -0 0 -67.83 -22.48 28.02 -11 -7.12 0 -0 -51.45 50.86 -9.64 -0 0 0 69.7 -5.22 65 -39.28 47.64 -17.91 0 -0 -27.4 -10.31 5.26 -0.96 7.12 -0 -0 12.17 -24.63 6.13
0.53 10.16 -6.72 0.98 -24.4 -19.61 0 0 0 -2.74 26.36 -105.65 36.44 11.55 145.84 -0.51 -12.51 5.48 0.02 -0.94 -2.59 0 0 0 -5.82 5.68 -78.59 -21.35 -19.96 93.95 -0.15 -1.22 6.91 -0.03 -1.12 3.09 -6.71 -0.43 38.93 -2.36 -3.69 13.16 2.3 -2.14 -4.09 -9.32 0.21 -14.4 5.05 1.6 -10.03 3.37 1.07 -0.91 -0 -0 0 -10.33 -68.65 -0.17 143.64 -45.76 -104.22 -0 0 -70.18 -20.27 28.01 -9.84 -7.12 0 -0 -49.72 51.25 -9.7 -0 -0 0 69.58 -5.33 65.24 -39.15 47.56 -17.81 0 -0 -27.82 -10.43 4.48 -0.82 7.12 -0 -0 12.16 -25.4 5.89
0.53 10.17 -6.71 0.89 -24.37 -19.28 0 0 0 -2.67 25.88 -105.85 36.44 11.54 145.86 -0.48 -12.22 5.57 0.01 -0.54 -1.48 0 0 0 -5.68 5.39 -78.86 -21.3 -19.96 93.79 -0.15 -1.24 6.9 -0.02 -1 2.74 -6.61 -0.35 38.82 -2.44 -3.55 12.99 2.12 -2.05 -4.26 -9.61 -0.01 -14.38 5.33 1.37 -10.82 3.52 0.97 -1.16 -0 -0 0 -11.76 -68.79 2.18 144.45 -45.2 -104.8 -0 0 -72.3 -17.66 28.83 -8.73 -7.12 0 -0 -48.34 52.3 -10.75 -0 -0 0 69.75 -5.74 65.57 -38.67 47.26 -17.46 0 -0 -27.18 -11.96 4.9 -1.04 7.12 -0 -0 10.98 -24.96 5.42
0.53 10.18 -6.7 1.05 -24.32 -19.19 0 0 0 -3.04 25.54 -105.84 36.44 11.55 145.84 -0.54 -12.85 4.89 0.04 -1.26 -3.45 0 0 0 -5.77 5.1 -79.04 -21.3 -19.96 93.8 -0.15 -0.98 7.06 -0.02 -0.96 2.63 -6.83 -0.02 38.97 -2.58 -3.26 12.86 1.98 -1.9 -4.46 -9.33 -0.24 -14.49 5.48 1.04 -11.81 3.51 0.81 -1.45 0 -0 0 -11.95 -69.61 2.92 144.98 -44.83 -105.17 -0 0 -73.35 -15.01 29.02 -7.41 -7.12 0 -0 -46.31 52.93 -10.9 0 -0 0 70.25 -5.76 65.42 -38.21 46.97 -17.12 0 -0 -27.69 -12.02 5.38 -1.14 7.12 -0 -0 10.9 -24.48 5.5
0.52 10.19 -6.68 1.08 -24.29 -18.92 0 0 0 -3.17 25.48 -106.06 36.46 11.53 145.92 -0.49 -12.34 5.31 0 -0.4 -1.1 0 0 0 -5.71 4.67 -79.42 -21.34 -19.96 93.91 -0.16 -0.8 7.27 -0.05 -1.43 3.93 -7.11 0.06 38.83 -2.45 -3.23 12.81 2.26 -1.9 -4.44 -10.15 -0.56 -15.1 6 0.83 -12.8 3.53 0.73 -1.52 -0 0 0 -12.19 -70.1 2.65 145.37 -44.55 -105.45 -0 0 -74.39 -11.43 29.07 -5.61 -7.12 0 -0 -43.28 53.63 -10.75 -0 0 0 69.75 -5.62 65.92 -38.04 46.87 -17 0 -0 -28.05 -11.67 5.54 -1.14 7.12 -0 -0 11.15 -24.32 5.67
0.52 10.2 -6.66 0.93 -24.07 -18.75 0 0 0 -3.17 25.23 -106.11 36.45 11.53 145.91 -0.52 -12.61 5.05 0.02 -0.96 -2.63 0 0 0 -5.53 4.11 -79.5 -21.35 -19.96 93.95 -0.16 -0.58 7.28 -0.05 -1.38 3.79 -6.98 0.08 38.49 -2.57 -3.13 13.21 2 -1.87 -3.92 -9.92 -0.77 -15.67 5.98 0.56 -14.31 3.5 0.61 -1.87 -0 0 0 -10.07 -71.36 0.22 145.83 -44.21 -105.77 -0 0 -76.54 -9.46 29.41 -4.68 -7.12 0 -0 -41.86 54.26 -10.99 -0 0 0 70.19 -4.99 65.68 -37.79 46.7 -16.81 0 -0 -28.37 -11.72 5.15 -1.07 7.12 -0 -0 11.14 -24.72 5.56
0.53 10.2 -6.65 0.77 -24.05 -18.53 0 0 0 -3.08 25.06 -106.28 36.45 11.53 145.9 -0.47 -12.03 5.29 0.01 -0.74 -2.04 0 0 0 -5.3 3.8 -79.63 -21.34 -19.96 93.94 -0.16 -0.45 7.39 -0.05 -1.48 4.08 -7 0.07 38.58 -2.46 -3.15 12.97 2.15 -1.86 -4.2 -10.7 -0.94 -15.07 6.23 0.41 -15.76 3.71 0.57 -2.39 0 -0 0 -11.05 -71.9 0.6 146.63 -43.61 -106.32 -0 0 -77.91 -7.55 29.48 -3.73 -7.12 0 -0 -40.21 54.68 -10.88 0 -0 0 69.93 -5.21 66.12 -37.63 46.6 -16.69 0 -0 -28.47 -12.16 5.55 -1.19 7.12 -0 -0 10.79 -24.31 5.48
0.53 10.21 -6.64 0.7 -24.23 -18.43 0 0 0 -3.11 25.5 -106.38 36.47 11.5 146 -0.5 -12.39 5.02 0.04 -1.25 -3.45 0 0 0 -5.08 3.69 -79.77 -21.34 -19.96 93.93 -0.16 -0.23 7.44 -0.04 -1.37 3.76 -6.99 0.17 38.47 -2.53 -3.02 13.07 2.02 -1.81 -4.06 -10.58 -1.15 -14.94 5.93 0.05 -17.17 3.6 0.4 -2.82 0 -0 0 -10.17 -72.65 -0.62 147.45 -42.98 -106.89 -0 0 -79.57 -6.1 29.87 -3.05 -7.12 0 -0 -39.25 55.28 -11.15 0 -0 0 69.98 -5.02 66.12 -37.88 46.76 -16.88 0 -0 -28.5 -12.79 5.02 -1.14 7.12 -0 -0 10.36 -24.83 5.13
0.53 10.21 -6.64 0.8 -24.63 -18.42 0 0 0 -3.18 26.06 -106.47 36.48 11.49 146.04 -0.48 -12.19 5.26 0.02 -1 -2.76 0 0 0 -4.93 3.9 -79.93 -21.3 -19.96 93.79 -0.17 -0.18 7.67 -0.05 -1.42 3.9 -7.07 0.49 38.69 -2.67 -2.7 13.01 1.8 -1.64 -4.23 -10.58 -1.34 -14.8 6.08 -0.21 -18.3 3.67 0.28 -3.16 0 -0 0 -10.02 -73.5 -0.65 148.34 -42.27 -107.49 -0 0 -80.65 -4.65 30.02 -2.33 -7.12 0 -0 -38.05 55.67 -11.12 0 -0 0 70.53 -4.93 65.88 -37.42 46.47 -16.55 0 -0 -28.6 -13.25 5.55 -1.3 7.12 -0 -0 9.99 -24.29 5.07
0.5 10.15 -6.59 0.64 -24.79 -18.25 0 0 0 -2.92 27 -107.16 36.59 11.32 146.62 -0.52 -12.67 5.69 0.01 -0.71 -1.94 0 0 0 -4.85 3.89 -80.52 -21.54 -19.94 94.5 -0.15 -0.01 7.36 -0.03 -1.2 3.3 -7.13 0.54 38.61 -2.57 -2.63 13.06 1.91 -1.62 -4.14 -11.09 -1.65 -14.46 6.31 -0.58 -19.34 3.84 0.13 -3.5 -0 0 0 -9.55 -73.94 -1.38 149.22 -41.55 -108.08 -0 0 -82.11 -2.92 30.66 -1.49 -7.12 0 -0 -37.01 56.54 -11.57 -0 0 0 70.45 -4.8 65.93 -37.35 46.42 -16.49 0 -0 -28.84 -13.24 5.28 -1.24 7.12 -0 -0 10.01 -24.56 5.02
0.5 10.14 -6.59 0.43 -25.03 -18.15 0 0 0 -2.76 27.4 -107.27 36.61 11.3 146.72 -0.52 -12.7 5.85 0.02 -0.89 -2.45 0 0 0 -4.52 4.07 -80.49 -21.53 -19.94 94.47 -0.15 0.04 7.23 -0.03 -1.04 2.87 -7.01 0.54 38.44 -2.53 -2.58 13.19 1.87 -1.61 -3.95 -11.36 -1.72 -14.84 6.23 -0.61 -19.32 3.85 0.14 -3.44 0 0 0 -8.92 -74.08 -1.86 150.14 -40.78 -108.68 -0 0 -82.38 -1.72 31.07 -0.89 -7.12 0 -0 -36.26 57.12 -11.82 0 0 0 70.45 -4.72 65.98 -37.4 46.45 -16.53 0 -0 -28.95 -13.17 5.34 -1.25 7.12 -0 -0 10.05 -24.5 5.05
0.5 10.14 -6.59 0.47 -25.13 -18.27 0 0 0 -2.74 27.58 -107.15 36.62 11.29 146.73 -0.53 -12.81 5.99 0.02 -1 -2.74 0 0 0 -4.49 4.13 -80.41 -21.52 -19.94 94.46 -0.15 0.11 7.25 -0.02 -1.01 2.79 -7.08 0.56 38.36 -2.55 -2.56 13.45 1.88 -1.62 -3.64 -11.7 -1.96 -15.24 6.3 -0.86 -19.28 3.93 0.04 -3.35 -0 0 0 -7.26 -74.34 -3.38 150.84 -40.16 -109.14 -0 0 -82.58 -0.96 31.47 -0.5 -7.12 0 -0 -35.9 57.61 -12.12 -0 0 0 70.41 -4.14 66.03 -37.22 46.34 -16.4 0 -0 -29.18 -12.07 5.47 -1.17 7.12 -0 -0 10.86 -24.39 5.5
0.5 10.14 -6.59 0.66 -25.2 -18.44 0 0 0 -2.8 27.63 -106.93 36.62 11.29 146.73 -0.49 -12.41 6.14 0 -0.44 -1.21 0 0 0 -4.63 4.2 -80.34 -21.52 -19.94 94.46 -0.15 0.14 7.28 -0.03 -1.12 3.07 -7.16 0.57 38.52 -2.72 -2.62 13.38 1.76 -1.64 -3.76 -11.79 -1.95 -14.83 6.23 -0.89 -19.3 3.92 0.02 -3.41 -0 0 0 -7.18 -74.4 -3.03 151.32 -39.74 -109.44 -0 0 -82.64 -1.78 31.26 -0.92 -7.12 0 -0 -36.48 57.26 -12.03 -0 0 0 70.56 -4.2 66.11 -37.36 46.43 -16.5 0 -0 -29.24 -12.04 5.04 -1.07 7.12 -0 -0 10.92 -24.82 5.42
0.49 10.13 -6.59 0.51 -25.26 -18.5 0 0 0 -2.53 27.98 -107.01 36.63 11.26 146.82 -0.53 -12.8 6.3 0.01 -0.7 -1.92 0 0 0 -4.42 4.23 -80.28 -21.57 -19.94 94.58 -0.14 0.11 7.14 -0.03 -1.07 2.95 -7.04 0.55 38.36 -2.78 -2.59 13.5 1.63 -1.63 -3.6 -11.53 -2.03 -13.68 5.87 -1.2 -19.81 3.77 -0.15 -3.71 -0 -0 0 -6.91 -74.55 -2.44 151.95 -39.16 -109.85 -0 0 -82.61 -1.3 31.27 -0.67 -7.12 0 -0 -36.04 57.38 -11.96 -0 -0 0 70.76 -4.18 66.08 -37.4 46.45 -16.53 0 -0 -29.34 -12.09 5.19 -1.11 7.12 -0 -0 10.86 -24.67 5.43
0.49 10.13 -6.6 0.89 -25.06 -18.75 0 0 0 -2.83 27.47 -106.73 36.61 11.3 146.71 -0.48 -12.23 6.37 0 -0.34 -0.93 0 0 0 -4.83 4.03 -80.28 -21.58 -19.94 94.64 -0.14 0.18 7.17 -0.03 -1.06 2.92 -7.33 0.54 38.14 -2.9 -2.69 13.6 1.67 -1.69 -3.39 -12.06 -2.04 -12.63 6.18 -1.23 -19.78 3.96 -0.14 -3.85 0 -0 0 -6.64 -74.88 -2.18 152.31 -38.83 -110.07 -0 0 -83.22 -2.45 31.57 -1.28 -7.12 0 -0 -37.4 57.37 -12.5 0 -0 0 70.9 -4.14 65.94 -37.44 46.47 -16.55 0 -0 -29.34 -11.95 4.94 -1.04 7.12 -0 -0 10.99 -24.93 5.43
0.49 10.12 -6.61 0.37 -24.79 -18.49 0 0 0 -2.39 27.07 -107.14 36.61 11.29 146.72 -0.47 -12.24 6.64 0.01 -0.53 -1.44 0 0 0 -4.45 3.75 -80.27 -21.61 -19.94 94.7 -0.14 0.08 7.09 -0.03 -1.17 3.22 -6.86 0.28 38.12 -2.81 -2.82 13.68 1.58 -1.75 -3.32 -12.25 -2.03 -12.07 6.1 -1.28 -19.49 3.97 -0.16 -3.84 0 0 0 -5.86 -75.24 -2.22 152.78 -38.39 -110.36 -0 0 -83.17 -2.56 31.38 -1.34 -7.12 0 -0 -37.33 57.19 -12.3 0 0 0 71.01 -4.11 65.5 -37.72 46.66 -16.76 0 -0 -30.25 -10.19 4.41 -0.79 7.12 -0 -0 12.33 -25.48 5.96
0.49 10.11 -6.61 0.44 -24.74 -18.69 0 0 0 -2.63 27.36 -107.12 36.63 11.27 146.79 -0.52 -12.74 6.41 0.03 -1.13 -3.1 0 0 0 -4.52 3.68 -80.11 -21.61 -19.94 94.72 -0.14 0.19 7.15 -0.03 -1.2 3.29 -6.86 0.24 38.1 -2.81 -2.87 13.72 1.58 -1.77 -3.27 -12.62 -1.95 -11.08 5.95 -1.26 -19.05 3.98 -0.13 -3.86 0 0 0 -6.63 -75.7 -1.28 152.9 -38.27 -110.44 -0 0 -83.04 -5.5 31.33 -2.86 -7.12 0 -0 -40 56.54 -12.72 0 0 0 70.91 -4.32 65.5 -38 46.84 -16.97 0 -0 -30.65 -11.06 4.84 -0.94 7.12 -0 -0 11.66 -25.04 5.74
0.5 10.1 -6.62 0.47 -24.68 -18.84 0 0 0 -2.77 27.54 -107.17 36.64 11.26 146.83 -0.47 -12.21 6.57 0.02 -0.93 -2.57 0 0 0 -4.58 3.62 -80.03 -21.64 -19.94 94.79 -0.14 0.21 7.15 -0.03 -1.12 3.07 -6.65 0.15 37.87 -2.96 -2.89 14.01 1.32 -1.79 -2.89 -12.76 -1.82 -10.72 5.71 -1.14 -18.29 3.91 -0.07 -3.7 0 0 0 -5.96 -76.33 -1.65 153.59 -37.61 -110.86 -0 0 -85.99 -0.84 31.65 -0.44 -7.12 0 -0 -35.96 57.78 -12.29 0 0 0 71.19 -4.16 65.29 -38.18 46.95 -17.09 0 -0 -30.95 -12.42 4.83 -1.06 7.12 -0 -0 10.65 -25.02 5.23
0.5 10.1 -6.63 1.09 -24.6 -19.42 0 0 0 -3.15 27.42 -106.5 36.6 11.32 146.65 -0.47 -12.19 6.63 0.03 -1.11 -3.04 0 0 0 -5.18 3.69 -79.74 -21.63 -19.94 94.78 -0.14 0.31 7.22 -0.03 -1.05 2.88 -7.16 0.27 37.86 -3.17 -2.92 14.31 1.35 -1.84 -2.53 -12.67 -1.65 -10.96 5.26 -0.92 -17.17 3.74 0.03 -3.34 0 -0 0 -6.15 -76.95 -1.82 153.89 -37.31 -111.05 -0 0 -87.38 0.2 31.99 0.1 -7.12 0 -0 -35.28 58.29 -12.46 0 -0 0 71.36 -3.67 65.29 -38.06 46.88 -17.01 0 -0 -31.24 -13.51 5.88 -1.41 7.12 -0 -0 9.77 -23.95 5.04
0.51 10.1 -6.63 1.16 -24.71 -19.6 0 0 0 -3.29 27.94 -106.5 36.6 11.31 146.67 -0.44 -11.83 6.84 0.01 -0.49 -1.34 0 0 0 -5.22 3.82 -79.6 -21.62 -19.94 94.75 -0.14 0.27 7.27 -0.02 -0.98 2.71 -7.13 0.18 37.59 -3.26 -3 14.62 1.26 -1.91 -2.11 -13.15 -1.53 -10.7 5.27 -0.74 -16.69 3.81 0.13 -3.26 0 0 0 -7.92 -77.66 -1.3 153.83 -37.37 -111.01 -0 0 -87.25 -0.85 32.52 -0.46 -7.12 0 -0 -36.78 58.48 -13.26 0 0 0 71.39 -3.35 65.39 -38.19 46.96 -17.11 0 -0 -31.26 -13.87 6.17 -1.52 7.12 -0 -0 9.49 -23.64 4.96
0.51 10.09 -6.64 0.81 -24.6 -19.63 0 0 0 -3.01 28.1 -106.48 36.59 11.33 146.6 -0.43 -11.87 7.12 0.02 -0.86 -2.36 0 0 0 -4.94 3.76 -79.36 -21.62 -19.94 94.73 -0.14 0.15 7.15 -0.03 -1.07 2.95 -6.72 -0.05 37.48 -3.34 -3.13 14.88 1 -1.96 -1.82 -13.18 -1.35 -10.18 5.15 -0.58 -16.62 3.78 0.22 -3.33 -0 -0 0 -10.1 -78.41 0.27 153.94 -37.26 -111.08 -0 0 -86.78 1.15 32.76 0.62 -7.12 0 -0 -35.1 59.13 -13.11 -0 -0 0 71.41 -2.89 65.57 -38.51 47.16 -17.34 0 -0 -31.57 -13.88 5.52 -1.36 7.12 -0 -0 9.52 -24.3 4.82
0.51 10.09 -6.65 0.54 -24.68 -19.79 0 0 0 -2.72 28.69 -106.42 36.61 11.3 146.71 -0.44 -11.96 7.48 0 -0.41 -1.12 0 0 0 -4.68 3.9 -79.06 -21.61 -19.94 94.72 -0.14 0.03 7.11 -0.03 -1.19 3.28 -6.28 -0.29 37.89 -3.59 -3.33 14.77 0.59 -2.02 -2.1 -12.81 -1.06 -9.76 4.79 -0.29 -16.39 3.6 0.34 -3.35 -0 -0 0 -13.01 -78.64 3.71 153.86 -37.34 -111.03 -0 0 -85.1 2.41 31.89 1.27 -7.12 0 -0 -33.05 58.69 -11.88 -0 -0 0 71.71 -2.8 66.05 -38.41 47.1 -17.27 0 -0 -31.59 -14.14 5.6 -1.41 7.12 -0 -0 9.32 -24.21 4.74
0.52 10.08 -6.66 0.33 -24.71 -19.95 0 0 0 -2.41 29.01 -106.29 36.62 11.29 146.72 -0.46 -12.24 7.64 0 -0.36 -0.99 0 0 0 -4.44 4.06 -78.72 -21.57 -19.94 94.59 -0.14 -0.04 7.15 -0.03 -1.04 2.86 -5.95 -0.48 38.03 -3.79 -3.49 14.92 0.26 -2.08 -2.02 -12.71 -0.92 -9.49 4.65 -0.17 -16.61 3.55 0.41 -3.47 -0 -0 0 -10.86 -78.47 2.37 153.88 -37.33 -111.04 -0 0 -85.38 2.92 31.85 1.54 -7.12 0 -0 -32.52 58.77 -11.73 -0 -0 0 72 -2.39 66.22 -38.32 47.04 -17.2 0 -0 -31.51 -13.91 5.2 -1.29 7.12 -0 -0 9.51 -24.63 4.75
0.52 10.08 -6.68 0.58 -25.08 -20.17 0 0 0 -2.46 29.3 -106.18 36.6 11.32 146.64 -0.42 -11.88 7.8 0 -0.04 -0.12 0 0 0 -4.63 4.68 -78.74 -21.57 -19.94 94.58 -0.15 -0.24 7.22 -0.03 -1.14 3.12 -6.32 -0.39 38.2 -3.88 -3.53 14.88 0.37 -2.11 -2.09 -12.66 -0.92 -9.47 4.21 -0.24 -16.81 3.4 0.38 -3.54 -0 0 0 -7.81 -77.29 0.29 154.28 -36.93 -111.28 -0 0 -85.23 4.12 31.42 2.15 -7.12 0 -0 -30.95 58.67 -11.01 -0 0 0 71.96 -2.05 66.53 -38.35 47.06 -17.22 0 -0 -31.23 -12.94 4.72 -1.08 7.12 -0 -0 10.27 -25.13 5.01
0.52 10.08 -6.7 0.87 -25.24 -20.43 0 0 0 -2.59 29.27 -105.88 36.58 11.35 146.53 -0.41 -11.71 7.9 0 -0.15 -0.4 0 0 0 -4.85 5.08 -78.61 -21.53 -19.94 94.48 -0.15 -0.42 7.22 -0.02 -1.01 2.78 -6.64 -0.3 38.27 -4.02 -3.55 14.9 0.4 -2.14 -2.07 -12.44 -0.86 -9.75 3.98 -0.17 -16.76 3.29 0.42 -3.49 0 0 0 -5.44 -76.2 -2.28 154.48 -36.73 -111.4 -0 0 -86.66 3.72 32.46 2 -7.12 0 -0 -32.3 59.46 -12.18 0 0 0 72.14 -1.94 66.54 -38.29 47.03 -17.18 0 -0 -30.99 -13.65 5.28 -1.28 7.12 -0 -0 9.71 -24.55 4.86
0.52 10.09 -6.7 0.99 -25.31 -20.68 0 0 0 -2.57 29.22 -105.53 36.57 11.36 146.49 -0.42 -11.76 7.7 0 -0.35 -0.95 0 0 0 -4.87 5.17 -78.35 -21.5 -19.95 94.39 -0.15 -0.41 7.26 -0.03 -1.08 2.96 -6.73 -0.28 38.51 -4.06 -3.59 14.86 0.42 -2.16 -2.19 -12.42 -0.73 -10.19 3.95 0.07 -16.52 3.28 0.53 -3.37 0 0 0 -4.46 -75.34 -3.94 154.68 -36.53 -111.52 -0 0 -86.81 4.43 32.97 2.42 -7.12 0 -0 -32.09 60.06 -12.56 0 0 0 72.13 -2.04 66.61 -38.46 47.13 -17.3 0 -0 -31 -14.06 5.68 -1.42 7.12 -0 -0 9.38 -24.13 4.79
0.53 10.09 -6.7 0.85 -24.88 -20.65 0 0 0 -2.39 28.18 -105.41 36.55 11.39 146.41 -0.38 -11.4 7.91 0 -0.41 -1.13 0 0 0 -4.81 4.54 -78.25 -21.47 -19.95 94.29 -0.16 -0.3 7.34 -0.02 -0.99 2.72 -6.54 -0.47 38.59 -4 -3.75 14.8 0.45 -2.22 -2.29 -12.33 -0.73 -10.21 3.75 0.04 -16.63 3.2 0.52 -3.4 -0 0 0 -4.52 -75.09 -5.01 154.65 -36.56 -111.5 -0 0 -85.38 3.13 33.18 1.72 -7.12 0 -0 -33.58 59.93 -13.11 -0 0 0 72.15 -2.17 66.5 -38.36 47.07 -17.23 0 -0 -31.1 -14.39 5.66 -1.45 7.12 -0 -0 9.13 -24.15 4.66
0.56 10.14 -6.74 0.84 -25.05 -20.66 0 0 0 -2.63 27.92 -104.88 36.45 11.53 145.9 -0.35 -11.03 7.96 0 -0.41 -1.13 0 0 0 -4.53 4.59 -77.81 -21.27 -19.96 93.72 -0.16 -0.29 7.42 -0.03 -1.16 3.19 -6.59 -0.36 38.28 -3.92 -3.61 14.85 0.49 -2.16 -2.13 -12.45 -0.71 -10.41 3.89 0.12 -16.58 3.26 0.56 -3.36 0 -0 0 -5.65 -75.13 -5.39 154.31 -36.9 -111.3 -0 0 -83.16 -1.06 33.69 -0.59 -7.12 0 -0 -38.15 59.36 -14.68 0 -0 0 72.05 -2.2 66.46 -38.25 47 -17.15 0 -0 -31.1 -14.38 5.8 -1.49 7.12 -0 -0 9.13 -24 4.69
0.53 10.09 -6.7 1.06 -25.36 -20.89 0 0 0 -2.64 29.33 -105.18 36.55 11.38 146.42 -0.41 -11.71 7.98 0.01 -0.61 -1.68 0 0 0 -4.76 4.81 -78.15 -21.46 -19.95 94.27 -0.16 -0.11 7.41 -0.04 -1.23 3.37 -6.77 -0.15 38.51 -4 -3.45 14.73 0.46 -2.08 -2.33 -12.37 -0.67 -10.95 3.94 0.26 -16.22 3.26 0.62 -3.18 0 0 0 -6.42 -75.14 -5.46 154.42 -36.8 -111.36 -0 0 -82.55 -0.89 34.39 -0.51 -7.12 0 -0 -38.73 59.95 -15.51 0 0 0 72.08 -2.14 66.5 -38.15 46.93 -17.07 0 -0 -31 -13.94 5.78 -1.43 7.12 -0 -0 9.46 -24.04 4.85
0.57 10.15 -6.74 0.93 -25.31 -20.97 0 0 0 -2.7 28.54 -104.63 36.46 11.52 145.94 -0.36 -11.18 7.91 0.01 -0.69 -1.88 0 0 0 -4.47 4.72 -77.57 -21.27 -19.96 93.73 -0.16 -0.19 7.43 -0.03 -1.06 2.91 -6.65 -0.24 38.4 -4.03 -3.51 14.86 0.38 -2.11 -2.16 -12.66 -0.67 -11.25 4.2 0.35 -16 3.39 0.67 -3.07 0 -0 0 -6.27 -75.02 -6.33 154.49 -36.72 -111.4 -0 0 -81.94 -1.81 34.91 -1.04 -7.12 0 -0 -40.17 60.14 -16.39 0 -0 0 72.18 -1.68 66.53 -37.8 46.71 -16.82 0 -0 -30.83 -12.68 4.93 -1.11 7.12 -0 -0 10.45 -24.92 5.16
0.55 10.09 -6.7 0.87 -25.33 -21.14 0 0 0 -2.53 29.45 -104.95 36.54 11.4 146.36 -0.43 -11.99 8 0.03 -1.1 -3.02 0 0 0 -4.52 4.67 -77.77 -21.39 -19.95 94.07 -0.16 -0.23 7.5 -0.02 -1.01 2.78 -6.59 -0.2 38.57 -4.06 -3.46 14.86 0.31 -2.09 -2.23 -12.65 -0.68 -10.71 4.01 0.24 -16.5 3.33 0.63 -3.3 0 -0 0 -6.57 -75.08 -6.5 154.62 -36.59 -111.48 -0 0 -79.96 -1.02 35.3 -0.59 -7.12 0 -0 -39.84 60.63 -16.69 0 -0 0 72.17 -1.51 66.64 -37.74 46.68 -16.78 0 -0 -30.88 -10.31 4.47 -0.81 7.12 -0 -0 12.24 -25.42 5.93
0.55 10.09 -6.71 0.81 -25.28 -21.26 0 0 0 -2.44 29.41 -104.88 36.55 11.39 146.38 -0.38 -11.48 8.42 0.01 -0.57 -1.55 0 0 0 -4.47 4.62 -77.65 -21.39 -19.95 94.06 -0.17 -0.21 7.75 -0.04 -1.3 3.56 -6.51 -0.25 38.7 -4.19 -3.51 14.89 0.15 -2.1 -2.25 -13.09 -0.45 -11.04 4.19 0.66 -15.83 3.46 0.85 -3.08 -0 -0 0 -5.79 -75.19 -7.99 154.24 -36.98 -111.25 -0 0 -74.87 -4.23 34.5 -2.4 -7.12 0 -0 -42 59.26 -16.4 -0 -0 0 72.33 -1.07 66.93 -37.56 46.56 -16.64 0 -0 -30.73 -10.15 4.61 -0.82 7.12 -0 -0 12.35 -25.28 6.03
0.59 10.14 -6.76 1.2 -24.95 -21.59 0 0 0 -2.91 27.89 -103.92 36.42 11.58 145.73 -0.33 -10.76 8.08 0.01 -0.57 -1.58 0 0 0 -4.78 4.4 -77.03 -21.17 -19.97 93.41 -0.18 -0.31 7.84 -0.04 -1.3 3.58 -6.92 -0.19 38.86 -4.32 -3.61 14.97 0.25 -2.16 -2.18 -13.61 -0.57 -11.19 4.25 0.58 -15.62 3.56 0.83 -3 -0 0 0 -4.51 -75.54 -9.85 153.81 -37.39 -111 -0 0 -69.68 -4.03 33.07 -2.2 -7.12 0 -0 -40.31 58.21 -14.54 -0 0 0 72.3 -0.58 67.21 -37.57 46.57 -16.66 0 -0 -31.07 -9.22 4.26 -0.69 7.12 -0 -0 13.07 -25.63 6.29
0.59 10.14 -6.77 1.12 -24.94 -21.59 0 0 0 -2.71 27.76 -103.86 36.41 11.6 145.68 -0.33 -10.83 8.05 0.02 -0.85 -2.35 0 0 0 -4.7 4.44 -76.98 -21.13 -19.97 93.31 -0.18 -0.43 7.81 -0.04 -1.23 3.38 -6.97 -0.1 38.76 -4.4 -3.51 15 0.15 -2.12 -2.12 -13.73 -0.51 -10.7 4.2 0.59 -15.63 3.56 0.84 -3.07 0 -0 0 -3.95 -76.01 -10.51 153.27 -37.92 -110.67 -0 0 -64.02 -3.3 30.73 -1.69 -7.12 0 -0 -37.43 56.52 -11.7 0 -0 0 72.25 -0.46 68.08 -37.91 46.78 -16.9 0 -0 -30.46 -11.09 4.89 -0.96 7.12 -0 -0 11.63 -24.99 5.74
0.58 10.14 -6.78 0.84 -24.92 -21.38 0 0 0 -2.44 27.58 -104.17 36.42 11.58 145.75 -0.32 -10.74 8.32 0.01 -0.69 -1.89 0 0 0 -4.47 4.45 -77.09 -21.14 -19.97 93.33 -0.18 -0.59 7.78 -0.04 -1.28 3.51 -6.9 -0.01 38.4 -4.44 -3.33 15.11 0.01 -2.03 -1.9 -13.87 -0.57 -10.84 4.36 0.59 -14.82 3.62 0.82 -2.81 -0 0 0 -2.73 -76.74 -11.71 152.78 -38.39 -110.36 -0 0 -58.02 -2.61 29.08 -1.27 -7.12 0 -0 -35.39 55.31 -9.86 -0 0 0 72.33 -0.15 68.85 -37.95 46.81 -16.93 0 -0 -30.46 -11.19 5.03 -0.99 7.12 -0 -0 11.54 -24.84 5.74
0.58 10.14 -6.78 0.54 -24.95 -21.36 0 0 0 -2.06 27.58 -104.14 36.42 11.58 145.73 -0.31 -10.76 8.55 0.01 -0.53 -1.47 0 0 0 -4.16 4.46 -76.91 -21.12 -19.97 93.28 -0.18 -0.61 7.72 -0.04 -1.31 3.6 -6.72 0.07 38.49 -4.48 -3.17 15.17 -0.18 -1.95 -1.89 -14.02 -0.66 -10.85 4.56 0.51 -14.28 3.7 0.77 -2.63 -0 -0 0 -1.92 -77.13 -12.33 152.27 -38.86 -110.05 -0 0 -51.89 -0.11 27.02 -0.05 -7.12 0 -0 -31.48 54.07 -7.6 -0 -0 0 72.18 -0.04 69.85 -38.44 47.12 -17.28 0 -0 -30.27 -11.64 6.69 -1.37 7.12 -0 -0 11.09 -23.18 5.94
0.58 10.14 -6.78 0.35 -24.98 -21.35 0 0 0 -1.77 27.56 -104.07 36.42 11.58 145.74 -0.31 -10.74 8.71 0 -0.41 -1.13 0 0 0 -3.94 4.45 -76.78 -21.11 -19.97 93.25 -0.17 -0.67 7.63 -0.04 -1.23 3.37 -6.68 0.15 38.63 -4.58 -3.09 15.08 -0.33 -1.9 -2.04 -14.14 -0.83 -10.86 4.79 0.33 -13.47 3.79 0.66 -2.37 0 -0 0 -1.52 -77.56 -12.55 151.92 -39.19 -109.83 -0 0 -46.41 2.5 25.81 1.09 -7.12 0 -0 -28.21 53.5 -6.29 0 -0 0 72.03 -0 71.21 -38.74 47.31 -17.51 0 -0 -29.94 -12.97 6.55 -1.5 7.12 -0 -0 10.13 -23.28 5.38
0.58 10.13 -6.78 0.19 -24.79 -21.22 0 0 0 -1.69 27.1 -104.23 36.43 11.57 145.79 -0.29 -10.58 8.89 0.01 -0.73 -2 0 0 0 -3.89 4.22 -76.85 -21.15 -19.97 93.37 -0.17 -0.67 7.55 -0.04 -1.3 3.56 -6.7 0.16 38.58 -4.6 -3.07 15.04 -0.34 -1.88 -2.07 -14.3 -1.04 -9.78 4.97 -0.09 -14.15 3.87 0.46 -2.7 -0 0 0 -1.24 -77.86 -12.75 151.46 -39.61 -109.53 -0 0 -41.89 4.9 24.2 2.01 -7.12 0 -0 -24.95 52.48 -4.84 -0 0 0 71.78 0.08 72.66 -39.21 47.59 -17.85 0 -0 -28.42 -15.18 5.94 -1.61 7.12 -0 -0 8.53 -23.84 4.4
0.55 10.08 -6.72 0.16 -24.66 -20.99 0 0 0 -1.55 27.26 -104.95 36.54 11.41 146.32 -0.33 -11.09 8.86 0.04 -1.22 -3.36 0 0 0 -4.13 4 -77.51 -21.37 -19.96 94 -0.16 -0.61 7.44 -0.05 -1.42 3.92 -6.81 0.19 38.44 -4.72 -3.06 15.05 -0.41 -1.88 -2.01 -14.44 -1.25 -10.4 5.48 -0.21 -13.38 4.04 0.38 -2.35 0 -0 0 0.21 -78.16 -14.14 151.21 -39.83 -109.37 -0 0 -39.84 5.69 23.69 2.29 -7.12 0 -0 -23.91 52.15 -4.42 0 -0 0 71.74 0.28 74 -39.42 47.72 -18.01 0 -0 -26.72 -17.08 6.41 -1.96 7.12 -0 -0 7.12 -23.29 3.75
0.59 10.14 -6.77 0.39 -24.44 -21.02 0 0 0 -2.09 26.02 -104.32 36.42 11.58 145.74 -0.25 -9.97 8.79 0.01 -0.76 -2.1 0 0 0 -4.3 3.79 -77.16 -21.15 -19.97 93.37 -0.17 -0.59 7.69 -0.04 -1.29 3.55 -7.16 0.34 38.2 -4.72 -2.97 15.2 -0.29 -1.86 -1.74 -14.81 -1.5 -10.2 5.89 -0.52 -13.64 4.23 0.24 -2.42 0 -0 0 1.63 -78.56 -15.68 151.08 -39.95 -109.29 -0 0 -38.83 5.57 23.53 2.23 -7.12 0 -0 -23.94 51.99 -4.32 0 -0 0 71.56 0.58 75.06 -39.39 47.71 -17.99 0 -0 -25.25 -18.88 6.79 -2.32 7.12 -0 -0 5.79 -22.82 3.11
0.6 10.15 -6.75 0.12 -24.62 -20.91 0 0 0 -1.93 26.48 -104.31 36.42 11.57 145.76 -0.24 -9.99 8.92 0 -0.41 -1.12 0 0 0 -4 3.82 -77.03 -21.12 -19.97 93.27 -0.17 -0.56 7.7 -0.05 -1.38 3.8 -6.96 0.36 38.46 -4.75 -2.91 15.1 -0.42 -1.81 -1.95 -14.58 -1.73 -10.59 6.07 -0.77 -13.45 4.25 0.1 -2.27 -0 -0 0 1.48 -78.57 -15.53 151.13 -39.91 -109.32 -0 0 -38.43 6.01 23.73 2.43 -7.12 0 -0 -23.63 52.25 -4.42 -0 -0 0 71.62 0.61 75.81 -39.64 47.86 -18.17 0 -0 -24.44 -19.14 5.4 -1.87 7.12 -0 -0 5.62 -24.27 2.83
0.6 10.14 -6.74 -0.11 -24.67 -20.6 0 0 0 -1.8 26.38 -104.75 36.44 11.55 145.83 -0.21 -9.69 9.24 0 -0.08 -0.23 0 0 0 -3.83 3.84 -77.27 -21.12 -19.97 93.29 -0.17 -0.61 7.7 -0.04 -1.3 3.57 -6.9 0.36 38.59 -4.62 -2.89 14.94 -0.33 -1.79 -2.18 -15.01 -1.9 -10.53 6.55 -0.93 -13.8 4.47 0.04 -2.36 0 0 0 0.97 -78.71 -15.15 151.15 -39.89 -109.33 -0 0 -38.51 6.33 24.21 2.6 -7.12 0 -0 -23.6 52.73 -4.7 0 0 0 71.45 0.55 76.53 -39.39 47.7 -17.98 0 -0 -23.59 -20.55 5.16 -1.93 7.12 -0 -0 4.58 -24.47 2.28
0.61 10.15 -6.73 0.05 -24.65 -20.69 0 0 0 -2.03 26.41 -104.53 36.44 11.55 145.86 -0.21 -9.64 9.07 0 -0.34 -0.94 0 0 0 -4.02 3.79 -77.23 -21.13 -19.97 93.32 -0.18 -0.5 7.76 -0.04 -1.25 3.45 -7.13 0.48 38.72 -4.63 -2.84 15 -0.23 -1.78 -2.12 -14.92 -2.01 -10.75 6.7 -1.06 -14.04 4.5 -0.02 -2.39 0 -0 0 1.76 -78.77 -16.2 151.19 -39.86 -109.36 -0 0 -38.71 5.86 24.23 2.41 -7.12 0 -0 -24.06 52.67 -4.77 0 -0 0 71.47 0.65 76.76 -39.12 47.54 -17.78 0 -0 -23.38 -21.12 5.28 -2.03 7.12 -0 -0 4.15 -24.33 2.08
0.61 10.15 -6.72 -0.38 -24.63 -20.31 0 0 0 -1.7 26.25 -104.94 36.46 11.52 145.93 -0.12 -8.72 9.86 0.01 0.55 1.5 0 0 0 -3.72 3.82 -77.38 -21.16 -19.97 93.38 -0.17 -0.57 7.6 -0.02 -1.02 2.8 -6.72 0.37 38.65 -4.61 -2.83 14.94 -0.42 -1.75 -2.2 -14.54 -2 -10.62 6.7 -1.09 -14.25 4.44 -0.06 -2.47 0 -0 0 1.43 -78.97 -15.82 151.31 -39.74 -109.44 -0 0 -39.14 6.24 24.66 2.61 -7.12 0 -0 -23.96 53.13 -5.02 0 -0 0 71.71 0.41 76.77 -38.97 47.45 -17.68 0 -0 -23.14 -21.65 5.56 -2.2 7.12 -0 -0 3.75 -24.01 1.91
0.62 10.15 -6.71 -0.65 -24.81 -20.04 0 0 0 -1.37 26.22 -105.17 36.45 11.53 145.9 -0.08 -8.54 10.41 0 0.17 0.46 0 0 0 -3.47 4.06 -77.47 -21.16 -19.97 93.39 -0.17 -0.77 7.45 -0.04 -1.22 3.36 -6.55 0.37 38.64 -4.5 -2.76 14.9 -0.41 -1.72 -2.25 -14.51 -1.95 -10.78 6.82 -0.99 -14.29 4.48 -0.01 -2.46 -0 0 0 1.48 -79.08 -16.02 151.41 -39.65 -109.5 -0 0 -39.65 6.35 25 2.69 -7.12 0 -0 -24.05 53.46 -5.24 -0 0 0 71.63 0.35 76.89 -39.01 47.47 -17.7 0 -0 -23.28 -22.05 5.53 -2.23 7.12 -0 -0 3.45 -24.02 1.75
0.62 10.18 -6.7 -0.37 -25.29 -20.35 0 0 0 -1.52 27.26 -104.57 36.44 11.55 145.86 -0.13 -9.03 10.19 0 0.18 0.49 0 0 0 -3.52 4.62 -77.14 -21.05 -19.97 93.08 -0.17 -0.79 7.64 -0.03 -1.08 2.96 -6.82 0.65 38.79 -4.49 -2.54 14.84 -0.34 -1.62 -2.35 -14.86 -1.83 -10.61 7.31 -0.77 -14.24 4.69 0.11 -2.48 -0 -0 0 0.19 -79.32 -14.93 151.39 -39.67 -109.49 -0 0 -40.08 5.34 25.04 2.26 -7.12 0 -0 -25.04 53.32 -5.39 -0 -0 0 71.5 0.19 77.03 -39.07 47.51 -17.75 0 -0 -23.77 -22.3 5.16 -2.11 7.12 -0 -0 3.27 -24.41 1.63
0.62 10.18 -6.69 -0.46 -25.39 -20.18 0 0 0 -1.36 27.09 -104.71 36.45 11.54 145.87 -0.13 -9.1 10.36 0 0.25 0.69 0 0 0 -3.5 4.86 -77.22 -21.03 -19.97 93.01 -0.18 -0.83 7.72 -0.01 -0.76 2.1 -6.74 0.63 38.79 -4.48 -2.54 14.85 -0.37 -1.62 -2.35 -14.99 -1.77 -11.1 7.73 -0.57 -13.85 4.85 0.21 -2.3 0 -0 0 0.93 -79.43 -15.63 151.4 -39.66 -109.5 -0 0 -40.74 5.74 25.17 2.45 -7.12 0 -0 -24.74 53.51 -5.43 0 -0 0 71.49 0.27 77.05 -39.12 47.54 -17.78 0 -0 -24.08 -22.41 5.23 -2.15 7.12 -0 -0 3.19 -24.32 1.6
0.62 10.18 -6.69 -0.39 -25.6 -20.18 0 0 0 -1.39 27.4 -104.65 36.45 11.53 145.91 -0.14 -9.23 10.32 0 0.31 0.84 0 0 0 -3.59 5.21 -77.25 -21.04 -19.97 93.05 -0.17 -0.98 7.62 -0.02 -0.92 2.52 -6.85 0.7 38.63 -4.42 -2.47 14.98 -0.28 -1.6 -2.14 -14.94 -1.74 -11.43 7.8 -0.49 -13.81 4.86 0.25 -2.25 -0 0 0 2.01 -79.64 -16.9 151.39 -39.67 -109.49 -0 0 -41.57 4.83 25.31 2.07 -7.12 0 -0 -25.69 53.47 -5.64 -0 0 0 71.4 0.44 76.91 -39.14 47.55 -17.8 0 -0 -24.24 -22.37 5.32 -2.18 7.12 -0 -0 3.22 -24.23 1.62
0.59 10.13 -6.64 -0.43 -25.81 -20.22 0 0 0 -1.01 28.23 -104.96 36.57 11.36 146.49 -0.15 -9.66 10.76 0.01 0.47 1.3 0 0 0 -3.71 5.46 -77.57 -21.27 -19.96 93.73 -0.16 -0.91 7.37 -0.04 -1.3 3.58 -6.79 0.7 38.78 -4.43 -2.47 14.94 -0.31 -1.6 -2.24 -14.65 -1.72 -11.66 7.94 -0.44 -13.53 4.85 0.25 -2.13 -0 -0 0 1.49 -79.69 -16.11 151.58 -39.5 -109.61 -0 0 -42.35 6.11 26.5 2.73 -7.12 0 -0 -25.23 54.77 -6.36 -0 -0 0 71.44 0.37 76.85 -39.21 47.59 -17.85 0 -0 -24.25 -22.18 5.47 -2.23 7.12 -0 -0 3.36 -24.08 1.7
0.59 10.13 -6.64 -0.28 -26.03 -20.36 0 0 0 -0.94 28.26 -104.74 36.56 11.38 146.42 -0.13 -9.56 11.08 0 0.45 1.25 0 0 0 -3.91 5.73 -77.47 -21.29 -19.96 93.76 -0.16 -0.98 7.31 -0.08 -1.88 5.16 -6.95 0.74 38.97 -4.39 -2.51 14.95 -0.18 -1.63 -2.27 -14.72 -1.75 -11.74 8.03 -0.46 -13.62 4.89 0.24 -2.14 -0 -0 0 1.8 -79.67 -16.32 151.5 -39.57 -109.56 -0 0 -43 6.06 25.74 2.64 -7.12 0 -0 -24.79 54.08 -5.8 -0 -0 0 71.35 0.57 76.96 -39.19 47.58 -17.84 0 -0 -24.43 -22.25 5.34 -2.18 7.12 -0 -0 3.31 -24.22 1.66
0.59 10.12 -6.64 -0.19 -26.18 -20.38 0 0 0 -0.89 28.4 -104.67 36.57 11.36 146.48 -0.13 -9.67 11.2 0.02 0.9 2.47 0 0 0 -4.13 5.89 -77.48 -21.27 -19.96 93.73 -0.17 -0.92 7.55 -0.11 -2.1 5.79 -6.96 0.71 39.02 -4.31 -2.55 14.91 -0.08 -1.65 -2.33 -15.24 -1.82 -11.84 8.75 -0.43 -13.41 5.21 0.27 -2.05 -0 0 0 0.61 -79.62 -15.16 151.56 -39.52 -109.6 -0 0 -43.98 5.75 26.66 2.59 -7.12 0 -0 -25.68 54.85 -6.53 -0 0 0 71.14 0.43 77.03 -39.21 47.59 -17.85 0 -0 -23.82 -22.9 5.82 -2.45 7.12 -0 -0 2.83 -23.67 1.46
0.59 10.12 -6.63 0.15 -26.19 -20.6 0 0 0 -0.98 28.07 -104.43 36.57 11.36 146.5 -0.13 -9.54 11.09 0.02 0.89 2.45 0 0 0 -4.58 5.81 -77.53 -21.31 -19.96 93.83 -0.19 -0.31 8.03 -0.09 -1.96 5.4 -7.15 0.72 39.28 -4.35 -2.65 14.77 0.02 -1.69 -2.55 -15.25 -1.88 -11.76 8.98 -0.51 -13.26 5.28 0.22 -2.01 0 -0 0 -0.45 -79.64 -13.75 151.64 -39.45 -109.65 -0 0 -44.06 6.21 26.72 2.8 -7.12 0 -0 -25.27 54.99 -6.51 0 -0 0 71.17 0.39 77.04 -39.11 47.53 -17.78 0 -0 -24.08 -22.22 5.29 -2.15 7.12 -0 -0 3.33 -24.27 1.67
0.6 10.13 -6.64 0.48 -26.24 -20.86 0 0 0 -1.24 27.9 -104 36.54 11.4 146.36 -0.13 -9.51 10.92 0.02 0.97 2.66 0 0 0 -4.96 5.8 -77.37 -21.26 -19.96 93.67 -0.2 0.13 8.47 -0.1 -1.99 5.49 -7.49 0.72 39.36 -4.27 -2.77 14.87 0.31 -1.78 -2.43 -15.54 -1.86 -11.84 9.17 -0.42 -13.45 5.39 0.28 -2.06 -0 -0 0 -0.67 -79.34 -13.5 151.75 -39.34 -109.72 -0 0 -44.28 6.73 27.71 3.14 -7.12 0 -0 -25.45 55.98 -7.18 -0 -0 0 70.78 0.49 76.95 -39.49 47.77 -18.06 0 -0 -24.34 -21.7 5.54 -2.2 7.12 -0 -0 3.72 -24.02 1.89
0.6 10.12 -6.64 0.44 -26.38 -20.67 0 0 0 -1.25 27.84 -104.34 36.55 11.39 146.39 -0.13 -9.54 10.95 0.01 0.55 1.52 0 0 0 -4.97 5.69 -77.73 -21.28 -19.96 93.75 -0.21 0.63 8.92 -0.08 -1.86 5.12 -7.45 0.52 39.14 -4.32 -2.98 14.96 0.31 -1.89 -2.26 -15.67 -1.82 -12.11 9.71 -0.28 -13.34 5.59 0.35 -1.99 -0 -0 0 0.58 -78.67 -14.56 151.84 -39.26 -109.78 -0 0 -44.86 7.43 27.56 3.45 -7.12 0 -0 -24.66 55.98 -6.95 -0 -0 0 70.83 0.86 77.22 -39.55 47.8 -18.11 0 -0 -24.22 -21.67 5.29 -2.1 7.12 -0 -0 3.74 -24.29 1.87
0.59 10.12 -6.63 0.53 -26.38 -20.59 0 0 0 -1.26 27.51 -104.44 36.56 11.38 146.44 -0.12 -9.39 10.95 0.01 0.69 1.9 0 0 0 -5.07 5.51 -77.89 -21.28 -19.96 93.75 -0.21 0.86 9.08 -0.09 -1.88 5.18 -7.33 0.49 38.87 -4.35 -2.94 14.98 0.2 -1.87 -2.17 -15.19 -1.92 -11.7 9.71 -0.53 -13.31 5.5 0.19 -2.01 -0 0 0 0.42 -78.91 -14.12 151.89 -39.22 -109.81 -0 0 -45.3 7.63 28 3.6 -7.12 0 -0 -24.77 56.42 -7.25 -0 0 0 70.73 0.53 77.01 -39.98 48.06 -18.43 0 -0 -24.24 -22.3 5.11 -2.09 7.12 -0 -0 3.27 -24.46 1.62
0.59 10.11 -6.64 0.64 -26.41 -20.61 0 0 0 -1.22 27.11 -104.38 36.55 11.39 146.38 -0.11 -9.24 10.9 0.01 0.55 1.5 0 0 0 -5.15 5.33 -78.07 -21.31 -19.96 93.85 -0.22 1.15 9.4 -0.09 -1.93 5.32 -7.38 0.52 38.99 -4.27 -2.93 14.82 0.3 -1.86 -2.38 -15.17 -1.89 -11.49 9.91 -0.5 -13.07 5.56 0.2 -1.96 0 0 0 -1.3 -79.04 -12.31 151.95 -39.16 -109.85 -0 0 -45.84 7.57 28.2 3.59 -7.12 0 -0 -24.97 56.59 -7.41 0 0 0 71.04 0.74 76.97 -39.42 47.72 -18.01 0 -0 -24.14 -22.2 4.55 -1.86 7.12 -0 -0 3.34 -25.06 1.62
0.59 10.1 -6.64 0.74 -26.47 -20.41 0 0 0 -1.32 26.85 -104.76 36.56 11.38 146.44 -0.09 -9.05 10.98 0.01 0.5 1.38 0 0 0 -5.29 5.12 -78.5 -21.35 -19.96 93.95 -0.24 1.42 9.79 -0.11 -2.12 5.83 -7.38 0.39 38.55 -4.3 -3.05 14.98 0.31 -1.93 -2.06 -15.52 -1.98 -11.32 10.41 -0.58 -13.17 5.78 0.16 -2 -0 -0 0 -0.39 -78.89 -12.84 151.92 -39.19 -109.82 -0 0 -45.9 7.99 27.9 3.76 -7.12 0 -0 -24.34 56.4 -7.1 -0 -0 0 70.99 1.06 77 -39.52 47.78 -18.08 0 -0 -23.85 -22.82 4.84 -2.03 7.12 -0 -0 2.88 -24.73 1.41
0.59 10.11 -6.65 1.02 -26.66 -20.62 0 0 0 -1.35 26.9 -104.45 36.55 11.39 146.39 -0.1 -9.06 10.86 0.01 0.5 1.37 0 0 0 -5.44 5.23 -78.49 -21.33 -19.96 93.89 -0.24 1.52 9.97 -0.14 -2.37 6.53 -7.64 0.5 39 -4.36 -3.07 14.82 0.38 -1.93 -2.36 -15.05 -2.09 -11.45 10.23 -0.78 -12.99 5.63 0.04 -1.9 0 -0 0 -0.68 -78.87 -12.26 151.89 -39.22 -109.81 -0 0 -47.38 8.43 27.52 3.92 -7.12 0 -0 -23.65 56.15 -6.73 0 -0 0 71.13 0.81 76.78 -39.73 47.91 -18.24 0 -0 -23.51 -22.46 4.74 -1.96 7.12 -0 -0 3.15 -24.85 1.54
0.59 10.1 -6.64 0.63 -27.04 -20.47 0 0 0 -0.87 27.67 -104.7 36.59 11.33 146.61 -0.13 -9.56 10.98 0.01 0.69 1.9 0 0 0 -4.96 5.49 -78.44 -21.29 -19.96 93.78 -0.25 1.69 10.21 -0.12 -2.26 6.23 -7.18 0.34 39.06 -4.26 -3.11 14.76 0.29 -1.94 -2.47 -15.55 -2.13 -11.52 10.57 -0.76 -12.67 5.82 0.07 -1.79 0 0 0 -1.28 -78.71 -11.33 151.92 -39.19 -109.83 -0 0 -48.13 8.45 28.82 4.1 -7.12 0 -0 -24.54 57.33 -7.72 0 0 0 71.03 0.73 76.86 -39.63 47.85 -18.17 0 -0 -23.29 -22.82 5.24 -2.2 7.12 -0 -0 2.88 -24.29 1.44
0.59 10.1 -6.63 0.78 -27.17 -20.5 0 0 0 -0.91 27.74 -104.58 36.6 11.32 146.63 -0.14 -9.65 10.95 0.02 0.94 2.6 0 0 0 -5.01 5.39 -78.55 -21.29 -19.96 93.77 -0.26 1.99 10.55 -0.12 -2.2 6.06 -7.31 0.37 38.86 -4.28 -3.1 14.85 0.32 -1.95 -2.3 -15.39 -2.15 -11.42 10.55 -0.81 -12.79 5.79 0.03 -1.84 0 -0 0 -0.73 -78.82 -11.32 151.93 -39.18 -109.83 -0 0 -49.55 9.32 28.94 4.54 -7.12 0 -0 -23.76 57.62 -7.63 0 -0 0 71.14 0.8 76.67 -39.6 47.83 -18.15 0 -0 -22.92 -22.46 5.07 -2.09 7.12 -0 -0 3.15 -24.5 1.56
0.59 10.1 -6.63 1 -27.23 -20.6 0 0 0 -0.99 27.55 -104.44 36.6 11.31 146.66 -0.14 -9.53 10.85 0.02 0.91 2.51 0 0 0 -5.13 5.28 -78.63 -21.29 -19.96 93.78 -0.26 2.15 10.58 -0.13 -2.35 6.48 -7.53 0.3 38.85 -4.33 -3.27 14.83 0.44 -2.04 -2.3 -15.28 -2.12 -11.41 10.43 -0.79 -12.85 5.74 0.04 -1.86 0 -0 0 -0.99 -78.57 -10.49 152 -39.11 -109.88 -0 0 -50.3 10.48 29.35 5.18 -7.12 0 -0 -22.89 58.25 -7.68 0 -0 0 71.04 0.82 76.86 -39.78 47.94 -18.28 0 -0 -22.76 -22.39 5.13 -2.11 7.12 -0 -0 3.2 -24.43 1.59
0.59 10.09 -6.62 0.98 -27.27 -20.56 0 0 0 -0.98 27.66 -104.54 36.62 11.29 146.73 -0.14 -9.57 10.9 0.02 0.96 2.63 0 0 0 -4.97 5.08 -78.74 -21.31 -19.96 93.82 -0.25 2.17 10.48 -0.15 -2.47 6.79 -7.32 0.14 38.66 -4.48 -3.38 14.92 0.2 -2.08 -2.16 -15.12 -2.1 -11.86 10.66 -0.72 -12.2 5.77 0.07 -1.6 0 0 0 0.12 -78.39 -10.83 152.09 -39.03 -109.93 -0 0 -51.3 12 29.22 5.92 -7.12 0 -0 -21.24 58.45 -7.2 0 0 0 71.33 0.82 76.72 -39.9 48.01 -18.36 0 -0 -22.63 -22.07 4.63 -1.87 7.12 -0 -0 3.44 -24.99 1.67
0.59 10.08 -6.62 0.86 -27.28 -20.49 0 0 0 -0.81 27.64 -104.66 36.62 11.28 146.76 -0.13 -9.58 11.01 0.01 0.67 1.84 0 0 0 -4.79 5.05 -78.81 -21.33 -19.96 93.88 -0.24 2.29 10.43 -0.12 -2.22 6.1 -7.22 0.06 38.63 -4.41 -3.44 14.88 0.25 -2.11 -2.2 -15.4 -1.94 -12.4 10.96 -0.4 -11.37 5.91 0.24 -1.31 0 0 0 -0.3 -78.26 -9.93 152.2 -38.93 -110 -0 0 -51.54 12.8 29.28 6.34 -7.12 0 -0 -20.46 58.69 -7.04 0 0 0 71.34 0.76 76.74 -39.89 48 -18.36 0 -0 -22.51 -22.33 4.53 -1.86 7.12 -0 -0 3.25 -25.08 1.57
0.59 10.08 -6.62 1.05 -27.29 -20.71 0 0 0 -0.92 27.79 -104.38 36.61 11.3 146.72 -0.14 -9.66 10.96 0.01 0.76 2.09 0 0 0 -4.89 5.1 -78.67 -21.32 -19.96 93.85 -0.24 2.34 10.38 -0.12 -2.19 6.04 -7.37 0.12 38.54 -4.37 -3.41 15 0.35 -2.11 -2.03 -15.83 -1.9 -12.06 11.22 -0.33 -11.62 6.08 0.29 -1.44 0 -0 0 -0.22 -78.23 -9.86 152.2 -38.94 -110 -0 0 -51.96 14 29.33 6.96 -7.12 0 -0 -19.25 59.01 -6.75 0 -0 0 71.28 0.73 76.54 -40.05 48.1 -18.48 0 -0 -22.3 -22.62 4.51 -1.88 7.12 -0 -0 3.03 -25.1 1.46
0.59 10.09 -6.64 1.29 -27.1 -20.98 0 0 0 -1.08 27.25 -103.95 36.58 11.35 146.54 -0.13 -9.44 10.87 0.01 0.72 1.98 0 0 0 -5.16 5.11 -78.39 -21.3 -19.96 93.81 -0.23 2.12 10.06 -0.15 -2.47 6.81 -7.54 0.18 38.74 -4.34 -3.41 15.01 0.46 -2.12 -2.06 -15.42 -2.14 -11.21 10.56 -0.84 -12.43 5.79 0.01 -1.76 0 0 0 -0.8 -78.33 -8.99 152.14 -38.98 -109.97 -0 0 -51.2 15.82 28.96 7.81 -7.12 0 -0 -17.07 59.06 -5.97 0 0 0 71.27 0.68 76.43 -39.99 48.07 -18.43 0 -0 -22.16 -22.65 4.19 -1.75 7.12 -0 -0 3.01 -25.44 1.43
0.59 10.09 -6.65 1.13 -26.97 -20.96 0 0 0 -0.97 27.24 -104.06 36.58 11.35 146.54 -0.13 -9.49 11.03 0.02 0.84 2.3 0 0 0 -5.05 5.13 -78.3 -21.29 -19.96 93.78 -0.22 2.05 9.89 -0.13 -2.3 6.33 -7.43 0.08 38.86 -4.25 -3.49 15 0.53 -2.15 -2.1 -15.39 -2.07 -11.39 10.4 -0.74 -12.14 5.73 0.06 -1.66 -0 -0 0 -0.9 -78.18 -9.05 152.17 -38.96 -109.98 -0 0 -50.2 16.58 29.25 8.28 -7.12 0 -0 -16.46 59.52 -5.93 -0 -0 0 71.1 0.64 76.51 -40.16 48.16 -18.56 0 -0 -22.18 -22.74 4.75 -1.99 7.12 -0 -0 2.94 -24.83 1.43
0.59 10.09 -6.66 1.19 -26.83 -20.99 0 0 0 -1.16 27.15 -104.11 36.58 11.35 146.52 -0.13 -9.44 10.93 0.03 1.05 2.9 0 0 0 -5.06 5.25 -78.11 -21.22 -19.96 93.58 -0.21 1.96 9.53 -0.1 -2 5.52 -7.42 0.08 38.85 -4.31 -3.49 15.04 0.47 -2.15 -2.07 -15.14 -1.98 -11.45 10.28 -0.65 -12.02 5.66 0.1 -1.63 0 -0 0 -0.38 -78.12 -9.66 152.05 -39.07 -109.91 -0 0 -49.42 17.59 28.82 8.69 -7.12 0 -0 -15.09 59.34 -5.36 0 -0 0 71.31 0.58 76.46 -40.16 48.17 -18.56 0 -0 -22.05 -22.86 4.92 -2.07 7.12 -0 -0 2.85 -24.65 1.4
0.59 10.1 -6.66 1.19 -26.69 -21.15 0 0 0 -1.13 27.03 -103.8 36.55 11.39 146.4 -0.13 -9.48 10.91 0.03 1.1 3.04 0 0 0 -5.12 5.29 -77.85 -21.23 -19.96 93.59 -0.2 2 9.34 -0.09 -1.88 5.18 -7.39 0.09 39.03 -4.26 -3.47 15.04 0.5 -2.14 -2.13 -15.12 -1.98 -11.08 10.06 -0.7 -12.36 5.59 0.07 -1.79 -0 0 0 -0.42 -78.1 -10.03 151.9 -39.21 -109.81 -0 0 -48.38 18.13 28.52 8.89 -7.12 0 -0 -14.32 59.17 -5.02 -0 0 0 71.31 0.55 76.44 -40.08 48.11 -18.5 0 -0 -22 -22.96 4.79 -2.02 7.12 -0 -0 2.77 -24.78 1.36
0.58 10.09 -6.67 1.07 -26.6 -20.96 0 0 0 -1.09 26.95 -104.2 36.55 11.39 146.38 -0.12 -9.51 11.09 0.02 0.87 2.38 0 0 0 -5.09 5.43 -78 -21.24 -19.96 93.62 -0.19 1.75 9.1 -0.08 -1.77 4.87 -7.19 0.1 38.89 -4.26 -3.38 15.04 0.37 -2.09 -2.09 -15.19 -1.95 -11.1 10.22 -0.64 -12.23 5.65 0.1 -1.75 0 -0 0 -0.58 -78.33 -10.17 151.65 -39.44 -109.66 -0 0 -47.16 18.26 27.96 8.79 -7.12 0 -0 -13.84 58.64 -4.67 0 -0 0 71.44 0.61 76.43 -39.98 48.06 -18.43 0 -0 -21.91 -23.14 4.14 -1.77 7.12 -0 -0 2.64 -25.48 1.25
0.58 10.09 -6.67 0.87 -26.47 -20.87 0 0 0 -1.04 27.19 -104.34 36.55 11.39 146.4 -0.12 -9.54 11.23 0.02 0.82 2.26 0 0 0 -5.02 5.5 -77.97 -21.29 -19.96 93.77 -0.18 1.6 8.77 -0.06 -1.64 4.5 -6.96 0.05 38.77 -4.25 -3.33 15.09 0.24 -2.06 -2.02 -15.04 -1.96 -11.16 10.19 -0.67 -12.2 5.61 0.08 -1.73 -0 0 0 -0.52 -78.24 -10.53 151.72 -39.38 -109.7 -0 0 -46.7 18.15 27.82 8.7 -7.12 0 -0 -13.87 58.48 -4.63 -0 0 0 71.49 0.58 76.41 -39.99 48.07 -18.43 0 -0 -21.79 -23.11 4.24 -1.81 7.12 -0 -0 2.66 -25.37 1.26
0.57 10.08 -6.67 0.71 -26.43 -20.84 0 0 0 -0.94 27.63 -104.49 36.57 11.36 146.5 -0.12 -9.62 11.37 0.02 0.99 2.71 0 0 0 -5.02 5.73 -77.93 -21.34 -19.96 93.91 -0.18 1.25 8.51 -0.08 -1.82 5.01 -6.8 0.1 38.88 -4.23 -3.23 15 0.15 -1.99 -2.17 -14.86 -1.96 -10.96 10.18 -0.7 -12.3 5.58 0.05 -1.78 0 0 0 -0.41 -78.31 -10.59 151.71 -39.39 -109.69 -0 0 -45.96 18.64 27.77 8.93 -7.12 0 -0 -13.32 58.54 -4.46 0 0 0 71.53 0.52 76.48 -39.88 48 -18.35 0 -0 -21.77 -23.01 4.26 -1.81 7.12 -0 -0 2.73 -25.35 1.3
0.57 10.08 -6.66 0.34 -26.32 -20.6 0 0 0 -0.77 27.85 -104.89 36.59 11.34 146.58 -0.12 -9.74 11.6 0.02 0.8 2.19 0 0 0 -4.75 5.7 -77.94 -21.34 -19.96 93.93 -0.17 1.11 8.34 -0.07 -1.69 4.65 -6.42 -0.05 38.8 -4.21 -3.27 14.97 -0.01 -1.99 -2.21 -14.64 -1.88 -11.22 9.97 -0.59 -12.16 5.47 0.11 -1.72 -0 0 0 -0.69 -78.05 -10.25 151.72 -39.37 -109.7 -0 0 -45.38 18.48 26.72 8.55 -7.12 0 -0 -12.9 57.47 -3.98 -0 0 0 71.58 0.64 76.69 -39.64 47.86 -18.17 0 -0 -21.73 -22.97 4.72 -2 7.12 -0 -0 2.77 -24.85 1.35
0.57 10.08 -6.66 0.65 -26.08 -20.8 0 0 0 -1.11 27.59 -104.58 36.57 11.36 146.48 -0.1 -9.43 11.58 0.04 1.25 3.44 0 0 0 -5.21 5.65 -77.84 -21.35 -19.96 93.95 -0.17 1.01 8.29 -0.08 -1.78 4.89 -6.73 0.05 38.84 -4.18 -3.25 14.94 0.18 -1.99 -2.23 -14.89 -1.86 -11.17 10.03 -0.54 -12.34 5.54 0.15 -1.79 -0 0 0 -0.99 -78.05 -10.17 151.7 -39.39 -109.69 -0 0 -44.78 19.37 26.64 8.96 -7.12 0 -0 -11.9 57.58 -3.7 -0 0 0 71.44 0.74 76.83 -39.4 47.71 -17.99 0 -0 -21.64 -23.12 4.39 -1.87 7.12 -0 -0 2.66 -25.2 1.27
0.57 10.07 -6.66 -0.1 -26.24 -20.26 0 0 0 -0.52 28.11 -105.34 36.58 11.34 146.57 -0.1 -9.74 11.95 0.01 0.77 2.12 0 0 0 -4.54 6 -77.95 -21.32 -19.96 93.85 -0.17 0.68 8.14 -0.06 -1.62 4.46 -6.15 -0.03 38.83 -3.99 -3.13 14.78 0.05 -1.91 -2.43 -14.97 -1.82 -11.08 10.05 -0.49 -12.58 5.56 0.18 -1.88 0 0 0 -1.85 -78.16 -9.35 151.65 -39.44 -109.65 -0 0 -44.66 19.49 26.77 9.06 -7.12 0 -0 -11.85 57.74 -3.73 0 0 0 71.47 0.67 76.75 -39.23 47.61 -17.87 0 -0 -21.54 -23.03 4.36 -1.85 7.12 -0 -0 2.72 -25.24 1.3
0.58 10.08 -6.67 -0.06 -26.17 -20.33 0 0 0 -0.73 28.07 -105.26 36.57 11.36 146.48 -0.11 -9.78 11.94 0.01 0.78 2.16 0 0 0 -4.68 6.11 -77.75 -21.28 -19.96 93.74 -0.17 0.59 8.1 -0.06 -1.62 4.45 -6.24 0.05 38.65 -3.91 -3.03 14.93 0.14 -1.88 -2.2 -15.1 -1.85 -11.22 10.13 -0.49 -12.68 5.61 0.19 -1.89 -0 0 0 -1.28 -78.23 -9.98 151.58 -39.5 -109.61 -0 0 -44.75 20.02 26.29 9.17 -7.12 0 -0 -11.03 57.37 -3.37 -0 0 0 71.35 0.83 76.62 -39.24 47.61 -17.87 0 -0 -21.8 -23.08 4.49 -1.91 7.12 -0 -0 2.69 -25.1 1.29
0.58 10.08 -6.67 -0.07 -26.12 -20.36 0 0 0 -0.77 28.07 -105.22 36.57 11.36 146.48 -0.1 -9.72 11.92 0.02 0.83 2.27 0 0 0 -4.74 6.21 -77.67 -21.28 -19.96 93.74 -0.17 0.5 8 -0.06 -1.54 4.23 -6.36 0.08 38.77 -3.88 -3.06 14.87 0.24 -1.89 -2.3 -15.2 -1.82 -11.18 10.16 -0.43 -12.96 5.65 0.22 -1.98 -0 -0 0 -1.28 -78.16 -9.85 151.53 -39.54 -109.58 -0 0 -44.68 20.93 25.81 9.46 -7.12 0 -0 -9.82 57.08 -2.93 -0 -0 0 71.25 0.8 76.85 -39.29 47.64 -17.91 0 -0 -21.79 -23.01 4.22 -1.79 7.12 -0 -0 2.73 -25.4 1.3
0.58 10.09 -6.67 0.07 -25.98 -20.54 0 0 0 -0.9 27.81 -104.99 36.56 11.37 146.45 -0.1 -9.66 11.8 0.02 0.82 2.25 0 0 0 -4.91 6.14 -77.52 -21.28 -19.96 93.74 -0.17 0.57 8 -0.05 -1.4 3.86 -6.47 0.1 38.9 -3.97 -3.09 14.88 0.21 -1.9 -2.32 -14.93 -1.83 -11.23 10.12 -0.47 -13.12 5.59 0.19 -2.02 0 0 0 -0.81 -78.25 -9.85 151.54 -39.53 -109.59 -0 0 -44.8 22.03 25.64 9.93 -7.12 0 -0 -8.57 57.15 -2.56 0 0 0 71.08 0.21 76.73 -39.87 47.99 -18.34 0 -0 -21.4 -23.12 4.24 -1.81 7.12 -0 -0 2.66 -25.37 1.26
0.59 10.09 -6.67 0.44 -25.91 -20.95 0 0 0 -1.26 27.81 -104.49 36.56 11.38 146.44 -0.11 -9.58 11.55 0.02 0.98 2.69 0 0 0 -5.27 6.05 -77.28 -21.29 -19.96 93.78 -0.17 0.78 8.02 -0.04 -1.26 3.46 -6.78 0.19 38.95 -4.04 -3.1 14.93 0.3 -1.92 -2.26 -15.12 -1.86 -11.31 10.21 -0.47 -12.98 5.65 0.2 -1.96 0 0 0 -0.93 -78.32 -9.47 151.5 -39.57 -109.56 -0 0 -44.97 22.29 24.87 9.78 -7.12 0 -0 -7.96 56.41 -2.24 0 0 0 71.19 0.79 76.99 -39.33 47.67 -17.94 0 -0 -21.83 -23.13 4 -1.71 7.12 -0 -0 2.64 -25.63 1.24
0.59 10.09 -6.67 0.38 -25.89 -21 0 0 0 -1.18 27.79 -104.41 36.56 11.38 146.44 -0.1 -9.53 11.72 0.04 1.26 3.46 0 0 0 -5.21 6.03 -77.22 -21.31 -19.96 93.82 -0.17 0.76 8 -0.04 -1.23 3.38 -6.8 0.2 38.92 -4.03 -3.09 14.95 0.32 -1.92 -2.23 -14.8 -1.84 -11.56 9.88 -0.47 -12.73 5.49 0.19 -1.86 -0 0 0 -0.7 -78.38 -9.37 151.53 -39.55 -109.58 -0 0 -45.03 23.17 25.17 10.32 -7.12 0 -0 -7.14 56.92 -2.09 -0 0 0 71.21 0.7 76.91 -39.38 47.7 -17.98 0 -0 -21.75 -22.99 4.04 -1.71 7.12 -0 -0 2.75 -25.59 1.3
0.59 10.08 -6.67 0.36 -25.92 -21.05 0 0 0 -1.11 27.76 -104.34 36.56 11.37 146.47 -0.1 -9.55 11.72 0.04 1.25 3.43 0 0 0 -5.16 6 -77.19 -21.3 -19.96 93.82 -0.17 0.81 8.06 -0.04 -1.25 3.45 -6.72 0.09 38.94 -4.12 -3.2 14.93 0.23 -1.97 -2.27 -14.77 -1.9 -11.82 9.88 -0.52 -12.44 5.47 0.17 -1.72 -0 0 0 -0.85 -78.17 -8.91 151.44 -39.62 -109.52 -0 0 -45.21 24.35 24.97 10.82 -7.12 0 -0 -5.78 56.96 -1.7 -0 0 0 71.31 0.67 76.92 -39.51 47.78 -18.08 0 -0 -21.65 -22.93 3.59 -1.52 7.12 -0 -0 2.8 -26.08 1.28
0.59 10.07 -6.67 0.22 -26.03 -20.94 0 0 0 -0.88 27.83 -104.49 36.58 11.35 146.53 -0.09 -9.57 11.92 0.05 1.38 3.78 0 0 0 -4.95 6.01 -77.29 -21.31 -19.96 93.84 -0.17 0.77 8.06 -0.04 -1.28 3.52 -6.5 0.07 38.74 -4.12 -3.12 14.93 0.08 -1.92 -2.22 -14.83 -1.94 -11.08 10.04 -0.66 -13.05 5.54 0.09 -2 0 -0 0 -0.88 -78.31 -8.65 151.49 -39.58 -109.55 -0 0 -45.04 24.58 25.35 11.08 -7.12 0 -0 -5.69 57.4 -1.73 0 -0 0 71.52 0.51 76.54 -39.56 47.81 -18.11 0 -0 -21.59 -22.92 3.15 -1.33 7.12 -0 -0 2.81 -26.56 1.26
0.6 10.07 -6.67 0.46 -25.95 -21.21 0 0 0 -0.97 27.49 -104.14 36.57 11.37 146.48 -0.08 -9.36 11.86 0.05 1.43 3.92 0 0 0 -5.17 5.85 -77.18 -21.32 -19.96 93.86 -0.17 0.85 8.14 -0.04 -1.34 3.69 -6.78 0.06 38.75 -4.15 -3.24 15 0.23 -2 -2.12 -14.67 -1.91 -11.49 10.01 -0.58 -12.81 5.5 0.13 -1.88 0 0 0 -0.89 -77.93 -8.32 151.59 -39.49 -109.62 -0 0 -44.92 25.85 25.32 11.71 -7.12 0 -0 -4.28 57.66 -1.33 0 0 0 71.57 0.73 76.67 -39.47 47.75 -18.05 0 -0 -21.81 -23 3.42 -1.45 7.12 -0 -0 2.74 -26.27 1.25
0.6 10.07 -6.68 0.34 -26.03 -21.24 0 0 0 -0.77 27.59 -104.19 36.57 11.36 146.5 -0.06 -9.31 12.13 0.04 1.32 3.64 0 0 0 -4.94 5.73 -77.14 -21.3 -19.96 93.81 -0.17 0.92 8.28 -0.05 -1.49 4.11 -6.55 -0.06 38.52 -4.11 -3.28 15.2 0.16 -2.03 -1.84 -14.63 -1.94 -11.84 9.99 -0.58 -12.86 5.49 0.13 -1.84 0 0 0 -0.69 -77.66 -8.46 151.78 -39.32 -109.73 -0 0 -45.55 24.87 24.74 10.98 -7.12 0 -0 -5.13 56.83 -1.49 0 0 0 71.4 0.58 76.39 -39.88 48 -18.35 0 -0 -21.69 -22.96 3.32 -1.4 7.12 -0 -0 2.78 -26.37 1.26
0.6 10.05 -6.69 0.19 -25.9 -21.16 0 0 0 -0.6 27.23 -104.47 36.58 11.35 146.54 0 -8.98 12.83 0.04 1.24 3.42 0 0 0 -4.8 5.45 -77.29 -21.32 -19.96 93.86 -0.18 0.97 8.4 -0.05 -1.45 3.97 -6.45 -0.23 38.53 -3.99 -3.44 15.07 0.29 -2.09 -1.99 -14.42 -1.9 -11.96 9.85 -0.55 -12.59 5.41 0.14 -1.74 0 0 0 -2.56 -77.39 -6.17 151.91 -39.2 -109.82 -0 0 -45.41 25.62 24.59 11.29 -7.12 0 -0 -4.26 56.84 -1.24 0 0 0 71.53 0.86 76.43 -39.48 47.76 -18.05 0 -0 -21.63 -22.79 3.11 -1.31 7.12 -0 -0 2.91 -26.61 1.3
0.6 10.04 -6.7 -0.05 -25.91 -21 0 0 0 -0.32 26.95 -104.78 36.57 11.36 146.49 0.07 -8.65 13.62 0.04 1.21 3.34 0 0 0 -4.52 5.29 -77.41 -21.31 -19.96 93.84 -0.18 0.9 8.47 -0.06 -1.63 4.49 -6.29 -0.38 38.48 -3.76 -3.55 14.98 0.49 -2.15 -2.07 -14.49 -1.92 -12 9.95 -0.56 -12.66 5.45 0.14 -1.75 0 -0 0 -3.83 -77.1 -4.83 152.11 -39.02 -109.94 -0 0 -46.15 25.12 24.17 10.87 -7.12 0 -0 -4.65 56.29 -1.29 0 -0 0 71.18 0.46 76.14 -39.94 48.03 -18.39 0 -0 -21.29 -22.72 3.62 -1.51 7.12 -0 -0 2.96 -26.06 1.36
0.6 10.03 -6.71 0.1 -25.91 -21.21 0 0 0 -0.23 26.86 -104.54 36.57 11.35 146.52 0.08 -8.55 13.69 0.05 1.45 3.98 0 0 0 -4.6 5.2 -77.41 -21.33 -19.96 93.89 -0.19 0.99 8.58 -0.07 -1.69 4.64 -6.3 -0.52 38.47 -3.77 -3.73 14.96 0.55 -2.24 -2.08 -14.42 -2 -12.03 10.14 -0.67 -12.78 5.5 0.08 -1.77 -0 -0 0 -4.93 -76.73 -3.65 152.27 -38.86 -110.05 -0 0 -47.03 24 23.77 10.17 -7.12 0 -0 -5.7 55.63 -1.49 -0 -0 0 71.18 0.58 76.15 -39.79 47.95 -18.28 0 -0 -21.08 -22.2 3.05 -1.24 7.12 -0 -0 3.36 -26.69 1.49
0.6 10.03 -6.72 0.25 -25.91 -21.62 0 0 0 -0.17 26.82 -104.09 36.57 11.36 146.48 0.07 -8.6 13.52 0.03 1.1 3.02 0 0 0 -4.65 5.14 -77.1 -21.33 -19.96 93.9 -0.19 1.05 8.66 -0.07 -1.74 4.8 -6.21 -0.63 38.65 -3.73 -3.85 14.92 0.59 -2.29 -2.18 -14.17 -2.11 -12.18 10.23 -0.81 -12.56 5.48 -0.01 -1.66 -0 0 0 -5.98 -76.51 -2.33 152.51 -38.64 -110.2 -0 0 -47.88 22.56 23.82 9.52 -7.12 0 -0 -7.24 55.38 -1.85 -0 0 0 71.07 0.58 76.06 -39.86 47.99 -18.34 0 -0 -21.15 -22.07 3.06 -1.24 7.12 -0 -0 3.46 -26.67 1.54
0.6 10.02 -6.73 0.43 -26.11 -21.99 0 0 0 -0.13 27.13 -103.69 36.56 11.38 146.43 0.07 -8.65 13.58 0.04 1.24 3.4 0 0 0 -4.62 5.24 -76.9 -21.33 -19.96 93.9 -0.19 1.24 8.77 -0.08 -1.78 4.89 -6.39 -0.63 38.54 -3.54 -3.9 14.88 0.9 -2.34 -2.15 -14.08 -2.14 -12.19 10.38 -0.86 -12.44 5.51 -0.04 -1.61 -0 -0 0 -8.06 -75.97 -0.2 152.72 -38.44 -110.33 -0 0 -49 21.55 24.11 9.17 -7.12 0 -0 -8.41 55.48 -2.18 -0 -0 0 70.64 0.5 76.09 -40.07 48.11 -18.49 0 -0 -20.97 -21.7 3.01 -1.2 7.12 -0 -0 3.74 -26.74 1.66
0.61 10.02 -6.75 0.61 -25.91 -22.5 0 0 0 -0.11 26.67 -103.04 36.54 11.4 146.34 0.1 -8.39 13.67 0.02 1.01 2.77 0 0 0 -4.76 4.98 -76.5 -21.34 -19.96 93.93 -0.19 1.28 8.78 -0.08 -1.8 4.96 -6.27 -0.83 38.63 -3.53 -4.11 14.91 0.91 -2.43 -2.16 -13.59 -2.18 -12.58 10.52 -0.93 -12.22 5.47 -0.09 -1.48 -0 -0 0 -9.3 -75.7 1.64 153.08 -38.1 -110.55 -0 0 -50.04 21.17 24.19 9.02 -7.12 0 -0 -8.85 55.49 -2.29 -0 -0 0 70.74 0.62 75.82 -39.81 47.95 -18.29 0 -0 -20.77 -21.61 2.95 -1.17 7.12 -0 -0 3.81 -26.8 1.69
0.61 10.01 -6.76 0.76 -25.57 -22.92 0 0 0 -0.06 25.93 -102.51 36.53 11.42 146.27 0.13 -8.09 13.79 0.03 1.08 2.98 0 0 0 -4.98 4.66 -76.15 -21.37 -19.95 94.01 -0.19 1.35 8.81 -0.09 -1.93 5.3 -6.27 -1.15 38.16 -3.45 -4.45 15.16 1.08 -2.63 -1.7 -13.12 -2.17 -12.96 10.69 -0.91 -12.25 5.44 -0.1 -1.42 0 0 0 -10.2 -75.25 2.69 153.36 -37.83 -110.72 -0 0 -51.12 20.02 24.54 8.61 -7.12 0 -0 -10.2 55.61 -2.67 0 0 0 70.57 0.86 75.65 -39.99 48.06 -18.43 0 -0 -20.72 -20.79 2.69 -1.02 7.12 -0 -0 4.44 -27.1 1.94
0.61 10 -6.78 1.34 -25.74 -23.62 0 0 0 -0.26 26.26 -101.72 36.51 11.45 146.2 0.12 -8.02 13.66 0.03 1.16 3.19 0 0 0 -5.39 5.01 -75.8 -21.36 -19.96 93.97 -0.19 1.46 8.96 -0.09 -1.9 5.23 -6.56 -1.14 37.98 -3.5 -4.54 15.17 1.2 -2.69 -1.62 -12.47 -2.15 -12.66 10.85 -0.97 -12.66 5.39 -0.17 -1.58 0 -0 0 -12.09 -74.69 5.06 153.82 -37.39 -111 -0 0 -52.83 20.21 24.49 8.68 -7.12 0 -0 -9.97 55.59 -2.61 0 -0 0 70.91 0.62 74.87 -40.18 48.18 -18.57 0 -0 -20.33 -21.22 2.3 -0.89 7.12 -0 -0 4.13 -27.51 1.76
0.61 9.99 -6.79 0.87 -26.18 -23.78 0 0 0 0.51 27.15 -101.71 36.52 11.43 146.24 0.11 -8.59 14.23 0.02 0.91 2.49 0 0 0 -4.7 5.49 -75.44 -21.33 -19.96 93.89 -0.19 1.34 8.91 -0.08 -1.83 5.05 -6 -1.43 37.9 -3.25 -4.68 15.06 1.23 -2.74 -1.74 -11.64 -2.14 -12.69 10.78 -1.06 -12.79 5.23 -0.25 -1.61 -0 0 0 -14.57 -74.1 7.83 154.23 -36.98 -111.25 -0 0 -53.88 21.22 25.5 9.49 -7.12 0 -0 -9.37 56.83 -2.73 -0 0 0 70.96 0.47 74.46 -39.98 48.06 -18.42 0 -0 -19.78 -20.87 2.38 -0.91 7.12 -0 -0 4.4 -27.42 1.88
0.62 9.97 -6.82 0.72 -26.13 -24.04 0 0 0 0.8 26.97 -101.53 36.51 11.45 146.2 0.13 -8.67 14.56 0.01 0.67 1.84 0 0 0 -4.54 5.5 -75.12 -21.32 -19.96 93.86 -0.2 1.28 8.94 -0.08 -1.82 5.02 -5.74 -1.9 37.65 -3.05 -5.15 15.04 1.46 -2.98 -1.65 -11.26 -2.38 -13.08 11 -1.39 -12.62 5.21 -0.43 -1.46 0 0 0 -16.13 -73.28 9.48 154.67 -36.54 -111.51 -0 0 -54.66 22.56 26.11 10.36 -7.12 0 -0 -8.22 57.75 -2.58 0 0 0 70.64 0.62 74.38 -40.15 48.16 -18.55 0 -0 -19.74 -20.51 1.25 -0.47 7.12 -0 -0 4.71 -28.63 1.89
0.62 9.96 -6.84 0.79 -26.06 -24.68 0 0 0 1.13 26.68 -101.03 36.48 11.49 146.06 0.18 -8.62 15.23 0 0.29 0.79 0 0 0 -4.55 5.55 -74.44 -21.29 -19.96 93.78 -0.19 1.42 8.94 -0.08 -1.82 5 -5.89 -2.17 37.87 -2.76 -5.54 14.93 1.97 -3.19 -1.79 -11.06 -2.34 -13.13 11.28 -1.35 -12.84 5.28 -0.43 -1.51 0 -0 0 -18.72 -72.41 12.16 155.09 -36.12 -111.76 -0 0 -54.81 23.77 26.43 11.09 -7.12 0 -0 -7.05 58.35 -2.31 0 -0 0 70.43 0.57 73.98 -40.21 48.2 -18.6 0 -0 -19.31 -19.32 1.11 -0.39 7.12 -0 -0 5.64 -28.79 2.24
0.62 9.95 -6.88 0.83 -26.12 -25.09 0 0 0 1.39 26.75 -100.76 36.45 11.54 145.89 0.26 -8.37 16.02 0 0.16 0.44 0 0 0 -4.49 5.68 -74 -21.23 -19.96 93.59 -0.2 1.33 9.02 -0.12 -2.24 6.16 -5.74 -2.5 37.44 -2.63 -5.87 15.03 2.11 -3.37 -1.52 -10.46 -2.57 -13.25 11.29 -1.73 -12.97 5.17 -0.65 -1.49 0 -0 0 -19.99 -71.62 13.73 155.64 -35.54 -112.08 -0 0 -54.98 25.78 26.21 12.04 -7.12 0 -0 -4.72 58.59 -1.57 0 -0 0 70.5 0.66 73.46 -40.26 48.22 -18.63 0 -0 -18.94 -19.29 1.03 -0.36 7.12 -0 -0 5.67 -28.86 2.24
0.62 9.94 -6.91 1.11 -25.99 -25.72 0 0 0 1.37 26.64 -100.25 36.43 11.57 145.78 0.21 -8.86 15.86 0.03 -1.05 -2.88 0 0 0 -4.67 5.64 -73.46 -21.18 -19.97 93.46 -0.2 1.4 9.16 -0.13 -2.34 6.45 -5.78 -2.77 36.86 -2.63 -6.17 15.35 2.23 -3.54 -1.1 -10.41 -2.97 -12.93 12.16 -2.22 -13.53 5.43 -0.93 -1.62 -0 0 0 -20.43 -71.06 14.34 156.25 -34.9 -112.44 -0 0 -54.68 22.78 25.3 10.17 -7.12 0 -0 -7.62 56.96 -2.24 -0 0 0 70.61 0.65 72.77 -40.51 48.37 -18.82 0 -0 -18.54 -21.14 0.04 -0.02 7.12 -0 -0 4.28 -29.92 1.58
0.63 9.93 -6.95 1.02 -25.98 -26.35 0 0 0 1.74 26.83 -99.76 36.41 11.59 145.7 0.14 -9.49 15.71 0.06 -1.64 -4.52 0 0 0 -4.35 5.61 -72.75 -21.12 -19.97 93.28 -0.2 1.53 9.16 -0.1 -2.06 5.66 -5.67 -3.11 37.16 -2.32 -6.57 15.21 2.64 -3.75 -1.31 -10.76 -3.19 -13.35 12.9 -2.43 -13.01 5.7 -1.01 -1.35 0 -0 0 -22.32 -69.98 15.79 156.98 -34.11 -112.85 -0 0 -53.9 22.13 25.07 9.78 -7.12 0 -0 -8.21 56.59 -2.34 0 -0 0 70.31 0.4 72.5 -40.7 48.48 -18.96 0 -0 -18.38 -23.79 -0.12 0.05 7.12 -0 -0 2.19 -30.11 0.8
0.63 9.92 -7 1.11 -26 -26.89 0 0 0 1.87 26.88 -99.56 36.39 11.62 145.59 0.13 -9.72 15.81 0.09 -1.91 -5.27 0 0 0 -4.24 5.75 -72.22 -21.05 -19.97 93.08 -0.21 1.51 9.24 -0.11 -2.11 5.8 -5.66 -3.41 37.1 -2.32 -6.95 15.19 2.75 -3.94 -1.28 -10.25 -3.17 -13.41 13.34 -2.45 -12.95 5.75 -1.05 -1.31 0 -0 0 -22.3 -68.57 15.87 157.44 -33.61 -113.11 -0 0 -51.47 24.13 23.9 10.29 -7.12 0 -0 -5.61 55.8 -1.49 0 -0 0 70.41 0.27 72.44 -40.78 48.52 -19.02 0 -0 -18.24 -24.58 0.39 -0.18 7.12 -0 -0 1.56 -29.55 0.59
0.63 9.91 -7.03 1.8 -25.94 -27.66 0 0 0 1.08 26.88 -99.38 36.37 11.65 145.5 0.12 -9.74 15.67 0.14 -2.39 -6.58 0 0 0 -4.79 5.88 -71.87 -21.04 -19.97 93.04 -0.21 1.59 9.45 -0.12 -2.22 6.11 -6.09 -3.43 36.85 -2.23 -7.09 15.13 3.1 -4.04 -1.19 -10.34 -3.26 -13.49 13.81 -2.54 -12.71 5.91 -1.1 -1.2 0 0 0 -22.62 -67.56 15.87 157.62 -33.4 -113.21 -0 0 -49.37 24.58 22.99 10.13 -7.12 0 -0 -4.81 54.93 -1.18 0 0 0 70.27 -0.17 71.87 -40.86 48.57 -19.08 0 -0 -17.98 -21.72 1.3 -0.52 7.12 -0 -0 3.77 -28.58 1.51
0.64 9.9 -7.07 1.74 -26.06 -28.35 0 0 0 0.88 26.52 -99.51 36.3 11.74 145.17 0.27 -8.49 16.31 0.09 -1.97 -5.42 0 0 0 -4.48 5.9 -71.15 -21 -19.98 92.92 -0.21 1.51 9.4 -0.15 -2.47 6.82 -5.69 -3.54 36.84 -2.03 -7.1 15.07 3.11 -4.03 -1.27 -10.33 -3.43 -13.48 14.09 -2.79 -12.41 5.98 -1.22 -1.07 0 -0 0 -23.21 -66.75 16.3 157.38 -33.67 -113.07 -0 0 -46.88 24.21 22.55 9.78 -7.12 0 -0 -5.06 54.39 -1.17 0 -0 0 70.39 -0.66 70.71 -40.63 48.44 -18.91 0 -0 -18.63 -20.22 2.59 -0.95 7.12 -0 -0 4.89 -27.21 2.12
0.65 9.89 -7.11 2.16 -25.77 -29.24 0 0 0 0.04 24.79 -99.29 36.14 11.97 144.36 0.5 -6.33 17.18 0.02 -1.02 -2.8 0 0 0 -4.8 5.54 -70.42 -20.93 -19.98 92.73 -0.21 1.71 9.55 -0.14 -2.44 6.74 -5.78 -3.62 36.92 -1.91 -7.23 14.97 3.32 -4.1 -1.38 -11.54 -3.4 -12.28 15.68 -2.53 -13.41 6.74 -1.12 -1.5 0 -0 0 -22.43 -65.98 14.99 156.55 -34.57 -112.61 -0 0 -44.47 24 22.55 9.69 -7.12 0 -0 -5.27 54.35 -1.21 0 -0 0 70.26 -1.13 69.96 -40.63 48.44 -18.91 0 -0 -19.29 -19.69 3.17 -1.13 7.12 -0 -0 5.27 -26.61 2.36
0.66 9.87 -7.13 2.41 -25.82 -30.09 0 0 0 -0.33 23.4 -99.32 35.91 12.28 143.28 0.74 -5.17 18.97 0.05 -1.49 -4.11 0 0 0 -4.79 5.45 -69.81 -20.94 -19.98 92.74 -0.22 1.84 9.76 -0.16 -2.61 7.19 -5.9 -3.71 36.69 -1.86 -7.37 15.06 3.46 -4.2 -1.18 -11.77 -3.21 -12.48 16.2 -2.24 -12.94 6.95 -0.95 -1.35 -0 -0 0 -20.13 -64.63 12.27 155.17 -36.02 -111.81 -0 0 -42.3 23.59 22.1 9.33 -7.12 0 -0 -5.55 53.79 -1.2 -0 -0 0 70.01 -1.09 69.86 -40.71 48.49 -18.97 0 -0 -19.98 -18.12 2.35 -0.77 7.12 -0 -0 6.51 -27.49 2.79
0.66 9.84 -7.14 2.55 -25.92 -30.84 0 0 0 -0.02 21.59 -99.24 35.59 12.69 141.77 1.15 -3.49 21.78 0 -0.33 -0.91 0 0 0 -4.7 5.43 -69.34 -20.95 -19.98 92.79 -0.23 1.87 9.88 -0.16 -2.55 7.02 -5.65 -3.61 36.66 -1.61 -7.14 14.63 3.56 -4.05 -1.66 -11.82 -3.27 -12.19 15.87 -2.45 -11.6 6.82 -1.02 -0.99 -0 0 0 -19.75 -63.74 11.66 153.07 -38.11 -110.54 -0 0 -40.74 24.27 22.14 9.64 -7.12 0 -0 -4.86 53.96 -1.07 -0 0 0 69.56 -2.06 69.56 -40.6 48.42 -18.89 0 -0 -20.28 -17.98 2.33 -0.76 7.12 -0 -0 6.61 -27.51 2.83
0.69 9.86 -7.21 2.38 -25.95 -31.59 0 0 0 0.8 18.87 -98.04 35.02 13.36 139.27 1.54 -1.76 24.11 0 0.2 0.56 0 0 0 -4.17 5.31 -68.23 -20.72 -19.99 92.11 -0.25 1.83 10.22 -0.13 -2.28 6.29 -5.53 -3.48 36.39 -1.14 -6.9 14.53 3.91 -3.94 -1.65 -12.43 -3.28 -12.05 15.88 -2.48 -10.44 6.9 -0.99 -0.66 -0 0 0 -18.85 -62.38 10.13 150.57 -40.4 -108.96 -0 0 -39.58 24.02 22.17 9.55 -7.12 0 -0 -5.13 53.95 -1.13 -0 0 0 68.72 -2.45 69.59 -40.56 48.4 -18.86 0 -0 -20.39 -18.03 2.12 -0.69 7.12 -0 -0 6.59 -27.73 2.78
0.7 9.84 -7.24 2.2 -26.17 -32.3 0 0 0 1.96 16.4 -97.03 34.44 13.99 136.8 1.79 -0.19 25.37 0 0.06 0.18 0 0 0 -3.74 5.47 -67.52 -20.71 -19.99 92.09 -0.25 1.69 10.21 -0.12 -2.23 6.15 -4.56 -3.2 35.84 -1.27 -6.2 14.57 3.03 -3.54 -1.6 -11.11 -3.5 -11.72 15.41 -3.05 -9.34 6.48 -1.3 -0.34 0 0 0 -17.52 -61.79 9.59 147.92 -42.61 -107.21 -0 0 -39.08 24.39 22.35 9.78 -7.12 0 -0 -4.81 54.21 -1.09 0 0 0 69.71 -3.06 68.25 -39.94 48.03 -18.39 0 -0 -20.36 -17.24 1.9 -0.59 7.12 -0 -0 7.2 -27.97 3.01
0.71 9.82 -7.25 2.27 -26.37 -33.23 0 0 0 2.79 14.76 -95.02 33.88 14.54 134.53 1.67 -0.14 24.49 0.01 0.65 1.78 0 0 0 -3.6 5.7 -66.69 -20.72 -19.99 92.09 -0.26 1.38 10.3 -0.14 -2.41 6.64 -4.48 -3.03 35.47 -1.06 -5.94 14.46 3.12 -3.41 -1.6 -11 -3.44 -11.29 14.97 -3.1 -8.09 6.3 -1.32 -0.06 -0 -0 0 -17.2 -59.33 9.29 146.2 -43.94 -106.03 -0 0 -38.31 24.89 22.88 10.23 -7.12 0 -0 -4.45 54.88 -1.08 -0 -0 0 69.09 -3.47 68.83 -39.72 47.91 -18.23 0 -0 -19.37 -18.38 1.41 -0.47 7.12 -0 -0 6.36 -28.47 2.57
0.7 9.76 -7.24 1.77 -26.75 -33.61 0 0 0 4.33 13.41 -93.71 33.39 14.99 132.63 1.32 -1.8 22.46 0.01 0.61 1.68 0 0 0 -3.1 6.22 -66.45 -20.88 -19.98 92.56 -0.28 0.83 10.36 -0.17 -2.68 7.4 -3.73 -3 34.96 -0.79 -5.62 14.39 2.89 -3.22 -1.56 -10.83 -3.51 -11.16 14.57 -3.33 -6.91 6.12 -1.41 0.28 0 -0 0 -17.6 -56.6 9.64 145.08 -44.75 -105.25 -0 0 -37.46 24.66 22.83 10.1 -7.12 0 -0 -4.67 54.77 -1.12 0 -0 0 69.15 -3.49 68.45 -38.86 47.38 -17.6 0 -0 -19.2 -18.66 1 -0.34 7.12 -0 -0 6.16 -28.91 2.43
0.74 9.78 -7.29 3.48 -25.67 -35.68 0 0 0 2.64 10.18 -89.89 32.64 15.62 129.79 0.77 -3.5 18.18 0 0.18 0.49 0 0 0 -5.31 5.97 -65 -20.79 -19.99 92.3 -0.32 0.97 11.12 -0.16 -2.6 7.18 -5.15 -2.66 34.74 -1.19 -5.65 14.44 3.2 -3.3 -1.33 -10.51 -3.42 -11.14 14.16 -3.34 -5.55 5.92 -1.4 0.65 0 0 0 -18.84 -52.99 10.86 144.88 -44.89 -105.1 -0 0 -36.22 24.37 22.22 9.72 -7.12 0 -0 -4.79 54.07 -1.07 0 0 0 69.09 -3.91 68.15 -38.7 47.28 -17.48 0 -0 -19.89 -17.19 0.77 -0.24 7.12 -0 -0 7.32 -29.14 2.85
0.76 9.78 -7.31 3.28 -25.68 -36.56 0 0 0 3.19 8.61 -87.5 32.03 16.09 127.56 0.48 -5.32 16.08 0 0.04 0.12 0 0 0 -5.53 6.38 -64.02 -20.73 -19.99 92.15 -0.4 0.93 12.36 -0.14 -2.43 6.7 -4.96 -2.54 34.65 -0.94 -5.43 14.37 3.3 -3.19 -1.4 -10.54 -3.38 -11.13 13.8 -3.38 -4.2 5.79 -1.4 1.04 -0 -0 0 -21.11 -49.22 12.46 145.3 -44.6 -105.4 -0 0 -34.41 23.74 22.09 9.39 -7.12 0 -0 -5.39 53.81 -1.17 -0 -0 0 68.66 -4.72 67.82 -39.18 47.58 -17.83 0 -0 -20.19 -17.16 0.61 -0.19 7.12 -0 -0 7.36 -29.31 2.83
0.76 9.72 -7.29 2.33 -26.01 -36.53 0 0 0 4.47 7.63 -86.65 31.62 16.39 126.09 0.39 -6.24 15.7 0 0.21 0.58 0 0 0 -5.24 6.85 -63.95 -20.85 -19.98 92.48 -0.51 0.41 13.63 -0.14 -2.41 6.64 -3.97 -2.64 34.06 -0.62 -5.18 14.25 3.03 -3.02 -1.39 -10.11 -3.43 -11.15 13.44 -3.58 -3 5.59 -1.48 1.39 0 0 0 -23.54 -45.42 13.87 145.71 -44.3 -105.68 -0 0 -32.35 23.4 22.3 9.33 -7.12 0 -0 -5.81 53.97 -1.28 0 0 0 68.57 -5.55 67.31 -39.39 47.7 -17.98 0 -0 -20.22 -17.77 0.34 -0.11 7.12 -0 -0 6.89 -29.59 2.61
0.77 9.7 -7.29 2.02 -26.28 -36.9 0 0 0 4.93 6.75 -85.27 31.2 16.67 124.62 0.29 -6.77 14.89 0 0.27 0.74 0 0 0 -5.49 7.58 -63.56 -20.87 -19.98 92.55 -0.65 -1.71 14.69 -0.34 -3.73 10.31 -3.62 -2.48 33.28 -0.44 -4.82 14.18 2.9 -2.83 -1.23 -10.19 -3.4 -10.78 13.72 -3.64 -2.02 5.68 -1.5 1.64 0 -0 0 -26.94 -41.27 15.06 146.05 -44.05 -105.92 -0 0 -29.92 22.71 21.3 8.64 -7.12 0 -0 -6.2 52.79 -1.19 0 -0 0 68.46 -6.29 67.02 -39.47 47.76 -18.05 0 -0 -20.35 -18.32 0.44 -0.15 7.12 -0 -0 6.46 -29.48 2.46
0.77 9.66 -7.29 1.96 -26.33 -37.54 0 0 0 4.84 6.54 -83.77 31 16.81 123.92 0.11 -8.12 13.59 0.01 0.77 2.1 0 0 0 -6.33 8.19 -63.24 -20.98 -19.98 92.85 -0.78 -0.27 16.6 -0.13 -2.31 6.37 -3.64 -2.17 32.54 -0.32 -4.37 14.26 3.12 -2.61 -1.18 -9.85 -3.53 -10.67 13.23 -3.96 -0.51 5.45 -1.65 2.08 0 0 0 -31.18 -37.03 16.32 146.04 -44.06 -105.91 -0 0 -28.67 22.29 19.49 7.79 -7.12 0 -0 -6.07 50.81 -0.87 0 0 0 68.38 -7.24 66.41 -39.42 47.73 -18.01 0 -0 -20.79 -18.29 0.9 -0.3 7.12 -0 -0 6.45 -29 2.53
0.81 9.64 -7.3 1.88 -26.32 -38.43 0 0 0 4.64 5.85 -81.78 30.77 16.96 123.11 0.02 -8.64 12.71 0 -0.08 -0.22 0 0 0 -7.06 8.74 -62.4 -21.01 -19.98 92.94 -0.85 -0.65 17.2 -0 0.05 -0.14 -3.59 -2.06 32.66 -0.29 -4.21 14.14 3.09 -2.52 -1.38 -9.85 -3.61 -10.5 13.32 -4.19 0.71 5.46 -1.74 2.44 0 -0 0 -35.6 -32.16 16.22 146.04 -44.05 -105.92 -0 0 -27.95 22.95 20.77 8.54 -7.12 0 -0 -5.79 52.27 -1.04 0 -0 0 68.29 -7.93 66.24 -39.56 47.81 -18.11 0 -0 -20.82 -17.95 0.17 -0.06 7.12 -0 -0 6.76 -29.77 2.53
0.83 9.62 -7.3 2.22 -26.25 -39.24 0 0 0 4.14 5.23 -80.11 30.58 17.07 122.46 -0.05 -9.04 11.96 0 -0.03 -0.07 0 0 0 -8.04 9.02 -62.15 -21.21 -19.96 93.55 -0.64 -0.88 14.87 -0.23 3.1 -8.57 -3.69 -1.74 32.45 -0.45 -3.84 14.1 2.84 -2.33 -1.37 -9.73 -3.8 -10.33 13.7 -4.57 1.54 5.53 -1.91 2.72 -0 0 0 -40.14 -27.58 15.74 145.48 -44.46 -105.53 -0 0 -27.4 23.69 21.28 9.05 -7.12 0 -0 -5.19 52.95 -1.02 -0 0 0 68.56 -8.69 65.53 -39.84 47.98 -18.32 0 -0 -20.71 -18.01 0.12 -0.04 7.12 -0 -0 6.73 -29.82 2.51
0.86 9.61 -7.32 1.49 -26.85 -39.05 0 0 0 4.93 4.98 -79.24 30.41 17.17 121.88 -0.11 -9.62 11.65 0 -0.11 -0.29 0 0 0 -7.6 9.32 -62.47 -21.69 -19.93 94.95 -0.29 0.51 10.43 -0.16 2.58 -7.11 -2.98 -1.64 32.29 -0.16 -3.48 13.88 2.66 -2.11 -1.62 -9.32 -4.08 -11.15 13.16 -5.06 3.38 5.25 -2.11 3.42 -0 0 0 -45.57 -21.94 14.49 144.24 -45.35 -104.65 -0 0 -27.84 23.88 21.66 9.28 -7.12 0 -0 -5.12 53.38 -1.06 -0 0 0 68.7 -9.11 64.97 -39.6 47.83 -18.15 0 -0 -20.44 -17.59 0.22 -0.07 7.12 -0 -0 7.05 -29.71 2.65
0.88 9.6 -7.33 1.75 -26.57 -39.54 0 0 0 4.22 3.98 -77.76 30.25 17.27 121.36 -0.18 -9.89 10.47 0.01 -0.46 -1.26 0 0 0 -8.3 8.7 -62.74 -22.37 -19.86 96.95 -0.03 2.85 5.65 -0.3 3.52 -9.74 -3.28 -1.32 32.4 -0.17 -3.15 13.67 2.73 -1.94 -1.9 -9.66 -4.22 -10.2 13.67 -5.32 3.29 5.46 -2.25 3.3 0 0 0 -51.5 -16.49 13.36 141.51 -47.15 -102.68 -0 0 -27.73 25.33 20.11 9.24 -7.12 0 -0 -3.2 52.01 -0.55 0 0 0 68.79 -9.91 64.52 -39.66 47.87 -18.19 0 -0 -20.62 -17.91 -0 0 7.12 -0 -0 6.82 -29.95 2.52
0.91 9.59 -7.33 1.95 -26.47 -40.04 0 0 0 3.76 3.13 -76.21 30.1 17.36 120.83 -0.23 -9.96 9.35 0 -0.27 -0.74 0 0 0 -8.36 7.77 -62.93 -23.23 -19.75 99.49 0.02 2.64 0.93 -0.46 4.37 -12.12 -3.46 -1.08 32.6 -0.24 -2.9 13.62 2.68 -1.82 -2.05 -9.37 -4.38 -10.57 13.35 -5.61 4.45 5.28 -2.37 3.72 0 -0 0 -57.53 -10.84 11.09 137.56 -49.45 -99.73 -0 0 -30.08 26.74 21.81 10.6 -7.12 0 -0 -2.19 54.1 -0.49 0 -0 0 68.87 -10.41 64.36 -39.71 47.9 -18.22 0 -0 -20.93 -17.58 0.24 -0.08 7.12 -0 -0 7.06 -29.69 2.65
0.92 9.59 -7.36 1.47 -26.86 -40.01 0 0 0 4.16 2.65 -74.89 29.95 17.44 120.36 -0.3 -10.42 8.16 0 -0.31 -0.84 0 0 0 -7.65 7.25 -63.24 -24.15 -19.58 102.21 -0.03 -0.2 -3.15 -0.15 2.51 -6.91 -2.98 -0.83 32.87 -0.08 -2.45 13.61 2.44 -1.57 -2.22 -9.6 -4.58 -10.64 13.71 -5.94 5.11 5.41 -2.51 3.99 0 0 0 -63.1 -6.21 8.9 129.89 -53.04 -93.74 -0 0 -32.46 29.46 20.99 11.44 -7.12 0 -0 0.88 53.76 0.19 0 0 0 69.38 -10.62 63.7 -39.29 47.64 -17.91 0 -0 -21.28 -17.81 0.23 -0.07 7.12 -0 -0 6.87 -29.7 2.58
0.96 9.62 -7.41 1.49 -26.88 -40.09 0 0 0 3.68 1.73 -73.44 29.69 17.58 119.49 -0.3 -10.1 6.93 0.01 -0.57 -1.56 0 0 0 -7.61 6.52 -63.53 -24.98 -19.39 104.71 -0.06 -2.54 -6.4 -0.11 2.18 -5.99 -3.01 -0.58 33.54 0.01 -2.17 13.28 2.29 -1.43 -2.46 -9.37 -4.53 -11.29 13.15 -5.95 6.48 5.18 -2.48 4.48 0 -0 0 -68.55 -1.82 6.68 118.09 -56.8 -84.06 -0 0 -35.21 30.73 22.23 12.68 -7.12 0 -0 2 55.4 0.51 0 -0 0 69.68 -10.83 63.41 -39.1 47.53 -17.77 0 -0 -21.72 -18.61 0.47 -0.16 7.12 -0 -0 6.23 -29.45 2.37
0.95 9.59 -7.39 1.18 -27.12 -39.88 0 0 0 4.01 1.61 -72.86 29.66 17.6 119.39 -0.33 -10.41 6.42 0 -0.33 -0.91 0 0 0 -7.5 5.66 -64.32 -26.05 -19.1 107.95 -0.11 -4.26 -9.29 -0.03 1.15 -3.15 -2.68 -0.46 33.82 0.1 -1.92 13.18 2.13 -1.29 -2.7 -8.84 -4.12 -12 11.68 -5.39 7.94 4.67 -2.23 4.92 0 -0 0 -73.04 2.21 4.98 99.76 -59.64 -68.45 -0 0 -34.22 31.94 22.9 13.64 -7.12 0 -0 3.21 56.42 0.9 0 -0 0 69.95 -11.11 63.03 -38.97 47.45 -17.68 0 -0 -21.8 -18.6 0.23 -0.08 7.12 -0 -0 6.25 -29.7 2.35
0.97 9.62 -7.42 1.26 -27.16 -39.87 0 0 0 3.59 1.29 -71.77 29.48 17.69 118.79 -0.34 -10.4 5.5 0.01 -0.49 -1.35 0 0 0 -7.6 4.77 -64.56 -26.9 -18.82 110.58 -0.14 -6.51 -12.21 -0.01 -0.75 2.07 -2.67 -0.26 34.24 -0.01 -1.68 13.15 1.95 -1.16 -2.89 -7.81 -3.39 -13 9.68 -4.34 9.19 3.95 -1.76 5.28 -0 0 0 -76.18 5.23 4.42 75.77 -59.22 -47.71 -0 0 -26.41 32.8 24.47 14.94 -7.12 0 -0 3.87 58.37 1.27 -0 0 0 70.35 -11.25 62.74 -38.95 47.43 -17.66 0 -0 -22.04 -18.98 -0.14 0.05 7.12 -0 -0 5.98 -30.1 2.18
0.97 9.62 -7.41 1.08 -27.36 -39.3 0 0 0 3.78 1.1 -71.79 29.41 17.73 118.57 -0.37 -10.78 5.27 0 -0.04 -0.1 0 0 0 -7.41 3.49 -65.44 -27.77 -18.49 113.28 -0.16 -8.26 -14.54 -0.07 -1.75 4.83 -2.49 -0.17 34.39 0.02 -1.51 13.14 1.83 -1.07 -2.96 -6.99 -2.54 -14.69 7.66 -3.06 10.65 3.29 -1.2 5.85 -0 -0 0 -78.4 8.12 6.2 56.47 -55.29 -31.42 -0 0 -22.26 32.73 30.19 17.91 -7.12 0 -0 2.07 64.64 0.99 -0 -0 0 70.7 -11 62.45 -38.3 47.03 -17.18 0 -0 -21.78 -18.74 0.38 -0.13 7.12 -0 -0 6.14 -29.55 2.33
0.97 9.64 -7.41 1.4 -27.33 -39.35 0 0 0 3.46 0.98 -71.12 29.29 17.79 118.16 -0.39 -11.05 4.9 0.06 1.58 4.35 0 0 0 -7.91 2.21 -65.72 -28.52 -18.16 115.67 -0.27 -8.74 -16.65 -0.13 -2.34 6.45 -2.7 -0.07 34.81 -0.44 -1.51 13.47 1.46 -1.07 -2.75 -6.71 -2.02 -15.8 6.93 -2.23 10.7 3.09 -0.82 5.98 0 -0 0 -78.95 10.85 11.29 44.75 -50.65 -22.05 -0 0 -25.39 28.84 38.69 18.99 -7.12 0 -0 -9.98 72.2 -6.47 0 -0 0 71.25 -10.46 62.84 -38.19 46.96 -17.11 0 -0 -22.39 -21.06 0.35 -0.13 7.12 -0 -0 4.33 -29.59 1.63
0.97 9.65 -7.4 1.87 -27.14 -39.42 0 0 0 3.02 0.75 -70.6 29.23 17.82 117.96 -0.37 -10.73 5.23 0.14 2.42 6.66 0 0 0 -8.81 0.92 -65.93 -29.14 -17.87 117.67 -0.41 -8.18 -17.74 -0.14 -2.45 6.75 -3.34 0.27 35.51 -0.68 -1.35 13.59 1.5 -1.02 -2.86 -6.7 -1.94 -16.51 6.24 -1.99 10.63 2.89 -0.74 6.05 0 0 0 -79.16 13.65 19.96 37.9 -46.77 -16.89 -0 0 -31.93 21.89 42.33 15.14 -7.12 0 -0 -25.51 73.09 -17.28 0 0 0 71.41 -10.45 63.06 -38.44 47.12 -17.29 0 -0 -23.43 -21.78 0.67 -0.27 7.12 -0 -0 3.75 -29.25 1.44
0.96 9.66 -7.38 0.88 -27.82 -37.77 0 0 0 4.59 0.97 -71.78 29.31 17.78 118.24 -0.46 -11.92 4.49 0.14 2.38 6.55 0 0 0 -7.84 0.27 -67.06 -29.59 -17.63 119.16 -0.57 -7.4 -18.81 -0.17 -2.68 7.4 -2.56 0.24 35.42 -0.61 -1.11 13.56 1.08 -0.87 -2.89 -7 -2.01 -16.87 6.19 -1.96 10.29 2.92 -0.74 6 -0 -0 0 -79.39 16.34 29.08 35.73 -45.33 -15.33 -0 0 -35.64 16.49 42.44 11.29 -7.12 0 -0 -32.17 71.3 -20.81 -0 -0 0 71.48 -10.44 63.45 -39 47.46 -17.7 0 -0 -24.84 -22.49 0.16 -0.07 7.12 -0 -0 3.21 -29.8 1.19
0.95 9.69 -7.36 1.13 -27.59 -37.62 0 0 0 4.4 0.5 -71.15 29.24 17.82 117.99 -0.49 -12.31 3.17 0.13 2.3 6.34 0 0 0 -8.58 -0.86 -66.95 -29.95 -17.44 120.33 -0.71 -6.17 -19.31 -0.11 -2.1 5.78 -3.03 0.52 36.15 -0.97 -0.99 13.75 0.91 -0.82 -2.92 -7.24 -2.09 -17.08 6.6 -2.05 9.81 3.08 -0.75 5.89 0 -0 0 -80.23 18.7 35.72 36.93 -46.14 -16.19 -0 0 -40.24 17.8 38.37 11.27 -7.12 0 -0 -23.97 68.31 -13.71 0 -0 0 71.77 -10.15 63.78 -39.11 47.54 -17.78 0 -0 -26.01 -21.71 1.5 -0.6 7.12 -0 -0 3.77 -28.36 1.53
0.95 9.72 -7.35 0.84 -27.71 -36.68 0 0 0 4.97 0.27 -71.17 29.14 17.86 117.68 -0.47 -12.31 1.79 0.03 1.13 3.11 0 0 0 -8.58 -1.34 -67.37 -30.19 -17.3 121.16 -0.85 -5.23 -20.12 -0.08 -1.85 5.09 -3.06 0.73 36.61 -1.02 -0.76 13.72 0.79 -0.71 -2.98 -7.24 -2.16 -17.15 6.25 -2.08 9.4 2.96 -0.79 5.77 0 0 0 -82.22 20.51 37.35 39.67 -47.88 -18.2 -0 0 -47.93 18.48 39.71 12.05 -7.12 0 -0 -25.12 69.7 -15.17 0 0 0 71.58 -10.17 64.03 -39.89 48 -18.36 0 -0 -27.16 -21.47 1.8 -0.71 7.12 -0 -0 3.95 -28.04 1.63
0.94 9.74 -7.33 0.36 -27.73 -35.48 0 0 0 5.68 -0.21 -71.22 29.07 17.9 117.44 -0.51 -12.87 1.54 0.04 1.24 3.42 0 0 0 -8.27 -1.67 -67.79 -30.38 -17.19 121.78 -1.05 -4.41 -21.45 -0.09 -1.9 5.23 -2.91 0.96 37.18 -0.96 -0.44 13.51 0.67 -0.53 -3.41 -7.22 -2.15 -16.77 6.09 -2.06 9.08 2.91 -0.8 5.61 -0 -0 0 -84.05 21.46 35.42 41.58 -48.98 -19.62 -0 0 -50.2 23.68 44.65 17.13 -7.12 0 -0 -28.5 75.66 -20.91 -0 -0 0 71.5 -10.7 64.02 -40.64 48.45 -18.92 0 -0 -27.95 -20.57 2.42 -0.91 7.12 -0 -0 4.63 -27.39 1.99
0.92 9.78 -7.28 0.84 -27.68 -34.73 0 0 0 5.38 -0.49 -70.61 28.94 17.96 117.03 -0.51 -13.27 0.34 0.04 1.21 3.34 0 0 0 -8.8 -1.82 -68.18 -30.5 -17.12 122.21 -1.21 -3.45 -22.3 -0.06 -1.56 4.29 -3.17 1.44 37.12 -1.16 0.07 13.54 0.42 -0.28 -3.36 -7.27 -2.11 -16.24 5.98 -2.01 8.93 2.88 -0.79 5.47 0 -0 0 -84.14 21.54 33.55 43.18 -49.84 -20.84 -0 0 -47.51 20.6 40.52 13.73 -7.12 0 -0 -23.83 71.1 -15.09 0 -0 0 71.84 -10.97 63.61 -40.79 48.53 -19.03 0 -0 -28.8 -20.92 2.32 -0.89 7.12 -0 -0 4.36 -27.49 1.86
0.9 9.81 -7.24 0.5 -27.3 -33.6 0 0 0 5.52 -1.22 -70.07 28.77 18.05 116.47 -0.51 -13.65 -0.84 0.02 0.85 2.34 0 0 0 -8.56 -2.44 -68.16 -30.57 -17.08 122.42 -1.37 -2.69 -23.22 -0.03 -1.14 3.14 -3.07 1.61 37.37 -0.97 0.32 13.51 0.48 -0.15 -3.49 -7.58 -1.98 -15.58 5.67 -1.77 8.87 2.86 -0.72 5.33 -0 0 0 -82.49 21.11 36.37 43.89 -50.21 -21.38 -0 0 -49.87 20.05 41.49 13.59 -7.12 0 -0 -26.19 71.74 -17.01 -0 0 0 71.78 -11.19 63.56 -40.74 48.5 -18.99 0 -0 -30.21 -22.08 1.93 -0.78 7.12 -0 -0 3.47 -27.89 1.45
0.88 9.84 -7.2 0.14 -27.33 -32.16 0 0 0 5.92 -1.46 -69.64 28.61 18.12 115.97 -0.52 -14.22 -1.61 0.03 1.13 3.1 0 0 0 -7.82 -2.15 -68.31 -30.52 -17.1 122.28 -1.48 -2.33 -23.89 -0.03 -1.08 2.97 -2.76 1.75 37.19 -0.82 0.64 13.36 0.37 0.02 -3.59 -7.86 -1.75 -14.48 5.64 -1.48 8.87 2.92 -0.61 5.13 -0 0 0 -80.04 20.8 41.16 44.02 -50.28 -21.48 -0 0 -53.47 20.88 42.32 14.4 -7.12 0 -0 -26.76 72.73 -17.96 -0 0 0 71.45 -11.49 64.22 -40.55 48.39 -18.85 0 -0 -31.07 -23 2.14 -0.91 7.12 -0 -0 2.76 -27.65 1.17
0.85 9.87 -7.15 -0.08 -27.01 -31 0 0 0 5.85 -1.99 -68.86 28.39 18.22 115.25 -0.52 -14.56 -2.44 0.02 0.86 2.36 0 0 0 -7.41 -1.93 -67.75 -30.37 -17.2 121.75 -1.52 -1.29 -23.79 -0.01 -0.57 1.56 -2.77 1.79 37.34 -0.81 0.69 13.46 0.37 0.04 -3.53 -7.82 -1.57 -13.99 5.54 -1.28 8.87 2.9 -0.52 5.03 -0 0 0 -77.58 20 44.98 44.18 -50.36 -21.61 -0 0 -56.65 21.08 42.54 14.61 -7.12 0 -0 -26.94 72.98 -18.23 -0 0 0 71.31 -10.56 64.95 -39.52 47.78 -18.08 0 -0 -31.95 -23.64 2.21 -0.96 7.12 -0 -0 2.27 -27.57 0.96
0.82 9.91 -7.09 -0.5 -26.88 -29.34 0 0 0 6.04 -2.35 -68.23 28.05 18.37 114.16 -0.54 -15.09 -2.93 0.03 1.2 3.31 0 0 0 -6.71 -1.19 -67.18 -30 -17.41 120.51 -1.44 0.63 -22.52 -0 0.05 -0.14 -2.62 1.77 37.26 -0.76 0.72 13.48 0.33 0.06 -3.49 -7.8 -1.55 -13.66 5.63 -1.29 8.93 2.92 -0.52 5 0 0 0 -75.48 19.51 48.22 44.53 -50.54 -21.88 -0 0 -58.89 20.74 42.02 14.22 -7.12 0 -0 -26.34 72.43 -17.5 0 0 0 70.89 -9.64 65.61 -38.9 47.4 -17.62 0 -0 -32.65 -22.98 2.07 -0.88 7.12 -0 -0 2.78 -27.73 1.17
0.8 9.95 -7.03 -0.48 -26.2 -27.76 0 0 0 5.33 -3.14 -67.71 27.61 18.55 112.78 -0.5 -15.19 -3.73 0.01 0.57 1.58 0 0 0 -6.72 -0.74 -66.31 -29.38 -17.74 118.46 -1.3 3.1 -20.73 -0.01 0.76 -2.1 -2.78 1.67 37.51 -0.84 0.53 13.57 0.39 -0.03 -3.47 -7.79 -1.65 -13.35 5.69 -1.44 8.41 2.92 -0.59 4.8 0 0 0 -74.06 18.69 50.83 44.45 -50.5 -21.82 -0 0 -60.4 22.12 40.7 14.84 -7.12 0 -0 -22.24 71.77 -14.38 0 0 0 70.58 -8.6 65.72 -38.12 46.92 -17.06 0 -0 -32.46 -22.6 2.92 -1.22 7.12 -0 -0 3.06 -26.81 1.35
0.75 9.96 -6.94 -0.51 -25.87 -25.85 0 0 0 5.17 -3.45 -67.9 27.31 18.67 111.85 -0.39 -15.98 -6.55 0 -0.17 -0.46 0 0 0 -6.87 -0.43 -66.78 -29.17 -17.85 117.78 -1.28 3.58 -20.48 -0.02 0.86 -2.37 -3.16 1.81 37.84 -0.69 0.57 13.47 0.72 -0.03 -3.68 -7.9 -1.87 -13.13 5.73 -1.72 7.84 2.93 -0.73 4.6 0 0 0 -73.18 17.91 51.97 44.05 -50.29 -21.5 -0 0 -57.7 14.18 45.62 10.24 -7.12 0 -0 -41.68 72.83 -28.84 0 0 0 70.16 -7.9 65.62 -37.24 46.35 -16.42 0 -0 -32.33 -22.5 2.92 -1.21 7.12 -0 -0 3.13 -26.81 1.38
0.73 10.05 -6.87 -1.02 -25.53 -23.82 0 0 0 5.6 -3.59 -70.13 27.45 18.61 112.29 -0.46 -16.11 -5.67 0 -0 -0.01 0 0 0 -6.73 -0.42 -68.44 -29.23 -17.82 117.96 -1.23 3.31 -20.09 -0.01 0.76 -2.09 -2.6 1.63 38.38 -0.65 0.52 13.49 0.49 -0.03 -3.84 -7.89 -1.89 -12.98 5.94 -1.77 7.19 2.99 -0.74 4.39 -0 0 0 -72.18 17.54 54.66 44.5 -50.52 -21.85 -0 0 -61.04 22.52 39.76 14.85 -7.12 0 -0 -20.19 71.06 -12.71 -0 0 0 69.85 -7.42 65.23 -36.54 45.88 -15.91 0 -0 -32.33 -22.87 1.93 -0.81 7.12 -0 -0 2.86 -27.88 1.19
0.7 10.09 -6.77 -0.8 -25.25 -22.05 0 0 0 5.33 -3.78 -72.08 27.47 18.61 112.34 -0.44 -15.47 -5.25 0.01 0.57 1.55 0 0 0 -6.9 -0.6 -70.34 -29.23 -17.82 117.96 -1.17 1.84 -19.94 -0.01 0.55 -1.51 -2.6 1.71 38.91 -0.72 0.6 13.52 0.38 0.01 -3.98 -7.7 -2 -13.16 5.98 -1.94 7.18 2.96 -0.81 4.42 -0 -0 0 -70.77 16.73 57.56 44.09 -50.32 -21.54 -0 0 -60.85 23.05 36.5 14.21 -7.12 0 -0 -15.25 68.21 -8.58 -0 -0 0 69.37 -7 64.87 -35.79 45.37 -15.38 0 -0 -32.45 -23.3 1.62 -0.7 7.12 -0 -0 2.54 -28.21 1.04
0.66 10.12 -6.66 -0.27 -25.06 -19.96 0 0 0 4.95 -3.86 -73.99 27.51 18.59 112.46 -0.41 -15.71 -5.93 0.01 0.6 1.66 0 0 0 -7.52 -0.58 -72.51 -29.32 -17.77 118.26 -1.24 1.32 -20.62 -0 -0.06 0.17 -2.85 1.86 39.25 -0.83 0.67 13.49 0.38 0.04 -4.11 -7.92 -2 -13.07 6.14 -1.92 7.04 3.04 -0.8 4.37 -0 0 0 -70.43 16.08 58.19 44.5 -50.52 -21.86 -0 0 -59.03 21.21 37.72 13.35 -7.12 0 -0 -19.01 68.78 -10.99 -0 0 0 68.73 -6.45 64.65 -35.22 44.97 -14.97 0 -0 -32.63 -22.79 1.49 -0.63 7.12 -0 -0 2.93 -28.35 1.19
0.61 10.17 -6.55 -0.18 -24.81 -18.03 0 0 0 4.91 -3.98 -75.72 27.56 18.57 112.63 -0.39 -15.95 -6.55 0 0.36 0.99 0 0 0 -7.9 -0.36 -73.91 -29.37 -17.75 118.42 -1.3 1.1 -21.22 -0 0.17 -0.46 -2.62 1.91 40.06 -0.77 0.78 13.67 0.27 0.1 -4.16 -7.93 -1.97 -13 5.92 -1.87 7.15 2.98 -0.79 4.38 -0 -0 0 -70.22 15.07 58.94 44.88 -50.71 -22.15 -0 0 -57.2 20.23 38.07 12.8 -7.12 0 -0 -20.67 68.8 -11.98 -0 -0 0 68.17 -5.56 63.91 -34.09 44.15 -14.18 0 -0 -32.83 -23.28 2.37 -1.02 7.12 -0 -0 2.54 -27.4 1.09
0.54 10.18 -6.43 -0.15 -24.54 -15.56 0 0 0 5.19 -4.27 -78.24 27.69 18.52 113.03 -0.41 -16.35 -6.62 0.02 0.8 2.19 0 0 0 -8.36 -0.15 -76.17 -29.49 -17.69 118.82 -1.33 1.27 -21.46 -0 0.15 -0.41 -2.48 1.92 40.56 -0.74 0.83 13.81 0.21 0.13 -4.16 -7.82 -1.87 -12.98 5.74 -1.75 7.84 2.92 -0.74 4.58 0 -0 0 -70.26 14.04 59.1 44.97 -50.75 -22.22 -0 0 -55.52 20.03 37.17 12.42 -7.12 0 -0 -19.75 67.91 -11.04 0 -0 0 67.58 -4.23 63.25 -32.7 43.09 -13.21 0 -0 -32.44 -24.21 3.67 -1.65 7.12 -0 -0 1.83 -25.96 0.84
0.49 10.28 -6.35 -0.58 -24.43 -12.73 0 0 0 5.75 -4.63 -80.44 27.56 18.57 112.64 -0.3 -15.99 -7.73 0 -0.21 -0.59 0 0 0 -7.86 0.89 -77.87 -29.41 -17.73 118.54 -1.44 1.03 -22.35 -0 -0.18 0.5 -2.07 1.95 41.22 -0.56 1.01 13.53 0.11 0.23 -4.66 -7.93 -1.62 -12.28 5.91 -1.5 9.17 3.02 -0.63 4.86 -0 0 0 -70.46 13.78 59.32 45.29 -50.91 -22.46 -0 0 -53.1 20.68 36.62 12.69 -7.12 0 -0 -18.32 67.6 -10.09 -0 0 0 66.82 -3.5 62.49 -31.61 42.24 -12.48 0 -0 -31.68 -23.58 3.03 -1.32 7.12 -0 -0 2.31 -26.68 1.03
0.4 10.31 -6.22 -0.35 -24.31 -10.44 0 0 0 6.03 -4.73 -82.44 27.67 18.53 112.96 -0.32 -16.49 -8.05 0 0.25 0.68 0 0 0 -8.26 1.17 -80 -29.53 -17.67 118.94 -1.54 1.05 -23.19 -0 -0.11 0.29 -2.09 2.1 42.63 -0.68 1.13 13.27 -0.06 0.3 -5.35 -7.69 -1.51 -12.28 6.14 -1.49 10.86 3.06 -0.61 5.39 -0 0 0 -69.62 12.57 61.51 44.12 -50.33 -21.56 -0 0 -52.23 21.47 35.04 12.72 -7.12 0 -0 -15.67 66.35 -8.16 -0 0 0 66.22 -2.6 61.42 -31.04 41.77 -12.1 0 -0 -30.42 -23.52 1.77 -0.77 7.12 -0 -0 2.36 -28.05 0.98
0.33 10.45 -6.12 0.07 -24.08 -8.13 0 0 0 5.82 -5.35 -83.96 27.35 18.65 111.98 -0.26 -15.88 -8.24 0 0.29 0.8 0 0 0 -8.63 1.6 -81.45 -29.32 -17.77 118.27 -1.59 1.27 -23.5 -0.02 0.86 -2.36 -2.33 2.29 43.77 -0.7 1.21 13.13 -0.02 0.34 -5.82 -7.67 -1.45 -12.29 6.46 -1.48 11.59 3.17 -0.59 5.62 0 0 0 -70.03 11.43 61.47 42.69 -49.59 -20.47 -0 0 -52.25 21.79 33.85 12.56 -7.12 0 -0 -14.16 65.3 -7.01 0 0 0 65.08 -1.74 60.46 -30.75 41.52 -11.9 0 -0 -28.72 -25.13 2.67 -1.25 7.12 -0 -0 1.12 -27.03 0.49
0.25 10.57 -6 0.13 -23.95 -5.96 0 0 0 5.96 -5.57 -85.28 27.2 18.71 111.51 -0.18 -15.68 -9.04 0.04 -1.28 -3.52 0 0 0 -8.62 2.02 -82.65 -29.18 -17.85 117.81 -1.64 0.43 -24.13 -0.05 1.4 -3.85 -2.37 2.31 45.06 -0.84 1.14 13.08 -0.14 0.3 -6.21 -7.09 -1.27 -12.41 6.43 -1.33 11.71 3.08 -0.49 5.66 0 -0 0 -70.55 10.24 60.62 40.67 -48.46 -18.94 -0 0 -52.29 23.06 31.9 12.68 -7.12 0 -0 -11.06 63.73 -5.06 0 -0 0 63.94 -0.29 60.11 -30.78 41.55 -11.92 0 -0 -28.55 -12.36 1.13 -0.25 7.12 -0 -0 11.02 -28.75 4.44
0.15 10.64 -5.83 0.49 -23.32 -4.2 0 0 0 5.86 -6.53 -86.35 27.14 18.73 111.32 -0.09 -15.26 -9.68 0.08 -1.81 -4.97 0 0 0 -8.99 0.9 -83.7 -29.22 -17.82 117.95 -1.76 0.92 -24.8 -0.06 1.61 -4.43 -2.55 2.13 45.93 -0.96 0.81 13.21 -0.04 0.15 -6.27 -6.91 -1.32 -12.76 6.46 -1.44 12.41 3.06 -0.53 5.94 0 0 0 -71.28 9.02 59.57 38.89 -47.4 -17.62 -0 0 -52.12 22.3 31.23 12 -7.12 0 -0 -11.47 62.86 -5.01 0 0 0 62.68 1.8 59.01 -30.95 41.69 -12.03 0 -0 -25.9 -19.27 1.52 -0.53 7.12 -0 -0 5.66 -28.36 2.3
0.05 10.77 -5.68 0.86 -23.13 -3.15 0 0 0 5.59 -6.9 -86.22 27.01 18.78 110.91 -0.06 -15.37 -10.1 0.02 -0.81 -2.22 0 0 0 -9.04 0.62 -83.53 -29.14 -17.87 117.68 -1.89 0.99 -25.72 -0.08 1.84 -5.07 -3.04 2.09 46.63 -1.29 0.47 13.41 -0.02 -0.01 -6.21 -6.93 -1.21 -12.13 7.23 -1.43 12.31 3.31 -0.48 5.81 -0 0 0 -71.22 7.31 59.76 36.26 -45.69 -15.7 -0 0 -52.81 24.5 27.35 11.83 -7.12 0 -0 -6.66 59.47 -2.36 -0 0 0 62.2 3.86 57.84 -31.04 41.77 -12.1 0 -0 -24.48 -18.06 2.9 -0.94 7.12 -0 -0 6.52 -26.92 2.88
-0.03 10.97 -5.56 1.45 -22.57 -2.22 0 0 0 4.85 -7.87 -85.57 26.64 18.91 109.76 0.02 -15.2 -10.94 0.03 -1.08 -2.97 0 0 0 -9.08 0.05 -82.83 -28.83 -18.02 116.67 -1.95 0.73 -26.23 -0.09 1.9 -5.24 -3.36 2.01 46.97 -1.43 0.21 13.57 0.11 -0.13 -6.1 -6.65 -1.34 -12.33 7.05 -1.66 12.97 3.2 -0.59 6.06 -0 0 0 -71.59 5.03 59.27 33.42 -43.65 -13.71 -0 0 -52.46 23.79 26.73 11.21 -7.12 0 -0 -7.17 58.66 -2.4 -0 0 0 61.89 5.33 55.34 -31.16 41.86 -12.17 0 -0 -23.67 -18.96 3.94 -1.35 7.12 -0 -0 5.79 -25.81 2.71
-0.14 11.1 -5.39 1.73 -22.22 -1.32 0 0 0 4.55 -8.1 -85.29 26.5 18.96 109.32 0.04 -15.48 -11.34 0.01 -0.51 -1.39 0 0 0 -8.99 -0.41 -82.34 -28.71 -18.07 116.27 -2.08 0.85 -27.08 -0.1 1.99 -5.48 -3.44 2.07 47.15 -1.43 0.24 13.56 0.12 -0.11 -6.15 -6.28 -1.47 -12.77 7 -1.9 13.73 3.11 -0.68 6.4 0 -0 0 -71.98 2.73 59.23 30.15 -41.02 -11.51 -0 0 -50.58 21.08 26.21 9.66 -7.12 0 -0 -9.87 57.52 -3.04 0 -0 0 62.09 6.04 51.84 -31.6 42.23 -12.47 0 -0 -24.43 -20.45 2.74 -1.02 7.12 -0 -0 4.71 -27.05 2.06
-0.24 11.32 -5.25 1.82 -22.01 -0.1 0 0 0 4.26 -8.38 -84.64 26.03 19.1 107.89 0.09 -15.56 -11.82 0.01 0.55 1.51 0 0 0 -8.53 -0.37 -81.64 -28.32 -18.25 115.04 -2.2 0.67 -27.86 -0.11 2.16 -5.95 -3.15 1.95 46.59 -1.55 0.26 13.65 -0.16 -0.08 -5.93 -6.27 -1.55 -13.08 7.48 -2.08 13.85 3.24 -0.72 6.5 -0 -0 0 -72.42 -0.14 58.57 26.88 -38.06 -9.42 -0 0 -47.06 21.27 25.91 9.65 -7.12 0 -0 -9.52 57.26 -2.87 -0 -0 0 62.42 6.69 49.73 -31.89 42.46 -12.66 0 -0 -26.84 -23.08 2.92 -1.24 7.12 -0 -0 2.69 -26.81 1.19
-0.34 11.58 -5.12 2.23 -21.58 0.83 0 0 0 3.47 -8.81 -83.49 25.43 19.28 106.06 0.13 -15.68 -12.32 0 -0.21 -0.58 0 0 0 -8.27 -0.52 -80.46 -27.84 -18.46 113.5 -2.3 0.68 -28.55 -0.11 2.12 -5.84 -3.35 1.91 46.37 -1.54 0.16 13.33 0 -0.12 -6.23 -6.4 -1.71 -13.07 8.03 -2.39 14.33 3.42 -0.83 6.69 -0 0 0 -73.06 -2.13 57.04 24.03 -35.19 -7.72 -0 0 -41.21 16.87 28.8 8.31 -7.12 0 -0 -15.84 59.15 -5.56 -0 0 0 62.36 7.13 47.83 -31.91 42.48 -12.68 0 -0 -26.42 -22.87 3.12 -1.31 7.12 -0 -0 2.85 -26.59 1.27
-0.44 11.86 -5.02 2.22 -21.15 1.8 0 0 0 2.97 -9.01 -82.24 24.77 19.44 104.08 0.22 -15.33 -12.98 0.03 -1.19 -3.27 0 0 0 -7.48 -0.2 -79.06 -27.21 -18.7 111.54 -2.39 -0.03 -29.3 -0.12 2.2 -6.06 -2.98 1.72 46.05 -1.59 0.12 13.16 -0.22 -0.11 -6.35 -6.24 -1.92 -13.52 8.29 -2.77 15.07 3.45 -0.97 7.04 0 -0 0 -73.27 -4.08 55.46 22.24 -33.24 -6.71 -0 0 -32.95 19.35 31.83 10.49 -7.12 0 -0 -15.3 62.68 -6.65 0 -0 0 63.11 8.41 45.95 -31.25 41.94 -12.24 0 -0 -24.83 -24.36 4.09 -1.85 7.12 -0 -0 1.72 -25.49 0.81
-0.53 12.18 -4.92 2.25 -20.84 2.6 0 0 0 2.36 -9.35 -80.38 23.94 19.62 101.6 0.26 -15.25 -13.39 0.01 -0.71 -1.95 0 0 0 -6.7 0.39 -77.28 -26.45 -18.97 109.18 -2.46 -0.9 -30.01 -0.15 2.49 -6.86 -2.8 1.45 45.37 -1.48 -0.07 13.04 -0.11 -0.19 -6.32 -6.58 -1.93 -14.06 8.12 -2.72 16.2 3.48 -0.96 7.49 -0 0 0 -73.47 -5.53 54.67 20.82 -31.61 -5.95 -0 0 -27.07 24.43 33.09 13.93 -7.12 0 -0 -10.32 65.29 -5.09 -0 0 0 63.07 9.18 45.42 -31.09 41.81 -12.13 0 -0 -24.52 -23.2 2.78 -1.19 7.12 -0 -0 2.6 -26.96 1.14
-0.61 12.54 -4.82 2.45 -20.91 3.41 0 0 0 1.54 -9.46 -78.51 22.99 19.78 98.78 0.33 -14.77 -13.77 0.05 -1.38 -3.78 0 0 0 -6.03 1.3 -75.49 -25.54 -19.25 106.39 -2.44 -2.07 -30.32 -0.22 3 -8.28 -2.77 1.42 44.34 -1.48 -0.04 12.76 -0.13 -0.17 -6.36 -6.2 -2.1 -14.27 7.47 -2.97 17.44 3.19 -1.11 7.94 0 0 0 -73.25 -6.03 53.99 20.18 -30.86 -5.62 -0 0 -24.57 25.96 32.46 14.64 -7.12 0 -0 -7.94 65.09 -3.87 0 0 0 63.39 8.81 44.42 -31.41 42.07 -12.34 0 -0 -23.96 -23.26 3.45 -1.48 7.12 -0 -0 2.55 -26.23 1.16
-0.69 12.92 -4.72 2.36 -20.94 4.3 0 0 0 0.97 -9.55 -76.49 21.9 19.91 95.56 0.37 -14.38 -13.94 0.07 -1.7 -4.67 0 0 0 -5.03 2.27 -73.49 -24.47 -19.51 103.18 -2.4 -3.15 -30.52 -0.24 3.18 -8.79 -2.28 1.15 42.8 -1.36 -0.07 12.7 -0.23 -0.18 -6.02 -6.75 -2.11 -14.03 7.69 -2.93 17.81 3.36 -1.11 8.03 0 0 0 -73.22 -6.16 53.07 20.14 -30.81 -5.6 -0 0 -25.19 25.52 32.12 14.24 -7.12 0 -0 -8.24 64.62 -3.93 0 0 0 63.54 9.38 43.77 -30.99 41.73 -12.07 0 -0 -23.96 -23.04 4.13 -1.76 7.12 -0 -0 2.72 -25.49 1.28
-0.74 13.34 -4.59 2.58 -21.52 4.65 0 0 0 -0.2 -9.44 -73.44 20.67 19.99 91.97 0.39 -14.01 -13.91 0.04 -1.21 -3.32 0 0 0 -4.35 3.39 -70.73 -23.21 -19.75 99.42 -2.35 -3.66 -30.42 -0.26 3.25 -8.98 -2.18 1.25 41.42 -1.3 0.15 12.52 -0.3 -0.07 -5.83 -6.64 -2.15 -14.48 7.3 -2.99 19.15 3.23 -1.15 8.56 -0 -0 0 -73.13 -5.48 52.64 20.23 -30.91 -5.65 -0 0 -25.37 26.08 30.63 14 -7.12 0 -0 -6.6 63.26 -2.93 -0 -0 0 63.82 9.04 42.95 -30.77 41.54 -11.92 0 -0 -23.41 -23.41 4.02 -1.74 7.12 -0 -0 2.43 -25.6 1.14
-0.78 13.8 -4.48 3.16 -21.93 4.95 0 0 0 -1.72 -9.72 -70.31 19.22 19.99 87.71 0.4 -13.39 -13.72 0 -0.39 -1.08 0 0 0 -4.04 4.08 -67.91 -21.8 -19.92 95.27 -2.3 -3.89 -30.26 -0.22 3 -8.29 -2.54 1.26 40.34 -1.15 0.09 11.8 0.07 -0.1 -6.31 -6.83 -1.96 -14.22 6.92 -2.66 20.17 3.19 -1.06 8.83 0 -0 0 -73.55 -3.79 51.77 20.12 -30.79 -5.59 -0 0 -24.04 25.36 30.03 13.35 -7.12 0 -0 -7.1 62.45 -3.02 0 -0 0 63.76 7.47 42.85 -30.94 41.69 -12.03 0 -0 -23.06 -22.9 3.73 -1.57 7.12 -0 -0 2.82 -25.93 1.31
-0.81 14.24 -4.36 3.23 -22.12 5.33 0 0 0 -2.64 -10 -67.32 17.78 19.88 83.51 0.36 -12.98 -13.22 0.01 0.55 1.51 0 0 0 -3.14 4.49 -64.95 -20.29 -20 90.85 -2.24 -4.42 -30.1 -0.21 2.97 -8.21 -2.11 1.03 38.98 -1 0.05 11.34 0.03 -0.1 -6.39 -6.69 -1.79 -14.17 6.6 -2.43 20.98 3.09 -0.98 9.07 -0 0 0 -73.74 -2.42 51.61 19.94 -30.57 -5.5 -0 0 -23.71 25.56 28.95 13.04 -7.12 0 -0 -6.25 61.39 -2.5 -0 0 0 63.89 6.22 42.73 -30.62 41.42 -11.82 0 -0 -22.51 -22.64 4.24 -1.77 7.12 -0 -0 3.02 -25.38 1.43
-0.84 14.7 -4.22 3.43 -22.48 5.43 0 0 0 -4.14 -9.86 -63.84 16.3 19.67 79.11 0.44 -11.97 -13.51 0 -0.04 -0.11 0 0 0 -2.44 4.92 -61.55 -18.69 -19.96 86.17 -2.15 -5.07 -29.85 -0.21 2.98 -8.21 -1.83 0.95 37.49 -0.86 0.12 10.95 0.02 -0.06 -6.34 -6.71 -1.74 -14.06 6.26 -2.31 21.47 3 -0.96 9.21 -0 -0 0 -74.37 -0.62 50.97 19.76 -30.35 -5.41 -0 0 -22.51 25.03 28.49 12.56 -7.12 0 -0 -6.62 60.78 -2.55 -0 -0 0 64.23 5.45 42.38 -29.59 40.54 -11.14 0 -0 -21.1 -22.59 4.41 -1.83 7.12 -0 -0 3.05 -25.2 1.46
-0.86 15.14 -4.08 3.12 -22.71 5.62 0 0 0 -5 -9.53 -60.4 14.84 19.35 74.75 0.45 -11.58 -13.5 0 -0.32 -0.88 0 0 0 -1.26 5.37 -57.98 -17.07 -19.79 81.41 -2.09 -5.47 -29.68 -0.18 2.74 -7.54 -1.23 0.8 36.03 -0.58 0.23 10.52 -0.04 -0 -6.31 -6.85 -1.64 -13.93 6.21 -2.16 21.88 3.04 -0.91 9.32 -0 0 0 -74.8 0.86 50.58 19.32 -29.82 -5.19 -0 0 -22.03 24.55 27.39 11.87 -7.12 0 -0 -6.63 59.53 -2.36 -0 0 0 64.49 4.06 42.04 -28.91 39.94 -10.71 0 -0 -20 -22.74 3.9 -1.63 7.12 -0 -0 2.94 -25.75 1.37
-0.89 15.55 -3.91 3.06 -22.85 5.49 0 0 0 -6.16 -9.3 -56.66 13.42 18.93 70.44 0.49 -10.96 -13.72 0.01 -0.72 -1.97 0 0 0 -0.37 5.73 -54.12 -15.47 -19.5 76.65 -1.98 -6.27 -29.46 -0.15 2.46 -6.79 -0.91 0.69 34.48 -0.4 0.25 10.18 -0.01 0.02 -6.27 -6.77 -1.61 -13.97 5.85 -2.07 22.39 2.92 -0.9 9.49 -0 -0 0 -75.18 2.82 50.1 19.08 -29.52 -5.07 -0 0 -21.09 24.16 27.31 11.63 -7.12 0 -0 -7.02 59.35 -2.47 -0 -0 0 64.81 2.72 41.85 -27.93 39.05 -10.08 0 -0 -18.87 -22.86 4.88 -2.05 7.12 -0 -0 2.85 -24.69 1.4
-0.91 15.94 -3.73 2.99 -23.13 5.13 0 0 0 -7.23 -8.9 -52.72 12.07 18.42 66.22 0.49 -10.72 -13.61 0 0.1 0.28 0 0 0 0.52 6.24 -49.92 -13.89 -19.08 71.86 -1.92 -6.9 -29.38 -0.12 2.2 -6.06 -0.72 0.67 32.65 -0.35 0.34 10.25 -0.09 0.06 -6.14 -6.61 -1.59 -14.52 5.65 -2.02 22.84 2.83 -0.89 9.75 0 0 0 -75.47 4.25 49.46 18.53 -28.83 -4.8 -0 0 -20.86 24.46 26.6 11.51 -7.12 0 -0 -6.36 58.68 -2.13 0 0 0 65.58 1.04 41.38 -27.1 38.28 -9.56 0 -0 -17.68 -23.12 4.88 -2.08 7.12 -0 -0 2.65 -24.68 1.31
-0.94 16.29 -3.54 2.94 -23.42 4.87 0 0 0 -8.2 -8.55 -49.13 10.8 17.83 62.12 0.47 -10.1 -13.21 0.01 0.49 1.36 0 0 0 1.16 7.11 -46.04 -12.48 -18.59 67.51 -1.82 -7.84 -29.29 -0.1 2.07 -5.69 -0.69 0.69 31.17 -0.33 0.4 9.71 -0.1 0.1 -6.08 -6.88 -1.63 -14.3 5.77 -2.02 22.13 2.9 -0.9 9.46 -0 -0 0 -75.75 5.88 48.5 18.12 -28.31 -4.61 -0 0 -20.56 24.32 27.47 11.77 -7.12 0 -0 -6.93 59.55 -2.47 -0 -0 0 66.22 -0.52 41.39 -26.14 37.35 -8.97 0 -0 -16.82 -23.11 4.55 -1.94 7.12 -0 -0 2.66 -25.04 1.29
-0.96 16.6 -3.33 2.75 -23.73 4.39 0 0 0 -8.99 -8.24 -45.41 9.7 17.24 58.47 0.51 -9.5 -13.38 0.01 0.61 1.67 0 0 0 1.93 8.01 -41.91 -11.14 -18 63.23 -1.69 -9.05 -29.28 -0.09 1.88 -5.18 -0.51 0.78 29.82 -0.42 0.59 9.24 -0.36 0.2 -5.99 -6.93 -1.82 -14.02 5.81 -2.25 20.76 2.88 -1 8.95 0 -0 0 -76.19 7.11 46.76 17.42 -27.4 -4.28 -0 0 -19.73 25.67 26.59 12.14 -7.12 0 -0 -4.99 58.95 -1.71 0 -0 0 67.11 -2.27 41.31 -25.15 36.36 -8.38 0 -0 -15.65 -23.54 5.66 -2.46 7.12 -0 -0 2.35 -23.81 1.2
-1 16.88 -3.1 2.6 -24.12 3.74 0 0 0 -9.83 -7.71 -41.67 8.75 16.64 55.21 0.54 -8.93 -13.61 0.01 0.46 1.27 0 0 0 2.69 8.85 -37.58 -9.87 -17.33 59.04 -1.55 -10.43 -29.32 -0.08 1.86 -5.12 -0.71 0.92 28.55 -0.49 0.74 8.58 -0.37 0.28 -6.13 -7.59 -2.18 -13.28 6.32 -2.69 19.19 3.09 -1.2 8.33 0 0 0 -76.95 9.25 43.95 16.88 -26.7 -4.03 -0 0 -18.21 24.38 27.01 11.63 -7.12 0 -0 -6.64 59.09 -2.29 0 0 0 67.83 -4.15 41.69 -24.1 35.27 -7.77 0 -0 -14.07 -22.98 5.36 -2.27 7.12 -0 -0 2.76 -24.17 1.39
-1.03 17.1 -2.86 2.22 -24.39 3.13 0 0 0 -10.33 -7.12 -38.23 7.95 16.08 52.38 0.56 -8.54 -13.74 0 0.24 0.65 0 0 0 3.64 9.42 -33.5 -8.8 -16.68 55.4 -1.44 -11.52 -29.41 -0.07 1.68 -4.61 -0.79 1.04 27.2 -0.55 0.91 7.85 -0.43 0.37 -6.3 -8.11 -2.64 -12.52 6.61 -3.28 17.95 3.19 -1.49 7.84 0 0 0 -77.36 11.02 41.6 16.2 -25.79 -3.73 -0 0 -16.73 24.4 26.82 11.57 -7.12 0 -0 -6.52 58.9 -2.22 0 0 0 68.53 -6.13 42.25 -23.23 34.34 -7.27 0 -0 -12.69 -23.24 4.93 -2.11 7.12 -0 -0 2.56 -24.62 1.26
-1.05 17.28 -2.62 1.48 -24.16 3.7 0 0 0 -10.18 -7.12 -36.41 7.37 15.63 50.25 0.56 -8.09 -13.68 0 0.34 0.92 0 0 0 4.75 9.87 -30.82 -7.91 -16.05 52.24 -1.17 -13.44 -29.22 -0.13 2.31 -6.37 -0.72 0.83 24.56 -0.64 0.71 7.11 -0.48 0.29 -5.82 -8.2 -3.06 -13.05 6.78 -3.81 17.44 3.2 -1.73 7.82 -0 0 0 -77.87 12.13 37.81 15.47 -24.79 -3.42 -0 0 -14.53 23.96 26.36 11.16 -7.12 0 -0 -6.8 58.32 -2.22 -0 0 0 69.56 -7.25 42.47 -22.26 33.27 -6.73 0 -0 -10 -24.65 7 -3.2 7.12 -0 -0 1.56 -22.29 0.85
-1.08 17.46 -2.35 0.83 -24.22 2.69 0 0 0 -10.44 -6.47 -32.67 6.77 15.14 48.01 0.58 -7.82 -13.82 0 0.37 1.02 0 0 0 6.02 10.16 -26.13 -7 -15.33 48.86 -1.12 -14.35 -29.74 -0.09 1.98 -5.45 -0.79 0.92 23.34 -0.66 0.84 6.55 -0.49 0.36 -5.81 -8.46 -3.57 -12.96 6.96 -4.47 16.95 3.23 -2.04 7.71 -0 0 0 -78.47 13.07 34.52 14.58 -23.56 -3.06 -0 0 -12.61 24.09 24.79 10.62 -7.12 0 -0 -5.99 56.71 -1.73 -0 0 0 70.42 -8.81 42.31 -21.37 32.26 -6.25 0 -0 -8.12 -24.68 7.73 -3.54 7.12 -0 -0 1.56 -21.48 0.88
-1.1 17.6 -2.08 0.38 -23.72 2.37 0 0 0 -10.73 -6.67 -30.02 6.3 14.71 46.16 0.6 -7.57 -13.95 0.01 0.6 1.66 0 0 0 6.85 10.02 -22.6 -6.25 -14.66 45.96 -1.15 -15.21 -30.73 -0.08 1.79 -4.94 -0.99 0.79 21.17 -0.78 0.67 5.91 -0.43 0.29 -5.39 -8.84 -4.04 -12.63 7.47 -5.13 16.38 3.38 -2.34 7.54 -0 -0 0 -78.67 13.64 31.42 13.95 -22.66 -2.81 -0 0 -11.1 24.31 24.76 10.71 -7.12 0 -0 -5.74 56.73 -1.66 -0 -0 0 71.42 -10.11 41.82 -20.8 31.59 -5.94 0 -0 -6.68 -24.64 7.57 -3.46 7.12 -0 -0 1.58 -21.67 0.89
-1.08 17.74 -1.81 -0.28 -23.29 2.04 0 0 0 -10.91 -6.87 -27.33 5.83 14.27 44.31 0.6 -7.07 -13.96 0.02 0.98 2.69 0 0 0 7.8 10.17 -19.15 -5.56 -13.99 43.19 -0.92 -16.86 -30.91 -0.11 2.13 -5.87 -0.98 0.69 19.47 -0.77 0.59 5.1 -0.39 0.26 -5.38 -9.27 -4.44 -12.31 7.77 -5.67 16.16 3.49 -2.61 7.48 -0 0 0 -78.83 14.06 29.02 13.26 -21.67 -2.55 -0 0 -9.81 24.01 24.58 10.5 -7.12 0 -0 -6 56.48 -1.69 -0 0 0 72.24 -11.64 41.08 -20.39 31.11 -5.73 0 -0 -5.65 -24.77 7.14 -3.28 7.12 -0 -0 1.48 -22.12 0.81
-1.04 17.88 -1.54 -0.91 -23.05 1.45 0 0 0 -11.22 -7.01 -24.28 5.35 13.76 42.3 0.62 -6.47 -14.08 0.03 1.15 3.15 0 0 0 8.55 10.64 -15.76 -5.05 -13.44 41.02 -0.52 -18.41 -29.99 -0.13 2.35 -6.48 -0.9 0.66 17.94 -0.84 0.59 4.67 -0.51 0.27 -5.03 -9.62 -4.75 -12.7 8.29 -6.09 16.04 3.67 -2.77 7.58 -0 0 0 -78.81 13.84 27.25 13.08 -21.41 -2.48 -0 0 -9.29 24.21 25.02 10.77 -7.12 0 -0 -5.95 56.98 -1.75 -0 0 0 73.14 -12.47 40.18 -20.12 30.79 -5.59 0 -0 -5.48 -23.81 6.13 -2.7 7.12 -0 -0 2.15 -23.29 1.13
-0.97 18.03 -1.29 -1.58 -22.55 0.93 0 0 0 -11.58 -7.46 -21.25 4.84 13.2 40.12 0.64 -5.74 -14.24 0.08 1.78 4.89 0 0 0 9.04 11.09 -13.1 -4.73 -13.07 39.62 0.13 -20.37 -27.81 -0.29 3.49 -9.64 -0.75 0.51 16.78 -0.76 0.45 4.14 -0.47 0.2 -4.98 -10.23 -4.84 -11.96 9 -6.24 15.12 4 -2.84 7.2 0 -0 0 -79.04 13.3 25.4 12.8 -21 -2.38 -0 0 -7.85 23.97 25.14 10.69 -7.12 0 -0 -6.27 57.05 -1.86 0 -0 0 73.75 -13.25 39.22 -20.09 30.75 -5.58 0 -0 -4.94 -23.93 6.06 -2.68 7.12 -0 -0 2.06 -23.36 1.08
-0.86 18.15 -1.06 -2.1 -22.02 0.37 0 0 0 -12.13 -7.69 -18.5 4.39 12.66 38.11 0.66 -5.15 -14.42 0.09 1.88 5.18 0 0 0 9.15 11.45 -11.18 -4.62 -12.94 39.14 0.57 -21.34 -25.69 -0.26 3.29 -9.09 -0.66 0.32 15.71 -0.74 0.23 3.86 -0.45 0.1 -4.7 -10.65 -4.88 -11.64 9.77 -6.33 14.26 4.31 -2.85 6.92 0 0 0 -79.28 12.32 23.91 12.97 -21.25 -2.44 -0 0 -7.02 24.4 24.8 10.77 -7.12 0 -0 -5.66 56.79 -1.64 0 0 0 74.45 -13.26 38.11 -19.89 30.51 -5.48 0 -0 -4.29 -23.89 6.08 -2.69 7.12 -0 -0 2.1 -23.33 1.1
-0.76 18.27 -0.85 -2.16 -21.21 -0.25 0 0 0 -13.09 -7.41 -16.11 3.9 12.03 35.83 0.61 -4.86 -13.93 0.08 1.83 5.05 0 0 0 8.72 11.58 -9.93 -4.61 -12.93 39.1 1.06 -22.66 -23.48 -0.21 2.94 -8.12 -1.06 0.09 14.81 -0.78 -0.12 3.54 -0.2 -0.07 -4.55 -10.07 -5.09 -12.53 9.02 -6.56 15.1 3.93 -2.97 7.33 -0 0 0 -79.32 11.2 23.76 13.33 -21.77 -2.57 -0 0 -6.95 23.81 27.24 11.42 -7.12 0 -0 -7.39 59.19 -2.57 -0 0 0 74.93 -13.2 37.75 -19.86 30.47 -5.46 0 -0 -3.94 -24.5 6.19 -2.81 7.12 -0 -0 1.65 -23.19 0.87
-0.65 18.37 -0.66 -2.4 -20.16 -0.79 0 0 0 -13.76 -6.74 -13.96 3.47 11.42 33.71 0.57 -4.84 -13.44 0.02 1 2.74 0 0 0 8.62 11.64 -8.78 -4.64 -12.96 39.23 1.52 -24.13 -21.72 -0.08 1.77 -4.87 -1.37 -0.16 14.09 -0.73 -0.47 3.28 0.09 -0.23 -4.43 -9.77 -5.34 -12.87 8.51 -6.88 15.52 3.67 -3.14 7.53 0 -0 0 -79.38 9.83 23.75 14.17 -22.97 -2.89 -0 0 -7.02 23.01 28.37 11.41 -7.12 0 -0 -8.87 60.17 -3.3 0 -0 0 75.46 -13.1 37.29 -19.96 30.59 -5.51 0 -0 -3.23 -23.57 5.18 -2.25 7.12 -0 -0 2.32 -24.34 1.16
-0.53 18.48 -0.48 -2.46 -19.42 -1.25 0 0 0 -14.58 -6.26 -11.91 3.04 10.76 31.49 0.53 -4.54 -12.99 0 0.38 1.05 0 0 0 8.36 12.29 -8.11 -4.74 -13.09 39.69 2.08 -25.94 -19.36 -0.04 1.26 -3.45 -1.75 -0.29 13.39 -0.65 -0.68 2.96 0.42 -0.33 -4.37 -9.72 -5.55 -12.96 8.03 -7.1 15.93 3.48 -3.28 7.68 0 -0 0 -79.69 8.42 23.48 15.12 -24.32 -3.28 -0 0 -5.76 27.15 23.19 11.42 -7.12 0 -0 -2.14 55.68 -0.56 0 -0 0 75.64 -13.07 37.52 -20.16 30.83 -5.61 0 -0 -3.09 -23.19 4.91 -2.1 7.12 -0 -0 2.6 -24.64 1.28
-0.41 18.56 -0.34 -2.61 -18.83 -1.51 0 0 0 -15.2 -6.72 -9.93 2.68 10.17 29.52 0.52 -4.08 -12.89 0.04 1.29 3.55 0 0 0 8.24 13.4 -8 -4.93 -13.31 40.53 2.88 -28.89 -17.38 -0.01 -0.67 1.85 -1.91 -0.31 12.79 -0.64 -0.72 2.75 0.53 -0.35 -4.27 -10.54 -5.78 -12.33 9.16 -7.48 15.23 3.95 -3.43 7.45 0 0 0 -79.85 6.33 23.99 16.05 -25.59 -3.67 -0 0 -7.1 27.16 22.88 11.28 -7.12 0 -0 -2.04 55.35 -0.52 0 0 0 76.11 -12.77 37.39 -20.41 31.14 -5.74 0 -0 -2.72 -23.14 4.38 -1.87 7.12 -0 -0 2.64 -25.21 1.27
-0.29 18.63 -0.2 -2.79 -18.48 -1.84 0 0 0 -15.95 -7.47 -7.81 2.39 9.63 27.79 0.54 -2.83 -13.19 0.03 1.09 3.01 0 0 0 8.25 14.78 -8.07 -5.22 -13.63 41.78 3.56 -31.26 -15.34 -0.15 -2.47 6.81 -1.99 -0.32 12.51 -0.59 -0.74 2.43 0.63 -0.35 -4.45 -10.57 -5.8 -11.69 9.08 -7.53 14.99 3.94 -3.48 7.27 0 -0 0 -80.28 4.04 23.23 16.58 -26.3 -3.9 -0 0 -6.19 25.3 24.35 11.03 -7.12 0 -0 -4.52 56.52 -1.28 0 -0 0 76.44 -12.49 37.47 -20.52 31.26 -5.8 0 -0 -1.83 -22.84 4.37 -1.84 7.12 -0 -0 2.87 -25.24 1.37
-0.18 18.69 -0.08 -2.67 -18.26 -2.15 0 0 0 -16.87 -7.59 -6.06 2.09 9.06 25.98 0.52 -1.92 -13.11 0.02 0.97 2.66 0 0 0 7.97 15.94 -8.75 -5.62 -14.05 43.45 4.04 -32.92 -12.58 -0.47 -4.42 12.25 -2.34 -0.32 12.01 -0.58 -0.76 2.27 0.83 -0.36 -4.33 -10.65 -5.84 -11.11 9.09 -7.62 14.56 3.95 -3.54 7.04 0 -0 0 -80.99 1.51 22.3 16.94 -26.78 -4.06 -0 0 -6.26 24.55 25.63 11.18 -7.12 0 -0 -5.84 57.69 -1.82 0 -0 0 76.69 -11.79 37.53 -20.42 31.15 -5.75 0 -0 -0.76 -22.98 4.23 -1.79 7.12 -0 -0 2.76 -25.39 1.31
-0.09 18.72 0.02 -2.85 -18.32 -2.44 0 0 0 -17.26 -7.64 -4.6 1.9 8.65 24.71 0.51 -1.23 -13.08 0.07 1.65 4.53 0 0 0 8.25 17.36 -9.21 -5.97 -14.4 44.86 3.14 -29.65 -8.46 -0.72 -5.41 15.09 -2.4 -0.32 11.9 -0.56 -0.77 1.98 0.88 -0.35 -4.57 -10.53 -5.76 -10.6 8.8 -7.53 14.61 3.86 -3.53 6.94 0 -0 0 -81.62 -0.65 21.34 17.18 -27.09 -4.17 -0 0 -6.18 23.55 27.46 11.37 -7.12 0 -0 -7.78 59.36 -2.74 0 -0 0 77 -11.31 37.76 -20.41 31.14 -5.74 0 0 0.59 -23.16 3.64 -1.56 7.12 -0 -0 2.63 -26.02 1.21
-0.01 18.74 0.14 -2.77 -18.22 -2.82 0 0 0 -17.89 -7.65 -3.43 1.8 8.44 24.05 0.53 -1.04 -13.4 0.1 2.01 5.52 0 0 0 8.45 18.87 -9.05 -6.05 -14.48 45.18 1.44 -20.86 -4.9 -0.29 -3.47 9.58 -2.47 -0.48 11.66 -0.66 -0.99 1.85 0.86 -0.46 -4.57 -10.48 -5.63 -10.56 8.65 -7.35 14.88 3.82 -3.46 6.99 -0 0 0 -82.23 -2.59 20.69 17.39 -27.36 -4.26 -0 0 -6.3 23.25 29.12 11.81 -7.12 0 -0 -9.01 60.98 -3.53 -0 0 0 77.26 -10.55 37.98 -20.54 31.28 -5.81 0 0 1.8 -22.86 3.25 -1.37 7.12 -0 -0 2.85 -26.45 1.28
0.05 18.73 0.24 -2.93 -18.23 -2.89 0 0 0 -18.15 -7.74 -2.73 1.77 8.37 23.83 0.56 -0.74 -13.91 0.07 1.77 4.86 0 0 0 9.41 20.79 -8.96 -5.87 -14.3 44.46 0.72 -14.91 -4.38 -0.1 -2.05 5.65 -2.5 -0.61 11.26 -0.62 -1.16 1.64 0.94 -0.54 -4.57 -10.18 -5.51 -10.39 8.12 -7.19 15.25 3.62 -3.41 7.03 0 -0 0 -82.76 -4.18 21.33 17.49 -27.49 -4.31 -0 0 -8.06 22.67 32.79 12.74 -7.12 0 -0 -12.21 64.5 -5.81 0 -0 0 77.5 -10.18 37.7 -20.89 31.7 -5.99 0 0 2.63 -22.81 5.49 -2.31 7.12 -0 -0 2.89 -24.02 1.47
0.09 18.74 0.35 -2.44 -18.35 -3.02 0 0 0 -19.08 -7.89 -1.93 1.7 8.21 23.35 0.61 -0.42 -14.59 0.11 2.15 5.91 0 0 0 9.93 22.53 -8.72 -5.55 -13.98 43.16 0.4 -11.3 -5.89 -0.11 -2.1 5.77 -3.12 -0.77 10.71 -0.71 -1.44 1.42 1.23 -0.67 -4.47 -10.18 -5.34 -10.3 7.88 -6.94 15.57 3.57 -3.31 7.09 -0 -0 0 -83.16 -5.26 22.07 17.77 -27.86 -4.44 -0 0 -7.65 22.47 32.73 12.6 -7.12 0 -0 -12.4 64.39 -5.86 -0 -0 0 77.63 -10 37.35 -21.37 32.26 -6.25 0 0 2.87 -23.16 5.24 -2.24 7.12 -0 -0 2.62 -24.29 1.31
0.11 18.73 0.46 -2.84 -18.71 -2.77 0 0 0 -18.96 -7.97 -1.7 1.73 8.29 23.59 0.66 -0.26 -15.25 0.11 2.14 5.9 0 0 0 11.7 24.51 -8.2 -5.03 -13.42 40.97 0.28 -10.98 -10.09 -0 -0.22 0.59 -2.84 -0.92 10.19 -0.64 -1.57 1.23 1.15 -0.74 -4.38 -10.18 -5.27 -10.52 7.91 -6.86 15.94 3.59 -3.27 7.24 -0 -0 0 -83.4 -5.97 23.11 18.17 -28.38 -4.63 -0 0 -8.13 24.25 28.08 11.97 -7.12 0 -0 -7.31 60.16 -2.71 -0 -0 0 77.9 -9.74 36.73 -21.76 32.7 -6.45 0 0 2.92 -23.07 5.11 -2.17 7.12 -0 -0 2.69 -24.42 1.34
0.13 18.72 0.56 -2.91 -18.62 -2.61 0 0 0 -19.11 -7.91 -1.49 1.74 8.31 23.67 0.69 -0.11 -15.64 0.04 1.25 3.45 0 0 0 13.24 25.45 -7.83 -4.45 -12.74 38.4 0.19 -11.56 -13.4 -0 -0.37 1.02 -2.91 -1.25 9.9 -0.54 -2.02 1 1.35 -0.95 -4.43 -10.31 -5.09 -10.81 7.97 -6.6 16.39 3.65 -3.14 7.42 0 -0 0 -83.85 -5.97 23.96 18.67 -29.01 -4.87 -0 0 -6.99 23 26.5 10.72 -7.12 0 -0 -7.92 58.24 -2.58 0 -0 0 77.85 -9.72 36.28 -22.18 33.18 -6.69 0 0 2.93 -23.09 5.03 -2.14 7.12 -0 -0 2.68 -24.51 1.33
0.13 18.71 0.68 -3.02 -18.87 -2.26 0 0 0 -19.16 -7.99 -1.5 1.78 8.39 23.92 0.75 -0.12 -16.28 0.03 1.05 2.88 0 0 0 14.8 25.81 -8.13 -3.88 -11.99 35.71 0.07 -11 -14.64 -0.06 1.58 -4.35 -2.94 -1.47 9.37 -0.43 -2.29 0.78 1.5 -1.08 -4.34 -10.18 -4.96 -10.82 7.84 -6.42 16.47 3.61 -3.06 7.42 0 0 0 -84.07 -5.7 25.5 19.64 -30.21 -5.35 -0 0 -7.68 23.52 26.91 11.14 -7.12 0 -0 -7.55 58.78 -2.55 0 0 0 77.98 -9.83 35.6 -22.45 33.48 -6.83 0 0 2.8 -22.33 2.14 -0.88 7.12 -0 -0 3.28 -27.67 1.38
0.11 18.69 0.77 -3.45 -19.35 -1.9 0 0 0 -18.78 -8.07 -1.68 1.9 8.65 24.71 0.84 -0.47 -17.14 0.07 1.71 4.71 0 0 0 16.83 25.9 -8.28 -3.32 -11.19 32.92 -0.31 -7.22 -15.55 -0.24 3.14 -8.66 -2.53 -1.57 9.19 -0.24 -2.37 0.63 1.47 -1.13 -4.4 -10.15 -4.94 -10.89 7.63 -6.35 16.35 3.54 -3.04 7.38 0 -0 0 -84.36 -5.57 26.69 20.02 -30.67 -5.54 -0 0 -7.47 23.13 26.13 10.65 -7.12 0 -0 -7.6 57.89 -2.41 0 -0 0 77.96 -10 35.14 -22.7 33.75 -6.97 0 0 2.21 -21.76 1.03 -0.41 7.12 -0 -0 3.74 -28.86 1.47
0.1 18.66 0.87 -3.5 -19.65 -1.8 0 0 0 -18.81 -8.07 -1.74 2.01 8.89 25.46 0.92 -0.98 -17.81 0.07 1.73 4.75 0 0 0 18.54 25.57 -8.42 -2.91 -10.55 30.79 -0.66 -1.19 -15.81 -0.5 4.55 -12.64 -2.4 -1.65 9.05 -0.18 -2.45 0.68 1.47 -1.17 -4.27 -9.99 -4.94 -11.18 7.57 -6.32 16.15 3.49 -3.01 7.35 0 -0 0 -84.68 -5.76 27.94 19.84 -30.44 -5.45 -0 0 -8.22 25.16 23.19 10.48 -7.12 0 -0 -4.26 55.25 -1.07 0 -0 0 78.1 -10.01 34.57 -22.55 33.6 -6.89 0 0 2.33 -21.78 1.77 -0.71 7.12 -0 -0 3.71 -28.07 1.53
0.06 18.63 0.95 -3.56 -19.68 -1.61 0 0 0 -18.64 -8.19 -1.96 2.12 9.11 26.15 0.95 -1.59 -17.96 0.08 1.8 4.96 0 0 0 20.41 26.24 -8.35 -2.76 -10.3 29.94 -0.75 5.68 -15.39 -0.52 4.64 -12.88 -2.31 -1.74 8.96 -0.05 -2.56 0.66 1.57 -1.23 -4.23 -10.32 -4.96 -11.04 7.86 -6.35 15.89 3.64 -3.02 7.27 0 -0 0 -85.03 -5.9 28.58 19.48 -30.01 -5.27 -0 0 -6.79 24.89 22.84 10.21 -7.12 0 -0 -4.44 54.83 -1.08 0 -0 0 78.12 -10.18 34.32 -22.29 33.31 -6.75 0 0 2.59 -22.15 1.24 -0.5 7.12 -0 -0 3.43 -28.64 1.37
-0.01 18.58 1.01 -3.19 -19.23 -1.52 0 0 0 -18.75 -8.11 -2.4 2.23 9.34 26.85 0.97 -2.78 -17.9 0.06 1.6 4.41 0 0 0 21.76 27.36 -8.38 -2.82 -10.4 30.29 -0.46 12.47 -13.94 -0.51 4.58 -12.73 -2.48 -1.89 8.9 -0.06 -2.76 0.69 1.67 -1.33 -4.16 -10.63 -5.04 -10.99 8.07 -6.42 15.68 3.75 -3.06 7.22 0 0 0 -85.36 -6.16 28.49 18.88 -29.27 -4.97 -0 0 -4.48 21.78 27.65 10.5 -7.12 0 -0 -9.85 59.14 -3.42 0 0 0 78.25 -10.39 34.12 -21.98 32.96 -6.58 0 0 2.98 -22.07 1.82 -0.74 7.12 -0 -0 3.48 -28.01 1.44
-0.07 18.53 1.09 -2.42 -18.35 -1.64 0 0 0 -19.21 -8.03 -2.89 2.36 9.58 27.63 0.96 -4.39 -17.54 0.12 2.19 6.03 0 0 0 22.5 28.24 -8.07 -2.97 -10.64 31.08 -0 16.74 -11.77 -0.35 3.79 -10.5 -2.55 -2.14 8.97 -0.26 -3.11 0.7 1.55 -1.5 -4.17 -10.7 -5.09 -11.07 7.8 -6.42 15.73 3.67 -3.08 7.24 -0 -0 0 -85.64 -6.36 28.39 17.93 -28.07 -4.52 -0 0 -3.37 21.9 26.92 10.32 -7.12 0 -0 -9.33 58.43 -3.08 -0 -0 0 78.47 -10.88 34.05 -21.81 32.76 -6.48 0 0 3.37 -21.99 1.69 -0.68 7.12 -0 -0 3.55 -28.15 1.46
-0.14 18.48 1.17 -1.35 -16.63 -1.78 0 0 0 -19.87 -7.74 -3.59 2.48 9.81 28.36 0.89 -6.56 -16.83 0.14 2.45 6.75 0 0 0 22.52 29.6 -7.03 -3.18 -10.98 32.21 0.18 17.67 -10.66 -0.01 0.55 -1.51 -2.55 -2.46 8.85 -0.53 -3.54 0.78 1.31 -1.72 -4.03 -11.07 -5.24 -10.67 7.64 -6.57 15.46 3.67 -3.19 7.11 0 0 0 -86.1 -6.66 27.67 16.91 -26.73 -4.04 -0 0 -1.33 21.34 25.78 9.64 -7.12 0 -0 -9.38 57.14 -2.8 0 0 0 78.83 -11.42 33.42 -21.35 32.23 -6.23 0 0 4.7 -22.95 3.52 -1.49 7.12 -0 -0 2.79 -26.15 1.27
-0.21 18.47 1.25 -0.55 -14.31 -1.82 0 0 0 -20.1 -7.12 -4.13 2.48 9.8 28.33 0.65 -9.4 -14.84 0.17 2.67 7.37 0 0 0 22.37 29.83 -6.75 -3.18 -10.98 32.21 -0.23 12.49 -11.54 -0.04 -1.24 3.4 -1.98 -2.81 8.85 -0.66 -3.96 0.95 0.9 -1.94 -3.88 -11.68 -5.52 -10.25 7.51 -6.84 14.92 3.7 -3.37 6.91 0 -0 0 -86.61 -7.24 27.24 15.92 -25.42 -3.61 -0 -0 0.64 22.37 23.59 9.35 -7.12 0 -0 -7.35 55.11 -1.83 0 -0 0 79 -12.17 33.11 -21.18 32.04 -6.15 0 0 4.29 -23.48 3.99 -1.73 7.12 -0 -0 2.38 -25.63 1.12
-0.27 18.47 1.32 0.24 -11.93 -1.88 0 0 0 -20.49 -6.86 -4.36 2.44 9.74 28.13 0.39 -11.61 -12.86 0.21 2.97 8.21 0 0 0 21.91 28.82 -6.28 -3.14 -10.92 32 -0.35 9.95 -11.78 -0.09 -1.89 5.19 -1.25 -2.97 8.81 -0.64 -4.1 1.21 0.52 -2.02 -3.63 -12.2 -5.92 -9.45 7.01 -7.27 14.1 3.59 -3.65 6.55 0 -0 0 -87.46 -7.64 26.65 15.26 -24.51 -3.33 -0 -0 2.18 21.95 23.74 9.21 -7.12 0 -0 -7.85 55.17 -1.97 0 -0 0 79.01 -12.76 32.48 -20.64 31.41 -5.86 0 0 4.47 -23.58 3.02 -1.32 7.12 -0 -0 2.31 -26.69 1.03
-0.35 18.47 1.36 0.36 -9.87 -1.84 0 0 0 -20.03 -6.56 -5.05 2.55 9.92 28.72 0.11 -13.48 -10.81 0.31 3.56 9.84 0 0 0 22.53 28.72 -5.58 -3.13 -10.9 31.94 -0.53 7.08 -13.14 -0.01 -0.76 2.08 -0.28 -2.97 9 -0.38 -3.99 1.53 0.24 -1.98 -3.45 -12.28 -6.19 -8.57 6.63 -7.64 13.41 3.46 -3.87 6.21 0 0 0 -88.19 -7.46 25.9 15.35 -24.63 -3.37 -0 -0 2.7 22.05 23.74 9.26 -7.12 0 -0 -7.74 55.2 -1.95 0 0 0 79 -12.87 32.16 -19.61 30.17 -5.33 0 0 4.87 -24.11 4 -1.79 7.12 -0 -0 1.91 -25.6 0.9
-0.43 18.5 1.38 0.49 -7.91 -1.58 0 0 0 -19.51 -6.54 -6.58 2.81 10.37 30.2 -0.18 -14.8 -8.22 0.32 3.64 10.08 0 0 0 22.6 27.6 -5.87 -3.14 -10.91 31.99 -0.61 5.66 -13.9 -0 -0.05 0.12 0.66 -2.79 9.19 -0.13 -3.64 1.65 -0.07 -1.82 -3.48 -12.22 -6.53 -8.04 6.29 -8.14 14.11 3.31 -4.16 6.38 -0 -0 0 -88.59 -6.7 25.44 15.69 -25.1 -3.51 -0 -0 3.04 21.33 23.75 8.94 -7.12 0 -0 -8.5 55.07 -2.11 -0 -0 0 78.95 -12.98 32.31 -18.43 28.7 -4.75 0 0 5.8 -24.53 4 -1.82 7.12 -0 -0 1.59 -25.59 0.75
-0.54 18.5 1.37 1.06 -5.98 -1.2 0 0 0 -19.21 -6.05 -9.29 3.26 11.11 32.64 -0.54 -16.25 -4.69 0.33 3.72 10.28 0 0 0 21.95 27.48 -6.36 -3.17 -10.96 32.14 -0.67 4.78 -14.64 -0 -0.41 1.13 0.87 -2.6 9.44 0.06 -3.36 1.61 -0.01 -1.68 -3.66 -11.85 -6.68 -7.95 5.58 -8.36 15.75 2.99 -4.31 6.86 -0 0 0 -88.46 -5.42 25.39 16.63 -26.37 -3.92 -0 -0 2.47 23.08 23.58 9.67 -7.12 0 -0 -6.6 55.24 -1.67 -0 0 0 78.76 -12.6 32.32 -17.01 26.87 -4.09 0 0 8.96 -19.99 1.97 -0.71 7.12 -0 -0 5.09 -27.88 2.13
-0.65 18.5 1.34 2.01 -3.61 -0.85 0 0 0 -19.17 -5.85 -12.48 3.88 12 35.73 -0.88 -17.43 0.1 0.38 3.97 10.98 0 0 0 20.88 26.68 -7.28 -3.26 -11.11 32.65 -0.74 3.7 -15.47 -0 -0.18 0.5 0.66 -2.47 9.58 0.21 -3.21 1.71 0.24 -1.6 -3.61 -12.02 -6.55 -7.58 5.58 -8.26 17.13 3.04 -4.3 7.24 -0 0 0 -88.21 -4.44 25.63 17.09 -26.97 -4.13 -0 -0 0.35 20.24 28.11 9.85 -7.12 0 -0 -11.79 59.25 -4.14 -0 0 0 78.58 -11.98 32.09 -16.11 25.66 -3.69 0 0 11.32 -21.23 5.17 -2 7.12 -0 -0 4.07 -24.44 2.02
-0.76 18.48 1.29 2.23 -0.89 -0.75 0 0 0 -18.27 -5.66 -15.95 4.72 13.06 39.59 -1.07 -17.99 5.11 0.29 3.48 9.61 0 0 0 20.81 25.85 -7.7 -3.33 -11.22 33.02 -0.81 2.14 -16.38 -0 -0.41 1.13 1.38 -2.42 10.14 0.46 -3.04 1.86 0.1 -1.52 -3.79 -11.53 -6.13 -7.37 4.93 -7.71 19.1 2.81 -4.09 7.75 -0 0 0 -87.56 -3.83 25.16 17.18 -27.09 -4.17 -0 -0 1.4 19.86 29.46 10.07 -7.12 0 -0 -13.03 60.5 -4.97 -0 0 0 78.15 -11.21 32.97 -15.29 24.54 -3.34 0 0 11.78 -22.08 5.33 -2.16 7.12 -0 -0 3.43 -24.23 1.72
-0.86 18.49 1.21 2.17 1.45 -0.46 0 0 0 -16.84 -4.94 -19.74 5.49 13.91 42.89 -1 -17.53 9.21 0.07 1.71 4.71 0 0 0 20.98 25.06 -8.15 -3.27 -11.12 32.69 -0.8 0.6 -16.76 -0 -0.2 0.55 2.26 -2.27 10.69 0.81 -2.72 1.89 -0.05 -1.37 -4.08 -11.01 -5.47 -6.83 4.67 -6.94 21.15 2.74 -3.74 8.24 0 -0 0 -86.8 -3.6 24.41 16.89 -26.71 -4.04 -0 -0 0.4 23.56 23.29 9.78 -7.12 0 -0 -5.99 55.03 -1.48 0 -0 0 78.05 -11.85 31.62 -16.5 26.19 -3.86 0 0 12.48 -21.94 5.39 -2.17 7.12 -0 -0 3.54 -24.17 1.78
-0.95 18.55 1.2 2.88 2.52 -0.4 0 0 0 -16.49 -2.63 -22.24 5.82 14.25 44.24 -1.01 -17.51 7.54 0.19 -2.84 -7.83 0 0 0 20.37 24.26 -7.94 -3.11 -10.88 31.86 -0.78 0.03 -16.66 -0 -0.11 0.31 2.41 -1.72 10.8 0.84 -1.97 2.09 -0.2 -1 -3.92 -10.15 -4.58 -6.8 4.4 -5.85 24.39 2.63 -3.22 9.21 -0 0 0 -85.97 -3.11 22.97 16.41 -26.07 -3.82 -0 -0 0.68 24.26 22.55 9.81 -7.12 0 -0 -5.01 54.4 -1.16 -0 0 0 77.39 -11.25 32.15 -16.54 26.25 -3.88 0 0 11.26 -23.36 5.44 -2.35 7.12 -0 -0 2.48 -24.05 1.25
-1.04 18.6 1.16 3.5 3.91 -0.03 0 0 0 -15.97 -1.35 -24.09 5.79 14.22 44.14 -0.77 -15.52 3.11 0.19 -2.8 -7.73 0 0 0 19.78 23.94 -7.91 -2.97 -10.65 31.1 -0.74 -1.22 -16.71 -0.01 -0.55 1.51 2.52 -1.48 10.76 0.92 -1.64 2.32 -0.24 -0.83 -3.65 -9.21 -3.53 -6.87 4.55 -4.63 27.65 2.7 -2.58 10.26 0 -0 0 -85.33 -2.72 20.13 16.02 -25.55 -3.65 -0 -0 0.64 24.72 23.61 10.45 -7.12 0 -0 -4.88 55.61 -1.27 0 -0 0 76.85 -10.04 31.43 -17.08 26.97 -4.13 0 0 10.15 -22.99 4.73 -2 7.12 -0 -0 2.76 -24.85 1.34
-1.12 18.65 1.12 4.03 5.37 0.42 0 0 0 -15.24 -0.64 -25.13 5.43 13.85 42.66 -0.35 -12.25 -2.46 0.49 -4.47 -12.4 0 0 0 19.22 23.82 -7.81 -2.8 -10.36 30.15 -0.7 -2.49 -16.87 -0.01 -0.74 2.03 2.91 -1.4 10.77 0.91 -1.49 2.58 -0.49 -0.75 -3.39 -8.24 -2.5 -6.7 4.67 -3.42 30.24 2.76 -1.93 11.08 0 -0 0 -84.43 -2.28 17.51 15.65 -25.05 -3.5 -0 -0 0.19 25.55 24.26 11.11 -7.12 0 -0 -4.22 56.48 -1.19 0 -0 0 76.56 -8.62 29.76 -17.75 27.84 -4.43 0 0 9.66 -23.31 4.26 -1.83 7.12 -0 -0 2.51 -25.34 1.19
-1.19 18.69 1.1 5.03 6.89 0.78 0 0 0 -14.74 -0.45 -24.83 4.75 13.1 39.74 -0.01 -8.26 -5.51 0.4 -4.08 -11.31 0 0 0 18.39 24.31 -7.23 -2.68 -10.16 29.5 -0.67 -4.35 -17.68 -0.02 -0.85 2.32 2.58 -1.33 10.61 0.84 -1.45 2.89 -0.4 -0.72 -2.98 -7.6 -1.75 -5.35 4.95 -2.64 31.35 2.87 -1.48 11.16 -0 0 0 -83.65 -1.1 16.17 15.45 -24.76 -3.41 -0 0 -1.78 26.43 22.82 10.91 -7.12 0 -0 -2.8 55.13 -0.7 -0 0 0 76.14 -7.74 28.22 -18.98 29.39 -5.02 0 0 8.22 -23.01 3.81 -1.61 7.12 -0 -0 2.74 -25.85 1.27
-1.26 18.75 1.07 5.91 8.44 1.3 0 0 0 -13.73 -1.06 -24.14 3.98 12.13 36.21 0.09 -4.74 -5.83 0.35 -3.82 -10.58 0 0 0 17.47 24.2 -7.04 -2.52 -9.87 28.56 -0.61 -5.76 -18.02 -0.03 -1.02 2.81 2.31 -1.36 10.5 0.81 -1.53 3.14 -0.27 -0.76 -2.66 -7.26 -1.24 -3.97 5.22 -2.13 32.05 2.99 -1.19 11.11 0 -0 0 -82.9 -0.02 14.43 15.03 -24.19 -3.24 -0 0 -1.19 26.62 22.72 10.96 -7.12 0 -0 -2.56 55.06 -0.63 0 -0 0 75.68 -7.14 27.24 -20.52 31.27 -5.8 0 0 5.58 -22.95 2.77 -1.17 7.12 -0 -0 2.79 -26.97 1.22
-1.3 18.8 1.02 6.28 10.01 1.82 0 0 0 -11.92 -2.49 -23.03 3.28 11.13 32.71 0.08 -1.2 -4.95 0.17 -2.67 -7.35 0 0 0 16.98 23.62 -6.87 -2.31 -9.48 27.31 -0.53 -6.81 -17.9 -0.02 -1.02 2.79 2.71 -1.51 10.54 0.94 -1.68 3.38 -0.34 -0.83 -2.44 -7 -0.9 -3.32 5.06 -1.67 32.77 2.95 -0.97 11.23 0 0 0 -82.41 0.9 12.97 14.57 -23.55 -3.05 -0 0 -0.23 26.76 21.93 10.66 -7.12 0 -0 -2.2 54.24 -0.5 0 0 0 75.07 -6.53 26.44 -22.03 33.01 -6.6 0 0 3.27 -23.27 2.33 -1 7.12 -0 -0 2.55 -27.44 1.09
-1.34 18.86 0.99 6.92 11.28 2.37 0 0 0 -10.27 -4.17 -21.2 2.57 9.97 28.88 0.02 2.49 -4.64 0.04 -1.28 -3.53 0 0 0 16.26 23.85 -6.43 -2.12 -9.11 26.13 -0.45 -8.26 -18.23 -0.03 -1.13 3.1 2.65 -1.5 10.55 0.94 -1.67 3.53 -0.31 -0.82 -2.29 -6.77 -0.84 -2.23 5.13 -1.68 33.03 2.94 -0.94 11.11 0 0 0 -81.98 1.85 11.64 13.99 -22.72 -2.83 -0 -0 1.42 26.79 21.37 10.43 -7.12 0 -0 -2.01 53.64 -0.43 0 0 0 74.62 -6.33 25.99 -23.13 34.23 -7.21 0 0 0.26 -22.28 1.62 -0.66 7.12 -0 -0 3.33 -28.23 1.36
-1.37 18.92 0.94 8.09 12.37 3.22 0 0 0 -9.17 -6.38 -19.08 1.94 8.74 24.98 -0.14 6.94 -4.68 0 -0.22 -0.61 0 0 0 14.78 24.33 -6.43 -1.97 -8.8 25.17 -0.35 -9.66 -18.53 -0.05 -1.49 4.1 2.26 -1.3 10.44 0.86 -1.45 3.69 -0.21 -0.71 -2.04 -7.11 -0.97 -1.27 5.24 -1.88 33.09 3.03 -1.06 10.97 0 0 0 -81.88 2.83 11.7 13.86 -22.53 -2.77 -0 -0 1.67 27.05 20.7 10.23 -7.12 0 -0 -1.57 52.97 -0.31 0 0 0 74.02 -6.18 25.21 -23.76 34.91 -7.57 0 -0 -0.3 -21.71 0.73 -0.29 7.12 -0 -0 3.79 -29.18 1.47
-1.38 18.98 0.89 8.75 13.47 3.84 0 0 0 -7.65 -8.9 -16.59 1.45 7.62 21.56 -0.39 11.1 -5.22 0.04 1.35 3.72 0 0 0 13.74 23.62 -6.65 -1.82 -8.47 24.15 -0.36 -9.91 -18.91 -0.1 -2.05 5.64 2.15 -1.44 10.69 0.75 -1.64 3.83 -0.24 -0.8 -2.03 -6.5 -1.01 -0.98 5.05 -1.97 33.36 2.85 -1.04 11.02 -0 0 0 -81.81 3.9 10.35 13.76 -22.39 -2.74 -0 -0 2.61 26.86 20.18 9.91 -7.12 0 -0 -1.65 52.36 -0.3 -0 0 0 73.86 -5.89 25.15 -23.93 35.09 -7.67 0 0 1.03 -22.2 0.42 -0.17 7.12 -0 -0 3.43 -29.52 1.3
-1.37 19.02 0.83 9.35 14.32 4.35 0 0 0 -6.28 -11.15 -14.33 1.13 6.76 19.02 -0.65 14.13 -4.56 0 0.43 1.18 0 0 0 12.83 24 -6.28 -1.66 -8.12 23.07 -0.31 -10.73 -19.24 -0.2 -2.9 8 2.05 -1.43 10.87 0.69 -1.64 4.07 -0.24 -0.79 -1.89 -6.28 -1.08 -0.44 4.98 -2.08 33.05 2.77 -1.07 10.8 -0 0 0 -81.87 4.91 10.24 13.95 -22.67 -2.81 -0 -0 2.5 26.89 19.72 9.71 -7.12 0 -0 -1.51 51.87 -0.26 -0 0 0 73.58 -5.71 25.43 -23.85 35.01 -7.62 0 0 0.86 -22.27 1.71 -0.7 7.12 -0 -0 3.34 -28.13 1.37
-1.34 19.06 0.77 10.14 15.59 5.1 0 0 0 -5.44 -13.03 -12.5 0.89 6.02 16.85 -0.79 15.64 -3.91 0.01 0.66 1.81 0 0 0 11.55 24.35 -6.33 -1.58 -7.94 22.52 -0.34 -11.3 -20.19 -0.35 -3.77 10.44 1.85 -1.49 10.92 0.72 -1.73 4.24 -0.08 -0.84 -1.73 -6.14 -1.24 -0.33 4.89 -2.28 33 2.69 -1.14 10.77 0 0 0 -82.3 5.61 10.99 14.3 -23.16 -2.94 -0 -0 1.53 28.21 25.48 13 -7.12 0 -0 -1.7 58.38 -0.56 0 0 0 73.28 -6.08 25.39 -23.84 35 -7.62 0 0 1.08 -23.11 2.82 -1.2 7.12 -0 -0 2.67 -26.91 1.17
-1.29 19.08 0.7 10.64 16.53 5.67 0 0 0 -4.8 -13.2 -11.36 0.78 5.64 15.75 -0.72 15.22 -1.87 0 -0.17 -0.47 0 0 0 10.63 24.55 -6.36 -1.52 -7.78 22.04 -0.18 -12.43 -19.8 -0.18 -2.74 7.54 1.99 -1.44 10.89 0.78 -1.66 4.35 -0.11 -0.8 -1.6 -6.09 -1.42 0.04 4.83 -2.51 32.89 2.64 -1.24 10.67 0 -0 0 -82.83 6.19 10.53 14.11 -22.89 -2.87 -0 -0 2.5 27.29 21.75 10.82 -7.12 0 -0 -1.59 54.15 -0.36 0 -0 0 73.03 -6.48 25.42 -23.53 34.66 -7.43 0 0 1.16 -23.54 4.03 -1.75 7.12 -0 -0 2.34 -25.58 1.1
-1.22 19.1 0.62 11.23 17.44 6.24 0 0 0 -4.64 -13.15 -10.41 0.74 5.51 15.38 -0.63 14.74 -0.3 0.01 0.49 1.36 0 0 0 9.51 24.38 -6.64 -1.5 -7.73 21.9 -0.27 -12.45 -20.86 -0.31 -3.59 9.94 1.8 -1.6 11.13 1.04 -1.86 4.5 0.3 -0.9 -1.57 -6.64 -1.35 0.21 4.82 -2.35 32.63 2.75 -1.23 10.54 0 0 0 -84.04 6.58 9.9 14.14 -22.93 -2.88 -0 -0 2.71 27.62 23.14 11.62 -7.12 0 -0 -1.61 55.72 -0.42 0 0 0 72.38 -6.33 25.54 -22.99 34.07 -7.13 0 0 1.76 -24.21 4.42 -1.98 7.12 -0 -0 1.84 -25.14 0.88
-1.14 19.1 0.51 11.73 18.37 6.72 0 0 0 -4.75 -12.45 -10.1 0.79 5.67 15.84 -0.45 13.91 2.73 0 0.31 0.86 0 0 0 8.38 24.04 -7.13 -1.51 -7.76 21.98 -0.32 -12.38 -21.27 -0.28 -3.39 9.36 1.72 -1.81 11.37 1.26 -2.14 4.66 0.6 -1.04 -1.52 -6.94 -1.22 0.55 4.73 -2.1 32.28 2.78 -1.16 10.33 0 0 0 -85.12 6.7 8.75 13.91 -22.61 -2.8 -0 -0 3.94 27.52 22.65 11.35 -7.12 0 -0 -1.58 55.17 -0.4 0 0 0 71.89 -6.15 25.82 -22.37 33.39 -6.79 0 0 2.15 -23.51 3.6 -1.57 7.12 -0 -0 2.36 -26.05 1.08
-1.05 19.08 0.37 11.53 18.69 7.1 0 0 0 -4.26 -11.46 -10.43 0.96 6.24 17.47 -0.25 12.18 4.54 0.01 -0.74 -2.03 0 0 0 7.83 24.22 -7.76 -1.53 -7.81 22.12 -0.23 -12.48 -20.48 -0.2 -2.9 7.99 2.1 -1.81 11.83 1.48 -2.07 4.71 0.62 -1 -1.73 -6.93 -1.15 0.78 4.66 -2 32.13 2.76 -1.11 10.21 -0 -0 0 -85.74 6.71 8.85 13.73 -22.34 -2.72 -0 -0 3.71 27.09 20.3 10.06 -7.12 0 -0 -1.44 52.54 -0.27 -0 -0 0 71.65 -5.8 26.25 -21.57 32.49 -6.35 0 0 2.4 -23.98 4 -1.78 7.12 -0 -0 2 -25.61 0.94
-0.93 19.06 0.23 11.67 18.86 7.44 0 0 0 -4.42 -10.64 -10.31 1.13 6.74 18.95 -0.03 10.9 7.14 0.01 -0.64 -1.76 0 0 0 6.69 23.57 -9.09 -1.59 -7.96 22.6 -0.26 -11.8 -19.95 -0.12 -2.27 6.24 2.12 -1.84 12.3 1.57 -2.09 4.73 0.73 -1.01 -1.96 -6.9 -1.1 0.76 4.61 -1.91 32.15 2.74 -1.07 10.22 -0 0 0 -86.53 6.52 7.82 13.31 -21.74 -2.57 -0 -0 4.88 26.53 22.3 10.73 -7.12 0 -0 -2.54 54.59 -0.6 -0 0 0 71.46 -5.86 26.46 -21.4 32.3 -6.26 0 0 2.85 -23.96 4.43 -1.97 7.12 -0 -0 2.02 -25.13 0.97
-0.79 19.03 0.09 11.49 18.9 7.64 0 0 0 -4.35 -10.5 -9.78 1.27 7.15 20.15 0.2 9.49 9.75 0 -0.29 -0.79 0 0 0 5.85 23.5 -10.3 -1.66 -8.11 23.06 -0.36 -11.11 -20.24 -0.17 -2.66 7.33 2.43 -1.8 12.68 1.62 -1.99 4.93 0.59 -0.96 -1.96 -6.86 -1.12 0.88 4.78 -1.99 31.82 2.79 -1.08 10.08 0 -0 0 -86.82 6.9 8.6 13.45 -21.94 -2.62 -0 -0 4.95 26.82 20.63 10.1 -7.12 0 -0 -1.79 52.85 -0.35 0 -0 0 71.54 -5.67 26.28 -21.47 32.37 -6.3 0 0 3.18 -23.7 4.08 -1.79 7.12 -0 -0 2.22 -25.53 1.05
-0.64 19 -0.08 11.44 18.64 7.87 0 0 0 -4.59 -10.54 -9.09 1.37 7.41 20.93 0.45 8.39 12.49 0 0.22 0.61 0 0 0 4.76 23.18 -11.73 -1.74 -8.3 23.62 -0.39 -10.37 -19.75 -0.16 -2.58 7.12 2.26 -1.68 12.96 1.53 -1.84 5.15 0.58 -0.88 -1.88 -6.55 -1.22 1.07 4.78 -2.15 31.44 2.71 -1.12 9.9 0 -0 0 -86.84 7.21 9.33 13.66 -22.24 -2.7 -0 -0 4.58 26.89 21.24 10.41 -7.12 0 -0 -1.88 53.52 -0.39 0 -0 0 71.75 -5.46 26.25 -21.76 32.71 -6.46 0 0 3.14 -23.72 4.39 -1.93 7.12 -0 -0 2.2 -25.19 1.06
-0.48 18.95 -0.26 11.09 18.43 8.06 0 0 0 -4.55 -10.92 -8.21 1.38 7.42 20.98 0.56 6.17 13.33 0.03 -1.2 -3.29 0 0 0 3.99 23.23 -13.1 -1.85 -8.54 24.36 -0.37 -10.13 -19.31 -0.16 -2.56 7.06 2.28 -1.64 13.29 1.38 -1.79 5.28 0.42 -0.85 -1.93 -6.34 -1.21 1.23 5.04 -2.24 31.19 2.75 -1.12 9.78 -0 0 0 -86.51 7.54 10.46 13.86 -22.54 -2.77 -0 -0 4.24 27.55 21.36 10.76 -7.12 0 -0 -1.22 53.78 -0.26 -0 0 0 72.18 -5.5 26.32 -22.29 33.3 -6.74 0 0 2.78 -24.1 4.46 -1.99 7.12 -0 -0 1.92 -25.1 0.93
-0.3 18.88 -0.45 10.56 18.28 7.97 0 0 0 -4.59 -11.63 -6.79 1.27 7.14 20.12 0.45 4.55 11.94 0.16 -2.58 -7.11 0 0 0 3.31 23.51 -14.45 -2.04 -8.95 25.65 -0.46 -9.23 -19.32 -0.17 -2.64 7.27 2.16 -1.69 13.69 1.36 -1.85 5.54 0.48 -0.88 -1.87 -6.16 -1.09 1.22 4.96 -2.07 31.03 2.7 -1.03 9.71 -0 0 0 -86.25 7.55 11.43 13.97 -22.7 -2.82 -0 -0 3.67 27.73 21.45 10.88 -7.12 0 -0 -1.05 53.92 -0.23 -0 0 0 72.3 -5.28 26.68 -22.72 33.78 -6.98 0 0 2.29 -24.76 4.61 -2.12 7.12 -0 -0 1.42 -24.9 0.69
-0.1 18.81 -0.65 9.87 18.22 8.15 0 0 0 -4.52 -12.22 -5.59 1.06 6.54 18.35 0.4 2.07 11.43 0.38 -3.95 -10.94 0 0 0 2.64 23.6 -16.06 -2.21 -9.29 26.72 -0.52 -8.5 -19.27 -0.17 -2.64 7.28 2.01 -1.77 13.73 1.37 -1.98 5.69 0.58 -0.95 -1.72 -6.06 -0.99 1.42 4.83 -1.92 30.85 2.64 -0.97 9.59 0 0 0 -86.17 7.43 11.57 14.13 -22.92 -2.88 -0 -0 3.96 28.07 21.19 10.91 -7.12 0 -0 -0.63 53.7 -0.13 0 0 0 72.49 -5.17 26.69 -23.29 34.4 -7.3 0 0 1.97 -24.44 4.96 -2.25 7.12 -0 -0 1.67 -24.53 0.82
0.11 18.72 -0.87 8.94 17.99 8.18 0 0 0 -4.47 -12.6 -4.78 0.91 6.08 17.01 0.25 -0.6 9.75 0.72 -5.42 -15.11 0 0 0 2.11 23.83 -17.55 -2.32 -9.51 27.4 -0.58 -7.78 -19.32 -0.1 -2.03 5.58 1.82 -1.66 13.79 1.31 -1.86 5.91 0.61 -0.89 -1.52 -5.66 -0.9 1.77 4.66 -1.78 30.48 2.52 -0.89 9.38 -0 0 0 -85.46 7.35 12.79 14.44 -23.36 -3 -0 -0 3.27 28.27 21.29 11.05 -7.12 0 -0 -0.43 53.84 -0.09 -0 0 0 73.02 -5.41 25.92 -24.25 35.43 -7.85 0 0 1.92 -24.85 4.59 -2.12 7.12 -0 -0 1.36 -24.93 0.66
0.36 18.62 -1.1 8.13 17.83 8.12 0 0 0 -4.88 -12.58 -4.73 0.88 5.99 16.75 0.12 -1.62 7.38 1.11 -6.68 -18.78 0 0 0 1.38 23.88 -18.69 -2.35 -9.57 27.59 -0.67 -7.09 -19.59 -0.05 -1.4 3.85 1.18 -1.68 13.93 1.32 -1.96 6.13 0.99 -0.94 -1.35 -5.74 -0.72 1.88 4.67 -1.54 30.35 2.55 -0.79 9.3 -0 -0 0 -85.11 6.61 13.11 14.28 -23.13 -2.94 -0 -0 3.56 28.43 21.04 11 -7.12 0 -0 -0.21 53.6 -0.05 -0 -0 0 73.25 -5.77 25.6 -25.04 36.25 -8.32 0 0 1.6 -24.9 4.67 -2.17 7.12 -0 -0 1.32 -24.83 0.64
0.62 18.51 -1.34 7.12 17.37 7.92 0 0 0 -5.51 -11.89 -4.93 0.93 6.14 17.19 0.01 -1.62 3.22 1.17 -6.87 -19.32 0 0 0 0.9 23.63 -19.96 -2.43 -9.71 28.04 -0.74 -5.93 -19.42 -0 -0.25 0.68 0.47 -1.5 14.02 1.17 -1.81 6.28 1.22 -0.88 -1.22 -5.59 -0.63 2.22 4.91 -1.5 30.19 2.6 -0.75 9.17 -0 0 0 -84.3 6.24 14.13 14.29 -23.15 -2.94 -0 -0 3.85 28.33 21.36 11.11 -7.12 0 -0 -0.39 53.93 -0.09 -0 0 0 73.86 -6.56 24.87 -25.91 37.12 -8.83 0 0 0.85 -24.43 4.17 -1.89 7.12 -0 -0 1.67 -25.4 0.79
0.89 18.4 -1.62 5.32 16.55 7.43 0 0 0 -5.58 -10.28 -6.05 1.13 6.76 19 0.06 -0.79 -4.27 1.54 -7.83 -22.2 0 0 0 1.1 23.26 -21.66 -2.53 -9.89 28.63 -0.71 -4.44 -18.1 -0.01 0.75 -2.07 -0.1 -1.28 14.39 1.17 -1.61 6.47 1.52 -0.79 -1.2 -5.1 -0.51 2.35 5.04 -1.42 29.89 2.56 -0.66 9.02 -0 -0 0 -83.27 5.62 15.25 14.05 -22.8 -2.85 -0 -0 4 28.44 21.23 11.1 -7.12 0 -0 -0.24 53.81 -0.05 -0 -0 0 74.43 -7.04 24.23 -26.58 37.78 -9.24 0 0 0.59 -24.19 4.77 -2.14 7.12 -0 -0 1.85 -24.75 0.91
1.16 18.27 -1.91 3.52 15.32 6.67 0 0 0 -5.55 -9.04 -7.39 1.43 7.56 21.39 0.3 -1.12 -9.96 1.36 -7.39 -20.87 0 0 0 1.54 22.74 -22.63 -2.47 -9.78 28.28 -0.66 -2.27 -16.39 -0.03 1.1 -3.04 -1.44 -0.94 14.94 1.19 -1.33 6.91 2.27 -0.68 -1.01 -4.88 -0.32 2.24 5.36 -1.26 29.45 2.63 -0.54 8.87 -0 0 0 -81.95 4.89 17.17 13.56 -22.11 -2.66 -0 -0 4.33 28.82 20.95 11.13 -7.12 0 -0 0.22 53.58 0.05 -0 0 0 75.04 -7.3 23.59 -27.3 38.46 -9.68 0 0 0.51 -24.32 5.06 -2.28 7.12 -0 -0 1.76 -24.43 0.87
1.4 18.16 -2.22 1.59 13.76 5.78 0 0 0 -5.02 -7.99 -8.27 1.67 8.13 23.12 0.62 -1.44 -14.42 0.85 -5.88 -16.43 0 0 0 1.95 22.92 -23.11 -2.31 -9.49 27.33 -0.47 -0.09 -13.05 -0.07 1.69 -4.66 -2.98 -0.61 15.76 1.18 -1.12 7.4 3.1 -0.62 -0.89 -5.11 0.03 1.77 5.88 -0.88 29.06 2.87 -0.36 8.79 0 -0 0 -80.24 4.24 19.38 13.02 -21.32 -2.46 -0 -0 5.71 28.22 21.92 11.33 -7.12 0 -0 -0.64 54.52 -0.15 0 -0 0 75.84 -7.53 22.76 -28.26 39.36 -10.29 0 0 0.59 -24 4.3 -1.91 7.12 -0 -0 1.99 -25.27 0.95
1.6 18.05 -2.54 -0.12 13.36 5.41 0 0 0 -3.97 -7.51 -9.97 1.87 8.59 24.52 0.9 -3.05 -17.2 0.47 -4.39 -12.19 0 0 0 0.89 24.22 -23.05 -2.01 -8.89 25.44 -0.3 3.12 -9.74 -0.23 3.07 -8.48 -3.93 -0.42 16.38 0.81 -1.03 7.73 3.25 -0.6 -0.85 -4.77 0.01 2.02 6.4 -1.06 28.16 2.95 -0.38 8.44 -0 0 0 -77.24 3.54 23.22 12.48 -20.52 -2.27 -0 -0 6.25 27.6 21.27 10.74 -7.12 0 -0 -1.14 53.69 -0.24 -0 0 0 77.84 -8.27 20.95 -29.51 40.47 -11.09 0 -0 -0.26 -23.97 3.47 -1.54 7.12 -0 -0 2.01 -26.18 0.92
1.75 17.99 -2.85 -2.52 13.84 5.22 0 0 0 -1.19 -6.89 -13.71 2.36 9.58 27.61 0.8 -6.26 -15.92 0.83 -5.82 -16.26 0 0 0 -0.37 26.44 -22.59 -1.63 -8.04 22.85 -0.07 6.41 -6.02 -0.42 4.16 -11.54 -3.84 -0.43 16.84 0.78 -1.04 7.94 3.16 -0.6 -0.87 -4.6 0.03 2.06 6.73 -1.11 27.86 3.02 -0.37 8.32 -0 -0 0 -74.25 2.41 26.4 12.18 -20.08 -2.16 -0 -0 8.04 25.92 22.75 10.64 -7.12 0 -0 -3.32 54.95 -0.81 -0 -0 0 79.76 -9.03 19.42 -30.15 41.02 -11.51 0 -0 -1 -23.48 2.06 -0.89 7.12 -0 -0 2.39 -27.74 1.01
1.84 17.96 -3.11 -4.01 13.72 4.83 0 0 0 0.24 -6 -16.55 2.87 10.48 30.54 0.77 -7.55 -15.77 0.86 -5.92 -16.56 0 0 0 -1.33 26.76 -22.28 -1.48 -7.69 21.78 0.08 8.11 -3.92 -1.04 6.49 -18.21 -4.27 0.01 17.26 0.55 -0.53 8.61 3.08 -0.38 -0.41 -4.83 0.06 1.84 6.95 -1.07 27.2 3.12 -0.36 8.13 0 0 0 -72.2 -0.1 26.09 11.6 -19.2 -1.97 -0 -0 10.24 25.64 24.13 11.1 -7.12 0 -0 -4.08 56.35 -1.14 0 0 0 81.27 -9.55 18.86 -29.97 40.87 -11.39 0 -0 -2.79 -24.29 2.26 -1.02 7.12 -0 -0 1.77 -27.49 0.75
1.9 17.94 -3.38 -5.2 13.53 4.74 0 0 0 1.38 -6.68 -18.57 3.24 11.07 32.53 0.8 -7.11 -16.02 0.99 -6.33 -17.75 0 0 0 -2.09 26.17 -22.58 -1.67 -8.15 23.16 -0.11 5.67 -6.68 -0.85 5.88 -16.42 -4.41 0.49 17.83 0.25 0.05 8.94 2.75 -0.09 -0.41 -5.14 0.18 1.96 7.08 -0.88 26.88 3.22 -0.29 7.99 0 -0 0 -70.74 -0.98 25.36 11.9 -19.66 -2.07 -0 -0 10.34 26.13 24.77 11.62 -7.12 0 -0 -3.77 57.15 -1.12 0 -0 0 82.13 -10.28 19.48 -29.37 40.35 -11 0 -0 -3.05 -23.2 3.16 -1.35 7.12 -0 -0 2.6 -26.54 1.16
1.93 17.95 -3.6 -7.02 13 3.67 0 0 0 3.12 -7.37 -18.8 3.48 11.43 33.74 0.82 -6.51 -16.17 0.79 -5.67 -15.84 0 0 0 -0.71 23.9 -22.36 -2.1 -9.07 26 -0.21 4.04 -8.11 -1.24 7.07 -19.94 -3.32 1.15 19.07 0.15 1.03 9.52 1.84 0.43 -0.48 -5.33 0.23 2.1 7.05 -0.77 26.38 3.24 -0.26 7.78 0 0 0 -69.91 -1.93 25.65 12.2 -20.1 -2.17 -0 -0 9.72 25.85 24.8 11.49 -7.12 0 -0 -4.09 57.11 -1.21 0 0 0 82.45 -10.99 20.78 -28.23 39.33 -10.27 0 -0 -1.97 -22.38 5.41 -2.23 7.12 -0 -0 3.21 -24.13 1.62
1.91 17.97 -3.77 -6.39 11.86 3.55 0 0 0 2.21 -7.38 -18.59 3.44 11.38 33.58 0.79 -5.15 -15.9 0.67 -5.22 -14.53 0 0 0 -2.31 22.6 -23.24 -2.81 -10.38 30.21 -0.12 3.18 -6.11 -0.94 6.18 -17.3 -5.15 2.17 19.67 -0.34 2.03 10.21 2.16 0.86 -0.11 -5.34 0.38 1.57 6.77 -0.47 26.08 3.16 -0.13 7.76 -0 0 0 -69.83 -2.73 26.02 12.45 -20.47 -2.26 -0 -0 8.96 25.06 24.36 10.91 -7.12 0 -0 -4.78 56.47 -1.35 -0 0 0 81.87 -10.87 23.44 -26.65 37.84 -9.28 0 0 1.11 -21.17 3.67 -1.42 7.12 -0 -0 4.14 -26.04 1.9
1.84 18 -3.95 -6.66 11.69 3.73 0 0 0 2.68 -7.46 -19.44 3.44 11.38 33.58 0.74 -4.61 -15.32 0.54 -4.73 -13.14 0 0 0 -2.87 21.19 -24.41 -3.62 -11.64 34.46 -0.03 0.65 -3.12 -0.41 4.13 -11.45 -5.61 2.67 20.42 -0.56 2.55 10.46 2.06 1.11 -0.25 -5.55 0.54 1.65 7 -0.26 25.48 3.27 -0.03 7.52 -0 0 0 -70.25 -2.77 26.87 12.76 -20.94 -2.37 -0 -0 7.54 23.89 24.22 10.3 -7.12 0 -0 -5.99 56.08 -1.63 -0 0 0 81.27 -10.9 25.35 -25.82 37.03 -8.78 0 0 2.8 -25.76 8.28 -3.97 7.12 -0 -0 0.8 -20.8 0.46
1.73 17.99 -4.11 -6.71 12.28 4.18 0 0 0 3.22 -7.5 -21.12 3.5 11.46 33.85 0.63 -4.68 -14.09 0.52 -4.62 -12.83 0 0 0 -2.9 18.63 -25.74 -4.62 -12.95 39.17 0.02 -2.22 -0.76 -0.39 4 -11.07 -5.76 2.85 21.36 -0.89 2.7 10.7 1.74 1.19 -0.46 -5.45 0.51 1.35 7.36 -0.35 24.98 3.36 -0.03 7.41 0 -0 0 -70.69 -2.8 28.29 13.41 -21.88 -2.6 -0 -0 4.78 21.68 25.95 9.87 -7.12 0 -0 -9.09 57.39 -2.77 0 -0 0 80.9 -10.53 26.08 -25.75 36.96 -8.74 0 0 2.75 -25.62 7.12 -3.4 7.12 -0 -0 0.85 -22.09 0.47
1.57 17.95 -4.25 -7 13.28 5.16 0 0 0 4.35 -7.6 -23.93 3.64 11.66 34.56 0.53 -4.91 -12.98 0.6 -4.95 -13.76 0 0 0 -2.38 15.96 -27.55 -5.62 -14.05 43.43 0.04 -5.1 2.02 -0.13 2.36 -6.5 -5.52 2.93 21.98 -1.01 2.8 10.8 1.43 1.25 -0.65 -5.24 0.34 1.44 7.57 -0.59 23.99 3.35 -0.11 7.08 0 -0 0 -71.4 -3.09 29.58 13.37 -21.83 -2.59 -0 -0 4.88 21.69 23.65 9.07 -7.12 0 -0 -8.09 55.04 -2 0 -0 0 80.53 -10.12 26.11 -25.56 36.77 -8.62 0 0 3.62 -25.52 6.44 -3.06 7.12 -0 -0 0.91 -22.85 0.48
1.38 17.85 -4.41 -7.86 14.65 6.12 0 0 0 6.37 -7.96 -27.6 4.01 12.18 36.37 0.45 -5.9 -12 0.48 -4.45 -12.35 0 0 0 -0.67 12.89 -29.29 -6.51 -14.9 46.99 0.04 -7.58 4.41 -0.16 2.58 -7.12 -4.47 2.54 22.77 -0.84 2.48 11 1.07 1.13 -0.77 -5.7 0.23 0.98 7.77 -0.7 23.08 3.47 -0.19 6.87 0 0 0 -72.7 -3.71 30.22 13.6 -22.16 -2.68 -0 -0 4.5 20.96 23.3 8.62 -7.12 0 -0 -8.7 54.53 -2.05 0 0 0 79.39 -9.12 26.71 -25.63 36.85 -8.67 0 0 3.36 -25.26 6.18 -2.91 7.12 -0 -0 1.08 -23.16 0.57
1.14 17.66 -4.57 -7.6 15.57 7.73 0 0 0 7.58 -8.24 -32.1 4.56 12.88 38.9 0.39 -6.63 -11.4 0.55 -4.76 -13.24 0 0 0 0.22 10.67 -31.39 -7.51 -15.75 50.79 0.28 -10.13 0.65 -0.63 5.06 -14.08 -4.44 2.57 23.66 -0.99 2.47 11.01 0.87 1.14 -1.19 -5.59 -0 0.39 7.85 -0.98 22.2 3.45 -0.3 6.71 0 -0 0 -73.29 -4.5 32.47 14.03 -22.78 -2.84 -0 -0 2.79 19.94 23.11 8.1 -7.12 0 -0 -9.67 54.13 -2.19 0 -0 0 78.61 -8.18 26.94 -25.72 36.93 -8.72 0 0 2.85 -25.75 5.75 -2.77 7.12 -0 -0 0.71 -23.6 0.37
0.89 17.41 -4.72 -6.74 16.11 9.11 0 0 0 8.1 -7.72 -36.47 5.25 13.66 41.88 0.29 -8.28 -10.46 0.52 -4.61 -12.8 0 0 0 0.9 8.75 -32.61 -7.89 -16.04 52.16 0.56 -13.41 -7.78 -1.17 6.86 -19.3 -4.95 2.5 24.55 -0.93 2.25 11.44 1.25 1.01 -1.14 -6.9 0.02 -0.52 8.03 -0.84 21.49 3.73 -0.3 6.63 -0 0 0 -74.25 -5.21 34.39 15.02 -24.18 -3.24 -0 -0 1.01 19.31 23.38 7.91 -7.12 0 -0 -10.43 54.29 -2.4 -0 0 0 76.55 -6.39 28.06 -25.55 36.76 -8.62 0 0 2.65 -26.17 5.67 -2.78 7.12 -0 -0 0.4 -23.66 0.21
0.63 17.14 -4.88 -5.88 16.49 10.2 0 0 0 8.62 -7.29 -40.43 6.02 14.45 45.07 0.2 -9.78 -9.8 0.55 -4.73 -13.14 0 0 0 1.42 6.91 -33.27 -7.83 -15.99 51.94 -0.09 -10.75 -16.52 -1.77 8.36 -23.82 -4.54 2.5 25.89 -1.27 2.27 11.78 0.61 1.05 -1.38 -6.53 -0.09 -1.32 7.95 -0.92 20.89 3.63 -0.31 6.58 -0 0 0 -74.8 -7.19 36.44 15.16 -24.36 -3.29 -0 -0 1.2 18.6 23.36 7.6 -7.12 0 -0 -11.13 54.13 -2.52 -0 0 0 75.44 -4.8 28.44 -25.23 36.44 -8.43 0 0 3.19 -26.8 5.4 -2.72 7.12 -0 -0 -0.08 -23.94 -0.04
0.42 16.86 -5.08 -5.22 15.93 11.25 0 0 0 9.23 -6.62 -44.1 6.82 15.17 48.17 0.14 -10.62 -9.45 0.57 -4.82 -13.4 0 0 0 0.65 7.1 -35.96 -8.34 -16.36 53.77 -0.52 -8.79 -19.52 -1.75 8.32 -23.69 -4.06 2.49 27.63 -1.51 2.26 12 0.03 1.08 -1.92 -6.3 -0.06 -1.67 7.46 -0.79 20.37 3.42 -0.26 6.47 0 -0 0 -75.34 -8.26 37.98 15.82 -25.28 -3.57 -0 -0 0.13 19 22.27 7.44 -7.12 0 -0 -10.29 53.11 -2.07 0 -0 0 73.71 -2.51 29.11 -24.6 35.8 -8.06 0 0 4.7 -26.75 5.12 -2.58 7.12 -0 -0 -0.05 -24.25 -0.03
0.26 16.59 -5.3 -4.53 14.96 12.54 0 0 0 9.79 -6.5 -47.55 7.62 15.83 51.18 0.14 -10.8 -9.55 0.47 -4.42 -12.25 0 0 0 -0.78 7.21 -40.19 -9.21 -16.94 56.82 -0.75 -7.18 -20.45 -1.7 8.21 -23.35 -3.66 2.24 29.15 -1.71 1.95 12.29 -0.37 0.95 -2.26 -6.11 0.23 -2.05 7 -0.3 19.76 3.26 -0.04 6.31 0 -0 0 -76.37 -9.31 38.36 16.15 -25.72 -3.71 -0 0 -1.4 18.62 24.11 7.84 -7.12 0 -0 -11.45 54.89 -2.81 0 -0 0 71.6 0.78 29.74 -24.3 35.48 -7.88 0 0 5.32 -25.92 4.48 -2.17 7.12 -0 -0 0.55 -25.01 0.27
0.12 16.36 -5.52 -3.59 14.44 13.93 0 0 0 9.84 -6.07 -51.14 8.3 16.33 53.63 0.09 -11.24 -9.13 0.45 -4.31 -11.96 0 0 0 -2.06 6.9 -44.4 -10.06 -17.44 59.68 -0.83 -7.53 -21.5 -1.65 8.09 -22.98 -3.73 1.8 30.26 -1.77 1.35 12.71 -0.23 0.65 -2.27 -5.67 0.55 -2.53 6.58 0.18 19.39 3.07 0.19 6.25 -0 -0 0 -77.1 -10.49 39.39 16.27 -25.89 -3.76 -0 0 -3.02 21.3 22.67 8.55 -7.12 0 -0 -8.1 53.94 -1.79 -0 -0 0 69.46 4.2 30.28 -24.07 35.24 -7.75 0 0 5.92 -27.02 5.2 -2.65 7.12 -0 -0 -0.25 -24.14 -0.12
0.01 16.13 -5.72 -3.63 13.66 14.21 0 0 0 10.62 -5.27 -53.43 8.93 16.76 55.83 0.04 -11.77 -8.85 0.48 -4.43 -12.28 0 0 0 -2.25 7.32 -47.4 -10.85 -17.86 62.3 -0.93 -8.01 -22.81 -1.6 7.97 -22.61 -3.2 1.45 31.55 -1.68 1.02 13.38 -0.35 0.5 -2.06 -5.25 0.81 -2.53 6.62 0.49 18.93 3.02 0.36 6.08 -0 0 0 -77.17 -11.83 40.64 16.21 -25.81 -3.74 -0 0 -3.63 21.48 22.85 8.69 -7.12 0 -0 -7.99 54.17 -1.81 -0 0 0 68.31 7.49 30.23 -24.35 35.53 -7.91 0 0 6.29 -28.41 4.1 -2.22 7.12 -0 -0 -1.33 -25.32 -0.63
-0.06 15.92 -5.91 -3.47 13.01 14.41 0 0 0 11.11 -4.8 -55.45 9.57 17.16 58.05 0.02 -12.27 -8.84 0.45 -4.31 -11.96 0 0 0 -2.64 7.65 -49.57 -11.42 -18.13 64.12 -1.14 -8.14 -24.66 -1.33 7.3 -20.6 -2.38 0.99 33.82 -1.86 0.58 13.19 -0.87 0.34 -2.75 -4.76 0.86 -2.43 6.66 0.5 19.09 2.95 0.4 6.11 0 -0 0 -76.7 -12.32 41.87 16.3 -25.93 -3.78 -0 0 -3.69 21.25 25.15 9.39 -7.12 0 -0 -9.18 56.48 -2.6 0 -0 0 68.1 9.08 30.13 -25.09 36.3 -8.34 0 0 6.15 -29.1 4.56 -2.53 7.12 -0 -0 -1.83 -24.77 -0.89
-0.1 15.68 -6.07 -2.66 12.21 14.7 0 0 0 10.82 -4.38 -57.49 10.31 17.58 60.51 -0.02 -12.92 -8.8 0.37 -3.93 -10.88 0 0 0 -3.87 7.65 -51.03 -11.8 -18.3 65.35 -1.47 -7.32 -26.56 -1.35 7.36 -20.78 -2.67 0.76 34.78 -1.87 0.19 13.67 -0.61 0.14 -2.57 -4.96 0.85 -2.69 6.82 0.48 18.91 3.04 0.39 6.1 0 0 0 -76.37 -12.73 42.28 16.93 -26.77 -4.06 -0 0 -3.72 23.57 25.77 10.74 -7.12 0 -0 -6.97 57.62 -2.16 0 0 0 67.79 10.67 30.87 -25.89 37.1 -8.82 0 0 5.2 -29.19 4.68 -2.61 7.12 -0 -0 -1.89 -24.62 -0.93
-0.09 15.42 -6.24 -1.98 10.77 14.46 0 0 0 10.45 -3.58 -59.05 11.26 18.06 63.61 0.02 -13.5 -9.69 0.42 -4.16 -11.53 0 0 0 -6.02 8.4 -53.26 -12.68 -18.66 68.11 -1.51 -6.02 -26.09 -1.46 7.63 -21.6 -2.99 0.67 36.02 -1.89 -0.07 14.01 -0.39 -0 -2.61 -5.81 0.9 -2.91 6.68 0.65 18.8 3.14 0.4 6.09 -0 -0 0 -76.47 -12.69 41.49 17.74 -27.83 -4.43 -0 0 -3.6 24.98 25.17 11.21 -7.12 0 -0 -5.18 57.31 -1.56 -0 -0 0 67.4 11.55 33.1 -26.42 37.62 -9.14 0 0 4.4 -28.97 4.68 -2.59 7.12 -0 -0 -1.73 -24.63 -0.85
-0.06 15.17 -6.39 -1.8 9.38 13.86 0 0 0 10.55 -2.7 -60.23 12.24 18.49 66.74 0.05 -14.1 -10.52 0.43 -4.22 -11.7 0 0 0 -7.17 8.5 -55.43 -13.47 -18.94 70.57 -1.44 -5.32 -25.16 -1.59 7.95 -22.57 -2.95 0.72 37.03 -1.63 -0.04 14.22 -0.16 0 -2.58 -6.66 0.93 -2.76 6.49 0.8 18.62 3.23 0.4 6 -0 0 0 -76.77 -12.3 41.34 18.59 -28.91 -4.83 -0 0 -3.45 25.21 25.32 11.38 -7.12 0 -0 -4.99 57.52 -1.53 -0 0 0 66.94 11.51 35.85 -27.03 38.21 -9.52 0 0 3.98 -28 5.2 -2.76 7.12 -0 -0 -0.98 -24.1 -0.49
0.01 14.9 -6.52 -1.05 7.94 12.95 0 0 0 9.97 -2.04 -61.22 13.41 18.93 70.4 0.18 -14.45 -12.15 0.59 -4.91 -13.66 0 0 0 -9.05 8.13 -56.93 -14.28 -19.2 73.05 -1.51 -3.22 -24.59 -1.72 8.27 -23.53 -3.27 0.92 37.76 -1.43 0.08 14.6 0.16 0.03 -2.39 -6.75 0.97 -2.49 5.45 1.01 18.47 2.92 0.42 5.91 -0 0 0 -77.05 -11.72 41.95 19.84 -30.45 -5.45 -0 0 -3.38 26.77 23.18 11.23 -7.12 0 -0 -2.55 55.59 -0.66 -0 0 0 66.57 11.11 38.71 -27.59 38.73 -9.86 0 0 3.64 -27.36 5.81 -3 7.12 -0 -0 -0.48 -23.44 -0.25
0.09 14.57 -6.63 -1.07 6.84 11.85 0 0 0 10.33 -1.26 -62.46 14.71 19.31 74.35 0.3 -14.69 -13.46 0.9 -6.04 -16.89 0 0 0 -10.2 7.8 -58.56 -15.26 -19.45 76.01 -1.57 -0.84 -24.02 -1.43 7.57 -21.41 -2.79 0.97 38.04 -1.08 0.31 15.04 0.21 0.13 -2.01 -6.99 0.93 -2.57 5.25 1.01 18.93 2.9 0.39 6.07 0 0 0 -77.27 -11.23 42.93 20.97 -31.8 -6.04 -0 0 -1.82 27.21 22.29 11.04 -7.12 0 -0 -1.82 54.72 -0.43 0 0 0 66.43 10.53 41.98 -28.23 39.33 -10.27 0 0 1.61 -27.55 5.84 -3.04 7.12 -0 -0 -0.62 -23.4 -0.32
0.19 14.26 -6.74 -0.95 5.58 11.03 0 0 0 10.66 -0.8 -63.66 15.95 19.6 78.09 0.43 -14.75 -14.65 1.06 -6.56 -18.41 0 0 0 -11.5 7.38 -60.49 -16.1 -19.63 78.54 -1.52 0.97 -23.06 -1.53 7.81 -22.14 -2.22 1.03 38.04 -0.96 0.55 15.23 -0.04 0.26 -1.8 -6.44 0.87 -2.99 4.45 1.02 19.79 2.57 0.37 6.43 0 -0 0 -77.06 -10.31 45.41 22.18 -33.18 -6.69 -0 0 -0.94 28.4 21.22 11.07 -7.12 0 -0 -0.29 53.8 -0.06 0 -0 0 66.95 9.68 44.76 -29.07 40.09 -10.81 0 -0 -0.74 -26.22 6.02 -2.95 7.12 -0 -0 0.37 -23.28 0.2
0.31 13.96 -6.85 -0.16 3.56 9.82 0 0 0 9.99 0.28 -64.15 17.23 19.81 81.87 0.63 -14.61 -16.35 1.37 -7.42 -20.96 0 0 0 -13.56 7.41 -62.15 -16.88 -19.76 80.83 -1.45 2.21 -22.18 -1.88 8.61 -24.59 -2.68 1.6 38.21 -1.03 1.05 15.51 -0.04 0.47 -1.56 -6.28 0.75 -3.05 4.44 0.86 19.7 2.53 0.3 6.42 -0 0 0 -76.75 -9.52 48.15 23.52 -34.65 -7.43 -0 0 -1.61 28.55 21.13 11.1 -7.12 0 -0 -0.1 53.73 -0.02 -0 0 0 67.44 9.14 47.44 -29.91 40.81 -11.35 0 -0 -2.74 -25.83 6.41 -3.09 7.12 -0 -0 0.67 -22.86 0.36
0.42 13.65 -6.95 0.04 2.17 8.72 0 0 0 10.15 1.25 -64.99 18.46 19.94 85.5 0.75 -15.01 -17.45 1.41 -7.5 -21.2 0 0 0 -15.01 7.26 -63.66 -17.71 -19.87 83.3 -1.44 4.5 -21.65 -1.38 7.44 -21.03 -2.42 1.74 38.56 -1.06 1.28 15.57 -0.3 0.58 -1.6 -5.82 0.69 -3.54 4.34 0.76 19.95 2.43 0.28 6.59 -0 0 0 -76.27 -8.28 50.53 24.99 -36.19 -8.28 -0 0 -3.83 28.77 21.42 11.34 -7.12 0 -0 0.06 54.09 0.01 -0 0 0 68.73 8.73 49.7 -30.51 41.32 -11.74 0 -0 -4.43 -25.42 7.8 -3.69 7.12 -0 -0 1.03 -21.36 0.58
0.53 13.36 -7.04 0.38 1.14 7.57 0 0 0 10.16 1.77 -65.61 19.6 20 88.82 0.89 -15.11 -18.62 1.5 -7.74 -21.94 0 0 0 -16.32 6.91 -64.95 -18.46 -19.94 85.5 -1.42 4.88 -21.46 -2.12 9.12 -26.16 -2.14 1.83 38.73 -0.94 1.45 15.49 -0.37 0.67 -1.74 -4.66 0.42 -2.88 2.99 0.5 19.75 1.77 0.14 6.44 0 -0 0 -76.26 -7.08 52.64 25.94 -37.15 -8.85 -0 0 -6.05 29.08 21.51 11.53 -7.12 0 -0 0.37 54.26 0.09 0 -0 0 69.62 7.85 51.49 -31.21 41.91 -12.21 0 -0 -6.63 -25.65 7.31 -3.5 7.12 -0 -0 0.84 -21.88 0.47
0.62 13.05 -7.13 0.07 0.25 6.38 0 0 0 10.96 2.98 -66.57 20.72 19.99 92.1 0.94 -15.75 -19.19 1.49 -7.72 -21.87 0 0 0 -17.04 6.95 -66.08 -19.22 -19.99 87.71 -1.4 6.51 -21.22 -1.81 8.45 -24.1 -1.63 1.83 39.09 -0.68 1.62 15.38 -0.42 0.75 -1.97 -4.75 0.31 -2.82 3.48 0.27 20.01 1.93 0.06 6.52 0 -0 0 -76.27 -5.93 54.18 26.52 -37.72 -9.2 -0 0 -6.63 29.58 21.19 11.59 -7.12 0 -0 0.98 54 0.22 0 -0 0 70.51 7.29 52.75 -31.87 42.44 -12.65 0 -0 -9.09 -28.28 7.79 -4.17 7.12 -0 -0 -1.05 -21.14 -0.6
0.7 12.75 -7.21 0.38 -0.1 5.17 0 0 0 11.07 3.53 -67.39 21.76 19.93 95.15 1.04 -15.98 -19.99 1.6 -7.99 -22.68 0 0 0 -18.29 6.26 -66.95 -19.95 -20 89.85 -1.39 7.17 -21.1 -1.86 8.56 -24.43 -1.8 1.75 39.1 -0.3 1.47 15.34 0.11 0.65 -2.04 -4.94 0.29 -1.95 3.29 0.25 19.38 1.89 0.02 6.17 -0 0 0 -76.52 -4.43 55.18 27.39 -38.55 -9.74 -0 0 -7.02 30.15 20.28 11.38 -7.12 0 -0 1.75 53.11 0.35 -0 0 0 70.98 6.25 53.94 -32.9 43.25 -13.35 0 -0 -13.54 -21.48 5.68 -2.23 7.12 -0 -0 3.88 -23.88 1.98
0.76 12.45 -7.26 -0.58 -1.07 3.35 0 0 0 12.74 5.28 -67.41 22.81 19.81 98.25 1.08 -16.87 -20.55 1.67 -8.14 -23.13 0 0 0 -18.01 6.71 -67.43 -20.72 -19.99 92.12 -1.4 7.22 -21.13 -1.92 8.71 -24.88 -0.84 1.77 38.96 -0.02 1.83 15.82 -0.2 0.84 -1.45 -5.05 0.05 -2.29 3.74 -0.12 19.16 2.03 -0.13 6.17 -0 0 0 -76.15 -3.54 56.25 28.14 -39.24 -10.21 -0 0 -7.3 29.31 19.2 10.46 -7.12 0 -0 1.07 51.75 0.18 -0 0 0 71.85 5.74 53.44 -34.02 44.1 -14.13 0 -0 -19.74 -23.69 6.47 -2.83 7.12 -0 -0 2.25 -22.92 1.2
0.82 12.15 -7.31 1.26 -1.06 1.95 0 0 0 11.25 5.06 -67.73 23.78 19.65 101.11 1.24 -16.82 -21.64 1.69 -8.18 -23.27 0 0 0 -20.99 5.11 -68.06 -21.56 -19.94 94.56 -1.39 7.78 -21.07 -1.83 8.5 -24.26 -2.29 1.81 38.78 -0.02 1.4 15.86 0.69 0.57 -1.38 -5.6 -0.03 -2.51 3.85 -0.19 19.06 2.15 -0.19 6.18 -0 0 0 -75.7 -1.63 58.22 29.48 -40.44 -11.07 -0 0 -9.31 29.5 16.31 9.03 -7.12 0 -0 1.69 48.55 0.15 -0 0 0 71.82 4.47 53.79 -35.38 45.08 -15.09 0 -0 -22.22 -25.13 7.61 -3.56 7.12 -0 -0 1.23 -21.58 0.69
0.84 11.85 -7.35 0.34 -1.15 -0.11 0 0 0 13.18 6.1 -67.59 24.71 19.46 103.88 1.15 -18.12 -21.49 1.55 -7.87 -22.31 0 0 0 -20.5 4.96 -67.94 -22.39 -19.86 97.01 -1.44 7.09 -21.48 -1.79 8.4 -23.95 -1.73 1.73 38.94 0.47 1.51 15.94 0.89 0.61 -1.35 -5.72 -0.13 -2.3 3.82 -0.31 18.65 2.15 -0.26 6.02 0 -0 0 -74.67 0.74 60.82 31.59 -42.22 -12.47 -0 0 -11.01 30.74 15.31 8.92 -7.12 0 -0 3.01 47.62 0.19 0 -0 0 71.8 3.07 53.64 -36.9 46.12 -16.17 0 -0 -26.22 -25.24 6.69 -3.14 7.12 -0 -0 1.11 -22.59 0.6
0.85 11.59 -7.4 0.89 -0.88 -2.11 0 0 0 13.28 5.88 -67.15 25.45 19.27 106.14 1.32 -17.56 -22.43 1.73 -8.29 -23.59 0 0 0 -21.79 4.06 -67.51 -23.09 -19.77 99.06 -1.42 7.9 -21.35 -1.66 8.12 -23.09 -2.1 1.55 39.13 0.4 1.17 15.96 1.1 0.44 -1.38 -5.85 -0.2 -2.47 4.02 -0.43 18.23 2.23 -0.31 5.92 0 -0 0 -73.61 3.05 62.34 33.95 -44.05 -14.08 -0 0 -13.84 29.94 15.91 8.97 -7.12 0 -0 2.17 48.18 0.17 0 -0 0 71.67 1.74 54.28 -38.39 47.09 -17.25 0 -0 -28.45 -27.08 8.04 -4.09 7.12 -0 -0 -0.17 -20.96 -0.1
0.88 11.34 -7.42 1.01 -1.15 -4.18 0 0 0 13.98 6.41 -66.31 26.16 19.07 108.28 1.37 -18.18 -22.91 1.67 -8.15 -23.17 0 0 0 -22.57 4.3 -67.07 -23.69 -19.67 100.85 -1.39 8.57 -21.11 -1.62 8.02 -22.78 -2.18 1.53 39.1 0.42 1.12 16.11 1.19 0.4 -1.2 -6.19 -0.34 -2.91 4.09 -0.56 17.92 2.3 -0.38 5.91 0 -0 0 -72.98 5.17 63.65 35.98 -45.5 -15.51 -0 0 -15.78 28.84 19.73 10.53 -7.12 0 -0 0.49 52.25 0.09 0 -0 0 71.23 0.83 55.35 -39.49 47.77 -18.06 0 -0 -29.84 -28.3 7.4 -3.96 7.12 -0 -0 -1.08 -21.59 -0.61
0.88 11.12 -7.46 0.86 -1.22 -5.97 0 0 0 14.99 6.77 -65.81 26.77 18.86 110.17 1.39 -18.55 -23.2 1.73 -8.28 -23.56 0 0 0 -22.99 4.57 -66.68 -24.22 -19.57 102.42 -1.35 9.38 -20.84 -1.6 7.98 -22.66 -2.16 1.42 38.82 0.57 1 16.22 1.38 0.33 -0.99 -6.67 -0.49 -3.37 4.06 -0.69 17.2 2.35 -0.46 5.78 0 0 0 -72.47 7.14 64.71 37.92 -46.79 -16.9 -0 0 -17.53 29.57 19.37 10.66 -7.12 0 -0 1.31 51.99 0.23 0 0 0 70.53 0.12 56.91 -40.38 48.3 -18.72 0 -0 -31.02 -28.21 5.78 -3.09 7.12 -0 -0 -1.11 -23.43 -0.58
0.9 10.91 -7.47 1.25 -1.66 -7.54 0 0 0 15.32 7.53 -65.14 27.32 18.66 111.88 1.42 -19 -23.55 1.67 -8.15 -23.17 0 0 0 -24.02 5.14 -66.59 -24.63 -19.48 103.64 -1.29 10.09 -20.48 -1.54 7.83 -22.2 -2.07 1.5 38.52 0.37 1.12 16.11 1.09 0.4 -1.02 -7.15 -0.94 -3.71 4.35 -1.25 16.2 2.48 -0.73 5.56 0 -0 0 -71.37 9 65.94 40.04 -48.1 -18.47 -0 0 -18.67 29.56 18.95 10.44 -7.12 0 -0 1.37 51.52 0.22 0 -0 0 70.36 -1.06 57.97 -41.38 48.87 -19.47 0 -0 -31.76 -31.14 4.71 -2.84 7.12 -0 -0 -3.34 -24.49 -1.66
0.91 10.73 -7.5 1.67 -1.74 -8.76 0 0 0 15.47 7.85 -64.91 27.78 18.48 113.32 1.47 -19.23 -23.91 1.66 -8.12 -23.08 0 0 0 -25.1 5.2 -66.66 -25.03 -19.38 104.86 -1.19 11.09 -19.84 -1.32 7.27 -20.52 -2.11 1.53 38.09 0.38 1.16 15.98 1.12 0.43 -1.03 -8.08 -1.44 -3.88 4.9 -1.87 14.14 2.76 -1.03 5 -0 0 0 -70.54 10.62 66.88 42.45 -49.46 -20.28 -0 0 -19.39 29 19.5 10.48 -7.12 0 -0 0.7 52.02 0.12 -0 0 0 70.08 -1.91 58.86 -42.04 49.23 -19.97 0 -0 -32.66 -34.2 6.12 -4.15 7.12 -0 -0 -5.48 -22.6 -2.97
0.91 10.57 -7.56 1.79 -1.76 -9.74 0 0 0 15.93 8.2 -65.01 28.11 18.34 114.38 1.41 -19.6 -23.66 1.67 -8.15 -23.18 0 0 0 -25.71 5.26 -66.9 -25.35 -19.3 105.83 -1.11 11.68 -19.32 -1.21 6.98 -19.65 -1.8 1.51 38 0.43 1.24 15.75 0.98 0.48 -1.26 -8.01 -2.1 -5.02 4.39 -2.58 12.75 2.53 -1.38 4.81 -0 -0 0 -69.64 11.55 68.04 44.19 -50.37 -21.62 -0 0 -20.52 28.56 19.66 10.38 -7.12 0 -0 0.21 52.12 0.04 -0 -0 0 70.23 -2.81 59.3 -42.86 49.68 -20.59 0 -0 -33.56 -36.52 5.31 -3.92 7.12 -0 -0 -7.26 -23.4 -3.81
0.91 10.48 -7.61 1.87 -1.92 -10.8 0 0 0 16.28 8.56 -64.56 28.3 18.26 114.96 1.32 -20.08 -23.33 1.64 -8.07 -22.94 0 0 0 -25.99 5.64 -66.66 -25.52 -19.25 106.35 -1.07 11.98 -19.1 -1.1 6.65 -18.69 -1.61 1.5 37.86 0.49 1.29 15.79 0.93 0.52 -1.17 -9.19 -3.03 -4.19 5.37 -3.84 8.78 2.96 -1.96 3.58 0 0 0 -69 12.1 68.68 45.73 -51.12 -22.81 -0 0 -21.5 27.81 19.62 10.05 -7.12 0 -0 -0.54 51.93 -0.09 0 0 0 70.11 -3.11 59.76 -43.56 50.04 -21.13 0 -0 -34.92 -39.79 6.36 -5.27 7.12 -0 -0 -9.47 -21.76 -5.36
0.9 10.41 -7.69 1.79 -1.88 -11.94 0 0 0 16.67 8.69 -64.12 28.39 18.22 115.24 1.24 -20.19 -22.85 1.76 -8.35 -23.79 0 0 0 -25.9 6.04 -66.13 -25.65 -19.22 106.72 -1.07 11.86 -19.03 -1.09 6.64 -18.67 -1.35 1.25 37.7 0.48 1.07 15.93 0.85 0.42 -1.11 -10.02 -3.8 -3.78 6.27 -4.84 5.7 3.33 -2.42 2.71 0 -0 0 -68.46 12.4 69.18 46.62 -51.54 -23.5 -0 0 -22.47 28.2 19.57 10.18 -7.12 0 -0 -0.14 51.95 -0.02 0 -0 0 70.04 -3.11 60.15 -43.77 50.15 -21.29 0 -0 -35.14 -42.74 5.23 -4.82 7.12 -0 -0 -11.76 -22.91 -6.38
0.9 10.37 -7.75 2.13 -1.74 -13.21 0 0 0 16.48 8.39 -63.29 28.47 18.18 115.52 1.16 -20.35 -22.42 1.63 -8.05 -22.86 0 0 0 -26.21 6.59 -65.32 -25.73 -19.19 106.98 -1.06 11.42 -18.85 -1.02 6.44 -18.06 -1.66 1.18 37.54 0.41 0.9 15.8 1 0.32 -1.2 -10.42 -4.71 -3.69 7.03 -6.04 3.84 3.59 -2.99 2.27 0 -0 0 -67.68 13.12 69.64 48.1 -52.2 -24.66 -0 0 -23.78 27.08 20.58 10.19 -7.12 0 -0 -1.52 52.84 -0.29 0 -0 0 69.82 -3.32 60.73 -43.81 50.17 -21.32 0 -0 -34.97 -42.79 5.55 -5.11 7.12 -0 -0 -11.74 -22.48 -6.49
0.89 10.4 -7.82 2.29 -1.51 -14.42 0 0 0 16.06 7.48 -62.02 28.33 18.25 115.07 1.15 -19.56 -22.09 1.62 -8.03 -22.82 0 0 0 -25.86 7.53 -64.09 -25.67 -19.21 106.79 -1.09 9.67 -18.86 -0.93 6.16 -17.25 -1.81 0.97 36.94 0.26 0.6 15.77 1.03 0.18 -1.04 -10.97 -5.47 -3.53 8.02 -7.04 2.16 3.96 -3.47 1.89 0 -0 0 -66.7 13.47 70.13 48.79 -52.49 -25.21 -0 0 -25.33 25.49 20.74 9.58 -7.12 0 -0 -3.19 52.71 -0.61 0 -0 0 69.87 -3.31 61.26 -43.89 50.21 -21.38 0 -0 -35.39 -42.46 6.05 -5.51 7.12 -0 -0 -11.42 -21.85 -6.47
0.86 10.35 -7.87 1.57 -1.54 -15.6 0 0 0 17.34 7.22 -61.41 28.46 18.19 115.47 1.09 -19.4 -21.63 1.57 -7.9 -22.4 0 0 0 -24.74 8.69 -63.39 -25.9 -19.14 107.5 -1.11 8.63 -18.87 -0.69 5.31 -14.78 -1.34 0.76 36.77 0.39 0.49 15.41 0.96 0.14 -1.37 -11.71 -6.35 -2.75 9.2 -8.23 0.12 4.42 -4.06 1.35 -0 -0 0 -65.64 14.22 70.89 49.14 -52.64 -25.49 -0 0 -24.88 26.37 18.79 9.07 -7.12 0 -0 -1.83 50.77 -0.26 -0 -0 0 70.06 -3.77 61.74 -43.9 50.22 -21.39 0 -0 -36.16 -41.8 5.34 -4.76 7.12 -0 -0 -11.07 -22.87 -6.01
0.83 10.32 -7.9 1.87 -1.19 -17.02 0 0 0 17.01 6.3 -60.28 28.56 18.14 115.81 1.12 -18.67 -21.49 1.51 -7.76 -22 0 0 0 -24.8 9.27 -62.25 -26.09 -19.09 108.08 -1.11 7.85 -18.85 -0.55 4.75 -13.19 -1.72 0.68 36.62 0.31 0.27 15.12 1.13 0.03 -1.63 -12.28 -7.12 -2.4 10.22 -9.22 -1.66 4.82 -4.55 0.95 -0 -0 0 -64.61 14.75 71.42 48.27 -52.27 -24.8 -0 0 -22.73 25.76 16.79 7.93 -7.12 0 -0 -2.04 48.49 -0.18 -0 -0 0 70.38 -4.33 62.07 -43.9 50.22 -21.39 0 -0 -37.92 -41.46 4.61 -4.06 7.12 -0 -0 -10.94 -23.85 -5.68
0.81 10.29 -7.92 1.81 -0.89 -18.24 0 0 0 17.12 5.61 -59.66 28.7 18.08 116.26 1.1 -17.85 -21.08 1.51 -7.76 -22 0 0 0 -24.4 9.61 -61.31 -26.25 -19.04 108.55 -1.14 6.91 -19.09 -0.5 4.54 -12.61 -1.64 0.5 36.1 0.15 0.08 14.97 0.99 -0.06 -1.62 -12.36 -7.88 -1.96 11.04 -10.2 -3.66 5.1 -5.05 0.46 -0 -0 0 -63.44 14.6 71.84 46.39 -51.43 -23.32 -0 0 -19.47 26.56 15.35 7.54 -7.12 0 -0 -1.02 47.04 -0.05 -0 -0 0 71.03 -4.84 62.31 -43.47 50 -21.06 0 -0 -38.45 -40.8 5.05 -4.34 7.12 -0 -0 -10.4 -23.35 -5.52
0.78 10.15 -7.91 1.05 -1 -19.43 0 0 0 19 6.02 -59.66 29.11 17.88 117.57 0.91 -18.62 -20.11 1.55 -7.85 -22.27 0 0 0 -23.56 10 -61.09 -26.71 -18.88 109.97 -1.14 6.22 -19.03 -0.26 3.31 -9.14 -0.97 0.31 35.92 0.29 0.06 14.63 0.8 -0.04 -1.93 -12.81 -8.38 -1.78 11.86 -10.81 -4.97 5.43 -5.36 0.19 -0 -0 0 -62.71 14.09 72.28 44.5 -50.52 -21.85 -0 0 -18.15 26.61 14.76 7.27 -7.12 0 -0 -0.89 46.39 -0.03 -0 -0 0 71.32 -5.55 62.43 -43.3 49.91 -20.93 0 -0 -39.64 -40.69 4.65 -3.99 7.12 -0 -0 -10.38 -23.87 -5.38
0.79 10.2 -7.97 1.42 -0.68 -20.79 0 0 0 18.12 4.87 -58.18 29.01 17.93 117.26 0.93 -17.59 -19.85 1.58 -7.93 -22.49 0 0 0 -23.33 9.98 -59.7 -26.68 -18.9 109.87 -1.08 5.35 -18.58 -0.21 2.94 -8.12 -1.3 0.24 35.9 0.15 -0.13 14.35 0.88 -0.14 -2.23 -13.21 -8.79 -1.77 12.28 -11.31 -5.83 5.62 -5.6 0.05 0 0 0 -62.06 13.58 73.38 43.02 -49.76 -20.72 -0 0 -17.57 27.21 13.78 6.98 -7.12 0 -0 -0.2 45.39 -0 0 0 0 71.42 -6.12 62.52 -43.2 49.86 -20.86 0 -0 -40.95 -39.67 4.4 -3.64 7.12 -0 -0 -9.67 -24.27 -4.91
0.79 10.17 -7.98 1.21 -0.68 -21.81 0 0 0 18.75 4.7 -57.5 29.08 17.9 117.48 0.74 -18.16 -18.7 1.57 -7.9 -22.41 0 0 0 -22.69 9.69 -59.2 -26.77 -18.86 110.16 -0.94 3.8 -17.45 -0.14 2.44 -6.72 -0.98 0.01 35.4 -0 -0.32 14.16 0.61 -0.21 -2.26 -13.35 -9.02 -1.63 12.76 -11.55 -6.92 5.81 -5.73 -0.22 -0 0 0 -61.38 13.43 74.22 42.06 -49.25 -19.99 -0 0 -17.49 27.59 13.31 6.86 -7.12 0 -0 0.21 44.93 -0 -0 0 0 71.62 -6.51 63.23 -42.93 49.71 -20.65 0 -0 -41.12 -40.58 3.79 -3.24 7.12 -0 -0 -10.43 -24.99 -5.13
0.81 10.16 -8.01 1.43 -0.99 -22.76 0 0 0 18.93 4.9 -56.62 29.13 17.87 117.65 0.59 -18.62 -17.86 1.68 -8.16 -23.21 0 0 0 -22.5 9.37 -59.29 -26.89 -18.82 110.54 -0.82 2.51 -16.46 -0.21 2.92 -8.05 -1 -0.02 34.99 -0.21 -0.38 14.08 0.42 -0.23 -2.2 -13.63 -9.09 -2.09 13.27 -11.55 -7.58 6 -5.71 -0.28 0 -0 0 -61.16 13.7 74.63 41.86 -49.14 -19.84 -0 0 -17.71 27.69 13.3 6.88 -7.12 0 -0 0.31 44.92 -0 0 -0 0 71.64 -6.57 63.66 -42.87 49.68 -20.6 0 -0 -41.51 -40.5 3.16 -2.7 7.12 -0 -0 -10.47 -25.8 -4.95
0.83 10.13 -8.05 1.32 -1.24 -23.5 0 0 0 19.55 5.18 -56.5 29.23 17.82 117.98 0.36 -18.98 -16.31 1.74 -8.29 -23.61 0 0 0 -22.09 8.48 -60.4 -27.22 -18.7 111.55 -0.6 1.41 -14.28 -0.17 2.64 -7.27 -0.83 -0.16 34.77 -0.21 -0.5 13.93 0.38 -0.28 -2.29 -13.97 -9.14 -1.96 13.68 -11.53 -8.8 6.23 -5.71 -0.61 -0 -0 0 -61.05 13.72 75.32 41.69 -49.04 -19.71 -0 0 -18.65 27.31 13.44 6.85 -7.12 0 -0 -0.06 45.04 -0 -0 -0 0 71.44 -6.72 64.17 -42.99 49.75 -20.69 0 -0 -42.02 -40.05 3.05 -2.56 7.12 -0 -0 -10.15 -25.98 -4.75
0.86 10.14 -8.1 1.77 -1.27 -24.53 0 0 0 19.41 4.89 -56.24 29.36 17.75 118.39 -0.02 -19.27 -13.38 1.6 -7.97 -22.62 0 0 0 -22.51 7.6 -61.63 -27.55 -18.57 112.59 -0.34 0.98 -10.74 -0.11 2.15 -5.93 -1.29 -0.1 35.17 -0.26 -0.58 13.79 0.6 -0.34 -2.57 -14.25 -9.2 -2.01 14.19 -11.52 -9.87 6.47 -5.7 -0.86 -0 -0 0 -61.24 14.1 75.52 42.18 -49.31 -20.08 -0 0 -20.04 26.89 14.3 7.14 -7.12 0 -0 -0.56 45.93 -0.01 -0 -0 0 71.26 -6.88 64.13 -43.08 49.79 -20.76 0 -0 -42.44 -40.4 2.9 -2.47 7.12 -0 -0 -10.43 -26.15 -4.84
0.87 10.15 -8.18 1.75 -1.44 -25.15 0 0 0 20.11 5.07 -57.49 29.58 17.64 119.12 -0.52 -19.24 -8.47 1.41 -7.51 -21.23 0 0 0 -22.38 7.33 -63.48 -27.79 -18.48 113.34 -0.15 3.05 -6.98 -0 0.17 -0.46 -1.43 -0.12 35.75 -0.26 -0.67 13.6 0.71 -0.39 -2.98 -14.35 -9.25 -1.88 14.84 -11.48 -11.24 6.74 -5.7 -1.23 0 0 0 -61.86 14.37 75.32 42.3 -49.38 -20.17 -0 0 -21.42 27.93 14.88 7.75 -7.12 0 -0 0.35 46.72 0.01 0 0 0 71.56 -7.02 63.66 -43.12 49.82 -20.8 0 -0 -42.14 -40.48 2.88 -2.46 7.12 -0 -0 -10.5 -26.17 -4.87
0.88 10.14 -8.24 1.84 -1.28 -25.5 0 0 0 20.68 4.51 -59.68 29.88 17.48 120.1 -0.94 -18.89 -2.21 0.89 -6 -16.78 0 0 0 -22.38 6.25 -64.88 -27.97 -18.4 113.91 0.02 8.02 -5.28 -0.05 -1.46 4.02 -1.74 -0.18 36.12 -0.33 -0.87 13.51 0.86 -0.49 -3.2 -14.32 -9.25 -1.76 15.67 -11.36 -12.6 7.06 -5.67 -1.6 0 0 0 -62.74 14.67 74.95 42.54 -49.5 -20.35 -0 0 -23.14 30.61 14.66 8.52 -7.12 0 -0 2.95 46.87 0.14 0 0 0 72.03 -6.97 62.89 -42.97 49.73 -20.68 0 -0 -41.65 -40.14 3.55 -2.99 7.12 -0 -0 -10.14 -25.33 -4.9
0.89 10.13 -8.29 1.73 -1.61 -25.96 0 0 0 21.47 4.78 -61.27 29.97 17.43 120.41 -1.39 -21.3 1.11 0.14 -2.41 -6.65 0 0 0 -20.51 5.25 -66.22 -28.27 -18.28 114.86 -0.16 7.06 -8.17 -0.02 -0.91 2.51 -1.8 -0.03 36.75 -0.26 -0.71 13.47 0.91 -0.42 -3.31 -14.51 -9.42 -1.93 16.5 -11.44 -13.58 7.38 -5.73 -1.76 -0 -0 0 -63.7 14.46 74.87 42.72 -49.6 -20.49 -0 0 -25.66 34.92 13.37 9.17 -7.12 0 -0 7.16 46.02 0.18 -0 -0 0 72.56 -6.77 61.74 -42.8 49.64 -20.55 0 -0 -41.56 -39.78 3.21 -2.67 7.12 -0 -0 -9.93 -25.79 -4.69
0.89 10.13 -8.33 2.36 -1.55 -26.64 0 0 0 20.42 4.34 -61.28 29.74 17.55 119.64 -1.84 -24.11 1.96 0.2 -2.86 -7.9 0 0 0 -19.3 3.83 -66.73 -28.56 -18.14 115.79 -0.41 6.12 -11.49 -0 -0.3 0.83 -2.61 0.21 37.41 -0.43 -0.73 13.52 1.16 -0.45 -3.45 -14.75 -9.45 -1.56 17.22 -11.4 -14.7 7.71 -5.75 -2.08 -0 -0 0 -64.71 14.36 74.28 43.26 -49.89 -20.9 -0 0 -30.16 34.89 14.84 10.13 -7.12 0 -0 7.11 47.76 0.49 -0 -0 0 73 -6.69 61.1 -42.63 49.55 -20.42 0 -0 -41.54 -39.91 3.13 -2.62 7.12 -0 -0 -10.04 -25.88 -4.72
0.91 10.1 -8.31 2.68 -1.83 -26.35 0 0 0 19.19 4.85 -61.92 29.45 17.71 118.7 -1.98 -25.69 -0.27 0.24 -3.16 -8.72 0 0 0 -18.02 2.85 -67.06 -28.64 -18.11 116.06 -0.54 9.76 -13.77 -0.1 2.09 -5.74 -2.69 0.24 36.74 -0.68 -0.71 13.71 0.93 -0.45 -3.03 -14.92 -9.46 -1.75 17.78 -11.28 -15.54 7.96 -5.7 -2.25 0 0 0 -65.64 13.9 73.84 43.3 -49.91 -20.93 -0 0 -33.97 36.41 15.35 11.05 -7.12 0 -0 8.63 48.62 0.78 0 0 0 73.35 -6.36 60.73 -42.67 49.58 -20.45 0 -0 -41.41 -39.85 2.77 -2.31 7.12 -0 -0 -10.04 -26.35 -4.61
0.91 10.07 -8.31 2.49 -1.83 -26.19 0 0 0 17.85 4.78 -62.05 28.95 17.96 117.05 -1.78 -25.42 -2.46 0.35 -3.8 -10.52 0 0 0 -16.11 2.11 -66.75 -28.49 -18.18 115.56 -0.31 14.9 -13.61 -0.66 5.19 -14.46 -2.57 0.08 36.77 -0.77 -0.88 13.62 0.83 -0.52 -3.14 -14.83 -9.52 -1.79 17.83 -11.31 -15.96 7.97 -5.73 -2.36 0 0 0 -66.78 14.11 73.26 43.22 -49.87 -20.87 -0 0 -36.39 37.42 14.39 10.77 -7.12 0 -0 9.62 47.65 0.64 0 0 0 73.45 -6.39 60.9 -42.86 49.68 -20.59 0 -0 -41.52 -39.65 3.13 -2.59 7.12 -0 -0 -9.84 -25.9 -4.62
0.91 10.04 -8.29 2.69 -1.71 -26.15 0 0 0 15.6 4.22 -60.78 28.14 18.33 114.45 -1.83 -25.77 -2.54 0.48 -4.45 -12.33 0 0 0 -14.75 1.38 -65.68 -28.26 -18.28 114.85 -0.34 16.19 -14.63 -0.58 4.86 -13.52 -2.76 0.1 36.71 -0.93 -0.92 13.81 0.77 -0.55 -2.91 -14.91 -9.66 -1.86 18.2 -11.4 -16.83 8.14 -5.79 -2.55 0 -0 0 -67.83 13.53 72.92 42.91 -49.7 -20.63 -0 0 -38.65 41.71 17.09 14.67 -7.12 0 -0 14.3 51.8 2.44 0 -0 0 73.54 -6.07 60.99 -43.02 49.76 -20.71 0 -0 -41.71 -39.9 2.89 -2.41 7.12 -0 -0 -10.07 -26.19 -4.66
0.91 9.95 -8.22 2.18 -1.81 -26 0 0 0 15.08 4.59 -59.62 27.83 18.46 113.49 -1 -24.23 -9.2 0.62 -5.03 -14 0 0 0 -15.09 1.58 -65.73 -28.56 -18.14 115.81 -0.41 15.28 -14.75 -0.29 3.46 -9.56 -2.22 -0.04 36.43 -0.89 -0.9 13.96 0.54 -0.52 -2.8 -15.05 -9.71 -1.17 18.43 -11.44 -18.15 8.35 -5.84 -3.02 -0 0 0 -69.1 13.18 72.14 42.29 -49.37 -20.16 -0 0 -40.17 43.84 16.7 15.42 -7.12 0 -0 16.6 51.8 2.85 -0 0 0 73.48 -6.11 61.15 -43.2 49.86 -20.86 0 -0 -42.31 -40.03 2.97 -2.49 7.12 -0 -0 -10.15 -26.08 -4.72
0.91 9.94 -8.17 1.82 -1.73 -25.74 0 0 0 15.79 4.57 -59.37 28.05 18.37 114.16 -0.99 -25.08 -10.35 0.49 -4.5 -12.49 0 0 0 -15.17 2.21 -66.09 -28.49 -18.17 115.58 -0.4 14.45 -14.23 -0.95 6.19 -17.34 -1.97 -0.15 36.15 -0.87 -0.95 14.04 0.44 -0.53 -2.63 -15.26 -9.93 -1.39 18.75 -11.68 -18.3 8.46 -5.96 -2.94 -0 -0 0 -70.47 12.86 70.92 41.32 -48.83 -19.43 -0 0 -40.08 45.62 17.21 16.82 -7.12 0 -0 18.74 52.88 3.74 -0 -0 0 73.37 -6.04 61.54 -43.21 49.86 -20.86 0 -0 -42.57 -39.96 3.49 -2.92 7.12 -0 -0 -10.02 -25.42 -4.82
0.9 9.94 -8.13 1.97 -1.33 -25.54 0 0 0 15.73 3.59 -59.89 28.09 18.35 114.29 -1.18 -24.93 -8.43 0.7 -5.33 -14.86 0 0 0 -16.18 2.2 -65.98 -28.5 -18.17 115.61 -0.17 16.13 -13.02 -0.48 4.46 -12.37 -2.26 -0.18 35.96 -1.04 -1.07 14.07 0.45 -0.6 -2.52 -15.15 -10.24 -1.61 18.74 -12.09 -18.05 8.39 -6.16 -2.77 -0 0 0 -70.93 13.01 69.98 40.44 -48.33 -18.77 -0 0 -39.6 45.99 16.51 16.39 -7.12 0 -0 18.99 52.08 3.41 -0 0 0 73.28 -6.12 62.11 -43.38 49.95 -20.99 0 -0 -43 -40.17 3.29 -2.78 7.12 -0 -0 -10.21 -25.66 -4.85
0.89 9.94 -8.1 1.49 -1.72 -25.1 0 0 0 16.85 3.87 -60.88 28.22 18.29 114.73 -1.38 -25.19 -6.8 0.75 -5.52 -15.39 0 0 0 -15.14 2.22 -66.65 -28.59 -18.13 115.88 -0.32 14.88 -13.68 -0.51 4.59 -12.74 -1.83 -0.08 35.74 -1.03 -0.81 13.99 0.15 -0.45 -2.55 -15.41 -10.52 -1.79 19.11 -12.45 -17.73 8.49 -6.34 -2.54 0 0 0 -70.58 13.49 69.53 40.96 -48.63 -19.15 -0 0 -38.17 45.63 16.15 15.87 -7.12 0 -0 18.5 51.53 3.06 0 0 0 73.31 -6.24 62.55 -43.29 49.9 -20.92 0 -0 -43.03 -40.15 2.87 -2.42 7.12 -0 -0 -10.25 -26.2 -4.74
0.89 9.93 -8.06 1.57 -1.92 -24.82 0 0 0 17.08 4.37 -61.37 28.39 18.22 115.24 -1.39 -25.15 -6.61 0.87 -5.94 -16.6 0 0 0 -14.89 1.97 -66.83 -28.65 -18.1 116.09 -0.36 14.75 -14.04 -0.34 3.77 -10.42 -1.83 0.17 35.43 -1.18 -0.5 14.1 -0.11 -0.29 -2.33 -15.25 -10.71 -2.02 19.18 -12.7 -17.51 8.44 -6.47 -2.4 0 0 0 -69.83 12.98 70.08 41.07 -48.69 -19.24 -0 0 -38.1 45.55 16.33 16 -7.12 0 -0 18.45 51.74 3.15 0 0 0 73.53 -6.23 62.82 -43.16 49.84 -20.83 0 -0 -43.13 -40.78 2.04 -1.76 7.12 -0 -0 -10.85 -27.24 -4.76
0.89 9.94 -8.04 1.3 -1.97 -24.65 0 0 0 17.24 4.42 -61.43 28.41 18.21 115.3 -1.35 -25.04 -6.85 0.75 -5.53 -15.43 0 0 0 -14.59 1.77 -66.84 -28.66 -18.1 116.12 -0.37 14.87 -14.16 -0.32 3.63 -10.04 -1.61 0.19 35.32 -1.11 -0.38 14.13 -0.19 -0.23 -2.27 -15.27 -10.72 -2.14 18.79 -12.76 -17.05 8.28 -6.47 -2.27 -0 -0 0 -69.7 12.56 70.48 40.77 -48.52 -19.01 -0 0 -37.63 46.28 16.62 16.65 -7.12 0 -0 19.36 52.29 3.58 -0 -0 0 73.26 -6.34 63.34 -43.14 49.82 -20.8 0 -0 -43.25 -41.14 2.4 -2.09 7.12 -0 -0 -11.06 -26.76 -4.98
0.88 9.94 -8.03 1.37 -1.75 -24.52 0 0 0 16.63 4.35 -61.25 28.37 18.23 115.19 -1.15 -24.56 -8.2 0.51 -4.58 -12.71 0 0 0 -14.89 1.35 -67 -28.7 -18.08 116.25 -0.33 15.17 -13.93 -0.36 3.86 -10.7 -1.88 0.3 35.23 -1.07 -0.34 14.25 -0.01 -0.22 -2.11 -15.52 -10.59 -2.64 18.64 -12.58 -16.46 8.22 -6.33 -2.05 0 0 0 -69.68 12.16 70.78 40.54 -48.38 -18.84 -0 0 -37.27 46.83 16.66 17 -7.12 0 -0 20.01 52.48 3.81 0 0 0 72.73 -6.02 64.29 -43.16 49.83 -20.82 0 -0 -43.83 -41.82 2.15 -1.92 7.12 -0 -0 -11.61 -27.04 -5.16
0.89 9.93 -8.02 1.16 -1.72 -24.28 0 0 0 16.47 4.62 -61.21 28.35 18.24 115.12 -0.96 -24.5 -9.96 0.5 -4.53 -12.58 0 0 0 -14.72 1.1 -67.25 -28.72 -18.07 116.32 -0.33 15.24 -13.96 -0.36 3.83 -10.61 -1.76 0.29 35.19 -1.02 -0.3 14.22 -0.04 -0.2 -2.12 -15.46 -10.48 -2.83 18.35 -12.45 -16.18 8.11 -6.25 -1.99 -0 -0 0 -69.69 12.29 70.74 40.82 -48.55 -19.05 -0 0 -37.04 47.09 16.76 17.24 -7.12 0 -0 20.34 52.68 3.98 -0 -0 0 72.31 -6.07 65.01 -43.47 50 -21.06 0 -0 -43.91 -42.03 2.05 -1.85 7.12 -0 -0 -11.78 -27.17 -5.21
0.89 9.93 -8.03 1.4 -1.7 -24.24 0 0 0 16.09 4.75 -61.18 28.34 18.24 115.1 -0.87 -24.36 -10.55 0.57 -4.84 -13.45 0 0 0 -14.96 0.97 -67.39 -28.71 -18.08 116.27 -0.33 15.16 -14 -0.44 4.24 -11.74 -1.98 0.48 35.07 -1.19 -0.13 14.48 -0.16 -0.12 -1.8 -15.06 -10.4 -2.81 18.33 -12.31 -16.6 8.07 -6.2 -2.16 -0 -0 0 -69.35 11.83 70.74 40.85 -48.56 -19.07 -0 0 -36.71 46.92 16.57 16.97 -7.12 0 -0 20.09 52.4 3.78 -0 -0 0 72.46 -5.6 65.12 -43.45 49.99 -21.05 0 -0 -44.2 -42.99 2.03 -1.89 7.12 -0 -0 -12.51 -27.14 -5.55
0.9 9.92 -8.04 1.2 -1.88 -24.22 0 0 0 16.52 4.98 -61.53 28.36 18.23 115.15 -0.99 -24.5 -9.64 0.52 -4.61 -12.79 0 0 0 -14.68 1.1 -67.5 -28.7 -18.08 116.26 -0.33 15.1 -13.91 -0.42 4.17 -11.54 -1.86 0.55 35.25 -1.1 -0.01 14.6 -0.17 -0.06 -1.73 -15.23 -10.3 -2.99 18.51 -12.12 -16.79 8.17 -6.1 -2.19 0 0 0 -69.43 11.5 70.58 40.79 -48.53 -19.03 -0 0 -36.23 46.8 17.11 17.39 -7.12 0 -0 20.09 53.05 4.11 0 0 0 72.39 -5.44 65.06 -43.61 50.07 -21.17 0 -0 -44.22 -43.41 2.02 -1.91 7.12 -0 -0 -12.82 -27.13 -5.7
0.9 9.93 -8.05 1.11 -1.83 -24.43 0 0 0 16.55 5 -61.49 28.35 18.24 115.13 -1.05 -24.49 -9.07 0.46 -4.35 -12.07 0 0 0 -14.6 1.24 -67.17 -28.66 -18.1 116.13 -0.33 15.03 -13.88 -0.41 4.09 -11.32 -1.86 0.56 35.44 -1.04 0 14.81 -0.11 -0.06 -1.57 -15.24 -10.2 -3.07 18.59 -11.95 -16.99 8.21 -6.02 -2.26 -0 -0 0 -69.61 11.22 70.4 40.78 -48.53 -19.02 -0 0 -35.92 47.25 17.29 17.82 -7.12 0 -0 20.68 53.4 4.42 -0 -0 0 72.3 -5.3 64.96 -43.81 50.17 -21.32 0 -0 -44.41 -43.88 2.16 -2.08 7.12 -0 -0 -13.15 -26.92 -5.92
0.91 9.93 -8.07 1.11 -1.67 -24.46 0 0 0 16.33 4.98 -61.49 28.32 18.25 115.04 -1.04 -24.58 -9.24 0.45 -4.32 -11.98 0 0 0 -14.67 1.15 -67.09 -28.64 -18.11 116.05 -0.33 14.95 -13.8 -0.38 3.94 -10.92 -1.98 0.56 35.62 -1.01 -0.03 14.83 -0.01 -0.08 -1.6 -14.83 -10.09 -3.66 18.09 -11.79 -16.73 7.96 -5.91 -2.19 0 0 0 -69.64 11.03 70.45 40.77 -48.52 -19.01 -0 0 -35.85 47.6 17.32 18.06 -7.12 0 -0 21.11 53.53 4.59 0 0 0 72.18 -5.23 65 -43.78 50.15 -21.3 0 -0 -44.48 -44.06 2.13 -2.06 7.12 -0 -0 -13.29 -26.95 -5.97
0.91 9.93 -8.08 0.89 -1.7 -24.42 0 0 0 16.51 5.1 -61.5 28.28 18.27 114.91 -1.06 -24.91 -9.46 0.45 -4.31 -11.95 0 0 0 -14.44 1.19 -67.17 -28.63 -18.11 116.03 -0.33 14.78 -13.77 -0.37 3.93 -10.89 -1.91 0.62 35.41 -0.8 0.09 14.97 0.14 -0.03 -1.39 -14.63 -9.67 -4.31 17.72 -11.17 -16.45 7.8 -5.57 -2.14 0 -0 0 -69.85 10.63 70.65 40.55 -48.39 -18.85 -0 0 -35.7 47.53 17.36 18.05 -7.12 0 -0 21.04 53.57 4.59 0 -0 0 71.91 -5.17 64.75 -43.76 50.15 -21.28 0 -0 -44.52 -44.54 2.27 -2.23 7.12 -0 -0 -13.62 -26.73 -6.2
0.91 9.92 -8.09 0.77 -1.67 -24.39 0 0 0 16.7 5.03 -61.7 28.29 18.27 114.93 -1.15 -25.04 -8.8 0.37 -3.93 -10.88 0 0 0 -14.3 1.26 -67.26 -28.63 -18.11 116.04 -0.34 14.6 -13.75 -0.39 4.02 -11.13 -1.86 0.71 35.45 -0.68 0.22 14.86 0.2 0.03 -1.51 -14.2 -8.86 -4.79 17.34 -10.04 -16.25 7.65 -4.99 -2.23 -0 -0 0 -69.72 10.39 71.16 40.31 -48.25 -18.67 -0 0 -35.73 48.23 18.69 19.73 -7.12 0 -0 22.33 55.47 5.95 -0 -0 0 71.82 -5.28 64.64 -43.45 49.98 -21.04 0 -0 -44.26 -44.34 2.31 -2.25 7.12 -0 -0 -13.46 -26.69 -6.14
0.92 9.92 -8.1 0.67 -1.71 -24.5 0 0 0 16.8 5.16 -61.71 28.31 18.26 115.01 -1.15 -24.9 -8.7 0.39 -4.02 -11.15 0 0 0 -14.13 1.37 -67.15 -28.63 -18.11 116.01 -0.36 14.33 -13.82 -0.44 4.26 -11.8 -1.71 0.81 35.42 -0.62 0.4 14.79 0.13 0.13 -1.59 -13.35 -7.83 -5.58 16.57 -8.64 -15.84 7.29 -4.26 -2.3 -0 0 0 -69.32 10.17 71.87 40.01 -48.08 -18.45 -0 0 -35.89 48.11 18.04 19.04 -7.12 0 -0 21.96 54.6 5.37 -0 0 0 71.93 -5.62 64.31 -43.11 49.81 -20.78 0 -0 -43.11 -44.25 2.53 -2.47 7.12 -0 -0 -13.35 -26.39 -6.18
0.92 9.92 -8.1 0.66 -1.76 -24.6 0 0 0 16.77 5.25 -61.68 28.32 18.25 115.04 -1.15 -24.9 -8.66 0.39 -4 -11.06 0 0 0 -14.13 1.58 -67.1 -28.63 -18.11 116.02 -0.36 14.26 -13.75 -0.36 3.86 -10.68 -1.54 0.87 35.48 -0.59 0.53 14.72 0.03 0.2 -1.69 -12.27 -6.63 -6.52 15.48 -7.02 -15.56 6.79 -3.43 -2.41 0 0 0 -69.29 9.82 72.18 39.48 -47.76 -18.05 -0 0 -35.4 47.93 17.88 18.79 -7.12 0 -0 21.69 54.35 5.17 0 0 0 71.81 -5.69 64.33 -42.77 49.63 -20.52 0 -0 -42.97 -44.17 2.94 -2.86 7.12 -0 -0 -13.21 -25.84 -6.29
0.92 9.93 -8.1 0.6 -1.71 -24.5 0 0 0 16.8 5.32 -61.84 28.32 18.25 115.03 -1.15 -24.86 -8.59 0.38 -3.98 -11.02 0 0 0 -14.07 1.55 -67.25 -28.66 -18.1 116.13 -0.38 14.1 -13.87 -0.37 3.91 -10.82 -1.4 0.98 35.16 -0.44 0.73 14.75 0.05 0.3 -1.55 -11.48 -5.48 -7.67 14.6 -5.43 -15.31 6.4 -2.6 -2.44 0 -0 0 -69.37 9.17 72.73 38.99 -47.46 -17.69 -0 0 -35.31 47.96 18.27 19.17 -7.12 0 -0 21.85 54.86 5.48 0 -0 0 71.71 -5.81 64.16 -42.74 49.61 -20.5 0 -0 -43.2 -44.19 2.59 -2.52 7.12 -0 -0 -13.29 -26.31 -6.18
0.92 9.92 -8.1 0.47 -1.6 -24.45 0 0 0 16.91 5.3 -61.99 28.33 18.25 115.06 -1.18 -24.97 -8.46 0.39 -4.02 -11.15 0 0 0 -13.91 1.42 -67.26 -28.67 -18.09 116.16 -0.41 13.79 -14.07 -0.43 4.21 -11.68 -1.28 1.04 35.17 -0.26 0.85 14.57 0.13 0.36 -1.75 -10.79 -4.41 -8.37 13.81 -4.02 -15.21 6.05 -1.87 -2.54 0 -0 0 -69.54 8.88 73.3 38.45 -47.12 -17.3 -0 0 -35.53 48.01 18.61 19.53 -7.12 0 -0 22.03 55.31 5.78 0 -0 0 71.59 -6.21 64.07 -42.68 49.58 -20.46 0 -0 -43.66 -44.15 3.01 -2.92 7.12 -0 -0 -13.19 -25.75 -6.31
0.92 9.92 -8.1 0.76 -1.38 -24.41 0 0 0 16.46 5.18 -62 28.31 18.26 115.01 -1.2 -24.94 -8.28 0.32 -3.66 -10.11 0 0 0 -14.37 1.33 -67.24 -28.69 -18.09 116.2 -0.42 13.91 -14.14 -0.45 4.29 -11.9 -1.57 1.17 35.13 -0.2 0.93 14.54 0.32 0.39 -1.77 -10.49 -3.65 -9.16 13.54 -2.92 -15.32 5.93 -1.31 -2.59 0 -0 0 -69.86 8.72 73.12 38.2 -46.97 -17.11 -0 0 -35.35 47.81 17.86 18.69 -7.12 0 -0 21.53 54.29 5.1 0 -0 0 71.47 -6.44 63.99 -42.89 49.69 -20.62 0 -0 -44.79 -43.54 2.76 -2.62 7.12 -0 -0 -12.79 -26.13 -5.99
0.92 9.92 -8.1 0.71 -1.32 -24.35 0 0 0 16.48 5.27 -62.17 28.33 18.25 115.05 -1.17 -24.94 -8.52 0.37 -3.88 -10.75 0 0 0 -14.36 1.25 -67.3 -28.7 -18.08 116.25 -0.41 13.91 -14.1 -0.43 4.19 -11.62 -1.45 1.19 35.03 -0.1 1.01 14.59 0.34 0.43 -1.68 -10.99 -3.3 -9.86 14.23 -2.27 -15.38 6.25 -0.95 -2.55 -0 0 0 -70.26 8.55 72.69 37.89 -46.77 -16.88 -0 0 -34.88 47.53 17.91 18.57 -7.12 0 -0 21.21 54.27 5.01 -0 0 0 71.49 -6.59 63.59 -43.1 49.8 -20.78 0 -0 -45.95 -43.26 2.39 -2.25 7.12 -0 -0 -12.65 -26.65 -5.76
0.91 9.92 -8.09 0.67 -1.32 -24.39 0 0 0 16.55 5.38 -62.13 28.31 18.26 115 -1.19 -25.01 -8.45 0.38 -3.95 -10.94 0 0 0 -14.29 1.29 -67.21 -28.69 -18.08 116.23 -0.42 13.9 -14.13 -0.43 4.22 -11.69 -1.3 1.2 35.06 -0.07 1.07 14.7 0.27 0.46 -1.58 -11.04 -3.31 -10.72 14.59 -2.17 -15.25 6.37 -0.87 -2.37 0 -0 0 -70.58 8.47 72.14 37.75 -46.68 -16.78 -0 0 -34.55 47.61 17.59 18.32 -7.12 0 -0 21.2 53.89 4.8 0 -0 0 71.69 -6.72 63.13 -43.38 49.95 -20.99 0 -0 -46.74 -43.91 2.4 -2.31 7.12 -0 -0 -13.12 -26.59 -6.01
0.91 9.92 -8.1 0.67 -1.32 -24.42 0 0 0 16.55 5.37 -62.07 28.29 18.27 114.92 -1.2 -25.04 -8.39 0.35 -3.82 -10.57 0 0 0 -14.28 1.33 -67.15 -28.69 -18.08 116.21 -0.42 13.86 -14.2 -0.45 4.31 -11.96 -1.2 1.19 35.11 -0.07 1.09 14.72 0.21 0.48 -1.57 -10.9 -3.46 -10.76 14.7 -2.34 -15.6 6.38 -0.97 -2.44 0 -0 0 -71.03 8.89 71.06 37.87 -46.75 -16.87 -0 0 -34.25 47.47 17.29 17.95 -7.12 0 -0 20.95 53.46 4.51 0 -0 0 71.99 -6.93 62.47 -43.56 50.04 -21.13 0 -0 -47.77 -43.31 2.37 -2.23 7.12 -0 -0 -12.68 -26.67 -5.78
0.9 9.92 -8.09 0.47 -1.42 -24.32 0 0 0 16.9 5.59 -62.24 28.3 18.26 114.97 -1.22 -25.17 -8.36 0.36 -3.88 -10.74 0 0 0 -13.99 1.48 -67.28 -28.71 -18.07 116.29 -0.44 13.77 -14.27 -0.42 4.17 -11.56 -0.99 1.13 35.02 -0.02 1.07 14.81 0.16 0.48 -1.44 -11.23 -3.53 -11.38 15.16 -2.32 -15.55 6.58 -0.93 -2.32 0 -0 0 -71.33 9.09 70.38 37.97 -46.82 -16.94 -0 0 -34.31 47.47 17.17 17.84 -7.12 0 -0 20.9 53.31 4.42 0 -0 0 72.32 -6.91 61.82 -43.72 50.13 -21.25 0 -0 -48.87 -43.73 2.77 -2.64 7.12 -0 -0 -12.92 -26.11 -6.06
0.9 9.91 -8.09 0.51 -1.47 -24.24 0 0 0 16.9 5.75 -62.32 28.31 18.26 114.98 -1.2 -25.15 -8.47 0.41 -4.1 -11.35 0 0 0 -14 1.68 -67.4 -28.73 -18.06 116.35 -0.45 13.63 -14.33 -0.42 4.14 -11.46 -1.01 1.09 34.95 -0.12 1.02 14.86 0.09 0.45 -1.36 -11.1 -3.51 -11.64 15.25 -2.25 -15.73 6.6 -0.9 -2.34 0 -0 0 -71.62 9.36 69.45 37.95 -46.81 -16.93 -0 0 -34.53 47.26 16.29 16.88 -7.12 0 -0 20.39 52.11 3.69 0 -0 0 72.7 -6.98 61.47 -43.85 50.19 -21.35 0 -0 -49.04 -43.57 2.55 -2.42 7.12 -0 -0 -12.85 -26.42 -5.93
0.89 9.91 -8.09 0.47 -1.52 -24.22 0 0 0 16.99 5.78 -62.34 28.31 18.26 114.99 -1.2 -25.12 -8.48 0.42 -4.16 -11.52 0 0 0 -13.93 1.7 -67.45 -28.74 -18.06 116.39 -0.45 13.67 -14.35 -0.42 4.16 -11.53 -0.97 1.08 34.86 -0.06 1.02 14.95 0.14 0.45 -1.23 -11.39 -3.49 -12.05 15.29 -2.19 -15.43 6.65 -0.83 -2.19 -0 0 0 -72.02 9.46 68.9 37.9 -46.77 -16.89 -0 0 -34.86 47.25 15.59 16.21 -7.12 0 -0 20.18 51.19 3.19 -0 0 0 72.73 -6.87 61.31 -43.88 50.21 -21.38 0 -0 -48.88 -43.95 1.78 -1.72 7.12 -0 -0 -13.27 -27.42 -5.81
0.89 9.91 -8.09 0.38 -1.61 -24.18 0 0 0 17.12 5.82 -62.37 28.31 18.26 114.99 -1.15 -25.03 -8.8 0.49 -4.51 -12.51 0 0 0 -13.76 1.75 -67.55 -28.75 -18.06 116.4 -0.45 13.59 -14.3 -0.41 4.1 -11.35 -0.86 1.07 34.87 0.01 1.04 14.93 0.14 0.47 -1.26 -11.24 -3.53 -12.64 14.86 -2.31 -14.69 6.46 -0.86 -1.88 0 -0 0 -72.22 9.66 68.59 37.86 -46.75 -16.87 -0 0 -34.66 47.06 15.21 15.75 -7.12 0 -0 19.86 50.66 2.87 0 -0 0 72.63 -6.94 61.34 -43.93 50.23 -21.41 0 -0 -48.88 -44.06 2.12 -2.05 7.12 -0 -0 -13.29 -26.96 -5.97
0.89 9.91 -8.09 0.57 -1.53 -24.24 0 0 0 16.86 5.52 -62.23 28.31 18.26 114.98 -1.09 -24.83 -9.15 0.51 -4.56 -12.65 0 0 0 -13.99 1.67 -67.51 -28.75 -18.05 116.41 -0.46 13.6 -14.41 -0.46 4.37 -12.12 -1.02 1.07 34.87 0 1 14.99 0.23 0.44 -1.19 -11 -3.47 -12.65 14.36 -2.29 -14.68 6.25 -0.85 -1.9 0 -0 0 -72.28 9.59 68.56 37.8 -46.71 -16.82 -0 0 -34.51 47.14 15.28 15.85 -7.12 0 -0 19.96 50.76 2.93 0 -0 0 72.4 -6.74 61.65 -43.72 50.13 -21.25 0 -0 -48.79 -43.95 1.99 -1.92 7.12 -0 -0 -13.23 -27.14 -5.88
0.9 9.91 -8.1 0.64 -1.54 -24.32 0 0 0 16.76 5.37 -62.14 28.32 18.25 115.02 -1.04 -24.66 -9.41 0.56 -4.81 -13.38 0 0 0 -14.06 1.71 -67.45 -28.74 -18.06 116.37 -0.46 13.52 -14.41 -0.48 4.45 -12.34 -1.01 1.01 35.08 -0.07 0.92 14.92 0.17 0.4 -1.34 -10.93 -3.33 -12.78 14.12 -2.14 -14.33 6.16 -0.77 -1.81 0 0 0 -72.06 9.68 68.8 37.73 -46.67 -16.77 -0 0 -34.38 47.52 15.89 16.65 -7.12 0 -0 20.58 51.66 3.5 0 0 0 72.08 -6.64 62.25 -43.26 49.89 -20.9 0 -0 -48.72 -43.5 3.25 -3.08 7.12 -0 -0 -12.67 -25.48 -6.13
0.9 9.91 -8.1 0.79 -1.63 -24.35 0 0 0 16.64 5.45 -62.07 28.34 18.25 115.08 -1.03 -24.58 -9.38 0.56 -4.79 -13.3 0 0 0 -14.19 1.87 -67.47 -28.73 -18.06 116.35 -0.46 13.52 -14.35 -0.48 4.43 -12.29 -1.18 1.1 35.28 -0.09 0.97 14.77 0.21 0.42 -1.57 -10.79 -3.27 -12.51 13.84 -2.12 -14.34 6.05 -0.77 -1.87 -0 0 0 -71.72 9.89 68.98 37.77 -46.69 -16.8 -0 0 -34.01 47.46 16.82 17.5 -7.12 0 -0 20.78 52.85 4.16 -0 0 0 71.85 -6.56 62.56 -42.53 49.5 -20.34 0 -0 -48.5 -43.07 3.33 -3.11 7.12 -0 -0 -12.33 -25.41 -5.98
0.9 9.91 -8.09 0.53 -1.69 -24.21 0 0 0 16.97 5.47 -62.27 28.35 18.24 115.12 -1.05 -24.63 -9.24 0.53 -4.68 -13.01 0 0 0 -13.9 1.84 -67.59 -28.74 -18.06 116.38 -0.46 13.52 -14.35 -0.44 4.24 -11.77 -0.92 1.03 35.16 -0.08 0.97 14.74 0.09 0.43 -1.56 -10.78 -3.25 -12.19 13.77 -2.12 -14.56 6.03 -0.78 -1.98 0 -0 0 -71.43 9.89 68.55 37.53 -46.54 -16.63 -0 0 -33.21 47.02 17.32 17.71 -7.12 0 -0 20.41 53.38 4.35 0 -0 0 71.89 -6.28 62.28 -41.41 48.88 -19.49 0 -0 -47.61 -42.35 2.14 -1.95 7.12 -0 -0 -12.01 -27.02 -5.35
0.89 9.91 -8.09 0.56 -1.63 -24.15 0 0 0 16.91 5.41 -62.32 28.34 18.24 115.08 -1.04 -24.56 -9.3 0.54 -4.7 -13.06 0 0 0 -13.97 1.74 -67.63 -28.76 -18.05 116.44 -0.45 13.62 -14.35 -0.45 4.3 -11.93 -1.02 1.06 35.06 -0.09 0.97 14.77 0.14 0.43 -1.49 -10.7 -3.3 -12.47 13.46 -2.21 -14.24 5.91 -0.82 -1.85 -0 0 0 -71.34 9.64 67.31 36.55 -45.89 -15.92 -0 0 -32.25 44.02 18.73 17.24 -7.12 0 -0 17.19 54.39 4.06 -0 0 0 72.08 -5.85 61.44 -39.46 47.75 -18.04 0 -0 -45.23 -41.37 2.9 -2.55 7.12 -0 -0 -11.15 -26.09 -5.2
0.9 9.91 -8.08 0.53 -1.52 -24.07 0 0 0 16.88 5.41 -62.45 28.36 18.24 115.14 -1.04 -24.64 -9.34 0.55 -4.75 -13.19 0 0 0 -14.03 1.53 -67.68 -28.76 -18.05 116.43 -0.45 13.64 -14.32 -0.44 4.28 -11.86 -0.96 1.02 35.08 -0.14 0.93 14.7 0.07 0.41 -1.58 -10.82 -3.17 -12.03 13.47 -2.03 -14.65 5.95 -0.74 -2.06 0 -0 0 -71.34 9.27 65.44 34.81 -44.68 -14.68 -0 0 -31.36 44.07 18.83 17.35 -7.12 0 -0 17.27 54.53 4.14 0 -0 0 72.32 -5.5 60.19 -37.2 46.32 -16.38 0 -0 -42.33 -40.87 2.63 -2.27 7.12 -0 -0 -10.83 -26.47 -4.95
0.9 9.91 -8.08 0.82 -1.31 -24.02 0 0 0 16.43 4.9 -62.39 28.36 18.24 115.14 -0.97 -24.36 -9.66 0.57 -4.81 -13.38 0 0 0 -14.51 1.18 -67.69 -28.76 -18.05 116.45 -0.41 14.13 -14.15 -0.42 4.17 -11.57 -1.26 1.06 35.06 -0.22 0.89 14.67 0.15 0.38 -1.61 -10.77 -2.99 -11.97 13.27 -1.8 -14.79 5.89 -0.62 -2.14 0 -0 0 -71.62 8.64 62.45 32.72 -43.11 -13.23 -0 0 -29.27 41.69 20.06 16.99 -7.12 0 -0 14.62 55.44 3.81 0 -0 0 72.46 -5.15 58.7 -34.83 44.69 -14.69 0 -0 -39.74 -39.8 2.6 -2.16 7.12 -0 -0 -10.03 -26.57 -4.55
0.9 9.9 -8.08 0.47 -1.52 -23.81 0 0 0 16.95 5.16 -62.73 28.38 18.23 115.21 -1 -24.43 -9.52 0.57 -4.84 -13.45 0 0 0 -14.04 1.38 -67.98 -28.76 -18.05 116.46 -0.42 13.82 -14.13 -0.45 4.31 -11.94 -0.97 1.09 35.01 -0.13 1.02 14.55 0.05 0.46 -1.72 -10.52 -2.98 -11.97 12.87 -1.86 -14.63 5.71 -0.65 -2.11 0 -0 0 -71.97 7.84 59.39 30.04 -40.93 -11.43 -0 0 -27.74 40.12 20.7 16.59 -7.12 0 -0 12.8 55.82 3.44 0 -0 0 72.59 -5 56.73 -32.49 42.93 -13.07 0 -0 -36.97 -39.1 1.65 -1.34 7.12 -0 -0 -9.64 -27.81 -4.08
0.9 9.9 -8.07 0.49 -1.55 -23.94 0 0 0 16.94 5.14 -62.54 28.39 18.22 115.26 -0.98 -24.47 -9.7 0.59 -4.9 -13.63 0 0 0 -14.08 1.37 -67.83 -28.76 -18.05 116.45 -0.41 13.94 -14.12 -0.47 4.38 -12.16 -1.04 1.14 35.23 -0.14 1.06 14.52 0.06 0.47 -1.82 -10.57 -2.85 -11.79 12.84 -1.69 -14.71 5.71 -0.57 -2.17 0 -0 0 -72.42 6.88 55.48 27.34 -38.5 -9.71 -0 0 -26.25 38.21 21.28 15.95 -7.12 0 -0 10.57 56.04 2.88 0 -0 0 72.63 -4.52 54.75 -29.88 40.79 -11.33 0 -0 -34.86 -37.34 3.03 -2.31 7.12 -0 -0 -8.13 -26.15 -3.75
0.91 9.91 -8.06 0.64 -1.54 -23.79 0 0 0 16.72 5.16 -62.64 28.4 18.22 115.29 -0.96 -24.41 -9.79 0.59 -4.91 -13.64 0 0 0 -14.37 1.33 -67.96 -28.76 -18.05 116.44 -0.37 14.17 -13.87 -0.41 4.13 -11.43 -1.22 1.2 35.01 -0.19 1.09 14.58 0.1 0.48 -1.69 -10.51 -2.83 -11.86 12.82 -1.65 -14.78 5.7 -0.55 -2.19 0 -0 0 -73.01 5.79 50.37 25.04 -36.25 -8.32 -0 0 -23.66 35.22 22.96 15.4 -7.12 0 -0 6.97 57.25 2.1 0 -0 0 72.56 -4.06 52.51 -27.72 38.86 -9.95 0 -0 -32.54 -36.49 2.35 -1.74 7.12 -0 -0 -7.57 -27.04 -3.33
0.91 9.9 -8.05 0.73 -1.56 -23.82 0 0 0 16.63 5.32 -62.62 28.42 18.21 115.34 -0.97 -24.45 -9.81 0.57 -4.85 -13.49 0 0 0 -14.5 1.28 -67.94 -28.78 -18.04 116.5 -0.38 14.3 -13.99 -0.43 4.19 -11.62 -1.5 1.29 34.82 -0.18 1.11 14.75 0.26 0.48 -1.44 -10.43 -2.85 -12.01 12.76 -1.7 -14.54 5.66 -0.58 -2.09 0 -0 0 -73.59 4.62 45.1 23.16 -34.26 -7.23 -0 0 -21.24 33.06 24.1 14.88 -7.12 0 -0 4.25 58.02 1.36 0 -0 0 72.49 -3.44 49.71 -25.86 37.07 -8.8 0 -0 -30.45 -33.81 1.14 -0.76 7.12 -0 -0 -5.63 -28.59 -2.26
0.9 9.86 -8.07 -1.63 -2.55 -22.84 0 0 0 20.02 6.27 -64.35 28.53 18.16 115.7 -1.15 -25.03 -8.8 0.63 -5.08 -14.13 0 0 0 -11.4 2.28 -69.08 -28.77 -18.05 116.46 -0.45 13.05 -14.11 -0.43 4.22 -11.71 0.71 0.92 34.58 0.35 1.35 14.36 -0.44 0.68 -1.76 -10.47 -2.8 -11.57 13.13 -1.63 -14.63 5.79 -0.56 -2.18 0 -0 0 -73.89 3.51 39.8 21.41 -32.31 -6.27 -0 0 -19.09 30.93 23.76 13.57 -7.12 0 -0 1.88 57.14 0.56 0 -0 0 72.68 -3.36 46.45 -24.47 35.66 -7.98 0 -0 -28.32 -32.9 0.57 -0.37 7.12 -0 -0 -4.96 -29.29 -1.9
0.91 9.9 -8.05 0.74 -1.51 -23.81 0 0 0 16.6 4.8 -62.52 28.41 18.21 115.33 -0.92 -24.21 -9.95 0.58 -4.87 -13.55 0 0 0 -14.56 1.28 -67.71 -28.71 -18.07 116.28 -0.37 14.45 -13.98 -0.43 4.23 -11.73 -1.62 1.43 35.17 -0.22 1.24 14.45 0.23 0.54 -1.88 -10.36 -2.8 -11.4 13.1 -1.69 -14.32 5.76 -0.6 -2.11 0 -0 0 -74.23 2.53 35.26 20.09 -30.75 -5.58 -0 0 -17.19 30.72 25.28 14.24 -7.12 0 -0 1.25 58.76 0.42 0 -0 0 72.77 -3.75 43.06 -23.56 34.7 -7.46 0 -0 -25.38 -31.9 0.47 -0.29 7.12 -0 -0 -4.18 -29.41 -1.59
0.92 9.91 -8.04 0.57 -1.57 -23.67 0 0 0 16.76 4.84 -62.59 28.41 18.21 115.32 -0.9 -24.21 -10.15 0.6 -4.96 -13.8 0 0 0 -14.4 1.34 -67.74 -28.68 -18.09 116.2 -0.38 14.38 -13.98 -0.5 4.55 -12.64 -1.5 1.47 35.01 -0.16 1.33 14.33 0.2 0.59 -1.96 -9.8 -2.56 -11.12 12.58 -1.49 -14.02 5.49 -0.52 -2.11 -0 0 0 -74.61 1.47 30.79 19.13 -29.58 -5.1 -0 0 -14.67 30.01 25.45 13.94 -7.12 0 -0 0.37 58.77 0.12 -0 0 0 72.83 -3.68 39.99 -22.43 33.46 -6.82 0 -0 -21.67 -31.1 1.11 -0.67 7.12 -0 -0 -3.53 -28.68 -1.4
0.92 9.93 -8.04 0.55 -1.64 -23.68 0 0 0 16.76 4.78 -62.43 28.39 18.22 115.26 -0.85 -24.03 -10.35 0.65 -5.14 -14.32 0 0 0 -14.37 1.29 -67.6 -28.66 -18.1 116.13 -0.37 14.7 -14.1 -0.49 4.51 -12.51 -1.51 1.57 34.89 -0.14 1.46 14.26 0.18 0.65 -2.01 -9.26 -2.38 -10.31 12.26 -1.36 -14.22 5.31 -0.51 -2.32 0 -0 0 -74.91 0.04 26.26 18.25 -28.47 -4.67 -0 0 -11.89 28.59 21.64 11.36 -7.12 0 -0 -0.18 54.29 -0.04 0 -0 0 72.95 -3.55 37.09 -21.55 32.46 -6.34 0 -0 -17.63 -31.51 1.31 -0.8 7.12 -0 -0 -3.83 -28.43 -1.55
0.92 9.92 -8.03 0.51 -1.72 -23.64 0 0 0 16.89 4.84 -62.47 28.42 18.21 115.36 -0.85 -23.96 -10.26 0.58 -4.9 -13.61 0 0 0 -14.36 1.32 -67.61 -28.69 -18.08 116.21 -0.39 14.75 -14.26 -0.5 4.52 -12.55 -1.53 1.62 34.84 -0.13 1.52 14.17 0.19 0.68 -2.08 -9.04 -2.21 -10.11 12.34 -1.19 -13.92 5.3 -0.43 -2.28 -0 0 0 -75.33 -1.35 22.8 17.5 -27.51 -4.31 -0 0 -10.03 30.24 24.17 13.42 -7.12 0 -0 1 57.43 0.3 -0 0 0 73.07 -3.14 35 -20.66 31.43 -5.87 0 -0 -13.35 -31.71 1.82 -1.13 7.12 -0 -0 -3.95 -27.83 -1.65
0.91 9.91 -8.04 0.24 -1.51 -23.62 0 0 0 17.14 4.47 -62.66 28.43 18.2 115.4 -0.88 -23.93 -9.97 0.55 -4.75 -13.2 0 0 0 -14.13 1.09 -67.55 -28.7 -18.08 116.26 -0.38 14.81 -14.26 -0.5 4.54 -12.59 -1.45 1.57 34.73 -0 1.49 14.25 0.29 0.67 -1.96 -8.83 -2.04 -9.87 12.31 -0.98 -13.88 5.26 -0.35 -2.33 0 -0 0 -75.76 -2.55 19.78 17.37 -27.34 -4.26 -0 0 -6.87 30.95 26.02 14.74 -7.12 0 -0 1.3 59.62 0.46 0 -0 0 73.13 -2.15 33.29 -19.69 30.27 -5.38 0 -0 -9.03 -32.28 2.66 -1.68 7.12 -0 -0 -4.34 -26.83 -1.92
0.91 9.91 -8.04 0.07 -1.54 -23.63 0 0 0 17.37 4.37 -62.7 28.46 18.19 115.46 -0.88 -23.87 -9.96 0.55 -4.74 -13.17 0 0 0 -13.94 1.07 -67.53 -28.71 -18.07 116.29 -0.4 14.67 -14.34 -0.51 4.58 -12.72 -1.26 1.57 34.67 0.06 1.55 14.17 0.23 0.7 -2.03 -8.72 -2 -9.8 12.44 -0.98 -13.29 5.27 -0.35 -2.16 -0 0 0 -75.81 -3.51 18.33 17.02 -26.88 -4.09 -0 0 -4.28 30.39 25.24 14.04 -7.12 0 -0 0.87 58.63 0.29 -0 0 0 73.15 -1.71 31.37 -19.16 29.61 -5.11 0 -0 -2.15 -31.86 3.36 -2.09 7.12 -0 -0 -3.98 -26.02 -1.83
0.92 9.91 -8.04 0.23 -1.54 -23.71 0 0 0 17.13 4.28 -62.6 28.47 18.19 115.49 -0.85 -23.99 -10.33 0.67 -5.22 -14.53 0 0 0 -14.11 1.05 -67.54 -28.72 -18.07 116.32 -0.38 14.77 -14.23 -0.51 4.59 -12.75 -1.41 1.67 34.7 0.08 1.63 14.11 0.31 0.74 -2.1 -8.66 -1.9 -9.51 12.41 -0.88 -13.22 5.25 -0.31 -2.2 -0 0 0 -75.51 -4.57 18.59 16.54 -26.25 -3.88 -0 0 -1.21 29.4 22.73 12.28 -7.12 0 -0 0.43 55.66 0.11 -0 0 0 73 -0.74 29.84 -18.52 28.82 -4.8 0 0 2.92 -29.31 3.49 -1.96 7.12 -0 -0 -2.04 -25.98 -0.94
0.91 9.9 -8.05 0.2 -1.65 -23.88 0 0 0 17.27 4.44 -62.48 28.51 18.17 115.64 -0.85 -23.94 -10.32 0.67 -5.22 -14.55 0 0 0 -14.02 1.19 -67.55 -28.74 -18.06 116.38 -0.38 14.64 -14.18 -0.51 4.57 -12.68 -1.33 1.7 34.67 0.1 1.7 14.11 0.27 0.77 -2.09 -8.81 -1.82 -8.69 12.62 -0.76 -13.64 5.35 -0.28 -2.47 -0 0 0 -74.85 -5.91 18.79 15.8 -25.25 -3.56 -0 -0 5.24 29.13 21.7 11.64 -7.12 0 -0 0.39 54.47 0.09 -0 0 0 72.75 0.19 29.18 -18.38 28.64 -4.73 0 0 5.06 -27.8 4.62 -2.43 7.12 -0 -0 -0.86 -24.75 -0.42
0.9 9.85 -8.08 -1.35 -1.99 -23.52 0 0 0 19.42 4.83 -63.68 28.58 18.13 115.87 -0.98 -24.17 -9.37 0.64 -5.12 -14.26 0 0 0 -12.08 1.48 -68.17 -28.78 -18.04 116.52 -0.41 13.91 -14.07 -0.49 4.49 -12.47 0.18 1.33 34.75 0.45 1.73 13.92 -0.17 0.83 -2.31 -8.8 -1.84 -8.82 12.69 -0.81 -13.23 5.36 -0.3 -2.32 -0 0 0 -73.89 -7.33 19.42 15.11 -24.3 -3.27 -0 -0 11.44 29.85 20.61 11.42 -7.12 0 -0 1.38 53.42 0.28 -0 0 0 72.42 1.23 28.88 -18.57 28.89 -4.82 0 0 5.75 -25.39 4.2 -1.99 7.12 -0 -0 0.94 -25.33 0.45
0.91 9.88 -8.07 0.49 -1.51 -24.27 0 0 0 16.89 4.23 -62.2 28.48 18.18 115.55 -0.8 -23.55 -10.28 0.64 -5.11 -14.24 0 0 0 -14.39 1.16 -67.36 -28.75 -18.06 116.4 -0.34 14.74 -13.87 -0.5 4.54 -12.61 -1.46 1.72 34.57 0.04 1.68 14.25 0.28 0.76 -1.91 -8.78 -1.79 -9.01 12.45 -0.8 -12.67 5.28 -0.27 -2.13 -0 -0 0 -73.16 -9.07 18.79 14.28 -23.13 -2.94 -0 -0 16.44 29.16 19.39 10.5 -7.12 0 -0 0.88 51.93 0.15 -0 -0 0 71.84 2.44 28.48 -18.82 29.19 -4.94 0 0 6.54 -23.56 4.3 -1.87 7.12 -0 -0 2.32 -25.29 1.11
0.91 9.88 -8.09 0.59 -1.46 -24.58 0 0 0 16.71 4.05 -61.89 28.45 18.2 115.43 -0.78 -23.44 -10.35 0.66 -5.18 -14.42 0 0 0 -14.48 1.13 -67.06 -28.72 -18.07 116.32 -0.33 14.71 -13.72 -0.48 4.44 -12.32 -1.4 1.63 34.68 -0.07 1.59 14.33 0.16 0.72 -1.86 -8.74 -1.77 -9.12 12.38 -0.79 -12.27 5.24 -0.26 -1.99 0 -0 0 -72.46 -10.58 17.52 13.97 -22.69 -2.81 -0 -0 18.06 28.53 19.48 10.27 -7.12 0 -0 0.21 51.91 0.04 0 -0 0 71.41 3.64 27.99 -19.33 29.83 -5.2 0 0 7.53 -22.45 4.68 -1.93 7.12 -0 -0 3.16 -24.92 1.54
0.91 9.89 -8.1 1.14 -1.27 -24.9 0 0 0 15.96 3.92 -61.42 28.41 18.21 115.32 -0.76 -23.31 -10.43 0.63 -5.09 -14.16 0 0 0 -15.17 1.03 -66.8 -28.71 -18.07 116.3 -0.33 14.72 -13.69 -0.5 4.55 -12.63 -2.03 1.73 34.32 -0.13 1.52 14.54 0.46 0.66 -1.51 -8.99 -1.68 -9.25 12.38 -0.7 -11.66 5.27 -0.2 -1.8 0 -0 0 -72.06 -11.83 16.14 14 -22.74 -2.83 -0 -0 16.78 29.27 19.71 10.7 -7.12 0 -0 0.93 52.31 0.17 0 -0 0 70.76 4.95 27.25 -19.96 30.6 -5.51 0 0 7.96 -22.68 4.41 -1.84 7.12 -0 -0 2.98 -25.2 1.43
0.91 9.88 -8.11 1.17 -1.25 -25.09 0 0 0 15.89 3.87 -61.28 28.39 18.22 115.24 -0.76 -23.24 -10.3 0.63 -5.08 -14.13 0 0 0 -15.19 1.02 -66.6 -28.7 -18.08 116.24 -0.32 14.82 -13.65 -0.49 4.5 -12.49 -1.97 1.65 34.25 -0.2 1.43 14.5 0.39 0.62 -1.52 -8.75 -1.54 -8.94 12.13 -0.57 -11.71 5.16 -0.14 -1.89 0 0 0 -71.66 -12.56 14.85 14.55 -23.52 -3.04 -0 -0 14.24 29.8 20.88 11.53 -7.12 0 -0 1.27 53.7 0.27 0 0 0 70.37 5.89 26.37 -20.78 31.57 -5.94 0 0 7.95 -24.44 4.14 -1.88 7.12 -0 -0 1.66 -25.43 0.79
0.91 9.88 -8.12 1.16 -1.42 -25.39 0 0 0 15.98 4 -60.88 28.37 18.23 115.2 -0.78 -23.35 -10.29 0.6 -4.97 -13.82 0 0 0 -15.11 1.22 -66.31 -28.68 -18.09 116.18 -0.29 15 -13.49 -0.48 4.42 -12.27 -1.89 1.65 34.5 -0.15 1.45 14.32 0.39 0.63 -1.81 -8.5 -1.52 -9.1 11.64 -0.66 -10.64 4.94 -0.18 -1.55 0 -0 0 -71.53 -12.71 13.88 15.72 -25.14 -3.53 -0 -0 11.42 29.88 21.72 12.01 -7.12 0 -0 1.19 54.65 0.28 0 -0 0 70.07 6.33 24.55 -21.98 32.95 -6.58 0 0 7.55 -26.93 6.13 -3.11 7.12 -0 -0 -0.15 -23.11 -0.08
0.92 9.88 -8.12 1.15 -1.44 -25.55 0 0 0 15.98 3.94 -60.73 28.36 18.23 115.15 -0.77 -23.34 -10.39 0.52 -4.6 -12.78 0 0 0 -15.09 1.2 -66.18 -28.67 -18.09 116.16 -0.28 15.09 -13.43 -0.46 4.35 -12.06 -1.77 1.57 34.39 -0.18 1.39 14.34 0.31 0.61 -1.74 -8.41 -1.45 -9.25 11.44 -0.6 -10.19 4.87 -0.14 -1.4 0 -0 0 -71.33 -12.79 13.29 17.68 -27.75 -4.4 -0 -0 8.47 29.79 23.39 12.8 -7.12 0 -0 0.69 56.47 0.2 0 -0 0 70.33 7.01 20.71 -23.93 35.09 -7.67 0 0 9.08 -26.08 5.01 -2.45 7.12 -0 -0 0.44 -24.4 0.22
0.92 9.88 -8.13 1.2 -1.52 -25.69 0 0 0 15.94 4.04 -60.46 28.35 18.24 115.12 -0.78 -23.47 -10.38 0.45 -4.33 -12 0 0 0 -15.08 1.1 -66.05 -28.66 -18.1 116.11 -0.27 15.27 -13.41 -0.46 4.35 -12.06 -1.77 1.52 34.3 -0.18 1.34 14.5 0.33 0.58 -1.54 -8.28 -1.35 -9.99 11.1 -0.5 -9.52 4.73 -0.06 -1.11 0 -0 0 -71.36 -12.4 12.9 20.93 -31.75 -6.01 -0 -0 4.93 30.52 25.05 14.02 -7.12 0 -0 1.08 58.46 0.36 0 -0 0 70.55 7.23 17.32 -27.61 38.75 -9.88 0 0 8.98 -28.19 5.64 -3.02 7.12 -0 -0 -1.1 -23.58 -0.57
0.92 9.87 -8.14 0.86 -1.67 -25.75 0 0 0 16.45 4.18 -60.55 28.37 18.23 115.19 -0.81 -23.56 -10.26 0.47 -4.39 -12.18 0 0 0 -14.65 1.23 -66.04 -28.67 -18.09 116.16 -0.26 15.22 -13.38 -0.42 4.17 -11.54 -1.47 1.42 34.47 -0.04 1.3 14.5 0.33 0.57 -1.6 -8.18 -1.23 -10.11 10.71 -0.36 -9.51 4.6 0.01 -1.1 0 -0 0 -71.53 -11.49 12.56 25.65 -36.86 -8.67 -0 -0 0.62 35.09 23.47 15.63 -7.12 0 -0 6.74 57.8 2.12 0 -0 0 70.54 7.4 14.62 -32.22 42.72 -12.89 0 0 7.68 -29.94 4.07 -2.34 7.12 -0 -0 -2.49 -25.28 -1.19
0.92 9.87 -8.14 0.94 -1.78 -25.93 0 0 0 16.41 4.24 -60.3 28.37 18.23 115.2 -0.8 -23.52 -10.29 0.47 -4.39 -12.16 0 0 0 -14.66 1.38 -65.9 -28.66 -18.1 116.13 -0.26 15.24 -13.3 -0.43 4.18 -11.6 -1.57 1.44 34.54 -0.03 1.28 14.64 0.4 0.55 -1.47 -8.08 -1.29 -10.56 10.44 -0.46 -9.08 4.49 -0.02 -0.9 -0 0 0 -71.72 -10.61 11.75 31.73 -42.33 -12.56 -0 0 -4.09 36.54 23.64 16.55 -7.12 0 -0 8.47 58.37 2.78 -0 0 0 70.35 7.52 12.63 -38.38 47.08 -17.24 0 0 4.8 -31.51 2.57 -1.58 7.12 -0 -0 -3.76 -26.96 -1.65
0.92 9.87 -8.16 0.82 -1.98 -26.01 0 0 0 16.66 4.34 -60.24 28.37 18.23 115.18 -0.79 -23.48 -10.36 0.51 -4.56 -12.66 0 0 0 -14.35 1.68 -65.91 -28.63 -18.11 116.02 -0.28 14.77 -13.32 -0.51 4.59 -12.74 -1.46 1.37 34.76 -0.04 1.22 14.68 0.35 0.53 -1.5 -8.58 -1.54 -10.81 10.92 -0.74 -8.57 4.71 -0.14 -0.68 -0 -0 0 -71.75 -10.03 10.58 39.24 -47.61 -17.88 -0 0 -7.07 36.92 25.45 17.9 -7.12 0 -0 8.74 60.54 3.33 -0 -0 0 69.83 8 11.65 -45.15 50.84 -22.36 0 0 2.33 -32.66 0.3 -0.19 7.12 -0 -0 -4.78 -29.61 -1.8
0.92 9.87 -8.17 0.95 -1.97 -26.09 0 0 0 16.48 4.22 -60.12 28.34 18.24 115.11 -0.78 -23.41 -10.29 0.48 -4.44 -12.33 0 0 0 -14.5 1.63 -65.88 -28.63 -18.11 116.01 -0.25 15.03 -13.17 -0.43 4.19 -11.61 -1.63 1.33 34.91 -0.11 1.11 14.71 0.39 0.47 -1.51 -8.7 -2.19 -12 10.88 -1.68 -6.32 4.67 -0.56 0.26 -0 0 0 -71.43 -9.75 10.18 47.74 -52.04 -24.38 -0 0 -9.32 37.14 24.86 17.66 -7.12 0 -0 9.09 59.91 3.32 -0 0 0 68.9 9.03 10.88 -51.78 53.69 -27.6 0 0 3.01 -33.65 0.97 -0.65 7.12 -0 -0 -5.51 -28.79 -2.19
0.92 9.88 -8.17 1.25 -1.82 -26.21 0 0 0 16.01 3.99 -59.91 28.32 18.25 115.03 -0.73 -23.17 -10.51 0.51 -4.59 -12.75 0 0 0 -14.9 1.4 -65.75 -28.62 -18.12 115.98 -0.23 15.36 -13.1 -0.42 4.17 -11.56 -1.96 1.27 34.83 -0.35 0.92 14.72 0.37 0.37 -1.47 -10.07 -2.93 -12 12.63 -2.67 -4 5.38 -0.99 1.11 0 -0 0 -70.7 -10.02 9.67 56.79 -55.39 -31.69 -0 0 -9.63 36.32 25.3 17.44 -7.12 0 -0 8 60.2 2.98 0 -0 0 67.91 10.43 10.78 -57.59 55.63 -32.35 0 0 4.04 -35.06 0.89 -0.63 7.12 -0 -0 -6.61 -28.86 -2.61
0.92 9.87 -8.18 1.16 -1.89 -26.55 0 0 0 16.23 4.04 -59.63 28.32 18.25 115.04 -0.73 -23.2 -10.54 0.51 -4.58 -12.73 0 0 0 -14.77 1.47 -65.46 -28.66 -18.1 116.11 -0.22 15.46 -13.08 -0.39 4.01 -11.12 -2 1.1 35.02 -0.56 0.68 14.64 0.25 0.25 -1.62 -10.76 -4.11 -13.03 13.4 -4.48 0.63 5.59 -1.79 2.88 -0 0 0 -69.63 -10.6 9.18 65.5 -57.61 -38.96 -0 0 -9.15 35.67 26.11 17.53 -7.12 0 -0 7.05 60.95 2.75 -0 0 0 66.84 12.46 11.39 -62.83 57.02 -36.7 0 0 4.83 -36.14 0.8 -0.58 7.12 -0 -0 -7.46 -28.95 -2.94
0.91 9.87 -8.19 1.16 -1.89 -26.71 0 0 0 16.24 4.13 -59.5 28.31 18.26 114.99 -0.75 -23.21 -10.39 0.53 -4.69 -13.01 0 0 0 -14.71 1.49 -65.28 -28.62 -18.12 115.99 -0.2 15.47 -12.91 -0.37 3.88 -10.75 -2.09 0.95 34.79 -0.74 0.46 14.5 0.18 0.15 -1.68 -11.3 -5.03 -12.41 13.47 -6.05 4.57 5.58 -2.54 4.17 -0 -0 0 -68.19 -12.34 9.24 71.73 -58.7 -44.25 -0 0 -8.78 34.24 25.08 16.1 -7.12 0 -0 5.47 59.42 1.93 -0 -0 0 65.69 15.21 12.24 -65.46 57.6 -38.92 0 0 4.71 -36.25 1.54 -1.13 7.12 -0 -0 -7.47 -28.04 -3.11
0.91 9.87 -8.19 1.11 -1.88 -27.08 0 0 0 16.32 4.09 -59.1 28.29 18.27 114.94 -0.76 -23.31 -10.36 0.55 -4.73 -13.14 0 0 0 -14.63 1.29 -64.92 -28.63 -18.11 116.01 -0.18 15.66 -12.84 -0.34 3.77 -10.44 -2.04 0.9 34.62 -0.86 0.41 14.46 0.05 0.13 -1.68 -11.19 -5.71 -12.02 12.28 -7.29 8.92 5.08 -3.18 5.53 -0 0 0 -66.62 -14.45 10.23 77 -59.35 -48.77 -0 0 -8.77 33.39 25.02 15.58 -7.12 0 -0 4.46 59.13 1.54 -0 0 0 64.42 17.69 13.24 -68.18 58.12 -41.22 0 0 3.48 -36.03 2.17 -1.58 7.12 -0 -0 -7.24 -27.28 -3.14
0.9 9.86 -8.21 1.07 -1.89 -27.26 0 0 0 16.44 4.15 -58.98 28.29 18.26 114.95 -0.8 -23.43 -10.18 0.54 -4.7 -13.07 0 0 0 -14.56 1.26 -64.77 -28.62 -18.12 115.98 -0.17 15.68 -12.72 -0.33 3.66 -10.13 -2.08 0.85 34.6 -0.89 0.32 14.29 0.06 0.09 -1.85 -11.78 -6.03 -11.31 11.69 -7.88 12.33 4.95 -3.52 6.54 0 0 0 -65.05 -16.58 11.59 80.56 -59.66 -51.84 -0 0 -9.17 30.76 23.3 13.25 -7.12 0 -0 1.8 56.59 0.51 0 0 0 63.36 19.89 14.8 -72.28 58.78 -44.71 0 0 1.22 -36.37 2.09 -1.54 7.12 -0 -0 -7.5 -27.36 -3.24
0.9 9.86 -8.22 0.98 -2 -27.56 0 0 0 16.6 4.3 -58.67 28.24 18.29 114.76 -0.83 -23.54 -10 0.56 -4.79 -13.3 0 0 0 -14.33 1.29 -64.51 -28.6 -18.13 115.92 -0.19 15.47 -12.81 -0.32 3.65 -10.1 -1.98 0.85 34.77 -0.87 0.35 14.25 0.03 0.1 -1.94 -11.86 -6.1 -10.48 10.56 -8.03 14.44 4.61 -3.7 7.05 0 0 0 -63.14 -18.96 13.8 82.98 -59.81 -53.92 -0 0 -10.95 28.18 22.61 11.64 -7.12 0 -0 -0.87 55.27 -0.22 0 0 0 61.86 22.22 16.98 -75.44 59.18 -47.42 0 -0 -3.24 -34.98 1.72 -1.2 7.12 -0 -0 -6.48 -27.86 -2.72
0.9 9.85 -8.23 1.03 -1.96 -27.47 0 0 0 16.57 4.37 -58.87 28.25 18.28 114.82 -0.87 -23.65 -9.78 0.54 -4.69 -13.03 0 0 0 -14.46 1.11 -64.7 -28.61 -18.12 115.97 -0.17 15.67 -12.7 -0.31 3.57 -9.88 -1.92 0.79 34.41 -0.98 0.31 14.54 -0.1 0.09 -1.51 -11.56 -6.07 -10.35 9.7 -7.97 15.49 4.29 -3.72 7.31 -0 0 0 -61.1 -21.99 15.98 84.03 -59.87 -54.83 -0 0 -14.14 23.81 22.58 9.62 -7.12 0 -0 -5.48 54.34 -1.26 -0 0 0 60.57 24.89 19.35 -77.69 59.42 -49.36 0 -0 -9 -34.03 2.18 -1.47 7.12 -0 -0 -5.71 -27.34 -2.46
0.9 9.85 -8.24 1.22 -1.87 -27.45 0 0 0 16.41 4.48 -58.96 28.26 18.28 114.83 -1 -23.97 -8.96 0.41 -4.09 -11.32 0 0 0 -14.71 1.07 -64.77 -28.6 -18.13 115.92 -0.15 15.73 -12.6 -0.33 3.71 -10.26 -2.1 0.86 34.47 -1.01 0.34 14.57 -0.05 0.09 -1.5 -11.54 -5.83 -10.08 9.19 -7.62 16.24 4.17 -3.6 7.44 0 0 0 -59.28 -24.45 18.84 84.2 -59.87 -54.98 -0 0 -18.13 18.57 21.91 7.14 -7.12 0 -0 -10.58 52.67 -2.01 0 0 0 59.12 26.87 22.19 -79.22 59.56 -50.68 0 -0 -13.7 -31.81 2.38 -1.48 7.12 -0 -0 -4 -27.17 -1.74
0.89 9.85 -8.23 1.34 -1.74 -27.56 0 0 0 16.21 4.63 -58.82 28.25 18.28 114.8 -0.95 -23.99 -9.38 0.49 -4.47 -12.41 0 0 0 -14.89 0.88 -64.62 -28.6 -18.13 115.92 -0.15 15.78 -12.62 -0.35 3.8 -10.51 -2.22 0.91 34.5 -1.02 0.36 14.63 -0 0.1 -1.45 -11.33 -5.6 -9.65 8.53 -7.29 16.66 3.96 -3.49 7.43 0 0 0 -57.49 -26.55 22.17 83.52 -59.84 -54.39 -0 0 -22.85 17.71 22.15 6.86 -7.12 0 -0 -11.53 52.75 -2.22 0 0 0 57.94 28.41 25.6 -79.93 59.61 -51.29 0 -0 -17.37 -31.66 2.33 -1.43 7.12 -0 -0 -3.89 -27.24 -1.68
0.89 9.85 -8.23 1.38 -1.63 -27.61 0 0 0 16.14 4.68 -58.71 28.25 18.29 114.79 -0.98 -24.14 -9.29 0.45 -4.31 -11.96 0 0 0 -15.02 0.63 -64.51 -28.61 -18.12 115.97 -0.14 16.05 -12.66 -0.34 3.76 -10.41 -2.22 0.92 34.74 -1.05 0.37 14.52 -0.04 0.11 -1.64 -11.32 -5.44 -9.51 8.26 -7.08 17.44 3.9 -3.42 7.63 0 -0 0 -55.97 -28.2 25.64 82.25 -59.77 -53.29 -0 0 -26.96 13.76 21.34 5.09 -7.12 0 -0 -15.05 51.27 -2.37 0 -0 0 57.13 29.71 29.06 -79.23 59.56 -50.68 0 -0 -18.65 -29.89 3.72 -2.14 7.12 -0 -0 -2.47 -25.69 -1.15
0.88 9.85 -8.22 1.08 -1.87 -27.55 0 0 0 16.72 5.01 -58.81 28.26 18.28 114.84 -1.03 -24.33 -9.05 0.46 -4.35 -12.08 0 0 0 -14.54 0.85 -64.57 -28.62 -18.12 115.99 -0.15 15.95 -12.68 -0.33 3.67 -10.16 -1.98 0.93 34.84 -1.01 0.45 14.53 -0.16 0.16 -1.66 -10.91 -5.23 -10.17 8.14 -6.8 18.11 3.81 -3.26 7.92 0 0 0 -54.48 -29.85 28.77 80.32 -59.64 -51.62 -0 0 -29.32 9.24 23.16 3.66 -7.12 0 -0 -20.26 52.26 -3.75 0 0 0 56.38 30.91 32.74 -77.85 59.44 -49.5 0 -0 -19.52 -28.83 4.46 -2.45 7.12 -0 -0 -1.64 -24.89 -0.8
0.89 9.85 -8.21 0.88 -1.89 -27.37 0 0 0 16.99 5.17 -59.09 28.3 18.26 114.96 -1.06 -24.54 -9 0.45 -4.28 -11.88 0 0 0 -14.37 0.73 -64.73 -28.65 -18.1 116.09 -0.15 16.01 -12.76 -0.31 3.59 -9.92 -1.8 0.84 34.73 -1 0.4 14.65 -0.22 0.14 -1.5 -11.08 -5.29 -10.43 8.34 -6.87 18.15 3.9 -3.28 8 0 0 0 -53.12 -31.44 31.71 77.3 -59.38 -49.03 -0 0 -30.63 7.18 23.16 2.84 -7.12 0 -0 -22.22 51.92 -3.94 0 0 0 55.36 32.37 36.5 -75.09 59.14 -47.12 0 -0 -20 -28.13 5.33 -2.84 7.12 -0 -0 -1.07 -23.94 -0.54
0.89 9.85 -8.21 0.87 -1.79 -27.18 0 0 0 16.87 5.1 -59.28 28.29 18.27 114.93 -1.02 -24.39 -9.19 0.49 -4.48 -12.43 0 0 0 -14.4 0.76 -64.84 -28.64 -18.11 116.05 -0.16 15.91 -12.82 -0.33 3.69 -10.2 -1.83 0.83 34.68 -0.96 0.38 14.63 -0.15 0.13 -1.51 -11.02 -5.36 -10.53 8.12 -6.92 18.12 3.81 -3.31 8 0 0 0 -52.1 -32.54 34.78 73.29 -58.92 -45.59 -0 0 -30.66 5.61 22.98 2.2 -7.12 0 -0 -23.59 51.49 -3.96 0 0 0 54.86 32.66 39.87 -73 58.88 -45.33 0 -0 -18.86 -27.69 5.95 -3.11 7.12 -0 -0 -0.71 -23.27 -0.37
0.89 9.86 -8.19 1.26 -1.48 -27.03 0 0 0 16.22 4.78 -59.36 28.3 18.26 114.96 -1 -24.2 -9.21 0.45 -4.31 -11.94 0 0 0 -15.07 0.43 -64.93 -28.65 -18.1 116.07 -0.15 16.14 -12.78 -0.33 3.67 -10.15 -2.25 0.86 34.67 -1.07 0.29 14.7 -0.02 0.07 -1.42 -11.32 -5.53 -10.08 8.4 -7.16 17.31 3.93 -3.43 7.7 -0 -0 0 -51.16 -33.33 37.72 68.8 -58.23 -41.75 -0 0 -30.69 7.57 21.97 2.84 -7.12 0 -0 -21.23 50.87 -3.2 -0 -0 0 54.45 33.69 43.22 -67.56 58.01 -40.7 0 -0 -16.25 -29.19 7.19 -4 7.12 -0 -0 -1.74 -21.76 -0.97
0.9 9.86 -8.19 1.17 -1.57 -26.93 0 0 0 16.35 4.96 -59.48 28.31 18.26 114.98 -0.99 -24.24 -9.36 0.48 -4.45 -12.34 0 0 0 -14.93 0.51 -65.03 -28.65 -18.1 116.09 -0.16 16.07 -12.91 -0.37 3.9 -10.78 -2.17 0.87 35.04 -1.02 0.32 14.63 -0.02 0.08 -1.63 -11.77 -5.7 -9.31 8.78 -7.4 15.95 4.11 -3.56 7.18 -0 -0 0 -50.51 -33.8 40.79 64.05 -57.29 -37.73 -0 0 -29.48 9.98 21.4 3.67 -7.12 0 -0 -18.69 50.72 -2.72 -0 -0 0 54.33 33.68 46.06 -63.41 57.15 -37.19 0 -0 -11.46 -30.7 7.48 -4.42 7.12 -0 -0 -2.82 -21.3 -1.6
0.9 9.86 -8.18 1.09 -1.7 -26.86 0 0 0 16.5 5.16 -59.48 28.32 18.25 115.02 -1 -24.34 -9.33 0.48 -4.43 -12.28 0 0 0 -14.81 0.62 -64.95 -28.64 -18.11 116.05 -0.18 16.14 -13.11 -0.36 3.87 -10.72 -2.27 0.89 35.11 -1 0.31 14.78 0.06 0.07 -1.49 -12.02 -5.97 -8.56 9.15 -7.76 13.93 4.24 -3.73 6.47 -0 0 0 -49.79 -33.86 43.6 58.82 -55.99 -33.36 -0 0 -22.37 13.18 19.87 4.55 -7.12 0 -0 -15.01 49.74 -1.79 -0 0 0 54.5 34.14 48.74 -59.49 56.17 -33.92 0 -0 -5.91 -36.18 9.2 -6.67 7.12 -0 -0 -6.53 -18.68 -4.12
0.9 9.86 -8.17 1.25 -1.71 -26.44 0 0 0 16.25 5.45 -59.93 28.32 18.25 115.03 -0.97 -24.3 -9.59 0.54 -4.72 -13.11 0 0 0 -15.07 0.74 -65.31 -28.63 -18.11 116.02 -0.17 16.4 -13.17 -0.36 3.83 -10.6 -2.5 0.96 35.13 -0.99 0.32 14.8 0.18 0.06 -1.47 -12.48 -6.62 -7.76 9.26 -8.56 11.67 4.28 -4.15 5.73 0 0 0 -49.39 -34.03 46.77 53.06 -54.16 -28.63 -0 0 -11.1 16.35 19.31 5.54 -7.12 0 -0 -11.79 49.67 -1.38 0 0 0 54.71 34.21 49.08 -59.48 56.17 -33.91 0 0 5.31 -39.11 9.21 -7.42 7.12 -0 -0 -8.56 -18.25 -5.51
0.9 9.87 -8.15 1.08 -1.65 -26.01 0 0 0 16.47 5.55 -60.29 28.32 18.25 115.04 -1 -24.66 -9.76 0.48 -4.46 -12.37 0 0 0 -14.97 0.6 -65.75 -28.66 -18.1 116.11 -0.16 16.34 -13.03 -0.36 3.83 -10.6 -2.46 0.77 35.02 -1 0.1 14.86 0.21 -0.04 -1.36 -12.83 -7.12 -6.48 9.51 -9.22 8.81 4.41 -4.49 4.74 -0 -0 0 -49.56 -33.82 47.61 51 -53.39 -26.97 -0 -0 4.14 21.99 15.73 6.25 -7.12 0 -0 -5.42 46.8 -0.24 -0 -0 0 54.98 34.58 49.68 -60.63 56.48 -34.86 0 0 9.29 -39.24 9.07 -7.34 7.12 -0 -0 -8.67 -18.41 -5.55
0.91 9.88 -8.13 1.22 -1.75 -25.74 0 0 0 16.39 5.83 -60.36 28.33 18.25 115.05 -1.01 -24.83 -9.88 0.53 -4.68 -12.98 0 0 0 -15.05 0.75 -65.97 -28.67 -18.09 116.15 -0.18 16.24 -13.21 -0.36 3.87 -10.7 -2.56 0.58 35.07 -1.27 -0.2 14.81 0.08 -0.19 -1.42 -12.94 -7.54 -5.58 9.58 -9.76 6.5 4.45 -4.78 3.96 -0 -0 0 -49.69 -32.54 46.75 54.45 -54.64 -29.76 -0 -0 10.04 21.36 16.12 6.2 -7.12 0 -0 -6.11 47.13 -0.32 -0 -0 0 55.49 35 51.03 -60.78 56.51 -34.99 0 0 12.13 -39.9 8.68 -7.2 7.12 -0 -0 -9.19 -18.8 -5.81
0.91 9.89 -8.12 0.79 -2.21 -25.45 0 0 0 17.1 6.55 -60.84 28.39 18.22 115.24 -1.13 -24.94 -8.91 0.44 -4.25 -11.78 0 0 0 -14.32 1.27 -66.19 -28.65 -18.1 116.1 -0.23 15.89 -13.41 -0.36 3.86 -10.68 -2.17 0.32 35.1 -1.34 -0.41 14.81 -0.13 -0.28 -1.44 -13.23 -7.97 -5.42 9.71 -10.27 5.18 4.51 -5.03 3.61 0 0 0 -49.75 -31.72 46.44 56.09 -55.18 -31.11 -0 -0 9.83 20.77 17.47 6.5 -7.12 0 -0 -7 48.46 -0.6 0 0 0 55.55 35.73 52.19 -60.16 56.35 -34.48 0 0 13.98 -40.31 9.5 -7.97 7.12 -0 -0 -9.34 -17.7 -6.14
0.91 9.9 -8.1 0.77 -2.23 -25.2 0 0 0 16.99 6.7 -60.98 28.38 18.22 115.24 -1.05 -24.81 -9.45 0.47 -4.41 -12.23 0 0 0 -14.29 1.32 -66.34 -28.65 -18.1 116.09 -0.24 15.94 -13.52 -0.41 4.09 -11.32 -2.11 0.16 34.93 -1.52 -0.59 14.85 -0.29 -0.36 -1.35 -13.51 -8.07 -5.14 10.34 -10.4 3.82 4.77 -5.08 3.22 0 0 0 -49.99 -31.27 46.07 56.01 -55.15 -31.05 -0 -0 10.17 20.34 17.16 6.24 -7.12 0 -0 -7.33 48.07 -0.56 0 0 0 55.67 36.14 52.79 -59.61 56.2 -34.02 0 0 14.38 -40.49 9.22 -7.79 7.12 -0 -0 -9.51 -18.03 -6.19
0.91 9.91 -8.08 1.04 -2.12 -25.19 0 0 0 16.7 6.33 -60.64 28.36 18.24 115.15 -1.03 -24.89 -9.72 0.44 -4.26 -11.82 0 0 0 -14.64 1.17 -66.28 -28.67 -18.09 116.14 -0.24 16.02 -13.63 -0.39 4 -11.09 -2.45 0.15 35.06 -1.72 -0.73 14.93 -0.28 -0.43 -1.3 -13.52 -8.19 -5.61 10.7 -10.48 3.12 4.86 -5.1 3.12 0 0 0 -50.03 -31.13 45.41 55.57 -55.01 -30.68 -0 -0 10.32 20.71 17.21 6.38 -7.12 0 -0 -6.99 48.18 -0.55 0 0 0 55.87 36.53 53.16 -59.33 56.13 -33.78 0 0 13.79 -41.07 9.07 -7.82 7.12 -0 -0 -9.93 -18.13 -6.44
0.9 9.92 -8.07 1.25 -1.87 -25.1 0 0 0 16.31 5.9 -60.64 28.35 18.24 115.12 -0.99 -24.73 -9.87 0.45 -4.32 -11.98 0 0 0 -15.02 0.84 -66.26 -28.68 -18.09 116.19 -0.24 16.21 -13.72 -0.42 4.14 -11.47 -2.62 0.15 34.94 -1.84 -0.78 15.06 -0.31 -0.46 -1.11 -13.91 -8.12 -5.76 11.73 -10.35 2.23 5.26 -5.01 2.95 0 -0 0 -50.11 -31.53 45.17 55.24 -54.9 -30.42 -0 -0 8.06 20.82 16.64 6.21 -7.12 0 -0 -6.74 47.59 -0.43 0 -0 0 55.9 36.66 53.01 -59.21 56.09 -33.68 0 0 14.23 -41.41 8.31 -7.26 7.12 -0 -0 -10.29 -19.06 -6.47
0.9 9.9 -8.05 0.91 -1.97 -24.69 0 0 0 16.77 6 -61.23 28.41 18.21 115.3 -0.98 -24.61 -9.91 0.49 -4.5 -12.48 0 0 0 -14.63 0.85 -66.74 -28.73 -18.07 116.34 -0.27 15.99 -13.85 -0.42 4.15 -11.49 -2.33 0.13 34.54 -1.81 -0.7 15.07 -0.44 -0.41 -0.97 -13.96 -7.99 -5.55 12.45 -10.18 1.35 5.53 -4.91 2.68 -0 -0 0 -50.17 -31.79 44.98 55.23 -54.9 -30.41 -0 -0 6.21 20.59 16.67 6.15 -7.12 0 -0 -6.96 47.59 -0.45 -0 -0 0 55.89 36.6 53 -59.33 56.13 -33.79 0 0 14.61 -41.56 8.43 -7.41 7.12 -0 -0 -10.38 -18.87 -6.57
0.89 9.9 -8.04 0.82 -2.07 -24.41 0 0 0 16.96 6.11 -61.52 28.45 18.19 115.45 -0.98 -24.68 -9.98 0.51 -4.57 -12.68 0 0 0 -14.49 0.94 -67.05 -28.76 -18.05 116.43 -0.27 16.08 -13.93 -0.45 4.3 -11.93 -2.35 0.23 34.24 -1.71 -0.56 15.21 -0.37 -0.35 -0.71 -14.17 -8.05 -6.23 12.97 -10.18 1.19 5.7 -4.88 2.78 0 0 0 -50.33 -32.28 44.81 55.21 -54.89 -30.39 -0 -0 5.47 20.89 17.06 6.39 -7.12 0 -0 -6.78 48.05 -0.51 0 0 0 55.7 36.64 52.65 -59.64 56.21 -34.04 0 0 15.05 -41.4 8.3 -7.25 7.12 -0 -0 -10.28 -19.06 -6.46
0.89 9.9 -8.03 1.03 -1.77 -24.31 0 0 0 16.54 5.64 -61.61 28.45 18.19 115.44 -0.91 -24.38 -10.2 0.52 -4.63 -12.87 0 0 0 -14.91 0.6 -67.09 -28.77 -18.05 116.48 -0.27 16.17 -13.91 -0.41 4.1 -11.35 -2.57 0.32 34.17 -1.76 -0.51 15.15 -0.33 -0.33 -0.75 -14.13 -8.07 -6.2 13.21 -10.24 1.25 5.76 -4.9 2.81 -0 0 0 -50.88 -32.23 45.02 55.47 -54.98 -30.6 -0 -0 5.41 21.06 17.13 6.47 -7.12 0 -0 -6.63 48.14 -0.52 -0 0 0 56.05 36.28 52.44 -59.68 56.22 -34.07 0 0 15.11 -41.16 8.14 -7.05 7.12 -0 -0 -10.15 -19.31 -6.32
0.89 9.9 -8.03 0.76 -1.85 -24.24 0 0 0 16.9 5.69 -61.77 28.46 18.19 115.48 -0.92 -24.44 -10.17 0.54 -4.71 -13.08 0 0 0 -14.54 0.98 -67.05 -28.75 -18.05 116.43 -0.3 15.9 -14.05 -0.4 4.08 -11.31 -2.38 0.36 34.28 -1.65 -0.39 15.09 -0.35 -0.27 -0.86 -14.21 -8.19 -6.25 13.43 -10.4 1.3 5.83 -4.98 2.88 0 -0 0 -51.58 -32.21 45.08 55.83 -55.09 -30.9 -0 -0 5.31 21.38 17.06 6.55 -7.12 0 -0 -6.31 48.12 -0.49 0 -0 0 56.27 36.01 52.29 -59.76 56.24 -34.14 0 0 14.87 -41.35 8.1 -7.07 7.12 -0 -0 -10.29 -19.34 -6.4
0.89 9.91 -8.03 0.53 -1.81 -24.2 0 0 0 17.09 5.56 -61.89 28.46 18.19 115.46 -0.92 -24.35 -10.1 0.53 -4.68 -13.01 0 0 0 -14.25 1.36 -66.9 -28.75 -18.06 116.39 -0.36 15.45 -14.37 -0.42 4.18 -11.59 -2.21 0.27 34.51 -1.67 -0.47 15.1 -0.43 -0.3 -0.93 -14.14 -8.26 -6.56 13.6 -10.47 1.38 5.85 -5 2.97 -0 -0 0 -51.94 -31.97 44.63 56.62 -55.34 -31.54 -0 -0 5.34 20.64 17.18 6.35 -7.12 0 -0 -7.04 48.13 -0.55 -0 -0 0 56.7 36.09 52.39 -60.02 56.32 -34.36 0 0 14.67 -41.48 7.82 -6.86 7.12 -0 -0 -10.42 -19.68 -6.41
0.89 9.91 -8.04 0.44 -1.77 -24.14 0 0 0 17.17 5.57 -61.93 28.43 18.2 115.37 -0.96 -24.47 -9.89 0.51 -4.56 -12.67 0 0 0 -14.17 1.65 -66.92 -28.76 -18.05 116.43 -0.39 15.18 -14.5 -0.43 4.2 -11.63 -2.14 0.26 34.56 -1.68 -0.46 15.13 -0.48 -0.29 -0.91 -14.04 -8.34 -6.58 13.65 -10.58 1.34 5.84 -5.05 2.97 0 0 0 -52.24 -31.72 44.25 57.29 -55.54 -32.09 -0 -0 5.31 20.54 17.13 6.3 -7.12 0 -0 -7.13 48.07 -0.54 0 0 0 57.03 36.13 52.47 -60.27 56.38 -34.57 0 0 14.86 -41.01 7.96 -6.87 7.12 -0 -0 -10.08 -19.56 -6.22
0.89 9.93 -8.05 0.44 -1.64 -23.99 0 0 0 17 5.41 -62.19 28.37 18.23 115.18 -0.96 -24.31 -9.71 0.51 -4.57 -12.68 0 0 0 -14.18 1.9 -66.96 -28.73 -18.06 116.35 -0.42 14.81 -14.63 -0.45 4.3 -11.92 -2.18 0.21 34.9 -1.72 -0.55 15.01 -0.47 -0.32 -1.16 -13.95 -8.35 -6.63 13.55 -10.6 1.44 5.79 -5.06 3 -0 -0 0 -52.71 -31.23 43.75 58.3 -55.84 -32.93 -0 -0 5.56 20.63 17.54 6.47 -7.12 0 -0 -7.15 48.51 -0.62 -0 -0 0 57.38 36.2 52.79 -60.45 56.43 -34.72 0 0 14.86 -41.19 7.74 -6.73 7.12 -0 -0 -10.24 -19.82 -6.26
0.89 9.94 -8.06 0.81 -1.46 -23.84 0 0 0 16.38 5.36 -62.25 28.31 18.26 114.98 -0.94 -24.12 -9.7 0.5 -4.55 -12.62 0 0 0 -14.59 2.08 -67.09 -28.69 -18.08 116.23 -0.43 14.46 -14.55 -0.5 4.53 -12.58 -2.71 0.34 35.09 -1.75 -0.56 15.01 -0.22 -0.36 -1.22 -14.01 -8.31 -6.7 13.43 -10.52 1.41 5.77 -5.03 2.99 0 -0 0 -53.16 -30.67 43.3 59.49 -56.17 -33.92 -0 -0 5.64 20.82 16.89 6.31 -7.12 0 -0 -6.8 47.86 -0.48 0 -0 0 57.58 36.08 52.78 -61.07 56.59 -35.23 0 0 15.24 -41.21 7.62 -6.62 7.12 -0 -0 -10.27 -19.98 -6.24
0.88 9.97 -8.07 0.47 -1.49 -23.46 0 0 0 16.73 5.45 -62.77 28.27 18.28 114.85 -1 -24.3 -9.29 0.41 -4.11 -11.39 0 0 0 -14.12 2.54 -67.38 -28.63 -18.11 116.02 -0.45 13.79 -14.44 -0.53 4.69 -13.02 -2.61 0.34 35.27 -1.6 -0.53 14.96 -0.13 -0.34 -1.33 -13.86 -8.17 -6.97 13.18 -10.32 1.55 5.67 -4.92 3.02 -0 -0 0 -53.24 -30.26 42.96 60.86 -56.53 -35.06 -0 -0 5.51 20.55 17.25 6.34 -7.12 0 -0 -7.15 48.2 -0.57 -0 -0 0 57.68 35.95 52.61 -61.9 56.8 -35.93 0 0 15.06 -41.35 7.87 -6.87 7.12 -0 -0 -10.32 -19.63 -6.36
0.88 9.99 -8.06 0.54 -1.28 -23.08 0 0 0 16.42 5.29 -63.05 28.19 18.31 114.62 -1 -24.34 -9.35 0.34 -3.76 -10.4 0 0 0 -14.3 2.52 -67.58 -28.6 -18.13 115.91 -0.46 13.67 -14.43 -0.63 5.08 -14.13 -2.88 0.38 35.46 -1.59 -0.56 15.03 0.03 -0.37 -1.31 -13.78 -8.09 -7.06 13 -10.19 1.39 5.62 -4.85 2.96 0 0 0 -53.37 -29.64 42.55 62.87 -57.03 -36.74 -0 -0 5.63 20.53 17.3 6.35 -7.12 0 -0 -7.18 48.24 -0.58 0 0 0 57.8 35.75 52.34 -63.2 57.11 -37.02 0 0 15 -41.68 7.79 -6.88 7.12 -0 -0 -10.57 -19.68 -6.5
0.88 10.02 -8.07 0.5 -1.14 -22.53 0 0 0 16.22 5.33 -63.39 28.09 18.35 114.3 -1.03 -24.57 -9.36 0.33 -3.71 -10.25 0 0 0 -14.28 2.55 -68.02 -28.56 -18.14 115.81 -0.47 13.35 -14.4 -0.71 5.38 -14.99 -3.03 0.38 36.06 -1.67 -0.64 14.91 0.04 -0.41 -1.65 -13.66 -7.98 -7.24 12.91 -10 1.19 5.58 -4.76 2.89 0 -0 0 -53.23 -28.65 42.11 65.58 -57.62 -39.02 -0 -0 5.88 20.52 17.68 6.48 -7.12 0 -0 -7.3 48.64 -0.66 0 -0 0 58.06 35.39 52.26 -64.84 57.47 -38.4 0 0 15.02 -41.77 8.18 -7.25 7.12 -0 -0 -10.56 -19.16 -6.62
0.88 10.06 -8.06 0.76 -1.02 -21.84 0 0 0 15.68 5.33 -63.86 28.01 18.39 114.04 -0.99 -24.52 -9.66 0.37 -3.89 -10.75 0 0 0 -14.62 2.51 -68.49 -28.5 -18.17 115.61 -0.47 13.3 -14.4 -0.74 5.51 -15.37 -3.53 0.49 36.43 -1.78 -0.7 14.9 0.21 -0.45 -1.76 -13.85 -7.89 -7.25 13.06 -9.83 0.74 5.68 -4.67 2.75 -0 0 0 -53.07 -27.91 41.66 68.41 -58.16 -41.42 -0 -0 6.07 20.78 17.5 6.51 -7.12 0 -0 -7 48.49 -0.6 -0 0 0 57.98 35.04 52.12 -66.96 57.9 -40.18 0 0 14.97 -42.05 8.16 -7.29 7.12 -0 -0 -10.76 -19.16 -6.75
0.88 10.09 -8.04 0.44 -1.03 -21 0 0 0 15.9 5.61 -64.75 27.99 18.4 113.97 -1.03 -24.6 -9.43 0.28 -3.43 -9.47 0 0 0 -14.18 2.61 -69.02 -28.4 -18.22 115.27 -0.52 12.93 -14.71 -0.66 5.2 -14.47 -3.49 0.49 36.83 -1.78 -0.7 14.96 0.19 -0.45 -1.82 -13.66 -7.95 -7.47 12.92 -9.87 0.35 5.6 -4.69 2.66 -0 -0 0 -52.72 -27.26 41.15 72.03 -58.74 -44.5 -0 -0 5.81 21.04 17.33 6.54 -7.12 0 -0 -6.7 48.35 -0.56 -0 -0 0 57.68 34.63 51.87 -69.37 58.33 -42.24 0 0 15.45 -42.37 7.43 -6.73 7.12 -0 -0 -11.11 -20.06 -6.75
0.88 10.19 -8.04 0.4 -1.06 -20.05 0 0 0 15.53 5.39 -65.19 27.78 18.48 113.31 -0.95 -24.18 -9.62 0.16 -2.57 -7.08 0 0 0 -13.76 2.97 -69.18 -28.13 -18.33 114.43 -0.61 12.28 -15.32 -0.7 5.36 -14.94 -3.77 0.62 37.42 -1.82 -0.66 14.93 0.26 -0.44 -1.9 -12.92 -7.82 -7.36 12.3 -9.67 -0.7 5.33 -4.61 2.24 -0 -0 0 -52.32 -26.61 40.65 75.99 -59.24 -47.9 -0 -0 5.84 21.14 17.5 6.63 -7.12 0 -0 -6.66 48.54 -0.58 -0 -0 0 57.28 34.19 51.41 -71.96 58.73 -44.44 0 0 15.55 -43.05 7.29 -6.76 7.12 -0 -0 -11.61 -20.15 -7.04
0.89 10.16 -7.96 0.29 -0.93 -18.92 0 0 0 15.8 5.53 -66.62 27.92 18.42 113.77 -0.97 -24.38 -9.72 0.17 -2.68 -7.39 0 0 0 -14.1 2.47 -70.37 -28.25 -18.28 114.8 -0.62 12.7 -15.55 -0.65 5.16 -14.37 -3.8 0.58 37.84 -2.11 -0.75 15 -0 -0.47 -1.96 -13.5 -8 -7.55 13.3 -9.87 -1.08 5.71 -4.69 2.27 0 0 0 -51.4 -26.09 40.08 80.13 -59.63 -51.46 -0 -0 5.18 20.66 17.64 6.52 -7.12 0 -0 -7.15 48.62 -0.64 0 0 0 57.42 33.82 50.78 -74.34 59.05 -46.48 0 0 15.49 -43.06 7.5 -6.95 7.12 -0 -0 -11.57 -19.87 -7.09
0.89 10.25 -7.92 0.41 -0.56 -17.53 0 0 0 15.09 4.9 -67.41 27.79 18.48 113.35 -0.84 -23.92 -10.31 0.18 -2.74 -7.56 0 0 0 -14.16 1.87 -70.96 -28.11 -18.35 114.35 -0.73 12.47 -16.42 -0.73 5.46 -15.24 -4.24 0.64 38.33 -2.21 -0.86 14.91 0.15 -0.53 -2.2 -13.94 -8.19 -7.76 13.79 -10.05 -1.51 5.92 -4.77 2.25 -0 -0 0 -51 -25.4 39.75 84.7 -59.89 -55.41 -0 -0 4.54 20.61 17.99 6.63 -7.12 0 -0 -7.29 48.98 -0.72 -0 -0 0 57.09 33.15 50.01 -77.53 59.4 -49.23 0 0 15.4 -42.79 7.32 -6.73 7.12 -0 -0 -11.42 -20.14 -6.93
0.89 10.29 -7.84 -0.38 -0.47 -15.76 0 0 0 15.89 5.02 -69.11 27.82 18.47 113.44 -0.85 -24.08 -10.47 0.18 -2.7 -7.45 0 0 0 -13.37 1.64 -72.23 -28.12 -18.34 114.39 -0.83 12.17 -17.21 -0.68 5.29 -14.73 -3.76 0.47 38.51 -2.27 -0.92 14.83 -0.13 -0.53 -2.35 -13.96 -8.39 -7.78 14.15 -10.26 -2.26 6.03 -4.88 2.09 0 0 0 -50.06 -24.79 39.6 89.56 -60 -59.62 -0 -0 3.54 21.21 18.45 7 -7.12 0 -0 -6.83 49.55 -0.77 0 0 0 56.94 32.68 49.33 -80.54 59.66 -51.82 0 0 14.9 -42.67 8.1 -7.4 7.12 -0 -0 -11.2 -19.14 -7.04
0.89 10.27 -7.72 -0.82 -0.28 -14.06 0 0 0 16.57 5.19 -70.93 27.97 18.41 113.9 -0.89 -24.49 -10.56 0.18 -2.73 -7.54 0 0 0 -13.24 1.16 -73.79 -28.25 -18.28 114.79 -0.89 12.35 -17.71 -0.69 5.3 -14.76 -3.85 0.53 38.88 -2.27 -0.88 14.78 -0.1 -0.51 -2.53 -13.98 -8.58 -7.89 14.59 -10.47 -3.02 6.16 -4.98 1.95 0 -0 0 -49.35 -24.18 39.64 94.45 -59.93 -63.85 -0 -0 2.68 21.49 18.66 7.18 -7.12 0 -0 -6.62 49.81 -0.79 0 -0 0 56.67 32.05 48.57 -83.51 59.84 -54.38 0 0 14.67 -42.73 7.59 -6.96 7.12 -0 -0 -11.33 -19.79 -6.96
0.89 10.37 -7.64 -0.62 0.37 -12.17 0 0 0 15.84 4.06 -72.02 27.82 18.47 113.44 -0.72 -24.06 -11.55 0.21 -2.94 -8.11 0 0 0 -13.46 0.57 -74.59 -28.12 -18.34 114.39 -1.05 11.91 -18.9 -0.94 6.18 -17.3 -4.45 0.53 39.48 -2.47 -1.15 14.36 0.1 -0.63 -3.16 -14.18 -8.74 -7.73 15.14 -10.66 -3.59 6.36 -5.08 1.83 0 0 0 -48.74 -23.15 39.81 99.15 -59.68 -67.92 -0 -0 1.35 20.67 18.72 6.9 -7.12 0 -0 -7.43 49.74 -0.87 0 0 0 56.6 31.02 48.54 -86.2 59.95 -56.71 0 0 13.79 -43.79 7.07 -6.73 7.12 -0 -0 -12.16 -20.32 -7.34
0.88 10.36 -7.52 -1.41 0.69 -10.27 0 0 0 16.92 4.01 -73.95 27.89 18.44 113.66 -0.72 -24.38 -11.85 0.44 -4.23 -11.74 0 0 0 -12.9 0.17 -76.22 -28.26 -18.28 114.85 -1.13 11.83 -19.54 -0.97 6.27 -17.57 -4.22 0.43 40.37 -2.41 -1.24 13.97 0.08 -0.65 -3.86 -14.13 -8.9 -7.91 15.54 -10.81 -4.28 6.47 -5.15 1.71 -0 0 0 -48.07 -22.24 39.97 103.98 -59.25 -72.07 -0 0 -0.33 20.47 19.32 7.04 -7.12 0 -0 -7.81 50.33 -1.03 -0 0 0 56.24 30.3 48.32 -88.64 59.99 -58.82 0 0 13.58 -44.09 7.66 -7.36 7.12 -0 -0 -12.25 -19.49 -7.63
0.87 10.44 -7.42 -1.74 1.27 -8.88 0 0 0 17.16 3.07 -74.67 27.7 18.51 113.07 -0.61 -24.06 -12.46 0.51 -4.58 -12.71 0 0 0 -12.53 -0.03 -76.55 -28.15 -18.33 114.48 -1.24 11.23 -20.28 -1.16 6.84 -19.25 -4.42 0.4 41.79 -2.43 -1.44 13.6 0.24 -0.73 -4.67 -13.99 -9.05 -7.89 15.88 -10.98 -5.08 6.56 -5.25 1.51 0 0 0 -47.28 -21.44 40.32 108.11 -58.72 -75.62 -0 0 -1.6 20.87 19.7 7.32 -7.12 0 -0 -7.53 50.8 -1.08 0 0 0 55.73 29.85 48.27 -90.63 60 -60.54 0 0 13.58 -44.01 7.96 -7.62 7.12 -0 -0 -12.14 -19.11 -7.67
0.88 10.56 -7.31 -1.58 2.14 -7.11 0 0 0 16.65 1.72 -75.66 27.5 18.59 112.45 -0.38 -23.16 -13.5 0.64 -5.11 -14.22 0 0 0 -12.8 -0.69 -77.07 -27.99 -18.4 113.97 -1.29 11.18 -20.62 -0.97 6.28 -17.61 -4.36 -0.07 42.34 -3.03 -2.06 13.49 -0.19 -0.98 -4.96 -13.75 -9.26 -8.21 16.75 -11.24 -5.46 6.77 -5.38 1.55 0 0 0 -45.47 -21.16 40.3 111.55 -58.17 -78.55 -0 0 -2.9 19.99 20.16 7.15 -7.12 0 -0 -8.54 51.13 -1.3 0 0 0 56.04 30.14 48.35 -91.27 59.99 -61.1 0 0 13.18 -44.35 8.25 -7.99 7.12 -0 -0 -12.31 -18.66 -7.91
0.88 10.71 -7.21 -1.12 2.59 -6.24 0 0 0 15.82 0.39 -75.22 27.21 18.71 111.53 -0.15 -22.3 -14.62 0.61 -5.01 -13.94 0 0 0 -13.08 -0.67 -76.39 -27.74 -18.5 113.18 -1.4 10.79 -21.39 -0.97 6.27 -17.56 -5.26 0.23 42.67 -2.93 -2.03 13.9 0.35 -1 -4.54 -14.01 -9.55 -8.34 17.19 -11.56 -5.88 6.92 -5.54 1.54 0 -0 0 -44.85 -22.2 40.45 112.06 -58.08 -78.99 -0 0 -4.39 21.08 19.64 7.38 -7.12 0 -0 -7.31 50.77 -1.04 0 -0 0 55.41 30.78 47.91 -90.38 60 -60.33 0 0 12.99 -44.39 8.17 -7.92 7.12 -0 -0 -12.35 -18.76 -7.91
0.89 10.89 -7.08 -0.58 2.85 -5.66 0 0 0 14.75 -0.5 -74.13 26.9 18.82 110.57 0.04 -21.84 -15.72 0.66 -5.2 -14.47 0 0 0 -13.35 -0.63 -75.32 -27.42 -18.62 112.2 -1.5 10.47 -22.07 -1.04 6.48 -18.19 -5.95 0.4 43.06 -3.03 -2.12 14.04 0.63 -1.06 -4.46 -13.81 -9.65 -8.4 17.03 -11.72 -5.77 6.82 -5.62 1.58 0 -0 0 -44.79 -22.64 40.5 111.07 -58.25 -78.14 -0 0 -4.25 19.4 20.88 7.16 -7.12 0 -0 -9.37 51.77 -1.57 0 -0 0 55.33 31.4 48.26 -88.28 59.99 -58.51 0 0 13.45 -43.77 7.91 -7.51 7.12 -0 -0 -11.99 -19.21 -7.54
0.91 11.11 -6.97 -0.88 2.98 -4.88 0 0 0 14.47 -1.12 -73.15 26.48 18.96 109.26 0.2 -21.35 -16.56 0.71 -5.37 -14.97 0 0 0 -12.54 -0.11 -74.11 -26.94 -18.8 110.68 -1.59 9.81 -22.63 -1.07 6.59 -18.5 -5.32 0.06 43.27 -3.25 -2.32 13.81 0.16 -1.11 -4.81 -13.61 -9.64 -8.79 17.13 -11.74 -5.15 6.78 -5.61 1.83 -0 -0 0 -45.03 -22.79 41.07 108.74 -58.63 -76.16 -0 0 -4.36 20.92 20.54 7.64 -7.12 0 -0 -7.75 51.68 -1.28 -0 -0 0 56.23 31.57 49.08 -85.2 59.91 -55.84 0 0 14.06 -43.94 7.96 -7.61 7.12 -0 -0 -12.09 -19.11 -7.64
0.93 11.36 -6.85 -0.71 2.7 -4.02 0 0 0 13.58 -1.19 -71.91 25.94 19.13 107.62 0.35 -20.84 -17.3 0.7 -5.35 -14.91 0 0 0 -12.11 0.66 -73.02 -26.38 -18.99 108.96 -1.65 9.24 -23.06 -1.06 6.55 -18.39 -5.69 0.36 42.93 -3.06 -2.07 13.64 0.45 -1.01 -4.89 -13.88 -9.71 -8.76 17.58 -11.79 -5.51 6.97 -5.63 1.78 -0 -0 0 -46.5 -22.91 41.58 104.65 -59.17 -72.65 -0 0 -4.04 21.87 19.78 7.73 -7.12 0 -0 -6.57 51.04 -0.98 -0 -0 0 56.69 31.65 49.62 -81.38 59.72 -52.54 0 0 14.63 -44.57 8.08 -7.88 7.12 -0 -0 -12.5 -18.85 -7.98
0.95 11.64 -6.72 -0.58 2.95 -3.51 0 0 0 12.51 -1.88 -70.38 25.31 19.31 105.7 0.56 -19.89 -18.28 0.81 -5.74 -16.03 0 0 0 -11.6 0.82 -71.07 -25.73 -19.19 106.98 -1.75 8.81 -23.7 -1.12 6.73 -18.92 -5.33 0.03 42.84 -3.24 -2.35 13.41 0.19 -1.11 -5.14 -13.89 -9.69 -8.93 18.14 -11.71 -5.88 7.15 -5.59 1.73 0 0 0 -47.45 -22.82 42.13 99.45 -59.66 -68.18 -0 0 -4.34 21.75 19.96 7.75 -7.12 0 -0 -6.75 51.22 -1.04 0 0 0 57.91 31.84 50.58 -76.67 59.32 -48.48 0 0 14.55 -44.78 8.26 -8.12 7.12 -0 -0 -12.61 -18.57 -8.13
0.97 11.94 -6.59 -0.43 2.5 -2.79 0 0 0 11.49 -1.74 -68.74 24.61 19.48 103.58 0.67 -19.32 -18.78 0.82 -5.76 -16.1 0 0 0 -11.03 1.77 -69.61 -25 -19.39 104.77 -1.79 8.3 -24.01 -1.1 6.66 -18.72 -5.49 0.32 42.41 -3.05 -2.05 12.93 0.37 -0.97 -5.55 -13.79 -9.67 -8.22 18.16 -11.65 -7.17 7.22 -5.62 1.23 -0 -0 0 -48.91 -22.79 43.41 92.79 -59.97 -62.41 -0 0 -5.3 22.53 19.62 7.93 -7.12 0 -0 -5.87 50.99 -0.87 -0 -0 0 58.77 31.6 51.7 -71.33 58.64 -43.9 0 0 15.07 -44.95 7.92 -7.83 7.12 -0 -0 -12.79 -19 -8.13
1 12.29 -6.46 -0.31 2.6 -2.11 0 0 0 10.41 -2.88 -66.63 23.72 19.67 100.92 0.83 -18.27 -19.41 0.8 -5.71 -15.93 0 0 0 -10.3 2.41 -67.46 -24.08 -19.6 101.99 -1.85 7.26 -24.41 -1.18 6.89 -19.38 -5.25 0.07 41.5 -2.99 -2.2 12.63 0.37 -1.04 -5.62 -13.84 -9.72 -8.03 18.34 -11.64 -8.06 7.31 -5.64 0.96 -0 -0 0 -50.11 -22.92 44.5 84.74 -59.9 -55.45 -0 0 -6.01 21.96 19.52 7.67 -7.12 0 -0 -6.4 50.79 -0.92 -0 -0 0 59.72 31.92 53.55 -65.11 57.52 -38.62 0 0 15.23 -43.86 8.91 -8.47 7.12 -0 -0 -11.85 -17.86 -7.82
1.01 12.64 -6.32 -0.41 2.33 -1.64 0 0 0 9.56 -3.05 -64.35 22.76 19.82 98.08 0.92 -17.6 -19.77 0.75 -5.53 -15.42 0 0 0 -9.24 3.47 -65.16 -23.1 -19.77 99.09 -1.89 6.4 -24.75 -1.2 6.95 -19.57 -4.97 0.12 40.59 -2.83 -2.01 12.14 0.33 -0.94 -5.92 -13.98 -9.67 -7.45 18.75 -11.51 -9.12 7.54 -5.62 0.59 -0 0 0 -51.41 -23.19 46.41 75.57 -59.2 -47.54 -0 0 -6.07 22.32 18.74 7.52 -7.12 0 -0 -5.83 50.03 -0.73 -0 0 0 60.78 32 55.79 -58.36 55.86 -32.98 0 0 15.77 -45.53 7.83 -7.9 7.12 -0 -0 -13.2 -19.03 -8.4
1.04 13.01 -6.17 -0.22 2.26 -1.24 0 0 0 8.23 -3.67 -61.81 21.73 19.93 95.07 1.08 -16.44 -20.42 0.68 -5.25 -14.64 0 0 0 -8.52 4.13 -62.55 -22.01 -19.9 95.89 -1.9 5.58 -24.91 -1.25 7.1 -20 -4.75 0.02 39.55 -2.74 -2 11.61 0.31 -0.92 -6.19 -14.05 -9.76 -7.29 18.97 -11.58 -9.66 7.63 -5.67 0.44 -0 0 0 -52.86 -23.78 48.6 65.58 -57.62 -39.02 -0 0 -5.34 22.63 17.88 7.29 -7.12 0 -0 -5.31 49.17 -0.55 -0 0 0 61.91 32.18 58.14 -51.4 53.54 -27.3 0 0 16.23 -45.23 8.97 -8.94 7.12 -0 -0 -12.76 -17.52 -8.54
1.06 13.39 -6.02 -0.32 1.71 -1.19 0 0 0 7.3 -3.58 -58.72 20.64 19.99 91.87 1.12 -16.04 -20.58 0.59 -4.9 -13.63 0 0 0 -7.35 5.21 -59.55 -20.85 -19.98 92.48 -1.9 4.65 -24.98 -1.18 6.9 -19.42 -4.79 0.22 38.14 -2.5 -1.68 11.56 0.46 -0.8 -5.79 -13.82 -9.82 -8.26 19.04 -11.54 -9.87 7.59 -5.62 0.52 0 0 0 -54.24 -25.24 50.7 55.34 -54.93 -30.49 -0 0 -2.85 25.03 16.93 7.74 -7.12 0 -0 -2.77 48.53 -0.24 0 0 0 63.07 33.28 60.38 -44.45 50.49 -21.81 0 0 16.73 -44.96 9.06 -8.94 7.12 -0 -0 -12.56 -17.46 -8.42
1.08 13.77 -5.85 -0.05 1.75 -0.92 0 0 0 5.92 -4.07 -55.94 19.46 19.99 88.42 1.19 -15.13 -20.79 0.83 -5.81 -16.22 0 0 0 -6.63 5.53 -56.69 -19.63 -20 88.91 -1.87 3.72 -24.96 -1.24 7.06 -19.88 -4.84 0.18 36.66 -2.37 -1.65 11.18 0.62 -0.79 -5.71 -13.88 -9.89 -8.56 19.13 -11.56 -10.13 7.62 -5.62 0.51 0 0 0 -55.86 -26.24 53.32 46.42 -51.45 -23.34 -0 -0 0.34 26.54 16.7 8.17 -7.12 0 -0 -1.27 48.51 -0.11 0 0 0 64.34 33.47 62.65 -38.72 47.29 -17.49 0 0 17.68 -42.49 8.52 -7.73 7.12 -0 -0 -10.99 -18.61 -7.04
1.13 14.22 -5.63 -0.06 0.58 -1.16 0 0 0 4.47 -3.3 -51.7 18.1 19.91 84.44 1.31 -14.31 -21.36 0.87 -5.95 -16.65 0 0 0 -5.4 6.82 -52.76 -18.1 -19.91 84.44 -1.84 2.9 -24.93 -1.28 7.17 -20.22 -4.34 0.41 35.13 -2.55 -1.16 10.78 0.02 -0.55 -5.79 -13.9 -9.95 -8.54 19.17 -11.63 -10.16 7.63 -5.65 0.51 0 0 0 -57.57 -26.69 56.2 39.17 -47.57 -17.82 -0 -0 2.63 26.8 17.05 8.42 -7.12 0 -0 -1.07 48.93 -0.1 0 0 0 66.2 32.48 64.02 -34.81 44.68 -14.68 0 0 18.3 -43.92 6.63 -6.34 7.12 -0 -0 -12.33 -20.9 -7.29
1.14 14.56 -5.47 -0.25 1.09 -0.72 0 0 0 3.78 -3.9 -49.52 16.93 19.77 80.99 1.29 -13.6 -21.1 0.87 -5.96 -16.67 0 0 0 -4.25 6.69 -50.16 -16.88 -19.77 80.85 -1.78 1.69 -24.79 -1.37 7.42 -20.95 -4.08 0.16 33.57 -2.31 -1.29 10.34 0.18 -0.61 -5.7 -13.8 -9.99 -8.63 19.14 -11.61 -10.76 7.62 -5.64 0.34 0 0 0 -59.73 -26.53 56.77 34.3 -44.3 -14.32 -0 -0 6.87 24.37 18.02 7.98 -7.12 0 -0 -3.64 49.6 -0.41 0 0 0 67.96 31.41 63.71 -32.07 42.6 -12.79 0 0 20.35 -37.81 10.93 -8.37 7.12 -0 -0 -7.41 -16.32 -5.07
1.16 14.92 -5.31 -0.28 1.82 -0.5 0 0 0 2.83 -4.72 -46.89 15.69 19.55 77.29 1.22 -13.19 -20.49 0.67 -5.23 -14.56 0 0 0 -3.28 6.32 -46.99 -15.6 -19.53 77.05 -1.73 0.81 -24.67 -1.42 7.53 -21.3 -4.09 -0.21 32.55 -2.13 -1.7 9.91 0.58 -0.8 -6.41 -13.68 -9.84 -8.62 19 -11.4 -10.91 7.58 -5.54 0.25 0 0 0 -62.53 -24.4 54.2 31.96 -42.52 -12.72 -0 -0 12.47 21.65 17.74 6.89 -7.12 0 -0 -6.22 48.87 -0.6 0 0 0 69.75 29.33 62.51 -30.27 41.12 -11.59 0 0 22.11 -35.48 12.22 -8.58 7.12 -0 -0 -5.64 -15.14 -3.99
1.18 15.28 -5.12 -1.33 2.35 -0.48 0 0 0 3.06 -4.97 -44.12 14.44 19.24 73.54 1.14 -12.89 -19.86 0.58 -4.88 -13.58 0 0 0 -1.12 6.46 -43.38 -14.22 -19.18 72.86 -1.7 -0.12 -24.71 -1.25 7.08 -19.94 -3.35 -0.59 31.53 -1.77 -1.89 9.38 0.63 -0.89 -6.56 -13.45 -9.75 -8.43 18.96 -11.25 -11.51 7.58 -5.49 0.01 0 0 0 -65.3 -21.91 49.5 31.02 -41.75 -12.09 -0 -0 16.03 20.3 18.52 6.7 -7.12 0 -0 -7.74 49.48 -0.86 0 0 0 70.99 26.97 60.41 -29.54 40.5 -11.11 0 0 21.04 -37.68 10.4 -7.93 7.12 -0 -0 -7.4 -17 -4.96
1.22 15.64 -4.9 -1.42 2.8 -0.6 0 0 0 2.05 -5.17 -40.82 13.15 18.84 69.61 1.12 -12.49 -19.57 0.52 -4.61 -12.81 0 0 0 -0.1 6.38 -39.48 -12.78 -18.7 68.44 -1.6 -1.47 -24.44 -1.2 6.94 -19.55 -3.61 -0.7 30.23 -1.69 -2.06 8.94 0.9 -0.97 -6.43 -13.34 -9.8 -7.87 19.32 -11.32 -11.99 7.71 -5.56 -0.19 0 0 0 -68.13 -18.88 44.48 30.82 -41.59 -11.95 -0 -0 15.89 19.9 18.44 6.53 -7.12 0 -0 -8.1 49.34 -0.87 0 0 0 72.1 24.15 57.39 -29.42 40.39 -11.03 0 0 17.03 -32.57 10.82 -6.84 7.12 -0 -0 -3.83 -17.22 -2.53
1.27 15.97 -4.68 -2.41 3.55 -0.77 0 0 0 2.17 -5.51 -37.88 11.96 18.38 65.88 1.06 -11.99 -19.01 0.46 -4.33 -12.01 0 0 0 1.93 6.26 -35.61 -11.42 -18.14 64.15 -1.46 -3.24 -24.17 -1.22 7.02 -19.77 -3.12 -0.99 28.88 -1.42 -2.23 8.35 0.97 -1.05 -6.47 -13.02 -9.85 -7.24 19.22 -11.52 -11.57 7.62 -5.69 -0.16 -0 0 0 -70.72 -15.86 39.06 30.89 -41.65 -12 -0 -0 13.84 20.57 19.39 7.1 -7.12 0 -0 -7.73 50.43 -1.04 -0 0 0 72.88 20.77 54.11 -28.91 39.94 -10.7 0 0 15.39 -33.66 9.02 -5.96 7.12 -0 -0 -4.79 -19.2 -2.96
1.34 16.27 -4.47 -2.99 4.09 -0.93 0 0 0 1.86 -5.67 -35.07 10.87 17.87 62.34 1.01 -11.57 -18.53 0.35 -3.77 -10.44 0 0 0 3.27 6.51 -32.08 -10.26 -17.55 60.36 -1.35 -4.58 -24.04 -1.1 6.67 -18.73 -3.31 -1.01 27.61 -1.27 -2.27 7.53 1.23 -1.06 -6.76 -12.6 -9.75 -6.82 18.63 -11.63 -9.97 7.32 -5.73 0.17 0 0 0 -72.88 -12.55 33.97 31.33 -42.01 -12.29 -0 -0 10.63 23.64 14.69 6.34 -7.12 0 -0 -3.67 45.92 -0.08 0 0 0 73.68 17.14 50.23 -28.14 39.25 -10.21 0 0 13.91 -33.14 8.15 -5.29 7.12 -0 -0 -4.51 -20.28 -2.67
1.45 16.55 -4.23 -3.54 4.83 -1 0 0 0 1.37 -6.05 -32.35 9.93 17.37 59.27 1.02 -11.28 -18.51 0.33 -3.67 -10.15 0 0 0 4.33 6.28 -28.79 -9.21 -16.94 56.82 -1.11 -6.49 -23.28 -1.28 7.18 -20.24 -3.14 -1.22 25.28 -1.28 -2.43 6.89 1.12 -1.14 -6.32 -12 -9.33 -6.67 17.48 -11.36 -7.59 6.82 -5.55 0.66 -0 -0 0 -74.69 -9.58 28.97 32.18 -42.69 -12.86 -0 -0 9.19 21.33 20.5 7.79 -7.12 0 -0 -7.32 51.71 -1.22 -0 -0 0 74.19 13.97 46.58 -26.69 37.88 -9.31 0 0 12.63 -34.56 7.84 -5.37 7.12 -0 -0 -5.56 -20.51 -3.27
1.58 16.77 -4.01 -4.44 5.48 -1.33 0 0 0 1.37 -6.36 -29.89 9.21 16.94 56.81 1 -11.33 -18.35 0.21 -2.98 -8.23 0 0 0 5.51 6.5 -25.55 -8.33 -16.36 53.74 -0.87 -8 -22.27 -1.37 7.4 -20.91 -2.71 -1.31 23.04 -1.18 -2.39 6.26 0.93 -1.13 -5.9 -11.06 -8.49 -6.7 15.42 -10.58 -4.42 6.02 -5.11 1.27 -0 -0 0 -76.3 -6.88 24.7 32.92 -43.27 -13.36 -0 -0 7.84 21.58 18.95 7.32 -7.12 0 -0 -6.61 50.13 -0.84 -0 -0 0 74.57 10.64 42.26 -25.33 36.54 -8.48 0 0 12.63 -33.31 7.39 -4.83 7.12 -0 -0 -4.7 -21.17 -2.7
1.76 16.97 -3.79 -5.38 6.14 -2.11 0 0 0 1.24 -6.69 -27.08 8.57 16.53 54.61 1.01 -11.21 -18.45 0.17 -2.62 -7.23 0 0 0 6.62 6.37 -21.97 -7.49 -15.73 50.71 -0.61 -9.4 -21.06 -1.41 7.51 -21.24 -2.28 -1.25 21.21 -0.99 -2.16 5.63 0.78 -1.03 -5.66 -10.17 -7.33 -7.28 13.39 -9.37 -0 5.24 -4.43 2.33 0 -0 0 -77.52 -4.53 21.65 34.01 -44.09 -14.12 -0 -0 8.5 21.79 18.95 7.4 -7.12 0 -0 -6.41 50.17 -0.82 0 -0 0 74.44 7.56 38.29 -23.32 34.44 -7.32 0 0 12.74 -31.38 6.08 -3.7 7.12 -0 -0 -3.42 -22.87 -1.83
1.98 17.15 -3.57 -6.44 7.1 -3.17 0 0 0 1.08 -7.16 -24.13 8 16.12 52.55 1.04 -11.06 -18.64 0.16 -2.57 -7.09 0 0 0 7.81 5.63 -18.2 -6.64 -15.02 47.52 -0.23 -11.56 -19.37 -1.54 7.83 -22.19 -1.67 -1.16 19.32 -0.79 -1.87 5.14 0.54 -0.9 -5.23 -9.65 -6.08 -7.82 12.11 -8.02 4.94 4.8 -3.69 3.64 -0 0 0 -78.57 -2.51 19.48 35.6 -45.24 -15.24 -0 -0 9.26 21.57 22.84 8.73 -7.12 0 -0 -7.89 54.18 -1.79 -0 0 0 74.24 4.4 34.28 -21.4 32.29 -6.26 0 0 12.38 -30.7 5.62 -3.33 7.12 -0 -0 -2.96 -23.46 -1.54
2.22 17.34 -3.38 -7.27 8.53 -4.17 0 0 0 0.58 -7.95 -21.3 7.31 15.59 50.05 0.98 -10.98 -18.15 0.11 -2.17 -5.99 0 0 0 8.54 4.97 -14.43 -5.85 -14.29 44.39 0.1 -13.47 -17.88 -1.43 7.56 -21.37 -1.53 -0.99 17.8 -0.55 -1.59 4.57 0.63 -0.76 -5.04 -8.79 -5.09 -8.82 10.99 -7.02 10.25 4.36 -3.13 5.23 -0 0 0 -79.45 -0.87 18.27 37.34 -46.42 -16.49 -0 -0 10.78 22.03 23.5 9.17 -7.12 0 -0 -7.67 54.95 -1.88 -0 0 0 74.18 1.14 29.5 -19.5 30.04 -5.28 0 0 13.12 -30.85 5.02 -2.99 7.12 -0 -0 -3.11 -24.14 -1.57
2.53 17.57 -3.18 -7.64 9.43 -5.32 0 0 0 -0.73 -8.03 -17.59 6.5 14.89 46.95 0.96 -10.75 -17.96 0.11 -2.17 -5.96 0 0 0 8.48 4.96 -10.44 -5.08 -13.47 41.15 0.53 -15.55 -15.17 -1.3 7.23 -20.39 -1.49 -0.51 16.36 -0.53 -0.93 4.26 0.47 -0.44 -4.61 -8.15 -4.12 -9.6 11.07 -6.11 14.65 4.38 -2.56 6.62 -0 0 0 -79.96 0.1 17.92 38.91 -47.41 -17.63 -0 -0 11.14 21.78 23.12 8.91 -7.12 0 -0 -7.79 54.5 -1.83 -0 0 0 74.43 -2.06 24.25 -17.84 27.95 -4.47 0 0 13.65 -30.69 4.34 -2.57 7.12 -0 -0 -3.03 -24.94 -1.47
2.84 17.79 -3.02 -8.41 11.06 -5.76 0 0 0 -1.47 -8.61 -15.14 5.68 14.11 43.68 0.83 -10.84 -16.81 0.05 -1.4 -3.85 0 0 0 8.6 5.47 -7.77 -4.53 -12.83 38.73 1.02 -18.08 -11.64 -1 6.35 -17.82 -1.02 -0.27 14.7 -0.33 -0.5 3.86 0.32 -0.23 -4.15 -8.07 -3.81 -10.62 11.25 -5.97 18.27 4.49 -2.38 7.96 0 -0 0 -80.59 0.65 17.77 40.28 -48.24 -18.65 -0 -0 10.26 23.2 21.5 8.93 -7.12 0 -0 -5.75 53.09 -1.15 0 -0 0 75.16 -5.03 18.15 -16.29 25.91 -3.77 0 0 14.72 -30.76 4.51 -2.68 7.12 -0 -0 -3.07 -24.73 -1.51
3.17 18.02 -2.9 -8.07 12.96 -5.95 0 0 0 -3.55 -9.34 -12.51 4.82 13.17 40.02 0.74 -10.15 -15.89 0.04 -1.37 -3.76 0 0 0 7.31 7.19 -5.6 -4.23 -12.46 37.39 1.48 -21.03 -5.94 -0.2 2.85 -7.85 -1.5 0 13.57 -0.44 -0.21 3.4 0.42 -0.08 -4.02 -7.96 -3.38 -11.55 11.85 -5.72 21.29 4.78 -2.12 9.14 0 0 0 -80.96 1.26 17.21 41.63 -49.01 -19.66 -0 -0 10.94 22.06 21.18 8.33 -7.12 0 -0 -6.81 52.54 -1.27 0 0 0 76.33 -7.77 12.28 -14.91 24.03 -3.19 0 0 14.42 -29.97 3.13 -1.8 7.12 -0 -0 -2.56 -26.37 -1.16
3.48 18.23 -2.81 -8.04 14.41 -5.88 0 0 0 -5.03 -9.54 -10.22 3.98 12.13 36.2 0.6 -9.79 -14.46 0.03 -1.13 -3.11 0 0 0 6.42 10.22 -4.15 -4.06 -12.25 36.6 1.79 -23.74 -2.26 -0.48 4.43 -12.3 -1.51 0.31 12.56 -0.53 0.21 2.98 0.27 0.12 -3.91 -7.59 -3.16 -12.54 11.66 -5.57 23.43 4.74 -1.97 10.04 0 -0 0 -81.07 1.77 16.86 43.28 -49.9 -20.91 -0 -0 10.54 21.11 22.31 8.34 -7.12 0 -0 -8.17 53.54 -1.73 0 -0 0 77.82 -9.83 6.98 -13.53 22.05 -2.65 0 0 14.74 -31.24 4.85 -2.93 7.12 -0 -0 -3.41 -24.32 -1.7
3.77 18.43 -2.74 -7.82 16 -5.69 0 0 0 -6.66 -10.18 -8.09 3.24 11.08 32.55 0.49 -9.09 -13.14 0.01 -0.69 -1.9 0 0 0 5.44 13.49 -3.24 -4.02 -12.19 36.42 1.48 -25.88 6.82 -0 0.18 -0.5 -1.62 0.4 11.78 -0.64 0.32 2.62 0.2 0.18 -3.87 -7.5 -2.92 -13.34 10.99 -5.15 24.95 4.58 -1.79 10.68 -0 0 0 -81 2.1 15.61 44.41 -50.48 -21.78 -0 -0 10.66 18.58 20.82 6.81 -7.12 0 -0 -10.16 51.56 -1.66 -0 0 0 79.2 -11.12 2.64 -12.37 20.36 -2.23 0 0 16.87 -30.06 5.11 -2.95 7.12 -0 -0 -2.52 -24.08 -1.27
4.03 18.59 -2.69 -7.69 17.4 -5.56 0 0 0 -8.05 -10.83 -5.95 2.64 10.08 29.25 0.43 -8.04 -12.21 0.01 -0.75 -2.07 0 0 0 5.03 17.17 -2.49 -4.09 -12.28 36.74 0.63 -24.72 12.92 -0.12 -2.21 6.1 -1.65 0.36 11.44 -0.72 0.26 2.26 0.15 0.15 -4.05 -7.27 -2.59 -14.22 9.72 -4.42 26.21 4.21 -1.54 11.21 0 0 0 -80.62 2.79 14.14 45.96 -51.23 -22.99 -0 -0 10.72 21.56 22.72 8.68 -7.12 0 -0 -7.86 54.05 -1.76 0 0 0 80.55 -11.93 -0.09 -11.58 19.17 -1.96 0 0 20.17 -28.82 4.94 -2.71 7.12 -0 -0 -1.6 -24.35 -0.8
4.24 18.72 -2.65 -7.76 18.75 -5.55 0 0 0 -9.15 -12.13 -4 2.2 9.28 26.67 0.42 -6.79 -11.81 0 0.09 0.24 0 0 0 5.4 20.73 -1.8 -4.19 -12.4 37.17 -0.59 -17.64 17.34 -0.07 -1.72 4.74 -1.69 0.21 11.26 -0.62 0.06 2.05 0.3 0.06 -4.16 -7.36 -1.96 -14.41 9.17 -3.31 26.21 4.17 -1.1 11.12 0 0 0 -80.28 3.25 12.41 47.33 -51.86 -24.06 -0 -0 11.09 20.28 23.46 8.37 -7.12 0 -0 -9.46 54.56 -2.24 0 0 0 81.42 -12.36 0.11 -11.36 18.83 -1.89 0 0 22.94 -27.11 4.9 -2.5 7.12 -0 -0 -0.33 -24.48 -0.16
4.43 18.82 -2.61 -7.79 19.4 -5.55 0 0 0 -10.09 -12.87 -2.41 1.89 8.64 24.69 0.43 -5.53 -11.71 0 0.27 0.74 0 0 0 6.34 24.21 -1.66 -4.4 -12.67 38.15 -0.49 -14.71 15.2 -0.09 -1.94 5.34 -1.76 0.22 11.18 -0.61 0.07 1.89 0.34 0.06 -4.3 -7.03 -1.66 -15 8.34 -2.7 26.39 3.9 -0.88 11.23 0 -0 0 -79.73 3.7 11.07 48.5 -52.37 -24.98 -0 -0 11.16 21.67 24.5 9.35 -7.12 0 -0 -8.46 55.9 -2.27 0 -0 0 82.41 -12.65 1.81 -11.52 19.08 -1.94 0 0 24.43 -27.44 5.89 -3.05 7.12 -0 -0 -0.53 -23.35 -0.28
4.61 18.9 -2.56 -7.93 19.91 -5.42 0 0 0 -10.77 -13.45 -1.12 1.65 8.1 23.03 0.43 -4.46 -11.63 0 0.27 0.75 0 0 0 7.44 26.57 -2 -4.55 -12.86 38.84 0.07 -15.86 10.43 -0.06 -1.54 4.22 -1.75 0.14 10.81 -0.54 -0.03 1.7 0.43 0.01 -4.29 -6.49 -1.37 -15.13 7.63 -2.22 26.23 3.6 -0.69 11.14 0 -0 0 -79.12 4.38 9.79 49.78 -52.9 -26 -0 -0 11.38 21.41 27.26 10.18 -7.12 0 -0 -10.04 58.66 -3.37 0 -0 0 83.05 -12.83 4.76 -12 19.8 -2.1 0 0 23.73 -28.79 6.65 -3.64 7.12 -0 -0 -1.49 -22.4 -0.81
4.78 18.95 -2.51 -7.19 20.68 -4.96 0 0 0 -12.36 -14.13 0.14 1.44 7.58 21.46 0.42 -3.62 -11.55 0 0.35 0.97 0 0 0 7.32 27.69 -2.89 -4.51 -12.81 38.67 0.22 -15.38 8.2 -0.02 -1.02 2.8 -2.4 -0.06 10.29 -0.66 -0.36 1.62 0.71 -0.14 -4.07 -6.49 -1.19 -15.34 7.53 -1.92 26.05 3.6 -0.56 11.08 -0 0 0 -78.68 4.67 8.62 50.72 -53.28 -26.75 -0 -0 11.5 20.58 27.11 9.71 -7.12 0 -0 -10.86 58.33 -3.57 -0 0 0 83.3 -12.32 7.29 -12.59 20.69 -2.31 0 0 22.12 -28.5 5.97 -3.23 7.12 -0 -0 -1.31 -23.2 -0.69
4.93 18.97 -2.47 -7.08 20.75 -4.81 0 0 0 -13.02 -13.94 0.82 1.32 7.28 20.53 0.42 -3.26 -11.54 0 0.23 0.62 0 0 0 8.01 29.14 -3.89 -4.31 -12.56 37.75 0.32 -14.16 5.56 -0 -0.45 1.23 -2.46 -0.08 10.05 -0.65 -0.39 1.49 0.76 -0.16 -4.08 -6.35 -1.21 -15.39 7.37 -1.94 25.97 3.51 -0.58 11.06 0 -0 0 -78.05 5.08 8.08 51.79 -53.69 -27.61 -0 -0 11.63 19.58 27.32 9.27 -7.12 0 -0 -12.06 58.31 -3.96 0 -0 0 83.49 -11.81 9.11 -13.14 21.49 -2.5 0 0 20.88 -29.2 6.04 -3.37 7.12 -0 -0 -1.83 -23.06 -0.97
5.07 18.97 -2.43 -6.39 20.75 -4.49 0 0 0 -14.2 -13.63 1.11 1.29 7.2 20.3 0.43 -3.34 -11.69 0.01 0.66 1.8 0 0 0 8.22 29.66 -5.08 -3.98 -12.14 36.23 0.29 -11.91 3.39 -0.01 0.5 -1.38 -2.94 -0.1 9.95 -0.71 -0.47 1.37 0.98 -0.19 -4.14 -6.29 -1.31 -15.34 7.22 -2.05 25.95 3.43 -0.64 11.05 -0 0 0 -77.75 5.37 7.75 52.86 -54.09 -28.48 -0 -0 11.9 20.45 26.02 9.29 -7.12 0 -0 -10.45 57.2 -3.14 -0 0 0 83.27 -11.23 11.12 -13.83 22.49 -2.76 0 0 19.74 -29.6 5.46 -3.09 7.12 -0 -0 -2.16 -23.71 -1.11
5.21 18.95 -2.39 -6.05 20.56 -4.37 0 0 0 -14.94 -13.02 1.08 1.33 7.3 20.59 0.45 -3.68 -11.97 0.02 0.86 2.36 0 0 0 8.99 29.78 -6.04 -3.48 -11.44 33.78 0.21 -9.57 1.89 -0.01 0.73 -2.01 -2.82 -0.13 9.8 -0.71 -0.49 1.36 0.92 -0.2 -4.06 -6.39 -1.46 -15.19 7.28 -2.27 25.92 3.44 -0.75 11.03 0 0 0 -77.65 5.34 7.87 53.63 -54.36 -29.1 -0 -0 12.06 20.53 26.43 9.46 -7.12 0 -0 -10.56 57.63 -3.29 0 0 0 82.8 -10.53 13.16 -14.46 23.38 -3.01 0 0 19 -30.37 5.04 -2.95 7.12 -0 -0 -2.75 -24.14 -1.39
5.36 18.93 -2.34 -5.58 20.21 -4.44 0 0 0 -15.86 -11.96 1.59 1.3 7.23 20.41 0.48 -3.95 -12.28 0.02 0.97 2.68 0 0 0 9.93 28.93 -6.76 -2.94 -10.6 30.95 0.18 -8.2 0.47 -0.01 0.67 -1.85 -2.68 -0.16 9.67 -0.74 -0.51 1.5 0.81 -0.22 -3.85 -6.81 -1.54 -15.34 7.81 -2.42 26.28 3.7 -0.79 11.22 -0 0 0 -77.85 5.25 8.19 54.44 -54.64 -29.76 -0 -0 12.44 21.2 26.93 9.96 -7.12 0 -0 -10.1 58.28 -3.3 -0 0 0 82.17 -9.83 15.03 -15.22 24.45 -3.32 0 0 18.12 -30.33 4.63 -2.7 7.12 -0 -0 -2.75 -24.62 -1.35
5.48 18.9 -2.28 -5.11 19.76 -4.23 0 0 0 -16.55 -10.9 1.44 1.34 7.33 20.71 0.5 -4.51 -12.62 0.03 1.19 3.27 0 0 0 10.98 27.07 -8.04 -2.43 -9.71 28.05 0.25 -8.89 -1.88 -0.08 1.87 -5.14 -2.72 -0.2 9.39 -0.7 -0.56 1.52 0.87 -0.24 -3.66 -6.94 -1.74 -15.1 8 -2.74 26.17 3.74 -0.93 11.16 0 0 0 -78.33 5.06 8.77 55.16 -54.88 -30.35 -0 -0 13.09 20.79 26.97 9.77 -7.12 0 -0 -10.57 58.23 -3.44 0 0 0 81.48 -9.09 16.35 -15.97 25.49 -3.63 0 0 17.51 -29.78 4.41 -2.52 7.12 -0 -0 -2.35 -24.9 -1.14
5.6 18.86 -2.22 -4.29 18.89 -3.73 0 0 0 -17.75 -10.05 1.77 1.29 7.19 20.29 0.54 -4.24 -13.04 0.01 0.67 1.84 0 0 0 11.65 24.15 -10.42 -2.12 -9.12 26.18 0.27 -9.08 -3.15 -0.4 4.07 -11.28 -2.76 -0.14 8.94 -0.85 -0.47 1.44 0.72 -0.2 -3.51 -7 -2.03 -14.75 8.08 -3.18 26.03 3.72 -1.13 11.08 -0 0 0 -78.84 5.12 9.68 56.04 -55.16 -31.07 -0 -0 13.68 19.91 27.29 9.43 -7.12 0 -0 -11.68 58.35 -3.85 -0 0 0 81.03 -8.7 17.18 -16.77 26.55 -3.98 0 0 16.82 -29.55 4.01 -2.27 7.12 -0 -0 -2.2 -25.37 -1.04
5.7 18.86 -2.14 -3.53 18.08 -3.37 0 0 0 -18.66 -8.68 1.89 1.23 7.04 19.83 0.54 -4.49 -13.1 0.03 1.06 2.91 0 0 0 12.61 23.02 -11.93 -1.94 -8.73 24.96 0.49 -12.31 -5.47 -0.79 5.67 -15.82 -3.02 -0.2 8.67 -0.87 -0.56 1.44 0.86 -0.25 -3.35 -7.47 -2.45 -14.3 8.31 -3.74 25.54 3.79 -1.42 10.88 -0 0 0 -79.73 5.27 10.74 57.21 -55.52 -32.03 -0 -0 13.85 20.2 27.07 9.51 -7.12 0 -0 -11.25 58.2 -3.66 -0 0 0 80.51 -8.2 17.99 -17.53 27.56 -4.33 0 0 15.75 -29.76 4.1 -2.34 7.12 -0 -0 -2.35 -25.26 -1.12
5.79 18.86 -2.08 -2.72 17.3 -2.95 0 0 0 -19.61 -7.92 1.71 1.26 7.11 20.05 0.58 -4.63 -13.59 0.08 1.79 4.93 0 0 0 13.13 24.67 -12.27 -1.83 -8.5 24.25 0.84 -16.22 -9.25 -0.16 2.55 -7.04 -3.05 -0.31 8.78 -1.05 -0.73 1.34 0.71 -0.33 -3.5 -7.63 -2.89 -14.12 8.25 -4.28 24.91 3.7 -1.7 10.67 0 0 0 -80.44 5.49 12.13 58.2 -55.81 -32.85 -0 -0 13.63 20.9 27.3 9.93 -7.12 0 -0 -10.62 58.58 -3.55 0 0 0 80.38 -7.85 18.49 -18.25 28.48 -4.67 0 0 15.31 -30.09 3.37 -1.95 7.12 -0 -0 -2.64 -26.09 -1.21
5.85 18.83 -2.02 -2.18 16.04 -2.67 0 0 0 -20.09 -6.57 1.42 1.26 7.12 20.07 0.58 -5.47 -13.56 0.09 1.88 5.18 0 0 0 13.68 25.91 -13.14 -1.9 -8.65 24.72 0.97 -17.92 -12.53 -0.05 -1.45 3.99 -3.13 -0.48 9 -0.87 -0.97 1.35 0.97 -0.44 -3.61 -8.22 -3.29 -13.78 8.01 -4.63 23.96 3.65 -1.95 10.3 0 0 0 -81.83 5.66 12.82 58.98 -56.03 -33.5 -0 -0 14.17 20.05 26.66 9.3 -7.12 0 -0 -11.19 57.75 -3.52 0 0 0 79.77 -7.18 19.43 -18.72 29.07 -4.89 0 0 14.93 -30.33 3.77 -2.2 7.12 -0 -0 -2.8 -25.62 -1.31
5.91 18.78 -1.95 -1.4 14.63 -2.57 0 0 0 -21.01 -5.49 1.41 1.32 7.26 20.5 0.64 -5.68 -14.29 0.08 1.83 5.03 0 0 0 14.12 24.93 -14.12 -2.07 -9.01 25.83 1.14 -19.53 -14.04 -0.22 -3.03 8.36 -3.21 -0.56 9.3 -0.9 -1.09 1.44 1.01 -0.5 -3.68 -8.85 -3.97 -13.4 7.89 -5.39 22.85 3.58 -2.39 9.91 -0 0 0 -83 5.61 14.07 59.44 -56.16 -33.87 -0 -0 15.09 18.5 27.09 8.67 -7.12 0 -0 -13.08 57.85 -4.16 -0 0 0 79.47 -6.9 20.51 -19.43 29.95 -5.25 0 0 14.18 -30.1 3.1 -1.79 7.12 -0 -0 -2.66 -26.4 -1.2
5.97 18.73 -1.86 -1.09 13.41 -2.73 0 0 0 -21.71 -5.45 2 1.39 7.46 21.08 0.79 -4.92 -15.89 0.08 1.84 5.06 0 0 0 15.21 23.26 -14.62 -2.29 -9.44 27.19 1.46 -21.8 -15.46 -0.33 -3.68 10.16 -3.04 -0.79 9.59 -0.66 -1.38 1.64 1.2 -0.65 -3.61 -9.91 -4.72 -12.91 8.31 -6.27 21.55 3.78 -2.86 9.5 0 -0 0 -84.38 5.37 15.24 59.31 -56.12 -33.77 -0 -0 16.18 18.13 27.28 8.53 -7.12 0 -0 -13.58 57.95 -4.36 0 -0 0 78.93 -6.59 21.77 -20.01 30.66 -5.54 0 0 14.39 -29.84 2.99 -1.72 7.12 -0 -0 -2.47 -26.53 -1.11
6.02 18.69 -1.74 -1.12 12.45 -2.84 0 0 0 -22 -5.37 2.56 1.44 7.59 21.48 0.94 -4.1 -17.44 0.07 1.68 4.61 0 0 0 16.46 21.83 -14.68 -2.45 -9.74 28.15 1.52 -22.96 -18.36 -0.69 -5.32 14.82 -2.53 -1.24 9.55 -0.33 -1.91 1.79 1.32 -0.92 -3.42 -9.82 -5.43 -12.34 7.6 -7.09 20.05 3.4 -3.32 8.93 -0 -0 0 -85.78 5.21 16.5 59.16 -56.08 -33.65 -0 -0 17.1 16.21 27.03 7.53 -7.12 0 -0 -15.45 57.29 -4.73 -0 -0 0 78.43 -6.41 23.03 -20.36 31.08 -5.72 0 0 14.8 -30.04 3.07 -1.78 7.12 -0 -0 -2.61 -26.43 -1.18
6.05 18.66 -1.58 -1.38 11.45 -2.95 0 0 0 -21.83 -4.65 2.86 1.49 7.71 21.84 1.03 -3.76 -18.27 0.06 1.59 4.37 0 0 0 18.11 19.07 -14.87 -2.44 -9.73 28.1 1.4 -22.72 -19.48 -0.57 -4.84 13.46 -2.07 -1.63 9.32 0.16 -2.36 1.74 1.61 -1.15 -3.32 -10.27 -6.07 -11.83 7.58 -7.89 19.18 3.36 -3.75 8.64 -0 0 0 -87.23 5.48 18.05 59.12 -56.07 -33.61 -0 -0 17.74 14.63 28.11 7.01 -7.12 0 -0 -17.76 57.99 -5.76 -0 0 0 78.2 -6.9 23.04 -20.76 31.55 -5.92 0 0 15.59 -30.18 3.71 -2.15 7.12 -0 -0 -2.69 -25.69 -1.26
6.08 18.64 -1.4 -1.16 10.11 -2.68 0 0 0 -22.19 -4 3.07 1.52 7.79 22.08 1.12 -3.35 -19.13 0.08 1.8 4.95 0 0 0 18.98 18.27 -14.24 -2.31 -9.48 27.3 1.26 -22.77 -21.55 -0.42 -4.15 11.51 -2 -1.9 8.74 0.43 -2.69 1.62 1.87 -1.31 -3.11 -10.68 -6.51 -11.72 8.08 -8.55 18.95 3.52 -4.04 8.65 0 -0 0 -88.31 5.69 19.83 59.15 -56.08 -33.64 -0 -0 18.1 15.47 24.58 6.57 -7.12 0 -0 -14.87 54.75 -3.62 0 -0 0 78.21 -7.29 23 -20.75 31.54 -5.92 0 0 14.77 -30.43 3.46 -2.03 7.12 -0 -0 -2.89 -25.97 -1.33
6.07 18.6 -1.19 -0.85 8.28 -2.5 0 0 0 -22.34 -2.41 3.49 1.48 7.68 21.75 1.17 -3.28 -19.6 0.04 1.34 3.69 0 0 0 19.81 18.74 -13.21 -2.27 -9.4 27.07 1.29 -24.08 -24.19 -0.2 -2.87 7.91 -2.25 -2.06 8.13 0.67 -2.9 1.54 2.25 -1.42 -2.81 -10.89 -6.6 -12.39 8.54 -8.67 19.1 3.68 -4.05 8.87 0 -0 0 -88.95 5.72 21.34 59.35 -56.13 -33.8 -0 -0 18.75 14.67 25.07 6.33 -7.12 0 -0 -15.92 55.07 -4.01 0 -0 0 78.49 -7.36 22.36 -20.09 30.75 -5.58 0 0 14.74 -31.36 4.33 -2.63 7.12 -0 -0 -3.53 -24.92 -1.72
6.08 18.58 -0.98 -1.02 5.12 -2.35 0 0 0 -22.35 -1.19 4.33 1.4 7.48 21.14 1.27 -2.12 -20.75 0.04 1.26 3.47 0 0 0 20.73 19.97 -12.51 -2.26 -9.39 27.02 1.27 -23.72 -23.62 -0.23 -3.08 8.51 -1.4 -1.94 7.71 0.84 -2.66 1.34 1.92 -1.31 -2.83 -10.74 -6.6 -12.54 8.44 -8.66 18.88 3.61 -4.05 8.81 0 -0 0 -89.03 6.21 22.79 60.11 -56.34 -34.43 -0 -0 18.76 11.32 25.04 4.84 -7.12 0 -0 -19.25 54.4 -4.58 0 -0 0 79.03 -7.38 21.39 -19.24 29.72 -5.15 0 0 14.82 -30.7 3.76 -2.23 7.12 -0 -0 -3.08 -25.61 -1.45
6.05 18.56 -0.82 -1.55 3.07 -2.12 0 0 0 -21.77 -0.66 4.18 1.52 7.77 22.03 1.36 -1.45 -21.63 0 0.44 1.22 0 0 0 21.8 19.83 -12.06 -2.17 -9.21 26.46 1.04 -21.84 -21.97 -0.1 -2.03 5.59 -0.48 -2.19 7.94 1.28 -2.9 1.12 1.89 -1.43 -3.2 -10.69 -6.51 -12.83 8.05 -8.39 18.31 3.5 -3.95 8.62 0 0 0 -89.4 6.14 23.61 60.11 -56.34 -34.43 -0 -0 19.22 11.66 24.12 4.82 -7.12 0 -0 -18.42 53.59 -4 0 0 0 79.52 -7.21 20 -18.39 28.66 -4.74 0 0 15.54 -31.59 4.01 -2.46 7.12 -0 -0 -3.72 -25.27 -1.78
6.01 18.54 -0.62 -1.75 0.19 -1.87 0 0 0 -21.76 -0.15 4.42 1.62 8.01 22.76 1.48 -0.22 -22.94 0 -0.16 -0.45 0 0 0 22.49 19.15 -12.07 -2.12 -9.11 26.15 0.96 -19.86 -18.48 -0.03 -1.17 3.23 0 -2.2 7.67 1.6 -2.88 0.97 1.94 -1.42 -3.21 -10.56 -6.27 -12.92 7.69 -7.99 17.98 3.4 -3.78 8.46 -0 0 0 -89.6 6.4 24 60.07 -56.33 -34.4 -0 -0 19.62 12.22 23.96 5.03 -7.12 0 -0 -17.79 53.54 -3.83 -0 0 0 79.81 -7.32 19.43 -17.57 27.6 -4.35 0 0 16.58 -31.49 3.51 -2.15 7.12 -0 -0 -3.69 -25.87 -1.71
5.93 18.54 -0.4 -1.63 -2.24 -1.56 0 0 0 -21.79 0.5 4.8 1.65 8.1 23.03 1.46 0.5 -23.03 0.01 -0.77 -2.12 0 0 0 22.95 19.05 -11.94 -2.14 -9.15 26.25 0.84 -18.13 -16.07 -0 -0.28 0.77 -0.05 -2.34 7.15 1.74 -3.06 0.83 2.11 -1.51 -3.05 -10.37 -6.02 -13.01 7.45 -7.63 18.06 3.33 -3.62 8.45 0 -0 0 -89.36 6.55 24.14 59.81 -56.26 -34.19 -0 -0 20.33 11.9 24.03 4.9 -7.12 0 -0 -18.14 53.55 -3.91 0 -0 0 80.13 -7.83 19.52 -17.25 27.19 -4.2 0 0 16.68 -31.51 4.02 -2.46 7.12 -0 -0 -3.67 -25.26 -1.75
5.82 18.55 -0.14 -1.1 -3.84 -1.27 0 0 0 -21.86 1.58 5.32 1.61 8 22.7 1.38 0.17 -22.29 0.06 -1.64 -4.52 0 0 0 23.04 19.69 -11.41 -2.21 -9.28 26.69 0.63 -16.9 -16.49 -0.01 -0.46 1.26 -0.61 -2.69 6.38 1.74 -3.58 0.67 2.44 -1.77 -2.73 -10.42 -5.86 -12.9 7.43 -7.41 18.13 3.37 -3.53 8.44 -0 0 0 -88.99 6.61 23.96 59.81 -56.26 -34.18 -0 -0 21.09 9.23 25.66 4.02 -7.12 0 -0 -21.67 54.59 -5.29 -0 0 0 80.44 -8.48 19.56 -16.88 26.7 -4.03 0 0 17.19 -30.88 2.58 -1.54 7.12 -0 -0 -3.28 -26.98 -1.44
5.68 18.55 0.1 -0.62 -5.36 -1.09 0 0 0 -21.81 2.68 5.84 1.59 7.96 22.59 1.27 -0.07 -21.26 0.12 -2.26 -6.22 0 0 0 23.23 20.06 -10.84 -2.27 -9.41 27.07 0.35 -15.22 -17.34 -0.03 -1.16 3.2 -1.09 -2.96 5.91 1.63 -3.97 0.31 2.62 -1.96 -2.8 -10.33 -5.77 -12.58 7.32 -7.33 18.47 3.33 -3.51 8.47 -0 0 0 -88.02 6.98 24.38 59.95 -56.3 -34.3 -0 -0 20.6 9.97 24.79 4.22 -7.12 0 -0 -20.43 53.92 -4.63 -0 0 0 80.93 -10.48 19.55 -17.32 27.27 -4.23 0 0 17.16 -31.37 1.78 -1.09 7.12 -0 -0 -3.7 -27.89 -1.54
5.54 18.59 0.36 -0.57 -6.65 -0.85 0 0 0 -21.13 3.58 5.4 1.78 8.39 23.9 1.14 -0.55 -20.03 0.22 -3.01 -8.3 0 0 0 23.84 19.65 -9.98 -2.2 -9.26 26.62 0.15 -13.6 -17.49 -0.03 -1.2 3.29 -0.88 -3.26 5.39 1.58 -4.36 0.16 2.45 -2.15 -2.66 -10.29 -5.72 -12.57 7.39 -7.29 18.43 3.35 -3.48 8.46 -0 0 0 -87.18 6.73 24.34 60.43 -56.42 -34.7 -0 -0 20 9.74 25.5 4.23 -7.12 0 -0 -21.07 54.54 -5.11 -0 0 0 81.38 -11.77 19.35 -17.44 27.43 -4.29 0 0 16.48 -32.36 4.4 -2.78 7.12 -0 -0 -4.27 -24.77 -2.09
5.4 18.59 0.61 -0.74 -8.55 -0.76 0 0 0 -20.17 5.31 4.83 2.02 8.91 25.53 1.02 -1.27 -18.75 0.43 -4.21 -11.67 0 0 0 24.73 19.16 -9.32 -2.2 -9.28 26.67 -0.05 -11.56 -17.11 -0.03 -1.05 2.88 -0.55 -3.26 4.93 1.69 -4.34 0.36 2.33 -2.15 -2.22 -10.43 -5.77 -13.44 7.49 -7.28 18.6 3.39 -3.46 8.68 -0 0 0 -86.7 5.6 24.07 59.74 -56.24 -34.12 -0 -0 20.64 11.02 24.25 4.57 -7.12 0 -0 -19.11 53.6 -4.16 -0 0 0 81.6 -11.81 18.7 -16.89 26.71 -4.04 0 0 15.29 -32.13 5.76 -3.61 7.12 -0 -0 -4 -23.19 -2.11
5.26 18.58 0.84 -0.57 -10.63 -0.97 0 0 0 -19.62 7.05 3.93 2.45 9.75 28.16 0.87 -1.88 -17.1 0.61 -5 -13.91 0 0 0 25.21 18.66 -8.65 -2.26 -9.39 27.02 -0.26 -9.14 -16.95 -0.03 -1.13 3.11 -0.3 -3.06 5 1.52 -4.06 0.23 2.01 -2.01 -2.43 -10.34 -5.72 -12.77 7.49 -7.28 18.3 3.39 -3.46 8.45 -0 -0 0 -86.19 5.11 23.86 59.61 -56.2 -34.02 -0 -0 21.3 11.06 24.5 4.63 -7.12 0 -0 -19.21 53.84 -4.3 -0 -0 0 82 -12.76 17.7 -16.17 25.75 -3.72 0 0 15.21 -32.41 4.05 -2.57 7.12 -0 -0 -4.34 -25.18 -2.09
5.11 18.57 1.06 -0.36 -12.63 -1.42 0 0 0 -18.55 9.41 2.03 3.2 11.01 32.31 0.61 -2.93 -14.07 0.82 -5.76 -16.1 0 0 0 25.88 18.7 -7.52 -2.35 -9.56 27.55 -0.47 -7.26 -17.55 -0.07 -1.74 4.78 -0.39 -2.94 5.23 1.41 -3.91 0.19 1.95 -1.93 -2.61 -10.3 -5.51 -12.37 7.53 -7.06 18.29 3.44 -3.37 8.36 0 -0 0 -85.85 4.76 23.47 60 -56.31 -34.34 -0 -0 21.43 11.87 25.39 5.15 -7.12 0 -0 -18.91 54.84 -4.69 0 -0 0 82.02 -13.14 17.43 -15.15 24.36 -3.29 0 0 15.93 -32.15 3.84 -2.41 7.12 -0 -0 -4.16 -25.44 -1.97
4.96 18.55 1.27 -0.12 -14.82 -1.79 0 0 0 -17.22 11.87 -1.04 4.4 12.68 38.18 0.28 -3.81 -9.35 0.79 -5.68 -15.86 0 0 0 26.42 18.81 -6.77 -2.48 -9.81 28.36 -0.57 -5.45 -17.24 -0.04 -1.37 3.76 -0.41 -2.81 5.34 1.25 -3.74 0.38 1.79 -1.86 -2.49 -10.27 -5.33 -12.71 7.67 -6.82 18.44 3.5 -3.23 8.45 0 0 0 -85.61 4.16 22.8 60.71 -56.5 -34.93 -0 -0 21.39 12.86 24.79 5.47 -7.12 0 -0 -17.59 54.45 -4.18 0 0 0 81.89 -12.81 17.49 -14.17 22.98 -2.9 0 0 16.4 -31.67 4.61 -2.84 7.12 -0 -0 -3.74 -24.56 -1.85
4.83 18.51 1.46 -0.18 -16.9 -2.1 0 0 0 -15.69 12.77 -4.62 5.98 14.41 44.9 0.02 -2.97 -3.19 0.67 -5.22 -14.52 0 0 0 27.08 18.29 -6.13 -2.57 -9.96 28.85 -0.68 -3.26 -17.07 -0.04 -1.34 3.68 -0.02 -2.75 5.63 1.17 -3.64 0.44 1.49 -1.81 -2.63 -10.07 -5.12 -12.5 7.46 -6.55 18.43 3.43 -3.12 8.36 -0 -0 0 -85.47 3.92 22.44 61.9 -56.8 -35.93 -0 -0 20.17 14.04 25.73 6.2 -7.12 0 -0 -16.92 55.58 -4.49 -0 -0 0 81.61 -12.48 17.29 -13.52 22.04 -2.64 0 0 17.38 -31.73 5.36 -3.31 7.12 -0 -0 -3.73 -23.68 -1.92
4.72 18.48 1.63 -1.26 -18.53 -1.97 0 0 0 -13.31 11.78 -8.28 7.84 16 51.99 -0.01 -2.15 2.38 0.36 -3.88 -10.74 0 0 0 28.69 17.51 -5.46 -2.51 -9.85 28.49 -0.69 -1.76 -16.46 -0.02 -0.86 2.36 1.15 -2.85 6.15 1.48 -3.67 0.4 1.2 -1.84 -3 -10.17 -5 -12.23 7.44 -6.38 18.46 3.47 -3.06 8.31 -0 0 0 -85.76 4.12 22.26 64.25 -57.34 -37.9 -0 -0 19.19 15.1 24.59 6.41 -7.12 0 -0 -15.25 54.69 -3.69 -0 0 0 81.05 -12.15 17.31 -13.49 22 -2.63 0 0 17.55 -32 4.32 -2.69 7.12 -0 -0 -4.01 -24.89 -1.96
4.61 18.47 1.81 -2.31 -20.32 -1.84 0 0 0 -11.29 10.18 -11.39 9.52 17.13 57.88 0.01 -2.94 4.94 0.67 -5.25 -14.61 0 0 0 30.26 16.97 -4.27 -2.4 -9.65 27.86 -0.72 -0.31 -16.12 -0.06 -1.55 4.26 2.36 -2.87 6.51 1.68 -3.6 0.6 0.74 -1.81 -3.06 -9.64 -4.96 -12.71 7.1 -6.34 18.71 3.26 -3.02 8.45 -0 -0 0 -85.62 3.51 22.59 64.14 -57.32 -37.81 -0 -0 19.44 15.5 23.82 6.39 -7.12 0 -0 -14.47 54.01 -3.26 -0 -0 0 80.71 -11.43 17.06 -13.87 22.56 -2.78 0 0 17.13 -31.95 4.98 -3.1 7.12 -0 -0 -3.92 -24.11 -1.98
4.51 18.44 1.99 -2.52 -22.43 -1.83 0 0 0 -10.56 8.46 -13.83 10.67 17.77 61.72 -0.02 -2.52 1.44 0.59 -4.92 -13.69 0 0 0 31.02 17.64 -3.1 -2.41 -9.67 27.91 -0.75 0.66 -16.16 -0.06 -1.52 4.18 2.56 -2.74 6.66 1.75 -3.41 0.65 0.69 -1.72 -3.1 -9.59 -4.81 -12.38 7.32 -6.23 18.73 3.35 -2.95 8.39 -0 0 0 -85.54 3.11 23.24 63.14 -57.09 -36.96 -0 -0 19.34 15.89 22.61 6.25 -7.12 0 -0 -13.52 52.89 -2.66 -0 0 0 80.29 -10.96 16.94 -14.62 23.62 -3.07 0 0 16.11 -31.29 4.17 -2.53 7.12 -0 -0 -3.49 -25.1 -1.68
4.43 18.43 2.15 -1.87 -24.7 -1.98 0 0 0 -10.99 6.48 -15.91 11.2 18.03 63.43 0.06 -0.14 -4.48 0.56 -4.8 -13.34 0 0 0 30.79 18.73 -2.16 -2.46 -9.76 28.2 -0.79 1.85 -16.27 -0.05 -1.39 3.81 1.89 -2.59 6.92 1.58 -3.25 0.56 0.88 -1.63 -3.31 -9.48 -4.6 -12.1 7.51 -6.05 18.87 3.42 -2.85 8.37 -0 0 0 -85.53 3.27 23.64 63.02 -57.06 -36.86 -0 -0 19.94 13.6 23.28 5.46 -7.12 0 -0 -16.09 53.13 -3.29 -0 0 0 80.1 -10.31 16.62 -15.37 24.66 -3.38 0 0 15.3 -30.7 4.28 -2.54 7.12 -0 -0 -3.05 -25.01 -1.48
4.36 18.43 2.31 -1.61 -27.32 -1.9 0 0 0 -11.22 4.03 -17.25 11.05 17.96 62.94 0.2 2.21 -9.58 0.33 -3.69 -10.22 0 0 0 30.8 19.44 -1.42 -2.5 -9.83 28.43 -0.81 3.33 -16.25 -0.04 -1.3 3.57 2 -2.31 7.04 1.31 -2.88 0.58 0.52 -1.46 -3.37 -9.01 -4.45 -11.88 7.48 -5.94 18.7 3.35 -2.78 8.25 0 0 0 -85.36 3.61 24.16 63.3 -57.13 -37.1 -0 -0 19.85 13.09 23.65 5.33 -7.12 0 -0 -16.78 53.41 -3.55 0 0 0 80.19 -9.65 16.88 -16.48 26.17 -3.85 0 0 13.78 -30.49 3.58 -2.1 7.12 -0 -0 -2.93 -25.83 -1.36
4.31 18.45 2.5 -0.33 -30.16 -2.77 0 0 0 -12.78 0.86 -16.84 10.17 17.5 60.04 0.33 4.36 -13.32 0.26 -3.28 -9.06 0 0 0 29.83 20 -0.04 -2.54 -9.91 28.69 -0.82 5.45 -16.17 -0.09 -1.91 5.25 1.39 -2.09 7.56 0.91 -2.64 0.77 0.44 -1.33 -3.46 -9.02 -4.16 -12.09 7.67 -5.54 18.57 3.46 -2.57 8.21 -0 0 0 -85.54 4.1 24.1 63.69 -57.22 -37.43 -0 -0 19.83 12.64 23.3 5.07 -7.12 0 -0 -17.04 52.98 -3.43 -0 0 0 79.89 -8.97 17.99 -17.66 27.72 -4.39 0 0 12.62 -30.42 3.63 -2.13 7.12 -0 -0 -2.87 -25.77 -1.34
4.27 18.43 2.63 -2.89 -33.54 -0.88 0 0 0 -10.16 -2.9 -17.66 9.14 16.89 56.56 0.51 3.98 -15.56 0.19 -2.77 -7.64 0 0 0 32.39 21.47 0.36 -2.5 -9.83 28.44 -0.74 6.57 -15.4 -0.19 -2.81 7.75 3.67 -1.78 8.1 1.51 -1.99 0.73 -0.27 -1.04 -3.86 -8.78 -3.93 -12.08 7.44 -5.19 17.98 3.37 -2.41 7.97 0 -0 0 -85.71 4.2 24.03 63.64 -57.2 -37.38 -0 -0 19.57 12.41 22.43 4.8 -7.12 0 -0 -16.84 52.1 -3.02 0 -0 0 79.54 -8.34 19.59 -19.05 29.48 -5.06 0 0 11.81 -30.78 4.14 -2.46 7.12 -0 -0 -3.11 -25.16 -1.49
4.21 18.46 2.81 -0.46 -35.92 -1.22 0 0 0 -12.61 -8.47 -17.02 7.45 15.7 50.56 0.73 4.02 -18.1 0.23 -3.06 -8.46 0 0 0 29.89 22.75 0.18 -2.57 -9.96 28.83 -0.74 8.22 -15.48 -0.25 -3.23 8.92 1.83 -1.56 7.61 0.89 -1.9 0.65 0.1 -0.97 -3.62 -8.74 -3.71 -11.83 7.7 -4.92 17.14 3.48 -2.25 7.63 0 -0 0 -86.03 4.71 23.67 63.85 -57.25 -37.57 -0 -0 20.18 12.77 22.07 4.87 -7.12 0 -0 -16.34 51.82 -2.81 0 -0 0 79.26 -7.94 21.59 -20.58 31.34 -5.83 0 0 11.39 -31.01 3.75 -2.25 7.12 -0 -0 -3.31 -25.61 -1.55
4.17 18.47 2.99 -0.52 -38.8 -0.67 0 0 0 -12.32 -12.91 -16.05 5.91 14.34 44.61 0.86 3.5 -19.11 0.23 -3.07 -8.48 0 0 0 29.73 23.53 0.74 -2.47 -9.79 28.29 -0.59 9.97 -14.4 -0.16 -2.54 7.01 2.25 -1.21 7.78 0.69 -1.39 0.77 -0.4 -0.73 -3.6 -8.58 -4 -11.41 7.59 -5.28 15.75 3.37 -2.43 7.13 -0 0 0 -85.82 4.3 23.72 63.26 -57.12 -37.07 -0 -0 20.23 12.09 22.54 4.69 -7.12 0 -0 -17.21 52.15 -3.11 -0 0 0 79.39 -7.51 22.68 -21.83 32.78 -6.49 0 0 11.62 -31.25 4.06 -2.46 7.12 -0 -0 -3.47 -25.24 -1.66
4.12 18.51 3.15 -1 -41.21 0.39 0 0 0 -11.38 -17.65 -15.54 4.53 12.83 38.75 0.87 2.9 -18.85 0.38 -3.96 -10.95 0 0 0 29.85 24.26 1.22 -2.33 -9.52 27.42 -0.5 11.19 -13.82 -0.12 -2.22 6.12 2.55 -0.99 8.11 0.89 -1.06 0.62 -0.39 -0.57 -3.93 -8.78 -3.85 -11.23 7.88 -5.07 15.27 3.52 -2.32 6.93 -0 0 0 -86.1 4.47 23.74 62.86 -57.02 -36.73 -0 -0 19.8 12.66 21.7 4.75 -7.12 0 -0 -16.27 51.44 -2.64 -0 0 0 78.78 -7.81 24.34 -23.43 34.56 -7.38 0 0 11.3 -31.67 4.69 -2.89 7.12 -0 -0 -3.74 -24.47 -1.86
4.05 18.53 3.31 -0.57 -43.43 0.81 0 0 0 -11.17 -21.27 -15.26 3.32 11.19 32.93 0.75 2.3 -17.36 0.92 -6.12 -17.14 0 0 0 29.33 25.57 1.68 -2.29 -9.44 27.17 -0.43 12.24 -13.58 -0.13 -2.32 6.38 2.2 -0.76 8.04 0.56 -0.81 0.88 -0.57 -0.43 -3.61 -8.21 -3.61 -11.32 7.96 -4.81 14.59 3.47 -2.15 6.7 0 -0 0 -85.87 3.95 23.7 62.57 -56.96 -36.49 -0 -0 19.92 11.64 20.59 4.14 -7.12 0 -0 -16.76 50.2 -2.2 0 -0 0 79.17 -7.18 24.76 -23.81 34.96 -7.6 0 0 11.11 -30.59 4.5 -2.65 7.12 -0 -0 -2.95 -24.76 -1.44
3.98 18.55 3.47 -0.25 -45.32 1.27 0 0 0 -11.1 -22.61 -15.98 2.5 9.83 28.44 0.61 -1.44 -14.31 0.84 -5.86 -16.38 0 0 0 28.75 26.23 1.85 -2.25 -9.37 26.96 -0.35 13.72 -13.45 -0.14 -2.4 6.62 1.59 -0.68 8.22 0.46 -0.75 0.83 -0.34 -0.4 -3.76 -7.77 -3.4 -11.28 7.88 -4.59 14.54 3.39 -2.03 6.64 -0 0 0 -86 4.06 23.81 62.93 -57.04 -36.79 -0 -0 19.88 14.78 22.1 5.67 -7.12 0 -0 -14.39 52.19 -2.59 -0 0 0 79.2 -7.15 25.63 -24.21 35.38 -7.83 0 0 11.97 -31.43 5.21 -3.18 7.12 -0 -0 -3.52 -23.88 -1.8
3.9 18.56 3.64 -0.15 -47.23 1.44 0 0 0 -11.37 -22.45 -16.62 2.01 8.89 25.44 0.37 -5.92 -10.96 1.43 -7.56 -21.39 0 0 0 28.5 26.51 2.52 -2.19 -9.26 26.61 -0.25 15.02 -13.17 -0.16 -2.55 7.03 1.12 -0.57 8.51 0.34 -0.65 0.97 -0.2 -0.35 -3.77 -7.45 -3.26 -11.05 7.8 -4.47 14.74 3.33 -1.97 6.64 -0 0 0 -86.2 4.11 23.63 63.35 -57.14 -37.14 -0 -0 20.23 12.33 22.68 4.82 -7.12 0 -0 -17.04 52.33 -3.15 -0 0 0 79.2 -7.15 26.29 -23.91 35.07 -7.65 0 0 11.91 -30.35 4.99 -2.91 7.12 -0 -0 -2.74 -24.21 -1.38
3.82 18.56 3.83 -0.8 -49.24 2.18 0 0 0 -11.46 -22.17 -16.98 1.83 8.51 24.27 0.07 -9.13 -7.62 1.38 -7.42 -20.98 0 0 0 28.61 26.47 2.99 -2.15 -9.17 26.34 -0.13 16.14 -12.67 -0.19 -2.83 7.81 1.24 -0.45 8.42 0.25 -0.49 1.1 -0.39 -0.27 -3.59 -7.43 -3.17 -10.8 8.43 -4.53 15.37 3.54 -1.95 6.82 -0 0 0 -86.16 4.09 23.67 63.23 -57.11 -37.04 -0 -0 20.52 12.23 22.9 4.82 -7.12 0 -0 -17.25 52.53 -3.28 -0 0 0 79.27 -7.34 26.91 -23.42 34.55 -7.38 0 0 12.3 -31.51 7.2 -4.4 7.12 -0 -0 -3.43 -21.55 -1.93
3.72 18.54 4.04 -1.47 -51.22 2.66 0 0 0 -12.13 -21.48 -16.41 1.9 8.65 24.72 -0.06 -9.11 -5.12 0.55 -4.74 -13.16 0 0 0 28.75 26.09 3.65 -2.13 -9.13 26.19 0.13 18.35 -11.71 -0.53 -4.68 13.01 1.25 -0.37 8.13 0.09 -0.39 1.29 -0.57 -0.22 -3.23 -7.43 -3.1 -10.41 9.03 -4.64 16.25 3.73 -1.97 7.05 0 -0 0 -86.22 4.27 23.57 63.59 -57.19 -37.34 -0 -0 20.59 12.66 22.94 5 -7.12 0 -0 -16.84 52.64 -3.24 0 -0 0 79.05 -8.23 28.5 -23.7 34.85 -7.54 0 0 11.56 -30.26 5.6 -3.26 7.12 -0 -0 -2.63 -23.5 -1.36
3.6 18.55 4.26 -2.02 -53.35 3.19 0 0 0 -12.55 -21.63 -15.92 2.12 9.11 26.14 0.06 -5.48 -5.38 0.19 -2.78 -7.68 0 0 0 28.64 25.56 4.61 -1.97 -8.8 25.18 0.34 20.15 -11.21 -0.11 -2.1 5.79 0.93 -0.35 7.7 -0.06 -0.41 1.3 -0.54 -0.22 -2.98 -7.44 -2.92 -9.83 9.65 -4.65 17.29 3.96 -1.95 7.3 0 -0 0 -86.41 4.84 23.07 64.15 -57.32 -37.82 -0 -0 20.76 12.17 22.99 4.81 -7.12 0 -0 -17.35 52.6 -3.33 0 -0 0 79.32 -7.98 28.48 -22.08 33.07 -6.63 0 0 12.62 -30.94 5.11 -3.06 7.12 -0 -0 -3.17 -24.03 -1.61
3.47 18.55 4.45 -4.88 -56.21 5.71 0 0 0 -11.24 -19.68 -16.4 2.44 9.72 28.07 0.14 -4.94 -6.99 0.35 -3.82 -10.56 0 0 0 30.08 25.82 5.94 -1.8 -8.43 24.02 0.7 21.01 -8.41 -0.62 -5.05 14.06 1.43 -0.06 7.42 0.2 0.03 1.08 -0.6 -0.01 -3.04 -7.52 -2.83 -9.06 10.25 -4.8 18.26 4.18 -2 7.5 0 0 0 -86.2 5.05 23.27 62.4 -56.92 -36.35 -0 -0 20.45 12.74 23.15 5.08 -7.12 0 -0 -16.86 52.85 -3.33 0 0 0 80.15 -8.15 26.26 -20.63 31.39 -5.86 0 0 14.45 -31.66 4.85 -2.98 7.12 -0 -0 -3.72 -24.29 -1.86
3.37 18.58 4.61 -5.05 -58.91 6.47 0 0 0 -11.43 -18.82 -16.06 2.43 9.71 28.05 0.21 -3.82 -8.21 0.3 -3.51 -9.7 0 0 0 29.65 27.05 5.4 -1.97 -8.8 25.16 0.87 21.77 -7.52 -1.01 -6.4 17.95 0.17 0.2 7.23 0.01 0.27 0.78 -0.11 0.13 -3.25 -7.29 -2.63 -8.8 10.53 -4.74 19.1 4.26 -1.94 7.72 0 -0 0 -86.1 5.39 22.78 61.94 -56.81 -35.96 -0 -0 21.11 12.48 22.81 4.9 -7.12 0 -0 -16.96 52.49 -3.2 0 -0 0 80.88 -8.56 24.16 -19.62 30.18 -5.34 0 0 14.8 -31.86 4.59 -2.85 7.12 -0 -0 -3.89 -24.58 -1.92
3.24 18.6 4.83 -1.67 -62.02 3.31 0 0 0 -14.47 -18.1 -13.85 2.31 9.48 27.32 0.29 -1.32 -9.82 0.27 -3.32 -9.18 0 0 0 27.25 26.87 5.85 -2.11 -9.09 26.09 1.22 23.58 -6.18 -1.08 -6.62 18.59 -1.97 0.4 6.62 -0.81 0.34 0.97 0.25 0.18 -2.72 -7.85 -2.45 -8.92 11.18 -4.64 20 4.61 -1.88 8.06 -0 0 0 -85.96 6.13 22.25 62.3 -56.89 -36.26 -0 -0 21.21 12.61 22.61 4.91 -7.12 0 -0 -16.74 52.31 -3.08 -0 0 0 81.4 -8.94 23 -18.95 29.36 -5.01 0 0 14.16 -31.67 7.41 -4.55 7.12 -0 -0 -3.52 -21.3 -2.01
3.16 18.61 5.02 -3.21 -64.79 4.61 0 0 0 -14.48 -17.48 -12.96 2.38 9.62 27.75 0.36 0.11 -11.42 0.12 -2.27 -6.25 0 0 0 27.22 26.61 5.7 -2.18 -9.23 26.5 1.6 25 -4.02 -0.86 -5.92 16.57 -1.54 0.37 6.93 -0.96 0.32 0.82 -0.16 0.17 -3.05 -7.46 -1.91 -8.65 11.21 -4.02 20.29 4.62 -1.57 8.03 -0 0 0 -85.52 6.57 21.74 62.41 -56.92 -36.35 -0 -0 20.98 12.14 23.08 4.82 -7.12 0 -0 -17.42 52.68 -3.38 -0 0 0 81.46 -9.41 23.8 -18.73 29.09 -4.9 0 0 13.23 -31.79 2.62 -1.62 7.12 -0 -0 -3.97 -26.89 -1.75
3.05 18.62 5.24 -4.75 -67.87 5.84 0 0 0 -14.88 -16.22 -12.02 2.49 9.83 28.41 0.47 1.09 -13.44 0.11 -2.15 -5.92 0 0 0 26.76 25.79 6 -2.18 -9.23 26.51 2.01 26.39 -1.53 -1.08 -6.6 18.55 -1.23 0.41 6.66 -1.02 0.41 0.86 -0.4 0.21 -2.85 -6.91 -1.19 -8.2 10.94 -3.07 20.16 4.51 -1.12 7.79 0 0 0 -85.16 6.9 21.53 62.38 -56.91 -36.33 -0 -0 20.29 12.21 23.5 4.93 -7.12 0 -0 -17.55 53.1 -3.58 0 0 0 80.98 -9.95 24.76 -18.77 29.13 -4.92 0 0 13.76 -31.17 4.09 -2.47 7.12 -0 -0 -3.41 -25.21 -1.63
2.96 18.64 5.42 -5.72 -70.8 6.73 0 0 0 -15.31 -13.98 -11.68 2.5 9.83 28.44 0.52 1.25 -14.14 0.08 -1.78 -4.91 0 0 0 25.85 25.11 4.98 -2.37 -9.61 27.71 2.38 27.62 0.69 -1.1 -6.66 18.71 -1.63 0.39 6.56 -1.05 0.35 0.79 -0.2 0.18 -2.86 -6.32 -0.48 -7.82 10.78 -2.2 20.22 4.43 -0.7 7.64 -0 0 0 -85.11 7.03 20.99 61.77 -56.76 -35.82 -0 -0 20.26 12.47 22.92 4.92 -7.12 0 -0 -17.02 52.59 -3.25 -0 0 0 80.79 -10.17 24.61 -18.67 29.01 -4.87 0 0 14.45 -30.83 5.45 -3.25 7.12 -0 -0 -3.06 -23.64 -1.58
2.88 18.63 5.59 -6.44 -73.71 7.17 0 0 0 -16.03 -12.37 -10.76 2.46 9.77 28.23 0.58 2.36 -15.43 0.08 -1.85 -5.1 0 0 0 25.02 25 4.26 -2.71 -10.21 29.65 2.54 28.25 1.34 -0.73 -5.46 15.22 -2.2 0.47 6.46 -1.07 0.42 0.99 0.1 0.21 -2.62 -6.02 -0.15 -7.77 10.72 -1.83 20.64 4.4 -0.51 7.73 0 -0 0 -84.59 6.5 21.5 60.2 -56.36 -34.51 -0 -0 19.99 11.9 22.98 4.7 -7.12 0 -0 -17.61 52.55 -3.36 0 -0 0 80.82 -9.95 23.54 -18.49 28.77 -4.78 0 0 14.43 -30.59 6.27 -3.7 7.12 -0 -0 -2.83 -22.71 -1.52
2.81 18.64 5.75 -10.86 -76.7 11.2 0 0 0 -15.89 -11.36 -10.11 2.6 10.01 29.02 0.7 3.49 -17.5 0.03 -1.07 -2.95 0 0 0 24.72 24.42 2.82 -3.06 -10.79 31.57 2.75 28.65 3.77 -0.34 -3.76 10.4 -1.91 0.63 6.54 -0.97 0.65 1.1 0.02 0.33 -2.55 -5.77 -0.24 -6.97 10.83 -2.12 20.87 4.37 -0.66 7.69 -0 0 0 -83.81 5.77 22.34 57.97 -55.75 -32.66 -0 -0 19.5 12.46 23.68 5.07 -7.12 0 -0 -17.41 53.32 -3.65 -0 0 0 81.11 -9.8 22.26 -18.36 28.62 -4.72 0 0 13.67 -29.97 7.52 -4.32 7.12 -0 -0 -2.28 -21.32 -1.3
2.76 18.61 5.89 -25.72 -78.85 25.8 0 0 0 -13.72 -10.14 -10.42 2.85 10.45 30.46 0.85 4.04 -19.29 0.03 -1.21 -3.32 0 0 0 26.11 24.05 0.59 -3.54 -11.52 34.07 2.68 27.91 5.67 -0.14 -2.41 6.65 -0.02 0.47 6.28 -0.28 0.6 1.21 -0.33 0.29 -2.27 -6.78 -1.05 -7.47 11.46 -3.45 22.51 4.69 -1.32 8.48 0 0 0 -83.23 4.52 22.76 54.13 -54.53 -29.51 -0 -0 17.8 14.01 23.32 5.64 -7.12 0 -0 -15.7 53.25 -3.25 0 0 0 81.18 -9.35 21.12 -18.27 28.5 -4.68 0 0 13.36 -29.4 8.74 -4.89 7.12 -0 -0 -1.79 -19.97 -1.07
2.72 18.59 6 -24.22 -82.66 23.58 0 0 0 -16.49 -9.02 -8.41 2.7 10.19 29.61 0.89 5.99 -20.95 0.04 -1.22 -3.35 0 0 0 23.38 24.09 -1.83 -4.49 -12.79 38.58 2.36 26.93 2.59 -0.08 1.81 -4.98 -2.62 0.54 7.29 -0.81 0.46 1.32 0.6 0.24 -2.73 -7.08 -1.66 -6.46 11.35 -4.51 23.56 4.63 -1.91 8.76 -0 -0 0 -81.93 3.68 23.58 49.94 -52.97 -26.12 -0 -0 13.7 16.12 23.28 6.52 -7.12 0 -0 -13.6 53.6 -2.92 -0 -0 0 81.58 -9.05 21.23 -18.21 28.42 -4.65 0 0 13.54 -27.99 10.19 -5.37 7.12 -0 -0 -0.68 -18.47 -0.43
2.67 18.56 6.1 -28.25 -85.2 27.44 0 0 0 -17.81 -8.32 -7.53 2.64 10.1 29.29 1.03 6.62 -22.65 0 -0.28 -0.77 0 0 0 21.46 23.58 -4.85 -5.38 -13.79 42.42 1.93 25.15 0.37 -0.91 6.09 -17.04 -3.85 0.32 7.32 -1.03 0.06 1.36 1.09 0.04 -2.7 -7.01 -2.65 -6.23 9.95 -5.97 25.81 4.03 -2.76 9.62 -0 -0 0 -80.33 2.42 24.59 44.74 -50.64 -22.04 -0 -0 9.14 16.72 22.52 6.56 -7.12 0 -0 -12.67 52.95 -2.51 -0 -0 0 81.88 -8.92 21.52 -18.54 28.84 -4.81 0 0 13.65 -31.64 6.48 -3.98 7.12 -0 -0 -3.58 -22.38 -1.95
2.63 18.54 6.19 -50.96 -86.89 49.56 0 0 0 -18.11 -7.22 -6.53 2.62 10.05 29.14 1.14 7.19 -24 0 0.18 0.49 0 0 0 20.78 23.14 -6.88 -6.02 -14.45 45.06 1.25 21.81 -2.68 -0.65 5.18 -14.41 -4.13 -0.04 7.89 -0.91 -0.48 1.47 1.43 -0.22 -2.87 -7.45 -3.52 -5.82 8.74 -7.21 27.77 3.57 -3.56 10.36 0 -0 0 -79.05 0.65 25.07 38.01 -46.84 -16.97 -0 -0 5.08 17.19 21.43 6.45 -7.12 0 -0 -11.75 51.94 -2.03 0 -0 0 81.85 -9.01 22.59 -18.98 29.39 -5.02 0 0 13.47 -31.6 6.47 -3.96 7.12 -0 -0 -3.55 -22.41 -1.93
2.56 18.54 6.27 -88.76 -87.47 86.78 0 0 0 -18.55 -6.57 -5.23 2.54 9.91 28.7 1.15 8.56 -25.04 0 -0.13 -0.35 0 0 0 19.99 22.5 -8.4 -6.28 -14.69 46.08 0.09 15.07 -9.6 -0.82 5.78 -16.16 -4.17 -0.34 8.29 -0.72 -0.89 1.62 1.69 -0.43 -2.92 -8.21 -4.19 -5.09 7.84 -8.15 29.11 3.29 -4.24 10.82 0 -0 0 -78.01 -1.55 25.93 30.76 -41.53 -11.91 -0 -0 1.71 17.91 20.93 6.59 -7.12 0 -0 -10.85 51.56 -1.77 0 -0 0 81.86 -9.31 22.67 -19.47 30 -5.26 0 0 13.11 -30.62 7.09 -4.18 7.12 -0 -0 -2.79 -21.76 -1.56
2.48 18.56 6.33 -126.47 -86.66 124.41 0 0 0 -18.74 -5.77 -4.41 2.43 9.7 28.02 1.21 9.43 -26.16 0 0.24 0.67 0 0 0 18.97 23.33 -9.82 -6.14 -14.57 45.56 -0.36 12.09 -12.81 -0.39 4.02 -11.15 -4.13 -0.88 8.15 -0.68 -1.6 1.65 1.79 -0.79 -2.76 -8.23 -4.35 -4.7 6.9 -8.42 30.25 2.93 -4.52 11.16 0 -0 0 -76.95 -3.86 24.71 23.48 -34.61 -7.41 -0 -0 1.67 14.4 19.71 4.95 -7.12 0 -0 -13.78 49.77 -1.65 0 -0 0 82.25 -9.46 23.23 -19.52 30.06 -5.29 0 0 13.59 -30.88 6.98 -4.15 7.12 -0 -0 -2.99 -21.87 -1.66
2.4 18.55 6.38 -147.4 -85.63 144.85 0 0 0 -19.48 -4.96 -3.2 2.32 9.5 27.39 1.27 10.16 -27.2 0.02 0.83 2.27 0 0 0 17.68 23.18 -10.6 -5.63 -14.06 43.49 -0.64 9.29 -14.74 -0.61 4.98 -13.85 -4.68 -1.21 8.39 -0.42 -2.09 1.87 2.41 -1.03 -2.61 -8.88 -4.46 -4.44 6.41 -8.5 30.77 2.85 -4.73 11.34 -0 0 0 -77.18 -6.34 22.6 16.84 -26.65 -4.02 -0 -0 3.6 18.51 20.94 6.82 -7.12 0 -0 -10.27 51.67 -1.7 -0 0 0 81.92 -9.64 23.47 -19.35 29.85 -5.2 0 0 13.32 -31.15 6.67 -4.01 7.12 -0 -0 -3.21 -22.21 -1.76
2.32 18.57 6.42 -154.23 -84.09 151.45 0 0 0 -19.57 -4.34 -2.25 2.21 9.3 26.73 1.35 10.79 -28.26 0.04 1.3 3.58 0 0 0 16.59 23.41 -11.25 -4.76 -13.11 39.77 -0.53 8.55 -13.36 -0.34 3.75 -10.36 -4.19 -1.33 8.49 -0.43 -2.21 2.04 2.14 -1.11 -2.5 -7.25 -4.83 -3.7 4.87 -8.87 30.3 1.99 -4.9 10.88 0 -0 0 -77.14 -8.62 17.69 11.34 -18.8 -1.88 -0 -0 10.2 18.88 21.88 7.26 -7.12 0 -0 -10.26 52.69 -1.96 0 -0 0 82.52 -9.87 22.54 -18.82 29.19 -4.94 0 0 13.09 -31.4 6.5 -3.95 7.12 -0 -0 -3.41 -22.38 -1.86
2.22 18.58 6.43 -160.13 -82.7 157.04 0 0 0 -19.94 -3.78 -0.96 2.05 8.97 25.71 1.43 11.51 -29.36 0.09 1.94 5.34 0 0 0 15.37 23.84 -11.8 -3.94 -12.08 36.01 -0.44 7.62 -12.17 -0.37 3.9 -10.8 -4.34 -1.49 8.72 -0.34 -2.44 2.23 2.35 -1.23 -2.41 -7.33 -4.89 -3.41 5.03 -9.04 30.06 2.04 -4.99 10.76 -0 -0 0 -77.38 -10.19 7.48 7.12 -12.11 -0.76 -0 -0 21.43 19.4 22.07 7.53 -7.12 0 -0 -9.81 52.97 -1.94 -0 -0 0 82.81 -10.02 21.33 -18.14 28.33 -4.61 0 0 14.11 -31.24 6.03 -3.64 7.12 -0 -0 -3.32 -22.95 -1.77
2.11 18.61 6.41 -162.31 -80.8 159.22 0 0 0 -19.86 -3.51 0.32 1.87 8.59 24.51 1.44 12.91 -30.59 0.12 2.2 6.05 0 0 0 14.67 25.39 -12.43 -3.23 -11.05 32.47 -0.39 6.32 -11.3 -0.16 2.59 -7.15 -4.37 -1.63 8.82 -0.08 -2.63 2.27 2.65 -1.32 -2.39 -7.18 -4.78 -3.59 4.87 -8.92 30.24 1.97 -4.95 10.84 0 -0 0 -77.86 -10.68 -7.01 4.72 -8.11 -0.33 -0 -0 34.59 20.86 23.32 8.58 -7.12 0 -0 -8.8 54.53 -2.07 0 -0 0 82.95 -10.38 20.71 -17.62 27.66 -4.37 0 0 14.33 -32.17 5.5 -3.45 7.12 -0 -0 -4.05 -23.5 -2.1
1.99 18.63 6.41 -171.44 -79.36 168.62 0 0 0 -21.45 -2.89 1.67 1.52 7.79 22.09 1.36 14.26 -31.22 0.15 2.49 6.87 0 0 0 11.82 26.7 -14.68 -2.9 -10.53 30.69 -0.29 3.97 -9.51 -0 0.32 -0.89 -5.48 -1.98 8.94 -0.01 -3.2 1.97 3.42 -1.59 -2.66 -8.08 -4.32 -3.75 4.84 -8.23 30.67 2.18 -4.76 11.02 -0 0 0 -79.03 -9.32 -10.79 3.99 -6.86 -0.24 -0 -0 35.47 19.73 23.99 8.3 -7.12 0 -0 -10.25 54.99 -2.53 -0 0 0 82.28 -10.67 20.13 -16.71 26.48 -3.96 0 0 15.61 -31.73 5.55 -3.42 7.12 -0 -0 -3.72 -23.46 -1.94
1.87 18.67 6.34 -171.58 -77.15 169.07 0 0 0 -21.15 -2.05 3.03 1.23 7.04 19.83 1.29 15.49 -31.91 0.21 2.97 8.19 0 0 0 10.95 29.09 -16.94 -2.73 -10.25 29.8 -0.2 0.3 -8.36 -0 0.08 -0.22 -5.46 -2.13 8.76 0.31 -3.37 2 3.75 -1.68 -2.5 -8.47 -3.88 -3.8 5.25 -7.72 30.79 2.45 -4.55 11.07 -0 0 0 -79.93 -7.04 -14.27 4.58 -7.87 -0.31 -0 -0 35.46 19.31 22.92 7.77 -7.12 0 -0 -10.23 53.83 -2.24 -0 0 0 82.01 -10.23 19.05 -15.59 24.96 -3.47 0 0 15.54 -31.01 6.1 -3.65 7.12 -0 -0 -3.15 -22.88 -1.68
1.75 18.71 6.22 -170.29 -75.28 167.75 0 0 0 -20.29 -0.96 4.46 1.01 6.4 17.95 1.1 16.86 -32.09 0.17 2.65 7.3 0 0 0 10.92 30.78 -18.96 -2.61 -10.03 29.07 0.01 -4.46 -6.08 -0.04 -1.31 3.61 -5.25 -1.91 9.03 0.22 -3.1 2.34 3.51 -1.56 -2.34 -7.59 -3.99 -3.88 5.52 -8.09 30.6 2.35 -4.6 11.01 -0 0 0 -79.84 -4.93 -10.05 5.67 -9.7 -0.48 -0 -0 28.71 18.92 21.84 7.27 -7.12 0 -0 -10.2 52.66 -1.94 -0 0 0 83.47 -10.6 16.19 -15.09 24.28 -3.26 0 0 16.73 -30.99 6.16 -3.69 7.12 -0 -0 -3.13 -22.8 -1.68
1.63 18.72 6.1 -171.97 -74.28 169.3 0 0 0 -20.31 0.03 6.01 0.79 5.69 15.89 1.07 17.18 -32.2 0.25 3.2 8.84 0 0 0 9.98 30.34 -21.53 -2.44 -9.73 28.11 0.22 -8.22 -3.32 -0.04 -1.23 3.38 -5.49 -1.91 9.49 -0.32 -3.16 2.6 3.11 -1.61 -2.32 -7.57 -3.74 -3.85 7.01 -8.24 30.68 2.87 -4.54 11.11 0 0 0 -79.26 -3.09 -3.37 6.67 -11.37 -0.66 -0 -0 21.43 18.86 21.51 7.14 -7.12 0 -0 -10.14 52.31 -1.84 0 0 0 84.75 -11.21 15.08 -14.72 23.75 -3.11 0 0 16.44 -31.58 6.23 -3.82 7.12 -0 -0 -3.56 -22.68 -1.92
1.5 18.73 5.96 -172.23 -73.84 169.28 0 0 0 -19.82 1.42 7.39 0.63 5.09 14.17 0.86 17.59 -31.3 0.2 2.89 7.97 0 0 0 9.32 29.76 -23.49 -2.19 -9.24 26.56 0.43 -11.95 -1.24 -0.06 -1.62 4.44 -5.92 -2.3 10.25 0.18 -3.77 2.86 3.96 -1.92 -2.36 -9.43 -3.29 -4.1 7.41 -7.45 30.88 3.44 -4.34 11.26 0 -0 0 -80.36 -1.84 -0.73 7.17 -12.2 -0.77 -0 -0 18.33 20.43 21.96 7.93 -7.12 0 -0 -8.73 53.05 -1.74 0 -0 0 83.87 -11.96 15.08 -14.83 23.91 -3.16 0 0 16.59 -30.57 6.38 -3.76 7.12 -0 -0 -2.8 -22.58 -1.51
1.35 18.73 5.81 -174.04 -74.46 170.85 0 0 0 -19.78 2.67 8.88 0.46 4.34 12.03 0.38 18.58 -29.23 0.05 1.46 4.02 0 0 0 7.63 28.9 -25.4 -1.97 -8.8 25.18 0.65 -15.29 0.76 -0.14 -2.39 6.59 -6.29 -2.43 10.81 -0.01 -4.03 3.14 4.01 -2.06 -2.33 -7.82 -3.99 -3.61 5.61 -8.16 30.47 2.42 -4.67 10.93 0 -0 0 -80.31 -2.46 -1.11 6.8 -11.59 -0.69 -0 -0 20.63 20.4 21.71 7.83 -7.12 0 -0 -8.67 52.79 -1.67 0 -0 0 84.24 -13.12 14.92 -14.99 24.13 -3.22 0 0 16.13 -32.03 6.14 -3.83 7.12 -0 -0 -3.89 -22.75 -2.09
1.16 18.72 5.62 -173.29 -75.72 170.17 0 0 0 -18.87 3.46 9.76 0.38 3.94 10.91 0.18 18.43 -27.5 0 0.39 1.08 0 0 0 5.96 29.19 -26.44 -1.74 -8.31 23.66 0.88 -18.2 1.8 -0.2 -2.91 8.04 -5.77 -2.7 11.09 0.04 -4.35 3.28 3.82 -2.23 -2.34 -8.26 -4.09 -3.42 5.77 -8.36 30.68 2.53 -4.8 11.02 0 -0 0 -80.42 -3.62 -2.67 6.24 -10.65 -0.58 -0 -0 23.58 20.47 21.63 7.84 -7.12 0 -0 -8.57 52.72 -1.64 0 -0 0 84.39 -14.28 14.49 -14.96 24.09 -3.21 0 0 15.69 -31.61 6.2 -3.8 7.12 -0 -0 -3.58 -22.72 -1.92
0.96 18.7 5.41 -172.71 -78.78 169.54 0 0 0 -18.08 3.04 10.61 0.34 3.74 10.34 0.09 17.44 -25.5 0.01 -0.48 -1.32 0 0 0 2.77 30.62 -26.04 -1.58 -7.93 22.49 1.39 -21.74 0.05 -0.31 -3.59 9.93 -5.23 -2.94 11.54 0.06 -4.64 3.56 3.6 -2.38 -2.31 -8.44 -4.46 -3.5 6.09 -8.95 30.88 2.62 -5.04 11.19 -0 -0 0 -81 -6.4 -7.21 5.46 -9.36 -0.45 -0 -0 30.07 20.75 21.58 7.93 -7.12 0 -0 -8.27 52.72 -1.58 -0 -0 0 84.97 -14.9 12.33 -14.33 23.21 -2.96 0 0 15.99 -31.38 6.16 -3.75 7.12 -0 -0 -3.41 -22.77 -1.83
0.72 18.69 5.14 -161.15 -82.62 157.88 0 0 0 -15.7 2.09 11.75 0.3 3.55 9.8 0.13 15.76 -23.58 0.03 -1.18 -3.24 0 0 0 0.43 33.69 -23.75 -1.49 -7.7 21.82 1.93 -24.99 -0.83 -0.53 -4.65 12.93 -4.06 -3.73 11.83 0.94 -5.54 3.69 3.99 -2.84 -2.26 -8.94 -4.79 -2.47 5.89 -9.31 30.34 2.62 -5.28 10.84 -0 0 0 -82.24 -7.75 -6.36 5.55 -9.51 -0.46 -0 -0 29.93 20.13 21.1 7.52 -7.12 0 -0 -8.72 52.11 -1.54 -0 0 0 84.33 -15.6 11.13 -13.39 21.85 -2.59 0 0 16.77 -30.79 6.04 -3.59 7.12 -0 -0 -3 -22.97 -1.59
0.45 18.66 4.89 -154.6 -87.39 151.65 0 0 0 -16.06 0.1 13.69 0.16 2.62 7.21 -0.18 16.14 -21 0.17 -2.62 -7.22 0 0 0 -3.48 33.12 -22.64 -1.62 -8.01 22.76 1.6 -24.6 3.21 -0.31 -3.57 9.88 -4.13 -4 11.49 0.92 -5.88 3.58 4.02 -3 -2.16 -7.64 -5.25 -2.58 5.28 -9.88 30.37 2.12 -5.43 10.81 0 -0 0 -83.09 -8.92 1.4 6.3 -10.75 -0.59 -0 -0 23.86 19.89 21.43 7.53 -7.12 0 -0 -9.08 52.41 -1.67 0 -0 0 84.91 -16.48 8.08 -12.39 20.39 -2.24 0 0 17.92 -30.46 6.33 -3.71 7.12 -0 -0 -2.73 -22.65 -1.47
0.09 18.61 4.53 -43.69 -87.55 40.34 0 0 0 -14 -1.46 16.24 0.09 1.94 5.35 -0.27 15.67 -19.2 0.32 -3.66 -10.12 0 0 0 -3.47 33.64 -18.84 -1.73 -8.28 23.57 1.58 -24.8 3.94 -0.39 -4.02 11.14 -3.45 -4.22 11.04 1.83 -6.07 3.89 4.55 -3.13 -1.54 -8.03 -5.55 -2.51 5.4 -10.14 29.84 2.2 -5.54 10.65 -0 0 0 -84.59 -9.77 8.61 7.6 -12.9 -0.86 -0 -0 18.09 21.44 22.31 8.48 -7.12 0 -0 -7.83 53.6 -1.66 -0 0 0 84.52 -17.21 6.48 -11.61 19.21 -1.97 0 0 19.3 -28.7 6.45 -3.52 7.12 -0 -0 -1.43 -22.63 -0.77
-0.28 18.52 4.21 -16.34 -84.07 12.91 0 0 0 -12.49 -2.83 18.68 0.02 1.01 2.77 -0.24 14.48 -17.71 0.42 -4.17 -11.55 0 0 0 -3.45 33.02 -15.42 -1.89 -8.63 24.63 0.96 -23.13 8.26 -0.26 -3.27 9.03 -2.56 -4.67 10.65 2.65 -6.54 3.64 4.93 -3.36 -1.54 -9.73 -5.34 -2.75 6.11 -9.75 29.95 2.78 -5.44 10.84 -0 -0 0 -86.23 -9.3 15.64 9.77 -16.38 -1.41 -0 -0 10.89 19.79 22.61 7.88 -7.12 0 -0 -9.63 53.6 -2.05 -0 -0 0 83.18 -17.96 5.9 -10.81 17.99 -1.72 0 0 21.45 -28.47 6.1 -3.3 7.12 -0 -0 -1.28 -23.05 -0.68
-0.67 18.4 3.82 -3.8 -81.25 0.2 0 0 0 -11.83 -3.31 21.13 0 -0 -0 -0.32 14 -15.63 0.78 -5.64 -15.73 0 0 0 -3.38 33.23 -11.71 -2.08 -9.04 25.92 0.6 -20.66 9.12 -0 0.34 -0.94 -2.56 -4.12 10.17 2.36 -5.79 3.48 4.51 -2.97 -1.55 -8.41 -5.66 -2.68 6.12 -10.24 29.5 2.52 -5.49 10.62 -0 0 0 -85.99 -8.69 21.27 12.03 -19.85 -2.11 -0 -0 8.11 16.75 20.61 6.05 -7.12 0 -0 -11.87 51.04 -1.79 -0 0 0 84.11 -18.8 3.62 -10.27 17.16 -1.55 0 0 23.38 -27.98 6.09 -3.23 7.12 -0 -0 -0.92 -23.09 -0.49
-1.11 18.25 3.38 -0.66 -77.8 -2.68 0 0 0 -10.53 -5.56 19.51 0.06 1.53 4.2 0.08 11.47 -17.37 0.92 -6.11 -17.12 0 0 0 -1.81 32.97 -7.44 -2.21 -9.29 26.7 0.82 -17.09 0.67 -0.59 4.91 -13.64 -1.98 -4.16 9.27 2.58 -5.74 3.03 4.36 -2.93 -1.57 -8.27 -5.38 -2.98 6.21 -9.67 28.9 2.59 -5.16 10.4 0 -0 0 -86.07 -6.65 24.71 15.18 -24.4 -3.3 -0 -0 5.37 15.81 19.6 5.43 -7.12 0 -0 -12.41 49.88 -1.51 0 -0 0 83.74 -19.48 3.15 -10.14 16.96 -1.52 0 0 23.83 -26.62 5.89 -2.94 7.12 -0 -0 0.07 -23.4 0.04
-1.5 18.09 2.92 1.25 -75.45 -4.61 0 0 0 -9.13 -6.82 17.3 0.27 3.32 9.18 0.35 9.74 -18.67 1.19 -6.91 -19.46 0 0 0 0.09 32.37 -3.91 -2.27 -9.4 27.06 0.81 -15.83 -7.77 -1.75 8.32 -23.68 -1.35 -4.08 9.26 2.47 -5.57 2.87 3.89 -2.83 -1.81 -7.69 -4.51 -3.81 6.76 -8.29 27.74 2.82 -4.33 10 -0 0 0 -85.36 -5.01 25.91 18.2 -28.41 -4.64 -0 -0 3.75 20.87 20.82 7.72 -7.12 0 -0 -7.88 51.95 -1.36 -0 0 0 83.46 -19.01 3.15 -10.21 17.07 -1.54 0 0 23.91 -26.28 6.01 -2.96 7.12 -0 -0 0.33 -23.28 0.17
-1.84 17.98 2.42 -1.21 -74.02 -1.88 0 0 0 -6.15 -7.25 14.8 0.53 4.68 12.99 0.4 8.61 -18.08 1.58 -7.92 -22.47 0 0 0 2.49 31.2 -2.93 -2.3 -9.47 27.27 0.37 -12.99 -12.69 -1.86 8.56 -24.44 0.82 -3.59 9.37 2.7 -4.71 2.84 2.85 -2.4 -2.13 -7.61 -3.86 -4.53 7.46 -7.11 25.71 3.16 -3.62 9.32 -0 -0 0 -84.94 -4.58 26.21 20.43 -31.16 -5.75 -0 -0 3.39 21.48 20.1 7.7 -7.12 0 -0 -7.06 51.31 -1.1 -0 -0 0 82.8 -17.67 3.29 -10.63 17.71 -1.66 0 0 22.95 -25.09 7.05 -3.29 7.12 -0 -0 1.24 -22.21 0.68
-2.13 17.95 1.95 -1.92 -74.5 -1.5 0 0 0 -4.35 -7.2 13.42 0.89 6.02 16.83 0.18 9.5 -16.32 2.24 -9.35 -26.91 0 0 0 4.42 29.64 -3.12 -2.42 -9.68 27.95 -0.08 -9.76 -15.19 -1.68 8.16 -23.19 2.56 -2.87 10.56 2.69 -3.58 3.09 1.81 -1.84 -2.68 -5.84 -2.3 -4.82 6.78 -4.65 23.73 2.84 -2.32 8.41 -0 0 0 -84.93 -4.08 23.89 21.8 -32.75 -6.48 -0 -0 3.55 23.14 20.18 8.39 -7.12 0 -0 -5.43 51.69 -0.9 -0 0 0 81.56 -15.22 3.18 -11.09 18.43 -1.81 0 0 24.22 -25.35 6.84 -3.23 7.12 -0 -0 1.04 -22.42 0.57
-2.38 17.98 1.44 -0.97 -74.97 -1.76 0 0 0 -2.8 -7.51 10.92 1.27 7.13 20.11 -0.11 10.26 -12.68 2.31 -9.48 -27.3 0 0 0 5.78 28.67 -4.5 -2.57 -9.96 28.85 -0.35 -8.48 -17.31 -1.31 7.26 -20.47 3.18 -2.31 10.69 2.83 -2.77 3.28 1.51 -1.44 -2.58 -4.68 -0.71 -5.81 5.96 -2.26 23.62 2.57 -1.13 8.37 0 -0 0 -85.39 -4.06 20.55 21.64 -32.57 -6.39 -0 -0 3.17 24.05 19.42 8.44 -7.12 0 -0 -4.31 51.03 -0.64 0 -0 0 79.71 -12.17 5.11 -12.13 20 -2.15 0 0 22.52 -25.97 5.5 -2.67 7.12 -0 -0 0.54 -23.87 0.28
-2.59 18.07 0.91 6.05 -75.18 -7.55 0 0 0 -2.73 -7.59 7.58 1.62 8.03 22.8 -0.37 11.06 -7.17 1.97 -8.81 -25.2 0 0 0 5.45 29.01 -5.84 -2.68 -10.17 29.51 -0.56 -8.22 -19.48 -0.65 5.16 -14.35 2.04 -1.47 10.77 2.23 -1.78 3.38 1.4 -0.94 -2.5 -3.53 0.76 -5.83 6.75 -0.44 22.64 2.78 -0.07 7.93 0 -0 0 -84.5 -4.09 19.81 20.73 -31.52 -5.91 -0 -0 1.79 26.11 20.72 9.84 -7.12 0 -0 -2.55 52.8 -0.49 0 -0 0 78.76 -9.59 5.92 -14.12 22.91 -2.88 0 0 19.21 -25.96 5.73 -2.78 7.12 -0 -0 0.56 -23.62 0.29
-2.75 18.16 0.42 8.8 -74.78 -9.43 0 0 0 -1.93 -8.59 3.97 2.1 9.07 26.02 -0.55 13.32 -1.71 1.27 -7.16 -20.18 0 0 0 5.94 29.7 -5.82 -2.56 -9.94 28.8 -0.67 -7.33 -19.83 -0.45 4.32 -11.96 2.2 -1.28 11.47 2.09 -1.49 3.33 1.14 -0.8 -2.94 -3.07 2.15 -6.16 6.83 1.48 22.34 2.88 0.9 7.78 0 -0 0 -84.3 -3.91 18.02 19.44 -29.96 -5.25 -0 -0 1.53 26.16 20.99 9.98 -7.12 0 -0 -2.57 53.11 -0.51 0 -0 0 76.73 -7.88 9.77 -17.09 26.98 -4.13 0 0 13.57 -27.28 4.94 -2.54 7.12 -0 -0 -0.45 -24.43 -0.23
-2.89 18.29 -0.01 7.77 -74.13 -7.92 0 0 0 -0.64 -10.03 0.23 2.74 10.26 29.82 -0.71 16.59 2.09 0.29 -3.45 -9.54 0 0 0 7.18 28.34 -5.97 -2.35 -9.55 27.55 -0.68 -6.13 -19.02 -0.39 4.03 -11.16 3.48 -1.35 12.13 2.32 -1.42 3.54 0.66 -0.77 -3.11 -2.84 3.13 -6.45 6.55 2.97 21.53 2.85 1.63 7.49 0 -0 0 -84.33 -4.16 16.78 17.95 -28.09 -4.53 -0 -0 2.89 27.35 20.62 10.32 -7.12 0 -0 -1.24 52.93 -0.24 0 -0 0 73.9 -6.14 13.39 -20.39 31.11 -5.73 0 0 8.37 -27.61 4.86 -2.54 7.12 -0 -0 -0.7 -24.5 -0.35
-3 18.38 -0.43 6.63 -73.25 -6.02 0 0 0 0.52 -10.9 -4.13 3.4 11.32 33.37 -0.68 16.71 2.81 0 -0.29 -0.81 0 0 0 8.56 28.17 -6.51 -2.28 -9.42 27.13 -0.68 -6.48 -19.26 -0.22 3.05 -8.41 3.81 -1.43 12.61 2.8 -1.46 3.67 1 -0.8 -3.23 -2.79 3.69 -6.93 6.43 3.85 20.75 2.86 2.07 7.28 -0 0 0 -84.75 -4.33 15.07 16.71 -26.47 -3.96 -0 -0 5.49 24.91 20.93 9.42 -7.12 0 -0 -3.84 52.81 -0.74 -0 0 0 70.74 -4.43 16.31 -23.38 34.5 -7.35 0 0 5.04 -28.95 4.77 -2.63 7.12 -0 -0 -1.7 -24.53 -0.84
-3.11 18.46 -0.81 9.97 -72.81 -8.63 0 0 0 -0.54 -11.83 -7.36 3.85 11.95 35.57 -0.47 13.09 0.69 0.07 -1.76 -4.85 0 0 0 8.46 28.42 -7.42 -2.36 -9.59 27.65 -0.72 -6.18 -19.42 -0.16 2.58 -7.12 3 -1.08 13.11 2.58 -1.09 3.9 1.17 -0.61 -3.25 -2.67 3.77 -7.29 6.65 3.98 19.82 2.91 2.17 7.04 -0 -0 0 -84.75 -4.26 14.06 16.06 -25.6 -3.67 -0 -0 7.16 25.27 20.05 9.19 -7.12 0 -0 -3.24 51.93 -0.55 -0 -0 0 68.69 -2.92 17.61 -25.31 36.52 -8.48 0 0 2.24 -31.14 4.49 -2.71 7.12 -0 -0 -3.36 -24.73 -1.65
-3.2 18.5 -1.14 10.26 -72.03 -8.67 0 0 0 -1.41 -12.74 -10.11 4.16 12.38 37.08 -0.18 7.67 -0.87 0.31 -3.59 -9.93 0 0 0 9.29 28.28 -7.8 -2.45 -9.76 28.19 -0.83 -5.87 -20.34 -0.08 1.84 -5.05 3.51 -0.74 13.84 2.18 -0.57 4.06 0.39 -0.36 -3.49 -2.07 3.62 -7.64 6.96 3.68 19.16 2.88 2.11 6.91 0 0 0 -84.08 -3.66 14.72 15.89 -25.37 -3.6 -0 -0 6.76 28.67 21.28 11.22 -7.12 0 -0 -0.01 53.92 -0 0 0 0 67.79 -2.13 16.55 -26.07 37.28 -8.93 0 0 1.48 -31.91 4.54 -2.82 7.12 -0 -0 -3.93 -24.64 -1.94
-3.28 18.52 -1.44 9.2 -71.29 -7.31 0 0 0 -2.16 -14.48 -12.82 4.36 12.62 37.98 -0.03 3.41 -2.22 0.24 -3.16 -8.71 0 0 0 10.32 28.09 -8.32 -2.51 -9.86 28.51 -0.95 -5.58 -21.25 -0.05 1.5 -4.14 4.31 -0.55 14.45 2.14 -0.2 4.31 -0.15 -0.18 -3.54 -1.99 3.44 -7.82 6.77 3.56 17.86 2.77 2.05 6.54 -0 0 0 -84 -3.41 13.98 15.91 -25.39 -3.61 -0 -0 6.47 29.23 21.07 11.37 -7.12 0 -0 0.62 53.8 0.14 -0 0 0 66.69 -1.38 14.82 -26.21 37.41 -9.01 0 0 3.09 -29.51 4.98 -2.82 7.12 -0 -0 -2.11 -24.26 -1.06
-3.36 18.53 -1.7 10.94 -70.6 -8.61 0 0 0 -4.37 -16.27 -14.65 4.26 12.5 37.52 0.03 0.9 -3.83 0.19 -2.77 -7.64 0 0 0 10.22 27.74 -9.3 -2.68 -10.17 29.52 -1.16 -4.41 -22.34 -0.05 1.44 -3.97 3.86 -0.22 15.16 1.99 0.18 4.58 -0.12 0 -3.63 -2.53 3.25 -8.09 6.99 3.45 16.44 2.89 1.99 6.12 0 -0 0 -84.07 -3.15 13.81 15.94 -25.44 -3.62 -0 -0 7.09 31.89 21.62 12.91 -7.12 0 -0 3.39 54.97 0.83 0 -0 0 65.86 -1.2 14.42 -26.31 37.52 -9.08 0 0 2.01 -30.84 4.31 -2.57 7.12 -0 -0 -3.15 -24.97 -1.53
-3.43 18.52 -1.93 9.94 -70.44 -6.96 0 0 0 -5.87 -17.05 -17.32 4.18 12.4 37.16 0.09 -1.06 -5.29 0.73 -5.47 -15.27 0 0 0 10.88 27.61 -10.71 -2.81 -10.38 30.23 -1.29 -3.99 -23.21 -0.05 1.45 -3.99 4.47 0.14 15.75 1.97 0.77 4.77 -0.59 0.28 -3.71 -2.42 3.06 -8.4 6.46 3.37 14.89 2.67 1.93 5.71 -0 0 0 -83.94 -2.81 14.16 16.09 -25.65 -3.69 -0 -0 6.98 32.45 21.86 13.32 -7.12 0 -0 3.97 55.36 1.01 -0 0 0 65.09 -1.42 14.16 -25.93 37.14 -8.85 0 0 1.84 -30.49 5.02 -2.95 7.12 -0 -0 -2.84 -24.16 -1.43
-3.49 18.51 -2.13 9.52 -70.55 -5.81 0 0 0 -7.76 -17.44 -19.8 3.97 12.12 36.16 0.17 -2.03 -7.29 0.91 -6.09 -17.06 0 0 0 11.21 27.34 -12.49 -2.99 -10.69 31.23 -1.28 -3.91 -23.13 -0.24 3.16 -8.72 4.58 0.61 16.51 1.98 1.42 4.9 -0.77 0.6 -3.95 -2.65 2.93 -8.48 6.3 3.36 13.25 2.63 1.91 5.22 -0 0 0 -83.99 -2.24 14.67 16.21 -25.81 -3.74 -0 -0 7.14 32.11 21.94 13.19 -7.12 0 -0 3.57 55.38 0.91 -0 0 0 64.83 -1.63 14.12 -25.17 36.38 -8.39 0 0 2.68 -31.2 3.68 -2.23 7.12 -0 -0 -3.46 -25.68 -1.62
-3.53 18.48 -2.34 8.78 -70.5 -3.95 0 0 0 -9.67 -16.99 -23.3 3.76 11.83 35.13 0.23 -3.43 -8.44 1.43 -7.57 -21.41 0 0 0 11.34 27.27 -14.87 -3.21 -11.03 32.37 -1.38 -3.8 -23.87 -0.31 3.58 -9.9 4.54 0.9 17.31 1.91 1.84 4.97 -0.92 0.79 -4.28 -2.67 2.94 -8.67 6.12 3.49 11.64 2.56 1.96 4.75 0 -0 0 -83.7 -1.79 15.86 16.11 -25.68 -3.7 -0 -0 7.11 33.12 22.47 14 -7.12 0 -0 4.61 56.2 1.27 0 -0 0 65.18 -1.58 14.85 -24.24 35.41 -7.84 0 0 2.28 -31.85 2.28 -1.42 7.12 -0 -0 -4.04 -27.29 -1.74
-3.59 18.46 -2.49 10.1 -70.98 -4.48 0 0 0 -12.74 -16.07 -25.63 3.5 11.47 33.88 0.22 -4.93 -8.44 1.04 -6.48 -18.19 0 0 0 10.93 26.97 -16.64 -3.4 -11.32 33.36 -1.59 -2.57 -24.89 -0.2 2.89 -7.97 4.03 1.35 18.08 1.57 2.31 5.5 -1.09 1.02 -4.11 -2.88 2.78 -8.97 6.1 3.39 10.12 2.56 1.9 4.34 0 -0 0 -83.18 -1.78 17.98 15.61 -24.99 -3.48 -0 -0 6.5 33.63 22.09 14.04 -7.12 0 -0 5.25 55.89 1.4 0 -0 0 65.82 -1.27 15.4 -23.45 34.58 -7.39 0 0 2.82 -32.29 1.62 -1.03 7.12 -0 -0 -4.41 -28.05 -1.82
-3.63 18.45 -2.64 10.75 -71.79 -4.37 0 0 0 -15.28 -14.92 -27.92 3.32 11.2 32.95 0.15 -7.65 -8.16 0.78 -5.65 -15.77 0 0 0 10.79 26.84 -18.28 -3.53 -11.51 34.03 -1.63 -1.26 -24.63 -0.23 3.09 -8.53 3.53 1.7 19.04 1.19 2.65 6 -1.31 1.18 -4.07 -2.73 2.73 -8.86 6 3.37 8.71 2.48 1.89 3.89 -0 0 0 -82.43 -1.58 21.03 15.02 -24.18 -3.23 -0 -0 7.54 35.2 22.91 15.36 -7.12 0 -0 6.95 57.2 2.08 -0 0 0 66.86 -0.77 16.09 -22.66 33.71 -6.95 0 0 4.07 -31.99 2.41 -1.51 7.12 -0 -0 -4.14 -27.13 -1.8
-3.7 18.42 -2.75 10.82 -72.99 -3.36 0 0 0 -17.37 -13.62 -30.08 3.2 11.01 32.31 0.07 -9.06 -7.62 0.94 -6.18 -17.3 0 0 0 10.7 26.74 -20.22 -3.64 -11.67 34.57 -1.65 0.38 -24.19 -0.22 2.99 -8.25 2.72 2.06 19.35 1 2.93 6.37 -1.12 1.31 -3.85 -3.06 2.68 -8.45 6.35 3.32 8.37 2.62 1.86 3.71 0 -0 0 -81.88 -1.17 25.03 14.27 -23.12 -2.93 -0 -0 6.1 29.47 23.21 12.55 -7.12 0 -0 0.39 56.2 0.11 0 -0 0 67.68 -0.45 17.77 -22.3 33.32 -6.75 0 0 5.03 -32.66 1.62 -1.04 7.12 -0 -0 -4.7 -28.05 -1.94
-3.75 18.39 -2.84 7.52 -74.53 0.63 0 0 0 -17.53 -13.33 -31.76 3.31 11.18 32.9 0.01 -9.18 -6.54 0.95 -6.2 -17.38 0 0 0 11.76 26.41 -21.87 -3.68 -11.73 34.78 -1.62 1.57 -23.59 -0.42 4.16 -11.54 2.58 2.3 20.02 0.97 3.17 6.84 -1.14 1.42 -3.69 -3.08 2.5 -8.34 6.49 3.01 9.3 2.66 1.72 3.99 0 -0 0 -81.28 -0.93 29.22 13.43 -21.91 -2.61 -0 -0 6.37 28.18 23.26 11.94 -7.12 0 -0 -1.04 55.97 -0.28 0 -0 0 68.6 0.38 19.43 -22.07 33.05 -6.62 0 0 5.83 -32.51 2.46 -1.56 7.12 -0 -0 -4.53 -27.06 -1.98
-3.79 18.36 -2.92 6.31 -76.71 2.32 0 0 0 -17.77 -12.94 -32.59 3.52 11.49 33.95 -0.01 -8.29 -5.68 0.25 -3.21 -8.85 0 0 0 12.21 25.86 -23.3 -3.72 -11.78 34.94 -1.59 4.15 -22.85 -0.62 5.03 -13.99 1.27 2.68 20.84 0.63 3.33 7.49 -0.81 1.46 -3.47 -3.39 2.13 -7.79 6.97 2.4 10.73 2.84 1.42 4.35 -0 0 0 -80.64 -0.64 34.02 12.7 -20.84 -2.34 -0 -0 6.24 27.77 23.29 11.76 -7.12 0 -0 -1.5 55.92 -0.4 -0 0 0 69.62 1.23 21.38 -22.34 33.36 -6.77 0 0 6.43 -32.53 3.09 -1.97 7.12 -0 -0 -4.5 -26.31 -2.05
-3.81 18.33 -2.99 7.63 -79.37 1.85 0 0 0 -17.75 -12.88 -33.2 3.63 11.65 34.49 0.15 -4.59 -7.08 0.09 -1.89 -5.2 0 0 0 12.04 25.08 -25.22 -3.75 -11.81 35.08 -1.58 6.51 -22.54 -1.12 6.73 -18.93 -1.25 3.22 21.35 -0.06 3.41 8.19 -0.14 1.45 -3.08 -2.82 1.63 -7.82 6.76 1.51 13.39 2.67 1.01 5.23 -0 0 0 -80.26 -0.81 35.73 11.88 -19.63 -2.06 -0 -0 7.74 26.48 21.65 10.42 -7.12 0 -0 -2.41 53.88 -0.53 -0 0 0 70.8 2.44 23.6 -22.91 33.99 -7.09 0 0 6.73 -32.69 3.3 -2.11 7.12 -0 -0 -4.6 -26.06 -2.12
-3.84 18.3 -3.04 15.35 -82.54 -5.43 0 0 0 -17.75 -13.02 -32.74 3.46 11.41 33.67 0.22 -1.62 -8.42 0 0.23 0.64 0 0 0 11.39 23.88 -26.83 -3.82 -11.92 35.44 -1.72 9.5 -23.5 -1.82 8.49 -24.21 -4.49 4.06 22.37 -1.09 3.64 8.96 0.51 1.46 -2.87 -3.83 1.31 -6.81 8.08 0.85 15.03 3.23 0.7 5.57 0 0 0 -79.13 -0.49 39.98 11.84 -19.57 -2.05 -0 -0 5.95 25.23 21.04 9.6 -7.12 0 -0 -3.54 52.98 -0.7 0 0 0 71.79 3.09 26.03 -23.95 35.11 -7.68 0 0 5.81 -32.91 3.46 -2.24 7.12 -0 -0 -4.76 -25.85 -2.21
-3.85 18.23 -3.06 7.25 -85.31 3.77 0 0 0 -15.45 -12.53 -34.17 3.58 11.59 34.28 0.3 -1.55 -9.9 0.16 -2.6 -7.16 0 0 0 12.53 21.86 -29.94 -4.08 -12.27 36.69 -1.6 12.85 -23.06 -1.61 8.01 -22.75 -5.48 4.31 22.84 -1.79 3.59 9.53 0.32 1.37 -2.49 -3.67 0.94 -7.06 7.94 0.13 17.6 3.16 0.35 6.47 0 0 0 -77.55 -0.45 44.47 12.1 -19.96 -2.14 -0 -0 3.87 23.91 20.83 8.96 -7.12 0 -0 -4.83 52.51 -0.89 0 0 0 72.61 3.88 27.75 -24.82 36.02 -8.18 0 0 5.16 -32.35 4.94 -3.12 7.12 -0 -0 -4.22 -24.14 -2.13
-3.83 18.14 -3.1 6.47 -86.38 6 0 0 0 -15.26 -10.9 -37.45 3.9 12.03 35.84 0.29 -2.13 -9.64 0.03 -1.03 -2.84 0 0 0 12.3 19.71 -33.87 -4.6 -12.92 39.07 -2.04 8.36 -25.65 -0.87 5.94 -16.62 -6.73 4.07 24.09 -2.76 2.78 9.73 0.13 0.93 -2.84 -4.54 0.77 -7.03 8.57 -0.31 19.81 3.52 0.12 7.2 -0 0 0 -76.07 -0.74 47.07 12.11 -19.97 -2.14 -0 -0 3 23.51 20.33 8.6 -7.12 0 -0 -5.09 51.91 -0.87 -0 0 0 73.41 3.96 29.95 -25.85 37.06 -8.8 0 0 4.57 -33.09 3.91 -2.54 7.12 -0 -0 -4.86 -25.31 -2.32
-3.77 18.09 -3.15 -12.6 -85.39 26.07 0 0 0 -13.28 -10.78 -40.07 4.19 12.41 37.21 0.23 -3.02 -8.53 0.03 1.14 3.13 0 0 0 12.99 18.54 -36.88 -5.21 -13.61 41.7 -2.58 1.05 -30.12 -0.4 4.05 -11.22 -5.52 3.34 26.13 -3.02 1.84 10.49 -0.63 0.45 -2.9 -4.72 0.54 -7.15 8.26 -0.62 20.61 3.45 -0.07 7.5 0 -0 0 -74.12 -2.48 51.48 12.47 -20.51 -2.27 -0 -0 1.54 23.9 20.52 8.83 -7.12 0 -0 -4.75 52.18 -0.84 0 -0 0 73.71 4.08 30.39 -26.81 38 -9.38 0 0 3.59 -33.56 4.38 -2.9 7.12 -0 -0 -5.17 -24.73 -2.54
-3.72 18.05 -3.19 -15.29 -85.69 29.76 0 0 0 -12.7 -10.76 -41.98 4.35 12.62 37.96 0.2 -3.28 -8.02 0.08 1.84 5.07 0 0 0 10.87 19.45 -39.22 -5.63 -14.06 43.48 -2.35 -4.21 -30.7 -0.05 1.39 -3.83 -5.83 3.48 27.89 -3.43 1.64 11.34 -0.88 0.29 -2.76 -4.96 0.23 -7.11 8.14 -0.99 20.77 3.42 -0.27 7.58 -0 -0 0 -73 -5.02 52.47 12.44 -20.46 -2.25 -0 -0 2.64 23.36 20.19 8.48 -7.12 0 -0 -5.2 51.73 -0.86 -0 -0 0 73.59 4.16 30.2 -27.05 38.23 -9.53 0 0 2.47 -34.2 5.08 -3.44 7.12 -0 -0 -5.58 -23.85 -2.86
-3.68 18.02 -3.23 -18.52 -85.06 34.05 0 0 0 -11.76 -11.37 -43.62 4.43 12.71 38.29 0.18 -3.15 -7.5 0.04 1.27 3.49 0 0 0 8.81 19.5 -41.17 -5.77 -14.21 44.07 -1.46 -8.9 -27.6 -0.01 -0.64 1.76 -5.13 3.3 29.44 -3.46 1.37 12.3 -1.27 0.11 -2.38 -4.63 -0.03 -7.08 7.44 -1.26 20.91 3.11 -0.43 7.64 0 0 0 -72.51 -7.77 52.79 12.51 -20.57 -2.28 -0 -0 2.23 25.11 21.36 9.69 -7.12 0 -0 -3.76 53.3 -0.77 0 0 0 73.06 4.59 30.12 -26.66 37.85 -9.29 0 0 1.92 -34.01 5.11 -3.44 7.12 -0 -0 -5.44 -23.82 -2.79
-3.64 18.03 -3.32 -26.81 -85.59 43.23 0 0 0 -10.8 -10.98 -44.84 4.43 12.71 38.31 0.16 -2.9 -7.2 0.08 1.78 4.88 0 0 0 6.51 20.54 -42.38 -5.71 -14.14 43.79 -0.7 -12.79 -25.16 -0.16 -2.56 7.06 -5.98 4.12 31.53 -3.2 1.87 12.96 -0.72 0.25 -2.58 -4.26 -0.15 -6.69 6.4 -1.25 20.61 2.7 -0.48 7.46 -0 -0 0 -72.42 -10.1 52.87 12.8 -21 -2.38 -0 -0 1.74 25.97 21.16 9.97 -7.12 0 -0 -2.82 53.25 -0.57 -0 -0 0 72.34 5.28 29.81 -25.77 36.98 -8.75 0 0 3.43 -32.79 5.38 -3.46 7.12 -0 -0 -4.52 -23.59 -2.34
-3.6 18 -3.41 -29.46 -85.08 47.27 0 0 0 -9.53 -11.46 -46.84 4.5 12.8 38.62 0.15 -2.75 -6.93 0.04 1.36 3.73 0 0 0 4.53 20.25 -44.13 -5.64 -14.07 43.51 0.09 -17.61 -24.19 -0.26 -3.28 9.05 -6.18 4.17 33.73 -2.66 1.61 13.01 -0.02 0.09 -2.95 -4.92 -0.1 -6.77 6.05 -1.03 20.89 2.72 -0.46 7.56 0 0 0 -72.41 -11.5 53.94 13.63 -22.2 -2.69 -0 0 -0.08 26.32 20.9 10.01 -7.12 0 -0 -2.38 53.04 -0.47 0 0 0 70.9 6.13 31.07 -25.27 36.48 -8.45 0 0 3.6 -33.17 8.04 -5.22 7.12 -0 -0 -4.54 -20.41 -2.68
-3.54 17.95 -3.51 -36.23 -83.82 55.48 0 0 0 -7.2 -11.7 -49.52 4.73 13.08 39.66 0.13 -3.06 -6.33 0.09 1.97 5.41 0 0 0 3.56 19.8 -45.74 -5.57 -14 43.23 0.86 -21.29 -22.82 -0.53 -4.65 12.93 -4.77 3.89 35.21 -2.29 1.55 13.41 -0.37 0.06 -3.04 -5.04 -0.11 -6.67 6.23 -0.98 19.84 2.78 -0.42 7.2 -0 -0 0 -72.27 -12.9 54.21 14.37 -23.26 -2.97 -0 -0 0.27 25.98 20.97 9.89 -7.12 0 -0 -2.75 53.05 -0.55 -0 -0 0 70.41 7.17 31.14 -24.75 35.95 -8.15 0 0 4.67 -33.35 7.36 -4.82 7.12 -0 -0 -4.74 -21.2 -2.71
-3.48 17.89 -3.67 -37.29 -83.16 58.44 0 0 0 -5.58 -11.85 -52.82 4.98 13.36 40.75 0.11 -2.88 -5.95 0.04 1.22 3.35 0 0 0 1.46 19.95 -47.83 -5.66 -14.09 43.59 1.39 -23.05 -20.53 -0.63 -5.07 14.12 -4.36 4.04 36.74 -2.02 1.72 13.36 -0.41 0.14 -3.47 -4.76 -0.19 -6.79 5.97 -1.06 19.73 2.65 -0.45 7.19 -0 0 0 -71.51 -13.92 56.18 15.52 -24.87 -3.44 -0 0 -0.97 25.76 20.59 9.63 -7.12 0 -0 -2.88 52.6 -0.54 -0 0 0 70.12 7.77 31.91 -25.19 36.4 -8.4 0 0 4.55 -32.4 4.95 -3.13 7.12 -0 -0 -4.26 -24.13 -2.15
-3.43 17.77 -3.85 -36.43 -82.78 59.23 0 0 0 -3.96 -12.18 -55.78 5.29 13.7 42.05 0.1 -3.25 -5.81 0.08 1.8 4.96 0 0 0 -0.64 20.05 -49.77 -5.95 -14.38 44.77 1.5 -22.75 -18.01 -0.16 -2.57 7.07 -4.58 4.33 38.15 -1.58 1.88 13.46 0.09 0.18 -3.83 -4.92 -0.34 -6.9 5.87 -1.18 19.41 2.63 -0.51 7.11 0 -0 0 -71.82 -15.15 56.23 16.19 -25.78 -3.73 -0 0 -0.78 25.52 19.9 9.23 -7.12 0 -0 -2.95 51.81 -0.49 0 -0 0 69.26 8.88 32.53 -25.64 36.85 -8.67 0 0 3.25 -32.3 4.37 -2.76 7.12 -0 -0 -4.23 -24.82 -2.07
-3.39 17.59 -4.04 -29.14 -82.2 53.61 0 0 0 -2.42 -13.25 -59.01 5.7 14.13 43.78 0.09 -4.34 -5.77 0.01 0.68 1.87 0 0 0 -2.52 19.11 -51.58 -6.28 -14.7 46.11 0.84 -18.75 -17.52 -0.2 2.9 -8.01 -4.61 4.25 39.58 -1 1.71 13.47 0.74 0.08 -4.28 -5.55 -0.33 -6.02 5.9 -1.07 18.47 2.74 -0.51 6.65 -0 0 0 -72.75 -16.35 56.95 16.81 -26.6 -4 -0 0 -0.64 26.38 20.08 9.67 -7.12 0 -0 -2.11 52.17 -0.37 -0 0 0 68.25 9.95 32.81 -26.29 37.49 -9.06 0 0 1.51 -30.86 6.57 -3.91 7.12 -0 -0 -3.01 -22.34 -1.64
-3.36 17.42 -4.29 -27.71 -82.82 53.45 0 0 0 -1.81 -12.52 -61.97 6.19 14.61 45.75 0.08 -5.3 -5.92 0 0.16 0.43 0 0 0 -4.1 19.16 -53.42 -6.53 -14.93 47.08 0.17 -14.29 -18.23 -0.45 4.3 -11.94 -6.19 5.32 40.74 -0.32 2.33 13.52 2 0.28 -4.65 -6.47 -0.79 -6.52 6.05 -1.57 18.69 2.91 -0.78 6.85 0 0 0 -73.54 -17.08 58.21 17.84 -27.96 -4.48 -0 0 -1.42 26.9 20.2 9.94 -7.12 0 -0 -1.61 52.39 -0.29 0 0 0 67.12 10.97 33.57 -27.22 38.39 -9.63 0 0 0.09 -32.36 4.3 -2.72 7.12 -0 -0 -4.28 -24.9 -2.09
-3.31 17.18 -4.52 -26.93 -81.51 54.43 0 0 0 0.49 -12.6 -66.15 6.8 15.16 48.11 0.07 -5.83 -5.93 0.12 -2.21 -6.08 0 0 0 -3.64 18.32 -56.68 -7.12 -15.43 49.33 -0.38 -10.9 -20.22 -0.33 3.71 -10.26 -5.64 5.26 41.59 0.57 2.49 13.46 2.59 0.35 -5.01 -6.97 -0.97 -6.87 6.07 -1.71 18.73 2.99 -0.87 6.94 -0 -0 0 -74.36 -17.77 59.99 18.94 -29.34 -5 -0 0 -2.86 28.4 20.29 10.62 -7.12 0 -0 -0.08 52.78 -0.01 -0 -0 0 66.08 12.31 33.5 -27.85 38.98 -10.03 0 -0 -2.58 -30.69 6.78 -4.01 7.12 -0 -0 -2.86 -22.11 -1.58
-3.25 16.97 -4.74 -26.63 -81.33 55.89 0 0 0 2.97 -12.91 -69.69 7.41 15.67 50.4 0.07 -6.41 -6.12 0 0.06 0.18 0 0 0 -3.56 17.73 -60.86 -7.91 -16.05 52.25 -0.77 -8.99 -22.18 -0.18 2.7 -7.44 -6.31 5.58 42.02 1.18 2.63 13.45 3.5 0.37 -5.2 -7.41 -0.89 -6.9 6.15 -1.5 17.99 3.1 -0.78 6.69 0 0 0 -74.92 -18.48 60.77 19.77 -30.36 -5.41 -0 0 -2.02 27.73 19.28 9.85 -7.12 0 -0 -0.56 51.54 -0.09 0 0 0 64.86 13.84 34.06 -28.45 39.53 -10.41 0 -0 -5.24 -29.95 7.84 -4.49 7.12 -0 -0 -2.25 -20.96 -1.3
-3.19 16.76 -4.95 -23.17 -81.13 53.37 0 0 0 4.7 -13.38 -72.53 8.08 16.18 52.86 0.05 -7.22 -6.17 0.04 1.3 3.59 0 0 0 -3.99 17.58 -63.8 -8.69 -16.6 55.01 -1.06 -8.15 -24.04 -0.15 2.5 -6.88 -6.32 5.85 43.23 1.71 2.88 13.44 3.95 0.47 -5.61 -7.73 -1.06 -6.8 6.23 -1.68 17.68 3.16 -0.88 6.6 -0 0 0 -75.48 -19.48 63.43 20.7 -31.47 -5.89 -0 0 -2.92 28.27 18.79 9.83 -7.12 0 -0 0.08 51.11 0.01 -0 0 0 63.77 14.74 33.76 -28.8 39.84 -10.63 0 -0 -5.99 -29.6 7.74 -4.38 7.12 -0 -0 -2 -21.1 -1.15
-3.13 16.48 -5.17 -12.67 -81 43.4 0 0 0 4.68 -14.21 -75.28 8.83 16.69 55.48 0.08 -7.35 -6.73 0 -0.24 -0.67 0 0 0 -6.12 17.25 -66.34 -9.77 -17.28 58.7 -1.51 -6.43 -26.28 -0.13 2.31 -6.37 -7.19 5.72 44.57 2.06 2.29 13.33 4.97 0.17 -6.04 -7.79 -0.85 -6.15 6.13 -1.42 17.5 3.15 -0.78 6.4 -0 0 0 -76.14 -20.2 64.25 20.93 -31.75 -6.01 -0 0 -2.3 30.56 20.3 11.58 -7.12 0 -0 2.19 53.22 0.44 -0 0 0 63.12 15.89 34.78 -28.5 39.57 -10.44 0 -0 -3.91 -31.6 5.67 -3.48 7.12 -0 -0 -3.62 -23.33 -1.89
-3.05 16.19 -5.35 -6.68 -79.94 37.06 0 0 0 5.78 -15.2 -77.28 9.65 17.21 58.33 0.05 -8.16 -6.72 0.01 0.48 1.32 0 0 0 -6.99 16.58 -68.68 -11.16 -18.01 63.29 -1.7 -5.48 -27.13 -0.17 2.66 -7.34 -6.22 5.06 46.06 2.24 1.79 13.42 4.86 -0.06 -6.26 -7.9 -0.91 -5.96 6.28 -1.56 17.97 3.22 -0.85 6.53 0 0 0 -76.6 -21.14 64.51 20.79 -31.58 -5.94 -0 -0 0.13 29.35 19.63 10.7 -7.12 0 -0 1.03 52.23 0.18 0 0 0 62.84 16.41 35.29 -28.15 39.25 -10.22 0 -0 -2.38 -31.29 5.82 -3.53 7.12 -0 -0 -3.38 -23.18 -1.78
-2.97 15.9 -5.52 1.32 -79 28.89 0 0 0 6.07 -16.23 -79.5 10.5 17.68 61.16 0.01 -8.98 -6.47 0.08 1.8 4.96 0 0 0 -8.21 15.17 -71.29 -12.59 -18.63 67.84 -1.83 -4.84 -27.65 -0.23 3.06 -8.45 -5.65 4.45 48.08 2.26 1.15 12.51 4.7 -0.35 -6.38 -8.32 -1.01 -5.79 6.95 -1.8 18.25 3.49 -0.94 6.62 -0 -0 0 -76.76 -21.87 66.08 21.07 -31.91 -6.09 -0 0 -1.16 32.16 21.29 12.86 -7.12 0 -0 3.74 54.66 0.89 -0 -0 0 62.98 16.6 36.58 -27.92 39.04 -10.07 0 -0 -2.01 -30.94 6.04 -3.61 7.12 -0 -0 -3.1 -22.95 -1.65
-2.89 15.59 -5.68 7.69 -78.47 22.56 0 0 0 5.68 -16.51 -82.17 11.39 18.12 64.03 0.04 -9.12 -7.13 0.04 -1.32 -3.62 0 0 0 -9.4 13.71 -74.24 -13.98 -19.11 72.16 -1.95 -3.86 -27.99 -0.27 3.31 -9.15 -5.19 3.96 48.63 1.91 0.72 12.47 4.27 -0.5 -6.46 -8.1 -1.18 -5.47 7.18 -2.14 18.41 3.51 -1.08 6.63 -0 0 0 -76.77 -22.53 67.04 20.94 -31.75 -6.02 -0 0 -0.43 33.01 21.28 13.26 -7.12 0 -0 4.68 54.83 1.13 -0 0 0 63.85 16.54 37.73 -27.43 38.59 -9.77 0 -0 -0.58 -28.5 8.47 -4.57 7.12 -0 -0 -1.16 -20.36 -0.69
-2.78 15.32 -5.82 19.88 -78.81 9.57 0 0 0 3.64 -16.56 -83.07 12.14 18.45 66.42 0.02 -9.63 -7.07 0.01 -0.59 -1.61 0 0 0 -11.81 12.2 -76.36 -15.34 -19.47 76.27 -2.08 -1.78 -27.92 -0.23 3.07 -8.49 -6.15 4.18 50.21 1.36 0.31 12.34 4.27 -0.69 -6.75 -8.04 -1.21 -5.08 7.13 -2.22 18.52 3.48 -1.12 6.6 0 -0 0 -76.51 -22.62 68.45 21.23 -32.1 -6.17 -0 0 -0.34 33.64 20.99 13.41 -7.12 0 -0 5.41 54.64 1.28 0 -0 0 64.66 16.28 40.64 -27.59 38.74 -9.87 0 -0 -0.1 -27.9 8.06 -4.24 7.12 -0 -0 -0.75 -20.88 -0.44
-2.69 15.06 -5.92 23.7 -78.5 5.24 0 0 0 3.48 -16.58 -84.45 12.86 18.73 68.7 -0 -10.1 -7.02 0.01 -0.5 -1.38 0 0 0 -12.29 10.55 -78.32 -16.41 -19.69 79.46 -2.1 -0.46 -27.62 -0.28 3.4 -9.4 -5.38 3.62 51.35 1.42 -0.06 12.23 4.12 -0.85 -7 -9.97 -1.24 -5.59 7.85 -2.16 19.31 4.06 -1.17 6.97 0 0 0 -77.46 -22.85 69.85 21.09 -31.93 -6.1 -0 -0 0.09 33.74 20.68 13.28 -7.12 0 -0 5.56 54.31 1.27 0 0 0 64.03 15.97 45.97 -28.4 39.48 -10.38 0 -0 -0.71 -28.65 6.02 -3.28 7.12 -0 -0 -1.42 -23.13 -0.75
-2.59 14.8 -6.01 25.91 -78.24 2.82 0 0 0 3.94 -16.54 -86.15 13.55 18.97 70.83 -0.04 -10.6 -6.83 0 -0.03 -0.08 0 0 0 -12.52 9.16 -80.57 -17.39 -19.84 82.35 -2.11 0.28 -27.45 -0.38 3.94 -10.9 -4.92 3.01 52.03 1.03 -0.64 12.09 3.72 -1.08 -7.2 -9.52 -1.06 -5.57 7.8 -1.99 19.68 3.99 -1.07 7.06 0 0 0 -76.88 -22.59 70.49 21.15 -32 -6.13 -0 -0 0.65 33.82 21.17 13.6 -7.12 0 -0 5.58 54.89 1.36 0 0 0 64.51 16.41 52.62 -28.25 39.34 -10.28 0 0 2.54 -27.69 11.75 -6.1 7.12 -0 -0 -0.36 -16.76 -0.24
-2.49 14.58 -6.08 23.8 -77.99 5.21 0 0 0 4.95 -16.04 -88.49 14.17 19.16 72.72 -0.06 -10.88 -6.66 0.01 -0.79 -2.17 0 0 0 -12.32 8.57 -82.85 -18.21 -19.92 84.76 -2.17 0.43 -27.77 -0.46 4.33 -12.01 -2.54 2.16 51.64 0.15 -0.51 12.05 1.63 -0.91 -7.27 -7.34 -1.4 -4.93 8.08 -2.85 19.87 3.65 -1.32 7.06 -0 -0 0 -75.33 -22.19 73.43 21.78 -32.73 -6.47 -0 -0 0.75 34.82 21.94 14.57 -7.12 0 -0 6.62 55.99 1.79 -0 -0 0 66.19 16.06 57.63 -28.03 39.14 -10.14 0 0 7.25 -28.13 12.04 -6.36 7.12 -0 -0 -0.63 -16.39 -0.43
-2.37 14.36 -6.15 28.06 -78.27 0.11 0 0 0 4.39 -15.75 -89.21 14.75 19.33 74.49 -0.03 -10.74 -7.13 0.1 -2.01 -5.53 0 0 0 -12.78 7.41 -84.38 -18.99 -19.98 87.03 -2.15 1.85 -27.24 -0.47 4.41 -12.24 -2.44 2.07 52.86 -0.25 -0.7 11.77 1.23 -0.98 -7.71 -7.01 -1.38 -4.34 8.25 -2.97 20.2 3.65 -1.35 7.06 0 0 0 -75.09 -21.15 74.54 22.03 -33.01 -6.6 -0 -0 1.76 36.04 21.86 15.16 -7.12 0 -0 8.03 56.18 2.21 0 0 0 67.15 16.03 62.67 -27.6 38.74 -9.87 0 0 9.52 -29.52 10.46 -5.87 7.12 -0 -0 -1.73 -18.01 -1.11
-2.26 14.18 -6.19 26.25 -78.21 1.45 0 0 0 5.65 -15.8 -90.41 15.31 19.46 76.17 -0.05 -11.05 -6.9 0.04 -1.27 -3.49 0 0 0 -12.35 6.72 -85.56 -19.58 -20 88.77 -2.18 2.69 -27.24 -0.49 4.5 -12.47 -1.1 1.28 53.13 -0.55 -0.96 11.61 0.41 -1.06 -7.94 -6.36 -1.25 -3.96 8.08 -2.93 20.72 3.49 -1.32 7.15 0 0 0 -74.71 -19.76 75.4 22.46 -33.49 -6.84 -0 -0 2.84 36.98 21.9 15.69 -7.12 0 -0 9.12 56.47 2.58 0 0 0 68.55 15.94 65.78 -27.15 38.32 -9.59 0 0 12.9 -29.95 10.5 -5.99 7.12 -0 -0 -2.04 -17.91 -1.31
-2.14 13.99 -6.23 27.65 -78.49 -0.91 0 0 0 6.13 -15.77 -90.9 15.88 19.59 77.86 -0.07 -11.23 -6.84 0.01 -0.67 -1.84 0 0 0 -12.64 6.29 -86.47 -20.19 -20 90.57 -2.2 3.79 -27.17 -0.48 4.44 -12.32 -0.65 0.97 53.71 -0.88 -1.16 11.49 -0.07 -1.14 -8.15 -6.2 -1.13 -3.68 8.17 -2.88 21.28 3.51 -1.29 7.28 -0 0 0 -74.26 -18.34 76.39 22.76 -33.83 -7.01 -0 -0 4.18 40.46 23.86 19.04 -7.12 0 -0 13.36 59.65 4.83 -0 0 0 69.89 15.4 67.87 -26.5 37.7 -9.19 0 0 16.36 -31.53 11.05 -6.71 7.12 -0 -0 -3.08 -17.08 -2.04
-2 13.78 -6.26 27.93 -79.01 -2.09 0 0 0 6.7 -15.23 -91.62 16.47 19.7 79.64 -0.1 -11.65 -6.64 0 -0.15 -0.4 0 0 0 -12.76 6.21 -87.61 -20.81 -19.98 92.36 -2.2 4.94 -26.93 -0.36 3.87 -10.72 -0.36 0.89 53.87 -1.06 -1.16 11.43 -0.4 -1.13 -8.25 -6.01 -1.01 -3.5 8.2 -2.79 21.56 3.49 -1.24 7.33 0 -0 0 -74.14 -16.98 76.68 22.86 -33.94 -7.06 -0 -0 4.5 40.51 21.73 17.56 -7.12 0 -0 13.33 57.15 4.02 0 -0 0 71.11 14.65 69.16 -25.99 37.2 -8.88 0 0 16.46 -33.79 10.9 -7.21 7.12 -0 -0 -4.66 -16.96 -3.11
-1.86 13.58 -6.27 27.5 -79.14 -2.79 0 0 0 7.31 -15.19 -92.17 17.03 19.79 81.28 -0.11 -11.64 -6.47 0 0.04 0.1 0 0 0 -12.58 5.47 -88.47 -21.4 -19.95 94.09 -2.15 5.64 -26.56 -0.4 4.04 -11.2 0.33 0.5 53.92 -1.25 -1.3 11.52 -0.85 -1.19 -8.16 -5.78 -0.87 -3.56 8.16 -2.65 21.76 3.46 -1.16 7.39 0 0 0 -73.87 -15.61 76.44 23.32 -34.44 -7.32 -0 -0 5.35 43.96 21.45 19.42 -7.12 0 -0 17.61 57.72 5.6 0 0 0 71.81 13.54 69.3 -26.06 37.27 -8.93 0 0 16.94 -36.87 8.08 -6.02 7.12 -0 -0 -7.16 -19.95 -4.32
-1.71 13.38 -6.3 26.87 -79.2 -3.62 0 0 0 7.73 -15.06 -92.45 17.58 19.86 82.9 -0.14 -11.75 -6.09 0.01 0.54 1.47 0 0 0 -12.32 4.82 -88.97 -21.99 -19.9 95.84 -2.12 5.98 -26.34 -0.44 4.27 -11.84 0.55 0.39 54.04 -1.3 -1.38 11.76 -0.98 -1.24 -7.91 -5.28 -0.8 -3.83 8.05 -2.57 21.75 3.34 -1.09 7.42 -0 -0 0 -73.5 -14.64 76.11 23.74 -34.89 -7.56 -0 -0 5.63 45.71 21.96 20.97 -7.12 0 -0 20.03 58.84 6.95 -0 -0 0 72.11 12.62 69.54 -26.58 37.78 -9.24 0 0 16.14 -40.97 8.65 -7.44 7.12 -0 -0 -9.93 -18.68 -6.32
-1.56 13.16 -6.32 27.04 -79.02 -5.2 0 0 0 7.58 -15.09 -93.14 18.17 19.92 84.64 -0.01 -10.8 -7.38 0.24 -3.13 -8.63 0 0 0 -12.29 3.83 -89.6 -22.62 -19.84 97.67 -2.07 6.65 -25.89 -0.5 4.53 -12.57 0.55 0.32 53.39 -1.17 -1.5 12.31 -0.8 -1.33 -7.22 -4.56 -0.66 -3.8 7.38 -2.26 21.01 3 -0.94 7.14 0 -0 0 -73.99 -14.13 75.74 23.83 -34.99 -7.61 -0 -0 5.41 48.89 21.5 22.78 -7.12 0 -0 24.28 59.22 8.76 0 -0 0 71.68 11.91 69.56 -27.11 38.28 -9.57 0 0 16.94 -43.88 7.82 -7.45 7.12 -0 -0 -12.07 -19.32 -7.57
-1.41 12.94 -6.35 28.57 -79.48 -8.39 0 0 0 7.32 -14.33 -93.12 18.75 19.96 86.35 0.01 -10.89 -7.72 0.42 -4.18 -11.57 0 0 0 -12.47 3.7 -90.08 -23.22 -19.75 99.46 -2.02 7.09 -25.53 -0.56 4.8 -13.33 -0.31 1.07 52.46 -0.83 -1.13 13.14 -0.21 -1.24 -6.18 -4.66 -0.64 -4.47 7.14 -2.08 20.44 2.94 -0.87 7.06 -0 -0 0 -73.62 -13.33 74.95 24.95 -36.15 -8.26 -0 -0 4.78 52.39 22.74 26.64 -7.12 0 -0 30.29 61.87 13.08 -0 -0 0 70.87 11.58 69.39 -27.86 38.99 -10.04 0 0 16.94 -46.12 9.64 -9.88 7.12 -0 -0 -13.21 -16.43 -9.18
-1.25 12.71 -6.38 26.5 -79.97 -8.03 0 0 0 7.79 -13.35 -93.35 19.36 19.99 88.14 0.01 -10.95 -7.83 0.69 -5.32 -14.83 0 0 0 -12.05 3.79 -90.57 -23.82 -19.65 101.24 -2 7.17 -25.41 -0.69 5.31 -14.78 -0.48 1.83 50.95 -0.31 -0.4 14.37 0.11 -1 -4.63 -4.39 -0.54 -5.25 6.71 -1.71 18.77 2.76 -0.68 6.64 0 0 0 -73.54 -13.55 74.9 25.7 -36.91 -8.71 -0 -0 4.73 53.89 23.32 28.49 -7.12 0 -0 33.28 63.08 15.48 0 0 0 69.55 11.35 69.25 -28.94 39.96 -10.72 0 0 18.61 -48.21 11.51 -12.58 7.12 -0 -0 -14.14 -13.35 -10.84
-1.09 12.48 -6.43 27.1 -80.92 -10.62 0 0 0 7.95 -11.96 -93.07 19.98 20 89.93 -0.03 -11.57 -7.75 0.71 -5.38 -15 0 0 0 -11.98 4.42 -90.91 -24.39 -19.53 102.94 -1.92 7.49 -24.86 -0.69 5.32 -14.82 -1.82 3.29 49.37 0.58 0.6 15.75 1.29 -0.74 -2.93 -5.03 -0.53 -6.15 6.74 -1.38 16.42 2.87 -0.54 6.04 0 0 0 -73.45 -13.54 75.67 26.81 -38 -9.38 -0 -0 4.52 56.16 24.8 32.02 -7.12 0 -0 38.98 65.59 20.77 0 0 0 66.97 10.96 70.37 -30.94 41.68 -12.03 0 0 17.12 -49.66 11.03 -12.7 7.12 -0 -0 -15.17 -13.63 -11.59
-0.93 12.23 -6.47 27.87 -80.99 -12.95 0 0 0 9 -11.52 -93.15 20.41 20 91.21 -0.31 -12.8 -4.19 0.05 1.5 4.12 0 0 0 -12.26 4.05 -91.61 -25.02 -19.39 104.81 -1.85 7.77 -24.43 -0.75 5.54 -15.45 -1.41 3.01 48.68 -0.18 0.41 15.89 0.36 -0.76 -2.66 -4.43 -0.25 -6.47 7.24 -0.97 13.92 2.93 -0.27 5.29 0 0 0 -71.48 -11.64 75.92 28.38 -39.46 -10.36 -0 -0 4.47 54.76 23.41 29.36 -7.12 0 -0 34.93 63.48 16.67 0 0 0 67.35 9.22 71.33 -32.52 42.96 -13.09 0 0 17 -51.21 11.89 -14.37 7.12 -0 -0 -15.92 -11.92 -12.8
-0.76 11.97 -6.51 25.51 -80.87 -12.36 0 0 0 9.46 -11.24 -93.47 20.93 19.98 92.73 -0.34 -12.95 -3.75 0.02 0.83 2.29 0 0 0 -12.11 3.54 -92.03 -25.63 -19.22 106.66 -1.79 8.16 -23.98 -0.78 5.64 -15.75 -1.43 3.31 47.02 0.38 0.84 16.99 0.83 -0.61 -2.31 -4.4 -0.07 -6.51 6.67 -0.44 10.66 2.75 -0.05 4.27 -0 -0 0 -71.28 -10.21 77.15 29.69 -40.62 -11.21 -0 -0 4.01 56.8 24.16 32.03 -7.12 0 -0 39.64 65.05 20.69 -0 -0 0 66.12 7.29 71.1 -33.81 43.94 -13.98 0 0 17.28 -52.66 11.41 -14.55 7.12 -0 -0 -16.93 -12.14 -13.62
-0.6 11.7 -6.54 24.68 -80.17 -13.49 0 0 0 8.62 -11.82 -93.9 21.53 19.94 94.48 -0.07 -11.5 -7 1.04 -6.5 -18.23 0 0 0 -12.36 2.11 -92.23 -26.25 -19.04 108.57 -1.67 9.39 -23.15 -0.68 5.28 -14.7 -1.08 3.07 46.59 0.49 0.75 17.03 0.81 -0.64 -2.16 -4.43 0.2 -6.64 6.46 0.14 7.23 2.98 0.2 3.57 -0 0 0 -71.02 -8.7 78.13 30.59 -41.39 -11.8 -0 -0 3.42 58.04 24.68 33.79 -7.12 0 -0 42.91 66.05 23.64 -0 0 0 65.14 5.19 71.72 -35.68 45.29 -15.3 0 0 16.33 -52.92 11.79 -15.13 7.12 -0 -0 -16.99 -11.49 -13.91
-0.43 11.48 -6.57 22.58 -80.35 -13.92 0 0 0 9.32 -11.55 -93.15 22 19.9 95.86 -0.22 -12.53 -5.44 0.54 -4.7 -13.05 0 0 0 -12.11 2.07 -91.63 -26.7 -18.89 109.96 -1.56 9.9 -22.46 -0.64 5.12 -14.26 -0.69 3.22 46.59 0.52 1.06 17.02 0.53 -0.49 -2.17 -3.53 1 -6.55 5.45 1.32 4.21 2.45 0.76 2.44 -0 -0 0 -70.32 -7.06 79.21 31.97 -42.52 -12.72 -0 -0 2.3 57.67 25.23 33.97 -7.12 0 -0 42.78 66.58 24.05 -0 -0 0 64.67 3.07 72.38 -37.24 46.35 -16.41 0 0 15.48 -54.28 11.2 -15.11 7.12 -0 -0 -17.97 -11.9 -14.63
-0.27 11.27 -6.6 23.71 -80.3 -17.26 0 0 0 8.91 -11.58 -92.52 22.41 19.86 97.08 -0.18 -12.18 -5.83 1.06 -6.54 -18.36 0 0 0 -12.5 1.72 -91.25 -27.14 -18.73 111.31 -1.45 10.61 -21.74 -0.57 4.82 -13.4 -1.14 3.69 45.96 0.81 1.49 17.1 0.9 -0.33 -1.96 -3.56 1.65 -7 5.07 2.31 1.67 2.32 1.24 1.64 -0 -0 0 -69.72 -5.68 80.16 33.69 -43.86 -13.9 -0 -0 1.26 58.83 26.56 36.47 -7.12 0 -0 47.37 68.39 28.93 -0 -0 0 63.96 1.17 73.04 -38.76 47.31 -17.52 0 0 13.86 -55.13 11.19 -15.57 7.12 -0 -0 -18.47 -11.59 -15.22
-0.12 11.1 -6.64 20.74 -81.01 -16.86 0 0 0 9.38 -10.72 -91.2 22.72 19.82 97.99 -0.24 -12.64 -5.3 1.17 -6.85 -19.28 0 0 0 -11.8 2.53 -90.21 -27.42 -18.63 112.18 -1.39 10.9 -21.31 -0.55 4.73 -13.14 -0.63 4.38 45.77 0.8 2.53 16.86 0.25 0.2 -2.18 -1.94 2.41 -6.69 4.01 3.27 -0.41 1.67 1.69 0.9 -0 -0 0 -67.69 -4.67 82.41 35.51 -45.17 -15.18 -0 0 -0.66 59.16 26.55 36.83 -7.12 0 -0 48.21 68.47 29.62 -0 -0 0 64.45 -1.61 72.57 -40.73 48.49 -18.98 0 0 13.69 -55.06 10.53 -14.66 7.12 -0 -0 -18.62 -12.65 -14.92
0.04 10.91 -6.64 24.1 -79.94 -22.63 0 0 0 8.21 -11.99 -90.16 22.95 19.79 98.66 -0.23 -12.27 -5.07 1.31 -7.24 -20.44 0 0 0 -12.79 0.66 -89.31 -27.77 -18.48 113.29 -1.26 11.94 -20.53 -0.62 5.03 -13.99 -0.91 4.18 45.13 0.91 2.29 16.8 0.6 0.08 -2.12 -2.32 3.25 -8.82 3.21 4.46 -0.01 1.58 2.29 1.37 0 0 0 -67.03 -3.57 83.72 37.4 -46.45 -16.53 -0 0 -3.3 57.39 25.88 34.3 -7.12 0 -0 42.94 67.22 24.76 0 0 0 63.12 -3.57 73.61 -43.17 49.84 -20.83 0 0 10.4 -55.14 8.98 -12.64 7.12 -0 -0 -19.11 -15.05 -14.33
0.21 10.7 -6.68 10.2 -80.62 -10.8 0 0 0 10.88 -11.01 -90.27 23.27 19.74 99.6 -0.38 -13.18 -3.26 1.06 -6.53 -18.34 0 0 0 -10.22 1.37 -88.96 -28.04 -18.37 114.15 -1.23 11.59 -20.23 -0.58 4.88 -13.56 0.95 3.77 44.29 1.44 2.69 16.38 0.07 0.36 -2.33 -1.82 3.74 -9.57 2.08 5.1 -1.17 1.15 2.58 1.14 -0 0 0 -65.51 -2.67 85.3 39.65 -47.86 -18.18 -0 0 -6.67 57.01 25.5 33.54 -7.12 0 -0 41.6 66.68 23.38 -0 0 0 62.1 -5.19 75.03 -44.68 50.61 -21.99 0 0 9.63 -56.63 5.81 -8.75 7.12 -0 -0 -21.02 -19.76 -13.61
0.37 10.53 -6.68 17.04 -80.34 -21.16 0 0 0 8.9 -11.48 -87.65 23.57 19.69 100.49 -0.38 -13.07 -2.99 0.9 -6.05 -16.93 0 0 0 -11.49 0.36 -86.74 -28.33 -18.25 115.05 -1.07 13.05 -19.33 -0.61 4.99 -13.87 -0.1 4.28 44.14 1.53 2.89 16.45 0.64 0.39 -2.27 -1.83 4.09 -10.03 1.28 5.59 -1.67 0.92 2.81 1.07 0 -0 0 -64.76 -2.24 87.45 41.33 -48.84 -19.44 -0 0 -10.17 55.18 24.54 30.84 -7.12 0 -0 36.74 64.98 18.92 0 -0 0 61.18 -7.39 76.24 -45.77 51.14 -22.84 0 0 6.71 -57.14 9.11 -13.77 7.12 -0 -0 -20.28 -14.17 -15.73
0.52 10.34 -6.68 15.67 -80.26 -22.63 0 0 0 9.46 -11.62 -86.12 23.93 19.63 101.56 -0.56 -13.66 0.84 0.01 -0.52 -1.42 0 0 0 -11.54 -0.24 -85.33 -28.6 -18.13 115.92 -0.93 14.06 -18.58 -0.57 4.82 -13.39 0.58 4.14 43.23 1.52 3.07 16.33 0.23 0.53 -2.14 -2.52 4.33 -9.06 1.53 5.96 -3.06 1.07 3.01 0.43 -0 0 0 -63.23 -1.69 89.06 43.94 -50.24 -21.42 -0 0 -12.31 53.07 24.05 28.47 -7.12 0 -0 32.37 63.71 15.48 -0 0 0 60.45 -9.94 76.71 -47.54 51.95 -24.22 0 0 6.89 -58.41 9.44 -14.94 7.12 -0 -0 -20.92 -13.13 -16.81
0.64 10.24 -6.69 12.41 -79.99 -21.88 0 0 0 9.23 -11.73 -84.47 24.04 19.6 101.88 -0.56 -13.38 2.3 0 -0.11 -0.29 0 0 0 -11.09 -0.71 -83.43 -28.71 -18.07 116.29 -0.87 14.5 -18.21 -0.53 4.65 -12.92 0.97 3.98 42.23 1.77 3.12 16.23 0.28 0.59 -1.97 -2.1 4.44 -8.52 0.39 6.05 -3.95 0.61 3.04 0.1 -0 -0 0 -62.08 -1.19 89.81 46.67 -51.56 -23.54 -0 0 -14.93 50.36 21.55 23.92 -7.12 0 -0 26.45 59.74 9.94 -0 -0 0 59.95 -11.5 76.64 -49.69 52.87 -25.93 0 0 4.34 -55.88 10.42 -14.94 7.12 -0 -0 -19.14 -12.53 -15.44
0.76 10.21 -6.7 13.88 -79.9 -26.17 0 0 0 7.97 -11.76 -81.6 23.96 19.62 101.66 -0.52 -12.85 2.67 0 -0.08 -0.21 0 0 0 -11.25 -0.54 -80.74 -28.64 -18.11 116.05 -0.8 14.44 -17.62 -0.38 3.98 -11.03 0.15 4.11 41.5 1.68 2.99 16.3 0.66 0.5 -1.73 -1.39 4.85 -8.3 -0.13 6.53 -4.08 0.34 3.26 0.06 0 -0 0 -61.46 -0.16 88.26 48.5 -52.37 -24.98 -0 0 -18.57 44.65 21.41 19.83 -7.12 0 -0 18.49 57.88 5.96 0 -0 0 59.77 -11.28 76.95 -48.8 52.5 -25.22 0 0 4.27 -54.71 10.71 -14.7 7.12 -0 -0 -18.36 -12.5 -14.74
0.87 10.2 -6.72 11.57 -79.76 -26.04 0 0 0 7.47 -11.79 -80.34 23.98 19.62 101.71 -0.52 -12.85 2.32 0.16 -2.54 -7.01 0 0 0 -10.8 -0.23 -78.43 -28.53 -18.16 115.69 -0.73 14.11 -16.94 -0.35 3.78 -10.47 0.22 3.8 40.35 1.49 2.79 15.78 0.51 0.46 -1.96 -1.66 4.91 -7.65 0.89 6.64 -3.32 0.69 3.33 0.15 -0 0 0 -61 0.52 86.97 47.9 -52.11 -24.51 -0 0 -20.69 41.28 19.59 16.4 -7.12 0 -0 14.09 54.77 3.43 -0 0 0 60.09 -11.12 76.88 -46.44 51.45 -23.36 0 0 3.79 -52.76 10.86 -13.92 7.12 -0 -0 -17.13 -12.93 -13.5
0.94 10.12 -6.72 11.02 -79.55 -27.46 0 0 0 5.77 -11.41 -78.04 23.85 19.64 101.31 -0.5 -13.19 0.03 1.3 -7.23 -20.41 0 0 0 -10.92 -0.21 -76.92 -28.63 -18.11 116.01 -0.65 13.95 -16.27 -0.27 3.36 -9.29 -0.18 3.69 39.58 1.26 2.67 15.02 0.52 0.45 -2.57 -1.17 4.98 -7.87 1.03 6.69 -2.05 0.69 3.35 0.59 -0 -0 0 -60.48 0.55 86.03 46.18 -51.33 -23.15 -0 0 -21.71 33.24 16.65 10.63 -7.12 0 -0 5.39 49.58 0.61 -0 -0 0 60.8 -11.4 75.9 -43.78 50.16 -21.3 0 0 5.72 -50.41 9.23 -10.97 7.12 -0 -0 -16.09 -16.03 -11.49
1.01 10.08 -6.72 9.11 -79.38 -27.35 0 0 0 5.4 -11.4 -76.48 23.82 19.65 101.23 -0.53 -13.33 0.63 1.18 -6.91 -19.44 0 0 0 -10.7 -0.14 -75.15 -28.59 -18.13 115.89 -0.57 13.83 -15.54 -0.16 2.61 -7.19 -0.04 3.44 38.63 1.15 2.56 14.45 0.38 0.46 -2.9 -1 5.09 -8.06 0.74 6.82 -1.85 0.59 3.41 0.7 0 -0 0 -60.5 -0.2 85.02 43.29 -49.9 -20.92 -0 0 -21.07 29.27 16.35 8.96 -7.12 0 -0 1.46 48.56 0.13 0 -0 0 61.08 -11.53 74.58 -40.75 48.51 -19 0 0 7.2 -46.53 11.39 -11.77 7.12 -0 -0 -13.1 -13.96 -9.82
1.09 10.03 -6.72 4.08 -79.33 -23.74 0 0 0 6.08 -11.51 -75.85 23.84 19.64 101.28 -0.56 -13.38 1.89 0.98 -6.29 -17.64 0 0 0 -9.77 0.31 -73.91 -28.57 -18.14 115.84 -0.6 12.94 -15.39 -0.16 2.57 -7.1 0.8 2.96 37.85 1.16 2.4 13.8 0.01 0.46 -3.33 -1.49 5.3 -8.45 0.96 7.14 -2.13 0.75 3.57 0.65 -0 -0 0 -60.86 -1.23 84 39.1 -47.53 -17.77 -0 0 -18.38 27.68 15.58 8.02 -7.12 0 -0 0.02 47.46 0 -0 -0 0 61.73 -11.14 72.48 -36.77 46.04 -16.08 0 0 9.22 -41.99 9.23 -8.21 7.12 -0 -0 -10.53 -17.77 -6.93
1.15 10.01 -6.72 6.79 -78.93 -28.44 0 0 0 5.01 -11.64 -73.71 23.8 19.65 101.19 -0.54 -13 3.44 0.35 -3.8 -10.53 0 0 0 -10.37 0.49 -71.78 -28.53 -18.16 115.7 -0.6 12.5 -15.29 -0.2 2.86 -7.89 0.11 3.08 37.76 0.91 2.36 13.42 0.12 0.45 -3.74 -1.49 5.29 -8.91 1.02 7.13 -2.63 0.77 3.56 0.56 0 0 0 -62.25 -2.47 81.18 33.61 -43.8 -13.85 -0 0 -12.48 28.01 18.14 9.4 -7.12 0 -0 -0.07 50.33 -0.01 0 0 0 63.1 -10.65 67.75 -32.25 42.74 -12.91 0 0 11.56 -35.88 10.16 -7.27 7.12 -0 -0 -6.2 -17.55 -4.06
1.2 9.97 -6.73 2.05 -79.14 -24.88 0 0 0 5.79 -11.26 -73.07 23.85 19.64 101.31 -0.58 -13.33 4.18 0.29 -3.45 -9.53 0 0 0 -9.33 1.23 -70.81 -28.54 -18.15 115.73 -0.58 11.84 -14.83 -0.1 2.06 -5.67 0.59 2.85 37.17 0.98 2.34 13.03 -0.04 0.48 -3.95 -1.46 5.45 -9.67 0.57 7.32 -3.35 0.65 3.65 0.48 0 -0 0 -64.48 -3.28 74.57 28.47 -39.55 -10.42 -0 0 -5.01 25.59 18.89 8.81 -7.12 0 -0 -2.63 50.74 -0.37 0 -0 0 64.82 -9.67 61.55 -28.58 39.64 -10.49 0 0 14.7 -30.41 9.31 -5.43 7.12 -0 -0 -2.46 -19.22 -1.52
1.23 9.92 -6.74 3.46 -78.96 -27.39 0 0 0 4.9 -11.05 -72.01 23.85 19.64 101.31 -0.59 -13.52 3.63 0.55 -4.76 -13.22 0 0 0 -9.55 1.52 -69.95 -28.58 -18.13 115.86 -0.6 11.24 -14.82 -0.16 2.61 -7.19 0.02 2.95 36.7 0.79 2.3 12.82 0.07 0.47 -4.04 -1.68 5.47 -10.4 0.47 7.35 -4.16 0.65 3.66 0.34 0 0 0 -67.61 -4.52 64.96 23.3 -34.42 -7.31 -0 -0 3.19 22.73 17.84 7.31 -7.12 0 -0 -5.21 49.15 -0.53 0 0 0 67.01 -8.35 52.62 -24.92 36.12 -8.24 0 0 18.75 -28.96 6.56 -3.62 7.12 -0 -0 -1.62 -22.49 -0.88
1.28 9.89 -6.75 1.75 -79.11 -27.17 0 0 0 5.08 -10.79 -70.83 23.87 19.64 101.39 -0.6 -13.62 4.21 0.47 -4.38 -12.14 0 0 0 -9.15 2.16 -68.55 -28.58 -18.13 115.87 -0.54 11.22 -14.31 -0.06 1.59 -4.36 0.22 3 36.84 0.73 2.44 12.73 -0.15 0.55 -4.17 -1.65 5.39 -11.03 0.23 7.21 -5.02 0.57 3.58 0.18 0 -0 0 -71.08 -6.41 52.51 18.99 -29.4 -5.02 -0 -0 9.79 22.26 18.07 7.24 -7.12 0 -0 -5.71 49.32 -0.61 0 -0 0 69.18 -6.97 43.53 -22.3 33.31 -6.75 0 0 19.77 -27.63 8.71 -4.53 7.12 -0 -0 -0.53 -20.17 -0.31
1.32 9.84 -6.75 -4.12 -79.56 -22.23 0 0 0 6.3 -10.35 -70.47 23.95 19.62 101.62 -0.63 -13.91 4.77 0.42 -4.16 -11.52 0 0 0 -7.93 2.79 -67.85 -28.59 -18.13 115.88 -0.47 11.27 -13.54 -0 0.36 -0.99 1.22 2.87 36.47 0.86 2.65 12.59 -0.6 0.69 -4.16 -1.13 5.52 -11.71 -0.37 7.3 -5.45 0.32 3.6 0.19 0 -0 0 -74.05 -8.63 40.11 16.41 -26.08 -3.83 -0 -0 11.34 24.17 20.63 8.98 -7.12 0 -0 -4.52 52.35 -0.82 0 -0 0 70.88 -5.5 34.01 -20.68 31.45 -5.88 0 0 19.58 -27.09 8.87 -4.51 7.12 -0 -0 -0.12 -20.04 -0.07
1.35 9.82 -6.74 -1.99 -79.34 -25.44 0 0 0 5.32 -10.41 -69.33 23.99 19.61 101.73 -0.58 -13.34 4.95 0.36 -3.87 -10.71 0 0 0 -8.51 2.7 -66.84 -28.6 -18.13 115.92 -0.44 11.28 -13.31 -0.01 0.64 -1.75 0.94 2.97 36.35 0.68 2.68 12.61 -0.66 0.71 -4.11 -1.13 5.77 -12.34 -0.48 7.62 -5.6 0.32 3.75 0.25 0 0 0 -76.21 -10.16 30.44 16.06 -25.6 -3.67 -0 -0 8.92 25.46 21.95 10.09 -7.12 0 -0 -3.56 54 -0.79 0 0 0 71.36 -4.48 29.87 -20.51 31.25 -5.79 0 0 13.11 -30.48 5.31 -3.12 7.12 -0 -0 -2.81 -23.82 -1.44
1.37 9.79 -6.74 -0.89 -79.41 -27.34 0 0 0 4.89 -10.07 -68.58 24.01 19.61 101.8 -0.6 -13.57 4.79 0.45 -4.29 -11.9 0 0 0 -8.66 2.77 -66.22 -28.63 -18.11 116.02 -0.43 11.2 -13.15 -0.01 0.69 -1.91 0.69 3.17 36.27 0.56 2.86 12.55 -0.71 0.79 -4.15 -1.12 5.98 -12.67 -0.62 7.88 -5.96 0.29 3.87 0.19 -0 0 0 -76.97 -10.42 26.89 17.87 -27.99 -4.49 -0 -0 3.28 19.3 23.32 7.9 -7.12 0 -0 -10.41 54.23 -2.38 -0 0 0 71.26 -3.63 26.59 -20.92 31.74 -6.01 0 0 10.14 -30.94 5.35 -3.2 7.12 -0 -0 -3.15 -23.75 -1.62
1.38 9.78 -6.74 -2.01 -79.52 -26.6 0 0 0 5.08 -9.99 -68.26 24.02 19.61 101.84 -0.61 -13.71 4.83 0.47 -4.39 -12.19 0 0 0 -8.23 2.64 -65.9 -28.62 -18.11 116 -0.45 10.86 -13.23 -0.02 0.84 -2.3 0.99 3.21 35.79 0.57 3.04 12.52 -0.92 0.91 -4.14 -1.08 6.02 -13.04 -0.96 7.92 -5.97 0.19 3.88 0.26 -0 0 0 -76.74 -9.98 28.3 20.57 -31.33 -5.83 -0 0 -1.64 27.2 24.55 12.05 -7.12 0 -0 -2.51 57.14 -0.75 -0 0 0 70.69 -3.57 25.52 -22.5 33.54 -6.86 0 0 9.19 -30.55 4.77 -2.81 7.12 -0 -0 -2.9 -24.45 -1.44
1.39 9.77 -6.74 -0.89 -79.43 -27.94 0 0 0 4.85 -10.13 -67.97 23.94 19.62 101.6 -0.65 -14.14 4.62 0.48 -4.45 -12.35 0 0 0 -8.55 2.26 -65.83 -28.62 -18.12 116 -0.4 11.22 -12.79 -0.01 0.64 -1.77 0.73 3.34 35.61 0.57 3.16 12.31 -0.82 0.97 -4.32 -1.47 6.05 -13.09 -0.8 8 -6.24 0.3 3.93 0.17 -0 0 0 -75.9 -8.93 31.67 23.7 -34.84 -7.53 -0 0 -2.59 27.49 22.73 11.37 -7.12 0 -0 -1.64 55.25 -0.41 -0 0 0 69.38 -4.18 27.25 -24.97 36.17 -8.27 0 0 8.31 -28.33 7.16 -3.84 7.12 -0 -0 -1.12 -21.86 -0.62
1.39 9.77 -6.74 -1.91 -79.47 -27.11 0 0 0 4.98 -10.16 -67.7 23.94 19.62 101.58 -0.65 -14.15 4.46 0.55 -4.73 -13.14 0 0 0 -8.32 2.15 -65.59 -28.61 -18.12 115.94 -0.38 11.28 -12.67 -0.01 0.54 -1.47 1.04 3.34 35.35 0.55 3.29 12.23 -1.05 1.05 -4.3 -1.24 6.05 -13.14 -1.13 7.95 -6.58 0.16 3.89 0.09 0 0 0 -74.16 -8 36.3 26.86 -38.05 -9.41 -0 0 -0.42 27.24 21.93 10.89 -7.12 0 -0 -1.68 54.34 -0.39 0 0 0 68.51 -4.97 28.87 -27.52 38.67 -9.82 0 0 9.74 -31.46 5.89 -3.59 7.12 -0 -0 -3.49 -23.09 -1.85
1.4 9.78 -6.74 -3.58 -79.48 -25.53 0 0 0 5.32 -10.32 -67.71 23.95 19.62 101.63 -0.64 -14.05 4.54 0.56 -4.78 -13.28 0 0 0 -7.95 1.97 -65.42 -28.57 -18.14 115.84 -0.38 11.18 -12.59 -0.01 0.58 -1.59 1.66 3.29 35.03 0.56 3.44 12.22 -1.4 1.15 -4.15 -1.24 5.98 -13.28 -1.21 7.85 -6.86 0.13 3.84 0.02 0 0 0 -72.33 -7.18 41.2 29.71 -40.64 -11.22 -0 -0 1.27 26.76 21.03 10.26 -7.12 0 -0 -1.95 53.26 -0.4 0 0 0 67.06 -6.36 32.23 -31.01 41.75 -12.08 0 0 10.26 -32.05 5.64 -3.52 7.12 -0 -0 -3.95 -23.34 -2.06
1.39 9.78 -6.74 -4.1 -79.46 -24.89 0 0 0 5.51 -10.4 -67.75 23.95 19.62 101.62 -0.61 -13.73 4.76 0.36 -3.85 -10.67 0 0 0 -7.78 1.69 -65.64 -28.61 -18.12 115.94 -0.38 10.97 -12.52 -0.01 0.57 -1.58 1.92 3.2 34.99 0.4 3.42 12.08 -1.7 1.16 -4.27 -1.18 6.07 -13.06 -1.41 7.92 -7.58 0.03 3.87 -0.23 -0 -0 0 -70 -5.87 46.1 32.67 -43.08 -13.2 -0 -0 0.67 25.77 21.13 9.87 -7.12 0 -0 -3.01 53.18 -0.61 -0 -0 0 65.3 -7.51 37.66 -34.25 44.27 -14.29 0 0 11.25 -34.51 5.88 -4.03 7.12 -0 -0 -5.73 -22.87 -3.07
1.38 9.79 -6.76 0.13 -79.25 -28.89 0 0 0 4.78 -10.51 -67.8 23.91 19.63 101.51 -0.61 -13.64 4.84 0.36 -3.85 -10.66 0 0 0 -8.65 1.5 -66.12 -28.66 -18.1 116.13 -0.36 10.99 -12.32 -0.02 0.81 -2.21 0.81 3.54 34.92 0.29 3.48 12.04 -1.26 1.17 -4.34 -1.17 6.15 -12.94 -1.75 8 -8.19 -0.09 3.91 -0.42 -0 -0 0 -68.02 -3.78 50.52 36.05 -45.55 -15.56 -0 -0 0.05 24.98 20.51 9.27 -7.12 0 -0 -3.66 52.36 -0.66 -0 -0 0 64.28 -8.6 41.08 -37.2 46.32 -16.38 0 0 13.91 -33.02 10.68 -6.86 7.12 -0 -0 -4.15 -17.33 -2.73
1.35 9.8 -6.75 0.99 -79.42 -29.73 0 0 0 4.69 -10.51 -67.61 23.94 19.62 101.59 -0.58 -13.3 4.69 0.32 -3.64 -10.06 0 0 0 -8.66 1.47 -66.23 -28.69 -18.08 116.21 -0.38 10.71 -12.46 -0.02 0.91 -2.51 0.89 3.6 34.9 0.25 3.56 12.22 -1.36 1.2 -4.14 -1.31 6.13 -12.98 -2.17 7.93 -8.95 -0.21 3.87 -0.64 0 -0 0 -65.84 -1.66 55.16 39.5 -47.77 -18.07 -0 -0 0.45 25.17 19.66 8.99 -7.12 0 -0 -3.24 51.5 -0.52 0 -0 0 62.64 -10.48 46.26 -41.21 48.77 -19.34 0 0 16.6 -34.74 8.98 -6.18 7.12 -0 -0 -5.55 -19.12 -3.44
1.33 9.8 -6.75 0.72 -79.43 -29.22 0 0 0 4.75 -10.48 -67.98 24 19.61 101.76 -0.6 -13.6 4.24 0.51 -4.58 -12.7 0 0 0 -8.67 1.51 -66.55 -28.74 -18.06 116.38 -0.37 10.71 -12.35 -0 0.28 -0.76 1.07 3.54 34.91 0.18 3.53 12.34 -1.51 1.19 -4 -0.77 6.31 -13.4 -3.14 8.04 -9.41 -0.58 3.9 -0.66 0 -0 0 -63.45 0.64 59.68 42.65 -49.56 -20.43 -0 -0 3.51 26.55 18.43 8.97 -7.12 0 -0 -1.58 50.4 -0.21 0 -0 0 61.48 -12.15 50.84 -44.3 50.42 -21.7 0 0 17.49 -36.25 9.5 -6.9 7.12 -0 -0 -6.54 -18.3 -4.18
1.32 9.79 -6.74 -2.16 -79.73 -26.08 0 0 0 5.56 -10.27 -68.62 24.13 19.59 102.15 -0.59 -13.44 4.48 0.47 -4.39 -12.18 0 0 0 -8 1.77 -66.92 -28.77 -18.05 116.47 -0.39 10.41 -12.41 -0 0.14 -0.37 1.73 3.42 35.06 0.39 3.6 12.34 -1.67 1.23 -4.02 -0.76 6.48 -13.14 -3.76 8.19 -10.16 -0.79 3.97 -0.9 0 -0 0 -61.8 3.45 63.84 45.37 -50.95 -22.52 -0 -0 6.91 28.01 17.51 9.09 -7.12 0 -0 0.04 49.64 0 0 -0 0 60.22 -14.38 55.48 -47.39 51.89 -24.1 0 0 17.83 -38.4 8.36 -6.58 7.12 -0 -0 -8.19 -19.41 -5.06
1.32 9.82 -6.73 -1.18 -79.83 -26.83 0 0 0 6.22 -10.88 -68.55 24.07 19.6 101.97 -0.46 -12.14 6.63 0.02 0.87 2.38 0 0 0 -8.1 1.76 -66.86 -28.69 -18.08 116.23 -0.4 10.45 -12.55 -0 0.41 -1.14 1.54 3.56 35.13 0.61 3.7 12.51 -1.37 1.26 -3.88 -0.63 6.7 -12.96 -4.78 8.38 -10.95 -1.14 4.07 -1.13 -0 0 0 -60.91 6.16 67.37 46.87 -51.65 -23.69 -0 -0 9.42 29.18 16.29 8.9 -7.12 0 -0 1.38 48.48 0.12 -0 0 0 59.02 -16.75 59.11 -49.72 52.88 -25.95 0 0 18.96 -40.41 7.67 -6.48 7.12 -0 -0 -9.71 -20.02 -5.88
1.28 9.81 -6.71 -2.59 -80.07 -25.21 0 0 0 5.97 -10.35 -68.72 24.15 19.58 102.23 -0.58 -13.37 4.36 0.34 -3.73 -10.33 0 0 0 -7.82 1.89 -67.09 -28.75 -18.05 116.42 -0.42 10.48 -12.73 -0.01 0.57 -1.56 2.03 3.49 35.19 0.72 3.74 12.75 -1.52 1.28 -3.61 -0.43 6.91 -12.86 -5.32 8.55 -11.72 -1.36 4.15 -1.36 -0 -0 0 -59.76 8.83 70.88 47.65 -52 -24.31 -0 -0 11.48 32 16.38 10 -7.12 0 -0 4.16 49.05 0.42 -0 -0 0 58.55 -19.01 62.35 -51.16 53.45 -27.1 0 0 20.19 -42.74 6.57 -6.03 7.12 -0 -0 -11.52 -21.14 -6.72
1.27 9.81 -6.7 -3.19 -80.22 -24.33 0 0 0 6.37 -10.41 -69.01 24.21 19.57 102.4 -0.57 -13.2 4.59 0.25 -3.2 -8.85 0 0 0 -7.68 2.05 -67.36 -28.76 -18.05 116.45 -0.42 10.48 -12.77 -0 0.36 -0.98 2.19 3.5 35.52 0.74 3.79 12.79 -1.61 1.3 -3.68 0.48 7.14 -12.44 -6.31 8.65 -12.38 -1.85 4.18 -1.55 0 -0 0 -58.46 11.59 74.35 48.24 -52.26 -24.78 -0 -0 12.44 39.77 19.87 15.8 -7.12 0 -0 12.36 54.73 2.99 0 -0 0 58.63 -21.53 65.14 -51.81 53.7 -27.63 0 0 21.53 -45.84 5.17 -5.3 7.12 -0 -0 -13.96 -22.63 -7.74
1.26 9.82 -6.7 -3.52 -80.22 -23.9 0 0 0 6.4 -10.46 -69.11 24.23 19.56 102.47 -0.57 -13.3 4.28 0.33 -3.72 -10.29 0 0 0 -7.57 2 -67.37 -28.76 -18.05 116.44 -0.44 10.38 -12.97 -0.01 0.56 -1.55 2.15 3.47 35.69 0.94 3.71 13.02 -1.35 1.24 -3.49 0.72 7.25 -11.73 -7.05 8.66 -13.35 -2.19 4.2 -1.94 0 -0 0 -58.62 14.29 76.01 47.79 -52.06 -24.42 -0 -0 13.8 40.54 13.57 11.35 -7.12 0 -0 12.68 47.2 0.7 0 -0 0 58.6 -23.78 67.11 -52.26 53.87 -27.99 0 0 22.62 -48.44 5.12 -5.75 7.12 -0 -0 -15.79 -22.35 -8.93
1.24 9.83 -6.7 -1.79 -80.17 -25.31 0 0 0 6.05 -10.44 -69.24 24.22 19.57 102.44 -0.58 -13.33 3.91 0.36 -3.85 -10.66 0 0 0 -7.98 2.15 -67.62 -28.78 -18.04 116.52 -0.46 10.47 -13.24 -0.01 0.56 -1.54 1.56 3.6 35.67 1.14 3.66 13.22 -0.81 1.18 -3.33 0.82 7.46 -11.04 -7.51 8.86 -13.93 -2.4 4.32 -2.21 -0 0 0 -59.22 16.77 76.87 47.39 -51.89 -24.11 -0 -0 13.58 43.11 15.43 13.99 -7.12 0 -0 15.59 50.04 1.98 -0 0 0 58.75 -25.87 68.5 -52.64 54.01 -28.29 0 0 23.36 -51.2 2.33 -2.9 7.12 -0 -0 -18.44 -26.15 -8.87
1.24 9.83 -6.7 -2.4 -80.26 -24.53 0 0 0 6.24 -10.4 -69.46 24.21 19.57 102.41 -0.57 -13.26 3.99 0.37 -3.93 -10.87 0 0 0 -7.81 2.35 -67.74 -28.77 -18.05 116.47 -0.47 10.28 -13.23 -0.01 0.62 -1.71 1.79 3.52 35.66 1.22 3.58 13.56 -0.81 1.14 -2.94 1.04 7.56 -10.36 -8 8.9 -14.62 -2.66 4.36 -2.52 0 -0 0 -59.97 18.47 77.27 47.05 -51.73 -23.84 -0 -0 14.15 44.36 15.18 14.36 -7.12 0 -0 16.88 50 2.13 0 -0 0 59.68 -27.36 69.21 -52.66 54.01 -28.31 0 0 23.83 -52.52 2.28 -2.96 7.12 -0 -0 -19.4 -26.11 -9.4
1.24 9.85 -6.7 -1.31 -80.16 -25.56 0 0 0 6.05 -10.5 -69.39 24.21 19.57 102.4 -0.57 -13.22 4.07 0.29 -3.46 -9.56 0 0 0 -8.06 2.28 -67.65 -28.75 -18.06 116.41 -0.46 10.49 -13.19 -0 0.34 -0.94 2.04 3.48 35.91 1.11 3.58 13.73 -1.06 1.14 -2.82 1.25 7.48 -9.89 -8.08 8.81 -14.5 -2.74 4.32 -2.55 -0 -0 0 -60.48 19.44 78.03 46.53 -51.49 -23.43 -0 -0 14.09 45.36 15.18 14.85 -7.12 0 -0 17.98 50.22 2.38 -0 -0 0 61.28 -28.89 69.41 -52.49 53.95 -28.17 0 0 23.6 -53.37 1.03 -1.39 7.12 -0 -0 -20.4 -27.98 -8.98
1.24 9.84 -6.72 -2.23 -80.14 -24.45 0 0 0 6.3 -10.41 -69.78 24.21 19.57 102.4 -0.57 -13.24 4.19 0.37 -3.9 -10.8 0 0 0 -7.81 2.34 -67.96 -28.77 -18.05 116.48 -0.48 10.23 -13.3 -0 0.4 -1.09 1.79 3.46 35.98 1.28 3.46 13.8 -0.71 1.06 -2.79 1.61 7.7 -9.02 -8.2 9.1 -14.56 -2.88 4.48 -2.69 -0 0 0 -61.76 20.02 78.53 45.46 -50.99 -22.6 -0 -0 13.9 45.84 15.14 15.06 -7.12 0 -0 18.49 50.28 2.48 -0 0 0 62.01 -29.55 70.63 -52.66 54.01 -28.31 0 0 22.81 -50.88 6.05 -7.38 7.12 -0 -0 -17.21 -20.61 -10.53
1.24 9.84 -6.72 -2.35 -80.14 -24.25 0 0 0 6.24 -10.34 -69.81 24.18 19.57 102.32 -0.58 -13.43 3.76 0.53 -4.65 -12.91 0 0 0 -7.77 2.32 -68.07 -28.78 -18.04 116.5 -0.48 10.2 -13.31 -0 0.38 -1.04 1.8 3.31 36.26 1.31 3.28 13.76 -0.64 0.96 -2.94 1.54 7.85 -8.8 -7.96 9.39 -13.82 -2.76 4.63 -2.47 0 -0 0 -63.13 20 79.36 44.18 -50.36 -21.61 -0 -0 13.44 46.56 15.66 15.91 -7.12 0 -0 19.42 51.12 3.03 0 -0 0 62.85 -29.82 71.69 -52.52 53.96 -28.2 0 0 22.53 -49.88 7.31 -8.58 7.12 -0 -0 -16.22 -18.95 -10.5
1.25 9.84 -6.72 -2.19 -80.12 -24.34 0 0 0 6.19 -10.23 -69.87 24.17 19.58 102.27 -0.55 -13.05 3.49 0.65 -5.16 -14.37 0 0 0 -7.82 2.34 -68.19 -28.78 -18.04 116.51 -0.47 10.2 -13.25 -0 0.34 -0.93 2.05 3.21 36.34 1.34 3.22 13.81 -0.71 0.94 -2.9 1.32 7.94 -8.85 -7.72 9.65 -12.74 -2.59 4.76 -2.11 -0 0 0 -64.59 18.88 80.72 42.07 -49.25 -20 -0 -0 13.58 46.07 14.97 15.01 -7.12 0 -0 18.7 50.11 2.43 -0 0 0 64.19 -29.64 72.24 -51.53 53.59 -27.4 0 0 23.55 -50.13 8.48 -10.01 7.12 -0 -0 -16.1 -17.19 -11.07
1.25 9.84 -6.72 -2 -80.14 -24.6 0 0 0 6.04 -9.98 -69.91 24.19 19.57 102.32 -0.61 -13.69 3.8 0.63 -5.06 -14.08 0 0 0 -7.92 2.35 -68.13 -28.79 -18.04 116.53 -0.46 10.35 -13.12 -0 0.13 -0.36 2.12 3.07 36.48 1.24 3.04 13.88 -0.8 0.85 -2.86 1.78 8.19 -9.01 -7.74 10.03 -11.76 -2.61 4.93 -1.71 0 -0 0 -66.02 17.57 81.37 39.62 -47.84 -18.16 -0 -0 12.64 46.33 16.02 16.12 -7.12 0 -0 19.26 51.53 3.2 0 -0 0 65.58 -28.87 73.27 -50.23 53.09 -26.36 0 0 24.6 -51.77 5.7 -7.18 7.12 -0 -0 -17.9 -20.98 -10.84
1.25 9.83 -6.72 -1.75 -80.23 -24.94 0 0 0 6.05 -9.65 -69.89 24.19 19.57 102.34 -0.61 -13.69 4.24 0.52 -4.63 -12.86 0 0 0 -7.87 2.47 -68.15 -28.81 -18.03 116.59 -0.47 10.24 -13.2 -0 0.17 -0.47 2.04 3.09 36.64 1.28 3.04 13.92 -0.71 0.84 -2.87 1.96 8.29 -9.3 -7.62 10.23 -10.76 -2.54 5.01 -1.32 0 0 0 -67.35 16.23 82.04 37.46 -46.49 -16.57 -0 -0 10.38 48.16 16.28 17.39 -7.12 0 -0 21.44 52.33 4.02 0 0 0 66.64 -28.02 73.95 -49.78 52.91 -26 0 0 22.57 -51.56 5.27 -6.6 7.12 -0 -0 -17.88 -21.65 -10.53
1.25 9.83 -6.72 -0.79 -80.2 -26.02 0 0 0 5.76 -9.51 -69.64 24.17 19.58 102.29 -0.63 -13.89 4.15 0.55 -4.76 -13.24 0 0 0 -7.96 2.34 -67.99 -28.81 -18.02 116.62 -0.5 10.06 -13.49 -0.01 0.69 -1.9 1.85 3.08 36.6 1.41 2.95 14.04 -0.44 0.78 -2.75 1.94 8.39 -9.27 -7.85 10.38 -10.37 -2.6 5.09 -1.18 0 -0 0 -68.67 14.84 81.67 35.09 -44.87 -14.87 -0 -0 12.47 47.59 14.53 15.36 -7.12 0 -0 20.24 49.88 2.53 0 -0 0 67.85 -27.19 73.3 -48.39 52.32 -24.89 0 0 21.19 -51.21 5.41 -6.69 7.12 -0 -0 -17.6 -21.51 -10.41
1.25 9.83 -6.71 0.06 -80.28 -26.92 0 0 0 5.58 -9.22 -69.64 24.2 19.57 102.37 -0.64 -14.08 3.89 0.66 -5.19 -14.45 0 0 0 -8.08 2.16 -68.06 -28.83 -18.02 116.66 -0.48 10.2 -13.36 -0.01 0.73 -2 1.63 3.14 36.54 1.57 2.93 14.19 -0.16 0.74 -2.6 1.58 8.35 -8.94 -7.79 10.34 -10.68 -2.54 5.09 -1.36 0 0 0 -69.47 13.66 82.44 33.36 -43.61 -13.67 -0 -0 11.49 49.48 14.59 16.42 -7.12 0 -0 22.37 50.42 3.12 0 0 0 68.28 -26.63 72.3 -46.98 51.7 -23.79 0 0 22.92 -51.22 7.13 -8.78 7.12 -0 -0 -17.15 -18.93 -11.17
1.25 9.82 -6.72 -0.51 -80.27 -26.3 0 0 0 5.71 -9.27 -69.69 24.19 19.57 102.34 -0.64 -14.07 3.99 0.59 -4.92 -13.68 0 0 0 -7.99 1.89 -68.17 -28.82 -18.02 116.62 -0.47 10.37 -13.24 -0.01 0.59 -1.63 1.82 3.09 36.43 1.46 2.91 14.32 -0.36 0.74 -2.4 2.15 8.41 -9.2 -7.85 10.37 -10.71 -2.64 5.08 -1.29 0 -0 0 -68.96 12.88 83.92 33.27 -43.53 -13.61 -0 -0 10.43 50.3 13.71 15.93 -7.12 0 -0 22.96 49.43 2.63 0 -0 0 68.13 -26.32 73.07 -46.39 51.43 -23.32 0 0 23.55 -51.92 5.91 -7.48 7.12 -0 -0 -17.94 -20.63 -11.01
1.26 9.82 -6.71 -0.33 -80.33 -26.42 0 0 0 5.72 -9.15 -69.8 24.19 19.57 102.33 -0.64 -14.03 4.2 0.57 -4.82 -13.4 0 0 0 -7.98 1.9 -68.26 -28.81 -18.03 116.59 -0.48 10.29 -13.31 -0.02 0.81 -2.22 1.67 3.07 36.4 1.51 2.81 14.48 -0.19 0.68 -2.23 1.99 8.46 -9.11 -7.74 10.41 -11.33 -2.61 5.11 -1.52 -0 0 0 -68.91 12.44 84.93 33.4 -43.63 -13.7 -0 -0 9.43 51.13 14.64 17.41 -7.12 0 -0 24.28 50.92 3.73 -0 0 0 67.09 -25.56 75.25 -47.08 51.75 -23.86 0 0 22.26 -51.64 5.87 -7.36 7.12 -0 -0 -17.77 -20.74 -10.85
1.27 9.82 -6.72 1.47 -80.18 -28.13 0 0 0 5.19 -9.2 -69.83 24.14 19.58 102.2 -0.63 -13.97 3.68 0.79 -5.68 -15.86 0 0 0 -8.4 1.78 -68.42 -28.8 -18.03 116.59 -0.45 10.44 -13.11 -0.02 0.82 -2.25 1.39 3.12 36.43 1.46 2.76 14.59 -0.08 0.64 -2.13 1.94 8.51 -9.04 -7.71 10.46 -11.7 -2.61 5.14 -1.66 -0 -0 0 -68.79 12.04 85.84 33.65 -43.82 -13.87 -0 -0 8.73 51.96 15.07 18.39 -7.12 0 -0 25.47 51.74 4.47 -0 -0 0 66.41 -24.94 76.92 -47.59 51.98 -24.26 0 0 20.76 -51.34 5.4 -6.71 7.12 -0 -0 -17.69 -21.5 -10.47
1.29 9.82 -6.72 2.37 -80.21 -29.27 0 0 0 4.99 -9.16 -69.49 24.11 19.59 102.1 -0.63 -13.93 3.69 0.75 -5.54 -15.46 0 0 0 -8.53 1.87 -68.18 -28.78 -18.04 116.51 -0.45 10.46 -13.07 -0.02 0.8 -2.2 1.4 3.26 36.68 1.48 2.89 14.81 -0.12 0.69 -1.97 1.97 8.48 -9.05 -7.76 10.4 -11.83 -2.64 5.11 -1.7 -0 0 0 -68.51 11.19 87.39 33.62 -43.8 -13.85 -0 -0 7.58 52.72 14.18 17.84 -7.12 0 -0 25.94 50.73 3.89 -0 0 0 66.06 -24.56 77.86 -47.94 52.13 -24.54 0 0 19.9 -52.15 4.15 -5.32 7.12 -0 -0 -18.59 -23.27 -10.27
1.29 9.82 -6.72 4.35 -79.92 -31.3 0 0 0 4.42 -9.36 -69.32 24.07 19.6 101.98 -0.62 -13.85 3.56 0.78 -5.64 -15.76 0 0 0 -9.05 1.53 -68.07 -28.77 -18.05 116.48 -0.43 10.79 -12.98 -0 0.41 -1.12 1.1 3.34 36.63 1.34 2.84 15.1 -0.07 0.64 -1.64 2.25 8.49 -8.97 -7.88 10.37 -12.19 -2.74 5.09 -1.81 -0 0 0 -68.35 10.07 88.62 33.21 -43.49 -13.57 -0 -0 5.84 53.06 14.14 18 -7.12 0 -0 26.32 50.76 3.97 -0 0 0 65.6 -23.94 79.2 -48.73 52.47 -25.16 0 0 18.63 -49.96 7.01 -8.26 7.12 -0 -0 -16.35 -19.37 -10.43
1.3 9.79 -6.74 0.18 -80.25 -27.12 0 0 0 5.57 -9.08 -69.77 24.12 19.59 102.11 -0.65 -14.12 4.18 0.68 -5.26 -14.66 0 0 0 -8.01 1.75 -68.35 -28.8 -18.03 116.57 -0.45 10.36 -13.03 -0 0.42 -1.17 1.6 3.44 36.81 1.72 3.15 15.15 -0.05 0.79 -1.64 1.8 8.52 -8.69 -7.54 10.46 -12.29 -2.57 5.16 -1.93 -0 0 0 -67.93 8.87 90.59 33.28 -43.55 -13.62 -0 -0 4.21 54.25 15.01 19.79 -7.12 0 -0 28.24 52.32 5.45 -0 0 0 64.71 -23.62 80.57 -50.16 53.06 -26.3 0 0 16.78 -48.79 6.61 -7.49 7.12 -0 -0 -15.67 -20.17 -9.67
1.31 9.79 -6.75 -1.39 -80.19 -25.56 0 0 0 5.86 -9.22 -69.93 24.11 19.59 102.1 -0.65 -14.11 4.33 0.7 -5.34 -14.88 0 0 0 -7.69 1.6 -68.34 -28.79 -18.04 116.54 -0.45 10.32 -13.04 -0 0.42 -1.16 2.12 3.43 36.52 1.61 3.26 15.47 -0.45 0.88 -1.16 2.24 8.64 -8.41 -7.56 10.61 -12.32 -2.67 5.22 -1.95 0 0 0 -66.92 7.54 92 33.64 -43.82 -13.87 -0 -0 3.18 54.26 14.61 19.32 -7.12 0 -0 28.03 51.77 5 0 0 0 65.1 -22.98 80.99 -50.13 53.05 -26.28 0 0 15.52 -48.65 6.36 -7.18 7.12 -0 -0 -15.63 -20.54 -9.51
1.31 9.79 -6.76 -0.15 -80.1 -26.85 0 0 0 5.57 -9.26 -69.7 24.07 19.6 101.98 -0.65 -14.13 4.25 0.73 -5.46 -15.24 0 0 0 -7.93 1.51 -68.29 -28.79 -18.04 116.55 -0.44 10.34 -12.97 -0.01 0.68 -1.88 2.01 3.6 36.43 1.58 3.41 15.63 -0.47 0.95 -0.96 2.45 8.96 -7.87 -7.78 11.06 -12.03 -2.78 5.46 -1.9 0 -0 0 -66.57 6.79 92.98 33.68 -43.85 -13.89 -0 -0 2.67 54.48 15.02 19.96 -7.12 0 -0 28.54 52.41 5.58 0 -0 0 65 -22.54 81.72 -50.12 53.04 -26.27 0 0 14 -48.96 6.8 -7.74 7.12 -0 -0 -15.74 -19.86 -9.83
1.31 9.8 -6.76 0.16 -80 -27.27 0 0 0 5.31 -9.19 -69.55 24.04 19.6 101.89 -0.65 -14.19 3.88 0.91 -6.08 -17.01 0 0 0 -7.98 1.36 -68.16 -28.79 -18.04 116.54 -0.44 10.39 -12.97 -0.01 0.66 -1.82 2.08 3.76 36.46 1.56 3.62 15.76 -0.59 1.06 -0.82 2.48 9.65 -8.05 -7.56 12.1 -10.86 -2.61 5.98 -1.45 0 -0 0 -66.12 5.71 94.35 33.66 -43.83 -13.88 -0 -0 1.76 54.58 15.41 20.49 -7.12 0 -0 28.89 52.98 6.08 0 -0 0 65.07 -22.25 82.29 -50.16 53.06 -26.3 0 0 12.03 -49.2 6.73 -7.73 7.12 -0 -0 -15.91 -19.92 -9.93
1.31 9.8 -6.77 -0.96 -79.94 -26.07 0 0 0 5.57 -9.09 -69.82 24.05 19.6 101.91 -0.67 -14.37 4.35 0.78 -5.66 -15.79 0 0 0 -7.71 1.12 -68.21 -28.79 -18.04 116.53 -0.46 10.25 -13.1 -0.02 0.82 -2.26 2.3 3.83 36.36 1.75 3.79 15.79 -0.55 1.15 -0.75 2.18 10.27 -7.98 -7.41 13.04 -9.73 -2.44 6.46 -1.08 -0 -0 0 -65.9 4.82 95.63 33.79 -43.93 -13.97 -0 -0 0.98 54.54 15.27 20.3 -7.12 0 -0 28.76 52.78 5.9 -0 -0 0 64.89 -21.93 82.9 -50.11 53.04 -26.26 0 0 8.99 -48.96 7.64 -8.68 7.12 -0 -0 -15.53 -18.65 -10.13
1.31 9.8 -6.77 -2.29 -80.01 -24.55 0 0 0 5.9 -8.87 -70.14 24.03 19.61 101.86 -0.68 -14.47 4.77 0.67 -5.22 -14.53 0 0 0 -7.53 1.11 -68.48 -28.8 -18.03 116.59 -0.43 10.46 -12.89 -0 0.37 -1.02 2.55 3.93 36.18 1.86 4.01 15.79 -0.63 1.27 -0.68 1.91 10.59 -7.91 -6.98 13.58 -8.83 -2.21 6.73 -0.83 -0 -0 0 -65.6 4.08 96.52 33.89 -44.01 -14.04 -0 -0 0.34 54.48 15.43 20.44 -7.12 0 -0 28.78 52.98 6.05 -0 -0 0 65.17 -21.7 83.18 -49.4 52.75 -25.7 0 0 5.59 -49.73 9.21 -10.7 7.12 -0 -0 -15.66 -16.22 -11.09
1.31 9.79 -6.77 -2 -79.95 -24.78 0 0 0 5.73 -8.86 -70.2 24.05 19.6 101.92 -0.69 -14.57 4.35 0.79 -5.66 -15.8 0 0 0 -7.65 0.98 -68.61 -28.81 -18.03 116.61 -0.43 10.46 -12.92 -0 0.37 -1.03 2.52 4.03 36.35 1.87 4.13 15.74 -0.66 1.33 -0.78 1.5 10.89 -8.35 -6.23 14.09 -7.7 -1.83 6.99 -0.47 -0 0 0 -65.37 3.81 96.69 34.01 -44.09 -14.12 -0 -0 0.46 54.48 15.26 20.24 -7.12 0 -0 28.68 52.74 5.85 -0 0 0 65.48 -21.28 83.89 -48.56 52.4 -25.03 0 0 1.81 -51.84 7.17 -9.02 7.12 -0 -0 -17.54 -18.74 -11.53
1.31 9.79 -6.77 -0.95 -79.84 -25.76 0 0 0 5.55 -8.72 -70.3 24.04 19.6 101.88 -0.69 -14.57 4.84 0.62 -5.05 -14.04 0 0 0 -7.88 0.76 -68.74 -28.83 -18.02 116.66 -0.43 10.56 -12.88 -0.01 0.49 -1.36 2.34 4.22 36.44 1.89 4.31 15.82 -0.6 1.4 -0.74 1.17 10.95 -8.95 -5.94 14.24 -6.99 -1.62 7.05 -0.19 -0 -0 0 -65.14 3.52 96.76 34.37 -44.36 -14.37 -0 -0 0.57 54.27 15.28 20.12 -7.12 0 -0 28.43 52.7 5.76 -0 -0 0 65.51 -20.83 84.85 -47.86 52.09 -24.47 0 0 0.12 -52.62 8.91 -11.46 7.12 -0 -0 -17.57 -15.91 -12.7
1.31 9.79 -6.77 -1.07 -79.74 -25.65 0 0 0 5.47 -8.75 -70.31 24.03 19.61 101.85 -0.7 -14.65 4.8 0.65 -5.15 -14.33 0 0 0 -7.91 0.61 -68.66 -28.81 -18.02 116.62 -0.43 10.66 -12.93 -0 0.41 -1.14 2.42 4.36 36.5 2.01 4.49 15.92 -0.57 1.49 -0.65 0.97 10.9 -9.05 -5.75 14.19 -7.01 -1.53 7.03 -0.21 -0 0 0 -65.23 3.28 96.78 34.54 -44.48 -14.49 -0 -0 0.89 54.2 15.51 20.35 -7.12 0 -0 28.47 53.01 6 -0 0 0 65.48 -20.48 85.72 -47.42 51.9 -24.13 0 -0 -1.52 -53.64 9.03 -12.03 7.12 -0 -0 -18.18 -15.44 -13.38
1.31 9.8 -6.76 0.78 -79.44 -27.58 0 0 0 4.81 -8.92 -70.1 23.99 19.61 101.74 -0.69 -14.54 4.51 0.75 -5.54 -15.45 0 0 0 -8.42 0.23 -68.54 -28.82 -18.02 116.64 -0.43 10.75 -13 -0.01 0.73 -2.01 2.22 4.56 36.67 1.98 4.66 16.05 -0.55 1.56 -0.57 0.9 10.91 -9.39 -5.52 14.22 -6.87 -1.43 7.04 -0.14 -0 0 0 -65.01 2.91 97.48 34.73 -44.62 -14.62 -0 -0 2.11 56.62 18.41 25.61 -7.12 0 -0 33.9 57.75 11.45 -0 0 0 65.68 -20.29 86.08 -46.99 51.71 -23.79 0 -0 -2.87 -53.64 9.36 -12.46 7.12 -0 -0 -18.08 -14.92 -13.52
1.3 9.8 -6.76 -2.37 -79.43 -24.35 0 0 0 5.43 -8.79 -70.45 24.01 19.61 101.81 -0.72 -14.87 4.86 0.72 -5.41 -15.07 0 0 0 -7.88 0.22 -68.53 -28.82 -18.02 116.62 -0.43 10.78 -12.97 -0 0.3 -0.83 2.77 4.51 36.73 2.13 4.79 16.03 -0.72 1.65 -0.57 1 10.93 -9.63 -5.35 14.23 -7.03 -1.38 7.04 -0.15 0 0 0 -64.97 2.74 97.43 34.73 -44.62 -14.63 -0 -0 1.64 56.27 17.41 24.13 -7.12 0 -0 32.57 56.28 9.73 0 0 0 65.42 -20.17 87.05 -47.26 51.83 -24 0 -0 -3.61 -54.87 8.12 -11.35 7.12 -0 -0 -19.2 -16.5 -13.76
1.29 9.8 -6.76 -2.89 -79.06 -23.57 0 0 0 5.55 -9.05 -70.94 24.02 19.61 101.82 -0.71 -14.72 5.65 0.47 -4.39 -12.17 0 0 0 -7.94 -0.2 -68.76 -28.84 -18.01 116.7 -0.43 10.79 -13.03 -0 0.39 -1.08 2.82 4.44 36.56 2.14 4.73 16.05 -0.72 1.63 -0.49 0.96 10.96 -10.16 -5.21 14.28 -6.92 -1.3 7.05 -0.05 0 -0 0 -64.96 2.22 97.46 34.7 -44.6 -14.6 -0 -0 0.76 55.64 16.59 22.68 -7.12 0 -0 31.09 54.96 8.19 0 -0 0 65.29 -19.9 87.81 -46.96 51.69 -23.76 0 -0 -4.11 -55.64 7.3 -10.52 7.12 -0 -0 -19.92 -17.6 -13.83
1.29 9.8 -6.77 -4.33 -78.91 -22.03 0 0 0 5.87 -8.99 -71.14 24 19.61 101.76 -0.71 -14.77 6.35 0.29 -3.48 -9.62 0 0 0 -7.62 -0.2 -68.72 -28.84 -18.01 116.7 -0.47 10.51 -13.28 -0.01 0.46 -1.26 3.18 4.52 36.61 2.28 4.98 15.96 -0.84 1.77 -0.58 0.68 10.74 -10.33 -4.81 14.01 -6.92 -1.14 6.92 -0.08 -0 0 0 -64.85 1.83 97.92 34.68 -44.58 -14.59 -0 -0 0.2 54.72 15.72 20.95 -7.12 0 -0 29.27 53.45 6.52 -0 0 0 65.53 -20.01 88.11 -46.54 51.5 -23.44 0 -0 -4.39 -56.06 7.45 -10.9 7.12 -0 -0 -20.14 -17.24 -14.18
1.28 9.81 -6.78 -4.04 -78.73 -22.16 0 0 0 5.83 -8.9 -71.32 24 19.61 101.78 -0.72 -14.83 6.84 0.18 -2.73 -7.52 0 0 0 -7.86 0.06 -68.72 -28.84 -18.01 116.71 -0.44 10.58 -13.06 -0 0.11 -0.3 3.11 4.61 36.62 2.31 5.09 15.84 -0.81 1.83 -0.72 0.6 10.67 -10.41 -4.61 13.92 -6.97 -1.07 6.88 -0.11 0 0 0 -64.78 1.74 98.19 34.49 -44.44 -14.45 -0 -0 0.95 54.01 15.45 20.15 -7.12 0 -0 28.2 52.86 5.83 0 0 0 65.61 -19.95 88.69 -45.95 51.22 -22.97 0 -0 -4.54 -56.76 6.27 -9.46 7.12 -0 -0 -20.95 -18.97 -13.96
1.27 9.82 -6.78 -3.99 -78.46 -22.01 0 0 0 5.65 -8.88 -71.59 23.99 19.61 101.74 -0.73 -14.95 6.9 0.18 -2.71 -7.49 0 0 0 -8.16 0.2 -68.88 -28.88 -17.99 116.82 -0.4 10.61 -12.61 -0 -0.25 0.7 3.16 4.64 36.54 2.41 5.17 15.77 -0.75 1.87 -0.78 0.1 10.5 -10.5 -4.3 13.74 -7.1 -0.91 6.8 -0.2 0 -0 0 -64.82 1.55 98.41 34.45 -44.41 -14.43 -0 -0 1.06 53.76 15.21 19.7 -7.12 0 -0 27.74 52.45 5.43 0 -0 0 65.55 -19.92 89.15 -45.53 51.03 -22.65 0 -0 -4.75 -57.11 5.6 -8.59 7.12 -0 -0 -21.39 -20 -13.77
1.26 9.82 -6.78 -4.72 -78.27 -21.16 0 0 0 5.71 -8.82 -71.84 23.99 19.61 101.73 -0.75 -15.16 6.93 0.2 -2.91 -8.02 0 0 0 -8.09 0.33 -69.01 -28.91 -17.98 116.93 -0.41 10.13 -12.52 -0 0.25 -0.7 3.34 4.63 36.61 2.51 5.25 15.68 -0.78 1.92 -0.89 0.18 10.45 -10.88 -4.42 13.67 -6.78 -0.93 6.76 -0.03 0 -0 0 -64.85 1.46 98.4 34.34 -44.34 -14.35 -0 -0 1.25 53.38 14.7 18.86 -7.12 0 -0 27 51.64 4.7 0 -0 0 65.54 -19.96 89.52 -45.06 50.8 -22.28 0 -0 -4.51 -57.08 6.59 -10.06 7.12 -0 -0 -21.04 -18.35 -14.35
1.25 9.82 -6.78 -3.39 -77.96 -22.33 0 0 0 5.22 -8.77 -72.01 23.97 19.62 101.69 -0.76 -15.27 7 0.23 -3.07 -8.46 0 0 0 -8.71 0.02 -69.48 -29.02 -17.93 117.28 -0.33 10.22 -11.61 -0.01 0.55 -1.51 3.08 4.69 36.5 2.49 5.24 15.73 -0.66 1.91 -0.82 -0.04 10.31 -10.82 -4.17 13.51 -7.1 -0.85 6.69 -0.17 0 0 0 -65.03 1.5 97.89 34.15 -44.2 -14.22 -0 -0 1.76 53.05 14.75 18.7 -7.12 0 -0 26.62 51.61 4.6 0 0 0 65.44 -19.61 90.1 -44.67 50.6 -21.98 0 -0 -4.28 -56.89 6.37 -9.66 7.12 -0 -0 -21 -18.77 -14.1
1.25 9.82 -6.79 -3.91 -77.85 -21.75 0 0 0 5.22 -8.6 -72.11 23.96 19.62 101.66 -0.79 -15.5 6.99 0.26 -3.29 -9.09 0 0 0 -8.74 0.03 -69.95 -29.12 -17.87 117.62 -0.27 9.69 -10.68 -0 0.43 -1.19 3.33 4.7 36.51 2.52 5.33 15.76 -0.77 1.97 -0.77 0.27 10.27 -10.79 -4.41 13.42 -7.12 -0.97 6.63 -0.15 -0 0 0 -65.03 1.38 97.65 34.08 -44.14 -14.17 -0 -0 2.17 53.21 15.01 19.11 -7.12 0 -0 26.96 52.02 4.96 -0 0 0 65.31 -19.43 90.75 -44.66 50.6 -21.97 0 -0 -3.61 -57.73 8.96 -13.86 7.12 -0 -0 -20.67 -14.2 -16.07
1.24 9.82 -6.79 -4.96 -77.84 -20.76 0 0 0 5.39 -8.34 -72.18 23.99 19.61 101.73 -0.81 -15.78 7.14 0.26 -3.27 -9.04 0 0 0 -8.47 0.14 -70.32 -29.21 -17.83 117.89 -0.25 8.68 -10.03 -0.04 1.32 -3.62 3.61 4.57 36.67 2.59 5.25 15.76 -0.82 1.94 -0.8 0.17 10.34 -10.38 -4.37 13.51 -7.36 -0.97 6.69 -0.29 0 -0 0 -65.21 1.51 97.25 34.07 -44.14 -14.17 -0 -0 2.31 52.89 14.46 18.26 -7.12 0 -0 26.27 51.16 4.23 0 -0 0 65.06 -19.12 91.33 -44.47 50.5 -21.83 0 -0 -3.41 -58.85 8.13 -13.17 7.12 -0 -0 -21.6 -15.19 -16.42
1.24 9.82 -6.79 -4.8 -77.84 -20.89 0 0 0 5.22 -8.24 -72.21 23.98 19.62 101.7 -0.84 -16.03 6.63 0.43 -4.2 -11.65 0 0 0 -8.56 0.2 -70.65 -29.28 -17.79 118.14 -0.22 8.27 -9.46 -0.02 0.84 -2.3 3.79 4.53 36.72 2.57 5.26 15.78 -0.94 1.95 -0.78 0.01 10.27 -10.45 -3.98 13.47 -6.88 -0.81 6.67 -0.17 -0 0 0 -65.29 1.56 97.11 33.97 -44.06 -14.09 -0 -0 2.33 53.17 14.55 18.55 -7.12 0 -0 26.67 51.37 4.45 -0 0 0 65.1 -19.02 91.4 -44.21 50.38 -21.63 0 -0 -2.95 -59.1 7.73 -12.66 7.12 -0 -0 -21.88 -15.79 -16.36
1.24 9.82 -6.79 -4.73 -77.85 -21.01 0 0 0 5.31 -8.25 -71.97 23.95 19.62 101.61 -0.82 -15.83 7.17 0.23 -3.08 -8.49 0 0 0 -8.6 0.32 -70.73 -29.31 -17.78 118.22 -0.21 8.17 -9.27 -0.01 0.61 -1.68 3.84 4.54 36.84 2.56 5.27 15.88 -0.98 1.95 -0.7 0.47 10.31 -10.45 -4.21 13.5 -6.42 -0.93 6.67 0.02 0 -0 0 -65.37 1.53 96.96 33.89 -44 -14.04 -0 -0 2.48 53.25 14.48 18.51 -7.12 0 -0 26.72 51.29 4.41 0 -0 0 65.18 -18.7 91.39 -44.12 50.33 -21.56 0 -0 -2.48 -59.89 6.93 -11.75 7.12 -0 -0 -22.62 -16.91 -16.41
1.25 9.82 -6.79 -4.73 -77.94 -20.99 0 0 0 5.3 -8.12 -72.1 23.96 19.62 101.65 -0.84 -15.96 6.81 0.3 -3.51 -9.71 0 0 0 -8.44 0.52 -70.51 -29.25 -17.81 118.04 -0.25 8.26 -9.96 -0 0.37 -1.03 3.8 4.53 36.8 2.59 5.24 15.94 -0.92 1.93 -0.63 0.57 10.15 -10.16 -4.19 13.29 -6.25 -0.95 6.57 0.03 0 0 0 -65.24 1.51 97.12 34.1 -44.16 -14.18 -0 -0 2.23 53.47 14.76 18.98 -7.12 0 -0 27.13 51.74 4.8 0 0 0 65.12 -18.55 91.2 -43.91 50.22 -21.39 0 -0 -1.72 -59.63 6.75 -11.34 7.12 -0 -0 -22.54 -17.31 -16.11
1.25 9.82 -6.79 -4.15 -77.97 -21.54 0 0 0 5.09 -8.03 -72.26 23.98 19.62 101.72 -0.86 -16.12 6.2 0.55 -4.74 -13.16 0 0 0 -8.11 0.49 -69.9 -29.12 -17.88 117.61 -0.42 8.4 -12.11 -0.01 0.6 -1.65 3.61 4.4 36.73 2.5 4.99 15.99 -0.83 1.8 -0.57 0.22 10.18 -9.7 -3.84 13.37 -6.18 -0.82 6.63 -0.07 0 -0 0 -65.34 1.62 96.8 34.03 -44.1 -14.13 -0 -0 1.94 53.46 14.75 18.97 -7.12 0 -0 27.12 51.73 4.79 0 -0 0 64.84 -18.32 91.36 -43.81 50.17 -21.32 0 -0 -1.05 -59.48 6.9 -11.52 7.12 -0 -0 -22.39 -17.09 -16.11
1.24 9.81 -6.79 -3.41 -78.06 -22.25 0 0 0 5.12 -8.03 -72.14 23.99 19.61 101.73 -0.84 -15.96 6.73 0.32 -3.61 -9.98 0 0 0 -7.83 0.49 -68.91 -28.95 -17.96 117.06 -0.63 9.29 -14.66 -0 -0.34 0.92 3.42 4.41 36.75 2.46 4.93 16.01 -0.76 1.76 -0.57 0.5 10.16 -9.63 -3.99 13.35 -5.49 -0.88 6.61 0.17 0 -0 0 -65.28 1.61 96.86 34.05 -44.12 -14.15 -0 -0 1.68 53.44 14.68 18.86 -7.12 0 -0 27.05 51.62 4.7 0 -0 0 64.9 -18.28 90.96 -43.74 50.13 -21.26 0 -0 -0.6 -58.99 7.05 -11.55 7.12 -0 -0 -22.05 -16.99 -15.87
1.24 9.8 -6.79 -2.99 -78.1 -22.61 0 0 0 5.09 -8 -72.21 24.02 19.61 101.81 -0.83 -15.89 6.61 0.33 -3.7 -10.24 0 0 0 -7.95 0.58 -68.99 -29 -17.93 117.22 -0.67 9.19 -14.99 -0 0.19 -0.52 3.38 4.34 36.73 2.33 4.83 15.99 -0.84 1.71 -0.58 0.23 10.1 -9.29 -3.39 13.32 -5.24 -0.68 6.6 0.13 0 -0 0 -65.29 1.8 96.69 33.93 -44.04 -14.07 -0 -0 1.72 53.61 15.06 19.42 -7.12 0 -0 27.47 52.2 5.19 0 -0 0 65.22 -18.43 90.39 -43.58 50.05 -21.14 0 0 0.17 -58.93 7.55 -12.3 7.12 -0 -0 -21.84 -16.15 -16.13
1.24 9.81 -6.79 -3.88 -78.26 -21.73 0 0 0 5.46 -8.22 -72.1 24.02 19.61 101.82 -0.81 -15.75 6.67 0.34 -3.77 -10.43 0 0 0 -7.72 0.82 -69.28 -29.01 -17.93 117.24 -0.6 8.84 -14.24 -0 0.12 -0.34 3.71 4.18 36.75 2.23 4.73 15.92 -1.09 1.69 -0.62 0.46 10.08 -8.94 -3.44 13.28 -4.88 -0.74 6.59 0.2 -0 0 0 -65.32 2.13 96.43 33.73 -43.88 -13.92 -0 -0 2.04 53.52 15.05 19.35 -7.12 0 -0 27.35 52.16 5.14 -0 0 0 65.64 -18.62 89.68 -43.35 49.94 -20.97 0 0 1.1 -58.82 7.94 -12.86 7.12 -0 -0 -21.64 -15.52 -16.28
1.24 9.81 -6.79 -4.46 -78.37 -21.22 0 0 0 5.67 -8.39 -72.12 24.05 19.6 101.91 -0.81 -15.69 6.27 0.38 -3.98 -11.02 0 0 0 -7.42 0.95 -69.16 -29 -17.94 117.21 -0.63 8.71 -14.49 -0 -0.1 0.28 3.8 4.01 36.9 2.18 4.57 15.82 -1.13 1.61 -0.78 0.75 10.25 -8.67 -3.59 13.51 -4.31 -0.81 6.69 0.37 -0 -0 0 -65.17 2.43 96.45 33.86 -43.98 -14.02 -0 -0 1.74 53.48 14.75 18.97 -7.12 0 -0 27.13 51.73 4.79 -0 -0 0 65.81 -18.72 89.36 -43.15 49.83 -20.82 0 0 1.69 -58.34 8.36 -13.26 7.12 -0 -0 -21.22 -14.98 -16.18
1.23 9.81 -6.79 -3.64 -78.43 -21.9 0 0 0 5.63 -8.49 -72.13 24.06 19.6 101.93 -0.78 -15.44 6.42 0.3 -3.54 -9.77 0 0 0 -7.53 0.96 -69.22 -29 -17.94 117.2 -0.65 8.7 -14.74 -0 0.31 -0.86 3.72 4.04 36.96 2.13 4.6 15.68 -1.17 1.63 -0.96 0.54 10.34 -8.5 -3.22 13.66 -4.06 -0.66 6.78 0.38 -0 0 0 -65.18 2.68 96.53 33.83 -43.96 -13.99 -0 -0 1.81 53.56 14.71 18.98 -7.12 0 -0 27.22 51.7 4.78 -0 0 0 66.21 -19.13 88.58 -42.89 49.69 -20.62 0 0 2.44 -58.55 8.06 -12.92 7.12 -0 -0 -21.44 -15.4 -16.17
1.22 9.82 -6.78 -2.74 -78.5 -22.83 0 0 0 5.56 -8.69 -71.9 24.04 19.6 101.9 -0.75 -15.17 6.48 0.23 -3.06 -8.44 0 0 0 -7.68 0.97 -69.17 -28.98 -17.94 117.16 -0.65 8.72 -14.7 -0 0.38 -1.06 3.59 4.12 36.96 2.09 4.64 15.7 -1.16 1.64 -0.94 0.95 10.53 -8.44 -3.46 13.88 -4.08 -0.79 6.88 0.42 -0 0 0 -65.13 2.71 96.55 33.89 -44 -14.03 -0 -0 1.86 53.55 14.79 19.06 -7.12 0 -0 27.24 51.8 4.86 -0 0 0 66.33 -19.41 88.07 -42.98 49.74 -20.69 0 0 2.97 -58.71 7.92 -12.78 7.12 -0 -0 -21.59 -15.59 -16.2
1.22 9.82 -6.78 -1.31 -78.47 -24.07 0 0 0 5.35 -8.94 -71.95 24.04 19.6 101.9 -0.72 -14.88 6.37 0.23 -3.11 -8.58 0 0 0 -8.01 0.89 -69.36 -28.99 -17.94 117.18 -0.64 8.83 -14.62 -0 0.37 -1.02 3.38 4.21 36.84 2.04 4.69 15.64 -1.11 1.66 -0.97 0.72 10.52 -8.12 -3.25 13.87 -4.7 -0.74 6.89 0.14 0 0 0 -65.18 2.76 96.57 33.85 -43.97 -14.01 -0 -0 2.04 53.3 14.41 18.47 -7.12 0 -0 26.74 51.21 4.36 0 0 0 66.38 -19.99 87.55 -43.19 49.85 -20.85 0 0 3.46 -58.8 7.85 -12.72 7.12 -0 -0 -21.66 -15.67 -16.23
1.21 9.83 -6.77 -1.65 -78.67 -23.62 0 0 0 5.6 -9.04 -71.99 24.07 19.6 101.98 -0.72 -14.8 6.23 0.21 -2.92 -8.05 0 0 0 -7.97 0.98 -69.5 -28.99 -17.94 117.2 -0.63 9.15 -14.57 -0 -0.08 0.23 3.47 4.21 36.79 2.06 4.74 15.59 -1.16 1.69 -1.01 0.52 10.65 -8.57 -2.87 14.06 -4.56 -0.56 6.98 0.21 -0 0 0 -65.33 2.87 96.27 33.7 -43.86 -13.9 -0 -0 2.26 53.45 14.36 18.5 -7.12 0 -0 26.9 51.18 4.36 -0 0 0 66.32 -20.11 87.63 -43.08 49.79 -20.76 0 0 3.54 -58.83 7.98 -12.92 7.12 -0 -0 -21.64 -15.45 -16.31
1.21 9.83 -6.77 -3.45 -78.84 -21.81 0 0 0 6.07 -9 -72.05 24.1 19.59 102.06 -0.72 -14.87 6.18 0.23 -3.06 -8.45 0 0 0 -7.42 1.05 -69.47 -28.97 -17.95 117.11 -0.64 8.92 -14.64 -0 0.1 -0.28 3.78 4.28 36.82 2.23 4.94 15.5 -1.21 1.8 -1.09 0.2 10.6 -8.65 -2.31 14.02 -4.9 -0.36 6.97 0.06 -0 0 0 -65.51 2.83 96.19 33.52 -43.72 -13.78 -0 -0 2.5 53.19 14.07 18 -7.12 0 -0 26.44 50.7 3.95 -0 0 0 66.42 -20.23 87.62 -42.77 49.63 -20.53 0 0 3.49 -58.81 7.66 -12.42 7.12 -0 -0 -21.73 -16 -16.12
1.2 9.83 -6.77 -3 -78.76 -22.17 0 0 0 5.99 -9.18 -72.09 24.1 19.59 102.08 -0.72 -14.81 6.02 0.22 -3.05 -8.42 0 0 0 -7.56 0.69 -69.62 -28.99 -17.94 117.2 -0.63 9.12 -14.59 -0 0.09 -0.26 3.72 4.36 36.69 2.23 5.04 15.5 -1.2 1.85 -1.06 0.53 10.58 -8.96 -2.45 13.95 -5.08 -0.44 6.92 0.08 -0 0 0 -65.4 2.73 96.19 33.57 -43.76 -13.81 -0 -0 2.64 53.14 14.11 18.01 -7.12 0 -0 26.4 50.74 3.97 -0 0 0 66.5 -20.38 87.58 -42.59 49.53 -20.39 0 0 3.32 -58.47 8.41 -13.41 7.12 -0 -0 -21.28 -14.85 -16.3
1.2 9.84 -6.77 -1.57 -78.62 -23.69 0 0 0 5.62 -9.41 -71.83 24.07 19.6 101.98 -0.7 -14.63 5.93 0.23 -3.06 -8.44 0 0 0 -7.98 0.48 -69.45 -28.99 -17.94 117.18 -0.6 9.52 -14.41 -0 -0.23 0.63 3.47 4.52 36.81 2.23 5.16 15.47 -1.11 1.9 -1.14 0.68 10.52 -9.06 -2.49 13.84 -5.27 -0.48 6.86 0.05 -0 -0 0 -65.36 2.56 96.36 33.64 -43.81 -13.86 -0 -0 2.59 53.1 14.03 17.9 -7.12 0 -0 26.32 50.63 3.88 -0 -0 0 66.5 -20.42 87.89 -42.41 49.43 -20.25 0 0 2.94 -58.48 7.96 -12.72 7.12 -0 -0 -21.44 -15.61 -16.06
1.19 9.84 -6.77 -2.8 -78.63 -22.52 0 0 0 5.91 -9.56 -71.78 24.08 19.6 102.02 -0.7 -14.6 5.92 0.22 -2.99 -8.26 0 0 0 -7.76 0.28 -69.31 -28.98 -17.95 117.14 -0.58 9.82 -14.29 -0.01 -0.62 1.69 3.77 4.55 36.78 2.35 5.32 15.47 -1.19 1.99 -1.12 0.57 10.46 -9.29 -2.31 13.77 -5.36 -0.41 6.83 0.03 -0 0 0 -65.58 2.44 96.15 33.41 -43.65 -13.71 -0 -0 3.05 52.86 14.03 17.75 -7.12 0 -0 26.03 50.55 3.78 -0 0 0 66.62 -20.51 87.92 -42.1 49.27 -20.02 0 0 2.74 -58.69 8.2 -13.19 7.12 -0 -0 -21.48 -15.12 -16.34
1.19 9.84 -6.77 -3.06 -78.6 -22.22 0 0 0 5.97 -9.6 -71.85 24.09 19.59 102.04 -0.69 -14.58 5.94 0.21 -2.94 -8.11 0 0 0 -7.64 0.02 -69.45 -28.98 -17.94 117.16 -0.59 9.65 -14.34 -0 -0.26 0.71 3.93 4.6 36.68 2.48 5.44 15.46 -1.17 2.06 -1.09 0.01 10.28 -9.22 -2.08 13.57 -5.82 -0.29 6.74 -0.17 0 -0 0 -65.76 2.41 96.03 33.47 -43.69 -13.75 -0 -0 3.12 52.75 13.9 17.53 -7.12 0 -0 25.83 50.34 3.61 0 -0 0 66.34 -20.58 88.23 -42.21 49.32 -20.1 0 0 2.45 -58.83 8.24 -13.33 7.12 -0 -0 -21.55 -15 -16.47
1.19 9.84 -6.78 -2.51 -78.5 -22.9 0 0 0 5.81 -9.74 -71.62 24.07 19.6 101.97 -0.69 -14.5 6 0.2 -2.91 -8.03 0 0 0 -7.77 -0.11 -69.24 -28.98 -17.95 117.15 -0.59 9.81 -14.35 -0 -0.35 0.95 3.81 4.86 36.77 2.63 5.72 15.54 -1.05 2.18 -1.05 0.18 10.22 -9.31 -2.3 13.45 -6.14 -0.39 6.68 -0.23 0 -0 0 -65.7 2 96.17 33.57 -43.76 -13.81 -0 -0 3.19 52.51 13.89 17.38 -7.12 0 -0 25.55 50.26 3.52 0 -0 0 66.45 -20.71 88.06 -42.26 49.36 -20.14 0 0 2.23 -58.86 8.36 -13.53 7.12 -0 -0 -21.53 -14.78 -16.56
1.2 9.85 -6.78 -1.93 -78.43 -23.49 0 0 0 5.62 -9.83 -71.54 24.04 19.6 101.88 -0.68 -14.44 5.9 0.23 -3.1 -8.57 0 0 0 -7.98 -0.21 -69.21 -28.98 -17.95 117.14 -0.56 10.03 -14.15 -0.01 -0.57 1.56 3.74 4.97 36.73 2.53 5.84 15.53 -1.15 2.25 -1.03 0.55 10.26 -9.28 -2.27 13.47 -6.31 -0.43 6.68 -0.27 0 -0 0 -65.59 2.07 95.73 33.44 -43.67 -13.72 -0 -0 3.66 52.27 13.51 16.81 -7.12 0 -0 25.1 49.67 3.06 0 -0 0 66.75 -20.8 88.09 -42.21 49.33 -20.1 0 0 2.11 -59.1 8.17 -13.36 7.12 -0 -0 -21.73 -15.02 -16.62
1.2 9.85 -6.78 -2.29 -78.42 -23.23 0 0 0 5.7 -9.78 -71.49 24.04 19.6 101.9 -0.69 -14.52 5.99 0.22 -3.01 -8.31 0 0 0 -7.79 -0.28 -69.11 -28.96 -17.95 117.09 -0.6 9.72 -14.38 -0 -0.17 0.46 3.82 4.97 36.82 2.61 5.87 15.53 -1.12 2.26 -1.07 0.37 10.15 -9.14 -2.22 13.33 -6.6 -0.42 6.62 -0.4 0 -0 0 -65.9 2.2 95.4 33.33 -43.58 -13.65 -0 -0 3.97 52.49 13.96 17.44 -7.12 0 -0 25.56 50.35 3.57 0 -0 0 66.64 -20.79 88.22 -42.16 49.3 -20.06 0 0 1.98 -59.08 8.34 -13.62 7.12 -0 -0 -21.67 -14.73 -16.7
1.21 9.85 -6.79 -2.13 -78.31 -23.47 0 0 0 5.55 -9.88 -71.36 24.01 19.61 101.79 -0.69 -14.58 5.8 0.25 -3.23 -8.92 0 0 0 -7.87 -0.37 -69.04 -28.96 -17.95 117.1 -0.58 9.79 -14.27 -0 -0.23 0.64 3.67 5 36.87 2.62 5.85 15.52 -1.03 2.24 -1.11 -0.05 9.82 -8.9 -1.73 12.94 -7.11 -0.26 6.43 -0.65 0 -0 0 -65.64 2.29 95.34 33.72 -43.88 -13.92 -0 -0 3.79 52.65 14.38 18.03 -7.12 0 -0 25.95 50.99 4.06 0 -0 0 66.57 -20.77 88.38 -42.25 49.35 -20.13 0 0 1.92 -59.18 8 -13.14 7.12 -0 -0 -21.84 -15.28 -16.58
1.21 9.85 -6.79 -0.88 -78.16 -24.75 0 0 0 5.25 -10.01 -71.25 23.98 19.62 101.72 -0.68 -14.46 5.9 0.23 -3.07 -8.48 0 0 0 -8.23 -0.43 -69.01 -28.97 -17.95 117.13 -0.58 9.9 -14.23 -0 -0.38 1.04 3.3 4.98 36.71 2.51 5.69 15.63 -0.89 2.15 -0.97 -0.79 9.1 -8.37 -1.07 12.05 -8.13 -0.03 6 -1.14 -0 0 0 -65.83 2.67 94.43 33.68 -43.85 -13.89 -0 -0 4.16 52.61 13.87 17.41 -7.12 0 -0 25.65 50.26 3.53 -0 0 0 66.44 -20.46 88.68 -42.32 49.38 -20.18 0 0 1.88 -59.08 8.25 -13.48 7.12 -0 -0 -21.69 -14.89 -16.65
1.21 9.85 -6.79 -2.01 -78.25 -23.71 0 0 0 5.47 -9.84 -71.25 23.99 19.61 101.73 -0.7 -14.6 5.89 0.25 -3.21 -8.86 0 0 0 -7.9 -0.24 -68.87 -28.95 -17.96 117.07 -0.59 9.69 -14.32 -0 -0.31 0.84 3.57 4.8 36.71 2.44 5.54 15.64 -1.06 2.09 -0.93 -1.82 8.1 -8.26 -0.04 10.81 -8.65 0.39 5.4 -1.44 0 -0 0 -65.79 2.98 94.09 33.79 -43.93 -13.97 -0 -0 4.14 53.17 14.43 18.4 -7.12 0 -0 26.59 51.19 4.32 0 -0 0 66.49 -20.34 88.69 -42.32 49.38 -20.18 0 0 2.03 -58.8 8.06 -13.03 7.12 -0 -0 -21.59 -15.33 -16.34
1.21 9.85 -6.79 -2.2 -78.24 -23.53 0 0 0 5.52 -9.86 -71.3 24 19.61 101.76 -0.7 -14.59 5.89 0.25 -3.22 -8.89 0 0 0 -7.94 -0.12 -68.86 -28.96 -17.95 117.09 -0.59 9.74 -14.31 -0 -0.45 1.22 3.57 4.56 36.64 2.39 5.25 15.56 -1.02 1.95 -1 -3.19 6.83 -7.31 0.73 9.21 -9.92 0.78 4.63 -2.1 0 -0 0 -65.79 3.64 93.85 34.1 -44.16 -14.18 -0 -0 3.97 53.46 14.3 18.43 -7.12 0 -0 26.88 51.09 4.3 0 -0 0 66.08 -20.38 88.93 -42.47 49.47 -20.29 0 0 2.17 -58.72 8.27 -13.33 7.12 -0 -0 -21.48 -14.98 -16.41
1.22 9.84 -6.79 -2.13 -78.35 -23.63 0 0 0 5.56 -9.72 -71.24 24 19.61 101.76 -0.7 -14.67 5.92 0.25 -3.23 -8.91 0 0 0 -7.85 0.1 -68.87 -28.97 -17.95 117.11 -0.6 9.54 -14.37 -0 -0.3 0.82 3.33 4.4 36.64 2.22 4.95 15.59 -0.97 1.79 -0.98 -2.32 5.76 -8.32 -0.3 7.67 -9.34 0.36 3.84 -1.62 0 0 0 -65.88 4.12 93.21 33.94 -44.04 -14.07 -0 -0 4.01 53.58 14.28 18.48 -7.12 0 -0 27 51.1 4.33 0 0 0 66.07 -19.89 89.12 -42.32 49.38 -20.18 0 0 2.45 -58.51 8.79 -14.01 7.12 -0 -0 -21.19 -14.19 -16.54
1.22 9.84 -6.79 -2.22 -78.42 -23.56 0 0 0 5.64 -9.69 -71.23 24 19.61 101.77 -0.7 -14.6 6.02 0.22 -3.04 -8.4 0 0 0 -7.72 0.31 -68.84 -28.96 -17.96 117.08 -0.62 9.21 -14.52 -0 0.01 -0.02 3.24 4.25 36.6 2.09 4.71 15.67 -0.98 1.67 -0.88 -2.57 5.12 -8.92 0.1 6.85 -9.49 0.53 3.42 -1.58 -0 0 0 -65.71 4.52 93 34.16 -44.2 -14.22 -0 -0 3.79 53.72 14.15 18.42 -7.12 0 -0 27.1 50.96 4.25 -0 0 0 66.14 -19.59 88.9 -42.34 49.39 -20.19 0 0 2.75 -58.25 9.06 -14.27 7.12 -0 -0 -20.94 -13.84 -16.49
1.22 9.84 -6.79 -2.44 -78.54 -23.47 0 0 0 5.69 -9.53 -71.09 23.99 19.61 101.75 -0.71 -14.73 5.95 0.25 -3.19 -8.82 0 0 0 -7.6 0.51 -68.72 -28.95 -17.96 117.05 -0.62 9.15 -14.53 -0 0 -0.01 3.09 4.07 36.9 2.03 4.42 15.61 -0.9 1.51 -1.07 -2.94 4.66 -9.23 0.12 6.25 -9.79 0.6 3.13 -1.63 -0 0 0 -65.82 4.96 92.99 34.17 -44.21 -14.23 -0 -0 3.45 53.63 14.71 19.03 -7.12 0 -0 27.31 51.73 4.82 -0 0 0 65.9 -19.32 89.02 -42.63 49.55 -20.42 0 0 3.01 -58.23 8.36 -13.22 7.12 -0 -0 -21.16 -15.02 -16.11
1.22 9.84 -6.79 -2.18 -78.68 -23.71 0 0 0 5.68 -9.35 -71.07 24 19.61 101.76 -0.71 -14.75 5.98 0.25 -3.23 -8.93 0 0 0 -7.61 0.73 -68.77 -28.94 -17.96 117.03 -0.61 9.09 -14.38 -0 0.06 -0.16 3 3.77 36.8 1.71 3.99 15.65 -1.04 1.3 -0.98 -3.72 3.67 -8.34 0.16 4.89 -11.75 0.69 2.47 -2.42 -0 0 0 -65.85 5.63 92.36 33.84 -43.97 -14 -0 -0 3.97 53.59 14.94 19.27 -7.12 0 -0 27.38 52.03 5.05 -0 0 0 66.2 -18.87 89.06 -42.33 49.39 -20.19 0 0 3.38 -58.04 7.89 -12.41 7.12 -0 -0 -21.2 -15.87 -15.72
1.22 9.84 -6.79 -2.48 -78.89 -23.36 0 0 0 5.85 -9.18 -71.11 24.01 19.61 101.81 -0.71 -14.77 5.96 0.23 -3.07 -8.48 0 0 0 -7.46 0.93 -68.86 -28.92 -17.97 116.96 -0.6 8.97 -14.24 -0 0.3 -0.84 3.05 3.6 36.68 1.62 3.77 15.7 -1.08 1.19 -0.89 -4.9 2.61 -7.42 0.77 3.49 -13.37 1.08 1.81 -3.15 0 -0 0 -65.62 5.62 93.05 34.05 -44.12 -14.15 -0 -0 3.19 53.73 15.46 19.96 -7.12 0 -0 27.84 52.78 5.69 0 -0 0 65.98 -18.66 89.02 -42.66 49.57 -20.44 0 0 3.7 -58.21 7.62 -12.07 7.12 -0 -0 -21.39 -16.28 -15.68
1.23 9.84 -6.79 -1.55 -78.87 -24.2 0 0 0 5.67 -9.2 -71.19 24.01 19.61 101.8 -0.7 -14.62 6.02 0.22 -3.05 -8.42 0 0 0 -7.74 0.68 -69.12 -28.94 -17.96 117.04 -0.56 9.26 -13.94 -0 0.21 -0.57 2.79 3.35 36.56 1.41 3.34 15.76 -1.02 0.98 -0.79 -5.76 1.4 -6.97 1.02 1.83 -14.59 1.32 1.01 -3.63 -0 -0 0 -65.28 5.79 93.56 34.47 -44.43 -14.44 -0 -0 2.46 54.29 16.03 21.01 -7.12 0 -0 28.89 53.75 6.64 -0 -0 0 65.75 -18.09 89.14 -42.85 49.67 -20.58 0 0 3.14 -57.39 9.57 -14.56 7.12 -0 -0 -20.28 -13.32 -16.13
1.24 9.84 -6.78 -1.45 -79.05 -24.47 0 0 0 5.69 -9.07 -70.92 24 19.61 101.76 -0.7 -14.64 6.03 0.22 -3.02 -8.34 0 0 0 -7.76 0.85 -69.08 -28.95 -17.96 117.06 -0.52 9.43 -13.49 -0 -0.22 0.6 2.58 3.19 36.78 1.3 3.06 15.82 -0.95 0.82 -0.82 -7.15 -0.3 -6.19 2.53 -0.4 -16.14 2.14 -0.08 -4.27 -0 -0 0 -65.37 5.97 93.47 34.14 -44.19 -14.21 -0 -0 2.33 54.69 16.18 21.48 -7.12 0 -0 29.52 54.09 7.06 -0 -0 0 65.46 -17.63 89.56 -43.08 49.79 -20.76 0 0 3.13 -57.08 9.53 -14.35 7.12 -0 -0 -20.11 -13.5 -15.89
1.24 9.84 -6.78 -2.1 -79.3 -23.82 0 0 0 5.96 -8.92 -71.01 24.02 19.61 101.84 -0.71 -14.73 5.96 0.25 -3.23 -8.91 0 0 0 -7.55 0.96 -69.29 -28.96 -17.95 117.1 -0.48 9.38 -13.07 -0 -0.04 0.11 2.6 2.91 36.77 1.14 2.67 15.96 -1 0.62 -0.66 -8.66 -1.67 -5.3 4.18 -2.17 -18.2 2.81 -0.96 -4.47 0 -0 0 -65.47 6.22 93.01 34.12 -44.17 -14.2 -0 -0 2.19 54.74 15.89 21.17 -7.12 0 -0 29.4 53.69 6.74 0 -0 0 65.03 -16.79 90.3 -43.37 49.95 -20.98 0 0 2.91 -56.96 9.42 -14.12 7.12 -0 -0 -20.07 -13.73 -15.75
1.25 9.83 -6.78 -2.07 -79.58 -24.05 0 0 0 6.04 -8.63 -70.7 24.03 19.61 101.84 -0.71 -14.72 5.98 0.21 -2.95 -8.14 0 0 0 -7.45 1.25 -69.3 -28.98 -17.94 117.17 -0.45 9.09 -12.64 -0 0.29 -0.81 2.52 2.8 37.03 0.99 2.46 16.05 -1.05 0.5 -0.66 -9.99 -2.82 -4.19 5.73 -3.67 -19.79 3.6 -1.71 -4.98 -0 0 0 -65.41 6.4 93.04 33.97 -44.06 -14.09 -0 -0 2.07 55.09 16.33 21.94 -7.12 0 -0 30.15 54.42 7.49 -0 0 0 64.99 -16.16 90.65 -43.26 49.89 -20.9 0 0 2.9 -56.86 9.44 -14.1 7.12 -0 -0 -20.01 -13.73 -15.7
1.25 9.83 -6.78 -2.63 -79.86 -23.62 0 0 0 6.23 -8.35 -70.57 24.04 19.6 101.9 -0.72 -14.86 5.85 0.26 -3.25 -8.98 0 0 0 -7.03 1.14 -69.53 -29.02 -17.93 117.27 -0.44 8.55 -12.43 -0.02 0.99 -2.72 2.51 2.72 37.22 0.86 2.32 16.13 -1.15 0.43 -0.63 -9.42 -3.86 -5.27 5.24 -5.08 -19.13 3.33 -2.43 -4.52 0 0 0 -65.31 6.7 92.69 34.09 -44.15 -14.17 -0 -0 2.01 55.04 16.1 21.63 -7.12 0 -0 29.92 54.08 7.17 0 0 0 65.03 -15.66 90.83 -43.25 49.88 -20.89 0 0 2.97 -56.59 9.38 -13.88 7.12 -0 -0 -19.87 -13.93 -15.48
1.25 9.84 -6.79 0.49 -79.56 -26.48 0 0 0 5.54 -8.66 -70.61 23.97 19.62 101.69 -0.69 -14.57 5.78 0.24 -3.14 -8.66 0 0 0 -7.87 0.67 -70.03 -29.06 -17.91 117.4 -0.38 8.83 -11.73 -0 0.3 -0.84 1.58 2.76 37.11 0.67 2.06 16.1 -0.78 0.26 -0.67 -9.66 -4.3 -5.34 5.77 -5.63 -19.43 3.55 -2.72 -4.54 0 -0 0 -65.47 7.08 92.43 33.9 -44.01 -14.04 -0 -0 1.9 55.44 16.19 22.03 -7.12 0 -0 30.52 54.33 7.53 0 -0 0 64.9 -15.1 91.37 -43.13 49.82 -20.8 0 0 2.8 -56.37 9.2 -13.51 7.12 -0 -0 -19.79 -14.3 -15.25
1.25 9.84 -6.78 1.05 -79.6 -26.94 0 0 0 5.42 -8.66 -70.64 23.96 19.62 101.65 -0.68 -14.43 5.66 0.27 -3.32 -9.16 0 0 0 -7.98 0.79 -70.2 -29.06 -17.91 117.41 -0.36 8.62 -11.46 -0 0.34 -0.93 1.32 2.75 37.06 0.6 1.96 16.08 -0.68 0.19 -0.69 -10.2 -4.57 -5.3 6.46 -5.92 -19.78 3.87 -2.87 -4.59 0 -0 0 -65.39 7.27 92.87 33.93 -44.03 -14.06 -0 -0 2.63 57.61 18.64 26.74 -7.12 0 -0 35.67 58.41 12.73 0 -0 0 64.77 -14.83 91.62 -43.2 49.85 -20.85 0 0 2.3 -55.01 8.81 -12.35 7.12 -0 -0 -19.09 -15.36 -14.17
1.25 9.84 -6.78 2.82 -79.62 -28.76 0 0 0 5.12 -8.68 -70.49 23.97 19.62 101.67 -0.67 -14.32 5.56 0.28 -3.39 -9.38 0 0 0 -8.34 0.57 -70.2 -29.06 -17.91 117.41 -0.34 9.05 -11.34 -0 0.06 -0.15 1.07 2.76 37.15 0.44 1.87 16.15 -0.69 0.13 -0.64 -10.09 -4.7 -5.65 6.41 -6.09 -19.9 3.83 -2.96 -4.56 -0 -0 0 -65.35 7.35 92.96 34.02 -44.1 -14.13 -0 -0 2.9 58.55 19.71 28.88 -7.12 0 -0 38.31 60.15 15.49 -0 -0 0 64.75 -14.53 91.73 -43.01 49.76 -20.71 0 0 2.42 -55.11 8.92 -12.54 7.12 -0 -0 -19.11 -15.16 -14.28
1.25 9.84 -6.77 4.15 -79.71 -30.05 0 0 0 4.81 -8.54 -70.49 23.99 19.61 101.73 -0.68 -14.4 5 0.42 -4.15 -11.51 0 0 0 -8.31 0.45 -70.16 -29.03 -17.92 117.32 -0.41 8.95 -12.15 -0.02 0.91 -2.51 0.83 2.83 37.15 0.34 1.85 16.16 -0.67 0.12 -0.64 -10.54 -4.96 -5.71 7.03 -6.37 -20.39 4.11 -3.11 -4.64 -0 0 0 -65.31 7.39 93.23 34.01 -44.09 -14.12 -0 -0 2.6 58.52 19.63 28.76 -7.12 0 -0 38.18 60.04 15.32 -0 0 0 64.86 -14.37 91.6 -42.64 49.56 -20.43 0 0 1.95 -55.62 11.25 -15.91 7.12 -0 -0 -18.74 -11.32 -15.58
1.25 9.84 -6.77 3.09 -79.89 -28.94 0 0 0 5.11 -8.46 -70.6 24.01 19.61 101.8 -0.68 -14.42 4.97 0.42 -4.18 -11.59 0 0 0 -8.04 0.41 -69.83 -28.95 -17.96 117.06 -0.44 9.81 -12.82 -0 -0.2 0.54 0.95 2.79 37.19 0.33 1.84 16.12 -0.73 0.12 -0.69 -10.12 -5.08 -5.64 6.67 -6.64 -21.02 3.96 -3.26 -4.85 -0 0 0 -65.42 7.58 93.02 33.83 -43.96 -14 -0 -0 2.75 58.72 19.68 29.01 -7.12 0 -0 38.59 60.17 15.65 -0 0 0 64.82 -14.24 91.84 -42.58 49.52 -20.38 0 0 1.91 -55.77 11.2 -15.94 7.12 -0 -0 -18.84 -11.33 -15.67
1.24 9.84 -6.77 2.23 -80.01 -28.05 0 0 0 5.34 -8.44 -70.72 24.02 19.61 101.83 -0.68 -14.41 4.99 0.46 -4.33 -12.02 0 0 0 -7.6 0.53 -69.51 -28.87 -18 116.8 -0.53 9.66 -13.64 -0 -0.13 0.35 1.11 2.68 37.21 0.19 1.74 16.13 -0.93 0.08 -0.67 -10.87 -5.33 -5.41 8.04 -6.83 -22.12 4.57 -3.39 -5.12 -0 0 0 -65.24 7.62 92.9 33.78 -43.92 -13.96 -0 -0 2.67 58.24 19.46 28.29 -7.12 0 -0 37.51 59.71 14.71 -0 0 0 65.02 -14.05 91.95 -42.51 49.49 -20.33 0 0 1.91 -55.77 9.5 -13.64 7.12 -0 -0 -19.34 -14.02 -14.97
1.24 9.85 -6.77 1.39 -80.04 -27.17 0 0 0 5.55 -8.53 -70.67 24.04 19.61 101.87 -0.68 -14.47 4.85 0.44 -4.25 -11.79 0 0 0 -7.57 0.47 -69.6 -28.89 -17.99 116.85 -0.48 9.96 -13.22 -0.01 -0.53 1.46 1.01 2.68 37.25 0.28 1.72 16.09 -0.77 0.06 -0.74 -10.54 -5.33 -5.28 7.35 -7.01 -22.82 4.33 -3.46 -5.4 -0 -0 0 -65.37 7.82 92.72 33.73 -43.88 -13.92 -0 -0 2.73 58.11 19.18 27.84 -7.12 0 -0 37.02 59.3 14.12 -0 -0 0 64.89 -13.92 92.17 -42.39 49.42 -20.23 0 0 1.77 -55.85 6.55 -9.54 7.12 -0 -0 -20.29 -18.76 -13.56
1.23 9.84 -6.77 0.3 -80.08 -25.85 0 0 0 5.84 -8.5 -71 24.06 19.6 101.96 -0.69 -14.52 4.9 0.44 -4.27 -11.84 0 0 0 -7.31 0.58 -69.93 -28.92 -17.97 116.97 -0.5 9.58 -13.35 -0 -0.14 0.39 1.16 2.58 37.07 0.16 1.67 16.01 -0.97 0.06 -0.76 -11.08 -5.58 -5.3 8.4 -7.22 -23.44 4.78 -3.6 -5.5 -0 0 0 -65.22 8.23 92.31 33.67 -43.84 -13.88 -0 -0 3.03 58.22 19.33 28.12 -7.12 0 -0 37.35 59.53 14.48 -0 0 0 65.27 -13.85 92.26 -42.02 49.22 -19.96 0 0 1.7 -55.54 6.08 -8.78 7.12 -0 -0 -20.24 -19.59 -13.12
1.22 9.85 -6.78 0.79 -80.05 -26.25 0 0 0 5.76 -8.43 -71.08 24.06 19.6 101.95 -0.69 -14.56 4.89 0.47 -4.41 -12.24 0 0 0 -7.42 0.76 -69.97 -28.94 -17.97 117.02 -0.51 9.64 -13.42 -0.01 -0.57 1.56 1.02 2.61 37.09 0.04 1.65 16.01 -1.01 0.05 -0.77 -10.65 -5.64 -5.45 8.12 -7.36 -23.92 4.64 -3.69 -5.65 -0 0 0 -65.22 8.41 91.92 33.5 -43.71 -13.76 -0 -0 3.2 57.93 19.06 27.53 -7.12 0 -0 36.59 59.08 13.72 -0 0 0 65.52 -13.66 92.39 -41.72 49.06 -19.73 0 0 1.85 -55.53 5.27 -7.62 7.12 -0 -0 -20.49 -20.9 -12.65
1.21 9.84 -6.78 -0.01 -79.96 -25.25 0 0 0 5.93 -8.56 -71.39 24.08 19.6 102.01 -0.7 -14.62 4.76 0.53 -4.67 -12.97 0 0 0 -7.33 0.63 -70.18 -28.95 -17.96 117.07 -0.51 9.67 -13.5 -0.01 -0.68 1.86 1.04 2.48 37.1 0.05 1.51 15.89 -0.96 -0.01 -0.91 -11 -5.7 -5.23 8.15 -7.53 -24.69 4.75 -3.75 -5.91 -0 0 0 -65.5 8.71 91.47 33.32 -43.58 -13.64 -0 -0 3.42 57.75 18.53 26.74 -7.12 0 -0 35.81 58.31 12.71 -0 0 0 65.22 -13.55 92.9 -41.92 49.17 -19.88 0 0 1.68 -54.98 8.76 -12.26 7.12 -0 -0 -19.08 -15.45 -14.12
1.21 9.84 -6.78 -0.62 -80.03 -24.56 0 0 0 6.13 -8.56 -71.53 24.09 19.59 102.04 -0.7 -14.61 4.82 0.52 -4.62 -12.84 0 0 0 -7.2 0.83 -70.29 -28.97 -17.95 117.12 -0.53 9.49 -13.62 -0 -0.41 1.13 1.12 2.46 37.12 0.02 1.51 15.88 -1.03 -0.01 -0.92 -11.5 -5.79 -5.26 8.73 -7.56 -25.05 5.04 -3.77 -5.96 -0 -0 0 -65.41 8.72 91.36 33.38 -43.62 -13.68 -0 -0 3.29 57.3 18.15 25.88 -7.12 0 -0 34.75 57.64 11.69 -0 -0 0 65.28 -13.31 93.11 -41.7 49.04 -19.71 0 0 1.56 -55.78 8.4 -12.12 7.12 -0 -0 -19.67 -15.79 -14.47
1.2 9.84 -6.77 -0.45 -80.03 -24.65 0 0 0 6.03 -8.48 -71.59 24.11 19.59 102.09 -0.71 -14.73 4.47 0.58 -4.9 -13.61 0 0 0 -7.24 0.96 -70.32 -28.97 -17.95 117.13 -0.54 9.4 -13.74 -0 -0.35 0.96 1.03 2.39 37.14 -0.01 1.4 15.83 -0.98 -0.07 -0.98 -11.72 -5.78 -5.44 8.74 -7.52 -24.91 5.06 -3.73 -5.88 0 0 0 -65.66 8.96 91.1 33.23 -43.51 -13.58 -0 -0 3.13 57.57 18.44 26.47 -7.12 0 -0 35.44 58.12 12.38 0 0 0 65.15 -13.14 93.52 -41.49 48.93 -19.56 0 0 1.65 -56.12 8.1 -11.86 7.12 -0 -0 -19.97 -16.15 -14.55
1.2 9.84 -6.77 -0.09 -79.97 -24.9 0 0 0 6.01 -8.57 -71.69 24.1 19.59 102.05 -0.7 -14.62 4.73 0.53 -4.67 -12.98 0 0 0 -7.38 1.13 -70.37 -28.98 -17.94 117.17 -0.55 9.35 -13.78 -0.01 -0.59 1.61 0.97 2.44 37.02 -0.07 1.44 15.89 -1.03 -0.05 -0.88 -11.61 -5.86 -5.68 8.74 -7.6 -24.72 5.03 -3.78 -5.78 -0 0 0 -65.39 8.88 91.39 33.37 -43.61 -13.68 -0 -0 2.94 57.35 17.83 25.54 -7.12 0 -0 34.55 57.23 11.25 -0 0 0 65.49 -12.95 93.44 -41.04 48.67 -19.22 0 0 1.6 -56.02 8.5 -12.37 7.12 -0 -0 -19.79 -15.54 -14.68
1.2 9.85 -6.77 1.52 -79.87 -26.43 0 0 0 5.66 -8.61 -71.66 24.09 19.59 102.04 -0.69 -14.56 4.64 0.51 -4.58 -12.7 0 0 0 -7.77 1.13 -70.44 -28.98 -17.94 117.17 -0.54 9.43 -13.69 -0.01 -0.63 1.73 0.6 2.53 37.04 -0.1 1.43 15.87 -0.86 -0.07 -0.92 -11.88 -5.85 -5.84 8.94 -7.51 -24.31 5.11 -3.72 -5.61 -0 0 0 -65.47 8.82 91.53 33.21 -43.49 -13.56 -0 -0 2.75 57.29 17.89 25.57 -7.12 0 -0 34.52 57.29 11.29 -0 0 0 65.23 -12.88 93.8 -41.31 48.83 -19.42 0 0 1.53 -56.29 7.74 -11.42 7.12 -0 -0 -20.19 -16.68 -14.48
1.2 9.85 -6.77 0.62 -79.91 -25.46 0 0 0 5.87 -8.55 -71.83 24.11 19.59 102.08 -0.7 -14.63 4.76 0.48 -4.43 -12.29 0 0 0 -7.57 1.14 -70.53 -28.98 -17.94 117.17 -0.55 9.28 -13.79 -0 -0.43 1.19 0.79 2.5 37.07 -0.14 1.45 15.85 -1.01 -0.05 -0.95 -11.5 -5.87 -6.09 8.71 -7.54 -23.95 4.94 -3.75 -5.48 0 -0 0 -65.4 8.73 91.6 33.04 -43.36 -13.45 -0 -0 2.71 56.93 17.54 24.84 -7.12 0 -0 33.67 56.69 10.47 0 -0 0 65.45 -12.77 93.86 -40.98 48.64 -19.17 0 0 1.42 -56.51 8.1 -12.03 7.12 -0 -0 -20.21 -16.03 -14.8
1.2 9.86 -6.76 0.33 -79.96 -25.09 0 0 0 5.94 -8.51 -71.86 24.1 19.59 102.06 -0.69 -14.56 4.88 0.42 -4.17 -11.55 0 0 0 -7.51 1.24 -70.53 -28.96 -17.95 117.1 -0.55 9.25 -13.75 -0.01 -0.53 1.45 0.88 2.5 37 -0.15 1.48 15.87 -1.08 -0.03 -0.89 -11.35 -5.91 -6.2 8.6 -7.59 -23.7 4.87 -3.78 -5.39 0 -0 0 -65.41 8.68 91.57 32.93 -43.27 -13.37 -0 -0 2.72 57.2 17.76 25.33 -7.12 0 -0 34.26 57.09 11.02 0 -0 0 65.47 -12.75 93.83 -41.01 48.66 -19.2 0 0 1.47 -56.26 8.19 -12.04 7.12 -0 -0 -20.03 -15.96 -14.69
1.2 9.86 -6.76 -0.21 -80.03 -24.53 0 0 0 6.14 -8.5 -71.89 24.1 19.59 102.07 -0.69 -14.56 5.08 0.34 -3.77 -10.44 0 0 0 -7.38 1.31 -70.55 -28.95 -17.96 117.06 -0.55 9.24 -13.75 -0.01 -0.57 1.55 0.85 2.5 37.14 -0.12 1.47 15.81 -1.02 -0.04 -1.01 -11.16 -5.86 -6.33 8.35 -7.54 -23.37 4.74 -3.75 -5.29 -0 0 0 -65.55 8.79 91.37 32.85 -43.22 -13.32 -0 -0 2.85 57.11 17.87 25.39 -7.12 0 -0 34.22 57.21 11.11 -0 0 0 65.28 -12.78 94.02 -41.19 48.76 -19.33 0 0 1.52 -56.22 8.13 -11.94 7.12 -0 -0 -20.03 -16.08 -14.63
1.2 9.86 -6.76 -0.28 -80.01 -24.38 0 0 0 6.16 -8.51 -72 24.11 19.59 102.1 -0.69 -14.49 5.12 0.34 -3.73 -10.31 0 0 0 -7.41 1.18 -70.67 -28.96 -17.95 117.09 -0.53 9.27 -13.54 -0 -0.35 0.97 0.88 2.4 37.15 -0.12 1.35 15.82 -1.01 -0.09 -1 -11.47 -5.85 -6.35 8.59 -7.48 -23.22 4.86 -3.71 -5.22 -0 0 0 -65.67 8.79 91.15 32.83 -43.2 -13.3 -0 -0 2.77 56.96 17.43 24.73 -7.12 0 -0 33.62 56.55 10.33 -0 0 0 65.21 -12.61 94.08 -40.98 48.64 -19.17 0 0 1.55 -56.34 8.14 -12.01 7.12 -0 -0 -20.1 -16.02 -14.72
1.19 9.86 -6.76 -0.6 -80.09 -24 0 0 0 6.18 -8.41 -72.09 24.11 19.59 102.1 -0.69 -14.58 4.85 0.46 -4.34 -12.05 0 0 0 -7.37 1.22 -70.84 -28.97 -17.95 117.11 -0.5 9.31 -13.25 -0 -0.32 0.87 1.02 2.39 37.2 -0.18 1.39 15.8 -1.15 -0.06 -1.04 -11.52 -5.82 -6.16 8.63 -7.44 -23.24 4.88 -3.69 -5.25 -0 -0 0 -65.5 8.83 91.2 32.79 -43.17 -13.28 -0 -0 2.8 56.87 17.56 24.81 -7.12 0 -0 33.59 56.69 10.44 -0 -0 0 65.5 -12.62 93.89 -40.77 48.52 -19.01 0 0 1.55 -56.18 8.54 -12.5 7.12 -0 -0 -19.87 -15.42 -14.81
1.2 9.86 -6.76 -0.77 -80.11 -23.82 0 0 0 6.18 -8.36 -72.07 24.1 19.59 102.07 -0.7 -14.69 4.7 0.51 -4.57 -12.67 0 0 0 -7.39 1.24 -70.96 -28.99 -17.94 117.19 -0.46 9.28 -12.86 -0 -0.29 0.79 1.03 2.36 37.29 -0.17 1.34 15.82 -1.13 -0.09 -1.04 -11.01 -5.76 -6.68 7.68 -7.46 -22.63 4.45 -3.68 -5.05 -0 0 0 -65.58 8.94 90.92 32.8 -43.18 -13.29 -0 -0 2.99 56.97 17.38 24.68 -7.12 0 -0 33.6 56.49 10.27 -0 0 0 65.48 -12.49 93.95 -40.71 48.48 -18.97 0 0 1.62 -56.16 8.44 -12.35 7.12 -0 -0 -19.89 -15.59 -14.74
1.19 9.85 -6.76 -0.77 -80.11 -23.75 0 0 0 6.33 -8.42 -72.22 24.12 19.59 102.12 -0.69 -14.56 5.1 0.39 -3.99 -11.04 0 0 0 -7.31 0.99 -71.34 -29.04 -17.92 117.34 -0.44 8.83 -12.48 -0.01 0.69 -1.89 1.06 2.35 37.35 -0.16 1.34 15.79 -1.14 -0.09 -1.09 -11.02 -5.8 -6.43 7.61 -7.54 -22.63 4.44 -3.72 -5.08 0 -0 0 -65.64 8.98 90.87 32.81 -43.18 -13.29 -0 -0 3.07 56.99 17.31 24.61 -7.12 0 -0 33.57 56.4 10.18 0 -0 0 65.58 -12.51 93.82 -40.61 48.43 -18.9 0 0 1.64 -56.07 8.74 -12.73 7.12 -0 -0 -19.75 -15.13 -14.83
1.19 9.86 -6.76 -0.11 -80.19 -24.4 0 0 0 6.1 -8.33 -72.11 24.11 19.59 102.1 -0.7 -14.7 4.51 0.56 -4.79 -13.31 0 0 0 -7.59 0.97 -71.59 -29.06 -17.9 117.43 -0.36 9.02 -11.62 -0 0.19 -0.51 0.9 2.34 37.47 -0.18 1.27 15.73 -1.05 -0.13 -1.21 -11.04 -5.85 -6.51 7.38 -7.62 -22.3 4.35 -3.74 -4.97 0 -0 0 -65.8 9.31 90.68 32.82 -43.19 -13.3 -0 -0 3.21 57.06 17.35 24.72 -7.12 0 -0 33.72 56.48 10.3 0 -0 0 65.42 -12.45 94.01 -40.65 48.45 -18.92 0 0 1.68 -56 8.4 -12.22 7.12 -0 -0 -19.81 -15.71 -14.62
1.19 9.86 -6.76 -0.97 -80.39 -23.47 0 0 0 6.34 -8.22 -72.2 24.12 19.59 102.14 -0.7 -14.7 4.32 0.63 -5.07 -14.12 0 0 0 -7.44 1.19 -71.84 -29.08 -17.89 117.49 -0.34 8.85 -11.23 -0 0.42 -1.14 1.16 2.2 37.41 -0.29 1.17 15.78 -1.27 -0.17 -1.12 -10.81 -5.82 -6.64 7.19 -7.62 -22.29 4.25 -3.75 -4.97 0 -0 0 -65.95 9.34 90.33 32.58 -43 -13.13 -0 -0 3.38 57.29 17.63 25.25 -7.12 0 -0 34.3 56.94 10.91 0 -0 0 65.51 -12.17 94.14 -40.46 48.34 -18.78 0 0 1.73 -56.13 8.56 -12.51 7.12 -0 -0 -19.84 -15.4 -14.79
1.19 9.86 -6.76 -0.75 -80.42 -23.66 0 0 0 6.39 -8.28 -72.19 24.13 19.59 102.14 -0.69 -14.59 4.55 0.54 -4.71 -13.09 0 0 0 -7.48 1.08 -71.98 -29.09 -17.89 117.51 -0.3 8.9 -10.85 -0.01 0.69 -1.9 1.14 2.17 37.37 -0.35 1.11 15.84 -1.31 -0.2 -1.05 -11.23 -5.94 -6.56 7.85 -7.67 -22.42 4.54 -3.78 -4.97 0 0 0 -65.87 9.26 90.42 32.57 -42.99 -13.12 -0 -0 3.26 57.52 17.92 25.81 -7.12 0 -0 34.91 57.42 11.56 0 0 0 65.58 -12.04 93.98 -40.48 48.35 -18.79 0 0 1.76 -56.05 8.89 -12.93 7.12 -0 -0 -19.69 -14.9 -14.89
1.19 9.86 -6.76 0.41 -80.44 -24.75 0 0 0 6.17 -8.25 -72.17 24.12 19.59 102.13 -0.69 -14.52 4.3 0.6 -4.96 -13.79 0 0 0 -7.78 1.08 -72.04 -29.09 -17.89 117.52 -0.29 9.31 -10.8 -0 0.32 -0.87 0.87 2.15 37.4 -0.52 0.98 15.84 -1.3 -0.27 -1.06 -10.63 -6.29 -7.3 7.47 -8.12 -21.46 4.24 -4.04 -4.55 -0 -0 0 -65.78 9.4 90.32 32.46 -42.91 -13.05 -0 -0 3.38 57.46 18.02 25.86 -7.12 0 -0 34.89 57.52 11.64 -0 -0 0 65.68 -11.84 94.11 -40.46 48.34 -18.78 0 0 2.04 -56.19 8.44 -12.36 7.12 -0 -0 -19.91 -15.58 -14.76
1.18 9.86 -6.75 0.36 -80.54 -24.67 0 0 0 6.16 -8.13 -72.22 24.14 19.58 102.19 -0.7 -14.74 3.94 0.72 -5.42 -15.12 0 0 0 -7.52 1.09 -71.94 -29.06 -17.91 117.42 -0.36 9.06 -11.61 -0 0.43 -1.18 0.77 2.06 37.42 -0.56 0.83 15.84 -1.24 -0.35 -1.08 -12.17 -6.94 -6.53 9.55 -8.76 -22 5.19 -4.36 -4.59 0 0 0 -65.98 9.62 89.95 32.42 -42.88 -13.02 -0 -0 3.53 58.04 18.59 27.07 -7.12 0 -0 36.34 58.49 13.09 0 0 0 65.47 -11.54 94.39 -40.41 48.31 -18.74 0 0 2.05 -55.99 8.62 -12.52 7.12 -0 -0 -19.74 -15.36 -14.72
1.18 9.86 -6.75 1.02 -80.56 -25.3 0 0 0 6.1 -8.16 -72.19 24.14 19.58 102.2 -0.7 -14.67 3.96 0.73 -5.45 -15.2 0 0 0 -7.53 1.03 -71.7 -29.02 -17.93 117.28 -0.4 9.53 -12.26 -0 0.11 -0.3 0.6 2.06 37.41 -0.66 0.77 15.83 -1.24 -0.39 -1.08 -13.09 -8.12 -5.59 11.62 -10.17 -22.48 6.01 -5.14 -4.53 0 -0 0 -65.87 9.8 89.9 32.47 -42.92 -13.06 -0 -0 3.59 58.08 18.39 26.86 -7.12 0 -0 36.22 58.24 12.81 0 -0 0 65.55 -11.3 94.44 -40.24 48.21 -18.62 0 0 1.91 -55.53 9.07 -12.93 7.12 -0 -0 -19.32 -14.8 -14.62
1.18 9.86 -6.76 1.16 -80.51 -25.38 0 0 0 6.23 -8.33 -72.26 24.14 19.58 102.17 -0.68 -14.43 4.5 0.49 -4.5 -12.49 0 0 0 -7.5 1.11 -71.34 -28.94 -17.96 117.04 -0.45 9.91 -12.9 -0.01 -0.49 1.33 0.31 1.95 37.48 -0.77 0.54 15.71 -1.13 -0.51 -1.24 -14.01 -9.42 -4.3 13.69 -11.81 -23.12 6.85 -6.05 -4.5 0 0 0 -65.92 10.34 89.51 32.57 -42.99 -13.13 -0 -0 3.83 58.22 18.68 27.34 -7.12 0 -0 36.72 58.68 13.42 0 0 0 65.58 -10.9 94.93 -40.11 48.13 -18.52 0 0 1.84 -55.47 8.95 -12.74 7.12 -0 -0 -19.32 -15 -14.53
1.18 9.87 -6.76 1.62 -80.5 -25.83 0 0 0 6.2 -8.43 -72.12 24.13 19.59 102.17 -0.67 -14.39 4.43 0.47 -4.41 -12.24 0 0 0 -7.53 1.21 -71.18 -28.92 -17.97 116.97 -0.47 9.89 -13.1 -0 -0.29 0.79 0.06 1.78 37.44 -1.04 0.22 15.73 -1.18 -0.67 -1.22 -14.22 -10.64 -3.64 15.14 -13.37 -23.2 7.3 -6.94 -4.26 -0 0 0 -65.95 10.89 88.58 32.49 -42.94 -13.08 -0 -0 4.24 58.15 18.46 27.01 -7.12 0 -0 36.4 58.36 12.99 -0 0 0 65.68 -10.36 95.33 -40.04 48.09 -18.47 0 0 1.79 -54.98 9.24 -12.91 7.12 -0 -0 -18.94 -14.69 -14.33
1.17 9.87 -6.76 1.24 -80.5 -25.41 0 0 0 6.21 -8.31 -72.22 24.15 19.58 102.22 -0.69 -14.58 4.14 0.59 -4.91 -13.64 0 0 0 -7.41 1.28 -71.36 -28.98 -17.95 117.15 -0.49 9.52 -13.28 -0 0.11 -0.29 -0.25 1.6 37.37 -1.24 -0.13 15.72 -1.1 -0.85 -1.22 -15.13 -11.63 -2.43 17.4 -14.57 -23.63 8.16 -7.67 -4.09 0 0 0 -66.19 11.82 87.31 32.5 -42.94 -13.08 -0 -0 5.02 58.59 18.73 27.73 -7.12 0 -0 37.39 58.87 13.89 0 0 0 65.74 -9.61 96.08 -39.88 48 -18.35 0 0 1.58 -54.69 9.71 -13.39 7.12 -0 -0 -18.63 -14.06 -14.34
1.17 9.87 -6.77 1.62 -80.51 -25.67 0 0 0 6.29 -8.41 -72.29 24.14 19.58 102.18 -0.67 -14.35 4.53 0.44 -4.24 -11.76 0 0 0 -7.46 1.47 -71.48 -28.98 -17.94 117.17 -0.51 9.36 -13.36 -0 -0.06 0.17 -0.63 1.39 37.2 -1.54 -0.53 15.73 -1.09 -1.06 -1.16 -15.05 -12.21 -1.84 18.66 -15.27 -23.71 8.53 -8.14 -3.96 -0 0 0 -66.11 12.56 86.39 32.65 -43.06 -13.18 -0 -0 5.43 58.69 18.82 27.95 -7.12 0 -0 37.66 59.04 14.16 -0 0 0 65.78 -8.91 96.71 -39.92 48.02 -18.38 0 0 1.43 -55.56 5.53 -8 7.12 -0 -0 -20.43 -20.48 -12.82
1.17 9.87 -6.77 0.4 -80.55 -24.38 0 0 0 6.56 -8.41 -72.36 24.14 19.58 102.18 -0.68 -14.43 4.52 0.43 -4.22 -11.69 0 0 0 -7.14 1.64 -71.4 -28.95 -17.96 117.07 -0.54 9.17 -13.7 -0 -0.07 0.2 -0.67 1.14 37.13 -1.77 -0.86 15.69 -1.2 -1.22 -1.19 -15.21 -12.71 -1.37 19.98 -15.84 -23.68 8.94 -8.54 -3.75 -0 0 0 -66.26 13.39 85.34 32.52 -42.96 -13.1 -0 -0 5.81 58.3 18.37 27.04 -7.12 0 -0 36.57 58.3 13.01 -0 0 0 66.1 -8.52 96.94 -39.76 47.93 -18.26 0 0 1.52 -54.11 7.43 -10.13 7.12 -0 -0 -18.93 -17.79 -12.97
1.17 9.87 -6.76 0.53 -80.65 -24.49 0 0 0 6.53 -8.3 -72.39 24.15 19.58 102.23 -0.68 -14.43 4.36 0.47 -4.38 -12.16 0 0 0 -7.18 1.99 -71.36 -28.94 -17.96 117.03 -0.54 9.08 -13.7 -0 -0.12 0.34 -0.88 0.97 37.13 -1.95 -1.17 15.71 -1.18 -1.38 -1.18 -16.56 -12.97 -1.11 22.07 -16.03 -23.42 9.75 -8.71 -3.3 -0 -0 0 -66.53 13.93 84.41 32.45 -42.9 -13.04 -0 -0 5.17 57.28 17.34 24.89 -7.12 0 -0 34.04 56.55 10.48 -0 -0 0 65.65 -8.04 97.63 -40.62 48.43 -18.9 0 0 1.32 -53.73 6.73 -9.07 7.12 -0 -0 -18.89 -18.98 -12.4
1.17 9.87 -6.76 1.34 -80.71 -25.31 0 0 0 6.41 -8.21 -72.31 24.16 19.58 102.25 -0.68 -14.44 4.29 0.48 -4.42 -12.27 0 0 0 -7.32 2.19 -71.35 -28.95 -17.96 117.06 -0.55 9 -13.75 -0 -0.11 0.3 -1.08 0.84 37.18 -2.19 -1.42 15.72 -1.25 -1.5 -1.2 -16.99 -13.2 -0.9 23.58 -16.21 -23.47 10.28 -8.9 -3.08 -0 -0 0 -67.07 14.72 83.14 31.93 -42.49 -12.69 -0 -0 6.29 57.78 17.42 25.41 -7.12 0 -0 34.86 56.82 11.02 -0 -0 0 65.77 -7.6 97.94 -40.44 48.33 -18.77 0 0 1.49 -53.91 7.18 -9.73 7.12 -0 -0 -18.87 -18.24 -12.73
1.16 9.87 -6.76 -0.49 -80.83 -23.37 0 0 0 6.74 -8.09 -72.56 24.19 19.57 102.33 -0.69 -14.6 4.1 0.58 -4.88 -13.58 0 0 0 -6.93 2.35 -71.5 -28.96 -17.95 117.09 -0.57 8.8 -13.9 -0 -0.08 0.21 -1.06 0.64 37.2 -2.13 -1.65 15.65 -1.12 -1.62 -1.28 -18.16 -13.57 -0.63 25.16 -16.65 -23.53 10.92 -9.18 -2.73 0 0 0 -66.46 15.61 83.23 32.85 -43.22 -13.32 -0 -0 5.9 58.35 18.19 26.86 -7.12 0 -0 36.47 58.07 12.77 0 0 0 65.32 -6.97 98.59 -40.68 48.47 -18.95 0 0 1.08 -53.7 6.77 -9.12 7.12 -0 -0 -18.86 -18.93 -12.41
1.16 9.87 -6.76 -0.77 -80.91 -23.08 0 0 0 6.82 -7.97 -72.54 24.19 19.57 102.34 -0.7 -14.66 4 0.61 -4.99 -13.88 0 0 0 -6.79 2.33 -71.49 -28.95 -17.96 117.04 -0.58 8.75 -13.95 -0 0.07 -0.2 -1.16 0.27 37.02 -2.68 -2.2 15.79 -1.46 -1.88 -1.1 -17.94 -13.91 0.07 26.68 -17.04 -24.28 11.44 -9.59 -2.79 -0 -0 0 -66.9 16.5 81.3 32.33 -42.81 -12.97 -0 -0 6.56 58.11 17.95 26.35 -7.12 0 -0 35.87 57.66 12.15 -0 -0 0 65.68 -5.75 99.89 -40.6 48.42 -18.89 0 0 0.81 -53.73 6.65 -8.96 7.12 -0 -0 -18.91 -19.11 -12.37
1.16 9.87 -6.77 -1.08 -81.01 -22.75 0 0 0 6.97 -7.73 -72.56 24.19 19.57 102.33 -0.71 -14.76 4.34 0.5 -4.55 -12.62 0 0 0 -6.69 2.69 -71.43 -28.94 -17.96 117.02 -0.59 8.65 -14.08 -0 -0.08 0.23 -1.41 0.09 37.09 -2.79 -2.52 15.76 -1.35 -2.05 -1.16 -18.92 -14.46 1.41 28.63 -17.82 -25.23 12.31 -10.18 -2.72 -0 -0 0 -67.53 17.17 80.26 32.08 -42.61 -12.8 -0 -0 6.77 57.86 18.05 26.26 -7.12 0 -0 35.56 57.71 12.07 -0 -0 0 65.37 -4.85 100.91 -40.7 48.48 -18.96 0 0 0.4 -53.67 6.61 -8.9 7.12 -0 -0 -18.88 -19.18 -12.31
1.16 9.88 -6.77 0.24 -81.07 -23.98 0 0 0 6.79 -7.59 -72.54 24.18 19.58 102.29 -0.7 -14.71 4.43 0.47 -4.41 -12.24 0 0 0 -6.89 2.88 -71.53 -28.96 -17.96 117.07 -0.59 8.63 -14.09 -0 -0.13 0.37 -1.94 0.04 36.98 -2.98 -2.77 15.77 -1.18 -2.2 -1.11 -18.67 -15.14 2.38 29.51 -18.79 -25.83 12.55 -10.84 -2.72 -0 0 0 -67.81 17.63 79.56 31.93 -42.49 -12.7 -0 -0 6.96 57.85 17.9 26.06 -7.12 0 -0 35.4 57.5 11.82 -0 0 0 65.32 -4.06 101.67 -40.71 48.49 -18.97 0 0 0.01 -53.36 6.28 -8.36 7.12 -0 -0 -18.78 -19.77 -11.97
1.15 9.88 -6.76 2.56 -81.05 -26.41 0 0 0 6.26 -7.51 -72.24 24.16 19.58 102.26 -0.71 -14.76 3.93 0.62 -5.04 -14.03 0 0 0 -7.33 2.9 -71.37 -28.95 -17.96 117.05 -0.58 8.89 -13.99 -0 -0.33 0.92 -2.75 0.04 36.97 -3.14 -3.07 15.85 -0.85 -2.4 -1 -18.34 -15.72 3.18 30.12 -19.62 -26.13 12.67 -11.4 -2.69 0 0 0 -67.87 18.28 79.02 32.35 -42.82 -12.98 -0 -0 6.96 58.69 18.61 27.69 -7.12 0 -0 37.45 58.76 13.81 0 0 0 65.12 -3.33 102.43 -40.69 48.47 -18.95 0 0 0.07 -53.72 6.41 -8.65 7.12 -0 -0 -18.98 -19.48 -12.25
1.15 9.88 -6.76 0.86 -81.3 -24.65 0 0 0 6.66 -7.33 -72.39 24.2 19.57 102.35 -0.72 -14.89 3.88 0.65 -5.17 -14.38 0 0 0 -6.94 3.05 -71.47 -28.94 -17.96 117.03 -0.58 8.8 -13.98 -0 -0.28 0.76 -2.5 -0.11 36.88 -3.24 -3.17 15.88 -1.05 -2.43 -0.95 -18.51 -16.3 4.02 31.08 -20.48 -26.27 12.94 -11.96 -2.49 0 0 0 -67.9 18.35 78.83 32.18 -42.69 -12.86 -0 -0 6.98 58.6 18.33 27.25 -7.12 0 -0 37.01 58.35 13.24 0 0 0 65.14 -3.06 102.56 -40.8 48.54 -19.04 0 0 0 -53.81 6.61 -8.95 7.12 -0 -0 -18.97 -19.14 -12.39
1.15 9.88 -6.76 1.46 -81.35 -25.24 0 0 0 6.6 -7.35 -72.37 24.21 19.57 102.4 -0.71 -14.81 3.75 0.69 -5.29 -14.75 0 0 0 -7.05 3.02 -71.54 -28.95 -17.96 117.06 -0.57 8.95 -13.89 -0 -0.45 1.23 -2.63 -0.09 36.84 -3.32 -3.21 15.94 -1.05 -2.46 -0.87 -18.29 -16.65 4.64 31.46 -20.97 -26.5 13.03 -12.3 -2.5 0 -0 0 -67.73 18.32 78.92 32.39 -42.86 -13 -0 -0 6.78 58.55 18.18 27.03 -7.12 0 -0 36.8 58.13 12.95 0 -0 0 65.29 -2.94 102.43 -40.67 48.46 -18.94 0 0 0.1 -53.94 6.68 -9.08 7.12 -0 -0 -19.04 -19 -12.51
1.15 9.88 -6.75 1.45 -81.42 -25.21 0 0 0 6.63 -7.36 -72.4 24.22 19.57 102.43 -0.71 -14.77 3.87 0.62 -5.04 -14.02 0 0 0 -7.03 2.97 -71.63 -28.94 -17.96 117.03 -0.56 8.92 -13.82 -0 -0.24 0.66 -2.54 -0.16 36.76 -3.4 -3.28 16.01 -1.17 -2.49 -0.78 -18.27 -16.78 4.49 31.54 -21.17 -25.94 12.94 -12.38 -2.26 0 0 0 -67.68 18.32 78.79 32.48 -42.93 -13.07 -0 -0 6.81 58.74 18.43 27.5 -7.12 0 -0 37.34 58.53 13.55 0 0 0 65.35 -2.91 102.23 -40.62 48.43 -18.9 0 0 0.35 -54.26 6.92 -9.5 7.12 -0 -0 -19.17 -18.56 -12.81
1.15 9.88 -6.74 0.5 -81.52 -24.25 0 0 0 6.86 -7.32 -72.49 24.25 19.56 102.5 -0.7 -14.74 3.99 0.57 -4.84 -13.46 0 0 0 -6.84 2.76 -71.7 -28.93 -17.97 117 -0.55 9.07 -13.73 -0 -0.38 1.03 -2.44 -0.17 36.7 -3.29 -3.24 16.04 -1.12 -2.48 -0.72 -18.37 -16.62 4.24 31.26 -20.97 -25.42 12.82 -12.21 -2.15 0 -0 0 -68.05 18.32 78.46 32.33 -42.8 -12.96 -0 -0 7.05 58.75 18.57 27.68 -7.12 0 -0 37.5 58.72 13.79 0 -0 0 65.25 -2.99 102.04 -40.62 48.43 -18.9 0 0 0.52 -54.39 6.58 -9.09 7.12 -0 -0 -19.36 -19.07 -12.71
1.16 9.88 -6.74 0.72 -81.61 -24.5 0 0 0 6.87 -7.44 -72.36 24.25 19.56 102.51 -0.69 -14.59 3.87 0.54 -4.72 -13.12 0 0 0 -6.91 2.91 -71.64 -28.92 -17.98 116.95 -0.53 9.18 -13.61 -0.01 -0.48 1.31 -2.39 -0.07 36.76 -3.28 -3.12 16.09 -1.18 -2.42 -0.69 -18.36 -16.44 3.92 30.9 -20.73 -24.94 12.66 -12.02 -2.08 0 0 0 -67.97 18.43 78.26 32.54 -42.97 -13.11 -0 -0 7.26 58.45 18.22 26.98 -7.12 0 -0 36.65 58.14 12.9 0 0 0 65.26 -3.07 101.76 -40.69 48.47 -18.95 0 0 0.52 -54.05 6.38 -8.72 7.12 -0 -0 -19.2 -19.45 -12.42
1.16 9.88 -6.74 0.75 -81.66 -24.52 0 0 0 6.95 -7.56 -72.34 24.24 19.56 102.47 -0.68 -14.48 3.81 0.58 -4.86 -13.5 0 0 0 -6.86 2.9 -71.7 -28.91 -17.98 116.94 -0.53 9.2 -13.56 -0 -0.4 1.09 -2.46 0.03 36.82 -3.2 -3.03 16.09 -1.08 -2.38 -0.7 -18.65 -16.21 3.7 30.87 -20.44 -24.58 12.69 -11.82 -1.98 -0 0 0 -68.3 18.41 77.8 32.27 -42.76 -12.92 -0 -0 7.51 57.96 17.75 25.98 -7.12 0 -0 35.45 57.34 11.7 -0 0 0 65.13 -3.13 101.81 -40.79 48.53 -19.03 0 0 0.43 -53.99 6.45 -8.78 7.12 -0 -0 -19.14 -19.37 -12.42
1.16 9.88 -6.74 1.43 -81.63 -25.1 0 0 0 6.82 -7.56 -72.41 24.24 19.56 102.49 -0.68 -14.49 3.6 0.62 -5.02 -13.97 0 0 0 -6.97 2.79 -71.88 -28.93 -17.97 116.99 -0.51 9.19 -13.35 -0 -0.17 0.48 -2.48 0.07 36.84 -3.3 -2.98 16.06 -1.19 -2.35 -0.74 -18.57 -16.16 3.45 30.59 -20.36 -24.29 12.55 -11.74 -1.93 -0 0 0 -68.37 18.28 77.5 32.16 -42.68 -12.85 -0 -0 7.68 58.02 17.78 26.06 -7.12 0 -0 35.56 57.4 11.8 -0 0 0 65.25 -3.16 101.92 -40.91 48.6 -19.12 0 0 0.21 -53.85 6.6 -8.94 7.12 -0 -0 -19 -19.15 -12.41
1.16 9.88 -6.75 1.99 -81.51 -25.63 0 0 0 6.7 -7.73 -72.42 24.23 19.57 102.44 -0.67 -14.39 3.63 0.62 -5.05 -14.05 0 0 0 -7.11 2.61 -71.93 -28.94 -17.96 117.03 -0.5 9.24 -13.21 -0 -0.21 0.57 -2.51 0.16 36.89 -3.3 -2.89 16.11 -1.21 -2.31 -0.7 -18.43 -16.24 3.35 30.4 -20.46 -24.25 12.44 -11.77 -1.92 0 0 0 -68.39 18.15 77.32 32.14 -42.65 -12.83 -0 -0 8.03 58.4 18.05 26.73 -7.12 0 -0 36.42 57.9 12.59 0 0 0 65.38 -3.14 101.84 -40.83 48.56 -19.06 0 -0 -0.07 -53.61 7.13 -9.56 7.12 -0 -0 -18.69 -18.39 -12.53
1.15 9.88 -6.75 2.48 -81.46 -26.17 0 0 0 6.57 -7.72 -72.36 24.2 19.57 102.35 -0.66 -14.34 3.63 0.64 -5.12 -14.26 0 0 0 -7.19 2.53 -72.04 -28.97 -17.95 117.14 -0.47 9.04 -12.89 -0 0.39 -1.06 -2.48 0.16 36.95 -3.39 -2.89 16.17 -1.32 -2.31 -0.66 -18.48 -16.22 3.32 30.37 -20.46 -24.14 12.42 -11.76 -1.89 0 0 0 -68.33 18.2 76.99 32.23 -42.73 -12.9 -0 -0 8.49 58.61 18.08 26.97 -7.12 0 -0 36.8 58.02 12.86 0 0 0 65.5 -3 102.05 -40.75 48.51 -19 0 -0 -0.21 -53.85 6.75 -9.14 7.12 -0 -0 -18.96 -18.93 -12.48
1.15 9.88 -6.76 3.53 -81.34 -27.19 0 0 0 6.26 -7.72 -72.25 24.2 19.57 102.35 -0.67 -14.5 3.14 0.81 -5.75 -16.05 0 0 0 -7.58 2.32 -72.32 -29.04 -17.92 117.33 -0.4 9.19 -12.15 -0 0.26 -0.73 -2.62 0.32 36.97 -3.25 -2.73 16.18 -1.15 -2.25 -0.64 -19.23 -16.28 3.65 30.76 -20.59 -24.3 12.67 -11.82 -1.8 0 0 0 -68.5 18.05 77.21 32.22 -42.72 -12.89 -0 -0 8.63 59 18.81 28.22 -7.12 0 -0 38.18 59.13 14.48 0 0 0 65.37 -3.09 101.97 -40.6 48.42 -18.89 0 -0 -0.29 -53.95 6.24 -8.5 7.12 -0 -0 -19.18 -19.69 -12.29
1.15 9.89 -6.76 3.61 -81.24 -27.18 0 0 0 6.3 -7.88 -72.35 24.18 19.58 102.31 -0.67 -14.45 3.42 0.7 -5.34 -14.89 0 0 0 -7.8 2.35 -72.63 -29.07 -17.9 117.46 -0.34 9.04 -11.41 -0 0.14 -0.4 -2.62 0.38 36.97 -3.24 -2.65 16.18 -1.16 -2.2 -0.64 -19 -16.31 3.69 30.62 -20.62 -24.27 12.59 -11.84 -1.84 0 -0 0 -68.32 17.9 77.36 32.27 -42.76 -12.92 -0 -0 8.65 58.97 18.84 28.23 -7.12 0 -0 38.15 59.16 14.5 0 -0 0 65.46 -3.14 101.86 -40.53 48.38 -18.83 0 -0 -0.41 -54.13 6.69 -9.16 7.12 -0 -0 -19.16 -18.94 -12.62
1.15 9.89 -6.76 3.75 -81.29 -27.37 0 0 0 6.32 -7.78 -72.28 24.18 19.58 102.31 -0.67 -14.36 3.67 0.6 -4.95 -13.77 0 0 0 -7.8 2.2 -72.84 -29.12 -17.87 117.62 -0.31 8.84 -10.91 -0.02 0.85 -2.32 -2.67 0.45 37.07 -3.26 -2.59 16.23 -1.17 -2.18 -0.62 -18.56 -16.26 3.71 30.19 -20.54 -24.43 12.43 -11.8 -2.04 0 -0 0 -68.18 17.95 77.32 32.51 -42.95 -13.09 -0 -0 8.63 59.1 19.03 28.59 -7.12 0 -0 38.59 59.47 14.99 0 -0 0 65.5 -3.09 101.89 -40.54 48.39 -18.84 0 -0 -0.44 -53.89 7.34 -9.93 7.12 -0 -0 -18.82 -18 -12.79
1.15 9.89 -6.75 4.43 -81.27 -27.99 0 0 0 6.19 -7.8 -72.33 24.19 19.57 102.33 -0.66 -14.36 3.53 0.63 -5.1 -14.18 0 0 0 -8.12 2.18 -73.1 -29.16 -17.86 117.73 -0.26 8.93 -10.27 -0.01 0.53 -1.44 -2.82 0.49 37.04 -3.25 -2.6 16.25 -1.09 -2.2 -0.58 -18.42 -16.17 3.74 29.83 -20.42 -24.45 12.33 -11.72 -2.15 0 0 0 -68.22 17.83 77.45 32.55 -42.98 -13.11 -0 -0 8.51 59.14 18.91 28.48 -7.12 0 -0 38.53 59.32 14.82 0 0 0 65.46 -3 101.98 -40.49 48.36 -18.8 0 -0 -0.32 -53.98 7.04 -9.57 7.12 -0 -0 -18.95 -18.43 -12.7
1.15 9.89 -6.74 4.46 -81.25 -28 0 0 0 6.13 -7.85 -72.37 24.2 19.57 102.36 -0.66 -14.31 3.46 0.65 -5.14 -14.3 0 0 0 -8.18 1.96 -73.19 -29.15 -17.86 117.72 -0.24 8.95 -9.97 -0 0.38 -1.04 -2.88 0.47 37.07 -3.27 -2.65 16.26 -1.06 -2.22 -0.58 -18.03 -16.03 3.68 29.17 -20.26 -24.21 12.08 -11.59 -2.27 0 0 0 -68.32 17.82 77.31 32.44 -42.9 -13.04 -0 -0 8.61 59.17 19.13 28.78 -7.12 0 -0 38.82 59.62 15.23 0 0 0 65.5 -2.92 102.07 -40.47 48.34 -18.79 0 -0 -0.28 -53.99 6.92 -9.41 7.12 -0 -0 -19 -18.62 -12.65
1.15 9.89 -6.74 4.63 -81.3 -28.1 0 0 0 6.18 -7.72 -72.46 24.2 19.57 102.36 -0.67 -14.39 3.81 0.51 -4.58 -12.71 0 0 0 -8.25 2.01 -73.21 -29.15 -17.86 117.71 -0.24 9.22 -10.15 -0 0.2 -0.55 -2.86 0.46 37.03 -3.29 -2.65 16.22 -1.09 -2.22 -0.61 -18.03 -15.91 3.57 28.74 -20.15 -23.74 11.91 -11.47 -2.21 0 0 0 -68.32 17.76 77.42 32.34 -42.82 -12.97 -0 -0 8.58 58.78 18.7 27.88 -7.12 0 -0 37.69 58.91 14.06 0 0 0 65.44 -3 102.02 -40.53 48.38 -18.83 0 -0 -0.26 -53.77 6.91 -9.33 7.12 -0 -0 -18.86 -18.69 -12.52
1.15 9.89 -6.74 3.79 -81.36 -27.26 0 0 0 6.29 -7.6 -72.5 24.2 19.57 102.37 -0.67 -14.42 3.73 0.57 -4.83 -13.41 0 0 0 -7.9 2.13 -72.96 -29.1 -17.88 117.56 -0.3 9.13 -10.87 -0.01 0.48 -1.32 -2.78 0.43 37.06 -3.25 -2.66 16.19 -1.09 -2.22 -0.65 -17.77 -15.76 3.17 27.79 -19.99 -22.97 11.5 -11.27 -2.13 0 -0 0 -68.33 17.71 77.54 32.31 -42.8 -12.95 -0 -0 8.47 58.98 18.83 28.22 -7.12 0 -0 38.16 59.15 14.49 0 -0 0 65.49 -3.05 101.89 -40.5 48.36 -18.81 0 -0 -0.18 -53.54 6.66 -8.92 7.12 -0 -0 -18.78 -19.14 -12.26
1.15 9.89 -6.74 3.3 -81.33 -26.84 0 0 0 6.34 -7.64 -72.47 24.2 19.57 102.37 -0.68 -14.47 3.72 0.59 -4.9 -13.63 0 0 0 -7.6 2.06 -72.51 -29.02 -17.92 117.29 -0.38 9.29 -11.94 -0 0.43 -1.19 -2.77 0.48 37.15 -3.12 -2.58 16.13 -0.98 -2.18 -0.74 -17.7 -15.28 2.69 26.73 -19.4 -21.95 11.12 -10.82 -2.06 -0 0 0 -68.4 17.62 77.88 32.27 -42.76 -12.92 -0 -0 8.27 58.84 18.84 28.1 -7.12 0 -0 37.93 59.11 14.35 -0 0 0 65.42 -3.4 101.56 -40.53 48.38 -18.84 0 0 0.06 -53.68 6.84 -9.21 7.12 -0 -0 -18.83 -18.82 -12.43
1.15 9.88 -6.73 3.42 -81.33 -26.97 0 0 0 6.17 -7.64 -72.45 24.22 19.57 102.42 -0.68 -14.55 3.07 0.81 -5.76 -16.09 0 0 0 -7.49 1.98 -72.03 -28.94 -17.97 117.02 -0.46 9.78 -13.02 -0 -0.11 0.31 -2.93 0.6 37.12 -2.94 -2.47 16.06 -0.74 -2.14 -0.79 -17.42 -14.39 1.48 24.93 -18.22 -20.35 10.46 -10 -1.93 -0 -0 0 -68.26 17.45 78.41 32.36 -42.83 -12.98 -0 -0 7.93 59.1 18.76 28.25 -7.12 0 -0 38.3 59.11 14.51 -0 -0 0 65.14 -3.71 101.4 -40.58 48.41 -18.87 0 0 0.37 -53.96 7.05 -9.57 7.12 -0 -0 -18.94 -18.43 -12.69
1.15 9.89 -6.73 5.08 -81.21 -28.79 0 0 0 5.98 -7.94 -72.25 24.17 19.58 102.29 -0.65 -14.16 3.74 0.56 -4.79 -13.31 0 0 0 -7.71 1.94 -71.6 -28.87 -18 116.81 -0.51 9.85 -13.56 -0 -0.32 0.87 -2.94 0.84 37.41 -2.77 -2.16 15.89 -0.65 -1.98 -1.06 -17.15 -13.41 -0.32 22.82 -16.89 -18.07 9.62 -9.04 -1.55 -0 -0 0 -67.9 17.17 79.64 32.49 -42.94 -13.08 -0 -0 7.55 58.75 18.74 27.89 -7.12 0 -0 37.67 58.94 14.08 -0 -0 0 65.14 -4.74 100.53 -40.53 48.38 -18.83 0 0 0.69 -54.54 6.78 -9.41 7.12 -0 -0 -19.39 -18.71 -12.9
1.15 9.88 -6.73 4 -81.24 -27.7 0 0 0 6.14 -7.99 -72.3 24.23 19.57 102.45 -0.65 -14.26 3.4 0.66 -5.19 -14.47 0 0 0 -7.61 2 -71.76 -28.93 -17.97 116.99 -0.49 9.78 -13.3 -0 -0.2 0.55 -2.12 0.93 37.35 -2.66 -1.75 15.89 -1.09 -1.73 -1.06 -16.34 -12.21 -2.25 20.71 -15.2 -16.39 8.79 -7.99 -1.38 0 0 0 -67.25 16.3 81.07 32.47 -42.92 -13.06 -0 -0 7.25 58.57 18.66 27.63 -7.12 0 -0 37.28 58.77 13.75 0 0 0 65.42 -5.85 99.16 -40.77 48.52 -19.01 0 0 1.07 -54.53 7.29 -10.1 7.12 -0 -0 -19.23 -17.91 -13.15
1.14 9.88 -6.73 3.74 -81.09 -27.47 0 0 0 6.11 -8.33 -72.24 24.25 19.56 102.52 -0.64 -14.2 3.04 0.74 -5.51 -15.36 0 0 0 -7.63 1.81 -71.71 -28.96 -17.96 117.08 -0.5 9.78 -13.45 -0 -0.35 0.97 -1.7 1.06 37.3 -2.49 -1.42 15.88 -1.24 -1.54 -1.05 -15.44 -10.66 -4.32 18.49 -13.05 -14.55 7.94 -6.72 -1.18 0 0 0 -66.62 15.58 82.32 32.79 -43.17 -13.28 -0 -0 6.9 58.13 18.33 26.83 -7.12 0 -0 36.24 58.18 12.77 0 0 0 65.56 -6.77 98.23 -40.81 48.54 -19.04 0 0 1.34 -54.84 7.52 -10.52 7.12 -0 -0 -19.36 -17.46 -13.45
1.14 9.88 -6.74 2.94 -80.98 -26.74 0 0 0 6.27 -8.56 -72.25 24.26 19.56 102.56 -0.65 -14.22 3.14 0.7 -5.36 -14.94 0 0 0 -7.53 1.84 -71.48 -28.94 -17.96 117.04 -0.52 9.76 -13.62 -0 -0.39 1.08 -1.32 1.37 37.43 -2.11 -0.86 15.76 -1.22 -1.25 -1.22 -14.73 -9.14 -5.76 16.79 -10.96 -13.4 7.34 -5.56 -1.14 -0 0 0 -66.72 14.71 83.3 32.39 -42.86 -13.01 -0 -0 6.92 58.12 18.66 27.23 -7.12 0 -0 36.54 58.62 13.29 -0 0 0 65.73 -8.02 97.15 -40.69 48.47 -18.95 0 0 1.68 -55.34 7.91 -11.26 7.12 -0 -0 -19.55 -16.7 -13.95
1.13 9.88 -6.74 0.03 -80.97 -23.8 0 0 0 6.82 -8.76 -72.4 24.28 19.56 102.6 -0.65 -14.26 3.23 0.7 -5.34 -14.88 0 0 0 -7.02 1.91 -71.41 -28.94 -17.97 117.02 -0.55 9.51 -13.81 -0 -0.33 0.91 -0.52 1.52 37.25 -1.73 -0.35 15.71 -1.41 -0.96 -1.2 -12.57 -7.36 -6.75 13.95 -8.7 -13.08 6.2 -4.39 -1.53 0 -0 0 -66.98 13.91 83.82 32.02 -42.56 -12.75 -0 -0 7.35 57.69 18.14 26.21 -7.12 0 -0 35.36 57.77 12.04 0 -0 0 65.9 -9.01 96.3 -40.42 48.31 -18.75 0 0 1.6 -55.61 8.49 -12.18 7.12 -0 -0 -19.54 -15.68 -14.41
1.13 9.88 -6.74 0.74 -80.8 -24.54 0 0 0 6.54 -8.95 -72.31 24.27 19.56 102.56 -0.64 -14.19 2.95 0.76 -5.56 -15.5 0 0 0 -7.28 1.74 -71.42 -28.96 -17.95 117.1 -0.54 9.58 -13.79 -0 -0.36 0.99 -0.32 1.79 37.38 -1.41 0.09 15.58 -1.32 -0.73 -1.37 -11.07 -5.8 -8.11 11.36 -6.72 -12.03 5.17 -3.34 -1.45 0 -0 0 -66.87 13.33 84.66 32.21 -42.71 -12.88 -0 -0 7.55 57.62 18.45 26.53 -7.12 0 -0 35.53 58.16 12.45 0 -0 0 65.8 -9.9 96.02 -40.11 48.14 -18.52 0 0 1.62 -55.7 8.76 -12.58 7.12 -0 -0 -19.52 -15.23 -14.59
1.13 9.88 -6.74 0.8 -80.65 -24.6 0 0 0 6.45 -9.11 -72.32 24.26 19.56 102.55 -0.64 -14.15 2.98 0.81 -5.73 -16 0 0 0 -7.37 1.73 -71.36 -28.97 -17.95 117.13 -0.55 9.49 -13.89 -0 -0.3 0.83 0.04 2.06 37.45 -1.13 0.59 15.47 -1.37 -0.47 -1.5 -11.09 -4.17 -8.46 11.2 -4.47 -11.98 5.19 -2.19 -1.63 0 -0 0 -67.02 12.74 84.91 32.08 -42.61 -12.8 -0 -0 7.3 57.02 17.44 24.78 -7.12 0 -0 33.72 56.58 10.39 0 -0 0 65.82 -10.64 95.89 -40.07 48.11 -18.49 0 0 1.48 -56.23 10.25 -14.9 7.12 -0 -0 -19.4 -12.66 -15.62
1.13 9.89 -6.74 0.94 -80.51 -24.68 0 0 0 6.38 -9.27 -72.36 24.24 19.56 102.48 -0.63 -14.07 3 0.8 -5.72 -15.97 0 0 0 -7.45 1.74 -71.41 -28.98 -17.94 117.16 -0.56 9.31 -13.92 -0 -0.02 0.04 0.37 2.38 37.49 -0.9 1.13 15.38 -1.49 -0.18 -1.6 -8.82 -2.61 -9.87 7.93 -2.65 -10.35 4.17 -1.25 -1.4 -0 -0 0 -66.91 12.07 84.98 32.1 -42.62 -12.81 -0 -0 7.06 56.13 16.51 22.95 -7.12 0 -0 31.72 55.01 8.42 -0 -0 0 66.03 -11.23 95.74 -39.96 48.05 -18.41 0 0 1.37 -57.01 9.61 -14.42 7.12 -0 -0 -20.05 -13.4 -15.88
1.12 9.89 -6.74 -2.15 -80.54 -21.69 0 0 0 6.94 -9.24 -72.4 24.25 19.56 102.5 -0.65 -14.24 3.1 0.81 -5.74 -16.04 0 0 0 -6.85 1.82 -71.18 -28.96 -17.95 117.1 -0.57 9.19 -14.03 -0 -0.12 0.34 1.09 2.46 37.7 -0.5 1.53 15.15 -1.57 0.04 -1.74 -8.48 -1.03 -9.92 7.22 -0.59 -10.04 3.9 -0.2 -1.48 -0 0 0 -67.17 11.83 84.74 32.2 -42.7 -12.88 -0 -0 7.08 56.21 16.15 22.57 -7.12 0 -0 31.56 54.53 7.99 -0 0 0 65.74 -11.72 96.07 -39.88 48 -18.35 0 0 1.13 -57.52 9.05 -13.88 7.12 -0 -0 -20.52 -14.13 -15.97
1.13 9.9 -6.75 -2.12 -80.33 -21.66 0 0 0 6.87 -9.41 -72.53 24.22 19.57 102.43 -0.64 -14.15 3.37 0.72 -5.44 -15.17 0 0 0 -6.91 1.66 -71.15 -28.94 -17.96 117.04 -0.58 9.13 -14.06 -0 0.11 -0.31 1.52 2.61 37.44 -0.39 1.88 15.31 -1.8 0.24 -1.61 -7.29 -0.03 -11.19 5.99 0.67 -8.59 3.25 0.42 -0.88 0 0 0 -67.43 11.36 84.42 31.69 -42.3 -12.53 -0 -0 8.72 56.12 16.19 22.55 -7.12 0 -0 31.46 54.56 7.98 0 0 0 66.15 -11.91 96.02 -39.59 47.82 -18.13 0 0 0.87 -58.44 8.03 -12.82 7.12 -0 -0 -21.39 -15.5 -16.08
1.12 9.89 -6.75 -0.74 -80.04 -22.92 0 0 0 6.44 -9.47 -72.68 24.22 19.57 102.42 -0.65 -14.22 3.26 0.79 -5.69 -15.88 0 0 0 -7.37 1.43 -71.33 -28.99 -17.94 117.17 -0.57 9.15 -13.95 -0 0.22 -0.6 1.51 2.81 37.36 -0.22 2.15 15.29 -1.71 0.37 -1.6 -6.44 0.69 -11.98 4.89 1.56 -7.42 2.75 0.86 -0.41 -0 -0 0 -67.2 10.88 84.99 32.04 -42.58 -12.77 -0 -0 8.27 56.25 16.52 23.06 -7.12 0 -0 31.89 55.06 8.52 -0 -0 0 65.97 -12.21 96.06 -39.57 47.81 -18.12 0 0 0.43 -59.01 8.43 -13.72 7.12 -0 -0 -21.59 -14.61 -16.7
1.12 9.89 -6.75 -0.06 -79.77 -23.75 0 0 0 6.08 -9.6 -72.43 24.19 19.57 102.33 -0.66 -14.33 3.1 0.86 -5.91 -16.53 0 0 0 -7.66 1 -71.19 -29.02 -17.93 117.28 -0.54 9.43 -13.77 -0 0.11 -0.31 1.64 2.99 37.68 -0.12 2.42 15.24 -1.75 0.51 -1.6 -5.65 1.51 -11.6 3.94 2.54 -7.45 2.3 1.33 -0.52 0 -0 0 -67.27 10.66 84.52 31.98 -42.53 -12.73 -0 -0 8.87 55.7 15.88 21.86 -7.12 0 -0 30.68 54 7.31 0 -0 0 66.29 -12.62 95.63 -39.38 47.7 -17.98 0 0 0.47 -59.36 8.6 -14.17 7.12 -0 -0 -21.74 -14.18 -17.05
1.13 9.91 -6.76 0.03 -79.48 -23.86 0 0 0 6.16 -9.92 -72.6 24.18 19.58 102.31 -0.66 -14.26 4.49 0.67 -5.22 -14.55 0 0 0 -7.83 0.75 -71.03 -28.99 -17.94 117.19 -0.52 9.59 -13.61 -0 -0.23 0.65 1.63 3.14 37.82 0.14 2.63 15.25 -1.54 0.59 -1.63 -5.36 1.85 -11.44 3.48 2.93 -7.39 2.1 1.52 -0.54 -0 0 0 -67.62 10.44 84.13 31.86 -42.43 -12.64 -0 -0 9.43 55.2 15.23 20.71 -7.12 0 -0 29.59 52.93 6.21 -0 0 0 66.28 -13.01 95.22 -39.26 47.62 -17.89 0 0 0.54 -59.6 8.04 -13.41 7.12 -0 -0 -22.07 -15.06 -16.9
1.13 9.96 -6.77 -1.72 -79.26 -21.87 0 0 0 7.44 -10.24 -73.32 24.15 19.58 102.22 -0.44 -12.49 9.48 0.01 0.71 1.96 0 0 0 -7.5 0.6 -70.88 -28.89 -17.99 116.86 -0.52 9.54 -13.52 -0 0.14 -0.4 1.84 3.12 37.84 0.43 2.7 15.27 -1.37 0.63 -1.62 -4.85 2.3 -11.5 2.79 3.46 -7.47 1.8 1.77 -0.56 -0 -0 0 -68.2 10.28 83.44 31.63 -42.25 -12.49 -0 -0 9.92 54.17 14.35 18.94 -7.12 0 -0 27.76 51.37 4.66 -0 -0 0 66.5 -13.3 94.27 -38.72 47.29 -17.49 0 0 1.29 -59.76 9.21 -15.36 7.12 -0 -0 -21.77 -12.96 -17.69
1.14 10 -6.78 -2.4 -78.68 -20.81 0 0 0 7.37 -10.52 -74.88 24.29 19.55 102.63 -0.34 -12.16 11.38 0.2 -2.87 -7.92 0 0 0 -7.65 0.04 -70.93 -28.84 -18.01 116.7 -0.49 9.55 -13.25 -0.01 0.66 -1.83 1.83 3.03 38.17 0.59 2.62 15.13 -1.18 0.58 -1.89 -4.57 2.57 -11.18 2.33 3.76 -8.26 1.59 1.91 -0.87 0 -0 0 -68.84 10.28 82.61 31.19 -41.89 -12.19 -0 -0 10.11 53.94 13.35 17.6 -7.12 0 -0 26.94 49.9 3.48 0 -0 0 66.9 -13.77 92.8 -38.11 46.91 -17.05 0 0 2.94 -59.43 9.45 -15.53 7.12 -0 -0 -21.51 -12.7 -17.57
1.12 10.02 -6.8 -2.87 -78.12 -19.84 0 0 0 6.99 -10.15 -76.79 24.65 19.47 103.71 -0.46 -13.24 10.95 0.54 -4.72 -13.12 0 0 0 -7.73 -0.65 -71.38 -28.89 -17.99 116.85 -0.47 9.5 -12.98 -0.02 0.89 -2.45 1.91 3.03 38.56 0.66 2.66 15.05 -1.16 0.6 -2.1 -4.11 2.8 -11.56 1.9 4 -8.51 1.38 2.01 -0.87 -0 0 0 -68.77 9.91 82.54 30.95 -41.69 -12.03 -0 -0 10.36 53.79 13.74 17.98 -7.12 0 -0 26.98 50.41 3.84 -0 0 0 67.92 -14.43 90.35 -37.33 46.41 -16.48 0 0 4.73 -58.86 9.58 -15.4 7.12 -0 -0 -21.13 -12.71 -17.21
1.09 10.03 -6.8 -4.13 -77.89 -18 0 0 0 7.12 -9.43 -78.29 25.19 19.34 105.32 -0.65 -14.32 7.95 0.77 -5.61 -15.66 0 0 0 -7.71 -0.93 -72.12 -28.99 -17.94 117.19 -0.4 9.52 -12.19 -0.01 0.73 -1.99 2.03 3.05 38.83 0.87 2.75 14.97 -1.04 0.64 -2.27 -3.78 3.03 -11.77 1.11 4.24 -8.93 1.08 2.12 -0.96 -0 -0 0 -69.45 9.6 82.11 30.14 -41.01 -11.5 -0 -0 10.65 53.55 13.36 17.37 -7.12 0 -0 26.49 49.8 3.34 -0 -0 0 68.39 -15.18 88.6 -37.1 46.25 -16.31 0 0 5.92 -59.98 8.12 -13.75 7.12 -0 -0 -22.26 -14.76 -17.23
1.07 10.06 -6.81 -4.19 -77.64 -17.36 0 0 0 7.25 -8.9 -79.22 25.7 19.2 106.89 -0.6 -13.62 6.26 0.35 -3.79 -10.5 0 0 0 -7.82 -1.1 -72.82 -29.05 -17.91 117.37 -0.35 9.08 -11.49 -0.01 0.64 -1.76 1.89 3.09 39.22 0.92 2.74 14.95 -0.92 0.62 -2.43 -3.52 3.32 -12.02 0.49 4.56 -9.52 0.84 2.27 -1.09 0 -0 0 -69.64 9.3 81.86 29.78 -40.7 -11.27 -0 -0 10.54 53.88 13.8 18.11 -7.12 0 -0 27.11 50.52 3.94 0 -0 0 68.78 -15.55 87.68 -36.97 46.17 -16.22 0 0 6.36 -60.17 3.18 -5.52 7.12 -0 -0 -24.25 -23.56 -13.77
1.03 10.08 -6.79 -4.79 -77.54 -15.92 0 0 0 7.2 -7.99 -79.95 26.46 18.97 109.19 -0.42 -11.46 5.1 0.01 -0.58 -1.6 0 0 0 -7.88 -1.21 -73.83 -29.12 -17.87 117.62 -0.32 8.75 -11 -0.03 1.04 -2.86 2.23 3.11 39.37 1.04 2.91 14.92 -1.03 0.72 -2.49 -3.49 3.41 -12.11 -0.25 4.63 -10.09 0.61 2.3 -1.24 -0 0 0 -69.95 8.97 82.19 29.45 -40.42 -11.05 -0 -0 10.84 54.32 14.4 19.1 -7.12 0 -0 27.97 51.48 4.78 -0 0 0 69.12 -15.89 86.43 -36.91 46.13 -16.18 0 0 5.89 -59.41 5.45 -9.14 7.12 -0 -0 -22.87 -19.66 -15.09
0.99 10.08 -6.8 -6.44 -77.42 -13.4 0 0 0 7.08 -6.98 -79.87 26.85 18.84 110.41 -0.45 -11.82 5.25 0 -0.08 -0.22 0 0 0 -7.59 -1.2 -74.79 -29.21 -17.83 117.9 -0.31 8.76 -10.84 -0.01 0.7 -1.92 2.33 3.19 39.67 1.2 3.03 14.97 -0.96 0.76 -2.52 -3.24 3.67 -12.38 -0.96 4.88 -10.8 0.35 2.42 -1.41 0 -0 0 -70.23 8.53 81.84 28.96 -39.98 -10.73 -0 -0 11.13 54.05 13.61 17.99 -7.12 0 -0 27.22 50.3 3.8 0 -0 0 69.4 -15.57 86.18 -36.55 45.89 -15.92 0 0 6.49 -60.21 2.2 -3.84 7.12 -0 -0 -24.7 -25.32 -12.94
0.95 10.08 -6.79 -4.82 -77.3 -13.53 0 0 0 5.57 -6.38 -79.35 26.92 18.81 110.62 -0.58 -13.75 1.53 0.22 -3.01 -8.31 0 0 0 -8.11 -1.23 -76.34 -29.27 -17.8 118.11 -0.34 8.76 -11.28 -0.03 1.04 -2.86 1.85 3.36 39.58 1.13 3.07 14.98 -0.8 0.77 -2.5 -3.01 3.88 -12.25 -1.6 5.06 -11.78 0.1 2.51 -1.72 0 -0 0 -70.3 8.01 81.86 28.8 -39.84 -10.63 -0 -0 11.29 54.06 13.61 17.99 -7.12 0 -0 27.22 50.3 3.8 0 -0 0 69.8 -14.99 85.32 -35.52 45.18 -15.18 0 0 7.13 -60.29 2.59 -4.53 7.12 -0 -0 -24.57 -24.6 -13.33
0.9 10.08 -6.77 -7.01 -77.51 -10.35 0 0 0 5.24 -5.81 -78.61 26.51 18.95 109.37 -0.47 -14.58 -3.44 0.31 -3.55 -9.82 0 0 0 -7.64 -0.65 -76.98 -29.23 -17.82 117.98 -0.42 8.96 -12.24 -0.03 1.07 -2.93 2.15 3.44 40.01 1.26 3.25 15.01 -0.88 0.85 -2.59 -2.53 4.12 -12.51 -2.37 5.25 -12.15 -0.22 2.59 -1.77 -0 0 0 -70.52 7.43 81.73 28.4 -39.48 -10.38 -0 -0 12.27 54.06 14.25 18.76 -7.12 0 -0 27.58 51.2 4.5 -0 0 0 68.63 -15.01 85.4 -36.75 46.02 -16.06 0 0 6.97 -59.86 3.23 -5.54 7.12 -0 -0 -24.03 -23.52 -13.64
0.86 10.11 -6.74 -5.15 -77.7 -11.09 0 0 0 5.1 -5.8 -80.35 26.71 18.88 109.99 -0.44 -13.35 -2.12 0.11 -2.11 -5.81 0 0 0 -8.26 -0.15 -77.44 -29.13 -17.87 117.63 -0.48 9.54 -13.07 -0.02 0.89 -2.43 1.75 3.7 40.37 1.16 3.4 15.05 -0.85 0.9 -2.66 -2.42 4.37 -11.98 -2.77 5.52 -12.88 -0.38 2.74 -2.08 0 -0 0 -70.69 6.93 81.7 28.11 -39.22 -10.19 -0 -0 13 54.5 15.28 20.27 -7.12 0 -0 28.72 52.77 5.88 0 -0 0 68.73 -14.45 84.59 -36.13 45.6 -15.61 0 0 7.82 -60.4 0.5 -0.89 7.12 -0 -0 -25.61 -28.4 -11.43
0.81 10.13 -6.71 -7.91 -77.87 -6.98 0 0 0 6 -5.76 -82.06 26.78 18.86 110.19 -0.39 -12.84 -2.37 0.15 -2.52 -6.95 0 0 0 -7.66 0.52 -78.23 -28.98 -17.94 117.16 -0.59 9.46 -14.23 -0.02 0.84 -2.31 2.18 3.65 40.62 1.29 3.51 14.94 -0.97 0.96 -2.85 -2.3 4.6 -11.66 -3.14 5.79 -13 -0.52 2.88 -2.15 0 -0 0 -71.27 6.55 80.89 27.6 -38.74 -9.87 -0 -0 14.21 54.61 14.63 19.57 -7.12 0 -0 28.47 51.9 5.19 0 -0 0 68.39 -13.94 83.85 -35.71 45.31 -15.31 0 0 8.33 -60.55 1.12 -1.97 7.12 -0 -0 -25.42 -27.27 -12.1
0.75 10.18 -6.68 -4.53 -77.72 -9.21 0 0 0 5.15 -6.36 -82.42 26.69 18.89 109.93 -0.33 -12.74 -3.5 0.08 -1.85 -5.08 0 0 0 -8.28 0.48 -78.49 -28.85 -18.01 116.74 -0.78 9.21 -16.07 -0.05 1.51 -4.15 1.55 3.9 40.98 1.18 3.55 14.98 -0.78 0.96 -2.94 -1.98 4.86 -11.52 -3.78 6.09 -12.77 -0.76 3.03 -2.07 0 -0 0 -71.44 5.77 80.88 27.06 -38.24 -9.54 -0 -0 15.24 53.77 13.74 17.96 -7.12 0 -0 26.95 50.4 3.83 0 -0 0 68.56 -13.51 82.49 -35.01 44.82 -14.82 0 0 9.09 -59.46 4.44 -7.47 7.12 -0 -0 -23.29 -21.44 -14.37
0.69 10.21 -6.66 -7.16 -77.66 -5.35 0 0 0 6.11 -6.87 -83.41 26.74 18.88 110.06 -0.32 -12.93 -4.1 0.07 -1.67 -4.6 0 0 0 -7.73 1.14 -79.12 -28.82 -18.02 116.63 -0.91 9.15 -17.28 -0.02 1 -2.75 1.89 3.89 41.37 1.46 3.69 14.85 -0.73 1.02 -3.19 -2.3 4.99 -11.26 -3.52 6.35 -12.29 -0.62 3.18 -1.97 0 -0 0 -72.19 5.07 80.48 26.01 -37.22 -8.89 -0 -0 17.37 53.03 13.04 16.68 -7.12 0 -0 25.73 49.2 2.84 0 -0 0 68.31 -13.2 81.58 -34.34 44.34 -14.35 0 0 9.62 -59.13 6.14 -10.15 7.12 -0 -0 -22.45 -18.53 -15.38
0.61 10.24 -6.64 -5.61 -77.45 -5.51 0 0 0 6.18 -7.67 -84.4 26.78 18.86 110.2 -0.28 -12.85 -4.64 0.05 -1.51 -4.16 0 0 0 -8.37 1.55 -80.1 -28.87 -18 116.8 -0.99 9.4 -17.95 -0 0.35 -0.97 1.59 4.17 41.76 1.41 3.94 14.65 -0.73 1.14 -3.53 -1.89 4.91 -10.58 -3.58 6.2 -12.23 -0.73 3.1 -2.04 -0 0 0 -72.27 4.54 80.53 25.27 -36.48 -8.45 -0 -0 18.79 53.77 13.41 17.56 -7.12 0 -0 26.77 49.93 3.47 -0 0 0 69.11 -13.56 80.08 -33.63 43.81 -13.86 0 0 10.5 -60.72 0.9 -1.6 7.12 -0 -0 -25.64 -27.65 -11.96
0.51 10.27 -6.62 -7.22 -77.08 -2.42 0 0 0 6.99 -8.43 -85.81 26.9 18.82 110.57 -0.21 -12.9 -5.96 0.1 -2.02 -5.56 0 0 0 -8.2 2.03 -81.07 -28.94 -17.96 117.03 -1.13 9.22 -19.11 -0 0.23 -0.62 1.94 4.13 42.11 1.61 4.05 14.6 -0.75 1.19 -3.67 -2.06 4.77 -10.77 -3.48 6.04 -12.28 -0.67 3.03 -2.04 0 -0 0 -72.97 3.84 80.24 24.24 -35.41 -7.84 -0 -0 20.38 55.32 15.75 21.42 -7.12 0 -0 30.08 53.69 6.91 0 -0 0 69.54 -13.49 78.93 -33.31 43.57 -13.64 0 0 10.41 -60.35 0.68 -1.2 7.12 -0 -0 -25.49 -28.07 -11.59
0.4 10.31 -6.61 -7.72 -76.56 -0.15 0 0 0 7.73 -9.33 -87.33 26.99 18.79 110.84 -0.17 -13.08 -6.84 0.06 -1.52 -4.17 0 0 0 -8.32 2.41 -82.24 -29.01 -17.93 117.25 -1.29 9.12 -20.4 -0 -0.45 1.24 2.13 4.16 42.53 1.77 4.21 14.37 -0.75 1.27 -4.05 -1.83 4.76 -11 -3.65 6.01 -12.23 -0.75 3 -1.97 0 -0 0 -73.54 3.35 80.32 23.23 -34.34 -7.27 -0 -0 21.16 55.48 16.62 22.58 -7.12 0 -0 30.89 54.94 8.11 0 -0 0 70.62 -14.34 76.66 -32.86 43.22 -13.32 0 0 12.15 -60.62 0.42 -0.75 7.12 -0 -0 -25.81 -28.53 -11.44
0.28 10.35 -6.57 -7.8 -76 1.67 0 0 0 8.18 -10.18 -88.76 27.08 18.75 111.11 -0.05 -13.07 -8.45 0.07 -1.72 -4.73 0 0 0 -8.45 2.43 -83.33 -29.08 -17.89 117.49 -1.49 8.43 -21.88 -0 -0.41 1.12 2.59 3.99 43.2 1.88 4.21 14.22 -0.88 1.27 -4.37 -1.65 4.82 -11.16 -4.22 5.99 -12.96 -0.97 2.99 -2.16 0 -0 0 -74.07 2.74 80.6 22.39 -33.41 -6.8 -0 -0 21.05 55.29 17.54 23.52 -7.12 0 -0 31.26 56.13 9.17 0 -0 0 71.66 -14.85 74.04 -32.27 42.76 -12.93 0 0 14.44 -59.51 4.27 -7.2 7.12 -0 -0 -23.39 -21.74 -14.27
0.15 10.4 -6.55 -5.49 -75.12 1.67 0 0 0 8.3 -11.53 -90.8 27.08 18.75 111.13 -0.03 -13.41 -9.05 0.06 -1.62 -4.46 0 0 0 -9.11 1.83 -85.03 -29.21 -17.83 117.89 -1.77 6.07 -23.93 -0.01 0.56 -1.54 2.42 3.84 43.67 2 4.03 13.91 -0.62 1.19 -4.86 -1.68 4.89 -11.25 -4.49 6.03 -13.77 -1.07 3.02 -2.42 -0 0 0 -74.49 2.45 81.11 21.83 -32.79 -6.49 -0 -0 20.18 54.51 17.82 23.23 -7.12 0 -0 30.32 56.25 8.94 -0 0 0 72.68 -14.98 71.9 -31.18 41.89 -12.19 0 0 15.71 -58.92 4.86 -8 7.12 -0 -0 -22.79 -20.83 -14.36
0 10.48 -6.52 -4.91 -74.8 2.45 0 0 0 8.25 -11.87 -91.47 27.06 18.76 111.06 0.09 -13.22 -10.32 0.19 -2.83 -7.81 0 0 0 -9.21 2.08 -85.39 -29.25 -17.81 118.02 -2.03 3.69 -26.03 -0 0.02 -0.05 2.52 3.68 44.93 2.02 3.87 13.85 -0.6 1.08 -5.26 -1.44 5.14 -11.41 -4.81 6.29 -14.4 -1.22 3.15 -2.58 0 0 0 -75.18 2.19 80.93 21.08 -31.92 -6.09 -0 -0 18.9 56.53 21.97 29.5 -7.12 0 -0 36.88 62.3 16.71 0 0 0 73.69 -14.12 71.14 -29.48 40.44 -11.07 0 0 15.6 -57.49 5.58 -8.67 7.12 -0 -0 -21.64 -19.95 -13.98
-0.15 10.57 -6.47 -0.8 -73.88 -0.29 0 0 0 7.19 -13.42 -91.84 26.96 18.8 110.76 0.33 -11.56 -12.19 0.33 -3.7 -10.23 0 0 0 -10.54 0.56 -85.51 -29.27 -17.8 118.1 -2.13 3.12 -26.84 -0 0.41 -1.13 1.94 3.31 45.74 2.17 3.17 14.02 0.12 0.72 -5.32 -1.12 5.49 -11.44 -5.5 6.65 -14.84 -1.5 3.32 -2.69 -0 0 0 -76.69 1.92 80.69 20.29 -30.99 -5.68 -0 -0 17.23 55.67 23.64 30.42 -7.12 0 -0 36.85 64.05 18.2 -0 0 0 73.99 -12.95 71.02 -27.8 38.93 -10 0 0 15.13 -57.59 7.04 -10.93 7.12 -0 -0 -21.21 -17.45 -14.94
-0.32 10.68 -6.42 2.89 -73.41 -3.3 0 0 0 5.86 -14.04 -91.22 26.84 18.84 110.38 0.55 -11.04 -14.28 0.87 -5.93 -16.58 0 0 0 -11.47 -0.17 -84.69 -29.19 -17.84 117.83 -2.27 2.97 -27.73 -0.01 -0.63 1.72 1.38 3.3 46.6 2.29 2.88 14.22 0.64 0.54 -5.34 -1.54 5.25 -10.93 -4.98 6.39 -15.08 -1.29 3.22 -2.89 -0 0 0 -78.21 1.56 80.69 19.31 -29.8 -5.18 -0 -0 15.59 54.02 24.85 30.06 -7.12 0 -0 34.76 64.97 17.77 -0 0 0 74.74 -12.15 70.21 -26.01 37.22 -8.9 0 0 14.74 -57.85 8.65 -13.46 7.12 -0 -0 -20.84 -14.66 -16
-0.47 10.86 -6.36 3.75 -73.09 -4.46 0 0 0 4.74 -14.44 -89.05 26.58 18.93 109.57 0.7 -10.48 -15.59 1.06 -6.55 -18.38 0 0 0 -11.48 -0.45 -82.44 -28.92 -17.97 116.95 -2.29 1.86 -28.16 -0.01 0.66 -1.82 1.58 3.1 48.8 2.19 2.69 13.43 0.62 0.41 -5.43 -1.1 5.13 -10.84 -4.42 6.29 -14.56 -1.17 3.13 -2.73 -0 0 0 -79.4 1.37 80.34 18.23 -28.45 -4.66 -0 -0 13.74 52.54 23.7 27.68 -7.12 0 -0 31.19 63.1 14.41 -0 0 0 76.47 -11.39 68.24 -23.93 35.09 -7.67 0 0 14.91 -55.95 9.78 -14.11 7.12 -0 -0 -19.37 -13.51 -15.22
-0.66 11.02 -6.28 4.95 -73.06 -5.37 0 0 0 3.57 -14.25 -87.4 26.41 18.98 109.06 0.7 -10.09 -15.52 0.54 -4.7 -13.04 0 0 0 -11.47 -0.6 -80.82 -28.66 -18.1 116.13 -2.4 1.86 -28.81 -0 -0.01 0.04 1.37 2.93 49.22 2.43 2.41 13.39 1.07 0.25 -5.55 -1.88 5.05 -10.9 -4.13 6.31 -13.86 -0.93 3.17 -2.52 -0 0 0 -81.21 1.62 79.16 17.88 -28 -4.49 -0 -0 11.83 49.77 24.42 26.04 -7.12 0 -0 26.94 63.09 12.29 -0 0 0 77.14 -10.8 66.15 -22.55 33.59 -6.89 0 0 15.52 -56.33 7.55 -11.15 7.12 -0 -0 -20.28 -16.99 -14.4
-0.86 11.23 -6.2 6.74 -73.16 -6.42 0 0 0 2.3 -13.96 -85.93 26.16 19.06 108.29 0.81 -9.95 -16.45 0.39 -4.03 -11.17 0 0 0 -11.65 -0.75 -79.32 -28.29 -18.27 114.94 -2.51 2.1 -29.43 -0 -0.36 0.98 0.96 3.03 48.93 2.51 2.4 13.2 1.36 0.25 -5.74 -1.51 5.12 -11.04 -4.74 6.35 -13.42 -1.17 3.18 -2.31 0 0 0 -82.87 1.95 77.76 17.86 -27.98 -4.48 -0 -0 8.86 49.88 29.74 30.48 -7.12 0 -0 30.17 69.36 18.18 0 0 0 78.45 -10.52 62.6 -21.12 31.97 -6.11 0 0 16.12 -56.31 -3.49 5.22 7.12 -0 -0 -24.39 -35.26 -6.32
-1.07 11.42 -6.1 5.3 -73.14 -4.31 0 0 0 2.24 -13.75 -84.96 25.97 19.12 107.71 0.85 -10.54 -16.92 0.33 -3.68 -10.19 0 0 0 -10.84 -0.81 -77.9 -27.91 -18.43 113.73 -2.62 1.77 -30.21 -0 0.06 -0.17 1.9 2.51 47.46 2.51 2.24 13.82 0.87 0.24 -5.97 -1.76 5.18 -10.97 -4.62 6.44 -13.66 -1.1 3.24 -2.42 0 0 0 -84.33 2.14 75.5 17.84 -27.96 -4.48 -0 -0 4.91 45.99 31.48 28.4 -7.12 0 -0 23.12 70.13 14.14 0 0 0 79.59 -10.01 60.24 -20.05 30.7 -5.56 0 0 14.05 -53.08 1.05 -1.39 7.12 -0 -0 -20.19 -27.97 -8.88
-1.25 11.68 -6.02 5.08 -73.01 -3.24 0 0 0 1.53 -13.64 -83.59 25.48 19.26 106.23 0.96 -10.35 -17.86 0.51 -4.56 -12.66 0 0 0 -10.15 -0.72 -76.29 -27.32 -18.66 111.86 -2.68 0.93 -30.79 -0 -0.07 0.19 2.16 2.26 46.74 2.34 2.15 13.34 0.6 0.25 -6.33 -1.29 5.32 -11.25 -4.54 6.6 -13.62 -1.14 3.29 -2.34 0 0 0 -86.33 1.52 72.65 16.66 -26.41 -3.94 -0 -0 3.69 44.07 34.16 28.53 -7.12 0 -0 19.79 72.51 13.07 0 0 0 80.34 -9.4 59.17 -19.55 30.09 -5.3 0 0 10.11 -51.51 -0.72 0.91 7.12 -0 -0 -19.58 -30.75 -7.19
-1.44 11.98 -5.91 7.41 -73.07 -5.33 0 0 0 -0.54 -13.6 -80.77 24.85 19.43 104.32 1.15 -9.42 -19.31 0.71 -5.39 -15.03 0 0 0 -10.53 -0.59 -73.49 -26.63 -18.91 109.72 -2.79 1.5 -31.27 -0 0.01 -0.02 2.61 1.61 45.89 1.13 1.51 13.09 -0.67 0.06 -6.34 -0.61 5.48 -11.38 -3.83 6.79 -13.77 -1.02 3.34 -2.37 0 0 0 -86.11 0.88 71.91 16.07 -25.62 -3.68 -0 -0 1.66 43.11 33.71 27.45 -7.12 0 -0 17.81 71.7 11.42 0 0 0 81.24 -8.53 59.32 -19.29 29.77 -5.17 0 0 5.46 -47.56 2.71 -2.96 7.12 -0 -0 -15.73 -25.9 -7.55
-1.65 12.29 -5.83 10.92 -73.06 -8.44 0 0 0 -2.72 -13.67 -77.83 24.1 19.59 102.08 1.24 -9.29 -19.97 0.65 -5.14 -14.31 0 0 0 -10.93 -0.31 -70.99 -25.84 -19.16 107.31 -2.79 0.49 -31.54 -0.04 1.31 -3.62 0.91 2.39 44.4 1.64 1.87 12.77 0.59 0.21 -6.41 -1.32 5.25 -11.23 -3.99 6.52 -13.89 -0.97 3.24 -2.46 0 -0 0 -86.86 0.9 72.92 16.26 -25.88 -3.76 -0 -0 2.77 43.38 31.61 26.34 -7.12 0 -0 18.18 69.44 10.77 0 -0 0 78.83 -8.17 58.84 -19.58 30.14 -5.32 0 0 4.7 -44.63 3.89 -3.83 7.12 -0 -0 -13.37 -24.52 -6.79
-1.84 12.65 -5.72 9.58 -73.64 -7.73 0 0 0 -3.68 -12.93 -73.99 23.35 19.73 99.85 1.34 -9.55 -20.81 0.67 -5.24 -14.61 0 0 0 -9.62 1.08 -67.04 -24.79 -19.44 104.12 -2.8 -0.42 -31.87 -0.03 1.15 -3.17 1.74 2.34 43.35 1.6 2.22 12.45 -0.01 0.42 -6.44 -1.65 5.05 -11.23 -4.16 6.28 -13.6 -0.96 3.13 -2.37 -0 0 0 -86.35 0.9 73.89 16.15 -25.73 -3.71 -0 -0 7.41 42.72 29.58 24.51 -7.12 0 -0 16.9 66.95 9.04 -0 0 0 77.59 -7.25 56.22 -18.8 29.17 -4.93 0 0 7.42 -42.5 5.38 -4.91 7.12 -0 -0 -11.56 -22.74 -6.32
-2.06 13.03 -5.62 10.25 -73.61 -8.52 0 0 0 -5.07 -12.88 -70.52 22.4 19.86 97.05 1.41 -9.6 -21.31 0.55 -4.75 -13.21 0 0 0 -9.06 1.83 -63.42 -23.67 -19.67 100.78 -2.83 -0.79 -32.15 -0.07 1.71 -4.7 1.38 2.49 41.5 1.84 2.39 12.03 0.37 0.54 -6.41 -1.71 5.01 -11.45 -4.78 6.21 -12.96 -1.13 3.1 -2.1 -0 0 0 -85.91 1.06 74.36 15.79 -25.24 -3.56 -0 -0 8.86 42.57 29.16 24.12 -7.12 0 -0 16.63 66.43 8.69 -0 0 0 75.32 -6.55 54.59 -18.23 28.45 -4.66 0 0 8.59 -40.97 4.77 -4.13 7.12 -0 -0 -10.57 -23.69 -5.52
-2.27 13.44 -5.53 10.01 -73.79 -8.75 0 0 0 -6.31 -12.38 -66.44 21.31 19.96 93.84 1.5 -9.25 -21.94 0.64 -5.14 -14.3 0 0 0 -7.84 2.71 -59.24 -22.38 -19.86 96.96 -2.83 -1.76 -32.5 -0.03 1.11 -3.06 1.56 2.58 39.78 1.78 2.66 11.64 0.11 0.71 -6.31 -1.33 5.09 -11.42 -5.31 6.25 -12.76 -1.35 3.11 -2.01 -0 0 0 -84.76 1.28 72.61 15.15 -24.36 -3.29 -0 -0 8.67 41.19 29.41 23.26 -7.12 0 -0 14.44 66.29 7.48 -0 0 0 74.06 -5.81 51.31 -17.32 27.28 -4.23 0 0 10.09 -40.25 3.37 -2.85 7.12 -0 -0 -10.25 -25.56 -4.9
-2.48 13.88 -5.45 9.53 -73.75 -9.01 0 0 0 -7.57 -11.83 -61.9 20.02 20 90.07 1.49 -9.65 -21.93 0.53 -4.67 -12.97 0 0 0 -6.38 3.23 -54.57 -20.91 -19.98 92.65 -2.81 -2.76 -32.79 -0.09 1.89 -5.22 2.04 2.61 38.35 1.57 2.94 11.24 -0.45 0.9 -6.27 -0.97 4.94 -11.72 -5.34 6.02 -12.47 -1.41 2.97 -1.85 -0 0 0 -83.62 1.42 68.31 14.18 -23 -2.9 -0 -0 10.15 40.37 30.32 23.22 -7.12 0 -0 13.09 67.05 7 -0 0 0 73.45 -4.93 46.64 -16.19 25.77 -3.73 0 0 11.62 -39.27 3.21 -2.62 7.12 -0 -0 -9.55 -25.82 -4.5
-2.71 14.33 -5.38 9.02 -73.67 -8.72 0 0 0 -8.67 -11.15 -57.76 18.57 19.95 85.83 1.43 -9.78 -21.49 0.43 -4.22 -11.7 0 0 0 -5.12 3.78 -50.24 -19.36 -19.99 88.12 -2.91 -2.27 -33.14 -0 0.19 -0.53 1.85 2.63 36.13 1.89 3.03 10.77 -0.02 0.99 -6.06 -1.48 5.04 -12.3 -5.6 6.25 -11.64 -1.36 3.08 -1.49 0 -0 0 -83.07 1.91 64.21 13.68 -22.28 -2.71 -0 -0 10.18 41.12 31.33 24.42 -7.12 0 -0 14.24 68.43 8.07 0 -0 0 71.65 -4.47 43.81 -15.63 25.02 -3.49 0 0 11.45 -39.86 2.87 -2.4 7.12 -0 -0 -10.03 -26.22 -4.64
-2.94 14.81 -5.33 7.92 -73.45 -8 0 0 0 -9.6 -10.7 -53.38 16.97 19.78 81.12 1.4 -9.07 -21.22 0.65 -5.16 -14.36 0 0 0 -3.13 4.04 -45.75 -17.57 -19.86 82.87 -2.73 -4.75 -33.18 -0 0.22 -0.6 2.33 2.63 34.2 1.81 3.29 10.21 -0.44 1.17 -6.09 -0.66 5.13 -12.51 -6 6.32 -10.79 -1.59 3.08 -1.15 -0 0 0 -81.39 2.3 60.31 13.14 -21.5 -2.51 -0 -0 11.7 38.46 29.99 21.65 -7.12 0 -0 10.19 66.1 5.21 -0 0 0 71.1 -4.16 40.07 -15.08 24.25 -3.26 0 0 11.19 -38.9 3.61 -2.91 7.12 -0 -0 -9.22 -25.34 -4.44
-3.18 15.3 -5.27 7.06 -73.44 -7.25 0 0 0 -10.33 -9.82 -49.22 15.27 19.46 76.06 1.26 -9.71 -20.17 0.4 -4.05 -11.21 0 0 0 -1.44 4.79 -41.2 -15.7 -19.55 77.35 -2.64 -5.99 -33.24 -0 -0.01 0.02 2.47 2.75 31.79 1.84 3.56 9.88 -0.6 1.37 -6.1 -0.83 5.08 -13.2 -5.58 6.39 -9.4 -1.38 3.09 -0.61 -0 -0 0 -80.39 2.66 54.93 12.78 -20.96 -2.37 -0 -0 12.72 38.4 29.64 21.4 -7.12 0 -0 10.17 65.7 5.1 -0 -0 0 70.22 -4.27 37.73 -15.18 24.4 -3.3 0 0 10.38 -39.12 2.33 -1.89 7.12 -0 -0 -9.56 -26.95 -4.24
-3.41 15.79 -5.24 6.27 -73.21 -6.26 0 0 0 -11.08 -9.2 -45.18 13.43 18.93 70.46 1.16 -9.12 -19.33 0.56 -4.8 -13.33 0 0 0 0.27 5.41 -36.81 -13.77 -19.04 71.49 -2.44 -7.91 -33.14 -0.01 0.56 -1.54 2.47 2.77 29.68 1.81 3.7 9.01 -0.63 1.48 -6.12 -1.25 5.02 -13.85 -4.83 6.47 -8.1 -1.04 3.12 -0.14 0 -0 0 -79.33 3.19 50.35 12.92 -21.18 -2.43 -0 -0 10.8 38.22 29.8 21.37 -7.12 0 -0 9.88 65.82 4.99 0 -0 0 69.8 -4.22 35.13 -15.25 24.49 -3.33 0 0 9.65 -37.75 1.32 -1.03 7.12 -0 -0 -8.64 -28.27 -3.56
-3.65 16.29 -5.21 4.54 -72.74 -4.23 0 0 0 -11.27 -9.06 -41.3 11.58 18.21 64.65 0.95 -9.24 -17.6 0.32 -3.61 -9.98 0 0 0 2.39 6.17 -32.28 -11.74 -18.28 65.17 -2.07 -10.93 -32.93 -0.01 0.7 -1.93 2.66 2.73 27.53 1.8 3.78 8.14 -0.72 1.57 -6.05 -1.54 4.46 -13.86 -4.46 5.78 -7.9 -0.9 2.78 -0.11 -0 0 0 -78.53 3.46 44.84 13.19 -21.56 -2.52 -0 -0 9.34 36.88 29.4 20.22 -7.12 0 -0 8.03 64.97 3.89 -0 0 0 69.34 -4.45 34.55 -15.84 25.3 -3.58 0 0 7.44 -38.65 -0.4 0.32 7.12 -0 -0 -9.54 -30.42 -3.44
-3.89 16.74 -5.18 3.9 -72.29 -3.09 0 0 0 -11.86 -8.66 -37.56 9.77 17.28 58.7 0.83 -8.41 -16.41 0.37 -3.89 -10.77 0 0 0 4 7.05 -27.81 -9.84 -17.32 58.94 -1.91 -12.89 -33.38 -0 0.07 -0.19 2.58 2.71 25.18 1.57 3.79 7.23 -0.86 1.63 -5.9 -1.62 4.09 -13.69 -4.12 5.33 -7.47 -0.8 2.56 -0.02 -0 0 0 -77.9 3.92 39.4 13.92 -22.61 -2.8 -0 -0 7.13 35.75 29.78 19.67 -7.12 0 -0 6.33 65.06 3.08 -0 0 0 69.24 -4.74 34.4 -16.39 26.05 -3.82 0 0 5.59 -38.59 -0.77 0.61 7.12 -0 -0 -9.54 -30.88 -3.33
-4.13 17.16 -5.16 2.52 -71.39 -0.84 0 0 0 -11.9 -9.09 -34.34 8.13 16.22 53.04 0.72 -7.46 -15.24 0.4 -4.04 -11.18 0 0 0 5.86 8.24 -23.63 -8.06 -16.16 52.77 -1.66 -15.72 -34.3 -0 -0.45 1.23 2.49 2.63 22.49 1.46 3.74 6.19 -0.83 1.65 -5.69 -2.02 3.81 -14.18 -3.32 5.12 -5.87 -0.47 2.45 0.54 -0 0 0 -77.31 3.98 34.61 14.72 -23.75 -3.11 -0 -0 4.2 35.26 29.63 19.27 -7.12 0 -0 5.69 64.76 2.73 -0 0 0 69.29 -5.29 35.76 -17.47 27.47 -4.3 0 0 2.47 -39.84 -5.01 4.17 7.12 -0 -0 -11.07 -36.3 -2.4
-4.38 17.52 -5.15 0.78 -70.74 1.49 0 0 0 -11.62 -9.62 -30.98 6.71 15.09 47.79 0.65 -6.45 -14.36 0.4 -4.08 -11.29 0 0 0 7.96 9.8 -19.04 -6.42 -14.82 46.65 -1.35 -18.93 -35.55 -0.02 -0.88 2.42 2.33 2.73 20.09 1.31 3.87 5.09 -0.85 1.76 -5.64 -2.43 3.47 -14.07 -2.44 4.82 -4.23 -0.12 2.31 1.01 0 -0 0 -76.69 4.25 31.5 15.78 -25.22 -3.55 -0 0 -0.02 36.47 28.78 19.59 -7.12 0 -0 7.59 64.17 3.53 0 -0 0 69.86 -5.77 33.98 -17.49 27.5 -4.31 0 0 2.65 -38.64 -0.57 0.46 7.12 -0 -0 -9.55 -30.63 -3.39
-4.62 17.78 -5.13 1.37 -69.22 1.73 0 0 0 -12.19 -10.57 -28.26 5.58 14.01 43.27 0.56 -5.95 -13.35 0.3 -3.54 -9.77 0 0 0 8.98 10.6 -14.98 -5.13 -13.52 41.36 -1.16 -21.63 -37.35 -0.04 -1.31 3.6 1.88 2.68 17.5 0.79 3.74 4.02 -1.03 1.74 -5.41 -2.85 3.03 -14.32 -1.35 4.4 -2.06 0.31 2.12 1.74 0 -0 0 -75.73 4.07 28.26 17.02 -26.89 -4.1 -0 0 -0.66 30.85 28.39 15.85 -7.12 0 -0 0.36 62.17 0.15 0 -0 0 70.76 -6.33 33.14 -17.73 27.81 -4.42 0 0 2.27 -38.9 -1.28 1.03 7.12 -0 -0 -9.85 -31.52 -3.29
-4.87 17.97 -5.09 0.19 -68.53 2.86 0 0 0 -12.06 -11.11 -25.23 4.78 13.13 39.86 0.55 -5.48 -13.2 0.21 -2.97 -8.19 0 0 0 10.67 11.43 -10.64 -4.06 -12.23 36.56 -0.83 -24.42 -38.77 -0.02 -0.88 2.41 1.83 2.85 15.64 0.34 3.95 3.23 -1.45 1.87 -5.21 -3.09 2.68 -14.23 -0.46 4.01 -0.34 0.64 1.94 2.29 -0 0 0 -74.92 3.86 26.63 18.6 -28.92 -4.84 -0 0 -2.81 30.26 26.97 14.82 -7.12 0 -0 0.17 60.48 0.06 -0 0 0 71.74 -6.82 32.34 -18.04 28.21 -4.57 0 0 2.25 -38.78 -1.34 1.07 7.12 -0 -0 -9.76 -31.6 -3.24
-5.08 18.1 -5.04 -0.66 -67.26 3.75 0 0 0 -11.94 -12.04 -22.99 4.24 12.48 37.45 0.53 -5.12 -12.96 0.26 -3.25 -8.98 0 0 0 12 11.44 -7.12 -3.29 -11.15 32.79 -0.93 -25.89 -40.94 -0.03 -1.07 2.95 1.69 2.95 13.89 -0.09 4.06 2.52 -1.77 1.94 -4.99 -3.7 2.18 -14 0.86 3.41 1.04 1.16 1.68 2.7 -0 0 0 -74.21 3.12 25.37 20.17 -30.85 -5.62 -0 0 -2.54 30.03 26.84 14.63 -7.12 0 -0 -0.06 60.29 -0.02 -0 0 0 72.87 -7.17 31.09 -18.27 28.5 -4.68 0 0 2.97 -38.64 -1.04 0.83 7.12 -0 -0 -9.61 -31.23 -3.28
-5.26 18.17 -4.97 -0.65 -66.23 3.59 0 0 0 -12.21 -12.5 -21.26 3.94 12.08 36 0.51 -5.17 -12.75 0.19 -2.81 -7.75 0 0 0 12.46 10.8 -4.78 -2.88 -10.49 30.59 -1.27 -25.89 -42.4 -0.04 -1.23 3.38 0.96 3.28 12.69 -0.52 4.39 1.92 -1.81 2.12 -4.96 -3.94 1.78 -13.68 1.81 2.88 2.26 1.5 1.45 3.07 -0 0 0 -73.67 2.09 24.93 21.72 -32.66 -6.44 -0 0 -0.81 28.88 25.58 13.4 -7.12 0 -0 -0.97 58.65 -0.32 -0 0 0 73.66 -7.54 30.29 -18.65 28.98 -4.86 0 0 3.49 -38.8 -1.09 0.88 7.12 -0 -0 -9.74 -31.29 -3.31
-5.41 18.21 -4.89 -2.24 -65.26 4.6 0 0 0 -11.81 -12.87 -19.88 3.84 11.94 35.53 0.51 -5.41 -12.74 0.19 -2.79 -7.69 0 0 0 13.39 9.75 -2.81 -2.61 -10.03 29.06 -0.95 -26.61 -41.83 -0.02 -0.87 2.4 1.07 3.44 11.82 -0.74 4.61 1.71 -2.09 2.23 -4.67 -4.45 1.4 -13.71 2.61 2.41 2.98 1.84 1.24 3.33 -0 0 0 -73.83 0.75 24.16 23.21 -34.32 -7.26 -0 -0 1.08 28.11 25.66 13.02 -7.12 0 -0 -1.88 58.55 -0.62 -0 0 0 74.23 -6.97 28.75 -18.62 28.95 -4.85 0 0 6.49 -37.04 -0.57 0.43 7.12 -0 -0 -8.29 -30.64 -2.94
-5.53 18.23 -4.76 -4.29 -64.1 5.88 0 0 0 -11.31 -13.16 -18.71 3.83 11.93 35.48 0.52 -5.93 -12.85 0.3 -3.51 -9.69 0 0 0 14.31 8.76 -1.12 -2.45 -9.75 28.18 -0.68 -26.83 -40.91 -0.01 -0.64 1.77 1.52 3.52 11.39 -0.83 4.77 1.48 -2.44 2.3 -4.62 -4.7 1.09 -13.73 3.22 2 3.7 2.08 1.06 3.61 0 0 0 -74.43 -0.29 24.21 24.67 -35.87 -8.1 -0 -0 2.13 27.49 25.54 12.64 -7.12 0 -0 -2.53 58.27 -0.82 0 0 0 74.74 -6.55 28.5 -18.9 29.3 -4.98 0 0 7.49 -37.29 -0.8 0.61 7.12 -0 -0 -8.52 -30.92 -2.96
-5.63 18.27 -4.59 -6.16 -63.07 6.86 0 0 0 -10.94 -13.52 -17.26 3.82 11.92 35.43 0.51 -6.9 -12.85 0.13 -2.31 -6.36 0 0 0 15.03 7.69 0.4 -2.37 -9.59 27.65 -0.45 -26.95 -39.98 -0.01 -0.48 1.32 1.9 3.6 11.12 -0.81 4.92 1.3 -2.64 2.38 -4.63 -4.81 0.75 -13.54 3.71 1.52 4.6 2.01 0.85 3.49 0 0 0 -75.64 -0.81 24.2 25.78 -36.99 -8.76 -0 -0 3.8 26.91 25.61 12.37 -7.12 0 -0 -3.22 58.21 -1.04 0 0 0 74.52 -6.25 29.62 -19.38 29.89 -5.22 0 0 7.5 -38.14 -3.86 3.03 7.12 -0 -0 -9.52 -34.76 -2.42
-5.72 18.31 -4.38 -6.89 -61.83 7.16 0 0 0 -11.22 -13.93 -15.93 3.71 11.76 34.89 0.5 -7.5 -12.86 0.09 -1.9 -5.22 0 0 0 15.09 6.67 1.12 -2.38 -9.62 27.76 -0.09 -27.51 -38.99 -0.01 -0.49 1.35 1.94 3.49 10.28 -0.93 4.78 1.06 -2.71 2.31 -4.41 -4.92 0.6 -13.64 4.23 1.28 5.59 2.19 0.75 3.81 -0 0 0 -76.79 -0.49 24.66 26.74 -37.93 -9.34 -0 -0 4.47 27.91 24 12.16 -7.12 0 -0 -1.56 56.72 -0.45 -0 0 0 74.74 -5.66 29.44 -19.43 29.95 -5.24 0 0 8.87 -37.31 0.8 -0.61 7.12 -0 -0 -8.36 -28.93 -3.31
-5.81 18.36 -4.13 -6.07 -60.43 5.84 0 0 0 -12.61 -14.36 -13.85 3.44 11.37 33.55 0.48 -7.73 -12.68 0.09 -1.99 -5.47 0 0 0 14.12 5.18 1.47 -2.53 -9.89 28.61 0.53 -28.43 -37.13 -0.01 -0.71 1.96 1.29 3.34 9.69 -1.11 4.5 0.89 -2.46 2.19 -4.3 -5 0.39 -13.58 4.3 0.99 6.49 2.21 0.61 4.09 0 -0 0 -78.2 0.44 25.56 27.22 -38.39 -9.64 -0 -0 4.6 28.78 23.39 12.3 -7.12 0 -0 -0.42 56.24 -0.12 0 -0 0 74.82 -5.33 29.33 -19.71 30.29 -5.38 0 0 9.8 -37.34 -0.06 0.05 7.12 -0 -0 -8.47 -30 -3.13
-5.88 18.42 -3.86 -5.72 -59.07 5.22 0 0 0 -13.67 -14.27 -12.24 3.15 10.93 32.04 0.4 -8.36 -11.91 0.05 -1.5 -4.13 0 0 0 13.18 4.19 1.27 -2.77 -10.31 30 1.24 -29.43 -34.84 -0.02 -1.01 2.79 0.87 3.02 9.03 -1.14 4.03 0.61 -2.17 1.96 -4.28 -5.6 0.36 -13.22 4.6 1 7.18 2.4 0.61 4.24 0 -0 0 -79.6 1.67 25.64 27.11 -38.28 -9.56 -0 -0 6.17 28.75 22.69 11.95 -7.12 0 -0 -0.27 55.48 -0.07 0 -0 0 74.54 -5.47 29.89 -20.49 31.23 -5.78 0 0 10.46 -37.51 1.36 -1.05 7.12 -0 -0 -8.45 -28.22 -3.49
-5.94 18.49 -3.58 -5 -58.51 4.27 0 0 0 -15.05 -13.31 -10.69 2.87 10.48 30.56 0.33 -9.21 -11.29 0.02 -0.88 -2.42 0 0 0 11.79 4.3 0.85 -3.13 -10.9 31.95 2.04 -30.53 -31.82 -0.05 -1.51 4.16 0.1 3.13 8.47 -1.26 4.1 0.43 -1.85 2.01 -4.2 -5.84 0.22 -13.61 4.78 0.84 8.31 2.5 0.53 4.66 0 -0 0 -80.82 2.79 25.4 26.45 -37.65 -9.16 -0 -0 9.33 27.84 24.62 12.41 -7.12 0 -0 -1.83 57.37 -0.56 0 -0 0 74.56 -5.58 30.39 -21.39 32.28 -6.26 0 0 10.18 -37.21 -0.86 0.65 7.12 -0 -0 -8.46 -31 -2.92
-5.97 18.53 -3.32 -5.03 -57.47 3.85 0 0 0 -15.88 -12.84 -9.13 2.63 10.07 29.21 0.24 -10.12 -10.59 0.01 -0.59 -1.62 0 0 0 10.89 4.48 -0.11 -3.68 -11.72 34.75 3.34 -32.71 -26.82 -0.06 -1.63 4.49 -0.3 3.04 8.45 -1.2 3.94 0.21 -1.55 1.94 -4.45 -5.92 0.17 -13.66 4.67 0.79 8.93 2.48 0.49 4.86 -0 0 0 -81.91 3.91 24.61 25.35 -36.56 -8.5 -0 -0 8.49 27.5 23.59 11.77 -7.12 0 -0 -1.88 56.18 -0.52 -0 0 0 74.63 -5.91 30.48 -22.4 33.42 -6.8 0 0 10.84 -36.84 0.31 -0.23 7.12 -0 -0 -8.05 -29.54 -3.06
-5.99 18.55 -3.06 -4.2 -56.63 2.44 0 0 0 -17.43 -12.58 -7.13 2.4 9.65 27.86 0.18 -10.54 -9.93 0 0.23 0.63 0 0 0 9.29 4.64 -1.56 -4.42 -12.7 38.25 4.23 -34.53 -23.5 -0.18 -2.7 7.45 -0.72 3.04 8.73 -1.37 3.89 0.19 -1.51 1.92 -4.64 -6.27 0.08 -13.88 4.8 0.71 9.78 2.58 0.45 5.17 0 -0 0 -82.53 4.48 24 23.46 -34.59 -7.4 -0 -0 7.73 27.44 23.7 11.79 -7.12 0 -0 -1.98 56.29 -0.55 0 -0 0 74.74 -6.21 31.18 -23.83 34.98 -7.61 0 0 11.09 -37.75 -0.08 0.06 7.12 -0 -0 -8.8 -30.02 -3.25
-6.01 18.58 -2.83 -3.47 -55.89 1.08 0 0 0 -18.77 -12.4 -5.14 2.21 9.29 26.69 0.11 -11.03 -9.25 0.05 1.43 3.94 0 0 0 7.92 5.28 -3.25 -5.35 -13.76 42.3 4.97 -36.04 -18.99 -0.87 -5.94 16.61 -1.37 3.06 9.13 -1.46 3.83 0.25 -1.26 1.9 -4.84 -6.44 0.06 -14.3 4.85 0.71 10.67 2.64 0.44 5.51 -0 0 0 -82.92 4.85 22.74 21.34 -32.22 -6.23 -0 -0 6.65 26.76 23.85 11.52 -7.12 0 -0 -2.77 56.3 -0.77 -0 0 0 74.84 -6.32 31.66 -25.05 36.25 -8.32 0 0 12.56 -37.93 -0.12 0.09 7.12 -0 -0 -8.95 -30.07 -3.3
-6.02 18.59 -2.62 -3.06 -55.39 0.18 0 0 0 -19.82 -12.16 -3.7 2.09 9.05 25.96 0.06 -11.4 -8.83 0.16 2.57 7.08 0 0 0 7.1 7.1 -4.93 -6.31 -14.72 46.22 4.55 -34.68 -11.6 -1.26 -7.12 20.07 -1.7 3.12 9.42 -1.61 3.86 0.39 -1.24 1.92 -4.88 -6.25 -0.08 -14.3 4.51 0.53 10.81 2.49 0.34 5.57 -0 0 0 -82.83 4.84 21.71 18.82 -29.2 -4.95 -0 -0 5.45 27.32 23.24 11.52 -7.12 0 -0 -1.97 55.77 -0.52 -0 0 0 75.21 -6 32.28 -25.86 37.07 -8.8 0 0 12.9 -37.82 0.98 -0.76 7.12 -0 -0 -8.73 -28.69 -3.5
