HIERARCHY
ROOT Hips
{
	OFFSET 0.00000 0.00000 0.00000
	CHANNELS 6 Xposition Yposition Zposition Zrotation Yrotation Xrotation 
	JOINT LHipJoint
	{
		OFFSET 0 0 0
		CHANNELS 3 Zrotation Yrotation Xrotation
		JOINT LeftUpLeg
		{
			OFFSET 1.81424 -1.42316 1.18090
			CHANNELS 3 Zrotation Yrotation Xrotation
			JOINT LeftLeg
			{
				OFFSET 2.15837 -5.93008 0.00000
				CHANNELS 3 Zrotation Yrotation Xrotation
				JOINT LeftFoot
				{
					OFFSET 2.51759 -6.91701 0.00000
					CHANNELS 3 Zrotation Yrotation Xrotation
					JOINT LeftToeBase
					{
						OFFSET 0.18318 -0.50327 1.95113
						CHANNELS 3 Zrotation Yrotation Xrotation
						End Site
						{
							OFFSET 0.00000 -0.00000 1.01524
						}
					}
				}
			}
		}
	}
	JOINT RHipJoint
	{
		OFFSET 0 0 0
		CHANNELS 3 Zrotation Yrotation Xrotation
		JOINT RightUpLeg
		{
			OFFSET -1.43917 -1.42316 1.18090
			CHANNELS 3 Zrotation Yrotation Xrotation
			JOINT RightLeg
			{
				OFFSET -2.25237 -6.18833 0.00000
				CHANNELS 3 Zrotation Yrotation Xrotation
				JOINT RightFoot
				{
					OFFSET -2.46496 -6.77243 0.00000
					CHANNELS 3 Zrotation Yrotation Xrotation
					JOINT RightToeBase
					{
						OFFSET -0.26285 -0.72219 1.76148
						CHANNELS 3 Zrotation Yrotation Xrotation
						End Site
						{
							OFFSET -0.00000 -0.00000 0.95109
						}
					}
				}
			}
		}
	}
	JOINT LowerBack
	{
		OFFSET 0 0 0
		CHANNELS 3 Zrotation Yrotation Xrotation
		JOINT Spine
		{
			OFFSET -0.08725 1.93754 -0.28890
			CHANNELS 3 Zrotation Yrotation Xrotation
			JOINT Spine1
			{
				OFFSET 0.01195 1.94849 0.05967
				CHANNELS 3 Zrotation Yrotation Xrotation
				JOINT Neck
				{
					OFFSET 0 0 0
					CHANNELS 3 Zrotation Yrotation Xrotation
					JOINT Neck1
					{
						OFFSET 0.02762 1.60124 0.34160
						CHANNELS 3 Zrotation Yrotation Xrotation
						JOINT Head
						{
							OFFSET -0.04785 1.66713 -0.24070
							CHANNELS 3 Zrotation Yrotation Xrotation
							End Site
							{
								OFFSET -0.02188 1.68591 -0.11959
							}
						}
					}
				}
				JOINT LeftShoulder
				{
					OFFSET 0 0 0
					CHANNELS 3 Zrotation Yrotation Xrotation
					JOINT LeftArm
					{
						OFFSET 2.59610 1.78696 -0.28854
						CHANNELS 3 Zrotation Yrotation Xrotation
						JOINT LeftForeArm
						{
							OFFSET 5.17853 -0.00000 0.00000
							CHANNELS 3 Zrotation Yrotation Xrotation
							JOINT LeftHand
							{
								OFFSET 3.40399 -0.00000 -0.00000
								CHANNELS 3 Zrotation Yrotation Xrotation
								JOINT LeftFingerBase
								{
									OFFSET 0 0 0
									CHANNELS 3 Zrotation Yrotation Xrotation
									JOINT LeftHandIndex1
									{
										OFFSET 0.70896 -0.00000 -0.00000
										CHANNELS 3 Zrotation Yrotation Xrotation
										End Site
										{
											OFFSET 0.57159 -0.00000 -0.00000
										}
									}
								}
								JOINT LThumb
								{
									OFFSET 0 0 0
									CHANNELS 3 Zrotation Yrotation Xrotation
									End Site
									{
										OFFSET 0.58031 -0.00000 0.58031
									}
								}
							}
						}
					}
				}
				JOINT RightShoulder
				{
					OFFSET 0 0 0
					CHANNELS 3 Zrotation Yrotation Xrotation
					JOINT RightArm
					{
						OFFSET -2.87749 1.55486 -0.73085
						CHANNELS 3 Zrotation Yrotation Xrotation
						JOINT RightForeArm
						{
							OFFSET -5.42351 -0.00000 -0.00000
							CHANNELS 3 Zrotation Yrotation Xrotation
							JOINT RightHand
							{
								OFFSET -3.42066 -0.00000 -0.00000
								CHANNELS 3 Zrotation Yrotation Xrotation
								JOINT RightFingerBase
								{
									OFFSET 0 0 0
									CHANNELS 3 Zrotation Yrotation Xrotation
									JOINT RightHandIndex1
									{
										OFFSET -0.74361 -0.00000 -0.00000
										CHANNELS 3 Zrotation Yrotation Xrotation
										End Site
										{
											OFFSET -0.59952 -0.00000 -0.00000
										}
									}
								}
								JOINT RThumb
								{
									OFFSET 0 0 0
									CHANNELS 3 Zrotation Yrotation Xrotation
									End Site
									{
										OFFSET -0.60867 -0.00000 0.60867
									}
								}
							}
						}
					}
				}
			}
		}
	}
}
MOTION
Frames: 890
Frame Time: 0.0333332
3.89 16.42 -0.53 24.81 84.64 30.19 0 0 0 -21.39 -7.23 -2.91 0.88 5.98 16.73 0.79 9.96 -23.2 0.22 2.99 8.24 0 0 0 13.69 15.56 -11.21 -3.08 -10.83 31.7 -2.19 -7.91 -31.69 -0.24 -3.17 8.76 -6.35 0.77 -3.94 -0.19 1.29 -1.31 3.42 0.66 0.72 3.6 0.95 -17.38 -2.34 1.38 27.14 -1.24 0.85 11.81 0 0 0 -84.78 0.62 53.2 12.93 -21.19 -2.43 -0 0 -21.31 16.05 -24.67 -6.85 -7.12 0 -0 -8.2 4.66 7.59 0 0 0 86.11 0.89 24.12 -11.75 19.43 -2.02 0 -0 -8.23 -10.48 28.19 -4.99 7.12 -0 -0 11.75 -1.91 11.6
3.92 16.4 -0.47 27.75 84.69 33.06 0 0 0 -21.4 -6.67 -2.53 0.8 5.71 15.95 0.67 10.18 -22.36 0.07 1.75 4.82 0 0 0 13.77 15.76 -10.95 -3.14 -10.91 31.98 -2.21 -8.59 -32.19 -0.21 -2.98 8.21 -6.58 0.69 -3.87 -0.18 1.19 -1.4 3.55 0.62 0.59 3.74 0.94 -17.2 -2.27 1.33 27.16 -1.25 0.86 11.78 0 -0 0 -85.19 1.05 53.35 13.01 -21.3 -2.46 -0 0 -21.2 15.83 -26.41 -7.19 -7.12 0 -0 -8.46 2.93 8.11 0 -0 0 86.06 0.96 24.85 -11.78 19.48 -2.03 0 -0 -8.68 -10.64 28.29 -5.09 7.12 -0 -0 11.66 -1.78 11.54
3.93 16.41 -0.42 25.02 84.94 30.52 0 0 0 -20.89 -7.5 -2.49 0.82 5.78 16.16 0.66 10.78 -22.82 0.08 1.83 5.05 0 0 0 14.36 15.9 -10.86 -3.1 -10.85 31.78 -2.32 -8.14 -32.56 -0.19 -2.81 7.76 -6.3 0.67 -3.95 -0.07 1.15 -1.56 3.51 0.61 0.49 3.85 0.86 -16.88 -2.25 1.18 27.1 -1.28 0.81 11.69 -0 0 0 -85.35 1.6 53.86 13.15 -21.5 -2.51 -0 0 -21.06 15.59 -26.42 -7.08 -7.12 0 -0 -8.61 2.96 8.24 -0 0 0 86.03 0.85 25.87 -12.04 19.86 -2.12 0 -0 -9.54 -10.5 27.71 -4.92 7.12 -0 -0 11.72 -2.37 11.47
3.95 16.4 -0.36 29.58 85.22 35.12 0 0 0 -20.84 -7.3 -2.47 0.8 5.72 15.98 0.64 10.49 -22.34 0.06 1.54 4.25 0 0 0 14.39 15.55 -10.79 -3.11 -10.87 31.83 -2.34 -8.55 -32.96 -0.15 -2.49 6.87 -6.48 0.49 -4.33 -0.11 0.95 -1.3 3.57 0.49 0.98 3.8 0.84 -17.34 -2.25 1.12 26.89 -1.28 0.76 11.7 -0 -0 0 -85.55 1.25 54.38 13.06 -21.37 -2.47 -0 0 -21.18 14.73 -25.81 -6.53 -7.12 0 -0 -9.08 3.7 8.59 -0 -0 0 86.05 1.51 26.07 -11.84 19.56 -2.05 0 -0 -9.28 -11.04 28.35 -5.29 7.12 -0 -0 11.43 -1.68 11.32
3.97 16.41 -0.32 32.2 85.32 37.9 0 0 0 -20.85 -7.75 -2.14 0.76 5.55 15.49 0.62 10.82 -22.46 0.05 1.46 4.02 0 0 0 14.46 15.91 -10.81 -3.14 -10.93 32.03 -2.44 -9.04 -33.77 -0.12 -2.24 6.17 -6.56 0.44 -4.7 -0.14 0.92 -1.31 3.59 0.46 1.18 3.48 0.88 -17.01 -1.82 1.16 26.67 -1.06 0.8 11.55 0 0 0 -85.66 1.43 55.18 13.1 -21.44 -2.49 -0 0 -21.48 14.24 -25.86 -6.32 -7.12 0 -0 -9.38 3.71 8.87 0 0 0 85.88 1.3 26.98 -12.08 19.93 -2.13 0 -0 -9.97 -10.94 27.91 -5.17 7.12 -0 -0 11.47 -2.12 11.26
3.98 16.4 -0.27 34.23 85.48 39.87 0 0 0 -20.73 -7.57 -2.01 0.74 5.49 15.32 0.58 10.82 -22.13 0.04 1.28 3.52 0 0 0 14.65 15.93 -10.65 -3.16 -10.95 32.11 -2.4 -9.15 -33.64 -0.11 -2.12 5.84 -6.55 0.5 -4.08 -0.2 0.94 -1.63 3.51 0.51 0.51 3.53 0.67 -16.82 -1.79 0.85 26.68 -1.1 0.68 11.5 0 0 0 -85.69 1.96 55.4 13.01 -21.31 -2.46 -0 0 -20.95 14.77 -25.77 -6.54 -7.12 0 -0 -9.05 3.73 8.55 0 0 0 86 0.88 26.45 -11.9 19.66 -2.07 0 -0 -9.19 -11.13 28.38 -5.34 7.12 -0 -0 11.38 -1.63 11.28
3.99 16.4 -0.24 36.5 85.61 42.27 0 0 0 -20.69 -7.8 -2.08 0.74 5.51 15.36 0.59 10.79 -22.19 0.03 1.19 3.26 0 0 0 14.67 15.69 -10.77 -3.16 -10.95 32.13 -2.47 -8.64 -33.75 -0.1 -2.01 5.53 -6.62 0.44 -4.28 -0.13 0.88 -1.57 3.62 0.47 0.68 3.59 0.8 -17.04 -2.04 1.07 26.62 -1.17 0.74 11.53 -0 0 0 -85.92 1.8 54.65 12.91 -21.16 -2.42 -0 0 -20.59 15.03 -25.97 -6.7 -7.12 0 -0 -8.91 3.49 8.46 -0 0 0 85.72 0.9 26.77 -11.96 19.74 -2.09 0 -0 -9.12 -10.56 27.24 -4.88 7.12 -0 -0 11.66 -2.83 11.31
4.01 16.4 -0.21 38.46 86.04 44.19 0 0 0 -20.43 -8.3 -1.97 0.76 5.58 15.58 0.59 10.86 -22.28 0.03 1.18 3.24 0 0 0 15.03 15.6 -10.5 -3.13 -10.91 31.97 -2.55 -8.44 -34.09 -0.11 -2.13 5.86 -6.38 0.36 -4.41 -0.11 0.78 -1.53 3.51 0.41 0.81 3.55 0.72 -16.99 -1.92 0.94 26.59 -1.14 0.7 11.5 0 -0 0 -85.82 1.67 54.32 12.78 -20.96 -2.37 -0 0 -20.53 15.62 -26.13 -7.02 -7.12 0 -0 -8.56 3.25 8.16 0 -0 0 85.73 1.15 26.04 -11.4 18.9 -1.9 0 -0 -8.06 -10.41 27.98 -4.93 7.12 -0 -0 11.78 -2.12 11.59
4.02 16.4 -0.19 37.3 86.23 43 0 0 0 -20.1 -7.99 -2.2 0.79 5.69 15.89 0.6 10.61 -22.07 0.01 0.71 1.95 0 0 0 15.37 15.44 -10.36 -3.1 -10.86 31.81 -2.56 -8.36 -34.09 -0.1 -2.01 5.53 -6.03 0.48 -4.37 -0.21 0.93 -1.56 3.21 0.49 0.75 3.64 0.64 -17.07 -1.71 0.75 26.87 -1.11 0.66 11.62 0 0 0 -85.46 1.53 54.23 12.72 -20.88 -2.35 -0 0 -20.39 15.72 -26.29 -7.1 -7.12 0 -0 -8.52 3.07 8.14 0 0 0 85.96 1.16 25.1 -10.94 18.19 -1.76 0 -0 -7.1 -10.44 27.53 -4.87 7.12 -0 -0 11.74 -2.55 11.45
4.04 16.4 -0.17 38.4 86.26 44.12 0 0 0 -20.1 -8.02 -2.11 0.79 5.68 15.86 0.6 10.62 -22.1 0.01 0.69 1.89 0 0 0 15.37 15.31 -10.34 -3.11 -10.87 31.83 -2.56 -8.43 -34.08 -0.09 -1.97 5.42 -6.13 0.47 -4.61 -0.06 0.92 -1.58 3.43 0.48 0.86 3.42 0.65 -16.97 -1.9 0.89 26.85 -1.12 0.67 11.6 0 -0 0 -85.64 1.56 53.72 12.67 -20.81 -2.34 -0 0 -20.27 15.76 -26.71 -7.23 -7.12 0 -0 -8.52 2.64 8.22 0 -0 0 85.57 1.23 24.81 -10.37 17.32 -1.58 0 -0 -6.39 -10.9 28.44 -5.24 7.12 -0 -0 11.52 -1.6 11.43
4.06 16.4 -0.16 41.94 86.48 47.52 0 0 0 -20.16 -8.56 -1.68 0.79 5.68 15.86 0.59 10.86 -22.25 0.02 0.81 2.23 0 0 0 15.47 14.96 -10.16 -3.11 -10.87 31.85 -2.56 -9.02 -34.45 -0.08 -1.79 4.93 -6.25 0.38 -4.74 -0.01 0.83 -1.43 3.54 0.43 1.09 3.2 0.64 -16.98 -1.59 0.83 26.62 -0.97 0.66 11.51 0 0 0 -85.57 1.31 53.46 12.51 -20.56 -2.28 -0 0 -20.23 15.75 -26.89 -7.27 -7.12 0 -0 -8.54 2.46 8.26 0 0 0 85.44 1.27 24.68 -10.13 16.94 -1.51 0 -0 -6.13 -11.47 28.11 -5.46 7.12 -0 -0 11.16 -1.85 11.01
4.07 16.4 -0.15 40.59 86.68 46.14 0 0 0 -19.91 -8.49 -1.78 0.81 5.75 16.06 0.63 10.62 -22.34 0.02 0.94 2.59 0 0 0 15.73 14.96 -9.99 -3.09 -10.83 31.72 -2.59 -8.67 -34.44 -0.08 -1.78 4.91 -6 0.45 -4.76 0.02 0.9 -1.45 3.43 0.46 1.09 3 0.69 -17.33 -1.32 0.89 27.01 -0.83 0.71 11.73 -0 0 0 -85.47 1.2 53.2 12.3 -20.26 -2.21 -0 0 -19.76 16.02 -26.98 -7.42 -7.12 0 -0 -8.39 2.33 8.13 -0 0 0 85.55 1.38 23.41 -9.71 16.28 -1.39 0 -0 -5.03 -11.43 28.23 -5.46 7.12 -0 -0 11.19 -1.74 11.06
4.09 16.4 -0.14 40.69 86.74 46.3 0 0 0 -19.86 -8.66 -1.71 0.81 5.74 16.04 0.62 10.74 -22.43 0.01 0.74 2.03 0 0 0 15.79 14.9 -10.02 -3.09 -10.84 31.75 -2.58 -8.9 -34.48 -0.07 -1.65 4.53 -5.92 0.55 -4.92 -0.04 1.04 -1.42 3.34 0.53 1.19 2.96 0.62 -17.78 -1.21 0.75 27.19 -0.81 0.65 11.88 0 0 0 -85.22 1.12 53.31 12.29 -20.23 -2.2 -0 0 -20.25 15.8 -26.83 -7.28 -7.12 0 -0 -8.51 2.51 8.22 0 0 0 85.82 1.35 22.16 -9.52 15.98 -1.34 0 -0 -3.94 -11.37 27.67 -5.34 7.12 -0 -0 11.2 -2.3 10.95
4.1 16.39 -0.14 38.48 86.81 43.97 0 0 0 -19.75 -8.7 -1.47 0.81 5.73 16.01 0.63 10.83 -22.56 0.02 0.95 2.61 0 0 0 16.01 14.95 -9.83 -3.1 -10.86 31.8 -2.63 -8.65 -34.64 -0.06 -1.63 4.48 -5.86 0.57 -4.95 0.07 1.07 -1.38 3.43 0.54 1.25 2.8 0.71 -17.96 -1.15 0.9 27.21 -0.73 0.71 11.93 0 -0 0 -85.33 1.06 52.44 12.12 -19.98 -2.14 -0 0 -19.85 15.21 -27.11 -7.06 -7.12 0 -0 -8.89 2.33 8.62 0 -0 0 85.82 1.45 21.03 -9.14 15.38 -1.24 0 -0 -2.71 -11.39 28.46 -5.48 7.12 -0 -0 11.23 -1.52 11.15
4.11 16.39 -0.15 40.11 86.77 45.58 0 0 0 -19.91 -8.79 -1.35 0.81 5.73 16 0.62 10.97 -22.61 0.01 0.77 2.11 0 0 0 15.9 14.95 -9.78 -3.11 -10.87 31.85 -2.71 -8.3 -34.87 -0.07 -1.67 4.61 -5.93 0.56 -5 0.05 1.07 -1.46 3.44 0.54 1.19 2.67 0.7 -17.66 -1.06 0.92 27.07 -0.68 0.71 11.82 -0 0 0 -85.32 1.35 51.92 12.03 -19.85 -2.11 -0 0 -19.66 13.85 -25.81 -6.13 -7.12 0 -0 -9.61 3.82 9.08 -0 0 0 85.88 1.37 20.73 -8.9 15 -1.17 0 -0 -2.43 -11.13 28.09 -5.29 7.12 -0 -0 11.36 -1.92 11.2
4.11 16.39 -0.15 41.78 86.77 47.28 0 0 0 -19.98 -8.75 -1.31 0.79 5.66 15.79 0.6 10.93 -22.43 0.02 0.94 2.59 0 0 0 15.8 14.88 -9.89 -3.12 -10.89 31.92 -2.67 -8.19 -34.57 -0.06 -1.57 4.32 -6.01 0.53 -5 0.03 1.03 -1.52 3.46 0.53 1.13 2.7 0.7 -17.55 -1.12 0.93 26.88 -0.7 0.71 11.72 -0 -0 0 -85.23 1.43 51.57 11.95 -19.72 -2.08 -0 0 -19.53 13.47 -25.08 -5.8 -7.12 0 -0 -9.8 4.59 9.12 -0 -0 0 86.07 1.21 20.37 -8.92 15.04 -1.18 0 -0 -1.83 -11.01 28.3 -5.27 7.12 -0 -0 11.44 -1.73 11.32
4.12 16.39 -0.15 41.84 86.7 47.31 0 0 0 -20.04 -8.56 -1.29 0.78 5.65 15.77 0.62 10.8 -22.42 0.02 0.89 2.45 0 0 0 15.72 14.79 -9.87 -3.12 -10.89 31.91 -2.72 -8.24 -34.86 -0.05 -1.48 4.08 -6.13 0.53 -5 0.02 1.04 -1.58 3.52 0.53 1.06 2.54 0.54 -17.32 -1.19 0.76 26.52 -0.73 0.6 11.53 -0 0 0 -85.23 1.63 51.37 11.71 -19.37 -2.01 -0 0 -18.99 15.19 -26.44 -6.89 -7.12 0 -0 -8.85 3 8.47 -0 0 0 86.16 0.97 21.08 -8.97 15.12 -1.19 0 -0 -2.61 -11.23 28.7 -5.45 7.12 -0 -0 11.34 -1.3 11.3
4.13 16.39 -0.16 34.78 86.86 40.2 0 0 0 -19.65 -8.65 -1.37 0.82 5.78 16.14 0.63 10.94 -22.69 0.02 0.84 2.32 0 0 0 16.17 14.81 -9.68 -3.08 -10.83 31.7 -2.72 -7.67 -34.59 -0.05 -1.48 4.06 -5.67 0.66 -4.97 0.01 1.19 -1.53 3.26 0.61 1.09 3.02 0.65 -17.37 -1.81 0.92 26.13 -1.01 0.63 11.4 0 -0 0 -85.03 1.59 51.03 11.49 -19.04 -1.93 -0 0 -18.5 14.78 -26.49 -6.72 -7.12 0 -0 -9.09 3 8.72 0 -0 0 86.46 1.03 21.81 -9.12 15.36 -1.23 0 -0 -3.39 -11.16 28.1 -5.31 7.12 -0 -0 11.35 -1.91 11.19
4.13 16.38 -0.17 34.9 86.6 40.34 0 0 0 -19.93 -8.79 -1.16 0.81 5.73 16 0.65 11.09 -23 0.04 1.31 3.61 0 0 0 15.88 14.7 -9.84 -3.1 -10.86 31.81 -2.64 -8.06 -34.32 -0.04 -1.28 3.53 -5.89 0.64 -5.15 0.02 1.18 -1.44 3.4 0.6 1.29 2.94 0.68 -17.81 -1.48 0.9 26.6 -0.88 0.66 11.66 0 0 0 -85.03 1.58 51.03 11.46 -18.99 -1.92 -0 0 -18.73 14.75 -26.22 -6.63 -7.12 0 -0 -9.1 3.28 8.67 0 0 0 86.56 1.12 22.48 -9.38 15.76 -1.3 0 -0 -3.77 -10.95 27.8 -5.16 7.12 -0 -0 11.45 -2.23 11.23
4.13 16.39 -0.18 35.1 86.58 40.65 0 0 0 -19.89 -8.33 -1.52 0.81 5.73 15.99 0.65 10.71 -22.64 0.02 0.91 2.51 0 0 0 15.79 14.72 -9.95 -3.1 -10.86 31.8 -2.71 -8.18 -34.8 -0.04 -1.29 3.54 -5.88 0.64 -5.28 0.03 1.2 -1.44 3.4 0.6 1.36 2.75 0.59 -17.89 -1.37 0.79 26.62 -0.82 0.61 11.68 0 -0 0 -85.04 1.61 51.28 11.44 -18.97 -1.92 -0 0 -19.05 14.85 -26.38 -6.72 -7.12 0 -0 -9.05 3.11 8.65 0 -0 0 86.62 1.21 23.11 -9.44 15.85 -1.32 0 -0 -4.62 -10.57 27.48 -4.92 7.12 -0 -0 11.66 -2.59 11.36
4.13 16.39 -0.19 32.42 86.64 37.98 0 0 0 -19.74 -8.27 -1.59 0.82 5.76 16.1 0.66 10.67 -22.69 0.02 0.97 2.66 0 0 0 15.93 14.64 -9.97 -3.09 -10.83 31.72 -2.69 -7.95 -34.54 -0.04 -1.22 3.37 -5.76 0.65 -5.3 0.13 1.2 -1.37 3.44 0.6 1.44 2.85 0.56 -17.84 -1.98 0.87 26.18 -1.06 0.56 11.51 0 -0 0 -85.23 1.45 50.88 11.26 -18.69 -1.86 -0 0 -18.81 14.15 -26.08 -6.32 -7.12 0 -0 -9.45 3.51 8.98 0 -0 0 86.6 1.31 24.1 -9.59 16.1 -1.36 0 -0 -5.41 -11.08 28.4 -5.32 7.12 -0 -0 11.41 -1.62 11.31
4.14 16.39 -0.19 35.54 86.51 41.15 0 0 0 -20.02 -8.29 -1.52 0.79 5.69 15.88 0.64 10.74 -22.6 0.02 0.93 2.57 0 0 0 15.6 14.52 -10.14 -3.11 -10.88 31.86 -2.79 -7.14 -34.64 -0.03 -1.12 3.08 -6.02 0.57 -5.49 0.05 1.12 -1.39 3.5 0.56 1.53 2.62 0.61 -18 -1.14 0.78 26.78 -0.72 0.62 11.77 -0 0 0 -85.32 1.61 50.32 11.15 -18.52 -1.82 -0 0 -18.52 13.63 -26.26 -6.12 -7.12 0 -0 -9.77 3.4 9.31 -0 0 0 86.76 1 25.3 -10.1 16.9 -1.5 0 -0 -6.49 -10.94 27.81 -5.15 7.12 -0 -0 11.46 -2.22 11.24
4.13 16.39 -0.2 37.33 86.67 43.04 0 0 0 -19.98 -8.41 -1.63 0.79 5.67 15.82 0.62 10.73 -22.41 0.02 0.8 2.19 0 0 0 15.61 14.65 -10.25 -3.12 -10.89 31.92 -2.8 -7.07 -34.7 -0.03 -1.08 2.98 -6.11 0.42 -5.38 0.07 0.91 -1.48 3.56 0.46 1.39 3.07 0.71 -17.39 -2.19 1.07 25.67 -1.14 0.65 11.23 0 -0 0 -85.34 1.78 50.25 11.1 -18.45 -1.81 -0 0 -18.47 14.08 -26.72 -6.43 -7.12 0 -0 -9.53 2.88 9.17 0 -0 0 86.79 0.85 26.55 -10.48 17.49 -1.62 0 -0 -7.33 -10.74 27.59 -5.02 7.12 -0 -0 11.57 -2.46 11.3
4.12 16.39 -0.2 37.11 86.63 42.73 0 0 0 -20.03 -8.49 -1.44 0.78 5.64 15.74 0.63 10.8 -22.53 0.03 1.11 3.06 0 0 0 15.62 14.71 -10.17 -3.14 -10.91 31.98 -2.85 -7.22 -35.01 -0.03 -1.03 2.84 -6.18 0.44 -5.26 0.05 0.94 -1.33 3.58 0.46 1.47 2.77 0.61 -17.79 -1.92 0.92 25.7 -1.01 0.58 11.32 0 0 0 -85.21 1.72 50.61 11.34 -18.81 -1.88 -0 0 -18.66 14.07 -26.32 -6.34 -7.12 0 -0 -9.51 3.27 9.08 0 0 0 86.82 0.97 27.03 -10.8 17.99 -1.72 0 -0 -7.58 -10.31 27.17 -4.75 7.12 -0 -0 11.8 -2.93 11.43
4.12 16.39 -0.21 37.16 86.72 42.89 0 0 0 -19.97 -8.64 -1.58 0.79 5.67 15.82 0.64 10.74 -22.54 0.03 1.16 3.19 0 0 0 15.68 14.94 -10.13 -3.12 -10.89 31.9 -2.8 -7.85 -35.09 -0.02 -0.93 2.57 -6.17 0.36 -5.44 0.08 0.84 -1.4 3.61 0.42 1.51 2.75 0.62 -17.3 -1.86 0.93 25.42 -0.98 0.59 11.12 0 -0 0 -85.26 1.71 50.88 11.23 -18.64 -1.85 -0 0 -18.84 14.02 -26.49 -6.35 -7.12 0 -0 -9.56 3.11 9.15 0 -0 0 86.83 1.03 27.73 -10.85 18.05 -1.73 0 -0 -7.98 -10.3 27.51 -4.8 7.12 -0 -0 11.82 -2.59 11.53
4.12 16.39 -0.22 38.05 86.71 43.77 0 0 0 -20.04 -8.56 -1.55 0.78 5.64 15.74 0.65 10.69 -22.58 0.04 1.22 3.36 0 0 0 15.57 14.68 -10.24 -3.13 -10.9 31.95 -2.79 -7.73 -34.97 -0.02 -0.85 2.33 -6.09 0.42 -5.35 -0.06 0.92 -1.32 3.41 0.45 1.54 2.74 0.67 -17.6 -1.57 0.91 25.49 -0.88 0.61 11.2 -0 -0 0 -85 1.47 51.36 11.28 -18.72 -1.87 -0 0 -19.19 13.84 -26.53 -6.28 -7.12 0 -0 -9.66 3.1 9.26 -0 -0 0 86.98 1.29 28.5 -10.84 18.04 -1.73 0 -0 -8.59 -10.61 27.26 -4.9 7.12 -0 -0 11.63 -2.81 11.28
4.12 16.39 -0.22 39.31 86.54 45.03 0 0 0 -20.28 -8.6 -1.38 0.76 5.56 15.51 0.6 10.93 -22.39 0.04 1.23 3.38 0 0 0 15.32 14.59 -10.41 -3.16 -10.94 32.09 -2.72 -8.41 -34.99 -0.01 -0.57 1.57 -6.27 0.46 -5.17 -0.14 0.97 -1.44 3.43 0.49 1.32 2.91 0.6 -17.65 -1.63 0.78 25.75 -0.95 0.57 11.3 0 0 0 -84.97 1.55 51.31 11.29 -18.74 -1.87 -0 0 -19.07 13.59 -26.24 -6.1 -7.12 0 -0 -9.79 3.42 9.33 0 0 0 86.99 1.17 28.97 -10.92 18.16 -1.75 0 -0 -8.89 -10.45 26.96 -4.78 7.12 -0 -0 11.71 -3.12 11.29
4.12 16.39 -0.23 39.25 86.53 44.9 0 0 0 -20.31 -8.53 -1.36 0.76 5.58 15.58 0.63 10.82 -22.55 0.04 1.21 3.32 0 0 0 15.34 14.78 -10.21 -3.15 -10.94 32.08 -2.85 -8.09 -35.5 -0.01 -0.74 2.04 -6.31 0.47 -5.01 -0.11 0.96 -1.5 3.48 0.49 1.16 3.26 0.53 -17.49 -2.37 0.8 25.64 -1.28 0.52 11.23 -0 0 0 -85.01 1.66 51.25 11.38 -18.87 -1.9 -0 0 -19.09 14.29 -26.58 -6.5 -7.12 0 -0 -9.4 2.99 9.02 -0 0 0 86.93 1.05 29.28 -10.91 18.14 -1.75 0 -0 -8.98 -10.75 27.18 -4.96 7.12 -0 -0 11.54 -2.87 11.18
4.12 16.39 -0.23 36.98 86.61 42.61 0 0 0 -20.18 -8.67 -1.41 0.79 5.67 15.82 0.64 10.86 -22.74 0.03 1.18 3.24 0 0 0 15.49 14.72 -10.16 -3.13 -10.91 31.97 -2.85 -8.24 -35.55 -0.01 -0.61 1.68 -6.12 0.48 -5.09 -0.1 0.98 -1.45 3.39 0.5 1.26 3.22 0.6 -17.54 -2.29 0.88 25.6 -1.23 0.56 11.23 0 -0 0 -84.93 1.54 51.36 11.56 -19.15 -1.96 -0 0 -19.29 14.52 -26.49 -6.59 -7.12 0 -0 -9.25 3.05 8.86 0 -0 0 87.03 1.12 29.04 -10.88 18.1 -1.74 0 -0 -8.59 -10.48 27.18 -4.83 7.12 -0 -0 11.7 -2.89 11.34
4.13 16.39 -0.24 35.2 86.54 40.74 0 0 0 -20.22 -8.72 -1.23 0.79 5.68 15.87 0.63 11.08 -22.82 0.04 1.28 3.53 0 0 0 15.53 14.67 -10.08 -3.14 -10.92 32 -2.87 -8.05 -35.56 -0.01 -0.49 1.35 -6.13 0.56 -4.91 -0.05 1.08 -1.49 3.45 0.55 1.11 3.05 0.53 -17.86 -2.1 0.78 26.06 -1.15 0.53 11.47 -0 -0 0 -84.98 1.53 51.77 11.62 -19.23 -1.97 -0 0 -19.59 14.47 -26.1 -6.48 -7.12 0 -0 -9.26 3.44 8.8 -0 -0 0 86.91 0.95 29.25 -10.83 18.02 -1.72 0 -0 -8.67 -10.72 27.19 -4.94 7.12 -0 -0 11.56 -2.86 11.2
4.13 16.39 -0.24 34.91 86.49 40.41 0 0 0 -20.22 -8.39 -1.31 0.79 5.67 15.83 0.66 10.77 -22.77 0.05 1.39 3.83 0 0 0 15.5 14.72 -10.03 -3.14 -10.92 32.02 -2.86 -7.65 -35.31 -0 -0.39 1.06 -6.16 0.58 -4.9 -0.04 1.11 -1.52 3.48 0.57 1.07 3.12 0.59 -17.85 -2.42 0.95 26.08 -1.25 0.57 11.48 0 -0 0 -84.98 1.6 52.06 11.71 -19.38 -2.01 -0 0 -19.75 15.78 -26.66 -7.22 -7.12 0 -0 -8.51 2.69 8.19 0 -0 0 86.86 0.86 29.12 -10.75 17.91 -1.7 0 -0 -8.47 -10.48 27.08 -4.81 7.12 -0 -0 11.7 -3 11.31
4.13 16.39 -0.25 36.82 86.51 42.39 0 0 0 -20.32 -8.48 -1.31 0.78 5.64 15.74 0.64 10.84 -22.66 0.04 1.28 3.51 0 0 0 15.37 14.63 -10.13 -3.15 -10.93 32.04 -2.93 -7.62 -35.65 -0 -0.38 1.04 -6.21 0.54 -4.88 -0.06 1.04 -1.58 3.48 0.54 0.99 2.86 0.63 -18.03 -1.61 0.87 26.68 -0.92 0.62 11.74 -0 0 0 -84.96 1.56 52 11.73 -19.41 -2.01 -0 0 -19.19 15.26 -26.48 -6.94 -7.12 0 -0 -8.81 2.94 8.44 -0 0 0 86.78 0.69 29.28 -10.7 17.83 -1.68 0 -0 -8.35 -10.59 27.02 -4.86 7.12 -0 -0 11.63 -3.04 11.23
4.13 16.39 -0.25 36.14 86.65 41.69 0 0 0 -20.16 -8.34 -1.43 0.79 5.68 15.87 0.64 10.73 -22.53 0.03 1.03 2.82 0 0 0 15.53 14.69 -10.04 -3.14 -10.91 31.99 -2.94 -8.14 -36.01 -0 -0.26 0.73 -6.08 0.59 -4.94 -0.05 1.11 -1.59 3.42 0.57 1.01 2.95 0.59 -17.92 -1.68 0.81 26.67 -0.97 0.6 11.71 -0 0 0 -84.88 1.65 52.31 11.89 -19.64 -2.06 -0 0 -19.11 15.25 -26.32 -6.89 -7.12 0 -0 -8.8 3.11 8.41 -0 0 0 86.82 0.55 28.77 -10.59 17.65 -1.65 0 -0 -7.95 -10.49 27.01 -4.81 7.12 -0 -0 11.69 -3.06 11.29
4.13 16.38 -0.25 36.92 86.69 42.35 0 0 0 -20.19 -8.35 -1.31 0.8 5.7 15.9 0.67 10.54 -22.69 0.04 1.34 3.67 0 0 0 15.54 14.58 -9.9 -3.13 -10.91 31.98 -2.91 -8.19 -35.85 -0 -0.09 0.25 -6.1 0.59 -4.91 -0.01 1.1 -1.52 3.48 0.57 1.07 2.74 0.63 -17.92 -1.5 0.88 26.6 -0.86 0.63 11.69 0 -0 0 -84.94 1.51 52.46 11.94 -19.72 -2.08 -0 0 -19.44 14.98 -25.9 -6.66 -7.12 0 -0 -8.94 3.57 8.47 0 -0 0 86.69 0.57 28.6 -10.4 17.36 -1.59 0 -0 -7.69 -10.62 27.3 -4.91 7.12 -0 -0 11.62 -2.76 11.29
4.13 16.38 -0.25 39.14 86.75 44.53 0 0 0 -20.29 -8.52 -1.26 0.8 5.71 15.94 0.65 10.72 -22.66 0.03 1.12 3.07 0 0 0 15.47 14.42 -9.91 -3.14 -10.92 32 -2.98 -8.12 -36.17 -0 -0.07 0.18 -6.14 0.53 -4.97 -0.03 1.04 -1.53 3.47 0.53 1.1 2.72 0.63 -17.68 -1.46 0.88 26.4 -0.84 0.63 11.56 -0 -0 0 -84.94 1.59 52.38 11.96 -19.75 -2.09 -0 0 -19.13 15.07 -25.8 -6.68 -7.12 0 -0 -8.87 3.66 8.39 -0 -0 0 86.71 0.51 28.33 -10.28 17.17 -1.56 0 -0 -7.33 -10.64 27.51 -4.96 7.12 -0 -0 11.62 -2.55 11.33
4.13 16.38 -0.25 38.27 86.71 43.68 0 0 0 -20.24 -8.3 -1.4 0.81 5.73 16 0.67 10.48 -22.58 0.03 1.17 3.22 0 0 0 15.46 14.36 -9.95 -3.13 -10.91 31.97 -2.98 -7.8 -36 -0 -0.04 0.1 -6.13 0.57 -4.93 -0.03 1.09 -1.55 3.47 0.56 1.05 2.46 0.63 -17.76 -1.1 0.85 26.49 -0.67 0.64 11.61 0 -0 0 -84.96 1.58 52.42 11.92 -19.68 -2.07 -0 0 -19.65 15.01 -26.03 -6.71 -7.12 0 -0 -8.92 3.43 8.48 0 -0 0 86.72 0.46 27.81 -10.25 17.12 -1.55 0 -0 -6.75 -10.42 27.44 -4.84 7.12 -0 -0 11.75 -2.65 11.44
4.13 16.38 -0.26 37.78 86.74 43.12 0 0 0 -20.2 -8.11 -1.47 0.82 5.76 16.1 0.7 10.23 -22.64 0.04 1.21 3.34 0 0 0 15.48 14.21 -9.92 -3.13 -10.9 31.93 -2.93 -8.49 -36.14 -0 0.24 -0.66 -6 0.6 -4.85 -0.03 1.11 -1.57 3.4 0.57 0.98 2.62 0.63 -17.55 -1.36 0.87 26.35 -0.79 0.63 11.51 0 -0 0 -84.92 1.63 52.55 11.91 -19.67 -2.07 -0 0 -19.37 14.85 -25.99 -6.62 -7.12 0 -0 -9.02 3.5 8.56 0 -0 0 86.7 0.37 27.6 -10.2 17.05 -1.53 0 -0 -6.57 -10.23 27.35 -4.74 7.12 -0 -0 11.86 -2.76 11.52
4.13 16.38 -0.25 38.13 86.76 43.41 0 0 0 -20.21 -8.16 -1.34 0.81 5.75 16.07 0.68 10.37 -22.63 0.03 1.15 3.17 0 0 0 15.51 14.21 -9.87 -3.13 -10.9 31.96 -2.93 -8.09 -35.9 -0 0.28 -0.77 -6.05 0.59 -4.77 -0.02 1.09 -1.49 3.43 0.56 1.02 2.81 0.65 -17.77 -1.56 0.89 26.39 -0.89 0.63 11.58 0 0 0 -84.92 1.55 52.47 11.85 -19.58 -2.05 -0 0 -19.29 14.96 -25.9 -6.66 -7.12 0 -0 -8.95 3.57 8.48 0 0 0 86.66 0.46 27.6 -10.18 17.02 -1.53 0 -0 -6.49 -10.23 27.49 -4.76 7.12 -0 -0 11.86 -2.63 11.56
4.13 16.38 -0.26 39.33 86.65 44.59 0 0 0 -20.38 -8.27 -1.23 0.81 5.74 16.04 0.69 10.41 -22.7 0.04 1.3 3.57 0 0 0 15.35 14.04 -9.94 -3.14 -10.92 32 -2.94 -7.99 -35.89 -0 0.4 -1.1 -6.15 0.56 -4.84 -0.02 1.07 -1.48 3.49 0.55 1.08 2.83 0.56 -17.59 -1.99 0.89 26.2 -1.05 0.58 11.47 0 0 0 -84.98 1.61 52.47 11.81 -19.52 -2.04 -0 0 -19.3 15.02 -26.02 -6.71 -7.12 0 -0 -8.92 3.45 8.47 0 0 0 86.5 0.39 28.02 -10.18 17.02 -1.53 0 -0 -6.87 -10.41 27.56 -4.86 7.12 -0 -0 11.76 -2.53 11.48
4.13 16.38 -0.25 37.05 86.81 42.29 0 0 0 -20.13 -8.09 -1.38 0.83 5.8 16.21 0.7 10.24 -22.61 0.03 1.15 3.16 0 0 0 15.6 14.18 -9.81 -3.12 -10.89 31.92 -2.95 -8.32 -36.13 -0.01 0.51 -1.41 -5.88 0.58 -4.62 -0.03 1.07 -1.55 3.33 0.55 0.88 2.99 0.64 -17.78 -1.9 0.94 26.45 -1.04 0.63 11.6 0 -0 0 -84.86 1.73 52.4 11.83 -19.55 -2.05 -0 0 -19.36 14.92 -26.08 -6.68 -7.12 0 -0 -8.99 3.4 8.55 0 -0 0 86.64 0.35 27.7 -10.14 16.96 -1.52 0 -0 -6.71 -10.18 27.42 -4.73 7.12 -0 -0 11.89 -2.7 11.57
4.13 16.37 -0.25 38.22 86.79 43.47 0 0 0 -20.18 -8.14 -1.38 0.83 5.8 16.2 0.68 10.31 -22.51 0.02 0.96 2.64 0 0 0 15.54 14.11 -9.83 -3.13 -10.9 31.93 -2.98 -8.06 -36.16 -0.01 0.54 -1.48 -5.93 0.56 -4.51 -0.07 1.04 -1.6 3.31 0.54 0.77 3.05 0.6 -17.95 -1.83 0.84 26.82 -1.04 0.61 11.78 0 -0 0 -84.73 1.91 52.76 11.88 -19.63 -2.06 -0 0 -20.05 16.05 -27.08 -7.46 -7.12 0 -0 -8.38 2.23 8.14 0 -0 0 86.73 0.35 27.44 -10.11 16.92 -1.51 0 -0 -6.47 -10.39 27.42 -4.83 7.12 -0 -0 11.77 -2.67 11.45
4.13 16.38 -0.25 37.57 86.77 42.76 0 0 0 -20.13 -8.03 -1.24 0.8 5.72 15.98 0.66 10.38 -22.43 0.01 0.76 2.1 0 0 0 15.58 14.16 -9.84 -3.15 -10.93 32.04 -2.97 -8.27 -36.23 -0.01 0.7 -1.92 -5.88 0.6 -4.38 -0.03 1.07 -1.7 3.32 0.57 0.6 3.03 0.4 -17.55 -1.8 0.6 26.95 -1.06 0.51 11.74 -0 -0 0 -84.74 2.26 52.67 11.91 -19.67 -2.07 -0 0 -19.85 15.66 -25.82 -6.96 -7.12 0 -0 -8.52 3.56 8.06 -0 -0 0 86.68 0.08 27.41 -10.22 17.08 -1.54 0 -0 -6.46 -10.12 27.32 -4.68 7.12 -0 -0 11.92 -2.8 11.58
4.12 16.38 -0.24 35.51 86.82 40.81 0 0 0 -19.9 -7.86 -1.48 0.81 5.74 16.03 0.68 9.99 -22.26 0.02 0.94 2.59 0 0 0 15.71 14.26 -9.96 -3.14 -10.92 32.02 -2.94 -8.68 -36.31 -0.01 0.62 -1.71 -5.78 0.58 -4.38 0.08 1.04 -1.75 3.38 0.56 0.54 2.97 0.56 -17.21 -1.93 0.87 26.48 -1.06 0.6 11.5 0 -0 0 -84.91 2.35 52.03 11.87 -19.61 -2.06 -0 0 -18.98 14.96 -25.44 -6.55 -7.12 0 -0 -8.91 4.04 8.37 0 -0 0 86.49 0.03 27.81 -10.25 17.14 -1.55 0 -0 -6.9 -10.25 27.44 -4.77 7.12 -0 -0 11.85 -2.67 11.53
4.1 16.38 -0.23 37.96 86.98 43.47 0 0 0 -19.7 -7.72 -1.89 0.8 5.72 15.97 0.72 9.39 -22.05 0.05 1.48 4.07 0 0 0 15.66 14.05 -10.4 -3.16 -10.95 32.12 -3.07 -8.5 -36.87 -0 0.44 -1.22 -5.82 0.49 -4.26 0.1 0.91 -1.84 3.41 0.5 0.4 2.94 0.6 -17.43 -1.79 0.89 26.78 -1 0.63 11.66 0 -0 0 -84.83 2.43 51.97 11.86 -19.6 -2.06 -0 0 -19.27 14.41 -25.49 -6.31 -7.12 0 -0 -9.26 4.06 8.69 0 -0 0 86.55 -0.23 28.05 -10.53 17.56 -1.63 0 -0 -7.16 -10.14 27.47 -4.72 7.12 -0 -0 11.91 -2.65 11.61
4.1 16.38 -0.21 32.85 87.15 38.33 0 0 0 -19.3 -7.93 -2.02 0.85 5.86 16.39 0.73 9.61 -22.35 0.02 0.84 2.32 0 0 0 16.01 13.6 -10.6 -3.17 -10.96 32.15 -3.06 -8.31 -36.72 -0 0.33 -0.9 -5.43 0.57 -4.36 0.18 1.01 -1.48 3.28 0.52 0.82 2.96 0.59 -17.98 -2.04 0.91 26.62 -1.09 0.59 11.71 0 0 0 -84.76 1.72 51.87 11.77 -19.45 -2.02 -0 0 -19.27 13.8 -25.11 -5.95 -7.12 0 -0 -9.6 4.53 8.94 0 0 0 86.59 0.55 28.26 -10.46 17.45 -1.61 0 -0 -7.73 -10.22 27.66 -4.79 7.12 -0 -0 11.88 -2.45 11.61
4.09 16.37 -0.19 31.95 86.91 37.44 0 0 0 -19.38 -8.24 -1.99 0.86 5.92 16.56 0.72 10.01 -22.62 0.01 0.77 2.12 0 0 0 15.8 12.78 -11.27 -3.23 -11.06 32.48 -3.17 -7.63 -36.9 -0 0.2 -0.54 -5.38 0.65 -4.19 0.12 1.11 -1.43 3.19 0.57 0.77 3.16 0.65 -17.81 -2.28 1.01 26.38 -1.2 0.62 11.59 -0 0 0 -84.61 1.55 51.53 11.63 -19.25 -1.98 -0 0 -18.83 14.83 -26.23 -6.67 -7.12 0 -0 -9.05 3.26 8.63 -0 0 0 86.77 0.53 28.05 -10.62 17.71 -1.66 0 -0 -7.47 -10.41 27.93 -4.92 7.12 -0 -0 11.78 -2.17 11.57
4.07 16.37 -0.16 28.35 87.16 33.8 0 0 0 -18.81 -7.9 -2.46 0.91 6.08 17.01 0.77 9.4 -22.54 0.01 0.61 1.67 0 0 0 16.18 12.17 -11.74 -3.27 -11.13 32.7 -3.22 -6.49 -36.62 -0 0.1 -0.26 -5.1 0.65 -3.48 0.27 1.05 -1.49 3.17 0.55 0.32 3.27 0.72 -18.11 -2.47 1.12 26.59 -1.27 0.66 11.73 -0 -0 0 -84.57 1.69 50.98 11.74 -19.42 -2.02 -0 0 -18.3 14.33 -25.72 -6.33 -7.12 0 -0 -9.31 3.84 8.79 -0 -0 0 86.64 0.26 29.01 -11.13 18.49 -1.82 0 -0 -8.63 -10.25 27.57 -4.78 7.12 -0 -0 11.85 -2.54 11.57
4.06 16.36 -0.11 31.45 87.06 37.06 0 0 0 -18.84 -8.24 -2.54 0.91 6.08 17.01 0.74 9.81 -22.64 0 0.26 0.72 0 0 0 15.99 11.61 -12.53 -3.35 -11.24 33.1 -3.3 -5.63 -36.59 -0 0.02 -0.04 -5.24 0.66 -3.09 0.27 1.04 -1.56 3.25 0.56 0.03 3.25 0.76 -17.77 -2.7 1.24 26.15 -1.33 0.68 11.5 0 0 0 -84.11 1.95 51.33 12.06 -19.9 -2.12 -0 0 -18.8 14.09 -25.78 -6.23 -7.12 0 -0 -9.46 3.82 8.94 0 0 0 86.59 0.1 29.36 -11.51 19.07 -1.94 0 -0 -9.16 -10.18 27.54 -4.74 7.12 -0 -0 11.9 -2.58 11.61
4.05 16.35 -0.04 34.61 87.18 40.03 0 0 0 -18.62 -8.2 -2.31 0.89 6.02 16.84 0.75 9.57 -22.5 0 0.15 0.41 0 0 0 16.18 11.16 -12.63 -3.41 -11.33 33.4 -3.3 -5.42 -36.53 -0 0.08 -0.21 -5.23 0.67 -2.47 0.3 1.02 -1.49 3.27 0.55 -0.25 3.6 0.71 -17.78 -3.47 1.31 26.35 -1.67 0.65 11.59 -0 0 0 -83.7 2.08 51.26 12.3 -20.26 -2.21 -0 0 -18.88 14.17 -26.4 -6.41 -7.12 0 -0 -9.46 3.18 9.04 -0 0 0 86.55 0.07 29.54 -11.78 19.47 -2.03 0 -0 -9.76 -10.26 27.62 -4.8 7.12 -0 -0 11.86 -2.49 11.58
4.05 16.35 0.02 39.39 87.02 44.74 0 0 0 -18.61 -7.61 -2.1 0.83 5.81 16.25 0.74 9.19 -22.06 0 0.07 0.2 0 0 0 16.09 11.05 -12.72 -3.46 -11.4 33.65 -3.27 -6.62 -36.91 -0.01 0.7 -1.93 -5.08 0.73 -2.41 0.18 1.09 -1.3 3.05 0.58 -0.08 3.67 0.66 -17.25 -3.91 1.36 26.08 -1.83 0.63 11.38 0 -0 0 -83.1 2.14 51.28 12.54 -20.62 -2.29 -0 0 -19.3 13.7 -26.36 -6.18 -7.12 0 -0 -9.74 3.29 9.3 0 -0 0 86.51 0.08 29.94 -12.02 19.84 -2.11 0 -0 -10.41 -10.37 27.36 -4.81 7.12 -0 -0 11.77 -2.73 11.45
4.05 16.34 0.1 45.73 87 51.03 0 0 0 -18.45 -6.87 -2.19 0.8 5.71 15.94 0.78 8.28 -21.68 0 0.05 0.12 0 0 0 16.13 11.04 -12.56 -3.46 -11.41 33.68 -3.33 -6.53 -37.16 -0.02 0.97 -2.67 -4.95 0.72 -2.27 0.19 1.07 -0.94 3 0.55 0.21 3.75 0.84 -17.79 -4.37 1.71 26.22 -1.97 0.73 11.57 -0 0 0 -82.64 1.96 50.75 13.05 -21.36 -2.47 -0 0 -19.9 13.54 -25.92 -6.01 -7.12 0 -0 -9.81 3.75 9.28 -0 0 0 86.36 0.61 29.82 -12.15 20.03 -2.15 0 -0 -10.37 -10.39 27.49 -4.84 7.12 -0 -0 11.77 -2.6 11.47
4.05 16.34 0.17 49.98 87.06 55.34 0 0 0 -17.92 -5 -3.44 0.84 5.86 16.39 0.87 5.98 -20.73 0 -0.35 -0.96 0 0 0 16.24 10.83 -12.53 -3.44 -11.38 33.57 -3.36 -7 -37.56 -0.04 1.33 -3.65 -4.36 0.72 -1.63 0.19 1.03 -1.04 2.65 0.54 -0.23 3.81 0.81 -17.19 -4.98 1.84 25.85 -2.18 0.73 11.32 -0 0 0 -82.1 2.67 49.64 13.56 -22.11 -2.66 -0 0 -20.71 12.85 -26.04 -5.72 -7.12 0 -0 -10.23 3.72 9.7 -0 0 0 86.25 0.24 29.39 -12.35 20.32 -2.22 0 -0 -9.7 -10.09 26.78 -4.58 7.12 -0 -0 11.92 -3.34 11.46
4.02 16.34 0.24 65.61 87.25 71.06 0 0 0 -17.41 -2.8 -5.8 1.02 6.43 18.03 0.91 2.67 -19.15 0.01 -0.51 -1.4 0 0 0 16.21 10.52 -12.72 -3.44 -11.38 33.57 -3.27 -6.83 -37.02 -0.06 1.63 -4.49 -3.88 0.65 -0.62 0.23 0.88 -1.08 2.41 0.47 -0.82 3.65 0.62 -17.47 -5.35 1.75 26.21 -2.3 0.63 11.51 -0 0 0 -81.68 2.92 48.24 13.95 -22.67 -2.81 -0 0 -21.01 12.41 -25.82 -5.47 -7.12 0 -0 -10.48 4 9.9 -0 0 0 85.8 0.32 29.37 -12.23 20.14 -2.18 0 -0 -9.86 -10.2 27.45 -4.74 7.12 -0 -0 11.88 -2.67 11.57
4 16.33 0.29 79.13 87.3 84.56 0 0 0 -16.91 -1.14 -9.18 1.48 7.68 21.76 0.89 -0.02 -17.81 0.03 -1.15 -3.17 0 0 0 16.26 10.02 -12.86 -3.44 -11.37 33.54 -3.22 -7.88 -37.28 -0.09 1.96 -5.4 -3.03 0.68 0.71 0.22 0.87 -1.16 1.9 0.47 -1.63 3.41 0.69 -17.33 -5.36 1.91 25.96 -2.24 0.68 11.39 0 -0 0 -81.12 3.47 47.49 14.32 -23.19 -2.95 -0 0 -21.02 13.05 -25.89 -5.78 -7.12 0 -0 -10.1 3.85 9.55 0 -0 0 85.24 0.13 29.62 -12.2 20.11 -2.17 0 -0 -10.14 -10.39 26.98 -4.75 7.12 -0 -0 11.75 -3.11 11.34
3.95 16.32 0.35 109.82 87.12 115.01 0 0 0 -16.13 -0.02 -13.34 2.24 9.36 26.91 0.79 -3.45 -15.97 0.03 -1.11 -3.06 0 0 0 16.59 9.31 -12.46 -3.37 -11.27 33.18 -3.39 -7.58 -38 -0.09 1.9 -5.22 -2.29 0.47 1.69 0.37 0.57 -0.58 1.65 0.31 -1.57 3.49 0.59 -17.61 -5.86 1.81 25.16 -2.44 0.56 11.15 -0 0 0 -80.71 2.99 46.89 14.43 -23.34 -3 -0 0 -21.14 13.29 -26.23 -5.96 -7.12 0 -0 -9.97 3.48 9.5 -0 0 0 84.41 0.85 29.51 -12.16 20.05 -2.16 0 -0 -10.38 -10.55 27.41 -4.9 7.12 -0 -0 11.67 -2.66 11.36
3.91 16.33 0.38 128.94 86.83 133.96 0 0 0 -15.16 0.12 -17.09 3.12 10.89 31.92 0.62 -5.03 -14.03 0.2 -2.85 -7.85 0 0 0 17.05 8.82 -12.02 -3.23 -11.06 32.5 -3.38 -7.9 -38.09 -0.04 1.27 -3.48 -1.33 0.4 3.05 0.61 0.49 -0.3 1.35 0.26 -2.03 3.23 0.7 -18.34 -5.53 1.94 25.55 -2.26 0.63 11.44 -0 -0 0 -80.27 3.2 47.54 14.64 -23.64 -3.08 -0 0 -22.29 13.67 -26.1 -6.11 -7.12 0 -0 -9.74 3.55 9.26 -0 -0 0 83.33 0.97 29.51 -12.16 20.05 -2.16 0 -0 -10.31 -10.62 26.98 -4.86 7.12 -0 -0 11.61 -3.08 11.21
3.9 16.34 0.39 135.82 86.55 140.95 0 0 0 -14.41 0.55 -20.12 3.71 11.76 34.9 0.47 -7.24 -12.46 0.27 -3.32 -9.16 0 0 0 17.24 8.74 -11.61 -3.08 -10.82 31.68 -3.3 -8.23 -37.84 -0 -0.08 0.22 -1.11 0.36 4.16 1.04 0.46 -0.41 1.66 0.26 -2.77 2.66 0.93 -18.79 -4.86 2.33 26.58 -1.87 0.83 11.94 -0 0 0 -80.22 4.07 47.73 14.73 -23.76 -3.11 -0 0 -21.52 13.51 -26.29 -6.07 -7.12 0 -0 -9.85 3.39 9.39 -0 0 0 82.12 1.35 28.38 -11.46 18.99 -1.92 0 -0 -8.24 -10.62 27.02 -4.87 7.12 -0 -0 11.61 -3.04 11.22
3.93 16.37 0.38 134.07 86.41 139.67 0 0 0 -13.95 0.29 -21.66 3.55 11.54 34.11 0.39 -8.63 -11.83 0.21 -2.94 -8.12 0 0 0 16.99 8.86 -11.83 -3.02 -10.73 31.37 -3.26 -8.41 -37.78 -0 0.02 -0.05 -1.06 0.54 4.78 1.11 0.7 -0.53 1.69 0.38 -3.25 2.88 0.95 -18.63 -5.01 2.33 26.44 -1.96 0.84 11.85 0 -0 0 -79.49 5.12 49.32 15.07 -24.25 -3.26 -0 0 -21.65 13.76 -26.94 -6.33 -7.12 0 -0 -9.74 2.71 9.4 0 -0 0 81.17 1.59 27.19 -10.79 17.97 -1.71 0 -0 -6.81 -10.74 26.93 -4.91 7.12 -0 -0 11.54 -3.11 11.12
3.97 16.41 0.35 127.51 86.52 133.61 0 0 0 -13.46 -0.92 -21.55 2.86 10.46 30.49 0.52 -6.98 -13.06 0.18 -2.73 -7.54 0 0 0 16.63 9.25 -11.81 -2.9 -10.54 30.73 -3.19 -8.67 -37.56 -0 0.18 -0.49 -1.34 0.58 5.01 1.21 0.73 -0.37 1.94 0.4 -3.22 3.29 1.21 -18.94 -5.27 2.64 26.43 -2.09 0.97 11.94 -0 -0 0 -78.53 6.41 51.09 16.09 -25.64 -3.68 -0 0 -23.1 13.49 -26.45 -6.1 -7.12 0 -0 -9.87 3.23 9.44 -0 -0 0 80.57 2.61 24.33 -9.9 16.58 -1.45 0 -0 -3.66 -11.54 28.28 -5.53 7.12 -0 -0 11.13 -1.67 11.01
4.01 16.44 0.3 115.81 86.32 122.57 0 0 0 -13.23 -2.51 -20.7 2.04 8.96 25.66 0.62 -4 -14.08 0.15 -2.48 -6.82 0 0 0 15.74 9.61 -12.12 -2.83 -10.42 30.35 -3.15 -8.69 -37.35 -0 0.22 -0.61 -1.94 0.86 5.46 1.03 1.05 -0.23 2.06 0.57 -3.36 2.96 1.19 -19.85 -4.76 2.52 26.45 -1.86 0.93 12.11 -0 0 0 -77.06 7.5 53.62 17.48 -27.48 -4.31 -0 0 -24.18 12.45 -26 -5.53 -7.12 0 -0 -10.47 3.82 9.92 -0 0 0 80.01 3.5 21.74 -9.35 15.72 -1.29 0 -0 -2.35 -11.66 27.83 -5.5 7.12 -0 -0 11.04 -2.11 10.83
4.05 16.44 0.23 113.23 86.45 120.3 0 0 0 -12.36 -3.82 -19.88 1.52 7.78 22.04 0.59 -1.39 -14.15 0.06 -1.59 -4.37 0 0 0 15.53 9.58 -12.07 -2.77 -10.31 29.97 -3.13 -8.61 -37.2 -0 0.25 -0.68 -2.05 0.81 6.05 0.96 0.97 -0.06 2.05 0.53 -3.5 3.26 1.4 -19.9 -5.03 2.74 25.8 -1.97 1.01 11.88 0 -0 0 -74.8 9.12 57.19 19.63 -30.2 -5.35 -0 0 -26.37 12.18 -25.56 -5.32 -7.12 0 -0 -10.61 4.29 9.96 0 -0 0 79.64 4.33 20.1 -9.03 15.21 -1.21 0 -0 -1.64 -11.1 27.88 -5.24 7.12 -0 -0 11.37 -2.13 11.17
4.09 16.46 0.15 110.1 87.07 117.64 0 0 0 -11.16 -4.62 -19.93 1.28 7.18 20.24 0.44 0.6 -12.72 0.01 -0.65 -1.78 0 0 0 15.67 9.33 -12.35 -2.66 -10.12 29.36 -3.01 -8.47 -36.55 -0 0.4 -1.1 -2.02 0.94 6.96 1.01 1.14 -0.06 2.06 0.62 -4.03 3.17 1.39 -20.34 -4.88 2.66 25.59 -1.91 0.97 11.89 -0 -0 0 -72.06 10.36 61.87 21.8 -32.76 -6.48 -0 0 -27.72 12.09 -26 -5.37 -7.12 0 -0 -10.68 3.86 10.12 -0 -0 0 79.11 4.82 19.88 -9.17 15.43 -1.24 0 -0 -2.04 -10.83 27.27 -5.01 7.12 -0 -0 11.5 -2.76 11.16
4.13 16.45 0.07 119.61 87.54 127.51 0 0 0 -10.21 -4.86 -20.68 1.26 7.11 20.05 0.33 0.47 -11 0.12 -2.23 -6.14 0 0 0 15.97 8.87 -12.69 -2.62 -10.05 29.12 -2.94 -8.62 -36.25 -0.02 0.92 -2.53 -2.08 0.88 7.82 1.09 1.05 0.08 2.18 0.58 -4.36 3.18 1.39 -20.88 -4.84 2.57 25.1 -1.9 0.92 11.8 -0 0 0 -68.99 11.26 66.36 24.46 -35.64 -7.97 -0 0 -28.03 10.48 -25.3 -4.52 -7.12 0 -0 -11.63 4.75 10.86 -0 0 0 78.47 4.78 21.33 -9.73 16.32 -1.4 0 -0 -3.55 -11.44 28.05 -5.43 7.12 -0 -0 11.18 -1.92 11.02
4.18 16.42 -0.04 132.97 88.39 141.36 0 0 0 -9.43 -3.82 -22.41 1.45 7.62 21.56 0.23 -1.38 -8.75 0.11 -2.12 -5.84 0 0 0 16.47 8.35 -13.32 -2.62 -10.05 29.14 -2.9 -7.95 -35.68 -0.02 1 -2.74 -1.99 1.07 8.6 1.13 1.3 0.09 2.13 0.71 -4.81 3.35 1.21 -20.98 -4.77 2.18 24.51 -1.96 0.77 11.57 0 -0 0 -65.52 11.59 70.86 27 -38.18 -9.5 -0 0 -28.08 9.67 -25.71 -4.23 -7.12 0 -0 -12.13 4.44 11.42 0 -0 0 77.94 4.39 23.12 -10.54 17.58 -1.64 0 -0 -5.35 -11.07 27.43 -5.15 7.12 -0 -0 11.36 -2.58 11.06
4.23 16.4 -0.16 168.42 89 177.39 0 0 0 -8.85 -3.27 -24.25 1.76 8.34 23.75 0.23 -2.3 -8.6 0.07 -1.65 -4.55 0 0 0 16.85 7.56 -14.31 -2.65 -10.11 29.33 -2.83 -7.13 -34.85 -0.05 1.38 -3.79 -2.1 1.17 8.87 1.19 1.42 0.37 2.24 0.77 -4.67 3.17 1.37 -21.34 -4.25 2.24 23.79 -1.72 0.82 11.36 0 -0 0 -62.59 11.19 73.74 29.38 -40.36 -11.01 -0 0 -28.08 7.05 -25.22 -3.02 -7.12 0 -0 -13.69 5.19 12.77 0 -0 0 77.33 4.31 25.56 -11.4 18.9 -1.9 0 -0 -7.16 -11.68 28.15 -5.57 7.12 -0 -0 11.04 -1.78 10.9
4.28 16.35 -0.32 248.01 88.63 257.47 0 0 0 -7.84 -2.7 -26.39 2.13 9.13 26.21 0.29 -1.68 -9.67 0.11 -2.13 -5.87 0 0 0 17.57 6.24 -15.92 -2.81 -10.38 30.21 -2.76 -5.37 -33.62 -0.1 2 -5.52 -1.97 1.31 10.07 1.36 1.62 0.2 2.29 0.88 -5.54 3.37 1.41 -21.61 -3.99 2.1 23.36 -1.68 0.8 11.24 -0 -0 0 -60.03 11.51 75.65 31.53 -42.17 -12.42 -0 0 -28.4 5.78 -25.54 -2.5 -7.12 0 -0 -14.46 5.01 13.59 -0 -0 0 76.46 3.68 28.81 -12.43 20.44 -2.25 0 -0 -9.53 -11.82 28.37 -5.68 7.12 -0 -0 10.98 -1.55 10.88
4.31 16.28 -0.5 284.64 88.6 294.76 0 0 0 -8.38 -2.48 -28.37 2.53 9.9 28.66 0.39 -1.71 -11.29 0.14 -2.45 -6.74 0 0 0 16.39 4.43 -19.75 -3.5 -11.46 33.85 -2.65 -2.54 -31.78 -0.18 2.7 -7.43 -2.96 1.7 10.92 0.96 1.98 0.5 2.37 1.07 -5.74 3.23 1.27 -22.81 -3.48 1.7 22.56 -1.53 0.65 11.15 -0 -0 0 -57.7 10.51 76.42 33.55 -43.75 -13.8 -0 0 -29.11 4.87 -25.01 -2.06 -7.12 0 -0 -15 5.59 13.96 -0 -0 0 75.81 4.02 30.27 -13.62 22.19 -2.68 0 -0 -10.6 -11.12 28.29 -5.32 7.12 -0 -0 11.38 -1.73 11.26
4.31 16.17 -0.7 320.45 87.93 331.81 0 0 0 -8.82 -2.76 -31.33 3.12 10.89 31.91 0.51 -2.32 -12.92 0.19 -2.83 -7.8 0 0 0 14.67 3.15 -25.8 -4.81 -13.16 39.99 -2.36 0.36 -29.02 -0.33 3.69 -10.21 -4.29 2.02 11.85 0.55 2.16 0.23 2.62 1.21 -6.6 3.48 1.37 -22.82 -3.35 1.64 21.09 -1.52 0.64 10.61 0 0 0 -55.42 10.35 76.88 35.85 -45.41 -15.42 -0 0 -29.76 5.86 -24.97 -2.48 -7.12 0 -0 -14.4 5.54 13.38 0 0 0 74.97 4 32.31 -15.05 24.22 -3.25 0 -0 -11.62 -10.38 27.91 -4.9 7.12 -0 -0 11.79 -2.19 11.59
4.32 16.07 -0.89 343.4 87.14 355.42 0 0 0 -10.04 -2.09 -34.11 3.76 11.83 35.14 0.59 -3.31 -13.76 0.07 -1.66 -4.56 0 0 0 12.08 2.16 -31.78 -6.58 -14.97 47.28 -1.87 2.96 -25.08 -0.73 5.45 -15.19 -5.86 2.31 13.09 0.05 2.21 0.3 2.93 1.3 -7.27 3.04 1.41 -23.02 -2.87 1.65 19.63 -1.26 0.66 10.1 -0 0 0 -53.33 9.44 76.53 38.05 -46.87 -17 -0 0 -30.63 5.84 -25.17 -2.49 -7.12 0 -0 -14.42 5.36 13.45 -0 0 0 73.98 4.39 34.34 -16.71 26.47 -3.96 0 -0 -12.91 -9.54 27.63 -4.46 7.12 -0 -0 12.28 -2.57 12
4.31 15.95 -1.06 349.56 86.07 362.34 0 0 0 -10.77 -1.09 -37.43 4.56 12.87 38.89 0.72 -4.53 -15.14 0.05 -1.37 -3.77 0 0 0 9.61 1.96 -37.41 -8.37 -16.38 53.88 -1.3 5.6 -20.44 -1.42 7.53 -21.29 -6.87 2.62 13.92 -0.45 2.39 0.48 2.9 1.41 -7.58 3.29 1.27 -23.29 -3.18 1.38 17.94 -1.45 0.5 9.54 0 0 0 -51.41 7.44 75.61 39.46 -47.75 -18.04 -0 0 -30.38 5.21 -25.11 -2.21 -7.12 0 -0 -14.79 5.47 13.8 0 0 0 73.26 5.18 35.7 -18.57 28.88 -4.82 0 -0 -13.81 -8.35 26.94 -3.8 7.12 -0 -0 12.95 -3.38 12.5
4.3 15.81 -1.2 338.2 85.39 351.58 0 0 0 -9.93 -0.44 -40.92 5.56 13.99 43.2 0.83 -5.87 -16.29 0.04 -1.21 -3.34 0 0 0 8.49 1.94 -41.51 -9.53 -17.14 57.91 -1.04 8.4 -18.31 -1.6 7.98 -22.64 -6.77 2.67 14.95 -0.37 2.4 0.56 2.91 1.43 -8.07 2.83 1.2 -22.68 -2.98 1.36 16.21 -1.29 0.49 8.83 -0 -0 0 -49.94 4.96 74.81 39.72 -47.91 -18.23 -0 0 -30.05 6.26 -25.33 -2.69 -7.12 0 -0 -14.16 5.16 13.25 -0 -0 0 72.12 6.42 37.4 -20.17 30.85 -5.62 0 -0 -14.89 -7.82 26.77 -3.54 7.12 -0 -0 13.26 -3.61 12.75
4.29 15.66 -1.3 326.56 84.75 340.62 0 0 0 -8.62 -0.25 -44.2 6.62 15.01 47.44 0.95 -7.15 -17.4 0 -0.01 -0.03 0 0 0 7.79 2.27 -44.5 -9.8 -17.29 58.8 -1.04 8.18 -18.24 -1.75 8.32 -23.7 -6.42 2.68 16.05 -0.21 2.41 0.59 2.85 1.44 -8.65 2.92 1.14 -23.09 -3.18 1.26 15.19 -1.38 0.42 8.55 0 -0 0 -48.98 1.74 73.34 38.71 -47.29 -17.49 -0 0 -29.19 6.46 -25.55 -2.8 -7.12 0 -0 -14.05 4.93 13.2 0 -0 0 71.32 7.85 37.91 -21.97 32.94 -6.57 0 -0 -15.54 -7.44 26.97 -3.39 7.12 -0 -0 13.49 -3.45 13.03
4.3 15.5 -1.38 323.56 84.29 338.59 0 0 0 -7.93 -0.49 -47.36 7.65 15.85 51.29 1.09 -7.93 -18.64 0.03 1.07 2.95 0 0 0 6.2 3 -46.81 -9.46 -17.09 57.66 -1.19 6.79 -19.49 -1.59 7.95 -22.56 -6.59 2.68 16.5 -0.2 2.33 0.45 2.95 1.42 -9.05 3.05 0.86 -22.28 -3.35 0.86 13.61 -1.5 0.23 7.86 -0 -0 0 -48.73 -1.72 71 36.99 -46.18 -16.23 -0 0 -28.42 6.78 -25.33 -2.91 -7.12 0 -0 -13.85 5.11 12.96 -0 -0 0 70.63 9.8 38.46 -22.96 34.05 -7.12 0 -0 -15.94 -6.97 27.22 -3.2 7.12 -0 -0 13.77 -3.26 13.37
4.3 15.35 -1.43 319.97 83.71 335.93 0 0 0 -7.01 -0.36 -50.33 8.57 16.52 54.6 1.21 -8.63 -19.75 0.01 0.7 1.94 0 0 0 4.85 4.13 -48.52 -8.82 -16.69 55.47 -1.39 4.26 -21.26 -1.25 7.08 -19.94 -6.58 2.65 17.11 -0.13 2.26 0.39 3.03 1.4 -9.46 3.38 0.84 -22.23 -3.61 0.76 12.45 -1.65 0.17 7.47 -0 -0 0 -48.81 -5.04 67.15 35.79 -45.37 -15.38 -0 0 -27.2 8.42 -25.8 -3.69 -7.12 0 -0 -12.88 4.48 12.15 -0 -0 0 70.28 12.27 38.31 -23.78 34.93 -7.58 0 -0 -15.72 -7.42 28.45 -3.55 7.12 -0 -0 13.55 -2.01 13.45
4.3 15.21 -1.45 322.19 82.97 338.89 0 0 0 -6.56 0.1 -52.78 9.41 17.06 57.49 1.35 -9.13 -20.8 0.01 0.74 2.04 0 0 0 3.17 5.41 -50.1 -8.26 -16.31 53.51 -1.42 2.13 -21.96 -1.18 6.9 -19.43 -6.92 2.78 17.42 -0.22 2.33 0.41 3.09 1.45 -9.63 3.78 0.85 -21.73 -4.06 0.71 11.11 -1.86 0.13 6.95 0 -0 0 -49.13 -8.64 62.74 34.5 -44.45 -14.46 -0 0 -27.18 8.78 -26 -3.87 -7.12 0 -0 -12.67 4.25 12 0 -0 0 70.23 15.1 38.1 -24.71 35.9 -8.12 0 -0 -15.91 -7.12 27.84 -3.34 7.12 -0 -0 13.7 -2.64 13.45
4.27 15.04 -1.43 317.81 82.44 335.49 0 0 0 -5.11 0.37 -55.84 10.34 17.6 60.63 1.41 -9.84 -21.36 0.01 0.75 2.06 0 0 0 2.4 6.31 -52.06 -8.1 -16.2 52.94 -1.29 1.54 -21.05 -1.09 6.64 -18.64 -6.39 2.62 18.16 -0.1 2.16 0.14 2.94 1.37 -10.31 3.87 0.98 -21.16 -4.29 0.9 9.88 -1.91 0.21 6.46 -0 -0 0 -49.8 -11.87 57.25 33.48 -43.69 -13.75 -0 0 -26.64 11.14 -26.45 -5.01 -7.12 0 -0 -11.28 3.54 10.78 -0 -0 0 70.13 17.95 38.35 -25.56 36.77 -8.62 0 -0 -16.21 -7.26 27.91 -3.41 7.12 -0 -0 13.62 -2.55 13.39
4.29 14.89 -1.4 321.29 82.45 339.25 0 0 0 -5.19 0.71 -57.49 11.11 17.99 63.12 1.5 -10.55 -22.08 0.03 1.18 3.23 0 0 0 1.22 5.77 -53.49 -8.33 -16.36 53.75 -0.92 0.95 -17.84 -1.17 6.86 -19.3 -6.53 2.54 18.27 -0.26 2.01 0.38 2.89 1.29 -10.09 3.76 1.08 -21.57 -4.4 1.08 9.83 -1.91 0.28 6.52 0 0 0 -50.59 -15.38 51.7 32.76 -43.15 -13.26 -0 0 -27.27 12.56 -26.74 -5.73 -7.12 0 -0 -10.44 3.06 10.04 0 0 0 70.14 21.45 37.88 -26.3 37.5 -9.07 0 -0 -16.25 -6.38 27.5 -2.95 7.12 -0 -0 14.13 -3.05 13.79
4.29 14.72 -1.33 323.31 82.59 341.52 0 0 0 -4.86 0.79 -59.2 11.93 18.36 65.78 1.58 -11.32 -22.69 0.04 1.26 3.46 0 0 0 0.89 4.97 -55.14 -8.96 -16.78 55.94 -0.94 2.56 -17.64 -1.65 8.09 -23 -6.51 2.38 18.74 -0.3 1.77 0.37 2.89 1.18 -10.34 4.22 1.19 -20.78 -5.41 1.24 8.65 -2.29 0.31 6.03 0 0 0 -51.39 -18.58 46.72 32.39 -42.86 -13.01 -0 0 -28.74 14.01 -26.94 -6.45 -7.12 0 -0 -9.59 2.67 9.26 0 0 0 70 24.48 38.17 -26.74 37.93 -9.34 0 -0 -16.21 -6.51 28.41 -3.11 7.12 -0 -0 14.07 -2.15 13.97
4.28 14.53 -1.23 324.68 82.69 343.37 0 0 0 -4.19 1.05 -61.39 12.79 18.71 68.49 1.59 -12.12 -22.91 0.01 0.72 1.98 0 0 0 0.8 4.56 -57.73 -9.86 -17.33 59.03 -1.08 3.25 -18.84 -1.26 7.12 -20.07 -6.16 2.3 19.13 -0.4 1.7 0.32 2.59 1.14 -10.59 3.43 1.36 -22.19 -4.56 1.55 9.83 -1.86 0.48 6.64 -0 -0 0 -51.93 -22.26 42.86 31.67 -42.29 -12.52 -0 0 -29.32 14.18 -25.98 -6.32 -7.12 0 -0 -9.42 3.6 8.93 -0 -0 0 69.77 28.04 37.87 -27.12 38.29 -9.57 0 -0 -16.6 -5.28 27.15 -2.42 7.12 -0 -0 14.76 -3.49 14.33
4.28 14.35 -1.11 325.27 82.72 344.15 0 0 0 -3.47 1.66 -63.16 13.6 18.99 70.98 1.62 -12.86 -23.19 0 0.43 1.19 0 0 0 0.77 4.54 -59.78 -10.8 -17.83 62.12 -1.29 3.99 -20.5 -1.32 7.28 -20.56 -5.76 2.18 19.34 -0.28 1.64 0.42 2.51 1.09 -10.58 3.52 1.55 -21.94 -5.03 1.85 9.26 -1.99 0.59 6.43 0 -0 0 -52.7 -25.57 38.95 31.33 -42 -12.29 -0 0 -30.24 17.13 -28.19 -8.28 -7.12 0 -0 -7.84 0.93 7.79 0 -0 0 69.3 31.59 37.81 -27.58 38.73 -9.86 0 -0 -16.86 -6.84 28.07 -3.23 7.12 -0 -0 13.87 -2.44 13.68
4.28 14.16 -0.97 325.36 83.08 344.24 0 0 0 -2.8 2.19 -64.76 14.42 19.24 73.48 1.62 -13.81 -23.38 0 0.4 1.1 0 0 0 0.53 4.55 -61.09 -11.64 -18.23 64.84 -1.5 4.6 -22.1 -1.59 7.95 -22.55 -5.35 1.97 19.77 -0.11 1.43 0.36 2.51 0.98 -10.87 4.5 1.6 -20.55 -6.31 1.83 7.76 -2.55 0.54 5.76 0 0 0 -53.53 -28.17 35.89 31.22 -41.91 -12.21 -0 0 -30.63 17.71 -28.81 -8.75 -7.12 0 -0 -7.56 0.21 7.6 0 0 0 68.53 34.8 38.03 -28 39.11 -10.12 0 -0 -17.65 -6.43 28.05 -3.03 7.12 -0 -0 14.11 -2.51 13.92
4.29 13.98 -0.83 327.9 83.92 346.63 0 0 0 -2.67 2.39 -65.92 15.13 19.42 75.62 1.61 -14.75 -23.49 0 0.16 0.43 0 0 0 -0.06 3.9 -62.61 -12.68 -18.66 68.13 -1.71 5.29 -23.57 -1.65 8.09 -22.98 -5.15 1.75 20 -0.08 1.19 0.49 2.5 0.86 -10.83 4.17 1.72 -20.8 -5.8 2 8.11 -2.32 0.65 5.91 -0 0 0 -54.31 -31.39 33.64 30.98 -41.72 -12.06 -0 0 -31.55 18.5 -28.4 -9.04 -7.12 0 -0 -7.05 0.49 7.05 -0 0 0 67.89 37.93 37.23 -28.27 39.36 -10.29 0 -0 -17.42 -6.79 27.81 -3.18 7.12 -0 -0 13.89 -2.7 13.64
4.3 13.81 -0.69 332.27 84.6 350.9 0 0 0 -2.55 2.72 -67.06 15.75 19.56 77.47 1.58 -15.52 -23.51 0 -0.13 -0.37 0 0 0 -0.71 3.52 -64.21 -13.72 -19.03 71.35 -1.93 5.76 -25.08 -1.56 7.88 -22.35 -5.14 1.62 20.04 0.01 1.03 0.57 2.64 0.78 -10.74 4.97 1.68 -20.26 -6.88 1.89 7.49 -2.81 0.55 5.64 -0 -0 0 -55.18 -34.5 31.99 30.68 -41.47 -11.85 -0 0 -32.07 18.94 -28.68 -9.35 -7.12 0 -0 -6.83 0.12 6.86 -0 -0 0 66.97 41.07 36.47 -28.37 39.45 -10.36 0 -0 -17.58 -7.28 28.37 -3.47 7.12 -0 -0 13.63 -2.1 13.51
4.3 13.66 -0.54 329.34 85.67 348.15 0 0 0 -1.81 2.52 -68.53 16.32 19.67 79.18 1.49 -16.35 -23.1 0 -0 -0.01 0 0 0 -0.86 3.12 -65.61 -14.65 -19.3 74.18 -2.15 5.84 -26.53 -1.64 8.06 -22.91 -4.46 1.3 20.23 0.17 0.77 0.34 2.51 0.64 -11.08 4.73 1.6 -20.44 -6.34 1.78 8.28 -2.61 0.52 5.91 -0 -0 0 -56.28 -37.31 30.82 30.36 -41.2 -11.65 -0 0 -31.69 19.19 -29.05 -9.59 -7.12 0 -0 -6.72 -0.3 6.8 -0 -0 0 66.78 43.14 35.1 -29.01 40.03 -10.77 0 -0 -17.18 -7.72 28.31 -3.68 7.12 -0 -0 13.37 -2.12 13.23
4.32 13.53 -0.39 327.45 86.46 346.23 0 0 0 -1.22 2.55 -69.41 16.73 19.74 80.4 1.48 -16.75 -23.15 0.02 -0.8 -2.2 0 0 0 -0.92 2.88 -66.53 -15.45 -19.5 76.59 -2.36 5.85 -27.81 -1.74 8.3 -23.64 -4.02 1.11 20.15 0.34 0.64 0.32 2.48 0.56 -11.04 4.2 1.52 -20.85 -5.61 1.73 9.06 -2.3 0.52 6.2 0 0 0 -57.54 -39.99 29.71 30.25 -41.1 -11.57 -0 0 -31.34 19.76 -29.3 -9.97 -7.12 0 -0 -6.41 -0.66 6.53 0 0 0 66.53 44.6 33.6 -30.05 40.94 -11.45 0 -0 -16.92 -8.31 28.69 -4.01 7.12 -0 -0 13.04 -1.67 13
4.35 13.42 -0.25 336.84 86.94 355.33 0 0 0 -1.3 2.88 -69.53 17.02 19.79 81.24 1.51 -17.19 -23.51 0.05 -1.42 -3.91 0 0 0 -1.51 2.9 -67.15 -16.16 -19.64 78.72 -2.54 6 -28.93 -1.66 8.12 -23.07 -4.28 1.17 20.23 0.39 0.66 0.37 2.68 0.58 -11.04 5.73 1.49 -19.14 -7.36 1.53 7.31 -3.12 0.38 5.4 -0 -0 0 -58.95 -42.35 28.81 30.82 -41.59 -11.95 -0 0 -32.23 20.3 -29.07 -10.19 -7.12 0 -0 -6.07 -0.52 6.16 -0 -0 0 66.52 46.38 32.27 -30.81 41.58 -11.94 0 -0 -16.93 -9.66 28.8 -4.69 7.12 -0 -0 12.26 -1.4 12.24
4.39 13.32 -0.12 339.88 87.33 357.95 0 0 0 -0.88 3.14 -69.51 17.3 19.82 82.08 1.51 -17.47 -23.6 0.06 -1.62 -4.47 0 0 0 -1.51 2.8 -67.5 -16.82 -19.76 80.67 -2.74 5.79 -30.11 -1.82 8.49 -24.22 -3.98 1.16 20.25 0.54 0.74 0.49 2.65 0.61 -10.92 4.05 1.57 -20.63 -5.48 1.84 9.47 -2.22 0.58 6.3 -0 0 0 -60.59 -43.96 28.74 31.45 -42.1 -12.37 -0 0 -32.98 21.86 -29.78 -11.27 -7.12 0 -0 -5.26 -1.56 5.42 -0 0 0 66.97 47.86 30.94 -31.53 42.17 -12.43 0 -0 -16.47 -10.79 29.02 -5.28 7.12 -0 -0 11.62 -1.04 11.65
4.42 13.25 0.01 338.24 87.87 355.96 0 0 0 -0.31 3.38 -69.48 17.46 19.84 82.56 1.41 -18.14 -23.17 0.07 -1.67 -4.6 0 0 0 -1.19 2.57 -67.58 -17.33 -19.83 82.17 -2.89 5.93 -30.95 -1.72 8.25 -23.46 -3.37 1.07 20.11 0.58 0.77 0.61 2.33 0.59 -10.69 4.4 1.56 -20.18 -5.61 1.76 9.4 -2.33 0.55 6.21 -0 -0 0 -62.21 -45.21 28.61 32.87 -43.23 -13.33 -0 0 -34.09 22.27 -29.46 -11.39 -7.12 0 -0 -4.98 -1.31 5.11 -0 -0 0 67.91 48.68 29.64 -32.9 43.25 -13.35 0 -0 -15.64 -11.96 29.56 -5.97 7.12 -0 -0 10.97 -0.35 11.11
4.45 13.2 0.12 356.31 88.07 374 0 0 0 -0.48 3.34 -69.42 17.53 19.85 82.77 1.43 -18.1 -23.3 0.09 -1.93 -5.31 0 0 0 -1.59 2.35 -68.15 -17.75 -19.88 83.41 -2.99 5.99 -31.5 -1.67 8.14 -23.15 -3.58 1.17 20.13 0.6 0.86 0.54 2.46 0.64 -10.8 4.57 1.56 -20.52 -5.94 1.77 9.87 -2.46 0.52 6.42 -0 -0 0 -64.39 -45.56 28.89 34.93 -44.76 -14.76 -0 0 -35.36 23.56 -29.7 -12.19 -7.12 0 -0 -4.26 -1.83 4.41 -0 -0 0 69.02 49.18 28.75 -34.55 44.49 -14.5 0 -0 -15.72 -13.55 30.11 -6.89 7.12 -0 -0 10.1 0.42 10.33
4.5 13.17 0.22 359.59 88.25 377.18 0 0 0 -0.12 3.55 -69.2 17.53 19.85 82.76 1.37 -18.43 -23 0.08 -1.86 -5.13 0 0 0 -1.21 2.17 -68.31 -18.03 -19.91 84.22 -3.1 5.93 -32.11 -1.68 8.17 -23.24 -3.32 1.14 20.14 0.76 0.9 0.47 2.47 0.65 -10.89 4.6 1.66 -20.43 -5.89 1.89 10.09 -2.44 0.59 6.48 0 -0 0 -66.49 -45.2 29.05 37.44 -46.48 -16.56 -0 0 -36.13 25.24 -30.32 -13.38 -7.12 0 -0 -3.4 -2.85 3.57 0 -0 0 70.98 48.66 28.5 -37.2 46.32 -16.38 0 -0 -15.71 -16.09 30.31 -8.28 7.12 -0 -0 8.65 1.02 8.91
4.54 13.15 0.32 368.67 88.27 386.29 0 0 0 -0 3.74 -68.92 17.46 19.84 82.55 1.32 -18.68 -22.8 0.08 -1.81 -4.98 0 0 0 -1.1 2.18 -68.51 -18.29 -19.93 85 -3.21 6.01 -32.69 -1.55 7.86 -22.27 -3.23 1.21 19.82 0.83 1.03 0.51 2.46 0.71 -10.67 4.8 1.53 -20.32 -6.05 1.69 10.05 -2.55 0.49 6.45 -0 -0 0 -68.39 -44.86 29.64 39.41 -47.72 -18 -0 0 -35.95 27.48 -31.39 -15.16 -7.12 0 -0 -2.31 -4.51 2.48 -0 -0 0 72.93 48.09 27.94 -39.91 48.02 -18.37 0 -0 -15.18 -17.89 30.64 -9.34 7.12 -0 -0 7.65 1.67 7.94
4.58 13.14 0.41 381.93 88.21 399.6 0 0 0 -0.04 3.58 -68.54 17.34 19.83 82.19 1.3 -18.65 -22.66 0.08 -1.81 -4.98 0 0 0 -1.11 2.02 -68.69 -18.49 -19.95 85.58 -3.3 6.06 -33.15 -1.5 7.74 -21.93 -3.27 1.29 19.81 0.89 1.13 0.4 2.52 0.76 -10.78 5.14 1.28 -19.23 -6.34 1.31 9.05 -2.73 0.31 5.93 0 0 0 -70.43 -43.99 30.23 40.99 -48.64 -19.18 -0 0 -35.62 29.29 -32.73 -16.87 -7.12 0 -0 -1.56 -6.39 1.72 0 0 0 74.81 46.82 27.6 -42.7 49.59 -20.47 0 -0 -14.72 -20.02 31.43 -10.76 7.12 -0 -0 6.53 2.87 6.9
4.62 13.15 0.48 422.56 88.61 440 0 0 0 -0.17 2.6 -67.89 17.12 19.8 81.55 1.34 -18.25 -22.75 0.14 -2.41 -6.63 0 0 0 -0.99 0.8 -68.23 -18.61 -19.95 85.93 -3.41 6.48 -33.69 -1.36 7.37 -20.82 -2.76 0.96 20.05 0.96 0.81 0.36 2.4 0.59 -10.95 4.12 1.44 -20.04 -5.37 1.67 10.39 -2.22 0.51 6.5 0 -0 0 -71.87 -42.91 31.18 41.8 -49.1 -19.79 -0 0 -35.69 30.31 -33.2 -17.75 -7.12 0 -0 -1.09 -7.18 1.22 0 -0 0 76.34 45.47 27.35 -44.89 50.71 -22.15 0 -0 -14.57 -21.72 31.65 -11.81 7.12 -0 -0 5.6 3.45 5.95
4.65 13.14 0.57 401.58 88.2 419.39 0 0 0 0.08 3.41 -67.98 17.07 19.79 81.41 1.37 -18.19 -22.96 0.21 -2.93 -8.08 0 0 0 -0.86 1.81 -68.82 -18.75 -19.96 86.35 -3.45 6.21 -33.97 -1.33 7.3 -20.61 -2.79 1.33 19.3 0.97 1.31 0.4 2.29 0.82 -10.51 4.38 1.46 -20.23 -5.53 1.65 10.58 -2.32 0.49 6.59 -0 0 0 -72.64 -41.97 32.04 41.89 -49.15 -19.86 -0 0 -35.52 30.63 -33.05 -17.9 -7.12 0 -0 -0.88 -7.11 0.99 -0 0 0 77.74 44.13 26.86 -46.66 51.55 -23.53 0 -0 -14.4 -22.11 31.38 -11.95 7.12 -0 -0 5.34 3.25 5.66
4.68 13.16 0.65 427.64 88.07 445.25 0 0 0 -0.29 2.93 -67.37 16.87 19.76 80.83 1.4 -18.04 -23.09 0.36 -3.85 -10.66 0 0 0 -0.96 1.12 -68.41 -18.83 -19.97 86.58 -3.53 6.21 -34.35 -1.32 7.28 -20.56 -2.77 1.12 19.37 1.05 1.05 0.54 2.44 0.7 -10.38 4.41 1.58 -20.41 -5.6 1.82 10.73 -2.33 0.56 6.68 0 0 0 -73.2 -40.93 32.47 41.44 -48.9 -19.52 -0 0 -35.8 28.85 -31.82 -16.2 -7.12 0 -0 -1.62 -5.32 1.76 0 0 0 78.66 43.41 26.83 -47.02 51.72 -23.81 0 -0 -14.49 -22.52 30.49 -11.88 7.12 -0 -0 4.98 2.42 5.2
4.7 13.15 0.73 417.49 87.96 435.55 0 0 0 -0.03 3.51 -67.59 16.78 19.75 80.53 1.33 -18.28 -22.72 0.32 -3.66 -10.11 0 0 0 -0.83 1.97 -69 -18.95 -19.97 86.94 -3.56 5.75 -34.56 -1.33 7.3 -20.6 -2.74 1.29 18.7 1.11 1.3 0.48 2.42 0.81 -10.09 4.56 1.6 -20.45 -5.56 1.78 10.62 -2.34 0.56 6.65 0 0 0 -73.23 -39.89 32.96 40.31 -48.25 -18.67 -0 0 -35.85 27.8 -31.52 -15.41 -7.12 0 -0 -2.15 -4.73 2.32 0 0 0 79.25 42.14 26.92 -47.68 52.02 -24.34 0 -0 -15.03 -22.13 29.41 -11.29 7.12 -0 -0 5.05 1.23 5.18
4.72 13.19 0.79 427.84 87.86 445.57 0 0 0 -0.1 3.28 -66.72 16.51 19.7 79.74 1.27 -18.29 -22.32 0.28 -3.41 -9.43 0 0 0 -0.62 1.8 -68.37 -18.91 -19.97 86.81 -3.61 5.34 -34.88 -1.4 7.48 -21.14 -2.48 1.22 19.21 1.06 1.25 0.53 2.22 0.77 -10.31 4.35 1.62 -20.45 -4.94 1.77 10.76 -2.11 0.6 6.69 -0 -0 0 -73.27 -39.09 33.49 39.08 -47.51 -17.75 -0 0 -36.14 28.03 -30.87 -15.28 -7.12 0 -0 -1.9 -4.11 2.03 -0 -0 0 79.41 41.34 26.82 -47.35 51.87 -24.07 0 -0 -15.54 -21.77 28.63 -10.84 7.12 -0 -0 5.16 0.36 5.21
4.73 13.22 0.84 430.56 87.75 448.33 0 0 0 -0.11 3.22 -66.35 16.3 19.67 79.13 1.22 -18.4 -22.08 0.25 -3.24 -8.95 0 0 0 -0.51 1.86 -68.21 -18.85 -19.97 86.64 -3.64 5.6 -34.99 -1.28 7.16 -20.2 -2.51 1.1 19.18 1.13 1.09 0.51 2.37 0.7 -10.3 5.03 1.69 -19.79 -5.71 1.79 9.93 -2.46 0.58 6.33 -0 -0 0 -73.07 -37.74 33.15 38.64 -47.25 -17.44 -0 0 -36.59 27.38 -30.3 -14.65 -7.12 0 -0 -2.17 -3.35 2.29 -0 -0 0 79.15 40.61 27.43 -47.16 51.78 -23.92 0 -0 -15.6 -21.43 28.08 -10.47 7.12 -0 -0 5.29 -0.28 5.29
4.74 13.26 0.88 432.46 87.58 450.52 0 0 0 -0.3 3.22 -66.33 16.07 19.63 78.45 1.2 -18.2 -21.86 0.28 -3.38 -9.33 0 0 0 -0.45 1.91 -68.36 -18.74 -19.96 86.32 -3.63 5.39 -34.96 -1.26 7.11 -20.04 -2.39 1.04 18.83 1 1.03 0.6 2.18 0.66 -9.99 5.02 1.77 -20.37 -5.3 1.83 10.07 -2.32 0.63 6.46 0 0 0 -72.85 -37.41 32.96 37.86 -46.75 -16.86 -0 0 -36.68 27.58 -30.35 -14.79 -7.12 0 -0 -2.06 -3.45 2.18 0 0 0 78.91 40.73 27.49 -46.39 51.43 -23.32 0 -0 -15.48 -21.25 28.06 -10.37 7.12 -0 -0 5.4 -0.33 5.39
4.73 13.28 0.91 430.07 87.62 448.24 0 0 0 -0.16 3.16 -66.14 15.92 19.6 78.01 1.22 -17.84 -21.84 0.31 -3.59 -9.92 0 0 0 -0.23 2.15 -68.31 -18.65 -19.96 86.06 -3.62 5.2 -34.95 -1.25 7.08 -19.95 -2.26 1.03 18.9 1.06 1.06 0.54 2.15 0.67 -10.09 4.92 1.6 -19.62 -5.23 1.63 9.51 -2.3 0.54 6.15 -0 -0 0 -72.78 -36.56 32.78 37.5 -46.52 -16.6 -0 0 -36.66 27.69 -30.63 -14.97 -7.12 0 -0 -2.05 -3.77 2.18 -0 -0 0 78.37 40.32 27.63 -46.25 51.37 -23.21 0 -0 -15.69 -20.66 27.64 -9.92 7.12 -0 -0 5.69 -0.88 5.63
4.73 13.31 0.92 430.26 87.37 448.54 0 0 0 -0.51 3.14 -66 15.74 19.56 77.47 1.22 -17.62 -21.76 0.34 -3.76 -10.4 0 0 0 -0.35 2 -68.38 -18.55 -19.95 85.76 -3.57 5.27 -34.71 -1.21 6.99 -19.68 -2.3 1.12 18.86 0.98 1.15 0.61 2.06 0.71 -10 4.5 1.62 -20.86 -4.83 1.69 10.66 -2.11 0.57 6.71 -0 -0 0 -72.83 -36.22 33 37.3 -46.38 -16.45 -0 0 -36.48 27.89 -30.78 -15.16 -7.12 0 -0 -1.96 -3.98 2.1 -0 -0 0 77.43 40.32 27.14 -45.81 51.16 -22.87 0 -0 -15.84 -20.78 27.76 -10.03 7.12 -0 -0 5.63 -0.72 5.59
4.73 13.34 0.93 426.3 87.25 444.54 0 0 0 -0.78 3.5 -65.75 15.58 19.52 76.97 1.19 -17.88 -21.71 0.29 -3.47 -9.6 0 0 0 -0.31 2.08 -68.23 -18.41 -19.94 85.36 -3.53 5.24 -34.5 -1.23 7.03 -19.8 -2.39 1.17 19.07 0.92 1.19 0.64 2.04 0.74 -10.09 4.55 1.7 -20.96 -4.8 1.79 10.89 -2.09 0.62 6.81 -0 -0 0 -72.63 -35.97 32.73 36.92 -46.14 -16.19 -0 0 -36.23 27.64 -30.66 -14.95 -7.12 0 -0 -2.09 -3.79 2.22 -0 -0 0 76.77 40.18 27.33 -45.64 51.08 -22.73 0 -0 -15.92 -21.5 27.52 -10.32 7.12 -0 -0 5.18 -0.83 5.13
4.72 13.37 0.91 423.77 87.37 442.3 0 0 0 -0.73 3.59 -66.04 15.52 19.51 76.79 1.21 -17.72 -21.74 0.35 -3.82 -10.57 0 0 0 -0.09 2.08 -68.4 -18.26 -19.93 84.9 -3.49 5.17 -34.32 -1.25 7.1 -20.01 -2.26 1.19 18.8 0.94 1.25 0.5 1.97 0.76 -10.1 4.52 1.55 -20.16 -4.84 1.61 10.41 -2.12 0.54 6.52 0 -0 0 -72.64 -35.52 32.94 36.82 -46.07 -16.11 -0 0 -35.99 27.85 -30.52 -15.02 -7.12 0 -0 -1.94 -3.7 2.06 0 -0 0 76.21 40.03 27.18 -45.03 50.78 -22.26 0 -0 -15.6 -21.29 27.43 -10.18 7.12 -0 -0 5.29 -0.97 5.23
4.71 13.38 0.89 423.13 87.53 441.65 0 0 0 -0.64 3.42 -65.98 15.49 19.51 76.72 1.15 -17.79 -21.38 0.22 -3.04 -8.39 0 0 0 0.11 1.94 -68.2 -18.12 -19.92 84.5 -3.48 5.45 -34.19 -1.15 6.8 -19.14 -2.22 1.11 18.75 0.96 1.16 0.62 2 0.71 -9.93 4.59 1.61 -20.31 -4.91 1.68 10.42 -2.15 0.57 6.55 -0 -0 0 -72.36 -35.6 32.7 36.54 -45.88 -15.91 -0 0 -36.3 27.73 -30.55 -14.96 -7.12 0 -0 -2.02 -3.7 2.14 -0 -0 0 76.04 40.27 27.24 -44.78 50.66 -22.07 0 -0 -15.28 -21.04 27.08 -9.93 7.12 -0 -0 5.4 -1.38 5.29
4.69 13.41 0.86 419.06 87.47 437.67 0 0 0 -0.76 3.25 -65.95 15.43 19.49 76.53 1.21 -17.33 -21.64 0.29 -3.44 -9.52 0 0 0 0.03 2.04 -68.2 -17.98 -19.9 84.08 -3.44 5.45 -34.01 -1.15 6.8 -19.13 -2.26 1.11 18.83 0.91 1.15 0.64 1.97 0.71 -9.96 4.29 1.65 -20.51 -4.68 1.77 10.55 -2.01 0.62 6.62 -0 -0 0 -72.17 -35.46 32.69 36.75 -46.02 -16.06 -0 0 -36.45 27.7 -30.15 -14.78 -7.12 0 -0 -1.96 -3.27 2.07 -0 -0 0 75.63 40.16 27.46 -44.68 50.61 -21.99 0 -0 -15.31 -21.26 26.43 -9.83 7.12 -0 -0 5.2 -2.01 5.03
4.69 13.43 0.81 414.51 87.41 433.06 0 0 0 -0.97 3.29 -65.85 15.43 19.49 76.53 1.29 -17.14 -22.04 0.32 -3.61 -9.99 0 0 0 -0.17 2.27 -67.97 -17.85 -19.89 83.7 -3.4 5.37 -33.8 -1.23 7.02 -19.78 -2.51 1.17 18.95 0.91 1.16 0.65 2.1 0.73 -10.01 4.28 1.66 -20.41 -4.79 1.82 10.6 -2.04 0.63 6.63 0 -0 0 -72.21 -35.35 32.69 36.66 -45.96 -15.99 -0 0 -36.7 26.69 -30.11 -14.15 -7.12 0 -0 -2.53 -2.97 2.66 0 -0 0 75.32 39.73 27.49 -44.77 50.66 -22.06 0 -0 -15.44 -20.7 26.2 -9.47 7.12 -0 -0 5.51 -2.34 5.31
4.67 13.43 0.75 411.6 87.56 430.27 0 0 0 -0.95 3.17 -66.16 15.51 19.51 76.78 1.34 -16.95 -22.36 0.34 -3.72 -10.29 0 0 0 -0.21 2.26 -68.04 -17.74 -19.88 83.39 -3.35 5.46 -33.53 -1.21 6.98 -19.65 -2.43 1.16 18.8 0.84 1.17 0.62 1.98 0.72 -9.96 4.5 1.6 -20.5 -5.15 1.74 10.85 -2.21 0.57 6.72 -0 -0 0 -72.29 -35.23 32.98 36.96 -46.16 -16.21 -0 0 -36.72 25.72 -29.27 -13.25 -7.12 0 -0 -2.95 -1.87 3.05 -0 -0 0 75.19 39.36 27.36 -44.86 50.7 -22.13 0 -0 -15.17 -19.98 25.32 -8.84 7.12 -0 -0 5.85 -3.38 5.53
4.66 13.46 0.69 406.89 87.54 425.48 0 0 0 -1.11 3.06 -65.99 15.49 19.51 76.71 1.34 -16.74 -22.29 0.32 -3.61 -9.98 0 0 0 -0.34 2.37 -67.74 -17.55 -19.86 82.83 -3.29 5.35 -33.22 -1.2 6.96 -19.61 -2.68 1.24 18.89 0.83 1.22 0.69 2.1 0.76 -9.95 4.21 1.53 -20.62 -4.93 1.7 11.12 -2.09 0.55 6.83 0 -0 0 -72.34 -35.4 33.2 36.83 -46.07 -16.12 -0 0 -36.98 23.25 -28.36 -11.53 -7.12 0 -0 -4.25 -0.38 4.29 0 -0 0 75.21 39.22 27.11 -44.56 50.55 -21.9 0 -0 -14.77 -18.94 24.86 -8.21 7.12 -0 -0 6.45 -4.02 6.02
4.65 13.47 0.62 402.17 87.58 420.84 0 0 0 -1.23 2.89 -66.05 15.5 19.51 76.74 1.34 -16.61 -22.26 0.27 -3.35 -9.27 0 0 0 -0.48 2.47 -67.61 -17.38 -19.83 82.31 -3.22 5.07 -32.89 -1.31 7.24 -20.42 -2.73 1.28 18.62 0.73 1.26 0.79 2.01 0.77 -9.68 4.58 1.65 -20.44 -5.42 1.83 11 -2.3 0.59 6.77 0 0 0 -72.29 -35.37 33.66 36.96 -46.16 -16.21 -0 0 -36.95 20.65 -26.8 -9.64 -7.12 0 -0 -5.6 1.74 5.46 0 0 0 75.17 38.72 26.91 -44.6 50.57 -21.93 0 -0 -15.04 -17.92 24.25 -7.57 7.12 -0 -0 7.02 -4.81 6.46
4.64 13.48 0.53 397.46 87.65 416.05 0 0 0 -1.35 2.81 -66.09 15.58 19.52 76.98 1.37 -16.74 -22.44 0.19 -2.83 -7.79 0 0 0 -0.57 2.41 -67.37 -17.23 -19.82 81.88 -3.17 4.95 -32.61 -1.39 7.45 -21.06 -2.87 1.32 18.94 0.73 1.26 0.64 2.08 0.79 -10.04 4.48 1.68 -20.32 -5.62 1.95 11.39 -2.34 0.63 6.89 -0 0 0 -72.38 -34.97 34.4 36.84 -46.08 -16.13 -0 0 -36.82 17.95 -25.63 -7.98 -7.12 0 -0 -7.12 3.4 6.74 -0 0 0 75.23 37.87 26.8 -44.7 50.62 -22.01 0 -0 -14.95 -16.43 23.84 -6.79 7.12 -0 -0 7.91 -5.45 7.19
4.63 13.5 0.43 391.67 87.72 410.2 0 0 0 -1.48 2.64 -66.1 15.65 19.54 77.18 1.42 -16.67 -22.77 0.16 -2.56 -7.06 0 0 0 -0.72 2.48 -66.99 -17.02 -19.79 81.24 -3.11 5 -32.32 -1.44 7.58 -21.43 -2.84 1.3 18.83 0.69 1.25 0.81 2.03 0.78 -9.78 4.23 1.71 -20.42 -5.38 2.02 11.42 -2.21 0.67 6.91 0 -0 0 -72.27 -35.06 35.02 36.63 -45.94 -15.98 -0 0 -36.45 16.18 -25.3 -7.07 -7.12 0 -0 -8.16 4 7.65 0 -0 0 75.33 37.67 26.52 -44.26 50.4 -21.67 0 -0 -14.71 -14.13 23.47 -5.72 7.12 -0 -0 9.31 -6.13 8.38
4.62 13.54 0.33 387.49 87.71 406.08 0 0 0 -1.78 2.42 -66.14 15.66 19.54 77.21 1.43 -16.66 -22.81 0.1 -2.04 -5.61 0 0 0 -0.99 2.51 -66.64 -16.72 -19.74 80.37 -3.02 5.32 -31.75 -1.31 7.24 -20.43 -3.05 1.29 18.9 0.69 1.2 0.8 2.17 0.76 -9.82 4.43 1.73 -20.55 -5.87 2.08 11.55 -2.4 0.66 6.99 0 -0 0 -72.19 -34.84 35.95 36.41 -45.79 -15.81 -0 0 -35.86 15.5 -25.33 -6.77 -7.12 0 -0 -8.58 4.07 8.04 0 -0 0 75.29 37.05 26.72 -44.16 50.35 -21.59 0 -0 -15.03 -12.8 23.43 -5.16 7.12 -0 -0 10.13 -6.33 9.1
4.61 13.55 0.22 381.84 87.46 400.59 0 0 0 -2.09 2.15 -66.31 15.74 19.56 77.45 1.51 -16.14 -23.17 0.09 -1.93 -5.32 0 0 0 -1.37 2.68 -66.57 -16.48 -19.7 79.65 -2.93 5.01 -31.32 -1.38 7.43 -21.01 -3.28 1.38 18.75 0.58 1.25 0.78 2.16 0.79 -9.77 4.46 1.76 -20.36 -5.95 2.13 11.43 -2.42 0.68 6.92 -0 0 0 -71.98 -34.5 36.97 36.42 -45.8 -15.82 -0 0 -35.42 15.4 -25.33 -6.72 -7.12 0 -0 -8.64 4.09 8.1 -0 0 0 75.2 36.59 27.06 -43.61 50.07 -21.17 0 -0 -14.95 -12.7 23.91 -5.22 7.12 -0 -0 10.21 -5.86 9.27
4.6 13.59 0.1 373.06 87.32 391.9 0 0 0 -2.29 2.01 -66.37 15.77 19.57 77.55 1.57 -15.84 -23.53 0.07 -1.65 -4.55 0 0 0 -1.46 2.84 -66.24 -16.14 -19.64 78.66 -2.82 4.69 -30.76 -1.52 7.79 -22.07 -3.17 1.44 18.82 0.54 1.35 0.81 2.03 0.83 -9.78 4.34 1.76 -20.96 -5.95 2.16 11.95 -2.4 0.68 7.19 0 0 0 -72.05 -34.33 37.7 36.33 -45.74 -15.76 -0 0 -35.14 14.98 -24.72 -6.38 -7.12 0 -0 -8.86 4.76 8.19 0 0 0 75.08 36.18 27.13 -43.43 49.98 -21.03 0 -0 -14.75 -12.49 23.7 -5.09 7.12 -0 -0 10.34 -6.1 9.34
4.59 13.61 -0.04 364.08 87.23 382.86 0 0 0 -2.29 1.59 -66.27 15.84 19.58 77.77 1.64 -15.68 -23.89 0.03 -1.19 -3.28 0 0 0 -1.52 2.99 -65.69 -15.81 -19.57 77.67 -2.74 4.38 -30.31 -1.71 8.24 -23.44 -3 1.43 18.93 0.57 1.37 0.82 1.96 0.84 -9.83 4.39 1.75 -20.31 -6.23 2.18 11.47 -2.5 0.68 6.93 -0 -0 0 -72.12 -34.1 38.08 36.24 -45.68 -15.7 -0 0 -35.28 14.23 -24.05 -5.9 -7.12 0 -0 -9.28 5.53 8.46 -0 -0 0 75.03 35.61 27.34 -43.38 49.95 -20.99 0 -0 -14.86 -12.34 23.55 -4.99 7.12 -0 -0 10.42 -6.27 9.38
4.59 13.67 -0.17 359.96 86.96 378.84 0 0 0 -2.78 1.48 -66.23 15.8 19.57 77.64 1.7 -15.35 -24.23 0.04 -1.27 -3.49 0 0 0 -1.82 3.17 -65.16 -15.42 -19.49 76.49 -2.66 4.54 -29.85 -1.57 7.92 -22.47 -3.05 1.45 18.69 0.44 1.4 1 1.84 0.84 -9.5 4.32 1.73 -20.43 -5.82 2.1 11.48 -2.36 0.67 6.94 0 0 0 -71.86 -34.26 38.38 36.04 -45.54 -15.55 -0 0 -35.26 14.11 -24.18 -5.88 -7.12 0 -0 -9.36 5.42 8.55 0 0 0 75.21 35.38 27.33 -43.32 49.92 -20.95 0 -0 -14.99 -12.64 23.62 -5.14 7.12 -0 -0 10.24 -6.16 9.24
4.55 13.68 -0.3 356.9 87.01 376.31 0 0 0 -2.97 0.73 -67.07 15.91 19.59 77.96 1.79 -14.54 -24.6 0.06 -1.64 -4.52 0 0 0 -2.17 3.09 -65.57 -15.18 -19.43 75.77 -2.57 3.96 -29.41 -1.85 8.54 -24.36 -3.2 1.41 18.61 0.5 1.31 0.82 2.01 0.81 -9.65 4.3 1.66 -20.18 -6.02 2.05 11.25 -2.42 0.63 6.83 0 0 0 -71.96 -34.15 38.74 35.76 -45.35 -15.35 -0 0 -34.94 14.52 -24.73 -6.19 -7.12 0 -0 -9.14 4.81 8.45 0 0 0 75.16 35.27 27.35 -43.04 49.77 -20.73 0 -0 -15 -13.03 23.25 -5.22 7.12 -0 -0 9.98 -6.48 8.93
4.57 13.74 -0.46 355.77 86.4 374.93 0 0 0 -3.75 0.74 -66.38 15.81 19.57 77.66 1.85 -14.15 -24.92 0.04 -1.22 -3.37 0 0 0 -2.65 3.48 -64.48 -14.66 -19.3 74.21 -2.45 3.69 -28.73 -1.92 8.7 -24.87 -3.4 1.56 18.8 0.37 1.45 0.97 1.95 0.88 -9.61 4.32 1.69 -20.58 -5.95 2.08 11.73 -2.41 0.64 7.05 0 -0 0 -72.01 -33.89 38.91 36 -45.51 -15.52 -0 0 -34.72 14.63 -24.59 -6.2 -7.12 0 -0 -9.07 4.94 8.36 0 -0 0 75.28 35.11 27.37 -42.85 49.67 -20.58 0 -0 -14.86 -13.31 23.44 -5.38 7.12 -0 -0 9.82 -6.26 8.82
4.56 13.78 -0.61 350.23 85.96 369.47 0 0 0 -4.02 0.6 -66.38 15.8 19.57 77.65 1.94 -13.48 -25.34 0.05 -1.5 -4.12 0 0 0 -2.91 3.93 -63.87 -14.21 -19.18 72.86 -2.32 4.03 -27.86 -1.56 7.88 -22.35 -3.3 1.62 18.69 0.34 1.54 0.96 1.84 0.92 -9.56 4.27 1.62 -19.92 -5.72 1.95 11.23 -2.33 0.61 6.77 -0 -0 0 -71.95 -33.83 39 35.86 -45.42 -15.42 -0 0 -34.81 14.71 -24.42 -6.19 -7.12 0 -0 -9.01 5.1 8.28 -0 -0 0 75.59 34.77 27.3 -42.8 49.64 -20.55 0 -0 -14.74 -13.23 23.22 -5.3 7.12 -0 -0 9.86 -6.48 8.81
4.55 13.81 -0.78 348.88 85.3 368.35 0 0 0 -4.53 0.43 -66.48 15.8 19.57 77.65 1.97 -13.37 -25.52 0.01 -0.49 -1.34 0 0 0 -3.36 4.39 -63.71 -13.77 -19.04 71.51 -2.15 2.63 -27.02 -2.12 9.11 -26.13 -3.41 1.82 18.61 0.29 1.79 0.95 1.78 1.04 -9.53 4.39 1.47 -19.92 -6.07 1.77 11 -2.49 0.51 6.69 -0 -0 0 -72.13 -33.94 39.11 35.92 -45.46 -15.47 -0 0 -35.09 14.41 -24.27 -6.03 -7.12 0 -0 -9.18 5.28 8.41 -0 -0 0 75.44 34.62 27.03 -42.6 49.54 -20.4 0 -0 -14.94 -13.3 23.44 -5.37 7.12 -0 -0 9.82 -6.26 8.83
4.55 13.87 -0.94 345.75 85.15 365.09 0 0 0 -4.79 -0.14 -65.98 15.69 19.55 77.32 1.96 -13.43 -25.44 0.01 0.77 2.1 0 0 0 -3.49 4.44 -62.67 -13.29 -18.88 70.03 -2.06 2.42 -26.5 -2.06 8.98 -25.75 -3.34 1.84 19.05 0.37 1.82 0.93 1.81 1.06 -9.81 3.94 1.33 -19.97 -5.48 1.61 11.23 -2.24 0.46 6.76 0 0 0 -72.33 -33.69 39.34 36.04 -45.54 -15.55 -0 0 -34.92 14.99 -24.6 -6.36 -7.12 0 -0 -8.85 4.87 8.16 0 0 0 75.38 34.11 26.87 -42.78 49.63 -20.53 0 -0 -15.12 -13.18 23.61 -5.36 7.12 -0 -0 9.91 -6.1 8.93
4.55 13.9 -1.09 344.94 84.91 364.23 0 0 0 -5.22 -0.66 -65.7 15.65 19.54 77.18 2.05 -12.91 -25.93 0.01 0.58 1.59 0 0 0 -3.93 4.58 -62.07 -12.93 -18.76 68.92 -1.96 2.32 -25.86 -2.03 8.92 -25.55 -3.57 1.86 19.03 0.4 1.8 1.04 1.97 1.06 -9.67 4.13 1.56 -19.72 -5.8 1.92 10.82 -2.34 0.59 6.6 -0 0 0 -72.23 -33.79 39.3 36.02 -45.53 -15.54 -0 0 -35.13 15.02 -24.65 -6.39 -7.12 0 -0 -8.83 4.82 8.15 -0 0 0 75.42 33.95 26.93 -42.78 49.63 -20.53 0 -0 -15.08 -13.31 23.5 -5.39 7.12 -0 -0 9.82 -6.2 8.84
4.56 13.94 -1.24 343.12 84.18 362.68 0 0 0 -5.66 -0.53 -65.85 15.64 19.54 77.15 2.14 -12.62 -26.45 0.01 0.64 1.75 0 0 0 -4.2 5.05 -61.79 -12.49 -18.59 67.54 -1.84 1.91 -25.1 -2.22 9.31 -26.76 -3.63 2.06 18.61 0.38 2.07 1.06 1.93 1.18 -9.44 4.3 1.58 -19.58 -6.05 1.94 10.59 -2.44 0.59 6.51 -0 -0 0 -72.09 -33.74 39.4 36.21 -45.66 -15.67 -0 0 -35.32 15.12 -24.77 -6.46 -7.12 0 -0 -8.78 4.68 8.13 -0 -0 0 75.41 33.59 26.74 -42.83 49.66 -20.57 0 -0 -15.11 -13.15 23.76 -5.38 7.12 -0 -0 9.93 -5.95 8.99
4.56 13.99 -1.38 342.62 83.92 362 0 0 0 -6.25 -0.67 -65.34 15.48 19.5 76.68 2.15 -12.36 -26.5 0.03 1.13 3.11 0 0 0 -4.43 5.11 -60.78 -12 -18.39 66 -1.73 1.82 -24.38 -2.14 9.15 -26.25 -3.84 2.14 18.76 0.39 2.12 1.18 2.04 1.22 -9.41 4.4 1.7 -20.04 -6.22 2.09 10.82 -2.5 0.65 6.67 0 -0 0 -71.9 -33.9 39.51 36.14 -45.61 -15.63 -0 0 -35.15 15.31 -24.91 -6.58 -7.12 0 -0 -8.67 4.52 8.05 0 -0 0 75.42 33.25 26.78 -43.11 49.81 -20.78 0 -0 -15.31 -13.43 23.94 -5.54 7.12 -0 -0 9.77 -5.74 8.87
4.56 14.03 -1.51 339.17 83.67 358.68 0 0 0 -6.39 -0.76 -65.41 15.45 19.5 76.59 2.2 -12.07 -26.76 0.02 0.99 2.72 0 0 0 -4.32 5.17 -60.23 -11.59 -18.21 64.69 -1.66 1.6 -23.88 -2.22 9.3 -26.75 -3.64 2.19 18.7 0.45 2.24 1.14 1.96 1.26 -9.42 4.26 1.53 -20.08 -6.22 1.91 10.91 -2.5 0.55 6.7 0 -0 0 -71.6 -33.94 39.68 36.38 -45.77 -15.79 -0 0 -35.37 15.07 -24.87 -6.46 -7.12 0 -0 -8.81 4.59 8.18 0 -0 0 75.55 32.89 26.59 -43.18 49.84 -20.84 0 -0 -15.16 -13.39 24.11 -5.55 7.12 -0 -0 9.8 -5.58 8.94
4.57 14.05 -1.62 339.24 83.58 358.73 0 0 0 -6.91 -0.87 -65.33 15.42 19.49 76.49 2.17 -12.44 -26.65 0.08 1.84 5.06 0 0 0 -4.6 4.97 -59.7 -11.3 -18.08 63.77 -1.6 1.69 -23.46 -2.17 9.2 -26.43 -3.88 2.22 18.57 0.41 2.24 1.2 2.06 1.27 -9.29 4.24 1.6 -19.66 -6.25 2.01 10.53 -2.49 0.61 6.51 -0 0 0 -71.09 -34.11 39.85 36.5 -45.85 -15.88 -0 0 -35.48 15.63 -24.85 -6.7 -7.12 0 -0 -8.47 4.54 7.86 -0 0 0 75.57 32.52 26.7 -43.49 50.01 -21.07 0 -0 -15.3 -13.7 24.12 -5.69 7.12 -0 -0 9.61 -5.53 8.76
4.57 14.07 -1.72 339.57 83.57 359.08 0 0 0 -7.44 -1.03 -65.34 15.37 19.48 76.33 2.2 -12.33 -26.76 0.09 1.91 5.25 0 0 0 -4.88 4.74 -59.31 -11.06 -17.96 62.97 -1.53 1.7 -22.93 -2.12 9.12 -26.16 -4.17 2.23 18.7 0.38 2.18 1.13 2.2 1.26 -9.45 4.25 1.57 -19.47 -6.36 1.98 10.31 -2.53 0.59 6.41 -0 0 0 -70.69 -34.05 39.9 36.59 -45.91 -15.94 -0 0 -35.3 16.04 -24.94 -6.91 -7.12 0 -0 -8.23 4.39 7.65 -0 0 0 75.71 32.32 26.79 -43.45 49.98 -21.04 0 -0 -15.27 -13.67 24.26 -5.71 7.12 -0 -0 9.64 -5.39 8.82
4.56 14.08 -1.82 337.01 83.31 356.76 0 0 0 -7.55 -0.98 -65.68 15.38 19.48 76.39 2.21 -12.26 -26.86 0.11 2.13 5.86 0 0 0 -4.76 4.78 -59.26 -10.82 -17.85 62.19 -1.48 1.37 -22.6 -2.26 9.39 -27.02 -3.98 2.31 18.34 0.36 2.34 1.16 2.04 1.32 -9.22 4.09 1.49 -20.03 -6.16 1.89 10.73 -2.45 0.54 6.63 0 0 0 -70.29 -34.64 39.91 36.41 -45.79 -15.81 -0 0 -35.57 15.91 -24.95 -6.86 -7.12 0 -0 -8.3 4.39 7.73 0 0 0 75.61 32.11 26.62 -43.66 50.1 -21.21 0 -0 -15.48 -13.72 24.65 -5.82 7.12 -0 -0 9.62 -5 8.88
4.56 14.07 -1.9 338.17 83.28 357.8 0 0 0 -8.05 -1.09 -65.77 15.5 19.51 76.74 2.29 -11.87 -27.31 0.06 1.64 4.51 0 0 0 -5.2 4.66 -59.06 -10.72 -17.8 61.88 -1.44 1.29 -22.34 -2.28 9.43 -27.16 -4.24 2.35 18.58 0.31 2.31 1.01 2.13 1.32 -9.52 4.29 1.58 -19.39 -6.62 2.03 10.38 -2.62 0.59 6.43 0 -0 0 -70.11 -34.46 39.85 36.51 -45.86 -15.89 -0 0 -35.47 16.15 -25.09 -7 -7.12 0 -0 -8.17 4.22 7.63 0 -0 0 75.51 31.69 26.8 -43.67 50.1 -21.21 0 -0 -15.57 -13.84 24.6 -5.86 7.12 -0 -0 9.55 -5.03 8.8
4.56 14.07 -1.96 336.32 83.45 355.77 0 0 0 -8.16 -1.26 -65.64 15.51 19.51 76.78 2.31 -11.71 -27.4 0.04 1.3 3.58 0 0 0 -5.2 4.62 -58.48 -10.58 -17.72 61.4 -1.42 1.1 -22.17 -2.37 9.59 -27.67 -4.17 2.34 18.8 0.29 2.31 1.12 2.07 1.32 -9.52 4.52 1.61 -19.55 -6.83 2.04 10.31 -2.72 0.59 6.44 0 0 0 -69.81 -34.75 39.76 36.52 -45.87 -15.9 -0 0 -35.5 16.43 -25.1 -7.13 -7.12 0 -0 -8 4.17 7.47 0 0 0 75.58 32.01 26.44 -43.18 49.85 -20.84 0 -0 -15.38 -14.19 24.79 -6.05 7.12 -0 -0 9.35 -4.79 8.65
4.55 14.07 -2.01 338.24 83.26 357.9 0 0 0 -8.72 -1.08 -66 15.54 19.52 76.86 2.36 -11.53 -27.67 0.02 0.96 2.65 0 0 0 -5.75 4.85 -58.56 -10.47 -17.67 61.05 -1.4 1.2 -22.05 -2.33 9.52 -27.44 -4.57 2.45 18.58 0.3 2.37 1.06 2.3 1.36 -9.48 4.31 1.58 -19.38 -6.91 2.06 10.12 -2.71 0.59 6.35 0 0 0 -69.85 -34.99 39.41 36.22 -45.67 -15.68 -0 0 -35.35 16.8 -24.97 -7.26 -7.12 0 -0 -7.76 4.24 7.24 0 0 0 75.41 31.96 26.32 -43.31 49.91 -20.94 0 -0 -15.19 -14.42 24.96 -6.2 7.12 -0 -0 9.21 -4.59 8.56
4.54 14.09 -2.05 336.32 83.42 356.07 0 0 0 -8.8 -0.97 -66.22 15.49 19.51 76.72 2.33 -11.53 -27.51 0.03 1.11 3.06 0 0 0 -5.68 4.91 -58.19 -10.35 -17.6 60.64 -1.48 1.71 -22.51 -2.3 9.47 -27.27 -4.28 2.37 18.55 0.26 2.33 1 2.09 1.33 -9.52 4.16 1.58 -18.9 -6.55 2.05 9.94 -2.56 0.61 6.2 0 0 0 -69.67 -35.1 39.14 35.98 -45.5 -15.51 -0 0 -35.6 16.63 -24.98 -7.19 -7.12 0 -0 -7.87 4.25 7.33 0 0 0 75.66 32.22 26.08 -42.76 49.62 -20.52 0 -0 -15.22 -14.32 25 -6.16 7.12 -0 -0 9.28 -4.57 8.63
4.54 14.09 -2.05 338.07 83.69 357.82 0 0 0 -9.18 -0.99 -66.11 15.43 19.49 76.53 2.27 -12.26 -27.22 0.09 1.91 5.26 0 0 0 -6.01 4.76 -58.02 -10.35 -17.6 60.64 -1.63 3.16 -23.35 -2.14 9.16 -26.29 -4.45 2.35 18.39 0.18 2.27 1.18 2.13 1.31 -9.22 4.32 1.6 -19.03 -6.89 2.07 9.57 -2.7 0.61 6.12 -0 0 0 -69.54 -35.57 38.78 35.72 -45.32 -15.32 -0 0 -35.45 16.64 -25.03 -7.21 -7.12 0 -0 -7.87 4.2 7.34 -0 0 0 75.51 32.65 25.89 -42.77 49.63 -20.53 0 -0 -15.45 -14.53 24.79 -6.2 7.12 -0 -0 9.14 -4.75 8.46
4.54 14.11 -2.04 337.47 83.83 357.22 0 0 0 -9.17 -0.85 -65.93 15.3 19.46 76.13 2.21 -12.74 -26.87 0.09 1.9 5.24 0 0 0 -5.91 4.79 -57.78 -10.29 -17.57 60.46 -1.64 3.36 -23.36 -1.94 8.74 -24.99 -4.48 2.37 18.44 0.22 2.29 1.16 2.18 1.32 -9.28 4.37 1.6 -19.23 -6.95 2.07 9.7 -2.73 0.6 6.19 0 0 0 -69.45 -35.35 38.43 36.09 -45.58 -15.59 -0 0 -35.29 16.94 -24.43 -7.18 -7.12 0 -0 -7.64 4.77 7.04 0 0 0 75.49 32.71 25.92 -42.85 49.67 -20.59 0 -0 -15.48 -14.84 24.99 -6.39 7.12 -0 -0 8.96 -4.5 8.33
4.54 14.11 -1.98 337.66 84.05 357.53 0 0 0 -9.14 -0.66 -66.16 15.24 19.45 75.97 2.19 -12.77 -26.75 0.05 1.43 3.94 0 0 0 -5.86 4.74 -58.02 -10.38 -17.62 60.75 -1.61 3.14 -23.16 -1.86 8.56 -24.44 -4.68 2.44 18.58 0.25 2.33 1.01 2.31 1.35 -9.54 4.33 1.52 -19.19 -6.74 1.93 9.77 -2.67 0.55 6.19 -0 -0 0 -69.36 -35.31 38.38 35.99 -45.51 -15.52 -0 0 -35.32 16.47 -24.56 -7 -7.12 0 -0 -7.93 4.71 7.33 -0 -0 0 75.46 32.62 25.71 -42.94 49.72 -20.65 0 -0 -15.38 -14.68 25.19 -6.36 7.12 -0 -0 9.07 -4.33 8.47
4.54 14.1 -1.93 335.38 84.27 355.26 0 0 0 -8.69 -0.67 -66.27 15.26 19.45 76.01 2.13 -13.15 -26.46 0.08 1.81 4.98 0 0 0 -5.48 4.52 -58.36 -10.52 -17.69 61.22 -1.55 2.63 -22.83 -1.99 8.84 -25.3 -4.26 2.4 18.35 0.31 2.39 1.2 2.13 1.36 -9.18 4.11 1.59 -19.45 -6.7 2.08 9.78 -2.6 0.61 6.24 0 0 0 -69.16 -35.78 38.24 35.96 -45.48 -15.49 -0 0 -35.4 17.06 -24.7 -7.31 -7.12 0 -0 -7.58 4.48 7.03 0 0 0 75.23 33.07 25.48 -43.15 49.83 -20.82 0 -0 -15.37 -14.37 25.42 -6.28 7.12 -0 -0 9.28 -4.13 8.7
4.53 14.12 -1.86 336.46 84.49 356.29 0 0 0 -8.68 -0.71 -66.1 15.17 19.43 75.74 2.16 -12.56 -26.56 0.04 1.36 3.73 0 0 0 -5.27 4.23 -58.48 -10.56 -17.71 61.34 -1.5 1.97 -22.59 -2.08 9.03 -25.9 -4.24 2.38 18.36 0.28 2.37 1.22 2.1 1.34 -9.17 4.36 1.7 -19.13 -7.08 2.22 9.53 -2.75 0.66 6.13 0 0 0 -69.07 -35.91 37.91 35.77 -45.35 -15.36 -0 0 -35.24 17.04 -24.5 -7.24 -7.12 0 -0 -7.58 4.68 7 0 0 0 75.12 33.01 25.46 -43.66 50.09 -21.2 0 -0 -15.39 -13.63 25.67 -5.99 7.12 -0 -0 9.74 -3.99 9.17
4.52 14.11 -1.77 336.53 84.91 356.29 0 0 0 -8.27 -0.96 -66.03 15.16 19.43 75.73 2.1 -12.77 -26.23 0.02 0.96 2.64 0 0 0 -5.04 3.89 -58.77 -10.79 -17.83 62.1 -1.55 2.31 -22.87 -2.01 8.89 -25.45 -4.18 2.31 18.52 0.32 2.29 1.26 2.12 1.31 -9.21 4.44 1.71 -19.4 -7.03 2.2 9.74 -2.75 0.66 6.24 0 0 0 -68.9 -35.88 37.78 35.68 -45.29 -15.29 -0 0 -35.37 17.42 -25.25 -7.62 -7.12 0 -0 -7.4 3.87 6.95 0 0 0 75.06 33.78 25.25 -43.3 49.91 -20.93 0 -0 -15.02 -12.41 25.49 -5.41 7.12 -0 -0 10.47 -4.33 9.82
4.52 14.11 -1.67 339.17 85.11 358.88 0 0 0 -8.16 -0.91 -65.76 15 19.39 75.23 2.03 -13.04 -25.82 0.02 0.94 2.59 0 0 0 -4.96 3.78 -59 -10.98 -17.92 62.71 -1.59 2.47 -23.16 -1.9 8.65 -24.7 -4.18 2.3 18.52 0.24 2.27 1.23 2.04 1.29 -9.24 4.6 1.72 -18.94 -7.24 2.21 9.37 -2.84 0.66 6.05 0 -0 0 -68.93 -35.68 37.46 35.75 -45.34 -15.34 -0 0 -35.22 16.78 -24.14 -7.03 -7.12 0 -0 -7.71 5.09 7.06 0 -0 0 75.16 33.76 25.25 -43.44 49.98 -21.04 0 -0 -14.85 -10.91 26.19 -4.86 7.12 -0 -0 11.4 -3.82 10.84
4.52 14.1 -1.55 341.96 85.28 361.76 0 0 0 -7.85 -0.99 -65.73 14.92 19.37 75 1.95 -13.44 -25.38 0.06 1.63 4.5 0 0 0 -4.86 3.64 -59.56 -11.22 -18.04 63.48 -1.64 2.69 -23.51 -1.93 8.72 -24.92 -4.24 2.28 18.38 0.25 2.24 1.22 2.09 1.28 -9.17 4.65 1.73 -19.01 -7.38 2.22 9.35 -2.89 0.66 6.06 0 0 0 -69.13 -35.38 37.27 35.7 -45.31 -15.31 -0 0 -35.27 17.05 -24.81 -7.33 -7.12 0 -0 -7.6 4.36 7.06 0 0 0 74.96 33.85 25.53 -43.85 50.19 -21.35 0 -0 -14.85 -9.5 26.32 -4.24 7.12 -0 -0 12.25 -3.86 11.67
4.51 14.09 -1.42 344.94 85.66 364.72 0 0 0 -7.69 -0.78 -65.67 14.82 19.34 74.7 1.82 -14.21 -24.7 0.13 2.29 6.3 0 0 0 -4.72 3.44 -59.92 -11.48 -18.16 64.34 -1.7 2.97 -23.9 -1.86 8.57 -24.46 -4.18 2.2 18.56 0.21 2.13 1.22 2.04 1.23 -9.26 4.52 1.74 -18.96 -7.28 2.25 9.29 -2.83 0.68 6.03 -0 0 0 -69.15 -35.25 37.02 35.63 -45.26 -15.26 -0 0 -35.01 16.43 -24.76 -7.04 -7.12 0 -0 -7.98 4.51 7.4 -0 0 0 75.04 34.18 25.73 -43.6 50.07 -21.16 0 -0 -14.55 -8.64 26.53 -3.88 7.12 -0 -0 12.77 -3.75 12.22
4.52 14.1 -1.28 342.34 86.02 362.13 0 0 0 -7.05 -0.61 -65.59 14.7 19.31 74.34 1.76 -14.07 -24.34 0.08 1.8 4.95 0 0 0 -4.06 3.47 -60.09 -11.68 -18.25 64.98 -1.78 2.84 -24.49 -1.85 8.54 -24.36 -3.69 2.06 18.53 0.28 2.06 1.21 1.86 1.17 -9.23 4.9 1.75 -19.17 -7.63 2.21 9.35 -3.02 0.64 6.09 0 0 0 -69.2 -34.87 36.96 35.81 -45.38 -15.39 -0 0 -35.21 16.67 -24.68 -7.13 -7.12 0 -0 -7.82 4.56 7.24 0 0 0 75.11 34.32 26.29 -43.79 50.16 -21.31 0 -0 -14.57 -8.79 26.32 -3.92 7.12 -0 -0 12.68 -3.94 12.08
4.51 14.11 -1.14 348.85 86.42 368.68 0 0 0 -7.1 -0.6 -65.47 14.56 19.28 73.91 1.73 -13.95 -24.12 0.02 0.83 2.27 0 0 0 -4.08 3.32 -60.45 -11.95 -18.37 65.82 -1.86 2.92 -25.05 -1.85 8.54 -24.37 -3.77 1.91 18.48 0.25 1.85 1.25 1.93 1.08 -9.15 4.87 1.81 -18.89 -7.74 2.31 9.02 -3.03 0.69 5.95 -0 -0 0 -69.27 -34.89 36.74 35.57 -45.22 -15.22 -0 0 -35.17 16.77 -24.49 -7.12 -7.12 0 -0 -7.74 4.74 7.15 -0 -0 0 75.25 35.07 26.71 -43.07 49.79 -20.76 0 -0 -14.32 -8.63 26.37 -3.86 7.12 -0 -0 12.77 -3.91 12.18
4.51 14.1 -1 349.17 86.79 369.04 0 0 0 -6.57 -0.43 -65.47 14.48 19.25 73.66 1.68 -14.32 -23.85 0 0.41 1.11 0 0 0 -3.68 3.44 -60.76 -12.2 -18.47 66.62 -1.95 2.82 -25.65 -1.82 8.47 -24.17 -3.43 1.73 18.46 0.28 1.68 1.26 1.81 0.98 -9.11 4.99 1.9 -18.99 -7.82 2.41 9 -3.07 0.73 5.97 -0 -0 0 -69.13 -34.46 36.55 35.57 -45.21 -15.22 -0 0 -35.27 16.54 -24.55 -7.03 -7.12 0 -0 -7.89 4.71 7.28 -0 -0 0 75.78 35.66 27.04 -42.31 49.38 -20.17 0 -0 -13.85 -7.72 26.42 -3.45 7.12 -0 -0 13.31 -3.96 12.72
4.51 14.12 -0.84 357.42 87.2 377.22 0 0 0 -6.49 -0.32 -65.09 14.23 19.18 72.91 1.59 -14.48 -23.32 0 0.18 0.51 0 0 0 -3.62 3.54 -60.87 -12.46 -18.58 67.42 -2.05 2.97 -26.35 -1.63 8.05 -22.86 -3.48 1.59 18.6 0.27 1.49 1.23 1.89 0.9 -9.2 4.71 1.77 -18.81 -7.7 2.3 8.99 -2.99 0.68 5.93 0 0 0 -69.16 -34.2 36.6 35.4 -45.1 -15.1 -0 0 -35.55 16.38 -24.24 -6.88 -7.12 0 -0 -7.97 5.05 7.31 0 0 0 76.15 36.22 27.56 -41.31 48.83 -19.42 0 -0 -13.47 -7.98 26.55 -3.58 7.12 -0 -0 13.16 -3.8 12.6
4.51 14.11 -0.69 370.33 87.21 390.26 0 0 0 -6.6 -0.28 -64.87 14.02 19.12 72.26 1.48 -14.79 -22.65 0.01 0.54 1.47 0 0 0 -3.89 3.62 -61.4 -12.74 -18.68 68.3 -2.15 3.21 -26.9 -1.5 7.74 -21.93 -3.76 1.44 18.46 0.17 1.23 1.24 2 0.78 -9.1 4.65 1.83 -18.97 -7.62 2.38 9 -2.95 0.72 5.96 0 0 0 -68.99 -33.82 36.28 35.03 -44.84 -14.84 -0 0 -35.33 16.81 -24.45 -7.13 -7.12 0 -0 -7.72 4.77 7.12 0 0 0 76.78 37.19 28.57 -40.23 48.21 -18.61 0 -0 -13.31 -8.62 26.62 -3.88 7.12 -0 -0 12.79 -3.67 12.26
4.51 14.11 -0.54 370.47 87.5 390.38 0 0 0 -5.91 -0.08 -64.71 13.85 19.07 71.76 1.45 -14.51 -22.39 0.01 -0.65 -1.8 0 0 0 -3.26 3.95 -61.61 -12.97 -18.77 69.02 -2.23 3.01 -27.5 -1.44 7.58 -21.46 -3.41 1.34 18.62 0.28 1.17 1.19 1.93 0.74 -9.24 4.64 1.77 -18.87 -7.77 2.33 9.05 -3 0.69 5.96 0 0 0 -68.82 -33.48 36.55 34.15 -44.2 -14.22 -0 0 -35.43 16.52 -25.18 -7.19 -7.12 0 -0 -7.95 4.07 7.44 0 0 0 77.18 37.88 29.54 -39.13 47.55 -17.79 0 -0 -13.43 -8.93 26.53 -4.02 7.12 -0 -0 12.6 -3.71 12.05
4.52 14.12 -0.39 382.09 87.49 402.03 0 0 0 -5.99 0.23 -64.42 13.62 19 71.05 1.39 -14.75 -22.07 0.02 -0.96 -2.65 0 0 0 -3.16 3.92 -61.89 -13.13 -18.83 69.53 -2.28 2.85 -27.85 -1.44 7.58 -21.43 -3.55 1.27 18.48 0.24 1.05 1.2 2.01 0.69 -9.15 4.61 1.65 -18.89 -7.75 2.17 9.09 -3.01 0.61 5.96 0 -0 0 -68.95 -33.31 36.52 33.29 -43.56 -13.62 -0 0 -35.48 16.59 -25.18 -7.22 -7.12 0 -0 -7.91 4.07 7.4 0 -0 0 77.51 38.23 30.37 -38.39 47.09 -17.25 0 -0 -13.23 -8.61 26.56 -3.88 7.12 -0 -0 12.79 -3.72 12.24
4.53 14.14 -0.24 387.93 87.47 407.94 0 0 0 -5.76 0.51 -64.12 13.37 18.91 70.26 1.3 -14.91 -21.46 0.03 -1.06 -2.91 0 0 0 -2.89 4.08 -62.2 -13.29 -18.89 70.03 -2.35 2.93 -28.27 -1.27 7.15 -20.17 -3.46 1.26 18.32 0.31 1.07 1.27 2.02 0.69 -8.97 4.51 1.58 -19.13 -7.91 2.13 9.03 -3.05 0.57 5.98 -0 0 0 -69.16 -33.18 36.41 32.59 -43.01 -13.14 -0 0 -35.77 15.99 -25.08 -6.93 -7.12 0 -0 -8.26 4.25 7.71 -0 0 0 77.67 38.99 31.09 -37.46 46.49 -16.57 0 -0 -12.79 -8.54 26.54 -3.84 7.12 -0 -0 12.83 -3.75 12.28
4.54 14.15 -0.09 402.54 87.27 422.45 0 0 0 -5.95 0.41 -63.51 13.09 18.81 69.41 1.27 -14.72 -21.23 0.06 -1.59 -4.38 0 0 0 -2.93 3.77 -62.32 -13.49 -18.95 70.64 -2.43 3.29 -28.69 -1.16 6.85 -19.27 -3.62 1.17 18.3 0.19 0.92 1.29 2.03 0.62 -8.94 4.54 1.41 -19.01 -7.72 1.86 8.94 -3.02 0.46 5.91 -0 -0 0 -69.17 -32.84 36.36 31.82 -42.4 -12.62 -0 0 -35.45 16.14 -24.88 -6.94 -7.12 0 -0 -8.16 4.43 7.58 -0 -0 0 77.89 39.18 32.01 -36.86 46.1 -16.14 0 -0 -12.67 -8.51 26.53 -3.82 7.12 -0 -0 12.85 -3.77 12.3
4.56 14.16 0.05 410.65 87.15 430.49 0 0 0 -5.89 0.68 -63.03 12.83 18.72 68.6 1.21 -14.76 -20.8 0.1 -2.04 -5.61 0 0 0 -2.68 3.76 -62.41 -13.69 -19.02 71.24 -2.52 3.35 -29.23 -1.12 6.74 -18.94 -3.69 1.15 18.5 0.27 0.87 1.23 2.17 0.61 -9.12 4.68 1.42 -19.23 -8.11 1.89 9.01 -3.17 0.45 5.98 -0 -0 0 -69.44 -32.67 36.04 30.87 -41.62 -11.98 -0 0 -35.35 15.76 -24.97 -6.8 -7.12 0 -0 -8.4 4.4 7.81 -0 -0 0 78.03 39.43 32.8 -36.19 45.64 -15.66 0 -0 -12.75 -8.54 26.92 -3.89 7.12 -0 -0 12.84 -3.38 12.38
4.56 14.15 0.2 415.76 87.05 435.71 0 0 0 -5.59 0.84 -62.93 12.66 18.65 68.06 1.11 -15.08 -20.23 0.1 -2.02 -5.57 0 0 0 -2.42 3.93 -62.83 -13.91 -19.09 71.93 -2.6 3.13 -29.74 -1.14 6.77 -19.04 -3.42 1.14 18.31 0.23 0.91 1.24 1.96 0.61 -9 4.55 1.33 -18.97 -8.05 1.78 8.64 -3.13 0.4 5.81 0 0 0 -69.57 -32.59 35.78 30.11 -40.98 -11.48 -0 0 -35.12 15.91 -24.8 -6.82 -7.12 0 -0 -8.29 4.54 7.69 0 0 0 78.15 39.12 33.36 -36.3 45.72 -15.73 0 -0 -12.57 -9.11 27.24 -4.2 7.12 -0 -0 12.52 -3 12.14
4.58 14.14 0.35 422.23 86.78 442.2 0 0 0 -5.49 0.9 -62.52 12.41 18.56 67.29 1.2 -14.56 -20.69 0.31 -3.61 -9.97 0 0 0 -2.26 3.96 -63.14 -14.15 -19.16 72.65 -2.68 2.99 -30.23 -1.16 6.85 -19.26 -3.58 1.12 18.3 0.29 0.85 1.14 2.13 0.6 -9.1 4.56 1.21 -18.71 -8.05 1.62 8.36 -3.14 0.33 5.67 -0 0 0 -69.72 -32.15 35.65 29.34 -40.32 -10.98 -0 0 -35.96 16 -24.5 -6.78 -7.12 0 -0 -8.22 4.84 7.58 -0 0 0 78.29 38.78 34.27 -36.38 45.77 -15.79 0 -0 -13.11 -8.82 26.94 -4.02 7.12 -0 -0 12.67 -3.32 12.23
4.59 14.14 0.49 430.86 86.47 450.76 0 0 0 -5.54 1.02 -62.13 12.19 18.47 66.58 1.03 -15.03 -19.6 0.21 -2.96 -8.18 0 0 0 -2.17 3.83 -63.23 -14.38 -19.22 73.35 -2.78 3 -30.86 -1.08 6.6 -18.53 -3.57 0.95 18.44 0.27 0.63 1.16 2.16 0.49 -9.14 4.34 1.21 -18.87 -7.7 1.62 8.37 -3 0.35 5.69 0 0 0 -69.69 -31.7 35.08 28.78 -39.82 -10.62 -0 0 -36.45 15.51 -24.38 -6.53 -7.12 0 -0 -8.52 5.03 7.83 0 0 0 78.44 38.02 35.22 -37.23 46.34 -16.41 0 -0 -13.49 -8.59 26.54 -3.86 7.12 -0 -0 12.8 -3.74 12.25
4.61 14.15 0.62 432.63 86.32 452.68 0 0 0 -5.33 1.34 -61.96 11.97 18.38 65.89 0.99 -15.1 -19.32 0.28 -3.39 -9.37 0 0 0 -1.84 4.07 -63.52 -14.54 -19.27 73.84 -2.87 2.9 -31.34 -1.04 6.48 -18.2 -3.49 0.94 18.39 0.38 0.64 1.02 2.23 0.5 -9.27 4.05 1.11 -18.83 -7.38 1.51 8.54 -2.86 0.31 5.73 -0 0 0 -69.85 -31.02 34.94 28.5 -39.58 -10.44 -0 0 -36.99 15.89 -23.85 -6.57 -7.12 0 -0 -8.24 5.51 7.49 -0 0 0 78.57 37.78 35.9 -36.22 45.66 -15.68 0 -0 -13.51 -8.63 26.87 -3.92 7.12 -0 -0 12.78 -3.42 12.31
4.62 14.15 0.75 434.58 86.16 454.69 0 0 0 -5.19 1.72 -61.72 11.77 18.29 65.25 0.89 -15.27 -18.68 0.28 -3.37 -9.32 0 0 0 -1.52 4.16 -63.74 -14.67 -19.31 74.26 -2.94 3.09 -31.72 -0.92 6.12 -17.13 -3.31 0.81 18.11 0.38 0.51 1.09 2.16 0.42 -9.02 4.13 1.1 -19.01 -7.14 1.44 8.56 -2.8 0.29 5.75 -0 -0 0 -69.69 -30.67 34.38 28.24 -39.34 -10.28 -0 0 -37.52 16.07 -24 -6.68 -7.12 0 -0 -8.14 5.34 7.43 -0 -0 0 79.18 37.55 36.82 -35.34 45.05 -15.05 0 -0 -13.29 -9.48 27.14 -4.36 7.12 -0 -0 12.29 -3.05 11.9
4.64 14.14 0.87 435.77 85.87 456.05 0 0 0 -5.17 1.99 -61.65 11.64 18.23 64.83 0.79 -15.56 -17.97 0.18 -2.75 -7.58 0 0 0 -1.45 4.19 -64.19 -14.86 -19.35 74.81 -3 3.5 -31.99 -0.8 5.7 -15.93 -3.4 0.7 18.17 0.48 0.35 0.88 2.37 0.36 -9.28 3.94 1.11 -19.01 -6.89 1.49 9.02 -2.69 0.32 5.9 0 0 0 -69.78 -29.65 34.14 28.67 -39.73 -10.55 -0 0 -38.6 16.52 -23.98 -6.87 -7.12 0 -0 -7.86 5.29 7.18 0 0 0 79.51 36.79 38.12 -34.44 44.41 -14.42 0 -0 -13.53 -10.89 26.83 -4.96 7.12 -0 -0 11.44 -3.19 11.01
4.67 14.15 0.97 434.22 85.55 454.36 0 0 0 -5.27 2.45 -61.06 11.43 18.14 64.17 0.73 -15.7 -17.61 0.19 -2.79 -7.68 0 0 0 -1.28 4.25 -64.1 -14.96 -19.38 75.12 -3.06 3.77 -32.27 -0.74 5.5 -15.34 -3.38 0.68 18.08 0.45 0.33 0.92 2.32 0.34 -9.18 4.25 0.94 -18.82 -7.11 1.21 8.85 -2.84 0.19 5.8 -0 -0 0 -69.9 -28.83 33.9 29.43 -40.4 -11.04 -0 0 -38.9 17.22 -23.96 -7.17 -7.12 0 -0 -7.43 5.21 6.78 -0 -0 0 80.17 35.67 38.62 -33.67 43.84 -13.88 0 -0 -13.92 -10.66 27.13 -4.91 7.12 -0 -0 11.59 -2.92 11.22
4.7 14.14 1.05 434.2 85.52 454.22 0 0 0 -4.94 2.57 -60.5 11.29 18.07 63.7 0.72 -15.67 -17.5 0.19 -2.82 -7.78 0 0 0 -0.83 4.19 -63.99 -15.03 -19.4 75.32 -3.13 4.17 -32.58 -0.62 5.04 -14.01 -3.11 0.57 18.16 0.59 0.26 0.93 2.34 0.3 -9.22 3.76 0.77 -18.65 -6.42 1 8.68 -2.56 0.12 5.7 -0 -0 0 -70.14 -27.9 33.69 30.6 -41.41 -11.81 -0 0 -39.52 17.66 -23.89 -7.35 -7.12 0 -0 -7.15 5.21 6.53 -0 -0 0 80.55 33.98 38.98 -33.17 43.46 -13.54 0 -0 -13.73 -10.73 27.27 -4.96 7.12 -0 -0 11.56 -2.78 11.22
4.72 14.15 1.13 430.76 85.21 450.66 0 0 0 -5.09 3.07 -59.94 11.12 17.99 63.17 0.75 -15.46 -17.62 0.3 -3.52 -9.72 0 0 0 -0.73 4.42 -63.9 -15.12 -19.42 75.59 -3.19 4.17 -32.89 -0.64 5.13 -14.28 -3.17 0.64 18.05 0.63 0.34 1.07 2.4 0.34 -9.01 3.31 0.47 -19.13 -5.68 0.6 8.9 -2.29 -0.04 5.82 -0 0 0 -70.59 -27.44 33.53 31.46 -42.11 -12.38 -0 0 -39.11 17.72 -24.22 -7.47 -7.12 0 -0 -7.14 4.87 6.56 -0 0 0 80.87 32.33 38.97 -32.57 43 -13.13 0 -0 -13.62 -11.18 27.27 -5.17 7.12 -0 -0 11.29 -2.72 10.96
4.75 14.13 1.19 428.03 84.91 448.11 0 0 0 -5.05 3.09 -59.82 11.11 17.99 63.14 0.8 -15.24 -17.94 0.31 -3.6 -9.97 0 0 0 -0.78 4.54 -64.3 -15.25 -19.45 75.98 -3.23 4.38 -33.07 -0.64 5.12 -14.25 -3.36 0.66 17.82 0.79 0.34 0.85 2.68 0.35 -9.12 3.06 0.12 -18.45 -5.14 0.12 8.46 -2.12 -0.23 5.54 0 0 0 -71.24 -26.64 33.65 31.86 -42.44 -12.65 -0 0 -38.53 17.83 -25.25 -7.82 -7.12 0 -0 -7.15 3.8 6.72 0 0 0 80.94 29.95 39 -32.06 42.6 -12.78 0 -0 -13.73 -11 27.05 -5.05 7.12 -0 -0 11.39 -2.96 11.01
4.78 14.14 1.23 424.77 84.72 444.95 0 0 0 -5.03 3.26 -59.53 11.04 17.96 62.92 0.83 -15.11 -18.12 0.3 -3.52 -9.74 0 0 0 -0.73 4.72 -64.44 -15.27 -19.46 76.06 -3.24 4.41 -33.13 -0.64 5.13 -14.28 -3.03 0.6 17.41 0.74 0.34 0.98 2.43 0.33 -8.75 2.6 -0.22 -18.98 -4.08 -0.36 9.01 -1.76 -0.41 5.79 -0 0 0 -71.54 -26.72 33.8 31.65 -42.26 -12.5 -0 0 -38.32 17.62 -25.03 -7.65 -7.12 0 -0 -7.27 4.06 6.79 -0 0 0 81.5 27.78 38.27 -31.66 42.28 -12.51 0 -0 -13.14 -12.13 28.08 -5.78 7.12 -0 -0 10.77 -1.8 10.62
4.82 14.16 1.26 423.39 84.42 443.36 0 0 0 -5.12 3.16 -58.64 10.88 17.87 62.39 0.88 -14.57 -18.35 0.37 -3.91 -10.81 0 0 0 -0.7 4.76 -64.02 -15.23 -19.45 75.93 -3.28 4.57 -33.29 -0.59 4.92 -13.67 -3.33 0.5 17.68 0.96 0.16 0.94 2.89 0.26 -8.93 2.31 -0.53 -18.9 -3.48 -0.79 8.83 -1.56 -0.58 5.7 -0 -0 0 -72.25 -26.1 33.95 31.33 -42.01 -12.29 -0 0 -38.46 17.63 -25.44 -7.78 -7.12 0 -0 -7.29 3.63 6.87 -0 -0 0 81.67 25.91 38.25 -31.2 41.9 -12.2 0 -0 -13.8 -11.27 27.15 -5.2 7.12 -0 -0 11.23 -2.83 10.88
4.86 14.17 1.29 420.23 84.36 440.04 0 0 0 -5 3.49 -58.15 10.82 17.84 62.18 0.95 -14.18 -18.73 0.53 -4.67 -12.98 0 0 0 -0.47 5.12 -63.64 -15.21 -19.44 75.87 -3.32 4.73 -33.47 -0.52 4.61 -12.79 -3.51 0.44 17.54 1.24 0.08 0.99 3.32 0.24 -8.79 1.8 -0.76 -19.06 -2.45 -1.12 9 -1.19 -0.67 5.78 0 -0 0 -72.94 -25.67 34.56 30.44 -41.27 -11.7 -0 0 -38.18 17.86 -25.42 -7.88 -7.12 0 -0 -7.15 3.62 6.74 0 -0 0 81.66 23.09 37.53 -31.95 42.51 -12.71 0 -0 -13.67 -11.91 27.66 -5.59 7.12 -0 -0 10.88 -2.24 10.64
4.89 14.18 1.27 421.21 84.24 441.22 0 0 0 -5.1 2.85 -58.04 10.82 17.85 62.21 1.02 -13.77 -19.17 0.5 -4.53 -12.57 0 0 0 -0.59 4.64 -63.72 -15.15 -19.43 75.7 -3.33 5.21 -33.46 -0.45 4.33 -12 -3.05 0.06 17.55 1.32 -0.32 0.88 3.24 0.03 -8.88 1.74 -1.08 -18.95 -2.19 -1.57 8.64 -1.13 -0.87 5.64 0 -0 0 -73.5 -25.25 35.03 29.36 -40.34 -10.99 -0 0 -36.84 17.49 -25.57 -7.75 -7.12 0 -0 -7.39 3.53 6.98 0 -0 0 81.51 20.4 37.29 -33.3 43.56 -13.63 0 -0 -14.72 -12.66 28.08 -6.04 7.12 -0 -0 10.46 -1.72 10.32
4.93 14.18 1.24 417.72 83.78 437.65 0 0 0 -5.58 3.23 -57.65 10.81 17.84 62.16 1.07 -13.52 -19.46 0.58 -4.88 -13.57 0 0 0 -0.89 4.65 -63.57 -15.15 -19.43 75.69 -3.3 5.16 -33.33 -0.56 4.8 -13.34 -3.11 -0.07 17.55 1.29 -0.51 0.87 3.3 -0.06 -8.88 1.73 -1.29 -18.96 -1.6 -1.93 8.62 -0.98 -1 5.63 0 0 0 -73.7 -25.01 36.36 27.76 -38.89 -9.97 -0 0 -35.42 17.22 -25.77 -7.68 -7.12 0 -0 -7.57 3.37 7.17 0 0 0 81.31 17.64 37.08 -35.29 45.02 -15.02 0 -0 -15.18 -13.83 28.72 -6.75 7.12 -0 -0 9.82 -0.92 9.81
4.96 14.19 1.21 414.78 83.45 434.75 0 0 0 -5.85 3.3 -57.41 10.83 17.85 62.23 1.13 -13 -19.8 0.68 -5.28 -14.71 0 0 0 -1.16 4.71 -63.5 -15.12 -19.42 75.61 -3.31 5.53 -33.31 -0.55 4.73 -13.14 -3.36 -0.35 17.59 1.52 -0.91 0.79 3.79 -0.23 -8.95 1.61 -1.23 -18.86 -1.64 -1.81 8.47 -0.96 -0.95 5.57 -0 0 0 -74.06 -24.55 37.37 25.85 -37.06 -8.79 -0 0 -32.89 17 -27.08 -7.93 -7.12 0 -0 -7.81 2.07 7.6 -0 0 0 80.7 15.17 37.51 -37.37 46.43 -16.5 0 -0 -15.47 -14.83 29.1 -7.34 7.12 -0 -0 9.27 -0.39 9.33
5 14.19 1.19 402.3 83.37 422.22 0 0 0 -5.21 4.61 -57.27 10.94 17.91 62.59 1.18 -13.27 -20.22 0.68 -5.27 -14.69 0 0 0 -0.55 6.08 -63.27 -15.05 -19.4 75.39 -3.3 5.47 -33.28 -0.54 4.7 -13.05 -3.34 -0.25 17.52 1.89 -0.75 0.75 4.13 -0.14 -8.97 1.4 -1.45 -18.61 -1.24 -2.1 8.33 -0.83 -1.07 5.49 -0 -0 0 -74.41 -23.91 38.62 24.09 -35.25 -7.76 -0 0 -29.74 16.23 -27.44 -7.64 -7.12 0 -0 -8.3 1.83 8.12 -0 -0 0 80.01 12.73 38.03 -40.02 48.08 -18.46 0 -0 -15.92 -15.5 29.11 -7.69 7.12 -0 -0 8.88 -0.27 8.94
5.03 14.18 1.15 399.08 82.76 419.09 0 0 0 -5.56 4.8 -57.16 11.03 17.95 62.88 1.24 -13.05 -20.57 0.63 -5.09 -14.17 0 0 0 -1.02 6.4 -63.39 -15.02 -19.39 75.29 -3.25 5.6 -32.98 -0.53 4.67 -12.96 -3.63 -0.45 17.36 1.86 -1.07 0.77 4.35 -0.29 -8.82 1.28 -1.5 -18.83 -0.82 -2.2 8.4 -0.68 -1.09 5.55 0 -0 0 -74.58 -23.69 39.26 22.13 -33.12 -6.66 -0 0 -26.88 15.04 -28.09 -7.21 -7.12 0 -0 -9.06 1.37 8.96 0 -0 0 79.71 11.08 38.41 -42.17 49.31 -20.07 0 -0 -16.42 -15.57 29.62 -7.84 7.12 -0 -0 8.88 0.24 9.03
5.07 14.2 1.09 395.18 82.6 415.18 0 0 0 -5.5 5.01 -56.99 11.1 17.99 63.12 1.27 -12.93 -20.82 0.59 -4.9 -13.63 0 0 0 -0.87 6.48 -63.15 -14.91 -19.37 74.96 -3.22 5.8 -32.8 -0.56 4.8 -13.33 -3.11 -0.73 17.28 1.78 -1.34 0.75 4.03 -0.44 -8.78 1.04 -1.64 -18.37 -0.27 -2.4 8.15 -0.49 -1.15 5.41 -0 0 0 -74.72 -23.19 40.19 20.62 -31.38 -5.85 -0 0 -25.63 14.95 -28.34 -7.22 -7.12 0 -0 -9.14 1.13 9.07 -0 0 0 79.45 9.37 38.83 -44.76 50.65 -22.05 0 -0 -16.93 -15.92 29.45 -7.98 7.12 -0 -0 8.67 0.13 8.79
5.1 14.2 1.02 393.28 81.5 413.42 0 0 0 -6.43 5.31 -56.93 11.22 18.04 63.51 1.38 -12.54 -21.52 0.55 -4.77 -13.24 0 0 0 -1.8 6.61 -63.39 -14.87 -19.36 74.86 -3.17 6.24 -32.46 -0.59 4.93 -13.7 -3.63 -0.78 17.1 1.59 -1.52 0.7 4.15 -0.52 -8.71 0.95 -1.66 -18.46 -0.1 -2.43 8.06 -0.42 -1.15 5.39 -0 0 0 -75 -22.97 41.49 19.06 -29.49 -5.06 -0 0 -25.01 15.42 -27.84 -7.34 -7.12 0 -0 -8.82 1.56 8.68 -0 0 0 78.89 8.07 39.12 -47.33 51.86 -24.06 0 -0 -17.18 -16.26 29.69 -8.22 7.12 -0 -0 8.49 0.43 8.65
5.13 14.19 0.94 390.57 80.64 410.68 0 0 0 -6.96 5.73 -56.77 11.38 18.11 64 1.47 -12.42 -22.14 0.51 -4.59 -12.75 0 0 0 -2.42 7.06 -63.41 -14.85 -19.35 74.79 -3.14 6.13 -32.3 -0.71 5.38 -15 -3.55 -0.78 17.12 1.2 -1.55 0.73 3.69 -0.54 -8.7 1.3 -1.87 -19.31 0.08 -2.84 8.75 -0.47 -1.32 5.74 -0 -0 0 -75.07 -22.81 41.84 17.8 -27.9 -4.45 -0 0 -22.09 13 -27.37 -6.06 -7.12 0 -0 -10.22 2.38 9.95 -0 -0 0 78.99 6.74 38.67 -50.57 53.22 -26.63 0 -0 -17.43 -15.87 29.46 -7.96 7.12 -0 -0 8.7 0.13 8.82
5.16 14.19 0.86 387.68 80.45 407.86 0 0 0 -6.86 5.72 -56.84 11.56 18.2 64.59 1.55 -12.33 -22.62 0.43 -4.21 -11.67 0 0 0 -2.42 7.13 -63.41 -14.79 -19.34 74.61 -3.09 6.43 -31.99 -0.71 5.39 -15.02 -3.44 -0.96 16.84 1.37 -1.73 0.79 3.84 -0.64 -8.46 1.4 -2.11 -18 -0.7 -3.04 7.19 -0.73 -1.49 5.02 0 -0 0 -75.83 -22.21 41.31 17.06 -26.94 -4.12 -0 0 -19.81 11.79 -28.39 -5.67 -7.12 0 -0 -10.99 1.54 10.9 0 -0 0 78.56 6.04 38.3 -53.15 54.19 -28.71 0 -0 -17.45 -15.94 29.65 -8.04 7.12 -0 -0 8.68 0.34 8.83
5.18 14.17 0.8 384.06 80.23 404.31 0 0 0 -6.56 5.84 -56.96 11.76 18.29 65.23 1.63 -12.08 -23.14 0.43 -4.22 -11.71 0 0 0 -2.32 7.44 -63.51 -14.75 -19.33 74.49 -3.04 6.56 -31.73 -0.71 5.38 -14.99 -3.08 -1.02 16.73 1.26 -1.75 0.78 3.51 -0.67 -8.42 0.96 -2.12 -17.99 0.29 -3.08 7.47 -0.35 -1.45 5.14 -0 -0 0 -75.69 -21.66 42.3 16.58 -26.3 -3.9 -0 0 -18.74 12.92 -28.49 -6.25 -7.12 0 -0 -10.34 1.28 10.27 -0 -0 0 78.75 5.26 37.78 -55.81 55.09 -30.88 0 -0 -17.66 -16.38 29.94 -8.35 7.12 -0 -0 8.45 0.7 8.64
5.21 14.17 0.72 383.39 79.77 403.52 0 0 0 -6.92 5.78 -56.77 11.92 18.36 65.72 1.72 -11.9 -23.74 0.42 -4.14 -11.48 0 0 0 -2.76 7.41 -63.41 -14.73 -19.32 74.43 -3.02 6.91 -31.58 -0.69 5.31 -14.81 -3.5 -0.92 16.92 1.26 -1.7 0.77 3.75 -0.62 -8.53 1.38 -2.63 -17.14 -0.65 -3.72 6.2 -0.74 -1.83 4.57 0 -0 0 -76.06 -21.16 43.37 16.44 -26.11 -3.84 -0 0 -18.72 13.86 -28.34 -6.68 -7.12 0 -0 -9.78 1.29 9.7 0 -0 0 78.44 4.61 36.88 -58.37 55.86 -32.99 0 -0 -18.12 -16.43 30.26 -8.45 7.12 -0 -0 8.45 1.03 8.7
5.23 14.15 0.65 381.74 79.65 401.85 0 0 0 -6.85 5.69 -56.85 12.11 18.44 66.34 1.8 -11.64 -24.25 0.45 -4.32 -11.99 0 0 0 -2.8 7.42 -63.4 -14.73 -19.32 74.42 -2.99 6.69 -31.45 -0.8 5.72 -15.97 -3.38 -1.07 16.75 1.23 -1.88 0.93 3.68 -0.72 -8.25 1.04 -2.54 -17.76 -0.21 -3.58 6.67 -0.55 -1.73 4.83 -0 -0 0 -76.03 -20.53 43.29 16.64 -26.38 -3.93 -0 0 -18.72 13.7 -29.15 -6.77 -7.12 0 -0 -9.93 0.51 9.99 -0 -0 0 78.62 4.97 36.3 -60.57 56.46 -34.82 0 -0 -18.29 -16.51 29.65 -8.34 7.12 -0 -0 8.34 0.44 8.5
5.25 14.17 0.58 379.48 79.35 399.71 0 0 0 -6.96 5.97 -57.04 12.21 18.48 66.64 1.86 -11.31 -24.55 0.53 -4.67 -12.97 0 0 0 -2.83 7.69 -63.37 -14.57 -19.28 73.94 -2.95 6.43 -31.21 -0.93 6.15 -17.23 -3.38 -0.91 16.5 1.06 -1.67 0.95 3.44 -0.63 -8.12 0.93 -2.97 -18.2 0.25 -4.2 7.38 -0.47 -2 5.13 -0 0 0 -75.62 -20.15 44.34 17.07 -26.95 -4.12 -0 0 -19.16 12.8 -28.11 -6.11 -7.12 0 -0 -10.39 1.68 10.25 -0 0 0 78.92 4.84 35.18 -63.05 57.07 -36.89 0 -0 -18.64 -16.08 29.41 -8.05 7.12 -0 -0 8.57 0.12 8.69
5.27 14.16 0.5 378.75 79.15 398.95 0 0 0 -7.19 5.86 -57.06 12.34 18.53 67.08 1.93 -11.21 -25.04 0.5 -4.53 -12.57 0 0 0 -3.14 7.67 -63.18 -14.47 -19.25 73.62 -2.88 6.68 -30.83 -0.91 6.08 -17.03 -3.74 -0.81 16.74 1.17 -1.61 0.78 3.76 -0.58 -8.43 -0 -3.27 -17.96 0.91 -4.47 7.47 -0.13 -2.11 5.16 0 0 0 -75.82 -19.22 45.29 17.52 -27.54 -4.32 -0 0 -19.94 12.92 -28.52 -6.25 -7.12 0 -0 -10.34 1.25 10.28 0 0 0 78.61 4.86 34.41 -64.76 57.45 -38.33 0 -0 -18.6 -16.15 29.82 -8.2 7.12 -0 -0 8.57 0.55 8.75
5.29 14.17 0.42 377.28 79.18 397.33 0 0 0 -7.08 5.5 -56.83 12.45 18.58 67.42 1.99 -10.94 -25.37 0.43 -4.22 -11.7 0 0 0 -3.08 7.56 -62.78 -14.36 -19.22 73.31 -2.86 6.93 -30.66 -0.86 5.91 -16.53 -3.7 -0.8 16.88 1.23 -1.58 0.9 3.8 -0.56 -8.37 -0.95 -3.59 -18.61 1.44 -4.73 7.9 0.14 -2.22 5.43 -0 0 0 -75.97 -18.66 45.64 18.03 -28.19 -4.56 -0 0 -20.22 13.93 -28.76 -6.8 -7.12 0 -0 -9.77 0.87 9.76 -0 0 0 78.56 5.67 33.47 -66.35 57.78 -39.67 0 -0 -18.47 -15.63 29.74 -7.9 7.12 -0 -0 8.86 0.38 9.03
5.31 14.17 0.34 375.06 78.97 395.27 0 0 0 -7.12 5.78 -57.18 12.61 18.64 67.9 2.08 -10.96 -25.96 0.46 -4.36 -12.1 0 0 0 -3.1 7.83 -62.91 -14.24 -19.18 72.93 -2.79 6.16 -30.36 -1.08 6.61 -18.56 -3.67 -0.6 16.67 1.15 -1.31 0.97 3.63 -0.44 -8.21 -0.52 -4.01 -19.05 1.15 -5.36 7.88 -0.09 -2.54 5.49 -0 -0 0 -75.4 -18.54 47.19 18.64 -28.97 -4.85 -0 0 -21.42 13.32 -28 -6.34 -7.12 0 -0 -10.07 1.71 9.92 -0 -0 0 78.36 6.33 32.64 -68.21 58.13 -41.24 0 -0 -18.73 -15.61 29.42 -7.82 7.12 -0 -0 8.84 0.05 8.96
5.32 14.16 0.26 374.28 78.97 394.47 0 0 0 -7.21 5.58 -57.27 12.73 18.68 68.27 2.09 -11.14 -26 0.34 -3.75 -10.37 0 0 0 -3.21 7.7 -62.78 -14.13 -19.15 72.6 -2.74 5.89 -30.13 -1.2 6.95 -19.56 -3.81 -0.51 16.61 1.15 -1.21 0.99 3.68 -0.39 -8.16 -1.27 -4.43 -19.04 1.67 -5.81 7.89 0.15 -2.73 5.53 0 -0 0 -75.55 -17.93 47.35 19.1 -29.54 -5.08 -0 0 -20.84 14.32 -28.54 -6.95 -7.12 0 -0 -9.52 1.03 9.48 0 -0 0 78.15 6.98 32.09 -69.98 58.43 -42.76 0 -0 -18.96 -15.55 29.27 -7.75 7.12 -0 -0 8.86 -0.11 8.95
5.33 14.17 0.19 372.51 79.03 392.68 0 0 0 -7.19 5.79 -57.48 12.83 18.72 68.61 2.04 -11.36 -25.73 0.27 -3.31 -9.16 0 0 0 -3.13 7.79 -62.54 -14 -19.12 72.22 -2.71 5.74 -29.96 -1.24 7.05 -19.87 -3.8 -0.39 16.7 1.1 -1.08 0.77 3.6 -0.32 -8.46 -1.35 -4.63 -17.99 1.65 -6.06 7.59 0.16 -2.88 5.27 -0 0 0 -75.25 -17.06 48.21 19.54 -30.08 -5.3 -0 0 -21.39 13.71 -28.24 -6.59 -7.12 0 -0 -9.86 1.41 9.76 -0 0 0 78.28 7.57 31.67 -70.48 58.51 -43.18 0 -0 -18.92 -15.55 29.12 -7.71 7.12 -0 -0 8.85 -0.25 8.92
5.35 14.16 0.12 370.5 79.18 390.64 0 0 0 -6.96 5.69 -57.64 13.01 18.78 69.14 2.1 -11.34 -26.12 0.27 -3.31 -9.15 0 0 0 -2.99 7.83 -62.27 -13.9 -19.08 71.91 -2.68 5.68 -29.8 -1.2 6.94 -19.55 -3.68 -0.29 16.64 1.15 -0.91 0.79 3.54 -0.24 -8.42 -2.21 -5.01 -18.3 2.25 -6.45 8.03 0.42 -3.04 5.52 0 -0 0 -75.15 -16.88 48.55 19.64 -30.21 -5.35 -0 0 -21.39 13.54 -28.54 -6.56 -7.12 0 -0 -9.98 1.15 9.93 0 -0 0 77.84 8.46 31.22 -71.53 58.67 -44.08 0 -0 -19.28 -15.47 28.74 -7.58 7.12 -0 -0 8.87 -0.65 8.87
5.35 14.18 0.04 369.78 78.91 389.94 0 0 0 -7.35 5.98 -57.78 13.07 18.81 69.35 2.13 -11.35 -26.26 0.24 -3.14 -8.68 0 0 0 -3.25 7.95 -62.09 -13.75 -19.04 71.45 -2.63 5.75 -29.47 -1.2 6.96 -19.61 -4.05 -0.06 16.55 1.05 -0.69 0.76 3.59 -0.13 -8.43 -2.33 -5.38 -18.74 2.29 -6.92 8.4 0.39 -3.26 5.72 -0 -0 0 -74.92 -16.64 48.98 19.82 -30.43 -5.44 -0 0 -21.59 14.11 -28.55 -6.85 -7.12 0 -0 -9.65 1.05 9.61 -0 -0 0 77.65 9.37 30.89 -71.71 58.7 -44.23 0 -0 -19.56 -15.25 28.82 -7.49 7.12 -0 -0 9 -0.61 9.02
5.37 14.18 -0.04 368.85 79.04 388.78 0 0 0 -7.33 5.58 -57.53 13.17 18.84 69.65 2.18 -11.22 -26.6 0.2 -2.87 -7.9 0 0 0 -3.32 7.87 -61.51 -13.65 -19 71.12 -2.62 6.03 -29.36 -1.15 6.82 -19.17 -3.81 0.01 16.45 0.84 -0.56 0.93 3.19 -0.08 -8.2 -2.72 -5.69 -18.35 2.67 -7.29 8.06 0.55 -3.43 5.58 0 -0 0 -74.49 -16.51 48.98 20.18 -30.86 -5.62 -0 0 -22.25 13.77 -28.18 -6.6 -7.12 0 -0 -9.82 1.46 9.71 0 -0 0 77.67 10.56 30.55 -71.59 58.68 -44.13 0 -0 -19.78 -14.86 28.59 -7.24 7.12 -0 -0 9.21 -0.89 9.19
5.37 14.19 -0.12 367.64 79.02 387.67 0 0 0 -7.36 5.36 -57.82 13.3 18.89 70.05 2.22 -11.09 -26.84 0.18 -2.75 -7.59 0 0 0 -3.45 7.95 -61.46 -13.54 -18.97 70.8 -2.57 6.13 -29.1 -1.11 6.7 -18.83 -3.89 0.19 16.45 0.83 -0.35 0.76 3.19 0.03 -8.4 -3.3 -6.04 -17.87 2.94 -7.66 7.73 0.7 -3.62 5.45 -0 -0 0 -74.52 -16.19 48.51 20.32 -31.02 -5.69 -0 0 -22.32 13.69 -28.38 -6.6 -7.12 0 -0 -9.88 1.28 9.8 -0 -0 0 77.21 11.52 30.52 -71.26 58.63 -43.85 0 -0 -20.01 -14.91 28.49 -7.24 7.12 -0 -0 9.17 -0.99 9.13
5.37 14.17 -0.2 366.01 79.34 385.96 0 0 0 -7.07 4.91 -58.01 13.51 18.96 70.69 2.28 -10.96 -27.19 0.16 -2.57 -7.07 0 0 0 -3.4 8 -61.15 -13.49 -18.95 70.63 -2.57 6 -29.09 -1.09 6.64 -18.65 -3.75 0.15 16.42 0.89 -0.36 0.82 3.17 0.01 -8.32 -3.31 -6.12 -18.09 2.56 -7.72 7.99 0.57 -3.67 5.55 0 0 0 -74.27 -15.84 48.43 20.41 -31.14 -5.74 -0 0 -22.99 14.6 -28.75 -7.14 -7.12 0 -0 -9.38 0.78 9.38 0 0 0 76.86 12.69 30.68 -71 58.59 -43.62 0 -0 -20.05 -14.38 27.93 -6.85 7.12 -0 -0 9.44 -1.62 9.3
5.38 14.19 -0.28 366.8 79.56 386.64 0 0 0 -7.53 4.52 -57.96 13.5 18.96 70.68 2.3 -10.74 -27.29 0.17 -2.69 -7.41 0 0 0 -3.65 7.54 -60.75 -13.29 -18.88 70.02 -2.51 5.57 -28.79 -1.19 6.91 -19.46 -3.82 0.19 16.27 0.7 -0.33 0.86 2.99 0.02 -8.19 -3.4 -6.43 -18.22 2.53 -8.1 8.08 0.53 -3.86 5.61 0 0 0 -74.17 -15.54 47.77 20.54 -31.29 -5.81 -0 0 -22.57 14.86 -28.68 -7.26 -7.12 0 -0 -9.22 0.81 9.21 0 0 0 76.62 13.98 30.65 -70.29 58.48 -43.02 0 -0 -20.02 -14.23 27.83 -6.75 7.12 -0 -0 9.52 -1.75 9.35
5.39 14.21 -0.35 366.14 79.73 385.97 0 0 0 -7.68 4.15 -57.91 13.51 18.96 70.71 2.32 -10.57 -27.43 0.13 -2.32 -6.4 0 0 0 -3.64 7.32 -60.38 -13.09 -18.82 69.42 -2.46 4.96 -28.56 -1.35 7.37 -20.81 -4.08 0.35 16.33 0.81 -0.17 0.74 3.23 0.12 -8.36 -3.77 -6.63 -18.48 2.45 -8.28 8.51 0.52 -3.96 5.8 0 0 0 -74.3 -15.01 47.46 20.64 -31.4 -5.86 -0 0 -23.01 14.41 -28.29 -6.94 -7.12 0 -0 -9.45 1.27 9.37 0 0 0 76.07 14.88 30.63 -70.07 58.44 -42.83 0 -0 -20.07 -13.72 27.6 -6.46 7.12 -0 -0 9.8 -2.05 9.59
5.39 14.2 -0.42 365.87 79.65 385.83 0 0 0 -7.86 4.01 -58.26 13.6 18.99 70.99 2.35 -10.5 -27.57 0.13 -2.34 -6.45 0 0 0 -4.02 7.62 -60.45 -13.06 -18.8 69.3 -2.44 4.87 -28.49 -1.29 7.21 -20.33 -4.66 0.52 16.11 0.84 -0.04 0.69 3.55 0.2 -8.31 -3.85 -6.7 -18.01 2.55 -8.37 8.01 0.58 -4.01 5.58 -0 0 0 -74.28 -14.64 46.79 20.63 -31.39 -5.86 -0 0 -22.85 14.74 -28.54 -7.17 -7.12 0 -0 -9.27 0.96 9.24 -0 0 0 75.88 16.39 30.71 -68.99 58.26 -41.91 0 -0 -20.04 -13.34 27.69 -6.29 7.12 -0 -0 10.04 -2.02 9.83
5.39 14.21 -0.5 364.82 79.96 384.67 0 0 0 -7.9 3.76 -58.27 13.67 19.01 71.2 2.34 -10.6 -27.53 0.09 -1.97 -5.41 0 0 0 -3.98 7.3 -59.91 -12.89 -18.74 68.79 -2.41 5.15 -28.24 -1.23 7.03 -19.82 -4.54 0.6 16.25 0.93 0.09 0.66 3.56 0.27 -8.44 -4.14 -6.92 -17.94 2.51 -8.59 7.98 0.59 -4.13 5.58 0 -0 0 -74.34 -14.17 46.61 20.68 -31.46 -5.88 -0 0 -23.1 14.42 -28.63 -7.02 -7.12 0 -0 -9.47 0.92 9.45 0 -0 0 75.58 17.4 30.57 -68.7 58.21 -41.67 0 -0 -19.94 -13.1 27.5 -6.13 7.12 -0 -0 10.17 -2.24 9.92
5.4 14.21 -0.57 364.84 80.19 384.4 0 0 0 -8.1 3.48 -58.04 13.72 19.03 71.35 2.37 -10.66 -27.69 0.08 -1.77 -4.87 0 0 0 -4.12 7.08 -59.33 -12.76 -18.69 68.37 -2.39 4.69 -28.19 -1.37 7.4 -20.9 -4.47 0.56 16.3 0.78 0.04 0.73 3.36 0.23 -8.38 -4.59 -7.12 -17.3 2.94 -8.83 7.63 0.79 -4.24 5.41 -0 -0 0 -73.91 -13.54 45.94 20.95 -31.78 -6.03 -0 0 -23.23 14.5 -28.41 -7.02 -7.12 0 -0 -9.4 1.13 9.34 -0 -0 0 75.81 19.13 30.64 -66.75 57.86 -40.01 0 -0 -19.89 -12.68 27.53 -5.94 7.12 -0 -0 10.42 -2.27 10.17
5.39 14.22 -0.64 365.47 80.44 385 0 0 0 -8.45 3.2 -58.14 13.73 19.03 71.39 2.34 -11.03 -27.53 0.05 -1.49 -4.09 0 0 0 -4.34 6.66 -59.15 -12.65 -18.65 68.03 -2.33 4.31 -27.9 -1.43 7.57 -21.42 -4.62 0.64 16.21 0.75 0.12 0.8 3.4 0.27 -8.26 -3.88 -6.96 -17.16 2.23 -8.68 7.2 0.5 -4.2 5.19 -0 0 0 -73.86 -13.22 45.36 21.16 -32.02 -6.14 -0 0 -23.22 14.71 -28.46 -7.13 -7.12 0 -0 -9.29 1.04 9.24 -0 0 0 75.76 20.65 30.31 -65.08 57.52 -38.6 0 -0 -19.87 -12.41 27.27 -5.76 7.12 -0 -0 10.56 -2.56 10.26
5.38 14.21 -0.7 362.78 80.76 382.29 0 0 0 -8 3.04 -58.42 13.87 19.07 71.8 2.33 -11.24 -27.51 0.04 -1.21 -3.33 0 0 0 -4.01 6.76 -58.89 -12.57 -18.62 67.78 -2.33 3.88 -27.96 -1.47 7.66 -21.68 -4.24 0.77 16.27 0.75 0.35 0.83 3.13 0.37 -8.28 -3.6 -6.92 -17.72 1.84 -8.63 7.59 0.31 -4.18 5.36 0 -0 0 -73.65 -12.82 44.43 21.63 -32.55 -6.38 -0 0 -23.49 14.41 -28.31 -6.95 -7.12 0 -0 -9.45 1.24 9.37 0 -0 0 76.01 22.23 29.87 -62.62 56.97 -36.53 0 -0 -19.68 -12.25 27.46 -5.72 7.12 -0 -0 10.67 -2.39 10.4
5.37 14.23 -0.75 363.95 81.13 383.33 0 0 0 -8.37 2.81 -58.42 13.85 19.07 71.75 2.31 -11.45 -27.36 0.02 -0.99 -2.73 0 0 0 -4.19 6.32 -58.51 -12.45 -18.57 67.41 -2.32 3.88 -27.87 -1.44 7.57 -21.43 -4.3 0.92 16.48 0.66 0.53 0.67 3.02 0.46 -8.59 -3.1 -6.86 -16.73 0.74 -8.55 6.79 -0.05 -4.22 4.88 -0 0 0 -73.77 -12.21 43.6 22.09 -33.08 -6.64 -0 0 -23.61 14.69 -28.32 -7.09 -7.12 0 -0 -9.29 1.19 9.21 -0 0 0 75.94 23.48 29.46 -59.92 56.29 -34.27 0 -0 -20.18 -12.35 27.1 -5.7 7.12 -0 -0 10.59 -2.74 10.25
5.37 14.23 -0.79 364.69 81.42 383.99 0 0 0 -8.56 2.31 -58.33 13.84 19.07 71.72 2.33 -11.4 -27.51 0.01 -0.71 -1.95 0 0 0 -4.45 6.27 -58.19 -12.37 -18.54 67.16 -2.31 3.57 -27.88 -1.45 7.6 -21.51 -4.12 1.03 15.99 0.42 0.71 1.01 2.62 0.52 -7.96 -2.46 -6.32 -15.79 0.14 -7.9 5.09 -0.2 -3.93 4.14 -0 0 0 -73.42 -12.3 42.42 22.69 -33.75 -6.97 -0 0 -23.71 15.04 -28.83 -7.38 -7.12 0 -0 -9.13 0.63 9.14 -0 0 0 76.17 25.36 28.88 -56.91 55.43 -31.78 0 -0 -21.07 -12.28 26.98 -5.64 7.12 -0 -0 10.62 -2.87 10.26
5.36 14.23 -0.8 363.43 82.41 382.47 0 0 0 -8.06 1.74 -58.36 13.92 19.09 71.94 2.31 -11.51 -27.39 0.02 -0.94 -2.57 0 0 0 -4.06 6.03 -57.59 -12.36 -18.54 67.14 -2.34 2.91 -28.22 -1.59 7.96 -22.58 -3.97 1.17 16.34 0.64 0.94 1 2.72 0.64 -8.17 -1.52 -5.16 -18.13 -0.62 -6.44 7.47 -0.57 -3.23 5.19 0 0 0 -73.59 -12.13 41.43 23.39 -34.52 -7.36 -0 0 -24.1 14.18 -28.41 -6.86 -7.12 0 -0 -9.59 1.18 9.53 0 0 0 75.83 26.59 28.14 -54.07 54.51 -29.46 0 -0 -20.99 -12.41 26.63 -5.63 7.12 -0 -0 10.53 -3.19 10.1
5.34 14.21 -0.81 362.5 82.96 381.81 0 0 0 -7.89 1.6 -59.05 14 19.11 72.2 2.28 -11.7 -27.2 0.03 -1.16 -3.18 0 0 0 -4.03 6.07 -57.71 -12.39 -18.55 67.2 -2.34 2.43 -28.3 -1.62 8.02 -22.79 -3.71 1.41 16.07 0.66 1.3 0.86 2.51 0.8 -8.2 -0.98 -3.84 -18.11 -1.23 -4.72 7.55 -0.68 -2.42 5.18 -0 -0 0 -73.65 -11.86 40.53 24.2 -35.37 -7.82 -0 0 -24.58 14.49 -28.54 -7.04 -7.12 0 -0 -9.42 1 9.38 -0 -0 0 75.45 27.7 27.56 -51.26 53.49 -27.18 0 -0 -20.57 -12.31 26.63 -5.59 7.12 -0 -0 10.59 -3.21 10.15
5.34 14.23 -0.82 363.74 83.59 382.83 0 0 0 -8.02 1.36 -58.83 13.89 19.08 71.88 2.21 -12.16 -26.82 0.01 -0.66 -1.81 0 0 0 -4.08 5.91 -57.08 -12.32 -18.52 66.98 -2.38 2.16 -28.66 -1.62 8.04 -22.82 -3.49 1.64 16.14 0.53 1.64 0.92 2.17 0.96 -8.19 0.53 -2.58 -18.62 -2.96 -3.17 8.03 -1.33 -1.75 5.36 0 -0 0 -73.49 -11.84 39.58 25.19 -36.4 -8.4 -0 0 -25.4 14.19 -28.46 -6.87 -7.12 0 -0 -9.59 1.12 9.54 0 -0 0 75.11 28.52 26.71 -48.93 52.56 -25.32 0 -0 -20.29 -11.94 26.8 -5.45 7.12 -0 -0 10.81 -3.09 10.41
5.33 14.23 -0.81 366.02 84.44 385.09 0 0 0 -8.08 1.05 -59.06 13.87 19.07 71.8 2.11 -12.82 -26.32 0 -0.45 -1.25 0 0 0 -4.13 5.49 -56.83 -12.34 -18.53 67.06 -2.4 1.8 -28.86 -1.64 8.08 -22.96 -3.35 1.78 16.07 0.5 1.85 0.93 2.01 1.05 -8.15 1.59 -1.16 -18.78 -4.23 -1.37 8.2 -1.73 -0.93 5.47 0 -0 0 -73.26 -11.79 38.98 26.39 -37.59 -9.12 -0 0 -26.07 14.6 -28.34 -7.05 -7.12 0 -0 -9.34 1.18 9.27 0 -0 0 74.49 29.07 26.14 -47.1 51.76 -23.87 0 -0 -20.57 -11.67 26.73 -5.31 7.12 -0 -0 10.97 -3.19 10.54
5.32 14.23 -0.79 370.02 85.37 388.97 0 0 0 -8.07 0.37 -58.94 13.8 19.05 71.58 2.06 -13.11 -26.02 0 -0.29 -0.81 0 0 0 -4.18 5.05 -56.45 -12.38 -18.55 67.18 -2.45 1.38 -29.25 -1.68 8.16 -23.21 -3.15 1.9 16.05 0.4 2.03 0.93 1.75 1.13 -8.14 2.55 -0.13 -18.59 -5.19 -0.08 8.25 -2.07 -0.35 5.49 -0 0 0 -72.81 -11.73 38.77 27.67 -38.81 -9.92 -0 0 -26.69 14.94 -27.78 -7.09 -7.12 0 -0 -9.1 1.69 8.94 -0 0 0 73.99 29.39 25.48 -45.38 50.95 -22.53 0 -0 -20.14 -11.64 26.7 -5.29 7.12 -0 -0 10.99 -3.23 10.55
5.31 14.23 -0.76 373.3 86.22 392.17 0 0 0 -8 0.3 -59.1 13.72 19.03 71.36 1.96 -13.72 -25.51 0 -0.31 -0.84 0 0 0 -4.05 4.87 -56.09 -12.43 -18.56 67.33 -2.5 0.98 -29.68 -1.67 8.14 -23.15 -3.01 2.05 16.42 0.44 2.24 0.8 1.65 1.23 -8.5 3.38 0.72 -18.85 -6.25 1 8.6 -2.44 0.12 5.7 0 -0 0 -72.39 -11.57 38.75 28.86 -39.9 -10.67 -0 0 -27.11 15.17 -27.75 -7.19 -7.12 0 -0 -8.96 1.69 8.8 0 -0 0 73.32 29.58 24.9 -43.64 50.08 -21.19 0 -0 -19.53 -11.36 26.62 -5.15 7.12 -0 -0 11.15 -3.34 10.69
5.31 14.24 -0.73 376.21 86.85 395.02 0 0 0 -7.77 0.01 -59.13 13.69 19.02 71.27 1.91 -14.06 -25.23 0 -0.24 -0.66 0 0 0 -3.88 4.75 -55.84 -12.47 -18.58 67.48 -2.55 0.6 -30.09 -1.76 8.34 -23.75 -2.82 2.19 16.15 0.38 2.46 0.9 1.43 1.32 -8.24 4.14 1.22 -18.58 -6.91 1.56 8.19 -2.71 0.38 5.57 -0 0 0 -71.69 -11.81 38.75 29.91 -40.81 -11.35 -0 0 -27.62 16.01 -28.81 -7.87 -7.12 0 -0 -8.56 0.5 8.58 -0 0 0 73 30.06 24.46 -41.82 49.11 -19.8 0 -0 -19.48 -11.42 26.58 -5.16 7.12 -0 -0 11.12 -3.37 10.65
5.3 14.23 -0.69 380.33 87.45 399.24 0 0 0 -7.53 -0.28 -59.32 13.65 19 71.14 1.84 -14.42 -24.85 0 0.08 0.21 0 0 0 -3.72 4.6 -55.81 -12.52 -18.6 67.64 -2.58 0.37 -30.34 -1.73 8.29 -23.59 -2.7 2.24 15.94 0.38 2.57 0.86 1.35 1.37 -8.16 4.47 1.57 -18.09 -7.46 2.03 7.95 -2.89 0.59 5.46 0 0 0 -71.12 -11.7 38.4 31.52 -42.16 -12.42 -0 0 -28.43 16.15 -28.29 -7.81 -7.12 0 -0 -8.42 1 8.37 0 0 0 72.82 30.61 24.11 -39.72 47.91 -18.23 0 -0 -19 -11.18 26.78 -5.09 7.12 -0 -0 11.26 -3.2 10.83
5.29 14.22 -0.65 384.64 87.67 403.58 0 0 0 -7.43 -0.4 -59.47 13.64 19 71.12 1.78 -14.71 -24.55 0 0.43 1.19 0 0 0 -3.71 4.59 -55.85 -12.6 -18.63 67.86 -2.61 0.26 -30.53 -1.74 8.31 -23.65 -2.66 2.36 15.93 0.33 2.72 0.89 1.24 1.44 -8.12 4.09 1.82 -18.44 -7.04 2.39 8.08 -2.66 0.78 5.56 -0 -0 0 -70.69 -11.6 37.68 33.34 -43.59 -13.66 -0 0 -28.95 16.15 -28.19 -7.79 -7.12 0 -0 -8.42 1.09 8.35 -0 -0 0 72.5 31 24.05 -38.25 47 -17.15 0 -0 -18.54 -11.33 26.71 -5.14 7.12 -0 -0 11.18 -3.25 10.73
5.28 14.23 -0.61 392.47 87.98 411.37 0 0 0 -7.35 -0.53 -59.4 13.56 18.97 70.85 1.71 -14.87 -24.18 0.01 0.56 1.55 0 0 0 -3.66 4.52 -55.77 -12.64 -18.65 68 -2.6 -0.17 -30.65 -1.77 8.37 -23.84 -2.61 2.43 15.98 0.27 2.82 0.92 1.13 1.48 -8.13 4.26 1.78 -18.69 -7.27 2.34 8.26 -2.77 0.74 5.67 -0 0 0 -70.18 -11.42 37.44 35.37 -45.08 -15.08 -0 0 -30.22 16.98 -28.42 -8.27 -7.12 0 -0 -7.95 0.73 7.92 -0 0 0 72.3 31.64 23.83 -36.17 45.63 -15.65 0 -0 -18.21 -11.52 27.27 -5.34 7.12 -0 -0 11.09 -2.68 10.76
5.27 14.26 -0.58 409.35 88.25 428.06 0 0 0 -7.41 -1.06 -58.94 13.36 18.91 70.25 1.68 -14.67 -23.91 0 0.4 1.09 0 0 0 -3.57 4.1 -55.34 -12.6 -18.63 67.89 -2.64 -0.09 -30.83 -1.75 8.33 -23.71 -2.56 2.36 16.22 0.24 2.73 1.05 1.08 1.44 -8.1 4.29 1.59 -18.96 -7.43 2.09 8.23 -2.85 0.6 5.69 -0 -0 0 -69.96 -11.57 36.52 37.5 -46.51 -16.6 -0 0 -30.66 16.46 -27.84 -7.85 -7.12 0 -0 -8.21 1.39 8.09 -0 -0 0 72.07 32.48 23.55 -34.25 44.27 -14.29 0 -0 -17.99 -11.22 27.31 -5.2 7.12 -0 -0 11.27 -2.67 10.95
5.26 14.25 -0.55 416.37 88.11 435.18 0 0 0 -7.54 -1.14 -59 13.29 18.89 70.04 1.63 -14.78 -23.65 0.01 0.76 2.08 0 0 0 -3.73 3.93 -55.59 -12.66 -18.66 68.07 -2.66 0.04 -30.94 -1.78 8.39 -23.92 -2.63 2.39 16.13 0.16 2.76 0.98 1.02 1.45 -8.13 4.22 1.44 -19.04 -7.42 1.92 8.53 -2.86 0.51 5.78 0 -0 0 -69.62 -11.2 36.07 40.2 -48.19 -18.59 -0 0 -31.14 17.02 -27.88 -8.15 -7.12 0 -0 -7.87 1.26 7.77 0 -0 0 71.92 32.71 23.44 -32.58 43 -13.13 0 -0 -17.7 -11.23 27.31 -5.2 7.12 -0 -0 11.26 -2.68 10.94
5.25 14.26 -0.51 418.31 88.03 437.22 0 0 0 -7.56 -0.97 -59.11 13.23 18.86 69.84 1.59 -14.95 -23.41 0.02 0.88 2.41 0 0 0 -3.77 4.12 -55.74 -12.69 -18.67 68.17 -2.67 -0.05 -31.02 -1.68 8.16 -23.2 -2.64 2.4 15.97 0.13 2.78 0.98 1 1.46 -8.05 4.1 1.34 -19.09 -7.42 1.81 8.58 -2.85 0.45 5.8 -0 0 0 -69.44 -11.37 35.39 42.23 -49.34 -20.12 -0 0 -31.41 17.59 -28.25 -8.53 -7.12 0 -0 -7.57 0.8 7.53 -0 0 0 71.85 33.3 23.58 -30.89 41.64 -12 0 -0 -17.29 -11.23 27.2 -5.19 7.12 -0 -0 11.26 -2.78 10.91
5.24 14.25 -0.48 425.08 87.93 443.93 0 0 0 -7.64 -0.97 -59.09 13.19 18.85 69.73 1.58 -15.1 -23.4 0.02 0.85 2.35 0 0 0 -3.88 4.03 -55.7 -12.76 -18.69 68.37 -2.73 0.3 -31.26 -1.63 8.04 -22.85 -2.68 2.39 16.11 0.2 2.74 0.9 1.1 1.45 -8.21 4.01 1.34 -18.79 -7.52 1.85 8.48 -2.86 0.47 5.72 -0 -0 0 -69.52 -11.57 34.7 44.56 -50.55 -21.9 -0 0 -32.09 16.98 -28.22 -8.21 -7.12 0 -0 -7.93 0.93 7.88 -0 -0 0 71.76 33.42 23.37 -29.42 40.39 -11.03 0 -0 -16.81 -10.6 27.21 -4.89 7.12 -0 -0 11.63 -2.85 11.28
5.23 14.25 -0.43 425.07 87.85 443.98 0 0 0 -7.55 -0.97 -59.09 13.14 18.83 69.57 1.56 -15.15 -23.25 0.02 1.01 2.77 0 0 0 -3.85 4.15 -55.93 -12.83 -18.72 68.61 -2.74 0.33 -31.31 -1.55 7.87 -22.32 -2.59 2.4 15.92 0.1 2.78 0.94 0.94 1.46 -8.06 4.09 1.17 -18.79 -7.42 1.59 8.38 -2.87 0.35 5.68 0 0 0 -69.11 -11.98 34.22 47.02 -51.72 -23.81 -0 0 -32.64 17.42 -27.88 -8.34 -7.12 0 -0 -7.64 1.2 7.55 0 0 0 72.05 33.7 22.79 -28.26 39.36 -10.29 0 -0 -16.52 -10.24 27.19 -4.72 7.12 -0 -0 11.85 -2.92 11.48
5.22 14.25 -0.4 433.64 87.96 452.37 0 0 0 -7.4 -0.95 -58.99 13.09 18.81 69.4 1.52 -15.05 -23 0.01 0.75 2.05 0 0 0 -3.6 4.05 -55.71 -12.85 -18.73 68.67 -2.8 0.54 -31.55 -1.52 7.78 -22.04 -2.28 2.35 16.04 0.27 2.78 1.07 0.95 1.45 -7.98 3.92 1.14 -18.83 -7.63 1.62 8.36 -2.91 0.34 5.68 0 0 0 -69.12 -12.82 34.04 49.01 -52.59 -25.39 -0 0 -33.15 17.7 -28.15 -8.56 -7.12 0 -0 -7.5 0.87 7.45 0 0 0 71.96 33.94 22 -27.14 38.32 -9.59 0 -0 -16.03 -10.54 27.29 -4.87 7.12 -0 -0 11.67 -2.78 11.33
5.2 14.25 -0.35 433.24 87.74 451.94 0 0 0 -7.5 -0.87 -58.89 13.02 18.79 69.18 1.52 -14.88 -22.96 0 0.39 1.07 0 0 0 -3.74 4.26 -55.82 -12.92 -18.75 68.89 -2.84 0.56 -31.81 -1.48 7.69 -21.77 -2.35 2.34 15.99 0.24 2.75 1.09 0.97 1.44 -7.92 3.9 1.08 -19.09 -7.53 1.54 8.71 -2.88 0.3 5.82 0 0 0 -68.81 -13.68 33.66 50.53 -53.21 -26.6 -0 0 -33.47 17.69 -28.22 -8.58 -7.12 0 -0 -7.51 0.81 7.47 0 0 0 72.24 33.97 21.56 -26.18 37.39 -9 0 -0 -15.36 -10.92 27.32 -5.06 7.12 -0 -0 11.45 -2.71 11.12
5.19 14.24 -0.3 436.02 87.37 454.95 0 0 0 -7.73 -1 -59.16 12.95 18.76 68.98 1.52 -14.65 -22.87 0 -0.02 -0.04 0 0 0 -4.14 4.33 -56.3 -13.05 -18.8 69.28 -2.84 0.35 -31.85 -1.58 7.93 -22.5 -2.48 2.24 15.71 0.18 2.6 1.09 1.02 1.37 -7.77 3.92 1.06 -19.21 -7.52 1.5 8.67 -2.89 0.28 5.83 -0 -0 0 -68.4 -14.79 33.45 51.55 -53.6 -27.41 -0 0 -33.55 18.16 -28.38 -8.86 -7.12 0 -0 -7.25 0.57 7.24 -0 -0 0 72.68 33.91 21.05 -25.55 36.76 -8.62 0 -0 -14.88 -10.56 27.1 -4.86 7.12 -0 -0 11.65 -2.97 11.27
5.18 14.26 -0.23 436.65 87.23 455.5 0 0 0 -7.66 -0.92 -58.84 12.81 18.71 68.54 1.48 -14.8 -22.66 0 0.26 0.71 0 0 0 -4.05 4.49 -56.21 -13.06 -18.8 69.32 -2.87 0.55 -31.98 -1.44 7.58 -21.44 -2.54 2.25 15.93 0.27 2.6 1 1.14 1.37 -8 3.84 1.04 -18.91 -7.61 1.51 8.49 -2.9 0.29 5.72 -0 -0 0 -68 -15.93 33.57 52.07 -53.8 -27.84 -0 0 -33.94 18.24 -28.27 -8.87 -7.12 0 -0 -7.19 0.67 7.16 -0 -0 0 72.7 33.25 20.97 -25.21 36.42 -8.42 0 -0 -15.11 -11.25 27.11 -5.18 7.12 -0 -0 11.24 -2.87 10.88
5.17 14.26 -0.17 435.66 86.96 454.5 0 0 0 -7.72 -0.8 -58.62 12.68 18.66 68.13 1.44 -14.77 -22.42 0 0.28 0.78 0 0 0 -4.13 4.78 -56.37 -13.13 -18.83 69.54 -2.89 0.08 -32.2 -1.59 7.95 -22.57 -2.66 2.23 15.76 0.22 2.56 1.04 1.17 1.36 -7.85 4.31 1.01 -19.18 -8.16 1.42 8.66 -3.17 0.21 5.83 0 0 0 -67.36 -17.61 33.86 51.58 -53.61 -27.44 -0 0 -34.81 18.72 -28.41 -9.16 -7.12 0 -0 -6.92 0.44 6.92 0 0 0 73.16 33.06 20.55 -24.68 35.87 -8.1 0 -0 -14.56 -11.61 27.37 -5.4 7.12 -0 -0 11.04 -2.57 10.74
5.17 14.28 -0.11 435.53 86.85 454.31 0 0 0 -7.6 -0.88 -58.29 12.51 18.6 67.61 1.45 -14.38 -22.37 0 -0.08 -0.23 0 0 0 -4.01 4.93 -56.36 -13.17 -18.84 69.65 -2.91 0.22 -32.31 -1.51 7.76 -21.98 -2.57 2.14 15.79 0.36 2.47 1.11 1.28 1.31 -7.79 4.04 1.17 -19.09 -8.06 1.69 8.59 -3.06 0.34 5.81 0 -0 0 -67.07 -18.94 33.96 51.25 -53.49 -27.17 -0 0 -35.53 18.9 -28.18 -9.18 -7.12 0 -0 -6.8 0.64 6.77 0 -0 0 73.18 32.56 20.67 -24.58 35.77 -8.04 0 -0 -14.4 -11.43 27.33 -5.3 7.12 -0 -0 11.14 -2.63 10.83
5.15 14.29 -0.03 436.93 86.37 455.77 0 0 0 -7.88 -0.8 -58.17 12.32 18.52 67.02 1.38 -14.44 -21.89 0 0.05 0.13 0 0 0 -4.26 4.95 -56.61 -13.26 -18.87 69.93 -2.95 0.42 -32.47 -1.42 7.55 -21.34 -2.81 2.02 15.79 0.3 2.26 1.03 1.41 1.22 -7.88 4 1.11 -19.08 -8.11 1.65 8.76 -3.08 0.31 5.86 -0 -0 0 -66.46 -20.24 34.67 49.9 -52.95 -26.09 -0 0 -35.68 19.84 -28.15 -9.66 -7.12 0 -0 -6.24 0.5 6.22 -0 -0 0 73.52 31.81 21.12 -24.59 35.78 -8.05 0 -0 -14.49 -11.39 27.64 -5.34 7.12 -0 -0 11.19 -2.33 10.94
5.16 14.29 0.06 437.58 86.2 456.39 0 0 0 -7.67 -1.05 -57.71 12.16 18.46 66.51 1.36 -14.02 -21.65 0 0.16 0.43 0 0 0 -4.14 4.99 -56.73 -13.36 -18.91 70.25 -3 0.64 -32.68 -1.37 7.41 -20.92 -2.66 1.95 15.74 0.33 2.2 1.15 1.37 1.19 -7.72 4.23 1.24 -19.77 -8.54 1.84 9.09 -3.24 0.36 6.09 0 0 0 -66.14 -22.13 35.17 47.93 -52.12 -24.53 -0 0 -35.59 19.38 -28.02 -9.38 -7.12 0 -0 -6.49 0.72 6.45 0 0 0 73.59 31.26 21.34 -24.82 36.02 -8.18 0 -0 -14.71 -11.39 27.42 -5.3 7.12 -0 -0 11.18 -2.54 10.88
5.14 14.3 0.15 437.55 86.08 456.24 0 0 0 -7.59 -0.63 -57.42 11.96 18.37 65.86 1.29 -14.25 -21.24 0 0.04 0.1 0 0 0 -3.83 5.13 -56.72 -13.37 -18.91 70.28 -2.99 0.22 -32.77 -1.39 7.47 -21.11 -2.63 1.81 15.96 0.4 2.02 1.09 1.46 1.1 -7.89 4.28 1.39 -19.12 -8.61 2.02 8.72 -3.24 0.47 5.89 0 0 0 -65.88 -23.46 35.68 45.47 -50.99 -22.6 -0 0 -35.61 19.45 -28.43 -9.54 -7.12 0 -0 -6.5 0.29 6.51 0 0 0 73.9 30.03 22.01 -25.39 36.6 -8.52 0 -0 -15.01 -11.4 27.84 -5.38 7.12 -0 -0 11.19 -2.13 10.98
5.14 14.33 0.24 436.71 85.99 455.44 0 0 0 -7.43 -0.54 -57.02 11.72 18.27 65.09 1.31 -13.56 -21.22 0.02 -1 -2.75 0 0 0 -3.52 5.36 -56.79 -13.36 -18.91 70.24 -3 0.1 -32.82 -1.33 7.31 -20.63 -2.45 1.73 15.78 0.41 1.95 1.2 1.39 1.06 -7.67 4.18 1.36 -19.72 -8.52 2 9.12 -3.21 0.44 6.1 0 0 0 -65.8 -24.98 36.29 42.92 -49.71 -20.64 -0 0 -35.25 19.33 -28.57 -9.52 -7.12 0 -0 -6.59 0.17 6.61 0 0 0 74.08 29.33 22.58 -25.75 36.96 -8.74 0 -0 -15.68 -12.09 27.89 -5.72 7.12 -0 -0 10.79 -1.99 10.59
5.13 14.33 0.35 436.12 85.41 454.87 0 0 0 -7.68 -0.52 -56.73 11.52 18.18 64.46 1.28 -13.26 -20.92 0.03 -1.12 -3.09 0 0 0 -3.81 5.5 -57.2 -13.54 -18.97 70.79 -3.03 0.19 -32.98 -1.27 7.13 -20.1 -2.96 1.62 16.03 0.34 1.7 1.06 1.66 0.96 -7.96 4.52 1.55 -19.31 -8.77 2.2 8.87 -3.32 0.54 5.98 -0 0 0 -65.82 -26.12 37.05 40.22 -48.2 -18.6 -0 0 -35.31 19.67 -28.36 -9.63 -7.12 0 -0 -6.36 0.32 6.37 -0 0 0 74.46 28.11 23.38 -26.42 37.62 -9.14 0 -0 -15.74 -11.88 27.8 -5.6 7.12 -0 -0 10.91 -2.11 10.7
5.13 14.34 0.46 433.14 85.35 452.06 0 0 0 -7.3 -0.22 -56.61 11.35 18.1 63.9 1.24 -13.24 -20.62 0.03 -1.06 -2.93 0 0 0 -3.43 6.04 -57.54 -13.63 -19 71.06 -3.07 0.13 -33.2 -1.18 6.89 -19.38 -2.89 1.56 15.82 0.34 1.65 1.13 1.63 0.93 -7.77 4.57 1.66 -19.76 -8.75 2.34 8.94 -3.31 0.6 6.09 0 0 0 -65.86 -27.51 37.79 37.58 -46.57 -16.66 -0 0 -35.36 19.5 -28.22 -9.51 -7.12 0 -0 -6.45 0.49 6.43 0 0 0 74.74 27.18 24.09 -27.11 38.29 -9.57 0 -0 -16.14 -12.15 27.97 -5.77 7.12 -0 -0 10.76 -1.9 10.59
5.13 14.36 0.57 436.37 85.28 455.22 0 0 0 -7.11 -0.17 -56.11 11.07 17.97 63.02 1.2 -12.97 -20.31 0.05 -1.48 -4.08 0 0 0 -2.99 5.98 -57.52 -13.67 -19.01 71.19 -3.11 0.01 -33.48 -1.17 6.86 -19.29 -2.77 1.28 15.93 0.39 1.3 1.14 1.69 0.76 -7.79 4.66 1.65 -19.76 -8.8 2.3 8.93 -3.34 0.58 6.08 -0 -0 0 -66.19 -28.35 38.58 35.05 -44.85 -14.85 -0 0 -35.16 19.39 -28.2 -9.44 -7.12 0 -0 -6.51 0.53 6.49 -0 -0 0 75 26.31 24.93 -27.71 38.85 -9.94 0 -0 -16.5 -11.97 27.71 -5.63 7.12 -0 -0 10.85 -2.18 10.62
5.12 14.36 0.69 434.45 84.98 453.39 0 0 0 -7.02 0.09 -55.81 10.86 17.87 62.34 1.2 -12.82 -20.24 0.11 -2.14 -5.9 0 0 0 -2.86 6.23 -57.96 -13.82 -19.06 71.65 -3.16 0.1 -33.72 -1.1 6.68 -18.76 -3.04 1.18 15.89 0.32 1.11 1.1 1.82 0.68 -7.81 4.85 1.83 -19.37 -8.88 2.49 8.65 -3.38 0.69 5.94 0 0 0 -66.67 -29.03 39.09 32.74 -43.13 -13.24 -0 0 -34.81 19 -27.9 -9.15 -7.12 0 -0 -6.7 0.91 6.64 0 0 0 75.54 25.33 25.64 -28.26 39.36 -10.29 0 -0 -16.73 -12.05 27.66 -5.66 7.12 -0 -0 10.8 -2.22 10.56
5.12 14.35 0.81 432.86 85.1 451.74 0 0 0 -6.38 0.46 -55.57 10.74 17.8 61.92 1.23 -12.54 -20.41 0.25 -3.21 -8.85 0 0 0 -2.16 6.45 -58.21 -13.97 -19.1 72.11 -3.22 0.27 -33.98 -1.06 6.55 -18.38 -2.89 1.09 16.18 0.37 1.01 1.04 1.8 0.63 -8.03 5.06 2.02 -19.58 -9.03 2.72 8.93 -3.44 0.79 6.09 -0 0 0 -67.5 -29.35 39.44 30.9 -41.65 -12 -0 0 -34.35 18.38 -27.76 -8.8 -7.12 0 -0 -7.06 1.16 6.97 -0 0 0 75.93 24.12 26.21 -29.05 40.06 -10.79 0 -0 -17 -12.22 27.57 -5.72 7.12 -0 -0 10.69 -2.29 10.44
5.11 14.36 0.93 430.53 84.71 449.46 0 0 0 -6.31 0.65 -55.24 10.55 17.71 61.31 1.11 -12.54 -19.51 0.14 -2.39 -6.59 0 0 0 -1.99 6.48 -58.63 -14.07 -19.14 72.42 -3.23 0.42 -33.98 -0.98 6.31 -17.69 -3.26 0.99 16.08 0.29 0.82 1.15 1.97 0.54 -7.84 5.18 2.14 -19.5 -9.25 2.88 8.62 -3.51 0.86 6 -0 -0 0 -68.33 -29.85 39.44 29.09 -40.1 -10.82 -0 0 -34.02 18.32 -27.53 -8.7 -7.12 0 -0 -7.07 1.4 6.95 -0 -0 0 76.39 23.1 26.76 -30.23 41.09 -11.56 0 -0 -17.23 -11.85 27.4 -5.52 7.12 -0 -0 10.9 -2.5 10.61
5.11 14.36 1.05 428.49 84.63 447.32 0 0 0 -5.87 0.8 -54.64 10.37 17.61 60.72 1.12 -12.29 -19.53 0.17 -2.63 -7.25 0 0 0 -1.45 6.52 -58.83 -14.17 -19.16 72.71 -3.26 0.56 -34.1 -1 6.37 -17.87 -3.14 0.83 16.22 0.22 0.62 1.23 1.87 0.44 -7.83 5.49 2.29 -19.73 -9.72 3.06 8.63 -3.7 0.91 6.07 0 0 0 -69.09 -29.76 39.3 27.83 -38.96 -10.02 -0 0 -33.38 18.36 -27.56 -8.73 -7.12 0 -0 -7.05 1.37 6.93 0 0 0 77.04 22.54 27.25 -30.78 41.55 -11.92 0 -0 -17.38 -12.07 26.76 -5.5 7.12 -0 -0 10.73 -3.11 10.32
5.12 14.34 1.17 425.28 84.65 444.19 0 0 0 -5.24 1.11 -54.36 10.25 17.55 60.32 1.08 -12.2 -19.19 0.18 -2.7 -7.44 0 0 0 -0.79 6.75 -59.22 -14.34 -19.21 73.24 -3.34 0.97 -34.39 -0.93 6.13 -17.17 -3.14 0.72 15.9 0.23 0.49 1.31 1.91 0.37 -7.55 5.63 2.44 -19.51 -9.68 3.22 8.58 -3.68 1.01 6.03 -0 0 0 -69.89 -29.61 38.96 26.67 -37.86 -9.3 -0 0 -32.74 17.91 -27.99 -8.62 -7.12 0 -0 -7.36 1.01 7.29 -0 0 0 77.66 22.33 27.79 -31.06 41.79 -12.11 0 -0 -17.65 -12.27 27.21 -5.68 7.12 -0 -0 10.64 -2.64 10.32
5.12 14.33 1.3 422.65 84.22 441.54 0 0 0 -5.16 1.5 -53.89 10.03 17.43 59.59 1.07 -11.85 -19.09 0.31 -3.59 -9.94 0 0 0 -0.62 7.08 -59.56 -14.48 -19.25 73.67 -3.37 1.34 -34.49 -0.76 5.57 -15.54 -3.49 0.68 16 0.11 0.37 1.32 2.01 0.33 -7.59 5.52 2.6 -19.26 -9.66 3.47 8.44 -3.63 1.13 5.96 0 0 0 -70.66 -29.46 38.63 25.64 -36.85 -8.67 -0 0 -31.86 17.06 -27.55 -8.08 -7.12 0 -0 -7.82 1.59 7.68 0 0 0 78.14 21.59 28.07 -32.04 42.58 -12.77 0 -0 -17.82 -12 27.32 -5.57 7.12 -0 -0 10.81 -2.56 10.5
5.12 14.33 1.43 421.05 83.84 439.89 0 0 0 -4.97 1.47 -53.13 9.79 17.29 58.77 1.08 -11.17 -18.99 0.42 -4.14 -11.46 0 0 0 -0.41 7.35 -59.83 -14.64 -19.3 74.16 -3.47 1.7 -34.9 -0.64 5.13 -14.27 -3.7 0.66 15.93 -0 0.3 1.41 2.03 0.3 -7.46 5.62 2.64 -19.61 -9.82 3.53 8.74 -3.7 1.14 6.13 0 0 0 -71.36 -28.96 38.46 25.09 -36.29 -8.34 -0 0 -31.32 16.87 -27.55 -7.98 -7.12 0 -0 -7.93 1.63 7.78 0 0 0 78.42 20.8 28.4 -33.29 43.55 -13.62 0 -0 -18.24 -11.99 26.91 -5.49 7.12 -0 -0 10.79 -2.97 10.41
5.12 14.33 1.56 420.67 83.73 439.3 0 0 0 -4.52 1.59 -52.42 9.59 17.17 58.1 1.06 -10.95 -18.78 0.49 -4.47 -12.4 0 0 0 0.11 7.6 -59.69 -14.75 -19.33 74.48 -3.57 2.22 -35.29 -0.47 4.38 -12.15 -3.84 0.66 16.19 0.05 0.27 1.41 2.17 0.29 -7.6 5.51 2.64 -19.13 -10.04 3.58 8.53 -3.74 1.16 5.99 0 0 0 -72.18 -28.25 38.38 24.78 -35.98 -8.16 -0 0 -31.12 17.06 -27.39 -8.04 -7.12 0 -0 -7.81 1.75 7.64 0 0 0 78.55 19.91 28.64 -34.38 44.36 -14.38 0 -0 -18.56 -12.52 27.2 -5.8 7.12 -0 -0 10.49 -2.61 10.18
5.11 14.33 1.72 422.14 83.47 440.91 0 0 0 -4.28 1.42 -52.01 9.28 16.99 57.06 1.05 -10.24 -18.56 0.78 -5.63 -15.72 0 0 0 0.33 7.97 -59.88 -14.85 -19.35 74.79 -3.66 2.67 -35.67 -0.33 3.7 -10.24 -4.01 0.68 16.18 -0.09 0.26 1.42 2.12 0.29 -7.57 5.28 2.35 -19.27 -9.68 3.2 8.55 -3.63 0.99 5.98 0 0 0 -72.69 -27.94 38.64 24.4 -35.58 -7.94 -0 0 -31.29 17.29 -27.76 -8.25 -7.12 0 -0 -7.7 1.34 7.59 0 0 0 78.87 19.34 28.58 -35.44 45.12 -15.12 0 -0 -18.79 -12.75 26.66 -5.8 7.12 -0 -0 10.33 -3.12 9.91
5.11 14.35 1.86 425.09 83.32 443.71 0 0 0 -4.03 1.15 -50.99 8.86 16.72 55.62 0.96 -9.97 -17.76 0.72 -5.43 -15.15 0 0 0 0.79 8.02 -59.71 -14.87 -19.36 74.83 -3.69 1.81 -35.98 -0.38 3.96 -10.97 -3.94 0.65 16.26 -0.18 0.23 1.65 1.99 0.27 -7.38 5.15 2.3 -19.57 -9.7 3.17 8.64 -3.62 0.96 6.05 -0 -0 0 -73.48 -27.41 38.54 24.57 -35.77 -8.04 -0 0 -31.05 17.91 -27.71 -8.55 -7.12 0 -0 -7.33 1.29 7.22 -0 -0 0 79.06 18.9 28.68 -36.78 46.04 -16.08 0 -0 -19.17 -13.32 26.04 -5.93 7.12 -0 -0 9.95 -3.66 9.44
5.09 14.4 2.03 428.29 83.19 446.99 0 0 0 -3.81 0.84 -50.12 8.36 16.38 53.85 0.89 -9.2 -17.04 1.03 -6.44 -18.07 0 0 0 1.25 8.23 -59.57 -14.74 -19.32 74.46 -3.72 1.63 -36.2 -0.3 3.55 -9.8 -3.77 0.67 16.35 -0.34 0.28 1.69 1.71 0.29 -7.38 4.97 1.98 -19.3 -9.57 2.76 8.33 -3.59 0.78 5.87 -0 -0 0 -74.11 -26.63 38.51 25.37 -36.58 -8.51 -0 0 -31.31 17.82 -27.37 -8.4 -7.12 0 -0 -7.36 1.65 7.2 -0 -0 0 79.53 18.29 28.46 -38.14 46.93 -17.07 0 -0 -19.38 -13.37 26.29 -6.01 7.12 -0 -0 9.93 -3.41 9.47
5.07 14.44 2.19 434.79 83.11 453.5 0 0 0 -3.5 0.24 -49.28 7.86 16.02 52.06 0.76 -8.75 -15.8 1.16 -6.83 -19.22 0 0 0 1.77 8.08 -59.28 -14.66 -19.3 74.21 -3.77 1.58 -36.45 -0.21 2.96 -8.18 -3.56 0.65 16.52 -0.39 0.28 1.74 1.53 0.28 -7.42 4.62 1.71 -18.88 -9.46 2.46 7.96 -3.52 0.65 5.66 0 0 0 -75.16 -25.57 38.42 26.38 -37.58 -9.12 -0 0 -30.92 18.31 -28.25 -8.9 -7.12 0 -0 -7.15 0.68 7.12 0 0 0 79.81 17.57 28.4 -39.71 47.89 -18.22 0 -0 -20.03 -14.01 25.9 -6.22 7.12 -0 -0 9.52 -3.7 9.01
5.04 14.51 2.37 444.74 82.8 463.88 0 0 0 -3.39 -0.63 -48.96 7.28 15.56 49.92 0.61 -8.39 -14.28 1.29 -7.21 -20.33 0 0 0 2.21 7.58 -59.43 -14.46 -19.25 73.62 -3.75 0.86 -36.57 -0.19 2.84 -7.84 -3.54 0.53 16.34 -0.36 0.14 1.78 1.58 0.21 -7.26 4.61 1.43 -19.12 -9.78 2.12 7.94 -3.66 0.46 5.67 0 -0 0 -76.35 -24.74 38.48 27.41 -38.56 -9.75 -0 0 -30.19 17.62 -28.38 -8.58 -7.12 0 -0 -7.57 0.66 7.55 0 -0 0 79.98 16.8 28.1 -41.73 49.06 -19.74 0 -0 -20.6 -14.08 25.87 -6.24 7.12 -0 -0 9.48 -3.72 8.97
5.02 14.6 2.54 452.68 82.47 471.95 0 0 0 -3.34 -1.06 -48.51 6.76 15.13 47.97 0.41 -7.97 -11.94 0.79 -5.69 -15.88 0 0 0 2.84 7.19 -58.99 -14.16 -19.16 72.7 -3.77 0.27 -36.81 -0.15 2.53 -6.97 -3.25 0.58 16.81 -0.34 0.24 1.59 1.42 0.26 -7.73 4.58 1.52 -19.16 -9.92 2.29 8.33 -3.68 0.52 5.82 -0 -0 0 -77.77 -22.94 38.85 29.05 -40.06 -10.79 -0 0 -28.94 17.6 -28.72 -8.67 -7.12 0 -0 -7.62 0.32 7.64 -0 -0 0 80.02 16.09 27.89 -42.78 49.63 -20.53 0 -0 -21.04 -14.39 26.38 -6.5 7.12 -0 -0 9.33 -3.18 8.92
5.02 14.69 2.69 460.03 81.99 479.49 0 0 0 -3.84 -0.6 -48.81 6.42 14.83 46.65 0.28 -7.5 -10.14 0.61 -5 -13.89 0 0 0 3.28 6.88 -58.56 -13.87 -19.07 71.81 -3.78 0.15 -36.9 -0.06 1.61 -4.42 -3 0.65 16.59 -0.26 0.39 1.73 1.33 0.32 -7.47 4.36 1.42 -19.36 -9.57 2.19 8.63 -3.55 0.48 5.93 -0 -0 0 -79.12 -21.63 39.37 30.59 -41.39 -11.8 -0 0 -27.66 17.74 -29.32 -8.9 -7.12 0 -0 -7.6 -0.31 7.71 -0 -0 0 79.78 15.75 27.57 -44.45 50.5 -21.81 0 -0 -21.27 -14.53 26.22 -6.53 7.12 -0 -0 9.23 -3.31 8.8
5 14.75 2.8 467.91 81 487.41 0 0 0 -4.96 -0.36 -49.48 6.47 14.87 46.84 0.22 -7.38 -9.21 0.27 -3.32 -9.18 0 0 0 3.38 5.91 -58.19 -13.62 -19 71.05 -3.76 -0.21 -36.89 -0.06 1.57 -4.32 -2.68 0.56 16.24 -0.21 0.37 2.09 1.2 0.3 -6.89 4.32 1.4 -19.69 -9.36 2.12 8.54 -3.49 0.45 5.94 0 0 0 -80.4 -20.68 40.12 32.26 -42.76 -12.92 -0 0 -26.93 17.17 -30 -8.78 -7.12 0 -0 -8 -0.9 8.2 0 0 0 79.2 16 27.33 -45.79 51.15 -22.85 0 -0 -21.33 -14.83 25.6 -6.53 7.12 -0 -0 9.01 -3.9 8.48
4.97 14.78 2.87 473.74 80.75 493 0 0 0 -5.47 0.52 -50.41 7.18 15.48 49.54 0.2 -8.55 -9.28 0.14 -2.43 -6.7 0 0 0 3.96 5.64 -57.75 -13.47 -18.95 70.59 -3.71 -1 -36.89 -0.07 1.76 -4.85 -2 0.67 16.48 0.05 0.64 2.05 1.03 0.42 -7.07 4.51 1.69 -19.49 -9.13 2.45 8.73 -3.41 0.64 5.99 -0 -0 0 -81.43 -18.72 41.01 34.32 -44.32 -14.34 -0 0 -26.12 16.85 -30.27 -8.68 -7.12 0 -0 -8.21 -1.11 8.45 -0 -0 0 78.31 15.09 27.29 -47.55 51.96 -24.23 0 -0 -21.25 -14.7 25.76 -6.51 7.12 -0 -0 9.09 -3.75 8.59
4.93 14.8 2.92 476.58 80.19 495.47 0 0 0 -6.42 1.21 -50.88 8.31 16.34 53.66 0.2 -9.63 -9.84 0.08 -1.8 -4.96 0 0 0 3.86 5.4 -57.3 -13.4 -18.92 70.36 -3.63 -1.56 -36.66 -0.08 1.82 -5.01 -1.77 0.71 16.86 0.19 0.74 1.9 1.03 0.46 -7.44 4.77 2.07 -19.28 -8.97 2.9 9.26 -3.35 0.87 6.15 -0 0 0 -81.87 -16.04 41.96 36.68 -45.97 -16.01 -0 0 -25.39 16.62 -30.7 -8.66 -7.12 0 -0 -8.39 -1.51 8.7 -0 0 0 77.2 14.8 27.73 -48.07 52.19 -24.64 0 -0 -21.05 -14.79 25.63 -6.51 7.12 -0 -0 9.04 -3.87 8.51
4.9 14.8 2.92 478.79 79.9 497.25 0 0 0 -7 1.84 -51.02 9.69 17.23 58.44 0.27 -9.89 -10.84 0.11 -2.15 -5.93 0 0 0 3.75 5.59 -56.74 -13.37 -18.91 70.28 -3.6 -2.26 -36.79 -0.1 2.02 -5.55 -1.43 0.75 16.29 0.29 0.89 2.47 0.92 0.53 -6.52 4.98 2.35 -19.57 -8.43 3.11 9.06 -3.19 1.02 6.14 0 -0 0 -81.5 -14.78 43.21 38.57 -47.2 -17.38 -0 0 -25 16.29 -30.82 -8.52 -7.12 0 -0 -8.59 -1.57 8.92 0 -0 0 75.98 15.79 28.2 -48.21 52.25 -24.75 0 -0 -21.03 -15.27 26.13 -6.85 7.12 -0 -0 8.78 -3.3 8.36
4.84 14.81 2.9 480.76 79.59 498.99 0 0 0 -7.43 2.2 -50.72 10.95 17.91 62.6 0.36 -9.43 -11.74 0.15 -2.54 -6.99 0 0 0 3.54 5.62 -56.47 -13.32 -18.89 70.11 -3.57 -2.52 -36.72 -0.08 1.83 -5.04 -1.36 0.86 16.53 0.42 1.06 2.3 0.98 0.61 -6.84 5.46 2.89 -19.52 -8.27 3.69 9.2 -3.15 1.33 6.23 -0 -0 0 -80.72 -12.73 44.84 40.54 -48.39 -18.84 -0 0 -24.21 15.56 -31.18 -8.2 -7.12 0 -0 -9.04 -1.8 9.44 -0 -0 0 74.67 15.65 28.78 -48.51 52.38 -24.99 0 -0 -21.04 -15.51 25.64 -6.85 7.12 -0 -0 8.6 -3.76 8.11
4.79 14.83 2.86 482.25 79.32 500.41 0 0 0 -7.72 2.25 -49.97 11.77 18.29 65.26 0.28 -8.86 -10.48 0.04 -1.32 -3.64 0 0 0 3.18 5.64 -56.32 -13.21 -18.86 69.77 -3.43 -3.19 -36.26 -0.09 1.9 -5.24 -1.44 0.98 16.77 0.49 1.18 1.99 1.07 0.67 -7.31 6.03 3.37 -19.42 -8.14 4.17 9.28 -3.14 1.59 6.28 0 0 0 -78.92 -10.6 47.46 42.22 -49.33 -20.11 -0 0 -23.96 15.52 -31.05 -8.15 -7.12 0 -0 -9.05 -1.67 9.43 0 0 0 73.48 15.49 29.36 -48.22 52.25 -24.76 0 -0 -21.25 -14.93 25.71 -6.6 7.12 -0 -0 8.95 -3.77 8.45
4.74 14.85 2.8 484.33 79.1 502.45 0 0 0 -7.78 2.09 -48.59 11.98 18.38 65.93 0.22 -7.83 -9.28 0.21 -2.93 -8.09 0 0 0 2.91 5.68 -56.09 -13.06 -18.8 69.3 -3.36 -3.57 -36.06 -0.11 2.13 -5.86 -1.51 1.13 16.44 0.55 1.38 2.12 1.12 0.77 -7 6.4 3.94 -19.67 -8.03 4.81 9.17 -3.09 1.92 6.33 -0 -0 0 -76.14 -9.77 51.25 43.69 -50.11 -21.23 -0 0 -24.28 16.19 -30.79 -8.45 -7.12 0 -0 -8.64 -1.52 8.97 -0 -0 0 72.41 15.7 29.49 -48.01 52.16 -24.59 0 -0 -21.48 -15.58 25.81 -6.92 7.12 -0 -0 8.57 -3.57 8.11
4.7 14.89 2.7 489.5 78.31 506.82 0 0 0 -7.82 1.23 -45.91 11.54 18.19 64.52 0.22 -7.94 -9.31 0.21 -2.93 -8.08 0 0 0 2.86 4.6 -54.81 -12.85 -18.73 68.67 -3.34 -3.65 -35.99 -0.12 2.21 -6.08 -1.24 0.93 16.82 0.65 1.19 2.35 1.12 0.67 -6.95 6.82 4.33 -19.82 -8.19 5.24 9.07 -3.16 2.12 6.37 0 0 0 -73.03 -9.27 55.37 44.59 -50.57 -21.92 -0 0 -24.63 15.8 -30.92 -8.27 -7.12 0 -0 -8.88 -1.58 9.23 0 0 0 71.6 15.33 29.3 -47.95 52.14 -24.55 0 -0 -21.64 -15.07 25.46 -6.6 7.12 -0 -0 8.85 -4 8.31
4.62 14.88 2.58 492.3 78.25 509.71 0 0 0 -7.89 0.94 -44.48 10.91 17.89 62.49 0.25 -7.96 -9.85 0.11 -2.14 -5.9 0 0 0 2.64 4.34 -55.02 -12.77 -18.7 68.41 -3.27 -3.57 -35.59 -0.12 2.23 -6.13 -1.12 1.19 17.11 0.68 1.54 2.02 0.99 0.84 -7.47 7.28 4.64 -19.69 -8.51 5.6 9.15 -3.3 2.29 6.43 -0 -0 0 -69.64 -8.78 60.33 45.71 -51.11 -22.79 -0 0 -25.55 15.53 -30.98 -8.14 -7.12 0 -0 -9.04 -1.6 9.41 -0 -0 0 70.85 14.52 28.81 -47.75 52.05 -24.39 0 -0 -22.15 -14.63 25.42 -6.39 7.12 -0 -0 9.11 -4.11 8.55
4.54 14.88 2.44 494.78 78.25 512.27 0 0 0 -8.37 0.96 -43.16 10.09 17.46 59.8 0.46 -8.48 -12.56 0.79 -5.66 -15.79 0 0 0 2.38 4.08 -55.26 -12.69 -18.67 68.17 -3.15 -3.92 -35.1 -0.14 2.44 -6.72 -1.29 1.47 16.81 0.75 1.89 2.06 1.1 1.01 -7.28 7.58 4.85 -19.61 -8.74 5.82 8.84 -3.4 2.4 6.35 -0 0 0 -66.61 -8.65 64.58 47.28 -51.84 -24.02 -0 0 -25.95 15.79 -31.12 -8.32 -7.12 0 -0 -8.9 -1.78 9.29 -0 0 0 70.11 13.96 28.41 -47.34 51.86 -24.06 0 -0 -22.82 -15.11 25.21 -6.56 7.12 -0 -0 8.81 -4.25 8.23
4.42 14.85 2.26 493.93 77.96 512.05 0 0 0 -10.12 0.95 -43.02 9.71 17.24 58.5 0.8 -8.53 -16.19 1.25 -7.09 -19.98 0 0 0 0.98 3.58 -56.54 -12.72 -18.68 68.24 -2.94 -4.44 -34.21 -0.21 2.96 -8.18 -2 1.77 16.54 0.54 2.13 1.85 1.23 1.14 -7.38 7.95 5.04 -19.66 -9.25 6.06 8.86 -3.59 2.49 6.42 0 0 0 -63.94 -8.49 67.97 49.55 -52.81 -25.81 -0 0 -26.48 15.35 -30.77 -7.99 -7.12 0 -0 -9.12 -1.36 9.46 0 0 0 69.47 13.43 27.91 -46.41 51.44 -23.34 0 -0 -23.34 -14.94 26.07 -6.69 7.12 -0 -0 8.97 -3.41 8.53
4.31 14.85 2.06 496.6 77.94 514.91 0 0 0 -11.33 1.47 -43.04 9.37 17.04 57.37 1.17 -8.75 -19.38 0.97 -6.28 -17.61 0 0 0 0.4 3.53 -56.78 -12.59 -18.63 67.84 -2.77 -5.26 -33.61 -0.27 3.34 -9.22 -2.05 1.91 16.44 0.52 2.29 1.67 1.19 1.22 -7.54 7.93 5.18 -19.36 -9.33 6.28 8.81 -3.59 2.59 6.38 -0 0 0 -61.94 -8.54 70.48 50.85 -53.33 -26.86 -0 0 -27.64 13.16 -31.05 -6.88 -7.12 0 -0 -10.39 -1.29 10.8 -0 0 0 69.29 12.7 27.46 -46.05 51.27 -23.05 0 -0 -23.64 -14.33 25.28 -6.22 7.12 -0 -0 9.29 -4.28 8.69
4.2 14.84 1.83 498.71 77.7 516.95 0 0 0 -12.95 1.81 -43.29 9.21 16.94 56.82 1.54 -7.62 -22.2 0.85 -5.88 -16.43 0 0 0 -0.49 3.28 -56.58 -12.43 -18.57 67.36 -2.71 -5.14 -33.23 -0.21 2.97 -8.21 -2.18 1.97 16.6 0.44 2.34 1.71 1.17 1.25 -7.58 7.73 5.3 -19.74 -9.33 6.5 9.23 -3.53 2.68 6.59 0 0 0 -60.65 -8.89 72.15 51.92 -53.74 -27.71 -0 0 -27.36 13.39 -31.07 -7 -7.12 0 -0 -10.27 -1.35 10.68 0 0 0 69.01 12.77 26.94 -44.83 50.69 -22.11 0 -0 -23.86 -13.94 24.87 -5.96 7.12 -0 -0 9.5 -4.75 8.81
4.09 14.85 1.61 502.37 77.72 520.43 0 0 0 -13.77 1.91 -43.58 9.16 16.91 56.66 1.81 -7.9 -24.13 0.25 -3.24 -8.94 0 0 0 -0.8 3.35 -56.17 -12.18 -18.47 66.56 -2.54 -6.09 -32.7 -0.34 3.72 -10.29 -2.28 2.1 16.51 0.49 2.5 1.86 1.25 1.33 -7.38 7.46 5.12 -19.86 -9.18 6.29 9.17 -3.46 2.58 6.55 -0 -0 0 -60.07 -9.15 72.46 53.16 -54.19 -28.72 -0 0 -26.97 13.06 -31.21 -6.85 -7.12 0 -0 -10.47 -1.44 10.91 -0 -0 0 69.28 12.46 26.09 -43.95 50.24 -21.43 0 -0 -23.27 -14.2 24.89 -6.08 7.12 -0 -0 9.34 -4.69 8.67
3.98 14.87 1.35 507.25 77.96 525 0 0 0 -13.92 1.62 -43.49 9.12 16.88 56.49 2.08 -7.24 -25.96 0.45 -4.29 -11.9 0 0 0 -0.7 3.13 -55.63 -11.81 -18.31 65.39 -2.31 -6.89 -31.79 -0.42 4.16 -11.54 -2.07 2.18 16.48 0.64 2.67 2.03 1.25 1.41 -7.18 7.13 4.69 -19.29 -9.14 5.79 8.62 -3.46 2.35 6.23 -0 -0 0 -60.57 -9.3 71.52 53.57 -54.34 -29.05 -0 0 -25.71 11.9 -31.02 -6.2 -7.12 0 -0 -11.11 -1.07 11.54 -0 -0 0 69.83 12.3 25.03 -43.03 49.76 -20.72 0 -0 -23.03 -13.83 24.45 -5.82 7.12 -0 -0 9.55 -5.18 8.77
3.87 14.88 1.09 508.82 78.28 526.41 0 0 0 -14.51 1.22 -43.2 9 16.81 56.1 2.28 -7.1 -27.19 0.5 -4.54 -12.61 0 0 0 -1.32 3.03 -55.23 -11.45 -18.15 64.25 -2.07 -7.24 -30.56 -0.47 4.42 -12.25 -2.65 2.34 16.72 0.51 2.76 2 1.41 1.47 -7.37 6.78 4.05 -19.87 -8.64 4.94 9.06 -3.33 1.94 6.37 0 0 0 -61.75 -9.16 69.29 53.92 -54.46 -29.34 -0 0 -25.37 11.35 -30.47 -5.81 -7.12 0 -0 -11.38 -0.45 11.71 0 0 0 70.81 12.19 24.14 -41.67 49.03 -19.69 0 -0 -22.8 -13.9 25.13 -6 7.12 -0 -0 9.54 -4.49 8.89
3.75 14.91 0.84 510.58 78.67 528.26 0 0 0 -15.12 1.11 -43.85 9.16 16.91 56.64 2.31 -7.63 -27.38 0.24 -3.15 -8.7 0 0 0 -1.85 2.98 -55.09 -11.06 -17.96 62.98 -1.78 -7.8 -29 -0.52 4.6 -12.77 -3.33 2.42 16.77 0.48 2.74 1.99 1.76 1.48 -7.44 5.8 3.18 -20.14 -7.92 3.92 9.33 -3.06 1.46 6.38 -0 0 0 -63.83 -8.8 65.97 53.65 -54.37 -29.12 -0 0 -24.22 12.41 -31.19 -6.5 -7.12 0 -0 -10.84 -1.32 11.28 -0 0 0 71.73 12.4 23.32 -40.23 48.2 -18.61 0 -0 -22.64 -13.63 25.39 -5.94 7.12 -0 -0 9.72 -4.26 9.11
3.65 14.98 0.61 515.16 79.21 532.72 0 0 0 -15.18 1.41 -44.2 9.14 16.9 56.58 2.33 -8.02 -27.46 0.12 -2.27 -6.26 0 0 0 -1.65 3.2 -54.62 -10.65 -17.76 61.64 -1.56 -8.14 -27.78 -0.37 3.9 -10.81 -3.59 2.44 16.72 0.52 2.73 2.17 1.97 1.48 -7.24 4.91 2.29 -20.09 -7.03 2.82 9.08 -2.75 0.98 6.18 0 0 0 -65.93 -8.53 62.02 54.24 -54.57 -29.59 -0 0 -24.01 13.01 -30.47 -6.68 -7.12 0 -0 -10.43 -0.7 10.74 0 0 0 73 12.73 22.35 -39.58 47.82 -18.13 0 -0 -22.83 -13.18 25.23 -5.7 7.12 -0 -0 9.99 -4.48 9.32
3.54 15.01 0.38 517.97 80.43 535.3 0 0 0 -15.41 2.12 -44.3 9.17 16.92 56.68 2.43 -8.06 -28.07 0.07 -1.65 -4.54 0 0 0 -1.46 3.55 -55.12 -10.55 -17.71 61.3 -1.16 -9.3 -25.67 -0.39 4.01 -11.11 -4.03 2.54 17.12 0.39 2.76 2.21 2.06 1.51 -7.43 4.19 1.17 -20.03 -6.42 1.41 9 -2.59 0.32 6.05 -0 -0 0 -68.38 -7.98 57.07 55.01 -54.83 -30.22 -0 0 -23.78 13.26 -30.64 -6.85 -7.12 0 -0 -10.3 -0.9 10.64 -0 -0 0 74.33 13.29 21.98 -38.99 47.46 -17.69 0 -0 -22.91 -11.86 25.48 -5.16 7.12 -0 -0 10.8 -4.41 10.12
3.44 15.05 0.17 518.53 81.69 536.03 0 0 0 -16.03 2.61 -44.85 9.21 16.94 56.81 2.48 -7.7 -28.39 0.05 -1.45 -3.98 0 0 0 -1.59 3.71 -56.75 -10.58 -17.72 61.41 -0.69 -10.88 -23.12 -0.15 2.49 -6.86 -4.82 2.53 17.17 0.19 2.59 2.37 2.33 1.44 -7.3 3.08 0.21 -20.54 -5.61 0.3 9.04 -2.27 -0.2 6.07 -0 0 0 -70.9 -7.42 51.64 56.89 -55.42 -31.77 -0 0 -23.77 15 -30.42 -7.73 -7.12 0 -0 -9.29 -0.95 9.57 -0 0 0 75.56 14.32 21.79 -39.1 47.53 -17.78 0 -0 -22.32 -11.83 25.37 -5.13 7.12 -0 -0 10.81 -4.52 10.11
3.35 15.1 -0.02 520.3 83.48 537.68 0 0 0 -16.32 3.51 -44.96 9.17 16.92 56.69 2.56 -7.72 -28.88 0 -0.05 -0.13 0 0 0 -1.2 4.28 -57.81 -10.45 -17.66 61 -0.54 -10.31 -21.17 -0.03 1.16 -3.19 -5.52 2.57 17.42 0.02 2.48 2.27 2.55 1.42 -7.55 2.5 -0.62 -19.87 -5.31 -0.7 8.83 -2.18 -0.67 5.86 0 0 0 -73.24 -6.5 46.41 58.81 -55.98 -33.35 -0 0 -24.58 15.89 -29.09 -7.88 -7.12 0 -0 -8.65 0.23 8.72 0 0 0 76.75 14.86 22.42 -39.29 47.64 -17.91 0 -0 -21.91 -10.85 25.92 -4.79 7.12 -0 -0 11.43 -4.1 10.8
3.27 15.09 -0.17 515.69 85.82 533.61 0 0 0 -17 4.65 -46.17 9.36 17.03 57.32 2.67 -7.03 -29.56 0 0.12 0.34 0 0 0 -1.65 5.95 -59.42 -10.12 -17.48 59.9 -0.62 -7.86 -19.72 -0.19 2.82 -7.78 -6.77 2.77 16.73 -0.32 2.53 2.26 2.91 1.46 -7.22 1.69 -1.17 -19.66 -4.54 -1.34 8.9 -1.87 -0.95 5.83 0 -0 0 -75.1 -6.35 41.59 60.53 -56.45 -34.78 -0 0 -26.75 18.34 -28.8 -9.07 -7.12 0 -0 -7.19 0.11 7.24 0 -0 0 77.87 16.23 23.26 -39.41 47.71 -18 0 -0 -21.4 -9.94 26.44 -4.46 7.12 -0 -0 11.99 -3.69 11.45
3.2 15.09 -0.29 523.31 87.02 541.26 0 0 0 -16.64 4.76 -46.74 9.61 17.18 58.17 2.76 -6.42 -30.18 0.01 0.74 2.03 0 0 0 -1.31 7.24 -59.48 -9.37 -17.04 57.35 -0.88 -3.13 -19.15 -0.54 4.69 -13.02 -6.99 2.47 16.87 -0.37 2.06 1.99 3.08 1.25 -7.55 0.96 -1.76 -18.8 -3.81 -2.04 9.1 -1.58 -1.25 5.75 0 -0 0 -76.48 -5.89 37.51 62.2 -56.87 -36.18 -0 0 -29.39 20.02 -27.81 -9.65 -7.12 0 -0 -6.09 0.82 6.04 0 -0 0 79.19 16.89 23.89 -39.94 48.03 -18.39 0 -0 -20.16 -9.95 26.1 -4.41 7.12 -0 -0 11.97 -4.03 11.36
3.18 15.09 -0.39 508.64 87.87 525.9 0 0 0 -17.42 5.22 -45.92 9.65 17.21 58.31 2.85 -5.75 -30.75 0.02 0.86 2.35 0 0 0 -2.23 8.71 -58.19 -8.52 -16.49 54.41 -1.01 0.04 -19 -0.87 5.94 -16.61 -7.88 2.16 17.61 -0.76 1.41 2.12 3.31 0.97 -7.76 0.64 -2.05 -18.76 -3.51 -2.39 9.42 -1.47 -1.42 5.84 0 0 0 -77.19 -6.23 33.82 63.12 -57.09 -36.95 -0 0 -32.08 21.07 -26.94 -9.9 -7.12 0 -0 -5.37 1.52 5.25 0 0 0 80.49 18 24.34 -40.44 48.33 -18.76 0 -0 -19.18 -10.21 26.1 -4.53 7.12 -0 -0 11.82 -3.99 11.21
3.16 15.08 -0.44 499.84 89.28 517.02 0 0 0 -17.17 6.05 -46.19 9.79 17.29 58.78 2.95 -6.12 -31.27 0.14 2.38 6.56 0 0 0 -2.17 10.89 -57.65 -7.77 -15.95 51.74 -0.85 0.9 -17.11 -1.69 8.18 -23.27 -7.76 1.93 17.67 -1.14 1.11 2.25 2.9 0.81 -7.6 0.76 -2.25 -19.99 -3.31 -2.69 10.36 -1.49 -1.56 6.33 0 -0 0 -76.53 -7.37 31.31 63.04 -57.07 -36.89 -0 0 -34.45 22.48 -26.52 -10.47 -7.12 0 -0 -4.47 1.69 4.35 0 -0 0 82.15 19.51 24.6 -40.86 48.57 -19.08 0 -0 -19.11 -10.17 26.04 -4.5 7.12 -0 -0 11.84 -4.05 11.22
3.19 15.09 -0.48 361.79 89.1 378.45 0 0 0 -17.13 7.55 -45.65 9.8 17.29 58.81 3.01 -5.97 -31.6 0.14 2.4 6.6 0 0 0 -2.09 13 -56.64 -7.42 -15.68 50.45 -0.64 0.76 -14.83 -1.32 7.27 -20.53 -7.99 1.86 17.89 -1.36 0.94 2.3 2.83 0.74 -7.64 0.48 -2.43 -19.57 -2.82 -2.94 10.24 -1.3 -1.64 6.23 0 0 0 -75.73 -7.74 29.38 63.09 -57.08 -36.93 -0 0 -36.36 22 -26.07 -10.07 -7.12 0 -0 -4.71 2.24 4.54 0 0 0 83.52 20.45 24.92 -41.53 48.95 -19.58 0 -0 -19.49 -10.55 26.06 -4.68 7.12 -0 -0 11.61 -3.99 11.01
3.21 15.06 -0.47 361.47 88.44 378.39 0 0 0 -17.32 8.03 -46.12 9.88 17.34 59.08 3.03 -5.65 -31.75 0.11 2.14 5.9 0 0 0 -2.51 13.96 -57.06 -7.52 -15.75 50.81 -0.54 -1.19 -14.33 -1.09 6.64 -18.65 -8.15 1.48 17.5 -1.6 0.43 2.18 2.79 0.49 -7.51 0.23 -2.57 -19.09 -2.49 -3.13 10.04 -1.17 -1.71 6.1 0 -0 0 -74.53 -8.58 27.96 62.14 -56.85 -36.13 -0 0 -36.44 22.58 -26.12 -10.38 -7.12 0 -0 -4.37 2.08 4.22 0 -0 0 84.75 20.56 25.12 -43.3 49.91 -20.93 0 -0 -19.97 -11.28 26.59 -5.1 7.12 -0 -0 11.2 -3.38 10.73
3.24 15.04 -0.43 369.52 87.96 386.38 0 0 0 -17.56 8.5 -46.08 9.95 17.38 59.33 3.05 -5.43 -31.91 0.05 1.51 4.14 0 0 0 -2.93 14.57 -57.23 -7.64 -15.85 51.27 -0.54 -0.89 -14.22 -1.11 6.69 -18.81 -8.58 1.24 17.75 -1.78 -0.02 2.07 2.93 0.29 -7.72 -0.19 -2.78 -18.91 -1.94 -3.38 9.96 -0.95 -1.8 6.05 -0 0 0 -73.02 -9.71 27.3 60.39 -56.41 -34.67 -0 0 -36.29 22.77 -26.42 -10.58 -7.12 0 -0 -4.29 1.73 4.17 -0 0 0 85.29 20.97 25.49 -44.71 50.63 -22.02 0 -0 -20.59 -12.05 26.53 -5.45 7.12 -0 -0 10.73 -3.34 10.28
3.29 15 -0.38 367.09 87.24 384.04 0 0 0 -17.55 9.55 -46.48 10.1 17.47 59.82 3.08 -5.51 -32.09 0.02 1 2.75 0 0 0 -2.95 15.31 -57.67 -7.76 -15.94 51.68 -0.5 -1.72 -14.1 -1.26 7.13 -20.09 -8.8 1.13 17.67 -1.79 -0.2 2.04 3.09 0.21 -7.68 -0.47 -3.18 -19.04 -1.81 -3.86 9.69 -0.91 -2.04 5.99 -0 0 0 -71.88 -10.89 26.55 59.11 -56.07 -33.6 -0 0 -35.88 23.41 -26.63 -10.98 -7.12 0 -0 -3.93 1.39 3.85 -0 0 0 85.47 21.61 25.84 -45.88 51.19 -22.92 0 -0 -20.7 -13.01 26.55 -5.9 7.12 -0 -0 10.16 -3.2 9.73
3.34 14.98 -0.3 363.09 87.11 379.95 0 0 0 -16.99 9.98 -46.4 10.19 17.52 60.13 3.09 -5.15 -32.16 0 0.17 0.48 0 0 0 -2.32 15.51 -57.88 -7.94 -16.08 52.35 -0.53 -1.72 -14.47 -1.19 6.91 -19.45 -8.64 0.84 17.56 -1.65 -0.51 2.2 3.23 0.05 -7.41 -0.92 -3.42 -18.53 -1.47 -4.14 9.05 -0.74 -2.16 5.72 0 0 0 -70.74 -12.53 25.77 56.82 -55.4 -31.71 -0 0 -35.6 23.7 -27.18 -11.34 -7.12 0 -0 -3.83 0.75 3.79 0 0 0 85.41 22.16 26.47 -47.34 51.86 -24.07 0 -0 -20.99 -13.35 26.67 -6.08 7.12 -0 -0 9.97 -3.03 9.57
3.41 14.95 -0.21 364.9 86.76 381.84 0 0 0 -16.78 10.4 -46.4 10.27 17.56 60.4 3.09 -4.92 -32.21 0 0.07 0.2 0 0 0 -2.16 15.74 -58.43 -8.25 -16.3 53.46 -0.64 -1.03 -15.49 -0.78 5.65 -15.77 -8.69 0.72 17.73 -1.65 -0.71 2.03 3.31 -0.04 -7.67 -0.74 -3.81 -18.52 -1.62 -4.68 9.16 -0.87 -2.43 5.74 -0 -0 0 -69.6 -13.38 25.27 55.37 -54.94 -30.52 -0 0 -35.36 24.55 -26.96 -11.7 -7.12 0 -0 -3.29 0.81 3.25 -0 -0 0 85.3 22.25 26.82 -48.47 52.36 -24.96 0 -0 -20.86 -13.63 26.52 -6.18 7.12 -0 -0 9.79 -3.14 9.38
3.48 14.93 -0.1 364.01 86.43 380.94 0 0 0 -16.35 10.9 -46.14 10.31 17.58 60.52 3.14 -5.31 -32.41 0 0.45 1.23 0 0 0 -1.67 15.84 -58.87 -8.55 -16.51 54.51 -0.69 -0.46 -15.82 -0.81 5.75 -16.05 -8.45 0.52 17.47 -1.6 -0.9 2.11 3.26 -0.14 -7.41 -1.29 -4.01 -18.28 -0.94 -4.91 8.95 -0.58 -2.5 5.66 0 -0 0 -68.47 -14.63 24.59 53.44 -54.29 -28.94 -0 0 -35.11 25.88 -27.37 -12.57 -7.12 0 -0 -2.57 0.09 2.57 0 -0 0 85.24 23 27.44 -48.99 52.58 -25.37 0 -0 -20.91 -13.54 26.47 -6.12 7.12 -0 -0 9.84 -3.21 9.42
3.57 14.89 0.01 367.48 86.04 384.29 0 0 0 -16.14 11.58 -45.76 10.35 17.6 60.66 3.13 -5.18 -32.36 0 -0.39 -1.07 0 0 0 -1.45 15.97 -59.17 -8.84 -16.71 55.55 -0.71 -0.12 -15.97 -1.04 6.49 -18.2 -8.54 0.42 17.76 -1.48 -1.07 2 3.5 -0.21 -7.67 -1.5 -4.21 -17.91 -0.96 -5.13 8.68 -0.57 -2.62 5.52 -0 -0 0 -67.9 -15.21 23.98 52.22 -53.85 -27.96 -0 0 -35.17 27.02 -27.65 -13.32 -7.12 0 -0 -1.93 -0.47 1.95 -0 -0 0 84.95 23.38 27.96 -49.64 52.85 -25.88 0 -0 -20.97 -13.55 26.52 -6.14 7.12 -0 -0 9.84 -3.16 9.42
3.65 14.88 0.13 370.57 85.35 387.36 0 0 0 -16.11 12.19 -45.13 10.26 17.55 60.34 3.15 -5.61 -32.43 0 -0.11 -0.31 0 0 0 -1.2 16 -59.49 -9.07 -16.85 56.34 -0.76 0.53 -16.35 -1.05 6.53 -18.32 -8.61 0.36 17.68 -1.53 -1.16 2.08 3.5 -0.26 -7.53 -1.24 -4.39 -18.7 -1.05 -5.4 9.27 -0.69 -2.75 5.83 -0 -0 0 -67.08 -16.28 23.3 50.46 -53.18 -26.54 -0 0 -35.04 28.33 -27.97 -14.19 -7.12 0 -0 -1.22 -1.11 1.24 -0 -0 0 85 24.07 28.33 -50.25 53.1 -26.38 0 -0 -21.1 -13.2 26.48 -5.97 7.12 -0 -0 10.04 -3.24 9.61
3.73 14.89 0.25 373.49 84.8 390.39 0 0 0 -16.04 12.59 -44.69 10.13 17.48 59.92 3.13 -5.51 -32.35 0 -0.34 -0.94 0 0 0 -1.21 16.26 -59.79 -9.31 -17 57.16 -0.85 1.56 -16.96 -0.64 5.12 -14.25 -8.8 0.19 17.62 -1.42 -1.41 2 3.78 -0.37 -7.54 -1.45 -4.67 -18.59 -1.03 -5.73 9.11 -0.68 -2.92 5.76 -0 -0 0 -66.47 -16.81 22.46 48.81 -52.5 -25.23 -0 0 -35.76 29.08 -28.57 -14.9 -7.12 0 -0 -0.88 -1.94 0.91 -0 -0 0 84.9 24.78 29.11 -50.51 53.2 -26.58 0 -0 -21.2 -13.28 26.35 -5.98 7.12 -0 -0 9.99 -3.35 9.54
3.82 14.88 0.37 373.61 84.29 390.8 0 0 0 -15.85 13.02 -44.39 9.98 17.4 59.41 3.11 -4.88 -32.31 0.05 -1.44 -3.95 0 0 0 -0.8 16.46 -60.27 -9.5 -17.12 57.79 -0.88 1.56 -17.29 -1.03 6.45 -18.09 -8.73 0.09 17.51 -1.22 -1.51 1.86 3.99 -0.42 -7.62 -1.84 -5.18 -17.72 -0.68 -6.39 8.15 -0.53 -3.22 5.35 0 -0 0 -66.14 -17.12 21.86 47.31 -51.85 -24.04 -0 0 -36.06 29.72 -28.61 -15.29 -7.12 0 -0 -0.52 -2.15 0.54 0 -0 0 84.81 25.2 29.5 -50.67 53.26 -26.71 0 -0 -21.08 -13.01 26.49 -5.89 7.12 -0 -0 10.16 -3.26 9.72
3.9 14.89 0.49 373.86 83.86 391.28 0 0 0 -15.55 13.1 -43.8 9.76 17.27 58.67 3.04 -4.46 -32.01 0.06 -1.56 -4.3 0 0 0 -0.45 16.71 -60.46 -9.62 -17.19 58.22 -0.95 2.14 -17.79 -0.61 5.01 -13.94 -8.51 -0.06 17.4 -1.1 -1.66 1.86 4.03 -0.5 -7.55 -1.72 -5.37 -17.41 -0.91 -6.64 7.57 -0.63 -3.36 5.1 0 0 0 -65.64 -17.76 21.31 45.25 -50.89 -22.43 -0 0 -36.25 29.72 -28.74 -15.35 -7.12 0 -0 -0.55 -2.29 0.57 0 0 0 84.85 26 29.95 -50.56 53.22 -26.62 0 -0 -20.99 -13 26.3 -5.84 7.12 -0 -0 10.15 -3.44 9.68
3.98 14.91 0.61 375.12 83.43 392.87 0 0 0 -15.43 12.97 -43.16 9.51 17.13 57.85 3.04 -4.41 -32 0.04 -1.21 -3.33 0 0 0 -0.25 16.87 -60.77 -9.76 -17.27 58.69 -0.99 2.53 -18.11 -0.54 4.69 -13.03 -8.49 -0.17 17.6 -0.92 -1.83 1.64 4.25 -0.56 -7.87 -2.06 -6.08 -16.7 -0.78 -7.55 6.59 -0.58 -3.8 4.7 0 0 0 -65.28 -18.04 21.05 43.27 -49.89 -20.91 -0 0 -36 29.19 -28.68 -15.01 -7.12 0 -0 -0.84 -2.09 0.87 0 0 0 84.73 26.56 30.45 -50.14 53.05 -26.29 0 -0 -20.96 -13 26.31 -5.84 7.12 -0 -0 10.16 -3.43 9.69
4.05 14.92 0.72 376.5 82.99 394.57 0 0 0 -15.5 13.24 -42.77 9.27 16.98 57.03 3 -3.66 -31.94 0.08 -1.88 -5.16 0 0 0 -0.16 17.15 -61.02 -9.88 -17.34 59.07 -1.05 2.78 -18.64 -0.46 4.37 -12.11 -8.21 -0.34 17.15 -0.93 -1.95 1.77 4.1 -0.65 -7.48 -2.05 -6.13 -17.85 -0.46 -7.63 7.62 -0.54 -3.82 5.22 0 0 0 -64.67 -18.28 21.08 41.78 -49.09 -19.78 -0 0 -35.62 28.69 -28.98 -14.85 -7.12 0 -0 -1.18 -2.28 1.23 0 0 0 84.97 27.56 30.83 -49.53 52.8 -25.8 0 -0 -20.83 -12.88 26.36 -5.8 7.12 -0 -0 10.23 -3.4 9.76
4.11 14.93 0.83 378.78 82.83 397.04 0 0 0 -15.47 13.12 -42.17 9.01 16.82 56.13 2.97 -3.05 -31.88 0.12 -2.26 -6.23 0 0 0 -0.05 17.17 -61.2 -10 -17.41 59.5 -1.1 2.95 -19.07 -0.51 4.57 -12.68 -7.88 -0.56 17.32 -0.85 -2.18 1.71 4.05 -0.77 -7.61 -1.88 -6.41 -16.31 -0.84 -8.02 5.83 -0.63 -4.03 4.39 0 0 0 -64.34 -18.78 21.19 39.31 -47.66 -17.93 -0 0 -34.06 27.06 -29.05 -13.93 -7.12 0 -0 -2.14 -1.95 2.21 0 0 0 84.97 28.18 31.27 -48.92 52.55 -25.32 0 -0 -20.42 -13.22 26.12 -5.91 7.12 -0 -0 10.01 -3.6 9.51
4.18 14.94 0.93 379.59 82.52 398.15 0 0 0 -15.42 13.15 -41.73 8.78 16.66 55.33 2.92 -2.9 -31.64 0.1 -2.05 -5.64 0 0 0 0.01 17.48 -61.39 -10.07 -17.45 59.71 -1.14 3.09 -19.38 -0.44 4.27 -11.83 -7.92 -0.52 17.7 -0.41 -2.16 1.46 4.57 -0.72 -8.07 -2.78 -6.39 -17.07 -0.17 -7.86 6.77 -0.32 -3.93 4.87 -0 0 0 -64.92 -18.95 21.64 37.32 -46.4 -16.47 -0 0 -31.7 24.59 -28.41 -12.28 -7.12 0 -0 -3.48 -0.72 3.53 -0 0 0 84.36 28.57 31.35 -48.08 52.19 -24.65 0 -0 -19.98 -12.59 26.38 -5.67 7.12 -0 -0 10.4 -3.42 9.93
4.25 14.96 1.04 382.51 82.32 401.31 0 0 0 -15.54 12.96 -41.11 8.54 16.5 54.48 2.89 -2.38 -31.58 0.11 -2.12 -5.83 0 0 0 -0.11 17.64 -61.54 -10.18 -17.51 60.1 -1.2 3.12 -19.89 -0.36 3.85 -10.66 -8.02 -0.58 17.64 -0.28 -2.26 1.43 4.79 -0.76 -8.05 -2.92 -6.71 -17.25 0.07 -8.28 6.82 -0.27 -4.12 4.93 0 -0 0 -65.18 -18.75 21.75 36.23 -45.67 -15.69 -0 0 -29.49 20.73 -27.57 -9.93 -7.12 0 -0 -5.64 0.94 5.58 0 -0 0 84.33 29.13 31.46 -47.3 51.85 -24.04 0 -0 -19.6 -12.69 26.42 -5.72 7.12 -0 -0 10.35 -3.37 9.89
4.32 14.97 1.14 383.19 82.27 402.42 0 0 0 -15.38 13.03 -40.93 8.32 16.35 53.69 2.82 -2.27 -31.24 0.14 -2.38 -6.55 0 0 0 0.02 17.96 -61.74 -10.25 -17.55 60.34 -1.27 3.06 -20.52 -0.41 4.1 -11.37 -7.62 -0.73 17 -0.23 -2.3 1.65 4.59 -0.83 -7.47 -3.41 -6.95 -18 0.66 -8.53 7.32 -0.08 -4.21 5.26 -0 -0 0 -65.19 -19.1 22.01 35.02 -44.82 -14.83 -0 0 -29.16 17.27 -27.76 -8.24 -7.12 0 -0 -7.72 1.35 7.6 -0 -0 0 84.64 30.02 31.56 -46.53 51.49 -23.43 0 -0 -19.25 -12.9 26.29 -5.79 7.12 -0 -0 10.21 -3.47 9.74
4.38 14.98 1.23 385.55 82.25 404.86 0 0 0 -15.38 13.01 -40.32 8.1 16.19 52.91 2.79 -1.97 -31.11 0.17 -2.65 -7.3 0 0 0 0.08 17.97 -61.7 -10.36 -17.61 60.68 -1.32 3.15 -20.87 -0.31 3.61 -9.97 -7.54 -0.73 17.29 -0.02 -2.31 1.47 4.8 -0.82 -7.82 -3.61 -7.04 -16.78 0.75 -8.66 6.41 0.03 -4.28 4.79 -0 -0 0 -65.78 -18.92 23.17 33.65 -43.82 -13.87 -0 0 -28.8 15.91 -28.38 -7.72 -7.12 0 -0 -8.57 0.94 8.53 -0 -0 0 84.5 30.13 31.47 -45.66 51.09 -22.75 0 -0 -18.95 -12.83 26.18 -5.74 7.12 -0 -0 10.25 -3.59 9.75
4.44 14.97 1.32 388.68 82.26 408.25 0 0 0 -15.37 12.59 -40.15 8.01 16.13 52.61 2.77 -1.76 -31.07 0.21 -2.95 -8.13 0 0 0 -0.18 18.09 -62.04 -10.54 -17.7 61.28 -1.39 3.18 -21.5 -0.25 3.19 -8.8 -7.59 -0.74 16.62 0.14 -2.25 1.74 4.95 -0.82 -7.15 -3.74 -6.92 -17.16 0.75 -8.45 6.47 0.06 -4.18 4.87 0 -0 0 -66.37 -19.61 24.06 32.11 -42.64 -12.82 -0 0 -27.53 14.59 -28.45 -7.07 -7.12 0 -0 -9.35 1.08 9.3 0 -0 0 84.26 30.88 31.25 -44.79 50.67 -22.08 0 -0 -18.61 -13 26.39 -5.86 7.12 -0 -0 10.16 -3.36 9.7
4.49 14.97 1.4 390.23 82.61 410.06 0 0 0 -15.04 12.41 -40.05 7.91 16.06 52.25 2.74 -1.51 -30.95 0.26 -3.27 -9.03 0 0 0 0.17 17.94 -62.2 -10.65 -17.76 61.63 -1.46 3.06 -22.02 -0.27 3.33 -9.19 -7.21 -0.7 17.22 0.44 -2.17 1.25 5.09 -0.75 -8.03 -3.76 -6.76 -17.22 0.6 -8.22 7.13 0.02 -4.08 5.08 -0 0 0 -67.36 -19.19 25.64 31.03 -41.76 -12.09 -0 0 -26.32 13.63 -27.77 -6.45 -7.12 0 -0 -9.87 1.89 9.69 -0 0 0 83.81 30.23 31.16 -44.08 50.31 -21.53 0 -0 -18.43 -12.85 26.37 -5.78 7.12 -0 -0 10.25 -3.39 9.79
4.55 14.96 1.48 396.05 82.55 415.82 0 0 0 -15.39 12.02 -39.3 7.71 15.9 51.49 2.69 -1.02 -30.8 0.29 -3.45 -9.53 0 0 0 -0.2 17.62 -62.11 -10.82 -17.84 62.18 -1.54 3.2 -22.66 -0.25 3.19 -8.82 -7.39 -0.58 17.25 0.45 -2.05 1.3 5.16 -0.68 -7.99 -3.03 -6.43 -17.43 -0.19 -7.85 7.4 -0.31 -3.94 5.13 0 -0 0 -68.21 -19.59 27.18 29.76 -40.69 -11.25 -0 0 -24.98 12.79 -27.62 -6.01 -7.12 0 -0 -10.36 2.16 10.13 0 -0 0 83.29 30.29 30.75 -43.1 49.8 -20.77 0 -0 -18.04 -12.71 26.35 -5.72 7.12 -0 -0 10.33 -3.44 9.86
4.59 14.95 1.54 401.03 83 420.93 0 0 0 -15.16 11.56 -39.18 7.62 15.83 51.19 2.65 -1.44 -30.45 0.24 -3.14 -8.67 0 0 0 -0.11 17.29 -62.14 -10.95 -17.91 62.63 -1.61 3.1 -23.23 -0.21 2.98 -8.23 -7.01 -0.57 17.36 0.54 -1.98 1.11 5.04 -0.64 -8.29 -1.93 -5.5 -17.39 -1.17 -6.75 7.67 -0.69 -3.44 5.13 0 -0 0 -69.27 -19.57 28.7 28.74 -39.79 -10.6 -0 0 -23.78 12.61 -28.04 -6 -7.12 0 -0 -10.49 1.77 10.34 0 -0 0 82.83 29.63 30.41 -42.58 49.53 -20.38 0 -0 -18.02 -12.64 26.36 -5.69 7.12 -0 -0 10.37 -3.44 9.9
4.63 14.95 1.59 409.4 83.37 429.44 0 0 0 -15.22 10.59 -38.88 7.53 15.77 50.86 2.63 -1.3 -30.37 0.25 -3.22 -8.88 0 0 0 -0.21 16.36 -62.16 -11.05 -17.96 62.94 -1.68 3.05 -23.7 -0.23 3.07 -8.48 -6.17 -0.66 17.08 0.36 -1.92 1.24 4.34 -0.66 -8.03 -1 -4.46 -17.88 -1.98 -5.45 8 -0.98 -2.84 5.26 -0 0 0 -69.83 -20.14 31.33 27.51 -38.66 -9.81 -0 0 -23.95 14.12 -28.53 -6.85 -7.12 0 -0 -9.64 1.07 9.6 -0 0 0 82.59 29.52 29.6 -41.69 49.04 -19.7 0 -0 -17.55 -12.92 26.05 -5.75 7.12 -0 -0 10.19 -3.7 9.67
4.67 14.96 1.65 416.41 83.73 436.26 0 0 0 -14.98 10.4 -38.37 7.42 15.67 50.43 2.6 -1.72 -30.09 0.24 -3.14 -8.68 0 0 0 0.04 15.94 -61.69 -11.12 -17.99 63.17 -1.75 2.73 -24.26 -0.25 3.24 -8.96 -5.72 -0.54 17.2 0.34 -1.69 1.29 4.02 -0.57 -8.09 0.4 -2.92 -17.94 -3.21 -3.57 8.22 -1.42 -1.97 5.31 0 -0 0 -70.3 -20.32 34.95 26.61 -37.8 -9.26 -0 0 -24.53 15.88 -27.76 -7.55 -7.12 0 -0 -8.54 1.57 8.4 0 -0 0 82.15 29 28.84 -40.69 48.47 -18.95 0 -0 -17.1 -12.5 26.53 -5.66 7.12 -0 -0 10.46 -3.29 10.02
4.71 14.95 1.7 423.11 83.76 443.17 0 0 0 -14.98 10.06 -38.46 7.37 15.64 50.27 2.55 -2.02 -29.73 0.26 -3.27 -9.04 0 0 0 -0.25 15.79 -61.94 -11.3 -18.08 63.74 -1.81 2.47 -24.77 -0.23 3.07 -8.48 -5.67 -0.26 16.97 0.27 -1.3 1.29 3.82 -0.38 -8 2.03 -1.16 -18.84 -4.66 -1.4 8.98 -1.96 -0.97 5.72 0 0 0 -71.05 -21.03 38.24 25.24 -36.45 -8.43 -0 0 -23.73 15.01 -28.38 -7.26 -7.12 0 -0 -9.11 1.08 9.05 0 0 0 81.49 28.29 27.9 -40.23 48.21 -18.61 0 -0 -17.2 -12.45 26.24 -5.57 7.12 -0 -0 10.48 -3.58 9.98
4.74 14.95 1.74 430.61 84.13 450.59 0 0 0 -14.59 9.66 -38.21 7.31 15.58 50.02 2.52 -2.01 -29.54 0.3 -3.5 -9.68 0 0 0 0.07 15.47 -61.57 -11.33 -18.09 63.84 -1.86 2.09 -25.22 -0.21 2.94 -8.11 -4.94 -0.09 16.9 0.14 -0.93 1.45 3.17 -0.24 -7.85 4 0.81 -18.73 -6.23 0.97 9.05 -2.54 0.12 5.83 -0 -0 0 -71.63 -21.63 40.98 24.56 -35.75 -8.03 -0 0 -22.86 11.66 -28.25 -5.58 -7.12 0 -0 -11.06 1.7 10.94 -0 -0 0 81.34 27.78 26.75 -39.37 47.69 -17.97 0 -0 -16.57 -12.46 26.53 -5.63 7.12 -0 -0 10.49 -3.29 10.04
4.76 14.94 1.77 440.7 84.26 460.73 0 0 0 -14.33 9.04 -38.18 7.29 15.57 49.95 2.52 -2.18 -29.47 0.32 -3.66 -10.13 0 0 0 0.18 14.87 -61.52 -11.43 -18.14 64.17 -1.91 1.85 -25.65 -0.21 2.98 -8.23 -4.46 0.19 16.88 0.11 -0.48 1.49 2.75 -0.04 -7.83 5.85 2.76 -18.36 -8.13 3.41 8.77 -3.2 1.24 5.88 -0 -0 0 -72.46 -21.89 44.68 24.24 -35.41 -7.84 -0 0 -22.66 11.89 -28.06 -5.66 -7.12 0 -0 -10.92 1.84 10.76 -0 -0 0 80.66 26.95 25.3 -38.85 47.37 -17.59 0 -0 -16.34 -12.25 26.47 -5.53 7.12 -0 -0 10.61 -3.37 10.15
4.78 14.95 1.8 448.64 84.21 468.8 0 0 0 -14.22 8.81 -38.34 7.24 15.53 49.77 2.49 -2.88 -29.14 0.25 -3.21 -8.87 0 0 0 0.14 14.66 -61.49 -11.49 -18.17 64.36 -1.97 1.36 -26.16 -0.25 3.2 -8.84 -4.22 0.49 16.95 0 -0.06 1.29 2.41 0.16 -8.12 7.16 4.75 -17.41 -9.29 6 8.8 -3.51 2.47 6.01 0 0 0 -72.99 -21.86 48.87 23.78 -34.93 -7.58 -0 0 -22.82 13.21 -27.9 -6.27 -7.12 0 -0 -10.13 1.83 9.96 0 0 0 80.17 25.55 24.2 -38.59 47.22 -17.4 0 -0 -16.34 -12.02 26.46 -5.42 7.12 -0 -0 10.75 -3.42 10.28
4.8 14.94 1.83 458.72 84.05 478.8 0 0 0 -13.92 8.19 -38.22 7.22 15.51 49.68 2.46 -3.01 -28.9 0.35 -3.83 -10.59 0 0 0 0.3 14.17 -61.2 -11.54 -18.19 64.52 -2.02 1.19 -26.55 -0.26 3.31 -9.15 -3.94 0.72 16.9 -0.12 0.3 1.54 2.03 0.32 -7.85 9.3 6.65 -17.08 -11.43 8.39 8.61 -4.27 3.56 6.29 -0 0 0 -73.61 -22.54 51.84 23.47 -34.6 -7.41 -0 0 -22.58 12.89 -28.58 -6.25 -7.12 0 -0 -10.36 1.2 10.31 -0 0 0 79.75 24.43 23.1 -38.76 47.32 -17.52 0 -0 -16.39 -12.18 26.39 -5.48 7.12 -0 -0 10.65 -3.46 10.17
4.81 14.94 1.84 472.74 83.56 492.58 0 0 0 -13.48 7.56 -38.26 7.25 15.54 49.81 2.43 -3.81 -28.57 0.33 -3.71 -10.27 0 0 0 0.66 13.16 -60.7 -11.61 -18.22 64.73 -2.07 0.85 -27.02 -0.27 3.34 -9.23 -3.32 0.8 17.38 -0.14 0.5 1.43 1.61 0.4 -8.24 10.55 7.96 -15.99 -12.68 10.15 8.39 -4.68 4.41 6.38 -0 0 0 -74.39 -22.33 54.69 23.36 -34.48 -7.34 -0 0 -22.44 12.2 -28.78 -5.94 -7.12 0 -0 -10.78 1.1 10.76 -0 0 0 79.29 23.14 21.81 -38.34 47.06 -17.22 0 -0 -16.17 -11.99 26.42 -5.4 7.12 -0 -0 10.77 -3.46 10.28
4.78 14.92 1.85 482.56 83.58 502.68 0 0 0 -12.55 7.14 -39.21 7.38 15.64 50.3 2.36 -3.8 -28.17 0.47 -4.41 -12.22 0 0 0 1.11 13.35 -61.03 -11.68 -18.25 64.96 -2.13 0.32 -27.53 -0.25 3.21 -8.85 -2.69 1.06 17.69 -0.14 0.95 1.28 1.14 0.59 -8.59 11.71 9.13 -15.38 -13.67 11.71 8.34 -4.99 5.15 6.58 0 0 0 -74.9 -22.57 56.91 23.18 -34.28 -7.24 -0 0 -22.61 11.85 -28.71 -5.76 -7.12 0 -0 -10.98 1.21 10.95 0 0 0 79.2 22.39 20.69 -37.91 46.78 -16.9 0 -0 -15.9 -11.92 26.17 -5.32 7.12 -0 -0 10.8 -3.71 10.26
4.82 14.93 1.85 486.17 82.35 506.19 0 0 0 -13.18 6.28 -38.63 7.26 15.55 49.85 2.36 -4 -28.12 0.53 -4.66 -12.93 0 0 0 0.53 12.2 -60.61 -11.74 -18.28 65.16 -2.19 0.29 -27.94 -0.25 3.21 -8.88 -3.05 1.15 17.19 -0.45 1.01 1.55 1 0.62 -8.03 12.23 9.83 -14.86 -14.11 12.62 7.84 -5.1 5.62 6.52 0 0 0 -75.65 -22.51 57.29 23.41 -34.54 -7.37 -0 0 -21.93 9.93 -27.94 -4.69 -7.12 0 -0 -12.06 2.21 11.85 0 0 0 78.95 21.91 19.67 -37.43 46.47 -16.55 0 -0 -15.95 -11.85 26.47 -5.35 7.12 -0 -0 10.85 -3.42 10.37
4.82 14.94 1.85 492.4 81.75 512.54 0 0 0 -12.87 6.04 -39.12 7.27 15.56 49.9 2.31 -5.52 -27.54 0.3 -3.52 -9.73 0 0 0 0.72 11.73 -60.66 -11.76 -18.29 65.21 -2.19 -0.23 -28.1 -0.27 3.32 -9.16 -3.02 1.28 17.19 -0.48 1.18 1.49 0.91 0.71 -8.1 12.74 10.4 -14.15 -14.51 13.41 7.57 -5.23 6.02 6.49 0 0 0 -76.14 -22.16 57.34 23.87 -35.02 -7.63 -0 0 -22.05 9.93 -28.36 -4.75 -7.12 0 -0 -12.08 1.81 11.96 0 0 0 78.86 21.2 18.93 -37.34 46.41 -16.49 0 -0 -15.86 -11.85 26.27 -5.31 7.12 -0 -0 10.84 -3.63 10.32
4.81 14.93 1.84 497.04 81.11 517.33 0 0 0 -12.61 5.36 -39.7 7.4 15.66 50.36 2.3 -6.16 -27.45 0.25 -3.2 -8.84 0 0 0 0.66 11.37 -60.86 -11.81 -18.31 65.39 -2.21 -0.77 -28.41 -0.32 3.66 -10.12 -3.05 1.38 16.91 -0.51 1.31 1.6 0.87 0.77 -7.82 13.06 10.68 -13.7 -15.1 13.8 6.99 -5.43 6.22 6.37 -0 -0 0 -76.49 -21.99 56.89 24.5 -35.69 -8 -0 0 -22.41 10.37 -28.04 -4.91 -7.12 0 -0 -11.81 2.06 11.63 -0 -0 0 78.79 21.12 18.36 -36.87 46.1 -16.14 0 -0 -15.84 -11.86 26.01 -5.26 7.12 -0 -0 10.82 -3.88 10.25
4.81 14.92 1.84 504.37 80.75 524.41 0 0 0 -11.5 4.9 -39.88 7.53 15.77 50.87 2.28 -7.11 -27.2 0.1 -2.07 -5.71 0 0 0 1.47 11.41 -60.39 -11.78 -18.29 65.28 -2.17 -1.54 -28.45 -0.31 3.57 -9.88 -2.71 1.51 17.19 -0.41 1.55 1.58 0.72 0.88 -8 13.06 10.75 -13.52 -14.73 13.84 6.82 -5.31 6.27 6.25 0 -0 0 -76.56 -21.4 56.27 25.35 -36.56 -8.5 -0 0 -22.56 10.5 -27.61 -4.91 -7.12 0 -0 -11.71 2.47 11.44 0 -0 0 78.94 20.62 17.73 -36.66 45.96 -15.99 0 -0 -15.96 -11.79 26.42 -5.31 7.12 -0 -0 10.88 -3.48 10.4
4.78 14.92 1.81 509.71 80.43 529.75 0 0 0 -10.78 4.57 -40.49 7.69 15.88 51.42 2.27 -7.38 -27.14 0.09 -1.96 -5.39 0 0 0 2.06 11.22 -60.35 -11.73 -18.28 65.14 -2.14 -1.98 -28.43 -0.32 3.64 -10.05 -2.35 1.56 17.1 -0.32 1.69 1.66 0.59 0.93 -7.86 13.45 11.2 -13.13 -15.29 14.48 6.54 -5.47 6.58 6.27 0 0 0 -76.64 -21.24 55.23 26.05 -37.25 -8.92 -0 0 -23 10.92 -27.93 -5.17 -7.12 0 -0 -11.48 2.1 11.28 0 0 0 78.86 20.35 17.69 -36.78 46.04 -16.08 0 -0 -16.24 -12.01 26.34 -5.39 7.12 -0 -0 10.75 -3.54 10.25
4.77 14.92 1.78 511.14 79.87 531.03 0 0 0 -10.82 4.08 -40.52 7.77 15.95 51.72 2.29 -7.34 -27.24 0.11 -2.13 -5.86 0 0 0 2.03 10.57 -60.13 -11.73 -18.27 65.13 -2.16 -1.85 -28.49 -0.33 3.7 -10.23 -2.52 1.73 17.29 -0.45 1.87 1.66 0.5 1.02 -7.98 13.34 11.19 -12.92 -14.99 14.43 6.24 -5.38 6.59 6.1 0 0 0 -76.36 -20.96 55.15 26.94 -38.12 -9.46 -0 0 -24.17 12.52 -28.85 -6.12 -7.12 0 -0 -10.6 0.98 10.6 0 0 0 78.73 20.1 17.11 -36.62 45.93 -15.96 0 -0 -16.41 -12 26.49 -5.41 7.12 -0 -0 10.77 -3.39 10.3
4.75 14.93 1.73 513.36 79.13 533.23 0 0 0 -10.81 3.88 -40.87 7.83 15.99 51.94 2.24 -8.26 -26.92 0.05 -1.48 -4.07 0 0 0 2.07 9.78 -60.05 -11.71 -18.26 65.05 -2.14 -1.95 -28.42 -0.36 3.86 -10.69 -2.4 1.73 17.25 -0.58 1.9 1.75 0.29 1.03 -7.84 13.65 11.46 -12.85 -15.18 14.77 6.1 -5.44 6.75 6.13 0 0 0 -75.93 -21.1 54.61 27.99 -39.1 -10.12 -0 0 -24.6 13.02 -28.69 -6.33 -7.12 0 -0 -10.3 1.07 10.27 0 0 0 78.77 20.25 16.6 -36.4 45.78 -15.81 0 -0 -16.37 -12.17 26.68 -5.53 7.12 -0 -0 10.67 -3.18 10.25
4.72 14.93 1.68 512.24 78.61 532.27 0 0 0 -11.52 3.26 -41.08 7.85 16 52.01 2.29 -7.5 -27.23 0.14 -2.4 -6.62 0 0 0 1.52 8.85 -60.26 -11.68 -18.25 64.96 -2.13 -1.7 -28.26 -0.41 4.1 -11.36 -2.94 1.88 17.1 -0.79 1.97 1.74 0.34 1.08 -7.78 13.88 11.95 -12.3 -15.72 15.51 5.84 -5.56 7.12 6.14 -0 0 0 -75.66 -20.94 53.75 29.25 -40.24 -10.92 -0 0 -25.27 13.35 -28.59 -6.48 -7.12 0 -0 -10.09 1.12 10.05 -0 0 0 78.55 20.16 16.47 -36.39 45.78 -15.8 0 -0 -16.84 -12.26 26.59 -5.56 7.12 -0 -0 10.61 -3.26 10.17
4.7 14.94 1.63 516.34 78.4 536.23 0 0 0 -10.95 3.3 -41.51 7.99 16.11 52.53 2.3 -7.51 -27.31 0.22 -3.03 -8.35 0 0 0 2.21 8.45 -59.96 -11.55 -18.2 64.56 -2.12 -1.65 -28.2 -0.42 4.15 -11.5 -2.48 1.97 17.12 -0.76 2.19 1.73 0.07 1.17 -7.8 14.09 12.23 -12.09 -15.72 15.87 5.76 -5.55 7.31 6.15 0 -0 0 -75.43 -20.94 53.15 29.96 -40.86 -11.39 -0 0 -25.43 15.39 -28.79 -7.55 -7.12 0 -0 -8.92 0.61 8.93 0 -0 0 78.58 20.03 16.12 -36.16 45.62 -15.64 0 -0 -16.54 -12.27 26.92 -5.63 7.12 -0 -0 10.62 -2.92 10.25
4.66 14.94 1.56 517.13 77.99 536.97 0 0 0 -11.12 2.75 -41.71 8.1 16.19 52.91 2.31 -7.59 -27.38 0.17 -2.69 -7.42 0 0 0 2.05 7.8 -59.89 -11.47 -18.16 64.3 -2.09 -1.6 -27.98 -0.42 4.16 -11.53 -2.49 2.11 17.06 -0.9 2.36 1.77 -0.12 1.25 -7.73 14.07 12.48 -11.87 -15.95 16.25 5.52 -5.57 7.5 6.11 -0 0 0 -75.22 -20.94 52.5 30.99 -41.73 -12.06 -0 0 -26.09 16.33 -29.14 -8.12 -7.12 0 -0 -8.4 0.11 8.47 -0 0 0 78.54 19.83 15.61 -36.37 45.77 -15.79 0 -0 -16.38 -12.39 26.62 -5.62 7.12 -0 -0 10.54 -3.21 10.11
4.62 14.93 1.51 518.96 77.42 538.71 0 0 0 -10.99 2.3 -42.06 8.22 16.28 53.34 2.31 -8.06 -27.33 0.12 -2.26 -6.24 0 0 0 2.09 7.29 -59.77 -11.44 -18.14 64.19 -2.09 -1.64 -27.97 -0.42 4.15 -11.51 -2.49 2.14 17.32 -0.91 2.39 1.61 -0.15 1.27 -8.04 15.92 12.24 -9.26 -17.67 15.94 3.25 -6.6 7.49 5.26 0 0 0 -75.13 -20.73 51.72 32.02 -42.57 -12.76 -0 0 -26.62 17.02 -29.19 -8.49 -7.12 0 -0 -8 -0.05 8.09 0 0 0 78.54 19.47 15.34 -36.27 45.7 -15.72 0 -0 -16.32 -12.15 26.74 -5.53 7.12 -0 -0 10.69 -3.12 10.27
4.6 14.94 1.44 519.27 77.06 539.01 0 0 0 -11.25 1.9 -42.3 8.3 16.34 53.65 2.34 -7.69 -27.54 0.22 -3.05 -8.41 0 0 0 1.72 7.05 -59.53 -11.38 -18.12 64.03 -2.12 -1.29 -28.01 -0.36 3.86 -10.67 -2.75 2.25 17.13 -1 2.48 1.75 -0.1 1.32 -7.8 14.51 12.73 -10.95 -16.64 16.61 4.44 -5.86 7.72 5.79 -0 0 0 -74.99 -20.97 51.06 33 -43.33 -13.42 -0 0 -27.32 17.83 -29.68 -9.05 -7.12 0 -0 -7.58 -0.69 7.74 -0 0 0 78.56 19.55 15.06 -36.05 45.55 -15.56 0 -0 -16.51 -12.13 26.86 -5.55 7.12 -0 -0 10.71 -3.01 10.31
4.56 14.93 1.38 520.45 76.82 540.15 0 0 0 -11.22 1.74 -42.69 8.45 16.44 54.17 2.33 -8.51 -27.44 0.08 -1.83 -5.05 0 0 0 1.61 6.96 -59.44 -11.35 -18.1 63.92 -2.09 -1.47 -27.91 -0.38 3.97 -10.98 -2.81 2.39 17.07 -1.06 2.65 1.69 -0.18 1.4 -7.83 14.33 12.79 -10.98 -16.29 16.67 4.56 -5.71 7.76 5.79 0 -0 0 -74.92 -20.8 50.43 34.21 -44.24 -14.26 -0 0 -27.88 18.54 -29.96 -9.51 -7.12 0 -0 -7.2 -1.1 7.39 0 -0 0 78.61 19.34 14.9 -36.02 45.53 -15.54 0 -0 -16.8 -12.02 26.57 -5.44 7.12 -0 -0 10.75 -3.31 10.3
4.54 14.93 1.3 523.11 76.74 542.78 0 0 0 -10.85 1.79 -43.27 8.67 16.59 54.93 2.36 -8.86 -27.64 0.08 -1.84 -5.07 0 0 0 1.8 7.03 -59.23 -11.24 -18.05 63.57 -2.07 -1.36 -27.75 -0.27 3.33 -9.2 -2.49 2.45 16.9 -0.98 2.81 1.65 -0.3 1.47 -7.78 14.28 12.81 -11.11 -16.29 16.7 4.64 -5.69 7.77 5.83 0 -0 0 -74.97 -20.61 49.71 35.38 -45.08 -15.08 -0 0 -28.4 18.98 -30.25 -9.83 -7.12 0 -0 -6.98 -1.47 7.21 0 -0 0 78.67 19.06 14.88 -36.08 45.57 -15.58 0 -0 -16.83 -11.93 26.77 -5.44 7.12 -0 -0 10.82 -3.12 10.4
4.51 14.92 1.24 525.58 76.48 545.03 0 0 0 -10.48 1.76 -43.64 8.87 16.73 55.65 2.39 -9.16 -27.79 0.07 -1.73 -4.75 0 0 0 2.04 7.02 -58.94 -11.2 -18.03 63.42 -2.06 -1.51 -27.72 -0.23 3.1 -8.56 -2.29 2.54 16.85 -0.89 2.97 1.73 -0.35 1.54 -7.66 14.4 12.57 -10.84 -16.3 16.35 4.32 -5.78 7.62 5.65 0 -0 0 -74.88 -20.68 49.32 36.64 -45.95 -15.98 -0 0 -29.01 19.34 -30.27 -10.03 -7.12 0 -0 -6.78 -1.56 7.01 0 -0 0 78.84 18.81 14.64 -36.39 45.78 -15.8 0 -0 -16.93 -11.77 27.43 -5.48 7.12 -0 -0 10.95 -2.48 10.67
4.47 14.9 1.17 526.6 76.92 546.17 0 0 0 -10.53 2.15 -44.35 9.05 16.84 56.26 2.43 -9.22 -28.07 0.07 -1.73 -4.76 0 0 0 1.87 7.55 -59.14 -11.15 -18.01 63.28 -2.01 -1.77 -27.52 -0.24 3.18 -8.77 -2.49 2.7 16.61 -0.94 3.14 1.66 -0.32 1.62 -7.61 14.04 12.62 -11.45 -15.68 16.39 4.93 -5.49 7.61 5.85 0 0 0 -74.77 -20.3 48.23 37.9 -46.78 -16.89 -0 0 -29.49 19.8 -30.71 -10.42 -7.12 0 -0 -6.57 -2.1 6.85 0 0 0 79.01 19.22 14.83 -35.96 45.48 -15.49 0 -0 -17.14 -11.64 27.29 -5.39 7.12 -0 -0 11.02 -2.65 10.7
4.44 14.9 1.08 527.82 77.1 547.23 0 0 0 -10.57 2.29 -44.44 9.17 16.92 56.68 2.48 -9.15 -28.35 0.06 -1.54 -4.23 0 0 0 2 7.5 -59.04 -11.09 -17.98 63.07 -1.89 -2.77 -27.11 -0.55 4.75 -13.19 -2.45 2.73 16.66 -0.92 3.19 1.57 -0.33 1.65 -7.73 13.9 12.25 -11.21 -15.51 15.89 4.78 -5.51 7.39 5.66 0 -0 0 -74.76 -19.75 47.48 39.35 -47.68 -17.96 -0 0 -30.16 20.62 -30.63 -10.85 -7.12 0 -0 -6.09 -2.18 6.35 0 -0 0 79.32 18.69 15.15 -36.41 45.79 -15.82 0 -0 -17.07 -11.64 27.09 -5.36 7.12 -0 -0 11.01 -2.84 10.65
4.4 14.89 1 527.94 77.69 547.45 0 0 0 -10.84 2.58 -45.06 9.41 17.06 57.49 2.54 -9.4 -28.71 0.03 -1.2 -3.3 0 0 0 1.71 7.7 -59.41 -11.05 -17.96 62.94 -1.8 -2.89 -26.51 -0.62 5.02 -13.97 -2.71 2.81 16.47 -1.03 3.23 1.49 -0.32 1.67 -7.73 13.04 11.82 -11.86 -14.31 15.27 5.34 -5.05 7.08 5.67 0 0 0 -74.59 -19.02 46.34 40.76 -48.51 -19.01 -0 0 -30.59 20.69 -30.7 -10.91 -7.12 0 -0 -6.06 -2.26 6.33 0 0 0 79.61 18.95 15.62 -36.45 45.82 -15.84 0 -0 -17.28 -11.19 26.82 -5.1 7.12 -0 -0 11.27 -3.16 10.84
4.37 14.88 0.92 529.34 78.11 548.77 0 0 0 -10.75 2.62 -45.29 9.59 17.17 58.1 2.6 -9.55 -29.06 0.01 -0.58 -1.6 0 0 0 1.78 7.83 -59.36 -10.94 -17.91 62.59 -1.74 -2.67 -26.02 -0.6 4.97 -13.82 -2.8 2.72 16.31 -0.93 3.12 1.57 -0.11 1.62 -7.55 12.66 11.11 -12.07 -13.7 14.26 5.32 -4.94 6.61 5.48 -0 0 0 -74.7 -18.45 44.79 41.9 -49.16 -19.87 -0 0 -30.5 21.21 -30.66 -11.19 -7.12 0 -0 -5.75 -2.33 6.01 -0 0 0 79.87 19.34 16.08 -36.44 45.81 -15.84 0 -0 -17.12 -11.04 26.94 -5.05 7.12 -0 -0 11.36 -3.06 10.96
4.33 14.87 0.83 528.6 78.78 547.97 0 0 0 -11.22 2.7 -45.31 9.71 17.24 58.51 2.67 -9.23 -29.43 0 -0.28 -0.78 0 0 0 1.4 7.81 -59.51 -10.88 -17.88 62.4 -1.67 -2.37 -25.39 -0.63 5.06 -14.08 -3.26 2.72 16.26 -0.98 3.04 1.57 0.11 1.6 -7.55 11.64 10.24 -13.36 -12.3 13.05 6.46 -4.44 5.99 5.71 -0 0 0 -74.63 -17.72 43.54 42.96 -49.73 -20.67 -0 0 -30.64 21.22 -30.68 -11.21 -7.12 0 -0 -5.75 -2.35 6.01 -0 0 0 80.14 19.95 16.4 -36.17 45.63 -15.65 0 -0 -16.91 -11.04 26.85 -5.04 7.12 -0 -0 11.35 -3.16 10.93
4.31 14.86 0.76 529.72 79.51 548.47 0 0 0 -11.28 3.33 -44.83 9.81 17.3 58.86 2.73 -9.25 -29.79 0 -0.37 -1.01 0 0 0 1.55 7.98 -58.94 -10.81 -17.84 62.15 -1.64 -1.9 -24.98 -0.61 4.99 -13.89 -3.48 2.68 16.91 -0.93 2.91 1.61 0.28 1.55 -7.87 11.34 9.35 -13.42 -11.61 11.81 6.63 -4.33 5.42 5.56 0 -0 0 -74.57 -16.92 42.18 43.65 -50.09 -21.2 -0 0 -30.77 21.59 -30.85 -11.47 -7.12 0 -0 -5.56 -2.6 5.84 0 -0 0 80.33 20.31 17.21 -36.34 45.75 -15.77 0 -0 -17.12 -11.04 26.78 -5.02 7.12 -0 -0 11.35 -3.22 10.92
4.28 14.86 0.68 530.67 80.55 549.18 0 0 0 -11.43 3.79 -44.63 9.9 17.35 59.16 2.81 -8.68 -30.24 0 -0.32 -0.89 0 0 0 1.6 8.29 -58.8 -10.67 -17.77 61.71 -1.59 -1.35 -24.38 -0.57 4.85 -13.47 -3.86 2.55 16.93 -0.8 2.69 1.65 0.69 1.46 -7.86 10 8.11 -13.38 -10.35 10.18 6.12 -3.93 4.67 5.07 0 0 0 -74.57 -15.72 40.5 44.72 -50.63 -22.02 -0 0 -31.19 21.77 -30.53 -11.47 -7.12 0 -0 -5.41 -2.31 5.65 0 0 0 80.66 20.75 18.18 -36.6 45.92 -15.95 0 -0 -17.07 -11.01 26.71 -5 7.12 -0 -0 11.36 -3.3 10.91
4.24 14.86 0.59 529.75 81.77 548.3 0 0 0 -11.98 4.13 -44.84 10.05 17.44 59.64 2.9 -7.59 -30.81 0.03 -1.04 -2.85 0 0 0 1.31 8.53 -59.22 -10.59 -17.73 61.43 -1.49 -1.05 -23.48 -0.64 5.13 -14.29 -4.28 2.48 16.85 -0.99 2.52 1.67 0.77 1.38 -7.79 9.65 7.2 -14.58 -9.5 8.87 7.13 -3.71 4.02 5.38 -0 0 0 -74.32 -14.96 39.35 45.56 -51.04 -22.67 -0 0 -32.32 22.4 -30.17 -11.7 -7.12 0 -0 -5 -2.07 5.2 -0 0 0 81.11 21.47 18.95 -36.71 46 -16.03 0 -0 -17.2 -10.76 26.87 -4.91 7.12 -0 -0 11.52 -3.17 11.1
4.21 14.84 0.51 532.15 82.82 550.53 0 0 0 -11.92 4.71 -44.94 10.22 17.53 60.24 2.96 -7.33 -31.2 0.03 -1.04 -2.85 0 0 0 1.59 8.78 -59.32 -10.5 -17.68 61.14 -1.44 -0.58 -22.88 -0.66 5.18 -14.42 -4.38 2.34 16.83 -0.85 2.33 1.81 1.03 1.3 -7.63 8.25 6.08 -15.29 -8.03 7.4 7.21 -3.16 3.35 5.26 -0 -0 0 -74.24 -14.54 38.14 45.59 -51.05 -22.7 -0 0 -32.78 22.85 -30.3 -12 -7.12 0 -0 -4.76 -2.3 4.97 -0 -0 0 81.27 22.72 19.69 -36.47 45.83 -15.86 0 -0 -17.22 -10.76 27.04 -4.94 7.12 -0 -0 11.53 -3 11.14
4.18 14.85 0.43 530.97 84.27 549.2 0 0 0 -12.55 5.46 -44.77 10.26 17.55 60.36 3.04 -6.37 -31.74 0.06 -1.58 -4.34 0 0 0 1.27 9.31 -59.23 -10.35 -17.6 60.67 -1.38 0.32 -22.15 -0.55 4.74 -13.18 -5.11 2.34 16.72 -0.74 2.22 1.98 1.59 1.26 -7.41 7.19 4.99 -15.73 -7.38 6.04 6.99 -2.92 2.69 5.1 0 -0 0 -74.49 -14.3 36.91 45.26 -50.9 -22.44 -0 0 -32.53 22.73 -30.23 -11.91 -7.12 0 -0 -4.82 -2.2 5.02 0 -0 0 81.31 23.68 20.58 -36.46 45.82 -15.85 0 -0 -17.17 -11.17 26.92 -5.11 7.12 -0 -0 11.28 -3.07 10.88
4.15 14.84 0.36 533.03 84.96 551.14 0 0 0 -12.59 5.7 -44.86 10.39 17.62 60.79 3.07 -5.57 -31.98 0.1 -2.08 -5.72 0 0 0 1.49 9.32 -59.4 -10.26 -17.55 60.35 -1.28 0.19 -21.36 -0.74 5.51 -15.37 -5.07 2.12 17 -0.7 1.92 1.91 1.67 1.12 -7.62 6.11 3.85 -16.18 -6.13 4.57 7.29 -2.49 2.01 5.1 -0 0 0 -74.21 -13.84 36.3 45.21 -50.87 -22.4 -0 0 -32.5 22.77 -29.9 -11.82 -7.12 0 -0 -4.75 -1.87 4.92 -0 0 0 81.62 24 21.17 -36.77 46.03 -16.07 0 -0 -17.22 -10.85 27.01 -4.97 7.12 -0 -0 11.47 -3.02 11.08
4.09 14.81 0.3 543.63 86.89 562.52 0 0 0 -12.44 6.7 -46.39 10.71 17.79 61.84 3.16 -5.31 -32.55 0.07 -1.68 -4.61 0 0 0 1.57 10.74 -60.85 -10.18 -17.51 60.08 -1.17 0.37 -20.3 -0.79 5.66 -15.81 -5.14 2.35 16.27 -0.7 2.21 1.47 1.66 1.26 -7.72 5.17 3.05 -15.82 -5.01 3.6 7.42 -2.08 1.58 4.98 0 0 0 -73.89 -13.35 36.01 44.92 -50.73 -22.18 -0 0 -32.72 22.96 -30.47 -12.13 -7.12 0 -0 -4.72 -2.5 4.94 0 0 0 81.93 24.17 21.76 -36.94 46.15 -16.19 0 -0 -17.28 -10.75 26.71 -4.88 7.12 -0 -0 11.52 -3.33 11.06
4.07 14.81 0.25 545.65 87.41 564.49 0 0 0 -12.69 6.79 -46.42 10.78 17.83 62.08 3.21 -5.02 -32.83 0.05 -1.47 -4.04 0 0 0 1.38 10.89 -60.87 -10.1 -17.46 59.81 -1.13 0.8 -19.89 -0.68 5.25 -14.63 -5.31 2.1 15.86 -0.6 1.9 1.72 1.95 1.11 -7.21 4.62 1.78 -16.58 -4.85 1.96 7.35 -2.09 0.77 4.99 0 0 0 -73.89 -13.7 35.47 44.49 -50.52 -21.84 -0 0 -32.79 22.4 -30.34 -11.76 -7.12 0 -0 -5.03 -2.24 5.24 0 0 0 81.93 24.67 22.19 -37.59 46.57 -16.66 0 -0 -17.53 -10.56 26.54 -4.76 7.12 -0 -0 11.63 -3.51 11.13
4.04 14.81 0.19 543.07 88.09 561.75 0 0 0 -13.27 7.14 -46.36 10.82 17.84 62.18 3.24 -4.86 -33.01 0.04 -1.34 -3.67 0 0 0 0.94 11.03 -60.83 -10.01 -17.42 59.53 -1.09 1.17 -19.38 -0.61 5 -13.91 -5.53 1.88 16.19 -0.7 1.54 1.65 2.04 0.95 -7.44 3.7 0.87 -16.71 -3.73 0.8 7.38 -1.69 0.25 4.95 -0 -0 0 -73.73 -13.68 35.13 44.27 -50.4 -21.67 -0 0 -33.03 22.74 -30.58 -12.03 -7.12 0 -0 -4.87 -2.56 5.1 -0 -0 0 82.26 24.78 22.77 -38.15 46.94 -17.08 0 -0 -17.9 -10.71 26.48 -4.82 7.12 -0 -0 11.54 -3.56 11.03
4.02 14.81 0.15 538.26 88.18 556.49 0 0 0 -13.51 7.09 -45.88 10.82 17.85 62.2 3.24 -4.67 -33.08 0.04 -1.26 -3.46 0 0 0 0.8 10.91 -60.39 -9.97 -17.39 59.39 -1.07 1 -19.27 -0.69 5.32 -14.81 -5.7 1.61 16.79 -0.62 1.13 1.71 2.3 0.76 -7.68 2.9 0.2 -16.81 -3.08 0.01 7.31 -1.43 -0.12 4.91 0 0 0 -73.68 -13.87 35.05 44.41 -50.47 -21.78 -0 0 -33.15 23.06 -29.96 -12 -7.12 0 -0 -4.59 -2 4.77 0 0 0 82.36 24.85 23.01 -38.74 47.31 -17.51 0 -0 -18.24 -10.81 26.5 -4.87 7.12 -0 -0 11.48 -3.53 10.97
4 14.82 0.11 563.87 88.95 582.21 0 0 0 -13.41 7.82 -46.3 10.91 17.89 62.5 3.3 -4.95 -33.35 0.02 -0.83 -2.28 0 0 0 0.97 11.71 -60.5 -9.85 -17.33 58.99 -1.03 1.04 -18.83 -0.67 5.25 -14.61 -5.72 1.52 16.69 -0.34 1.03 1.53 2.64 0.72 -7.82 2.18 -0.31 -16.29 -2.61 -0.57 7.03 -1.22 -0.39 4.73 0 0 0 -73.92 -13.86 34.62 44.55 -50.55 -21.89 -0 0 -33.39 23.24 -30.39 -12.26 -7.12 0 -0 -4.55 -2.47 4.76 0 0 0 82.3 24.44 23.85 -39.58 47.82 -18.12 0 -0 -18.76 -11.17 26.42 -5.02 7.12 -0 -0 11.25 -3.56 10.75
3.99 14.82 0.08 564.13 89.4 582.12 0 0 0 -13.76 8.12 -45.88 10.89 17.88 62.42 3.3 -4.69 -33.41 0.03 -1.12 -3.08 0 0 0 0.66 11.93 -60.11 -9.82 -17.31 58.88 -1.03 1.34 -18.79 -0.57 4.83 -13.42 -6.01 1.37 16.73 -0.37 0.78 1.77 2.83 0.6 -7.57 1.8 -0.86 -16.51 -2.13 -1.27 6.89 -1.06 -0.71 4.71 0 -0 0 -73.91 -14.53 34.23 44.41 -50.47 -21.78 -0 0 -33.19 22.87 -30.44 -12.06 -7.12 0 -0 -4.77 -2.45 4.99 0 -0 0 82.59 24.22 24.19 -40.55 48.39 -18.85 0 -0 -19.05 -11.32 26.4 -5.09 7.12 -0 -0 11.16 -3.57 10.66
3.97 14.82 0.05 658.83 89.7 676.92 0 0 0 -14.06 8.53 -45.98 10.86 17.87 62.33 3.34 -4.99 -33.53 0.01 -0.47 -1.29 0 0 0 0.51 12.33 -60.35 -9.79 -17.29 58.77 -1.02 1.21 -18.68 -0.71 5.38 -14.99 -6.02 1.31 16.84 -0.43 0.68 1.6 2.79 0.56 -7.79 1.7 -1.04 -16.59 -2.14 -1.49 6.95 -1.07 -0.82 4.73 -0 0 0 -73.81 -14.59 33.92 45.07 -50.8 -22.29 -0 0 -33.15 23.07 -30.05 -12.04 -7.12 0 -0 -4.6 -2.09 4.78 -0 0 0 82.69 23.67 24.68 -41.51 48.94 -19.57 0 -0 -19.4 -11.38 26.46 -5.12 7.12 -0 -0 11.13 -3.5 10.64
3.95 14.8 0.03 715.39 89.16 733.53 0 0 0 -14.49 8.84 -46.23 10.94 17.9 62.57 3.38 -4.91 -33.74 0 -0.3 -0.83 0 0 0 0.07 12.73 -60.62 -9.77 -17.28 58.73 -0.98 1.22 -18.32 -0.76 5.57 -15.54 -6.35 1.26 16.67 -0.41 0.57 1.68 3.02 0.51 -7.61 1.37 -1.2 -16.74 -1.91 -1.66 6.87 -0.96 -0.9 4.73 -0 0 0 -73.87 -15.28 33.56 45.18 -50.85 -22.38 -0 0 -33.17 23.2 -29.74 -12 -7.12 0 -0 -4.48 -1.79 4.63 -0 0 0 83.06 24.02 25.09 -41.7 49.05 -19.72 0 -0 -19.56 -11.42 26.15 -5.09 7.12 -0 -0 11.09 -3.8 10.54
3.92 14.79 0.03 695.34 88.52 713.73 0 0 0 -14.04 9.35 -46.94 11.04 17.95 62.9 3.37 -4.78 -33.72 0.01 -0.49 -1.35 0 0 0 0.33 13.55 -60.92 -9.73 -17.25 58.58 -0.98 1.4 -18.28 -0.53 4.64 -12.89 -5.93 1.21 16.32 -0.3 0.62 1.77 2.9 0.51 -7.32 1.54 -1.23 -16.92 -2 -1.73 6.74 -1.02 -0.94 4.72 0 0 0 -73.68 -16.25 33.42 45.06 -50.8 -22.29 -0 0 -33.41 23.13 -30.51 -12.24 -7.12 0 -0 -4.63 -2.58 4.85 0 0 0 83.37 23.63 25.4 -42.52 49.49 -20.33 0 -0 -19.83 -11.5 26.43 -5.17 7.12 -0 -0 11.06 -3.51 10.56
3.92 14.8 0.02 709.15 88.34 727.46 0 0 0 -14.48 9.45 -46.67 10.96 17.92 62.65 3.38 -5.01 -33.73 0 -0.03 -0.09 0 0 0 -0.05 13.47 -60.86 -9.74 -17.26 58.62 -0.98 1.85 -18.19 -0.46 4.33 -12.01 -5.86 1.16 16.43 -0.32 0.54 1.68 2.85 0.48 -7.47 1.42 -1.29 -16.92 -2.15 -1.76 6.9 -1.06 -0.96 4.76 0 -0 0 -73.88 -16.86 33.71 44.64 -50.59 -21.96 -0 0 -33.36 23.71 -30.5 -12.57 -7.12 0 -0 -4.3 -2.69 4.51 0 -0 0 83.44 22.49 25.51 -43.57 50.05 -21.14 0 -0 -20.19 -11.63 26.37 -5.22 7.12 -0 -0 10.98 -3.56 10.47
3.93 14.8 0.05 732.31 88.01 750.25 0 0 0 -15.24 9.81 -45.97 10.81 17.84 62.16 3.36 -5.4 -33.56 0 0.19 0.54 0 0 0 -0.76 13.55 -60.54 -9.8 -17.29 58.81 -1 1.94 -18.31 -0.4 4.06 -11.24 -6.58 1.13 16.53 -0.48 0.37 1.87 3.13 0.41 -7.31 1.54 -1.35 -17.37 -2.28 -1.86 7.03 -1.13 -1.02 4.87 -0 0 0 -73.6 -17.69 33.73 43.98 -50.26 -21.45 -0 0 -33.55 23.59 -30.56 -12.52 -7.12 0 -0 -4.38 -2.73 4.59 -0 0 0 83.86 22.11 25.77 -44.11 50.32 -21.55 0 -0 -20.22 -11.59 25.99 -5.13 7.12 -0 -0 10.98 -3.94 10.4
3.93 14.79 0.07 733.53 87.95 751.33 0 0 0 -15.2 9.99 -45.82 10.8 17.83 62.12 3.34 -5.27 -33.5 0 0.01 0.04 0 0 0 -0.8 13.81 -60.43 -9.84 -17.32 58.94 -1.01 1.83 -18.47 -0.39 4.04 -11.18 -6.5 1.05 16.7 -0.38 0.27 1.77 3.22 0.37 -7.49 1.31 -1.36 -17.22 -2.15 -1.84 7.28 -1.05 -1.01 4.93 0 -0 0 -73.71 -18.36 34 42.88 -49.69 -20.61 -0 0 -33.38 24.04 -30.06 -12.59 -7.12 0 -0 -4.04 -2.31 4.21 0 -0 0 84.03 20.82 26.09 -45.33 50.93 -22.49 0 -0 -20.41 -11.49 25.85 -5.07 7.12 -0 -0 11.04 -4.08 10.42
3.94 14.79 0.1 733.43 87.75 751.24 0 0 0 -15.25 10.24 -45.74 10.75 17.81 61.95 3.32 -4.87 -33.46 0.02 -0.83 -2.27 0 0 0 -0.83 13.98 -60.55 -9.89 -17.35 59.13 -1.03 1.91 -18.63 -0.45 4.31 -11.95 -6.22 0.98 16.54 -0.41 0.23 1.76 3.03 0.34 -7.41 1.31 -1.53 -17.16 -2.09 -2.08 7.15 -1.05 -1.12 4.88 -0 -0 0 -73.53 -19.02 34.31 41.63 -49.01 -19.66 -0 0 -33.49 23.65 -29.74 -12.26 -7.12 0 -0 -4.22 -1.89 4.37 -0 -0 0 84.33 20 26.33 -45.92 51.21 -22.95 0 -0 -20.46 -11.32 26.06 -5.03 7.12 -0 -0 11.15 -3.9 10.57
3.94 14.79 0.15 738.93 87.65 756.73 0 0 0 -15.34 10.29 -45.72 10.71 17.79 61.82 3.28 -4.2 -33.39 0.06 -1.57 -4.32 0 0 0 -1 14.13 -60.65 -9.97 -17.39 59.4 -1.05 1.87 -18.83 -0.45 4.28 -11.87 -6.43 0.96 16.6 -0.31 0.18 1.79 3.27 0.32 -7.41 1.16 -1.51 -17.36 -2.08 -2.01 7.03 -1.02 -1.09 4.88 -0 -0 0 -73.7 -19.83 34.5 39.91 -48.02 -18.37 -0 0 -32.57 22.52 -29.04 -11.38 -7.12 0 -0 -4.78 -0.94 4.87 -0 -0 0 84.55 19.02 26.36 -47.04 51.73 -23.83 0 -0 -20.55 -10.75 25.77 -4.72 7.12 -0 -0 11.48 -4.25 10.82
3.95 14.78 0.2 743.31 87.75 761.15 0 0 0 -15.16 9.86 -45.54 10.66 17.76 61.67 3.29 -4.05 -33.43 0.07 -1.65 -4.55 0 0 0 -0.8 14.09 -60.85 -10.05 -17.44 59.64 -1.05 1.14 -19.06 -0.81 5.74 -16.02 -6.48 0.82 16.6 -0.11 -0.01 1.65 3.56 0.24 -7.54 1.35 -1.49 -17.21 -2.51 -1.98 7.25 -1.18 -1.1 4.91 -0 0 0 -73.99 -20.11 34.6 38.3 -47.03 -17.19 -0 0 -31.6 21.59 -28.72 -10.77 -7.12 0 -0 -5.28 -0.42 5.34 -0 0 0 84.7 17.94 26.73 -47.92 52.12 -24.52 0 -0 -20.6 -10.75 25.44 -4.66 7.12 -0 -0 11.47 -4.58 10.74
3.97 14.81 0.26 750.92 87.62 768.68 0 0 0 -15.35 10.14 -45.12 10.48 17.67 61.07 3.23 -4.04 -33.14 0.08 -1.85 -5.09 0 0 0 -0.82 13.99 -60.62 -10.05 -17.44 59.65 -1.07 1.13 -19.19 -0.72 5.43 -15.14 -6.32 0.75 16.58 -0.25 -0.08 1.76 3.33 0.19 -7.41 1.02 -1.53 -16.98 -2.05 -2.01 6.97 -0.98 -1.09 4.8 -0 -0 0 -74.05 -20.62 34.78 36.6 -45.92 -15.95 -0 0 -30.18 20.15 -28.64 -9.97 -7.12 0 -0 -6.11 -0.06 6.15 -0 -0 0 85.11 17.06 26.94 -48.99 52.58 -25.37 0 -0 -20.9 -11.08 25.39 -4.8 7.12 -0 -0 11.27 -4.59 10.54
3.98 14.8 0.32 750.79 87.25 768.78 0 0 0 -15.41 10.28 -45.25 10.41 17.63 60.86 3.22 -4.02 -33.09 0.08 -1.85 -5.1 0 0 0 -0.96 14.28 -61.17 -10.15 -17.49 59.99 -1.09 1.23 -19.35 -0.74 5.51 -15.37 -6.46 0.8 16.54 -0.2 -0.05 1.55 3.46 0.22 -7.62 1.17 -1.63 -16.97 -2.31 -2.15 6.99 -1.1 -1.17 4.8 0 0 0 -74.44 -20.49 34.87 34.88 -44.73 -14.73 -0 0 -28.06 20.25 -28.56 -10 -7.12 0 -0 -6.04 0.01 6.08 0 0 0 85.31 16.16 27.31 -49.98 52.99 -26.16 0 -0 -21.05 -11.02 25.1 -4.72 7.12 -0 -0 11.29 -4.88 10.5
4 14.8 0.4 754.63 87.13 772.53 0 0 0 -15.3 10.34 -44.82 10.33 17.59 60.58 3.21 -4.26 -32.96 0.09 -1.92 -5.27 0 0 0 -0.88 14.33 -61.08 -10.22 -17.53 60.22 -1.12 1.2 -19.61 -0.84 5.84 -16.32 -6.42 0.73 16.44 -0.2 -0.11 1.72 3.45 0.18 -7.36 1.2 -1.65 -17.33 -2.39 -2.17 7.18 -1.14 -1.19 4.91 0 -0 0 -74.79 -20.73 34.85 33.18 -43.47 -13.55 -0 0 -27.07 19.57 -28.77 -9.71 -7.12 0 -0 -6.47 -0.08 6.52 0 -0 0 85.71 15.36 27.37 -51.68 53.65 -27.52 0 -0 -20.98 -10.22 24.84 -4.33 7.12 -0 -0 11.77 -5.23 10.88
4.02 14.78 0.47 758.24 86.78 776.48 0 0 0 -15.49 10.47 -45.14 10.31 17.58 60.51 3.18 -3.91 -32.86 0.16 -2.59 -7.15 0 0 0 -1.18 14.42 -61.67 -10.34 -17.59 60.61 -1.15 1.54 -19.84 -0.73 5.48 -15.27 -6.54 0.68 16.34 -0.24 -0.2 1.54 3.49 0.15 -7.5 1.32 -1.64 -17.1 -2.78 -2.13 7.1 -1.27 -1.19 4.84 -0 0 0 -75.25 -20.36 34.77 31.82 -42.4 -12.62 -0 0 -26.5 18.75 -28.73 -9.27 -7.12 0 -0 -6.94 0.11 6.98 -0 0 0 85.93 14.53 27.69 -53.32 54.25 -28.85 0 -0 -21.02 -10.43 24.89 -4.43 7.12 -0 -0 11.64 -5.16 10.77
4.05 14.78 0.55 756.48 86.79 775.11 0 0 0 -15.15 10.52 -45.34 10.23 17.54 60.25 3.14 -3.99 -32.67 0.17 -2.68 -7.39 0 0 0 -0.9 14.57 -62.18 -10.43 -17.65 60.93 -1.18 1.68 -20.09 -0.72 5.42 -15.11 -6.12 0.61 15.89 -0.18 -0.2 1.45 3.32 0.13 -7.34 1.26 -1.59 -17.06 -2.76 -2.07 7.14 -1.25 -1.16 4.85 0 0 0 -75.78 -19.96 34.6 30.64 -41.44 -11.83 -0 0 -26.25 18.44 -28.53 -9.05 -7.12 0 -0 -7.1 0.37 7.11 0 0 0 86.18 14.01 27.73 -54.72 54.73 -29.99 0 -0 -20.85 -10.26 24.67 -4.32 7.12 -0 -0 11.74 -5.39 10.82
4.07 14.79 0.64 762.68 86.84 781.13 0 0 0 -14.91 10.42 -44.75 10.06 17.45 59.7 3.07 -4.22 -32.23 0.17 -2.65 -7.32 0 0 0 -0.67 14.47 -61.95 -10.54 -17.71 61.3 -1.24 1.74 -20.58 -0.7 5.35 -14.92 -5.96 0.47 16.19 -0.15 -0.37 1.41 3.31 0.05 -7.53 1.15 -1.49 -16.89 -2.71 -1.91 7.25 -1.2 -1.08 4.86 -0 -0 0 -76.37 -19.07 34.15 29.97 -40.87 -11.39 -0 0 -25.91 17.87 -28.35 -8.71 -7.12 0 -0 -7.42 0.64 7.4 -0 -0 0 86.18 13.22 28.03 -56.96 55.44 -31.83 0 -0 -21 -10.04 24.65 -4.22 7.12 -0 -0 11.87 -5.44 10.94
4.1 14.77 0.73 766.88 86.69 785.52 0 0 0 -14.78 10.32 -44.72 10.02 17.42 59.56 3.05 -4.06 -32.15 0.19 -2.8 -7.72 0 0 0 -0.68 14.49 -62.33 -10.72 -17.79 61.85 -1.3 1.91 -20.98 -0.65 5.17 -14.4 -5.92 0.41 16.01 -0.18 -0.44 1.42 3.26 0.01 -7.42 1.46 -1.35 -17.12 -3.11 -1.74 7.44 -1.37 -1.02 4.96 0 0 0 -76.9 -18.69 33.76 28.95 -39.97 -10.73 -0 0 -25.56 18.02 -28.1 -8.71 -7.12 0 -0 -7.31 0.87 7.25 0 0 0 86.22 13.01 28.14 -58.49 55.89 -33.09 0 -0 -21.27 -9.99 24.86 -4.23 7.12 -0 -0 11.91 -5.24 11.02
4.13 14.76 0.82 769.2 86.43 787.84 0 0 0 -14.74 10.6 -44.49 9.93 17.37 59.26 3.02 -4.25 -31.95 0.23 -3.08 -8.5 0 0 0 -0.68 14.64 -62.49 -10.86 -17.86 62.31 -1.34 1.79 -21.35 -0.7 5.36 -14.93 -5.93 0.43 15.93 -0.23 -0.4 1.5 3.21 0.02 -7.3 1.47 -1.29 -17.15 -3.19 -1.66 7.45 -1.39 -0.99 4.97 -0 -0 0 -77.42 -18.08 33.43 28.29 -39.39 -10.31 -0 0 -25.38 17.61 -28.3 -8.56 -7.12 0 -0 -7.56 0.74 7.53 -0 -0 0 86.08 13.22 28.3 -60 56.31 -34.34 0 -0 -21.42 -10.13 24.39 -4.22 7.12 -0 -0 11.81 -5.68 10.82
4.16 14.77 0.92 772.99 86.36 791.61 0 0 0 -14.53 10.51 -44.06 9.78 17.29 58.76 2.96 -4.11 -31.65 0.25 -3.24 -8.96 0 0 0 -0.48 14.69 -62.37 -10.95 -17.91 62.61 -1.4 1.92 -21.82 -0.64 5.13 -14.27 -5.81 0.43 16.06 -0.25 -0.38 1.53 3.11 0.03 -7.34 1.33 -1.23 -17.41 -3 -1.56 7.76 -1.3 -0.93 5.11 0 -0 0 -77.91 -17.45 33.27 27.83 -38.96 -10.02 -0 0 -25.15 17.94 -27.58 -8.53 -7.12 0 -0 -7.3 1.42 7.18 0 -0 0 85.84 13.23 28.35 -61.46 56.69 -35.56 0 -0 -21.54 -10.19 24.38 -4.24 7.12 -0 -0 11.77 -5.69 10.78
4.19 14.77 1.01 778.11 86.14 796.85 0 0 0 -14.56 10.29 -43.77 9.62 17.19 58.21 2.9 -3.82 -31.36 0.3 -3.49 -9.65 0 0 0 -0.48 14.48 -62.57 -11.05 -17.96 62.94 -1.46 2.2 -22.25 -0.62 5.05 -14.05 -5.86 0.39 15.98 -0.25 -0.44 1.51 3.14 0 -7.31 1.54 -1.16 -16.87 -3.41 -1.48 7.27 -1.45 -0.91 4.87 0 0 0 -78.42 -16.71 33.09 27.36 -38.52 -9.72 -0 0 -25.02 18.13 -28.85 -8.98 -7.12 0 -0 -7.32 0.1 7.37 0 0 0 85.44 13.77 28.57 -61.96 56.81 -35.97 0 -0 -21.49 -10.37 24.44 -4.33 7.12 -0 -0 11.66 -5.61 10.7
4.21 14.79 1.1 781.3 85.83 800.26 0 0 0 -14.65 10.2 -43.45 9.39 17.05 57.44 2.87 -4.81 -30.99 0.13 -2.29 -6.31 0 0 0 -0.56 14.45 -62.78 -11.1 -17.98 63.1 -1.5 2.18 -22.57 -0.65 5.16 -14.37 -5.89 0.47 15.72 -0.4 -0.33 1.52 2.98 0.05 -7.17 1.88 -1.14 -17.05 -3.69 -1.48 7.41 -1.59 -0.92 4.94 0 0 0 -78.7 -16.2 33.14 27.21 -38.38 -9.63 -0 0 -24.97 17.97 -27.85 -8.62 -7.12 0 -0 -7.31 1.13 7.22 0 0 0 85.14 14.06 28.54 -63.27 57.12 -37.08 0 -0 -21.82 -10.5 24.29 -4.36 7.12 -0 -0 11.58 -5.74 10.59
4.23 14.79 1.19 783.88 85.91 802.69 0 0 0 -14.07 9.88 -42.82 9.29 16.99 57.1 2.87 -5.72 -30.86 0.01 -0.55 -1.52 0 0 0 -0.11 14.48 -62.51 -11.13 -18 63.2 -1.55 2.17 -22.92 -0.63 5.08 -14.13 -5.71 0.5 16.01 -0.3 -0.28 1.54 2.97 0.08 -7.31 1.74 -0.96 -17.01 -3.62 -1.21 7.59 -1.53 -0.79 5 0 -0 0 -79.04 -15.58 33.04 26.9 -38.08 -9.44 -0 0 -25.29 17.39 -28.27 -8.44 -7.12 0 -0 -7.69 0.81 7.65 0 -0 0 84.62 14.84 28.75 -63.37 57.14 -37.16 0 -0 -22.01 -10.97 24.26 -4.56 7.12 -0 -0 11.29 -5.72 10.31
4.24 14.79 1.29 793.5 85.79 812.53 0 0 0 -14.02 9.57 -42.86 9.15 16.91 56.62 2.77 -5.79 -30.31 0.04 -1.29 -3.54 0 0 0 -0.07 14.06 -62.75 -11.2 -18.03 63.43 -1.6 2.19 -23.33 -0.59 4.93 -13.71 -5.62 0.44 16.06 -0.35 -0.36 1.47 2.89 0.04 -7.4 1.66 -0.95 -17.06 -3.43 -1.21 7.83 -1.46 -0.78 5.08 0 -0 0 -79.27 -14.92 33.08 27.04 -38.22 -9.52 -0 0 -25.26 17.44 -28.72 -8.58 -7.12 0 -0 -7.71 0.35 7.73 0 -0 0 84.23 15.75 28.59 -63.15 57.09 -36.98 0 -0 -21.96 -10.81 24.46 -4.52 7.12 -0 -0 11.4 -5.54 10.46
4.26 14.8 1.38 799.25 85.68 818.42 0 0 0 -13.96 9.7 -42.88 8.99 16.8 56.04 2.69 -4.95 -29.94 0.18 -2.74 -7.55 0 0 0 0.09 13.9 -62.83 -11.27 -18.06 63.64 -1.65 2.13 -23.7 -0.45 4.3 -11.91 -5.66 0.45 16.05 -0.25 -0.34 1.43 3.01 0.05 -7.44 1.89 -0.84 -17.15 -3.89 -1.05 8 -1.63 -0.73 5.15 0 0 0 -79.72 -14.5 32.91 26.95 -38.13 -9.47 -0 0 -25.13 17.22 -28.58 -8.43 -7.12 0 -0 -7.82 0.53 7.83 0 0 0 83.63 16.6 28.6 -63.08 57.08 -36.92 0 -0 -21.85 -10.98 24.28 -4.56 7.12 -0 -0 11.28 -5.7 10.32
4.27 14.81 1.46 804.61 85.54 823.78 0 0 0 -13.76 9.74 -42.68 8.84 16.71 55.55 2.64 -5.59 -29.56 0.12 -2.23 -6.15 0 0 0 0.29 13.76 -62.76 -11.3 -18.08 63.74 -1.68 2 -23.97 -0.47 4.41 -12.24 -5.59 0.53 16.34 -0.28 -0.25 1.33 2.92 0.1 -7.72 2.17 -0.62 -17.41 -4.08 -0.79 8.25 -1.71 -0.61 5.28 -0 -0 0 -79.92 -13.86 32.67 27.25 -38.42 -9.66 -0 0 -25.21 17.16 -28.75 -8.45 -7.12 0 -0 -7.88 0.37 7.9 -0 -0 0 83.38 17.42 28.26 -62.3 56.89 -36.26 0 -0 -21.67 -11.06 24.42 -4.62 7.12 -0 -0 11.24 -5.55 10.3
4.28 14.81 1.54 809.05 85.39 828.21 0 0 0 -13.6 9.93 -42.51 8.71 16.62 55.09 2.57 -6.29 -29.04 0.08 -1.84 -5.07 0 0 0 0.47 13.63 -62.77 -11.38 -18.12 64.01 -1.7 2.09 -24.09 -0.36 3.86 -10.69 -5.54 0.6 16.4 -0.23 -0.14 1.25 2.92 0.15 -7.85 2.14 -0.43 -16.97 -4.08 -0.53 8.24 -1.68 -0.48 5.21 -0 0 0 -80.28 -13.17 32.31 27.73 -38.87 -9.95 -0 0 -25.07 16.96 -28.7 -8.33 -7.12 0 -0 -7.99 0.44 8.01 -0 0 0 82.93 18.39 27.98 -61.04 56.58 -35.21 0 -0 -21.58 -10.84 24.51 -4.54 7.12 -0 -0 11.38 -5.49 10.45
4.29 14.81 1.62 815 85.15 834.24 0 0 0 -13.39 9.54 -42.38 8.6 16.54 54.68 2.51 -6.37 -28.68 0.08 -1.77 -4.88 0 0 0 0.52 13.56 -62.83 -11.44 -18.15 64.22 -1.75 1.71 -24.55 -0.47 4.39 -12.17 -5.59 0.73 16.38 -0.18 0.01 1.28 2.97 0.23 -7.82 2.06 -0.45 -17.1 -3.69 -0.59 8.29 -1.55 -0.49 5.25 -0 0 0 -80.54 -12.92 32.11 28.43 -39.51 -10.4 -0 0 -25.31 17.34 -28.69 -8.52 -7.12 0 -0 -7.77 0.39 7.79 -0 0 0 82.49 18.95 27.51 -61.25 56.63 -35.38 0 -0 -21.83 -11.36 24.45 -4.76 7.12 -0 -0 11.06 -5.48 10.15
4.3 14.82 1.69 819.22 84.79 838.55 0 0 0 -13.4 9.38 -42.26 8.45 16.44 54.17 2.43 -6.81 -28.15 0.04 -1.35 -3.7 0 0 0 0.4 13.46 -62.86 -11.49 -18.17 64.37 -1.8 1.56 -24.92 -0.44 4.24 -11.74 -5.63 0.88 16.29 -0.24 0.21 1.32 2.88 0.32 -7.75 2.13 -0.37 -17.2 -3.28 -0.55 8.43 -1.43 -0.44 5.31 0 0 0 -80.65 -12.77 32.07 29.18 -40.18 -10.88 -0 0 -25.57 17.47 -28.95 -8.66 -7.12 0 -0 -7.71 0.11 7.77 0 0 0 82.24 19.1 26.65 -61.9 56.8 -35.93 0 -0 -21.96 -11.18 24.43 -4.67 7.12 -0 -0 11.17 -5.53 10.24
4.32 14.83 1.76 825.43 84.78 844.66 0 0 0 -12.98 9.45 -42.06 8.31 16.34 53.68 2.36 -7 -27.73 0.06 -1.56 -4.29 0 0 0 0.91 13.29 -62.57 -11.51 -18.17 64.42 -1.85 1.48 -25.28 -0.44 4.24 -11.74 -5.23 0.99 16.08 -0.13 0.46 1.54 2.72 0.42 -7.42 2.22 -0.36 -17.47 -2.93 -0.61 8.43 -1.34 -0.44 5.35 0 0 0 -80.68 -12.57 32.04 30.16 -41.03 -11.52 -0 0 -25.98 17.31 -28.94 -8.58 -7.12 0 -0 -7.8 0.15 7.86 0 0 0 81.93 19.94 25.97 -61.58 56.72 -35.66 0 -0 -22.17 -11.19 24.48 -4.68 7.12 -0 -0 11.17 -5.48 10.25
4.32 14.84 1.81 836.53 83.54 855.25 0 0 0 -13.17 8.3 -41.17 8.1 16.19 52.92 2.29 -6.58 -27.33 0.15 -2.49 -6.85 0 0 0 0.81 11.96 -61.88 -11.59 -18.21 64.68 -1.93 1.41 -25.9 -0.37 3.92 -10.86 -5.15 0.81 16.79 -0.06 0.21 1.61 2.8 0.31 -7.71 1.98 -0.22 -17.05 -2.53 -0.41 8.54 -1.16 -0.32 5.33 0 -0 0 -80.88 -12.27 32.16 30.95 -41.69 -12.03 -0 0 -25.9 17.32 -29.58 -8.75 -7.12 0 -0 -7.87 -0.5 8.01 0 -0 0 81.45 20.29 25.15 -61.4 56.67 -35.51 0 -0 -22.23 -11.35 24.14 -4.69 7.12 -0 -0 11.05 -5.79 10.08
4.33 14.85 1.86 837.55 83.14 856.3 0 0 0 -13.39 8.3 -41 7.93 16.06 52.29 2.24 -6.16 -27.09 0.27 -3.32 -9.17 0 0 0 0.69 11.78 -61.82 -11.57 -18.2 64.63 -1.93 1.21 -25.94 -0.39 4.02 -11.14 -5.29 0.98 16.77 0.04 0.42 1.55 2.94 0.42 -7.78 1.77 -0.15 -16.66 -2.26 -0.3 8.35 -1.02 -0.25 5.21 0 -0 0 -80.92 -11.89 32.34 31.87 -42.44 -12.65 -0 0 -26.1 17.61 -29.55 -8.9 -7.12 0 -0 -7.7 -0.52 7.84 0 -0 0 81.1 20.57 24.5 -61.08 56.59 -35.24 0 -0 -22.42 -11.48 24.37 -4.79 7.12 -0 -0 10.98 -5.55 10.06
4.33 14.86 1.9 840.41 82.89 859.24 0 0 0 -13.21 8.08 -41.05 7.83 16 51.97 2.19 -6.27 -26.74 0.26 -3.28 -9.06 0 0 0 0.81 11.71 -61.75 -11.52 -18.18 64.47 -1.92 0.99 -25.92 -0.34 3.74 -10.35 -5.08 1.13 16.53 0.1 0.68 1.66 2.83 0.53 -7.55 2.13 -0.21 -17.1 -2.5 -0.44 8.46 -1.17 -0.33 5.31 -0 -0 0 -80.62 -11.58 32.55 33.13 -43.43 -13.51 -0 0 -26.33 17.71 -29.69 -8.99 -7.12 0 -0 -7.65 -0.67 7.81 -0 -0 0 80.88 21.59 23.45 -59.45 56.16 -33.89 0 -0 -22.6 -11.61 24.56 -4.88 7.12 -0 -0 10.91 -5.35 10.03
4.33 14.89 1.94 845.39 82.73 864.16 0 0 0 -12.79 7.96 -41.02 7.76 15.94 51.68 2.14 -6.61 -26.35 0.23 -3.09 -8.54 0 0 0 1.29 11.56 -61.36 -11.37 -18.11 63.98 -1.91 0.54 -25.99 -0.33 3.68 -10.17 -4.65 1.24 16.66 0.28 0.91 1.6 2.72 0.64 -7.71 2.14 -0.36 -17.58 -2.28 -0.67 9.24 -1.13 -0.42 5.63 -0 -0 0 -80.4 -11.15 32.69 34.2 -44.23 -14.25 -0 0 -26.16 17.41 -29.91 -8.89 -7.12 0 -0 -7.85 -0.85 8.04 -0 -0 0 80.66 22.28 22.57 -57.6 55.63 -32.35 0 -0 -22.67 -11.57 24.26 -4.81 7.12 -0 -0 10.92 -5.65 9.98
4.33 14.89 1.96 848.66 82.12 867.36 0 0 0 -12.8 7.23 -40.78 7.67 15.87 51.36 2.13 -6.4 -26.32 0.3 -3.54 -9.79 0 0 0 1.26 10.94 -61.24 -11.37 -18.11 63.98 -1.92 0.36 -26.14 -0.31 3.58 -9.89 -4.36 1.24 16.6 0.31 0.97 1.66 2.58 0.66 -7.61 2.23 -0.22 -17.17 -2.23 -0.51 8.97 -1.11 -0.34 5.48 -0 -0 0 -79.92 -10.98 33.04 35.13 -44.9 -14.9 -0 0 -26.35 17.57 -29.71 -8.92 -7.12 0 -0 -7.73 -0.68 7.9 -0 -0 0 80.3 22.7 21.73 -55.9 55.11 -30.95 0 -0 -23 -11.74 24.42 -4.91 7.12 -0 -0 10.82 -5.47 9.92
4.31 14.91 1.97 851.16 81.8 869.87 0 0 0 -12.71 7.05 -40.87 7.62 15.83 51.17 2.1 -6.84 -26.07 0.22 -3.02 -8.33 0 0 0 1.32 10.72 -61.1 -11.29 -18.08 63.73 -1.92 0.05 -26.19 -0.34 3.77 -10.44 -4.18 1.26 16.74 0.44 1.03 1.53 2.6 0.68 -7.83 2.02 -0.41 -17.1 -1.97 -0.74 9.18 -1.02 -0.44 5.53 -0 -0 0 -79.64 -10.47 33 35.94 -45.48 -15.48 -0 0 -26.25 17.71 -30 -9.07 -7.12 0 -0 -7.68 -0.99 7.88 -0 -0 0 79.9 23.28 21.36 -53.72 54.39 -29.17 0 -0 -23.38 -11.95 24.23 -4.96 7.12 -0 -0 10.69 -5.64 9.76
4.29 14.92 1.96 852.88 81.5 871.6 0 0 0 -12.7 6.5 -40.74 7.55 15.78 50.93 2.09 -6.48 -26.05 0.25 -3.24 -8.93 0 0 0 1.32 10.37 -61.06 -11.24 -18.05 63.56 -1.93 0.09 -26.3 -0.41 4.12 -11.42 -3.93 1.33 16.58 0.57 1.18 1.61 2.57 0.75 -7.67 1.98 -0.46 -17.37 -2.03 -0.8 9.25 -1.04 -0.47 5.6 0 -0 0 -79.34 -10.24 33.11 36.89 -46.11 -16.16 -0 0 -26.39 17.73 -29.98 -9.08 -7.12 0 -0 -7.67 -0.97 7.87 0 -0 0 79.21 23.84 20.54 -51.74 53.67 -27.57 0 -0 -23.84 -11.85 24.16 -4.91 7.12 -0 -0 10.75 -5.72 9.8
4.28 14.93 1.96 854.43 80.95 873.13 0 0 0 -12.93 6.22 -40.74 7.49 15.73 50.69 2.05 -6.79 -25.75 0.22 -3.05 -8.41 0 0 0 1.16 9.84 -60.94 -11.18 -18.02 63.37 -1.9 -0.26 -26.21 -0.37 3.89 -10.77 -4 1.3 16.48 0.71 1.14 1.61 2.77 0.73 -7.62 2.06 -0.4 -17.12 -2.2 -0.71 9.14 -1.09 -0.44 5.52 0 0 0 -79.03 -9.89 33.1 37.88 -46.77 -16.88 -0 0 -26.26 17.92 -30 -9.18 -7.12 0 -0 -7.57 -1.02 7.77 0 0 0 78.47 24.57 20.01 -48.95 52.56 -25.34 0 -0 -24.05 -11.91 24.34 -4.97 7.12 -0 -0 10.72 -5.54 9.81
4.25 14.93 1.94 852.02 80.22 870.84 0 0 0 -13.87 5.65 -40.76 7.45 15.7 50.56 2.05 -6.84 -25.78 0.18 -2.73 -7.53 0 0 0 0.13 9.33 -61.2 -11.24 -18.05 63.56 -1.93 0 -26.32 -0.41 4.11 -11.38 -4.72 1.43 16.57 0.62 1.16 1.42 3.07 0.77 -7.88 1.88 -0.44 -17.21 -1.79 -0.77 9.68 -0.95 -0.45 5.71 0 -0 0 -78.68 -9.6 33.21 38.54 -47.18 -17.36 -0 0 -26.21 17.81 -30.1 -9.15 -7.12 0 -0 -7.64 -1.11 7.86 0 -0 0 77.81 25.2 19.21 -46 51.25 -23.01 0 -0 -23.75 -11.97 24.28 -4.98 7.12 -0 -0 10.68 -5.58 9.77
4.24 14.93 1.89 853.91 79.8 872.49 0 0 0 -14.06 5.6 -40.64 7.42 15.68 50.46 2.02 -6.73 -25.62 0.34 -3.73 -10.33 0 0 0 0.09 8.69 -60.85 -11.25 -18.06 63.59 -1.95 0.08 -26.4 -0.4 4.06 -11.24 -4.35 1.38 16.63 0.63 1.17 1.52 2.87 0.76 -7.8 1.66 -0.37 -17.14 -1.32 -0.71 9.59 -0.76 -0.38 5.67 0 -0 0 -78.13 -9.39 33.1 39.59 -47.83 -18.14 -0 0 -25.91 17.38 -30.36 -8.99 -7.12 0 -0 -7.92 -1.29 8.17 0 -0 0 77.24 25.7 18.43 -43.48 50 -21.07 0 -0 -23.82 -12.32 24.23 -5.12 7.12 -0 -0 10.46 -5.59 9.56
4.22 14.93 1.85 853.28 79.42 871.64 0 0 0 -14.58 5.46 -40.25 7.35 15.62 50.19 2.04 -7.19 -25.71 0.24 -3.13 -8.65 0 0 0 -0.4 8.27 -60.57 -11.22 -18.04 63.51 -1.95 0.16 -26.41 -0.45 4.3 -11.93 -4.48 1.37 16.65 0.58 1.14 1.61 2.9 0.75 -7.71 1.74 -0.54 -17.3 -1.13 -0.98 9.64 -0.73 -0.5 5.71 0 -0 0 -77.6 -9.12 32.83 40.75 -48.51 -19 -0 0 -25.94 17.33 -30.23 -8.93 -7.12 0 -0 -7.93 -1.16 8.17 0 -0 0 76.81 26.02 17.84 -41.41 48.88 -19.5 0 -0 -24.02 -12.29 24.08 -5.08 7.12 -0 -0 10.47 -5.74 9.54
4.19 14.93 1.81 851.38 79.34 869.94 0 0 0 -15.2 5.53 -40.44 7.31 15.58 50.02 2.05 -7.63 -25.74 0.16 -2.56 -7.05 0 0 0 -1.02 8.28 -60.92 -11.2 -18.03 63.43 -1.9 0.01 -26.07 -0.5 4.52 -12.55 -4.87 1.55 16.55 0.59 1.3 1.52 3.1 0.84 -7.77 1.28 -0.65 -17.35 -0.61 -1.08 9.77 -0.51 -0.52 5.76 -0 0 0 -77.27 -9.03 32.62 41.48 -48.92 -19.55 -0 0 -26.03 17.71 -30.24 -9.13 -7.12 0 -0 -7.71 -1.23 7.95 -0 0 0 75.98 26.25 17.27 -39.16 47.57 -17.82 0 -0 -24.2 -12.39 23.96 -5.1 7.12 -0 -0 10.41 -5.85 9.45
4.18 14.95 1.77 852.33 79.39 870.79 0 0 0 -15.22 5.54 -40.3 7.25 15.54 49.8 2.06 -7.59 -25.82 0.23 -3.08 -8.49 0 0 0 -0.99 8.3 -60.63 -11.12 -18 63.18 -1.89 -0.15 -26.07 -0.52 4.61 -12.81 -4.54 1.59 16.45 0.59 1.43 1.61 2.88 0.89 -7.63 1.66 -0.7 -17.37 -0.86 -1.2 9.63 -0.66 -0.59 5.72 -0 -0 0 -76.58 -8.94 32.3 42.36 -49.41 -20.21 -0 0 -26.01 17.78 -30.37 -9.21 -7.12 0 -0 -7.69 -1.38 7.94 -0 -0 0 75.68 26.96 16.46 -36.73 46.01 -16.04 0 -0 -23.53 -12.48 23.99 -5.14 7.12 -0 -0 10.36 -5.81 9.41
4.18 14.95 1.75 851.14 79.45 869.62 0 0 0 -15.4 5.59 -39.98 7.17 15.48 49.53 2.04 -8.25 -25.64 0.1 -2.02 -5.56 0 0 0 -1.33 8.67 -60.46 -11.12 -17.99 63.18 -1.91 -0.33 -26.25 -0.51 4.59 -12.75 -4.86 1.73 16.24 0.66 1.56 1.68 3.11 0.96 -7.46 1.59 -0.8 -17.45 -0.9 -1.32 9.69 -0.67 -0.65 5.75 -0 -0 0 -76.08 -8.83 31.98 42.79 -49.64 -20.54 -0 0 -26.02 17.78 -30.5 -9.25 -7.12 0 -0 -7.7 -1.51 7.97 -0 -0 0 75.09 27.23 16.16 -34.77 44.65 -14.65 0 -0 -23.28 -12.52 24.12 -5.19 7.12 -0 -0 10.33 -5.67 9.42
4.2 14.96 1.73 849.3 79.43 867.83 0 0 0 -15.78 5.67 -39.72 7.06 15.38 49.11 2.03 -8.27 -25.59 0.09 -1.9 -5.22 0 0 0 -1.71 8.86 -60.45 -11.13 -18 63.2 -1.89 -0.44 -26.21 -0.53 4.65 -12.9 -5.09 1.79 16.17 0.6 1.61 1.73 3.17 0.98 -7.38 1.47 -0.88 -17.79 -0.92 -1.4 9.92 -0.67 -0.69 5.87 0 0 0 -75.47 -8.73 31.56 43.12 -49.81 -20.79 -0 0 -26.12 18.03 -30.49 -9.38 -7.12 0 -0 -7.56 -1.54 7.82 0 0 0 74.94 27.29 16.02 -33.28 43.54 -13.61 0 -0 -22.83 -12.34 24.43 -5.17 7.12 -0 -0 10.46 -5.39 9.6
4.22 14.97 1.73 847.73 79.44 866.33 0 0 0 -16.04 5.84 -39.4 6.92 15.27 48.58 2.03 -7.8 -25.59 0.14 -2.41 -6.64 0 0 0 -1.97 9.19 -60.34 -11.13 -18 63.19 -1.93 -0.45 -26.45 -0.5 4.54 -12.61 -5.21 1.77 16.1 0.49 1.55 1.68 3.13 0.96 -7.38 1.7 -0.82 -17.95 -1.11 -1.35 10.1 -0.77 -0.68 5.96 0 0 0 -74.6 -8.39 31.04 43.26 -49.89 -20.9 -0 0 -26.48 17.95 -30.27 -9.27 -7.12 0 -0 -7.58 -1.31 7.82 0 0 0 75.32 27.14 16.2 -31.92 42.48 -12.69 0 -0 -22.05 -12.55 24.35 -5.24 7.12 -0 -0 10.33 -5.45 9.46
4.28 14.97 1.76 847.75 79.43 866.25 0 0 0 -15.97 6.01 -38.85 6.8 15.16 48.11 2.02 -7.59 -25.56 0.21 -2.97 -8.2 0 0 0 -1.85 9.22 -60.04 -11.16 -18.01 63.29 -1.97 -0.24 -26.63 -0.49 4.48 -12.42 -5.31 1.62 16.04 0.68 1.35 1.66 3.44 0.87 -7.36 1.62 -0.91 -17.81 -1.5 -1.4 9.98 -0.88 -0.74 5.89 0 0 0 -74.04 -7.86 30.56 43.01 -49.76 -20.71 -0 0 -26.5 18.3 -30.14 -9.43 -7.12 0 -0 -7.36 -1.24 7.58 0 0 0 75.36 26.87 16.62 -30.72 41.5 -11.89 0 -0 -21.57 -12.08 24.79 -5.13 7.12 -0 -0 10.63 -5.06 9.83
4.34 14.99 1.81 849.04 80.01 867.22 0 0 0 -15.07 6.61 -38.13 6.66 15.04 47.58 2.01 -7.61 -25.46 0.23 -3.08 -8.5 0 0 0 -0.97 10.17 -59.27 -11.12 -17.99 63.16 -2.02 -0.55 -27.13 -0.46 4.37 -12.11 -4.79 1.66 16.13 0.92 1.51 1.71 3.36 0.93 -7.36 1.17 -1.05 -17.58 -1.39 -1.49 9.97 -0.78 -0.79 5.85 -0 -0 0 -73.38 -7.32 30.22 43.06 -49.78 -20.74 -0 0 -26.5 18 -30.03 -9.24 -7.12 0 -0 -7.52 -1.07 7.73 -0 -0 0 75.73 26.73 16.45 -29.15 40.16 -10.86 0 -0 -20.75 -11.82 25.47 -5.14 7.12 -0 -0 10.82 -4.42 10.14
4.44 15 1.87 845.02 80.05 863.2 0 0 0 -15.44 6.79 -37.06 6.4 14.8 46.56 2.03 -6.73 -25.67 0.37 -3.93 -10.88 0 0 0 -1.23 10.64 -58.93 -11.14 -18 63.23 -2.08 -0.39 -27.42 -0.46 4.33 -12.01 -5.06 1.67 16.02 0.84 1.47 1.66 3.44 0.92 -7.36 1.15 -1.1 -17.66 -1.8 -1.49 10.28 -0.91 -0.82 5.96 0 -0 0 -72.91 -6.6 29.68 42.62 -49.55 -20.41 -0 0 -26.59 17.92 -30.09 -9.21 -7.12 0 -0 -7.57 -1.12 7.79 0 -0 0 76.22 25.76 17.09 -28.66 39.72 -10.54 0 -0 -20.67 -12.26 24.98 -5.24 7.12 -0 -0 10.53 -4.85 9.77
4.53 15.02 1.94 843.26 80.19 861.37 0 0 0 -15.26 7.02 -35.92 6.14 14.57 45.55 2.02 -6.41 -25.64 0.4 -4.07 -11.29 0 0 0 -0.99 11.16 -58.41 -11.19 -18.02 63.38 -2.17 -0.01 -27.9 -0.35 3.81 -10.55 -4.75 1.59 16.06 0.88 1.42 1.64 3.32 0.89 -7.39 1.08 -1.26 -17.97 -2.31 -1.62 10.62 -1.08 -0.93 6.12 0 0 0 -72.52 -5.94 29.31 42.18 -49.31 -20.07 -0 0 -26.7 18.13 -30.32 -9.39 -7.12 0 -0 -7.48 -1.39 7.72 0 0 0 76.76 25.6 17.26 -27.2 38.37 -9.62 0 -0 -20.07 -12.49 25.47 -5.44 7.12 -0 -0 10.42 -4.34 9.76
4.65 15.03 2.03 839.45 80.12 857.58 0 0 0 -15.49 7.13 -34.77 5.87 14.31 44.48 1.96 -5.15 -25.33 0.63 -5.06 -14.09 0 0 0 -1.1 11.73 -58 -11.22 -18.04 63.49 -2.25 -0.03 -28.4 -0.35 3.78 -10.45 -4.75 1.48 16.03 0.87 1.27 1.51 3.34 0.82 -7.51 1.4 -1.21 -17.91 -3.35 -1.46 10.87 -1.45 -0.93 6.18 0 0 0 -72.38 -4.7 28.78 42.16 -49.3 -20.06 -0 0 -26.7 18.38 -30.3 -9.52 -7.12 0 -0 -7.33 -1.41 7.57 0 0 0 77.33 24.79 17.82 -26.27 37.47 -9.05 0 -0 -19.16 -11.97 25.55 -5.22 7.12 -0 -0 10.74 -4.32 10.08
4.78 15.05 2.13 835.39 80.21 853.51 0 0 0 -15.45 7.33 -33.65 5.69 14.12 43.71 1.84 -4.22 -24.63 0.7 -5.36 -14.94 0 0 0 -1.06 12.6 -57.36 -11.21 -18.03 63.45 -2.34 0.08 -28.99 -0.33 3.68 -10.18 -4.5 1.4 15.86 0.88 1.22 1.51 3.22 0.78 -7.4 1.28 -1.16 -18.16 -3.94 -1.26 11.11 -1.61 -0.89 6.3 0 0 0 -72.46 -3.76 28.23 41.96 -49.19 -19.91 -0 0 -26.73 18.1 -30.38 -9.39 -7.12 0 -0 -7.5 -1.45 7.76 0 0 0 77.85 23.92 18.28 -25.8 37.01 -8.77 0 -0 -18.95 -11.7 24.56 -4.92 7.12 -0 -0 10.85 -5.33 9.98
4.92 15.07 2.23 831.44 79.93 849.44 0 0 0 -15.51 7.27 -32.86 5.7 14.13 43.75 1.65 -3.39 -23.45 0.74 -5.48 -15.28 0 0 0 -1.13 13.07 -56.58 -11.23 -18.05 63.52 -2.44 0.26 -29.54 -0.31 3.6 -9.96 -4.36 1.31 15.91 0.82 1.13 1.65 3.1 0.73 -7.26 1.35 -1.13 -18.47 -4.47 -1.14 11.32 -1.78 -0.88 6.42 -0 -0 0 -72.67 -3.07 27.83 42.06 -49.25 -19.99 -0 0 -26.91 18.04 -30.53 -9.39 -7.12 0 -0 -7.55 -1.59 7.83 -0 -0 0 78.3 23.25 18.65 -25.27 36.48 -8.45 0 -0 -18.84 -12.74 24.93 -5.44 7.12 -0 -0 10.24 -4.85 9.49
5.05 15.11 2.34 829.87 79.89 847.72 0 0 0 -14.85 7.42 -33.31 6.13 14.56 45.51 1.25 -2.83 -20.36 0.99 -6.33 -17.75 0 0 0 -0.64 13.62 -55.49 -11.12 -17.99 63.16 -2.57 0.64 -30.21 -0.23 3.06 -8.45 -3.97 1.1 15.57 0.91 0.95 1.95 3.01 0.62 -6.74 1.34 -1.06 -18.39 -4.86 -0.99 11.21 -1.89 -0.83 6.38 0 -0 0 -72.92 -2.61 27.55 42.23 -49.34 -20.12 -0 0 -27.27 17.99 -30.11 -9.25 -7.12 0 -0 -7.54 -1.15 7.75 0 -0 0 78.7 23.24 18.91 -24.22 35.39 -7.83 0 -0 -18.61 -12.42 25.46 -5.41 7.12 -0 -0 10.46 -4.35 9.8
5.17 15.15 2.46 828.35 79.62 846.28 0 0 0 -14.22 7.26 -35.43 7.16 15.47 49.48 0.83 -2.5 -16.51 0.92 -6.12 -17.12 0 0 0 -0.38 13.93 -54.75 -11.02 -17.95 62.85 -2.67 0.21 -30.91 -0.36 3.87 -10.71 -3.73 0.96 16.07 0.94 0.78 1.55 2.95 0.55 -7.42 1.23 -1.14 -18.23 -5.1 -1.01 11.7 -1.96 -0.87 6.51 0 0 0 -73.29 -1.61 27.79 42.21 -49.33 -20.1 -0 0 -27.44 17.2 -30.19 -8.85 -7.12 0 -0 -8 -1.09 8.23 0 0 0 78.97 21.81 19.47 -24.17 35.35 -7.81 0 -0 -18.76 -12.16 24.37 -5.08 7.12 -0 -0 10.57 -5.47 9.68
5.27 15.19 2.57 829.39 79.51 847.29 0 0 0 -13.31 7.29 -38.41 8.44 16.43 54.13 0.44 -1.94 -11.94 0.42 -4.17 -11.54 0 0 0 0.33 13.8 -53.9 -10.89 -17.88 62.43 -2.77 1.08 -31.23 -0.16 2.61 -7.19 -2.97 0.7 15.97 0.94 0.58 1.76 2.56 0.42 -7.12 1.19 -0.97 -18.4 -5.23 -0.74 11.75 -1.97 -0.76 6.56 0 0 0 -73.52 -2.02 28.07 42.04 -49.23 -19.97 -0 0 -27.26 16.99 -30.46 -8.8 -7.12 0 -0 -8.15 -1.32 8.42 0 0 0 79.17 21.29 19.9 -23.75 34.9 -7.56 0 -0 -18.85 -13.1 25.05 -5.63 7.12 -0 -0 10.03 -4.67 9.32
5.38 15.23 2.66 829.84 79.49 847.6 0 0 0 -12.69 7.26 -41.09 9.56 17.16 58.02 0.21 -0.77 -8.44 0.03 -1.1 -3.04 0 0 0 1.03 13.71 -52.97 -10.75 -17.81 61.98 -2.84 1.16 -31.61 -0.18 2.72 -7.5 -2.55 0.5 16.44 1.12 0.38 1.64 2.56 0.33 -7.48 1.71 -0.92 -18.22 -6.37 -0.6 11.93 -2.41 -0.76 6.59 0 0 0 -74.07 -1.86 28.55 42.55 -49.51 -20.36 -0 0 -27.05 17.14 -29.9 -8.74 -7.12 0 -0 -8 -0.79 8.19 0 0 0 78.82 20.2 21.47 -23.69 34.84 -7.53 0 -0 -18.92 -14.7 24.89 -6.3 7.12 -0 -0 9.04 -4.62 8.39
5.48 15.25 2.72 827.22 79.32 844.99 0 0 0 -12.9 7.07 -43.44 10.33 17.59 60.58 0.23 -2.52 -8.51 0.03 -1.06 -2.92 0 0 0 1.04 13.69 -52.45 -10.71 -17.79 61.84 -2.93 1.91 -31.93 -0.15 2.51 -6.93 -2.24 0.43 16.51 0.96 0.34 1.76 2.21 0.29 -7.39 1.66 -0.71 -18.41 -6.41 -0.31 11.92 -2.38 -0.63 6.63 -0 -0 0 -74.51 -2.02 28.95 43.53 -50.03 -21.1 -0 0 -27.16 16.89 -30 -8.63 -7.12 0 -0 -8.16 -0.84 8.36 -0 -0 0 78.26 19.38 23.49 -23.87 35.03 -7.63 0 -0 -19.41 -15.08 24.37 -6.34 7.12 -0 -0 8.78 -5.1 8.06
5.58 15.24 2.76 827.15 79.24 844.83 0 0 0 -13.01 6.62 -45.75 10.68 17.78 61.74 0.18 -4.95 -7.71 0.02 -0.93 -2.55 0 0 0 1.33 13.67 -52.04 -10.79 -17.83 62.09 -3 2.08 -32.27 -0.14 2.41 -6.63 -1.94 0.33 17.06 1.01 0.27 1.72 2.12 0.26 -7.74 1.76 -0.72 -18.54 -6.99 -0.24 11.87 -2.58 -0.64 6.64 0 -0 0 -74.97 -2.41 29.65 44.4 -50.47 -21.78 -0 0 -27.79 16.71 -30.74 -8.72 -7.12 0 -0 -8.34 -1.56 8.65 0 -0 0 77.32 18.43 25.65 -23.99 35.16 -7.7 0 -0 -19.91 -14.73 24.08 -6.13 7.12 -0 -0 8.97 -5.43 8.19
5.68 15.24 2.79 827.17 79.45 845.18 0 0 0 -13.1 5.69 -48.2 10.56 17.71 61.34 0.13 -7.04 -7.62 0.02 -0.84 -2.3 0 0 0 1.65 13.99 -51.98 -10.83 -17.85 62.23 -3.07 1.91 -32.71 -0.17 2.62 -7.21 -1.6 0.21 17.05 1.05 0.18 1.69 1.99 0.2 -7.76 1.91 -0.75 -18.16 -7.14 -0.31 11.58 -2.65 -0.67 6.48 -0 -0 0 -75.28 -2.47 30.19 46.28 -51.38 -23.23 -0 0 -28.62 16.54 -31.03 -8.7 -7.12 0 -0 -8.47 -1.82 8.83 -0 -0 0 76.33 17.52 28.57 -24.03 35.19 -7.72 0 -0 -20.3 -15.02 24.99 -6.47 7.12 -0 -0 8.85 -4.48 8.23
5.77 15.24 2.81 827.51 79.51 846.16 0 0 0 -13.41 4.36 -50.7 9.97 17.39 59.39 0.12 -8.18 -7.93 0 -0.04 -0.12 0 0 0 1.79 13.81 -52.43 -10.91 -17.89 62.47 -3.1 2.64 -32.69 -0.06 1.6 -4.41 -1.41 0.07 16.7 0.99 0.01 1.67 1.85 0.11 -7.58 2.04 -0.56 -18.02 -7.31 -0.09 11.05 -2.69 -0.56 6.3 0 0 0 -75.18 -3.28 30.7 47.66 -52.01 -24.32 -0 0 -29.37 15.85 -31.08 -8.34 -7.12 0 -0 -8.87 -1.75 9.24 0 0 0 75.6 17.43 31.3 -23.69 34.83 -7.53 0 -0 -20.26 -15.23 24.58 -6.46 7.12 -0 -0 8.7 -4.86 8.02
5.87 15.25 2.81 827.49 79.62 846.33 0 0 0 -13.63 2.99 -52.13 8.98 16.79 56.01 0.16 -8.34 -8.61 0 -0.1 -0.27 0 0 0 2.08 13.62 -52.26 -10.92 -17.9 62.52 -3.17 2.9 -33.01 -0.06 1.6 -4.4 -1.43 -0.04 16.93 0.96 -0.14 1.64 1.87 0.04 -7.73 2.15 -0.43 -17.75 -7.49 0.06 10.68 -2.75 -0.48 6.15 0 0 0 -74.87 -3.78 31.44 49.96 -52.98 -26.14 -0 0 -30.93 16.09 -30.66 -8.37 -7.12 0 -0 -8.68 -1.37 8.99 0 0 0 74.86 16.69 34.53 -23.63 34.77 -7.49 0 -0 -20.8 -15.82 24.55 -6.72 7.12 -0 -0 8.33 -4.81 7.69
5.98 15.24 2.79 827.89 80.12 846.97 0 0 0 -13.29 1.63 -53.26 7.85 16.01 52.01 0.2 -7.87 -9.11 0 -0.21 -0.57 0 0 0 2.72 13.49 -52.07 -10.92 -17.89 62.52 -3.24 3.23 -33.33 -0.06 1.59 -4.36 -1.34 -0.06 17.01 1.01 -0.14 1.56 1.87 0.04 -7.86 2.01 -0.35 -17.42 -7.43 0.2 10.73 -2.69 -0.41 6.12 -0 -0 0 -74.41 -4.35 32.12 52.69 -54.03 -28.34 -0 0 -33.86 15.76 -29.88 -8 -7.12 0 -0 -8.8 -0.54 8.99 -0 -0 0 74.23 15.97 37.29 -23.59 34.73 -7.47 0 -0 -21.46 -15.47 24.8 -6.62 7.12 -0 -0 8.56 -4.6 7.94
6.09 15.24 2.75 826.31 80.54 845.4 0 0 0 -12.86 0.36 -53.64 6.68 15.06 47.65 0.23 -7.76 -9.38 0 -0.19 -0.51 0 0 0 3.15 13.48 -51.53 -10.87 -17.87 62.35 -3.32 3.45 -33.69 -0.08 1.83 -5.04 -1.49 0 17.13 0.87 -0.09 1.72 1.79 0.06 -7.76 2.33 -0.06 -17.92 -7.77 0.58 11.01 -2.82 -0.26 6.31 -0 -0 0 -73.62 -5.41 32.51 55.75 -55.07 -30.83 -0 0 -36.04 16.23 -29.39 -8.13 -7.12 0 -0 -8.48 -0.13 8.6 -0 -0 0 74.03 15.41 39.42 -23.66 34.8 -7.51 0 -0 -21.7 -14.82 24.04 -6.15 7.12 -0 -0 8.91 -5.46 8.13
6.2 15.25 2.7 825.15 81.28 844.09 0 0 0 -11.74 -1.03 -53.7 5.59 14.02 43.32 0.23 -7.19 -9.18 0 0.15 0.4 0 0 0 3.89 13.65 -50.71 -10.74 -17.81 61.94 -3.35 3.37 -33.91 -0.1 2.08 -5.74 -1.45 0.03 17.39 0.79 -0.05 1.78 1.67 0.08 -7.83 2.56 0.07 -17.7 -7.96 0.74 11.08 -2.91 -0.18 6.31 0 0 0 -72.74 -6.17 32.54 58.68 -55.95 -33.24 -0 0 -36.53 16.1 -29.2 -8.02 -7.12 0 -0 -8.54 0.09 8.62 0 0 0 74.06 14.86 41.67 -23.62 34.76 -7.49 0 -0 -22.07 -15.19 24.28 -6.37 7.12 -0 -0 8.7 -5.17 7.98
6.31 15.23 2.62 822.82 82.12 841.7 0 0 0 -10.1 -2.7 -53.38 4.72 13.07 39.62 0.23 -6.36 -8.98 0 0.15 0.43 0 0 0 4.49 14.11 -50 -10.67 -17.77 61.71 -3.44 3.33 -34.35 -0.13 2.34 -6.44 -1.4 0.15 17.43 0.64 0.1 1.86 1.45 0.15 -7.77 2.66 0.14 -17.59 -8.01 0.81 11 -2.93 -0.14 6.27 0 0 0 -71.62 -7.55 32.71 60.26 -56.38 -34.56 -0 0 -36.34 16.94 -29.8 -8.61 -7.12 0 -0 -8.11 -0.66 8.29 0 0 0 74.53 14.38 42.77 -23.33 34.45 -7.32 0 -0 -21.65 -15.55 25.5 -6.83 7.12 -0 -0 8.56 -3.89 8.05
6.44 15.23 2.53 819.36 82.5 838.12 0 0 0 -8.99 -4.19 -52.8 3.99 12.14 36.25 0.25 -5.66 -9.09 0 -0.3 -0.83 0 0 0 4.57 14.33 -49.27 -10.65 -17.76 61.64 -3.5 2.97 -34.78 -0.23 3.06 -8.45 -1.89 0.23 17.35 0.42 0.1 1.95 1.5 0.16 -7.63 2.7 0.34 -17.97 -8.06 1.1 11.39 -2.93 -0.02 6.47 0 0 0 -70.44 -8.84 32.77 61.47 -56.69 -35.57 -0 0 -36.39 17.3 -30.15 -8.89 -7.12 0 -0 -7.94 -1.07 8.16 0 0 0 74.72 13.41 44.08 -23.79 34.94 -7.59 0 -0 -22.27 -15.37 25.32 -6.71 7.12 -0 -0 8.66 -4.1 8.11
6.57 15.22 2.4 815.1 83.01 833.83 0 0 0 -7.54 -5.83 -52.16 3.45 11.39 33.61 0.28 -4.81 -9.53 0 0.05 0.15 0 0 0 4.59 14.51 -48.72 -10.63 -17.75 61.57 -3.56 3.03 -35.06 -0.28 3.4 -9.39 -2.23 0.28 17.33 0.22 0.08 1.89 1.48 0.16 -7.69 2.86 0.65 -17.62 -8.13 1.49 11.19 -2.93 0.18 6.38 0 0 0 -69.19 -9.77 32.78 62.69 -56.99 -36.59 -0 0 -36.47 17.27 -30.11 -8.87 -7.12 0 -0 -7.95 -1.03 8.17 0 0 0 75.22 12.65 44.86 -23.93 35.1 -7.67 0 -0 -22.47 -15.21 24.73 -6.49 7.12 -0 -0 8.72 -4.71 8.07
6.71 15.2 2.25 810.26 83.82 828.79 0 0 0 -6.02 -6.91 -51.84 3.24 11.07 32.5 0.26 -4.42 -9.09 0 -0.38 -1.06 0 0 0 5.02 14.59 -47.87 -10.58 -17.72 61.4 -3.62 3.07 -35.36 -0.36 3.87 -10.71 -2.24 0.32 17.53 0.06 0.11 1.9 1.31 0.17 -7.8 3.15 0.78 -17.72 -8.16 1.58 10.94 -2.98 0.23 6.32 0 0 0 -67.78 -10.84 32.91 62.7 -56.99 -36.6 -0 0 -36.19 17.57 -30.43 -9.11 -7.12 0 -0 -7.81 -1.4 8.07 0 0 0 75.85 12.47 45.66 -23.64 34.78 -7.5 0 -0 -22.86 -15.19 25.08 -6.56 7.12 -0 -0 8.75 -4.36 8.16
6.86 15.19 2.07 800.14 84.42 818.15 0 0 0 -5.25 -7.19 -51.1 3.25 11.09 32.6 0.22 -4.52 -8.4 0.06 -1.61 -4.42 0 0 0 5.26 14.77 -46.49 -10.51 -17.69 61.18 -3.69 3.71 -35.59 -0.35 3.79 -10.48 -2.62 0.53 17.92 -0.15 0.3 2.13 1.25 0.27 -7.76 3.63 0.99 -18.54 -8.31 1.75 11.08 -3.09 0.3 6.52 0 0 0 -66.25 -12.02 33.28 62.57 -56.96 -36.48 -0 0 -35.97 17.73 -30.39 -9.19 -7.12 0 -0 -7.72 -1.38 7.97 0 0 0 76.13 11.66 46.11 -24.35 35.53 -7.91 0 -0 -23.21 -15.03 24.11 -6.26 7.12 -0 -0 8.79 -5.36 8.03
7 15.15 1.85 789.26 84.98 806.97 0 0 0 -4.93 -6.9 -51.35 3.73 11.79 34.99 0.18 -5.73 -7.99 0.02 -0.85 -2.34 0 0 0 5.35 14.92 -45.59 -10.48 -17.67 61.07 -3.75 4.29 -35.8 -0.45 4.31 -11.94 -2.83 0.62 18.28 -0.24 0.37 2.21 1.25 0.32 -7.88 3.28 1.24 -18.17 -7.74 2.05 10.52 -2.81 0.5 6.28 -0 0 0 -64.76 -12.84 33.85 61.96 -56.81 -35.97 -0 0 -36.07 17.63 -29.93 -9.01 -7.12 0 -0 -7.72 -0.9 7.92 -0 0 0 76.15 10.41 46.29 -25.31 36.52 -8.47 0 -0 -23.17 -14.75 25.23 -6.4 7.12 -0 -0 9.03 -4.27 8.44
7.14 15.11 1.62 776.74 85.37 794.41 0 0 0 -4.68 -6.43 -52.31 4.34 12.6 37.88 0.14 -6.79 -7.56 0.05 -1.41 -3.87 0 0 0 5.32 15.21 -44.97 -10.43 -17.65 60.93 -3.82 4.17 -36.13 -0.68 5.29 -14.74 -2.96 0.71 18.45 -0.52 0.43 2.26 1.01 0.35 -7.92 3.77 1.48 -18.24 -7.73 2.24 10.23 -2.86 0.61 6.22 -0 0 0 -62.61 -13.65 34.85 61.43 -56.68 -35.53 -0 0 -36.16 18.07 -29.98 -9.26 -7.12 0 -0 -7.48 -1.04 7.68 -0 0 0 76.49 10.41 46.97 -25.25 36.46 -8.44 0 -0 -23.7 -14.43 25.56 -6.34 7.12 -0 -0 9.25 -3.99 8.7
7.29 15.11 1.38 766.73 85.19 784.54 0 0 0 -4.98 -6.21 -53.05 4.68 13.02 39.44 0.03 -6.88 -5.54 0.01 -0.63 -1.72 0 0 0 4.66 15.41 -44.39 -10.33 -17.59 60.58 -3.84 4.52 -36.18 -0.71 5.4 -15.05 -3.77 0.81 18.51 -0.76 0.37 2.19 1.22 0.34 -8.03 3.86 1.81 -17.82 -7.46 2.59 9.84 -2.75 0.82 6.04 0 0 0 -60.88 -14.29 35.78 60.2 -56.36 -34.51 -0 0 -35.32 18.31 -30.53 -9.54 -7.12 0 -0 -7.4 -1.64 7.67 0 0 0 76.57 9.96 47.82 -25.55 36.76 -8.62 0 -0 -24.12 -14.68 25.12 -6.34 7.12 -0 -0 9.07 -4.39 8.46
7.44 15.11 1.12 754.23 84.65 772.19 0 0 0 -5.75 -5.17 -54.13 5.25 13.66 41.9 0.08 -6.57 -6.37 0.07 -1.75 -4.83 0 0 0 4.05 15.59 -43.73 -10.17 -17.5 60.05 -3.83 4.69 -36.11 -0.91 6.08 -17.01 -4.56 1.07 18.55 -1 0.54 2.17 1.36 0.45 -8.09 3.96 1.95 -17.96 -7.36 2.74 9.72 -2.72 0.9 6.03 0 0 0 -59.14 -15.03 36.82 58.57 -55.92 -33.15 -0 0 -33.98 18.17 -30.92 -9.57 -7.12 0 -0 -7.53 -2 7.85 0 0 0 76.35 9.29 48.46 -26.48 37.68 -9.18 0 -0 -24.56 -14.55 24.71 -6.19 7.12 -0 -0 9.12 -4.83 8.43
7.6 15.1 0.82 742.28 84.4 760.3 0 0 0 -6.03 -4.44 -55.24 5.89 14.32 44.54 0.13 -6.85 -7.51 0.12 -2.21 -6.09 0 0 0 3.8 15.67 -42.94 -9.95 -17.38 59.32 -3.7 5.5 -35.33 -0.91 6.07 -16.98 -4.61 1.08 18.6 -1.14 0.52 2.15 1.25 0.44 -8.13 4.33 2.09 -17.93 -7.49 2.84 9.56 -2.81 0.95 5.99 0 -0 0 -57.59 -15.48 37.98 57.26 -55.53 -32.07 -0 0 -33.18 18.88 -30.53 -9.86 -7.12 0 -0 -7.07 -1.74 7.34 0 -0 0 76.02 8.54 49.23 -27.61 38.75 -9.88 0 -0 -24.85 -14.38 25.31 -6.25 7.12 -0 -0 9.26 -4.25 8.67
7.76 15.09 0.51 732.83 83.65 750.84 0 0 0 -6.58 -3.68 -55.99 6.48 14.88 46.88 0.18 -7.75 -8.68 0.05 -1.46 -4.01 0 0 0 3.18 15.92 -42.05 -9.68 -17.22 58.4 -3.66 6.12 -35.02 -1.03 6.45 -18.1 -4.86 1.32 18.69 -1.27 0.77 2.15 1.19 0.56 -8.2 4.17 2.13 -17.67 -7.24 2.9 9.43 -2.69 1 5.9 0 -0 0 -56.49 -15.97 39.45 56.3 -55.24 -31.28 -0 0 -32.99 18.53 -30.21 -9.57 -7.12 0 -0 -7.24 -1.35 7.46 0 -0 0 75.58 7.93 49.58 -28.54 39.6 -10.46 0 -0 -25.05 -14.16 25.08 -6.11 7.12 -0 -0 9.38 -4.51 8.73
7.92 15.1 0.21 724.62 82.51 742.85 0 0 0 -7.07 -2.84 -56.63 6.98 15.32 48.8 0.27 -8.01 -10.14 0.02 -0.95 -2.61 0 0 0 2.72 15.79 -41.59 -9.4 -17.06 57.46 -3.45 6.28 -33.93 -1.33 7.3 -20.62 -5.2 1.53 18.38 -1.34 0.99 2.11 1.26 0.68 -8.09 4.25 2.13 -17.8 -7.29 2.88 9.41 -2.73 0.99 5.92 -0 -0 0 -55.54 -16.17 40.64 54.92 -54.8 -30.15 -0 0 -32.14 18.12 -29.88 -9.26 -7.12 0 -0 -7.43 -0.94 7.62 -0 -0 0 75.21 7.77 49.74 -29.47 40.43 -11.06 0 -0 -25.14 -13.34 25.09 -5.74 7.12 -0 -0 9.88 -4.61 9.2
8.08 15.13 -0.1 719.68 81.4 738.03 0 0 0 -7.78 -2.19 -56.87 7.34 15.61 50.13 0.37 -8.23 -11.48 0.01 -0.68 -1.88 0 0 0 2.18 15.12 -41.33 -9.15 -16.9 56.59 -3.14 7.34 -32.15 -1.33 7.31 -20.64 -5.27 1.71 18.61 -1.45 1.17 1.96 1.12 0.77 -8.38 4.16 2.16 -17.52 -7.17 2.92 9.29 -2.67 1.02 5.84 -0 0 0 -54.82 -16.3 42.11 53.4 -54.28 -28.91 -0 0 -30.66 18.94 -30.38 -9.85 -7.12 0 -0 -7.02 -1.6 7.27 -0 0 0 75.14 7.62 49.22 -30.25 41.11 -11.58 0 -0 -24.82 -13.21 25.61 -5.8 7.12 -0 -0 9.99 -4.1 9.39
8.22 15.17 -0.41 715.86 80.05 734.33 0 0 0 -8.55 -1.39 -56.99 7.62 15.83 51.18 0.49 -8.31 -12.87 0.02 -0.8 -2.21 0 0 0 1.74 14 -41.64 -8.96 -16.78 55.95 -2.71 8.49 -29.7 -1.41 7.5 -21.21 -5.28 1.93 18.58 -1.49 1.46 1.94 1.02 0.9 -8.41 4.06 2.46 -17.55 -7.51 3.4 9.3 -2.71 1.23 5.88 0 0 0 -54.82 -16.05 43.01 52.84 -54.08 -28.46 -0 0 -30.15 18.92 -30.38 -9.83 -7.12 0 -0 -7.03 -1.59 7.28 0 0 0 74.85 7.52 48.45 -31.89 42.46 -12.67 0 -0 -25.15 -12.64 24.89 -5.39 7.12 -0 -0 10.29 -4.9 9.54
8.34 15.19 -0.66 712.22 78.31 731.26 0 0 0 -8.94 -0.26 -57.75 7.96 16.09 52.4 0.59 -8.52 -14.04 0 -0.36 -0.98 0 0 0 1.5 13.27 -42.8 -8.92 -16.76 55.81 -2.38 8.86 -27.76 -1.65 8.1 -23.02 -5.83 2.35 18.02 -1.36 1.92 1.77 1.35 1.14 -8.33 4.09 2.43 -17.31 -7.82 3.39 8.91 -2.81 1.21 5.72 0 0 0 -54.95 -15.59 43.76 52.36 -53.91 -28.07 -0 0 -30.02 19.21 -30.05 -9.9 -7.12 0 -0 -6.82 -1.32 7.03 0 0 0 74.91 7.57 47.38 -33.51 43.72 -13.77 0 -0 -25.15 -12.88 25.23 -5.57 7.12 -0 -0 10.17 -4.53 9.49
8.45 15.22 -0.88 710.78 77.47 729.74 0 0 0 -9.57 0.29 -57.64 8.15 16.23 53.1 0.66 -8.91 -14.89 0.01 0.63 1.73 0 0 0 1.57 11.54 -43.1 -8.97 -16.79 55.99 -2.16 9.24 -26.39 -1.59 7.96 -22.6 -6.23 2.52 18.04 -1.3 2.07 1.75 1.6 1.23 -8.4 4.42 2.48 -17.29 -8.24 3.46 9.28 -3 1.22 5.85 0 -0 0 -55.32 -15.35 44.27 51.59 -53.62 -27.45 -0 0 -29.86 18.62 -30.06 -9.58 -7.12 0 -0 -7.17 -1.22 7.38 0 -0 0 75.17 7.71 46.18 -35.13 44.91 -14.91 0 -0 -25.06 -12.82 25.74 -5.64 7.12 -0 -0 10.23 -4.03 9.65
8.54 15.21 -1.05 708.79 77.13 727.76 0 0 0 -9.91 0.66 -57.97 8.42 16.42 54.05 0.71 -9.13 -15.35 0.02 0.9 2.46 0 0 0 2.07 9.78 -43.34 -9.33 -17.01 57.21 -2.09 9.01 -25.93 -1.5 7.73 -21.9 -6.28 2.59 17.78 -1.23 2.17 1.71 1.68 1.28 -8.31 3.88 2.15 -17.06 -7.48 3.04 9.39 -2.71 1.05 5.8 -0 0 0 -55.75 -15.35 44.89 50.59 -53.23 -26.65 -0 0 -29.22 19.05 -30.14 -9.83 -7.12 0 -0 -6.93 -1.37 7.15 -0 0 0 75.61 7.89 44.78 -36.87 46.1 -16.14 0 -0 -24.74 -12.03 25.61 -5.26 7.12 -0 -0 10.7 -4.26 10.06
8.61 15.21 -1.18 707.36 77.05 726.25 0 0 0 -10.11 0.68 -58.03 8.59 16.54 54.66 0.74 -9.26 -15.66 0.03 1.16 3.19 0 0 0 2.73 8.08 -43.36 -9.92 -17.36 59.21 -1.97 8.82 -25.16 -1.24 7.05 -19.87 -6.64 2.7 17.69 -1.07 2.26 1.66 2.05 1.34 -8.35 3.9 2.05 -16.96 -7.39 2.92 9.86 -2.7 0.99 5.93 0 0 0 -56.63 -15.68 45.28 49.33 -52.72 -25.64 -0 0 -28.62 18.8 -30.09 -9.69 -7.12 0 -0 -7.06 -1.28 7.28 0 0 0 76.16 8.09 43.14 -38.59 47.21 -17.4 0 -0 -23.86 -11.69 26 -5.18 7.12 -0 -0 10.93 -3.91 10.35
8.68 15.21 -1.25 703.75 77.03 722.32 0 0 0 -9.53 0.74 -57.72 8.75 16.64 55.22 0.77 -9.42 -15.97 0.05 1.42 3.91 0 0 0 4.18 6.84 -42.58 -10.49 -17.68 61.12 -1.81 7.91 -24.15 -1.6 7.99 -22.68 -6.39 2.7 17.44 -0.93 2.35 1.77 2.05 1.37 -8.08 3.93 1.81 -17.23 -7.07 2.55 10.23 -2.64 0.83 6.06 0 0 0 -57.52 -15.57 44.87 48.39 -52.33 -24.9 -0 0 -26.91 18.97 -30.35 -9.85 -7.12 0 -0 -7 -1.57 7.24 0 0 0 77.08 8.35 41.81 -40.46 48.34 -18.79 0 -0 -23.08 -11.8 26.34 -5.3 7.12 -0 -0 10.87 -3.56 10.37
8.72 15.2 -1.32 702.84 77.09 721.11 0 0 0 -9.43 0.45 -57.46 8.92 16.75 55.8 0.81 -9.19 -16.39 0.02 0.97 2.66 0 0 0 5 5.44 -41.68 -10.91 -17.89 62.49 -1.63 8.66 -22.87 -1.77 8.37 -23.84 -6.43 2.76 17.54 -0.96 2.41 1.82 2.02 1.39 -8.09 3.99 1.66 -16.82 -6.92 2.3 9.83 -2.63 0.74 5.85 0 0 0 -58.62 -15.73 44.15 47.51 -51.94 -24.2 -0 0 -25.94 18.53 -30.62 -9.69 -7.12 0 -0 -7.28 -1.76 7.56 0 0 0 78.12 8.78 40.2 -42.32 49.39 -20.19 0 -0 -22.69 -11.5 26.54 -5.19 7.12 -0 -0 11.06 -3.4 10.59
8.75 15.19 -1.36 702.51 76.9 720.84 0 0 0 -9.47 0.5 -57.58 9 16.8 56.07 0.85 -9.07 -16.71 0.02 0.8 2.2 0 0 0 5.92 4.44 -41.08 -11.01 -17.94 62.81 -1.54 9.66 -22.27 -1.9 8.65 -24.7 -6.41 2.87 17.24 -1.06 2.58 1.81 1.87 1.47 -7.94 3.75 1.68 -17.21 -6.65 2.35 10.14 -2.5 0.76 6.01 -0 -0 0 -60.14 -15.86 43 46.48 -51.47 -23.39 -0 0 -24.49 19.04 -30.83 -10.03 -7.12 0 -0 -7.02 -2.07 7.32 -0 -0 0 78.95 9.13 38.89 -44.82 50.68 -22.1 0 -0 -22.55 -11.22 25.97 -4.96 7.12 -0 -0 11.21 -4 10.61
8.75 15.19 -1.38 702.48 76.7 720.81 0 0 0 -9.42 0.46 -57.59 9.03 16.83 56.19 0.87 -8.84 -16.85 0.01 0.72 1.97 0 0 0 7.04 3.35 -40.47 -10.78 -17.83 62.07 -1.66 9.13 -23.09 -2.13 9.13 -26.2 -6.39 2.9 17.32 -1.1 2.6 1.71 1.8 1.49 -8.11 3.28 1.71 -17 -6.44 2.47 10.08 -2.34 0.82 5.95 -0 0 0 -61.96 -15.33 41.13 45.73 -51.12 -22.8 -0 0 -23.75 19.76 -31.28 -10.57 -7.12 0 -0 -6.66 -2.67 7.01 -0 0 0 79.62 9.73 38.27 -46.75 51.6 -23.6 0 -0 -22.14 -11.15 26.69 -5.06 7.12 -0 -0 11.28 -3.3 10.83
8.73 15.19 -1.38 703.92 76.39 722.42 0 0 0 -9.52 0.15 -57.56 8.97 16.79 56 0.91 -8.14 -17.08 0 0.09 0.24 0 0 0 7.72 2.58 -40.19 -10.33 -17.59 60.6 -1.98 8.05 -25.26 -1.82 8.47 -24.15 -6.19 2.99 17.28 -1.47 2.73 1.64 1.26 1.54 -8.14 3.45 1.67 -16.78 -6.86 2.43 9.69 -2.5 0.79 5.8 -0 0 0 -63.76 -14.95 38.93 45.4 -50.96 -22.55 -0 0 -23.64 19.38 -30.95 -10.25 -7.12 0 -0 -6.84 -2.25 7.15 -0 0 0 80.66 10.41 37.24 -48.7 52.46 -25.14 0 -0 -21.28 -10.61 26.92 -4.85 7.12 -0 -0 11.62 -3.14 11.2
8.7 15.21 -1.36 705.42 75.99 723.87 0 0 0 -9.7 0.13 -57.25 8.85 16.71 55.58 0.9 -7.76 -16.99 0 0.17 0.46 0 0 0 8.32 1.92 -39.97 -9.97 -17.39 59.37 -2.25 7 -27.02 -1.73 8.29 -23.59 -6.05 3.06 17.55 -1.6 2.82 1.7 1.01 1.57 -8.22 3.27 1.61 -17.15 -7.58 2.48 9.38 -2.7 0.75 5.77 -0 0 0 -66 -14.68 36.42 44.68 -50.61 -21.99 -0 0 -23.29 19.94 -31.23 -10.65 -7.12 0 -0 -6.55 -2.65 6.89 -0 0 0 81.38 11.91 36.12 -49.56 52.82 -25.82 0 -0 -20.22 -10.42 28.03 -4.94 7.12 -0 -0 11.78 -2.07 11.6
8.65 15.22 -1.35 709.25 75.43 727.84 0 0 0 -10.51 -0.08 -57.18 8.74 16.64 55.19 0.91 -7.04 -17.08 0 -0.17 -0.47 0 0 0 7.92 1.23 -40.36 -9.83 -17.31 58.92 -2.41 7.01 -28.06 -1.5 7.74 -21.94 -6.11 3.06 17.27 -2.01 2.81 1.81 0.62 1.56 -7.92 3.16 1.65 -16.71 -8.05 2.58 8.6 -2.82 0.79 5.47 0 0 0 -68.05 -14.21 33.66 44.71 -50.63 -22.02 -0 0 -24.29 20.26 -31.7 -10.98 -7.12 0 -0 -6.43 -3.19 6.83 0 0 0 82.18 13.52 35.16 -50.66 53.26 -26.7 0 -0 -19.43 -9.5 27.42 -4.41 7.12 -0 -0 12.29 -2.78 11.96
8.57 15.22 -1.27 711.36 75.11 729.73 0 0 0 -10.63 -0.05 -56.88 8.64 16.57 54.83 0.89 -6.74 -16.82 0 0.21 0.59 0 0 0 7.82 1.4 -40 -9.63 -17.2 58.26 -2.61 7.98 -29.15 -0.86 5.91 -16.51 -6.26 3.02 17.43 -2.19 2.72 1.92 0.53 1.52 -7.88 2.82 1.87 -16.36 -8.19 2.97 8.38 -2.77 0.97 5.36 0 0 0 -70.05 -13.55 30.53 45.13 -50.83 -22.34 -0 0 -24.39 19.59 -31.09 -10.41 -7.12 0 -0 -6.73 -2.44 7.06 0 0 0 83.14 15.14 34.21 -51.49 53.58 -27.37 0 -0 -18.7 -8.66 27.32 -4 7.12 -0 -0 12.78 -2.97 12.42
8.49 15.21 -1.16 712.72 74.73 731.16 0 0 0 -10.46 0.03 -56.93 8.53 16.5 54.47 0.86 -6.29 -16.5 0 0.04 0.12 0 0 0 8.19 1.54 -40.19 -9.52 -17.13 57.87 -2.87 6.35 -30.77 -1.4 7.48 -21.15 -6.3 2.97 17.31 -2.34 2.64 1.88 0.41 1.48 -7.85 3.08 2.02 -16.11 -8.85 3.21 8.31 -3 1.06 5.33 0 -0 0 -71.69 -12.72 27.89 45.48 -51 -22.61 -0 0 -24.52 20.32 -30.58 -10.67 -7.12 0 -0 -6.25 -2.07 6.51 0 -0 0 84.22 16.98 33.58 -51.58 53.61 -27.44 0 -0 -18.88 -9.4 27.48 -4.37 7.12 -0 -0 12.35 -2.73 12.04
8.39 15.19 -1.04 714.09 74.67 732.37 0 0 0 -10.17 -0.07 -56.78 8.4 16.41 54 0.81 -5.91 -16.07 0 0.02 0.06 0 0 0 8.49 1.87 -39.97 -9.46 -17.09 57.65 -3.15 6.25 -32.33 -1.3 7.22 -20.38 -6.31 2.89 17.31 -2.38 2.54 1.99 0.4 1.43 -7.73 3.25 2.08 -16.29 -9.2 3.3 8.41 -3.13 1.08 5.41 0 -0 0 -73.08 -12.37 25.86 45.75 -51.13 -22.82 -0 0 -25.29 19.94 -30.21 -10.34 -7.12 0 -0 -6.43 -1.62 6.65 0 -0 0 85 19.03 33 -51.19 53.46 -27.12 0 -0 -18.92 -10.35 27.06 -4.75 7.12 -0 -0 11.77 -3.03 11.38
8.28 15.16 -0.89 714.75 74.88 733.02 0 0 0 -9.63 -0.2 -57.04 8.35 16.37 53.81 0.76 -5.56 -15.49 0.01 -0.46 -1.26 0 0 0 9.15 1.96 -40.15 -9.48 -17.1 57.72 -3.46 6.11 -33.99 -1.15 6.8 -19.14 -6.09 2.83 17.39 -2.26 2.5 1.91 0.4 1.41 -7.85 3.22 1.97 -15.81 -9.38 3.18 8.27 -3.19 1.02 5.29 -0 -0 0 -74.36 -11.58 24.86 46.13 -51.31 -23.12 -0 0 -26.5 20.07 -30.41 -10.48 -7.12 0 -0 -6.37 -1.84 6.61 -0 -0 0 85.22 20.31 32.48 -51.31 53.51 -27.23 0 -0 -19.08 -10.77 27.38 -5 7.12 -0 -0 11.54 -2.67 11.22
8.17 15.14 -0.73 716.71 74.96 734.72 0 0 0 -9.57 0.02 -56.91 8.23 16.29 53.39 0.71 -5.37 -14.99 0.03 -1.2 -3.3 0 0 0 9.5 2.14 -40.33 -9.61 -17.18 58.16 -3.76 6.28 -35.51 -0.85 5.87 -16.4 -6.14 2.88 17.14 -2.31 2.59 2.1 0.38 1.44 -7.51 3.22 1.97 -15.97 -9.39 3.2 8.49 -3.19 1.02 5.38 0 0 0 -74.97 -11.52 24.39 45.68 -51.1 -22.77 -0 0 -26.65 19.93 -30.41 -10.4 -7.12 0 -0 -6.45 -1.81 6.7 0 0 0 85.5 21.59 31.69 -51.77 53.69 -27.6 0 -0 -18.73 -10.67 26.98 -4.88 7.12 -0 -0 11.58 -3.07 11.18
8.05 15.11 -0.56 719.05 75.31 736.94 0 0 0 -9.42 -0.14 -57.02 8.1 16.19 52.93 0.64 -5.36 -14.28 0.06 -1.54 -4.22 0 0 0 9.7 2.38 -40.83 -9.85 -17.32 58.98 -3.99 5.78 -36.71 -0.81 5.74 -16.02 -6.1 2.88 17.1 -2.32 2.6 2.06 0.35 1.45 -7.53 3.02 1.86 -16.1 -9.2 3.1 8.93 -3.11 0.97 5.53 0 0 0 -75.27 -11.01 24.51 45.8 -51.15 -22.86 -0 0 -26.64 19.71 -30.68 -10.36 -7.12 0 -0 -6.61 -2.05 6.89 0 0 0 85.35 22.34 31.16 -52.3 53.88 -28.02 0 -0 -18.77 -10.62 26.51 -4.79 7.12 -0 -0 11.59 -3.54 11.08
7.93 15.07 -0.39 720.48 75.84 738.17 0 0 0 -9.13 -0.03 -57.19 7.99 16.11 52.52 0.55 -5.65 -13.17 0.06 -1.62 -4.47 0 0 0 9.99 2.73 -41.21 -10.12 -17.47 59.88 -4.15 5.69 -37.49 -0.68 5.29 -14.74 -5.72 2.75 17.25 -2.14 2.49 2 0.34 1.39 -7.65 3.22 1.97 -15.77 -9.68 3.27 8.9 -3.28 1.03 5.49 0 0 0 -75.52 -10.06 24.57 46.83 -51.63 -23.67 -0 0 -26.59 19.45 -30.14 -10.06 -7.12 0 -0 -6.69 -1.45 6.91 0 0 0 84.9 23.65 31.08 -50.89 53.35 -26.89 0 -0 -18.93 -11.02 26.86 -5.03 7.12 -0 -0 11.37 -3.15 10.95
7.82 15.05 -0.2 720.46 76.2 737.7 0 0 0 -8.52 0.74 -57.11 7.88 16.03 52.12 0.46 -6.11 -12.21 0.11 -2.17 -5.98 0 0 0 10.98 3.3 -41.03 -10.33 -17.59 60.6 -4.29 4.57 -38.37 -0.68 5.29 -14.73 -5.04 2.74 16.9 -2 2.66 2.34 0.1 1.45 -7.08 3.35 2.12 -16.2 -9.9 3.52 9.42 -3.35 1.12 5.75 0 -0 0 -75.34 -9.94 24.69 46.86 -51.65 -23.69 -0 0 -26.52 18.98 -30.75 -9.97 -7.12 0 -0 -7.04 -1.99 7.34 0 -0 0 84.67 24.92 30.73 -50.09 53.03 -26.24 0 -0 -19.09 -11.11 26.68 -5.04 7.12 -0 -0 11.3 -3.31 10.85
7.72 15 -0.03 720.23 76.46 736.92 0 0 0 -7.72 1.12 -56.88 7.84 16 51.99 0.41 -6.18 -11.5 0.14 -2.39 -6.6 0 0 0 11.87 3.82 -40.88 -10.56 -17.71 61.35 -4.44 4.12 -39.13 -0.6 4.95 -13.78 -4.41 2.81 16.89 -1.74 2.88 2.42 -0.02 1.54 -6.98 3.26 2.19 -15.58 -9.99 3.64 9.3 -3.35 1.19 5.62 0 -0 0 -75.45 -9.35 24.88 47.29 -51.84 -24.03 -0 0 -26.51 19.3 -29.77 -9.86 -7.12 0 -0 -6.74 -1.05 6.91 0 -0 0 84.07 25.46 30.39 -49.44 52.77 -25.73 0 -0 -19.2 -11.08 26.53 -5 7.12 -0 -0 11.31 -3.46 10.83
7.63 14.99 0.13 723.39 76.83 739.78 0 0 0 -7.87 1.1 -56.68 7.69 15.89 51.44 0.33 -6.47 -10.55 0.09 -1.95 -5.38 0 0 0 11.84 3.82 -41.15 -10.76 -17.81 61.99 -4.56 4.24 -39.65 -0.48 4.42 -12.27 -4.39 2.81 16.68 -1.78 2.91 2.51 -0.06 1.55 -6.77 3.84 2.29 -16.16 -10.47 3.78 9.95 -3.6 1.21 5.95 0 -0 0 -75.42 -8.99 24.95 48.22 -52.25 -24.76 -0 0 -26.91 18.35 -29.5 -9.28 -7.12 0 -0 -7.26 -0.6 7.4 0 -0 0 83.45 26.09 30.12 -48.16 52.23 -24.71 0 -0 -19.5 -11.52 26.54 -5.2 7.12 -0 -0 11.05 -3.4 10.58
7.55 14.96 0.26 724.67 77.18 740.79 0 0 0 -7.55 1.06 -56.5 7.55 15.78 50.91 0.26 -6.42 -9.52 0.06 -1.62 -4.47 0 0 0 12.26 3.72 -41.47 -10.94 -17.91 62.6 -4.55 3.37 -39.77 -0.55 4.74 -13.17 -3.92 2.77 16.39 -1.7 2.96 2.6 -0.24 1.56 -6.5 3.72 2.54 -16.17 -10.18 4.13 10.48 -3.45 1.39 6.14 0 -0 0 -75.53 -8.79 24.7 48.8 -52.5 -25.22 -0 0 -27.48 18.4 -30.39 -9.55 -7.12 0 -0 -7.33 -1.51 7.59 0 -0 0 82.72 26.77 29.68 -46.63 51.54 -23.51 0 -0 -19.74 -11.28 26.46 -5.08 7.12 -0 -0 11.19 -3.51 10.7
7.49 14.96 0.37 728.85 78.06 744.36 0 0 0 -7.89 0.27 -55.71 7.33 15.6 50.11 0.23 -6.29 -8.99 0.06 -1.59 -4.38 0 0 0 12.08 2.57 -41.38 -11.06 -17.96 62.96 -4.57 4.26 -39.71 -0.31 3.6 -9.95 -3.6 2.47 16.71 -1.7 2.6 2.56 -0.35 1.38 -6.69 4.24 2.38 -15.65 -10.51 3.85 10.37 -3.67 1.26 6.01 -0 -0 0 -75.61 -8.12 24.53 49.99 -52.99 -26.17 -0 0 -28.21 18.99 -30.08 -9.79 -7.12 0 -0 -6.95 -1.3 7.16 -0 -0 0 81.83 27.04 29.36 -45.28 50.91 -22.46 0 -0 -19.4 -10.98 26.37 -4.92 7.12 -0 -0 11.37 -3.63 10.85
7.43 14.95 0.46 729.88 78.48 745.12 0 0 0 -7.65 0.21 -55.52 7.22 15.52 49.72 0.18 -6.53 -8.26 0.05 -1.43 -3.93 0 0 0 12.46 2.31 -41.39 -11.15 -18.01 63.27 -4.64 4.18 -40.03 -0.3 3.55 -9.81 -3.14 2.43 16.69 -1.55 2.65 2.62 -0.47 1.4 -6.6 4.41 2.65 -15.61 -10.65 4.23 10.6 -3.71 1.44 6.11 0 0 0 -75.63 -7.51 24.62 51.96 -53.76 -27.75 -0 0 -29.46 18.24 -29.82 -9.3 -7.12 0 -0 -7.36 -0.9 7.54 0 0 0 80.54 27.27 28.89 -44.14 50.34 -21.57 0 -0 -19.23 -11.55 26.66 -5.24 7.12 -0 -0 11.04 -3.27 10.6
7.37 14.93 0.54 732.03 78.97 747.29 0 0 0 -7.5 -0.35 -55.63 7.17 15.47 49.5 0.15 -6.53 -7.69 0.04 -1.28 -3.51 0 0 0 12.58 1.87 -41.91 -11.31 -18.08 63.78 -4.7 4.12 -40.33 -0.3 3.55 -9.81 -3.05 2.4 16.59 -1.45 2.65 2.62 -0.4 1.39 -6.56 4.19 2.46 -16.27 -9.87 3.93 11.19 -3.46 1.31 6.36 -0 0 0 -75.51 -7.54 24.94 53.08 -54.16 -28.65 -0 0 -31.03 18.56 -29.51 -9.39 -7.12 0 -0 -7.14 -0.64 7.28 -0 0 0 79.05 27.86 28.19 -42.5 49.48 -20.32 0 -0 -19.43 -11.68 26.51 -5.27 7.12 -0 -0 10.95 -3.41 10.48
7.34 14.92 0.59 732.55 79.45 747.83 0 0 0 -7.16 -0.83 -55.61 7.1 15.41 49.25 0.13 -6.44 -7.29 0.02 -0.8 -2.19 0 0 0 12.9 1.64 -42.13 -11.36 -18.11 63.96 -4.75 3.98 -40.6 -0.28 3.41 -9.43 -2.92 2.35 16.5 -1.2 2.62 2.61 -0.2 1.38 -6.52 4.34 2.39 -16.42 -9.85 3.8 11.24 -3.49 1.25 6.39 0 0 0 -75.31 -7.26 25.07 54.73 -54.74 -30 -0 0 -31.73 18.33 -29.93 -9.39 -7.12 0 -0 -7.32 -1.03 7.51 0 0 0 77.66 28.16 27.48 -41.01 48.66 -19.19 0 -0 -19.09 -11.5 26.29 -5.15 7.12 -0 -0 11.06 -3.65 10.53
7.31 14.92 0.63 734.25 79.95 749.46 0 0 0 -7.19 -1.37 -55.33 6.97 15.31 48.76 0.12 -6.46 -7.11 0 -0.38 -1.05 0 0 0 12.96 1.46 -42.07 -11.35 -18.1 63.93 -4.82 3.76 -40.95 -0.3 3.51 -9.71 -2.89 2.43 16.59 -1.07 2.74 2.72 -0.11 1.43 -6.46 4.26 2.32 -16.65 -9.43 3.63 11.16 -3.36 1.19 6.38 -0 0 0 -74.8 -7.77 25.82 55.8 -55.08 -30.87 -0 0 -32.09 18.14 -29.71 -9.22 -7.12 0 -0 -7.41 -0.78 7.57 -0 0 0 76.13 27.99 26.06 -39.95 48.04 -18.4 0 -0 -18.41 -11.45 26.41 -5.15 7.12 -0 -0 11.09 -3.54 10.59
7.3 14.92 0.64 736.55 80.43 751.93 0 0 0 -7.37 -2.06 -55.48 6.92 15.26 48.57 0.12 -6.18 -7.11 0.01 -0.61 -1.67 0 0 0 12.81 1.4 -42.3 -11.42 -18.13 64.13 -4.89 3.56 -41.28 -0.28 3.41 -9.42 -2.99 2.38 16.45 -1.02 2.67 2.81 0.02 1.41 -6.29 4.2 1.85 -16.86 -8.93 2.89 10.8 -3.26 0.87 6.24 -0 -0 0 -74.27 -8.56 26.06 56.31 -55.24 -31.29 -0 0 -31.72 18.11 -29.77 -9.23 -7.12 0 -0 -7.43 -0.83 7.6 -0 -0 0 74.92 28.06 24.98 -38.56 47.19 -17.37 0 -0 -18.09 -12.02 26.42 -5.41 7.12 -0 -0 10.75 -3.45 10.27
7.29 14.91 0.63 737.06 80.82 752.72 0 0 0 -7.23 -2.63 -55.95 6.96 15.3 48.72 0.14 -5.87 -7.2 0.05 -1.41 -3.88 0 0 0 12.81 1.61 -42.64 -11.49 -18.16 64.35 -4.94 3.16 -41.57 -0.31 3.56 -9.84 -2.96 2.43 16.55 -0.98 2.73 2.7 0.03 1.44 -6.47 4.34 2.04 -16.73 -8.78 3.1 10.88 -3.21 0.99 6.26 -0 0 0 -73.49 -9.18 26.65 56.93 -55.43 -31.8 -0 0 -31.52 18.55 -30.19 -9.58 -7.12 0 -0 -7.22 -1.33 7.44 -0 0 0 74.09 28.07 23.72 -36.6 45.92 -15.95 0 -0 -17.87 -12.23 26.95 -5.61 7.12 -0 -0 10.65 -2.9 10.28
7.3 14.9 0.61 736.65 81.17 752.5 0 0 0 -7.06 -2.96 -56.29 7.02 15.35 48.95 0.15 -5.72 -7.4 0.08 -1.79 -4.92 0 0 0 12.92 1.57 -42.78 -11.5 -18.17 64.39 -4.97 2.98 -41.74 -0.31 3.55 -9.82 -2.94 2.46 16.53 -0.83 2.79 2.83 0.17 1.46 -6.33 4.26 1.78 -17.02 -8.66 2.74 10.8 -3.19 0.81 6.25 -0 -0 0 -72.82 -10.57 26.82 56.69 -55.36 -31.6 -0 0 -31.49 18.96 -29.97 -9.74 -7.12 0 -0 -6.96 -1.19 7.15 -0 -0 0 73.22 28.14 22.59 -35.16 44.93 -14.93 0 -0 -17.67 -12.53 26.92 -5.74 7.12 -0 -0 10.47 -2.89 10.1
7.32 14.88 0.56 737.45 81.42 753.4 0 0 0 -7.19 -3.22 -56.66 7.14 15.45 49.41 0.16 -5.75 -7.63 0.12 -2.28 -6.28 0 0 0 12.7 1.65 -42.83 -11.54 -18.19 64.52 -4.98 2.65 -41.86 -0.33 3.7 -10.24 -3.19 2.47 16.69 -0.83 2.76 2.83 0.31 1.46 -6.42 4.26 1.82 -16.32 -8.53 2.76 10.47 -3.15 0.85 6.03 -0 0 0 -72.07 -11.49 27.21 56.66 -55.35 -31.58 -0 0 -31.85 19.68 -30.25 -10.21 -7.12 0 -0 -6.58 -1.61 6.81 -0 0 0 72.84 28 21.76 -33.84 43.97 -14 0 -0 -17.4 -12.96 26.73 -5.91 7.12 -0 -0 10.2 -3.02 9.81
7.36 14.88 0.51 737.11 81.59 753.16 0 0 0 -7.32 -3.23 -56.98 7.26 15.55 49.87 0.17 -5.98 -7.91 0.14 -2.42 -6.68 0 0 0 12.6 1.53 -42.71 -11.52 -18.18 64.45 -5.01 2.67 -42 -0.34 3.75 -10.39 -3.42 2.57 16.86 -0.73 2.85 2.92 0.52 1.51 -6.44 3.91 1.72 -16.72 -8.16 2.67 10.89 -2.98 0.81 6.21 -0 0 0 -71.56 -12.82 27.56 56.2 -55.21 -31.2 -0 0 -31.46 20.45 -30.08 -10.58 -7.12 0 -0 -6.12 -1.58 6.32 -0 0 0 72.49 28.34 20.66 -31.82 42.41 -12.62 0 -0 -16.97 -13.36 26.81 -6.11 7.12 -0 -0 9.97 -2.89 9.6
7.41 14.87 0.44 736.72 81.67 752.84 0 0 0 -7.48 -3.31 -57.33 7.43 15.69 50.49 0.19 -6.09 -8.34 0.19 -2.83 -7.81 0 0 0 12.36 1.57 -42.52 -11.5 -18.17 64.38 -5.02 2.38 -42.09 -0.4 4.08 -11.29 -3.7 2.62 17.04 -0.78 2.86 2.98 0.62 1.52 -6.48 4.35 1.6 -17.08 -8.45 2.47 11.33 -3.18 0.69 6.41 -0 0 0 -70.87 -14.27 27.84 54.82 -54.76 -30.07 -0 0 -31.63 20.56 -30.55 -10.79 -7.12 0 -0 -6.11 -2.08 6.36 -0 0 0 72.63 28.56 19.93 -30.11 40.99 -11.48 0 -0 -16.68 -13.22 26.85 -6.06 7.12 -0 -0 10.05 -2.87 9.69
7.47 14.87 0.36 733.19 81.92 749.57 0 0 0 -7.23 -3.24 -57.9 7.64 15.85 51.27 0.22 -6.41 -8.85 0.16 -2.56 -7.06 0 0 0 12.6 1.56 -42.45 -11.42 -18.14 64.14 -4.97 2.18 -41.94 -0.44 4.27 -11.85 -3.46 2.66 17.1 -0.68 2.96 2.96 0.56 1.56 -6.53 4.03 1.46 -16.39 -8.01 2.27 10.97 -3 0.64 6.15 -0 -0 0 -70.41 -15.43 28.18 53.72 -54.39 -29.17 -0 0 -31.01 20.84 -30.41 -10.91 -7.12 0 -0 -5.93 -2 6.17 -0 -0 0 72.89 28.41 19.09 -28.76 39.8 -10.6 0 -0 -16.26 -12.79 26.71 -5.83 7.12 -0 -0 10.3 -3.07 9.9
7.55 14.88 0.26 732.72 81.94 749.2 0 0 0 -7.65 -3.16 -58.19 7.83 15.99 51.95 0.23 -6.61 -9.02 0.17 -2.64 -7.27 0 0 0 12.28 1.34 -42.21 -11.3 -18.08 63.77 -4.87 1.17 -41.74 -0.7 5.34 -14.87 -3.84 2.65 17.21 -0.6 2.89 3 0.88 1.54 -6.57 3.84 1.26 -16.3 -7.77 2.01 10.9 -2.91 0.52 6.1 -0 0 0 -70.12 -16.19 28.49 52.84 -54.08 -28.46 -0 0 -30.76 20.7 -30.41 -10.83 -7.12 0 -0 -6.01 -1.97 6.25 -0 0 0 73.23 28.04 18.67 -27.68 38.82 -9.92 0 -0 -15.66 -12.74 27.17 -5.89 7.12 -0 -0 10.36 -2.62 10.04
7.64 14.88 0.16 730.15 82 746.95 0 0 0 -7.75 -3 -58.72 8.01 16.13 52.59 0.24 -6.98 -9.41 0.13 -2.3 -6.33 0 0 0 12.21 1.32 -42.1 -11.25 -18.05 63.58 -4.9 1.44 -41.78 -0.75 5.51 -15.38 -3.92 2.69 17.11 -0.5 2.93 3.11 1.03 1.56 -6.4 3.73 1.39 -16.24 -7.64 2.17 10.68 -2.84 0.61 6.02 -0 -0 0 -69.77 -17.6 29 51.32 -53.52 -27.23 -0 0 -30.68 20.9 -29.96 -10.8 -7.12 0 -0 -5.84 -1.55 6.02 -0 -0 0 73.48 28.12 17.99 -26.49 37.69 -9.18 0 -0 -15.47 -12.15 27.44 -5.67 7.12 -0 -0 10.72 -2.43 10.45
7.72 14.89 0.04 728.54 81.87 745.56 0 0 0 -7.97 -3.05 -59.07 8.22 16.28 53.36 0.29 -7.17 -10.09 0.07 -1.72 -4.73 0 0 0 11.9 1.38 -41.85 -11.15 -18.01 63.25 -4.87 1.4 -41.67 -0.8 5.72 -15.97 -3.99 2.78 17.37 -0.54 3.02 2.99 0.98 1.61 -6.68 3.66 1.17 -15.66 -7.42 1.85 10.25 -2.78 0.49 5.77 0 0 0 -69.48 -18.19 29.74 50.09 -53.03 -26.24 -0 0 -30.27 20.79 -30.25 -10.83 -7.12 0 -0 -5.94 -1.82 6.16 0 0 0 73.94 27.18 17.78 -26.01 37.22 -8.89 0 -0 -15.35 -11.96 27.64 -5.61 7.12 -0 -0 10.85 -2.25 10.61
7.81 14.91 -0.07 726.05 81.63 743.53 0 0 0 -8.13 -2.97 -59.5 8.39 16.4 53.94 0.32 -7.23 -10.51 0.04 -1.33 -3.66 0 0 0 11.69 1.53 -41.66 -10.94 -17.91 62.6 -4.81 1.48 -41.36 -0.82 5.77 -16.12 -4.24 2.85 17.21 -0.44 3.07 2.91 1.22 1.64 -6.7 3.66 1.31 -15.41 -7.33 2.02 10.08 -2.73 0.58 5.68 -0 -0 0 -69.43 -18.89 30.09 48.95 -52.56 -25.33 -0 0 -30.08 20.44 -30.17 -10.61 -7.12 0 -0 -6.13 -1.67 6.34 -0 -0 0 74.22 26.63 17.83 -25.52 36.73 -8.6 0 -0 -14.97 -12.13 27.48 -5.66 7.12 -0 -0 10.74 -2.39 10.47
7.9 14.92 -0.19 724.16 81.47 741.9 0 0 0 -8.37 -2.92 -59.74 8.54 16.5 54.48 0.34 -7.23 -10.8 0.04 -1.27 -3.48 0 0 0 11.42 1.51 -41.38 -10.78 -17.83 62.08 -4.76 1.74 -41.11 -0.82 5.78 -16.15 -4.37 2.84 17.03 -0.41 3.05 3.08 1.34 1.63 -6.43 3.78 1.41 -15.23 -7.25 2.1 9.63 -2.71 0.64 5.51 -0 -0 0 -69.45 -19.6 30.13 48.24 -52.26 -24.77 -0 0 -29.52 20.5 -30.21 -10.66 -7.12 0 -0 -6.1 -1.73 6.32 -0 -0 0 74.72 26.07 18 -25.57 36.78 -8.63 0 -0 -14.88 -11.94 27.35 -5.55 7.12 -0 -0 10.85 -2.54 10.55
7.99 14.94 -0.31 722.18 81.3 740.14 0 0 0 -8.53 -2.94 -60.03 8.72 16.63 55.13 0.38 -7.17 -11.39 0.04 -1.26 -3.47 0 0 0 11.14 1.51 -41.07 -10.61 -17.74 61.5 -4.75 2.5 -40.86 -0.71 5.4 -15.06 -4.37 2.86 17.34 -0.38 3.07 3.02 1.36 1.64 -6.67 3.91 1.4 -15.15 -7.53 2.08 9.39 -2.83 0.62 5.43 0 -0 0 -69.59 -20.27 30.3 47.27 -51.83 -24.01 -0 0 -29.18 20.63 -30 -10.66 -7.12 0 -0 -6 -1.54 6.19 0 -0 0 75.11 25.37 18.27 -25.57 36.78 -8.63 0 -0 -15.37 -11.8 27.23 -5.46 7.12 -0 -0 10.92 -2.68 10.59
8.08 14.94 -0.41 719.59 80.94 737.82 0 0 0 -8.63 -2.68 -60.3 8.92 16.75 55.8 0.44 -7.36 -12.08 0.03 -1.14 -3.13 0 0 0 11 1.83 -40.63 -10.39 -17.63 60.8 -4.66 2.29 -40.52 -0.77 5.61 -15.65 -4.48 2.91 17.29 -0.32 3.11 2.95 1.47 1.66 -6.72 3.78 1.58 -14.84 -7.29 2.33 9.45 -2.7 0.76 5.41 0 -0 0 -69.86 -20.55 30.2 46.78 -51.61 -23.63 -0 0 -29.39 20.66 -30.14 -10.72 -7.12 0 -0 -6 -1.68 6.21 0 -0 0 75.72 24.68 18.29 -25.74 36.95 -8.73 0 -0 -15.12 -11.4 27.29 -5.28 7.12 -0 -0 11.16 -2.68 10.84
8.16 14.96 -0.52 718.07 80.67 736.41 0 0 0 -8.84 -2.61 -60.29 9.05 16.84 56.25 0.49 -7.23 -12.66 0.03 -1.06 -2.91 0 0 0 10.8 1.81 -40.08 -10.18 -17.51 60.08 -4.62 2.61 -40.26 -0.73 5.45 -15.19 -4.67 2.9 17.42 -0.32 3.06 2.99 1.59 1.64 -6.76 3.99 1.68 -14.87 -7.49 2.44 9.49 -2.79 0.81 5.44 0 -0 0 -70.03 -21 29.94 46.09 -51.29 -23.08 -0 0 -29.38 20.71 -30.19 -10.77 -7.12 0 -0 -5.98 -1.75 6.19 0 -0 0 76.53 23.79 18.87 -26.4 37.6 -9.13 0 -0 -16.06 -11.81 27.42 -5.5 7.12 -0 -0 10.92 -2.49 10.64
8.24 14.97 -0.62 717.42 80.64 736.04 0 0 0 -9.07 -2.91 -60.51 9.19 16.93 56.75 0.52 -7.25 -13.08 0.01 -0.65 -1.78 0 0 0 10.5 1.54 -39.9 -10.01 -17.42 59.52 -4.54 2.33 -39.94 -0.85 5.86 -16.39 -4.56 2.85 17.31 -0.41 3.02 2.94 1.44 1.61 -6.74 3.95 1.62 -14.95 -7.47 2.38 9.74 -2.79 0.77 5.52 0 -0 0 -70.28 -21.63 30.1 44.81 -50.67 -22.09 -0 0 -29.08 20.38 -29.82 -10.46 -7.12 0 -0 -6.12 -1.31 6.3 0 -0 0 77.31 22 19.18 -28.17 39.27 -10.23 0 -0 -17.14 -12.02 26.5 -5.43 7.12 -0 -0 10.75 -3.38 10.28
8.32 14.97 -0.7 715.27 80.06 734.09 0 0 0 -8.98 -2.6 -60.65 9.33 17.02 57.22 0.56 -7.27 -13.53 0 -0.4 -1.09 0 0 0 10.48 2.16 -39.6 -9.9 -17.35 59.16 -4.5 1.69 -39.91 -0.96 6.25 -17.51 -4.75 3.01 17.05 -0.43 3.21 2.99 1.5 1.71 -6.57 4.13 1.55 -14.62 -7.64 2.27 9.39 -2.88 0.72 5.36 -0 -0 0 -70.34 -22.26 30.33 43.27 -49.89 -20.91 -0 0 -28.84 20.19 -29.67 -10.32 -7.12 0 -0 -6.21 -1.11 6.37 -0 -0 0 78.4 21.2 18.82 -28.87 39.91 -10.68 0 -0 -17.57 -11.44 27.02 -5.25 7.12 -0 -0 11.13 -2.93 10.75
8.39 14.97 -0.77 712.96 80.1 731.88 0 0 0 -8.89 -2.58 -60.79 9.47 17.1 57.69 0.6 -7.34 -14 0.01 -0.48 -1.33 0 0 0 10.62 1.96 -39.37 -9.82 -17.31 58.87 -4.46 1.66 -39.77 -1 6.36 -17.83 -4.51 2.93 17 -0.4 3.14 2.98 1.42 1.67 -6.53 3.96 1.69 -14.35 -7.49 2.48 9.51 -2.78 0.84 5.36 0 -0 0 -70.49 -22.87 30.47 41.29 -48.81 -19.4 -0 0 -28.46 20.01 -29.71 -10.23 -7.12 0 -0 -6.32 -1.12 6.48 0 -0 0 79.28 19.89 19.04 -30.3 41.15 -11.61 0 -0 -18.73 -11.65 27.27 -5.4 7.12 -0 -0 11.01 -2.66 10.69
8.45 14.98 -0.84 715.03 79.73 734.25 0 0 0 -9.55 -2.63 -60.92 9.53 17.14 57.9 0.65 -7.3 -14.51 0 -0.41 -1.12 0 0 0 9.86 2.03 -39.41 -9.76 -17.27 58.67 -4.47 2.34 -39.63 -0.83 5.83 -16.29 -5.27 2.95 16.75 -0.58 3.04 2.94 1.68 1.63 -6.46 4.04 1.83 -14.67 -7.65 2.68 9.62 -2.83 0.92 5.46 0 -0 0 -70.65 -23.36 30.29 39.84 -47.97 -18.32 -0 0 -27.95 19.65 -29.97 -10.11 -7.12 0 -0 -6.56 -1.32 6.76 0 -0 0 80.14 18.36 19.77 -32.55 42.98 -13.11 0 -0 -19.12 -11.78 27.12 -5.43 7.12 -0 -0 10.93 -2.79 10.58
8.5 14.97 -0.89 711.57 79.71 730.66 0 0 0 -8.98 -2.67 -60.84 9.7 17.24 58.49 0.71 -7.31 -15.1 0 -0.35 -0.96 0 0 0 10.32 1.96 -38.82 -9.65 -17.21 58.31 -4.46 2.36 -39.57 -0.86 5.91 -16.52 -4.92 2.89 17.04 -0.45 3 2.88 1.62 1.61 -6.67 4.17 2 -14.16 -8.04 2.93 9.38 -2.95 1.03 5.33 -0 0 0 -70.84 -23.24 30.5 38.54 -47.18 -17.36 -0 0 -27.61 19.85 -30.12 -10.27 -7.12 0 -0 -6.46 -1.5 6.67 -0 0 0 80.86 16.41 20.48 -35.36 45.06 -15.06 0 -0 -19.34 -11.77 26.69 -5.35 7.12 -0 -0 10.91 -3.22 10.48
8.54 14.95 -0.93 709.93 79.76 729.03 0 0 0 -8.77 -2.64 -61.01 9.86 17.33 59.01 0.73 -7.61 -15.34 0 -0.12 -0.32 0 0 0 10.52 2.05 -38.58 -9.63 -17.2 58.26 -4.46 1.82 -39.73 -0.99 6.32 -17.72 -4.83 2.78 17.03 -0.54 2.87 2.95 1.51 1.55 -6.57 4.51 1.96 -14.49 -8.07 2.8 9.42 -3.03 0.97 5.39 -0 0 0 -70.81 -23.45 30.54 37.71 -46.65 -16.75 -0 0 -27.5 19.51 -29.67 -9.95 -7.12 0 -0 -6.61 -0.99 6.76 -0 0 0 81.55 15.07 21.35 -38 46.84 -16.97 0 -0 -19.86 -11.89 27.05 -5.47 7.12 -0 -0 10.86 -2.85 10.5
8.58 14.95 -0.96 709.69 79.5 729 0 0 0 -8.84 -2.55 -61.23 9.97 17.39 59.39 0.77 -7.56 -15.7 0 -0.2 -0.55 0 0 0 10.41 2.23 -38.69 -9.65 -17.21 58.31 -4.47 1.61 -39.82 -1.08 6.62 -18.59 -5.15 2.76 17.03 -0.58 2.78 2.75 1.66 1.51 -6.79 4.2 2.12 -14.36 -7.62 3.02 9.48 -2.81 1.1 5.39 0 -0 0 -71 -22.94 30.68 37.31 -46.39 -16.47 -0 0 -27.28 19.83 -29.4 -10.04 -7.12 0 -0 -6.39 -0.77 6.51 0 -0 0 82.11 13.76 22.09 -40.13 48.14 -18.53 0 -0 -20.16 -11.75 27.03 -5.4 7.12 -0 -0 10.94 -2.89 10.57
8.62 14.94 -0.99 709.48 79.01 728.95 0 0 0 -8.89 -2.25 -61.41 10.06 17.44 59.68 0.8 -7.56 -16.07 0 -0.21 -0.57 0 0 0 10.28 2.58 -38.68 -9.61 -17.19 58.18 -4.46 1.63 -39.76 -1.13 6.74 -18.96 -5.44 2.91 16.79 -0.66 2.93 2.78 1.72 1.59 -6.65 4.48 2.1 -14.53 -8.02 2.98 9.37 -2.99 1.06 5.39 -0 -0 0 -71.19 -22.89 30.97 36.92 -46.13 -16.18 -0 0 -27.26 20.08 -29.94 -10.34 -7.12 0 -0 -6.31 -1.37 6.5 -0 -0 0 82.49 13.02 22.4 -42.26 49.36 -20.14 0 -0 -20.08 -11.25 26.92 -5.14 7.12 -0 -0 11.24 -3.06 10.83
8.63 14.94 -1.02 709.32 79.15 728.81 0 0 0 -8.94 -2.44 -61.38 10.08 17.45 59.75 0.82 -7.57 -16.21 0 -0.13 -0.36 0 0 0 10.24 2.37 -38.55 -9.55 -17.15 57.97 -4.45 1.52 -39.76 -1.14 6.79 -19.08 -5.36 2.73 16.9 -0.75 2.69 2.73 1.61 1.47 -6.74 3.98 2 -14.68 -7.43 2.86 9.33 -2.73 1.02 5.38 0 -0 0 -71.39 -22.28 31.04 37.1 -46.25 -16.31 -0 0 -26.93 19.37 -29.98 -9.97 -7.12 0 -0 -6.72 -1.28 6.92 0 -0 0 82.84 12.03 23.18 -44.62 50.58 -21.95 0 -0 -19.78 -11.68 26.92 -5.35 7.12 -0 -0 10.98 -3 10.59
8.66 14.95 -1.03 706.65 78.84 726.07 0 0 0 -8.44 -2.01 -61.27 10.12 17.48 59.89 0.83 -7.69 -16.32 0 -0.09 -0.24 0 0 0 10.79 2.61 -38.11 -9.44 -17.09 57.61 -4.44 1.49 -39.7 -1.17 6.85 -19.28 -5.05 2.8 16.96 -0.72 2.84 2.7 1.44 1.54 -6.81 4.25 2.17 -14.3 -7.84 3.09 9.05 -2.89 1.13 5.25 -0 0 0 -71.55 -21.69 31.54 37.25 -46.35 -16.42 -0 0 -26.96 19.65 -29.53 -9.98 -7.12 0 -0 -6.51 -0.87 6.65 -0 0 0 83.02 11.61 23.58 -46.16 51.33 -23.14 0 -0 -19.62 -11.01 27.09 -5.06 7.12 -0 -0 11.38 -2.92 11.01
8.67 14.94 -1.04 709.2 78.94 728.73 0 0 0 -9.05 -2.26 -61.34 10.11 17.47 59.86 0.84 -7.72 -16.46 0 0.09 0.25 0 0 0 10.17 2.34 -38.4 -9.49 -17.12 57.78 -4.44 1.58 -39.7 -1.18 6.89 -19.4 -5.5 2.77 16.93 -0.92 2.7 2.6 1.51 1.48 -6.9 4.2 2.07 -14.65 -7.7 2.96 9.38 -2.85 1.06 5.41 0 -0 0 -71.79 -21.07 32.11 37.32 -46.4 -16.47 -0 0 -26.7 19.85 -29.91 -10.21 -7.12 0 -0 -6.44 -1.3 6.62 0 -0 0 83.09 11.13 23.88 -48.1 52.2 -24.67 0 -0 -19.65 -11.58 26.85 -5.29 7.12 -0 -0 11.03 -3.08 10.63
8.67 14.94 -1.04 705.99 79.46 725.27 0 0 0 -8.34 -2.56 -61.11 10.15 17.49 59.97 0.82 -7.84 -16.25 0 0.17 0.48 0 0 0 10.93 1.92 -37.91 -9.43 -17.08 57.56 -4.47 1.54 -39.8 -1.18 6.9 -19.42 -4.72 2.58 17.27 -0.8 2.58 2.63 1.22 1.41 -7.01 4.33 1.98 -14.24 -7.77 2.79 8.83 -2.9 0.99 5.16 0 0 0 -72.12 -20.55 32.63 37.31 -46.39 -16.47 -0 0 -26.83 19.39 -30.01 -9.98 -7.12 0 -0 -6.72 -1.31 6.92 0 0 0 83.07 10.89 24.2 -49.95 52.97 -26.13 0 -0 -19.82 -11.48 26.7 -5.21 7.12 -0 -0 11.09 -3.25 10.64
8.68 14.94 -1.03 707.15 79.64 726.4 0 0 0 -8.64 -2.6 -61.04 10.11 17.47 59.85 0.82 -7.88 -16.28 0 -0.05 -0.14 0 0 0 10.73 1.71 -37.88 -9.42 -17.07 57.54 -4.47 1.56 -39.81 -1.15 6.81 -19.17 -4.9 2.55 17.21 -0.81 2.51 2.64 1.33 1.38 -6.97 3.87 2.07 -14.48 -7.42 2.97 9.03 -2.7 1.08 5.26 -0 -0 0 -72.47 -20.13 33.28 37.16 -46.29 -16.36 -0 0 -26.74 19.91 -29.82 -10.21 -7.12 0 -0 -6.39 -1.21 6.56 -0 -0 0 82.79 10.91 24.42 -51.69 53.65 -27.53 0 -0 -19.6 -10.54 26.9 -4.81 7.12 -0 -0 11.65 -3.16 11.23
8.68 14.94 -1.02 706.82 79.93 726.06 0 0 0 -8.58 -2.74 -61.12 10.14 17.49 59.97 0.82 -7.92 -16.24 0 -0.24 -0.67 0 0 0 10.83 1.49 -37.83 -9.43 -17.07 57.56 -4.5 1.75 -39.92 -1.12 6.72 -18.88 -4.77 2.47 17.15 -0.81 2.44 2.62 1.27 1.34 -6.95 4.08 2.23 -14.8 -7.66 3.18 9.29 -2.79 1.16 5.41 -0 0 0 -72.74 -19.49 33.85 37.18 -46.31 -16.37 -0 0 -26.8 19.87 -29.81 -10.18 -7.12 0 -0 -6.42 -1.2 6.59 -0 0 0 82.51 11.14 24.72 -53.28 54.24 -28.82 0 -0 -19.91 -10.35 26.33 -4.63 7.12 -0 -0 11.74 -3.75 11.19
8.67 14.94 -1 707.11 79.99 726.49 0 0 0 -8.61 -2.71 -61.33 10.15 17.49 60 0.81 -8.08 -16.23 0 0.07 0.19 0 0 0 10.82 1.48 -38.07 -9.48 -17.11 57.73 -4.52 1.81 -40 -1.11 6.71 -18.84 -4.71 2.57 16.99 -0.86 2.58 2.49 1.16 1.4 -7.01 4.17 2.07 -14.99 -7.83 2.98 9.39 -2.88 1.05 5.47 -0 0 0 -73.06 -18.95 34.86 36.98 -46.18 -16.23 -0 0 -26.9 19.44 -29.7 -9.92 -7.12 0 -0 -6.65 -1.01 6.81 -0 0 0 82.27 11.63 24.59 -54.07 54.51 -29.46 0 -0 -20 -10.34 26.81 -4.71 7.12 -0 -0 11.77 -3.28 11.32
8.66 14.92 -0.99 706.55 80.01 725.9 0 0 0 -8.44 -2.66 -61.42 10.19 17.51 60.11 0.82 -8.12 -16.28 0 -0.26 -0.72 0 0 0 10.96 1.44 -38.17 -9.54 -17.14 57.93 -4.53 1.82 -40.02 -1.12 6.73 -18.93 -4.58 2.56 16.83 -0.77 2.59 2.5 1.18 1.41 -6.91 3.85 2.11 -14.73 -7.68 3.06 9.16 -2.77 1.1 5.35 0 0 0 -73.43 -18.31 35.24 36.93 -46.14 -16.19 -0 0 -26.93 19.37 -29.85 -9.92 -7.12 0 -0 -6.71 -1.14 6.89 0 0 0 81.8 12.45 25.01 -54.91 54.79 -30.14 0 -0 -20.14 -10.99 26.47 -4.95 7.12 -0 -0 11.37 -3.53 10.86
8.64 14.92 -0.95 708.92 80.28 728.1 0 0 0 -8.82 -2.78 -61.21 10.12 17.48 59.88 0.79 -8.22 -16.06 0 -0.06 -0.18 0 0 0 10.65 1.22 -38.19 -9.61 -17.18 58.17 -4.57 1.81 -40.2 -1.13 6.76 -19.01 -4.94 2.61 16.93 -0.83 2.59 2.55 1.32 1.42 -6.92 4.34 2 -14.41 -8.39 2.88 8.49 -3.09 1 5.1 -0 0 0 -73.88 -17.67 35.5 37.19 -46.31 -16.38 -0 0 -26.49 19.02 -30.25 -9.85 -7.12 0 -0 -6.96 -1.48 7.19 -0 0 0 81.39 13.04 25.09 -56.12 55.18 -31.13 0 -0 -20.19 -10.89 26.6 -4.92 7.12 -0 -0 11.43 -3.42 10.95
8.64 14.92 -0.9 709.07 80.46 728.2 0 0 0 -8.73 -2.72 -61.14 10.06 17.44 59.69 0.76 -8.33 -15.78 0 -0.05 -0.13 0 0 0 10.83 1.35 -38.1 -9.63 -17.2 58.24 -4.61 1.86 -40.4 -1 6.37 -17.86 -5.06 2.69 16.79 -0.8 2.68 2.48 1.4 1.46 -6.93 4.04 1.83 -14.52 -7.96 2.67 8.75 -2.93 0.91 5.17 -0 -0 0 -74.11 -17.01 36.01 37.23 -46.34 -16.41 -0 0 -26.47 19.61 -29.92 -10.08 -7.12 0 -0 -6.58 -1.25 6.76 -0 -0 0 81.13 13.65 25.07 -56.65 55.35 -31.57 0 -0 -20.24 -10.85 26.55 -4.9 7.12 -0 -0 11.45 -3.48 10.96
8.6 14.91 -0.86 709.9 80.74 728.92 0 0 0 -8.78 -2.7 -61.24 10.04 17.43 59.61 0.74 -8.49 -15.61 0 -0.13 -0.35 0 0 0 10.85 1.2 -38.36 -9.74 -17.26 58.61 -4.63 1.61 -40.54 -1.05 6.5 -18.25 -5 2.69 16.92 -0.88 2.68 2.48 1.28 1.46 -7 4.04 1.64 -14.85 -8.09 2.43 8.95 -2.99 0.77 5.27 0 -0 0 -74.34 -16.34 36.12 37.37 -46.43 -16.51 -0 0 -26.34 19.53 -30.34 -10.16 -7.12 0 -0 -6.67 -1.67 6.91 0 -0 0 80.81 14.51 25.16 -56.93 55.44 -31.8 0 -0 -20.36 -10.74 26.55 -4.85 7.12 -0 -0 11.52 -3.48 11.03
8.58 14.91 -0.82 710.21 80.99 729.08 0 0 0 -8.72 -2.69 -61.08 9.99 17.4 59.45 0.71 -8.77 -15.27 0 0.13 0.37 0 0 0 11 1.04 -38.36 -9.82 -17.31 58.89 -4.66 1.41 -40.72 -1.14 6.77 -19.03 -5.07 2.75 16.9 -0.71 2.76 2.51 1.48 1.5 -6.97 3.8 1.45 -14.77 -8.21 2.25 8.89 -3 0.67 5.23 -0 0 0 -74.88 -15.58 36.3 37.6 -46.58 -16.67 -0 0 -26.39 19.32 -29.97 -9.93 -7.12 0 -0 -6.75 -1.25 6.95 -0 0 0 80.17 15.67 25.17 -56.55 55.32 -31.49 0 -0 -20.32 -10.75 26.78 -4.89 7.12 -0 -0 11.52 -3.25 11.08
8.56 14.9 -0.77 710.34 81.23 729.17 0 0 0 -8.67 -2.57 -61.17 9.96 17.39 59.34 0.68 -8.87 -15.09 0 -0.29 -0.81 0 0 0 11.18 0.89 -38.47 -9.89 -17.35 59.11 -4.7 1.64 -40.86 -1.03 6.44 -18.07 -4.99 2.8 16.84 -0.66 2.85 2.45 1.46 1.55 -7.01 3.6 1.25 -14.89 -8.28 2.06 9.34 -3.01 0.56 5.38 -0 -0 0 -75.03 -14.78 36.65 37.91 -46.78 -16.9 -0 0 -26.53 19.38 -29.96 -9.96 -7.12 0 -0 -6.72 -1.26 6.91 -0 -0 0 79.72 16.42 25.2 -56.64 55.35 -31.56 0 -0 -20.34 -10.74 26.59 -4.85 7.12 -0 -0 11.52 -3.45 11.04
8.52 14.89 -0.73 711.96 81.59 730.62 0 0 0 -8.77 -2.75 -61.11 9.92 17.36 59.22 0.65 -8.92 -14.8 0 -0.41 -1.13 0 0 0 11.14 0.6 -38.66 -9.98 -17.4 59.42 -4.71 1.28 -40.96 -1.09 6.63 -18.62 -5.07 2.79 17.15 -0.67 2.79 2.29 1.5 1.53 -7.35 3.66 0.95 -15.59 -8.63 1.75 10.37 -3.18 0.36 5.8 -0 0 0 -75.23 -13.72 36.57 38.32 -47.04 -17.2 -0 0 -26.63 18.89 -29.73 -9.63 -7.12 0 -0 -6.97 -0.93 7.14 -0 0 0 79.37 17.09 25.47 -56.08 55.17 -31.1 0 -0 -20.23 -10.85 26.85 -4.95 7.12 -0 -0 11.46 -3.18 11.04
8.5 14.89 -0.68 712.14 81.76 730.69 0 0 0 -8.63 -2.78 -61.01 9.86 17.33 59.01 0.63 -8.78 -14.5 0.01 -0.78 -2.13 0 0 0 11.33 0.44 -38.77 -10.07 -17.45 59.73 -4.75 1.49 -41.1 -1.04 6.49 -18.22 -5.02 2.91 16.97 -0.51 2.98 2.41 1.61 1.62 -7.14 3.48 0.72 -15.74 -8.87 1.54 10.73 -3.25 0.22 5.93 -0 0 0 -75.49 -13.26 36.83 38.52 -47.17 -17.35 -0 0 -26.64 18.96 -29.78 -9.69 -7.12 0 -0 -6.94 -1 7.11 -0 0 0 78.71 18.23 25.45 -55.53 54.99 -30.65 0 -0 -20.33 -11 26.47 -4.95 7.12 -0 -0 11.36 -3.53 10.86
8.47 14.89 -0.63 714.66 82.14 732.96 0 0 0 -8.97 -2.78 -60.74 9.75 17.27 58.64 0.58 -9.05 -14.11 0.02 -0.86 -2.37 0 0 0 11.16 0.11 -38.71 -10.14 -17.49 59.97 -4.81 1.91 -41.27 -0.91 6.09 -17.03 -5.04 2.97 16.97 -0.55 3.07 2.45 1.55 1.66 -7.1 3.07 0.55 -15.37 -8.63 1.37 10.71 -3.12 0.15 5.85 0 -0 0 -75.69 -12.86 36.94 38.55 -47.19 -17.37 -0 0 -26.46 18.82 -29.88 -9.64 -7.12 0 -0 -7.03 -1.07 7.21 0 -0 0 78.27 18.74 25.26 -55.32 54.93 -30.48 0 -0 -20.63 -10.76 26.41 -4.83 7.12 -0 -0 11.5 -3.62 10.98
8.43 14.88 -0.58 714.83 82.3 733.2 0 0 0 -8.81 -2.77 -61.01 9.73 17.25 58.57 0.54 -9.14 -13.66 0.01 -0.73 -2 0 0 0 11.35 0.3 -39.04 -10.26 -17.55 60.35 -4.84 1.49 -41.5 -0.96 6.23 -17.45 -4.93 3.03 16.92 -0.47 3.16 2.34 1.56 1.7 -7.21 3.28 0.44 -15.79 -9.1 1.28 11.26 -3.32 0.06 6.09 0 0 0 -75.84 -12.13 36.66 39.17 -47.57 -17.82 -0 0 -26.4 18.84 -29.94 -9.67 -7.12 0 -0 -7.02 -1.13 7.22 0 0 0 78.11 19.44 25.09 -54.57 54.68 -29.86 0 -0 -20.42 -10.75 26.67 -4.87 7.12 -0 -0 11.52 -3.37 11.05
8.4 14.87 -0.52 717.3 82.71 735.54 0 0 0 -9.05 -2.8 -60.96 9.63 17.2 58.24 0.51 -9.36 -13.35 0.03 -1.09 -2.99 0 0 0 11.28 0.17 -39.11 -10.36 -17.61 60.68 -4.9 1.43 -41.8 -0.9 6.05 -16.94 -4.88 3.14 16.73 -0.5 3.33 2.46 1.47 1.78 -6.97 2.78 0.21 -15.75 -8.63 1.01 11.16 -3.11 -0.06 6.03 0 0 0 -75.86 -11.93 36.79 39.62 -47.84 -18.16 -0 0 -26.51 19.25 -29.9 -9.88 -7.12 0 -0 -6.78 -1.17 6.97 0 0 0 78 20.21 24.19 -53.65 54.36 -29.11 0 -0 -19.8 -10.25 26.45 -4.6 7.12 -0 -0 11.81 -3.64 11.28
8.36 14.87 -0.46 718.67 83.19 736.81 0 0 0 -9.03 -2.94 -60.9 9.52 17.13 57.86 0.45 -9.48 -12.82 0.03 -1.06 -2.92 0 0 0 11.43 0 -39.26 -10.45 -17.66 60.99 -4.95 1.44 -42.02 -0.85 5.89 -16.47 -4.82 3.14 16.81 -0.39 3.35 2.46 1.55 1.79 -7.02 2.54 -0.01 -15.75 -8.51 0.75 11.22 -3.06 -0.18 6.03 0 0 0 -76.09 -11.4 36.21 40.57 -48.4 -18.86 -0 0 -26.55 18.97 -29.69 -9.66 -7.12 0 -0 -6.92 -0.9 7.08 0 0 0 77.83 20.9 23.96 -52.36 53.9 -28.07 0 -0 -20.42 -10.79 26.76 -4.91 7.12 -0 -0 11.5 -3.27 11.05
8.32 14.87 -0.4 722.08 83.66 740.01 0 0 0 -9.26 -3.09 -60.63 9.37 17.04 57.36 0.41 -9.53 -12.37 0.02 -1.01 -2.77 0 0 0 11.4 -0.31 -39.32 -10.54 -17.7 61.29 -5.01 1.32 -42.29 -0.83 5.83 -16.28 -4.93 3.13 16.91 -0.33 3.32 2.43 1.68 1.78 -7.11 2.38 0.02 -16.41 -8.54 0.9 12.07 -3.05 -0.15 6.42 0 -0 0 -76.2 -10.82 35.74 41.41 -48.88 -19.49 -0 0 -26.5 18.82 -29.91 -9.64 -7.12 0 -0 -7.04 -1.1 7.22 0 -0 0 77.63 21.23 23.66 -51.11 53.44 -27.07 0 -0 -20.87 -10.99 26.49 -4.95 7.12 -0 -0 11.37 -3.51 10.87
8.29 14.86 -0.33 720.96 84.02 738.92 0 0 0 -8.95 -2.89 -60.88 9.32 17.01 57.18 0.36 -9.91 -11.93 0.02 -0.94 -2.59 0 0 0 11.91 -0.36 -39.51 -10.61 -17.74 61.51 -5.06 1.27 -42.52 -0.78 5.65 -15.77 -4.59 3.18 16.68 -0.23 3.45 2.44 1.57 1.83 -6.97 2.16 -0.09 -16.2 -8.21 0.73 11.85 -2.92 -0.21 6.3 -0 0 0 -76.12 -10.53 35.4 42.36 -49.41 -20.21 -0 0 -26.88 19.01 -29.81 -9.72 -7.12 0 -0 -6.91 -1.04 7.09 -0 0 0 77.47 21.96 23.34 -49.5 52.79 -25.78 0 -0 -21.07 -11.06 26.38 -4.96 7.12 -0 -0 11.32 -3.62 10.8
8.25 14.86 -0.27 724.31 84.49 742.07 0 0 0 -9.06 -3.09 -60.67 9.21 16.94 56.8 0.32 -10.11 -11.48 0.01 -0.69 -1.9 0 0 0 11.98 -0.73 -39.58 -10.7 -17.78 61.79 -5.09 0.78 -42.76 -0.85 5.89 -16.47 -4.61 3.13 16.85 -0.18 3.39 2.44 1.64 1.8 -7.06 2.42 -0.09 -16.36 -8.41 0.7 11.77 -3.03 -0.23 6.3 0 -0 0 -76.16 -10.11 34.7 43.27 -49.89 -20.9 -0 0 -26.61 19.34 -30.18 -10.01 -7.12 0 -0 -6.77 -1.47 6.99 0 -0 0 77.46 22.29 23.07 -48.18 52.23 -24.73 0 -0 -21.28 -11.24 26.23 -5.02 7.12 -0 -0 11.21 -3.74 10.66
8.2 14.85 -0.21 725.36 84.54 743.11 0 0 0 -9 -2.85 -60.83 9.14 16.9 56.59 0.27 -10.33 -10.95 0 -0.45 -1.25 0 0 0 12.14 -0.5 -39.95 -10.83 -17.85 62.22 -5.12 0.21 -43.06 -0.95 6.2 -17.37 -4.53 3.28 16.53 -0.19 3.62 2.54 1.55 1.91 -6.8 2.55 -0.17 -17.04 -8.49 0.6 12.28 -3.1 -0.3 6.58 -0 0 0 -76.02 -9.97 34.46 44.31 -50.43 -21.71 -0 0 -26.87 19.2 -30.08 -9.9 -7.12 0 -0 -6.83 -1.34 7.04 -0 0 0 77.2 23.09 22.54 -46.28 51.38 -23.23 0 -0 -21.59 -11.39 26.19 -5.08 7.12 -0 -0 11.11 -3.76 10.57
8.18 14.86 -0.15 727.32 84.8 744.95 0 0 0 -9.05 -2.82 -60.58 8.99 16.8 56.06 0.24 -10.41 -10.68 0.01 -0.49 -1.36 0 0 0 12.31 -0.79 -39.95 -10.81 -17.84 62.17 -5.11 0.09 -43.06 -0.96 6.24 -17.48 -4.55 3.2 16.44 -0.13 3.51 2.47 1.66 1.86 -6.82 2.78 0.17 -16.56 -8.55 1.01 12.11 -3.11 -0.08 6.46 -0 0 0 -75.89 -9.55 33.89 45.05 -50.79 -22.27 -0 0 -27.04 19.22 -30.03 -9.9 -7.12 0 -0 -6.81 -1.29 7.01 -0 0 0 77.31 23.43 22.43 -44.47 50.51 -21.83 0 -0 -21.32 -11.18 26.11 -4.97 7.12 -0 -0 11.23 -3.86 10.66
8.15 14.85 -0.1 728.82 85.1 746.16 0 0 0 -8.96 -2.85 -60.27 8.92 16.75 55.8 0.22 -10.58 -10.45 0.01 -0.62 -1.7 0 0 0 12.57 -1.12 -39.83 -10.86 -17.87 62.34 -5.16 -0.02 -43.27 -0.96 6.25 -17.52 -4.37 3.21 16.54 -0.07 3.57 2.56 1.6 1.88 -6.77 2.4 -0.04 -16.35 -7.79 0.67 11.88 -2.83 -0.2 6.33 -0 -0 0 -75.68 -9.26 33.63 46.48 -51.47 -23.39 -0 0 -27.41 19.44 -29.89 -9.98 -7.12 0 -0 -6.67 -1.19 6.85 -0 -0 0 77.24 24.21 21.79 -42.06 49.24 -19.98 0 -0 -20.89 -11.16 26.08 -4.96 7.12 -0 -0 11.24 -3.89 10.67
8.12 14.84 -0.05 729.97 85.04 747.26 0 0 0 -8.94 -2.63 -60.3 8.86 16.71 55.59 0.19 -10.64 -10.15 0.01 -0.58 -1.59 0 0 0 12.63 -0.88 -40.02 -10.98 -17.92 62.7 -5.2 -0.04 -43.48 -0.93 6.14 -17.19 -4.4 3.29 16.57 -0.1 3.65 2.47 1.55 1.93 -6.9 2.74 0.35 -16.85 -7.85 1.15 12.36 -2.87 0.03 6.6 -0 -0 0 -75.45 -8.89 33.1 47.76 -52.05 -24.39 -0 0 -27.47 19.26 -29.72 -9.83 -7.12 0 -0 -6.76 -0.99 6.92 -0 -0 0 77.32 24.16 21.5 -40.47 48.35 -18.79 0 -0 -20.78 -11.42 26.15 -5.09 7.12 -0 -0 11.09 -3.79 10.54
8.1 14.84 -0.02 730.73 85.17 748.01 0 0 0 -8.86 -2.65 -60.28 8.8 16.68 55.39 0.17 -10.68 -9.91 0.01 -0.48 -1.31 0 0 0 12.76 -1.03 -40.08 -10.99 -17.93 62.75 -5.25 0.47 -43.54 -0.81 5.76 -16.08 -4.3 3.23 16.3 0.05 3.62 2.54 1.69 1.91 -6.68 2.46 0.34 -16.48 -7.61 1.14 11.96 -2.73 0.04 6.4 0 -0 0 -75.44 -8.93 32.6 48.66 -52.44 -25.11 -0 0 -27.76 19.22 -29.76 -9.82 -7.12 0 -0 -6.79 -1.02 6.95 0 -0 0 77.01 24.79 21.14 -38.27 47.01 -17.16 0 -0 -20.63 -11.36 26.4 -5.11 7.12 -0 -0 11.14 -3.56 10.63
8.08 14.84 0.02 733.58 85.12 750.68 0 0 0 -9.12 -2.42 -60.07 8.71 16.62 55.09 0.14 -10.85 -9.63 0.01 -0.51 -1.4 0 0 0 12.64 -1.1 -40.05 -11.03 -17.95 62.88 -5.27 0.46 -43.65 -0.8 5.7 -15.91 -4.42 3.19 16.38 -0.03 3.54 2.5 1.68 1.87 -6.75 2.7 0.38 -16.6 -7.49 1.11 11.92 -2.74 0.05 6.41 -0 -0 0 -75.18 -8.48 31.84 50.02 -53 -26.19 -0 0 -27.93 18.95 -30.09 -9.77 -7.12 0 -0 -6.98 -1.31 7.19 -0 -0 0 77.32 25.21 20.69 -36.07 45.56 -15.57 0 -0 -20.02 -11.35 26.2 -5.06 7.12 -0 -0 11.14 -3.75 10.59
8.07 14.84 0.04 734.93 85 752.06 0 0 0 -9.12 -2.57 -60.02 8.69 16.61 55.02 0.16 -10.6 -9.75 0.01 -0.5 -1.38 0 0 0 12.54 -1.01 -40.21 -11.06 -17.96 62.97 -5.25 0.33 -43.59 -0.84 5.84 -16.33 -4.52 3.21 16.28 0.04 3.55 2.44 1.81 1.88 -6.78 3.11 0.81 -16.35 -7.89 1.65 11.73 -2.88 0.3 6.34 -0 -0 0 -75.21 -8.32 31.36 51.04 -53.41 -27.01 -0 0 -28.37 19.4 -30.25 -10.06 -7.12 0 -0 -6.74 -1.55 6.97 -0 -0 0 77.23 25.31 20.21 -34.45 44.42 -14.43 0 -0 -19.93 -11.73 26.02 -5.2 7.12 -0 -0 10.9 -3.89 10.33
8.07 14.85 0.06 734.21 85 751.27 0 0 0 -8.96 -2.62 -59.83 8.65 16.58 54.87 0.15 -10.55 -9.62 0 0.25 0.67 0 0 0 12.68 -1.05 -40.12 -11.05 -17.96 62.93 -5.25 0.38 -43.55 -0.82 5.77 -16.11 -4.26 3.17 16.16 0.08 3.55 2.46 1.72 1.87 -6.68 3.03 0.78 -16.31 -7.69 1.59 11.65 -2.81 0.28 6.3 0 0 0 -74.95 -8.52 31 51.89 -53.73 -27.69 -0 0 -28.49 20.88 -29.8 -10.73 -7.12 0 -0 -5.83 -1.39 6 0 0 0 77.28 25.28 19.74 -33.08 43.39 -13.48 0 -0 -19.64 -11.71 26.09 -5.21 7.12 -0 -0 10.92 -3.83 10.36
8.06 14.84 0.06 734.75 84.75 751.79 0 0 0 -9.1 -2.51 -59.84 8.66 16.58 54.9 0.18 -10.39 -9.84 0 -0.16 -0.44 0 0 0 12.53 -0.97 -40.21 -11.09 -17.98 63.06 -5.23 0.44 -43.47 -0.81 5.73 -16.01 -4.16 3.19 16.33 0.01 3.58 2.33 1.57 1.89 -6.9 3.02 0.67 -16.68 -7.39 1.41 12.03 -2.73 0.21 6.47 -0 -0 0 -74.63 -8.47 30.91 52.91 -54.1 -28.52 -0 0 -29.36 19.75 -30.37 -10.29 -7.12 0 -0 -6.55 -1.74 6.79 -0 -0 0 77.55 25.11 19.09 -31.86 42.43 -12.64 0 -0 -19.18 -11.82 26.16 -5.27 7.12 -0 -0 10.86 -3.74 10.31
8.07 14.85 0.06 735.76 84.61 752.85 0 0 0 -9.31 -2.42 -59.82 8.63 16.57 54.81 0.17 -10.41 -9.82 0 -0.12 -0.34 0 0 0 12.35 -0.93 -40.29 -11.1 -17.98 63.1 -5.23 0.55 -43.45 -0.78 5.64 -15.74 -4.26 3.13 16.26 0.06 3.48 2.35 1.7 1.84 -6.85 3.1 0.83 -16.67 -7.59 1.63 11.91 -2.78 0.3 6.45 0 0 0 -74.43 -8.85 30.5 53.5 -54.31 -28.99 -0 0 -29.52 20.01 -30.03 -10.33 -7.12 0 -0 -6.36 -1.45 6.56 0 0 0 77.71 24.66 18.87 -31.57 42.2 -12.45 0 -0 -19.1 -11.68 26.19 -5.21 7.12 -0 -0 10.94 -3.73 10.4
8.07 14.83 0.06 734.83 84.36 752.01 0 0 0 -9.24 -2.33 -60.05 8.71 16.62 55.09 0.19 -10.33 -10.05 0 -0.28 -0.77 0 0 0 12.31 -0.64 -40.53 -11.17 -18.02 63.34 -5.2 0.04 -43.46 -0.91 6.09 -17.05 -4.32 3.13 16.19 0.13 3.48 2.32 1.81 1.84 -6.85 3.08 0.8 -16.5 -7.48 1.57 11.77 -2.75 0.29 6.37 0 -0 0 -74.17 -9.43 30.13 53.52 -54.32 -29.01 -0 0 -29.2 19.21 -29.5 -9.74 -7.12 0 -0 -6.76 -0.76 6.9 0 -0 0 77.81 24.45 18.87 -30.99 41.73 -12.06 0 -0 -19.54 -12.76 26.25 -5.72 7.12 -0 -0 10.29 -3.53 9.8
8.08 14.83 0.05 735.32 84.17 752.57 0 0 0 -9.33 -2.37 -60.09 8.75 16.65 55.23 0.21 -10.22 -10.13 0 0.22 0.6 0 0 0 12.11 -0.56 -40.63 -11.19 -18.03 63.4 -5.19 -0.07 -43.43 -0.93 6.14 -17.18 -4.48 2.99 16.1 0.22 3.28 2.33 2.05 1.75 -6.78 2.87 0.86 -16.62 -7.5 1.71 11.85 -2.71 0.34 6.42 -0 0 0 -74 -9.71 29.78 54.15 -54.54 -29.52 -0 0 -29.31 19.47 -29.66 -9.92 -7.12 0 -0 -6.63 -0.96 6.78 -0 0 0 77.87 24.24 19.03 -30.61 41.41 -11.81 0 -0 -19.38 -12.85 26.14 -5.74 7.12 -0 -0 10.23 -3.62 9.73
8.1 14.82 0.03 733.92 83.94 751.12 0 0 0 -9.28 -2.3 -59.99 8.82 16.69 55.48 0.23 -10.15 -10.48 0 -0.06 -0.18 0 0 0 12.02 -0.5 -40.43 -11.17 -18.02 63.33 -5.2 0.32 -43.38 -0.88 5.97 -16.71 -4.22 2.94 16.29 0.15 3.25 2.28 1.82 1.73 -6.93 2.97 0.69 -16.64 -7.45 1.45 11.8 -2.73 0.22 6.4 -0 -0 0 -73.42 -10.45 29.9 53.57 -54.34 -29.05 -0 0 -29.55 19.57 -29.81 -10.02 -7.12 0 -0 -6.59 -1.14 6.76 -0 -0 0 78.33 23.57 18.77 -30.49 41.31 -11.73 0 -0 -19.15 -12.66 26.27 -5.68 7.12 -0 -0 10.35 -3.52 9.86
8.13 14.84 0 732.57 83.8 749.81 0 0 0 -9.26 -2.24 -59.93 8.85 16.71 55.56 0.26 -10.08 -10.75 0 0.06 0.16 0 0 0 12.03 -0.44 -40.21 -11.07 -17.97 63.01 -5.18 0.54 -43.23 -0.82 5.79 -16.18 -4.04 2.84 16.36 0.12 3.13 2.21 1.72 1.67 -7.03 2.81 0.54 -16.25 -6.98 1.2 11.7 -2.58 0.15 6.28 0 -0 0 -72.93 -10.77 29.89 53.71 -54.39 -29.16 -0 0 -29.5 19.61 -29.97 -10.1 -7.12 0 -0 -6.58 -1.31 6.78 0 -0 0 78.6 22.89 18.68 -30.43 41.26 -11.69 0 -0 -18.88 -12.16 26.55 -5.5 7.12 -0 -0 10.67 -3.31 10.22
8.15 14.84 -0.03 732.48 83.49 749.89 0 0 0 -9.53 -2.06 -60.06 8.88 16.73 55.68 0.27 -10.04 -10.81 0.01 -0.73 -2.01 0 0 0 11.77 -0.36 -40.27 -11.03 -17.95 62.89 -5.16 0.62 -43.11 -0.85 5.88 -16.43 -4.17 2.67 16.11 0.09 2.91 2.34 1.81 1.56 -6.73 3.18 0.65 -16.76 -7.34 1.32 11.85 -2.75 0.18 6.42 -0 -0 0 -72.36 -11.5 29.62 53.62 -54.35 -29.09 -0 0 -29.71 19.5 -29.98 -10.03 -7.12 0 -0 -6.65 -1.3 6.84 -0 -0 0 79.13 22.84 18.98 -30.52 41.34 -11.75 0 -0 -18.93 -13.14 26.58 -5.96 7.12 -0 -0 10.09 -3.15 9.67
8.19 14.86 -0.07 729.6 83.07 747.06 0 0 0 -9.42 -1.84 -59.92 8.91 16.75 55.77 0.29 -9.88 -11.06 0 -0.29 -0.8 0 0 0 11.78 -0.13 -40.07 -10.93 -17.9 62.55 -5.1 0.69 -42.84 -0.9 6.04 -16.89 -4.09 2.69 16.28 0.16 2.94 2.26 1.83 1.58 -6.91 3.36 0.78 -16.4 -7.63 1.49 11.5 -2.85 0.25 6.27 -0 -0 0 -72.15 -12.31 29.79 52.65 -54.01 -28.3 -0 0 -29.59 19.71 -30.31 -10.25 -7.12 0 -0 -6.57 -1.67 6.8 -0 -0 0 79.19 22.11 19.13 -30.68 41.47 -11.86 0 -0 -19.29 -12.8 26.61 -5.81 7.12 -0 -0 10.29 -3.16 9.87
8.22 14.87 -0.11 727.5 82.79 745.13 0 0 0 -9.38 -1.67 -60.01 8.96 16.78 55.96 0.32 -9.83 -11.35 0 -0.42 -1.15 0 0 0 11.8 -0.05 -40.03 -10.85 -17.86 62.29 -5.07 0.91 -42.67 -0.89 6.01 -16.82 -4 2.6 16.21 0.2 2.84 2.19 1.85 1.53 -6.95 3.1 0.96 -16.54 -7.3 1.76 11.92 -2.67 0.39 6.43 0 -0 0 -71.72 -12.73 29.96 52.44 -53.93 -28.13 -0 0 -29.71 19.74 -30.2 -10.23 -7.12 0 -0 -6.54 -1.57 6.76 0 -0 0 79.43 21.15 19.42 -31.29 41.97 -12.26 0 -0 -19.33 -12.75 26.21 -5.71 7.12 -0 -0 10.3 -3.57 9.8
8.25 14.87 -0.15 726.91 82.35 744.65 0 0 0 -9.5 -1.53 -60.06 9.03 16.82 56.18 0.34 -9.7 -11.6 0 -0.43 -1.19 0 0 0 11.52 0.11 -40.04 -10.81 -17.84 62.16 -5.03 1.21 -42.43 -0.84 5.86 -16.39 -4.14 2.68 16.44 0.14 2.9 2.2 1.84 1.56 -7.06 3.23 0.84 -17.12 -7.56 1.62 12.19 -2.8 0.29 6.61 -0 -0 0 -71.47 -13.56 30.3 51.99 -53.77 -27.77 -0 0 -29.62 19.86 -30.41 -10.36 -7.12 0 -0 -6.49 -1.81 6.74 -0 -0 0 79.7 20.45 19.29 -31.95 42.51 -12.71 0 -0 -19.5 -12.55 26.63 -5.7 7.12 -0 -0 10.44 -3.18 10.02
8.29 14.88 -0.2 726.12 82.03 743.86 0 0 0 -9.62 -1.42 -59.95 9.07 16.85 56.33 0.38 -9.59 -12.03 0 -0.4 -1.11 0 0 0 11.36 0.18 -39.78 -10.71 -17.79 61.85 -5.01 1.44 -42.25 -0.85 5.87 -16.4 -4.35 2.52 16.43 0.13 2.65 2.23 2.01 1.44 -7.02 3.23 0.98 -16.43 -7.53 1.78 11.77 -2.77 0.4 6.37 -0 0 0 -71.13 -13.91 30.2 51.65 -53.64 -27.49 -0 0 -29.72 19.86 -30.52 -10.4 -7.12 0 -0 -6.51 -1.92 6.76 -0 0 0 80.05 18.98 20.31 -33.49 43.7 -13.76 0 -0 -20.17 -12.53 26.16 -5.6 7.12 -0 -0 10.43 -3.64 9.91
8.33 14.89 -0.24 725.6 81.71 743.48 0 0 0 -9.74 -1.35 -60.03 9.14 16.9 56.58 0.41 -9.43 -12.27 0.01 -0.74 -2.04 0 0 0 11.11 0.35 -39.68 -10.65 -17.76 61.64 -5 1.63 -42.16 -0.83 5.82 -16.26 -4.5 2.49 16.44 0.08 2.58 2.21 2.05 1.41 -7.04 3.28 1.1 -16.11 -7.63 1.93 11.4 -2.79 0.47 6.21 -0 0 0 -70.77 -14.66 30.5 50.64 -53.25 -26.69 -0 0 -29.65 19.91 -30.51 -10.42 -7.12 0 -0 -6.48 -1.92 6.73 -0 0 0 80.35 18.6 20.29 -33.66 43.83 -13.88 0 -0 -20.16 -12.79 26.1 -5.71 7.12 -0 -0 10.27 -3.67 9.75
8.37 14.88 -0.29 723.31 81.34 741.36 0 0 0 -9.58 -1.17 -60.22 9.27 16.98 57.02 0.44 -9.52 -12.64 0 0.14 0.37 0 0 0 11.11 0.57 -39.7 -10.6 -17.73 61.47 -4.94 1.45 -41.96 -0.93 6.16 -17.24 -4.65 2.4 16.35 0.09 2.44 2.13 2.19 1.35 -7.08 3.95 1.25 -15.72 -8.2 2.09 11.5 -3.07 0.54 6.2 -0 -0 0 -70.47 -14.95 30.38 49.85 -52.94 -26.06 -0 0 -29.12 19.69 -30.52 -10.3 -7.12 0 -0 -6.6 -1.88 6.86 -0 -0 0 80.83 17.89 20.94 -34.13 44.18 -14.21 0 -0 -20.25 -13.07 26.36 -5.89 7.12 -0 -0 10.11 -3.38 9.65
8.4 14.89 -0.34 723.05 81.28 741.21 0 0 0 -9.69 -1.28 -60.28 9.32 17.01 57.2 0.45 -9.51 -12.77 0 0.32 0.87 0 0 0 10.94 0.53 -39.59 -10.53 -17.7 61.24 -4.93 1.8 -41.84 -0.86 5.92 -16.54 -4.44 2.44 16.66 -0.04 2.51 2.21 1.91 1.38 -7.16 3.86 1.27 -16.05 -8.23 2.11 11.17 -3.06 0.54 6.15 -0 -0 0 -70.2 -16.16 31.29 48.77 -52.49 -25.2 -0 0 -29.52 20.04 -30.93 -10.62 -7.12 0 -0 -6.46 -2.37 6.76 -0 -0 0 81.05 17.64 20.42 -34.26 44.27 -14.29 0 -0 -20.3 -12.48 26.19 -5.58 7.12 -0 -0 10.46 -3.62 9.95
8.44 14.9 -0.39 722.21 81.02 740.57 0 0 0 -9.81 -1.14 -60.41 9.37 17.04 57.37 0.47 -9.47 -12.98 0 0.12 0.33 0 0 0 10.79 0.75 -39.47 -10.42 -17.64 60.87 -4.9 1.89 -41.66 -0.85 5.89 -16.48 -4.58 2.41 16.68 -0.11 2.44 2.23 1.92 1.34 -7.13 3.92 1.49 -16.18 -8.32 2.4 11.15 -3.07 0.68 6.19 -0 0 0 -70.09 -16.95 31.5 47.6 -51.98 -24.27 -0 0 -29.39 20.06 -30.87 -10.61 -7.12 0 -0 -6.44 -2.31 6.73 -0 0 0 81.51 17.14 20.71 -34.85 44.7 -14.71 0 -0 -20.29 -12.4 26.13 -5.53 7.12 -0 -0 10.51 -3.69 9.98
8.48 14.9 -0.44 720.37 80.9 738.87 0 0 0 -9.66 -1.15 -60.53 9.49 17.11 57.77 0.48 -9.5 -13.11 0.02 0.85 2.32 0 0 0 10.82 0.79 -39.33 -10.35 -17.6 60.66 -4.88 2.28 -41.51 -0.8 5.71 -15.95 -4.48 2.42 16.66 -0.09 2.47 2.21 1.88 1.36 -7.14 4.12 1.53 -15.91 -8.72 2.48 10.91 -3.22 0.7 6.08 -0 -0 0 -70.2 -17.32 31.96 46.75 -51.6 -23.6 -0 0 -29.07 19.89 -30.99 -10.55 -7.12 0 -0 -6.55 -2.4 6.86 -0 -0 0 81.69 15.98 20.96 -36.28 45.7 -15.72 0 -0 -20.54 -12.33 25.98 -5.47 7.12 -0 -0 10.54 -3.85 9.98
8.52 14.9 -0.49 719.26 80.77 737.97 0 0 0 -9.6 -1.23 -60.77 9.58 17.17 58.09 0.51 -9.32 -13.34 0.04 1.3 3.58 0 0 0 10.75 0.86 -39.34 -10.28 -17.56 60.42 -4.85 2.7 -41.26 -0.73 5.46 -15.24 -4.61 2.35 16.62 -0.1 2.36 2.28 1.97 1.31 -7.05 4.09 1.88 -16.31 -8.75 2.96 11.1 -3.18 0.92 6.24 0 0 0 -70.14 -17.87 32.05 45.99 -51.24 -23.01 -0 0 -28.98 19.81 -30.29 -10.3 -7.12 0 -0 -6.51 -1.67 6.74 0 0 0 82.02 15.71 21.19 -37.05 46.22 -16.27 0 -0 -20.54 -12.28 25.85 -5.42 7.12 -0 -0 10.56 -3.98 9.98
8.56 14.91 -0.53 719.92 80.75 738.86 0 0 0 -9.95 -1.25 -60.9 9.59 17.17 58.1 0.49 -9.42 -13.23 0.04 1.36 3.75 0 0 0 10.48 0.66 -39.42 -10.2 -17.52 60.17 -4.78 2.41 -41.01 -0.84 5.86 -16.37 -4.8 2.39 16.57 -0.24 2.37 2.23 1.93 1.31 -7.08 4.36 1.76 -16.27 -9.22 2.79 10.71 -3.39 0.82 6.11 0 -0 0 -70.1 -18.54 32.59 44.7 -50.62 -22.01 -0 0 -29.03 19.76 -30.63 -10.37 -7.12 0 -0 -6.58 -2.01 6.85 0 -0 0 82.36 15 20.97 -38.33 47.05 -17.2 0 -0 -20.57 -12.1 26.19 -5.4 7.12 -0 -0 10.69 -3.67 10.16
8.59 14.91 -0.58 717.27 80.51 736.35 0 0 0 -9.72 -0.96 -61.16 9.68 17.22 58.4 0.52 -9.54 -13.54 0.05 1.41 3.87 0 0 0 10.73 0.76 -39.48 -10.16 -17.5 60.03 -4.72 2.08 -40.82 -0.96 6.25 -17.52 -4.62 2.38 16.75 -0.24 2.38 2.14 1.82 1.32 -7.27 4.23 1.97 -15.97 -9.28 3.11 10.7 -3.35 0.97 6.08 -0 -0 0 -70.16 -18.74 32.56 43.85 -50.19 -21.35 -0 0 -28.72 19.52 -30.67 -10.25 -7.12 0 -0 -6.72 -2 7 -0 -0 0 82.66 14.25 21.34 -39.46 47.75 -18.04 0 -0 -20.59 -12.5 26.56 -5.66 7.12 -0 -0 10.47 -3.25 10.03
8.62 14.93 -0.62 718.28 80.41 737.35 0 0 0 -10.14 -1.04 -60.93 9.68 17.23 58.41 0.54 -9.6 -13.77 0.08 1.81 4.98 0 0 0 10.35 0.51 -39.26 -10.11 -17.47 59.86 -4.71 2.49 -40.68 -0.92 6.1 -17.08 -4.91 2.39 16.8 -0.37 2.32 2.17 1.85 1.3 -7.27 4.45 2.04 -15.73 -9.57 3.18 10.34 -3.47 1.01 5.94 0 0 0 -70.25 -19.05 32.78 43.13 -49.82 -20.8 -0 0 -28.43 19.79 -30.7 -10.41 -7.12 0 -0 -6.57 -2.09 6.85 0 0 0 82.91 14.15 21.35 -40.22 48.2 -18.6 0 -0 -20.61 -12.28 26.59 -5.56 7.12 -0 -0 10.6 -3.25 10.16
8.65 14.93 -0.65 716.49 80.41 735.72 0 0 0 -9.85 -1.09 -61.16 9.77 17.28 58.73 0.56 -9.52 -13.97 0.08 1.86 5.12 0 0 0 10.56 0.54 -39.18 -10.02 -17.42 59.56 -4.68 2.39 -40.6 -0.98 6.31 -17.69 -4.91 2.36 16.69 -0.34 2.29 2.18 1.9 1.28 -7.2 4.03 1.92 -15.66 -8.79 3 10.32 -3.17 0.96 5.89 -0 0 0 -70.24 -18.94 32.76 43.17 -49.84 -20.83 -0 0 -28.37 20.08 -30.76 -10.59 -7.12 0 -0 -6.42 -2.21 6.7 -0 0 0 82.97 13.97 21.62 -41.26 48.8 -19.38 0 -0 -20.78 -11.68 27.94 -5.53 7.12 -0 -0 11.03 -1.99 10.85
8.67 14.93 -0.69 713.73 80.24 733.06 0 0 0 -9.41 -1.02 -61.32 9.89 17.35 59.13 0.58 -9.59 -14.23 0.11 2.16 5.94 0 0 0 10.86 0.79 -38.99 -9.94 -17.37 59.27 -4.68 2.57 -40.53 -0.92 6.1 -17.08 -4.56 2.35 16.7 -0.38 2.34 2.16 1.64 1.29 -7.2 4.14 2.08 -15.58 -8.99 3.23 10.37 -3.23 1.06 5.91 -0 0 0 -70.12 -18.89 32.64 42.9 -49.69 -20.62 -0 0 -28.35 20.28 -31.05 -10.79 -7.12 0 -0 -6.33 -2.54 6.65 -0 0 0 83.17 13.7 21.96 -42.55 49.51 -20.36 0 -0 -20.98 -11.8 27.25 -5.46 7.12 -0 -0 10.93 -2.66 10.6
8.69 14.93 -0.71 713.76 80.22 733.18 0 0 0 -9.54 -1.02 -61.36 9.91 17.36 59.18 0.59 -9.6 -14.34 0.08 1.81 4.97 0 0 0 10.8 0.83 -38.87 -9.87 -17.34 59.05 -4.67 2.13 -40.58 -1.03 6.46 -18.13 -4.78 2.4 16.46 -0.46 2.38 2.19 1.68 1.31 -7.05 4.37 2.21 -15.58 -9.24 3.38 10.32 -3.33 1.13 5.92 0 -0 0 -70.09 -18.88 32.75 42.88 -49.69 -20.61 -0 0 -28.45 20 -30.91 -10.59 -7.12 0 -0 -6.48 -2.34 6.78 0 -0 0 83.14 13.92 21.98 -43.22 49.87 -20.87 0 -0 -20.79 -11.77 27.12 -5.42 7.12 -0 -0 10.94 -2.8 10.59
8.71 14.92 -0.73 716.52 80.17 736 0 0 0 -10.11 -1.31 -61.35 9.92 17.37 59.23 0.62 -9.43 -14.57 0.08 1.79 4.93 0 0 0 10.16 0.66 -39 -9.89 -17.35 59.12 -4.7 2.3 -40.69 -1.03 6.45 -18.1 -5.33 2.4 16.51 -0.62 2.26 2.14 1.84 1.27 -7.14 4.44 2.16 -15.73 -9.49 3.33 10.32 -3.43 1.09 5.95 -0 0 0 -70.15 -18.76 32.5 42.9 -49.7 -20.62 -0 0 -28.49 19.87 -30.33 -10.34 -7.12 0 -0 -6.48 -1.72 6.71 -0 0 0 83.05 13.85 22.37 -44.62 50.58 -21.94 0 -0 -20.87 -12.29 26.19 -5.49 7.12 -0 -0 10.57 -3.65 10.05
8.71 14.91 -0.74 715.15 80.09 734.62 0 0 0 -9.86 -1.23 -61.42 9.98 17.4 59.43 0.63 -9.47 -14.72 0.08 1.86 5.12 0 0 0 10.34 1.08 -38.82 -9.87 -17.34 59.07 -4.7 1.93 -40.79 -1.07 6.59 -18.5 -5.42 2.48 16.63 -0.55 2.34 2.1 1.94 1.32 -7.26 4.2 2.11 -15.47 -9.31 3.28 10.1 -3.33 1.08 5.82 0 0 0 -70.26 -18.5 32.45 43.04 -49.77 -20.73 -0 0 -28.5 19.7 -30.61 -10.33 -7.12 0 -0 -6.61 -1.98 6.88 0 0 0 82.86 14.07 22.63 -45.4 50.96 -22.55 0 -0 -21.24 -12.18 26.28 -5.46 7.12 -0 -0 10.65 -3.58 10.14
8.72 14.92 -0.76 714.32 80.32 733.84 0 0 0 -9.79 -1.3 -61.51 9.99 17.41 59.47 0.63 -9.56 -14.67 0.08 1.84 5.05 0 0 0 10.5 0.93 -38.76 -9.83 -17.31 58.91 -4.72 1.89 -40.89 -1.04 6.48 -18.2 -5.18 2.43 16.4 -0.65 2.34 2.24 1.71 1.3 -6.97 4.25 2.07 -15.71 -9.26 3.21 10.15 -3.33 1.04 5.87 0 0 0 -70.15 -18.75 32.61 42.59 -49.53 -20.39 -0 0 -28.33 19.99 -30.67 -10.51 -7.12 0 -0 -6.45 -2.1 6.73 0 0 0 82.76 14.09 22.88 -47.18 51.79 -23.94 0 -0 -21.36 -12.3 25.78 -5.42 7.12 -0 -0 10.54 -4.05 9.95
8.73 14.91 -0.76 714.66 80.35 734.17 0 0 0 -9.88 -1.27 -61.58 10.03 17.43 59.6 0.64 -9.66 -14.78 0.06 1.6 4.41 0 0 0 10.41 1.03 -38.68 -9.81 -17.3 58.84 -4.7 1.37 -40.91 -1.15 6.82 -19.19 -5.46 2.5 16.48 -0.59 2.38 2.12 1.92 1.33 -7.15 4.1 1.98 -15.76 -9.27 3.14 10.37 -3.32 0.99 5.94 -0 0 0 -70.45 -18.42 32.7 42.84 -49.66 -20.58 -0 0 -28.31 19.97 -30.13 -10.34 -7.12 0 -0 -6.4 -1.54 6.61 -0 0 0 82.37 14.17 22.88 -47.97 52.14 -24.56 0 -0 -21.37 -12.03 25.61 -5.26 7.12 -0 -0 10.7 -4.25 10.06
8.73 14.91 -0.76 714.38 80.43 733.8 0 0 0 -9.85 -1.31 -61.52 10.06 17.45 59.7 0.65 -9.7 -14.96 0.07 1.67 4.58 0 0 0 10.43 1.03 -38.48 -9.77 -17.28 58.72 -4.71 1.61 -40.92 -1.08 6.61 -18.56 -5.34 2.53 16.63 -0.72 2.42 2.09 1.7 1.35 -7.26 4.33 1.92 -16.06 -9.34 3.03 10.58 -3.4 0.93 6.06 -0 -0 0 -70.33 -18.19 32.93 42.72 -49.6 -20.49 -0 0 -28.42 20.04 -30.56 -10.5 -7.12 0 -0 -6.41 -1.99 6.67 -0 -0 0 82.26 14.51 23.02 -48.65 52.44 -25.1 0 -0 -21.67 -11.99 25.93 -5.31 7.12 -0 -0 10.74 -3.94 10.16
8.73 14.9 -0.77 713.7 80.57 732.99 0 0 0 -9.7 -1.39 -61.4 10.09 17.46 59.78 0.65 -9.72 -14.97 0.08 1.84 5.06 0 0 0 10.59 0.83 -38.34 -9.77 -17.28 58.71 -4.69 1.3 -40.88 -1.18 6.9 -19.41 -5.27 2.52 16.73 -0.74 2.4 2.1 1.64 1.34 -7.31 4.21 1.84 -15.86 -9.06 2.88 10.39 -3.3 0.89 5.94 0 -0 0 -70.57 -17.8 32.79 43.01 -49.75 -20.71 -0 0 -28.14 20.03 -30.54 -10.5 -7.12 0 -0 -6.41 -1.97 6.67 0 -0 0 82.18 15.09 23.01 -48.78 52.49 -25.21 0 -0 -21.44 -11.56 26.27 -5.17 7.12 -0 -0 11.02 -3.66 10.49
8.73 14.9 -0.77 712.64 80.74 731.87 0 0 0 -9.5 -1.43 -61.42 10.12 17.47 59.87 0.64 -9.8 -14.86 0.1 2.06 5.66 0 0 0 10.8 0.75 -38.21 -9.76 -17.27 58.69 -4.72 1.52 -40.95 -1.11 6.7 -18.82 -5.2 2.45 16.79 -0.62 2.33 2.04 1.75 1.31 -7.41 4.47 2.11 -15.29 -9.74 3.28 9.88 -3.52 1.06 5.74 -0 -0 0 -71.04 -17.32 32.59 43.18 -49.85 -20.84 -0 0 -27.95 19.69 -30.27 -10.22 -7.12 0 -0 -6.58 -1.63 6.81 -0 -0 0 81.85 15.37 23.32 -49.33 52.72 -25.64 0 -0 -21.69 -11.16 26.53 -5.04 7.12 -0 -0 11.27 -3.45 10.78
8.72 14.89 -0.76 712.78 80.75 731.93 0 0 0 -9.52 -1.35 -61.45 10.14 17.49 59.94 0.65 -9.71 -14.96 0.05 1.39 3.81 0 0 0 10.8 0.92 -38.21 -9.82 -17.31 58.88 -4.74 1.32 -41.11 -1.11 6.7 -18.83 -5.34 2.52 16.78 -0.61 2.39 2.09 1.82 1.34 -7.36 4.31 1.94 -15.61 -9.56 3.08 10.22 -3.46 0.96 5.87 0 0 0 -71.24 -17.27 32.77 43.03 -49.76 -20.72 -0 0 -27.85 20.03 -30.15 -10.38 -7.12 0 -0 -6.36 -1.57 6.58 0 0 0 81.64 15.78 23.4 -49.91 52.96 -26.11 0 -0 -21.7 -11.81 26.35 -5.3 7.12 -0 -0 10.87 -3.55 10.37
8.71 14.89 -0.75 712.78 80.84 731.8 0 0 0 -9.49 -1.31 -61.4 10.15 17.49 59.97 0.63 -9.95 -14.78 0.08 1.79 4.93 0 0 0 10.86 0.88 -38.12 -9.85 -17.33 58.99 -4.76 1.24 -41.21 -1.15 6.82 -19.18 -5.31 2.52 16.55 -0.65 2.43 2.24 1.76 1.35 -7.07 4.1 1.9 -15.28 -9.36 3.02 9.78 -3.36 0.95 5.67 0 0 0 -71.55 -17.17 32.7 43.06 -49.78 -20.75 -0 0 -27.48 19.88 -30.6 -10.43 -7.12 0 -0 -6.51 -2 6.77 0 0 0 81.54 16.6 23.33 -49.79 52.91 -26 0 -0 -21.78 -11.74 26.23 -5.25 7.12 -0 -0 10.91 -3.68 10.38
8.71 14.88 -0.74 713.83 80.88 732.89 0 0 0 -9.67 -1.34 -61.51 10.15 17.49 59.99 0.63 -9.86 -14.74 0.04 1.33 3.65 0 0 0 10.68 0.85 -38.34 -9.94 -17.37 59.27 -4.76 1.08 -41.23 -1.2 6.95 -19.56 -5.48 2.53 16.34 -0.7 2.42 2.24 1.81 1.35 -6.95 3.83 1.83 -15.28 -8.93 2.92 9.9 -3.18 0.92 5.69 -0 0 0 -71.69 -16.76 32.73 43.23 -49.87 -20.87 -0 0 -27.65 20.09 -30.54 -10.53 -7.12 0 -0 -6.38 -1.98 6.64 -0 0 0 81.43 17.61 23.17 -48.83 52.51 -25.24 0 -0 -21.52 -11.34 26.7 -5.15 7.12 -0 -0 11.17 -3.26 10.72
8.7 14.87 -0.74 713.03 80.9 731.95 0 0 0 -9.47 -1.34 -61.4 10.18 17.51 60.1 0.63 -9.88 -14.8 0.05 1.49 4.09 0 0 0 10.81 0.83 -38.21 -9.95 -17.38 59.32 -4.77 1.34 -41.23 -1.13 6.76 -19 -5.17 2.6 16.37 -0.71 2.57 2.3 1.59 1.41 -6.9 3.68 1.57 -15.55 -8.83 2.59 9.99 -3.16 0.76 5.74 0 -0 0 -71.85 -16.75 33.02 43.03 -49.77 -20.72 -0 0 -27.76 19.76 -29.92 -10.16 -7.12 0 -0 -6.49 -1.29 6.68 0 -0 0 81.19 17.87 23.06 -49.19 52.67 -25.53 0 -0 -21.7 -11.48 26.45 -5.17 7.12 -0 -0 11.07 -3.49 10.58
8.67 14.87 -0.72 714.26 80.91 733.25 0 0 0 -9.65 -1.33 -61.61 10.16 17.5 60.01 0.62 -9.85 -14.64 0.06 1.52 4.17 0 0 0 10.67 0.92 -38.55 -10.03 -17.43 59.59 -4.78 1.16 -41.33 -1.16 6.84 -19.25 -5.37 2.62 16.4 -0.77 2.55 2.26 1.65 1.41 -6.97 3.73 1.71 -15.5 -8.91 2.78 9.94 -3.18 0.85 5.73 0 -0 0 -72.06 -16.43 32.9 43.13 -49.82 -20.8 -0 0 -27.5 19.76 -30.25 -10.26 -7.12 0 -0 -6.53 -1.62 6.76 0 -0 0 80.98 18.53 23.15 -48.82 52.51 -25.23 0 -0 -21.67 -11.44 26.29 -5.12 7.12 -0 -0 11.09 -3.66 10.56
8.66 14.87 -0.71 714.65 81.05 733.42 0 0 0 -9.69 -1.32 -61.36 10.11 17.47 59.87 0.62 -10 -14.67 0.06 1.63 4.48 0 0 0 10.69 0.69 -38.4 -10.05 -17.44 59.65 -4.77 1.22 -41.29 -1.15 6.81 -19.14 -5.38 2.61 16.45 -0.69 2.54 2.31 1.74 1.41 -6.94 3.86 1.6 -15.58 -9.1 2.63 9.98 -3.27 0.76 5.75 -0 -0 0 -72.57 -15.79 32.68 43.41 -49.97 -21.02 -0 0 -27.41 19.79 -30.39 -10.32 -7.12 0 -0 -6.53 -1.77 6.78 -0 -0 0 80.53 19.15 23.4 -48.07 52.19 -24.64 0 -0 -21.53 -11.71 26.36 -5.26 7.12 -0 -0 10.93 -3.55 10.43
8.64 14.87 -0.69 714.82 81.08 733.65 0 0 0 -9.63 -1.36 -61.46 10.08 17.45 59.75 0.6 -9.99 -14.46 0.05 1.44 3.97 0 0 0 10.75 0.7 -38.68 -10.1 -17.47 59.84 -4.76 0.97 -41.29 -1.21 6.97 -19.62 -5.27 2.6 16.17 -0.72 2.57 2.34 1.65 1.41 -6.75 3.57 1.5 -15.21 -8.54 2.45 9.62 -3.06 0.72 5.55 -0 0 0 -72.81 -15.57 32.4 43.45 -49.98 -21.04 -0 0 -27.44 19.92 -30.27 -10.36 -7.12 0 -0 -6.44 -1.68 6.67 -0 0 0 80.28 19.78 23.52 -47.24 51.82 -23.99 0 -0 -21.34 -11.36 26.23 -5.08 7.12 -0 -0 11.13 -3.72 10.59
8.62 14.87 -0.67 714.54 81.06 733.19 0 0 0 -9.49 -1.29 -61.25 10.05 17.44 59.65 0.58 -9.9 -14.29 0.05 1.51 4.14 0 0 0 10.9 0.67 -38.59 -10.12 -17.48 59.9 -4.79 1.23 -41.35 -1.11 6.68 -18.78 -5.1 2.68 16.28 -0.67 2.69 2.29 1.57 1.47 -6.87 3.26 1.36 -15.33 -8.38 2.32 9.77 -2.97 0.65 5.6 -0 0 0 -73.24 -14.79 32.21 43.74 -50.13 -21.26 -0 0 -27.28 19.71 -30.35 -10.26 -7.12 0 -0 -6.57 -1.71 6.81 -0 0 0 79.9 20.21 23.65 -46.37 51.42 -23.31 0 -0 -21.19 -11.64 26.21 -5.2 7.12 -0 -0 10.96 -3.71 10.43
8.6 14.87 -0.64 716.28 81.16 734.89 0 0 0 -9.66 -1.44 -61.19 9.99 17.4 59.45 0.57 -9.91 -14.2 0.07 1.65 4.54 0 0 0 10.69 0.63 -38.72 -10.19 -17.52 60.14 -4.8 1.2 -41.4 -1.14 6.78 -19.06 -5.28 2.63 16.27 -0.7 2.6 2.3 1.67 1.43 -6.85 3.56 1.43 -15.42 -8.56 2.36 9.65 -3.07 0.67 5.59 0 -0 0 -73.44 -14.25 31.74 43.76 -50.15 -21.29 -0 0 -27.25 19.87 -30.61 -10.43 -7.12 0 -0 -6.51 -2.01 6.78 0 -0 0 79.52 21.47 23.86 -44.01 50.27 -21.47 0 -0 -21.1 -11.68 26.7 -5.3 7.12 -0 -0 10.97 -3.22 10.53
8.56 14.87 -0.62 718.25 81.31 736.72 0 0 0 -9.91 -1.57 -61.03 9.91 17.36 59.19 0.56 -9.8 -14.07 0.03 1.04 2.85 0 0 0 10.52 0.45 -38.81 -10.27 -17.56 60.37 -4.84 1.41 -41.55 -1.06 6.56 -18.41 -5.41 2.61 16.37 -0.69 2.54 2.23 1.76 1.41 -6.99 3.41 1.2 -15.52 -8.49 2.08 9.81 -3.05 0.53 5.63 -0 0 0 -73.76 -13.52 31.54 44.02 -50.28 -21.48 -0 0 -27.27 20.53 -30.42 -10.74 -7.12 0 -0 -6.11 -1.95 6.35 -0 0 0 79.15 21.96 24.04 -42.81 49.65 -20.56 0 -0 -21.02 -11.97 26.32 -5.37 7.12 -0 -0 10.77 -3.56 10.27
8.54 14.87 -0.58 717.39 81.43 735.82 0 0 0 -9.66 -1.39 -61.1 9.85 17.33 59 0.52 -9.92 -13.71 0.02 0.94 2.58 0 0 0 10.86 0.6 -38.87 -10.28 -17.57 60.43 -4.84 1.04 -41.61 -1.08 6.61 -18.57 -5.15 2.67 16.18 -0.65 2.68 2.34 1.64 1.47 -6.76 3.64 1.15 -16.03 -8.47 1.98 10.14 -3.1 0.47 5.82 -0 -0 0 -73.74 -13.28 31.59 44.06 -50.3 -21.51 -0 0 -27.89 20.02 -30.69 -10.53 -7.12 0 -0 -6.44 -2.12 6.72 -0 -0 0 78.8 22.78 23.9 -41.35 48.85 -19.45 0 -0 -20.78 -11.7 26.63 -5.3 7.12 -0 -0 10.95 -3.29 10.5
8.51 14.87 -0.55 719.07 81.59 737.32 0 0 0 -9.8 -1.55 -60.83 9.76 17.27 58.69 0.52 -9.86 -13.6 0.02 0.81 2.22 0 0 0 10.74 0.47 -38.86 -10.35 -17.6 60.64 -4.85 1.08 -41.67 -1.06 6.56 -18.42 -5.02 2.69 16.35 -0.66 2.71 2.23 1.53 1.48 -6.97 3.08 1.21 -15.38 -7.98 2.11 9.94 -2.83 0.56 5.64 0 0 0 -73.98 -12.27 31.48 44.54 -50.54 -21.88 -0 0 -27.72 19.62 -30.93 -10.38 -7.12 0 -0 -6.7 -2.29 7.01 0 0 0 78.39 22.58 23.96 -40.86 48.57 -19.08 0 -0 -20.93 -11.47 26.33 -5.15 7.12 -0 -0 11.07 -3.61 10.55
8.47 14.86 -0.5 718.82 81.75 736.78 0 0 0 -9.64 -1.34 -60.65 9.71 17.24 58.51 0.49 -10.21 -13.45 0.04 1.33 3.65 0 0 0 11.04 0.43 -38.77 -10.42 -17.64 60.88 -4.88 0.79 -41.85 -1.09 6.62 -18.6 -5.02 2.72 16.5 -0.5 2.76 2.33 1.69 1.5 -6.96 3.38 1.14 -15.94 -8.23 2 10.26 -2.98 0.49 5.84 0 0 0 -74.07 -11.72 31.17 44.56 -50.55 -21.9 -0 0 -27.77 19.41 -31.66 -10.48 -7.12 0 -0 -6.91 -2.98 7.31 0 0 0 77.93 23.42 24.02 -39.22 47.6 -17.86 0 -0 -21.48 -11.81 26.5 -5.33 7.12 -0 -0 10.88 -3.41 10.4
8.44 14.85 -0.47 719.83 81.89 737.81 0 0 0 -9.61 -1.46 -60.8 9.7 17.24 58.49 0.48 -10.06 -13.31 0 0.42 1.15 0 0 0 11.04 0.32 -39.11 -10.53 -17.7 61.25 -4.91 0.91 -41.98 -1.05 6.52 -18.29 -4.76 2.8 16.36 -0.49 2.93 2.35 1.51 1.58 -6.86 3.48 1.05 -15.88 -8.54 1.89 10 -3.1 0.42 5.74 -0 0 0 -74.01 -11.23 31.29 45.06 -50.8 -22.29 -0 0 -28.08 19.88 -30.65 -10.45 -7.12 0 -0 -6.51 -2.06 6.78 -0 0 0 77.48 23.79 23.48 -37.96 46.81 -16.94 0 -0 -21.43 -12 26.31 -5.38 7.12 -0 -0 10.76 -3.57 10.25
8.41 14.84 -0.43 721.64 81.91 739.49 0 0 0 -9.78 -1.32 -60.8 9.67 17.22 58.39 0.47 -10.2 -13.21 0.01 0.6 1.64 0 0 0 10.9 0.31 -39.29 -10.65 -17.76 61.65 -4.97 1.18 -42.16 -0.98 6.29 -17.64 -4.94 2.89 16.36 -0.36 3.02 2.3 1.73 1.63 -6.93 3.32 1.32 -15.36 -8.59 2.28 9.77 -3.05 0.62 5.61 0 -0 0 -74.15 -10.34 30.87 45.59 -51.06 -22.7 -0 0 -27.85 19.54 -30.78 -10.29 -7.12 0 -0 -6.72 -2.12 7.01 0 -0 0 76.8 23.97 23.34 -36.65 45.96 -15.99 0 -0 -21.05 -11.72 26.65 -5.32 7.12 -0 -0 10.94 -3.26 10.49
8.38 14.83 -0.4 721.48 82.15 739.25 0 0 0 -9.67 -1.28 -60.87 9.66 17.21 58.33 0.44 -10.34 -12.93 0.01 0.57 1.56 0 0 0 11.07 0.27 -39.37 -10.73 -17.8 61.91 -5.03 1.39 -42.36 -0.89 6.01 -16.81 -4.44 2.9 16.29 -0.27 3.13 2.35 1.53 1.67 -6.83 3.52 1.14 -15.43 -8.56 1.99 9.88 -3.1 0.49 5.63 -0 -0 0 -73.87 -9.67 30.85 46.27 -51.38 -23.23 -0 0 -27.88 19.63 -30.59 -10.29 -7.12 0 -0 -6.65 -1.94 6.92 -0 -0 0 76.2 24.23 22.84 -35.42 45.11 -15.11 0 -0 -20.67 -11.33 25.77 -4.98 7.12 -0 -0 11.13 -4.19 10.49
8.35 14.83 -0.38 723.09 82.04 740.84 0 0 0 -9.9 -1.18 -60.89 9.6 17.18 58.15 0.44 -10.26 -12.88 0 0.14 0.39 0 0 0 10.89 0.39 -39.55 -10.77 -17.82 62.02 -5.03 1.34 -42.4 -0.91 6.08 -17.01 -4.3 3 16.02 -0.22 3.3 2.44 1.48 1.74 -6.59 3.78 1.25 -15.4 -8.81 2.1 9.64 -3.21 0.54 5.57 0 -0 0 -73.59 -9.08 30.69 46.87 -51.65 -23.7 -0 0 -28.02 19.53 -30.48 -10.2 -7.12 0 -0 -6.69 -1.82 6.95 0 -0 0 75.55 24.73 22.37 -33.81 43.94 -13.98 0 -0 -20.61 -11.36 26.62 -5.14 7.12 -0 -0 11.15 -3.34 10.69
8.33 14.83 -0.35 723.46 82.31 741.04 0 0 0 -9.82 -1.27 -60.72 9.55 17.15 57.98 0.4 -10.34 -12.5 0.02 0.84 2.31 0 0 0 11.02 0.23 -39.43 -10.76 -17.82 62.01 -5.05 1.3 -42.47 -0.92 6.11 -17.09 -4.06 2.91 16.13 0.04 3.24 2.41 1.63 1.72 -6.68 3.92 1.37 -15.7 -9.03 2.28 9.86 -3.29 0.6 5.71 0 -0 0 -73.39 -8.23 30.31 47.38 -51.88 -24.09 -0 0 -28.35 19.46 -30.38 -10.13 -7.12 0 -0 -6.72 -1.7 6.97 0 -0 0 74.94 24.96 22.12 -32.31 42.79 -12.95 0 -0 -20.18 -11.43 27.56 -5.35 7.12 -0 -0 11.16 -2.4 10.89
8.31 14.82 -0.34 724.89 82.4 742.39 0 0 0 -10.08 -1.13 -60.75 9.51 17.12 57.82 0.37 -10.53 -12.26 0.02 0.83 2.29 0 0 0 10.87 0.18 -39.49 -10.82 -17.85 62.2 -5.06 1.41 -42.51 -0.89 6.01 -16.81 -3.8 2.98 16.14 0.14 3.38 2.41 1.56 1.78 -6.7 3.99 1.46 -15.42 -8.89 2.37 9.75 -3.25 0.66 5.63 0 -0 0 -72.76 -7.67 30.55 47.8 -52.07 -24.43 -0 0 -28.99 19.35 -30.57 -10.13 -7.12 0 -0 -6.81 -1.87 7.07 0 -0 0 74.26 24.77 21.52 -31.28 41.97 -12.26 0 -0 -19.71 -11.83 26.99 -5.43 7.12 -0 -0 10.89 -2.91 10.52
8.3 14.83 -0.33 726.77 82.46 744.26 0 0 0 -10.37 -1.18 -60.71 9.45 17.09 57.63 0.34 -10.71 -11.98 0.07 1.72 4.72 0 0 0 10.64 0.08 -39.48 -10.79 -17.83 62.1 -5.06 1.34 -42.5 -0.88 5.98 -16.72 -3.55 3.04 15.93 0.26 3.52 2.54 1.53 1.84 -6.43 4.23 1.44 -16.12 -8.92 2.3 10.15 -3.31 0.61 5.87 0 0 0 -71.96 -7.64 30.99 47.73 -52.04 -24.37 -0 0 -29.25 19.49 -30.38 -10.15 -7.12 0 -0 -6.7 -1.7 6.94 0 0 0 73.49 25 20.59 -29.8 40.72 -11.28 0 -0 -19.26 -11.82 26.59 -5.35 7.12 -0 -0 10.88 -3.31 10.42
8.3 14.84 -0.35 726.44 82.49 743.84 0 0 0 -10.46 -0.98 -60.56 9.41 17.07 57.51 0.33 -10.92 -11.92 0.1 1.99 5.47 0 0 0 10.68 0.02 -39.24 -10.69 -17.78 61.78 -5.03 1.18 -42.4 -0.96 6.25 -17.5 -3.26 2.99 15.86 0.58 3.53 2.58 1.7 1.84 -6.36 4.18 1.58 -16.36 -8.84 2.5 10.4 -3.26 0.7 6 -0 0 0 -71.29 -7.23 31.09 47.59 -51.98 -24.27 -0 0 -29.19 19.26 -30.25 -9.99 -7.12 0 -0 -6.82 -1.53 7.05 -0 0 0 72.7 25.08 20.06 -28.31 39.4 -10.32 0 -0 -19.16 -11.74 26.58 -5.31 7.12 -0 -0 10.92 -3.33 10.46
8.31 14.85 -0.37 727.76 82.43 745.02 0 0 0 -10.79 -1.05 -60.2 9.35 17.03 57.31 0.34 -10.93 -12.02 0.08 1.78 4.9 0 0 0 10.38 -0.22 -38.98 -10.6 -17.73 61.48 -4.98 1.25 -42.16 -0.93 6.15 -17.23 -2.97 3.03 16.03 0.71 3.64 2.54 1.65 1.89 -6.49 3.91 1.73 -15.97 -8.32 2.69 10.34 -3.03 0.83 5.91 0 0 0 -70.13 -6.86 31.7 47.67 -52.01 -24.32 -0 0 -29.32 18.61 -30.56 -9.71 -7.12 0 -0 -7.23 -1.72 7.51 0 0 0 71.97 24.48 19.15 -27.44 38.59 -9.77 0 -0 -18.74 -11.69 26.58 -5.29 7.12 -0 -0 10.95 -3.33 10.5
8.33 14.85 -0.42 728.69 82.25 746.02 0 0 0 -11.05 -1.25 -60.2 9.43 17.08 57.56 0.4 -10.6 -12.55 0.02 0.9 2.48 0 0 0 9.97 -0.37 -39.11 -10.6 -17.74 61.48 -4.95 1.33 -42.01 -1.01 6.4 -17.94 -2.82 3.07 15.83 0.82 3.73 2.59 1.67 1.93 -6.33 4.36 1.79 -16.01 -8.52 2.69 10.15 -3.17 0.84 5.87 -0 0 0 -68.78 -7.01 32.35 47.37 -51.88 -24.09 -0 0 -29.46 18.63 -30.39 -9.68 -7.12 0 -0 -7.2 -1.55 7.45 -0 0 0 71.3 24.03 18.41 -26.73 37.92 -9.34 0 -0 -18.3 -11.95 26.43 -5.38 7.12 -0 -0 10.79 -3.46 10.31
8.36 14.84 -0.47 727.6 81.91 744.89 0 0 0 -11.1 -1.17 -60.19 9.56 17.15 58 0.44 -10.6 -13.05 0.03 1.1 3.04 0 0 0 9.73 -0.14 -38.94 -10.61 -17.74 61.5 -4.95 1.55 -41.96 -0.98 6.3 -17.65 -2.65 3.12 15.78 0.91 3.84 2.76 1.66 1.98 -6.13 4.8 1.9 -17.17 -8.28 2.69 10.81 -3.17 0.84 6.27 -0 -0 0 -67.3 -7.13 32.7 47.51 -51.94 -24.2 -0 0 -29.8 19.15 -30.9 -10.11 -7.12 0 -0 -6.96 -2.17 7.28 -0 -0 0 70.87 23.87 17.65 -25.9 37.11 -8.83 0 -0 -17.62 -12.29 26.29 -5.51 7.12 -0 -0 10.58 -3.54 10.08
8.4 14.83 -0.54 728.71 81.66 745.88 0 0 0 -11.46 -1.36 -60.05 9.67 17.22 58.38 0.5 -10.57 -13.62 0.04 1.32 3.62 0 0 0 9.1 -0 -38.66 -10.6 -17.73 61.46 -4.95 2.07 -41.85 -0.86 5.9 -16.51 -2.86 3.12 16.01 0.97 3.8 2.79 1.84 1.96 -6.24 4.57 2.05 -16.63 -7.79 2.86 10.23 -2.95 0.96 6 0 -0 0 -66.03 -7.35 33.04 47.37 -51.88 -24.09 -0 0 -30.16 18.99 -30.63 -9.95 -7.12 0 -0 -7.02 -1.86 7.3 0 -0 0 70.4 23.51 17.21 -25.24 36.44 -8.43 0 -0 -17.24 -12.36 27.28 -5.74 7.12 -0 -0 10.59 -2.55 10.29
8.45 14.82 -0.62 726.11 80.97 743.35 0 0 0 -11.31 -1.31 -60.09 9.86 17.33 59 0.56 -10.36 -14.22 0.09 1.88 5.17 0 0 0 8.87 0.4 -38.47 -10.52 -17.69 61.22 -4.89 2.23 -41.57 -0.9 6.04 -16.89 -2.95 3.2 16.19 0.99 3.88 2.67 1.87 2.01 -6.47 5.08 2.12 -16.7 -7.59 2.8 10.38 -2.98 0.97 6.06 0 -0 0 -64.64 -7.23 33.26 47.11 -51.76 -23.88 -0 0 -30.35 19.17 -30.58 -10.03 -7.12 0 -0 -6.91 -1.85 7.19 0 -0 0 70.33 22.4 17.52 -25.31 36.52 -8.47 0 -0 -17.21 -12.34 26.87 -5.65 7.12 -0 -0 10.58 -2.97 10.2
8.51 14.8 -0.72 723.31 80.54 740.64 0 0 0 -11.01 -1.48 -60.2 10.09 17.46 59.79 0.66 -10.27 -15.13 0.09 1.98 5.46 0 0 0 8.79 0.53 -38.34 -10.49 -17.67 61.1 -4.86 2.26 -41.44 -1 6.38 -17.88 -2.86 3.21 16.11 0.99 3.91 2.72 1.82 2.02 -6.37 4.83 1.99 -16.37 -6.53 2.52 9.94 -2.62 0.91 5.82 -0 -0 0 -63.59 -7.6 33.32 46.45 -51.46 -23.37 -0 0 -30.22 19.34 -30.49 -10.1 -7.12 0 -0 -6.8 -1.78 7.06 -0 -0 0 70.56 21.5 17.05 -25.36 36.57 -8.5 0 -0 -16.77 -12.15 27.29 -5.64 7.12 -0 -0 10.72 -2.58 10.41
8.59 14.8 -0.82 721.82 80 739.17 0 0 0 -11.05 -1.58 -60.01 10.27 17.56 60.39 0.75 -10.12 -16.01 0.11 2.15 5.91 0 0 0 8.49 0.72 -37.95 -10.35 -17.6 60.66 -4.79 2.11 -41.12 -1.08 6.6 -18.55 -3.26 3.21 16.32 0.96 3.83 2.78 2.03 1.99 -6.44 4.9 2.03 -16.89 -6.09 2.46 10.03 -2.5 0.91 5.93 -0 0 0 -62.69 -8.28 33.4 45.44 -50.98 -22.58 -0 0 -30.78 19.74 -30.41 -10.3 -7.12 0 -0 -6.56 -1.78 6.81 -0 0 0 70.62 20.54 17.8 -25.4 36.61 -8.53 0 -0 -17.59 -12.53 27.07 -5.78 7.12 -0 -0 10.48 -2.74 10.14
8.67 14.78 -0.93 718.56 79.55 735.96 0 0 0 -10.68 -1.69 -59.99 10.47 17.67 61.06 0.83 -10.01 -16.71 0.16 2.55 7.03 0 0 0 8.52 0.92 -37.53 -10.2 -17.52 60.17 -4.71 2.23 -40.74 -1.13 6.75 -18.97 -3.37 3.2 16.59 0.96 3.8 2.85 2.09 1.98 -6.51 4.92 1.91 -16.9 -5.71 2.24 9.63 -2.39 0.83 5.78 -0 0 0 -62.01 -8.95 33.5 44.76 -50.65 -22.05 -0 0 -31.22 19.69 -30.28 -10.23 -7.12 0 -0 -6.57 -1.64 6.8 -0 0 0 71.04 19.24 17.98 -26.12 37.33 -8.96 0 -0 -18.12 -12.31 27.09 -5.67 7.12 -0 -0 10.61 -2.76 10.27
8.76 14.8 -1.04 716.78 78.94 734.45 0 0 0 -10.67 -1.8 -59.89 10.58 17.73 61.42 0.95 -9.74 -17.68 0.14 2.37 6.54 0 0 0 8.28 1.32 -37.29 -10.02 -17.42 59.55 -4.59 2.27 -40.22 -1.15 6.81 -19.14 -3.99 3.22 16.45 0.85 3.72 2.92 2.35 1.95 -6.39 5.1 1.77 -16.65 -5.27 1.93 9.03 -2.31 0.73 5.53 0 0 0 -61.39 -9.97 33.68 43.45 -49.99 -21.05 -0 0 -31.59 19.64 -30.05 -10.13 -7.12 0 -0 -6.58 -1.39 6.78 0 0 0 71.78 18.02 18.23 -26.83 38.01 -9.39 0 -0 -18.68 -12.41 26.9 -5.69 7.12 -0 -0 10.54 -2.93 10.16
8.85 14.82 -1.15 713.76 78.21 731.75 0 0 0 -10.38 -1.77 -59.77 10.66 17.76 61.67 1.04 -9.09 -18.35 0.1 2.01 5.52 0 0 0 8.34 1.81 -36.96 -9.83 -17.32 58.93 -4.48 2.85 -39.57 -1.04 6.5 -18.24 -4.49 3.34 16.45 0.8 3.79 2.89 2.56 1.99 -6.45 4.53 1.59 -16.84 -4.25 1.68 9.24 -1.92 0.66 5.6 -0 -0 0 -61.16 -10.89 33.97 42.22 -49.33 -20.11 -0 0 -31.62 19.5 -29.92 -10.02 -7.12 0 -0 -6.64 -1.24 6.83 -0 -0 0 72.5 16.69 18.49 -27.7 38.84 -9.93 0 -0 -19.34 -12.54 26.45 -5.66 7.12 -0 -0 10.44 -3.36 9.98
8.94 14.86 -1.29 715.24 77.63 733.76 0 0 0 -11.17 -2.36 -59.57 10.59 17.73 61.45 1.13 -8.35 -19.01 0.1 2.08 5.74 0 0 0 7.26 1.75 -37.33 -9.71 -17.24 58.5 -4.24 3.11 -38.38 -1.02 6.43 -18.03 -5.55 3.3 16.37 0.47 3.52 2.75 2.86 1.88 -6.58 4.06 1.39 -16.61 -3.59 1.43 9.22 -1.66 0.57 5.54 0 -0 0 -61.21 -11.86 34.41 40.71 -48.49 -18.97 -0 0 -31.64 19.93 -29.88 -10.24 -7.12 0 -0 -6.39 -1.28 6.57 0 -0 0 73.41 15.38 18.71 -28.5 39.57 -10.44 0 -0 -19.95 -12.47 26.77 -5.69 7.12 -0 -0 10.5 -3.05 10.1
9.03 14.9 -1.39 712.32 77.42 731 0 0 0 -10.81 -2.7 -59.03 10.53 17.7 61.25 1.2 -8.06 -19.62 0.14 2.45 6.75 0 0 0 7.46 1.7 -37.1 -9.58 -17.17 58.07 -3.93 3.02 -36.9 -1.07 6.57 -18.43 -5.94 3.26 16.67 0.43 3.38 2.79 3.06 1.82 -6.7 4.11 0.98 -16.93 -3.4 0.83 9.3 -1.66 0.29 5.59 -0 -0 0 -61.1 -12.92 35.2 39.53 -47.79 -18.09 -0 0 -31.68 20.13 -29.78 -10.32 -7.12 0 -0 -6.26 -1.22 6.43 -0 -0 0 74.52 13.9 18.76 -29.86 40.78 -11.32 0 -0 -20.58 -12.31 26.71 -5.6 7.12 -0 -0 10.59 -3.13 10.17
9.12 14.94 -1.51 709.23 76.95 728.22 0 0 0 -10.47 -2.77 -58.82 10.52 17.69 61.23 1.32 -7.82 -20.55 0.09 1.98 5.44 0 0 0 7.5 1.73 -37.5 -9.65 -17.21 58.32 -3.53 3.48 -34.84 -1.1 6.66 -18.73 -6.12 3.16 16.81 0.3 3.19 2.72 3.06 1.74 -6.84 3.89 0.83 -16.65 -2.98 0.64 9.41 -1.51 0.23 5.57 0 0 0 -61.25 -13.69 35.54 38.49 -47.15 -17.32 -0 0 -30.9 20.89 -30.84 -11.07 -7.12 0 -0 -5.96 -2.44 6.24 0 0 0 75.66 12.4 19.22 -31.42 42.08 -12.35 0 -0 -21.49 -12.15 26.4 -5.47 7.12 -0 -0 10.67 -3.46 10.19
9.2 14.98 -1.6 705.4 76.53 724.64 0 0 0 -9.81 -2.8 -58.5 10.48 17.67 61.08 1.42 -7.55 -21.28 0.11 2.1 5.79 0 0 0 7.81 1.88 -38.19 -9.91 -17.36 59.2 -3.01 3.78 -31.95 -0.94 6.18 -17.31 -6.36 3.07 17.03 0.32 3.02 2.74 3.25 1.67 -6.94 3.29 0.47 -16.69 -2.33 0.2 9.51 -1.25 0.04 5.59 0 -0 0 -61.64 -14.18 35.71 37.94 -46.8 -16.92 -0 0 -30.48 20.83 -30.58 -10.96 -7.12 0 -0 -5.96 -2.17 6.21 0 -0 0 76.98 11.37 19.24 -32.89 43.24 -13.35 0 -0 -21.85 -11.92 26.21 -5.33 7.12 -0 -0 10.8 -3.67 10.27
9.27 15.04 -1.7 702.32 75.94 721.75 0 0 0 -9.29 -2.78 -57.89 10.3 17.57 60.47 1.44 -7.31 -21.49 0.15 2.47 6.8 0 0 0 8.06 1.85 -39.64 -10.4 -17.63 60.82 -2.38 3.08 -28.44 -1 6.35 -17.81 -6.63 2.98 17.23 0.29 2.83 2.77 3.41 1.58 -7 2.96 0.17 -16 -2.28 -0.12 9.07 -1.21 -0.12 5.33 -0 0 0 -62.13 -14.63 35.77 37.42 -46.46 -16.54 -0 0 -30.16 20.06 -29.57 -10.21 -7.12 0 -0 -6.28 -0.99 6.42 -0 0 0 78.19 10.47 19.52 -34.46 44.42 -14.43 0 -0 -22.46 -11.82 26.54 -5.34 7.12 -0 -0 10.88 -3.36 10.41
9.33 15.1 -1.78 701.33 75.13 720.96 0 0 0 -9.27 -2.47 -57.35 10.06 17.45 59.7 1.46 -6.93 -21.66 0.12 2.25 6.2 0 0 0 7.76 1.9 -41.66 -11.04 -17.96 62.92 -1.83 3.21 -24.76 -0.9 6.05 -16.92 -7.31 3.01 17.48 0.11 2.73 2.87 3.62 1.55 -7.04 3.07 -0.07 -17.35 -2.57 -0.45 10.28 -1.36 -0.3 5.92 0 0 0 -62.51 -15.28 35.98 36.85 -46.09 -16.13 -0 0 -30.14 20.26 -29.7 -10.36 -7.12 0 -0 -6.18 -1.16 6.34 0 0 0 79.37 9.73 19.79 -36.41 45.79 -15.81 0 -0 -23.16 -11.59 26.45 -5.22 7.12 -0 -0 11.01 -3.48 10.52
9.39 15.16 -1.85 699.31 74.4 719.16 0 0 0 -8.84 -2.24 -56.9 9.92 17.37 59.23 1.51 -6.75 -21.98 0.16 2.61 7.18 0 0 0 8.05 1.43 -43.75 -11.6 -18.22 64.71 -1.51 3.69 -22.3 -0.72 5.41 -15.08 -7.41 2.93 17.74 -0.05 2.57 2.86 3.53 1.48 -7.16 2.31 -0.63 -16.66 -2.02 -1.1 9.51 -1.11 -0.6 5.56 0 -0 0 -62.92 -15.23 36.37 36.48 -45.84 -15.86 -0 0 -29.26 21.82 -30.3 -11.42 -7.12 0 -0 -5.35 -2.09 5.57 0 -0 0 80.57 9.12 20.37 -38.28 47.02 -17.17 0 -0 -23.68 -11.52 26.2 -5.14 7.12 -0 -0 11.04 -3.74 10.49
9.44 15.2 -1.88 698.96 73.5 718.91 0 0 0 -8.74 -1.68 -56.42 9.78 17.28 58.75 1.53 -6.8 -22.17 0.24 3.13 8.65 0 0 0 8.07 1.5 -45.5 -11.92 -18.36 65.75 -1.49 3.93 -22.11 -0.74 5.51 -15.36 -8.35 2.98 17.89 -0.16 2.43 2.81 3.97 1.44 -7.32 2.07 -0.95 -17.27 -2 -1.47 10.43 -1.12 -0.79 5.94 -0 -0 0 -63.48 -15.03 36.23 36.44 -45.81 -15.84 -0 0 -29.19 21.23 -30.32 -11.1 -7.12 0 -0 -5.7 -1.99 5.92 -0 -0 0 81.42 8.59 21.31 -40.03 48.09 -18.46 0 -0 -23.81 -11.07 26.67 -5.02 7.12 -0 -0 11.33 -3.33 10.87
9.49 15.24 -1.9 697.98 72.8 718.05 0 0 0 -8.41 -1.17 -56.06 9.68 17.22 58.4 1.57 -6.7 -22.45 0.26 3.27 9.04 0 0 0 8.28 1.85 -46.79 -11.71 -18.27 65.07 -1.55 4.54 -22.51 -1.01 6.4 -17.94 -8.72 2.98 18.04 -0.29 2.34 2.8 4.06 1.41 -7.41 1.88 -1.44 -16.84 -2.36 -2.04 9.95 -1.25 -1.1 5.7 0 -0 0 -64.11 -14.89 36.25 36.25 -45.69 -15.7 -0 0 -28.45 21.46 -30.63 -11.33 -7.12 0 -0 -5.6 -2.35 5.86 0 -0 0 82.23 8.29 22.09 -41.83 49.12 -19.81 0 -0 -23.54 -10.89 26.47 -4.9 7.12 -0 -0 11.42 -3.55 10.92
9.54 15.27 -1.89 696.67 72.05 716.96 0 0 0 -7.91 -0.53 -55.88 9.64 17.2 58.26 1.61 -6.7 -22.74 0.26 3.26 9 0 0 0 8.5 2.72 -47.76 -11.09 -17.98 63.07 -1.57 5.27 -22.55 -1.54 7.84 -22.22 -8.69 2.89 18.07 -0.43 2.22 2.8 3.93 1.34 -7.39 1.44 -1.68 -17.4 -2.1 -2.29 10.55 -1.13 -1.22 5.98 0 -0 0 -64.5 -14.63 36.04 36.51 -45.86 -15.89 -0 0 -28.46 21.03 -30.5 -11.04 -7.12 0 -0 -5.83 -2.13 6.08 0 -0 0 82.55 8.13 23.37 -43.52 50.02 -21.1 0 -0 -23.42 -10.55 27.19 -4.86 7.12 -0 -0 11.66 -2.88 11.3
9.57 15.29 -1.87 696.23 71.34 716.64 0 0 0 -7.57 0.09 -55.64 9.57 17.16 58.04 1.63 -6.44 -22.9 0.18 2.72 7.5 0 0 0 8.28 4.13 -48.52 -10.25 -17.55 60.31 -1.55 5.67 -22.38 -1.69 8.2 -23.32 -9.05 2.91 18.23 -0.43 2.14 2.73 4.14 1.33 -7.57 1.02 -1.98 -16.82 -2.11 -2.6 9.79 -1.08 -1.39 5.65 -0 -0 0 -65.16 -14.17 35.91 36.61 -45.92 -15.96 -0 0 -28.64 21.04 -30.6 -11.08 -7.12 0 -0 -5.84 -2.23 6.1 -0 -0 0 82.44 8.31 24.44 -44.84 50.69 -22.12 0 -0 -23.12 -10.05 26.69 -4.55 7.12 -0 -0 11.94 -3.43 11.46
9.62 15.33 -1.82 696.16 71.06 716.51 0 0 0 -7.42 0.4 -54.84 9.36 17.03 57.32 1.65 -6.25 -23.03 0.16 2.58 7.12 0 0 0 7.83 5.38 -48.64 -9.22 -16.95 56.85 -1.56 5.75 -22.45 -1.53 7.8 -22.12 -9.23 2.83 18.44 -0.56 1.98 2.8 4.14 1.25 -7.57 1.54 -2.2 -17.39 -3.32 -2.84 9.94 -1.58 -1.58 5.76 0 0 0 -65.82 -13.52 35.52 37.12 -46.27 -16.33 -0 0 -28.47 20.78 -30.3 -10.84 -7.12 0 -0 -5.95 -1.87 6.17 0 0 0 82.41 8.74 25.17 -45.97 51.24 -23 0 -0 -22.75 -9.47 27.09 -4.35 7.12 -0 -0 12.29 -3.11 11.89
9.65 15.38 -1.75 697.35 71.1 718.04 0 0 0 -7.84 0.57 -54.61 9.1 16.87 56.43 1.63 -6.15 -22.9 0.15 2.47 6.8 0 0 0 6.76 6.46 -49.37 -8.27 -16.31 53.51 -1.57 5.02 -22.61 -1.91 8.67 -24.75 -9.53 2.66 18.3 -0.8 1.69 2.69 4.12 1.12 -7.58 1.08 -2.25 -17.06 -2.83 -2.88 9.49 -1.34 -1.58 5.58 -0 -0 0 -66.11 -13.16 35.6 36.99 -46.18 -16.23 -0 0 -28.94 20.62 -30.38 -10.77 -7.12 0 -0 -6.05 -1.92 6.29 -0 -0 0 82.16 9.26 25.82 -47.15 51.78 -23.92 0 -0 -22.43 -9.13 27.28 -4.21 7.12 -0 -0 12.51 -2.96 12.14
9.68 15.4 -1.64 695.85 71.27 716.39 0 0 0 -7.17 1.24 -54.1 8.97 16.79 55.98 1.61 -6.47 -22.76 0.08 1.78 4.9 0 0 0 6.55 8.18 -49 -7.41 -15.67 50.4 -1.63 4.43 -23.13 -1.52 7.79 -22.08 -9.32 2.56 18.55 -0.66 1.6 2.79 4.18 1.07 -7.59 0.93 -2.65 -17.54 -2.55 -3.41 9.64 -1.29 -1.82 5.7 0 -0 0 -66.66 -12.69 35.57 37.05 -46.22 -16.28 -0 0 -28.96 20.06 -29.89 -10.32 -7.12 0 -0 -6.31 -1.32 6.5 0 -0 0 81.56 10.1 26.41 -47.84 52.09 -24.46 0 -0 -22.53 -9.61 27.45 -4.47 7.12 -0 -0 12.23 -2.73 11.91
9.7 15.41 -1.51 696 71.67 716.56 0 0 0 -6.94 1.34 -53.77 8.85 16.71 55.57 1.61 -6.61 -22.78 0.08 1.8 4.96 0 0 0 5.63 9.97 -48.91 -6.7 -15.07 47.73 -1.57 4.11 -22.73 -1.57 7.9 -22.42 -9.37 2.5 18.62 -0.65 1.5 2.78 4.24 1.03 -7.63 0.76 -2.76 -17.67 -2.61 -3.51 9.72 -1.3 -1.88 5.74 0 0 0 -67.04 -12.21 35.8 37.21 -46.33 -16.39 -0 0 -29.06 19.8 -29.43 -10.03 -7.12 0 -0 -6.41 -0.79 6.54 0 0 0 80.85 10.5 26.66 -49.35 52.73 -25.66 0 -0 -22.74 -9.3 27.16 -4.28 7.12 -0 -0 12.4 -3.06 12.01
9.73 15.43 -1.35 696.46 72.62 716.89 0 0 0 -7.01 1.29 -53.17 8.61 16.55 54.72 1.55 -6.63 -22.34 0.02 0.82 2.25 0 0 0 4.92 10.64 -48.69 -6.18 -14.6 45.68 -1.3 3.94 -20.6 -1.55 7.87 -22.31 -9.24 2.31 18.88 -0.67 1.24 2.76 4.2 0.91 -7.75 0.48 -2.95 -17.72 -2.45 -3.71 9.75 -1.23 -1.98 5.77 -0 -0 0 -67.41 -11.56 36.16 37.21 -46.33 -16.39 -0 0 -29.03 20 -29.65 -10.21 -7.12 0 -0 -6.32 -1.05 6.47 -0 -0 0 80.11 11.1 26.7 -50.21 53.08 -26.34 0 -0 -22.82 -9.87 27.72 -4.63 7.12 -0 -0 12.09 -2.44 11.83
9.75 15.42 -1.17 696.68 73.73 716.91 0 0 0 -6.76 1.02 -52.62 8.46 16.45 54.2 1.49 -7.12 -21.87 0.04 1.26 3.46 0 0 0 4.49 11.06 -48.72 -6.04 -14.47 45.14 -0.85 3.08 -16.7 -1.36 7.39 -20.89 -8.84 2.21 19.14 -0.62 1.18 2.74 4.05 0.87 -7.9 -0.22 -3.37 -17.04 -1.82 -4.21 8.91 -0.93 -2.19 5.41 0 0 0 -67.73 -11.14 37.06 36.97 -46.17 -16.22 -0 0 -28.77 20.9 -30.31 -10.91 -7.12 0 -0 -5.88 -1.9 6.11 0 0 0 79.16 10.92 26.43 -52.23 53.86 -27.97 0 -0 -22.98 -10.37 26.72 -4.7 7.12 -0 -0 11.75 -3.37 11.28
9.77 15.39 -0.95 697.93 75 718.06 0 0 0 -6.75 0.71 -52.42 8.43 16.43 54.11 1.49 -7.28 -21.82 0 0.45 1.25 0 0 0 4.33 10.82 -49.01 -6.38 -14.79 46.49 -0.86 1.93 -16.94 -1.27 7.15 -20.16 -8.64 2.13 19 -0.68 1.12 2.74 3.88 0.83 -7.81 0.2 -3.39 -17.42 -2.62 -4.22 9.39 -1.27 -2.25 5.6 0 -0 0 -67.88 -10.65 37.68 36.74 -46.02 -16.05 -0 0 -28.41 20.83 -30.64 -10.97 -7.12 0 -0 -5.97 -2.23 6.23 0 -0 0 78.23 11.03 26.11 -53.48 54.31 -28.98 0 -0 -23.02 -10.08 26.88 -4.6 7.12 -0 -0 11.93 -3.24 11.49
9.77 15.35 -0.7 699.59 76.27 719.85 0 0 0 -6.63 0.56 -52.76 8.43 16.43 54.1 1.44 -7.92 -21.5 0 -0.22 -0.6 0 0 0 4.45 10.39 -49.93 -7.03 -15.36 48.98 -1.09 2.65 -19.04 -1 6.37 -17.86 -8.71 2.16 18.83 -0.57 1.16 2.58 4.02 0.87 -7.9 -0.03 -3.37 -17.25 -2.81 -4.11 9.55 -1.28 -2.22 5.62 -0 0 0 -68.21 -10.02 38.14 36.65 -45.96 -15.99 -0 0 -28.04 20.81 -31.44 -11.21 -7.12 0 -0 -6.09 -3.04 6.44 -0 0 0 77.22 11.09 26.07 -54.45 54.64 -29.77 0 -0 -23.23 -10.38 27.08 -4.77 7.12 -0 -0 11.76 -3 11.37
9.79 15.29 -0.43 702.33 77.85 722.52 0 0 0 -6.68 0.08 -52.67 8.41 16.41 54.03 1.36 -8.71 -20.91 0 -0.1 -0.26 0 0 0 4.6 9.2 -50.5 -7.49 -15.73 50.71 -1.33 1.67 -21.29 -0.96 6.23 -17.46 -8.45 2.11 18.56 -0.6 1.18 2.67 3.86 0.85 -7.65 -0.13 -3.71 -17.15 -2.98 -4.52 8.94 -1.35 -2.43 5.41 0 0 0 -68.47 -9.54 38.11 36.96 -46.16 -16.21 -0 0 -27.38 20.68 -31.18 -11.06 -7.12 0 -0 -6.13 -2.75 6.45 0 0 0 75.96 11.57 25.55 -54.6 54.69 -29.89 0 -0 -23.1 -9.91 26.78 -4.5 7.12 -0 -0 12.02 -3.36 11.56
9.8 15.23 -0.15 704.94 79.69 724.77 0 0 0 -6.45 -0.44 -52.34 8.34 16.37 53.79 1.27 -9.64 -20.31 0 -0.05 -0.13 0 0 0 4.9 8.32 -50.52 -7.96 -16.09 52.43 -1.62 2.13 -23.5 -0.76 5.58 -15.57 -7.92 1.97 18.85 -0.56 1.09 2.7 3.62 0.8 -7.76 -0.2 -3.6 -16.66 -2.92 -4.39 8.27 -1.28 -2.36 5.12 0 -0 0 -68.66 -8.79 37.89 37.15 -46.29 -16.35 -0 0 -27.28 20.54 -30.97 -10.91 -7.12 0 -0 -6.18 -2.51 6.48 0 -0 0 74.86 11.98 25.33 -54.18 54.55 -29.54 0 -0 -22.79 -10 27.15 -4.6 7.12 -0 -0 11.98 -2.98 11.6
9.81 15.19 0.15 709.24 81.27 728.8 0 0 0 -6.38 -0.66 -51.9 8.14 16.22 53.08 1.14 -10.14 -19.3 0.02 -0.88 -2.43 0 0 0 4.9 7.89 -50.67 -8.47 -16.46 54.24 -1.87 2.19 -25.27 -0.74 5.49 -15.32 -7.53 1.9 19 -0.51 1.07 2.69 3.45 0.79 -7.84 -0 -3.63 -16.7 -3.32 -4.42 8.35 -1.44 -2.39 5.14 -0 0 0 -68.84 -7.98 37.39 36.9 -46.12 -16.17 -0 0 -27.45 20.39 -30.91 -10.81 -7.12 0 -0 -6.26 -2.42 6.55 -0 0 0 73.63 12.32 25.35 -53.64 54.36 -29.11 0 -0 -22.5 -9.68 27.33 -4.48 7.12 -0 -0 12.18 -2.85 11.83
9.82 15.17 0.45 714.74 82.45 734.1 0 0 0 -6.29 -0.75 -51.28 7.89 16.04 52.17 1.07 -10.21 -18.76 0.15 -2.48 -6.84 0 0 0 5.02 7.63 -51.06 -8.98 -16.79 56.02 -2.08 1.89 -26.75 -0.74 5.5 -15.35 -7.12 1.97 19.1 -0.37 1.25 2.75 3.33 0.87 -7.85 -0.4 -3.53 -16.84 -3.3 -4.19 8.35 -1.36 -2.29 5.18 -0 0 0 -69.27 -6.98 36.75 36.89 -46.12 -16.16 -0 0 -27.37 20.74 -30.66 -10.93 -7.12 0 -0 -6.02 -2.24 6.29 -0 0 0 72.32 13.01 25.02 -52.55 53.97 -28.22 0 -0 -21.75 -9.96 27.22 -4.59 7.12 -0 -0 12.01 -2.92 11.65
9.83 15.12 0.74 720.71 83.62 740.06 0 0 0 -5.87 -0.86 -51.17 7.69 15.89 51.45 0.91 -10.97 -17.59 0.17 -2.66 -7.33 0 0 0 5.32 7.41 -51.48 -9.48 -17.11 57.74 -2.32 2.04 -28.31 -0.62 5.05 -14.06 -6.22 1.95 19.18 -0.28 1.41 2.82 2.87 0.92 -7.82 -0.34 -3.49 -17.34 -3.71 -4.08 8.49 -1.5 -2.27 5.29 -0 -0 0 -69.49 -6.53 36.19 36.07 -45.56 -15.57 -0 0 -27.42 20.3 -30.92 -10.76 -7.12 0 -0 -6.31 -2.4 6.61 -0 -0 0 71.15 14.19 24.67 -50.63 53.25 -26.68 0 -0 -21.24 -10.38 27.19 -4.79 7.12 -0 -0 11.76 -2.9 11.4
9.85 15.11 1.03 730.15 84.88 749.29 0 0 0 -5.68 -0.85 -50.43 7.33 15.6 50.12 0.76 -11.9 -16.52 0.3 -3.52 -9.72 0 0 0 5.75 6.9 -51.46 -9.89 -17.35 59.12 -2.54 1.86 -29.7 -0.57 4.83 -13.42 -5.49 1.8 18.99 -0.09 1.41 2.92 2.67 0.89 -7.59 -0.2 -3.23 -17.45 -4.25 -3.68 8.63 -1.66 -2.11 5.35 0 -0 0 -69.89 -5.24 35.36 35.91 -45.45 -15.46 -0 0 -26.51 20.28 -30.66 -10.67 -7.12 0 -0 -6.28 -2.14 6.55 0 -0 0 70.17 14.94 24.47 -49.1 52.62 -25.45 0 -0 -20.86 -10.68 27.65 -5 7.12 -0 -0 11.61 -2.41 11.35
9.88 15.08 1.3 745.12 85.19 764.03 0 0 0 -6.33 0.15 -49.95 7.01 15.34 48.9 0.56 -13.17 -15.16 0.33 -3.71 -10.27 0 0 0 5.62 6.4 -51.72 -10.3 -17.57 60.49 -2.71 1.75 -30.73 -0.55 4.77 -13.25 -4.92 1.75 18.74 -0.18 1.45 2.86 2.23 0.89 -7.52 0.47 -2.7 -16.95 -5.3 -3 8.79 -2.03 -1.83 5.31 0 -0 0 -70.08 -3.94 34.59 35.26 -45 -15 -0 0 -26.11 20.28 -31.18 -10.83 -7.12 0 -0 -6.35 -2.67 6.68 0 -0 0 69.66 15.43 24.17 -47.33 51.86 -24.05 0 -0 -20.5 -11.25 27.63 -5.27 7.12 -0 -0 11.27 -2.35 11.02
9.91 15.08 1.53 766.68 85.54 785.29 0 0 0 -6.88 0.33 -49.34 6.65 15.03 47.55 0.29 -14.38 -13.19 0.26 -3.3 -9.1 0 0 0 5.51 5.39 -51.64 -10.62 -17.74 61.55 -2.87 2.17 -31.56 -0.4 4.06 -11.25 -3.88 1.37 18.64 -0.21 1.17 2.84 1.68 0.73 -7.44 0.7 -2.3 -16.43 -6.02 -2.42 8.75 -2.23 -1.59 5.23 0 0 0 -70.49 -2.53 33.61 34.99 -44.81 -14.81 -0 0 -25.9 20.25 -31.92 -11.04 -7.12 0 -0 -6.47 -3.42 6.89 0 0 0 69.16 16.02 23.82 -45.72 51.12 -22.8 0 -0 -20.63 -11.28 27.3 -5.23 7.12 -0 -0 11.23 -2.68 10.91
9.94 15.07 1.75 779.67 84.96 798.06 0 0 0 -7.58 1.43 -48.95 6.37 14.78 46.45 -0.05 -15.82 -10.57 0.15 -2.51 -6.93 0 0 0 5.23 5.2 -51.44 -10.78 -17.82 62.06 -2.99 1.9 -32.25 -0.37 3.92 -10.85 -3.37 1.21 18.48 -0.29 1.05 2.64 1.34 0.66 -7.56 1.17 -1.47 -15.8 -6.97 -1.27 9.19 -2.5 -1.07 5.3 0 0 0 -70.9 -0.65 32.2 35.33 -45.05 -15.05 -0 0 -25.76 19.76 -31.73 -10.7 -7.12 0 -0 -6.72 -3.12 7.13 0 0 0 68.94 16.31 23.66 -44.05 50.29 -21.5 0 -0 -20.4 -11.27 27.32 -5.23 7.12 -0 -0 11.24 -2.66 10.92
9.96 15.08 1.95 788.72 84.21 806.96 0 0 0 -8.24 2.77 -48.95 6.16 14.58 45.62 -0.29 -16.85 -8.77 0.4 -4.04 -11.19 0 0 0 4.92 5.11 -51.27 -10.94 -17.9 62.58 -3.1 1.53 -33 -0.34 3.74 -10.35 -2.52 1.37 18.25 -0.35 1.43 2.73 0.7 0.82 -7.33 0.81 -1.55 -16.17 -7.5 -1.19 9.42 -2.61 -1.09 5.43 0 0 0 -71.67 -0.01 31.31 35.54 -45.2 -15.2 -0 0 -25.56 19.37 -31.93 -10.53 -7.12 0 -0 -6.97 -3.25 7.41 0 0 0 68.24 16.63 22.01 -43 49.75 -20.7 0 -0 -20.34 -11.3 27.52 -5.27 7.12 -0 -0 11.23 -2.46 10.96
9.97 15.07 2.11 797.96 83.54 816.61 0 0 0 -8.4 3.37 -49.79 6.11 14.54 45.44 -0.54 -18.74 -7.64 1.15 -6.8 -19.13 0 0 0 4.57 4.69 -51.88 -11.14 -18 63.24 -3.25 1.8 -33.7 -0.29 3.46 -9.57 -1.81 1.22 17.73 -0.35 1.37 2.51 0.33 0.76 -7.27 1.21 -1.23 -16.18 -8.58 -0.67 9.58 -2.98 -0.9 5.51 -0 -0 0 -72.28 1.23 30.11 36.4 -45.79 -15.81 -0 0 -25.86 19.25 -31.94 -10.47 -7.12 0 -0 -7.04 -3.24 7.48 -0 -0 0 67.6 16.33 21.45 -42.52 49.49 -20.33 0 -0 -20.4 -11.39 27.96 -5.4 7.12 -0 -0 11.2 -2.01 11.02
9.99 15.07 2.24 802.96 83.24 821.52 0 0 0 -7.69 3.76 -49.69 6.11 14.54 45.44 -0.86 -20.14 -5.45 0.93 -6.15 -17.22 0 0 0 4.79 4.19 -51.92 -11.28 -18.07 63.68 -3.34 1.84 -34.2 -0.29 3.47 -9.59 -1 1.13 17.59 -0.16 1.41 2.39 0.06 0.76 -7.3 1.48 -0.9 -16.07 -9.24 -0.18 9.77 -3.19 -0.69 5.58 -0 -0 0 -73.08 2.31 28.7 36.83 -46.07 -16.11 -0 0 -25.93 19.03 -32.39 -10.47 -7.12 0 -0 -7.22 -3.65 7.72 -0 -0 0 66.76 16.75 20.97 -40.93 48.61 -19.13 0 -0 -20.57 -11.89 28.24 -5.69 7.12 -0 -0 10.93 -1.67 10.8
10.01 15.08 2.33 805.41 82.39 824.03 0 0 0 -7.5 3.74 -49.14 5.98 14.41 44.89 -0.69 -18.32 -5.22 0.57 -4.84 -13.46 0 0 0 4.34 3.6 -52.19 -11.4 -18.13 64.09 -3.38 2.03 -34.34 -0.3 3.52 -9.72 -0.92 1.09 16.94 -0.17 1.38 2.61 0.02 0.75 -6.72 1.45 -0.67 -16.36 -9.57 0.21 9.83 -3.26 -0.54 5.67 0 -0 0 -73.75 2.98 27.24 37.35 -46.42 -16.49 -0 0 -26.27 18.82 -33.06 -10.53 -7.12 0 -0 -7.43 -4.27 8.02 0 -0 0 66.11 17.43 20.2 -39.98 48.06 -18.42 0 -0 -20.61 -11.87 26.92 -5.43 7.12 -0 -0 10.86 -2.98 10.48
10.03 15.09 2.4 805.03 81.69 823.53 0 0 0 -7.01 3.64 -47.74 5.77 14.2 44.03 -0.34 -14.38 -5.57 0.42 -4.15 -11.5 0 0 0 3.92 3.22 -52.1 -11.42 -18.14 64.15 -3.33 2.15 -34.08 -0.3 3.5 -9.67 -0.87 1.18 16.7 -0.25 1.51 2.66 -0.11 0.81 -6.53 1.96 -0.5 -16.13 -10.17 0.38 9.46 -3.51 -0.46 5.53 0 0 0 -74.09 3.57 26.47 37.9 -46.78 -16.89 -0 0 -26.95 18.62 -32.65 -10.3 -7.12 0 -0 -7.48 -3.82 8.03 0 0 0 65.66 18.21 19.52 -38.3 47.03 -17.18 0 -0 -20.29 -12.27 26.88 -5.62 7.12 -0 -0 10.62 -2.96 10.24
10.04 15.11 2.43 803.98 81.03 822.56 0 0 0 -6.77 3.63 -46.42 5.44 13.87 42.71 -0.05 -9.67 -5.91 0.43 -4.22 -11.69 0 0 0 3.29 3.26 -52.18 -11.46 -18.15 64.27 -3.34 2.3 -34.06 -0.27 3.33 -9.19 -1.13 1.24 16.48 -0.25 1.55 2.62 0.04 0.83 -6.46 2.37 -0.05 -16.54 -10.81 1 9.58 -3.73 -0.2 5.69 0 -0 0 -74.51 4.11 25.74 38.25 -47 -17.15 -0 0 -27.28 18.75 -31.96 -10.18 -7.12 0 -0 -7.32 -3.15 7.78 0 -0 0 65 18.19 19.39 -37.8 46.71 -16.82 0 -0 -20.71 -12.47 26.48 -5.63 7.12 -0 -0 10.48 -3.33 10.03
10.06 15.1 2.43 805.45 81.01 824.09 0 0 0 -5.86 2.97 -45.02 5.16 13.56 41.52 0.08 -6.86 -6.52 0.39 -4.03 -11.17 0 0 0 3.26 3.16 -52.16 -11.47 -18.16 64.3 -3.33 2.1 -34.09 -0.29 3.46 -9.58 -0.36 1.16 16.31 -0.31 1.57 2.54 -0.47 0.82 -6.42 2.75 0.11 -16.53 -10.78 1.12 9.65 -3.78 -0.13 5.72 -0 0 0 -74.31 4.28 25.63 38.11 -46.91 -17.05 -0 0 -27.56 18.76 -32.37 -10.3 -7.12 0 -0 -7.37 -3.57 7.88 -0 0 0 65.14 18.52 18.57 -36.63 45.94 -15.98 0 -0 -20.28 -12.79 26.53 -5.79 7.12 -0 -0 10.29 -3.24 9.86
10.07 15.09 2.4 805.83 80.86 824.52 0 0 0 -5.64 2.85 -43.97 4.83 13.19 40.09 0.06 -6.8 -6.08 0.55 -4.75 -13.19 0 0 0 2.85 3.3 -52.2 -11.54 -18.19 64.52 -3.34 2.02 -34.13 -0.29 3.48 -9.63 -0.46 1.15 16.83 -0.14 1.53 2.02 -0.24 0.79 -7.28 3.14 0.53 -17.05 -11.07 1.72 10.53 -3.9 0.12 6.13 0 0 0 -74.39 5.01 25.51 38.32 -47.04 -17.2 -0 0 -27.9 17.84 -32.26 -9.74 -7.12 0 -0 -7.87 -3.28 8.39 0 0 0 64.78 18.69 18.59 -35.14 44.91 -14.91 0 -0 -20.36 -13.21 26.08 -5.89 7.12 -0 -0 10.01 -3.64 9.51
10.1 15.08 2.35 805.83 80.88 824.54 0 0 0 -5.63 3.03 -43.1 4.48 12.77 38.52 -0.09 -7.13 -2.36 0.14 -2.45 -6.76 0 0 0 2.54 3.52 -52.2 -11.6 -18.22 64.72 -3.36 1.7 -34.31 -0.31 3.56 -9.84 -0.51 1.2 16.06 0 1.62 2.43 -0.06 0.85 -6.42 2.98 0.53 -16.99 -10.61 1.6 9.58 -3.72 0.11 5.8 0 -0 0 -74.2 4 25.77 38.33 -47.05 -17.2 -0 0 -28.05 18.26 -32.19 -9.97 -7.12 0 -0 -7.63 -3.3 8.12 0 -0 0 64.35 18.99 18.09 -34.58 44.51 -14.52 0 -0 -20.6 -13.45 25.97 -5.98 7.12 -0 -0 9.86 -3.72 9.34
10.11 15.07 2.26 806.51 81.12 825.31 0 0 0 -5.62 2.94 -42.5 4.27 12.51 37.57 -0.03 -6.74 -3.9 1.24 -7.06 -19.89 0 0 0 2.41 3.4 -52.23 -11.59 -18.21 64.68 -3.32 1.75 -34.13 -0.31 3.6 -9.96 -0.36 1.16 16.05 0.1 1.58 2.27 -0.03 0.82 -6.59 3.31 1.06 -16.63 -10.23 2.16 9.36 -3.59 0.43 5.71 -0 -0 0 -73.81 3.73 25.96 39.02 -47.48 -17.72 -0 0 -28.64 17.47 -31.68 -9.39 -7.12 0 -0 -8.01 -2.63 8.45 -0 -0 0 64.47 18.92 17.83 -33.69 43.86 -13.9 0 -0 -19.96 -13.36 26.01 -5.94 7.12 -0 -0 9.92 -3.69 9.41
10.12 15.06 2.16 807.48 81.48 826.12 0 0 0 -5.67 2.98 -42.14 4.23 12.46 37.39 -0.01 -7.27 -4.86 1.4 -7.49 -21.17 0 0 0 2.34 3.34 -51.84 -11.56 -18.2 64.59 -3.32 1.95 -34.06 -0.29 3.49 -9.64 -0.17 1.23 16.14 0.22 1.72 2.29 -0.04 0.89 -6.61 3.77 1.12 -16.56 -10.01 2.08 9.15 -3.6 0.43 5.63 0 0 0 -73.33 2.82 26.61 39.31 -47.66 -17.93 -0 0 -28.82 17.65 -31.78 -9.52 -7.12 0 -0 -7.92 -2.78 8.37 0 0 0 64.4 18.9 17.27 -32.58 43 -13.13 0 -0 -19.56 -13.65 26.53 -6.19 7.12 -0 -0 9.78 -3.12 9.37
10.11 15.03 2.02 807.78 81.71 826.66 0 0 0 -6.16 3.09 -43.06 4.44 12.73 38.35 0.05 -7.48 -6.31 1.32 -7.27 -20.51 0 0 0 1.93 3.34 -52.18 -11.59 -18.21 64.69 -3.28 1.75 -33.9 -0.38 3.94 -10.92 -0.53 1.27 16.57 0.41 1.71 1.94 0.34 0.89 -7.24 3.98 1.36 -16.48 -9.73 2.31 9.33 -3.52 0.57 5.68 0 0 0 -72.99 2.55 27.11 40.36 -48.28 -18.71 -0 0 -29 17.67 -31.71 -9.51 -7.12 0 -0 -7.9 -2.71 8.34 0 0 0 64.6 18.64 16.99 -31.7 42.31 -12.54 0 -0 -18.76 -13.61 26.51 -6.17 7.12 -0 -0 9.8 -3.16 9.39
10.11 15.02 1.86 808.85 82.17 827.71 0 0 0 -6.58 3.35 -43.87 4.7 13.03 39.49 0.13 -7.34 -7.64 1.03 -6.46 -18.12 0 0 0 1.77 3.17 -52.1 -11.55 -18.2 64.57 -3.25 1.59 -33.75 -0.43 4.23 -11.73 -0.38 1.26 16.28 0.56 1.75 2.22 0.43 0.91 -6.78 4.1 1.53 -16.7 -9.28 2.42 8.99 -3.38 0.66 5.61 -0 0 0 -72.27 1.04 27.85 41.04 -48.68 -19.22 -0 0 -29.52 17.65 -31.93 -9.55 -7.12 0 -0 -7.94 -2.92 8.42 -0 0 0 64.83 19.06 16.02 -30.36 41.2 -11.65 0 -0 -17.64 -13.48 27.57 -6.33 7.12 -0 -0 9.95 -2.12 9.72
10.11 15 1.66 808.71 82.46 827.51 0 0 0 -7.35 3.58 -44.43 4.88 13.25 40.31 0.25 -7.5 -9.69 1.04 -6.47 -18.16 0 0 0 1.37 2.84 -51.96 -11.46 -18.15 64.26 -3.15 1.24 -33.35 -0.59 4.93 -13.71 -0.53 1.34 16.58 0.7 1.83 2.14 0.63 0.96 -7.04 4.02 1.79 -16.49 -8.63 2.7 9.19 -3.13 0.84 5.65 -0 -0 0 -71.68 -0.16 28.73 41.36 -48.86 -19.46 -0 0 -29.44 17.8 -31.79 -9.6 -7.12 0 -0 -7.83 -2.8 8.29 -0 -0 0 65.04 18.95 15.44 -29.17 40.17 -10.87 0 -0 -17.35 -13.46 27.03 -6.21 7.12 -0 -0 9.92 -2.65 9.6
10.09 15 1.45 808.07 82.36 826.89 0 0 0 -8.47 3.42 -44.89 5.07 13.46 41.11 0.34 -7.55 -10.87 0.62 -5.02 -13.98 0 0 0 0.35 2.37 -51.99 -11.36 -18.11 63.94 -3.09 1.9 -32.83 -0.51 4.57 -12.68 -0.92 1.38 16.72 0.65 1.82 2.21 0.81 0.96 -7.06 4.53 1.83 -16.81 -8.78 2.68 9.42 -3.27 0.82 5.78 0 -0 0 -70.78 -1.75 29.8 41.5 -48.93 -19.56 -0 0 -29.54 18.28 -32.86 -10.16 -7.12 0 -0 -7.7 -3.97 8.29 0 -0 0 65.42 19.03 14.55 -28.09 39.2 -10.18 0 -0 -17.69 -12.85 27.13 -5.94 7.12 -0 -0 10.29 -2.64 9.97
10.08 15 1.23 807.18 83 826.03 0 0 0 -8.5 3.24 -46.07 5.52 13.95 43.04 0.39 -7.79 -11.63 0.51 -4.56 -12.67 0 0 0 0.18 2.34 -51.82 -11.15 -18.01 63.26 -2.98 1.41 -32.36 -0.63 5.09 -14.16 -0.88 1.48 16.72 0.82 1.97 2.31 0.93 1.04 -6.95 4.92 2.13 -16.85 -8.58 2.97 9.6 -3.24 0.98 5.86 -0 -0 0 -69.99 -3.43 30.65 41.65 -49.02 -19.68 -0 0 -29.53 17.92 -32.07 -9.74 -7.12 0 -0 -7.8 -3.11 8.29 -0 -0 0 65.72 19.06 13.87 -27.13 38.3 -9.58 0 -0 -18.16 -12.88 26.93 -5.91 7.12 -0 -0 10.26 -2.83 9.9
10.07 14.99 0.99 805.73 83.36 824.52 0 0 0 -8.68 2.61 -46.98 6.03 14.45 45.09 0.49 -8.05 -12.86 0.51 -4.59 -12.74 0 0 0 -0.39 2.23 -51.46 -10.91 -17.89 62.48 -2.88 1.26 -31.81 -0.65 5.14 -14.31 -1.09 1.59 16.83 0.98 2.09 2.4 1.19 1.1 -6.94 4.64 2.12 -16.91 -7.97 2.93 9.69 -3.01 0.99 5.89 0 0 0 -69.35 -4.94 31.8 41.64 -49.01 -19.66 -0 0 -29.75 18.55 -31.91 -10.06 -7.12 0 -0 -7.43 -3.07 7.88 0 0 0 66.25 18.89 12.84 -26.69 37.88 -9.31 0 -0 -17.69 -12.56 26.53 -5.68 7.12 -0 -0 10.43 -3.27 9.99
10.06 14.98 0.75 802.34 83.87 821.13 0 0 0 -8.86 2.47 -47.9 6.5 14.9 46.97 0.59 -8.41 -14.03 0.45 -4.29 -11.9 0 0 0 -0.66 2.12 -51.22 -10.7 -17.78 61.79 -2.74 0.66 -31.2 -0.88 5.97 -16.68 -1.2 1.69 17.04 1.04 2.21 2.36 1.28 1.16 -7.1 4.79 2.14 -16.44 -7.68 2.88 9.57 -2.94 1.01 5.76 -0 -0 0 -68.49 -6.11 32.91 41.69 -49.04 -19.71 -0 0 -30.02 19.08 -31.35 -10.2 -7.12 0 -0 -7.06 -2.61 7.43 -0 -0 0 67.02 18.41 12.51 -26.6 37.8 -9.26 0 -0 -17.41 -12.85 26.66 -5.84 7.12 -0 -0 10.26 -3.11 9.85
10.04 14.98 0.5 796.09 84.01 814.65 0 0 0 -9.52 2.45 -48.25 6.84 15.19 48.26 0.7 -8.01 -15.1 0.48 -4.43 -12.3 0 0 0 -1.4 2.19 -50.62 -10.36 -17.61 60.69 -2.59 0.61 -30.34 -0.94 6.18 -17.31 -1.55 1.79 17.65 0.94 2.26 2.33 1.34 1.2 -7.49 5.12 2.31 -16.08 -7.55 3.02 9.51 -2.94 1.1 5.69 0 0 0 -67.87 -6.85 33.83 41.75 -49.07 -19.75 -0 0 -29.91 19.26 -31.37 -10.31 -7.12 0 -0 -6.96 -2.66 7.33 0 0 0 67.97 17.49 12.85 -27.31 38.48 -9.69 0 -0 -17.75 -12.68 26.3 -5.69 7.12 -0 -0 10.34 -3.48 9.86
10.06 15.01 0.26 786.55 84.53 804.84 0 0 0 -9.7 2.89 -48.43 7.14 15.45 49.41 0.81 -7.86 -16.14 0.5 -4.52 -12.53 0 0 0 -1.41 2.39 -49.66 -9.9 -17.35 59.14 -2.45 0.61 -29.49 -0.96 6.25 -17.5 -1.62 1.87 18.06 0.94 2.34 2.29 1.35 1.24 -7.76 5.39 2.26 -16.21 -7.36 2.88 9.92 -2.94 1.05 5.84 -0 0 0 -67.21 -7.51 34.43 41.44 -48.9 -19.52 -0 0 -29.99 18.86 -31.1 -10.01 -7.12 0 -0 -7.15 -2.31 7.49 -0 0 0 69.15 17.29 13.12 -27.18 38.35 -9.61 0 -0 -17.73 -12.43 27.1 -5.73 7.12 -0 -0 10.54 -2.73 10.2
10.04 15.03 0.03 774.85 84.69 793.42 0 0 0 -9.95 3.3 -49.38 7.47 15.72 50.65 0.87 -8.11 -16.76 0.29 -3.46 -9.56 0 0 0 -1.7 2.97 -49.63 -9.56 -17.16 58.01 -2.33 0.57 -28.72 -0.99 6.32 -17.73 -2.16 1.92 17.74 1.03 2.33 2.43 1.77 1.25 -7.45 5.22 2.49 -16.18 -7.28 3.2 9.73 -2.86 1.21 5.79 -0 0 0 -66.9 -8.13 34.65 41.27 -48.81 -19.39 -0 0 -30.04 19.37 -31.41 -10.38 -7.12 0 -0 -6.9 -2.72 7.27 -0 0 0 69.8 18.01 13.94 -26.93 38.12 -9.46 0 -0 -17.81 -12.53 27.37 -5.83 7.12 -0 -0 10.5 -2.45 10.21
10.04 15.02 -0.21 762.34 84.67 781.08 0 0 0 -10.01 3.47 -50.16 7.88 16.03 52.14 0.98 -8.06 -17.71 0.18 -2.73 -7.54 0 0 0 -1.93 3.5 -49.46 -9.21 -16.94 56.83 -2.18 0.23 -27.89 -1.17 6.86 -19.32 -2.33 2.04 17.58 1.05 2.45 2.49 1.87 1.31 -7.31 5.16 2.35 -16.17 -7.19 3.01 9.5 -2.83 1.12 5.7 0 -0 0 -66.72 -8.83 35.23 40.74 -48.5 -18.99 -0 0 -29.94 19.6 -31.09 -10.42 -7.12 0 -0 -6.73 -2.44 7.06 0 -0 0 70.55 18.04 14.5 -27 38.18 -9.5 0 -0 -17.65 -12.17 27.96 -5.78 7.12 -0 -0 10.74 -1.9 10.57
10.03 15.02 -0.43 754.53 84.45 773.25 0 0 0 -10.27 3.36 -50.6 8.19 16.26 53.23 1.07 -7.88 -18.49 0.1 -2.08 -5.73 0 0 0 -2.33 3.74 -49.11 -8.91 -16.75 55.79 -2.05 -0.2 -27.15 -1.27 7.14 -20.12 -2.61 2.08 17.74 0.9 2.44 2.42 1.87 1.31 -7.48 4.87 2.26 -15.71 -6.74 2.91 9.5 -2.65 1.1 5.6 0 -0 0 -66.43 -9.25 35.78 40.09 -48.13 -18.51 -0 0 -29.61 19.09 -30.95 -10.09 -7.12 0 -0 -7.01 -2.2 7.32 0 -0 0 71.63 17.97 14.85 -27.17 38.34 -9.6 0 -0 -17.31 -11.66 28 -5.54 7.12 -0 -0 11.04 -1.94 10.87
10.02 15.02 -0.63 748.26 84.23 766.89 0 0 0 -10.59 3.35 -50.97 8.49 16.47 54.32 1.17 -7.73 -19.32 0.07 -1.77 -4.86 0 0 0 -2.72 3.9 -48.66 -8.63 -16.56 54.8 -1.96 -0.09 -26.51 -1.21 6.98 -19.66 -2.9 2.02 17.81 0.83 2.29 2.55 1.98 1.25 -7.38 5.35 2.23 -16.18 -7.52 2.86 9.76 -2.99 1.03 5.78 -0 -0 0 -66.19 -9.86 35.96 39.62 -47.84 -18.16 -0 0 -29.98 18.37 -30.82 -9.65 -7.12 0 -0 -7.4 -1.94 7.71 -0 -0 0 72.58 17.28 15.7 -28.55 39.61 -10.47 0 -0 -17.77 -11.59 27.39 -5.39 7.12 -0 -0 11.05 -2.55 10.76
10.02 15.03 -0.82 741.14 83.92 759.82 0 0 0 -10.84 3.64 -51.55 8.74 16.63 55.17 1.24 -7.75 -19.9 0.05 -1.49 -4.09 0 0 0 -2.89 4.3 -48.26 -8.31 -16.34 53.67 -1.85 -0.27 -25.84 -1.31 7.26 -20.48 -3.14 1.97 17.9 0.81 2.18 2.49 2.13 1.2 -7.49 5.1 2.14 -15.94 -7.51 2.81 9.77 -2.95 1 5.74 -0 -0 0 -66.22 -9.93 36.07 39.35 -47.68 -17.96 -0 0 -30.14 17.81 -30.43 -9.24 -7.12 0 -0 -7.68 -1.44 7.94 -0 -0 0 73.47 16.95 16.33 -29.06 40.07 -10.8 0 -0 -18.01 -11.52 27.6 -5.39 7.12 -0 -0 11.11 -2.35 10.85
10.01 15.04 -0.98 737.02 83.74 755.7 0 0 0 -11.06 3.68 -51.89 8.9 16.74 55.75 1.28 -7.95 -20.22 0.02 -0.8 -2.19 0 0 0 -3.14 4.65 -47.79 -8.03 -16.14 52.67 -1.76 -0.7 -25.35 -1.38 7.43 -20.98 -3.4 1.96 17.88 0.73 2.11 2.46 2.21 1.17 -7.52 5.05 1.99 -15.62 -7.52 2.61 9.61 -2.96 0.91 5.62 -0 -0 0 -66.1 -10.41 36.64 38.64 -47.25 -17.44 -0 0 -30.28 17.07 -30.24 -8.79 -7.12 0 -0 -8.08 -1.12 8.32 -0 -0 0 74.33 16.38 16.75 -29.75 40.67 -11.24 0 -0 -18.39 -11.4 27.72 -5.36 7.12 -0 -0 11.18 -2.25 10.95
10.01 15.04 -1.12 732.71 83.78 751.36 0 0 0 -11.09 3.68 -52.21 9.07 16.85 56.34 1.32 -8.1 -20.54 0 -0.3 -0.83 0 0 0 -3.11 4.77 -47.21 -7.76 -15.94 51.68 -1.68 -1.11 -24.92 -1.41 7.52 -21.27 -3.34 1.87 17.72 0.62 1.99 2.42 2.09 1.11 -7.45 4.85 1.75 -15 -7.35 2.32 9.38 -2.9 0.79 5.42 -0 0 0 -65.91 -10.68 37.58 37.82 -46.72 -16.83 -0 0 -29.37 18.56 -30.55 -9.69 -7.12 0 -0 -7.26 -1.7 7.53 -0 0 0 75.31 15.31 17.22 -31.15 41.86 -12.17 0 -0 -18.81 -11.39 26.98 -5.22 7.12 -0 -0 11.15 -2.98 10.77
10 15.02 -1.25 729.2 83.6 747.91 0 0 0 -11.21 3.68 -52.76 9.32 17.01 57.2 1.4 -7.93 -21.18 0.01 -0.63 -1.73 0 0 0 -3.26 4.93 -47.02 -7.56 -15.79 50.96 -1.6 -1.41 -24.48 -1.55 7.86 -22.3 -3.55 1.86 17.83 0.57 1.92 2.39 2.17 1.09 -7.55 4.6 1.73 -15.08 -7.15 2.32 9.34 -2.8 0.79 5.42 -0 -0 0 -65.88 -11.23 37.99 37.27 -46.36 -16.43 -0 0 -29.24 18.1 -30.42 -9.4 -7.12 0 -0 -7.51 -1.49 7.77 -0 -0 0 76.23 14.74 17.5 -31.99 42.54 -12.74 0 -0 -19.09 -11.57 27.63 -5.42 7.12 -0 -0 11.08 -2.31 10.83
9.99 15.03 -1.35 726.95 83.54 745.65 0 0 0 -11.34 3.63 -52.97 9.44 17.08 57.6 1.44 -7.95 -21.46 0 -0.38 -1.05 0 0 0 -3.36 5.16 -46.56 -7.34 -15.61 50.14 -1.55 -1.7 -24.22 -1.61 8.01 -22.75 -3.85 1.83 17.98 0.46 1.81 2.34 2.24 1.04 -7.68 4.58 1.62 -15.18 -7.13 2.16 9.25 -2.8 0.71 5.4 -0 0 0 -65.94 -11.39 38.18 37.05 -46.22 -16.28 -0 0 -29.15 18.51 -30.55 -9.66 -7.12 0 -0 -7.28 -1.69 7.56 -0 0 0 77.14 14 17.7 -33.22 43.5 -13.57 0 -0 -19.67 -11.46 27.34 -5.32 7.12 -0 -0 11.13 -2.61 10.82
9.99 15.03 -1.44 723.83 83.32 742.55 0 0 0 -11.36 3.68 -53.16 9.55 17.15 57.96 1.49 -7.91 -21.86 0 -0.27 -0.76 0 0 0 -3.34 5.26 -46.26 -7.15 -15.46 49.44 -1.52 -1.62 -23.95 -1.51 7.76 -22 -3.97 1.8 17.83 0.34 1.76 2.45 2.2 1.02 -7.47 4.5 1.66 -15.38 -7.19 2.22 9.09 -2.8 0.74 5.38 -0 0 0 -66.16 -11.86 38.04 36.63 -45.94 -15.98 -0 0 -28.98 18.55 -30.68 -9.72 -7.12 0 -0 -7.28 -1.83 7.57 -0 0 0 78.15 13.56 17.83 -34.56 44.5 -14.5 0 -0 -20.1 -11.39 27.09 -5.24 7.12 -0 -0 11.15 -2.87 10.79
9.99 15.04 -1.52 721.75 82.99 740.5 0 0 0 -11.54 3.94 -53.32 9.61 17.18 58.17 1.52 -7.89 -22.03 0 -0.18 -0.5 0 0 0 -3.39 5.42 -46.08 -6.97 -15.31 48.76 -1.45 -1.82 -23.45 -1.52 7.78 -22.06 -4.36 1.82 17.86 0.24 1.7 2.4 2.33 1 -7.55 4.47 1.46 -15.16 -6.99 1.94 8.88 -2.75 0.61 5.26 0 -0 0 -66.5 -11.96 37.7 36.36 -45.76 -15.78 -0 0 -28.78 18.45 -30.29 -9.55 -7.12 0 -0 -7.29 -1.41 7.53 0 -0 0 79.07 12.93 18.12 -36.03 45.54 -15.55 0 -0 -20.53 -11.45 26.94 -5.24 7.12 -0 -0 11.11 -3.01 10.72
9.99 15.04 -1.59 719.38 83.04 738.22 0 0 0 -11.44 3.74 -53.59 9.71 17.24 58.5 1.54 -7.74 -22.2 0 -0.15 -0.42 0 0 0 -3.3 5.31 -45.89 -6.84 -15.19 48.26 -1.42 -1.72 -23.2 -1.48 7.68 -21.76 -4.32 1.71 17.62 0.15 1.56 2.49 2.24 0.92 -7.31 4.32 1.33 -15.07 -6.85 1.76 8.34 -2.7 0.54 5.06 -0 0 0 -66.71 -12.68 37.61 35.52 -45.18 -15.18 -0 0 -28.87 18.67 -30.63 -9.77 -7.12 0 -0 -7.2 -1.8 7.49 -0 0 0 79.9 12.59 18.4 -37.57 46.57 -16.66 0 -0 -20.78 -11.63 26.24 -5.2 7.12 -0 -0 10.97 -3.68 10.44
9.99 15.03 -1.65 716.56 82.66 735.22 0 0 0 -11.33 4.01 -53.53 9.82 17.31 58.89 1.59 -7.81 -22.6 0 -0 -0 0 0 0 -3.17 5.56 -45.51 -6.69 -15.07 47.7 -1.38 -1.8 -22.88 -1.49 7.71 -21.83 -4.45 1.77 17.78 0.08 1.61 2.53 2.23 0.95 -7.36 4.05 1.15 -15.7 -6.58 1.53 8.64 -2.59 0.42 5.24 0 0 0 -67.09 -13.1 37.49 34.79 -44.66 -14.66 -0 0 -28.48 18.79 -30.73 -9.86 -7.12 0 -0 -7.15 -1.92 7.44 0 0 0 80.57 12.4 18.77 -38.63 47.24 -17.43 0 -0 -20.9 -11.71 27.09 -5.39 7.12 -0 -0 10.97 -2.83 10.61
9.98 15.03 -1.7 715.43 82.62 734.14 0 0 0 -11.33 4.01 -53.75 9.87 17.33 59.05 1.58 -7.9 -22.54 0 0.27 0.74 0 0 0 -3.2 5.8 -45.42 -6.59 -14.98 47.31 -1.34 -2.19 -22.74 -1.56 7.87 -22.32 -4.7 1.76 17.86 0.05 1.53 2.47 2.35 0.92 -7.47 3.41 0.57 -15.61 -6.03 0.81 8.51 -2.38 0.09 5.14 0 -0 0 -67.51 -13.18 37.58 34.44 -44.41 -14.42 -0 0 -28.39 18.77 -30.55 -9.8 -7.12 0 -0 -7.14 -1.74 7.41 0 -0 0 81.12 11.96 19.17 -40.08 48.12 -18.5 0 -0 -21.16 -11.48 26.97 -5.26 7.12 -0 -0 11.1 -2.98 10.71
9.97 15.04 -1.75 714.51 82.46 733.36 0 0 0 -11.39 3.98 -53.93 9.9 17.35 59.15 1.61 -7.88 -22.7 0.01 0.49 1.35 0 0 0 -3.29 5.93 -45.38 -6.51 -14.91 47 -1.31 -2.21 -22.5 -1.57 7.89 -22.39 -4.73 1.67 17.64 -0.06 1.41 2.49 2.28 0.86 -7.32 2.59 -0.18 -15.76 -5.27 -0.13 8.29 -2.09 -0.34 5.05 0 0 0 -67.96 -13.37 37.28 34.1 -44.16 -14.18 -0 0 -28.35 18.88 -30.42 -9.82 -7.12 0 -0 -7.06 -1.63 7.31 0 0 0 81.49 11.86 19.84 -41.23 48.78 -19.36 0 -0 -21.25 -11.59 26.95 -5.31 7.12 -0 -0 11.03 -2.98 10.64
9.96 15.03 -1.79 714.66 82.24 733.61 0 0 0 -11.6 4 -54.18 9.93 17.37 59.25 1.61 -7.96 -22.72 0.01 0.56 1.54 0 0 0 -3.53 5.97 -45.5 -6.46 -14.86 46.82 -1.3 -1.89 -22.34 -1.36 7.37 -20.82 -4.84 1.78 17.82 -0.15 1.52 2.38 2.22 0.92 -7.54 1.3 -1.37 -16.32 -4.37 -1.55 8.62 -1.72 -1.02 5.2 -0 0 0 -68.74 -13.55 37.48 33.43 -43.66 -13.72 -0 0 -27.54 19.6 -30.81 -10.34 -7.12 0 -0 -6.7 -2.16 6.99 -0 0 0 81.52 12.08 19.93 -41.68 49.04 -19.7 0 -0 -21.18 -11.38 27.6 -5.33 7.12 -0 -0 11.19 -2.37 10.93
9.95 15.04 -1.82 714.37 82.31 733.23 0 0 0 -11.6 3.83 -54.07 9.93 17.37 59.25 1.62 -7.83 -22.76 0.01 0.69 1.88 0 0 0 -3.54 5.96 -45.22 -6.41 -14.82 46.61 -1.31 -1.86 -22.34 -1.31 7.25 -20.45 -4.81 1.67 17.98 -0.2 1.36 2.39 2.18 0.85 -7.61 0.19 -2.46 -16.16 -3.58 -2.88 8.17 -1.41 -1.65 5.02 0 -0 0 -69.18 -13.63 37.32 33.14 -43.44 -13.52 -0 0 -27.8 19.05 -30.87 -10.05 -7.12 0 -0 -7.02 -2.12 7.33 0 -0 0 81.52 11.89 20.62 -43.1 49.8 -20.77 0 -0 -21.47 -11.74 27.19 -5.43 7.12 -0 -0 10.95 -2.72 10.62
9.94 15.03 -1.83 713.31 82.3 732.15 0 0 0 -11.43 3.78 -54.11 9.96 17.39 59.35 1.62 -7.93 -22.82 0.02 0.84 2.32 0 0 0 -3.44 6.08 -45.15 -6.4 -14.81 46.58 -1.31 -1.88 -22.41 -1.3 7.23 -20.41 -4.84 1.58 17.96 -0.15 1.26 2.44 2.28 0.79 -7.52 -1.01 -3.75 -16.42 -2.81 -4.43 8.23 -1.12 -2.39 5.09 0 0 0 -69.73 -13.76 36.99 32.9 -43.25 -13.35 -0 0 -28.03 18.98 -30.64 -9.94 -7.12 0 -0 -7.03 -1.87 7.31 0 0 0 81.42 12.15 21.23 -43.95 50.24 -21.43 0 -0 -21.38 -11.91 27.19 -5.51 7.12 -0 -0 10.85 -2.7 10.52
9.93 15.03 -1.83 715.81 82.12 734.6 0 0 0 -11.87 3.84 -54.03 9.94 17.38 59.28 1.63 -7.76 -22.83 0.01 0.58 1.59 0 0 0 -3.83 6.01 -45.3 -6.42 -14.83 46.66 -1.3 -1.72 -22.26 -1.3 7.22 -20.36 -5.32 1.6 18 -0.26 1.17 2.43 2.46 0.77 -7.56 -1.8 -4.88 -16.58 -2.38 -5.8 8.4 -0.99 -3.06 5.19 -0 -0 0 -70.35 -13.42 36.61 32.91 -43.26 -13.36 -0 0 -27.55 18.58 -31.16 -9.87 -7.12 0 -0 -7.32 -2.31 7.67 -0 -0 0 81.2 12.63 21.58 -43.9 50.22 -21.39 0 -0 -21.29 -11.54 27.12 -5.32 7.12 -0 -0 11.07 -2.82 10.72
9.93 15.03 -1.82 715.45 82.12 734.08 0 0 0 -11.68 3.78 -53.82 9.92 17.37 59.22 1.64 -7.51 -22.95 0 0.44 1.22 0 0 0 -3.68 6.07 -45.29 -6.46 -14.86 46.8 -1.29 -2.1 -22.34 -1.6 7.98 -22.65 -5.78 1.39 17.93 -0.18 0.83 2.43 2.88 0.61 -7.5 -2.52 -5.65 -15.65 -1.66 -6.81 7.6 -0.7 -3.52 4.83 0 0 0 -70.52 -12.65 36.01 33.05 -43.37 -13.46 -0 0 -27.74 18.68 -31.15 -9.92 -7.12 0 -0 -7.26 -2.33 7.61 0 0 0 81.22 13.01 22.66 -44.2 50.37 -21.62 0 -0 -21.36 -11.95 26.9 -5.47 7.12 -0 -0 10.82 -2.99 10.43
9.92 15.02 -1.79 713.4 82.17 731.98 0 0 0 -11.2 3.82 -53.84 9.96 17.38 59.34 1.62 -7.79 -22.8 0.01 0.61 1.69 0 0 0 -3.31 6.24 -45.25 -6.48 -14.88 46.89 -1.32 -1.91 -22.45 -1.34 7.34 -20.72 -5.65 1.41 17.94 -0.01 0.89 2.44 2.98 0.64 -7.51 -3.62 -6.53 -16.07 -0.86 -7.83 8.19 -0.4 -4 5.16 -0 -0 0 -71.03 -12.46 36.06 33.12 -43.42 -13.5 -0 0 -27.54 18.7 -30.55 -9.76 -7.12 0 -0 -7.18 -1.73 7.45 -0 -0 0 80.76 13.26 22.77 -44.49 50.52 -21.84 0 -0 -21.31 -11.8 27.27 -5.47 7.12 -0 -0 10.92 -2.64 10.61
9.91 15.02 -1.75 713.34 82.14 731.86 0 0 0 -11.06 3.95 -53.82 9.95 17.38 59.32 1.61 -7.85 -22.7 0.01 0.56 1.54 0 0 0 -3.14 6.23 -45.44 -6.54 -14.93 47.11 -1.29 -2.21 -22.38 -1.63 8.05 -22.86 -5.59 1.38 17.95 -0.1 0.85 2.49 2.86 0.62 -7.45 -3.99 -7.28 -15.83 -0.73 -8.78 7.87 -0.38 -4.46 5.05 -0 -0 0 -71.1 -12.09 35.83 33.44 -43.67 -13.72 -0 0 -27.74 17.89 -30.29 -9.25 -7.12 0 -0 -7.61 -1.32 7.86 -0 -0 0 80.68 13.64 23.08 -44.92 50.73 -22.18 0 -0 -21.24 -11.8 26.56 -5.34 7.12 -0 -0 10.88 -3.34 10.43
9.9 15.03 -1.7 714.49 82.39 732.94 0 0 0 -11.06 3.84 -53.58 9.86 17.33 59.03 1.6 -7.67 -22.62 0 0.24 0.65 0 0 0 -3.11 6.06 -45.46 -6.62 -15.01 47.44 -1.34 -1.98 -22.67 -1.5 7.73 -21.9 -5.7 1.34 17.91 -0.05 0.79 2.5 2.99 0.59 -7.41 -4.76 -7.81 -15.48 -0.24 -9.4 7.76 -0.16 -4.75 5.03 0 0 0 -71.6 -11.73 35.69 33.48 -43.69 -13.75 -0 0 -27.53 17.87 -29.98 -9.15 -7.12 0 -0 -7.59 -1 7.79 0 0 0 80.25 13.84 23.23 -45.15 50.84 -22.36 0 -0 -21.24 -11.99 26.7 -5.45 7.12 -0 -0 10.78 -3.18 10.35
9.89 15.02 -1.64 715.12 82.63 733.56 0 0 0 -10.92 3.89 -53.65 9.83 17.31 58.91 1.56 -7.54 -22.39 0 -0.43 -1.18 0 0 0 -2.97 5.95 -45.71 -6.77 -15.14 48.01 -1.39 -1.86 -23.02 -1.49 7.71 -21.83 -5.74 1.29 17.82 -0.05 0.72 2.52 3.03 0.56 -7.34 -5.24 -8.05 -15.01 0.31 -9.72 7.45 0.08 -4.89 4.92 0 0 0 -71.82 -11.63 35.56 33.47 -43.69 -13.75 -0 0 -27.85 17.89 -29.67 -9.08 -7.12 0 -0 -7.55 -0.69 7.7 0 0 0 80.02 14.33 23.34 -45.02 50.78 -22.25 0 -0 -21.26 -11.83 27.06 -5.44 7.12 -0 -0 10.89 -2.84 10.54
9.89 15.01 -1.56 716.61 82.9 734.86 0 0 0 -10.7 3.71 -53.35 9.79 17.29 58.78 1.54 -7.69 -22.21 0 -0.25 -0.68 0 0 0 -2.9 5.91 -45.83 -6.97 -15.31 48.77 -1.45 -1.83 -23.47 -1.49 7.71 -21.83 -5.98 1.25 17.96 0 0.62 2.53 3.25 0.52 -7.4 -5.34 -8.3 -15.66 0.18 -9.98 8.14 -0.01 -5.03 5.24 0 0 0 -72.19 -11.1 35.32 33.58 -43.77 -13.82 -0 0 -27.72 17.83 -29.41 -8.98 -7.12 0 -0 -7.55 -0.42 7.67 0 0 0 79.72 14.57 23.62 -45.1 50.82 -22.32 0 -0 -21.28 -12.02 26.79 -5.48 7.12 -0 -0 10.77 -3.09 10.36
9.87 15 -1.48 718.2 83.4 736.49 0 0 0 -10.57 3.52 -53.42 9.76 17.27 58.68 1.5 -7.69 -21.94 0.01 -0.74 -2.02 0 0 0 -2.77 5.46 -46.2 -7.17 -15.47 49.5 -1.5 -1.61 -23.8 -1.48 7.68 -21.76 -5.74 1.22 17.91 -0.01 0.64 2.55 3.09 0.52 -7.34 -5.68 -8.56 -15.17 0.48 -10.31 7.53 0.13 -5.18 5.01 -0 0 0 -72.43 -11.06 35.44 33.73 -43.88 -13.92 -0 0 -27.8 17.52 -28.81 -8.65 -7.12 0 -0 -7.67 0.24 7.71 -0 0 0 79.38 14.88 23.45 -45.2 50.87 -22.4 0 -0 -21.53 -12.01 27.07 -5.53 7.12 -0 -0 10.79 -2.81 10.44
9.87 14.99 -1.38 718.98 83.72 737.04 0 0 0 -10.22 3.54 -53.03 9.65 17.21 58.3 1.46 -7.76 -21.63 0.02 -0.92 -2.53 0 0 0 -2.44 5.43 -46.22 -7.31 -15.59 50.03 -1.52 -1.92 -24.03 -1.53 7.81 -22.13 -5.87 1.21 17.9 0.09 0.61 2.67 3.28 0.51 -7.21 -5.58 -8.46 -15.44 0.39 -10.18 7.77 0.09 -5.12 5.12 -0 0 0 -72.73 -10.66 35.46 33.34 -43.59 -13.66 -0 0 -27.14 19.19 -30.16 -9.92 -7.12 0 -0 -6.85 -1.42 7.07 -0 0 0 79.08 15.24 23.6 -45.37 50.95 -22.53 0 -0 -21.6 -12.16 26.56 -5.5 7.12 -0 -0 10.67 -3.3 10.22
9.86 14.97 -1.28 719.92 84.04 738.01 0 0 0 -9.91 3.55 -53.06 9.57 17.16 58.04 1.4 -8.04 -21.16 0.02 -0.91 -2.5 0 0 0 -2.32 5.44 -46.56 -7.53 -15.76 50.84 -1.62 -1.48 -24.61 -1.38 7.42 -20.98 -5.66 1.23 17.95 0.07 0.67 2.5 3.12 0.54 -7.42 -5.44 -8.36 -15.21 0.37 -10.09 7.78 0.08 -5.07 5.08 0 -0 0 -72.91 -9.9 35.48 33.44 -43.67 -13.73 -0 0 -26.97 18.96 -30.75 -9.96 -7.12 0 -0 -7.05 -1.98 7.35 0 -0 0 78.97 15.05 23.56 -45.8 51.15 -22.86 0 -0 -21.7 -12.28 26.24 -5.5 7.12 -0 -0 10.58 -3.6 10.07
9.85 14.95 -1.18 724.27 84.54 742.28 0 0 0 -9.82 3.31 -53.06 9.54 17.14 57.92 1.34 -8.31 -20.75 0.02 -0.85 -2.33 0 0 0 -2.37 5.06 -47.02 -7.84 -16 51.97 -1.7 -1.18 -25.09 -1.3 7.22 -20.38 -5.76 1.22 18.05 0.11 0.64 2.61 3.23 0.52 -7.36 -5.52 -8.36 -15.18 0.52 -10.09 7.44 0.14 -5.07 4.97 0 -0 0 -73.25 -9.99 35.47 33.3 -43.56 -13.63 -0 0 -27.12 19.13 -30.9 -10.1 -7.12 0 -0 -6.97 -2.16 7.28 0 -0 0 78.6 15.44 23.15 -45.7 51.11 -22.78 0 -0 -21.41 -11.76 26.68 -5.34 7.12 -0 -0 10.92 -3.23 10.48
9.84 14.96 -1.07 724.91 84.74 742.96 0 0 0 -9.53 3.51 -53.03 9.42 17.07 57.53 1.31 -8.45 -20.45 0.03 -1.11 -3.06 0 0 0 -2.07 5.11 -47.34 -8.02 -16.13 52.64 -1.78 -0.97 -25.58 -1.28 7.16 -20.18 -5.54 1.28 17.93 0.12 0.76 2.56 3.1 0.57 -7.35 -5.76 -8.37 -14.94 0.84 -10.11 7.36 0.29 -5.06 4.94 -0 -0 0 -73.51 -9.43 35.21 33.62 -43.8 -13.85 -0 0 -26.91 18.89 -30.7 -9.91 -7.12 0 -0 -7.08 -1.91 7.37 -0 -0 0 78.41 15.55 23.07 -45.87 51.19 -22.92 0 -0 -21.4 -11.96 25.72 -5.25 7.12 -0 -0 10.75 -4.15 10.12
9.84 14.95 -0.97 729.39 85.04 747.26 0 0 0 -9.47 3.33 -52.63 9.32 17.01 57.2 1.28 -8.45 -20.28 0.05 -1.41 -3.87 0 0 0 -2.04 4.8 -47.47 -8.22 -16.28 53.34 -1.83 -0.95 -25.98 -1.33 7.31 -20.64 -5.48 1.28 17.98 0.09 0.77 2.65 3.03 0.58 -7.28 -5.55 -8.53 -15.22 0.69 -10.32 7.33 0.18 -5.17 4.96 0 0 0 -73.65 -9.21 35.22 33.6 -43.79 -13.84 -0 0 -27.09 18.8 -30.63 -9.84 -7.12 0 -0 -7.13 -1.83 7.41 0 0 0 78.19 15.79 22.94 -45.88 51.19 -22.93 0 -0 -21.31 -11.63 26.39 -5.22 7.12 -0 -0 10.98 -3.54 10.48
9.82 14.94 -0.86 734.07 85.26 752.07 0 0 0 -9.43 3.4 -52.79 9.21 16.94 56.81 1.23 -8.61 -19.88 0.06 -1.59 -4.37 0 0 0 -2.07 4.78 -48.06 -8.44 -16.43 54.14 -1.89 -0.98 -26.35 -1.24 7.06 -19.88 -5.62 1.32 18 0.13 0.8 2.56 3.14 0.6 -7.4 -5.74 -8.53 -14.71 0.9 -10.34 6.82 0.3 -5.17 4.74 -0 0 0 -73.95 -8.7 35.03 33.91 -44.02 -14.05 -0 0 -26.97 18.85 -30.73 -9.9 -7.12 0 -0 -7.11 -1.94 7.41 -0 0 0 77.94 16.08 22.84 -45.68 51.1 -22.77 0 -0 -21.19 -11.55 26.76 -5.26 7.12 -0 -0 11.04 -3.18 10.62
9.83 14.93 -0.77 739.12 85.63 756.97 0 0 0 -9.29 3.04 -52.28 9.07 16.85 56.34 1.23 -8.48 -19.83 0.11 -2.16 -5.95 0 0 0 -1.96 4.41 -48.06 -8.61 -16.55 54.74 -1.98 -0.65 -26.86 -1.18 6.91 -19.44 -5.37 1.24 18.11 0.18 0.74 2.62 3.06 0.56 -7.38 -5.6 -8.56 -14.97 0.66 -10.36 7.05 0.19 -5.19 4.84 0 0 0 -74.22 -8.45 34.99 33.74 -43.89 -13.93 -0 0 -27.02 18.95 -30.35 -9.84 -7.12 0 -0 -7.01 -1.57 7.25 0 0 0 77.69 17.05 22.6 -44.24 50.39 -21.65 0 -0 -20.88 -11.49 27.21 -5.31 7.12 -0 -0 11.1 -2.74 10.77
9.82 14.94 -0.66 743.98 85.73 762.09 0 0 0 -9.31 3.19 -52.5 8.93 16.76 55.84 1.14 -8.74 -19.17 0.13 -2.29 -6.3 0 0 0 -1.99 4.47 -48.51 -8.78 -16.67 55.33 -2.07 -0.15 -27.33 -0.88 5.98 -16.73 -5.35 1.31 17.74 0.2 0.86 2.63 3.04 0.61 -7.19 -6.03 -8.66 -14.64 1.24 -10.5 6.83 0.44 -5.24 4.77 0 -0 0 -74.45 -8.17 35.08 33.82 -43.95 -13.99 -0 0 -26.78 19.06 -30.72 -10.01 -7.12 0 -0 -6.99 -1.96 7.28 0 -0 0 77.31 17.24 22.51 -44.33 50.44 -21.72 0 -0 -20.95 -11.59 27.04 -5.33 7.12 -0 -0 11.04 -2.9 10.67
9.83 14.93 -0.56 751.29 86.14 769.3 0 0 0 -9.08 2.85 -52.25 8.82 16.69 55.48 1.09 -8.94 -18.74 0.13 -2.32 -6.4 0 0 0 -1.77 4.06 -48.65 -8.98 -16.8 56.02 -2.12 -0.44 -27.75 -1.01 6.39 -17.93 -5.19 1.2 17.96 0.33 0.75 2.59 3.12 0.56 -7.34 -5.88 -8.59 -14.78 0.87 -10.39 7.02 0.3 -5.2 4.83 -0 -0 0 -74.69 -7.8 35.16 33.54 -43.74 -13.8 -0 0 -26.73 19.29 -31.31 -10.31 -7.12 0 -0 -6.93 -2.61 7.3 -0 -0 0 76.92 17.2 22.65 -44.59 50.57 -21.92 0 -0 -20.93 -11.43 26.88 -5.22 7.12 -0 -0 11.12 -3.08 10.72
9.83 14.92 -0.46 758.63 86.16 776.57 0 0 0 -9.15 2.95 -52.04 8.7 16.61 55.05 1.04 -9.15 -18.34 0.15 -2.47 -6.8 0 0 0 -1.76 3.93 -48.95 -9.21 -16.94 56.83 -2.18 -0.8 -28.23 -1.16 6.82 -19.19 -5.12 1.29 17.86 0.27 0.89 2.73 2.99 0.62 -7.14 -5.4 -8.4 -15.1 0.57 -10.17 7.15 0.15 -5.1 4.87 0 0 0 -74.74 -7.71 35.43 33.77 -43.91 -13.95 -0 0 -26.52 19.54 -31.47 -10.5 -7.12 0 -0 -6.81 -2.81 7.19 0 0 0 76.66 17.48 22.25 -44.74 50.64 -22.03 0 -0 -20.87 -11.17 27.33 -5.18 7.12 -0 -0 11.3 -2.66 10.98
9.82 14.9 -0.35 767.72 86.35 785.74 0 0 0 -8.94 2.62 -52.1 8.63 16.56 54.81 0.98 -9.34 -17.87 0.14 -2.44 -6.72 0 0 0 -1.72 3.73 -49.39 -9.5 -17.12 57.79 -2.28 -0.76 -28.88 -1.11 6.68 -18.78 -4.95 1.29 17.97 0.33 0.91 2.62 2.95 0.64 -7.33 -4.67 -7.8 -15.29 0.02 -9.45 7.36 -0.08 -4.76 4.89 0 0 0 -75 -7.48 35.57 33.64 -43.82 -13.87 -0 0 -26.51 19.44 -31.8 -10.54 -7.12 0 -0 -6.91 -3.13 7.33 0 0 0 76.28 17.43 22.02 -44.77 50.66 -22.06 0 -0 -20.78 -11.33 26.82 -5.17 7.12 -0 -0 11.18 -3.14 10.76
9.83 14.89 -0.26 774.13 86.49 791.96 0 0 0 -8.69 2.58 -51.8 8.55 16.51 54.52 0.93 -9.46 -17.5 0.14 -2.42 -6.68 0 0 0 -1.45 3.52 -49.39 -9.7 -17.24 58.47 -2.35 -0.81 -29.33 -1.13 6.75 -18.96 -4.52 1.31 18.06 0.38 1.03 2.67 2.72 0.68 -7.33 -3.86 -6.92 -15.87 -0.65 -8.33 8.11 -0.34 -4.24 5.13 0 0 0 -75.18 -7.13 35.58 33.96 -44.06 -14.09 -0 0 -26.57 19.17 -31.43 -10.28 -7.12 0 -0 -7.02 -2.71 7.4 0 0 0 75.96 17.58 21.79 -44.6 50.57 -21.93 0 -0 -20.7 -11.76 26.62 -5.33 7.12 -0 -0 10.91 -3.29 10.46
9.84 14.89 -0.17 785.38 86.27 803.18 0 0 0 -8.92 2.19 -51.47 8.4 16.41 54 0.91 -9.36 -17.26 0.19 -2.81 -7.76 0 0 0 -1.6 2.96 -49.47 -9.83 -17.32 58.93 -2.39 -0.69 -29.53 -1.14 6.79 -19.1 -4.11 1.44 17.89 0.29 1.28 2.73 2.34 0.79 -7.18 -2.99 -5.84 -15.77 -1.4 -6.98 7.98 -0.58 -3.6 5 0 -0 0 -75.35 -7.16 36.47 33.98 -44.07 -14.1 -0 0 -26.83 19.21 -31.37 -10.28 -7.12 0 -0 -6.99 -2.66 7.36 0 -0 0 75.46 17.49 20.87 -44.71 50.63 -22.02 0 -0 -20.61 -11.99 26.11 -5.34 7.12 -0 -0 10.75 -3.76 10.21
9.83 14.85 -0.06 795.71 86.45 813.71 0 0 0 -8.32 1.68 -51.93 8.44 16.43 54.12 0.87 -9.34 -16.91 0.25 -3.2 -8.83 0 0 0 -1.28 2.93 -50.05 -10.13 -17.48 59.92 -2.49 -0.88 -30.18 -1.09 6.64 -18.64 -3.69 1.4 17.86 0.36 1.29 2.47 2.17 0.79 -7.44 -1.63 -4.2 -15.66 -2.35 -4.96 8.49 -0.91 -2.64 5.07 0 0 0 -75.34 -6.65 36.64 34.21 -44.24 -14.26 -0 0 -26.67 19.4 -30.98 -10.27 -7.12 0 -0 -6.83 -2.29 7.15 0 0 0 75.12 17.33 20.65 -44.23 50.39 -21.65 0 -0 -20.67 -11.78 26.96 -5.4 7.12 -0 -0 10.92 -2.95 10.54
9.82 14.83 0.04 804.65 86.01 822.83 0 0 0 -8.42 1.28 -52.13 8.38 16.39 53.92 0.84 -9.2 -16.57 0.31 -3.59 -9.92 0 0 0 -1.46 2.51 -50.76 -10.43 -17.64 60.91 -2.56 -0.79 -30.59 -1.09 6.63 -18.61 -3.88 1.36 17.79 0.26 1.18 2.24 2.19 0.74 -7.64 0.44 -2.4 -15 -3.53 -2.87 8.24 -1.41 -1.63 4.85 -0 -0 0 -75.21 -6.29 36.75 33.98 -44.07 -14.1 -0 0 -26.61 19.31 -31.18 -10.28 -7.12 0 -0 -6.91 -2.48 7.25 -0 -0 0 75.22 17.2 20.62 -44.17 50.36 -21.6 0 -0 -20.42 -11.82 26.83 -5.39 7.12 -0 -0 10.89 -3.08 10.48
9.82 14.82 0.12 807.86 85.91 826.02 0 0 0 -8.24 1.29 -52.02 8.3 16.33 53.63 0.82 -9.2 -16.4 0.37 -3.93 -10.87 0 0 0 -1.27 2.52 -50.97 -10.59 -17.73 61.44 -2.61 -1 -30.93 -1.11 6.68 -18.77 -3.45 1.56 17.84 0.3 1.55 2.61 1.91 0.91 -7.28 1.84 -0.71 -16.74 -4.94 -0.7 8.91 -1.93 -0.64 5.38 -0 -0 0 -75.44 -7.12 37.04 34.18 -44.22 -14.24 -0 0 -26.62 19.38 -30.81 -10.21 -7.12 0 -0 -6.82 -2.12 7.12 -0 -0 0 74.63 18.03 19.74 -44.06 50.3 -21.52 0 -0 -20.56 -11.65 26.71 -5.3 7.12 -0 -0 10.98 -3.22 10.55
9.83 14.81 0.2 810.8 85.48 829.07 0 0 0 -8.44 1.22 -52.02 8.21 16.27 53.31 0.79 -9.13 -16.12 0.46 -4.34 -12.04 0 0 0 -1.45 2.35 -51.37 -10.79 -17.83 62.09 -2.68 -0.95 -31.33 -1.13 6.75 -18.97 -3.2 1.74 17.89 0.13 1.83 2.55 1.51 1.03 -7.38 3.74 0.8 -16.84 -6.61 1.13 9 -2.6 0.19 5.52 -0 0 0 -75.36 -7.3 37.74 33.86 -43.98 -14.01 -0 0 -26.69 19.67 -31.37 -10.54 -7.12 0 -0 -6.72 -2.74 7.09 -0 0 0 74.49 18.26 18.9 -43.5 50.01 -21.08 0 -0 -20.28 -11.67 27.17 -5.39 7.12 -0 -0 11 -2.76 10.66
9.84 14.8 0.29 815.01 85.23 833.18 0 0 0 -8.38 1.24 -51.74 8.09 16.18 52.87 0.76 -9.37 -15.9 0.51 -4.56 -12.66 0 0 0 -1.34 2.35 -51.27 -10.91 -17.89 62.49 -2.75 -0.96 -31.77 -1.08 6.59 -18.51 -3.05 1.85 18 0.06 1.99 2.58 1.31 1.11 -7.41 4.88 2.05 -16.78 -7.07 2.61 8.97 -2.78 0.92 5.6 0 -0 0 -75.26 -7.3 38.05 34 -44.08 -14.11 -0 0 -26.66 19.37 -31.75 -10.48 -7.12 0 -0 -6.95 -3.07 7.36 0 -0 0 74.38 17.81 18.49 -44.14 50.34 -21.57 0 -0 -20.37 -11.74 26.93 -5.38 7.12 -0 -0 10.94 -2.98 10.55
9.84 14.81 0.35 816.06 85.37 834.41 0 0 0 -8.07 1.47 -51.86 8.01 16.13 52.59 0.72 -9.52 -15.55 0.51 -4.58 -12.72 0 0 0 -0.98 2.52 -51.61 -10.98 -17.93 62.72 -2.75 -1.36 -31.91 -1.14 6.77 -19.02 -2.47 2.01 17.95 0.09 2.31 2.51 0.93 1.24 -7.45 6.07 3.06 -16.19 -8.26 3.85 8.27 -3.24 1.5 5.41 -0 -0 0 -75.34 -7.39 38.52 33.94 -44.04 -14.07 -0 0 -26.71 19.23 -31.67 -10.38 -7.12 0 -0 -7.01 -2.95 7.42 -0 -0 0 74.04 17.82 18.06 -43.95 50.24 -21.43 0 -0 -20.45 -11.89 26.84 -5.43 7.12 -0 -0 10.85 -3.06 10.44
9.85 14.8 0.41 817.56 85.1 836.02 0 0 0 -8.06 1.36 -51.81 7.91 16.05 52.24 0.68 -9.52 -15.22 0.49 -4.51 -12.51 0 0 0 -1.03 2.53 -51.89 -11.12 -17.99 63.17 -2.8 -1.24 -32.16 -1.1 6.68 -18.76 -2.6 2.1 17.78 0.11 2.41 2.55 1.02 1.29 -7.32 7.4 3.93 -16.2 -9.19 4.86 8.35 -3.65 1.97 5.57 -0 -0 0 -75.4 -7.08 38.68 34.51 -44.46 -14.47 -0 0 -26.54 19.49 -31.37 -10.44 -7.12 0 -0 -6.83 -2.7 7.2 -0 -0 0 73.8 18.11 17.79 -43.53 50.03 -21.11 0 -0 -20.24 -11.75 26.82 -5.36 7.12 -0 -0 10.93 -3.09 10.52
9.86 14.8 0.47 817.45 84.66 835.84 0 0 0 -8.3 1.18 -51.4 7.8 15.97 51.85 0.68 -9.47 -15.12 0.46 -4.35 -12.08 0 0 0 -1.28 2.32 -51.95 -11.24 -18.05 63.54 -2.84 -1.04 -32.32 -1.06 6.54 -18.35 -2.67 2.2 17.95 -0.05 2.51 2.54 0.85 1.34 -7.43 7.89 4.43 -15.36 -9.2 5.43 7.64 -3.68 2.29 5.27 -0 -0 0 -75.4 -7.04 38.93 34.56 -44.5 -14.5 -0 0 -26.58 19.37 -31.15 -10.3 -7.12 0 -0 -6.87 -2.45 7.21 -0 -0 0 73.7 18.04 17.46 -43.32 49.92 -20.95 0 -0 -20.22 -11.77 27.07 -5.41 7.12 -0 -0 10.93 -2.84 10.57
9.86 14.79 0.51 820.34 84.73 838.81 0 0 0 -7.97 1.14 -51.51 7.79 15.96 51.79 0.64 -9.63 -14.84 0.43 -4.19 -11.62 0 0 0 -0.94 2.22 -52.08 -11.3 -18.08 63.76 -2.88 -0.97 -32.48 -1.02 6.42 -18 -2.21 2.23 17.96 -0.01 2.65 2.54 0.61 1.4 -7.42 6.97 4.46 -16.37 -8.23 5.53 8.35 -3.2 2.35 5.61 -0 -0 0 -75.43 -7.18 39.33 34.41 -44.39 -14.4 -0 0 -26.61 19.48 -31.51 -10.48 -7.12 0 -0 -6.85 -2.85 7.23 -0 -0 0 73.5 17.94 17.18 -43.47 50 -21.06 0 -0 -20.28 -11.7 26.75 -5.32 7.12 -0 -0 10.96 -3.17 10.53
9.88 14.8 0.56 820.84 84.58 839.43 0 0 0 -8 1.17 -51.44 7.68 15.88 51.41 0.62 -9.69 -14.66 0.45 -4.28 -11.88 0 0 0 -0.87 2.13 -52.24 -11.34 -18.1 63.89 -2.9 -0.89 -32.6 -0.97 6.27 -17.57 -2.27 2.26 17.73 0.02 2.68 2.59 0.67 1.41 -7.24 7.44 4.77 -16.29 -8.7 5.91 8.28 -3.39 2.52 5.64 -0 -0 0 -75.6 -7.29 39.26 34.2 -44.23 -14.25 -0 0 -26.57 19.38 -31.38 -10.38 -7.12 0 -0 -6.89 -2.7 7.26 -0 -0 0 73.33 18.19 17.13 -43.18 49.85 -20.84 0 -0 -20.18 -11.88 26.53 -5.37 7.12 -0 -0 10.83 -3.37 10.37
9.89 14.79 0.59 820.44 84.53 839.05 0 0 0 -7.93 1.2 -51.28 7.62 15.83 51.19 0.62 -9.63 -14.62 0.47 -4.37 -12.13 0 0 0 -0.8 2.09 -52.34 -11.4 -18.13 64.08 -2.93 -0.84 -32.71 -0.94 6.19 -17.34 -2.23 2.32 17.77 0.05 2.77 2.55 0.65 1.45 -7.31 7.69 5.15 -16.12 -8.91 6.4 8.16 -3.44 2.75 5.63 -0 -0 0 -75.76 -6.98 39.32 34.44 -44.41 -14.42 -0 0 -26.5 19.05 -31.29 -10.17 -7.12 0 -0 -7.07 -2.54 7.43 -0 -0 0 73.2 18.25 16.91 -42.66 49.57 -20.44 0 -0 -20.04 -11.8 26.89 -5.4 7.12 -0 -0 10.9 -3.02 10.51
9.9 14.79 0.62 821.27 84.35 839.82 0 0 0 -8.02 1.27 -51.12 7.57 15.8 51.01 0.59 -9.9 -14.42 0.44 -4.23 -11.73 0 0 0 -0.81 1.97 -52.27 -11.44 -18.14 64.21 -2.95 -0.8 -32.86 -0.97 6.26 -17.53 -2.24 2.36 17.84 0.03 2.81 2.55 0.63 1.48 -7.35 7.36 5.13 -15.96 -8.43 6.37 8.01 -3.24 2.77 5.52 -0 0 0 -75.7 -6.9 39.71 34.26 -44.28 -14.29 -0 0 -26.48 19.25 -31.75 -10.41 -7.12 0 -0 -7.01 -3.04 7.43 -0 0 0 73.09 18.34 16.76 -42.3 49.38 -20.17 0 -0 -20.13 -12.1 26.59 -5.48 7.12 -0 -0 10.71 -3.28 10.26
9.9 14.79 0.64 822.82 84.66 841.47 0 0 0 -7.56 1.37 -51.27 7.56 15.79 50.97 0.58 -9.85 -14.31 0.43 -4.19 -11.61 0 0 0 -0.33 2.13 -52.34 -11.45 -18.15 64.23 -2.98 -0.8 -33 -0.97 6.27 -17.57 -1.86 2.29 17.78 0.11 2.8 2.56 0.5 1.46 -7.29 7.65 5.12 -16.08 -8.53 6.3 7.97 -3.33 2.74 5.54 -0 0 0 -75.68 -6.85 39.69 34.39 -44.37 -14.38 -0 0 -26.46 19.29 -31.67 -10.41 -7.12 0 -0 -6.98 -2.96 7.39 -0 0 0 73.18 18.47 16.77 -42.02 49.22 -19.96 0 -0 -19.92 -11.99 26.91 -5.49 7.12 -0 -0 10.79 -2.97 10.4
9.91 14.79 0.65 822.07 84.54 840.81 0 0 0 -7.68 1.35 -51.31 7.57 15.79 51 0.59 -9.93 -14.41 0.42 -4.14 -11.48 0 0 0 -0.45 2 -52.55 -11.5 -18.17 64.39 -2.95 -0.84 -32.88 -1.01 6.38 -17.9 -1.93 2.26 17.8 0.12 2.74 2.49 0.57 1.44 -7.39 7.46 5.22 -16.45 -8.4 6.46 8.34 -3.23 2.8 5.72 0 -0 0 -75.87 -6.51 39.49 34.53 -44.48 -14.49 -0 0 -26.14 19.04 -32.06 -10.38 -7.12 0 -0 -7.17 -3.31 7.63 0 -0 0 73.12 18.53 16.89 -41.53 48.95 -19.59 0 -0 -19.94 -11.88 26.76 -5.41 7.12 -0 -0 10.85 -3.13 10.43
9.92 14.78 0.65 819.82 84.36 838.59 0 0 0 -7.89 1.3 -51.17 7.55 15.78 50.94 0.6 -9.82 -14.43 0.38 -3.98 -11.01 0 0 0 -0.7 1.95 -52.63 -11.52 -18.18 64.46 -2.97 -0.59 -32.9 -0.97 6.26 -17.54 -2.19 2.35 17.89 0.15 2.81 2.47 0.72 1.48 -7.47 8.29 5.14 -15.87 -9.36 6.3 7.65 -3.7 2.71 5.46 -0 0 0 -76.05 -6.36 39.71 34.83 -44.69 -14.7 -0 0 -26.23 19.06 -31.33 -10.18 -7.12 0 -0 -7.07 -2.58 7.44 -0 0 0 72.83 18.67 16.76 -40.76 48.51 -19.01 0 -0 -19.85 -12.01 27.21 -5.56 7.12 -0 -0 10.8 -2.67 10.47
9.93 14.78 0.65 818.6 84.6 837.41 0 0 0 -7.68 1.41 -51.21 7.59 15.81 51.08 0.62 -9.72 -14.63 0.41 -4.13 -11.43 0 0 0 -0.49 2 -52.69 -11.51 -18.18 64.43 -2.96 -0.52 -32.77 -0.94 6.18 -17.3 -2.1 2.34 17.67 0.27 2.83 2.56 0.81 1.48 -7.26 7.82 4.94 -15.95 -8.94 6.06 7.57 -3.51 2.6 5.39 0 0 0 -76.28 -6.6 39.49 34.54 -44.48 -14.49 -0 0 -26.11 19 -31.55 -10.21 -7.12 0 -0 -7.13 -2.79 7.52 0 0 0 72.69 18.84 16.98 -40.3 48.24 -18.66 0 -0 -19.88 -12.33 26.93 -5.65 7.12 -0 -0 10.59 -2.91 10.22
9.94 14.79 0.62 816.78 84.46 835.73 0 0 0 -7.91 1.2 -51.16 7.58 15.8 51.04 0.64 -9.45 -14.77 0.37 -3.93 -10.88 0 0 0 -0.72 1.79 -52.85 -11.47 -18.16 64.29 -2.94 -0.21 -32.62 -0.97 6.26 -17.53 -2.07 2.29 17.66 0.14 2.76 2.46 0.67 1.44 -7.35 7.34 4.76 -16.27 -8.31 5.84 7.95 -3.25 2.51 5.51 -0 0 0 -76.04 -6.54 39.72 34.55 -44.49 -14.5 -0 0 -26.3 18.99 -32.16 -10.38 -7.12 0 -0 -7.21 -3.4 7.69 -0 0 0 73.01 18.72 16.9 -39.87 47.99 -18.34 0 -0 -19.61 -12.41 27.04 -5.71 7.12 -0 -0 10.55 -2.79 10.2
9.95 14.8 0.6 814.12 84.45 833.04 0 0 0 -8.1 1.38 -51.1 7.59 15.81 51.09 0.67 -9.39 -15.02 0.42 -4.16 -11.53 0 0 0 -0.83 1.75 -52.84 -11.43 -18.14 64.17 -2.91 -0.2 -32.45 -0.96 6.23 -17.45 -2.15 2.28 17.8 0.1 2.72 2.4 0.67 1.43 -7.48 6.56 4.64 -16.34 -7.25 5.71 8 -2.8 2.49 5.47 0 -0 0 -75.88 -6.48 39.86 34.84 -44.7 -14.7 -0 0 -26.26 19.17 -31.96 -10.43 -7.12 0 -0 -7.08 -3.24 7.53 0 -0 0 73.14 18.83 16.85 -38.98 47.46 -17.69 0 -0 -19.4 -12.15 27.08 -5.6 7.12 -0 -0 10.7 -2.78 10.36
9.95 14.79 0.58 813.17 84.59 832.16 0 0 0 -7.98 1.42 -51.22 7.64 15.85 51.27 0.67 -9.4 -15.08 0.41 -4.1 -11.37 0 0 0 -0.78 1.9 -52.86 -11.42 -18.13 64.12 -2.91 -0.22 -32.42 -0.93 6.14 -17.18 -2.32 2.23 17.97 0.17 2.62 2.22 0.86 1.39 -7.78 6.48 4.68 -15.71 -6.54 5.7 7.58 -2.58 2.55 5.21 0 0 0 -75.88 -6.16 39.73 35.15 -44.92 -14.92 -0 0 -25.94 19.14 -31.21 -10.2 -7.12 0 -0 -7.01 -2.48 7.36 0 0 0 73.43 18.73 16.92 -38.02 46.85 -16.98 0 -0 -19.28 -12.32 27.16 -5.7 7.12 -0 -0 10.61 -2.68 10.28
9.96 14.79 0.54 811.34 84.73 830.35 0 0 0 -7.98 1.47 -51.27 7.71 15.9 51.52 0.7 -9.37 -15.36 0.39 -4.02 -11.14 0 0 0 -0.78 1.88 -52.81 -11.34 -18.1 63.89 -2.88 0.04 -32.2 -0.87 5.94 -16.62 -2.24 2.23 17.91 0.18 2.63 2.3 0.82 1.39 -7.66 7.26 4.91 -15.56 -6.75 5.87 7.18 -2.75 2.65 5.1 0 -0 0 -75.81 -6.59 39.76 34.96 -44.79 -14.79 -0 0 -25.78 19.12 -31.44 -10.25 -7.12 0 -0 -7.05 -2.7 7.43 0 -0 0 73.55 18.72 16.76 -37.47 46.5 -16.58 0 -0 -19.4 -12.39 27.01 -5.7 7.12 -0 -0 10.56 -2.82 10.2
9.97 14.81 0.49 808.44 84.68 827.6 0 0 0 -8.27 1.37 -51.36 7.76 15.94 51.71 0.74 -9.21 -15.7 0.41 -4.11 -11.39 0 0 0 -1.03 1.7 -52.85 -11.24 -18.05 63.56 -2.82 0.11 -31.82 -0.93 6.15 -17.21 -2.23 2.21 17.82 0.12 2.6 2.22 0.76 1.37 -7.7 7.02 4.85 -15.53 -6.21 5.77 6.94 -2.56 2.63 4.98 0 0 0 -75.78 -6.63 39.81 35.02 -44.83 -14.83 -0 0 -26.08 18.69 -31.74 -10.09 -7.12 0 -0 -7.33 -2.92 7.75 0 0 0 73.72 18.42 16.38 -37.05 46.22 -16.28 0 -0 -19.28 -12.33 27.09 -5.68 7.12 -0 -0 10.6 -2.75 10.26
9.98 14.81 0.43 805.38 84.74 824.52 0 0 0 -8.42 1.42 -51.32 7.83 15.99 51.96 0.78 -9.12 -16.03 0.38 -3.97 -10.98 0 0 0 -1.17 1.77 -52.71 -11.15 -18.01 63.26 -2.79 0.21 -31.62 -0.91 6.07 -16.98 -2.48 2.18 17.87 0.18 2.52 2.2 0.98 1.34 -7.76 7.21 4.93 -15.3 -5.87 5.8 6.58 -2.48 2.68 4.83 -0 -0 0 -75.76 -6.63 39.65 35.19 -44.95 -14.95 -0 0 -25.94 19.12 -31.7 -10.33 -7.12 0 -0 -7.08 -2.97 7.49 -0 -0 0 74 18.37 16.49 -36.68 45.97 -16.01 0 -0 -19.34 -12.26 26.41 -5.52 7.12 -0 -0 10.6 -3.43 10.13
9.99 14.81 0.38 802.22 85.08 821.33 0 0 0 -8.21 1.72 -51.48 7.93 16.07 52.32 0.8 -9.1 -16.26 0.46 -4.37 -12.12 0 0 0 -1 2.08 -52.57 -11.07 -17.97 63.01 -2.77 0.36 -31.44 -0.83 5.82 -16.28 -2.49 2.22 17.9 0.32 2.58 2.15 1.13 1.37 -7.83 8.47 4.99 -14.28 -6.93 5.79 5.57 -3.04 2.66 4.42 -0 -0 0 -75.67 -6.69 39.75 35.35 -45.06 -15.06 -0 0 -25.9 19.22 -31.56 -10.34 -7.12 0 -0 -7 -2.85 7.4 -0 -0 0 74.05 18.31 16.21 -35.86 45.42 -15.43 0 -0 -19.28 -12.51 26.92 -5.74 7.12 -0 -0 10.48 -2.89 10.12
10.02 14.83 0.31 798.08 85.08 816.87 0 0 0 -8.58 2 -51 7.97 16.1 52.47 0.85 -9.04 -16.69 0.47 -4.39 -12.18 0 0 0 -1.19 2.01 -51.89 -10.89 -17.88 62.43 -2.7 0.37 -31.03 -0.88 5.98 -16.71 -2.42 2.15 18.1 0.3 2.51 2.29 1.08 1.34 -7.78 7.81 4.82 -14.39 -6.27 5.61 5.4 -2.75 2.59 4.34 -0 -0 0 -75.5 -6.81 39.76 35.34 -45.05 -15.05 -0 0 -25.96 19.19 -31.88 -10.42 -7.12 0 -0 -7.07 -3.16 7.5 -0 -0 0 74.15 17.91 16.41 -35.94 45.47 -15.48 0 -0 -19.52 -12.54 26.79 -5.73 7.12 -0 -0 10.46 -3.02 10.06
10.01 14.82 0.24 796.41 85.44 815.52 0 0 0 -8.25 1.71 -51.67 8.14 16.22 53.07 0.89 -8.77 -17 0.51 -4.56 -12.66 0 0 0 -1.12 2.24 -52.23 -10.84 -17.86 62.26 -2.65 0.21 -30.8 -0.89 6.01 -16.81 -2.19 2.05 17.75 0.41 2.44 2.33 1.1 1.29 -7.54 7.87 4.56 -14.64 -6.46 5.25 5.35 -2.84 2.4 4.34 -0 0 0 -75.39 -7.39 39.68 35.34 -45.05 -15.05 -0 0 -26.28 19.05 -31.63 -10.27 -7.12 0 -0 -7.11 -2.89 7.52 -0 0 0 74.31 18.16 16.26 -35.36 45.07 -15.07 0 -0 -19.64 -12.73 26.9 -5.84 7.12 -0 -0 10.35 -2.88 9.98
10.03 14.84 0.15 786.84 85.24 805.68 0 0 0 -8.82 2.45 -51.32 8.19 16.26 53.26 0.94 -8.79 -17.42 0.53 -4.68 -13.01 0 0 0 -1.49 2.49 -51.79 -10.66 -17.76 61.67 -2.56 0.24 -30.24 -0.99 6.32 -17.73 -2.39 2.17 18.01 0.34 2.54 2.32 1.1 1.35 -7.7 7.49 4.43 -14.67 -6.07 5.11 5.46 -2.67 2.35 4.35 0 0 0 -75.19 -7.39 39.88 35.41 -45.1 -15.1 -0 0 -26.34 19.33 -31.87 -10.49 -7.12 0 -0 -6.98 -3.18 7.41 0 0 0 74.58 17.75 16.29 -35.27 45.01 -15.01 0 -0 -19.62 -12.74 26.83 -5.83 7.12 -0 -0 10.34 -2.95 9.96
10.05 14.84 0.06 782.71 85.2 801.43 0 0 0 -8.97 2.41 -51.22 8.31 16.34 53.68 0.98 -8.65 -17.8 0.45 -4.28 -11.87 0 0 0 -1.78 2.6 -51.52 -10.59 -17.73 61.43 -2.53 0.6 -29.99 -0.92 6.1 -17.08 -2.46 2.09 17.99 0.31 2.43 2.41 1.14 1.3 -7.59 7.49 4.18 -15.07 -6.05 4.75 5.61 -2.69 2.17 4.44 -0 -0 0 -74.92 -7.7 39.71 35.16 -44.93 -14.93 -0 0 -26.34 19.3 -32.03 -10.52 -7.12 0 -0 -7.02 -3.34 7.47 -0 -0 0 74.94 17.62 16.33 -35.24 44.99 -14.99 0 -0 -19.59 -12.4 27.18 -5.73 7.12 -0 -0 10.56 -2.65 10.24
10.04 14.84 -0.02 770.33 85.04 789.47 0 0 0 -9.02 3.12 -51.95 8.49 16.46 54.29 1.02 -8.72 -18.16 0.38 -3.96 -10.96 0 0 0 -1.89 3.36 -51.95 -10.46 -17.66 61.02 -2.46 0.57 -29.53 -0.95 6.19 -17.34 -2.49 2.26 17.78 0.24 2.63 2.19 1.03 1.39 -7.73 7.13 3.93 -14.91 -5.61 4.45 5.56 -2.52 2.04 4.35 -0 0 0 -74.49 -7.75 39.65 35.38 -45.08 -15.08 -0 0 -26.37 18.93 -32.02 -10.3 -7.12 0 -0 -7.23 -3.25 7.69 -0 0 0 75.25 17.23 16.68 -35.21 44.96 -14.96 0 -0 -19.89 -12.71 26.96 -5.84 7.12 -0 -0 10.37 -2.82 10.01
10.05 14.83 -0.11 764.68 85.16 783.82 0 0 0 -8.85 3.24 -52.23 8.67 16.59 54.95 1.06 -8.8 -18.51 0.33 -3.68 -10.19 0 0 0 -1.82 3.62 -51.81 -10.36 -17.6 60.67 -2.41 0.43 -29.31 -1.03 6.45 -18.1 -2.42 2.15 17.61 0.38 2.51 2.29 1.17 1.33 -7.53 6.85 3.55 -15.08 -5.45 3.97 5.59 -2.47 1.8 4.35 -0 0 0 -74.33 -8.01 39.42 35.54 -45.19 -15.2 -0 0 -26.26 19.3 -31.65 -10.41 -7.12 0 -0 -6.97 -2.95 7.38 -0 0 0 75.59 17.35 16.62 -35.21 44.96 -14.96 0 -0 -19.76 -12.71 26.44 -5.74 7.12 -0 -0 10.33 -3.35 9.88
10.05 14.84 -0.2 761.48 84.67 780.68 0 0 0 -9.4 3.3 -52.37 8.8 16.68 55.41 1.12 -8.73 -19 0.28 -3.42 -9.46 0 0 0 -2.39 3.7 -51.83 -10.25 -17.55 60.31 -2.36 0.35 -29.01 -1.16 6.82 -19.2 -2.83 2.11 17.53 0.24 2.38 2.32 1.29 1.28 -7.45 6.45 3.34 -15.3 -4.97 3.71 5.61 -2.28 1.69 4.36 0 0 0 -73.87 -8.41 39.24 35.5 -45.17 -15.17 -0 0 -26.62 18.97 -31.81 -10.27 -7.12 0 -0 -7.18 -3.05 7.61 0 0 0 76 17.29 16.84 -34.95 44.78 -14.78 0 -0 -20.08 -12.96 26.83 -5.93 7.12 -0 -0 10.21 -2.93 9.83
10.06 14.84 -0.29 756.73 84.77 775.93 0 0 0 -9.24 3.25 -52.59 8.97 16.79 55.97 1.17 -8.37 -19.41 0.31 -3.59 -9.93 0 0 0 -2.29 3.9 -51.57 -10.09 -17.46 59.78 -2.32 0.14 -28.84 -1.26 7.11 -20.05 -2.72 2.07 17.68 0.41 2.35 2.16 1.42 1.27 -7.71 6.1 2.8 -15.26 -4.79 3.03 5.74 -2.22 1.36 4.35 0 0 0 -73.69 -8.52 39.38 35.43 -45.12 -15.12 -0 0 -26.58 18.68 -31.45 -10 -7.12 0 -0 -7.3 -2.63 7.69 0 0 0 76.05 16.98 16.88 -34.47 44.43 -14.44 0 -0 -20.2 -12.73 26.94 -5.84 7.12 -0 -0 10.35 -2.85 9.99
10.06 14.83 -0.38 753.22 84.46 772.38 0 0 0 -9.52 3.45 -52.82 9.13 16.89 56.55 1.22 -8.44 -19.78 0.26 -3.29 -9.07 0 0 0 -2.59 4.04 -51.4 -9.95 -17.38 59.34 -2.27 0.14 -28.49 -1.3 7.21 -20.35 -2.91 2.04 17.78 0.37 2.26 2.12 1.5 1.23 -7.81 5.7 2.71 -15.22 -4.42 2.96 5.77 -2.05 1.34 4.33 -0 0 0 -73.22 -8.72 39.46 35.67 -45.28 -15.29 -0 0 -26.63 18.15 -30.88 -9.55 -7.12 0 -0 -7.53 -1.96 7.85 -0 0 0 76.62 16.66 16.79 -34.59 44.52 -14.53 0 -0 -20.03 -12.64 27.27 -5.87 7.12 -0 -0 10.43 -2.53 10.13
10.07 14.85 -0.47 748.69 84.13 767.84 0 0 0 -9.7 3.54 -52.82 9.22 16.95 56.84 1.26 -8.18 -20.11 0.22 -3.04 -8.39 0 0 0 -2.78 4.37 -51.11 -9.75 -17.27 58.66 -2.21 0.13 -28.09 -1.36 7.39 -20.87 -3 2.04 17.74 0.34 2.24 2.12 1.52 1.22 -7.78 5.61 2.47 -15.25 -4.49 2.67 5.81 -2.08 1.19 4.33 -0 -0 0 -72.69 -9.15 39.55 35.48 -45.15 -15.15 -0 0 -26.5 18.76 -31.09 -9.95 -7.12 0 -0 -7.21 -2.29 7.55 -0 -0 0 76.98 16.58 16.92 -34.23 44.25 -14.27 0 -0 -20.19 -12.58 27.47 -5.88 7.12 -0 -0 10.47 -2.34 10.21
10.07 14.84 -0.55 745.47 83.97 764.63 0 0 0 -9.78 3.66 -53.1 9.36 17.03 57.33 1.31 -8.04 -20.46 0.23 -3.08 -8.5 0 0 0 -2.86 4.49 -50.99 -9.62 -17.19 58.2 -2.17 0.12 -27.84 -1.37 7.4 -20.91 -3.11 1.98 17.84 0.42 2.14 1.98 1.69 1.18 -8 5.11 2.33 -14.91 -4.18 2.56 5.9 -1.91 1.14 4.29 0 0 0 -72.32 -9.05 39.5 35.74 -45.33 -15.34 -0 0 -26.52 18.79 -31.27 -10.02 -7.12 0 -0 -7.22 -2.47 7.58 0 0 0 77.34 15.71 17.19 -34.78 44.65 -14.66 0 -0 -20.22 -12.47 27.06 -5.75 7.12 -0 -0 10.51 -2.76 10.17
10.07 14.84 -0.64 741.99 83.7 761.15 0 0 0 -9.83 3.61 -53.18 9.49 17.11 57.77 1.35 -8 -20.8 0.16 -2.6 -7.15 0 0 0 -2.98 4.68 -50.85 -9.48 -17.1 57.72 -2.11 0.1 -27.47 -1.42 7.53 -21.29 -3.03 1.92 17.91 0.37 2.07 2.02 1.6 1.14 -7.99 5.24 2.16 -15.39 -4.41 2.31 6.15 -2.02 1 4.44 0 0 0 -71.78 -9.64 39.35 35.51 -45.17 -15.17 -0 0 -26.62 19 -31.75 -10.27 -7.12 0 -0 -7.15 -2.99 7.57 0 0 0 77.76 15.5 17.31 -34.81 44.67 -14.68 0 -0 -20.33 -12.45 26.86 -5.7 7.12 -0 -0 10.52 -2.96 10.13
10.08 14.85 -0.72 737.96 83.33 757.04 0 0 0 -9.89 3.95 -53.21 9.61 17.19 58.19 1.39 -7.94 -21.11 0.11 -2.16 -5.96 0 0 0 -3 4.93 -50.57 -9.32 -17.01 57.19 -2.07 0.28 -27.13 -1.37 7.42 -20.96 -3.05 1.96 17.92 0.34 2.12 2.02 1.58 1.17 -7.99 4.96 2.06 -15.64 -4.11 2.19 6.52 -1.89 0.95 4.58 0 0 0 -71.33 -9.92 39.12 35.79 -45.37 -15.37 -0 0 -26.63 18.69 -31.18 -9.94 -7.12 0 -0 -7.26 -2.36 7.61 0 0 0 78.19 15.17 17.33 -34.89 44.73 -14.74 0 -0 -20.38 -12.59 26.26 -5.64 7.12 -0 -0 10.4 -3.54 9.9
10.07 14.86 -0.8 736.72 82.88 756.01 0 0 0 -10.31 4.05 -53.5 9.63 17.2 58.25 1.42 -7.7 -21.3 0.15 -2.46 -6.77 0 0 0 -3.33 5.15 -50.71 -9.15 -16.9 56.59 -1.97 -0.02 -26.6 -1.48 7.68 -21.76 -3.4 2.01 17.68 0.35 2.12 2.07 1.79 1.17 -7.82 4.46 1.95 -15.96 -4 2.13 6.61 -1.78 0.91 4.65 -0 -0 0 -71.04 -10.4 38.9 35.68 -45.29 -15.29 -0 0 -26.52 18.86 -31.71 -10.18 -7.12 0 -0 -7.23 -2.93 7.65 -0 -0 0 78.36 15.13 17.21 -34.72 44.61 -14.61 0 -0 -20.21 -12.36 26.66 -5.61 7.12 -0 -0 10.56 -3.18 10.13
10.07 14.86 -0.86 735.33 82.8 754.61 0 0 0 -10.33 3.88 -53.52 9.73 17.25 58.57 1.46 -7.51 -21.58 0.11 -2.15 -5.91 0 0 0 -3.38 5.04 -50.55 -9.04 -16.83 56.23 -1.95 0.06 -26.4 -1.46 7.64 -21.63 -3.43 1.86 17.72 0.33 1.91 1.98 1.84 1.08 -7.93 4.62 1.98 -15.85 -4.26 2.17 6.73 -1.89 0.92 4.68 -0 0 0 -70.57 -10.64 38.7 35.62 -45.25 -15.25 -0 0 -26.46 19.02 -31.14 -10.11 -7.12 0 -0 -7.07 -2.38 7.41 -0 0 0 78.73 14.45 17.57 -35.13 44.91 -14.91 0 -0 -20.38 -12.5 26.58 -5.66 7.12 -0 -0 10.47 -3.24 10.03
10.07 14.87 -0.93 733.75 82.45 752.91 0 0 0 -10.49 4 -53.41 9.76 17.27 58.68 1.49 -7.42 -21.86 0.1 -2.08 -5.72 0 0 0 -3.55 5.32 -50.38 -8.94 -16.77 55.89 -1.91 0.08 -26.12 -1.43 7.56 -21.37 -3.63 1.86 17.82 0.3 1.88 2.08 1.93 1.07 -7.88 4.62 1.91 -15.74 -4.43 2.09 6.53 -1.95 0.87 4.6 0 -0 0 -70.05 -11.36 38.55 35.35 -45.06 -15.06 -0 0 -26.81 18.68 -31.34 -9.97 -7.12 0 -0 -7.28 -2.52 7.66 0 -0 0 78.91 14.21 17.87 -35.27 45 -15 0 -0 -20.51 -12.23 26.75 -5.57 7.12 -0 -0 10.64 -3.1 10.23
10.07 14.86 -0.99 731.12 82.08 750.32 0 0 0 -10.5 4.31 -53.67 9.89 17.35 59.14 1.53 -7.31 -22.15 0.1 -2.07 -5.69 0 0 0 -3.61 5.6 -50.45 -8.87 -16.72 55.65 -1.87 0.05 -25.89 -1.51 7.76 -21.99 -3.62 1.87 17.82 0.25 1.88 2 1.86 1.07 -7.96 4.4 1.85 -15.62 -4.23 2.05 6.77 -1.85 0.86 4.65 -0 0 0 -69.49 -11.54 38.7 35.22 -44.97 -14.97 -0 0 -26.8 18.9 -31.39 -10.11 -7.12 0 -0 -7.17 -2.61 7.54 -0 0 0 79.15 13.59 18.28 -35.66 45.28 -15.28 0 -0 -20.85 -12.32 27.02 -5.66 7.12 -0 -0 10.6 -2.83 10.25
10.06 14.85 -1.03 730 81.75 749.16 0 0 0 -10.57 4.36 -53.72 9.99 17.4 59.44 1.56 -7.02 -22.39 0.12 -2.27 -6.24 0 0 0 -3.73 5.75 -50.42 -8.8 -16.68 55.39 -1.84 0.18 -25.64 -1.5 7.73 -21.9 -3.76 1.94 18 0.16 1.93 1.89 1.82 1.1 -8.18 4.8 1.91 -15.74 -4.89 2.13 7.26 -2.12 0.86 4.84 0 -0 0 -69.06 -11.94 38.88 34.95 -44.77 -14.78 -0 0 -26.52 19.22 -31.51 -10.33 -7.12 0 -0 -7 -2.8 7.39 0 -0 0 79.39 13.14 18.25 -35.72 45.32 -15.32 0 -0 -20.86 -12.06 26.73 -5.49 7.12 -0 -0 10.74 -3.14 10.32
10.05 14.86 -1.07 727.88 81.64 747.14 0 0 0 -10.38 4.47 -53.91 10.01 17.42 59.53 1.52 -7.75 -22.04 0.01 -0.62 -1.71 0 0 0 -3.56 5.9 -50.36 -8.68 -16.59 54.96 -1.8 0.04 -25.41 -1.53 7.81 -22.12 -3.74 1.83 17.76 0.2 1.8 1.98 1.9 1.03 -7.94 5.02 2.06 -16.01 -5.57 2.35 7.39 -2.35 0.93 4.94 0 0 0 -68.66 -12.62 38.6 34.68 -44.59 -14.59 -0 0 -26.49 19.25 -31.51 -10.34 -7.12 0 -0 -6.98 -2.8 7.37 0 0 0 79.57 12.86 18.75 -36.24 45.68 -15.7 0 -0 -21.08 -12.24 26.8 -5.59 7.12 -0 -0 10.64 -3.05 10.24
10.04 14.86 -1.1 727.17 81.49 746.29 0 0 0 -10.42 4.58 -53.85 10.06 17.44 59.68 1.58 -7.27 -22.49 0.07 -1.66 -4.56 0 0 0 -3.57 6.04 -50.21 -8.63 -16.56 54.8 -1.78 -0.05 -25.28 -1.54 7.84 -22.24 -3.95 1.88 17.96 0.11 1.8 1.97 1.91 1.04 -8.07 5.3 2.31 -16.32 -5.99 2.69 8.07 -2.5 1.06 5.23 0 -0 0 -67.95 -12.95 39.11 34.59 -44.52 -14.53 -0 0 -26.62 18.6 -31.1 -9.86 -7.12 0 -0 -7.3 -2.26 7.64 0 -0 0 79.86 12.34 18.99 -36.61 45.93 -15.96 0 -0 -21.31 -12.26 26.63 -5.56 7.12 -0 -0 10.62 -3.22 10.18
10.05 14.86 -1.12 725.98 81.48 745.01 0 0 0 -10.31 4.56 -53.71 10.07 17.45 59.73 1.61 -7.22 -22.76 0.07 -1.71 -4.71 0 0 0 -3.41 5.99 -49.93 -8.55 -16.51 54.52 -1.77 0.1 -25.19 -1.57 7.89 -22.39 -3.97 1.76 17.88 0.08 1.65 2 1.93 0.97 -7.99 5.32 2.53 -15.99 -6.14 3 7.92 -2.52 1.21 5.16 -0 -0 0 -67.43 -13.42 39.21 34.05 -44.12 -14.15 -0 0 -26.54 18.72 -31.34 -9.99 -7.12 0 -0 -7.26 -2.52 7.64 -0 -0 0 80.02 11.92 19.47 -37.17 46.3 -16.37 0 -0 -21.51 -12.3 26.28 -5.51 7.12 -0 -0 10.57 -3.56 10.07
10.04 14.87 -1.13 724.76 81.29 743.76 0 0 0 -10.23 4.73 -53.69 10.07 17.45 59.73 1.61 -7.41 -22.71 0.04 -1.3 -3.57 0 0 0 -3.27 6.14 -49.79 -8.45 -16.44 54.17 -1.74 -0 -24.99 -1.6 7.99 -22.67 -4 1.77 17.93 -0.11 1.64 2.03 1.75 0.96 -7.97 5.96 2.61 -15.84 -6.88 3.07 7.6 -2.85 1.22 5.06 0 0 0 -66.57 -14.13 39.59 33.68 -43.84 -13.89 -0 0 -26.61 18.85 -31.6 -10.14 -7.12 0 -0 -7.22 -2.81 7.63 0 0 0 80.47 11.55 19.58 -37.57 46.56 -16.65 0 -0 -21.52 -12.31 26.53 -5.57 7.12 -0 -0 10.58 -3.3 10.13
10.04 14.88 -1.15 722.79 81.2 741.97 0 0 0 -9.94 4.74 -53.82 10.06 17.44 59.68 1.59 -7.65 -22.54 0.01 -0.51 -1.4 0 0 0 -3.02 6.33 -49.8 -8.34 -16.36 53.76 -1.71 -0.2 -24.83 -1.66 8.12 -23.08 -4.08 1.67 17.72 -0.15 1.5 2.12 1.79 0.89 -7.75 5.79 3 -17.04 -6.8 3.61 8.54 -2.74 1.45 5.58 0 -0 0 -65.8 -14.98 39.65 33.04 -43.36 -13.45 -0 0 -26.51 19.18 -32.15 -10.49 -7.12 0 -0 -7.1 -3.43 7.57 0 -0 0 80.61 11.53 20.03 -37.95 46.81 -16.93 0 -0 -21.76 -12.04 26.67 -5.47 7.12 -0 -0 10.75 -3.2 10.32
10.02 14.89 -1.17 722.95 81.24 742.26 0 0 0 -10.14 4.58 -53.97 10.05 17.44 59.66 1.63 -7.04 -22.89 0.05 -1.49 -4.09 0 0 0 -3.08 6 -49.82 -8.25 -16.3 53.44 -1.7 0.19 -24.61 -1.59 7.95 -22.56 -4.19 1.54 17.7 -0.28 1.31 2.07 1.75 0.8 -7.78 5.66 3.08 -16.63 -6.85 3.74 8.23 -2.73 1.52 5.42 -0 -0 0 -65.13 -15.32 39.89 32.94 -43.28 -13.38 -0 0 -26.34 18.51 -31.34 -9.88 -7.12 0 -0 -7.38 -2.49 7.76 -0 -0 0 80.81 11.22 20.2 -38.44 47.12 -17.28 0 -0 -21.59 -11.92 26.68 -5.42 7.12 -0 -0 10.82 -3.21 10.39
10.03 14.91 -1.19 722.02 81.07 741.39 0 0 0 -10.12 4.85 -53.99 9.99 17.4 59.44 1.61 -7.22 -22.7 0.03 -1.11 -3.06 0 0 0 -2.95 6.26 -49.7 -8.13 -16.21 53.02 -1.67 0.06 -24.45 -1.56 7.87 -22.33 -4.46 1.6 17.49 -0.41 1.34 2.1 1.77 0.82 -7.64 6.07 3.05 -16.3 -7.38 3.69 7.86 -2.97 1.48 5.27 0 0 0 -64.54 -16.14 40.11 32.25 -42.75 -12.91 -0 0 -26.34 18.59 -32.29 -10.18 -7.12 0 -0 -7.46 -3.46 7.96 0 0 0 80.73 10.91 20.73 -38.82 47.35 -17.56 0 -0 -21.99 -12.15 26.61 -5.51 7.12 -0 -0 10.68 -3.25 10.24
10.02 14.94 -1.21 718.12 81.4 737.48 0 0 0 -9.5 4.67 -53.89 9.96 17.39 59.34 1.59 -7.25 -22.58 0.01 -0.66 -1.82 0 0 0 -2.16 5.95 -49.33 -7.94 -16.08 52.36 -1.62 -0.1 -24.12 -1.59 7.96 -22.59 -4.01 1.42 17.56 -0.41 1.18 2.12 1.55 0.73 -7.63 6.25 3.13 -16.41 -7.61 3.79 8.1 -3.06 1.52 5.38 0 0 0 -63.68 -16.4 40.12 32.29 -42.78 -12.94 -0 0 -26.27 18.73 -31.79 -10.13 -7.12 0 -0 -7.31 -2.98 7.74 0 0 0 80.73 10.54 21.45 -39.39 47.71 -17.99 0 -0 -22.34 -12.42 26.68 -5.65 7.12 -0 -0 10.52 -3.15 10.1
10.03 14.95 -1.22 718.07 81.42 737.64 0 0 0 -9.57 4.61 -54.02 9.91 17.36 59.18 1.58 -7.24 -22.5 0.01 -0.52 -1.43 0 0 0 -2.22 6.05 -49.3 -7.83 -15.99 51.95 -1.59 -0.3 -23.97 -1.64 8.07 -22.92 -4.65 1.48 17.28 -0.42 1.14 2.04 1.92 0.73 -7.58 6.12 3.13 -16.92 -7.64 3.82 8.56 -3.05 1.51 5.61 0 -0 0 -63.38 -16.88 40.02 31.92 -42.48 -12.68 -0 0 -26.09 18.63 -32.15 -10.17 -7.12 0 -0 -7.41 -3.33 7.9 0 -0 0 80.42 10.05 22.01 -40.06 48.11 -18.48 0 -0 -22.67 -12.47 26.6 -5.66 7.12 -0 -0 10.49 -3.21 10.06
10.02 14.97 -1.27 710.31 81.93 729.49 0 0 0 -8.37 4.58 -53.8 9.99 17.41 59.47 1.59 -7.75 -22.58 0 0.16 0.44 0 0 0 -0.86 5.69 -48.26 -7.59 -15.81 51.07 -1.51 -0.6 -23.48 -1.66 8.12 -23.09 -3.47 1.33 17.84 -0.36 1.16 2.15 1.29 0.71 -7.75 6.06 3.08 -16.48 -7.53 3.76 8.23 -3.01 1.5 5.42 0 -0 0 -62.6 -17.59 40.19 31.66 -42.27 -12.51 -0 0 -26.3 19 -32.15 -10.38 -7.12 0 -0 -7.21 -3.4 7.68 0 -0 0 80.41 9.89 22.1 -40.17 48.17 -18.57 0 -0 -22.73 -12.52 26.23 -5.6 7.12 -0 -0 10.44 -3.58 9.93
10.02 14.97 -1.3 710.43 81.96 729.72 0 0 0 -8.44 4.2 -53.91 10.02 17.42 59.57 1.59 -7.61 -22.55 0 0.4 1.1 0 0 0 -1.12 5.91 -48.16 -7.5 -15.74 50.75 -1.49 -0.84 -23.43 -1.65 8.09 -22.98 -4.23 1.4 17.64 -0.46 1.11 2.13 1.64 0.7 -7.66 6.29 3.05 -16.83 -7.84 3.7 8.32 -3.15 1.45 5.51 0 0 0 -61.99 -18.07 40.16 31.42 -42.08 -12.35 -0 0 -26.45 18.79 -31.83 -10.18 -7.12 0 -0 -7.28 -3.04 7.72 0 0 0 80.34 9.65 22.29 -40.66 48.46 -18.93 0 -0 -22.75 -12.34 26.44 -5.56 7.12 -0 -0 10.56 -3.4 10.09
10.03 14.98 -1.38 709.22 82.13 728.32 0 0 0 -8.53 3.93 -53.64 10.05 17.44 59.67 1.62 -7.69 -22.8 0.01 0.47 1.3 0 0 0 -1.15 5.72 -47.59 -7.34 -15.61 50.14 -1.44 -1.22 -23.13 -1.71 8.24 -23.44 -4.4 1.42 17.68 -0.6 1.08 2.17 1.59 0.69 -7.64 6.08 3.15 -16.49 -7.39 3.83 8.16 -2.96 1.54 5.4 0 -0 0 -61.49 -18.3 40.26 31.59 -42.22 -12.46 -0 0 -26.47 18.72 -31.75 -10.11 -7.12 0 -0 -7.31 -2.94 7.74 0 -0 0 80.08 9.26 22.53 -41.19 48.76 -19.33 0 -0 -23.11 -12.75 26.14 -5.7 7.12 -0 -0 10.29 -3.63 9.78
10.04 14.98 -1.48 704.33 82.14 723.39 0 0 0 -8.12 3.82 -53.83 10.19 17.51 60.11 1.63 -7.69 -22.88 0 0.34 0.93 0 0 0 -0.73 5.76 -46.94 -7.09 -15.41 49.21 -1.34 -1.63 -22.53 -1.69 8.19 -23.3 -4.25 1.45 17.58 -0.55 1.17 2.15 1.54 0.73 -7.61 6.26 3.1 -16.38 -7.59 3.74 8.16 -3.06 1.5 5.39 0 -0 0 -61.17 -18.41 40.52 31.63 -42.25 -12.49 -0 0 -26.54 19.05 -31.94 -10.35 -7.12 0 -0 -7.15 -3.2 7.6 0 -0 0 79.71 9.33 22.57 -40.91 48.6 -19.12 0 -0 -23.11 -12.83 26.47 -5.8 7.12 -0 -0 10.26 -3.3 9.82
10.05 15.01 -1.61 700.79 82.5 719.48 0 0 0 -8.09 3.25 -53.28 10.18 17.51 60.08 1.67 -8.04 -23.13 0.05 1.37 3.78 0 0 0 -0.61 5.54 -45.67 -6.78 -15.15 48.05 -1.28 -2.08 -22.18 -1.77 8.38 -23.87 -4.19 1.37 17.81 -0.57 1.06 2.3 1.5 0.68 -7.57 6.19 3.1 -16.54 -7.34 3.73 8.25 -2.97 1.5 5.43 -0 0 0 -60.83 -18.53 40.91 31.78 -42.37 -12.59 -0 0 -26.5 19.33 -32.15 -10.57 -7.12 0 -0 -7.02 -3.46 7.49 -0 0 0 79.45 9.42 22.49 -40.99 48.65 -19.18 0 -0 -23.09 -12.78 26.19 -5.72 7.12 -0 -0 10.28 -3.58 9.78
10.05 15.04 -1.75 698.18 82.5 716.78 0 0 0 -8.35 2.93 -53.21 10.2 17.52 60.15 1.73 -7.37 -23.61 0 0.3 0.82 0 0 0 -0.79 5.99 -44.71 -6.45 -14.85 46.77 -1.12 -3.37 -21.48 -1.8 8.44 -24.06 -4.39 1.48 17.81 -0.65 1.16 2.26 1.51 0.73 -7.62 6.43 2.97 -16.72 -7.38 3.51 8.54 -3.05 1.39 5.54 0 0 0 -60.63 -18.52 41.41 32.11 -42.63 -12.81 -0 0 -26.2 18.45 -31.38 -9.85 -7.12 0 -0 -7.42 -2.51 7.8 0 0 0 79.24 9.21 22.24 -40.98 48.64 -19.17 0 -0 -22.95 -12.8 26.63 -5.81 7.12 -0 -0 10.29 -3.15 9.88
10.06 15.07 -1.93 696.3 82.56 714.69 0 0 0 -8.87 2.49 -52.73 10.08 17.45 59.74 1.78 -6.85 -23.95 0 -0.18 -0.5 0 0 0 -1.2 6.39 -43.36 -6.06 -14.49 45.24 -0.99 -4.37 -20.83 -1.7 8.21 -23.36 -4.7 1.55 17.98 -0.66 1.19 2.26 1.67 0.76 -7.72 6.62 2.93 -16.38 -7.49 3.43 8.36 -3.12 1.36 5.43 0 -0 0 -60.57 -18.39 42.23 32.34 -42.81 -12.97 -0 0 -26.41 18.66 -31.25 -9.94 -7.12 0 -0 -7.29 -2.43 7.65 0 -0 0 78.97 9.09 21.99 -41.3 48.82 -19.41 0 -0 -22.89 -12.75 26.42 -5.75 7.12 -0 -0 10.31 -3.36 9.85
10.05 15.12 -2.11 692.67 82.34 711.14 0 0 0 -9.08 2.11 -52.63 9.96 17.39 59.36 1.82 -6.04 -24.26 0.02 -1.01 -2.78 0 0 0 -1.49 7.52 -42.58 -5.76 -14.19 44 -0.74 -6.24 -19.74 -1.54 7.83 -22.21 -4.74 1.72 18.13 -0.64 1.4 2.22 1.65 0.86 -7.86 6.25 2.85 -16.66 -7.02 3.34 8.53 -2.92 1.33 5.51 0 0 0 -60.43 -18.29 43.21 32.58 -43 -13.13 -0 0 -26.49 18.22 -31.07 -9.64 -7.12 0 -0 -7.51 -2.17 7.86 0 0 0 78.72 9.07 21.88 -41.52 48.94 -19.57 0 -0 -23.1 -12.91 26.23 -5.78 7.12 -0 -0 10.21 -3.53 9.72
10.03 15.18 -2.31 689.81 82.06 708.41 0 0 0 -9.44 1.74 -52.5 9.79 17.29 58.78 1.82 -5.88 -24.29 0 -0.09 -0.24 0 0 0 -1.97 8.89 -41.92 -5.49 -13.91 42.88 -0.49 -8.35 -18.78 -1.6 7.99 -22.67 -4.87 1.87 18.04 -0.52 1.59 2.3 1.81 0.95 -7.75 5.9 2.77 -16.57 -6.64 3.26 8.5 -2.75 1.31 5.47 -0 -0 0 -60.15 -18.34 44.88 32.55 -42.98 -13.11 -0 0 -26.26 18.89 -31.43 -10.12 -7.12 0 -0 -7.17 -2.65 7.56 -0 -0 0 78.43 9.38 21.75 -41.8 49.1 -19.79 0 -0 -22.92 -12.81 26.29 -5.75 7.12 -0 -0 10.26 -3.48 9.78
10.01 15.27 -2.52 689.74 81.47 708.68 0 0 0 -10.13 1.45 -52.3 9.47 17.1 57.7 1.85 -5.41 -24.55 0 0.43 1.18 0 0 0 -2.88 10.58 -41.98 -5.32 -13.74 42.2 -0.15 -10.45 -17.03 -1.44 7.6 -21.5 -5.16 2.15 17.94 -0.57 1.89 2.26 1.85 1.11 -7.76 6.16 2.75 -16.81 -7.32 3.26 8.6 -3.01 1.26 5.55 0 -0 0 -59.38 -18.17 47.27 32.67 -43.08 -13.2 -0 0 -26.14 19.97 -31.56 -10.77 -7.12 0 -0 -6.58 -3 6.96 0 -0 0 78.15 9.68 21.97 -42.21 49.33 -20.1 0 -0 -22.93 -12.62 26.86 -5.78 7.12 -0 -0 10.41 -2.93 10.04
9.97 15.34 -2.72 689.09 81.05 708.35 0 0 0 -10.67 1.1 -52.15 9.16 16.91 56.66 1.82 -5.43 -24.36 0.07 1.72 4.73 0 0 0 -3.55 11.92 -42.82 -5.4 -13.82 42.51 0.17 -12.95 -16.05 -0.96 6.24 -17.48 -5.28 2.34 18.09 -0.6 2.11 2.27 1.83 1.22 -7.85 6.16 2.57 -17.26 -7.42 3.02 8.79 -3.06 1.13 5.67 -0 -0 0 -58.37 -18.05 49.88 33.12 -43.42 -13.5 -0 0 -26.14 20.1 -31.37 -10.79 -7.12 0 -0 -6.48 -2.83 6.83 -0 -0 0 77.92 10.06 22.28 -43 49.75 -20.7 0 -0 -22.89 -12.3 26.79 -5.61 7.12 -0 -0 10.6 -3.05 10.2
9.94 15.42 -2.9 689.07 80.61 708.5 0 0 0 -11.31 0.83 -51.66 8.79 16.67 55.35 1.83 -4.75 -24.52 0.07 1.65 4.54 0 0 0 -3.44 12.24 -43.86 -5.47 -13.9 42.82 0.52 -15.58 -15.55 -0.32 3.66 -10.12 -5.81 2.49 18.1 -0.55 2.21 2.31 2.16 1.28 -7.84 6.13 2.67 -16.77 -7.7 3.21 8.42 -3.13 1.21 5.49 -0 0 0 -57.16 -17.68 52.49 33.8 -43.94 -13.98 -0 0 -26.29 19.59 -31.01 -10.39 -7.12 0 -0 -6.72 -2.37 7.04 -0 0 0 77.64 10.71 23.12 -43.48 50 -21.07 0 -0 -22.72 -12.35 27.08 -5.69 7.12 -0 -0 10.59 -2.76 10.24
9.9 15.48 -3.06 686.82 80.11 706.49 0 0 0 -11.32 0.69 -51.74 8.59 16.54 54.67 1.8 -4.65 -24.3 0.11 2.17 5.99 0 0 0 -2.31 12.26 -45.2 -5.63 -14.06 43.47 0.61 -16.65 -16.4 -0.02 1 -2.75 -5.92 2.65 18.35 -0.44 2.38 2.24 2.28 1.37 -8.07 6.19 2.65 -16.69 -8.05 3.22 8.34 -3.25 1.2 5.46 0 0 0 -55.67 -17.32 55.72 34.47 -44.43 -14.44 -0 0 -26.42 20.03 -31.05 -10.65 -7.12 0 -0 -6.48 -2.49 6.8 0 0 0 77.7 10.79 23.78 -44.76 50.65 -22.06 0 -0 -22.32 -11.83 27.44 -5.51 7.12 -0 -0 10.91 -2.47 10.63
9.88 15.5 -3.17 686.03 79.69 705.74 0 0 0 -11.54 1.02 -51.84 8.54 16.5 54.49 1.8 -4.85 -24.3 0.12 2.22 6.12 0 0 0 -0.71 11.74 -46.78 -6.04 -14.47 45.15 0.26 -14.21 -16.85 -0.15 2.48 -6.83 -6.38 2.8 17.75 -0.39 2.58 2.8 2.58 1.46 -7.18 6.1 2.58 -16.65 -7.98 3.09 7.6 -3.22 1.15 5.21 0 -0 0 -54.07 -17.67 58.33 35.09 -44.88 -14.88 -0 0 -26.53 19.7 -31.18 -10.5 -7.12 0 -0 -6.68 -2.55 7.02 0 -0 0 77.86 11.77 24.32 -46.06 51.28 -23.06 0 -0 -22.09 -11.48 27.28 -5.32 7.12 -0 -0 11.11 -2.67 10.79
9.84 15.5 -3.26 684.35 79.6 704.12 0 0 0 -11.45 0.6 -52.02 8.56 16.52 54.55 1.82 -4.74 -24.42 0.15 2.47 6.81 0 0 0 1.33 10.9 -48.44 -6.59 -14.98 47.32 -0.39 -8.14 -17.49 -0.42 4.15 -11.49 -6.62 2.84 17.8 -0.32 2.59 2.97 2.79 1.47 -7.04 5.9 2.45 -17.04 -7.93 2.96 7.84 -3.19 1.07 5.34 0 -0 0 -52.59 -17.55 61.1 35.95 -45.48 -15.49 -0 0 -26.6 19.71 -30.89 -10.42 -7.12 0 -0 -6.64 -2.27 6.94 0 -0 0 78.09 12.43 24.94 -46.94 51.68 -23.75 0 -0 -22.05 -11.52 27.18 -5.32 7.12 -0 -0 11.08 -2.76 10.74
9.8 15.49 -3.32 685.55 79.05 705.66 0 0 0 -11.69 0.98 -52.75 8.61 16.55 54.72 1.82 -4.88 -24.4 0.19 2.83 7.8 0 0 0 2.89 11.15 -50.44 -7.28 -15.56 49.93 -0.67 -4.47 -17.69 -0.82 5.78 -16.15 -7.43 3.09 17.77 -0.42 2.75 2.74 3.1 1.57 -7.31 5.85 2.4 -16.65 -7.92 2.89 7.5 -3.18 1.05 5.17 -0 -0 0 -51.62 -16.81 63.1 36.73 -46.01 -16.04 -0 0 -26.44 19.26 -30.96 -10.19 -7.12 0 -0 -6.91 -2.25 7.22 -0 -0 0 78.78 12.59 25.6 -47.67 52.01 -24.32 0 -0 -21.78 -11.07 27.29 -5.13 7.12 -0 -0 11.36 -2.71 11.03
9.78 15.48 -3.38 685.77 78.85 706.03 0 0 0 -11.76 0.8 -53.18 8.71 16.61 55.07 1.85 -4.52 -24.7 0.16 2.58 7.11 0 0 0 4.27 11.72 -51.82 -8 -16.12 52.55 -0.88 -1.3 -18.19 -0.94 6.17 -17.28 -7.84 3.17 17.68 -0.5 2.79 2.86 3.24 1.59 -7.15 5.65 2.41 -17.12 -7.67 2.91 7.56 -3.06 1.06 5.25 0 -0 0 -50.79 -16.75 64.76 37.4 -46.45 -16.53 -0 0 -26.79 18.79 -30.71 -9.86 -7.12 0 -0 -7.14 -1.9 7.43 0 -0 0 79.51 13.15 26.04 -48.76 52.48 -25.19 0 -0 -21.48 -10.78 27.29 -4.99 7.12 -0 -0 11.53 -2.75 11.19
9.77 15.47 -3.41 684.6 78.65 704.92 0 0 0 -11.45 0.63 -53.39 8.84 16.7 55.52 1.89 -4.47 -24.95 0.19 2.82 7.79 0 0 0 5.71 12.69 -52.52 -8.61 -16.55 54.73 -1.04 1.11 -18.92 -1.23 7.03 -19.8 -7.84 3.14 17.72 -0.54 2.73 2.79 3.21 1.57 -7.24 5.77 2.48 -16.74 -7.86 3 7.21 -3.13 1.1 5.09 0 -0 0 -50.86 -15.88 65.36 37.84 -46.74 -16.85 -0 0 -26.11 19.07 -30.77 -10.03 -7.12 0 -0 -6.99 -2.01 7.29 0 -0 0 80.56 13.62 26.44 -49.24 52.68 -25.57 0 -0 -21.19 -10.3 27.55 -4.8 7.12 -0 -0 11.83 -2.55 11.54
9.76 15.45 -3.42 685.65 79.54 705.62 0 0 0 -12.04 -0.13 -52.99 8.82 16.69 55.46 1.88 -4.35 -24.89 0.19 2.82 7.79 0 0 0 6.19 12.94 -52.6 -9.11 -16.88 56.49 -1.12 2.87 -19.23 -1.4 7.47 -21.13 -8.18 2.8 18.25 -0.75 2.18 2.92 3.3 1.31 -7.33 5.62 2.33 -16.92 -7.81 2.83 7.35 -3.11 1.01 5.15 -0 0 0 -51.43 -15.23 65 38.37 -47.07 -17.24 -0 0 -26.15 18.98 -30.51 -9.91 -7.12 0 -0 -7.01 -1.74 7.27 -0 0 0 81.76 14.28 26.94 -49.86 52.94 -26.07 0 -0 -21.28 -10.62 27.44 -4.94 7.12 -0 -0 11.63 -2.62 11.32
9.75 15.43 -3.41 685.38 79.96 705.31 0 0 0 -12.11 -0.35 -53.21 8.89 16.74 55.71 1.84 -4.53 -24.59 0.2 2.89 7.96 0 0 0 6.9 13.9 -52.61 -9.43 -17.08 57.58 -1.17 3.58 -19.58 -1.49 7.71 -21.85 -8.32 2.65 18.32 -0.82 1.95 2.97 3.35 1.2 -7.28 5.68 2.4 -16.38 -8.01 2.92 6.67 -3.17 1.07 4.86 0 -0 0 -52.74 -14.65 64.24 38.52 -47.17 -17.35 -0 0 -25.69 19.27 -30.64 -10.1 -7.12 0 -0 -6.86 -1.93 7.14 0 -0 0 83.05 14.85 27.11 -50.73 53.29 -26.76 0 -0 -21.48 -10.62 27.1 -4.88 7.12 -0 -0 11.61 -2.96 11.23
9.75 15.41 -3.4 685.77 80.42 705.74 0 0 0 -12.33 -0.62 -53.39 8.95 16.78 55.93 1.84 -4.68 -24.6 0.18 2.72 7.51 0 0 0 7.32 14.31 -52.5 -9.52 -17.13 57.88 -1.15 4.04 -19.36 -1.05 6.53 -18.32 -8.14 2.6 18.63 -0.91 1.88 2.83 3.16 1.18 -7.59 5.14 2.15 -16.8 -7.83 2.69 7.14 -3.05 0.94 5.05 -0 -0 0 -54.73 -14.27 63.34 38.93 -47.42 -17.64 -0 0 -25.65 19.22 -30.81 -10.12 -7.12 0 -0 -6.91 -2.09 7.21 -0 -0 0 84.05 14.91 26.98 -51.67 53.65 -27.51 0 -0 -21.71 -11.09 27.1 -5.1 7.12 -0 -0 11.33 -2.9 10.96
9.76 15.39 -3.36 687.4 80.67 707.4 0 0 0 -12.65 -0.52 -53.54 9 16.81 56.09 1.85 -5.05 -24.63 0.2 2.88 7.94 0 0 0 7.28 14.91 -52.22 -9.48 -17.11 57.75 -1.2 2.75 -20 -0.63 5.1 -14.18 -8.21 2.56 18.54 -1.04 1.8 2.75 3.08 1.15 -7.62 5.09 1.95 -16.87 -8.07 2.45 7.08 -3.14 0.81 5.03 0 0 0 -57.05 -13.74 61.49 39.42 -47.72 -18.01 -0 0 -24.88 18.71 -30.72 -9.81 -7.12 0 -0 -7.19 -1.9 7.49 0 0 0 84.97 14.89 27.38 -52.91 54.1 -28.51 0 -0 -22.07 -10.44 26.74 -4.74 7.12 -0 -0 11.71 -3.33 11.25
9.75 15.36 -3.31 688.24 80.98 708.43 0 0 0 -12.72 -0.44 -54.07 9.09 16.87 56.41 1.83 -5.25 -24.44 0.18 2.71 7.48 0 0 0 6.99 15.59 -52.24 -9.46 -17.09 57.65 -1.28 0.61 -21.19 -0.66 5.21 -14.51 -8.11 2.53 18.71 -1.1 1.74 2.62 2.96 1.12 -7.85 4.96 1.79 -16.8 -8.25 2.29 6.72 -3.19 0.72 4.9 0 0 0 -59.57 -13.66 59.49 39.97 -48.05 -18.42 -0 0 -24.56 18.9 -30.76 -9.93 -7.12 0 -0 -7.09 -1.97 7.38 0 0 0 85.68 15.33 27.75 -53.49 54.31 -28.98 0 -0 -22.31 -11.2 25.9 -4.94 7.12 -0 -0 11.22 -4.07 10.6
9.74 15.32 -3.25 689.83 80.99 710.04 0 0 0 -12.56 -0.69 -54.28 9.22 16.95 56.85 1.86 -4.71 -24.71 0.09 1.88 5.18 0 0 0 6.7 16.17 -52.22 -9.53 -17.14 57.92 -1.39 1.21 -21.97 -0.56 4.79 -13.3 -8.3 2.57 18.69 -0.97 1.79 2.73 3.21 1.14 -7.72 4.89 1.85 -16.91 -8.62 2.42 6.67 -3.29 0.76 4.92 -0 -0 0 -62.95 -13.38 56.37 40.89 -48.59 -19.1 -0 0 -24.27 18.96 -30.86 -9.99 -7.12 0 -0 -7.07 -2.09 7.38 -0 -0 0 86.05 16.18 28.33 -53.48 54.31 -28.98 0 -0 -22.31 -11.11 26.87 -5.07 7.12 -0 -0 11.31 -3.13 10.9
9.74 15.31 -3.17 691.39 81.05 711.69 0 0 0 -12.38 -1.05 -54.31 9.31 17 57.15 1.89 -4.43 -24.94 0.1 2 5.51 0 0 0 6.72 16.12 -52.09 -9.51 -17.13 57.84 -1.5 1.67 -22.71 -0.74 5.51 -15.35 -8.29 2.58 18.81 -0.94 1.79 2.66 3.23 1.15 -7.87 4.79 1.67 -17.02 -8.79 2.22 6.67 -3.34 0.64 4.92 -0 0 0 -66.41 -12.93 53.1 41.97 -49.19 -19.91 -0 0 -24.22 18.56 -30.92 -9.79 -7.12 0 -0 -7.3 -2.07 7.62 -0 0 0 86.43 16.97 28.87 -53.23 54.22 -28.78 0 -0 -22.32 -10.83 27.01 -4.96 7.12 -0 -0 11.49 -3.03 11.09
9.73 15.28 -3.07 693.31 80.97 713.74 0 0 0 -12.18 -0.94 -54.67 9.41 17.06 57.48 1.9 -4.51 -25 0.1 2.05 5.65 0 0 0 6.86 16.03 -52.05 -9.44 -17.08 57.61 -1.63 2.29 -23.54 -0.75 5.55 -15.47 -8.16 2.69 18.69 -1.08 1.97 2.75 2.97 1.22 -7.71 4.84 1.5 -17.37 -9.01 2 6.59 -3.44 0.52 4.94 -0 0 0 -69.69 -12.98 50.05 43.09 -49.8 -20.77 -0 0 -24.39 19.59 -31.1 -10.41 -7.12 0 -0 -6.74 -2.45 7.07 -0 0 0 87.23 17.99 28.9 -52.97 54.13 -28.56 0 -0 -22.31 -10.78 27 -4.94 7.12 -0 -0 11.52 -3.04 11.12
9.72 15.25 -2.95 694.29 81.39 714.68 0 0 0 -11.88 -1.06 -54.86 9.52 17.13 57.87 1.89 -4.65 -24.93 0.08 1.84 5.06 0 0 0 7.38 15.42 -52.08 -9.49 -17.11 57.77 -1.8 2.78 -24.61 -0.68 5.27 -14.67 -7.78 2.65 19.42 -1.24 1.88 2.44 2.57 1.19 -8.43 4.55 1.32 -16.92 -8.63 1.79 6.71 -3.29 0.44 4.89 0 0 0 -72.65 -12.7 47.69 44.28 -50.41 -21.68 -0 0 -27.16 19.73 -30.41 -10.29 -7.12 0 -0 -6.57 -1.78 6.81 0 0 0 88.26 18.84 28.59 -51.46 53.57 -27.35 0 -0 -21.85 -10.46 27.55 -4.88 7.12 -0 -0 11.73 -2.54 11.45
9.71 15.21 -2.81 696.34 81.63 716.85 0 0 0 -11.7 -0.84 -55.43 9.69 17.23 58.44 1.89 -4.79 -24.88 0.02 0.92 2.54 0 0 0 7.99 14.82 -52.51 -9.62 -17.19 58.22 -2.02 2.88 -26.15 -0.61 4.98 -13.86 -7.97 2.61 19.41 -1.18 1.79 2.41 2.76 1.16 -8.46 4.53 1.31 -16.46 -8.78 1.79 6.47 -3.33 0.45 4.74 -0 0 0 -75.81 -12.93 44.99 45.61 -51.07 -22.71 -0 0 -30.86 20.67 -29.55 -10.54 -7.12 0 -0 -5.92 -1.08 6.06 -0 0 0 88.76 19.42 29.05 -51.6 53.62 -27.46 0 -0 -21.95 -11.11 27.09 -5.11 7.12 -0 -0 11.33 -2.91 10.96
9.7 15.19 -2.66 697.66 82.22 718.24 0 0 0 -11.5 -0.78 -55.63 9.69 17.23 58.45 1.84 -5.08 -24.54 0.01 0.72 1.98 0 0 0 8.5 14.43 -52.65 -9.67 -17.22 58.37 -2.2 2.83 -27.36 -0.43 4.21 -11.67 -7.57 2.45 19.64 -1.28 1.64 2.43 2.47 1.08 -8.52 4.69 1.18 -16.64 -8.88 1.59 6.34 -3.41 0.34 4.72 -0 0 0 -78.26 -13.49 42.99 46.8 -51.62 -23.64 -0 0 -33.15 21.11 -28.32 -10.38 -7.12 0 -0 -5.51 0.09 5.52 -0 0 0 89.47 20.09 29.19 -51.97 53.76 -27.75 0 -0 -22.27 -11.55 27.06 -5.31 7.12 -0 -0 11.06 -2.89 10.7
9.69 15.14 -2.49 701 82.76 721.56 0 0 0 -11.44 -0.74 -55.81 9.76 17.28 58.7 1.82 -5.29 -24.37 0 0.29 0.79 0 0 0 8.38 14.75 -53.02 -9.96 -17.39 59.34 -2.39 2.35 -28.64 -0.46 4.36 -12.1 -7.66 2.34 19.76 -1.25 1.47 2.47 2.59 1 -8.54 4.47 1.21 -16.53 -8.85 1.68 6.35 -3.35 0.38 4.71 -0 0 0 -80.43 -14.32 41.78 47.07 -51.74 -23.85 -0 0 -34.06 22.31 -28.22 -10.98 -7.12 0 -0 -4.79 -0.05 4.81 -0 0 0 89.98 21.03 29.32 -51.65 53.64 -27.5 0 -0 -22.15 -11.62 27.17 -5.36 7.12 -0 -0 11.02 -2.77 10.68
9.68 15.12 -2.31 704.28 83.3 724.77 0 0 0 -11.29 -0.57 -55.84 9.74 17.26 58.6 1.76 -5.83 -23.87 0 0.32 0.87 0 0 0 8.47 15.11 -53.08 -10.16 -17.5 60.02 -2.51 1.78 -29.55 -0.48 4.43 -12.29 -7.65 2.28 19.94 -1.17 1.4 2.51 2.7 0.97 -8.57 3.97 1.09 -16.27 -8.43 1.58 6.22 -3.14 0.36 4.61 -0 -0 0 -82.17 -15.33 41.3 47.16 -51.78 -23.92 -0 0 -33.62 22.83 -28.08 -11.21 -7.12 0 -0 -4.47 -0.01 4.48 -0 -0 0 90.06 22.04 29.66 -51.1 53.43 -27.06 0 -0 -22.22 -12.12 27 -5.57 7.12 -0 -0 10.72 -2.86 10.35
9.67 15.09 -2.12 707.75 84.09 728.21 0 0 0 -11 -0.78 -55.9 9.71 17.24 58.51 1.69 -5.84 -23.41 0 -0.26 -0.7 0 0 0 8.63 15.28 -53.38 -10.43 -17.65 60.93 -2.65 1.24 -30.5 -0.45 4.31 -11.94 -7.49 2.05 20.23 -1.14 1.11 2.6 2.71 0.83 -8.61 3.96 1.06 -16.33 -8.27 1.5 5.73 -3.1 0.34 4.46 -0 -0 0 -83.11 -16.51 40.97 46.85 -51.64 -23.68 -0 0 -33.33 22.29 -28.42 -11.04 -7.12 0 -0 -4.83 -0.25 4.86 -0 -0 0 90.33 23.08 30.23 -50.8 53.31 -26.82 0 -0 -22.18 -12.45 26.73 -5.67 7.12 -0 -0 10.51 -3.1 10.1
9.66 15.07 -1.93 714.8 84.5 735.48 0 0 0 -11.03 -0.91 -56.04 9.62 17.19 58.21 1.61 -6.18 -22.8 0 -0.18 -0.5 0 0 0 8.32 15.63 -53.79 -10.64 -17.75 61.6 -2.8 1.39 -31.33 -0.32 3.63 -10.03 -7.43 1.97 20.37 -1.23 0.99 2.46 2.61 0.78 -8.82 3.97 0.98 -16.45 -8.17 1.38 5.92 -3.08 0.28 4.53 -0 0 0 -83.51 -17.07 41.47 47.27 -51.83 -24.01 -0 0 -33.19 22.61 -28.22 -11.14 -7.12 0 -0 -4.62 -0.1 4.64 -0 0 0 90.39 23.76 30.66 -50.42 53.16 -26.51 0 -0 -22.14 -12.83 26.66 -5.84 7.12 -0 -0 10.27 -3.11 9.86
9.64 15.07 -1.74 718.84 85.2 739.58 0 0 0 -10.63 -1.02 -56.07 9.51 17.12 57.82 1.53 -6.19 -22.17 0.03 -1.11 -3.04 0 0 0 8.64 15.72 -53.98 -10.78 -17.82 62.05 -2.88 0.82 -31.94 -0.33 3.68 -10.17 -7.01 1.76 20.51 -1.14 0.81 2.43 2.52 0.68 -8.9 3.77 1.05 -16.01 -7.88 1.48 5.61 -2.94 0.36 4.36 -0 0 0 -83.4 -17.93 42.51 46.99 -51.71 -23.79 -0 0 -33.81 23.04 -29.16 -11.7 -7.12 0 -0 -4.49 -1.16 4.6 -0 0 0 90.28 24.49 31.31 -49.77 52.9 -25.99 0 -0 -22.25 -12.86 26.92 -5.9 7.12 -0 -0 10.27 -2.85 9.91
9.64 15.04 -1.56 724.14 85.49 744.98 0 0 0 -10.27 -1.04 -56.12 9.44 17.08 57.58 1.45 -6.46 -21.56 0.02 -0.97 -2.67 0 0 0 8.87 15.77 -54.35 -10.95 -17.91 62.61 -2.94 0.96 -32.27 -0.27 3.31 -9.15 -6.57 1.71 20.49 -1.08 0.85 2.47 2.32 0.69 -8.85 4.05 0.93 -15.96 -8.21 1.28 5.38 -3.11 0.25 4.28 -0 -0 0 -82.94 -19.07 43.79 46.45 -51.46 -23.37 -0 0 -32.94 22.36 -28.79 -11.21 -7.12 0 -0 -4.84 -0.65 4.91 -0 -0 0 89.92 25.43 31.83 -49.25 52.69 -25.58 0 -0 -22.31 -13.31 26.8 -6.09 7.12 -0 -0 10 -2.91 9.63
9.64 15.04 -1.39 734.88 85.74 755.66 0 0 0 -10.62 -0.66 -55.97 9.27 16.98 57.01 1.33 -6.76 -20.62 0.09 -1.97 -5.42 0 0 0 8.85 15.34 -54.46 -11.06 -17.96 62.97 -3.02 1.2 -32.65 -0.21 2.98 -8.24 -6.2 1.59 20.59 -1.11 0.76 2.46 2.1 0.63 -8.9 3.44 0.88 -16.03 -7.41 1.28 5.61 -2.76 0.27 4.34 -0 0 0 -82.33 -19.76 45.16 46.19 -51.34 -23.16 -0 0 -32.16 22.17 -28.59 -11.03 -7.12 0 -0 -4.92 -0.4 4.97 -0 0 0 89.57 25.95 32.38 -48.87 52.53 -25.27 0 -0 -22.32 -13.5 26.62 -6.14 7.12 -0 -0 9.87 -3.06 9.47
9.64 15.04 -1.23 744.32 85.76 765.05 0 0 0 -10.93 -0.09 -55.89 9.15 16.9 56.59 1.23 -7.66 -19.81 0.08 -1.79 -4.92 0 0 0 8.82 15.24 -54.51 -11.16 -18.01 63.31 -3.07 1.23 -32.89 -0.18 2.75 -7.58 -5.7 1.57 20.6 -1.11 0.85 2.49 1.79 0.66 -8.88 3.6 0.87 -16.02 -7.58 1.25 5.67 -2.84 0.25 4.36 -0 -0 0 -81.62 -20.76 46.76 45.43 -50.98 -22.57 -0 0 -30.95 22.01 -28.95 -11.07 -7.12 0 -0 -5.06 -0.73 5.15 -0 -0 0 89.01 26.54 32.88 -48.24 52.26 -24.78 0 -0 -22.48 -13.86 25.88 -6.15 7.12 -0 -0 9.61 -3.75 9.09
9.65 15.04 -1.09 757.38 85.52 778.11 0 0 0 -11.47 0.05 -56.05 9.12 16.89 56.51 1.05 -7.93 -18.34 0.09 -1.93 -5.33 0 0 0 8.31 15.17 -54.75 -11.31 -18.09 63.79 -3.13 0.86 -33.32 -0.19 2.81 -7.74 -5.44 1.43 20.49 -1.15 0.73 2.5 1.63 0.59 -8.79 4.05 1.07 -15.92 -8.11 1.48 5.63 -3.06 0.35 4.36 0 -0 0 -80.8 -21.33 48.2 45.18 -50.86 -22.38 -0 0 -31.04 22.36 -29.11 -11.32 -7.12 0 -0 -4.88 -0.98 4.98 0 -0 0 88.4 27.21 33.69 -47.22 51.81 -23.97 0 -0 -22.61 -14.79 25.65 -6.52 7.12 -0 -0 9.04 -3.85 8.52
9.65 15.03 -0.97 768.09 85.44 788.93 0 0 0 -11.7 0.14 -56.71 9.24 16.96 56.92 0.87 -8.42 -16.74 0.05 -1.47 -4.04 0 0 0 8.01 15.16 -54.97 -11.44 -18.14 64.2 -3.2 0.5 -33.79 -0.15 2.48 -6.84 -4.66 1.3 20.19 -1.04 0.76 2.54 1.31 0.57 -8.58 4.12 1.38 -16.23 -8.25 1.91 6.08 -3.08 0.54 4.58 -0 -0 0 -80.27 -21.97 50.11 44.93 -50.73 -22.18 -0 0 -31.79 23.24 -29.51 -11.94 -7.12 0 -0 -4.42 -1.57 4.56 -0 -0 0 87.45 27.94 33.89 -46.17 51.33 -23.15 0 -0 -22.69 -15.15 25.87 -6.74 7.12 -0 -0 8.83 -3.58 8.36
9.67 15.05 -0.87 787.9 85.46 808.08 0 0 0 -11.96 -0.29 -56.52 9.33 17.02 57.23 0.68 -8.37 -14.93 0.13 -2.36 -6.5 0 0 0 8.1 14.19 -53.95 -11.44 -18.14 64.19 -3.29 0.05 -34.4 -0.13 2.35 -6.47 -3.64 0.82 20.7 -0.86 0.37 2.7 1.02 0.36 -8.65 4.46 1.58 -15.92 -8.32 2.1 5.72 -3.14 0.65 4.43 0 0 0 -79.94 -22.32 51.62 44.91 -50.72 -22.17 -0 0 -33.08 23.14 -29.87 -12.02 -7.12 0 -0 -4.53 -1.92 4.69 0 0 0 86.71 28.29 34.13 -45.47 51 -22.61 0 -0 -22.41 -14.46 26.59 -6.59 7.12 -0 -0 9.29 -2.96 8.92
9.68 15.06 -0.79 795.57 85.47 815.77 0 0 0 -11.61 -0.35 -57.19 9.55 17.15 57.97 0.53 -9.07 -13.54 0.07 -1.73 -4.76 0 0 0 8.26 14.1 -53.84 -11.43 -18.14 64.18 -3.29 -0.26 -34.54 -0.15 2.52 -6.96 -2.67 0.7 20.61 -0.5 0.45 2.71 0.84 0.37 -8.6 4.38 1.79 -16.99 -7.93 2.36 6.49 -2.98 0.77 4.85 -0 0 0 -80.19 -22.75 52.87 45.09 -50.81 -22.31 -0 0 -34.73 22.34 -30.02 -11.62 -7.12 0 -0 -5.01 -1.9 5.2 -0 0 0 85.65 28.76 34 -44.77 50.66 -22.06 0 -0 -21.98 -14.67 26.6 -6.68 7.12 -0 -0 9.17 -2.92 8.81
9.7 15.04 -0.73 802.38 85.18 822.61 0 0 0 -11.4 -0.74 -57.54 9.7 17.24 58.5 0.46 -10.28 -13.12 0.08 -1.88 -5.17 0 0 0 8.08 13.94 -53.89 -11.54 -18.19 64.53 -3.37 -0.08 -34.87 -0.09 1.97 -5.41 -2.13 0.66 20.19 -0.21 0.56 2.71 0.83 0.4 -8.37 5.16 2.11 -16.52 -8.21 2.64 5.87 -3.17 0.92 4.62 0 0 0 -80.91 -22.71 53.64 45.66 -51.09 -22.75 -0 0 -35.84 21.2 -28.88 -10.61 -7.12 0 -0 -5.52 -0.51 5.6 0 0 0 84.71 29.09 33.67 -44.3 50.42 -21.7 0 -0 -21.9 -15.16 26.53 -6.9 7.12 -0 -0 8.87 -2.91 8.51
9.72 15.04 -0.71 805.55 84.9 825.62 0 0 0 -11.32 -1.09 -57.09 9.69 17.23 58.45 0.38 -12.31 -13.1 0.03 -1.15 -3.17 0 0 0 7.99 13.31 -53.76 -11.6 -18.22 64.72 -3.37 0.36 -34.76 -0.1 2 -5.52 -1.53 0.62 19.98 0.08 0.66 2.77 0.77 0.44 -8.19 5.27 2.28 -16.69 -7.71 2.77 5.76 -3.02 1.02 4.61 -0 0 0 -82.15 -22.33 53.42 46.55 -51.51 -23.45 -0 0 -36.49 20.03 -28.08 -9.74 -7.12 0 -0 -6.12 0.53 6.1 -0 0 0 83.94 29.46 33.34 -43.62 50.08 -21.18 0 -0 -21.54 -15.09 26.72 -6.91 7.12 -0 -0 8.93 -2.73 8.6
9.74 15.02 -0.72 803.02 84.69 823.28 0 0 0 -10.99 -1.53 -56.88 9.66 17.22 58.36 0.31 -13.23 -12.77 0.04 -1.32 -3.63 0 0 0 7.7 13.18 -54.19 -11.71 -18.27 65.07 -3.34 0.56 -34.55 -0.11 2.17 -5.98 -1.57 0.88 20.34 0.54 1 2.11 1.2 0.61 -9.13 5.11 2.43 -16.9 -7.09 2.96 6.51 -2.78 1.13 4.87 0 0 0 -83.96 -20.86 52.94 47.61 -51.99 -24.28 -0 0 -36.75 20.4 -28.02 -9.91 -7.12 0 -0 -5.89 0.53 5.87 0 0 0 83.03 28.72 32.94 -43.31 49.91 -20.94 0 -0 -21.26 -15.56 26.65 -7.12 7.12 -0 -0 8.64 -2.73 8.31
9.76 15 -0.75 795.68 84.51 816.13 0 0 0 -10.42 -2.05 -56.31 9.59 17.17 58.11 0.3 -13.36 -12.74 0.02 -1.01 -2.79 0 0 0 7.25 13.58 -54.57 -11.8 -18.31 65.36 -3.37 0.99 -34.55 -0.09 1.91 -5.26 -1.63 1.26 19.65 0.85 1.53 2.24 1.44 0.86 -8.64 5.68 2.48 -17.08 -7.22 2.89 6.04 -2.92 1.11 4.76 0 0 0 -85.57 -20.55 51.9 49.24 -52.68 -25.56 -0 0 -36.77 20.27 -27.02 -9.52 -7.12 0 -0 -5.86 1.58 5.73 0 0 0 82.06 29.39 32.18 -42.73 49.61 -20.49 0 -0 -21.11 -15.7 26.9 -7.25 7.12 -0 -0 8.58 -2.46 8.3
9.78 15 -0.79 792.11 84.62 812.38 0 0 0 -9.78 -2.6 -55.18 9.4 17.06 57.48 0.24 -14.16 -12.53 0.07 -1.7 -4.69 0 0 0 7.28 13.83 -54.25 -11.79 -18.3 65.34 -3.3 0.73 -34.27 -0.12 2.19 -6.03 -1.31 1.45 20.12 1.2 1.87 1.87 1.53 1.02 -9.32 5.6 2.55 -17.01 -6.7 2.95 6.29 -2.74 1.17 4.82 0 0 0 -86.79 -19.24 51.29 50.76 -53.3 -26.78 -0 0 -38.06 20.19 -27.78 -9.72 -7.12 0 -0 -5.99 0.82 5.94 0 0 0 81.89 28.99 31.34 -42.43 49.45 -20.27 0 -0 -20.51 -15.54 26.75 -7.13 7.12 -0 -0 8.66 -2.63 8.35
9.8 14.97 -0.86 788.88 84.16 809.23 0 0 0 -10.3 -2.98 -54.99 9.4 17.06 57.47 0.34 -13.92 -13.43 0.15 -2.5 -6.88 0 0 0 6.44 13.91 -54.65 -11.97 -18.38 65.9 -3.33 0.91 -34.4 -0.14 2.39 -6.59 -1.28 1.59 19.77 1.24 2.05 1.88 1.52 1.1 -9.13 5.56 2.44 -17.01 -6.29 2.76 5.97 -2.62 1.1 4.7 -0 -0 0 -87.41 -18.31 50.61 52.84 -54.08 -28.46 -0 0 -37.99 20.82 -27.89 -10.09 -7.12 0 -0 -5.63 0.59 5.6 -0 -0 0 81.72 29.26 30.48 -41.96 49.19 -19.91 0 -0 -20.41 -15.66 27.03 -7.26 7.12 -0 -0 8.61 -2.34 8.35
9.82 14.94 -0.95 784.17 84.07 804.56 0 0 0 -10.72 -3.01 -55.02 9.55 17.15 57.96 0.5 -13.27 -14.62 0.1 -2.05 -5.64 0 0 0 5.97 14.33 -54.88 -12.12 -18.44 66.37 -3.32 0.47 -34.46 -0.23 3.06 -8.45 -1.01 1.67 19.67 1.45 2.24 1.9 1.54 1.19 -9.06 5.88 2.46 -16.92 -6.49 2.74 5.76 -2.74 1.09 4.63 -0 0 0 -87.62 -18.11 50.13 53.73 -54.39 -29.18 -0 0 -37.98 20.76 -27.75 -10.01 -7.12 0 -0 -5.65 0.74 5.6 -0 0 0 81.49 29.18 29.78 -42.14 49.29 -20.04 0 -0 -20.21 -15.77 26.72 -7.24 7.12 -0 -0 8.52 -2.63 8.21
9.84 14.91 -1.06 780.29 83.63 800.36 0 0 0 -11.7 -2.96 -54.31 9.56 17.15 58 0.74 -12.65 -16.53 0.09 -1.9 -5.24 0 0 0 5.31 14.22 -54.71 -12.24 -18.49 66.73 -3.38 0.91 -34.63 -0.24 3.12 -8.62 -1.22 1.74 19.66 1.63 2.31 2.1 1.84 1.23 -8.85 5.5 2.6 -17.16 -6.03 2.95 6.04 -2.51 1.21 4.75 -0 -0 0 -87.37 -17.99 49.83 54.26 -54.58 -29.61 -0 0 -37.71 20.64 -28.12 -10.07 -7.12 0 -0 -5.76 0.38 5.75 -0 -0 0 81.26 29.59 29.26 -41.46 48.91 -19.53 0 -0 -20.06 -15.82 26.97 -7.32 7.12 -0 -0 8.51 -2.37 8.25
9.86 14.9 -1.18 776 83.24 795.96 0 0 0 -12.69 -2.78 -53.71 9.45 17.09 57.63 0.99 -12 -18.48 0.11 -2.18 -6.01 0 0 0 4.68 14.08 -54.85 -12.33 -18.52 67.02 -3.38 1.32 -34.54 -0.27 3.34 -9.22 -1.3 1.85 19.42 1.72 2.45 2.3 1.95 1.31 -8.52 5.56 2.49 -17.1 -6.09 2.8 5.86 -2.55 1.13 4.68 0 0 0 -86.76 -18.04 49.79 54.73 -54.73 -30 -0 0 -37.08 20.46 -28.17 -9.99 -7.12 0 -0 -5.88 0.36 5.87 0 0 0 80.92 29.8 28.61 -41.12 48.72 -19.27 0 -0 -20.02 -15.92 26.96 -7.37 7.12 -0 -0 8.45 -2.36 8.18
9.87 14.86 -1.33 769.67 82.97 789.75 0 0 0 -13.11 -2.68 -53.54 9.47 17.1 57.71 1.18 -12.15 -20 0.06 -1.58 -4.35 0 0 0 4.19 14.11 -55.35 -12.42 -18.56 67.3 -3.37 1.86 -34.36 -0.25 3.21 -8.86 -1.28 1.98 19.27 1.91 2.64 2.21 2.1 1.4 -8.55 5.71 2.53 -16.99 -6.28 2.84 6.04 -2.64 1.14 4.73 -0 0 0 -86.15 -17.92 49.53 54.54 -54.67 -29.84 -0 0 -36.23 20.2 -27.5 -9.64 -7.12 0 -0 -5.95 1.1 5.86 -0 0 0 80.38 29.52 28.27 -40.92 48.61 -19.13 0 -0 -20.07 -15.85 26.77 -7.29 7.12 -0 -0 8.47 -2.57 8.18
9.89 14.84 -1.48 763.84 82.51 783.75 0 0 0 -13.7 -2.55 -53.48 9.68 17.23 58.43 1.42 -11.47 -21.63 0.05 -1.38 -3.79 0 0 0 3.69 14.21 -55.31 -12.44 -18.57 67.38 -3.34 2.2 -34.13 -0.29 3.44 -9.51 -1.56 2.06 19.5 2.01 2.7 2.19 2.35 1.44 -8.72 5.87 2.54 -16.61 -6.11 2.82 5.98 -2.61 1.15 4.64 -0 -0 0 -85.2 -17.91 49.24 53.88 -54.44 -29.3 -0 0 -36.01 20.75 -28.28 -10.18 -7.12 0 -0 -5.71 0.2 5.72 -0 -0 0 80.35 29.35 28.12 -40.49 48.36 -18.8 0 -0 -19.72 -15.62 26.79 -7.18 7.12 -0 -0 8.62 -2.58 8.32
9.91 14.82 -1.62 759.4 82.12 779.18 0 0 0 -14.15 -2.57 -53.71 9.93 17.37 59.26 1.51 -10.42 -22.14 0.07 -1.7 -4.67 0 0 0 3.2 14.37 -55.23 -12.44 -18.57 67.36 -3.32 2.48 -33.93 -0.29 3.45 -9.53 -1.76 2.15 19.52 1.98 2.76 2.32 2.41 1.47 -8.6 5.46 2.61 -17.12 -5.25 2.88 6.3 -2.27 1.22 4.81 -0 -0 0 -84.07 -18.27 49.09 52.85 -54.08 -28.47 -0 0 -36.13 20.9 -28.29 -10.26 -7.12 0 -0 -5.63 0.16 5.64 -0 -0 0 80.28 29.05 27.73 -40.25 48.22 -18.63 0 -0 -19.6 -15.85 26.94 -7.33 7.12 -0 -0 8.49 -2.4 8.22
9.93 14.83 -1.78 754.52 81.96 774.34 0 0 0 -14.33 -2.6 -53.85 10.06 17.44 59.68 1.62 -9.85 -22.87 0.09 -1.93 -5.31 0 0 0 3.06 14.22 -55.19 -12.34 -18.53 67.06 -3.27 2.9 -33.54 -0.32 3.66 -10.12 -1.7 2.12 19.47 2.07 2.76 2.34 2.48 1.47 -8.55 5.73 2.59 -16.69 -5.59 2.85 5.89 -2.42 1.2 4.62 0 0 0 -83.06 -18.52 48.9 51.74 -53.67 -27.57 -0 0 -36.23 21.55 -28.52 -10.68 -7.12 0 -0 -5.28 -0.2 5.32 0 0 0 80.28 28.65 27.35 -40.09 48.13 -18.51 0 -0 -19.43 -15.81 26.97 -7.32 7.12 -0 -0 8.52 -2.37 8.25
9.95 14.82 -1.94 752.59 81.23 772.17 0 0 0 -15.35 -2.4 -53.49 10.14 17.49 59.96 1.74 -9.58 -23.66 0.09 -1.93 -5.3 0 0 0 2.2 13.97 -55.08 -12.35 -18.53 67.08 -3.23 3.55 -33.24 -0.35 3.8 -10.51 -2.32 2.2 19.68 1.93 2.71 2.4 2.69 1.46 -8.61 5.29 2.7 -17.32 -5.07 3.02 6.62 -2.16 1.29 4.94 -0 -0 0 -82.07 -18.68 48.72 50.6 -53.24 -26.66 -0 0 -35.7 22.08 -28.48 -10.95 -7.12 0 -0 -4.96 -0.27 5 -0 -0 0 80.42 27.8 26.84 -40.18 48.17 -18.57 0 -0 -19.2 -15.55 27.1 -7.22 7.12 -0 -0 8.68 -2.28 8.43
9.97 14.82 -2.08 746.72 80.96 766.43 0 0 0 -15.29 -2.02 -53.98 10.35 17.6 60.65 1.79 -9.55 -23.98 0.04 -1.33 -3.67 0 0 0 2.26 14.27 -55.2 -12.23 -18.48 66.7 -3.15 3.33 -32.81 -0.46 4.35 -12.05 -2.42 2.26 19.72 1.97 2.77 2.31 2.77 1.5 -8.74 5.82 2.62 -16.62 -5.71 2.89 5.88 -2.47 1.21 4.61 -0 -0 0 -80.87 -18.88 48.65 49.4 -52.75 -25.69 -0 0 -35.64 22.66 -28.74 -11.35 -7.12 0 -0 -4.65 -0.66 4.72 -0 -0 0 80.6 26.94 26.63 -40.07 48.11 -18.49 0 -0 -19.21 -15.53 27.43 -7.3 7.12 -0 -0 8.72 -1.96 8.52
9.97 14.81 -2.22 741.13 80.88 761.06 0 0 0 -15.02 -1.74 -54.74 10.59 17.73 61.43 1.82 -9.37 -24.17 0.03 -1.13 -3.11 0 0 0 2.41 14.48 -55.46 -12.13 -18.44 66.39 -3.09 3.72 -32.41 -0.42 4.17 -11.57 -2.31 2.26 19.69 1.99 2.79 2.38 2.73 1.5 -8.65 5.84 2.59 -16.89 -5.59 2.82 5.92 -2.44 1.18 4.66 -0 0 0 -79.76 -19.21 48.74 48.27 -52.27 -24.8 -0 0 -35.34 23.32 -28.93 -11.78 -7.12 0 -0 -4.29 -0.99 4.38 -0 0 0 80.78 26.38 26.24 -40.07 48.11 -18.49 0 -0 -19 -15.48 27.12 -7.2 7.12 -0 -0 8.72 -2.28 8.47
9.99 14.83 -2.35 738.03 80.71 758.01 0 0 0 -15.27 -1.4 -54.98 10.68 17.77 61.73 1.87 -9.27 -24.53 0.04 -1.23 -3.39 0 0 0 2.34 14.38 -55.39 -11.98 -18.38 65.94 -3.02 3.94 -31.99 -0.45 4.29 -11.91 -2.55 2.21 19.79 1.98 2.67 2.35 2.88 1.45 -8.73 5.81 2.62 -17.13 -5.75 2.88 6.21 -2.48 1.19 4.79 -0 -0 0 -78.78 -19.58 48.84 47 -51.71 -23.8 -0 0 -35.42 23.72 -29.34 -12.15 -7.12 0 -0 -4.12 -1.49 4.24 -0 -0 0 80.75 25.36 26.35 -40.33 48.26 -18.68 0 -0 -19.34 -15.41 27.26 -7.19 7.12 -0 -0 8.78 -2.14 8.55
9.99 14.82 -2.47 733.38 80.53 753.61 0 0 0 -15.09 -1.05 -55.62 10.86 17.87 62.32 1.9 -9.63 -24.71 0.01 -0.51 -1.39 0 0 0 2.45 14.69 -55.49 -11.83 -18.32 65.45 -2.96 4.21 -31.59 -0.42 4.18 -11.59 -2.55 2.19 19.89 1.92 2.63 2.19 2.83 1.44 -8.97 5.6 2.47 -16.72 -5.47 2.71 6.17 -2.37 1.13 4.7 -0 0 0 -77.75 -19.56 49 46.34 -51.41 -23.28 -0 0 -35.26 23.39 -28.34 -11.6 -7.12 0 -0 -4.17 -0.39 4.21 -0 0 0 81.04 24.17 26.29 -40.38 48.29 -18.72 0 -0 -19.35 -15.39 27.02 -7.13 7.12 -0 -0 8.77 -2.39 8.5
10.03 14.82 -2.59 730.52 80.37 750.78 0 0 0 -15.2 -0.95 -55.73 11.01 17.94 62.83 1.99 -9.63 -25.31 0 -0.35 -0.97 0 0 0 2.51 14.52 -55.28 -11.74 -18.28 65.16 -2.89 4.23 -31.24 -0.48 4.42 -12.27 -2.53 2.06 19.59 1.78 2.46 2.37 2.71 1.35 -8.59 5.5 2.42 -16.71 -5.5 2.67 6.18 -2.37 1.1 4.7 -0 0 0 -76.86 -19.94 48.91 45.2 -50.87 -22.39 -0 0 -34.17 22.45 -28.58 -11.18 -7.12 0 -0 -4.75 -0.45 4.81 -0 0 0 81.43 23.41 26.27 -40.56 48.4 -18.86 0 -0 -19.53 -15.55 26.28 -7.02 7.12 -0 -0 8.62 -3.11 8.23
10.01 14.8 -2.7 727.21 80.12 747.66 0 0 0 -14.96 -0.92 -56.43 11.23 18.05 63.54 2.02 -9.56 -25.49 0 0.12 0.32 0 0 0 2.45 15.01 -55.72 -11.75 -18.28 65.19 -2.85 4.02 -31.02 -0.49 4.5 -12.48 -2.78 2.04 20.02 1.68 2.36 2.25 2.77 1.31 -8.95 5.54 2.41 -16.96 -5.67 2.66 6.41 -2.43 1.08 4.81 -0 0 0 -76 -20.27 48.98 44.18 -50.36 -21.6 -0 0 -34 22.34 -28.62 -11.14 -7.12 0 -0 -4.82 -0.46 4.88 -0 0 0 81.64 22.46 26.54 -40.56 48.4 -18.86 0 -0 -19.9 -15.52 26.57 -7.08 7.12 -0 -0 8.66 -2.82 8.32
10.05 14.79 -2.8 725.87 79.86 746.28 0 0 0 -15.28 -0.81 -56.36 11.32 18.09 63.81 2.09 -9.61 -25.94 0 0.21 0.57 0 0 0 2.29 14.77 -55.5 -11.67 -18.25 64.93 -2.83 4.53 -30.81 -0.46 4.34 -12.04 -3.05 2.01 19.73 1.55 2.26 2.35 2.82 1.26 -8.68 5.25 2.31 -16.97 -5.59 2.59 6.62 -2.36 1.04 4.87 -0 -0 0 -75.63 -20.55 49.12 43.31 -49.91 -20.94 -0 0 -33.59 22.42 -28.63 -11.18 -7.12 0 -0 -4.78 -0.49 4.84 -0 -0 0 81.72 21.27 26.63 -41.17 48.75 -19.31 0 -0 -20.17 -15.05 26.72 -6.9 7.12 -0 -0 8.95 -2.74 8.62
10.06 14.79 -2.89 725.28 79.37 745.66 0 0 0 -15.76 -0.57 -56.4 11.35 18.1 63.92 2.13 -9.39 -26.19 0 0.31 0.85 0 0 0 1.86 14.96 -55.46 -11.61 -18.22 64.76 -2.79 4.6 -30.6 -0.51 4.6 -12.77 -3.64 2.06 19.69 1.33 2.18 2.48 2.93 1.24 -8.52 5.32 2.28 -16.92 -5.86 2.55 6.42 -2.47 1.01 4.8 -0 0 0 -75.08 -20.56 48.96 43.24 -49.88 -20.88 -0 0 -33.2 22.32 -28.7 -11.15 -7.12 0 -0 -4.85 -0.54 4.91 -0 0 0 81.88 20.3 26.98 -41.57 48.97 -19.62 0 -0 -20.58 -15.38 26.92 -7.1 7.12 -0 -0 8.77 -2.48 8.48
10.08 14.79 -2.98 723.41 79.19 743.8 0 0 0 -15.78 -0.54 -56.53 11.51 18.18 64.43 2.2 -9.29 -26.67 0 0.32 0.87 0 0 0 1.91 14.81 -55.4 -11.55 -18.19 64.55 -2.77 4.74 -30.47 -0.57 4.85 -13.49 -3.67 2.06 19.7 1.19 2.15 2.4 2.8 1.23 -8.61 5.23 2.17 -16.67 -6 2.45 6.47 -2.51 0.95 4.77 -0 -0 0 -74.7 -20.69 49.29 42.57 -49.52 -20.37 -0 0 -33.54 22.54 -28.87 -11.33 -7.12 0 -0 -4.74 -0.76 4.82 -0 -0 0 81.89 19.15 27.11 -41.87 49.14 -19.84 0 -0 -20.67 -15.37 26.93 -7.1 7.12 -0 -0 8.78 -2.48 8.49
10.08 14.77 -3.04 721.65 78.75 742.03 0 0 0 -15.73 -0.32 -56.69 11.65 18.24 64.87 2.27 -9.02 -27.1 0 0.21 0.58 0 0 0 1.83 15.33 -55.34 -11.51 -18.18 64.43 -2.76 4.85 -30.39 -0.54 4.72 -13.1 -4.04 2.13 19.62 0.95 2.15 2.48 2.76 1.23 -8.47 5.11 2.03 -16.69 -5.77 2.26 6.42 -2.43 0.87 4.74 0 0 0 -74.29 -20.8 49.15 42.07 -49.25 -19.99 -0 0 -33.35 22.25 -28.79 -11.15 -7.12 0 -0 -4.9 -0.62 4.97 0 0 0 82.11 18.13 27.55 -42.56 49.51 -20.36 0 -0 -20.83 -15.35 26.71 -7.03 7.12 -0 -0 8.77 -2.71 8.45
10.1 14.76 -3.09 718.82 78.33 739.07 0 0 0 -15.42 0.11 -56.7 11.77 18.29 65.25 2.33 -9.17 -27.45 0.01 0.49 1.34 0 0 0 2.19 15.69 -55.09 -11.46 -18.15 64.27 -2.74 4.91 -30.25 -0.58 4.88 -13.57 -4.31 2.21 19.89 0.9 2.18 2.38 2.85 1.26 -8.74 5.02 1.99 -16.45 -5.89 2.26 6.58 -2.46 0.86 4.76 0 0 0 -74.07 -20.24 48.83 41.99 -49.21 -19.93 -0 0 -33.18 22.65 -29 -11.44 -7.12 0 -0 -4.69 -0.91 4.78 0 0 0 82.26 17.02 28.01 -43.02 49.76 -20.72 0 -0 -20.68 -15.23 27.34 -7.13 7.12 -0 -0 8.89 -2.09 8.67
10.11 14.77 -3.15 717.2 78.01 737.47 0 0 0 -15.31 0.08 -56.67 11.83 18.32 65.45 2.4 -8.65 -27.87 0 0.28 0.77 0 0 0 2.3 15.87 -54.94 -11.37 -18.11 63.98 -2.71 4.78 -30.1 -0.63 5.08 -14.15 -4.52 2.17 19.71 0.72 2.07 2.5 2.79 1.2 -8.5 5.03 1.95 -16.87 -5.92 2.2 6.83 -2.47 0.83 4.9 -0 -0 0 -73.66 -20.23 48.5 41.8 -49.1 -19.79 -0 0 -33.39 22.64 -28.62 -11.3 -7.12 0 -0 -4.65 -0.53 4.71 -0 -0 0 82.33 16.1 28.86 -44.21 50.38 -21.63 0 -0 -21.27 -14.8 26.6 -6.75 7.12 -0 -0 9.09 -2.89 8.74
10.12 14.75 -3.19 715.29 77.79 735.45 0 0 0 -14.92 0.06 -56.73 11.99 18.39 65.96 2.46 -8.53 -28.25 0 0.44 1.21 0 0 0 2.58 16.07 -54.87 -11.39 -18.12 64.05 -2.71 4.88 -30.05 -0.61 5.01 -13.94 -4.56 2.14 19.7 0.52 2.02 2.54 2.62 1.18 -8.45 4.84 1.72 -16.4 -5.67 1.91 6.53 -2.39 0.7 4.71 -0 -0 0 -73.56 -19.88 47.97 41.77 -49.08 -19.77 -0 0 -32.91 22.28 -28.74 -11.15 -7.12 0 -0 -4.87 -0.57 4.94 -0 -0 0 82.66 15.66 29.06 -44.49 50.52 -21.85 0 -0 -21.19 -14.88 27.05 -6.89 7.12 -0 -0 9.08 -2.43 8.8
10.11 14.73 -3.21 713.82 77.56 733.98 0 0 0 -14.54 0.05 -56.98 12.11 18.44 66.35 2.49 -8.39 -28.41 0.01 0.5 1.38 0 0 0 2.68 16.58 -54.96 -11.41 -18.13 64.11 -2.69 4.78 -29.99 -0.57 4.83 -13.42 -4.94 2.12 19.94 0.41 1.88 2.52 2.75 1.12 -8.59 4.89 1.77 -16.68 -6.01 2 6.72 -2.5 0.72 4.82 0 0 0 -73.31 -19.66 47.56 41.41 -48.89 -19.5 -0 0 -32.89 22.48 -29.13 -11.39 -7.12 0 -0 -4.81 -1.02 4.91 0 0 0 82.91 15.11 29.61 -45.36 50.94 -22.51 0 -0 -21.26 -15.04 26.69 -6.88 7.12 -0 -0 8.96 -2.77 8.62
10.12 14.72 -3.25 713.57 77.38 733.66 0 0 0 -14.58 -0.04 -56.85 12.17 18.46 66.52 2.54 -8.22 -28.71 0.01 0.51 1.4 0 0 0 2.69 16.52 -54.87 -11.4 -18.12 64.06 -2.68 4.77 -29.92 -0.61 5 -13.9 -4.86 2.19 19.83 0.22 1.98 2.54 2.47 1.16 -8.52 4.11 1.26 -16.29 -5.82 1.47 6.53 -2.36 0.46 4.67 0 0 0 -73.49 -19.5 48.01 41.12 -48.72 -19.28 -0 0 -32.29 22.65 -28.94 -11.42 -7.12 0 -0 -4.68 -0.86 4.77 0 0 0 82.8 14.31 29.2 -46.62 51.54 -23.5 0 -0 -21.25 -14.69 26.79 -6.74 7.12 -0 -0 9.17 -2.73 8.84
10.12 14.73 -3.26 712.01 77.11 732.09 0 0 0 -14.24 0.06 -56.86 12.21 18.48 66.66 2.56 -8.03 -28.86 0.01 0.51 1.39 0 0 0 3.02 16.83 -54.74 -11.35 -18.1 63.9 -2.67 4.62 -29.9 -0.64 5.14 -14.3 -4.95 2.19 19.83 0.06 1.94 2.55 2.36 1.15 -8.49 3.84 1.1 -16.45 -5.66 1.3 6.52 -2.28 0.37 4.68 0 0 0 -73.25 -19.46 47.85 40.64 -48.45 -18.92 -0 0 -32.26 22.47 -28.69 -11.23 -7.12 0 -0 -4.76 -0.56 4.82 0 0 0 82.94 14.02 29.45 -47.48 51.93 -24.17 0 -0 -21.33 -14.42 26.88 -6.63 7.12 -0 -0 9.34 -2.67 9.02
10.13 14.72 -3.28 712.62 76.92 732.83 0 0 0 -14.41 -0.1 -56.95 12.21 18.48 66.66 2.58 -7.68 -29.02 0 0.33 0.89 0 0 0 2.74 16.88 -54.96 -11.33 -18.09 63.86 -2.65 4.53 -29.79 -0.68 5.26 -14.65 -5.55 2.12 19.63 -0.21 1.71 2.52 2.47 1.05 -8.4 4.16 1.21 -16.56 -5.95 1.41 6.75 -2.41 0.42 4.78 0 -0 0 -73.07 -19.08 47.35 40.35 -48.27 -18.7 -0 0 -31.66 22.92 -29.33 -11.7 -7.12 0 -0 -4.58 -1.31 4.7 0 -0 0 83.24 13.71 29.85 -48.67 52.45 -25.12 0 -0 -21.31 -14.33 27.22 -6.67 7.12 -0 -0 9.41 -2.35 9.15
10.12 14.73 -3.28 710.57 76.9 730.95 0 0 0 -13.89 -0 -57.21 12.26 18.5 66.8 2.57 -7.79 -28.91 0.01 0.55 1.52 0 0 0 3.27 16.93 -54.98 -11.27 -18.06 63.65 -2.64 4.56 -29.69 -0.67 5.22 -14.54 -5.57 2.04 19.56 -0.21 1.61 2.5 2.51 1 -8.38 3.83 1.24 -16.41 -5.68 1.49 6.48 -2.26 0.47 4.67 0 -0 0 -73.11 -18.98 47.03 39.84 -47.98 -18.32 -0 0 -31.43 22.57 -29.05 -11.41 -7.12 0 -0 -4.75 -0.96 4.84 0 -0 0 83.27 13.56 30.15 -49.82 52.92 -26.03 0 -0 -21.22 -14.44 27.01 -6.67 7.12 -0 -0 9.33 -2.54 9.03
10.12 14.73 -3.28 710.38 76.91 730.8 0 0 0 -13.8 -0.09 -57.24 12.26 18.5 66.81 2.58 -7.63 -28.99 0 0.25 0.68 0 0 0 3.32 16.91 -55.04 -11.26 -18.06 63.62 -2.63 4.6 -29.67 -0.67 5.24 -14.59 -5.79 2.03 19.57 -0.39 1.53 2.44 2.46 0.97 -8.45 4.24 1.31 -16.65 -6.18 1.55 6.83 -2.48 0.47 4.83 0 -0 0 -73.07 -18.91 46.93 39.26 -47.62 -17.89 -0 0 -31.34 22.47 -29.15 -11.39 -7.12 0 -0 -4.82 -1.03 4.93 0 -0 0 83.38 13.27 30.13 -51.18 53.46 -27.12 0 -0 -21.18 -14.55 26.38 -6.58 7.12 -0 -0 9.23 -3.15 8.82
10.12 14.74 -3.26 708.62 77.19 729.02 0 0 0 -13.33 0.04 -57.28 12.26 18.5 66.82 2.55 -7.9 -28.83 0 0.26 0.72 0 0 0 3.9 16.9 -54.73 -11.2 -18.03 63.42 -2.65 4.42 -29.77 -0.66 5.21 -14.5 -5.73 1.93 19.68 -0.39 1.41 2.47 2.45 0.91 -8.46 4.18 1.35 -16.5 -5.97 1.6 6.65 -2.41 0.51 4.75 0 -0 0 -73.04 -18.64 46.88 38.9 -47.4 -17.62 -0 0 -31.28 22.88 -29.53 -11.75 -7.12 0 -0 -4.64 -1.51 4.77 0 -0 0 83.31 13.17 30.46 -52.5 53.95 -28.18 0 -0 -21.56 -14.35 26.85 -6.59 7.12 -0 -0 9.38 -2.71 9.05
10.11 14.73 -3.24 708.11 77.38 728.75 0 0 0 -13.11 -0.04 -57.62 12.29 18.51 66.92 2.52 -8.2 -28.59 0.01 0.67 1.83 0 0 0 4.02 16.84 -55.08 -11.24 -18.05 63.56 -2.65 4.29 -29.8 -0.67 5.23 -14.56 -5.85 1.89 19.57 -0.46 1.33 2.39 2.47 0.88 -8.48 4.49 1.39 -16.58 -6.45 1.63 6.58 -2.6 0.5 4.75 -0 0 0 -73.25 -18.59 46.58 38.49 -47.15 -17.32 -0 0 -30.86 23.1 -29.67 -11.92 -7.12 0 -0 -4.53 -1.71 4.68 -0 0 0 83.13 13.4 30.35 -53.25 54.23 -28.79 0 -0 -21.3 -13.67 27.02 -6.31 7.12 -0 -0 9.8 -2.64 9.48
10.11 14.75 -3.21 708.85 77.48 729.54 0 0 0 -13.26 0.05 -57.6 12.21 18.48 66.64 2.49 -8.29 -28.42 0.01 0.65 1.79 0 0 0 3.91 16.89 -55.08 -11.24 -18.05 63.55 -2.66 4.33 -29.89 -0.64 5.1 -14.21 -6.3 1.92 19.63 -0.63 1.25 2.29 2.56 0.86 -8.63 4.24 1.41 -16.14 -6.03 1.67 6.37 -2.42 0.55 4.61 0 -0 0 -73.32 -18.42 46.04 38.05 -46.87 -17 -0 0 -30.48 22.32 -29.13 -11.3 -7.12 0 -0 -4.91 -0.98 5.01 0 -0 0 83.22 13.48 30.51 -54.21 54.56 -29.57 0 -0 -21.44 -13.84 26.77 -6.33 7.12 -0 -0 9.68 -2.86 9.32
10.11 14.75 -3.17 708.21 77.64 728.84 0 0 0 -12.98 0.23 -57.53 12.18 18.46 66.55 2.45 -8.55 -28.2 0.01 0.77 2.12 0 0 0 4.24 17 -54.95 -11.27 -18.06 63.65 -2.69 4.23 -30.09 -0.6 4.94 -13.75 -6.51 1.98 19.65 -0.69 1.28 2.36 2.6 0.87 -8.56 4.42 1.55 -16.55 -6.16 1.83 6.67 -2.48 0.62 4.78 -0 0 0 -73.33 -18.61 45.71 37.47 -46.5 -16.58 -0 0 -30.58 21.85 -29.92 -11.31 -7.12 0 -0 -5.28 -1.7 5.46 -0 0 0 82.97 13.68 30.61 -55.59 55.02 -30.7 0 -0 -21.78 -13.94 25.75 -6.16 7.12 -0 -0 9.55 -3.86 9.02
10.12 14.77 -3.13 708.66 77.95 729.3 0 0 0 -13.02 0.08 -57.27 12.06 18.42 66.19 2.46 -8.6 -28.23 0.01 0.68 1.86 0 0 0 4.34 16.71 -54.8 -11.26 -18.06 63.61 -2.72 4.3 -30.24 -0.6 4.95 -13.77 -6.54 1.9 19.45 -0.92 1.16 2.36 2.4 0.81 -8.44 4.78 1.72 -16.48 -6.46 2 6.52 -2.62 0.7 4.74 -0 -0 0 -73.33 -18.12 45.4 36.84 -46.08 -16.12 -0 0 -29.53 22.61 -30.69 -12 -7.12 0 -0 -4.96 -2.65 5.2 -0 -0 0 83.07 14.2 30.8 -55.79 55.08 -30.86 0 -0 -21.84 -13.83 27.16 -6.41 7.12 -0 -0 9.71 -2.47 9.42
10.1 14.75 -3.06 707.41 78.22 728.18 0 0 0 -12.46 0.29 -57.68 12.15 18.45 66.46 2.42 -9.14 -28.01 0.02 0.9 2.47 0 0 0 4.73 17 -55.03 -11.37 -18.11 63.99 -2.77 4.02 -30.58 -0.55 4.75 -13.19 -6.68 2 19.55 -0.84 1.25 2.2 2.55 0.87 -8.68 4.98 1.63 -16.27 -6.94 1.9 6.36 -2.81 0.62 4.66 -0 -0 0 -73.53 -17.79 44.93 37.19 -46.32 -16.38 -0 0 -29.94 20.95 -28.69 -10.42 -7.12 0 -0 -5.65 -0.26 5.7 -0 -0 0 82.91 14.41 30.9 -56.71 55.37 -31.62 0 -0 -21.95 -13.86 26.76 -6.34 7.12 -0 -0 9.66 -2.86 9.31
10.11 14.74 -3 707.8 79 728.71 0 0 0 -12.34 -0.14 -57.81 12.13 18.44 66.39 2.36 -9.4 -27.63 0.02 0.97 2.67 0 0 0 4.83 16.47 -55.22 -11.47 -18.16 64.31 -2.82 3.98 -30.87 -0.55 4.73 -13.15 -6.65 1.84 19.39 -0.93 1.04 2.14 2.49 0.77 -8.64 4.88 1.78 -16.02 -6.72 2.1 6.27 -2.71 0.74 4.6 -0 0 0 -73.36 -17.45 45.18 36.47 -45.83 -15.86 -0 0 -29.19 22.31 -29.83 -11.53 -7.12 0 -0 -5.01 -1.7 5.17 -0 0 0 82.96 14.81 30.93 -56.97 55.45 -31.84 0 -0 -22.03 -13.66 27.15 -6.33 7.12 -0 -0 9.81 -2.51 9.51
10.11 14.76 -2.94 709.09 79.65 729.85 0 0 0 -12.43 -0.36 -57.41 11.99 18.38 65.94 2.3 -9.75 -27.29 0.04 1.21 3.33 0 0 0 4.92 15.99 -54.96 -11.51 -18.18 64.43 -2.87 4.09 -31.12 -0.5 4.54 -12.59 -6.72 1.76 19.41 -1.13 0.92 2.2 2.35 0.71 -8.57 4.79 1.83 -16.42 -6.45 2.16 6.75 -2.6 0.77 4.81 -0 -0 0 -73.31 -17.25 45.08 35.77 -45.35 -15.36 -0 0 -28.33 23.01 -30.28 -12.08 -7.12 0 -0 -4.67 -2.31 4.87 -0 -0 0 83.03 15.37 31.14 -57.5 55.61 -32.27 0 -0 -22.03 -13.97 26.51 -6.34 7.12 -0 -0 9.58 -3.1 9.18
10.11 14.76 -2.86 709.41 80.29 730.29 0 0 0 -12.28 -0.43 -57.52 11.92 18.35 65.72 2.23 -10.21 -26.85 0.04 1.31 3.6 0 0 0 5.16 15.65 -55.06 -11.56 -18.2 64.59 -2.91 3.8 -31.39 -0.51 4.59 -12.73 -6.65 1.88 19.12 -1.06 1.13 2.26 2.33 0.8 -8.36 4.73 1.63 -16.55 -6.78 1.95 6.64 -2.72 0.64 4.79 -0 -0 0 -73.81 -17.16 45.39 35.67 -45.28 -15.29 -0 0 -28.15 22.57 -30.42 -11.89 -7.12 0 -0 -4.94 -2.36 5.16 -0 -0 0 82.53 15.82 30.57 -57.6 55.63 -32.35 0 -0 -22.16 -13.34 27.04 -6.15 7.12 -0 -0 10 -2.67 9.67
10.11 14.77 -2.78 708.88 81.05 729.66 0 0 0 -11.89 -0.56 -57.35 11.83 18.32 65.45 2.17 -10.45 -26.49 0.03 1.07 2.95 0 0 0 5.65 15.43 -54.89 -11.64 -18.23 64.83 -2.96 3.19 -31.8 -0.59 4.93 -13.71 -6.37 1.94 19.42 -1.04 1.24 2.12 2.16 0.85 -8.69 4.38 1.52 -16.31 -6.74 1.87 6.66 -2.66 0.6 4.75 0 0 0 -73.93 -16.93 45.96 35.4 -45.09 -15.09 -0 0 -28.12 23.03 -29.78 -11.92 -7.12 0 -0 -4.58 -1.81 4.74 0 0 0 82.26 15.92 30.41 -58.03 55.76 -32.71 0 -0 -22.2 -14.03 26.9 -6.45 7.12 -0 -0 9.57 -2.71 9.24
10.12 14.75 -2.69 709.5 81.65 730.37 0 0 0 -11.68 -0.74 -57.42 11.81 18.31 65.38 2.13 -10.78 -26.26 0.03 1.12 3.08 0 0 0 5.78 15.29 -54.98 -11.74 -18.28 65.17 -3.01 3.19 -32.1 -0.55 4.73 -13.15 -6.42 2.02 18.99 -1.01 1.38 2.27 2.19 0.91 -8.3 4.36 1.69 -16.48 -6.7 2.1 6.74 -2.62 0.71 4.81 0 -0 0 -74.29 -16.94 45.93 35.16 -44.93 -14.93 -0 0 -27.52 23.7 -31.06 -12.76 -7.12 0 -0 -4.39 -3.27 4.65 0 -0 0 82.05 16.69 30.11 -57.94 55.74 -32.64 0 -0 -22.35 -13.5 26.66 -6.15 7.12 -0 -0 9.87 -3.02 9.48
10.11 14.76 -2.6 710.15 82.43 730.89 0 0 0 -11.47 -0.89 -57.22 11.7 18.26 65.03 2.03 -11.26 -25.67 0.06 1.61 4.42 0 0 0 6.1 15 -54.79 -11.8 -18.31 65.36 -3.06 2.72 -32.47 -0.59 4.92 -13.69 -6.1 1.95 18.96 -1.14 1.36 2.41 1.88 0.88 -8.12 4.19 1.47 -16.93 -6.47 1.81 6.86 -2.55 0.58 4.9 -0 0 0 -74.16 -16.86 45.98 35.15 -44.92 -14.92 -0 0 -27.41 23.38 -30.17 -12.26 -7.12 0 -0 -4.44 -2.28 4.62 -0 0 0 82.07 17.28 29.94 -57.68 55.66 -32.42 0 -0 -22.23 -13.64 27.01 -6.29 7.12 -0 -0 9.82 -2.65 9.49
10.11 14.77 -2.52 712.47 83.11 733.12 0 0 0 -11.52 -1.05 -57.01 11.6 18.21 64.7 1.97 -11.5 -25.29 0.05 1.41 3.89 0 0 0 6.17 14.62 -54.68 -11.9 -18.35 65.67 -3.14 2.72 -32.89 -0.53 4.65 -12.91 -6.31 1.99 18.9 -1.08 1.37 2.47 2.07 0.9 -8.03 4.45 1.46 -16.74 -6.78 1.77 6.76 -2.69 0.55 4.84 0 -0 0 -74.53 -16.54 45.86 35.28 -45.01 -15.01 -0 0 -27.37 23.57 -30.59 -12.52 -7.12 0 -0 -4.39 -2.75 4.61 0 -0 0 81.75 17.73 29.88 -57.44 55.59 -32.22 0 -0 -22.21 -13.41 26.62 -6.1 7.12 -0 -0 9.93 -3.08 9.53
10.11 14.74 -2.43 713 83.57 733.83 0 0 0 -11.18 -1.14 -57.36 11.64 18.24 64.85 1.93 -11.74 -25.05 0.03 1.16 3.18 0 0 0 6.3 14.78 -55.04 -12.07 -18.42 66.22 -3.23 2.49 -33.46 -0.49 4.48 -12.43 -6.23 2.11 18.72 -1.05 1.57 2.4 2 0.99 -8.02 3.82 1.47 -17.1 -6.23 1.87 7.06 -2.4 0.61 4.98 -0 -0 0 -74.79 -16.28 45.77 35.54 -45.19 -15.2 -0 0 -27.75 22.76 -30.06 -11.87 -7.12 0 -0 -4.78 -2.03 4.96 -0 -0 0 81.6 18.11 29.53 -56.73 55.37 -31.63 0 -0 -22.06 -13.53 26.82 -6.2 7.12 -0 -0 9.87 -2.86 9.51
10.12 14.75 -2.34 714.33 84.16 735.09 0 0 0 -11.05 -1.2 -57.14 11.5 18.17 64.4 1.85 -11.99 -24.57 0.04 1.37 3.76 0 0 0 6.59 14.44 -54.84 -12.08 -18.43 66.25 -3.26 2.44 -33.64 -0.44 4.25 -11.78 -6.15 2.19 18.89 -0.97 1.67 2.28 2.01 1.04 -8.26 4.15 1.45 -17.11 -6.63 1.83 7.43 -2.59 0.56 5.11 -0 -0 0 -75.08 -15.78 45.9 35.76 -45.34 -15.35 -0 0 -27.68 23.13 -30.37 -12.19 -7.12 0 -0 -4.61 -2.44 4.82 -0 -0 0 81.48 18.54 29.15 -55.7 55.05 -30.79 0 -0 -21.98 -13.33 27.07 -6.15 7.12 -0 -0 10 -2.64 9.68
10.12 14.75 -2.26 718.89 84.67 739.76 0 0 0 -11.16 -1.5 -57.12 11.39 18.12 64.04 1.79 -12.14 -24.2 0.04 1.37 3.76 0 0 0 6.43 14.2 -55.05 -12.17 -18.46 66.52 -3.32 2.38 -33.94 -0.4 4.04 -11.19 -6.3 2.19 18.93 -1.06 1.61 2.08 2.01 1.02 -8.49 4.56 1.51 -16.25 -6.77 1.84 6.73 -2.7 0.59 4.76 -0 -0 0 -75.13 -15.19 45.96 35.73 -45.33 -15.33 -0 0 -27.59 23.01 -30.4 -12.13 -7.12 0 -0 -4.68 -2.44 4.89 -0 -0 0 81.53 18.77 29.22 -55.27 54.91 -30.43 0 -0 -22.08 -13.66 26.8 -6.25 7.12 -0 -0 9.79 -2.86 9.43
10.13 14.75 -2.18 720.59 85.12 741.3 0 0 0 -11.01 -1.43 -56.9 11.32 18.09 63.81 1.75 -12.53 -24 0.05 1.44 3.95 0 0 0 6.72 14.09 -54.88 -12.24 -18.49 66.76 -3.38 2.22 -34.32 -0.4 4.04 -11.2 -6.16 2.23 18.81 -0.99 1.72 2.2 1.97 1.07 -8.31 4.55 1.55 -16.17 -6.8 1.89 6.59 -2.7 0.61 4.71 -0 0 0 -75.29 -14.75 46.01 35.98 -45.5 -15.51 -0 0 -27.83 23.12 -30.82 -12.34 -7.12 0 -0 -4.69 -2.89 4.93 -0 0 0 81.47 19.18 28.99 -54.95 54.81 -30.17 0 -0 -22.08 -13.7 26.54 -6.22 7.12 -0 -0 9.75 -3.11 9.34
10.13 14.77 -2.12 725.51 85.49 746.35 0 0 0 -11.18 -1.64 -56.89 11.21 18.04 63.47 1.71 -12.63 -23.77 0.04 1.34 3.69 0 0 0 6.63 13.69 -55.04 -12.29 -18.51 66.92 -3.38 2.15 -34.32 -0.4 4.05 -11.21 -6.15 2.19 18.8 -0.97 1.66 2.1 2.01 1.04 -8.4 4.39 1.63 -16.72 -6.65 2.02 7.16 -2.62 0.67 4.97 -0 -0 0 -75.61 -14.31 45.79 36.02 -45.53 -15.54 -0 0 -27.79 22.94 -30.5 -12.12 -7.12 0 -0 -4.74 -2.52 4.96 -0 -0 0 81.28 19.78 29.06 -53.99 54.48 -29.39 0 -0 -22.14 -13.61 26.75 -6.22 7.12 -0 -0 9.82 -2.92 9.45
10.13 14.75 -2.05 730.02 85.95 750.72 0 0 0 -11.09 -1.84 -56.68 11.15 18.01 63.26 1.65 -13.04 -23.41 0.06 1.58 4.35 0 0 0 6.7 13.57 -54.98 -12.42 -18.56 67.32 -3.45 1.9 -34.74 -0.41 4.1 -11.36 -6.05 2.15 18.75 -0.91 1.64 2.12 2.02 1.03 -8.35 4.46 1.73 -16.59 -6.81 2.17 7.3 -2.67 0.74 5.01 -0 0 0 -75.84 -13.99 45.78 35.95 -45.48 -15.49 -0 0 -27.9 23.07 -30.33 -12.14 -7.12 0 -0 -4.64 -2.38 4.84 -0 0 0 81.26 20.26 29 -53.03 54.15 -28.61 0 -0 -21.97 -13.93 26.38 -6.29 7.12 -0 -0 9.6 -3.24 9.17
10.14 14.74 -1.99 735.87 86.06 756.41 0 0 0 -11.22 -2.05 -56.31 11.1 17.99 63.12 1.66 -12.81 -23.47 0.04 1.35 3.71 0 0 0 6.54 13.46 -54.87 -12.55 -18.61 67.71 -3.54 2.14 -35.13 -0.33 3.69 -10.22 -6.13 2.19 18.51 -0.88 1.71 2.32 2.09 1.06 -8.01 4.33 1.75 -16.34 -6.69 2.19 6.75 -2.6 0.76 4.8 0 -0 0 -76.13 -14.19 45.75 35.54 -45.19 -15.2 -0 0 -27.69 22.49 -30.16 -11.75 -7.12 0 -0 -4.95 -2.08 5.15 0 -0 0 81.21 21.45 28.92 -51.19 53.47 -27.13 0 -0 -21.99 -13.68 26.67 -6.24 7.12 -0 -0 9.77 -2.98 9.39
10.14 14.73 -1.94 739.05 86.29 759.56 0 0 0 -11.11 -2.14 -56.31 11.09 17.98 63.07 1.63 -12.93 -23.29 0.03 1.2 3.3 0 0 0 6.65 13.41 -54.93 -12.62 -18.64 67.93 -3.56 1.78 -35.35 -0.36 3.86 -10.7 -5.82 2.28 18.58 -0.9 1.87 2.22 1.85 1.13 -8.17 5.34 1.91 -16.07 -7.45 2.28 6.42 -3 0.79 4.68 0 0 0 -76.18 -13.71 46.06 35.83 -45.4 -15.4 -0 0 -27.43 22.45 -30.12 -11.71 -7.12 0 -0 -4.96 -2.03 5.16 0 0 0 81.08 21.9 28.71 -49.92 52.96 -26.11 0 -0 -22.26 -13.56 26.84 -6.22 7.12 -0 -0 9.85 -2.83 9.49
10.15 14.72 -1.88 746.09 86.58 766.53 0 0 0 -11.16 -2.32 -56.18 11.05 17.96 62.95 1.62 -12.91 -23.18 0.02 0.81 2.23 0 0 0 6.66 13.22 -54.9 -12.72 -18.68 68.26 -3.63 1.52 -35.78 -0.4 4.04 -11.2 -5.75 2.2 18.49 -0.85 1.8 2.18 1.89 1.09 -8.15 4.36 1.62 -16.45 -6.51 1.99 6.82 -2.57 0.67 4.82 0 0 0 -76.37 -13.48 46.06 35.8 -45.37 -15.38 -0 0 -27.84 22.74 -30.4 -11.97 -7.12 0 -0 -4.84 -2.38 5.06 0 0 0 81.05 22 28.87 -49.47 52.78 -25.75 0 -0 -22.11 -13.78 26.67 -6.28 7.12 -0 -0 9.71 -2.97 9.33
10.16 14.71 -1.83 752.91 86.72 773.35 0 0 0 -11.16 -2.67 -56.09 11.03 17.95 62.89 1.62 -12.9 -23.18 0.01 0.79 2.16 0 0 0 6.58 13.12 -54.89 -12.8 -18.71 68.49 -3.68 1.43 -36.06 -0.34 3.74 -10.35 -5.77 2.2 18.33 -0.74 1.81 2.19 2.02 1.1 -8.05 4.54 1.7 -16.63 -6.78 2.1 6.94 -2.67 0.71 4.9 -0 -0 0 -76.76 -13.25 45.81 36.19 -45.64 -15.66 -0 0 -27.68 22.29 -29.85 -11.53 -7.12 0 -0 -5.02 -1.72 5.19 -0 -0 0 80.84 22.41 28.95 -48.78 52.49 -25.2 0 -0 -21.98 -13.86 26.56 -6.29 7.12 -0 -0 9.65 -3.07 9.26
10.16 14.72 -1.78 756.32 86.97 776.55 0 0 0 -11 -2.5 -55.91 11 17.93 62.77 1.59 -12.93 -23.02 0 0.07 0.19 0 0 0 6.88 13.17 -54.59 -12.79 -18.71 68.47 -3.68 1.04 -36.18 -0.32 3.65 -10.09 -5.42 2.31 18.57 -0.7 2.01 2.18 1.81 1.18 -8.2 4.58 1.72 -16.26 -6.55 2.08 6.69 -2.61 0.73 4.76 -0 0 0 -76.82 -13.12 46.08 36.17 -45.63 -15.64 -0 0 -27.89 22.32 -30.86 -11.89 -7.12 0 -0 -5.14 -2.76 5.41 -0 0 0 80.67 22.39 28.66 -48.51 52.38 -24.99 0 -0 -21.98 -13.73 26.6 -6.25 7.12 -0 -0 9.73 -3.05 9.34
10.16 14.69 -1.74 761.27 86.75 781.57 0 0 0 -11.22 -2.53 -56.05 11.01 17.94 62.82 1.57 -13.01 -22.92 0 0.17 0.46 0 0 0 6.56 13.25 -54.86 -12.91 -18.75 68.84 -3.72 1.02 -36.34 -0.33 3.67 -10.14 -5.66 2.33 18.57 -0.75 1.98 2.09 1.9 1.18 -8.31 4.31 1.9 -16.69 -6.15 2.33 7.09 -2.42 0.86 4.96 -0 -0 0 -76.95 -12.7 45.65 36.76 -46.03 -16.06 -0 0 -27.68 22.04 -30.37 -11.57 -7.12 0 -0 -5.24 -2.2 5.46 -0 -0 0 80.66 22.42 28.94 -48.11 52.2 -24.67 0 -0 -22.06 -13.74 26.83 -6.3 7.12 -0 -0 9.74 -2.81 9.39
10.17 14.7 -1.7 764.62 87.06 784.73 0 0 0 -10.92 -2.61 -55.76 10.98 17.92 62.71 1.56 -13.02 -22.82 0 -0.04 -0.12 0 0 0 6.98 13.05 -54.52 -12.89 -18.74 68.8 -3.75 0.95 -36.52 -0.32 3.63 -10.05 -5.41 2.35 18.52 -0.6 2.08 2.19 1.89 1.22 -8.18 4.45 1.84 -16.44 -6.32 2.24 6.66 -2.5 0.81 4.78 -0 -0 0 -77.13 -12.57 45.9 37.02 -46.2 -16.26 -0 0 -27.7 23.02 -30.88 -12.3 -7.12 0 -0 -4.75 -2.94 5 -0 -0 0 80.51 22.31 28.79 -48.02 52.17 -24.6 0 -0 -22.07 -13.36 26.93 -6.14 7.12 -0 -0 9.98 -2.77 9.63
10.19 14.69 -1.69 780.92 87.61 800.69 0 0 0 -10.6 -3.4 -55.33 11 17.94 62.79 1.55 -13.08 -22.8 0 -0.03 -0.09 0 0 0 7.4 12.19 -54.04 -12.91 -18.75 68.84 -3.8 0.96 -36.79 -0.3 3.51 -9.71 -4.67 1.96 18.86 -0.52 1.72 2.34 1.65 1.02 -8.16 4.9 1.92 -16.87 -6.51 2.26 6.78 -2.63 0.81 4.9 -0 0 0 -77.15 -12.43 45.62 37.53 -46.54 -16.63 -0 0 -27.62 22.56 -30.49 -11.9 -7.12 0 -0 -4.95 -2.43 5.18 -0 0 0 80.56 22.7 28.79 -47.62 51.99 -24.29 0 -0 -22.03 -13.39 26.7 -6.1 7.12 -0 -0 9.95 -2.99 9.56
10.19 14.69 -1.67 786.15 87.47 805.95 0 0 0 -10.69 -3.6 -55.27 10.97 17.92 62.68 1.56 -13.1 -22.84 0 -0.06 -0.16 0 0 0 7.29 12.06 -54.1 -12.93 -18.76 68.91 -3.79 0.79 -36.77 -0.36 3.84 -10.63 -4.75 2 18.87 -0.54 1.75 2.28 1.66 1.04 -8.22 5.13 1.98 -16.81 -6.73 2.33 6.97 -2.73 0.84 4.96 0 0 0 -77.11 -12.59 45.98 37.44 -46.48 -16.56 -0 0 -27.84 22.27 -30.47 -11.73 -7.12 0 -0 -5.12 -2.35 5.34 0 0 0 80.71 22.92 28.55 -46.91 51.67 -23.73 0 -0 -21.83 -13.63 26.37 -6.15 7.12 -0 -0 9.78 -3.29 9.34
10.2 14.7 -1.66 785.91 87.65 805.67 0 0 0 -10.47 -3.53 -55.24 10.96 17.92 62.67 1.53 -13.15 -22.68 0 -0.02 -0.05 0 0 0 7.58 12.08 -53.86 -12.85 -18.73 68.65 -3.81 0.85 -36.85 -0.32 3.63 -10.05 -4.53 1.99 18.86 -0.48 1.77 2.22 1.6 1.05 -8.28 5.05 1.99 -16.54 -6.51 2.33 6.88 -2.65 0.86 4.88 0 -0 0 -77.06 -12.47 46.01 37.53 -46.54 -16.62 -0 0 -27.99 22.22 -30.68 -11.77 -7.12 0 -0 -5.18 -2.55 5.42 0 -0 0 80.91 22.76 28.47 -46.58 51.52 -23.47 0 -0 -21.73 -13.64 26.7 -6.22 7.12 -0 -0 9.8 -2.96 9.42
10.21 14.71 -1.66 787.47 87.52 807.18 0 0 0 -10.67 -3.65 -55.05 10.94 17.91 62.59 1.53 -13.07 -22.63 0 -0.01 -0.03 0 0 0 7.44 11.85 -53.8 -12.84 -18.72 68.62 -3.79 0.81 -36.76 -0.36 3.86 -10.68 -4.62 1.95 18.81 -0.46 1.72 2.27 1.68 1.03 -8.19 5.03 2.16 -16.47 -6.56 2.58 6.77 -2.64 0.98 4.85 0 0 0 -76.98 -12.6 46.21 37.43 -46.47 -16.55 -0 0 -27.92 22.34 -30.96 -11.93 -7.12 0 -0 -5.15 -2.87 5.43 0 0 0 80.99 22.77 28.44 -46.29 51.38 -23.24 0 -0 -21.76 -13.77 26.76 -6.3 7.12 -0 -0 9.72 -2.88 9.36
10.23 14.72 -1.69 778.65 86.73 798.36 0 0 0 -11.63 -3.3 -54.66 10.89 17.88 62.41 1.6 -12.88 -23.04 0 -0.21 -0.57 0 0 0 6.61 11.86 -53.76 -12.84 -18.72 68.62 -3.75 1.21 -36.47 -0.35 3.83 -10.59 -5.26 2.19 18.17 -0.64 1.94 2.45 1.81 1.14 -7.68 4.67 2.21 -16.91 -6.2 2.67 7.04 -2.46 1.03 5 -0 0 0 -76.96 -12.76 46.45 37.53 -46.54 -16.62 -0 0 -27.7 22.26 -30.79 -11.83 -7.12 0 -0 -5.17 -2.68 5.43 -0 0 0 80.9 23 28.29 -45.54 51.03 -22.66 0 -0 -21.98 -13.99 26.68 -6.38 7.12 -0 -0 9.58 -2.93 9.21
10.22 14.7 -1.72 779.77 87.21 799.48 0 0 0 -11.11 -3.6 -54.97 11 17.93 62.78 1.58 -12.99 -22.95 0 0.3 0.83 0 0 0 6.98 11.85 -53.77 -12.82 -18.72 68.56 -3.77 1.08 -36.57 -0.36 3.84 -10.62 -4.71 2.02 18.41 -0.5 1.82 2.46 1.68 1.07 -7.78 5.03 2.28 -16.98 -6.39 2.71 6.93 -2.58 1.04 4.99 -0 -0 0 -76.95 -13.06 46.56 37.28 -46.38 -16.45 -0 0 -27.17 22.62 -31.03 -12.12 -7.12 0 -0 -5 -3 5.28 -0 -0 0 80.89 23.12 28.26 -45.21 50.87 -22.4 0 -0 -22.12 -14 26.29 -6.3 7.12 -0 -0 9.55 -3.32 9.11
10.24 14.72 -1.77 772.94 86.86 792.62 0 0 0 -11.55 -3.47 -54.69 11.01 17.94 62.8 1.62 -13.05 -23.24 0.01 0.59 1.62 0 0 0 6.55 11.95 -53.6 -12.75 -18.69 68.34 -3.74 1.29 -36.38 -0.37 3.9 -10.81 -5.04 2.09 18.07 -0.56 1.86 2.44 1.8 1.09 -7.62 5.41 2.33 -16.42 -6.59 2.72 6.55 -2.7 1.06 4.79 -0 -0 0 -76.69 -12.67 46.57 37.9 -46.77 -16.89 -0 0 -27.53 22.03 -30.78 -11.7 -7.12 0 -0 -5.3 -2.62 5.56 -0 -0 0 81.11 22.86 28.27 -44.39 50.47 -21.77 0 -0 -22.03 -14.4 26.66 -6.57 7.12 -0 -0 9.33 -2.89 8.97
10.25 14.72 -1.84 765.69 86.65 785.36 0 0 0 -11.81 -3.35 -54.55 11.04 17.96 62.92 1.66 -13.06 -23.51 0.03 1.03 2.82 0 0 0 6.3 12.07 -53.42 -12.68 -18.66 68.12 -3.72 1.62 -36.2 -0.37 3.88 -10.74 -5.17 2.23 17.79 -0.48 2.04 2.48 1.92 1.18 -7.45 5.38 2.38 -16.52 -6.49 2.77 6.63 -2.66 1.09 4.83 -0 -0 0 -76.81 -12.77 46.83 38.22 -46.98 -17.12 -0 0 -27.22 22.44 -31.02 -12.02 -7.12 0 -0 -5.1 -2.95 5.38 -0 -0 0 80.75 23.26 27.97 -42.65 49.56 -20.43 0 -0 -22.44 -14.56 26.76 -6.67 7.12 -0 -0 9.25 -2.77 8.91
10.26 14.72 -1.91 762.26 86.48 781.77 0 0 0 -12.04 -3.35 -54.45 11.13 18 63.2 1.65 -13.28 -23.48 0.06 1.57 4.31 0 0 0 6.05 12.03 -53.18 -12.62 -18.64 67.93 -3.7 1.74 -36.06 -0.36 3.88 -10.73 -5.41 2.26 17.77 -0.46 2.05 2.67 2.08 1.19 -7.24 5.25 2.68 -16.81 -6.03 3.15 6.84 -2.45 1.29 4.95 -0 0 0 -76.56 -13.16 46.87 38.38 -47.08 -17.24 -0 0 -27.1 22.42 -31.4 -12.13 -7.12 0 -0 -5.17 -3.34 5.48 -0 0 0 80.62 23.91 27.83 -40.63 48.44 -18.91 0 -0 -22.96 -14.81 27.03 -6.85 7.12 -0 -0 9.12 -2.46 8.83
10.28 14.73 -2.03 751.78 86.36 771.18 0 0 0 -12.08 -3.26 -54.2 11.18 18.02 63.36 1.69 -13.3 -23.76 0.12 2.28 6.28 0 0 0 6.07 12.05 -52.81 -12.46 -18.58 67.44 -3.63 1.81 -35.7 -0.44 4.24 -11.76 -4.86 2.33 17.61 -0.52 2.25 2.64 1.67 1.26 -7.19 5.41 2.66 -16.36 -5.76 3.06 6.58 -2.4 1.28 4.79 -0 0 0 -76.34 -13.04 47.25 38.91 -47.41 -17.63 -0 0 -27.24 22.63 -31.2 -12.19 -7.12 0 -0 -5.02 -3.18 5.31 -0 0 0 80.71 24.16 27.37 -38.49 47.15 -17.33 0 -0 -23.12 -15.24 26.57 -6.95 7.12 -0 -0 8.83 -2.86 8.48
10.27 14.73 -2.14 744.74 85.88 763.95 0 0 0 -12.32 -3.15 -54.09 11.28 18.07 63.68 1.8 -12.92 -24.38 0.09 1.9 5.22 0 0 0 5.79 12.23 -52.72 -12.41 -18.56 67.3 -3.55 1.89 -35.28 -0.51 4.57 -12.69 -5.17 2.5 17.99 -0.51 2.39 2.6 1.8 1.34 -7.46 5.91 2.84 -16.35 -6.01 3.22 6.74 -2.55 1.35 4.86 0 -0 0 -76.16 -13.24 47.17 39.19 -47.58 -17.84 -0 0 -26.87 22.29 -31.08 -11.95 -7.12 0 -0 -5.2 -2.98 5.48 0 -0 0 80.64 24.44 27.21 -36.6 45.92 -15.96 0 -0 -22.48 -15.29 26.2 -6.88 7.12 -0 -0 8.77 -3.22 8.36
10.26 14.72 -2.27 730.1 85.3 749.2 0 0 0 -11.93 -2.55 -54.33 11.46 18.15 64.28 1.88 -12.65 -24.86 0.09 1.94 5.33 0 0 0 6.07 12.93 -52.55 -12.29 -18.51 66.91 -3.44 2.15 -34.64 -0.51 4.56 -12.65 -4.95 2.76 18.21 -0.31 2.76 2.5 1.79 1.52 -7.71 6.02 2.96 -15.72 -5.83 3.37 6.47 -2.5 1.45 4.69 -0 -0 0 -76.06 -13.32 47.38 39.23 -47.6 -17.87 -0 0 -27.27 22.29 -31.71 -12.16 -7.12 0 -0 -5.29 -3.63 5.64 -0 -0 0 80.53 24.35 26.92 -35.15 44.92 -14.92 0 -0 -21.09 -15.04 26.74 -6.9 7.12 -0 -0 8.96 -2.72 8.63
10.27 14.73 -2.41 725.36 84.74 744.26 0 0 0 -12.2 -2.33 -54.13 11.55 18.19 64.54 1.99 -12.11 -25.5 0.05 1.42 3.9 0 0 0 5.9 12.9 -52.27 -12.17 -18.46 66.53 -3.38 2.56 -34.23 -0.51 4.59 -12.74 -5.08 2.89 18.27 -0.29 2.91 2.65 1.84 1.6 -7.6 6.25 3.08 -16.07 -5.8 3.46 6.62 -2.52 1.49 4.8 -0 0 0 -75.63 -13.59 47.47 40.04 -48.09 -18.47 -0 0 -26.91 22.53 -31.2 -12.12 -7.12 0 -0 -5.08 -3.15 5.37 -0 0 0 80.36 24.49 26.93 -34.17 44.21 -14.23 0 -0 -20.62 -15.18 26.69 -6.95 7.12 -0 -0 8.87 -2.75 8.54
10.29 14.77 -2.55 721.18 84.35 739.82 0 0 0 -12.53 -2.18 -53.5 11.45 18.15 64.22 2.06 -11.78 -25.89 0.04 1.33 3.66 0 0 0 5.89 12.62 -51.65 -11.91 -18.35 65.71 -3.25 2.61 -33.52 -0.62 5.05 -14.06 -5.11 2.94 18.17 -0.17 3.01 2.9 1.98 1.64 -7.29 6.07 3.12 -15.91 -5.43 3.51 6.58 -2.37 1.54 4.75 0 -0 0 -75.38 -13.92 47.76 40.45 -48.33 -18.77 -0 0 -26.96 23.19 -31.75 -12.71 -7.12 0 -0 -4.78 -3.86 5.11 0 -0 0 80.02 24.63 26.81 -33.29 43.55 -13.62 0 -0 -20.57 -14.98 26.84 -6.89 7.12 -0 -0 9 -2.63 8.69
10.3 14.79 -2.7 716.8 83.4 735.53 0 0 0 -12.88 -1.67 -53.45 11.37 18.11 63.98 2.12 -11.13 -26.23 0.09 1.98 5.44 0 0 0 5.65 12.78 -51.81 -11.76 -18.29 65.24 -3.04 3.26 -32.25 -0.65 5.14 -14.32 -5.36 3.15 17.87 -0.15 3.25 2.94 2.09 1.76 -7.12 6.21 2.97 -15.39 -5.48 3.32 6.16 -2.43 1.46 4.53 0 0 0 -74.76 -14.08 48.14 40.88 -48.58 -19.1 -0 0 -26.96 22.29 -31.07 -11.95 -7.12 0 -0 -5.19 -2.97 5.48 0 0 0 79.9 24.31 27.09 -33.01 43.34 -13.43 0 -0 -20.58 -14.8 26.92 -6.82 7.12 -0 -0 9.11 -2.57 8.81
10.31 14.82 -2.83 714.73 82.78 733.25 0 0 0 -13.21 -1.58 -52.85 11.26 18.06 63.61 2.15 -10.97 -26.39 0.12 2.27 6.25 0 0 0 5.44 12.38 -51.73 -11.69 -18.26 65.01 -2.83 4.17 -30.9 -0.62 5.04 -14.02 -5.56 3.24 17.7 -0.16 3.36 3.18 2.18 1.81 -6.78 5.76 2.93 -15.47 -5.23 3.32 6.29 -2.28 1.46 4.57 -0 -0 0 -73.91 -14.41 48.58 41.77 -49.08 -19.77 -0 0 -27.18 21.67 -30.76 -11.49 -7.12 0 -0 -5.5 -2.52 5.77 -0 -0 0 79.8 23.81 27.22 -33.47 43.69 -13.75 0 -0 -20.42 -14.57 26.8 -6.68 7.12 -0 -0 9.25 -2.73 8.91
10.32 14.83 -2.95 711.72 81.89 730.12 0 0 0 -13.41 -0.92 -52.73 11.24 18.05 63.56 2.24 -10.78 -26.95 0.15 2.46 6.77 0 0 0 5.38 11.82 -52.31 -11.78 -18.3 65.3 -2.49 5.26 -28.69 -0.57 4.82 -13.4 -5.97 3.35 17.4 -0.04 3.47 3.37 2.54 1.86 -6.45 5.98 2.93 -14.8 -5.85 3.37 6.04 -2.51 1.46 4.41 -0 -0 0 -72.94 -14.66 49.37 41.58 -48.98 -19.62 -0 0 -25.98 24.52 -32.29 -13.69 -7.12 0 -0 -4.13 -4.72 4.46 -0 -0 0 79.74 23.11 27.61 -34.29 44.3 -14.31 0 -0 -20.23 -14.03 26.88 -6.45 7.12 -0 -0 9.57 -2.72 9.24
10.32 14.85 -3.05 708.89 81.14 727.06 0 0 0 -13.36 -0.41 -52.42 11.19 18.03 63.4 2.24 -10.91 -26.91 0.23 3.11 8.6 0 0 0 5.46 11.02 -52.95 -11.94 -18.37 65.81 -2.07 6.6 -25.93 -0.6 4.97 -13.84 -6.35 3.48 17.58 0.04 3.55 3.35 2.8 1.91 -6.61 5.85 2.72 -14.48 -5.78 3.13 6.3 -2.49 1.35 4.42 -0 -0 0 -71.8 -14.89 49.62 42.63 -49.55 -20.42 -0 0 -27.2 22.71 -31.34 -12.28 -7.12 0 -0 -4.99 -3.34 5.3 -0 -0 0 79.96 22.51 27.97 -34.43 44.4 -14.41 0 -0 -20.37 -14.11 27.28 -6.57 7.12 -0 -0 9.56 -2.31 9.29
10.31 14.89 -3.13 705.33 80.26 723.49 0 0 0 -13.06 0.23 -52.33 11.12 17.99 63.17 2.26 -10.74 -27.04 0.27 3.35 9.25 0 0 0 5.56 10.45 -53.74 -12.02 -18.4 66.07 -1.57 8.38 -22.42 -0.7 5.36 -14.92 -6.49 3.59 17.37 0.08 3.69 3.46 2.92 1.98 -6.4 5.99 2.54 -14.79 -6.13 2.89 6.71 -2.64 1.2 4.58 -0 0 0 -70.42 -15.47 50.11 42.95 -49.72 -20.66 -0 0 -27.28 22.11 -30.6 -11.69 -7.12 0 -0 -5.23 -2.45 5.47 -0 0 0 80.19 22.04 28.32 -34.83 44.69 -14.69 0 -0 -20.43 -14.01 27.28 -6.52 7.12 -0 -0 9.61 -2.33 9.35
10.32 14.93 -3.2 703.6 79.65 721.39 0 0 0 -12.95 0.51 -51.58 11 17.94 62.78 2.27 -10.44 -27.08 0.34 3.74 10.33 0 0 0 5.31 9.77 -54.01 -12.07 -18.42 66.2 -1.16 9.93 -19.46 -1.27 7.14 -20.13 -6.66 3.65 17.46 0.14 3.75 3.63 3.05 2.01 -6.28 5.4 2.26 -14.72 -5.87 2.62 6.84 -2.48 1.07 4.59 -0 -0 0 -69.43 -15.84 50.49 43.25 -49.88 -20.89 -0 0 -27.16 22.19 -30.58 -11.72 -7.12 0 -0 -5.18 -2.45 5.42 -0 -0 0 80.21 21.08 28.89 -35.7 45.3 -15.31 0 -0 -20.74 -14.17 27.36 -6.62 7.12 -0 -0 9.52 -2.23 9.27
10.31 14.95 -3.22 701.24 79.11 718.82 0 0 0 -12.39 0.72 -51.23 10.95 17.91 62.62 2.27 -10.02 -27.06 0.31 3.61 9.97 0 0 0 5.19 9.65 -53.96 -12.02 -18.4 66.04 -1.01 11.32 -18.44 -2.17 9.21 -26.44 -6.94 3.67 17.66 0.22 3.73 3.67 3.3 2 -6.36 4.99 1.99 -14.14 -5.66 2.31 6.37 -2.38 0.93 4.32 0 -0 0 -68.14 -16.39 50.91 42.92 -49.71 -20.64 -0 0 -27.03 22.1 -30.66 -11.7 -7.12 0 -0 -5.24 -2.52 5.49 0 -0 0 80.69 20.28 29.37 -36.2 45.65 -15.66 0 -0 -20.85 -13.82 27.41 -6.46 7.12 -0 -0 9.73 -2.22 9.49
10.31 14.97 -3.21 699.16 78.3 717.07 0 0 0 -11.8 1.31 -51.49 10.93 17.9 62.55 2.26 -9.98 -27.04 0.38 3.95 10.93 0 0 0 4.88 10.18 -54.04 -11.79 -18.3 65.31 -0.95 12.52 -18.26 -2.07 9 -25.8 -7.19 3.78 17.21 0.27 3.85 3.51 3.48 2.07 -6.33 5.16 1.65 -14.51 -6.21 1.89 6.8 -2.61 0.69 4.5 -0 -0 0 -67.26 -16.54 50.81 43.08 -49.79 -20.76 -0 0 -26.69 21.66 -30.24 -11.31 -7.12 0 -0 -5.44 -1.99 5.65 -0 -0 0 81.05 19.16 30 -36.92 46.14 -16.18 0 -0 -20.95 -13.75 27.48 -6.44 7.12 -0 -0 9.78 -2.17 9.54
10.32 15.02 -3.18 698.43 78.03 716.44 0 0 0 -11.6 1.65 -51.37 10.79 17.83 62.11 2.24 -9.62 -26.91 0.31 3.56 9.83 0 0 0 4.19 10.45 -53.24 -11.24 -18.05 63.56 -1.15 10.87 -19.52 -1.79 8.41 -23.98 -7.31 3.75 17.06 0.21 3.78 3.38 3.5 2.04 -6.39 4.77 1.37 -14.76 -6.07 1.56 6.93 -2.53 0.52 4.56 0 0 0 -66.47 -16.83 50.68 42.87 -49.68 -20.6 -0 0 -26.46 22.05 -30.76 -11.7 -7.12 0 -0 -5.29 -2.6 5.55 0 0 0 81.3 17.73 30.32 -38.12 46.91 -17.05 0 -0 -20.88 -12.86 27.29 -5.98 7.12 -0 -0 10.29 -2.48 10
10.32 15.04 -3.12 696.18 78.07 714.37 0 0 0 -10.88 1.74 -51.36 10.73 17.8 61.89 2.21 -9.67 -26.74 0.27 3.36 9.29 0 0 0 3.72 10.75 -52.2 -10.56 -17.71 61.33 -1.31 8.65 -20.5 -1.41 7.51 -21.23 -7.11 3.55 16.93 0.22 3.57 3.37 3.45 1.93 -6.3 4.18 1.14 -15.7 -5.67 1.32 7.59 -2.34 0.4 4.89 -0 0 0 -65.82 -17.59 49.83 42.59 -49.53 -20.39 -0 0 -26.53 22.04 -30.96 -11.76 -7.12 0 -0 -5.32 -2.81 5.6 -0 0 0 81.55 16.72 30.96 -39.15 47.56 -17.81 0 -0 -20.82 -12.89 26.92 -5.91 7.12 -0 -0 10.26 -2.85 9.9
10.31 15.04 -3.03 695.47 77.97 713.67 0 0 0 -10.33 1.99 -51.28 10.64 17.75 61.61 2.2 -9.59 -26.64 0.23 3.08 8.51 0 0 0 3.07 11.13 -51.15 -9.87 -17.34 59.07 -1.39 5.88 -21.13 -0.8 5.69 -15.9 -7.07 3.53 16.88 0.13 3.55 3.35 3.35 1.91 -6.27 3.98 0.86 -15 -5.68 0.98 6.62 -2.33 0.24 4.46 0 0 0 -65.67 -17.91 48.14 42.77 -49.63 -20.52 -0 0 -25.65 20.77 -30.85 -11 -7.12 0 -0 -6.03 -2.43 6.32 0 0 0 81.64 15.3 31.48 -40.5 48.36 -18.81 0 -0 -21.28 -12.5 27.13 -5.77 7.12 -0 -0 10.5 -2.68 10.17
10.31 15.08 -2.93 695.16 77.98 713.32 0 0 0 -9.96 2.24 -50.83 10.43 17.65 60.92 2.14 -9.67 -26.27 0.26 3.26 9.01 0 0 0 2.54 11.04 -49.87 -9.13 -16.89 56.55 -1.48 3.79 -22.1 -0.53 4.68 -13.01 -6.92 3.45 17.16 0.12 3.44 3.25 3.26 1.87 -6.51 4.25 0.68 -14.87 -6.53 0.78 6.3 -2.65 0.1 4.34 0 -0 0 -66.3 -17.9 45.68 43.41 -49.96 -21.01 -0 0 -25.3 20.21 -30.37 -10.54 -7.12 0 -0 -6.29 -1.83 6.53 0 -0 0 81.43 14.14 31.93 -41.4 48.88 -19.49 0 -0 -21.32 -12.2 27.55 -5.71 7.12 -0 -0 10.7 -2.31 10.45
10.3 15.11 -2.79 695.93 77.89 714.14 0 0 0 -9.62 2.61 -50.45 10.19 17.52 60.12 2.05 -9.55 -25.73 0.24 3.12 8.63 0 0 0 1.84 11.13 -49.11 -8.57 -16.52 54.6 -1.54 2 -22.91 -0.49 4.5 -12.5 -7.02 3.44 17.12 0.05 3.4 3.32 3.26 1.85 -6.41 3.96 0.54 -14.68 -6.84 0.67 5.72 -2.71 0.03 4.13 -0 0 0 -66.77 -18.41 43.2 43.24 -49.88 -20.88 -0 0 -25.6 21.29 -30.93 -11.33 -7.12 0 -0 -5.74 -2.62 6.03 -0 0 0 81.3 13.44 32.3 -42.1 49.27 -20.02 0 -0 -21.36 -11.84 27.8 -5.58 7.12 -0 -0 10.93 -2.11 10.72
10.28 15.14 -2.62 695.76 78.02 714.23 0 0 0 -8.99 2.8 -50.36 9.99 17.4 59.44 1.98 -9.65 -25.23 0.2 2.89 7.99 0 0 0 1.34 10.82 -48.83 -8.17 -16.25 53.18 -1.39 -0.52 -22.46 -0.28 3.43 -9.48 -6.8 3.34 17.06 0.09 3.32 3.33 3.19 1.8 -6.35 3.89 0.61 -15.01 -7.4 0.82 5.63 -2.86 0.07 4.16 -0 0 0 -67.66 -18.8 40.48 43.47 -50 -21.06 -0 0 -26.23 22.41 -30.93 -11.96 -7.12 0 -0 -5.11 -2.85 5.38 -0 0 0 81.02 12.98 32.45 -42.83 49.66 -20.57 0 -0 -21.48 -11.76 27.8 -5.54 7.12 -0 -0 10.98 -2.12 10.77
10.27 15.18 -2.42 697.14 78.25 715.66 0 0 0 -8.64 3.11 -49.89 9.65 17.21 58.31 1.86 -9.54 -24.49 0.14 2.38 6.56 0 0 0 0.24 10.96 -48.22 -7.82 -15.99 51.92 -1.13 -2.49 -21.12 -0.06 1.54 -4.24 -6.84 3.28 17.25 0.04 3.22 3.33 3.18 1.76 -6.44 3.84 0.61 -14.95 -8.04 0.88 5.31 -3.05 0.08 4.07 0 -0 0 -68.29 -19.07 38.26 43.78 -50.16 -21.3 -0 0 -27.32 23.6 -30.76 -12.59 -7.12 0 -0 -4.4 -2.94 4.64 0 -0 0 80.71 12.65 32.65 -42.98 49.74 -20.68 0 -0 -21.64 -11.74 27.81 -5.54 7.12 -0 -0 10.99 -2.12 10.78
10.24 15.19 -2.18 698.49 78.6 717.15 0 0 0 -8.1 3.13 -49.53 9.38 17.05 57.4 1.78 -9.18 -23.92 0.05 1.49 4.1 0 0 0 -0.99 11.25 -47.83 -7.61 -15.83 51.16 -0.93 -4.02 -20.06 -0.19 2.78 -7.66 -6.68 3.13 17.51 -0.08 3.02 3.28 3 1.66 -6.6 3.53 0.63 -15.07 -8.03 0.98 5.29 -2.98 0.12 4.09 -0 -0 0 -68.44 -19.25 36.13 44.34 -50.44 -21.73 -0 0 -28.23 22.76 -29.9 -11.81 -7.12 0 -0 -4.76 -1.87 4.93 -0 -0 0 80.67 12.34 32.73 -43.59 50.06 -21.15 0 -0 -21.55 -11.5 27.46 -5.36 7.12 -0 -0 11.11 -2.49 10.83
10.23 15.21 -1.91 699.05 78.98 717.83 0 0 0 -7.26 3.22 -49.02 9.08 16.86 56.36 1.69 -9.09 -23.29 0.01 0.67 1.85 0 0 0 -1.87 11.63 -47.19 -7.4 -15.66 50.38 -0.78 -3.56 -18.33 -0.67 5.22 -14.52 -6.31 3 17.43 -0.07 2.94 3.43 2.82 1.61 -6.37 3.81 0.51 -15.24 -8.86 0.82 4.93 -3.3 0.01 4 0 -0 0 -68.57 -19.83 34.46 44.29 -50.41 -21.69 -0 0 -28.52 22.45 -30.31 -11.78 -7.12 0 -0 -4.99 -2.22 5.2 0 -0 0 80.26 12.48 32.69 -43.93 50.23 -21.42 0 -0 -21.84 -11.56 27.44 -5.38 7.12 -0 -0 11.08 -2.51 10.79
10.21 15.18 -1.6 701.42 80.5 719.76 0 0 0 -6.63 2.26 -48.12 8.86 16.72 55.6 1.59 -9.01 -22.59 0.01 0.5 1.37 0 0 0 -2.27 10.25 -46.45 -7.54 -15.77 50.88 -0.85 -0.07 -17.41 -1.9 8.65 -24.71 -5.99 2.52 18.15 -0.11 2.34 3.56 2.73 1.32 -6.55 3.42 0.65 -15.1 -8.93 1.08 4.62 -3.23 0.14 3.9 -0 0 0 -68.35 -19.91 33.47 44.59 -50.57 -21.92 -0 0 -28.34 22.72 -30.02 -11.83 -7.12 0 -0 -4.8 -1.98 4.98 -0 0 0 80.05 12.16 32.82 -44.95 50.74 -22.2 0 -0 -21.94 -11.89 27.46 -5.55 7.12 -0 -0 10.88 -2.44 10.6
10.17 15.14 -1.25 704.79 81.05 723.2 0 0 0 -5.93 2.32 -47.9 8.66 16.58 54.9 1.51 -8.57 -21.98 0.04 -1.23 -3.39 0 0 0 -1.57 8.58 -47.47 -7.9 -16.05 52.21 -0.97 2.86 -17.88 -2.06 8.99 -25.78 -5.96 2.5 18.34 -0.22 2.29 3.48 2.59 1.3 -6.72 3.47 0.62 -14.71 -9.22 1.05 4.41 -3.33 0.12 3.77 0 -0 0 -68.07 -20.08 33.13 44.54 -50.54 -21.88 -0 0 -27.95 22.96 -29.94 -11.94 -7.12 0 -0 -4.65 -1.95 4.82 0 -0 0 79.8 12.12 32.94 -45.13 50.83 -22.34 0 -0 -22.11 -12.33 27.42 -5.75 7.12 -0 -0 10.62 -2.42 10.34
10.15 15.1 -0.87 705.44 81.81 723.88 0 0 0 -4.61 2.42 -47.77 8.49 16.47 54.31 1.39 -8.94 -21.14 0.05 -1.45 -4 0 0 0 0.77 6.1 -48.98 -8.41 -16.41 54.02 -1.21 4.08 -19.86 -1.46 7.63 -21.59 -5.68 2.33 18.39 -0.17 2.12 3.44 2.52 1.22 -6.78 3.56 0.69 -14.86 -9.39 1.17 4.78 -3.39 0.16 3.93 0 -0 0 -67.46 -19.89 32.66 44.83 -50.69 -22.11 -0 0 -28.14 22.1 -30.05 -11.49 -7.12 0 -0 -5.16 -1.88 5.35 0 -0 0 79.7 12 33.25 -45.74 51.13 -22.81 0 -0 -22.19 -12.43 27.15 -5.74 7.12 -0 -0 10.55 -2.68 10.22
10.13 15.06 -0.48 709.63 82.46 727.81 0 0 0 -3.82 2.6 -46.9 8.15 16.23 53.11 1.28 -9.18 -20.33 0.03 -1.17 -3.23 0 0 0 2.29 4.48 -50.08 -8.96 -16.78 55.94 -1.47 5.1 -21.85 -1.09 6.63 -18.63 -5.54 2.24 18.48 -0.3 2.02 3.55 2.34 1.16 -6.68 3.53 0.61 -14.59 -9.59 1.08 4.5 -3.45 0.12 3.79 -0 0 0 -66.79 -20.06 32.68 44.6 -50.57 -21.93 -0 0 -28.07 22.12 -30.21 -11.56 -7.12 0 -0 -5.17 -2.05 5.37 -0 0 0 79.47 12.44 33.66 -45.4 50.96 -22.55 0 -0 -22.5 -12.53 27.03 -5.77 7.12 -0 -0 10.47 -2.78 10.13
10.11 15.03 -0.09 715.93 83.1 733.74 0 0 0 -3.27 2.77 -45.81 7.73 15.92 51.59 1.19 -8.52 -19.52 0.28 -3.41 -9.42 0 0 0 2.69 4.22 -50.21 -9.38 -17.05 57.39 -1.65 6.39 -23.06 -1.36 7.37 -20.82 -5.5 2.11 18.69 -0.42 1.84 3.6 2.22 1.08 -6.72 3.51 0.84 -14.68 -9.75 1.45 5.07 -3.48 0.28 4.01 -0 -0 0 -66.45 -19.74 32.65 44.65 -50.6 -21.97 -0 0 -27.78 21.67 -30.68 -11.46 -7.12 0 -0 -5.49 -2.44 5.75 -0 -0 0 79.36 12.6 33.99 -45.46 50.99 -22.6 0 -0 -22.43 -12.41 26.79 -5.66 7.12 -0 -0 10.54 -3.03 10.14
10.09 14.97 0.29 722.32 83.75 740.07 0 0 0 -2.62 3.2 -45.42 7.42 15.67 50.43 1.02 -8.83 -18.2 0.45 -4.28 -11.87 0 0 0 2.98 4.42 -50.34 -9.79 -17.29 58.8 -1.94 7.99 -25.01 -1.28 7.17 -20.23 -4.91 1.83 18.56 -0.69 1.58 3.57 1.67 0.94 -6.64 3.85 1.07 -13.94 -10.12 1.7 4.62 -3.63 0.42 3.78 0 -0 0 -66.17 -19.2 32.47 44.78 -50.66 -22.07 -0 0 -27.23 21.23 -30.58 -11.18 -7.12 0 -0 -5.73 -2.25 5.98 0 -0 0 79.54 13.31 34.28 -44.58 50.56 -21.91 0 -0 -22.58 -12.5 26.89 -5.73 7.12 -0 -0 10.49 -2.92 10.11
10.08 14.96 0.63 730.79 84.53 748.9 0 0 0 -2.15 3.17 -45.38 7.01 15.34 48.93 0.87 -9.23 -16.91 0.66 -5.21 -14.51 0 0 0 3.66 4.16 -50.97 -10.1 -17.46 59.81 -2.2 8.07 -26.69 -1.13 6.75 -18.98 -4.06 1.44 18.24 -0.93 1.22 3.31 1.02 0.74 -6.7 2.54 0.8 -14.34 -8.69 1.48 5.26 -2.98 0.33 3.99 0 -0 0 -66.4 -18.49 32.45 44.92 -50.73 -22.17 -0 0 -27.43 21.05 -30.92 -11.19 -7.12 0 -0 -5.88 -2.56 6.17 0 -0 0 79.63 13.82 34.42 -43.67 50.1 -21.22 0 -0 -22.34 -13.07 26.84 -5.98 7.12 -0 -0 10.14 -2.9 9.77
10.06 14.99 0.94 740.16 84.67 758.3 0 0 0 -1.95 3.62 -45.08 6.66 15.04 47.57 0.57 -9.16 -13.99 0.85 -5.88 -16.44 0 0 0 3.94 4.88 -51.14 -10.32 -17.59 60.56 -2.36 7.43 -27.71 -1 6.35 -17.81 -3.74 1.25 18.37 -1.14 1.01 3.31 0.66 0.64 -6.76 3.7 1.29 -13.81 -9.85 1.96 4.14 -3.49 0.57 3.62 -0 -0 0 -67.14 -17.41 32.11 46.09 -51.29 -23.08 -0 0 -27.61 21.1 -31.11 -11.28 -7.12 0 -0 -5.87 -2.77 6.18 -0 -0 0 79.32 14.75 34.9 -43.02 49.76 -20.72 0 -0 -22.46 -13.97 26.89 -6.42 7.12 -0 -0 9.61 -2.72 9.28
10.05 15.03 1.22 754.36 84.64 772.48 0 0 0 -2.37 4.11 -45.44 6.46 14.86 46.78 0.28 -9.13 -10.63 1.08 -6.6 -18.54 0 0 0 3.66 5.35 -50.91 -10.46 -17.66 61.01 -2.53 7.21 -28.76 -0.78 5.63 -15.71 -3.81 1.04 18.32 -1.34 0.73 3.37 0.55 0.5 -6.65 3.62 1.41 -14.3 -9.69 2.13 4.3 -3.42 0.65 3.76 0 0 0 -68.24 -16.61 32.16 46.91 -51.67 -23.73 -0 0 -27.94 21.28 -31.1 -11.37 -7.12 0 -0 -5.77 -2.79 6.08 0 0 0 78.62 15.75 35.4 -42.3 49.37 -20.16 0 -0 -23.04 -14.84 26.91 -6.84 7.12 -0 -0 9.09 -2.57 8.79
10.03 15.04 1.47 767.92 84.93 786.23 0 0 0 -2.14 3.96 -46.32 6.4 14.81 46.58 0.06 -9.22 -7.53 0.42 -4.17 -11.55 0 0 0 3.89 5.52 -50.92 -10.54 -17.7 61.27 -2.71 6.69 -29.85 -0.55 4.77 -13.25 -3.45 0.83 18.23 -1.36 0.53 3.36 0.38 0.4 -6.6 3.31 1.33 -14.61 -9.24 2.05 4.41 -3.24 0.62 3.83 -0 -0 0 -69.66 -16.02 32.62 47.44 -51.91 -24.14 -0 0 -27.96 20.51 -31.11 -10.94 -7.12 0 -0 -6.21 -2.64 6.53 -0 -0 0 77.64 16.75 35.74 -41.91 49.16 -19.87 0 -0 -23.51 -15.6 26.27 -7.04 7.12 -0 -0 8.59 -3.11 8.2
10.01 15.06 1.66 788.65 85.53 807.21 0 0 0 -1.55 3 -47.01 6.24 14.66 45.94 -0.07 -9.69 -5.44 0.59 -4.91 -13.64 0 0 0 4.54 4.9 -51.21 -10.64 -17.76 61.62 -2.85 5.67 -30.78 -0.62 5.05 -14.06 -2.45 0.35 17.89 -1.25 0.09 3.3 0.02 0.16 -6.48 3.42 1.37 -14.06 -8.84 2.03 4.18 -3.13 0.64 3.66 0 0 0 -70.91 -15.51 33.61 47.81 -52.07 -24.44 -0 0 -27.83 19.74 -30.95 -10.45 -7.12 0 -0 -6.63 -2.32 6.94 0 0 0 76.7 17 35.87 -42.21 49.33 -20.1 0 -0 -23.23 -15.99 26.11 -7.19 7.12 -0 -0 8.34 -3.22 7.95
10.01 15.09 1.81 795.73 85.05 814.03 0 0 0 -1.73 2.78 -46.14 5.89 14.32 44.54 -0.02 -10.02 -6.67 0.75 -5.52 -15.39 0 0 0 4.65 4.86 -50.74 -10.62 -17.74 61.54 -2.91 4.31 -31.33 -0.83 5.82 -16.27 -2.37 0.33 17.85 -1.29 0.09 3.4 -0.06 0.16 -6.34 3.59 1.33 -13.97 -8.48 1.91 4.18 -3.05 0.6 3.63 -0 -0 0 -72.45 -14.56 34.29 48.56 -52.4 -25.03 -0 0 -27.44 19 -31.76 -10.27 -7.12 0 -0 -7.15 -3.01 7.58 -0 -0 0 75.53 17.85 36.27 -41.9 49.16 -19.86 0 -0 -23.19 -16.33 26.25 -7.38 7.12 -0 -0 8.15 -3.02 7.79
10.01 15.11 1.92 796.44 84.79 814.82 0 0 0 -1.63 2.79 -45.49 5.51 13.94 43 -0.03 -10.35 -6.82 0.77 -5.61 -15.66 0 0 0 4.68 5.68 -50.6 -10.63 -17.75 61.56 -2.97 3.79 -31.77 -0.73 5.47 -15.26 -2.41 0.44 17.93 -1.26 0.21 3.19 -0.04 0.22 -6.62 4.23 1.5 -14.04 -8.57 2.01 4.09 -3.18 0.66 3.63 -0 -0 0 -73.79 -13.27 34.85 49.67 -52.86 -25.91 -0 0 -27.15 17.73 -31.55 -9.5 -7.12 0 -0 -7.85 -2.56 8.27 -0 -0 0 74.49 18.52 36.83 -41.76 49.08 -19.76 0 -0 -23.29 -16.55 26.24 -7.48 7.12 -0 -0 8.02 -2.99 7.66
10.01 15.1 1.98 798.32 84.42 816.68 0 0 0 -1.63 2.08 -44.62 5.21 13.62 41.73 -0.07 -10.13 -5.86 0.65 -5.17 -14.39 0 0 0 4.46 5.74 -50.62 -10.71 -17.79 61.84 -3.02 3.87 -32.01 -0.62 5.05 -14.04 -2.64 0.53 17.96 -1.22 0.28 3.06 0.12 0.26 -6.77 3.09 1.37 -14.55 -6.86 1.91 4.52 -2.47 0.65 3.8 0 0 0 -74.98 -11.82 35.35 50.71 -53.28 -26.74 -0 0 -26.74 17.03 -32.09 -9.24 -7.12 0 -0 -8.31 -2.97 8.82 0 0 0 73.56 19.47 36.93 -41.02 48.67 -19.21 0 -0 -22.94 -15.84 26.2 -7.14 7.12 -0 -0 8.44 -3.14 8.05
10.03 15.12 2.02 798.76 84.52 817.32 0 0 0 -1.49 2.15 -44.26 4.96 13.34 40.66 -0.13 -8.99 -3.51 0.49 -4.48 -12.42 0 0 0 4.76 5.67 -50.73 -10.66 -17.76 61.66 -3.01 3.9 -31.93 -0.61 5.01 -13.95 -2.58 0.62 17.59 -1.08 0.43 2.97 0.21 0.32 -6.67 3.56 1.45 -14.85 -6.58 1.89 4.57 -2.46 0.66 3.86 -0 0 0 -75.81 -10.79 35.69 51.19 -53.46 -27.13 -0 0 -26.9 16.22 -32.25 -8.83 -7.12 0 -0 -8.78 -2.98 9.33 -0 0 0 72.74 19.96 36.92 -41.52 48.95 -19.58 0 -0 -22.8 -15.41 26.22 -6.94 7.12 -0 -0 8.7 -3.19 8.3
10.03 15.11 2.01 798.52 84.75 817.11 0 0 0 -1.12 1.91 -43.56 4.81 13.16 39.98 -0.06 -8.12 -4.28 0.68 -5.27 -14.67 0 0 0 4.97 5.33 -50.95 -10.68 -17.77 61.72 -2.99 4.55 -31.71 -0.53 4.68 -12.99 -2.35 0.74 17.38 -0.92 0.63 2.99 0.2 0.42 -6.54 3.62 1.44 -15.15 -5.92 1.8 4.58 -2.27 0.65 3.9 0 0 0 -76.46 -9.73 35.94 52.07 -53.8 -27.84 -0 0 -26.92 15.53 -32.04 -8.38 -7.12 0 -0 -9.15 -2.65 9.68 0 0 0 72.38 21.31 36.25 -40.9 48.6 -19.11 0 -0 -22.42 -15.44 26.46 -7.01 7.12 -0 -0 8.7 -2.94 8.34
10.04 15.11 1.95 795.98 84.43 814.37 0 0 0 -1.68 1.99 -42.68 4.63 12.95 39.18 -0.05 -8 -4.6 0.44 -4.26 -11.8 0 0 0 4.51 4.65 -51.02 -10.72 -17.8 61.87 -2.94 5.75 -31.26 -0.43 4.21 -11.67 -2.7 0.87 17.77 -0.92 0.73 2.87 0.37 0.47 -6.89 4.01 1.44 -15.15 -5.82 1.71 4.36 -2.31 0.62 3.83 -0 -0 0 -76.86 -8.69 36 52.17 -53.83 -27.91 -0 0 -26.75 15.62 -32.05 -8.44 -7.12 0 -0 -9.1 -2.68 9.64 -0 -0 0 72.3 21.73 35.42 -41.57 48.97 -19.61 0 -0 -22.26 -15.01 26.44 -6.81 7.12 -0 -0 8.96 -3.03 8.58
10.04 15.08 1.88 794.03 84.44 812.57 0 0 0 -2.16 2.18 -42.68 4.6 12.92 39.08 0.06 -7.87 -6.78 1.29 -7.19 -20.29 0 0 0 4.19 4.53 -51.49 -10.86 -17.86 62.32 -2.92 6.08 -31.1 -0.43 4.23 -11.72 -2.84 1.04 17.74 -0.76 0.92 2.73 0.57 0.57 -7.03 3.69 1.3 -15.03 -5.16 1.52 4.13 -2.07 0.56 3.72 -0 -0 0 -76.98 -7.95 36.16 51.86 -53.72 -27.67 -0 0 -26.76 15.5 -32.06 -8.38 -7.12 0 -0 -9.16 -2.67 9.7 -0 -0 0 72.24 22.17 34.53 -41.82 49.11 -19.81 0 -0 -22.08 -16.05 26.48 -7.31 7.12 -0 -0 8.34 -2.83 8
10.04 15.06 1.75 792.94 84.52 811.48 0 0 0 -2.89 2.42 -42.98 4.69 13.02 39.46 0.17 -7.6 -8.52 1.45 -7.62 -21.58 0 0 0 3.93 4.08 -51.63 -10.88 -17.88 62.39 -2.89 5.59 -31 -0.71 5.38 -14.99 -2.6 1.01 17.64 -0.68 0.94 2.8 0.52 0.57 -6.9 3.7 1.36 -15.42 -4.94 1.57 4.27 -2 0.59 3.82 0 -0 0 -76.79 -7.62 35.98 51.24 -53.48 -27.17 -0 0 -26.56 15.59 -31.96 -8.4 -7.12 0 -0 -9.1 -2.59 9.63 0 -0 0 72.41 22.69 33.41 -42.79 49.64 -20.54 0 -0 -21.97 -16.04 27.18 -7.48 7.12 -0 -0 8.4 -2.12 8.17
10.05 15.02 1.61 790.15 84.3 808.72 0 0 0 -4.17 3.08 -43.52 4.83 13.19 40.09 0.31 -7.3 -10.37 1.4 -7.48 -21.15 0 0 0 3.05 4.09 -51.88 -10.96 -17.92 62.66 -2.85 5.62 -30.75 -0.78 5.64 -15.75 -2.8 1.14 17.53 -0.69 1.08 2.74 0.6 0.64 -6.91 3.71 1.41 -15.87 -4.7 1.62 4.75 -1.92 0.62 4.04 0 0 0 -76.22 -7.51 35.99 50.37 -53.14 -26.47 -0 0 -26.39 15.88 -31.73 -8.51 -7.12 0 -0 -8.92 -2.4 9.4 0 0 0 72.8 23 32.15 -43.44 49.98 -21.04 0 -0 -21.6 -15.49 26.54 -7.06 7.12 -0 -0 8.67 -2.85 8.33
10.05 14.98 1.44 789.35 83.93 807.77 0 0 0 -5.52 3.54 -44.03 5.06 13.45 41.08 0.41 -7.72 -11.86 1.48 -7.7 -21.8 0 0 0 1.84 3.91 -51.92 -11.03 -17.95 62.87 -2.82 5.95 -30.58 -0.72 5.43 -15.15 -3.09 1.21 17.7 -0.65 1.11 2.71 0.79 0.67 -7.05 3.62 1.21 -15.3 -4.61 1.36 4.62 -1.9 0.5 3.9 0 -0 0 -75.82 -7.57 36.12 49.42 -52.76 -25.71 -0 0 -26.07 16.7 -31.79 -8.98 -7.12 0 -0 -8.46 -2.61 8.94 0 -0 0 72.97 22.84 31.06 -44.5 50.52 -21.85 0 -0 -21.46 -15.16 26.68 -6.93 7.12 -0 -0 8.88 -2.77 8.55
10.06 14.97 1.24 782.38 84.23 800.36 0 0 0 -5.57 4.31 -44.39 5.42 13.84 42.6 0.46 -8.96 -12.76 1.42 -7.54 -21.32 0 0 0 1.65 4.1 -51.32 -10.94 -17.9 62.58 -2.77 5.6 -30.33 -0.98 6.3 -17.66 -2.78 1.41 18.02 -0.46 1.44 2.89 0.74 0.82 -7.04 4.02 1.23 -15.27 -4.71 1.33 4.58 -2 0.49 3.88 0 0 0 -75.28 -8.13 36.13 48.6 -52.41 -25.06 -0 0 -25.95 16.63 -31.47 -8.86 -7.12 0 -0 -8.46 -2.28 8.89 0 0 0 73.1 23.36 30.05 -44.84 50.69 -22.12 0 -0 -21.28 -15.28 26.97 -7.06 7.12 -0 -0 8.83 -2.45 8.55
10.06 14.96 1.03 777.52 84.24 795.53 0 0 0 -6.11 5.01 -45.73 5.85 14.28 44.39 0.42 -10.31 -12.76 0.91 -6.09 -17.04 0 0 0 1.02 4 -51.38 -10.83 -17.85 62.23 -2.68 5.74 -29.8 -1.07 6.57 -18.46 -2.9 1.55 18.09 -0.28 1.61 2.84 0.96 0.91 -7.14 3.67 1.14 -15.59 -4.21 1.22 4.97 -1.8 0.45 4.04 0 0 0 -74.82 -8.58 36.08 47.85 -52.09 -24.47 -0 0 -25.64 17.03 -31.38 -9.06 -7.12 0 -0 -8.23 -2.26 8.64 0 0 0 73.2 23.36 29.23 -45.54 51.03 -22.66 0 -0 -21.06 -15.17 26.88 -6.99 7.12 -0 -0 8.89 -2.56 8.59
10.06 14.93 0.82 770.91 83.93 788.95 0 0 0 -7.06 6.05 -46.84 6.26 14.68 46.03 0.41 -11.23 -12.99 0.61 -4.99 -13.88 0 0 0 0.25 3.87 -51.51 -10.69 -17.78 61.76 -2.58 6.03 -29.14 -1.1 6.66 -18.72 -3.32 1.82 17.64 -0.18 1.91 3.12 1.24 1.06 -6.62 3.98 1.24 -15.87 -4.52 1.32 5.08 -1.93 0.48 4.13 0 -0 0 -74.28 -9.59 36.12 47.1 -51.75 -23.87 -0 0 -25.93 17.46 -31.48 -9.32 -7.12 0 -0 -8 -2.43 8.41 0 -0 0 73.09 23.64 28.36 -46.19 51.34 -23.16 0 -0 -20.93 -14.82 27.18 -6.89 7.12 -0 -0 9.12 -2.31 8.86
10.06 14.94 0.58 765.02 83.72 783.23 0 0 0 -7.67 6.06 -47.85 6.7 15.07 47.72 0.55 -10.98 -14.27 0.71 -5.38 -15 0 0 0 -0.43 3.69 -51.5 -10.46 -17.66 61 -2.46 6.67 -28.35 -0.95 6.22 -17.41 -3.31 1.93 17.84 -0.12 2.04 2.82 1.26 1.13 -7.06 3.71 1.16 -15.88 -4.17 1.24 5.48 -1.79 0.45 4.25 -0 0 0 -73.66 -9.75 36.28 46.56 -51.51 -23.46 -0 0 -26.19 18 -31.44 -9.62 -7.12 0 -0 -7.69 -2.49 8.08 -0 0 0 73.34 23.01 27.86 -46.83 51.64 -23.67 0 -0 -20.34 -14.36 27.2 -6.68 7.12 -0 -0 9.4 -2.35 9.13
10.06 14.93 0.35 756.99 83.5 775.23 0 0 0 -7.93 6.24 -48.73 7.17 15.47 49.52 0.62 -11.22 -15.03 0.48 -4.43 -12.28 0 0 0 -0.79 3.73 -51.43 -10.21 -17.53 60.18 -2.3 6.55 -27.42 -1.19 6.91 -19.45 -3.36 2.05 17.41 0.07 2.24 3.2 1.47 1.22 -6.44 3.37 1.01 -16.48 -3.94 1.07 5.68 -1.68 0.37 4.39 -0 -0 0 -73.1 -10.79 36.12 46.09 -51.29 -23.08 -0 0 -26.33 18.43 -31.35 -9.83 -7.12 0 -0 -7.43 -2.48 7.81 -0 -0 0 73.34 23.57 27.2 -47.03 51.72 -23.82 0 -0 -19.96 -13.88 27.33 -6.47 7.12 -0 -0 9.69 -2.3 9.44
10.07 14.92 0.11 748.22 83.1 766.53 0 0 0 -8.18 6.64 -49.51 7.6 15.82 51.11 0.74 -11.23 -16.18 0.45 -4.32 -11.97 0 0 0 -1.03 3.98 -51.24 -9.9 -17.35 59.14 -2.2 6.75 -26.76 -1.18 6.88 -19.37 -3.38 2.18 17.31 0.2 2.41 3.2 1.58 1.3 -6.41 3.71 1.2 -16.2 -4.38 1.31 5.71 -1.85 0.47 4.37 0 0 0 -72.35 -11.27 36.12 45.7 -51.11 -22.78 -0 0 -26.81 19.08 -31.91 -10.36 -7.12 0 -0 -7.13 -3.17 7.57 0 0 0 73.65 23.53 26.95 -47.06 51.74 -23.84 0 -0 -20.1 -13.61 27.49 -6.38 7.12 -0 -0 9.87 -2.17 9.63
10.06 14.92 -0.13 743.18 82.46 761.55 0 0 0 -8.71 6.6 -50.16 8 16.12 52.56 0.87 -10.91 -17.21 0.35 -3.82 -10.58 0 0 0 -1.64 3.98 -51.26 -9.61 -17.18 58.17 -2.05 6.58 -25.79 -1.51 7.75 -21.96 -3.54 2.23 17.87 0.17 2.41 2.84 1.61 1.31 -7.09 3.54 1.23 -16.14 -4.47 1.4 6.17 -1.84 0.5 4.51 0 0 0 -71.63 -11.24 36.17 45.42 -50.97 -22.56 -0 0 -26.97 18.76 -31.14 -9.96 -7.12 0 -0 -7.22 -2.33 7.56 0 0 0 74.14 22.58 26.93 -48.01 52.16 -24.59 0 -0 -20.24 -13.39 27.05 -6.18 7.12 -0 -0 9.97 -2.65 9.64
10.08 14.91 -0.34 737.73 81.8 756.11 0 0 0 -8.99 6.69 -50.7 8.39 16.4 53.95 1.03 -10.54 -18.45 0.4 -4.06 -11.25 0 0 0 -2.08 4.28 -51.12 -9.37 -17.04 57.36 -1.93 6.77 -24.97 -1.43 7.56 -21.4 -3.7 2.32 17.86 0.17 2.49 2.79 1.68 1.35 -7.16 3.93 1.38 -16.35 -5 1.59 6.7 -2.06 0.56 4.72 0 0 0 -70.78 -11.59 36.29 45.27 -50.9 -22.45 -0 0 -27.2 18.66 -30.88 -9.84 -7.12 0 -0 -7.24 -2.06 7.55 0 0 0 74.65 22.57 26.83 -47.45 51.91 -24.15 0 -0 -20.27 -13.79 27.23 -6.41 7.12 -0 -0 9.74 -2.41 9.46
10.08 14.91 -0.56 732.63 81.48 750.79 0 0 0 -9.03 6.54 -50.86 8.71 16.61 55.07 1.15 -10.02 -19.39 0.36 -3.84 -10.62 0 0 0 -2.15 4.33 -50.38 -9.06 -16.85 56.31 -1.88 6.95 -24.66 -1.51 7.77 -22.02 -3.43 2.22 17.85 0.26 2.43 3.02 1.64 1.32 -6.9 3.53 1.3 -16.15 -4.94 1.56 6.62 -1.98 0.54 4.66 0 0 0 -70.01 -12.48 36.14 44.66 -50.6 -21.97 -0 0 -27.2 17.76 -30.53 -9.24 -7.12 0 -0 -7.71 -1.53 7.99 0 0 0 75.14 22.75 26.57 -47.18 51.79 -23.94 0 -0 -20.26 -13.58 27.32 -6.32 7.12 -0 -0 9.87 -2.35 9.6
10.08 14.9 -0.76 730.8 80.66 749.09 0 0 0 -9.66 6.52 -51.34 9.02 16.82 56.16 1.24 -9.96 -20.09 0.18 -2.75 -7.6 0 0 0 -2.91 4.84 -50.51 -8.85 -16.71 55.55 -1.77 6.2 -23.94 -1.73 8.29 -23.59 -3.72 2.35 17.72 0.11 2.52 2.92 1.63 1.37 -6.95 3.7 1.31 -16.27 -5.39 1.59 6.99 -2.15 0.53 4.8 0 -0 0 -69.5 -13.03 36.36 44.4 -50.47 -21.78 -0 0 -26.73 18.4 -29.96 -9.43 -7.12 0 -0 -7.28 -1.07 7.47 0 -0 0 75.62 22.49 26.43 -46.54 51.5 -23.43 0 -0 -20.43 -13.81 27.43 -6.46 7.12 -0 -0 9.74 -2.21 9.49
10.1 14.87 -0.92 728.16 80.3 746.31 0 0 0 -9.72 6.26 -51.59 9.31 17.01 57.17 1.35 -9.51 -20.85 0.17 -2.65 -7.3 0 0 0 -3.28 5.53 -50.08 -8.69 -16.61 55.03 -1.77 5.38 -24.02 -2.01 8.89 -25.44 -3.82 2.35 17.82 0.09 2.5 2.88 1.67 1.36 -7.04 3.57 1.36 -16.35 -5.41 1.7 7.46 -2.12 0.57 4.97 0 0 0 -68.81 -13.96 36.72 43.58 -50.05 -21.14 -0 0 -27.02 19.39 -31.66 -10.46 -7.12 0 -0 -6.92 -2.98 7.33 0 0 0 76.18 21.98 26.35 -46.28 51.38 -23.24 0 -0 -20.49 -13.68 27.65 -6.45 7.12 -0 -0 9.83 -2.01 9.62
10.09 14.88 -1.07 726.59 79.98 744.72 0 0 0 -10 6.03 -51.83 9.52 17.13 57.86 1.42 -9.24 -21.34 0.12 -2.22 -6.11 0 0 0 -3.67 6.06 -49.6 -8.46 -16.45 54.19 -1.69 4.89 -23.52 -1.84 8.53 -24.35 -4.17 2.39 18.02 0.14 2.47 2.73 1.92 1.36 -7.32 3.75 1.31 -15.97 -5.87 1.66 7.45 -2.3 0.53 4.91 0 -0 0 -68.53 -14.47 36.9 43.58 -50.06 -21.15 -0 0 -27.04 19.55 -31.48 -10.5 -7.12 0 -0 -6.81 -2.82 7.19 0 -0 0 76.48 20.77 26.52 -46.87 51.65 -23.69 0 -0 -20.7 -13.54 27.17 -6.27 7.12 -0 -0 9.89 -2.51 9.59
10.11 14.86 -1.19 725.56 79.66 743.53 0 0 0 -10.27 6.03 -51.94 9.76 17.27 58.69 1.52 -9.23 -22.1 0.11 -2.13 -5.87 0 0 0 -4.19 6.82 -49.01 -8.36 -16.38 53.84 -1.72 4.39 -23.79 -1.94 8.73 -24.96 -4.34 2.36 17.91 -0 2.4 2.74 1.88 1.32 -7.25 3.82 1.39 -15.91 -6.1 1.78 7.56 -2.37 0.58 4.94 0 -0 0 -68.23 -15.16 36.78 43.34 -49.93 -20.96 -0 0 -26.89 19.17 -31.58 -10.32 -7.12 0 -0 -7.04 -2.86 7.44 0 -0 0 77.2 19.77 26.65 -47.18 51.79 -23.94 0 -0 -20.85 -13.41 27.24 -6.23 7.12 -0 -0 9.97 -2.46 9.68
10.11 14.84 -1.29 723.57 79.74 741.6 0 0 0 -10.15 5.75 -52.4 9.99 17.4 59.45 1.57 -9.28 -22.43 0.08 -1.79 -4.93 0 0 0 -4.41 7.58 -48.77 -8.28 -16.32 53.56 -1.71 3.44 -23.9 -1.98 8.82 -25.23 -4.13 2.27 17.86 -0.06 2.32 2.74 1.72 1.28 -7.21 3.63 1.43 -16.41 -5.79 1.85 8.05 -2.24 0.62 5.18 -0 -0 0 -68.13 -16.03 36.89 43.21 -49.86 -20.86 -0 0 -26.76 19.87 -31.69 -10.75 -7.12 0 -0 -6.66 -3.1 7.05 -0 -0 0 77.79 19.28 26.52 -46.88 51.66 -23.71 0 -0 -21.04 -13.78 26.8 -6.31 7.12 -0 -0 9.72 -2.84 9.36
10.11 14.83 -1.36 722.73 79.73 740.72 0 0 0 -10.27 5.75 -52.6 10.12 17.48 59.89 1.6 -9.34 -22.67 0.07 -1.67 -4.6 0 0 0 -4.77 8.35 -48.34 -8.21 -16.27 53.32 -1.72 2.73 -24.09 -2.01 8.88 -25.43 -4.42 2.2 17.81 -0.03 2.17 2.7 1.96 1.21 -7.22 3.9 1.47 -16.23 -6.42 1.92 7.87 -2.48 0.62 5.1 0 0 0 -68.28 -16.69 36.73 42.93 -49.71 -20.65 -0 0 -26.78 19.99 -31.81 -10.85 -7.12 0 -0 -6.6 -3.25 7.01 0 0 0 78.32 18.36 26.65 -46.9 51.67 -23.72 0 -0 -21.35 -13.28 26.93 -6.1 7.12 -0 -0 10.03 -2.78 9.68
10.11 14.82 -1.43 723.08 79.59 740.99 0 0 0 -10.49 5.36 -52.55 10.23 17.53 60.24 1.66 -9.11 -23.07 0.05 -1.47 -4.03 0 0 0 -5.37 9.14 -48.07 -8.17 -16.24 53.16 -1.74 2.2 -24.34 -1.82 8.49 -24.21 -4.56 2.25 17.93 -0.23 2.18 2.5 1.81 1.22 -7.51 3.27 1.31 -15.52 -5.77 1.77 7.85 -2.18 0.58 4.96 -0 0 0 -68.57 -17.02 37.02 42.71 -49.6 -20.48 -0 0 -26.29 20.2 -32.09 -11.06 -7.12 0 -0 -6.52 -3.57 6.96 -0 0 0 78.99 16.82 26.47 -47.76 52.05 -24.39 0 -0 -21.47 -13.08 26.71 -5.96 7.12 -0 -0 10.13 -3.03 9.74
10.11 14.82 -1.47 722.48 79.74 740.31 0 0 0 -10.4 4.99 -52.51 10.29 17.57 60.46 1.68 -9.09 -23.25 0.04 -1.21 -3.33 0 0 0 -5.45 9.58 -47.61 -8.08 -16.18 52.85 -1.71 1.33 -24.35 -1.95 8.76 -25.05 -4.47 2.12 17.81 -0.39 2.02 2.53 1.63 1.14 -7.39 3.51 1.29 -14.87 -5.87 1.71 7.37 -2.26 0.57 4.71 0 0 0 -68.56 -17.66 36.96 42.7 -49.59 -20.47 -0 0 -26.62 20.62 -31.72 -11.19 -7.12 0 -0 -6.24 -3.28 6.62 0 0 0 79.7 16.09 26.48 -47.63 51.99 -24.29 0 -0 -21.59 -12.95 26.74 -5.91 7.12 -0 -0 10.21 -3.02 9.82
10.1 14.78 -1.49 721.73 79.7 739.66 0 0 0 -10.2 4.66 -52.9 10.48 17.67 61.08 1.74 -8.67 -23.66 0.05 -1.48 -4.08 0 0 0 -5.65 10.07 -47.97 -8.24 -16.29 53.43 -1.75 1.18 -24.66 -1.9 8.66 -24.75 -4.57 2.06 17.73 -0.52 1.92 2.53 1.57 1.09 -7.33 3.63 1.36 -15.47 -5.99 1.8 7.83 -2.31 0.59 4.96 -0 0 0 -68.7 -18.52 36.69 42.24 -49.34 -20.12 -0 0 -26.87 20.5 -31.44 -11.04 -7.12 0 -0 -6.26 -2.98 6.62 -0 0 0 80.52 15.63 26.42 -47.64 52 -24.31 0 -0 -21.66 -13.08 26.96 -6.01 7.12 -0 -0 10.14 -2.78 9.8
10.1 14.76 -1.49 720.23 79.76 738.09 0 0 0 -9.79 4.68 -53.01 10.57 17.72 61.39 1.74 -8.64 -23.67 0.06 -1.58 -4.36 0 0 0 -5.4 10.43 -47.93 -8.32 -16.35 53.69 -1.78 0.89 -24.95 -1.89 8.64 -24.67 -4.75 2.05 17.73 -0.54 1.87 2.56 1.67 1.08 -7.31 4.03 1.43 -15.39 -6.54 1.87 7.61 -2.54 0.61 4.89 0 -0 0 -69.07 -18.78 36.45 42.08 -49.26 -20 -0 0 -26.77 21.49 -31.6 -11.66 -7.12 0 -0 -5.73 -3.34 6.08 0 -0 0 81.15 14.74 26.67 -48.27 52.27 -24.8 0 -0 -22.09 -13.07 26.42 -5.9 7.12 -0 -0 10.12 -3.31 9.67
10.11 14.77 -1.49 722.5 79.8 740.4 0 0 0 -10.26 4.66 -52.98 10.52 17.69 61.23 1.73 -8.88 -23.55 0.04 -1.3 -3.57 0 0 0 -5.77 10.05 -48.07 -8.35 -16.37 53.83 -1.78 1.03 -24.92 -1.97 8.8 -25.17 -5.08 1.96 17.61 -0.79 1.68 2.48 1.63 0.99 -7.32 3.82 1.47 -14.99 -6.35 1.95 7.56 -2.44 0.66 4.81 0 -0 0 -69.46 -18.81 36.67 42 -49.21 -19.94 -0 0 -27.35 20.67 -31.83 -11.25 -7.12 0 -0 -6.22 -3.4 6.62 0 -0 0 81.67 14.1 26.79 -48.77 52.49 -25.2 0 -0 -22.28 -13.18 26.4 -5.95 7.12 -0 -0 10.05 -3.32 9.6
10.11 14.76 -1.45 721.89 80.09 739.61 0 0 0 -9.94 4.77 -52.84 10.51 17.68 61.16 1.71 -8.98 -23.44 0.07 -1.76 -4.85 0 0 0 -5.38 9.84 -47.91 -8.39 -16.4 53.97 -1.79 1.18 -25 -1.91 8.67 -24.77 -5.2 1.88 17.74 -0.81 1.55 2.57 1.71 0.93 -7.28 4.16 1.58 -15.26 -6.81 2.08 7.71 -2.63 0.7 4.91 0 -0 0 -69.63 -19.26 36.82 41.45 -48.91 -19.53 -0 0 -27.37 21.17 -31.9 -11.56 -7.12 0 -0 -5.95 -3.58 6.34 0 -0 0 82.13 13.68 26.93 -49.37 52.74 -25.67 0 -0 -22.13 -13.05 26.47 -5.9 7.12 -0 -0 10.13 -3.27 9.69
10.11 14.76 -1.38 721.12 80.29 738.69 0 0 0 -9.58 5.05 -52.64 10.47 17.67 61.04 1.68 -9.39 -23.22 0.06 -1.55 -4.25 0 0 0 -4.89 9.7 -47.8 -8.44 -16.43 54.13 -1.81 1.17 -25.14 -1.98 8.82 -25.24 -5.48 1.88 17.61 -0.84 1.52 2.72 1.85 0.92 -7.05 4.28 1.8 -15.81 -6.79 2.36 8.22 -2.62 0.82 5.18 -0 -0 0 -69.72 -19.69 36.89 41.11 -48.71 -19.27 -0 0 -27.28 20.93 -31.68 -11.35 -7.12 0 -0 -6.06 -3.31 6.43 -0 -0 0 82.62 13.56 27.02 -49.76 52.9 -25.99 0 -0 -22.21 -13.18 26.7 -6 7.12 -0 -0 10.07 -3.02 9.68
10.09 14.77 -1.31 719.21 80.5 736.92 0 0 0 -8.92 5.01 -52.81 10.48 17.67 61.08 1.67 -9.27 -23.14 0.09 -1.89 -5.2 0 0 0 -4.3 9.68 -48.16 -8.55 -16.51 54.53 -1.83 1.18 -25.26 -2 8.87 -25.38 -5.31 1.86 17.65 -0.82 1.52 2.71 1.77 0.92 -7.08 4.59 1.85 -15.63 -7.47 2.43 7.88 -2.87 0.83 5.07 0 0 0 -70.01 -19.67 36.99 41.02 -48.66 -19.2 -0 0 -27.16 20.95 -31.76 -11.39 -7.12 0 -0 -6.05 -3.39 6.44 0 0 0 82.77 13.46 27.3 -50.17 53.06 -26.31 0 -0 -22.37 -13.28 26.37 -5.98 7.12 -0 -0 9.99 -3.34 9.54
10.08 14.78 -1.23 718.51 81.4 736.33 0 0 0 -8.38 4.54 -52.85 10.36 17.61 60.7 1.62 -9.16 -22.8 0.14 -2.4 -6.61 0 0 0 -3.64 9.06 -48.2 -8.62 -16.56 54.78 -1.85 0.96 -25.48 -2.02 8.9 -25.48 -4.82 1.74 17.77 -0.78 1.46 2.74 1.55 0.87 -7.1 4.49 1.72 -16.27 -8.2 2.37 8.13 -3.1 0.74 5.25 0 0 0 -70.44 -20.05 37.69 40.68 -48.47 -18.95 -0 0 -27.15 20.88 -31.73 -11.35 -7.12 0 -0 -6.09 -3.35 6.47 0 0 0 82.78 13.7 26.83 -50.35 53.14 -26.45 0 -0 -21.97 -12.82 26.55 -5.81 7.12 -0 -0 10.28 -3.22 9.85
10.07 14.78 -1.14 715.83 81.65 733.43 0 0 0 -7.48 4.59 -52.49 10.28 17.56 60.41 1.58 -9.33 -22.54 0.14 -2.39 -6.58 0 0 0 -2.81 9.31 -48.04 -8.75 -16.64 55.22 -1.9 0.82 -25.84 -2 8.87 -25.38 -4.42 1.8 17.97 -0.81 1.6 2.87 1.25 0.94 -7.07 4.23 1.74 -16.13 -8.15 2.46 8.08 -3.03 0.78 5.22 -0 0 0 -70.71 -20.01 37.97 40.65 -48.45 -18.93 -0 0 -27 20.54 -31.79 -11.17 -7.12 0 -0 -6.29 -3.34 6.68 -0 0 0 82.75 13.57 27 -51.13 53.44 -27.08 0 -0 -22.08 -12.67 26.66 -5.76 7.12 -0 -0 10.37 -3.13 9.96
10.06 14.77 -1.04 718.74 82.02 736.39 0 0 0 -7.56 4.54 -52.47 10.17 17.5 60.05 1.52 -9.71 -22.14 0.09 -1.92 -5.28 0 0 0 -2.92 9.02 -48.51 -9 -16.81 56.1 -1.98 1.06 -26.31 -1.98 8.83 -25.26 -4.75 1.79 18.03 -1.03 1.5 2.78 1.22 0.9 -7.19 4.13 1.62 -16.19 -7.96 2.3 8.31 -2.97 0.71 5.28 -0 -0 0 -70.86 -19.81 38.19 40.38 -48.29 -18.72 -0 0 -26.96 20.67 -32.05 -11.32 -7.12 0 -0 -6.25 -3.63 6.67 -0 -0 0 82.83 13.8 27.26 -51.18 53.46 -27.12 0 -0 -22.08 -12.69 26.79 -5.79 7.12 -0 -0 10.37 -3 9.98
10.05 14.78 -0.91 722.9 82.36 740.74 0 0 0 -7.72 4.35 -52.39 9.96 17.39 59.34 1.46 -9.96 -21.68 0.05 -1.48 -4.07 0 0 0 -3.06 8.78 -48.98 -9.2 -16.93 56.76 -2.03 0.9 -26.7 -2 8.86 -25.36 -5.41 1.83 17.65 -1.2 1.45 2.86 1.43 0.88 -6.91 4.34 1.64 -16.21 -8.32 2.32 8.18 -3.12 0.7 5.26 0 0 0 -71.1 -19.56 38.22 40.49 -48.36 -18.8 -0 0 -26.43 20.77 -31.88 -11.33 -7.12 0 -0 -6.17 -3.48 6.57 0 0 0 82.72 14.37 27.59 -51.36 53.53 -27.26 0 -0 -22.13 -12.67 26.88 -5.8 7.12 -0 -0 10.38 -2.91 10.01
10.05 14.77 -0.8 724.44 82.82 742.34 0 0 0 -7.4 4.23 -52.31 9.83 17.31 58.93 1.39 -10.12 -21.21 0.05 -1.46 -4.02 0 0 0 -2.77 8.5 -49.33 -9.4 -17.06 57.47 -2.09 1.17 -27.04 -1.94 8.75 -25.01 -5.49 1.8 17.72 -1.25 1.38 2.73 1.44 0.85 -7.08 4.48 1.63 -16.09 -8.69 2.33 8.18 -3.26 0.69 5.25 -0 -0 0 -71.41 -19.21 38.34 40.37 -48.29 -18.72 -0 0 -26.44 20.37 -31.22 -10.9 -7.12 0 -0 -6.31 -2.73 6.64 -0 -0 0 82.46 14.64 28.03 -51.28 53.5 -27.2 0 -0 -22.11 -12.99 26.11 -5.8 7.12 -0 -0 10.15 -3.63 9.64
10.05 14.77 -0.68 723.55 83.51 741.36 0 0 0 -6.71 4.2 -52.11 9.71 17.25 58.52 1.35 -10.34 -20.96 0.07 -1.75 -4.83 0 0 0 -1.99 8.28 -49.21 -9.57 -17.16 58.03 -2.2 1.42 -27.71 -1.84 8.51 -24.29 -5.14 1.74 17.77 -1.2 1.37 2.77 1.3 0.84 -7.06 4.11 1.72 -16.23 -8.3 2.48 8.3 -3.06 0.77 5.31 0 0 0 -71.74 -18.9 38.33 40.41 -48.31 -18.74 -0 0 -26.76 19.73 -31.41 -10.59 -7.12 0 -0 -6.7 -2.79 7.07 0 0 0 82.19 15.08 28.38 -51.29 53.5 -27.21 0 -0 -22.15 -13.23 25.18 -5.71 7.12 -0 -0 9.95 -4.53 9.28
10.04 14.75 -0.55 726.6 83.98 744.33 0 0 0 -6.52 4.08 -51.97 9.61 17.18 58.16 1.33 -10.32 -20.77 0.14 -2.38 -6.56 0 0 0 -1.8 7.97 -49.53 -9.82 -17.3 58.87 -2.23 1.17 -27.97 -1.94 8.73 -24.97 -5.14 1.81 17.89 -1.28 1.45 2.7 1.19 0.88 -7.21 4.23 1.63 -15.83 -8.35 2.35 8.09 -3.1 0.72 5.17 -0 0 0 -72.23 -18.37 38.61 40.47 -48.34 -18.79 -0 0 -26.48 19.62 -31.43 -10.53 -7.12 0 -0 -6.76 -2.79 7.13 -0 0 0 81.9 15.32 28.4 -51.19 53.46 -27.13 0 -0 -22.02 -12.91 26.78 -5.89 7.12 -0 -0 10.24 -2.98 9.85
10.04 14.74 -0.43 731 84.39 748.68 0 0 0 -6.39 3.81 -51.68 9.43 17.08 57.57 1.28 -10.17 -20.4 0.19 -2.81 -7.74 0 0 0 -1.69 7.81 -49.69 -10.03 -17.42 59.58 -2.32 1.03 -28.54 -1.92 8.71 -24.88 -5.32 1.86 17.72 -1.34 1.5 2.82 1.22 0.91 -6.98 4.31 1.59 -15.77 -8.52 2.28 7.82 -3.18 0.68 5.07 -0 -0 0 -72.58 -18.14 38.89 40.42 -48.32 -18.75 -0 0 -26.21 19.88 -31.63 -10.74 -7.12 0 -0 -6.64 -3.04 7.03 -0 -0 0 81.57 16.28 28.39 -50.38 53.15 -26.48 0 -0 -21.98 -13.07 26.97 -6.01 7.12 -0 -0 10.15 -2.77 9.81
10.04 14.75 -0.31 734.11 84.97 751.95 0 0 0 -6.04 3.48 -51.6 9.25 16.97 56.95 1.21 -10.5 -19.88 0.15 -2.48 -6.82 0 0 0 -1.33 7.62 -49.92 -10.19 -17.52 60.12 -2.39 0.97 -29.02 -1.82 8.49 -24.2 -5.13 1.89 17.53 -1.31 1.58 2.86 1.14 0.94 -6.84 3.97 1.65 -16.28 -8.16 2.39 8.13 -3 0.74 5.25 0 -0 0 -73.1 -18.01 39.15 40.3 -48.24 -18.66 -0 0 -26.41 19.27 -31.47 -10.34 -7.12 0 -0 -6.96 -2.76 7.35 0 -0 0 81.19 16.61 28.28 -50.84 53.33 -26.85 0 -0 -21.86 -13.21 26.53 -5.99 7.12 -0 -0 10.04 -3.19 9.62
10.04 14.75 -0.2 740.18 85.49 757.9 0 0 0 -5.88 3.14 -51.16 9.05 16.84 56.27 1.16 -10.56 -19.51 0.18 -2.71 -7.47 0 0 0 -1.19 7.44 -49.86 -10.36 -17.61 60.67 -2.49 1.01 -29.63 -1.66 8.12 -23.07 -5.04 1.88 17.74 -1.3 1.59 2.86 1.09 0.94 -6.96 4.25 1.57 -15.9 -8.38 2.24 7.71 -3.12 0.67 5.06 -0 -0 0 -73.5 -17.48 39.42 40.48 -48.35 -18.8 -0 0 -26.14 19.16 -31.3 -10.23 -7.12 0 -0 -7.01 -2.57 7.37 -0 -0 0 80.73 16.7 28.31 -51.34 53.52 -27.25 0 -0 -21.92 -13.19 26.64 -6 7.12 -0 -0 10.06 -3.09 9.66
10.03 14.74 -0.08 743.45 85.79 761.4 0 0 0 -5.58 3.2 -51.33 8.9 16.74 55.75 1.09 -10.71 -18.99 0.19 -2.83 -7.82 0 0 0 -0.89 7.52 -50.33 -10.53 -17.7 61.25 -2.54 0.68 -30.02 -1.66 8.11 -23.06 -4.96 1.93 17.66 -1.3 1.66 2.73 1.02 0.98 -7.05 4.33 1.61 -15.9 -8.47 2.28 7.66 -3.16 0.69 5.04 0 -0 0 -73.68 -16.88 39.71 40.33 -48.27 -18.69 -0 0 -26.06 19.61 -31.63 -10.58 -7.12 0 -0 -6.8 -2.99 7.19 0 -0 0 80.53 16.89 28.36 -51.49 53.58 -27.37 0 -0 -21.81 -12.92 26.75 -5.89 7.12 -0 -0 10.23 -3.01 9.84
10.04 14.75 0.03 754.22 86.17 772.01 0 0 0 -5.64 2.78 -50.79 8.69 16.61 55.02 1.04 -10.73 -18.58 0.23 -3.11 -8.58 0 0 0 -0.83 6.94 -50.21 -10.69 -17.78 61.77 -2.62 0.71 -30.5 -1.58 7.93 -22.51 -4.94 1.85 17.68 -1.33 1.57 2.82 1 0.93 -6.96 4.31 1.51 -15.73 -8.1 2.11 7.59 -3.06 0.63 4.98 -0 -0 0 -73.98 -15.98 39.87 40.71 -48.48 -18.97 -0 0 -26 19.57 -31.55 -10.54 -7.12 0 -0 -6.8 -2.9 7.19 -0 -0 0 80.21 18.06 28.29 -49.81 52.92 -26.02 0 -0 -21.78 -13.15 26.86 -6.03 7.12 -0 -0 10.1 -2.86 9.74
10.05 14.75 0.13 759.89 86.37 777.83 0 0 0 -5.47 2.75 -50.67 8.5 16.47 54.33 0.97 -10.77 -18 0.26 -3.28 -9.06 0 0 0 -0.57 6.91 -50.42 -10.82 -17.85 62.2 -2.68 0.53 -30.9 -1.54 7.83 -22.21 -4.87 1.94 17.53 -1.23 1.71 2.83 1.05 1 -6.88 3.67 1.39 -16.02 -7.41 2 7.74 -2.75 0.6 5.05 -0 0 0 -74.58 -15.73 40.01 40.48 -48.35 -18.8 -0 0 -25.82 19.84 -31.71 -10.74 -7.12 0 -0 -6.67 -3.11 7.07 -0 0 0 79.8 18.62 27.96 -49.5 52.79 -25.77 0 -0 -21.67 -13.16 26.72 -6 7.12 -0 -0 10.08 -3.01 9.69
10.05 14.74 0.22 773.8 86.75 791.73 0 0 0 -5.26 2.05 -50.55 8.36 16.38 53.86 0.98 -10.65 -18.07 0.38 -3.95 -10.93 0 0 0 -0.37 6.28 -50.6 -10.99 -17.93 62.74 -2.73 0.42 -31.23 -1.5 7.73 -21.9 -4.56 1.7 17.73 -1.12 1.46 2.86 1.04 0.87 -6.93 3.37 1.14 -16.47 -7.09 1.69 7.93 -2.62 0.45 5.16 -0 0 0 -74.99 -15.02 40 40.6 -48.42 -18.88 -0 0 -25.64 19.72 -31.44 -10.59 -7.12 0 -0 -6.7 -2.82 7.07 -0 0 0 79.48 19.23 27.96 -49.06 52.61 -25.42 0 -0 -21.67 -13.24 26.96 -6.09 7.12 -0 -0 10.05 -2.75 9.71
10.06 14.75 0.31 781.19 86.72 799.19 0 0 0 -5.26 2 -50.35 8.19 16.25 53.23 0.91 -10.68 -17.54 0.41 -4.12 -11.41 0 0 0 -0.24 6.22 -50.69 -11.09 -17.98 63.07 -2.79 0.23 -31.63 -1.5 7.73 -21.9 -4.44 1.73 17.51 -1.1 1.53 2.88 0.98 0.9 -6.79 4.53 1.3 -15.44 -7.85 1.72 6.97 -3.04 0.48 4.71 -0 0 0 -75.27 -14.53 40.24 40.41 -48.31 -18.74 -0 0 -25.58 19.69 -31.43 -10.57 -7.12 0 -0 -6.72 -2.8 7.09 -0 0 0 79.19 19.24 27.7 -49.38 52.74 -25.68 0 -0 -21.62 -13.21 26.8 -6.04 7.12 -0 -0 10.06 -2.92 9.68
10.07 14.75 0.4 787.39 86.59 805.33 0 0 0 -5.21 1.86 -49.99 8.04 16.15 52.7 0.89 -10.63 -17.34 0.46 -4.34 -12.03 0 0 0 -0.14 6.15 -50.67 -11.19 -18.03 63.39 -2.85 0.1 -31.97 -1.48 7.68 -21.76 -4.45 1.79 17.6 -1.02 1.61 2.93 1.05 0.94 -6.79 4.32 1.05 -15.49 -7.45 1.39 6.93 -2.91 0.33 4.68 -0 -0 0 -75.63 -13.96 40.43 40.64 -48.45 -18.92 -0 0 -25.91 19.46 -30.95 -10.3 -7.12 0 -0 -6.79 -2.27 7.11 -0 -0 0 78.95 19.78 27.3 -48.75 52.48 -25.18 0 -0 -21.42 -13.37 27.1 -6.18 7.12 -0 -0 9.98 -2.6 9.67
10.08 14.75 0.47 791.06 86.44 809.24 0 0 0 -5.16 1.7 -50.02 7.9 16.05 52.22 0.89 -10.51 -17.29 0.54 -4.73 -13.13 0 0 0 -0.13 6.16 -51.06 -11.3 -18.08 63.77 -2.89 0.11 -32.23 -1.42 7.54 -21.34 -4.44 1.85 17.42 -0.99 1.69 2.82 1.06 0.98 -6.82 3.99 0.98 -15.75 -6.69 1.28 7.39 -2.63 0.31 4.85 0 0 0 -76.02 -13.21 40.35 40.72 -48.49 -18.98 -0 0 -25.9 19.09 -31.26 -10.18 -7.12 0 -0 -7.04 -2.52 7.4 0 0 0 78.91 20.23 26.85 -47.72 52.03 -24.37 0 -0 -21.1 -13.27 27.05 -6.12 7.12 -0 -0 10.04 -2.66 9.71
10.09 14.76 0.54 799.08 86.27 817.15 0 0 0 -5.29 1.5 -49.62 7.73 15.92 51.59 0.87 -10.47 -17.09 0.61 -5.01 -13.95 0 0 0 -0.06 5.78 -50.94 -11.39 -18.12 64.03 -2.94 0.18 -32.45 -1.36 7.38 -20.85 -4.26 1.73 17.38 -0.94 1.59 2.94 1.04 0.92 -6.66 3.62 0.79 -15.84 -5.96 1.01 7.3 -2.36 0.21 4.81 0 0 0 -76.28 -12.54 40.2 40.91 -48.6 -19.12 -0 0 -26.09 19.36 -31.21 -10.32 -7.12 0 -0 -6.88 -2.52 7.23 0 0 0 78.71 20.93 26.59 -46.57 51.51 -23.46 0 -0 -20.89 -13.38 27.28 -6.22 7.12 -0 -0 9.99 -2.42 9.71
10.09 14.75 0.6 805.9 85.75 824.34 0 0 0 -5.6 1.15 -50.06 7.69 15.88 51.43 0.85 -10.47 -16.91 0.75 -5.52 -15.39 0 0 0 -0.49 5.49 -51.63 -11.6 -18.22 64.71 -2.99 0.28 -32.69 -1.25 7.09 -19.99 -4.62 1.69 17.21 -0.87 1.47 2.74 1.34 0.87 -6.8 3.79 0.56 -15.85 -5.94 0.65 7.28 -2.42 0.04 4.79 0 -0 0 -76.84 -11.67 40.01 41.12 -48.72 -19.28 -0 0 -26.36 19.08 -30.74 -10.03 -7.12 0 -0 -6.98 -2 7.27 0 -0 0 78.53 21.23 26.1 -45.34 50.93 -22.5 0 -0 -20.37 -13.13 27.5 -6.15 7.12 -0 -0 10.15 -2.24 9.9
10.09 14.75 0.65 806.12 85.57 824.65 0 0 0 -5.54 0.88 -49.85 7.59 15.81 51.09 0.76 -10.19 -16.1 0.5 -4.54 -12.61 0 0 0 -0.52 5.61 -51.8 -11.67 -18.25 64.94 -3.03 0.35 -32.91 -1.24 7.07 -19.91 -4.59 1.78 17.24 -0.76 1.59 2.65 1.42 0.94 -6.91 3.39 0.45 -15.62 -5.4 0.52 6.99 -2.19 0.01 4.65 0 -0 0 -77.37 -10.94 40.01 41.17 -48.75 -19.31 -0 0 -26.8 19.57 -31.11 -10.41 -7.12 0 -0 -6.75 -2.46 7.08 0 -0 0 78.26 21.61 25.56 -43.8 50.17 -21.32 0 -0 -19.7 -13.82 27.52 -6.49 7.12 -0 -0 9.74 -2.12 9.51
10.11 14.77 0.7 805.12 85.61 823.69 0 0 0 -5.53 1.27 -49.68 7.48 15.73 50.68 0.78 -10.25 -16.27 0.64 -5.12 -14.24 0 0 0 -0.29 5.82 -51.67 -11.63 -18.23 64.81 -3.03 0.12 -32.99 -1.23 7.04 -19.83 -4.48 1.79 16.89 -0.62 1.65 2.72 1.5 0.96 -6.65 3.28 0.34 -16.03 -4.94 0.35 7.43 -2.05 -0.06 4.84 -0 -0 0 -77.71 -10.25 39.73 41.22 -48.78 -19.35 -0 0 -26.99 19.67 -30.83 -10.38 -7.12 0 -0 -6.66 -2.19 6.95 -0 -0 0 78.29 22.18 24.95 -42.09 49.26 -20.01 0 -0 -18.62 -13.45 27.48 -6.3 7.12 -0 -0 9.96 -2.21 9.72
10.11 14.75 0.73 812.03 86.15 830.65 0 0 0 -4.61 0.96 -49.86 7.49 15.73 50.69 0.71 -10.18 -15.61 0.54 -4.73 -13.13 0 0 0 0.52 5.83 -51.68 -11.67 -18.25 64.93 -3.1 0.22 -33.32 -1.05 6.52 -18.29 -3.72 1.67 16.99 -0.2 1.65 2.61 1.52 0.94 -6.82 2.7 0.06 -15.72 -4.23 0.02 7.38 -1.75 -0.19 4.76 -0 -0 0 -78.21 -9.3 39.92 41.39 -48.87 -19.48 -0 0 -26.72 19.95 -30.74 -10.51 -7.12 0 -0 -6.49 -2.15 6.77 -0 -0 0 77.85 22.59 24.66 -39.98 48.06 -18.43 0 -0 -19.24 -13.96 27.67 -6.58 7.12 -0 -0 9.67 -1.95 9.47
10.13 14.76 0.74 810.11 85.47 828.64 0 0 0 -5.39 0.86 -49.38 7.4 15.66 50.38 0.72 -10.17 -15.72 0.53 -4.66 -12.93 0 0 0 -0.18 5.58 -51.58 -11.7 -18.26 65.03 -3.1 0.28 -33.34 -1.08 6.6 -18.54 -4.1 1.66 16.78 -0.31 1.57 2.73 1.63 0.91 -6.58 2.69 0.03 -15.76 -3.74 -0.09 7.27 -1.61 -0.21 4.73 0 -0 0 -78.48 -8.76 39.97 41.24 -48.79 -19.37 -0 0 -26.84 19.58 -30.99 -10.38 -7.12 0 -0 -6.73 -2.34 7.04 0 -0 0 78.06 23.17 23.7 -37.98 46.83 -16.95 0 -0 -18.39 -13.32 27.44 -6.23 7.12 -0 -0 10.04 -2.26 9.78
10.13 14.77 0.75 806.77 85.5 825.29 0 0 0 -5.34 0.83 -49.11 7.35 15.62 50.2 0.75 -9.79 -15.9 0.59 -4.93 -13.71 0 0 0 -0.15 5.85 -51.5 -11.66 -18.24 64.91 -3.1 0.28 -33.3 -1.07 6.58 -18.46 -3.9 1.74 16.86 -0.21 1.72 2.74 1.6 0.98 -6.61 2.21 -0.29 -16.21 -3.26 -0.47 7.5 -1.42 -0.38 4.86 -0 0 0 -78.84 -8.36 40.31 40.92 -48.61 -19.13 -0 0 -26.63 19.85 -31.34 -10.64 -7.12 0 -0 -6.62 -2.74 6.97 -0 0 0 78.11 23.33 23.13 -36.42 45.8 -15.82 0 -0 -18.29 -14.17 27.24 -6.59 7.12 -0 -0 9.51 -2.34 9.25
10.15 14.78 0.75 801.67 85.19 820.29 0 0 0 -5.76 1.03 -48.88 7.28 15.56 49.93 0.8 -9.59 -16.34 0.66 -5.19 -14.45 0 0 0 -0.56 6.11 -51.54 -11.62 -18.23 64.79 -3.09 0.28 -33.25 -1.08 6.6 -18.54 -4.3 1.89 16.59 -0.19 1.85 2.65 1.83 1.05 -6.58 2.23 -0.53 -15.59 -2.69 -0.86 7.03 -1.27 -0.53 4.6 -0 0 0 -79.14 -7.58 40.49 40.95 -48.62 -19.15 -0 0 -26.8 19.47 -31.36 -10.43 -7.12 0 -0 -6.84 -2.69 7.2 -0 0 0 78.18 23.31 22.66 -34.84 44.7 -14.7 0 -0 -17.78 -14.18 27.66 -6.69 7.12 -0 -0 9.54 -1.92 9.34
10.16 14.79 0.74 801.35 84.98 819.82 0 0 0 -6.04 0.95 -48.54 7.23 15.52 49.74 0.75 -9.61 -15.86 0.47 -4.42 -12.26 0 0 0 -0.77 6.03 -51.27 -11.58 -18.21 64.65 -3.08 0.3 -33.23 -1.09 6.65 -18.68 -4.49 1.83 16.68 -0.03 1.75 2.76 2.13 1.01 -6.52 2.51 -0.48 -15.58 -2.94 -0.83 6.88 -1.39 -0.52 4.56 0 0 0 -79.55 -7.1 40.49 41.13 -48.72 -19.28 -0 0 -26.71 19.55 -31.29 -10.45 -7.12 0 -0 -6.78 -2.64 7.14 0 0 0 78.13 23.18 22.29 -34.15 44.2 -14.22 0 -0 -17.62 -14.32 27.4 -6.7 7.12 -0 -0 9.43 -2.16 9.2
10.16 14.79 0.71 802.07 85.25 820.51 0 0 0 -5.78 0.84 -48.53 7.27 15.56 49.89 0.77 -9.56 -16.08 0.51 -4.56 -12.65 0 0 0 -0.51 5.96 -51.09 -11.49 -18.17 64.37 -3.06 0.23 -33.13 -1.12 6.74 -18.94 -4.1 1.76 16.79 0.18 1.73 2.78 2.12 0.99 -6.55 2.22 -0.74 -16.08 -2.51 -1.16 7.22 -1.24 -0.67 4.74 0 0 0 -80 -6.85 40.58 40.92 -48.6 -19.12 -0 0 -26.28 20.07 -31.67 -10.86 -7.12 0 -0 -6.54 -3.13 6.93 0 0 0 78.06 22.89 22.06 -33.6 43.79 -13.84 0 -0 -17.96 -14.14 27.06 -6.54 7.12 -0 -0 9.52 -2.53 9.22
10.18 14.81 0.67 798.98 85.28 817.6 0 0 0 -5.86 0.7 -48.58 7.31 15.59 50.05 0.88 -9.37 -16.97 0.62 -5.02 -13.97 0 0 0 -0.6 5.89 -51.11 -11.37 -18.11 63.97 -3.01 0.24 -32.82 -1.15 6.8 -19.12 -3.9 1.79 16.6 0.2 1.82 2.75 2.02 1.03 -6.48 1.57 -1.09 -15.87 -1.46 -1.61 7.17 -0.84 -0.84 4.69 -0 -0 0 -80.23 -6.67 40.83 41.23 -48.78 -19.36 -0 0 -26.52 19.77 -31.15 -10.54 -7.12 0 -0 -6.64 -2.54 6.97 -0 -0 0 78.04 22.47 21.8 -33.14 43.44 -13.52 0 -0 -18.24 -13.97 27.31 -6.51 7.12 -0 -0 9.64 -2.31 9.38
10.18 14.81 0.6 798.43 85.24 816.88 0 0 0 -6.07 0.4 -48.39 7.39 15.65 50.32 0.88 -9.09 -16.97 0.57 -4.85 -13.49 0 0 0 -0.78 5.58 -50.76 -11.25 -18.06 63.6 -2.96 0.18 -32.56 -1.23 7.04 -19.85 -3.83 1.61 16.81 0.27 1.59 2.7 2.11 0.92 -6.63 1.59 -1.22 -15.6 -1.19 -1.81 7.18 -0.78 -0.92 4.65 -0 -0 0 -80.44 -6.33 40.76 41.3 -48.82 -19.42 -0 0 -26.54 19.83 -31.47 -10.66 -7.12 0 -0 -6.65 -2.87 7.02 -0 -0 0 78.17 22.05 22.26 -32.88 43.23 -13.34 0 -0 -18.26 -14.29 27.14 -6.63 7.12 -0 -0 9.44 -2.42 9.16
10.2 14.83 0.54 792.04 85.27 810.48 0 0 0 -6.2 0.58 -48.24 7.41 15.67 50.42 0.97 -9.06 -17.71 0.56 -4.81 -13.37 0 0 0 -0.96 6.1 -50.41 -11.05 -17.96 62.95 -2.9 0.27 -32.22 -1.17 6.86 -19.29 -3.94 1.67 16.78 0.35 1.66 2.8 2.24 0.95 -6.53 1.02 -1.63 -15.84 -0.36 -2.34 7.18 -0.47 -1.14 4.7 0 0 0 -80.49 -6.54 40.96 41.44 -48.9 -19.52 -0 0 -26.53 19.66 -31.08 -10.45 -7.12 0 -0 -6.69 -2.45 7.02 0 0 0 78.17 21.32 22.69 -33.39 43.63 -13.69 0 -0 -18.69 -14.43 26.13 -6.47 7.12 -0 -0 9.28 -3.42 8.83
10.23 14.85 0.45 783.32 85.46 801.39 0 0 0 -6.09 0.83 -47.55 7.45 15.7 50.56 0.98 -8.8 -17.81 0.4 -4.08 -11.29 0 0 0 -0.75 6.52 -49.58 -10.82 -17.85 62.2 -2.85 0.14 -31.95 -1.25 7.08 -19.96 -3.92 1.63 16.86 0.43 1.62 2.95 2.32 0.93 -6.4 0.27 -2.24 -15.3 0.73 -3.12 6.74 -0.07 -1.47 4.5 0 0 0 -80.36 -6.49 40.68 41.7 -49.04 -19.71 -0 0 -26.57 19.36 -30.96 -10.25 -7.12 0 -0 -6.85 -2.27 7.17 0 0 0 78.32 21.1 23.81 -32.84 43.21 -13.31 0 -0 -19.19 -14.97 26.73 -6.86 7.12 -0 -0 9 -2.74 8.67
10.25 14.88 0.34 776.4 85.35 794.42 0 0 0 -6.37 0.85 -47.33 7.52 15.76 50.82 1.05 -8.5 -18.39 0.42 -4.18 -11.59 0 0 0 -1.03 6.76 -49.13 -10.58 -17.72 61.41 -2.75 0.11 -31.44 -1.27 7.15 -20.16 -3.95 1.56 16.82 0.4 1.53 3.09 2.32 0.89 -6.23 -1.39 -3.38 -15.23 2.69 -4.5 6.54 0.69 -2.07 4.51 -0 0 0 -80.07 -6.89 40.69 41.76 -49.08 -19.76 -0 0 -27.04 19.02 -31.06 -10.08 -7.12 0 -0 -7.06 -2.3 7.39 -0 0 0 78.59 21.21 24.42 -32.12 42.64 -12.82 0 -0 -19.14 -14.59 27.55 -6.86 7.12 -0 -0 9.29 -1.97 9.08
