HIERARCHY
ROOT Hips
{
	OFFSET 0.00000 0.00000 0.00000
	CHANNELS 6 Xposition Yposition Zposition Zrotation Yrotation Xrotation 
	JOINT LHipJoint
	{
		OFFSET 0 0 0
		CHANNELS 3 Zrotation Yrotation Xrotation
		JOINT LeftUpLeg
		{
			OFFSET 1.62067 -1.77917 0.70989
			CHANNELS 3 Zrotation Yrotation Xrotation
			JOINT LeftLeg
			{
				OFFSET 2.34532 -6.44371 0.00000
				CHANNELS 3 Zrotation Yrotation Xrotation
				JOINT LeftFoot
				{
					OFFSET 2.74224 -7.53425 0.00000
					CHANNELS 3 Zrotation Yrotation Xrotation
					JOINT LeftToeBase
					{
						OFFSET 0.17032 -0.46794 2.08086
						CHANNELS 3 Zrotation Yrotation Xrotation
						End Site
						{
							OFFSET 0.00000 -0.00000 1.07476
						}
					}
				}
			}
		}
	}
	JOINT RHipJoint
	{
		OFFSET 0 0 0
		CHANNELS 3 Zrotation Yrotation Xrotation
		JOINT RightUpLeg
		{
			OFFSET -1.55811 -1.77917 0.70989
			CHANNELS 3 Zrotation Yrotation Xrotation
			JOINT RightLeg
			{
				OFFSET -2.33243 -6.40830 0.00000
				CHANNELS 3 Zrotation Yrotation Xrotation
				JOINT RightFoot
				{
					OFFSET -2.78798 -7.65993 0.00000
					CHANNELS 3 Zrotation Yrotation Xrotation
					JOINT RightToeBase
					{
						OFFSET -0.22707 -0.62388 2.04059
						CHANNELS 3 Zrotation Yrotation Xrotation
						End Site
						{
							OFFSET -0.00000 -0.00000 1.07030
						}
					}
				}
			}
		}
	}
	JOINT LowerBack
	{
		OFFSET 0 0 0
		CHANNELS 3 Zrotation Yrotation Xrotation
		JOINT Spine
		{
			OFFSET 0.02203 1.91565 0.07161
			CHANNELS 3 Zrotation Yrotation Xrotation
			JOINT Spine1
			{
				OFFSET 0.01740 1.90525 0.11636
				CHANNELS 3 Zrotation Yrotation Xrotation
				JOINT Neck
				{
					OFFSET 0 0 0
					CHANNELS 3 Zrotation Yrotation Xrotation
					JOINT Neck1
					{
						OFFSET -0.10841 1.83566 0.05067
						CHANNELS 3 Zrotation Yrotation Xrotation
						JOINT Head
						{
							OFFSET 0.06601 1.74760 -0.50505
							CHANNELS 3 Zrotation Yrotation Xrotation
							End Site
							{
								OFFSET 0.03102 1.85215 -0.17697
							}
						}
					}
				}
				JOINT LeftShoulder
				{
					OFFSET 0 0 0
					CHANNELS 3 Zrotation Yrotation Xrotation
					JOINT LeftArm
					{
						OFFSET 2.87059 1.35470 0.16111
						CHANNELS 3 Zrotation Yrotation Xrotation
						JOINT LeftForeArm
						{
							OFFSET 5.43592 -0.00000 0.00000
							CHANNELS 3 Zrotation Yrotation Xrotation
							JOINT LeftHand
							{
								OFFSET 3.25460 -0.00000 0.00000
								CHANNELS 3 Zrotation Yrotation Xrotation
								JOINT LeftFingerBase
								{
									OFFSET 0 0 0
									CHANNELS 3 Zrotation Yrotation Xrotation
									JOINT LeftHandIndex1
									{
										OFFSET 0.49824 -0.00000 0.00000
										CHANNELS 3 Zrotation Yrotation Xrotation
										End Site
										{
											OFFSET 0.40170 -0.00000 0.00000
										}
									}
								}
								JOINT LThumb
								{
									OFFSET 0 0 0
									CHANNELS 3 Zrotation Yrotation Xrotation
									End Site
									{
										OFFSET 0.40783 -0.00000 0.40783
									}
								}
							}
						}
					}
				}
				JOINT RightShoulder
				{
					OFFSET 0 0 0
					CHANNELS 3 Zrotation Yrotation Xrotation
					JOINT RightArm
					{
						OFFSET -2.86643 1.23488 0.45957
						CHANNELS 3 Zrotation Yrotation Xrotation
						JOINT RightForeArm
						{
							OFFSET -5.33830 -0.00000 0.00000
							CHANNELS 3 Zrotation Yrotation Xrotation
							JOINT RightHand
							{
								OFFSET -3.23148 -0.00000 0.00000
								CHANNELS 3 Zrotation Yrotation Xrotation
								JOINT RightFingerBase
								{
									OFFSET 0 0 0
									CHANNELS 3 Zrotation Yrotation Xrotation
									JOINT RightHandIndex1
									{
										OFFSET -0.46364 -0.00000 0.00000
										CHANNELS 3 Zrotation Yrotation Xrotation
										End Site
										{
											OFFSET -0.37380 -0.00000 0.00000
										}
									}
								}
								JOINT RThumb
								{
									OFFSET 0 0 0
									CHANNELS 3 Zrotation Yrotation Xrotation
									End Site
									{
										OFFSET -0.37951 -0.00000 0.37951
									}
								}
							}
						}
					}
				}
			}
		}
	}
}
MOTION
Frames: 282
Frame Time: 0.0333332
3.8 17.53 3.92 1.77 -12.34 20.57 0 0 0 -29.43 -5.79 -20.14 0.46 4.36 12.09 0.39 4.12 -14.06 0.14 2.39 6.59 0 0 0 -6.08 3.33 -1.17 -0.05 -1.39 3.81 -5.49 4.58 -43.69 -8.33 -16.35 53.73 4.19 2.9 -12.67 -0.33 3.48 -15.05 -2.5 1.26 -8.86 13.27 18.24 -1.47 4.64 23.41 10 0.68 12.22 4.21 -0 -0 0 42.4 -6.92 -13.65 18.27 -28.5 -4.68 -0 0 -47.24 28.14 -17.54 -9.16 -7.12 0 -0 0.11 10.26 -0.09 -0 -0 0 -21.52 -10.9 -16.92 -141.72 47.02 -102.83 0 -0 -57.27 -9.4 -46.37 6.83 7.12 -0 -0 48.07 -71.61 -32.6
3.82 17.52 3.93 1.77 -12.12 20.61 0 0 0 -29.52 -5.52 -20.4 0.48 4.45 12.34 0.42 3.61 -14.06 0.13 2.35 6.48 0 0 0 -6.08 2.9 -0.56 -0.03 -1.04 2.85 -5.55 4.54 -43.94 -8.36 -16.38 53.84 4.33 2.87 -12.87 -0.37 3.42 -15.04 -2.62 1.22 -8.73 13.49 18.13 -0.76 4.3 23.42 9.23 0.48 12.18 4.34 0 -0 0 42.36 -6.83 -13.45 18.37 -28.63 -4.72 -0 0 -47.83 27.31 -17.78 -8.96 -7.12 0 -0 -0.46 10.14 0.37 0 -0 0 -21.47 -10.7 -16.98 -141.56 47.12 -102.71 0 -0 -56.9 -8.6 -46.55 6.26 7.12 -0 -0 49.25 -71.45 -33.35
3.82 17.52 3.93 1.81 -12.04 20.57 0 0 0 -29.58 -5.44 -20.23 0.46 4.37 12.11 0.4 3.57 -13.83 0.1 2.04 5.6 0 0 0 -6.04 2.96 -0.92 -0.04 -1.33 3.66 -5.48 4.67 -43.64 -8.3 -16.33 53.62 4.09 2.88 -12.9 -0.48 3.44 -14.75 -2.59 1.26 -8.38 13.44 18.19 -2.53 4.87 23.11 10.59 0.84 12.11 4.54 0 0 0 42.6 -6.58 -13.41 18.37 -28.63 -4.72 -0 0 -47.89 27.24 -18.21 -9.14 -7.12 0 -0 -0.55 9.68 0.45 0 0 0 -21.11 -10.91 -17.44 -141.41 47.21 -102.6 0 -0 -56.54 -7.59 -46.59 5.53 7.12 -0 -0 50.23 -71.12 -33.78
3.82 17.53 3.94 1.86 -12.16 20.44 0 0 0 -29.65 -5.5 -20.03 0.45 4.33 11.99 0.39 3.81 -13.82 0.11 2.11 5.81 0 0 0 -6.05 3.27 -1.36 -0.06 -1.54 4.25 -5.41 2.61 -43.75 -8.12 -16.2 52.98 3.82 2.92 -12.78 -0.51 3.51 -14.56 -2.47 1.33 -8.22 13.59 18.09 -3.28 4.72 22.85 10.89 0.86 11.99 4.78 -0 0 0 42.58 -6.7 -14.37 18.23 -28.45 -4.66 -0 0 -47.45 27.88 -17.67 -9.12 -7.12 0 -0 -0.08 10.16 0.06 -0 0 0 -20.93 -10.96 -17.88 -141.27 47.3 -102.5 0 -0 -56.64 -8.85 -46.87 6.49 7.12 -0 -0 49.79 -71.73 -34.04
3.83 17.53 3.94 1.71 -11.95 20.41 0 0 0 -29.48 -5.47 -20 0.46 4.34 12.04 0.4 3.6 -13.86 0.12 2.22 6.1 0 0 0 -5.84 3.07 -1.14 -0.05 -1.5 4.14 -5.43 2.63 -43.83 -8.1 -16.19 52.91 4 2.85 -12.54 -0.41 3.43 -14.52 -2.48 1.28 -8.31 13.04 18.14 -3.78 5.2 22.81 11.12 1.1 11.99 4.81 0 0 0 42.27 -6.87 -15.43 18.06 -28.24 -4.58 -0 0 -46.29 28.37 -17.45 -9.2 -7.12 0 -0 0.27 10.33 -0.22 0 0 0 -20.94 -11.15 -17.8 -141.66 47.05 -102.79 0 -0 -56.51 -8.12 -46.67 5.92 7.12 -0 -0 49.95 -71.35 -33.79
3.84 17.53 3.94 1.74 -12.17 20.36 0 0 0 -29.57 -5.46 -19.82 0.44 4.26 11.82 0.39 3.88 -13.82 0.13 2.35 6.47 0 0 0 -5.95 3.4 -1.47 -0.07 -1.69 4.66 -5.44 2.91 -43.78 -8.08 -16.18 52.84 3.96 2.87 -12.59 -0.31 3.46 -14.86 -2.35 1.28 -8.69 13.15 17.93 -1.59 5.04 22.92 10.47 0.8 12.01 4.3 -0 -0 0 42.06 -6.81 -13.59 18.33 -28.57 -4.7 -0 0 -47.78 26.94 -18.4 -9.11 -7.12 0 -0 -0.77 9.52 0.63 -0 -0 0 -21.16 -10.6 -17.15 -141.63 47.07 -102.76 0 -0 -56.54 -9.41 -46.54 6.86 7.12 -0 -0 48.48 -71.72 -33.02
3.84 17.52 3.94 1.82 -12.21 20.4 0 0 0 -29.73 -5.34 -19.87 0.44 4.25 11.78 0.39 3.8 -13.84 0.12 2.27 6.24 0 0 0 -6.08 3.42 -1.56 -0.07 -1.72 4.75 -5.42 2.83 -43.72 -8.1 -16.19 52.93 3.83 2.84 -12.72 -0.3 3.42 -14.78 -2.27 1.28 -8.54 13.09 18.06 -1.9 5.04 23.04 10.62 0.85 12.07 4.39 0 0 0 42 -6.43 -12.63 18.55 -28.86 -4.81 -0 0 -48.89 27.22 -17.78 -8.93 -7.12 0 -0 -0.52 10.15 0.42 0 0 0 -21.06 -10.43 -17.32 -141.7 47.03 -102.82 0 -0 -56.82 -10.03 -46.83 7.35 7.12 -0 -0 48.64 -72.12 -33.53
3.84 17.53 3.92 1.88 -12.24 20.3 0 0 0 -29.72 -5.45 -19.73 0.42 4.16 11.52 0.36 3.99 -13.56 0.14 2.41 6.63 0 0 0 -6.06 3.69 -2.16 -0.11 -2.1 5.78 -5.42 4.24 -43.48 -8.23 -16.29 53.4 3.55 2.78 -12.18 -0.29 3.38 -14.83 -2.13 1.28 -8.9 12.8 18.26 -2.6 5.71 23.13 11.3 1.18 12.17 4.61 0 -0 0 42.04 -6.5 -13.02 18.33 -28.58 -4.71 -0 0 -47.87 26.2 -17.88 -8.59 -7.12 0 -0 -1.19 10.2 0.96 0 -0 0 -20.89 -10.19 -17.65 -141.44 47.19 -102.62 0 -0 -56.46 -7.76 -46.84 5.68 7.12 -0 -0 50.67 -71.33 -34.34
3.84 17.53 3.9 1.8 -12.25 20.22 0 0 0 -29.6 -5.57 -19.68 0.42 4.17 11.57 0.36 4.15 -13.62 0.12 2.27 6.24 0 0 0 -5.94 3.77 -2.16 -0.11 -2.14 5.88 -5.5 5.28 -43.6 -8.31 -16.34 53.68 3.61 2.79 -11.86 -0.33 3.42 -14.98 -2.22 1.29 -9.26 13.14 18.14 -1.82 5.49 23.12 10.96 0.99 12.15 4.44 -0 -0 0 41.98 -6.92 -13.65 18.26 -28.49 -4.67 -0 0 -47.51 28.71 -17.21 -9.2 -7.12 0 -0 0.52 10.53 -0.42 -0 -0 0 -20.68 -9.97 -17.41 -141.33 47.26 -102.54 0 -0 -56.48 -8.67 -46.74 6.34 7.12 -0 -0 49.64 -71.59 -33.79
3.85 17.53 3.91 1.7 -12.26 20.34 0 0 0 -29.56 -5.5 -19.77 0.42 4.16 11.54 0.36 4.13 -13.55 0.11 2.14 5.9 0 0 0 -5.85 3.9 -2.51 -0.12 -2.24 6.18 -5.46 3.99 -43.68 -8.27 -16.31 53.51 3.52 2.87 -11.79 -0.4 3.53 -14.89 -2.24 1.35 -9.18 13.24 18 -2.79 5.41 22.74 11.4 1.06 11.98 4.75 0 0 0 42.09 -7.01 -14.47 18.23 -28.45 -4.66 -0 0 -47.75 27.64 -17.47 -8.94 -7.12 0 -0 -0.21 10.42 0.17 0 0 0 -20.47 -10.54 -17.69 -141.45 47.19 -102.63 0 -0 -56.7 -9.09 -46.83 6.65 7.12 -0 -0 49.5 -71.79 -33.88
3.86 17.53 3.91 1.97 -12.3 20.23 0 0 0 -29.9 -5.35 -19.55 0.39 4.02 11.14 0.36 3.95 -13.41 0.16 2.62 7.21 0 0 0 -6.12 3.96 -2.77 -0.15 -2.51 6.91 -5.4 3.99 -43.42 -8.19 -16.26 53.25 3.42 2.74 -11.7 -0.37 3.37 -15.27 -2.18 1.26 -9.69 13.34 17.92 -0.86 5.25 22.99 10.98 0.8 12.08 4.35 -0 -0 0 41.82 -7.07 -12.94 18.34 -28.6 -4.71 -0 0 -48.14 26.8 -18.2 -8.97 -7.12 0 -0 -0.84 9.76 0.68 -0 -0 0 -20.53 -9.84 -17.07 -141.51 47.15 -102.67 0 -0 -56.82 -8.87 -46.72 6.48 7.12 -0 -0 49.41 -71.65 -33.67
3.86 17.52 3.92 2.13 -11.77 19.77 0 0 0 -30.05 -5.2 -19.14 0.41 4.1 11.35 0.38 3.52 -13.45 0.2 2.87 7.92 0 0 0 -6.04 3.28 -1.77 -0.13 -2.31 6.37 -5.41 4.2 -43.41 -8.14 -16.22 53.08 3.52 2.57 -11.57 -0.51 3.14 -14.92 -2.39 1.14 -9.36 13.65 17.94 -1.11 4.86 23 10.78 0.68 12.07 4.41 0 0 0 42.03 -6.38 -11.98 18.74 -29.09 -4.9 -0 0 -49.56 25.59 -18.36 -8.58 -7.12 0 -0 -1.64 9.79 1.34 0 0 0 -20.17 -9.89 -17.39 -141.33 47.26 -102.54 0 -0 -56.52 -8.3 -46.81 6.07 7.12 -0 -0 50.14 -71.5 -34.09
3.86 17.52 3.93 2.03 -11.54 19.65 0 0 0 -29.85 -5.34 -19.13 0.44 4.25 11.77 0.39 3.46 -13.64 0.18 2.75 7.59 0 0 0 -5.83 2.88 -0.99 -0.09 -1.94 5.33 -5.46 4.09 -43.66 -8.18 -16.25 53.21 3.44 2.46 -11.44 -0.44 3 -14.35 -2.27 1.11 -8.77 13.2 18.27 -3.73 5.24 22.97 11.56 1.14 12.09 4.96 0 -0 0 41.93 -6.1 -13.98 18.54 -28.84 -4.81 -0 0 -48.81 26.43 -18.23 -8.84 -7.12 0 -0 -1.07 9.79 0.88 0 -0 0 -19.82 -10.25 -18.7 -141.36 47.24 -102.57 0 -0 -56.72 -8.43 -46.74 6.16 7.12 -0 -0 49.84 -71.5 -33.86
3.87 17.52 3.93 1.83 -11.48 19.75 0 0 0 -29.68 -5.3 -19.31 0.45 4.3 11.93 0.4 3.37 -13.65 0.31 3.6 9.96 0 0 0 -5.65 2.88 -1.03 -0.09 -1.92 5.28 -5.47 4.04 -43.7 -8.18 -16.25 53.21 3.92 2.54 -11.42 -0.44 3.08 -14.86 -2.55 1.08 -9.36 13.47 17.92 -0.82 4.93 23.04 10.47 0.67 12.07 4.23 0 0 0 41.74 -6.68 -13.04 18.55 -28.86 -4.81 -0 0 -48.76 29.39 -17.42 -9.57 -7.12 0 -0 0.94 10.18 -0.76 0 0 0 -19.84 -9.7 -17.87 -141.45 47.19 -102.63 0 -0 -56.78 -8.49 -47.06 6.24 7.12 -0 -0 50.58 -71.71 -34.64
3.86 17.52 3.93 2.09 -11.64 19.72 0 0 0 -29.97 -5.29 -19.17 0.43 4.19 11.6 0.38 3.49 -13.49 0.27 3.34 9.23 0 0 0 -5.95 3.07 -1.43 -0.11 -2.12 5.84 -5.47 4.51 -43.62 -8.24 -16.29 53.43 3.35 2.61 -11.4 -0.62 3.19 -14.5 -2.4 1.19 -8.95 13.05 18 -3.68 5.8 22.54 12.27 1.3 11.93 5.09 -0 0 0 41.8 -6.86 -14.8 18.38 -28.64 -4.73 -0 0 -47.96 29.19 -17.03 -9.29 -7.12 0 -0 0.86 10.65 -0.68 -0 0 0 -19.5 -10.32 -18.48 -141.58 47.1 -102.73 0 -0 -56.85 -7.56 -46.89 5.53 7.12 -0 -0 50.98 -71.28 -34.53
3.86 17.52 3.91 1.99 -11.51 19.64 0 0 0 -29.82 -5.35 -19.14 0.43 4.23 11.72 0.38 3.46 -13.49 0.16 2.6 7.17 0 0 0 -5.78 2.97 -1.24 -0.1 -2.06 5.67 -5.43 3.04 -43.74 -8.15 -16.23 53.11 3.61 2.58 -11 -0.58 3.17 -14.86 -2.54 1.14 -9.59 13.25 17.86 -1.97 5.67 22.65 11.85 1.06 11.97 4.73 0 -0 0 41.39 -7.57 -15.56 18.13 -28.33 -4.61 -0 0 -46.72 27.66 -17.96 -9.18 -7.12 0 -0 -0.25 9.87 0.2 0 -0 0 -19.62 -9.88 -17.67 -141.66 47.05 -102.79 0 -0 -56.9 -8.92 -46.99 6.55 7.12 -0 -0 50.03 -71.82 -34.32
3.87 17.52 3.91 1.72 -11.72 19.74 0 0 0 -29.54 -5.42 -19.39 0.46 4.35 12.07 0.39 3.67 -13.77 0.17 2.68 7.4 0 0 0 -5.56 3.31 -1.45 -0.11 -2.13 5.87 -5.5 3.8 -43.87 -8.18 -16.25 53.21 3.69 2.72 -10.92 -0.52 3.35 -14.62 -2.51 1.24 -9.34 13.27 17.86 -2.27 5.19 22.67 11.42 0.94 11.94 4.7 0 -0 0 41.37 -6.78 -14.12 18.61 -28.93 -4.84 -0 0 -48.69 26.64 -17.46 -8.56 -7.12 0 -0 -0.86 10.59 0.69 0 -0 0 -19.31 -9.91 -18.05 -141.66 47.06 -102.78 0 -0 -56.87 -9.02 -46.93 6.62 7.12 -0 -0 49.8 -71.83 -34.15
3.86 17.53 3.89 1.46 -12.56 20.33 0 0 0 -29.36 -5.47 -20.2 0.47 4.38 12.15 0.37 4.21 -13.82 0.14 2.38 6.55 0 0 0 -5.66 4.28 -2.49 -0.12 -2.23 6.13 -5.55 4.18 -44.01 -8.21 -16.27 53.32 3.51 3.01 -11.14 -0.5 3.75 -14.8 -2.36 1.45 -9.41 13.38 17.87 -2.36 5.14 22.65 11.92 0.95 11.95 4.89 0 0 0 41.21 -7.03 -14.86 18.43 -28.7 -4.75 -0 0 -48.75 27.06 -17.48 -8.72 -7.12 0 -0 -0.59 10.51 0.47 0 0 0 -19.17 -9.9 -17.96 -141.7 47.03 -102.82 0 -0 -56.7 -9.77 -46.75 7.15 7.12 -0 -0 48.69 -71.98 -33.44
3.87 17.53 3.9 1.51 -13.02 19.76 0 0 0 -29.55 -5.16 -19.51 0.46 4.33 12 0.37 4.56 -14.12 0.15 2.51 6.91 0 0 0 -5.89 4.62 -1.67 -0.1 -2.06 5.68 -5.57 4.05 -44.14 -8.24 -16.3 53.43 3.54 3.16 -10.96 -0.56 3.93 -14.51 -2.44 1.55 -9.16 13.38 17.9 -2.3 5.12 22.7 11.87 0.94 11.97 4.87 -0 0 0 40.94 -7.39 -16.73 18.03 -28.2 -4.56 -0 0 -46.23 23.28 -18.29 -7.69 -7.12 0 -0 -3.14 10.22 2.54 -0 0 0 -18.97 -9.45 -18.2 -141.44 47.2 -102.62 0 -0 -56.67 -10.11 -46.64 7.38 7.12 -0 -0 48.09 -72.03 -33.02
3.87 17.53 3.89 1.57 -12.41 20.44 0 0 0 -29.5 -5.47 -20.25 0.45 4.31 11.95 0.36 4.12 -13.58 0.13 2.3 6.33 0 0 0 -5.79 3.93 -2.22 -0.09 -1.98 5.44 -5.56 3.15 -44.26 -8.2 -16.26 53.28 3.38 2.98 -11.18 -0.56 3.71 -14.63 -2.35 1.45 -9.19 13.43 17.82 -2.68 4.73 22.58 11.77 0.85 11.89 4.94 0 0 0 40.83 -7.21 -16.22 18.24 -28.46 -4.66 -0 0 -47.31 25.27 -18.57 -8.55 -7.12 0 -0 -1.87 9.61 1.53 0 0 0 -18.91 -9.57 -18.27 -141.59 47.1 -102.73 0 -0 -56.52 -10.66 -46.57 7.78 7.12 -0 -0 47.41 -72.18 -32.64
3.87 17.54 3.87 1.46 -12.34 20.54 0 0 0 -29.33 -5.5 -20.38 0.45 4.3 11.92 0.36 3.98 -13.5 0.15 2.52 6.95 0 0 0 -5.57 4.07 -2.73 -0.12 -2.24 6.17 -5.52 3.64 -43.98 -8.2 -16.27 53.29 3.4 2.98 -11.11 -0.53 3.71 -14.54 -2.33 1.45 -9.14 12.78 18.04 -3.51 5.48 22.68 12.39 1.25 11.98 5.12 -0 0 0 40.83 -7.04 -15.93 18.24 -28.47 -4.66 -0 0 -47.97 26.87 -17.9 -8.85 -7.12 0 -0 -0.75 10.08 0.61 -0 0 0 -18.79 -9.53 -18.33 -141.63 47.08 -102.76 0 -0 -56.48 -10.24 -46.74 7.49 7.12 -0 -0 48.22 -72.14 -33.22
3.87 17.53 3.87 1.8 -11.67 20.15 0 0 0 -29.62 -5.43 -20 0.45 4.29 11.9 0.37 3.45 -13.31 0.14 2.39 6.57 0 0 0 -5.58 3.37 -2.37 -0.13 -2.33 6.42 -5.49 4.72 -43.69 -8.29 -16.33 53.59 3.27 2.76 -10.84 -0.64 3.42 -14.43 -2.4 1.31 -9.17 12.9 17.95 -3.33 5.3 22.6 12.3 1.16 11.93 5.09 -0 -0 0 40.7 -7.06 -16.24 18.22 -28.44 -4.65 -0 0 -47.71 28.43 -17.45 -9.22 -7.12 0 -0 0.31 10.32 -0.25 -0 -0 0 -18.59 -9.26 -18.19 -141.45 47.19 -102.63 0 -0 -56.14 -9.77 -46.45 7.11 7.12 -0 -0 47.94 -71.8 -32.68
3.87 17.53 3.86 2.12 -11.83 20.15 0 0 0 -29.95 -5.6 -19.87 0.43 4.19 11.6 0.36 3.63 -13.2 0.15 2.48 6.82 0 0 0 -5.97 3.54 -2.81 -0.16 -2.55 7.03 -5.48 5.67 -43.48 -8.36 -16.38 53.86 2.87 2.76 -10.81 -0.73 3.44 -14.39 -2.27 1.36 -9.15 13.08 17.91 -2.9 4.92 22.66 12.1 0.99 11.94 5.03 0 0 0 40.47 -7.24 -17.2 18.05 -28.22 -4.57 -0 0 -47.17 25.69 -18.16 -8.53 -7.12 0 -0 -1.55 9.98 1.26 0 0 0 -18.36 -9.26 -18.26 -141.75 47 -102.85 0 -0 -56.09 -10.85 -46.21 7.88 7.12 -0 -0 46.34 -72.03 -31.66
3.88 17.53 3.85 2.03 -12.58 20.53 0 0 0 -30.05 -5.5 -20.33 0.42 4.15 11.49 0.34 4.07 -13.21 0.13 2.3 6.33 0 0 0 -6.29 4.34 -3.59 -0.17 -2.68 7.39 -5.42 5.19 -43.31 -8.23 -16.28 53.38 2.65 3.03 -11.11 -0.75 3.8 -14.37 -2.14 1.56 -8.94 13.07 17.79 -3.24 4.86 22.44 12.37 1.01 11.84 5.16 -0 -0 0 40.31 -7.1 -17.14 18.11 -28.29 -4.6 -0 0 -47.4 27.88 -18.24 -9.4 -7.12 0 -0 -0.14 9.54 0.11 -0 -0 0 -18.09 -8.83 -18.58 -141.46 47.18 -102.64 0 -0 -56.2 -8.58 -46.3 6.23 7.12 -0 -0 48.66 -71.29 -32.75
3.88 17.53 3.84 1.95 -12.75 20.56 0 0 0 -30.03 -5.35 -20.51 0.42 4.17 11.54 0.34 4.03 -13.24 0.13 2.36 6.49 0 0 0 -6.31 4.62 -3.9 -0.19 -2.83 7.8 -5.42 5.26 -43.28 -8.18 -16.25 53.2 2.75 3.13 -10.97 -0.8 3.92 -14.29 -2.25 1.62 -8.92 12.9 17.86 -3.45 5.06 22.49 12.61 1.12 11.88 5.23 0 0 0 40.18 -6.85 -17.03 18.32 -28.56 -4.7 -0 0 -48.14 29.52 -17.05 -9.43 -7.12 0 -0 1.07 10.57 -0.86 0 0 0 -17.88 -8.55 -18.64 -141.3 47.28 -102.52 0 -0 -55.77 -9.23 -46.39 6.71 7.12 -0 -0 48.27 -71.57 -32.71
3.89 17.54 3.82 1.65 -12.55 20.51 0 0 0 -29.63 -5.57 -20.64 0.46 4.34 12.04 0.34 4.22 -13.35 0.12 2.22 6.11 0 0 0 -5.92 4.44 -3.47 -0.16 -2.61 7.2 -5.45 4.33 -43.56 -8.21 -16.27 53.32 3.19 3.12 -10.84 -0.77 3.9 -14.1 -2.46 1.57 -8.75 13 17.83 -3.24 4.78 22.51 12.22 0.98 11.86 5.12 -0 -0 0 40.13 -6.41 -16.46 18.62 -28.94 -4.84 -0 0 -49.94 29.34 -17.5 -9.6 -7.12 0 -0 0.9 10.09 -0.73 -0 -0 0 -17.69 -8.38 -18.96 -141.32 47.27 -102.54 0 -0 -56.12 -9.77 -46.4 7.11 7.12 -0 -0 47.81 -71.77 -32.55
3.89 17.54 3.82 1.32 -12.69 20.66 0 0 0 -29.29 -5.66 -20.86 0.47 4.42 12.26 0.34 4.42 -13.54 0.23 3.1 8.55 0 0 0 -5.64 4.71 -3.66 -0.16 -2.54 7.01 -5.47 2.56 -44.02 -8.05 -16.16 52.75 3.44 3.23 -11.06 -0.72 4.02 -13.94 -2.53 1.62 -8.42 12.86 17.86 -3.89 5.02 22.41 12.92 1.17 11.85 5.4 0 0 0 40.02 -6.11 -16.8 18.64 -28.97 -4.86 -0 0 -50.09 27.52 -18.91 -9.58 -7.12 0 -0 -0.44 8.86 0.37 0 0 0 -17.52 -8.01 -19.42 -141.18 47.35 -102.44 0 -0 -56.03 -8.41 -46.95 6.17 7.12 -0 -0 50.38 -71.62 -34.39
3.9 17.55 3.8 1.36 -12.8 20.52 0 0 0 -29.29 -5.77 -20.97 0.5 4.53 12.58 0.35 4.51 -13.69 0.26 3.3 9.1 0 0 0 -5.7 4.73 -3.3 -0.13 -2.34 6.45 -5.63 3.73 -44.41 -8.12 -16.21 53 3.39 3.34 -10.93 -0.87 4.17 -13.82 -2.65 1.7 -8.34 12.78 17.71 -3.77 4.98 22.25 12.73 1.12 11.75 5.31 -0 -0 0 39.89 -6.9 -18.88 18.41 -28.68 -4.75 -0 0 -49.12 28.64 -18.18 -9.67 -7.12 0 -0 0.36 9.47 -0.3 -0 -0 0 -17.23 -8.04 -19.41 -141.32 47.27 -102.54 0 -0 -56.32 -10.35 -46.96 7.6 7.12 -0 -0 48.69 -72.31 -33.76
3.91 17.54 3.81 0.96 -12.63 20.65 0 0 0 -28.87 -5.77 -21.38 0.56 4.78 13.29 0.39 4.21 -14.05 0.34 3.72 10.29 0 0 0 -5.27 4.36 -2.39 -0.08 -1.81 4.99 -5.85 5.7 -45 -8.34 -16.36 53.76 3.85 3.37 -10.97 -0.83 4.19 -13.81 -2.86 1.67 -8.28 13.05 17.52 -3.15 4.71 22.11 12.54 0.94 11.67 5.21 0 0 0 39.78 -7.13 -19.08 18.71 -29.05 -4.89 -0 0 -51.13 31.27 -17.14 -10.15 -7.12 0 -0 2.2 10.15 -1.78 0 0 0 -17.02 -7.65 -19.41 -141.32 47.27 -102.54 0 -0 -56.48 -9.48 -47 6.96 7.12 -0 -0 49.57 -72.03 -34.17
3.91 17.54 3.8 0.97 -12.76 20.62 0 0 0 -28.87 -5.79 -21.43 0.56 4.81 13.37 0.38 4.31 -14.05 0.36 3.83 10.61 0 0 0 -5.27 4.58 -2.62 -0.09 -1.92 5.28 -5.88 6.22 -45.06 -8.29 -16.33 53.61 3.61 3.39 -10.85 -0.84 4.23 -13.68 -2.74 1.71 -8.2 13.02 17.5 -3.56 4.64 22.01 12.95 0.98 11.64 5.41 0 0 0 39.71 -6.94 -19.15 18.9 -29.29 -4.98 -0 0 -52.05 31.06 -17.82 -10.45 -7.12 0 -0 1.98 9.42 -1.63 0 0 0 -16.77 -7.35 -19.72 -141.38 47.23 -102.58 0 -0 -56.43 -10.03 -47.02 7.37 7.12 -0 -0 49.12 -72.23 -34.01
3.92 17.54 3.79 0.96 -12.87 20.45 0 0 0 -28.92 -5.79 -21.23 0.56 4.8 13.33 0.37 4.51 -14.04 0.38 3.97 11 0 0 0 -5.26 4.83 -2.81 -0.1 -2.04 5.61 -5.96 7.19 -45.26 -8.27 -16.31 53.52 3.61 3.42 -10.64 -0.87 4.29 -13.71 -2.78 1.74 -8.36 13.14 17.13 -2.97 4.38 21.63 13.09 0.82 11.45 5.39 -0 -0 0 39.48 -7.34 -20.53 18.91 -29.31 -4.99 -0 0 -52.15 30.17 -17.42 -9.87 -7.12 0 -0 1.45 10.03 -1.17 -0 -0 0 -16.61 -7.06 -19.49 -141.49 47.16 -102.66 0 -0 -56.25 -9.72 -46.81 7.12 7.12 -0 -0 48.88 -72 -33.6
3.92 17.55 3.77 0.78 -12.96 20.5 0 0 0 -28.68 -5.88 -21.35 0.56 4.81 13.37 0.37 4.58 -14.14 0.43 4.22 11.71 0 0 0 -5.02 5.02 -2.93 -0.1 -2.03 5.6 -5.99 5.79 -45.57 -8.17 -16.25 53.19 3.44 3.33 -10.36 -0.72 4.18 -13.68 -2.55 1.7 -8.5 13.31 16.95 -2.87 3.89 21.45 13.02 0.63 11.34 5.41 -0 -0 0 39.24 -7.3 -21.67 18.89 -29.28 -4.97 -0 0 -51.73 31.41 -17.11 -10.18 -7.12 0 -0 2.29 10.16 -1.85 -0 -0 0 -16.37 -6.18 -20.05 -141.37 47.23 -102.58 0 -0 -56.49 -10.38 -47.41 7.68 7.12 -0 -0 49.84 -72.59 -34.92
3.93 17.55 3.79 0.71 -12.92 20.44 0 0 0 -28.68 -5.73 -21.17 0.56 4.79 13.3 0.37 4.64 -14.08 0.35 3.78 10.47 0 0 0 -4.92 5.03 -2.88 -0.1 -2.06 5.68 -6 5.02 -45.73 -8.15 -16.23 53.09 3.48 3.29 -10.67 -0.65 4.11 -13.65 -2.48 1.68 -8.3 13.06 16.84 -2.52 4.29 21.32 13.82 0.77 11.32 5.54 0 0 0 38.91 -7.46 -21.33 19.19 -29.65 -5.12 -0 0 -52.67 33.65 -18.4 -11.87 -7.12 0 -0 3.55 8.23 -3.02 0 0 0 -16.29 -5.68 -20.08 -141.36 47.24 -102.57 0 -0 -56.57 -10.53 -47.16 7.76 7.12 -0 -0 49.04 -72.5 -34.21
3.94 17.55 3.75 1.12 -13.13 20.16 0 0 0 -29.17 -5.66 -20.82 0.51 4.58 12.7 0.33 4.75 -13.68 0.38 3.98 11.03 0 0 0 -5.41 5.49 -3.78 -0.17 -2.67 7.37 -5.88 4.86 -45.27 -8.11 -16.2 52.96 2.96 3.28 -9.82 -0.89 4.15 -13.6 -2.49 1.72 -8.73 12.74 16.75 -3.54 4.7 20.98 14.57 1.03 11.19 5.86 0 0 0 39 -7.26 -21.5 19.54 -30.08 -5.3 -0 0 -54.24 30.85 -17.72 -10.3 -7.12 0 -0 1.85 9.57 -1.52 0 0 0 -15.7 -5.02 -20.89 -141.12 47.39 -102.39 0 -0 -56.55 -10.24 -47.59 7.6 7.12 -0 -0 50.45 -72.65 -35.47
3.94 17.55 3.73 1.08 -13.14 20.17 0 0 0 -29.13 -5.62 -20.94 0.51 4.58 12.72 0.33 4.71 -13.61 0.35 3.79 10.49 0 0 0 -5.38 5.61 -4.03 -0.19 -2.79 7.69 -5.86 4.96 -45.16 -8 -16.12 52.55 2.97 3.3 -9.65 -0.94 4.18 -13.53 -2.56 1.73 -8.74 12.4 16.48 -3.64 4.84 20.61 14.92 1.1 11.01 5.92 -0 -0 0 39 -7.13 -21.52 19.8 -30.4 -5.43 -0 0 -55.18 31.38 -17.89 -10.61 -7.12 0 -0 2.17 9.29 -1.8 -0 -0 0 -15.54 -4.72 -21.02 -141.02 47.45 -102.32 0 -0 -56.4 -9.24 -47.17 6.81 7.12 -0 -0 50.2 -72.04 -34.67
3.95 17.56 3.72 0.88 -13.32 20.34 0 0 0 -28.97 -5.59 -21.36 0.54 4.7 13.04 0.34 4.71 -13.81 0.39 4 11.08 0 0 0 -5.32 5.73 -3.93 -0.16 -2.6 7.16 -5.9 4.13 -45.48 -7.97 -16.09 52.44 3.07 3.44 -9.85 -0.95 4.36 -13.48 -2.61 1.81 -8.55 12.45 16.14 -3.45 4.66 20.19 15.43 1.01 10.82 6.07 -0 -0 0 39 -7.08 -21.3 19.97 -30.61 -5.52 -0 0 -55.91 30.34 -17.42 -9.94 -7.12 0 -0 1.56 10.01 -1.26 -0 -0 0 -15.43 -4.43 -20.86 -140.77 47.61 -102.13 0 -0 -56.39 -10.52 -47.59 7.81 7.12 -0 -0 50.21 -72.75 -35.37
3.95 17.55 3.74 0.8 -14.39 19.14 0 0 0 -29.13 -5.12 -20.19 0.56 4.78 13.29 0.32 5.79 -14.42 0.39 4.01 11.1 0 0 0 -5.55 6.68 -2.28 -0.12 -2.25 6.2 -6.01 4.66 -45.82 -8.04 -16.15 52.71 3.12 3.85 -8.95 -1.04 4.93 -12.98 -2.74 2.1 -8.44 11.76 15.63 -4.67 5.15 19.28 17.07 1.35 10.43 6.65 -0 0 0 38.91 -7.2 -21.12 20.1 -30.76 -5.58 -0 0 -55.89 32.1 -18.12 -11.04 -7.12 0 -0 2.6 8.87 -2.17 -0 0 0 -15.34 -4.18 -20.81 -140.63 47.7 -102.02 0 -0 -56.6 -10.19 -48.21 7.63 7.12 -0 -0 52.17 -72.97 -37.17
3.96 17.55 3.69 0.88 -14.22 19.02 0 0 0 -29.2 -4.95 -20.47 0.58 4.86 13.52 0.35 5.33 -14.35 0.45 4.33 12 0 0 0 -5.53 6.77 -2.89 -0.16 -2.6 7.17 -5.97 3.54 -45.85 -8.01 -16.13 52.59 3.07 3.77 -8.45 -1.09 4.85 -12.95 -2.8 2.06 -8.69 11.57 15.27 -4.62 5.08 18.81 17.8 1.34 10.22 6.86 0 -0 0 38.73 -7.66 -22.08 19.99 -30.63 -5.52 -0 0 -54.98 31.86 -17.6 -10.64 -7.12 0 -0 2.52 9.52 -2.07 0 -0 0 -15.25 -3.73 -20.54 -140.03 48.05 -101.58 0 -0 -56.18 -8.9 -47.96 6.63 7.12 -0 -0 52.58 -72.37 -36.9
3.97 17.55 3.67 0.68 -14.24 19.08 0 0 0 -28.96 -4.99 -20.89 0.63 5.07 14.1 0.36 5.29 -14.53 0.42 4.15 11.5 0 0 0 -5.3 6.97 -3.22 -0.18 -2.76 7.61 -5.95 3.64 -45.76 -8.04 -16.15 52.71 3.07 3.76 -8.3 -0.97 4.84 -12.78 -2.68 2.07 -8.59 11.24 14.98 -4.91 4.96 18.42 18.53 1.37 10.02 7.11 0 -0 0 38.55 -7.25 -21.85 20.27 -30.97 -5.67 -0 0 -55.47 31.55 -18.3 -10.91 -7.12 0 -0 2.23 8.78 -1.86 0 -0 0 -15.22 -3.76 -20.37 -140.05 48.04 -101.59 0 -0 -56.18 -10.72 -47.41 7.94 7.12 -0 -0 49.55 -72.72 -34.82
3.97 17.55 3.65 0.38 -14.3 19.1 0 0 0 -28.63 -4.93 -21.37 0.69 5.3 14.78 0.39 5.15 -14.77 0.38 3.97 11 0 0 0 -5.01 7.1 -3.13 -0.18 -2.76 7.61 -5.91 2.9 -45.76 -7.98 -16.11 52.5 3.26 3.76 -8.03 -0.91 4.86 -12.95 -2.75 2.05 -8.93 11.16 14.35 -4.84 5 17.55 19.79 1.37 9.64 7.49 0 -0 0 38.44 -7.56 -21.75 20.41 -31.14 -5.74 -0 0 -55.64 31.35 -17.95 -10.63 -7.12 0 -0 2.14 9.22 -1.77 0 -0 0 -14.98 -2.99 -19.97 -139.79 48.19 -101.41 0 -0 -56.65 -11.63 -47.95 8.69 7.12 -0 -0 50.23 -73.36 -35.98
3.97 17.54 3.63 0.57 -14.58 18.98 0 0 0 -28.9 -4.59 -21.77 0.73 5.45 15.19 0.41 4.9 -14.83 0.4 4.06 11.26 0 0 0 -5.28 7.55 -3.72 -0.23 -3.08 8.5 -6.02 6.03 -45.67 -8.18 -16.25 53.2 2.84 3.81 -7.89 -0.98 4.93 -12.83 -2.59 2.12 -8.89 10.14 13.95 -5.56 6.05 16.79 21.37 1.88 9.34 7.92 -0 -0 0 38.25 -7.49 -21.41 20.8 -31.6 -5.95 -0 0 -56.42 31.73 -18.55 -11.13 -7.12 0 -0 2.3 8.46 -1.94 -0 -0 0 -14.77 -2.63 -19.95 -139.38 48.43 -101.1 0 -0 -56.67 -9.8 -48.13 7.33 7.12 -0 -0 52.27 -72.79 -37.06
3.96 17.55 3.58 0.45 -14.78 18.84 0 0 0 -28.71 -4.51 -21.86 0.73 5.44 15.18 0.38 5.06 -14.61 0.41 4.12 11.43 0 0 0 -5.09 8.13 -4.63 -0.31 -3.57 9.86 -5.99 3.81 -45.88 -8.04 -16.15 52.72 2.77 3.89 -7.53 -1.07 5.05 -12.58 -2.66 2.19 -8.79 10.57 13.39 -5.28 4.82 16.24 21.29 1.37 9 7.99 -0 0 0 38.45 -7.54 -22.18 20.93 -31.75 -6.01 -0 0 -57.2 32.31 -18.66 -11.44 -7.12 0 -0 2.66 8.22 -2.26 -0 0 0 -14.27 -2.46 -19.99 -139.1 48.6 -100.88 0 -0 -56.22 -12.43 -47.38 9.21 7.12 -0 -0 47.94 -73.32 -34.11
3.96 17.56 3.53 0.45 -14.81 18.73 0 0 0 -28.6 -4.67 -21.93 0.73 5.46 15.22 0.36 5.19 -14.42 0.39 4.02 11.14 0 0 0 -5 8.28 -5.49 -0.39 -3.99 11.05 -6.04 4.66 -45.94 -8.09 -16.18 52.88 2.52 3.84 -7.33 -0.98 4.99 -12.38 -2.44 2.19 -8.72 11.02 12.74 -4.08 3.49 15.71 21.11 0.74 8.66 7.85 0 -0 0 38.06 -7.61 -23.02 21.2 -32.06 -6.15 -0 0 -56.98 30.83 -18.7 -10.83 -7.12 0 -0 1.71 8.48 -1.44 0 -0 0 -14.01 -1.88 -20.13 -138.63 48.86 -100.53 0 -0 -56.31 -12.94 -47.32 9.59 7.12 -0 -0 47.32 -73.47 -33.76
3.98 17.54 3.5 0.24 -14.53 18.67 0 0 0 -28.33 -4.83 -22.54 0.84 5.86 16.38 0.4 4.89 -14.72 0.4 4.04 11.2 0 0 0 -4.71 7.51 -5.66 -0.4 -4.07 11.26 -5.91 5.11 -45.36 -8.08 -16.18 52.87 2.91 3.71 -7.17 -0.93 4.82 -12.32 -2.61 2.07 -8.73 9.34 12.51 -6.32 5.37 14.91 24.26 1.79 8.39 9 0 0 0 37.98 -7.41 -21.92 21.64 -32.57 -6.39 -0 0 -58.51 30.84 -18.8 -10.9 -7.12 0 -0 1.7 8.35 -1.44 0 0 0 -13.7 -0.84 -20.16 -137.96 49.23 -100.03 0 -0 -56.1 -11.06 -47.81 8.24 7.12 -0 -0 50.35 -73.07 -35.79
3.98 17.54 3.46 -0.07 -14.74 18.61 0 0 0 -27.96 -4.85 -23.05 0.93 6.14 17.2 0.41 5.02 -14.99 0.39 4.01 11.11 0 0 0 -4.43 7.78 -6 -0.43 -4.21 11.67 -5.95 6.42 -45.32 -8.3 -16.33 53.63 3.01 3.8 -6.85 -0.89 4.95 -12.23 -2.65 2.13 -8.79 9.23 11.8 -6.43 4.8 14.04 25.42 1.6 7.94 9.44 0 0 0 37.99 -7.71 -22.18 21.81 -32.76 -6.48 -0 0 -58.66 30.28 -18.31 -10.4 -7.12 0 -0 1.41 9.02 -1.17 0 0 0 -13.46 -0.36 -19.85 -137.55 49.46 -99.72 0 -0 -56 -13.02 -47.67 9.7 7.12 -0 -0 48.22 -73.7 -34.69
4.01 17.53 3.43 -0.06 -14.67 18.44 0 0 0 -28.03 -4.93 -23.15 0.98 6.3 17.65 0.42 4.96 -15.14 0.38 3.96 10.96 0 0 0 -4.52 6.8 -6.51 -0.46 -4.36 12.09 -5.71 5.16 -44.53 -8.2 -16.26 53.27 3.24 3.77 -6.61 -0.95 4.92 -12 -2.84 2.1 -8.66 8.4 11.23 -6.93 5.06 13.24 26.63 1.8 7.53 9.86 0 0 0 37.82 -7.9 -22.18 22.16 -33.16 -6.67 -0 0 -59.34 32.89 -18.37 -11.52 -7.12 0 -0 3.07 8.43 -2.59 0 0 0 -13.18 0.23 -19.91 -137.01 49.74 -99.31 0 -0 -55.98 -12.56 -47.44 9.32 7.12 -0 -0 47.98 -73.4 -34.22
4.02 17.53 3.42 -0.26 -15.02 18.54 0 0 0 -27.81 -5.11 -23.46 1.02 6.43 18.05 0.42 5.31 -15.34 0.38 3.96 10.97 0 0 0 -4.45 6.73 -6.7 -0.43 -4.22 11.7 -5.57 2.3 -44.47 -8.01 -16.12 52.58 3.31 3.84 -6.87 -0.9 5 -11.82 -2.79 2.15 -8.29 7.32 10.4 -8.13 5.19 12.08 28.32 2.03 6.93 10.59 0 0 0 37.42 -8.73 -23.32 22.25 -33.26 -6.72 -0 0 -58.82 31.9 -18.58 -11.22 -7.12 0 -0 2.41 8.39 -2.04 0 0 0 -13.01 0.88 -19.92 -136.54 49.99 -98.95 0 -0 -55.82 -11.59 -47.54 8.61 7.12 -0 -0 49.14 -73.11 -34.87
4.03 17.52 3.38 -0.51 -15.14 18.49 0 0 0 -27.54 -4.99 -23.86 1.09 6.62 18.6 0.43 5.22 -15.44 0.41 4.13 11.45 0 0 0 -4.21 6.89 -6.85 -0.45 -4.31 11.94 -5.69 5.36 -44.42 -8.27 -16.32 53.54 3.5 3.8 -6.67 -0.8 4.95 -11.58 -2.8 2.12 -8.13 5.84 10.07 -8.54 6.04 11.61 29.25 2.56 6.67 10.83 0 0 0 37.1 -9.31 -25.03 22.38 -33.4 -6.79 -0 0 -58.37 29.46 -18.66 -10.24 -7.12 0 -0 0.84 8.78 -0.7 0 0 0 -12.65 1.51 -20.01 -136.24 50.15 -98.72 0 -0 -55.89 -13.8 -47.33 10.24 7.12 -0 -0 46.57 -73.8 -33.47
4.06 17.51 3.34 -0.28 -15.44 18.51 0 0 0 -27.9 -5.06 -24.23 1.12 6.71 18.87 0.44 5.35 -15.58 0.38 3.96 10.96 0 0 0 -4.63 5.75 -8.29 -0.53 -4.66 12.93 -5.37 3.79 -43.35 -8.21 -16.27 53.33 3.45 3.77 -6.77 -0.99 4.9 -11.58 -2.97 2.09 -8.07 5.51 9.88 -7.63 6.26 11.4 29.81 2.63 6.57 10.82 -0 0 0 36.94 -9.22 -24.6 23.24 -34.35 -7.27 -0 0 -60.43 31.04 -18.06 -10.57 -7.12 0 -0 1.93 9.15 -1.6 -0 0 0 -11.91 2.79 -20.24 -135.85 50.35 -98.42 0 -0 -55.84 -12.73 -47.72 9.49 7.12 -0 -0 48.61 -73.63 -34.94
4.07 17.5 3.3 -0.65 -15.78 18.3 0 0 0 -27.41 -5.2 -24.33 1.18 6.88 19.37 0.45 5.66 -15.96 0.45 4.32 11.96 0 0 0 -4.2 5.59 -8.95 -0.57 -4.84 13.45 -5.26 1.71 -43.27 -8.25 -16.3 53.46 3.7 3.86 -6.31 -0.95 5.03 -11.44 -3.09 2.14 -8.15 6.11 8.84 -8.97 4.5 10.18 31.94 1.97 5.87 12.09 -0 -0 0 36.98 -9.23 -24.02 23.84 -34.99 -7.61 -0 0 -62.14 33.04 -18.59 -11.71 -7.12 0 -0 3.14 8.14 -2.66 -0 -0 0 -11.48 3.32 -20 -135.6 50.47 -98.22 0 -0 -55.64 -12.78 -47.64 9.52 7.12 -0 -0 48.36 -73.61 -34.72
4.09 17.5 3.24 -0.27 -16.31 18.2 0 0 0 -27.85 -5.2 -24.72 1.2 6.95 19.56 0.44 5.77 -15.98 0.49 4.5 12.49 0 0 0 -4.77 5.32 -10.49 -0.69 -5.32 14.83 -5.03 -0.46 -42.87 -8.14 -16.22 53.07 2.99 3.81 -5.88 -1 4.99 -11.41 -2.78 2.16 -8.41 5.28 8.33 -9.2 4.56 9.57 33.1 2.11 5.51 12.54 0 -0 0 36.66 -9.66 -24.91 24.23 -35.41 -7.84 -0 0 -63.12 31.17 -17.8 -10.48 -7.12 0 -0 2.05 9.42 -1.69 0 -0 0 -11.06 4.64 -20.32 -135.01 50.76 -97.77 0 -0 -55.64 -12.35 -48.79 9.35 7.12 -0 -0 52.1 -74.09 -38.21
4.12 17.49 3.23 -0.49 -16.53 17.98 0 0 0 -27.73 -5.11 -24.79 1.27 7.15 20.16 0.46 5.9 -16.37 0.48 4.46 12.37 0 0 0 -4.56 4.52 -11.21 -0.76 -5.58 15.57 -4.92 -0.58 -42.4 -8.04 -16.15 52.71 3.21 3.81 -6.17 -0.91 4.98 -10.9 -2.75 2.17 -7.67 5.26 7.75 -9.84 3.52 9.02 33.95 1.72 5.12 13.09 -0 -0 0 36.07 -10.29 -27.32 24.68 -35.88 -8.1 -0 0 -63.9 31.77 -18.25 -10.98 -7.12 0 -0 2.37 8.79 -1.98 -0 -0 0 -10.74 5.49 -20.69 -134.56 50.98 -97.42 0 -0 -55.8 -13.12 -48.19 9.85 7.12 -0 -0 49.63 -74.04 -36.15
4.15 17.47 3.2 -0.56 -16.95 17.99 0 0 0 -27.74 -5.1 -25.44 1.37 7.41 20.94 0.49 5.89 -16.69 0.52 4.63 12.85 0 0 0 -4.62 3.71 -12.28 -0.82 -5.76 16.1 -4.73 -0.95 -41.65 -8.03 -16.14 52.68 3.25 3.9 -6.03 -0.92 5.1 -10.8 -2.79 2.23 -7.63 5.02 7.38 -10.35 3.22 8.61 35.2 1.67 4.85 13.75 0 -0 0 35.54 -10.8 -28.34 25.38 -36.59 -8.52 -0 0 -64.92 32.92 -19.62 -12.26 -7.12 0 -0 2.91 7 -2.53 0 -0 0 -10.3 6.42 -20.85 -133.96 51.27 -96.95 0 -0 -55.36 -13.83 -48.1 10.38 7.12 -0 -0 48.76 -74.26 -35.65
4.17 17.47 3.19 -0.91 -17.34 17.99 0 0 0 -27.37 -5.24 -25.67 1.43 7.57 21.41 0.5 6.21 -17.07 0.6 4.96 13.8 0 0 0 -4.37 3.6 -12.87 -0.84 -5.86 16.37 -4.28 -5.23 -41.11 -7.54 -15.77 50.88 3.33 3.83 -5.9 -0.75 5.01 -10.81 -2.67 2.18 -7.73 4.58 6.81 -10.44 2.93 7.97 36.2 1.58 4.47 14.2 -0 0 0 35.01 -11.42 -29.12 25.75 -36.96 -8.74 -0 0 -65.48 31.69 -18.6 -11.14 -7.12 0 -0 2.27 8.41 -1.92 -0 0 0 -9.94 7.68 -20.53 -133.56 51.46 -96.64 0 -0 -55 -13.21 -47.89 9.88 7.12 -0 -0 48.68 -73.9 -35.25
4.22 17.44 3.18 -0.97 -17.23 17.79 0 0 0 -27.37 -5.55 -25.71 1.52 7.8 22.1 0.54 6.18 -17.55 0.64 5.14 14.3 0 0 0 -4.36 2.24 -13.31 -0.89 -6 16.79 -4.53 -1.36 -40.92 -8.04 -16.15 52.7 3.69 3.78 -6.07 -0.76 4.93 -10.53 -2.85 2.13 -7.3 3.76 6.33 -10.37 3.03 7.42 36.7 1.69 4.13 14.36 -0 0 0 34.52 -12.06 -30.36 26.22 -37.43 -9.02 -0 0 -66.51 31.81 -18.26 -11 -7.12 0 -0 2.4 8.78 -2.01 -0 0 0 -9.64 8.48 -20.64 -133.2 51.62 -96.36 0 -0 -55.22 -15 -47.67 11.2 7.12 -0 -0 46.45 -74.45 -33.96
4.23 17.44 3.16 -1.06 -18 17.65 0 0 0 -27.37 -5.26 -26 1.56 7.89 22.38 0.55 6.45 -17.84 0.68 5.26 14.65 0 0 0 -4.4 2.52 -14.7 -1.02 -6.43 18.04 -4.23 -4.24 -40.53 -7.87 -16.02 52.1 3.25 3.8 -5.72 -0.67 4.98 -10.43 -2.53 2.19 -7.42 3.22 5.84 -11.41 3.04 6.77 38.22 1.79 3.75 15.29 -0 -0 0 34.01 -12.43 -31.19 26.91 -38.1 -9.45 -0 0 -66.6 36.44 -21.32 -15.02 -7.12 0 -0 4.81 4.18 -4.46 -0 -0 0 -9.21 9.84 -21.02 -132.81 51.8 -96.06 0 -0 -55.13 -13.34 -47.91 9.98 7.12 -0 -0 48.63 -73.96 -35.27
4.27 17.44 3.15 -1.5 -18.38 17.9 0 0 0 -26.98 -5.28 -26.28 1.58 7.92 22.47 0.53 6.69 -17.85 0.66 5.21 14.51 0 0 0 -4.04 2.1 -16.33 -1.14 -6.79 19.09 -3.57 -8.92 -39.52 -7.31 -15.59 50.05 3.54 3.86 -5.94 -0.63 5.05 -10.41 -2.64 2.21 -7.25 2.46 5.12 -11.58 3.2 5.81 38.91 1.88 3.24 15.63 -0 -0 0 33.66 -12.62 -31.36 28.01 -39.13 -10.13 -0 0 -68.9 34.21 -21.75 -14.14 -7.12 0 -0 3.37 4.27 -3.11 -0 -0 0 -8.6 10.9 -20.72 -132.45 51.96 -95.77 0 -0 -54.64 -14.31 -47.87 10.71 7.12 -0 -0 47.67 -74.31 -34.81
4.3 17.43 3.14 -1.68 -18.49 18.19 0 0 0 -26.88 -5.1 -27.03 1.66 8.11 23.04 0.56 6.26 -17.84 0.66 5.19 14.44 0 0 0 -3.97 1.28 -17.9 -1.3 -7.23 20.41 -3.17 -10.13 -38.24 -7.13 -15.44 49.35 3.36 3.82 -6.14 -0.5 4.99 -10.46 -2.39 2.2 -7.22 1.93 5.03 -11.74 3.44 5.72 39.52 2.09 3.15 15.95 -0 -0 0 32.93 -13.08 -31.89 29.16 -40.16 -10.86 -0 0 -70.43 32.13 -20.8 -12.57 -7.12 0 -0 2.23 5.83 -1.99 -0 -0 0 -8.35 11.42 -20.89 -132.42 51.97 -95.74 0 -0 -55.11 -13.05 -48.25 9.81 7.12 -0 -0 49.88 -74.05 -36.36
4.33 17.41 3.13 -2.2 -18.76 17.96 0 0 0 -26.46 -4.87 -27.2 1.77 8.38 23.87 0.61 5.99 -18.19 0.71 5.38 14.99 0 0 0 -3.46 0.37 -18.93 -1.44 -7.59 21.48 -3.15 -11.28 -38.83 -7.43 -15.69 50.49 3.83 3.88 -5.89 -0.51 5.07 -10.13 -2.66 2.21 -6.96 0.87 4.48 -10.73 3.94 4.99 38.94 2.3 2.76 15.35 0 0 0 32.73 -13.62 -33.16 29.97 -40.87 -11.39 -0 0 -70.93 32.37 -20.96 -12.78 -7.12 0 -0 2.35 5.6 -2.11 0 0 0 -7.7 12.06 -21.18 -132.34 52.01 -95.68 0 -0 -55.53 -12.56 -48.49 9.47 7.12 -0 -0 51.02 -74 -37.24
4.36 17.4 3.13 -2.34 -18.98 17.86 0 0 0 -26.4 -4.99 -27.4 1.87 8.59 24.52 0.65 6.05 -18.66 0.81 5.75 16.06 0 0 0 -3.23 -1.46 -20.78 -1.61 -8 22.7 -1.69 -16.9 -35.52 -6.23 -14.64 45.88 3.6 3.81 -5.71 -0.3 5 -10.11 -2.32 2.2 -7.08 2.09 4.71 -11.89 2.6 5.51 40.32 1.7 2.95 16.46 0 0 0 31.97 -14.07 -33.96 31.04 -41.77 -12.09 -0 0 -72.23 31.77 -20.94 -12.48 -7.12 0 -0 1.99 5.76 -1.78 0 0 0 -7.41 12.94 -20.83 -132.14 52.09 -95.53 0 -0 -55.02 -12 -48.31 9.02 7.12 -0 -0 50.97 -73.7 -36.9
4.39 17.39 3.16 -2.86 -19.51 17.78 0 0 0 -26.01 -4.93 -27.25 1.93 8.71 24.89 0.67 6.42 -19.07 0.83 5.82 16.26 0 0 0 -2.7 -2.46 -22.37 -1.77 -8.36 23.82 -1.03 -19.75 -34.62 -5.76 -14.19 44.01 3.94 3.94 -5.9 -0.25 5.15 -9.88 -2.43 2.27 -6.68 1.66 4.37 -11.82 2.83 5.02 40.8 1.81 2.69 16.68 0 0 0 31.43 -14.25 -34.25 32.69 -43.09 -13.21 -0 0 -73.84 30.5 -19.7 -11.23 -7.12 0 -0 1.36 7.42 -1.18 0 0 0 -7 13.61 -20.66 -132.11 52.11 -95.5 0 -0 -55.13 -12.49 -48.86 9.47 7.12 -0 -0 52.19 -74.18 -38.37
4.41 17.39 3.13 -2.34 -19.79 17.4 0 0 0 -26.59 -5.14 -26.99 1.89 8.64 24.68 0.62 6.64 -18.8 0.8 5.71 15.95 0 0 0 -3.24 -2.96 -24.23 -2.04 -8.94 25.61 -1.28 -19.43 -35.66 -5.94 -14.37 44.74 2.99 3.83 -5.65 -0.28 5.02 -9.68 -1.96 2.27 -6.69 2.12 4.32 -11.44 1.95 5.15 40.61 1.34 2.7 16.53 0 0 0 30.96 -14.4 -35.23 34.34 -44.33 -14.35 -0 0 -76.39 23.97 -13.53 -5.94 -7.12 0 -0 -2.34 15.24 1.64 0 0 0 -6.79 13.69 -20.22 -132.36 52 -95.7 0 -0 -54.96 -13.02 -47.54 9.68 7.12 -0 -0 47.85 -73.63 -34.33
4.45 17.39 3.13 -2.79 -20 17 0 0 0 -26.21 -5.4 -26.35 1.9 8.65 24.71 0.58 7.37 -18.94 0.86 5.92 16.55 0 0 0 -2.72 -3.73 -25.59 -2.21 -9.28 26.69 1.47 -28.16 -31.03 -4.47 -12.77 38.5 3.4 3.85 -5.28 -0.2 5.07 -9.3 -2.11 2.28 -6.45 1.75 4.22 -11.22 2.32 4.95 40.59 1.52 2.61 16.44 0 0 0 30.32 -14.73 -34.8 36.07 -45.56 -15.57 -0 0 -75.65 32.21 -21.61 -13.06 -7.12 0 -0 2.15 4.91 -1.96 0 0 0 -6.57 14.31 -20 -132.12 52.11 -95.5 0 -0 -54.95 -14.02 -47.56 10.44 7.12 -0 -0 47.01 -74.01 -34.02
4.48 17.39 3.13 -3.09 -20.4 16.86 0 0 0 -25.94 -5.45 -26.25 1.93 8.71 24.9 0.59 7.67 -19.25 0.99 6.33 17.73 0 0 0 -2.5 -3.75 -26.97 -2.38 -9.62 27.75 0.8 -26.68 -32.88 -5.01 -13.39 40.85 3.4 3.81 -4.66 -0.06 5.05 -9.49 -2.01 2.26 -7.03 1.23 3.83 -11.15 2.31 4.5 41.56 1.57 2.32 16.94 0 0 0 29.54 -15.41 -34.97 37.68 -46.63 -16.73 -0 0 -76.77 32.1 -23.58 -14.09 -7.12 0 -0 1.76 2.73 -1.68 0 0 0 -6.17 15.14 -19.09 -132.41 51.98 -95.74 0 -0 -54.77 -13.31 -47.83 9.95 7.12 -0 -0 48.42 -73.91 -35.05
4.52 17.37 3.17 -3.2 -20.38 16.66 0 0 0 -26.11 -5.25 -25.98 1.98 8.82 25.23 0.64 7.51 -19.71 0.97 6.27 17.57 0 0 0 -2.32 -5.27 -28.17 -2.43 -9.71 28.04 4.24 -34.12 -20.95 -3.29 -11.15 32.78 3.9 3.86 -5.21 -0.2 5.07 -9.01 -2.37 2.26 -6.14 1.16 3.58 -11.51 2.15 4.18 41.93 1.48 2.15 17.24 0 0 0 29.32 -15.93 -35.68 39.32 -47.66 -17.93 -0 0 -78.18 32.31 -25.31 -15.13 -7.12 0 -0 1.59 0.76 -1.57 0 0 0 -5.88 15.46 -18.75 -132.24 52.05 -95.6 0 -0 -54.73 -13.17 -47.41 9.77 7.12 -0 -0 47.36 -73.61 -33.92
4.54 17.37 3.14 -3.13 -20.62 16.4 0 0 0 -26.21 -5.06 -26.03 1.98 8.83 25.27 0.64 7.46 -19.6 1.02 6.42 18 0 0 0 -2.43 -4.72 -29.6 -2.57 -9.96 28.86 3.57 -32.32 -22.64 -3.71 -11.76 34.88 3.54 3.87 -4.9 -0.17 5.1 -8.87 -2.16 2.3 -6.19 0.92 3.27 -10.48 1.86 3.88 41.56 1.3 1.95 16.77 -0 -0 0 28.9 -15.6 -34.37 41.64 -49.01 -19.67 -0 0 -80.61 32.67 -25.67 -15.53 -7.12 0 -0 1.74 0.26 -1.73 -0 -0 0 -5.64 16.03 -18.34 -132.07 52.13 -95.47 0 -0 -54.45 -13.18 -47.37 9.78 7.12 -0 -0 47.25 -73.59 -33.81
4.57 17.38 3.16 -3.28 -21.09 16.49 0 0 0 -26.25 -5.12 -25.9 1.95 8.76 25.05 0.59 8.1 -19.65 1.01 6.39 17.92 0 0 0 -2.2 -4.56 -31.12 -2.59 -10.01 29 4.29 -34.08 -19.5 -3.4 -11.32 33.37 3.42 3.83 -4.95 -0.09 5.04 -8.88 -2.01 2.28 -6.2 0.87 3.25 -10.48 1.8 3.87 42.01 1.29 1.92 17.03 0 -0 0 28.33 -15.69 -33.89 43.48 -50 -21.06 -0 0 -81.96 29.08 -21.5 -11.52 -7.12 0 -0 0.22 5.72 -0.2 0 -0 0 -5.2 16.98 -17.81 -132.16 52.09 -95.54 0 -0 -54.91 -12.55 -47.49 9.32 7.12 -0 -0 48.13 -73.42 -34.36
4.59 17.38 3.16 -3.27 -21.25 16.02 0 0 0 -26.43 -4.78 -25.41 1.92 8.71 24.89 0.59 8.12 -19.64 1.02 6.44 18.06 0 0 0 -2.26 -4.18 -31.8 -2.61 -10.03 29.08 3.68 -32.51 -21.8 -3.93 -12.06 35.96 3.32 3.86 -4.57 -0.09 5.1 -8.46 -1.96 2.33 -5.96 0.75 3 -10.95 1.75 3.54 42.08 1.25 1.75 17.19 -0 -0 0 27.98 -16.41 -34.91 44.75 -50.65 -22.05 -0 0 -82.76 30.57 -27.16 -15.09 -7.12 0 -0 0.23 -0.81 -0.23 -0 -0 0 -4.92 17.46 -17.69 -131.95 52.18 -95.37 0 -0 -54.19 -13.27 -47.58 9.87 7.12 -0 -0 47.76 -73.75 -34.37
4.62 17.38 3.15 -3.42 -20.99 15.91 0 0 0 -26.34 -4.58 -25.38 1.93 8.72 24.91 0.61 7.76 -19.63 0.94 6.18 17.31 0 0 0 -1.74 -4.17 -33.21 -2.63 -10.07 29.2 5.25 -37.44 -7.55 -1.76 -8.34 23.76 3.34 3.65 -4.25 0 4.84 -8.36 -1.9 2.2 -6.06 0.58 2.75 -11 1.67 3.21 42.43 1.19 1.56 17.41 0 -0 0 27.66 -17.02 -35.32 45.79 -51.15 -22.85 -0 0 -83.44 29.9 -22.93 -12.62 -7.12 0 -0 0.52 3.97 -0.49 0 -0 0 -4.29 17.78 -17.02 -132.29 52.03 -95.65 0 -0 -54.12 -12.51 -47.15 9.24 7.12 -0 -0 47.24 -73.21 -33.46
4.64 17.38 3.15 -3.55 -20.86 15.79 0 0 0 -26.31 -4.21 -25.35 1.93 8.71 24.89 0.63 7.49 -19.55 0.95 6.21 17.38 0 0 0 -1.53 -3.61 -34.04 -2.64 -10.09 29.26 4.44 -34.27 -15.42 -3.31 -11.18 32.89 3.49 3.51 -4.34 0.02 4.64 -8.1 -1.94 2.1 -5.73 0.79 2.62 -11.51 1.14 3.17 42.97 0.93 1.49 17.89 0 0 0 27.3 -18.13 -36.11 46.17 -51.33 -23.15 -0 0 -83.08 28.01 -18.71 -9.69 -7.12 0 -0 -0.11 8.99 0.09 0 0 0 -3.8 18.62 -16.65 -132.12 52.11 -95.51 0 -0 -53.78 -12.36 -47.54 9.18 7.12 -0 -0 48.44 -73.38 -34.57
4.65 17.38 3.13 -3.36 -21 15.7 0 0 0 -26.67 -3.53 -25.78 1.94 8.73 24.96 0.62 7.05 -19.08 0.89 6 16.78 0 0 0 -1.64 -2.63 -35.44 -2.69 -10.17 29.54 4.81 -35.67 -10.26 -2.67 -10.13 29.41 3.03 3.51 -4.26 -0.01 4.64 -7.97 -1.73 2.13 -5.66 1.2 2.58 -11.95 0.52 3.24 43.41 0.59 1.49 18.31 -0 -0 0 26.93 -18.88 -36.77 47.15 -51.78 -23.91 -0 0 -84.2 26.55 -15.14 -7.43 -7.12 0 -0 -0.7 13.15 0.53 -0 -0 0 -3.35 19.26 -16.42 -131.89 52.2 -95.33 0 -0 -53.62 -12.27 -47.11 9.05 7.12 -0 -0 47.34 -73.09 -33.43
4.68 17.37 3.13 -3.02 -20.94 15.38 0 0 0 -27.1 -4.15 -25.38 1.95 8.77 25.08 0.6 7.73 -19.47 0.88 5.97 16.71 0 0 0 -1.65 -2.74 -36.85 -2.75 -10.28 29.89 4.85 -35.74 -10.5 -2.97 -10.64 31.09 2.72 3.37 -4.09 0.01 4.46 -7.99 -1.54 2.05 -5.82 1.03 2.47 -11.23 0.38 3.17 43.58 0.53 1.42 18.22 -0 -0 0 25.93 -19.41 -35.95 48.24 -52.26 -24.77 -0 0 -86.12 25.76 -18.69 -8.79 -7.12 0 -0 -1.56 9.4 1.28 -0 -0 0 -3.12 19.47 -15.37 -132.1 52.11 -95.49 0 -0 -53.65 -11.47 -46.84 8.42 7.12 -0 -0 47.38 -72.64 -33.05
4.71 17.36 3.12 -3.22 -20.43 15.11 0 0 0 -26.84 -4.96 -24.81 1.98 8.82 25.23 0.56 8.35 -19.6 0.89 6.02 16.84 0 0 0 -1.1 -2.36 -37.86 -2.8 -10.36 30.14 4.34 -34.26 -8.77 -2.92 -10.56 30.81 3.09 3.19 -3.99 0.09 4.22 -7.63 -1.65 1.92 -5.47 1.13 2.36 -11.45 0.08 3.09 43.62 0.36 1.36 18.31 0 0 0 25.38 -20.14 -36.04 49.58 -52.82 -25.84 -0 0 -86.49 27.27 -21.8 -10.84 -7.12 0 -0 -0.95 5.76 0.85 0 0 0 -2.79 19.99 -15.33 -131.97 52.17 -95.39 0 -0 -54.17 -11.66 -47.89 8.7 7.12 -0 -0 50.04 -73.33 -35.81
4.73 17.35 3.09 -3.38 -20.59 14.8 0 0 0 -26.7 -5.09 -24.62 2 8.87 25.4 0.52 8.8 -19.53 0.88 5.97 16.7 0 0 0 -0.75 -1.08 -39 -2.84 -10.43 30.37 4.67 -36.61 -2.97 -2.08 -9.03 25.87 3.3 3.19 -3.41 0.12 4.25 -7.36 -1.76 1.93 -5.51 0.61 2.17 -10.93 0.22 2.88 43.24 0.47 1.21 17.92 0 0 0 24.84 -21.11 -36.67 51.11 -53.43 -27.07 -0 0 -86.5 26.7 -17.79 -8.73 -7.12 0 -0 -0.86 10.23 0.69 0 0 0 -2.32 20.38 -14.68 -131.87 52.21 -95.31 0 -0 -53.79 -12.24 -47.65 9.11 7.12 -0 -0 48.86 -73.41 -34.93
4.75 17.35 3.08 -3.27 -20.84 14.75 0 0 0 -26.89 -4.98 -24.76 2.02 8.91 25.5 0.51 8.88 -19.51 0.88 5.98 16.72 0 0 0 -0.71 0.11 -40.53 -2.89 -10.52 30.67 3.95 -36.02 2.62 -1.29 -7.2 20.32 3.21 3.22 -3.66 0.08 4.26 -6.94 -1.73 1.96 -4.91 0.13 1.98 -11.38 0.51 2.6 43.56 0.66 1.05 18.21 -0 -0 0 24.24 -21.34 -34.91 52.25 -53.86 -27.98 -0 0 -86.43 28.27 -24.52 -12.58 -7.12 0 -0 -0.71 2.61 0.68 -0 -0 0 -1.95 20.8 -14.26 -132.03 52.14 -95.44 0 -0 -53.65 -11.64 -47.43 8.63 7.12 -0 -0 48.79 -73.06 -34.54
4.77 17.33 3.04 -2.53 -20.73 14.21 0 0 0 -27.75 -4.61 -24.69 2 8.86 25.35 0.52 8.4 -19.2 0.84 5.84 16.31 0 0 0 -1.27 1.1 -42.01 -2.98 -10.66 31.13 1.51 -32.21 14.44 -0.08 -1.87 5.14 2.58 3.02 -3.08 -0.09 4.02 -6.68 -1.58 1.86 -5.01 0.03 1.82 -11.23 0.43 2.4 43.42 0.59 0.94 18.09 0 0 0 23.63 -21.38 -34.24 54.34 -54.6 -29.68 -0 0 -87.17 28.34 -22.76 -11.79 -7.12 0 -0 -0.41 4.49 0.38 0 0 0 -1.4 21.25 -13.4 -132.16 52.09 -95.54 0 -0 -53.66 -12.31 -47.65 9.17 7.12 -0 -0 48.8 -73.44 -34.91
4.79 17.32 2.99 -2.46 -20.42 14.14 0 0 0 -27.91 -3.89 -25.41 2.08 9.02 25.87 0.61 7.04 -18.98 0.83 5.82 16.26 0 0 0 -1.07 2 -43.43 -3.02 -10.72 31.35 1.01 -30.34 15.66 -0.09 -1.93 5.32 2.59 2.88 -2.66 -0.07 3.85 -6.5 -1.58 1.78 -5.07 0.02 1.7 -11.14 0.05 2.36 43.57 0.41 0.87 18.17 -0 -0 0 23.05 -21.97 -33.29 55.56 -55.01 -30.67 -0 0 -87.35 27.86 -22.98 -11.66 -7.12 0 -0 -0.74 4.36 0.68 -0 -0 0 -1 21.8 -12.85 -131.97 52.17 -95.39 0 -0 -53.79 -10.94 -47.91 8.16 7.12 -0 -0 50.7 -73.08 -36.09
4.81 17.31 2.95 -2.64 -20.32 13.84 0 0 0 -27.72 -3.66 -25.62 2.17 9.21 26.45 0.65 6.58 -18.99 0.91 6.07 16.99 0 0 0 -0.43 3.16 -44.58 -3.06 -10.79 31.58 -0.25 -26.11 19.97 -0 -0.02 0.05 2.63 2.83 -2.09 0.01 3.8 -6.18 -1.55 1.76 -5.06 0.1 1.71 -11.57 -0.07 2.42 44.13 0.36 0.88 18.64 -0 -0 0 22.5 -22.63 -32.16 56.65 -55.35 -31.57 -0 0 -87.59 27.63 -28.77 -14.14 -7.12 0 -0 -1.76 -1.79 1.82 -0 -0 0 -0.63 21.99 -11.57 -131.23 52.49 -94.81 0 -0 -53.14 -11.77 -47.13 8.68 7.12 -0 -0 47.86 -72.93 -33.69
4.81 17.29 2.89 -2.28 -19.08 13.85 0 0 0 -27.88 -4.4 -26 2.25 9.36 26.93 0.64 6.32 -18.72 0.82 5.78 16.15 0 0 0 -0.28 3.64 -46.31 -3.19 -11 32.29 -0.2 -26.28 19.77 -0.07 -1.67 4.58 2.21 2.4 -1.95 -0.01 3.22 -6.06 -1.32 1.49 -5.05 -0.16 1.5 -11.18 0.09 2.09 43.91 0.41 0.72 18.39 0 0 0 21.94 -23.73 -31.11 57.83 -55.7 -32.55 -0 0 -87.37 28.32 -34.37 -16.92 -7.12 0 -0 -2.42 -7.84 2.73 0 0 0 -0.23 22.4 -10.53 -130.45 52.81 -94.19 0 -0 -52.53 -12.82 -46.87 9.43 7.12 -0 -0 46.19 -73.15 -32.59
4.81 17.27 2.84 -2.28 -18.45 13.61 0 0 0 -27.75 -4.49 -26.25 2.35 9.56 27.56 0.66 5.91 -18.65 0.79 5.66 15.81 0 0 0 0.24 4.9 -47.53 -3.25 -11.09 32.59 -1.11 -23.04 23.32 -0 0.22 -0.61 1.99 2.26 -1.84 -0.05 3.02 -5.5 -1.22 1.41 -4.54 -0.14 1.34 -11.7 0.17 1.8 43.95 0.4 0.62 18.56 0 0 0 21.63 -24.68 -30.59 59 -56.04 -33.51 -0 0 -87.68 27.62 -32.42 -15.67 -7.12 0 -0 -2.42 -5.62 2.65 0 0 0 0.23 22.67 -10.35 -129.87 53.05 -93.72 0 -0 -52.72 -12.42 -47.73 9.25 7.12 -0 -0 48.92 -73.52 -35.08
4.79 17.25 2.78 -2.42 -18.08 13.42 0 0 0 -27.44 -4.15 -26.86 2.48 9.81 28.36 0.69 5.44 -18.56 0.77 5.6 15.63 0 0 0 0.69 6.98 -48.47 -3.3 -11.17 32.87 -1.09 -23.51 23.44 -0.01 -0.51 1.4 1.68 2.15 -1.43 -0.04 2.89 -5.32 -1.05 1.36 -4.6 0.04 1.13 -11.41 0.02 1.46 44.04 0.23 0.49 18.54 0 -0 0 21.05 -25.94 -29.27 60.36 -56.4 -34.64 -0 0 -87.36 28.35 -29.21 -14.75 -7.12 0 -0 -1.42 -2.44 1.48 0 -0 0 1.19 22.89 -9.31 -129.39 53.24 -93.34 0 -0 -52.81 -11.64 -48.72 8.8 7.12 -0 -0 52.44 -73.78 -38.19
4.77 17.23 2.73 -1.94 -17.35 13.04 0 0 0 -27.79 -4.43 -26.85 2.55 9.93 28.74 0.7 5.15 -18.47 0.72 5.43 15.13 0 0 0 0.79 8.07 -49.57 -3.32 -11.19 32.94 -1.91 -18.35 26.2 -0.23 3.06 -8.45 1 1.89 -1.08 -0.06 2.53 -5.01 -0.7 1.22 -4.51 -0.2 1.08 -11.33 0.02 1.46 43.98 0.28 0.45 18.48 -0 -0 0 20.02 -26.95 -27.59 62.24 -56.88 -36.21 -0 0 -87.2 29.06 -28.04 -14.64 -7.12 0 -0 -0.8 -1.37 0.82 -0 -0 0 1.67 23.37 -8.09 -128.17 53.71 -92.36 0 -0 -52.36 -13.44 -47.95 10.06 7.12 -0 -0 48.67 -74.03 -35.36
4.77 17.23 2.68 -2.01 -16.65 12.97 0 0 0 -27.54 -5.25 -26.83 2.6 10.02 29.04 0.68 5.36 -18.46 0.85 5.88 16.43 0 0 0 1.45 9.39 -50.51 -3.28 -11.13 32.72 -2.21 -18.6 27.92 -0.14 2.41 -6.63 0.82 1.67 -1.07 0.07 2.23 -4.61 -0.45 1.08 -4.11 -0.16 1 -11.17 -0.33 1.47 43.76 0.1 0.42 18.3 0 0 0 19.04 -27.91 -26.15 63.27 -57.12 -37.07 -0 0 -87.3 28.52 -21.46 -11.24 -7.12 0 -0 -0.13 5.87 0.11 0 0 0 1.87 24.3 -7.32 -126.97 54.15 -91.39 0 -0 -51.83 -11.95 -48.43 8.99 7.12 -0 -0 51.33 -73.74 -37.24
4.76 17.21 2.63 -2.33 -15.88 12.7 0 0 0 -26.95 -5.75 -26.92 2.73 10.24 29.75 0.69 5.21 -18.46 0.88 5.98 16.73 0 0 0 2.48 10.68 -50.9 -3.17 -10.97 32.18 -2.58 -17.61 29.69 -0.09 1.92 -5.28 1 1.43 -0.51 0.2 1.92 -4.31 -0.41 0.92 -4.12 -0.36 0.84 -11.51 -0.26 1.25 44.05 0.14 0.3 18.57 -0 0 0 18.01 -29 -24.65 64.41 -57.38 -38.04 -0 0 -87.14 28.81 -21.43 -11.36 -7.12 0 -0 0.06 5.85 -0.05 -0 0 0 2.5 25.03 -5.67 -125.32 54.72 -90.05 0 -0 -50.42 -12.63 -47.07 9.32 7.12 -0 -0 46.93 -73.21 -33.21
4.74 17.16 2.59 -1.65 -15.08 12.32 0 0 0 -27.55 -5.64 -27.4 2.89 10.51 30.65 0.75 4.17 -18.41 0.82 5.78 16.15 0 0 0 2.54 11.35 -52.03 -3.21 -11.03 32.4 -2.93 -15.08 31.16 -0.15 2.51 -6.91 0.29 1.16 -0.35 0.03 1.55 -3.99 -0.18 0.76 -3.91 -0.82 0.71 -11.38 0.27 0.96 43.93 0.42 0.18 18.45 0 -0 0 17.12 -30.11 -23.3 66.02 -57.71 -39.39 -0 0 -87.5 27.58 -18.39 -9.36 -7.12 0 -0 -0.35 9.42 0.29 0 -0 0 3.24 25.3 -4.2 -124.4 55.02 -89.29 0 -0 -50.91 -15.35 -46.3 11.23 7.12 -0 -0 42.26 -73.72 -30.02
4.73 17.13 2.55 -1.45 -14.43 12.14 0 0 0 -27.66 -5.75 -27.74 3.01 10.71 31.3 0.77 3.8 -18.43 0.76 5.58 15.57 0 0 0 3.09 12.19 -52.9 -3.24 -11.07 32.52 -2.85 -15.96 30.84 -0.01 0.61 -1.68 0.03 1.04 -0.06 -0.1 1.38 -3.8 -0.16 0.68 -3.87 -0.78 0.56 -11.48 0.34 0.67 44 0.4 0.08 18.52 -0 -0 0 16.13 -31.49 -21.25 66.84 -57.87 -40.08 -0 0 -87.47 28.34 -19.95 -10.42 -7.12 0 -0 -0.04 7.57 0.04 -0 -0 0 4.24 25.57 -2.9 -123.22 55.39 -88.33 0 -0 -50.43 -15.12 -46.15 11.02 7.12 -0 -0 42.09 -73.53 -29.74
4.74 17.12 2.54 -0.92 -13.5 11.39 0 0 0 -28.25 -5.64 -27.11 3.05 10.77 31.5 0.82 2.98 -18.43 0.81 5.73 16.01 0 0 0 3.78 12.24 -53.03 -3.2 -11.02 32.33 -3.16 -14.18 32.24 -0.06 1.53 -4.2 -0.27 0.81 0.18 -0.32 1.07 -3.29 -0.21 0.53 -3.48 -0.58 0.42 -11.35 0.08 0.52 43.74 0.21 0.03 18.33 -0 -0 0 15.18 -32.75 -19.99 67.98 -58.09 -41.05 -0 0 -87.75 26.83 -21.27 -10.4 -7.12 0 -0 -1.17 6.41 1.03 -0 -0 0 5.18 25.87 -1.71 -121.9 55.78 -87.24 0 -0 -50.12 -15.03 -47.16 11.14 7.12 -0 -0 44.92 -74.14 -32.47
4.72 17.08 2.51 -0.8 -12.53 10.75 0 0 0 -28.33 -5.11 -27.1 3.19 11 32.28 0.88 1.69 -18.36 0.74 5.5 15.35 0 0 0 4.31 12.87 -52.82 -3.17 -10.97 32.19 -2.65 -18.68 30.28 -0.1 -2.01 5.54 -0.36 0.59 0.83 -0.42 0.77 -2.9 -0.26 0.39 -3.45 -0.92 0.41 -10.88 0.54 0.42 43.29 0.46 -0 17.92 -0 -0 0 14.04 -33.77 -18.17 69.53 -58.36 -42.37 -0 0 -87.56 26.43 -19.73 -9.53 -7.12 0 -0 -1.24 8.15 1.05 -0 -0 0 6.14 26 -0.31 -120.66 56.13 -86.21 0 -0 -49.53 -14.3 -47.33 10.62 7.12 -0 -0 46.08 -73.98 -33.24
4.71 17.04 2.5 -0.73 -11.37 10.52 0 0 0 -28.42 -4.44 -27.58 3.35 11.24 33.09 0.94 0.2 -18.36 0.66 5.21 14.51 0 0 0 5.37 12.66 -53.38 -3.23 -11.06 32.49 -2.94 -16.57 31.38 -0.05 -1.48 4.06 -0.29 0.28 0.58 -0.49 0.35 -2.35 -0.35 0.17 -2.74 -0.77 0.37 -11.33 0.34 0.41 43.26 0.34 -0.01 18.03 0 0 0 13.09 -34.85 -16.85 70.97 -58.59 -43.6 -0 0 -87.07 26.53 -18.09 -8.81 -7.12 0 -0 -1 9.93 0.81 0 0 0 6.84 26.46 0.86 -118.93 56.59 -84.77 0 -0 -48.95 -14.87 -47.66 11.1 7.12 -0 -0 46.53 -74.39 -33.97
4.68 16.97 2.46 -0.34 -10.72 10.31 0 0 0 -28.61 -4.08 -28.54 3.59 11.59 34.3 1 -0.91 -18.58 0.54 4.7 13.06 0 0 0 5.47 13.6 -53.97 -3.28 -11.13 32.73 -3.02 -16.31 31.75 -0.04 -1.33 3.65 -0.86 0.21 0.85 -0.76 0.25 -1.85 -0.31 0.13 -2.37 -0.72 0.17 -11.88 0.39 0.08 43.05 0.3 -0.12 18.05 -0 0 0 12.67 -35.74 -15.65 71.73 -58.7 -44.25 -0 0 -87.59 25.7 -23.51 -10.87 -7.12 0 -0 -2.15 4.22 1.99 -0 0 0 7.53 26.36 1.99 -117.58 56.92 -83.64 0 -0 -49.22 -12.9 -47.19 9.54 7.12 -0 -0 46.99 -73.38 -33.41
4.66 16.95 2.44 -0.35 -9.42 10.03 0 0 0 -28.48 -3.89 -28.72 3.73 11.8 35.01 1.03 -2.09 -18.57 0.44 4.26 11.81 0 0 0 5.92 13.86 -53.85 -3.28 -11.13 32.72 -3.12 -15.22 32.12 -0 0.07 -0.19 -0.94 -0.1 1.43 -0.74 -0.17 -1.76 -0.23 -0.08 -2.6 -1.2 -0.02 -11.56 0.97 -0.31 42.89 0.59 -0.28 17.87 -0 -0 0 11.2 -36.8 -13.2 72.63 -58.83 -45.02 -0 0 -87.33 26.7 -20.16 -9.83 -7.12 0 -0 -1.12 7.64 0.96 -0 -0 0 8.05 26.51 4.36 -116.06 57.27 -82.37 0 -0 -48.88 -13.47 -48.16 10.12 7.12 -0 -0 49.25 -74.16 -35.95
4.64 16.9 2.43 0.04 -8.71 9.95 0 0 0 -28.78 -4.09 -29.23 3.93 12.07 35.98 1.05 -2.75 -18.68 0.42 4.17 11.56 0 0 0 5.68 14.44 -54.07 -3.23 -11.05 32.46 -3.33 -13.74 33.05 -0.01 0.5 -1.38 -1.45 -0.22 1.3 -0.83 -0.35 -1.38 -0.02 -0.16 -2.14 -1.2 -0.18 -11.73 0.77 -0.47 42.68 0.46 -0.36 17.79 -0 -0 0 10.58 -37.57 -11 72.76 -58.85 -45.13 -0 0 -87.44 26.42 -19.69 -9.51 -7.12 0 -0 -1.24 8.2 1.05 -0 -0 0 8.58 26.22 6.11 -114.66 57.57 -81.18 0 -0 -48.49 -12.05 -47.7 8.97 7.12 -0 -0 49.16 -73.37 -35.13
4.63 16.88 2.42 -0.37 -7.63 9.96 0 0 0 -28.14 -5.16 -29.29 4.14 12.34 36.96 1.09 -2.86 -19.02 0.51 4.59 12.75 0 0 0 6.13 14.94 -53.87 -3.11 -10.88 31.87 -3.24 -15.15 32.71 -0 -0.26 0.7 -0.99 -0.5 1.44 -0.64 -0.71 -1.58 -0.08 -0.34 -2.42 -0.56 0.01 -11.35 0.08 -0.07 43.31 0.1 -0.2 18.06 -0 0 0 8.36 -37.94 -7.39 73.84 -58.99 -46.05 -0 0 -87.37 26.62 -20.94 -10.15 -7.12 0 -0 -1.26 6.81 1.1 -0 0 0 9.3 26.01 9.23 -112.89 57.92 -79.68 0 -0 -48.64 -11.21 -47.32 8.29 7.12 -0 -0 48.86 -72.84 -34.39
4.62 16.85 2.39 0.09 -6.77 9.96 0 0 0 -28.45 -6.4 -29.25 4.24 12.47 37.41 1.07 -2.6 -18.9 0.58 4.89 13.59 0 0 0 5.29 15.41 -54.09 -3.05 -10.78 31.55 -3.21 -16.41 32.71 -0.02 -0.93 2.55 -1.48 -0.67 1.78 -0.72 -0.94 -0.93 0.13 -0.46 -1.94 -0.25 -0.02 -13.9 -0.23 -0.06 44.27 -0.11 -0.18 19.4 -0 -0 0 7.9 -38.7 -6.52 74.81 -59.11 -46.89 -0 0 -87.14 26.31 -19.48 -9.37 -7.12 0 -0 -1.29 8.45 1.08 -0 -0 0 8.97 26.25 10.48 -111.72 58.14 -78.69 0 -0 -48.44 -13.72 -46.39 10.03 7.12 -0 -0 44.09 -73.17 -30.97
4.61 16.83 2.37 -0.38 -6.46 9.75 0 0 0 -27.76 -7.06 -29.13 4.37 12.63 38.01 1.1 -2.39 -19.15 0.64 5.13 14.29 0 0 0 5.75 16.21 -53.66 -2.89 -10.51 30.66 -3.12 -15.37 32.13 -0.01 0.75 -2.06 -1.03 -0.61 2.12 -0.7 -0.86 -0.74 -0.11 -0.42 -1.94 -0.5 -0.19 -13.59 0.15 -0.41 44.06 0.06 -0.31 19.17 -0 -0 0 6.82 -39.06 -3.88 76.23 -59.27 -48.11 -0 0 -87.08 26.61 -20.84 -10.11 -7.12 0 -0 -1.25 6.92 1.09 -0 -0 0 9.99 26.41 12.7 -111.03 58.26 -78.11 0 -0 -49.36 -14.73 -45.41 10.61 7.12 -0 -0 40.59 -72.89 -28.06
4.59 16.78 2.35 -0.62 -6.19 9.85 0 0 0 -27.3 -7.61 -29.79 4.61 12.93 39.09 1.12 -2.48 -19.3 0.68 5.28 14.72 0 0 0 5.91 16.79 -54.06 -2.85 -10.45 30.43 -3.57 -15.35 34.36 -0.01 -0.57 1.57 -0.8 -0.58 2.26 -0.63 -0.81 -0.53 -0.17 -0.4 -1.81 -0.45 -0.27 -13.47 -0.24 -0.36 44.05 -0.13 -0.33 19.13 -0 0 0 5.64 -39.54 -1.71 77.86 -59.44 -49.5 -0 0 -86.82 26.01 -18.53 -8.81 -7.12 0 -0 -1.38 9.53 1.14 -0 0 0 10.67 26.87 14.54 -109.61 58.5 -76.9 0 -0 -48.82 -14.48 -45.17 10.38 7.12 -0 -0 40.27 -72.63 -27.62
4.61 16.77 2.34 -0.1 -5.49 9.72 0 0 0 -27.91 -8.08 -29.64 4.67 13 39.37 1.13 -2.59 -19.37 0.65 5.17 14.4 0 0 0 5.83 15.79 -54.4 -2.82 -10.4 30.27 -3.74 -15.09 35.16 -0.03 -1.07 2.94 -1.03 -0.65 2.35 -0.82 -0.91 -0.55 -0.23 -0.45 -1.88 -0.54 -0.41 -12.54 0.03 -0.68 43.79 -0.04 -0.43 18.7 0 -0 0 4.04 -40.06 1.24 79.5 -59.58 -50.92 -0 0 -86.78 25.43 -14.91 -6.98 -7.12 0 -0 -1.44 13.56 1.06 0 -0 0 11.56 27.09 16.97 -108.67 58.64 -76.1 0 -0 -48.5 -14.09 -47.28 10.45 7.12 -0 -0 46.16 -73.87 -33.21
4.59 16.73 2.31 -0.09 -5.07 9.67 0 0 0 -27.76 -8.06 -30.29 4.87 13.24 40.27 1.15 -3.12 -19.45 0.65 5.16 14.37 0 0 0 5.71 16.18 -54.66 -2.84 -10.44 30.41 -3.67 -16.2 34.94 -0.06 -1.52 4.19 -1.26 -0.76 2.67 -0.75 -1.06 0.29 -0.02 -0.52 -1.19 -0.59 -0.42 -14.7 0.08 -0.67 44.11 -0.01 -0.42 19.52 0 0 0 3.48 -40.64 1.77 79.92 -59.61 -51.28 -0 0 -86.11 26.42 -19.04 -9.21 -7.12 0 -0 -1.17 8.91 0.97 0 0 0 11.77 27.75 17.54 -107.79 58.77 -75.34 0 -0 -48.33 -14.1 -46.61 10.35 7.12 -0 -0 44.31 -73.46 -31.39
4.57 16.7 2.29 -0.04 -4.67 9.66 0 0 0 -27.76 -7.72 -31.01 5.06 13.45 41.08 1.17 -3.94 -19.5 0.56 4.79 13.3 0 0 0 5.59 16.23 -54.9 -2.84 -10.44 30.4 -3.7 -16.52 35.12 -0.1 -2.05 5.64 -1.21 -0.57 2.65 -0.92 -0.81 0.06 -0.23 -0.4 -1.42 -0.5 -0.76 -12.6 0.18 -1.29 43.72 -0.09 -0.64 18.67 0 0 0 1.84 -41.52 5.5 81.47 -59.72 -52.62 -0 0 -86.56 26.63 -18.7 -9.13 -7.12 0 -0 -1 9.25 0.82 0 0 0 13.79 26.67 20.34 -107.67 58.79 -75.24 0 -0 -47.87 -12.26 -46.79 9 7.12 -0 -0 46.51 -72.9 -32.6
4.54 16.65 2.26 -0.41 -4.23 9.69 0 0 0 -27.16 -7.36 -31.95 5.35 13.76 42.3 1.21 -4.96 -19.74 0.57 4.83 13.41 0 0 0 5.63 16.74 -54.82 -2.81 -10.38 30.21 -3.67 -16.92 35.02 -0.11 -2.14 5.9 -1.15 -0.74 3.22 -0.68 -1.03 0.56 -0 -0.51 -1.22 -0.5 -0.64 -13.61 0.01 -1 43.55 -0.12 -0.54 18.85 -0 0 0 0.63 -41.22 7.08 83.06 -59.82 -53.99 -0 0 -87.26 26.02 -20.91 -9.88 -7.12 0 -0 -1.64 6.95 1.43 -0 0 0 14.73 27.56 21.53 -107.13 58.86 -74.78 0 -0 -47.69 -12.01 -47.58 8.92 7.12 -0 -0 48.88 -73.28 -34.82
4.53 16.62 2.24 -0.34 -3.82 9.86 0 0 0 -27.11 -7.42 -32.65 5.52 13.95 43.04 1.22 -5.28 -19.81 0.44 4.25 11.78 0 0 0 5.5 16.48 -55.2 -2.85 -10.45 30.44 -3.64 -16.62 34.83 -0.09 -1.9 5.23 -1.18 -0.73 3.45 -0.78 -1.02 1.06 -0.09 -0.51 -0.84 -0.26 -0.78 -14.89 -0.24 -1.19 43.64 -0.33 -0.6 19.27 -0 0 0 -0.21 -41.95 8.45 83.78 -59.85 -54.62 -0 0 -86.69 28.17 -17.57 -9.18 -7.12 0 -0 0.12 10.22 -0.1 -0 0 0 15.9 27.57 22.69 -106.98 58.88 -74.65 0 -0 -47.33 -11.15 -47.06 8.21 7.12 -0 -0 48.24 -72.66 -33.73
4.52 16.6 2.21 -0.22 -3.59 10.1 0 0 0 -27.14 -7.91 -33.06 5.61 14.03 43.38 1.25 -5.29 -20.05 0.49 4.51 12.51 0 0 0 5.43 16.06 -55.83 -2.92 -10.56 30.8 -3.6 -16.31 34.6 -0.04 -1.33 3.67 -1.2 -0.72 3.05 -0.88 -1 0.92 -0.2 -0.5 -0.76 -0.63 -0.91 -13.26 0.27 -1.5 43.22 -0.06 -0.72 18.55 -0 0 0 -2.37 -42.37 12.12 85.06 -59.91 -55.72 -0 0 -86.62 26.66 -19.88 -9.69 -7.12 0 -0 -1.11 7.95 0.95 -0 0 0 17.59 27.03 25.81 -107.73 58.78 -75.29 0 -0 -47.85 -14.86 -46.69 10.92 7.12 -0 -0 43.78 -73.78 -31.26
4.52 16.59 2.19 -0.48 -3.31 10.15 0 0 0 -26.71 -8.89 -33.06 5.71 14.14 43.79 1.27 -4.64 -20.24 0.52 4.61 12.79 0 0 0 5.83 15.62 -55.94 -2.89 -10.52 30.68 -3.67 -15.42 34.88 -0.06 -1.52 4.18 -0.68 -0.77 3.62 -0.87 -1.06 1.12 -0.46 -0.53 -0.89 -0.38 -0.88 -13.73 -0.11 -1.35 43.46 -0.26 -0.67 18.82 0 -0 0 -4.24 -42.55 14.6 84.29 -59.88 -55.05 -0 0 -85.17 26.82 -25.48 -12.27 -7.12 0 -0 -1.73 1.89 1.67 0 -0 0 18.87 27.21 27.77 -106.63 58.93 -74.35 0 -0 -46.59 -11.22 -47.39 8.3 7.12 -0 -0 49.06 -72.88 -34.59
4.5 16.54 2.14 -0.43 -3.82 10.51 0 0 0 -26.41 -9.9 -33.95 5.9 14.33 44.59 1.28 -3.8 -20.47 0.57 4.85 13.49 0 0 0 5.57 16.21 -56.72 -2.89 -10.52 30.68 -3.78 -15.69 35.4 -0.06 -1.55 4.26 -1.05 -0.57 3.91 -0.8 -0.8 1.48 -0.19 -0.4 -0.67 -0.58 -0.92 -14.21 -0.11 -1.34 43.15 -0.23 -0.69 18.76 -0 0 0 -5.79 -42.54 16.25 86.25 -59.95 -56.76 -0 0 -86.04 26.43 -20.53 -9.89 -7.12 0 -0 -1.33 7.29 1.15 -0 0 0 19.81 27.43 29.58 -106.77 58.91 -74.47 0 -0 -47.05 -12.32 -47.38 9.13 7.12 -0 -0 48.05 -73.28 -34.16
4.5 16.51 2.12 -0.12 -4.03 10.78 0 0 0 -26.55 -10.97 -34.17 5.97 14.4 44.88 1.3 -2.8 -20.79 0.57 4.82 13.38 0 0 0 5.35 16.04 -57.49 -2.97 -10.64 31.09 -3.82 -15.73 35.61 -0.07 -1.7 4.67 -1.21 -0.49 3.71 -0.94 -0.69 1.91 -0.25 -0.35 -0.12 -0.68 -1.05 -14.78 -0.08 -1.52 43.21 -0.23 -0.77 18.96 0 -0 0 -7.49 -42.56 18.7 87.85 -59.98 -58.13 -0 0 -86.24 25.24 -20.96 -9.57 -7.12 0 -0 -2.13 7.04 1.85 0 -0 0 20.97 27.55 31.43 -106.17 58.99 -73.95 0 -0 -46.69 -13.06 -47.57 9.72 7.12 -0 -0 47.91 -73.66 -34.41
4.48 16.51 2.09 -0.96 -4.58 10.99 0 0 0 -25.36 -11.42 -34.81 6.13 14.56 45.52 1.3 -2.26 -20.96 0.69 5.32 14.84 0 0 0 6.53 16.66 -57.18 -2.81 -10.38 30.22 -3.77 -17.3 35.51 -0.1 -2.07 5.71 -0.87 -0.34 4.5 -0.53 -0.5 1.83 -0.03 -0.25 -0.64 -1.2 -1.13 -14.89 0.07 -1.51 43.19 -0.07 -0.84 18.99 0 0 0 -9.85 -42.14 22.03 89.46 -60 -59.53 -0 0 -85.18 26.69 -20.08 -9.79 -7.12 0 -0 -1.11 7.73 0.95 0 0 0 22.3 27 34.26 -106.64 58.93 -74.36 0 -0 -46.18 -12.7 -47.45 9.43 7.12 -0 -0 47.89 -73.46 -34.2
4.51 16.49 2.07 -0.47 -4.02 11.48 0 0 0 -25.91 -12.35 -35.1 6.17 14.59 45.66 1.3 -2.15 -20.96 0.72 5.44 15.16 0 0 0 6.7 14.96 -58.16 -2.83 -10.41 30.32 -3.76 -16.61 35.4 -0.13 -2.37 6.52 -0.6 -0.59 4.52 -0.68 -0.82 1.65 -0.32 -0.41 -0.85 -1.36 -1.1 -14.14 -0.07 -1.35 43.15 -0.06 -0.82 18.76 -0 -0 0 -12.06 -42.06 25.58 90.73 -60 -60.63 -0 0 -84.9 28.17 -18.97 -9.87 -7.12 0 -0 -0.04 8.68 0.03 -0 -0 0 23.58 26.53 37.05 -105.98 59.01 -73.79 0 -0 -45.54 -12.1 -46.77 8.88 7.12 -0 -0 46.6 -72.83 -32.61
4.5 16.46 2.03 -0.06 -3.86 11.56 0 0 0 -26.23 -12.52 -35.54 6.23 14.65 45.89 1.28 -2.42 -20.71 0.71 5.4 15.05 0 0 0 6.02 15.07 -58.73 -2.93 -10.58 30.88 -3.75 -16.4 35.35 -0.11 -2.13 5.85 -0.9 -0.68 5.18 -0.87 -0.97 1.76 -0.34 -0.48 -1.09 -1.22 -1.17 -14.38 -0.02 -1.54 43.49 -0.11 -0.87 19.04 0 0 0 -13.63 -41.99 28.53 91.75 -59.99 -61.51 -0 0 -85.22 27.95 -19.93 -10.25 -7.12 0 -0 -0.29 7.66 0.25 0 0 0 25.04 25.63 39.61 -105.87 59.03 -73.7 0 -0 -45.28 -11.84 -46.71 8.68 7.12 -0 -0 46.69 -72.69 -32.55
4.51 16.42 2 -0.26 -4.06 12.02 0 0 0 -25.95 -12.29 -36.79 6.42 14.83 46.66 1.3 -2.7 -20.86 0.71 5.37 14.97 0 0 0 6.01 15.42 -59.41 -2.94 -10.6 30.95 -3.78 -15.74 35.42 -0.07 -1.65 4.54 -0.66 -0.61 5.08 -0.82 -0.85 1.82 -0.42 -0.42 -0.99 -1.01 -1.18 -13.82 -0.34 -1.49 43.04 -0.28 -0.86 18.58 -0 -0 0 -15.5 -41.93 31.95 92.37 -59.98 -62.06 -0 0 -84.77 28.94 -19.65 -10.53 -7.12 0 -0 0.37 7.79 -0.32 -0 -0 0 26.05 24.82 41.97 -105.39 59.09 -73.28 0 -0 -45.32 -12.21 -46.77 8.96 7.12 -0 -0 46.5 -72.87 -32.57
4.5 16.38 1.97 -0.26 -3.8 12.48 0 0 0 -25.7 -12.72 -37.86 6.65 15.03 47.55 1.33 -2.99 -21.01 0.73 5.46 15.21 0 0 0 5.29 15.94 -59.94 -2.96 -10.63 31.03 -3.71 -16.12 35.12 -0.05 -1.47 4.05 -0.64 -0.64 4.64 -0.66 -0.88 2.62 -0.28 -0.44 0.09 -1.37 -1.38 -15.03 -0.25 -1.68 42.66 -0.22 -0.97 18.7 -0 -0 0 -16.41 -42.33 34.32 93.81 -59.95 -63.3 -0 0 -84.84 30.06 -20.23 -11.32 -7.12 0 -0 1.01 6.92 -0.88 -0 -0 0 26.06 24.67 42.87 -104.31 59.21 -72.36 0 -0 -44.78 -11.46 -46.49 8.37 7.12 -0 -0 46.47 -72.42 -32.13
4.53 16.35 1.93 0.17 -3.01 12.71 0 0 0 -26.13 -13.56 -38.23 6.77 15.14 48.01 1.33 -2.97 -21.02 0.68 5.29 14.74 0 0 0 4.63 15.03 -60.73 -3.05 -10.78 31.55 -3.72 -15.36 35.11 -0.07 -1.66 4.56 -0.13 -1.08 6.4 -0.88 -1.46 1.97 -0.72 -0.73 -1.58 -0.93 -1.21 -14.76 -0.61 -1.43 43.13 -0.42 -0.85 18.9 0 0 0 -18.93 -41.28 39.09 95 -59.91 -64.33 -0 0 -84.91 30.35 -20.05 -11.35 -7.12 0 -0 1.22 7.06 -1.06 0 0 0 27.32 23.38 46.32 -104.08 59.24 -72.17 0 -0 -44.46 -12.23 -45.24 8.75 7.12 -0 -0 42.7 -71.88 -28.79
4.5 16.3 1.91 -1.33 -4.18 13.02 0 0 0 -24.13 -12.66 -40.05 7.14 15.45 49.39 1.37 -3.17 -21.34 0.73 5.45 15.2 0 0 0 5.22 17.73 -60.4 -2.89 -10.52 30.69 -3.42 -16.72 33.81 -0 0.1 -0.27 0.19 -0.65 5.49 -0.23 -0.86 2.86 -0.3 -0.43 -0.15 -0.6 -1.14 -15.41 -1.3 -1.14 42.91 -0.76 -0.78 18.94 -0 0 0 -20.04 -41.1 41.66 95.28 -59.89 -64.57 -0 0 -83.48 31.25 -18.69 -11 -7.12 0 -0 1.98 8.4 -1.67 -0 0 0 27.32 23.37 47.52 -103.03 59.35 -71.26 0 -0 -43.71 -11.44 -45.49 8.21 7.12 -0 -0 44.06 -71.77 -29.71
4.54 16.28 1.88 -0.19 -3.67 13.35 0 0 0 -25.5 -13.53 -40.05 7.1 15.41 49.23 1.38 -2.98 -21.4 0.7 5.36 14.93 0 0 0 4.21 16.23 -61.65 -3.03 -10.75 31.44 -3.47 -15.84 33.94 -0 0.06 -0.16 -0.18 -0.94 5.65 -0.6 -1.26 3 -0.45 -0.63 -0.1 -0.65 -1.26 -15.61 -1.13 -1.38 43.03 -0.72 -0.86 19.07 -0 -0 0 -21.76 -40.64 44.78 94.92 -59.91 -64.26 -0 0 -84.4 31.2 -20.39 -11.92 -7.12 0 -0 1.71 6.5 -1.5 -0 -0 0 28.07 22.67 49.21 -101.95 59.45 -70.33 0 -0 -43.4 -9.94 -46.68 7.26 7.12 -0 -0 48.36 -72 -33.19
4.54 16.28 1.87 -0.13 -3.88 13.4 0 0 0 -25.6 -13.31 -40.34 7.13 15.44 49.35 1.36 -3.03 -21.25 0.72 5.41 15.08 0 0 0 4.36 16.16 -61.9 -3.06 -10.78 31.55 -3.41 -16.48 33.7 -0 -0.1 0.28 -0.24 -0.94 5.78 -0.62 -1.27 3.39 -0.43 -0.63 0.24 -0.91 -1.3 -15.5 -0.8 -1.49 42.45 -0.53 -0.9 18.68 0 -0 0 -23.6 -39.97 47.87 94.5 -59.92 -63.9 -0 0 -83.76 31.88 -20.13 -12.08 -7.12 0 -0 2.17 6.65 -1.91 0 -0 0 28.67 22.54 50.57 -100.09 59.61 -68.72 0 -0 -43.78 -9.95 -46.97 7.31 7.12 -0 -0 49.08 -72.18 -33.93
4.54 16.22 1.85 -0.5 -4.94 13.95 0 0 0 -25.13 -12.65 -42.01 7.45 15.7 50.56 1.43 -3.23 -21.8 0.66 5.21 14.52 0 0 0 4.77 16.91 -62.87 -3.07 -10.81 31.63 -3.5 -16.2 34.12 -0.01 -0.49 1.33 -0.32 -0.68 6.1 -0.49 -0.93 3.29 -0.27 -0.47 -0.04 -0.47 -1.11 -16.1 -1.54 -1.04 43.08 -0.9 -0.75 19.23 -0 0 0 -25.92 -39.01 50.98 93.52 -59.95 -63.05 -0 0 -83.79 32.83 -20.04 -12.47 -7.12 0 -0 2.78 6.54 -2.45 -0 0 0 29.61 21.45 52.86 -99.27 59.67 -68.02 0 -0 -42.95 -14.03 -44.41 9.92 7.12 -0 -0 38.97 -71.93 -26.09
4.55 16.19 1.84 -1.07 -5.18 14.14 0 0 0 -24.41 -12.63 -42.74 7.67 15.87 51.36 1.47 -3.11 -22.13 0.63 5.09 14.16 0 0 0 5.28 17.3 -63.06 -3.08 -10.83 31.71 -3.54 -15.74 34.27 -0 0.12 -0.33 0.16 -0.63 6.33 -0.32 -0.83 3.29 -0.37 -0.41 -0.17 -1.22 -1.31 -15.44 -0.78 -1.42 42.98 -0.46 -0.92 19 -0 0 0 -27.71 -38.06 54.28 92.29 -59.98 -61.98 -0 0 -83.82 32.87 -20.68 -12.86 -7.12 0 -0 2.71 5.8 -2.43 -0 0 0 30.5 19.97 54.73 -98.64 59.72 -67.47 0 -0 -42.23 -12.89 -44.26 9.08 7.12 -0 -0 39.81 -71.43 -26.29
4.57 16.17 1.84 -0.76 -5.44 13.98 0 0 0 -24.75 -12.88 -42.75 7.76 15.94 51.7 1.5 -2.81 -22.44 0.65 5.14 14.3 0 0 0 4.84 17.29 -63.29 -3.17 -10.97 32.18 -3.56 -15.42 34.34 -0 -0.06 0.17 -0.02 -0.62 6.75 -0.47 -0.83 3.65 -0.42 -0.41 -0.03 -0.8 -1.25 -15.26 -1.21 -1.3 42.33 -0.7 -0.86 18.53 -0 -0 0 -29.08 -37.22 56.27 90.92 -60 -60.8 -0 0 -84.04 32.77 -20.11 -12.48 -7.12 0 -0 2.74 6.47 -2.42 -0 -0 0 31.12 18.93 55.93 -97.86 59.77 -66.8 0 -0 -41.54 -11.59 -45.45 8.32 7.12 -0 -0 43.81 -71.8 -29.54
4.58 16.12 1.82 -0.78 -5.58 14.26 0 0 0 -24.6 -13.26 -43.43 7.93 16.07 52.32 1.51 -2.65 -22.53 0.72 5.42 15.1 0 0 0 4.56 17.4 -64.1 -3.27 -11.13 32.7 -3.74 -14.32 35.12 -0 0.06 -0.17 0.04 -0.6 7.1 -0.5 -0.8 3.76 -0.48 -0.39 -0.11 -0.55 -1.16 -15.31 -1.35 -1.18 42.08 -0.78 -0.79 18.39 0 -0 0 -30.56 -36.33 58.84 89.62 -60 -59.67 -0 0 -84.44 32.35 -20.06 -12.26 -7.12 0 -0 2.48 6.63 -2.18 0 -0 0 31.09 18.53 56.95 -95.97 59.86 -65.17 0 -0 -41.35 -11.74 -45.29 8.4 7.12 -0 -0 43.28 -71.74 -29.1
4.6 16.09 1.82 -0.81 -5.52 14.67 0 0 0 -24.48 -13.86 -43.96 8.09 16.18 52.89 1.55 -2.36 -22.88 0.68 5.26 14.66 0 0 0 4.48 16.98 -65.02 -3.35 -11.24 33.1 -3.98 -14.71 36.3 -0.1 -2.02 5.57 0.37 -0.71 7.1 -0.54 -0.93 3.95 -0.7 -0.46 0.08 -0.22 -1.06 -15.97 -1.74 -0.97 42.25 -1 -0.71 18.67 0 0 0 -32.28 -34.84 61.29 88.3 -59.99 -58.52 -0 0 -83.36 33.94 -21.69 -13.97 -7.12 0 -0 3.21 4.4 -2.96 0 0 0 32.16 16.89 58.53 -94.75 59.91 -64.11 0 -0 -40.45 -11.45 -44.83 8.12 7.12 -0 -0 42.54 -71.33 -28.19
4.62 16.08 1.81 -0.81 -5.89 15.18 0 0 0 -24.36 -14.1 -44.79 8.2 16.26 53.27 1.55 -2.26 -22.95 0.75 5.54 15.45 0 0 0 4.3 17.07 -65.92 -3.41 -11.34 33.43 -4.04 -13.48 36.51 -0.08 -1.78 4.91 0.37 -0.62 7.22 -0.49 -0.81 3.74 -0.65 -0.4 -0.21 -0.49 -1.11 -15.25 -1.81 -0.92 42.09 -0.97 -0.75 18.38 -0 -0 0 -34.07 -33.19 64.18 86.83 -59.96 -57.25 -0 0 -82.86 33.75 -20.25 -13.03 -7.12 0 -0 3.33 6.08 -2.96 -0 -0 0 33.03 14.8 60.23 -93.29 59.96 -62.85 0 -0 -38.77 -11.68 -44.49 8.24 7.12 -0 -0 41.55 -71.18 -27.34
4.62 16.03 1.8 -1.18 -5.56 15.86 0 0 0 -23.67 -14.76 -45.91 8.43 16.43 54.1 1.56 -2.16 -23.01 0.74 5.48 15.29 0 0 0 4.08 17.13 -66.72 -3.42 -11.35 33.47 -4.05 -14.32 36.58 -0.15 -2.49 6.86 0.83 -0.79 7.48 -0.34 -1 3.73 -0.74 -0.49 -0.37 -0.64 -1.11 -15.77 -1.64 -0.93 41.97 -0.86 -0.75 18.45 0 -0 0 -35.28 -31.63 66.63 85.14 -59.91 -55.79 -0 0 -82.21 34.53 -20.69 -13.66 -7.12 0 -0 3.74 5.4 -3.38 0 -0 0 33.95 12.92 61.61 -92.26 59.98 -61.96 0 -0 -36.88 -12.03 -44.56 8.51 7.12 -0 -0 41.34 -71.34 -27.33
4.63 16 1.79 -1.64 -6.22 16.84 0 0 0 -22.96 -14.77 -47.53 8.65 16.58 54.89 1.6 -2.07 -23.31 0.75 5.55 15.48 0 0 0 3.68 18.08 -67.63 -3.35 -11.25 33.12 -4.28 -11.64 37.61 -0.04 -1.31 3.6 0.98 -0.58 7.03 -0.28 -0.71 3.79 -0.79 -0.34 -0.04 -0.74 -1.12 -16.09 -1.55 -0.95 41.61 -0.8 -0.76 18.32 0 0 0 -35.53 -30.53 69.07 84.29 -59.88 -55.06 -0 0 -82.49 34.67 -21.13 -14 -7.12 0 -0 3.76 4.85 -3.43 0 0 0 34.87 11.24 62.89 -90.6 60 -60.52 0 -0 -36.77 -10.46 -46.5 7.63 7.12 -0 -0 47.43 -72.07 -32.55
4.63 15.98 1.77 -2.08 -5.81 17.21 0 0 0 -22.2 -15.19 -48.27 8.82 16.69 55.45 1.6 -2.14 -23.37 0.74 5.48 15.29 0 0 0 3 18.7 -67.83 -3.33 -11.21 33 -4.21 -12.72 37.29 -0.04 -1.22 3.36 1.45 -0.68 7.69 -0.13 -0.81 3.73 -0.88 -0.39 -0.48 -0.49 -1.08 -16.25 -1.74 -0.89 41.78 -0.93 -0.72 18.47 0 0 0 -36.4 -28.96 71.42 82.78 -59.8 -53.75 -0 0 -81.66 33.15 -19.05 -12.03 -7.12 0 -0 3.14 7.59 -2.7 0 0 0 35.83 9.21 64.33 -88.08 59.99 -58.34 0 -0 -34.68 -10.52 -45.74 7.57 7.12 -0 -0 45.54 -71.61 -30.68
4.63 15.95 1.76 -2.34 -5.62 17.72 0 0 0 -21.68 -15.48 -49.18 8.98 16.8 56.03 1.61 -2.12 -23.4 0.71 5.4 15.05 0 0 0 1.94 19.41 -68.49 -3.37 -11.27 33.18 -4.21 -12.31 37.31 -0.02 -0.91 2.49 1.66 -0.75 7.65 -0.08 -0.89 3.99 -0.95 -0.42 -0.19 -0.63 -1.15 -16.84 -1.56 -1.02 41.79 -0.85 -0.77 18.63 0 0 0 -36.35 -27.91 73.51 81.14 -59.7 -52.34 -0 0 -81.42 34.06 -19.76 -12.87 -7.12 0 -0 3.6 6.58 -3.17 0 0 0 36.57 7.64 65.57 -85.64 59.93 -56.23 0 -0 -33.33 -11.48 -45.32 8.22 7.12 -0 -0 43.62 -71.67 -29.29
4.62 15.94 1.77 -2.58 -5.87 17.94 0 0 0 -21.46 -14.91 -49.8 9.1 16.87 56.42 1.66 -2.6 -23.66 0.67 5.22 14.54 0 0 0 1.22 20.37 -68.63 -3.39 -11.3 33.31 -4.16 -12.24 37.04 -0.03 -1.1 3.01 1.65 -0.65 7.84 -0.05 -0.76 4.28 -0.92 -0.36 0 -0.79 -1.2 -17.03 -1.55 -1.04 41.7 -0.82 -0.8 18.63 -0 0 0 -36.45 -26.64 75.67 79.94 -59.61 -51.3 -0 0 -81.82 34.89 -21.19 -14.15 -7.12 0 -0 3.88 4.73 -3.55 -0 0 0 37.27 6.11 66.62 -83.38 59.83 -54.27 0 -0 -33.98 -12 -44.71 8.51 7.12 -0 -0 41.72 -71.44 -27.69
4.56 15.8 1.7 -2.96 -6.26 18.32 0 0 0 -20.55 -14.15 -51.89 9.44 17.08 57.59 1.64 -3.18 -23.41 0.57 4.84 13.45 0 0 0 -0.37 22.51 -69.65 -3.45 -11.4 33.63 -4.14 -14.55 37.01 -0.07 -1.68 4.62 0.79 -0.4 10.3 0.28 -0.45 3.93 -0.1 -0.23 -1.69 -0.63 -1.12 -17.38 -1.92 -0.81 41.45 -0.98 -0.74 18.57 0 -0 0 -36.88 -25.08 77.44 78.55 -59.5 -50.1 -0 0 -80.68 35.14 -20.94 -14.12 -7.12 0 -0 4.08 4.96 -3.72 0 -0 0 38 4.26 67.4 -81.21 59.71 -52.39 0 -0 -31.62 -12.4 -44.36 8.74 7.12 -0 -0 40.54 -71.34 -26.74
4.61 15.9 1.76 -2.48 -5.77 18.64 0 0 0 -21.5 -14.42 -51.18 9.33 17.01 57.22 1.72 -3.02 -24 0.51 4.56 12.66 0 0 0 0.76 20.36 -69.72 -3.47 -11.43 33.73 -4.13 -12.54 36.92 -0.06 -1.55 4.26 1.2 -0.72 8.6 0.04 -0.88 4.4 -0.56 -0.42 -0.29 -0.93 -1.09 -17.28 -1.67 -0.74 41.21 -0.79 -0.72 18.41 -0 0 0 -37.58 -22.92 78.67 76.69 -59.32 -48.5 -0 0 -80.05 36.17 -21.92 -15.26 -7.12 0 -0 4.53 3.56 -4.26 -0 0 0 38.7 2.69 68.38 -78.8 59.52 -50.32 0 -0 -29.76 -12.65 -44.64 8.97 7.12 -0 -0 40.9 -71.62 -27.24
4.58 15.84 1.73 -2.73 -6 18.95 0 0 0 -20.88 -14.23 -52.41 9.56 17.15 58 1.72 -3.11 -24.02 0.45 4.33 11.99 0 0 0 0.48 21.22 -70.29 -3.5 -11.46 33.84 -4.1 -12.69 36.77 -0.01 -0.71 1.96 0.81 -0.57 9.61 0.17 -0.69 4.45 -0.21 -0.34 -0.78 -1.04 -1.11 -17.68 -1.76 -0.69 41.06 -0.8 -0.73 18.43 -0 -0 0 -38.02 -21.41 79.55 74.61 -59.09 -46.72 -0 0 -79.7 37.66 -22.1 -16.19 -7.12 0 -0 5.4 2.93 -5.14 -0 -0 0 39.27 0.97 68.81 -77.05 59.36 -48.81 0 -0 -30.07 -13.15 -44.82 9.35 7.12 -0 -0 40.8 -71.91 -27.41
4.59 15.86 1.76 -2.84 -6.04 19.12 0 0 0 -20.89 -14.15 -52.32 9.48 17.1 57.72 1.72 -3.06 -24.02 0.46 4.34 12.02 0 0 0 1.32 20.67 -70.25 -3.46 -11.41 33.66 -4.01 -13.03 36.37 -0.04 -1.36 3.75 1 -0.52 9.66 0.17 -0.61 4.32 -0.32 -0.3 -0.94 -1.52 -1.17 -17.12 -1.18 -0.85 40.89 -0.46 -0.79 18.18 -0 0 0 -38.9 -18.79 80.67 72.45 -58.8 -44.87 -0 0 -78.37 39.19 -23.61 -18.08 -7.12 0 -0 6.01 0.7 -5.97 -0 0 0 39.54 -1.44 69.97 -75.29 59.17 -47.3 0 -0 -28.52 -13.69 -44.14 9.63 7.12 -0 -0 38.72 -71.62 -25.66
4.61 15.88 1.78 -3.04 -6.12 19.37 0 0 0 -20.75 -14.15 -52.43 9.44 17.08 57.61 1.74 -2.91 -24.16 0.43 4.21 11.67 0 0 0 1.99 20.31 -70.4 -3.45 -11.39 33.6 -3.95 -13 36.1 -0.05 -1.47 4.05 1.42 -0.51 9.5 0.08 -0.56 4.49 -0.65 -0.26 -0.68 -1.14 -1.06 -17.14 -1.6 -0.64 40.73 -0.68 -0.7 18.09 -0 0 0 -39.11 -16.61 81.15 70.31 -58.48 -43.04 -0 0 -77.06 39.69 -24.02 -18.67 -7.12 0 -0 6.22 0.05 -6.25 -0 0 0 39.47 -3.02 70.96 -73.45 58.94 -45.72 0 -0 -26.62 -13.29 -44.99 9.48 7.12 -0 -0 41.06 -72.09 -27.75
4.63 15.88 1.79 -3.26 -5.94 19.81 0 0 0 -20.52 -14.29 -52.74 9.45 17.09 57.65 1.75 -2.96 -24.26 0.42 4.17 11.57 0 0 0 2.73 19.7 -70.75 -3.45 -11.39 33.62 -3.97 -12.31 36.17 -0.06 -1.51 4.16 1.86 -0.59 9.2 0.06 -0.64 4.71 -0.92 -0.3 -0.3 -1.04 -1.02 -17.22 -1.61 -0.61 39.94 -0.69 -0.67 17.65 -0 -0 0 -39.24 -14.86 81.62 67.74 -58.04 -40.85 -0 0 -75.56 41.02 -24.65 -19.95 -7.12 0 -0 6.85 -1.14 -7.04 -0 -0 0 39.17 -4.31 71.8 -72.39 58.8 -44.81 0 -0 -27.37 -13.45 -44.45 9.51 7.12 -0 -0 39.65 -71.76 -26.45
4.65 15.89 1.82 -3.45 -5.81 20.07 0 0 0 -20.32 -14.54 -52.83 9.47 17.1 57.69 1.77 -2.95 -24.4 0.46 4.37 12.11 0 0 0 3.37 19.2 -70.82 -3.45 -11.39 33.62 -3.9 -11.73 35.81 -0.03 -1.12 3.08 2.26 -0.64 8.82 0.11 -0.69 5.07 -1.09 -0.31 0.28 -0.9 -1.01 -17.8 -1.97 -0.49 40.06 -0.86 -0.65 17.87 0 0 0 -39.22 -13.31 82.2 65.34 -57.57 -38.82 -0 0 -73.82 40.24 -24.59 -19.4 -7.12 0 -0 6.41 -0.79 -6.54 0 0 0 38.69 -5.53 72.56 -71.32 58.64 -43.89 0 -0 -27.45 -13.86 -44.76 9.85 7.12 -0 -0 39.93 -72.12 -26.95
4.66 15.89 1.82 -3.43 -5.71 20.33 0 0 0 -20.3 -14.89 -52.97 9.43 17.08 57.57 1.76 -2.79 -24.39 0.46 4.37 12.11 0 0 0 3.78 18.68 -71.24 -3.48 -11.43 33.75 -3.86 -12.38 35.61 -0.05 -1.43 3.94 2.9 -0.53 6.92 -0.17 -0.59 6.58 -1.78 -0.19 2.91 -0.81 -1.24 -19.27 -1.87 -0.88 39.55 -0.92 -0.78 17.96 0 -0 0 -38.49 -13.19 82.01 63.34 -57.14 -37.14 -0 0 -72.54 40.05 -24.15 -18.98 -7.12 0 -0 6.4 -0.21 -6.46 0 -0 0 37.82 -5.09 71.92 -70.41 58.5 -43.12 0 -0 -27.64 -14.67 -44.21 10.35 7.12 -0 -0 37.85 -72.02 -25.35
4.68 15.91 1.84 -3.58 -5.75 20.53 0 0 0 -20.3 -14.71 -53 9.36 17.04 57.33 1.76 -2.97 -24.3 0.49 4.51 12.52 0 0 0 4.68 18.13 -71.43 -3.47 -11.42 33.7 -3.95 -11.06 36.08 -0.03 -1.16 3.18 3.05 -0.51 7.23 -0.09 -0.54 6.38 -1.78 -0.16 2.52 -1.25 -1.33 -18.59 -1.51 -1.01 39.13 -0.68 -0.84 17.55 -0 0 0 -38.16 -11.25 84.15 61.83 -56.78 -35.87 -0 0 -71.81 40.87 -25.43 -20.39 -7.12 0 -0 6.58 -2 -6.85 -0 0 0 37.18 -6.96 73.55 -69.23 58.3 -42.11 0 -0 -25.93 -14.54 -43.98 10.21 7.12 -0 -0 37.48 -71.8 -24.91
4.68 15.92 1.85 -3.73 -5.79 20.69 0 0 0 -20.26 -14.37 -53.16 9.35 17.03 57.3 1.76 -3.24 -24.26 0.47 4.41 12.24 0 0 0 5.16 18.03 -71.58 -3.46 -11.4 33.64 -3.98 -10.63 36.24 -0.02 -0.92 2.53 3.24 -0.55 7.46 -0.15 -0.59 6.44 -1.94 -0.18 2.45 -1.04 -1.22 -18.69 -1.79 -0.8 39.12 -0.81 -0.77 17.57 -0 0 0 -37.55 -9.6 85.05 60.27 -56.38 -34.56 -0 0 -70.93 39.15 -23.31 -17.85 -7.12 0 -0 6.05 1.07 -5.97 -0 0 0 36.2 -7.57 75.08 -67.99 58.09 -41.06 0 -0 -25.66 -14.56 -44.27 10.27 7.12 -0 -0 38.11 -72.02 -25.53
4.7 15.92 1.86 -3.6 -6.07 20.69 0 0 0 -20.64 -14.03 -53.12 9.31 17.01 57.17 1.76 -3.38 -24.26 0.45 4.3 11.92 0 0 0 5.66 17.68 -71.69 -3.47 -11.42 33.71 -3.97 -10.5 36.18 -0.03 -1.17 3.23 2.98 -0.59 7.93 -0.24 -0.62 6.32 -1.88 -0.21 2.06 -1.06 -1.16 -18.43 -1.91 -0.65 39.24 -0.82 -0.73 17.57 -0 -0 0 -37.26 -7.4 86.66 58.23 -55.82 -32.87 -0 0 -69.37 37.04 -21.68 -15.57 -7.12 0 -0 5.1 3.6 -4.79 -0 -0 0 35.49 -8.65 76.55 -66.4 57.79 -39.71 0 -0 -24.12 -14.09 -44.31 9.95 7.12 -0 -0 38.68 -71.89 -25.84
4.7 15.92 1.87 -3.62 -6.03 20.88 0 0 0 -20.66 -13.99 -53.35 9.34 17.02 57.27 1.78 -3.44 -24.37 0.42 4.16 11.52 0 0 0 5.99 17.41 -72.13 -3.53 -11.51 34.03 -3.9 -10.68 35.84 -0.03 -1.14 3.14 2.85 -0.66 8.02 -0.17 -0.72 6.3 -1.73 -0.27 2 -1.36 -1.08 -18.02 -1.76 -0.49 38.91 -0.66 -0.69 17.28 0 -0 0 -36.46 -5.78 87.94 56.8 -55.4 -31.69 -0 0 -68.09 34.91 -20.87 -13.96 -7.12 0 -0 3.95 5.1 -3.59 0 -0 0 34.46 -9.31 77.94 -64.71 57.44 -38.29 0 -0 -23.94 -13.6 -43.76 9.5 7.12 -0 -0 38 -71.31 -24.9
4.7 15.93 1.87 -3.98 -6.21 20.98 0 0 0 -20.39 -13.46 -53.63 9.38 17.04 57.38 1.77 -3.75 -24.22 0.43 4.21 11.67 0 0 0 6.92 17.31 -72.21 -3.54 -11.52 34.05 -3.97 -10.33 36.21 -0.03 -1.12 3.09 2.91 -0.7 8.73 -0.11 -0.74 6.04 -1.7 -0.29 1.33 -1.36 -0.95 -17.42 -1.89 -0.27 38.78 -0.67 -0.62 17.06 0 -0 0 -35.53 -4.15 89.48 55.22 -54.9 -30.4 -0 0 -67.47 35.54 -22.06 -15.02 -7.12 0 -0 4.12 3.56 -3.87 0 -0 0 33.93 -10.54 79.19 -63 57.06 -36.85 0 -0 -23.43 -13.41 -43.67 9.35 7.12 -0 -0 38.02 -71.18 -24.81
4.62 15.83 1.78 -4.21 -6.7 20.83 0 0 0 -19.64 -12.56 -55.18 9.73 17.26 58.59 1.71 -4.47 -23.67 0.42 4.14 11.48 0 0 0 5.19 19.82 -72.37 -3.57 -11.56 34.2 -3.96 -12.87 36.13 -0.03 -1.12 3.08 1.84 -0.55 11.64 -0.04 -0.55 5.68 -1.01 -0.25 -0.62 -0.59 -0.71 -17.94 -2.75 0.17 38.94 -1.12 -0.45 17.29 -0 0 0 -35.07 -2.28 89.49 53.35 -54.26 -28.87 -0 0 -65.86 34.12 -21.69 -14.06 -7.12 0 -0 3.32 4.36 -3.06 -0 0 0 33.43 -10.92 79.76 -61.57 56.71 -35.65 0 -0 -22.76 -12.69 -43.39 8.79 7.12 -0 -0 38.19 -70.73 -24.57
4.62 15.85 1.79 -4.07 -6.92 20.91 0 0 0 -19.98 -12.04 -55.43 9.83 17.31 58.9 1.74 -4.76 -23.9 0.39 3.99 11.05 0 0 0 5.89 19.22 -72.62 -3.62 -11.64 34.47 -3.99 -12.52 36.27 -0.06 -1.53 4.21 1.57 -0.51 11.79 -0.21 -0.54 5.61 -1.03 -0.24 -0.76 -1.06 -0.76 -17.81 -1.99 -0.04 39.17 -0.74 -0.5 17.38 -0 0 0 -34.31 -0.56 90.34 51.94 -53.75 -27.73 -0 0 -64.79 31.21 -19.75 -11.57 -7.12 0 -0 1.81 7.22 -1.57 -0 0 0 33.09 -11.68 79.82 -60.38 56.41 -34.66 0 -0 -21.4 -10.99 -44.08 7.7 7.12 -0 -0 41.35 -70.65 -26.74
4.61 15.84 1.78 -4.3 -7.04 20.95 0 0 0 -19.73 -11.73 -55.65 9.85 17.32 58.98 1.75 -4.83 -23.94 0.36 3.88 10.74 0 0 0 6.11 19.43 -72.46 -3.58 -11.57 34.24 -3.98 -12.18 36.2 -0.02 -0.82 2.25 1.45 -0.55 12.44 -0.13 -0.58 5.6 -0.88 -0.27 -1.12 -1.22 -0.65 -17.94 -2.02 0.2 39.27 -0.68 -0.44 17.47 0 -0 0 -33.41 0.87 90.57 51.01 -53.39 -26.98 -0 0 -65 30.89 -19.68 -11.39 -7.12 0 -0 1.61 7.36 -1.39 0 -0 0 32.31 -12.18 79.99 -59.4 56.15 -33.84 0 -0 -21.66 -12.02 -43.09 8.27 7.12 -0 -0 38.29 -70.29 -24.28
4.61 15.86 1.78 -4.31 -6.6 21.32 0 0 0 -19.55 -12.32 -55.75 9.79 17.29 58.8 1.74 -4.59 -23.91 0.4 4.06 11.24 0 0 0 6.45 18.69 -72.82 -3.55 -11.53 34.1 -3.98 -12.2 36.2 -0.03 -1.16 3.18 1.75 -0.68 12.41 -0.17 -0.72 5.46 -1.06 -0.34 -1.27 -1.47 -0.7 -17.96 -1.55 0.03 39.25 -0.45 -0.48 17.46 -0 0 0 -32.43 2.08 91.52 49.78 -52.91 -26 -0 0 -64.29 29.08 -18.36 -9.94 -7.12 0 -0 0.63 9.18 -0.52 -0 0 0 31.82 -13.15 80.14 -58.4 55.87 -33.01 0 -0 -20.73 -11.56 -42.86 7.92 7.12 -0 -0 38.31 -69.96 -24.03
4.6 15.86 1.78 -4.39 -6.19 21.6 0 0 0 -19.17 -12.9 -55.94 9.79 17.29 58.77 1.74 -4.66 -23.91 0.46 4.33 12.02 0 0 0 6.32 18.54 -73.04 -3.56 -11.54 34.14 -3.94 -12.22 36.01 -0.03 -1.06 2.92 1.97 -0.66 12.14 -0.14 -0.68 5.57 -1.17 -0.31 -1 -1.45 -0.81 -18.13 -1.57 -0.13 39.49 -0.5 -0.54 17.64 0 -0 0 -31.53 2.93 92.43 48.79 -52.5 -25.21 -0 0 -63.57 30.38 -20.56 -11.63 -7.12 0 -0 1.17 6.49 -1.03 0 -0 0 31.11 -14.03 80.21 -57.9 55.72 -32.6 0 -0 -21.06 -12.58 -43.05 8.66 7.12 -0 -0 37.62 -70.44 -23.94
4.6 15.86 1.77 -4.41 -5.81 21.77 0 0 0 -18.91 -13.44 -56.03 9.77 17.28 58.7 1.73 -4.37 -23.83 0.46 4.35 12.06 0 0 0 6.22 18.39 -73.21 -3.54 -11.53 34.07 -3.94 -11.95 36.01 -0.01 -0.72 1.98 2.19 -0.8 12.29 -0.13 -0.82 5.44 -1.26 -0.38 -1.23 -1.31 -0.76 -17.76 -1.96 0.04 39.45 -0.67 -0.5 17.53 0 0 0 -30.85 4.4 92.75 47.93 -52.13 -24.53 -0 0 -63.31 31.08 -22.37 -12.92 -7.12 0 -0 1.34 4.32 -1.23 0 0 0 30.19 -14.75 81.1 -56.93 55.43 -31.8 0 -0 -20.49 -11.27 -42.86 7.72 7.12 -0 -0 38.61 -69.87 -24.16
4.58 15.84 1.77 -4.07 -5.91 21.64 0 0 0 -19.26 -13.45 -55.97 9.77 17.28 58.71 1.73 -4.05 -23.88 0.39 3.99 11.04 0 0 0 5.13 18.9 -73.22 -3.59 -11.59 34.3 -3.91 -12.28 35.87 -0.02 -0.96 2.64 1.93 -0.64 10.94 -0.45 -0.69 6.89 -1.48 -0.29 1.02 -1.13 -0.88 -18.78 -1.73 -0.27 38.22 -0.64 -0.56 17.1 0 -0 0 -29.37 3.82 91.92 47.74 -52.04 -24.38 -0 0 -63.37 28.92 -20.47 -10.93 -7.12 0 -0 0.26 6.89 -0.23 0 -0 0 30.45 -14.44 79.66 -55.48 54.98 -30.61 0 -0 -20.22 -12.24 -42.45 8.33 7.12 -0 -0 36.82 -69.88 -22.95
4.58 15.87 1.76 -4.23 -5.73 21.75 0 0 0 -19.09 -13.42 -55.93 9.72 17.25 58.54 1.72 -4.29 -23.82 0.41 4.12 11.41 0 0 0 5.27 18.91 -73.05 -3.54 -11.52 34.07 -3.92 -11.83 35.93 -0.03 -1.1 3.03 2.33 -0.58 10.72 -0.49 -0.58 7 -1.76 -0.22 1.26 -1.21 -1 -18.89 -1.67 -0.44 38.31 -0.64 -0.63 17.18 -0 -0 0 -28.51 4.5 91.66 47.25 -51.83 -24 -0 0 -62.94 29.08 -20.92 -11.23 -7.12 0 -0 0.3 6.36 -0.27 -0 -0 0 30.15 -15.41 79.84 -54.01 54.49 -29.41 0 -0 -19.21 -10.55 -42.33 7.15 7.12 -0 -0 38.35 -69.24 -23.47
4.56 15.83 1.75 -4.03 -5.82 21.65 0 0 0 -19.19 -13.41 -56.18 9.83 17.31 58.91 1.73 -4.4 -23.84 0.43 4.22 11.7 0 0 0 4.82 19.16 -73.19 -3.56 -11.56 34.18 -3.84 -12.47 35.55 -0.04 -1.24 3.4 2.17 -0.58 11.82 -0.69 -0.58 6.48 -1.87 -0.23 0.12 -1.08 -0.87 -18.24 -1.91 -0.2 38.8 -0.72 -0.55 17.28 0 0 0 -27.14 6.03 92.59 47.3 -51.85 -24.03 -0 0 -63.05 29.82 -21.35 -11.79 -7.12 0 -0 0.7 5.72 -0.63 0 0 0 28.44 -15.59 82.32 -53.27 54.23 -28.8 0 -0 -20.08 -11.63 -42.07 7.85 7.12 -0 -0 36.76 -69.4 -22.52
4.53 15.82 1.75 -4.32 -5.88 21.67 0 0 0 -18.77 -13.22 -56.4 9.89 17.35 59.12 1.74 -4.27 -23.94 0.41 4.09 11.33 0 0 0 5.13 19.49 -73.09 -3.54 -11.52 34.06 -3.89 -12.21 35.77 -0.01 -0.65 1.8 2.16 -0.5 10.88 -0.57 -0.5 7.31 -1.76 -0.17 1.5 -1.49 -0.91 -18.84 -1.66 -0.19 38.5 -0.53 -0.57 17.27 0 0 0 -26.38 6.17 91.79 46.87 -51.65 -23.7 -0 0 -63.06 28.93 -20.98 -11.19 -7.12 0 -0 0.2 6.32 -0.18 0 0 0 28.57 -15.72 81.46 -51.39 53.54 -27.29 0 -0 -18.94 -11.87 -42.37 8.06 7.12 -0 -0 37.06 -69.71 -22.97
4.53 15.82 1.75 -3.84 -6.09 21.6 0 0 0 -19.32 -13.33 -56.2 9.87 17.33 59.04 1.76 -4.03 -24.11 0.38 3.97 10.99 0 0 0 4.74 19.3 -73.24 -3.57 -11.56 34.2 -3.88 -12.46 35.75 -0.04 -1.22 3.34 1.75 -0.51 10.84 -0.77 -0.56 7.61 -1.73 -0.2 1.84 -1.67 -0.86 -19.22 -1.75 0.01 38.35 -0.5 -0.53 17.29 -0 0 0 -25.78 6.88 91.58 46.07 -51.28 -23.07 -0 0 -62.46 27.78 -19.81 -10.12 -7.12 0 -0 -0.38 7.82 0.33 -0 0 0 27.92 -15.69 81.79 -50.03 53.01 -26.2 0 -0 -18.67 -10.4 -41.9 6.99 7.12 -0 -0 37.74 -68.88 -22.76
4.51 15.8 1.74 -3.72 -6.01 21.63 0 0 0 -19.23 -13.63 -56.38 9.93 17.37 59.27 1.75 -3.82 -24.1 0.38 3.96 10.96 0 0 0 3.97 19.62 -73.41 -3.6 -11.6 34.34 -3.78 -13.6 35.26 -0.06 -1.56 4.3 1.66 -0.48 10.94 -0.85 -0.51 7.84 -1.77 -0.18 2.03 -1.89 -0.98 -19.75 -1.33 -0.24 38.61 -0.33 -0.6 17.57 0 -0 0 -24.69 7.32 91.71 45.56 -51.04 -22.68 -0 0 -62.49 29.47 -21.01 -11.45 -7.12 0 -0 0.53 6.17 -0.47 0 -0 0 27.43 -15.8 82.02 -48.66 52.44 -25.11 0 -0 -17.69 -11.97 -41.82 8.05 7.12 -0 -0 35.95 -69.32 -21.92
4.5 15.8 1.73 -4.15 -5.87 21.74 0 0 0 -18.59 -13.78 -56.54 9.99 17.4 59.44 1.76 -3.79 -24.16 0.42 4.18 11.59 0 0 0 4.42 19.74 -73.32 -3.55 -11.54 34.12 -3.81 -13.74 35.45 -0.08 -1.81 4.97 2.07 -0.53 10.83 -0.71 -0.55 8.07 -1.86 -0.18 2.32 -1.38 -0.83 -19.58 -2.31 0.18 38.09 -0.77 -0.49 17.25 0 0 0 -23.77 7.89 91.71 45.14 -50.84 -22.35 -0 0 -62.47 28.1 -20.9 -10.79 -7.12 0 -0 -0.32 6.57 0.28 0 0 0 26.53 -15.86 82.5 -47.82 52.08 -24.45 0 -0 -18.08 -11.21 -41.92 7.55 7.12 -0 -0 36.93 -69.15 -22.44
4.5 15.81 1.73 -4.51 -5.6 21.91 0 0 0 -17.98 -14.17 -56.6 9.99 17.4 59.45 1.76 -3.5 -24.22 0.43 4.19 11.6 0 0 0 5.15 19.46 -73.38 -3.54 -11.52 34.05 -3.81 -13.64 35.44 -0.09 -1.98 5.46 2.6 -0.51 9.06 -0.61 -0.55 9.31 -2.06 -0.12 4.61 -1.43 -0.81 -20.62 -2.12 0.18 37.87 -0.68 -0.47 17.39 -0 0 0 -23.34 7.58 90.15 43.93 -50.23 -21.41 -0 0 -60.7 27.96 -20.61 -10.58 -7.12 0 -0 -0.37 6.92 0.32 -0 0 0 26.07 -15.21 81.22 -47.04 51.73 -23.83 0 -0 -18.85 -11.35 -42.1 7.67 7.12 -0 -0 37.1 -69.33 -22.7
4.49 15.8 1.73 -4.13 -5.58 21.9 0 0 0 -18.3 -14.38 -56.6 9.98 17.4 59.41 1.76 -3.56 -24.19 0.42 4.15 11.49 0 0 0 4.67 19.37 -73.64 -3.58 -11.58 34.26 -3.8 -13.73 35.37 -0.09 -1.92 5.28 2.38 -0.45 10.53 -0.78 -0.43 8.44 -2.12 -0.1 2.89 -1.49 -0.99 -19.8 -1.83 -0.2 37.99 -0.61 -0.59 17.24 0 -0 0 -22.02 8.53 91.61 43.34 -49.93 -20.96 -0 0 -60.77 27.78 -21.46 -10.91 -7.12 0 -0 -0.59 6.03 0.52 0 -0 0 25.67 -16.69 82.12 -45.86 51.18 -22.91 0 -0 -17.68 -12.29 -41.92 8.28 7.12 -0 -0 35.78 -69.5 -21.95
4.48 15.79 1.71 -4.27 -5.41 22.04 0 0 0 -18.04 -14.4 -56.91 10.05 17.44 59.65 1.76 -3.75 -24.17 0.41 4.11 11.38 0 0 0 4.89 19.29 -73.89 -3.6 -11.61 34.35 -3.81 -13.48 35.42 -0.08 -1.8 4.96 2.38 -0.53 9.89 -0.62 -0.56 8.93 -1.94 -0.15 3.75 -1.31 -0.88 -20.13 -2.3 0.09 37.82 -0.8 -0.51 17.24 -0 0 0 -21.93 9.1 90.37 42.23 -49.34 -20.12 -0 0 -59.71 29.42 -22.02 -11.94 -7.12 0 -0 0.36 5.07 -0.33 -0 0 0 25.16 -16.47 81.81 -44.95 50.74 -22.2 0 -0 -18.19 -12.4 -42.06 8.38 7.12 -0 -0 35.93 -69.64 -22.16
4.47 15.79 1.71 -4.13 -5.7 21.79 0 0 0 -18.34 -13.99 -56.72 10.04 17.43 59.61 1.75 -3.8 -24.1 0.43 4.21 11.67 0 0 0 4.85 19.43 -73.63 -3.6 -11.6 34.34 -3.83 -13.33 35.53 -0.08 -1.78 4.89 1.9 -0.66 10.2 -0.56 -0.76 8.79 -1.59 -0.28 3.42 -1.73 -0.7 -19.35 -2.37 0.52 37.83 -0.66 -0.41 17.05 0 -0 0 -21.65 10.67 90.28 41.45 -48.9 -19.52 -0 0 -58.69 31.66 -23.41 -13.77 -7.12 0 -0 1.53 3.02 -1.44 0 -0 0 23.94 -16.16 82.93 -43.98 50.26 -21.46 0 -0 -18 -12.6 -41.95 8.5 7.12 -0 -0 35.51 -69.62 -21.85
4.45 15.78 1.7 -3.87 -5.85 21.7 0 0 0 -18.63 -13.83 -56.74 10.05 17.44 59.65 1.77 -3.91 -24.2 0.39 4.02 11.12 0 0 0 4.48 19.54 -73.74 -3.64 -11.67 34.57 -3.82 -12.67 35.46 -0.05 -1.49 4.1 1.33 -0.69 10.26 -0.57 -0.84 8.77 -1.28 -0.35 3.37 -1.92 -0.6 -18.62 -2.2 0.64 37.56 -0.52 -0.36 16.73 0 -0 0 -20.69 11.4 90.28 41.19 -48.76 -19.33 -0 0 -58.7 31.05 -22.69 -13.08 -7.12 0 -0 1.27 3.97 -1.18 0 -0 0 22.91 -16.28 83.63 -43.69 50.11 -21.23 0 -0 -18.7 -11.85 -42.47 8.07 7.12 -0 -0 37.27 -69.77 -23.16
4.45 15.79 1.71 -4.15 -5.65 21.84 0 0 0 -18.27 -13.75 -57.01 10.11 17.47 59.86 1.76 -4.24 -24.1 0.44 4.27 11.84 0 0 0 4.99 19.34 -73.88 -3.66 -11.7 34.67 -3.81 -12.57 35.39 -0.06 -1.51 4.16 1.8 -0.72 10.16 -0.55 -0.84 8.69 -1.52 -0.33 3.34 -1.81 -0.65 -18.27 -2.33 0.57 37.52 -0.61 -0.39 16.62 -0 -0 0 -19.49 11.58 90.32 41 -48.65 -19.19 -0 0 -59.24 31.27 -23.56 -13.64 -7.12 0 -0 1.26 2.95 -1.19 -0 -0 0 22.62 -16.76 83.76 -42.98 49.74 -20.69 0 -0 -18.34 -11.38 -41.94 7.66 7.12 -0 -0 36.79 -69.22 -22.4
4.43 15.78 1.7 -4.24 -5.51 21.73 0 0 0 -18.09 -13.68 -57.03 10.15 17.49 59.99 1.76 -4.33 -24.11 0.42 4.15 11.5 0 0 0 4.99 19.47 -73.72 -3.65 -11.68 34.62 -3.8 -12.97 35.34 -0.05 -1.47 4.04 1.55 -1.05 10.57 -0.35 -1.29 8.6 -1.13 -0.57 3.01 -2.39 -0.32 -17.91 -2.23 1.21 37.31 -0.34 -0.2 16.42 -0 0 0 -18.79 12.97 90.1 41.23 -48.78 -19.36 -0 0 -59.36 31.41 -23.94 -13.92 -7.12 0 -0 1.29 2.51 -1.23 -0 0 0 21.35 -16.11 84.67 -42.43 49.45 -20.27 0 -0 -17.92 -10.62 -41.56 7.09 7.12 -0 -0 36.91 -68.69 -22.05
4.42 15.78 1.69 -4.15 -5.38 21.63 0 0 0 -18.05 -14.03 -56.86 10.15 17.49 59.99 1.76 -4.14 -24.09 0.46 4.36 12.1 0 0 0 5.16 19.18 -73.74 -3.65 -11.69 34.63 -3.84 -12.94 35.52 -0.06 -1.6 4.4 2.08 -0.85 10.34 -0.65 -0.99 8.82 -1.77 -0.38 3.37 -2.09 -0.59 -17.81 -2.16 0.68 37.38 -0.46 -0.36 16.43 0 -0 0 -17.23 12.24 89.93 41.02 -48.66 -19.2 -0 0 -59.54 31.44 -23.08 -13.47 -7.12 0 -0 1.44 3.45 -1.35 0 -0 0 22.02 -17.28 83.46 -41.73 49.06 -19.74 0 -0 -17.61 -10.13 -41.16 6.7 7.12 -0 -0 36.73 -68.22 -21.57
4.41 15.77 1.69 -4.02 -5.2 21.99 0 0 0 -17.94 -14.61 -57.23 10.19 17.52 60.13 1.76 -3.66 -24.21 0.41 4.12 11.4 0 0 0 5.32 18.7 -74.35 -3.7 -11.75 34.84 -3.81 -12.61 35.38 -0.04 -1.34 3.69 2.13 -0.88 9.72 -0.71 -1.04 9.03 -1.87 -0.4 3.93 -2.02 -0.58 -18.14 -2.3 0.73 37.41 -0.52 -0.35 16.53 -0 0 0 -16.33 12.26 89.17 41.04 -48.67 -19.22 -0 0 -59.54 31.77 -24.02 -14.15 -7.12 0 -0 1.49 2.32 -1.43 -0 0 0 21.61 -17.33 83.07 -41.34 48.84 -19.44 0 -0 -17.89 -10.58 -41.35 7.03 7.12 -0 -0 36.58 -68.51 -21.7
4.4 15.77 1.68 -4.06 -5.23 22 0 0 0 -17.84 -14.61 -57.33 10.21 17.53 60.19 1.78 -3.62 -24.34 0.42 4.16 11.51 0 0 0 5.57 18.68 -74.31 -3.69 -11.73 34.79 -3.8 -12.48 35.36 -0.03 -1.19 3.28 2.1 -0.86 10.05 -0.72 -1.01 8.95 -1.85 -0.39 3.67 -1.76 -0.47 -18.22 -2.56 0.91 37.62 -0.65 -0.28 16.66 -0 0 0 -15.2 12.39 89.05 41.17 -48.75 -19.32 -0 0 -59.84 31.58 -23.98 -14.03 -7.12 0 -0 1.38 2.41 -1.32 -0 0 0 21.36 -17.51 82.55 -40.8 48.54 -19.04 0 -0 -18.02 -10.62 -41.49 7.08 7.12 -0 -0 36.78 -68.63 -21.93
4.4 15.78 1.67 -4.18 -5.29 21.94 0 0 0 -17.7 -14.58 -57.23 10.19 17.52 60.13 1.77 -3.4 -24.31 0.37 3.93 10.88 0 0 0 6.1 18.61 -73.92 -3.6 -11.62 34.38 -3.8 -12.24 35.35 -0.02 -0.93 2.57 2.39 -0.78 9.96 -0.76 -0.89 9.15 -2.07 -0.3 3.94 -1.7 -0.58 -18.38 -2.65 0.77 37.84 -0.74 -0.34 16.82 0 0 0 -14 12.07 89.02 41.25 -48.79 -19.37 -0 0 -60.12 30.3 -22.69 -12.7 -7.12 0 -0 0.8 4.14 -0.74 0 0 0 21.14 -17.73 81.91 -40.33 48.27 -18.69 0 -0 -17.85 -10.02 -41.23 6.64 7.12 -0 -0 36.97 -68.25 -21.74
4.39 15.79 1.67 -4.14 -5.12 21.92 0 0 0 -17.66 -14.83 -57.13 10.18 17.51 60.09 1.77 -3.23 -24.34 0.37 3.92 10.85 0 0 0 6.73 18.05 -73.87 -3.6 -11.61 34.36 -3.84 -11.54 35.54 -0.02 -0.89 2.45 2.63 -0.83 9.86 -0.85 -0.94 9.24 -2.3 -0.31 4.07 -1.96 -0.69 -18.52 -2.1 0.5 38.2 -0.5 -0.41 17.04 -0 0 0 -12.82 12.08 88.49 41.2 -48.77 -19.34 -0 0 -60.13 30.58 -23.6 -13.31 -7.12 0 -0 0.84 3.07 -0.79 -0 0 0 20.68 -17.73 81.66 -40.08 48.12 -18.5 0 -0 -18.67 -10.14 -41.23 6.72 7.12 -0 -0 36.84 -68.28 -21.69
4.38 15.78 1.67 -4.3 -5.11 22.02 0 0 0 -17.43 -14.75 -57.34 10.21 17.52 60.18 1.77 -3.29 -24.33 0.37 3.89 10.77 0 0 0 6.8 18.23 -73.98 -3.61 -11.62 34.41 -3.82 -12 35.43 -0.04 -1.27 3.48 2.88 -0.73 9.77 -0.83 -0.8 9.24 -2.43 -0.23 4.14 -1.46 -0.65 -18.03 -2.69 0.58 37.41 -0.82 -0.38 16.5 0 -0 0 -11.64 11.52 88.26 41.04 -48.68 -19.22 -0 0 -60.33 30.69 -23.39 -13.26 -7.12 0 -0 0.94 3.28 -0.88 0 -0 0 20.42 -18.23 81.12 -39.54 47.79 -18.1 0 -0 -18.29 -9.64 -41.67 6.44 7.12 -0 -0 38.11 -68.46 -22.66
4.37 15.78 1.67 -3.87 -5.38 21.81 0 0 0 -18 -14.61 -56.97 10.15 17.49 59.99 1.77 -3.18 -24.32 0.36 3.88 10.73 0 0 0 6.33 18.3 -73.85 -3.62 -11.64 34.48 -3.81 -11.95 35.41 -0.04 -1.23 3.39 2.38 -0.58 9.92 -0.92 -0.63 9.26 -2.25 -0.17 4.08 -1.52 -0.72 -17.77 -2.67 0.49 37.33 -0.81 -0.42 16.39 0 -0 0 -10.38 11.26 88.38 40.96 -48.63 -19.16 -0 0 -60.66 30.24 -23.33 -13 -7.12 0 -0 0.67 3.46 -0.63 0 -0 0 19.53 -18.45 81.18 -39.18 47.58 -17.83 0 -0 -18.35 -9.8 -40.74 6.44 7.12 -0 -0 36.38 -67.81 -21.01
4.37 15.78 1.68 -3.63 -5.42 21.78 0 0 0 -18.2 -14.82 -56.84 10.13 17.48 59.94 1.79 -3.11 -24.48 0.41 4.12 11.4 0 0 0 6.09 18.23 -73.94 -3.65 -11.68 34.61 -3.77 -12.6 35.18 -0.06 -1.62 4.46 2.23 -0.51 9.89 -0.98 -0.54 9.29 -2.24 -0.13 4.14 -1.05 -0.58 -17.95 -3.16 0.74 37.74 -1.08 -0.33 16.66 -0 -0 0 -9.52 11 87.88 40.67 -48.46 -18.94 -0 0 -60.88 29.7 -22.22 -12.17 -7.12 0 -0 0.51 4.8 -0.46 -0 -0 0 18.99 -18.75 80.74 -38.58 47.21 -17.39 0 -0 -17.95 -9.26 -40.3 6.02 7.12 -0 -0 36.23 -67.3 -20.51
4.36 15.78 1.67 -3.56 -5.36 21.77 0 0 0 -18.17 -14.98 -56.87 10.13 17.48 59.92 1.77 -2.91 -24.42 0.38 3.96 10.95 0 0 0 5.92 18.27 -73.96 -3.66 -11.69 34.65 -3.75 -12.98 35.1 -0.07 -1.65 4.53 2.25 -0.52 9.89 -1.03 -0.56 9.36 -2.3 -0.13 4.21 -1.39 -0.63 -18.03 -2.47 0.51 37.76 -0.76 -0.37 16.68 0 0 0 -8.95 11.31 87.09 40.19 -48.18 -18.58 -0 0 -60.4 29.89 -22.76 -12.54 -7.12 0 -0 0.54 4.16 -0.5 0 0 0 18.48 -18.74 80.27 -37.91 46.78 -16.9 0 -0 -17.84 -9.98 -40.1 6.47 7.12 -0 -0 35.18 -67.36 -19.9
4.34 15.77 1.67 -3.69 -5.42 21.85 0 0 0 -17.94 -14.91 -57.15 10.21 17.53 60.2 1.79 -2.99 -24.53 0.43 4.21 11.66 0 0 0 5.82 18.6 -74.08 -3.67 -11.71 34.71 -3.7 -13.47 34.87 -0.06 -1.59 4.38 2.16 -0.47 10.06 -0.95 -0.49 9.28 -2.17 -0.11 4.04 -1.32 -0.54 -17.9 -2.47 0.62 37.82 -0.75 -0.32 16.68 -0 -0 0 -7.7 11.39 86.94 40.4 -48.3 -18.73 -0 0 -61.06 30.04 -23.22 -12.84 -7.12 0 -0 0.56 3.61 -0.53 -0 -0 0 17.9 -18.86 80.01 -37.12 46.27 -16.32 0 -0 -17.81 -10.82 -40.26 7.04 7.12 -0 -0 34.55 -67.75 -19.8
4.33 15.77 1.67 -3.76 -5.56 21.78 0 0 0 -17.89 -14.71 -57.14 10.24 17.54 60.28 1.78 -2.8 -24.51 0.36 3.84 10.63 0 0 0 6.04 18.7 -73.91 -3.64 -11.67 34.58 -3.69 -13.61 34.84 -0.07 -1.69 4.66 2.12 -0.39 10.25 -0.95 -0.39 9.27 -2.16 -0.06 3.92 -1.56 -0.59 -17.83 -2 0.44 37.87 -0.53 -0.36 16.68 -0 -0 0 -6.55 11.33 86.99 40.31 -48.25 -18.67 -0 0 -61.75 30.1 -23.2 -12.87 -7.12 0 -0 0.61 3.62 -0.57 -0 -0 0 17.07 -18.88 79.95 -36.46 45.83 -15.85 0 -0 -17.86 -8.19 -40.22 5.31 7.12 -0 -0 37.22 -66.91 -20.81
4.33 15.78 1.68 -3.75 -5.6 21.83 0 0 0 -17.89 -14.68 -57.09 10.22 17.53 60.21 1.79 -2.76 -24.6 0.4 4.07 11.27 0 0 0 6.34 18.6 -73.97 -3.65 -11.69 34.63 -3.69 -13.48 34.83 -0.07 -1.71 4.71 2.15 -0.37 10.22 -1 -0.36 9.26 -2.22 -0.05 3.94 -1.22 -0.59 -17.58 -2.42 0.47 37.66 -0.77 -0.35 16.51 -0 -0 0 -5.59 11.52 86.72 40 -48.07 -18.44 -0 0 -62.01 30.14 -23.21 -12.89 -7.12 0 -0 0.63 3.6 -0.59 -0 -0 0 16.65 -19.07 79.82 -35.83 45.4 -15.4 0 -0 -18.1 -9.7 -40.56 6.35 7.12 -0 -0 36.19 -67.64 -20.75
4.31 15.76 1.68 -3.64 -5.78 21.85 0 0 0 -17.97 -14.57 -57.28 10.25 17.55 60.31 1.78 -2.65 -24.54 0.3 3.54 9.8 0 0 0 6.05 18.86 -74.04 -3.67 -11.71 34.7 -3.63 -13.97 34.58 -0.08 -1.82 5.01 1.84 -0.28 10.41 -1.03 -0.25 9.18 -2.09 -0.01 3.75 -0.67 -0.58 -16.91 -3.35 0.62 37.26 -1.23 -0.33 16.15 0 -0 0 -5.14 11.8 86.02 39.16 -47.56 -17.82 -0 0 -61.53 31.43 -23.21 -13.54 -7.12 0 -0 1.42 3.3 -1.33 0 -0 0 15.86 -19.19 80.12 -35.39 45.09 -15.09 0 -0 -18.02 -9.13 -40.46 5.95 7.12 -0 -0 36.63 -67.38 -20.83
4.3 15.78 1.69 -3.59 -5.67 21.75 0 0 0 -18.05 -14.65 -56.88 10.16 17.5 60.04 1.76 -2.6 -24.42 0.32 3.62 10 0 0 0 6.17 18.65 -73.91 -3.68 -11.72 34.74 -3.67 -13.15 34.71 -0.04 -1.3 3.56 2.01 -0.32 10.49 -1.11 -0.29 9.31 -2.26 -0.02 3.85 -0.63 -0.55 -17.2 -3.2 0.61 37.27 -1.18 -0.31 16.23 -0 0 0 -4.57 11.97 85.15 38.37 -47.08 -17.24 -0 0 -61.78 31.77 -23.44 -13.84 -7.12 0 -0 1.59 2.96 -1.5 -0 0 0 15.45 -19.27 79.76 -35.08 44.87 -14.87 0 -0 -17.87 -9.49 -40.86 6.24 7.12 -0 -0 36.89 -67.8 -21.33
4.29 15.8 1.7 -3.4 -5.56 21.91 0 0 0 -18.06 -14.97 -56.89 10.07 17.45 59.73 1.74 -2.46 -24.3 0.27 3.34 9.22 0 0 0 5.61 18.81 -73.94 -3.64 -11.67 34.57 -3.66 -13.73 34.69 -0.05 -1.49 4.09 1.89 -0.34 10.48 -1.19 -0.32 9.22 -2.28 -0.04 3.75 -0.72 -0.57 -16.86 -2.98 0.52 37.14 -1.07 -0.33 16.07 0 0 0 -3.79 12.03 85.08 37.67 -46.63 -16.72 -0 0 -61.72 30.81 -22.83 -13.03 -7.12 0 -0 1.1 3.87 -1.02 0 0 0 15.19 -19.52 79.03 -34.85 44.71 -14.71 0 -0 -18.33 -8.97 -41.04 5.92 7.12 -0 -0 37.72 -67.77 -21.84
4.28 15.8 1.71 -3.17 -5.56 22.22 0 0 0 -18.19 -15.24 -57.08 10.03 17.43 59.59 1.73 -2.24 -24.28 0.27 3.32 9.17 0 0 0 5.22 18.82 -74.33 -3.64 -11.67 34.57 -3.65 -13.96 34.65 -0.04 -1.35 3.7 1.76 -0.31 9.85 -1.29 -0.3 9.3 -2.31 -0.02 4.17 -0.43 -0.56 -16.8 -3.14 0.5 37.12 -1.2 -0.32 16.04 -0 -0 0 -2.77 11.89 84.56 37.35 -46.42 -16.49 -0 0 -62.44 30.38 -22.73 -12.76 -7.12 0 -0 0.85 4.09 -0.79 -0 -0 0 14.82 -19.63 78.64 -34.6 44.53 -14.53 0 -0 -18.51 -8.15 -40.42 5.31 7.12 -0 -0 37.58 -67.06 -21.16
4.28 15.79 1.71 -3.21 -5.22 22.39 0 0 0 -18 -15.54 -57.19 10.04 17.43 59.63 1.75 -2.18 -24.44 0.26 3.3 9.12 0 0 0 5.34 18.59 -74.58 -3.68 -11.72 34.75 -3.59 -14.13 34.41 -0.04 -1.31 3.6 1.93 -0.38 10.38 -1.17 -0.38 9.04 -2.27 -0.07 3.62 -0.52 -0.67 -16.82 -3.02 0.32 37.28 -1.17 -0.39 16.13 -0 -0 0 -2.38 12.07 83.8 36.81 -46.06 -16.1 -0 0 -62.46 31.04 -23.31 -13.39 -7.12 0 -0 1.16 3.29 -1.09 -0 -0 0 14.27 -19.84 78.57 -34.27 44.29 -14.3 0 -0 -18.17 -10.18 -40.63 6.67 7.12 -0 -0 35.8 -67.83 -20.66
4.28 15.81 1.73 -3.3 -4.72 22.53 0 0 0 -17.84 -15.85 -57.09 10.01 17.41 59.51 1.75 -2.27 -24.37 0.29 3.48 9.62 0 0 0 6.1 17.79 -74.66 -3.67 -11.71 34.72 -3.63 -13.4 34.54 -0.02 -0.91 2.49 2.44 -0.51 10.08 -1.07 -0.52 8.96 -2.45 -0.11 3.68 -0.71 -0.73 -16.65 -2.61 0.13 37.42 -0.99 -0.43 16.15 -0 -0 0 -1.84 11.91 83.62 36.53 -45.87 -15.9 -0 0 -62.49 31.61 -23.47 -13.77 -7.12 0 -0 1.48 2.97 -1.41 -0 -0 0 13.75 -20.09 78.27 -34.28 44.29 -14.31 0 -0 -17.96 -8.44 -40.41 5.49 7.12 -0 -0 37.27 -67.14 -21.03
4.27 15.82 1.73 -3.74 -4.3 22.48 0 0 0 -17.26 -15.93 -56.93 9.98 17.4 59.42 1.74 -2.29 -24.29 0.29 3.46 9.57 0 0 0 6.86 17.59 -74.31 -3.62 -11.64 34.47 -3.59 -13.75 34.37 -0.02 -0.92 2.53 2.96 -0.57 10.2 -0.83 -0.57 9.01 -2.48 -0.11 3.67 -0.7 -0.72 -17.37 -2.46 0.11 37.92 -0.95 -0.43 16.59 0 -0 0 -1.13 11.96 83.42 37.07 -46.23 -16.29 -0 0 -63.03 32.06 -23.55 -14.05 -7.12 0 -0 1.74 2.77 -1.66 0 -0 0 13.27 -20.05 78.03 -34.5 44.45 -14.46 0 -0 -18.3 -8.13 -40.6 5.31 7.12 -0 -0 37.87 -67.19 -21.45
4.27 15.84 1.75 -3.3 -4.13 22.36 0 0 0 -17.79 -16.15 -56.43 9.87 17.33 59.04 1.74 -2.38 -24.29 0.31 3.57 9.88 0 0 0 6.42 17.25 -74.27 -3.66 -11.69 34.63 -3.54 -13.9 34.12 -0.03 -1.13 3.1 2.78 -0.59 10.05 -0.88 -0.61 9.17 -2.44 -0.14 3.91 -0.22 -0.68 -17.7 -3.12 0.27 38.13 -1.31 -0.39 16.79 0 0 0 -0.28 11.64 83.29 37.73 -46.67 -16.77 -0 0 -63.64 32.32 -23.65 -14.24 -7.12 0 -0 1.89 2.6 -1.8 0 0 0 12.43 -20.07 77.91 -35.26 45 -15 0 -0 -18.13 -7.03 -40.52 4.58 7.12 -0 -0 38.87 -66.79 -21.75
4.27 15.84 1.77 -2.98 -4.62 22.44 0 0 0 -18.26 -16.02 -56.31 9.8 17.3 58.83 1.75 -2.17 -24.44 0.31 3.57 9.88 0 0 0 5.81 17.56 -74.48 -3.69 -11.74 34.81 -3.62 -13.09 34.47 -0.01 -0.46 1.25 2.33 -0.45 9.79 -1.05 -0.45 9.13 -2.38 -0.08 4.03 -0.44 -0.71 -17.64 -2.76 0.16 38.18 -1.13 -0.41 16.79 0 -0 0 0.79 11.76 83.38 38.31 -47.04 -17.2 -0 0 -63.33 31.58 -23.97 -14.02 -7.12 0 -0 1.38 2.43 -1.32 0 -0 0 11.44 -19.73 78.57 -36.14 45.61 -15.62 0 -0 -19.25 -6.93 -40.79 4.54 7.12 -0 -0 39.4 -66.97 -22.23
4.27 15.84 1.79 -2.79 -4.96 22.62 0 0 0 -18.43 -16.1 -56.4 9.8 17.29 58.81 1.76 -2.02 -24.52 0.31 3.57 9.86 0 0 0 5.39 17.85 -74.79 -3.72 -11.78 34.95 -3.64 -13.09 34.56 -0.01 -0.58 1.6 2.01 -0.34 9.48 -1.13 -0.33 9.09 -2.28 -0.03 4.15 -0.16 -0.64 -17.79 -3.19 0.34 38.22 -1.34 -0.36 16.86 0 0 0 1.81 11.53 83.58 38.45 -47.13 -17.3 -0 0 -63.77 30.12 -22.55 -12.54 -7.12 0 -0 0.71 4.33 -0.66 0 0 0 10.77 -19.67 79.12 -36.74 46.02 -16.06 0 -0 -19.41 -8.97 -40.02 5.8 7.12 -0 -0 36.1 -66.99 -20.18
4.27 15.85 1.8 -3.04 -4.91 22.64 0 0 0 -18.15 -16.07 -56.35 9.78 17.28 58.74 1.75 -1.9 -24.51 0.31 3.59 9.92 0 0 0 6.2 17.62 -74.74 -3.72 -11.78 34.97 -3.61 -13.75 34.44 -0.03 -1.09 2.99 2.29 -0.38 9.35 -1.1 -0.37 9.14 -2.41 -0.03 4.29 -0.38 -0.64 -17.93 -2.83 0.27 37.97 -1.15 -0.37 16.76 -0 0 0 2.15 11.64 83.22 38.16 -46.94 -17.08 -0 0 -63.66 29.63 -22.87 -12.47 -7.12 0 -0 0.37 4.09 -0.34 -0 0 0 9.79 -18.9 79.29 -37.49 46.51 -16.6 0 -0 -20.4 -8.35 -40.41 5.44 7.12 -0 -0 37.34 -67.11 -21.05
4.27 15.85 1.82 -2.98 -4.98 22.7 0 0 0 -18.17 -16.15 -56.35 9.79 17.29 58.78 1.76 -1.82 -24.61 0.31 3.59 9.93 0 0 0 6.29 17.56 -75.02 -3.77 -11.85 35.19 -3.62 -13.62 34.49 -0.03 -1.17 3.22 2.23 -0.41 9.32 -1.13 -0.41 9.11 -2.41 -0.06 4.26 -0.32 -0.6 -18.13 -2.97 0.37 38.04 -1.2 -0.34 16.85 0 -0 0 2.7 11.78 82.76 38.29 -47.03 -17.18 -0 0 -63.92 31.18 -23.62 -13.63 -7.12 0 -0 1.2 2.91 -1.14 0 -0 0 9.83 -18.82 78.49 -37.42 46.47 -16.55 0 -0 -19.33 -7.71 -40.23 5 7.12 -0 -0 37.72 -66.78 -21.01
4.27 15.85 1.83 -3.22 -5.17 22.54 0 0 0 -18 -15.92 -56.2 9.8 17.3 58.83 1.76 -1.76 -24.59 0.3 3.55 9.81 0 0 0 6.6 17.73 -74.8 -3.76 -11.84 35.15 -3.64 -13.68 34.6 -0.06 -1.62 4.45 2.38 -0.37 9.77 -1.08 -0.34 8.98 -2.44 -0.02 3.88 -0.65 -0.6 -18.3 -2.51 0.32 38.45 -0.96 -0.35 17.11 -0 -0 0 3.12 11.89 83.08 38.42 -47.11 -17.28 -0 0 -63.22 30.98 -23.29 -13.35 -7.12 0 -0 1.13 3.33 -1.06 -0 -0 0 9.04 -18.35 78.56 -37.61 46.59 -16.68 0 -0 -19.69 -7.6 -40.07 4.91 7.12 -0 -0 37.59 -66.62 -20.8
4.26 15.84 1.84 -3.26 -5.5 22.55 0 0 0 -18.01 -15.53 -56.4 9.86 17.33 59.03 1.79 -1.97 -24.75 0.29 3.44 9.52 0 0 0 6.16 18.34 -74.86 -3.79 -11.87 35.27 -3.66 -13.8 34.7 -0.05 -1.43 3.92 2.12 -0.24 9.73 -1.04 -0.19 8.96 -2.26 0.04 3.89 -0.45 -0.56 -18.07 -3.02 0.5 38.45 -1.19 -0.32 17.06 0 -0 0 3.49 11.73 83.14 38.67 -47.27 -17.46 -0 0 -63.5 31.18 -22.95 -13.28 -7.12 0 -0 1.3 3.65 -1.22 0 -0 0 8.38 -18.13 78.64 -37.63 46.6 -16.69 0 -0 -19.13 -9.23 -40.3 6 7.12 -0 -0 36.26 -67.28 -20.52
4.26 15.84 1.86 -3.17 -5.62 22.57 0 0 0 -18.21 -15.39 -56.32 9.84 17.32 58.96 1.8 -1.97 -24.84 0.28 3.38 9.35 0 0 0 6.17 18.27 -75.03 -3.82 -11.92 35.45 -3.66 -13.99 34.71 -0.06 -1.58 4.34 1.98 -0.25 9.57 -1.04 -0.21 8.99 -2.18 0.02 4.01 -0.69 -0.64 -17.97 -2.83 0.38 38.1 -1.07 -0.37 16.85 0 -0 0 3.44 11.91 82.43 38.67 -47.26 -17.45 -0 0 -63.04 30.68 -23.28 -13.19 -7.12 0 -0 0.95 3.41 -0.89 0 -0 0 7.64 -17.69 78.68 -37.84 46.74 -16.85 0 -0 -19.74 -8.16 -40.34 5.3 7.12 -0 -0 37.44 -67 -21.02
4.27 15.84 1.88 -3.1 -5.66 22.68 0 0 0 -18.33 -15.36 -56.33 9.79 17.29 58.8 1.79 -2.12 -24.73 0.29 3.45 9.54 0 0 0 5.97 18.32 -75.11 -3.82 -11.92 35.46 -3.66 -14.01 34.7 -0.05 -1.5 4.13 1.8 -0.28 9.42 -0.99 -0.27 8.96 -2.03 -0.02 4.05 -0.48 -0.51 -17.75 -3.37 0.71 38 -1.28 -0.28 16.75 0 0 0 3.38 12.03 82.12 38.87 -47.38 -17.6 -0 0 -63.41 29.47 -23.27 -12.58 -7.12 0 -0 0.21 3.7 -0.19 0 0 0 7.02 -17.39 78.87 -37.79 46.71 -16.81 0 -0 -19.45 -7.86 -39.96 5.07 7.12 -0 -0 37.15 -66.61 -20.52
4.27 15.85 1.89 -3.24 -5.46 22.78 0 0 0 -18.19 -15.35 -56.36 9.78 17.29 58.76 1.78 -2.21 -24.62 0.28 3.41 9.43 0 0 0 6.03 18.24 -75.08 -3.8 -11.89 35.35 -3.71 -13.25 34.93 -0.03 -1.07 2.93 2.04 -0.38 9.55 -0.9 -0.39 8.81 -2.05 -0.07 3.81 -0.53 -0.47 -17.85 -3.41 0.81 38.08 -1.28 -0.25 16.82 0 0 0 3.68 11.9 82.74 39.05 -47.49 -17.73 -0 0 -63.17 30.39 -23.94 -13.39 -7.12 0 -0 0.67 2.74 -0.63 0 0 0 6.28 -17.14 79.52 -37.9 46.78 -16.89 0 -0 -19.23 -8.2 -40.18 5.31 7.12 -0 -0 37.15 -66.89 -20.75
4.28 15.86 1.9 -3.35 -5.27 22.62 0 0 0 -18.21 -15.17 -56.17 9.77 17.28 58.7 1.78 -2.53 -24.54 0.27 3.33 9.19 0 0 0 6 18.23 -74.79 -3.81 -11.9 35.39 -3.69 -12.97 34.84 -0.03 -1.18 3.24 2.28 -0.56 9.75 -0.92 -0.61 8.95 -2.2 -0.17 3.84 -0.82 -0.44 -18.36 -2.79 0.73 38.58 -0.98 -0.25 17.21 -0 -0 0 4.26 11.91 83.5 39.54 -47.8 -18.1 -0 0 -63.86 29.99 -24.05 -13.24 -7.12 0 -0 0.41 2.72 -0.39 -0 -0 0 6.06 -16.6 79.16 -37.57 46.56 -16.65 0 -0 -18.59 -8.61 -40.44 5.61 7.12 -0 -0 37.13 -67.21 -21
4.28 15.87 1.9 -3.04 -5.39 22.76 0 0 0 -18.67 -14.86 -56.35 9.74 17.26 58.62 1.77 -3.01 -24.38 0.28 3.38 9.35 0 0 0 5.47 18.36 -75.07 -3.85 -11.95 35.57 -3.69 -13.24 34.82 -0.02 -0.94 2.6 1.88 -0.59 9.79 -1 -0.67 8.8 -2.05 -0.22 3.66 -1.16 -0.47 -18.09 -2.38 0.64 38.7 -0.75 -0.28 17.2 -0 -0 0 4.1 11.96 83.2 39.32 -47.66 -17.93 -0 0 -62.98 28.43 -23.31 -12.1 -7.12 0 -0 -0.44 3.87 0.41 -0 -0 0 5.68 -16.16 79.17 -37.11 46.26 -16.32 0 -0 -18.11 -8.43 -40.19 5.46 7.12 -0 -0 36.92 -66.96 -20.66
4.27 15.88 1.91 -3.11 -5.58 22.83 0 0 0 -18.74 -14.27 -56.56 9.72 17.25 58.56 1.76 -3.53 -24.19 0.3 3.52 9.73 0 0 0 5.44 18.67 -75.02 -3.84 -11.94 35.51 -3.68 -13.32 34.8 -0.02 -0.96 2.63 1.69 -0.51 9.95 -0.94 -0.57 8.65 -1.89 -0.18 3.42 -1.57 -0.57 -17.66 -2.09 0.52 38.71 -0.57 -0.35 17.09 0 -0 0 4.62 11.5 84.44 39.73 -47.91 -18.24 -0 0 -62.75 29.62 -23.25 -12.65 -7.12 0 -0 0.3 3.68 -0.28 0 -0 0 5.25 -15.99 79.24 -36.91 46.13 -16.18 0 -0 -17.86 -9.98 -40.51 6.52 7.12 -0 -0 35.82 -67.68 -20.55
4.25 15.88 1.91 -2.99 -5.45 22.9 0 0 0 -18.9 -14.09 -56.63 9.7 17.24 58.49 1.75 -3.91 -24.1 0.3 3.52 9.73 0 0 0 5.18 18.67 -75.06 -3.84 -11.95 35.54 -3.67 -13.01 34.72 -0.01 -0.72 1.99 1.4 -0.64 9.81 -0.97 -0.76 8.9 -1.75 -0.29 3.75 -1.59 -0.54 -18.37 -1.97 0.54 38.83 -0.51 -0.33 17.34 -0 0 0 4.54 11.69 84.33 39.6 -47.83 -18.14 -0 0 -62.64 29.74 -23.54 -12.86 -7.12 0 -0 0.33 3.33 -0.31 -0 0 0 5.27 -15.33 79.09 -36.57 45.9 -15.93 0 -0 -18.21 -10.89 -40.95 7.19 7.12 -0 -0 35.6 -68.31 -20.9
4.25 15.89 1.92 -2.93 -5.15 22.98 0 0 0 -18.88 -14.38 -56.5 9.65 17.21 58.3 1.74 -3.88 -24.01 0.29 3.49 9.64 0 0 0 5.3 18.26 -75.11 -3.83 -11.93 35.48 -3.69 -12.66 34.84 -0.01 -0.57 1.58 1.4 -0.81 9.8 -0.96 -0.99 8.96 -1.72 -0.4 3.81 -1.32 -0.44 -18.78 -2.32 0.74 39.08 -0.69 -0.27 17.59 -0 0 0 4.48 11.65 84.15 39.61 -47.83 -18.15 -0 0 -62.36 29.67 -23.66 -12.88 -7.12 0 -0 0.27 3.22 -0.25 -0 0 0 5.09 -14.67 79.26 -36.06 45.56 -15.57 0 -0 -17.19 -9.58 -40.25 6.22 7.12 -0 -0 35.82 -67.35 -20.3
4.25 15.92 1.93 -3.02 -4.71 22.98 0 0 0 -18.59 -14.89 -56.2 9.55 17.15 57.99 1.71 -3.43 -23.87 0.26 3.29 9.08 0 0 0 5.39 18.02 -74.88 -3.81 -11.9 35.38 -3.62 -13.39 34.47 -0.03 -1.08 2.96 1.62 -0.96 9.9 -0.84 -1.17 8.9 -1.7 -0.48 3.68 -1.1 -0.36 -18.83 -2.72 0.95 39.18 -0.87 -0.21 17.67 0 -0 0 4.32 11.6 84.01 39.54 -47.8 -18.1 -0 0 -62.88 30.75 -24.65 -13.94 -7.12 0 -0 0.77 1.88 -0.74 0 -0 0 4.93 -14.32 79.31 -35.79 45.37 -15.37 0 -0 -17.32 -9.57 -40.63 6.26 7.12 -0 -0 36.45 -67.65 -20.93
4.24 15.92 1.93 -3.22 -4.48 23.27 0 0 0 -18.07 -15.45 -56.42 9.55 17.15 57.97 1.71 -2.92 -23.93 0.25 3.21 8.86 0 0 0 5.38 18.07 -75.09 -3.79 -11.88 35.3 -3.61 -13.38 34.45 -0.02 -0.96 2.64 1.79 -0.94 9.84 -0.63 -1.13 8.69 -1.59 -0.47 3.5 -1.23 -0.4 -18.64 -2.85 1 39.47 -0.91 -0.23 17.79 0 0 0 3.8 11.23 83.22 39.22 -47.6 -17.86 -0 0 -62.78 30.37 -23.5 -13.15 -7.12 0 -0 0.73 3.23 -0.68 0 0 0 4.72 -14.17 79.5 -35.37 45.08 -15.08 0 -0 -17.3 -10.69 -40.99 7.06 7.12 -0 -0 35.86 -68.27 -21.04
4.23 15.92 1.93 -3.29 -4.48 23.29 0 0 0 -17.82 -15.78 -56.31 9.55 17.15 57.97 1.72 -2.54 -24.13 0.25 3.22 8.9 0 0 0 5.37 18.18 -75.09 -3.79 -11.88 35.3 -3.61 -13.5 34.43 -0.03 -1.04 2.85 1.81 -0.9 9.8 -0.59 -1.07 8.65 -1.56 -0.44 3.49 -1.12 -0.34 -18.33 -3.01 1.1 39.33 -0.97 -0.19 17.63 -0 0 0 3.9 10.9 83.08 39.55 -47.8 -18.1 -0 0 -63.5 28.78 -22.64 -11.94 -7.12 0 -0 -0.13 4.53 0.12 -0 0 0 4.98 -13.99 79.32 -34.9 44.74 -14.74 0 -0 -16.54 -11.19 -41.12 7.41 7.12 -0 -0 35.55 -68.53 -21.04
4.22 15.92 1.94 -3.04 -4.7 23.25 0 0 0 -18.13 -15.82 -56.04 9.5 17.12 57.82 1.74 -2.27 -24.32 0.25 3.23 8.92 0 0 0 5.07 18.3 -75.01 -3.79 -11.87 35.27 -3.6 -13.2 34.41 -0.02 -0.8 2.19 1.49 -0.78 9.6 -0.7 -0.94 8.75 -1.51 -0.38 3.7 -1.5 -0.43 -18 -2.52 0.9 39.05 -0.71 -0.25 17.38 0 0 0 4.02 10.37 83.1 39.59 -47.83 -18.14 -0 0 -64.11 29.98 -23.37 -12.89 -7.12 0 -0 0.5 3.47 -0.47 0 0 0 5.09 -13.72 79.57 -34.89 44.74 -14.74 0 -0 -16.93 -12.49 -41.28 8.31 7.12 -0 -0 34.45 -69.07 -20.74
4.21 15.93 1.95 -3.48 -4.73 23.37 0 0 0 -17.53 -15.78 -56.21 9.55 17.15 57.96 1.74 -2.19 -24.38 0.25 3.22 8.88 0 0 0 5.69 18.48 -74.75 -3.7 -11.75 34.86 -3.61 -13.37 34.46 -0.02 -1 2.75 2.02 -0.71 9.19 -0.7 -0.84 8.97 -1.81 -0.3 4.17 -1.65 -0.45 -18.38 -2.21 0.81 38.97 -0.56 -0.27 17.43 0 0 0 4 10.16 82.61 39.58 -47.82 -18.13 -0 0 -64.26 29.87 -23.38 -12.84 -7.12 0 -0 0.43 3.48 -0.41 0 0 0 5.63 -13.48 78.87 -34.96 44.78 -14.78 0 -0 -16.86 -11.16 -40.99 7.37 7.12 -0 -0 35.37 -68.42 -20.85
4.2 15.93 1.96 -3.51 -4.5 23.54 0 0 0 -17.3 -16.02 -56.36 9.56 17.15 58.01 1.76 -2.27 -24.48 0.26 3.25 8.99 0 0 0 5.43 18.53 -74.96 -3.74 -11.8 35.04 -3.55 -13.26 34.13 -0.01 -0.69 1.9 2.17 -0.78 9.12 -0.72 -0.92 8.89 -1.91 -0.33 4.11 -1.6 -0.4 -18.37 -2.15 0.83 38.86 -0.54 -0.24 17.36 -0 -0 0 3.89 10.28 82.78 39.45 -47.74 -18.03 -0 0 -63.66 30.16 -23.8 -13.2 -7.12 0 -0 0.55 2.96 -0.52 -0 -0 0 6.14 -13.42 79.08 -35.05 44.85 -14.85 0 -0 -16.05 -11.98 -40.92 7.91 7.12 -0 -0 34.37 -68.62 -20.36
4.2 15.92 1.96 -3.44 -4.28 23.52 0 0 0 -17.29 -16.26 -56.34 9.58 17.17 58.07 1.74 -2.12 -24.36 0.28 3.38 9.32 0 0 0 5.41 18.28 -75.1 -3.79 -11.88 35.31 -3.59 -12.43 34.3 -0 -0.15 0.43 2.33 -0.84 9.32 -0.75 -0.97 8.85 -2.03 -0.35 3.96 -1.55 -0.45 -18.49 -2.14 0.75 38.95 -0.56 -0.27 17.44 0 -0 0 3.69 10.24 82.6 39.18 -47.58 -17.83 -0 0 -63.04 30.1 -24.02 -13.28 -7.12 0 -0 0.48 2.73 -0.45 0 -0 0 6.32 -13.52 79.27 -35.56 45.21 -15.21 0 -0 -16.01 -10.99 -40.9 7.24 7.12 -0 -0 35.41 -68.3 -20.77
4.19 15.91 1.96 -2.96 -4.39 23.5 0 0 0 -17.84 -16.35 -56.17 9.52 17.13 57.88 1.74 -2.03 -24.41 0.26 3.27 9.03 0 0 0 4.78 18.16 -75.37 -3.85 -11.96 35.59 -3.56 -12.72 34.18 -0.01 -0.47 1.3 1.93 -0.76 9.29 -0.87 -0.89 8.88 -1.94 -0.32 4.01 -1.83 -0.55 -18.53 -1.84 0.58 38.94 -0.41 -0.33 17.44 0 0 0 3.81 9.94 82.66 39.27 -47.63 -17.9 -0 0 -62.98 29.16 -23.44 -12.51 -7.12 0 -0 -0.01 3.57 0.01 0 0 0 6.45 -13.66 79.61 -35.69 45.3 -15.3 0 -0 -15.65 -12.06 -40.94 7.97 7.12 -0 -0 34.32 -68.66 -20.35
4.19 15.91 1.96 -2.91 -4.34 23.46 0 0 0 -17.86 -16.47 -56.09 9.53 17.14 57.9 1.75 -1.88 -24.46 0.26 3.25 8.98 0 0 0 4.9 18.01 -75.45 -3.89 -12.01 35.77 -3.56 -12.56 34.19 -0 -0.3 0.82 1.93 -0.73 9.27 -0.85 -0.86 8.96 -1.92 -0.31 4.11 -1.6 -0.5 -18.46 -2.26 0.73 38.64 -0.6 -0.29 17.27 0 0 0 3.78 9.83 82.88 39.57 -47.81 -18.12 -0 0 -63.36 30.14 -23.91 -13.24 -7.12 0 -0 0.52 2.84 -0.49 0 0 0 6.44 -13.79 80.17 -36.01 45.52 -15.53 0 -0 -15.86 -10.56 -40.06 6.84 7.12 -0 -0 34.49 -67.5 -19.58
4.2 15.94 1.98 -3.18 -4.18 23.49 0 0 0 -17.57 -16.58 -55.88 9.47 17.1 57.69 1.76 -1.88 -24.57 0.26 3.31 9.14 0 0 0 5.92 17.54 -75.24 -3.82 -11.92 35.45 -3.61 -12.16 34.39 -0 -0.43 1.19 2.44 -0.79 8.93 -0.83 -0.91 9.05 -2.19 -0.3 4.39 -1.76 -0.49 -18.28 -1.87 0.65 38.6 -0.41 -0.29 17.19 -0 0 0 3.65 10.03 82.67 39.45 -47.74 -18.03 -0 0 -63.32 28.77 -23.54 -12.37 -7.12 0 -0 -0.26 3.55 0.25 -0 0 0 6.88 -13.74 79.99 -36.13 45.6 -15.62 0 -0 -15.99 -10.96 -40.37 7.15 7.12 -0 -0 34.57 -67.87 -19.92
4.19 15.94 1.97 -3.07 -4.26 23.43 0 0 0 -17.68 -16.61 -55.78 9.46 17.09 57.66 1.74 -1.69 -24.44 0.28 3.4 9.41 0 0 0 5.68 17.67 -75.2 -3.83 -11.93 35.48 -3.63 -12.16 34.49 -0 -0.29 0.8 2.27 -0.79 9.12 -0.89 -0.92 9.08 -2.16 -0.32 4.32 -1.7 -0.44 -18.47 -1.75 0.67 38.87 -0.37 -0.26 17.39 -0 -0 0 3.42 10.29 82.67 39.36 -47.69 -17.97 -0 0 -63.19 28.56 -23.39 -12.19 -7.12 0 -0 -0.37 3.76 0.34 -0 -0 0 7.04 -13.35 80.58 -36.15 45.61 -15.63 0 -0 -15.79 -11.95 -40.58 7.84 7.12 -0 -0 33.85 -68.34 -19.81
4.19 15.93 1.99 -3.05 -4.33 23.54 0 0 0 -17.69 -16.64 -55.83 9.45 17.09 57.64 1.75 -1.7 -24.57 0.26 3.31 9.14 0 0 0 5.66 17.69 -75.27 -3.83 -11.94 35.5 -3.61 -11.83 34.42 -0 -0.13 0.37 2.27 -0.77 8.93 -0.92 -0.9 9.11 -2.19 -0.3 4.45 -2.11 -0.49 -18.31 -1.18 0.5 38.86 -0.07 -0.31 17.34 -0 0 0 3.22 10.38 82.54 39.29 -47.64 -17.91 -0 0 -63.42 27.51 -22.54 -11.29 -7.12 0 -0 -0.9 4.91 0.82 -0 0 0 7.01 -13.33 80.87 -36.63 45.94 -15.98 0 -0 -15.77 -11.84 -40.75 7.79 7.12 -0 -0 34.25 -68.45 -20.15
4.19 15.94 1.99 -3.02 -4.32 23.5 0 0 0 -17.74 -16.64 -55.74 9.43 17.08 57.57 1.76 -1.78 -24.59 0.26 3.28 9.05 0 0 0 5.7 17.61 -75.21 -3.83 -11.93 35.48 -3.62 -11.74 34.46 -0 -0.02 0.06 2.32 -0.79 9.15 -0.95 -0.92 8.98 -2.23 -0.31 4.19 -1.88 -0.42 -18.17 -1.5 0.64 38.94 -0.23 -0.27 17.35 -0 -0 0 3.22 10.42 82.76 39.5 -47.77 -18.07 -0 0 -63.61 29.71 -23.61 -12.87 -7.12 0 -0 0.3 3.26 -0.29 -0 -0 0 7.25 -13.52 80.78 -36.86 46.1 -16.14 0 -0 -15.49 -10.92 -39.89 7.05 7.12 -0 -0 33.87 -67.48 -19.18
4.18 15.93 1.99 -2.92 -4.4 23.42 0 0 0 -17.88 -16.5 -55.74 9.43 17.08 57.58 1.76 -1.87 -24.56 0.26 3.3 9.11 0 0 0 5.41 17.79 -75.28 -3.87 -11.98 35.66 -3.59 -12.56 34.33 -0.01 -0.57 1.57 2.02 -0.78 9.39 -0.93 -0.91 8.97 -2.05 -0.32 4.04 -1.81 -0.37 -18.16 -1.7 0.78 38.98 -0.31 -0.23 17.37 0 -0 0 2.94 10.64 82.57 39.57 -47.82 -18.12 -0 0 -63.2 30.09 -23.32 -12.92 -7.12 0 -0 0.58 3.5 -0.55 0 -0 0 7.16 -13.42 81.23 -37.01 46.2 -16.25 0 -0 -15.53 -11.14 -40.13 7.24 7.12 -0 -0 34 -67.74 -19.45
4.19 15.95 1.99 -3.1 -4.32 23.44 0 0 0 -17.72 -16.42 -55.69 9.42 17.07 57.54 1.75 -1.95 -24.47 0.28 3.41 9.42 0 0 0 5.89 17.62 -75.22 -3.85 -11.96 35.58 -3.62 -12.15 34.44 -0 -0.39 1.06 2.27 -0.81 9.24 -0.88 -0.94 9 -2.14 -0.33 4.16 -1.92 -0.36 -18.11 -1.66 0.82 38.99 -0.26 -0.22 17.36 0 0 0 3 10.61 82.79 39.69 -47.88 -18.21 -0 0 -63.05 29.22 -23.73 -12.68 -7.12 0 -0 -0.02 3.25 0.02 0 0 0 7.27 -13.14 81.16 -36.95 46.16 -16.21 0 -0 -14.93 -9.81 -39.77 6.31 7.12 -0 -0 34.85 -67.05 -19.45
4.18 15.93 1.99 -2.97 -4.33 23.43 0 0 0 -17.88 -16.35 -55.84 9.45 17.09 57.65 1.75 -1.92 -24.49 0.24 3.18 8.78 0 0 0 5.48 17.74 -75.43 -3.91 -12.04 35.87 -3.58 -12.57 34.25 -0.01 -0.7 1.91 2.04 -0.82 9.38 -0.88 -0.96 8.94 -2 -0.35 4.02 -1.92 -0.32 -17.66 -1.88 0.95 38.51 -0.33 -0.19 16.99 0 0 0 2.84 10.56 82.91 39.62 -47.84 -18.16 -0 0 -63.16 28.73 -22.89 -12.04 -7.12 0 -0 -0.19 4.27 0.18 0 0 0 7.3 -13.02 81.06 -37.04 46.22 -16.27 0 -0 -15.1 -9.9 -40.05 6.41 7.12 -0 -0 35.18 -67.29 -19.85
4.18 15.93 1.99 -2.72 -4.34 23.42 0 0 0 -18.16 -16.49 -55.76 9.44 17.08 57.61 1.75 -1.99 -24.46 0.27 3.34 9.22 0 0 0 5.3 17.54 -75.62 -3.95 -12.09 36.04 -3.56 -12.57 34.19 -0.01 -0.52 1.44 1.82 -0.84 9.47 -0.88 -1 8.92 -1.88 -0.39 3.95 -1.93 -0.29 -17.5 -2.05 1.04 38.21 -0.38 -0.18 16.79 0 0 0 2.76 10.39 82.85 39.68 -47.88 -18.2 -0 0 -63.1 31.14 -24.54 -14.09 -7.12 0 -0 1.02 1.9 -0.99 0 0 0 7.36 -12.88 80.44 -36.8 46.06 -16.1 0 -0 -14.96 -8.89 -39.25 5.65 7.12 -0 -0 35.03 -66.37 -19.03
4.19 15.92 2 -2.77 -4.22 23.45 0 0 0 -18.05 -16.57 -55.79 9.46 17.1 57.68 1.75 -1.97 -24.49 0.27 3.33 9.19 0 0 0 5.3 17.53 -75.68 -3.96 -12.1 36.1 -3.58 -13.08 34.28 -0.02 -0.98 2.7 1.89 -0.9 9.46 -0.83 -1.07 8.92 -1.86 -0.42 3.96 -1.97 -0.33 -17.91 -2.14 1.07 38.76 -0.41 -0.19 17.19 -0 0 0 2.39 10.43 82.12 39.41 -47.72 -18 -0 0 -62.56 30.64 -23.59 -13.33 -7.12 0 -0 0.87 3.08 -0.82 -0 0 0 6.91 -12.49 81.04 -36.94 46.15 -16.2 0 -0 -16.03 -10.68 -39.61 6.85 7.12 -0 -0 33.69 -67.19 -18.85
4.19 15.92 2 -3.05 -4.09 23.65 0 0 0 -17.66 -16.58 -56.13 9.52 17.13 57.87 1.76 -2.19 -24.53 0.28 3.39 9.38 0 0 0 5.67 17.56 -75.86 -3.95 -12.1 36.08 -3.63 -12.62 34.53 -0.01 -0.62 1.7 2.2 -0.96 9.28 -0.76 -1.15 8.95 -1.96 -0.44 4.08 -1.89 -0.28 -18.26 -2.29 1.19 38.95 -0.48 -0.16 17.39 0 0 0 2.5 10.33 82.28 39.48 -47.76 -18.05 -0 0 -62.73 31.22 -24.05 -13.87 -7.12 0 -0 1.15 2.43 -1.1 0 0 0 7.09 -12.07 80.77 -36.66 45.96 -16 0 -0 -15.96 -12.01 -40.6 7.88 7.12 -0 -0 33.82 -68.38 -19.82
4.19 15.93 2 -3.19 -4.04 23.66 0 0 0 -17.52 -16.55 -56.13 9.52 17.13 57.88 1.76 -2.11 -24.5 0.28 3.39 9.36 0 0 0 5.9 17.55 -75.8 -3.95 -12.09 36.05 -3.68 -11.99 34.78 -0 -0.33 0.92 2.38 -1.02 9.32 -0.75 -1.21 9 -2.04 -0.46 4.1 -1.45 -0.16 -18.67 -2.88 1.47 39.31 -0.78 -0.07 17.72 -0 0 0 2.37 10.34 81.82 39.2 -47.59 -17.85 -0 0 -62.5 29.73 -23.94 -13.05 -7.12 0 -0 0.26 2.9 -0.25 -0 0 0 6.98 -11.8 80.7 -36.88 46.11 -16.15 0 -0 -16.31 -11.47 -40.01 7.43 7.12 -0 -0 33.46 -67.74 -19.13
4.19 15.93 2 -3.1 -3.94 23.57 0 0 0 -17.6 -16.65 -55.97 9.5 17.12 57.81 1.76 -2.28 -24.46 0.32 3.61 9.99 0 0 0 5.84 17.47 -75.76 -3.97 -12.12 36.16 -3.6 -12.31 34.37 -0.01 -0.5 1.36 2.23 -1.11 9.54 -0.71 -1.34 8.99 -1.91 -0.54 3.97 -1.72 -0.14 -18.6 -2.59 1.48 39.19 -0.6 -0.07 17.62 0 0 0 2.03 10.47 81.23 39.02 -47.48 -17.72 -0 0 -62.08 28.85 -22.77 -12.03 -7.12 0 -0 -0.1 4.38 0.1 0 0 0 6.87 -11.6 80.62 -36.96 46.16 -16.21 0 -0 -16.29 -11.85 -39.71 7.64 7.12 -0 -0 32.59 -67.62 -18.49
4.2 15.92 2 -3.07 -4.03 23.66 0 0 0 -17.65 -16.63 -56.06 9.5 17.12 57.8 1.76 -2.21 -24.48 0.27 3.33 9.21 0 0 0 5.82 17.48 -75.88 -3.96 -12.11 36.11 -3.61 -12.67 34.44 -0.02 -0.82 2.25 2.19 -1.09 9.58 -0.69 -1.31 8.89 -1.87 -0.53 3.85 -2.25 -0.26 -18.26 -2.12 1.29 39.04 -0.32 -0.15 17.44 0 0 0 2.01 10.46 81.65 39.27 -47.63 -17.9 -0 0 -62.45 30.04 -24.32 -13.4 -7.12 0 -0 0.39 2.41 -0.37 0 0 0 6.67 -11.55 80.93 -37.25 46.35 -16.42 0 -0 -17.16 -10.88 -39.98 7.04 7.12 -0 -0 34.04 -67.54 -19.33
4.21 15.93 2.02 -3.16 -4.13 23.72 0 0 0 -17.61 -16.62 -56.02 9.48 17.11 57.75 1.76 -2.1 -24.5 0.29 3.44 9.52 0 0 0 6.07 17.42 -75.79 -3.92 -12.06 35.94 -3.59 -12.41 34.32 -0.01 -0.75 2.06 2.3 -1.11 9.11 -0.69 -1.34 9.07 -1.93 -0.53 4.29 -2.26 -0.23 -18.09 -2.24 1.37 38.55 -0.35 -0.13 17.12 -0 0 0 1.88 10.4 81.58 39.21 -47.59 -17.85 -0 0 -62.59 28.75 -22.73 -11.97 -7.12 0 -0 -0.15 4.44 0.14 -0 0 0 6.91 -11.46 80.72 -37.28 46.37 -16.44 0 -0 -16.69 -11.87 -40.59 7.79 7.12 -0 -0 33.96 -68.33 -19.87
4.22 15.94 2.02 -3.45 -4.17 23.71 0 0 0 -17.37 -16.56 -55.95 9.49 17.11 57.77 1.77 -2.04 -24.6 0.3 3.52 9.72 0 0 0 6.63 17.31 -75.62 -3.89 -12.01 35.78 -3.67 -11.35 34.69 -0 -0.18 0.5 2.69 -1.16 9.09 -0.7 -1.4 9.06 -2.17 -0.54 4.28 -2.19 -0.16 -17.89 -2.31 1.46 38.39 -0.38 -0.09 16.99 -0 -0 0 1.87 10.41 81.64 39.19 -47.58 -17.84 -0 0 -62.83 27.81 -23.2 -11.74 -7.12 0 -0 -0.8 4.13 0.74 -0 -0 0 7.23 -11.22 80.76 -37.14 46.28 -16.34 0 -0 -16.57 -12.03 -40.1 7.82 7.12 -0 -0 33.01 -67.99 -19.02
4.22 15.93 2.01 -3.34 -4.38 23.64 0 0 0 -17.49 -16.46 -56.04 9.52 17.13 57.89 1.76 -1.97 -24.51 0.25 3.25 8.97 0 0 0 6.3 17.58 -75.62 -3.9 -12.03 35.83 -3.65 -11.62 34.6 -0 0.06 -0.16 2.31 -1.14 9.44 -0.71 -1.38 9 -1.95 -0.55 4.03 -1.91 -0.05 -18.29 -2.7 1.71 38.94 -0.56 -0.02 17.41 0 0 0 1.54 10.79 81.44 39.28 -47.64 -17.9 -0 0 -62.39 28.26 -23.05 -11.89 -7.12 0 -0 -0.51 4.19 0.47 0 0 0 7.4 -10.92 80.84 -37.12 46.27 -16.33 0 -0 -16.53 -10.97 -40.25 7.14 7.12 -0 -0 34.37 -67.78 -19.72
4.21 15.92 2 -3.34 -4.52 23.64 0 0 0 -17.44 -16.39 -56.26 9.59 17.17 58.09 1.76 -2.05 -24.52 0.26 3.29 9.1 0 0 0 6.09 17.84 -75.65 -3.9 -12.02 35.8 -3.69 -11.56 34.81 -0 0.11 -0.31 2.15 -1.13 9.72 -0.7 -1.36 8.95 -1.85 -0.55 3.82 -2.14 -0.08 -18.51 -2.42 1.65 39.23 -0.41 -0.04 17.62 0 0 0 1.22 10.72 81.36 39.1 -47.53 -17.77 -0 0 -62.21 29.69 -23.1 -12.61 -7.12 0 -0 0.37 3.83 -0.34 0 0 0 7.4 -10.93 81 -37.43 46.47 -16.55 0 -0 -16.63 -11.52 -40.52 7.54 7.12 -0 -0 34.22 -68.16 -19.91
4.22 15.91 2 -3.38 -4.49 23.84 0 0 0 -17.32 -16.49 -56.56 9.6 17.18 58.15 1.75 -2.04 -24.45 0.26 3.25 8.99 0 0 0 5.88 17.91 -75.96 -3.92 -12.05 35.91 -3.65 -12.49 34.63 -0 -0.36 0.99 2.13 -1.17 9.68 -0.66 -1.41 8.87 -1.79 -0.59 3.76 -2.17 -0.04 -18.48 -2.46 1.73 39.2 -0.41 -0.02 17.6 -0 0 0 1.08 10.73 81.48 39.16 -47.56 -17.82 -0 0 -62.51 29.31 -23.82 -12.77 -7.12 0 -0 0.03 3.13 -0.03 -0 0 0 7.75 -10.88 80.67 -37.42 46.47 -16.55 0 -0 -16.45 -10.01 -40.54 6.55 7.12 -0 -0 35.85 -67.72 -20.6
4.22 15.92 1.99 -3.33 -4.28 23.79 0 0 0 -17.35 -16.67 -56.41 9.56 17.15 58 1.72 -2.06 -24.25 0.29 3.46 9.57 0 0 0 5.71 17.77 -75.95 -3.95 -12.1 36.07 -3.56 -13.37 34.2 -0.02 -0.9 2.49 2.19 -1.25 9.76 -0.61 -1.52 8.88 -1.76 -0.64 3.72 -2.36 -0.06 -18.38 -2.32 1.71 39.1 -0.31 -0.03 17.51 0 -0 0 1.09 10.56 81.69 39.39 -47.71 -17.99 -0 0 -62.77 29.26 -23.68 -12.69 -7.12 0 -0 0.02 3.29 -0.02 0 -0 0 7.95 -10.94 80.54 -37.25 46.36 -16.42 0 -0 -15.93 -9.57 -40.08 6.2 7.12 -0 -0 35.57 -67.22 -20.04
4.22 15.93 1.99 -3.22 -4.32 23.76 0 0 0 -17.57 -16.56 -56.27 9.5 17.12 57.8 1.72 -1.88 -24.31 0.25 3.2 8.84 0 0 0 5.38 17.93 -75.8 -3.92 -12.06 35.93 -3.55 -13.65 34.18 -0.03 -1.11 3.04 1.99 -1.23 9.69 -0.6 -1.5 8.95 -1.64 -0.64 3.84 -2.4 -0.05 -18.43 -2.31 1.73 38.95 -0.29 -0.03 17.44 0 -0 0 1.03 10.43 81.9 39.51 -47.78 -18.08 -0 0 -62.99 30.06 -24.03 -13.27 -7.12 0 -0 0.45 2.72 -0.43 0 -0 0 8 -10.91 80.56 -37.37 46.43 -16.51 0 -0 -16.19 -11.06 -40.27 7.2 7.12 -0 -0 34.3 -67.82 -19.71
4.22 15.93 1.98 -3.25 -4.25 23.74 0 0 0 -17.52 -16.52 -56.31 9.49 17.11 57.76 1.72 -2.05 -24.24 0.24 3.18 8.78 0 0 0 5.4 17.99 -75.62 -3.86 -11.98 35.64 -3.6 -12.97 34.36 -0.01 -0.5 1.39 1.99 -1.25 9.74 -0.56 -1.53 9.01 -1.61 -0.65 3.88 -2.54 0.01 -17.86 -2.11 1.74 38.01 -0.16 0 16.78 -0 0 0 0.75 10.36 81.64 39.3 -47.65 -17.92 -0 0 -62.76 29.15 -24.15 -12.86 -7.12 0 -0 -0.12 2.8 0.12 -0 0 0 7.98 -10.75 80.76 -37.45 46.49 -16.57 0 -0 -15.99 -11.47 -40.39 7.49 7.12 -0 -0 34.05 -68.04 -19.72
4.22 15.93 1.98 -3.29 -4.13 23.78 0 0 0 -17.44 -16.53 -56.38 9.5 17.12 57.8 1.71 -2.21 -24.09 0.27 3.33 9.21 0 0 0 5.49 17.95 -75.57 -3.83 -11.94 35.51 -3.64 -12.11 34.58 -0 -0.04 0.11 2.1 -1.26 9.55 -0.52 -1.54 9.11 -1.63 -0.65 4.08 -2.41 0.06 -18.19 -2.26 1.85 38.14 -0.23 0.04 16.93 -0 -0 0 0.41 10.33 80.88 39.1 -47.53 -17.78 -0 0 -62.45 29.66 -24.14 -13.11 -7.12 0 -0 0.19 2.7 -0.19 -0 -0 0 8.28 -10.77 80.56 -37.32 46.4 -16.47 0 -0 -16.01 -13.09 -40.32 8.56 7.12 -0 -0 32.2 -68.5 -18.88
4.22 15.93 1.98 -2.86 -4.14 23.71 0 0 0 -17.93 -16.71 -56.18 9.45 17.09 57.62 1.71 -2.27 -24.13 0.25 3.2 8.83 0 0 0 5.08 17.68 -75.76 -3.9 -12.02 35.81 -3.63 -12.54 34.52 -0 -0.26 0.71 1.73 -1.31 9.77 -0.64 -1.62 9.06 -1.53 -0.71 3.91 -2.54 0.05 -18.42 -2.01 1.8 38.43 -0.11 0.03 17.14 0 0 0 0.36 10.32 80.92 39.08 -47.52 -17.76 -0 0 -62.6 29.2 -23.71 -12.66 -7.12 0 -0 -0.02 3.28 0.02 0 0 0 8.59 -10.79 80.25 -37.28 46.37 -16.44 0 -0 -16.01 -12.27 -40.38 8.02 7.12 -0 -0 33.18 -68.28 -19.34
4.21 15.92 1.97 -2.84 -4.04 23.71 0 0 0 -17.9 -16.82 -56.19 9.46 17.1 57.67 1.71 -2.08 -24.16 0.24 3.18 8.77 0 0 0 4.98 17.66 -75.87 -3.93 -12.07 35.99 -3.6 -12.42 34.37 -0 -0.18 0.5 1.78 -1.31 9.67 -0.66 -1.63 9.22 -1.59 -0.7 4.14 -2.38 0.04 -19 -2.13 1.82 38.77 -0.19 0.03 17.48 -0 0 0 0.6 10.03 80.91 39.2 -47.59 -17.84 -0 0 -62.94 28.81 -23.46 -12.35 -7.12 0 -0 -0.23 3.63 0.21 -0 0 0 8.74 -10.68 80.16 -37.24 46.35 -16.41 0 -0 -16.05 -12.04 -40.01 7.81 7.12 -0 -0 32.85 -67.92 -18.87
4.21 15.93 1.97 -3.07 -4.18 23.74 0 0 0 -17.67 -16.64 -56.3 9.47 17.1 57.69 1.7 -1.95 -24.14 0.24 3.17 8.75 0 0 0 5.19 17.9 -75.67 -3.87 -11.99 35.69 -3.57 -13.17 34.26 -0.01 -0.67 1.85 1.96 -1.21 9.81 -0.64 -1.49 9.12 -1.67 -0.63 3.96 -2.28 -0.03 -18.85 -2.33 1.75 38.65 -0.32 -0 17.38 0 0 0 0.32 10.19 80.42 39.08 -47.51 -17.75 -0 0 -62.09 29.47 -23.64 -12.77 -7.12 0 -0 0.15 3.29 -0.15 0 0 0 8.55 -10.75 80.47 -37.45 46.48 -16.57 0 -0 -16.4 -12.07 -40.15 7.85 7.12 -0 -0 33.04 -68.04 -19.08
4.21 15.93 1.96 -3.15 -4.15 23.76 0 0 0 -17.52 -16.69 -56.43 9.49 17.11 57.77 1.73 -2.11 -24.27 0.28 3.4 9.4 0 0 0 5.28 17.93 -75.66 -3.86 -11.97 35.63 -3.55 -12.97 34.16 -0 -0.14 0.38 2.1 -1.16 9.9 -0.62 -1.41 9.08 -1.73 -0.58 3.86 -2.39 -0.14 -18.71 -2.27 1.59 38.48 -0.3 -0.07 17.25 -0 0 0 0.68 9.85 80.99 39.58 -47.82 -18.13 -0 0 -62.98 29.5 -24.21 -13.06 -7.12 0 -0 0.08 2.66 -0.08 -0 0 0 8.59 -11.04 80.18 -37.62 46.6 -16.69 0 -0 -16.29 -13.02 -40.14 8.48 7.12 -0 -0 32 -68.33 -18.63
4.2 15.93 1.96 -3.07 -4.04 23.8 0 0 0 -17.52 -16.89 -56.35 9.48 17.1 57.72 1.72 -1.9 -24.24 0.26 3.26 9 0 0 0 5.29 17.8 -75.66 -3.85 -11.96 35.58 -3.54 -13.37 34.08 -0 -0.29 0.79 2.12 -1.14 9.92 -0.64 -1.38 8.95 -1.77 -0.57 3.72 -2.24 -0.16 -18.73 -2.27 1.5 38.64 -0.34 -0.08 17.35 -0 -0 0 1.01 9.56 81.63 39.9 -48.01 -18.36 -0 0 -63.2 31.67 -24.49 -14.34 -7.12 0 -0 1.35 1.83 -1.31 -0 -0 0 8.66 -11.19 80.43 -37.54 46.54 -16.63 0 -0 -16.28 -11.17 -40.77 7.35 7.12 -0 -0 34.99 -68.25 -20.47
4.21 15.95 1.97 -3.29 -3.93 23.85 0 0 0 -17.26 -17.03 -56.27 9.45 17.09 57.63 1.73 -1.72 -24.42 0.24 3.13 8.63 0 0 0 5.87 17.54 -75.46 -3.78 -11.87 35.26 -3.54 -13.08 34.11 -0 -0.18 0.48 2.57 -1.14 9.5 -0.65 -1.36 9.13 -2.03 -0.53 4.14 -2.1 -0.15 -19.01 -2.19 1.44 38.68 -0.34 -0.08 17.43 -0 0 0 1.05 9.38 81.49 39.82 -47.96 -18.3 -0 0 -63.02 29.93 -24.11 -13.24 -7.12 0 -0 0.36 2.67 -0.34 -0 0 0 8.8 -11.12 80.24 -37.34 46.41 -16.48 0 -0 -16.53 -12 -40.41 7.85 7.12 -0 -0 33.52 -68.23 -19.52
4.21 15.96 1.97 -3.18 -3.88 23.76 0 0 0 -17.36 -17.24 -55.9 9.38 17.05 57.41 1.73 -1.45 -24.45 0.26 3.26 9.01 0 0 0 5.82 17.42 -75.25 -3.75 -11.82 35.11 -3.55 -13.37 34.17 -0.01 -0.54 1.49 2.59 -1.12 9.44 -0.71 -1.33 9.28 -2.12 -0.5 4.32 -2.15 -0.26 -19.32 -1.94 1.21 38.82 -0.27 -0.15 17.59 -0 -0 0 0.99 9.21 81.34 39.67 -47.87 -18.19 -0 0 -62.95 29.1 -23.32 -12.42 -7.12 0 -0 -0.03 3.72 0.02 -0 -0 0 9.03 -11.21 79.77 -37.16 46.29 -16.35 0 -0 -16.17 -10.43 -40.48 6.82 7.12 -0 -0 35.29 -67.79 -20.31
4.2 15.96 1.97 -2.79 -3.94 23.72 0 0 0 -17.76 -17.36 -55.77 9.33 17.02 57.22 1.7 -1.35 -24.3 0.26 3.28 9.06 0 0 0 5.33 17.39 -75.35 -3.79 -11.87 35.27 -3.54 -13.35 34.09 -0.01 -0.47 1.29 2.19 -1.05 9.58 -0.76 -1.26 9.29 -1.95 -0.49 4.27 -2.3 -0.44 -19.8 -1.74 0.95 39.32 -0.21 -0.25 18 -0 0 0 0.76 9.06 80.98 39.61 -47.84 -18.15 -0 0 -63 29.43 -23.4 -12.63 -7.12 0 -0 0.16 3.56 -0.15 -0 0 0 8.95 -11.38 79.52 -37.16 46.29 -16.35 0 -0 -16.02 -12.03 -40.44 7.87 7.12 -0 -0 33.54 -68.26 -19.56
4.2 15.95 1.98 -2.92 -4 23.79 0 0 0 -17.62 -17.28 -55.87 9.35 17.03 57.29 1.71 -1.42 -24.33 0.27 3.32 9.16 0 0 0 5.56 17.44 -75.41 -3.78 -11.86 35.24 -3.54 -13.35 34.08 -0 -0.4 1.11 2.37 -0.98 9.57 -0.77 -1.16 9.24 -2.06 -0.43 4.23 -2.31 -0.48 -19.72 -1.56 0.82 39.24 -0.15 -0.28 17.92 0 0 0 0.85 8.9 81.24 39.55 -47.8 -18.1 -0 0 -62.48 29.84 -23.76 -13.01 -7.12 0 -0 0.36 3.07 -0.34 0 0 0 8.7 -11.22 80.17 -37.28 46.37 -16.44 0 -0 -16.64 -10.31 -40.51 6.74 7.12 -0 -0 35.47 -67.78 -20.41
4.2 15.95 1.98 -2.82 -3.97 23.71 0 0 0 -17.7 -17.35 -55.79 9.38 17.05 57.39 1.72 -1.49 -24.38 0.26 3.31 9.13 0 0 0 5.34 17.46 -75.43 -3.82 -11.92 35.44 -3.48 -13.52 33.81 -0.01 -0.48 1.31 2.31 -0.98 9.59 -0.81 -1.16 9.28 -2.07 -0.44 4.26 -2.15 -0.46 -19.59 -1.8 0.87 39.13 -0.28 -0.26 17.83 -0 0 0 0.75 8.86 81.25 39.41 -47.72 -18 -0 0 -62.49 29.51 -23.42 -12.68 -7.12 0 -0 0.21 3.52 -0.19 -0 0 0 8.64 -11.11 80.42 -37.3 46.39 -16.46 0 -0 -16.74 -10.33 -40.54 6.75 7.12 -0 -0 35.5 -67.81 -20.45
4.19 15.94 1.98 -2.38 -4.18 23.54 0 0 0 -18.27 -17.28 -55.53 9.36 17.03 57.31 1.72 -1.44 -24.41 0.24 3.16 8.71 0 0 0 4.67 17.55 -75.47 -3.88 -12 35.73 -3.45 -13.42 33.66 -0 -0.41 1.13 1.8 -0.91 9.85 -0.97 -1.08 9.21 -1.96 -0.42 4.05 -2.19 -0.48 -19.04 -1.74 0.81 38.7 -0.25 -0.28 17.44 0 0 0 0.81 8.9 81.44 39.57 -47.81 -18.12 -0 0 -62.56 29.82 -23.49 -12.87 -7.12 0 -0 0.39 3.37 -0.37 0 0 0 8.99 -11.25 79.98 -37.03 46.21 -16.26 0 -0 -16.13 -10.41 -40.61 6.82 7.12 -0 -0 35.53 -67.89 -20.53
4.18 15.94 1.99 -2.58 -4.15 23.63 0 0 0 -17.99 -17.27 -55.74 9.39 17.05 57.42 1.71 -1.49 -24.29 0.27 3.32 9.18 0 0 0 5.01 17.5 -75.54 -3.88 -11.99 35.71 -3.51 -12.87 33.91 -0 -0.16 0.45 2 -0.86 9.84 -0.92 -1.02 9.17 -2.02 -0.38 4.01 -2.05 -0.48 -19.19 -1.88 0.83 38.99 -0.34 -0.27 17.65 -0 -0 0 0.77 8.8 81.31 39.63 -47.85 -18.16 -0 0 -63.11 30.17 -24.18 -13.39 -7.12 0 -0 0.49 2.53 -0.47 -0 -0 0 9 -11.26 79.81 -37.17 46.3 -16.36 0 -0 -16.37 -10.76 -40.48 7.03 7.12 -0 -0 34.96 -67.9 -20.18
4.18 15.93 1.99 -2.42 -4.17 23.62 0 0 0 -18.14 -17.34 -55.75 9.4 17.06 57.46 1.72 -1.46 -24.36 0.25 3.24 8.95 0 0 0 4.71 17.51 -75.67 -3.91 -12.04 35.86 -3.5 -13.07 33.87 -0 -0.28 0.76 1.85 -0.84 9.88 -0.96 -1 9.17 -1.98 -0.38 3.99 -2.28 -0.49 -18.48 -1.61 0.74 38.25 -0.18 -0.29 17.05 -0 -0 0 0.7 8.71 81.08 39.55 -47.8 -18.1 -0 0 -62.68 29.74 -24.06 -13.11 -7.12 0 -0 0.25 2.76 -0.24 -0 -0 0 9.06 -11.14 79.84 -37.19 46.31 -16.37 0 -0 -16.28 -10.05 -40.56 6.58 7.12 -0 -0 35.82 -67.74 -20.6
4.17 15.93 1.99 -2.52 -4.23 23.66 0 0 0 -17.95 -17.36 -55.89 9.44 17.08 57.61 1.73 -1.33 -24.49 0.23 3.09 8.52 0 0 0 4.73 17.69 -75.7 -3.91 -12.04 35.88 -3.53 -12.46 34.02 -0 0.17 -0.46 1.77 -0.76 9.88 -0.89 -0.9 9.19 -1.87 -0.33 4.02 -2.45 -0.56 -18.48 -1.44 0.63 38.25 -0.09 -0.33 17.05 -0 0 0 0.65 8.48 81.05 39.49 -47.76 -18.06 -0 0 -62.74 29.01 -24.22 -12.82 -7.12 0 -0 -0.21 2.76 0.2 -0 0 0 9.01 -11.01 79.93 -37.2 46.32 -16.39 0 -0 -16.44 -8.67 -40.01 5.6 7.12 -0 -0 36.4 -66.9 -20.29
4.16 15.92 1.99 -2.33 -4.37 23.88 0 0 0 -18.06 -17.4 -56.21 9.45 17.09 57.64 1.71 -1.29 -24.39 0.24 3.16 8.72 0 0 0 4.06 18.04 -75.96 -3.92 -12.05 35.9 -3.56 -12.36 34.16 -0.01 0.46 -1.27 1.34 -0.7 9.97 -0.91 -0.85 9.08 -1.64 -0.33 3.86 -2.57 -0.58 -18.55 -1.28 0.58 38.31 -0.01 -0.35 17.1 -0 -0 0 0.66 8.34 81.33 39.55 -47.8 -18.11 -0 0 -62.5 29.36 -23.71 -12.75 -7.12 0 -0 0.08 3.23 -0.07 -0 -0 0 9.19 -11.03 79.92 -37.27 46.37 -16.44 0 -0 -16.61 -11.43 -40.44 7.47 7.12 -0 -0 34.18 -68.07 -19.82
4.18 15.94 2 -2.56 -4.03 24 0 0 0 -17.8 -17.57 -56.13 9.4 17.06 57.47 1.71 -1.25 -24.38 0.25 3.25 8.97 0 0 0 4.61 17.65 -75.84 -3.86 -11.98 35.65 -3.57 -12.14 34.21 -0.01 0.51 -1.4 1.91 -0.86 9.52 -0.91 -1.03 9.2 -1.96 -0.39 4.22 -2.32 -0.5 -18.61 -1.5 0.71 38.08 -0.13 -0.29 16.99 0 0 0 0.61 8.5 80.7 39.63 -47.85 -18.17 -0 0 -62.64 28.85 -24.02 -12.64 -7.12 0 -0 -0.28 3.01 0.27 0 0 0 9.31 -10.74 80.02 -37.3 46.39 -16.46 0 -0 -16.85 -13.19 -40.87 8.72 7.12 -0 -0 33 -68.97 -19.72
4.16 15.94 1.99 -2.9 -4.03 23.79 0 0 0 -17.51 -17.15 -56.05 9.43 17.08 57.57 1.73 -1.43 -24.45 0.23 3.11 8.58 0 0 0 4.83 18.05 -75.35 -3.81 -11.9 35.38 -3.52 -13.06 34.01 -0 0.13 -0.34 1.95 -0.8 9.89 -0.79 -0.94 9.28 -1.86 -0.35 4.11 -2.17 -0.48 -18.72 -1.77 0.8 38.15 -0.26 -0.27 17.06 -0 -0 0 0.54 8.44 80.59 39.58 -47.82 -18.12 -0 0 -62.48 30.19 -24.55 -13.59 -7.12 0 -0 0.45 2.13 -0.43 -0 -0 0 9.46 -10.69 79.53 -37.16 46.3 -16.36 0 -0 -16.15 -12.59 -40.67 8.28 7.12 -0 -0 33.3 -68.61 -19.66
4.16 15.94 1.99 -2.58 -3.95 23.89 0 0 0 -17.82 -17.35 -56.1 9.41 17.07 57.51 1.72 -1.52 -24.38 0.23 3.12 8.61 0 0 0 4.62 17.73 -75.55 -3.82 -11.92 35.46 -3.57 -12.04 34.2 -0.02 0.8 -2.2 1.74 -0.87 9.78 -0.88 -1.04 9.27 -1.83 -0.4 4.16 -2.23 -0.47 -18.78 -1.65 0.79 38.13 -0.2 -0.27 17.06 -0 0 0 0.78 8.16 80.91 39.73 -47.91 -18.24 -0 0 -63.08 30.23 -24.14 -13.41 -7.12 0 -0 0.54 2.56 -0.51 -0 0 0 9.49 -10.54 79.56 -37.26 46.36 -16.43 0 -0 -16.4 -11.22 -39.87 7.25 7.12 -0 -0 33.51 -67.56 -19.02
4.16 15.93 1.99 -2.87 -3.94 23.82 0 0 0 -17.49 -17.22 -56.11 9.44 17.08 57.6 1.73 -1.48 -24.43 0.23 3.09 8.53 0 0 0 4.81 18.01 -75.39 -3.81 -11.9 35.38 -3.55 -11.55 34.09 -0.03 1.1 -3.03 1.95 -0.84 10.08 -0.8 -0.98 9.15 -1.86 -0.37 3.86 -2.33 -0.51 -18.47 -1.64 0.74 38.06 -0.18 -0.3 16.95 -0 0 0 0.61 8.09 81.17 39.59 -47.83 -18.14 -0 0 -62.81 29.47 -23.98 -12.93 -7.12 0 -0 0.1 2.92 -0.09 -0 0 0 9.58 -10.66 79.47 -37.26 46.36 -16.43 0 -0 -16.14 -10.39 -39.75 6.69 7.12 -0 -0 34.2 -67.2 -19.18
4.16 15.92 1.99 -2.45 -4.16 23.87 0 0 0 -17.95 -17.33 -56.18 9.45 17.09 57.64 1.72 -1.28 -24.44 0.23 3.08 8.49 0 0 0 3.93 18.24 -75.58 -3.83 -11.93 35.48 -3.53 -12.79 34.02 -0.01 0.66 -1.8 1.4 -0.8 10.18 -0.91 -0.97 9.09 -1.66 -0.39 3.75 -2.46 -0.49 -18.7 -1.4 0.73 38.31 -0.06 -0.29 17.14 -0 -0 0 0.36 8.26 81.1 39.68 -47.88 -18.2 -0 0 -62.82 29.04 -23.8 -12.63 -7.12 0 -0 -0.13 3.21 0.12 -0 -0 0 9.33 -10.51 79.79 -37.46 46.49 -16.57 0 -0 -16.52 -11.03 -40.07 7.15 7.12 -0 -0 34.01 -67.65 -19.4
4.17 15.92 1.99 -2.72 -4.09 23.96 0 0 0 -17.62 -17.36 -56.27 9.47 17.1 57.69 1.74 -1.37 -24.53 0.23 3.08 8.5 0 0 0 4.34 18.21 -75.63 -3.81 -11.91 35.4 -3.48 -13.24 33.79 -0 0.08 -0.21 1.71 -0.8 10 -0.83 -0.95 9.16 -1.75 -0.37 3.92 -2.7 -0.52 -18.84 -1.15 0.69 38.4 0.09 -0.31 17.22 -0 0 0 0.27 8.09 81.23 39.69 -47.89 -18.21 -0 0 -63.3 28.97 -24.06 -12.72 -7.12 0 -0 -0.22 2.94 0.21 -0 0 0 9.31 -10.43 79.87 -37.27 46.36 -16.43 0 -0 -16.39 -11.15 -40.26 7.26 7.12 -0 -0 34.19 -67.84 -19.65
4.19 15.94 2 -2.52 -3.94 23.97 0 0 0 -17.96 -17.62 -55.99 9.4 17.06 57.45 1.72 -1.29 -24.44 0.24 3.16 8.74 0 0 0 4.75 17.46 -75.71 -3.81 -11.91 35.41 -3.49 -12.76 33.84 -0 -0.01 0.02 1.98 -0.93 9.42 -0.98 -1.11 9.37 -2.07 -0.42 4.45 -2.74 -0.5 -18.95 -0.94 0.64 38.23 0.18 -0.3 17.15 -0 0 0 0.38 8.18 81.53 39.98 -48.06 -18.43 -0 0 -63.17 30.2 -24.44 -13.54 -7.12 0 -0 0.47 2.24 -0.45 -0 0 0 9.69 -10.46 79.46 -37.07 46.23 -16.29 0 -0 -16.04 -10.69 -40.32 6.97 7.12 -0 -0 34.78 -67.75 -19.95
4.2 15.96 2 -2.9 -3.92 23.8 0 0 0 -17.6 -17.4 -55.81 9.37 17.04 57.36 1.72 -1.45 -24.38 0.25 3.19 8.81 0 0 0 5.21 17.61 -75.25 -3.77 -11.84 35.18 -3.51 -12.85 33.94 -0 0 -0.01 2.29 -0.91 9.65 -0.89 -1.06 9.43 -2.15 -0.38 4.38 -2.68 -0.5 -19 -1.03 0.66 38.3 0.13 -0.3 17.21 0 0 0 0.07 8.33 81.42 39.9 -48.01 -18.36 -0 0 -62.88 29.66 -24.09 -13.08 -7.12 0 -0 0.2 2.75 -0.19 0 0 0 10.09 -10.61 79.06 -36.9 46.12 -16.17 0 -0 -15.74 -11.53 -40.64 7.57 7.12 -0 -0 34.4 -68.26 -20.1
4.2 15.95 2.01 -2.8 -3.99 23.75 0 0 0 -17.78 -17.32 -55.75 9.38 17.04 57.39 1.71 -1.49 -24.33 0.24 3.17 8.74 0 0 0 5.08 17.59 -75.37 -3.82 -11.92 35.44 -3.52 -12.64 33.96 -0 0.07 -0.18 2.21 -0.93 9.8 -0.96 -1.1 9.39 -2.17 -0.4 4.27 -2.55 -0.49 -19.03 -1.08 0.67 38.51 0.09 -0.29 17.33 0 -0 0 -0.04 8.52 81.2 39.83 -47.97 -18.31 -0 0 -62.73 29.22 -24.23 -12.93 -7.12 0 -0 -0.09 2.7 0.09 0 -0 0 10.13 -10.56 79.33 -37.05 46.22 -16.28 0 -0 -16.1 -11.82 -40.56 7.75 7.12 -0 -0 33.96 -68.29 -19.84
4.2 15.94 2 -2.73 -4.21 23.72 0 0 0 -17.98 -16.96 -55.84 9.39 17.05 57.44 1.72 -1.71 -24.31 0.24 3.15 8.71 0 0 0 4.79 17.86 -75.48 -3.86 -11.98 35.66 -3.46 -13.21 33.68 -0 -0.22 0.6 1.84 -0.86 10 -0.93 -1.02 9.34 -1.94 -0.39 4.11 -2.84 -0.55 -18.83 -0.81 0.55 38.43 0.24 -0.34 17.23 0 0 0 -0.18 8.52 81.55 39.7 -47.89 -18.21 -0 0 -62.62 30.24 -24.99 -13.83 -7.12 0 -0 0.41 1.64 -0.4 0 0 0 10.54 -10.77 78.72 -36.84 46.08 -16.13 0 -0 -15.4 -10.34 -40.16 6.71 7.12 -0 -0 34.89 -67.51 -19.84
4.2 15.94 2.01 -2.55 -4.2 23.75 0 0 0 -18.19 -16.98 -55.86 9.37 17.04 57.37 1.71 -2 -24.17 0.3 3.55 9.8 0 0 0 4.65 17.73 -75.6 -3.89 -12.01 35.76 -3.45 -13.35 33.64 -0 -0.27 0.74 1.57 -0.87 9.85 -0.91 -1.05 9.35 -1.77 -0.42 4.2 -3.08 -0.61 -18.94 -0.54 0.45 38.63 0.38 -0.38 17.37 0 0 0 -0.53 8.56 81.4 39.5 -47.77 -18.07 -0 0 -62.42 30.67 -24.74 -13.94 -7.12 0 -0 0.7 1.8 -0.68 0 0 0 10.37 -10.67 79.08 -37.03 46.21 -16.26 0 -0 -16.05 -11.1 -40.46 7.26 7.12 -0 -0 34.55 -67.98 -19.99
4.2 15.95 2 -2.67 -4.01 23.64 0 0 0 -18.08 -16.86 -55.73 9.36 17.03 57.32 1.71 -2.13 -24.15 0.26 3.26 8.99 0 0 0 4.67 17.8 -75.4 -3.88 -12 35.73 -3.49 -13.08 33.85 -0 -0.06 0.17 1.63 -0.91 10 -0.82 -1.1 9.46 -1.7 -0.44 4.23 -2.71 -0.55 -19.22 -1.03 0.61 38.81 0.13 -0.33 17.55 0 0 0 -0.68 8.65 81.3 39.46 -47.74 -18.04 -0 0 -62.26 31.09 -25.07 -14.33 -7.12 0 -0 0.91 1.34 -0.88 0 0 0 10.33 -10.57 79.08 -37.1 46.25 -16.31 0 -0 -16.14 -10.75 -40.2 6.99 7.12 -0 -0 34.52 -67.67 -19.73
4.2 15.96 2 -2.83 -3.88 23.66 0 0 0 -17.92 -16.84 -55.79 9.36 17.03 57.32 1.71 -2.18 -24.15 0.26 3.29 9.1 0 0 0 4.9 17.74 -75.31 -3.85 -11.96 35.59 -3.51 -12.79 33.93 -0 0.04 -0.12 1.88 -0.94 9.99 -0.82 -1.12 9.5 -1.84 -0.43 4.28 -2.33 -0.45 -19.06 -1.47 0.79 38.54 -0.1 -0.26 17.35 0 -0 0 -0.8 8.54 81.03 39.22 -47.6 -17.86 -0 0 -61.9 30.3 -24.64 -13.69 -7.12 0 -0 0.5 2 -0.48 0 -0 0 10.6 -10.63 78.76 -37.07 46.23 -16.29 0 -0 -16.17 -11.57 -40.68 7.6 7.12 -0 -0 34.42 -68.31 -20.15
4.2 15.95 2 -2.66 -3.89 23.72 0 0 0 -18.06 -16.93 -55.84 9.35 17.03 57.3 1.7 -2.06 -24.08 0.26 3.29 9.1 0 0 0 4.6 17.76 -75.45 -3.86 -11.97 35.64 -3.48 -13.3 33.81 -0 -0.16 0.44 1.7 -0.92 9.97 -0.87 -1.11 9.5 -1.79 -0.44 4.3 -2.23 -0.44 -18.77 -1.62 0.81 38.11 -0.18 -0.25 17.05 -0 -0 0 -0.8 8.48 80.84 39.22 -47.6 -17.86 -0 0 -61.6 30.31 -24.3 -13.53 -7.12 0 -0 0.56 2.37 -0.53 -0 -0 0 10.91 -10.86 78.48 -37.05 46.22 -16.27 0 -0 -16.01 -11.87 -40.81 7.82 7.12 -0 -0 34.32 -68.5 -20.23
4.21 15.96 2 -2.59 -3.51 23.78 0 0 0 -18.05 -17.38 -55.72 9.31 17 57.14 1.69 -1.96 -24.02 0.28 3.42 9.46 0 0 0 4.79 17.22 -75.59 -3.87 -11.99 35.69 -3.51 -12.93 33.93 -0 0.08 -0.22 2.03 -1.03 9.8 -0.87 -1.24 9.53 -1.97 -0.48 4.41 -2.2 -0.47 -18.8 -1.71 0.79 38.27 -0.23 -0.27 17.15 -0 -0 0 -0.89 8.21 80.37 39.14 -47.55 -17.8 -0 0 -61.98 30.01 -24.81 -13.63 -7.12 0 -0 0.3 1.88 -0.29 -0 -0 0 10.61 -10.78 78.93 -37.24 46.35 -16.41 0 -0 -16.54 -12.96 -40.98 8.59 7.12 -0 -0 33.43 -68.98 -20.01
4.2 15.96 1.99 -2.76 -3.65 23.66 0 0 0 -17.92 -17.17 -55.61 9.3 17 57.13 1.69 -1.91 -24.05 0.27 3.36 9.27 0 0 0 4.88 17.54 -75.36 -3.84 -11.95 35.56 -3.49 -13.22 33.86 -0 -0.12 0.32 2.03 -0.89 10.01 -0.85 -1.05 9.55 -1.96 -0.39 4.33 -2.28 -0.54 -18.69 -1.47 0.62 38.25 -0.14 -0.32 17.1 -0 -0 0 -0.76 7.96 80.14 39.18 -47.58 -17.83 -0 0 -61.89 29.4 -23.92 -12.87 -7.12 0 -0 0.07 2.99 -0.06 -0 -0 0 10.81 -10.98 78.87 -37.02 46.2 -16.25 0 -0 -16.08 -12.75 -40.5 8.36 7.12 -0 -0 32.87 -68.53 -19.33
4.21 15.96 2 -2.66 -3.7 23.67 0 0 0 -18 -17.3 -55.58 9.29 16.99 57.09 1.69 -1.86 -24.1 0.27 3.34 9.24 0 0 0 4.82 17.46 -75.37 -3.86 -11.97 35.63 -3.48 -12.91 33.81 -0 0.12 -0.33 1.97 -0.84 9.93 -0.88 -0.99 9.57 -1.96 -0.36 4.39 -2.2 -0.58 -18.81 -1.52 0.55 38.35 -0.19 -0.34 17.19 0 -0 0 -0.5 7.71 80.42 39.39 -47.71 -17.99 -0 0 -62.22 28.93 -23.59 -12.47 -7.12 0 -0 -0.17 3.46 0.16 0 -0 0 10.88 -11.14 78.85 -37 46.19 -16.24 0 -0 -16.22 -13.48 -40.7 8.89 7.12 -0 -0 32.38 -68.92 -19.29
4.2 15.96 1.99 -2.83 -3.72 23.73 0 0 0 -17.77 -17.28 -55.69 9.31 17 57.14 1.7 -1.82 -24.12 0.27 3.34 9.24 0 0 0 5.08 17.51 -75.35 -3.83 -11.94 35.5 -3.48 -13.45 33.79 -0 -0.36 0.99 2.13 -0.74 9.83 -0.89 -0.85 9.73 -2.07 -0.28 4.63 -2.06 -0.72 -19.28 -1.5 0.31 38.46 -0.26 -0.41 17.37 0 0 0 -0.16 7.29 80.52 39.57 -47.81 -18.12 -0 0 -62.64 28.11 -22.72 -11.66 -7.12 0 -0 -0.55 4.59 0.51 0 0 0 11.43 -11.34 77.9 -36.76 46.03 -16.07 0 -0 -15.62 -12.38 -40.13 8.05 7.12 -0 -0 32.67 -68.12 -18.91
4.2 15.96 2 -2.71 -3.84 23.74 0 0 0 -17.88 -17.34 -55.71 9.32 17.01 57.2 1.7 -1.68 -24.21 0.24 3.17 8.74 0 0 0 4.92 17.57 -75.41 -3.84 -11.95 35.56 -3.47 -13.27 33.75 -0 -0.18 0.48 1.95 -0.66 9.95 -0.93 -0.75 9.72 -2.01 -0.24 4.56 -1.9 -0.8 -20.02 -1.73 0.26 39.34 -0.42 -0.45 18.06 -0 0 0 -0.11 7.11 80.39 39.44 -47.74 -18.03 -0 0 -62.51 28.49 -22.83 -11.89 -7.12 0 -0 -0.33 4.39 0.3 -0 0 0 11.75 -11.44 77.72 -36.58 45.91 -15.94 0 -0 -15.32 -11.36 -40.23 7.39 7.12 -0 -0 33.92 -67.88 -19.52
4.2 15.95 2 -2.81 -3.84 23.78 0 0 0 -17.72 -17.41 -55.78 9.35 17.03 57.28 1.69 -1.51 -24.15 0.26 3.28 9.07 0 0 0 4.98 17.62 -75.44 -3.85 -11.96 35.59 -3.48 -13.33 33.79 -0 -0.31 0.85 2.01 -0.65 10.07 -0.88 -0.74 9.62 -2 -0.23 4.38 -1.74 -0.77 -19.91 -1.99 0.35 39.31 -0.55 -0.43 18.02 0 0 0 -0.34 7.17 80.45 39.18 -47.58 -17.83 -0 0 -62.12 29.24 -23.55 -12.61 -7.12 0 -0 0.03 3.44 -0.02 0 0 0 11.79 -11.37 77.87 -36.58 45.91 -15.94 0 -0 -15.44 -11.39 -39.99 7.38 7.12 -0 -0 33.51 -67.71 -19.13
4.21 15.95 2 -2.6 -3.76 23.89 0 0 0 -17.91 -17.7 -55.77 9.32 17.01 57.19 1.69 -1.58 -24.13 0.29 3.45 9.53 0 0 0 4.84 17.32 -75.66 -3.86 -11.97 35.62 -3.45 -13.36 33.66 -0 -0.38 1.05 2.04 -0.7 9.77 -0.94 -0.81 9.64 -2.07 -0.26 4.56 -1.92 -0.8 -19.61 -1.82 0.29 39.11 -0.45 -0.46 17.82 0 0 0 -0.3 7.04 80.43 39.38 -47.7 -17.98 -0 0 -62.43 27.86 -22.67 -11.51 -7.12 0 -0 -0.7 4.69 0.64 0 0 0 11.89 -11.41 77.87 -36.63 45.94 -15.97 0 -0 -15.39 -10.5 -39.73 6.76 7.12 -0 -0 34.06 -67.23 -19.11
4.2 15.95 2 -2.66 -4.05 23.85 0 0 0 -17.85 -17.4 -55.91 9.36 17.03 57.31 1.7 -1.6 -24.23 0.26 3.26 9.01 0 0 0 4.67 17.8 -75.6 -3.86 -11.97 35.62 -3.49 -13.36 33.87 -0 -0.26 0.72 1.74 -0.58 10.1 -0.91 -0.66 9.61 -1.88 -0.21 4.36 -1.85 -0.76 -19.72 -1.88 0.34 39.07 -0.47 -0.43 17.83 0 0 0 -0.28 6.95 80.73 39.43 -47.73 -18.01 -0 0 -62.56 27.83 -22.83 -11.57 -7.12 0 -0 -0.74 4.53 0.68 0 0 0 11.81 -11.31 78.01 -36.97 46.17 -16.22 0 -0 -15.62 -12.41 -40.44 8.12 7.12 -0 -0 33.12 -68.37 -19.37
4.2 15.95 2 -2.68 -3.93 23.88 0 0 0 -17.85 -17.44 -55.9 9.35 17.03 57.3 1.71 -1.62 -24.28 0.26 3.26 9 0 0 0 4.81 17.6 -75.67 -3.87 -11.99 35.7 -3.44 -13.36 33.62 -0 -0.31 0.84 1.91 -0.62 10.05 -0.9 -0.7 9.61 -1.96 -0.22 4.39 -1.93 -0.76 -19.73 -1.81 0.35 38.99 -0.42 -0.43 17.79 0 -0 0 -0.3 7.03 80.81 39.72 -47.9 -18.23 -0 0 -62.52 27.67 -23.14 -11.64 -7.12 0 -0 -0.88 4.22 0.82 0 -0 0 11.95 -11.25 78.2 -36.96 46.16 -16.21 0 -0 -15.88 -11.18 -39.85 7.21 7.12 -0 -0 33.52 -67.52 -18.99
4.2 15.94 2 -2.72 -3.9 23.92 0 0 0 -17.79 -17.42 -55.96 9.36 17.03 57.32 1.71 -1.66 -24.29 0.25 3.23 8.91 0 0 0 4.81 17.61 -75.68 -3.87 -11.98 35.68 -3.45 -13.02 33.66 -0 -0.08 0.22 1.95 -0.62 10.07 -0.86 -0.7 9.58 -1.95 -0.22 4.35 -2.16 -0.77 -19.18 -1.51 0.28 38.3 -0.25 -0.44 17.26 0 -0 0 -0.64 7.11 80.52 39.47 -47.75 -18.04 -0 0 -62.18 27.7 -23.47 -11.81 -7.12 0 -0 -0.91 3.86 0.84 0 -0 0 12.29 -11.23 77.94 -36.73 46.01 -16.05 0 -0 -15.72 -11.13 -40.06 7.22 7.12 -0 -0 33.9 -67.68 -19.35
4.19 15.94 2 -2.6 -4.11 23.91 0 0 0 -17.94 -17.25 -55.99 9.36 17.03 57.32 1.72 -1.85 -24.26 0.29 3.48 9.61 0 0 0 4.51 17.9 -75.58 -3.85 -11.96 35.59 -3.47 -12.99 33.75 -0 -0.13 0.35 1.58 -0.59 10.15 -0.86 -0.67 9.58 -1.74 -0.23 4.3 -2.01 -0.7 -19.55 -1.89 0.5 38.75 -0.41 -0.39 17.61 -0 -0 0 -0.66 7.29 80.79 39.45 -47.74 -18.03 -0 0 -61.87 27.07 -23.22 -11.39 -7.12 0 -0 -1.26 4.26 1.17 -0 -0 0 12.43 -11.16 77.84 -36.67 45.97 -16 0 -0 -15.11 -10.4 -40.23 6.76 7.12 -0 -0 34.94 -67.59 -19.93
4.19 15.94 2 -2.59 -4.03 23.87 0 0 0 -17.95 -17.31 -55.94 9.37 17.04 57.35 1.71 -1.87 -24.22 0.3 3.49 9.66 0 0 0 4.56 17.81 -75.53 -3.86 -11.97 35.61 -3.48 -12.53 33.75 -0 0.17 -0.46 1.65 -0.62 10.17 -0.87 -0.71 9.59 -1.79 -0.24 4.3 -1.98 -0.69 -19.53 -1.92 0.51 38.8 -0.43 -0.39 17.63 -0 0 0 -0.78 7.38 80.58 39.38 -47.7 -17.98 -0 0 -61.89 27.22 -22.88 -11.31 -7.12 0 -0 -1.13 4.6 1.03 -0 0 0 12.32 -11.16 78.04 -36.93 46.14 -16.19 0 -0 -15.5 -10.89 -40.38 7.11 7.12 -0 -0 34.65 -67.86 -19.95
4.19 15.94 2 -2.57 -4.08 23.94 0 0 0 -17.96 -17.32 -56.03 9.37 17.04 57.36 1.7 -1.6 -24.24 0.25 3.24 8.94 0 0 0 4.48 17.88 -75.57 -3.85 -11.95 35.56 -3.48 -12.55 33.8 -0 0.28 -0.76 1.63 -0.54 10.09 -0.9 -0.61 9.59 -1.82 -0.19 4.34 -1.85 -0.71 -19.46 -1.98 0.46 38.83 -0.49 -0.4 17.63 0 -0 0 -0.69 7.22 80.8 39.4 -47.71 -17.99 -0 0 -62.11 28.54 -23.98 -12.46 -7.12 0 -0 -0.47 3.13 0.44 0 -0 0 12.57 -11.36 77.71 -36.78 46.04 -16.08 0 -0 -15.37 -10.3 -40.39 6.71 7.12 -0 -0 35.31 -67.69 -20.23
4.2 15.95 2 -2.39 -3.84 23.87 0 0 0 -18.16 -17.64 -55.75 9.31 17 57.16 1.69 -1.52 -24.16 0.26 3.28 9.07 0 0 0 4.53 17.42 -75.55 -3.86 -11.98 35.65 -3.45 -12.42 33.61 -0 -0.02 0.05 1.74 -0.68 10.02 -0.95 -0.79 9.6 -1.91 -0.27 4.39 -2.04 -0.69 -19.06 -1.78 0.47 38.54 -0.36 -0.39 17.36 0 0 0 -0.84 7.4 80.72 39.38 -47.7 -17.98 -0 0 -61.86 29.34 -24.5 -13.12 -7.12 0 -0 -0.06 2.38 0.06 0 0 0 12.55 -11.35 77.77 -36.75 46.02 -16.06 0 -0 -15.31 -9.81 -40.42 6.39 7.12 -0 -0 35.85 -67.55 -20.47
4.2 15.95 2 -2.52 -3.99 23.89 0 0 0 -18 -17.51 -55.81 9.3 16.99 57.11 1.69 -1.52 -24.18 0.24 3.17 8.75 0 0 0 4.75 17.61 -75.44 -3.83 -11.93 35.48 -3.47 -12.19 33.74 -0 0.41 -1.12 1.66 -0.58 10.08 -0.91 -0.66 9.63 -1.84 -0.21 4.39 -2 -0.7 -19.23 -1.81 0.44 38.63 -0.38 -0.4 17.45 0 -0 0 -0.93 7.38 80.64 39.33 -47.67 -17.94 -0 0 -61.93 28.6 -24.22 -12.61 -7.12 0 -0 -0.46 2.85 0.44 0 -0 0 12.38 -11.29 77.85 -36.85 46.09 -16.13 0 -0 -15.55 -9.93 -40.52 6.49 7.12 -0 -0 35.89 -67.67 -20.59
4.2 15.96 2 -2.57 -3.83 23.86 0 0 0 -17.95 -17.61 -55.7 9.29 16.99 57.08 1.7 -1.56 -24.19 0.27 3.34 9.23 0 0 0 5.02 17.34 -75.42 -3.83 -11.93 35.49 -3.48 -12.35 33.78 -0 0.23 -0.63 1.84 -0.63 10.06 -0.86 -0.72 9.62 -1.89 -0.23 4.39 -2.03 -0.69 -19.13 -1.79 0.46 38.7 -0.37 -0.39 17.47 0 -0 0 -1.16 7.4 80.43 39.18 -47.57 -17.83 -0 0 -61.41 27.52 -23.75 -11.85 -7.12 0 -0 -1.06 3.6 0.99 0 -0 0 12.49 -11.38 77.7 -36.6 45.92 -15.95 0 -0 -15.33 -9.77 -40.07 6.33 7.12 -0 -0 35.35 -67.28 -19.94
4.2 15.95 2 -2.68 -3.91 23.89 0 0 0 -17.82 -17.47 -55.87 9.32 17.01 57.2 1.71 -1.56 -24.27 0.26 3.28 9.05 0 0 0 4.89 17.62 -75.46 -3.83 -11.93 35.5 -3.46 -12.25 33.65 -0 0.3 -0.83 1.89 -0.45 10.17 -0.89 -0.48 9.6 -1.96 -0.11 4.32 -1.73 -0.79 -19.23 -1.94 0.27 38.75 -0.53 -0.44 17.52 -0 0 0 -1.03 7 80.43 39.18 -47.58 -17.83 -0 0 -61.72 27.96 -24.12 -12.24 -7.12 0 -0 -0.84 3.1 0.8 -0 0 0 12.71 -11.77 77.69 -36.63 45.94 -15.97 0 -0 -15.25 -9.71 -40.12 6.29 7.12 -0 -0 35.49 -67.29 -20.04
4.2 15.95 2 -2.46 -3.96 23.9 0 0 0 -18.11 -17.51 -55.79 9.3 17 57.11 1.7 -1.44 -24.23 0.24 3.13 8.65 0 0 0 4.54 17.6 -75.56 -3.87 -11.98 35.67 -3.45 -12.34 33.62 -0 0.24 -0.67 1.69 -0.46 10.03 -0.94 -0.51 9.63 -1.9 -0.13 4.43 -1.59 -0.75 -19.31 -2.22 0.39 38.81 -0.66 -0.42 17.57 -0 0 0 -1.21 7.05 80.42 39 -47.47 -17.7 -0 0 -61.38 29.07 -24.79 -13.12 -7.12 0 -0 -0.27 2.13 0.26 -0 0 0 13.11 -11.95 77.27 -36.44 45.81 -15.84 0 -0 -14.91 -10.94 -40.22 7.11 7.12 -0 -0 34.35 -67.74 -19.68
4.2 15.96 2 -2.82 -3.75 23.8 0 0 0 -17.66 -17.52 -55.77 9.34 17.02 57.27 1.7 -1.53 -24.21 0.25 3.2 8.85 0 0 0 5.02 17.66 -75.26 -3.84 -11.94 35.52 -3.44 -12.26 33.55 -0 0.29 -0.79 2.09 -0.47 10.19 -0.84 -0.49 9.62 -2.02 -0.11 4.34 -1.62 -0.79 -19.38 -2.17 0.34 39.02 -0.65 -0.44 17.71 0 -0 0 -1.22 6.9 80.5 39.01 -47.47 -17.7 -0 0 -61.72 28.6 -24.26 -12.63 -7.12 0 -0 -0.47 2.81 0.45 0 -0 0 13.13 -11.92 77.22 -36.48 45.84 -15.86 0 -0 -15.04 -11.33 -39.84 7.32 7.12 -0 -0 33.35 -67.57 -18.92
4.2 15.95 2 -2.9 -3.69 23.84 0 0 0 -17.57 -17.49 -55.85 9.37 17.04 57.34 1.7 -1.51 -24.26 0.23 3.11 8.57 0 0 0 5.14 17.66 -75.29 -3.84 -11.94 35.53 -3.48 -11.78 33.75 -0.01 0.77 -2.12 2.16 -0.52 10.06 -0.81 -0.55 9.67 -2.02 -0.13 4.45 -1.64 -0.76 -19.27 -2.16 0.37 38.78 -0.63 -0.42 17.55 0 -0 0 -1.37 6.95 80.43 39.01 -47.47 -17.7 -0 0 -61.8 29.04 -24.29 -12.86 -7.12 0 -0 -0.21 2.68 0.2 0 -0 0 13.2 -11.67 76.98 -36.34 45.74 -15.76 0 -0 -14.63 -12.12 -40.13 7.88 7.12 -0 -0 32.94 -68.04 -19.01
4.2 15.95 2 -2.83 -3.76 23.83 0 0 0 -17.63 -17.53 -55.81 9.35 17.03 57.31 1.71 -1.61 -24.3 0.26 3.27 9.03 0 0 0 5.08 17.68 -75.32 -3.85 -11.95 35.57 -3.37 -13.18 33.22 -0 -0.01 0.03 2.07 -0.45 9.96 -0.88 -0.47 9.72 -2.05 -0.09 4.57 -1.71 -0.83 -19.23 -1.84 0.16 38.71 -0.5 -0.47 17.5 -0 -0 0 -1.51 6.81 80.06 38.81 -47.35 -17.56 -0 0 -61.17 29.04 -24.55 -12.99 -7.12 0 -0 -0.25 2.4 0.23 -0 -0 0 13.03 -11.68 77.66 -36.64 45.95 -15.98 0 -0 -15.32 -13.65 -40.47 8.96 7.12 -0 -0 31.84 -68.79 -18.85
4.2 15.95 2 -2.71 -3.74 23.83 0 0 0 -17.74 -17.64 -55.82 9.36 17.03 57.31 1.7 -1.51 -24.2 0.27 3.37 9.31 0 0 0 5.08 17.5 -75.42 -3.87 -11.98 35.66 -3.38 -13.17 33.28 -0 -0.36 0.98 2.07 -0.39 9.9 -1 -0.39 9.81 -2.18 -0.05 4.7 -1.46 -0.93 -19.4 -1.84 -0.09 38.69 -0.6 -0.53 17.52 -0 0 0 -1.2 6.42 80.12 38.94 -47.43 -17.65 -0 0 -61.54 30.13 -24.69 -13.62 -7.12 0 -0 0.39 1.99 -0.37 -0 0 0 13.17 -11.88 77.59 -36.78 46.04 -16.08 0 -0 -15.15 -12.9 -40.72 8.5 7.12 -0 -0 33.07 -68.76 -19.61
4.2 15.95 2 -2.62 -3.89 23.88 0 0 0 -17.86 -17.58 -55.9 9.35 17.03 57.3 1.69 -1.52 -24.17 0.26 3.29 9.1 0 0 0 4.93 17.56 -75.54 -3.87 -11.98 35.66 -3.46 -12.55 33.66 -0 0.21 -0.58 1.79 -0.48 9.89 -0.99 -0.53 9.76 -2.01 -0.13 4.64 -1.38 -0.74 -19.19 -2.23 0.33 38.52 -0.71 -0.41 17.38 -0 0 0 -1.41 7.01 80.16 39.01 -47.47 -17.71 -0 0 -61.39 30.03 -24.64 -13.55 -7.12 0 -0 0.33 2.06 -0.32 -0 0 0 13.22 -11.47 77.56 -36.62 45.94 -15.97 0 -0 -15.07 -12.2 -40.77 8.04 7.12 -0 -0 33.89 -68.57 -20.01
4.2 15.95 2 -2.52 -3.98 23.89 0 0 0 -18.01 -17.49 -55.91 9.33 17.02 57.23 1.71 -1.51 -24.28 0.26 3.26 8.99 0 0 0 4.56 17.73 -75.61 -3.88 -12 35.72 -3.43 -12.91 33.54 -0 0.03 -0.08 1.56 -0.48 9.95 -0.99 -0.53 9.73 -1.88 -0.15 4.58 -1.6 -0.78 -19.27 -2.1 0.3 38.7 -0.62 -0.44 17.5 0 -0 0 -1.7 7.34 79.78 38.91 -47.41 -17.63 -0 0 -61.06 29.89 -24.4 -13.36 -7.12 0 -0 0.29 2.36 -0.28 0 -0 0 12.77 -11.34 77.9 -36.95 46.15 -16.2 0 -0 -15.34 -12.05 -40.73 7.93 7.12 -0 -0 33.99 -68.5 -20.02
4.2 15.94 2 -2.49 -3.95 23.88 0 0 0 -18.05 -17.44 -55.9 9.33 17.02 57.23 1.71 -1.74 -24.22 0.26 3.31 9.13 0 0 0 4.52 17.7 -75.65 -3.9 -12.03 35.82 -3.44 -12.65 33.58 -0 0.25 -0.69 1.55 -0.47 9.96 -1 -0.52 9.67 -1.88 -0.14 4.5 -1.65 -0.82 -18.98 -2.05 0.22 38.48 -0.6 -0.46 17.31 0 -0 0 -1.8 7.32 79.79 38.75 -47.31 -17.51 -0 0 -60.86 30.87 -24.99 -14.18 -7.12 0 -0 0.78 1.47 -0.76 0 -0 0 12.98 -11.6 77.93 -36.75 46.02 -16.06 0 -0 -15.23 -11.83 -40.44 7.74 7.12 -0 -0 33.75 -68.2 -19.64
4.21 15.95 2.01 -2.34 -3.81 23.78 0 0 0 -18.28 -17.52 -55.65 9.29 16.99 57.07 1.7 -1.83 -24.13 0.27 3.31 9.15 0 0 0 4.42 17.49 -75.57 -3.92 -12.05 35.92 -3.42 -12.55 33.48 -0 0.16 -0.45 1.53 -0.59 9.94 -1.01 -0.68 9.73 -1.87 -0.22 4.58 -1.76 -0.74 -19.03 -1.98 0.35 38.51 -0.52 -0.42 17.34 0 -0 0 -2.11 7.53 79.54 38.55 -47.19 -17.37 -0 0 -60.55 30.43 -24.92 -13.9 -7.12 0 -0 0.53 1.67 -0.51 0 -0 0 12.71 -11.35 78.21 -36.84 46.09 -16.13 0 -0 -15.81 -12.22 -40.37 7.99 7.12 -0 -0 33.22 -68.26 -19.35
4.2 15.95 2 -2.6 -3.84 23.79 0 0 0 -18.02 -17.31 -55.77 9.31 17 57.15 1.68 -1.84 -24.03 0.28 3.42 9.46 0 0 0 4.67 17.69 -75.44 -3.9 -12.03 35.82 -3.45 -12.35 33.62 -0.01 0.46 -1.27 1.68 -0.54 10.11 -0.95 -0.61 9.67 -1.9 -0.18 4.42 -1.69 -0.71 -18.76 -2.08 0.4 38.21 -0.56 -0.4 17.1 0 0 0 -2.03 7.4 79.78 38.56 -47.19 -17.38 -0 0 -60.81 30.12 -24.62 -13.59 -7.12 0 -0 0.39 2.06 -0.38 0 0 0 12.67 -11.48 78.31 -36.94 46.15 -16.2 0 -0 -15.76 -11.66 -40.13 7.58 7.12 -0 -0 33.44 -67.9 -19.22
4.2 15.95 2 -2.59 -3.71 23.76 0 0 0 -17.96 -17.42 -55.72 9.31 17 57.15 1.69 -1.92 -24.07 0.28 3.39 9.37 0 0 0 4.56 17.69 -75.43 -3.91 -12.04 35.88 -3.36 -13.45 33.19 -0 -0.02 0.06 1.75 -0.43 10.46 -1 -0.45 9.55 -2 -0.1 4.11 -1.24 -0.83 -18.8 -2.31 0.15 38.34 -0.8 -0.47 17.18 -0 -0 0 -1.85 6.89 79.65 38.34 -47.06 -17.21 -0 0 -60.61 29.23 -24.03 -12.83 -7.12 0 -0 -0.05 2.92 0.05 -0 -0 0 12.81 -11.87 78.51 -36.99 46.18 -16.23 0 -0 -15.59 -11.42 -40.16 7.42 7.12 -0 -0 33.74 -67.85 -19.37
4.21 15.96 2.02 -2.3 -3.67 23.71 0 0 0 -18.38 -17.51 -55.43 9.23 16.95 56.88 1.69 -1.92 -24.02 0.28 3.4 9.39 0 0 0 4.46 17.38 -75.44 -3.92 -12.05 35.91 -3.36 -13.32 33.18 -0 -0.32 0.87 1.6 -0.47 10.24 -1.15 -0.52 9.64 -2.07 -0.14 4.32 -1.28 -0.87 -18.47 -2.09 -0.01 37.88 -0.71 -0.5 16.85 0 0 0 -1.74 6.81 79.57 38.29 -47.02 -17.17 -0 0 -60.57 30.11 -24.92 -13.73 -7.12 0 -0 0.34 1.74 -0.33 0 0 0 12.9 -11.82 78.53 -36.96 46.16 -16.21 0 -0 -15.49 -11.5 -40.17 7.48 7.12 -0 -0 33.69 -67.88 -19.37
4.21 15.96 2.01 -2.33 -3.75 23.81 0 0 0 -18.33 -17.48 -55.59 9.25 16.96 56.94 1.68 -1.8 -24.02 0.26 3.29 9.09 0 0 0 4.42 17.49 -75.63 -3.93 -12.07 35.97 -3.4 -12.81 33.38 -0 0.03 -0.09 1.56 -0.43 10.14 -1.15 -0.47 9.6 -2.05 -0.11 4.34 -1.55 -0.95 -18.49 -1.7 -0.17 38.04 -0.52 -0.55 16.94 -0 -0 0 -1.65 6.68 79.52 38.37 -47.07 -17.24 -0 0 -60.77 29.57 -24.5 -13.24 -7.12 0 -0 0.08 2.33 -0.07 -0 -0 0 12.93 -11.84 78.55 -36.93 46.14 -16.19 0 -0 -15.84 -11.4 -39.77 7.35 7.12 -0 -0 33.17 -67.53 -18.79
