HIERARCHY
ROOT Hips
{
	OFFSET 0.00000 0.00000 0.00000
	CHANNELS 6 Xposition Yposition Zposition Zrotation Yrotation Xrotation 
	JOINT LHipJoint
	{
		OFFSET 0 0 0
		CHANNELS 3 Zrotation Yrotation Xrotation
		JOINT LeftUpLeg
		{
			OFFSET 1.66553 -1.82942 0.76350
			CHANNELS 3 Zrotation Yrotation Xrotation
			JOINT LeftLeg
			{
				OFFSET 2.41740 -6.64177 0.00000
				CHANNELS 3 Zrotation Yrotation Xrotation
				JOINT LeftFoot
				{
					OFFSET 2.71614 -7.46254 0.00000
					CHANNELS 3 Zrotation Yrotation Xrotation
					JOINT LeftToeBase
					{
						OFFSET 0.08005 -0.21993 1.82495
						CHANNELS 3 Zrotation Yrotation Xrotation
						End Site
						{
							OFFSET 0.00000 -0.00000 0.93441
						}
					}
				}
			}
		}
	}
	JOINT RHipJoint
	{
		OFFSET 0 0 0
		CHANNELS 3 Zrotation Yrotation Xrotation
		JOINT RightUpLeg
		{
			OFFSET -1.63725 -1.82942 0.76350
			CHANNELS 3 Zrotation Yrotation Xrotation
			JOINT RightLeg
			{
				OFFSET -2.40538 -6.60872 0.00000
				CHANNELS 3 Zrotation Yrotation Xrotation
				JOINT RightFoot
				{
					OFFSET -2.73312 -7.50919 0.00000
					CHANNELS 3 Zrotation Yrotation Xrotation
					JOINT RightToeBase
					{
						OFFSET -0.15567 -0.42769 1.93504
						CHANNELS 3 Zrotation Yrotation Xrotation
						End Site
						{
							OFFSET -0.00000 -0.00000 1.00100
						}
					}
				}
			}
		}
	}
	JOINT LowerBack
	{
		OFFSET 0 0 0
		CHANNELS 3 Zrotation Yrotation Xrotation
		JOINT Spine
		{
			OFFSET 0.00326 2.30118 -0.13017
			CHANNELS 3 Zrotation Yrotation Xrotation
			JOINT Spine1
			{
				OFFSET 0.02887 2.30677 0.00834
				CHANNELS 3 Zrotation Yrotation Xrotation
				JOINT Neck
				{
					OFFSET 0 0 0
					CHANNELS 3 Zrotation Yrotation Xrotation
					JOINT Neck1
					{
						OFFSET 0.12946 1.68326 0.00713
						CHANNELS 3 Zrotation Yrotation Xrotation
						JOINT Head
						{
							OFFSET -0.24364 1.67243 -0.16079
							CHANNELS 3 Zrotation Yrotation Xrotation
							End Site
							{
								OFFSET -0.09229 1.70819 -0.06383
							}
						}
					}
				}
				JOINT LeftShoulder
				{
					OFFSET 0 0 0
					CHANNELS 3 Zrotation Yrotation Xrotation
					JOINT LeftArm
					{
						OFFSET 3.28104 0.69567 -0.00556
						CHANNELS 3 Zrotation Yrotation Xrotation
						JOINT LeftForeArm
						{
							OFFSET 5.70706 -0.00000 -0.00000
							CHANNELS 3 Zrotation Yrotation Xrotation
							JOINT LeftHand
							{
								OFFSET 3.33243 -0.00000 0.00000
								CHANNELS 3 Zrotation Yrotation Xrotation
								JOINT LeftFingerBase
								{
									OFFSET 0 0 0
									CHANNELS 3 Zrotation Yrotation Xrotation
									JOINT LeftHandIndex1
									{
										OFFSET 0.79269 -0.00000 0.00000
										CHANNELS 3 Zrotation Yrotation Xrotation
										End Site
										{
											OFFSET 0.63909 -0.00000 0.00000
										}
									}
								}
								JOINT LThumb
								{
									OFFSET 0 0 0
									CHANNELS 3 Zrotation Yrotation Xrotation
									End Site
									{
										OFFSET 0.64884 -0.00000 0.64884
									}
								}
							}
						}
					}
				}
				JOINT RightShoulder
				{
					OFFSET 0 0 0
					CHANNELS 3 Zrotation Yrotation Xrotation
					JOINT RightArm
					{
						OFFSET -3.40955 0.64424 0.14010
						CHANNELS 3 Zrotation Yrotation Xrotation
						JOINT RightForeArm
						{
							OFFSET -5.88176 -0.00000 -0.00000
							CHANNELS 3 Zrotation Yrotation Xrotation
							JOINT RightHand
							{
								OFFSET -3.28156 -0.00000 0.00000
								CHANNELS 3 Zrotation Yrotation Xrotation
								JOINT RightFingerBase
								{
									OFFSET 0 0 0
									CHANNELS 3 Zrotation Yrotation Xrotation
									JOINT RightHandIndex1
									{
										OFFSET -0.86313 -0.00000 0.00000
										CHANNELS 3 Zrotation Yrotation Xrotation
										End Site
										{
											OFFSET -0.69587 -0.00000 0.00000
										}
									}
								}
								JOINT RThumb
								{
									OFFSET 0 0 0
									CHANNELS 3 Zrotation Yrotation Xrotation
									End Site
									{
										OFFSET -0.70650 -0.00000 0.70650
									}
								}
							}
						}
					}
				}
			}
		}
	}
}
MOTION
Frames: 451
Frame Time: 0.0333332
16.39 16.91 -19.72 163.08 -65.76 -166.28 0 0 0 -39.96 5.43 1.45 1.12 6.73 18.9 0.35 -16.16 -14.65 2.83 10.41 30.33 0 0 0 -3.78 11.93 -31.41 -1.54 -7.83 22.2 0.08 -5.32 -4.03 -2.54 -9.9 28.66 9.81 -1.11 4.45 10.45 -1.11 -2.59 5.72 -1 -5.21 17.76 4.84 8.66 -17.59 6.95 -10.39 -8.8 3.71 -3.15 -0 -0 0 3 -0.81 -15.36 34.82 -44.68 -14.68 -0 0 -7.58 51.91 5.42 6.87 -7.12 0 -0 21.46 37.85 -4 -0 -0 0 36.65 50.28 41 -39.33 47.67 -17.94 0 -0 -28.32 -10.84 14.73 -2.79 7.12 -0 -0 11.31 -15.19 8.11
16.25 16.98 -19.89 160.05 -69.06 -162.59 0 0 0 -39.23 4.92 3.5 0.86 5.92 16.57 -0.07 -17.85 -11.86 3.08 10.83 31.71 0 0 0 -4.33 12.79 -30.82 -1.49 -7.7 21.8 0.01 -4.07 -5.25 -2.52 -9.87 28.54 9.22 -1.49 3.75 9.89 -1.64 -2.97 5.45 -1.21 -5.19 18.68 4.73 9.69 -17.53 7.02 -11.46 -9.02 3.73 -3.6 0 -0 0 3.73 -0.39 -14.35 35.07 -44.86 -14.86 -0 0 -7.84 52.73 6.41 8.34 -7.12 0 -0 22.54 39.43 -3.29 0 -0 0 37.53 50.59 40.96 -38.69 47.28 -17.47 0 -0 -28.07 -9.83 15.44 -2.64 7.12 -0 -0 11.97 -14.55 8.78
16.09 17.05 -20.08 157.37 -72.55 -159.01 0 0 0 -37.69 4.26 4.99 0.71 5.39 15.03 -0.83 -20.64 -6.52 4.6 12.92 39.08 0 0 0 -3.89 12.53 -30.13 -1.42 -7.54 21.32 -0.03 -2.51 -5.29 -2.41 -9.68 27.95 8.72 -1.18 2.76 9.96 -1.38 -3.04 5.74 -1.05 -4.69 18.26 4.69 8.92 -17.85 6.69 -11.71 -9.04 3.56 -3.6 0 0 0 3.07 -1.6 -14.78 35.5 -45.16 -15.17 -0 0 -7.17 53.55 6.22 8.34 -7.12 0 -0 23.2 39.26 -3.51 0 0 0 34.83 50.04 38.54 -38.29 47.02 -17.18 0 -0 -28.03 -9.94 15.73 -2.72 7.12 -0 -0 11.89 -14.26 8.79
15.93 17.13 -20.3 150.76 -75.77 -151.92 0 0 0 -36.85 3.25 6.93 0.55 4.77 13.25 -1.24 -21.79 -2.81 5.09 13.48 41.21 0 0 0 -4.83 13.75 -28.4 -1.39 -7.45 21.05 -0.08 -0.39 -5.51 -3.11 -10.87 31.85 7.49 -1.39 2.47 9.58 -1.67 -3.12 6.01 -1.13 -4.58 18.87 4.95 8.5 -18.43 6.96 -12.13 -9.34 3.67 -3.54 -0 0 0 3.04 -1.37 -15.11 35.59 -45.23 -15.23 -0 0 -6.72 52.42 5.68 7.33 -7.12 0 -0 21.99 38.3 -3.85 -0 0 0 33.87 50.57 37.85 -37.66 46.62 -16.72 0 -0 -28.17 -9.81 16.02 -2.73 7.12 -0 -0 11.97 -13.98 8.92
15.75 17.24 -20.54 145.83 -78.88 -146.07 0 0 0 -34.82 2.29 7.63 0.51 4.59 12.74 -1.53 -22.33 1.04 5.29 13.7 42.06 0 0 0 -3.41 12.88 -27.45 -1.27 -7.13 20.11 -0.04 2.62 -3.75 -1.39 -7.45 21.05 7.09 -1.29 2.12 9.49 -1.55 -3.38 6.13 -1.04 -4.65 18.57 5.11 9.28 -18.42 7.12 -13.68 -9.4 3.76 -4.11 -0 -0 0 2.74 -1.43 -15.52 35.67 -45.28 -15.29 -0 0 -5.89 51.74 14.21 17.29 -7.12 0 -0 24.81 50.5 3.55 -0 -0 0 33.51 50.78 37.35 -36.99 46.18 -16.23 0 -0 -27.8 -9.73 15.8 -2.67 7.12 -0 -0 12.03 -14.21 8.91
15.54 17.33 -20.79 136.09 -81.35 -135.73 0 0 0 -33.2 1.44 7.81 0.59 4.93 13.71 -1.71 -22.72 4.5 5.5 13.93 42.96 0 0 0 -2.54 13.19 -25.05 -1.11 -6.69 18.79 -0.01 4.44 -3.35 -2.35 -9.56 27.56 6.42 -1.05 2.15 8.97 -1.18 -3.61 5.93 -0.82 -4.92 19.44 5.17 9.2 -19.48 7.18 -13.84 -9.92 3.81 -4.04 0 -0 0 2.85 -1.7 -15.37 36 -45.51 -15.52 -0 0 -6.34 51.87 7.42 9.35 -7.12 0 -0 22.15 40.82 -2.42 0 -0 0 33.17 50.43 37.19 -37.26 46.36 -16.43 0 -0 -28.44 -10.1 15.67 -2.75 7.12 -0 -0 11.79 -14.31 8.7
15.3 17.45 -21.05 117.61 -83 -116.66 0 0 0 -32.2 0.24 7.94 0.67 5.25 14.61 -1.65 -22.08 6.67 4.96 13.34 40.64 0 0 0 -1.46 12.41 -23.31 -1.08 -6.61 18.56 0.02 5.59 -3.3 -1.87 -8.59 24.52 5.55 -0.82 2.24 8.31 -0.81 -4.06 5.7 -0.59 -5.47 18.78 5.34 9.33 -19.08 7.37 -14.07 -9.68 3.92 -4.14 -0 0 0 2.46 -1.97 -14.76 35.97 -45.49 -15.5 -0 0 -6.72 53.13 4.74 6.29 -7.12 0 -0 22.25 36.94 -4.7 -0 0 0 34.05 50.54 37.27 -35.93 45.47 -15.48 0 -0 -26.86 -9.01 17.1 -2.67 7.12 -0 -0 12.48 -12.97 9.6
15.02 17.55 -21.33 92.85 -83.42 -91.21 0 0 0 -31.26 -0.46 7.85 0.77 5.59 15.61 -1.52 -21.18 8.39 4.64 12.97 39.25 0 0 0 -0.51 12.3 -21.18 -1.14 -6.77 19.03 0 6.05 -4.22 -2.29 -9.45 27.21 4.58 -0.63 2.04 7.45 -0.55 -4.54 5.31 -0.42 -5.86 18.39 5.48 9.7 -18.83 7.58 -14.34 -9.56 4.04 -4.27 -0 -0 0 2.7 -2.41 -14.38 35.58 -45.22 -15.22 -0 0 -7.13 52.59 4.48 5.83 -7.12 0 -0 21.7 36.5 -4.82 -0 -0 0 34.58 50.49 38.84 -36.09 45.57 -15.58 0 -0 -27.68 -10.14 16.53 -2.91 7.12 -0 -0 11.74 -13.45 8.88
14.71 17.67 -21.64 68.43 -83.24 -66.49 0 0 0 -29.4 -0.58 8.45 0.8 5.7 15.92 -1.27 -19.65 10.4 4.55 12.86 38.86 0 0 0 1.02 14.35 -18.3 -1.13 -6.74 18.94 -0.04 4.23 -4.45 -3.15 -10.93 32.04 4.21 -0.37 2.23 6.54 -0.16 -4.91 4.53 -0.21 -6.38 19.08 5.85 10.22 -19.43 8.21 -14.51 -9.92 4.38 -4.22 0 0 0 3.23 -2.67 -14.09 35.56 -45.21 -15.21 -0 0 -7.08 52.24 5.4 6.93 -7.12 0 -0 21.73 37.85 -4.06 0 0 0 35.62 50.4 40.08 -36.19 45.64 -15.66 0 -0 -27.91 -9.27 16.82 -2.7 7.12 -0 -0 12.31 -13.23 9.39
14.36 17.78 -21.93 46.85 -82.57 -44.87 0 0 0 -27.18 -0.79 9.01 0.91 6.08 17.01 -0.91 -17.32 11.79 4.93 13.3 40.51 0 0 0 2.8 14.58 -15.71 -1.08 -6.6 18.52 -0.14 0.86 -6.88 -4.05 -12.22 36.53 4.33 0.13 2.67 6.06 0.58 -5.4 3.92 0.14 -7.19 18.86 5.9 10.29 -19.92 8.26 -13.93 -10.03 4.47 -4.03 -0 -0 0 3.16 -3.49 -13.95 35.43 -45.12 -15.12 -0 0 -6.5 51.18 5.61 6.93 -7.12 0 -0 20.89 38.06 -3.77 -0 -0 0 35.17 49.98 41.14 -36.33 45.74 -15.76 0 -0 -27.34 -8.71 17.1 -2.58 7.12 -0 -0 12.68 -12.99 9.75
14.04 17.82 -22.19 30.65 -80.38 -28.09 0 0 0 -25.56 -2.67 7.71 1.36 7.38 20.83 -0.84 -16.49 10.57 4.61 12.93 39.09 0 0 0 4.68 7.71 -16.26 -0.99 -6.33 17.73 -0.05 4.77 -4.74 -3.1 -10.86 31.81 4.54 0.22 2.65 5.17 0.71 -5.81 2.85 0.17 -7.6 18.74 6.24 10.65 -20.24 8.66 -14.63 -10.17 4.7 -4.2 -0 -0 0 3.53 -3.39 -14.52 35.49 -45.16 -15.16 -0 0 -6.56 51.25 5.95 7.36 -7.12 0 -0 21.07 38.56 -3.53 -0 -0 0 34.86 50.81 42.08 -36.46 45.83 -15.85 0 -0 -27.8 -8.77 17.36 -2.63 7.12 -0 -0 12.63 -12.74 9.78
13.71 17.9 -22.47 19.91 -78.03 -17.11 0 0 0 -23.36 -3.67 6.89 1.75 8.32 23.68 -0.7 -15.35 10.68 4.39 12.66 38.13 0 0 0 6.75 4.99 -15.77 -1.06 -6.55 18.39 -0.07 5.81 -5.79 -3.42 -11.34 33.45 4.5 0.58 2.66 4.54 1.2 -5.96 2.17 0.4 -7.77 19.36 6.35 10.34 -21.31 8.76 -14.44 -10.62 4.79 -3.97 0 0 0 3.6 -3.83 -15.3 35.47 -45.15 -15.15 -0 0 -6.32 51.79 6.58 8.28 -7.12 0 -0 21.77 39.56 -3.09 0 0 0 34.4 51.28 41.6 -36.3 45.72 -15.74 0 -0 -26.89 -7.95 17.92 -2.46 7.12 -0 -0 13.15 -12.24 10.35
13.39 17.97 -22.73 10.95 -74.92 -8.06 0 0 0 -20.67 -5.06 4.68 2.51 9.85 28.48 -0.67 -14.76 9.44 2.93 10.58 30.86 0 0 0 9.55 3.31 -14.13 -0.97 -6.27 17.58 -0.22 3.45 -8.42 -2.18 -9.24 26.55 4.68 0.68 3.02 4.21 1.37 -6.14 1.7 0.46 -8.15 18.77 7 10 -21.5 9.48 -14.49 -10.55 5.17 -3.78 -0 -0 0 3.38 -3.51 -15.52 36.27 -45.7 -15.71 -0 0 -6.8 51.68 6.44 8.07 -7.12 0 -0 21.61 39.34 -3.19 -0 -0 0 33.77 51.72 41.4 -36.92 46.14 -16.18 0 -0 -27.41 -8.97 17.56 -2.73 7.12 -0 -0 12.5 -12.53 9.73
13.1 17.97 -22.96 7.1 -71.09 -4.02 0 0 0 -18.73 -5.77 1.21 3.59 11.59 34.31 -0.79 -15.55 5.83 0.97 6.26 17.53 0 0 0 11.51 0.2 -13.27 -0.85 -5.89 16.48 -0.29 0.77 -9.85 -0.57 -4.85 13.48 4.52 0.77 3.35 3.7 1.51 -6.41 1.23 0.52 -8.63 18.35 7.32 10.17 -21.89 9.82 -14.64 -10.63 5.4 -3.78 -0 0 0 3.23 -3.81 -15.64 36.33 -45.74 -15.76 -0 0 -7.18 51.78 8.15 10.21 -7.12 0 -0 22.35 41.88 -1.82 -0 0 0 32.98 51.75 40.49 -37.11 46.26 -16.32 0 -0 -27.83 -9.13 17.65 -2.79 7.12 -0 -0 12.39 -12.43 9.67
12.81 18.01 -23.14 3.18 -67.64 0.06 0 0 0 -16.61 -5.44 -1.84 4.37 12.64 38.04 -0.37 -12.17 -1.62 0.08 1.79 4.94 0 0 0 13.75 -1.46 -12.77 -0.89 -6.01 16.81 -0.38 -0.89 -11.94 -0.57 -4.83 13.43 4.6 1.1 3.32 3.63 1.96 -6.42 1.06 0.74 -8.62 16.84 7.67 10.2 -21.69 10.03 -15.04 -10.32 5.57 -3.95 -0 0 0 2.21 -4.08 -16.15 36.93 -46.14 -16.19 -0 0 -6.79 51.22 7.89 9.7 -7.12 0 -0 21.72 41.41 -2.03 -0 0 0 31.37 51.93 39.14 -36.91 46.13 -16.17 0 -0 -27.78 -8.99 18.12 -2.82 7.12 -0 -0 12.47 -11.97 9.86
12.54 18.01 -23.31 2.83 -63.94 0.81 0 0 0 -15.96 -3.83 -5.49 4.84 13.2 40.14 0.23 -6.69 -9.09 0.56 -4.79 -13.3 0 0 0 14.69 -3.32 -12.94 -0.99 -6.35 17.8 -0.48 -2.26 -14.12 -0.46 -4.35 12.06 4.66 1.26 3.3 2.51 2.12 -6.4 -0.17 0.78 -8.53 17.72 8.14 10.08 -22.66 10.7 -15.11 -10.78 5.92 -3.68 0 0 0 3.4 -3.54 -15.07 36.74 -46.02 -16.05 -0 0 -7.48 51.05 8.17 9.97 -7.12 0 -0 21.67 41.79 -1.81 0 0 0 31.83 52.67 37.64 -36.11 45.59 -15.6 0 -0 -26.83 -8.65 18.5 -2.76 7.12 -0 -0 12.69 -11.62 10.13
12.28 17.99 -23.42 1.42 -60.52 2.08 0 0 0 -15.16 -1.17 -9.18 5.07 13.46 41.12 0.55 -2.86 -13.32 1.85 -8.55 -24.39 0 0 0 16.12 -4.87 -12.34 -1.05 -6.53 18.32 -0.6 -3.11 -16.1 -0.81 -5.74 16.04 4.76 1.58 4 2.15 2.6 -6.57 -0.68 0.99 -9.09 18 8.53 9.87 -23.56 11.3 -14.05 -11.03 6.27 -3.12 0 -0 0 3.38 -3.9 -15.15 36.75 -46.02 -16.06 -0 0 -7.19 50.6 7.48 9.01 -7.12 0 -0 21.01 40.72 -2.33 0 -0 0 31.59 52.71 36.91 -35.83 45.4 -15.4 0 -0 -26.79 -8.69 18.38 -2.76 7.12 -0 -0 12.67 -11.74 10.08
12.02 17.95 -23.51 1.13 -56.8 2.69 0 0 0 -15.45 0.94 -13.31 5.08 13.47 41.16 0.81 -3.09 -16.28 1.9 -8.65 -24.72 0 0 0 16.99 -6.09 -12.81 -1.27 -7.14 20.13 -0.76 -4.28 -18.58 -0.88 -5.99 16.74 4.34 1.66 4.49 1.83 2.7 -6.97 -0.82 1.03 -9.81 18.35 8.75 10.37 -24.98 11.66 -13.74 -11.59 6.55 -2.9 0 0 0 3.34 -3.4 -14.86 36.86 -46.1 -16.14 -0 0 -6.69 50.69 7.54 9.11 -7.12 0 -0 21.11 40.82 -2.29 0 0 0 31.74 52.92 37.02 -35.68 45.29 -15.3 0 -0 -26.58 -8.75 18.32 -2.77 7.12 -0 -0 12.63 -11.79 10.03
11.79 17.92 -23.55 -0.3 -52.9 4.04 0 0 0 -15.6 2.25 -17.12 5.01 13.4 40.88 1.01 -4.5 -18.03 1.19 -6.93 -19.49 0 0 0 18.54 -7.73 -13 -1.44 -7.59 21.47 -0.91 -4.99 -20.46 -1.05 -6.51 18.26 5.11 1.95 4.15 1.45 3.11 -6.54 -1.68 1.19 -9.07 17.71 9.31 9.2 -24.99 12.23 -13.28 -11.33 6.81 -2.48 0 0 0 3.81 -4.06 -16.22 36.43 -45.81 -15.83 -0 0 -6.15 51.24 8.19 10.06 -7.12 0 -0 21.85 41.84 -1.8 0 0 0 30.02 53.07 34.8 -35.5 45.17 -15.17 0 -0 -26.71 -9.19 18.69 -2.97 7.12 -0 -0 12.34 -11.39 9.9
11.56 17.85 -23.55 -0.63 -48.89 4.77 0 0 0 -16.92 2.87 -20.47 4.73 13.07 39.62 1.18 -4.17 -19.6 1.29 -7.2 -20.32 0 0 0 19.41 -9.07 -14.04 -1.75 -8.33 23.72 -1.09 -5.85 -22.63 -1.09 -6.64 18.65 5.14 2.18 4.01 0.92 3.39 -6.75 -2.28 1.3 -9.16 18.03 9.59 8.31 -25.24 12.7 -12.2 -11.3 6.99 -1.87 -0 0 0 4.76 -4.86 -17.04 35.72 -45.32 -15.32 -0 0 -5.95 51.08 8.74 10.66 -7.12 0 -0 21.9 42.61 -1.36 -0 0 0 30.2 52.88 33.96 -35.12 44.9 -14.9 0 -0 -26.79 -9.38 18.65 -3.02 7.12 -0 -0 12.22 -11.42 9.79
11.34 17.78 -23.53 -1.79 -44.92 5.9 0 0 0 -17.95 4.18 -24.02 4.55 12.86 38.86 1.33 -2.51 -21.11 0.9 -6.06 -16.96 0 0 0 21.02 -10.35 -14.55 -1.99 -8.85 25.32 -1.02 -8.13 -23.67 -0.54 -4.7 13.06 5.55 2.35 3.99 0.86 3.65 -6.86 -2.6 1.4 -9.23 18.27 9.33 7.28 -26.28 12.38 -10.74 -11.59 6.8 -1.25 0 0 0 5.39 -5.04 -17.53 35.49 -45.16 -15.16 -0 0 -6.66 50.93 8.73 10.59 -7.12 0 -0 21.75 42.57 -1.38 0 0 0 30 52.94 33.08 -34.63 44.54 -14.55 0 -0 -26.63 -9.81 18.46 -3.13 7.12 -0 -0 11.94 -11.57 9.52
11.13 17.71 -23.46 -2.8 -40.89 6.47 0 0 0 -19.88 6.93 -27.12 4.27 12.51 37.57 1.37 0.63 -22.37 0.84 -5.85 -16.34 0 0 0 22.3 -11.89 -14.61 -2.27 -9.41 27.09 -1.23 -8.08 -25.28 -0.71 -5.37 14.97 5.83 2.38 4.03 0.82 3.71 -6.73 -2.81 1.42 -9.09 17.29 9.72 7.15 -25.42 12.7 -11.67 -11.13 6.96 -1.56 -0 -0 0 6.39 -5.53 -18.69 34.77 -44.65 -14.65 -0 0 -6.82 50.85 9.46 11.42 -7.12 0 -0 21.94 43.61 -0.79 -0 -0 0 30.09 53.3 32.09 -33.78 43.92 -13.96 0 -0 -26.55 -9.73 18.85 -3.17 7.12 -0 -0 11.99 -11.19 9.66
10.93 17.67 -23.33 -3.31 -36.98 6.82 0 0 0 -22.47 9.14 -29.52 4.05 12.22 36.52 1.42 4.67 -24.63 0.26 -3.28 -9.06 0 0 0 23.17 -13.82 -14.81 -2.51 -9.86 28.51 -1.26 -8.29 -25.66 -0.54 -4.72 13.11 6.31 2.39 3.29 0.43 3.68 -6.6 -3.44 1.38 -8.47 18.44 9.43 5.86 -26.43 12.41 -10.3 -11.54 6.73 -0.84 0 0 0 7.9 -5.75 -19.81 33.96 -44.05 -14.08 -0 0 -6.7 50.54 8.75 10.48 -7.12 0 -0 21.39 42.54 -1.37 0 0 0 30.46 53.7 31.33 -33.02 43.34 -13.43 0 -0 -26.82 -10.6 18.95 -3.48 7.12 -0 -0 11.43 -11.01 9.22
10.74 17.62 -23.18 -4.61 -32.61 7.15 0 0 0 -23.5 9.35 -30.02 3.92 12.06 35.94 1.42 8.96 -27.37 0 -0.29 -0.79 0 0 0 24.52 -15.24 -14.08 -2.72 -10.23 29.72 -1.46 -6.94 -26.24 -1.07 -6.57 18.46 6.76 2.28 3.45 0.63 3.62 -6.89 -3.49 1.31 -8.88 17.93 9.02 6.48 -25.91 11.87 -10.43 -11.37 6.51 -1.2 0 0 0 8.74 -6.16 -19.93 33.54 -43.74 -13.79 -0 0 -7.24 50.42 9.14 10.88 -7.12 0 -0 21.41 43.07 -1.07 0 0 0 31.09 53.48 31.38 -32.2 42.7 -12.87 0 -0 -27.07 -10.72 18.27 -3.4 7.12 -0 -0 11.35 -11.68 9
10.57 17.57 -22.98 -5.53 -28.45 6.98 0 0 0 -23.14 7.52 -28.4 3.86 11.97 35.64 1.8 9.7 -30.43 0.41 4.1 11.35 0 0 0 25.41 -16.42 -13.37 -3.06 -10.79 31.57 -1.34 -7.5 -25.75 -0.91 -6.09 17.04 6.51 2.25 3.78 1.16 3.65 -7.28 -2.82 1.33 -9.55 17.09 8.76 6.18 -25.58 11.57 -9.4 -11.07 6.33 -1.02 -0 -0 0 9.1 -7.31 -20.21 32.41 -42.87 -13.02 -0 0 -7.14 49.69 8.85 10.28 -7.12 0 -0 20.62 42.53 -1.32 -0 -0 0 31.13 52.62 32.18 -31.59 42.22 -12.46 0 -0 -27.68 -11.68 18.68 -3.79 7.12 -0 -0 10.73 -11.19 8.6
10.41 17.48 -22.75 -6.15 -24.41 6.25 0 0 0 -21.46 4.74 -25.79 4.1 12.29 36.78 1.86 8.78 -30.17 0.03 1.13 3.11 0 0 0 25.97 -17.51 -13.32 -3.77 -11.85 35.2 -1.25 -8.29 -25.59 -0.68 -5.28 14.72 6.44 2.18 3.92 1.11 3.56 -7.16 -2.82 1.3 -9.51 16.89 8.43 5.5 -25.23 11.1 -8.92 -10.88 6.05 -0.91 0 0 0 10.37 -7.87 -20.63 31.72 -42.32 -12.55 -0 0 -7.1 49.5 9.54 10.98 -7.12 0 -0 20.66 43.48 -0.81 0 0 0 32.08 53.1 31.68 -30.01 40.9 -11.42 0 -0 -26.64 -11.97 19.18 -3.98 7.12 -0 -0 10.54 -10.66 8.56
10.27 17.39 -22.48 -5.35 -20.91 4.85 0 0 0 -21.5 3.9 -23.78 4.29 12.54 37.65 1.72 7.71 -28.56 0.13 -2.28 -6.28 0 0 0 24.61 -18.38 -15.14 -5.34 -13.75 42.26 -0.57 -11.64 -22.82 -0.12 -2.22 6.11 4.83 2.29 4.46 1 3.62 -7.55 -2.1 1.41 -10.33 16.25 7.91 6.04 -24.87 10.51 -8.21 -10.69 5.78 -1.01 -0 -0 0 10.68 -8.62 -20.29 31.32 -42 -12.29 -0 0 -6.99 47.65 9.33 10.08 -7.12 0 -0 18.82 42.87 -1.03 -0 -0 0 32.95 52.38 32.9 -29.46 40.43 -11.06 0 -0 -26.53 -11.63 18.97 -3.83 7.12 -0 -0 10.76 -10.9 8.69
10.15 17.32 -22.19 -4.18 -17.76 3.71 0 0 0 -22.45 3.84 -22.03 4.35 12.61 37.94 2.37 1.61 -29.71 0.35 3.8 10.5 0 0 0 21.99 -17.15 -17.37 -7.57 -15.79 51 -0.74 -7.56 -20.71 -2.38 -9.61 27.73 4.1 2.42 4.83 -0.08 3.66 -7.81 -2.88 1.42 -10.8 16.43 7.66 5.38 -24.46 10.31 -6.94 -10.5 5.6 -0.6 0 0 0 12.23 -9.15 -20.51 30.78 -41.55 -11.92 -0 0 -6.59 46.73 8.84 9.27 -7.12 0 -0 17.83 42.06 -1.34 0 0 0 35.09 52.71 33.78 -28.5 39.57 -10.44 0 -0 -25.85 -11.81 19.45 -3.98 7.12 -0 -0 10.65 -10.41 8.71
10.05 17.23 -21.9 -3.26 -13.97 2.68 0 0 0 -23.05 3.6 -20.2 4.43 12.71 38.3 2.11 2.42 -28.4 0.04 -1.21 -3.32 0 0 0 19.71 -16.32 -19.92 -9.66 -17.21 58.35 -0.11 -8.94 -14.61 -1.83 -8.5 24.24 3.85 2.28 4.8 -1.04 3.35 -7.49 -3.73 1.26 -10.4 16.26 7.46 4.66 -24.66 10 -6.43 -10.51 5.4 -0.4 -0 -0 0 13.37 -9.35 -22.45 30.52 -41.33 -11.75 -0 0 -6.14 44.06 8.59 8.23 -7.12 0 -0 15.32 41.35 -1.42 -0 -0 0 35.08 53.45 34.11 -28.62 39.68 -10.51 0 -0 -26.09 -12.03 19.34 -4.04 7.12 -0 -0 10.51 -10.49 8.57
9.92 17.15 -21.6 -2.63 -9.43 1.84 0 0 0 -23.19 2.81 -18.41 4.52 12.82 38.69 2.1 1.52 -28.02 0.4 -4.05 -11.2 0 0 0 18.06 -13.37 -20.79 -10.86 -17.87 62.34 -0.2 -4.53 -11.27 -1.35 -7.35 20.75 3.52 2.05 4.95 -1.68 2.96 -7.4 -4.18 1.08 -10.41 15.81 7.64 3.01 -24.69 10.44 -4.03 -10.26 5.47 0.62 -0 -0 0 13.36 -9.92 -23.85 30.97 -41.71 -12.05 -0 0 -6.5 43.91 8.55 8.15 -7.12 0 -0 15.17 41.28 -1.43 -0 -0 0 35.01 53.95 34.48 -29.11 40.12 -10.83 0 -0 -26.2 -12.11 18.93 -3.98 7.12 -0 -0 10.45 -10.89 8.44
9.78 17.09 -21.29 -2.02 -4.51 1.35 0 0 0 -23.18 1.1 -16.72 4.65 12.98 39.28 2.16 0.59 -28.03 1.08 -6.6 -18.53 0 0 0 17.02 -9.89 -21.42 -11.11 -17.99 63.14 -0.53 0.42 -13.65 -1.19 -6.93 19.5 3.07 1.81 5.34 -2.27 2.55 -7.67 -4.54 0.86 -10.99 15.99 6.82 3.91 -26.3 9.41 -4.08 -10.99 5.05 0.34 -0 0 0 12.67 -10.36 -24.43 32.35 -42.82 -12.98 -0 0 -8.27 42.45 8.49 7.7 -7.12 0 -0 13.83 41.02 -1.39 -0 0 0 34.88 53.22 35.62 -30.7 41.48 -11.87 0 -0 -27.23 -11.12 18.87 -3.64 7.12 -0 -0 11.09 -11.05 8.94
9.6 17.05 -20.98 -1.28 0.89 0.82 0 0 0 -23.12 -0.75 -14.59 4.66 13 39.35 2.23 -2 -27.73 1.21 -6.97 -19.64 0 0 0 16.1 -6.32 -21.88 -10.85 -17.86 62.29 -1.06 1.81 -18.95 -1.24 -7.07 19.92 2.2 1.52 5.38 -2.91 2.01 -7.47 -4.66 0.65 -10.84 16.13 6.43 3.33 -27.38 9.03 -2.98 -11.39 4.81 0.72 -0 -0 0 11.81 -10.64 -24.15 33.6 -43.78 -13.83 -0 0 -6.7 45.67 10.96 11.01 -7.12 0 -0 17.32 44.74 -0.11 -0 -0 0 34.12 53.06 36.54 -32.26 42.76 -12.92 0 -0 -28.87 -11.6 18.31 -3.69 7.12 -0 -0 10.78 -11.56 8.56
9.41 17.08 -20.63 -0.95 6.09 0.88 0 0 0 -22.47 -2.19 -12.35 4.33 12.59 37.86 2.14 -3.86 -26.72 1.62 -8.02 -22.78 0 0 0 15.48 -1.24 -21.72 -9.89 -17.35 59.12 -1.55 2.34 -22.93 -2.07 -9.02 25.85 1.72 1.29 5.15 -3.49 1.6 -7.53 -4.96 0.47 -10.81 15.74 6.25 2.6 -27.83 8.97 -1.69 -11.44 4.7 1.2 -0 0 0 11.12 -10.19 -23.29 35.21 -44.96 -14.96 -0 0 -7.94 45.99 10.4 10.59 -7.12 0 -0 17.51 44.05 -0.42 -0 0 0 34.51 52.94 37.98 -33.86 43.98 -14.02 0 -0 -29.18 -11.34 18.38 -3.62 7.12 -0 -0 10.95 -11.52 8.7
9.21 17.21 -20.25 -0.54 11.46 1.1 0 0 0 -21.61 -3.28 -9.47 3.63 11.65 34.51 1.87 -6.72 -24.59 1.87 -8.59 -24.52 0 0 0 14.44 4.39 -20.76 -8.37 -16.38 53.87 -1.79 1.67 -24.82 -1.12 -6.73 18.91 1.33 1.22 5.11 -4.32 1.4 -7.68 -5.62 0.36 -10.97 14.96 5.95 1.93 -27.29 8.72 -0.3 -11.07 4.48 1.56 -0 0 0 10.81 -10.16 -22.33 36.58 -45.91 -15.94 -0 0 -8.36 44.47 9.23 8.95 -7.12 0 -0 15.82 42.25 -1.1 -0 0 0 33.82 52.24 39.6 -35.62 45.25 -15.25 0 -0 -30.74 -11.64 19.2 -3.87 7.12 -0 -0 10.76 -10.68 8.74
8.99 17.38 -19.84 -0.53 17.2 1.08 0 0 0 -19.96 -4.23 -6.38 2.89 10.51 30.65 1.23 -12.03 -20.34 1.19 -6.92 -19.48 0 0 0 13.46 9.3 -18.82 -6.62 -15 47.42 -1.87 2.82 -25.14 -1.66 -8.13 23.1 0.95 1.06 5.13 -4.9 1.12 -7.52 -6.01 0.23 -10.84 15.19 5.4 1.5 -28.17 8.09 0.24 -11.48 4.14 1.7 -0 0 0 10.39 -10.2 -22.07 37.44 -46.48 -16.56 -0 0 -8.72 43.16 6.29 5.87 -7.12 0 -0 14.1 38.21 -2.41 -0 0 0 32.66 51.96 41.1 -36.86 46.1 -16.14 0 -0 -29.99 -12.14 19.73 -4.15 7.12 -0 -0 10.45 -10.09 8.6
8.75 17.63 -19.41 -1.17 23.43 1.16 0 0 0 -17.38 -6.04 -3.98 2.24 9.34 26.88 0.25 -16.4 -13.92 0.47 -4.38 -12.14 0 0 0 12.77 12.98 -17.28 -4.95 -13.33 40.62 -1.59 3.88 -22.94 -1.75 -8.33 23.72 1.17 0.87 5.28 -5.33 0.85 -7.72 -6.59 0.06 -11.19 14.55 4.91 1.45 -27.97 7.68 1.58 -11.3 3.88 1.94 0 0 0 9.65 -10.43 -20.72 38.4 -47.09 -17.26 -0 0 -8.12 43.43 7.22 6.79 -7.12 0 -0 14.49 39.47 -2.03 0 0 0 31.85 51.38 42.53 -37.68 46.63 -16.73 0 -0 -30.67 -10.96 20.5 -3.88 7.12 -0 -0 11.21 -9.45 9.41
8.51 17.86 -18.98 -0.98 29.78 1.54 0 0 0 -15.73 -7.58 -2.77 1.82 8.48 24.18 -0.55 -18.13 -6.84 0.04 -1.3 -3.56 0 0 0 11.09 16.09 -15.28 -3.54 -11.53 34.07 -0.76 6.89 -15.57 -1.6 -7.98 22.67 0.63 0.87 4.97 -6.07 0.78 -6.82 -7.04 0.08 -10 13.39 4.59 -1.47 -27.14 7.34 3.41 -10.72 3.44 2.82 0 0 0 9.23 -11.57 -22.08 39.13 -47.55 -17.8 -0 0 -9.02 43.98 6.97 6.68 -7.12 0 -0 14.94 39.19 -2.2 0 0 0 28.98 51 40.99 -38.91 47.41 -17.63 0 -0 -30.93 -11.19 20.1 -3.89 7.12 -0 -0 11.06 -9.82 9.19
8.25 18.05 -18.53 -1.6 35.93 1.55 0 0 0 -13.33 -8.92 -2.06 1.48 7.69 21.77 -0.94 -18.01 0.01 0.03 1.19 3.27 0 0 0 10.51 18.84 -13.44 -2.53 -9.89 28.63 0.09 10.58 -5.94 -1.86 -8.56 24.44 0.42 1.01 5.18 -6.29 0.96 -6.65 -7.17 0.19 -9.91 12.6 3.83 -0.69 -27.13 6.34 3.21 -10.63 3.02 2.36 -0 -0 0 8 -12.79 -21.91 39.44 -47.73 -18.02 -0 0 -9.3 43.84 7.29 6.95 -7.12 0 -0 14.87 39.6 -2.03 -0 -0 0 27.54 49.97 41.36 -39.86 47.99 -18.34 0 -0 -30.77 -10.99 20.19 -3.84 7.12 -0 -0 11.18 -9.75 9.31
7.98 18.2 -18.05 -2.35 41.86 1.22 0 0 0 -10.81 -10.23 -1.32 1.18 6.89 19.4 -0.93 -16.84 4.81 0.16 2.54 7 0 0 0 10.53 21.61 -11.06 -1.94 -8.73 24.96 0.67 14.86 1.3 -2.33 -9.53 27.47 0.91 0.94 5.65 -7.11 0.86 -6.34 -8.37 0.08 -9.86 12.13 3.45 -1.19 -26.01 5.86 3.94 -10.15 2.73 2.5 0 0 0 8.1 -12.95 -21.47 39.92 -48.02 -18.38 -0 0 -9.99 44.04 7.63 7.32 -7.12 0 -0 15.12 40.08 -1.88 0 0 0 27.59 49.64 41.36 -40.34 48.27 -18.69 0 -0 -32.06 -10.66 18.97 -3.5 7.12 -0 -0 11.39 -10.99 9.2
7.71 18.28 -17.55 -2.69 48.29 1.21 0 0 0 -8.65 -12.08 -1.37 0.99 6.34 17.79 -0.91 -16.68 7.5 0.07 1.68 4.62 0 0 0 10.74 21.07 -9.41 -1.76 -8.35 23.77 0.83 16 7.85 -3.75 -11.82 35.1 0.6 0.57 5.96 -7.61 0.32 -6 -8.67 -0.16 -9.76 11.57 3.13 -1.26 -24.97 5.46 4.43 -9.69 2.52 2.52 -0 0 0 8.01 -12.55 -20.32 39.83 -47.97 -18.31 -0 0 -12.43 44.96 6.29 6.24 -7.12 0 -0 15.66 38.37 -2.63 -0 0 0 27.29 49.63 41.67 -40.6 48.42 -18.89 0 -0 -32.32 -11.86 18.8 -3.87 7.12 -0 -0 10.61 -11.05 8.53
7.47 18.26 -17.03 -2.96 54.86 1.13 0 0 0 -6.69 -13.7 -2.07 0.92 6.12 17.12 -0.94 -16.92 7.31 0.02 1.02 2.79 0 0 0 11.55 18.26 -7.58 -1.55 -7.86 22.28 1.23 19.37 10.07 -4.06 -12.24 36.58 0.24 0.46 6.1 -8.33 0.14 -5.5 -9.24 -0.22 -9.33 12.14 2.47 -0.55 -24.4 4.48 4.19 -9.65 2.12 2.12 -0 0 0 8.4 -13.75 -20.9 38.86 -47.38 -17.6 -0 0 -11.78 44.08 6.25 6.02 -7.12 0 -0 14.89 38.24 -2.55 -0 0 0 26.63 48.82 41.02 -40.72 48.49 -18.98 0 -0 -32.63 -12.49 19.21 -4.17 7.12 -0 -0 10.21 -10.58 8.3
7.24 18.14 -16.53 -3.51 61.01 1.98 0 0 0 -4.61 -15.13 -4.56 1.03 6.45 18.09 -0.6 -13.91 1.76 0.02 -1.02 -2.8 0 0 0 12.96 14.84 -7.4 -1.35 -7.35 20.75 1.47 20.97 10.64 -5.37 -13.78 42.38 -0.25 0.01 5.17 -8.51 -0.45 -5.53 -9.04 -0.46 -8.91 11.84 2.27 -0.28 -23.44 4.26 4.65 -9.27 2.02 2.13 0 0 0 8.39 -12.99 -20.91 38.21 -46.97 -17.12 -0 0 -13.86 44.97 2.52 2.52 -7.12 0 -0 14.9 33.26 -4.42 0 0 0 25.75 49.21 40.98 -40.9 48.6 -19.11 0 -0 -32.77 -12.66 19.47 -4.28 7.12 -0 -0 10.1 -10.31 8.27
7.04 18.05 -16.06 -3.48 65.62 3.25 0 0 0 -3.91 -12.24 -6.01 0.94 6.17 17.28 0.22 -3.78 -8.35 0.71 -5.4 -15.05 0 0 0 14.61 11.93 -9.2 -1.6 -7.98 22.67 1.72 23.52 1.27 -4.29 -12.53 37.64 -0.58 0.07 5.12 -8.97 -0.41 -5.98 -9.41 -0.44 -9.38 11.91 1.97 0.22 -22.71 3.87 4.83 -9.04 1.86 2.01 0 0 0 8.31 -12.14 -18.58 38.77 -47.33 -17.53 -0 0 -11.86 45.89 6.94 7.11 -7.12 0 -0 16.62 39.36 -2.39 0 0 0 25.81 48.75 40.6 -41.47 48.91 -19.54 0 -0 -32.33 -12.27 20.3 -4.32 7.12 -0 -0 10.37 -9.51 8.66
6.85 17.86 -15.65 -4.47 69.19 3.48 0 0 0 -3.22 -10.26 -6.59 0.99 6.32 17.73 0.6 5.72 -17.84 0.01 -0.6 -1.65 0 0 0 17.44 9 -12.26 -2.02 -8.91 25.52 0.95 22.83 -8.06 -3.68 -11.72 34.76 -0.71 0.47 5.13 -8.96 0.12 -6.14 -9.41 -0.16 -9.48 10.93 1.84 -0.44 -21.7 3.65 5.1 -8.52 1.71 2.13 -0 -0 0 7.24 -11.86 -19.15 39.67 -47.87 -18.19 -0 0 -12.77 44.97 6.67 6.62 -7.12 0 -0 15.75 38.89 -2.44 -0 -0 0 24.91 48.49 39.17 -41.88 49.15 -19.85 0 -0 -32.44 -12.48 20.54 -4.44 7.12 -0 -0 10.24 -9.25 8.61
6.64 17.68 -15.26 -2.92 72.94 5.81 0 0 0 -3.47 -8.55 -6.76 1.02 6.43 18.03 0.61 7.89 -19.7 0.25 -3.21 -8.87 0 0 0 18.62 10.13 -14.75 -2.64 -10.09 29.26 0.11 20.87 -13.83 -3.64 -11.66 34.54 -1.94 0.42 5.61 -9.34 -0.09 -6.15 -9.12 -0.18 -9.82 11.23 1.89 -0.8 -21.27 3.63 4.91 -8.42 1.69 2.13 -0 0 0 6.84 -10.62 -19.8 41.22 -48.77 -19.35 -0 0 -15.62 46.97 7.66 8.13 -7.12 0 -0 17.76 40.47 -2.06 -0 0 0 26.27 48.93 38.33 -42.16 49.3 -20.06 0 -0 -32.38 -12.76 20.13 -4.46 7.12 -0 -0 10.05 -9.63 8.36
6.46 17.51 -14.87 -2.5 78.23 6.38 0 0 0 -2.91 -8.08 -6.41 1.14 6.79 19.1 0.73 4.39 -18.31 0.65 -5.17 -14.39 0 0 0 20.06 8.83 -17.91 -3.55 -11.53 34.1 0.42 21.69 -11.88 -7.06 -15.38 49.09 -2.95 -0.06 6.73 -9.41 -0.89 -5.8 -8.53 -0.49 -10.2 11.02 1.97 -1.03 -20.18 3.59 4.68 -8.01 1.68 2.08 -0 -0 0 6.06 -10.07 -22.27 40.18 -48.18 -18.58 -0 0 -10.33 46.37 5.38 5.62 -7.12 0 -0 16.68 37.27 -3.29 -0 -0 0 28.56 48.71 37.94 -42.9 49.7 -20.62 0 -0 -32.49 -12.92 20.28 -4.55 7.12 -0 -0 9.95 -9.46 8.31
6.35 17.39 -14.49 7.4 83.81 16.51 0 0 0 -3.55 -7.62 -4.82 1.08 6.61 18.55 0.77 2.34 -17.55 1.02 -6.44 -18.07 0 0 0 20.52 7.1 -20.57 -4.37 -12.64 38.05 -0.54 19.64 -18.04 -6.09 -14.52 45.35 -4.54 -0.58 7 -10 -1.72 -5.39 -8.13 -0.77 -9.99 12.04 1.81 0.03 -19.81 3.25 3.68 -8.09 1.61 1.57 0 -0 0 5.35 -10.65 -23.31 40.61 -48.42 -18.89 -0 0 -11.42 46.5 7.94 8.29 -7.12 0 -0 17.4 40.8 -1.87 0 -0 0 31.24 47.82 38.34 -43.67 50.1 -21.21 0 -0 -33.25 -13.39 20.47 -4.76 7.12 -0 -0 9.66 -9.22 8.1
6.28 17.24 -14.15 54.93 88.46 64.71 0 0 0 -3.26 -7.18 -2.84 1 6.36 17.82 0.7 5.47 -18.76 1.28 -7.17 -20.22 0 0 0 21.74 4.83 -23.74 -5.12 -13.52 41.33 -1.25 18.27 -22.23 -5.12 -13.52 41.34 -5.27 -0.73 6.65 -10.16 -1.88 -5.11 -7.84 -0.77 -9.47 12.01 1.58 -0.34 -19.04 3 4.71 -7.83 1.45 1.87 -0 0 0 4.99 -11.97 -23.6 40.25 -48.22 -18.63 -0 0 -12.78 46.52 7.01 7.33 -7.12 0 -0 17.19 39.52 -2.4 -0 0 0 32.25 46.43 38.47 -44.32 50.43 -21.72 0 -0 -33.15 -12.92 20.38 -4.57 7.12 -0 -0 9.96 -9.37 8.34
6.23 17.08 -13.85 159.96 85.77 170.33 0 0 0 -3.01 -6.2 -0.58 0.91 6.07 17 0.64 9.02 -20.94 0.39 -4.03 -11.15 0 0 0 23.11 2.65 -27.08 -6.01 -14.43 45.01 -2.11 15.28 -26.63 -3.76 -11.83 35.14 -5.6 -1.1 6.77 -10.17 -2.41 -5.3 -7.6 -0.99 -9.79 11.54 1.63 0.43 -17.47 3.08 4.97 -7.23 1.53 1.8 0 0 0 4.51 -11.55 -22.11 41.02 -48.66 -19.2 -0 0 -14.34 46.09 7.82 8.05 -7.12 0 -0 17 40.58 -1.91 0 0 0 33.35 45.93 40.46 -44.76 50.65 -22.05 0 -0 -33.36 -12.86 20.4 -4.55 7.12 -0 -0 10 -9.35 8.37
6.2 16.95 -13.57 167.05 80.71 178.28 0 0 0 -3.19 -4.52 1.12 0.85 5.89 16.46 0.39 12.19 -21.7 0.9 -6.04 -16.91 0 0 0 24.02 0.32 -30.67 -6.75 -15.12 47.91 -2.41 15.21 -28.33 -4.21 -12.44 37.29 -6.17 -1.32 6.73 -10.29 -2.71 -5.33 -7.38 -1.08 -9.82 11.46 1.6 0.22 -16.68 3.03 5.41 -6.97 1.5 1.95 -0 0 0 4.29 -12.02 -21.33 41.05 -48.68 -19.22 -0 0 -14.05 46.18 8.66 8.92 -7.12 0 -0 17.27 41.73 -1.44 -0 0 0 33.39 45.06 41.22 -45.4 50.96 -22.55 0 -0 -33.27 -12.29 20.16 -4.29 7.12 -0 -0 10.35 -9.66 8.62
6.17 16.8 -13.32 170.12 75.43 182.04 0 0 0 -3.19 -4.45 2.73 0.82 5.77 16.12 -0.11 15.79 -21.27 1.38 -7.44 -21.02 0 0 0 25.31 -2.55 -34 -7.4 -15.66 50.37 -2.82 14.78 -30.51 -4.44 -12.72 38.35 -6.48 -1.62 6.87 -10.2 -3.12 -5.21 -7.04 -1.23 -9.77 11.23 1.59 -0.34 -15.96 2.95 5.64 -6.69 1.44 2.08 0 -0 0 3.62 -12.31 -21.37 41.5 -48.93 -19.56 -0 0 -13.37 45.87 6.84 7 -7.12 0 -0 16.58 39.22 -2.44 0 -0 0 32.9 44.64 41.4 -45.9 51.2 -22.94 0 -0 -32.99 -11.69 20.26 -4.1 7.12 -0 -0 10.74 -9.61 8.96
6.13 16.65 -13.11 170.22 70.39 183 0 0 0 -3.79 -3.1 3.6 0.82 5.77 16.13 -0.1 15.98 -21.71 1.07 -6.57 -18.45 0 0 0 26.01 -4.47 -37.35 -8.04 -16.15 52.72 -3.12 13.77 -32.02 -4.49 -12.79 38.58 -6.63 -1.83 6.73 -10.37 -3.34 -5.14 -7.11 -1.31 -9.62 12.21 1.24 0.05 -16.93 2.53 5.35 -7.19 1.26 1.89 -0 -0 0 3.01 -12.56 -21.09 42.27 -49.36 -20.15 -0 0 -12.84 46.75 6.88 7.25 -7.12 0 -0 17.37 39.36 -2.5 -0 -0 0 32.7 44.24 41.41 -46.29 51.38 -23.24 0 -0 -33.09 -11.52 20.56 -4.09 7.12 -0 -0 10.86 -9.33 9.12
6.11 16.52 -12.9 171.71 65.61 185.11 0 0 0 -3.8 -1.84 4.68 0.86 5.9 16.49 0.12 14.8 -22.23 0.75 -5.52 -15.4 0 0 0 27.42 -6.14 -40.15 -8.56 -16.51 54.54 -3.44 12.06 -33.56 -4.36 -12.63 38 -6.65 -1.91 6.81 -10.01 -3.43 -5.12 -6.67 -1.33 -9.63 11.51 1.32 0.37 -16.23 2.63 5.18 -6.84 1.32 1.79 -0 -0 0 3.11 -12.34 -20.02 42.58 -49.53 -20.38 -0 0 -13.4 45.64 5.99 6.09 -7.12 0 -0 16.19 38.04 -2.87 -0 -0 0 32.38 44.31 41.49 -46.22 51.35 -23.19 0 -0 -33.9 -12.05 20.65 -4.31 7.12 -0 -0 10.52 -9.19 8.86
6.08 16.43 -12.73 172.52 60.9 186.37 0 0 0 -4.18 -0.44 5.73 0.91 6.07 16.98 0.13 14.41 -21.83 0.87 -5.94 -16.6 0 0 0 28.55 -7.56 -42.41 -8.91 -16.75 55.77 -3.79 10.33 -35.3 -4.15 -12.35 36.99 -6.62 -2.16 7.05 -9.59 -3.78 -5.21 -6.16 -1.49 -9.86 11.17 1.58 -0.43 -15.95 3.06 6.39 -6.68 1.5 2.33 0 0 0 2.32 -11.76 -19.09 43.06 -49.78 -20.74 -0 0 -13.58 47.53 8.56 9.23 -7.12 0 -0 18.5 41.78 -1.53 0 0 0 32.87 44.81 42.02 -46.43 51.45 -23.35 0 -0 -33.46 -11.93 20.91 -4.31 7.12 -0 -0 10.6 -8.94 8.98
6.06 16.37 -12.57 172.69 56.26 186.9 0 0 0 -4.94 1.35 6.71 0.97 6.26 17.54 0.43 12.3 -22.27 0.09 -1.97 -5.41 0 0 0 29.33 -8.64 -44.24 -9.19 -16.93 56.74 -4.11 7.38 -37.08 -3.7 -11.76 34.88 -6.4 -2.01 6.96 -9.69 -3.48 -4.91 -6.43 -1.35 -9.47 11.2 1.53 0.21 -15.1 2.85 5.35 -6.41 1.44 1.88 0 0 0 2.92 -12.54 -18.71 42.93 -49.71 -20.65 -0 0 -14.56 46.95 7.27 7.72 -7.12 0 -0 17.64 39.94 -2.28 0 0 0 33.23 44.87 41.15 -45.8 51.15 -22.86 0 -0 -33.28 -11.77 20.74 -4.22 7.12 -0 -0 10.7 -9.13 9.03
6.05 16.36 -12.44 173.11 51.29 187.74 0 0 0 -5.69 2.51 6.35 1.22 7 19.7 0.26 12.17 -20.34 0.51 -4.6 -12.77 0 0 0 30.32 -10.01 -45.86 -9.18 -16.92 56.71 -4.15 4.26 -37.75 -3.11 -10.87 31.84 -6.03 -1.99 6.7 -9.36 -3.35 -4.8 -6.29 -1.3 -9.17 10.49 1.42 0.94 -14.8 2.75 5.11 -6.2 1.42 1.66 0 0 0 2.33 -13.2 -19.03 42.86 -49.68 -20.59 -0 0 -13.84 45.32 7.17 7.2 -7.12 0 -0 16.16 39.61 -2.21 0 0 0 33.27 44.72 41.12 -45.56 51.04 -22.68 0 -0 -33.6 -12.36 20.71 -4.43 7.12 -0 -0 10.32 -9.1 8.71
6.04 16.38 -12.32 173.82 46.43 188.43 0 0 0 -6.11 3.9 6.26 1.46 7.63 21.6 0.42 9.1 -18.79 0.33 -3.71 -10.25 0 0 0 31.29 -11.17 -46.73 -9.07 -16.85 56.32 -4.23 3.57 -38.25 -3.66 -11.69 34.64 -5.51 -2.01 6.8 -8.97 -3.31 -4.67 -6.14 -1.31 -9.08 10.64 1.62 1.7 -14.95 3.03 4.45 -6.28 1.61 1.39 0 0 0 2.44 -12.96 -18.4 43.03 -49.77 -20.73 -0 0 -13.61 45 7.85 7.78 -7.12 0 -0 16.02 40.48 -1.84 0 0 0 34.03 45.06 41.39 -45.01 50.77 -22.24 0 -0 -33.38 -12.88 20.68 -4.62 7.12 -0 -0 9.99 -9.07 8.42
6.01 16.43 -12.22 174.28 41.9 188.98 0 0 0 -6.9 5.8 5.63 1.73 8.28 23.57 0.44 7.09 -17.11 0.43 -4.19 -11.61 0 0 0 31.97 -12.28 -47.61 -8.87 -16.72 55.65 -4.17 1.63 -38.4 -3.29 -11.15 32.79 -4.91 -1.68 6.65 -8.72 -2.77 -4.53 -6.26 -1.09 -8.81 10.79 1.55 1.21 -14.5 2.86 4.47 -6.16 1.5 1.45 -0 0 0 2.57 -13.48 -18.32 43.49 -50.01 -21.08 -0 0 -13.91 46.73 7.67 8.07 -7.12 0 -0 17.54 40.46 -2.04 -0 0 0 34.11 44.71 40.87 -44.93 50.73 -22.19 0 -0 -33.22 -12.28 20.79 -4.42 7.12 -0 -0 10.38 -9.02 8.77
5.98 16.49 -12.13 174.26 37.64 189.21 0 0 0 -8.18 7.97 4.82 1.99 8.85 25.32 0.35 6.16 -15.17 1.7 -8.2 -23.34 0 0 0 32.01 -13.03 -48.06 -8.6 -16.55 54.7 -4.09 1.43 -38.09 -3.8 -11.88 35.32 -4.96 -1.75 6.44 -8.29 -2.84 -4.51 -5.75 -1.1 -8.64 12.11 2.22 1.2 -15.76 3.8 3.88 -6.77 1.99 1.45 -0 0 0 2.57 -12.57 -17.91 43.66 -50.1 -21.21 -0 0 -12.41 48.15 9.08 9.99 -7.12 0 -0 19.23 42.6 -1.19 -0 0 0 34.61 45.59 41.69 -44.83 50.69 -22.11 0 -0 -33.15 -12.48 21 -4.54 7.12 -0 -0 10.25 -8.79 8.71
5.93 16.61 -12.05 175 33.26 190.06 0 0 0 -9.02 9.53 3.15 2.33 9.52 27.43 0.44 5.01 -15.38 2.22 -9.3 -26.74 0 0 0 32.97 -13.82 -48.56 -8.15 -16.23 53.09 -4.03 -0.7 -38.35 -3.59 -11.59 34.29 -4.1 -1.58 6.54 -7.79 -2.56 -4.8 -5.73 -1.02 -8.99 11.75 2.37 1.89 -15.4 3.97 3.14 -6.6 2.11 1.13 -0 -0 0 2.99 -12.36 -17.92 43.81 -50.17 -21.32 -0 0 -13.37 46.51 8.19 8.54 -7.12 0 -0 17.47 41.13 -1.72 -0 -0 0 34.82 45.5 42.35 -44.97 50.76 -22.22 0 -0 -33.17 -13.46 20.67 -4.83 7.12 -0 -0 9.62 -9.02 8.11
5.87 16.73 -11.97 175.42 29.06 190.43 0 0 0 -9.99 11.66 1.38 2.59 9.99 28.95 0.57 1.96 -15.07 1.58 -7.94 -22.53 0 0 0 33.29 -14.76 -48.54 -7.66 -15.86 51.33 -3.76 -1.67 -37.34 -3.67 -11.71 34.72 -3.32 -1.24 5.99 -7.59 -1.95 -4.34 -6.01 -0.78 -8.14 12.18 2.44 1.72 -15.43 3.93 2.19 -6.68 2.09 0.89 0 -0 0 3.94 -12.71 -19.07 43.8 -50.17 -21.31 -0 0 -13.21 46.69 7.92 8.31 -7.12 0 -0 17.56 40.79 -1.89 0 -0 0 34.12 45.7 41.26 -44.84 50.69 -22.11 0 -0 -33.28 -14 20.55 -5 7.12 -0 -0 9.27 -9.08 7.8
5.77 16.85 -11.92 175.95 24.88 190.65 0 0 0 -11.13 13.43 -0.46 2.79 10.35 30.13 0.73 -1.21 -15.74 1.58 -7.92 -22.47 0 0 0 33.21 -15.21 -47.88 -7.15 -15.46 49.45 -3.59 -1.79 -36.58 -4.16 -12.37 37.05 -2.71 -1.09 6.29 -6.99 -1.75 -4.6 -5.74 -0.72 -8.58 11.4 2.63 2.61 -14.47 4.12 1.18 -6.26 2.21 0.45 -0 -0 0 3.86 -11.81 -19.3 44.27 -50.4 -21.67 -0 0 -13.07 46.32 7.46 7.74 -7.12 0 -0 17.12 40.12 -2.13 -0 -0 0 34.36 45.96 41.87 -44.37 50.45 -21.75 0 -0 -33.42 -12.62 21.05 -4.6 7.12 -0 -0 10.17 -8.73 8.65
5.67 16.98 -11.85 175.98 20.47 191.15 0 0 0 -13.04 14.22 -2.54 2.76 10.3 29.95 0.93 -2.48 -17.59 1.96 -8.78 -25.1 0 0 0 33.17 -16.04 -48.3 -6.74 -15.11 47.88 -3.26 -4.93 -36.09 -3.77 -11.85 35.19 -2.06 -0.9 5.44 -6.9 -1.35 -4.54 -6.05 -0.55 -7.98 12.17 2.71 3.08 -14.44 4.18 0.2 -6.4 2.26 0.11 -0 0 0 4.81 -12.34 -19.95 43.79 -50.16 -21.31 -0 0 -13.29 46.19 7.54 7.79 -7.12 0 -0 17.02 40.21 -2.08 -0 0 0 34.16 45.88 41.12 -44.04 50.29 -21.5 0 -0 -32.99 -12.57 20.99 -4.57 7.12 -0 -0 10.19 -8.79 8.66
5.54 17.11 -11.76 176.05 16.02 191.61 0 0 0 -15.08 14.33 -4.89 2.62 10.05 29.14 1.25 -2.66 -20.45 1.62 -8.02 -22.78 0 0 0 32.82 -16.06 -48.18 -6.23 -14.64 45.89 -3.44 -4.33 -36.77 -5.11 -13.5 41.28 -2.12 -0.86 5.51 -6.22 -1.32 -4.79 -5.29 -0.53 -8.28 12.55 2.87 3.67 -15.01 4.39 -0.79 -6.67 2.4 -0.22 -0 0 0 4.61 -11.72 -19.9 44.11 -50.33 -21.55 -0 0 -12.85 47.82 8.89 9.68 -7.12 0 -0 18.87 42.29 -1.31 -0 0 0 34 45.85 40.83 -43.97 50.25 -21.44 0 -0 -33.02 -12.77 20.58 -4.56 7.12 -0 -0 10.06 -9.18 8.46
5.39 17.25 -11.67 176.6 11.42 191.94 0 0 0 -16.85 13.94 -7.55 2.55 9.92 28.73 1.61 -0.37 -23.91 1.69 -8.18 -23.27 0 0 0 33.49 -16.84 -47.8 -5.48 -13.91 42.87 -3.39 -6.44 -37.43 -5.61 -14.04 43.39 -1.2 -0.79 5.71 -5.64 -1.17 -4.93 -5.21 -0.52 -8.54 12.5 3.08 4.44 -14.74 4.61 -2.3 -6.61 2.54 -0.76 -0 -0 0 4.91 -11.71 -19.81 44.05 -50.3 -21.51 -0 0 -13.13 46.56 7.65 8 -7.12 0 -0 17.38 40.4 -2.04 -0 -0 0 33.77 45.73 40.26 -43.7 50.11 -21.23 0 -0 -32.82 -12.53 20.4 -4.43 7.12 -0 -0 10.21 -9.38 8.55
5.21 17.37 -11.59 176.74 7.23 192.1 0 0 0 -19.03 12.78 -10.2 2.45 9.75 28.16 2.07 -0.1 -27.22 1.55 -7.86 -22.28 0 0 0 33.72 -17.85 -47.49 -4.79 -13.14 39.91 -2.63 -12.1 -36.79 -4.88 -13.25 40.32 -0.58 -0.56 5.78 -5.2 -0.81 -5.11 -5.14 -0.38 -8.74 12.5 3.15 5.14 -14.78 4.7 -3.2 -6.66 2.62 -1.12 0 0 0 4.77 -12.01 -19.66 44.2 -50.37 -21.62 -0 0 -13.11 49.57 8.84 10.22 -7.12 0 -0 20.5 42.5 -1.33 0 0 0 33.57 45.42 39.69 -42.99 49.74 -20.69 0 -0 -32.57 -12.43 20.89 -4.49 7.12 -0 -0 10.28 -8.91 8.71
5 17.48 -11.5 177.15 3.2 192.2 0 0 0 -20.9 11.43 -12.49 2.28 9.42 27.12 2.46 -1.66 -29.22 0.89 -6.02 -16.84 0 0 0 33.58 -18.35 -46.94 -4.3 -12.55 37.72 -2.58 -13.86 -37.72 -5.29 -13.7 42.05 0.38 -0.35 5.88 -4.68 -0.45 -5.31 -5.17 -0.27 -8.98 13.65 3.08 6.31 -15.78 4.67 -4.73 -7.24 2.68 -1.71 0 0 0 4.7 -12.02 -19.22 44.25 -50.39 -21.66 -0 0 -12.28 49.55 9.95 11.46 -7.12 0 -0 20.84 44.06 -0.51 0 0 0 33.52 45.12 39.32 -42.31 49.38 -20.18 0 -0 -32.97 -12.91 20.69 -4.63 7.12 -0 -0 9.97 -9.05 8.41
4.77 17.61 -11.42 177.91 -0.54 192.36 0 0 0 -22.14 9.86 -15.38 2.24 9.34 26.87 2.62 -0.49 -30.54 0.28 -3.43 -9.49 0 0 0 33.63 -18.64 -46.08 -3.77 -11.84 35.17 -2.54 -14.7 -38.13 -5.41 -13.83 42.55 1.57 0.28 5.76 -4 -0.1 -5.37 -5.12 -0.43 -8.94 13.5 3.71 6.19 -15.63 5.12 -5.08 -7.16 2.75 -1.72 -0 -0 0 4.8 -11.79 -18.43 44.36 -50.45 -21.74 -0 0 -12.86 50.59 9.81 11.72 -7.12 0 -0 21.82 44.06 -0.53 -0 -0 0 32.73 45.45 38.9 -41.47 48.92 -19.54 0 -0 -33.33 -13.88 19.89 -4.81 7.12 -0 -0 9.33 -9.76 7.72
4.52 17.64 -11.32 178.89 -3.9 192.07 0 0 0 -22.96 8.62 -17.91 2.32 9.5 27.36 2.47 2.27 -30.6 0 -0.21 -0.57 0 0 0 34.08 -19.51 -45.15 -3.3 -11.17 32.85 -2.78 -13.34 -38.36 -6.53 -14.93 47.09 2.9 0.51 5.56 -3.24 0.51 -5.02 -5.12 -0.12 -8.37 13.79 4.15 5.83 -15.77 5.64 -5.79 -7.26 3 -1.77 0 -0 0 4.85 -11.94 -18.81 44.11 -50.32 -21.55 -0 0 -12.64 49.69 9.25 10.73 -7.12 0 -0 20.75 43.1 -1.02 0 -0 0 31.62 45.78 37.06 -40.48 48.35 -18.8 0 -0 -32.81 -13.23 20.61 -4.73 7.12 -0 -0 9.77 -9.1 8.22
4.27 17.71 -11.21 179.96 -6.67 191.51 0 0 0 -22.9 6.92 -18.89 2.55 9.92 28.73 2.3 4.47 -30.54 0.26 3.27 9.02 0 0 0 34.03 -19.62 -43.5 -2.87 -10.48 30.56 -2.49 -13.84 -37.27 -6.53 -14.92 47.06 4.11 0.72 5.81 -2.37 1.03 -5.16 -4.96 0.1 -8.61 13.68 4.38 6.71 -15.69 5.95 -6.76 -7.28 3.19 -2.16 -0 0 0 4.92 -11.43 -18.13 43.78 -50.16 -21.3 -0 0 -12.15 48.73 8.57 9.63 -7.12 0 -0 19.62 41.98 -1.53 -0 0 0 30.8 46.2 37.3 -40.45 48.34 -18.78 0 -0 -32.89 -14.36 18.48 -4.64 7.12 -0 -0 8.98 -11.13 7.17
4 17.72 -11.13 180.58 -8.31 190.62 0 0 0 -22.94 6.79 -18.04 2.51 9.86 28.51 2.47 0.6 -30.01 1.09 6.64 18.66 0 0 0 32.4 -18.63 -41.75 -2.68 -10.15 29.47 -2.14 -8.97 -32.02 -6.19 -14.61 45.75 4.68 1.29 5.9 -1.71 1.93 -5.04 -4.69 0.55 -8.43 14 4.85 6.95 -15.96 6.62 -7 -7.43 3.54 -2.14 0 -0 0 5.09 -11.21 -17.57 43.65 -50.09 -21.2 -0 0 -11.88 49.37 10.13 11.58 -7.12 0 -0 20.72 44.28 -0.39 0 -0 0 30.92 46.95 36.87 -38.71 47.29 -17.49 0 -0 -32.19 -14.39 19 -4.77 7.12 -0 -0 8.98 -10.6 7.26
3.71 17.69 -11.04 181.3 -9.94 189.67 0 0 0 -22.62 6.75 -16.45 2.32 9.51 27.41 1.99 3.85 -28.26 0 0.36 0.99 0 0 0 30.28 -16.23 -39.84 -2.75 -10.28 29.89 -2.04 -5.87 -29.58 -5.64 -14.07 43.52 5.54 1.61 6.26 -1.02 2.53 -5.35 -4.53 0.78 -8.92 14.29 5.21 8.51 -16 7.31 -7.4 -7.57 3.94 -2.4 -0 0 0 5.34 -10.56 -16.98 43.34 -49.93 -20.96 -0 0 -12.61 49.08 8.85 10.06 -7.12 0 -0 20.04 42.43 -1.33 -0 0 0 32.1 47.6 37.38 -37.95 46.81 -16.93 0 -0 -31.26 -14.11 17.56 -4.33 7.12 -0 -0 9.13 -12.09 7.11
3.43 17.68 -10.94 181.07 -12.75 189.06 0 0 0 -23.43 6.51 -15.54 2.21 9.29 26.72 1.89 2.09 -26.83 0 0.22 0.6 0 0 0 27.5 -14.17 -38.76 -2.98 -10.67 31.16 -2.02 -9.6 -31.73 -4.9 -13.27 40.38 5.72 1.43 6.1 -0.56 2.33 -5.2 -4.11 0.7 -8.69 14.73 5.94 8.28 -16.15 8.35 -7.26 -7.67 4.45 -2.13 -0 -0 0 5.6 -10.4 -17.58 42.78 -49.63 -20.53 -0 0 -12.13 49.22 9.66 11 -7.12 0 -0 20.42 43.59 -0.75 -0 -0 0 33.17 48.59 36.82 -37.34 46.42 -16.49 0 -0 -30.61 -13.3 17.2 -4 7.12 -0 -0 9.65 -12.52 7.44
3.15 17.71 -10.85 180.67 -16.47 188.29 0 0 0 -24.32 5.12 -14.06 2.13 9.12 26.19 1.78 0.74 -25.53 0.01 0.49 1.36 0 0 0 23.88 -11.41 -36.62 -3.13 -10.91 31.98 -2.12 -9.54 -32.27 -5.14 -13.54 41.41 5.9 0.98 5.87 -0.17 1.75 -5.13 -3.71 0.43 -8.55 15.11 6.46 9.28 -16.15 9.23 -7.53 -7.78 4.92 -2.22 -0 0 0 5.87 -10.56 -18.03 42.08 -49.25 -20 -0 0 -11.72 49.26 9.36 10.69 -7.12 0 -0 20.37 43.18 -0.96 -0 0 0 34.45 48.77 36.87 -37.76 46.69 -16.79 0 -0 -30.57 -14.21 15.71 -3.92 7.12 -0 -0 9.04 -13.94 6.68
2.88 17.69 -10.76 180.29 -20.16 187.85 0 0 0 -25.17 4.04 -12.66 1.97 8.81 25.2 1.73 -2.87 -24.13 0.29 3.45 9.53 0 0 0 20.07 -6.52 -34.69 -3.41 -11.33 33.41 -1.81 -8.34 -29.57 -3.99 -12.14 36.24 5.94 0.71 5.51 0.39 1.4 -5.2 -3.09 0.27 -8.47 14.99 6.78 9.46 -16.37 9.7 -7.06 -7.82 5.17 -2.03 0 0 0 5.72 -11.4 -18.47 41.29 -48.82 -19.41 -0 0 -11.35 48.97 9 10.19 -7.12 0 -0 19.98 42.63 -1.22 0 0 0 34.36 48.75 36.7 -37.78 46.7 -16.81 0 -0 -30.69 -14.21 14.98 -3.75 7.12 -0 -0 9.03 -14.68 6.53
2.64 17.64 -10.65 180.09 -23.55 186.73 0 0 0 -25.83 3.08 -10.85 1.92 8.7 24.87 1.61 -4.72 -22.96 0.71 5.39 15.02 0 0 0 16.76 -0.93 -32.04 -3.67 -11.7 34.69 -1.73 -3.23 -26.2 -3.65 -11.68 34.61 5.96 0.48 6.21 0.91 1.18 -5.11 -2.53 0.17 -8.81 15.33 7.17 9.6 -16.65 10.3 -6.66 -7.95 5.49 -1.8 -0 0 0 5.89 -11.64 -18.37 40.94 -48.62 -19.14 -0 0 -11.65 50.03 9.85 11.54 -7.12 0 -0 21.27 44.01 -0.55 -0 0 0 33.87 48.36 36.49 -38.2 46.97 -17.11 0 -0 -31.5 -13.18 15 -3.47 7.12 -0 -0 9.72 -14.74 7.03
2.39 17.6 -10.6 179.73 -27.43 185.95 0 0 0 -26.61 1.96 -8.68 1.8 8.45 24.08 1.46 -6.19 -21.68 0.59 4.9 13.63 0 0 0 14.38 3.75 -29.97 -3.94 -12.08 36 -1.48 -0.35 -23.12 -2.35 -9.55 27.53 5.94 0.09 6.02 1.24 0.66 -4.85 -2.1 -0.05 -8.47 15.13 7.74 9.51 -16.42 11.07 -6.73 -7.83 5.86 -1.71 0 0 0 6.42 -12.13 -18.84 39.98 -48.06 -18.42 -0 0 -11.61 50.25 9.7 11.45 -7.12 0 -0 21.44 43.83 -0.65 0 0 0 33.39 48.27 35.91 -38.22 46.98 -17.13 0 -0 -31.42 -11.89 15.82 -3.28 7.12 -0 -0 10.59 -14.03 7.84
2.14 17.58 -10.58 179.27 -31.69 185.44 0 0 0 -27.35 0.37 -6.7 1.76 8.34 23.75 1.27 -7.98 -20.13 0.54 4.69 13.02 0 0 0 13.19 7.17 -28.91 -4.13 -12.33 36.9 -1.33 0.01 -21.78 -2.06 -9 25.79 6 -0.36 6.12 1.23 0.07 -5.24 -2.06 -0.37 -9.01 15.62 7.8 10.51 -16.2 11.35 -7.07 -7.9 6.02 -1.91 -0 0 0 7.14 -12.56 -17.97 39.46 -47.75 -18.04 -0 0 -11.49 49.84 9.22 10.75 -7.12 0 -0 20.88 43.09 -1.03 -0 0 0 33.75 47.2 37.12 -38.92 47.42 -17.64 0 -0 -31.05 -12.87 15.03 -3.39 7.12 -0 -0 9.93 -14.74 7.19
1.91 17.54 -10.58 179.25 -35.96 184.84 0 0 0 -27.5 -0.52 -5.16 1.75 8.31 23.67 1.19 -8.94 -19.54 0.03 1.13 3.09 0 0 0 13.6 9.08 -27.97 -4.1 -12.3 36.8 -1.27 0.91 -20.99 -2.35 -9.57 27.59 6.06 -0.71 6.18 1.44 -0.37 -5.65 -1.8 -0.61 -9.53 16.26 7.78 11.17 -16.33 11.5 -7.06 -8.08 6.11 -1.95 -0 -0 0 7.25 -13.15 -17.59 39.26 -47.62 -17.89 -0 0 -11.09 50 9.42 11.04 -7.12 0 -0 21.1 43.39 -0.88 -0 -0 0 34.12 46.07 37.8 -38.9 47.41 -17.63 0 -0 -30.58 -12.87 14.15 -3.2 7.12 -0 -0 9.94 -15.63 7.01
1.67 17.55 -10.6 178.93 -39.72 184.4 0 0 0 -27.81 -0.41 -3.38 1.62 8.02 22.78 0.82 -12.39 -17.13 0.2 2.9 7.99 0 0 0 14.31 10.41 -27.44 -3.94 -12.08 36.02 -1.13 2.14 -19.5 -1.74 -8.31 23.65 5.38 -0.94 5.55 1.99 -0.77 -5.23 -0.79 -0.71 -8.7 15.52 8.17 10.56 -16.22 11.82 -7.36 -7.89 6.26 -1.93 -0 -0 0 6.75 -13.05 -18.7 38.87 -47.38 -17.6 -0 0 -10.36 49.3 8.49 9.73 -7.12 0 -0 20.13 41.95 -1.58 -0 -0 0 32.55 46.12 37.26 -38.69 47.27 -17.47 0 -0 -30.45 -12.41 15.33 -3.33 7.12 -0 -0 10.24 -14.47 7.48
1.45 17.61 -10.63 178.76 -43.81 184.16 0 0 0 -27.82 -0.99 -1.79 1.5 7.75 21.95 0.24 -15.15 -13.08 0.85 5.88 16.44 0 0 0 15.4 11.41 -27.27 -3.62 -11.64 34.47 -0.88 2.65 -17 -0.82 -5.77 16.11 4.99 -1.29 5.11 2.24 -1.29 -5.16 -0.26 -0.92 -8.38 16.06 8.34 11.04 -16.94 12.06 -8.36 -8.28 6.4 -2.18 -0 0 0 6.51 -13.03 -19.36 38.24 -46.99 -17.14 -0 0 -10.1 49.44 8.29 9.57 -7.12 0 -0 20.2 41.71 -1.72 -0 0 0 31.93 46 37.64 -38.65 47.25 -17.44 0 -0 -31.06 -12.8 14.7 -3.3 7.12 -0 -0 9.99 -15.08 7.16
1.22 17.64 -10.67 178.87 -48.15 183.8 0 0 0 -27.47 -1.98 -0.22 1.47 7.66 21.68 -0.59 -18.33 -6.53 3.61 11.62 34.39 0 0 0 16.59 12.32 -26.78 -3.1 -10.86 31.8 -0.41 7.31 -11.75 -1.76 -8.34 23.76 4.75 -1.66 4.78 2.59 -1.81 -5.16 0.3 -1.15 -8.19 16.42 8.45 10.91 -17.73 12.14 -8.8 -8.59 6.46 -2.19 -0 -0 0 5.98 -12.56 -19.23 38 -46.84 -16.97 -0 0 -10.68 49.67 7.79 9.07 -7.12 0 -0 20.25 41.03 -2.08 -0 -0 0 32.04 45.84 37.51 -37.97 46.82 -16.94 0 -0 -30.61 -12.39 14.39 -3.13 7.12 -0 -0 10.27 -15.42 7.29
0.96 17.76 -10.73 178.82 -52.31 183.57 0 0 0 -27.16 -2.66 0.57 1.56 7.87 22.33 -0.74 -19.26 -5.88 2.03 8.93 25.58 0 0 0 17.22 14.27 -25.09 -2.39 -9.64 27.81 0.04 11.74 -7.62 -1.67 -8.15 23.17 5.22 -1.96 4.59 2.4 -2.18 -5.25 -0.13 -1.37 -8.21 16.14 8.42 10.4 -17.31 12 -9.05 -8.4 6.36 -2.25 0 -0 0 5.87 -12.28 -19.14 37.25 -46.35 -16.42 -0 0 -10.91 49.26 7.54 8.66 -7.12 0 -0 19.8 40.61 -2.24 0 -0 0 32.91 45.67 38.01 -37.19 46.31 -16.38 0 -0 -30.18 -11.91 14.64 -3.05 7.12 -0 -0 10.59 -15.2 7.57
0.71 17.73 -10.78 178.76 -56.61 183.07 0 0 0 -26.94 -3.94 3.02 1.52 7.78 22.05 -1.12 -19.24 1.07 5.25 13.66 41.88 0 0 0 17.5 16.26 -24.61 -2.15 -9.17 26.33 0.69 17.74 -4.32 -2.43 -9.71 28.04 5.2 -2.13 4.54 2.45 -2.42 -5.25 -0.03 -1.48 -8.19 16.1 8.39 10.8 -17.61 11.91 -9.83 -8.55 6.33 -2.54 -0 -0 0 5.42 -11.31 -17.12 37.82 -46.72 -16.83 -0 0 -12.74 49.86 8.43 9.86 -7.12 0 -0 20.64 41.97 -1.62 -0 -0 0 33.1 45.18 38.18 -36.54 45.88 -15.91 0 -0 -30.25 -12.06 15.07 -3.18 7.12 -0 -0 10.48 -14.76 7.59
0.46 17.68 -10.86 178.47 -61.07 182.86 0 0 0 -26.73 -2.58 2.58 1.74 8.31 23.65 -1.26 -21.1 -0.94 1.65 8.1 23.02 0 0 0 17.52 17.8 -23.75 -1.98 -8.82 25.24 1.41 21.33 1.46 -3.78 -11.86 35.22 4.87 -2.34 4.64 2.62 -2.69 -5.28 0.37 -1.58 -8.27 15.65 8.38 11.04 -17.61 11.78 -10.74 -8.54 6.28 -2.89 -0 0 0 4.38 -12.21 -18.43 35.64 -45.26 -15.26 -0 0 -11.69 48.87 7.96 9.01 -7.12 0 -0 19.57 41.14 -1.95 -0 0 0 32.89 44.87 38.96 -36.12 45.6 -15.61 0 -0 -29.73 -13.37 14.06 -3.31 7.12 -0 -0 9.6 -15.67 6.75
0.18 17.59 -10.95 178.87 -65.61 181.98 0 0 0 -26.03 -3.46 2.97 2.18 9.23 26.51 -1.65 -22.11 6.26 5.38 13.8 42.45 0 0 0 17.32 19.46 -22.58 -2.05 -8.96 25.68 1.63 22.04 5.9 -4.86 -13.22 40.2 5.27 -2.52 4.72 2.43 -2.89 -5.44 -0.01 -1.72 -8.54 15.67 8.42 11.03 -17.16 11.89 -10.64 -8.4 6.31 -2.88 0 0 0 4.3 -12.13 -17.62 35.17 -44.93 -14.93 -0 0 -12.1 48.57 8.21 9.19 -7.12 0 -0 19.37 41.45 -1.77 0 0 0 33.64 44.64 39.93 -35.4 45.09 -15.09 0 -0 -30.19 -13.65 14.44 -3.47 7.12 -0 -0 9.41 -15.28 6.69
-0.09 17.45 -11.03 180.04 -70.11 180.58 0 0 0 -25.19 -4.57 2.13 2.99 10.68 31.21 -1.81 -23.34 4.69 5.16 13.56 41.51 0 0 0 17.62 18.93 -22.32 -2.45 -9.75 28.17 1.09 19.39 -0.23 -1.79 -8.42 24.01 5.34 -2.71 3.97 2.72 -3.19 -5.06 0.22 -1.84 -7.68 15.46 8.71 10.91 -17.2 12.18 -11.2 -8.39 6.46 -2.98 0 -0 0 4.01 -12.03 -18.69 34.18 -44.22 -14.24 -0 0 -12.07 48.99 6.76 7.71 -7.12 0 -0 19.33 39.47 -2.75 0 -0 0 32.67 45.55 39.82 -35.07 44.86 -14.87 0 -0 -29.61 -14.58 12.78 -3.29 7.12 -0 -0 8.78 -16.88 5.92
-0.34 17.31 -11.09 183.83 -74.05 176.52 0 0 0 -23.47 -4.56 0.05 4.24 12.47 37.41 -2.13 -25.55 3.16 4.61 12.92 39.09 0 0 0 18.42 16.29 -23.68 -3.13 -10.9 31.94 0.62 16.64 -3.89 -0.98 -6.31 17.69 5.69 -2.48 4.72 3.38 -2.76 -5.21 0.72 -1.64 -8.25 15.37 8.76 11.04 -17.71 12.18 -11.35 -8.56 6.49 -3.01 0 -0 0 2.84 -11.88 -18.82 34.64 -44.55 -14.56 -0 0 -12.92 48.46 7.29 8.15 -7.12 0 -0 19.01 40.15 -2.37 0 -0 0 31.51 45.53 39.98 -35.15 44.92 -14.92 0 -0 -30.23 -14.34 13.49 -3.41 7.12 -0 -0 8.95 -16.18 6.18
-0.56 17.17 -11.14 190.31 -77.25 169.62 0 0 0 -21.2 -2.33 -3.42 5.84 14.28 44.36 -1.54 -24.47 -3.71 1.13 6.75 18.98 0 0 0 19.6 14.04 -24.82 -3.9 -12.03 35.85 0.52 16.74 -5.65 -1.49 -7.72 21.85 7.07 -2.29 5.61 3.43 -2.29 -5.18 0 -1.5 -8.8 15.94 9.09 11.59 -17.66 12.77 -12.07 -8.69 6.78 -3.18 0 0 0 2.03 -10.21 -17.97 37.57 -46.56 -16.66 -0 0 -14.79 48.74 8.1 9.12 -7.12 0 -0 19.49 41.32 -1.85 0 0 0 33.14 45.97 40.08 -35.39 45.09 -15.09 0 -0 -29.48 -15.43 11.53 -3.16 7.12 -0 -0 8.21 -18.1 5.3
-0.77 17.03 -11.21 197.61 -81.45 161.97 0 0 0 -19.24 -0.36 -7.32 7.62 15.83 51.18 -1.14 -22.36 -5.24 0.51 4.57 12.7 0 0 0 19.56 13.23 -25.46 -4.75 -13.1 39.73 0.02 14.59 -9.97 -1.38 -7.43 20.99 7.01 -2.26 6.37 3.42 -2.16 -5.36 0.05 -1.44 -9.45 16.1 9.43 11.68 -16.51 13.43 -11.99 -8.33 7.03 -3.14 0 -0 0 1.33 -9.65 -17.62 38.99 -47.46 -17.69 -0 0 -15.23 48.18 6.87 7.61 -7.12 0 -0 18.64 39.52 -2.62 0 -0 0 35.55 45.92 40.32 -35.79 45.37 -15.37 0 -0 -30.2 -16.36 10.41 -3.04 7.12 -0 -0 7.56 -19.19 4.7
-0.98 16.91 -11.26 224.45 -85.76 134.41 0 0 0 -17.37 2.2 -10.73 9.02 16.82 56.17 0.22 -16.73 -13.8 0.82 -5.78 -16.15 0 0 0 19.72 12.1 -25.09 -5.48 -13.91 42.88 -0.57 11.4 -14.58 -1.23 -7.03 19.8 7.3 -1.93 6.64 3.19 -1.67 -5.16 -0.42 -1.22 -9.37 16.59 9.32 11.5 -15.6 13.48 -11.55 -8.09 6.99 -3.02 0 0 0 1.31 -9.7 -15.91 41.27 -48.81 -19.39 -0 0 -16.01 48.03 7.07 7.79 -7.12 0 -0 18.55 39.79 -2.48 0 0 0 37.56 45.4 39.05 -35.25 44.99 -14.99 0 -0 -31.05 -16.63 9.5 -2.82 7.12 -0 -0 7.37 -20.11 4.42
-1.2 16.86 -11.27 308.37 -86.16 49.99 0 0 0 -16.03 3.56 -14.08 10.04 17.43 59.63 1.18 -9.99 -19.6 1.18 -6.91 -19.44 0 0 0 19.42 10.2 -24.24 -5.89 -14.32 44.54 -0.97 8.84 -17.74 -1.36 -7.38 20.85 6.93 -1.99 6.5 3.65 -1.79 -4.93 0.27 -1.22 -9.01 15.7 9.69 11.77 -14.81 13.96 -11.32 -7.71 7.23 -3.05 0 -0 0 0.21 -8.44 -15.2 42.55 -49.51 -20.36 -0 0 -14.52 48.3 6.44 7.18 -7.12 0 -0 18.62 38.93 -2.9 0 -0 0 38.1 45.88 39.71 -35.34 45.06 -15.06 0 -0 -32.33 -17.34 7.99 -2.49 7.12 -0 -0 6.89 -21.64 3.89
-1.38 16.86 -11.24 338.46 -81.74 19.85 0 0 0 -14.87 5.18 -18.11 10.48 17.67 61.07 1.55 -8.03 -22.29 0.53 -4.67 -12.98 0 0 0 19.03 8.11 -23.5 -6.01 -14.44 45.02 -1.29 6.25 -20.35 -1.49 -7.72 21.85 7.44 -1.41 6.52 3.17 -0.96 -5.01 -0.64 -0.87 -9.09 16.58 9.3 10.79 -14.17 13.57 -10.22 -7.52 6.96 -2.62 -0 0 0 1.41 -9.44 -14.22 42.92 -49.71 -20.64 -0 0 -13.07 47.21 7.41 7.94 -7.12 0 -0 17.91 40.16 -2.22 -0 0 0 37.9 44.9 39.26 -35.47 45.14 -15.14 0 -0 -32.61 -16.32 7.93 -2.31 7.12 -0 -0 7.63 -21.75 4.3
-1.53 16.91 -11.16 347.23 -76.81 11.18 0 0 0 -14.23 6.65 -22.11 10.22 17.53 60.24 1.73 -6.85 -23.64 1.03 -6.45 -18.1 0 0 0 18.47 5.39 -22.65 -5.87 -14.31 44.48 -1.43 3.97 -21.66 -1.25 -7.09 19.97 7.46 -0.98 6.43 3.07 -0.39 -5.09 -0.85 -0.59 -9.09 17.41 8.97 10.46 -14.1 13.23 -9.79 -7.58 6.76 -2.44 0 -0 0 2.48 -9.11 -13.24 43.2 -49.86 -20.86 -0 0 -11.6 47.19 6.74 7.22 -7.12 0 -0 17.72 39.23 -2.62 0 -0 0 36.58 44.27 39.54 -36.3 45.72 -15.74 0 -0 -33.01 -15.93 6.88 -1.96 7.12 -0 -0 7.95 -22.85 4.28
-1.67 17.04 -11.02 351.1 -72.36 7.66 0 0 0 -14.08 8.16 -25.62 9.36 17.03 57.33 1.85 -9.04 -24.36 0.1 2.09 5.74 0 0 0 17.85 2.13 -21.14 -5.27 -13.69 42 -1.41 1.87 -21.94 -0.98 -6.31 17.68 7.37 -0.68 6.26 3.32 0.02 -5.29 -0.59 -0.39 -9.17 16.71 9.03 9.84 -13.3 13.22 -8.99 -7.16 6.74 -2.22 -0 0 0 2.95 -7.25 -11.93 44.66 -50.6 -21.97 -0 0 -11.87 47.27 6.7 7.2 -7.12 0 -0 17.78 39.19 -2.65 -0 0 0 34.94 44.42 40.84 -37.25 46.35 -16.42 0 -0 -32.81 -15.09 7.66 -2.06 7.12 -0 -0 8.53 -22.08 4.75
-1.82 17.25 -10.84 352.23 -67.79 6.44 0 0 0 -14.01 10.32 -28.34 8.08 16.18 52.84 2.31 -3.29 -27.95 0.14 -2.39 -6.58 0 0 0 17.74 -1.07 -17.96 -4.29 -12.53 37.64 -1.22 -0.95 -21.28 -0.54 -4.7 13.07 7.67 -0.05 6.14 3.53 0.91 -5.47 -0.65 0.03 -9.25 16.06 8.34 11.1 -12.23 12.41 -10.22 -6.89 6.29 -3.03 -0 -0 0 4.26 -7.31 -10.45 44.19 -50.36 -21.61 -0 0 -12.41 47.08 8.27 8.8 -7.12 0 -0 18.01 41.33 -1.69 -0 -0 0 33.35 42.78 40.83 -38.54 47.18 -17.36 0 -0 -32.84 -13.72 8.59 -2.09 7.12 -0 -0 9.48 -21.19 5.49
-1.94 17.48 -10.6 354.19 -63.62 4.26 0 0 0 -15.51 12.5 -28.94 6.18 14.6 45.7 2.09 3.58 -28.81 0.1 -2 -5.51 0 0 0 16.57 -3.02 -14.45 -3.52 -11.49 33.96 -0.99 -2.21 -19.69 -0.87 -5.95 16.65 7.53 0.55 5.72 3.48 1.64 -5.31 -0.72 0.41 -8.78 16.8 7.85 9.88 -11.67 11.78 -8.52 -6.68 5.94 -2.41 0 0 0 5.45 -6.93 -9.42 43.92 -50.23 -21.4 -0 0 -12.55 47.08 8.17 8.69 -7.12 0 -0 17.99 41.2 -1.75 0 0 0 32.1 41.77 40.99 -39.23 47.6 -17.86 0 -0 -32.64 -13.2 9.88 -2.3 7.12 -0 -0 9.81 -19.91 5.97
-2.06 17.74 -10.28 353.38 -59.64 4.24 0 0 0 -15.86 14.7 -28.86 4.49 12.79 38.58 1.45 9.64 -28.03 0.04 1.26 3.47 0 0 0 16.14 -5.39 -10.65 -2.83 -10.42 30.35 -0.56 -3.48 -15.81 -1.19 -6.92 19.47 8.55 1.07 4.96 3.82 2.34 -4.99 -1 0.74 -7.91 17.06 7.38 8.93 -10.62 11.14 -7.12 -6.29 5.59 -1.99 -0 -0 0 6.48 -6.25 -7.91 44.33 -50.44 -21.72 -0 0 -12.8 46.81 8.37 8.81 -7.12 0 -0 17.79 41.42 -1.63 -0 -0 0 31.04 40.47 41.22 -39.67 47.87 -18.19 0 -0 -32.41 -13.03 11.01 -2.53 7.12 -0 -0 9.89 -18.78 6.28
-2.14 17.97 -9.94 353.11 -55.19 3.41 0 0 0 -16.58 16.84 -28.3 3.31 11.18 32.9 0.76 15.73 -28.61 0.4 4.08 11.29 0 0 0 15.18 -8.6 -8.18 -2.58 -9.99 28.93 -0.11 -5.52 -10.48 -1.33 -7.29 20.58 8.84 1.01 4.04 4.54 2.16 -4.5 -0.36 0.7 -6.88 18.59 6.72 7.68 -11.37 10.24 -4.96 -6.63 5.18 -1.16 -0 -0 0 7.49 -5.6 -6.56 42.4 -49.43 -20.24 -0 0 -12.2 47.39 8.2 8.81 -7.12 0 -0 18.28 41.27 -1.75 -0 -0 0 29.77 40.46 41.97 -39.43 47.73 -18.01 0 -0 -32.61 -13.09 10.87 -2.51 7.12 -0 -0 9.86 -18.91 6.22
-2.15 18.13 -9.55 351.61 -50.2 3.77 0 0 0 -15.94 15.28 -26.21 2.51 9.86 28.53 0.85 18.41 -32.12 2.9 10.54 30.73 0 0 0 14.67 -10.8 -7.34 -2.78 -10.32 30.03 0.14 -7.44 -6.32 -2.38 -9.61 27.73 9.84 1.07 3.28 5.45 2.2 -3.98 0.05 0.74 -5.89 19.21 6.68 4.86 -10.42 9.81 -2.57 -6.24 4.93 -0.09 -0 -0 0 8.62 -5.82 -6.34 41.24 -48.79 -19.37 -0 0 -11.93 47.47 7.86 8.48 -7.12 0 -0 18.26 40.81 -1.96 -0 -0 0 27.72 39.96 41.28 -39.26 47.63 -17.89 0 -0 -32.9 -12.52 11.56 -2.55 7.12 -0 -0 10.23 -18.25 6.62
-2.13 18.12 -9.17 351.13 -45.3 3 0 0 0 -16.29 15.24 -25.22 2.32 9.5 27.38 0.2 18.78 -28.12 3.02 10.73 31.39 0 0 0 13.21 -12.2 -7.63 -3.53 -11.5 33.99 0.17 -7.37 -2.16 -2.57 -9.96 28.85 10.33 0.49 2.67 6.56 1.44 -4.42 1.03 0.34 -6.11 18.96 6.09 6.84 -10.54 9.41 -1.67 -6.32 4.82 -0.2 0 -0 0 8.75 -4.81 -4.4 40.2 -48.19 -18.59 -0 0 -10.66 46.98 8.62 9.13 -7.12 0 -0 18.01 41.8 -1.48 0 -0 0 27.38 39.63 43.25 -40.04 48.1 -18.47 0 -0 -32.9 -11.84 11.34 -2.36 7.12 -0 -0 10.71 -18.51 6.88
-2.1 17.97 -8.83 350.71 -40.13 2.11 0 0 0 -16.43 14.56 -23.84 2.51 9.86 28.52 0.11 15.62 -23.28 0.86 5.91 16.52 0 0 0 11.59 -13.98 -7.83 -4.37 -12.64 38.03 0.09 -5.86 0.48 -2.65 -10.1 29.32 10.71 -0.05 2.59 7.42 0.76 -4.45 1.79 0.01 -6.15 18.9 5.75 5.92 -10.96 8.83 -0.33 -6.39 4.56 0.27 -0 0 0 9.96 -4.37 -4.47 38.42 -47.1 -17.27 -0 0 -10.16 46.95 8.39 8.88 -7.12 0 -0 17.93 41.47 -1.62 -0 0 0 26.41 39.21 43.02 -41.27 48.8 -19.39 0 -0 -32.21 -10.78 12 -2.27 7.12 -0 -0 11.43 -17.91 7.51
-2.07 17.8 -8.48 351.63 -35.84 0.12 0 0 0 -17.91 15.81 -23.36 2.76 10.3 29.94 0.43 12.02 -21.94 0.11 2.17 5.98 0 0 0 9 -14.48 -5.95 -4.57 -12.88 38.93 0.09 -5.31 -1.71 -2.19 -9.25 26.57 9.92 -0.28 2.71 7.79 0.43 -4.08 2.63 -0.08 -5.84 18.63 5.48 5.39 -11.24 8.35 -0.4 -6.43 4.31 0.27 -0 0 0 10.84 -4.56 -5.42 36.94 -46.15 -16.19 -0 0 -9.85 47.82 8.98 9.78 -7.12 0 -0 18.89 42.42 -1.25 -0 0 0 26.44 39.39 41.58 -41.75 49.07 -19.75 0 -0 -31.61 -10.69 10.72 -2.01 7.12 -0 -0 11.54 -19.19 7.26
-2.03 17.6 -8.17 354.13 -31.66 -3.07 0 0 0 -20.39 16.67 -23.05 3.39 11.31 33.32 0.78 7.9 -21.41 0 -0.3 -0.82 0 0 0 5.39 -13.74 -2.87 -4.05 -12.22 36.52 0.13 -7.46 -6.75 -2.54 -9.9 28.67 8.09 -0.48 3.52 7.7 0.16 -3.7 3.56 -0.12 -5.89 16.91 5.27 5.21 -10.09 7.93 -0.47 -5.81 4.08 0.1 0 -0 0 9.93 -5.25 -7.71 37.2 -46.32 -16.39 -0 0 -10.3 47.42 8.82 9.48 -7.12 0 -0 18.47 42.14 -1.36 0 -0 0 28.36 39.06 40.2 -42.26 49.36 -20.14 0 -0 -30.35 -9.26 12.65 -2.05 7.12 -0 -0 12.44 -17.35 8.37
-1.99 17.38 -7.91 354.86 -28.34 -4.29 0 0 0 -21.36 16.91 -23.54 4.06 12.24 36.58 1.18 4.01 -22.31 0.01 -0.64 -1.76 0 0 0 4.59 -11.19 -1.1 -3.26 -11.1 32.62 0.34 -12.09 -11.18 -2.05 -8.97 25.69 8.29 -0.14 2.92 7.63 0.47 -3.06 3.32 0.06 -4.86 17.12 5.21 3.71 -10.8 7.66 0.75 -6 3.94 0.7 -0 0 0 9.33 -6.32 -9.89 37.65 -46.62 -16.71 -0 0 -11.12 48.46 8.38 9.34 -7.12 0 -0 19.32 41.68 -1.65 -0 0 0 29.48 38.53 38.7 -42.69 49.59 -20.47 0 -0 -30.87 -9.03 13.11 -2.06 7.12 -0 -0 12.59 -16.91 8.59
-1.91 17.23 -7.66 355.17 -25.22 -4.81 0 0 0 -22.21 15.59 -23.36 4.55 12.86 38.86 1.6 1.28 -24.43 0 0.18 0.48 0 0 0 4.23 -8.91 -1.04 -2.71 -10.2 29.63 0.04 -13.05 -18.07 -4.54 -12.85 38.8 9.47 0.12 2.49 7.37 0.81 -2.98 2.36 0.19 -4.52 17.2 5.13 4.62 -10.74 7.66 -0.25 -6.04 3.94 0.26 -0 -0 0 8.88 -6.76 -10.69 38.48 -47.14 -17.32 -0 0 -10.87 48.12 8.33 9.18 -7.12 0 -0 18.99 41.56 -1.68 -0 -0 0 31.22 38.61 38.54 -41.58 48.98 -19.62 0 -0 -31.02 -8.25 14.48 -2.08 7.12 -0 -0 13.06 -15.6 9.32
-1.83 17.08 -7.46 355.63 -21.64 -5.64 0 0 0 -23.19 12.99 -22.36 5.01 13.39 40.85 1.84 0.56 -25.89 0.01 -0.67 -1.84 0 0 0 3.67 -8.07 -2.79 -2.54 -9.9 28.66 -0.01 -14.34 -20.45 -4.52 -12.83 38.72 9.87 0.11 3.09 7.61 0.93 -2.99 2.39 0.23 -4.87 17.14 5.47 4.01 -11.6 8.07 0.49 -6.26 4.16 0.66 0 -0 0 7.43 -6.41 -11.19 39.33 -47.67 -17.94 -0 0 -10.49 48.19 7.32 8.1 -7.12 0 -0 18.77 40.15 -2.34 0 -0 0 31.8 39.39 38.94 -40.55 48.39 -18.85 0 -0 -30.81 -8.14 14.83 -2.1 7.12 -0 -0 13.12 -15.26 9.46
-1.76 16.97 -7.3 355.94 -17.76 -6.29 0 0 0 -24.07 11.06 -21.39 5.34 13.75 42.25 2.13 -1.68 -27.17 0 -0.15 -0.41 0 0 0 3.42 -8.02 -5.09 -2.46 -9.77 28.24 -0.19 -14.39 -22.42 -4.86 -13.22 40.19 10.28 0.16 3.81 7.54 1.18 -3.25 2.08 0.32 -5.56 17.65 5.43 3.57 -12.08 7.98 0.76 -6.47 4.11 0.84 0 -0 0 7.4 -6.74 -10.6 39.27 -47.63 -17.89 -0 0 -10.88 48.55 7.12 7.99 -7.12 0 -0 19.04 39.92 -2.49 0 -0 0 32.46 39.02 39.24 -40.25 48.21 -18.62 0 -0 -30.84 -8.69 12.59 -1.91 7.12 -0 -0 12.84 -17.43 8.62
-1.72 16.91 -7.15 355.9 -13.59 -6.87 0 0 0 -24.57 9.33 -20.04 5.5 13.92 42.92 2.29 -3.21 -27.8 0 -0.31 -0.86 0 0 0 3.69 -7.44 -6.87 -2.38 -9.61 27.74 -0.17 -15.14 -23.13 -5.28 -13.69 42.01 10.2 0.25 4.09 7.74 1.31 -2.87 2.32 0.42 -5.31 17.36 5.73 2.97 -11.38 8.18 -0.63 -6.2 4.16 0.52 0 -0 0 7.8 -7.21 -11.05 38.86 -47.38 -17.6 -0 0 -10.97 48.68 7.71 8.68 -7.12 0 -0 19.33 40.77 -2.1 0 -0 0 31.62 38.99 38.03 -40.11 48.14 -18.52 0 -0 -30.65 -8.01 14.77 -2.05 7.12 -0 -0 13.21 -15.33 9.51
-1.68 16.86 -7.03 356.12 -9.02 -7.02 0 0 0 -25.5 6.88 -18.75 5.51 13.94 42.99 2.28 -4.64 -27.53 0 -0.37 -1.03 0 0 0 3.52 -5.99 -9.1 -2.48 -9.8 28.33 -0.03 -14.94 -21.55 -5.01 -13.4 40.87 9.87 0.04 3.79 7.94 1.02 -3.13 2.74 0.29 -5.44 16.91 5.59 4.77 -11.33 8.2 -2.31 -6.21 4.18 -0.28 0 -0 0 7.89 -6.79 -10.39 38.74 -47.31 -17.51 -0 0 -11.54 48.28 7.19 7.99 -7.12 0 -0 18.81 39.99 -2.42 0 -0 0 31.33 39 38.66 -40.18 48.17 -18.57 0 -0 -31.07 -8.15 15.27 -2.16 7.12 -0 -0 13.09 -14.83 9.56
-1.63 16.85 -6.91 355.74 -4.63 -7.06 0 0 0 -25.88 4.08 -17.25 5.5 13.93 42.95 2.35 -5.33 -27.86 0.06 -1.62 -4.45 0 0 0 3.93 -4 -10.79 -2.57 -9.96 28.86 0.16 -14.12 -18.13 -4.4 -12.68 38.17 10.21 -0.06 3.69 8.16 0.94 -3.16 2.8 0.25 -5.42 16.72 5.77 4.93 -11.52 8.41 -3.25 -6.27 4.27 -0.55 -0 -0 0 8.01 -6.58 -10.7 39.05 -47.5 -17.74 -0 0 -11.77 48.33 7.86 8.74 -7.12 0 -0 19.05 40.94 -1.99 -0 -0 0 30.73 39.38 38.28 -40.01 48.07 -18.44 0 -0 -30.8 -7.82 15.23 -2.07 7.12 -0 -0 13.31 -14.89 9.71
-1.6 16.85 -6.82 355.62 -0.31 -6.79 0 0 0 -26.47 1.15 -16.11 5.45 13.88 42.74 2.28 -6.3 -27.28 0.02 -0.98 -2.68 0 0 0 4.06 -1.43 -13.26 -2.76 -10.29 29.93 0.14 -12.14 -15.26 -4.22 -12.45 37.33 10.19 0.02 3.91 8.32 1.14 -3.45 2.98 0.34 -5.85 16.11 5.86 4.83 -11.66 8.44 -3.87 -6.22 4.29 -0.73 -0 0 0 8 -6.33 -11.26 39.64 -47.85 -18.17 -0 0 -11.54 48.16 7.3 8.07 -7.12 0 -0 18.73 40.12 -2.35 -0 0 0 30.6 40.2 37.66 -39.34 47.67 -17.95 0 -0 -30.23 -8.47 15.5 -2.28 7.12 -0 -0 12.88 -14.58 9.46
-1.57 16.87 -6.72 356.46 3.89 -6.2 0 0 0 -28.04 -1.27 -15.02 5.27 13.68 41.99 2.22 -6.27 -26.94 0.12 -2.22 -6.1 0 0 0 3.14 0.2 -16.33 -2.87 -10.48 30.54 0.13 -9.09 -10.12 -3.11 -10.87 31.83 9.3 0.26 3.7 7.95 1.42 -3.93 3.05 0.5 -6.25 16.13 5.77 5.62 -11.83 8.38 -5.13 -6.35 4.26 -1.23 0 0 0 8.48 -6.01 -11.62 40.23 -48.21 -18.61 -0 0 -11.14 47.4 6.94 7.49 -7.12 0 -0 17.96 39.53 -2.52 0 0 0 30.74 40.29 37.13 -39.28 47.64 -17.91 0 -0 -30.7 -7.97 15.8 -2.18 7.12 -0 -0 13.2 -14.32 9.79
-1.56 16.89 -6.62 356.46 8.01 -5.84 0 0 0 -28.54 -3.43 -13.71 5.07 13.47 41.14 2.16 -7.1 -26.49 0.25 -3.2 -8.84 0 0 0 3.32 3.17 -18.15 -2.78 -10.33 30.04 0.06 -6.14 -6.96 -2.87 -10.49 30.57 9.15 0.34 3.85 7.84 1.58 -4.15 3.01 0.58 -6.57 16.4 5.73 5.81 -12.93 8.28 -6.16 -6.78 4.22 -1.51 -0 0 0 8.59 -5.49 -12.08 40.56 -48.4 -18.86 -0 0 -11.07 50.03 7.63 9 -7.12 0 -0 20.54 40.85 -2.21 -0 0 0 30.85 40.75 36.59 -39.69 47.88 -18.21 0 -0 -31.18 -8.11 15.39 -2.16 7.12 -0 -0 13.12 -14.72 9.62
-1.56 16.92 -6.51 356.77 12.43 -5.37 0 0 0 -29.3 -5.55 -12.36 4.84 13.21 40.15 2.15 -7.56 -26.37 0.67 -5.23 -14.56 0 0 0 3.32 5.39 -19.91 -2.67 -10.14 29.42 0.02 -4.22 -5.3 -2.95 -10.62 31.01 8.63 0.42 3.86 7.52 1.68 -4.4 2.95 0.64 -6.85 15.93 6.02 6.13 -12.81 8.64 -6.91 -6.69 4.41 -1.75 -0 0 0 8.95 -5.14 -12.95 40.77 -48.52 -19.01 -0 0 -11.69 49.7 7.59 8.85 -7.12 0 -0 20.22 40.74 -2.23 -0 0 0 31.05 41.11 36.2 -40.16 48.16 -18.56 0 -0 -31.07 -8.1 15.96 -2.24 7.12 -0 -0 13.1 -14.16 9.76
-1.56 17 -6.39 356.65 16.81 -5.17 0 0 0 -29.42 -6.86 -10.69 4.51 12.81 38.68 1.93 -9.77 -24.91 0.51 -4.6 -12.77 0 0 0 4.16 7.27 -21.22 -2.52 -9.88 28.6 0.03 -4.28 -4.75 -3.24 -11.08 32.53 8.42 0.62 3.98 7.23 1.96 -4.48 2.73 0.78 -6.99 16.51 5.95 6.05 -13.87 8.5 -7.5 -7.14 4.36 -1.85 -0 0 0 9.31 -5.73 -13.87 40.38 -48.29 -18.72 -0 0 -12.52 49.48 6.95 8.06 -7.12 0 -0 19.82 39.79 -2.67 -0 0 0 30.68 41.51 35.53 -40.68 48.47 -18.94 0 -0 -31.25 -8.52 15.69 -2.32 7.12 -0 -0 12.84 -14.39 9.49
-1.57 17.04 -6.24 356.94 21.41 -4.85 0 0 0 -29.83 -8.11 -9.02 4.19 12.4 37.17 1.74 -12.54 -23.95 0.49 -4.48 -12.44 0 0 0 4.85 7.97 -22.66 -2.37 -9.59 27.67 0.06 -4.89 -3.9 -3.07 -10.81 31.64 7.84 0.63 4.28 6.84 1.97 -4.63 2.63 0.8 -7.31 16.09 6.13 5.53 -14.03 8.63 -7.38 -7.09 4.43 -1.72 0 -0 0 9.57 -5.41 -14.11 40.55 -48.39 -18.85 -0 0 -13.37 49.22 6.51 7.49 -7.12 0 -0 19.46 39.13 -2.94 0 -0 0 30.5 42.24 35.01 -40.47 48.35 -18.79 0 -0 -31.79 -8.05 15.52 -2.17 7.12 -0 -0 13.15 -14.59 9.68
-1.59 17.09 -6.07 357.09 25.98 -4.52 0 0 0 -29.98 -9.29 -7.51 3.95 12.09 36.06 1.37 -15.37 -22.09 0.16 -2.6 -7.16 0 0 0 5.98 8.34 -23.69 -2.1 -9.07 26.01 0.12 -6.08 -3.16 -3.45 -11.39 33.6 7.23 0.75 4.32 6.45 2.08 -4.76 2.54 0.87 -7.47 16.44 6.18 5.99 -14.9 8.72 -7.83 -7.46 4.51 -1.85 0 -0 0 9.64 -6.01 -14.78 40.25 -48.22 -18.63 -0 0 -13.32 48.55 6.49 7.3 -7.12 0 -0 18.86 39.04 -2.89 0 -0 0 30.29 42.31 34.47 -40.68 48.47 -18.95 0 -0 -31.57 -8.02 16.43 -2.28 7.12 -0 -0 13.15 -13.7 9.93
-1.59 17.14 -5.87 357.68 30.44 -3.77 0 0 0 -30.38 -10.24 -6.09 3.61 11.63 34.43 0.81 -18.46 -19.37 0.01 -0.53 -1.47 0 0 0 6.71 8.94 -24.79 -1.86 -8.57 24.46 0.11 -5.87 -2.72 -3.61 -11.62 34.41 6.23 0.89 4.01 6.03 2.15 -4.89 2.64 0.94 -7.44 16.34 6.33 6.79 -15.47 8.97 -8.62 -7.69 4.68 -2.15 0 0 0 9.42 -6.5 -14.84 40.25 -48.22 -18.63 -0 0 -12.49 49.76 6.33 7.42 -7.12 0 -0 19.88 38.94 -3.11 0 0 0 29.8 42.88 34.61 -41.12 48.72 -19.28 0 -0 -31.69 -8.81 15.48 -2.37 7.12 -0 -0 12.65 -14.58 9.29
-1.58 17.22 -5.64 358.11 34.6 -3.23 0 0 0 -30.66 -11.11 -4.1 3.2 11.02 32.33 0.03 -20.86 -14.92 0.25 3.21 8.87 0 0 0 7.82 9.37 -25.43 -1.6 -7.98 22.64 0.08 -5.06 -0.94 -2.81 -10.37 30.19 5.41 1.1 3.66 5.63 2.29 -4.67 2.66 1.05 -7 16.26 6.62 6.63 -15.97 9.28 -8.87 -7.83 4.86 -2.11 -0 0 0 9.08 -6.95 -15.38 40.55 -48.39 -18.85 -0 0 -12.71 49.37 5.77 6.68 -7.12 0 -0 19.37 38.09 -3.45 -0 0 0 29.25 43.46 33.5 -40.86 48.57 -19.08 0 -0 -30.69 -8.25 17.08 -2.44 7.12 -0 -0 12.98 -13.05 9.98
-1.55 17.3 -5.39 358.52 38.9 -2.77 0 0 0 -30.7 -11.6 -1.89 2.8 10.37 30.17 -0.98 -23.88 -8.98 1.49 7.72 21.87 0 0 0 9.15 8.47 -26.32 -1.4 -7.49 21.17 0.02 -2.58 -0.36 -3.82 -11.92 35.45 4.86 1.14 3.54 4.96 2.26 -4.87 2.27 1.04 -7.12 16.64 6.56 7.72 -16.36 9.35 -9.2 -8.09 4.94 -2.34 -0 -0 0 9.14 -7.17 -14.98 40.97 -48.63 -19.16 -0 0 -12.63 48.84 6.2 7.04 -7.12 0 -0 19.03 38.65 -3.11 -0 -0 0 30.11 44.09 34.57 -41.24 48.79 -19.36 0 -0 -31.49 -8.75 15.96 -2.42 7.12 -0 -0 12.67 -14.11 9.44
-1.51 17.37 -5.11 359.38 43.26 -1.63 0 0 0 -30.72 -12.05 -0.43 2.48 9.81 28.36 -1.85 -26.27 -3.38 2.82 10.39 30.25 0 0 0 9.79 7.91 -27.2 -1.24 -7.06 19.9 -0.01 -0.38 1.37 -4.2 -12.42 37.25 3.93 1.13 3.43 4.36 2.16 -5.11 2.16 1.02 -7.31 16.21 6.81 7.74 -16.39 9.66 -9.01 -8.01 5.11 -2.26 -0 -0 0 9.01 -8.09 -15.19 40.04 -48.09 -18.47 -0 0 -12.5 48.45 5.98 6.7 -7.12 0 -0 18.63 38.29 -3.21 -0 -0 0 30.68 44.89 35.19 -41.23 48.78 -19.36 0 -0 -31.61 -9.43 16.61 -2.72 7.12 -0 -0 12.21 -13.42 9.26
-1.47 17.44 -4.83 359.58 47.72 -1.03 0 0 0 -29.93 -11.95 0.65 2.25 9.37 26.96 -2.48 -27.51 2.97 4.55 12.86 38.85 0 0 0 10.74 7.21 -27.42 -1.11 -6.68 18.78 0.06 4.38 2.84 -3.82 -11.92 35.44 3.67 1.08 3.47 3.81 2.05 -5.47 1.74 0.96 -7.7 16.69 6.86 8.91 -17.29 9.87 -9.49 -8.47 5.29 -2.48 0 0 0 8.39 -8.99 -15.96 39.58 -47.82 -18.12 -0 0 -11.61 48.5 6.22 6.99 -7.12 0 -0 18.74 38.65 -3.06 0 0 0 31.35 45.36 35.86 -41.24 48.79 -19.36 0 -0 -31.69 -9.29 16.22 -2.62 7.12 -0 -0 12.31 -13.82 9.23
-1.41 17.5 -4.51 360.34 52.69 -0.01 0 0 0 -29.33 -11.91 1.43 2.13 9.13 26.2 -2.82 -28.23 8.8 5.59 14.02 43.3 0 0 0 10.48 7.49 -26.5 -1.04 -6.49 18.22 0.23 8.52 3.01 -4.24 -12.47 37.41 3.11 1.07 3.09 3.07 1.92 -5.41 1.3 0.9 -7.41 17.52 7.01 8.79 -18.41 10.11 -9.35 -8.95 5.44 -2.26 -0 -0 0 8.8 -10.16 -16.48 38.52 -47.17 -17.34 -0 0 -11.95 48.76 6.28 7.11 -7.12 0 -0 18.98 38.75 -3.05 -0 -0 0 31.29 45.78 35.38 -41.59 48.99 -19.63 0 -0 -31.7 -8.76 16.31 -2.48 7.12 -0 -0 12.66 -13.77 9.52
-1.33 17.55 -4.2 361.08 57.81 1.08 0 0 0 -28.61 -12.12 2.25 2.02 8.9 25.48 -2.53 -27.11 15.42 6.23 14.65 45.89 0 0 0 9.94 8.39 -25.13 -1.09 -6.64 18.64 0.33 10.15 3.5 -3.98 -12.13 36.19 2.35 0.62 2.69 2.92 1.23 -5.3 1.63 0.61 -7.05 17.39 7.42 9.14 -19.72 10.65 -9.48 -9.37 5.81 -2.17 0 -0 0 8.22 -9.29 -15.55 38.73 -47.3 -17.5 -0 0 -12.91 49.35 7.68 8.85 -7.12 0 -0 19.93 40.82 -2.15 0 -0 0 30.99 47.16 36.16 -42.1 49.26 -20.01 0 -0 -31.66 -9.23 16.02 -2.57 7.12 -0 -0 12.35 -14.02 9.21
-1.23 17.59 -3.85 361.64 62.79 1.93 0 0 0 -27.53 -12.15 3.1 1.91 8.67 24.77 -2.42 -27.15 18.21 6.09 14.52 45.36 0 0 0 9.74 9.45 -23.07 -1.27 -7.15 20.15 0.48 12.37 1.9 -3.87 -11.98 35.67 2.1 0.55 2.71 2.36 1.11 -5.57 1.18 0.54 -7.35 18.46 7.18 11.47 -21.73 10.55 -11.15 -10.47 5.95 -2.87 0 0 0 8.03 -9.9 -15.03 38.2 -46.97 -17.11 -0 0 -12.7 48.94 5.64 6.44 -7.12 0 -0 18.96 37.86 -3.48 0 0 0 31.27 47.37 36.98 -42.26 49.35 -20.14 0 -0 -31.63 -9.15 16.01 -2.54 7.12 -0 -0 12.41 -14.03 9.25
-1.12 17.65 -3.49 362.08 67.62 3.04 0 0 0 -26.13 -12.66 3.51 1.81 8.46 24.13 -1.76 -25.26 21.71 6.06 14.48 45.21 0 0 0 9.84 10.34 -21.86 -1.39 -7.47 21.11 0.33 10.66 0.55 -4.01 -12.17 36.35 2.02 0.42 2.35 1.95 0.91 -5.78 0.83 0.43 -7.36 17.44 7.89 11.37 -21.97 11.41 -10.74 -10.32 6.44 -2.6 0 -0 0 7.57 -9.67 -14.4 37.84 -46.73 -16.85 -0 0 -12.99 49.24 5.11 5.9 -7.12 0 -0 19.06 37.13 -3.86 0 -0 0 31.22 48.32 37.63 -42.7 49.59 -20.47 0 -0 -31.95 -8.85 15.55 -2.39 7.12 -0 -0 12.62 -14.52 9.28
-0.98 17.76 -3.15 360.72 72.07 2.11 0 0 0 -24.13 -13.33 3.48 1.96 8.79 25.14 -1.52 -24.44 22.47 5.79 14.22 44.15 0 0 0 11.02 8.84 -20.13 -1.31 -7.25 20.47 -0.02 5.05 -4.13 -2.57 -9.97 28.88 2.94 0.74 2.25 1.61 1.37 -5.73 -0.08 0.6 -7.22 16.9 8.46 10.12 -22.69 12.08 -9.57 -10.3 6.78 -1.9 0 -0 0 7.43 -10.26 -14.14 37.62 -46.6 -16.69 -0 0 -13.05 48.96 6.31 7.2 -7.12 0 -0 19.17 38.82 -3.05 0 -0 0 30.42 48.46 37.29 -43.26 49.88 -20.9 0 -0 -31.87 -8.77 15.92 -2.42 7.12 -0 -0 12.66 -14.15 9.42
-0.84 17.8 -2.8 360.55 76.08 2.54 0 0 0 -22.51 -13.84 2.85 2.14 9.15 26.27 -0.41 -20.51 25.74 6.95 15.29 48.68 0 0 0 11.9 5.78 -20.35 -1.39 -7.46 21.08 -0.07 5 -5.41 -2.95 -10.62 31 3.17 1.08 2.18 1.2 1.82 -6.03 -0.68 0.8 -7.47 15.33 8.96 9.78 -22.42 12.65 -8.81 -9.86 7.09 -1.64 0 -0 0 7.22 -11.15 -14.64 35.98 -45.5 -15.51 -0 0 -12.13 48.64 7.33 8.25 -7.12 0 -0 19.18 40.23 -2.36 0 -0 0 29.87 48.9 37.41 -43.59 50.06 -21.15 0 -0 -31.62 -8.55 16.08 -2.39 7.12 -0 -0 12.8 -14.01 9.57
-0.68 17.82 -2.42 354.06 79.69 -3.59 0 0 0 -19.48 -13.27 1.73 2.45 9.74 28.15 -0.27 -19.98 26.07 7.05 15.37 49.06 0 0 0 14.21 3.69 -19.36 -1.35 -7.36 20.79 -0.18 4 -7.7 -2.59 -10 28.96 4.15 1.44 2.61 1.25 2.42 -6.23 -1.24 1.03 -7.89 16.73 9.31 10.41 -25.77 13.5 -8.45 -11.22 7.72 -1.09 -0 0 0 7.05 -10.64 -13.42 36.54 -45.88 -15.91 -0 0 -13.02 48.66 8.07 9.06 -7.12 0 -0 19.41 41.27 -1.87 -0 0 0 30.2 50.22 38.04 -43.12 49.82 -20.79 0 -0 -31.58 -8.12 16.1 -2.27 7.12 -0 -0 13.09 -14.02 9.79
-0.52 17.87 -2.07 346.72 83.55 -10.53 0 0 0 -17.39 -13.15 0.12 2.88 10.5 30.63 -1.1 -21.85 21.32 5.12 13.52 41.34 0 0 0 15.88 0.16 -19.27 -1.35 -7.35 20.75 -0.3 3.93 -9.69 -2 -8.86 25.35 4.61 1.9 2.87 0.84 3.08 -6.64 -2.01 1.3 -8.41 17.1 9.5 10.73 -27.22 14.07 -7.69 -11.74 8.1 -0.66 0 0 0 7.22 -12.04 -13.89 34.69 -44.59 -14.59 -0 0 -11.94 49.23 8.02 9.19 -7.12 0 -0 19.92 41.28 -1.91 0 0 0 30.72 50.8 38.21 -42.43 49.45 -20.27 0 -0 -31.1 -8.5 16.25 -2.4 7.12 -0 -0 12.83 -13.85 9.64
-0.36 17.91 -1.73 317.2 86.82 -39.48 0 0 0 -15.24 -12.5 -2.44 3.49 11.45 33.81 -1.85 -23.34 11.91 2.06 8.99 25.75 0 0 0 17.77 -1.85 -18.85 -1.31 -7.24 20.43 -0.45 2.54 -12.11 -2.43 -9.7 28.02 5.04 2.12 2.35 0.7 3.36 -6.43 -2.39 1.43 -7.84 17.55 10.03 10.19 -28.87 14.99 -7.49 -12.28 8.62 -0.1 0 0 0 7.32 -11.49 -14.72 35.28 -45.01 -15.01 -0 0 -12.19 48.73 8.23 9.26 -7.12 0 -0 19.52 41.5 -1.76 0 0 0 30.72 52.71 37.64 -41.92 49.17 -19.88 0 -0 -31.02 -9.12 16.42 -2.6 7.12 -0 -0 12.42 -13.64 9.37
-0.2 17.94 -1.44 232.09 87 -124.08 0 0 0 -14.07 -10.69 -5.49 4.14 12.35 36.98 -1.35 -20.8 1.73 0 -0.04 -0.12 0 0 0 18.98 -3.82 -18.69 -1.32 -7.27 20.52 -0.62 1.34 -14.52 -2.6 -10.02 29.05 5.45 2.51 2.5 0.06 3.91 -6.73 -3.35 1.64 -8.14 18.11 10.15 10.2 -29.79 15.41 -7.16 -12.66 8.88 0.23 0 0 0 7.72 -11.85 -15.14 35.51 -45.17 -15.17 -0 0 -12.36 48.57 8.32 9.31 -7.12 0 -0 19.4 41.61 -1.69 0 0 0 31.75 53.4 37.16 -40.9 48.6 -19.11 0 -0 -30.28 -9.36 17.1 -2.77 7.12 -0 -0 12.25 -12.95 9.42
-0.03 17.98 -1.15 201.38 83.32 -154.54 0 0 0 -13.52 -9.05 -8.11 4.67 13 39.36 -0.04 -13.67 -9.11 0.83 -5.81 -16.23 0 0 0 20.19 -6.25 -18.36 -1.28 -7.16 20.2 -0.7 -0.24 -15.94 -2.16 -9.19 26.39 5.5 2.61 2.72 -0.16 4.06 -6.87 -3.64 1.69 -8.39 17.38 10.41 10.3 -30.24 15.85 -7.05 -12.66 9.17 0.33 -0 -0 0 7.54 -11.24 -14.77 35.85 -45.41 -15.41 -0 0 -12.25 48.82 8.83 9.95 -7.12 0 -0 19.78 42.37 -1.34 -0 -0 0 32.25 54.51 36.93 -40.02 48.08 -18.46 0 -0 -29.71 -9.18 17.52 -2.78 7.12 -0 -0 12.36 -12.55 9.61
0.16 17.98 -0.9 193.9 79.12 -161.61 0 0 0 -13.29 -5.64 -11.35 4.86 13.23 40.23 0.77 -5.75 -15.61 2.31 -9.47 -27.29 0 0 0 21.49 -7.97 -18.44 -1.32 -7.27 20.53 -0.81 -2.15 -17.87 -2.04 -8.95 25.64 5.77 2.8 2.6 -0.54 4.32 -6.96 -4.21 1.79 -8.35 17.69 10.6 9.94 -31.1 16.37 -6.65 -12.93 9.46 0.75 -0 0 0 7.65 -11.65 -15.57 35.72 -45.32 -15.32 -0 0 -11.26 48.53 9.72 10.82 -7.12 0 -0 19.78 43.56 -0.73 -0 0 0 32.3 55.35 36.64 -39.72 47.91 -18.23 0 -0 -29.83 -9.24 17.42 -2.79 7.12 -0 -0 12.32 -12.64 9.55
0.36 17.98 -0.69 189.56 74.72 -165.73 0 0 0 -13.8 -2.4 -14.03 4.77 13.12 39.82 0.94 -5.09 -17.36 0.82 -5.79 -16.18 0 0 0 22.33 -9.19 -18.4 -1.44 -7.58 21.44 -0.93 -4.09 -20.1 -2.1 -9.07 26.03 5.59 2.92 2.47 -0.77 4.46 -7.06 -4.37 1.87 -8.36 17.67 10.54 10.6 -31.94 16.48 -6.93 -13.31 9.66 0.67 0 -0 0 7.53 -12.09 -16.01 35.44 -45.13 -15.13 -0 0 -10.83 48.39 8.98 9.96 -7.12 0 -0 19.43 42.5 -1.25 0 -0 0 32.47 56.02 36.65 -39.15 47.56 -17.81 0 -0 -29.86 -9.34 17.59 -2.85 7.12 -0 -0 12.26 -12.46 9.55
0.55 17.94 -0.49 185.83 70.26 -169.13 0 0 0 -15.37 0.51 -16.49 4.52 12.82 38.71 1.01 -3.85 -18.05 1.3 -7.23 -20.39 0 0 0 22.64 -10.14 -18.97 -1.69 -8.18 23.28 -1.15 -5.67 -23.04 -2.37 -9.6 27.69 4.98 3.04 2.35 -1.15 4.56 -7.1 -4.43 1.95 -8.33 17.51 10.44 11.13 -32.89 16.47 -7.53 -13.73 9.82 0.49 -0 -0 0 7.43 -11.53 -14.67 35.76 -45.35 -15.35 -0 0 -11.96 48.8 8.88 10 -7.12 0 -0 19.79 42.43 -1.31 -0 -0 0 31.42 56.22 36.06 -39.16 47.56 -17.81 0 -0 -29.88 -9.62 17.51 -2.92 7.12 -0 -0 12.07 -12.52 9.38
0.75 17.92 -0.36 185.09 65.43 -169.72 0 0 0 -16.46 2.79 -18.88 4.31 12.56 37.75 1.13 -2.43 -19.46 1.07 -6.57 -18.44 0 0 0 23.53 -11.02 -19.36 -1.96 -8.79 25.13 -1.5 -5.7 -25.78 -3.07 -10.81 31.63 5.24 3.28 2.05 -1.41 4.88 -7.1 -4.85 2.1 -8.08 17.55 10.4 12.04 -33.31 16.5 -8.4 -14.03 9.99 0.15 0 0 0 7.64 -13.26 -15.66 35.02 -44.83 -14.83 -0 0 -11.18 48.16 8.62 9.5 -7.12 0 -0 19.11 41.97 -1.49 0 0 0 31.7 56.39 34.65 -37.53 46.53 -16.62 0 -0 -28.41 -8.96 18.73 -2.9 7.12 -0 -0 12.49 -11.37 10.03
0.94 17.87 -0.25 185.06 60.41 -169.88 0 0 0 -17.56 4.95 -20.25 4.08 12.27 36.69 1.3 2.32 -22.48 1.21 -6.97 -19.63 0 0 0 24.53 -12.17 -20.22 -2.41 -9.68 27.94 -1.94 -5.46 -28.71 -3.82 -11.91 35.42 5.86 3.09 1.89 -1.41 4.66 -7.01 -5.16 1.96 -7.87 17.34 10.41 12.64 -34.01 16.65 -8.92 -14.35 10.24 -0 0 0 0 7.46 -13.56 -16.14 34.86 -44.71 -14.72 -0 0 -10.63 48.22 8.7 9.61 -7.12 0 -0 19.18 42.09 -1.44 0 0 0 31.35 57.11 34.14 -36.52 45.87 -15.89 0 -0 -28.65 -9.14 19.26 -3.04 7.12 -0 -0 12.37 -10.83 10.06
1.13 17.85 -0.19 183.69 55.32 -171.1 0 0 0 -19.11 5.97 -21.41 3.91 12.04 35.87 1.58 2.64 -24.83 0.27 -3.36 -9.27 0 0 0 24.66 -13.62 -20.76 -2.75 -10.27 29.86 -1.81 -7.85 -29.27 -2.87 -10.48 30.54 5.11 2.99 1.85 -1.47 4.51 -7.25 -4.81 1.94 -8.17 17.79 10.39 12.57 -34.23 17.02 -8.33 -14.44 10.43 0.34 -0 -0 0 7.13 -14.47 -16.13 34.66 -44.57 -14.58 -0 0 -10.48 48.58 8.23 9.22 -7.12 0 -0 19.38 41.49 -1.75 -0 -0 0 31.75 56.53 33.69 -35.95 45.48 -15.49 0 -0 -27.33 -8.98 19.39 -3 7.12 -0 -0 12.47 -10.72 10.18
1.3 17.81 -0.15 183.43 50.22 -171.7 0 0 0 -19.78 5.75 -21.52 3.76 11.83 35.13 1.79 3.81 -26.85 0.02 -0.96 -2.64 0 0 0 24.81 -13.52 -19.8 -3.03 -10.74 31.4 -2.15 -7.78 -31.35 -2.76 -10.29 29.93 5.09 2.56 2.36 -1.37 4.02 -7.61 -4.71 1.67 -8.94 17.31 10.52 12.75 -33.67 17.42 -7.61 -14.07 10.61 0.49 -0 0 0 6.86 -13.96 -14.82 34.99 -44.81 -14.81 -0 0 -11.34 49.87 9.93 11.56 -7.12 0 -0 21.15 44.09 -0.5 -0 0 0 33.11 56.6 34.74 -35.19 44.95 -14.95 0 -0 -27.38 -9.33 20.13 -3.24 7.12 -0 -0 12.24 -9.96 10.18
1.45 17.76 -0.16 182.91 45.03 -172.31 0 0 0 -20.19 5.18 -21.79 3.75 11.81 35.07 1.77 4.83 -27.24 0.11 -2.13 -5.86 0 0 0 24.76 -14.39 -19.38 -3.27 -11.12 32.68 -2.32 -7.72 -32.33 -3.18 -10.98 32.23 5.37 2.43 1.85 -1.73 3.77 -7.14 -5.18 1.56 -8.11 16.78 10.39 13.06 -33.63 16.85 -9.24 -14.14 10.45 -0.22 -0 -0 0 7.62 -14.79 -16 34.42 -44.39 -14.41 -0 0 -11.4 49.57 9.05 10.47 -7.12 0 -0 20.57 42.8 -1.17 -0 -0 0 31.13 56.02 32.86 -35.67 45.28 -15.29 0 -0 -28.17 -9.72 20.1 -3.37 7.12 -0 -0 12 -9.96 9.97
1.58 17.68 -0.19 182.63 40.05 -172.75 0 0 0 -19.74 3.06 -20.52 3.64 11.67 34.56 2.08 1.49 -27.86 0.04 1.31 3.62 0 0 0 24.71 -15 -20.22 -3.95 -12.09 36.04 -2.17 -9.98 -32.84 -1.95 -8.77 25.08 5.39 2.09 1.8 -1.57 3.34 -7.13 -4.98 1.35 -8.14 16.39 10.53 13 -33.88 17.19 -9.3 -14.13 10.7 -0.15 -0 0 0 7.05 -14.86 -16.32 33.91 -44.02 -14.05 -0 0 -11.11 49.8 8.5 9.92 -7.12 0 -0 20.6 42.06 -1.57 -0 0 0 30.56 56.23 32.83 -34.91 44.75 -14.75 0 -0 -27.93 -10.27 21.05 -3.72 7.12 -0 -0 11.65 -8.97 9.91
1.69 17.57 -0.24 181.43 35.73 -174.32 0 0 0 -19.78 0.99 -19.04 3.72 11.77 34.93 1.68 1.73 -25.16 0.48 -4.43 -12.29 0 0 0 23.08 -15.18 -21.69 -5.36 -13.78 42.35 -2.33 -8.56 -32.86 -2.71 -10.2 29.63 4.89 1.93 2.45 -1.84 3.11 -7.07 -5 1.25 -8.49 16.33 10.26 13.81 -34.12 16.9 -9.97 -14.38 10.71 -0.54 0 -0 0 6.74 -14.34 -15.89 34.28 -44.29 -14.31 -0 0 -11.16 50.62 8.84 10.61 -7.12 0 -0 21.5 42.68 -1.3 0 -0 0 30.81 56.22 32.7 -34.45 44.42 -14.43 0 -0 -27.93 -9.47 21.63 -3.52 7.12 -0 -0 12.16 -8.47 10.48
1.79 17.44 -0.28 180.31 31.38 -175.45 0 0 0 -20.05 -0.14 -19.04 3.98 12.13 36.19 1.72 -0.8 -24.59 1.06 -6.55 -18.38 0 0 0 20.97 -14.63 -24.91 -7.67 -15.87 51.35 -1.48 -11.07 -29.32 -2.31 -9.48 27.31 4.38 1.71 3.12 -2.1 2.79 -7.02 -5.01 1.1 -8.88 15.59 10.39 13.87 -33.74 17.02 -10.28 -14.11 10.81 -0.73 -0 -0 0 6.62 -13.91 -16.1 34.14 -44.19 -14.21 -0 0 -11.05 49.7 8.91 10.35 -7.12 0 -0 20.65 42.62 -1.27 -0 -0 0 30.07 56.18 32.58 -34.14 44.19 -14.21 0 -0 -27.94 -10.16 22.67 -3.95 7.12 -0 -0 11.75 -7.38 10.37
1.91 17.38 -0.34 179.36 27.39 -176.85 0 0 0 -20.54 -1.65 -17.65 4.05 12.22 36.52 1.89 -3.07 -25.2 0.93 -6.14 -17.19 0 0 0 18.01 -12.19 -26.61 -9.98 -17.4 59.42 -0.7 -9.28 -21.76 -3.47 -11.42 33.71 3.93 1.74 4.08 -2.37 2.77 -6.71 -5.08 1.1 -9.1 15.87 10.29 13.45 -34.25 17.21 -9.97 -14.28 10.95 -0.43 -0 0 0 6.59 -13.93 -16.87 33.49 -43.71 -13.76 -0 0 -10.93 49.2 9 10.27 -7.12 0 -0 20.2 42.66 -1.22 -0 0 0 28.94 56.28 31.76 -33.52 43.73 -13.78 0 -0 -27.74 -9.14 23.04 -3.6 7.12 -0 -0 12.39 -7.12 11.02
2.06 17.3 -0.39 178.58 23.57 -178.12 0 0 0 -20.73 -2.94 -16.49 4.19 12.41 37.19 1.87 -4.56 -24.84 1.29 -7.19 -20.29 0 0 0 14.91 -7.86 -26.81 -11.58 -18.21 64.66 -0.51 -2.09 -14.47 -3.84 -11.94 35.52 3.39 1.74 5.25 -2.63 2.73 -6.56 -5.1 1.08 -9.65 15.65 10.22 14.21 -34.48 17.25 -10.62 -14.46 11.14 -0.74 0 0 0 6.23 -13.42 -16.88 33.54 -43.74 -13.8 -0 0 -11.43 49.42 9.29 10.68 -7.12 0 -0 20.51 43.12 -1 0 0 0 28.55 56.23 31.8 -33.72 43.88 -13.92 0 -0 -27.81 -9.25 22.59 -3.58 7.12 -0 -0 12.31 -7.55 10.85
2.29 17.25 -0.45 178.01 19.35 -178.57 0 0 0 -20.5 -4.62 -15.68 4.27 12.51 37.54 1.69 -7.51 -23.3 0.96 -6.24 -17.47 0 0 0 12.75 -2.57 -26.22 -11.91 -18.35 65.71 -0.58 1.13 -14.01 -3.75 -11.82 35.09 2.79 1.65 5.38 -2.95 2.53 -6.41 -5.08 1.03 -9.59 14.91 10.45 13.35 -34.01 17.66 -10.14 -13.97 11.29 -0.48 -0 -0 0 6.11 -13.31 -17.72 33.24 -43.52 -13.59 -0 0 -11.54 49.83 9.43 10.99 -7.12 0 -0 20.94 43.38 -0.88 -0 -0 0 28.81 56.61 31.65 -33.7 43.86 -13.91 0 -0 -27.69 -8.9 22 -3.36 7.12 -0 -0 12.52 -8.17 10.89
2.57 17.28 -0.55 178.09 14.89 -178.89 0 0 0 -19.62 -6.41 -13.88 4.01 12.17 36.33 1.56 -8.94 -22.41 1.14 -6.79 -19.1 0 0 0 11.79 2.65 -24.12 -11.04 -17.96 62.92 -1.07 0.36 -19.4 -2.97 -10.65 31.1 2.62 1.59 5.46 -3.12 2.45 -6.43 -5.17 0.99 -9.67 14.54 10.17 14.04 -34.26 17.47 -10.68 -14.15 11.37 -0.82 -0 -0 0 5.42 -13.16 -17.77 33.46 -43.68 -13.74 -0 0 -11.44 50.24 9.4 11.11 -7.12 0 -0 21.33 43.41 -0.88 -0 -0 0 29.8 56.5 32.94 -33.7 43.86 -13.91 0 -0 -28.27 -9.22 21.83 -3.45 7.12 -0 -0 12.32 -8.3 10.67
2.9 17.4 -0.66 178.05 10.27 -179.12 0 0 0 -18.74 -7.92 -11.33 3.35 11.24 33.08 1.21 -10.8 -19.97 1.04 -6.47 -18.16 0 0 0 10.76 9.14 -20.78 -9.38 -17.05 57.41 -1.65 2.31 -23.64 -3.42 -11.34 33.45 2.44 1.52 5.47 -3.7 2.32 -6.42 -5.68 0.94 -9.66 14.79 10.03 13.82 -34.17 17.64 -10.26 -14.1 11.44 -0.61 0 0 0 5.65 -13.42 -18.12 33 -43.33 -13.42 -0 0 -11.06 49.15 9.08 10.35 -7.12 0 -0 20.18 42.77 -1.16 0 0 0 30.8 56.33 34.42 -33.68 43.85 -13.89 0 -0 -28.54 -9.42 21.61 -3.5 7.12 -0 -0 12.19 -8.5 10.5
3.26 17.53 -0.78 178.61 5.48 -178.9 0 0 0 -16.95 -9.7 -9.17 2.7 10.19 29.58 0.85 -12.32 -17.39 1.2 -6.95 -19.57 0 0 0 10.72 15.93 -16.86 -7.34 -15.61 50.16 -1.93 4.28 -25.24 -1.93 -8.71 24.9 2.75 1.43 5.02 -3.97 2.25 -6.4 -6.12 0.9 -9.37 14.05 9.99 13.77 -33.92 17.78 -10.28 -13.87 11.59 -0.69 0 0 0 5.84 -13.13 -17.83 32.46 -42.91 -13.05 -0 0 -10.89 49.83 8.9 10.38 -7.12 0 -0 20.77 42.62 -1.28 0 0 0 30.65 56.35 35.84 -33.89 44 -14.04 0 -0 -28.26 -9.56 21.78 -3.57 7.12 -0 -0 12.11 -8.32 10.47
3.67 17.61 -0.88 178.75 0.61 -178.56 0 0 0 -15.38 -12.09 -7.67 2.24 9.35 26.88 0.39 -14.21 -14.08 0.88 -5.97 -16.71 0 0 0 10.08 22.59 -12.43 -5.32 -13.73 42.17 -1.51 11.98 -22.34 -2.93 -10.58 30.87 2.36 1.42 5.25 -4.37 2.25 -6.76 -6.38 0.92 -9.91 14.53 13.79 14.29 -33.5 16.78 -8.43 -13.68 9.19 -0.35 -0 -0 0 6.01 -13.07 -17.2 32.13 -42.65 -12.83 -0 0 -10.87 50.44 8.75 10.43 -7.12 0 -0 21.3 42.51 -1.37 -0 -0 0 29.84 55.84 37.22 -34.23 44.26 -14.27 0 -0 -28.11 -8.84 21.81 -3.31 7.12 -0 -0 12.56 -8.35 10.88
4.1 17.8 -0.96 179.41 -5.18 -178.12 0 0 0 -12.89 -14.38 -6.91 1.78 8.38 23.89 -0.22 -16.68 -9.44 0.6 -4.97 -13.83 0 0 0 10.11 27.07 -9.84 -3.78 -11.86 35.25 -0.24 17.58 -14.52 -2.59 -9.99 28.95 2.67 1.79 5.25 -4.73 1.84 -6.62 -6.82 0.31 -9.77 13.96 14.03 12.95 -33.19 17.21 -7.61 -13.25 9.28 0.13 0 -0 0 6.39 -13.44 -18.27 31.58 -42.21 -12.46 -0 0 -10.23 48.91 8.96 10.13 -7.12 0 -0 19.91 42.56 -1.25 0 -0 0 27.28 56.13 36.89 -34.25 44.27 -14.29 0 -0 -28.12 -9.23 21.95 -3.48 7.12 -0 -0 12.32 -8.18 10.69
4.55 17.9 -1.06 179.74 -12.28 -178.11 0 0 0 -10.66 -16.77 -7.28 1.53 7.8 22.11 -0.92 -19.34 -3.26 0.31 -3.58 -9.91 0 0 0 10.48 27.8 -7.05 -2.71 -10.21 29.66 1.29 22.1 -2.68 -4.81 -13.16 39.98 2.8 1.19 5.3 -5.16 1.06 -6.11 -7.25 -0.06 -9.33 13.62 13.77 13.23 -33.3 16.7 -8.31 -13.35 9.14 -0.27 0 -0 0 6.55 -13.93 -19.56 31.37 -42.04 -12.32 -0 0 -10.78 50.06 8.94 10.52 -7.12 0 -0 21 42.73 -1.24 0 -0 0 24.32 56.2 35.2 -34.44 44.41 -14.42 0 -0 -28.42 -9.19 21.93 -3.46 7.12 -0 -0 12.34 -8.2 10.71
5.02 17.92 -1.14 179.29 -19.34 -177.92 0 0 0 -9.29 -18.38 -8.35 1.3 7.23 20.4 -1.44 -21.13 3.19 0.04 -1.33 -3.67 0 0 0 10.41 24.08 -5.87 -2.28 -9.42 27.13 1.88 24.14 2.93 -5.19 -13.59 41.63 2.59 0.82 5.93 -5.96 0.44 -6.02 -7.96 -0.41 -9.71 13.65 13.52 12.86 -32.72 16.78 -6.88 -13.04 9.09 0.14 -0 -0 0 6.71 -15.08 -19.57 31.2 -41.9 -12.2 -0 0 -11.37 50.63 9.22 11.04 -7.12 0 -0 21.64 43.22 -1 -0 -0 0 22.83 55.87 33.93 -34.18 44.22 -14.24 0 -0 -28.68 -9.04 21.51 -3.34 7.12 -0 -0 12.43 -8.63 10.69
5.51 17.91 -1.23 179.61 -25.94 -177.73 0 0 0 -6.89 -18.54 -10.66 1.11 6.71 18.85 -1.43 -20.92 12.1 0.59 4.93 13.71 0 0 0 11.51 19.52 -5.02 -1.92 -8.69 24.82 2.46 27.07 4.31 -5.35 -13.77 42.31 2.69 0.85 6.06 -6.42 0.46 -5.79 -8.53 -0.41 -9.54 13.43 12.94 13.05 -32.09 16.22 -6.19 -12.83 8.82 0.06 -0 -0 0 6.73 -16.69 -19.65 31.22 -41.92 -12.22 -0 0 -11.75 49.73 7.95 9.27 -7.12 0 -0 20.36 41.25 -1.97 -0 -0 0 20.37 54.79 31.43 -34.03 44.11 -14.13 0 -0 -28.55 -10.05 22.49 -3.88 7.12 -0 -0 11.81 -7.57 10.38
5.98 17.83 -1.33 179.57 -31.42 -177.23 0 0 0 -5.5 -17.49 -13.1 0.95 6.22 17.43 -1.18 -19.57 13.25 0.4 4.07 11.27 0 0 0 12.86 14.28 -5.52 -1.72 -8.25 23.48 2.51 28.6 -0.13 -5.4 -13.82 42.52 2.49 0.9 5.98 -6.89 0.46 -5.68 -8.93 -0.42 -9.37 13.12 13.17 12.01 -30.97 16.95 -4.58 -12.14 9.02 0.71 -0 0 0 7.01 -17.21 -19.64 31.22 -41.91 -12.21 -0 0 -11.63 49.55 7.91 9.17 -7.12 0 -0 20.19 41.18 -2 -0 0 0 18.31 54.96 29.14 -33.38 43.62 -13.69 0 -0 -28.68 -10.65 21.75 -3.99 7.12 -0 -0 11.42 -8.24 9.87
6.44 17.77 -1.43 180.25 -35.1 -176.46 0 0 0 -4.02 -16.53 -14.62 0.78 5.64 15.76 -0.45 -12.73 -0.32 0.57 -4.84 -13.45 0 0 0 15.1 12.99 -8.22 -2.04 -8.94 25.61 1.57 26.68 -7.11 -4.92 -13.29 40.48 2.49 1.38 5.73 -7.02 1.03 -6.41 -9.19 -0.2 -9.94 13.18 13.22 12.64 -30.47 17.24 -4.1 -11.98 9.2 0.75 -0 0 0 6.73 -16.54 -18.31 32.03 -42.57 -12.76 -0 0 -12.2 49.4 7.67 8.85 -7.12 0 -0 19.97 40.81 -2.16 -0 0 0 17.35 55.4 28.04 -32.52 42.96 -13.09 0 -0 -28.28 -11 21.76 -4.12 7.12 -0 -0 11.2 -8.19 9.69
6.85 17.65 -1.47 181.05 -38.17 -176.61 0 0 0 -3.02 -16.22 -14.82 0.87 5.93 16.59 0.32 -3.56 -10.03 0.85 -5.89 -16.46 0 0 0 16.92 12.74 -11.38 -2.7 -10.19 29.6 1.13 25.44 -9.49 -4.96 -13.34 40.67 2.74 1.86 6.36 -7.14 1.71 -6.57 -9.61 0.09 -10.37 13.14 13.62 13.04 -30.5 17.71 -5.03 -12.01 9.56 0.53 0 -0 0 6.45 -15.07 -17.81 33.37 -43.61 -13.67 -0 0 -11.73 50.64 8.8 10.56 -7.12 0 -0 21.5 42.62 -1.33 0 -0 0 17.04 56.22 25.58 -32.11 42.63 -12.81 0 -0 -27.44 -11.63 20.79 -4.18 7.12 -0 -0 10.79 -9.09 9.12
7.27 17.55 -1.57 180.26 -43.44 -176.51 0 0 0 -2.42 -18.23 -14.54 0.72 5.43 15.13 0.51 -3.22 -12.82 0.62 -5.06 -14.07 0 0 0 17.95 11.84 -13.05 -3.36 -11.25 33.14 -0.07 21.78 -15.86 -4.07 -12.26 36.64 0.81 1.51 7.22 -7.38 0.99 -6.1 -8.67 -0.13 -10.51 13.27 14.01 13.56 -30.67 18.07 -6.7 -12.15 9.92 0.1 0 -0 0 6.6 -14.17 -18.97 33.3 -43.56 -13.63 -0 0 -10.55 49.58 7.53 8.74 -7.12 0 -0 20.09 40.63 -2.27 0 -0 0 16.81 56.8 23.04 -32.51 42.95 -13.09 0 -0 -27.84 -12.84 21.31 -4.73 7.12 -0 -0 10.04 -8.44 8.59
7.64 17.49 -1.72 179.94 -49.93 -176.85 0 0 0 -1.28 -18.98 -15.12 0.56 4.8 13.33 0.46 -2.58 -12.13 0.39 -4.02 -11.15 0 0 0 19.47 10.26 -13.52 -3.73 -11.79 34.99 -0.97 17.69 -20.13 -3.85 -11.95 35.57 -0.82 1.14 7.92 -7.72 0.22 -5.74 -7.99 -0.39 -10.67 13.51 14.04 13.71 -29.13 18.49 -6.13 -11.6 10.1 0.18 0 -0 0 6.69 -15.4 -19.83 33.03 -43.35 -13.44 -0 0 -11.76 49.72 7.59 8.85 -7.12 0 -0 20.23 40.74 -2.23 0 -0 0 18.88 56.08 22.48 -33.04 43.36 -13.45 0 -0 -28.32 -13.86 20.71 -4.99 7.12 -0 -0 9.36 -8.93 7.91
7.91 17.4 -1.83 180.98 -55.19 -178.19 0 0 0 0.44 -19.63 -14.07 0.61 4.99 13.89 0.25 3.69 -11.6 0.12 -2.26 -6.23 0 0 0 21.28 8.24 -14.61 -4.1 -12.29 36.77 -1.42 15.23 -22.35 -3.75 -11.82 35.1 -0.75 1.14 7.8 -8.11 0.25 -5.3 -8.44 -0.38 -10.1 13.56 13.95 13.8 -27.31 18.72 -5.21 -10.94 10.15 0.27 0 0 0 6.81 -16.67 -20.76 32.63 -43.05 -13.17 -0 0 -12.28 49.89 7.62 8.95 -7.12 0 -0 20.4 40.82 -2.21 0 0 0 20.46 55.47 22.24 -33.09 43.4 -13.48 0 -0 -28.43 -15.07 21.2 -5.56 7.12 -0 -0 8.61 -8.3 7.37
8.11 17.31 -1.95 182.57 -58.52 -180.13 0 0 0 1.97 -18.74 -12.22 0.78 5.63 15.71 -0.11 8 -8.6 0.01 -0.75 -2.06 0 0 0 23.02 6.31 -15.41 -4.39 -12.66 38.09 -1.69 13.99 -23.87 -3.67 -11.71 34.72 -0.94 1.78 7.33 -8.38 1.09 -5.26 -8.74 0.05 -9.66 13.59 14.12 14.04 -25.45 19.25 -4.47 -10.28 10.36 0.35 -0 0 0 6.56 -17.91 -19.68 32.91 -43.26 -13.36 -0 0 -14.31 50.3 8.56 10.16 -7.12 0 -0 21.1 42.22 -1.52 -0 0 0 21.96 54.82 23.07 -32.91 43.26 -13.36 0 -0 -28.36 -15.39 21.44 -5.75 7.12 -0 -0 8.42 -8.01 7.25
8.25 17.26 -2.07 181.62 -61.8 -179.95 0 0 0 1.96 -17.58 -9.63 0.83 5.83 16.28 0.12 4.06 -9.27 0.05 -1.4 -3.84 0 0 0 23.02 3.71 -16.33 -4.68 -13.02 39.44 -1.91 13.27 -25.11 -3.55 -11.54 34.11 -2.84 2.05 6.96 -8.82 1.15 -5.37 -8.12 0.16 -9.6 13.6 14.57 13.95 -23.74 20.08 -3.72 -9.62 10.7 0.56 0 -0 0 6.25 -17.24 -19.1 33.02 -43.34 -13.44 -0 0 -12.71 49.83 6.89 8.09 -7.12 0 -0 20.12 39.76 -2.72 0 -0 0 24.08 55.48 25.42 -32.67 43.07 -13.2 0 -0 -28.41 -15.76 21.04 -5.79 7.12 -0 -0 8.17 -8.37 6.97
8.35 17.17 -2.17 182.45 -65.56 -181.2 0 0 0 2.91 -17.1 -7.2 0.81 5.75 16.07 0.18 3.43 -9.97 0.06 -1.6 -4.41 0 0 0 23.92 1.9 -17.01 -4.97 -13.35 40.7 -2.25 11.49 -27.01 -3.25 -11.09 32.58 -3.8 2.15 6.37 -9.29 1.13 -5.39 -8.06 0.18 -9.3 13.66 14.96 13.88 -21.73 20.72 -3.86 -8.95 10.98 0.43 0 -0 0 6.23 -16.92 -19.24 33.47 -43.69 -13.75 -0 0 -11.76 49.2 6.25 7.18 -7.12 0 -0 19.36 38.76 -3.12 0 -0 0 26.05 55.85 27.08 -32.7 43.1 -13.21 0 -0 -28.32 -15.31 21.54 -5.74 7.12 -0 -0 8.48 -7.92 7.31
8.4 17.12 -2.26 181.99 -69.89 -180.93 0 0 0 2.99 -17.05 -5.26 0.79 5.68 15.85 0.06 7.17 -11.55 0.53 -4.65 -12.91 0 0 0 23.96 0.23 -17.82 -5.23 -13.63 41.79 -2.53 10.24 -28.62 -3.27 -11.12 32.7 -5.13 2.33 5.65 -10.14 1.12 -5.64 -8.24 0.19 -9.19 14.83 14.66 14.27 -20.21 20.7 -3.57 -8.67 10.94 0.4 -0 0 0 7.37 -16.91 -18.1 34.22 -44.24 -14.26 -0 0 -12.67 49.47 7.18 8.32 -7.12 0 -0 19.88 40.13 -2.5 -0 0 0 27.79 54.84 29.21 -33.73 43.88 -13.93 0 -0 -28.39 -15.59 21.62 -5.87 7.12 -0 -0 8.31 -7.8 7.18
8.43 17.08 -2.3 182.31 -74.64 -181.32 0 0 0 3.31 -17.49 -3.42 0.78 5.65 15.77 0.12 9.54 -15.45 0 -0.11 -0.3 0 0 0 24.21 -1.22 -18.52 -5.41 -13.84 42.59 -2.81 8.23 -30.27 -3.43 -11.36 33.52 -5.98 2.28 5.15 -10.76 0.87 -5.96 -8.43 0.06 -9.32 14.53 14.82 15.18 -17.49 21.06 -3.96 -7.91 11.07 -0.13 0 -0 0 7.34 -17.51 -18.81 34.24 -44.26 -14.28 -0 0 -12.32 49.22 7.08 8.13 -7.12 0 -0 19.63 39.95 -2.56 0 -0 0 28.89 54.02 31.43 -34.81 44.68 -14.68 0 -0 -28.54 -15.6 21.67 -5.89 7.12 -0 -0 8.3 -7.75 7.19
8.43 17.04 -2.32 185.76 -79.69 -184.88 0 0 0 4.3 -16.71 -2.55 0.82 5.76 16.1 0.09 11.42 -17.48 0.26 3.27 9.04 0 0 0 24.87 -3.14 -19.09 -5.53 -13.95 43.05 -3 5.85 -31.57 -3.05 -10.78 31.53 -6.78 2.19 4.6 -11.13 0.7 -5.97 -8.34 0.01 -9.04 15.31 14.59 15.1 -15.43 21.04 -3.69 -7.39 10.98 -0.19 0 -0 0 7.17 -18.55 -19.85 34.49 -44.45 -14.46 -0 0 -12.5 49.03 6.1 6.97 -7.12 0 -0 19.17 38.52 -3.2 0 -0 0 28.56 53.11 32.43 -35.71 45.32 -15.32 0 -0 -28.43 -15.19 22.19 -5.85 7.12 -0 -0 8.59 -7.28 7.52
8.44 17 -2.29 195.51 -84.5 -194.9 0 0 0 5.24 -16.8 -1.69 0.94 6.18 17.31 0.1 13.47 -20.3 0.9 6.05 16.92 0 0 0 25.36 -5.52 -19.63 -5.59 -14.02 43.31 -3.17 4.94 -32.64 -3.43 -11.35 33.49 -7.36 2.12 4.63 -11.53 0.48 -6.07 -8.45 -0.09 -9.22 16.04 14.53 14.86 -13.25 21.22 -3.06 -6.79 10.97 -0.11 -0 0 0 7.4 -18.41 -19.19 35.67 -45.28 -15.29 -0 0 -13.1 49.61 7.53 8.76 -7.12 0 -0 20.12 40.65 -2.26 -0 0 0 28.79 52.48 33.57 -36.46 45.82 -15.85 0 -0 -28.69 -14.48 22.42 -5.62 7.12 -0 -0 9.04 -7.14 7.95
8.4 16.98 -2.21 245.51 -87.54 -245.33 0 0 0 6.62 -14.44 -1.61 1.08 6.62 18.59 -0.42 17 -19.66 0.65 5.16 14.38 0 0 0 26 -7.58 -19.39 -5.54 -13.96 43.09 -3.23 1.37 -33.7 -2.56 -9.95 28.82 -7.56 2.21 4.47 -11.55 0.64 -6.11 -8.37 0.02 -9.15 15.99 14.21 15.27 -11.4 20.94 -3.5 -6.35 10.76 -0.56 0 -0 0 7.44 -18.9 -19.55 35.35 -45.06 -15.06 -0 0 -12.68 49.26 7.53 8.65 -7.12 0 -0 19.8 40.59 -2.25 0 -0 0 28.6 51.86 34.72 -37.37 46.43 -16.51 0 -0 -28.71 -14.66 22.71 -5.77 7.12 -0 -0 8.95 -6.82 7.92
8.37 16.96 -2.08 315.24 -85.67 -315.3 0 0 0 8.2 -11.2 -2.51 1.27 7.13 20.12 -1.42 21.36 -14.54 0.11 2.17 5.97 0 0 0 26.48 -9.49 -19.44 -5.51 -13.93 42.98 -3.16 0.02 -33.74 -2.58 -9.98 28.91 -7.56 2.33 4.19 -11.55 0.85 -6.27 -8.41 0.13 -9.15 16.25 13.95 16 -10.15 20.81 -3.93 -6.12 10.63 -0.93 0 -0 0 7.27 -18.89 -19.26 35.65 -45.27 -15.27 -0 0 -13.5 49.67 7.61 8.86 -7.12 0 -0 20.2 40.76 -2.21 0 -0 0 28.77 51.61 35.79 -37.85 46.74 -16.85 0 -0 -28.72 -14.43 22.74 -5.68 7.12 -0 -0 9.09 -6.82 8.05
8.33 16.98 -1.9 332.38 -82.47 -332.64 0 0 0 9.28 -7.91 -4.23 1.56 7.88 22.37 -1.66 22.23 -11.41 0.16 2.59 7.13 0 0 0 26.38 -11.29 -19.26 -5.37 -13.79 42.39 -3.01 -1.21 -33.33 -2.54 -9.91 28.68 -7.9 2.6 3.79 -11.71 1.27 -6.21 -8.41 0.37 -8.82 15.94 13.69 15.31 -8.16 20.45 -3.73 -5.48 10.35 -1.06 -0 0 0 7.28 -18.51 -18.75 36.4 -45.79 -15.81 -0 0 -13.81 50.46 8.94 10.66 -7.12 0 -0 21.38 42.79 -1.23 -0 0 0 29.36 51.58 36.33 -38.15 46.93 -17.07 0 -0 -28.71 -14.62 23.06 -5.83 7.12 -0 -0 8.99 -6.48 8.02
8.3 17.02 -1.66 337.98 -79.29 -338.16 0 0 0 10.16 -5.23 -5.9 1.77 8.38 23.88 -1.47 21.43 -13.38 1.3 7.23 20.39 0 0 0 26.28 -12.3 -18.91 -5.14 -13.54 41.41 -3.04 -2.4 -33.89 -2.83 -10.42 30.33 -7.86 2.9 3.12 -11.88 1.76 -6.34 -8.65 0.61 -8.51 16.86 13.24 14.97 -7.51 20.01 -3.43 -5.37 10.1 -0.96 0 -0 0 7.6 -18.02 -18.95 36.33 -45.74 -15.76 -0 0 -13.06 49.41 8.28 9.54 -7.12 0 -0 20.17 41.68 -1.73 0 -0 0 30.2 51.86 37.07 -38.34 47.05 -17.21 0 -0 -28.9 -14.19 23.35 -5.73 7.12 -0 -0 9.27 -6.23 8.32
8.29 17.09 -1.35 342 -76.48 -342.16 0 0 0 9.88 -2.67 -7.6 1.98 8.82 25.24 -0.93 19.74 -18.63 3.72 11.78 34.97 0 0 0 25.45 -13.53 -18.26 -4.83 -13.19 40.08 -2.84 -4.05 -33.45 -2.75 -10.28 29.9 -7.88 3.28 2.88 -12.11 2.24 -6.72 -8.98 0.84 -8.75 17.4 12.8 15.42 -6.89 19.64 -3.63 -5.32 9.87 -1.15 -0 0 0 6.92 -17.15 -18.3 37.22 -46.34 -16.4 -0 0 -13.02 49.69 8.65 10.05 -7.12 0 -0 20.55 42.25 -1.46 -0 0 0 32.37 51.79 39.02 -38.78 47.33 -17.54 0 -0 -28.59 -14.25 23 -5.67 7.12 -0 -0 9.21 -6.59 8.21
8.28 17.17 -0.95 342.47 -73.43 -342.74 0 0 0 9.27 2.04 -10.9 2.29 9.44 27.17 -2.07 24.44 -9.55 0 -0.16 -0.45 0 0 0 25.1 -14.9 -17.15 -4.39 -12.66 38.1 -2.64 -5.43 -32.98 -2.91 -10.55 30.78 -6.88 3.72 2.44 -12.12 3.04 -6.73 -9.59 1.19 -8.35 17.2 12.48 15.36 -6.11 19.25 -4.09 -5.11 9.62 -1.43 0 -0 0 7.06 -17.08 -19.39 36.53 -45.88 -15.9 -0 0 -11.68 49.18 9.19 10.48 -7.12 0 -0 20.24 42.93 -1.08 0 -0 0 32.98 51.67 39.83 -39.34 47.67 -17.95 0 -0 -29.21 -14 23.31 -5.63 7.12 -0 -0 9.38 -6.3 8.41
8.29 17.26 -0.5 343.19 -70.83 -343.24 0 0 0 7.57 6 -14.65 2.69 10.17 29.53 -1.42 21.8 -16.26 0.13 2.3 6.34 0 0 0 24.28 -15.67 -15.67 -3.84 -11.94 35.53 -2.44 -6.19 -32.17 -3.68 -11.72 34.74 -6.18 4.2 1.64 -11.87 3.9 -6.94 -9.71 1.62 -7.96 16.87 12.13 15.38 -5.82 18.77 -4.53 -5.03 9.35 -1.68 0 -0 0 6.29 -16.44 -19.59 36.59 -45.92 -15.95 -0 0 -12.49 49.42 8.83 10.16 -7.12 0 -0 20.35 42.46 -1.34 0 -0 0 34.01 51.53 41.38 -39.82 47.96 -18.31 0 -0 -29.13 -13.81 23.98 -5.7 7.12 -0 -0 9.54 -5.66 8.67
8.31 17.35 0.02 342.71 -67.81 -342.81 0 0 0 5.57 9.08 -18.53 2.9 10.54 30.74 -0.83 19.77 -19.96 0.35 3.83 10.59 0 0 0 23.63 -15.62 -13.03 -3.21 -11.02 32.35 -1.87 -9.19 -30.5 -3.35 -11.24 33.09 -4.86 4.36 0.95 -11.45 4.4 -6.86 -9.94 1.85 -7.31 17.08 12.1 14.9 -5.8 18.71 -4.8 -5.02 9.3 -1.68 0 -0 0 6.12 -15.07 -19.28 36.52 -45.87 -15.9 -0 0 -13.63 49.87 9.44 11.01 -7.12 0 -0 20.98 43.4 -0.87 0 -0 0 34.71 51.95 42.67 -40.78 48.52 -19.02 0 -0 -29.45 -13.56 23.49 -5.49 7.12 -0 -0 9.67 -6.18 8.7
8.37 17.44 0.59 343.21 -64.25 -343.12 0 0 0 2.37 11.82 -22.64 3.04 10.75 31.45 -0.44 19.48 -23.7 0.36 3.86 10.69 0 0 0 22.02 -14.62 -9.4 -2.59 -9.99 28.95 -1.56 -9.5 -28.69 -3.74 -11.81 35.05 -3.27 4.43 0.67 -10.98 4.68 -7.13 -10.31 1.94 -7.29 17.24 11.87 15.11 -5.88 18.48 -5.04 -5.1 9.18 -1.79 0 -0 0 5.69 -14.24 -18.32 36.14 -45.61 -15.62 -0 0 -13.67 49.64 10.38 11.98 -7.12 0 -0 21.08 44.68 -0.17 0 -0 0 35.82 51.85 44.71 -41.39 48.87 -19.48 0 -0 -29.26 -13.27 23.61 -5.4 7.12 -0 -0 9.85 -6.1 8.88
8.47 17.5 1.17 344.31 -59.61 -344.82 0 0 0 0.93 10.21 -23.65 3.23 11.06 32.49 -0.28 17.32 -21.85 0.11 2.17 5.97 0 0 0 20.48 -14.07 -4.92 -2.06 -9 25.78 -1.19 -10.9 -27.21 -4.26 -12.49 37.5 -2.04 4.28 1.82 -10.11 4.58 -7.25 -10.17 1.86 -8.06 17 11.42 15.49 -6.22 17.89 -5.15 -5.21 8.91 -1.94 -0 0 0 4.69 -14.91 -18.41 35.13 -44.9 -14.9 -0 0 -12.85 49.62 10.05 11.59 -7.12 0 -0 20.94 44.21 -0.43 -0 0 0 35.6 50.91 46.41 -42.56 49.52 -20.37 0 -0 -29.74 -13.84 23.61 -5.64 7.12 -0 -0 9.5 -6.02 8.57
8.59 17.56 1.74 346.46 -55.12 -346.51 0 0 0 -1.57 11.64 -27.01 3.61 11.62 34.4 -0.2 13.69 -16.89 0.34 -3.73 -10.32 0 0 0 18.82 -14.93 -4.73 -2.16 -9.2 26.41 -0.54 -14.45 -25.55 -4.88 -13.25 40.31 -1.72 4.22 1.52 -9.52 4.67 -7.04 -9.63 1.95 -7.65 17.4 10.93 14.6 -7.17 17.11 -5.29 -5.49 8.55 -1.81 0 0 0 4.06 -15.72 -18.72 34.91 -44.75 -14.75 -0 0 -11.87 48.45 9.9 10.98 -7.12 0 -0 19.75 43.79 -0.61 0 0 0 34.8 50.28 46.26 -43.41 49.96 -21.01 0 -0 -30.1 -13.64 24.82 -5.82 7.12 -0 -0 9.68 -4.83 8.96
8.72 17.62 2.36 348.98 -51.69 -349.03 0 0 0 -4.97 12.08 -27.74 3.76 11.84 35.16 0.12 10.32 -16.42 0.82 -5.77 -16.13 0 0 0 16.02 -16.35 -5.47 -2.64 -10.1 29.29 -0.13 -16.53 -24.65 -6.69 -15.07 47.69 -1.15 4.4 1.5 -9.53 5.02 -6.69 -9.95 2.13 -7.15 18.03 10.61 14.35 -7.73 16.72 -6.02 -5.76 8.35 -1.95 -0 0 0 4.16 -15.77 -18.09 35.38 -45.08 -15.08 -0 0 -12.68 49.42 9.17 10.55 -7.12 0 -0 20.47 42.95 -1.09 -0 0 0 36.07 49.9 46.28 -43.48 50 -21.07 0 -0 -29.34 -13.4 24.74 -5.7 7.12 -0 -0 9.82 -4.94 9.08
8.9 17.68 2.95 350.89 -48.63 -350.75 0 0 0 -8.16 11.56 -27.55 3.75 11.82 35.11 0.34 7.94 -16.7 1.08 -6.6 -18.54 0 0 0 13.86 -15.61 -7.02 -3.38 -11.28 33.24 0.15 -19.67 -26.61 -7.93 -16.07 52.32 -0.46 4.38 1.84 -8.76 5.11 -6.62 -9.51 2.18 -7.25 16.88 10.57 14.42 -8.7 16.41 -6.68 -5.94 8.24 -2.19 0 -0 0 3.37 -14.78 -17.24 35.7 -45.31 -15.31 -0 0 -12.64 48.69 9.36 10.49 -7.12 0 -0 19.82 43.09 -0.98 0 -0 0 36.56 50.84 47.13 -42.87 49.68 -20.6 0 -0 -29.29 -13.57 24.45 -5.71 7.12 -0 -0 9.71 -5.21 8.92
9.09 17.7 3.48 351.97 -45.82 -352.34 0 0 0 -10.42 10.66 -26.46 3.79 11.88 35.3 0.57 5.64 -17.44 0.67 -5.25 -14.63 0 0 0 12.27 -14.14 -7.95 -4.03 -12.2 36.46 0.76 -20.35 -22.03 -7.23 -15.52 49.73 0.21 4.34 3 -7.73 5.16 -6.65 -8.89 2.19 -7.98 16.45 10.4 15 -9.89 16.1 -7.14 -6.3 8.16 -2.39 0 -0 0 2.24 -13.79 -17.09 35.98 -45.5 -15.51 -0 0 -12.18 48.97 8.05 9.14 -7.12 0 -0 19.7 41.29 -1.88 0 -0 0 37.9 51.48 48.5 -42.33 49.39 -20.19 0 -0 -28.82 -13.27 24.72 -5.63 7.12 -0 -0 9.9 -4.99 9.15
9.24 17.69 3.96 353.97 -42.68 -354.96 0 0 0 -13.2 9.62 -24.78 3.85 11.96 35.58 0.78 3.22 -18.15 0.36 -3.86 -10.69 0 0 0 10.36 -12.68 -8.15 -4.41 -12.68 38.2 0.14 -13.85 -18.03 -5.67 -14.1 43.63 -0.3 4.48 4.16 -7.18 5.37 -6.01 -8.08 2.37 -8.02 16.22 9.98 13.99 -10.48 15.29 -7.53 -6.41 7.77 -2.42 -0 0 0 2.57 -14.37 -17.65 35.62 -45.25 -15.25 -0 0 -11.03 50.12 9.58 11.27 -7.12 0 -0 21.27 43.64 -0.75 -0 0 0 38.26 51.63 47.81 -41.97 49.19 -19.92 0 -0 -28.26 -13.88 24.4 -5.83 7.12 -0 -0 9.52 -5.22 8.73
9.4 17.64 4.37 354.35 -38.99 -355.93 0 0 0 -14.56 7.64 -23.81 3.98 12.14 36.22 0.93 0.96 -18.61 0.13 -2.3 -6.34 0 0 0 11.08 -10.65 -9.23 -4.61 -12.93 39.11 -0.26 -11.74 -19.82 -4.15 -12.36 37 0.77 4.64 4.92 -6.83 5.74 -5.44 -8.36 2.53 -7.73 16.57 9.26 13.19 -10.96 14.22 -8.28 -6.59 7.22 -2.6 0 -0 0 3.6 -15.9 -18.9 35.56 -45.21 -15.21 -0 0 -11.42 49.97 9.41 11.01 -7.12 0 -0 21.07 43.37 -0.89 0 -0 0 38.73 51.27 46.13 -41.68 49.03 -19.7 0 -0 -28.18 -14.31 23.96 -5.91 7.12 -0 -0 9.23 -5.61 8.39
9.53 17.6 4.78 356.18 -35.14 -357.53 0 0 0 -17.37 6.07 -22.46 3.98 12.14 36.21 0.97 -0.46 -18.46 0.22 -3.02 -8.32 0 0 0 10.6 -8.75 -10.54 -4.65 -12.98 39.29 -0.65 -10.69 -22.64 -3.02 -10.73 31.38 0.53 4.18 5.15 -6.54 5.13 -5.24 -7.85 2.26 -7.77 16.05 9.25 13 -10.81 14.1 -8.19 -6.46 7.16 -2.61 -0 0 0 3.68 -15.61 -19.43 35.54 -45.2 -15.2 -0 0 -11.72 51.01 9.8 11.87 -7.12 0 -0 22.22 44.12 -0.51 -0 0 0 40.85 51.79 47.27 -41.35 48.85 -19.45 0 -0 -27.66 -14.34 23.85 -5.9 7.12 -0 -0 9.2 -5.72 8.35
9.65 17.58 5.15 357.19 -31.23 -358.41 0 0 0 -19.38 4.57 -21.04 3.95 12.09 36.06 0.99 -2.06 -18.25 0.23 -3.06 -8.45 0 0 0 11.12 -5.87 -11.94 -4.58 -12.89 38.97 -1.15 -9.71 -25.93 -3.71 -11.77 34.92 0.5 3.81 5.37 -6.14 4.67 -5.13 -7.38 2.04 -7.88 15.96 9 13.23 -11.2 13.74 -8.61 -6.61 7 -2.79 -0 0 0 3.61 -15.65 -20.07 35.82 -45.39 -15.39 -0 0 -11.66 50.17 9.73 11.45 -7.12 0 -0 21.37 43.86 -0.63 -0 0 0 42.35 51.85 48.13 -41.55 48.96 -19.6 0 -0 -27.84 -15.14 22.98 -6.03 7.12 -0 -0 8.66 -6.49 7.72
9.77 17.55 5.47 357.41 -27.06 -358.72 0 0 0 -20.53 2.11 -19.43 3.93 12.06 35.95 1.05 -3.41 -18.52 0.31 -3.56 -9.85 0 0 0 12.4 -2.4 -13.8 -4.45 -12.74 38.41 -1.68 -7.48 -28.18 -3.92 -12.05 35.91 1.32 3.42 5.78 -5.91 4.24 -5.16 -7.59 1.79 -8.16 16.1 8.93 13.48 -11.09 13.71 -9.12 -6.63 6.96 -2.99 -0 0 0 3.81 -16.18 -20.03 36.26 -45.69 -15.71 -0 0 -11.86 51.41 9.09 11.19 -7.12 0 -0 22.34 43.17 -1.07 -0 0 0 43.58 51.7 48.85 -41.43 48.89 -19.51 0 -0 -27.52 -16.71 21.3 -6.22 7.12 -0 -0 7.58 -7.99 6.51
9.87 17.52 5.75 358.13 -22.54 -359.08 0 0 0 -22.14 -0.83 -17.57 3.78 11.86 35.24 1.04 -4.24 -18.35 0.28 -3.43 -9.48 0 0 0 12.82 1.49 -15.83 -4.29 -12.54 37.67 -1.54 -6.34 -26.49 -2.37 -9.61 27.71 1.31 2.87 6.1 -5.54 3.54 -5.09 -7.12 1.45 -8.39 15.87 8.98 13.01 -11.45 13.63 -9.16 -6.68 6.94 -2.92 0 -0 0 3.5 -16.21 -19.99 36.31 -45.73 -15.75 -0 0 -11.98 50.63 8.33 10.02 -7.12 0 -0 21.32 41.95 -1.69 0 -0 0 43.65 51.9 49.26 -41.37 48.86 -19.47 0 -0 -27.57 -16.38 20.23 -5.8 7.12 -0 -0 7.74 -9.12 6.47
9.96 17.56 6.04 358.56 -17.57 -359.46 0 0 0 -23.58 -3.57 -14.75 3.44 11.37 33.54 0.95 -4.72 -17.44 0.4 -4.05 -11.21 0 0 0 12.99 5.65 -17.07 -3.93 -12.07 35.97 -1.44 -2.95 -23.87 -2.01 -8.9 25.47 1.4 2.42 6.56 -5.12 2.97 -5.12 -6.68 1.17 -8.78 15.98 8.92 13.3 -12.11 13.55 -9.53 -6.94 6.94 -3.03 -0 0 0 3.12 -16.51 -18.67 36.73 -46.01 -16.04 -0 0 -12.42 52.44 9.5 12.11 -7.12 0 -0 23.52 43.97 -0.64 -0 0 0 42.88 51.31 49.25 -41.47 48.92 -19.54 0 -0 -28.1 -16.47 19.44 -5.62 7.12 -0 -0 7.64 -9.91 6.27
10.04 17.55 6.32 359.6 -12.47 -359.79 0 0 0 -25.52 -5.65 -12.21 3.11 10.88 31.87 0.88 -6.81 -16.77 0.63 -5.07 -14.11 0 0 0 12.27 9.44 -18.41 -3.58 -11.58 34.27 -1.12 0.81 -19.71 -0.91 -6.09 17.06 0.85 1.93 6.63 -4.98 2.27 -5.08 -6.13 0.86 -8.89 15.77 8.85 13.37 -12.32 13.39 -9.83 -6.99 6.87 -3.16 -0 -0 0 2.66 -17.19 -18.71 36.48 -45.84 -15.87 -0 0 -11.31 51.81 8.83 11.04 -7.12 0 -0 22.63 42.87 -1.26 -0 -0 0 42.57 51.11 49.08 -40.93 48.61 -19.13 0 -0 -27.51 -16.85 18.73 -5.55 7.12 -0 -0 7.36 -10.6 5.93
10.1 17.59 6.56 359.39 -7.01 -359.47 0 0 0 -25.91 -7.99 -10.17 2.85 10.45 30.44 0.75 -9.16 -15.76 0.44 -4.27 -11.84 0 0 0 12.57 13.04 -20.07 -3.23 -11.06 32.47 -0.77 5.29 -15.61 -0.87 -5.94 16.6 1.28 1.38 6.64 -4.43 1.61 -5.29 -5.7 0.53 -9.19 15.51 8.83 14.23 -12.71 13.38 -10.57 -7.17 6.9 -3.5 -0 0 0 2.25 -17.05 -16.63 36.56 -45.89 -15.92 -0 0 -12.52 52.8 8.72 11.3 -7.12 0 -0 23.55 42.89 -1.3 -0 0 0 42.33 50.77 49.09 -40.29 48.24 -18.65 0 -0 -27.81 -17.13 18.78 -5.67 7.12 -0 -0 7.18 -10.51 5.8
10.15 17.63 6.83 359.63 -1.31 -359.49 0 0 0 -26.65 -9.52 -7.78 2.56 9.94 28.79 0.48 -12.9 -14.27 0.21 -2.97 -8.19 0 0 0 12.28 15.77 -21.09 -2.93 -10.58 30.86 -0.46 8.66 -12.69 -1.03 -6.44 18.07 1.18 1.01 6.3 -4.26 1.14 -4.82 -5.36 0.34 -8.53 15.79 8.58 14.09 -13.29 12.96 -11.8 -7.45 6.69 -3.85 -0 0 0 2.4 -18.08 -16.97 36.1 -45.58 -15.59 -0 0 -11.98 51.71 8.42 10.5 -7.12 0 -0 22.38 42.25 -1.61 -0 0 0 41.21 50.28 46.98 -39.74 47.92 -18.25 0 -0 -27.81 -18.09 17.58 -5.64 7.12 -0 -0 6.5 -11.63 5.09
10.21 17.67 7.1 360.12 4.3 -359.65 0 0 0 -27.65 -11.13 -5.11 2.29 9.44 27.19 -0.08 -16.52 -10.77 0.02 1 2.75 0 0 0 11.74 17.98 -21.5 -2.67 -10.14 29.45 -0.15 11.88 -10.32 -1.36 -7.38 20.84 0.92 0.65 6.35 -4.21 0.65 -4.67 -5.08 0.12 -8.45 16.13 8.63 13.63 -13.4 13.02 -11.65 -7.5 6.71 -3.69 -0 0 0 2.31 -18.58 -16.64 36.19 -45.64 -15.65 -0 0 -11.61 51.35 8.63 10.62 -7.12 0 -0 22.11 42.49 -1.44 -0 0 0 40.97 49.87 46.24 -38.9 47.4 -17.62 0 -0 -28.04 -18.72 16.64 -5.54 7.12 -0 -0 6.05 -12.54 4.62
10.24 17.65 7.38 359.42 10 -359.9 0 0 0 -27.09 -12.51 -3.53 2.31 9.49 27.34 -0.47 -19.68 -9.52 0.02 0.88 2.41 0 0 0 12.82 19.86 -20.87 -2.28 -9.43 27.15 0.18 15.18 -8.53 -1.52 -7.79 22.09 1.39 0.23 6.57 -3.56 0.18 -4.65 -4.59 -0.12 -8.6 15.93 8.59 13.46 -13.66 12.88 -11.83 -7.55 6.66 -3.73 -0 0 0 1.65 -18.56 -15.83 36.11 -45.59 -15.6 -0 0 -11.59 50.95 8.36 10.16 -7.12 0 -0 21.64 42.05 -1.66 -0 0 0 40.34 49.51 45.77 -38.22 46.98 -17.13 0 -0 -28.62 -19.29 15.6 -5.38 7.12 -0 -0 5.62 -13.55 4.17
10.3 17.64 7.66 359.25 15.34 -359.99 0 0 0 -27.05 -13.71 -2.15 2.32 9.51 27.39 -1.13 -22.82 -6.01 0.37 3.93 10.88 0 0 0 13.47 20.53 -21.21 -2.16 -9.19 26.39 0.62 20.02 -8.25 -0.95 -6.22 17.42 1.46 -0.18 6.59 -2.98 -0.32 -4.75 -3.94 -0.35 -8.76 15.72 8.75 13.88 -14.08 13.05 -12.18 -7.7 6.78 -3.86 0 -0 0 0.77 -18.06 -15.44 35.47 -45.14 -15.14 -0 0 -11.31 50.77 8.17 9.88 -7.12 0 -0 21.4 41.74 -1.81 0 -0 0 41.31 49.28 45.7 -37.13 46.28 -16.34 0 -0 -27.46 -19.86 14.91 -5.31 7.12 -0 -0 5.2 -14.22 3.78
10.37 17.62 7.94 359.29 20.57 -359.66 0 0 0 -27.15 -15.23 -1.55 2.47 9.79 28.3 -1.74 -25.03 -2.17 1.43 7.57 21.41 0 0 0 13.59 21.54 -21.52 -2.27 -9.41 27.1 1.3 21.85 -1.98 -1.21 -6.98 19.65 1.58 -0.13 6.32 -2.86 -0.23 -4.87 -3.9 -0.3 -8.72 16.12 8.47 13.64 -14.29 12.71 -12.11 -7.8 6.61 -3.81 0 -0 0 0.52 -18.14 -14.53 35.34 -45.05 -15.05 -0 0 -11.2 50.07 8.94 10.51 -7.12 0 -0 21 42.72 -1.24 0 -0 0 41.31 48.16 44.2 -36.2 45.65 -15.67 0 -0 -27.3 -20.32 15.34 -5.6 7.12 -0 -0 4.91 -13.71 3.62
10.43 17.57 8.24 359.18 25.32 -360.12 0 0 0 -27.2 -16.46 -1.24 2.98 10.67 31.17 -2.1 -25.95 1.11 2.58 9.99 28.94 0 0 0 13.9 22.99 -19.7 -2.67 -10.13 29.4 1.52 21.95 2.08 -4.81 -13.17 40 1.69 -0.16 6.58 -2.64 -0.24 -4.78 -3.73 -0.31 -8.77 15.76 8.77 12.47 -13.58 12.98 -11.36 -7.4 6.7 -3.43 -0 -0 0 0.02 -17.46 -14.35 34.95 -44.78 -14.78 -0 0 -10.86 50.3 8.38 9.96 -7.12 0 -0 21.03 41.97 -1.66 -0 -0 0 42.1 48.05 43.84 -35.19 44.95 -14.95 0 -0 -26.78 -20.47 14.74 -5.42 7.12 -0 -0 4.79 -14.33 3.47
10.51 17.5 8.52 358.86 30.21 -360.01 0 0 0 -26.75 -17.5 -3.03 3.96 12.11 36.13 -2.28 -26.35 3.39 3.01 10.71 31.29 0 0 0 14.03 22.49 -19.1 -3.11 -10.88 31.86 0.07 16.03 -10.47 -1.12 -6.72 18.89 2.46 -0.23 6.39 -2.4 -0.23 -4.96 -3.9 -0.35 -8.87 15.74 8.46 13.79 -14.26 12.62 -12.42 -7.76 6.58 -3.96 0 -0 0 -0.58 -16.39 -13.87 34.77 -44.65 -14.65 -0 0 -10.75 51.02 9.39 11.4 -7.12 0 -0 22.08 43.53 -0.84 0 -0 0 42.69 47.77 43.87 -34.64 44.55 -14.56 0 -0 -27.02 -20.49 14.22 -5.24 7.12 -0 -0 4.75 -14.88 3.38
10.62 17.42 8.77 358.1 35.06 -360.3 0 0 0 -25.55 -17.26 -7 5.67 14.1 43.66 -2.08 -25.48 2.31 1.07 6.58 18.48 0 0 0 14.47 19.34 -19.72 -3.52 -11.5 33.97 0.12 16.45 -10.28 -2.22 -9.31 26.78 3.92 -0.11 7.01 -2.4 0.12 -5.55 -4.81 -0.31 -9.87 16.1 8.61 14.18 -13.95 13 -12.46 -7.75 6.73 -3.98 0 0 0 -1.07 -16.13 -13.26 34.17 -44.21 -14.23 -0 0 -9.51 52.19 13.62 16.88 -7.12 0 -0 25.05 49.8 3.14 0 0 0 43.17 46.49 44.15 -35.15 44.92 -14.92 0 -0 -27.49 -20.55 13.31 -4.93 7.12 -0 -0 4.67 -15.83 3.23
10.7 17.3 9 355.68 39.73 -361.39 0 0 0 -22.2 -14.47 -13.39 7.8 15.97 51.83 -1.42 -22.99 -2.54 0.02 -1.01 -2.77 0 0 0 16.39 16.7 -20.63 -4 -12.17 36.32 -0.34 15.35 -14.11 -1.44 -7.58 21.44 5.73 0.13 6.55 -1.45 0.7 -5.42 -4.88 -0.09 -9.39 16.1 8.46 14.29 -15.12 12.64 -13.17 -8.17 6.64 -4.18 0 0 0 -2.09 -15.51 -13.93 34.43 -44.4 -14.41 -0 0 -11.7 51.6 9.57 11.85 -7.12 0 -0 22.72 43.91 -0.65 0 0 0 41.38 46.75 42.5 -34.86 44.71 -14.71 0 -0 -27.06 -19.47 13.63 -4.76 7.12 -0 -0 5.43 -15.6 3.78
10.78 17.25 9.23 354.45 44.09 -362.52 0 0 0 -19.86 -9.89 -18.78 9.56 17.15 57.99 -0.55 -19.2 -8.1 0.9 -6.06 -16.94 0 0 0 17.5 14.22 -20.3 -4.38 -12.65 38.05 -0.76 13.3 -16.95 -1.04 -6.48 18.18 6.31 0.42 6.94 -1.15 1.21 -5.37 -4.97 0.13 -9.5 16.97 8.36 14.76 -15.59 12.68 -13.76 -8.52 6.66 -4.33 0 -0 0 -2.48 -14.93 -14.49 34.34 -44.34 -14.35 -0 0 -11.3 51.4 9.32 11.46 -7.12 0 -0 22.42 43.5 -0.88 0 -0 0 40.68 47.27 41.22 -34.74 44.63 -14.63 0 -0 -27.28 -19.44 12.32 -4.31 7.12 -0 -0 5.41 -16.97 3.61
10.89 17.23 9.45 354.72 48.48 -362.51 0 0 0 -18.81 -5.58 -23.16 10.42 17.64 60.89 0.48 -13.68 -14.62 0.97 -6.27 -17.56 0 0 0 17.33 12.03 -19.94 -4.67 -13.01 39.39 -1.21 10.84 -19.98 -0.47 -4.39 12.19 5.71 0.57 7.01 -1.18 1.34 -5.08 -4.68 0.25 -9.21 17.46 8.33 15 -15.83 12.69 -15.03 -8.77 6.64 -4.7 -0 -0 0 -2.01 -13.52 -15.24 34.32 -44.32 -14.33 -0 0 -11.58 50.01 8.07 9.51 -7.12 0 -0 20.66 41.48 -1.88 -0 -0 0 40 48.34 40.27 -35.21 44.96 -14.96 0 -0 -28 -20.32 11.88 -4.36 7.12 -0 -0 4.78 -17.37 3.15
11.03 17.24 9.66 354.43 52.84 -362.94 0 0 0 -17.27 -1.33 -26.73 10.52 17.69 61.2 0.91 -12.21 -17.84 0.02 0.93 2.55 0 0 0 17.53 9.8 -18.84 -4.75 -13.09 39.72 -1.43 9.76 -21.49 -0.82 -5.79 16.16 5.63 0.76 7.58 -1.21 1.62 -5.38 -4.73 0.36 -9.85 16.62 8.26 13.69 -13.73 12.55 -13.52 -7.78 6.44 -4.28 0 0 0 -1.4 -12.36 -14.96 34.45 -44.41 -14.43 -0 0 -11.33 50.71 7.87 9.5 -7.12 0 -0 21.24 41.3 -2.04 0 0 0 39.8 48.5 40.42 -36.07 45.56 -15.57 0 -0 -28.99 -20.59 11.11 -4.14 7.12 -0 -0 4.58 -18.15 2.94
11.24 17.28 9.82 353.68 57.06 -363.75 0 0 0 -16.18 2.22 -29.61 9.82 17.31 58.89 1.5 -6.13 -21.94 0.63 -5.09 -14.18 0 0 0 17.88 7.35 -17.05 -4.52 -12.82 38.69 -1.47 9.04 -21.74 -1.44 -7.58 21.44 5.81 0.99 7.3 -1.09 1.95 -5.36 -4.73 0.52 -9.61 17.26 7.88 13.11 -13.24 12.14 -12.76 -7.64 6.18 -4.02 -0 -0 0 -0.21 -10.67 -13.65 34.91 -44.75 -14.75 -0 0 -12.28 51.4 6.52 8.09 -7.12 0 -0 21.4 39.42 -3.11 -0 -0 0 39.15 49.3 40.44 -36.27 45.7 -15.72 0 -0 -28.93 -20.12 11.47 -4.17 7.12 -0 -0 4.92 -17.81 3.19
11.49 17.45 9.93 353.58 61.11 -364.01 0 0 0 -15.78 4.98 -31.3 8.38 16.39 53.92 1.55 -2.02 -22.99 1.45 -7.62 -21.57 0 0 0 17.6 5.14 -14.3 -3.96 -12.11 36.12 -1.46 6.31 -21.62 -0.74 -5.5 15.35 5.46 1.51 6.7 -1.04 2.57 -5.27 -4.55 0.88 -9.1 17.5 7.32 12.01 -12.21 11.4 -11.45 -7.22 5.74 -3.62 0 -0 0 0.55 -10.89 -14.52 34.53 -44.48 -14.48 -0 0 -11.62 51.27 5.47 6.78 -7.12 0 -0 20.92 37.85 -3.89 0 -0 0 37.32 49.33 40.12 -36.64 45.95 -15.98 0 -0 -29.03 -19.41 12.15 -4.24 7.12 -0 -0 5.43 -17.16 3.6
11.79 17.69 9.95 351.42 65.22 -366.06 0 0 0 -15.04 5.68 -31.6 6.55 14.94 47.13 1.29 2.09 -22.34 0.9 -6.06 -16.94 0 0 0 17.75 3 -10.8 -3.12 -10.88 31.89 -1.01 5.6 -17.95 -1.15 -6.81 19.16 6.53 1.87 6.53 -0.95 3.2 -5.54 -5.14 1.11 -9.18 18.39 6.58 11.94 -11.61 10.61 -11.25 -7.15 5.28 -3.67 0 0 0 2.03 -10.61 -14.01 34.56 -44.5 -14.51 -0 0 -11.31 50.24 7.15 8.51 -7.12 0 -0 20.57 40.19 -2.56 0 0 0 36.17 48.69 40.33 -37.12 46.27 -16.33 0 -0 -28.95 -18.9 13 -4.4 7.12 -0 -0 5.8 -16.31 3.96
12.12 18 9.92 347.55 69.34 -370.37 0 0 0 -14.32 4.3 -29.67 4.72 13.06 39.58 0.44 9.43 -19.31 0.28 -3.38 -9.33 0 0 0 18.09 -0.68 -7.28 -2.38 -9.62 27.74 -0.5 2.49 -12.75 -0.28 -3.41 9.43 7.28 1.52 6.54 0 2.88 -5.32 -4.49 0.96 -9 18.13 6.73 11.38 -11.04 10.74 -10.92 -6.88 5.31 -3.51 -0 0 0 2.53 -8.72 -14.16 34.4 -44.38 -14.39 -0 0 -11.15 50.47 6.58 7.9 -7.12 0 -0 20.59 39.39 -3 -0 0 0 35.12 49.38 41.84 -37.88 46.76 -16.88 0 -0 -29.33 -18.85 14.03 -4.73 7.12 -0 -0 5.86 -15.24 4.14
12.46 18.31 9.84 340.55 72.98 -378.1 0 0 0 -13.66 4.54 -28 3.43 11.36 33.51 -0.24 12.76 -14.68 0.01 0.47 1.3 0 0 0 18.63 -4.66 -4.74 -1.96 -8.78 25.1 -0.12 0.04 -6.54 -0.96 -6.23 17.45 8.05 1.6 6.22 1.31 3.12 -4.75 -3.52 1.13 -8.21 17.96 6.45 10.26 -10.72 10.17 -10.36 -6.67 5.02 -3.27 0 0 0 3 -8.35 -14.21 33.88 -43.99 -14.03 -0 0 -10.37 51.09 6.75 8.28 -7.12 0 -0 21.2 39.71 -2.92 0 0 0 33.47 49.03 41.53 -38.04 46.86 -16.99 0 -0 -29.12 -18.05 15.51 -4.98 7.12 -0 -0 6.45 -13.78 4.76
12.82 18.52 9.74 329.11 75.98 -390.85 0 0 0 -13.68 6.38 -26.42 2.81 10.38 30.21 -0.83 16.84 -12.4 0.19 2.8 7.71 0 0 0 19.18 -7.32 -2.37 -1.88 -8.61 24.58 0.04 -3.47 -0.19 -1.35 -7.35 20.76 8.63 1.53 6.25 2.89 3.21 -4.37 -2.18 1.23 -7.88 17.9 6.19 9.86 -10.26 9.81 -9.44 -6.46 4.84 -3.01 -0 -0 0 3.78 -7.8 -13.19 33.48 -43.7 -13.75 -0 0 -10.05 50.67 8.2 9.87 -7.12 0 -0 21.32 41.76 -1.79 -0 -0 0 32.32 48.17 42.4 -38.25 47 -17.15 0 -0 -29.38 -17.36 16.16 -4.97 7.12 -0 -0 6.93 -13.19 5.21
13.19 18.63 9.6 314.99 78.28 -405.87 0 0 0 -14.84 10.09 -26.41 2.62 10.05 29.14 -1.23 20.17 -14.38 1.38 7.43 20.99 0 0 0 18.88 -8.05 -1.56 -2.14 -9.15 26.27 -0.05 -5.8 5.47 -2.88 -10.49 30.59 9.35 1.52 5.51 3.84 3.25 -4.03 -1.55 1.3 -7.11 18.19 5.9 8.67 -9.58 9.32 -7.91 -6.17 4.58 -2.45 -0 -0 0 5.74 -7.32 -12.13 33.22 -43.5 -13.57 -0 0 -10.18 50.72 7.65 9.24 -7.12 0 -0 21.17 40.97 -2.22 -0 -0 0 32.16 47.56 42.93 -38.18 46.95 -17.09 0 -0 -29.42 -17.24 16.65 -5.08 7.12 -0 -0 7.03 -12.69 5.35
13.58 18.66 9.41 296.2 79.63 -424.99 0 0 0 -15.73 11.02 -24.74 2.4 9.65 27.85 -1.18 19.21 -11.43 0.06 1.58 4.36 0 0 0 17.56 -8.25 -1.85 -2.64 -10.09 29.27 -0.48 -6.24 12.44 -5.94 -14.37 44.75 9.73 1.29 4.25 5.14 2.98 -4.18 -0.32 1.23 -6.64 18.64 5.92 8.96 -9.9 9.43 -7.19 -6.33 4.67 -2.23 0 0 0 7.12 -6.88 -11.38 31.86 -42.43 -12.65 -0 0 -8.67 50.93 6.73 8.21 -7.12 0 -0 21.05 39.66 -2.92 0 0 0 31.93 47.29 44.62 -38.28 47.02 -17.17 0 -0 -30.03 -17.11 16.49 -4.99 7.12 -0 -0 7.11 -12.87 5.39
13.95 18.53 9.22 274.99 78.7 -447.08 0 0 0 -14.04 9.74 -21.51 2.32 9.5 27.38 -0.89 16.76 -9.78 0.63 -5.07 -14.1 0 0 0 17.1 -8.86 -1.76 -3.31 -11.18 32.88 -0.88 -3.9 16.83 -5.63 -14.06 43.49 10.91 0.66 3.53 6.55 2.28 -4.09 0.6 0.94 -6.22 18.73 5.68 9.94 -10.36 9.26 -7.87 -6.56 4.6 -2.59 -0 -0 0 8.96 -4.99 -10.19 32.08 -42.61 -12.8 -0 0 -9.01 50.79 8.75 10.56 -7.12 0 -0 21.62 42.57 -1.37 -0 -0 0 32.59 47.74 46.15 -38.75 47.31 -17.51 0 -0 -30.15 -16.45 16.3 -4.74 7.12 -0 -0 7.55 -13.14 5.69
14.3 18.32 9.03 254.66 80.11 -468.46 0 0 0 -16.53 10.61 -18.9 2.26 9.39 27.03 -0.26 11.48 -11.75 1.09 -6.63 -18.63 0 0 0 12.45 -9.36 -1.37 -3.93 -12.06 35.95 -0.88 -0.25 17.61 -5.5 -13.92 42.93 8.77 0.57 3.21 6.48 1.97 -4.11 1.72 0.88 -6.12 18.74 5.54 9.81 -10 9.09 -7.43 -6.42 4.51 -2.48 0 -0 0 10.64 -5.17 -10.88 32 -42.55 -12.74 -0 0 -7.9 50 8.92 10.47 -7.12 0 -0 20.93 42.69 -1.25 0 -0 0 33.66 47.16 46.52 -39.01 47.47 -17.7 0 -0 -29.18 -15.48 16.27 -4.44 7.12 -0 -0 8.19 -13.26 6.16
14.62 18.1 8.84 239.5 79.12 -484.11 0 0 0 -17.36 10.36 -17.44 2.41 9.67 27.91 0.27 8.1 -15.89 0.79 -5.66 -15.8 0 0 0 10.37 -10.68 -1.14 -3.84 -11.94 35.53 -0.13 -1.91 6.36 -3.86 -11.97 35.63 8.41 0.42 2.4 6.99 1.69 -4 2.49 0.81 -5.57 17.68 5.6 9.58 -9.26 9.03 -7.43 -6.02 4.47 -2.54 -0 -0 0 11.22 -4.54 -11.45 32.32 -42.8 -12.96 -0 0 -8.18 50.41 8.67 10.33 -7.12 0 -0 21.24 42.4 -1.44 -0 -0 0 35.31 47.08 46.78 -39.51 47.78 -18.08 0 -0 -28.72 -14.71 16.53 -4.27 7.12 -0 -0 8.71 -13.06 6.59
14.88 17.89 8.68 221.34 78.44 -503 0 0 0 -20.1 11.11 -16.23 2.5 9.84 28.47 0.69 5.28 -18.46 0.35 -3.81 -10.55 0 0 0 7.18 -10.52 -0.8 -3.48 -11.44 33.78 0.27 -9.19 -3.71 -3.3 -11.17 32.85 7.4 0.79 2.82 6.5 2.15 -4.24 2.49 1.04 -6.05 17.75 5.06 9.31 -9.62 8.25 -6.87 -6.11 4.11 -2.41 -0 -0 0 10.81 -6.4 -12.91 33.22 -43.5 -13.57 -0 0 -7.69 50.96 8.05 9.8 -7.12 0 -0 21.54 41.59 -1.91 -0 -0 0 37.71 44.99 46.58 -40.45 48.33 -18.77 0 -0 -28.75 -14.09 16.59 -4.1 7.12 -0 -0 9.13 -13.06 6.92
15.07 17.7 8.5 213.17 76.74 -511.78 0 0 0 -20.64 11.5 -16.89 3.09 10.84 31.74 1.06 1.21 -19.96 0.13 -2.32 -6.4 0 0 0 6.26 -8.34 -0.66 -2.91 -10.55 30.78 0.68 -16.2 -13.88 -4.7 -13.03 39.49 8.25 1.06 2.87 6.56 2.52 -3.7 2.05 1.21 -5.48 17.44 5.23 8.48 -10.47 8.25 -7.03 -6.3 4.13 -2.29 -0 -0 0 9.73 -6.55 -14.49 34.3 -44.3 -14.32 -0 0 -7.66 50.89 8.59 10.41 -7.12 0 -0 21.66 42.36 -1.49 -0 -0 0 38.85 45.46 45.74 -40.04 48.09 -18.47 0 -0 -28.28 -12.74 17.63 -3.92 7.12 -0 -0 10.02 -12.14 7.82
15.23 17.5 8.33 206.74 75.38 -519.24 0 0 0 -21.63 11.73 -16.34 3.58 11.58 34.25 1.35 -0.62 -21.77 0.21 -2.93 -8.08 0 0 0 4.79 -7.23 -1.7 -2.48 -9.81 28.36 0.46 -17.52 -20.18 -5.7 -14.13 43.76 9.46 1.25 4.08 6.29 3.01 -3.67 1.04 1.37 -6.08 17.86 5.15 9.16 -11.12 8.25 -7.41 -6.61 4.16 -2.47 0 -0 0 8.87 -6.12 -13.65 35.53 -45.19 -15.19 -0 0 -8.06 50.79 8.75 10.57 -7.12 0 -0 21.63 42.58 -1.36 0 -0 0 40.79 45.49 47.2 -39.61 47.84 -18.15 0 -0 -28.64 -12.84 17.56 -3.93 7.12 -0 -0 9.96 -12.2 7.75
15.36 17.35 8.15 201.74 73.8 -524.76 0 0 0 -22.92 10.47 -15.1 3.84 11.94 35.53 1.59 -0.51 -23.73 0.22 -3.04 -8.39 0 0 0 3.75 -6.05 -3.66 -2.11 -9.1 26.1 0.37 -17.02 -20.31 -5.87 -14.3 44.47 10.86 1.6 4.21 6.26 3.54 -3.12 0.19 1.61 -5.46 17.85 5.18 8.58 -11.71 8.16 -7.25 -6.77 4.13 -2.31 -0 -0 0 7.98 -6.48 -13.34 35.67 -45.29 -15.29 -0 0 -8.75 50.71 8.17 9.85 -7.12 0 -0 21.35 41.73 -1.82 -0 -0 0 40.65 46.38 47.17 -38.69 47.27 -17.47 0 -0 -28.04 -12.57 17.65 -3.87 7.12 -0 -0 10.14 -12.13 7.91
15.48 17.23 7.99 195.54 71.83 -531.25 0 0 0 -24.93 8.13 -13.43 4 12.17 36.32 1.73 1.22 -25.32 0.54 -4.72 -13.12 0 0 0 2.56 -2.77 -5.41 -1.82 -8.48 24.19 0.42 -16.57 -18.98 -5.9 -14.33 44.57 11.36 1.45 4.83 6.23 3.49 -3.16 -0.12 1.55 -5.85 17.39 5.43 8.9 -11.67 8.5 -7.27 -6.7 4.32 -2.34 0 0 0 7.33 -5.42 -11.48 35.99 -45.5 -15.51 -0 0 -8.99 50.62 6.7 8.1 -7.12 0 -0 20.77 39.59 -2.92 0 0 0 41.34 47.12 48.8 -38.74 47.3 -17.51 0 -0 -27.98 -12.11 17.83 -3.76 7.12 -0 -0 10.44 -12 8.18
15.59 17.14 7.86 190.37 69.71 -536.37 0 0 0 -26.61 8.05 -12.62 4.03 12.2 36.45 1.87 -0.54 -25.73 0.46 -4.36 -12.1 0 0 0 1.48 0.89 -7.59 -1.72 -8.25 23.49 0.16 -16.1 -21.21 -6.5 -14.9 46.97 10.74 1.32 4.88 6.85 3.37 -3.15 0.88 1.55 -5.94 16.93 5.54 9.44 -12.63 8.63 -7.27 -6.96 4.46 -2.38 -0 0 0 6.05 -4.8 -10.23 35.74 -45.33 -15.34 -0 0 -7.84 51.06 6.85 8.39 -7.12 0 -0 21.21 39.86 -2.84 -0 0 0 41.62 47.73 49.68 -38.88 47.39 -17.61 0 -0 -26.83 -10.79 18.36 -3.43 7.12 -0 -0 11.31 -11.59 8.98
15.7 17.07 7.72 187.54 67.01 -539.22 0 0 0 -27.73 7.27 -11.42 4.02 12.19 36.41 1.84 -1.71 -25.2 0.41 -4.13 -11.43 0 0 0 1 4.49 -9.48 -1.59 -7.96 22.58 -0.42 -15.26 -25.5 -7.44 -15.69 50.52 11.32 1.02 4.67 6.98 3 -3 0.73 1.38 -5.69 17.18 5.74 9.73 -13.2 8.92 -7.75 -7.21 4.63 -2.48 -0 -0 0 6.35 -4.45 -10.01 35.4 -45.1 -15.1 -0 0 -7.54 51.57 6.81 8.5 -7.12 0 -0 21.66 39.88 -2.89 -0 -0 0 42.31 48.39 50.27 -39.42 47.72 -18.01 0 -0 -27.03 -10.53 18.23 -3.33 7.12 -0 -0 11.47 -11.73 9.09
15.8 17.02 7.59 184.51 64.21 -542.29 0 0 0 -29.29 5.84 -9.62 3.93 12.07 35.99 1.88 -2.11 -25.37 0.57 -4.84 -13.46 0 0 0 0.4 6.32 -11.9 -1.54 -7.84 22.23 -0.65 -15.01 -27.09 -7.79 -15.96 51.79 11.02 0.79 4.79 7.41 2.76 -2.94 1.37 1.3 -5.74 17.05 5.78 9.91 -14.55 8.92 -7.77 -7.63 4.72 -2.45 0 -0 0 5.92 -4.56 -9.87 35.25 -44.99 -14.99 -0 0 -8.38 52.02 6.41 8.14 -7.12 0 -0 21.91 39.35 -3.24 0 -0 0 42.36 48.66 50.5 -40.04 48.09 -18.47 0 -0 -27.1 -10.64 18.55 -3.42 7.12 -0 -0 11.4 -11.41 9.11
15.89 16.98 7.47 182.22 61.66 -544.32 0 0 0 -30.6 5.16 -8.44 3.8 11.89 35.34 1.84 -4.91 -24.57 0.16 -2.6 -7.17 0 0 0 0.12 7.54 -14.9 -1.52 -7.78 22.06 -0.6 -14.91 -26.56 -8.25 -16.3 53.46 11.05 0.63 4.71 7.62 2.57 -2.88 1.6 1.23 -5.66 17.44 6 10.2 -15.92 9.23 -8.16 -8.16 4.95 -2.47 -0 0 0 6.16 -4.63 -10.01 35.03 -44.83 -14.84 -0 0 -8.61 52.27 6.67 8.54 -7.12 0 -0 22.23 39.77 -3.04 -0 0 0 42.84 49.4 50.77 -40.15 48.16 -18.55 0 -0 -26.65 -10.26 19.22 -3.41 7.12 -0 -0 11.65 -10.78 9.46
15.96 16.95 7.36 180.91 59.23 -544.91 0 0 0 -31.58 4.11 -7.84 3.71 11.77 34.91 1.85 -5.59 -24.57 0.2 -2.89 -7.98 0 0 0 0.72 6.71 -18.9 -1.47 -7.66 21.7 0.83 -18.7 -17.55 -6.39 -14.79 46.51 11.42 0.65 4.53 7.87 2.69 -3.06 1.65 1.3 -5.75 17.52 6.21 9.99 -16.92 9.46 -8.19 -8.49 5.12 -2.34 -0 -0 0 6.13 -4.67 -10.25 35.38 -45.08 -15.08 -0 0 -7.54 52.12 7.75 9.83 -7.12 0 -0 22.5 41.34 -2.15 -0 -0 0 42.44 50.01 50.55 -40.17 48.17 -18.56 0 -0 -26.52 -9.05 19.18 -3 7.12 -0 -0 12.43 -10.92 10.09
16.04 16.93 7.27 179.12 56.75 -546.23 0 0 0 -32.8 3.29 -6.8 3.59 11.6 34.32 1.8 -6.83 -24.12 0.16 -2.54 -7 0 0 0 1.08 7.57 -21.2 -1.39 -7.45 21.06 1.08 -18.75 -12.53 -6.28 -14.69 46.08 11.45 0.55 4.64 7.9 2.58 -2.98 1.67 1.25 -5.73 17.59 6.58 9.96 -17.99 9.91 -8.66 -8.87 5.42 -2.32 0 0 0 6.65 -4.35 -10.52 35.36 -45.07 -15.07 -0 0 -7.31 51.72 7 8.77 -7.12 0 -0 21.86 40.17 -2.76 0 0 0 42.16 50.85 50.63 -40.51 48.37 -18.82 0 -0 -26.2 -9.33 19.18 -3.09 7.12 -0 -0 12.25 -10.9 9.95
16.12 16.93 7.18 177.65 54.27 -547.33 0 0 0 -33.89 2.5 -5.15 3.32 11.19 32.93 1.65 -8.85 -22.99 0.01 -0.5 -1.39 0 0 0 1.68 8.82 -22.97 -1.34 -7.33 20.71 1.18 -18.83 -8.3 -5.89 -14.32 44.52 11.09 0.51 5.02 8.08 2.61 -2.96 2.05 1.29 -5.95 18.14 6.9 10.28 -19.39 10.38 -9.38 -9.46 5.75 -2.38 0 -0 0 6.86 -4.25 -10.46 35.44 -45.12 -15.12 -0 0 -7.39 52.14 7.35 9.34 -7.12 0 -0 22.37 40.75 -2.49 0 -0 0 41.69 51.35 50.51 -40.62 48.43 -18.9 0 -0 -26.6 -8.88 19.44 -2.98 7.12 -0 -0 12.53 -10.69 10.25
16.22 16.94 7.12 176.06 51.37 -548.18 0 0 0 -35 1.8 -3.86 3.07 10.81 31.66 1.58 -9.74 -22.54 0.03 -1.15 -3.16 0 0 0 2.39 8.53 -25.17 -1.34 -7.32 20.67 0.97 -17.21 -4.19 -5.12 -13.51 41.32 10.59 0.38 5.24 8.11 2.45 -3.03 2.36 1.23 -6.17 17.97 7.25 10.89 -20.33 10.84 -10.54 -9.84 6.09 -2.67 -0 0 0 6.76 -3.98 -10.48 35.52 -45.18 -15.18 -0 0 -7.31 51.92 6.82 8.62 -7.12 0 -0 21.97 39.93 -2.91 -0 0 0 41.8 51.91 50.19 -40.73 48.49 -18.98 0 -0 -26.29 -8.23 19.29 -2.74 7.12 -0 -0 12.95 -10.88 10.55
16.35 16.93 7.04 175.21 48.47 -548.51 0 0 0 -35.67 1.19 -2.14 2.8 10.36 30.14 1.42 -11.51 -21.61 0 -0.11 -0.29 0 0 0 3.33 8.76 -26.6 -1.35 -7.37 20.81 0.66 -14.5 -2.34 -4.64 -12.97 39.24 10.45 0.33 5.29 8.06 2.39 -3 2.4 1.21 -6.18 18.01 7.57 11.81 -21.02 11.3 -11.9 -10.2 6.43 -3.07 -0 0 0 7 -3.88 -10.36 35.56 -45.21 -15.21 -0 0 -7.44 52.09 6.75 8.59 -7.12 0 -0 22.1 39.86 -2.97 -0 0 0 40.49 52.14 50.26 -41.49 48.93 -19.55 0 -0 -27.08 -8.59 18.94 -2.81 7.12 -0 -0 12.73 -11.19 10.28
16.49 16.94 6.97 174.79 45.23 -548.39 0 0 0 -35.98 0.44 -0.52 2.56 9.95 28.83 1.22 -13.24 -20.47 0 0.32 0.87 0 0 0 4.35 8.19 -27.43 -1.29 -7.19 20.28 0.31 -10.55 0.11 -3.87 -11.98 35.68 10.43 0.17 5.27 8.11 2.2 -2.97 2.48 1.13 -6.15 18.35 8.02 11.51 -22.14 11.94 -11.77 -10.58 6.82 -2.74 -0 -0 0 6.98 -3.88 -9.98 35.62 -45.25 -15.26 -0 0 -7.8 51.91 7.13 9 -7.12 0 -0 22.08 40.39 -2.66 -0 -0 0 40.03 52.82 49.81 -41.08 48.7 -19.25 0 -0 -26.79 -8.62 19.11 -2.84 7.12 -0 -0 12.7 -11.02 10.3
16.65 16.97 6.91 174.19 41.76 -548.03 0 0 0 -36.32 -0.56 0.78 2.36 9.57 27.6 1.03 -15.04 -19.6 0 0.27 0.75 0 0 0 3.98 9.6 -27.25 -1.19 -6.91 19.45 0.16 -8.06 1.02 -4.9 -13.28 40.41 10.07 0.12 4.9 8.02 2.06 -3.03 2.6 1.08 -6 18.78 8.31 11.64 -23.23 12.38 -12.34 -11.06 7.14 -2.72 -0 0 0 6.79 -4.63 -10.47 35.26 -45 -15 -0 0 -7.39 52.31 7.04 9.02 -7.12 0 -0 22.41 40.32 -2.74 -0 0 0 39.34 53.2 49.02 -40.9 48.59 -19.11 0 -0 -26.45 -8.46 19.18 -2.8 7.12 -0 -0 12.8 -10.97 10.4
16.82 17.02 6.84 174.28 38.3 -547 0 0 0 -35.77 -1.12 1.49 2.19 9.26 26.61 0.68 -17.66 -18.02 0 0.22 0.61 0 0 0 3.85 10.54 -26.93 -1.09 -6.64 18.66 -0.04 -5.26 4.8 -5.21 -13.62 41.72 10.22 0.03 4.54 8.17 1.97 -3.19 2.69 1.05 -5.98 18.31 8.69 11.61 -23.59 12.85 -12.65 -11.09 7.46 -2.7 -0 -0 0 6.24 -4.65 -9.77 35.48 -45.15 -15.15 -0 0 -7.6 52.39 7.38 9.47 -7.12 0 -0 22.62 40.84 -2.46 -0 -0 0 38.35 53.68 48.4 -40.85 48.57 -19.07 0 -0 -25.64 -8.83 19.52 -2.97 7.12 -0 -0 12.57 -10.61 10.3
17.02 17.07 6.77 173.65 34.27 -546.75 0 0 0 -35.86 -1.83 3.39 1.88 8.6 24.56 0.3 -19.78 -16.33 0 -0.2 -0.56 0 0 0 2.11 12.4 -26.29 -1.27 -7.14 20.12 -0.1 -2.66 5.69 -5.44 -13.87 42.7 9.9 -0.12 4.44 7.94 1.71 -3.24 2.64 0.93 -5.97 18.58 8.83 12.2 -24.37 13.11 -13.39 -11.49 7.7 -2.87 -0 -0 0 5.62 -5.06 -9.7 35.54 -45.19 -15.19 -0 0 -7.27 52.13 6.85 8.72 -7.12 0 -0 22.18 40.01 -2.9 -0 -0 0 37.29 53.95 47.64 -41.17 48.75 -19.31 0 -0 -26.21 -8.34 19.18 -2.76 7.12 -0 -0 12.88 -10.98 10.47
17.23 17.13 6.7 173.62 30.31 -545.64 0 0 0 -35.25 -2.96 4.43 1.68 8.17 23.22 -0.12 -21.92 -14.53 0 -0.37 -1 0 0 0 0.65 14.08 -24.82 -1.38 -7.44 21.02 0.01 -3.32 1.84 -3.8 -11.89 35.33 9.87 -0.12 4 7.92 1.69 -3.3 2.63 0.94 -5.79 18.67 9.02 12.06 -24.75 13.37 -13.99 -11.65 7.88 -2.92 -0 -0 0 5.24 -5.27 -9.29 35.61 -45.24 -15.24 -0 0 -7.33 51.85 6.59 8.31 -7.12 0 -0 21.83 39.58 -3.09 -0 -0 0 35.68 54.35 46.19 -41.2 48.76 -19.34 0 -0 -26.13 -9.09 19.11 -3 7.12 -0 -0 12.4 -10.99 10.06
17.46 17.19 6.63 173.61 26.61 -544.53 0 0 0 -34.55 -4.47 5.43 1.51 7.75 21.97 -0.41 -23.3 -13.35 0.02 -0.83 -2.29 0 0 0 -0.4 13.53 -24.2 -1.44 -7.58 21.46 0.03 -3.43 -0.33 -3.32 -11.19 32.92 10.05 -0.05 3.91 7.79 1.8 -3.4 2.4 0.99 -5.83 18.56 9.21 12.13 -24.9 13.61 -14.55 -11.72 8.06 -3.03 -0 -0 0 5.04 -5.34 -8.76 35.51 -45.17 -15.17 -0 0 -6.98 51.48 6.44 8.02 -7.12 0 -0 21.44 39.31 -3.18 -0 -0 0 35.11 54.8 44.87 -40.81 48.54 -19.04 0 -0 -26.2 -9.38 19.73 -3.19 7.12 -0 -0 12.21 -10.36 10.06
17.72 17.28 6.56 173.96 23.55 -543.26 0 0 0 -33.38 -5.67 6.64 1.26 7.12 20.08 -0.8 -24.6 -11.44 0.04 -1.34 -3.68 0 0 0 -1.57 15 -23 -1.5 -7.75 21.95 0 -1.33 -1.04 -2.36 -9.58 27.61 10.36 0.16 3.82 7.86 2.16 -3.46 2.27 1.18 -5.83 18.99 9.15 11.78 -25.58 13.62 -14.14 -11.97 8.11 -2.75 -0 -0 0 4.54 -5.19 -8.2 35.57 -45.22 -15.22 -0 0 -6.78 51.2 6.02 7.43 -7.12 0 -0 21.04 38.66 -3.47 -0 -0 0 34.38 55.06 43.96 -40.65 48.45 -18.92 0 -0 -26.24 -9.3 19.33 -3.1 7.12 -0 -0 12.27 -10.76 10
18.01 17.35 6.49 174.38 20.59 -541.67 0 0 0 -31.96 -6.82 6.73 1.18 6.89 19.39 -0.92 -24.91 -10.73 0.02 -0.82 -2.26 0 0 0 -1.71 15.04 -22.26 -1.52 -7.79 22.08 -0.02 0.18 -2.56 -1.44 -7.58 21.44 10.51 0.32 3.69 7.85 2.43 -3.69 2.15 1.31 -6 19.26 9.29 11.96 -25.86 13.92 -13.92 -12.09 8.29 -2.6 -0 0 0 4.25 -5.08 -8.22 35.24 -44.98 -14.98 -0 0 -6.64 51.33 6.02 7.47 -7.12 0 -0 21.16 38.68 -3.48 -0 0 0 34.99 55.47 43.62 -40.3 48.24 -18.66 0 -0 -25.64 -9.77 19.87 -3.35 7.12 -0 -0 11.96 -10.18 9.88
18.33 17.43 6.42 174.74 17.41 -540.37 0 0 0 -30.5 -7.81 7.03 1.11 6.69 18.79 -1.08 -24.88 -9.31 0.04 -1.32 -3.63 0 0 0 -0.63 13.02 -22.2 -1.54 -7.84 22.24 -0.04 -0.95 -4.22 -0.64 -5.11 14.23 10.54 0.46 3.75 7.67 2.67 -3.92 1.92 1.42 -6.26 20.61 9.03 11.75 -27.16 13.88 -12.73 -12.7 8.31 -2.01 0 -0 0 4.36 -4.66 -8.41 35.09 -44.87 -14.87 -0 0 -7.03 50.53 5.85 7.05 -7.12 0 -0 20.4 38.33 -3.53 0 -0 0 35.88 55.64 43.5 -40.07 48.11 -18.49 0 -0 -25.97 -9.95 19.92 -3.42 7.12 -0 -0 11.85 -10.11 9.8
18.66 17.55 6.35 174.9 14.16 -539.32 0 0 0 -29.28 -9.36 7.61 1.02 6.43 18.04 -1.18 -24.56 -7.94 0.1 -2.08 -5.73 0 0 0 0.37 11.53 -21.9 -1.58 -7.94 22.52 -0.07 -2.64 -6.78 -0.84 -5.84 16.33 10.23 0.74 3.75 7.4 2.96 -3.72 1.79 1.57 -6.02 20.01 9.36 11.69 -26.6 14.23 -13.2 -12.38 8.48 -2.15 0 0 0 4.1 -5.04 -9.64 34.91 -44.75 -14.75 -0 0 -7.61 50.62 5.97 7.22 -7.12 0 -0 20.52 38.52 -3.45 0 0 0 35.44 55.68 42.21 -40.34 48.27 -18.7 0 -0 -25.99 -10.08 19.25 -3.35 7.12 -0 -0 11.77 -10.76 9.57
19.02 17.63 6.27 175.27 11.13 -538.73 0 0 0 -27.53 -10.35 7.74 1.09 6.63 18.62 -1.37 -24.72 -6.18 0.11 -2.16 -5.94 0 0 0 1.83 9.83 -21.41 -1.65 -8.09 22.97 -0.15 -3.25 -9.3 -0.59 -4.92 13.67 10.2 1.08 4.15 7.05 3.4 -3.57 1.37 1.76 -6.05 20.13 9.34 12.37 -26.34 14.31 -13.31 -12.37 8.52 -2.3 -0 0 0 4.02 -5.34 -9.86 35 -44.81 -14.81 -0 0 -9.21 50.48 5.41 6.53 -7.12 0 -0 20.22 37.69 -3.83 -0 0 0 36.2 55.64 41.47 -39.6 47.83 -18.14 0 -0 -25.44 -10.07 19.4 -3.38 7.12 -0 -0 11.77 -10.62 9.61
19.37 17.72 6.19 175.7 7 -538.07 0 0 0 -25.51 -12.09 6.18 1.45 7.61 21.52 -1.42 -24.4 -5.16 0.42 -4.16 -11.54 0 0 0 3.33 7.86 -20.38 -1.64 -8.06 22.9 -0.27 -3.97 -12.01 -0.73 -5.47 15.25 10.32 1.04 4.19 6.71 3.31 -3.45 0.95 1.7 -5.92 20.34 9.84 12 -25.96 15.08 -12.26 -12.1 8.83 -1.77 -0 0 0 3.91 -5.64 -10.03 35.02 -44.83 -14.83 -0 0 -10.08 50.5 5.41 6.52 -7.12 0 -0 20.24 37.69 -3.84 -0 0 0 36.44 55.61 41.15 -39.2 47.59 -17.84 0 -0 -25.99 -10.72 18.48 -3.43 7.12 -0 -0 11.35 -11.47 9.05
19.76 17.82 6.11 176.94 3.14 -537.38 0 0 0 -22.27 -12.19 2.93 2.07 9.01 25.83 -1.21 -23.06 -5.5 1.03 -6.47 -18.15 0 0 0 6.06 5.52 -19.3 -1.51 -7.77 22.01 -0.34 -4.86 -13.85 -0.85 -5.89 16.48 10.98 1.21 4.09 6.57 3.6 -3.44 0.43 1.84 -5.8 20.83 10.79 13.22 -25.94 15.24 -11.99 -12.18 8.23 -1.76 0 -0 0 3.98 -6.57 -9.79 34.5 -44.45 -14.46 -0 0 -9.76 50.23 5.04 6.02 -7.12 0 -0 19.88 37.12 -4.05 0 -0 0 37.07 55.23 41.06 -38.52 47.17 -17.35 0 -0 -25.82 -11.3 18.29 -3.59 7.12 -0 -0 10.97 -11.61 8.71
20.12 17.9 6.01 177.47 -0.74 -536.69 0 0 0 -20.02 -11.22 -1.27 2.89 10.52 30.68 -0.74 -19.67 -6.32 1.73 -8.28 -23.55 0 0 0 7.91 3.27 -18.84 -1.47 -7.65 21.67 -0.42 -5.74 -15.69 -1.22 -7.01 19.74 11.04 2.5 3.87 6.24 3.56 -3.36 0.14 1.12 -5.42 20.78 11.3 12.68 -25.55 16.04 -11.33 -11.87 8.61 -1.34 0 0 0 4.29 -6.76 -9.31 34.7 -44.59 -14.6 -0 0 -10.1 49.59 5.42 6.33 -7.12 0 -0 19.45 37.62 -3.71 0 0 0 35.85 55.44 40.15 -38.23 46.98 -17.13 0 -0 -26.07 -11.69 18.54 -3.76 7.12 -0 -0 10.72 -11.32 8.56
20.45 17.94 5.91 178.62 -4.62 -536.19 0 0 0 -17.41 -9.19 -5.86 3.86 11.97 35.62 -0.17 -14.12 -7.76 2.24 -9.35 -26.9 0 0 0 10.54 0.15 -18.73 -1.39 -7.46 21.09 -0.4 -7.2 -16.76 -1.12 -6.71 18.87 11.73 2.7 3.99 6.15 3.91 -3.46 -0.35 1.26 -5.53 20.76 11.6 13.21 -25.37 16.62 -11.33 -11.8 8.95 -1.32 0 -0 0 4.41 -7.04 -8.93 34.73 -44.62 -14.62 -0 0 -9.82 48.75 3.79 4.31 -7.12 0 -0 18.28 35.2 -4.59 0 -0 0 34.87 55.45 39.57 -37.85 46.75 -16.86 0 -0 -26.26 -10.84 18.56 -3.49 7.12 -0 -0 11.27 -11.38 9.01
20.77 17.98 5.81 179.29 -8.29 -535.7 0 0 0 -16.07 -6.84 -10.29 4.66 12.99 39.32 0.43 -8.14 -12.21 1.69 -8.19 -23.31 0 0 0 12.67 -3.01 -18.86 -1.31 -7.25 20.47 -0.39 -8.27 -17.63 -1.14 -6.79 19.1 11.96 2.8 3.94 5.94 4.1 -3.49 -0.71 1.36 -5.49 20.88 11.96 14.47 -25.62 17.26 -12.16 -12.01 9.37 -1.57 0 -0 0 4.36 -6.49 -8.92 35.26 -45 -15 -0 0 -9.72 50.22 4.77 5.7 -7.12 0 -0 19.79 36.72 -4.23 0 -0 0 34.34 55.96 39.11 -37.6 46.58 -16.68 0 -0 -25.8 -10.89 18.23 -3.44 7.12 -0 -0 11.24 -11.71 8.9
21.06 18.03 5.69 179.9 -12.12 -535.43 0 0 0 -15.62 -3.88 -14.44 5.13 13.53 41.37 0.77 -1.7 -16.04 2.05 -8.97 -25.69 0 0 0 14.58 -5.5 -18.89 -1.28 -7.17 20.21 -0.45 -8.9 -18.9 -1.27 -7.15 20.17 12.02 3 4.24 5.75 4.5 -3.92 -0.99 1.52 -6.07 21.75 11.81 15.72 -26.21 17.45 -12.21 -12.46 9.56 -1.6 -0 0 0 4.09 -7.03 -8.85 35.08 -44.87 -14.87 -0 0 -8.96 49.15 2.96 3.42 -7.12 0 -0 18.38 34.02 -5.18 -0 0 0 34.18 55.3 38.88 -37.79 46.71 -16.81 0 -0 -25.94 -10.38 18.5 -3.32 7.12 -0 -0 11.57 -11.48 9.23
21.33 18.03 5.56 180.49 -16.06 -535.37 0 0 0 -15.61 -1.38 -17.94 5.32 13.74 42.2 0.96 -3.5 -17.64 0.03 -1.14 -3.12 0 0 0 16.27 -6.77 -19.13 -1.4 -7.48 21.14 -0.5 -10.37 -20.83 -1.75 -8.34 23.74 11.9 2.85 4.49 5.73 4.37 -3.98 -0.95 1.46 -6.3 20.82 12.35 15.68 -25.19 18.07 -12.44 -11.91 9.85 -1.72 0 0 0 3.84 -6 -8.49 35.53 -45.19 -15.19 -0 0 -9.55 49.24 3.05 3.54 -7.12 0 -0 18.47 34.16 -5.14 0 0 0 34.8 55.91 38.9 -37.71 46.66 -16.76 0 -0 -25.4 -10.5 18.55 -3.38 7.12 -0 -0 11.49 -11.42 9.18
21.57 18 5.41 180.73 -20.26 -535.18 0 0 0 -16.9 1.87 -21.69 5.35 13.76 42.3 0.97 -0.5 -18.45 0.93 -6.15 -17.23 0 0 0 17.48 -7.77 -19.68 -1.63 -8.05 22.85 -0.75 -11.05 -23.84 -2.59 -10 28.98 11.5 2.96 4.34 5.41 4.55 -4.28 -1.09 1.57 -6.53 21.13 12.05 16.09 -24.97 17.83 -12.53 -11.96 9.74 -1.86 0 0 0 4.12 -6.18 -7.48 35.75 -45.34 -15.34 -0 0 -10.8 50.2 4.13 4.93 -7.12 0 -0 19.58 35.78 -4.66 0 0 0 34.96 55.23 38.43 -37.88 46.76 -16.88 0 -0 -24.86 -10.08 18.38 -3.21 7.12 -0 -0 11.77 -11.62 9.36
21.75 17.95 5.25 181.12 -24.32 -535.16 0 0 0 -18.43 4.47 -24.43 5.22 13.63 41.78 1.12 -1.43 -19.56 0.71 -5.39 -15.02 0 0 0 18.71 -8.79 -19.86 -1.81 -8.47 24.15 -1.13 -11.12 -26.91 -3.42 -11.35 33.46 11.44 2.97 3.83 5.22 4.5 -4.2 -1.23 1.59 -6.14 20.69 12.18 15.73 -24.85 17.85 -12.6 -11.82 9.75 -1.88 -0 -0 0 4.17 -6.43 -7.94 34.83 -44.69 -14.7 -0 0 -10.55 50.65 4.34 5.28 -7.12 0 -0 20.02 36.14 -4.6 -0 -0 0 34.75 55.3 37.72 -37.65 46.62 -16.71 0 -0 -24.67 -9.92 18.76 -3.22 7.12 -0 -0 11.87 -11.26 9.53
21.9 17.92 5.07 181.22 -28.35 -534.87 0 0 0 -20.57 7.05 -26.83 4.99 13.37 40.77 1.17 -0.3 -20.4 0.47 -4.39 -12.18 0 0 0 19.65 -10.41 -20.84 -2.06 -8.98 25.75 -1.32 -11.95 -28.97 -3.5 -11.46 33.86 10.99 3.05 3.28 5.03 4.54 -4.53 -1.17 1.62 -6.19 20.56 12.18 15.72 -24.93 17.85 -12.23 -11.8 9.77 -1.77 0 0 0 4.05 -5.9 -7.08 35.5 -45.17 -15.17 -0 0 -10.71 49.86 5.15 6.08 -7.12 0 -0 19.61 37.25 -3.92 0 0 0 34.46 54.9 38.16 -37.8 46.71 -16.82 0 -0 -25.47 -10.34 18.24 -3.27 7.12 -0 -0 11.6 -11.74 9.19
22 17.85 4.9 181.77 -32.17 -534.98 0 0 0 -22.21 8.73 -28.35 4.71 13.05 39.55 1.25 1.14 -21.6 0.08 -1.78 -4.9 0 0 0 20.88 -11.65 -21.35 -2.27 -9.42 27.1 -1.92 -11.23 -32.22 -3.89 -12.01 35.76 11.09 3.2 2.83 4.82 4.71 -4.77 -1.43 1.7 -6.15 20.62 12.04 15.67 -25.01 17.67 -12.15 -11.85 9.68 -1.77 0 0 0 3.99 -6.28 -7.67 34.82 -44.68 -14.68 -0 0 -10.26 49.71 3.13 3.69 -7.12 0 -0 18.88 34.3 -5.2 0 0 0 34.31 54.73 38.08 -37.24 46.35 -16.42 0 -0 -25.29 -10.3 18.74 -3.34 7.12 -0 -0 11.62 -11.26 9.33
22.07 17.82 4.73 182.8 -36.16 -535.65 0 0 0 -23.03 9.46 -28.69 4.43 12.71 38.29 1.42 4.72 -24.68 0.01 0.67 1.85 0 0 0 22.42 -12.95 -21.43 -2.44 -9.73 28.11 -2.15 -12.05 -34.15 -4.09 -12.29 36.75 11.56 3.28 2.73 4.64 4.87 -5.13 -1.88 1.73 -6.42 20.68 11.96 15.74 -24.79 17.6 -12.3 -11.81 9.64 -1.86 -0 -0 0 4.14 -6.37 -7.37 34.84 -44.7 -14.7 -0 0 -9.86 49.97 3.82 4.54 -7.12 0 -0 19.3 35.32 -4.82 -0 -0 0 34.19 54.36 38.25 -36.79 46.05 -16.09 0 -0 -25.04 -10.09 19.03 -3.32 7.12 -0 -0 11.75 -10.98 9.51
22.11 17.76 4.56 183.1 -39.81 -536.2 0 0 0 -23.29 8.07 -26.96 3.99 12.14 36.24 2.12 2.57 -28.56 1.45 7.62 21.58 0 0 0 23.11 -14.4 -21.55 -2.69 -10.18 29.56 -2.69 -11.7 -36.79 -4.52 -12.82 38.7 11.04 3.38 2.87 4.56 5.04 -5.5 -1.7 1.81 -6.91 21.15 11.93 15.84 -25.14 17.74 -11.73 -11.96 9.73 -1.6 0 -0 0 3.59 -6.57 -7.88 34.34 -44.33 -14.35 -0 0 -9.04 50.23 3.22 3.86 -7.12 0 -0 19.33 34.46 -5.26 0 -0 0 34.74 53.93 38.44 -36.09 45.58 -15.59 0 -0 -24.57 -9.75 19.29 -3.25 7.12 -0 -0 11.97 -10.76 9.75
22.1 17.68 4.4 183.62 -42.81 -536.81 0 0 0 -22.5 5.56 -24.51 3.66 11.69 34.65 2.12 4.21 -29.24 0.92 6.1 17.08 0 0 0 23.77 -15.46 -22.08 -3.08 -10.82 31.67 -3.35 -10.62 -39.41 -5.06 -13.45 41.06 10.57 3.66 2.16 4.61 5.27 -5.3 -1.37 2 -6.29 20.86 12.39 14.88 -25.25 18.19 -11.21 -11.77 9.93 -1.2 -0 -0 0 3.25 -6.27 -8.65 34.35 -44.34 -14.36 -0 0 -9.45 49.67 3.37 3.96 -7.12 0 -0 18.92 34.64 -5.05 -0 -0 0 33.98 54.09 37.75 -35.65 45.27 -15.28 0 -0 -24.74 -9.6 18.76 -3.11 7.12 -0 -0 12.08 -11.3 9.7
22.07 17.62 4.27 182.77 -45.73 -536.91 0 0 0 -22.48 3.72 -22.75 3.73 11.8 35.02 2.2 1.98 -28.81 1.07 6.58 18.49 0 0 0 22.82 -16.36 -22.39 -3.69 -11.74 34.8 -3.46 -11.5 -40.45 -4.82 -13.18 40.04 9.59 3.42 2.56 4.33 5.01 -5.34 -1.15 1.92 -6.64 20 13.07 15.2 -25.21 18.91 -11.79 -11.62 10.33 -1.34 0 0 0 2.56 -4.94 -9.17 34.29 -44.3 -14.32 -0 0 -9.15 49.94 4.02 4.77 -7.12 0 -0 19.33 35.61 -4.68 0 0 0 35.65 55.08 38.75 -34.79 44.66 -14.67 0 -0 -23.91 -9.47 18.58 -3.04 7.12 -0 -0 12.16 -11.48 9.72
22.01 17.59 4.13 181.4 -48.61 -536.76 0 0 0 -22.97 2.85 -21.3 3.77 11.85 35.21 1.9 2.11 -26.86 0.19 2.84 7.84 0 0 0 20.07 -13.68 -20.9 -4.81 -13.16 39.97 -3.78 -8.35 -40.23 -5.07 -13.46 41.11 8.8 3.58 3 3.51 5.28 -5.51 -1.64 2.08 -7.04 20.21 13.01 15.81 -25.51 18.91 -12.17 -11.84 10.38 -1.49 -0 -0 0 2.78 -4.36 -8.68 34.95 -44.78 -14.78 -0 0 -10.13 50.03 4.21 5 -7.12 0 -0 19.46 35.89 -4.58 -0 -0 0 37.62 54.43 39.29 -34.18 44.22 -14.24 0 -0 -23.82 -10.08 18.41 -3.21 7.12 -0 -0 11.77 -11.6 9.37
21.93 17.49 4.01 179.81 -52.24 -536.09 0 0 0 -23.76 1.83 -20.23 3.87 11.98 35.67 2.03 -1.01 -26.66 0.47 4.39 12.19 0 0 0 17.16 -12.46 -21.9 -6.61 -15 47.39 -2.67 -8.69 -34.86 -4.88 -13.24 40.29 8.23 3.37 2.86 2.6 4.96 -5.44 -2.26 1.97 -6.86 21.06 13.11 15.97 -27.11 19.08 -12.49 -12.51 10.55 -1.27 -0 -0 0 3.27 -3.68 -9.43 34.59 -44.52 -14.53 -0 0 -10.3 49.71 4.66 5.48 -7.12 0 -0 19.33 36.52 -4.23 -0 -0 0 37.53 55.11 39.35 -33.98 44.07 -14.1 0 -0 -25.22 -10.38 16.63 -3 7.12 -0 -0 11.59 -13.34 8.79
21.84 17.39 3.9 179.62 -56.65 -536.72 0 0 0 -23.4 0.36 -19.26 4.18 12.39 37.13 2.04 -4.47 -25.97 0.69 5.32 14.82 0 0 0 15.14 -12.15 -24.14 -8.97 -16.79 55.97 -1.26 -11.03 -27.79 -4.06 -12.24 36.58 8.18 3.09 3.68 2.51 4.71 -5.81 -2.36 1.8 -7.76 19.57 13.31 15.03 -26.88 19.04 -11.17 -12.04 10.49 -0.94 0 -0 0 2.05 -4.01 -10.45 34.14 -44.19 -14.21 -0 0 -10.09 49.64 3.65 4.28 -7.12 0 -0 18.97 35.05 -4.86 0 -0 0 36.01 54.64 39.3 -34.01 44.09 -14.12 0 -0 -25.68 -10.17 16.69 -2.95 7.12 -0 -0 11.72 -13.29 8.91
21.76 17.28 3.75 177.63 -61.24 -535.96 0 0 0 -23.99 -1.41 -17.83 4.39 12.66 38.09 1.96 -6.64 -25.21 0.72 5.43 15.15 0 0 0 12.25 -10 -25.66 -11.24 -18.05 63.55 -0.29 -9.25 -17.42 -3.8 -11.89 35.34 6.97 2.73 4.55 2.05 4.24 -6.01 -2.2 1.61 -8.58 19.13 13.63 13.95 -26.84 19.42 -9.86 -11.73 10.62 -0.36 0 0 0 1.67 -3.49 -9.98 35.48 -45.15 -15.16 -0 0 -12.34 50 4.66 5.53 -7.12 0 -0 19.57 36.55 -4.27 0 0 0 35.65 54.43 39.21 -34.21 44.24 -14.26 0 -0 -25.24 -10.07 15.86 -2.78 7.12 -0 -0 11.8 -14.12 8.76
21.67 17.15 3.57 175.31 -65.64 -534.59 0 0 0 -24.34 -2.93 -16.77 4.65 12.97 39.27 1.99 -7.01 -25.36 0.14 2.45 6.76 0 0 0 9.72 -6.18 -25.77 -12.43 -18.57 67.35 -0.34 -0.92 -11.46 -3.06 -10.79 31.56 5.68 2.62 4.78 1.61 4 -5.68 -1.93 1.6 -8.41 19.17 13.58 13.58 -28.08 19.17 -10.11 -12.16 10.53 -0.26 -0 -0 0 0.94 -4.41 -11.97 35.82 -45.39 -15.4 -0 0 -11.57 50.1 5.69 6.76 -7.12 0 -0 19.98 38.05 -3.59 -0 -0 0 33.86 54.2 37.28 -35.07 44.86 -14.86 0 -0 -26.44 -11.15 15.5 -3.02 7.12 -0 -0 11.09 -14.4 8.14
21.58 17.07 3.34 171.5 -69.54 -531.77 0 0 0 -24.84 -4.75 -15.08 4.77 13.12 39.83 1.93 -8.54 -24.92 0.14 2.4 6.62 0 0 0 8.33 -0.56 -24.86 -12.57 -18.62 67.8 -0.51 2.37 -12.9 -1.36 -7.38 20.84 4.14 2.49 5.45 0.96 3.71 -5.63 -1.77 1.53 -8.82 18.67 13.66 14.03 -28.8 19.07 -10.82 -12.43 10.57 -0.52 0 0 0 0.65 -4.18 -13.48 36.47 -45.83 -15.86 -0 0 -11.54 49.79 4.17 4.91 -7.12 0 -0 19.25 35.81 -4.56 0 0 0 33.64 54.6 36.57 -35.58 45.22 -15.22 0 -0 -26.94 -10.54 15.13 -2.78 7.12 -0 -0 11.5 -14.81 8.35
21.46 17.04 3.06 167.87 -73.42 -528.97 0 0 0 -24.51 -5.52 -13.29 4.71 13.05 39.54 1.86 -10.15 -24.47 0 0.28 0.77 0 0 0 8.15 6.05 -23.06 -11.93 -18.36 65.78 -1.04 3.11 -18.48 -1.43 -7.57 21.42 3.14 2.64 6.06 0.37 3.82 -5.31 -1.88 1.64 -8.84 17.82 13.73 12.73 -29.07 18.8 -10.76 -12.29 10.38 -0.41 -0 -0 0 0.74 -4.51 -14.86 37.32 -46.4 -16.47 -0 0 -12.44 49.93 5.47 6.46 -7.12 0 -0 19.76 37.71 -3.72 -0 -0 0 32.25 54.59 35.08 -36.29 45.71 -15.73 0 -0 -27.22 -10.35 16.34 -2.94 7.12 -0 -0 11.61 -13.63 8.73
21.3 17.14 2.72 164.45 -78.23 -525.54 0 0 0 -22.92 -6.31 -11.52 4.3 12.54 37.68 1.45 -12.86 -22.03 0.01 -0.51 -1.4 0 0 0 9.1 12.73 -20.52 -10.36 -17.61 60.68 -1.45 4.22 -21.81 -1.34 -7.34 20.72 3.1 2.3 6.07 -0.49 3.3 -5.7 -2.71 1.35 -9.25 18.14 13.55 13.31 -29.45 18.59 -11.09 -12.58 10.34 -0.56 -0 -0 0 2 -3.58 -14.42 38.47 -47.14 -17.31 -0 0 -14.41 50.38 6.53 7.83 -7.12 0 -0 20.5 39.31 -3.02 -0 -0 0 33.19 55.39 36.33 -36.43 45.81 -15.83 0 -0 -27.42 -10.82 15.64 -2.95 7.12 -0 -0 11.31 -14.28 8.34
21.14 17.28 2.33 156.09 -83.8 -516.86 0 0 0 -20.7 -7.15 -9.79 3.64 11.66 34.54 0.77 -15.95 -17.95 0 -0.37 -1.03 0 0 0 10.36 18.61 -17.98 -8.57 -16.52 54.58 -1.4 8.64 -21.22 -0.7 -5.35 14.9 3.55 1.93 5.68 -1.46 2.75 -5.73 -3.91 1.02 -9.02 18.16 13.5 12.23 -29.57 18.39 -10.96 -12.52 10.18 -0.37 -0 0 0 3.44 -4.04 -16.04 38.39 -47.09 -17.25 -0 0 -15.04 49.92 7.87 9.24 -7.12 0 -0 20.51 41.18 -2.03 -0 0 0 32.39 56.41 36.61 -36.82 46.07 -16.11 0 -0 -27.72 -10.44 15.79 -2.87 7.12 -0 -0 11.56 -14.16 8.56
20.98 17.48 1.89 34.92 -87.85 -395.39 0 0 0 -17.45 -8.98 -8.33 2.98 10.67 31.16 0.13 -18.28 -13.97 0.15 -2.48 -6.85 0 0 0 12.72 23.11 -14.82 -6.8 -15.16 48.13 -0.49 16.81 -16.17 -0.62 -5.04 14.03 3.74 1.32 5.39 -1.68 1.93 -5.74 -4.13 0.6 -8.92 17.09 13.3 12.11 -29.82 17.74 -11.61 -12.55 9.91 -0.77 0 -0 0 3.8 -5.1 -17.18 38.25 -47 -17.15 -0 0 -14.5 49.37 9 10.34 -7.12 0 -0 20.36 42.7 -1.21 0 -0 0 30.46 56.35 36.46 -37.53 46.54 -16.63 0 -0 -27.13 -11.03 16.72 -3.21 7.12 -0 -0 11.15 -13.2 8.48
20.79 17.73 1.41 4.21 -79.67 -364.47 0 0 0 -15.17 -12.4 -6.02 2.12 9.12 26.17 -0.57 -19.78 -8.5 0.54 -4.7 -13.06 0 0 0 14.21 26.41 -11.55 -5.45 -13.88 42.74 1.41 23.14 -2.98 -2.51 -9.86 28.52 3.21 0.41 5.45 -2.41 0.6 -5.57 -4.45 -0.04 -8.9 17.17 13.24 10.75 -30.04 17.6 -11.15 -12.49 9.75 -0.41 -0 0 0 4.91 -6.16 -18.04 38.09 -46.9 -17.03 -0 0 -15.57 50.4 7.25 8.67 -7.12 0 -0 20.75 40.35 -2.5 -0 0 0 28.84 56.5 36.3 -38.12 46.92 -17.05 0 -0 -27.48 -10.77 19.1 -3.56 7.12 -0 -0 11.32 -10.85 9.17
20.61 17.93 0.92 3.12 -70.16 -362.58 0 0 0 -13.38 -15.15 -6.2 1.52 7.78 22.06 -1.35 -22.24 -2.08 1.39 -7.46 -21.08 0 0 0 14.71 27.74 -9.04 -4.72 -13.07 39.62 1.45 20.72 7.77 -5.65 -14.08 43.57 2.55 -0.53 5.56 -3.62 -0.84 -5.65 -5.18 -0.76 -9.22 16.75 12.81 10.23 -29.17 17.03 -10.65 -12.12 9.4 -0.47 -0 0 0 6.45 -7.47 -17.51 37.58 -46.57 -16.66 -0 0 -15.46 51.46 7.89 9.77 -7.12 0 -0 21.94 41.44 -2.04 -0 0 0 27.13 55.93 36.01 -38.55 47.19 -17.37 0 -0 -28.07 -11.83 18.4 -3.78 7.12 -0 -0 10.63 -11.46 8.46
20.41 18.07 0.43 2.18 -60.88 -360.71 0 0 0 -11.37 -16.64 -8.25 1.22 7.01 19.74 -1.6 -22.93 0.68 2.47 -9.78 -28.27 0 0 0 15.63 26.69 -7.19 -4.02 -12.19 36.4 1.5 21.54 13.04 -6.44 -14.84 46.71 2.69 -1.34 5.18 -4.71 -2.01 -5.34 -6.29 -1.38 -8.85 15.44 12.5 9.15 -27.8 16.46 -9.97 -11.37 9.02 -0.51 0 -0 0 7.83 -8.7 -17.74 37.15 -46.29 -16.35 -0 0 -16.1 50.6 8.81 10.57 -7.12 0 -0 21.47 42.64 -1.32 0 -0 0 24.53 55.84 35.03 -38.27 47.01 -17.16 0 -0 -29.47 -13.32 18.22 -4.24 7.12 -0 -0 9.65 -11.49 7.65
20.2 18.07 -0.01 2.77 -52.56 -360.06 0 0 0 -10.54 -16.7 -11.46 1.29 7.2 20.32 -0.54 -15.66 -3.69 3.16 -10.94 -32.09 0 0 0 15.68 24.13 -5.77 -3.23 -11.06 32.48 1.69 22.72 13.55 -7.25 -15.54 49.81 2.43 -1.62 4.7 -5.85 -2.51 -5.01 -7.32 -1.64 -8.34 16.78 11.75 8.49 -28.85 15.67 -9.15 -11.94 8.58 -0.11 0 0 0 9.03 -11.16 -19.11 35.95 -45.48 -15.49 -0 0 -16.33 49.8 8.1 9.46 -7.12 0 -0 20.47 41.48 -1.86 0 0 0 20.68 55.07 32.89 -37.9 46.77 -16.89 0 -0 -30.58 -14.52 17.27 -4.4 7.12 -0 -0 8.85 -12.34 6.84
19.99 18.06 -0.42 2.94 -46.28 -359.03 0 0 0 -9.74 -14.29 -13.98 1.43 7.57 21.42 0.35 -7.88 -11.17 2.93 -10.59 -30.89 0 0 0 16.23 20.17 -5.24 -2.56 -9.94 28.78 2.11 24.71 11.03 -7.25 -15.54 49.8 1.99 -1.61 4.16 -6.39 -2.55 -4.75 -7.67 -1.64 -7.76 15.96 11.4 8.86 -28.28 15.04 -9.77 -11.74 8.32 -0.63 0 -0 0 9.3 -12.19 -19.66 35.18 -44.94 -14.94 -0 0 -15.42 50.66 7.98 9.62 -7.12 0 -0 21.23 41.45 -1.96 0 -0 0 16.34 55.3 30.77 -37.45 46.49 -16.57 0 -0 -32.3 -15.42 18.31 -4.95 7.12 -0 -0 8.28 -11.18 6.59
19.78 17.92 -0.84 2.93 -41.4 -358.34 0 0 0 -7.98 -14.52 -13.75 1.4 7.47 21.13 0.56 -4.29 -13.31 3.77 -11.85 -35.19 0 0 0 17.62 16.17 -6.12 -2.36 -9.59 27.64 2.45 26.66 6.28 -6.78 -15.14 48.03 1.24 -1.42 4.94 -6.82 -2.4 -4.87 -7.72 -1.55 -8.31 16 11.25 8.96 -28.1 14.86 -9.88 -11.71 8.25 -0.74 -0 0 0 9.17 -12.31 -20.14 35.74 -45.33 -15.34 -0 0 -16.47 50.06 7.91 9.33 -7.12 0 -0 20.65 41.25 -2.01 -0 0 0 15.68 55.84 29.46 -36.9 46.12 -16.17 0 -0 -31.41 -15.84 17.83 -4.96 7.12 -0 -0 8 -11.63 6.28
19.57 17.79 -1.22 3.23 -38.14 -357.81 0 0 0 -6.17 -15.08 -11.74 1.25 7.09 19.98 0.45 -4.99 -11.99 3.43 -11.37 -33.52 0 0 0 18.86 14.69 -8.32 -2.69 -10.17 29.53 2.08 27.72 -3.54 -5.73 -14.16 43.88 0.04 -1.07 5.99 -7.07 -2.14 -5.39 -7.35 -1.39 -9.43 15.93 11.37 9.63 -28.32 14.98 -10.49 -11.86 8.39 -0.98 0 0 0 8.39 -11 -19.96 36.44 -45.81 -15.84 -0 0 -15.94 50.46 8.24 9.85 -7.12 0 -0 21.14 41.78 -1.76 0 0 0 17.57 56.84 29.57 -37.38 46.44 -16.52 0 -0 -30.71 -16.54 17.3 -5.05 7.12 -0 -0 7.51 -12.1 5.82
19.36 17.64 -1.55 3.74 -35.37 -357.05 0 0 0 -4.95 -15.34 -8.99 1.11 6.68 18.78 0.35 -2.78 -10.55 3.21 -11.02 -32.35 0 0 0 19.63 14.02 -12.32 -3.43 -11.37 33.53 1.31 26.19 -8.81 -4.84 -13.2 40.12 -1.09 -0.59 5.62 -7.7 -1.64 -5.42 -7.47 -1.1 -9.17 14.84 11.49 10.04 -27.65 14.77 -12.04 -11.58 8.37 -1.69 -0 -0 0 8.24 -10.44 -21.35 36.51 -45.86 -15.89 -0 0 -14.75 52.03 8.06 10.18 -7.12 0 -0 22.55 41.78 -1.9 -0 -0 0 21.92 58.18 28.61 -37.37 46.43 -16.51 0 -0 -29.42 -16.33 18.17 -5.22 7.12 -0 -0 7.69 -11.23 6.1
19.14 17.5 -1.85 4.46 -31.76 -356.88 0 0 0 -4.6 -13.77 -6.36 1.02 6.43 18.04 0.34 0.33 -11.1 3.86 -11.97 -35.64 0 0 0 20.12 13.47 -15.34 -4.21 -12.44 37.29 0.73 24.74 -12.13 -4.84 -13.2 40.12 -2.47 -0.47 5.71 -8.18 -1.68 -5.57 -7.2 -1.05 -9.37 14.84 11.62 10.26 -27.69 14.98 -12.13 -11.6 8.5 -1.7 0 -0 0 7.26 -9.54 -22.26 36.71 -45.99 -16.03 -0 0 -14.83 51.78 8.94 11.16 -7.12 0 -0 22.65 43.03 -1.17 0 -0 0 26.22 58.76 30.76 -38.65 47.25 -17.44 0 -0 -31.09 -17.6 17.85 -5.55 7.12 -0 -0 6.84 -11.41 5.39
18.9 17.36 -2.08 4.98 -26.9 -356.56 0 0 0 -4.32 -12.51 -3.41 0.83 5.82 16.28 0.31 2.49 -11.67 3.68 -11.72 -34.76 0 0 0 20.74 11.89 -18.01 -4.9 -13.27 40.37 -0.14 22.63 -16.97 -4.16 -12.37 37.04 -3.39 -0.71 5.32 -8.83 -2.12 -5.61 -7.33 -1.24 -9.25 14.99 11.64 10.78 -27.49 15.11 -12.15 -11.6 8.58 -1.78 0 -0 0 6.88 -9.92 -22.78 36.71 -46 -16.03 -0 0 -17.01 51.28 9.9 12.11 -7.12 0 -0 22.53 44.32 -0.4 0 -0 0 30.99 58.86 34.03 -39.47 47.75 -18.04 0 -0 -31.36 -18.17 17.29 -5.57 7.12 -0 -0 6.44 -11.93 5
18.67 17.22 -2.26 4.9 -20.99 -356.34 0 0 0 -3.66 -11.14 -0.78 0.75 5.54 15.45 0.2 5.53 -12.31 3.1 -10.86 -31.81 0 0 0 21.89 9.29 -20.15 -5.44 -13.87 42.71 -0.88 20.33 -20.64 -3.82 -11.92 35.44 -4.01 -0.69 5.46 -9.03 -2.16 -5.61 -7.2 -1.21 -9.32 14.64 11.19 10.74 -27.16 14.66 -10.97 -11.4 8.32 -1.61 0 0 0 5.63 -12 -22.49 36.78 -46.05 -16.09 -0 0 -17.7 50.71 10.63 12.71 -7.12 0 -0 22.24 45.25 0.14 0 0 0 32.59 57.05 36.15 -40.5 48.36 -18.81 0 -0 -31.34 -18.05 17.01 -5.45 7.12 -0 -0 6.51 -12.23 5.01
18.44 17.08 -2.38 4.63 -15.09 -355.99 0 0 0 -2.97 -9.84 1.18 0.75 5.54 15.46 -0.04 9.83 -13.27 3.7 -11.75 -34.85 0 0 0 23.08 6.13 -22.47 -5.95 -14.38 44.78 -1.38 19.07 -23.28 -3.64 -11.66 34.54 -4.19 -1.21 4.89 -9.04 -2.81 -5.66 -7.03 -1.51 -9.11 14.37 10.82 11.74 -27.28 14.18 -10.92 -11.52 8.16 -1.89 0 -0 0 4.53 -12.53 -21.39 36.62 -45.93 -15.97 -0 0 -17.87 53.25 10.57 13.8 -7.12 0 -0 24.81 45.7 0.46 0 -0 0 33.94 56.93 39.57 -40.73 48.5 -18.98 0 -0 -30.88 -16.81 18.1 -5.36 7.12 -0 -0 7.37 -11.25 5.84
18.22 16.93 -2.5 4.5 -8.86 -355.49 0 0 0 -2.13 -8.23 2.16 0.81 5.75 16.07 -0.16 12.2 -14.98 2.11 -9.09 -26.07 0 0 0 24.32 3.52 -24.98 -6.45 -14.85 46.75 -1.92 17 -25.92 -3.84 -11.94 35.53 -4.82 -1.59 4.81 -9.27 -3.39 -5.81 -6.87 -1.75 -9.27 14.38 10.94 11.03 -25.92 14.59 -9.87 -10.9 8.22 -1.51 0 -0 0 4.59 -12.58 -19.98 36.92 -46.13 -16.18 -0 0 -17.37 50.67 10.1 12.08 -7.12 0 -0 22 44.48 -0.3 0 -0 0 34.25 56.13 41.55 -41.16 48.74 -19.31 0 -0 -30.41 -16.03 18.64 -5.25 7.12 -0 -0 7.9 -10.79 6.34
18 16.8 -2.58 4.35 -3.37 -355.24 0 0 0 -1.52 -6.77 4.11 0.82 5.79 16.18 -0.33 14.75 -16.8 1.44 -7.59 -21.47 0 0 0 25.68 2.13 -26.83 -6.9 -15.25 48.51 -2.66 13.24 -29.53 -3.11 -10.87 31.83 -5.58 -1.75 4.68 -9.35 -3.63 -5.81 -6.49 -1.81 -9.17 14.09 10.88 10.54 -25.01 14.53 -9.6 -10.5 8.12 -1.48 -0 -0 0 4.5 -13.34 -19.98 36.89 -46.12 -16.16 -0 0 -15.74 50.29 9.2 10.9 -7.12 0 -0 21.31 43.13 -1.03 -0 -0 0 33.7 56.03 42.56 -41.08 48.7 -19.25 0 -0 -30.14 -16.34 19.17 -5.5 7.12 -0 -0 7.71 -10.21 6.28
17.8 16.69 -2.61 5.17 1.97 -354.79 0 0 0 -2.29 -5.69 6.7 0.72 5.41 15.09 -0.61 17.45 -18.08 0.85 -5.89 -16.46 0 0 0 25.85 1.1 -28.66 -7.35 -15.62 50.2 -3.11 10.23 -31.85 -3.2 -11.01 32.32 -6.97 -1.81 4.03 -9.87 -3.76 -5.91 -6.29 -1.79 -8.88 14.18 10.51 10.61 -24.15 14.15 -9.3 -10.25 7.88 -1.55 0 0 0 5.02 -13.66 -19.17 37.15 -46.29 -16.35 -0 0 -15.64 50.5 9.87 11.75 -7.12 0 -0 21.74 44.12 -0.49 0 0 0 34.34 55.56 43.36 -40.94 48.62 -19.14 0 -0 -29.78 -15.74 19.17 -5.29 7.12 -0 -0 8.11 -10.27 6.6
17.62 16.58 -2.63 5.31 7.43 -354.34 0 0 0 -2.17 -4.57 8.91 0.65 5.16 14.38 -0.59 17.91 -19.28 0.14 -2.39 -6.59 0 0 0 26.69 -0.43 -30.57 -7.69 -15.89 51.45 -3.49 8.35 -33.95 -3.34 -11.22 33.02 -7.6 -1.88 3.72 -10.06 -3.86 -6.06 -6.15 -1.8 -8.86 14.18 10.11 10.22 -23.59 13.73 -8.47 -10.01 7.61 -1.38 0 0 0 4.88 -14.21 -19.23 37.58 -46.57 -16.66 -0 0 -16.19 50.21 10.06 11.85 -7.12 0 -0 21.53 44.34 -0.37 0 0 0 34.95 55.29 44.07 -40.82 48.55 -19.05 0 -0 -30.22 -15.54 18.96 -5.16 7.12 -0 -0 8.23 -10.51 6.66
17.47 16.52 -2.63 5.97 12.73 -353.82 0 0 0 -2.71 -2.91 9.89 0.73 5.47 15.26 -0.72 18.44 -18.56 0.2 -2.85 -7.87 0 0 0 26.88 -2.62 -32.39 -7.9 -16.04 52.19 -3.7 6.25 -35.22 -3.35 -11.24 33.09 -8.27 -1.85 3.25 -10.46 -3.79 -6.09 -6.24 -1.72 -8.61 13.02 10.07 10.57 -22.05 13.59 -8.66 -9.37 7.52 -1.74 -0 0 0 4.72 -14.49 -19.38 37.92 -46.79 -16.91 -0 0 -16.67 51.18 10.04 12.23 -7.12 0 -0 22.48 44.51 -0.29 -0 0 0 35.55 54.98 44.02 -40.88 48.58 -19.1 0 -0 -29.97 -15.63 19.53 -5.34 7.12 -0 -0 8.19 -9.92 6.73
17.34 16.46 -2.63 5.78 18.05 -353.48 0 0 0 -2.17 -0.64 9.78 0.96 6.24 17.48 -0.33 15.65 -18.46 0.04 -1.36 -3.74 0 0 0 28.05 -4.8 -34.3 -8.08 -16.18 52.84 -3.98 4.38 -36.91 -3.15 -10.93 32.06 -8.13 -1.71 3.12 -10.59 -3.57 -6.36 -6.52 -1.61 -8.84 12.94 9.88 11.05 -21.25 13.48 -8.19 -9.12 7.44 -1.78 0 -0 0 4.43 -14.74 -18.91 37.79 -46.71 -16.82 -0 0 -16.13 50.88 9.43 11.39 -7.12 0 -0 21.96 43.57 -0.82 0 -0 0 36.79 54.19 44.53 -41.18 48.76 -19.33 0 -0 -30.04 -15.52 19.4 -5.27 7.12 -0 -0 8.25 -10.07 6.76
17.21 16.43 -2.64 5.77 23.2 -353.23 0 0 0 -1.82 1.79 9.08 1.31 7.25 20.47 -0.09 13.12 -17.48 0 0.09 0.25 0 0 0 28.99 -7.17 -35.88 -8.11 -16.2 52.95 -3.96 2.75 -37.12 -3.14 -10.92 32.02 -8.07 -1.55 3.26 -10.67 -3.35 -6.39 -6.66 -1.49 -8.95 12.9 9.82 10.51 -20.68 13.47 -7.59 -8.86 7.38 -1.56 -0 0 0 4.14 -14.43 -18.85 37.88 -46.76 -16.88 -0 0 -15.98 50.49 9.71 11.56 -7.12 0 -0 21.67 43.89 -0.62 -0 0 0 37.04 53.86 44.6 -41.47 48.92 -19.54 0 -0 -30.45 -15.76 19.11 -5.28 7.12 -0 -0 8.09 -10.34 6.57
17.11 16.45 -2.64 5.81 28.25 -352.88 0 0 0 -1.68 4.52 7.91 1.75 8.32 23.69 -0.04 11.22 -15.3 0.13 -2.28 -6.29 0 0 0 29.84 -9.83 -37.36 -8 -16.12 52.55 -4.04 3.65 -37.34 -3.85 -11.96 35.61 -8.4 -1.4 2.48 -10.41 -2.94 -6.04 -6.21 -1.25 -8.03 12.91 9.65 10.03 -20.8 13.22 -7.49 -8.87 7.24 -1.49 -0 -0 0 3.88 -13.68 -18.61 37.55 -46.55 -16.64 -0 0 -16.19 50.81 9.84 11.84 -7.12 0 -0 22.04 44.14 -0.49 -0 -0 0 36.34 54.15 44.22 -40.98 48.64 -19.17 0 -0 -30.26 -16.62 20.37 -5.93 7.12 -0 -0 7.59 -8.95 6.37
17.03 16.48 -2.68 5.52 32.96 -352.9 0 0 0 -1.69 6.77 6.6 2.35 9.55 27.53 0.19 8.61 -15.39 0.33 -3.7 -10.22 0 0 0 31.01 -12.48 -38.74 -7.74 -15.92 51.62 -3.97 2.08 -37.32 -3.64 -11.67 34.58 -7.45 -0.81 2.91 -10.68 -2.14 -6.12 -7.14 -0.91 -8.38 13.39 9.15 9.66 -20.09 12.67 -7.03 -8.7 6.91 -1.41 -0 0 0 4.1 -14.44 -18.95 36.72 -46 -16.04 -0 0 -15.52 51.11 9.09 11.08 -7.12 0 -0 22.05 43.12 -1.08 -0 0 0 36.7 53.05 44.03 -41.06 48.68 -19.23 0 -0 -29.89 -16.48 20.3 -5.86 7.12 -0 -0 7.68 -9.03 6.43
16.93 16.57 -2.72 5.07 37.64 -352.73 0 0 0 -1.8 8.99 4.71 2.97 10.65 31.1 0.37 5.96 -15.17 0.65 -5.17 -14.4 0 0 0 32.3 -14.29 -39.99 -7.37 -15.63 50.25 -3.9 0.96 -37.26 -4.2 -12.42 37.22 -6.98 -0.69 2.62 -10.2 -1.86 -6.18 -6.88 -0.78 -8.22 12.66 9.18 9.95 -19.25 12.64 -7.36 -8.35 6.89 -1.67 0 0 0 3.74 -13 -18.64 36.61 -45.93 -15.96 -0 0 -16.02 50.21 9.02 10.66 -7.12 0 -0 21.17 42.87 -1.17 0 0 0 36.83 53.77 44.62 -41.03 48.67 -19.21 0 -0 -30.83 -15.31 18.98 -5.09 7.12 -0 -0 8.37 -10.52 6.78
16.86 16.65 -2.81 5.42 41.94 -352.07 0 0 0 -2.98 11.8 2.53 3.64 11.67 34.58 0.5 4.02 -15.49 0.78 -5.63 -15.7 0 0 0 32.81 -15.87 -41.37 -7.04 -15.36 49.01 -3.71 -1.42 -37.03 -3.86 -11.98 35.65 -6.86 -0.45 2.65 -10.13 -1.54 -6.5 -6.93 -0.61 -8.58 12.84 9.08 10.29 -18.07 12.67 -7 -8.01 6.86 -1.69 0 0 0 3.78 -12.13 -18.23 36.42 -45.8 -15.82 -0 0 -15.61 50.35 9.5 11.26 -7.12 0 -0 21.47 43.57 -0.8 0 0 0 37.93 53.79 46.13 -40.91 48.6 -19.12 0 -0 -30.83 -15.48 18.87 -5.12 7.12 -0 -0 8.26 -10.61 6.67
16.78 16.75 -2.93 5.25 46.11 -352.3 0 0 0 -3.96 14.6 1.2 4.18 12.4 37.15 0.66 2.56 -16.45 0.64 -5.12 -14.24 0 0 0 33.39 -17.24 -41.75 -6.61 -14.99 47.37 -3.55 -2.91 -36.74 -4.27 -12.51 37.57 -6.13 -0.02 3.15 -10.06 -0.95 -6.48 -7.34 -0.36 -8.81 13.19 8.78 10.62 -17.7 12.32 -7.56 -8 6.67 -1.97 0 0 0 4.29 -12.02 -18.78 36.23 -45.67 -15.69 -0 0 -15.8 51.34 8.41 10.37 -7.12 0 -0 22.03 42.19 -1.62 0 0 0 39.01 53.72 46.54 -40.34 48.27 -18.69 0 -0 -30.69 -15.83 19.59 -5.43 7.12 -0 -0 8.06 -9.84 6.63
16.71 16.87 -3.06 4.85 50.24 -352.4 0 0 0 -4.92 17.96 -0.43 4.49 12.79 38.59 0.72 1.06 -16.43 0.84 -5.85 -16.34 0 0 0 33.96 -17.95 -42.18 -6.13 -14.55 45.5 -3.4 -4.53 -36.62 -4.66 -13 39.35 -5.52 0.13 3.13 -9.58 -0.68 -6.71 -7.18 -0.24 -9.02 13.78 8.64 11.97 -17.63 12.31 -8.13 -8.19 6.71 -2.33 0 0 0 4.19 -10.81 -18.41 36.31 -45.72 -15.74 -0 0 -15.85 52.78 9.4 12.13 -7.12 0 -0 23.81 43.89 -0.69 0 0 0 40.64 53.89 48.27 -40.18 48.18 -18.57 0 -0 -30.39 -15.46 19.74 -5.34 7.12 -0 -0 8.31 -9.73 6.86
16.64 16.99 -3.27 4.79 54.54 -352.04 0 0 0 -6.8 20.3 -2.17 4.55 12.86 38.85 0.81 -0.47 -16.83 1.35 -7.36 -20.78 0 0 0 34.31 -18.81 -43.17 -5.64 -14.07 43.54 -3.11 -6.87 -36.23 -4.85 -13.21 40.15 -4.97 0.38 2.53 -8.85 -0.14 -6.04 -6.66 0.02 -7.84 13.31 8.64 11.13 -17.23 12.14 -8.52 -7.95 6.58 -2.39 0 -0 0 3.92 -11.03 -20.47 35.91 -45.45 -15.46 -0 0 -15.65 51.8 8.14 10.2 -7.12 0 -0 22.36 41.86 -1.83 0 -0 0 38.98 54.55 46.99 -40.32 48.26 -18.68 0 -0 -30.92 -15.73 19.48 -5.37 7.12 -0 -0 8.12 -9.96 6.66
16.53 17.11 -3.5 4.14 59.25 -352.39 0 0 0 -8.47 21.52 -3.58 4.34 12.6 37.88 0.92 0.81 -18.46 1.7 -8.21 -23.35 0 0 0 34.48 -18.9 -43.45 -5.12 -13.52 41.34 -2.93 -9.43 -36.68 -5.28 -13.69 42.01 -3.57 0.37 3.04 -8.37 -0.08 -6.09 -6.96 -0.03 -8.18 13.37 8.78 11.64 -16.74 12.38 -8.99 -7.86 6.7 -2.6 -0 0 0 4.19 -10.69 -20.14 36.11 -45.59 -15.6 -0 0 -16.88 53.66 9.02 12.04 -7.12 0 -0 24.52 43.51 -0.96 -0 0 0 40.21 54.29 47.98 -40.61 48.43 -18.89 0 -0 -30.79 -15.93 19.59 -5.46 7.12 -0 -0 8 -9.83 6.58
16.42 17.2 -3.79 4.87 64.33 -351.44 0 0 0 -11.07 21.07 -4.79 3.83 11.93 35.47 1.33 1.82 -22.55 0.7 -5.33 -14.86 0 0 0 33.81 -19.33 -44.51 -4.82 -13.17 40.02 -2.67 -12.52 -37.27 -5.57 -13.99 43.22 -3.06 0.34 3.05 -7.71 -0.04 -5.85 -6.51 -0.01 -7.91 13.67 8.73 11.69 -16.72 12.38 -8.92 -7.9 6.69 -2.57 -0 0 0 3.91 -11.1 -20.61 35.98 -45.5 -15.51 -0 0 -16.88 53.14 7.68 10.11 -7.12 0 -0 23.43 41.41 -2.21 -0 0 0 39.02 54.21 47.42 -40.83 48.55 -19.06 0 -0 -30.91 -15.12 20.36 -5.37 7.12 -0 -0 8.55 -9.14 7.17
16.3 17.27 -4.09 4.23 69.6 -351.57 0 0 0 -12.94 19.42 -6.2 3.13 10.9 31.95 1.79 4.91 -27.41 0.44 -4.27 -11.84 0 0 0 33.34 -19.57 -45.55 -4.59 -12.91 39.02 -2.93 -13.4 -39.11 -6.36 -14.77 46.42 -1.95 0.18 2.89 -6.78 -0.12 -5.72 -6.1 -0.09 -7.66 13.51 8.81 11.92 -16.14 12.52 -9.13 -7.72 6.74 -2.7 0 -0 0 3.67 -11.37 -20.77 35.99 -45.51 -15.52 -0 0 -16.7 51.85 6.58 8.3 -7.12 0 -0 21.82 39.57 -3.09 0 -0 0 37.99 53.99 47.52 -41.49 48.93 -19.55 0 -0 -31.7 -16.48 18.55 -5.37 7.12 -0 -0 7.6 -10.83 6.09
16.14 17.34 -4.42 2.41 75.34 -353.29 0 0 0 -13.98 18.09 -8.35 2.88 10.49 30.59 2.07 7.58 -30.78 0.25 -3.23 -8.93 0 0 0 33.04 -20.28 -46.06 -4.27 -12.51 37.56 -3.16 -15.05 -41.31 -7.14 -15.45 49.4 -0.44 0.04 3.56 -5.83 -0.21 -5.64 -5.94 -0.21 -7.97 14.01 8.67 12.18 -15.96 12.45 -9.29 -7.77 6.69 -2.78 0 -0 0 3.91 -12.26 -20.22 34.37 -44.35 -14.37 -0 0 -17.03 53.47 -0.81 -1.1 -7.12 0 -0 20.55 28.32 -8.87 0 -0 0 36.9 53.02 47.01 -42.32 49.39 -20.18 0 -0 -32.15 -16.88 17.42 -5.19 7.12 -0 -0 7.3 -11.94 5.68
15.93 17.36 -4.79 -1.82 80.15 -357.82 0 0 0 -14.75 16.64 -10.25 2.89 10.52 30.66 2.24 9.89 -33.21 0.15 -2.52 -6.95 0 0 0 32.16 -20.22 -45.96 -4.05 -12.22 36.53 -3.56 -16.59 -44.1 -7.71 -15.9 51.52 1.2 0.12 4.61 -4.71 0.04 -5.31 -5.7 -0.17 -8.19 14.19 8.64 11.92 -16.13 12.39 -9.45 -7.84 6.66 -2.77 0 -0 0 3.79 -13.07 -20.32 35.6 -45.23 -15.24 -0 0 -16.11 52.03 6.55 8.31 -7.12 0 -0 21.97 39.55 -3.13 0 -0 0 35.09 52.78 45.58 -41.55 48.96 -19.6 0 -0 -31.18 -15.81 20.28 -5.61 7.12 -0 -0 8.1 -9.14 6.78
15.75 17.38 -5.15 -6.26 84.41 -363.03 0 0 0 -14.9 14.82 -10.34 2.91 10.55 30.77 2.16 8.24 -31.67 0.24 -3.17 -8.76 0 0 0 30.46 -21.17 -45.53 -3.87 -11.98 35.67 -3.63 -17.29 -44.84 -8.07 -16.17 52.8 2.2 0.19 5.42 -3.72 0.27 -4.9 -5.23 -0.09 -8.19 14.58 8.63 12.1 -16.59 12.41 -9.81 -8.07 6.69 -2.84 -0 -0 0 3.78 -13.45 -19.84 35.65 -45.27 -15.27 -0 0 -15.46 53.76 9.43 12.61 -7.12 0 -0 24.8 44.15 -0.56 -0 -0 0 34.44 52.89 44.92 -40.73 48.5 -18.99 0 -0 -30.8 -15.32 21.07 -5.62 7.12 -0 -0 8.45 -8.39 7.21
15.58 17.38 -5.51 -21.42 87.5 -378.89 0 0 0 -14.63 15.24 -10.92 2.93 10.57 30.85 2.04 4.68 -28.95 0.63 -5.1 -14.19 0 0 0 28.31 -20.95 -44 -3.54 -11.52 34.07 -2.8 -16.87 -40.99 -7.86 -16.02 52.07 2.62 0.46 5.78 -2.6 0.74 -4.67 -4.32 0.15 -8.11 14.55 8.75 12.18 -16.32 12.63 -9.54 -7.97 6.79 -2.76 0 -0 0 3.75 -12.93 -19.29 35.62 -45.25 -15.25 -0 0 -15.26 52.68 8.67 11.18 -7.12 0 -0 23.41 42.79 -1.36 0 -0 0 35.22 53.24 45.11 -39.85 47.98 -18.33 0 -0 -31.15 -15.11 18.78 -4.97 7.12 -0 -0 8.5 -10.75 6.84
15.42 17.42 -5.86 -152.6 89.12 -510.29 0 0 0 -16.11 15.12 -11.43 2.8 10.36 30.14 1.96 3.46 -27.84 0.84 -5.85 -16.35 0 0 0 23.76 -17.57 -41.11 -3.14 -10.92 32.01 -1.84 -13.34 -33.37 -6.67 -15.05 47.62 2.48 0.84 6.4 -1.89 1.29 -5.07 -3.58 0.43 -8.87 14.17 8.71 12.88 -15.72 12.65 -9.65 -7.78 6.79 -2.98 0 -0 0 4.12 -11.81 -16.39 36.8 -46.05 -16.09 -0 0 -16.03 52.73 9.28 11.97 -7.12 0 -0 23.71 43.71 -0.8 0 -0 0 37.69 52.54 46 -38.88 47.39 -17.61 0 -0 -30.32 -15.16 18.83 -5 7.12 -0 -0 8.47 -10.68 6.83
15.24 17.46 -6.22 -178.18 85.05 -536.15 0 0 0 -17.69 12.19 -11.25 2.75 10.28 29.88 1.93 2.8 -27.34 0.7 -5.33 -14.86 0 0 0 19.58 -13.51 -38.06 -2.86 -10.47 30.5 -1.61 -11.43 -30.45 -5.9 -14.33 44.59 3.31 0.59 7.08 -1.3 1.12 -5.22 -3.42 0.3 -9.44 14.41 8.69 13.23 -16.49 12.62 -10.24 -8.11 6.84 -3.14 0 -0 0 3.98 -10.89 -16.28 37.37 -46.43 -16.51 -0 0 -15.21 52.26 8.53 10.84 -7.12 0 -0 22.94 42.51 -1.5 0 -0 0 39.94 52.21 46.82 -38.66 47.26 -17.45 0 -0 -29.86 -15.44 18.04 -4.89 7.12 -0 -0 8.26 -11.46 6.53
15.1 17.51 -6.52 -179.21 80.54 -537.74 0 0 0 -18.66 9.36 -10.44 2.66 10.13 29.4 1.91 1.25 -26.63 0.6 -4.94 -13.74 0 0 0 15.76 -8.56 -34.56 -2.82 -10.4 30.27 -1.59 -13.34 -31.84 -5.19 -13.59 41.64 4.08 0.54 6.73 -0.85 1.12 -4.4 -3.35 0.3 -8.34 14.25 8.55 12.42 -16.52 12.24 -11.06 -8.09 6.63 -3.32 0 -0 0 4.25 -11.41 -18.24 36.93 -46.14 -16.19 -0 0 -14.19 52.44 8.38 10.73 -7.12 0 -0 23.06 42.33 -1.61 0 -0 0 39.27 51.97 45.1 -39.1 47.53 -17.77 0 -0 -30.02 -15.42 18.12 -4.9 7.12 -0 -0 8.28 -11.38 6.55
14.98 17.56 -6.81 -178.52 76.18 -537.39 0 0 0 -19.29 7.3 -9.69 2.52 9.87 28.57 1.8 0.68 -25.64 0.95 -6.21 -17.38 0 0 0 12.13 -1.96 -30.26 -2.68 -10.15 29.48 -1.76 -11.2 -31.23 -5.42 -13.84 42.61 4.94 0.37 6.63 -0.42 0.99 -4.03 -3.36 0.22 -7.89 15.14 8.41 12.1 -17.18 12.07 -11.92 -8.46 6.55 -3.44 -0 0 0 4.98 -11.13 -18.84 37.24 -46.34 -16.41 -0 0 -14.39 52 9.31 11.7 -7.12 0 -0 23.01 43.61 -0.84 -0 0 0 39.49 51.98 44.8 -39.18 47.58 -17.83 0 -0 -29.86 -15.71 18.09 -4.99 7.12 -0 -0 8.09 -11.38 6.4
14.9 17.58 -7.08 -180.7 72.06 -539.75 0 0 0 -20.75 5.66 -8.48 2.27 9.4 27.06 1.75 -0.71 -24.85 0.88 -5.99 -16.74 0 0 0 8.56 3.83 -27.62 -2.74 -10.26 29.83 -0.95 -8.79 -23.58 -3.76 -11.84 35.15 4.93 0.4 6.77 -0.09 1.07 -4.08 -3.01 0.27 -8.02 14.65 8.18 11.78 -16.87 11.67 -12.05 -8.28 6.35 -3.55 -0 0 0 5.13 -11.4 -18.97 37.26 -46.36 -16.43 -0 0 -14.33 51.43 10.03 12.32 -7.12 0 -0 22.73 44.53 -0.28 -0 0 0 38.79 51.49 44.72 -38.84 47.37 -17.58 0 -0 -29.55 -15.07 17.99 -4.75 7.12 -0 -0 8.51 -11.55 6.71
14.85 17.59 -7.34 -182.02 68.2 -541.52 0 0 0 -22.15 3.82 -6.75 2.07 9.02 25.85 1.62 -1.27 -23.7 0.97 -6.29 -17.61 0 0 0 6.28 8.82 -25.17 -2.77 -10.32 30.01 -0.61 -2.2 -15.68 -3.29 -11.14 32.76 4.67 0.1 7.52 0.39 0.74 -4.33 -2.32 0.12 -8.78 14.51 8.2 12.29 -17.15 11.69 -12.49 -8.41 6.41 -3.75 -0 -0 0 4.53 -10.13 -18.25 37.97 -46.82 -16.94 -0 0 -14.76 51.69 9.85 12.22 -7.12 0 -0 22.92 44.32 -0.4 -0 -0 0 37.82 51.16 46.54 -40.27 48.23 -18.64 0 -0 -30.4 -15.76 17.44 -4.83 7.12 -0 -0 8.04 -12.04 6.25
14.84 17.58 -7.6 -181.66 64.62 -541.41 0 0 0 -22.89 2.01 -5.49 2.03 8.92 25.54 1.6 -2.32 -23.32 0.94 -6.17 -17.28 0 0 0 5.93 12.25 -23.98 -2.77 -10.31 29.99 -0.34 2.26 -10.51 -2.6 -10.01 29.02 5.32 0.07 7.8 0.63 0.84 -4.59 -2.46 0.12 -9.23 14.43 7.94 12.73 -17.08 11.36 -13.05 -8.44 6.26 -4.06 -0 -0 0 4.67 -9.87 -17.95 38.17 -46.95 -17.09 -0 0 -15.12 51.86 10.15 12.65 -7.12 0 -0 23.2 44.79 -0.13 -0 -0 0 38.08 50.53 47.33 -41.03 48.67 -19.21 0 -0 -31.59 -15.91 16.58 -4.65 7.12 -0 -0 7.91 -12.9 6.01
14.88 17.57 -7.84 -180.58 60.85 -540.73 0 0 0 -23.1 0.02 -4.03 1.99 8.85 25.32 1.63 -3.46 -23.31 0.87 -5.95 -16.63 0 0 0 7.07 14.44 -23.02 -2.76 -10.3 29.96 -0.31 3 -9.94 -1.89 -8.63 24.65 6.38 0.05 6.86 0.72 0.84 -4.06 -2.94 0.11 -8.1 14.79 7.82 12.7 -17.11 11.2 -14.06 -8.57 6.17 -4.35 0 0 0 4.81 -10.59 -19.95 38.16 -46.94 -17.08 -0 0 -13.99 51.59 9.49 11.75 -7.12 0 -0 22.68 43.79 -0.71 0 0 0 37.76 50.92 45.81 -40.24 48.21 -18.62 0 -0 -29.92 -15.38 17.39 -4.7 7.12 -0 -0 8.28 -12.13 6.43
14.98 17.59 -8.06 -180.7 56.74 -540.61 0 0 0 -23.62 -1.76 -2.64 1.84 8.53 24.34 1.56 -5.06 -22.5 0.91 -6.06 -16.97 0 0 0 7.97 15.55 -23 -2.75 -10.28 29.9 -0.35 3.04 -10.48 -1.95 -8.77 25.08 6.25 -0.1 5.97 0.78 0.58 -4.22 -2.77 0 -7.77 15.37 7.71 11.83 -17.06 11.09 -13.35 -8.54 6.06 -3.98 0 0 0 5.18 -10.82 -20.01 38 -46.84 -16.97 -0 0 -14.2 51.88 9.96 12.43 -7.12 0 -0 23.14 44.53 -0.29 0 0 0 38.81 50.9 45.63 -39.71 47.9 -18.22 0 -0 -29.22 -14.85 18.24 -4.74 7.12 -0 -0 8.66 -11.32 6.87
15.11 17.62 -8.29 -181.29 52.47 -540.79 0 0 0 -24.26 -3.09 -0.75 1.56 7.88 22.34 1.4 -6.85 -21.2 0.87 -5.95 -16.63 0 0 0 8.49 16.69 -22.98 -2.68 -10.15 29.48 -0.31 4.4 -9.93 -2.31 -9.49 27.33 5.57 -0.51 5.02 0.9 -0.05 -4.56 -2.17 -0.26 -7.63 15.17 7.71 12.36 -16.83 11.13 -13.98 -8.51 6.09 -4.28 -0 0 0 4.74 -9.24 -18.39 38.86 -47.38 -17.6 -0 0 -15.56 52.4 9.74 12.39 -7.12 0 -0 23.58 44.32 -0.42 -0 0 0 39.88 51.11 46.48 -39.57 47.81 -18.12 0 -0 -28.88 -14.44 18.3 -4.62 7.12 -0 -0 8.92 -11.29 7.09
15.29 17.64 -8.5 -180.63 48.51 -539.86 0 0 0 -23.79 -4.06 0.88 1.34 7.33 20.68 1.32 -8.66 -20.54 1.17 -6.86 -19.29 0 0 0 9.76 18.61 -22.84 -2.46 -9.77 28.23 -0.22 7.07 -9.08 -1.8 -8.44 24.05 5.32 -0.7 3.8 1.45 -0.33 -4.73 -1.44 -0.35 -7.12 14.95 7.83 12 -17.12 11.21 -13.9 -8.54 6.16 -4.18 0 -0 0 3.95 -10.26 -20.02 38.1 -46.9 -17.04 -0 0 -14.13 52.11 10.17 12.78 -7.12 0 -0 23.46 44.88 -0.07 0 -0 0 39.63 51.14 46.61 -39.78 47.94 -18.28 0 -0 -28.49 -14.13 18.14 -4.48 7.12 -0 -0 9.12 -11.5 7.22
15.5 17.64 -8.74 -180.34 44.43 -539.55 0 0 0 -23.47 -5.15 2.83 1.17 6.88 19.35 1.17 -11.05 -19.69 1.03 -6.44 -18.08 0 0 0 10.71 20.4 -22.38 -2.26 -9.38 27 -0.02 10.62 -7.83 -1.63 -8.05 22.86 5.27 -0.98 3.1 1.45 -0.73 -4.91 -1.37 -0.53 -6.93 15.08 7.87 11.44 -16.91 11.27 -13.67 -8.44 6.15 -4.01 0 -0 0 3.58 -10.21 -20.79 37.81 -46.72 -16.83 -0 0 -13.73 51.4 9.04 11.14 -7.12 0 -0 22.32 43.11 -1.1 0 -0 0 39.92 51.4 47.26 -39.75 47.92 -18.25 0 -0 -28.47 -14.3 17.81 -4.46 7.12 -0 -0 9.01 -11.81 7.06
15.74 17.62 -8.98 -180.56 40.24 -539.64 0 0 0 -23.57 -6.81 5.03 1.04 6.48 18.18 0.92 -13.75 -18.34 0.39 -3.99 -11.04 0 0 0 11.33 21.06 -22.32 -2.22 -9.32 26.8 0.29 14.98 -6.94 -1.33 -7.3 20.61 4.6 -1.25 2.49 1.48 -1.15 -5.14 -0.94 -0.69 -6.84 14.95 8.13 11.01 -16.57 11.6 -13.38 -8.26 6.29 -3.83 -0 -0 0 3 -9.88 -20.99 37.58 -46.57 -16.66 -0 0 -13.85 51.53 7.94 9.86 -7.12 0 -0 22.03 41.52 -2 -0 -0 0 40.2 51.48 48.01 -39.78 47.94 -18.27 0 -0 -27.63 -14.09 17.57 -4.33 7.12 -0 -0 9.14 -12.07 7.12
16 17.6 -9.21 -180.28 36 -539.42 0 0 0 -23.04 -8.44 6.59 1.03 6.46 18.14 0.85 -15.37 -18.39 0.45 -4.32 -11.98 0 0 0 12.31 21.58 -22.08 -2.3 -9.46 27.25 0.58 17.6 -5.88 -0.71 -5.38 15.01 4.28 -1.54 2.12 1.45 -1.54 -5.49 -0.76 -0.86 -7 15.23 8.14 11.04 -16.47 11.68 -13.37 -8.27 6.31 -3.8 0 0 0 2.8 -9.49 -21.02 36.86 -46.1 -16.14 -0 0 -13.32 49.82 7.84 9.18 -7.12 0 -0 20.41 41.12 -2.05 0 0 0 40.21 51.54 49.25 -40.59 48.41 -18.88 0 -0 -28.27 -14.64 16.89 -4.34 7.12 -0 -0 8.76 -12.71 6.7
16.28 17.54 -9.42 -179.55 31.72 -539.26 0 0 0 -21.97 -10.39 7.04 1.3 7.23 20.41 0.61 -18.27 -17.85 0.06 -1.52 -4.19 0 0 0 13.1 22.95 -20.5 -2.68 -10.16 29.5 0.57 16.87 -5.01 -1.26 -7.12 20.06 4.18 -1.65 2.17 1.45 -1.68 -5.53 -0.69 -0.92 -7.08 14.79 8.16 11.04 -15.62 11.71 -13.86 -7.96 6.28 -4.04 -0 -0 0 2.84 -8.81 -20.35 36.27 -45.69 -15.71 -0 0 -14.39 51.06 7.85 9.59 -7.12 0 -0 21.56 41.32 -2.07 -0 -0 0 40.01 51.64 49.11 -40.61 48.43 -18.9 0 -0 -27.13 -14.15 16.93 -4.2 7.12 -0 -0 9.09 -12.71 6.96
16.54 17.42 -9.64 -178.79 27.97 -539.26 0 0 0 -21.2 -12.51 6.84 1.87 8.6 24.55 0.82 -19.1 -19.68 0.08 -1.87 -5.14 0 0 0 14.37 20.89 -20.03 -3.17 -10.96 32.14 -0.12 12.47 -10.21 -0.19 -2.84 7.82 4.79 -1.52 2.5 1.29 -1.46 -5.51 -1.21 -0.85 -7.27 14.34 8.07 11.22 -15.12 11.58 -14.37 -7.78 6.2 -4.31 -0 -0 0 2.62 -8 -20.09 36.11 -45.59 -15.6 -0 0 -13.93 51.78 8.72 10.89 -7.12 0 -0 22.56 42.7 -1.35 -0 -0 0 39.85 51.98 49.24 -40.65 48.45 -18.93 0 -0 -26.62 -13.65 16.83 -4.02 7.12 -0 -0 9.42 -12.86 7.19
16.76 17.33 -9.88 -177.74 24.96 -538.95 0 0 0 -19.9 -12.9 4.84 2.77 10.31 29.98 1.07 -18.68 -21.18 0.22 -3.01 -8.31 0 0 0 15.79 17.58 -20.46 -3.58 -11.57 34.24 -0.11 13.95 -11.06 -0.63 -5.08 14.14 6.26 -0.96 2.83 0.95 -0.6 -5.53 -2.46 -0.53 -7.47 16.78 7.59 9.43 -16.79 10.99 -12.01 -8.45 5.89 -3.14 -0 -0 0 2.27 -7.65 -20.03 35.92 -45.46 -15.47 -0 0 -15.21 52.35 7.42 9.5 -7.12 0 -0 22.59 40.89 -2.43 -0 -0 0 40.07 52.28 48.89 -40.46 48.34 -18.78 0 -0 -26.2 -13.18 16.8 -3.87 7.12 -0 -0 9.73 -12.94 7.41
16.98 17.3 -10.08 -176.97 21.71 -538.46 0 0 0 -18.12 -11.55 1.09 3.88 12 35.74 1.13 -17.07 -20.96 0.66 -5.19 -14.46 0 0 0 17.03 14.87 -20.8 -3.91 -12.04 35.86 -0.36 13.59 -13.49 -0.41 -4.12 11.42 7.03 -0.6 3.11 0.88 -0 -5.75 -3.02 -0.29 -7.84 16.96 7.48 10.61 -16.61 11 -13.34 -8.57 5.9 -3.73 -0 -0 0 1.07 -5.85 -19.33 36.9 -46.12 -16.17 -0 0 -15.13 52.05 8.01 10.13 -7.12 0 -0 22.54 41.72 -1.93 -0 -0 0 41.08 52.39 49.4 -40.92 48.61 -19.13 0 -0 -26.22 -13.63 16.63 -3.97 7.12 -0 -0 9.43 -13.06 7.16
17.19 17.26 -10.28 -176.62 18.22 -538.29 0 0 0 -16.56 -9.04 -3.65 5.39 13.81 42.47 1.24 -13.96 -20.85 0.97 -6.25 -17.53 0 0 0 17.88 12.88 -20.64 -4.18 -12.4 37.15 -0.51 12.84 -14.6 -0.77 -5.6 15.64 7.24 -0.14 3.35 0.77 0.65 -5.85 -3.32 0.02 -8.01 16.74 7.19 11.73 -15.74 10.79 -14.81 -8.41 5.76 -4.47 0 0 0 0.18 -4.01 -18.03 37.15 -46.29 -16.35 -0 0 -14.59 51.74 8.43 10.53 -7.12 0 -0 22.41 42.28 -1.59 0 0 0 41.88 52.38 49.18 -41.38 48.87 -19.47 0 -0 -27.16 -12.56 15.44 -3.39 7.12 -0 -0 10.14 -14.35 7.43
17.38 17.26 -10.48 -176.15 13.51 -538.55 0 0 0 -14.76 -6.18 -8.33 6.76 15.13 47.98 1.62 -9.06 -22.82 1.94 -8.74 -24.99 0 0 0 18.98 10.34 -19.51 -4.24 -12.47 37.42 -0.82 10.87 -16.76 -0.72 -5.43 15.14 7.18 -0.07 4.08 0.98 0.83 -5.81 -3.09 0.1 -8.38 16.57 7.2 11.62 -14.95 10.85 -14.98 -8.13 5.74 -4.56 -0 -0 0 -0.51 -2.34 -16.81 36.64 -45.95 -15.98 -0 0 -14.46 51.64 8.48 10.56 -7.12 0 -0 22.33 42.34 -1.55 -0 -0 0 41.99 52.24 49.03 -41.65 49.02 -19.67 0 -0 -26.63 -12.87 16.44 -3.7 7.12 -0 -0 9.94 -13.33 7.5
17.53 17.33 -10.7 -176.54 8.81 -538.79 0 0 0 -14.31 -3.38 -12.6 7.35 15.62 50.2 1.74 -9.49 -23.67 0.4 -4.05 -11.21 0 0 0 19.01 7.42 -18.41 -4.13 -12.33 36.92 -0.89 9.49 -17.15 -1.22 -7 19.71 6.86 0.28 4.46 0.58 1.25 -5.65 -3.39 0.31 -8.37 16.37 6.63 12.2 -14.31 10.23 -16.46 -8.02 5.39 -5.28 -0 -0 0 -0.29 -1.75 -16.48 36.02 -45.53 -15.54 -0 0 -14.39 51.36 8.07 9.96 -7.12 0 -0 21.92 41.69 -1.89 -0 -0 0 41.25 52.33 48.32 -42.2 49.32 -20.1 0 -0 -27.52 -13.27 16.3 -3.78 7.12 -0 -0 9.67 -13.43 7.27
17.62 17.39 -10.91 -176 4.44 -538.63 0 0 0 -13.44 -0.62 -16.98 7.41 15.67 50.42 1.96 -6.84 -25.19 0.71 -5.39 -15.04 0 0 0 19.94 4.6 -17.22 -3.88 -12 35.72 -1.01 7.75 -17.95 -0.88 -5.99 16.76 7.54 0.82 4.49 0.5 2.04 -5.63 -3.94 0.66 -8.28 17.07 6.16 11.63 -13.87 9.72 -16.21 -7.93 5.07 -5.18 -0 0 0 0.09 -1.6 -16.37 35.9 -45.44 -15.45 -0 0 -14.17 51.57 8.25 10.25 -7.12 0 -0 22.18 41.98 -1.75 -0 0 0 39.72 51.92 47.63 -43.21 49.86 -20.86 0 -0 -27.96 -13.49 16.25 -3.84 7.12 -0 -0 9.52 -13.46 7.14
17.66 17.49 -11.12 -175.77 -0.31 -538.58 0 0 0 -13.44 1.08 -20.49 6.95 15.29 48.67 2 -8.49 -25.36 0.02 -0.87 -2.39 0 0 0 20.4 1.56 -16.07 -3.6 -11.61 34.35 -1.08 6.19 -18.52 -0.83 -5.81 16.22 7.82 1.48 4.61 0.54 2.44 -5.76 -4.07 0.6 -8.4 16.98 6.63 10.89 -12.82 9.76 -15.26 -7.44 4.71 -4.81 -0 -0 0 0.49 -1.48 -16.47 35.89 -45.44 -15.45 -0 0 -13.65 53.36 8.84 11.68 -7.12 0 -0 24.14 43.18 -1.16 -0 -0 0 37.68 51.99 47.49 -43.61 50.07 -21.17 0 -0 -28.79 -13.4 16.99 -3.98 7.12 -0 -0 9.59 -12.72 7.35
17.67 17.61 -11.32 -175.66 -4.69 -538.5 0 0 0 -14.44 3.15 -23.59 6.1 14.53 45.4 2.22 -3.84 -27.28 0.26 -3.29 -9.07 0 0 0 20.45 -0.14 -14.65 -3.29 -11.14 32.77 -0.91 6.53 -17 -2.64 -10.09 29.28 7.81 1.86 4.82 0.65 2.98 -6.24 -4.02 0.82 -9 17.27 6.26 11.57 -11.97 9.59 -15.02 -7.24 4.59 -4.93 -0 -0 0 1.56 -1.16 -15.96 35.95 -45.48 -15.49 -0 0 -13.04 51.96 9.16 11.5 -7.12 0 -0 22.9 43.38 -0.97 -0 -0 0 37.05 51.82 48.53 -43.63 50.08 -21.18 0 -0 -28.32 -13.83 16.5 -4 7.12 -0 -0 9.3 -13.18 7.03
17.61 17.8 -11.56 -174.99 -8.76 -538.73 0 0 0 -15.35 5.13 -25.39 5.02 13.41 40.92 2.02 -0.45 -26.78 0.04 -1.25 -3.43 0 0 0 21.05 -2.49 -12.76 -2.88 -10.49 30.6 -0.69 3.42 -14.96 -2.14 -9.14 26.24 8.3 2.47 4.35 1 3.8 -6.2 -3.98 1.22 -8.56 17.86 5.96 11.29 -11.32 9.37 -14.42 -7.07 4.42 -4.75 -0 0 0 2.74 -1.52 -15.95 36 -45.51 -15.52 -0 0 -13.32 51.03 8.02 9.79 -7.12 0 -0 21.6 41.56 -1.93 -0 0 0 34.8 51.29 47.91 -44.13 50.33 -21.57 0 -0 -28.87 -13.36 18.99 -4.42 7.12 -0 -0 9.64 -10.72 7.8
17.48 18.03 -11.8 -174.09 -12.81 -539.14 0 0 0 -16.4 6.57 -26.56 4.03 12.2 36.44 1.45 4.05 -24.52 0 -0.04 -0.12 0 0 0 21.54 -5.39 -10.89 -2.43 -9.71 28.04 -0.39 0.95 -11.52 -2.31 -9.48 27.31 8.95 2.84 3.41 1.68 4.24 -6.05 -3.6 1.44 -7.8 18.2 5.95 11.29 -10.96 9.49 -14.06 -6.99 4.45 -4.63 -0 -0 0 3.68 -1.48 -16.23 35.99 -45.51 -15.52 -0 0 -12.79 52.57 8.33 10.72 -7.12 0 -0 23.16 42.28 -1.65 -0 -0 0 33.62 51.15 48.19 -44.43 50.49 -21.8 0 -0 -28.4 -13.77 16.94 -4.09 7.12 -0 -0 9.34 -12.74 7.15
17.32 18.21 -12.03 -173.5 -17.27 -540.15 0 0 0 -18.3 8.54 -26.48 3.16 10.95 32.12 1.04 7.06 -23.02 0.18 2.76 7.62 0 0 0 21.38 -7.92 -8.93 -2.24 -9.34 26.87 -0.15 -1.43 -8 -3.35 -11.24 33.09 8.92 2.94 2.64 2.36 4.29 -5.48 -2.81 1.56 -6.78 19.05 5.88 10.63 -11.11 9.4 -13.53 -7.11 4.39 -4.32 -0 -0 0 5.04 -0.94 -16.21 36.14 -45.61 -15.63 -0 0 -13.33 52.46 8.16 10.46 -7.12 0 -0 22.98 42 -1.81 -0 -0 0 32.38 51.13 47.46 -44.44 50.49 -21.8 0 -0 -28.54 -13.35 17.62 -4.11 7.12 -0 -0 9.63 -12.09 7.51
17.13 18.33 -12.23 -172.1 -22.24 -541.32 0 0 0 -19.66 9.8 -26.17 2.53 9.9 28.65 0.43 12.21 -22.12 1.45 7.61 21.53 0 0 0 21.88 -9.75 -7.87 -2.22 -9.32 26.8 0.06 -4.93 -4.15 -2.37 -9.59 27.66 9.19 2.8 2.75 3.52 4.14 -6.01 -1.74 1.41 -7.51 18.86 5.65 10.54 -10.42 9.19 -12.18 -6.79 4.33 -3.99 -0 0 0 6.15 -0.17 -13.9 36.71 -46 -16.03 -0 0 -14.2 52.81 8.03 10.43 -7.12 0 -0 23.27 41.87 -1.91 -0 0 0 32.7 50.32 48.9 -44.82 50.68 -22.1 0 -0 -28.56 -13.66 17.38 -4.15 7.12 -0 -0 9.42 -12.31 7.29
16.91 18.38 -12.4 -170.4 -26.98 -542.89 0 0 0 -20.21 8.62 -24.26 2.2 9.27 26.64 0.43 11.99 -21.91 3.37 11.26 33.18 0 0 0 22.12 -10.83 -6.89 -2.4 -9.65 27.86 0.11 -5.92 -1.92 -1.77 -8.38 23.86 10.2 2.5 2.96 4.23 3.84 -6.76 -1.51 1.12 -8.49 19.74 5.27 11.63 -10.15 9.11 -11.32 -6.86 4.3 -3.9 0 0 0 7.74 0.31 -12.9 36.48 -45.84 -15.87 -0 0 -13.34 51.77 8.53 10.66 -7.12 0 -0 22.48 42.42 -1.51 0 0 0 34.35 49.26 50.98 -45.25 50.89 -22.43 0 -0 -28.12 -13.91 17.7 -4.31 7.12 -0 -0 9.26 -11.96 7.24
16.68 18.32 -12.54 -168.69 -32.19 -544.3 0 0 0 -20.76 7.45 -23.09 2.09 9.05 25.94 0.29 12.68 -21.31 2.88 10.5 30.61 0 0 0 21.88 -11.8 -7.04 -2.83 -10.42 30.35 0.07 -5.04 0.46 -2.37 -9.6 27.7 10.3 2.14 1.54 5.63 3.09 -6.17 0.02 0.83 -7.16 18.61 5.6 10.21 -9.94 9.11 -10.86 -6.53 4.33 -3.59 0 0 0 7.74 0.44 -14.47 35.91 -45.45 -15.46 -0 0 -12.4 52.31 7.91 10.1 -7.12 0 -0 22.75 41.61 -2.02 0 0 0 31.93 49.63 49.34 -46.07 51.28 -23.07 0 -0 -28.47 -14.03 17.37 -4.27 7.12 -0 -0 9.17 -12.28 7.11
16.46 18.18 -12.68 -166.9 -36.64 -546.3 0 0 0 -20.23 6.46 -21.28 2.1 9.06 25.99 0.4 10.54 -20.01 1.93 8.72 24.93 0 0 0 21.18 -12.39 -6.62 -3.38 -11.28 33.24 -0.05 -3.04 4.14 -2.92 -10.56 30.82 10.46 1.81 1.45 6.75 2.62 -6.25 1.17 0.58 -7.29 17.05 5.84 9.3 -8.65 9.2 -9.86 -5.81 4.38 -3.26 0 -0 0 8.18 0.67 -14.39 35.26 -44.99 -14.99 -0 0 -11.78 52.36 7.31 9.36 -7.12 0 -0 22.56 40.72 -2.53 0 -0 0 31.83 49.46 49.53 -46.43 51.45 -23.35 0 -0 -27.99 -13.75 17.99 -4.32 7.12 -0 -0 9.37 -11.68 7.38
16.21 17.99 -12.79 -167.42 -40.47 -547.2 0 0 0 -21.2 6.36 -18.73 2.06 9 25.78 0.71 5.57 -18.89 0.9 6.04 16.89 0 0 0 17.67 -12.19 -5.92 -4.11 -12.31 36.82 -0.17 0.73 8 -3.7 -11.74 34.83 9.55 1.76 1.32 6.61 2.54 -6.07 1.51 0.63 -7.04 18.96 5.34 10.87 -9.98 8.95 -11.08 -6.64 4.24 -3.77 0 -0 0 9.58 0.44 -14.28 34.91 -44.75 -14.75 -0 0 -11.91 52.11 6.31 8.03 -7.12 0 -0 21.95 39.2 -3.33 0 -0 0 33.29 49.02 49.26 -46.24 51.36 -23.21 0 -0 -27.84 -13.62 17.47 -4.16 7.12 -0 -0 9.45 -12.22 7.34
15.99 17.77 -12.89 -168.76 -43.92 -547.22 0 0 0 -23.28 7.38 -18.09 2.25 9.37 26.97 1.13 -0.13 -20.04 1.57 7.91 22.43 0 0 0 13.85 -12.17 -5.32 -4.51 -12.81 38.65 0.2 8.4 6.04 -0.78 -5.64 15.74 8.57 1.66 1.44 6.16 2.43 -5.9 1.56 0.67 -6.93 19.02 5.33 11.13 -9.15 9.08 -11.09 -6.39 4.25 -3.84 -0 0 0 10.19 1.01 -14.37 35.42 -45.11 -15.11 -0 0 -11.62 52.21 6.94 8.85 -7.12 0 -0 22.28 40.15 -2.83 -0 0 0 35.31 49.14 49.7 -45.99 51.25 -23.01 0 -0 -28.07 -13.26 17.14 -3.97 7.12 -0 -0 9.68 -12.59 7.45
15.77 17.62 -12.9 -170.4 -47.96 -547.2 0 0 0 -25.56 7.29 -17.19 2.53 9.89 28.64 1.18 -2.88 -19.78 1.32 7.26 20.5 0 0 0 9.79 -12.67 -4.71 -4.45 -12.73 38.37 0.05 4.67 -1.02 -1.44 -7.59 21.48 8.08 1.74 1.99 5.9 2.62 -5.47 1.51 0.83 -6.78 17.86 5.28 10.23 -8.32 8.74 -10.58 -5.89 4.09 -3.68 -0 0 0 8.75 -0.09 -15.09 36.07 -45.56 -15.57 -0 0 -11.43 52.52 5.83 7.55 -7.12 0 -0 22.14 38.54 -3.74 -0 0 0 36.2 48.51 49.19 -45.19 50.86 -22.38 0 -0 -27.42 -13.69 17.26 -4.14 7.12 -0 -0 9.4 -12.42 7.26
15.58 17.45 -12.89 -169.62 -50.95 -548.92 0 0 0 -25.55 6.97 -17.11 3.1 10.86 31.8 1.21 -6.19 -19.68 1.43 7.55 21.35 0 0 0 8.35 -12.11 -4.34 -4 -12.16 36.31 -0.21 -3.84 -11.02 -1.83 -8.51 24.28 9.91 1.9 2.53 6.15 2.96 -4.96 0.74 0.93 -6.48 17.33 5.61 9.28 -8.17 8.97 -9.52 -5.69 4.25 -3.2 0 0 0 6.68 -0.42 -14.94 36.51 -45.86 -15.88 -0 0 -11.04 52.95 6.39 8.39 -7.12 0 -0 22.73 39.44 -3.32 0 0 0 37 48.33 49.83 -45.02 50.78 -22.25 0 -0 -28.13 -13.31 17.57 -4.09 7.12 -0 -0 9.65 -12.15 7.51
15.38 17.34 -12.86 -168.17 -53.03 -550.61 0 0 0 -25.46 6.55 -16.85 3.44 11.38 33.57 1.39 -7.61 -21.08 1.24 7.06 19.89 0 0 0 7.79 -9.82 -4.25 -3.22 -11.05 32.44 -0.61 -8.8 -20.45 -4.55 -12.86 38.84 12.11 2.74 2.54 6.25 4.17 -4.95 -0.42 1.4 -6.3 18.98 5.26 10.23 -9.04 8.85 -9.25 -6.24 4.22 -3.18 -0 0 0 6.22 -2.25 -13.28 35.44 -45.13 -15.13 -0 0 -10.25 52.3 5.24 6.74 -7.12 0 -0 21.73 37.62 -4.19 -0 0 0 36.7 46.81 50.25 -44.9 50.72 -22.16 0 -0 -27.92 -13.45 17 -4 7.12 -0 -0 9.56 -12.7 7.33
15.18 17.2 -12.81 -168.97 -55.54 -550.69 0 0 0 -27.01 5.32 -15.34 3.6 11.61 34.37 1.53 -8.72 -22.16 1.38 7.42 20.97 0 0 0 5.61 -7.85 -4.53 -2.5 -9.83 28.44 -0.58 -13.89 -25.28 -4.86 -13.22 40.2 12.42 2.95 2.94 6.37 4.53 -4.81 -0.5 1.57 -6.34 19.47 4.94 11.53 -9.16 8.73 -10.2 -6.44 4.12 -3.67 0 -0 0 5.66 -0.56 -11.13 35.85 -45.41 -15.42 -0 0 -10.03 51.39 3.95 4.93 -7.12 0 -0 20.51 35.61 -5 0 -0 0 36.43 46.99 51.46 -44.17 50.36 -21.6 0 -0 -27.34 -12.79 16.72 -3.74 7.12 -0 -0 9.99 -13.05 7.59
15 17.09 -12.78 -169.29 -58.07 -551.21 0 0 0 -28.08 4.98 -14.09 3.73 11.8 35.02 1.59 -9.8 -22.6 1.26 7.13 20.1 0 0 0 4.03 -4.79 -5.34 -2.06 -8.98 25.75 -0.49 -16.41 -27.44 -5.89 -14.32 44.53 12.64 3.03 3.08 6.69 4.65 -4.48 -0.29 1.65 -6.06 19.1 5.4 11.05 -7.94 9.31 -8.9 -5.94 4.4 -3.2 0 0 0 5.03 -0.14 -10.79 35.66 -45.28 -15.28 -0 0 -8.63 51.8 5.01 6.33 -7.12 0 -0 21.22 37.23 -4.3 0 0 0 36.35 47.3 52.26 -43.67 50.1 -21.21 0 -0 -27.91 -11.55 17.38 -3.49 7.12 -0 -0 10.81 -12.49 8.37
14.85 16.99 -12.75 -168.98 -60.8 -552.02 0 0 0 -28.7 3.9 -13.05 3.93 12.06 35.96 1.42 -12.68 -21.79 2.31 9.47 27.29 0 0 0 2.96 -1.89 -6.65 -1.76 -8.34 23.74 -0.93 -14.58 -28.66 -6.6 -14.99 47.35 12.95 2.88 3.08 7.05 4.43 -4.14 -0.05 1.56 -5.72 18.85 5.73 11.02 -7.09 9.77 -9.02 -5.64 4.57 -3.23 -0 -0 0 4.73 1 -11.08 35.82 -45.39 -15.4 -0 0 -9.09 51.96 5.68 7.2 -7.12 0 -0 21.59 38.24 -3.81 -0 -0 0 37.09 47.55 52.76 -43.99 50.26 -21.46 0 -0 -27.11 -11.37 17.95 -3.55 7.12 -0 -0 10.92 -11.95 8.59
14.69 16.92 -12.7 -168.44 -63.64 -552.57 0 0 0 -29.42 2.87 -12.32 4.06 12.24 36.57 1.47 -13.6 -22.31 2 8.86 25.37 0 0 0 2.07 0.97 -8.7 -1.57 -7.9 22.4 -0.48 -15.24 -25.99 -6.8 -15.16 48.1 12.95 3.01 2.57 7.64 4.45 -3.87 0.59 1.6 -5.18 18.48 5.89 9.89 -7 9.72 -8.34 -5.48 4.57 -2.87 0 0 0 4.08 1.24 -12.13 35.47 -45.14 -15.14 -0 0 -9.63 51.76 6.28 7.9 -7.12 0 -0 21.63 39.11 -3.33 0 0 0 36.36 47.39 52.24 -44.62 50.58 -21.95 0 -0 -26.92 -10.87 18.23 -3.44 7.12 -0 -0 11.25 -11.71 8.91
14.54 16.86 -12.65 -167.29 -66.44 -554.06 0 0 0 -30 1.33 -10.79 4.11 12.31 36.82 1.36 -15.04 -21.95 2.34 9.55 27.52 0 0 0 1.55 4.37 -10.1 -1.41 -7.5 21.2 0.1 -16.98 -23.1 -6.63 -15.01 47.46 13.11 2.66 2.68 8.13 3.98 -3.62 1.05 1.38 -5.04 17.66 6.38 10.26 -6.33 10.38 -8.96 -5.2 4.85 -3.11 -0 -0 0 4.19 2.56 -12.82 35.29 -45.02 -15.02 -0 0 -10.84 52.22 4.42 5.68 -7.12 0 -0 21.37 36.37 -4.81 -0 -0 0 36.19 48.23 52.76 -45.25 50.89 -22.43 0 -0 -27.43 -9.89 18.18 -3.12 7.12 -0 -0 11.89 -11.83 9.41
14.42 16.8 -12.59 -166.25 -69.36 -555.13 0 0 0 -30.68 0.09 -9.82 4.15 12.36 37.01 1.18 -16.6 -21.15 2.75 10.28 29.89 0 0 0 1.29 6.46 -12.58 -1.31 -7.25 20.46 0.01 -17.09 -24.14 -7.2 -15.5 49.62 12.81 2.57 3.06 8.33 3.98 -3.91 1.4 1.36 -5.61 18.42 6.48 10.99 -6.7 10.74 -9.22 -5.47 5.02 -3.21 -0 -0 0 4.57 2.92 -13.1 35.18 -44.94 -14.94 -0 0 -10.83 53.48 5.56 7.46 -7.12 0 -0 22.87 38.24 -4.06 -0 -0 0 36.62 48.08 53.12 -45.36 50.94 -22.52 0 -0 -26.67 -10.07 18.63 -3.25 7.12 -0 -0 11.77 -11.38 9.42
14.3 16.76 -12.55 -163.72 -72.62 -557.3 0 0 0 -30.95 -1.48 -9.03 4.2 12.43 37.26 0.82 -18.44 -19.43 3.39 11.3 33.29 0 0 0 1.75 8.74 -15.06 -1.26 -7.13 20.1 -0.85 -15.48 -28.99 -8.11 -16.2 52.96 12.8 2.45 2.72 8.29 3.78 -4.03 1.4 1.27 -5.55 18.15 6.34 10.58 -6.2 10.47 -9.43 -5.27 4.85 -3.28 -0 -0 0 5.52 2.92 -13.5 35.19 -44.94 -14.94 -0 0 -11.28 53.68 4.73 6.4 -7.12 0 -0 22.71 36.99 -4.78 -0 -0 0 36.97 48.29 52.44 -44.99 50.76 -22.23 0 -0 -26.07 -9.54 18.89 -3.12 7.12 -0 -0 12.11 -11.17 9.76
14.16 16.73 -12.52 -161.74 -75.79 -559.39 0 0 0 -31.57 -2.18 -7.64 4.11 12.3 36.8 0.43 -20.64 -17.81 3.73 11.79 35 0 0 0 2.53 8.81 -17.66 -1.21 -6.98 19.66 -0.98 -15.09 -29.55 -8.37 -16.38 53.87 12.12 2.33 2.9 8.07 3.69 -4.15 1.53 1.26 -5.81 18.52 6.28 10.41 -6.14 10.41 -9.35 -5.29 4.8 -3.23 -0 -0 0 6.26 2.47 -14.04 35.43 -45.12 -15.12 -0 0 -11.03 53.66 5.36 7.24 -7.12 0 -0 22.95 37.96 -4.25 -0 -0 0 37.42 48.22 51.99 -44.88 50.71 -22.14 0 -0 -26.07 -9.57 18.59 -3.08 7.12 -0 -0 12.09 -11.46 9.67
14.02 16.71 -12.5 -157.86 -78.83 -563.47 0 0 0 -31.94 -2.63 -6.05 3.98 12.14 36.22 0.19 -21.77 -16.77 3.6 11.61 34.36 0 0 0 4.28 7.12 -20.6 -1.16 -6.84 19.24 0.41 -19.25 -23.63 -6.73 -15.1 47.86 11.49 2.25 3.03 8.08 3.58 -3.98 1.87 1.26 -5.75 17.41 6.35 10.21 -5.77 10.36 -9.86 -5.02 4.76 -3.43 -0 0 0 6.13 2.18 -14.38 35.92 -45.46 -15.47 -0 0 -10.84 54.33 6.85 9.44 -7.12 0 -0 24.18 40.35 -2.98 -0 0 0 36.71 48.51 51.18 -44.48 50.51 -21.84 0 -0 -26.17 -9.52 19.2 -3.16 7.12 -0 -0 12.13 -10.86 9.85
13.86 16.74 -12.49 -150.89 -82.06 -570.5 0 0 0 -32.3 -3.11 -4.16 3.7 11.75 34.85 -0.2 -22.84 -14.59 3.35 11.25 33.11 0 0 0 6.29 5.79 -22.98 -1.09 -6.63 18.61 0.94 -19.95 -18.96 -6.11 -14.54 45.43 10.62 2.12 3.16 7.73 3.45 -4.18 1.97 1.24 -6.06 17.26 6.16 10.68 -5.68 10.18 -9.93 -5 4.68 -3.56 -0 -0 0 6.56 1.44 -14.09 36.32 -45.73 -15.75 -0 0 -10.41 53.33 7.33 9.72 -7.12 0 -0 23.46 40.91 -2.53 -0 -0 0 37.25 48.25 51.08 -44.58 50.56 -21.91 0 -0 -26.88 -9.63 18.98 -3.16 7.12 -0 -0 12.06 -11.07 9.74
13.7 16.77 -12.47 -135.14 -85.12 -585.85 0 0 0 -32.58 -3.55 -2.64 3.4 11.31 33.33 -0.91 -24.75 -10.61 4.32 12.58 37.8 0 0 0 8.54 4.14 -25.96 -1.05 -6.52 18.29 0.95 -18.33 -14.34 -5.65 -14.08 43.57 9.84 1.83 2.89 7.14 3.02 -4.28 1.8 1.07 -6.03 17.18 6.38 10.26 -5.67 10.38 -9.61 -4.96 4.8 -3.38 -0 -0 0 6.79 1.01 -14.24 36.25 -45.68 -15.7 -0 0 -10.14 53.33 6.54 8.7 -7.12 0 -0 23.13 39.72 -3.21 -0 -0 0 37.91 48.94 50.97 -44.58 50.56 -21.91 0 -0 -26.77 -10.05 18.62 -3.24 7.12 -0 -0 11.79 -11.39 9.43
13.52 16.81 -12.48 -84.77 -87.04 -635.99 0 0 0 -32.89 -3.84 -0.58 3.02 10.72 31.36 -1.24 -25.18 -8.17 4.98 13.36 40.73 0 0 0 10.57 4.06 -27.8 -1.01 -6.41 17.98 0.83 -16.31 -10.26 -4.94 -13.32 40.57 8.41 1.54 2.96 6.71 2.62 -4.42 2.15 0.95 -6.26 17.53 6.33 10.23 -6.49 10.29 -9.53 -5.25 4.8 -3.29 -0 -0 0 6.75 0.27 -13.9 36.39 -45.78 -15.8 -0 0 -10.67 52.9 6.86 8.97 -7.12 0 -0 22.87 40.13 -2.92 -0 -0 0 37.87 49.37 50.92 -44.29 50.41 -21.69 0 -0 -27.24 -10.23 18.51 -3.28 7.12 -0 -0 11.67 -11.49 9.31
13.29 16.89 -12.47 -33.6 -84.8 -686.83 0 0 0 -32.56 -4.31 1.86 2.6 10.01 29.01 -1.56 -25.53 -5.42 5.06 13.45 41.09 0 0 0 13.36 2.87 -29.56 -0.97 -6.29 17.61 0.47 -12.09 -3.47 -1.92 -8.71 24.88 7.76 1.02 2.5 6.24 1.85 -4.37 2.06 0.62 -5.96 17.92 6.33 10.27 -7.47 10.27 -9.59 -5.62 4.84 -3.23 0 0 0 6.61 -0.35 -14.48 36.09 -45.57 -15.58 -0 0 -9.95 52.59 6.47 8.39 -7.12 0 -0 22.44 39.51 -3.23 0 0 0 37.79 50.37 50.31 -44.31 50.43 -21.7 0 -0 -27.52 -10.21 18.72 -3.31 7.12 -0 -0 11.68 -11.28 9.37
13.04 16.96 -12.47 -16.39 -81.1 -703.48 0 0 0 -32.27 -4.46 4.18 2.14 9.15 26.27 -2.01 -25.98 -0.52 5.36 13.78 42.35 0 0 0 15.84 1.35 -31.77 -1.01 -6.4 17.95 0.1 -5.49 -1.4 -2.46 -9.76 28.2 6.23 0.65 1.92 5.91 1.23 -4.22 2.61 0.39 -5.48 17.41 6.62 9.02 -7.66 10.35 -8.85 -5.51 4.94 -2.81 -0 0 0 6.08 -1.41 -15.21 35.89 -45.44 -15.44 -0 0 -10.36 52.85 7 9.13 -7.12 0 -0 22.89 40.33 -2.8 -0 0 0 36.02 50.97 48.83 -44.5 50.52 -21.85 0 -0 -27.53 -9.95 19.18 -3.3 7.12 -0 -0 11.85 -10.84 9.62
12.74 17.08 -12.45 -11.91 -76.93 -707.84 0 0 0 -31.1 -4.25 7.08 1.66 8.12 23.08 -2.26 -25.92 4.7 5.9 14.33 44.58 0 0 0 17.66 2.3 -31.64 -1.01 -6.41 17.97 -0 0.01 0.4 -2.66 -10.13 29.4 5.61 0.13 2 5.63 0.53 -4.3 2.71 0.08 -5.61 16.57 6.98 7.97 -7.41 10.58 -7.54 -5.21 5.11 -2.27 0 -0 0 5.39 -1.93 -14.93 36.15 -45.61 -15.63 -0 0 -11.51 52.82 6.65 8.68 -7.12 0 -0 22.72 39.81 -3.09 0 -0 0 34.99 51.41 48.6 -45.4 50.96 -22.55 0 -0 -28.5 -11.39 19.03 -3.76 7.12 -0 -0 10.92 -10.86 8.83
12.39 17.18 -12.41 -9.3 -72.84 -710.13 0 0 0 -29.75 -3.83 9.36 1.33 7.3 20.62 -2.25 -25.39 9.96 5.81 14.24 44.21 0 0 0 19.05 3.79 -30.88 -0.94 -6.17 17.27 0.17 7.2 2.38 -1.1 -6.66 18.7 4.79 -0.38 1.7 5.38 -0.21 -4.23 2.94 -0.24 -5.35 17.03 7.06 8.03 -8.9 10.65 -7.92 -5.75 5.2 -2.27 0 0 0 4.72 -2.17 -14.78 35.97 -45.49 -15.5 -0 0 -11.83 52.62 6.73 8.72 -7.12 0 -0 22.57 39.9 -3.02 0 0 0 34.61 52.36 48.1 -45.29 50.91 -22.47 0 -0 -28.11 -10.94 19.27 -3.65 7.12 -0 -0 11.21 -10.66 9.12
12.03 17.27 -12.31 -6.5 -68.42 -712.4 0 0 0 -29 -3.97 11.83 1.01 6.39 17.92 -1.62 -22.79 15.84 6.81 15.17 48.16 0 0 0 19.39 4.88 -30.56 -1.02 -6.41 17.99 0.69 14.53 6.66 -1.96 -8.77 25.09 4.1 -0.79 1.14 5 -0.82 -4.12 2.95 -0.51 -4.9 17.06 7.31 7.13 -10.1 10.75 -7.56 -6.06 5.31 -1.92 -0 0 0 3.9 -2.71 -14.59 35.68 -45.29 -15.29 -0 0 -12.12 52.49 6.57 8.48 -7.12 0 -0 22.39 39.64 -3.14 -0 0 0 33.29 52.99 46.94 -45.55 51.03 -22.66 0 -0 -28.05 -11.03 19.52 -3.73 7.12 -0 -0 11.15 -10.41 9.14
11.63 17.36 -12.2 -4.95 -63.89 -713.74 0 0 0 -27.62 -3.59 14.84 0.68 5.26 14.64 -0.52 -18.66 21.55 7.54 15.77 50.9 0 0 0 17.09 11.07 -28.01 -1.26 -7.13 20.09 0.99 17.58 9.82 -2.28 -9.43 27.15 3.55 -1.22 0.88 4.62 -1.43 -3.95 2.87 -0.79 -4.55 16.76 7.56 6.4 -11.37 10.87 -7.67 -6.37 5.41 -1.75 -0 0 0 3.44 -2.83 -14.25 35.56 -45.21 -15.21 -0 0 -12 52.37 7.18 9.21 -7.12 0 -0 22.51 40.53 -2.63 -0 0 0 31.66 53.64 45.7 -46.08 51.29 -23.08 0 -0 -28.12 -11.29 19.67 -3.85 7.12 -0 -0 10.99 -10.24 9.03
11.21 17.42 -12.05 -4.63 -59.71 -713.88 0 0 0 -25.9 -3.31 15.42 0.74 5.49 15.32 0.05 -16.87 24.34 6.88 15.23 48.42 0 0 0 15.39 14.92 -25.94 -1.6 -7.98 22.65 0.62 13.87 3.68 -2.41 -9.68 27.93 3.74 -1.37 0.92 4.31 -1.62 -4.04 2.45 -0.9 -4.68 17.09 7.89 6.26 -13.23 11.21 -7.67 -6.98 5.65 -1.53 0 -0 0 2.93 -3.9 -14.38 34.54 -44.48 -14.49 -0 0 -11.36 51.72 6.64 8.33 -7.12 0 -0 21.73 39.64 -3.04 0 -0 0 30.44 53.97 44.85 -46.4 51.44 -23.33 0 -0 -28.38 -11.71 19.28 -3.92 7.12 -0 -0 10.71 -10.59 8.72
10.8 17.4 -11.89 -6.06 -55.59 -712.88 0 0 0 -22.95 -2 14.45 1.08 6.61 18.58 0.48 -15.65 26.44 6.59 14.97 47.29 0 0 0 16.21 12.48 -25.74 -1.95 -8.75 25.02 0.41 11.96 0.26 -1.28 -7.18 20.24 5.04 -1.23 1.19 4.13 -1.37 -4.08 1.55 -0.82 -4.92 17.55 8.1 6.89 -14.98 11.5 -8.31 -7.65 5.87 -1.63 -0 -0 0 2.64 -4.9 -13.91 34.46 -44.43 -14.44 -0 0 -12.28 51.93 6.79 8.58 -7.12 0 -0 21.97 39.89 -2.93 -0 -0 0 29.02 54.08 43.28 -46.24 51.36 -23.2 0 -0 -28.37 -11.75 19.54 -3.98 7.12 -0 -0 10.69 -10.33 8.76
10.39 17.45 -11.72 -7.25 -51.36 -711.89 0 0 0 -19.6 -1.12 10.95 1.96 8.78 25.1 -1.35 -22.77 20.29 1.25 7.08 19.94 0 0 0 17.85 10.06 -24.71 -2.08 -9.02 25.87 0.34 11.99 -2.21 -1.56 -7.88 22.35 6.1 -1.06 1.59 4.04 -1.04 -4.6 0.87 -0.72 -5.72 17.25 8.94 8.35 -15.66 12.78 -8.79 -7.88 6.59 -1.76 -0 -0 0 2.5 -6.33 -13.44 34.31 -44.31 -14.33 -0 0 -12.62 51.9 7.43 9.36 -7.12 0 -0 22.18 40.83 -2.41 -0 -0 0 28.61 53.88 42.35 -45.8 51.16 -22.86 0 -0 -27.56 -11.15 19.66 -3.79 7.12 -0 -0 11.08 -10.26 9.1
10.03 17.49 -11.55 -6.73 -47.45 -712.32 0 0 0 -17.91 -0.26 6.53 3.23 11.05 32.47 -1.92 -23.67 7.97 1.51 -7.75 -21.96 0 0 0 17.94 9.4 -23.27 -2.25 -9.36 26.94 0.02 9.56 -6.27 -1.23 -7.03 19.79 5.98 -0.79 2.24 3.72 -0.59 -5.04 0.6 -0.52 -6.56 17.58 9.84 10 -16.76 14.17 -9.76 -8.37 7.37 -1.96 -0 0 0 2.34 -6.98 -12.36 34.82 -44.68 -14.68 -0 0 -13.27 52.09 7.4 9.39 -7.12 0 -0 22.35 40.81 -2.45 -0 0 0 28.29 53.87 41.25 -45.14 50.84 -22.35 0 -0 -27.04 -11.03 19.68 -3.76 7.12 -0 -0 11.15 -10.25 9.17
9.7 17.54 -11.38 -7.07 -43.56 -712.61 0 0 0 -15.75 0.6 2.13 4.68 13.01 39.42 -0.51 -16.75 -5.77 3.95 -12.09 -36.06 0 0 0 18.92 7.39 -21.69 -2.34 -9.55 27.52 -0.2 8.05 -9.16 -0.99 -6.34 17.78 6.44 -0.52 2.94 3.63 -0.16 -4.75 0.22 -0.32 -6.64 18.4 10.62 10.99 -18.77 15.28 -10.81 -9.19 8.04 -1.98 -0 -0 0 2.48 -6.81 -11.74 35.53 -45.19 -15.19 -0 0 -13.81 52.63 7.35 9.52 -7.12 0 -0 22.83 40.84 -2.49 -0 -0 0 27.75 54.75 39.12 -44.12 50.33 -21.56 0 -0 -26.8 -11.11 19.54 -3.76 7.12 -0 -0 11.1 -10.39 9.1
9.4 17.58 -11.2 -6.26 -39.26 -713.59 0 0 0 -14.72 1.44 -2.44 5.77 14.21 44.07 0.39 -9.22 -11.99 2.34 -9.53 -27.48 0 0 0 18.93 5.95 -19.9 -2.41 -9.68 27.94 -0.48 5.3 -12.36 -0.81 -5.76 16.08 6.02 -0.28 3.33 3.28 0.16 -4.49 0.04 -0.15 -6.57 18.63 11.3 10.26 -19.21 16.18 -10.02 -9.2 8.49 -1.4 -0 -0 0 2.5 -7.82 -12.54 35.5 -45.17 -15.17 -0 0 -12.94 52.09 7.33 9.3 -7.12 0 -0 22.32 40.71 -2.5 -0 -0 0 27.24 55.17 37.09 -43.56 50.04 -21.13 0 -0 -26.92 -11.88 18.95 -3.91 7.12 -0 -0 10.6 -10.9 8.55
9.13 17.6 -10.99 -5.47 -34.52 -714.12 0 0 0 -14.32 1.77 -6.98 6.43 14.83 46.67 0.86 -5.71 -16.5 3.04 -10.75 -31.45 0 0 0 18.83 3.9 -18.52 -2.43 -9.7 28.01 -0.7 2.93 -15.09 -0.78 -5.64 15.74 6.01 0.06 3.19 2.7 0.58 -4.61 -0.59 0.05 -6.59 17.91 11.56 11.31 -18.21 16.6 -10.65 -8.88 8.7 -1.84 -0 0 0 2.69 -9.32 -12.71 35.42 -45.11 -15.11 -0 0 -12.33 52.7 7.1 9.21 -7.12 0 -0 22.79 40.46 -2.71 -0 0 0 27.89 55.12 35.71 -42.28 49.37 -20.16 0 -0 -26.78 -12.28 19.26 -4.11 7.12 -0 -0 10.35 -10.55 8.42
8.9 17.63 -10.77 -5.57 -29.51 -713.97 0 0 0 -13.3 2.54 -12.35 6.79 15.16 48.09 0.99 -9.3 -17.98 1.06 -6.53 -18.34 0 0 0 19.54 0.9 -17.53 -2.38 -9.62 27.76 -0.88 1.19 -17.35 -0.61 -5.01 13.95 6.83 -0.07 3.14 2.7 0.48 -5 -1.03 -0.06 -6.99 17.01 11.64 12.84 -18.15 16.76 -11.06 -8.89 8.86 -2.26 -0 -0 0 2.26 -9.12 -12.08 35.63 -45.26 -15.26 -0 0 -12.8 52.99 7.28 9.54 -7.12 0 -0 23.13 40.78 -2.56 -0 -0 0 28.55 55.9 36.24 -41.89 49.15 -19.85 0 -0 -26.87 -12.73 19.14 -4.24 7.12 -0 -0 10.05 -10.63 8.16
8.7 17.65 -10.52 -5.32 -25.04 -714 0 0 0 -13.55 4.33 -17.35 6.81 15.17 48.14 1.4 -8.45 -21.17 1.18 -6.9 -19.41 0 0 0 19.84 -1.9 -16.51 -2.33 -9.52 27.42 -1 -0.35 -19.03 -0.64 -5.11 14.23 6.91 0.5 3.06 2.2 1.22 -4.93 -1.67 0.3 -6.8 17.19 11.52 11.82 -17.85 16.51 -10.92 -8.74 8.68 -2.12 0 0 0 2.87 -10.5 -12.41 35.9 -45.44 -15.45 -0 0 -12.44 52.13 7.51 9.54 -7.12 0 -0 22.43 40.99 -2.35 0 0 0 27.53 55.48 34.1 -41.56 48.97 -19.61 0 -0 -26.62 -13.5 19.01 -4.47 7.12 -0 -0 9.55 -10.68 7.73
8.52 17.68 -10.27 -5.41 -20.39 -713.76 0 0 0 -13.92 5.93 -22.65 6.67 15.04 47.6 1.71 -6.45 -23.5 0.85 -5.88 -16.43 0 0 0 20.62 -3.86 -14.99 -2.18 -9.22 26.5 -1.11 -2.77 -21.08 -0.7 -5.37 14.96 7.32 0.65 2.81 1.91 1.4 -4.86 -2.21 0.37 -6.55 17.7 11.3 10.28 -18.17 16.09 -10.22 -8.76 8.43 -1.66 -0 -0 0 3.57 -10.59 -12.78 35.85 -45.41 -15.41 -0 0 -12.4 52.87 7.38 9.62 -7.12 0 -0 23.06 40.91 -2.48 -0 -0 0 26.64 56.09 32.97 -41.49 48.93 -19.56 0 -0 -26.68 -14.04 19.41 -4.75 7.12 -0 -0 9.21 -10.22 7.53
8.36 17.7 -9.98 -5.21 -15.56 -713.78 0 0 0 -15.36 7.37 -27.42 6.24 14.66 45.95 1.93 -2.28 -25.64 1.56 -7.88 -22.36 0 0 0 21.07 -5.93 -13.32 -2.02 -8.92 25.53 -1.11 -5.48 -22.6 -0.57 -4.83 13.43 7.21 0.86 2.86 1.66 1.68 -5.02 -2.44 0.5 -6.72 17.39 10.84 9.87 -17.89 15.36 -10.34 -8.65 8.04 -1.81 -0 0 0 4.08 -11.38 -13.03 35.63 -45.26 -15.26 -0 0 -12.12 52.65 7.97 10.3 -7.12 0 -0 23.09 41.75 -1.97 -0 0 0 26.07 55.94 32.6 -41.29 48.81 -19.4 0 -0 -26.7 -14.36 19.63 -4.92 7.12 -0 -0 9.01 -9.97 7.41
8.25 17.71 -9.65 -5.09 -10.61 -713.79 0 0 0 -17.25 8.3 -31.14 5.58 14.01 43.27 1.96 -0.35 -26.38 1.55 -7.87 -22.31 0 0 0 21.46 -7.76 -11.27 -1.87 -8.59 24.54 -1.35 -5.89 -24.81 -1.54 -7.83 22.19 7.19 0.97 2.67 1.47 1.82 -5.28 -2.64 0.55 -6.87 17.1 10.11 9.76 -17.78 14.32 -10.41 -8.62 7.52 -2.03 -0 -0 0 4.47 -11.96 -12.8 35.4 -45.1 -15.1 -0 0 -12.15 52.86 7.78 10.13 -7.12 0 -0 23.21 41.51 -2.13 -0 -0 0 25.96 55.92 32.42 -40.66 48.46 -18.93 0 -0 -26.4 -13.33 20.36 -4.71 7.12 -0 -0 9.69 -9.34 8.11
8.18 17.75 -9.28 -5.99 -5.65 -713.33 0 0 0 -18.37 8.27 -34.67 4.87 13.23 40.25 1.88 1.34 -26.44 1.65 -8.1 -23.03 0 0 0 22.83 -9.68 -9.08 -1.59 -7.95 22.55 -1.26 -7.54 -25.13 -1.59 -7.94 22.54 8.31 1.07 1.84 1.5 1.95 -5.47 -3.22 0.57 -6.57 16.81 9.59 9.04 -17.6 13.51 -9.99 -8.49 7.1 -1.97 -0 -0 0 4.75 -12.42 -13.29 35.51 -45.17 -15.17 -0 0 -12.22 52.55 7.5 9.67 -7.12 0 -0 22.81 41.04 -2.37 -0 -0 0 26.23 56.22 32.22 -40.42 48.31 -18.75 0 -0 -26.11 -13.26 19.82 -4.57 7.12 -0 -0 9.72 -9.89 8.03
8.15 17.76 -8.89 -6.36 -0.86 -713.42 0 0 0 -20.34 8.75 -36.75 4.18 12.39 37.14 1.65 2.39 -25.23 0.6 -4.97 -13.83 0 0 0 23.36 -10.68 -6.25 -1.41 -7.51 21.25 -1.54 -6.34 -26.49 -2.66 -10.13 29.4 8.41 1.15 1.53 1.62 2.06 -5.75 -3.15 0.62 -6.68 16.77 9.06 8.24 -17.98 12.71 -9.15 -8.54 6.7 -1.7 0 0 0 4.58 -12.7 -13.13 35.65 -45.27 -15.27 -0 0 -12.05 52.1 7.56 9.6 -7.12 0 -0 22.42 41.06 -2.31 0 0 0 26.49 55.65 32.85 -40.48 48.35 -18.8 0 -0 -26.05 -13.18 19.96 -4.57 7.12 -0 -0 9.78 -9.75 8.1
8.14 17.69 -8.48 -6.75 3.84 -713.73 0 0 0 -21.9 7.92 -37.69 4.04 12.22 36.5 1.23 6.94 -24.52 0.01 -0.77 -2.12 0 0 0 24 -12.54 -5.1 -1.51 -7.77 22.01 -1.29 -8.44 -26.03 -2.07 -9.02 25.84 8.49 1.09 1.24 1.67 1.98 -5.9 -3.12 0.57 -6.68 16.88 8.63 8.06 -18.54 12.09 -9.16 -8.76 6.4 -1.74 -0 -0 0 4.47 -12.72 -13.26 35.72 -45.32 -15.32 -0 0 -11.74 53.25 8.06 10.64 -7.12 0 -0 23.7 42 -1.87 -0 -0 0 27.59 55.77 33.8 -40.58 48.41 -18.87 0 -0 -26.15 -13.66 20.68 -4.91 7.12 -0 -0 9.49 -8.99 8.01
8.17 17.61 -8.06 -6.71 7.99 -714.25 0 0 0 -22.2 5.9 -36.14 4.35 12.61 37.92 1.21 6.91 -24.33 0.4 4.08 11.3 0 0 0 23.79 -14.24 -5.91 -2.21 -9.28 26.68 -0.91 -10.42 -24.63 -1.38 -7.44 21.03 7.85 1.19 1.16 1.66 2.08 -5.99 -2.79 0.66 -6.73 16.74 8.28 7.37 -18.74 11.53 -8.59 -8.76 6.11 -1.56 0 -0 0 4.17 -12.59 -12.97 35.79 -45.37 -15.37 -0 0 -12.01 53.75 8.54 11.46 -7.12 0 -0 24.39 42.81 -1.41 0 -0 0 28.06 55.69 34.56 -40.62 48.43 -18.9 0 -0 -26.08 -13.9 20.53 -4.96 7.12 -0 -0 9.33 -9.11 7.85
8.23 17.44 -7.63 -5.71 11.9 -715.48 0 0 0 -22.26 3.41 -33.15 4.87 13.24 40.27 1.47 4.33 -24.81 0.04 1.36 3.75 0 0 0 21.89 -15.31 -8.09 -3.98 -12.14 36.21 -0.76 -9.82 -22.83 -1.58 -7.94 22.54 6.4 1.1 1.97 1.24 1.94 -5.88 -2.43 0.64 -7.12 17.06 8.02 7.48 -19.37 11.18 -8.76 -9.04 5.97 -1.62 -0 -0 0 3.8 -12.05 -13.08 35.67 -45.28 -15.29 -0 0 -11.6 53.25 7.19 9.51 -7.12 0 -0 23.33 40.69 -2.65 -0 -0 0 30.17 55.73 36.24 -40.55 48.39 -18.85 0 -0 -25.81 -13.7 20.71 -4.93 7.12 -0 -0 9.47 -8.95 7.99
8.31 17.28 -7.2 -4.55 16.15 -716.18 0 0 0 -23.23 2.05 -31.66 5.49 13.92 42.91 1.5 3.79 -24.78 0.22 -3 -8.29 0 0 0 19.69 -15.35 -11.93 -6.65 -15.03 47.52 -0.49 -8.81 -19.24 -2.38 -9.61 27.74 5.41 1.03 2.29 0.64 1.77 -5.76 -2.5 0.6 -7.18 17.35 7.47 7.59 -20.64 10.4 -8.92 -9.56 5.64 -1.73 -0 -0 0 3.42 -11.63 -12.81 35.43 -45.11 -15.12 -0 0 -11.53 56.26 9.81 14.31 -7.12 0 -0 27.56 45.28 0.21 -0 -0 0 32.26 55.9 37.93 -40.41 48.31 -18.75 0 -0 -25.71 -14.23 20.17 -5 7.12 -0 -0 9.11 -9.44 7.59
8.4 17.15 -6.78 -3.6 20.01 -717.36 0 0 0 -23.94 1.5 -28.99 5.85 14.28 44.37 1.8 0.6 -25.59 0.06 -1.55 -4.25 0 0 0 17.36 -14.74 -14.43 -9.07 -16.86 56.35 -0.66 -5.37 -18.23 -2.19 -9.25 26.6 5.11 1.32 3.37 -0.06 2.15 -5.51 -3.14 0.77 -7.49 16.94 6.92 7.77 -21.79 9.62 -8.55 -9.91 5.33 -1.76 0 0 0 2.92 -11.75 -12.36 35.47 -45.15 -15.15 -0 0 -12.38 54.72 9.26 12.81 -7.12 0 -0 25.67 44.08 -0.62 0 0 0 33.23 55.78 38.47 -40.84 48.56 -19.07 0 -0 -26.39 -14.18 21.23 -5.23 7.12 -0 -0 9.19 -8.37 7.85
8.46 17.03 -6.36 -2.42 24.42 -717.72 0 0 0 -24.7 0.38 -26.85 6.17 14.59 45.67 1.96 -2.75 -25.76 0 -0.43 -1.19 0 0 0 15.37 -13.26 -17.49 -10.75 -17.81 61.98 -1.01 -2.54 -20.02 -1.68 -8.16 23.19 4.16 1.19 4.03 -0.34 1.92 -5.35 -2.89 0.7 -7.73 16.34 7.13 7.22 -23.88 9.78 -7.93 -10.46 5.49 -1.36 -0 -0 0 1.35 -10.67 -12.48 36.46 -45.82 -15.85 -0 0 -12.94 55.42 11.04 15.52 -7.12 0 -0 27.35 46.92 1.4 -0 -0 0 33.89 56.48 39.7 -40.82 48.55 -19.05 0 -0 -25.75 -14.19 20.45 -5.05 7.12 -0 -0 9.15 -9.16 7.68
8.51 16.92 -5.92 -1.26 29.41 -717.82 0 0 0 -25.23 -1.22 -24.65 6.45 14.85 46.76 2.22 -3.57 -27.3 0.27 -3.33 -9.19 0 0 0 13.71 -11.7 -20.48 -11.59 -18.21 64.7 -1.75 -2.98 -26.22 -2.51 -9.86 28.52 3.33 1.14 4.72 -0.92 1.78 -5.53 -3.05 0.64 -8.34 16.54 6.8 7.4 -26.08 9.48 -7.03 -11.28 5.44 -1.07 0 0 0 0.58 -10.24 -12.27 37.16 -46.29 -16.35 -0 0 -13.24 52.82 6.88 8.97 -7.12 0 -0 22.81 40.15 -2.9 0 0 0 35.46 56.08 40.92 -41.09 48.7 -19.25 0 -0 -25.81 -14.62 20.07 -5.12 7.12 -0 -0 8.86 -9.5 7.37
8.55 16.89 -5.46 -0.63 34.3 -717.92 0 0 0 -24.98 -2.34 -21.94 6.33 14.74 46.29 2.26 -8.16 -27.02 0.01 -0.74 -2.04 0 0 0 12.44 -8.6 -22.52 -11.34 -18.1 63.89 -2.37 -4.08 -30.74 -2.6 -10.02 29.04 3 1.18 4.8 -1.46 1.76 -5.48 -3.44 0.64 -8.33 16.11 6.62 7.9 -27.36 9.25 -7.02 -11.72 5.43 -1.16 0 0 0 0.78 -9.67 -12.24 37.47 -46.5 -16.58 -0 0 -12.54 52.64 5.93 7.71 -7.12 0 -0 22.28 38.7 -3.68 0 0 0 36.32 55.76 41.3 -41.31 48.83 -19.42 0 -0 -26.09 -14.24 20.79 -5.15 7.12 -0 -0 9.13 -8.81 7.72
8.6 16.97 -4.97 -0.43 39.55 -718.12 0 0 0 -24.18 -3.42 -18.82 5.93 14.36 44.69 2.11 -11.01 -26.12 0 -0.27 -0.74 0 0 0 11.35 -5.45 -23.16 -10.06 -17.44 59.69 -2.76 -5.08 -33.5 -2.64 -10.09 29.27 2.94 1.26 4.97 -1.89 1.85 -5.6 -3.89 0.67 -8.54 16.08 6.35 8.09 -28.67 9.08 -6.16 -12.2 5.4 -0.93 -0 -0 0 1.44 -9.46 -11.88 37.24 -46.35 -16.42 -0 0 -12.9 52.41 4.82 6.23 -7.12 0 -0 21.67 37 -4.53 -0 -0 0 36.27 55.06 41.66 -41.77 49.09 -19.77 0 -0 -25.81 -13.18 20.03 -4.59 7.12 -0 -0 9.78 -9.69 8.12
8.63 17.12 -4.47 -0.89 45.16 -718.41 0 0 0 -22.6 -4.79 -15.53 5.22 13.63 41.76 1.86 -11.88 -24.65 0.15 -2.47 -6.82 0 0 0 10.28 -2.84 -23.11 -8.26 -16.31 53.51 -2.77 -3.08 -32.66 -3.25 -11.08 32.56 3.19 1.26 4.93 -2.15 1.87 -5.65 -4.3 0.65 -8.56 15.6 6.27 7.79 -29.63 9.1 -5.32 -12.44 5.43 -0.62 -0 -0 0 2.37 -9.27 -12.37 36.53 -45.87 -15.9 -0 0 -12.22 52.27 4.54 5.84 -7.12 0 -0 21.45 36.57 -4.72 -0 -0 0 34.41 54.84 41.41 -42.01 49.22 -19.95 0 -0 -25.98 -13.58 19.84 -4.69 7.12 -0 -0 9.52 -9.84 7.87
8.66 17.34 -3.94 -1.5 51.1 -718.59 0 0 0 -20.61 -6.23 -12.15 4.27 12.51 37.55 1.14 -14.68 -20.29 0.12 -2.24 -6.16 0 0 0 9.23 -0.72 -21.66 -6.09 -14.52 45.35 -2.39 -1.84 -29.92 -2.23 -9.34 26.86 3.1 1.31 4.63 -2.29 1.9 -5.56 -4.39 0.68 -8.28 14.96 6.31 7.4 -30.22 9.14 -5.25 -12.52 5.48 -0.52 -0 -0 0 3.44 -9.02 -12.85 36.12 -45.6 -15.61 -0 0 -12.7 52.52 4.09 5.32 -7.12 0 -0 21.5 35.91 -5.1 -0 -0 0 31.46 54.73 39.87 -41.95 49.18 -19.9 0 -0 -26.08 -13.16 21.76 -4.95 7.12 -0 -0 9.85 -7.96 8.52
8.69 17.64 -3.38 -3.01 57.47 -719.26 0 0 0 -17.9 -8.02 -9.24 3.26 11.11 32.64 0.18 -17.73 -14.1 0 -0.09 -0.24 0 0 0 8.5 1.77 -19.26 -4.04 -12.21 36.49 -1.48 -1.47 -23.57 -1.68 -8.15 23.19 3.48 1.06 4.14 -2.48 1.58 -5.39 -4.75 0.51 -7.83 14.65 6.49 7 -30.81 9.34 -5.52 -12.67 5.62 -0.45 -0 -0 0 5.13 -7.7 -12.59 36.48 -45.84 -15.86 -0 0 -13.74 53.45 5.32 7.13 -7.12 0 -0 22.75 37.87 -4.26 -0 -0 0 28.99 55.1 38.11 -41.71 49.05 -19.72 0 -0 -26.18 -13.51 21.59 -5.05 7.12 -0 -0 9.62 -8.08 8.29
8.69 17.96 -2.81 -5.88 64.08 -721.21 0 0 0 -14.61 -9.66 -7.26 2.44 9.72 28.07 -0.7 -19.12 -6.18 0.2 2.89 7.98 0 0 0 8.28 4.92 -16.17 -2.55 -9.92 28.72 -0.68 0.16 -15.48 -1.37 -7.4 20.9 4.11 1.01 3.93 -2.66 1.55 -5.39 -5.29 0.46 -7.7 14.3 6.29 6.85 -31.12 9.12 -5.4 -12.72 5.54 -0.45 0 0 0 6 -7.91 -13.42 36.26 -45.69 -15.71 -0 0 -13.49 52.66 5.16 6.73 -7.12 0 -0 22.01 37.54 -4.29 0 0 0 26.73 54.51 36.28 -41.79 49.1 -19.79 0 -0 -26.24 -13.68 20.12 -4.79 7.12 -0 -0 9.46 -9.55 7.87
8.69 18.25 -2.2 -8.31 70.77 -722.92 0 0 0 -12.04 -11.41 -5.92 1.78 8.39 23.92 -1 -17.99 1.8 0.56 4.78 13.29 0 0 0 7.66 8.11 -13.33 -1.68 -8.16 23.19 -0.21 2.92 -8.19 -1.6 -7.97 22.62 3.89 0.84 3.97 -2.99 1.3 -5.36 -5.49 0.34 -7.72 13.92 6.29 6.16 -31.45 9.22 -4.92 -12.72 5.56 -0.17 0 0 0 6.87 -7.86 -14.04 35.86 -45.42 -15.43 -0 0 -13.49 52.33 4.58 5.91 -7.12 0 -0 21.52 36.63 -4.7 0 0 0 25.5 54.18 34.95 -41.64 49.01 -19.67 0 -0 -25.83 -14.35 19.35 -4.84 7.12 -0 -0 9.01 -10.25 7.36
8.67 18.52 -1.6 -16.25 77.07 -729.9 0 0 0 -8.68 -13.79 -5.61 1.37 7.41 20.92 -0.76 -15.24 7.11 0.58 4.86 13.51 0 0 0 8.43 9.25 -11.89 -1.21 -6.99 19.68 0.11 6.29 0.02 -2.05 -8.97 25.71 4.95 0.86 4.26 -3.43 1.39 -5.37 -6.59 0.31 -7.86 13.25 6.09 5.57 -30.64 8.99 -4.44 -12.24 5.37 -0.08 -0 0 0 7.87 -8.55 -14.37 35.18 -44.94 -14.94 -0 0 -12.78 53.68 7.7 10.33 -7.12 0 -0 23.95 41.53 -2.19 -0 0 0 24.69 53.47 33.57 -41.23 48.78 -19.36 0 -0 -25.87 -13.82 20.91 -5.02 7.12 -0 -0 9.4 -8.73 7.97
8.67 18.72 -0.95 -30.96 83.39 -744 0 0 0 -6.48 -15.61 -5.46 0.97 6.26 17.55 -0.42 -12.86 11.19 0.34 3.72 10.29 0 0 0 8.87 11.87 -9.96 -1.02 -6.44 18.06 0.22 8.39 4.92 -2.05 -8.98 25.73 4.53 0.61 4.52 -3.79 1.01 -5.21 -6.71 0.14 -7.91 11.39 6.14 4.8 -28.55 8.9 -4.15 -11.04 5.23 -0.09 0 0 0 7.97 -8.67 -13.97 34.61 -44.53 -14.54 -0 0 -11.94 53.2 8.55 11.24 -7.12 0 -0 23.86 42.72 -1.43 0 0 0 24.19 53.39 32.61 -40.61 48.43 -18.89 0 -0 -25.26 -13.13 21.86 -4.97 7.12 -0 -0 9.87 -7.86 8.56
8.69 18.84 -0.28 -109.95 86.6 -822.29 0 0 0 -4.24 -17.25 -5.91 0.7 5.33 14.86 0.02 -9.38 13.76 0.62 5.05 14.04 0 0 0 9.91 13.61 -8.78 -1.02 -6.44 18.06 0.13 8.15 8.47 -2.2 -9.27 26.65 4.33 0.68 4.64 -4.56 1.07 -5.14 -7.44 0.17 -7.89 11.34 5.75 3.48 -26.77 8.46 -2.86 -10.31 4.8 0.31 0 0 0 9.17 -9.36 -12.33 35.45 -45.13 -15.13 -0 0 -13.12 53.46 7.42 9.88 -7.12 0 -0 23.62 41.06 -2.45 0 0 0 23.67 52.04 31.66 -39.56 47.81 -18.11 0 -0 -25.03 -13.3 22.12 -5.09 7.12 -0 -0 9.77 -7.58 8.53
8.73 18.78 0.4 -167.13 81.71 -878.58 0 0 0 -3.36 -18.17 -7.59 0.58 4.86 13.52 0.18 -6.67 13.01 1.23 7.02 19.79 0 0 0 9.79 13.22 -8.22 -1.04 -6.5 18.23 0.21 9.03 7.65 -1.7 -8.22 23.38 3 0.23 4.55 -5.21 0.34 -4.91 -7.29 -0.11 -7.7 11.96 5.61 3.06 -27.13 8.2 -3.42 -10.56 4.69 0.22 -0 -0 0 9.62 -9.39 -12.01 35 -44.82 -14.82 -0 0 -12.51 52.66 7.3 9.46 -7.12 0 -0 22.83 40.76 -2.54 -0 -0 0 22.29 52.29 31 -38.14 46.93 -17.07 0 -0 -25.12 -13.41 22.73 -5.27 7.12 -0 -0 9.72 -6.95 8.6
8.8 18.62 1.06 -177.84 75.25 -888.55 0 0 0 -3.04 -17.12 -9.11 0.46 4.36 12.1 -0.02 -5.5 7.15 0.19 2.84 7.83 0 0 0 10.34 10.52 -8.79 -1.22 -7.02 19.76 0.45 11.78 5.2 -2.01 -8.89 25.46 2.28 0.11 4.56 -6.19 0.12 -4.76 -7.93 -0.19 -7.59 11.19 5.18 3.23 -25.65 7.38 -4.22 -9.95 4.31 -0.3 0 0 0 10.11 -9.87 -11.7 36.06 -45.55 -15.56 -0 0 -11.38 53.68 9.38 12.5 -7.12 0 -0 24.69 44.05 -0.62 0 0 0 20.83 51.33 30.23 -37.52 46.53 -16.61 0 -0 -24.72 -13.76 22.06 -5.25 7.12 -0 -0 9.48 -7.59 8.26
8.89 18.38 1.68 -178.89 69.22 -888.79 0 0 0 -1.72 -16.08 -10.88 0.55 4.74 13.17 0.02 1.2 -3.12 0.05 -1.39 -3.82 0 0 0 13.31 6.33 -10.46 -1.47 -7.67 21.71 0.43 13.9 -3.28 -0.78 -5.63 15.71 2.52 -0.19 4.85 -6.51 -0.27 -5.13 -8.41 -0.41 -8.23 11.49 5.26 3.4 -25.77 7.53 -4.4 -10.06 4.41 -0.33 0 0 0 9.61 -11.14 -12.4 35.71 -45.31 -15.32 -0 0 -10.22 52.67 6.62 8.59 -7.12 0 -0 22.57 39.74 -3.11 0 0 0 20.33 51.04 30.81 -37.36 46.43 -16.5 0 -0 -24.54 -14.14 21.81 -5.35 7.12 -0 -0 9.23 -7.79 8
8.98 18.08 2.27 -180.23 64.46 -889.69 0 0 0 -0.79 -17.25 -9.42 0.55 4.77 13.25 -0.15 11.29 -13.73 0.17 -2.62 -7.22 0 0 0 16.47 2.68 -13.41 -2.06 -9 25.8 -0.44 12.17 -13.65 -1.06 -6.56 18.41 2 -0.14 5.77 -6.79 -0.25 -5.66 -8.48 -0.41 -9.36 11.63 5.15 4.02 -25.98 7.43 -4.71 -10.2 4.44 -0.53 0 -0 0 8.47 -11.65 -12.39 36.64 -45.95 -15.98 -0 0 -10.36 52.73 6.65 8.65 -7.12 0 -0 22.64 39.8 -3.09 0 -0 0 22.14 50.82 31.65 -36.85 46.09 -16.13 0 -0 -23.82 -14.32 21.81 -5.42 7.12 -0 -0 9.12 -7.77 7.9
9.09 17.77 2.83 -182.37 59.82 -890.89 0 0 0 -0.34 -17.15 -8.3 0.54 4.72 13.13 -0.15 13.39 -17.17 0.17 -2.66 -7.34 0 0 0 18.62 0.01 -17.04 -2.76 -10.29 29.94 -1.48 10.41 -21.93 -1.4 -7.5 21.2 0.58 -0.32 5.5 -7.28 -0.59 -5.57 -8.15 -0.46 -9.14 11.99 5.23 3.29 -25.97 7.52 -4.82 -10.23 4.44 -0.4 0 0 0 8.18 -11.57 -13.65 37.62 -46.6 -16.69 -0 0 -10.85 52.49 7.38 9.5 -7.12 0 -0 22.7 40.86 -2.46 0 0 0 23.89 51.28 30.96 -36.93 46.14 -16.19 0 -0 -23.73 -14.04 22.2 -5.4 7.12 -0 -0 9.31 -7.41 8.14
9.2 17.47 3.34 -182.85 55.24 -891.07 0 0 0 0.45 -16.68 -5.99 0.51 4.56 12.66 -0.61 15.78 -14.22 1.61 -8 -22.7 0 0 0 20.59 -2.17 -21.05 -3.75 -11.83 35.12 -2.12 11.36 -26.25 -1.96 -8.78 25.12 -0.4 -0.6 5.67 -7.39 -1.03 -5.43 -7.63 -0.6 -9.13 12.58 5.32 3.41 -26.45 7.61 -5.49 -10.53 4.55 -0.53 -0 -0 0 7.17 -10.61 -14.05 38.69 -47.28 -17.47 -0 0 -12 52.64 8.34 10.76 -7.12 0 -0 23.23 42.3 -1.64 -0 -0 0 27.08 51.94 31.16 -37.23 46.34 -16.41 0 -0 -23.53 -14.37 22.3 -5.55 7.12 -0 -0 9.11 -7.27 7.98
9.32 17.24 3.79 -182.53 50.29 -891.02 0 0 0 1.36 -15.51 -4.63 0.65 5.16 14.36 -0.53 15.22 -14.49 1.58 -7.93 -22.51 0 0 0 22.9 -5.06 -25.58 -5.1 -13.49 41.24 -2.67 10.65 -29.46 -1.74 -8.3 23.64 -0.93 -0.88 6.35 -7.18 -1.46 -5.49 -7.05 -0.77 -9.63 12.38 5.29 3.92 -26.64 7.64 -5.6 -10.58 4.63 -0.65 0 0 0 5.42 -11.22 -14.61 39.68 -47.88 -18.2 -0 0 -12.52 53.12 7.78 10.23 -7.12 0 -0 23.46 41.56 -2.12 0 0 0 30.64 51.3 33.19 -38.79 47.33 -17.54 0 -0 -25.24 -15.22 21.6 -5.72 7.12 -0 -0 8.54 -7.88 7.37
9.49 17.01 4.2 -184.62 45.64 -892.76 0 0 0 0.25 -13.62 -2.59 0.67 5.23 14.55 -0.13 13.41 -17.42 0.33 -3.71 -10.25 0 0 0 23.4 -7.41 -29.39 -6.41 -14.81 46.59 -3.18 10.46 -32.24 -2.24 -9.35 26.91 -3.43 -1.05 6.09 -7.61 -1.85 -5.07 -6.01 -0.76 -8.99 12.37 5.2 4.17 -26.18 7.45 -6.07 -10.45 4.56 -0.89 -0 0 0 5.59 -12.24 -15.52 38.8 -47.34 -17.55 -0 0 -12.81 52.45 5.79 7.48 -7.12 0 -0 22.06 38.47 -3.77 -0 0 0 32.09 51.05 34.48 -40.01 48.07 -18.45 0 -0 -26.56 -15.04 21.3 -5.58 7.12 -0 -0 8.64 -8.2 7.4
9.67 16.78 4.56 -184.77 40.51 -892.64 0 0 0 0.46 -12.29 -0.8 0.67 5.24 14.61 -0.25 15.03 -18.49 1.1 -6.66 -18.72 0 0 0 25.37 -9.17 -32.05 -7.19 -15.49 49.58 -3.82 9.65 -35.52 -2.61 -10.03 29.09 -3.93 -1.37 5.61 -7.95 -2.22 -5.09 -6.07 -0.88 -8.76 12.3 5.08 4.58 -25.62 7.37 -5.77 -10.25 4.52 -0.93 -0 -0 0 6.55 -12.76 -14.69 37.92 -46.79 -16.9 -0 0 -12.91 52.83 6.64 8.67 -7.12 0 -0 22.72 39.79 -3.11 -0 -0 0 34.11 51.27 36.61 -39.74 47.92 -18.25 0 -0 -26.15 -14.79 21.74 -5.59 7.12 -0 -0 8.82 -7.78 7.64
9.83 16.56 4.86 -184.14 35.72 -892.46 0 0 0 0.61 -12.41 2.11 0.72 5.41 15.09 0.22 15.23 -23.76 0.06 -1.62 -4.47 0 0 0 27.71 -10.44 -34.31 -7.99 -16.11 52.51 -4.21 7.54 -37.54 -2.69 -10.17 29.53 -3.62 -1.46 5.68 -7.96 -2.3 -5.13 -6.24 -0.93 -8.86 12.02 4.99 4.6 -25.74 7.43 -5.16 -10.22 4.56 -0.76 -0 -0 0 6.35 -13.64 -15.3 37.74 -46.67 -16.78 -0 0 -12.59 53.13 5.86 7.75 -7.12 0 -0 22.69 38.65 -3.78 -0 -0 0 34.56 51.28 38.38 -40.42 48.32 -18.75 0 -0 -25.06 -15.25 21.57 -5.72 7.12 -0 -0 8.52 -7.9 7.35
9.98 16.39 5.13 -184.58 30.63 -892.74 0 0 0 -0.13 -11.44 3.63 0.78 5.63 15.72 0.47 16.21 -27.02 0.01 -0.67 -1.83 0 0 0 28.96 -12.38 -37.06 -8.75 -16.64 55.23 -4.45 6.35 -38.81 -2.39 -9.64 27.83 -3.97 -1.73 5.66 -8.25 -2.62 -5.05 -6.32 -1.04 -8.79 12.3 4.76 5.16 -26.42 7.17 -5.72 -10.57 4.54 -1.03 -0 -0 0 6.03 -13.92 -15.98 39.52 -47.78 -18.08 -0 0 -12.64 52.83 6.78 8.85 -7.12 0 -0 22.78 40.01 -2.98 -0 -0 0 34.34 51.8 39.37 -41.14 48.73 -19.29 0 -0 -25.64 -14.88 22.37 -5.77 7.12 -0 -0 8.79 -7.14 7.72
10.14 16.27 5.38 -184.68 25.4 -892.56 0 0 0 -0.38 -8.33 4.1 0.8 5.7 15.92 0.31 17.57 -27.46 0.05 -1.46 -4 0 0 0 30.65 -13.94 -39.83 -9.35 -17.03 57.28 -4.58 3.8 -39.83 -2.36 -9.58 27.64 -4.15 -1.94 5.43 -8.37 -2.85 -5.11 -6.33 -1.12 -8.75 12.32 4.67 5.75 -26.9 7.13 -6.11 -10.8 4.63 -1.24 0 -0 0 5.69 -14.03 -16.29 40.31 -48.25 -18.67 -0 0 -12.86 53.01 6.57 8.64 -7.12 0 -0 22.86 39.72 -3.17 0 -0 0 34.43 51.91 39.74 -42.06 49.24 -19.99 0 -0 -25.52 -14.39 22.18 -5.53 7.12 -0 -0 9.09 -7.39 7.95
10.3 16.16 5.59 -185.05 20.43 -892.88 0 0 0 -1.28 -5.37 4.76 0.91 6.07 16.99 1.25 14.09 -30.39 0.09 1.91 5.25 0 0 0 31.55 -14.93 -41.28 -9.66 -17.22 58.36 -4.72 3.24 -40.59 -2.79 -10.35 30.1 -4.74 -1.9 5.22 -8.56 -2.75 -4.96 -6.22 -1 -8.42 12.85 4.52 4.27 -27.41 7.25 -4.67 -10.97 4.58 -0.5 0 0 0 6.04 -14.41 -16.42 40.37 -48.29 -18.72 -0 0 -13.37 53.33 6.07 8.08 -7.12 0 -0 22.95 39 -3.62 0 0 0 34.15 51.89 39.59 -42.79 49.64 -20.54 0 -0 -25.71 -14.79 22.26 -5.71 7.12 -0 -0 8.84 -7.26 7.75
10.45 16.13 5.79 -185.54 15.38 -892.86 0 0 0 -2.36 -2.14 4.63 1.04 6.49 18.22 1.23 13.33 -29.56 0.03 -1.07 -2.93 0 0 0 32.44 -15.77 -42.91 -9.79 -17.29 58.79 -4.7 -0.4 -41.39 -2.27 -9.42 27.11 -5.26 -2.09 4.85 -8.75 -2.91 -5.13 -6.13 -1.01 -8.39 12.33 4.28 5.18 -27.3 6.94 -5.27 -10.9 4.56 -0.93 0 -0 0 6.03 -13.9 -15.83 40.71 -48.48 -18.97 -0 0 -13.69 53.73 5.58 7.55 -7.12 0 -0 23.1 38.3 -4.07 0 -0 0 35.06 52.22 40.42 -43.3 49.91 -20.93 0 -0 -26.05 -15.69 21.81 -5.96 7.12 -0 -0 8.25 -7.6 7.16
10.59 16.14 5.96 -185.11 10.7 -892.86 0 0 0 -2.7 1.6 4.36 1.29 7.21 20.33 1.03 11.88 -26.84 0.02 -0.86 -2.37 0 0 0 33.89 -16.35 -43.61 -9.65 -17.21 58.3 -4.77 -0.63 -41.78 -2.63 -10.07 29.2 -5.09 -1.78 4.89 -8.64 -2.46 -5.22 -6.16 -0.78 -8.47 12.3 4.06 4.87 -27.55 6.85 -4.81 -10.97 4.54 -0.76 0 -0 0 5.92 -14.39 -15.53 40.56 -48.4 -18.86 -0 0 -12.65 53.08 6.64 8.75 -7.12 0 -0 22.95 39.83 -3.12 0 -0 0 34.88 51.99 40.33 -43.43 49.98 -21.03 0 -0 -26.61 -15.18 22.16 -5.84 7.12 -0 -0 8.59 -7.31 7.51
10.7 16.17 6.11 -185.34 6.08 -892.84 0 0 0 -3.91 5.47 3.7 1.63 8.04 22.84 0.82 10.52 -23.95 0.2 -2.85 -7.87 0 0 0 34.54 -17.12 -44.65 -9.43 -17.08 57.58 -4.54 -3.47 -41.62 -2.25 -9.38 26.98 -5.12 -1.71 4.47 -8.63 -2.26 -5.42 -6.17 -0.65 -8.42 11.67 3.87 5.97 -27.69 6.69 -5.43 -10.98 4.64 -1.2 0 -0 0 5.93 -13.69 -15.02 40.53 -48.38 -18.83 -0 0 -12.84 52.97 6.33 8.32 -7.12 0 -0 22.73 39.35 -3.37 0 -0 0 35.05 51.86 41.06 -43.81 50.17 -21.32 0 -0 -26.75 -14.69 21.91 -5.59 7.12 -0 -0 8.89 -7.62 7.73
10.8 16.23 6.28 -185.8 1.61 -892.86 0 0 0 -5.78 7.91 3.35 2.05 8.96 25.68 1.18 6.22 -23.66 0.13 -2.32 -6.39 0 0 0 34.69 -17.49 -45.29 -9.19 -16.93 56.73 -4.47 -4.07 -41.52 -2.59 -10 28.99 -5.29 -1.66 3.96 -9.02 -2.02 -5.32 -6.53 -0.48 -8.01 12.12 3.85 6.27 -27.75 6.64 -6.19 -11.13 4.69 -1.45 0 -0 0 6.31 -13.18 -15.21 40.94 -48.62 -19.14 -0 0 -12.47 52.79 7.26 9.45 -7.12 0 -0 22.94 40.72 -2.57 0 -0 0 35.43 52.37 41.24 -43.56 50.05 -21.13 0 -0 -26.63 -15.19 21.98 -5.8 7.12 -0 -0 8.58 -7.49 7.47
10.89 16.33 6.42 -185.61 -2.83 -892.98 0 0 0 -7.11 10.74 3.08 2.46 9.77 28.23 1.09 3.96 -21.55 0.03 -1.21 -3.31 0 0 0 35.02 -17.76 -45.12 -8.8 -16.67 55.38 -4.59 -1.68 -41.27 -4.04 -12.21 36.48 -4.85 0.1 3.64 -8.96 -2 -5.03 -6.56 -1.52 -7.61 12.31 6.07 6.38 -27.99 6.35 -5.37 -11.18 3.26 -1.19 -0 0 0 6.23 -12.62 -15.06 40.93 -48.61 -19.14 -0 0 -12.86 53.41 7.09 9.44 -7.12 0 -0 23.43 40.56 -2.74 -0 0 0 34.42 52.52 41.54 -43.89 50.21 -21.38 0 -0 -27.08 -15.65 21.4 -5.84 7.12 -0 -0 8.26 -8.02 7.1
10.94 16.41 6.61 -185.84 -7.16 -892.85 0 0 0 -9.22 13.29 2.48 2.92 10.57 30.83 1.15 4.52 -22.38 0.28 -3.41 -9.43 0 0 0 35.24 -17.99 -45.68 -8.27 -16.31 53.51 -4.24 -4.66 -40.7 -3.61 -11.62 34.39 -4.92 0.38 3.39 -9.05 -1.58 -5.16 -6.68 -1.3 -7.57 12.9 6.03 5.84 -27.89 6.61 -4.6 -11.21 3.35 -0.81 -0 0 0 6.6 -12.44 -15.24 40.91 -48.6 -19.12 -0 0 -12.83 53.54 7.23 9.67 -7.12 0 -0 23.62 40.8 -2.61 -0 0 0 33.53 51.7 41.79 -44.89 50.71 -22.15 0 -0 -28.52 -15.92 21.3 -5.91 7.12 -0 -0 8.08 -8.09 6.94
11.01 16.5 6.83 -185.14 -11.95 -892.85 0 0 0 -10.07 15.07 0.95 3.64 11.67 34.58 1.02 3.88 -20.83 0 0.31 0.87 0 0 0 36.36 -17.8 -45.52 -7.51 -15.75 50.77 -4.22 -5.06 -40.81 -4.4 -12.68 38.18 -4.28 0.29 3.68 -8.6 -1.52 -5.27 -6.56 -1.22 -7.84 12.75 5.85 6.53 -27.66 6.23 -5.77 -11.17 3.3 -1.36 -0 0 0 6.34 -12.12 -15.5 40.93 -48.61 -19.13 -0 0 -13.08 53.22 7.02 9.29 -7.12 0 -0 23.23 40.43 -2.79 -0 0 0 34.18 51.82 41.6 -43.81 50.17 -21.32 0 -0 -27.45 -16.05 22.8 -6.36 7.12 -0 -0 8.08 -6.55 7.18
11.05 16.63 7.05 -185.04 -16.93 -892.75 0 0 0 -11.66 17.43 -0.46 4.14 12.34 36.95 1.29 1.11 -21.87 0.14 -2.45 -6.74 0 0 0 36.6 -18.23 -46.11 -6.96 -15.3 48.72 -3.83 -7.06 -39.84 -4.69 -13.02 39.45 -4.17 -0.05 3.44 -8.16 -1.78 -5.17 -6.1 -1.29 -7.58 12.74 6.09 6.7 -27.69 6.55 -6.24 -11.19 3.5 -1.45 0 0 0 6.01 -11.39 -16.09 40.71 -48.48 -18.97 -0 0 -13.13 54.05 7.16 9.75 -7.12 0 -0 24.06 40.77 -2.69 0 0 0 34.46 52.18 41.44 -43.67 50.1 -21.21 0 -0 -27.59 -14.11 22.75 -5.55 7.12 -0 -0 9.29 -6.85 8.22
11.09 16.73 7.33 -185.04 -21.82 -892.46 0 0 0 -13.44 19.86 -2.67 4.6 12.92 39.08 1.31 1.88 -22.34 0.58 -4.88 -13.55 0 0 0 36.43 -18.32 -46.94 -6.54 -14.93 47.1 -3.53 -8.58 -39.18 -4.84 -13.2 40.12 -4.02 -0.17 3.32 -7.85 -1.77 -5.04 -5.86 -1.24 -7.35 12.79 5.87 6.62 -27.65 6.23 -6.67 -11.2 3.38 -1.62 0 0 0 5.91 -11.44 -16.65 40.84 -48.56 -19.07 -0 0 -13.34 54.37 7.6 10.45 -7.12 0 -0 24.55 41.5 -2.27 0 0 0 33.8 51.62 41.02 -44.22 50.38 -21.64 0 -0 -27.03 -15.21 21.72 -5.75 7.12 -0 -0 8.55 -7.76 7.4
11.12 16.84 7.64 -184.62 -26.85 -892.41 0 0 0 -14.98 21.94 -4.59 4.7 13.04 39.51 1.36 2.09 -22.91 0.69 -5.33 -14.84 0 0 0 36.23 -18.27 -47.68 -6.18 -14.61 45.72 -3.3 -9.83 -38.7 -5.28 -13.7 42.03 -3.38 0 3.99 -7.66 -1.53 -5.51 -6.06 -1.13 -8.24 13.81 5.32 7.55 -27.4 5.86 -6.31 -11.34 3.27 -1.75 -0 0 0 6.05 -12.49 -15.73 40.65 -48.45 -18.92 -0 0 -13.7 53.89 7.05 9.55 -7.12 0 -0 23.86 40.58 -2.79 -0 0 0 34.51 49.83 41.25 -44.09 50.31 -21.53 0 -0 -27.43 -14.01 21.94 -5.33 7.12 -0 -0 9.32 -7.68 8.1
11.16 16.93 7.97 -183.95 -31.91 -892.76 0 0 0 -16.28 22.97 -5.65 4.21 12.43 37.29 1.65 3.65 -25.81 0.27 -3.34 -9.22 0 0 0 36.21 -18.46 -48.37 -5.86 -14.29 44.4 -3.06 -11.65 -38.6 -5.57 -14 43.24 -2.62 -0.52 4.13 -6.82 -1.91 -5.08 -5.53 -1.25 -7.86 13.16 5.78 7.7 -27.01 6.32 -7.39 -11.11 3.57 -2.01 0 0 0 5.47 -11.62 -15.96 40.71 -48.48 -18.97 -0 0 -14.16 53.45 5.97 7.99 -7.12 0 -0 23.02 38.87 -3.71 0 0 0 33.58 50.46 40.94 -43.98 50.26 -21.45 0 -0 -27.61 -14.77 22.33 -5.72 7.12 -0 -0 8.86 -7.19 7.77
11.2 17 8.38 -183.38 -37.54 -892.96 0 0 0 -17.75 20.59 -6.19 3.39 11.3 33.31 2.65 6.6 -33.62 0.05 -1.39 -3.82 0 0 0 36.12 -18.94 -49.41 -5.35 -13.77 42.32 -2.68 -14.23 -38.49 -5.52 -13.94 43.01 -1.71 -1.23 4.58 -5.89 -2.59 -4.83 -4.96 -1.54 -7.88 12.53 6.11 7.83 -26.79 6.67 -7.89 -10.93 3.79 -2.13 -0 0 0 4.73 -10.97 -15.79 40.69 -48.48 -18.96 -0 0 -13.94 53.46 6.41 8.57 -7.12 0 -0 23.2 39.54 -3.33 -0 0 0 32.59 50.77 41.02 -44.03 50.28 -21.49 0 -0 -27.72 -14.14 21.85 -5.36 7.12 -0 -0 9.23 -7.75 8.01
11.23 17.07 8.79 -182.26 -43.01 -893.72 0 0 0 -17.98 18.15 -6.29 2.88 10.49 30.58 3.46 6.04 -37.62 0 0.21 0.58 0 0 0 36.14 -19.47 -49.93 -4.79 -13.14 39.91 -2.3 -16.86 -38.61 -5.92 -14.35 44.67 -0.38 -1.23 5.41 -5.17 -2.34 -4.64 -4.96 -1.42 -8.16 13.22 5.81 7.78 -26.76 6.45 -7.76 -11.04 3.69 -2.11 -0 -0 0 4.5 -12.46 -15.49 40.52 -48.38 -18.83 -0 0 -13.92 54.11 7.01 9.57 -7.12 0 -0 24.04 40.55 -2.83 -0 -0 0 31.34 49.04 39.53 -44.06 50.3 -21.51 0 -0 -27.81 -13.81 21.78 -5.21 7.12 -0 -0 9.44 -7.86 8.17
11.28 17.12 9.21 -182.3 -47.32 -893.71 0 0 0 -18.38 15.78 -6.36 2.6 10.02 29.03 3.11 7.21 -36.37 0.09 -1.95 -5.36 0 0 0 34.97 -19.57 -50.04 -4.31 -12.56 37.73 -2.32 -17.32 -39.08 -6.64 -15.02 47.51 -0.06 -1.14 5.62 -4.55 -2.05 -4.26 -4.51 -1.23 -7.82 13.04 5.99 8.3 -26.32 6.67 -8.67 -10.91 3.89 -2.44 0 -0 0 4.18 -12.72 -15.11 40.52 -48.37 -18.82 -0 0 -13.37 53.81 6.95 9.39 -7.12 0 -0 23.74 40.41 -2.87 0 -0 0 30.37 48.72 38.36 -43.55 50.04 -21.12 0 -0 -27.6 -14.19 21.71 -5.34 7.12 -0 -0 9.19 -7.89 7.95
11.32 17.19 9.62 -183.14 -50.84 -893.2 0 0 0 -18.61 15.56 -7.6 2.58 9.98 28.91 2.79 3.32 -32.88 0.11 -2.11 -5.8 0 0 0 32.38 -19.09 -49.29 -3.77 -11.85 35.2 -1.81 -14.84 -34.4 -6.76 -15.13 47.96 0.04 -0.86 6.17 -4.26 -1.64 -4.31 -4.32 -1.02 -8.14 13.81 6.13 8.79 -26.24 7.16 -8.42 -11.03 4.16 -2.32 0 0 0 4.35 -12.3 -13.09 40.51 -48.37 -18.82 -0 0 -13.6 54.39 6.51 8.99 -7.12 0 -0 24.08 39.82 -3.3 0 0 0 31.33 48.22 38.78 -42.91 49.7 -20.63 0 -0 -27.03 -14.34 21.6 -5.37 7.12 -0 -0 9.1 -7.98 7.85
11.35 17.29 10.03 -184.78 -54.04 -891.72 0 0 0 -20.11 15.17 -8.99 2.5 9.84 28.45 2.48 2.08 -30.59 0.34 -3.72 -10.29 0 0 0 28.49 -17.03 -47.73 -3.19 -11 32.28 -1.25 -11.45 -28.03 -5.31 -13.73 42.17 0.22 -0.52 6.42 -4.24 -1.15 -4.44 -4.46 -0.79 -8.4 14.06 6.43 9.54 -25.67 7.8 -8.52 -10.9 4.53 -2.36 0 0 0 4.32 -12.34 -12.35 40.14 -48.15 -18.54 -0 0 -13.14 53.54 5.53 7.43 -7.12 0 -0 22.91 38.2 -4.1 0 0 0 32.29 47.88 39.48 -42.4 49.43 -20.24 0 -0 -27.21 -14.73 21.8 -5.58 7.12 -0 -0 8.86 -7.73 7.68
11.39 17.37 10.42 -183.78 -58.33 -893.08 0 0 0 -19.95 12.7 -8.72 2.43 9.7 28.02 2.29 1.28 -29.14 0.29 -3.48 -9.63 0 0 0 24.71 -13.2 -43.14 -2.47 -9.79 28.3 -1.12 -8.03 -24.37 -4.86 -13.22 40.2 2.4 -0.64 6.57 -3.91 -0.99 -3.64 -5.37 -0.77 -7.65 14.5 6.68 9.49 -25.51 8.19 -9.18 -10.94 4.75 -2.44 0 -0 0 4.91 -12.31 -13.39 39.65 -47.86 -18.18 -0 0 -12.58 53.82 4.64 6.31 -7.12 0 -0 22.8 36.85 -4.88 0 -0 0 32.73 48.2 38.68 -41.94 49.18 -19.89 0 -0 -27.1 -14.03 21.88 -5.32 7.12 -0 -0 9.3 -7.74 8.07
11.42 17.46 10.8 -184.72 -62.91 -892.55 0 0 0 -20.89 9.76 -8.22 2.28 9.43 27.14 2.14 0.16 -27.78 0.21 -2.98 -8.22 0 0 0 18.79 -6.41 -38.18 -2.09 -9.05 25.96 -0.83 -9.86 -23.46 -4 -12.17 36.32 2.49 -0.78 6.91 -2.92 -1.05 -3.26 -4.35 -0.74 -7.42 13.66 7.14 9.49 -25.21 8.63 -10.01 -10.71 5 -2.64 -0 0 0 3.87 -12.28 -13.96 39.91 -48.02 -18.37 -0 0 -12.1 53.62 5.43 7.32 -7.12 0 -0 22.94 38.06 -4.19 -0 0 0 30.83 48.09 38.39 -42.64 49.56 -20.43 0 -0 -27.4 -13.58 21.51 -5.06 7.12 -0 -0 9.57 -8.16 8.24
11.45 17.5 11.12 -184.94 -67.08 -892.77 0 0 0 -21.28 7.52 -7.67 2.2 9.26 26.63 2.08 -1.67 -26.83 0.18 -2.72 -7.49 0 0 0 14 1.58 -33.02 -1.8 -8.43 24.03 -0.55 -11.18 -22.19 -4.18 -12.39 37.14 2.69 -0.73 7.9 -1.95 -0.85 -3.39 -3.45 -0.63 -8.1 13.22 7.41 9.28 -24.54 9.07 -9.74 -10.36 5.21 -2.5 -0 -0 0 3.25 -12.47 -13.91 39.67 -47.87 -18.19 -0 0 -11.9 53.16 4.93 6.55 -7.12 0 -0 22.35 37.25 -4.54 -0 -0 0 30.17 47.31 39.12 -43.3 49.91 -20.93 0 -0 -27.82 -14.11 20.68 -5.07 7.12 -0 -0 9.21 -8.94 7.77
11.43 17.55 11.4 -186.17 -71.4 -891.99 0 0 0 -22.09 5.01 -6.79 2.08 9.03 25.88 1.87 -1.61 -25.43 0.35 -3.78 -10.45 0 0 0 10.2 8.38 -29.08 -1.61 -7.99 22.69 -0.22 -8.76 -15.95 -3.11 -10.86 31.82 3.42 -0.72 8.04 -1.8 -0.73 -3.27 -3.73 -0.6 -8.05 14 7.52 9.22 -24.03 9.46 -9.69 -10.3 5.37 -2.38 0 0 0 4.1 -11.84 -12.76 41.06 -48.69 -19.23 -0 0 -13.49 53.43 4.88 6.54 -7.12 0 -0 22.57 37.19 -4.63 0 0 0 30.9 46.58 39.29 -43.52 50.02 -21.1 0 -0 -27.37 -13.76 20.86 -4.98 7.12 -0 -0 9.44 -8.79 8
11.39 17.57 11.64 -187.88 -75.37 -890.44 0 0 0 -22.71 3.15 -6.3 2.01 8.89 25.46 1.77 -3.2 -24.32 0.32 -3.62 -10 0 0 0 8.53 12.17 -27.78 -1.64 -8.06 22.91 -0.09 -3.85 -8.5 -2.8 -10.37 30.19 3.16 -0.59 7.95 -1.02 -0.52 -3.33 -2.78 -0.45 -8.03 13.65 7.56 9.71 -23.36 9.49 -10.42 -10.07 5.42 -2.73 0 -0 0 3.93 -12.07 -13.21 40.5 -48.37 -18.82 -0 0 -13.58 53.66 3.98 5.39 -7.12 0 -0 22.4 35.82 -5.4 0 -0 0 30.44 46.3 39.2 -43.18 49.85 -20.84 0 -0 -26.13 -13.2 21.71 -4.96 7.12 -0 -0 9.82 -8.01 8.48
11.3 17.6 11.85 -190.13 -79.22 -888.84 0 0 0 -23.09 1.66 -5.02 1.96 8.79 25.13 1.66 -5.01 -23.24 0.11 -2.18 -6 0 0 0 8.84 13.34 -26.48 -1.71 -8.24 23.44 -0.04 0.35 -3.58 -3.48 -11.43 33.74 3.72 -0.81 7.53 -0.82 -0.76 -2.84 -2.85 -0.57 -7.28 13.96 7.67 9.55 -22.8 9.74 -10.71 -9.93 5.51 -2.75 0 -0 0 4.55 -10.62 -13.4 41.47 -48.92 -19.54 -0 0 -13.92 54.04 5.11 7 -7.12 0 -0 23.17 37.62 -4.51 0 -0 0 31.07 47.35 39.46 -42.79 49.64 -20.54 0 -0 -26.69 -12.96 21.18 -4.75 7.12 -0 -0 9.95 -8.56 8.49
11.2 17.6 12.03 -192.93 -83.13 -886.13 0 0 0 -23.24 -0.2 -4.01 1.89 8.63 24.65 1.6 -5.94 -22.71 0.23 -3.12 -8.61 0 0 0 10.16 14.26 -25.84 -1.83 -8.5 24.24 -0 2.34 -1.78 -2.22 -9.31 26.77 4.32 -0.57 7.31 -0.73 -0.38 -3.03 -3.15 -0.41 -7.34 15.58 7.38 9.04 -22.68 9.69 -9.98 -10.11 5.41 -2.38 0 0 0 5.06 -11.67 -14.31 40.65 -48.45 -18.92 -0 0 -13.06 53.99 6.63 9.03 -7.12 0 -0 23.77 39.95 -3.17 0 0 0 32.3 46.48 39.36 -42.58 49.53 -20.38 0 -0 -25.95 -12.36 21.83 -4.66 7.12 -0 -0 10.35 -7.98 8.97
11.06 17.62 12.2 -217.55 -86.79 -861.5 0 0 0 -24.22 -2.12 -2.53 1.71 8.23 23.42 1.46 -7.46 -21.62 0.35 -3.82 -10.58 0 0 0 10.97 14.24 -25.89 -2.03 -8.93 25.57 -0.02 3.61 -3.51 -1.96 -8.78 25.11 4.13 -0.77 7.08 -0.48 -0.66 -3.5 -2.74 -0.55 -7.73 14.63 7.46 9.45 -21.34 9.84 -9.97 -9.51 5.48 -2.56 -0 -0 0 4.9 -11.07 -14.06 40.27 -48.23 -18.64 -0 0 -12.97 53.64 5.75 7.74 -7.12 0 -0 23.09 38.55 -3.92 -0 -0 0 33.05 46.63 41.04 -42.84 49.66 -20.58 0 -0 -26.34 -13.34 21.36 -4.94 7.12 -0 -0 9.72 -8.34 8.33
10.89 17.63 12.33 -311.68 -87.44 -767.4 0 0 0 -24.31 -2.93 -1.18 1.54 7.82 22.18 1.21 -10.33 -19.86 0.14 -2.39 -6.57 0 0 0 12.28 15.21 -25.13 -2.15 -9.16 26.31 -0.05 4.15 -4.54 -1.39 -7.47 21.11 4.02 -0.82 6.36 -0.16 -0.75 -3.33 -2.33 -0.57 -7.12 14.9 7.43 8.95 -21.13 9.8 -10.21 -9.47 5.43 -2.55 -0 0 0 4.68 -11.39 -15.25 39.68 -47.88 -18.2 -0 0 -12.68 53.36 5.55 7.41 -7.12 0 -0 22.76 38.22 -4.06 -0 0 0 32.71 46.84 40.43 -42.94 49.72 -20.66 0 -0 -25.39 -11.61 21.05 -4.22 7.12 -0 -0 10.81 -8.83 9.19
10.69 17.64 12.45 -342.23 -83.44 -736.74 0 0 0 -24.46 -4.22 0.01 1.43 7.55 21.36 0.93 -13.12 -18.27 0.01 -0.48 -1.33 0 0 0 13.15 16.17 -24.35 -2.13 -9.14 26.24 0.13 9.26 -3.68 -1.02 -6.41 17.98 3.85 -1.01 5.55 0.01 -1.04 -3.34 -2.03 -0.69 -6.68 15.35 7.47 8.6 -21.19 9.88 -10.25 -9.54 5.44 -2.45 0 -0 0 4.96 -11.3 -15.78 38.97 -47.45 -17.68 -0 0 -12.5 53.44 5.44 7.29 -7.12 0 -0 22.79 38.05 -4.16 0 -0 0 32.77 47.31 40.6 -42.49 49.48 -20.31 0 -0 -25.83 -12.29 21.59 -4.58 7.12 -0 -0 10.39 -8.23 8.95
10.46 17.66 12.56 -350.62 -78.68 -728.54 0 0 0 -24.24 -5.45 1.63 1.32 7.27 20.52 0.57 -16.1 -16.48 0.02 0.98 2.69 0 0 0 13.51 19.11 -22.63 -2.1 -9.07 26.01 0.81 16.86 -0.39 -0.55 -4.76 13.23 3.92 -1.3 5.25 0.25 -1.42 -3.45 -1.78 -0.88 -6.65 15.29 7.32 8.52 -20.65 9.7 -10.34 -9.35 5.33 -2.54 0 -0 0 4.81 -10.74 -15.32 39.38 -47.7 -17.98 -0 0 -12.82 53.48 4.79 6.44 -7.12 0 -0 22.57 37.06 -4.71 0 -0 0 32.36 47.11 40.91 -43.24 49.88 -20.89 0 -0 -26.03 -12.03 21.72 -4.51 7.12 -0 -0 10.56 -8.12 9.12
10.23 17.64 12.66 -353.55 -73.89 -725.7 0 0 0 -24.32 -7.67 3.17 1.31 7.25 20.44 0.38 -18 -15.89 0.03 1.05 2.88 0 0 0 13.11 22.74 -21.13 -2.38 -9.62 27.76 1.52 21.27 6.41 -3.84 -11.95 35.54 4.12 -1.45 4.8 0.19 -1.64 -3.24 -1.94 -0.99 -6.19 16.26 7.21 7.11 -20.92 9.55 -9.77 -9.51 5.17 -2.09 0 -0 0 5.03 -11.12 -16.23 38.26 -47 -17.15 -0 0 -11.81 53.82 7.26 9.81 -7.12 0 -0 23.89 40.89 -2.59 0 -0 0 32.06 47.31 40.23 -43 49.75 -20.7 0 -0 -25.45 -11.7 21.32 -4.3 7.12 -0 -0 10.75 -8.56 9.2
9.99 17.59 12.74 -355.1 -68.38 -724.21 0 0 0 -24.3 -10.35 3.87 1.49 7.71 21.85 0.02 -20.34 -14.48 0.21 2.98 8.24 0 0 0 12.37 24.29 -19.48 -2.86 -10.47 30.52 0.56 15.94 -3.82 -2.69 -10.18 29.55 3.93 -1.71 4.82 0.47 -1.99 -3.34 -1.51 -1.15 -6.31 15.72 7 6.84 -20.41 9.16 -10.12 -9.25 4.96 -2.28 -0 -0 0 4.33 -10.88 -15.45 38.55 -47.19 -17.37 -0 0 -12.64 53.8 7.59 10.23 -7.12 0 -0 24.01 41.38 -2.29 -0 -0 0 31.26 46.92 39.58 -42.98 49.74 -20.69 0 -0 -24.97 -11.69 21.41 -4.32 7.12 -0 -0 10.76 -8.47 9.23
9.76 17.58 12.85 -358.01 -62.45 -721.24 0 0 0 -23.17 -13 3.62 1.81 8.46 24.11 0.08 -21.18 -15.56 0.01 0.46 1.25 0 0 0 12.79 19.57 -19.86 -3.04 -10.76 31.49 0.33 14.72 -6.01 -1.53 -7.81 22.13 5.42 -2.29 4.39 0.63 -2.66 -3.51 -2.11 -1.55 -6.36 16.3 6.83 7.26 -20.69 8.98 -10.65 -9.5 4.89 -2.49 0 0 0 3.9 -10.86 -15.52 37.36 -46.43 -16.5 -0 0 -12 53.47 7.25 9.67 -7.12 0 -0 23.56 40.81 -2.6 0 0 0 31.65 47.32 39.53 -42.14 49.29 -20.04 0 -0 -24.66 -11.25 21.25 -4.12 7.12 -0 -0 11.04 -8.67 9.43
9.54 17.56 12.94 -360.31 -57.3 -718.92 0 0 0 -21.85 -14.65 1.94 2.42 9.69 27.97 0.57 -20.34 -18.57 0.24 -3.14 -8.67 0 0 0 13.92 14.8 -20.33 -3.24 -11.08 32.54 0.06 14.18 -9.26 -0.52 -4.63 12.85 6.67 -2.18 4.18 1.18 -2.41 -3.74 -2.25 -1.47 -6.49 15.08 6.59 7.41 -19.52 8.61 -10.85 -8.93 4.7 -2.77 0 0 0 2.94 -11.26 -14.42 36.99 -46.18 -16.23 -0 0 -12.81 53.98 5.3 7.25 -7.12 0 -0 23.21 37.91 -4.34 0 0 0 30.3 46.62 38.56 -42.05 49.24 -19.98 0 -0 -24.98 -11.73 21.72 -4.39 7.12 -0 -0 10.75 -8.16 9.28
9.38 17.52 13.01 -361.37 -53.34 -717.76 0 0 0 -20.8 -12.16 -2.27 3.38 11.29 33.27 1.15 -16.92 -21.08 0.94 -6.17 -17.28 0 0 0 14.71 11.59 -20.72 -3.45 -11.39 33.6 -0.14 13.25 -10.95 -0.39 -4.01 11.1 7.48 -1.75 4.61 1.43 -1.72 -3.96 -2.5 -1.18 -6.94 15.76 6.31 7.8 -19.54 8.32 -11.34 -9.1 4.56 -3 0 -0 0 1.57 -10.94 -13.05 37.62 -46.59 -16.69 -0 0 -13.09 53.42 7.82 10.39 -7.12 0 -0 23.75 41.66 -2.09 0 -0 0 30.22 46.58 37.79 -41.06 48.69 -19.23 0 -0 -24.67 -11.02 21.7 -4.12 7.12 -0 -0 11.19 -8.25 9.66
9.22 17.49 13.05 -361.44 -49.22 -717.51 0 0 0 -20.12 -7.05 -7.35 4.4 12.68 38.18 1.64 -12.02 -23.23 1.8 -8.43 -24.03 0 0 0 14.87 9.55 -21.34 -3.82 -11.92 35.44 -0.3 12.55 -12.32 -1.26 -7.11 20.05 7.33 -1.57 5.2 1.57 -1.42 -4.05 -2.28 -1.04 -7.35 16.64 6.26 7.67 -19.4 8.37 -11.32 -9.19 4.54 -2.93 0 0 0 0.63 -9.82 -12.26 38.24 -46.99 -17.14 -0 0 -12.42 50.39 10.37 12.27 -7.12 0 -0 21.81 44.81 -0.11 0 0 0 31.29 47.16 37.14 -39.8 47.95 -18.29 0 -0 -23.96 -11.53 21.48 -4.27 7.12 -0 -0 10.86 -8.42 9.33
9.08 17.49 13.11 -362.05 -43.99 -717.16 0 0 0 -19.28 -3.22 -11.6 5.27 13.68 41.99 2.02 -6.06 -25.67 2.85 -10.44 -30.42 0 0 0 15.49 7.33 -20.65 -3.97 -12.12 36.15 -0.58 10.42 -14.41 -1.36 -7.38 20.86 7.9 -1.44 5.25 1.62 -1.2 -3.71 -2.59 -0.94 -7 17.38 5.97 6.98 -18.87 8.03 -11.28 -9.11 4.29 -2.86 -0 0 0 0.25 -9.6 -11.82 38.6 -47.22 -17.41 -0 0 -12.61 50.32 9.45 11.2 -7.12 0 -0 21.42 43.5 -0.84 -0 0 0 32.19 47.39 35.69 -39.05 47.5 -17.74 0 -0 -24.89 -12.27 20.55 -4.36 7.12 -0 -0 10.38 -9.27 8.72
8.95 17.48 13.18 -362.21 -38.27 -717.03 0 0 0 -18.62 -0.21 -15.69 5.87 14.3 44.45 2.12 -3.5 -26.69 2.28 -9.42 -27.12 0 0 0 15.9 4.69 -20.08 -4.03 -12.2 36.45 -0.87 6.74 -16.66 -0.33 -3.72 10.28 8.02 -1.59 5.35 1.83 -1.36 -3.81 -2.4 -1.02 -7.19 17.22 5.69 6.77 -17.93 7.74 -10.77 -8.74 4.11 -2.8 0 -0 0 -0.87 -8.88 -11.12 38.93 -47.43 -17.65 -0 0 -12.34 51.29 9.12 11.18 -7.12 0 -0 22.24 43.19 -1.05 0 -0 0 33.07 47.76 35.91 -38.7 47.28 -17.48 0 -0 -25.4 -12.39 19.91 -4.28 7.12 -0 -0 10.29 -9.89 8.51
8.84 17.52 13.26 -361.95 -33 -717.11 0 0 0 -18.38 2.64 -19.36 6.03 14.46 45.1 2.1 -3.2 -26.6 1.65 -8.1 -23.03 0 0 0 15.82 2.72 -19.36 -4.09 -12.27 36.71 -1.02 5.76 -18.01 -1.32 -7.27 20.51 7.83 -1.85 5.13 2.02 -1.73 -3.78 -2.06 -1.18 -7.05 16.44 5.84 7.17 -16.54 8.03 -11.01 -8.18 4.22 -2.99 -0 -0 0 -1.29 -7.18 -10.46 38.61 -47.23 -17.41 -0 0 -12.31 52 6.48 8.22 -7.12 0 -0 21.92 39.44 -3.18 -0 -0 0 33.83 48.75 36.67 -39.16 47.57 -17.82 0 -0 -25.89 -12.86 20.04 -4.47 7.12 -0 -0 9.98 -9.72 8.29
8.78 17.58 13.39 -362.62 -28.58 -716.7 0 0 0 -17.5 5.8 -22.6 5.83 14.26 44.31 2.04 -2.57 -26.31 0.69 -5.31 -14.81 0 0 0 16.4 0.96 -18.39 -3.96 -12.11 36.13 -1.05 4 -18.47 -1.26 -7.13 20.09 8.43 -1.14 5.23 2.2 -0.7 -3.83 -2.33 -0.7 -7.07 16.93 5.46 7.11 -15.96 7.63 -10.8 -8.06 3.98 -3 -0 -0 0 -1.3 -7.62 -10.29 38.46 -47.13 -17.3 -0 0 -10.86 51.3 8.13 10.01 -7.12 0 -0 21.89 41.77 -1.84 -0 -0 0 33.11 48.11 35.95 -39.72 47.9 -18.23 0 -0 -26.4 -13.29 20.16 -4.65 7.12 -0 -0 9.72 -9.54 8.09
8.77 17.67 13.54 -362.77 -24.13 -716.72 0 0 0 -17.39 7.7 -24.85 5.36 13.77 42.34 1.94 1.26 -26.82 0.63 -5.06 -14.09 0 0 0 16.44 -1.23 -16.83 -3.67 -11.71 34.72 -0.98 2.21 -18.1 -1.25 -7.08 19.96 8.92 -0.81 4.72 2.1 -0.32 -3.4 -2.76 -0.5 -6.29 17.46 5.62 7.2 -15.15 7.97 -11.34 -7.91 4.08 -3.14 -0 -0 0 -0.23 -6 -9.33 38.32 -47.04 -17.2 -0 0 -11.33 52.09 7.45 9.46 -7.12 0 -0 22.37 40.9 -2.4 -0 -0 0 32.28 48.76 35.44 -40.12 48.14 -18.53 0 -0 -25.94 -12.8 19.97 -4.44 7.12 -0 -0 10.02 -9.79 8.31
8.79 17.78 13.72 -362.8 -19.72 -716.88 0 0 0 -17.55 9.13 -26.14 4.62 12.95 39.16 1.72 4.65 -26.8 0.2 -2.89 -7.97 0 0 0 16.37 -3.29 -14.82 -3.32 -11.19 32.92 -0.84 -0.08 -17.31 -1.16 -6.85 19.28 8.85 -0.52 4.34 2.31 0.03 -3.18 -2.54 -0.3 -5.79 17.79 5.73 7.32 -14.51 8.24 -11.46 -7.76 4.17 -3.18 0 -0 0 0.35 -4.93 -9.64 38.59 -47.21 -17.4 -0 0 -11.43 50.66 7.98 9.61 -7.12 0 -0 21.24 41.45 -1.96 0 -0 0 30.74 48.91 35.63 -41.07 48.69 -19.24 0 -0 -26.19 -12.75 20.48 -4.52 7.12 -0 -0 10.07 -9.29 8.45
8.87 17.91 13.92 -363.62 -15.27 -716.7 0 0 0 -17.39 10.3 -27.22 3.81 11.9 35.39 1.48 8.24 -27.29 0.02 0.81 2.24 0 0 0 16.95 -4.75 -12.65 -2.92 -10.57 30.84 -0.6 -2.93 -16.03 -1.2 -6.94 19.55 9.62 -0.13 3.89 2.7 0.56 -3.31 -2.6 -0.05 -5.62 18.26 5.75 7.28 -13.55 8.44 -10.82 -7.5 4.21 -2.99 -0 -0 0 1.03 -4.86 -10.23 38.03 -46.86 -16.99 -0 0 -9.84 52.1 6.78 8.63 -7.12 0 -0 22.12 39.91 -2.94 -0 -0 0 29.99 48.67 35.78 -41.3 48.82 -19.41 0 -0 -25.25 -13.01 21.07 -4.75 7.12 -0 -0 9.92 -8.67 8.44
8.99 18.01 14.17 -363.7 -10.91 -716.88 0 0 0 -18.65 11.78 -27.76 2.98 10.66 31.15 0.99 13.19 -27.77 0.4 4.06 11.23 0 0 0 16.49 -6.63 -11.02 -2.72 -10.23 29.74 -0.45 -4.5 -15.16 -2.05 -8.98 25.73 9.24 0.04 3.45 3.51 0.8 -3.76 -1.56 0.08 -5.83 17.82 5.58 8.73 -13.31 8.44 -10.86 -7.42 4.25 -3.27 -0 -0 0 1.13 -3.67 -9.38 37.57 -46.56 -16.65 -0 0 -9.66 54.34 8.68 11.87 -7.12 0 -0 25.02 43.13 -1.24 -0 -0 0 28.95 48.41 37.49 -42.17 49.3 -20.07 0 -0 -25.89 -12.21 22.13 -4.66 7.12 -0 -0 10.45 -7.69 9.12
9.18 18.09 14.43 -364.99 -6.43 -716.77 0 0 0 -19.25 13.29 -28.79 2.59 10.01 28.99 1.19 14.33 -30.19 2.09 9.04 25.93 0 0 0 17.02 -9.33 -9.78 -2.53 -9.89 28.63 -0.16 -6.41 -12.52 -1.7 -8.22 23.39 10.74 0.12 2.48 4.04 0.87 -3.65 -1.83 0.1 -5.16 18.27 5.55 8.48 -13.14 8.44 -10.7 -7.42 4.22 -3.18 0 -0 0 2.84 -2.39 -9.48 37.07 -46.23 -16.29 -0 0 -10.27 55.67 8.7 12.49 -7.12 0 -0 26.35 43.45 -1.09 0 -0 0 27.9 48.36 37.7 -43.59 50.06 -21.15 0 -0 -26.13 -12.45 21.92 -4.71 7.12 -0 -0 10.3 -7.88 8.94
9.42 18.13 14.67 -366.11 -1.49 -717.09 0 0 0 -20.16 13.44 -29.02 2.56 9.94 28.8 0.89 13.69 -27.52 1.73 8.27 23.53 0 0 0 17.03 -11.08 -8.27 -2.5 -9.83 28.44 0.06 -7.89 -9.99 -2.5 -9.84 28.47 11.62 0.23 1.66 5.05 0.95 -3.38 -1.25 0.17 -4.41 17.81 5.54 7.59 -12.92 8.23 -10.67 -7.23 4.11 -3.08 0 0 0 3.43 -1.79 -9.73 37.06 -46.23 -16.28 -0 0 -10.85 42.99 2.24 2.09 -7.12 0 -0 13.25 32.83 -4.04 0 0 0 25.56 48.16 36.77 -44.45 50.5 -21.81 0 -0 -26.38 -11.62 21.16 -4.24 7.12 -0 -0 10.8 -8.72 9.21
9.68 18.12 14.9 -366.99 3.59 -717.98 0 0 0 -20.43 11.92 -27.2 2.48 9.8 28.32 0.81 12.94 -26.18 1.44 7.59 21.48 0 0 0 16.52 -12.28 -7.01 -2.75 -10.27 29.86 0.21 -9.11 -7.69 -2.32 -9.5 27.36 12.13 0.14 1.76 5.98 0.96 -3.71 -0.55 0.15 -4.84 17.96 5.28 8.36 -13.25 8 -10.84 -7.41 4.02 -3.27 0 -0 0 3.94 -1.32 -9.24 36.94 -46.15 -16.2 -0 0 -11.27 53.35 6.39 8.51 -7.12 0 -0 23.1 39.5 -3.34 0 -0 0 24.94 47.13 37.19 -44.79 50.67 -22.08 0 -0 -26.6 -11.53 22.29 -4.42 7.12 -0 -0 10.89 -7.61 9.53
9.97 18.06 15.13 -367.22 8.18 -719.02 0 0 0 -21.06 11.27 -24.71 2.33 9.52 27.43 0.63 11.61 -23.31 0.46 4.33 12 0 0 0 14.75 -13.3 -6.59 -3.36 -11.25 33.13 0.23 -8.57 -4.44 -2.58 -9.98 28.9 11.87 0 2 6.71 0.88 -3.85 0.37 0.13 -5.16 18.06 5.34 7.99 -13.47 8.03 -10.3 -7.45 4.05 -3.03 -0 0 0 4.49 -0.57 -8.63 36.88 -46.11 -16.15 -0 0 -11.21 55.03 9.02 12.63 -7.12 0 -0 25.87 43.79 -0.83 -0 0 0 24.21 46.93 37.6 -45.18 50.85 -22.38 0 -0 -26.42 -11.56 19.82 -3.96 7.12 -0 -0 10.82 -10.07 8.93
10.25 17.97 15.35 -366.58 12.22 -719.73 0 0 0 -22.76 12.51 -23.75 2.38 9.62 27.74 0.78 7.99 -21.42 0.13 2.29 6.3 0 0 0 11.71 -13.23 -6.2 -4.09 -12.28 36.74 0.1 -5.64 -1.35 -3.22 -11.04 32.42 11 0.24 1.54 6.91 1.07 -3.63 1.04 0.3 -4.65 18.13 5.11 7.57 -13.52 7.66 -10.08 -7.45 3.86 -2.95 -0 0 0 5.19 -0.95 -9.6 36.38 -45.78 -15.8 -0 0 -10.22 52.94 6.94 9.09 -7.12 0 -0 22.94 40.26 -2.86 -0 0 0 24.38 46.58 37.28 -44.83 50.68 -22.11 0 -0 -26.42 -10.55 21.97 -3.99 7.12 -0 -0 11.49 -8.03 9.98
10.52 17.86 15.54 -365.86 16.18 -720.5 0 0 0 -24.25 12.88 -22.93 2.62 10.06 29.16 0.91 4.99 -20.51 0.02 0.8 2.2 0 0 0 8.98 -12.9 -5.15 -4.55 -12.86 38.83 0.02 -3.07 -2.59 -2.8 -10.36 30.15 10.53 0.43 1.84 6.79 1.37 -3.68 1.14 0.45 -4.85 18.31 4.81 7.75 -13.43 7.32 -10.01 -7.46 3.69 -3.01 0 -0 0 5.75 -1.17 -9.78 36.81 -46.06 -16.11 -0 0 -10.28 52.95 4.7 6.2 -7.12 0 -0 22.08 36.87 -4.7 0 -0 0 26.14 46.16 37.55 -44.06 50.3 -21.51 0 -0 -25.67 -10.26 22.83 -4.02 7.12 -0 -0 11.69 -7.21 10.35
10.79 17.74 15.7 -365.7 19.82 -721.76 0 0 0 -24.82 13.19 -21.99 3 10.69 31.24 1.16 0.94 -20.73 0.07 1.72 4.72 0 0 0 7.26 -13.04 -3.65 -4.23 -12.46 37.39 0 -5.7 -8.05 -3.19 -10.99 32.26 11.2 0.44 2.59 6.91 1.52 -3.37 0.9 0.52 -4.95 17.77 4.91 7.7 -13.65 7.38 -9.74 -7.43 3.76 -2.92 0 0 0 5.26 -1.32 -10.77 36.92 -46.14 -16.18 -0 0 -9.86 52.8 4.5 5.9 -7.12 0 -0 21.88 36.55 -4.84 0 0 0 26.94 46.39 38.43 -44.5 50.52 -21.86 0 -0 -26.3 -10.21 22.51 -3.94 7.12 -0 -0 11.71 -7.53 10.3
11.02 17.64 15.83 -365.92 23.35 -722.67 0 0 0 -24.77 12.63 -21.55 3.48 11.44 33.78 1.26 -3.25 -20.43 0.22 3.02 8.33 0 0 0 6.78 -11.94 -2.72 -3.42 -11.35 33.47 0.04 -10.3 -13.94 -3.69 -11.73 34.79 12.26 0.86 3.16 7.01 2.25 -3.35 0.37 0.84 -5.19 17.12 4.5 7.24 -13.5 6.73 -8.97 -7.23 3.45 -2.76 -0 -0 0 4.56 -2.53 -10.84 37.4 -46.45 -16.53 -0 0 -10.06 54.16 3.87 5.34 -7.12 0 -0 22.78 35.69 -5.58 -0 -0 0 27.94 45.83 38.5 -43.59 50.06 -21.15 0 -0 -26.14 -10.06 22.75 -3.92 7.12 -0 -0 11.81 -7.31 10.45
11.26 17.52 15.94 -365.19 26.47 -722.87 0 0 0 -25.99 12.21 -21.18 3.89 12.01 35.77 1.33 -5.53 -20.71 0.27 3.33 9.2 0 0 0 5.54 -9.27 -2.27 -2.65 -10.11 29.32 -0.03 -13.56 -19.58 -5.13 -13.53 41.39 12.62 1.1 3.27 6.91 2.61 -3.24 0.04 1.01 -5.09 17.63 4.57 6.97 -14.2 6.83 -8.03 -7.5 3.53 -2.37 -0 -0 0 3.99 -2.23 -10.37 38.46 -47.13 -17.3 -0 0 -11.06 54.26 5.62 7.75 -7.12 0 -0 23.58 38.43 -4.09 -0 -0 0 28.94 46.33 39.47 -43.04 49.77 -20.73 0 -0 -25.74 -10.47 22.29 -4.01 7.12 -0 -0 11.55 -7.72 10.11
11.47 17.41 16.03 -365.02 29 -723.54 0 0 0 -26.59 12.29 -20.33 4.14 12.35 36.98 1.29 -8.7 -20.35 1.05 6.53 18.33 0 0 0 4.78 -5.96 -2.88 -2.21 -9.28 26.69 -0.56 -13.75 -24.95 -6.34 -14.75 46.33 13.43 1.41 3.82 7.05 3.12 -2.81 -0.29 1.26 -4.87 17.84 4.7 6.51 -14.7 6.97 -7.42 -7.66 3.61 -2.06 0 -0 0 3.64 -2.43 -10.56 38.16 -46.94 -17.08 -0 0 -10.17 53.55 5.76 7.73 -7.12 0 -0 23.01 38.55 -3.9 0 -0 0 29.17 47.15 39.78 -42.48 49.47 -20.31 0 -0 -25.63 -10.22 22.75 -3.99 7.12 -0 -0 11.71 -7.29 10.35
11.66 17.28 16.1 -363.69 31.94 -723.5 0 0 0 -28.31 11.8 -18.92 4.2 12.42 37.25 1.21 -10.27 -19.85 1.38 7.44 21.02 0 0 0 2.95 -4.14 -5.27 -2.02 -8.9 25.49 -0.65 -14.4 -26.37 -6.79 -15.15 48.09 13.36 1.61 4.32 6.79 3.44 -2.54 -0.57 1.43 -4.82 17.1 4.67 6.41 -13.79 6.91 -7.12 -7.23 3.57 -2.03 0 0 0 3.73 -2.92 -10.43 38.19 -46.96 -17.11 -0 0 -10.08 53.86 6.6 8.95 -7.12 0 -0 23.64 39.89 -3.19 0 0 0 29.8 47.47 40.4 -42.59 49.53 -20.39 0 -0 -25.68 -10.67 22.57 -4.14 7.12 -0 -0 11.43 -7.43 10.06
11.82 17.2 16.16 -363.19 35.02 -723.92 0 0 0 -29.16 11.32 -17.23 4.19 12.4 37.18 1.2 -11.37 -19.97 1.33 7.31 20.63 0 0 0 2.31 -1.6 -7.66 -1.88 -8.61 24.59 -0.48 -15.85 -26.66 -6.72 -15.09 47.79 13.58 1.58 4.92 6.91 3.5 -2.17 -0.58 1.47 -4.77 15.85 4.5 6.06 -12.4 6.59 -7.15 -6.57 3.37 -2.14 -0 -0 0 3.58 -3.55 -11.15 37.79 -46.71 -16.81 -0 0 -9.92 53.66 5.89 7.94 -7.12 0 -0 23.16 38.76 -3.8 -0 -0 0 30.67 48.22 40.72 -42.63 49.55 -20.42 0 -0 -25.56 -10.65 22.65 -4.14 7.12 -0 -0 11.44 -7.34 10.1
11.95 17.14 16.21 -361.97 38.99 -723.29 0 0 0 -30.6 10.24 -15.56 4.03 12.19 36.42 1.08 -12.56 -19.26 1.34 7.34 20.73 0 0 0 1.18 1.82 -10.17 -1.81 -8.46 24.14 -0.85 -15.13 -28.65 -7.45 -15.7 50.57 13.08 1.44 4.88 6.82 3.27 -2.13 -0.4 1.38 -4.74 16.62 4.51 6.52 -13.24 6.73 -6.59 -6.97 3.48 -1.96 -0 -0 0 3.66 -4.13 -11.5 38.27 -47.01 -17.17 -0 0 -10.75 53.34 5.15 6.88 -7.12 0 -0 22.59 37.6 -4.39 -0 -0 0 31.2 48.3 41.2 -43.38 49.95 -20.99 0 -0 -26.03 -11.05 22.1 -4.2 7.12 -0 -0 11.18 -7.85 9.74
12.07 17.09 16.28 -360.49 43.16 -722.77 0 0 0 -31.97 9.41 -13.26 3.77 11.85 35.2 0.78 -15.18 -17.77 2.61 10.03 29.07 0 0 0 0.1 4.61 -12.26 -1.76 -8.35 23.77 -1.31 -13.57 -30.3 -7.93 -16.07 52.31 12 1.14 4.64 6.92 2.71 -1.63 0.34 1.18 -4.16 16.23 4.6 6.11 -13.06 6.8 -5.89 -6.81 3.52 -1.7 0 -0 0 3.88 -4.86 -12.26 37.96 -46.81 -16.93 -0 0 -10.69 53.47 5.36 7.18 -7.12 0 -0 22.78 37.93 -4.23 0 -0 0 31.67 48.94 40.9 -43.65 50.09 -21.2 0 -0 -25.86 -10.85 22.27 -4.15 7.12 -0 -0 11.31 -7.71 9.89
