HIERARCHY
ROOT Hips
{
	OFFSET 0.00000 0.00000 0.00000
	CHANNELS 6 Xposition Yposition Zposition Zrotation Yrotation Xrotation 
	JOINT LHipJoint
	{
		OFFSET 0 0 0
		CHANNELS 3 Zrotation Yrotation Xrotation
		JOINT LeftUpLeg
		{
			OFFSET 1.60223 -1.58443 0.78595
			CHANNELS 3 Zrotation Yrotation Xrotation
			JOINT LeftLeg
			{
				OFFSET 2.21690 -6.09089 0.00000
				CHANNELS 3 Zrotation Yrotation Xrotation
				JOINT LeftFoot
				{
					OFFSET 2.34805 -6.45122 0.00000
					CHANNELS 3 Zrotation Yrotation Xrotation
					JOINT LeftToeBase
					{
						OFFSET 0.35452 -0.97402 1.38549
						CHANNELS 3 Zrotation Yrotation Xrotation
						End Site
						{
							OFFSET 0.00000 -0.00000 0.82816
						}
					}
				}
			}
		}
	}
	JOINT RHipJoint
	{
		OFFSET 0 0 0
		CHANNELS 3 Zrotation Yrotation Xrotation
		JOINT RightUpLeg
		{
			OFFSET -1.56524 -1.58443 0.78595
			CHANNELS 3 Zrotation Yrotation Xrotation
			JOINT RightLeg
			{
				OFFSET -2.15558 -5.92241 0.00000
				CHANNELS 3 Zrotation Yrotation Xrotation
				JOINT RightFoot
				{
					OFFSET -2.35077 -6.45870 0.00000
					CHANNELS 3 Zrotation Yrotation Xrotation
					JOINT RightToeBase
					{
						OFFSET -0.26910 -0.73935 1.33295
						CHANNELS 3 Zrotation Yrotation Xrotation
						End Site
						{
							OFFSET -0.00000 -0.00000 0.75962
						}
					}
				}
			}
		}
	}
	JOINT LowerBack
	{
		OFFSET 0 0 0
		CHANNELS 3 Zrotation Yrotation Xrotation
		JOINT Spine
		{
			OFFSET -0.05489 1.97104 -0.02993
			CHANNELS 3 Zrotation Yrotation Xrotation
			JOINT Spine1
			{
				OFFSET -0.00702 1.94230 0.13626
				CHANNELS 3 Zrotation Yrotation Xrotation
				JOINT Neck
				{
					OFFSET 0 0 0
					CHANNELS 3 Zrotation Yrotation Xrotation
					JOINT Neck1
					{
						OFFSET -0.07858 1.62869 -0.02510
						CHANNELS 3 Zrotation Yrotation Xrotation
						JOINT Head
						{
							OFFSET 0.13978 1.59213 -0.29859
							CHANNELS 3 Zrotation Yrotation Xrotation
							End Site
							{
								OFFSET 0.05353 1.64420 -0.10000
							}
						}
					}
				}
				JOINT LeftShoulder
				{
					OFFSET 0 0 0
					CHANNELS 3 Zrotation Yrotation Xrotation
					JOINT LeftArm
					{
						OFFSET 3.48263 1.15278 0.52941
						CHANNELS 3 Zrotation Yrotation Xrotation
						JOINT LeftForeArm
						{
							OFFSET 4.59207 -0.00000 -0.00000
							CHANNELS 3 Zrotation Yrotation Xrotation
							JOINT LeftHand
							{
								OFFSET 2.98109 -0.00000 -0.00000
								CHANNELS 3 Zrotation Yrotation Xrotation
								JOINT LeftFingerBase
								{
									OFFSET 0 0 0
									CHANNELS 3 Zrotation Yrotation Xrotation
									JOINT LeftHandIndex1
									{
										OFFSET 0.48020 -0.00000 -0.00000
										CHANNELS 3 Zrotation Yrotation Xrotation
										End Site
										{
											OFFSET 0.38715 -0.00000 -0.00000
										}
									}
								}
								JOINT LThumb
								{
									OFFSET 0 0 0
									CHANNELS 3 Zrotation Yrotation Xrotation
									End Site
									{
										OFFSET 0.39306 -0.00000 0.39306
									}
								}
							}
						}
					}
				}
				JOINT RightShoulder
				{
					OFFSET 0 0 0
					CHANNELS 3 Zrotation Yrotation Xrotation
					JOINT RightArm
					{
						OFFSET -3.52496 1.12722 0.24548
						CHANNELS 3 Zrotation Yrotation Xrotation
						JOINT RightForeArm
						{
							OFFSET -4.76508 -0.00000 -0.00000
							CHANNELS 3 Zrotation Yrotation Xrotation
							JOINT RightHand
							{
								OFFSET -2.78902 -0.00000 -0.00000
								CHANNELS 3 Zrotation Yrotation Xrotation
								JOINT RightFingerBase
								{
									OFFSET 0 0 0
									CHANNELS 3 Zrotation Yrotation Xrotation
									JOINT RightHandIndex1
									{
										OFFSET -0.72130 -0.00000 -0.00000
										CHANNELS 3 Zrotation Yrotation Xrotation
										End Site
										{
											OFFSET -0.58153 -0.00000 -0.00000
										}
									}
								}
								JOINT RThumb
								{
									OFFSET 0 0 0
									CHANNELS 3 Zrotation Yrotation Xrotation
									End Site
									{
										OFFSET -0.59041 -0.00000 0.59041
									}
								}
							}
						}
					}
				}
			}
		}
	}
}
MOTION
Frames: 525
Frame Time: 0.0333332
26.24 15.96 -1.73 5.92 -72.07 1.26 0 0 0 -20.03 -13.91 -16.05 3.06 10.79 31.59 1.05 -13.27 -19.25 1.47 -7.65 -21.66 0 0 0 18.49 -0.25 -11.76 -1.53 -7.82 22.17 -1.99 -13.69 -34.47 -0.02 0.8 -2.21 -2.57 5.12 -5.63 -0.51 6.8 -5.36 1.11 3.43 -2.63 -6.94 2.69 -1.64 8.7 3.42 4.74 4.17 1.75 1.53 0 0 0 -97.62 10.88 -3.72 19.96 -30.59 -5.51 -0 -0 35.09 -2.69 38.32 -1.67 -7.12 0 -0 -45.13 62.46 -21.39 0 0 0 97.49 -3.08 -1.34 -15.33 24.61 -3.36 0 0 3.82 12.1 44.65 8.57 7.12 -0 -0 23.71 12.12 30.57
26.21 15.94 -1.77 6.34 -73.04 -0.95 0 0 0 -20.34 -12.14 -14.25 3.05 10.77 31.52 1.08 -13.35 -19.51 1.57 -7.91 -22.44 0 0 0 18.69 -0.82 -9.61 -1.47 -7.66 21.68 -1.86 -13.73 -33.81 -0.11 2.12 -5.84 -2.58 4.62 -3.84 -1.17 6.06 -5.57 0.25 3.06 -3.75 -9.18 -2.62 2.73 11.99 -3.91 1.61 5.11 -2.04 0.44 0 0 0 -96.9 13.23 -0.12 20.26 -30.96 -5.67 -0 -0 19.46 16.05 40.07 10.49 -7.12 0 -0 -28.49 69.22 -17.02 0 0 0 99.14 -2.86 0.26 -15.37 24.66 -3.38 0 0 4.12 12.42 44.03 8.71 7.12 -0 -0 23.85 11.53 30.62
26.19 15.94 -1.78 6.85 -74.83 -1.74 0 0 0 -20.41 -11.38 -13.87 3.05 10.77 31.52 1.22 -12.23 -20.28 1.59 -7.95 -22.55 0 0 0 18.66 -0.56 -9.51 -1.48 -7.69 21.78 -1.85 -12.88 -33.08 -0.15 2.51 -6.91 -2.61 4.28 -3.62 -1.48 5.57 -5.7 -0.07 2.8 -3.97 -11.89 -5.51 4.42 15.56 -8.08 0.51 6.67 -4.23 0.55 -0 0 0 -97.05 13.68 -0.07 19.9 -30.53 -5.48 -0 -0 13.25 29.31 38.48 19.26 -7.12 0 -0 -9.02 72.16 -5.83 -0 0 0 100.06 -2.73 2.03 -15.78 25.22 -3.55 0 0 2.93 12.1 44.03 8.47 7.12 -0 -0 23.71 11.54 30.4
26.18 15.94 -1.8 7.84 -76.9 -2.73 0 0 0 -20.45 -10.81 -13.64 3.04 10.76 31.49 1.36 -11 -21.14 1.56 -7.89 -22.38 0 0 0 18.56 -0.06 -9.83 -1.53 -7.81 22.15 -1.84 -11.7 -32.13 -0.18 2.71 -7.48 -2.67 3.71 -3.61 -1.48 4.81 -5.76 -0.04 2.42 -4.02 -13.15 -6.52 4.51 16.92 -9.6 0.65 7.26 -5.01 0.92 -0 -0 0 -97.59 13.53 -1.82 19.9 -30.52 -5.48 -0 -0 14.65 26.6 37.67 17.02 -7.12 0 -0 -11.93 70.47 -7.29 -0 -0 0 100.37 -2.86 3.17 -15.75 25.18 -3.54 0 0 3.03 12.52 44.48 8.85 7.12 -0 -0 23.89 11.96 30.81
26.18 15.94 -1.79 8.85 -78.61 -3.35 0 0 0 -20.45 -10.5 -14.02 3.06 10.79 31.58 1.47 -9.97 -21.77 1.6 -7.97 -22.63 0 0 0 18.43 0.74 -10.49 -1.58 -7.92 22.48 -1.82 -10.92 -31.42 -0.19 2.78 -7.68 -2.94 3.45 -4.14 -1.39 4.47 -5.82 0.24 2.26 -3.81 -13.09 -7.02 4.35 16.73 -10.3 1.03 7.14 -5.35 1.15 0 0 0 -98.06 13 -1.52 19.9 -30.52 -5.48 -0 -0 17.83 24.05 38.31 15.46 -7.12 0 -0 -16.16 70.24 -9.83 0 0 0 100.29 -2.87 1.1 -15 24.15 -3.23 0 0 4.62 12.18 44.42 8.59 7.12 -0 -0 23.74 11.9 30.56
26.18 15.93 -1.77 9.29 -80.13 -4.13 0 0 0 -20.57 -10.18 -13.47 3.06 10.79 31.59 1.57 -8.87 -22.48 1.57 -7.9 -22.4 0 0 0 18.37 1.1 -10.28 -1.58 -7.93 22.49 -1.81 -10.18 -30.79 -0.21 2.96 -8.18 -2.62 3.27 -3.83 -1.31 4.22 -5.78 0.12 2.13 -3.91 -12.38 -7.03 4.24 15.9 -10.27 1.25 6.76 -5.32 1.15 0 0 0 -98.52 12.51 0.73 20.25 -30.94 -5.66 -0 -0 18.46 25.2 39.44 16.64 -7.12 0 -0 -16.18 71.67 -10.35 0 0 0 100.02 -3.37 -2.92 -13.95 22.67 -2.81 0 0 7.66 12.39 44.68 8.78 7.12 -0 -0 23.84 12.14 30.78
26.2 15.94 -1.78 11.1 -81.67 -5.73 0 0 0 -20.49 -9.02 -13.93 3.03 10.75 31.43 1.59 -8.71 -22.59 1.53 -7.82 -22.17 0 0 0 18.29 2.09 -10.68 -1.62 -8.03 22.79 -1.81 -9.67 -30.43 -0.22 2.99 -8.25 -2.87 3.1 -3.37 -1.2 3.98 -5.97 0.34 2.02 -4.39 -11.72 -6.93 3.6 14.88 -10.04 1.65 6.3 -5.16 1.25 -0 0 0 -98.63 11.99 3.68 20.88 -31.69 -5.99 -0 -0 16.32 23.97 42.51 16.72 -7.12 0 -0 -23.17 73.99 -16.1 -0 0 0 99.41 -4.33 -7 -13.08 21.4 -2.48 0 0 10.72 12.4 44.92 8.82 7.12 -0 -0 23.84 12.36 30.85
26.22 15.94 -1.77 12.22 -82.77 -6.68 0 0 0 -20.49 -8.85 -14.1 3.04 10.76 31.46 1.64 -7.99 -22.96 1.48 -7.69 -21.77 0 0 0 18.24 2.54 -11.09 -1.64 -8.07 22.91 -1.75 -9.29 -29.83 -0.29 3.44 -9.52 -2.6 2.85 -3.02 -1.2 3.63 -6.05 0.18 1.83 -4.65 -11.33 -6.61 2.96 14.38 -9.56 2.06 6.07 -4.89 1.37 -0 0 0 -98.72 11.46 6.4 21.72 -32.66 -6.43 -0 -0 15.72 27.96 41.79 19.48 -7.12 0 -0 -16.09 74.82 -11.38 -0 0 0 98.84 -5.89 -9.26 -12.79 20.98 -2.38 0 0 11.6 14.65 44.57 10.39 7.12 -0 -0 24.82 12.04 32.26
26.24 15.94 -1.75 13.67 -83 -7.68 0 0 0 -20.65 -9.17 -14.63 3.06 10.79 31.56 1.65 -7.64 -23.04 1.48 -7.68 -21.76 0 0 0 17.98 2.62 -11.79 -1.65 -8.1 23.02 -1.72 -9.15 -29.54 -0.35 3.79 -10.5 -2.47 2.42 -2.96 -1.19 3.04 -6.15 0.11 1.53 -4.76 -11.18 -6.17 2.52 14.12 -8.92 2.2 5.97 -4.55 1.37 -0 -0 0 -98.84 10.95 8.41 22.39 -33.42 -6.8 -0 -0 14.67 28.72 41.32 19.89 -7.12 0 -0 -14.08 74.66 -9.9 -0 -0 0 98.3 -7.5 -10.77 -12.95 21.21 -2.44 0 0 11.02 11.21 44.3 7.88 7.12 -0 -0 23.32 11.8 29.89
26.23 15.94 -1.74 14.81 -83.36 -9.02 0 0 0 -20.75 -8.88 -14.35 3.04 10.76 31.47 1.67 -7.65 -23.16 1.45 -7.62 -21.55 0 0 0 17.91 2.86 -11.45 -1.64 -8.08 22.94 -1.74 -8.98 -29.55 -0.28 3.41 -9.43 -2.43 2.09 -2.48 -1.14 2.6 -6.06 0.13 1.32 -4.93 -10.55 -5.76 1.81 13.42 -8.3 2.71 5.64 -4.21 1.5 -0 -0 0 -98.84 10.68 8.95 22.47 -33.5 -6.84 -0 -0 14.96 29.26 42.43 20.71 -7.12 0 -0 -15.35 75.89 -11.2 -0 -0 0 98.06 -8.71 -12.67 -13.07 21.39 -2.48 0 0 10.65 11.26 44.36 7.92 7.12 -0 -0 23.34 11.85 29.94
26.23 15.96 -1.74 18.25 -84.75 -12.42 0 0 0 -20.78 -8.28 -14.47 3.06 10.8 31.59 1.75 -7.09 -23.72 1.37 -7.4 -20.92 0 0 0 17.85 3.44 -11.32 -1.59 -7.95 22.57 -1.67 -8.6 -28.8 -0.37 3.88 -10.75 -2.41 2.17 -2.29 -1.07 2.71 -6.01 0.19 1.37 -4.99 -10.31 -5.44 0.97 13.17 -7.84 3.31 5.51 -3.94 1.74 -0 0 0 -98.8 10.53 9.03 22.13 -33.12 -6.66 -0 -0 15.56 29.42 43 21.03 -7.12 0 -0 -16.27 76.46 -12.08 -0 0 0 97.99 -9.19 -14.86 -12.93 21.18 -2.43 0 0 11.2 12.01 44.98 8.55 7.12 -0 -0 23.67 12.42 30.61
26.23 15.96 -1.73 21.86 -85.3 -15.78 0 0 0 -20.96 -8.14 -14.63 3.03 10.74 31.4 1.76 -6.58 -23.81 1.47 -7.65 -21.66 0 0 0 17.64 3.71 -11.76 -1.62 -8.03 22.81 -1.67 -8.19 -28.58 -0.35 3.82 -10.57 -2.72 2.08 -2.38 -0.94 2.59 -6.03 0.5 1.33 -4.98 -9.96 -5.25 0.35 12.52 -7.55 3.94 5.24 -3.77 1.96 0 -0 0 -98.96 10.41 8.15 21.34 -32.23 -6.23 -0 -0 16.92 24.52 40.84 16.61 -7.12 0 -0 -19.31 72.73 -12.84 0 -0 0 98.05 -9.36 -14.56 -13.22 21.61 -2.53 0 0 10.57 11.71 43.38 8.1 7.12 -0 -0 23.54 10.92 29.95
26.22 15.97 -1.73 23.13 -85.88 -16.79 0 0 0 -20.86 -8.03 -14.74 3 10.69 31.25 1.78 -6.23 -24 1.44 -7.59 -21.48 0 0 0 17.63 4.37 -11.9 -1.64 -8.07 22.93 -1.74 -7.68 -28.72 -0.17 2.64 -7.27 -2.58 2.01 -2.7 -0.93 2.49 -6.09 0.45 1.27 -4.85 -9.49 -5 -0.13 12.09 -7.21 4.49 5.02 -3.58 2.13 0 -0 0 -98.9 10.57 7.31 20.48 -31.22 -5.78 -0 -0 16.58 28.06 43.48 20.14 -7.12 0 -0 -19.48 76.37 -14.45 0 -0 0 98.5 -9.32 -13.63 -13.43 21.91 -2.61 0 0 9.84 11.73 43.21 8.09 7.12 -0 -0 23.55 10.77 29.92
26.2 15.97 -1.72 24.75 -86.2 -18.31 0 0 0 -20.88 -7.9 -14.78 3 10.7 31.27 1.81 -6.07 -24.19 1.46 -7.64 -21.64 0 0 0 17.6 4.47 -11.92 -1.63 -8.05 22.88 -1.74 -7.51 -28.57 -0.16 2.61 -7.19 -2.69 2 -2.74 -0.9 2.47 -6.25 0.54 1.27 -5.01 -9.48 -4.9 -0.34 12.14 -7.1 5.01 5.03 -3.52 2.3 -0 -0 0 -99.01 11.17 6.09 20.14 -30.81 -5.6 -0 -0 17.6 26.52 42.98 18.79 -7.12 0 -0 -20.63 75.35 -14.88 -0 -0 0 98.95 -8.89 -13.21 -13.45 21.94 -2.62 0 0 9.2 12.96 44.08 9.1 7.12 -0 -0 24.09 11.58 30.99
26.18 15.96 -1.71 24.66 -86.32 -18.5 0 0 0 -20.9 -7.82 -14.43 3.02 10.72 31.35 1.82 -5.96 -24.32 1.45 -7.62 -21.56 0 0 0 17.66 4.14 -11.69 -1.63 -8.06 22.89 -1.74 -7.24 -28.4 -0.19 2.8 -7.71 -2.53 1.95 -2.71 -0.99 2.41 -6.11 0.36 1.23 -4.86 -9.84 -4.85 -0.4 12.7 -7.08 5.14 5.26 -3.5 2.38 -0 0 0 -98.96 11.48 5.16 20.04 -30.69 -5.55 -0 -0 18.9 24.45 42.61 17.11 -7.12 0 -0 -22.74 74.26 -15.91 -0 0 0 99.7 -7.95 -11.98 -13.5 22.02 -2.64 0 0 8.93 13.12 44.75 9.32 7.12 -0 -0 24.15 12.21 31.28
26.16 15.96 -1.7 21.61 -86.14 -15.46 0 0 0 -20.78 -7.76 -14.47 3.04 10.76 31.47 1.84 -6.24 -24.4 1.47 -7.65 -21.66 0 0 0 17.76 3.5 -11.8 -1.63 -8.05 22.87 -1.74 -6.9 -28.22 -0.2 2.85 -7.87 -2.6 2.04 -2.9 -1.05 2.53 -6.13 0.34 1.29 -4.78 -9.71 -5.14 -0.31 12.65 -7.49 5.2 5.21 -3.7 2.42 0 0 0 -98.85 11.84 5.11 19.84 -30.45 -5.45 -0 -0 17.96 26.04 44.36 18.86 -7.12 0 -0 -24.58 76.33 -18.3 0 0 0 100.34 -7.48 -8.95 -14.12 22.91 -2.88 0 0 7.29 11.5 44.22 8.07 7.12 -0 -0 23.44 11.71 30.05
26.14 15.95 -1.69 21.12 -85.76 -15.1 0 0 0 -20.98 -7.66 -14.14 3 10.69 31.23 1.81 -6.44 -24.22 1.51 -7.76 -21.99 0 0 0 17.62 3.33 -11.71 -1.68 -8.16 23.19 -1.79 -6.98 -28.57 -0.2 2.85 -7.87 -2.79 2 -2.89 -1.11 2.47 -6.13 0.38 1.26 -4.78 -10.01 -5.21 0 12.87 -7.6 4.94 5.34 -3.77 2.33 -0 -0 0 -98.83 12.01 4.67 19.84 -30.44 -5.45 -0 -0 18.59 23.78 42.99 16.72 -7.12 0 -0 -24.42 74.33 -17.16 -0 -0 0 100.62 -7.14 -6.12 -14.75 23.79 -3.12 0 0 5.51 11.35 43.94 7.93 7.12 -0 -0 23.38 11.45 29.88
26.12 15.94 -1.68 17.96 -85.41 -11.9 0 0 0 -20.87 -7.71 -14.12 2.99 10.68 31.22 1.81 -6.75 -24.14 1.47 -7.66 -21.7 0 0 0 17.74 3.31 -11.62 -1.68 -8.16 23.2 -1.81 -7.24 -28.87 -0.19 2.81 -7.74 -2.74 2.05 -3.09 -1.13 2.54 -6.12 0.34 1.3 -4.67 -10.15 -5.42 -0.26 12.8 -7.89 5.36 5.31 -3.91 2.53 -0 -0 0 -98.81 12.01 4.97 19.92 -30.54 -5.49 -0 -0 18.33 21.96 42.99 15.38 -7.12 0 -0 -26.76 73.67 -18.49 -0 -0 0 100.66 -6.79 -4.15 -15.26 24.5 -3.33 0 0 4.08 11.37 43.79 7.92 7.12 -0 -0 23.39 11.32 29.85
26.1 15.94 -1.66 15.46 -84.97 -9.41 0 0 0 -20.84 -7.79 -14.11 3.01 10.71 31.29 1.8 -7.1 -24.06 1.46 -7.63 -21.59 0 0 0 17.79 3.14 -11.36 -1.65 -8.1 23.01 -1.81 -7.54 -29.04 -0.22 3.01 -8.3 -2.59 2.03 -3.29 -1.18 2.52 -6.13 0.22 1.28 -4.55 -10.32 -5.48 -0.33 12.87 -8 5.63 5.35 -3.96 2.64 0 -0 0 -98.81 12.01 5.38 19.97 -30.61 -5.52 -0 -0 16.88 23.7 41.81 16.31 -7.12 0 -0 -22.15 73.29 -15.04 0 -0 0 100.6 -6.6 -3.43 -15.44 24.76 -3.41 0 0 3.84 12.26 44.45 8.65 7.12 -0 -0 23.78 11.92 30.62
26.08 15.94 -1.63 13.92 -84.87 -7.87 0 0 0 -20.82 -7.6 -14.03 3 10.69 31.23 1.79 -7.32 -24 1.44 -7.59 -21.47 0 0 0 17.84 3.19 -11.09 -1.63 -8.06 22.89 -1.81 -7.7 -29.17 -0.2 2.85 -7.86 -2.46 2.13 -3.45 -1.23 2.66 -6.19 0.09 1.34 -4.52 -10.44 -5.57 -0.23 13.04 -8.15 5.77 5.42 -4.04 2.7 -0 0 0 -98.86 11.97 5.6 20.17 -30.85 -5.62 -0 -0 16.27 25.44 43.17 18.03 -7.12 0 -0 -22.57 75.1 -16.19 -0 0 0 100.4 -6.44 -3.92 -15.16 24.36 -3.29 0 0 4.43 12.08 44.28 8.5 7.12 -0 -0 23.7 11.77 30.46
26.05 15.94 -1.61 16.14 -84.69 -9.95 0 0 0 -21.17 -7.62 -14.02 2.97 10.65 31.12 1.78 -7.49 -23.94 1.39 -7.45 -21.06 0 0 0 17.49 2.97 -11.22 -1.64 -8.08 22.95 -1.82 -7.73 -29.24 -0.26 3.26 -9 -2.9 2.28 -3.86 -1.3 2.86 -6.21 0.27 1.45 -4.34 -10.2 -5.82 -0.49 12.54 -8.49 6.29 5.19 -4.2 2.91 -0 0 0 -98.84 11.71 5.14 20.04 -30.69 -5.55 -0 -0 17.83 24.02 42.99 16.91 -7.12 0 -0 -24.1 74.42 -16.98 -0 0 0 100.12 -6.11 -5.67 -14.61 23.59 -3.07 0 0 5.68 12.11 44.35 8.53 7.12 -0 -0 23.71 11.83 30.5
26.04 15.94 -1.58 17.12 -84.62 -10.92 0 0 0 -21.42 -7.6 -13.99 2.97 10.65 31.11 1.79 -7.56 -24 1.42 -7.53 -21.28 0 0 0 17.28 2.81 -11.26 -1.65 -8.09 22.99 -1.77 -7.96 -29.05 -0.4 4.08 -11.3 -3.13 2.32 -3.81 -1.36 2.91 -6.35 0.34 1.48 -4.52 -10.27 -5.79 -0.25 12.82 -8.48 6.18 5.3 -4.2 2.85 0 0 0 -98.77 12.11 5.49 20.27 -30.97 -5.67 -0 -0 17.23 25.52 41.79 17.65 -7.12 0 -0 -19.63 73.93 -13.56 0 0 0 100 -6.31 -7.16 -14.29 23.14 -2.94 0 0 6.74 10.37 43.44 7.17 7.12 -0 -0 22.94 11.01 29.09
26.02 15.95 -1.55 15.29 -84.58 -9.03 0 0 0 -21.34 -7.77 -13.96 2.98 10.67 31.17 1.81 -7.64 -24.13 1.31 -7.26 -20.49 0 0 0 17.32 2.99 -11 -1.62 -8.02 22.77 -1.82 -7.89 -29.34 -0.24 3.15 -8.7 -3.31 2.18 -4.2 -1.18 2.74 -6.29 0.65 1.41 -4.26 -10.24 -5.8 -0.49 12.66 -8.49 6.5 5.23 -4.2 2.97 -0 -0 0 -98.9 11.87 4.99 20.18 -30.86 -5.62 -0 -0 17.51 24.31 42.96 17.11 -7.12 0 -0 -23.67 74.51 -16.71 -0 -0 0 99.76 -6.17 -8.82 -13.88 22.57 -2.78 0 0 8.42 10.79 43.86 7.52 7.12 -0 -0 23.13 11.39 29.48
26.01 15.95 -1.51 16.28 -84.81 -10.14 0 0 0 -21.55 -7.46 -13.77 2.97 10.64 31.08 1.82 -7.56 -24.19 1.37 -7.41 -20.95 0 0 0 17.17 3.13 -10.85 -1.63 -8.06 22.89 -1.8 -7.96 -29.29 -0.28 3.37 -9.32 -4.04 2.27 -4.38 -0.99 2.89 -6.22 1.25 1.52 -4.14 -10.11 -5.92 -0.49 12.65 -8.69 6.71 5.2 -4.29 3.05 0 0 0 -98.81 12.02 5.43 20.15 -30.82 -5.61 -0 -0 17.55 24.54 42.95 17.28 -7.12 0 -0 -23.32 74.58 -16.49 0 0 0 99.4 -6.05 -10.2 -13.46 21.96 -2.62 0 0 9.6 10.59 44.02 7.41 7.12 -0 -0 23.04 11.54 29.4
26 15.94 -1.47 16.82 -85.22 -10.77 0 0 0 -21.67 -7.4 -13.64 2.99 10.68 31.22 1.86 -7.42 -24.48 1.3 -7.23 -20.41 0 0 0 17.09 2.83 -10.95 -1.64 -8.06 22.91 -1.71 -7.91 -28.63 -0.56 4.81 -13.38 -4.45 2.29 -4.47 -0.81 2.93 -6.17 1.67 1.56 -4.08 -10.08 -5.93 -0.73 12.64 -8.72 7.06 5.18 -4.29 3.2 -0 0 0 -98.63 12.24 5.54 20.26 -30.95 -5.66 -0 -0 17.08 25.87 42.37 18.1 -7.12 0 -0 -20.28 74.57 -14.29 -0 0 0 99.16 -5.94 -10.84 -13.29 21.71 -2.56 0 0 10.36 10.66 44.28 7.49 7.12 -0 -0 23.07 11.78 29.52
26 15.93 -1.43 15.6 -85.63 -9.58 0 0 0 -21.62 -7.28 -13.63 3.01 10.71 31.3 1.88 -7.49 -24.62 1.19 -6.92 -19.49 0 0 0 17.07 3.13 -10.83 -1.63 -8.05 22.87 -1.76 -7.55 -28.71 -0.36 3.84 -10.62 -4.51 2.28 -4.68 -0.7 2.94 -6.11 1.83 1.57 -3.9 -10.12 -5.92 -0.85 12.8 -8.72 7.13 5.23 -4.29 3.25 0 -0 0 -98.15 12.4 5.31 20.6 -31.36 -5.84 -0 -0 16.52 25.34 42.63 17.78 -7.12 0 -0 -21.56 74.6 -15.23 0 -0 0 99.23 -6.14 -9.53 -13.55 22.09 -2.66 0 0 7.98 8.85 45.93 6.38 7.12 -0 -0 22.29 13.39 28.82
26 15.94 -1.37 17.55 -85.99 -11.41 0 0 0 -21.89 -7.11 -13.73 2.99 10.68 31.22 1.88 -7.39 -24.61 1.1 -6.68 -18.76 0 0 0 16.79 3.5 -10.93 -1.64 -8.07 22.92 -1.71 -7.74 -28.51 -0.46 4.36 -12.08 -4.81 2.39 -4.93 -0.67 3.11 -6.1 2.04 1.66 -3.78 -10.25 -6 -0.65 12.98 -8.82 6.76 5.31 -4.34 3.13 0 -0 0 -97.36 12.64 4.71 21.31 -32.19 -6.21 -0 -0 16.38 22.41 41.8 15.36 -7.12 0 -0 -23.82 72.82 -15.97 0 -0 0 99.91 -7.81 -2.22 -17.03 26.89 -4.1 0 -0 -8.2 3.59 47.59 2.65 7.12 -0 -0 20.06 15.23 26.01
26 15.95 -1.32 20.26 -86.48 -13.61 0 0 0 -22.05 -6.64 -14.32 2.94 10.6 30.96 1.84 -7.59 -24.36 1.1 -6.66 -18.7 0 0 0 16.48 3.97 -11.48 -1.64 -8.07 22.94 -1.69 -7.54 -28.3 -0.42 4.16 -11.52 -4.83 2.28 -5.39 -0.66 2.96 -6.39 2.08 1.58 -3.82 -10.35 -5.74 -0.91 12.87 -8.49 7.33 5.3 -4.18 3.3 -0 -0 0 -96.41 13.17 3.32 21.96 -32.93 -6.57 -0 -0 15.22 23.05 41.84 15.85 -7.12 0 -0 -23.06 73.09 -15.58 -0 -0 0 100.41 -8.8 4.41 -21.53 32.45 -6.33 0 -0 -17.25 -0.04 49.09 -0.03 7.12 -0 -0 18.61 16.97 24.3
26.01 15.95 -1.25 22.83 -86.88 -16.16 0 0 0 -22.33 -6.56 -14.21 2.91 10.54 30.76 1.85 -7.34 -24.41 1.03 -6.45 -18.09 0 0 0 16.2 4.45 -11.37 -1.64 -8.07 22.92 -1.7 -7.56 -28.37 -0.4 4.04 -11.18 -5.02 2.28 -5.65 -0.56 2.96 -6.52 2.3 1.6 -3.83 -10.22 -5.71 -0.96 12.59 -8.48 7.83 5.19 -4.17 3.44 0 -0 0 -95.31 13.55 2.39 21.94 -32.91 -6.55 -0 -0 14.68 22.86 42.03 15.76 -7.12 0 -0 -23.68 73.18 -16.06 0 -0 0 100.16 -8.64 9.59 -25.4 36.61 -8.53 0 -0 -20.2 -1.22 49.95 -0.93 7.12 -0 -0 18.19 17.9 23.89
26.02 15.95 -1.18 28.96 -87.83 -22.34 0 0 0 -22.5 -6.19 -14.23 2.92 10.57 30.84 1.89 -7.16 -24.7 0.84 -5.84 -16.32 0 0 0 15.98 4.8 -11.44 -1.63 -8.05 22.87 -1.65 -7.15 -27.77 -0.42 4.17 -11.55 -4.92 2.45 -5.97 -0.43 3.2 -6.58 2.38 1.71 -3.74 -10.38 -5.62 -0.88 12.62 -8.36 7.89 5.23 -4.12 3.44 -0 -0 0 -94.37 13.49 0.7 21.27 -32.14 -6.19 -0 -0 15.56 23.34 42.47 16.24 -7.12 0 -0 -23.92 73.73 -16.5 -0 -0 0 99.56 -7.89 14.34 -28.05 39.16 -10.15 0 -0 -21.42 1.35 50.7 1.04 7.12 -0 -0 19.35 18.36 25.66
26.04 15.94 -1.1 29.52 -88.28 -23.27 0 0 0 -22.67 -5.92 -14.09 2.96 10.63 31.03 1.91 -7 -24.86 0.78 -5.63 -15.7 0 0 0 15.88 4.99 -11.2 -1.66 -8.11 23.06 -1.64 -7.11 -27.63 -0.43 4.19 -11.6 -4.78 2.62 -6.01 -0.32 3.43 -6.42 2.43 1.82 -3.56 -10.23 -5.73 -0.8 12.33 -8.48 7.72 5.11 -4.18 3.37 -0 -0 0 -93.98 13.19 -0.27 21.05 -31.88 -6.08 -0 -0 15.81 22.34 41.19 15.15 -7.12 0 -0 -22.79 72.28 -15 -0 -0 0 99.39 -6.74 16.96 -29.6 40.55 -11.15 0 -0 -20.16 1.41 52.64 1.12 7.12 -0 -0 19.58 20.19 26.35
26.06 15.92 -1.01 46.68 -88.62 -41.06 0 0 0 -23.34 -5.68 -13.53 2.96 10.63 31.06 1.95 -6.59 -25.12 0.76 -5.57 -15.53 0 0 0 15.35 5.31 -10.76 -1.71 -8.24 23.43 -1.66 -6.99 -27.73 -0.44 4.24 -11.75 -5.06 2.91 -5.82 -0.28 3.85 -6.19 2.63 2.04 -3.49 -10.4 -5.82 -0.65 12.34 -8.62 7.81 5.14 -4.26 3.4 -0 -0 0 -94.36 12.86 -0.54 21.17 -32.03 -6.14 -0 -0 14.99 20.9 40.48 13.92 -7.12 0 -0 -23.39 71.16 -14.84 -0 -0 0 99.35 -6.07 18.44 -30.01 40.91 -11.42 0 -0 -19.85 2.69 52.45 2.13 7.12 -0 -0 20.07 19.9 27.03
26.09 15.9 -0.91 40.24 -88.71 -35.2 0 0 0 -23.6 -5.6 -13.12 3 10.69 31.25 1.97 -6.76 -25.28 0.66 -5.2 -14.48 0 0 0 15.16 5.11 -10.42 -1.74 -8.3 23.64 -1.65 -6.95 -27.61 -0.47 4.39 -12.16 -4.86 3 -5.61 -0.17 3.97 -5.93 2.63 2.09 -3.33 -10.62 -5.82 -0.52 12.47 -8.63 7.76 5.22 -4.27 3.37 0 -0 0 -95.36 12.59 0.28 21.26 -32.13 -6.19 -0 -0 15.15 22.57 42.08 15.57 -7.12 0 -0 -24.14 73.12 -16.34 0 -0 0 99.46 -5.34 18.22 -28.17 39.27 -10.23 0 -0 -16.21 3.25 52.6 2.58 7.12 -0 -0 20.32 20 27.41
26.13 15.89 -0.81 41.7 -88.68 -37.04 0 0 0 -24.08 -5.11 -13.01 3 10.69 31.25 1.93 -7.17 -24.99 0.59 -4.92 -13.68 0 0 0 14.71 5.5 -10.27 -1.81 -8.46 24.12 -1.58 -7.56 -27.54 -0.51 4.58 -12.71 -5.15 3.09 -5.65 -0.02 4.13 -5.59 2.97 2.18 -3 -10.52 -5.88 -0.53 12.21 -8.7 7.84 5.12 -4.31 3.4 0 0 0 -96.82 11.92 0.85 20.88 -31.69 -5.99 -0 -0 15.67 23.85 42.37 16.59 -7.12 0 -0 -23.04 73.83 -15.93 0 0 0 99.47 -4.64 16.15 -24.64 35.83 -8.08 0 -0 -11.97 4.26 52.76 3.39 7.12 -0 -0 20.74 20.08 28.05
26.18 15.87 -0.68 41.7 -88.3 -37.38 0 0 0 -24.87 -4.91 -13.03 3.01 10.71 31.31 1.88 -7.62 -24.61 0.49 -4.5 -12.5 0 0 0 13.87 5.31 -10.62 -1.93 -8.72 24.92 -1.53 -7.76 -27.31 -0.52 4.63 -12.85 -5.22 3.12 -5.32 -0.07 4.18 -5.35 2.94 2.21 -2.94 -10.76 -6.01 -0.52 12.57 -8.91 7.96 5.26 -4.41 3.48 -0 0 0 -98.09 11.26 1.62 20.33 -31.04 -5.7 -0 -0 16.8 24.03 42.67 16.82 -7.12 0 -0 -23.43 74.16 -16.36 -0 0 0 99.45 -4.29 11.71 -20.55 31.3 -5.81 0 -0 -6.24 5.01 52.84 4 7.12 -0 -0 21.05 20.1 28.52
26.25 15.83 -0.54 36.75 -87.47 -33.11 0 0 0 -25.81 -5.15 -12.59 3.02 10.72 31.35 1.84 -8.15 -24.31 0.4 -4.08 -11.3 0 0 0 12.97 5.06 -11.02 -2.2 -9.27 26.63 -1.56 -8.08 -27.72 -0.6 4.97 -13.81 -5.36 2.95 -4.36 -0.16 3.93 -4.97 2.88 2.09 -3.06 -10.9 -6.15 -0.43 12.74 -9.12 7.92 5.32 -4.52 3.49 -0 -0 0 -98.88 10.69 3.17 19.94 -30.57 -5.5 -0 -0 18.16 23.53 41.45 16.08 -7.12 0 -0 -21.7 72.91 -14.55 -0 -0 0 99.2 -3.9 4.09 -16.75 26.53 -3.98 0 0 0.84 7.43 52.83 5.93 7.12 -0 -0 22.01 19.95 29.96
26.35 15.78 -0.4 54.04 -87.42 -50.83 0 0 0 -27.21 -6.31 -12.21 3.07 10.8 31.62 1.97 -6.92 -25.25 0.36 -3.87 -10.72 0 0 0 11.52 6.21 -13.49 -2.97 -10.65 31.11 -1.48 -8.19 -27.26 -0.85 5.89 -16.45 -5.52 3.13 -3.16 -0.36 4.12 -4.64 2.7 2.2 -3.4 -10.89 -6.19 -0.41 12.97 -9.16 7.43 5.39 -4.53 3.36 0 0 0 -99.12 10.09 5.41 19.9 -30.52 -5.48 -0 -0 17.79 25.57 42.1 17.78 -7.12 0 -0 -20.16 74.22 -14.06 0 0 0 98.68 -4.09 -4.37 -14.45 23.38 -3.01 0 0 6.17 5.9 51.77 4.64 7.12 -0 -0 21.32 19.04 28.72
26.47 15.71 -0.27 74 -86.91 -71.66 0 0 0 -28.84 -6.26 -12.17 3.19 10.99 32.26 2.03 -6.38 -25.66 0.29 -3.47 -9.58 0 0 0 9.71 7.48 -17.66 -4.47 -12.76 38.49 -1.13 -8.03 -24.47 -0.79 5.67 -15.84 -6.02 3.04 -1.21 -0.56 3.91 -4.02 2.69 2.11 -3.85 -10.99 -5.98 -0.49 13.31 -8.79 6.67 5.54 -4.35 3.12 -0 -0 0 -99.05 9.2 6.05 19.85 -30.46 -5.46 -0 -0 17.5 26.82 42.27 18.78 -7.12 0 -0 -18.7 74.83 -13.26 -0 -0 0 97.72 -4.49 -10.12 -13.56 22.1 -2.66 0 0 9.12 7.24 50.41 5.59 7.12 -0 -0 21.78 17.68 29.12
26.54 15.65 -0.16 96.36 -86.42 -95.61 0 0 0 -30.04 -4.77 -11.22 3.22 11.05 32.43 2.09 -6.14 -26.11 0.22 -2.99 -8.26 0 0 0 8.81 8.89 -21.27 -6.17 -14.59 45.65 -0.53 -10.27 -21.05 -0.28 3.37 -9.32 -6.34 2.96 1.03 -0.68 3.7 -3.12 2.65 2.01 -4.17 -10.79 -5.61 -0.92 13.38 -8.22 6.19 5.55 -4.04 2.97 0 -0 0 -98.55 8.42 6.13 19.76 -30.35 -5.41 -0 -0 16.7 27.82 41.65 19.32 -7.12 0 -0 -16.05 74.64 -11.29 0 -0 0 96.99 -5.39 -12.03 -13.88 22.57 -2.78 0 0 8.12 7.4 48.55 5.56 7.12 -0 -0 21.75 15.91 28.67
26.52 15.63 -0.08 108.24 -86.05 -108.72 0 0 0 -30.79 -3.83 -9.77 3.11 10.88 31.87 2.13 -5.39 -26.45 0.21 -2.97 -8.18 0 0 0 8.98 9.67 -23.53 -7.04 -15.37 49.04 -0.49 -9.8 -20.18 -0.42 4.18 -11.58 -6.46 2.63 2.46 -0.8 3.18 -2.37 2.58 1.74 -4.16 -10.64 -5.11 -1.32 13.77 -7.53 6.17 5.68 -3.68 2.96 0 -0 0 -97.86 8.27 6.96 20.2 -30.89 -5.63 -0 -0 15.93 28.54 43.43 20.5 -7.12 0 -0 -18.64 76.51 -13.87 0 -0 0 96.66 -6.34 -12.59 -14.46 23.39 -3.01 0 0 5.82 7.59 47.33 5.6 7.12 -0 -0 21.79 14.76 28.43
26.44 15.65 -0.02 115.74 -86.34 -116.46 0 0 0 -30.58 -3.24 -9.05 3.01 10.71 31.29 2.13 -5.23 -26.46 0.22 -3.02 -8.32 0 0 0 10.38 10.3 -25.22 -6.75 -15.12 47.91 -0.63 -7.55 -19.63 -0.36 3.83 -10.6 -6.26 2.23 2.87 -0.79 2.64 -2.16 2.52 1.46 -4.11 -10.4 -4.84 -1.75 14.04 -7.25 6.9 5.73 -3.51 3.21 0 -0 0 -97.38 8.37 8.58 21.13 -31.98 -6.12 -0 -0 15.52 26.09 42.39 18.27 -7.12 0 -0 -20 74.67 -14.13 0 -0 0 96.74 -7.98 -13.06 -15.31 24.57 -3.35 0 0 4.03 7.69 46.08 5.56 7.12 -0 -0 21.79 13.57 28.12
26.31 15.66 0.03 127.06 -85.94 -127.74 0 0 0 -30.66 -1.86 -8.58 2.86 10.46 30.48 2.1 -5.44 -26.23 0.24 -3.12 -8.62 0 0 0 11.58 11.18 -26.22 -5.69 -14.12 43.74 -0.6 -7.25 -19.05 -0.24 3.17 -8.76 -6.29 1.95 3 -0.95 2.24 -2.09 2.39 1.26 -4.06 -10.45 -4.47 -2.06 14.75 -6.84 7.23 5.98 -3.27 3.33 0 -0 0 -97.5 8.59 11.1 23.09 -34.19 -7.19 -0 -0 14.63 24.12 46.6 18.02 -7.12 0 -0 -33.63 77.31 -25.94 0 -0 0 96.81 -8.87 -14.75 -15.41 24.72 -3.4 0 0 3.91 8.17 45.75 5.87 7.12 -0 -0 21.99 13.24 28.32
26.14 15.7 0.06 133.47 -85.47 -133.91 0 0 0 -30.92 -1.3 -7.19 2.52 9.88 28.6 2.09 -4.95 -26.25 0.21 -2.98 -8.23 0 0 0 12.77 11.42 -26.75 -4.3 -12.55 37.69 -0.62 -6.95 -19.03 -0.42 4.16 -11.52 -6.52 1.76 3.1 -1.19 1.95 -2.19 2.28 1.12 -4.2 -10.39 -4.24 -2.43 15.69 -6.64 7.54 6.27 -3.14 3.49 -0 -0 0 -97.69 8.84 14.34 24.98 -36.18 -8.28 -0 -0 12.03 25.56 44.76 18.62 -7.12 0 -0 -26.3 76.48 -19.68 -0 -0 0 97.22 -9.37 -17.05 -15.31 24.58 -3.35 0 0 4.63 7.5 45.6 5.37 7.12 -0 -0 21.69 13.12 27.85
25.91 15.74 0.07 134.92 -84.75 -134.71 0 0 0 -31.5 -0.61 -5.84 2.14 9.16 26.3 2.08 -4.86 -26.22 0.17 -2.68 -7.4 0 0 0 13.49 11.27 -28 -3.19 -11 32.28 -0.63 -5.16 -17.7 -0.81 5.73 -16 -7.06 1.54 2.81 -1.62 1.61 -2.47 2.17 0.97 -4.3 -9.91 -4.06 -2.79 16.14 -6.46 7.55 6.34 -3.01 3.53 -0 -0 0 -97.61 9.39 19.04 27.49 -38.64 -9.8 -0 -0 8 28.99 45.06 21.42 -7.12 0 -0 -22.16 78.09 -17.25 -0 -0 0 97.94 -9.66 -18.28 -15.43 24.74 -3.4 0 0 4.52 8.13 44.62 5.73 7.12 -0 -0 21.95 12.18 27.97
25.64 15.74 0.07 132.88 -83.99 -132.15 0 0 0 -32.01 2.04 -5.21 1.84 8.54 24.35 2.02 -6.58 -25.57 0.29 -3.48 -9.62 0 0 0 13.87 10.95 -29.15 -2.5 -9.85 28.48 -0.69 -5.06 -18.39 -1.31 7.26 -20.5 -7.85 1.18 2.62 -1.95 1.07 -2.71 2.3 0.72 -4.41 -9.86 -3.75 -2.92 16.62 -6.05 7.28 6.5 -2.8 3.43 0 0 0 -97.68 9.76 22.94 30.56 -41.37 -11.78 -0 -0 6.93 27.15 43.79 19.54 -7.12 0 -0 -21.57 76.29 -15.99 0 0 0 98.49 -9.82 -18.1 -15.91 25.4 -3.61 0 0 3.62 9.28 43.25 6.39 7.12 -0 -0 22.45 10.85 28.32
25.28 15.73 0.06 134.1 -83.23 -132.92 0 0 0 -32.53 3.16 -3.48 1.6 7.98 22.64 2.07 -6.63 -25.92 0.28 -3.41 -9.43 0 0 0 14.56 10.41 -30.34 -2.26 -9.38 26.99 -0.8 -4.8 -19.32 -1.06 6.53 -18.34 -8.22 0.93 1.97 -2.15 0.76 -2.87 2.32 0.56 -4.19 -9.53 -3.53 -3.2 16.21 -5.71 7.34 6.33 -2.62 3.42 0 0 0 -97.57 9.78 27.98 33.12 -43.43 -13.51 -0 -0 5.03 29.88 44.11 21.8 -7.12 0 -0 -18.15 77.63 -13.92 0 0 0 98.72 -9.56 -18.11 -16.05 25.59 -3.67 0 0 3.2 9.25 43.76 6.43 7.12 -0 -0 22.44 11.33 28.44
24.86 15.7 0.01 131.34 -83.69 -130.08 0 0 0 -32.26 3.41 -1.41 1.5 7.74 21.94 2.07 -6.54 -25.96 0.26 -3.31 -9.13 0 0 0 15.55 9.47 -30.12 -2.12 -9.11 26.16 -0.82 -6.33 -20.56 -1.04 6.5 -18.23 -8.25 0.49 1.89 -2.02 0.17 -3.05 2.51 0.28 -4.27 -9.59 -3.54 -3.49 16.1 -5.75 7.83 6.3 -2.62 3.62 0 -0 0 -97.04 9.84 34.01 35.21 -44.96 -14.96 -0 -0 4.97 30.43 44.31 22.31 -7.12 0 -0 -17.75 78.02 -13.75 0 -0 0 98.72 -9.34 -18.16 -16.1 25.65 -3.69 0 0 3.13 9.11 43.29 6.27 7.12 -0 -0 22.37 10.89 28.21
24.33 15.69 -0.05 133.04 -84.59 -131.49 0 0 0 -31.26 3.21 0.82 1.47 7.67 21.72 2.13 -6.19 -26.34 0.76 -5.58 -15.57 0 0 0 16.88 9.24 -28.45 -2.11 -9.1 26.11 -0.7 -6.24 -19.26 -0.96 6.24 -17.48 -7.56 0.15 0.93 -1.72 -0.17 -3.43 2.46 0.09 -4.08 -9.54 -3.52 -3.65 15.81 -5.81 8.74 6.2 -2.64 3.91 0 0 0 -96.53 9.95 39.35 35.89 -45.43 -15.44 -0 -0 4.97 27.21 43.58 19.52 -7.12 0 -0 -20.98 76.13 -15.48 0 0 0 98.62 -9.27 -18.96 -15.78 25.22 -3.55 0 0 3.76 9.08 43.38 6.26 7.12 -0 -0 22.36 10.98 28.22
23.76 15.73 -0.14 153.08 -86.41 -151.37 0 0 0 -28.71 2.26 2.65 1.68 8.17 23.23 2.07 -4.59 -26.19 1.36 -7.38 -20.84 0 0 0 19.82 7.86 -26.61 -2.09 -9.05 25.94 -0.71 -5.56 -18.91 -0.75 5.55 -15.47 -5.63 -0.06 0.14 -0.8 -0.32 -3.85 2.33 -0.01 -4.04 -9.26 -3.49 -3.6 15.21 -5.84 9.6 5.96 -2.65 4.14 0 0 0 -96.63 10.22 43.1 34.81 -44.67 -14.68 -0 -0 5.67 28.64 43.27 20.52 -7.12 0 -0 -18.1 76.4 -13.43 0 0 0 98.43 -9.12 -19.66 -15.43 24.74 -3.4 0 0 4.75 8.87 43.01 6.07 7.12 -0 -0 22.26 10.64 27.97
23.16 15.79 -0.28 176.37 -86.97 -174.46 0 0 0 -27.23 0.57 4.05 2.08 9.03 25.89 1.84 -1.68 -25.18 1.69 -8.19 -23.29 0 0 0 22.41 5.05 -25.14 -2.09 -9.05 25.97 -0.95 -2.43 -19.47 -0.84 5.83 -16.29 -4.63 -0.03 -1.22 -0.31 -0.16 -4.06 2.28 0.03 -3.49 -9.18 -3.59 -3.49 15.14 -6.04 9.97 5.92 -2.75 4.25 0 -0 0 -96.34 10.78 45.27 32.99 -43.32 -13.41 -0 -0 7.33 25.2 43.41 17.92 -7.12 0 -0 -23.44 75.22 -16.89 0 -0 0 99.03 -8.97 -17.68 -15.97 25.49 -3.63 0 0 3.46 9.06 42.24 6.12 7.12 -0 -0 22.35 9.9 27.87
22.57 15.82 -0.42 189.07 -87.01 -186.57 0 0 0 -26.36 -1.14 3.33 2.93 10.58 30.87 1.51 -0.12 -23.19 2.5 -9.84 -28.46 0 0 0 23.95 3.51 -23.73 -2.07 -9.01 25.84 -1.16 -0.8 -20.7 -0.84 5.83 -16.3 -3.9 0.15 -2.79 -0.33 0.12 -4.43 1.85 0.13 -3 -9.36 -3.68 -3.41 15.27 -6.25 10.55 5.99 -2.85 4.45 -0 0 0 -96.14 11.39 43.83 30.12 -40.99 -11.49 -0 -0 9 23 42.31 15.94 -7.12 0 -0 -24.05 73.47 -16.46 -0 0 0 100.23 -9.08 -12.11 -17.62 27.67 -4.37 0 -0 -0.12 8.55 41.72 5.71 7.12 -0 -0 22.11 9.43 27.38
22.03 15.82 -0.56 193.92 -86.56 -191.58 0 0 0 -23.81 2.08 -1.79 4.87 13.23 40.25 0.74 -2.18 -15.68 3 -10.69 -31.26 0 0 0 25.11 1.18 -22.46 -2.18 -9.23 26.51 -1.34 2.15 -21.31 -0.7 5.36 -14.95 -2.97 0.71 -3.32 -0.55 0.87 -4.53 1.1 0.47 -2.83 -9.48 -3.89 -3.59 14.78 -6.55 11.29 5.83 -3 4.73 -0 -0 0 -96.62 11.43 37.76 26.36 -37.56 -9.11 -0 -0 10.52 24.14 42.94 16.98 -7.12 0 -0 -23.83 74.42 -16.78 -0 -0 0 101.27 -8.88 -5.68 -20.26 30.95 -5.66 0 -0 -5.2 11.05 41.02 7.3 7.12 -0 -0 23.27 8.72 28.83
21.62 15.75 -0.66 219.77 -87.01 -217.81 0 0 0 -19.88 3.31 -11.19 8.97 16.79 55.99 0.05 -1.88 -4.02 2.19 -9.25 -26.58 0 0 0 26.77 -0.67 -21.15 -2.27 -9.4 27.07 -1.5 2.72 -22.44 -0.41 4.13 -11.43 -1.22 1.24 -2.43 -0.56 1.56 -4.44 0.11 0.77 -3.22 -10.22 -4.49 -3.51 14.69 -7.29 11.3 5.88 -3.4 4.84 -0 -0 0 -97.36 10 27.73 22.05 -33.03 -6.61 -0 -0 16.54 22.55 41.42 15.36 -7.12 0 -0 -22.92 72.55 -15.21 -0 -0 0 101.32 -7.93 1.59 -23.65 34.79 -7.51 0 -0 -9.34 9.38 40.96 6.18 7.12 -0 -0 22.5 8.69 27.7
21.29 15.7 -0.73 267.58 -84.91 -266.4 0 0 0 -14.08 1.95 -20.66 13.33 18.9 70.15 0.03 2.53 -5.22 1.93 -8.73 -24.95 0 0 0 30.53 -3.76 -18.88 -1.99 -8.84 25.29 -1.56 2.95 -22.88 -0.37 3.9 -10.78 2.65 1.67 -0.39 -0.01 2.21 -4.24 -1.55 0.98 -4.05 -10.65 -5.27 -3.49 14.59 -8.31 11.23 5.84 -3.91 4.96 0 0 0 -97.62 8.33 16.46 19.23 -29.7 -5.14 -0 -0 20.76 24.57 39.51 16.22 -7.12 0 -0 -17.12 71.52 -10.91 0 0 0 100.02 -5.61 8.03 -26.8 37.98 -9.37 0 -0 -12.27 8.6 41.33 5.7 7.12 -0 -0 22.14 9.06 27.3
20.97 15.72 -0.8 271.45 -85.6 -270.56 0 0 0 -13.85 0.09 -27.1 13.66 19.01 71.16 0.29 7.15 -15.21 1.28 -7.18 -20.26 0 0 0 29.96 -2.64 -16.34 -1.92 -8.7 24.86 -1.63 0.64 -23.93 -0.26 3.3 -9.12 1.15 3.2 1.08 -0.38 4.25 -4.54 -1.26 2.03 -5.18 -10.23 -6.51 -2.04 14.7 -10.12 10.61 5.7 -4.86 4.76 0 -0 0 -96.24 9.16 10.6 19.1 -29.55 -5.08 -0 -0 21.71 19.17 45.16 13.84 -7.12 0 -0 -35.21 74.33 -25.13 0 -0 0 98.53 -2.48 10.72 -29.89 40.8 -11.34 0 -0 -13.62 7.33 42.37 4.96 7.12 -0 -0 21.55 10.09 26.78
20.66 15.75 -0.79 261.89 -86.71 -260.53 0 0 0 -14.58 -4.04 -30.1 10.79 17.83 62.1 1.06 7.42 -23.44 1.52 -7.8 -22.1 0 0 0 28.64 0.5 -14.47 -2 -8.87 25.4 -1.71 -1.57 -25.31 -0.1 2.08 -5.73 2.03 3.61 3.27 -1.93 4.78 -5.62 -3.6 2.14 -7.37 -10.32 -6.45 -2.41 15.36 -10.28 11.77 5.91 -4.89 5.23 0 -0 0 -92.5 12.46 7.92 20.56 -31.31 -5.82 -0 -0 14.39 24.4 41.9 16.86 -7.12 0 -0 -21.38 73.62 -14.65 0 -0 0 98.69 -0.16 16.06 -35.9 45.44 -15.45 0 -0 -15.19 6.97 42.34 4.7 7.12 -0 -0 21.38 10.08 26.54
20.33 15.81 -0.73 236.59 -86.67 -235.03 0 0 0 -13.81 -7.68 -30.32 7.46 15.7 50.58 1.48 -0.82 -22.74 2.35 -9.55 -27.54 0 0 0 27.93 -1.83 -13.16 -1.7 -8.22 23.38 -1.65 0.7 -24.11 -0.02 0.93 -2.55 2.6 4.26 3.15 -2.28 5.68 -5.11 -4.32 2.58 -6.61 -11.18 -6.33 -3.2 15.87 -9.97 11.28 6.22 -4.71 5.24 0 -0 0 -90.78 12.36 2.91 21.21 -32.07 -6.16 -0 -0 14.63 24.33 41.76 16.76 -7.12 0 -0 -21.22 73.47 -14.48 0 -0 0 96.84 4.66 21.47 -42.92 49.71 -20.64 0 -0 -16.32 6.38 42.99 4.36 7.12 -0 -0 21.12 10.71 26.35
19.93 15.86 -0.61 215.7 -85.52 -215.19 0 0 0 -13.43 -10.64 -27.22 5.72 14.16 43.86 1.36 -4.19 -21.04 2.88 -10.5 -30.6 0 0 0 27.17 -1.58 -8.52 -1.36 -7.39 20.86 -1.67 0.69 -24.27 -0.01 0.68 -1.88 3.41 4.84 3.19 -2.36 6.52 -4.55 -4.86 3 -5.87 -10.46 -6.12 -3.59 14.63 -9.58 11.86 5.72 -4.51 5.34 0 -0 0 -89.15 12.48 -3.56 21.22 -32.08 -6.17 -0 -0 14.88 20.3 42.45 14.02 -7.12 0 -0 -27.73 72.63 -18.58 0 -0 0 95.74 8.95 25.02 -47.86 52.1 -24.48 0 -0 -16.3 5.21 44.25 3.64 7.12 -0 -0 20.62 11.97 25.99
19.5 15.82 -0.45 202.51 -85 -202.22 0 0 0 -15.42 -11.32 -24.43 5.5 13.92 42.93 1.21 -1.88 -20.26 1.9 -8.65 -24.7 0 0 0 25.55 -1.53 -6.74 -1.47 -7.65 21.66 -1.88 1.45 -25.51 -0.04 1.26 -3.46 2.73 5.11 1.92 -2.27 6.8 -4.62 -4.29 3.18 -5.27 -9.63 -5.66 -3.32 13.55 -8.99 12.7 5.29 -4.24 5.38 0 -0 0 -87.02 12.25 -8.74 20.64 -31.41 -5.86 -0 -0 10.34 18.97 46.26 13.94 -7.12 0 -0 -38.42 75.04 -28.11 0 -0 0 95.66 11.18 26.66 -50.61 53.24 -26.67 0 -0 -13.96 3.24 46.1 2.33 7.12 -0 -0 19.81 13.85 25.33
19.04 15.89 -0.26 181.23 -84.66 -181.28 0 0 0 -19.08 -9.06 -21.05 4.77 13.12 39.8 1.32 -1.76 -21.24 1.56 -7.89 -22.39 0 0 0 22.66 -0.83 -3.89 -1.42 -7.55 21.34 -2.03 1.01 -26.66 -0.06 1.53 -4.2 1.56 5.29 1.1 -2.94 6.91 -5.02 -4.28 3.26 -5.27 -8.71 -5.38 -2.89 12.95 -8.72 13.35 4.97 -4.12 5.4 -0 -0 0 -83.57 11.53 -9.9 21.47 -32.37 -6.3 -0 0 -1.22 22.93 52.78 18.61 -7.12 0 -0 -62.17 80.04 -52.91 -0 -0 0 97.06 10.22 26.25 -52.41 53.92 -28.11 0 -0 -10.99 2.29 48.97 1.73 7.12 -0 -0 19.6 16.63 25.66
18.66 15.87 -0.04 163.76 -84.62 -164.15 0 0 0 -22.16 -7.33 -18.89 4.4 12.68 38.18 1.42 -3.46 -21.68 1.32 -7.29 -20.57 0 0 0 20.15 0.55 -2.73 -1.74 -8.31 23.65 -2.25 -0.52 -28.61 -0.29 3.48 -9.61 0.21 5.09 0.34 -3.15 6.58 -4.95 -3.66 3.15 -4.92 -7.93 -5.16 -2.54 11.9 -8.25 12.71 4.55 -3.92 5.02 -0 0 0 -80.66 7.68 -9.57 22.3 -33.31 -6.75 -0 0 -9.35 25.3 54.78 21.11 -7.12 0 -0 -74.85 81.33 -66.23 -0 0 0 97.38 8.04 24.22 -52.72 54.03 -28.36 0 -0 -5.81 1.9 51.55 1.49 7.12 -0 -0 19.66 19.12 26.27
18.38 15.82 0.2 153.12 -85.14 -153.85 0 0 0 -24.15 -6.45 -17.69 4.31 12.56 37.75 1.51 -5.23 -22.09 1.01 -6.38 -17.9 0 0 0 18.76 1.88 -4.18 -2.67 -10.14 29.44 -2.38 -2.65 -30.22 -0.82 5.78 -16.13 -0.29 4.05 0.42 -2.66 5.19 -4.72 -2.82 2.49 -4.9 -8.01 -4.49 -2.94 11.01 -7.09 12.23 4.35 -3.38 4.8 -0 0 0 -78.49 0.55 -10.31 22.69 -33.74 -6.96 -0 0 -9.18 27.43 53.88 22.75 -7.12 0 -0 -69.75 82.15 -62.16 -0 0 0 95.93 6.18 22.6 -49.59 52.83 -25.84 0 0 1.72 -3.18 59.69 -2.75 7.12 -0 -0 18.92 27.3 26.45
18.2 15.81 0.42 151.31 -84.83 -152.67 0 0 0 -25.64 -5.79 -15.77 4.04 12.21 36.48 1.58 -5.36 -22.64 0.69 -5.3 -14.77 0 0 0 17.26 2.11 -8.83 -4.48 -12.77 38.52 -1.84 -3.69 -27.18 -1.54 7.83 -22.21 -0.62 3.5 1.23 -2.22 4.48 -4.58 -2.21 2.16 -5.3 -7.71 -3.81 -3.36 10.54 -6.11 12.55 4.21 -2.89 4.85 -0 -0 0 -75.58 -7.45 -7.06 24.33 -35.51 -7.9 -0 0 -11.37 27.88 52.2 22.68 -7.12 0 -0 -57.84 82.02 -50.79 -0 -0 0 94.13 3.84 20.77 -51.16 53.45 -27.11 0 0 3.87 -13.46 63.48 -12.09 7.12 -0 -0 16.51 32.25 23.32
18.08 15.76 0.59 137.13 -82.97 -139.13 0 0 0 -28.96 -4.88 -14.23 3.76 11.84 35.16 1.62 -5.42 -22.95 0.24 -3.15 -8.69 0 0 0 13.29 2.83 -16.22 -7.17 -15.47 49.5 -1.27 -3.49 -22.84 -1.5 7.74 -21.93 -3.48 2.79 2.23 -2.42 3.34 -4.29 -0.8 1.71 -5.76 -6.86 -3.07 -2.97 9.74 -4.98 11.58 3.89 -2.35 4.34 0 -0 0 -71.5 -14.83 -0.96 28.26 -39.36 -10.29 -0 0 -16.23 28.2 50.66 22.52 -7.12 0 -0 -47.62 81.56 -41.05 0 -0 0 92.48 3.94 17.25 -52.16 53.83 -27.91 0 0 3.48 -10.74 59.88 -9.32 7.12 -0 -0 16.32 28.51 22.72
17.96 15.75 0.72 133.39 -82.4 -136.53 0 0 0 -30.39 -2.67 -12.55 3.5 11.46 33.86 1.56 -6.62 -22.38 0.15 -2.49 -6.85 0 0 0 11.59 3.31 -20.47 -7.53 -15.76 50.86 -1.53 -0.31 -23.5 -1.66 8.13 -23.1 -4.74 2.02 3.93 -2.34 2.17 -4.02 0 1.19 -6.49 -7.12 -2.34 -3.65 10.27 -4.08 12.45 4.15 -1.87 4.65 0 0 0 -68.21 -23.05 3.32 31.97 -42.52 -12.72 -0 0 -18.02 23.44 48.28 17.93 -7.12 0 -0 -40.37 78.17 -32.06 0 0 0 91.15 4.99 10.91 -56.85 55.41 -31.73 0 -0 -0.25 -5.85 58.1 -4.97 7.12 -0 -0 17.65 26.14 24.4
17.78 15.85 0.83 139.07 -83.23 -141.63 0 0 0 -29.82 -2.76 -11.11 3.1 10.85 31.78 1.51 -6.14 -22.04 0.29 -3.48 -9.61 0 0 0 12.65 5.98 -21.87 -5.62 -14.05 43.44 -1.78 -2.31 -26.1 -1.71 8.24 -23.45 -4.18 2.39 3.32 -2.59 2.66 -4.89 -0.62 1.4 -7.05 -4.99 -2.53 -1.44 10.51 -4.69 12.5 3.86 -2.16 4.3 0 -0 0 -67.11 -30.71 12.72 35.16 -44.93 -14.93 -0 0 -18.81 19.57 45.62 14.25 -7.12 0 -0 -35.97 74.82 -26.05 0 -0 0 87.79 5.96 2.9 -63.02 57.06 -36.86 0 -0 -2.51 -6.91 59.75 -5.98 7.12 -0 -0 17.63 27.83 24.58
17.59 15.92 0.89 142.52 -84.58 -145.2 0 0 0 -29.08 -2.93 -8.84 2.73 10.24 29.77 1.45 -5.97 -21.62 0.26 -3.31 -9.14 0 0 0 13.98 6.5 -21.29 -4.12 -12.31 36.84 -1.39 -3.64 -23.83 -1.24 7.06 -19.9 -3.79 0.64 3.55 -1.45 0.44 -4.5 0.57 0.33 -6.7 -6.56 -1.39 -4.44 10.95 -3.06 13.94 4.34 -1.29 5.14 0 -0 0 -66.31 -36.54 14.62 38.24 -46.99 -17.14 -0 0 -18.88 13.84 43.35 9.6 -7.12 0 -0 -36.9 71.1 -23.95 0 -0 0 80.89 11.93 1.74 -71.07 58.6 -43.68 0 -0 -5.03 -5.49 60.52 -4.78 7.12 -0 -0 18.3 28.35 25.64
17.36 15.89 0.9 140.38 -84.63 -143.4 0 0 0 -29.09 -1.25 -8.4 2.8 10.36 30.16 1.47 -7.82 -21.72 0.27 -3.32 -9.17 0 0 0 14.35 6.78 -20.28 -4 -12.16 36.29 -0.72 -8.39 -21.24 -0.44 4.26 -11.81 -5.13 0.3 2.37 -1.08 0.01 -4.11 1.75 0.17 -5.61 -6.92 -1.42 -4.69 10.99 -3.08 14.26 4.41 -1.3 5.29 0 -0 0 -67.18 -40.9 20.04 41.43 -48.9 -19.51 -0 0 -18.53 5.83 43.04 3.99 -7.12 0 -0 -44.38 68.25 -26.7 0 -0 0 73.61 17.09 0.4 -80.55 59.66 -51.82 0 -0 -5.29 -1.61 58.13 -1.37 7.12 -0 -0 19.19 25.66 26.65
17.14 15.89 0.89 146.9 -84.11 -149.26 0 0 0 -28.93 -0.94 -8.43 2.87 10.48 30.56 1.63 -7.7 -22.88 0.4 -4.08 -11.3 0 0 0 14.71 7.6 -19.98 -3.93 -12.06 35.96 -0.42 -9.63 -19.3 -0.4 4.04 -11.19 -4.74 -0.04 1.17 -1.15 -0.4 -4.68 1.49 -0.06 -5.5 -7.67 -1.08 -4.88 11.95 -2.71 14.47 4.88 -1.1 5.37 0 -0 0 -67.59 -39.61 24.28 49.28 -52.7 -25.6 -0 0 -18.84 5.31 43.24 3.64 -7.12 0 -0 -45.25 68.22 -27.27 0 -0 0 68.62 19.76 2.78 -94.21 59.93 -63.65 0 -0 -3.72 5.29 51.79 4.16 7.12 -0 -0 21.07 19.09 28.36
16.97 15.92 0.88 160.56 -82.15 -162.24 0 0 0 -28.73 -2.54 -7.64 2.88 10.5 30.62 1.94 -4.31 -25.31 0.1 -2 -5.51 0 0 0 15.17 9.06 -20.23 -3.99 -12.15 36.26 -0.53 -7.71 -18.69 -0.3 3.5 -9.67 -3.63 -0.03 0.95 -1.11 -0.38 -5.43 0.9 -0.09 -6.16 -6.67 -0.64 -4.41 10.79 -1.95 13.54 4.36 -0.76 4.91 0 -0 0 -66.47 -34.49 26.56 62.78 -57.01 -36.66 -0 0 -17.44 5.71 46.1 4.12 -7.12 0 -0 -50.77 70.19 -33.25 0 -0 0 66.58 20.15 10.15 -111.66 58.15 -78.64 0 -0 -1.67 12.06 44.35 8.5 7.12 -0 -0 23.69 11.83 30.47
16.94 15.9 0.87 164.85 -78.94 -167.07 0 0 0 -29.39 -2.39 -7.19 2.95 10.62 31 2.05 -1.02 -26.8 0.47 -4.38 -12.15 0 0 0 15.14 8.83 -21.51 -4.31 -12.57 37.77 -0.39 -5.59 -15.2 -0.74 5.5 -15.34 -4.03 0.16 2.67 -1.13 -0.24 -5.56 1.1 0.02 -7.31 -5.9 -0.14 -4.34 10.41 -1.2 12.73 4.14 -0.38 4.58 -0 0 0 -64.32 -29.81 25.47 76.93 -59.34 -48.71 -0 0 -20.51 7.69 47.79 5.71 -7.12 0 -0 -53.14 71.85 -36.81 -0 0 0 67.86 19.63 22.69 -120.53 56.17 -86.1 0 -0 -1.22 15.42 39.71 9.99 7.12 -0 -0 25.31 7.53 31.45
17.02 15.83 0.93 168.53 -74.8 -171.91 0 0 0 -29.97 -1.72 -7.95 3.32 11.2 32.96 2.09 2.15 -28.15 0.38 -3.94 -10.91 0 0 0 14.91 9.69 -23.01 -4.92 -13.29 40.48 -0.32 -0.87 -11.08 -0.65 5.14 -14.3 -4.36 0.49 5.28 -0.97 0.08 -5.44 1.42 0.24 -8.73 -4.77 0.56 -4.16 10.07 -0.3 12.58 3.88 0.08 4.43 -0 0 0 -61.84 -25.53 23.04 88.13 -59.99 -58.38 -0 0 -21.1 7.36 47.54 5.45 -7.12 0 -0 -52.76 71.59 -36.24 -0 0 0 72.95 16.71 39.04 -120.79 56.09 -86.32 0 0 0.96 13.76 36.17 8.22 7.12 -0 -0 24.72 4.19 29.24
17.22 15.69 1.04 170.07 -69.44 -175.06 0 0 0 -31.14 -2.43 -8.22 3.73 11.79 35 2.03 6.45 -29.86 0.02 -0.99 -2.71 0 0 0 14.19 11.98 -25.52 -5.99 -14.42 44.93 -0.27 2.17 -9.34 -1.83 8.51 -24.27 -5.14 2 7.75 -0.76 1.97 -4.34 1.77 1.22 -9.14 -5.55 0.47 -4.93 10.97 -0.4 12.11 4.29 0.07 4.43 0 -0 0 -60.48 -25.99 21.31 95.63 -59.88 -64.87 -0 0 -22.23 8.98 49.57 6.86 -7.12 0 -0 -57.04 73.23 -41.45 0 -0 0 79.26 9.48 51.18 -114.33 57.64 -80.91 0 0 2.54 13.62 36.33 8.17 7.12 -0 -0 24.64 4.33 29.19
17.48 15.54 1.15 166.59 -65.85 -174.75 0 0 0 -33.29 -0.43 -7.71 3.86 11.97 35.63 1.91 8.68 -30.44 0 -0.11 -0.31 0 0 0 12.13 12.68 -26.2 -7.24 -15.53 49.79 -0.33 5.69 -10.31 -2.04 8.95 -25.65 -6.91 3.9 11.38 -0.87 4.06 -2.86 2.13 2.32 -9.94 -7.4 -0.46 -4.45 11.43 -1.44 10.9 4.68 -0.51 4.08 0 0 0 -60.83 -28.64 20.79 97.21 -59.8 -66.24 -0 0 -22.59 8.12 50.13 6.25 -7.12 0 -0 -59.33 73.18 -43.33 0 0 0 84.34 -2.36 55.19 -98.68 59.71 -67.51 0 0 6.16 8.85 36.12 5.25 7.12 -0 -0 22.33 4.17 25.89
17.75 15.47 1.25 162.39 -66.8 -172.49 0 0 0 -34.43 1.48 -8.17 3.92 12.05 35.9 1.9 7.72 -29.77 0.07 -1.75 -4.81 0 0 0 9.5 11.32 -25.72 -9.23 -16.95 56.87 -0.65 -0.1 -15.25 -2.1 9.07 -26 -7.17 4.46 13.56 -1.14 4.59 -1.3 1.79 2.51 -9.52 -8.79 -1.64 -4.41 11.08 -2.73 9.6 4.73 -1.21 3.83 -0 -0 0 -62.46 -31.39 20.87 96.01 -59.86 -65.2 -0 0 -22.02 5.66 49.49 4.31 -7.12 0 -0 -59.25 72 -41.98 -0 -0 0 87.78 -10.26 46.98 -67.2 57.94 -40.39 0 0 9.46 1.48 43.65 1.02 7.12 -0 -0 18.87 11.67 23.47
18.08 15.49 1.29 159.17 -72.17 -168.01 0 0 0 -33.33 1.37 -11.02 4.07 12.25 36.62 1.85 3.02 -26.9 0.04 -1.22 -3.36 0 0 0 8.62 10.18 -25.43 -12.24 -18.49 66.74 -0.3 -1.27 -10.93 -1.05 6.52 -18.31 -4.38 2.05 16.01 -2.87 1.45 -2.26 -1.04 0.82 -11.58 -7.74 -1.81 -4.23 12.43 -3.27 9.68 4.95 -1.41 3.88 0 -0 0 -60.88 -29.3 19.4 99.45 -59.66 -68.18 -0 0 -23.5 3.16 49.08 2.39 -7.12 0 -0 -60.03 70.92 -41.44 0 -0 0 89.12 -14.63 35.69 -50.4 53.16 -26.49 0 0 12.25 -1.76 59.97 -1.53 7.12 -0 -0 19.47 27.4 27.29
18.37 15.5 1.24 142.76 -77.69 -148.4 0 0 0 -34.01 1.97 -15.79 4.02 12.19 36.39 1.71 -3.33 -23.89 0.14 -2.45 -6.76 0 0 0 7.39 9.02 -24.69 -14.97 -19.38 75.14 0.08 -5.36 -3.59 -0.19 2.78 -7.65 -4.07 -0.75 14.41 -4.77 -2.43 -2.99 -2.33 -1.13 -11.48 -7.19 -1.86 -4.02 14.85 -3.63 8.88 5.6 -1.52 3.68 0 -0 0 -61.2 -27.52 17.83 104.25 -59.22 -72.31 -0 0 -25.09 -0.1 49.91 -0.07 -7.12 0 -0 -64.47 70.17 -44.33 0 -0 0 84.5 -21.12 30.04 -54.17 54.54 -29.54 0 0 8.95 -9.59 69.51 -8.99 7.12 -0 -0 19.74 37.12 28.46
18.61 15.61 1.16 116.73 -81.24 -118.82 0 0 0 -34.24 1.34 -19.21 3.67 11.71 34.71 1.39 -7.59 -21.05 0.54 -4.73 -13.13 0 0 0 9.03 5.74 -20.35 -14.56 -19.27 73.9 -0.03 -4.31 4.05 -0 -0.17 0.48 -2.94 -3.26 11.55 -6.04 -5.65 -3.66 -3.72 -2.84 -10.85 -6.41 -1.57 -4.3 16.11 -3.51 9.08 5.88 -1.4 3.78 -0 -0 0 -63.1 -25.88 16.05 110.33 -58.38 -77.51 -0 0 -27.34 -1.48 50.43 -1.14 -7.12 0 -0 -66.71 69.92 -45.96 -0 -0 0 79.24 -27.96 23.34 -68.88 58.24 -41.81 0 0 8.37 -24.71 73.1 -23.77 7.12 -0 -0 18.07 42.44 26.02
18.87 15.68 1.09 115.91 -81.89 -115.86 0 0 0 -33.25 -0.3 -21.79 3.63 11.65 34.51 1.32 -6.51 -20.52 0.67 -5.25 -14.62 0 0 0 12.8 4.25 -12.34 -10.51 -17.69 61.18 0.04 -5.94 3.07 -0.18 -2.73 7.54 -1.61 -3.9 9.75 -6.41 -6.29 -3.94 -4.82 -3.29 -10.33 -7.81 -0.9 -5.2 18.8 -2.82 9.32 7.04 -0.97 3.97 0 0 0 -65.08 -24.78 14.48 115.52 -57.39 -81.91 -0 0 -29.1 -1.32 50.16 -1.02 -7.12 0 -0 -65.96 69.86 -45.24 0 0 0 78.18 -29.64 9.95 -82.58 59.79 -53.58 0 0 9.76 -35.57 75.21 -34.66 7.12 -0 -0 17.68 45.91 25.39
19.18 15.75 1.04 151.59 -80.39 -148.92 0 0 0 -29.11 -2.51 -26.56 4.21 12.43 37.28 1.41 -3.28 -21.64 0.58 -4.87 -13.55 0 0 0 17.21 3.13 -4.61 -5.63 -14.06 43.48 0.01 -5.77 -8 -0.22 3.02 -8.33 0.75 -3.11 8.61 -5.2 -4.76 -4.83 -5.19 -2.65 -10.57 -8.21 -0.06 -4.94 18.43 -1.48 8.84 7.05 -0.35 3.59 0 0 0 -65.82 -21.84 13.18 120.99 -56.04 -86.48 -0 0 -29.87 0.09 50.86 0.07 -7.12 0 -0 -66.79 70.63 -46.89 0 0 0 75.8 -25.34 2.68 -87.18 59.97 -57.56 0 0 6.99 -52.35 77.6 -51.7 7.12 -0 -0 18.03 50.44 25.68
19.46 15.84 1.01 189.85 -73.67 -184.02 0 0 0 -19.17 -2.5 -33.77 5.83 14.26 44.3 1.86 -1.09 -25.46 1.44 -7.59 -21.49 0 0 0 24.27 5 -0.15 -2.82 -10.4 30.3 -0.3 -2.2 -11.43 -0.53 4.64 -12.9 6.33 -1.38 8.07 -2.25 -1.35 -5.62 -5.77 -1.26 -10.84 -7.82 0.6 -6 16.32 -0.34 9.45 6.36 0.23 3.8 -0 -0 0 -64.98 -17.52 11.84 125.7 -54.59 -90.35 -0 0 -30.09 -0.21 49.58 -0.16 -7.12 0 -0 -63.73 69.99 -43.48 -0 -0 0 73.44 -21.56 1.52 -87.18 59.97 -57.56 0 0 5.72 -61.11 78.41 -60.61 7.12 -0 -0 18.46 52.41 26.17
19.65 15.78 1 200.62 -67.24 -191.73 0 0 0 -11.85 -2.74 -39.71 7.87 16.02 52.1 2.19 -2.55 -27.33 1.92 -8.69 -24.83 0 0 0 28 5.75 -2.02 -2.3 -9.47 27.27 -0.35 3.13 -10.46 -0.87 5.96 -16.66 7.94 -0.23 7.42 0.99 0.63 -5.99 -3.48 -0.29 -10.58 -5.98 1.53 -7.24 12.52 1.24 9.79 4.92 0.98 3.97 0 0 0 -63.7 -12.63 9.65 129.1 -53.35 -93.11 -0 0 -27.43 -4.15 47.49 -3.06 -7.12 0 -0 -61.95 67.7 -39.24 0 0 0 73.04 -17.71 3.52 -84 59.86 -54.81 0 0 7.81 -66.53 78.99 -66.14 7.12 -0 -0 19.03 53.56 26.89
19.67 15.72 1.02 206.58 -64.36 -197.38 0 0 0 -7.59 -3.55 -39.31 9.55 17.15 57.98 1.95 -4.53 -25.35 3.09 -10.85 -31.76 0 0 0 29.94 -0.73 -4.54 -2.35 -9.56 27.58 -0.13 8.36 -8.22 -0.57 4.82 -13.38 8 -0.28 8.18 4.3 0.82 -5.84 0.05 -0.12 -10.9 -5.26 2.49 -6.73 9.13 2.84 10.12 3.81 1.64 3.89 -0 0 0 -62.72 -8.87 6.65 130.04 -52.98 -93.86 -0 0 -25.63 -8.59 46.72 -6.27 -7.12 0 -0 -63.88 65.92 -38.57 -0 0 0 75.9 -14.94 8.63 -79.29 59.56 -50.74 0 0 7.82 -69.66 79 -69.31 7.12 -0 -0 19.05 54.14 26.87
19.45 15.7 1.1 206.56 -62.19 -197.34 0 0 0 -7.04 -6.71 -33.24 8.63 16.57 54.81 2.12 -8.12 -26.15 1.8 -8.43 -24.04 0 0 0 30.02 0.34 -5.07 -2.83 -10.41 30.32 -0.21 5.63 -8.49 -0.67 5.24 -14.61 7.21 0.15 7.19 6.22 1.24 -5.94 2.5 0.18 -10.46 -5.54 2.49 -6.51 7.72 2.9 12 3.45 1.58 4.44 -0 -0 0 -62.3 -8.25 4.18 128.08 -53.74 -92.28 -0 0 -24.56 -14.96 47.06 -11.06 -7.12 0 -0 -69.34 64.14 -40.72 -0 -0 0 79.15 -16.07 20.77 -69.31 58.32 -42.18 0 0 5.44 -52.23 77.24 -51.53 7.12 -0 -0 17.67 50.26 25.18
19.29 15.71 1.3 194.75 -60.67 -187.98 0 0 0 -14.29 -6.74 -26.59 6.7 15.08 47.74 2.46 -7.52 -28.32 1.69 -8.19 -23.31 0 0 0 23.01 2.66 -14.78 -6.77 -15.14 48.01 0 2.39 -1.32 -0.13 2.35 -6.47 2.39 0.77 8.61 5.43 1.64 -5.66 4.28 0.75 -11.06 -5.79 2.03 -5.57 7.26 2.27 12.4 3.31 1.21 4.45 -0 -0 0 -61.87 -9.2 2.73 125.62 -54.62 -90.29 -0 0 -22.64 -23.31 46.12 -17.26 -7.12 0 -0 -73.95 61.32 -40.52 -0 -0 0 82.39 -13.27 38.65 -51.04 53.41 -27.01 0 0 5.27 -21.84 68.14 -20.41 7.12 -0 -0 16.02 37.85 22.89
19.3 15.63 1.45 175.83 -60.66 -175.58 0 0 0 -25.83 -3.69 -19.45 5.1 13.49 41.24 2.3 -6.23 -27.44 1.64 -8.08 -22.97 0 0 0 12.63 4.13 -26.9 -13.2 -18.85 69.73 0.06 -5.14 1.08 -0 -0.22 0.61 -5.63 1.48 13.59 2.42 1.22 -3.67 5.59 1.1 -11.91 -6.72 1.02 -5.19 7.48 1.09 10.44 3.45 0.61 3.87 0 0 0 -59.51 -15.44 0.92 118.13 -56.79 -84.1 -0 0 -23.22 -22.87 45.29 -16.69 -7.12 0 -0 -72.32 61.08 -38.72 0 0 0 89.04 -4.68 52.96 -37.16 46.3 -16.36 0 0 3.38 -17.71 60.06 -15.46 7.12 -0 -0 13.97 29.93 19.43
19.27 15.78 1.53 167.89 -60.97 -171.67 0 0 0 -30.97 -0.09 -12.7 3.41 11.33 33.41 2 -5.71 -25.53 1.79 -8.42 -23.99 0 0 0 10.36 9.62 -33.44 -14.75 -19.33 74.48 -0 -1.48 1.19 -0.1 2.09 -5.75 -7.01 2.15 17.61 0.37 1.35 -2.28 4.03 1.14 -12.71 -8.73 -0.2 -4.27 8.74 -0.49 8.99 4.08 -0.19 3.4 0 -0 0 -59.71 -22.14 -0.64 108.01 -58.74 -75.53 -0 0 -27.35 -22.37 46.7 -16.67 -7.12 0 -0 -74.19 61.83 -41.53 0 -0 0 95.72 0.87 56.47 -32.02 42.57 -12.76 0 0 4.07 -12.41 52.6 -9.91 7.12 -0 -0 13.92 22 18.53
19.11 15.76 1.55 159.35 -63.57 -163.27 0 0 0 -35.68 -4.34 -8.68 2.62 10.06 29.17 2.02 -2.91 -26.16 1.42 -7.53 -21.3 0 0 0 7.92 13.43 -38.79 -11.88 -18.34 65.61 -0.01 3.01 -2.55 -0.59 4.92 -13.69 -7.76 1.73 17.15 -1.43 0.42 -2.05 2.7 0.63 -12.04 -10.35 -1.39 -3.9 9.62 -2.11 9.15 4.56 -1.03 3.55 0 -0 0 -61.02 -29.48 -0.88 99.32 -59.67 -68.06 -0 0 -27.09 -23.63 48.93 -18.25 -7.12 0 -0 -78.79 62.33 -46.61 0 -0 0 96.82 2.94 53.23 -36.84 46.09 -16.13 0 0 3.07 -12.32 46.96 -9.07 7.12 -0 -0 12.86 16.63 16.34
18.8 15.75 1.45 148.61 -66.6 -151.96 0 0 0 -39.08 -3.94 -6.25 1.97 8.81 25.2 1.7 -4.99 -23.57 1.04 -6.5 -18.24 0 0 0 4.21 17.24 -38.03 -6.61 -15 47.39 0 5.01 -3.44 -0.58 4.88 -13.57 -8.39 1.16 16.13 -3.77 -0.76 -2.55 0.78 -0.01 -11.94 -10.5 -2.97 -3.2 11.02 -4.57 10.09 4.91 -2.23 4 0 0 0 -60.65 -33.67 2.7 94.03 -59.94 -63.49 -0 0 -25.15 -22.31 48.91 -17.18 -7.12 0 -0 -77.86 62.72 -46.3 0 0 0 94.77 0.91 41.54 -47.49 51.93 -24.18 0 0 3.88 -8.71 45.78 -6.26 7.12 -0 -0 14.33 14.9 18.02
18.33 15.72 1.31 140.63 -69.8 -143.91 0 0 0 -39.35 0.54 -4.37 1.62 8.02 22.77 1.2 -10.82 -19.91 0.82 -5.79 -16.18 0 0 0 2.4 19.22 -34.64 -3.56 -11.54 34.14 0 0.66 -0.14 -0.1 2.02 -5.55 -7.74 0.3 14.74 -5.02 -1.79 -2.4 -0.68 -0.64 -10.94 -10.64 -4.25 -2.67 12.02 -6.59 10.88 5.15 -3.22 4.41 0 -0 0 -60.35 -36.11 5.99 91.84 -59.99 -61.59 -0 0 -23.96 -23.07 49.53 -17.95 -7.12 0 -0 -79.45 62.71 -47.84 0 -0 0 87.05 0.02 30.02 -57.3 55.55 -32.11 0 0 6.42 -5.24 47.33 -3.85 7.12 -0 -0 16.12 15.88 20.61
17.65 15.66 1.15 129.07 -71.94 -130.5 0 0 0 -40.51 1.02 -3.1 1.46 7.63 21.6 0.95 -15.39 -19.11 0.46 -4.36 -12.08 0 0 0 -0.52 18.24 -35.04 -3.45 -11.39 33.59 -0.01 0.86 2.04 -0.06 -1.6 4.4 -5.88 -1.01 11.59 -7.22 -3.27 -3.16 -3.83 -1.62 -10.12 -10.34 -4.73 -2.09 13.39 -7.66 11.65 5.48 -3.71 4.7 -0 -0 0 -59.28 -36.7 8.39 91.38 -59.99 -61.19 -0 0 -24.13 -23.48 49.76 -18.35 -7.12 0 -0 -80.12 62.67 -48.43 -0 -0 0 77.18 -0.71 22.46 -64.57 57.41 -38.17 0 0 4.5 -4.41 48.32 -3.3 7.12 -0 -0 16.61 16.72 21.44
16.82 15.57 0.95 127.42 -74.28 -127.72 0 0 0 -39.66 -2.04 -0.2 1.71 8.23 23.41 1.35 -13.23 -21.45 0.37 -3.92 -10.86 0 0 0 1.55 17.91 -33.42 -4.28 -12.53 37.62 -0.18 4.88 -7.69 -0 0.22 -0.59 -1.6 -1.59 9.55 -8.35 -3.5 -4.05 -7.54 -2.1 -10.26 -10.95 -4.56 -1.33 15.26 -7.87 12.36 6.21 -3.82 4.9 0 -0 0 -60.12 -36.76 10.35 93.16 -59.96 -62.73 -0 0 -20.69 -20.74 50.08 -16.2 -7.12 0 -0 -78.87 63.6 -48.61 0 -0 0 68.38 -2.35 18.53 -70.98 58.59 -43.6 0 0 1.2 -5.43 48.77 -4.09 7.12 -0 -0 16.22 17.28 21.01
15.9 15.54 0.69 142.44 -77.18 -141.99 0 0 0 -35.74 -3.58 1.37 2.55 9.93 28.74 2.02 -8.64 -25.51 0.45 -4.3 -11.93 0 0 0 8.37 17.29 -31.58 -4.95 -13.32 40.59 -0.45 8.31 -12.42 -0.02 0.88 -2.41 4.51 -1.72 8.24 -7.77 -2.76 -4.96 -10.69 -2.16 -10.7 -10.93 -3.91 -1.35 15.12 -7.17 13.77 6.22 -3.48 5.22 -0 0 0 -61.12 -34.25 11.23 97.1 -59.81 -66.15 -0 0 -16.9 -20.78 49.33 -16.06 -7.12 0 -0 -77.56 63.33 -46.94 -0 0 0 63.58 -3.19 17.21 -77.08 59.36 -48.84 0 -0 -1.36 -7.77 49.51 -5.93 7.12 -0 -0 15.31 18.31 19.92
14.99 15.52 0.33 157.1 -77.21 -156.81 0 0 0 -32.67 -1.98 -2.44 5.33 13.74 42.21 1.61 -3.64 -23.12 1.39 -7.46 -21.08 0 0 0 13.7 15.64 -27.74 -5.14 -13.54 41.41 -0.57 12.78 -15.09 -0.12 2.19 -6.03 7 -1.48 7.71 -7.15 -2.05 -5.36 -11.62 -1.98 -10.77 -10.04 -2.51 -1.43 15.06 -5.14 13.04 6.16 -2.45 4.7 0 0 0 -60.98 -31.01 10.81 99.94 -59.62 -68.6 -0 0 -17.7 -22.82 48.29 -17.44 -7.12 0 -0 -77.15 62.33 -45.04 0 0 0 64.88 -3.98 19.12 -80.93 59.69 -52.16 0 -0 -2.92 -7.55 49.66 -5.77 7.12 -0 -0 15.43 18.42 20.11
14.24 15.46 -0.03 185.95 -78.41 -185.82 0 0 0 -22.19 2.3 -17.84 12.35 18.54 67.1 0.03 1.1 -4.02 0.06 -1.63 -4.49 0 0 0 22.54 12.73 -22.18 -4.49 -12.79 38.57 -0.65 15.26 -16.78 -0.23 3.09 -8.53 11.19 -1.95 9.05 -4.83 -1.68 -5.49 -11.5 -2.01 -11.75 -9.08 -1.42 -2.41 14.39 -3.32 11.89 5.85 -1.49 4.27 -0 0 0 -61.02 -27.69 10.96 102.36 -59.41 -70.69 -0 0 -19.27 -22.48 47.38 -16.94 -7.12 0 -0 -75.39 62.08 -43.02 -0 0 0 68.49 -7.34 25.39 -80.04 59.62 -51.38 0 -0 -0.59 -7.68 49.88 -5.89 7.12 -0 -0 15.4 18.65 20.11
13.52 15.46 -0.36 212.81 -74.44 -212.13 0 0 0 -10.65 7.81 -33.3 17.45 19.84 82.54 0.06 2.12 -5.83 0.09 -1.9 -5.22 0 0 0 31.86 6.32 -17.5 -3.39 -11.3 33.3 -0.03 20.13 -14.42 -0.05 1.45 -3.99 14.4 -1.38 9.94 -1.42 0.08 -5.39 -9.76 -1.2 -11.71 -7.09 -1.16 -2.68 12.21 -2.47 9.31 4.81 -1.07 3.41 0 -0 0 -60.81 -25.71 11.84 104.42 -59.2 -72.45 -0 0 -21.18 -25.41 45.83 -18.82 -7.12 0 -0 -75.02 60.61 -40.35 0 -0 0 73.3 -10.93 32.61 -73.39 58.93 -45.66 0 0 5.19 -6.71 50.11 -5.16 7.12 -0 -0 15.86 18.73 20.75
12.81 15.46 -0.67 218.35 -71.92 -218.01 0 0 0 -5.86 5.94 -41.73 16.41 19.69 79.44 0.38 -1.99 -11.11 0.65 -5.15 -14.33 0 0 0 35.29 -1.4 -14.45 -2.79 -10.35 30.13 1.16 26.34 -10.34 -0 -0.37 1.02 11.1 -0.1 9.9 2.1 1.54 -4.46 -4.22 0.03 -10.26 -6.29 -1.4 -3.35 9.36 -2.3 7.43 3.78 -1.03 2.92 0 -0 0 -62.85 -24.54 13.16 107.19 -58.85 -74.83 -0 0 -22.68 -24.79 42.95 -17.47 -7.12 0 -0 -70.28 59.47 -34.42 0 -0 0 78.19 -10.89 37.9 -60.49 56.44 -34.75 0 0 6.21 -7.05 50.42 -5.45 7.12 -0 -0 15.76 19.07 20.67
12.05 15.55 -0.95 215.61 -72.2 -214.4 0 0 0 -5.17 1 -44.81 11.06 17.97 62.98 0.76 0.98 -16.88 1.54 -7.84 -22.22 0 0 0 35.57 1.1 -9.13 -2.21 -9.29 26.7 0.25 21.95 -13.5 -0.03 -1.11 3.05 4.12 1.64 8.2 4.49 2.96 -4.85 2.02 1.26 -9.85 -5.89 -2.37 -3.13 6.82 -3.35 6.35 3.19 -1.63 2.87 0 0 0 -64.82 -24.48 15.95 107.57 -58.8 -75.15 -0 0 -23.21 -25.11 41.32 -17.2 -7.12 0 -0 -68.24 58.58 -31.34 0 0 0 83.75 -10.08 36.67 -46.8 51.62 -23.64 0 0 7.13 -10.22 53.06 -8.2 7.12 -0 -0 14.91 22.06 19.93
11.22 15.72 -1.07 212.99 -72.37 -211.81 0 0 0 -4.13 -3.69 -42.08 6.56 14.95 47.18 0.38 3.22 -13.33 3.13 -10.91 -31.97 0 0 0 34.24 -2.33 -3.39 -1.31 -7.25 20.47 0.68 22.46 -10.23 -0.08 -1.81 4.99 0.2 3.17 7.86 5.84 4.67 -5.83 5.43 2.43 -11.23 -5.85 -3.82 -2.44 4.88 -5.2 6.39 2.45 -2.61 2.81 0 -0 0 -66.96 -24.81 19.23 102.61 -59.39 -70.9 -0 0 -21.29 -30.64 37.19 -19.7 -7.12 0 -0 -67.15 55.11 -24.47 0 -0 0 86.52 -10.08 30.36 -38.24 46.99 -17.14 0 0 8.44 -11.24 55.78 -9.33 7.12 -0 -0 15.11 24.78 20.55
10.28 15.79 -1.03 208.48 -71.95 -207.94 0 0 0 -5.91 -6.74 -37.31 5.62 14.05 43.45 -0.24 8.96 -5.93 1.36 -7.37 -20.82 0 0 0 32.04 -3.37 0.82 -1.25 -7.1 20.01 0.58 21.16 -9.8 -0.06 1.54 -4.25 -0.46 4.53 6.05 5.91 6.37 -6.42 5.68 3.31 -11.08 -6.8 -5.13 -1.64 5.17 -7.01 6.61 2.66 -3.55 2.91 0 -0 0 -67.91 -25.32 22.68 100.67 -59.57 -69.23 -0 0 -19.74 -34.9 35.44 -22.02 -7.12 0 -0 -68.1 53.27 -21.52 0 -0 0 84.63 -11.14 24.35 -32.5 42.94 -13.08 0 0 11.03 -9.78 57.46 -8.27 7.12 -0 -0 16.06 26.11 22.07
9.4 15.9 -0.82 198.26 -74.36 -197.62 0 0 0 -13.07 -8.19 -33.43 5.07 13.46 41.12 -0.35 11.74 -10.05 0.71 -5.37 -14.97 0 0 0 27.99 1.81 -1.24 -2.9 -10.52 30.69 -0.2 13.5 -11.79 -0.92 6.12 -17.14 -1.09 4.68 3.72 4.26 6.35 -7.3 4.36 3.28 -10.51 -7.48 -5.94 -0.69 5.56 -8.18 6.6 2.9 -4.15 2.87 0 -0 0 -69.71 -24.31 24.43 100.62 -59.57 -69.19 -0 0 -18.07 -37.47 32.83 -22.56 -7.12 0 -0 -66.79 51.29 -16.6 0 -0 0 80.8 -13.29 17.61 -29.72 40.66 -11.23 0 0 15.31 -6.89 58.07 -5.85 7.12 -0 -0 17.26 26.26 23.85
8.86 15.78 -0.73 166.17 -79.16 -169.06 0 0 0 -23.74 -5.97 -29.36 4.94 13.32 40.58 -0.1 6.97 -6.81 1 -6.38 -17.89 0 0 0 19.76 2.46 -7.17 -7.08 -15.4 49.18 -0.2 8.67 -9.35 -1.12 6.72 -18.88 -5.08 3.66 5.69 0.5 4.33 -6.43 2.74 2.45 -10.51 -8.41 -6.48 -0.37 8.18 -9.11 6.48 3.54 -4.57 2.74 -0 -0 0 -70.41 -23.65 24.52 103.34 -59.32 -71.53 -0 0 -18.65 -36.17 33.32 -21.88 -7.12 0 -0 -66.51 51.82 -17.57 -0 -0 0 78.03 -14.28 11.24 -29.34 40.32 -10.98 0 0 14.35 -4.51 59.01 -3.87 7.12 -0 -0 18.32 26.82 25.48
8.5 15.76 -0.66 108.69 -83.15 -114.08 0 0 0 -30.43 -5.82 -25.13 4.71 13.05 39.54 -0 2.05 -2.54 0.91 -6.07 -16.98 0 0 0 13.75 -2.1 -10.64 -9.9 -17.35 59.16 -0.14 6.5 -7.58 -1.14 6.77 -19.04 -4.65 0.95 6.73 -3.34 0.32 -5.68 -1 0.28 -9.86 -9.38 -6.46 0.7 11.36 -9.55 7.32 4.67 -4.79 3.04 0 -0 0 -70.87 -22.74 23.29 106.24 -58.98 -74.01 -0 0 -19.76 -31.44 32.94 -18.39 -7.12 0 -0 -62.88 52.48 -16.98 0 -0 0 74.2 -16.57 7.76 -33.46 43.68 -13.74 0 0 11.91 -4.68 59.55 -4.03 7.12 -0 -0 18.37 27.35 25.63
8.44 15.6 -0.65 56.34 -82.82 -62.04 0 0 0 -30.85 -9.85 -25.71 5.51 13.93 42.98 -0 0.12 0.05 0.94 -6.17 -17.28 0 0 0 15.39 1.58 -10.72 -10.94 -17.91 62.59 -0.09 1.58 -5.25 -0.39 4.01 -11.1 -0.95 -1 5.91 -5.36 -2.05 -5.35 -4.9 -1.23 -9.18 -9.59 -6.31 1.38 12.56 -9.67 8.43 5.08 -4.86 3.33 -0 -0 0 -73.54 -21.85 23.68 109.68 -58.49 -76.96 -0 0 -20.29 -27.74 34.14 -16.44 -7.12 0 -0 -61.48 53.94 -18.91 -0 -0 0 68.63 -18.9 3.84 -41.2 48.77 -19.34 0 0 8.69 -4.63 57.85 -3.92 7.12 -0 -0 18.04 25.75 24.94
8.71 15.43 -0.75 30.77 -81.05 -38.28 0 0 0 -29.54 -11.7 -26.48 6.23 14.64 45.89 -0.01 -2.42 3.08 1.16 -6.84 -19.24 0 0 0 16.92 1.92 -6.89 -10.01 -17.42 59.53 -0.02 5.84 -4.62 -0.83 5.81 -16.24 0.71 -1.51 7.34 -5.62 -2.54 -4.26 -6.04 -1.55 -8.97 -10.45 -6.72 2.48 13.45 -10.37 8.02 5.51 -5.26 3.2 -0 -0 0 -77.34 -22.76 26.37 111.17 -58.24 -78.23 -0 0 -19.18 -24.46 35.73 -14.87 -7.12 0 -0 -60.73 55.59 -21.3 -0 -0 0 63.11 -20.42 -2.07 -52.86 54.09 -28.47 0 0 5 -0.93 55.35 -0.76 7.12 -0 -0 19 22.97 25.97
9.34 15.59 -0.92 17.7 -81.12 -23.47 0 0 0 -26.6 -12.97 -28.23 5.15 13.55 41.46 0.11 -1.76 7.26 1.31 -7.24 -20.43 0 0 0 20.3 2.23 -5.33 -7.41 -15.67 50.42 -0.28 5.4 -9.61 -1.64 8.07 -22.94 2.31 -0.92 7.3 -5.16 -1.51 -4.43 -6.61 -1.11 -9.04 -11.67 -7.41 3.21 14.08 -11.48 8.32 5.86 -5.86 3.41 -0 0 0 -79.39 -22.91 30.18 111.7 -58.14 -78.68 -0 0 -20.21 -20.96 37.31 -13.07 -7.12 0 -0 -59.79 57.32 -23.49 -0 0 0 63.11 -21.7 -8.25 -69.51 58.35 -42.35 0 0 0 3.05 53.31 2.45 7.12 -0 -0 20.31 20.68 27.53
10.26 15.97 -1.15 -4.03 -78.61 1.81 0 0 0 -20.31 -19.67 -30.61 3.94 12.07 36 0.36 1.77 10.9 1.92 -8.7 -24.85 0 0 0 25.02 -2.65 -8.63 -4.67 -13.01 39.39 -0.46 0.71 -12.59 -0.85 5.87 -16.4 4.44 -0.93 7.36 -4.01 -1.18 -5.33 -6.66 -1.09 -10.06 -12.1 -8.52 4.1 14.92 -13.07 7.44 6.14 -6.68 3.29 0 -0 0 -79.88 -23.02 34.37 113.26 -57.85 -80 -0 0 -22.26 -18.08 38.99 -11.61 -7.12 0 -0 -59.54 59.02 -25.88 0 -0 0 67.91 -25.2 -11.45 -87.22 59.97 -57.6 0 -0 -2.76 1.9 54.28 1.55 7.12 -0 -0 19.96 21.7 27.19
11.13 15.8 -1.39 -16.16 -74.76 14.67 0 0 0 -15.63 -21.09 -33.68 6.59 14.97 47.29 0.29 -0.23 -10.07 2.25 -9.37 -26.97 0 0 0 28.71 -5.05 -13.77 -4.49 -12.79 38.58 -0.78 3.56 -15.91 -0.45 4.32 -11.97 4.75 -1.45 8.9 -2.21 -1.58 -5.62 -4.78 -1.26 -11.31 -12.36 -9.43 5.99 16.24 -14.46 5.89 6.63 -7.47 2.84 0 -0 0 -78.39 -25 37.12 115.18 -57.46 -81.62 -0 0 -22.77 -16.65 42.24 -11.37 -7.12 0 -0 -62.85 61.25 -31.4 0 -0 0 72.14 -27.91 -6.94 -96.6 59.83 -65.71 0 -0 -1.98 -4.1 57.98 -3.48 7.12 -0 -0 18.26 25.8 25.27
11.91 15.57 -1.59 -22.78 -72.28 20 0 0 0 -12.33 -20.65 -31.81 12.01 18.4 66.03 0.74 0.47 -16.44 2.2 -9.26 -26.63 0 0 0 31.47 -5.9 -17.77 -5.05 -13.44 41.03 -0.91 4.01 -17.13 -0.44 4.28 -11.86 3.5 -1.98 10.56 0.09 -2.14 -5.54 -1.41 -1.31 -12.12 -12.39 -9.94 6.49 14.87 -15.1 6.02 6.2 -7.81 2.79 0 -0 0 -75.33 -26.08 37.26 119.37 -56.48 -85.13 -0 0 -22.1 -15.15 49.58 -11.65 -7.12 0 -0 -74.18 65.14 -46.4 0 -0 0 74.44 -28.76 5.61 -99.22 59.68 -67.97 0 -0 -0.11 -8.64 60.19 -7.51 7.12 -0 -0 17.13 28.48 23.92
12.57 15.47 -1.66 -37.99 -73.8 35.22 0 0 0 -8.35 -14.29 -24.89 15.35 19.47 76.28 0.59 -0.01 -14.51 1.86 -8.57 -24.47 0 0 0 34.5 -2.17 -18.46 -4.7 -13.04 39.5 -0.75 5.96 -15.48 -0.02 1 -2.76 3.1 -1.05 8.37 2.96 -0.8 -5.66 1.6 -0.52 -10.79 -12.38 -9.84 6.79 12.67 -14.76 5.93 5.57 -7.65 2.51 -0 0 0 -71.26 -27.02 34.49 123.54 -55.29 -88.59 -0 0 -20.45 -16.61 52.11 -13.25 -7.12 0 -0 -80.15 65.54 -52.66 -0 0 0 74.8 -26.08 22.31 -92.08 59.98 -61.8 0 0 0.37 -10.39 58.88 -8.92 7.12 -0 -0 16.18 27.53 22.42
13.21 15.48 -1.6 -52.79 -77.67 50.36 0 0 0 -9.88 -6.47 -11.22 12.92 18.75 68.87 0.19 -6.81 -8.44 2.59 -10 -28.98 0 0 0 33.45 -1.26 -19.16 -4.04 -12.22 36.51 -0.43 11.37 -13.17 -0.07 1.74 -4.8 2.54 0.13 6.43 3.82 0.68 -6.46 2.59 0.25 -10.55 -11.78 -9.12 8 10.75 -13.83 6.59 5.01 -7.23 2.23 0 -0 0 -66.01 -26.05 31.25 125.21 -54.75 -89.96 -0 0 -20.63 -20.99 53.77 -17.2 -7.12 0 -0 -85.99 64.6 -57.31 0 -0 0 76.32 -22.4 37.26 -75.04 59.14 -47.08 0 -0 -0.76 -11.21 57.48 -9.49 7.12 -0 -0 15.53 26.36 21.34
14 15.52 -1.44 -81.39 -80.33 80.77 0 0 0 -13.88 -2.37 1.89 6.78 15.15 48.05 1.4 -8.63 -21.2 3.46 -11.4 -33.66 0 0 0 32.31 0.08 -23.15 -3.64 -11.67 34.58 0.56 17.45 -5.92 -0.14 2.41 -6.63 1.57 1.54 4.42 5.56 2.45 -7.16 4.79 1.23 -10.33 -12.25 -8.4 7.95 8.4 -12.79 7.39 4.39 -6.74 2.24 -0 -0 0 -64.31 -25.51 29.32 125.23 -54.75 -89.97 -0 0 -19.79 -22.68 55.53 -19.01 -7.12 0 -0 -90.34 64.44 -61.82 -0 -0 0 78.58 -18.54 43.5 -53.96 54.47 -29.37 0 0 1.16 -7.49 60.37 -6.52 7.12 -0 -0 17.58 28.49 24.57
15.04 15.69 -1.34 -89.99 -85.47 91.44 0 0 0 -22.68 -5.22 5.44 3.39 11.31 33.32 2.51 -1.77 -29.5 2.29 -9.45 -27.22 0 0 0 25.49 7.03 -27.97 -3.71 -11.77 34.91 0.35 14.27 -5.24 -0.54 4.69 -13.03 -5 2.12 5.47 5.35 2.63 -7.69 8.34 1.94 -11.98 -11.52 -8.35 8.78 7.37 -12.59 5.98 4.06 -6.62 1.57 -0 -0 0 -64.93 -25.95 31.02 125.42 -54.68 -90.12 -0 0 -15.17 -19.96 56.49 -16.85 -7.12 0 -0 -90.96 65.47 -63.91 -0 -0 0 82.29 -13.65 43.86 -35.74 45.33 -15.34 0 0 2.55 -8.75 65.11 -7.95 7.12 -0 -0 18.48 33.03 26.32
16.2 15.63 -1.29 -47.9 -91.02 48.26 0 0 0 -28.84 -5 3.48 2.74 10.26 29.83 2.84 -0.36 -31.85 1.42 -7.54 -21.33 0 0 0 17.2 16.67 -31.29 -4.77 -13.12 39.83 -0.17 8.2 -8.78 -2.3 9.47 -27.26 -10.23 2.52 11.38 4.46 2.12 -6.15 10.45 2.23 -14.03 -12.81 -7.87 5.96 8.92 -11.59 4.17 4.65 -6.01 1.54 0 0 0 -64.9 -27.68 27.81 125.8 -54.56 -90.43 -0 0 -11.61 -16.76 55.49 -13.94 -7.12 0 -0 -87.33 66.32 -61.12 0 0 0 86.42 -10.28 41.6 -28.95 39.97 -10.73 0 0 1.23 -11.23 64.09 -10.13 7.12 -0 -0 17.4 32.45 24.66
17.23 15.59 -1.15 -69.43 -95.01 66.62 0 0 0 -32.51 -0.51 0.76 2.67 10.14 29.44 2.56 -2.42 -29.68 0.96 -6.23 -17.45 0 0 0 12.23 21.27 -31.25 -6.76 -15.13 47.97 -0.35 4.56 -10.47 -1.57 7.91 -22.44 -10.34 4.35 18.5 2.08 3.62 -4.52 7.13 2.82 -16.66 -10.97 -8.82 5.41 8.44 -12.55 2.34 4.21 -6.42 1.05 0 0 0 -66.25 -31.24 26.5 124.99 -54.83 -89.77 -0 0 -13.04 -22.38 54.55 -18.55 -7.12 0 -0 -88.28 64.34 -59.4 0 0 0 90.02 -12.22 37.08 -28.36 39.44 -10.35 0 0 1.03 -16.67 67.99 -15.52 7.12 -0 -0 17.29 36.81 24.75
17.99 15.53 -1 -94.49 -98.36 90.79 0 0 0 -35.56 2.24 -3.66 2.97 10.65 31.1 2.16 -6.96 -26.48 0.68 -5.28 -14.71 0 0 0 7.87 19.44 -31.93 -10.19 -17.52 60.12 -0.42 3.28 -11.58 -1.2 6.95 -19.58 -8.1 2.87 21.29 -0.65 1.51 -3.33 3.34 1.38 -16.18 -13.21 -7.72 4.28 11.78 -11.04 1.22 5.58 -5.66 1.06 -0 -0 0 -66.76 -32.26 22.66 120.68 -56.13 -86.23 -0 0 -15.04 -21.4 52.66 -17.31 -7.12 0 -0 -84.08 64.19 -54.72 -0 -0 0 91.98 -15.64 28.05 -29.67 40.61 -11.2 0 0 6.21 -25.78 73.97 -24.91 7.12 -0 -0 18.41 43.3 26.52
18.52 15.46 -0.95 -106.57 -102.1 105.14 0 0 0 -38.35 3.24 -9.21 3.15 10.94 32.07 1.74 -12.62 -23.93 0.66 -5.18 -14.43 0 0 0 3.98 15.42 -32.28 -13.79 -19.05 71.58 -0.28 1.17 -9.68 -0.44 4.27 -11.84 -5.78 0.39 18.67 -4.16 -1.53 -3.03 -0.94 -0.51 -14 -12.74 -6.45 3.93 13.95 -9.3 0.72 6.24 -4.8 0.83 0 0 0 -65.18 -33.14 17.17 117.14 -57.03 -83.27 -0 0 -19.05 -24.46 49.39 -19.05 -7.12 0 -0 -80.13 62.25 -47.79 0 0 0 93.36 -20.21 17.17 -37.88 46.76 -16.88 0 0 5.66 -23.92 76.66 -23.34 7.12 -0 -0 20.48 45.1 29.58
18.92 15.47 -0.97 -111.26 -104.24 110.77 0 0 0 -39.72 3.6 -11.05 2.92 10.56 30.8 1.23 -15.78 -21.23 0.47 -4.41 -12.22 0 0 0 3.23 10.97 -26.09 -15.26 -19.45 76.03 0 -5.43 -7.74 -0.26 3.27 -9.03 -3.4 -2.09 16.54 -7.11 -4.59 -2.4 -4.73 -2.34 -12.39 -11.61 -4.31 3.15 16.27 -6.36 0.61 6.85 -3.35 0.56 -0 -0 0 -63.05 -32.74 9.13 117.93 -56.84 -83.93 -0 0 -22.3 -26.16 47.76 -19.98 -7.12 0 -0 -78.6 61.17 -44.6 -0 -0 0 91.14 -22.1 8.94 -51.04 53.41 -27 0 0 4.58 -10.04 79.2 -9.86 7.12 -0 -0 24.1 45.67 35.06
19.2 15.58 -1.08 -99.71 -104.29 101.77 0 0 0 -40.28 5.97 -15.46 2.67 10.14 29.44 0.77 -17.49 -18.67 0.4 -4.08 -11.29 0 0 0 2.91 9.48 -19.14 -13.98 -19.11 72.14 0.37 -10.77 -4.27 -0 -0.23 0.65 -2.49 -3.23 13.27 -8.97 -6.11 -3.05 -7.06 -3.31 -11.68 -9.37 -1.72 0.98 16.93 -2.96 2.79 6.68 -1.54 1.03 0 0 0 -61.48 -28.77 2.04 122.92 -55.48 -88.07 -0 0 -26.3 -28.35 44.41 -20.68 -7.12 0 -0 -75.03 59.21 -38.04 0 0 0 85.06 -21.71 6.5 -64.23 57.34 -37.88 0 0 4.02 -5.3 79.96 -5.22 7.12 -0 -0 25.17 45.98 36.69
19.48 15.72 -1.25 -64.99 -101.17 69.11 0 0 0 -35.78 3.96 -20.02 3.08 10.83 31.71 1.36 -11.71 -21.2 0.33 -3.68 -10.18 0 0 0 6.96 10.55 -10.57 -9.77 -17.28 58.7 0.4 -11.08 -4.58 -0.02 1.01 -2.79 1.51 -3.58 12.32 -8.88 -6.03 -4.79 -9.4 -3.69 -13.56 -7.03 1.61 -0.85 17.49 1.17 5.62 6.51 0.68 1.6 -0 0 0 -60.36 -21.41 -6.75 131.81 -52.24 -95.26 -0 0 -30.03 -29.46 44.59 -21.63 -7.12 0 -0 -76.1 58.99 -38.63 -0 0 0 79.16 -17.96 11.03 -68.89 58.25 -41.83 0 0 1.79 -8.5 79.62 -8.36 7.12 -0 -0 24.55 45.91 35.74
19.75 15.87 -1.51 -12.97 -105.24 19.55 0 0 0 -27.2 -0.69 -23.99 3.95 12.1 36.07 2.08 -0.77 -27.08 0.4 -4.06 -11.24 0 0 0 11.98 9.94 -5.01 -5.11 -13.51 41.3 -0.05 -2.48 -5.7 -0.98 6.29 -17.63 4.1 -2.56 11.04 -6.32 -3.8 -6.06 -8.56 -2.68 -13.75 -4.39 4.66 -2.01 15.44 5.27 6.5 5.47 2.82 1.68 0 -0 0 -61.3 -14.02 -15.45 138.42 -48.98 -100.38 -0 0 -32.89 -31.11 44.88 -23.06 -7.12 0 -0 -77.7 58.68 -39.56 0 -0 0 76.48 -11.12 14.33 -67.33 57.97 -40.5 0 0 4.14 -13.96 79.2 -13.72 7.12 -0 -0 23.55 46.01 34.2
20.04 15.96 -1.88 7.83 -115.02 2.29 0 0 0 -17.83 1.42 -31.3 5.47 13.89 42.81 2.28 3.99 -30.18 0.87 -5.96 -16.66 0 0 0 16.66 5.8 -7 -3.16 -10.95 32.12 0.01 6.42 -4.24 -1.27 7.14 -20.13 4.75 -1.04 9.23 -3.46 -1.3 -7.36 -6.24 -1.37 -13.54 -2.15 7.41 -2.32 14.19 8.9 6.98 4.75 4.66 1.67 -0 -0 0 -61.72 -6.83 -24.23 142.22 -46.7 -103.19 -0 0 -36.9 -30.73 45.11 -22.83 -7.12 0 -0 -77.75 58.87 -39.95 -0 -0 0 78.78 -5.79 18.12 -60.8 56.52 -35.01 0 0 7.65 -13.2 81.87 -13.08 7.12 -0 -0 25.33 48.13 36.75
20.28 15.92 -2.28 19.48 -122.89 -7.85 0 0 0 -7.76 6.94 -36.12 7.53 15.76 50.83 2.22 4.9 -30.23 1.22 -7.02 -19.76 0 0 0 24.21 1.08 -6.33 -2.19 -9.26 26.6 0.44 13.03 -1.56 -0.95 6.22 -17.43 6.64 -0.46 9 -0.59 0.13 -7.47 -4.4 -0.67 -13.31 0.47 9.89 -1.73 12.46 12.29 6.38 4.15 6.32 1.53 0 -0 0 -60.62 -1.53 -31.49 142.59 -46.46 -103.46 -0 0 -40.04 -28.76 45.37 -21.34 -7.12 0 -0 -76.74 59.51 -40.1 0 -0 0 82.75 -3.84 25.5 -55.56 55.01 -30.67 0 0 10.59 -8.03 83.43 -7.98 7.12 -0 -0 26.86 49.12 38.98
20.41 15.85 -2.59 21.37 -122.35 -10.46 0 0 0 -5.34 7.43 -39.09 8.99 16.8 56.06 1.72 5.37 -27.2 0.61 -4.98 -13.85 0 0 0 26.32 -1.91 -4.94 -1.96 -8.77 25.09 0.45 13.55 -2.07 -0.85 5.88 -16.42 4.98 -0.94 9.48 0.66 -0.6 -7.38 -1.93 -0.79 -13.52 0.95 10.33 -1.98 11.78 12.78 7.43 3.91 6.6 1.97 -0 -0 0 -59.69 -0.43 -34.14 140.86 -47.55 -102.2 -0 0 -42.16 -29.56 45.06 -21.87 -7.12 0 -0 -76.86 59.17 -39.62 -0 -0 0 88.3 -3.95 29.74 -50.05 53.02 -26.21 0 0 13.3 -13.08 84.36 -13.02 7.12 -0 -0 27.07 50.13 39.18
20.26 15.82 -2.77 25.18 -117.19 -13.72 0 0 0 -5.97 4.59 -41.9 9.23 16.95 56.88 2.04 -4.25 -25.98 2.16 -9.19 -26.39 0 0 0 27.63 -4.36 -3.98 -1.74 -8.31 23.67 0.27 11.49 -3.21 -0.94 6.18 -17.3 5.07 -1.15 7.51 1.64 -0.94 -7.84 -0.85 -0.92 -12.84 1.06 9.71 -1.84 10.82 11.97 8.09 3.6 6.21 2.28 -0 -0 0 -61.74 -2.13 -31.67 140.05 -48.04 -101.6 -0 0 -40.9 -36.09 44.86 -27.21 -7.12 0 -0 -81.16 57.38 -40.54 -0 -0 0 92.56 -4.79 32.14 -45.14 50.84 -22.35 0 0 14.42 -8.37 85.71 -8.34 7.12 -0 -0 28.36 51.03 41.01
19.9 15.83 -2.84 28.2 -110.58 -17.15 0 0 0 -10.67 0.8 -41.33 8.28 16.32 53.57 1.76 -10.24 -23.82 1.88 -8.61 -24.59 0 0 0 27.59 -4.52 -1.81 -1.69 -8.2 23.32 -0.01 5.45 -4 -1.14 6.79 -19.1 4.06 0.03 6.14 2.17 0.49 -8.36 0.04 -0.13 -12.51 -0.88 6.97 -2.69 9.77 8.42 9 3.65 4.43 2.9 0 0 0 -67.29 -6.14 -21.8 140.24 -47.93 -101.74 -0 0 -36.08 -35.57 44.64 -26.68 -7.12 0 -0 -80.49 57.44 -39.98 0 0 0 95.98 -5.24 31.69 -40.39 48.3 -18.73 0 0 15.02 -5.14 83.33 -5.1 7.12 -0 -0 27.06 48.9 39.32
19.36 15.83 -2.76 36.95 -100.36 -27.34 0 0 0 -16.73 -8.2 -32.85 6.41 14.81 46.59 1.95 -4.05 -25.45 0.64 -5.12 -14.24 0 0 0 26.23 -5.42 -2.9 -2.69 -10.18 29.55 0.04 -3.57 -1.49 -0.96 6.25 -17.52 3.01 1.74 4.69 1.77 2.61 -8.49 -0.13 0.98 -11.7 -4.94 1.65 -2.18 8.98 1.64 8.4 3.96 0.91 3.02 0 -0 0 -75.34 -13.2 -4.49 137.83 -49.31 -99.93 -0 0 -27.43 -38.82 44.23 -29.3 -7.12 0 -0 -82.14 56.46 -39.76 0 -0 0 98.33 -3.93 27.51 -36.03 45.53 -15.54 0 0 11.33 -9.7 78.15 -9.49 7.12 -0 -0 23.58 44.74 34.32
18.95 15.84 -2.68 115.86 -90.53 -108.57 0 0 0 -24.68 -14.41 -23.61 4.8 13.15 39.95 1.63 -3.63 -23.25 0.15 -2.47 -6.81 0 0 0 21.01 -6.16 -15.47 -7.94 -16.07 52.33 0.13 -12.98 7.29 -0.23 3.1 -8.57 -0.68 4.14 6.98 0.17 5.39 -8.45 -0.41 2.57 -13.21 -10.04 -3.8 0 9.91 -5.67 7.58 4.49 -2.87 2.8 -0 -0 0 -81.25 -19.22 14.75 131.73 -52.27 -95.2 -0 0 -21.35 -29.86 44.42 -21.89 -7.12 0 -0 -76.13 58.82 -38.34 -0 -0 0 98.16 -0.16 21.77 -31.31 41.99 -12.28 0 0 6.4 -15.48 74.21 -14.92 7.12 -0 -0 20.5 41.99 29.68
18.7 15.57 -2.64 25.16 -77.54 -21.95 0 0 0 -33.29 -16.28 -15.54 4.49 12.79 38.59 1.4 -7.74 -21.14 0.02 -1 -2.74 0 0 0 13.24 -9.09 -29.4 -14.19 -19.17 72.78 0.13 -9.15 3.72 -0.06 1.59 -4.38 -2.12 6.34 12.23 -2.42 7.83 -6.64 -3.4 3.67 -14.18 -13.47 -9.16 5.07 12.13 -13.25 2.84 5.62 -6.8 1.73 0 0 0 -86.69 -27.99 34.21 119.54 -56.43 -85.28 -0 0 -19.36 -23.72 45.13 -17.3 -7.12 0 -0 -72.71 60.77 -38.56 0 0 0 95.06 4.2 12.63 -29.94 40.84 -11.37 0 -0 -1.68 -18.56 68.93 -17.4 7.12 -0 -0 17.22 37.94 24.68
18.33 15.54 -2.64 15.43 -67.39 -13.76 0 0 0 -34.39 -13.84 -11.8 4.19 12.41 37.21 0.75 -16.17 -17.92 0.03 -1.2 -3.3 0 0 0 10.04 -6.59 -37.8 -13.77 -19.04 71.51 -0.07 -3.4 -7.29 -0.39 3.99 -11.06 2.96 6.04 15.26 -4.46 8.17 -5.79 -8.86 3.24 -13.97 -17.91 -12.8 8.7 17.26 -19.05 0.6 7.68 -9.89 2.17 -0 0 0 -90.71 -33.31 46.42 108.77 -58.63 -76.18 -0 0 -17.79 -19.5 43.77 -13.76 -7.12 0 -0 -67.41 61.28 -34.94 -0 0 0 91.45 7.04 4.76 -27.97 39.09 -10.1 0 -0 -2.55 -24.17 68.36 -22.64 7.12 -0 -0 15.54 38.48 22.2
17.8 15.7 -2.67 16.8 -58.46 -14.32 0 0 0 -36.95 -13.34 -5.78 2.85 10.45 30.44 -0.1 -20.66 -13.69 0.01 -0.63 -1.73 0 0 0 2.77 -1.82 -37.56 -8.34 -16.36 53.77 -0.4 -7.03 -16.52 -0.49 4.49 -12.45 1.9 5.47 15.22 -5.96 6.95 -5.47 -9.65 2.7 -13.7 -19.88 -15.07 12.32 19.62 -22.82 -1.58 8.61 -11.98 2.15 0 0 0 -94.07 -34.78 53.42 104.77 -59.16 -72.75 -0 0 -17 -11.02 42.7 -7.52 -7.12 0 -0 -58.9 63.04 -31 0 0 0 87.39 7.71 0.25 -28.9 39.93 -10.69 0 -0 -6.14 -28.89 66.14 -26.77 7.12 -0 -0 13.16 37.68 18.69
17.12 15.85 -2.7 16.77 -51.6 -13.44 0 0 0 -37.43 -12.87 0.4 1.71 8.23 23.42 -1.03 -24.37 -9.1 0 0.15 0.41 0 0 0 -3.15 2.05 -31.54 -3.98 -12.14 36.21 0.13 -11.88 -15 -0.52 4.62 -12.82 -0.07 4.67 13.92 -6.57 5.41 -5.14 -8.66 2.16 -12.9 -20.37 -16.17 13.76 20.3 -24.63 -2.04 8.79 -12.97 2.3 0 -0 0 -96.07 -35.43 56.67 104.28 -59.21 -72.34 -0 0 -17.2 -14.11 43.94 -9.9 -7.12 0 -0 -63.42 62.86 -34.11 0 -0 0 85.69 8.18 -3.27 -33.54 43.74 -13.79 0 -0 -8.84 -18.5 62.54 -16.54 7.12 -0 -0 14.58 32.32 20.49
16.34 15.79 -2.71 13.63 -49.33 -10.33 0 0 0 -35.24 -15.88 2.26 2.17 9.21 26.45 -0.64 -23.98 -12.11 0 -0.42 -1.16 0 0 0 -2.21 6.55 -25.9 -3.28 -11.14 32.75 0.11 -11.25 -14.38 -0.7 5.35 -14.9 0.64 3.91 12.76 -5.97 4.63 -5.32 -8.07 1.8 -12.51 -19.88 -16.19 13.91 18.93 -24.55 -1.86 8.36 -12.89 2.07 0 -0 0 -94.13 -34.68 54.45 110.05 -58.43 -77.27 -0 0 -15.94 -11.04 44.68 -7.81 -7.12 0 -0 -62.15 64.13 -34.86 0 -0 0 85.25 9.06 -3.25 -36.49 45.85 -15.87 0 -0 -9.25 -16.98 60.05 -14.82 7.12 -0 -0 14.21 29.77 19.76
15.5 15.84 -2.69 5.84 -52.75 -2.76 0 0 0 -29.52 -18.07 0.78 3.54 11.53 34.07 0.55 -16.56 -16.52 0.35 -3.78 -10.46 0 0 0 6.21 9.33 -23.01 -2.88 -10.5 30.6 -0.48 -7.1 -17.59 -0.33 3.67 -10.15 4.46 3.57 11.49 -4.09 5.08 -6.32 -8.17 1.78 -12.66 -20.04 -15.19 13.33 18.36 -23.16 -1.3 8.31 -12.15 2 -0 -0 0 -88.98 -31.12 46.74 120.43 -56.19 -86.02 -0 0 -13.26 -18.81 44.34 -13.39 -7.12 0 -0 -67.75 61.75 -35.92 -0 -0 0 86.78 10.38 1.72 -38.24 46.99 -17.14 0 -0 -10.36 -15.94 58.84 -13.73 7.12 -0 -0 14.19 28.47 19.63
14.58 16.02 -2.71 -3.66 -57.93 6.75 0 0 0 -23.28 -18.48 -5.67 6.72 15.09 47.81 0.35 -6.15 -10.69 1.05 -6.53 -18.32 0 0 0 15.95 7.6 -20.46 -2.03 -8.93 25.57 -0.79 -0.33 -16.95 -0.3 3.5 -9.67 7.2 3.28 10.55 -2.14 5.35 -6.98 -7.53 1.75 -12.78 -18.09 -13.77 11.23 17.36 -20.64 -0.83 7.84 -10.79 1.67 -0 -0 0 -81.43 -23.56 35.7 132.53 -51.92 -95.83 -0 0 -14.26 -10.8 46.72 -7.9 -7.12 0 -0 -65.57 65.24 -39.07 -0 -0 0 91.01 11.17 9.14 -38.84 47.37 -17.58 0 -0 -10.32 -13.95 59.3 -12.06 7.12 -0 -0 15.03 28.53 20.85
13.63 15.94 -2.76 -16.6 -62.34 19.4 0 0 0 -15.64 -14.78 -21.81 13.38 18.91 70.3 -0.03 7.08 4.19 0.34 -3.77 -10.43 0 0 0 25.43 1 -19.59 -1.5 -7.74 21.91 -0.68 10.03 -15.27 -0.47 4.38 -12.14 9.44 3.12 9.8 -0.02 5.66 -7.24 -6.42 1.81 -12.62 -15.98 -12.06 9.46 16.32 -17.84 -0.17 7.33 -9.3 1.35 0 0 0 -74.7 -18.11 21.93 140.24 -47.93 -101.74 -0 0 -15.9 -15.54 46.15 -11.34 -7.12 0 -0 -68.2 63.55 -38.91 0 0 0 95.23 10.5 15.86 -39.57 47.82 -18.12 0 -0 -9.86 -14.78 60.58 -12.94 7.12 -0 -0 15.13 29.84 21.11
12.65 15.75 -2.68 -35.98 -65.7 34.2 0 0 0 -9.01 -9.5 -31.42 17.99 19.9 84.11 -0.06 12.47 7.86 0.01 -0.75 -2.05 0 0 0 34.26 -7.96 -13.56 -1.06 -6.55 18.4 0.25 20.31 -12.15 -0.78 5.64 -15.75 12.41 2.86 12.78 3.45 6.43 -5.58 -4.54 2.12 -12.55 -14.14 -10.16 7.22 12.93 -14.74 0.54 6.07 -7.61 1.01 0 0 0 -72.98 -11.23 7.15 147.15 -43.22 -106.68 -0 0 -20.19 -22.45 44.26 -16.08 -7.12 0 -0 -70.42 60.72 -36.53 0 0 0 96.99 9.61 20.15 -39.17 47.57 -17.82 0 -0 -8.29 -12.78 62.53 -11.38 7.12 -0 -0 16.41 31.28 23.11
11.54 15.65 -2.47 -47.46 -67.44 47.16 0 0 0 -5.61 -10.09 -41.07 17.41 19.84 82.42 -0.18 7.78 -5.36 0.24 -3.17 -8.76 0 0 0 37.15 -8.95 -10.81 -1.02 -6.44 18.05 0.62 24.65 -12.94 -0.7 5.36 -14.93 13.39 2.84 10.48 4.44 6.2 -5.57 -3.75 2.07 -11.22 -10.03 -7.32 5.66 9.22 -10.37 0.34 4.43 -5.32 0.2 -0 0 0 -73.17 -0.92 -9.3 152.97 -38.21 -110.48 -0 0 -32.47 -20.73 43.08 -14.5 -7.12 0 -0 -67.34 60.6 -33.86 -0 0 0 98.64 6.99 21.71 -34.7 44.6 -14.6 0 -0 -1.85 -5.9 68.69 -5.5 7.12 -0 -0 20.41 35.94 29.44
10.38 15.6 -2.22 -55.85 -71.76 57.92 0 0 0 -5.71 -7.94 -46.83 12.6 18.63 67.88 0.62 7.33 -19.3 0.38 -3.97 -11.01 0 0 0 35.46 -8.01 -8.18 -1.1 -6.67 18.73 0.54 25.96 -14.73 -0.6 4.96 -13.79 10.42 4.07 9.04 4.44 7.24 -6.08 -2.23 2.79 -11.07 -8.35 -4.05 3.8 6.82 -5.77 1.22 3.73 -2.96 0.2 0 -0 0 -75.17 6.53 -26.45 154.75 -36.45 -111.56 -0 0 -38.86 -24.19 35.89 -14.76 -7.12 0 -0 -60.71 55.75 -21.54 0 -0 0 98.86 2.31 20.15 -32.87 43.23 -13.34 0 0 13.17 1.19 76.4 1.15 7.12 -0 -0 24.68 42.38 36.12
9.15 15.57 -1.78 -64.48 -73.93 67.6 0 0 0 -7.51 -2.52 -48.82 7.72 15.91 51.56 1.54 15.33 -33.29 0.04 -1.25 -3.44 0 0 0 33.61 -8.16 -0.48 -0.53 -4.66 12.94 0.35 23.26 -13.78 -0.45 4.32 -11.99 10.87 6.37 8.4 3.55 10.27 -6.6 -3.79 4.19 -10.71 -7.19 -2.03 3.12 6.98 -2.97 1.08 3.56 -1.54 0.03 0 0 0 -71.71 7.95 -38.55 155.21 -35.99 -111.83 -0 0 -41.12 -34.13 34.45 -20.98 -7.12 0 -0 -66.42 52.86 -19.66 0 0 0 99.26 -2.8 18.43 -36.86 46.09 -16.14 0 0 13.98 12.78 79.4 12.57 7.12 -0 -0 27.67 44.71 40.71
7.84 15.46 -1.19 -52.7 -73.74 56.83 0 0 0 -13.93 1.3 -50.77 6.62 15 47.41 0.68 18.66 -31.29 0.4 4.07 11.27 0 0 0 31.75 -5.15 5.84 -0.54 -4.72 13.11 -0.81 13.36 -17.34 -1.19 6.92 -19.47 10.71 8.36 6.7 2.48 12.68 -7.83 -4.91 5.31 -10.56 -7.47 -1.25 2.75 8.28 -1.99 2.31 4.06 -1.06 0.43 0 0 0 -66.25 9.5 -44.33 154.73 -36.48 -111.55 -0 0 -45.55 -44.35 35.05 -29.31 -7.12 0 -0 -73.59 51.28 -20.73 0 0 0 98.31 -7.32 14.7 -41.01 48.66 -19.19 0 0 17.07 21.61 82.15 21.43 7.12 -0 -0 29.62 47.21 43.53
6.49 15.58 -0.41 -25.51 -68.98 30.81 0 0 0 -21.39 -3.06 -42.43 6.08 14.51 45.31 1.63 14.83 -33.35 0.31 3.55 9.82 0 0 0 26.49 -7 0.4 -2.58 -9.98 28.9 -0.06 9.57 -7.74 -1.54 7.84 -22.23 9.09 9.58 4.04 0.96 13.77 -9.13 -5.39 5.92 -10.25 -7.58 -1.3 1.6 7.83 -2.08 4.5 3.91 -1.09 1.35 0 0 0 -63.77 10.02 -45.66 153.95 -37.26 -111.08 -0 0 -50.85 -53.66 33.96 -37.22 -7.12 0 -0 -76.69 49.24 -17.28 0 0 0 97.03 -10.17 9.46 -42.99 49.74 -20.69 0 0 17.54 27.22 82.64 27.02 7.12 -0 -0 30.41 47.7 44.71
5.37 15.5 0.21 -7.19 -56.02 13.1 0 0 0 -28.33 -9.2 -32.93 5.82 14.25 44.26 2.1 9.81 -32.35 0.09 1.91 5.27 0 0 0 20.58 -10.52 -15.75 -9.36 -17.03 57.31 0.01 5.5 7.65 -1.87 8.59 -24.51 7.43 9.82 2.98 -1.02 13.71 -9.08 -6.37 6.05 -9.41 -9.05 -1.98 0.6 7.79 -2.89 4.32 4.17 -1.49 1.57 0 0 0 -63.85 6.31 -45.09 152.87 -38.31 -110.42 -0 0 -53.95 -57.02 33.85 -40.64 -7.12 0 -0 -77.81 48.74 -16.47 0 0 0 95.79 -10.24 4.87 -44.49 50.52 -21.85 0 0 16.15 21.48 83.21 21.34 7.12 -0 -0 29.83 48.19 43.72
4.34 15.42 0.61 3.66 -39.65 4.45 0 0 0 -35.65 -11.01 -24.24 5.48 13.91 42.86 2.19 0.04 -28.05 0.04 -1.28 -3.52 0 0 0 12.02 -7.41 -29.88 -14.81 -19.34 74.67 0.03 4.96 -2.16 -1.7 8.21 -23.35 3.53 10.01 4.5 -3.98 13.51 -8.88 -7.79 6.1 -10.22 -9.96 -2.78 0.91 7.54 -3.95 3.6 4.25 -2.03 1.4 0 -0 0 -63.49 1.93 -40.83 151.31 -39.74 -109.44 -0 0 -49.09 -56.93 34.15 -40.77 -7.12 0 -0 -78.27 48.9 -17.35 0 -0 0 93.12 -10.27 3.89 -46.46 51.47 -23.38 0 0 14.97 18.05 83.84 17.95 7.12 -0 -0 29.61 48.78 43.29
3.2 15.43 0.9 5.55 -21.75 5.04 0 0 0 -35 -16 -18.52 5.66 14.09 43.62 1.85 -7.38 -24.41 0.3 -3.51 -9.72 0 0 0 4.1 4.55 -35.89 -14.21 -19.18 72.85 -0.4 0.91 -11.67 -0.87 5.95 -16.63 3.32 10.03 5.19 -5.36 13.46 -8.48 -9.21 6.08 -9.9 -10.2 -2.38 1.16 6.17 -3.35 2.78 3.82 -1.74 1 0 -0 0 -66.73 0.25 -32.44 149.27 -41.51 -108.11 -0 0 -38.92 -46.66 36.29 -32.09 -7.12 0 -0 -76.53 51.49 -23.43 0 -0 0 90.3 -11.84 4.05 -51.49 53.58 -27.37 0 0 12.84 12.21 86 12.18 7.12 -0 -0 29.86 50.84 43.33
1.87 15.61 1.27 7.49 -0.53 6.49 0 0 0 -32.07 -21.51 -12.66 5.06 13.45 41.08 0.58 -17.37 -17.13 0.42 -4.18 -11.58 0 0 0 -7.36 13.14 -28.48 -8.85 -16.71 55.56 -0.67 -6.53 -19.24 -0.9 6.04 -16.89 1.37 9.02 5.28 -5.87 11.87 -7.7 -8.54 5.48 -9.62 -8.32 -0.63 1.07 3.1 -0.94 3.07 2.42 -0.53 0.85 0 0 0 -72.64 2.92 -18.9 148.4 -42.23 -107.53 -0 0 -27.47 -24.52 40.6 -16.54 -7.12 0 -0 -66.82 58.35 -29.88 0 0 0 88.72 -16.95 7.24 -58.97 56.03 -33.48 0 0 8.25 -5.92 85.12 -5.9 7.12 -0 -0 28.12 50.45 40.72
0.4 15.82 1.81 8.08 20.98 7.75 0 0 0 -25.4 -28.23 -7.66 4.04 12.22 36.52 -1.32 -26.45 -9.08 0.38 -3.98 -11.03 0 0 0 -9.95 23.16 -9.26 -3.61 -11.62 34.4 -0.67 -0.57 -15.69 -1.14 6.79 -19.09 0.67 8.61 5.75 -5.97 11.27 -6.96 -8.22 5.27 -9.26 -4.84 1.93 0.81 1.54 2.58 5.86 1.33 1.23 1.61 -0 -0 0 -78.64 6.94 -5.42 146.03 -44.06 -105.91 -0 0 -12.45 -13.05 40.9 -8.63 -7.12 0 -0 -57.92 61.43 -28.17 -0 -0 0 92.19 -22.65 8.94 -64.12 57.31 -37.79 0 0 5.23 -17.16 80.57 -16.94 7.12 -0 -0 24.02 47.4 34.81
-1.27 16 2.42 3 42.89 9.14 0 0 0 -7.95 -37.97 -15.93 4.09 12.28 36.73 -2.93 -31.43 -2.03 1.28 -7.18 -20.25 0 0 0 1.75 18.4 -2.19 -2.16 -9.2 26.41 -0.31 3.06 -9.91 -3.41 11.33 -33.39 3.45 8.1 3.32 -4.59 10.95 -6.91 -7.72 5.09 -7.59 -5.7 1.47 0.16 2.97 1.95 5.89 1.95 0.93 1.74 -0 0 0 -83.99 12.24 4.37 140.88 -47.54 -102.21 -0 -0 10.23 -0.64 39.21 -0.41 -7.12 0 -0 -44.42 63.65 -22.21 -0 0 0 95.82 -24.81 12.51 -63.63 57.2 -37.38 0 0 5.24 -19.85 72.07 -18.96 7.12 -0 -0 18.48 40.81 26.63
-2.96 16.19 3.06 -1.29 61.97 5.89 0 0 0 -0.65 -34.63 -24.96 4.89 13.26 40.37 0.07 -9.87 -8.01 1.41 -7.5 -21.21 0 0 0 12.44 1.13 -1.47 -1.33 -7.29 20.58 -0.54 2.22 -13.33 -2.92 10.57 -30.83 4.5 7.63 5.38 -3.62 10.49 -5.62 -7.43 4.84 -7.45 -8.68 -2.64 0.43 5.09 -3.6 2.71 3.14 -1.84 1.07 -0 0 0 -86.07 18.53 10.23 131.88 -52.21 -95.32 -0 -0 26.23 4.83 38.94 3.04 -7.12 0 -0 -38.72 64.96 -20.06 -0 0 0 97.13 -23.31 20.01 -65.85 57.68 -39.25 0 0 4.98 -15.58 56.67 -13.12 7.12 -0 -0 13.68 26.4 18.7
-4.37 16.21 3.58 -22.27 78.91 -12.93 0 0 0 -0.25 -25.14 -33.7 7.71 15.9 51.51 0.65 -2.15 -14.69 1.64 -8.07 -22.92 0 0 0 23.91 -4.42 -4.2 -0.92 -6.1 17.08 -0.74 -5.38 -19.1 -1.59 7.96 -22.61 7.72 6.15 5.4 -2.43 8.96 -6.46 -7.9 3.85 -8.35 -11.37 -6.82 2.97 9.48 -9.52 1.74 4.59 -4.83 1.03 -0 -0 0 -88.39 25.8 9.02 114.6 -57.58 -81.13 -0 -0 26.33 -0.57 42.33 -0.39 -7.12 0 -0 -49.15 65.81 -27.5 -0 -0 0 96.64 -22.69 27.05 -72.39 58.8 -44.81 0 0 4.34 -13.49 43.48 -9.38 7.12 -0 -0 11.73 13.5 14.4
-5.54 16.15 3.96 -86 84.44 -77.16 0 0 0 -4.28 -20.12 -30.99 11.37 18.11 63.98 0.51 -1.23 -13.11 2.23 -9.33 -26.83 0 0 0 28.78 -6.17 -11.62 -1.6 -7.98 22.65 -0.99 -5.71 -21.66 -1.26 7.1 -20.02 7.94 5.91 6.01 -1.23 8.85 -6.74 -6.86 3.77 -9.2 -12.95 -9.9 5.92 11.83 -13.97 -0.19 5.55 -7.14 0.74 0 0 0 -91.76 29.6 1.1 84.23 -59.87 -55.01 -0 -0 29.68 -4.42 42.08 -2.96 -7.12 0 -0 -52.2 64.53 -28.15 0 0 0 97.11 -21.75 30 -86.09 59.94 -56.61 0 0 2.55 -9.83 33.93 -5.53 7.12 -0 -0 12.49 3.63 13.57
-6.59 16.03 4.22 -135 80.91 -125.91 0 0 0 -6.57 -13.82 -23.22 12.65 18.65 68.04 0.18 1.03 -8.5 2.27 -9.4 -27.07 0 0 0 31.67 -4.22 -17.81 -2.3 -9.47 27.28 -1.52 -7.2 -26.88 -0.08 1.83 -5.04 7.06 5.78 4.88 0.09 8.7 -7.26 -4.88 3.82 -9.47 -13.28 -11.55 7.99 12.35 -16.34 -1.7 5.83 -8.38 0.34 -0 0 0 -94.65 31.69 -11.73 57.69 -55.66 -32.43 -0 -0 33.65 -8.19 40.17 -5.3 -7.12 0 -0 -52.67 62.26 -25.78 -0 0 0 99.08 -20.48 30 -100.42 59.59 -69.01 0 0 1.78 -7.08 32.39 -3.81 7.12 -0 -0 13.9 1.77 14.76
-7.55 15.94 4.37 -149.45 77.15 -140.79 0 0 0 -7.69 -9.37 -10.53 10.33 17.59 60.58 0.06 -2.4 -4.36 3.39 -11.31 -33.32 0 0 0 32.3 -3.99 -22.54 -2.63 -10.07 29.2 -1.35 -7.74 -25.96 -0.34 3.74 -10.35 4.96 5.61 3.89 0.88 8.34 -7.58 -2.8 3.84 -9.68 -12.68 -12.55 8.84 12.94 -17.68 -1.91 5.92 -9.08 0.31 -0 -0 0 -95.07 34.58 -23.26 50.87 -53.34 -26.87 -0 -0 35.32 -17.28 43.92 -12.18 -7.12 0 -0 -65.9 61.96 -34.76 -0 -0 0 100.09 -18.36 31.06 -113.14 57.88 -79.9 0 0 2.77 -6.78 32.18 -3.62 7.12 -0 -0 14.06 1.53 14.88
-8.61 15.89 4.41 -152.65 75.42 -144.06 0 0 0 -8.71 -6.46 1.57 5.84 14.27 44.34 -0.08 -5.33 3.83 4.25 -12.49 -37.47 0 0 0 31.84 -1.85 -26.75 -2.79 -10.34 30.09 -1.14 -8.72 -25.09 -0.14 2.45 -6.76 2.94 6.17 2.82 1.64 8.97 -7.59 -0.86 4.36 -9.44 -12.65 -13.29 9.77 14.05 -18.65 -2.88 6.3 -9.62 0.11 -0 0 0 -92.57 35.92 -28.55 51.94 -53.75 -27.73 -0 -0 32.54 -19.76 46.06 -14.5 -7.12 0 -0 -71.22 62.29 -39.64 -0 0 0 97.69 -13.08 31.77 -122.49 55.61 -87.72 0 0 3.53 -8.76 31.54 -4.61 7.12 -0 -0 12.92 1.16 13.53
-9.91 15.99 4.3 -164.88 73.12 -157.13 0 0 0 -13.55 -8 10.66 2.42 9.69 27.97 0.22 -3.32 -8.31 4.67 -13 -39.36 0 0 0 27.74 -2.01 -29.98 -2.5 -9.83 28.44 -0.48 -11.8 -22.18 -0 0.01 -0.02 0.56 5.91 4.55 1.94 8.45 -7.15 0.59 4.25 -10.39 -12.16 -13.94 10.21 13.72 -19.46 -3.38 6.16 -10.04 -0.07 -0 -0 0 -89.91 36.08 -27.51 58.15 -55.8 -32.81 -0 -0 32.33 -18.33 45.74 -13.35 -7.12 0 -0 -69.63 62.56 -38.68 -0 -0 0 93.58 -5.04 31.44 -125.85 54.54 -90.48 0 0 3.26 -7.37 33.15 -4.04 7.12 -0 -0 13.79 2.54 14.81
-11.32 16.17 4.21 -173.36 69.53 -167.18 0 0 0 -15.01 -4.09 9.05 1.57 7.91 22.43 0.56 -7.05 -13.44 4.16 -12.36 -37.03 0 0 0 21.99 1.71 -28.94 -1.78 -8.4 23.94 0.98 -20.81 -20.39 -0.16 -2.59 7.14 -1.82 5.17 6.66 2.62 7.17 -5.87 2.66 3.79 -10.59 -11.6 -14.45 9.78 13.08 -20.06 -3.34 5.84 -10.31 -0.04 0 -0 0 -87.62 35.66 -17.63 77.86 -59.44 -49.51 -0 -0 33.03 -10.78 46.37 -7.85 -7.12 0 -0 -64.92 65.07 -38.31 0 -0 0 90.11 5.8 27.99 -122.43 55.63 -87.67 0 0 2.91 -6.45 32.99 -3.52 7.12 -0 -0 14.28 2.28 15.32
-12.68 16.25 4.08 -183.15 66.8 -176.06 0 0 0 -20.18 -6.08 3.22 1.62 8.02 22.79 0.63 -9.58 -14.68 2.47 -9.78 -28.26 0 0 0 14.4 2.36 -33.08 -1.87 -8.59 24.52 1.07 -19.06 -14.1 -0.02 -0.91 2.49 -3.76 4.79 7.15 1.93 6.36 -6.2 3.07 3.51 -11.35 -12.27 -14.47 10.12 11.59 -20.3 -1.87 5.45 -10.39 0.28 -0 -0 0 -83.63 31.34 -2.11 110.57 -58.34 -77.72 -0 -0 30.71 0.56 43.6 0.38 -7.12 0 -0 -50.33 66.97 -29.57 -0 -0 0 89.82 12.41 23.66 -109.54 58.51 -76.84 0 0 3.21 -6.84 36.16 -4.05 7.12 -0 -0 14.26 5.39 16.02
-13.93 16.12 3.96 -182.41 66.23 -177.91 0 0 0 -22.76 -7.88 -0.35 2.43 9.71 28.05 1.25 -8.6 -20.06 1.74 -8.29 -23.6 0 0 0 13.37 2.52 -33.74 -2.93 -10.58 30.89 -0.01 -11.56 -16.6 -0.17 2.68 -7.39 -1.15 4.88 10.19 2.08 6.79 -6.05 1.46 3.47 -12.74 -12.91 -14.46 10.26 8.96 -20.45 -0.53 4.74 -10.41 0.46 -0 -0 0 -81.78 17.86 17.29 129.64 -53.14 -93.54 -0 -0 29.74 19.04 36.22 11.52 -7.12 0 -0 -19.83 66.75 -10.56 -0 -0 0 90.01 13.89 22.36 -95.85 59.87 -65.06 0 0 2.62 -6.51 37.49 -3.97 7.12 -0 -0 14.53 6.63 16.63
-15.03 15.95 3.93 -186.11 65.53 -183.87 0 0 0 -26.05 -5.53 -3.93 2.94 10.6 30.95 1.66 -9.68 -23.15 0.89 -6 -16.79 0 0 0 11.32 4.52 -32.65 -5.44 -13.86 42.69 -0.61 -10.5 -22.03 -0.4 4.05 -11.21 -0.67 4.58 13.19 1.08 6.29 -5.87 -0.02 3.08 -14.16 -12.09 -14.06 10.16 7.5 -19.84 0.13 4.23 -10.07 0.38 0 0 0 -82.7 1.66 40.11 132.99 -51.72 -96.19 -0 -0 27.99 23.86 29.79 12.4 -7.12 0 -0 -8.71 61.82 -3.58 0 0 0 90.25 9.69 22.91 -78.58 59.5 -50.13 0 0 3.66 -4.2 41 -2.76 7.12 -0 -0 15.97 9.72 19.13
-15.87 15.78 3.98 -192.18 63.85 -191.74 0 0 0 -29.8 -4.12 -7.05 3.58 11.57 34.24 1.65 -12.13 -23.26 0.44 -4.25 -11.79 0 0 0 9.7 2.16 -30.89 -9.34 -17.02 57.27 -0.82 -9.59 -23.16 -0.14 2.44 -6.72 -2.77 2.47 14.75 -0.54 2.73 -5.23 0.22 1.49 -14.29 -8.81 -12.3 7.67 5.43 -17 1.38 3.38 -8.59 0.44 -0 -0 0 -84.19 -5.17 57.55 131.77 -52.26 -95.23 -0 -0 28.91 22.56 26.92 10.65 -7.12 0 -0 -8.61 58.58 -2.87 -0 -0 0 92.28 5.05 27.32 -60.45 56.43 -34.71 0 0 2.79 -1.87 42.14 -1.26 7.12 -0 -0 17.19 10.54 20.92
-16.66 15.52 3.99 -201.55 64.42 -200.14 0 0 0 -34.22 -0.96 -13.95 4.32 12.58 37.81 1.51 -14.13 -22.7 0.45 -4.28 -11.88 0 0 0 7.23 -0.28 -30.55 -13.55 -18.97 70.83 -0.46 -8.13 -18.24 -0.3 3.53 -9.77 -5.05 -0.75 13.7 -2.92 -2.23 -4.51 0.16 -0.75 -12.66 -5.73 -8.69 3.76 6.4 -11.79 0.87 3.04 -5.94 0.41 -0 -0 0 -81.95 -4.21 61.82 128.96 -53.41 -92.99 -0 -0 31.18 19.03 30.35 9.89 -7.12 0 -0 -14.55 61.17 -5.8 -0 -0 0 95.3 3.75 33.53 -55.66 55.04 -30.75 0 0 2.69 -4.45 46.99 -3.26 7.12 -0 -0 16.43 15.46 20.96
-17.3 15.63 3.87 -214.52 72.38 -212.63 0 0 0 -36.2 3.79 -16.87 3.74 11.8 35.04 1.69 -10.82 -23.42 0.64 -5.12 -14.25 0 0 0 8.45 -1.99 -24.11 -13.95 -19.1 72.06 0.46 -11.96 -6.15 -0.04 1.36 -3.73 -5.5 -2.93 10.98 -3.65 -5.01 -3.84 0.12 -2.14 -10.19 -3.03 -3.79 0.9 6.85 -5.08 0.67 2.68 -2.53 0.33 0 -0 0 -80.93 1.12 52.73 126.11 -54.45 -90.69 -0 -0 34.39 19.25 33.08 10.79 -7.12 0 -0 -16.45 63.85 -7.62 0 -0 0 95.15 5.79 41.62 -61.86 56.79 -35.9 0 0 0.24 -2.7 48.32 -2.02 7.12 -0 -0 17.36 16.52 22.45
-17.81 15.81 3.78 -273.76 82.41 -270.82 0 0 0 -34.79 5.95 -20.72 3.4 11.31 33.34 2.11 -3.61 -26.58 0.62 -5.03 -14 0 0 0 10.67 -2.95 -16.74 -11.59 -18.21 64.68 0.34 -10.84 -0.26 -0.09 1.93 -5.32 -3.12 -3.07 8.55 -3.82 -4.77 -4.55 -1.54 -2.21 -9.75 -1.31 0.79 -0.67 8.77 0.96 2.45 3.04 0.6 0.84 0 0 0 -80.9 10.44 40.21 126.6 -54.28 -91.09 -0 -0 36.9 25.87 33 14.8 -7.12 0 -0 -8.45 65.61 -4.22 0 0 0 93.81 8.04 47.96 -68.41 58.16 -41.42 0 -0 -1.14 -1.67 50.05 -1.28 7.12 -0 -0 18.01 18.04 23.66
-18.27 15.95 3.78 -347.49 72.19 -343.23 0 0 0 -31.12 9.96 -26.76 3.68 11.72 34.73 2.27 2.98 -29.68 0.37 -3.91 -10.84 0 0 0 11.62 -4.27 -10.5 -7.92 -16.06 52.26 0.05 -4.66 1.05 -0.8 5.7 -15.92 -1.05 -2.1 6.81 -3 -3.13 -5.34 -2.15 -1.54 -9.62 -0.06 4.71 -0.51 9.68 6.12 3.58 3.15 3.23 0.89 0 0 0 -82.51 17.68 27.56 125.5 -54.66 -90.19 -0 -0 35.09 26.59 36.35 16.53 -7.12 0 -0 -10.49 69.17 -6.1 0 0 0 92.7 13.68 55.5 -69.27 58.31 -42.15 0 -0 -1.52 0.9 52.53 0.71 7.12 -0 -0 19.36 20.13 26.01
-18.8 16.09 3.91 -360.94 56.18 -354.81 0 0 0 -24.86 9.56 -30.18 4.08 12.27 36.69 2.3 13.46 -35.99 0.02 -0.83 -2.28 0 0 0 14.13 0.08 -4.2 -4.04 -12.21 36.48 0.01 -1.88 0.38 -0.26 3.26 -9 -0 -0.56 6.07 -1.8 -0.86 -5.74 -1.79 -0.47 -9.53 0.08 8.33 -0.51 11.07 10.92 4.3 3.59 5.67 0.79 -0 -0 0 -82.51 22.64 17.11 119.85 -56.35 -85.54 -0 -0 35.12 33.01 34.88 20.39 -7.12 0 -0 -0.03 69.72 -0.02 -0 -0 0 93.87 19.46 63.92 -69.07 58.28 -41.98 0 -0 -2.16 4.11 52.89 3.28 7.12 -0 -0 20.69 20.21 28
-19.33 16.16 4.07 -367.86 43.88 -359.32 0 0 0 -17.14 13.7 -35.66 5.32 13.74 42.19 2.27 17.28 -38.82 0.01 0.67 1.84 0 0 0 18.51 2.49 -1.6 -2.32 -9.51 27.39 0.01 3.84 -2.42 -0.07 1.74 -4.79 2.47 0.4 6.47 -0.85 0.77 -5.93 -2.41 0.18 -9.9 0.68 11.35 -0.78 11.89 14.88 5.09 3.76 7.71 0.83 -0 -0 0 -80.64 25.69 9.88 113.06 -57.89 -79.83 -0 -0 34.91 42.69 35.26 28.04 -7.12 0 -0 16.94 73.27 11.44 -0 -0 0 96.64 21.78 70.45 -68.38 58.16 -41.39 0 -0 -2.8 6.58 53.22 5.28 7.12 -0 -0 21.7 20.36 29.57
-19.64 16.08 4.17 -372.66 37.81 -362.49 0 0 0 -10.27 15.58 -38.61 6.72 15.09 47.79 2.19 18.5 -39.45 0.3 3.52 9.72 0 0 0 22.34 -0.73 -2.18 -1.93 -8.71 24.9 0.25 9.53 -0.46 -0.01 0.49 -1.35 5.9 0.73 6.85 -0.21 1.64 -5.38 -3.78 0.41 -9.43 1.58 12.62 -0.65 10.94 16.58 5.03 3.28 8.54 0.85 0 -0 0 -80.28 24.87 5.67 105.71 -59.05 -73.56 -0 -0 33.38 45.77 38.08 32.36 -7.12 0 -0 24.79 77.28 18.94 0 -0 0 98.37 20.43 72.32 -66.56 57.82 -39.85 0 -0 -4.04 8.48 53.46 6.83 7.12 -0 -0 22.46 20.49 30.77
-19.72 16.08 4.25 -372.84 39.34 -362.48 0 0 0 -9.94 14.26 -39.65 6.85 15.2 48.29 2.06 13.49 -34.7 0.05 -1.38 -3.81 0 0 0 22.88 -2.32 -2.22 -1.83 -8.5 24.24 0.31 10.86 -0.84 -0.23 3.11 -8.58 5.12 0.51 7.04 0.17 1.32 -5.43 -2.9 0.31 -9.65 1.51 12.55 -0.43 9.6 16.51 5.03 2.85 8.47 0.92 -0 0 0 -81.34 23.22 6.61 97.74 -59.77 -66.7 -0 -0 34.11 47.09 36.8 32.8 -7.12 0 -0 27.9 76.3 20.82 -0 0 0 99.76 17.14 71.48 -65.13 57.53 -38.64 0 -0 -4.16 10.1 53.51 8.15 7.12 -0 -0 23.1 20.49 31.76
-19.42 16.09 4.32 -373.08 45.94 -363.16 0 0 0 -12.56 10.91 -39.62 6.57 14.96 47.23 2.37 4.49 -30.98 1.23 -7.03 -19.79 0 0 0 22.97 -2.81 0.24 -1.67 -8.14 23.14 0.06 4.98 -0.59 -0.28 3.4 -9.39 5.36 0.46 6.37 0.64 1.27 -5.24 -2.51 0.31 -9.06 1.45 11.33 -0.81 7.19 14.93 4.34 2.13 7.62 1.02 0 -0 0 -84.48 21.36 10.63 91.98 -59.99 -61.71 -0 -0 35.77 50.07 36.52 35.41 -7.12 0 -0 36.48 76.79 27.86 0 -0 0 100.63 15.14 66.96 -59.46 56.16 -33.89 0 -0 -3.13 10.11 52.96 8.1 7.12 -0 -0 23.07 19.97 31.61
-18.85 16.09 4.32 -372.3 56.66 -362.99 0 0 0 -16.4 1.72 -34.73 5.7 14.13 43.75 1.95 2.92 -27.56 0.5 -4.54 -12.6 0 0 0 21.84 -4.3 -0.2 -2.22 -9.31 26.79 0 -1.92 1.3 -0.55 4.76 -13.21 4.67 1.53 5.6 1.03 2.7 -6.2 -1.9 1.06 -9.57 0.49 7.74 0.11 5.08 10.23 3.6 1.54 5.19 0.84 -0 0 0 -89.03 20.44 19.14 89.43 -60 -59.51 -0 -0 37.43 52.04 36.05 37.02 -7.12 0 -0 42.19 76.74 32.45 -0 0 0 99.56 12.48 58.29 -52.1 53.81 -27.86 0 -0 -1.64 6.49 51.98 5.12 7.12 -0 -0 21.57 19.2 29.14
-18.15 16.06 4.22 -364.07 69.35 -355.99 0 0 0 -23.7 -7.07 -27.58 4.49 12.79 38.57 1.73 1.13 -25.3 0.08 -1.87 -5.14 0 0 0 17.54 -5.82 -10.27 -6.04 -14.47 45.16 -0.09 -11.27 9.11 -0.34 3.77 -10.43 2.4 3.61 4.97 0.2 5.22 -6.79 -1.82 2.42 -9.8 -3.62 2.61 0.05 4.65 3.41 3.27 2.1 1.72 0.86 -0 -0 0 -90.43 18.72 33.88 88.68 -59.99 -58.86 -0 -0 37.37 49.48 31.35 31.33 -7.12 0 -0 30.37 71.05 19.41 -0 -0 0 97.94 12.64 44.6 -44.34 50.44 -21.73 0 -0 -0.35 1.27 52.07 1 7.12 -0 -0 19.46 19.66 26.07
-17.66 15.77 4.19 -327.8 80 -324.57 0 0 0 -33.49 -11.56 -17.74 3.99 12.15 36.28 1.65 -1 -23.98 0.04 -1.21 -3.32 0 0 0 9.97 -8.07 -22.3 -12.54 -18.61 67.69 -0.25 -10.72 10.9 -0.05 1.45 -3.99 -2.06 6.26 9.3 -1.06 8.09 -5.08 -1.51 4 -10.8 -7.48 -2.85 1.56 4.58 -3.92 0.49 2.76 -1.98 0.14 -0 -0 0 -88.37 14.62 51.28 91.79 -59.99 -61.55 -0 -0 35.08 44.87 25.71 23.36 -7.12 0 -0 19.71 63.11 8.84 -0 -0 0 92.17 16.4 29.24 -38.45 47.13 -17.3 0 0 0.7 -4.37 51.82 -3.43 7.12 -0 -0 17.11 20.03 22.73
-17.1 15.68 4.21 -231.86 82.59 -230 0 0 0 -34.85 -10.42 -13.5 3.96 12.11 36.13 1.28 -10.46 -20.44 0.01 -0.75 -2.07 0 0 0 9.5 -6.91 -32.79 -14.25 -19.19 72.95 0.08 -5.05 -1.09 -0.27 3.37 -9.31 0.69 6.52 10.67 -1.39 8.74 -3.83 -3.5 4.13 -9.75 -11.72 -6.81 2.88 6.92 -9.4 -1.46 4.38 -4.72 -0.02 -0 -0 0 -86.82 11.2 61.79 98.32 -59.74 -67.2 -0 -0 33.69 38.59 22.03 16.66 -7.12 0 -0 11.01 57.01 3.27 -0 -0 0 83.7 22.77 15.69 -29.4 40.38 -11.02 0 0 2.94 -6.52 51.79 -5.14 7.12 -0 -0 16.2 20.3 21.49
-16.38 15.71 4.29 -203.47 71.34 -201.65 0 0 0 -36.03 -10.78 -7.92 3.39 11.31 33.32 0.48 -18.08 -16.74 0 -0.15 -0.42 0 0 0 5.85 -4.17 -37.36 -10.84 -17.86 62.26 -0.19 -5.55 -12.19 -0.7 5.35 -14.9 0.93 6.21 10.33 -2.89 8.25 -3.62 -5.06 3.87 -9.07 -12.9 -10.39 6.14 10.47 -14.52 -2.9 5.23 -7.38 -0.13 -0 0 0 -83.21 10.23 69.85 102.9 -59.36 -71.15 -0 -0 32.67 33.25 19.5 12.35 -7.12 0 -0 5.16 52.86 1 -0 0 0 75.85 28.02 -4.36 -21.12 31.97 -6.12 0 0 2.28 -4.1 52.63 -3.26 7.12 -0 -0 17.34 20.76 23.18
-15.57 15.82 4.38 -201.19 61.62 -197.19 0 0 0 -37.14 -11.55 -2.38 2.22 9.31 26.76 -0.82 -24.06 -10.68 0.02 1 2.75 0 0 0 -0.57 -1.31 -36.32 -5.11 -13.5 41.28 -0.26 -14.07 -22.69 -0.39 4.02 -11.14 -1.39 5.81 8.6 -4.5 7.42 -3.91 -5.18 3.61 -8.53 -14.17 -13.3 7.87 12.71 -18.73 -2.09 5.91 -9.57 0.66 -0 0 0 -82.54 9.07 74.13 103.98 -59.25 -72.08 -0 -0 33.02 29.54 15.18 8.44 -7.12 0 -0 1.86 47.29 0.1 -0 0 0 69.06 30.98 -21.76 -17.14 27.05 -4.15 0 0 2.19 -4.7 52.41 -3.73 7.12 -0 -0 17.06 20.63 22.76
-14.61 15.93 4.45 -197.84 56.18 -194.12 0 0 0 -35.82 -12.9 5.48 1.4 7.49 21.19 -1.13 -24.7 -8.61 0 -0 -0.01 0 0 0 -3.74 3.54 -29.99 -2.2 -9.27 26.65 1.01 -22.36 -23.38 -0.02 0.84 -2.3 -2.44 5.19 8.14 -4.69 6.51 -3.62 -4.6 3.24 -8.12 -15.25 -15.02 9.59 14.24 -21.38 -1.44 6.39 -10.97 1.22 -0 0 0 -82.09 9.19 77.61 104.94 -59.14 -72.9 -0 -0 32.58 27.83 15.58 8.07 -7.12 0 -0 0.16 47.48 0.01 -0 0 0 67.46 30.84 -26.27 -17.13 27.02 -4.14 0 0 1.8 -10.32 53.75 -8.36 7.12 -0 -0 15.02 22.73 20.16
-13.5 15.93 4.57 -193.11 57.36 -189.64 0 0 0 -31.11 -11.5 6.81 1.77 8.37 23.85 -0.61 -22.64 -11.04 0.15 -2.48 -6.83 0 0 0 3.5 3.63 -28.48 -1.92 -8.7 24.86 1.29 -21.01 -16.2 -0.71 -5.4 15.04 -2.03 4.43 6.75 -4.13 5.59 -3.71 -3.95 2.79 -7.46 -15.22 -15.1 10.14 14.66 -21.62 -0.17 6.48 -11.11 1.6 -0 -0 0 -82.01 10.37 78.46 104.93 -59.14 -72.89 -0 -0 28.93 25.75 14.83 7.04 -7.12 0 -0 -1.72 46.35 -0.06 -0 -0 0 73.31 28.89 -14.62 -21.06 31.89 -6.08 0 -0 -4.39 -10.68 52.93 -8.56 7.12 -0 -0 14.7 22.01 19.62
-12.24 16.02 4.72 -190.13 63.44 -187.36 0 0 0 -28.46 -11.55 8.67 2.62 10.05 29.13 0.01 -14.9 -10.57 0.95 -6.21 -17.39 0 0 0 11.04 5.72 -24.46 -1.79 -8.41 23.96 0.43 -17.07 -19.64 -0.54 -4.73 13.14 -2.61 3.86 5.67 -3.47 4.83 -3.89 -2.76 2.45 -7.17 -13.41 -13.57 8.9 12.97 -19.35 2.48 5.74 -9.89 1.89 0 0 0 -82.03 11.49 78.72 101.37 -59.51 -69.83 -0 -0 28.7 24.66 20.53 9.15 -7.12 0 -0 -3.98 52.33 -0.72 0 0 0 81.86 25.2 -2.08 -25.3 36.51 -8.47 0 -0 -7.92 -10.34 53.66 -8.36 7.12 -0 -0 14.99 22.64 20.12
-10.97 16.1 4.83 -178.06 72.08 -175.06 0 0 0 -23.33 -9.88 1 6.06 14.49 45.23 -0.04 -3.78 0.25 1.52 -7.78 -22.04 0 0 0 21.22 1.02 -23.86 -1.72 -8.26 23.49 -0.51 -3.91 -15.45 -0.09 -1.92 5.29 0.3 2.89 3.45 -2.05 3.86 -4.71 -2.66 1.87 -6.67 -9.05 -10.16 5.65 8.84 -14.24 6.81 3.88 -7.15 2.4 0 0 0 -82.77 11.92 77.1 92.63 -59.97 -62.28 -0 -0 31.04 24.58 27.07 11.76 -7.12 0 -0 -6.44 59.2 -2.24 0 0 0 89.07 20.53 6.6 -28.54 39.61 -10.47 0 -0 -12.14 -9.4 55.37 -7.76 7.12 -0 -0 15.72 24.1 21.35
-9.8 15.98 4.95 -148.79 80.47 -146.35 0 0 0 -16.64 -1.84 -14.68 12.46 18.58 67.43 0.89 7.38 16.86 1.41 -7.52 -21.26 0 0 0 29.39 -5.61 -21.83 -1.65 -8.1 23.02 -0.27 10.85 -11.25 -0.07 -1.68 4.62 2.21 1.79 4.38 -0 2.67 -5.42 -1.54 1.21 -8.05 -4.92 -4.15 4.3 6.41 -5.84 7.86 2.9 -2.86 2.14 -0 -0 0 -85.83 11.85 73.53 84.51 -59.89 -55.25 -0 -0 33.71 28.06 51.95 22.77 -7.12 0 -0 -56.05 82.02 -49.14 -0 -0 0 92.25 16.2 14.15 -31.35 42.02 -12.3 0 -0 -15.42 -6.93 59.53 -5.98 7.12 -0 -0 17.57 27.63 24.47
-8.73 15.87 5.04 -78.35 80.8 -77.24 0 0 0 -10.14 3.74 -28.35 17.02 19.79 81.27 0.44 5.33 11.85 0.75 -5.52 -15.4 0 0 0 34.71 -11.2 -16.92 -1.43 -7.57 21.41 1.04 22.02 -5.87 -0.24 -3.18 8.77 4.88 0.88 6.43 1.8 1.88 -4.54 -1.09 0.73 -8.33 -0.28 2.21 2.64 3.7 2.9 8.34 1.25 1.59 2.1 0 0 0 -88.53 11.36 63.41 70.9 -58.58 -43.54 -0 -0 35.81 19.28 56.22 16.21 -7.12 0 -0 -80.63 79.01 -69.42 0 0 0 93.26 15.35 22.28 -34.4 44.38 -14.39 0 -0 -14.19 0.03 63.97 0.03 7.12 -0 -0 20.88 30.98 29.82
-7.64 15.79 5.06 -39.74 73.38 -36.13 0 0 0 -6.81 4.15 -41.37 16.68 19.73 80.24 -0.13 7.27 -6.6 0.16 -2.56 -7.05 0 0 0 35.61 -9.82 -14.93 -1.66 -8.12 23.08 2.27 28.97 -3.81 -0.26 -3.26 9.01 5.5 1.47 5.69 2.44 2.78 -5.04 -0.86 1.15 -8.4 2.63 7.51 1.5 2.23 10.04 9.44 0.47 5.21 2.76 0 -0 0 -89.52 12.25 52.58 54.11 -54.52 -29.49 -0 -0 31.61 32.14 51.28 26.12 -7.12 0 -0 -49.95 83.65 -44.9 0 -0 0 92.9 14.61 29.01 -38 46.84 -16.96 0 -0 -8.68 5.81 69.92 5.46 7.12 -0 -0 23.83 36.11 34.8
-6.45 15.84 4.99 -23 65.92 -16.68 0 0 0 -6.04 3.15 -46.78 11.2 18.03 63.42 0.47 9.6 -19.75 0.48 -4.44 -12.31 0 0 0 32.26 -6.42 -11.74 -1.67 -8.14 23.14 2.5 31.08 -5.55 -0.26 -3.29 9.07 4.96 2.81 4.78 1.49 4.46 -6.34 -1.75 1.94 -9.15 3.67 11.28 0.16 3.19 14.98 11.4 0.92 7.77 3.72 -0 -0 0 -90.31 14.92 40.55 41.43 -48.9 -19.51 -0 -0 29.53 47.34 40.23 35.03 -7.12 0 -0 31.18 79.97 25.59 -0 -0 0 92.95 15.14 35.31 -41.53 48.95 -19.58 0 -0 -4.65 9.21 73.47 8.84 7.12 -0 -0 25.47 39.28 37.46
-5.13 15.92 4.86 -18.75 58.97 -10.87 0 0 0 -4.2 4.56 -46.68 5.69 14.12 43.74 0.27 18.32 -28.05 0.27 -3.36 -9.29 0 0 0 29.88 -6.46 -4.37 -0.79 -5.66 15.79 2.24 29.31 -4.8 -0.07 -1.73 4.75 6.96 4.8 4.45 0.98 7.32 -7.07 -3.69 3.17 -9.3 4.03 14.57 -1.84 4.22 19.2 12.99 1.63 9.93 4.62 0 0 0 -90.36 16.71 29.37 35.12 -44.9 -14.9 -0 -0 28.15 53.53 30.1 34.15 -7.12 0 -0 38.75 70.83 25.04 0 0 0 92.37 18.85 43.07 -45.68 51.1 -22.77 0 -0 -2.54 11.1 75.91 10.77 7.12 -0 -0 26.46 41.5 38.98
-3.65 15.9 4.64 -19.05 56.49 -11.25 0 0 0 -6.85 8.4 -47.94 4.52 12.82 38.7 -0.68 24.43 -29.97 0.02 1.01 2.78 0 0 0 26.5 -5.49 9.44 -0.01 -0.71 1.94 1.48 22.42 -0.21 -0.06 1.57 -4.32 10.38 6.8 5.08 0.85 10.42 -7.35 -6 4.44 -9.11 3.57 16.51 -3.38 3.83 21.83 13.06 1.88 11.17 4.94 -0 0 0 -89.02 18.33 23.92 32.6 -43.02 -13.15 -0 -0 31.06 62.51 34.89 47.71 -7.12 0 -0 78.68 76.14 64.36 -0 0 0 91.79 23.81 51.22 -50.92 53.36 -26.91 0 -0 -2.06 11.73 77.42 11.46 7.12 -0 -0 26.96 42.89 39.72
-2.01 15.85 4.31 -23.07 64.07 -15.63 0 0 0 -14.37 6.25 -45.68 4.99 13.38 40.79 0.15 20.1 -29.48 0.09 1.97 5.44 0 0 0 23.17 -4.13 4.28 -1.3 -7.22 20.37 1.12 19.29 0.92 -0.9 6.05 -16.93 12.56 7.62 3.73 0.81 11.65 -8.04 -7.06 4.94 -8.53 2.65 17.02 -4.61 3.54 22.63 14.22 1.94 11.52 4.93 0 0 0 -88.91 20.66 22.43 32.08 -42.61 -12.8 -0 -0 34.1 63.43 36.25 49.78 -7.12 0 -0 87.08 76.74 73.39 0 0 0 91.09 26.69 58.65 -58.58 55.92 -33.16 0 -0 -1.21 9.34 78.25 9.15 7.12 -0 -0 26.77 43.73 39.35
-0.59 15.68 4.02 -27.09 79.95 -20.6 0 0 0 -22.99 -2.74 -39.98 5.73 14.16 43.88 1.04 13.49 -28.36 0.01 0.75 2.05 0 0 0 17.43 -4.38 -10.32 -7.6 -15.82 51.12 -0.08 7.06 11.75 -2.08 9.03 -25.9 9.41 8.44 3.29 -1.4 12.44 -9.39 -7.87 5.38 -9.7 2.07 16.51 -3.3 3.57 22.06 12.68 1.94 11.25 4.62 0 0 0 -87.88 20.57 24.68 33.81 -43.94 -13.98 -0 -0 35.55 64.79 38.29 52.77 -7.12 0 -0 87.31 -77.35 -100.2 0 0 0 92.96 28.19 63.96 -65.88 57.68 -39.28 0 0 1.46 11.15 77.84 10.91 7.12 -0 -0 26.97 43.3 39.7
0.55 15.34 3.85 -15.17 101.2 -10.54 0 0 0 -33.84 -9.9 -31.28 6.68 15.05 47.64 1.5 4.81 -25.32 0.2 -2.91 -8.03 0 0 0 8.57 -7.06 -25.55 -15.13 -19.42 75.62 0.22 8.9 6.58 -2.2 9.27 -26.66 4.6 9.12 5.3 -3.78 12.75 -8.07 -8.13 5.81 -9.72 -0.02 15.02 -3.46 2.21 20.37 11.75 1.66 10.28 4.24 0 0 0 -87.57 14.81 31.44 40.12 -48.14 -18.53 -0 -0 34.84 61.34 39.05 49.06 -7.12 0 -0 89.44 78.89 78.1 0 0 0 97.13 35.03 71.91 -69.29 58.32 -42.16 0 0 3.43 14.46 74 13.92 7.12 -0 -0 26.76 39.64 39.53
1.71 15.11 3.9 -7.67 126.51 -1.79 0 0 0 -36.08 -18.37 -24.87 7.91 16.05 52.24 1.29 -4.88 -20.45 0.26 -3.3 -9.11 0 0 0 6.28 1.94 -35.57 -16.96 -19.78 81.08 -0.01 6.33 -4.75 -2.17 9.2 -26.44 3.01 9.9 3.94 -3.72 13.59 -6.79 -6.84 6.5 -7.76 -3.84 10.96 -3.36 1.61 15.29 11.25 1.79 7.65 3.83 0 0 0 -91.81 11.73 39.88 50.32 -53.12 -26.43 -0 -0 37.99 60.83 37.72 47.62 -7.12 0 -0 81.8 78.28 69.79 0 0 0 98.64 44.11 80.87 -70.09 58.45 -42.84 0 0 5.48 18.02 69.71 16.97 7.12 -0 -0 27 35.6 39.93
3.1 15.26 3.97 -4.35 156.94 2.94 0 0 0 -32.27 -25.29 -18.87 8.12 16.21 53.01 -0.31 -19.03 -10.54 0.1 -2.05 -5.63 0 0 0 0.97 11.06 -35.55 -13.43 -18.93 70.44 -0.35 7.03 -10.86 -1.77 8.37 -23.83 0.53 9.76 3.16 -2.85 13.34 -6.55 -4.53 6.58 -7.83 -6.97 5.67 -1.82 1.72 7.47 10.26 2 3.34 3.3 -0 -0 0 -91.98 11.42 54.39 60.8 -56.52 -35 -0 -0 36.58 58.75 39.08 46.09 -7.12 0 -0 78.09 79.58 67.54 -0 -0 0 98.25 48.88 81.62 -76.65 59.32 -48.46 0 0 6.09 14.11 73.1 13.52 7.12 -0 -0 26.52 38.8 39.15
4.76 15.9 3.68 -0.68 192.73 6.13 0 0 0 -20.3 -33.75 -15.43 6.43 14.83 46.67 -3.62 -31.69 8.1 0 -0.06 -0.17 0 0 0 3.03 23.21 -22.31 -7.67 -15.87 51.38 0.32 15.72 -7.25 -2.36 9.59 -27.65 -0.79 8.08 2.1 -1.96 10.32 -7.49 -2.59 4.88 -8.84 -9 -0.33 -1.19 3.37 -0.73 12.34 2.47 -0.76 3.93 -0 0 0 -88.57 13.42 65.42 57.97 -55.74 -32.65 -0 -0 32.66 59.38 30.13 40.3 -7.12 0 -0 55.01 72.18 38.67 -0 0 0 99.36 47.94 82.2 -90.51 60 -60.44 0 0 7.38 0.77 73.44 0.74 7.12 -0 -0 23.58 39.69 34.45
6.43 16.45 2.91 1.05 231.87 5.02 0 0 0 -10.79 -40.18 -16.48 4.81 13.17 40 -3.91 -32.46 12.19 0.68 -5.26 -14.65 0 0 0 14.22 27.97 -6.77 -4.82 -13.17 40.02 1.02 18.41 13.05 -0.23 3.07 -8.48 -2.18 4.72 4.82 -2.5 5.66 -7.8 -2.26 2.68 -11.01 -12.4 -5.98 0.12 8.26 -9.07 13.93 4.14 -4.83 5.09 -0 0 0 -83.18 12.31 74.92 51.55 -53.6 -27.42 -0 -0 30.61 55.9 22.11 29.07 -7.12 0 -0 35.87 62.26 16.15 -0 0 0 104.54 44.61 80.18 -98.75 59.71 -67.57 0 0 12.81 -9.32 76.03 -9.05 7.12 -0 -0 22.57 42.87 32.83
7.49 16.51 2.05 -0.32 273.39 8.01 0 0 0 -10.89 -29.14 -25.01 4.63 12.95 39.2 0.05 -9.33 -7.45 0.92 -6.12 -17.13 0 0 0 22.65 15.82 -3.55 -3.08 -10.83 31.7 0.48 12.6 8.38 -1.18 6.89 -19.39 -0.74 0.95 3.98 -3.45 0.66 -8.18 -3.37 0.1 -10.95 -14.51 -11.24 5.01 10.92 -17 11.61 4.93 -8.81 4.84 -0 0 0 -81.5 8.88 83.82 52.17 -53.84 -27.92 -0 -0 30.6 48.9 14.54 16.05 -7.12 0 -0 21.7 50.21 2.91 -0 0 0 110.35 50.06 80.77 -101.43 59.5 -69.88 0 0 7.87 -5.36 74.67 -5.17 7.12 -0 -0 22.73 41.3 33.11
8.21 16.54 1.51 4.4 309.55 6.21 0 0 0 -17.2 -9.71 -30.2 4.28 12.52 37.6 0.47 -6.14 -12.3 1.56 -7.88 -22.34 0 0 0 25.78 -0.98 -9.91 -2.23 -9.33 26.84 0.03 5.21 -2.65 -1.14 6.78 -19.07 -1.86 -0.16 3.33 -3.92 -1.01 -9.74 -3.07 -0.64 -12.44 -14.64 -17.68 10.43 10.47 -25.99 7.84 4.5 -13.38 3.98 0 0 0 -84.84 4.48 98.42 54.36 -54.61 -29.69 -0 -0 29.02 43.31 10.14 9.42 -7.12 0 -0 14.9 43.28 -0.65 0 0 0 116.38 65.76 82.5 -98.41 59.73 -67.28 0 0 7.13 -16.08 73.67 -15.47 7.12 -0 -0 20.1 41.61 29.07
8.7 16.51 1.22 3.53 340.86 7.99 0 0 0 -15.32 -8.86 -26.71 4.99 13.37 40.76 0.34 1.33 -11.6 0.97 -6.26 -17.53 0 0 0 27.81 -1.82 -13.75 -2.32 -9.51 27.4 -0.04 5.21 -4.79 -1.79 8.41 -23.96 -2.55 -0.73 3.43 -3.41 -1.73 -10.47 -2.05 -0.84 -13.35 -15.04 -21.22 14.16 13.12 -30.8 1.61 5.44 -15.86 2.6 0 -0 0 -85.93 2.75 107.67 55.06 -54.84 -30.26 -0 -0 16.16 41.09 -14.24 -12.11 -7.12 0 -0 9.02 11.55 -7.13 0 -0 0 154.67 74.73 118.24 -101.17 59.52 -69.66 0 0 0.65 -16.07 74.02 -15.48 7.12 -0 -0 20.28 41.9 29.35
9.19 16.35 1.21 5.43 373.73 11.18 0 0 0 -14.72 -9.88 -30.52 6.98 15.32 48.81 -0.62 15.59 -13.58 0.01 -0.46 -1.26 0 0 0 28.85 -5.35 -23.59 -3.5 -11.46 33.85 -0.16 -10.1 -16.72 -1.46 7.63 -21.61 -4.2 -1.08 1.27 -4.56 -2.21 -11.1 -2.37 -0.92 -12.77 -13.19 -22.52 13.31 14.82 -31.92 -1.36 5.69 -16.4 1.98 0 0 0 -85.67 -2.43 117.05 53.69 -54.38 -29.15 -0 -0 10.78 34.71 -18.94 -12.67 -7.12 0 -0 4.14 7.37 -3.59 0 0 0 -169.85 71.65 155.91 -102.13 59.44 -70.48 0 -0 -1.02 2.65 74.88 2.56 7.12 -0 -0 24.44 40.9 35.8
9.83 16.35 1.35 4.39 402.23 11.32 0 0 0 -14.4 -1.36 -34.24 7.64 15.84 51.24 -1.76 22.82 -11.34 0.27 3.32 9.17 0 0 0 31.1 -3.92 -21.15 -3.19 -11 32.28 0.74 -24.92 -30.37 -0.09 1.96 -5.4 -0.64 0.17 0.57 -4.93 -0.06 -11.34 -5.05 -0.2 -12.58 -13.04 -20.13 11.06 12.85 -28.36 -1.13 5.3 -14.49 1.59 0 0 0 -86.62 -5.38 121.98 54.71 -54.73 -29.98 -0 -0 6.43 29.01 -32.02 -16.38 -7.12 0 -0 -1.57 -5.57 1.71 0 0 0 -167.59 64.64 167.49 -97.73 59.77 -66.69 0 -0 -6.6 29.59 83.24 29.42 7.12 -0 -0 30.77 48.29 45.18
10.69 16.39 1.43 6.18 425.99 14.27 0 0 0 -18.75 5.1 -36.91 6.77 15.14 48.01 -0.71 15.44 -10.76 1.22 -7.02 -19.77 0 0 0 31.73 -15.74 -23.61 -2.87 -10.48 30.55 1.07 -25.92 -29.73 -0.81 5.74 -16.04 0.72 3.51 -2.34 -5.6 4.8 -11.93 -6.84 2.15 -10.92 -10.64 -14.49 7.07 8.96 -20.13 -0.08 4.2 -10.21 0.83 0 0 0 -88.09 -7.77 125.45 55.5 -54.99 -30.63 -0 -0 6.72 29.36 -37.54 -18.92 -7.12 0 -0 -2.56 -11.38 3.02 0 0 0 -179.41 60.62 166.96 -87.9 59.98 -58.18 0 -0 -0.75 15.16 81.84 15.01 7.12 -0 -0 28.7 46.95 42.12
11.42 16.5 1.26 52.21 446.55 60.54 0 0 0 -24.2 4.25 -36.08 5.69 14.12 43.72 -0.51 13.56 -10.55 0.52 -4.61 -12.81 0 0 0 30.97 -17.19 -24.24 -3.61 -11.63 34.43 2.34 -32.56 -34.16 -0.32 3.62 -10.02 2.24 7.36 -3.4 -7.33 10.17 -11.37 -9.44 4.81 -8.47 -5.2 -8.47 -0.73 4.42 -11.41 4.83 2 -5.69 2.27 0 -0 0 -88.62 -13.52 131.66 59.33 -56.13 -33.78 -0 -0 8.41 36.52 -42.21 -26.45 -7.12 0 -0 -0.3 -18.48 0.37 0 -0 0 165.41 57.71 158.77 -78.02 59.45 -49.64 0 -0 -2.7 24.58 81.79 24.35 7.12 -0 -0 29.95 46.89 44.09
11.85 16.25 1.07 170.97 430 175.21 0 0 0 -25.61 -4.05 -28.93 5.95 14.38 44.78 -0.09 7.58 -8.43 0.47 -4.42 -12.26 0 0 0 25.98 -19.04 -26.96 -7.36 -15.63 50.23 4.02 -32.82 -13.86 -0.11 -2.09 5.76 3.4 9.25 1.05 -6.72 12.72 -8.71 -9.81 6.04 -7.54 -0.51 1.9 -4.9 1.35 2.53 6.91 0.63 1.31 3.04 0 -0 0 -88.46 -15.78 131.86 63.27 -57.12 -37.08 -0 -0 11.39 41.64 -42.14 -30.82 -7.12 0 -0 2.15 -20.44 -2.77 0 -0 0 153.33 51.51 149.9 -63.73 57.23 -37.46 0 -0 -2.23 14.25 76.91 13.89 7.12 -0 -0 27.31 42.36 40.3
12.22 15.96 1.04 179.19 407.5 178.58 0 0 0 -23.79 -14.51 -20.89 6.4 14.81 46.57 0.35 -3.25 -10.56 1.09 -6.63 -18.62 0 0 0 23.49 -20.34 -26.23 -11.02 -17.94 62.84 0.26 -17.99 10.08 -0.14 2.42 -6.67 5.58 10.11 4.73 -4.54 14.05 -6.6 -9.11 6.59 -7.15 1.38 11.92 -3.62 2.93 15.85 7.96 1.3 8.09 3.04 0 -0 0 -89.31 -17.72 133.17 62.63 -56.97 -36.54 -0 -0 11.15 44.13 -43.14 -33.56 -7.12 0 -0 2.93 -22.52 -3.83 0 -0 0 143.65 47.34 138.78 -51.74 53.67 -27.57 0 -0 -4.34 16.03 75.74 15.56 7.12 -0 -0 27.42 41.24 40.54
12.53 15.74 1.05 179.34 385.93 179.14 0 0 0 -25.33 -21.54 -17.47 5.83 14.26 44.29 0.1 -13.55 -10.71 0.68 -5.29 -14.74 0 0 0 19.61 -17.67 -27.87 -13.15 -18.84 69.6 -0.34 0.65 11.22 -1.64 8.07 -22.93 3.29 10.79 3.5 -4.06 14.79 -6.13 -7.16 7.16 -6.48 -0.39 16.71 -2.1 7 21.83 7.45 2.61 10.99 1.86 -0 -0 0 -90.05 -17.95 132.7 61.34 -56.66 -35.46 -0 -0 10.5 44.13 -43.01 -33.49 -7.12 0 -0 2.98 -22.39 -3.9 -0 -0 0 139.96 45.95 127.72 -42.5 49.48 -20.32 0 -0 -4.44 12.21 73.55 11.72 7.12 -0 -0 26.17 39.26 38.58
12.73 15.77 1.17 179.93 362.82 180.3 0 0 0 -26.49 -30.68 -13.42 4.71 13.05 39.55 -0.81 -22.44 -9.01 1.02 -6.41 -17.98 0 0 0 16.73 -14.53 -27 -12.5 -18.59 67.55 0.23 8.95 6.53 -2.22 9.32 -26.79 2.02 10.57 3.94 -4.28 14.52 -6.19 -6.88 7.09 -7.08 0.11 16.82 -2.41 6.18 22 8.05 2.41 11.09 2.26 -0 -0 0 -90.24 -16.76 131.63 60.35 -56.4 -34.63 -0 -0 10.34 43.48 -42.38 -32.58 -7.12 0 -0 2.92 -21.47 -3.79 -0 -0 0 137.5 48.82 118.32 -35.03 44.83 -14.84 0 -0 -5.27 7.07 71.53 6.71 7.12 -0 -0 24.52 37.56 35.93
12.87 15.93 1.29 182.62 340.95 181.31 0 0 0 -22.98 -33.81 -14.95 4.1 12.3 36.79 -3.6 -35.35 -4.18 3.27 -11.11 -32.67 0 0 0 18.98 -8.55 -24.54 -9.73 -17.26 58.58 0.52 12.86 7.35 -2.1 9.07 -26.01 2.32 11.24 4.23 -3.91 14.82 -6.84 -6.8 6.93 -7.93 0.97 15.8 -1.33 6.21 20.56 8.72 2.24 10.39 2.43 -0 -0 0 -90.33 -15.34 132.16 60.58 -56.46 -34.82 -0 -0 9.58 42.46 -41.83 -31.39 -7.12 0 -0 2.65 -20.47 -3.41 -0 -0 0 130.26 54.14 103.75 -29.82 40.74 -11.29 0 -0 -3.57 -3.93 73.25 -3.76 7.12 -0 -0 22.48 39.89 32.73
12.89 16.13 1.34 188.24 319.72 179.72 0 0 0 -17.57 -32.42 -18.93 3.89 12.01 35.77 -0.37 -26.85 -16.66 3.4 -11.32 -33.37 0 0 0 25.69 -9.52 -23.06 -7.14 -15.45 49.39 -0.15 6.45 12.42 -0.59 4.91 -13.65 4.78 10.57 3.5 -2.68 14.24 -7.46 -6.65 6.53 -7.99 0.62 15.15 -0.89 6.68 19.7 8.75 2.37 9.97 2.3 0 0 0 -90.55 -14.38 131.23 60.9 -56.54 -35.09 -0 -0 9.31 42.24 -39.15 -29.83 -7.12 0 -0 3.48 -17.66 -4.38 0 0 0 119.9 60.27 87.29 -26.02 37.23 -8.9 0 -0 -1.85 -6.36 73.59 -6.1 7.12 -0 -0 22.08 40.43 32.12
12.78 16.15 1.29 192.06 299.23 178.42 0 0 0 -18.67 -18.98 -26.87 4.08 12.27 36.7 2.47 -2.3 -29.16 1.63 -8.04 -22.83 0 0 0 32.29 -17.67 -24.68 -5.58 -14.01 43.27 0.03 -3.94 1.01 -0.6 4.97 -13.84 4.18 9.32 1.91 -3.13 12.38 -8.74 -6.59 5.55 -8.75 -0.02 15.21 -1.49 8.7 19.67 9.13 3.13 10.03 2.25 0 0 0 -90.41 -13.4 130.13 59.27 -56.11 -33.74 -0 -0 9.64 39.31 -36.36 -25.89 -7.12 0 -0 2.89 -13.54 -3.49 0 0 0 106.2 66.7 68.47 -21.25 32.12 -6.18 0 0 0.79 -12.33 74.64 -11.9 7.12 -0 -0 21.33 41.98 30.95
12.41 16.21 1.16 191.99 286.98 179.54 0 0 0 -25.15 0.67 -33.29 3.97 12.12 36.17 1.31 2.71 -22.75 0.25 -3.2 -8.83 0 0 0 33.2 -17.04 -24.61 -5.13 -13.53 41.38 0.38 -10.99 -5.89 -0.98 6.3 -17.66 0.2 8.92 -0.81 -3.68 11.47 -9.14 -4.64 5.38 -8.37 0.27 14.45 -1 8.49 18.78 7.37 2.86 9.56 1.68 -0 -0 0 -90.46 -12.38 129.12 58.35 -55.85 -32.97 -0 -0 9.41 39.68 -39.16 -27.65 -7.12 0 -0 2.21 -16.61 -2.76 -0 -0 0 95.83 70.77 53.52 -18.41 28.68 -4.74 0 0 3.19 -5.31 77.55 -5.18 7.12 -0 -0 23.99 43.86 35
12.02 16.04 1.19 194.06 279.3 176.87 0 0 0 -26.17 -3.92 -31.76 4.52 12.82 38.69 1.4 1.93 -23.1 0.45 -4.28 -11.87 0 0 0 31.07 -17.75 -26.56 -6.67 -15.05 47.62 0.12 -7.52 -7.21 -1.17 6.86 -19.31 0.68 7.82 0.66 -4.81 9.91 -9.51 -6.28 4.46 -9.47 0.19 14.26 -1.16 9.16 18.55 6.79 3.05 9.45 1.45 -0 -0 0 -90.03 -12.18 130.09 57.27 -55.54 -32.08 -0 -0 9.93 38.94 -36.73 -25.79 -7.12 0 -0 2.59 -13.79 -3.13 -0 -0 0 93.85 72.28 53.44 -19.49 30.03 -5.28 0 -0 -0.09 -5.2 76.93 -5.07 7.12 -0 -0 23.73 43.3 34.61
11.67 15.94 1.11 198.57 278.84 171.43 0 0 0 -25.45 -4.67 -30.36 5.29 13.7 42.05 1.66 2.87 -25.51 0.59 -4.9 -13.63 0 0 0 29.65 -15.99 -25.42 -7.53 -15.76 50.86 -0.29 1.6 -9.75 -2.37 9.6 -27.69 0.41 7.89 1.34 -4.59 10.06 -8.83 -5.96 4.6 -9.18 -0.88 14.64 -1.39 8.74 19.18 5.92 3.03 9.73 1.11 -0 -0 0 -90.4 -11.8 127.88 56.19 -55.21 -31.19 -0 -0 10.76 38.61 -35.35 -24.8 -7.12 0 -0 2.82 -12.21 -3.35 -0 -0 0 89.66 73.93 53.56 -22.91 33.99 -7.09 0 -0 -3.52 -3.43 77.64 -3.35 7.12 -0 -0 24.35 43.81 35.56
11.31 16.07 0.97 186.48 281.89 184.78 0 0 0 -26.75 -2.34 -31.62 5.38 13.8 42.43 1.28 3.7 -23.02 0.89 -6.02 -16.83 0 0 0 28.23 -14.94 -26.69 -6.57 -14.96 47.24 -0.57 1.25 -13.95 -3.93 12.06 -35.96 -2.2 9.1 0.18 -6.6 11.31 -9.14 -6.62 5.31 -8.86 0.86 14.35 -1.59 7.99 18.79 5.28 2.56 9.54 1.2 -0 -0 0 -90.2 -10.83 128.67 55.53 -55 -30.65 -0 -0 11.53 37.12 -34.85 -23.39 -7.12 0 -0 2.17 -11.13 -2.55 -0 -0 0 71.56 75.55 36.89 -25.97 37.18 -8.87 0 -0 -6 -2.25 79.23 -2.21 7.12 -0 -0 25.26 45.15 36.89
10.99 16.25 0.78 193.65 286.29 177.71 0 0 0 -23.66 -1.84 -33.24 6.4 14.8 46.55 0.62 9.43 -21.16 0.77 -5.6 -15.62 0 0 0 30.81 -16.74 -24.69 -5.16 -13.56 41.51 -0.02 -5.88 -8.86 -2.15 9.17 -26.32 -1.03 8.07 0.32 -6.13 10.04 -8.69 -6.63 4.64 -8.41 0.21 14.43 -2.41 8.05 18.95 4.36 2.68 9.61 0.97 -0 0 0 -91.87 -12 129.43 55.35 -54.94 -30.51 -0 -0 14.07 37.4 -32.49 -22.33 -7.12 0 -0 2.94 -8.69 -3.35 -0 0 0 49.66 78.42 17.42 -31.64 42.26 -12.5 0 -0 -6.44 0.18 83.33 0.18 7.12 -0 -0 27.58 48.68 40.14
10.73 16.24 0.61 194.86 294.47 175.42 0 0 0 -20.37 0.33 -41.65 10.19 17.51 60.11 -0.89 18.12 -15.01 0.01 -0.65 -1.78 0 0 0 29.74 -9.68 -16.65 -4.26 -12.5 37.54 -0 1.05 -1.1 -3.6 11.61 -34.36 0.05 5.83 2.18 -5.84 7.06 -8.2 -6.93 3.07 -9.15 -1.29 12.94 -3.95 10.89 16.95 3.69 3.89 8.64 0.71 -0 -0 0 -92.37 -14.2 130.08 54.66 -54.71 -29.94 -0 -0 16.55 39.14 -27.56 -20.64 -7.12 0 -0 5.1 -3.84 -5.45 -0 -0 0 8.47 80.22 -22.09 -42.46 49.46 -20.29 0 -0 -5.15 -12.48 87.92 -12.47 7.12 -0 -0 29.9 52.91 43.01
10.23 16.08 0.63 199.92 304.19 171.63 0 0 0 -9.53 -8.8 -46.73 12.07 18.42 66.2 -0.55 19.2 -22.15 0.45 4.3 11.93 0 0 0 30.88 -9.12 -12.5 -3.45 -11.39 33.61 0.21 8.95 7.23 -3.24 11.08 -32.55 5.96 2.67 3.45 -4.25 3.42 -8.7 -8.38 0.78 -10.69 -3.2 10.57 -4.48 14.11 13.64 4.48 4.87 7.05 0.83 0 0 0 -94.01 -13.82 129.59 54.24 -54.57 -29.6 -0 -0 13.42 40.46 -21.32 -17.23 -7.12 0 -0 7.25 3 -6.91 0 0 0 -38.07 73.17 -67.46 -55.35 54.94 -30.5 0 -0 -1.65 -121.25 -87.87 121.27 7.12 -0 -0 30.83 56.1 43.71
9.41 16.2 0.61 193.62 320.19 178.69 0 0 0 4.11 -27.28 -39.3 7.73 15.92 51.59 0.82 -1.26 -16.69 1.39 -7.45 -21.05 0 0 0 24.57 -4.74 -8.85 -2.81 -10.38 30.21 0.19 12.13 14.46 -2.35 9.56 -27.57 5.46 0.64 4.14 -3.63 0.52 -9.41 -7.11 -0.73 -12.49 -4.29 8.53 -4.29 16.95 10.76 4 5.9 5.56 0.69 0 0 0 -95.11 -13.41 125.08 56.29 -55.24 -31.27 -0 -0 11.62 41.34 -20.43 -17.07 -7.12 0 -0 7.96 3.81 -7.49 0 0 0 -52.95 60.29 -85.18 -68.98 58.26 -41.9 0 -0 -1.13 -125.11 -86.34 125.16 7.12 -0 -0 30.44 57.38 42.83
8.27 16.45 0.44 189.83 345.47 183.4 0 0 0 7.31 -34.13 -24.5 5.07 13.46 41.13 -1.17 -19.86 0.39 3.1 -10.86 -31.81 0 0 0 16.72 1.24 -5.79 -1.64 -8.08 22.95 -0.1 15.37 22.79 -1.15 6.82 -19.18 4.9 0.09 3.64 -2.62 -0.6 -10.72 -5.47 -1.4 -13.87 -6.7 5.16 -2.83 20.71 5.46 5.95 7.53 2.79 1.38 0 -0 0 -96.04 -12.93 118.18 58.72 -55.96 -33.28 -0 -0 13.17 40.78 -18.58 -15.37 -7.12 0 -0 8 6.23 -7.15 0 -0 0 -50.01 51.45 -90.44 -81.45 59.72 -52.6 0 -0 -1.8 -114.56 -84.02 114.67 7.12 -0 -0 28.17 58.58 39.27
6.93 16.52 0.14 184.5 374.62 187.39 0 0 0 -7.97 -19.8 -14.01 3.97 12.12 36.15 0.54 -5.51 -13.14 3.81 -11.91 -35.41 0 0 0 5.81 9.5 -11.61 -1.71 -8.24 23.43 0.17 11.88 14.23 -0.02 0.98 -2.7 1.33 -3.36 2.44 -1.26 -3.37 -12.3 -1.76 -1.35 -15.07 -8.67 0.02 -1.92 21.03 -0.52 10.9 8.11 0.78 3.53 0 0 0 -97.76 -15.97 102.83 58.62 -55.93 -33.2 -0 -0 16.2 42.36 -13.67 -12.17 -7.12 0 -0 9.95 11.96 -7.79 0 0 0 -33.77 54.48 -86.38 -103.12 59.34 -71.34 0 -0 -5.09 -95.6 -82.95 95.64 7.12 -0 -0 25.15 57.48 35.17
5.83 16.47 -0.09 178.91 404.89 186.26 0 0 0 -20.5 1.56 -15.98 3.17 10.96 32.15 0.83 1 -17.62 2.25 -9.38 -26.98 0 0 0 2.8 9.27 -20.62 -2.33 -9.52 27.44 1.24 -20.25 -14.52 -0.08 1.87 -5.14 -5.39 -4.79 1.89 -0.36 -6.21 -12.28 3.31 -2.02 -13.95 -12.25 -3.84 4.05 21.57 -6.28 9.15 8.77 -2.71 3.01 -0 -0 0 -94.95 -27.78 83.21 65.47 -57.6 -38.93 -0 -0 18.45 48.39 -11.05 -12.18 -7.12 0 -0 14.36 13.95 -10.83 -0 -0 0 13.39 59.79 -51.34 -128.84 53.45 -92.9 0 -0 -7.15 -87.21 81.41 -87.17 7.12 -0 -0 22.73 56.92 31.8
4.89 16.4 -0.27 184.18 435.11 190.77 0 0 0 -23.78 7 -18.82 3.68 11.73 34.77 0.66 13.7 -25.75 1.27 -7.13 -20.1 0 0 0 12.63 -0.06 -26.87 -3.85 -11.96 35.59 0.39 -16.06 -18.45 -0.03 1.16 -3.2 -3.78 -3.33 2.29 -0.39 -4.4 -11.69 2.22 -1.48 -13.77 -10.99 -7.4 6.14 17.48 -11.51 11.76 7 -5.45 4.09 0 0 0 -96.72 -45.87 70.38 69.74 -58.39 -42.55 -0 -0 20.56 52.08 -11.05 -13.82 -7.12 0 -0 16.67 12.87 -13.12 0 0 0 68.87 40.38 -8.34 -147.59 42.87 -106.98 0 -0 -9.3 -98.99 -79.04 99.15 7.12 -0 -0 21.43 59.53 29.55
4.24 16.27 -0.43 186.74 466.87 194.28 0 0 0 -29.16 10.11 -22.72 4.23 12.47 37.4 0.23 18.46 -27.95 0.84 -5.85 -16.36 0 0 0 12.5 -4.84 -31.5 -5.81 -14.24 44.21 0.18 -15.66 -20.28 -0.01 -0.72 1.98 -6.42 -1.64 -0.38 -0.64 -2.26 -12.42 3.06 -0.24 -13.07 -10.29 -5.42 5.73 12.54 -8.68 14.85 5.41 -4.2 4.45 -0 -0 0 -103.98 -59.45 68.7 76.39 -59.29 -48.24 -0 -0 17.83 50.6 -6.91 -8.34 -7.12 0 -0 16.8 19.38 -10.74 -0 -0 0 94.63 11.78 3.6 -153.52 37.68 -110.82 0 -0 -18.37 -97.77 -79.16 97.91 7.12 -0 -0 21.38 59.28 29.52
3.77 16.2 -0.45 183.34 501.35 188.94 0 0 0 -30.49 13.2 -22.27 4.68 13.01 39.42 0.07 23.28 -33.23 0.52 -4.63 -12.85 0 0 0 14.48 -10.58 -36.46 -7.08 -15.4 49.17 0.74 -22.71 -26.55 -0.03 -1.06 2.9 -5.02 -0.66 -1.52 -0.73 -1 -12.4 2.07 0.1 -12.47 -6.38 0.21 2.72 10.53 -0.91 18.55 4.38 -0.15 5.13 0 -0 0 -109.16 -69.9 71.78 79.41 -59.57 -50.84 -0 -0 16.92 50.68 -3.77 -4.58 -7.12 0 -0 17.68 24.05 -9.38 0 -0 0 99.95 -12.4 15.46 -140.94 47.5 -102.26 0 -0 -36.43 -61.35 72.75 -60.23 7.12 -0 -0 12.38 50.64 17.52
3.11 16.29 -0.13 182.4 537.08 185.62 0 0 0 -28.3 20.24 -24.18 6.5 14.89 46.94 -2.32 28.34 -24.05 0.01 -0.7 -1.93 0 0 0 21.95 -11.77 -36.94 -6.67 -15.05 47.61 0.8 -19.21 -19.12 -0.75 5.53 -15.44 -3.75 -1.25 -2.2 -1.97 -2.04 -12.21 0.12 -0.74 -11.82 -2.98 6.93 -0.47 15.61 7.17 20.39 5.78 4.43 5.42 0 0 0 -125.36 -77.89 87.94 81.19 -59.7 -52.38 -0 -0 19.3 50.51 -1.92 -2.33 -7.12 0 -0 18.07 26.82 -8.37 0 0 0 94.65 -18.42 39.89 -111.39 58.2 -78.42 0 -0 -44.65 -33.73 60.41 -30.14 7.12 -0 -0 8.78 34.21 12.27
2.33 16.2 0.18 180.19 569.57 185.01 0 0 0 -20.31 19.05 -25.29 10.29 17.57 60.47 -1.48 26.36 7.51 0.31 3.59 9.93 0 0 0 27.97 -6.84 -31.45 -5.47 -13.89 42.81 -0.19 -4.4 -11.08 -0.03 1.19 -3.27 -1.97 -2.27 -2.59 -1.62 -3.55 -12.62 -0.36 -1.73 -12.1 -1.86 10.85 -1.84 18.22 12.45 16.22 6.28 7.09 3.76 -0 -0 0 -177.69 -79.71 141.54 83.08 -59.82 -54.01 -0 -0 20.83 47.61 -4.86 -5.31 -7.12 0 -0 15.27 22.84 -8.44 -0 -0 0 92.76 -16.21 57.96 -103.47 59.3 -71.64 0 -0 -38.66 -26.94 56.92 -23.07 7.12 -0 -0 9.56 29.25 13.12
1.86 15.97 0.44 178.38 606.25 186.84 0 0 0 -20.74 6.34 -25.07 13.1 18.82 69.45 -0.61 15.82 2.65 0.24 -3.15 -8.71 0 0 0 29.13 6.84 -24.38 -5.62 -14.05 43.44 0.11 9.01 -4.05 -0.01 -0.48 1.31 -1.27 -2.1 -1.98 0.03 -3.46 -13.24 1.11 -1.75 -13.15 -3.36 9.09 -3.98 18.21 10.22 14.04 6.53 5.84 3.61 0 0 0 157.93 -76.9 171.33 85.2 -59.91 -55.84 -0 -0 19.83 42.21 -7.44 -6.7 -7.12 0 -0 11 20.07 -6.68 0 0 0 93.13 -14.07 64.14 -105.64 59.06 -73.5 0 -0 -41.28 -13.46 54.42 -11.02 7.12 -0 -0 13.92 23.91 18.76
1.29 16.04 0.84 186.71 642.81 179.07 0 0 0 -19.29 -3.9 -24.58 12.97 18.77 69.04 -0.67 15.78 -13.05 0.01 -0.66 -1.82 0 0 0 28.24 17.66 -16.19 -5.07 -13.46 41.12 1.68 22.35 5.87 -0.1 -2.04 5.63 -0.4 -1.88 -2.39 1.81 -3.33 -13.65 2.59 -1.81 -13.33 -5.68 1.65 -1.55 16.67 0.52 10.32 6.09 0.53 3.18 -0 0 0 166.68 -78.22 176.02 83.41 -59.84 -54.29 -0 -0 18.85 39.32 -7.84 -6.38 -7.12 0 -0 8.92 19.94 -5.41 -0 0 0 93.81 -13.34 64.57 -101.91 59.46 -70.29 0 -0 -41.39 -9.25 49.92 -7.11 7.12 -0 -0 14.73 18.93 19.22
0.55 16.37 1.23 182.86 676.91 185.59 0 0 0 -15.54 -12.36 -21.7 9.78 17.28 58.75 0.54 3.72 -15.78 0.43 -4.2 -11.65 0 0 0 23.11 15.77 -18.07 -4.14 -12.34 36.96 3.98 35.13 28.85 -0.77 -5.62 15.68 1.95 -2.29 -3.85 2.82 -4.21 -13.4 2.38 -2.65 -12.18 -10.22 -8.26 2.96 16.56 -13.27 6.58 6.29 -6.88 3.23 0 0 0 -140.77 -83.94 144.49 82.1 -59.76 -53.16 -0 -0 19.36 40.3 -9.02 -7.57 -7.12 0 -0 9.41 18.31 -6.06 0 0 0 93.82 -10.6 65.05 -95.21 59.9 -64.51 0 -0 -36.35 -1.34 45.29 -0.95 7.12 -0 -0 17.68 13.49 22.26
-0.32 16.73 1.51 181.2 708.34 186.47 0 0 0 -16.87 -24.62 -11.73 6.08 14.51 45.31 -0.01 -7.7 -5.13 0.46 -4.36 -12.09 0 0 0 18.43 19.14 -14.57 -3.25 -11.09 32.6 2.28 30.24 29.37 -0.43 -4.19 11.6 2.15 -3.23 -1.47 3.92 -5.54 -12.15 3.68 -3.31 -12.03 -14.3 -17.33 12.8 15.54 -24.25 1.76 6.54 -12.3 2.17 0 0 0 -74.07 -73.23 93.51 77.66 -59.42 -49.34 -0 -0 20.31 37.47 -4.32 -3.3 -7.12 0 -0 8.07 24.55 -4.03 0 0 0 90.19 -9.74 64.33 -91.66 59.99 -61.44 0 -0 -28.38 2.52 36.13 1.49 7.12 -0 -0 19.14 4.46 21.78
-1.19 16.86 1.7 180.14 737.6 187.81 0 0 0 -20.46 -31.36 -7.02 4.49 12.79 38.57 -0.52 -12.67 4.55 1.45 -7.61 -21.52 0 0 0 13.35 16.86 -19.1 -3.04 -10.76 31.47 2.58 27.74 17.86 -0.44 4.26 -11.81 1.54 -5.48 -0.06 4.13 -6.02 -10.61 4.08 -2.44 -11.01 -11.16 -17.85 15.07 13.76 -24.72 0.47 6.01 -12.65 0.92 -0 -0 0 -65.42 -51.72 89 72.53 -58.82 -44.93 -0 -0 22.93 33.94 12 7.96 -7.12 0 -0 6.23 44.26 -0.12 -0 -0 0 91.12 -9.85 56.85 -87.78 59.98 -58.08 0 -0 -13.8 5.54 27.76 2.59 7.12 -0 -0 20.93 -3.6 21.06
-1.97 16.52 1.83 178.42 768.04 186.45 0 0 0 -25.42 -12.16 -10.75 4.15 12.35 36.99 -0.08 -8.92 -4.65 1.98 -8.82 -25.23 0 0 0 12.42 11.08 -25.58 -3.97 -12.13 36.18 0.63 17.85 -5.4 -2.17 9.21 -26.45 -1.25 -4.39 2.58 2.47 -5.44 -8.76 3.92 -2.26 -10.4 -8.88 -13.73 11.59 13.68 -19.13 4.79 5.52 -9.66 1.77 0 0 0 -62.05 -29.71 77.48 66.06 -57.72 -39.43 -0 -0 24.52 29.06 13.18 7.22 -7.12 0 -0 1.6 44.97 -0 0 0 0 92.83 -10.46 50.64 -92.31 59.98 -62 0 -0 -4.52 3.28 22.82 1.27 7.12 -0 -0 19.92 -8.17 18.04
-2.59 16.45 1.88 174.91 793.57 183.59 0 0 0 -29.82 -3.25 -15.27 3.91 12.03 35.85 0.48 0.04 -13.11 1.96 -8.77 -25.09 0 0 0 12.46 11.98 -23.43 -4.69 -13.02 39.46 -0.82 1 -16.76 -1.31 7.24 -20.42 -3.65 -3.12 2.21 0.72 -4.19 -7.9 3.21 -1.65 -9.27 -6.49 -9.13 7.35 12.31 -12.98 8.85 4.65 -6.33 2.66 -0 -0 0 -64.29 -10.97 65.03 57.82 -55.7 -32.53 -0 -0 31.51 33.59 5.51 3.65 -7.12 0 -0 5.82 36.53 -1.22 -0 -0 0 93.35 -10.79 49.72 -105.01 59.13 -72.96 0 -0 -38.71 10.1 3.94 0.7 7.12 -0 -0 26.87 -25.61 14.15
-3.18 16.34 1.77 159.65 814.71 168.53 0 0 0 -29.17 3.15 -24.81 5.12 13.52 41.34 0.56 6.13 -17.64 2.21 -9.29 -26.72 0 0 0 13.32 7.8 -22.64 -5.6 -14.03 43.37 -0.59 -2.96 -15.94 -1.2 6.96 -19.59 0.46 -1.66 1.97 -0.58 -2.07 -7.77 -0.68 -1 -9.33 -4.78 -4.66 3.61 12.53 -7.21 12.67 4.47 -3.16 3.77 -0 -0 0 -70.36 1.41 53.18 56.35 -55.26 -31.32 -0 -0 30.59 39.66 13.82 11.2 -7.12 0 -0 11.82 47.34 0.69 -0 -0 0 94.07 -9.49 53.88 -104.19 59.23 -72.26 0 -0 -33.85 13.42 -3.29 -0.78 7.12 -0 -0 31.1 -31.86 11.56
-3.63 16.41 1.85 172.28 830.05 180.62 0 0 0 -29.06 8.5 -29.96 5.69 14.12 43.71 0.37 12.08 -21.42 2.4 -9.65 -27.86 0 0 0 11.38 0.52 -20.5 -5.79 -14.22 44.13 -0.09 -1.5 -6.4 -0.81 5.74 -16.04 0.11 -0.47 2.13 -1.34 -0.59 -7.73 -1.43 -0.29 -9.36 -2.29 -0.88 1.25 12.51 -2.35 15.58 4.21 -0.46 4.58 0 0 0 -78.11 8.2 40.34 54.62 -54.7 -29.9 -0 -0 30.19 42.86 14.7 13.25 -7.12 0 -0 15.21 49.06 1.56 0 0 0 93.71 -9.94 56.38 -92.14 59.98 -61.85 0 0 5.42 13.25 18.01 4.16 7.12 -0 -0 26.23 -12.65 22.39
-4.07 16.61 2 171.74 841 180.62 0 0 0 -26.68 7.98 -30.88 5.35 13.77 42.31 -0.07 19.41 -26.91 1.61 -8.01 -22.74 0 0 0 12.65 0.51 -14.71 -4.78 -13.14 39.88 -0.01 1.35 2.65 -1.77 8.37 -23.84 -0.02 0.14 0.76 -1.26 0.23 -7.62 -1.34 0.12 -8.41 -1.03 2.46 -0.13 12.6 1.98 17.01 4.22 1.83 4.93 0 -0 0 -83.56 11.64 29.62 56.71 -55.37 -31.62 -0 -0 27.93 45.3 15.37 14.99 -7.12 0 -0 17.95 50.45 2.48 0 -0 0 91.13 -9.63 57.72 -94.78 59.91 -64.14 0 0 1.57 16.03 16.03 4.54 7.12 -0 -0 28.11 -14.33 23.35
-4.6 16.7 2.25 168.29 848.06 178.94 0 0 0 -21.96 9 -34.08 5.64 14.07 43.53 -0.18 22.1 -29.94 1.14 -6.78 -19.06 0 0 0 17.2 0.1 -8.04 -2.96 -10.64 31.06 -0.77 -0.79 16.34 -1.75 8.32 -23.69 1.7 0.68 -0.49 -0.94 1.04 -7.83 -2.01 0.42 -7.86 -0.38 4.76 -1.26 12.63 4.98 17.77 4.27 3.39 5.17 -0 -0 0 -83.25 13.19 25.51 59.44 -56.16 -33.88 -0 -0 26.44 47.94 19.08 19.92 -7.12 0 -0 22.11 55.89 6.12 -0 -0 0 89.36 -8.45 56.27 -93.02 59.97 -62.61 0 0 4.17 13.21 21.98 5.02 7.12 -0 -0 25.67 -8.99 23.96
-5.27 16.6 2.48 167.11 848.74 179.73 0 0 0 -19.6 11 -40.58 6.55 14.94 47.16 0.07 19.76 -28.45 1.47 -7.66 -21.68 0 0 0 20.96 -3.07 -2.12 -1.11 -6.69 18.8 -0.28 -2.42 9.49 -1.29 7.21 -20.33 3.12 0.55 0.22 -1.76 0.91 -8.59 -3.69 0.19 -9.11 -0.22 6.27 -2.65 12.8 6.98 17.63 4.41 4.41 5.23 -0 -0 0 -79.81 13.96 24.02 64.45 -57.38 -38.07 -0 -0 23.91 48.45 21.05 22.07 -7.12 0 -0 23.49 58.53 8.06 -0 -0 0 88.63 -9.08 55.39 -89.08 60 -59.2 0 0 3.96 10.43 28.53 5.02 7.12 -0 -0 23.53 -2.96 24.48
-5.97 16.47 2.6 167.84 844.39 181.46 0 0 0 -18.55 9.37 -46.65 7.85 16.01 52.01 0.09 13.64 -20.37 1.36 -7.37 -20.83 0 0 0 23.04 -6.5 -3.42 -0.94 -6.18 17.3 0.01 -2.08 -0.81 -1.96 8.78 -25.12 2.73 0.05 2.47 -2.01 0.26 -8.86 -3.73 -0.15 -10.82 -1.57 6.78 -3.71 12.04 7.91 16.64 4.43 4.7 5.01 0 0 0 -81.21 13.15 20.05 70.18 -58.46 -42.93 -0 -0 24.99 47.67 18.38 19.09 -7.12 0 -0 21.52 54.91 5.43 0 0 0 88.09 -9.58 53.54 -81.52 59.73 -52.66 0 0 6.72 6.9 38.91 4.34 7.12 -0 -0 21.33 6.85 25.45
-6.28 16.32 2.64 161.62 838.91 175 0 0 0 -13.38 4.67 -46.68 9.22 16.95 56.84 0.59 1.95 -15.3 2.1 -9.08 -26.05 0 0 0 26.55 -11.45 -3.54 -0.86 -5.9 16.51 -0.02 0.3 -2.66 -2.03 8.93 -25.56 6.78 0.71 4.15 -1.14 1.65 -8.26 -5.27 0.22 -11.02 -2.42 5.3 -4.12 10 6.25 15.99 3.86 3.69 5.05 0 0 0 -85.27 12.85 18.1 75.16 -59.15 -47.19 -0 -0 25.77 47.92 14.4 15.4 -7.12 0 -0 20.57 49.78 2.52 0 0 0 88.86 -9.2 50.71 -74.44 59.07 -46.57 0 0 6.5 5.72 42.77 3.89 7.12 -0 -0 20.81 10.54 25.87
-6.35 16.27 2.7 157.17 831.19 168.51 0 0 0 -14 -0.91 -42 9.87 17.34 59.05 0.27 -6.3 -9.64 3.04 -10.76 -31.48 0 0 0 28.07 -11.33 -1.8 -1.04 -6.48 18.2 0.04 -5.27 -6.08 -2.68 10.15 -29.47 7.14 1.54 5.76 -0.61 2.99 -8.06 -5.14 0.84 -11.59 -3.76 2.43 -3.1 9.73 2.52 15.72 3.8 1.75 5.01 -0 0 0 -87.33 14.24 21.2 78.29 -59.48 -49.87 -0 -0 27.36 49.85 10.58 12.28 -7.12 0 -0 21.35 45 0 -0 0 0 90.36 -8.46 46.02 -67.5 58 -40.65 0 0 6.62 4.57 43.8 3.17 7.12 -0 -0 20.31 11.58 25.45
-6.15 16.24 2.69 155.62 823.52 164.68 0 0 0 -18.62 -6.88 -31.89 8.3 16.33 53.62 0.19 -7.59 -8.76 2.15 -9.18 -26.36 0 0 0 26.69 -10.09 -4.27 -2.32 -9.5 27.37 0.32 -10.35 -6.61 -2 8.86 -25.35 5.36 2.81 4.69 -0.68 4.34 -6.74 -4.27 1.76 -9.35 -4.97 -0.79 -3.15 9.79 -1.72 14.42 3.8 -0.41 4.94 -0 0 0 -86.93 16.06 26.02 83.9 -59.86 -54.72 -0 -0 26.5 51.77 8.41 10.52 -7.12 0 -0 22.43 42.25 -1.61 -0 0 0 91.71 -3.85 41.48 -60.14 56.35 -34.45 0 0 5.7 3.96 43.34 2.72 7.12 -0 -0 20.01 11.19 24.92
-5.97 16.23 2.59 155.84 818.34 162.75 0 0 0 -23.02 -7.73 -24.33 6.38 14.79 46.5 0.36 -6.97 -11.04 1.29 -7.21 -20.34 0 0 0 22.99 -9.98 -16.43 -6.76 -15.13 47.96 0.39 -13.85 4.02 -0.7 5.35 -14.9 4.71 4.18 5.99 -1.14 6.1 -5.92 -4.65 2.66 -9.03 -6.89 -3.56 -2.86 10.6 -5.41 13.36 4.17 -2.29 4.93 0 -0 0 -84.8 21.17 29.51 92.37 -59.98 -62.05 -0 -0 29.41 54 4.81 6.59 -7.12 0 -0 23.02 37.15 -4.76 0 -0 0 93.9 5.49 36.92 -48.27 52.27 -24.8 0 0 3.88 4.81 43.47 3.32 7.12 -0 -0 20.41 11.26 25.5
-5.89 16.05 2.59 248.32 815.68 250.91 0 0 0 -33.45 -4.86 -16.68 4.88 13.25 40.32 0.13 -10.52 -9.32 0.48 -4.45 -12.34 0 0 0 10.43 -9.48 -28.42 -12.66 -18.65 68.05 -0.07 -6.96 6.39 -0.22 3.01 -8.31 -2.33 5.34 10.84 -3.28 6.57 -4.11 -3.53 3.2 -10.38 -8.89 -5.98 -1.85 10.9 -8.56 11.27 4.41 -4 4.51 0 -0 0 -79.53 23.77 36.6 99.09 -59.69 -67.86 -0 -0 29.87 54.06 5.72 7.83 -7.12 0 -0 23.45 38.56 -3.98 0 -0 0 94.73 15.76 31.89 -39.19 47.58 -17.84 0 -0 -1.63 2.14 43.41 1.47 7.12 -0 -0 19.17 11.39 23.8
-5.69 16.12 2.6 318.85 818.84 320.16 0 0 0 -34.72 -6.11 -10.98 3.98 12.13 36.2 -0.07 -11.79 -7.23 0.38 -3.94 -10.92 0 0 0 8.27 -5.92 -34.01 -12.03 -18.41 66.1 0.03 -3.59 -2.92 -0.76 5.58 -15.56 -1.03 5.12 12.74 -3.17 6.43 -3.58 -4.25 3.03 -10.77 -10.48 -7.93 0.29 11.1 -11.22 10.07 4.62 -5.44 4.17 0 -0 0 -75.68 24.66 43.22 100.03 -59.62 -68.67 -0 -0 33.71 52.35 6.14 7.89 -7.12 0 -0 22.1 38.98 -3.48 0 -0 0 91.19 19.64 28.86 -37.03 46.21 -16.26 0 -0 -2.99 -0.95 44.28 -0.67 7.12 -0 -0 17.78 12.48 22.16
-5.34 16.22 2.68 338.61 827.02 340.22 0 0 0 -34.6 -7.79 -6.64 3.24 11.07 32.52 -0.45 -14.96 -4.32 0.38 -3.98 -11.01 0 0 0 6.16 -1.11 -32.46 -6.71 -15.08 47.76 -0.2 -5.58 -12.35 -1.44 7.58 -21.45 -1.74 4.36 12.43 -2.67 5.33 -3.36 -3.05 2.58 -10.53 -10.83 -9.51 1.38 11.02 -13.36 9.02 4.56 -6.56 3.93 -0 0 0 -77.4 25.25 44.62 101.05 -59.53 -69.55 -0 -0 35.05 52.06 9.77 12.28 -7.12 0 -0 23.25 44.29 -0.43 -0 0 0 87.92 20.11 25.99 -36.74 46.01 -16.05 0 -0 -5.09 -4.52 46.09 -3.26 7.12 -0 -0 16.3 14.61 20.61
-4.84 16.41 2.73 345.89 834.15 348.4 0 0 0 -32.67 -6.86 -3.33 2.36 9.57 27.61 -1.17 -19.65 0.88 0.22 -3.01 -8.31 0 0 0 4.08 3.99 -27.83 -2.59 -10 28.98 0.56 -14.9 -13.19 -2.26 9.39 -27.03 -2 3.2 10.29 -2.38 3.85 -3.44 -2.12 1.92 -9.43 -10.92 -10.33 2.75 11.84 -14.58 8.34 4.82 -7.18 3.71 -0 -0 0 -79.54 24 45.71 99.97 -59.62 -68.63 -0 -0 34.61 48.68 9.41 10.54 -7.12 0 -0 19.83 43.15 -0.94 -0 -0 0 88.21 17.92 24.98 -38.25 47 -17.15 0 -0 -6.8 -6.24 47.42 -4.6 7.12 -0 -0 15.68 16.11 20.05
-4.29 16.38 2.75 345.27 836.47 346.97 0 0 0 -32.55 -5.89 0.92 1.98 8.82 25.24 -1.44 -21.59 1.45 0.29 -3.47 -9.58 0 0 0 3.98 3.93 -27.8 -2.13 -9.13 26.2 0.63 -14.13 -2.39 -1.27 7.13 -20.11 -3.79 2.41 9.79 -2.37 2.58 -2.96 -0.83 1.41 -8.72 -10.54 -9.61 2.51 11.58 -13.62 9.69 4.72 -6.65 4 0 -0 0 -81.09 23.09 47.43 95.99 -59.86 -65.19 -0 -0 33.93 49.45 15.75 17.6 -7.12 0 -0 22.76 51.97 4.08 0 -0 0 91.1 15.87 27.96 -38.87 47.39 -17.61 0 -0 -6 -6.3 50.15 -4.85 7.12 -0 -0 16.04 18.71 21
-3.67 16.22 2.8 336.99 833.3 338.75 0 0 0 -34.62 -4.72 2.78 2.14 9.15 26.27 -1.18 -20.3 -0.63 0.56 -4.81 -13.36 0 0 0 5.45 3.99 -31.02 -3.62 -11.63 34.44 0.37 -11.17 -7.41 -0.55 4.73 -13.15 -7.37 2.27 8.83 -3.36 2.04 -2.54 0.25 1.3 -7.81 -8.47 -7.24 1.72 11 -10.33 10.18 4.39 -4.94 3.75 -0 0 0 -81.4 21.93 46.58 89.09 -60 -59.21 -0 -0 34.27 45.45 16.59 16.18 -7.12 0 -0 18.4 52.05 3.29 -0 0 0 96.3 13.98 33.44 -38.11 46.91 -17.04 0 -0 -6.16 -5.67 53.02 -4.53 7.12 -0 -0 16.76 21.33 22.44
-2.89 16.11 2.81 325.45 826.9 327.6 0 0 0 -35.87 -3.56 4 2.3 9.47 27.26 -0.69 -16.42 -2.06 0.74 -5.5 -15.34 0 0 0 10.02 4.74 -33.1 -5.43 -13.86 42.66 -0.41 -2.9 -13.55 -1.45 7.61 -21.54 -9.18 2.31 7.2 -3.85 2.06 -2.98 0.78 1.4 -7.41 -5.85 -3.78 1.17 9.43 -5.55 10.57 3.68 -2.52 3.36 0 0 0 -81.87 21.67 43.96 79.66 -59.59 -51.06 -0 -0 33.74 43.85 18.4 16.87 -7.12 0 -0 16.93 53.94 3.81 0 0 0 99.97 9.52 40.71 -37.94 46.8 -16.92 0 -0 -6.02 -4.94 55.67 -4.08 7.12 -0 -0 17.51 23.74 23.88
-1.92 16.07 2.72 306 817.54 309 0 0 0 -34.82 -4.05 2.87 3.38 11.29 33.25 -0.11 -7.48 -2.25 1.27 -7.15 -20.16 0 0 0 18.44 3.59 -29.07 -5.04 -13.43 41.01 -0.68 3.07 -14.78 -0.36 3.85 -10.65 -6.51 2.7 4.11 -3.19 3.09 -3.99 -0.01 1.79 -6.66 -3.43 0.45 0.76 8.64 0.22 10.68 3.53 0.4 3.36 0 -0 0 -83.31 22.27 37.87 65.87 -57.68 -39.27 -0 -0 29.96 38.57 23.75 17.8 -7.12 0 -0 10.95 59.01 3.78 0 -0 0 100.52 3.37 45.69 -37.98 46.83 -16.95 0 -0 -5.11 0.07 58.93 0.06 7.12 -0 -0 19.93 26.24 27.84
-0.92 15.99 2.66 249.34 813.18 252.44 0 0 0 -28.75 3.76 -8.43 7.11 15.42 49.28 0.33 -4.48 13.41 1.86 -8.56 -24.44 0 0 0 22.72 -1.23 -23.84 -3.97 -12.12 36.17 -0.51 12.67 -14.46 -0.05 1.5 -4.13 -4.13 2.97 3.74 -2.37 3.64 -4.5 -0.53 1.97 -6.91 -1.5 3.65 0.05 8.03 4.53 9.97 3.03 2.57 2.98 0 0 0 -85.04 23.16 28.65 47.63 -51.99 -24.29 -0 -0 31.38 35.89 29.27 19.49 -7.12 0 -0 6.67 64.54 3.16 0 0 0 98.74 -0.18 46.98 -37.15 46.29 -16.35 0 -0 -1.87 2.3 64.6 2.08 7.12 -0 -0 21.71 31.37 31.16
-0.09 15.74 2.57 148.48 813.99 149.83 0 0 0 -18.65 8.11 -20.64 13.37 18.91 70.26 2.02 2.3 26.29 2.14 -9.15 -26.27 0 0 0 27.03 -4.64 -18.05 -3.62 -11.64 34.47 0.02 19.92 -13.89 -0.03 1.06 -2.9 0.73 3.39 6.91 -1.06 4.56 -3.65 -2.12 2.17 -7.57 0.17 6.02 -0.16 7.15 7.82 6.59 2.36 4.13 1.81 0 0 0 -85.47 24.72 19.23 35.49 -45.16 -15.16 -0 -0 35.34 37.37 32.72 22.43 -7.12 0 -0 7.83 68.78 4.48 0 0 0 96.67 -0 45 -37.69 46.64 -16.74 0 0 0.36 7.75 68.99 7.24 7.12 -0 -0 24.16 35.15 35.28
0.78 15.73 2.42 111.61 817.76 112.21 0 0 0 -8.71 7.04 -30.8 16.64 19.73 80.12 -0.07 8.07 3.96 0.63 -5.08 -14.15 0 0 0 31.7 -9.14 -11.74 -2.67 -10.14 29.42 -0.02 19.77 -14.07 -0.03 1.05 -2.87 5.4 3.85 8.38 0.83 5.84 -2.78 -2.97 2.64 -7.19 0.75 7.27 -1.73 5.94 9.49 5.62 1.93 4.92 1.79 0 0 0 -85.88 26.19 11.28 27.55 -38.69 -9.84 -0 -0 37.59 40.61 35.1 26.24 -7.12 0 -0 12.78 72.42 8.36 0 0 0 94.36 2.57 39.95 -38.27 47.01 -17.16 0 0 4.72 11.01 72.7 10.52 7.12 -0 -0 25.72 38.5 37.86
1.72 15.78 2.16 93.34 817.19 94.72 0 0 0 -6.96 1.79 -37.34 14.12 19.15 72.58 0.27 4.69 -12.69 0.83 -5.83 -16.28 0 0 0 31.47 -5.2 -5.3 -2.19 -9.26 26.61 -1.02 12.19 -18.7 -0.17 2.62 -7.23 5.61 4.89 7.99 1.16 7.27 -2.9 -2.88 3.35 -7 1.62 7.94 -2.54 4.57 10.37 5.45 1.41 5.35 1.97 -0 -0 0 -85.33 28.35 3.95 21.39 -32.28 -6.25 -0 -0 42.43 41.18 36.04 27.24 -7.12 0 -0 13.69 73.63 9.32 -0 -0 0 90.14 6.67 35.94 -37.43 46.47 -16.55 0 0 9.15 19.23 76.65 18.75 7.12 -0 -0 28.22 42.09 41.8
2.78 15.79 1.76 56.65 816.78 60.24 0 0 0 -11.11 1.11 -42.39 8.79 16.67 55.36 1.36 7.55 -25.93 1.39 -7.47 -21.12 0 0 0 28.71 -7.1 -2.09 -1.72 -8.27 23.53 -1.13 10.38 -19.26 -1 6.36 -17.84 5.71 6.29 6.26 0.46 9.04 -3.96 -3.71 4.2 -6.85 1.5 8.17 -3.21 4.12 10.7 4.44 1.3 5.48 1.77 0 0 0 -83.4 30.58 -4.16 17.83 -27.94 -4.47 -0 -0 49.47 36.53 33.74 22.37 -7.12 0 -0 6.11 69.62 3.6 0 0 0 84.16 10.49 33.17 -36.34 45.74 -15.76 0 0 12.33 30.25 81.57 29.98 7.12 -0 -0 30.7 46.77 45.31
3.95 15.88 1.21 23.23 821.28 27.78 0 0 0 -20.35 5.85 -45.37 5.58 14 43.25 1.33 8.96 -26.72 1.94 -8.75 -25.01 0 0 0 26.63 -9.08 4.2 -1.09 -6.65 18.67 -0.85 4.11 -16.49 -2.01 8.89 -25.46 7.09 7.5 5.13 -0.36 10.72 -4.82 -5.31 4.96 -6.59 1.43 8.13 -3.93 3.33 10.67 3.49 1.07 5.43 1.64 -0 -0 0 -82.92 33.09 -8 17.45 -27.45 -4.29 -0 -0 48.06 36.41 35.47 23.17 -7.12 0 -0 5.04 71.45 3.18 -0 -0 0 77.69 12.54 31.6 -37.92 46.79 -16.9 0 0 13.5 60.22 84.66 60.11 7.12 -0 -0 33.83 50.55 49.59
5.18 15.8 0.55 10.9 829.14 15.26 0 0 0 -23.96 1.66 -37.01 4.69 13.03 39.47 1.45 7.76 -26.74 0.02 -0.83 -2.29 0 0 0 24.77 -10.72 0.23 -3.11 -10.88 31.86 -0.1 -0.83 -6.22 -1.76 8.34 -23.74 7.41 8.12 3.76 -0.37 11.55 -5.54 -5.37 5.37 -6.42 1.49 8.69 -4.16 2.39 11.44 3.2 0.8 5.78 1.63 0 -0 0 -85.84 36.09 -14.18 16.56 -26.27 -3.89 -0 -0 47.67 40.14 30.41 23.11 -7.12 0 -0 12.72 67.08 6.81 0 -0 0 72.8 13.64 32.89 -41.08 48.7 -19.25 0 0 13.5 71.7 86.49 71.67 7.12 -0 -0 33.85 52.33 49.19
6.18 15.67 0.03 -4.28 841.32 0.77 0 0 0 -30.94 -4.38 -29.76 4.72 13.06 39.61 1.65 4.2 -26.07 0.02 -0.87 -2.38 0 0 0 17.16 -13.42 -17 -10.42 -17.64 60.88 -0.34 -4.13 10.39 -0.71 5.39 -15.03 3.7 8.38 4.72 -2.44 11.53 -5.32 -5.71 5.47 -6.99 0.01 8.78 -4.36 1.58 11.68 0.77 0.71 5.86 0.85 0 0 0 -86.81 34.94 -15.74 16.34 -25.98 -3.79 -0 -0 47.39 40.41 37.44 27.37 -7.12 0 -0 11.62 74.88 8.22 0 0 0 69.52 13.85 35.38 -46.72 51.59 -23.58 0 0 10.08 45.03 85.67 44.95 7.12 -0 -0 32.28 50.78 47.09
7.06 15.47 -0.3 -8.08 857.58 -2.69 0 0 0 -35.32 -5.17 -24.09 5.09 13.49 41.22 1.64 -5.42 -23.07 0.28 -3.38 -9.33 0 0 0 10.88 -11.78 -31.25 -15.71 -19.55 77.37 -0.06 1.73 5.48 -1.01 6.4 -17.95 3.07 7.97 6.55 -3.62 10.88 -4.32 -6.76 5.17 -6.9 -0.54 8.66 -3.92 -1.24 11.62 0.67 -0.07 5.8 0.89 0 0 0 -88.13 31.94 -14.79 17.5 -27.52 -4.32 -0 -0 46.74 43.97 30.96 26.39 -7.12 0 -0 19.18 68.91 11.14 0 0 0 64.35 14.9 41.98 -49.84 52.93 -26.04 0 0 6.99 26.86 82.26 26.65 7.12 -0 -0 30.32 47.34 44.61
8.08 15.45 -0.54 -8.41 874.13 -0.81 0 0 0 -35.14 -10.68 -19.64 5.35 13.77 42.31 1.29 -12.1 -20.8 0.62 -5.05 -14.04 0 0 0 4.89 0.19 -36.76 -14.53 -19.27 73.82 -0.15 -2.03 -8.28 -1.4 7.48 -21.15 2.44 7.65 5.72 -4.18 10.4 -4.14 -6.8 5 -6.3 -1.21 7.41 -3.67 -1 10 2.23 0.11 4.98 1.29 -0 -0 0 -89.64 29.68 -10 20.73 -31.52 -5.91 -0 -0 39.74 44.55 29.56 25.9 -7.12 0 -0 19.98 67.49 10.98 -0 -0 0 60.32 15.58 53.14 -49.46 52.77 -25.74 0 0 5.64 13.67 79.08 13.43 7.12 -0 -0 27.73 44.4 40.84
9.27 15.59 -0.78 -7.85 893.35 2.03 0 0 0 -31.57 -16.77 -15.09 4.89 13.25 40.33 0.05 -21 -15.17 0.67 -5.23 -14.55 0 0 0 -2.34 9.04 -30.9 -9.19 -16.93 56.75 -0.76 -8.21 -21.43 -1.23 7.03 -19.81 1.57 6.77 5.03 -4.5 9.23 -4.59 -6.54 4.48 -6.62 -3.01 5.32 -2.88 1.79 7.17 2.82 1.18 3.58 1.18 -0 -0 0 -89.62 28.74 -4.76 22.82 -33.9 -7.04 -0 -0 36.58 45.19 27.8 25.15 -7.12 0 -0 20.69 65.66 10.53 -0 -0 0 62.73 15.29 65.64 -47.54 51.95 -24.22 0 0 3.82 5.13 70.06 4.82 7.12 -0 -0 23.69 36.28 34.58
10.59 15.81 -1.16 -6.06 913.43 2.23 0 0 0 -25.5 -24.66 -8.55 3.99 12.14 36.24 -1.86 -29.06 -7.93 0.79 -5.66 -15.81 0 0 0 -2.28 17.45 -15.81 -4.33 -12.59 37.84 -1.03 2.25 -18.57 -2.34 9.53 -27.48 2.6 6.87 5.47 -4.29 9.03 -3.97 -6.83 4.2 -6.1 -6.4 1.73 -3.12 5.04 2.39 3.93 2.8 1.2 1.66 -0 0 0 -88.63 26.34 -0.38 24.72 -35.92 -8.12 -0 -0 32.62 43.92 26.99 23.6 -7.12 0 -0 18.5 64.32 8.8 -0 0 0 70.42 13.42 73.14 -45.41 50.97 -22.56 0 0 3.43 2.32 61.24 2.03 7.12 -0 -0 21.1 28.22 29.89
12.05 15.86 -1.6 -2.54 932.21 3.31 0 0 0 -14.65 -34.78 -11.8 4.09 12.29 36.75 -3.5 -34.39 -2.95 1.27 -7.15 -20.16 0 0 0 5.24 14.03 -10.75 -3.5 -11.46 33.86 -0.84 9.04 -16.58 -3.76 11.84 -35.16 4.36 8.05 4.75 -4.14 10.81 -4.25 -7.62 5.06 -5.48 -10.44 -2.97 -2.42 8.75 -3.96 3.94 4.23 -1.96 1.94 0 -0 0 -86.84 24.13 4.79 30.68 -41.47 -11.86 -0 -0 27.27 40.53 28.47 22.17 -7.12 0 -0 13.45 65.01 6.57 0 -0 0 80.33 12.68 71.07 -41.87 49.14 -19.85 0 0 4.96 1.91 53.52 1.54 7.12 -0 -0 19.88 20.97 26.94
13.48 16.04 -2 1.37 951.6 2.44 0 0 0 -5.66 -34.1 -22.02 4.58 12.89 38.96 -1.72 -26.29 -4.85 3.22 -11.04 -32.43 0 0 0 15.47 -2.08 -10.44 -2.17 -9.21 26.46 -1.34 1.86 -21.34 -1.96 8.77 -25.08 6.77 8.46 5.89 -4.02 11.68 -4.61 -9.06 5.37 -5.95 -13.57 -7 0.55 11.32 -9.59 1.1 5.4 -4.82 1.44 -0 -0 0 -86.55 23.53 5.56 38.6 -47.22 -17.41 -0 -0 24.09 37.7 26.92 19.29 -7.12 0 -0 9.58 62.42 4.08 -0 -0 0 85.74 15.91 63.73 -43.23 49.87 -20.87 0 0 3.53 0.38 48.74 0.29 7.12 -0 -0 18.75 16.59 24.43
14.76 16.03 -2.34 11.69 968.74 -4.85 0 0 0 -4.99 -23.68 -31.48 6.92 15.26 48.56 0.83 -4.12 -16.33 2.72 -10.23 -29.72 0 0 0 25.05 -4.15 -11.72 -1.49 -7.7 21.81 -1.38 -9 -27.1 -0.68 5.29 -14.74 8.74 8.53 5.58 -3.3 12.03 -5.68 -9.43 5.37 -6.65 -13.46 -10.07 3.71 13.12 -14 -1.34 5.91 -7.12 0.89 -0 0 0 -87.85 24.29 -0.44 45.32 -50.93 -22.49 -0 -0 21.35 36.1 25.72 17.56 -7.12 0 -0 7.66 60.62 2.93 -0 0 0 86.14 20.72 53.71 -47.43 51.91 -24.14 0 0 1.26 0.25 43.11 0.17 7.12 -0 -0 18.26 11.26 22.53
15.81 16.04 -2.59 41.23 979.86 -33.75 0 0 0 -6.52 -16.07 -32.64 10.23 17.54 60.26 0.66 -4.33 -14.53 2.56 -9.94 -28.78 0 0 0 31.15 -7.93 -17.03 -1.44 -7.58 21.45 -1.15 -13.12 -28.78 -0.29 3.49 -9.64 8.92 7.74 6.01 -1.34 11.2 -6.86 -7.66 4.78 -8.75 -14.88 -11.55 5.11 14.93 -16.32 -1.15 6.58 -8.35 1.31 -0 -0 0 -91.9 26.89 -14.1 50.15 -53.05 -26.29 -0 -0 18.94 32.22 28.85 16.92 -7.12 0 -0 1.93 63.04 0.84 -0 -0 0 84.55 24.31 46.09 -50.84 53.33 -26.85 0 -0 -3.05 -5.58 41.65 -3.72 7.12 -0 -0 15.35 10.51 18.5
16.65 15.99 -2.73 113.87 982.88 -106.87 0 0 0 -8.58 -11.69 -25.06 11.24 18.05 63.57 0.53 -2.27 -13.21 2.65 -10.1 -29.3 0 0 0 32.42 -6.5 -19.35 -1.53 -7.8 22.1 -1.43 -17.44 -34.59 -0.02 -0.93 2.55 6.47 7.87 5.13 -0.73 11.11 -7.5 -5.66 4.87 -9.51 -12.96 -13.67 7.82 14.85 -19.19 -3.32 6.39 -9.89 0.47 0 0 0 -88.86 29.03 -21.3 53.17 -54.2 -28.73 -0 -0 19.43 23.43 32.97 13.27 -7.12 0 -0 -11.44 64.89 -5.54 0 0 0 84.01 26.33 34.59 -56.91 55.43 -31.78 0 -0 -2.67 -4.19 42.09 -2.81 7.12 -0 -0 16.07 10.75 19.49
17.45 15.93 -2.7 140.59 977.06 -132.93 0 0 0 -6.65 -9.74 -14.85 9.17 16.92 56.67 0.32 -3.45 -10.07 2.73 -10.24 -29.76 0 0 0 34.94 -9.51 -25.53 -1.58 -7.94 22.54 -1.16 -17.8 -33.34 -0.13 -2.32 6.4 7.12 7.73 3.05 0.5 10.9 -8.25 -4.43 4.75 -9.29 -12.75 -14.45 8.92 13.99 -20.27 -3.89 6.17 -10.44 0.17 0 -0 0 -85.31 30.52 -26.21 57.02 -55.46 -31.87 -0 -0 19.83 17.22 37.17 10.61 -7.12 0 -0 -23.06 67.07 -12.53 0 -0 0 85.6 31.76 30.81 -59.55 56.19 -33.97 0 -0 -10.37 1.53 38.55 0.95 7.12 -0 -0 18.69 6.82 21.91
18.37 15.91 -2.6 153.55 977.94 -146.93 0 0 0 -11.75 -6.83 -1.62 4.69 13.03 39.48 0.96 -3.85 -17.58 4.23 -12.46 -37.38 0 0 0 30.83 -8.3 -28.76 -1.86 -8.56 24.44 -0.7 -19.31 -32.17 -0.35 -3.83 10.59 3.13 9.4 4.86 -0.04 12.92 -8.46 -3.5 5.93 -11.08 -10.7 -15.71 10.19 13.43 -21.78 -4.9 5.86 -11.24 -0.41 0 0 0 -80.73 30.76 -24.22 65.5 -57.61 -38.95 -0 -0 17.04 19.11 36.81 11.73 -7.12 0 -0 -20.43 67.31 -11.15 0 0 0 87.41 38.35 26.31 -53.28 54.23 -28.81 0 -0 -9.06 1.75 37.87 1.08 7.12 -0 -0 18.78 6.16 21.84
19.47 15.98 -2.39 173.87 976.45 -168.35 0 0 0 -17.74 -6.64 3.39 2.16 9.19 26.38 1.59 -3.31 -23 2.93 -10.58 -30.89 0 0 0 24.36 -6.76 -31.2 -2.01 -8.89 25.46 0.19 -23.66 -32.14 -0.8 -5.7 15.91 0.28 9.21 7.55 0.06 12.45 -7.29 -2.28 5.9 -12.04 -10.38 -15.91 10.28 12.56 -21.9 -6.36 5.68 -11.26 -0.98 -0 -0 0 -81.58 29.76 -20.82 76.12 -59.26 -48.01 -0 -0 17.3 22.33 35.5 13.42 -7.12 0 -0 -15.08 67.04 -8.08 -0 -0 0 90.57 44.06 23.59 -43.95 50.24 -21.43 0 -0 -5.83 0.38 38.28 0.23 7.12 -0 -0 18.1 6.66 21.1
20.62 15.93 -2.2 190.25 967.74 -185.41 0 0 0 -24.29 -8.85 1.69 1.73 8.29 23.59 1.59 -5.8 -22.69 1.68 -8.18 -23.25 0 0 0 13.71 -5.81 -34.01 -2.72 -10.23 29.73 0.96 -28.44 -34.8 -1.05 -6.51 18.26 -2.13 6.68 9.16 0.14 8.69 -5.45 -0.32 4.32 -11.35 -12.46 -15.42 10.19 11.82 -21.49 -6.44 5.73 -10.97 -0.91 0 0 0 -83.67 26.15 -12.58 88.02 -59.99 -58.29 -0 -0 16.16 22.14 34.21 12.88 -7.12 0 -0 -14.07 65.74 -7.11 0 0 0 90.91 44.7 18.96 -36.12 45.6 -15.61 0 -0 -2 0.13 35.55 0.07 7.12 -0 -0 17.9 4.08 20.1
21.69 15.83 -1.99 190.18 958.41 -188.33 0 0 0 -27.03 -9.09 -0.86 2.09 9.04 25.94 1.03 -13.22 -19.08 0.87 -5.95 -16.65 0 0 0 6.05 -9.01 -32.36 -3.72 -11.78 34.95 0.4 -22.97 -29.65 -0.27 -3.33 9.19 0.53 5.25 12.01 -0.01 7.13 -4.07 -1.82 3.36 -11.08 -13.45 -16.82 12.32 11.33 -23.74 -6.52 5.8 -12.1 -0.94 0 0 0 -83.49 15.56 2.61 96.34 -59.85 -65.49 -0 -0 14.48 24.06 30.84 12.89 -7.12 0 -0 -9.14 62.93 -4 0 0 0 82.32 40.1 1.67 -28.92 39.95 -10.71 0 0 4.63 -2.59 40.62 -1.69 7.12 -0 -0 16.74 9.18 19.99
22.53 15.74 -1.91 195.37 952.43 -194.06 0 0 0 -32.21 -6.55 -4.79 2.45 9.75 28.18 0.05 -19.47 -14.11 0.45 -4.3 -11.93 0 0 0 -1.68 -9.32 -32.14 -6.73 -15.1 47.86 0.09 -18.02 -24.74 -0 0.03 -0.08 -0.96 5.46 12.67 -1.52 7 -3.01 -2.59 3.35 -10.27 -14.1 -18.19 13.2 11.04 -25.84 -5.01 5.65 -13.17 -0.33 0 0 0 -88.3 0.42 17.65 99.85 -59.63 -68.52 -0 -0 14.01 29.69 27.47 14.73 -7.12 0 -0 -0.7 60.88 -0.27 0 0 0 73.99 29.77 -14.31 -30.08 40.96 -11.46 0 -0 -6.38 -3.77 47.27 -2.77 7.12 -0 -0 16.77 15.64 21.46
23.18 15.69 -1.9 192.68 951.78 -191.94 0 0 0 -31.48 -5.38 -9.18 3.01 10.71 31.32 -0.26 -21.47 -13.01 0.43 -4.2 -11.65 0 0 0 0.9 -7.81 -32.07 -10.51 -17.68 61.17 0 -14.33 -20.32 -0.03 1.15 -3.17 1.76 4.33 12.31 -2.39 5.85 -2.96 -4.73 2.63 -9.66 -13.93 -17.59 12.11 11.72 -25.04 -2.34 5.58 -12.82 0.61 0 0 0 -94.04 -4.49 27.77 107.96 -58.75 -75.49 -0 -0 12.32 33.84 24.49 15.53 -7.12 0 -0 5.1 58.64 1.7 0 0 0 73.15 26.4 -18.01 -35.5 45.16 -15.16 0 -0 -16.94 0.87 46.7 0.63 7.12 -0 -0 18.79 14.61 24.06
23.62 15.71 -1.94 193.19 954.36 -191.8 0 0 0 -31.44 -2.53 -13.04 3.15 10.93 32.05 -0.35 -22.24 -12.93 0.54 -4.72 -13.12 0 0 0 4.9 -9.99 -31.14 -12.32 -18.52 67 -0.27 -11.95 -20.25 -0.05 1.43 -3.93 0.15 2.88 10.68 -3.53 3.54 -3.36 -4.52 1.57 -9.37 -12.87 -15.98 12.17 13.15 -22.91 -0.73 5.92 -11.84 0.86 0 0 0 -96.06 -2.92 34.6 117.46 -56.95 -83.54 -0 -0 11.49 37.48 21.65 15.8 -7.12 0 -0 9.71 56.29 2.71 0 0 0 74.99 30.56 -13.23 -36.18 45.64 -15.65 0 -0 -11.3 1.32 43.56 0.91 7.12 -0 -0 18.79 11.59 23.34
23.96 15.75 -1.99 197.01 963.03 -194.45 0 0 0 -31.58 -0.27 -16.28 3.07 10.81 31.63 0.36 -17.6 -15.55 0.64 -5.1 -14.2 0 0 0 9.57 -11.78 -28.21 -10.78 -17.83 62.08 -0.66 -7.56 -19.94 -0.53 4.67 -12.96 -2.74 2.22 8.67 -4.21 2.21 -4.09 -3.31 1.06 -9.18 -11.01 -12.85 9.37 13.18 -18.6 2.77 5.58 -9.61 1.59 -0 0 0 -96.03 1.84 35.23 123.99 -55.15 -88.96 -0 -0 12.03 40.42 19.38 15.78 -7.12 0 -0 13.08 54.31 3.03 -0 0 0 80.31 39.7 -4.16 -31.46 42.11 -12.38 0 -0 -10.02 4.88 39.83 3.13 7.12 -0 -0 20.36 7.81 24.43
24.23 15.75 -2.09 208.74 977.94 -205.73 0 0 0 -29.38 0.78 -20.1 3.61 11.63 34.43 1.4 -7.26 -21.17 0.69 -5.3 -14.77 0 0 0 15.14 -10.45 -22.15 -6.97 -15.3 48.74 -1.4 -4.25 -24.24 -1.69 8.19 -23.28 -4.84 2.96 7.43 -3.19 3.08 -4.68 -1.16 1.65 -9.25 -9.47 -8.88 5.08 11.85 -12.94 5.05 4.91 -6.61 2.06 0 -0 0 -97.58 7.47 28.04 126.21 -54.41 -90.77 -0 -0 11.49 43.07 19.46 17.3 -7.12 0 -0 16.18 55.05 4.07 0 -0 0 90.89 50.09 10.68 -25.05 36.26 -8.32 0 -0 -4.89 6.78 37.31 4.12 7.12 -0 -0 21.29 5.34 24.89
24.43 15.81 -2.19 200.63 995.96 -196.54 0 0 0 -19.53 0.2 -26.44 5.7 14.13 43.77 1.74 4.53 -26.86 0.89 -6.01 -16.82 0 0 0 24.13 -6.53 -15.96 -3.62 -11.64 34.48 -1.61 2.86 -23.23 -0.93 6.14 -17.2 -0.72 5.48 6.72 -0.4 7.2 -5.55 -1.1 3.51 -9.69 -8.99 -6.19 2.01 10.88 -9.02 5.73 4.55 -4.55 2.26 0 0 0 -98.78 11.01 22.04 125.75 -54.57 -90.39 -0 -0 12.08 42.74 19.67 17.27 -7.12 0 -0 15.82 55.22 4.04 0 0 0 98.63 53.47 27.37 -23.2 34.3 -7.25 0 -0 -0.57 5.37 35.98 3.16 7.12 -0 -0 20.59 4.15 23.56
24.47 15.78 -2.31 205.41 1007.8 -201.3 0 0 0 -10.85 2.63 -36.45 10.41 17.63 60.84 0.21 11.7 -19.29 0.46 -4.33 -12.01 0 0 0 29.2 -6.28 -11.63 -2.36 -9.59 27.65 -0.96 12.16 -18.24 -0.65 5.16 -14.36 1.64 6.39 8.04 1.76 8.92 -5.48 -0.53 4.23 -10.4 -8.62 -3.64 -0.72 10.58 -5.32 5.55 4.47 -2.62 2.26 -0 -0 0 -99.32 14.51 15.09 128.98 -53.4 -93.01 -0 -0 11.06 45.46 19.84 19.03 -7.12 0 -0 19.17 56.16 5.39 -0 -0 0 106.2 52.47 39.72 -23.81 34.96 -7.6 0 -0 -3.18 8.49 34.43 4.82 7.12 -0 -0 22.21 2.58 25.12
24.22 15.64 -2.44 213.88 1008.28 -209.94 0 0 0 -6.38 3.41 -47.05 13.62 19 71.05 -0.83 17.01 -12.86 0.01 0.69 1.89 0 0 0 31.91 -9.86 -8.63 -1.81 -8.46 24.12 -0.97 14.52 -18.98 -0.43 4.2 -11.64 2.71 5.58 9.43 2.82 8.13 -5.75 -0.01 3.76 -11.55 -8.28 -3.17 -1.67 10 -4.54 5 4.25 -2.21 2.16 -0 -0 0 -97.26 17.4 12.6 129.09 -53.36 -93.1 -0 -0 10.65 44.77 20.56 19.21 -7.12 0 -0 18.47 56.86 5.5 -0 -0 0 105.87 50.9 41.85 -23.52 34.65 -7.43 0 -0 -1.21 11.24 36.59 6.75 7.12 -0 -0 23.48 4.57 27.63
23.58 15.59 -2.46 229.45 1003.83 -224.15 0 0 0 -6.8 1.65 -51.41 10.37 17.61 60.72 -0.16 13.99 -17.89 0.05 -1.42 -3.9 0 0 0 32.62 -10.68 -4.61 -1.1 -6.66 18.71 -1.26 10.28 -20.3 -0.63 5.07 -14.12 3.94 4.93 8.82 2.77 7.4 -6.61 -0.57 3.29 -12.01 -9.35 -4.2 -1.94 9.96 -5.74 3.45 4.37 -2.82 1.89 -0 -0 0 -95.32 18.47 12.81 127.87 -53.82 -92.11 -0 -0 10.98 44.17 20.25 18.59 -7.12 0 -0 17.66 56.31 5.01 -0 -0 0 102.45 49.62 37.95 -24.05 35.22 -7.74 0 0 0.49 12.19 36.68 7.35 7.12 -0 -0 23.94 4.65 28.31
22.56 15.67 -2.3 259.87 999.93 -254.06 0 0 0 -10.69 0.44 -49.26 5.61 14.04 43.4 0.52 14.58 -25.53 0.05 -1.42 -3.9 0 0 0 31.64 -11.86 3.01 -0.39 -4.02 11.13 -1.06 2.81 -18.76 -1.86 8.57 -24.46 5.95 4.74 7.87 2.58 7.33 -7.21 -1.78 3.07 -11.84 -10.11 -5.69 -0.89 8.06 -7.59 1.03 4.34 -3.79 1.27 -0 -0 0 -95.96 20.61 11.86 127.36 -54 -91.71 -0 -0 10.33 43.67 21.23 19.07 -7.12 0 -0 17.2 57.38 5.32 -0 -0 0 97.83 48.75 38.33 -24.05 35.22 -7.74 0 0 3.44 15.25 36.83 9.28 7.12 -0 -0 25.38 4.83 30.48
21.16 15.76 -1.91 319.24 1000.35 -312.42 0 0 0 -19.55 -0.46 -43.16 3.72 11.77 34.93 0.63 13.34 -25.13 0.01 -0.68 -1.87 0 0 0 28.26 -13.24 2.44 -1.03 -6.45 18.11 -0.5 -3.83 -15.35 -2.69 10.18 -29.56 5.88 6.25 3.69 1.2 8.91 -8.34 -3 3.84 -10.28 -10.48 -9.13 2.28 6.54 -12.44 -0.06 3.85 -6.26 0.74 0 0 0 -93.61 24.87 18.79 124.8 -54.89 -89.62 -0 -0 10.05 43.37 21.27 18.92 -7.12 0 -0 16.83 57.35 5.19 0 0 0 91.32 46.48 42.26 -24.53 35.72 -8.02 0 0 6.86 17.61 37.93 11.04 7.12 -0 -0 26.41 5.95 32.5
19.86 15.81 -1.36 350.35 1009.23 -344.23 0 0 0 -24.4 -8.28 -33.94 3.62 11.64 34.48 0.75 10.77 -23.58 0.12 2.21 6.1 0 0 0 22.39 -14.36 -11.75 -6.51 -14.9 46.99 0.01 -8.67 5.81 -0.38 3.94 -10.91 6.7 7.88 2.27 -0.93 10.9 -8.46 -5.58 4.76 -8.85 -11.31 -13.21 5.09 5.12 -18.22 -0.22 3.48 -9.17 0.66 0 0 0 -90.47 27.82 25.55 121.1 -56.01 -86.57 -0 -0 10.92 38.59 18.99 14.56 -7.12 0 -0 10.99 53.41 2.29 0 0 0 91.49 43.98 52.52 -26.01 37.22 -8.9 0 0 13.03 19.74 27.32 9.35 7.12 -0 -0 28.4 -3.72 30.62
18.72 15.53 -1.08 374.08 1023.57 -368.23 0 0 0 -38.23 -14.11 -22.17 3.51 11.48 33.91 0.93 6.85 -21.9 0.06 1.59 4.38 0 0 0 7.94 -12.23 -26.22 -14.41 -19.23 73.44 -0.2 0.45 8.61 -0.54 4.7 -13.05 -1.12 8.05 4.77 -4.62 10.26 -7.21 -5.6 4.85 -9.66 -12.21 -14.92 5.59 3.62 -20.6 1.75 2.97 -10.41 1.35 0 -0 0 -90.64 27.47 25.37 120.15 -56.27 -85.78 -0 -0 11.37 35.81 17.5 12.24 -7.12 0 -0 7.99 51.06 1.2 0 -0 0 92.3 44.28 68.64 -24.04 35.21 -7.73 0 0 8.33 28.59 14.53 7.79 7.12 -0 -0 34.82 -14.13 32.03
17.56 15.61 -0.86 368.26 1042.39 -360.7 0 0 0 -36.63 -17.76 -17.72 3.86 11.98 35.65 0.97 -5.02 -17.61 0.04 -1.35 -3.71 0 0 0 7.09 -3.65 -35.9 -15.2 -19.44 75.85 -0.01 0.63 1.74 -0.66 5.18 -14.41 1.86 8.01 3.42 -5.57 10.48 -7.18 -7.93 4.83 -8.1 -9.19 -11.74 3 1.63 -15.91 2.9 1.86 -8.05 1.32 -0 0 0 -92.1 24.36 24.97 118.96 -56.58 -84.79 -0 -0 11.41 36.49 16.12 11.6 -7.12 0 -0 8.71 49.55 0.98 -0 0 0 85.16 38.56 73.76 -30.91 41.66 -12.01 0 0 1.08 37.43 12.48 9.39 7.12 -0 -0 38.69 -13.31 39.59
16.3 15.73 -0.73 364.65 1065.61 -356.64 0 0 0 -32.27 -26.56 -13.24 4.47 12.77 38.5 0.43 -13.38 -14.01 0.31 -3.58 -9.89 0 0 0 1.92 2.88 -33.47 -10.96 -17.91 62.64 -0.14 0.82 -6.93 -0.81 5.74 -16.02 2.57 8.13 3.82 -4.74 10.82 -6.89 -7.49 5.01 -8.01 -6.02 -2.1 0.66 -0.14 -2.78 3.01 0.94 -1.46 0.9 0 0 0 -94.72 22.81 28.02 119.37 -56.47 -85.14 -0 -0 11.59 38.92 14.96 11.78 -7.12 0 -0 11.17 48.62 1.01 0 0 0 78.96 25.94 64.41 -49.23 52.68 -25.56 0 -0 -6.67 36.28 16.38 11.7 7.12 -0 -0 37.44 -10.24 40.55
14.97 15.93 -0.44 361.2 1091.4 -354.16 0 0 0 -24 -30.5 -14.19 4.94 13.31 40.54 -1.02 -23.17 -7.69 0.18 -2.7 -7.45 0 0 0 0.76 15.51 -15.84 -4.74 -13.09 39.7 -0.39 0.3 -11.68 -1.3 7.21 -20.35 5.1 8.67 3.71 -4.02 11.84 -6.88 -8.08 5.43 -7.45 -1.09 10.05 2.24 -2.23 13.5 3.96 -0.47 6.73 0.94 -0 -0 0 -92.9 20.43 36.77 120.27 -56.24 -85.88 -0 -0 9.03 40.7 12.87 10.84 -7.12 0 -0 12.77 46.34 0.43 -0 -0 0 78.59 8.93 51.46 -77.6 59.41 -49.28 0 -0 -18.79 26.5 25.93 12.3 7.12 -0 -0 31.76 -4.18 35.49
13.58 15.94 -0.12 360.82 1115.73 -353.27 0 0 0 -16.6 -38.06 -18.4 5.52 13.94 43.01 -2.65 -30.12 -2.14 0.43 -4.19 -11.62 0 0 0 4.54 19.88 -1.11 -2.29 -9.45 27.22 0.42 17.1 -7.34 -3.16 10.95 -32.11 6.53 10.31 4.48 -4.42 14.17 -5.58 -9.23 6.67 -5.68 2.79 17.32 3.51 -2.8 23.54 7.13 -0.93 11.8 2.42 -0 -0 0 -91.24 10.75 46.86 118.56 -56.68 -84.45 -0 -0 7.85 39.75 12.3 10.04 -7.12 0 -0 11.78 45.47 0.14 -0 -0 0 84.86 -7.96 36.03 -101.6 59.49 -70.03 0 -0 -23.06 17.55 38.44 11.12 7.12 -0 -0 26.35 6.41 32.6
12.19 15.81 0.21 357.18 1137.2 -356.41 0 0 0 -8.43 -38.67 -27.09 6.24 14.66 45.95 -3.1 -31.32 0.24 1.43 -7.56 -21.39 0 0 0 13.35 5.92 2.59 -1.52 -7.78 22.04 -0.32 17.1 -14.96 -2.87 10.48 -30.54 11.49 11.1 5.55 -4.31 15.66 -4 -11.55 7.48 -3.09 -0.1 16.96 0.52 1.52 22.84 9.63 0.99 11.45 2.83 -0 -0 0 -94.58 -1.36 51.7 113.92 -57.72 -80.56 -0 -0 8.34 37.74 11.65 8.88 -7.12 0 -0 9.81 44.37 -0.15 -0 -0 0 93.95 -17 25.63 -107.88 58.76 -75.42 0 -0 -21.5 12.41 44.76 8.81 7.12 -0 -0 23.84 12.21 30.81
10.98 15.97 0.56 352.47 1151.05 -359.26 0 0 0 -6.17 -29.61 -34.67 5.65 14.08 43.57 -1.94 -25.84 -1.22 2.6 -10.01 -29.02 0 0 0 20.59 -2.13 3.42 -0.44 -4.24 11.74 -1.12 9.01 -19.01 -1.68 8.16 -23.19 13.48 11.68 4.85 -4.45 16.56 -4.47 -12.49 7.93 -2.43 0.97 15.34 0.38 1.16 20.82 11.28 0.85 10.49 3.6 0 -0 0 -97.9 -5.54 51.33 113.4 -57.83 -80.11 -0 -0 7.55 38.45 11.94 9.33 -7.12 0 -0 10.5 44.83 -0.04 0 -0 0 98.46 -18.89 26.12 -106.31 58.97 -74.08 0 -0 -19.41 12.4 47.71 9.24 7.12 -0 -0 23.84 14.99 31.62
9.95 15.99 0.89 350.08 1158.03 -361.6 0 0 0 -9.19 -18.51 -37.28 6.55 14.94 47.16 0.15 -13.46 -11.22 2.92 -10.56 -30.82 0 0 0 24.57 -6.58 -2.34 -0.54 -4.72 13.1 -1.55 6.19 -22.32 -1.04 6.5 -18.24 12.83 11.51 5.96 -4.38 16.48 -5.2 -12.52 7.72 -4.04 0.62 14.35 0.34 2.22 19.47 12.2 1.22 9.88 3.77 0 0 0 -96.08 -3.91 47.81 117.97 -56.83 -83.96 -0 -0 6.09 36.91 11.78 8.71 -7.12 0 -0 9.02 44.4 -0.13 0 0 0 100.87 -16.07 32.74 -105.1 59.12 -73.04 0 -0 -18.11 15.46 48.92 11.77 7.12 -0 -0 25.11 16.13 33.93
9.2 15.93 1.15 351 1165.6 -362.82 0 0 0 -12.59 -9.57 -35.36 9.32 17.01 57.2 0.7 -8.55 -15.16 3.01 -10.72 -31.33 0 0 0 26.19 -7.12 -5.57 -1.07 -6.58 18.48 -2.21 1.38 -27.76 -0.6 4.97 -13.83 10.6 9.27 6.24 -3.74 13.31 -4.91 -10.9 6.1 -5.43 0.42 14.19 -0.22 4.88 19.04 13.42 2.15 9.79 4 0 -0 0 -95.82 2.26 41.25 124.82 -54.88 -89.64 -0 -0 6.88 34.95 10.94 7.56 -7.12 0 -0 7.17 43.14 -0.33 0 -0 0 102.49 -8.47 40.72 -100.95 59.54 -69.47 0 -0 -18.87 16.14 49.12 12.34 7.12 -0 -0 25.39 16.32 34.44
8.64 15.83 1.42 197.35 1162.63 -515.97 0 0 0 -9.51 -4.45 -35.91 12.73 18.68 68.29 0.6 -5.77 -13.81 2.9 -10.53 -30.71 0 0 0 30.88 -11.06 -12.39 -1.5 -7.73 21.91 -2.49 -1.97 -30.59 -0.51 4.56 -12.67 8.42 4.78 2.26 -1.55 6.91 -5.55 -6.77 3.02 -5.94 2.76 14.77 -0.46 4.58 19.83 15.01 1.95 10.29 4.91 0 -0 0 -97.76 16.75 32.27 134.87 -50.83 -97.66 -0 -0 3.61 38.28 12.69 9.83 -7.12 0 -0 10.38 45.72 0.19 0 -0 0 103.39 2.77 49.35 -88.27 59.99 -58.5 0 -0 -20.49 15.5 50.57 12.09 7.12 -0 -0 25.13 17.66 34.37
8.17 15.89 1.67 186.78 1151.36 -526.95 0 0 0 -7.22 -3.69 -32.41 14.32 19.21 73.17 -0.01 -4.53 -2.7 2.25 -9.37 -26.95 0 0 0 33.44 -12.38 -14.47 -1.24 -7.07 19.92 -2.25 -9.67 -33.14 -0.14 2.43 -6.69 4.74 1.84 1.82 0.3 2.94 -6.32 -2.58 1.25 -7.42 2.48 13.01 -1.8 4.55 17.44 16.71 1.88 9.15 5.16 0 0 0 -96.58 23.18 32.56 128.18 -53.7 -92.37 -0 -0 4.63 34.65 12.13 8.26 -7.12 0 -0 6.89 44.51 -0.08 0 0 0 103.57 6.92 48.03 -83.14 59.82 -54.06 0 -0 -17.18 14.47 52.02 11.5 7.12 -0 -0 24.74 19.02 34.07
7.68 16.08 1.68 172.23 1144.07 -541.47 0 0 0 -15.18 -4.98 -23.62 13.08 18.81 69.38 0.16 3.71 7.18 1.6 -7.98 -22.65 0 0 0 27.3 -11.09 -15.29 -1.28 -7.18 20.25 -1.91 -16.05 -35.95 -0.01 0.51 -1.41 0.44 4.46 3.84 -1.22 6.15 -6.7 -2.26 3.01 -9.03 -3.71 7.26 -2.81 7.38 9.68 16.54 3.36 5.23 4.86 0 0 0 -94.35 12.64 45.33 107.29 -58.84 -74.91 -0 -0 11.18 26.44 4.43 2.2 -7.12 0 -0 -0.18 34.93 0.04 0 0 0 102.83 -1.95 32.96 -100.69 59.56 -69.25 0 -0 -19.7 8.18 53.39 6.58 7.12 -0 -0 22.34 20.45 30.57
7.19 16.14 1.64 170.93 1138.99 -541.37 0 0 0 -18.5 -2.06 -17.5 10.24 17.54 60.29 0.29 3.8 9.55 1.49 -7.72 -21.87 0 0 0 25.46 -9.86 -19.94 -1.74 -8.31 23.65 -1.98 -18.7 -38.61 -0.04 -1.21 3.32 1.48 7.61 3.23 -1.91 10.45 -6.62 -3.85 5.07 -8.14 -7 1.91 -2.16 6.68 2.71 15.03 3.37 1.57 4.65 0 0 0 -97.22 0.47 55.38 95.34 -59.89 -64.62 -0 -0 13.09 24.55 5.3 2.42 -7.12 0 -0 -1.79 35.8 0.41 0 0 0 100.82 -11.29 19.27 -108.57 58.66 -76.01 0 -0 -27.64 3.21 52.64 2.55 7.12 -0 -0 20.3 20.04 27.4
6.87 16.17 1.64 170.79 1129.85 -539.71 0 0 0 -19.39 0.94 -11.75 6.47 14.87 46.83 0.01 -0.24 2.14 1.87 -8.6 -24.54 0 0 0 23.48 -7.08 -22.63 -2.07 -9.02 25.85 -2.11 -24.7 -44.71 -0.51 -4.59 12.74 -0.97 4.86 1.55 -0.73 6.72 -6.86 -0.82 3.46 -8.07 -3.48 1.87 -2.83 1.93 3.09 15.54 1.35 1.67 5.05 -0 -0 0 -100.86 2.85 53.06 105.21 -59.11 -73.13 -0 -0 8.67 32.36 9.51 5.97 -7.12 0 -0 4.8 41.15 -0.46 -0 -0 0 96.04 -6.03 17.08 -94.55 59.92 -63.94 0 -0 -22.08 7.25 52.78 5.79 7.12 -0 -0 21.93 19.92 29.84
6.55 16.21 1.65 168.73 1121.02 -540.26 0 0 0 -21.53 -2.4 -6.26 3.99 12.15 36.27 -0.06 -5.56 -1.78 3.07 -10.81 -31.65 0 0 0 19.52 -8.5 -28.09 -3.08 -10.82 31.68 -1.6 -28.45 -46.46 -0.69 -5.31 14.79 -4.03 -0.19 2.25 0.27 -0.24 -6.91 2.55 0.28 -8.52 0.27 4.72 -3.11 -2.23 7.2 14.85 -0.33 3.6 5.07 -0 -0 0 -100.16 10.69 47.03 115.9 -57.31 -82.23 -0 -0 3.89 33.23 10.36 6.72 -7.12 0 -0 5.58 42.24 -0.38 -0 -0 0 93.83 5.34 18.4 -80.14 59.63 -51.47 0 -0 -18.61 8.4 54.11 6.83 7.12 -0 -0 22.48 21.12 30.92
6.22 16.18 1.64 161.82 1116.05 -544.79 0 0 0 -29.46 -5.11 -1.71 2.71 10.2 29.64 -0.01 -5.08 -3.22 2.65 -10.1 -29.31 0 0 0 9.39 -12.57 -39.74 -6.92 -15.26 48.57 1.85 -30.35 -32.77 -0.13 -2.29 6.32 -7.97 -1.18 3.95 -1.88 -2.12 -6.35 2.68 -0.46 -8.75 -2.07 4.69 -3.04 2.24 6.6 13.36 1.47 3.41 4.84 0 0 0 -95.92 6.87 51.65 110.78 -58.3 -77.89 -0 -0 8.42 29.35 6.66 3.73 -7.12 0 -0 2.21 37.6 -0.4 0 0 0 94.8 1.33 11.33 -88.5 59.99 -58.71 0 -0 -23.5 2.82 52.92 2.25 7.12 -0 -0 20.18 20.34 27.26
6.15 16.01 1.56 156.8 1115.48 -548.69 0 0 0 -32.97 3.04 -1.17 2.14 9.15 26.27 -0.21 -9.29 -1.29 2.41 -9.67 -27.91 0 0 0 2.3 -16.51 -49.45 -10.31 -17.58 60.53 2.1 -27.46 -23.94 -0.73 -5.46 15.22 -11.48 0.83 5.29 -3.61 0.11 -6.14 2.48 0.88 -9.64 -4.67 2.71 -2.04 5.99 3.65 12.83 2.75 2.05 3.95 -0 -0 0 -96.21 2.14 60.99 108.9 -58.61 -76.29 -0 -0 9.5 28.44 7.37 3.98 -7.12 0 -0 1.41 38.35 -0.23 -0 -0 0 93.59 -10.27 2.82 -95.16 59.9 -64.47 0 -0 -31.16 0.56 51.01 0.43 7.12 -0 -0 19.05 18.72 25.3
6.41 15.99 1.39 157.27 1117.83 -548.81 0 0 0 -30.96 7.68 -0.07 1.75 8.33 23.71 -0.41 -11.97 0.11 2.46 -9.77 -28.23 0 0 0 2.2 -16.12 -50.57 -8.86 -16.72 55.61 -0.31 -17.97 -27.92 -0.01 -0.76 2.09 -10.85 2.27 5.39 -3.51 2.08 -6.31 1.95 1.81 -10.12 -5.35 2.23 -1.99 5.19 3.09 11.16 2.83 1.66 3.86 -0 -0 0 -96.07 2.37 66.62 113.61 -57.79 -80.29 -0 -0 6.74 29.93 8.09 4.63 -7.12 0 -0 2.68 39.28 -0.38 -0 -0 0 91.64 -19.79 -1.87 -79.46 59.58 -50.89 0 -0 -18.21 5.15 52.62 4.09 7.12 -0 -0 21.08 19.88 28.53
7.02 15.9 1.2 158.29 1124.27 -548.64 0 0 0 -29.82 5.22 2.63 1.85 8.56 24.42 -0.02 -4.07 -1.96 3.12 -10.89 -31.9 0 0 0 7.06 -13 -50.44 -6.51 -14.9 46.99 -1.02 -20.4 -35.25 -0.11 2.1 -5.77 -9.08 2.53 4.16 -3.64 2.73 -6.84 0.77 2 -9.92 -4.27 3.8 -2.69 4.35 5.17 10.11 2.39 2.67 3.53 0 0 0 -94.35 6.63 65.06 117.75 -56.88 -83.78 -0 -0 7.67 28.68 8.06 4.39 -7.12 0 -0 1.59 39.14 -0.23 0 0 0 92.03 -25.75 -1.57 -55.76 55.07 -30.84 0 -0 -10.1 7.76 51.67 6.1 7.12 -0 -0 22.06 18.84 29.81
8.05 15.91 0.98 156.82 1133.7 -550.93 0 0 0 -28.84 6.54 2.17 2.59 10.01 29 0.06 4.92 5.29 2.69 -10.18 -29.56 0 0 0 12.86 -8.78 -44.47 -5.01 -13.39 40.86 -1.56 -19.34 -37.07 -1.03 -6.46 18.11 -8.47 1.79 2.51 -4.3 1.93 -7.91 -0.14 1.61 -10 -3.81 5.87 -3.97 5.5 7.81 9.19 2.79 4.03 3.3 -0 0 0 -92.44 10.36 62.45 116.4 -57.19 -82.65 -0 -0 7.47 30.88 9.08 5.39 -7.12 0 -0 3.49 40.5 -0.39 -0 0 0 95.01 -31.44 -0.38 -44.16 50.35 -21.59 0 -0 -5.01 15.37 48.65 11.66 7.12 -0 -0 25.08 15.87 33.81
9.14 15.97 0.86 167.68 1145.48 -542 0 0 0 -20.14 7.17 -10.28 7.44 15.69 50.53 0.92 13.02 18.15 0.38 -3.98 -11.01 0 0 0 23.06 0.65 -33.05 -3.31 -11.18 32.89 -1.03 -21 -35.95 -0.5 -4.53 12.58 -2.71 -1.02 2.1 -2.21 -1.35 -9.74 -0.75 -0.34 -11.6 -4.33 4.42 -5.21 9.16 5.71 6.95 4.06 3.1 2.78 0 0 0 -89.29 14.5 61.26 114.24 -57.66 -80.83 -0 -0 8.9 31.5 12.4 7.49 -7.12 0 -0 3.94 44.4 -0.06 0 0 0 94.6 -36.05 1.07 -43.2 49.86 -20.86 0 -0 -3.64 18.19 47.72 13.66 7.12 -0 -0 26.24 15.07 35.47
10 15.76 0.67 200.66 1160.09 -509.97 0 0 0 -11.38 7.72 -25.42 13.91 19.09 71.92 0.46 5.36 12.12 1.13 -6.74 -18.95 0 0 0 33.26 4.39 -25.31 -2.66 -10.12 29.37 -1.61 -12.54 -31.31 -0.22 -3.01 8.31 2.59 -3.84 1.76 0.54 -4.61 -9.89 -0.33 -2.29 -11.76 -8.13 -3.04 0.62 19.34 -3.56 -2.46 7.25 -1.76 -0.29 -0 -0 0 -88.21 21.28 54.66 113.44 -57.82 -80.15 -0 -0 10.27 25.28 15.51 7.2 -7.12 0 -0 -2.27 47.02 -0.11 -0 -0 0 89.35 -32.49 4.12 -47.45 51.92 -24.16 0 -0 -10.15 14.92 46.16 10.88 7.12 -0 -0 24.91 13.54 32.87
10.73 15.7 0.4 343.4 1156.84 -368.46 0 0 0 -11.73 0.7 -30.78 15.3 19.46 76.13 -0.08 5.15 -2.97 1.08 -6.6 -18.54 0 0 0 32.31 9.3 -17.77 -2.68 -10.16 29.5 -1.83 -2.52 -26.54 -0.06 -1.57 4.32 -0.7 -5.16 5.34 1.18 -6.79 -9.5 2.76 -3.02 -13.08 -12.54 -12.28 9.73 28.01 -16.14 -8.08 11 -8.89 -0.42 -0 -0 0 -90.89 29.96 40.17 114.56 -57.59 -81.1 -0 -0 16.45 12.1 23.13 4.82 -7.12 0 -0 -17.48 52.73 -3.41 -0 -0 0 86.68 -22.19 5.79 -54.59 54.69 -29.88 0 -0 -10.41 9.7 47.16 7.14 7.12 -0 -0 22.69 14.51 29.72
11.54 15.67 -0.02 348.71 1132.96 -359.9 0 0 0 -2.18 -7.84 -33.33 13.26 18.87 69.93 0.26 9.43 -17.23 0.22 -3.05 -8.42 0 0 0 32.21 13.93 -16.05 -2.64 -10.09 29.27 -1.23 10.82 -20.12 -0.01 0.55 -1.5 0.6 -5.02 4.43 2.59 -6.36 -9.39 3.41 -2.9 -12.38 -14.42 -20.25 18.12 30.85 -27.82 -11.41 11.78 -15.55 0.47 -0 -0 0 -94.01 36.04 24.18 113.52 -57.8 -80.22 -0 -0 23.21 -3.02 26.88 -1.37 -7.12 0 -0 -34.06 53.42 -7.76 -0 -0 0 88.48 -13.77 6.87 -70.63 58.53 -43.31 0 -0 -12.25 7.98 45.91 5.75 7.12 -0 -0 21.91 13.4 28.26
12.44 15.79 -0.35 350.12 1109.73 -355.95 0 0 0 7.16 -17.97 -21.73 8.03 16.14 52.65 1.04 3.01 -20.53 0.4 -4.08 -11.29 0 0 0 29.47 19.02 -13.13 -2.16 -9.19 26.39 0.57 23.88 -12.6 -0 -0.39 1.08 -0.01 -4.87 4 3.89 -6.18 -8.79 5.02 -2.76 -11.23 -15.07 -23.78 18.76 26.53 -33.9 -7.31 9.4 -18.2 2.17 0 -0 0 -96.45 44.22 11.7 117.2 -57.01 -83.32 -0 -0 18.75 -3.7 26.87 -1.67 -7.12 0 -0 -34.67 53.29 -7.81 0 -0 0 90.58 -8.46 9.87 -85.56 59.93 -56.15 0 -0 -10.49 8 45.02 5.68 7.12 -0 -0 21.9 12.56 28.01
13.5 15.85 -0.77 353.2 1091.49 -353.26 0 0 0 3.73 -36.28 -4.21 4.38 12.65 38.08 0.54 -9.48 -13.7 1.91 -8.67 -24.77 0 0 0 21.6 27.41 -13.2 -2.33 -9.52 27.42 2.17 30.37 -7.28 -0.02 0.92 -2.54 -2.76 -5.08 4.22 4.05 -6.78 -7.87 6.72 -2.91 -9.94 -14.21 -23.12 18.54 24.1 -32.84 -6.91 8.9 -17.56 1.51 0 -0 0 -91.37 48.89 8.51 119.44 -56.46 -85.19 -0 -0 15.29 -6.61 28.23 -3.14 -7.12 0 -0 -38.34 53.87 -9.43 0 -0 0 91.07 -3.69 10.98 -91.27 59.99 -61.1 0 -0 -6.05 6.42 42.16 4.32 7.12 -0 -0 21.13 9.93 26.13
14.61 15.83 -1.27 354.79 1076.89 -352.74 0 0 0 -2.51 -26.5 -0.72 3.62 11.63 34.45 0.53 -15.5 -15.9 4.29 -12.54 -37.68 0 0 0 14.28 24.9 -19.87 -2.64 -10.09 29.27 5.33 38.61 3.58 -0.01 0.55 -1.51 -5.16 -5 4.93 4.14 -6.94 -6.88 8.15 -2.89 -8.96 -14.08 -20.91 17.32 21 -30.08 -4.09 8.18 -15.93 1.46 -0 0 0 -79.81 50.13 10.26 118.87 -56.6 -84.72 -0 -0 18.65 -4.6 27.67 -2.14 -7.12 0 -0 -36.1 53.79 -8.68 -0 0 0 91.42 0.95 10.46 -92.28 59.98 -61.97 0 -0 -2.96 5.6 37.21 3.39 7.12 -0 -0 20.7 5.3 24.09
15.77 15.93 -1.72 356.24 1066.66 -353.8 0 0 0 -8.06 -8.08 -2.22 2.8 10.37 30.17 0.9 -17.31 -19.48 3.27 -11.13 -32.71 0 0 0 10.83 20.86 -22.24 -2.47 -9.78 28.26 3.36 31.71 2.61 -0.36 3.88 -10.73 -6.48 -4.7 6.16 4.04 -6.74 -6.3 8.87 -2.72 -8.97 -14.02 -18.46 16.65 16.24 -26.94 -0.92 7.02 -14.12 1.25 -0 -0 0 -67.88 46.53 14.28 117.94 -56.83 -83.94 -0 -0 21.29 0.09 29.23 0.04 -7.12 0 -0 -32.99 55.98 -9.63 -0 -0 0 91.87 3.98 8.15 -89.52 60 -59.58 0 0 0.07 8.39 30.38 4.27 7.12 -0 -0 22.33 -1.22 23.75
16.87 16.03 -2.18 356.59 1060.4 -353.12 0 0 0 -13.75 -9.77 -2.97 2.63 10.07 29.22 1.64 -11.17 -23.12 2.57 -9.97 -28.87 0 0 0 9.34 18.56 -25.06 -2.32 -9.5 27.38 0.88 17.72 -0.78 -1.02 6.42 -18 -5.89 -4.21 6.74 4.09 -6.04 -6.42 8.6 -2.37 -9.62 -13.9 -17.25 16.32 13.94 -25.27 -0.06 6.46 -13.18 0.99 -0 0 0 -62.66 36.2 13.74 120.21 -56.25 -85.83 -0 -0 18.11 5.13 28.22 2.43 -7.12 0 -0 -27.38 56.12 -7.88 -0 0 0 88.4 7.77 8.41 -83.82 59.85 -54.65 0 -0 -1.37 10.7 27.81 5.04 7.12 -0 -0 23.73 -3.63 24.41
17.81 15.91 -2.61 358.28 1057.09 -355.34 0 0 0 -18.41 -6.85 -7.47 3.49 11.46 33.83 1.79 -10.99 -24.09 1.75 -8.33 -23.73 0 0 0 8.56 14.31 -26.37 -3.42 -11.34 33.44 -0.52 2.95 -12.92 -1.97 8.81 -25.19 -5.23 -2.75 8.78 2.67 -4.18 -5.27 6.55 -1.55 -10.03 -13.6 -17.78 16.51 14.12 -25.78 -1.67 6.55 -13.44 0.54 0 -0 0 -61.48 16.32 14.29 119.55 -56.43 -85.28 -0 -0 17.43 8.95 25.75 3.91 -7.12 0 -0 -21.99 54.62 -5.39 0 -0 0 89.07 5.76 5.46 -88.34 59.99 -58.56 0 -0 -2.87 10.61 31.64 5.61 7.12 -0 -0 23.42 -0.05 25.64
18.63 15.77 -2.98 361.25 1054.93 -359.18 0 0 0 -23.93 -4.88 -9 3.93 12.06 35.95 1.81 -10.64 -24.18 1.03 -6.47 -18.16 0 0 0 7.74 8.76 -24.11 -5.7 -14.13 43.77 -0.78 -6.73 -20.47 -1.21 6.99 -19.69 -3.66 -1.08 10.53 0.05 -1.98 -3.73 2.49 -0.73 -9.8 -13.79 -18.29 16.2 14.62 -26.51 -1.08 6.57 -13.81 0.95 -0 -0 0 -67.93 -6.2 18.71 117.11 -57.03 -83.24 -0 -0 19.53 14.04 23.81 5.76 -7.12 0 -0 -15.92 53.73 -3.48 -0 -0 0 90.57 -2.25 4.24 -91.6 59.99 -61.38 0 -0 -6.91 8.32 35.97 4.91 7.12 -0 -0 22.07 4.03 25.48
19.41 15.59 -3.25 365.65 1049.99 -365.41 0 0 0 -30 0.64 -8.8 3.98 12.14 36.22 1.75 -11.17 -23.82 0.35 -3.81 -10.54 0 0 0 5.59 -0.91 -21.62 -9.01 -16.81 56.11 -0.68 -8.91 -21.23 -0.92 6.11 -17.09 -1.95 1.35 13.43 -3.06 1.19 -1.36 -2.44 0.58 -9 -14.1 -18.87 15.39 15.89 -27.25 -1.39 6.78 -14.21 1.3 0 0 0 -82.36 -19.84 29.7 118.74 -56.64 -84.61 -0 -0 19.71 21.13 21.41 8.03 -7.12 0 -0 -7.83 52.61 -1.47 0 0 0 91.61 -9.85 6.19 -88.87 60 -59.02 0 -0 -8.55 7.24 37.69 4.44 7.12 -0 -0 21.51 5.69 25.3
20.03 15.5 -3.45 372.69 1043.42 -369.69 0 0 0 -36.97 7.23 -12.52 3.53 11.51 34.03 1.61 -11.37 -22.94 0.14 -2.42 -6.66 0 0 0 1.22 -10.18 -22.34 -11.79 -18.3 65.32 -0.51 -6.9 -17.7 -0.83 5.82 -16.25 -2.76 2.93 12.86 -6.58 2.88 -0.83 -6.08 1.33 -7.92 -15.17 -17.89 14.56 17.54 -26.11 -1.23 7.34 -13.67 1.66 -0 -0 0 -94.62 -20.45 39.56 120.32 -56.22 -85.93 -0 -0 20.02 27.69 18.34 9.37 -7.12 0 -0 -0.42 50.5 -0.06 -0 -0 0 94.22 -13.48 11.79 -84.95 59.9 -55.63 0 -0 -6.14 11.26 38.03 6.99 7.12 -0 -0 23.44 5.92 28.09
20.46 15.69 -3.6 368.5 1034.33 -365.32 0 0 0 -34.01 9.22 -17.73 3.33 11.21 32.98 1.72 -7.6 -23.51 0.12 -2.26 -6.22 0 0 0 9.37 -15.8 -19.5 -10.38 -17.62 60.76 -0.26 -5.13 -12.95 -1.07 6.58 -18.48 3.57 2.52 10.6 -7.47 3.25 -1.34 -10.66 1.28 -6.76 -14.12 -15.43 11.9 18.47 -22.52 -0.32 7.54 -11.81 1.74 0 -0 0 -98.47 -16.41 41.22 119.92 -56.33 -85.59 -0 -0 20.52 29.84 16.79 9.41 -7.12 0 -0 1.97 49.15 0.2 0 -0 0 96.03 -12.14 20.95 -82.32 59.78 -53.35 0 -0 -4.68 18.51 38.18 11.69 7.12 -0 -0 26.8 6.23 33.22
20.78 15.77 -3.85 365.41 1022.75 -361.17 0 0 0 -31.29 7.82 -23.9 4.02 12.19 36.4 2.03 0.15 -27.04 0.1 -2.01 -5.54 0 0 0 15.03 -16.89 -13.58 -6.34 -14.75 46.32 -0.43 -5.24 -15.41 -1.6 7.98 -22.66 4.91 2.68 9.41 -7.36 3.6 -2.1 -11.33 1.37 -6.75 -11.99 -12.24 7.75 17.58 -17.7 1.07 6.99 -9.19 1.72 0 -0 0 -97.68 -10.67 35.69 117.13 -57.03 -83.26 -0 -0 21.82 29.01 19.29 10.38 -7.12 0 -0 0.74 51.79 0.12 0 -0 0 92.82 -5.42 33.63 -78.89 59.53 -50.4 0 -0 -5.58 22.79 36.5 14.03 7.12 -0 -0 28.83 5 35.96
21.06 15.83 -4.22 345.28 1010.77 -340.71 0 0 0 -21.2 7.64 -36.99 7.44 15.69 50.5 1.47 9.41 -27.99 0.07 -1.66 -4.58 0 0 0 24.55 -9.26 -6.74 -2.96 -10.63 31.03 -0.98 -1.69 -19.39 -2.59 10 -28.99 8.52 3.53 9.85 -5.23 5.44 -3.33 -11.41 2.07 -7.82 -8.88 -9.14 4.44 15.93 -13.03 1.6 6.08 -6.69 1.39 -0 0 0 -94.87 -4.68 29.01 112.91 -57.92 -79.7 -0 -0 23.29 21.52 27.97 10.48 -7.12 0 -0 -10.3 59.4 -3.65 -0 0 0 91.04 3.28 41.17 -79.53 59.58 -50.94 0 -0 -5.3 28.87 36.27 18.07 7.12 -0 -0 31.44 5.62 40.83
21.21 15.5 -4.51 303.51 1003.15 -298.33 0 0 0 -12.82 11.02 -53.94 12.95 18.76 68.96 -0.39 21.35 -27.2 0.98 6.32 17.71 0 0 0 29.09 -4.79 -6.55 -2.57 -9.97 28.89 -1.16 8.51 -19.31 -1.98 8.83 -25.28 8.84 4.67 10.17 -3.39 7.23 -4.36 -9.86 2.87 -8.89 -4.97 -5.7 1.84 13.43 -8.12 2.12 4.75 -4.11 1.08 -0 0 0 -90.44 4.86 23.76 108.4 -58.68 -75.87 -0 -0 25.24 10.98 35.71 6.46 -7.12 0 -0 -28.26 64.03 -13.55 -0 0 0 91.76 12.96 48.73 -79.87 59.61 -51.23 0 -0 -8.97 25.02 36.37 15.47 7.12 -0 -0 29.81 5.14 37.68
21 15.48 -4.57 274.06 1004.8 -269.35 0 0 0 -6.94 14.54 -58.74 12.58 18.62 67.81 0.38 18.95 -29.64 0.59 4.93 13.7 0 0 0 30.62 -17.1 -5.95 -1.57 -7.9 22.42 0.25 21.55 -13.17 -1.29 7.2 -20.32 9.14 4.32 9.8 -1.37 6.98 -4.81 -7.78 2.73 -9.46 -1.91 -2.5 0.36 10.35 -3.83 3.93 3.66 -1.86 1.46 -0 0 0 -86.97 18.32 22.93 98.82 -59.7 -67.63 -0 -0 24.15 7.33 38.1 4.54 -7.12 0 -0 -35.03 65 -17.95 -0 0 0 93.04 15.81 52.4 -87.04 59.97 -57.44 0 -0 -9.06 23.94 39.71 15.84 7.12 -0 -0 29.06 8.06 37.71
20.54 15.48 -4.39 273.2 1004.3 -267.4 0 0 0 -6.2 10.75 -56.91 9.26 16.97 56.99 1.44 21.12 -38.24 0.17 2.69 7.42 0 0 0 30.83 -11.08 -1.58 -1.2 -6.94 19.53 -0.74 12.4 -16.46 -1.94 8.74 -24.98 8.41 3.57 7.73 -0.75 5.72 -5.26 -6.36 2.2 -9.09 -0.69 -0.64 -1.37 8.19 -1.38 5.49 2.74 -0.56 2.06 0 0 0 -85.19 28.77 26.09 86.85 -59.96 -57.27 -0 -0 22.94 4.29 39.76 2.74 -7.12 0 -0 -40.44 65.42 -21.51 0 0 0 92 15.44 53.23 -96.91 59.82 -65.98 0 -0 -11.06 24.75 40.45 16.65 7.12 -0 -0 29.34 8.83 38.53
19.75 15.63 -3.9 295.55 1003.72 -290.61 0 0 0 -12.47 9.55 -50.74 7.13 15.44 49.35 2.01 18.77 -38.79 0.54 4.7 13.06 0 0 0 28.23 -8.59 2.62 -1.37 -7.41 20.94 -0.47 4.1 -12.2 -2.66 10.12 -29.36 8.56 3.2 6.31 -0.24 5.13 -5.51 -5.71 1.93 -8.66 -0.29 -0.62 -2.07 5.27 -1.3 7.79 1.72 -0.52 2.9 -0 0 0 -84.54 37.33 33.51 75.66 -59.21 -47.61 -0 -0 17.67 4.55 44.13 3.17 -7.12 0 -0 -47.67 68.57 -29.33 -0 0 0 90.77 9.59 49.29 -108.23 58.71 -75.72 0 -0 -9.77 24.08 41.12 16.38 7.12 -0 -0 29 9.38 38.17
18.93 15.81 -3.21 339.51 1011.18 -333.3 0 0 0 -20.19 -0.71 -41.18 5.34 13.76 42.27 1.66 17.61 -35.99 0.77 5.59 15.61 0 0 0 23.44 -9.66 -11.12 -5.76 -14.19 43.99 0.13 -7.75 1.8 -0.86 5.9 -16.51 10.07 1.16 5.08 -0.84 2.4 -6.54 -6.87 0.38 -9.48 -3.11 1.3 -5.33 1.89 1.78 11.21 1.3 0.81 4.63 0 0 0 -85.46 41.27 36.12 68.31 -58.15 -41.33 -0 -0 7.85 -0.03 51.5 -0.02 -7.12 0 -0 -68.54 70.83 -48.69 0 0 0 92.03 6.04 50.84 -119.4 56.47 -85.16 0 -0 -10 16.35 46.1 11.94 7.12 -0 -0 25.51 13.51 33.83
18.28 15.5 -2.71 365.22 1023.89 -359.04 0 0 0 -33.27 -8.34 -30.4 4.74 13.09 39.7 1.59 15.56 -33.77 0.63 5.09 14.17 0 0 0 10.31 -10.94 -28.53 -14.41 -19.23 73.46 -0.03 -2.75 3.32 -0.43 4.19 -11.62 4.9 4.23 7.85 -3.49 5.96 -5.53 -7.42 2.42 -9.45 1.08 4.48 -2.11 -7.24 6.36 6.11 -2.34 2.97 2.63 -0 0 0 -79.23 37.48 42.16 69.47 -58.35 -42.32 -0 0 -1.88 -7.07 50.2 -5.44 -7.12 0 -0 -69.96 67.96 -46.38 -0 0 0 90.72 8.18 51.31 -130.28 52.88 -94.05 0 -0 -16.47 3.52 55.95 2.92 7.12 -0 -0 20.78 23.14 28.67
17.56 15.32 -2.44 369.77 1039.26 -362.77 0 0 0 -39.09 -10.79 -23.59 4.78 13.13 39.87 1.65 9.14 -29.09 0.3 3.52 9.72 0 0 0 3.64 1.09 -36.86 -16.5 -19.7 79.72 -0.07 -0.03 -4.99 -0.48 4.42 -12.27 5.24 6.69 10.48 -4.68 9.35 -4.57 -9.61 4.06 -9.14 1.97 11.5 2.19 -11.81 16 5.25 -3.86 7.83 2.61 -0 -0 0 -81.76 29.87 38.39 67.16 -57.93 -40.36 -0 0 -5.21 -17.14 55.32 -14.23 -7.12 0 -0 -87.15 66.17 -60.71 -0 -0 0 92.69 17.3 54.84 -137.67 49.39 -99.81 0 -0 -14.91 5.26 61.81 4.64 7.12 -0 -0 22.18 28.54 31.6
16.71 15.21 -2.21 369.28 1058.82 -360.36 0 0 0 -39.92 -16.79 -18.36 5.27 13.68 41.98 1.64 1.72 -24.85 0.05 1.49 4.1 0 0 0 -4.71 10.77 -36.24 -13.09 -18.81 69.41 -0.61 -2.09 -15.69 -0.33 3.67 -10.14 7.27 7.94 9.76 -5.74 11.22 -3.76 -11.81 5.07 -6.89 2.93 15.55 2.51 -9.68 21.9 9.86 -2.54 10.67 3.98 -0 0 0 -83.62 22.78 37.63 63.82 -57.25 -37.54 -0 0 -1.32 -28.38 53.45 -23.46 -7.12 0 -0 -89.58 62.23 -57.76 -0 0 0 93.92 21.79 55.65 -145.22 44.66 -105.34 0 -0 -14.81 2.01 64.3 1.81 7.12 -0 -0 21.56 31.11 30.9
15.8 15.34 -1.86 367.25 1079.41 -356.9 0 0 0 -36.62 -23.47 -13.51 5.42 13.84 42.6 1.42 -7.34 -21.33 0.01 -0.48 -1.31 0 0 0 -10.8 23.7 -24.29 -7.46 -15.7 50.58 -1.02 4.14 -18.12 -1.45 7.6 -21.51 9.23 8.91 7.86 -6.11 12.66 -4.11 -12.98 5.84 -5.37 2.91 16.59 3.1 -5.97 23.14 11.29 -1.6 11.44 4.43 0 0 0 -86.33 20.54 34.31 62.75 -57 -36.64 -0 -0 5.4 -28.74 55.14 -24.22 -7.12 0 -0 -92.74 62.48 -61.74 0 0 0 92.86 22.3 51.67 -148.81 41.89 -107.8 0 -0 -11.81 -0.44 64.86 -0.4 7.12 -0 -0 20.93 31.85 29.98
14.76 15.41 -1.47 366.45 1099.94 -354.93 0 0 0 -32.31 -32.97 -10.28 5.94 14.37 44.75 0.93 -15.61 -19.03 0.21 -2.95 -8.14 0 0 0 -8.66 27.76 -10.62 -4.21 -12.44 37.3 -0.85 11.71 -17.19 -1.91 8.68 -24.79 9.53 8.74 6.71 -6.3 12.38 -3.89 -13.07 5.79 -4.46 3.38 16.63 3.05 -5.85 23.3 11.82 -1.43 11.53 4.2 0 -0 0 -87.78 20.1 31.43 63.48 -57.17 -37.25 -0 -0 6.83 -29.58 54.7 -24.85 -7.12 0 -0 -92.43 62.13 -60.87 0 -0 0 92.22 23.04 51.21 -150.15 40.77 -108.69 0 -0 -9.59 -4.17 66.07 -3.81 7.12 -0 -0 20.11 33.34 28.84
13.62 15.59 -0.98 363.51 1119.73 -353.94 0 0 0 -21.61 -40.86 -13.07 6.01 14.44 45.01 -0.96 -26.6 -12.2 0.17 -2.64 -7.29 0 0 0 1.41 20.34 -1.05 -2.66 -10.12 29.38 -1.24 10.48 -20.15 -4.02 12.19 -36.41 10.55 7.99 5.1 -5.61 11.34 -3.85 -12.57 5.29 -3.76 3.34 16.27 3.32 -5.03 22.73 11.18 -1.42 11.33 4.25 -0 0 0 -88.74 20.55 29.82 64.94 -57.49 -38.48 -0 -0 8.4 -31.12 54.99 -26.31 -7.12 0 -0 -93.76 61.72 -61.82 -0 0 0 92.26 23.75 56.67 -149.6 41.23 -108.33 0 -0 -8.52 -7.53 68.98 -7.03 7.12 -0 -0 20.08 36.39 28.95
12.48 15.86 -0.46 358.96 1133.44 -354.77 0 0 0 -8.51 -36.44 -21.8 4.93 13.31 40.52 -4.22 -36.46 -1.2 0.52 -4.62 -12.82 0 0 0 9.77 7.18 1.16 -1.09 -6.65 18.67 -1.23 9.29 -19.96 -3.1 10.85 -31.77 11.43 8.26 4.18 -5.06 11.7 -3.93 -12.27 5.49 -3.19 3.12 15.31 2.39 -4.1 21.23 10.35 -1.15 10.6 3.87 0 0 0 -89.37 20.29 28.45 66.86 -57.88 -40.1 -0 -0 10.76 -32.09 55.39 -27.29 -7.12 0 -0 -94.95 61.49 -62.91 0 0 0 94.34 26.62 64.92 -145.31 44.59 -105.41 0 -0 -8.58 -5.17 65.24 -4.7 7.12 -0 -0 19.59 32.69 27.98
11.41 16 0.02 355.28 1142.57 -357.56 0 0 0 -2.88 -28.01 -27.82 4.05 12.23 36.53 -6.09 -39.94 7.27 0.96 -6.24 -17.48 0 0 0 16.28 -3.14 2.31 -0.25 -3.2 8.83 -1.14 7.59 -19.12 -1.78 8.4 -23.94 11.59 8.66 5.44 -4.5 12.36 -3.38 -11.89 5.84 -3.2 2.13 14.22 2.17 -3.14 19.48 8.46 -0.89 9.74 2.93 0 -0 0 -90.72 20.38 26.98 70.27 -58.48 -43 -0 -0 13.28 -30.61 53.78 -25.51 -7.12 0 -0 -91.42 61.63 -58.94 0 -0 0 98.32 30.03 71.43 -137.41 49.53 -99.61 0 -0 -6.61 2.03 44.13 1.41 7.12 -0 -0 19.15 12.08 23.96
10.53 15.99 0.38 350.58 1147.2 -362.16 0 0 0 -1.97 -22.8 -30.27 4.12 12.31 36.85 -1.75 -26.68 -5.22 2.97 -10.65 -31.12 0 0 0 21.75 -3.38 3.64 -0.06 -1.64 4.5 -1.21 4.22 -19.85 -0.92 6.11 -17.09 12.42 9.57 7.19 -3.7 13.86 -3.25 -11.75 6.53 -3.63 1.54 12.99 2.89 -2.05 17.68 7.35 -0.65 8.87 2.19 -0 0 0 -92.62 21.11 25.45 71.79 -58.71 -44.3 -0 -0 13.77 -28.95 55.32 -24.46 -7.12 0 -0 -93.18 62.45 -62.21 -0 0 0 103.3 32.8 72.9 -122.31 55.66 -87.57 0 -0 -4.06 26.3 13.8 6.72 7.12 -0 -0 33.93 -15.23 29.71
9.9 15.88 0.57 341.63 1154.61 -371.07 0 0 0 -3.96 -18.36 -35 5.65 14.08 43.58 0.43 -12.89 -13.77 3.73 -11.8 -35.02 0 0 0 25.34 -7.98 -5.74 -0.72 -5.42 15.1 -1.79 6.15 -24.1 -0.87 5.94 -16.62 14.15 9.5 6.51 -2.46 13.86 -2.91 -11.13 6.56 -2.84 1.17 11.26 3.29 -1.48 15.37 7.8 -0.48 7.73 2.13 0 0 0 -95.08 20.36 24.45 68.65 -58.21 -41.63 -0 -0 14.5 -20.97 54.6 -17.35 -7.12 0 -0 -87.62 64.8 -59.33 0 0 0 105.77 32.67 68 -90.19 60 -60.16 0 -0 -14.23 56.73 3.02 4.59 7.12 -0 -0 42.72 -1.89 65.57
9.39 15.72 0.8 310.9 1162.21 -403.42 0 0 0 -5.77 -14.27 -37.29 8.49 16.47 54.3 0.93 -3.49 -17.41 2.42 -9.69 -27.99 0 0 0 29.13 -7.24 -8.05 -1.45 -7.62 21.58 -2.65 0.18 -30.83 -0.3 3.49 -9.65 14.02 9.2 6.68 -0.56 13.53 -2.48 -9.08 6.4 -3.05 -0.19 8.43 3.05 -0.1 11.54 8.84 0.13 5.83 2.27 -0 -0 0 -94.83 21.43 28.67 67.99 -58.09 -41.06 -0 -0 14.02 -16.52 51.69 -13.1 -7.12 0 -0 -79.23 65.44 -51.62 -0 -0 0 107.19 31.73 55.83 -55.16 54.88 -30.34 0 -0 -50.94 65.18 0.65 1.4 7.12 -0 -0 45.34 16.32 84.97
9.03 15.66 0.98 252.93 1162.9 -462.92 0 0 0 -5.9 -8.19 -38.07 11.42 18.14 64.15 1.04 -2.59 -18.6 3.01 -10.71 -31.3 0 0 0 31.46 -12.55 -11.57 -1.84 -8.53 24.32 -2.71 0.15 -31.15 -0.3 3.53 -9.76 13.82 9.66 6.88 1.04 14.22 -2.05 -7.32 6.79 -2.99 -2.24 5.61 3.6 0.52 7.7 8.49 0.58 3.89 1.94 0 0 0 -91.13 21.76 38.01 66.21 -57.75 -39.55 -0 -0 12.36 -9.54 49.84 -7.32 -7.12 0 -0 -70.86 67.01 -45.95 0 0 0 111.29 31.91 36.06 -37.25 46.35 -16.42 0 -0 -70.66 46.97 9.94 10.48 7.12 -0 -0 41.35 -9.42 51.05
8.84 15.59 1.06 215.6 1159.74 -501.44 0 0 0 -6.97 -3.46 -37.19 13.59 18.98 70.95 0.8 -1.4 -16.46 2.28 -9.43 -27.15 0 0 0 31.51 -13.38 -12.68 -2.2 -9.27 26.64 -3.05 -3.47 -34.35 -0.21 2.93 -8.07 12.69 10.19 6.59 1.71 14.79 -1.62 -5.98 7.15 -2.7 -4.3 3.46 4.37 0.63 4.78 8.16 0.92 2.4 1.69 0 0 0 -89.49 21.8 41.92 64.05 -57.3 -37.73 -0 -0 10.24 -2.73 48.01 -2.03 -7.12 0 -0 -61.97 68.41 -40.13 0 0 0 114.59 34.09 16.77 -29.35 40.33 -10.99 0 -0 -62.28 13.08 43.55 9.09 7.12 -0 -0 24.15 11.08 30.92
8.75 15.58 1.01 198.18 1154.26 -518.68 0 0 0 -8.1 -3.75 -35.31 14.01 19.12 72.23 0.31 -7.53 -10.45 2.84 -10.42 -30.36 0 0 0 31.18 -10.88 -13.62 -2.53 -9.89 28.61 -3.3 -10.06 -38.85 -0.03 1.03 -2.82 12.02 10.56 5.75 1.56 15.14 -2.12 -5.69 7.32 -2.82 -5.83 1.59 6.02 0.84 2.21 8.01 1.23 1.12 1.42 0 -0 0 -91.32 23.15 38.91 66.49 -57.8 -39.79 -0 -0 10.46 0.67 44.51 0.47 -7.12 0 -0 -51.92 67.57 -31.36 0 -0 0 112.62 35.48 -4.53 -24.69 35.89 -8.11 0 -0 -58.29 -10.37 52.8 -8.29 7.12 -0 -0 14.8 21.83 19.74
8.71 15.61 0.83 188.81 1149.4 -528.12 0 0 0 -11.05 -7.83 -31.65 12.88 18.74 68.77 -0.12 -8.71 -3.52 3.57 -11.56 -34.19 0 0 0 29.21 -9.46 -14.03 -2.91 -10.56 30.8 -3.4 -14.89 -42.26 -0.02 0.84 -2.32 11.77 11.2 5.67 0.66 15.91 -2.32 -6.45 7.7 -2.65 -7.03 -0.3 7 2.19 -0.43 8.46 1.91 -0.19 1.51 0 -0 0 -92.98 24.13 36.44 72.62 -58.83 -45.01 -0 -0 10.44 4.12 41.59 2.74 -7.12 0 -0 -43.49 66.71 -24.63 0 -0 0 104.35 33.24 -23.55 -19.76 30.36 -5.41 0 -0 -49.15 -25.52 50.03 -20.1 7.12 -0 -0 7.74 22.52 10.19
8.74 15.7 0.52 177.04 1147.17 -540.82 0 0 0 -18.31 -13.38 -24.04 11.13 18 63.19 -0.1 -8.52 -3.81 3.97 -12.12 -36.17 0 0 0 23.4 -7.44 -13.49 -3.79 -11.87 35.29 -2.81 -19.08 -42.71 -0.05 1.44 -3.95 9.1 12.16 6.71 -0.36 16.96 -1.48 -6.3 8.29 -2.55 -7.77 -1.73 7.2 2.87 -2.33 9.29 2.28 -1.14 1.88 -0 -0 0 -94.62 24.65 35.1 79.48 -59.58 -50.9 -0 -0 12.23 3.56 39.44 2.26 -7.12 0 -0 -40.68 64.97 -21.24 -0 -0 0 97.39 24.89 -35.41 -17.72 27.8 -4.42 0 -0 -41.2 -26.7 46.72 -20.11 7.12 -0 -0 6.24 19.7 8.02
8.83 15.85 0.11 174.9 1144.56 -544.08 0 0 0 -23.48 -16.89 -18.33 9.93 17.37 59.24 0.05 -3.05 -4.1 3 -10.7 -31.26 0 0 0 19.59 -8.9 -19.1 -6.35 -14.76 46.38 0.34 -23.65 -31.08 -0 0.16 -0.45 9.56 12.01 6.82 -0.4 16.76 -0.75 -6.46 8.26 -1.73 -8.17 -2.16 6.93 3.14 -2.8 10.75 2.46 -1.35 2.46 -0 -0 0 -95.97 25.07 34.06 86.36 -59.95 -56.84 -0 -0 14.78 6.27 36.75 3.76 -7.12 0 -0 -34.38 63.63 -16.49 -0 -0 0 93.24 12.42 -34.53 -15.25 24.49 -3.33 0 -0 -30.18 -21.53 44.08 -15.35 7.12 -0 -0 7.98 15.79 9.93
9.05 15.79 -0.27 165.34 1145.15 -552.79 0 0 0 -30.42 -15.58 -14.83 8.95 16.77 55.91 0.09 0.6 -5.8 2.34 -9.53 -27.48 0 0 0 11.74 -6.14 -31.47 -11.27 -18.06 63.64 2.57 -27.29 -15.4 -1.96 -8.78 25.1 5.88 11.49 6.36 -1.92 15.71 -0.66 -6.12 7.77 -2.08 -8.69 -0.72 6.57 4.15 -0.92 11.5 2.91 -0.41 2.68 0 -0 0 -94.47 27.12 34.37 99.88 -59.63 -68.54 -0 -0 12.73 6.5 33.89 3.63 -7.12 0 -0 -30.94 61.32 -12.99 0 -0 0 92.95 0.23 -26.77 -12.3 20.25 -2.2 0 -0 -9.44 -14.92 44.33 -10.54 7.12 -0 -0 11.19 14.59 13.87
9.55 15.79 -0.65 153.94 1146.76 -563.64 0 0 0 -35.79 -10.58 -10.34 7.25 15.54 49.83 0.08 1.29 -6.13 1.94 -8.73 -24.97 0 0 0 6.59 -5.47 -39.61 -12.48 -18.59 67.49 0.27 -10.31 -8.79 -0.38 -3.97 10.98 2.18 10.82 5.21 -4.46 14.58 -0.92 -6.61 7.3 -2.11 -7.53 1.14 6.24 5.01 1.62 12.64 3.02 0.93 2.94 -0 -0 0 -87.98 26.18 41.89 114.56 -57.59 -81.1 -0 -0 9.15 6.73 33.8 3.75 -7.12 0 -0 -30.61 61.3 -12.82 -0 -0 0 95.77 -11.75 -15.28 -10.9 18.13 -1.74 0 0 5.56 -8.97 44.84 -6.35 7.12 -0 -0 14.08 14.05 17.54
10.26 15.87 -1 145.8 1149.17 -569.58 0 0 0 -38.01 -5.75 -7.15 5.5 13.92 42.92 0.09 1.73 -6.52 1.9 -8.65 -24.69 0 0 0 8.69 -4.72 -44.68 -9.53 -17.14 57.91 -0.38 -7.99 -17.15 -0.05 1.46 -4.02 0.74 9.35 0.99 -6.9 12.68 -2.03 -7.64 6.45 -0.92 -6.21 3.73 5.47 5.34 5.18 13.91 2.93 2.78 3.28 -0 0 0 -83.27 20.07 51.16 124.82 -54.88 -89.64 -0 -0 6.45 8.96 33.19 4.93 -7.12 0 -0 -27.72 61.33 -11.52 -0 0 0 98.66 -23.12 -0.71 -11.07 18.39 -1.8 0 0 7.92 -4.81 44.53 -3.38 7.12 -0 -0 16 13.16 19.91
11.2 15.89 -1.3 131.06 1152.64 -580.1 0 0 0 -40.18 -0.05 -4.09 3.37 11.28 33.21 0.09 1.93 -6.76 1.89 -8.63 -24.64 0 0 0 13.35 -3.93 -48.53 -6.12 -14.54 45.46 -1.15 -6.02 -23.28 -0.24 3.16 -8.73 -1.62 7.15 -4.88 -9.44 10.1 -4.97 -8.5 5.26 -1.01 -4.75 6.69 4.24 6.05 9.2 15.7 3.04 4.89 3.91 0 -0 0 -82.77 12.82 58.69 129.41 -53.23 -93.35 -0 -0 5.92 9.3 32.49 5.02 -7.12 0 -0 -26.71 60.79 -10.72 0 -0 0 101 -34.3 7.11 -12.47 20.5 -2.26 0 0 7.89 -0.81 45.96 -0.58 7.12 -0 -0 17.98 14.06 22.8
12.28 15.91 -1.55 110.95 1156.94 -598.06 0 0 0 -40.54 3.19 -1.55 2.58 9.99 28.94 -0.06 4.71 -3.96 2.79 -10.34 -30.08 0 0 0 19.51 -2.02 -44.8 -4.14 -12.34 36.96 -1.25 -14.02 -30.3 -1.49 -7.72 21.85 -1.6 4.45 -8.01 -10.08 6.62 -8.47 -9.46 3.49 -3.38 -3.35 9.17 2.54 6.68 12.51 18.1 2.94 6.66 4.38 -0 -0 0 -84.79 8.06 64.07 127.02 -54.13 -91.43 -0 -0 6.91 8.65 30.69 4.44 -7.12 0 -0 -25.8 59.05 -9.24 -0 -0 0 100.59 -44.37 4.95 -14.88 23.98 -3.18 0 0 0.81 6.18 45.4 4.41 7.12 -0 -0 21.1 13 26.95
13.22 15.93 -1.71 103.39 1160.6 -605.64 0 0 0 -32.64 7.95 -10.05 5.69 14.12 43.74 0.12 -5.33 10.58 5.39 -13.81 -42.5 0 0 0 20.58 4.08 -35.72 -3.23 -11.06 32.47 -1.32 -15.75 -32.35 -1.19 -6.92 19.49 -0.18 0.3 -6.7 -8.26 0.81 -11.41 -8.88 0.35 -8.29 -4.32 8.75 -0.01 8.58 11.62 19.9 3.87 6.28 5.2 0 -0 0 -87.41 7.47 66.76 116.95 -57.07 -83.11 -0 -0 10.33 8.17 28.48 3.92 -7.12 0 -0 -24.57 56.96 -7.51 0 -0 0 96.57 -49.12 -5.68 -17.41 27.39 -4.27 0 -0 -2.32 7.06 44.78 4.99 7.12 -0 -0 21.47 12.38 27.33
13.84 15.84 -1.83 14.21 1165.12 -695.76 0 0 0 -20.28 6.87 -23.14 11.68 18.25 64.97 0.11 -5.29 10.31 5.52 -13.94 -43.01 0 0 0 29.95 4.32 -29.02 -2.53 -9.89 28.62 -1.52 -10.69 -29.34 -1.11 -6.71 18.85 3.18 -3.11 -3.37 -3.98 -3.91 -11.32 -5.87 -2.26 -10.76 -7.63 3.38 -1.23 11.31 3.97 12.19 4.85 2.25 3.39 0 0 0 -89.76 6.18 63.1 100.86 -59.55 -69.39 -0 -0 14.33 7.98 26.4 3.57 -7.12 0 -0 -23.35 55.04 -6 0 0 0 91.45 -45.04 -11.4 -27.78 38.92 -9.99 0 -0 -13.73 8.58 41.58 5.72 7.12 -0 -0 22.12 9.3 27.36
14.24 15.78 -2.05 0.92 1150.55 -709.4 0 0 0 -16.5 0.17 -31.74 14.09 19.14 72.49 -0.04 -4.65 -1.32 3.73 -11.79 -35.01 0 0 0 30.14 8.48 -25.17 -2.64 -10.09 29.26 -1.63 -4.44 -26.03 -0.75 -5.54 15.46 -1.48 -5.89 0.28 -2.09 -7.98 -10.68 -0.63 -3.74 -11.72 -11.26 -6.1 4.6 17.78 -8.81 1.51 7.24 -4.52 0.98 -0 0 0 -86.25 11.26 52.4 94.77 -59.91 -64.13 -0 -0 17.94 7.51 27.69 3.51 -7.12 0 -0 -24.66 56.12 -7.03 -0 0 0 89.09 -33.57 -8.49 -45.09 50.81 -22.31 0 -0 -17.56 10.59 42.1 7.14 7.12 -0 -0 23.05 9.74 28.84
14.74 15.7 -2.48 -4.78 1131.29 -713.68 0 0 0 -7.11 -7.83 -33.93 13.22 18.86 69.81 0.77 3.16 -18.04 1.91 -8.67 -24.76 0 0 0 32.9 2.12 -26.99 -2.85 -10.45 30.45 -0.71 16.02 -17.59 -0.64 -5.12 14.24 -1.42 -6.43 1.89 -0.04 -8.69 -10.06 1.74 -4.02 -11.63 -13.32 -14.54 13.39 22.6 -20.49 -5.68 9.24 -11.05 -0 0 0 0 -82.31 21.11 40.38 92.71 -59.97 -62.35 -0 -0 23.05 2.04 32.11 1.08 -7.12 0 -0 -33.62 58.79 -12.2 0 0 0 88.65 -21.41 -0.76 -67.87 58.07 -40.96 0 -0 -13.58 15.27 41.27 10.21 7.12 -0 -0 25.18 8.98 31.79
15.41 15.75 -2.84 -7.52 1108.94 -712.57 0 0 0 3.89 -17.91 -26.28 9.64 17.2 58.27 1.53 3.63 -24.91 1.11 -6.68 -18.78 0 0 0 33.38 8.58 -23.71 -2.48 -9.8 28.33 0.81 25.09 -11.8 -0.22 -3.01 8.31 -0.59 -5.81 0.2 2.28 -7.64 -9.55 3.38 -3.57 -9.83 -13.52 -19.81 17.44 22.79 -27.95 -7.42 9.1 -15.02 0.28 0 0 0 -85.26 34 24.36 92.22 -59.98 -61.93 -0 -0 25.79 -9.13 39.25 -5.81 -7.12 0 -0 -52.24 61.42 -24.47 0 0 0 89.21 -9.97 7.38 -84.05 59.87 -54.85 0 -0 -8.04 18.1 43.21 12.61 7.12 -0 -0 26.34 10.87 34.29
16.16 15.77 -3.19 -7.14 1090.05 -711.83 0 0 0 3.98 -33.29 -9.41 5.94 14.37 44.73 0.94 -7.36 -17.36 1.66 -8.13 -23.11 0 0 0 30.11 14.1 -21.23 -2.46 -9.77 28.24 2.63 32.36 -6.62 -0.03 -1.18 3.23 -1.99 -5.02 1.06 3.18 -6.66 -8.87 5.06 -2.97 -9.37 -14.04 -20.97 17.68 21.36 -30.09 -4.88 8.36 -15.98 1.23 0 -0 0 -91.88 44.74 9.86 90.3 -60 -60.26 -0 -0 25.6 -17.02 41.41 -11.44 -7.12 0 -0 -61.95 60.69 -29.94 0 -0 0 91.62 -3.43 11.13 -93.93 59.94 -63.4 0 -0 -4.96 19.17 44.64 13.73 7.12 -0 -0 26.74 12.25 35.42
17.02 15.82 -3.44 -6.26 1075.38 -710.06 0 0 0 -2.86 -34.03 -0.23 4.33 12.59 37.85 0.92 -9.59 -17.42 4.16 -12.37 -37.06 0 0 0 25.19 16.13 -24.2 -2.79 -10.34 30.09 6.47 41.21 6.12 -0.31 -3.58 9.91 -2.64 -3.75 -0.36 3.6 -4.97 -8.76 5.62 -2.12 -8.48 -13.91 -20.2 17 19.75 -29.12 -3.57 7.89 -15.38 1.27 -0 0 0 -91 50.14 8.22 88.94 -60 -59.09 -0 -0 24.89 -20.48 42.61 -14.19 -7.12 0 -0 -66.45 60.42 -32.89 -0 0 0 90.48 -1.29 12.35 -98.61 59.72 -67.45 0 -0 -4.46 17.77 44.72 12.7 7.12 -0 -0 26.15 12.26 34.45
17.86 15.95 -3.83 -3.59 1065.66 -710.6 0 0 0 -8.2 -19.4 -0.49 3.01 10.71 31.3 1.12 -11.82 -19.45 4.15 -12.35 -36.99 0 0 0 18.62 22.07 -25 -2.77 -10.31 30 5.98 39.1 10.31 -0.23 -3.08 8.49 -4.69 -2.79 1.19 3.08 -3.86 -7.94 6.22 -1.46 -8.54 -13.11 -19.38 15.33 18.06 -27.7 -3.16 7.32 -14.53 1.04 -0 0 0 -82.01 50.13 13.23 90.13 -60 -60.12 -0 -0 21.99 -12.7 43.64 -8.84 -7.12 0 -0 -61.78 63.1 -33.19 -0 0 0 86.05 -0.58 15.74 -97.99 59.76 -66.92 0 -0 -5.9 10.43 43.9 7.27 7.12 -0 -0 22.97 11.44 29.25
18.72 15.98 -4.28 -1.55 1062.87 -713.54 0 0 0 -13.58 -12.6 -0.07 2.34 9.55 27.53 1.34 -11.73 -21.04 2.47 -9.77 -28.25 0 0 0 14.36 22.48 -24.48 -2.71 -10.21 29.66 4.42 34.71 7.6 -0 0.15 -0.41 -4.59 -2.89 5.23 2.69 -4.15 -6.57 5.99 -1.6 -9.41 -12.91 -18.63 14.44 16.29 -26.42 -3.94 6.91 -13.78 0.46 -0 0 0 -70.14 45.59 19.86 92.94 -59.97 -62.55 -0 -0 23.56 -3.23 40.58 -2.1 -7.12 0 -0 -48.81 63.88 -25.18 -0 0 0 82.99 0.82 16.83 -95.73 59.88 -64.96 0 -0 -7.4 14.88 41.98 10.08 7.12 -0 -0 24.98 9.63 31.71
19.58 15.89 -4.85 -0.19 1061.91 -717.76 0 0 0 -18.5 -9.87 0.28 2.39 9.63 27.8 1.94 -9.07 -24.99 1.18 -6.9 -19.43 0 0 0 11.81 18.96 -26.83 -3.51 -11.48 33.9 2.71 27.67 9.59 -0.05 1.41 -3.87 -3.69 -2.63 12.18 2.41 -3.92 -5 5.6 -1.46 -11.91 -12.92 -18.08 14.56 15.61 -25.41 -6.74 7.01 -13.24 -0.62 0 0 0 -61.61 35.73 24.19 97.47 -59.79 -66.46 -0 -0 22.83 0.7 40.69 0.46 -7.12 0 -0 -45.32 65.07 -24.21 0 0 0 81.23 2.97 16.25 -93 59.97 -62.6 0 -0 -7.24 16.77 42.48 11.5 7.12 -0 -0 25.8 10.15 33.17
20.34 15.73 -5.42 7.67 1059.55 -721.37 0 0 0 -28.55 -8.32 -2.53 2.34 9.54 27.51 1.82 -7.43 -24.21 0.58 -4.9 -13.61 0 0 0 3.34 13.27 -38.45 -5.89 -14.32 44.52 0.09 6.77 -1.93 -2.15 9.17 -26.32 -8.35 -0.72 15.69 -0.01 -2.72 -4.15 5.45 -0.59 -13.16 -12.65 -18.7 14.03 15.17 -26.03 -8.23 6.87 -13.5 -0.99 0 0 0 -59.19 18.86 24.02 101.15 -59.52 -69.64 -0 -0 23.47 -1.47 42.94 -1 -7.12 0 -0 -51 65.94 -28.92 0 0 0 81.62 1.38 15.39 -93.31 59.96 -62.87 0 -0 -10.35 11.99 43.76 8.36 7.12 -0 -0 23.67 11.28 30.25
20.99 15.63 -5.73 13.33 1058.58 -727.86 0 0 0 -35.95 -3.83 0.24 1.89 8.63 24.65 1.47 -7.46 -21.66 0.41 -4.13 -11.43 0 0 0 -0.19 6.61 -39.46 -6.87 -15.23 48.4 0.99 -23.29 -25.43 -0.07 -1.71 4.69 -6.71 1.38 19.38 -3.62 -0.25 -1.65 -0.17 0.18 -12.82 -12.86 -20.16 14.51 16.4 -27.93 -9.62 7.21 -14.53 -1.01 0 0 0 -62.81 -4.56 24.65 101.75 -59.47 -70.16 -0 -0 23.8 -0.75 39.13 -0.47 -7.12 0 -0 -44.4 63.56 -22.1 0 0 0 83.95 -4.75 14.84 -92.03 59.98 -61.76 0 -0 -11.05 6.9 46 4.97 7.12 -0 -0 21.44 13.53 27.59
21.49 15.56 -5.82 18.73 1057.3 -731.34 0 0 0 -42.13 0.29 0.92 1.32 7.28 20.54 1.15 -7.79 -19.14 0.13 -2.3 -6.34 0 0 0 -3.51 -0.66 -41.47 -6.72 -15.09 47.8 1.86 -23.38 -11.6 -0.45 -4.29 11.9 -5.67 2.11 19.6 -6.59 0.61 -0.9 -4.34 0.35 -12.09 -13.54 -20.11 15.49 15.8 -28.17 -8.67 7.14 -14.62 -0.84 -0 0 0 -76.4 -18.51 29.88 110.19 -58.4 -77.39 -0 -0 23.86 4.2 37.25 2.54 -7.12 0 -0 -37.09 63.47 -17.83 -0 0 0 83.82 -10.62 20.86 -83.14 59.82 -54.07 0 -0 -6.88 17.4 45.34 12.57 7.12 -0 -0 25.97 12.83 34.35
21.86 15.68 -5.85 14.18 1053.23 -728 0 0 0 -38.12 2.29 -4.42 1.65 8.09 22.98 1.18 -8.88 -19.48 0.05 -1.51 -4.15 0 0 0 1.39 -2.91 -45.69 -6.14 -14.56 45.53 1.53 -21.67 -3.85 -0.38 -3.93 10.89 1.76 1.06 17.92 -6.24 1.03 -1.58 -8.31 0.09 -11.75 -13.26 -18.74 13.51 13.51 -26.36 -5.51 6.23 -13.57 -0.22 -0 0 0 -90.63 -18.91 39.29 124.11 -55.11 -89.05 -0 -0 23.24 10.64 34.33 6.05 -7.12 0 -0 -27.11 62.74 -12.15 -0 0 0 81.74 -14.12 31.25 -75.47 59.19 -47.46 0 -0 -4.19 24.19 43.79 17.27 7.12 -0 -0 28.86 11.84 38.86
21.93 15.63 -5.82 16.46 1047.51 -728.83 0 0 0 -39.86 5.04 -7.27 1.72 8.25 23.48 1.43 -7.47 -21.37 0.01 -0.77 -2.11 0 0 0 -0.01 -5 -52.83 -8.33 -16.35 53.73 0.14 -7.85 1.64 -0.35 3.79 -10.5 -0.61 1.16 16.69 -6.77 0.62 -1.58 -7.33 0.04 -11.11 -10.99 -16.13 11.47 11.48 -22.47 -4.36 5.43 -11.52 -0.57 -0 -0 0 -98.72 -15.8 47 127.27 -54.04 -91.63 -0 -0 22.38 12.1 34 6.84 -7.12 0 -0 -25.23 62.83 -11.3 -0 -0 0 77.09 -11.41 45.75 -68.9 58.25 -41.84 0 -0 -2.87 32.51 40.88 22.64 7.12 -0 -0 32.42 10.44 44.92
21.8 15.69 -5.72 16.56 1039.5 -731.11 0 0 0 -38.57 9.15 -6.06 1.47 7.66 21.69 1.67 -3.43 -23.58 0.01 -0.72 -1.99 0 0 0 1.53 -3.75 -52.32 -10.97 -17.92 62.67 0.15 -6.9 -3.2 -0.19 2.83 -7.8 -1.08 1.52 17.94 -7.21 0.85 -1.63 -7.71 0.13 -11.88 -7.92 -12.54 8.36 9.96 -17.3 -1.13 4.4 -8.86 -0.1 0 0 0 -99.77 -13.24 47.29 118.67 -56.65 -84.55 -0 -0 21.2 8.27 36.01 4.89 -7.12 0 -0 -31.43 63.55 -14.87 0 0 0 76.74 -6.22 55.34 -66.57 57.82 -39.86 0 -0 -2.52 42.09 35.93 27.93 7.12 -0 -0 36.54 9.03 53.27
21.37 15.72 -5.55 15.42 1031.72 -729.39 0 0 0 -36.5 7.77 -7.45 1.78 8.39 23.89 1.87 3.14 -27.1 0.13 -2.29 -6.31 0 0 0 4.78 -1.73 -49.17 -12.47 -18.58 67.46 0.33 -10.35 -6.1 -0.01 -0.49 1.34 -1.72 2.02 15.61 -7.24 1.44 -2.67 -7.44 0.44 -11.64 -5.08 -8.97 5.97 9 -12.31 0.82 3.92 -6.29 0.18 0 0 0 -96.91 -10.21 41.11 99.06 -59.69 -67.84 -0 -0 22.16 13.34 34.16 7.58 -7.12 0 -0 -24.05 63.29 -10.99 0 0 0 79.19 0.19 61.34 -66.55 57.82 -39.84 0 -0 -2.78 39.58 34.54 25.11 7.12 -0 -0 35.79 6.9 50.43
20.69 15.73 -5.33 6.93 1023.63 -721.26 0 0 0 -29.76 5.7 -11.14 3.29 11.14 32.77 2.32 7.81 -32.38 0.07 -1.71 -4.7 0 0 0 13.6 2.22 -37.61 -9.12 -16.89 56.52 -0.46 1.9 -12.32 -0.62 5.05 -14.06 1.05 2.84 12.56 -5.57 3.34 -4.06 -7.44 1.26 -11.11 -2.78 -6.25 3.99 7.35 -8.62 2.78 2.84 -4.36 0.67 0 -0 0 -93.07 -5.62 29.63 68.23 -58.13 -41.26 -0 -0 25.04 20.27 29.47 10.3 -7.12 0 -0 -12.58 60.6 -4.83 0 -0 0 83.3 5.57 64.47 -70.16 58.46 -42.91 0 -0 -3.19 36.94 33.94 22.77 7.12 -0 -0 34.88 5.49 47.64
19.89 15.82 -5.15 -7.71 1019.94 -707.24 0 0 0 -20.56 1.17 -20.91 8.15 16.23 53.09 0.33 17.82 -27.85 0.01 -0.64 -1.76 0 0 0 24.81 2.06 -26.27 -5.17 -13.57 41.54 -1.15 6.93 -19.12 -0.36 3.83 -10.61 4.95 4.17 10.73 -3.27 6.04 -5.42 -7.54 2.37 -11.06 -1.51 -5.07 3.03 6.35 -7.06 4.34 2.24 -3.52 1.15 0 -0 0 -90.3 -2.12 15.38 35.44 -45.12 -15.13 -0 -0 31.57 27.53 25.17 12.5 -7.12 0 -0 -2.36 57.89 -0.74 0 -0 0 87.55 8.57 64.12 -74.66 59.09 -46.76 0 -0 -4.21 31.45 35.44 19.53 7.12 -0 -0 32.58 5.37 42.85
19.1 15.57 -4.98 -22.82 1021.96 -693.18 0 0 0 -7.86 -1.2 -39.51 16.1 19.63 78.52 -1.42 20.88 -12.14 0.77 5.62 15.68 0 0 0 34.84 1.34 -18.66 -3.44 -11.37 33.55 -1.51 10.51 -22.13 -0.13 2.31 -6.35 9.67 4.47 9.96 -0.25 7.45 -6.02 -7.02 2.81 -10.93 -0.86 -3.71 1.54 4.86 -5.17 4.51 1.62 -2.56 1.3 0 0 0 -87.95 3.52 -3.66 20.71 -31.49 -5.9 -0 -0 41.04 27.43 26.65 13.11 -7.12 0 -0 -3.02 59.44 -1.07 0 0 0 88.03 12.51 66.78 -82.88 59.81 -53.84 0 -0 -5.85 28.02 35.17 17.04 7.12 -0 -0 31.21 4.48 39.81
18.15 15.56 -4.56 -25.55 1025.58 -691.12 0 0 0 -3.51 0.09 -51.56 16.42 19.69 79.48 -0 10.84 -15.4 0.07 1.73 4.76 0 0 0 38.27 -8.23 -12.28 -1.88 -8.61 24.58 -1.2 16.63 -21.3 -0 0.35 -0.95 10.92 4.79 10.37 1.22 8.35 -7.06 -6.35 3.06 -12.3 0.56 -2.34 0.96 2.27 -3.27 5.8 0.57 -1.6 1.67 -0 -0 0 -84.81 16.09 -8.77 16.8 -26.6 -4 -0 -0 48.47 24.58 27.43 11.9 -7.12 0 -0 -6.61 59.57 -2.36 -0 -0 0 87.56 15.13 66.92 -90.69 60 -60.6 0 -0 -5.9 32.09 35 19.78 7.12 -0 -0 32.89 5.11 43.31
17.17 15.4 -3.95 -21.68 1026.77 -692.41 0 0 0 -7.66 -0.28 -59.19 11.33 18.09 63.84 1.09 7.08 -23.51 0.56 -4.77 -13.26 0 0 0 36.8 -11.49 -9.81 -1.61 -8 22.72 -1.77 16.01 -24.78 -0.24 3.15 -8.7 9.1 6.31 8.1 0.91 9.88 -8.2 -5.72 3.92 -12.18 1.13 -0.52 0.06 -0.19 -0.73 6.27 -0.26 -0.35 1.93 0 0 0 -81.9 29.8 -0.65 17.92 -28.06 -4.51 -0 -0 45.87 26.02 25.44 11.84 -7.12 0 -0 -4.14 57.82 -1.3 0 0 0 89.11 16.88 66.91 -96.91 59.82 -65.98 0 -0 -7.7 31.85 32.78 18.59 7.12 -0 -0 33.06 3.08 42.51
16.06 15.48 -3.04 -15.09 1027.9 -698.59 0 0 0 -19.16 2.75 -57.64 7.2 15.5 49.64 0.21 12.61 -20.38 0.09 1.94 5.34 0 0 0 33.72 -8.18 -0.62 -1.26 -7.12 20.07 -2 2.68 -26.05 -1.41 7.51 -21.25 6.31 7.89 6.39 0.67 11.51 -8.86 -4.52 4.95 -12.12 1.23 3.45 0.75 -3.3 4.78 7 -1.17 2.33 2.19 0 0 0 -81.82 41.54 1.13 18.47 -28.75 -4.77 -0 -0 43.99 27.93 22.83 11.62 -7.12 0 -0 -1.19 55.45 -0.31 0 0 0 91.34 18.54 73.44 -97.26 59.8 -66.28 0 -0 -7.72 30.15 33.49 17.77 7.12 -0 -0 32.28 3.35 41.18
15.07 15.52 -2 -8.19 1035.85 -705.98 0 0 0 -20.99 -8.99 -42.22 6.17 14.59 45.67 1.14 11.96 -27.75 0.07 1.76 4.83 0 0 0 29.15 -9.51 -8.79 -5.32 -13.74 42.2 -0.16 -3.07 -9.27 -1.47 7.67 -21.72 6.43 9.77 5.5 0.03 13.92 -8.71 -5.32 6.17 -10.96 2.87 9.79 1.21 -6.63 13.53 7.22 -2.29 6.66 2.84 0 0 0 -81.27 39.27 -9.2 17.29 -27.24 -4.22 -0 -0 45.94 25.01 22.95 10.31 -7.12 0 -0 -4.35 54.97 -1.07 0 0 0 92.53 19.04 76.88 -98.71 59.71 -67.53 0 -0 -8.33 30.25 35.3 18.62 7.12 -0 -0 32.11 5 41.76
14.16 15.58 -1.26 3.78 1049.48 -715.92 0 0 0 -32.63 -14.44 -28.92 4.99 13.38 40.79 1.16 8.86 -25.32 0 0.04 0.12 0 0 0 16.95 -13.45 -25.2 -13.23 -18.86 69.83 0.02 3 2.83 -0.98 6.3 -17.65 2.46 11.27 7.87 -3.11 15.26 -7.31 -7.07 7.04 -10.71 1.33 16.03 0.89 -5.24 21.95 8.16 -1.2 10.82 3.33 0 0 0 -79.46 30.8 -9.33 22.56 -33.6 -6.89 -0 -0 34.28 23.31 25.12 10.37 -7.12 0 -0 -6.97 56.89 -2.04 0 0 0 95.67 14.26 75.95 -104.82 59.15 -72.8 0 -0 -9.12 29.36 36.76 18.61 7.12 -0 -0 31.59 6.15 41.36
13.22 15.74 -0.7 4.72 1068.95 -714.79 0 0 0 -34.11 -13.34 -23.19 4.36 12.63 37.99 1.01 -3.67 -18.11 0.03 -1.19 -3.26 0 0 0 14.32 -5.83 -32.42 -13.76 -19.04 71.48 -0.09 2.38 -5.36 -0.98 6.29 -17.64 4.81 12.92 6.99 -5.42 17.59 -6.72 -10.32 8.22 -7.86 1.71 18.04 -0.04 -1.76 24.53 10.51 0.09 12.18 3.95 0 -0 0 -78.12 18.22 1.98 32.12 -42.64 -12.82 -0 -0 26.5 24.57 25.53 11.15 -7.12 0 -0 -5.77 57.6 -1.78 0 -0 0 97.61 8.72 69.29 -110.31 58.38 -77.49 0 -0 -11.27 25.83 40.67 17.51 7.12 -0 -0 29.77 9.17 39.42
12.17 15.74 -0.18 4.1 1092.58 -713.37 0 0 0 -31.23 -20.02 -18.11 4.39 12.66 38.12 0.34 -13.5 -13.18 0.07 -1.75 -4.82 0 0 0 8.7 0.19 -29 -9.93 -17.37 59.25 -1.17 -0.98 -20.86 -1.05 6.52 -18.31 5.88 12.8 6.2 -5.83 17.51 -6.51 -10.95 8.24 -6.76 0.75 17.59 0.53 1.69 23.61 10.05 0.99 11.85 3.05 0 0 0 -82.65 12.16 13.28 45.93 -51.22 -22.96 -0 -0 21.7 25.9 23.69 11.04 -7.12 0 -0 -3.65 55.95 -0.98 0 0 0 95.07 0.98 61.75 -114.87 57.53 -81.36 0 -0 -12.13 22.72 42.95 15.93 7.12 -0 -0 28.31 10.93 37.58
11.1 15.98 0.36 4.75 1117.43 -710.37 0 0 0 -26.54 -30.45 -16.32 4.19 12.41 37.19 -1.13 -22.37 -5.39 0.14 -2.42 -6.66 0 0 0 3.41 15.06 -16.78 -5.61 -14.04 43.38 -1.29 3.75 -20.56 -1.37 7.4 -20.9 4.64 11.34 4.85 -5.37 15.4 -6.2 -9.48 7.3 -6.53 -0.47 16.83 0.89 3.13 22.51 9.72 1.42 11.33 2.55 0 -0 0 -89.2 12.51 20.55 59.68 -56.23 -34.08 -0 -0 19.13 26.1 24.04 11.28 -7.12 0 -0 -3.55 56.36 -0.99 0 -0 0 92.29 -8.22 54.07 -117.41 56.96 -83.49 0 -0 -11.17 24.35 44.1 17.48 7.12 -0 -0 28.91 12.13 39.05
9.97 15.98 0.93 2.28 1139.01 -711.75 0 0 0 -18.76 -36.18 -20 4.95 13.32 40.59 -2.49 -28.64 -0.43 0.09 -1.93 -5.31 0 0 0 8.09 26.29 -2.13 -2.96 -10.63 31.05 -0.35 17 -15.08 -3.42 11.34 -33.44 7.08 10.39 5.96 -4.78 14.44 -5.8 -10.26 6.71 -6.49 -0.84 14.38 1.96 6.15 19.08 9.51 2.19 9.72 1.99 0 0 0 -89.76 16.36 26.86 68.52 -58.18 -41.51 -0 -0 17.46 27.13 22.57 11.12 -7.12 0 -0 -1.98 55 -0.49 0 0 0 94.45 -16.62 45.65 -118.91 56.59 -84.75 0 -0 -12.9 23.65 41.75 16.26 7.12 -0 -0 28.78 9.91 37.99
8.79 15.93 1.51 -0.06 1159.61 -713.84 0 0 0 -12.41 -36.42 -27.75 4.94 13.32 40.57 -4.82 -35.86 8.91 0.47 -4.38 -12.16 0 0 0 14.02 9.75 0.16 -1.54 -7.84 22.22 -0.63 18.31 -18.02 -1.5 7.75 -21.94 8.19 8.54 7.15 -3.97 12.11 -4.32 -9.99 5.57 -6.01 -1.71 12.2 1.52 8.92 16.08 8.31 3.15 8.27 1.47 0 0 0 -88.33 17.59 29.51 69.43 -58.34 -42.29 -0 -0 17.78 26.07 23.93 11.23 -7.12 0 -0 -3.54 56.24 -0.98 0 0 0 95.98 -18.81 41.26 -119.3 56.49 -85.08 0 -0 -11.05 21.56 42.82 15.03 7.12 -0 -0 27.83 10.72 36.69
7.77 16.04 2.08 -132.22 1166.03 -843.79 0 0 0 -9.5 -28.16 -35.69 4.57 12.89 38.95 -3.59 -31.57 7.92 1.47 -7.66 -21.69 0 0 0 22.27 1.19 1.41 -0.27 -3.37 9.3 -1.34 8.67 -20.71 -0.89 6.01 -16.83 9.92 8.1 6.56 -2.71 11.71 -4.32 -9.44 5.33 -5.72 -2.01 10.46 1.15 10.79 13.78 7.64 3.84 7.18 1.28 -0 0 0 -88.8 20.12 25.93 70.94 -58.58 -43.57 -0 -0 17.82 22.24 23.3 9.19 -7.12 0 -0 -7.37 54.78 -1.78 -0 0 0 94 -16.53 42.27 -117.55 56.93 -83.61 0 -0 -9.48 23.89 42.63 16.7 7.12 -0 -0 28.82 10.74 38.38
6.85 16.12 2.46 -161.12 1159.54 -871.03 0 0 0 -12.36 -22.74 -37.86 5.07 13.46 41.13 -0.16 -12.95 -6.84 2.32 -9.5 -27.37 0 0 0 24.69 -3.55 -9.28 -0.59 -4.9 13.62 -1.15 9.49 -19.34 -0.72 5.44 -15.17 8.94 8.38 7.29 -1.7 12.18 -4.87 -8.1 5.51 -7.04 -1.98 9.5 1.12 10.88 12.52 7.47 3.89 6.56 1.31 0 0 0 -90.48 23.52 22.26 73.93 -59 -46.13 -0 -0 18.06 21.76 26.03 9.94 -7.12 0 -0 -9.04 57.49 -2.78 0 0 0 91.07 -11.83 44.38 -115.26 57.45 -81.69 0 -0 -8.99 24.54 43.02 17.3 7.12 -0 -0 29.06 11.17 38.96
6.13 15.98 2.75 -163.64 1149.52 -873.63 0 0 0 -12.32 -18.97 -38.6 8.4 16.4 53.98 0.94 -0.01 -18.31 2.08 -9.03 -25.9 0 0 0 29.01 -1.75 -15.24 -1.33 -7.3 20.6 -1.71 1.68 -24.28 -0.26 3.27 -9.02 10.02 7.31 6.37 0.54 10.9 -4.28 -6.06 4.96 -6.38 -2.55 8.33 0.97 11.03 11.03 5.89 4.01 5.75 0.89 0 0 0 -93.33 23.98 21.09 76.81 -59.33 -48.6 -0 -0 17.44 21.14 23.27 8.68 -7.12 0 -0 -8.5 54.53 -2 0 0 0 89.13 -5.76 45.63 -113.93 57.72 -80.56 0 -0 -8.43 21.77 44.33 15.59 7.12 -0 -0 27.84 12.13 37.2
5.65 15.92 2.99 -172.68 1138.77 -884.6 0 0 0 -13.82 -17.09 -32.35 11.08 17.97 63.03 0.95 6.3 -21.71 1.09 -6.63 -18.63 0 0 0 28.24 -3.91 -17.71 -1.87 -8.6 24.55 -1.84 -5.8 -28.22 -0.1 2.04 -5.63 7.09 5.12 8.2 1.43 7.93 -4.16 -3.58 3.55 -8.28 -3.63 6.56 1.17 12.39 8.72 5.15 4.71 4.6 0.67 0 -0 0 -90.5 23.04 28.74 79.53 -59.58 -50.95 -0 -0 17.58 17.91 21.98 6.9 -7.12 0 -0 -11.26 52.62 -2.13 0 -0 0 90.56 0.11 45.89 -104.32 59.21 -72.37 0 -0 -6.68 15.34 47.18 11.38 7.12 -0 -0 25.07 14.49 33.41
5.32 16.03 3.09 -175.75 1128.95 -886.41 0 0 0 -10.95 -12.97 -28.1 10.71 17.79 61.82 0.61 6.9 -18.82 0.62 -5.06 -14.07 0 0 0 27.88 -4.21 -20.76 -1.98 -8.82 25.23 -1.18 -13.5 -29.38 -0.01 0.49 -1.34 5.53 3.48 6.57 1.72 5.52 -4.71 -2.01 2.49 -8.33 -5.03 4.64 1.15 13.74 6.2 4.02 4.91 3.31 0.38 0 0 0 -87.69 18.69 37.3 83.07 -59.82 -54 -0 -0 17.02 18.44 21.32 6.91 -7.12 0 -0 -10.48 52.04 -1.83 0 0 0 92.08 5.1 45.32 -81.88 59.75 -52.97 0 -0 -4.49 10.56 49.72 8.09 7.12 -0 -0 23.12 16.9 30.99
4.92 16.17 2.95 -192.55 1126.39 -898 0 0 0 -22.88 -9.27 -16.65 5.66 14.09 43.61 0.2 2.62 -9.8 2.4 -9.64 -27.83 0 0 0 13.16 -2.42 -31.5 -4.79 -13.14 39.91 -0.14 -19.66 -28.86 -0 0.18 -0.49 -3.71 4.01 7.37 -2.12 4.91 -4.98 -0.96 2.59 -9.57 -6.96 2.48 0.64 13.8 3.38 2.22 5.28 1.83 0.17 0 0 0 -86.65 13.44 43.84 92.9 -59.97 -62.51 -0 -0 14.21 18.99 21.27 7.12 -7.12 0 -0 -9.91 52.09 -1.74 0 0 0 90.44 7.06 42.34 -54.55 54.67 -29.85 0 -0 -2.33 7.97 51.57 6.26 7.12 -0 -0 22.14 18.73 29.91
4.45 15.88 2.66 -206.09 1124.53 -908.2 0 0 0 -34.32 -3.05 -9.84 2.75 10.28 29.88 0.45 -5.52 -11.98 2.83 -10.42 -30.33 0 0 0 1.28 -9.16 -52.71 -10.98 -17.92 62.71 1.22 -22.8 -22.08 -0.79 -5.68 15.86 -8.68 5.12 10.24 -5.95 5.43 -4.64 -2.75 3.11 -11.06 -9.91 0.46 0.67 14.14 0.73 0.25 5.91 0.42 -0.13 -0 -0 0 -87.01 9.4 48.76 105.22 -59.11 -73.14 -0 -0 11.64 19.63 20.98 7.28 -7.12 0 -0 -9.17 51.9 -1.57 -0 -0 0 85.09 5.23 35.84 -36.35 45.76 -15.78 0 -0 -2.39 10.81 49.56 8.27 7.12 -0 -0 23.21 16.75 31.1
4.47 15.64 2.23 -210.16 1121.58 -911.93 0 0 0 -37.81 9.25 -7.98 1.95 8.76 25.04 -0.19 -17.14 -10.14 2.57 -9.97 -28.88 0 0 0 0.72 -15.88 -62.69 -11.46 -18.15 64.27 -0.29 -14.61 -23.57 -0.12 2.22 -6.11 -9.54 5.76 10.2 -7.48 6.31 -3.73 -4.04 3.59 -9.96 -12.37 -1.62 0.99 14.28 -2.17 -0.14 6.37 -1.07 0.09 -0 -0 0 -86.83 9.82 52.55 115.4 -57.42 -81.81 -0 -0 10.32 23.38 20.39 8.56 -7.12 0 -0 -5.24 51.95 -0.9 -0 -0 0 81.82 -4.76 22.49 -29.67 40.61 -11.19 0 0 2.97 8.53 49.35 6.49 7.12 -0 -0 22.26 16.62 29.61
4.98 15.62 1.73 -208.18 1123.24 -910.21 0 0 0 -37.07 3.5 -3.34 1.87 8.59 24.51 0.56 -8.23 -13.62 3.25 -11.1 -32.6 0 0 0 10.77 -17.77 -64.07 -8.45 -16.44 54.16 -0.77 -17.85 -30.99 -0.02 -0.88 2.43 -8.79 6.01 6.34 -6.76 7.24 -4.29 -3.37 4.01 -8.32 -12.64 -1.97 0.89 13.27 -2.8 1.81 6.08 -1.38 0.75 -0 -0 0 -86.4 15.4 52.67 120.3 -56.23 -85.91 -0 -0 9.71 18.9 17.64 5.92 -7.12 0 -0 -8.82 48.35 -0.74 -0 -0 0 82.95 -19.38 12 -29.91 40.82 -11.35 0 0 2.59 7.79 49.5 5.94 7.12 -0 -0 21.96 16.79 29.19
5.93 15.72 1.3 -205.26 1127.63 -909.42 0 0 0 -32.94 3.18 -6.06 3.79 11.87 35.28 0.13 -2.3 -6.35 3.78 -11.86 -35.24 0 0 0 13.57 -11.31 -51.08 -6.58 -14.97 47.28 -2.55 -16.29 -39.37 -0.54 -4.7 13.05 -7.63 4.94 4.06 -6.43 6.09 -5.85 -3.34 3.44 -8.58 -11.45 -1.37 0.84 13.57 -2.14 4.92 5.99 -0.98 1.56 0 -0 0 -86.91 21.67 51.14 121.04 -56.03 -86.52 -0 -0 10.57 11.6 21 4.21 -7.12 0 -0 -16.98 50.6 -2.4 0 -0 0 90.17 -31.76 4.29 -31.77 42.37 -12.59 0 -0 -0.84 7.79 48.81 5.88 7.12 -0 -0 21.93 16.15 28.99
6.91 15.78 0.98 -196.4 1138.64 -905.35 0 0 0 -22.75 4.81 -18.57 9.89 17.35 59.13 0.57 4.36 13.39 2 -8.86 -25.36 0 0 0 21.63 -0.79 -36.1 -4.69 -13.02 39.45 -2.42 -19.07 -40.99 -0.56 -4.81 13.38 -1.07 2.2 5.11 -5.36 2.75 -7.21 -5.59 1.32 -10.36 -11.54 -2.21 -2.22 16.31 -3.31 7.01 6.85 -1.32 2.88 0 -0 0 -89.84 24.36 50.1 118.13 -56.79 -84.1 -0 -0 10.6 13.41 17.71 4.15 -7.12 0 -0 -14 47.65 -0.93 0 -0 0 95.28 -37.34 0.89 -35.49 45.16 -15.16 0 -0 -4.64 11.44 46.67 8.37 7.12 -0 -0 23.42 14.02 30.7
7.83 15.74 0.67 -187.55 1155.78 -898.39 0 0 0 -15.7 1.35 -28.5 14.5 19.26 73.74 0.26 2.83 9.08 1.47 -7.65 -21.67 0 0 0 29.38 5.11 -24.66 -3.46 -11.41 33.68 -2.75 -12.74 -37.82 -0.45 -4.31 11.95 1.57 -1.39 5.64 -3.76 -1.84 -7.86 -4.7 -1.13 -11.84 -12.42 -8.34 0.58 21.03 -11.5 1.06 8.16 -5.58 2.23 -0 -0 0 -89.15 24.3 52.46 114.66 -57.57 -81.18 -0 -0 10.43 15.16 20.86 5.51 -7.12 0 -0 -13.51 51.03 -2.04 -0 -0 0 92.25 -35.91 4.76 -42.33 49.39 -20.19 0 -0 -10.25 13.1 46.49 9.58 7.12 -0 -0 24.13 13.83 31.74
8.74 15.76 0.28 -184.4 1179.75 -894.44 0 0 0 -12.56 -9.06 -31.95 14.57 19.28 73.95 -0.13 7.98 -7.93 0.95 -6.22 -17.42 0 0 0 29.53 6.95 -18.79 -3.02 -10.74 31.39 -2.48 2.04 -29.29 -0.01 -0.69 1.89 -0.59 -3.93 4.41 -2.6 -5.45 -8.39 -1.7 -2.64 -11.7 -15.1 -17.03 10.19 28.4 -23.91 -5.36 10.44 -12.64 2.28 0 0 0 -89.87 30.24 45.62 116.98 -57.06 -83.14 -0 -0 12.27 15.13 23.65 6.19 -7.12 0 -0 -14.75 53.77 -3.24 0 0 0 89.72 -26.42 8.91 -52.99 54.13 -28.58 0 -0 -11.76 10.33 47.17 7.61 7.12 -0 -0 22.96 14.51 30.12
9.68 15.82 -0.19 -184.77 1210.07 -894.24 0 0 0 -5.22 -13.25 -29.08 11.84 18.32 65.48 0.32 10.51 -19.1 0.29 -3.44 -9.51 0 0 0 26.51 12.31 -14.44 -2.97 -10.65 31.1 -0.94 17.27 -19.77 -0.05 1.37 -3.77 -2.62 -4.81 3.54 -0.44 -6.69 -8.75 1.83 -2.99 -11.09 -16.2 -22.71 16.89 27.83 -32.89 -5.41 9.59 -17.55 3.24 -0 -0 0 -92.19 38.05 34.24 117.55 -56.93 -83.62 -0 -0 17.21 12.09 24.76 5.13 -7.12 0 -0 -18.34 54.28 -4.29 -0 -0 0 88.72 -15.14 17.59 -69.29 58.32 -42.17 0 -0 -15.08 8.83 46.25 6.4 7.12 -0 -0 22.29 13.69 28.9
10.8 15.91 -0.68 -180.96 1241.24 -893.11 0 0 0 -5.35 -20.08 -14.09 7.24 15.53 49.79 0.69 -0.72 -15.51 0.11 -2.11 -5.82 0 0 0 17.87 19.31 -14.23 -3.41 -11.34 33.42 1.43 28.54 -10.77 -0 0.4 -1.09 -5.94 -4.31 3.02 -0.06 -6.3 -8.57 3.94 -2.58 -10.21 -15.67 -23.57 18.64 23.35 -34.43 -3.29 8.3 -18.22 2.97 0 -0 0 -89.26 46.21 30.38 118.06 -56.81 -84.04 -0 -0 19.4 10.52 22.92 4.14 -7.12 0 -0 -18.91 52.25 -3.48 0 -0 0 91.59 -5.81 23.9 -80.49 59.66 -51.77 0 -0 -12.82 8.42 46.99 6.17 7.12 -0 -0 22.13 14.4 28.85
12.1 16.03 -1.24 -179.01 1267.66 -894.54 0 0 0 -13.73 -31.27 2.01 4.38 12.65 38.05 -0.41 -15.51 -5.79 2.02 -8.91 -25.51 0 0 0 8.74 29.96 -18.14 -3.79 -11.87 35.29 3.15 31.53 0.32 -0.02 0.87 -2.38 -6.41 -3.55 3.5 0.23 -5.34 -7.75 4.42 -2.12 -9.62 -15.44 -21.43 17.22 20.67 -31.64 -0.83 7.76 -16.64 2.87 -0 -0 0 -82.59 50.09 33.45 119.57 -56.42 -85.3 -0 -0 17.13 10.15 24.4 4.23 -7.12 0 -0 -20.05 53.59 -4.37 -0 -0 0 93.4 -2.34 28.6 -89.98 60 -59.99 0 -0 -12.18 6.99 47.95 5.21 7.12 -0 -0 21.55 15.36 28.23
13.49 15.91 -1.82 -176.85 1290.35 -896.26 0 0 0 -20.07 -15.55 1.06 3.55 11.54 34.13 0.17 -16.22 -13.05 3.04 -10.75 -31.45 0 0 0 5.22 26.4 -31.72 -5.91 -14.34 44.62 -0.18 9.2 -9.36 -2.89 10.52 -30.67 -7.19 -2.52 5.16 0.29 -4.16 -7 4.89 -1.49 -9.88 -15.64 -18.8 15.54 18.23 -28.19 1.9 7.28 -14.76 2.96 -0 -0 0 -77.68 47.8 32.69 120.47 -56.18 -86.05 -0 -0 16.59 9.19 24.17 3.79 -7.12 0 -0 -20.84 53.2 -4.35 -0 -0 0 92.72 -2.91 32.18 -97.37 59.79 -66.38 0 -0 -11.58 7.66 48.87 5.79 7.12 -0 -0 21.88 16.21 28.93
14.7 15.88 -2.2 -170.47 1306.27 -901.34 0 0 0 -27.53 2.31 -1.91 2.13 9.14 26.24 0.95 -14.98 -18.98 2.68 -10.17 -29.52 0 0 0 4.84 18.94 -35.77 -8.08 -16.18 52.86 -0.71 2.48 -15.28 -1.35 7.36 -20.78 -8.73 -1.75 5.4 -1.32 -3.41 -6.25 3.92 -1.14 -9.33 -15.85 -16.29 15.26 16.1 -24.61 1.92 7.1 -12.93 2.14 0 0 0 -70.52 38.96 31.3 120.39 -56.2 -85.99 -0 -0 18.65 9.74 25.35 4.2 -7.12 0 -0 -20.98 54.4 -5.01 0 0 0 92.69 -6.99 31.49 -102.65 59.39 -70.93 0 -0 -8.88 17.9 45.37 12.94 7.12 -0 -0 26.18 12.87 34.7
15.73 15.7 -2.48 -163.92 1315.4 -907.89 0 0 0 -33.5 6.9 -7.07 2.27 9.41 27.07 1.48 -13.76 -22.45 1.78 -8.4 -23.94 0 0 0 4.65 13 -33.55 -10.45 -17.65 60.97 -0.78 -1.99 -17.56 -1.29 7.21 -20.33 -8.2 -1.46 5.95 -3.17 -3.17 -5.64 1.64 -1.17 -9.13 -14.13 -14.96 14.56 14.2 -22.3 1.55 6.52 -11.68 1.35 -0 -0 0 -69.06 22.75 24.56 117.04 -57.05 -83.18 -0 -0 24.05 8.72 23.47 3.49 -7.12 0 -0 -20.92 52.46 -3.98 -0 -0 0 93.26 -13.91 27.53 -106.8 58.91 -74.5 0 -0 -3.67 14.13 46.75 10.39 7.12 -0 -0 24.57 14.08 32.5
16.55 15.5 -2.76 -159.79 1324.75 -913.01 0 0 0 -35.07 8.74 -13.87 3.36 11.26 33.15 2.36 -12.43 -27.74 1.35 -7.35 -20.77 0 0 0 6.05 4.37 -28.41 -11.56 -18.2 64.59 -0.79 -6.57 -20.4 -0.69 5.33 -14.84 -6 -1.22 5.84 -3.74 -2.61 -4.88 -0.26 -1.09 -8.37 -13.57 -12.49 12.45 14.45 -18.58 0.97 6.6 -9.76 0.93 -0 -0 0 -73.2 11.29 16.87 121.99 -55.75 -87.31 -0 -0 19.84 14.86 23.95 6.14 -7.12 0 -0 -15.17 54.01 -3.42 -0 -0 0 93.74 -18.42 27.76 -115.01 57.5 -81.48 0 -0 -21.09 19.63 42.28 13.49 7.12 -0 -0 27.05 10.09 35.15
17.17 15.65 -3.03 -153.87 1337.11 -919.17 0 0 0 -34.19 7.7 -18.25 3.56 11.54 34.14 2.8 -3.35 -30.89 0.73 -5.44 -15.18 0 0 0 7.52 0.32 -20.67 -9.49 -17.11 57.76 -0.5 -9.75 -20.27 -0.01 0.77 -2.11 -3.39 -0.96 4.63 -3.07 -1.86 -4.55 -1.11 -0.86 -7.37 -11.9 -8.96 8.28 12.31 -13.28 2.83 5.63 -6.92 1.12 0 -0 0 -78.02 4.95 12.65 126.8 -54.21 -91.25 -0 -0 15.89 22.24 24.69 9.69 -7.12 0 -0 -7.93 56.22 -2.19 0 -0 0 93.49 -19.19 29.55 -122.97 55.46 -88.12 0 -0 -27.93 19.25 35.6 11.49 7.12 -0 -0 27.33 3.88 33.02
17.7 15.9 -3.36 -47.39 1346.59 -1024.1 0 0 0 -31.9 4.47 -21.69 3.26 11.11 32.65 2.67 9.59 -35.39 0.16 -2.55 -7.04 0 0 0 7.88 3.69 -14.4 -5.78 -14.21 44.08 0.08 -10.64 -13.89 -0.05 1.47 -4.05 -1.84 -0.23 2.53 -2.5 -0.67 -4.96 -1.51 -0.35 -6.6 -8.6 -4.99 4.47 9.75 -7.48 5.12 4.29 -3.87 1.47 -0 0 0 -81.41 4.15 12.24 129.95 -53.01 -93.79 -0 -0 15.79 26.3 23.73 11.25 -7.12 0 -0 -3.23 56.07 -0.88 -0 0 0 87.95 -15.34 38.3 -124.85 54.87 -89.66 0 -0 -20.61 17.09 34.69 9.93 7.12 -0 -0 26.4 2.92 31.15
18.17 16.19 -3.82 12.92 1334.35 -1083.84 0 0 0 -24.56 8.07 -25.22 3.37 11.28 33.22 2.95 14.6 -40.06 0 0.15 0.4 0 0 0 12.13 5.88 -9.7 -2.54 -9.9 28.66 -0.34 2.38 -10.42 -3.39 11.3 -33.31 1.26 0.52 2.79 -1.6 0.56 -5.45 -2.42 0.11 -7.22 -5.14 -1.15 1.83 8.65 -2.25 7.51 3.74 -1.17 2.28 -0 -0 0 -82.8 7.07 12.98 131.6 -52.33 -95.1 -0 -0 15.26 24.28 24.12 10.45 -7.12 0 -0 -5.53 56.05 -1.5 -0 -0 0 82.28 -9.58 48.42 -123.7 55.24 -88.72 0 -0 -14.64 14.62 40.41 9.6 7.12 -0 -0 24.92 8.15 31.09
18.66 16.28 -4.26 15.67 1325.17 -1085.61 0 0 0 -19.68 11.88 -30.12 4.08 12.27 36.7 2.98 16.89 -41.82 0.01 0.63 1.72 0 0 0 16.01 -3.56 -14.82 -1.86 -8.56 24.44 0.55 15.31 -2.95 -2.89 10.52 -30.66 2.39 0.85 2.82 -1.69 1.08 -5.33 -3.2 0.3 -7.06 -3.5 1.76 -1.2 9.73 1.55 8.35 3.92 0.87 2.83 0 0 0 -83.49 9.27 13.64 131.5 -52.37 -95.02 -0 -0 16.24 22.61 23.74 9.51 -7.12 0 -0 -7.16 55.31 -1.82 0 0 0 78.69 -6.03 54 -128.34 53.65 -92.49 0 -0 -19.01 18.04 43.34 12.6 7.12 -0 -0 26.31 10.99 34.28
19.07 16.22 -4.63 15.32 1321.21 -1085.44 0 0 0 -16.84 13.45 -33.22 4.98 13.36 40.75 2.72 18.51 -41.9 0.01 -0.62 -1.7 0 0 0 18.66 -2.62 -15.07 -1.83 -8.5 24.25 0.5 16.42 -5.52 -2.39 9.64 -27.83 1.44 1.05 3.96 -1.76 1.29 -5.51 -2.79 0.44 -7.93 -3.38 3.31 -1.84 11.09 3.5 8.69 3.99 1.92 2.59 0 0 0 -84.44 12.79 14.5 131.94 -52.18 -95.37 -0 -0 16.1 21.85 24.06 9.28 -7.12 0 -0 -8.08 55.48 -2.09 0 0 0 76.91 -4.15 53.65 -132.54 51.92 -95.84 0 -0 -19.24 20.42 45.12 14.78 7.12 -0 -0 27.24 12.77 36.41
19.24 16.06 -4.83 20.02 1323.48 -1090.04 0 0 0 -13.94 14.29 -36.3 6.06 14.49 45.23 2.99 14.91 -40.45 0.03 -1.05 -2.89 0 0 0 21.41 -3.11 -13.7 -1.69 -8.18 23.27 0.18 16.45 -9.66 -2.64 10.09 -29.28 2.8 1.5 3.76 -1.15 2.05 -5.24 -2.97 0.78 -7.45 -4.8 2.42 -2.76 11.64 2.34 9.02 4.4 1.36 2.9 0 0 0 -86.6 14.33 16.96 130.36 -52.85 -94.11 -0 -0 17.47 22.12 23.2 9.09 -7.12 0 -0 -7.47 54.65 -1.78 0 0 0 76.19 -4.98 51.57 -136.84 49.83 -99.18 0 -0 -16.96 24.17 45.76 17.83 7.12 -0 -0 28.74 13.64 39.27
19.2 15.93 -4.85 28.82 1332.22 -1099.51 0 0 0 -13.98 12.29 -37.47 6.61 14.99 47.37 3.04 9.73 -37.39 0.17 -2.68 -7.39 0 0 0 21.9 -5.68 -12.08 -1.72 -8.27 23.53 -0.48 13.52 -14.59 -2.91 10.55 -30.78 3.54 1.71 4.19 -0.47 2.47 -5.07 -2.74 0.97 -7.5 -7.49 -0.32 -2.24 12.1 -1.16 8.17 4.88 -0.45 2.87 -0 0 0 -88.67 17.41 20.95 129.65 -53.13 -93.55 -0 -0 17.75 22.78 22.74 9.22 -7.12 0 -0 -6.61 54.3 -1.52 -0 0 0 78.15 -9.09 48.04 -138.6 48.88 -100.51 0 -0 -14.35 21.65 46.79 16.14 7.12 -0 -0 27.67 14.39 37.67
18.95 15.92 -4.66 79.9 1345.17 -1152.42 0 0 0 -18.21 5.32 -32.35 5.76 14.19 44 2.88 4.9 -34.04 0.31 -3.59 -9.93 0 0 0 19.76 -5.5 -9.1 -2.31 -9.48 27.32 -1.08 -1.38 -20.16 -3.46 11.41 -33.66 2.98 1.17 4.58 -0.8 1.71 -4.64 -2.69 0.64 -7.32 -10.09 -4.77 1.08 11.66 -7.12 6.27 5.01 -3.59 2.44 0 -0 0 -88.92 20.64 25.95 127.07 -54.11 -91.47 -0 -0 18.1 22.7 22.82 9.22 -7.12 0 -0 -6.72 54.38 -1.55 0 -0 0 82.68 -9.3 44.03 -138.7 48.82 -100.59 0 -0 -11 21.82 46.32 16.15 7.12 -0 -0 27.76 13.97 37.68
18.72 15.89 -4.38 178.77 1335 -1253.21 0 0 0 -23.79 -1.07 -25.43 4.72 13.06 39.58 2.54 1 -30.54 0.66 -5.19 -14.45 0 0 0 17.4 -2.83 -15.92 -6.62 -15 47.42 0.9 -18.63 -16.19 -0.48 4.42 -12.27 1.22 0.83 6.22 -1.53 1.09 -4.21 -2.44 0.41 -7.87 -12.99 -9.95 4.94 12.49 -14.52 5.13 5.52 -7.43 2.58 0 0 0 -88.47 21.4 30.93 125.7 -54.59 -90.35 -0 -0 17.07 20.62 23.45 8.52 -7.12 0 -0 -9.11 54.61 -2.16 0 0 0 88.2 -2.55 43.72 -133.16 51.64 -96.33 0 -0 -7.08 17.5 45.45 12.67 7.12 -0 -0 26.01 12.94 34.45
18.43 15.61 -4.21 192.8 1318.9 -1268.44 0 0 0 -32.06 -3.84 -19.35 4.29 12.54 37.68 2.29 -4.27 -27.65 0.91 -6.07 -17 0 0 0 8.61 -9.21 -30.34 -12.81 -18.71 68.52 0.48 -13.25 -10.51 -0.05 1.4 -3.86 -4.54 0.9 9.04 -3.1 0.33 -3.45 -0.79 0.3 -8.78 -15.05 -14.61 9.42 14.24 -21.41 2.88 6.17 -11.04 2.51 -0 0 0 -89 19.42 35.9 124.71 -54.92 -89.55 -0 -0 13.95 21.15 24.71 9.18 -7.12 0 -0 -9.09 56 -2.47 -0 0 0 92.25 12.63 44.54 -116.4 57.2 -82.65 0 -0 -1.72 12.5 45.37 8.97 7.12 -0 -0 23.88 12.79 31.04
18 15.62 -4.03 189.83 1305.06 -1266.32 0 0 0 -32.64 -6.36 -13.76 3.83 11.93 35.49 1.94 -9.45 -24.98 1.24 -7.07 -19.91 0 0 0 7.77 -9.62 -38.67 -13.12 -18.82 69.49 0.05 -9.31 -12.31 -0.07 1.66 -4.57 -3.94 1.47 10.92 -3.36 1.06 -2.89 -1.57 0.61 -9.26 -15.34 -19 12.83 15.98 -27.7 1.12 6.43 -14.33 2.67 0 0 0 -90.41 15.06 47.17 120.85 -56.08 -86.37 -0 -0 9.96 20.06 26.32 9.19 -7.12 0 -0 -11.01 57.41 -3.37 0 0 0 91.8 29.3 36.85 -88.03 59.99 -58.29 0 0 0.96 2.92 46.42 2.11 7.12 -0 -0 19.69 14.17 25.23
17.4 15.77 -3.8 189.38 1294.01 -1264.18 0 0 0 -32.13 -5.52 -10.54 2.99 10.68 31.2 1.05 -16.94 -20.38 1.74 -8.3 -23.63 0 0 0 6.19 -8.31 -41.86 -8.97 -16.79 55.97 -0.06 -14.82 -21.67 -0.04 1.32 -3.64 -4.92 1.13 10.35 -3.82 0.46 -3.08 -1.39 0.36 -9.15 -16.4 -20.84 14.39 18.42 -30.61 0.38 6.97 -15.9 3.22 0 -0 0 -92.29 11.73 59.85 114.6 -57.58 -81.13 -0 -0 3.16 11.68 28.18 5.58 -7.12 0 -0 -20.83 57.42 -6.53 0 -0 0 88.73 43.83 24.27 -61.15 56.61 -35.3 0 0 8.13 -6.16 42.86 -4.2 7.12 -0 -0 15.18 11.74 18.55
16.69 15.94 -3.5 190.72 1286.15 -1262.74 0 0 0 -31.68 -4.09 -7 2.04 8.96 25.67 -0.31 -23.59 -14.39 1.51 -7.76 -21.99 0 0 0 4.31 -9.49 -41.66 -4.45 -12.73 38.38 0.86 -26.48 -32.14 -0.36 -3.83 10.6 -7.56 0.49 9.25 -4.59 -0.75 -3.53 -0.53 -0.1 -8.99 -16.59 -21.84 15.01 19.19 -32.1 0.13 7.03 -16.69 3.48 0 -0 0 -93.27 10.68 70.02 110.71 -58.31 -77.84 -0 -0 3.61 4.64 26.22 2.05 -7.12 0 -0 -26.46 54.25 -6.35 0 -0 0 85.14 54.76 8.34 -51.45 53.56 -27.34 0 0 10.92 -2.33 37.35 -1.42 7.12 -0 -0 16.68 6.02 19.13
15.86 15.92 -3.15 192.59 1282.54 -1262.69 0 0 0 -31.48 -4.02 -3.31 1.65 8.09 22.98 -0.57 -24.33 -13.01 2.01 -8.89 -25.45 0 0 0 6.06 -13.79 -44.77 -3.35 -11.24 33.08 2.3 -34.01 -37.37 -4.91 -13.29 40.45 -10.4 0.18 8.26 -5.84 -1.51 -3.63 -0.18 -0.37 -8.49 -16.79 -21.85 15.32 19.68 -32.3 0.41 7.16 -16.82 3.67 -0 -0 0 -91.95 10 74.99 110.63 -58.33 -77.77 -0 -0 2.61 -1.1 25.8 -0.48 -7.12 0 -0 -31.54 52.85 -6.62 -0 -0 0 72.83 58.98 -6.23 -46.98 51.7 -23.78 0 0 11.06 -5.24 34.39 -2.97 7.12 -0 -0 15.01 3.49 16.46
14.95 15.87 -2.75 193.91 1285.16 -1264.05 0 0 0 -30.47 -1.41 0.01 1.6 7.97 22.64 -0.05 -21.18 -14.54 3.22 -11.04 -32.41 0 0 0 9.65 -12.95 -44.13 -3.58 -11.59 34.28 -1.06 -31.78 -48.17 -5 -13.38 40.82 -11.91 0.02 7.21 -6.82 -1.86 -3.93 -0.37 -0.51 -8.21 -17.24 -20.9 14.99 18.61 -31.19 1.78 6.98 -16.23 3.82 -0 -0 0 -90.65 10.75 72.32 111.9 -58.11 -78.85 -0 -0 2.34 1.37 26.41 0.61 -7.12 0 -0 -29.67 53.81 -6.9 -0 -0 0 67.59 59.08 -10.48 -49.04 52.6 -25.41 0 0 8.61 -6.34 31.84 -3.35 7.12 -0 -0 14.29 1.15 15.05
13.94 15.85 -2.33 194.5 1293.23 -1265.22 0 0 0 -28.27 1.5 0.77 2.19 9.25 26.59 0.34 -16.03 -14.52 4.96 -13.34 -40.64 0 0 0 13.59 -8.77 -39.76 -3.5 -11.46 33.86 -2.34 -27.33 -48.05 -3.79 -11.88 35.31 -12.06 -0.3 4.67 -7.04 -2.08 -5.15 -0.54 -0.62 -8.07 -17.9 -18.94 13.48 16.57 -28.65 4.41 6.59 -14.87 4.16 0 0 0 -90.56 13.65 66.94 113.76 -57.76 -80.42 -0 -0 3.19 6.98 26.53 3.13 -7.12 0 -0 -24.4 54.96 -6.25 0 0 0 70.31 57.1 -5.63 -54.71 54.73 -29.98 0 0 7.85 -5.49 29.88 -2.74 7.12 -0 -0 14.7 -0.83 14.99
12.9 15.92 -2.03 194.4 1305.64 -1265.05 0 0 0 -23.88 3.91 -6.52 4.9 13.27 40.38 -0.34 -12.73 -3.28 6.25 -14.67 -45.98 0 0 0 20.07 -4.32 -36.06 -3.17 -10.96 32.16 -2.05 -22.94 -42.78 -3.32 -11.19 32.93 -11.08 -0.81 1.77 -6.53 -2.47 -7.12 -0.56 -0.83 -8.51 -18.47 -16.72 11.44 16.3 -25.71 6.38 6.7 -13.36 4.6 0 -0 0 -90.64 15.19 64.92 115.54 -57.39 -81.93 -0 -0 2.79 12.32 25.95 5.46 -7.12 0 -0 -18.78 55.45 -4.95 0 -0 0 75.16 55.99 -0.78 -61.28 56.64 -35.41 0 0 7.38 -6.08 29.33 -2.99 7.12 -0 -0 14.34 -1.3 14.48
12.03 15.77 -1.89 193.38 1321.02 -1265.16 0 0 0 -17.61 3.16 -18.52 10.85 17.86 62.29 -0.14 -11.14 13.61 5.3 -13.72 -42.11 0 0 0 26.78 1.63 -29.48 -2.87 -10.48 30.54 -2.24 -17.12 -38.52 -2.05 -8.98 25.73 -9.52 -2.09 1.85 -5.3 -4.21 -8.17 0.06 -1.7 -9.58 -16.84 -17.07 11.73 17.13 -25.86 3.65 6.88 -13.46 3.65 -0 0 0 -90.38 15.71 65.55 117.63 -56.91 -83.68 -0 -0 2.92 17.11 23.29 6.94 -7.12 0 -0 -12.61 53.78 -2.76 -0 0 0 78 57.84 3.49 -69.97 58.43 -42.75 0 0 5.6 -6.46 32.85 -3.51 7.12 -0 -0 14.27 2.15 15.27
11.37 15.55 -1.71 177.49 1341.61 -1249.39 0 0 0 -10.18 -4.92 -29.17 15.75 19.56 77.48 0.16 -2.25 8.73 3.45 -11.38 -33.58 0 0 0 35.9 3.78 -23.94 -2.61 -10.03 29.08 -2.26 -4.9 -30.49 -1.11 -6.69 18.8 -5.97 -3.72 2.82 -2.36 -6.04 -8.59 1.5 -2.69 -10.43 -15.32 -20.42 16.01 20.73 -30.24 -3.43 7.98 -16.02 2 -0 0 0 -90.81 16.05 66.58 119.81 -56.36 -85.5 -0 -0 2.02 18.8 22.27 7.35 -7.12 0 -0 -10.49 53.07 -2.1 -0 0 0 79.42 62.05 10.25 -82.35 59.78 -53.38 0 -0 -0.14 -7.8 35.1 -4.5 7.12 -0 -0 13.68 4.49 15.13
10.68 15.47 -1.42 188.89 1369.84 -1259.05 0 0 0 -7 -13.59 -35.58 16.79 19.75 80.57 -0.24 8.9 -5.57 0.58 -4.86 -13.51 0 0 0 36.55 5.92 -18.76 -2.78 -10.33 30.04 -1.15 16.11 -20.83 -0.9 -6.05 16.92 -7.66 -4.12 2.51 -0.68 -6.66 -8.88 4.26 -2.82 -10.17 -14.51 -21.37 17.59 23.14 -32.38 -3.52 8.44 -17.4 2.42 0 0 0 -90.6 17.77 66.87 120.37 -56.21 -85.96 -0 -0 1.7 18.16 22.79 7.24 -7.12 0 -0 -11.34 53.48 -2.39 0 0 0 79.44 66.26 15.99 -93.64 59.95 -63.15 0 -0 -7.75 -10.01 38.73 -6.3 7.12 -0 -0 12.83 8.32 14.91
9.71 15.67 -1.04 188.27 1401.81 -1256.71 0 0 0 -0.38 -22.37 -35.87 14.89 19.36 74.9 0.31 0.52 -10.73 0.56 -4.79 -13.31 0 0 0 34.01 10.6 -11.31 -2.43 -9.72 28.06 3.32 33.93 -3.66 -1.77 -8.37 23.86 -5.27 -3.23 2 0.56 -5.26 -8.9 4.12 -2.33 -10.11 -12.83 -17.41 13.64 21.86 -27.72 1.44 7.89 -14.94 3.15 -0 0 0 -90.09 18.95 67.62 120.88 -56.07 -86.39 -0 -0 3.06 15.11 23.68 6.19 -7.12 0 -0 -14.79 53.8 -3.26 -0 0 0 68.93 71.51 8.47 -97.33 59.8 -66.34 0 -0 -12.11 -13.67 38.13 -8.54 7.12 -0 -0 10.87 8.34 12.54
8.41 16.02 -0.8 186.43 1433.87 -1254.05 0 0 0 3.44 -36.14 -28.01 10.48 17.67 61.07 -0.18 -14.15 -7.58 0.93 -6.13 -17.17 0 0 0 26.52 14.78 -9.93 -2.5 -9.83 28.44 5.78 38.17 15.64 -1.58 -7.94 22.54 -3.91 -1.92 2.59 0.78 -3.52 -8.65 3.47 -1.62 -10.4 -9.6 -11.63 8.79 19.36 -19.86 5.77 6.98 -10.82 3.17 -0 0 0 -90.19 18.79 69.24 122.12 -55.72 -87.42 -0 -0 3.19 15.86 24.24 6.65 -7.12 0 -0 -14.31 54.49 -3.39 -0 0 0 50.41 73.34 -8.77 -96.17 59.86 -65.34 0 -0 -14.22 -9.98 29.18 -4.9 7.12 -0 -0 12.09 -1 12.16
6.96 16.49 -0.87 183.76 1468.48 -1254.03 0 0 0 -5.33 -43.92 -12.76 6.82 15.18 48.18 -0.88 -16.5 8.98 0.66 -5.21 -14.51 0 0 0 17.2 21.43 -10.96 -2.52 -9.87 28.56 4.39 34.47 20.33 -0.27 -3.34 9.22 -4.27 -0.71 4.37 -0.09 -1.07 -7.11 2.41 -0.08 -9.93 -6.72 -8.14 2.83 17.44 -11.65 10.16 6.12 -5.07 3.95 -0 -0 0 -89.34 18.43 70.1 125.26 -54.74 -90 -0 -0 2.14 18.28 22.62 7.24 -7.12 0 -0 -11.15 53.33 -2.31 -0 -0 0 31.43 73.57 -23.4 -87.14 59.97 -57.52 0 -0 -12.61 -2.73 29.85 -1.36 7.12 -0 -0 16.26 -1.12 16.63
5.59 16.57 -1.26 177.56 1504.6 -1258 0 0 0 -17.23 -26.44 -7.06 5.35 13.76 42.3 -0.22 -8.23 2.63 2.58 -9.99 -28.94 0 0 0 11.43 11.1 -22.01 -3.08 -10.82 31.67 1.03 19.24 -1.14 -1.31 7.25 -20.45 -5.89 1.91 5.06 -1.98 2.03 -6.29 0.9 1.39 -9.68 -4.27 -1.5 1.68 17.27 -2.6 8.91 5.96 -0.67 2.58 0 -0 0 -86.01 16.74 73.32 128.33 -53.65 -92.49 -0 -0 0.13 19.98 21.2 7.49 -7.12 0 -0 -8.9 52.19 -1.59 0 -0 0 6.5 73.2 -39.99 -81.92 59.75 -53 0 -0 -12.5 2.94 31.62 1.54 7.12 -0 -0 19.38 0.16 20.65
4.59 16.52 -1.64 19.19 1522.02 -1412.69 0 0 0 -22.87 -4.68 -13.76 4.47 12.76 38.47 0.22 0.56 -9.05 3.27 -11.12 -32.68 0 0 0 14.59 -2.88 -30.19 -3.21 -11.02 32.36 -0.88 -6.49 -21.2 -0.82 5.78 -16.16 -6.79 3.17 2.04 -4.11 3.76 -7.63 -1 2.27 -9.41 -2.26 3.55 1.96 17.17 4.16 9.21 5.63 2.68 1.92 0 0 0 -84.11 13.54 75.53 128 -53.77 -92.22 -0 0 -0.08 20.11 21.35 7.6 -7.12 0 -0 -8.83 52.37 -1.61 0 0 0 -20.16 69.52 -56.37 -82.74 59.8 -53.71 0 -0 -12.96 6.32 40.21 4.09 7.12 -0 -0 21.05 8.1 25.47
3.83 16.45 -1.9 1.71 1490.76 -1429.15 0 0 0 -25.63 10.37 -20.52 4.47 12.75 38.46 0.47 6.23 -16.68 3.35 -11.24 -33.08 0 0 0 18.35 -8.94 -33.04 -3.95 -12.1 36.08 0.28 -21.4 -28.16 -0.07 1.7 -4.67 -5.28 3.24 1.74 -5.56 3.74 -8.8 -3.44 2.07 -10.33 -2.62 7.78 0.5 20.12 9.45 10.84 6.63 5.5 1.92 0 0 0 -84.22 11.62 77.01 125.94 -54.51 -90.55 -0 -0 1.2 22.4 20.05 8.04 -7.12 0 -0 -6.12 51.42 -0.97 0 0 0 -42.41 62.44 -73.48 -88.54 59.99 -58.74 0 -0 -19.57 -1.67 44.4 -1.17 7.12 -0 -0 17.45 12.67 21.77
3.09 16.29 -1.93 2.88 1456.81 -1428.65 0 0 0 -31.7 22.03 -29.49 5.52 13.95 43.02 0.09 14.75 -21.86 3.62 -11.64 -34.46 0 0 0 18.39 -10.41 -40.11 -6.36 -14.77 46.43 0.65 -23.48 -28.63 -0.07 1.75 -4.8 -9.32 2.21 -0.94 -7.84 1.99 -10.5 -3.51 1.42 -10.89 -3.6 7.98 0.42 22.86 9.29 11.73 7.7 5.47 1.98 0 -0 0 -83.14 12.56 77.67 123.15 -55.41 -88.26 -0 -0 2.95 22.05 20.75 8.16 -7.12 0 -0 -6.69 52.09 -1.17 0 -0 0 -43.62 55.87 -81.25 -102.9 59.36 -71.15 0 -0 -36.21 -10.74 47.46 -7.95 7.12 -0 -0 13.66 16.83 17.45
2.39 16.4 -1.73 0.87 1425.54 -1431.45 0 0 0 -28.99 20.75 -29.84 7.28 15.57 49.94 -2.47 29.12 -24.71 0.7 -5.36 -14.95 0 0 0 22.53 -9.38 -37.59 -6.07 -14.5 45.27 -0.02 -8.77 -12.94 -1.22 7 -19.72 -8.72 -0.5 -3.86 -7.52 -1.65 -11.97 -3.21 -0.5 -10.81 -6.79 4.52 0.07 23.43 3.85 13.62 8.65 2.66 3.21 0 -0 0 -83.53 17.48 74.67 121.17 -55.99 -86.63 -0 -0 8.24 19.22 20.66 7.01 -7.12 0 -0 -9.47 51.5 -1.53 0 -0 0 -29.01 57.19 -82.69 -114.93 57.52 -81.41 0 -0 -50.03 -22.97 49.43 -17.85 7.12 -0 -0 8.66 21.28 11.31
1.71 16.21 -1.57 -3.48 1395.42 -1432.96 0 0 0 -19.64 20.07 -27.53 10.94 17.91 62.58 -1.34 20.54 -2.63 0.03 -1.16 -3.18 0 0 0 27.33 -4.32 -28.96 -5.4 -13.82 42.52 -0.01 6.56 -4.79 -0.68 5.27 -14.68 -5.47 -3.02 -4.24 -4.57 -4.92 -11.88 -1.61 -2.34 -10.33 -8.18 -1.91 1.01 17.3 -4.45 11.52 6.62 -2.01 3.73 0 0 0 -84.04 22.48 69.41 122.43 -55.63 -87.67 -0 -0 10.57 17.05 20.5 6.13 -7.12 0 -0 -11.53 50.98 -1.72 0 0 0 -4 62.92 -70.27 -115.37 57.42 -81.78 0 -0 -64.57 -33.02 50 -26.47 7.12 -0 -0 4.55 24.75 6.06
1.33 16.05 -1.34 -5.6 1363.09 -1430.13 0 0 0 -19.54 8.37 -26.66 12.18 18.47 66.57 -0.64 14.07 -4.36 0.13 -2.3 -6.33 0 0 0 26.09 3.98 -25.16 -5.51 -13.94 42.98 1.26 19.61 4.12 -0.21 -2.95 8.15 -5.04 -3.74 -4.06 -1.64 -5.93 -12.33 1.36 -2.78 -10.62 -12.27 -11.46 9.2 16.48 -17.16 1.37 6.85 -9.04 1.41 -0 -0 0 -83.59 28.39 62.31 123.97 -55.15 -88.94 -0 -0 13.88 7.59 21.54 2.8 -7.12 0 -0 -21.01 50.48 -2.95 -0 -0 0 34.59 64.39 -35.65 -115.53 57.39 -81.92 0 -0 -68.56 -35.06 49.94 -28.24 7.12 -0 -0 3.68 25.39 4.9
0.87 16.12 -0.95 8.27 1329.18 -1443.74 0 0 0 -15.19 -2.91 -24.33 11.62 18.22 64.76 -0.58 15.26 -13.66 0.05 -1.46 -4.01 0 0 0 27.34 13.53 -19.05 -4.96 -13.33 40.63 2.73 27.82 13.45 -0.11 -2.18 6.01 -2.51 -2.79 -2.71 2.27 -4.38 -11.25 4.13 -2.09 -10.08 -13.67 -19.92 17.63 18 -28.9 -8.23 7.88 -15.25 -0.57 -0 -0 0 -83.62 37.95 54.17 128.73 -53.5 -92.8 -0 -0 8.34 -3.67 25.43 -1.58 -7.12 0 -0 -33.63 52.09 -6.47 -0 -0 0 66 58.65 -5.05 -116.98 57.06 -83.14 0 -0 -68.91 -36.01 47.32 -28.12 7.12 -0 -0 2.29 23.27 3.01
0.24 16.23 -0.55 2.31 1298.68 -1436.78 0 0 0 -12.21 -13.71 -20.93 9.67 17.22 58.39 0.35 7.36 -16.28 0.17 -2.67 -7.36 0 0 0 23.78 18.34 -17.59 -4.67 -13 39.36 3.94 33.37 22 -0.5 -4.53 12.58 -2.28 -1.4 -1.97 3.91 -2.44 -9.66 5.62 -1.15 -8.84 -14.05 -21.87 15.66 17.31 -32.23 -4.68 6.85 -16.84 1.22 -0 -0 0 -82.08 50.37 48.85 133.09 -51.67 -96.27 -0 0 -3.56 -12.61 32.95 -6.94 -7.12 0 -0 -47.92 56.27 -15.75 -0 -0 0 81.3 50.33 12.5 -112.58 57.98 -79.42 0 -0 -69.59 -33.77 44.02 -24.92 7.12 -0 -0 2.18 19.29 2.77
-0.47 16.4 -0.22 2.03 1274.69 -1435.55 0 0 0 -9.05 -28.57 -12.78 6.72 15.09 47.81 0.49 -2.04 -12.73 0.82 -5.76 -16.1 0 0 0 21.82 22.27 -14.45 -3.88 -12 35.73 3.54 31.75 20.05 -0.26 -3.27 9.02 -0.9 -0.18 0.45 4.39 -0.71 -8.31 5.28 -0.39 -8.97 -14.78 -19.59 14.71 19.59 -29.72 -4.25 7.63 -15.73 1.57 0 -0 0 -72.55 56.44 53.79 136.79 -49.86 -99.14 -0 0 -14.6 -10.3 36.54 -6.18 -7.12 0 -0 -49.84 59.31 -20.48 0 -0 0 85.47 40.58 20.09 -106.93 58.89 -74.61 0 -0 -68.05 -25.46 35.98 -15.62 7.12 -0 -0 4.29 8.72 4.9
-1.26 16.53 0.05 3.18 1253.75 -1434.93 0 0 0 -8.72 -37.61 -5.55 5 13.39 40.83 -0.5 -14.48 -2.54 2.66 -10.13 -29.4 0 0 0 20.47 21.35 -15.15 -3.33 -11.22 33.02 2.81 29.01 19.59 -0.03 -1.03 2.84 2.09 0.49 2.13 4.49 1.77 -6.87 3.37 1.18 -8.53 -13.49 -18.28 12.3 15.95 -25.43 -1.26 6.55 -13.03 1.48 -0 0 0 -61.93 52.96 57.66 138.42 -48.98 -100.38 -0 0 -17.22 -17.44 37.14 -10.74 -7.12 0 -0 -56.7 58.03 -22.68 -0 0 0 86.54 32.9 28.16 -100.55 59.58 -69.12 0 -0 -66.58 -24.45 34.7 -14.51 7.12 -0 -0 4.59 7.17 5.14
-2.08 16.5 0.28 1.09 1235.22 -1434.91 0 0 0 -12.88 -25.01 -6.72 4.72 13.06 39.59 -0.69 -16.73 -2.61 3.31 -11.18 -32.9 0 0 0 16.02 21.09 -19.07 -3.71 -11.76 34.89 2.44 26.47 13.36 -0.13 2.35 -6.48 1.1 1.81 3.57 3.21 3.1 -6.07 2.42 1.71 -8.52 -11.74 -15.37 10.57 12.67 -21.42 1.35 5.5 -10.9 1.37 -0 -0 0 -58.09 43.65 58.54 136.22 -50.16 -98.7 -0 0 -12.67 -8.1 35.99 -4.78 -7.12 0 -0 -47.22 59.45 -19.23 -0 -0 0 90.81 26.9 34.78 -100.42 59.59 -69.01 0 -0 -63.56 -20.8 32.23 -11.45 7.12 -0 -0 6.21 3.84 6.65
-2.97 16.45 0.42 -0.07 1220.9 -1435.86 0 0 0 -17.63 -8.27 -7.5 3.77 11.84 35.18 0.24 -12.09 -11.51 2.92 -10.57 -30.85 0 0 0 13.61 19.51 -22.89 -3.79 -11.88 35.31 2.03 24.23 9.94 -0.52 4.63 -12.87 1.74 1.94 4.91 2.22 3.12 -5.35 0.97 1.57 -8.43 -9.3 -12.67 8.88 9.31 -17.55 3.28 4.24 -8.87 1.21 0 0 0 -63.1 31.28 58.41 130.61 -52.74 -94.32 -0 0 -5.73 6.88 30.59 3.51 -7.12 0 -0 -27.5 58.57 -9.58 0 0 0 92.85 20.95 39.8 -106.15 58.99 -73.94 0 -0 -61.69 -20.94 31.2 -11.21 7.12 -0 -0 5.98 2.82 6.3
-3.91 16.39 0.55 -1.43 1209.4 -1437.49 0 0 0 -23 -3.91 -4.66 2.42 9.68 27.96 1.12 -4.11 -19.08 2.16 -9.19 -26.4 0 0 0 12.03 19.33 -26 -3.58 -11.58 34.25 1.59 21.65 8.47 -1 6.35 -17.81 1.67 0.86 7.01 1.41 1.56 -4.93 0.32 0.74 -9.16 -6.2 -9.25 7.65 7.37 -12.67 4.18 3.56 -6.36 0.98 0 0 0 -74.28 18.57 56.19 118.65 -56.66 -84.53 -0 0 -8.67 16.48 30.88 8.63 -7.12 0 -0 -17.74 61.05 -7.07 0 0 0 93.52 16.53 43.65 -110.76 58.31 -77.87 0 -0 -52.99 -14.85 29.81 -7.51 7.12 -0 -0 9.32 0.32 9.5
-4.77 16.2 0.8 -4.98 1202.42 -1440.59 0 0 0 -26.12 -1.37 -7.78 2.24 9.34 26.88 1.37 -4.31 -21.17 1.08 -6.61 -18.57 0 0 0 10.6 19.56 -30.2 -3.92 -12.06 35.93 0.66 14.61 1.56 -1.69 8.18 -23.26 -0.33 -1.22 8.53 -0.14 -1.65 -4.34 0.31 -0.77 -9.4 -4.81 -6.64 5.63 8.72 -9.14 5.06 3.7 -4.52 1.34 -0 -0 0 -83.6 6.24 54.11 95.41 -59.89 -64.68 -0 0 -10.16 19.57 34.49 11.38 -7.12 0 -0 -17.39 65.28 -8.64 -0 -0 0 92.98 12.39 47.84 -114.19 57.67 -80.78 0 -0 -47.87 -12.08 30.65 -6.22 7.12 -0 -0 10.98 0.73 11.33
-5.51 16.08 1.05 -10.17 1197.26 -1445.28 0 0 0 -29.14 0.82 -13.31 2.69 10.17 29.54 1.54 -2.95 -22.68 0.91 -6.09 -17.05 0 0 0 9.65 20.18 -30.9 -4.61 -12.93 39.09 -0.23 6.79 -9.09 -1.13 6.76 -19.02 -1.4 -3.04 10.04 -2.36 -4.46 -4.43 -0.91 -2.12 -10.49 -4.15 -4.43 4.29 10.54 -6.23 5.93 4.2 -2.99 1.68 -0 -0 0 -89.7 -0.9 51.66 71.14 -58.61 -43.74 -0 0 -11.18 18.98 35.96 11.42 -7.12 0 -0 -19.6 66.49 -10.32 -0 -0 0 92.18 3.76 49.61 -118.02 56.82 -84.01 0 -0 -43.83 -6.55 29.52 -3.24 7.12 -0 -0 14.08 -1.07 14.26
-6.13 15.96 1.27 -20.21 1190.1 -1454.96 0 0 0 -32.13 4.61 -18.4 3.01 10.71 31.32 1.67 -1.49 -24.03 0.6 -4.97 -13.82 0 0 0 8.66 21.84 -29.15 -5.97 -14.4 44.88 -1.01 4.28 -18.02 -1.09 6.62 -18.61 -1.86 -3.61 10.6 -4.86 -5.49 -4.32 -3.13 -2.65 -10.97 -2.88 -2.37 1.77 10.75 -3.56 7.38 4.04 -1.52 2.36 0 0 0 -93.27 -4.8 48.96 61.1 -56.6 -35.26 -0 0 -12.12 19.27 34.26 11.13 -7.12 0 -0 -17.51 64.98 -8.59 0 0 0 91.6 -4.35 52.99 -121.25 55.97 -86.7 0 -0 -42.83 0.05 30.94 0.03 7.12 -0 -0 17.81 -0.3 18.64
-6.64 15.92 1.45 -40.51 1181.32 -1475.58 0 0 0 -33.19 7.33 -21.95 3.18 10.98 32.21 1.88 3.11 -27.19 0.28 -3.39 -9.36 0 0 0 9.23 19.95 -25.5 -7.07 -15.39 49.12 -1.67 -2.64 -25.51 -1.04 6.48 -18.2 -2.13 -2.72 10.73 -5.77 -4.39 -4.11 -4.19 -2.13 -10.82 -2.32 -0.41 0.17 10.07 -0.95 7.54 3.74 -0.19 2.48 0 0 0 -96.35 -5.6 45.94 61.92 -56.8 -35.94 -0 0 -12.28 28.39 30.53 15.35 -7.12 0 -0 -3.69 63.78 -1.68 0 0 0 89.17 -8.84 58.46 -124.98 54.83 -89.77 0 -0 -43.03 2.74 33.2 1.5 7.12 -0 -0 19.25 1.67 21.01
-7.03 16.01 1.71 -107.45 1175.23 -1542.7 0 0 0 -30.16 8.44 -23.74 3.09 10.84 31.75 1.71 8.97 -29.33 0.08 -1.8 -4.95 0 0 0 11.23 13.68 -21.36 -7.01 -15.34 48.93 -1.59 -5.98 -26.6 -0.56 4.78 -13.28 -1.18 -1.02 9.98 -5.13 -1.91 -4.15 -4.53 -1 -10.24 -1.82 1.17 -1.27 8.37 1.14 9.06 3.14 0.87 3.11 -0 0 0 -97.39 -5.63 44.45 61.9 -56.8 -35.93 -0 0 -8.09 31.99 29.44 17.07 -7.12 0 -0 1.4 63.62 0.63 -0 0 0 87.38 -10.84 61.37 -128.26 53.67 -92.43 0 -0 -47.79 4.12 34.75 2.35 7.12 -0 -0 19.96 3.05 22.37
-7.34 16.15 2.02 -151.58 1181.58 -1586.37 0 0 0 -29.89 8.78 -23.69 2.53 9.9 28.65 1.22 15.06 -31.06 0.04 -1.22 -3.35 0 0 0 7.6 4.47 -19.26 -6.21 -14.63 45.82 -1.44 -2.9 -23.85 -0.71 5.4 -15.05 -2.89 0.47 8.65 -5.29 -0.08 -4.7 -4.06 -0 -9.92 -0.55 3.01 -3.18 6.01 3.59 13.25 2.11 2.16 4.36 -0 0 0 -96.14 -4.57 45.9 59.67 -56.22 -34.06 -0 0 -5.85 32.99 30.44 18.21 -7.12 0 -0 2.31 64.98 1.12 -0 0 0 86.53 -10.57 60.71 -130.15 52.94 -93.94 0 -0 -46.91 1.51 34.6 0.86 7.12 -0 -0 18.61 3.07 20.68
-7.64 16.28 2.45 -169.08 1187.63 -1603.49 0 0 0 -25.48 7.48 -23.63 2.54 9.91 28.69 1.13 19.56 -35.02 0.03 1.03 2.83 0 0 0 8.32 1.69 -14.13 -4.08 -12.27 36.7 -0.85 0.54 -17.23 -2.25 9.36 -26.94 -2.98 2.31 7.34 -4.68 2.48 -4.94 -3.71 1.26 -9.31 1.47 4.44 -5.34 3.1 5.71 18.5 1.16 3.23 6.45 -0 -0 0 -96.02 -4.88 45.68 55.86 -55.1 -30.92 -0 0 -5.81 36.79 29.84 20.41 -7.12 0 -0 7.78 65.44 3.85 -0 -0 0 85.55 -7.7 60.26 -126.85 54.19 -91.29 0 -0 -44.86 -4.54 34 -2.54 7.12 -0 -0 15.37 3.04 16.76
-7.92 16.3 2.95 -185.23 1190.22 -1618.64 0 0 0 -17.17 5.58 -25.75 3.36 11.26 33.15 1.38 18.91 -35.73 0.06 1.58 4.33 0 0 0 15.36 2.35 -8.15 -2.02 -8.91 25.52 -0.85 4.02 -16.48 -2.72 10.23 -29.71 0.56 3.32 5.87 -3.5 4.32 -4.84 -4.56 2 -8.07 2.32 5.28 -6.32 1.21 7.3 22.71 0.68 3.96 8.1 -0 -0 0 -96.5 -6.04 43.88 53.21 -54.21 -28.76 -0 0 -5.75 36.61 27 18.63 -7.12 0 -0 8.11 62.2 3.41 -0 -0 0 85.52 -4.31 59.89 -126.34 54.37 -90.88 0 -0 -44.75 -4.19 33.75 -2.33 7.12 -0 -0 15.55 2.76 16.9
-8.13 16.19 3.37 -190.06 1188.48 -1624.19 0 0 0 -13.04 1.2 -26.6 4.37 12.64 38.03 1.73 13.99 -33.25 0 -0.17 -0.48 0 0 0 18.45 -6.6 -8.39 -1.65 -8.09 22.98 -0.82 9.62 -16.47 -2.01 8.88 -25.43 1.53 3.69 6.16 -3.26 4.92 -4.35 -4.91 2.25 -7.62 1.58 5.35 -6.1 0.92 7.84 25.49 0.83 4.19 8.99 0 -0 0 -97.3 -7.15 42.64 52.2 -53.85 -27.94 -0 0 -2.93 37.08 25.89 18.26 -7.12 0 -0 8.89 61.08 3.5 0 -0 0 84.52 -0.99 59.19 -126.27 54.39 -90.82 0 -0 -43.58 -2.56 37.62 -1.56 7.12 -0 -0 16.58 6.31 19.08
-8.2 16.09 3.63 -200.2 1183.14 -1634.77 0 0 0 -10.23 -3.2 -28.7 5.45 13.88 42.74 1.9 1.4 -26.56 1.35 -7.34 -20.73 0 0 0 22.19 -4.28 -4.03 -1.35 -7.37 20.81 -1.36 3.03 -21.26 -1.6 7.97 -22.64 2.57 3.57 5.8 -2.17 4.89 -3.45 -4.25 2.25 -6.45 -1.22 3.97 -5.74 1.8 6.26 26.55 1.46 3.32 9.16 -0 0 0 -99.55 -9.7 42.84 51.12 -53.44 -27.07 -0 -0 0.78 34.64 23.76 15.56 -7.12 0 -0 6.18 58.03 1.97 -0 0 0 80.86 2.88 57.54 -126.22 54.41 -90.78 0 -0 -45.06 -5.02 37.48 -3.06 7.12 -0 -0 15.31 6.44 17.53
-8.05 15.96 3.7 -225.04 1177.02 -1659.99 0 0 0 -11.45 -3.41 -31.24 6.35 14.76 46.38 1.77 -2.91 -24.4 1.83 -8.51 -24.27 0 0 0 23.42 -9.52 -4.41 -1.45 -7.61 21.54 -1.49 2.23 -22.46 -1.73 8.29 -23.59 4.81 3.9 6.02 -2.52 5.52 -3.36 -5.94 2.47 -6.19 -2.28 1.28 -4.42 3.01 2.47 27.16 1.71 1.63 9.15 -0 -0 0 -99.86 -10.8 45.8 49.11 -52.63 -25.47 -0 -0 4.23 33 21.68 13.49 -7.12 0 -0 4.6 55.28 1.16 -0 -0 0 79.13 3.94 53.6 -126.79 54.21 -91.24 0 -0 -45.94 -5.31 38.12 -3.28 7.12 -0 -0 15.2 7.09 17.55
-7.69 15.99 3.57 -307.46 1173.11 -1742.37 0 0 0 -15.77 -4.84 -29.04 5.69 14.13 43.74 1.59 -4.48 -22.82 1.72 -8.26 -23.51 0 0 0 22.15 -6.35 -2.33 -1.76 -8.34 23.76 -1.38 -6.95 -25.67 -2.2 9.28 -26.67 3.93 3.94 5.08 -2.98 5.45 -3.12 -5.82 2.51 -5.44 -4.3 -1.06 -3.53 3.92 -0.65 28.14 2.13 0.12 9.44 -0 -0 0 -99.9 -11.19 47.65 49.16 -52.65 -25.51 -0 -0 6.15 31.05 19.52 11.37 -7.12 0 -0 2.83 52.43 0.52 -0 -0 0 78.2 4.62 50.32 -128.48 53.59 -92.61 0 -0 -45.42 -4.9 38.33 -3.04 7.12 -0 -0 15.42 7.24 17.87
-7.21 16.04 3.27 -366.78 1179.29 -1801.62 0 0 0 -21.22 -9.49 -23.6 4.56 12.87 38.87 1.3 -5.91 -20.38 1.26 -7.11 -20.03 0 0 0 18.49 -6.22 -7.21 -3.87 -11.99 35.68 -0.29 -13.49 -22.26 -1.97 8.8 -25.19 2.04 3.77 4.26 -3.52 5.07 -2.82 -5.21 2.41 -4.82 -6.38 -3.53 -1.32 4.71 -4.05 27.82 2.48 -1.57 9.16 -0 0 0 -100.11 -11.48 50.37 48.33 -52.3 -24.85 -0 -0 8.39 30.4 16.99 9.73 -7.12 0 -0 2.5 49.48 0.28 -0 0 0 78.3 4.44 45.37 -129.86 53.05 -93.71 0 -0 -46.14 -6.48 38.1 -4.01 7.12 -0 -0 14.59 7.21 16.83
-6.75 15.96 2.91 -373.12 1185.18 -1807.89 0 0 0 -25.86 -13.82 -18.15 3.86 11.98 35.65 1.35 -5.65 -20.84 0.83 -5.8 -16.2 0 0 0 14.68 -5.6 -21.18 -9.3 -17 57.12 1.53 -21.31 -10.07 -0.02 -1.01 2.77 1.31 3.65 4.47 -3.66 4.86 -2.37 -4.93 2.34 -4.53 -7.43 -5.46 -0.15 5.04 -6.79 26.62 2.55 -2.94 8.75 -0 0 0 -100.47 -12.63 54.42 47.55 -51.96 -24.23 -0 -0 9.88 30.84 15.15 8.87 -7.12 0 -0 3.13 47.46 0.19 -0 0 0 78.22 5.84 40.57 -129.29 53.28 -93.26 0 -0 -47.73 -7.69 37.44 -4.69 7.12 -0 -0 13.91 6.74 15.9
-6.21 15.84 2.64 -389.85 1188.87 -1826.37 0 0 0 -33.87 -9.85 -11.96 3.13 10.91 31.96 1.23 -8.28 -19.84 0.45 -4.31 -11.94 0 0 0 6.54 -4.43 -31.75 -13.06 -18.81 69.33 0.37 -11.12 -7.54 -0 -0.24 0.67 -4.49 4.29 7.62 -4.6 5.19 -1.23 -2.94 2.69 -5.52 -8.11 -6.45 1.72 6.24 -8.59 22.17 2.93 -3.92 7.12 0 0 0 -101.05 -13.19 58.78 46.91 -51.67 -23.73 -0 -0 11.72 29.51 13.81 7.7 -7.12 0 -0 1.97 45.74 0.04 0 0 0 81.07 5.81 36.51 -127.77 53.85 -92.04 0 -0 -46.3 -6.51 35.03 -3.75 7.12 -0 -0 14.36 4.26 15.88
-5.5 15.84 2.37 -390.45 1190.43 -1826.79 0 0 0 -35 -4.53 -9.22 2.63 10.07 29.2 0.97 -13.1 -18.55 0.29 -3.47 -9.59 0 0 0 6.2 -0.63 -38.56 -11.38 -18.12 64.01 -0.08 -10.47 -16.13 -0.14 2.39 -6.59 -4.89 4.01 7.6 -4.84 4.8 -1.04 -2.91 2.51 -5.33 -8.4 -6.06 3.6 8.25 -8.55 15.56 3.67 -4.04 4.79 -0 0 0 -101.31 -11.36 60.95 47.14 -51.77 -23.91 -0 -0 15.2 30.42 12.56 7.28 -7.12 0 -0 2.92 44.45 -0.04 -0 0 0 85.54 2.27 34.51 -125.66 54.6 -90.32 0 -0 -42.2 -7.19 33.22 -3.95 7.12 -0 -0 13.89 2.59 14.94
-4.6 15.87 2.1 -392.97 1191.1 -1828.39 0 0 0 -36.39 -2.57 -3.83 1.79 8.42 24.01 0.85 -12.84 -17.57 0.29 -3.48 -9.63 0 0 0 5.32 1.83 -39.54 -6.38 -14.79 46.49 -0.82 -7.53 -21.44 -0.19 2.83 -7.82 -5.9 2.71 6.16 -5.14 3.09 -1.43 -2.38 1.7 -4.98 -8.03 -4.17 4.73 9.33 -6.13 9.71 4.07 -2.97 2.63 0 -0 0 -101.68 -7.41 59.37 48.76 -52.48 -25.19 -0 -0 18.17 36.11 12.81 9.19 -7.12 0 -0 8.3 45.53 0.11 0 -0 0 88.47 -2.79 36.07 -123.1 55.43 -88.22 0 -0 -41.03 -5.76 34.59 -3.28 7.12 -0 -0 14.74 3.75 16.2
-3.62 15.9 1.89 -397.14 1189.33 -1833.82 0 0 0 -36.81 1.06 4.14 0.96 6.24 17.49 0.74 -9.62 -15.8 0.43 -4.23 -11.73 0 0 0 4.87 5.26 -35.43 -3.11 -10.87 31.86 -0.84 -7.94 -21.95 -0.89 6.03 -16.86 -6.23 1.78 6.79 -5.44 1.75 -1.54 -2.41 1.06 -5.45 -6 -2.12 3.67 8.11 -3.17 7.34 3.72 -1.52 1.98 -0 0 0 -101.41 -4.6 55.23 48.45 -52.35 -24.95 -0 -0 21.19 38.9 17.39 13.56 -7.12 0 -0 11.27 51.56 1.84 -0 0 0 90.67 -5.58 37.68 -119.92 56.33 -85.59 0 -0 -38.53 -3.18 35.57 -1.85 7.12 -0 -0 16.17 4.4 18.07
-2.49 15.86 1.74 -400.47 1184.2 -1837.96 0 0 0 -35.01 2.23 6.42 1.44 7.58 21.44 0.77 -5.13 -15.67 1 -6.37 -17.87 0 0 0 9.14 6.53 -31.22 -2.81 -10.38 30.22 -0.53 -3.98 -15.79 -0.16 2.55 -7.03 -4.24 1.72 5.82 -4.7 1.87 -1.8 -2.71 1.03 -5.12 -6.66 -0.08 1.27 8.77 -0.43 8.18 4.13 -0.12 2.48 0 -0 0 -101.17 -3.3 48.23 43.61 -50.07 -21.17 -0 -0 24.31 42.96 19.1 16.95 -7.12 0 -0 16 54.59 3.84 0 -0 0 91.91 -5.09 40.48 -114.42 57.62 -80.98 0 -0 -36.48 -1.87 35.43 -1.09 7.12 -0 -0 16.85 4.14 18.83
-1.28 16.05 1.6 -389.58 1175.43 -1827.04 0 0 0 -30.47 0.64 1.49 4.01 12.17 36.33 0.13 5.89 -11.3 1.28 -7.16 -20.18 0 0 0 18.17 5.94 -26.22 -2.41 -9.68 27.94 -0.72 0.88 -15.77 -0.49 4.49 -12.46 2.83 2.81 4.3 -3.04 3.84 -2.51 -5.05 1.78 -4.62 -4.47 2.08 1.45 6.3 2.58 7.55 2.85 1.37 2.01 0 -0 0 -100.53 -1.38 37.74 36.62 -45.93 -15.97 -0 -0 25.8 46.08 21.49 20.83 -7.12 0 -0 20.39 58.38 6.86 0 -0 0 93.77 -4.95 43.55 -110.13 58.41 -77.34 0 -0 -34.95 0.71 34.55 0.4 7.12 -0 -0 18.18 3.09 20.16
-0.08 16 1.58 -365.88 1172.04 -1802.74 0 0 0 -25.81 5.35 -13.39 9.79 17.29 58.77 -0.38 14.3 4.7 0.35 -3.78 -10.46 0 0 0 22.45 -1.63 -25.29 -2.54 -9.92 28.71 -0.4 12.41 -13.35 -0.13 2.37 -6.52 4.75 4.01 3.87 -2.48 5.61 -3.91 -5.71 2.55 -5.55 -3.12 3.74 1.26 6.13 4.82 8.57 2.59 2.54 2.27 -0 0 0 -97.82 1.54 29.27 31.17 -41.88 -12.18 -0 -0 25.61 47.8 20.98 21.55 -7.12 0 -0 22.57 58.25 7.56 -0 0 0 94.73 -5.77 46.35 -109.42 58.53 -76.73 0 -0 -34.84 2.31 34.93 1.32 7.12 -0 -0 19.03 3.33 21.28
1.04 15.92 1.53 -292.64 1177.61 -1730.96 0 0 0 -14.27 7.32 -27.16 15.46 19.5 76.62 -0.31 11.43 2.13 0.17 -2.66 -7.34 0 0 0 30.43 -9.52 -19.77 -2.02 -8.9 25.48 0.07 18.14 -12.14 -0.48 4.45 -12.35 11.58 4.59 5.53 -0.32 7.17 -3.94 -7.47 3.05 -5.86 -1.03 5.65 -0 4.39 7.45 8.64 1.74 3.87 2.53 0 -0 0 -96.73 4.09 20 29.51 -40.47 -11.09 -0 -0 27.2 51.2 21.88 24.87 -7.12 0 -0 27.88 60.42 10.98 0 -0 0 95.44 -0.28 49.17 -107.84 58.76 -75.39 0 -0 -34.59 2.36 35.24 1.36 7.12 -0 -0 19.05 3.62 21.41
2.14 15.73 1.42 -292.89 1182.53 -1731.51 0 0 0 -7.26 5.82 -38.85 16.15 19.64 78.67 0.16 8.12 -14.32 0.12 -2.25 -6.2 0 0 0 34.76 -8.12 -13.67 -1.91 -8.68 24.8 -1.07 13.55 -19.44 -0.33 3.67 -10.16 15.82 5.5 6.14 0.73 9.05 -4.49 -8.83 3.79 -6.06 1.08 7.49 -1.49 3.26 9.9 8.97 1.17 5.13 3 -0 0 0 -94.8 8.42 13.23 28.72 -39.77 -10.58 -0 -0 25.16 53.79 17.74 22.59 -7.12 0 -0 29.26 55.9 8.33 -0 0 0 96.8 5.75 50.75 -109.23 58.56 -76.57 0 -0 -34.9 4.44 36.49 2.64 7.12 -0 -0 20.12 4.68 23.12
3.31 15.64 1.2 -306.84 1183.49 -1743.55 0 0 0 -8.63 4.14 -46.69 11.78 18.3 65.3 1.14 14.11 -29.68 0.2 -2.91 -8.03 0 0 0 34 -8.17 -11.23 -1.99 -8.84 25.28 -1.84 8.94 -24.33 -0.5 4.55 -12.63 13.36 7.16 4.32 0.99 10.92 -5.7 -7.14 4.8 -6.3 2.07 8.81 -2.53 1.85 11.69 8.49 0.66 5.98 3.17 0 0 0 -91.78 16.05 13.66 30.39 -41.22 -11.66 -0 -0 21.72 53.14 13 16.71 -7.12 0 -0 25.85 49.18 2.84 0 0 0 96.49 15.52 52.28 -110.66 58.32 -77.79 0 -0 -33.19 6.64 37.4 4.04 7.12 -0 -0 21.21 5.43 24.82
4.55 15.69 0.77 -324.19 1184.62 -1760.09 0 0 0 -14.87 5.78 -48.72 7.01 15.34 48.9 1.49 16.07 -33.61 0.34 -3.74 -10.34 0 0 0 31 -9.84 -4.82 -1.44 -7.59 21.48 -1.99 4.1 -25.68 -1.16 6.84 -19.26 11.71 8.64 3.68 -0.04 12.74 -6.81 -7.37 5.7 -6.86 1.17 9.55 -3.63 3.12 12.58 7.53 1.25 6.43 2.9 0 -0 0 -85.35 26.94 20.61 35.59 -45.23 -15.23 -0 -0 12.79 55.56 12.29 17.24 -7.12 0 -0 28.22 48.81 2.86 0 -0 0 94.74 32.27 57.18 -109.19 58.56 -76.54 0 -0 -33.53 5.06 38.73 3.17 7.12 -0 -0 20.44 6.76 24.21
5.81 15.77 0.04 -338.35 1189.87 -1774.08 0 0 0 -20.57 4.26 -43.71 5.22 13.63 41.77 1.3 18.03 -34.4 0.37 3.91 10.83 0 0 0 29.16 -8.02 -0.13 -1.81 -8.46 24.13 -1.18 -4.74 -22.72 -2.39 9.64 -27.83 13.12 10.07 2.46 -0.82 14.71 -7.86 -8.71 6.62 -6.44 -0.53 9.4 -3.96 4.14 12.42 7.3 1.83 6.34 2.7 -0 -0 0 -72.6 36.07 32.71 40.34 -48.27 -18.69 -0 -0 9.75 51.64 8.15 10.16 -7.12 0 -0 22.22 41.85 -1.83 -0 -0 0 89.55 52.04 59.27 -101.98 59.45 -70.35 0 -0 -30.78 1.04 40.79 0.68 7.12 -0 -0 18.52 8.99 22.3
6.95 15.79 -0.76 -351.77 1198.44 -1787.46 0 0 0 -25.06 -3.71 -33.81 4.77 13.12 39.8 1 19.79 -34.5 0.47 4.42 12.25 0 0 0 23.12 -11.57 -10.39 -6.26 -14.68 46.03 0.23 -8.51 -4.2 -0.83 5.8 -16.21 12 11.71 2.1 -1.8 16.83 -8.45 -9.05 7.73 -6.39 -1.9 8.34 -4.4 2.58 11.19 6.79 1.53 5.63 2.65 0 0 0 -49.89 37.6 49.55 45.1 -50.82 -22.32 -0 -0 9.55 42.35 -1.01 -0.92 -7.12 0 -0 12.21 28.53 -5 0 0 0 70.11 69.04 45.26 -87.75 59.98 -58.05 0 -0 -25.27 -5.94 44.26 -4.16 7.12 -0 -0 15.44 13.05 19.14
7.91 15.53 -1.23 -362.28 1211.66 -1799.23 0 0 0 -32.06 -6.39 -24.81 4.88 13.24 40.28 1.56 14.33 -32.53 0.27 3.37 9.31 0 0 0 15.02 -14.25 -23.09 -13.17 -18.84 69.65 0.04 -4.32 0.73 -0.74 5.49 -15.32 7.76 12.15 5.45 -1.99 17.26 -7.08 -7.9 8.05 -7.72 -3.4 6.99 -1.95 -1.67 9.6 3.01 0.19 4.78 1.17 0 0 0 -29.48 28.16 53.55 47.07 -51.74 -23.86 -0 -0 8.61 36.41 -1.96 -1.44 -7.12 0 -0 7.55 27.53 -3.23 0 0 0 18.36 78.42 -3.31 -74.06 59.02 -46.24 0 -0 -29.44 -4.73 38.18 -2.93 7.12 -0 -0 15.5 7.07 17.92
8.84 15.5 -1.61 -363.5 1227.49 -1799.24 0 0 0 -32.79 -8.63 -19.99 5.12 13.51 41.32 2 5.74 -29.29 0.05 1.5 4.12 0 0 0 11.92 -6.81 -32.92 -15.09 -19.41 75.51 -0.03 -0.92 -3.66 -0.9 6.06 -16.96 7.68 11.29 6.17 -2.14 16.18 -7.01 -8.17 7.49 -8.21 -2.76 6.13 -2.41 -3.56 8.29 4 -0.47 3.94 1.69 0 0 0 -15.46 12.8 42.43 40.69 -48.47 -18.95 -0 -0 11.68 20.69 1.25 0.47 -7.12 0 -0 -4.7 31.29 1.58 0 0 0 -37.71 79.69 -60.33 -57.33 55.56 -32.13 0 -0 -21.26 -3.39 36.37 -2.01 7.12 -0 -0 16.09 5.19 18.18
9.9 15.47 -1.89 -365.67 1243.84 -1799.98 0 0 0 -32.75 -13.46 -14.21 5.25 13.66 41.89 2.05 -1.71 -26.64 0.01 -0.61 -1.66 0 0 0 3.48 3.74 -33.82 -12.46 -18.58 67.44 -0.43 -2.73 -13.66 -1.16 6.85 -19.26 5.29 9.87 7.38 -2.31 14 -6.26 -7.23 6.5 -8.94 -2.74 5.01 -1.94 -3.56 6.75 2.55 -0.54 3.24 1.14 0 0 0 -2.6 -2.1 31.21 32.39 -42.86 -13.01 -0 -0 16.75 13.3 4.52 1.07 -7.12 0 -0 -10.99 34.46 2.89 0 0 0 -57.37 77.03 -77.17 -51.48 53.57 -27.36 0 -0 -21.11 -2.88 36.58 -1.72 7.12 -0 -0 16.36 5.34 18.56
11.05 15.76 -2.26 -366.01 1261.15 -1799 0 0 0 -29.51 -16.99 -7.81 3.92 12.05 35.91 1.28 -9.04 -20.26 0.51 -4.58 -12.71 0 0 0 -3.54 17.52 -23.68 -6.92 -15.27 48.59 -0.73 0.72 -15.94 -1.97 8.81 -25.2 3.89 8.02 7.26 -1.92 10.91 -5.98 -5.73 4.9 -9.31 -2.66 4.37 -1.16 -3.76 5.84 1.44 -0.66 2.82 0.67 -0 0 0 5.99 -15.23 14.05 24.39 -35.57 -7.93 -0 -0 22.66 9.39 9.82 1.61 -7.12 0 -0 -15.27 39.47 2.14 -0 0 0 -68.03 77.89 -84.57 -50.62 53.24 -26.67 0 -0 -17.01 -0.05 31.92 -0.03 7.12 -0 -0 17.76 0.64 18.88
12.39 15.95 -2.67 -363.23 1279.14 -1798.36 0 0 0 -20.94 -24.41 -5.14 3.33 11.22 33.02 0.41 -15.73 -14.96 1.37 -7.42 -20.96 0 0 0 0.41 21.32 -16.62 -4.83 -13.2 40.1 0.11 9.51 -4.5 -3.78 11.87 -35.26 3.97 5.89 6.93 -0.85 8.15 -6.3 -4.3 3.55 -9.92 -3.62 3.21 -2.4 -1.16 4.41 2.59 0.32 2.13 1.14 0 0 0 13.82 -32.32 -18.87 17.83 -27.94 -4.47 -0 -0 32.34 14.44 7.62 1.96 -7.12 0 -0 -10.55 37.65 1.93 0 0 0 -68.53 79.58 -87.55 -43.52 50.02 -21.09 0 -0 -9.04 -1.18 32.46 -0.63 7.12 -0 -0 17.15 1.25 18.35
13.86 16.17 -3.1 -359.09 1297.29 -1798.99 0 0 0 -10.51 -30.82 -10.6 3.57 11.57 34.23 -0.11 -16.19 -10.2 2.99 -10.68 -31.2 0 0 0 9.05 9.71 -15.72 -4.54 -12.85 38.81 0.13 8.17 -2.41 -3.62 11.64 -34.48 3.89 3.61 7.02 0.46 5.21 -6.42 -2.48 2.17 -10.51 -4.94 1.54 -3.54 0.29 2.25 1.48 0.96 1.09 0.99 0 0 0 29.09 -46.23 -47.55 16.55 -26.26 -3.89 -0 -0 38.49 18.02 6.5 2.11 -7.12 0 -0 -7.38 36.73 1.51 0 0 0 -59.82 79.88 -84.88 -39.12 47.54 -17.78 0 -0 -8.98 4.56 33.66 2.53 7.12 -0 -0 20.2 2 22.31
15.17 16.43 -3.56 -350.63 1314.14 -1804.03 0 0 0 -3.67 -22.93 -21.43 4.36 12.63 38 0.4 -1.47 -11.51 1.79 -8.42 -24 0 0 0 21.19 -2.49 -14.46 -2.78 -10.34 30.07 -0.11 -2.35 -7.59 -2.59 10 -28.96 5.83 1.45 6.19 2.14 2.58 -6.99 -1.34 0.78 -10.84 -5.79 0.57 -4.79 2.44 1.04 1.95 1.8 0.52 1.39 0 0 0 46.67 -53.8 -59.7 16.66 -26.41 -3.94 -0 -0 34.01 15.76 9.44 2.65 -7.12 0 -0 -9.75 39.6 1.31 0 0 0 -37.23 78.68 -66.11 -34.58 44.51 -14.52 0 -0 -10.17 6.94 35.1 4 7.12 -0 -0 21.4 3.26 24.3
16.28 16.46 -3.93 -344.85 1324.92 -1809.84 0 0 0 -7.64 -10.7 -26.8 6.74 15.11 47.88 0.51 1.85 -14.31 1.2 -6.95 -19.58 0 0 0 26.74 -7.59 -16.27 -2.4 -9.65 27.84 -0.13 -6.19 -11.68 -1.55 7.87 -22.31 4.7 0.31 6.11 2.89 0.99 -7.31 0.35 0.13 -11.27 -7.15 -0.17 -4.82 5.01 0.02 3.74 2.9 0.03 2.06 0 -0 0 63.9 -63.11 -79.67 16.74 -26.52 -3.97 -0 -0 35.23 14.77 10.59 2.77 -7.12 0 -0 -10.84 40.68 1.17 0 -0 0 -7.19 78.15 -38.02 -32.51 42.95 -13.08 0 -0 -16.75 8.79 34.2 4.97 7.12 -0 -0 22.37 2.36 25.24
17.26 16.26 -4.17 -338.65 1330.15 -1816.58 0 0 0 -11.62 -2.42 -25.67 9.46 17.09 57.66 0.57 2.91 -15.57 1.36 -7.37 -20.82 0 0 0 30.29 -9.05 -20.89 -2.98 -10.67 31.17 -0.3 -6.42 -14.67 -1.02 6.43 -18.05 4.42 0.07 6.16 3.28 0.68 -7.57 1 0.01 -11.63 -7.21 -1.08 -2.62 5.42 -1.38 3.79 3 -0.69 1.77 0 0 0 79.28 -70.19 -92.1 17.63 -27.68 -4.37 -0 -0 33.77 13.93 11.68 2.87 -7.12 0 -0 -11.81 41.7 0.98 0 0 0 31.41 75.48 0.37 -35.33 45.05 -15.05 0 -0 -23.22 8.72 34.57 4.97 7.12 -0 -0 22.32 2.71 25.31
18.15 16.09 -4.33 -334.88 1335.51 -1820.37 0 0 0 -15.88 3.05 -20.02 9.69 17.23 58.46 0.43 -0.17 -12.29 2.42 -9.69 -27.98 0 0 0 31.03 -8.84 -25.77 -3.56 -11.56 34.18 -0.46 -6.47 -16.8 -0.57 4.84 -13.45 2.61 -0.5 4.2 3.38 -0.4 -8.07 2.25 -0.36 -10.99 -8.9 -1.37 -0.32 7.03 -2 4.34 3.88 -1.05 1.65 -0 0 0 93.17 -78.76 -103.2 19.68 -30.25 -5.37 -0 -0 30.13 12.59 15.4 3.39 -7.12 0 -0 -13.99 45.26 -0.09 -0 0 0 62.46 68.79 30.17 -41.23 48.78 -19.36 0 -0 -28.76 9.16 33.28 5.06 7.12 -0 -0 22.59 1.49 25.2
19.08 15.96 -4.4 -324.32 1339.22 -1831.16 0 0 0 -17.97 1.5 -11.14 7.72 15.91 51.56 0.22 -1.33 -8.48 2.97 -10.64 -31.07 0 0 0 32.26 -8.02 -28.84 -3.62 -11.64 34.45 -0.6 -5.93 -18.04 -0.39 4.01 -11.1 2.22 -0.74 2.91 3.65 -0.8 -8.07 2.77 -0.51 -10.19 -9.84 -1.82 0.73 7.19 -2.8 6.07 4.13 -1.52 2.12 -0 0 0 163.85 -85.49 -173.67 22.57 -33.61 -6.9 -0 -0 29.41 12.32 16.97 3.65 -7.12 0 -0 -14.75 46.78 -0.66 -0 0 0 83.55 60.11 44.72 -44.88 50.71 -22.15 0 -0 -29.65 8.51 34.24 4.81 7.12 -0 -0 22.22 2.4 25.07
20.13 15.93 -4.34 -341.04 1342.79 -1816.5 0 0 0 -24.37 -1.55 -1.13 4.08 12.27 36.69 1.27 -0.67 -21.13 2.64 -10.08 -29.24 0 0 0 27.98 -4.57 -30.91 -3.87 -11.98 35.68 -0.33 -10.6 -19.31 -0.07 1.68 -4.61 -1.55 -0.02 4.11 2.53 -0.12 -6.84 3.59 0.1 -9.55 -9.94 -2.57 2 6.53 -3.88 5.64 3.9 -2.08 1.84 0 -0 0 -139.63 -79.33 129.67 23.95 -35.12 -7.68 -0 -0 30.97 15.33 16.33 4.41 -7.12 0 -0 -11.78 46.53 -0.45 0 -0 0 96.5 52.4 49.17 -44.72 50.63 -22.02 0 -0 -32.08 5.89 35.16 3.4 7.12 -0 -0 20.87 3.35 23.64
21.27 15.92 -4.26 -405.09 1345.28 -1752.69 0 0 0 -30.54 -1.5 -1.11 2.45 9.74 28.15 1.5 0.02 -23.17 1.41 -7.51 -21.23 0 0 0 20.72 -0.17 -36.31 -4.38 -12.65 38.08 0.74 -18.84 -19.15 -0.05 -1.51 4.16 -5.24 0.23 4.49 0.15 -0.24 -5.93 3.14 0.19 -8.79 -11.05 -3.22 2.36 8.07 -4.92 6.49 4.16 -2.61 2 -0 -0 0 -131.35 -71.58 117.77 24.2 -35.38 -7.82 -0 -0 33.57 18.66 15.67 5.21 -7.12 0 -0 -8.52 46.3 -0.28 -0 -0 0 106.27 46.36 49.03 -40.23 48.2 -18.61 0 -0 -33.21 0.5 38.34 0.31 7.12 -0 -0 18.16 6.7 21.19
22.27 15.84 -4.15 -460.02 1343.48 -1698.63 0 0 0 -33.45 1.54 -3.12 1.78 8.38 23.88 1.5 -4.47 -22.14 0.52 -4.63 -12.85 0 0 0 15.7 0.7 -39.18 -4.31 -12.56 37.76 1.84 -24.98 -19.78 -0.44 -4.25 11.79 -4.6 0.19 5.09 -2.04 -0.39 -4.96 0.48 -0.03 -8.07 -11.14 -4.03 2.98 8.39 -6.18 7.41 4.25 -3.27 2.31 0 -0 0 -126.77 -65.98 110.69 23.88 -35.03 -7.64 -0 -0 36.5 22.11 14.02 5.62 -7.12 0 -0 -4.97 45.01 -0 0 -0 0 110.86 42.67 47.35 -35.4 45.09 -15.09 0 -0 -36.99 -6.08 41.28 -4.02 7.12 -0 -0 15.07 10.22 18.08
23.12 15.85 -4.01 -478.44 1342.01 -1681.87 0 0 0 -34.36 2.88 -3.72 1.42 7.54 21.32 1.16 -6.96 -19.22 0.17 -2.67 -7.36 0 0 0 14.54 -1.2 -38.09 -3.35 -11.25 33.12 2.61 -28.23 -19.54 -0.9 -6.05 16.94 -2.13 0.49 5.76 -2.59 0.23 -3.88 -1.55 0.12 -7.31 -11.84 -4.65 3.73 8.07 -7.1 7.72 4.25 -3.77 2.39 0 0 0 -124.99 -63.24 108.32 23.42 -34.55 -7.38 -0 -0 36.92 22.89 13.31 5.55 -7.12 0 -0 -4.12 44.34 0.07 0 0 0 112.03 42.05 45.64 -32.5 42.94 -13.08 0 -0 -35.33 -11.63 43.1 -8 7.12 -0 -0 12.57 12.8 15.37
23.75 15.84 -3.94 -468.12 1338.76 -1691.85 0 0 0 -38.69 2.73 -5.6 1.18 6.9 19.41 0.9 -6.48 -16.95 0.16 -2.57 -7.08 0 0 0 9.83 0.47 -38.96 -2.9 -10.52 30.69 3.38 -31.25 -20.3 -1.25 -7.09 19.97 -4.68 1.58 4.05 -3.34 1.54 -3.47 -0.99 0.84 -5.93 -12.28 -5.17 3.68 7.71 -7.81 8.22 4.18 -4.15 2.62 0 -0 0 -123.8 -62.44 108.63 23.84 -35 -7.62 -0 -0 36.52 23.07 11.15 4.71 -7.12 0 -0 -3.64 42.05 0.27 0 -0 0 111.48 44.13 42.4 -29.3 40.29 -10.95 0 -0 -34.36 -13.09 43.95 -9.17 7.12 -0 -0 11.99 13.87 14.8
24.22 15.8 -3.85 -463.36 1339.97 -1698.19 0 0 0 -37.89 6.12 -8.34 1.43 7.57 21.42 0.84 -8.59 -16.49 0.14 -2.41 -6.64 0 0 0 9.51 3.22 -35.99 -2.45 -9.74 28.15 3.78 -32.33 -18.66 -0.83 -5.81 16.23 -3.11 2.23 4.95 -2.48 2.56 -3.18 -1.1 1.32 -6.12 -13.06 -5.44 4.08 7.9 -8.27 8.29 4.36 -4.41 2.67 -0 0 0 -122.72 -62.66 109.1 24.83 -36.03 -8.19 -0 -0 35.55 21.57 12.93 5.05 -7.12 0 -0 -5.27 43.78 0.16 -0 0 0 108.91 47.54 40.74 -24.8 36 -8.17 0 -0 -31.16 -13.1 43.83 -9.15 7.12 -0 -0 11.97 13.77 14.76
24.43 15.79 -3.8 -464.11 1340.29 -1697.13 0 0 0 -37.95 5.03 -9.87 1.6 7.97 22.61 0.88 -7.66 -16.75 0.16 -2.55 -7.03 0 0 0 8.54 5.08 -35.72 -2.39 -9.63 27.78 3.86 -32.55 -18.3 -0.65 -5.16 14.37 -2.95 2.5 4.2 -1.89 3 -3.42 -0.59 1.55 -5.96 -14.11 -5.76 3.74 8.37 -8.7 8.15 4.64 -4.63 2.79 -0 0 0 -122.59 -62.9 110.31 26.17 -37.37 -8.99 -0 -0 34.13 20.38 13.69 5.02 -7.12 0 -0 -6.49 44.45 0.09 -0 0 0 105.5 48.66 38.42 -23.96 35.12 -7.68 0 -0 -29.7 -13.08 44.54 -9.26 7.12 -0 -0 12.09 14.45 15.02
24.33 15.8 -3.74 -481.17 1340.64 -1680.21 0 0 0 -36.83 2.81 -8.36 1.64 8.07 22.91 0.95 -7.11 -17.4 0.13 -2.3 -6.33 0 0 0 9.95 0.92 -37.1 -2.54 -9.92 28.71 3.74 -31.86 -11.63 -0.49 -4.48 12.44 -1.95 2.09 3.81 -1.13 2.56 -3.87 -0.32 1.31 -6.19 -14.29 -6.08 3.65 7.92 -9.1 8.52 4.5 -4.85 2.96 0 -0 0 -120.75 -63.95 113.06 28.54 -39.61 -10.46 -0 -0 30.72 19.38 13.85 4.81 -7.12 0 -0 -7.44 44.5 0.09 0 -0 0 101.5 47.8 35.19 -24.61 35.8 -8.06 0 -0 -29.66 -11.98 44.17 -8.41 7.12 -0 -0 12.56 13.89 15.53
23.92 15.82 -3.72 -498.25 1339.46 -1662.96 0 0 0 -35.72 2.41 -6.95 1.73 8.28 23.56 0.99 -8.9 -17.87 0.1 -2.08 -5.73 0 0 0 10.35 0.85 -37.84 -3.07 -10.81 31.66 4.43 -34.24 -13.11 -1.06 -6.56 18.42 -2.01 1.57 3.19 -0.6 1.89 -4.51 0.34 0.99 -6.52 -14.83 -6.56 3.97 8.39 -9.87 8.6 4.7 -5.25 3.06 -0 0 0 -113.05 -66.38 111.95 34.33 -44.33 -14.35 -0 -0 26.45 20.08 12.75 4.61 -7.12 0 -0 -6.58 43.42 0.26 -0 0 0 96.37 45.4 31.51 -25.68 36.89 -8.69 0 -0 -30.58 -11.31 44.32 -7.96 7.12 -0 -0 12.9 13.92 15.98
23.21 15.73 -3.71 -505.98 1337.16 -1655.09 0 0 0 -35.9 0.61 -3.67 1.86 8.58 24.48 1.26 -8.66 -20.13 0.14 -2.38 -6.54 0 0 0 10.79 0.62 -40.87 -4.72 -13.06 39.6 3.02 -28.98 -11.75 -0.49 -4.48 12.44 -3.71 1.64 3.13 -0.45 1.86 -5.14 1.44 1.07 -7.24 -15.02 -7.54 5.09 8.67 -11.32 7.47 4.81 -5.97 2.75 -0 0 0 -104.68 -69.82 107.55 42.48 -49.47 -20.31 -0 -0 23.88 21.39 11.27 4.38 -7.12 0 -0 -5.15 42.01 0.38 -0 0 0 91.91 43.28 26.35 -27.94 39.06 -10.09 0 -0 -33.12 -11.65 44.04 -8.16 7.12 -0 -0 12.7 13.71 15.68
22.2 15.64 -3.69 -514.56 1334.3 -1645.97 0 0 0 -34.84 -0.48 0.57 1.87 8.6 24.54 1.44 -9.71 -21.59 0.13 -2.36 -6.5 0 0 0 10.11 5.53 -41.37 -5.17 -13.57 41.54 1.13 -18.4 -7.59 -0.14 -2.38 6.56 -4.34 1.69 2.86 -0.77 1.83 -6.01 1.45 1.1 -8.04 -15.2 -8.59 7.74 9.64 -13.08 5.48 5.22 -6.87 2.01 -0 0 0 -92.79 -75.42 97.44 51.5 -53.58 -27.37 -0 -0 22.25 24.96 9.57 4.43 -7.12 0 -0 -1.78 40.51 0.2 -0 0 0 89.98 40.96 24.43 -31.99 42.54 -12.73 0 -0 -37.72 -11.75 43.77 -8.18 7.12 -0 -0 12.61 13.46 15.53
20.91 15.59 -3.65 -517.65 1329.2 -1640.58 0 0 0 -34.4 0.33 4.29 1.61 7.99 22.69 1.25 -11 -20.3 0.24 -3.17 -8.76 0 0 0 7.39 8.5 -42.27 -4.04 -12.21 36.49 0.83 -15.98 -8.11 -0.18 2.77 -7.63 -6.02 1.82 0.81 -1.93 1.85 -7.09 1.18 1.16 -8.05 -14.79 -10.14 10.78 9.58 -15.46 3.59 5.27 -8.09 1.24 -0 0 0 -75.69 -83.55 78 63.45 -57.16 -37.23 -0 -0 21.75 28.44 6.14 3.32 -7.12 0 -0 1.45 36.95 -0.29 -0 0 0 91.33 39.6 24.11 -39.46 47.75 -18.04 0 -0 -42.06 -14.88 43.65 -10.4 7.12 -0 -0 11.08 13.93 13.65
19.4 15.65 -3.52 -519.82 1322.27 -1636.19 0 0 0 -33.28 1.13 10.92 0.94 6.18 17.32 0.58 -9.98 -14.31 0.82 -5.77 -16.11 0 0 0 5.5 5.05 -42.44 -3 -10.69 31.26 1.39 -20.48 -10.5 -0.09 1.98 -5.46 -6.24 1.78 -0.73 -3.58 1.68 -8.22 -0.4 1.02 -8.34 -14.96 -11.92 13.75 8.67 -18.18 2.3 5.17 -9.47 0.68 0 -0 0 51.97 -81.61 -52.92 73.39 -58.93 -45.67 -0 -0 18.53 33.78 3.24 2.17 -7.12 0 -0 5.88 33.84 -1.62 0 -0 0 95.06 38.94 24.54 -53.42 54.28 -28.93 0 -0 -44.13 -16.72 45.11 -12.01 7.12 -0 -0 10.48 15.7 13.11
17.56 15.76 -3.34 -519.6 1319.31 -1634.77 0 0 0 -30.9 1.7 14.55 0.96 6.25 17.51 -0.09 -6.82 -2.14 1.51 -7.75 -21.97 0 0 0 9.04 1.01 -41.75 -3.08 -10.82 31.66 2.01 -24.45 -13.66 -2.22 -9.3 26.75 -7.22 2.8 -3.59 -4.52 3.11 -9.13 -0.84 1.73 -7.78 -14.3 -13.57 15.2 6.71 -20.48 2.7 4.55 -10.61 0.59 0 -0 0 64.29 -68.72 -72.09 78.9 -59.53 -50.4 -0 -0 13.96 39.65 2.17 1.8 -7.12 0 -0 10.55 32.67 -3.23 0 -0 0 99.58 41.64 26.78 -66.05 57.72 -39.42 0 -0 -41.26 -16.72 49.21 -12.81 7.12 -0 -0 11.34 19.63 14.72
15.71 15.85 -3.14 -525.96 1321.54 -1629.23 0 0 0 -26.08 -0.94 8.24 3.87 11.99 35.68 0.51 1.81 13.03 1.9 -8.66 -24.72 0 0 0 14.96 3.76 -34.44 -3.68 -11.72 34.76 0.28 -17.18 -21.56 -0.48 -4.46 12.38 -3.29 3.81 -4.5 -3.33 4.56 -10.36 -1.8 2.23 -8.38 -15.32 -13.52 14.39 4.83 -20.47 4.06 4 -10.62 1.03 -0 0 0 56.07 -57.34 -74.07 81.04 -59.69 -52.25 -0 -0 8.29 44.26 1.15 1.12 -7.12 0 -0 14.06 31.38 -4.81 -0 0 0 106.14 46.91 37.23 -72.65 58.83 -45.03 0 -0 -27.6 -14.81 53.48 -11.99 7.12 -0 -0 13.15 23.27 17.61
14.26 15.82 -2.99 -543.89 1322.74 -1613.79 0 0 0 -15 -5.33 -5.77 10.51 17.69 61.18 1.89 5.23 24.89 1.44 -7.58 -21.44 0 0 0 26.77 0.25 -28.61 -3.66 -11.69 34.66 -0.74 -10.31 -23.12 -0 0.01 -0.03 5.49 4.61 -1.98 -0.95 6.06 -11.4 -4.42 2.28 -10.39 -15.04 -12.87 15.11 5.35 -19.64 2.42 4.29 -10.15 0.37 -0 0 0 48.76 -48.92 -78.71 85.97 -59.94 -56.51 -0 0 -2.61 47.72 1.73 1.9 -7.12 0 -0 16.92 32.22 -5.5 -0 0 0 108.46 55.12 47 -74.16 59.03 -46.33 0 -0 -18.98 -15.03 58.91 -12.95 7.12 -0 -0 14.54 28.36 20.11
13.01 15.83 -2.95 -549.13 1323 -1609.13 0 0 0 -11.59 -14.35 -20.11 15.37 19.48 76.36 0.38 2.6 11.02 1.91 -8.68 -24.78 0 0 0 32.17 -2.27 -21.96 -2.9 -10.53 30.7 -1.39 -8.99 -27.15 -0.09 -1.96 5.41 6.76 5.31 0.25 0.07 7.37 -11.14 -4.31 2.83 -11.3 -15.36 -12.96 13.75 6.57 -19.58 1.97 4.58 -10.11 0.57 0 0 0 38.8 -40.53 -81.5 92.33 -59.98 -62.02 -0 0 -9.25 50.87 2.44 2.99 -7.12 0 -0 19.6 33.32 -5.91 0 0 0 107.64 67.22 53.08 -72.03 58.74 -44.5 0 -0 -12.32 -15.87 61.03 -13.97 7.12 -0 -0 14.91 30.46 20.84
11.84 15.78 -2.87 -554.45 1323.99 -1603 0 0 0 -7.64 -24.85 -32.33 15.77 19.57 77.54 0.03 3.48 -6.32 2.13 -9.14 -26.22 0 0 0 37.1 -5.05 -17.75 -2.24 -9.34 26.88 -1.55 -9.2 -28.42 -0.01 -0.71 1.95 9.39 6.81 1.13 0.07 9.68 -11.25 -5.97 3.69 -11.32 -14.5 -12.45 11.78 7.15 -18.45 1.44 4.55 -9.49 0.57 -0 -0 0 23.94 -32.29 -77.88 96.96 -59.82 -66.02 -0 0 -11.94 51.74 3.99 5.04 -7.12 0 -0 20.82 35.69 -5.04 -0 -0 0 107.28 78.67 57.25 -71.04 58.6 -43.66 0 -0 -10.75 -18.03 63.8 -16.28 7.12 -0 -0 15.21 33.36 21.48
10.67 15.79 -2.74 -555.75 1329.28 -1598.85 0 0 0 -8.4 -24.28 -42.49 12.48 18.59 67.51 0.28 -0.82 -9.7 3.56 -11.55 -34.17 0 0 0 37.81 -10.17 -15.45 -1.68 -8.17 23.23 -1.88 -3.58 -27.4 -0 0.25 -0.67 9.55 10.69 0.21 -1.77 14.67 -11.79 -7.96 6.13 -10.07 -11.07 -9.51 7.03 8.64 -13.59 1.26 4.38 -6.97 0.59 0 0 0 4.54 -28.8 -71.17 102.72 -59.38 -70.99 -0 0 -20.73 51.4 6.01 7.48 -7.12 0 -0 21.22 38.67 -3.5 0 0 0 29.88 89.31 -16.01 -74.17 59.03 -46.34 0 -0 -9.82 -22.66 65.42 -20.79 7.12 -0 -0 14.52 35.69 20.59
9.51 15.76 -2.66 -552.16 1332.04 -1601.43 0 0 0 -19.19 -16.47 -45.61 10.18 17.51 60.09 0.17 0.43 -8.02 4.1 -12.3 -36.78 0 0 0 36.6 -6.47 -8.88 -1.56 -7.89 22.39 -1.96 -7.87 -30.22 -0.03 1.08 -2.96 9.86 14.3 1.11 -4.09 19.51 -11.84 -10.47 8.56 -8.85 -6.82 0.09 3.07 9.09 0.06 -1.89 4.23 -0.06 -1.17 0 0 0 -20.95 -30.3 -59.87 107.59 -58.8 -75.17 -0 0 -26.85 50.28 9.04 10.71 -7.12 0 -0 21.24 42.9 -1.16 0 0 0 -73.09 78.72 -112.39 -74.24 59.04 -46.39 0 -0 -8.74 -25.52 68.06 -23.88 7.12 -0 -0 15.04 38.51 21.47
8.23 15.81 -2.66 -550.59 1327.6 -1601.53 0 0 0 -28.67 -7.75 -43.25 8.65 16.58 54.87 -0.19 9.17 -8.71 0.48 -4.44 -12.33 0 0 0 36.9 -11.82 -9.02 -1.89 -8.63 24.64 -1.4 -2.81 -23.48 -0.87 5.96 -16.68 9.73 16.31 -0.81 -5.92 21.88 -13.01 -11.58 9.79 -7.9 -0.1 11.57 3.31 4.73 15.73 -5.03 0.97 7.71 -2.59 -0 -0 0 -47.4 -28.72 -41.2 114.92 -57.52 -81.4 -0 0 -33.08 49.82 11.12 12.87 -7.12 0 -0 21.5 45.75 0.42 -0 -0 0 -77.55 71.25 -107.08 -72.88 58.86 -45.23 0 -0 -8.76 -24.57 68.93 -23.11 7.12 -0 -0 15.73 39.04 22.51
7.05 15.89 -2.75 -546.54 1317.31 -1604.3 0 0 0 -25.02 -14.84 -36.77 8.43 16.42 54.09 0.11 0.66 -6.47 0.93 -6.14 -17.2 0 0 0 35.61 -15.75 -15.63 -3.96 -12.1 36.1 -0.17 5.3 -7.61 -4.54 12.85 -38.8 9.26 16.89 -2.47 -8.47 22.38 -13.9 -13.44 10.12 -6.98 0.34 16.43 1.36 3.64 22.14 -4.53 0.53 10.98 -2.06 0 0 0 -68.4 -23.56 -20.01 120.68 -56.12 -86.23 -0 0 -36.38 49.28 13.49 15.16 -7.12 0 -0 21.76 48.89 2.18 0 0 0 -81.18 67.71 -99.03 -70.16 58.46 -42.91 0 -0 -8.2 -22.03 70.62 -20.9 7.12 -0 -0 17.23 39.97 24.75
6.09 15.86 -3.02 -536.6 1302.48 -1613.85 0 0 0 -29.7 -14.89 -31.83 8.4 16.41 54 -0.13 -6.81 -0.28 0.58 -4.87 -13.53 0 0 0 26.79 -17.87 -22.55 -7.25 -15.54 49.82 -0.18 6.03 -8.01 -3.88 12 -35.75 4.73 16 -0.95 -10.66 21.04 -12.24 -14.12 9.81 -6.96 1.14 15.66 0.32 2.34 20.94 -1.21 0.39 10.46 -0.56 0 0 0 -82.21 -14.45 1.48 121.65 -55.85 -87.03 -0 0 -35.11 48.26 13.24 14.4 -7.12 0 -0 20.58 48.31 1.75 0 0 0 -85.31 69.13 -90.62 -64.41 57.38 -38.04 0 -0 -6.27 -23.04 70.79 -21.88 7.12 -0 -0 17.09 40.28 24.55
5.19 16.04 -3.29 -536.13 1286.69 -1614.59 0 0 0 -28.17 -16.27 -27.45 7.96 16.09 52.41 -0.47 -11.98 4.27 0.64 -5.11 -14.22 0 0 0 21.03 -8.11 -19.62 -7.62 -15.84 51.2 -0.72 -2.7 -17.26 -1.51 7.76 -22 3.8 15.47 -0.98 -10.34 20.39 -11 -13.16 9.69 -6.13 1.04 15.62 1.27 5.14 20.84 2.63 1.29 10.48 0.15 -0 0 0 -89.03 -3.39 16.1 119.36 -56.48 -85.13 -0 0 -34.29 49.15 18.87 20.51 -7.12 0 -0 23.59 55.97 6.61 -0 0 0 -88.8 77.84 -84.56 -59.53 56.18 -33.95 0 -0 -5.47 -16.31 70.85 -15.45 7.12 -0 -0 18.66 39.24 26.89
4.31 16.23 -3.6 -537.53 1268.2 -1614.26 0 0 0 -24.41 -23.71 -23.57 7.47 15.72 50.65 -0.54 -13.1 7.38 0.31 -3.55 -9.82 0 0 0 18.59 3.16 -12.96 -6.08 -14.51 45.3 -0.6 -8.65 -20.28 -0.21 2.94 -8.1 3.85 14.49 -1.47 -9 19.19 -9.84 -11.54 9.21 -5.32 1.74 13.49 3.28 5.67 18.02 3.95 1.29 9.09 0.31 -0 -0 0 -90.93 5.2 24.53 115.1 -57.48 -81.55 -0 0 -32.73 47.14 20.43 20.62 -7.12 0 -0 21.5 57.37 6.72 -0 -0 0 -8.53 87.91 2.94 -55.42 54.96 -30.56 0 -0 -4.04 -12.38 70.44 -11.69 7.12 -0 -0 19.41 38.31 28
3.46 16.43 -3.99 -540.65 1245.64 -1614.39 0 0 0 -18.41 -33.13 -22.38 7.03 15.36 49 -0.58 -13.83 9.14 0.44 -4.27 -11.84 0 0 0 20.28 6.65 -7.03 -3.89 -12.01 35.76 -0.13 1.41 -6.49 -1.23 7.05 -19.86 6.14 12.92 -0.96 -7.31 17.31 -8.44 -10.95 8.28 -4.37 -1.92 9.61 1.52 8.72 12.63 5.7 3.06 6.45 0.81 -0 -0 0 -90.25 5.75 31.22 109.53 -58.51 -76.83 -0 0 -31.93 41.95 23.1 19.42 -7.12 0 -0 15.24 59.16 5.35 -0 -0 0 50.23 76.11 65.83 -53.37 54.27 -28.88 0 -0 -2.53 -4.38 69.62 -4.11 7.12 -0 -0 21.11 36.63 30.55
2.52 16.36 -4.44 -543 1224.07 -1616.53 0 0 0 -13.86 -34.89 -26.51 7.01 15.34 48.92 -0.81 -15.73 7.17 1.8 -8.43 -24.02 0 0 0 24.78 -1.83 -8.01 -3.09 -10.83 31.72 0.14 8.6 -2.86 -2.63 10.07 -29.19 7.19 11.24 2.11 -5.26 15.34 -6.98 -10.06 7.22 -5.25 -5.34 4.91 1.74 8.28 6.36 4.18 3.58 3.21 0.55 -0 -0 0 -90.7 -0.86 37.3 99.39 -59.66 -68.12 -0 0 -29.34 35.76 25.75 17.38 -7.12 0 -0 7.23 60.57 2.75 -0 -0 0 47.69 62.5 64.03 -53.57 54.34 -29.05 0 -0 -1.04 -3.16 69.45 -2.96 7.12 -0 -0 21.38 36.36 30.95
1.69 16.37 -4.68 -543.68 1206.36 -1617.15 0 0 0 -14.3 -24.15 -32.11 6.3 14.71 46.16 -1.22 -19.33 4.37 2.66 -10.12 -29.38 0 0 0 30.14 -7.08 -8.67 -2.14 -9.16 26.28 -0.34 -0.91 -11.33 -1.96 8.78 -25.09 6.14 10.39 2.49 -3.92 14.18 -5.75 -8.11 6.75 -4.95 -7.47 0.54 2.62 7.96 0.5 2.26 3.93 0.22 0.22 0 0 0 -91.61 -10.11 46.33 89.3 -60 -59.4 -0 0 -28.99 32.35 29.46 17.31 -7.12 0 -0 1.86 63.74 0.85 0 0 0 44.77 50.07 58.7 -54.33 54.6 -29.67 0 0 0.91 -3.69 68.41 -3.43 7.12 -0 -0 20.92 35.46 30.2
1.1 16.44 -4.85 -544.75 1193.25 -1618.44 0 0 0 -13.54 -23.59 -30.19 6.37 14.78 46.47 -0.16 -10.69 -4.55 2.86 -10.47 -30.52 0 0 0 33.83 -9.61 -10.67 -1.54 -7.83 22.21 -0.17 -10.51 -17.32 -1.72 8.26 -23.5 6.28 9.43 2.96 -3.41 12.95 -5.55 -7.75 6.12 -5.31 -8.29 -2.52 3.16 8.43 -3.68 2.68 4.28 -1.89 0.65 -0 -0 0 -92.91 -17 54.84 78.26 -59.47 -49.85 -0 0 -28.45 32.66 30.93 18.24 -7.12 0 -0 1.66 65.41 0.82 -0 -0 0 46.98 41.77 55.67 -52 53.77 -27.78 0 0 1.6 -5.54 68.5 -5.16 7.12 -0 -0 20.45 35.73 29.49
0.72 16.31 -5.02 -539.95 1182.53 -1614.58 0 0 0 -13.11 -23.64 -27.7 7.94 16.08 52.35 0.14 -4.86 -6.98 2.23 -9.34 -26.86 0 0 0 33.37 -12.43 -16.14 -2.18 -9.23 26.53 -0.42 -12.98 -22.89 -1.19 6.93 -19.51 4.04 7.73 2.44 -2.89 10.53 -5.32 -5.91 5.01 -5.65 -9.36 -4.19 4.21 9.43 -6.07 3.57 4.35 -3.1 0.94 -0 -0 0 -95.15 -19.83 61.49 69.09 -58.28 -42 -0 0 -26.25 31.73 31.6 17.95 -7.12 0 -0 0.08 65.86 0.04 -0 -0 0 48.08 37.37 54.48 -49.38 52.74 -25.68 0 0 2.27 -2.33 68.82 -2.17 7.12 -0 -0 21.41 35.7 30.97
0.47 16.26 -5.2 -538.68 1175.48 -1614.48 0 0 0 -10.72 -21.14 -24.47 9 16.81 56.1 -0.06 -5.46 -1.52 2.1 -9.08 -26.03 0 0 0 33.8 -11 -17.34 -2.46 -9.76 28.22 -0.06 -19.02 -27.39 -0.74 5.5 -15.33 4.08 6.34 2.99 -2.51 8.71 -5.17 -5.54 4.09 -6.07 -9.58 -5.27 4.21 9.82 -7.59 4.75 4.46 -3.84 1.46 -0 0 0 -97.32 -19.96 66.45 63.95 -57.27 -37.65 -0 0 -23.41 31.36 31.04 17.45 -7.12 0 -0 -0.14 65.16 -0.07 -0 0 0 48.73 34.25 53.87 -48.06 52.18 -24.63 0 0 2.18 -1.8 69.4 -1.69 7.12 -0 -0 21.72 36.19 31.47
0.36 16.32 -5.44 -459.6 1173.43 -1534.47 0 0 0 -13.24 -17.24 -21.55 7.52 15.76 50.83 -0.14 -6.68 3.03 3.74 -11.81 -35.07 0 0 0 29.92 -7.67 -19.55 -2.83 -10.41 30.32 -0.19 -23.2 -33.85 -0.27 3.32 -9.18 2.01 5.33 1.22 -3.71 7.19 -5.5 -5.4 3.44 -5.68 -9.57 -5.96 4.36 10.18 -8.56 5.62 4.54 -4.31 1.8 0 0 0 -98.6 -19.13 70.49 62.51 -56.94 -36.44 -0 0 -22.75 29.61 29.98 15.85 -7.12 0 -0 -1.88 63.53 -0.85 0 0 0 47.31 31.12 53.5 -49.57 52.82 -25.83 0 0 1.73 0.29 70.38 0.27 7.12 -0 -0 22.54 36.91 32.77
0.32 16.49 -5.71 -442.05 1177.37 -1516.48 0 0 0 -19.31 -10.73 -18.07 5.04 13.43 41.01 -0.21 -8.55 0.3 3.98 -12.14 -36.23 0 0 0 24.58 -9.57 -22.5 -3.23 -11.06 32.47 -0.22 -23.02 -33.76 -0.19 2.82 -7.79 -0.49 4.69 0.39 -4.77 6.25 -5.67 -5.02 3.09 -5.63 -10.01 -6.12 4.52 10.04 -8.83 6.35 4.55 -4.45 2.03 -0 0 0 -99.76 -17.54 71.9 62.8 -57.01 -36.68 -0 0 -20.92 30.36 29.42 16.05 -7.12 0 -0 -0.67 63.14 -0.29 -0 0 0 45.75 29.17 52.54 -49.49 52.79 -25.77 0 0 2.39 -0.55 72.74 -0.52 7.12 -0 -0 23.06 39.15 33.63
0.27 16.52 -5.99 -430.34 1177.41 -1504.04 0 0 0 -20.51 -4.11 -19.17 4.31 12.56 37.73 -0.32 -11.23 -1.56 3.77 -11.84 -35.18 0 0 0 23.9 -9.78 -24.32 -3.47 -11.42 33.72 -0.35 -22.75 -34.21 -0.23 3.06 -8.44 0.6 3.87 -0.5 -4.26 5.21 -6.04 -4.99 2.54 -5.54 -9.73 -6.05 4.34 9.01 -8.69 7.12 4.18 -4.38 2.22 0 -0 0 -99.94 -16.04 71.84 64.38 -57.37 -38.01 -0 0 -21.19 30.75 28.82 16 -7.12 0 -0 0.07 62.61 0.03 0 -0 0 44.09 28.73 51.81 -50.34 53.13 -26.44 0 0 2.05 0.29 74.48 0.28 7.12 -0 -0 23.82 40.68 34.82
0.27 16.51 -6.21 -416.28 1176.4 -1490.45 0 0 0 -19.71 -4.53 -17.86 4.11 12.31 36.83 -0.27 -11.65 -3.5 3.58 -11.58 -34.27 0 0 0 24.93 -11.15 -23.79 -3.36 -11.26 33.15 -0.46 -22.41 -34.4 -0.22 2.99 -8.26 2.01 3.18 -0.67 -3.22 4.34 -6 -4.65 2.05 -5.46 -9.57 -5.97 3.77 8.85 -8.57 8.46 4.08 -4.29 2.69 0 -0 0 -99.26 -16.09 72.11 65.32 -57.57 -38.8 -0 0 -20.24 32.56 26.64 15.98 -7.12 0 -0 3.06 60.72 1.17 0 -0 0 43.93 28.35 51.02 -50.95 53.37 -26.93 0 0 2.35 1.04 75.18 1 7.12 -0 -0 24.22 41.28 35.43
0.3 16.49 -6.35 -436.56 1176.1 -1511.1 0 0 0 -21.29 -8.51 -14.29 3.83 11.93 35.48 0.03 -7.91 -6.17 3.6 -11.6 -34.35 0 0 0 23.52 -10.08 -23 -3.43 -11.36 33.49 -0.61 -22.06 -34.87 -0.19 2.82 -7.78 0.39 3.5 -0.94 -3.15 4.73 -5.87 -3.65 2.33 -5.25 -9.2 -5.88 3.73 9.44 -8.47 8.63 4.2 -4.21 2.74 -0 0 0 -98.16 -16.39 72.02 66.47 -57.8 -39.77 -0 0 -19.39 30.15 27.99 15.25 -7.12 0 -0 -0.35 61.56 -0.14 -0 0 0 45.39 27.71 51.13 -51.03 53.4 -27 0 0 2.96 0.64 75.82 0.62 7.12 -0 -0 24.36 41.89 35.65
0.34 16.46 -6.44 -465.51 1176.49 -1540.38 0 0 0 -22.3 -8.66 -12.58 3.68 11.72 34.73 0.14 -6.18 -7.49 3.48 -11.43 -33.74 0 0 0 22.66 -8.58 -22.23 -3.46 -11.41 33.66 -0.59 -22.06 -34.75 -0.15 2.51 -6.92 -0.44 4.24 -1.08 -3.47 5.7 -5.69 -3.53 2.85 -4.97 -8.04 -6.26 3.06 8.77 -8.9 8.85 3.77 -4.38 2.88 0 0 0 -97.25 -16.77 71.61 67.1 -57.92 -40.31 -0 0 -18.73 30.47 27.34 15.12 -7.12 0 -0 0.29 60.93 0.11 0 0 0 47.43 27.48 52.09 -50.54 53.21 -26.61 0 0 3.47 1.69 75.81 1.64 7.12 -0 -0 24.56 41.81 35.97
0.38 16.48 -6.53 -485.04 1177.55 -1559.88 0 0 0 -22.87 -6.89 -12.13 3.52 11.49 33.96 0.22 -5.19 -8.54 3.33 -11.2 -32.97 0 0 0 22.42 -8.81 -22.01 -3.36 -11.26 33.16 -0.46 -21.15 -32.89 -0.27 3.32 -9.18 -0.4 4.56 -1.64 -3.72 6.14 -5.68 -3.76 3.07 -4.6 -7.86 -5.65 3.74 9.47 -8.12 7.97 4.01 -4 2.45 0 0 0 -96.39 -15.99 70.26 67.17 -57.94 -40.37 -0 0 -18.46 31.28 27.07 15.46 -7.12 0 -0 1.37 60.85 0.53 0 0 0 48.76 28.31 53.83 -49.79 52.91 -26.01 0 0 3.3 2.2 76.61 2.14 7.12 -0 -0 24.94 42.52 36.54
0.45 16.47 -6.59 -496.88 1178.78 -1571.61 0 0 0 -23.27 -5.46 -11.67 3.39 11.3 33.29 0.31 -4.47 -9.97 3.32 -11.2 -32.95 0 0 0 22.28 -9.08 -21.43 -3.21 -11.03 32.38 -0.65 -19.6 -32.19 -0.29 3.48 -9.61 -0.44 4.65 -2.18 -3.77 6.27 -5.87 -3.76 3.14 -4.47 -7.72 -5.36 2.87 9.52 -7.73 8.9 3.98 -3.76 2.83 -0 0 0 -95.63 -13.97 68.78 68.05 -58.1 -41.11 -0 0 -18.14 32.78 25.58 15.54 -7.12 0 -0 3.6 59.6 1.28 -0 0 0 49.74 29.09 55.24 -49.16 52.65 -25.51 0 0 3.05 1.56 76.86 1.52 7.12 -0 -0 24.92 42.79 36.49
0.52 16.46 -6.62 -504.68 1179.59 -1579.02 0 0 0 -23.02 -4.35 -11.73 3.32 11.2 32.96 0.39 -4.63 -11.12 3.24 -11.08 -32.55 0 0 0 22.7 -7.77 -20.4 -2.99 -10.68 31.2 -0.8 -19.57 -33.1 -0.24 3.13 -8.65 -0.76 4.42 -2.94 -3.49 5.98 -6.05 -3.23 3.02 -4.32 -7.92 -4.94 2.12 9.94 -7.19 9.37 4.14 -3.47 3.07 0 0 0 -94.16 -11.25 67.21 69.11 -58.29 -42.01 -0 0 -16.31 34.13 25.26 16.13 -7.12 0 -0 5.3 59.59 1.89 0 0 0 51.25 29.08 56.4 -48.83 52.51 -25.24 0 0 2.16 -3.43 77.8 -3.35 7.12 -0 -0 24.42 43.95 35.66
0.59 16.46 -6.64 -509.14 1180.49 -1582.97 0 0 0 -23.16 -4.24 -11.31 3.19 10.99 32.26 0.47 -3.83 -12.16 3.15 -10.93 -32.03 0 0 0 22.87 -6.96 -19.67 -2.76 -10.3 29.95 -0.88 -19.51 -33.49 -0.39 4 -11.08 -1.02 4.33 -3.49 -3.7 5.88 -6.41 -3.28 2.98 -4.39 -7.64 -4.72 1.79 10.87 -6.96 9.59 4.38 -3.3 3.18 -0 0 0 -91.26 -6.44 65.57 68.81 -58.23 -41.76 -0 0 -12.6 35.1 22.74 15.2 -7.12 0 -0 6.85 56.97 2.02 -0 0 0 55.63 25.45 55.98 -48.26 52.27 -24.79 0 0 1.37 -16.13 77.53 -15.77 7.12 -0 -0 22.23 44.84 32.24
0.65 16.47 -6.64 -512.65 1181.47 -1585.74 0 0 0 -23.19 -4.23 -11.49 3.11 10.87 31.86 0.5 -3.28 -12.64 3.21 -11.04 -32.4 0 0 0 23.03 -6.07 -18.92 -2.48 -9.81 28.36 -1.02 -18.96 -33.73 -0.05 1.51 -4.14 -1.52 4.31 -4.12 -3.89 5.89 -6.7 -3.17 3.01 -4.38 -7.74 -4.65 1.23 11.97 -6.94 9.85 4.73 -3.22 3.39 -0 -0 0 -89.37 -0.02 59.91 62.84 -57.02 -36.71 -0 0 -1.83 31.93 20.45 12.28 -7.12 0 -0 3.62 53.66 0.77 -0 -0 0 62.31 18.25 53.4 -46.04 51.27 -23.04 0 0 0.81 -13.71 74.55 -13.24 7.12 -0 -0 21.01 42.06 30.47
0.71 16.47 -6.66 -515.37 1182.39 -1588.01 0 0 0 -23.29 -3.76 -11.78 3.11 10.86 31.82 0.53 -3.1 -13.07 3.17 -10.97 -32.17 0 0 0 23.04 -5.76 -18.32 -2.29 -9.45 27.2 -1.24 -18.27 -34.27 -0.06 1.54 -4.24 -1.65 4.53 -4.21 -4.14 6.18 -6.86 -3.35 3.17 -4.47 -7.72 -4.94 0.77 12.77 -7.39 9.95 4.94 -3.4 3.57 -0 -0 0 -89.32 6.22 49.57 50.45 -53.17 -26.53 -0 -0 7.65 28.1 22.1 11.36 -7.12 0 -0 -0.82 54.7 -0.19 -0 -0 0 70.58 7.92 46.8 -40.96 48.63 -19.15 0 0 0.76 -11.52 72.07 -10.98 7.12 -0 -0 20.31 39.64 29.39
0.74 16.44 -6.65 -516.22 1182.88 -1587.87 0 0 0 -23.28 -3.62 -12.84 3.12 10.89 31.92 0.56 -3.47 -13.42 3.15 -10.93 -32.06 0 0 0 23.11 -4.77 -18.4 -2.17 -9.2 26.43 -1.5 -18.12 -35.62 -0.05 1.47 -4.05 -2.06 4.83 -4.62 -4.35 6.61 -7.12 -3.32 3.4 -4.52 -8.19 -5.45 0.73 13.37 -8.13 10.01 5.17 -3.75 3.71 -0 0 0 -91.65 8.71 31.81 31.68 -42.29 -12.52 -0 -0 10.46 24.95 25.81 11.45 -7.12 0 -0 -5.47 57.97 -1.74 -0 0 0 81.34 -2.28 30.8 -31.35 42.03 -12.31 0 0 2.84 -8.7 69.59 -8.16 7.12 -0 -0 20 37.09 28.85
0.79 16.4 -6.65 -515.54 1183.84 -1586.08 0 0 0 -23.98 -3.95 -13.46 3.07 10.81 31.63 0.66 -3.37 -14.61 3.08 -10.83 -31.69 0 0 0 22.64 -4.4 -19.19 -2.12 -9.11 26.13 -1.86 -17.15 -36.63 -0 0.3 -0.82 -2.68 4.79 -5.31 -4.53 6.61 -7.59 -3.14 3.45 -4.68 -8.45 -5.74 0.47 12.91 -8.59 11.61 5.04 -3.95 4.28 0 0 0 -93.15 6.99 -3.75 15.79 -25.23 -3.55 -0 -0 24.11 28.78 30.88 15.75 -7.12 0 -0 -3.39 64.25 -1.58 0 0 0 92.02 -7.2 0.67 -18.63 28.95 -4.85 0 0 9.02 -7.77 64.11 -7 7.12 -0 -0 18.48 31.98 26.24
0.8 16.36 -6.65 -517.81 1185 -1587.5 0 0 0 -24.01 -3.49 -14.4 3.08 10.82 31.68 0.78 -3.36 -15.86 3.02 -10.73 -31.37 0 0 0 22.8 -1.8 -18.9 -2.02 -8.9 25.48 -2.03 -18.2 -38.43 -0.02 -0.83 2.27 -2.54 4.4 -4.96 -4.39 6.06 -7.95 -3.15 3.17 -5.28 -9.03 -5.87 -0.7 12.46 -8.8 13.7 4.95 -4 5.15 0 -0 0 -92.44 13.61 -21.74 16.06 -25.61 -3.67 -0 -0 21.71 36.21 41.17 25.73 -7.12 0 -0 -0.5 77.28 -0.38 0 -0 0 98.33 -9.97 -42.22 -11.93 19.69 -2.08 0 0 20.12 -8.76 57.26 -7.39 7.12 -0 -0 16.39 25.77 22.51
0.85 16.34 -6.64 -516.44 1185.89 -1586.01 0 0 0 -24.81 -2.49 -14.2 2.96 10.63 31.05 0.78 -3.99 -15.79 3.03 -10.74 -31.42 0 0 0 22.02 -2.06 -18.96 -2.02 -8.92 25.53 -2.11 -17.45 -38.17 -0.02 -0.85 2.35 -3.33 3.89 -4.88 -4.31 5.38 -7.59 -2.61 2.86 -5.05 -9.21 -6.29 -0.54 12.1 -9.33 13.42 4.83 -4.31 5.09 0 0 0 -92.32 21.88 -20.89 19.71 -30.29 -5.38 -0 -0 7.98 30.47 37.48 19.7 -7.12 0 -0 -6.13 71.56 -3.88 0 0 0 103.69 -19.81 -43.01 -15.09 24.27 -3.26 0 -0 -2.84 -6.5 48.76 -4.9 7.12 -0 -0 15.75 17.42 20.38
0.84 16.36 -6.64 -518.82 1186.94 -1588.38 0 0 0 -24.72 -2.42 -14.37 3.02 10.72 31.35 0.78 -3.1 -15.88 3.15 -10.93 -32.05 0 0 0 22.07 -1.87 -19.07 -2.04 -8.96 25.67 -1.98 -16.87 -37.01 -0 0.1 -0.27 -3.13 3.42 -4.61 -4.01 4.74 -7.26 -2.41 2.52 -4.86 -9.37 -6.47 -0.57 11.91 -9.64 14.71 4.78 -4.45 5.52 0 -0 0 -93.52 26.1 -24.07 21.34 -32.22 -6.23 -0 -0 3.75 32.92 38.66 22.02 -7.12 0 -0 -3.52 73.58 -2.38 0 -0 0 104.92 -25.25 -46.6 -15.01 24.17 -3.23 0 0 3.71 0.29 49.12 0.22 7.12 -0 -0 18.75 16.96 24.51
0.78 16.38 -6.62 -521.45 1188.38 -1591.6 0 0 0 -24.45 -1.94 -14.11 3.09 10.83 31.72 0.76 -2.37 -15.84 3.22 -11.04 -32.42 0 0 0 22.38 -2.13 -18.76 -2.05 -8.97 25.69 -1.98 -15.86 -36.16 -0 0.07 -0.2 -3.19 2.9 -3.99 -3.62 3.99 -6.52 -1.98 2.14 -4.47 -9.29 -6.54 -1.41 11.48 -9.74 16.48 4.6 -4.45 6.21 -0 -0 0 -94.1 25.25 -28.41 19.54 -30.08 -5.3 -0 -0 7.44 33.93 39.07 22.98 -7.12 0 -0 -2.25 74.35 -1.56 -0 -0 0 103.27 -26.61 -46.28 -14.91 24.02 -3.19 0 0 4.45 1.43 44.47 1 7.12 -0 -0 18.9 12.44 23.69
0.71 16.37 -6.6 -523.59 1190.97 -1594.29 0 0 0 -24.82 -1.43 -13.39 3.05 10.78 31.54 0.83 -0.87 -16.91 3.13 -10.9 -31.93 0 0 0 22.19 -1.67 -18.33 -2.06 -8.99 25.78 -1.95 -14.6 -34.98 -0 0.27 -0.74 -3.59 2.68 -3.68 -3.73 3.68 -5.99 -1.85 1.98 -4.11 -9 -6.65 -1.25 11.68 -9.98 16.84 4.6 -4.53 6.32 0 -0 0 -94.09 24.62 -23.54 20.69 -31.46 -5.88 -0 -0 6.11 32.38 40.39 22.34 -7.12 0 -0 -6.63 75.1 -4.71 0 -0 0 101.28 -25.22 -41.34 -16.2 25.79 -3.73 0 0 0.24 2.28 43.54 1.57 7.12 -0 -0 19.24 11.5 23.93
0.63 16.36 -6.57 -526.4 1193.26 -1597.28 0 0 0 -24.54 -0.91 -13.07 3.03 10.74 31.42 0.93 0.36 -18.33 3.27 -11.12 -32.7 0 0 0 22.71 -2.75 -18.81 -2.08 -9.03 25.89 -2.07 -11.73 -33.47 -0.02 0.83 -2.29 -3.52 2.53 -3.54 -3.76 3.46 -5.78 -1.93 1.86 -3.96 -9.41 -7 -0.27 12.13 -10.54 16.14 4.8 -4.86 6.04 -0 0 0 -93.52 23.43 -14.97 23.92 -35.08 -7.66 -0 -0 4.7 31.5 38.2 20.76 -7.12 0 -0 -5.32 72.63 -3.49 -0 0 0 100.01 -23.71 -30.78 -20.05 30.71 -5.56 0 -0 -6.55 4.17 43.78 2.89 7.12 -0 -0 20.13 11.58 25.19
0.55 16.31 -6.55 -528.04 1195.14 -1599.23 0 0 0 -24.45 -0.68 -12.7 3.06 10.79 31.58 1.16 1.18 -20.8 3.08 -10.82 -31.68 0 0 0 23.02 -3.37 -19.22 -2.18 -9.22 26.5 -2.26 -9.21 -32.87 -0.03 1.17 -3.21 -3.38 2.25 -3.37 -3.84 3.07 -5.65 -2.09 1.65 -3.92 -10.14 -7.53 1.11 12.3 -11.23 14.29 4.97 -5.34 5.36 -0 -0 0 -92.76 21.38 -6.99 28.61 -39.67 -10.51 -0 -0 2.16 32.48 36.68 20.82 -7.12 0 -0 -2.26 71.41 -1.42 -0 -0 0 98.67 -21.94 -19.75 -25.25 36.46 -8.44 0 -0 -12.25 5.61 44.78 3.96 7.12 -0 -0 20.82 12.45 26.4
0.47 16.23 -6.54 -531.08 1196.41 -1602.98 0 0 0 -23.51 -0.35 -12.25 3.25 11.1 32.6 1.49 1.95 -23.82 2.83 -10.42 -30.34 0 0 0 24.21 -3.68 -18.52 -2.23 -9.33 26.83 -2.51 -6.82 -32.91 -0.02 1.01 -2.76 -2.28 2.02 -2.62 -3.61 2.71 -5.5 -2.48 1.42 -4.14 -10.8 -7.87 1.92 12.69 -11.7 12.71 5.2 -5.65 4.85 -0 -0 0 -91.9 19.46 0.3 35.03 -44.84 -14.84 -0 0 -1.35 33.38 35.87 21.11 -7.12 0 -0 -0.18 70.87 -0.11 -0 -0 0 97.93 -20.79 -10.47 -32.07 42.61 -12.79 0 -0 -15.45 6.85 45.58 4.9 7.12 -0 -0 21.4 13.14 27.43
0.4 16.14 -6.54 -534.78 1198.02 -1607.4 0 0 0 -22.29 -0.04 -12.12 3.6 11.61 34.36 1.81 3.17 -26.74 2.74 -10.27 -29.86 0 0 0 25.73 -4.18 -17.86 -2.27 -9.42 27.1 -2.58 -4.48 -32.19 -0.08 1.81 -4.99 -0.89 2.01 -1.56 -3.13 2.67 -5.53 -2.81 1.34 -4.72 -10.99 -8.29 1.55 12.39 -12.24 12.83 5.07 -5.93 5.01 -0 -0 0 -91.67 18.28 5.56 42.27 -49.36 -20.15 -0 0 -2.56 32.14 35.21 19.91 -7.12 0 -0 -1.59 69.78 -0.94 -0 -0 0 97.18 -20.33 -4 -38.26 47.01 -17.16 0 -0 -17.01 8.09 46.8 5.92 7.12 -0 -0 21.98 14.24 28.59
0.37 16.11 -6.53 -535.15 1199.58 -1608.24 0 0 0 -22.09 1.76 -12.92 3.88 12 35.72 1.88 2.41 -26.86 2.58 -9.98 -28.92 0 0 0 25.75 -3.93 -17.56 -2.34 -9.55 27.52 -2.65 -3.5 -32.16 -0.02 1 -2.74 -1.48 2.04 -2.02 -2.92 2.72 -5.49 -2.25 1.39 -4.47 -10.99 -8.53 1.61 12.2 -12.57 13.03 4.99 -6.1 5.1 0 -0 0 -91.73 17.47 9.4 47.04 -51.73 -23.83 -0 0 -1.36 31.48 33.82 18.82 -7.12 0 -0 -1.57 68.13 -0.87 0 -0 0 96.99 -19.8 -0.95 -41.76 49.08 -19.76 0 -0 -17.82 7.87 46.77 5.75 7.12 -0 -0 21.89 14.21 28.43
0.37 16.12 -6.51 -535.32 1200.9 -1608.55 0 0 0 -21.98 2.33 -12.78 3.87 11.99 35.68 1.81 2.24 -26.33 2.74 -10.26 -29.81 0 0 0 25.61 -3.44 -17.27 -2.37 -9.6 27.7 -2.55 -2.93 -31.36 -0.05 1.45 -3.98 -1.81 1.99 -2.85 -2.96 2.68 -5.73 -2.07 1.39 -4.26 -11.17 -8.63 1.48 12.45 -12.78 13.62 5.07 -6.19 5.36 0 -0 0 -91.72 17.56 11.14 47.92 -52.12 -24.52 -0 -0 0.38 29.91 33.87 17.78 -7.12 0 -0 -3.8 67.7 -2.07 0 -0 0 97.65 -18.99 -1.94 -39.23 47.61 -17.87 0 -0 -16.03 9.31 46.87 6.82 7.12 -0 -0 22.51 14.26 29.38
