HIERARCHY
ROOT Hips
{
	OFFSET 0.00000 0.00000 0.00000
	CHANNELS 6 Xposition Yposition Zposition Zrotation Yrotation Xrotation 
	JOINT LHipJoint
	{
		OFFSET 0 0 0
		CHANNELS 3 Zrotation Yrotation Xrotation
		JOINT LeftUpLeg
		{
			OFFSET 1.36337 -1.57426 1.11036
			CHANNELS 3 Zrotation Yrotation Xrotation
			JOINT LeftLeg
			{
				OFFSET 2.38468 -6.55187 0.00000
				CHANNELS 3 Zrotation Yrotation Xrotation
				JOINT LeftFoot
				{
					OFFSET 2.37166 -6.51609 0.00000
					CHANNELS 3 Zrotation Yrotation Xrotation
					JOINT LeftToeBase
					{
						OFFSET 0.29078 -0.79891 2.01393
						CHANNELS 3 Zrotation Yrotation Xrotation
						End Site
						{
							OFFSET 0.00000 -0.00000 1.07924
						}
					}
				}
			}
		}
	}
	JOINT RHipJoint
	{
		OFFSET 0 0 0
		CHANNELS 3 Zrotation Yrotation Xrotation
		JOINT RightUpLeg
		{
			OFFSET -1.36349 -1.57426 1.11036
			CHANNELS 3 Zrotation Yrotation Xrotation
			JOINT RightLeg
			{
				OFFSET -2.29562 -6.30717 0.00000
				CHANNELS 3 Zrotation Yrotation Xrotation
				JOINT RightFoot
				{
					OFFSET -2.40985 -6.62100 0.00000
					CHANNELS 3 Zrotation Yrotation Xrotation
					JOINT RightToeBase
					{
						OFFSET -0.23197 -0.63733 1.92232
						CHANNELS 3 Zrotation Yrotation Xrotation
						End Site
						{
							OFFSET -0.00000 -0.00000 1.01562
						}
					}
				}
			}
		}
	}
	JOINT LowerBack
	{
		OFFSET 0 0 0
		CHANNELS 3 Zrotation Yrotation Xrotation
		JOINT Spine
		{
			OFFSET -0.08565 2.03602 -0.24562
			CHANNELS 3 Zrotation Yrotation Xrotation
			JOINT Spine1
			{
				OFFSET -0.00036 2.05693 0.00216
				CHANNELS 3 Zrotation Yrotation Xrotation
				JOINT Neck
				{
					OFFSET 0 0 0
					CHANNELS 3 Zrotation Yrotation Xrotation
					JOINT Neck1
					{
						OFFSET -0.03664 1.69515 0.31789
						CHANNELS 3 Zrotation Yrotation Xrotation
						JOINT Head
						{
							OFFSET 0.00932 1.70181 -0.46013
							CHANNELS 3 Zrotation Yrotation Xrotation
							End Site
							{
								OFFSET 0.01243 1.77620 -0.19377
							}
						}
					}
				}
				JOINT LeftShoulder
				{
					OFFSET 0 0 0
					CHANNELS 3 Zrotation Yrotation Xrotation
					JOINT LeftArm
					{
						OFFSET 3.74344 0.81315 -0.36647
						CHANNELS 3 Zrotation Yrotation Xrotation
						JOINT LeftForeArm
						{
							OFFSET 4.97185 -0.00000 -0.00000
							CHANNELS 3 Zrotation Yrotation Xrotation
							JOINT LeftHand
							{
								OFFSET 3.35811 -0.00000 0.00000
								CHANNELS 3 Zrotation Yrotation Xrotation
								JOINT LeftFingerBase
								{
									OFFSET 0 0 0
									CHANNELS 3 Zrotation Yrotation Xrotation
									JOINT LeftHandIndex1
									{
										OFFSET 0.62278 -0.00000 0.00000
										CHANNELS 3 Zrotation Yrotation Xrotation
										End Site
										{
											OFFSET 0.50210 -0.00000 0.00000
										}
									}
								}
								JOINT LThumb
								{
									OFFSET 0 0 0
									CHANNELS 3 Zrotation Yrotation Xrotation
									End Site
									{
										OFFSET 0.50976 -0.00000 0.50976
									}
								}
							}
						}
					}
				}
				JOINT RightShoulder
				{
					OFFSET 0 0 0
					CHANNELS 3 Zrotation Yrotation Xrotation
					JOINT RightArm
					{
						OFFSET -3.75385 0.50666 -0.06525
						CHANNELS 3 Zrotation Yrotation Xrotation
						JOINT RightForeArm
						{
							OFFSET -4.96493 -0.00000 -0.00000
							CHANNELS 3 Zrotation Yrotation Xrotation
							JOINT RightHand
							{
								OFFSET -3.34929 -0.00000 0.00000
								CHANNELS 3 Zrotation Yrotation Xrotation
								JOINT RightFingerBase
								{
									OFFSET 0 0 0
									CHANNELS 3 Zrotation Yrotation Xrotation
									JOINT RightHandIndex1
									{
										OFFSET -0.63804 -0.00000 0.00000
										CHANNELS 3 Zrotation Yrotation Xrotation
										End Site
										{
											OFFSET -0.51441 -0.00000 0.00000
										}
									}
								}
								JOINT RThumb
								{
									OFFSET 0 0 0
									CHANNELS 3 Zrotation Yrotation Xrotation
									End Site
									{
										OFFSET -0.52226 -0.00000 0.52226
									}
								}
							}
						}
					}
				}
			}
		}
	}
}
MOTION
Frames: 234
Frame Time: 0.0333332
5.3 17.01 -1.09 138.56 -83.67 -135.71 0 0 0 -19.56 -6.92 1.57 0.73 5.47 15.25 0.68 15.63 -27.96 0.11 2.1 5.79 0 0 0 10.43 -0.94 2.66 -0.08 -1.81 4.99 0.4 -15.77 -17.74 -0.01 -0.5 1.37 -5.91 -0.89 -7.77 -0.07 -0.6 1.83 3.17 -0.52 6.36 -14.04 -9.76 -15.86 6.93 -13.15 29.44 2.73 -6.67 14.15 0 -0 0 -91.58 -3.27 22.91 11.16 -18.53 -1.83 -0 0 -2.06 21.96 -12.1 -4.83 -7.12 0 -0 -3.65 16.98 2.43 0 -0 0 87.06 1.57 16.97 -13.29 21.72 -2.56 0 -0 -7.07 -11.82 -29.07 5.81 7.12 -0 -0 21.31 -58.28 -7.13
5.46 17.05 -1.14 153.88 -83.9 -150.53 0 0 0 -17.47 -7.56 0.17 0.79 5.69 15.88 0.62 16.36 -28.34 0.12 2.26 6.22 0 0 0 12.41 -0.73 4.24 0 0 -0 0.71 -16.96 -15.29 -0.06 -1.62 4.46 -5.17 -0.56 -6.02 0.5 -0.36 1.3 3.39 -0.33 4.78 -13.97 -9.79 -15.98 6.8 -13.15 29.48 2.66 -6.68 14.18 -0 0 0 -91.54 -3.24 23.7 11.32 -18.77 -1.88 -0 0 -3.12 21.56 -10.85 -4.25 -7.12 0 -0 -3.89 18.35 2.47 -0 0 0 87.41 1.69 15.32 -13.23 21.63 -2.54 0 -0 -5.54 -10.61 -29.43 5.26 7.12 -0 -0 22.82 -58.35 -7.71
5.38 17.01 -1.1 138.87 -83.47 -135.91 0 0 0 -19.61 -7.19 1.19 0.74 5.51 15.38 0.68 15.91 -28.23 0.12 2.22 6.12 0 0 0 10.26 -1.56 4.85 0 0 -0 0.74 -17.21 -15.47 -0.01 -0.51 1.4 -5.97 -0.84 -7.18 -0.13 -0.56 1.8 3.15 -0.49 5.99 -13.76 -9.69 -16.08 6.8 -13.04 29.45 2.65 -6.6 14.15 -0 -0 0 -91.51 -3.35 23.75 11.28 -18.71 -1.86 -0 0 -3.15 21.63 -11.65 -4.58 -7.12 0 -0 -3.87 17.5 2.53 -0 -0 0 87.51 1.86 15.33 -13.24 21.63 -2.54 0 -0 -5.34 -10.48 -30.72 5.4 7.12 -0 -0 23.96 -59.49 -8.79
5.39 17.02 -1.09 136.97 -83.74 -133.42 0 0 0 -19.5 -7.34 0.68 0.71 5.38 14.99 0.62 15.85 -27.73 0.11 2.14 5.89 0 0 0 10.34 -0.83 1.53 -0.08 -1.81 4.98 0.44 -16.01 -17.55 -0 -0.04 0.12 -5.79 -1.01 -7.82 -0.14 -0.76 1.86 3 -0.6 6.43 -13.59 -9.72 -16.49 6.71 -13.02 29.41 2.57 -6.56 14.2 0 -0 0 -91.59 -3.43 24.13 11.42 -18.93 -1.91 -0 0 -2.92 22.15 -11.28 -4.55 -7.12 0 -0 -3.49 17.84 2.26 0 -0 0 87.45 2.24 15.47 -13.21 21.59 -2.53 0 -0 -5.46 -9.85 -30.16 4.99 7.12 -0 -0 24.15 -58.84 -8.49
5.43 17.03 -1.09 134.74 -83.94 -131.04 0 0 0 -19.48 -7.62 0.58 0.68 5.25 14.63 0.55 16.02 -27.42 0.1 2.07 5.71 0 0 0 10.31 -0.86 0.6 -0.12 -2.23 6.15 0.37 -15.78 -18.11 -0.01 0.66 -1.81 -5.69 -1.1 -7.48 -0.19 -0.9 1.79 2.89 -0.66 6.18 -13.45 -9.78 -16.83 6.54 -13.05 29.54 2.46 -6.57 14.3 -0 -0 0 -91.6 -3.54 24.22 11.27 -18.71 -1.86 -0 0 -3.46 22.52 -11.95 -4.91 -7.12 0 -0 -3.25 17.09 2.16 -0 -0 0 87.45 2.38 15.59 -13.08 21.4 -2.48 0 -0 -5.62 -10.2 -29.53 5.07 7.12 -0 -0 23.31 -58.35 -7.89
5.45 17.01 -1.1 135.36 -83.87 -131.73 0 0 0 -19.45 -7.33 0.75 0.64 5.13 14.27 0.57 15.81 -27.3 0.15 2.46 6.79 0 0 0 10.34 -0.53 0.02 -0.17 -2.65 7.3 0.3 -15.56 -18.68 -0.02 0.83 -2.29 -5.75 -1.03 -7.39 -0.2 -0.82 1.92 2.92 -0.62 6.26 -13.27 -9.7 -16.81 6.48 -12.92 29.35 2.44 -6.5 14.18 0 0 0 -91.77 -3.68 23.7 11.31 -18.76 -1.87 -0 0 -2.19 24.1 -11.98 -5.31 -7.12 0 -0 -2.16 16.9 1.44 0 0 0 87.49 2.41 15.71 -13.25 21.66 -2.55 0 -0 -4.87 -10.11 -31.24 5.28 7.12 -0 -0 24.77 -59.88 -9.34
5.48 17.03 -1.11 138.65 -84.19 -134.75 0 0 0 -18.79 -7.55 0.16 0.67 5.25 14.63 0.59 15.79 -27.43 0.13 2.34 6.46 0 0 0 11.02 -0.58 0.11 -0.13 -2.34 6.44 0.33 -15.62 -18.46 -0.01 0.5 -1.36 -5.47 -1.05 -6.51 0.02 -0.95 1.3 2.99 -0.63 5.1 -13.43 -9.54 -16.36 6.36 -12.73 29.66 2.47 -6.48 14.2 0 -0 0 -91.87 -2.98 23.07 11.1 -18.43 -1.81 -0 0 -0.26 26.62 -13.58 -6.71 -7.12 0 -0 -0.53 14.86 0.38 0 -0 0 87.33 1.25 16.89 -13.5 22.01 -2.64 0 -0 -5.22 -9.42 -33.59 5.25 7.12 -0 -0 27.63 -61.78 -11.77
5.49 17.04 -1.11 137.98 -84.44 -134 0 0 0 -18.66 -7.71 0.02 0.68 5.28 14.71 0.59 15.66 -27.34 0.14 2.43 6.7 0 0 0 11.09 -0.79 0.01 -0.13 -2.29 6.32 0.36 -15.77 -18.23 -0.01 0.55 -1.5 -5.23 -1.1 -6.49 0.05 -1.03 1.25 2.87 -0.67 5.04 -13.43 -9.49 -16.35 6.23 -12.65 29.86 2.44 -6.47 14.27 -0 0 0 -91.88 -3.17 22.15 10.6 -17.67 -1.65 -0 -0 2.59 28.56 -15.46 -8.26 -7.12 0 -0 0.61 12.5 -0.46 -0 0 0 87.27 1.34 16.68 -13.34 21.78 -2.58 0 -0 -3.52 -5.99 -36.41 3.56 7.12 -0 -0 34.25 -63.28 -16.15
5.51 17.04 -1.13 138.69 -84.49 -134.67 0 0 0 -18.49 -7.95 -0.06 0.68 5.27 14.68 0.55 15.94 -27.32 0.13 2.3 6.34 0 0 0 11.34 -0.78 0.01 -0.12 -2.22 6.11 0.36 -15.64 -18.03 -0 0.02 -0.05 -5.28 -0.99 -7.11 0.01 -0.83 1.75 2.88 -0.6 5.91 -13.03 -9.57 -16.79 5.99 -12.71 29.78 2.24 -6.45 14.27 0 -0 0 -91.77 -4.85 19.01 9.7 -16.27 -1.39 -0 -0 6.09 28.04 -16.57 -8.63 -7.12 0 -0 0.15 11.36 -0.12 0 -0 0 87.55 2.45 15.52 -12.87 21.09 -2.41 0 0 0.66 -3.53 -38.2 2.19 7.12 -0 -0 38.99 -64.03 -19.4
5.52 17.03 -1.14 137.88 -84.38 -134.02 0 0 0 -18.64 -8.03 0.23 0.67 5.24 14.59 0.58 15.9 -27.49 0.16 2.59 7.13 0 0 0 11.25 -0.74 0.02 -0.13 -2.32 6.39 0.35 -15.54 -18.04 -0 -0.42 1.16 -5.44 -0.93 -6.97 -0.05 -0.75 1.79 2.92 -0.56 5.86 -13.13 -9.57 -16.81 6.19 -12.74 29.77 2.33 -6.45 14.3 -0 0 0 -91.79 -5.68 14.11 8.74 -14.74 -1.13 -0 -0 10.53 26.5 -15.92 -7.79 -7.12 0 -0 -0.81 12.3 0.62 -0 0 0 87.86 3.26 13.09 -11.93 19.71 -2.08 0 0 3.79 -2.2 -38.83 1.38 7.12 -0 -0 41.16 -64.15 -20.76
5.53 17.04 -1.15 138.76 -84.54 -134.84 0 0 0 -18.36 -8.13 -0.04 0.69 5.29 14.74 0.53 16.08 -27.34 0.15 2.46 6.78 0 0 0 11.52 -0.87 0.23 -0.11 -2.11 5.81 0.36 -15.48 -17.69 -0.01 -0.48 1.31 -5.33 -0.91 -6.99 0.03 -0.73 1.77 2.93 -0.55 5.85 -13.61 -9.62 -16.33 6.74 -12.82 29.11 2.63 -6.48 14.01 -0 0 0 -91.62 -5.93 13.16 8.54 -14.43 -1.08 -0 -0 9.92 20.99 -13.01 -4.94 -7.12 0 -0 -4.36 16.11 2.99 -0 0 0 87.89 3.66 11.16 -11.5 19.05 -1.93 0 0 4.2 1.54 -40.16 -0.99 7.12 -0 -0 46.62 -64.06 -23.99
5.53 17.04 -1.15 138.96 -84.68 -134.98 0 0 0 -18.23 -8.08 -0.25 0.71 5.38 14.99 0.52 15.99 -27.18 0.11 2.17 5.97 0 0 0 11.61 -1.06 0.45 -0.09 -1.91 5.25 0.41 -15.64 -17.41 -0 -0.35 0.97 -5.18 -0.89 -7.07 0.11 -0.72 1.68 2.94 -0.54 5.79 -13.8 -9.58 -16.14 6.88 -12.74 28.79 2.75 -6.44 13.85 -0 0 0 -91.29 -5.17 16.86 9.17 -15.43 -1.25 -0 -0 3.08 18.83 -13.13 -4.43 -7.12 0 -0 -5.85 16.18 4.01 -0 0 0 87.73 3.2 12.09 -11.67 19.3 -1.99 0 0 2.75 1.4 -38.17 -0.87 7.12 -0 -0 43.72 -62.69 -20.82
5.53 17.03 -1.15 135.05 -84.43 -131.19 0 0 0 -18.72 -7.67 0.03 0.67 5.23 14.56 0.52 15.76 -26.9 0.12 2.28 6.28 0 0 0 11.13 -0.96 -0.06 -0.13 -2.34 6.46 0.33 -15.4 -18.05 -0 -0.39 1.07 -5.66 -0.84 -6.57 -0.02 -0.65 1.48 3.08 -0.5 5.3 -13.66 -9.67 -16.45 6.76 -12.87 29.06 2.64 -6.49 14.03 -0 0 0 -91.3 -3.99 20.72 10.06 -16.83 -1.49 -0 0 -1 18.1 -12.51 -4.05 -7.12 0 -0 -6.34 16.89 4.25 -0 0 0 87.83 2.05 14.79 -12.46 20.49 -2.26 0 0 0.31 -4.79 -34.31 2.7 7.12 -0 -0 33.09 -61.25 -13.95
5.52 17.03 -1.14 135.41 -84.58 -131.51 0 0 0 -18.56 -7.59 -0.11 0.68 5.26 14.64 0.54 15.55 -26.81 0.12 2.24 6.18 0 0 0 11.25 -1.07 0.02 -0.12 -2.27 6.25 0.34 -15.42 -17.94 -0.01 -0.51 1.41 -5.46 -0.81 -6.48 -0 -0.63 1.34 3 -0.48 5.1 -13.53 -9.64 -16.17 6.58 -12.85 29.05 2.56 -6.5 13.93 -0 -0 0 -91.82 -3.03 22.87 11.09 -18.42 -1.8 -0 0 -1.53 20.86 -12.27 -4.63 -7.12 0 -0 -4.42 16.9 2.95 -0 -0 0 88 1.24 16.44 -13.19 21.57 -2.52 0 -0 -3.72 -8.45 -31.34 4.42 7.12 -0 -0 26.55 -59.58 -9.88
5.52 17.03 -1.14 135.06 -84.51 -131.19 0 0 0 -18.67 -7.61 -0.14 0.68 5.28 14.72 0.52 15.69 -26.84 0.1 2.04 5.62 0 0 0 11.12 -1.11 0.2 -0.11 -2.16 5.94 0.35 -15.44 -17.81 -0.01 -0.67 1.85 -5.4 -0.83 -7.04 -0.1 -0.61 1.74 2.86 -0.49 5.84 -13.39 -9.71 -16.68 6.56 -12.89 29.07 2.5 -6.48 14.04 0 -0 0 -92.1 -3.86 24.44 11.04 -18.35 -1.79 -0 0 -3.09 22.5 -13 -5.32 -7.12 0 -0 -3.32 15.96 2.28 0 -0 0 88.3 1.99 17.04 -13.41 21.89 -2.6 0 -0 -5.13 -9.13 -31.35 4.78 7.12 -0 -0 25.87 -59.74 -9.7
5.53 17.04 -1.14 135.06 -84.45 -131.12 0 0 0 -18.64 -7.26 -0.33 0.67 5.24 14.58 0.48 15.62 -26.44 0.09 1.95 5.37 0 0 0 11.14 -1 -0.02 -0.12 -2.24 6.18 0.34 -15.46 -17.97 -0.01 -0.48 1.32 -5.51 -0.79 -7.08 -0.12 -0.54 1.67 2.91 -0.46 5.78 -13.42 -9.54 -16.51 6.67 -12.7 29.08 2.59 -6.4 14 -0 0 0 -92.21 -3.74 26.02 11.42 -18.93 -1.91 -0 0 -3.96 22.28 -12.22 -4.96 -7.12 0 -0 -3.43 16.82 2.3 -0 0 0 88.34 2.11 17.87 -13.48 21.99 -2.63 0 -0 -5.27 -9.58 -30.97 4.96 7.12 -0 -0 25.09 -59.51 -9.25
5.52 17.03 -1.13 135.56 -84.42 -131.73 0 0 0 -18.7 -7.23 -0.09 0.67 5.25 14.61 0.54 15.49 -26.73 0.11 2.17 5.97 0 0 0 11.07 -0.96 0.07 -0.13 -2.3 6.33 0.32 -15.37 -18.06 -0.01 -0.53 1.46 -5.53 -0.81 -7.05 -0.07 -0.58 1.58 2.97 -0.48 5.68 -13.44 -9.48 -16.4 6.43 -12.55 29.17 2.54 -6.38 13.98 -0 -0 0 -92.42 -3.6 26.17 11.58 -19.17 -1.96 -0 0 -3.69 22.18 -11.86 -4.79 -7.12 0 -0 -3.49 17.22 2.3 -0 -0 0 88.09 2.26 18.47 -13.28 21.7 -2.56 0 -0 -4.85 -8.82 -30.14 4.45 7.12 -0 -0 25.18 -58.59 -8.72
5.51 17.04 -1.13 137.66 -84.39 -133.82 0 0 0 -18.62 -7.52 -0.1 0.7 5.33 14.86 0.54 15.72 -26.98 0.12 2.2 6.05 0 0 0 11.16 -0.96 0.59 -0.09 -1.97 5.42 0.41 -15.74 -17.54 -0 -0.43 1.19 -5.54 -0.84 -7.08 0.02 -0.62 1.56 3.07 -0.5 5.67 -13.42 -9.3 -16.5 6.36 -12.23 29.01 2.57 -6.24 13.88 0 0 0 -92.36 -3.59 26.32 11.85 -19.59 -2.05 -0 0 -3.93 22.29 -11.31 -4.6 -7.12 0 -0 -3.39 17.8 2.2 0 0 0 87.84 2.2 19.97 -13.51 22.03 -2.64 0 -0 -6.57 -9.56 -31.23 4.99 7.12 -0 -0 25.33 -59.73 -9.48
5.49 17.04 -1.11 136.69 -84.28 -132.7 0 0 0 -18.85 -7.53 -0.21 0.7 5.35 14.9 0.53 15.8 -27 0.1 2.01 5.55 0 0 0 10.89 -0.93 0.43 -0.1 -2 5.5 0.41 -15.74 -17.59 -0 -0.4 1.11 -5.57 -0.85 -7.35 -0.1 -0.61 1.43 2.96 -0.49 5.69 -13.31 -9.22 -16.61 6.15 -12.1 29.32 2.49 -6.2 14 0 -0 0 -91.92 -3.71 26.53 11.6 -19.2 -1.97 -0 0 -3.68 19.78 -11.26 -4.02 -7.12 0 -0 -5.15 18.06 3.31 0 -0 0 87.84 1.94 20.55 -13.52 22.05 -2.65 0 -0 -7.47 -11.12 -30.27 5.66 7.12 -0 -0 22.94 -59.22 -8.24
5.47 17.03 -1.1 136.88 -84.32 -132.91 0 0 0 -18.87 -7.6 -0.05 0.7 5.35 14.9 0.58 15.7 -27.29 0.11 2.09 5.76 0 0 0 10.85 -0.97 0.51 -0.1 -2.01 5.53 0.41 -15.75 -17.52 -0 0.01 -0.03 -5.46 -0.86 -7.56 -0.17 -0.61 1.48 2.81 -0.49 5.86 -12.98 -9.37 -17.72 5.7 -12.22 30.26 2.18 -6.25 14.61 -0 -0 0 -91.66 -3.78 25.73 11.34 -18.8 -1.88 -0 0 -2.63 21.93 -11.09 -4.43 -7.12 0 -0 -3.64 18.06 2.34 -0 -0 0 87.98 2.15 20.12 -13.31 21.74 -2.57 0 -0 -6.97 -10.93 -29.93 5.5 7.12 -0 -0 22.87 -58.87 -8.02
5.44 17.02 -1.09 136.04 -84.12 -132.36 0 0 0 -19.22 -7.64 0.42 0.7 5.34 14.9 0.64 15.65 -27.64 0.13 2.36 6.5 0 0 0 10.53 -0.92 0.72 -0.11 -2.14 5.88 0.41 -15.79 -17.63 -0 0.34 -0.95 -5.61 -0.81 -7.47 -0.25 -0.54 1.52 2.82 -0.46 5.84 -13.02 -9.36 -17.3 5.78 -12.26 30 2.23 -6.27 14.41 0 0 0 -91.5 -3.89 25.04 10.85 -18.06 -1.73 -0 0 -2.02 23.12 -11.64 -4.92 -7.12 0 -0 -2.83 17.37 1.86 0 0 0 88 1.96 19.68 -13.16 21.52 -2.51 0 -0 -6.68 -10.77 -29.92 5.42 7.12 -0 -0 23.03 -58.83 -8.05
5.44 17.02 -1.09 134.8 -83.88 -131.09 0 0 0 -19.52 -7.68 0.51 0.68 5.28 14.72 0.6 15.81 -27.57 0.14 2.38 6.57 0 0 0 10.28 -0.77 0.46 -0.13 -2.33 6.41 0.34 -15.45 -17.99 -0 -0.28 0.76 -5.96 -0.85 -7.55 -0.28 -0.54 1.49 2.99 -0.47 5.87 -12.93 -9.27 -17.32 5.66 -12.11 30.1 2.19 -6.22 14.42 0 0 0 -91.56 -3.92 23.7 10.69 -17.82 -1.68 -0 0 -1.21 22.42 -11.37 -4.65 -7.12 0 -0 -3.3 17.72 2.15 0 0 0 87.89 1.87 18.94 -13.35 21.8 -2.58 0 -0 -5.25 -9.37 -30.78 4.83 7.12 -0 -0 25.15 -59.29 -9.14
5.44 17.03 -1.09 136.33 -84.1 -132.52 0 0 0 -19.21 -7.79 0.29 0.7 5.34 14.87 0.57 15.96 -27.53 0.12 2.2 6.07 0 0 0 10.62 -0.86 0.6 -0.11 -2.16 5.94 0.38 -15.72 -17.86 -0 -0.17 0.45 -5.71 -0.84 -7.53 -0.18 -0.57 1.39 2.95 -0.47 5.74 -12.45 -8.77 -17.39 5.16 -11.43 30.69 2.05 -5.96 14.54 0 -0 0 -91.59 -3.8 23.05 10.53 -17.56 -1.63 -0 0 -0.56 22.4 -12.4 -5.06 -7.12 0 -0 -3.36 16.62 2.26 0 -0 0 87.82 1.77 18.49 -13.2 21.58 -2.53 0 -0 -4.86 -9.53 -30.26 4.83 7.12 -0 -0 24.57 -58.86 -8.65
5.42 17.02 -1.09 136 -84.26 -132.19 0 0 0 -19.11 -7.61 0.32 0.69 5.33 14.84 0.59 15.73 -27.39 0.13 2.29 6.3 0 0 0 10.74 -0.99 0.58 -0.12 -2.22 6.1 0.34 -15.56 -18.14 -0 -0.41 1.13 -5.65 -0.86 -7.62 -0.16 -0.6 1.32 2.93 -0.48 5.73 -11.17 -7.43 -18.14 4.46 -9.78 32.67 1.86 -5.24 15.29 0 0 0 -91.51 -3.68 23.4 10.47 -17.47 -1.61 -0 0 -0.84 22.66 -12.11 -5.01 -7.12 0 -0 -3.16 16.9 2.11 0 0 0 87.86 1.62 17.92 -13.06 21.37 -2.47 0 -0 -4.25 -9.87 -29.94 4.96 7.12 -0 -0 23.97 -58.65 -8.3
5.41 17.02 -1.09 133.21 -84.08 -129.53 0 0 0 -19.5 -7.55 0.68 0.67 5.24 14.58 0.59 15.72 -27.36 0.12 2.26 6.22 0 0 0 10.37 -1.04 0.47 -0.14 -2.43 6.68 0.3 -15.37 -18.38 -0 -0.24 0.67 -5.88 -0.84 -7.84 -0.3 -0.53 1.44 2.93 -0.46 5.97 -9.16 -5.54 -20.05 3.87 -7.54 35.49 1.66 -4.18 16.73 0 -0 0 -91.48 -3.9 23.29 10.48 -17.48 -1.62 -0 0 -0.68 22.17 -12.34 -4.98 -7.12 0 -0 -3.51 16.71 2.36 0 -0 0 87.92 1.74 17.75 -12.99 21.28 -2.45 0 -0 -4.32 -9.74 -29.93 4.9 7.12 -0 -0 24.09 -58.61 -8.32
5.4 17.03 -1.1 133.33 -84.16 -129.64 0 0 0 -19.42 -7.94 0.76 0.68 5.27 14.68 0.55 16.09 -27.52 0.11 2.1 5.77 0 0 0 10.5 -1.21 0.84 -0.11 -2.18 6 0.35 -15.55 -17.98 -0 -0.29 0.8 -5.87 -0.82 -7.93 -0.21 -0.5 1.42 3.02 -0.45 6 -7.05 -3.37 -21.17 3.05 -4.88 37.82 1.48 -2.99 17.88 -0 0 0 -91.53 -3.95 23.96 10.61 -17.69 -1.66 -0 0 -1.67 21.96 -11.85 -4.73 -7.12 0 -0 -3.64 17.25 2.4 -0 0 0 87.74 1.7 17.83 -13.11 21.45 -2.49 0 -0 -4.53 -9.7 -30.18 4.91 7.12 -0 -0 24.33 -58.83 -8.54
5.38 17.01 -1.12 129.13 -84.11 -125.52 0 0 0 -19.71 -7.43 0.92 0.65 5.15 14.34 0.54 15.7 -27 0.09 1.9 5.22 0 0 0 10.16 -1.32 0.26 -0.17 -2.67 7.35 0.23 -15.07 -18.79 -0 -0.27 0.75 -6.05 -0.78 -7.47 -0.28 -0.47 0.99 3.05 -0.41 5.29 -5.77 -1.72 -20.82 2.69 -2.91 39.13 1.51 -2.14 18.34 0 -0 0 -91.65 -3.01 24.52 11.01 -18.31 -1.78 -0 0 -2.3 21.54 -11.5 -4.5 -7.12 0 -0 -3.92 17.66 2.55 0 -0 0 87.71 0.79 17.85 -13.3 21.72 -2.56 0 -0 -4.75 -9.72 -31.43 5.1 7.12 -0 -0 25.34 -59.95 -9.61
5.37 17.02 -1.14 126.45 -84.36 -122.81 0 0 0 -19.54 -7.6 0.83 0.66 5.19 14.45 0.55 15.55 -26.85 0.09 1.9 5.23 0 0 0 10.33 -1.72 0.31 -0.17 -2.62 7.23 0.22 -14.99 -18.78 -0 -0.45 1.23 -5.99 -0.87 -7.87 -0.24 -0.56 1.3 3.04 -0.48 5.84 -4.69 -0.54 -21.47 2.05 -1.22 39.67 1.39 -1.4 18.69 0 -0 0 -91.62 -3.66 24.66 11.01 -18.3 -1.78 -0 0 -2.08 21.36 -11.43 -4.43 -7.12 0 -0 -4.05 17.75 2.63 0 -0 0 87.63 1.42 18.29 -13.06 21.38 -2.48 0 -0 -5.37 -9.86 -31.5 5.19 7.12 -0 -0 25.26 -60.05 -9.64
5.35 17.01 -1.15 122.92 -84.37 -119.29 0 0 0 -19.7 -7.29 0.86 0.65 5.15 14.34 0.55 15.18 -26.45 0.08 1.78 4.91 0 0 0 10.07 -1.96 0.09 -0.19 -2.8 7.72 0.18 -14.84 -18.99 -0 -0.43 1.18 -6.1 -0.79 -7.69 -0.21 -0.47 1.08 3.15 -0.42 5.51 -3.94 0.13 -21.27 1.61 -0.36 40.13 1.22 -1.03 18.86 -0 -0 0 -91.92 -3.16 24.56 11.09 -18.43 -1.8 -0 0 -2.07 21.42 -11.51 -4.47 -7.12 0 -0 -4.01 17.66 2.61 -0 -0 0 87.62 0.69 18.01 -13.24 21.63 -2.54 0 -0 -5.63 -10.83 -30.33 5.52 7.12 -0 -0 23.28 -59.22 -8.36
5.33 17.01 -1.18 121.23 -84.57 -117.76 0 0 0 -19.47 -7.15 0.96 0.66 5.19 14.46 0.56 14.93 -26.24 0.08 1.84 5.06 0 0 0 10.36 -2.31 0.44 -0.18 -2.74 7.56 0.14 -14.69 -19.31 -0.01 -0.76 2.08 -5.97 -0.75 -8.01 -0.19 -0.4 1.38 3.1 -0.4 5.99 -2.89 0.94 -21.42 1.09 0.7 40.38 1.02 -0.53 19.01 -0 -0 0 -91.94 -3.41 24.36 11.07 -18.39 -1.8 -0 0 -1.71 21.34 -11.45 -4.43 -7.12 0 -0 -4.06 17.73 2.64 -0 -0 0 87.6 1.3 17.54 -13.17 21.53 -2.52 0 -0 -4.54 -9.46 -30.7 4.86 7.12 -0 -0 24.98 -59.24 -9.04
5.32 16.99 -1.2 114.78 -84.24 -111.43 0 0 0 -20.02 -7.04 1.25 0.62 5.05 14.06 0.53 14.78 -25.82 0.08 1.82 5 0 0 0 9.76 -2.63 0.12 -0.23 -3.06 8.44 0.08 -14.49 -19.71 -0.01 -0.5 1.39 -6.36 -0.71 -7.9 -0.45 -0.3 1.26 3.06 -0.36 5.8 -2.28 1.67 -20.63 1.45 1.34 40.65 1.22 -0.15 18.93 -0 0 0 -91.76 -3.01 24.53 11.12 -18.47 -1.81 -0 0 -2.03 21.01 -11.49 -4.37 -7.12 0 -0 -4.3 17.72 2.79 -0 0 0 87.84 0.9 17.62 -13.45 21.94 -2.62 0 -0 -4.87 -9.69 -31.1 5.04 7.12 -0 -0 25.09 -59.65 -9.33
5.32 16.99 -1.23 113.55 -84.84 -110.26 0 0 0 -19.32 -7.19 1.21 0.63 5.07 14.12 0.51 14.74 -25.63 0.08 1.77 4.87 0 0 0 10.51 -2.97 0.16 -0.23 -3.08 8.51 0.03 -14.23 -19.9 -0.02 -0.9 2.47 -5.92 -0.67 -8.02 -0.26 -0.28 1.44 3.03 -0.35 6.05 -1.64 2.58 -20.76 1.55 2.46 41.02 1.4 0.4 19.17 0 0 0 -91.68 -3.35 24.96 11 -18.29 -1.78 -0 0 -2.8 21.02 -11.52 -4.39 -7.12 0 -0 -4.29 17.68 2.79 0 0 0 87.88 1.3 17.25 -13.26 21.66 -2.55 0 -0 -4.73 -9.81 -30.12 4.96 7.12 -0 -0 24.16 -58.8 -8.46
5.4 17.03 -1.29 117.47 -85.54 -113.71 0 0 0 -18.05 -7.58 0.16 0.64 5.12 14.26 0.39 15.17 -25.16 0.05 1.43 3.94 0 0 0 11.97 -2.9 -0.14 -0.18 -2.74 7.55 0.05 -14.23 -19.64 -0.08 -1.82 5 -5.48 -0.51 -7.42 0.14 -0.18 1.15 3.21 -0.26 5.39 -0.86 3.34 -20.7 1.16 3.43 41.7 1.29 0.81 19.59 -0 -0 0 -91.86 -3.35 24.39 11.23 -18.64 -1.85 -0 0 -2.51 20.74 -11.34 -4.26 -7.12 0 -0 -4.48 17.89 2.9 -0 -0 0 87.66 1.52 17.27 -13.25 21.65 -2.54 0 -0 -4.69 -9.51 -30.41 4.85 7.12 -0 -0 24.7 -58.99 -8.78
5.32 17 -1.28 106.9 -85.05 -103.52 0 0 0 -19.09 -7.55 1.22 0.6 4.98 13.84 0.43 14.87 -25.13 0.05 1.47 4.04 0 0 0 10.8 -3.49 -0.27 -0.26 -3.27 9.02 -0.04 -13.95 -20.33 -0.02 -0.99 2.72 -5.79 -0.5 -8.34 -0.1 -0.04 1.62 3.15 -0.24 6.4 -0.28 4.04 -20.73 1.06 4.33 42.1 1.35 1.22 19.87 0 0 0 -91.91 -3.66 24.5 11.15 -18.51 -1.82 -0 0 -2.23 20.16 -10.8 -3.94 -7.12 0 -0 -4.87 18.51 3.09 0 0 0 87.65 1.78 16.78 -13.13 21.48 -2.5 0 -0 -4.6 -9.6 -29.43 4.75 7.12 -0 -0 23.84 -58.13 -7.95
5.3 17 -1.29 105.42 -85.9 -101.75 0 0 0 -18.19 -7.83 0.8 0.65 5.17 14.4 0.55 14.27 -25.45 0.08 1.86 5.12 0 0 0 11.58 -3.92 -0.11 -0.21 -2.95 8.14 0.03 -14.16 -19.81 -0.02 -0.98 2.7 -4.59 -0.37 -8.37 0.11 -0.03 1.15 2.69 -0.17 5.91 0.68 4.85 -19.66 0.66 5.32 42.53 1.17 1.68 19.89 0 -0 0 -91.83 -3.15 24.67 10.84 -18.04 -1.73 -0 0 -2.05 20.46 -11.45 -4.24 -7.12 0 -0 -4.68 17.8 3.03 0 -0 0 87.62 0.92 16.8 -13.23 21.63 -2.54 0 -0 -4.42 -9.13 -29.9 4.58 7.12 -0 -0 24.68 -58.45 -8.45
5.37 17.02 -1.32 101.63 -86.36 -97.68 0 0 0 -17.43 -8.26 -0.2 0.71 5.39 15.03 0.53 14.14 -25.13 0.07 1.69 4.65 0 0 0 12.39 -4.54 0.51 -0.11 -2.11 5.81 0.16 -14.59 -18.87 -0.06 -1.52 4.18 -4.35 -0.35 -7.7 0.31 -0.07 0.99 2.76 -0.17 5.36 1.69 5.77 -19.44 0.25 6.55 42.75 1.06 2.26 20.07 0 -0 0 -91.87 -2.93 24.73 11.27 -18.7 -1.86 -0 0 -2.43 20.82 -11.66 -4.39 -7.12 0 -0 -4.43 17.55 2.9 0 -0 0 87.65 0.92 17.02 -13.26 21.66 -2.55 0 -0 -4.16 -9.38 -30.29 4.76 7.12 -0 -0 24.74 -58.86 -8.71
5.48 17.05 -1.39 110.14 -87.63 -105.93 0 0 0 -15.38 -8.49 -1.45 0.75 5.53 15.42 0.42 14.47 -24.57 0.05 1.48 4.07 0 0 0 14.46 -4.47 0.71 -0.05 -1.47 4.04 0.22 -14.64 -18.25 -0.21 -2.96 8.16 -3.64 0.01 -6.27 0.82 0.25 0.56 2.92 0.03 4.08 2.26 6.34 -18.98 0.43 7.15 42.96 1.17 2.61 20.11 -0 -0 0 -91.89 -2.76 24.64 11.34 -18.81 -1.89 -0 0 -2.23 20.62 -11.42 -4.26 -7.12 0 -0 -4.56 17.82 2.96 -0 -0 0 87.83 0.79 16.65 -13.3 21.72 -2.56 0 -0 -4.04 -9.5 -30.39 4.84 7.12 -0 -0 24.7 -58.97 -8.77
5.35 17 -1.33 86.85 -85.78 -83.36 0 0 0 -18.11 -8.16 0.27 0.7 5.35 14.91 0.52 13.61 -24.46 0.05 1.48 4.06 0 0 0 11.64 -5.54 0.54 -0.14 -2.41 6.65 0.09 -14.29 -19.31 -0.04 -1.35 3.7 -4.69 -0.3 -7.83 0.17 0.05 1.41 2.82 -0.14 5.87 2.86 7 -18.86 0.37 8 42.94 1.23 3.04 20.11 -0 -0 0 -91.91 -3.47 24.69 10.99 -18.27 -1.77 -0 0 -2.59 20.54 -12.22 -4.53 -7.12 0 -0 -4.65 16.98 3.1 -0 -0 0 87.72 1.2 16.65 -13.13 21.48 -2.5 0 -0 -4.28 -10.14 -30.17 5.13 7.12 -0 -0 23.87 -58.91 -8.42
5.35 17.01 -1.33 84.19 -85.66 -80.5 0 0 0 -18.26 -8.59 0.19 0.7 5.35 14.9 0.53 13.67 -24.66 0.06 1.64 4.51 0 0 0 11.47 -5.7 0.27 -0.14 -2.4 6.61 0.1 -14.37 -19.26 -0.03 -1.06 2.9 -4.59 -0.28 -7.92 0.15 0.08 1.28 2.75 -0.12 5.78 3.62 7.77 -18.4 0.03 9.1 43.04 1.16 3.55 20.17 0 0 0 -91.95 -2.91 24.52 11.24 -18.65 -1.85 -0 0 -2.48 20.73 -12.57 -4.71 -7.12 0 -0 -4.52 16.6 3.05 0 0 0 87.71 0.96 16.89 -13.14 21.49 -2.5 0 -0 -4.04 -10.94 -29.11 5.37 7.12 -0 -0 22.24 -58.12 -7.38
5.37 17 -1.33 82.53 -85.21 -78.98 0 0 0 -18.66 -8.16 0.11 0.69 5.3 14.76 0.5 13.43 -24.08 0.05 1.45 4 0 0 0 11 -5.91 0.29 -0.14 -2.44 6.71 0.06 -14.14 -19.36 -0.05 -1.43 3.94 -5.01 -0.23 -7.67 0.05 0.17 1.28 2.89 -0.08 5.64 3.99 8.31 -17.89 0.08 9.82 42.87 1.26 3.92 19.95 0 -0 0 -91.93 -2.79 24.45 11.21 -18.61 -1.84 -0 0 -2.79 20.63 -12.98 -4.84 -7.12 0 -0 -4.6 16.17 3.15 0 -0 0 87.73 0.88 16.83 -13.18 21.55 -2.52 0 -0 -4.11 -10.23 -29.78 5.12 7.12 -0 -0 23.47 -58.58 -8.08
5.43 17.02 -1.33 86.06 -85.89 -82.39 0 0 0 -17.72 -7.79 -0.68 0.7 5.35 14.91 0.44 13.43 -23.56 0.04 1.33 3.65 0 0 0 12 -5.55 0.34 -0.11 -2.16 5.94 0.08 -14.13 -19.13 -0.12 -2.2 6.07 -4.67 0.03 -6.81 0.34 0.42 1.15 3.03 0.07 4.98 4.44 8.74 -17.74 -0.16 10.47 42.84 1.21 4.21 19.97 0 -0 0 -92.05 -2.86 24.45 11.31 -18.77 -1.88 -0 0 -2.7 20.39 -12.46 -4.59 -7.12 0 -0 -4.75 16.74 3.19 0 -0 0 87.6 1.03 16.75 -13.31 21.74 -2.57 0 -0 -4.12 -9.56 -30.18 4.84 7.12 -0 -0 24.46 -58.8 -8.58
5.35 16.99 -1.26 82.3 -85 -78.92 0 0 0 -19.11 -7.32 -0.18 0.73 5.44 15.17 0.54 12.64 -23.59 0.04 1.35 3.72 0 0 0 10.3 -6.12 0.83 -0.12 -2.24 6.16 0.11 -14.34 -19.05 -0.04 -1.26 3.46 -4.86 -0.16 -8.03 -0.02 0.29 1.68 2.75 -0.04 6.26 4.84 9.26 -17.25 -0.42 11.28 42.6 1.17 4.58 19.77 -0 0 0 -92.01 -2.89 24.74 11.42 -18.93 -1.91 -0 0 -3.63 20.02 -11.45 -4.14 -7.12 0 -0 -4.99 17.84 3.23 -0 0 0 87.45 1.17 17.34 -13.37 21.83 -2.59 0 -0 -4.56 -10.3 -30.07 5.21 7.12 -0 -0 23.62 -58.86 -8.3
5.4 17.01 -1.22 87.01 -85.29 -83.67 0 0 0 -18.94 -7.16 -0.38 0.73 5.48 15.27 0.53 12.79 -23.68 0.05 1.44 3.97 0 0 0 10.61 -5.57 0.6 -0.13 -2.34 6.45 0.1 -14.24 -19.08 -0.06 -1.57 4.33 -4.76 0.06 -7.3 0.09 0.52 1.62 2.83 0.09 5.75 5.21 9.54 -16.63 -0.68 11.71 42.59 1.04 4.78 19.68 -0 -0 0 -92.15 -2.98 24.25 11.47 -19 -1.93 -0 0 -3.28 19.85 -11.64 -4.17 -7.12 0 -0 -5.11 17.65 3.34 -0 -0 0 87.4 1.17 17.09 -13.31 21.74 -2.57 0 -0 -4.38 -10.49 -29.52 5.21 7.12 -0 -0 23 -58.4 -7.8
5.56 17.06 -1.22 105.29 -87.06 -101.3 0 0 0 -16.53 -7.55 -2.28 0.8 5.71 15.95 0.42 13.59 -23.61 0.05 1.47 4.05 0 0 0 12.94 -4.76 1.37 -0.02 -0.97 2.66 0.33 -15.05 -17.46 -0.21 -2.94 8.12 -3.66 0.53 -5.9 0.65 0.95 1.44 2.82 0.36 4.74 5.61 9.85 -16.55 -0.82 12.1 42.64 1 4.98 19.77 -0 0 0 -91.87 -3.76 24.7 11.36 -18.84 -1.89 -0 0 -3.57 20.13 -12.16 -4.42 -7.12 0 -0 -4.93 17.08 3.27 -0 0 0 87.41 1.96 17.1 -13.28 21.69 -2.55 0 -0 -4.25 -9.27 -30.44 4.73 7.12 -0 -0 24.96 -58.96 -8.87
5.63 17.07 -1.18 116.31 -87.48 -112.26 0 0 0 -15.95 -7.48 -3.11 0.87 5.94 16.61 0.44 13.52 -23.72 0.06 1.61 4.42 0 0 0 13.17 -4.75 2.46 0 -0 0 0.53 -15.9 -15.98 -0.21 -2.96 8.17 -3.46 0.66 -4.48 0.79 1.05 1.11 2.84 0.44 3.58 5.73 10.15 -15.74 -0.57 12.41 42.92 1.12 5.15 19.72 -0 -0 0 -91.83 -3.17 24.58 11.65 -19.27 -1.98 -0 0 -3.49 20.33 -11.91 -4.37 -7.12 0 -0 -4.78 17.33 3.15 -0 -0 0 87.48 1.4 17.33 -13.5 22.02 -2.64 0 -0 -4.6 -9.88 -29.61 4.92 7.12 -0 -0 23.7 -58.35 -8.03
5.48 17.03 -1.04 96.28 -85.57 -92.74 0 0 0 -19.09 -6.71 -1.79 0.85 5.87 16.41 0.59 12.4 -23.78 0.06 1.62 4.45 0 0 0 9.96 -5.84 3.56 0 0 0 0.59 -16.27 -15.73 -0.04 -1.35 3.72 -4.87 0.3 -6.42 -0.06 0.83 2.19 2.77 0.23 5.83 5.65 10.5 -15.66 -0.13 12.78 43.09 1.43 5.33 19.76 0 0 0 -91.66 -4 24.58 11.32 -18.78 -1.88 -0 0 -3.58 20.64 -12.67 -4.72 -7.12 0 -0 -4.59 16.5 3.11 0 0 0 87.54 1.67 17.75 -13.61 22.17 -2.68 0 -0 -4.74 -9.94 -30.35 5.06 7.12 -0 -0 24.22 -59.04 -8.62
5.51 17.04 -0.97 102.54 -85.84 -98.59 0 0 0 -18.92 -7.1 -2.46 0.89 6.01 16.81 0.63 12.52 -24.27 0.11 2.18 6 0 0 0 10.13 -5.24 2.98 0 -0 0 0.67 -16.7 -15.45 -0.02 -1.01 2.78 -4.72 0.33 -6.13 -0.1 0.84 2.2 2.64 0.24 5.68 6.07 10.88 -14.97 -0.32 13.31 42.97 1.33 5.59 19.59 -0 -0 0 -91.45 -3.89 24.44 11.63 -19.25 -1.98 -0 0 -3.48 20.26 -11.92 -4.36 -7.12 0 -0 -4.83 17.32 3.18 -0 -0 0 87.57 1.49 18.41 -13.72 22.34 -2.72 0 -0 -4.77 -10.04 -29.76 5.02 7.12 -0 -0 23.64 -58.52 -8.11
5.55 17.05 -0.89 110.42 -85.78 -106.2 0 0 0 -19.05 -7.06 -2.9 0.9 6.05 16.92 0.64 12.64 -24.51 0.13 2.32 6.4 0 0 0 10 -4.57 2.68 0 -0 0 0.67 -16.72 -15.45 -0.03 -1.16 3.19 -4.78 0.43 -5.76 -0.23 0.96 2.27 2.55 0.31 5.53 5.96 10.98 -14.81 0.01 13.33 42.89 1.49 5.64 19.44 -0 -0 0 -91.16 -4.28 24.43 11.4 -18.9 -1.9 -0 0 -3.3 20.49 -12.24 -4.53 -7.12 0 -0 -4.68 16.97 3.12 -0 -0 0 87.67 1.93 18.13 -13.54 22.07 -2.65 0 -0 -4.63 -9.84 -30.05 4.96 7.12 -0 -0 24.08 -58.74 -8.39
5.57 17.06 -0.82 122.61 -85.76 -118.22 0 0 0 -18.88 -6.94 -3.26 0.94 6.16 17.26 0.72 12.71 -25.22 0.19 2.81 7.75 0 0 0 10.17 -3.64 2.49 0 -0 0 0.7 -16.91 -15.43 -0.04 -1.26 3.47 -4.6 0.63 -5.41 -0.28 1.19 2.18 2.41 0.44 5.22 6.16 10.94 -14.46 -0.04 13.23 42.44 1.38 5.66 19.08 0 -0 0 -90.97 -4.31 24.27 11.22 -18.63 -1.85 -0 0 -2.53 20.43 -11.6 -4.29 -7.12 0 -0 -4.7 17.65 3.07 0 -0 0 87.55 1.83 18.65 -13.49 22 -2.63 0 -0 -5.03 -9.03 -31.1 4.69 7.12 -0 -0 25.76 -59.5 -9.51
5.57 17.06 -0.74 125.96 -85.02 -121.45 0 0 0 -19.73 -6.56 -3.34 0.91 6.08 17.03 0.72 12.88 -25.4 0.2 2.92 8.04 0 0 0 9.32 -2.99 2.38 0 -0 0 0.73 -17.1 -15.34 -0.05 -1.41 3.87 -5.26 0.56 -5.27 -0.42 1.15 2.2 2.63 0.4 5.16 5.88 10.69 -14.74 -0.01 12.91 41.92 1.36 5.52 18.78 -0 0 0 -91.01 -4.36 24.05 11.23 -18.63 -1.85 -0 0 -2.27 20.56 -11.95 -4.44 -7.12 0 -0 -4.62 17.27 3.05 -0 0 0 87.39 2.18 18.88 -13.43 21.91 -2.61 0 -0 -5.11 -9.75 -30.51 4.98 7.12 -0 -0 24.54 -59.13 -8.8
5.57 17.06 -0.68 129.39 -84.5 -124.85 0 0 0 -20.25 -6.62 -3.19 0.9 6.04 16.9 0.75 13.24 -25.96 0.24 3.16 8.73 0 0 0 8.85 -2.43 2.43 0 -0 0 0.74 -17.15 -15.34 -0.05 -1.48 4.07 -5.61 0.49 -5.37 -0.47 1.09 2.31 2.76 0.34 5.33 4.66 10.07 -15.67 0.41 12.16 41.66 1.64 5.09 18.65 -0 -0 0 -91 -4.89 24.23 10.97 -18.23 -1.76 -0 0 -2.23 20.67 -11.49 -4.3 -7.12 0 -0 -4.53 17.74 2.94 -0 -0 0 87.21 2.49 19.45 -13.53 22.06 -2.65 0 -0 -5.32 -10.05 -29.98 5.06 7.12 -0 -0 23.81 -58.72 -8.28
5.55 17.05 -0.61 134.64 -83.86 -130.19 0 0 0 -20.74 -6.47 -2.89 0.9 6.03 16.88 0.8 13.55 -26.71 0.28 3.39 9.36 0 0 0 8.44 -1.64 2.66 0 0 -0 0.75 -17.28 -15.33 -0.03 -1.19 3.26 -5.72 0.55 -5.24 -0.54 1.17 2.12 2.76 0.39 5.05 3.1 8.69 -16.25 1.1 10.21 41.74 1.83 4.15 18.58 0 0 0 -90.88 -4.75 24.63 10.82 -18.01 -1.72 -0 0 -1.96 21.56 -12.68 -4.96 -7.12 0 -0 -3.96 16.4 2.68 0 0 0 87.41 2.47 19.18 -13.54 22.07 -2.65 0 -0 -5.06 -9.76 -30.05 4.92 7.12 -0 -0 24.16 -58.72 -8.41
5.54 17.05 -0.57 137.81 -83.27 -133.49 0 0 0 -21.03 -5.61 -3 0.89 6.02 16.86 0.79 13.46 -26.52 0.28 3.38 9.33 0 0 0 8.12 -0.99 2.86 0 -0 0 0.79 -17.39 -15.01 -0.03 -1.09 3 -6 0.49 -5 -0.58 1.07 1.87 2.86 0.36 4.66 1.3 6.84 -16.9 1.52 7.73 41.88 1.86 2.9 18.66 -0 -0 0 -90.74 -4.64 24.81 10.94 -18.2 -1.76 -0 0 -2.39 21.5 -12.2 -4.76 -7.12 0 -0 -3.97 16.92 2.65 -0 -0 0 87.43 2.37 19.96 -13.72 22.34 -2.72 0 -0 -6.07 -9.33 -30.7 4.8 7.12 -0 -0 25.11 -59.21 -9.07
5.51 17.04 -0.53 142.27 -82.91 -138.11 0 0 0 -21.09 -5.4 -2.71 0.91 6.08 17.01 0.86 13.57 -27.19 0.31 3.58 9.9 0 0 0 8.15 -0.39 3.12 0 -0 0 0.82 -17.6 -14.85 -0.01 -0.53 1.47 -5.68 0.48 -5.22 -0.55 1.06 1.85 2.71 0.36 4.76 -1 4.9 -17.31 2.17 5.22 41.84 2.07 1.61 18.62 -0 -0 0 -90.72 -4.78 24.95 11.09 -18.43 -1.81 -0 0 -2.2 21.43 -11.97 -4.66 -7.12 0 -0 -4.01 17.16 2.66 -0 -0 0 87.5 2.27 20.39 -14.03 22.77 -2.84 0 -0 -6.62 -9.75 -29.86 4.89 7.12 -0 -0 24.01 -58.55 -8.26
5.5 17.04 -0.5 142.38 -82.35 -138.26 0 0 0 -21.61 -5 -2.76 0.91 6.08 17.02 0.82 13.77 -27.08 0.28 3.38 9.35 0 0 0 7.62 0.07 3.12 0 0 -0 0.88 -17.94 -14.6 -0 -0.1 0.26 -6.02 0.17 -5.43 -0.49 0.69 1.95 2.94 0.15 5.02 -2.63 3.36 -17.91 2.13 3.45 41.7 1.99 0.63 18.71 0 0 0 -90.88 -5.21 25.14 11.21 -18.61 -1.84 -0 0 -2.71 21.94 -12.07 -4.82 -7.12 0 -0 -3.66 17.01 2.44 0 0 0 87.17 2.66 21.57 -14.33 23.2 -2.96 0 -0 -7.18 -9.38 -30.79 4.83 7.12 -0 -0 25.14 -59.3 -9.14
5.48 17.04 -0.48 149.93 -82.06 -145.8 0 0 0 -20.96 -4.76 -2.82 0.95 6.21 17.39 0.9 13.9 -27.76 0.29 3.45 9.54 0 0 0 8.36 0.92 3.25 0 0 -0 0.92 -18.04 -14.25 -0 0.05 -0.15 -5.31 0.15 -5.6 -0.27 0.61 1.95 2.76 0.13 5.13 -3.38 2.22 -18.35 1.91 1.99 41.97 1.73 -0.14 19.07 0 0 0 -90.73 -5.31 25.63 11.22 -18.63 -1.85 -0 0 -2.99 22.67 -11.28 -4.67 -7.12 0 -0 -3.12 17.8 2.02 0 0 0 87.23 2.85 22.38 -14.21 23.03 -2.91 0 -0 -8.73 -10.83 -30.4 5.53 7.12 -0 -0 23.34 -59.28 -8.42
5.47 17.05 -0.47 152.05 -81.42 -147.91 0 0 0 -21.11 -4.74 -2.61 0.93 6.13 17.17 0.88 14.45 -28.15 0.31 3.58 9.91 0 0 0 8.28 1.63 3.33 0 -0 0 0.92 -18.08 -14.31 -0 0.13 -0.35 -5.29 0.22 -5.32 -0.19 0.67 1.65 2.83 0.18 4.65 -4.84 1.09 -18.13 2.56 0.42 41.96 1.98 -0.92 19.06 0 -0 0 -90.74 -4.91 26.58 11.32 -18.78 -1.88 -0 0 -3.82 20.33 -11.44 -4.2 -7.12 0 -0 -4.77 17.83 3.09 0 -0 0 87.14 2.57 21.45 -14.29 23.15 -2.94 0 -0 -7.34 -8.84 -29.18 4.34 7.12 -0 -0 24.42 -57.74 -7.93
5.45 17.04 -0.46 150.19 -80.59 -146.17 0 0 0 -21.95 -4.41 -2.13 0.87 5.93 16.59 0.82 14.91 -28.18 0.3 3.52 9.73 0 0 0 7.49 2.15 3.5 0 0 -0 0.95 -18.24 -14.14 -0 0.4 -1.1 -5.8 -0.03 -5.71 -0.34 0.42 1.9 2.94 0.02 5.15 -5.39 0.41 -18.05 2.64 -0.48 41.57 1.92 -1.33 18.86 0 -0 0 -90.66 -5.34 26.35 11.24 -18.65 -1.85 -0 0 -4.15 20.23 -11.36 -4.15 -7.12 0 -0 -4.84 17.92 3.13 0 -0 0 87.14 2.98 21.16 -13.86 22.54 -2.78 0 -0 -7.02 -10.05 -30.21 5.1 7.12 -0 -0 23.99 -58.94 -8.48
5.43 17.05 -0.47 150.19 -80.14 -146.24 0 0 0 -22.23 -4.41 -1.71 0.82 5.78 16.14 0.77 15.43 -28.37 0.3 3.52 9.74 0 0 0 7.27 2.49 3.65 0 -0 0 0.97 -18.37 -14.13 -0.01 0.64 -1.75 -5.9 -0.12 -5.78 -0.4 0.31 1.89 2.93 -0.03 5.19 -5.78 -0.36 -17.9 2.41 -1.47 41.4 1.67 -1.82 18.79 0 -0 0 -90.58 -5.13 26.59 11.33 -18.79 -1.88 -0 0 -4.19 20.27 -11.5 -4.21 -7.12 0 -0 -4.81 17.77 3.12 0 -0 0 87.31 2.94 20.04 -13.56 22.11 -2.66 0 -0 -6.08 -9.81 -30.54 5.02 7.12 -0 -0 24.5 -59.18 -8.81
5.41 17.03 -0.5 151.85 -80.03 -147.61 0 0 0 -21.9 -3.68 -1.96 0.79 5.68 15.86 0.8 14.92 -28.08 0.3 3.54 9.79 0 0 0 7.6 3.15 2.3 -0.01 -0.78 2.15 0.82 -17.64 -15.1 -0.01 0.48 -1.32 -5.81 -0.25 -5.91 -0.28 0.13 1.67 2.99 -0.12 5.05 -6.41 -1.07 -17.52 2.46 -2.36 40.85 1.62 -2.25 18.43 -0 -0 0 -90.64 -4.77 26.55 11.37 -18.86 -1.89 -0 0 -4.33 20.35 -11.14 -4.1 -7.12 0 -0 -4.75 18.14 3.04 -0 -0 0 87.33 2.2 19.4 -13.62 22.19 -2.68 0 -0 -5.49 -10.14 -29.65 5.06 7.12 -0 -0 23.46 -58.44 -7.99
5.39 17.03 -0.52 151.54 -79.97 -147.3 0 0 0 -21.97 -3.67 -1.74 0.78 5.63 15.72 0.8 14.99 -28.16 0.29 3.48 9.61 0 0 0 7.57 3.3 1.94 -0.03 -1.09 3 0.77 -17.47 -15.55 -0.01 0.51 -1.41 -5.71 -0.32 -6.17 -0.31 0.04 1.83 2.89 -0.17 5.38 -7.07 -1.93 -17.88 2.59 -3.34 40.03 1.6 -2.67 18.14 -0 0 0 -90.66 -5.21 26.54 11.15 -18.52 -1.82 -0 0 -3.97 19.9 -10.52 -3.78 -7.12 0 -0 -5.05 18.83 3.16 -0 0 0 87.17 2.09 19.21 -13.62 22.2 -2.68 0 -0 -5.64 -9.56 -31.36 5.01 7.12 -0 -0 25.44 -59.85 -9.59
5.38 17.03 -0.56 148.59 -79.5 -144.47 0 0 0 -22.64 -3.88 -1.37 0.76 5.56 15.5 0.81 15.28 -28.51 0.29 3.48 9.63 0 0 0 6.93 3.5 1.67 -0.05 -1.37 3.77 0.68 -17.08 -16.14 -0 0.28 -0.77 -6.39 -0.37 -6.14 -0.49 0.04 1.8 3.08 -0.19 5.33 -7.5 -2.68 -17.6 2.35 -4.13 38.97 1.41 -3.03 17.53 0 -0 0 -90.66 -5.01 27.06 11.2 -18.59 -1.84 -0 0 -4.73 20.67 -11.48 -4.29 -7.12 0 -0 -4.53 17.76 2.94 0 -0 0 87.41 2.15 17.93 -13.09 21.42 -2.49 0 -0 -4.5 -9.46 -30.54 4.84 7.12 -0 -0 24.86 -59.1 -8.9
5.35 17.04 -0.61 154.19 -80.27 -149.77 0 0 0 -21.11 -4.63 -1.55 0.82 5.78 16.14 0.94 15.07 -29.2 0.35 3.8 10.51 0 0 0 8.45 2.7 3.56 0 -0 0 0.89 -17.97 -14.62 -0 0.18 -0.48 -5.24 -0.52 -6.57 -0.02 -0.25 1.68 2.9 -0.3 5.47 -8.45 -3.28 -17.03 2.77 -4.71 37.31 1.67 -3.28 16.59 -0 0 0 -91.11 -4.85 25.54 11.07 -18.39 -1.8 -0 0 -3.29 20.56 -12.11 -4.5 -7.12 0 -0 -4.63 17.1 3.07 -0 0 0 87.2 1.82 17.58 -12.97 21.25 -2.44 0 -0 -4.12 -9.68 -29.71 4.83 7.12 -0 -0 23.98 -58.4 -8.16
5.33 17.04 -0.66 154.59 -80.42 -150.21 0 0 0 -20.81 -4.55 -1.34 0.81 5.73 16 0.92 15.09 -29.13 0.3 3.49 9.66 0 0 0 8.78 2.55 3.73 0 -0 0 0.87 -17.88 -14.63 -0 0.05 -0.13 -5.12 -0.57 -6.22 0.08 -0.36 1.29 2.92 -0.33 4.87 -8.96 -3.79 -16.68 2.74 -5.25 36.52 1.65 -3.54 16.17 0 -0 0 -91.23 -4.05 25.39 11.3 -18.75 -1.87 -0 0 -3.14 19.65 -11.24 -3.98 -7.12 0 -0 -5.25 18.09 3.37 0 -0 0 87.09 1.35 17.67 -12.94 21.2 -2.43 0 -0 -4.32 -9.47 -29.63 4.72 7.12 -0 -0 24.12 -58.28 -8.14
5.31 17.04 -0.71 153 -80.47 -148.6 0 0 0 -20.92 -4.84 -0.92 0.76 5.58 15.57 0.92 15.27 -29.29 0.35 3.81 10.54 0 0 0 8.74 2.72 2.68 -0.02 -0.8 2.21 0.7 -17.11 -15.91 -0 -0.1 0.26 -5.21 -0.55 -6.72 -0.02 -0.29 1.34 2.87 -0.3 5.2 -8.81 -4.16 -17.05 2.51 -5.63 36.07 1.45 -3.68 16.05 -0 -0 0 -91.19 -4.14 25.57 11.28 -18.72 -1.87 -0 0 -2.79 19.88 -10.7 -3.84 -7.12 0 -0 -5.07 18.64 3.2 -0 -0 0 87.19 1.52 17.16 -12.92 21.17 -2.42 0 -0 -4.16 -9.41 -30.28 4.78 7.12 -0 -0 24.69 -58.85 -8.69
5.3 17.04 -0.77 151.24 -80.62 -146.89 0 0 0 -20.99 -5.24 -0.42 0.72 5.44 15.16 0.84 15.78 -29.26 0.29 3.47 9.59 0 0 0 8.78 2.8 1.6 -0.06 -1.59 4.38 0.56 -16.52 -16.86 -0 -0.1 0.28 -5.45 -0.7 -7.26 -0.08 -0.42 1.66 2.93 -0.4 5.86 -9.21 -4.61 -17.71 3.06 -6.13 35.09 1.65 -3.79 15.8 0 0 0 -91.25 -4.72 24.98 11.25 -18.68 -1.86 -0 0 -2.53 19.93 -11.28 -4.06 -7.12 0 -0 -5.05 18.03 3.25 0 0 0 87.33 2.43 17.81 -12.84 21.05 -2.4 0 -0 -4.83 -10.21 -28.61 4.93 7.12 -0 -0 22.62 -57.51 -7.18
5.27 17.03 -0.83 148.44 -80.74 -144.2 0 0 0 -21.16 -5.16 -0.15 0.71 5.37 14.97 0.78 15.85 -28.88 0.23 3.05 8.43 0 0 0 8.6 2.54 1.33 -0.09 -1.9 5.23 0.5 -16.3 -17.32 -0 0.08 -0.23 -5.76 -0.75 -7.08 -0.1 -0.49 1.34 3.07 -0.42 5.43 -9.48 -4.91 -17.42 3.06 -6.42 34.31 1.66 -3.92 15.4 0 -0 0 -91.29 -4.09 25.87 11.32 -18.77 -1.88 -0 0 -4.59 20.78 -12.05 -4.53 -7.12 0 -0 -4.47 17.15 2.96 0 -0 0 87.14 1.87 18.64 -13.38 21.84 -2.59 0 -0 -5.24 -9.92 -30.44 5.06 7.12 -0 -0 24.31 -59.11 -8.7
5.27 17.03 -0.9 149.87 -81.32 -145.63 0 0 0 -20.35 -5.35 0.08 0.68 5.27 14.68 0.71 16.02 -28.61 0.17 2.69 7.41 0 0 0 9.55 2.36 0.81 -0.13 -2.29 6.32 0.37 -15.75 -18.15 -0 -0.22 0.61 -5.32 -0.64 -7.12 -0.01 -0.38 1.3 2.93 -0.36 5.4 -9.34 -5.31 -17.53 2.98 -6.93 33.6 1.5 -4.09 15.11 -0 0 0 -91.34 -4.08 25.44 11.22 -18.63 -1.85 -0 0 -3.51 20.55 -12.04 -4.47 -7.12 0 -0 -4.63 17.17 3.07 -0 0 0 87.38 1.81 18.78 -13.54 22.07 -2.65 0 -0 -6.18 -10.15 -29.72 5.07 7.12 -0 -0 23.51 -58.51 -8.05
5.26 17.03 -0.97 146.44 -81.78 -142.23 0 0 0 -20.27 -5.57 0.19 0.67 5.23 14.58 0.63 16.08 -28.05 0.12 2.27 6.25 0 0 0 9.59 1.73 0.62 -0.14 -2.45 6.74 0.31 -15.49 -18.39 -0 -0.21 0.58 -5.61 -0.82 -7.34 0.08 -0.58 1.32 3.17 -0.47 5.57 -9.92 -5.61 -17.82 3.32 -7.18 33.13 1.69 -4.19 15.03 0 0 0 -91.6 -4.08 25.11 11.33 -18.79 -1.88 -0 0 -3.6 20.01 -11.56 -4.18 -7.12 0 -0 -4.99 17.72 3.25 0 0 0 87.23 2.19 18.83 -13.53 22.06 -2.65 0 -0 -5.69 -10.52 -30.24 5.34 7.12 -0 -0 23.52 -59.06 -8.37
5.24 17.01 -1.04 145.39 -82.2 -141.22 0 0 0 -19.99 -6.22 0.68 0.67 5.24 14.59 0.73 15.94 -28.63 0.17 2.68 7.38 0 0 0 9.97 1.3 0.63 -0.16 -2.55 7.03 0.28 -15.41 -18.7 -0 -0.3 0.83 -5.49 -0.76 -7.71 0.13 -0.5 1.29 3.16 -0.43 5.74 -10.17 -5.86 -17.75 3.63 -7.52 32.65 1.8 -4.31 14.85 -0 -0 0 -91.67 -3.75 25.35 11.37 -18.85 -1.89 -0 0 -3.54 20.68 -11.8 -4.42 -7.12 0 -0 -4.53 17.41 2.98 -0 -0 0 87.25 2.01 18.67 -13.56 22.1 -2.66 0 -0 -5.43 -12.45 -28.19 5.95 7.12 -0 -0 20.06 -57.6 -6.36
5.25 17.02 -1.11 142.74 -82.8 -138.51 0 0 0 -19.62 -6.52 0.61 0.66 5.19 14.46 0.61 16.19 -28.05 0.11 2.17 5.97 0 0 0 10.33 0.71 0.27 -0.18 -2.71 7.47 0.22 -15.11 -18.99 -0.01 -0.61 1.69 -5.28 -0.83 -7.58 0.11 -0.62 1.17 3.01 -0.48 5.54 -10.21 -5.99 -17.77 3.64 -7.65 32.28 1.79 -4.35 14.7 -0 -0 0 -91.56 -3.65 25.35 11.41 -18.91 -1.91 -0 0 -4.02 20.1 -11.09 -4.03 -7.12 0 -0 -4.92 18.21 3.15 -0 -0 0 87.32 1.73 19.23 -13.43 21.92 -2.61 0 -0 -6.69 -10.64 -29.89 5.35 7.12 -0 -0 23.14 -58.77 -8.06
5.23 17 -1.18 139.51 -83.17 -135.51 0 0 0 -19.45 -6.37 1.16 0.61 4.99 13.89 0.52 16.21 -27.4 0.09 1.88 5.19 0 0 0 10.51 0.33 -0.16 -0.25 -3.2 8.85 0.06 -14.45 -19.86 -0.01 -0.66 1.82 -5.46 -0.85 -8.23 0.12 -0.58 1.57 3.11 -0.49 6.34 -10.28 -6.31 -18.24 3.68 -8 32.06 1.74 -4.47 14.75 -0 -0 0 -91.68 -4.05 24.53 11.41 -18.91 -1.91 -0 0 -2.71 21.28 -11.42 -4.41 -7.12 0 -0 -4.11 17.77 2.66 -0 -0 0 87.39 2.45 18.29 -13.18 21.55 -2.52 0 -0 -5.97 -9.77 -30.55 5 7.12 -0 -0 24.54 -59.18 -8.83
5.22 17 -1.25 137.34 -83.64 -133.38 0 0 0 -19.03 -6.55 1.3 0.59 4.92 13.69 0.46 16.23 -26.99 0.06 1.56 4.28 0 0 0 10.89 -0.18 -0.17 -0.25 -3.23 8.91 0.03 -14.33 -20.02 -0.02 -0.91 2.49 -5.32 -0.92 -8.15 0.17 -0.7 1.32 3.08 -0.53 6.03 -10.42 -6.28 -17.73 3.81 -8 31.74 1.83 -4.47 14.5 0 0 0 -91.76 -3.44 24.28 11.44 -18.95 -1.92 -0 0 -3.09 21.44 -11.23 -4.37 -7.12 0 -0 -3.98 17.96 2.57 0 0 0 87.43 1.83 18.42 -13.11 21.44 -2.49 0 -0 -5.89 -11.17 -29.16 5.49 7.12 -0 -0 22.05 -58.22 -7.36
5.22 17 -1.31 130.31 -83.88 -126.46 0 0 0 -19.29 -7.19 2.04 0.53 4.68 12.99 0.39 16.51 -26.77 0.07 1.76 4.85 0 0 0 10.58 -0.89 -0.98 -0.34 -3.76 10.41 -0.08 -13.85 -20.59 -0 -0.45 1.23 -5.53 -1.05 -8.13 0.01 -0.84 1.29 3.01 -0.61 6.01 -10.15 -6.32 -18.33 3.55 -7.98 32 1.67 -4.46 14.73 -0 -0 0 -91.81 -3.29 23.91 11.34 -18.8 -1.88 -0 0 -2.63 21.43 -11.66 -4.53 -7.12 0 -0 -4.01 17.5 2.62 -0 -0 0 87.47 1.68 18.48 -13.1 21.44 -2.49 0 -0 -6.18 -11.58 -28.85 5.65 7.12 -0 -0 21.4 -58.02 -7.03
5.22 16.99 -1.37 126.84 -84.26 -123.05 0 0 0 -18.96 -7.85 2.54 0.5 4.52 12.55 0.38 16.68 -26.87 0.09 1.94 5.34 0 0 0 10.94 -1.25 -1.29 -0.39 -4 11.08 -0.15 -13.6 -21.03 -0.01 -0.67 1.84 -5.48 -0.99 -8.09 0.04 -0.77 1.15 3.03 -0.56 5.83 -10.46 -6.47 -17.88 3.83 -8.22 31.67 1.8 -4.56 14.53 0 0 0 -91.83 -2.92 24.11 11.41 -18.92 -1.91 -0 0 -2.47 21.01 -11.26 -4.29 -7.12 0 -0 -4.29 17.96 2.76 0 0 0 87.41 1.45 17.62 -13.22 21.61 -2.53 0 -0 -4.68 -9.79 -32.06 5.23 7.12 -0 -0 25.82 -60.53 -10.17
5.24 16.99 -1.46 126.78 -84.94 -123.08 0 0 0 -18.05 -8.21 2.56 0.51 4.57 12.68 0.41 16.58 -26.97 0.1 2.02 5.55 0 0 0 11.98 -0.83 -0.56 -0.34 -3.74 10.34 -0.07 -14.51 -21.32 -0.02 -0.93 2.55 -5.26 -0.96 -8.24 0.27 -0.75 1.49 3.14 -0.56 6.27 -10.66 -6.73 -18.38 4.1 -8.51 31.36 1.88 -4.64 14.56 0 0 0 -91.82 -3.47 24.39 11.42 -18.93 -1.91 -0 0 -2.69 21.06 -11.23 -4.29 -7.12 0 -0 -4.25 17.99 2.74 0 0 0 87.4 2.13 17.56 -12.98 21.26 -2.45 0 -0 -4.61 -9.77 -30.92 5.06 7.12 -0 -0 24.85 -59.51 -9.15
5.25 16.99 -1.51 118.28 -85.13 -114.67 0 0 0 -18.05 -8.22 2.38 0.53 4.65 12.9 0.38 16.24 -26.37 0.06 1.62 4.46 0 0 0 11.74 -2.98 -1.08 -0.33 -3.69 10.2 -0.13 -13.21 -20.33 -0.02 -0.85 2.34 -5.3 -1.03 -8.29 0.09 -0.82 1.62 2.97 -0.61 6.44 -10.44 -6.71 -18.5 4.14 -8.54 31.29 1.85 -4.61 14.54 0 0 0 -91.66 -3.64 24.87 11.32 -18.78 -1.88 -0 0 -3.33 21.45 -11.82 -4.6 -7.12 0 -0 -3.99 17.33 2.63 0 0 0 87.68 2.11 17.45 -13.17 21.53 -2.52 0 -0 -4.66 -9.82 -30.04 4.95 7.12 -0 -0 24.09 -58.73 -8.4
5.43 17.04 -1.62 141.98 -86.44 -137.68 0 0 0 -14.7 -7.74 -0.37 0.63 5.09 14.17 0.36 15.71 -25.54 0.05 1.41 3.89 0 0 0 15.28 -2.08 -1.02 -0.19 -2.8 7.73 0.02 -13.81 -19.38 -0.11 -2.19 6.02 -4.17 -0.6 -6.13 0.97 -0.53 0.74 3.3 -0.37 4.26 -10.46 -6.7 -18.15 4 -8.49 31.13 1.81 -4.62 14.38 -0 -0 0 -91.96 -3.09 24.18 11.7 -19.36 -2 -0 0 -3.45 20.72 -11.44 -4.29 -7.12 0 -0 -4.5 17.8 2.92 -0 -0 0 87.41 1.58 18.72 -13.38 21.84 -2.59 0 -0 -6.49 -11.14 -29.85 5.6 7.12 -0 -0 22.59 -58.84 -7.9
5.37 17 -1.58 117.33 -85.54 -114.21 0 0 0 -16.71 -5.16 -0.32 0.71 5.39 15.03 0.46 13.31 -23.63 0.01 0.7 1.93 0 0 0 12.57 -3.5 -0.03 -0.22 -3.02 8.32 -0.04 -13.37 -19.46 -0.04 -1.29 3.54 -4.77 -0.81 -6.21 0.35 -0.71 1.58 2.98 -0.51 5.21 -10.56 -6.8 -18.34 4.07 -8.57 30.83 1.84 -4.63 14.31 -0 0 0 -92.37 -3.35 22.39 12 -19.8 -2.1 -0 0 -4.14 20.3 -11.21 -4.11 -7.12 0 -0 -4.79 18.07 3.08 -0 0 0 87.15 2.31 18.03 -13.41 21.88 -2.6 0 -0 -4.86 -9.38 -31.03 4.87 7.12 -0 -0 25.34 -59.52 -9.35
5.54 17 -1.58 147.49 -87.1 -144.14 0 0 0 -13.34 -2.53 -4.01 0.94 6.16 17.25 0.45 11.22 -21.25 0 0.13 0.37 0 0 0 15.93 -2.72 -1.43 -0.26 -3.3 9.12 -0.06 -13.04 -19.3 -0.11 -2.14 5.91 -2.49 -0.34 -4.07 1.24 -0.37 1.29 2.65 -0.25 3.63 -10.15 -6.81 -18.08 3.68 -8.55 30.25 1.64 -4.62 13.95 -0 -0 0 -92.64 -3.27 21.48 12.44 -20.46 -2.25 -0 0 -4.8 19.89 -11.61 -4.16 -7.12 0 -0 -5.08 17.69 3.31 -0 -0 0 86.63 2.52 18.19 -13.54 22.08 -2.65 0 -0 -5.69 -9.95 -30.17 5.04 7.12 -0 -0 24.06 -58.87 -8.46
5.4 16.94 -1.43 117.45 -85.96 -115.41 0 0 0 -16.14 -0.41 -3.65 1.14 6.77 19.03 0.67 8.61 -20.87 0 0.16 0.44 0 0 0 12.09 -4.16 0.01 -0.3 -3.5 9.68 -0.09 -12.84 -19.34 -0.01 -0.73 2.01 -3.02 -0.68 -5.25 0.77 -0.73 2.66 2.42 -0.49 5.76 -10.05 -6.81 -18.89 3.28 -8.25 29.84 1.49 -4.49 13.9 0 -0 0 -93.01 -3.79 21.19 12.63 -20.75 -2.32 -0 0 -5.42 19.43 -11.83 -4.14 -7.12 0 -0 -5.41 17.49 3.55 0 -0 0 85.77 3.67 17.96 -13.39 21.85 -2.6 0 -0 -4.95 -10.15 -30.73 5.23 7.12 -0 -0 24.3 -59.43 -8.88
5.41 16.92 -1.31 125.92 -86.19 -124.09 0 0 0 -15.85 0.57 -4.75 1.35 7.36 20.78 0.8 7.31 -21.09 0 0.44 1.2 0 0 0 12.18 -3.82 0.66 -0.26 -3.25 8.99 -0 -13.24 -18.85 -0 -0.42 1.16 -2.37 -0.63 -4.49 1.13 -0.75 2.6 2.44 -0.48 5.26 -9.44 -6.28 -18.61 2.72 -7.54 29.9 1.31 -4.21 13.74 0 0 0 -92.9 -3.46 21.31 12.61 -20.72 -2.32 -0 0 -5.61 19.69 -11.91 -4.22 -7.12 0 -0 -5.23 17.39 3.44 0 0 0 85.25 3.82 16.98 -13.17 21.53 -2.51 0 -0 -3.84 -10.2 -31.19 5.32 7.12 -0 -0 24.63 -59.85 -9.27
5.45 16.93 -1.16 130.44 -85.65 -128.55 0 0 0 -16.56 1.04 -5.59 1.44 7.58 21.44 0.81 7.28 -21.16 0 0.24 0.65 0 0 0 11.5 -3.11 0.54 -0.26 -3.26 8.99 0.07 -13.73 -18.66 -0 0.14 -0.39 -2.58 -0.61 -3.99 1.15 -0.73 2.76 2.59 -0.48 5.14 -8.36 -5.19 -19.01 2.16 -6.1 30.21 1.16 -3.54 13.78 0 0 0 -92.51 -3.57 20.85 12.45 -20.48 -2.26 -0 0 -4.5 19.58 -11.73 -4.14 -7.12 0 -0 -5.3 17.58 3.47 0 0 0 85.11 4.18 16.44 -13.23 21.63 -2.54 0 -0 -4.05 -10.03 -31.99 5.36 7.12 -0 -0 25.5 -60.53 -10.03
5.47 16.92 -0.98 147.8 -85.81 -145.68 0 0 0 -15.93 1.6 -6.96 1.65 8.09 22.99 0.93 6.5 -21.7 0.01 0.48 1.31 0 0 0 12.09 -2.44 0.99 -0.18 -2.77 7.64 0.21 -14.29 -17.8 -0 0.11 -0.29 -1.64 -0.44 -3.37 1.41 -0.58 2.8 2.33 -0.38 4.82 -6.72 -3.84 -20.12 1.26 -4.33 31.12 0.82 -2.72 14.22 0 -0 0 -92.01 -3.84 20.58 12.27 -20.21 -2.2 -0 0 -3.71 20.3 -12.22 -4.48 -7.12 0 -0 -4.81 17 3.21 0 -0 0 85.1 3.89 17.2 -13.61 22.17 -2.68 0 -0 -5.02 -10.08 -31.72 5.34 7.12 -0 -0 25.21 -60.29 -9.77
5.51 16.93 -0.79 157.27 -85.06 -154.96 0 0 0 -16.21 2.21 -8.2 1.84 8.51 24.29 1.01 6.25 -22.24 0.01 0.49 1.34 0 0 0 11.89 -1.59 1.76 -0.1 -2.08 5.74 0.35 -14.92 -16.82 -0 -0.19 0.53 -1.94 -0.22 -2.42 1.47 -0.29 2.74 2.58 -0.24 4.2 -5.29 -2.27 -20.42 0.42 -2.24 31.64 0.61 -1.79 14.37 0 0 0 -91.42 -4.01 20.9 12.26 -20.19 -2.19 -0 0 -3.73 20.09 -11.73 -4.25 -7.12 0 -0 -4.95 17.54 3.24 0 0 0 85.17 3.71 17.9 -13.71 22.32 -2.72 0 -0 -5.09 -10.2 -31.48 5.37 7.12 -0 -0 24.88 -60.11 -9.52
5.49 16.91 -0.59 159.6 -84.15 -157.13 0 0 0 -17.16 2.74 -8.73 1.94 8.75 25 1.14 5.83 -23.04 0.04 1.26 3.46 0 0 0 10.95 -0.48 1.47 -0.12 -2.25 6.19 0.36 -15.06 -16.99 -0 -0.02 0.06 -2.45 0.01 -2.64 1.14 0.06 3.09 2.56 -0.09 4.68 -4.18 -0.91 -20.9 0.17 -0.53 32.17 0.63 -0.97 14.64 -0 -0 0 -90.75 -4.65 21.41 12.37 -20.36 -2.23 -0 0 -3.54 20.14 -10.65 -3.88 -7.12 0 -0 -4.89 18.68 3.08 -0 -0 0 85.67 3.76 17.97 -13.89 22.58 -2.79 0 -0 -5.34 -9.73 -31.47 5.11 7.12 -0 -0 25.36 -59.99 -9.64
5.5 16.91 -0.37 161.91 -83.32 -159.33 0 0 0 -17.94 2.71 -9.18 2.04 8.95 25.65 1.28 5.51 -24.01 0.18 2.76 7.6 0 0 0 10.11 0.17 2.4 -0.06 -1.51 4.16 0.58 -16.16 -15.73 -0 0.36 -0.98 -3.01 0.17 -2.03 0.89 0.29 2.98 2.62 0.02 4.2 -3.31 0.33 -20.9 -0.53 1.2 32.81 0.5 -0.26 14.89 -0 -0 0 -90.19 -4.75 22.29 12.25 -20.17 -2.19 -0 0 -4.03 20.61 -11.07 -4.13 -7.12 0 -0 -4.56 18.19 2.92 -0 -0 0 86.12 3.65 17.9 -13.63 22.2 -2.69 0 -0 -5.17 -9.76 -30.58 5 7.12 -0 -0 24.58 -59.2 -8.86
5.47 16.92 -0.17 170.73 -82.61 -168.1 0 0 0 -17.78 2.95 -9.48 2.13 9.14 26.24 1.34 5.79 -24.63 0.23 3.11 8.58 0 0 0 10.28 0.53 4.63 0 0 -0 0.91 -17.79 -13.55 -0.02 0.88 -2.41 -2.62 0.39 -2 0.87 0.57 3.07 2.4 0.17 4.25 -2.39 1.37 -20.95 -1.26 2.65 33.31 0.31 0.33 15.14 0 0 0 -89.95 -4.96 22.33 12.25 -20.19 -2.19 -0 0 -3.93 20.93 -11.07 -4.2 -7.12 0 -0 -4.34 18.17 2.78 0 0 0 86.45 3.4 18.47 -13.7 22.31 -2.71 0 -0 -5.5 -9.52 -30.36 4.84 7.12 -0 -0 24.65 -58.95 -8.74
5.47 16.91 0.04 166 -81.82 -163.43 0 0 0 -19.55 3.2 -9.65 2.15 9.17 26.34 1.34 6.44 -25.07 0.24 3.14 8.67 0 0 0 8.62 1.25 4.62 0 -0 0 1.04 -18.53 -13.01 -0.01 0.69 -1.89 -3.66 0.56 -1.51 0.39 0.83 2.95 2.5 0.29 3.83 -1.92 2.23 -20.7 -1.68 3.86 33.6 0.27 0.83 15.24 -0 -0 0 -89.9 -5.22 22.37 12.05 -19.88 -2.12 -0 0 -3.21 20.83 -11.32 -4.27 -7.12 0 -0 -4.42 17.91 2.85 -0 -0 0 86.69 3.13 18.82 -13.8 22.45 -2.75 0 -0 -5.64 -9.62 -30.76 4.95 7.12 -0 -0 24.87 -59.33 -9.05
5.41 16.89 0.22 165.72 -81.08 -163.09 0 0 0 -20.57 3.55 -9.84 2.19 9.26 26.6 1.38 6.68 -25.52 0.3 3.55 9.81 0 0 0 7.68 2.04 4.63 0 0 -0 1.12 -19 -12.4 -0.05 1.38 -3.8 -3.99 0.68 -1.98 0.1 1.04 2.98 2.4 0.38 4.11 -1.21 2.92 -20.88 -2.37 4.86 34.27 0.04 1.2 15.65 -0 -0 0 -89.86 -5.49 22.86 11.74 -19.42 -2.02 -0 0 -3.32 21.92 -12.29 -4.89 -7.12 0 -0 -3.69 16.79 2.47 -0 -0 0 86.96 3.54 18.78 -13.59 22.15 -2.67 0 -0 -5.39 -9.45 -31 4.9 7.12 -0 -0 25.25 -59.51 -9.31
5.37 16.88 0.38 164.7 -80.68 -162.05 0 0 0 -21.51 3.53 -9.9 2.24 9.35 26.9 1.42 6.75 -25.86 0.4 4.07 11.27 0 0 0 6.79 2.43 4.65 0 -0 0 1.14 -19.23 -12.94 -0.03 1.14 -3.13 -4.25 0.75 -2.35 -0.11 1.17 2.91 2.33 0.44 4.25 -0.83 3.15 -20.93 -2.87 5.24 34.65 -0.16 1.31 15.88 0 -0 0 -89.91 -5.44 23.76 11.73 -19.39 -2.01 -0 0 -3.82 21.11 -11.12 -4.26 -7.12 0 -0 -4.22 18.1 2.71 0 -0 0 87.05 3.31 19.25 -13.9 22.6 -2.79 0 -0 -5.75 -9.46 -30.95 4.9 7.12 -0 -0 25.19 -59.46 -9.25
5.32 16.87 0.51 163.8 -80.37 -161.13 0 0 0 -22.3 3.84 -9.94 2.25 9.37 26.96 1.5 6.4 -26.19 0.33 3.68 10.17 0 0 0 6.12 2.71 4.77 0 0 -0 1.13 -19.23 -13.12 -0.01 0.7 -1.93 -4.44 0.84 -2.44 -0.25 1.3 2.58 2.31 0.51 3.94 -0.76 3.38 -20.67 -3 5.58 35.08 -0.18 1.41 16.05 0 0 0 -90.08 -5.18 23.79 11.5 -19.06 -1.94 -0 0 -3.18 21.6 -11.76 -4.62 -7.12 0 -0 -3.89 17.37 2.56 0 0 0 87.13 3.1 19.4 -13.86 22.53 -2.77 0 -0 -5.85 -9.72 -30.39 4.95 7.12 -0 -0 24.48 -59.02 -8.71
5.27 16.87 0.59 159.96 -80.27 -157.32 0 0 0 -23.41 3.94 -9.69 2.22 9.32 26.8 1.54 5.75 -26.12 0.3 3.49 9.65 0 0 0 5.04 2.58 4.93 0 0 -0 1.09 -19.05 -13.6 -0 -0.1 0.26 -4.92 0.81 -2.89 -0.46 1.31 2.5 2.37 0.5 4.11 -0.95 3.53 -20.71 -2.7 5.77 35.54 0.02 1.48 16.27 0 -0 0 -90.03 -4.87 25.16 11.5 -19.06 -1.94 -0 0 -4.17 20.44 -11.47 -4.24 -7.12 0 -0 -4.7 17.79 3.05 0 -0 0 87.21 3.06 19.83 -14.02 22.77 -2.84 0 -0 -6.09 -9.74 -30.05 4.91 7.12 -0 -0 24.18 -58.72 -8.42
5.24 16.86 0.62 157.1 -80.36 -154.53 0 0 0 -23.99 3.8 -9.26 2.16 9.2 26.41 1.54 5.68 -26.06 0.31 3.57 9.86 0 0 0 4.45 2.3 5.12 0 -0 0 1.1 -19.13 -13.67 -0 0.16 -0.43 -5.27 0.87 -3.44 -0.58 1.45 2.72 2.46 0.54 4.64 -0.89 3.53 -21.23 -2.87 5.83 36.15 -0.05 1.45 16.73 0 -0 0 -90.03 -5.56 25.5 11.23 -18.63 -1.85 -0 0 -3.01 20.26 -11.14 -4.08 -7.12 0 -0 -4.81 18.15 3.09 0 -0 0 87.19 3.47 20.54 -14.29 23.15 -2.94 0 -0 -6.92 -9.57 -31.77 5.07 7.12 -0 -0 25.79 -60.23 -9.97
5.21 16.87 0.6 157.66 -81.04 -154.84 0 0 0 -23.53 3.59 -9.35 2.15 9.16 26.31 1.44 6.26 -25.73 0.25 3.21 8.85 0 0 0 4.9 1.75 4.99 0 -0 0 1.16 -19.51 -13.53 -0.02 0.96 -2.63 -4.94 0.84 -3.56 -0.45 1.4 2.36 2.4 0.54 4.34 -1.1 3.57 -20.95 -2.41 5.76 37 0.16 1.42 17.07 0 -0 0 -89.96 -5.25 25.43 11.15 -18.52 -1.82 -0 0 -2.45 22.56 -10.96 -4.51 -7.12 0 -0 -3.19 18.15 2.04 0 -0 0 87.32 2.89 21.04 -14.42 23.33 -2.99 0 -0 -7.4 -10.12 -30.44 5.17 7.12 -0 -0 24.1 -59.16 -8.65
5.2 16.88 0.54 157.88 -81.11 -155.04 0 0 0 -23.24 3.33 -9 2.08 9.03 25.9 1.48 5.86 -25.77 0.23 3.07 8.46 0 0 0 5.22 1.72 5.04 0 -0 0 1.15 -19.46 -13.65 -0.03 1.02 -2.8 -4.97 0.97 -3.31 -0.46 1.54 2.13 2.41 0.63 3.95 -0.96 3.67 -20.85 -2.2 5.75 37.57 0.22 1.43 17.34 0 -0 0 -89.64 -4.84 25.89 11.29 -18.73 -1.87 -0 0 -3.28 20.66 -11.33 -4.24 -7.12 0 -0 -4.54 17.92 2.93 0 -0 0 87.48 2.55 21.6 -14.68 23.69 -3.09 0 -0 -7.51 -9.85 -29.67 4.91 7.12 -0 -0 23.77 -58.4 -8.09
5.2 16.89 0.44 154.92 -81.45 -151.97 0 0 0 -23.19 2.65 -8.58 2.01 8.89 25.45 1.38 6.84 -25.61 0.32 3.63 10.03 0 0 0 5.23 1.24 4.96 0 0 -0 1.15 -19.47 -13.77 -0.02 0.97 -2.67 -5.16 0.97 -3.59 -0.56 1.59 2.3 2.43 0.64 4.28 -1.1 3.79 -21.28 -1.83 5.83 38.56 0.44 1.44 17.98 -0 0 0 -89.47 -5.33 26.08 11.13 -18.49 -1.82 -0 0 -2.91 22.18 -11.81 -4.77 -7.12 0 -0 -3.49 17.27 2.3 -0 0 0 87.46 3.13 21.86 -14.5 23.45 -3.02 0 -0 -7.75 -10.1 -30.74 5.2 7.12 -0 -0 24.37 -59.42 -8.9
5.22 16.89 0.33 154.82 -82.13 -151.88 0 0 0 -22.4 2.32 -8.41 2.01 8.9 25.47 1.36 6.71 -25.34 0.29 3.44 9.5 0 0 0 5.96 0.67 4.91 0 -0 0 1.12 -19.29 -13.74 -0 0.39 -1.07 -4.87 0.92 -3.37 -0.49 1.49 2.38 2.32 0.6 4.24 -0.9 4.15 -21.32 -1.48 6.11 39.67 0.62 1.57 18.62 -0 0 0 -89.45 -5.26 25.95 11.3 -18.74 -1.87 -0 0 -2.3 21.98 -11.32 -4.53 -7.12 0 -0 -3.61 17.82 2.34 -0 0 0 87.31 3.43 21.87 -14.55 23.52 -3.05 0 -0 -7.55 -9.45 -30.87 4.88 7.12 -0 -0 25.14 -59.39 -9.19
5.24 16.9 0.17 152.65 -82.82 -149.78 0 0 0 -21.69 2.13 -8.34 2 8.87 25.4 1.3 6.39 -24.71 0.24 3.17 8.76 0 0 0 6.6 -0.07 4.93 0 0 -0 1.14 -19.28 -13.18 -0.03 1.12 -3.09 -5.01 0.8 -3.33 -0.43 1.33 2.71 2.46 0.5 4.57 -0.73 4.39 -21.3 -1.2 6.24 40.59 0.75 1.63 19.17 0 0 0 -89.5 -5.74 26.12 11.32 -18.77 -1.88 -0 0 -2.6 21.8 -12.04 -4.77 -7.12 0 -0 -3.76 17.06 2.5 0 0 0 87.12 4.02 22.01 -14.65 23.65 -3.08 0 -0 -7.45 -9.07 -31.19 4.72 7.12 -0 -0 25.8 -59.59 -9.58
5.29 16.92 0.01 154.51 -83.54 -151.58 0 0 0 -20.44 1.52 -8.23 1.96 8.79 25.12 1.29 6.33 -24.57 0.28 3.38 9.33 0 0 0 7.84 -0.51 4.69 0 -0 0 1.15 -19.31 -12.93 -0.02 0.91 -2.49 -4.57 0.89 -2.65 -0.26 1.38 2.58 2.38 0.55 4.05 -0.9 4.49 -20.83 -0.34 5.97 41.73 1.13 1.56 19.69 -0 -0 0 -89.64 -5.51 27.06 11.45 -18.98 -1.92 -0 0 -3.17 21.62 -11.34 -4.46 -7.12 0 -0 -3.86 17.82 2.5 -0 -0 0 86.9 3.85 21.73 -14.45 23.37 -3 0 -0 -7.4 -9.64 -30.6 4.94 7.12 -0 -0 24.72 -59.19 -8.91
5.31 16.92 -0.15 144.23 -84.05 -141.46 0 0 0 -20.57 1.11 -7.75 1.87 8.59 24.51 1.22 6.18 -23.91 0.27 3.35 9.25 0 0 0 7.64 -1.2 3.65 -0.01 -0.78 2.14 0.98 -18.5 -14.36 -0.01 0.57 -1.57 -5.2 0.79 -2.31 -0.4 1.26 2.86 2.57 0.46 4.15 -0.72 4.62 -20.71 -0.29 6.03 42.33 1.13 1.58 20.05 -0 -0 0 -89.78 -5.81 28.18 11.58 -19.17 -1.96 -0 0 -3.98 21.4 -11.41 -4.44 -7.12 0 -0 -4.02 17.76 2.61 -0 -0 0 86.7 4.03 21.35 -14.38 23.27 -2.98 0 -0 -6.74 -9.78 -30.2 4.96 7.12 -0 -0 24.25 -58.86 -8.53
5.37 16.93 -0.32 144.13 -85.03 -141.19 0 0 0 -19.26 0.58 -8.07 1.86 8.58 24.48 1.14 6.15 -23.26 0.2 2.91 8.03 0 0 0 8.99 -1.4 1.78 -0.08 -1.78 4.89 0.82 -17.79 -15.5 -0 0.3 -0.83 -4.62 0.74 -1.45 -0.16 1.12 2.52 2.47 0.43 3.33 -0.55 4.82 -19.91 0.02 5.99 43.35 1.22 1.57 20.5 -0 0 0 -90.06 -4.91 28.59 12 -19.8 -2.1 -0 0 -4.48 21.16 -11.46 -4.4 -7.12 0 -0 -4.19 17.73 2.72 -0 0 0 86.48 3.57 21.17 -14.15 22.94 -2.88 0 -0 -6.51 -9.73 -31.17 5.07 7.12 -0 -0 25.09 -59.72 -9.37
5.41 16.95 -0.49 138.09 -85.44 -135.22 0 0 0 -18.73 0.43 -8.08 1.82 8.49 24.2 1.06 6.09 -22.57 0.16 2.6 7.17 0 0 0 9.47 -1.56 0.42 -0.16 -2.56 7.07 0.63 -16.79 -16.38 -0.02 0.86 -2.37 -4.75 0.75 -1.97 -0.07 1.17 3.35 2.65 0.4 4.48 -0.33 4.89 -20.43 -0.01 6.02 43.75 1.21 1.59 20.95 0 0 0 -90.34 -6.13 29.31 12.04 -19.86 -2.12 -0 0 -5.12 21.11 -11.14 -4.27 -7.12 0 -0 -4.22 18.08 2.71 0 0 0 86.29 4.8 20.62 -13.92 22.62 -2.8 0 -0 -5.99 -9.86 -30.83 5.09 7.12 -0 -0 24.69 -59.45 -9.05
5.45 16.94 -0.65 135.43 -86.33 -132.62 0 0 0 -17.63 0.06 -8.22 1.84 8.52 24.29 0.96 6.46 -21.91 0.05 1.43 3.94 0 0 0 10.58 -2.08 -0.23 -0.21 -2.97 8.19 0.52 -16.34 -17.13 -0.01 0.48 -1.33 -4.14 0.71 -1.37 0.14 1.05 3.28 2.51 0.37 4.07 -0.3 4.99 -19.79 0.53 5.78 44.53 1.41 1.54 21.28 0 -0 0 -90.37 -5.65 30.12 12.19 -20.09 -2.17 -0 0 -5.44 21.21 -11.93 -4.59 -7.12 0 -0 -4.17 17.23 2.75 0 -0 0 86.09 4.5 20.65 -13.94 22.65 -2.81 0 -0 -6.09 -10.29 -30.36 5.25 7.12 -0 -0 23.86 -59.12 -8.53
5.52 16.96 -0.81 130.23 -86.44 -127.38 0 0 0 -17.15 -0.23 -8.22 1.74 8.31 23.65 0.84 6.88 -21.09 0.04 1.24 3.42 0 0 0 11.06 -2.2 -1.6 -0.31 -3.6 9.96 0.37 -15.61 -17.79 -0 0.03 -0.09 -4.35 0.77 -0.48 0.24 1.08 3.09 2.72 0.4 3.37 -0.05 5.23 -19.28 0.7 5.86 45.29 1.47 1.58 21.7 -0 0 0 -90.46 -5.34 30.07 12.23 -20.15 -2.18 -0 0 -5.4 21.15 -11.86 -4.54 -7.12 0 -0 -4.21 17.32 2.77 -0 0 0 85.97 4.2 20.77 -14.17 22.97 -2.89 0 -0 -6.43 -9.91 -30.12 5.01 7.12 -0 -0 24.06 -58.82 -8.43
5.54 16.96 -0.95 119.59 -86.79 -116.92 0 0 0 -16.72 -0.68 -7.54 1.62 8.02 22.78 0.76 7.07 -20.54 0.02 0.97 2.66 0 0 0 11.45 -3.31 -2.1 -0.36 -3.87 10.7 0.26 -14.87 -18.03 -0 -0.14 0.37 -4.2 0.6 -0.53 0.34 0.85 3.48 2.74 0.27 3.82 -0.13 5.19 -19.11 0.77 5.76 45.47 1.49 1.53 21.77 0 0 0 -90.42 -5.56 30.03 12.27 -20.21 -2.2 -0 0 -5.7 21.15 -11.8 -4.52 -7.12 0 -0 -4.21 17.38 2.77 0 0 0 85.88 4.5 21.06 -14.32 23.19 -2.95 0 -0 -6.62 -9.79 -30.75 5.04 7.12 -0 -0 24.69 -59.36 -8.99
5.6 16.97 -1.09 114.6 -86.74 -111.67 0 0 0 -16.41 -1.12 -7.41 1.49 7.7 21.82 0.67 7.68 -20.11 0.02 0.81 2.23 0 0 0 11.89 -2.84 -3.01 -0.43 -4.2 11.65 0.23 -14.98 -18.61 -0 -0.36 1 -4.3 0.68 -0.33 0.4 0.95 3.4 2.86 0.32 3.62 -0.19 5.15 -18.78 0.98 5.58 45.58 1.56 1.48 21.74 -0 0 0 -90.33 -5.6 30.02 12.15 -20.03 -2.15 -0 0 -5.67 21.05 -11.79 -4.5 -7.12 0 -0 -4.27 17.4 2.81 -0 0 0 85.85 4.47 21.25 -14.45 23.38 -3.01 0 -0 -6.78 -9.98 -30.7 5.13 7.12 -0 -0 24.45 -59.36 -8.9
5.61 16.97 -1.21 101.61 -86.52 -98.75 0 0 0 -16.55 -1.76 -6.66 1.37 7.4 20.89 0.6 8.17 -19.83 0 0.44 1.22 0 0 0 11.79 -3.86 -3.11 -0.42 -4.15 11.51 0.18 -14.53 -18.48 -0 -0.38 1.03 -4.5 0.51 -0.3 0.35 0.73 3.39 2.91 0.21 3.6 -0.12 5.18 -18.44 1.15 5.45 45.83 1.6 1.45 21.82 0 -0 0 -90.3 -5.33 29.61 12.21 -20.12 -2.17 -0 0 -5.61 20.76 -11.44 -4.3 -7.12 0 -0 -4.47 17.79 2.9 0 -0 0 85.88 4.22 21.36 -14.43 23.35 -3 0 -0 -6.77 -10.5 -30.49 5.37 7.12 -0 -0 23.75 -59.29 -8.59
5.64 16.99 -1.33 95.07 -86.33 -92.16 0 0 0 -16.46 -2.42 -5.89 1.2 6.96 19.59 0.5 8.98 -19.52 0 0.21 0.58 0 0 0 11.98 -3.99 -3.45 -0.44 -4.28 11.85 0.15 -14.47 -18.75 -0.01 -0.57 1.58 -4.54 0.45 -0.38 0.39 0.66 3.35 2.97 0.17 3.61 0.05 5.23 -18.19 1.06 5.48 45.92 1.52 1.48 21.82 0 -0 0 -90.37 -5.21 29.49 12.2 -20.11 -2.17 -0 0 -5.24 20.81 -11.89 -4.48 -7.12 0 -0 -4.45 17.31 2.93 0 -0 0 85.77 4.15 21.23 -14.35 23.23 -2.97 0 -0 -6.69 -10.1 -30.44 5.16 7.12 -0 -0 24.12 -59.15 -8.65
5.66 16.99 -1.43 88.35 -86.6 -85.51 0 0 0 -15.88 -3.26 -5.19 1.11 6.7 18.84 0.45 9.59 -19.62 0 0.24 0.66 0 0 0 12.64 -4.35 -3.53 -0.46 -4.33 12.01 0.09 -14.22 -19.11 -0.03 -1.04 2.86 -4.06 0.38 -0.75 0.61 0.57 3.63 2.93 0.12 4.12 -0.19 5.15 -18.92 1.3 5.37 46.01 1.74 1.4 22.47 0 -0 0 -90.62 -5.68 29.48 12.2 -20.1 -2.17 -0 0 -5.56 20.27 -12.32 -4.51 -7.12 0 -0 -4.84 16.9 3.23 0 -0 0 85.58 4.57 20.75 -14.29 23.14 -2.94 0 -0 -6.49 -9.99 -31.33 5.23 7.12 -0 -0 24.97 -59.92 -9.45
5.7 17 -1.51 83.72 -86.72 -80.9 0 0 0 -15.4 -3.34 -5.31 1.1 6.68 18.77 0.4 9.72 -19.14 0 -0.24 -0.66 0 0 0 13.14 -4.5 -3.56 -0.44 -4.27 11.84 0.11 -14.35 -19.06 -0.03 -1.11 3.04 -3.58 0.37 -0.49 0.65 0.53 3.36 2.7 0.13 3.7 0.43 5.37 -18.46 0.89 5.61 46.17 1.44 1.54 22.51 -0 0 0 -90.52 -5.17 30.43 12.49 -20.54 -2.27 -0 0 -6.29 20.51 -11.75 -4.36 -7.12 0 -0 -4.66 17.48 3.05 -0 0 0 85.61 4.23 20.08 -14.14 22.93 -2.88 0 -0 -5.8 -10 -29.86 5.02 7.12 -0 -0 23.76 -58.6 -8.2
5.73 16.99 -1.58 78.59 -86.43 -75.97 0 0 0 -15.45 -3.79 -4.84 1.06 6.54 18.35 0.36 10.02 -19.03 0 -0.19 -0.52 0 0 0 13.12 -4.75 -3.9 -0.5 -4.53 12.56 0.07 -14.16 -19.35 -0.03 -1.17 3.21 -3.65 0.23 -0.45 0.73 0.34 3.4 2.81 0.03 3.73 0.26 5.37 -18.32 1.1 5.57 46.2 1.57 1.52 22.45 0 0 0 -90.84 -5.24 30.42 12.49 -20.53 -2.27 -0 0 -6.82 20.36 -12.1 -4.45 -7.12 0 -0 -4.76 17.12 3.16 0 0 0 85.33 4.28 20.25 -14.06 22.82 -2.85 0 -0 -6.1 -9.92 -30.47 5.07 7.12 -0 -0 24.33 -59.14 -8.73
5.76 16.98 -1.64 78.42 -86.1 -75.96 0 0 0 -15.57 -3.77 -4.56 1.01 6.38 17.89 0.31 10.18 -18.66 0 -0.16 -0.43 0 0 0 12.96 -5.05 -4.42 -0.56 -4.8 13.35 0 -13.67 -19.4 -0.03 -1.2 3.31 -3.81 0.3 -0.23 0.77 0.43 3.3 2.94 0.07 3.49 0.56 5.4 -17.99 0.87 5.57 46.23 1.38 1.55 22.39 0 0 0 -91.08 -4.9 30.72 12.87 -21.1 -2.41 -0 0 -6.51 20.3 -12.2 -4.47 -7.12 0 -0 -4.81 17.03 3.2 0 0 0 85.23 4.09 19.87 -14.13 22.92 -2.88 0 -0 -5.96 -10.42 -30.92 5.4 7.12 -0 -0 24.18 -59.66 -8.97
5.78 16.98 -1.69 74.05 -86.21 -71.83 0 0 0 -15.18 -3.97 -4.4 1 6.35 17.81 0.27 10.39 -18.46 0.01 -0.54 -1.47 0 0 0 13.37 -5.14 -4.34 -0.58 -4.86 13.51 0.01 -13.82 -19.5 -0.04 -1.22 3.35 -3.52 0.28 -0.71 0.92 0.4 3.63 2.94 0.05 4.11 0.54 5.33 -18.24 1.01 5.42 46.2 1.43 1.51 22.45 -0 0 0 -91.17 -5.29 30.97 13 -21.28 -2.45 -0 0 -7.2 19.51 -12.24 -4.29 -7.12 0 -0 -5.36 17.06 3.57 -0 0 0 85.27 4.49 19.47 -14.19 23 -2.9 0 -0 -5.9 -9.63 -31.43 5.06 7.12 -0 -0 25.42 -59.93 -9.63
5.81 16.98 -1.74 69.29 -86.25 -67.22 0 0 0 -14.86 -4.07 -4.35 0.99 6.35 17.79 0.26 10.32 -18.26 0.01 -0.62 -1.71 0 0 0 13.68 -5.18 -4.36 -0.59 -4.94 13.73 -0.05 -13.69 -20 -0.07 -1.66 4.56 -3.27 0.21 -0.81 1.12 0.3 3.73 3.01 -0.01 4.28 0.44 5.35 -18.36 1.21 5.41 46.2 1.57 1.52 22.47 0 0 0 -91.28 -5.52 31.08 13.04 -21.35 -2.47 -0 0 -7.7 19.39 -12.25 -4.27 -7.12 0 -0 -5.45 17.06 3.63 0 0 0 85.18 4.62 19.56 -14.18 22.99 -2.9 0 -0 -6.11 -10.07 -31.04 5.23 7.12 -0 -0 24.64 -59.68 -9.17
5.85 16.97 -1.76 63.33 -86.34 -61.24 0 0 0 -14.5 -4.4 -4.52 0.99 6.34 17.79 0.24 10.38 -18.1 0.01 -0.55 -1.52 0 0 0 14.04 -5.43 -4.88 -0.63 -5.1 14.19 -0.06 -13.61 -20.04 -0.06 -1.6 4.4 -2.63 0.2 -0.84 1.21 0.26 3.58 2.73 -0 4.15 0.68 5.42 -18.27 1.04 5.49 46.38 1.45 1.56 22.62 -0 -0 0 -91.28 -5.37 31.29 12.99 -21.27 -2.45 -0 0 -7.35 20.06 -12.76 -4.61 -7.12 0 -0 -5 16.46 3.39 -0 -0 0 85.37 4.35 19.24 -14.15 22.94 -2.88 0 -0 -5.98 -10.23 -30.48 5.23 7.12 -0 -0 24.02 -59.22 -8.65
5.89 16.97 -1.8 66.04 -85.89 -64.28 0 0 0 -14.88 -4.16 -4.28 0.96 6.25 17.51 0.22 10.38 -17.81 0.01 -0.49 -1.35 0 0 0 13.63 -5.2 -5.1 -0.71 -5.4 15.06 -0.1 -13.53 -20.4 -0.06 -1.61 4.43 -3.11 0.21 -0.1 1.24 0.27 3.34 3.03 0.01 3.48 0.56 5.41 -17.47 1.19 5.45 46.25 1.48 1.58 21.86 0 -0 0 -91.34 -4.89 31.54 13 -21.28 -2.45 -0 0 -7.93 20.28 -12.59 -4.6 -7.12 0 -0 -4.83 16.62 3.26 0 -0 0 85.37 3.83 19.13 -14.18 23 -2.9 0 -0 -5.79 -9.8 -30.56 5.02 7.12 -0 -0 24.53 -59.2 -8.84
5.91 16.97 -1.81 61.87 -85.92 -60.29 0 0 0 -14.67 -4.15 -4.25 0.97 6.28 17.59 0.23 10.21 -17.72 0.01 -0.57 -1.57 0 0 0 13.84 -5.53 -4.81 -0.68 -5.29 14.73 -0.08 -13.6 -20.29 -0.06 -1.55 4.27 -2.8 0.14 -0.3 1.42 0.16 3.52 3.04 -0.05 3.79 0.42 5.29 -17.75 1.09 5.42 45.99 1.45 1.55 21.75 0 -0 0 -91.54 -4.92 31.34 13.08 -21.4 -2.48 -0 0 -8.17 20.38 -12.17 -4.48 -7.12 0 -0 -4.75 17.05 3.16 0 -0 0 85.19 3.97 19.34 -14.16 22.96 -2.89 0 -0 -5.91 -9.94 -30.33 5.06 7.12 -0 -0 24.2 -59.02 -8.6
5.9 16.97 -1.82 62.31 -85.66 -60.89 0 0 0 -14.94 -4.12 -3.84 0.94 6.17 17.27 0.23 10.24 -17.76 0 -0.36 -0.98 0 0 0 13.58 -5.65 -4.32 -0.64 -5.12 14.25 -0.08 -13.7 -20.36 -0.05 -1.43 3.94 -2.9 0.14 -0.56 1.45 0.18 3.49 3.13 -0.05 3.9 0.21 4.98 -17.76 1 5.08 45.67 1.37 1.4 21.51 -0 -0 0 -91.67 -4.4 30.92 13.15 -21.51 -2.51 -0 0 -7.49 19.51 -11.87 -4.17 -7.12 0 -0 -5.35 17.44 3.52 -0 -0 0 85.13 4.01 18.61 -13.83 22.49 -2.76 0 -0 -5.25 -9.58 -29.53 4.76 7.12 -0 -0 23.94 -58.22 -8.04
5.93 16.98 -1.81 61.28 -85.81 -59.74 0 0 0 -14.81 -4.22 -3.87 0.91 6.06 16.97 0.21 10.4 -17.72 0 -0.3 -0.81 0 0 0 13.76 -5.25 -4.01 -0.59 -4.9 13.64 -0.01 -14.16 -20.22 -0.05 -1.42 3.9 -2.67 0.08 -1.09 1.55 0.09 3.69 3.1 -0.1 4.42 0.09 4.57 -17.86 0.51 4.79 44.83 1.06 1.25 20.94 0 -0 0 -91.85 -4.68 30.55 13.05 -21.36 -2.47 -0 0 -7.19 19.45 -11.81 -4.14 -7.12 0 -0 -5.39 17.51 3.54 0 -0 0 85.03 4.42 18.6 -13.82 22.47 -2.76 0 -0 -5.41 -9.79 -30.01 4.93 7.12 -0 -0 24.1 -58.7 -8.38
5.95 16.99 -1.76 63.48 -85.35 -61.87 0 0 0 -15.47 -3.96 -3.99 0.89 6.01 16.81 0.2 10.28 -17.51 0 -0.43 -1.19 0 0 0 13.06 -5.4 -3.89 -0.55 -4.76 13.23 -0.01 -14.09 -20.18 -0.05 -1.39 3.81 -2.86 -0.02 -1.16 1.33 -0.03 3.63 2.98 -0.16 4.4 -0.2 4.16 -17.97 0.35 4.42 44.07 0.94 1.07 20.42 -0 0 0 -91.68 -4.37 31.12 13.06 -21.38 -2.48 -0 0 -7.88 19.44 -11.56 -4.04 -7.12 0 -0 -5.39 17.78 3.51 -0 0 0 85.09 4.25 18.28 -13.87 22.55 -2.78 0 -0 -5.23 -9.43 -30.88 4.87 7.12 -0 -0 25.16 -59.39 -9.2
5.97 16.99 -1.71 67.16 -86.28 -65.58 0 0 0 -14.83 -3.51 -4.34 0.93 6.15 17.23 0.23 10.19 -17.77 0 -0.13 -0.36 0 0 0 13.73 -4.52 -3.17 -0.47 -4.39 12.19 0.11 -14.76 -19.79 -0.04 -1.31 3.6 -2.26 0.05 -0.71 1.6 0.03 3.42 2.91 -0.1 3.92 -0.68 3.63 -17.53 0.11 4 42.49 0.81 0.89 19.24 0 0 0 -92.03 -3.81 30.77 12.97 -21.25 -2.44 -0 0 -7.65 19.82 -12.18 -4.35 -7.12 0 -0 -5.14 17.09 3.42 0 0 0 84.77 4.05 18.55 -13.81 22.47 -2.76 0 -0 -5.61 -9.54 -30.8 4.92 7.12 -0 -0 24.99 -59.35 -9.11
5.97 16.98 -1.61 75.78 -85.86 -74.31 0 0 0 -15.86 -3.2 -4.11 0.92 6.12 17.14 0.27 10.09 -18.09 0 0.3 0.83 0 0 0 12.6 -4.86 -3.33 -0.49 -4.48 12.43 0.01 -13.93 -19.65 -0.05 -1.4 3.84 -2.66 0.03 -1.09 1.34 0.04 3.68 2.87 -0.12 4.4 -0.73 3.26 -17.8 -0.29 3.75 41.22 0.58 0.79 18.54 -0 -0 0 -91.98 -3.93 30.95 12.99 -21.27 -2.45 -0 0 -7.53 19.09 -11.88 -4.08 -7.12 0 -0 -5.65 17.46 3.71 -0 -0 0 84.77 4.48 17.96 -13.72 22.34 -2.72 0 -0 -5.05 -9.89 -30.63 5.08 7.12 -0 -0 24.49 -59.28 -8.87
5.98 16.98 -1.51 83.27 -86.37 -81.64 0 0 0 -15.72 -2.73 -4.86 1.02 6.43 18.03 0.35 9.61 -18.46 0 0.32 0.89 0 0 0 12.7 -4.34 -3.28 -0.45 -4.32 11.99 0.11 -14.29 -18.97 -0.02 -0.91 2.5 -2.44 -0.04 -1.06 1.47 -0.07 3.48 2.88 -0.16 4.19 -1.22 2.99 -17.64 -0.22 3.6 39.81 0.67 0.74 17.65 -0 0 0 -92 -3.75 31.31 13 -21.29 -2.45 -0 0 -7.33 20.41 -11.54 -4.26 -7.12 0 -0 -4.71 17.71 3.07 -0 0 0 84.59 4.28 18.35 -13.79 22.44 -2.75 0 -0 -5.4 -9.8 -30.83 5.06 7.12 -0 -0 24.74 -59.43 -9.06
5.96 16.97 -1.4 94.09 -86.13 -92.74 0 0 0 -16.46 -2.01 -4.89 1.1 6.65 18.69 0.41 9.3 -18.8 0 0.15 0.42 0 0 0 11.89 -4.63 -3.04 -0.44 -4.26 11.82 0.09 -13.68 -18.34 -0.01 -0.59 1.63 -2.74 0.03 -0.77 1.2 0.05 3.33 2.78 -0.1 3.86 -1.23 2.75 -17.3 -0.17 3.29 38.56 0.63 0.67 16.87 0 0 0 -91.66 -3.49 31.39 12.92 -21.17 -2.42 -0 0 -7.12 20.91 -11.64 -4.41 -7.12 0 -0 -4.37 17.56 2.85 0 0 0 84.95 3.85 18.04 -13.74 22.36 -2.73 0 -0 -5.29 -9.81 -30.45 5.01 7.12 -0 -0 24.43 -59.1 -8.74
5.95 16.97 -1.29 108.24 -86.41 -107.02 0 0 0 -16.27 -1.4 -5.2 1.17 6.86 19.31 0.44 9.28 -19.19 0 0.16 0.44 0 0 0 12.08 -3.63 -2.27 -0.39 -4 11.09 0.2 -14.44 -18.06 -0.01 -0.64 1.75 -2.73 0.06 -0.91 1.29 0.08 3.38 2.87 -0.09 3.99 -1.59 2.46 -17.7 -0.14 3.06 37.74 0.67 0.57 16.53 0 0 0 -91.61 -3.68 30.55 13.01 -21.31 -2.46 -0 0 -6.72 20.74 -11.52 -4.32 -7.12 0 -0 -4.48 17.71 2.92 0 0 0 85.17 3.77 18.33 -13.76 22.39 -2.73 0 -0 -5.56 -10.12 -30.19 5.13 7.12 -0 -0 23.91 -58.93 -8.44
5.92 16.96 -1.18 118.65 -85.96 -117.65 0 0 0 -16.81 -0.88 -5.24 1.24 7.06 19.89 0.52 9.08 -19.84 0.01 0.57 1.58 0 0 0 11.44 -3.44 -1.69 -0.35 -3.83 10.59 0.2 -14.08 -17.59 -0.01 -0.6 1.64 -3.03 0.16 -0.87 1.03 0.23 3.24 2.76 -0.01 3.82 -1.61 2.33 -17.62 -0.01 2.87 36.92 0.69 0.54 16.09 -0 -0 0 -91.22 -3.9 30.43 12.69 -20.83 -2.34 -0 0 -6.22 21.11 -11.44 -4.38 -7.12 0 -0 -4.23 17.76 2.74 -0 -0 0 85.74 3.35 17.88 -13.69 22.29 -2.71 0 -0 -5.29 -9.65 -30.16 4.88 7.12 -0 -0 24.36 -58.8 -8.53
5.88 16.95 -1.07 135.01 -85.84 -134.18 0 0 0 -16.54 -0.15 -5.35 1.35 7.34 20.74 0.65 8.68 -20.78 0.02 0.99 2.72 0 0 0 11.66 -3.19 -1.02 -0.31 -3.55 9.82 0.21 -13.92 -17.11 -0.01 -0.55 1.51 -2.72 0.18 -1.38 1.1 0.25 3.5 2.67 -0.01 4.37 -1.8 2.34 -18.39 -0.17 3.1 36.34 0.71 0.62 15.98 -0 0 0 -91.15 -4.33 29.86 12.76 -20.94 -2.37 -0 0 -6.52 20.88 -10.95 -4.15 -7.12 0 -0 -4.37 18.3 2.79 -0 0 0 86.02 3.53 17.94 -13.72 22.33 -2.72 0 -0 -5.21 -9.03 -30.91 4.67 7.12 -0 -0 25.6 -59.33 -9.34
5.83 16.94 -0.96 139.77 -85.13 -139.26 0 0 0 -17.18 0.42 -4.91 1.37 7.41 20.94 0.74 8.54 -21.52 0.04 1.29 3.54 0 0 0 10.98 -3.08 -0.43 -0.29 -3.44 9.52 0.21 -13.69 -16.76 -0 -0.01 0.02 -3.28 0.17 -1.32 0.91 0.28 3.24 2.79 0 4.06 -1.98 2.32 -18.11 -0.16 3.14 36.03 0.75 0.62 15.76 0 0 0 -91.07 -3.94 29.53 12.62 -20.73 -2.32 -0 0 -6.35 21.27 -11.23 -4.34 -7.12 0 -0 -4.1 17.97 2.64 0 0 0 86.27 2.74 18.39 -13.91 22.6 -2.79 0 -0 -5.52 -9.44 -31.4 4.95 7.12 -0 -0 25.59 -59.87 -9.67
5.79 16.93 -0.85 144.81 -84.29 -144.4 0 0 0 -17.75 1.2 -4.99 1.43 7.56 21.39 0.81 8.44 -22.05 0.04 1.37 3.76 0 0 0 10.39 -2.45 -0.07 -0.28 -3.43 9.47 0.18 -13.37 -16.61 -0 -0.16 0.44 -3.73 0.18 -1.61 0.77 0.32 3.28 2.91 0.01 4.27 -2.26 2.09 -18.17 -0.4 3.04 35.19 0.68 0.54 15.36 0 -0 0 -91.16 -4.09 28.98 12.48 -20.52 -2.27 -0 0 -6.13 21.9 -11.73 -4.67 -7.12 0 -0 -3.68 17.38 2.42 0 -0 0 86.26 2.78 18.88 -13.89 22.58 -2.79 0 -0 -5.96 -9.55 -30.62 4.9 7.12 -0 -0 24.83 -59.19 -8.95
5.73 16.93 -0.74 149.58 -83.53 -149.26 0 0 0 -18.15 1.99 -4.94 1.46 7.63 21.61 0.85 8.51 -22.45 0.05 1.39 3.81 0 0 0 9.97 -1.7 0.53 -0.26 -3.3 9.11 0.21 -13.55 -16.51 -0 0.32 -0.88 -4.07 0.14 -2.07 0.68 0.3 3.33 3.01 -0.02 4.59 -3.55 1.15 -18.87 0.12 1.96 34.84 0.93 0 15.35 0 -0 0 -91.35 -4.15 28.25 12.32 -20.29 -2.21 -0 0 -5.79 22.1 -11.66 -4.69 -7.12 0 -0 -3.54 17.44 2.32 0 -0 0 86.23 2.78 19.41 -13.87 22.55 -2.78 0 -0 -5.96 -9.71 -31.46 5.1 7.12 -0 -0 25.37 -59.97 -9.64
5.71 16.92 -0.64 156.74 -82.8 -156.26 0 0 0 -18 2.45 -5.34 1.54 7.83 22.19 0.94 8.28 -23.13 0.08 1.85 5.1 0 0 0 10.22 -0.76 0.84 -0.22 -3.04 8.4 0.29 -13.96 -16.04 -0 0.36 -0.98 -4.08 0.28 -2.12 0.6 0.5 3.1 2.94 0.09 4.35 -4.12 0.16 -18.78 -0.41 0.94 33.69 0.63 -0.53 14.82 0 -0 0 -91.14 -3.62 28.67 12.55 -20.63 -2.29 -0 0 -6.25 23 -11.21 -4.72 -7.12 0 -0 -2.89 17.84 1.87 0 -0 0 86.49 2.57 19.02 -13.84 22.5 -2.76 0 -0 -5.71 -9.63 -31.28 5.04 7.12 -0 -0 25.29 -59.8 -9.5
5.65 16.92 -0.52 155.42 -81.99 -155.02 0 0 0 -19.06 2.81 -5.18 1.56 7.89 22.38 1 8.48 -23.75 0.08 1.79 4.93 0 0 0 9.14 -0.37 1.72 -0.16 -2.6 7.17 0.39 -14.31 -15.11 -0.01 0.57 -1.56 -4.67 0.2 -2.32 0.3 0.43 3.15 2.95 0.04 4.53 -5.84 -1.4 -18.81 -0.17 -0.8 32.38 0.73 -1.39 14.3 0 -0 0 -91.25 -3.65 28.18 12.4 -20.41 -2.24 -0 0 -5.9 19.62 -10.36 -3.67 -7.12 0 -0 -5.25 19.02 3.27 0 -0 0 86.6 2.96 18.62 -13.64 22.22 -2.69 0 -0 -5.43 -9.52 -30.64 4.88 7.12 -0 -0 24.88 -59.2 -8.98
5.6 16.93 -0.41 161 -81.48 -160.3 0 0 0 -18.91 3.17 -5.31 1.55 7.87 22.31 1.05 8.62 -24.3 0.13 2.32 6.39 0 0 0 9.4 0.13 2.43 -0.1 -2.07 5.7 0.48 -14.8 -14.47 -0.02 0.92 -2.52 -4.3 0.21 -2.98 0.25 0.47 3.11 2.7 0.06 4.86 -7.23 -2.88 -18.51 0.04 -2.53 31.16 0.76 -2.23 13.8 0 -0 0 -91.19 -3.61 27.72 12.28 -20.22 -2.2 -0 0 -5.69 20.15 -11.44 -4.16 -7.12 0 -0 -4.89 17.85 3.17 0 -0 0 86.66 2.95 18.95 -13.7 22.3 -2.71 0 -0 -5.66 -9.25 -31.06 4.8 7.12 -0 -0 25.5 -59.51 -9.41
5.54 16.93 -0.3 156.99 -80.61 -156.24 0 0 0 -20.38 3.23 -5.03 1.51 7.75 21.95 1.09 8.81 -24.76 0.17 2.69 7.42 0 0 0 7.93 0.49 3.06 -0.07 -1.7 4.68 0.58 -15.34 -13.83 -0.06 1.59 -4.38 -5.44 0.14 -3.04 -0.1 0.45 2.9 2.98 0.03 4.67 -7.88 -3.76 -18.66 -0.1 -3.5 30.65 0.65 -2.72 13.67 0 -0 0 -91.15 -3.43 27.46 12.05 -19.88 -2.12 -0 0 -5.45 19.95 -10.81 -3.9 -7.12 0 -0 -5.02 18.52 3.18 0 -0 0 86.57 2.53 19.71 -13.73 22.35 -2.72 0 -0 -6.74 -10.52 -30.08 5.32 7.12 -0 -0 23.41 -58.92 -8.25
5.53 16.94 -0.18 159.05 -80.22 -158.06 0 0 0 -20.72 3.04 -5.29 1.52 7.79 22.07 1.11 9.22 -25.22 0.2 2.89 7.96 0 0 0 7.65 0.2 5.27 0 -0 0 0.81 -16.45 -11.49 -0.09 1.91 -5.26 -5.42 0.16 -3.25 -0.21 0.49 3 2.86 0.05 4.89 -8.5 -4.55 -19.13 0.21 -4.44 29.9 0.71 -3.11 13.53 -0 0 0 -90.96 -3.98 27.45 11.93 -19.7 -2.08 -0 0 -5.22 20.07 -10.91 -3.96 -7.12 0 -0 -4.94 18.41 3.14 -0 0 0 86.73 3.01 19.16 -13.73 22.35 -2.72 0 -0 -5.94 -10 -30.01 5.04 7.12 -0 -0 23.88 -58.74 -8.32
5.48 16.93 -0.05 158.14 -79.59 -156.94 0 0 0 -21.66 3.08 -5.35 1.5 7.74 21.92 1.14 9.47 -25.62 0.27 3.37 9.3 0 0 0 6.74 0.71 5.21 0 0 -0 0.87 -16.92 -11.37 -0.03 1.12 -3.08 -6.02 0.18 -3.21 -0.37 0.55 2.57 3.02 0.08 4.42 -9.16 -5.09 -18.47 0.52 -5.15 29.35 0.84 -3.44 13.23 -0 -0 0 -90.99 -3.39 27.12 11.9 -19.65 -2.07 -0 0 -5.02 20.41 -11.51 -4.25 -7.12 0 -0 -4.72 17.75 3.06 -0 -0 0 86.72 2.58 19.04 -13.65 22.23 -2.69 0 -0 -5.82 -11.42 -28.62 5.52 7.12 -0 -0 21.41 -57.77 -6.9
5.45 16.93 0.07 159.02 -79.2 -157.71 0 0 0 -22.17 2.83 -5.37 1.55 7.86 22.3 1.29 9.19 -26.56 0.41 4.12 11.42 0 0 0 6.29 1.15 5.13 0 -0 0 0.89 -17.1 -11.42 -0.02 0.83 -2.29 -6.05 0.27 -3.3 -0.46 0.68 2.52 2.96 0.15 4.41 -9.37 -5.51 -18.44 0.33 -5.61 28.88 0.72 -3.67 13.06 -0 0 0 -90.68 -3.58 27.85 11.98 -19.77 -2.09 -0 0 -5.73 20.38 -11.48 -4.23 -7.12 0 -0 -4.73 17.78 3.07 -0 0 0 86.87 2.56 18.86 -13.74 22.36 -2.73 0 -0 -5.71 -11.24 -28.99 5.5 7.12 -0 -0 21.85 -58.08 -7.22
5.38 16.92 0.18 156.23 -78.68 -155.1 0 0 0 -23.53 3.51 -5.12 1.53 7.81 22.15 1.14 10.12 -26.14 0.24 3.16 8.73 0 0 0 5.04 1.33 5.5 0 0 -0 0.91 -17.22 -11.56 -0.04 1.32 -3.63 -6.53 0.27 -3.8 -0.75 0.75 2.6 2.94 0.16 4.77 -9.76 -5.64 -18.12 0.64 -5.79 28.43 0.89 -3.73 12.85 -0 0 0 -90.48 -3.45 27.94 11.9 -19.66 -2.07 -0 0 -5.51 21.01 -12.2 -4.64 -7.12 0 -0 -4.32 16.96 2.88 -0 0 0 87.08 2.35 19.23 -13.74 22.36 -2.73 0 -0 -6.49 -10.41 -29.79 5.22 7.12 -0 -0 23.3 -58.63 -8.04
5.37 16.92 0.27 154.91 -78.53 -153.45 0 0 0 -24.13 3.3 -5.52 1.54 7.83 22.19 1.18 9.79 -26.19 0.35 3.78 10.46 0 0 0 4.42 1.39 5.09 0 0 -0 0.93 -17.36 -11.41 -0.06 1.58 -4.35 -6.8 0.22 -3.91 -0.83 0.7 2.46 3 0.13 4.69 -10 -5.81 -18.16 0.47 -5.88 28.02 0.86 -3.8 12.7 0 -0 0 -90.37 -3.92 26.96 11.61 -19.22 -1.97 -0 0 -4.11 20.04 -11.18 -4.05 -7.12 0 -0 -4.96 18.12 3.19 0 -0 0 87.27 2.15 19.91 -14.19 23 -2.9 0 -0 -6.85 -11.41 -29.56 5.68 7.12 -0 -0 22.1 -58.64 -7.61
5.37 16.91 0.33 154.25 -78.49 -152.76 0 0 0 -24.49 3.14 -5.56 1.55 7.87 22.31 1.26 9.41 -26.49 0.45 4.29 11.91 0 0 0 4.06 1.4 4.92 0 0 -0 0.97 -17.64 -11.39 -0.06 1.61 -4.44 -6.96 0.17 -3.93 -0.78 0.65 2.54 3.14 0.09 4.79 -10.08 -5.96 -18.48 0.05 -5.88 27.99 0.7 -3.86 12.75 0 -0 0 -90.29 -4.14 26.97 11.52 -19.08 -1.94 -0 0 -4.62 20.77 -11.29 -4.24 -7.12 0 -0 -4.46 17.95 2.88 0 -0 0 87.36 2.43 20.38 -14 22.73 -2.83 0 -0 -7.18 -10.77 -29.36 5.33 7.12 -0 -0 22.6 -58.32 -7.62
5.36 16.91 0.34 157.11 -78.81 -155.65 0 0 0 -23.84 3.26 -5.73 1.61 8 22.72 1.25 9.41 -26.45 0.41 4.11 11.39 0 0 0 4.75 1.34 4.97 0 0 -0 0.98 -17.72 -11.32 -0.08 1.77 -4.86 -6.26 0.35 -3.79 -0.74 0.84 2.59 2.81 0.21 4.75 -10.51 -6.3 -18.42 0.74 -6.43 27.76 0.94 -4.04 12.72 -0 -0 0 -90.09 -4.33 25.8 11.33 -18.79 -1.88 -0 0 -3.02 20.35 -11.67 -4.29 -7.12 0 -0 -4.76 17.59 3.11 -0 -0 0 87.84 2.42 20.41 -14.02 22.76 -2.84 0 -0 -7.05 -12.05 -28.29 5.78 7.12 -0 -0 20.53 -57.61 -6.52
5.36 16.92 0.33 156.9 -79.36 -155.36 0 0 0 -23.53 2.71 -5.82 1.65 8.09 23 1.29 9.1 -26.51 0.44 4.25 11.77 0 0 0 4.99 0.8 4.9 0 0 -0 0.95 -17.55 -11.43 -0.05 1.5 -4.12 -6.14 0.31 -3.45 -0.6 0.74 2.45 2.87 0.18 4.41 -10.83 -6.39 -18.37 0.87 -6.5 27.75 1.03 -4.09 12.73 0 -0 0 -90.1 -4.29 25.1 11.22 -18.63 -1.85 -0 0 -1.92 19.31 -11.09 -3.86 -7.12 0 -0 -5.48 18.28 3.5 0 -0 0 87.79 1.92 21.05 -14.19 23.01 -2.9 0 -0 -7.75 -10.13 -30.35 5.16 7.12 -0 -0 24.02 -59.08 -8.57
5.35 16.9 0.29 154.62 -79.91 -153.23 0 0 0 -23.5 2.62 -5.67 1.67 8.15 23.18 1.29 8.72 -26.25 0.42 4.15 11.49 0 0 0 4.93 0.08 5 0 0 -0 0.97 -17.6 -11.08 -0.07 1.71 -4.71 -6.3 0.29 -3.46 -0.59 0.73 2.57 2.98 0.16 4.54 -10.84 -6.61 -18.28 0.55 -6.73 27.78 0.87 -4.24 12.73 -0 -0 0 -90.14 -4.17 25.91 11.23 -18.64 -1.85 -0 0 -3.45 20.42 -11.04 -4.08 -7.12 0 -0 -4.7 18.24 3 -0 -0 0 87.66 1.93 20.97 -14.25 23.08 -2.92 0 -0 -7.43 -10.94 -29.91 5.51 7.12 -0 -0 22.84 -58.86 -8
5.37 16.89 0.21 148.72 -80.26 -147.55 0 0 0 -24.01 2.4 -5.33 1.62 8.03 22.8 1.2 8.82 -25.62 0.32 3.64 10.05 0 0 0 4.32 -0.77 5.12 0 -0 0 0.94 -17.35 -10.8 -0.08 1.77 -4.88 -6.99 0.25 -3.12 -0.82 0.69 2.7 3.11 0.12 4.49 -11.19 -6.82 -18.16 0.88 -7.04 27.68 1.01 -4.36 12.72 0 -0 0 -90.16 -4.1 25.46 11.41 -18.91 -1.91 -0 0 -3.17 19.99 -10.57 -3.82 -7.12 0 -0 -4.99 18.77 3.13 0 -0 0 87.64 2.1 20.78 -14.12 22.91 -2.88 0 -0 -6.91 -8.24 -29.68 4.1 7.12 -0 -0 25.4 -58.05 -8.47
5.39 16.88 0.1 145.87 -81.17 -144.9 0 0 0 -23.35 2.3 -5.43 1.66 8.11 23.06 1.16 8.35 -24.94 0.21 2.95 8.13 0 0 0 4.92 -0.9 2.33 -0.1 -2.02 5.56 0.66 -15.85 -13.47 -0.07 1.68 -4.61 -6.99 0.28 -2.62 -0.77 0.69 2.91 3.16 0.11 4.43 -11.01 -6.99 -18.32 0.45 -7.18 27.76 0.78 -4.46 12.77 0 -0 0 -90.23 -4.35 25.41 11.29 -18.74 -1.87 -0 0 -3.07 20.58 -11.62 -4.32 -7.12 0 -0 -4.6 17.62 3 0 -0 0 87.55 2.46 20.23 -13.95 22.66 -2.81 0 -0 -6.33 -9.64 -30.26 4.89 7.12 -0 -0 24.44 -58.89 -8.62
5.42 16.88 -0.03 141.89 -82.25 -141.03 0 0 0 -22.59 1.49 -5.34 1.7 8.21 23.34 1.2 7.59 -24.75 0.26 3.27 9.02 0 0 0 5.52 -1.65 0.83 -0.22 -3.05 8.41 0.51 -15.12 -14.63 -0.07 1.74 -4.78 -6.65 0.28 -1.91 -0.77 0.62 2.87 2.96 0.1 3.99 -11.38 -7.26 -18.11 0.73 -7.58 27.97 0.88 -4.64 12.87 0 0 0 -90.32 -4.14 25.27 11.43 -18.95 -1.91 -0 0 -3.1 22.51 -12.32 -5.05 -7.12 0 -0 -3.28 16.69 2.2 0 0 0 87.36 2.28 20.27 -14.02 22.77 -2.84 0 -0 -6.55 -9.51 -30.57 4.87 7.12 -0 -0 24.83 -59.13 -8.92
5.44 16.87 -0.19 133.54 -82.94 -132.88 0 0 0 -22.25 1.28 -5.35 1.69 8.19 23.3 1.1 7.3 -23.75 0.19 2.79 7.69 0 0 0 5.66 -2.48 -0.61 -0.39 -4.01 11.11 0.34 -14.38 -15.95 -0.04 1.34 -3.67 -7.08 0.22 -1.43 -0.8 0.52 3 3.16 0.04 3.86 -11.75 -7.39 -17.83 1.08 -7.8 27.9 1.04 -4.73 12.83 -0 -0 0 -90.49 -3.91 25.28 11.65 -19.28 -1.99 -0 0 -3.08 21.57 -11.71 -4.59 -7.12 0 -0 -3.91 17.44 2.57 -0 -0 0 87.17 2.46 20.25 -14.03 22.78 -2.84 0 -0 -6.38 -9.19 -30.79 4.73 7.12 -0 -0 25.34 -59.26 -9.19
5.47 16.87 -0.38 129.56 -84.05 -128.9 0 0 0 -20.88 0.92 -5.46 1.71 8.23 23.41 1.1 6.6 -23.25 0.15 2.5 6.89 0 0 0 6.99 -2.9 -1.4 -0.51 -4.58 12.72 0.28 -14.33 -16.84 -0.04 1.21 -3.34 -6.67 0.25 -1.12 -0.61 0.51 3.07 3.13 0.05 3.76 -12.06 -7.44 -17.76 1.58 -7.95 28.24 1.26 -4.77 13.01 -0 -0 0 -90.57 -3.88 25.51 11.68 -19.32 -1.99 -0 0 -3.65 21.59 -11.44 -4.49 -7.12 0 -0 -3.89 17.72 2.52 -0 -0 0 87.01 2.52 20.21 -14.14 22.94 -2.88 0 -0 -6.58 -9.23 -30.5 4.71 7.12 -0 -0 25.06 -59.01 -8.93
5.49 16.86 -0.57 115.45 -84.07 -114.7 0 0 0 -21.04 0.53 -5.36 1.64 8.07 22.93 1.01 6.42 -22.32 0.1 1.99 5.49 0 0 0 6.71 -4.17 -3.09 -0.72 -5.41 15.09 0.02 -12.68 -17.83 -0.05 1.47 -4.06 -7.33 0.2 -0.89 -0.85 0.44 3.06 3.25 -0 3.63 -10.82 -6.56 -18.57 1.27 -6.95 29.56 1.08 -4.28 13.57 -0 -0 0 -90.51 -3.63 25.58 11.75 -19.43 -2.02 -0 0 -3.79 21.14 -11.33 -4.34 -7.12 0 -0 -4.2 17.88 2.72 -0 -0 0 86.97 2.6 20.24 -14.06 22.82 -2.85 0 -0 -6.3 -9.63 -30.42 4.91 7.12 -0 -0 24.58 -59.03 -8.76
5.52 16.85 -0.78 106.51 -84.55 -105.84 0 0 0 -20.07 0.07 -5.11 1.58 7.92 22.47 0.91 6.36 -21.42 0.06 1.56 4.29 0 0 0 7.62 -4.74 -3.87 -0.87 -5.96 16.65 -0.13 -12.18 -18.98 -0.03 1.1 -3.02 -7.33 0.22 -0.81 -0.72 0.47 3.36 3.38 -0.01 3.89 -8.52 -4.44 -19.81 1.01 -4.42 30.65 1.02 -2.99 14.01 -0 0 0 -90.78 -3.96 25.13 11.61 -19.22 -1.97 -0 0 -3.38 21.12 -11.71 -4.48 -7.12 0 -0 -4.22 17.48 2.77 -0 0 0 86.77 3.2 20.36 -14.09 22.87 -2.86 0 -0 -6.22 -9.74 -30.29 4.95 7.12 -0 -0 24.38 -58.94 -8.62
5.55 16.87 -0.99 97.58 -85.06 -96.84 0 0 0 -18.88 -0.6 -5.19 1.53 7.82 22.17 0.81 6.62 -20.68 0.02 0.91 2.5 0 0 0 8.83 -5.33 -4.21 -0.91 -6.06 16.97 -0.18 -12.12 -19.48 -0.01 0.62 -1.71 -7 0.33 -0.28 -0.58 0.57 3.32 3.34 0.06 3.54 -5.81 -2.02 -20.27 0.12 -1.51 31.39 0.72 -1.56 14.21 0 -0 0 -90.7 -3.53 25.96 11.85 -19.58 -2.05 -0 0 -4.08 20.93 -12.57 -4.76 -7.12 0 -0 -4.39 16.57 2.96 0 -0 0 86.68 3.3 20.26 -14.14 22.93 -2.88 0 -0 -6.46 -9.83 -30.73 5.06 7.12 -0 -0 24.63 -59.35 -8.97
5.56 16.87 -1.19 85.12 -85.25 -84.2 0 0 0 -17.99 -1.37 -5.09 1.47 7.67 21.71 0.76 6.61 -20.18 0 0.38 1.05 0 0 0 9.76 -6.3 -4.69 -0.94 -6.17 17.28 -0.27 -11.8 -20.02 -0 0.2 -0.56 -6.7 0.28 -0.19 -0.4 0.48 3.24 3.35 0.03 3.41 -3.79 0.01 -19.9 -0.41 0.89 31.76 0.59 -0.38 14.2 0 -0 0 -90.94 -3.36 25.94 11.86 -19.59 -2.05 -0 0 -3.9 20.39 -11.8 -4.35 -7.12 0 -0 -4.74 17.44 3.11 0 -0 0 86.48 3.16 20.16 -14.31 23.18 -2.95 0 -0 -6.47 -10.38 -30.37 5.29 7.12 -0 -0 23.78 -59.16 -8.52
5.57 16.87 -1.4 75.56 -85.03 -74.51 0 0 0 -17.35 -1.98 -4.69 1.36 7.37 20.83 0.68 6.91 -19.59 0 0.04 0.11 0 0 0 10.49 -6.74 -4.85 -0.95 -6.21 17.4 -0.34 -11.65 -20.64 -0.01 -0.51 1.4 -6.84 0.28 -0.33 -0.29 0.5 3.4 3.55 0.02 3.66 -2.29 1.17 -20.12 -1.18 2.34 32.09 0.28 0.31 14.4 0 0 0 -90.99 -3.47 26.4 11.98 -19.78 -2.1 -0 0 -4.39 20.33 -12.37 -4.54 -7.12 0 -0 -4.79 16.85 3.21 0 0 0 86.32 3.2 20.37 -14.51 23.46 -3.03 0 -0 -6.71 -9.95 -31.3 5.2 7.12 -0 -0 24.99 -59.89 -9.43
5.59 16.9 -1.59 65.8 -85.12 -64.22 0 0 0 -16.32 -3.03 -4.29 1.18 6.88 19.37 0.53 7.88 -18.86 0 -0.26 -0.71 0 0 0 11.75 -6.91 -5.31 -0.91 -6.08 17.02 -0.31 -12.16 -20.89 -0.01 -0.53 1.45 -6.33 0.31 -0.73 -0.14 0.55 3.32 3.43 0.06 3.79 -2.15 1.37 -19.88 -1.03 2.52 31.95 0.35 0.43 14.28 -0 0 0 -91.08 -3.56 26.38 12.14 -20.01 -2.15 -0 0 -4.27 19.57 -11.95 -4.21 -7.12 0 -0 -5.32 17.36 3.5 -0 0 0 86.31 3.21 19.93 -14.35 23.24 -2.97 0 -0 -6.59 -9.44 -31.06 4.9 7.12 -0 -0 25.3 -59.56 -9.36
5.59 16.91 -1.77 56.5 -85.01 -54.68 0 0 0 -15.46 -4.13 -3.56 1.02 6.44 18.06 0.42 8.92 -18.56 0.01 -0.66 -1.81 0 0 0 12.85 -7.31 -5.43 -0.88 -5.98 16.74 -0.32 -12.38 -21.23 -0.02 -0.8 2.2 -6.04 0.22 -0.55 0.06 0.4 3 3.46 0.02 3.37 -2.21 1.32 -19.53 -0.97 2.44 32.02 0.36 0.39 14.23 -0 0 0 -91.18 -2.85 26.73 12.35 -20.33 -2.22 -0 0 -4.72 20.16 -12.13 -4.41 -7.12 0 -0 -4.9 17.12 3.26 -0 0 0 86.27 2.68 19.83 -14.4 23.3 -2.98 0 -0 -6.43 -9.97 -30.23 5.06 7.12 -0 -0 24.09 -58.94 -8.51
5.58 16.91 -1.92 53 -84.37 -51.05 0 0 0 -15.38 -5.04 -2.88 0.93 6.15 17.23 0.38 9.47 -18.69 0.01 -0.67 -1.85 0 0 0 13.03 -7.91 -5.57 -0.88 -5.99 16.74 -0.42 -11.91 -21.7 -0.04 -1.24 3.41 -6.2 0.1 -1.1 0.05 0.3 3.23 3.54 -0.06 3.93 -2.47 1.05 -19.55 -0.81 2.08 31.83 0.41 0.24 14.15 -0 -0 0 -91.3 -3.06 26.71 12.42 -20.43 -2.25 -0 0 -4.72 19.96 -11.52 -4.15 -7.12 0 -0 -5.03 17.77 3.27 -0 -0 0 86.13 3.05 19.62 -14.33 23.21 -2.96 0 -0 -6.06 -10.36 -29.79 5.19 7.12 -0 -0 23.34 -58.62 -8.05
5.57 16.92 -2.06 52.11 -83.95 -49.98 0 0 0 -15.27 -5.97 -2.33 0.85 5.88 16.44 0.29 10.4 -18.68 0.02 -0.82 -2.24 0 0 0 13.32 -7.95 -5.74 -0.88 -5.99 16.77 -0.41 -12.1 -21.86 -0.03 -1.18 3.26 -6.51 0.02 -1.12 0.19 0.19 3.11 3.85 -0.12 3.83 -2.64 0.89 -19.25 -0.91 1.94 31.33 0.37 0.16 13.87 0 -0 0 -91.61 -2.95 27.09 12.4 -20.41 -2.24 -0 0 -5.33 19.63 -12.04 -4.26 -7.12 0 -0 -5.27 17.25 3.49 0 -0 0 85.8 3.17 19.49 -14.25 23.09 -2.93 0 -0 -5.84 -10.31 -30.48 5.27 7.12 -0 -0 23.93 -59.23 -8.63
5.55 16.91 -2.16 49.79 -83.92 -47.63 0 0 0 -14.85 -6.19 -1.28 0.7 5.33 14.86 0.17 11.2 -18.21 0.02 -0.83 -2.28 0 0 0 13.86 -8.08 -6.25 -0.97 -6.28 17.59 -0.51 -11.73 -22.4 -0.05 -1.37 3.77 -6.19 -0.11 -1.2 0.34 0.01 2.97 3.82 -0.2 3.76 -2.5 1.03 -19.25 -0.95 2.09 31.66 0.36 0.23 14.01 0 0 0 -91.78 -2.57 27.01 12.47 -20.5 -2.26 -0 0 -5.1 19.81 -12.45 -4.44 -7.12 0 -0 -5.16 16.81 3.46 0 0 0 85.64 3.12 19.42 -14.24 23.08 -2.92 0 -0 -5.92 -10.22 -30.99 5.3 7.12 -0 -0 24.45 -59.68 -9.09
5.55 16.92 -2.24 48.44 -84.06 -46.1 0 0 0 -14.43 -7.08 -0.73 0.63 5.09 14.15 0.1 12.16 -18.6 0.01 -0.73 -2.01 0 0 0 14.39 -8.29 -6.6 -0.98 -6.31 17.68 -0.51 -11.55 -22.18 -0.04 -1.26 3.46 -5.67 -0.26 -1.49 0.51 -0.19 2.87 3.7 -0.28 3.83 -2.5 1.2 -19.75 -0.82 2.28 32.87 0.44 0.28 14.66 -0 -0 0 -91.83 -2.65 27.35 12.41 -20.41 -2.24 -0 0 -5.85 19.48 -12.08 -4.23 -7.12 0 -0 -5.38 17.23 3.56 -0 -0 0 85.47 3.14 19.46 -14.36 23.25 -2.97 0 -0 -5.92 -10.16 -30.34 5.17 7.12 -0 -0 23.98 -59.07 -8.55
5.52 16.91 -2.32 47.23 -84.46 -45.04 0 0 0 -13.84 -7.66 -0.12 0.63 5.07 14.1 0.09 12.74 -19.24 0.01 -0.77 -2.12 0 0 0 15.07 -8.61 -6.38 -0.96 -6.24 17.47 -0.53 -11.2 -22.05 -0.05 -1.47 4.04 -5.14 -0.25 -2.14 0.79 -0.16 3.17 3.69 -0.28 4.51 -2.01 1.42 -20.59 -1.24 2.57 34.4 0.24 0.34 15.58 0 0 0 -91.94 -3.21 27.84 12.51 -20.57 -2.28 -0 0 -6.08 19.46 -11.7 -4.1 -7.12 0 -0 -5.39 17.63 3.52 0 0 0 85.37 3.66 19.25 -14.35 23.23 -2.96 0 -0 -6.07 -10.41 -31.28 5.45 7.12 -0 -0 24.49 -59.98 -9.29
5.54 16.9 -2.38 49.12 -84.34 -47.21 0 0 0 -13.88 -7.7 0.34 0.59 4.92 13.69 0.03 13.18 -19.04 0.02 -0.94 -2.58 0 0 0 15.08 -8.35 -6.39 -1.02 -6.42 18.02 -0.55 -11.36 -22.35 -0.05 -1.45 3.99 -5.03 -0.25 -1.41 0.78 -0.22 2.78 3.61 -0.28 3.69 -1.91 1.64 -19.79 -0.78 2.56 35.7 0.39 0.35 16.02 0 0 0 -91.72 -2.73 28.23 12.71 -20.86 -2.35 -0 0 -6.19 19.92 -11.94 -4.29 -7.12 0 -0 -5.07 17.34 3.34 0 0 0 85.47 2.93 19.24 -14.49 23.43 -3.02 0 -0 -6.15 -9.92 -31.02 5.15 7.12 -0 -0 24.78 -59.64 -9.2
5.54 16.89 -2.42 52.84 -84.04 -51.16 0 0 0 -14.29 -7.54 0.81 0.55 4.76 13.22 -0.01 13.37 -18.84 0.03 -1.07 -2.95 0 0 0 14.62 -8.52 -6.68 -1.12 -6.71 18.87 -0.64 -10.79 -22.6 -0.06 -1.52 4.18 -5.16 -0.33 -1.47 0.84 -0.32 3.01 3.75 -0.34 3.97 -2.08 2.02 -19.88 -0.17 2.86 37.27 0.75 0.47 16.82 -0 -0 0 -91.91 -3.27 28.23 13.23 -21.62 -2.54 -0 0 -6.51 18.88 -10.42 -3.54 -7.12 0 -0 -5.77 19.01 3.6 -0 -0 0 85.23 3.26 19.32 -14.42 23.33 -2.99 0 -0 -6.42 -9.87 -30.79 5.09 7.12 -0 -0 24.64 -59.41 -9.01
5.56 16.89 -2.46 54.44 -83.68 -52.84 0 0 0 -14.58 -7.33 1.29 0.47 4.42 12.25 -0.08 13.64 -18.47 0.02 -0.88 -2.42 0 0 0 14.27 -8.51 -7.2 -1.25 -7.07 19.94 -0.72 -10.42 -23.03 -0.07 -1.7 4.67 -5.14 -0.38 -1.8 0.86 -0.36 3.2 3.76 -0.38 4.36 -1.73 2.55 -20.35 -0.02 3.3 40.01 0.85 0.58 18.47 0 0 0 -91.78 -3.45 29.27 13.67 -22.26 -2.7 -0 0 -7.3 19.09 -9.96 -3.43 -7.12 0 -0 -5.62 19.48 3.44 0 0 0 85.25 3.38 18.54 -14.32 23.18 -2.95 0 -0 -6.04 -9.98 -30.61 5.12 7.12 -0 -0 24.38 -59.28 -8.83
5.57 16.87 -2.49 52.89 -83.84 -51.51 0 0 0 -14.21 -7.29 1.31 0.5 4.52 12.53 -0.03 13.4 -18.63 0.02 -0.86 -2.37 0 0 0 14.61 -8.66 -7.2 -1.28 -7.17 20.22 -0.76 -10.23 -23.19 -0.09 -1.88 5.18 -4.52 -0.4 -1.79 1.12 -0.42 3.36 3.67 -0.4 4.52 -1.18 3.02 -20.23 -0.31 3.74 42.02 0.7 0.68 19.71 -0 -0 0 -91.85 -3.52 29.92 13.81 -22.47 -2.76 -0 0 -7.54 19.87 -11.11 -3.98 -7.12 0 -0 -5.09 18.22 3.26 -0 -0 0 85.14 3.4 18.3 -14.08 22.85 -2.86 0 -0 -5.74 -9.97 -30.2 5.05 7.12 -0 -0 24.06 -58.91 -8.49
5.6 16.87 -2.52 51.77 -83.96 -50.53 0 0 0 -13.87 -7.3 1.11 0.53 4.65 12.92 -0.01 13.25 -18.68 0.02 -0.98 -2.7 0 0 0 14.96 -8.42 -7.21 -1.3 -7.22 20.36 -0.76 -10.45 -23.35 -0.1 -2.03 5.59 -3.9 -0.38 -1.36 1.31 -0.45 3.34 3.52 -0.39 4.26 -1.01 3.4 -20.15 -0.12 4.06 43.13 0.83 0.8 20.43 -0 0 0 -91.8 -3.32 30.5 13.97 -22.69 -2.82 -0 0 -7.66 20.3 -11.57 -4.24 -7.12 0 -0 -4.79 17.69 3.12 -0 0 0 85.16 3.11 18.14 -14.17 22.98 -2.9 0 -0 -5.64 -9.85 -30.5 5.04 7.12 -0 -0 24.43 -59.15 -8.77
5.62 16.86 -2.56 54.22 -83.27 -53.12 0 0 0 -14.51 -7.19 1.4 0.49 4.47 12.39 -0.06 13.36 -18.19 0.04 -1.36 -3.74 0 0 0 14.26 -8.73 -7.59 -1.38 -7.44 21.03 -0.8 -10.16 -23.5 -0.1 -2 5.49 -4.26 -0.48 -1.69 1.29 -0.57 3.71 3.69 -0.49 4.85 -0.89 3.58 -19.9 -0.24 4.36 42.95 0.81 0.93 20.24 0 0 0 -91.86 -3.69 30.3 13.88 -22.56 -2.78 -0 0 -7.82 20.26 -10.94 -4.01 -7.12 0 -0 -4.81 18.36 3.06 0 0 0 85.24 3.59 17.65 -13.96 22.67 -2.81 0 -0 -4.91 -9.84 -30.61 5.05 7.12 -0 -0 24.53 -59.25 -8.87
5.65 16.85 -2.61 53.44 -83.38 -52.37 0 0 0 -14.14 -7.27 1.07 0.51 4.59 12.74 -0.06 13.34 -18.2 0.06 -1.55 -4.26 0 0 0 14.59 -8.86 -8.03 -1.43 -7.55 21.37 -0.82 -9.94 -23.47 -0.1 -2.01 5.53 -3.66 -0.41 -1.1 1.42 -0.51 3.41 3.5 -0.42 4.18 -0.61 3.6 -19.42 -0.52 4.37 42.99 0.61 0.94 20.15 -0 0 0 -91.79 -3.25 29.78 13.52 -22.04 -2.65 -0 0 -7.56 19.83 -11.42 -4.08 -7.12 0 -0 -5.12 17.89 3.31 -0 0 0 85.29 2.78 17.62 -14.03 22.78 -2.84 0 -0 -5.17 -9.84 -30.33 5.01 7.12 -0 -0 24.29 -58.99 -8.62
5.67 16.83 -2.67 54.04 -82.75 -53.15 0 0 0 -14.55 -7.43 1.4 0.48 4.45 12.35 -0.1 13.4 -17.84 0.09 -1.88 -5.18 0 0 0 14.1 -9.22 -8.32 -1.51 -7.75 21.97 -0.89 -9.59 -23.7 -0.12 -2.26 6.23 -3.77 -0.55 -1.17 1.4 -0.7 3.58 3.53 -0.53 4.42 -0.66 3.61 -19.51 -0.67 4.51 42.7 0.58 0.98 19.98 -0 -0 0 -91.95 -2.98 28.3 13.43 -21.92 -2.61 -0 0 -5.6 19.51 -11.98 -4.21 -7.12 0 -0 -5.35 17.33 3.53 -0 -0 0 85.25 2.92 17.68 -14.04 22.79 -2.84 0 -0 -5.33 -9.95 -30.93 5.16 7.12 -0 -0 24.67 -59.56 -9.11
5.72 16.82 -2.75 51.73 -83.09 -50.87 0 0 0 -13.68 -7.6 1.18 0.49 4.47 12.41 -0.14 13.52 -17.52 0.13 -2.31 -6.36 0 0 0 14.96 -9.14 -8.79 -1.57 -7.9 22.41 -0.92 -9.41 -23.83 -0.14 -2.38 6.56 -2.88 -0.49 -0.63 1.62 -0.67 3.43 3.26 -0.47 3.94 -0.94 3.67 -19.71 -0.46 4.61 43.15 0.76 0.98 20.33 -0 0 0 -91.78 -2.67 28.2 13.43 -21.91 -2.61 -0 0 -5.96 19.31 -11.58 -4.02 -7.12 0 -0 -5.49 17.77 3.57 -0 0 0 85.29 2.74 17.64 -14.06 22.82 -2.85 0 -0 -5.16 -9.71 -30.43 4.95 7.12 -0 -0 24.52 -59.06 -8.75
5.77 16.8 -2.86 52.8 -82.46 -52.25 0 0 0 -13.87 -7.16 1.39 0.44 4.26 11.82 -0.19 13.35 -16.52 0.15 -2.49 -6.86 0 0 0 14.66 -9.05 -8.96 -1.67 -8.14 23.15 -1.02 -9.17 -24.47 -0.22 -3.03 8.37 -2.89 -0.45 -0.46 1.58 -0.62 3.76 3.23 -0.46 4.18 -0.8 3.71 -19.57 -0.79 4.78 42.94 0.6 1.03 20.17 -0 0 0 -91.72 -3.22 27.66 13.22 -21.6 -2.53 -0 0 -5.19 19.26 -12.26 -4.24 -7.12 0 -0 -5.54 17.06 3.69 -0 0 0 85.09 3.17 17.92 -14.03 22.77 -2.84 0 -0 -5.49 -10.11 -30.18 5.12 7.12 -0 -0 23.91 -58.92 -8.44
5.8 16.79 -2.96 50.75 -81.88 -50.41 0 0 0 -13.74 -6.91 1.36 0.42 4.14 11.48 -0.25 13.22 -15.35 0.14 -2.42 -6.68 0 0 0 14.65 -9.88 -9.38 -1.74 -8.31 23.66 -1.06 -8.75 -24.45 -0.18 -2.72 7.51 -2.3 -0.38 -0.36 1.57 -0.56 3.89 2.89 -0.41 4.25 -1 3.61 -19.46 -0.68 4.65 43.14 0.66 0.96 20.26 0 0 0 -91.54 -2.9 28.12 13.69 -22.29 -2.71 -0 0 -6.11 18.84 -11.35 -3.84 -7.12 0 -0 -5.81 18.05 3.75 0 0 0 84.98 3.29 17.52 -13.9 22.6 -2.79 0 -0 -5.14 -9.81 -30.31 4.99 7.12 -0 -0 24.32 -58.97 -8.62
5.86 16.8 -3.06 45.23 -81.75 -44.73 0 0 0 -12.56 -6.54 -0.57 0.55 4.74 13.17 -0.14 11.56 -14.35 0.22 -3 -8.28 0 0 0 15.63 -9.97 -9.6 -1.69 -8.18 23.27 -1.04 -9.15 -24.62 -0.22 -3 8.29 -0.87 -0.35 -0.45 1.74 -0.57 4.07 2.25 -0.38 4.47 -0.85 3.52 -19.93 -1.02 4.64 43.25 0.48 0.94 20.5 -0 -0 0 -91.51 -3.15 28.43 14.01 -22.74 -2.83 -0 0 -7.46 19.24 -12.14 -4.2 -7.12 0 -0 -5.54 17.18 3.68 -0 -0 0 84.72 3.85 17.25 -13.63 22.2 -2.69 0 -0 -5.3 -9.62 -31.9 5.12 7.12 -0 -0 25.85 -60.35 -10.07
5.93 16.78 -3.16 42.86 -80.66 -42.44 0 0 0 -12.47 -5.84 -2.26 0.67 5.22 14.53 -0.02 9.54 -13.26 0.28 -3.4 -9.4 0 0 0 15.49 -10.13 -9.9 -1.72 -8.25 23.48 -1.06 -9.54 -25.07 -0.29 -3.47 9.59 -0.71 -0.39 0.45 1.69 -0.62 3.77 2.12 -0.39 3.65 -0.95 3.39 -19.65 -0.96 4.43 43.36 0.47 0.85 20.48 0 0 0 -91.84 -2.45 27.6 14.31 -23.17 -2.95 -0 0 -7.78 19.63 -12.98 -4.58 -7.12 0 -0 -5.3 16.27 3.62 0 0 0 84.36 3.38 17.2 -13.64 22.22 -2.69 0 -0 -4.71 -9.72 -31.77 5.15 7.12 -0 -0 25.63 -60.26 -9.93
5.96 16.81 -3.2 39.36 -80.13 -39.09 0 0 0 -11.99 -4.9 -3.47 0.76 5.58 15.58 0.06 8.04 -12.68 0.27 -3.35 -9.27 0 0 0 15.76 -10.67 -9.61 -1.64 -8.06 22.9 -0.99 -10.02 -24.93 -0.26 -3.31 9.13 -0.23 -0.43 0.31 1.84 -0.7 4.07 2 -0.42 4.04 -1.07 3.3 -19.91 -0.92 4.38 43.06 0.52 0.84 20.35 0 0 0 -92.43 -2.75 25.53 14.47 -23.4 -3.01 -0 0 -6.14 16.88 -11.47 -3.45 -7.12 0 -0 -7.19 18.06 4.64 0 0 0 83.56 4.12 16.32 -13.42 21.9 -2.61 0 -0 -4.33 -8.88 -33.27 4.9 7.12 -0 -0 27.87 -61.37 -11.62
5.97 16.83 -3.22 42.08 -79.6 -41.93 0 0 0 -12.6 -5.19 -3.16 0.72 5.42 15.1 0.09 8.17 -13.33 0.12 -2.19 -6.03 0 0 0 15.01 -10.68 -9.13 -1.55 -7.86 22.28 -0.97 -10.11 -24.88 -0.33 -3.68 10.19 -0.92 -0.32 0.45 1.66 -0.53 4.11 2.2 -0.36 4 -0.92 3.26 -20.07 -0.65 4.14 43.17 0.58 0.81 20.47 0 -0 0 -92.57 -2.17 24.83 14.53 -23.49 -3.04 -0 0 -5.31 16.58 -11.18 -3.3 -7.12 0 -0 -7.4 18.39 4.73 0 -0 0 83.14 4.35 15.22 -13.17 21.54 -2.52 0 -0 -3.67 -10.11 -31.34 5.3 7.12 -0 -0 24.86 -59.96 -9.42
5.97 16.84 -3.19 42.47 -80.32 -42 0 0 0 -12.06 -5.4 -3.09 0.68 5.27 14.69 0.1 8.3 -13.59 0.17 -2.68 -7.39 0 0 0 15.47 -10.22 -9.11 -1.48 -7.69 21.78 -0.93 -10.14 -24.58 -0.31 -3.6 9.96 -0.46 -0.21 0.09 1.65 -0.38 3.83 1.94 -0.26 3.9 -1.09 3.17 -19.37 -0.31 3.89 42.8 0.71 0.75 19.98 0 -0 0 -92.42 -1.3 24.37 14.32 -23.2 -2.95 -0 0 -5.66 16.83 -11.16 -3.35 -7.12 0 -0 -7.23 18.39 4.61 0 -0 0 82.89 4.49 14.23 -12.94 21.19 -2.43 0 -0 -3.17 -9.81 -31.59 5.17 7.12 -0 -0 25.38 -60.12 -9.73
5.98 16.85 -3.13 42.33 -81.18 -41.6 0 0 0 -11.46 -5.79 -3.11 0.67 5.25 14.62 0.03 8.86 -13.25 0.31 -3.6 -9.97 0 0 0 16 -9.36 -9.14 -1.44 -7.6 21.49 -0.87 -10.53 -24.37 -0.33 -3.68 10.18 -0.17 -0.16 0.23 1.72 -0.31 3.67 1.85 -0.22 3.66 -0.75 3.36 -19.54 -0.57 4.17 42.73 0.58 0.88 20.01 -0 0 0 -92.27 -1.09 23.75 13.86 -22.53 -2.77 -0 0 -5.36 16.92 -12.06 -3.64 -7.12 0 -0 -7.16 17.45 4.72 -0 0 0 82.82 4.74 14.17 -13.09 21.42 -2.49 0 -0 -3.54 -10.14 -30.9 5.25 7.12 -0 -0 24.45 -59.58 -9.03
5.97 16.83 -3.01 43.47 -81.5 -42.96 0 0 0 -11.89 -5.73 -2.63 0.68 5.25 14.64 0.01 9.36 -13.55 0.3 -3.52 -9.74 0 0 0 15.54 -9.46 -8.98 -1.47 -7.65 21.66 -0.87 -10.22 -24.09 -0.26 -3.27 9.04 -0.39 -0.24 0.38 1.66 -0.43 3.92 1.92 -0.28 3.83 -0.82 3.35 -19.48 -0.58 4.2 42.41 0.59 0.89 19.78 0 -0 0 -92.2 -1.67 23.75 13.21 -21.59 -2.53 -0 0 -3.95 17.94 -13.07 -4.19 -7.12 0 -0 -6.47 16.32 4.42 0 -0 0 82.56 5.08 14.87 -13.42 21.9 -2.61 0 -0 -4.06 -10.6 -30.22 5.38 7.12 -0 -0 23.44 -59.06 -8.34
6 16.81 -2.86 41.81 -82.33 -41.23 0 0 0 -11.71 -4.96 -3.7 0.79 5.69 15.87 0.04 9.27 -13.95 0.3 -3.54 -9.79 0 0 0 15.84 -8.7 -9.09 -1.52 -7.78 22.05 -0.88 -10.24 -24.23 -0.28 -3.38 9.35 -0.1 -0.26 1.06 1.74 -0.45 3.75 1.83 -0.28 3.27 -1.14 3.33 -19.25 0 3.99 42.55 0.89 0.83 19.76 -0 0 0 -91.8 -1.94 25.11 13.09 -21.41 -2.49 -0 0 -4.64 18.74 -11.51 -3.87 -7.12 0 -0 -5.88 17.89 3.81 -0 0 0 82.65 4.95 15.41 -13.58 22.12 -2.67 0 -0 -4.83 -10.12 -30.93 5.24 7.12 -0 -0 24.5 -59.6 -9.07
6.01 16.81 -2.65 41.15 -83.38 -40.6 0 0 0 -11.63 -4.51 -4.69 0.96 6.25 17.52 0.15 8.71 -14.95 0.15 -2.5 -6.9 0 0 0 15.87 -8.33 -9.2 -1.54 -7.84 22.23 -0.83 -10.2 -23.74 -0.23 -3.09 8.54 0.44 -0.17 1.44 1.83 -0.35 4.01 1.63 -0.22 3.32 -1.05 3.3 -19.04 -0.3 4.04 42.23 0.73 0.83 19.51 -0 0 0 -91.52 -2.71 27.27 13.4 -21.87 -2.6 -0 0 -5.41 18.91 -11.85 -4.02 -7.12 0 -0 -5.77 17.51 3.79 -0 0 0 82.64 5.21 15.94 -13.78 22.42 -2.74 0 -0 -5.09 -10.73 -30.4 5.48 7.12 -0 -0 23.44 -59.26 -8.45
6.04 16.81 -2.43 48.64 -84.13 -48.21 0 0 0 -12.39 -3.42 -5.83 1.17 6.87 19.34 0.22 8.05 -15.14 0.14 -2.45 -6.74 0 0 0 14.94 -7.81 -9.02 -1.51 -7.77 22.01 -0.71 -10.28 -22.8 -0.14 -2.43 6.7 0.01 0.02 2.22 1.74 -0.11 4.27 1.78 -0.12 3.15 -1.17 3.36 -18.72 -0.34 4.19 41.88 0.76 0.88 19.19 -0 -0 0 -91.18 -3.35 29.59 13.9 -22.59 -2.79 -0 0 -6.06 19.03 -11.79 -4.03 -7.12 0 -0 -5.69 17.57 3.72 -0 -0 0 82.76 5.58 16.28 -13.58 22.13 -2.67 0 -0 -5 -10.49 -30.38 5.35 7.12 -0 -0 23.68 -59.19 -8.5
6.08 16.82 -2.2 52.19 -85.26 -51.57 0 0 0 -12.37 -2.4 -7.47 1.4 7.49 21.18 0.3 7.33 -15.5 0.13 -2.33 -6.41 0 0 0 14.88 -6.98 -9.03 -1.45 -7.61 21.52 -0.55 -10.79 -21.84 -0.08 -1.79 4.93 0.39 0.06 3.27 1.73 -0.05 4.25 1.56 -0.08 2.54 -0.81 3.67 -18.52 -0.83 4.75 41.55 0.56 1.1 18.96 -0 0 0 -90.82 -3.74 31.38 14.32 -23.19 -2.95 -0 0 -6.55 19.34 -11.55 -4.02 -7.12 0 -0 -5.46 17.79 3.55 -0 0 0 83.38 5.36 16.97 -13.94 22.65 -2.8 0 -0 -5.32 -10.41 -30.79 5.37 7.12 -0 -0 24.09 -59.54 -8.87
6.08 16.84 -1.98 59.56 -86.56 -58.77 0 0 0 -12.29 -1.54 -8.42 1.57 7.91 22.43 0.38 6.95 -16.26 0.09 -1.94 -5.33 0 0 0 14.92 -6.06 -8.85 -1.38 -7.42 20.98 -0.46 -11.02 -21.12 -0.05 -1.37 3.77 0.58 0.22 3.85 1.85 0.16 4.48 1.57 0.02 2.44 -0.92 3.6 -18.15 -1.16 4.83 40.66 0.44 1.12 18.33 -0 -0 0 -90.64 -4.24 32.55 14.45 -23.37 -3 -0 0 -7.08 19.91 -12.78 -4.58 -7.12 0 -0 -5.1 16.45 3.46 -0 -0 0 83.65 5.24 18.31 -14.33 23.21 -2.96 0 -0 -6.62 -10.2 -31.08 5.3 7.12 -0 -0 24.55 -59.75 -9.17
6.09 16.86 -1.76 77.24 -86.76 -75.89 0 0 0 -13.31 -1.2 -9.02 1.63 8.04 22.84 0.47 6.87 -17.31 0.04 -1.23 -3.38 0 0 0 13.94 -5.3 -8.95 -1.29 -7.19 20.29 -0.39 -11.01 -20.4 -0.04 -1.21 3.32 -0.19 0.3 3.84 1.67 0.25 4.78 1.82 0.04 2.75 -1.26 3.64 -17.95 -0.99 5.01 39.52 0.61 1.22 17.6 0 0 0 -90.49 -4.76 33.26 14.48 -23.41 -3.02 -0 0 -7.42 20.34 -13.13 -4.81 -7.12 0 -0 -4.81 16.04 3.31 0 0 0 83.94 5.59 19.39 -14.58 23.56 -3.06 0 -0 -7.43 -10.01 -30.92 5.18 7.12 -0 -0 24.61 -59.57 -9.09
6.09 16.89 -1.55 94.2 -86.94 -92.28 0 0 0 -13.94 -1.01 -9.81 1.69 8.18 23.26 0.52 7 -17.95 0 -0.45 -1.24 0 0 0 13.33 -4.6 -8.7 -1.12 -6.74 18.93 -0.26 -11.37 -19.45 -0.03 -1.03 2.83 -0.43 0.31 3.85 1.39 0.26 4.86 1.66 0.04 2.83 -1 3.8 -17.74 -1.53 5.39 38.79 0.39 1.37 17.17 0 0 0 -90.02 -4.87 33.81 14.5 -23.45 -3.03 -0 0 -7.36 21.08 -12.49 -4.76 -7.12 0 -0 -4.28 16.65 2.88 0 0 0 84.7 5.37 19.99 -14.89 24 -3.18 0 -0 -7.94 -9.74 -30.53 4.98 7.12 -0 -0 24.57 -59.15 -8.82
6.07 16.92 -1.36 115.6 -87.13 -113.38 0 0 0 -14.16 -0.65 -10.1 1.71 8.24 23.43 0.59 7.16 -18.81 0 0.09 0.25 0 0 0 13.19 -3.95 -7.87 -0.91 -6.09 17.05 -0.11 -11.9 -18.32 -0.01 -0.75 2.06 0.09 0.34 4.15 0.87 0.32 4.77 0.84 0.1 2.57 -0.38 3.99 -17.56 -1.65 5.49 38.46 0.25 1.5 16.98 -0 0 0 -89.02 -4.69 34.15 14.23 -23.06 -2.92 -0 0 -8.37 20.52 -11.7 -4.34 -7.12 0 -0 -4.65 17.54 3.04 -0 0 0 85.82 4.98 20.5 -15.1 24.28 -3.27 0 -0 -7.73 -9.45 -31.69 5 7.12 -0 -0 25.84 -60.13 -9.93
6.05 16.94 -1.19 136.6 -86.76 -134.03 0 0 0 -14.44 -0.18 -10.58 1.79 8.41 23.96 0.65 7.26 -19.57 0 0.34 0.94 0 0 0 13.01 -2.77 -7 -0.73 -5.47 15.27 0.03 -12.67 -17.59 -0.01 -0.7 1.92 -0.59 0.45 4.18 1.12 0.45 4.73 1.47 0.14 2.5 -0.4 4.27 -17.49 -1.98 6.05 38.41 0.21 1.67 16.96 -0 -0 0 -89.45 -4.82 33.58 13.93 -22.63 -2.8 -0 0 -8.28 20.21 -11.16 -4.08 -7.12 0 -0 -4.85 18.13 3.11 -0 -0 0 85.55 5 20.76 -14.99 24.14 -3.22 0 -0 -7.54 -9.42 -31.41 4.94 7.12 -0 -0 25.62 -59.87 -9.68
6.03 16.96 -1.04 150.36 -86.38 -147.52 0 0 0 -14.56 0.16 -10.91 1.83 8.51 24.27 0.67 7.47 -19.92 0 0.17 0.48 0 0 0 13.01 -1.87 -5.88 -0.56 -4.79 13.3 0.2 -13.67 -16.81 -0 -0.42 1.16 -1.13 0.51 4.06 1.33 0.52 4.66 2 0.15 2.49 -0.51 4.55 -17.4 -1.98 6.49 38.66 0.3 1.81 17.07 0 -0 0 -89.74 -4.71 32.99 13.86 -22.53 -2.77 -0 0 -7.8 19.81 -11.54 -4.12 -7.12 0 -0 -5.14 17.76 3.34 0 -0 0 85.37 5.05 20.92 -14.91 24.02 -3.19 0 -0 -7.57 -9.74 -31.9 5.18 7.12 -0 -0 25.72 -60.37 -10.03
5.99 16.97 -0.88 148.65 -85.47 -145.66 0 0 0 -15.84 0.49 -10.92 1.84 8.52 24.3 0.7 7.66 -20.41 0 -0.1 -0.29 0 0 0 11.77 -2.17 -5.47 -0.47 -4.4 12.19 0.22 -13.31 -15.92 -0 -0.04 0.12 -2.33 0.55 3.72 1.19 0.56 4.65 2.52 0.14 2.66 -0.52 4.85 -17.21 -2.02 6.94 38.63 0.37 1.99 17.02 0 -0 0 -90.07 -5.22 32.55 13.63 -22.21 -2.69 -0 0 -7.67 19.73 -10.62 -3.78 -7.12 0 -0 -5.18 18.74 3.25 0 -0 0 85.05 4.96 20.93 -14.95 24.07 -3.2 0 -0 -8.05 -9.2 -30.85 4.75 7.12 -0 -0 25.38 -59.32 -9.24
5.98 16.97 -0.77 157.59 -84.92 -154.36 0 0 0 -15.78 0.65 -11.5 1.93 8.72 24.94 0.78 7.6 -21.08 0.01 0.49 1.35 0 0 0 11.81 -1.22 -5.04 -0.4 -4.04 11.19 0.32 -13.85 -15.39 -0 -0.21 0.57 -2.76 0.68 4.21 1.41 0.71 4.3 2.98 0.22 2.01 -0.2 5.24 -16.79 -2.76 7.69 38.54 0.11 2.24 16.94 0 -0 0 -90.4 -4.98 32.83 13.77 -22.41 -2.74 -0 0 -7.77 20.08 -10.75 -3.9 -7.12 0 -0 -4.93 18.57 3.11 0 -0 0 84.64 4.53 22.15 -15.22 24.45 -3.31 0 -0 -8.74 -9.61 -31.05 4.99 7.12 -0 -0 25.12 -59.59 -9.31
5.97 16.97 -0.65 161.16 -84.67 -157.95 0 0 0 -15.94 1.14 -11.9 2.04 8.94 25.61 0.83 7.23 -21.33 0.01 0.52 1.43 0 0 0 11.61 -1.22 -4.47 -0.34 -3.73 10.3 0.34 -13.87 -15.04 -0 -0.39 1.06 -3.04 0.7 4.01 1.41 0.73 4.6 3.14 0.2 2.43 0.01 5.48 -17.01 -2.64 7.95 38.57 0.19 2.39 17.02 0 -0 0 -90.32 -5.88 33.84 13.84 -22.5 -2.77 -0 0 -8.87 20.17 -11.16 -4.07 -7.12 0 -0 -4.87 18.14 3.13 0 -0 0 84.54 4.89 22.63 -15.53 24.88 -3.45 0 -0 -9.44 -9.65 -31.17 5.03 7.12 -0 -0 25.19 -59.7 -9.4
5.95 16.97 -0.56 161.93 -84.3 -158.62 0 0 0 -16.33 1.17 -12.04 2.06 8.98 25.74 0.88 7.19 -21.72 0.02 0.96 2.64 0 0 0 11.23 -0.87 -4.25 -0.3 -3.54 9.79 0.41 -14.34 -14.68 -0 -0.06 0.17 -2.24 0.75 4.08 0.4 0.84 4.55 1.65 0.3 2.36 0.58 5.82 -16.9 -1.79 7.92 38.6 0.46 2.58 16.98 0 -0 0 -88.82 -6 35.04 14.23 -23.06 -2.92 -0 0 -9.76 19.6 -10.46 -3.7 -7.12 0 -0 -5.26 18.91 3.29 0 -0 0 86.06 4.99 22.54 -15.57 24.93 -3.46 0 -0 -9.43 -9.9 -31.29 5.18 7.12 -0 -0 25.03 -59.87 -9.44
5.93 16.99 -0.48 165.86 -84.04 -162.2 0 0 0 -16.28 1.34 -12.59 2.11 9.09 26.07 0.91 7.21 -22.02 0.03 1.04 2.87 0 0 0 11.39 -0.68 -3.69 -0.21 -2.97 8.2 0.51 -14.86 -13.96 -0 0.29 -0.8 -2.38 0.86 3.36 0.42 1 4.65 1.75 0.37 2.85 1.06 6.03 -16.89 -2.02 8.17 38.42 0.32 2.74 16.93 -0 -0 0 -88.74 -6.3 36.37 14.59 -23.57 -3.06 -0 0 -10.41 20.34 -10.89 -4.01 -7.12 0 -0 -4.75 18.41 3.02 -0 -0 0 86.24 5.54 21.96 -15.31 24.58 -3.36 0 -0 -9.1 -9.41 -30.66 4.83 7.12 -0 -0 25 -59.19 -9.02
5.87 16.98 -0.41 163.11 -83.85 -159.24 0 0 0 -17.16 1.82 -12.41 2.08 9.04 25.92 0.93 7.09 -22.08 0 0.44 1.21 0 0 0 10.69 -0.8 -3.12 -0.16 -2.56 7.06 0.57 -15.1 -13.35 -0 0.39 -1.08 -2.96 0.84 3.17 0.32 0.99 4.3 1.98 0.36 2.59 1.11 6.18 -16.58 -2.1 8.42 37.92 0.32 2.86 16.6 0 0 0 -88.88 -5.85 36.66 14.76 -23.8 -3.13 -0 0 -11.02 20.22 -10.97 -4.01 -7.12 0 -0 -4.84 18.33 3.08 0 0 0 86.21 4.68 22.2 -15.67 25.07 -3.51 0 -0 -9.16 -9.54 -30.84 4.93 7.12 -0 -0 25.01 -59.38 -9.14
5.83 17 -0.35 169.66 -83.96 -165.5 0 0 0 -16.47 1.19 -12.53 2.09 9.05 25.96 0.97 7.06 -22.46 0.06 1.64 4.5 0 0 0 11.31 -1.24 -1.53 -0.05 -1.38 3.8 0.74 -15.98 -11.91 -0.01 0.6 -1.66 -2.48 0.85 2.66 0.45 1.02 4.1 1.85 0.4 2.68 1.03 6.16 -16.49 -2.06 8.43 37.09 0.34 2.92 16.14 -0 0 0 -88.91 -5.59 36.65 14.75 -23.79 -3.12 -0 0 -10.9 20.4 -10.67 -3.94 -7.12 0 -0 -4.7 18.64 2.96 -0 0 0 86.39 4.66 21.87 -15.5 24.84 -3.43 0 -0 -8.86 -9.07 -31.29 4.74 7.12 -0 -0 25.87 -59.68 -9.66
5.78 17 -0.3 167.89 -83.66 -163.74 0 0 0 -16.95 1.36 -12.3 2.08 9.03 25.89 1.01 7.04 -22.74 0.08 1.85 5.08 0 0 0 10.79 -1.49 0.02 -0.01 -0.48 1.32 0.85 -16.59 -10.82 -0.02 0.83 -2.29 -2.83 0.91 2.25 0.31 1.12 4 1.9 0.44 2.79 0.92 5.96 -16.53 -2.13 8.25 35.87 0.3 2.89 15.53 0 -0 0 -88.91 -5.55 36.31 14.15 -22.95 -2.89 -0 0 -10.06 20.79 -11.26 -4.24 -7.12 0 -0 -4.44 17.98 2.86 0 -0 0 86.53 4.44 22.14 -15.47 24.8 -3.42 0 -0 -9.22 -9.69 -30.49 4.95 7.12 -0 -0 24.58 -59.1 -8.8
5.74 16.99 -0.27 165.89 -83.48 -161.66 0 0 0 -17.39 1.46 -12.24 2.05 8.98 25.72 1 7.23 -22.79 0.07 1.69 4.64 0 0 0 10.4 -1.16 -0.5 -0.02 -0.91 2.49 0.78 -16.21 -11.54 -0.02 0.82 -2.26 -3.33 0.95 1.99 0.27 1.18 3.88 2.15 0.46 2.8 0.44 5.63 -16.44 -2.15 7.96 34.41 0.31 2.78 14.78 0 -0 0 -89.05 -5.55 34.92 13.85 -22.52 -2.77 -0 0 -9.59 19.55 -11.03 -3.89 -7.12 0 -0 -5.31 18.32 3.39 0 -0 0 86.58 4.55 22.02 -15.51 24.85 -3.44 0 -0 -9.18 -9.6 -31.1 4.99 7.12 -0 -0 25.17 -59.63 -9.35
5.71 17 -0.24 170.78 -83.66 -166.47 0 0 0 -16.85 1.47 -12.43 2.1 9.08 26.04 0.99 7.27 -22.78 0.06 1.53 4.2 0 0 0 10.89 -1.62 0.87 0 0 0 0.89 -16.92 -10.64 -0.02 0.81 -2.23 -2.78 0.9 1.82 0.44 1.12 3.68 2.02 0.45 2.7 0.33 5.15 -15.76 -2.71 7.48 32.46 0 2.59 13.77 -0 -0 0 -89.08 -5.19 34.07 13.66 -22.25 -2.7 -0 0 -8.79 20.1 -11.15 -4.05 -7.12 0 -0 -4.93 18.15 3.16 -0 -0 0 86.55 4.5 22.22 -15.42 24.72 -3.4 0 -0 -9.05 -9.35 -30.59 4.79 7.12 -0 -0 25 -59.12 -8.97
5.68 17 -0.23 168.41 -83.47 -164.09 0 0 0 -17.27 1.57 -12.33 2.12 9.1 26.12 1 7.31 -22.88 0.03 1.2 3.3 0 0 0 10.49 -1.5 1.02 0 0 -0 0.89 -16.88 -10.61 -0.01 0.76 -2.1 -3.1 0.92 1.42 0.37 1.17 3.77 2.13 0.46 3.01 -0.09 4.76 -16.56 -2.42 7.01 31.81 0.13 2.41 13.62 0 -0 0 -89.08 -5.42 33.51 13.24 -21.63 -2.54 -0 0 -7.96 20.31 -10.78 -3.96 -7.12 0 -0 -4.77 18.53 3.02 0 -0 0 86.59 4.71 22.3 -15.6 24.98 -3.48 0 -0 -9.23 -9.4 -30.77 4.84 7.12 -0 -0 25.1 -59.29 -9.12
5.64 16.99 -0.22 168.93 -83.38 -164.52 0 0 0 -17.28 1.45 -12.28 2.12 9.11 26.15 1.02 7.46 -23.14 0.05 1.38 3.8 0 0 0 10.48 -1.36 1.08 0 0 0 0.95 -17.39 -10.77 -0 0.29 -0.81 -3.09 0.86 1.15 0.44 1.11 3.64 2.2 0.43 3.02 -0.34 4.49 -16.78 -2.32 6.68 31.23 0.17 2.28 13.39 0 -0 0 -89.18 -5.19 32.96 13.12 -21.46 -2.5 -0 0 -7.79 19.74 -9.56 -3.41 -7.12 0 -0 -5.16 19.86 3.11 0 -0 0 86.5 4.57 22.66 -15.72 25.14 -3.53 0 -0 -9.64 -9.53 -31.13 4.96 7.12 -0 -0 25.27 -59.64 -9.4
5.6 16.99 -0.23 169.26 -82.99 -164.93 0 0 0 -17.34 1.76 -11.95 2.1 9.08 26.03 1.04 7.45 -23.35 0.04 1.36 3.75 0 0 0 10.45 -0.97 1.31 0 -0 0 0.92 -17.2 -10.98 -0.02 0.95 -2.62 -3.08 1.03 0.84 0.36 1.34 3.61 2.12 0.55 3.16 -0.15 3.96 -16.76 -2.68 5.98 30.4 -0.12 1.99 13.05 -0 -0 0 -89.03 -5.21 32.84 12.91 -21.16 -2.42 -0 0 -7.68 20.05 -10.72 -3.89 -7.12 0 -0 -4.95 18.61 3.12 -0 -0 0 86.66 4.38 22.58 -15.79 25.23 -3.56 0 -0 -9.82 -9.74 -30.55 4.98 7.12 -0 -0 24.58 -59.17 -8.84
5.56 16.99 -0.25 167.4 -82.84 -163.02 0 0 0 -17.6 1.73 -11.61 2.04 8.94 25.62 1.03 7.71 -23.39 0.04 1.36 3.74 0 0 0 10.22 -0.88 1.43 0 -0 0 0.91 -17.11 -11.01 -0.01 0.74 -2.04 -3.37 0.87 0.72 0.47 1.14 3.45 2.39 0.45 3.07 -1.13 3.54 -17.46 -2.31 5.6 30.15 0.15 1.77 13.04 0 -0 0 -89.46 -5.1 32.1 12.77 -20.94 -2.37 -0 0 -7.21 20.06 -10.82 -3.92 -7.12 0 -0 -4.95 18.5 3.13 0 -0 0 86.45 4.34 22.87 -15.71 25.13 -3.52 0 -0 -9.73 -9.71 -30.77 5 7.12 -0 -0 24.79 -59.36 -9.04
5.54 17 -0.28 165.49 -82.9 -161.11 0 0 0 -17.76 1.47 -11.3 1.98 8.82 25.25 0.99 8.11 -23.41 0.03 1.03 2.83 0 0 0 10.09 -0.97 1.5 0 -0 0 0.95 -17.47 -11.13 -0.02 0.92 -2.52 -3.44 0.73 0.45 0.44 0.96 3.51 2.4 0.35 3.3 -1.58 3.21 -17.73 -2.18 5.25 29.41 0.22 1.61 12.77 0 0 0 -89.63 -5.17 31.94 12.97 -21.25 -2.44 -0 0 -7.43 20.17 -10.62 -3.87 -7.12 0 -0 -4.87 18.71 3.06 0 0 0 86.5 4.58 22.77 -15.55 24.9 -3.45 0 -0 -9.54 -9.77 -30.98 5.06 7.12 -0 -0 24.9 -59.56 -9.2
5.5 17 -0.32 160.04 -82.82 -155.79 0 0 0 -18.46 1.26 -10.26 1.82 8.48 24.19 0.95 8.46 -23.33 0.04 1.28 3.53 0 0 0 9.44 -1.18 1.77 0 -0 0 0.9 -17.14 -11.28 -0.03 1.15 -3.17 -3.89 0.6 0.23 0.26 0.82 3.36 2.46 0.27 3.27 -1.67 3.04 -18.05 -2.15 5.05 29.4 0.22 1.52 12.84 -0 0 0 -89.65 -4.93 32.18 13.03 -21.33 -2.46 -0 0 -7.89 20.31 -11.13 -4.08 -7.12 0 -0 -4.78 18.16 3.06 -0 0 0 86.6 4.21 22.31 -15.38 24.67 -3.38 0 -0 -9 -9.49 -30.96 4.92 7.12 -0 -0 25.17 -59.48 -9.26
5.51 17.01 -0.38 160.55 -82.82 -156.2 0 0 0 -18.1 1.08 -10.27 1.8 8.43 24.02 0.93 8.64 -23.27 0.04 1.29 3.55 0 0 0 9.85 -0.46 -0.02 -0.03 -1.19 3.26 0.79 -16.67 -12.68 -0.01 0.63 -1.73 -3.76 0.59 0.08 0.33 0.81 3.36 2.47 0.27 3.36 -1.49 2.67 -18.5 -3.01 4.76 29.44 -0.18 1.28 12.98 0 0 0 -89.77 -5.37 32.25 13.11 -21.45 -2.49 -0 0 -8.09 19.84 -10.6 -3.8 -7.12 0 -0 -5.1 18.76 3.2 0 0 0 86.63 4.37 22.03 -15.21 24.44 -3.31 0 -0 -8.96 -9.57 -31.09 4.97 7.12 -0 -0 25.2 -59.61 -9.35
5.5 17.01 -0.47 159.73 -83.15 -155.51 0 0 0 -17.78 0.89 -9.74 1.72 8.26 23.5 0.89 8.72 -22.98 0.04 1.21 3.32 0 0 0 10.21 -0.28 -1.25 -0.11 -2.12 5.84 0.65 -15.9 -13.79 -0.04 1.25 -3.42 -3.66 0.54 0.54 0.43 0.71 3.11 2.51 0.24 2.85 -2.45 2.38 -18.74 -2.03 4.35 29.94 0.3 1.11 13.18 -0 -0 0 -89.85 -4.94 32.94 13.46 -21.96 -2.62 -0 0 -8.34 20.72 -11.1 -4.17 -7.12 0 -0 -4.49 18.16 2.87 -0 -0 0 86.55 3.67 21.94 -15.47 24.79 -3.42 0 -0 -8.83 -9.46 -31.35 4.95 7.12 -0 -0 25.54 -59.82 -9.61
5.5 17 -0.56 153.46 -83.25 -149.51 0 0 0 -18.17 1.01 -9.1 1.64 8.06 22.91 0.85 8.64 -22.59 0.02 0.88 2.41 0 0 0 9.76 -0.15 -2.53 -0.24 -3.13 8.65 0.49 -15.23 -15.28 -0.02 0.93 -2.57 -4.16 0.44 0.45 0.35 0.59 3.24 2.7 0.16 3.04 -2.72 2.07 -18.52 -2.21 4.02 30.23 0.21 0.89 13.26 -0 0 0 -89.84 -5 33.53 13.85 -22.52 -2.77 -0 0 -9.22 20.4 -10.15 -3.75 -7.12 0 -0 -4.69 19.18 2.9 -0 0 0 86.4 3.74 21.88 -15.25 24.49 -3.33 0 -0 -8.72 -9.37 -31.66 4.95 7.12 -0 -0 25.88 -60.07 -9.92
5.5 16.98 -0.67 148.36 -83.76 -144.66 0 0 0 -18.03 0.43 -8.47 1.58 7.94 22.52 0.83 8.62 -22.44 0.02 0.98 2.7 0 0 0 9.81 -1.13 -3.56 -0.36 -3.87 10.72 0.33 -14.22 -15.94 -0.02 0.98 -2.7 -4.06 0.31 0.58 0.32 0.41 3.43 2.62 0.06 3.17 -3.4 1.64 -19.31 -1.95 3.58 31.26 0.36 0.61 13.85 0 -0 0 -89.8 -5.19 33.89 14.13 -22.92 -2.88 -0 0 -9.88 20.26 -10.52 -3.85 -7.12 0 -0 -4.8 18.81 3.01 0 -0 0 86.35 3.95 21.67 -15.11 24.29 -3.27 0 -0 -8.41 -9.76 -30.93 5.05 7.12 -0 -0 24.87 -59.51 -9.16
5.52 16.96 -0.8 145.66 -84.13 -142.18 0 0 0 -17.57 0.6 -8.4 1.59 7.96 22.58 0.79 8.45 -21.89 0 0.45 1.23 0 0 0 10.2 -1.4 -4.63 -0.52 -4.62 12.82 0.16 -13.4 -17.03 -0.01 0.6 -1.64 -3.96 0.43 0.85 0.37 0.55 3.55 2.61 0.13 3.14 -3.74 1.23 -19.16 -2.01 3.1 31.63 0.31 0.33 13.98 0 0 0 -89.88 -5.27 33.81 14.17 -22.97 -2.89 -0 0 -9.62 21.51 -10.85 -4.24 -7.12 0 -0 -3.92 18.36 2.49 0 0 0 86.32 3.83 21.45 -15.21 24.44 -3.31 0 -0 -8.54 -9.5 -31.3 4.97 7.12 -0 -0 25.44 -59.78 -9.55
5.55 16.95 -0.94 139.29 -84.82 -135.93 0 0 0 -17.04 0.25 -8.35 1.58 7.93 22.5 0.75 8.23 -21.31 0 0.29 0.81 0 0 0 10.64 -2.04 -5.59 -0.67 -5.24 14.58 0.02 -12.8 -17.96 -0 0.27 -0.74 -4.32 0.24 0.44 0.74 0.31 4.03 3.19 -0.03 3.89 -3.83 1 -19.1 -2.79 3.04 31.6 0 0.18 13.98 -0 -0 0 -90.52 -5.88 33.05 14.04 -22.79 -2.84 -0 0 -9.23 22.59 -11.81 -4.87 -7.12 0 -0 -3.2 17.23 2.11 -0 -0 0 85.73 4.53 21.75 -15.25 24.49 -3.33 0 -0 -8.61 -9.33 -31.15 4.86 7.12 -0 -0 25.49 -59.61 -9.47
5.58 16.94 -1.08 132.28 -85.31 -128.84 0 0 0 -16.53 -0.47 -8.31 1.54 7.82 22.18 0.71 8.31 -21.05 0.01 0.46 1.26 0 0 0 11.14 -2.3 -6.56 -0.81 -5.73 16.01 -0.04 -12.72 -18.58 -0 0.39 -1.06 -4.1 0.22 0.95 0.65 0.26 3.73 2.98 -0.03 3.29 -4.28 0.45 -19.15 -2.39 2.24 32.53 0.09 -0.21 14.4 0 -0 0 -90.46 -5.23 32.33 14.06 -22.82 -2.85 -0 0 -8.56 21.71 -11.43 -4.51 -7.12 0 -0 -3.8 17.71 2.47 0 -0 0 85.9 4.24 21.5 -15.09 24.27 -3.26 0 -0 -8.5 -9.36 -31.22 4.88 7.12 -0 -0 25.52 -59.68 -9.52
5.57 16.93 -1.23 121.11 -85.52 -117.87 0 0 0 -16.37 -0.85 -7.75 1.46 7.64 21.63 0.68 8.2 -20.69 0.01 0.46 1.26 0 0 0 11.23 -3.02 -6.84 -0.89 -6 16.8 -0.13 -12.33 -19.15 -0 0.14 -0.37 -4.05 0.11 0.48 0.33 0.15 4.06 2.62 -0.1 3.91 -3.47 0.2 -19.39 -2.99 1.78 33 -0.38 -0.41 14.68 -0 -0 0 -90.11 -5.05 31.91 14.01 -22.75 -2.83 -0 0 -8.93 21.58 -11.53 -4.52 -7.12 0 -0 -3.9 17.62 2.54 -0 -0 0 86.37 4.59 21.22 -14.87 23.97 -3.17 0 -0 -7.89 -9.68 -30.37 4.93 7.12 -0 -0 24.49 -58.99 -8.7
5.56 16.94 -1.37 109.28 -85.62 -106.01 0 0 0 -16.18 -1.39 -7.35 1.36 7.39 20.88 0.6 8.5 -20.08 0 -0.34 -0.93 0 0 0 11.42 -4.06 -7.05 -0.92 -6.11 17.11 -0.23 -11.77 -19.62 -0 -0.28 0.78 -3.78 0.11 0.46 0.08 0.15 3.97 2.2 -0.08 3.83 -4.02 -0.3 -19.38 -2.51 1.08 33.35 -0.22 -0.72 14.84 -0 -0 0 -89.99 -4.58 31.29 13.83 -22.48 -2.76 -0 0 -7.88 21.23 -11.69 -4.5 -7.12 0 -0 -4.15 17.48 2.72 -0 -0 0 86.61 4.29 20.84 -15.03 24.19 -3.24 0 -0 -8.02 -9.45 -31.21 4.93 7.12 -0 -0 25.42 -59.69 -9.49
5.56 16.94 -1.51 99.69 -85.91 -96.48 0 0 0 -15.62 -2.25 -6.64 1.27 7.16 20.18 0.56 8.88 -20 0.01 -0.67 -1.85 0 0 0 12.09 -4.39 -6.78 -0.9 -6.05 16.94 -0.25 -12 -20.05 -0.01 -0.59 1.63 -3.22 0.09 0.62 -0.09 0.11 3.8 1.71 -0.07 3.56 -4.02 -0.67 -19.25 -2.51 0.5 33.68 -0.33 -0.98 14.97 -0 -0 0 -89.8 -4.05 30.79 13.65 -22.23 -2.69 -0 0 -7.67 21.02 -11.64 -4.43 -7.12 0 -0 -4.29 17.56 2.81 -0 -0 0 86.92 4.22 20.34 -14.7 23.73 -3.11 0 -0 -7.47 -9.94 -30.22 5.04 7.12 -0 -0 24.1 -58.91 -8.51
5.56 16.94 -1.63 91.69 -85.81 -88.41 0 0 0 -15.42 -2.69 -6.05 1.14 6.77 19.04 0.4 9.8 -19.21 0.03 -1.07 -2.95 0 0 0 12.41 -4.59 -6.96 -0.91 -6.09 17.04 -0.26 -12.12 -20.33 -0.01 -0.67 1.84 -4.23 -0.11 0.48 0.48 -0.15 3.67 2.86 -0.24 3.52 -4.53 -0.87 -18.99 -2.87 0.48 33.72 -0.4 -1.12 14.93 -0 0 0 -90.65 -3.57 29.97 13.68 -22.27 -2.7 -0 0 -7.83 20.44 -11.77 -4.35 -7.12 0 -0 -4.7 17.47 3.08 -0 0 0 85.92 4.18 20.84 -14.67 23.68 -3.09 0 -0 -7.33 -10.18 -30.5 5.21 7.12 -0 -0 24.09 -59.23 -8.69
5.55 16.95 -1.73 84.93 -85.73 -81.55 0 0 0 -15.22 -3.55 -5.29 1.02 6.44 18.07 0.32 10.54 -19.17 0.03 -1.14 -3.14 0 0 0 12.73 -5.15 -7.15 -0.91 -6.09 17.06 -0.27 -12.11 -20.36 -0.01 -0.56 1.54 -4.14 -0.13 0.08 0.55 -0.16 3.76 2.89 -0.25 3.84 -4.98 -1.26 -19.35 -2.77 0.06 33.73 -0.36 -1.33 15.03 -0 -0 0 -91.02 -3.51 29.76 13.83 -22.49 -2.76 -0 0 -8.04 20.48 -12.14 -4.49 -7.12 0 -0 -4.68 17.08 3.11 -0 -0 0 85.62 4.5 20.32 -14.7 23.73 -3.1 0 -0 -7.34 -9.47 -30.35 4.82 7.12 -0 -0 24.7 -58.93 -8.74
5.56 16.96 -1.82 81.21 -85.54 -77.69 0 0 0 -15.06 -3.92 -5.01 0.95 6.2 17.38 0.27 10.89 -18.99 0.03 -1.11 -3.06 0 0 0 12.95 -5.31 -7.32 -0.91 -6.08 17.02 -0.24 -12.28 -20.31 -0.01 -0.46 1.27 -4.31 -0.18 -0.24 0.52 -0.2 3.81 2.94 -0.28 4.08 -5.97 -1.92 -19.08 -2 -0.83 33.07 -0.02 -1.69 14.69 -0 -0 0 -90.96 -3.57 29.91 13.79 -22.44 -2.75 -0 0 -8.03 20.71 -12.41 -4.65 -7.12 0 -0 -4.53 16.76 3.04 -0 -0 0 85.57 4.65 20.55 -14.89 23.99 -3.18 0 -0 -7.38 -10.25 -30.69 5.27 7.12 -0 -0 24.17 -59.41 -8.82
5.56 16.96 -1.88 77.67 -85.53 -74.23 0 0 0 -14.82 -4.23 -4.83 0.93 6.16 17.24 0.25 11.07 -18.95 0.02 -0.88 -2.41 0 0 0 13.2 -5.33 -6.94 -0.87 -5.96 16.66 -0.25 -12.41 -20.57 -0.01 -0.73 2.01 -4.12 -0.17 0.31 0.58 -0.23 3.45 2.9 -0.26 3.39 -7.07 -2.73 -18.66 -1.78 -1.78 33.05 0.09 -2.21 14.64 0 0 0 -91.2 -3.03 29.93 14.06 -22.82 -2.85 -0 0 -7.97 20.23 -11.74 -4.29 -7.12 0 -0 -4.85 17.52 3.18 0 0 0 85.25 4.26 20.55 -14.89 23.99 -3.18 0 -0 -7.67 -10.08 -30.77 5.2 7.12 -0 -0 24.41 -59.44 -8.94
5.58 16.96 -1.9 80.35 -85.55 -77.03 0 0 0 -14.77 -4.37 -4.59 0.92 6.12 17.14 0.24 11.38 -19.19 0.03 -1.05 -2.88 0 0 0 13.27 -5.12 -6.94 -0.9 -6.04 16.91 -0.3 -12.12 -20.73 -0.02 -0.96 2.65 -4.16 -0.08 0.53 0.62 -0.11 3.53 2.96 -0.21 3.36 -8.45 -4.09 -18.19 -1.25 -3.51 32.02 0.27 -2.99 14.18 0 -0 0 -91.3 -3.16 30.93 14.22 -23.05 -2.91 -0 0 -8.81 20.69 -12.27 -4.59 -7.12 0 -0 -4.54 16.92 3.03 0 -0 0 85.09 4.63 20.18 -14.79 23.86 -3.14 0 -0 -7.57 -10.37 -29.72 5.18 7.12 -0 -0 23.28 -58.56 -7.99
5.59 16.96 -1.9 84.41 -85.66 -81.03 0 0 0 -14.69 -4.22 -4.69 0.93 6.14 17.18 0.24 11.42 -19.28 0.03 -1.15 -3.17 0 0 0 13.36 -4.89 -7 -0.9 -6.04 16.89 -0.3 -12.08 -20.65 -0.02 -0.95 2.61 -4.24 -0.16 0.38 0.74 -0.21 3.61 3.14 -0.27 3.53 -9.94 -5.22 -17.87 -0.42 -4.97 31.25 0.61 -3.64 13.93 0 0 0 -91.58 -3.41 31.05 14.44 -23.37 -3 -0 0 -9.07 20.51 -11.72 -4.35 -7.12 0 -0 -4.65 17.51 3.04 0 0 0 84.82 4.83 20.63 -14.98 24.12 -3.22 0 -0 -7.91 -10.26 -31.54 5.41 7.12 -0 -0 24.87 -60.17 -9.56
5.58 16.96 -1.88 92.48 -86.08 -89.1 0 0 0 -14.34 -3.83 -4.81 0.96 6.24 17.47 0.28 11.38 -19.62 0.02 -0.91 -2.51 0 0 0 13.71 -4.55 -6.6 -0.83 -5.83 16.28 -0.26 -12.1 -20.33 -0.03 -1.06 2.92 -3.91 -0.05 0.04 0.78 -0.05 3.74 2.99 -0.19 3.84 -10.31 -6.07 -17.48 -0.33 -6.15 30.54 0.52 -4.15 13.62 -0 0 0 -91.34 -3.78 31.81 14.22 -23.05 -2.91 -0 0 -8.86 20.83 -11.31 -4.27 -7.12 0 -0 -4.41 17.93 2.85 -0 0 0 84.97 5.19 20.09 -14.86 23.95 -3.17 0 -0 -7.84 -9.59 -31.7 5.07 7.12 -0 -0 25.7 -60.16 -9.89
5.57 16.96 -1.82 97.24 -85.55 -93.8 0 0 0 -15.16 -3.53 -4.71 0.94 6.18 17.32 0.28 11.47 -19.74 0.02 -0.84 -2.3 0 0 0 12.87 -4.98 -6.78 -0.82 -5.78 16.16 -0.28 -11.54 -19.83 -0.01 -0.79 2.16 -4.57 -0.34 -0.05 0.64 -0.43 3.55 3.21 -0.39 3.73 -10.74 -6.53 -17.23 -0.11 -6.77 30.06 0.59 -4.43 13.44 0 -0 0 -91.38 -3.44 30.98 14.19 -23.01 -2.9 -0 0 -8.61 21.09 -11.66 -4.46 -7.12 0 -0 -4.24 17.53 2.78 0 -0 0 85.09 4.66 20.91 -15.13 24.33 -3.28 0 -0 -8.11 -10.28 -30.81 5.31 7.12 -0 -0 24.24 -59.53 -8.92
5.55 16.96 -1.76 112.16 -86.11 -108.71 0 0 0 -14.5 -2.75 -4.72 0.95 6.21 17.4 0.29 11.51 -19.94 0.02 -0.94 -2.59 0 0 0 13.53 -4.49 -6.56 -0.8 -5.7 15.92 -0.27 -11.31 -19.47 -0.01 -0.59 1.62 -3.82 -0.37 -0.96 0.67 -0.44 3.86 2.81 -0.39 4.56 -10.91 -6.91 -17.3 0.25 -7.34 29.64 0.66 -4.62 13.33 0 0 0 -90.97 -3.98 30.47 14.09 -22.86 -2.86 -0 0 -8.21 21.01 -11.65 -4.43 -7.12 0 -0 -4.3 17.55 2.81 0 0 0 85.57 4.95 20.89 -14.94 24.07 -3.2 0 -0 -8.04 -9.99 -31.24 5.22 7.12 -0 -0 24.89 -59.84 -9.37
5.55 16.98 -1.7 125.58 -85.78 -122.18 0 0 0 -14.57 -2.51 -4.73 0.98 6.3 17.65 0.3 11.92 -20.53 0.02 -0.99 -2.73 0 0 0 13.51 -3.47 -5.99 -0.73 -5.47 15.25 -0.21 -11.65 -19.17 -0.01 -0.64 1.77 -4.18 -0.29 -0.81 0.81 -0.33 3.74 3.16 -0.35 4.35 -10.85 -7.07 -17.51 -0.02 -7.49 29.65 0.5 -4.72 13.38 -0 0 0 -91 -3.87 30.04 14.15 -22.95 -2.89 -0 0 -8 21.14 -11.36 -4.36 -7.12 0 -0 -4.2 17.85 2.72 -0 0 0 85.49 4.67 20.9 -14.86 23.95 -3.17 0 -0 -8.19 -10.39 -31.27 5.43 7.12 -0 -0 24.51 -59.97 -9.29
5.54 16.97 -1.62 132.29 -84.84 -129.03 0 0 0 -15.34 -1.8 -4.65 0.99 6.33 17.76 0.34 11.98 -20.97 0.01 -0.69 -1.89 0 0 0 12.68 -3.38 -5.92 -0.72 -5.42 15.11 -0.2 -11.13 -18.49 -0 -0.44 1.22 -4.64 -0.19 -0.63 0.48 -0.19 3.58 3.09 -0.28 4.07 -10.92 -7.22 -17.45 0.5 -7.87 29.66 0.65 -4.82 13.41 -0 -0 0 -90.45 -3.95 30.18 13.86 -22.54 -2.78 -0 0 -8.15 21.77 -11.82 -4.68 -7.12 0 -0 -3.78 17.3 2.49 -0 -0 0 86.19 4.19 20.36 -14.79 23.85 -3.14 0 -0 -7.49 -9.94 -31.78 5.27 7.12 -0 -0 25.41 -60.31 -9.86
5.52 16.97 -1.54 141.41 -84.37 -138.25 0 0 0 -15.4 -0.84 -4.48 0.98 6.31 17.69 0.33 12.3 -21.26 0.04 -1.25 -3.44 0 0 0 12.7 -2.53 -5.5 -0.69 -5.32 14.82 -0.17 -11.29 -18.27 -0 -0.16 0.45 -4.54 -0.31 -0.44 0.54 -0.37 3.31 3.09 -0.35 3.69 -11.22 -7.04 -17.55 0.73 -7.61 30.03 0.83 -4.73 13.6 -0 -0 0 -90.35 -3.58 29.5 13.77 -22.4 -2.74 -0 0 -8.06 21.75 -11.79 -4.66 -7.12 0 -0 -3.79 17.33 2.49 -0 -0 0 86.23 3.42 20.9 -14.99 24.13 -3.22 0 -0 -7.81 -10.12 -31.81 5.37 7.12 -0 -0 25.26 -60.39 -9.85
5.51 16.98 -1.46 146.94 -83.65 -143.74 0 0 0 -15.66 -0.94 -4.18 0.98 6.29 17.62 0.43 12.32 -22.23 0 -0.24 -0.65 0 0 0 12.43 -2.16 -5.17 -0.63 -5.09 14.17 -0.14 -11.09 -17.66 -0 -0.11 0.3 -4.78 -0.43 -0.8 0.47 -0.49 3.32 3.14 -0.42 3.92 -11.45 -7.04 -17.94 1.55 -7.75 30.2 1.15 -4.7 13.82 -0 0 0 -90.62 -3.63 26.36 14.08 -22.84 -2.86 -0 0 -9.3 20.39 -11.97 -4.41 -7.12 0 -0 -4.74 17.26 3.13 -0 0 0 86.55 3.43 20.46 -14.88 23.98 -3.18 0 -0 -8 -9.68 -30.72 4.98 7.12 -0 -0 24.78 -59.3 -9
5.52 16.99 -1.38 153.08 -82.98 -149.83 0 0 0 -15.61 -0.62 -4.47 1.03 6.46 18.12 0.52 12.25 -23 0.01 0.61 1.69 0 0 0 12.53 -1.12 -4.57 -0.55 -4.73 13.15 -0.04 -11.7 -17.17 -0 -0.02 0.05 -5 -0.42 -0.63 0.47 -0.48 3.36 3.28 -0.43 3.88 -12.61 -8.06 -17.07 3.6 -9.59 29.05 1.84 -5.33 13.48 0 0 0 -91.51 -3.97 17.93 15.4 -24.7 -3.39 -0 0 -22.27 18.23 -8.81 -2.89 -7.12 0 -0 -6.24 20.74 3.65 0 0 0 87.21 3.04 18.33 -16.43 26.1 -3.83 0 -0 -21.57 -8.77 -31.86 4.65 7.12 -0 -0 26.69 -60.11 -10.28
5.51 16.99 -1.31 157.44 -82.35 -154.11 0 0 0 -15.59 -0.21 -4.73 1.06 6.55 18.38 0.58 12.12 -23.45 0.02 0.9 2.48 0 0 0 12.51 -0.54 -4.14 -0.48 -4.44 12.31 0.03 -11.9 -16.51 -0 0.26 -0.71 -5.3 -0.49 -0.65 0.54 -0.57 3.35 3.51 -0.48 3.89 -13.33 -8.87 -16.89 4.91 -11.01 28.85 2.2 -5.85 13.64 -0 -0 0 -91.71 -4 14.4 17.21 -27.14 -4.18 -0 0 -29.78 20.12 -6.09 -2.23 -7.12 0 -0 -4.88 23.5 2.54 -0 -0 0 87.6 1.28 17.06 -20.54 31.29 -5.81 0 -0 -35.43 -7.31 -34.64 4.17 7.12 -0 -0 30.89 -62.15 -13.58
5.5 17 -1.23 159.41 -81.78 -156.06 0 0 0 -15.93 0.03 -4.7 1.08 6.61 18.57 0.66 12.12 -24.09 0.03 1.17 3.23 0 0 0 12.21 -0.23 -3.62 -0.42 -4.15 11.5 0.04 -11.83 -16.24 -0 0.02 -0.05 -5.31 -0.66 -1.42 0.46 -0.75 3.7 3.41 -0.6 4.71 -13.39 -8.75 -16.83 5.47 -10.99 28.66 2.44 -5.78 13.59 -0 0 0 -90.43 -5.04 15.56 16.79 -26.58 -3.99 -0 0 -26.08 23.8 -9.19 -4.03 -7.12 0 -0 -2.24 19.96 1.34 -0 0 0 87.05 2.22 18.61 -22.1 33.09 -6.64 0 -0 -35.46 -11.31 -33.05 6.23 7.12 -0 -0 25.13 -61.78 -10.63
5.5 17.01 -1.14 162.47 -80.63 -159.06 0 0 0 -16.25 0.76 -5.05 1.13 6.75 18.99 0.66 12.39 -24.39 0.02 1.02 2.8 0 0 0 11.92 0.2 -3.58 -0.38 -3.97 10.99 0.06 -11.42 -15.38 -0.01 0.5 -1.38 -5.26 -0.56 -1.15 0.42 -0.63 3.38 3.35 -0.52 4.2 -12.95 -8.19 -16.79 4.92 -10.21 29.15 2.31 -5.49 13.63 -0 0 0 -88.84 -5.18 18.89 15.75 -25.18 -3.54 -0 0 -19.31 23.11 -8.1 -3.44 -7.12 0 -0 -2.71 21.18 1.55 -0 0 0 85.81 3.03 21.76 -21.48 32.39 -6.31 0 -0 -31.4 -11.88 -33.24 6.58 7.12 -0 -0 24.71 -62.09 -10.62
5.52 17 -1.05 164.68 -79.64 -161.29 0 0 0 -16.48 1.69 -5.35 1.16 6.85 19.26 0.71 12.13 -24.56 0.04 1.32 3.62 0 0 0 11.71 1.1 -3.88 -0.42 -4.14 11.47 0.08 -11.49 -15.12 -0.01 0.61 -1.66 -5.24 -0.45 -0.83 0.36 -0.5 3.28 3.29 -0.44 3.91 -12.71 -8 -17.13 4.6 -9.88 29.44 2.19 -5.36 13.75 -0 -0 0 -87.78 -5.51 23.21 14.31 -23.17 -2.95 -0 0 -11.79 23.23 -10.81 -4.6 -7.12 0 -0 -2.71 18.25 1.73 -0 -0 0 85.06 4.44 24.04 -19.52 30.06 -5.29 0 -0 -22 -11.88 -30.39 6.08 7.12 -0 -0 22.25 -59.51 -8.13
5.51 17 -0.95 166.78 -79.04 -163.41 0 0 0 -16.61 2.04 -5.7 1.23 7.04 19.83 0.75 12.22 -24.94 0.03 1.19 3.26 0 0 0 11.6 1.19 -3.4 -0.34 -3.76 10.4 0.14 -11.52 -14.28 -0.01 0.75 -2.06 -5.13 -0.48 -1.18 0.44 -0.53 3.46 3.3 -0.47 4.29 -13.1 -8.4 -16.94 4.63 -10.34 29.05 2.18 -5.59 13.63 0 0 0 -88.01 -6.01 24.36 13.58 -22.14 -2.67 -0 0 -8.8 23.99 -11.41 -5.03 -7.12 0 -0 -2.2 17.53 1.44 0 0 0 85.01 5.59 25.73 -17.84 27.96 -4.48 0 -0 -16.15 -14.46 -29.72 7.28 7.12 -0 -0 19.04 -59.47 -6.88
