HIERARCHY
ROOT Hips
{
	OFFSET 0.00000 0.00000 0.00000
	CHANNELS 6 Xposition Yposition Zposition Zrotation Yrotation Xrotation 
	JOINT LHipJoint
	{
		OFFSET 0 0 0
		CHANNELS 3 Zrotation Yrotation Xrotation
		JOINT LeftUpLeg
		{
			OFFSET 1.58895 -1.83665 0.71753
			CHANNELS 3 Zrotation Yrotation Xrotation
			JOINT LeftLeg
			{
				OFFSET 2.50528 -6.88321 0.00000
				CHANNELS 3 Zrotation Yrotation Xrotation
				JOINT LeftFoot
				{
					OFFSET 2.63244 -7.23257 0.00000
					CHANNELS 3 Zrotation Yrotation Xrotation
					JOINT LeftToeBase
					{
						OFFSET 0.23691 -0.65090 1.72750
						CHANNELS 3 Zrotation Yrotation Xrotation
						End Site
						{
							OFFSET 0.00000 -0.00000 0.92561
						}
					}
				}
			}
		}
	}
	JOINT RHipJoint
	{
		OFFSET 0 0 0
		CHANNELS 3 Zrotation Yrotation Xrotation
		JOINT RightUpLeg
		{
			OFFSET -1.51435 -1.83665 0.71753
			CHANNELS 3 Zrotation Yrotation Xrotation
			JOINT RightLeg
			{
				OFFSET -2.54551 -6.99375 0.00000
				CHANNELS 3 Zrotation Yrotation Xrotation
				JOINT RightFoot
				{
					OFFSET -2.66027 -7.30903 0.00000
					CHANNELS 3 Zrotation Yrotation Xrotation
					JOINT RightToeBase
					{
						OFFSET -0.22981 -0.63138 2.03959
						CHANNELS 3 Zrotation Yrotation Xrotation
						End Site
						{
							OFFSET -0.00000 -0.00000 1.07060
						}
					}
				}
			}
		}
	}
	JOINT LowerBack
	{
		OFFSET 0 0 0
		CHANNELS 3 Zrotation Yrotation Xrotation
		JOINT Spine
		{
			OFFSET -0.02651 1.86275 -0.11152
			CHANNELS 3 Zrotation Yrotation Xrotation
			JOINT Spine1
			{
				OFFSET 0.01019 1.86224 0.04087
				CHANNELS 3 Zrotation Yrotation Xrotation
				JOINT Neck
				{
					OFFSET 0 0 0
					CHANNELS 3 Zrotation Yrotation Xrotation
					JOINT Neck1
					{
						OFFSET -0.01926 1.80512 0.08867
						CHANNELS 3 Zrotation Yrotation Xrotation
						JOINT Head
						{
							OFFSET 0.05516 1.76451 -0.38475
							CHANNELS 3 Zrotation Yrotation Xrotation
							End Site
							{
								OFFSET 0.01592 1.82587 -0.14001
							}
						}
					}
				}
				JOINT LeftShoulder
				{
					OFFSET 0 0 0
					CHANNELS 3 Zrotation Yrotation Xrotation
					JOINT LeftArm
					{
						OFFSET 3.47116 1.51376 0.14491
						CHANNELS 3 Zrotation Yrotation Xrotation
						JOINT LeftForeArm
						{
							OFFSET 4.78095 -0.00000 0.00000
							CHANNELS 3 Zrotation Yrotation Xrotation
							JOINT LeftHand
							{
								OFFSET 3.58615 -0.00000 -0.00000
								CHANNELS 3 Zrotation Yrotation Xrotation
								JOINT LeftFingerBase
								{
									OFFSET 0 0 0
									CHANNELS 3 Zrotation Yrotation Xrotation
									JOINT LeftHandIndex1
									{
										OFFSET 0.65981 -0.00000 0.00000
										CHANNELS 3 Zrotation Yrotation Xrotation
										End Site
										{
											OFFSET 0.53196 -0.00000 0.00000
										}
									}
								}
								JOINT LThumb
								{
									OFFSET 0 0 0
									CHANNELS 3 Zrotation Yrotation Xrotation
									End Site
									{
										OFFSET 0.54008 -0.00000 0.54008
									}
								}
							}
						}
					}
				}
				JOINT RightShoulder
				{
					OFFSET 0 0 0
					CHANNELS 3 Zrotation Yrotation Xrotation
					JOINT RightArm
					{
						OFFSET -3.31725 1.61216 0.35156
						CHANNELS 3 Zrotation Yrotation Xrotation
						JOINT RightForeArm
						{
							OFFSET -4.48913 -0.00000 0.00000
							CHANNELS 3 Zrotation Yrotation Xrotation
							JOINT RightHand
							{
								OFFSET -3.70510 -0.00000 0.00000
								CHANNELS 3 Zrotation Yrotation Xrotation
								JOINT RightFingerBase
								{
									OFFSET 0 0 0
									CHANNELS 3 Zrotation Yrotation Xrotation
									JOINT RightHandIndex1
									{
										OFFSET -0.44914 -0.00000 0.00000
										CHANNELS 3 Zrotation Yrotation Xrotation
										End Site
										{
											OFFSET -0.36211 -0.00000 0.00000
										}
									}
								}
								JOINT RThumb
								{
									OFFSET 0 0 0
									CHANNELS 3 Zrotation Yrotation Xrotation
									End Site
									{
										OFFSET -0.36763 -0.00000 0.36763
									}
								}
							}
						}
					}
				}
			}
		}
	}
}
MOTION
Frames: 204
Frame Time: 0.0333332
-0.75 18.67 5.91 -5.44 -5.47 0.95 0 0 0 -9.53 -7.92 -2.23 1.68 8.17 23.23 1.87 4.6 -27.78 8.17 -16.24 -53.16 0 0 0 18.89 -3.24 6.6 0 -0 0 -0.51 -0.45 -13.68 -0.2 2.91 -8.04 3.02 0.94 1.16 1.13 1.34 -1.5 -0.57 0.63 -2.15 0.52 0.48 -11.55 2.47 -0.03 22.35 0.75 0.29 8.89 0 0 0 -92.76 11.61 23.96 20.5 -31.25 -5.79 -0 -0 14.1 3.42 -25.31 -1.46 -7.12 0 -0 -15.86 5.42 14.88 0 0 0 90.78 -17.18 24.23 -22.25 33.26 -6.72 0 0 21.16 -6.86 -26.27 3.05 7.12 -0 -0 24.35 -54.71 -6.08
-0.75 18.67 5.91 -5.51 -5.44 0.95 0 0 0 -9.44 -7.93 -2.25 1.69 8.19 23.29 1.88 4.47 -27.83 8.15 -16.23 -53.11 0 0 0 18.97 -3.27 6.6 0 0 -0 -0.51 -0.45 -13.68 -0.22 2.99 -8.26 3.07 0.92 1.13 1.15 1.31 -1.48 -0.57 0.62 -2.11 0.61 0.5 -11.55 2.37 -0 22.31 0.7 0.3 8.88 0 0 0 -92.76 11.53 23.81 20.45 -31.18 -5.76 -0 -0 14.24 3.39 -25.27 -1.45 -7.12 0 -0 -15.88 5.47 14.89 0 0 0 90.75 -17.1 24.33 -22.21 33.21 -6.7 0 0 20.98 -6.83 -26.36 3.04 7.12 -0 -0 24.44 -54.78 -6.14
-0.75 18.67 5.91 -5.61 -5.48 0.92 0 0 0 -9.33 -7.87 -2.23 1.69 8.2 23.32 1.88 4.48 -27.8 8.14 -16.22 -53.05 0 0 0 19.08 -3.24 6.64 0 0 -0 -0.51 -0.46 -13.67 -0.2 2.9 -8 3.13 0.93 1.18 1.18 1.33 -1.47 -0.59 0.63 -2.12 0.63 0.49 -11.55 2.36 -0.02 22.33 0.69 0.29 8.89 0 0 0 -92.72 11.64 23.88 20.5 -31.24 -5.79 -0 -0 14.14 3.41 -25.43 -1.46 -7.12 0 -0 -15.86 5.31 14.92 0 0 0 90.76 -17.1 24.37 -22.21 33.21 -6.7 0 0 20.81 -6.81 -26.53 3.05 7.12 -0 -0 24.57 -54.93 -6.27
-0.75 18.67 5.91 -5.53 -5.48 0.94 0 0 0 -9.44 -7.91 -2.22 1.69 8.18 23.27 1.88 4.51 -27.85 8.15 -16.23 -53.09 0 0 0 18.98 -3.24 6.61 0 -0 0 -0.51 -0.44 -13.66 -0.18 2.76 -7.61 3.07 0.91 1.14 1.16 1.3 -1.46 -0.57 0.61 -2.09 0.68 0.5 -11.58 2.25 0.02 22.34 0.65 0.3 8.89 0 0 0 -92.77 11.64 23.78 20.48 -31.22 -5.78 -0 -0 14.28 3.51 -25.3 -1.5 -7.12 0 -0 -15.81 5.42 14.83 0 0 0 90.72 -17.1 24.36 -22.21 33.21 -6.7 0 0 20.91 -6.74 -26.5 3.02 7.12 -0 -0 24.62 -54.89 -6.26
-0.75 18.67 5.9 -5.5 -5.55 0.91 0 0 0 -9.48 -7.86 -2.19 1.68 8.17 23.24 1.88 4.53 -27.84 8.14 -16.22 -53.06 0 0 0 18.95 -3.17 6.65 0 0 -0 -0.51 -0.49 -13.66 -0.18 2.73 -7.53 3.02 0.92 1.22 1.15 1.32 -1.47 -0.55 0.62 -2.15 0.71 0.49 -11.68 2.21 0 22.49 0.63 0.29 8.97 -0 0 0 -92.77 11.62 23.75 20.49 -31.22 -5.78 -0 -0 14.29 3.41 -25.31 -1.46 -7.12 0 -0 -15.86 5.42 14.89 -0 0 0 90.67 -17.13 24.48 -22.2 33.2 -6.7 0 0 20.82 -6.62 -26.72 2.99 7.12 -0 -0 24.88 -55.07 -6.44
-0.74 18.67 5.9 -5.51 -5.56 0.88 0 0 0 -9.47 -7.82 -2.18 1.69 8.18 23.27 1.88 4.5 -27.83 8.13 -16.21 -53.02 0 0 0 18.95 -3.17 6.68 0 -0 0 -0.51 -0.49 -13.66 -0.19 2.82 -7.78 3.06 0.93 1.22 1.14 1.33 -1.46 -0.58 0.62 -2.14 0.76 0.5 -11.65 2.19 0 22.51 0.62 0.29 8.97 -0 0 0 -92.77 11.56 23.68 20.48 -31.21 -5.78 -0 -0 14.4 3.21 -25.33 -1.37 -7.12 0 -0 -15.98 5.42 15.01 -0 0 0 90.67 -17.15 24.49 -22.23 33.23 -6.71 0 0 20.83 -6.69 -26.93 3.04 7.12 -0 -0 24.95 -55.27 -6.59
-0.74 18.67 5.91 -5.51 -5.55 0.85 0 0 0 -9.47 -7.81 -2.14 1.69 8.18 23.27 1.88 4.5 -27.83 8.12 -16.2 -52.98 0 0 0 18.95 -3.19 6.71 0 -0 0 -0.51 -0.5 -13.67 -0.2 2.88 -7.93 3.08 0.91 1.18 1.14 1.3 -1.42 -0.59 0.61 -2.08 0.85 0.56 -11.66 2.13 0.08 22.47 0.59 0.33 8.95 0 -0 0 -92.81 11.39 23.57 20.39 -31.11 -5.73 -0 -0 14.46 3.25 -25.38 -1.4 -7.12 0 -0 -15.96 5.37 15 0 -0 0 90.65 -17.05 24.46 -22.2 33.2 -6.69 0 0 20.95 -6.86 -26.54 3.08 7.12 -0 -0 24.52 -54.95 -6.27
-0.74 18.67 5.9 -5.5 -5.51 0.86 0 0 0 -9.47 -7.75 -2.2 1.69 8.18 23.27 1.87 4.49 -27.74 8.16 -16.24 -53.14 0 0 0 18.94 -3.23 6.68 0 -0 0 -0.51 -0.51 -13.69 -0.21 2.92 -8.07 3.09 0.89 1.19 1.13 1.28 -1.4 -0.61 0.6 -2.06 0.92 0.62 -11.78 2.13 0.15 22.52 0.59 0.37 8.99 0 0 0 -92.72 11.32 23.8 20.38 -31.09 -5.72 -0 -0 14.33 3.45 -25.39 -1.48 -7.12 0 -0 -15.84 5.34 14.89 0 0 0 90.62 -17.01 24.5 -22.21 33.22 -6.7 0 0 21.02 -7.02 -26.55 3.15 7.12 -0 -0 24.38 -54.99 -6.25
-0.74 18.67 5.9 -5.5 -5.48 0.83 0 0 0 -9.49 -7.82 -2.15 1.69 8.18 23.27 1.87 4.53 -27.77 8.15 -16.23 -53.1 0 0 0 18.93 -3.27 6.72 0 0 -0 -0.51 -0.48 -13.69 -0.2 2.87 -7.93 3.11 0.91 1.19 1.12 1.3 -1.43 -0.63 0.61 -2.09 0.95 0.62 -11.74 2.07 0.16 22.54 0.56 0.37 8.99 -0 0 0 -92.67 11.33 23.92 20.38 -31.09 -5.73 -0 -0 14.28 3.31 -25.19 -1.41 -7.12 0 -0 -15.92 5.55 14.91 -0 0 0 90.64 -17.1 24.45 -22.24 33.25 -6.72 0 0 20.98 -7.06 -26.6 3.17 7.12 -0 -0 24.37 -55.04 -6.28
-0.74 18.67 5.91 -5.49 -5.45 0.85 0 0 0 -9.48 -7.73 -2.24 1.69 8.19 23.28 1.85 4.58 -27.65 8.21 -16.27 -53.32 0 0 0 18.92 -3.29 6.69 0 0 -0 -0.51 -0.49 -13.69 -0.21 2.93 -8.08 3.08 0.9 1.21 1.13 1.29 -1.47 -0.6 0.6 -2.15 0.98 0.61 -11.75 2.01 0.16 22.6 0.54 0.37 9.02 0 0 0 -92.67 11.4 23.9 20.43 -31.16 -5.75 -0 -0 14.38 3.29 -25.14 -1.4 -7.12 0 -0 -15.94 5.59 14.91 0 0 0 90.6 -17.14 24.45 -22.21 33.21 -6.7 0 0 21.03 -7.06 -26.45 3.16 7.12 -0 -0 24.28 -54.91 -6.18
-0.74 18.67 5.91 -5.51 -5.44 0.83 0 0 0 -9.47 -7.71 -2.21 1.69 8.19 23.3 1.85 4.52 -27.66 8.21 -16.27 -53.31 0 0 0 18.95 -3.31 6.72 0 -0 0 -0.51 -0.55 -13.72 -0.22 3 -8.28 3.09 0.9 1.24 1.15 1.29 -1.48 -0.59 0.6 -2.17 0.89 0.58 -11.7 2.1 0.12 22.57 0.58 0.35 9 -0 -0 0 -92.63 11.41 23.98 20.37 -31.08 -5.72 -0 -0 14.35 3.49 -25.27 -1.49 -7.12 0 -0 -15.82 5.45 14.83 -0 -0 0 90.56 -17.17 24.49 -22.24 33.25 -6.72 0 0 20.99 -7.13 -26.48 3.19 7.12 -0 -0 24.23 -54.95 -6.19
-0.74 18.67 5.91 -5.5 -5.44 0.78 0 0 0 -9.46 -7.66 -2.2 1.69 8.2 23.32 1.86 4.44 -27.67 8.2 -16.27 -53.29 0 0 0 18.93 -3.33 6.77 0 -0 0 -0.51 -0.5 -13.71 -0.2 2.87 -7.9 3.07 0.89 1.29 1.16 1.28 -1.49 -0.57 0.6 -2.21 0.68 0.53 -11.83 2.28 0.04 22.7 0.67 0.32 9.07 -0 -0 0 -92.57 11.48 24.15 20.37 -31.08 -5.72 -0 -0 14.25 3.62 -25.28 -1.55 -7.12 0 -0 -15.74 5.44 14.76 -0 -0 0 90.5 -17.18 24.54 -22.25 33.26 -6.72 0 0 20.92 -7.09 -26.5 3.18 7.12 -0 -0 24.28 -54.96 -6.21
-0.74 18.66 5.91 -5.52 -5.51 0.72 0 0 0 -9.46 -7.56 -2.1 1.69 8.19 23.29 1.85 4.5 -27.65 8.21 -16.27 -53.31 0 0 0 18.95 -3.29 6.88 0 0 -0 -0.51 -0.52 -13.75 -0.22 3.03 -8.36 3.07 0.88 1.3 1.17 1.27 -1.49 -0.56 0.59 -2.22 0.75 0.54 -11.78 2.24 0.05 22.71 0.64 0.32 9.06 -0 0 0 -92.59 11.48 23.99 20.37 -31.08 -5.72 -0 -0 14.35 3.39 -25.26 -1.45 -7.12 0 -0 -15.88 5.47 14.89 -0 0 0 90.47 -17.2 24.55 -22.26 33.26 -6.73 0 0 21.08 -7.12 -26.48 3.19 7.12 -0 -0 24.24 -54.95 -6.19
-0.74 18.67 5.92 -5.51 -5.56 0.77 0 0 0 -9.48 -7.55 -2.11 1.69 8.18 23.26 1.86 4.53 -27.7 8.23 -16.28 -53.38 0 0 0 18.94 -3.24 6.85 0 -0 0 -0.51 -0.54 -13.75 -0.22 3.02 -8.33 3.02 0.88 1.18 1.18 1.26 -1.52 -0.52 0.59 -2.18 0.79 0.53 -11.71 2.19 0.03 22.64 0.62 0.31 9.02 -0 -0 0 -92.65 11.47 23.88 20.36 -31.07 -5.71 -0 -0 14.35 3.41 -25.24 -1.46 -7.12 0 -0 -15.86 5.49 14.87 -0 -0 0 90.42 -17.24 24.59 -22.26 33.27 -6.73 0 0 21 -7.1 -26.46 3.18 7.12 -0 -0 24.24 -54.93 -6.18
-0.74 18.66 5.93 -5.53 -5.54 0.7 0 0 0 -9.46 -7.52 -2.02 1.69 8.18 23.27 1.86 4.5 -27.68 8.21 -16.27 -53.31 0 0 0 18.96 -3.28 6.94 0 -0 0 -0.51 -0.53 -13.71 -0.21 2.95 -8.14 3 0.86 1.18 1.2 1.24 -1.51 -0.49 0.58 -2.17 0.68 0.5 -11.65 2.32 -0.01 22.58 0.67 0.29 8.99 0 -0 0 -92.68 11.54 23.96 20.41 -31.13 -5.74 -0 -0 14.25 3.54 -25.22 -1.51 -7.12 0 -0 -15.79 5.5 14.79 0 -0 0 90.38 -17.23 24.63 -22.26 33.27 -6.73 0 0 20.92 -7.16 -26.45 3.2 7.12 -0 -0 24.17 -54.92 -6.16
-0.74 18.66 5.93 -5.61 -5.5 0.69 0 0 0 -9.36 -7.55 -2 1.69 8.19 23.29 1.86 4.47 -27.71 8.23 -16.28 -53.37 0 0 0 19.06 -3.33 6.97 0 0 -0 -0.51 -0.52 -13.72 -0.23 3.07 -8.48 3.06 0.86 1.16 1.2 1.24 -1.52 -0.52 0.58 -2.17 0.77 0.46 -11.63 2.25 -0.06 22.53 0.63 0.27 8.97 0 0 0 -92.64 11.42 23.99 20.32 -31.03 -5.7 -0 -0 14.31 3.61 -25.01 -1.53 -7.12 0 -0 -15.75 5.69 14.69 0 0 0 90.52 -17.2 24.48 -22.21 33.21 -6.7 0 0 21.02 -6.9 -26.51 3.09 7.12 -0 -0 24.46 -54.93 -6.24
-0.74 18.66 5.93 -5.62 -5.51 0.68 0 0 0 -9.35 -7.48 -2 1.69 8.2 23.31 1.86 4.43 -27.67 8.22 -16.28 -53.37 0 0 0 19.06 -3.33 7 0 -0 0 -0.51 -0.49 -13.74 -0.21 2.98 -8.22 3.04 0.86 1.13 1.22 1.24 -1.51 -0.49 0.58 -2.15 0.82 0.48 -11.63 2.18 -0.03 22.48 0.6 0.28 8.95 -0 -0 0 -92.68 11.38 23.9 20.34 -31.05 -5.71 -0 -0 14.36 3.55 -25.08 -1.51 -7.12 0 -0 -15.78 5.64 14.74 -0 -0 0 90.51 -17.2 24.52 -22.22 33.23 -6.71 0 0 20.99 -6.91 -26.37 3.08 7.12 -0 -0 24.37 -54.8 -6.14
-0.74 18.66 5.94 -5.51 -5.5 0.7 0 0 0 -9.47 -7.47 -2.01 1.69 8.18 23.28 1.86 4.44 -27.66 8.23 -16.28 -53.38 0 0 0 18.94 -3.34 6.98 0 -0 0 -0.52 -0.48 -13.78 -0.23 3.11 -8.59 2.97 0.87 1.02 1.18 1.24 -1.51 -0.49 0.58 -2.09 0.78 0.45 -11.58 2.23 -0.07 22.5 0.62 0.26 8.95 0 -0 0 -92.67 11.37 23.93 20.37 -31.08 -5.72 -0 -0 14.31 3.57 -25.11 -1.52 -7.12 0 -0 -15.77 5.6 14.74 0 -0 0 90.51 -17.22 24.55 -22.23 33.23 -6.71 0 0 20.97 -7.05 -26.04 3.11 7.12 -0 -0 24.03 -54.54 -5.88
-0.74 18.66 5.94 -5.51 -5.48 0.69 0 0 0 -9.49 -7.51 -1.97 1.69 8.19 23.28 1.87 4.4 -27.72 8.2 -16.26 -53.26 0 0 0 18.93 -3.37 7 0 -0 0 -0.52 -0.48 -13.77 -0.23 3.12 -8.61 3.04 0.87 0.97 1.16 1.25 -1.49 -0.55 0.58 -2.04 0.8 0.45 -11.62 2.16 -0.06 22.49 0.59 0.26 8.96 -0 0 0 -92.64 11.38 23.98 20.37 -31.08 -5.72 -0 -0 14.33 3.55 -25.16 -1.51 -7.12 0 -0 -15.79 5.56 14.77 -0 0 0 90.51 -17.14 24.55 -22.24 33.24 -6.72 0 0 20.93 -6.98 -26.09 3.08 7.12 -0 -0 24.12 -54.57 -5.93
-0.74 18.66 5.94 -5.54 -5.46 0.6 0 0 0 -9.46 -7.45 -1.91 1.69 8.19 23.31 1.87 4.36 -27.69 8.23 -16.29 -53.38 0 0 0 18.95 -3.42 7.09 0 0 -0 -0.52 -0.49 -13.77 -0.24 3.16 -8.73 3.04 0.85 1.05 1.19 1.22 -1.44 -0.52 0.57 -2.02 0.82 0.44 -11.55 2.1 -0.07 22.27 0.57 0.25 8.86 -0 -0 0 -92.41 11.59 25 20.75 -31.53 -5.92 -0 -0 13.56 3.39 -24.66 -1.41 -7.12 0 -0 -15.89 6.05 14.71 -0 -0 0 90.28 -17.33 25.49 -22.79 33.86 -7.02 0 0 20.13 -6.63 -26.41 2.96 7.12 -0 -0 24.67 -54.79 -6.21
-0.74 18.66 5.94 -5.55 -5.44 0.49 0 0 0 -9.46 -7.43 -1.82 1.7 8.2 23.33 1.87 4.31 -27.68 8.22 -16.28 -53.36 0 0 0 18.95 -3.47 7.18 0 -0 0 -0.52 -0.5 -13.78 -0.25 3.21 -8.87 3.12 0.83 1.2 1.2 1.19 -1.31 -0.55 0.56 -1.98 0.54 0.41 -11.53 2.31 -0.08 21.92 0.68 0.24 8.74 0 0 0 -91.77 11.83 27.64 21.69 -32.63 -6.42 -0 -0 11.62 3.39 -23.83 -1.37 -7.12 0 -0 -15.89 6.85 14.47 0 0 0 89.7 -18.05 28.22 -24.63 35.82 -8.07 0 0 16.71 -5.59 -27.31 2.57 7.12 -0 -0 26.28 -55.4 -7.06
-0.74 18.66 5.92 -5.57 -5.53 0.4 0 0 0 -9.46 -7.35 -1.8 1.7 8.21 23.34 1.86 4.38 -27.61 8.23 -16.28 -53.38 0 0 0 18.96 -3.39 7.23 0 0 -0 -0.51 -0.55 -13.75 -0.24 3.16 -8.73 3.17 0.79 1.5 1.24 1.15 -1.09 -0.54 0.54 -1.92 0.59 0.35 -11.51 1.78 -0.05 21.29 0.49 0.2 8.52 -0 0 0 -90.87 12.06 31.58 23.35 -34.47 -7.34 -0 -0 8.16 2.41 -24.58 -1 -7.12 0 -0 -16.47 6.2 15.25 -0 0 0 88.42 -18.52 32.95 -27.26 38.42 -9.66 0 0 12.45 -4.18 -27.61 1.94 7.12 -0 -0 27.86 -55.39 -7.53
-0.73 18.66 5.89 -5.63 -5.58 0.25 0 0 0 -9.38 -7.28 -1.78 1.71 8.23 23.42 1.86 4.31 -27.57 8.18 -16.25 -53.2 0 0 0 19.04 -3.37 7.32 0 0 -0 -0.51 -0.67 -13.72 -0.27 3.33 -9.2 3.27 0.72 2.16 1.29 1.08 -0.86 -0.55 0.5 -2.06 0.12 0.19 -11.64 1.86 -0.19 20.63 0.58 0.1 8.32 -0 0 0 -90.21 11.95 34.7 25.26 -36.47 -8.44 -0 -0 4.45 2.86 -24.76 -1.2 -7.12 0 -0 -16.2 6 15.05 -0 0 0 87.05 -18.88 37.47 -30.24 41.1 -11.57 0 0 8.68 -7.15 -25.65 3.11 7.12 -0 -0 23.68 -54.19 -5.59
-0.73 18.66 5.84 -5.7 -5.61 -0.01 0 0 0 -9.18 -6.7 -1.98 1.73 8.28 23.56 1.81 3.99 -27.08 8.24 -16.3 -53.43 0 0 0 19.12 -3.39 7.46 0 0 -0 -0.5 -0.77 -13.66 -0.27 3.35 -9.24 3.27 0.65 3.08 1.33 1.01 -0.47 -0.51 0.47 -2.18 -0.62 -0.47 -11.86 2.04 -0.97 19.74 0.68 -0.31 8.08 0 0 0 -88.97 11.76 38.06 27.89 -39.01 -10.05 -0 0 -2.98 4.51 -26.28 -2 -7.12 0 -0 -15.21 4.4 14.53 0 0 0 84.92 -19.02 42.41 -34.1 44.16 -14.18 0 0 4.93 -6.59 -25.2 2.82 7.12 -0 -0 23.94 -53.68 -5.35
-0.73 18.66 5.78 -5.72 -5.52 -0.29 0 0 0 -9.05 -6.25 -2.17 1.75 8.32 23.68 1.75 3.8 -26.56 8.31 -16.34 -53.68 0 0 0 19.15 -3.52 7.55 0 0 -0 -0.49 -0.87 -13.59 -0.26 3.28 -9.06 3.31 0.54 4.14 1.31 0.91 -0.05 -0.56 0.42 -2.34 -1.88 -1.35 -11.72 2.78 -2.05 18.45 1.02 -0.85 7.66 0 0 0 -86.01 11.59 40.99 32.73 -43.12 -13.24 -0 0 -12.6 1.73 -23.32 -0.69 -7.12 0 -0 -16.91 7.45 15.27 0 0 0 81.43 -18.5 46.99 -38.92 47.41 -17.64 0 0 0.73 -5.46 -25.13 2.32 7.12 -0 -0 24.98 -53.42 -5.44
-0.75 18.66 5.7 -5.92 -4.87 -0.58 0 0 0 -8.46 -5.67 -2.64 1.77 8.36 23.81 1.65 3 -25.48 8.41 -16.41 -54.02 0 0 0 19.48 -4.22 7.53 0 -0 0 -0.49 -0.92 -13.57 -0.23 3.06 -8.45 2.99 0.28 5.74 1.5 0.61 0.32 -0.18 0.27 -2.88 -3.13 -2.22 -11.68 3.41 -3.09 17.31 1.33 -1.38 7.34 -0 -0 0 -82.38 9.96 39.5 37.6 -46.58 -16.68 -0 0 -21.44 -2.5 -20.52 0.88 -7.12 0 -0 -19.6 10.32 16.82 -0 -0 0 77.24 -17.12 48.28 -44.4 50.47 -21.78 0 -0 -5.27 -2.13 -24.79 0.89 7.12 -0 -0 27.9 -52.53 -5.52
-0.75 18.66 5.61 -5.85 -5.11 -0.57 0 0 0 -8.42 -5.35 -3.14 1.79 8.41 23.97 1.6 3.03 -25.16 8.47 -16.45 -54.23 0 0 0 19.47 -3.89 7.3 0 -0 0 -0.46 -1.24 -13.34 -0.26 3.26 -9 2.68 0.28 6.79 1.5 0.61 0.95 -0.01 0.28 -2.81 -3.86 -3.52 -12.58 3.24 -4.64 16.38 1.23 -2.18 7.26 0 -0 0 -77.75 5.77 33.65 40.11 -48.14 -18.52 -0 0 -30.53 -3.25 -17.12 0.96 -7.12 0 -0 -20.35 13.53 16.09 0 -0 0 72.08 -12.48 44.46 -47.48 51.93 -24.17 0 -0 -12.01 4.95 -27.75 -2.31 7.12 -0 -0 36.47 -53.79 -8.78
-0.74 18.67 5.54 -5.55 -5.59 -0.1 0 0 0 -8.62 -4.73 -4.3 1.83 8.49 24.22 1.56 2.94 -24.78 8.46 -16.45 -54.21 0 0 0 19.18 -3.14 6.63 0 -0 0 -0.42 -1.76 -13.07 -0.34 3.76 -10.41 2.12 0.32 7.21 1.49 0.63 1.36 0.29 0.3 -2.63 -4.78 -4.64 -13.23 3.71 -6.01 15.16 1.38 -2.84 7.08 0 -0 0 -70.08 0.61 23.93 40.15 -48.16 -18.55 -0 0 -36.78 -4.26 -17.55 1.29 -7.12 0 -0 -20.93 13.15 16.81 0 -0 0 64.28 -5.99 34.39 -46.99 51.71 -23.79 0 -0 -17.97 14.48 -29.3 -7.2 7.12 -0 -0 46.1 -53.23 -11.22
-0.73 18.66 5.51 -5.43 -5.96 -0.01 0 0 0 -8.74 -4.33 -4.67 1.86 8.56 24.43 1.53 2.98 -24.61 8.49 -16.47 -54.32 0 0 0 19.03 -2.71 6.49 0 -0 0 -0.4 -2.09 -12.92 -0.39 4.01 -11.1 1.98 0.31 7.71 1.37 0.61 1.43 0.24 0.29 -2.84 -5.67 -5.53 -13.89 4.61 -7.15 14.83 1.67 -3.35 7.2 -0 -0 0 -56.44 -3.67 11 37.97 -46.82 -16.94 -0 0 -41.08 -4.89 -15.65 1.32 -7.12 0 -0 -21.53 14.93 16.48 -0 -0 0 52.01 1.49 18.39 -38.92 47.42 -17.64 0 -0 -26.37 10.96 -27.23 -5.06 7.12 -0 -0 41.38 -52.29 -8.64
-0.73 18.66 5.62 -5.47 -5.92 -0.3 0 0 0 -8.82 -4.37 -3.69 1.81 8.45 24.09 1.6 2.82 -25.03 8.42 -16.42 -54.05 0 0 0 18.99 -2.97 7.15 0 0 -0 -0.43 -1.75 -13.15 -0.34 3.75 -10.38 1.78 0.25 6.76 1.34 0.49 1.35 0.34 0.23 -2.39 -7.11 -6.65 -14.65 5.69 -8.56 15.28 2.06 -3.99 7.67 -0 0 0 -41.39 -8.4 -11.06 32.17 -42.68 -12.86 -0 0 -47.88 5.71 -15.04 -1.49 -7.12 0 -0 -14.72 15.19 10.72 -0 0 0 40.68 8.8 -11.42 -29.17 40.17 -10.87 0 -0 -36.91 -1.51 -30.45 0.76 7.12 -0 -0 32.64 -57.29 -10.59
-0.75 18.64 5.82 -5.77 -5.2 -1.19 0 0 0 -8.76 -5.02 -1.48 1.73 8.28 23.56 1.69 2.8 -25.68 8.36 -16.37 -53.83 0 0 0 19.17 -4.24 8.64 0 0 -0 -0.49 -1 -13.61 -0.31 3.59 -9.94 1.78 0.03 7.07 1.48 0.24 0.14 0.5 0.1 -3.82 -8.77 -7.74 -15.62 6.6 -9.86 16.59 2.42 -4.59 8.51 0 0 0 -29.69 -16.48 -46.48 27.01 -38.19 -9.5 -0 0 -47.37 12.34 -16.72 -3.6 -7.12 0 -0 -10.29 13.09 7.82 0 0 0 30.1 12.87 -42.87 -26.1 37.31 -8.95 0 -0 -46.58 -4.68 -29.95 2.34 7.12 -0 -0 29.14 -57.53 -9.48
-0.76 18.59 6 -6 -4.76 -3.4 0 0 0 -8.88 -5.12 1.87 1.7 8.22 23.38 1.8 2.67 -26.44 8.39 -16.4 -53.97 0 0 0 19.13 -5.7 11.53 0 0 -0 -0.55 -0.19 -14.12 -0.28 3.4 -9.39 1.55 -0.35 9.27 1.64 -0.19 -0.96 0.87 -0.12 -6.22 -9.88 -7.89 -15.84 7.63 -9.99 16.39 2.92 -4.61 8.61 -0 0 0 -17.14 -17.91 -65.68 23.85 -35.01 -7.62 -0 0 -40.25 11.12 -16.86 -3.26 -7.12 0 -0 -11.09 13.05 8.46 -0 0 0 20.13 9.75 -50.5 -24.99 36.19 -8.28 0 -0 -46.46 -3.3 -31.88 1.75 7.12 -0 -0 32.16 -58.88 -11.67
-0.77 18.55 6.22 -6.16 -4.71 -3.9 0 0 0 -9.19 -6.11 3.64 1.73 8.29 23.59 2.04 2.87 -28.14 8.31 -16.34 -53.68 0 0 0 19.14 -6.16 12.76 0 0 -0 -0.6 0.37 -14.51 -0.28 3.39 -9.37 1.68 -0.48 9.35 1.64 -0.31 -2.33 0.83 -0.19 -7.72 -10.01 -8.18 -17.63 7.27 -10.18 17.51 2.72 -4.7 9.31 -0 0 0 -10.49 -14.72 -64.94 25.32 -36.53 -8.48 -0 0 -47.71 13.11 -17.34 -3.97 -7.12 0 -0 -9.78 12.4 7.56 -0 0 0 15.35 4.75 -49.4 -28.53 39.6 -10.46 0 -0 -52.25 -3.49 -30.33 1.76 7.12 -0 -0 30.63 -57.61 -10.08
-0.78 18.49 6.42 -6.04 -5.01 -4.61 0 0 0 -9.76 -6.27 5.42 1.76 8.35 23.77 2.24 3 -29.47 8.28 -16.32 -53.57 0 0 0 18.82 -6.34 14.29 0 0 -0 -0.65 0.88 -14.94 -0.28 3.41 -9.41 1.31 -0.57 7.82 1.8 -0.5 -2.81 1.23 -0.26 -7.34 -10.2 -8.09 -17.89 6.91 -9.9 17.51 2.67 -4.61 9.32 0 -0 0 -5.85 -13.35 -65.96 26.47 -37.67 -9.18 -0 0 -52.67 14.68 -18.31 -4.7 -7.12 0 -0 -8.77 11.27 6.97 0 -0 0 10.69 4.67 -53.27 -29.6 40.55 -11.15 0 -0 -53.67 -4.48 -29.95 2.24 7.12 -0 -0 29.34 -57.49 -9.52
-0.8 18.43 6.6 -5.92 -4.91 -5.51 0 0 0 -10.07 -5.98 6.8 1.81 8.47 24.14 2.38 2.69 -30.19 8.37 -16.39 -53.89 0 0 0 18.46 -6.93 15.85 0 0 -0 -0.68 1.46 -15.19 -0.24 3.14 -8.67 1.31 -0.66 7.42 1.7 -0.61 -4.01 1.15 -0.32 -8.4 -10.38 -8.09 -17.81 6.13 -9.76 18.81 2.44 -4.64 9.72 0 0 0 -2.44 -13.19 -65.65 26.79 -37.98 -9.37 -0 0 -54.52 12.72 -17.86 -3.96 -7.12 0 -0 -10.05 11.91 7.88 0 0 0 7.55 4.41 -54.08 -30.36 41.2 -11.64 0 -0 -54.98 -4.96 -29.71 2.46 7.12 -0 -0 28.68 -57.39 -9.21
-0.8 18.37 6.76 -5.91 -4.86 -6.55 0 0 0 -10.36 -5.72 8.35 1.86 8.58 24.48 2.5 2.46 -30.82 8.46 -16.45 -54.2 0 0 0 18.16 -7.51 17.52 0 -0 0 -0.71 1.89 -15.44 -0.27 3.32 -9.16 1.54 -0.76 6.61 1.62 -0.73 -4.64 0.95 -0.39 -8.61 -10.42 -8.11 -17.83 5.29 -9.64 19.68 2.17 -4.69 9.98 0 -0 0 -0.81 -12.18 -61.25 27.93 -39.05 -10.08 -0 0 -58.28 13.92 -17.88 -4.35 -7.12 0 -0 -9.26 11.77 7.27 0 -0 0 5.67 5.35 -54.74 -31.45 42.1 -12.37 0 -0 -55.95 -4.84 -29.64 2.4 7.12 -0 -0 28.75 -57.3 -9.17
-0.79 18.32 6.89 -5.76 -4.77 -7.65 0 0 0 -10.82 -5.49 9.99 1.88 8.62 24.6 2.61 2.29 -31.4 8.45 -16.44 -54.18 0 0 0 17.71 -8.07 19.14 0 0 -0 -0.75 2.2 -15.79 -0.31 3.57 -9.86 1.62 -0.74 5.56 1.47 -0.74 -4.5 0.73 -0.4 -7.85 -10.1 -8.46 -18.9 4.52 -9.92 19.79 1.77 -4.86 10.18 -0 0 0 0.12 -12.45 -59.64 28.82 -39.86 -10.65 -0 0 -60.53 15.01 -18.16 -4.78 -7.12 0 -0 -8.55 11.38 6.77 -0 0 0 4.07 6.34 -55.87 -32.23 42.73 -12.9 0 -0 -56.88 -5.98 -29.74 2.98 7.12 -0 -0 27.7 -57.62 -9.02
-0.79 18.29 7 -5.72 -4.7 -8.43 0 0 0 -10.86 -4.92 10.93 1.9 8.66 24.74 2.64 1.95 -31.49 8.46 -16.45 -54.21 0 0 0 17.45 -8.49 20.32 0 -0 0 -0.77 2.32 -15.94 -0.31 3.56 -9.85 1.73 -0.76 4.76 1.47 -0.77 -4.73 0.66 -0.43 -7.63 -10.06 -8.6 -19.28 4.13 -9.98 19.87 1.6 -4.92 10.25 0 0 0 0.57 -12.88 -58.48 28.91 -39.94 -10.7 -0 0 -61.06 15.31 -18.19 -4.89 -7.12 0 -0 -8.35 11.32 6.62 0 0 0 3.15 7.15 -55.3 -32.87 43.23 -13.33 0 -0 -57.2 -6.08 -28.99 2.96 7.12 -0 -0 27.02 -56.99 -8.35
-0.79 18.26 7.08 -5.63 -4.76 -9.09 0 0 0 -11 -4.45 11.79 1.92 8.7 24.85 2.67 1.8 -31.62 8.5 -16.47 -54.34 0 0 0 17.19 -8.71 21.32 0 0 -0 -0.79 2.45 -16.13 -0.33 3.7 -10.24 1.69 -0.76 4.12 1.5 -0.8 -4.86 0.7 -0.44 -7.4 -9.98 -8.58 -19.35 3.82 -9.89 19.62 1.49 -4.91 10.15 0 -0 0 0.77 -13.2 -57.07 28.86 -39.89 -10.67 -0 0 -60.91 15.89 -18.32 -5.11 -7.12 0 -0 -7.97 11.12 6.35 0 -0 0 2.66 7.67 -54.04 -33.73 43.88 -13.93 0 -0 -57.3 -6.6 -29.6 3.27 7.12 -0 -0 26.98 -57.63 -8.77
-0.79 18.23 7.14 -5.66 -4.82 -9.32 0 0 0 -11.1 -4.44 12.31 1.93 8.71 24.9 2.74 1.9 -32.04 8.55 -16.51 -54.5 0 0 0 17.15 -8.8 21.81 0 0 -0 -0.81 2.65 -16.35 -0.32 3.66 -10.12 1.74 -0.74 3.23 1.53 -0.79 -4.95 0.69 -0.43 -6.97 -9.66 -8.29 -19.63 3.53 -9.48 19.59 1.4 -4.72 10.12 -0 -0 0 1 -13.61 -55.75 28.98 -40 -10.75 -0 0 -60.65 16.08 -18.38 -5.2 -7.12 0 -0 -7.85 11.04 6.26 -0 -0 0 2.44 7.41 -51.43 -34.83 44.69 -14.69 0 -0 -55.21 -6.66 -28.98 3.24 7.12 -0 -0 26.44 -57.1 -8.23
-0.8 18.22 7.19 -5.64 -5.05 -9.5 0 0 0 -11.22 -4.33 12.78 1.92 8.7 24.85 2.79 2.03 -32.39 8.54 -16.5 -54.5 0 0 0 17.12 -8.67 22.19 0 -0 0 -0.82 2.74 -16.41 -0.33 3.67 -10.16 1.62 -0.65 2.56 1.54 -0.7 -4.9 0.75 -0.38 -6.53 -8.75 -7.51 -20.23 3.47 -8.59 19.93 1.36 -4.25 10.24 0 -0 0 1.48 -14 -53.32 29.12 -40.12 -10.84 -0 0 -59.72 16.21 -19.18 -5.46 -7.12 0 -0 -7.8 10.21 6.35 0 -0 0 2.65 6.34 -46.46 -36.49 45.85 -15.87 0 -0 -51.03 -6.38 -27.43 2.95 7.12 -0 -0 25.6 -55.66 -7.03
-0.8 18.21 7.2 -5.63 -5.18 -9.8 0 0 0 -11.19 -4.05 13.15 1.91 8.68 24.8 2.8 1.95 -32.4 8.54 -16.5 -54.48 0 0 0 17.08 -8.66 22.58 0 -0 0 -0.82 2.7 -16.42 -0.35 3.81 -10.54 1.46 -0.66 2.06 1.71 -0.72 -4.79 1.01 -0.38 -6.12 -7.5 -6.17 -20.57 3.38 -7.09 20.66 1.36 -3.47 10.41 -0 0 0 0.76 -14.76 -49.09 29.8 -40.72 -11.28 -0 0 -56.89 15.63 -19.88 -5.44 -7.12 0 -0 -8.2 9.56 6.8 -0 0 0 3.37 5.66 -39.66 -39.6 47.83 -18.14 0 -0 -47.23 -6.76 -27.01 3.08 7.12 -0 -0 24.93 -55.35 -6.64
-0.8 18.21 7.21 -5.7 -5.37 -9.98 0 0 0 -11.11 -3.84 13.4 1.9 8.65 24.72 2.78 2.18 -32.4 8.62 -16.55 -54.75 0 0 0 17.16 -8.55 22.83 0 0 0 -0.82 2.73 -16.43 -0.35 3.8 -10.51 1.57 -0.63 1.14 1.8 -0.69 -4.66 1.02 -0.37 -5.46 -5.85 -4.69 -20.96 3.24 -5.54 22.11 1.28 -2.64 10.86 0 -0 0 -1.75 -15.85 -41.4 31.32 -42 -12.28 -0 0 -52.64 16.18 -21.15 -5.98 -7.12 0 -0 -7.91 8.21 6.76 0 -0 0 4.81 4.37 -30.04 -43.6 50.06 -21.16 0 -0 -41 -3.72 -25.48 1.6 7.12 -0 -0 26.85 -53.42 -5.9
-0.8 18.21 7.21 -5.61 -5.51 -10.21 0 0 0 -11.08 -3.39 13.59 1.88 8.61 24.58 2.78 1.84 -32.23 8.55 -16.51 -54.53 0 0 0 17.02 -8.46 23.08 0 0 -0 -0.83 2.74 -16.46 -0.37 3.88 -10.74 1.64 -0.6 0.03 1.87 -0.69 -4.55 1.04 -0.37 -4.71 -3.98 -3.24 -20.75 2.95 -4.09 23.4 1.1 -1.85 11.17 -0 -0 0 -6.34 -16.03 -29.99 34.44 -44.4 -14.42 -0 0 -49.74 13 -22.14 -4.97 -7.12 0 -0 -9.96 7.6 8.69 -0 -0 0 7.03 3.87 -18.78 -48.18 52.23 -24.72 0 -0 -34.58 -1.99 -23.99 0.81 7.12 -0 -0 27.53 -51.8 -4.92
-0.79 18.21 7.22 -5.55 -5.8 -10.45 0 0 0 -11.23 -3.2 14.02 1.85 8.55 24.39 2.8 2.03 -32.45 8.58 -16.53 -54.62 0 0 0 16.94 -8.24 23.41 0 0 -0 -0.82 2.72 -16.37 -0.35 3.8 -10.52 1.83 -0.51 -1.33 1.97 -0.61 -4.36 1.02 -0.33 -3.74 -2.94 -2.24 -20.18 3.48 -3.22 24.27 1.27 -1.29 11.34 -0 0 0 -13.85 -13.78 -14.03 40.59 -48.41 -18.88 -0 0 -45.76 10.85 -24.73 -4.59 -7.12 0 -0 -11.38 5.27 10.5 -0 0 0 10.51 4.8 -7.16 -51.52 53.59 -27.39 0 -0 -26.24 -0.96 -23.33 0.38 7.12 -0 -0 28.08 -51.05 -4.49
-0.74 18.22 7.21 -5.14 -6.93 -11.06 0 0 0 -11.64 -1.85 14.56 1.8 8.43 24.04 2.73 2.4 -32.18 8.59 -16.54 -54.65 0 0 0 16.51 -7.16 24.1 0 -0 0 -0.8 2.27 -16.28 -0.41 4.13 -11.43 2.53 -0.24 -1.92 1.85 -0.28 -4.11 0.48 -0.19 -3.15 -1.56 -1.36 -19.34 3.75 -2.54 25.05 1.25 -0.82 11.44 -0 -0 0 -21.7 -7.1 5.16 51.41 -53.55 -27.3 -0 0 -40.49 8.4 -27.6 -3.91 -7.12 0 -0 -12.95 2.73 12.65 -0 -0 0 16.41 2.99 7.48 -57.86 55.71 -32.57 0 -0 -20.12 -0.32 -20.42 0.11 7.12 -0 -0 27.06 -48.38 -2.42
-0.73 18.2 7.23 -5 -7.47 -11.76 0 0 0 -11.37 -0.47 15.1 1.77 8.37 23.85 2.68 2.06 -31.77 8.65 -16.58 -54.88 0 0 0 16.35 -6.83 25 0 -0 0 -0.81 2.17 -16.4 -0.43 4.23 -11.71 2.8 -0.19 -2.99 1.79 -0.27 -3.4 0.26 -0.18 -1.82 -0.46 -0.64 -18.8 4.76 -2.21 25.93 1.5 -0.43 11.66 -0 0 0 -27.98 2.14 26 65.1 -57.52 -38.62 -0 0 -30.91 7.05 -30 -3.54 -7.12 0 -0 -13.82 0.55 14.1 -0 0 0 23.55 -1.56 23.72 -64.78 57.46 -38.35 0 -0 -11.18 -0.3 -18.97 0.1 7.12 -0 -0 26.37 -47.08 -1.45
-0.74 18.16 7.28 -5.4 -7.24 -12.77 0 0 0 -10.46 0.33 16.03 1.79 8.41 23.96 2.64 1.27 -31.21 8.76 -16.65 -55.25 0 0 0 16.56 -7.54 26.26 0 0 -0 -0.84 2.49 -16.62 -0.43 4.2 -11.65 3.11 -0.24 -4.16 1.88 -0.45 -1.94 0.17 -0.24 0.33 0.49 -0.16 -17.92 5.47 -2.03 26.15 1.63 -0.17 11.57 -0 0 0 -29.78 12.65 49.92 83.11 -59.82 -54.04 -0 0 -19.87 0.65 -35.06 -0.38 -7.12 0 -0 -17.48 -3.68 19.47 -0 0 0 26.98 -10.56 43.27 -75.72 59.21 -47.66 0 -0 -0.2 -0.14 -14.12 0.03 7.12 -0 -0 24.43 -42.68 1.49
-0.74 18.13 7.36 -5.15 -7.45 -13.35 0 0 0 -10.5 1.14 16.77 1.77 8.37 23.84 2.67 0.97 -31.29 8.81 -16.69 -55.45 0 0 0 16.16 -7.5 27.18 0 0 -0 -0.83 2.72 -16.53 -0.44 4.25 -11.77 2.82 -0.08 -4.83 2.07 -0.3 -0.79 0.52 -0.14 1.89 1.05 0.47 -16.18 6.47 -1.58 26.92 1.98 0.21 11.52 -0 -0 0 -29.85 23.83 73.49 103.32 -59.32 -71.51 -0 0 -5.68 -5.17 -43.64 3.58 -7.12 0 -0 -20.58 -11.4 25.78 -0 -0 0 24.42 -21.65 66.84 -94.94 59.91 -64.28 0 0 14.04 -0.76 -6.88 0.09 7.12 -0 -0 21.59 -36.06 5.04
-0.73 18.08 7.45 -5.35 -7.14 -14.03 0 0 0 -9.91 1.89 17.29 1.83 8.5 24.25 2.67 0.03 -31.02 8.89 -16.74 -55.71 0 0 0 16.02 -8.11 28.21 0 -0 0 -0.86 2.89 -16.82 -0.52 4.6 -12.77 3.36 0.31 -4.67 2.1 0.17 0.1 0.29 0.12 2.73 2.27 0.81 -13.74 6.74 -1.39 26.76 1.87 0.42 10.97 -0 0 0 -31.47 34.37 89.83 116.47 -57.18 -82.71 -0 0 -4.83 -4.74 -49.47 3.61 -7.12 0 -0 -20.68 -16.94 27.3 -0 0 0 23 -35.47 87.77 -112.85 57.93 -79.65 0 0 18.42 -5.52 -2.09 0.2 7.12 -0 -0 16.77 -31.77 5.64
-0.71 18.06 7.47 -4.83 -6.57 -14.57 0 0 0 -9.96 2.82 17.16 1.86 8.57 24.45 2.58 -0.68 -30.26 9.04 -16.83 -56.22 0 0 0 15.13 -8.62 28.72 0 0 -0 -0.86 2.88 -16.75 -0.51 4.58 -12.72 3.58 0.82 -3.59 1.95 0.88 0.6 0.05 0.48 2.65 3.91 1.87 -11.99 6.82 -0.09 25.71 1.74 1.13 10.22 0 -0 0 -37.54 39.73 94.48 118.34 -56.74 -84.28 -0 0 -9.62 2.76 -50.7 -2.14 -7.12 0 -0 -17.62 -18.78 23.25 0 -0 0 27.6 -47.06 97.95 -119.01 56.57 -84.84 0 0 17.27 -15.77 -1.43 0.4 7.12 -0 -0 8.62 -31.39 2.9
-0.71 18.06 7.46 -4.49 -5.34 -14.5 0 0 0 -10.26 2.49 16.76 1.86 8.57 24.47 2.51 -1.18 -29.68 9.08 -16.86 -56.36 0 0 0 14.42 -9.65 28.45 0 -0 0 -0.86 2.98 -16.74 -0.53 4.65 -12.91 3.61 0.87 -3.17 1.96 0.96 0.89 0.05 0.52 2.72 5.22 3.47 -13.85 6.99 1.78 24.28 1.81 2.13 10.06 0 -0 0 -41.25 38.8 92.26 114.28 -57.65 -80.87 -0 0 -14.11 4.66 -52.77 -3.71 -7.12 0 -0 -17.13 -20.97 22.92 0 -0 0 38.62 -52.18 91.41 -116.38 57.2 -82.63 0 0 9.71 -24.78 -6.72 3.09 7.12 -0 -0 1.69 -37.37 0.32
-0.69 18.1 7.51 -3.86 -4.62 -13.01 0 0 0 -11.03 2.07 15.32 1.81 8.47 24.14 2.47 -1.43 -29.38 9.13 -16.89 -56.55 0 0 0 13.75 -9.78 26.9 0 0 -0 -0.86 3.09 -16.79 -0.53 4.66 -12.95 3.21 0.82 -4.12 2.07 0.88 0.25 0.38 0.47 2.58 6.96 5.24 -16.91 5.97 3.93 21.75 1.47 3.11 9.78 -0 -0 0 -38.83 33.22 97.88 112.75 -57.95 -79.57 -0 0 -18.15 7.81 -53.37 -6.28 -7.12 0 -0 -15.95 -21.97 21.39 -0 -0 0 35.81 -49.1 95.83 -115.91 57.3 -82.23 0 0 5.97 -26.59 -7.51 3.74 7.12 -0 -0 0.19 -38.37 0.03
-0.71 18.17 7.5 -4.16 -4.11 -11.65 0 0 0 -9.69 2.78 13.04 1.87 8.59 24.51 2.13 -3.29 -26.76 9.04 -16.84 -56.24 0 0 0 14.27 -10.02 25.4 0 -0 0 -0.8 2.71 -16.17 -0.46 4.37 -12.11 3.44 0.42 -4.31 2.47 0.33 -0.22 0.63 0.19 2.19 8.44 7.21 -18.92 5.71 6.25 18.13 1.43 4.16 8.94 -0 0 0 -38.09 28.7 101.12 109.94 -58.44 -77.18 -0 0 -20.14 9.74 -53.5 -7.86 -7.12 0 -0 -15.2 -22.4 20.38 -0 0 0 31.94 -43.81 102.06 -115.27 57.44 -81.7 0 0 2.72 -28.16 -8.77 4.66 7.12 -0 -0 -1.1 -39.9 -0.14
-0.71 18.33 7.44 -4.05 -4.19 -10.57 0 0 0 -9.12 3.49 10.89 1.91 8.68 24.79 1.53 -3.46 -22.54 9.07 -16.85 -56.33 0 0 0 14.39 -9.48 23.84 0 -0 0 -0.56 0.38 -14.07 -0.38 3.98 -11.03 3.8 0.5 -3.59 2.69 0.46 -0.2 0.66 0.25 1.81 10.11 9.21 -19.65 5.34 8.53 16.94 1.37 5.25 8.78 -0 -0 0 -38.59 25.64 102.49 107.21 -58.85 -74.84 -0 0 -21.07 10.8 -54.27 -8.8 -7.12 0 -0 -14.94 -23.29 20.12 -0 -0 0 31.17 -41.99 103.87 -114.33 57.64 -80.91 0 0 2.07 -29.88 -8.98 5.12 7.12 -0 -0 -2.61 -40.3 -0.3
-0.72 18.48 7.34 -4.11 -3.75 -10.74 0 0 0 -8.54 3.65 10.22 1.95 8.76 25.06 1.09 -3.36 -18.91 9.03 -16.83 -56.21 0 0 0 14.29 -9.79 23.45 0 0 -0 -0.34 -1.81 -11.82 -0.22 3 -8.29 4.53 0.36 -2.14 2.88 0.32 0.19 0.43 0.18 1.41 10.68 9.89 -18.04 5.47 9.41 19.43 1.48 5.8 9.42 -0 0 0 -38.1 24.53 103.59 106.82 -58.9 -74.51 -0 0 -21.95 12.18 -54.46 -9.96 -7.12 0 -0 -14.43 -23.7 19.46 -0 0 0 30.75 -42.25 104.31 -114.83 57.54 -81.33 0 0 2.14 -30.73 -9.36 5.52 7.12 -0 -0 -3.35 -40.81 -0.35
-0.73 18.52 7.21 -4.25 -3.27 -11.34 0 0 0 -7.92 4.1 9.88 1.99 8.84 25.29 0.91 -3.61 -17.22 9.14 -16.9 -56.57 0 0 0 14.25 -10.28 23.54 0 -0 0 -0.24 -2.62 -10.56 -0.21 2.92 -8.05 5.1 0.18 -0.37 3.21 0.15 1.12 0.44 0.11 1.37 11.8 9.56 -15.13 4.37 9.22 23.39 0.92 5.81 10.44 -0 0 0 -38.45 24.03 102.97 106.62 -58.93 -74.35 -0 0 -22.04 11.68 -54.66 -9.57 -7.12 0 -0 -14.68 -23.8 19.82 -0 0 0 30.61 -41.9 103.64 -115.81 57.33 -82.15 0 0 2.4 -31.12 -9.46 5.66 7.12 -0 -0 -3.69 -40.96 -0.37
-0.76 18.45 7.09 -4.5 -3.33 -11.98 0 0 0 -7.69 3.92 10.4 1.98 8.83 25.27 1.08 -3.96 -18.69 9.13 -16.89 -56.54 0 0 0 14.74 -10.49 23.95 0 -0 0 -0.37 -1.42 -12.15 -0.15 2.49 -6.87 5.77 0.18 0.69 3.5 0.15 2.3 0.38 0.14 1.99 11.3 8.29 -11.56 5.31 7.66 28.27 1.11 5.33 11.48 0 0 0 -39.51 24.39 101.71 105.66 -59.05 -73.52 -0 0 -21.92 13.8 -56.25 -11.54 -7.12 0 -0 -14.25 -25.67 19.42 0 0 0 30.51 -40.61 103.58 -116.87 57.09 -83.05 0 0 2.43 -32.31 -10.29 6.45 7.12 -0 -0 -4.75 -42.06 -0.35
-0.79 18.35 7 -4.52 -3.71 -12.2 0 0 0 -7.96 3.49 11.1 1.91 8.67 24.76 1.44 -3.98 -21.7 9.29 -16.99 -57.1 0 0 0 15.1 -10.25 24.09 0 0 -0 -0.61 0.66 -14.55 -0.18 2.7 -7.45 6.15 0.21 0.73 3.64 0.12 3.44 0.32 0.17 3.15 10.65 7 -8.2 5.97 6.07 32.03 1.23 4.74 12.19 0 0 0 -41.3 25.86 99.08 105.04 -59.13 -72.99 -0 0 -21.41 15.97 -58.15 -13.66 -7.12 0 -0 -13.97 -27.84 19.25 0 0 0 30.21 -38.54 103.8 -117.94 56.83 -83.94 0 0 2.2 -33.42 -11.13 7.26 7.12 -0 -0 -5.75 -43.17 -0.26
-0.82 18.28 6.92 -4.52 -4.14 -11.87 0 0 0 -8.77 2.1 11.52 1.82 8.49 24.2 1.78 -2.67 -24.53 9.21 -16.94 -56.8 0 0 0 15.34 -9.73 23.7 0 0 -0 -0.73 2.43 -15.45 -0.27 3.34 -9.23 6.37 0.33 0.34 3.78 0.15 4.49 0.36 0.24 4.48 9.75 6.03 -8.07 5.96 4.81 32.41 1.21 4.08 12.24 -0 -0 0 -42.7 26.61 96.74 105.18 -59.11 -73.11 -0 0 -20.93 17.51 -60.14 -15.31 -7.12 0 -0 -14.06 -29.97 19.56 -0 -0 0 30.47 -37.55 103.37 -118.17 56.78 -84.13 0 0 2.36 -34.76 -11.23 7.7 7.12 -0 -0 -7 -43.46 -0.27
-0.83 18.3 6.89 -4.74 -4.09 -10.87 0 0 0 -9.51 0.03 11.14 1.8 8.44 24.05 1.94 -1.01 -26.1 9.05 -16.84 -56.26 0 0 0 15.79 -9.51 22.52 0 -0 0 -0.76 3.08 -15.72 -0.6 4.94 -13.74 6.68 0.38 -0.06 3.97 0.19 4.16 0.38 0.26 4.37 8.89 5.15 -9.85 5.3 3.82 30.01 0.94 3.38 11.58 -0 0 0 -42.59 26.37 97.24 105.07 -59.12 -73.02 -0 0 -21.31 17.24 -59.85 -15.02 -7.12 0 -0 -14.06 -29.64 19.53 -0 0 0 29.87 -37.77 104.08 -118.22 56.77 -84.17 0 0 1.83 -35.07 -11.2 7.76 7.12 -0 -0 -7.28 -43.46 -0.28
-0.86 18.33 6.89 -5.07 -3.25 -8.58 0 0 0 -9.32 -1.62 9 1.78 8.38 23.89 1.96 -1.15 -26.16 8.85 -16.71 -55.57 0 0 0 16.49 -9.73 19.94 0 0 -0 -0.75 3.45 -15.59 -0.53 4.68 -12.99 6.77 0.2 -1.06 4.09 -0.02 2.42 0.43 0.1 3.11 8.46 4.75 -13.19 4.32 3.43 26.03 0.58 2.92 10.7 0 0 0 -41.4 25.97 99.78 104.53 -59.19 -72.55 -0 0 -23.22 16.09 -57.64 -13.69 -7.12 0 -0 -13.78 -27.4 18.93 0 0 0 29.06 -38.59 105.33 -117.87 56.85 -83.88 0 0 0.52 -33.56 -10.93 7.17 7.12 -0 -0 -5.88 -42.95 -0.3
-0.86 18.4 6.92 -5.25 -3.09 -5.63 0 0 0 -9.57 -3.72 6.64 1.75 8.32 23.68 2.06 -0.24 -27.11 8.76 -16.65 -55.26 0 0 0 17.16 -8.96 16.74 0 0 -0 -0.74 3.43 -15.44 -0.39 4.01 -11.11 7.46 0.39 -2.23 4.04 0.25 0.23 -0 0.17 1.51 8.06 4.89 -16.78 4.15 3.61 20.59 0.58 2.79 9.4 -0 0 0 -40.28 25 102.62 103.76 -59.27 -71.89 -0 0 -25.59 14.48 -55.8 -12.06 -7.12 0 -0 -13.87 -25.38 18.85 -0 0 0 28.41 -39.95 106.63 -117.26 57 -83.37 0 -0 -0.78 -32.26 -10.19 6.37 7.12 -0 -0 -4.71 -41.93 -0.36
-0.88 18.43 6.98 -5.37 -2.46 -3.42 0 0 0 -9.38 -5.15 4.75 1.73 8.29 23.59 2.1 -0.32 -27.32 8.72 -16.62 -55.12 0 0 0 17.66 -8.93 14.43 0 -0 0 -0.74 3.4 -15.5 -0.46 4.34 -12.02 7.76 0.55 -3.82 4.04 0.42 -1.63 -0.16 0.19 0.48 8.15 5.73 -19.67 4.2 4.58 16.59 0.72 3.14 8.54 0 0 0 -40.11 24.04 104.35 102.27 -59.42 -70.61 -0 0 -26.54 12.29 -54.43 -10.05 -7.12 0 -0 -14.38 -23.7 19.39 0 0 0 27.66 -41.52 107.99 -116.57 57.16 -82.79 0 -0 -2.12 -31.08 -9.86 5.89 7.12 -0 -0 -3.65 -41.42 -0.32
-0.92 18.46 6.99 -5.34 -1.17 -2.04 0 0 0 -8.9 -5.77 2.91 1.74 8.31 23.67 2 -0.85 -26.49 8.84 -16.7 -55.54 0 0 0 17.98 -9.76 12.71 0 -0 0 -0.73 3.35 -15.32 -0.2 2.85 -7.85 7.29 0.53 -4.94 4.08 0.37 -2.54 0.15 0.15 0.16 9.52 7.2 -20.75 3.18 6.35 13.98 0.38 3.86 7.94 -0 -0 0 -40.47 22.88 104.71 100.96 -59.54 -69.48 -0 0 -27.23 10.28 -54 -8.35 -7.12 0 -0 -15.08 -22.95 20.29 -0 -0 0 27.17 -41.89 108.59 -116.38 57.2 -82.63 0 -0 -3.2 -30.61 -9.71 5.7 7.12 -0 -0 -3.23 -41.21 -0.3
-0.95 18.47 6.96 -5.38 -0.55 -2.24 0 0 0 -8.69 -5.9 2.63 1.78 8.39 23.91 1.93 -0.74 -26.11 9.03 -16.83 -56.18 0 0 0 18.11 -10.39 12.62 0 -0 0 -0.71 3.18 -15.18 -0.19 2.84 -7.84 7.55 0.81 -4.63 3.93 0.73 -2.14 -0.13 0.34 0.43 10.59 8.12 -20.16 2.64 7.44 14.82 0.19 4.4 8.22 0 -0 0 -40.38 22.5 104.6 100.88 -59.55 -69.41 -0 0 -27.46 10.05 -54.46 -8.21 -7.12 0 -0 -15.27 -23.35 20.61 0 -0 0 27.3 -41.87 108.71 -116.37 57.2 -82.62 0 -0 -3.01 -30.8 -9.66 5.72 7.12 -0 -0 -3.41 -41.17 -0.32
-1 18.5 6.86 -5.26 0.94 -2.42 0 0 0 -8.44 -6.27 1.97 1.79 8.4 23.95 1.77 -1.14 -24.87 9.08 -16.86 -56.38 0 0 0 18.14 -11.83 12.14 0 0 0 -0.69 3.08 -14.99 -0.18 2.71 -7.48 7.38 0.78 -3.99 3.96 0.72 -1.48 -0.02 0.35 0.74 11.33 8.36 -17.02 2.09 8.06 17.47 -0.07 4.78 8.68 -0 0 0 -40.92 23.07 102.95 101.23 -59.52 -69.71 -0 0 -26.69 9.76 -54.64 -7.98 -7.12 0 -0 -15.43 -23.47 20.85 -0 0 0 27.48 -41.63 108.22 -116.97 57.06 -83.13 0 -0 -2.61 -31.38 -9.89 5.98 7.12 -0 -0 -3.92 -41.49 -0.34
-1.04 18.5 6.77 -5.28 1.74 -2.61 0 0 0 -8.41 -6.94 1.68 1.81 8.47 24.14 1.72 -0.75 -24.6 9.13 -16.89 -56.55 0 0 0 18.21 -12.6 11.88 0 0 -0 -0.68 3.22 -14.81 -0.16 2.6 -7.16 8.06 1.03 -3.69 3.97 0.98 -0.49 -0.36 0.53 1.63 12.83 8.84 -12.03 1.35 9.25 19.92 -0.53 5.46 8.82 0 0 0 -41.99 24.21 100.02 101.18 -59.52 -69.66 -0 0 -24.49 8.8 -55.94 -7.31 -7.12 0 -0 -16.08 -24.54 21.92 0 0 0 28.09 -41.78 107.03 -117.61 56.91 -83.66 0 -0 -1.4 -31.78 -9.5 5.84 7.12 -0 -0 -4.29 -41.08 -0.42
-1.08 18.52 6.66 -5.09 2.62 -2.52 0 0 0 -8.36 -7.16 0.87 1.83 8.5 24.23 1.62 -0.92 -23.83 9.11 -16.88 -56.48 0 0 0 18.16 -13.32 11.26 0 -0 0 -0.66 3.42 -14.53 -0.11 2.1 -5.78 8.49 1.09 -2.24 3.99 1.14 0.52 -0.59 0.64 1.89 13.41 10.04 -9.89 1.48 11.12 20.62 -0.41 6.42 8.83 0 0 0 -43.14 25.3 97.39 101.26 -59.52 -69.74 -0 0 -21.91 9.1 -57.54 -7.7 -7.12 0 -0 -16.32 -26.08 22.46 0 0 0 30.05 -43.12 103.61 -117.26 57 -83.37 0 0 1.5 -32.08 -8.17 5.09 7.12 -0 -0 -4.56 -39.56 -0.61
-1.13 18.55 6.59 -4.8 3.76 -1.77 0 0 0 -8.29 -7.66 -0.49 1.82 8.49 24.21 1.53 -1.17 -23.03 9.2 -16.93 -56.77 0 0 0 18.17 -14.12 10 0 -0 0 -0.63 3.6 -14.17 -0.06 1.54 -4.24 8.34 0.84 -0.68 3.75 0.96 0.97 -0.77 0.55 1.46 13.95 11.28 -9.9 0.93 12.85 18.82 -0.49 7.16 8.39 0 -0 0 -42.47 25.63 97.52 101.8 -59.47 -70.2 -0 0 -21.44 9.31 -58.08 -7.92 -7.12 0 -0 -16.38 -26.61 22.6 0 -0 0 32.31 -45.86 98.66 -116.76 57.11 -82.95 0 0 7.09 -30.58 -5.41 3.19 7.12 -0 -0 -3.27 -36.24 -0.71
-1.19 18.57 6.53 -4.85 4.28 -0.67 0 0 0 -7.79 -7.92 -2.02 1.8 8.44 24.05 1.46 -1.23 -22.49 9.33 -17.02 -57.23 0 0 0 18.75 -14.2 8.47 0 0 -0 -0.61 3.48 -14.03 -0.07 1.67 -4.59 7.94 0.2 0.46 3.46 0.22 1.33 -0.87 0.17 1.13 13.28 11.52 -10.62 0.61 13.23 17.72 -0.45 7.22 8.13 0 0 0 -41.41 26.51 97.92 103 -59.35 -71.23 -0 0 -20.21 10.03 -58.5 -8.58 -7.12 0 -0 -16.22 -27.12 22.42 0 0 0 36.74 -47.31 87.92 -114.07 57.69 -80.69 0 0 16.85 -24.5 0.14 -0.06 7.12 -0 -0 1.63 -29.82 0.6
-1.26 18.59 6.44 -5.19 2.98 -0.22 0 0 0 -7 -7.38 -2.21 1.72 8.26 23.51 1.48 -1.11 -22.66 9.22 -16.95 -56.84 0 0 0 19.66 -12.74 8.03 0 -0 0 -0.62 2.92 -14.16 -0.12 2.23 -6.14 6.51 -0.7 2.65 3.07 -0.82 2 -0.47 -0.36 0.53 11.64 10.51 -10.91 1.08 12.02 17.37 -0.23 6.58 7.84 0 0 0 -41.39 29.37 96.64 103.9 -59.26 -72.01 -0 0 -18.07 13.31 -59.76 -11.55 -7.12 0 -0 -15.39 -28.83 21.4 0 0 0 39.64 -43.78 70.81 -108.91 58.6 -76.3 0 0 17.77 -16.79 0.04 -0.01 7.12 -0 -0 7.69 -29.9 2.86
-1.29 18.62 6.33 -5.98 -0.1 1.1 0 0 0 -5.97 -6.62 -3.06 1.67 8.13 23.12 1.52 0.14 -23.38 8.98 -16.79 -56.02 0 0 0 21.07 -9.09 6.86 0 -0 0 -0.62 1.55 -14.4 -0.27 3.34 -9.22 4.99 -1.14 4.62 2.67 -1.3 2.28 0.01 -0.63 -0.29 8.87 8.86 -10.19 1.83 10.21 16.95 0.14 5.6 7.27 0 -0 0 -41.93 32.66 94.15 105.98 -59.01 -73.8 -0 0 -14.14 12.34 -60.52 -10.78 -7.12 0 -0 -15.95 -29.36 22.26 0 -0 0 40.28 -37.06 46.28 -105.14 59.12 -73.07 0 0 10.25 -14.65 -5.03 1.31 7.12 -0 -0 9.97 -35.04 2.47
-1.3 18.65 6.19 -6.51 -2.83 2.81 0 0 0 -5.27 -6.07 -4.62 1.66 8.11 23.06 1.55 1.39 -24.09 8.89 -16.74 -55.72 0 0 0 22.04 -5.6 5.31 0 -0 0 -0.59 0.35 -14.39 -0.35 3.82 -10.56 3.72 -1.23 6.3 1.8 -1.4 2.53 -0.14 -0.69 -0.96 7.22 7.59 -9.01 1.53 8.94 15.75 0.08 4.85 6.55 0 0 0 -41.87 34.79 92.31 107.28 -58.84 -74.91 -0 0 -12.89 13.47 -62.3 -11.97 -7.12 0 -0 -16.12 -31.19 22.66 0 0 0 34.08 -28.23 25.66 -107.7 58.78 -75.27 0 0 7.96 -16.39 -4.85 1.43 7.12 -0 -0 8.51 -34.94 2.12
-1.32 18.68 5.96 -6.64 -4.47 3.84 0 0 0 -4.87 -5.78 -6.65 1.76 8.35 23.77 1.49 2.12 -23.91 8.73 -16.63 -55.14 0 0 0 22.51 -3.28 3.81 0 0 -0 -0.48 -1.54 -13.68 -0.52 4.62 -12.83 2.07 -1.01 10.52 0.56 -1.1 2.77 -0.44 -0.56 -3.03 6.12 6.45 -8.27 1.99 7.57 13.53 0.19 4.12 5.62 -0 -0 0 -41.73 36.88 90.01 109.48 -58.52 -76.79 -0 0 -9.36 12.67 -63.04 -11.33 -7.12 0 -0 -16.61 -31.73 23.44 -0 -0 0 23.07 -22.66 13.33 -108.58 58.65 -76.02 0 0 7.15 -16.31 -6.08 1.78 7.12 -0 -0 8.75 -36.2 1.91
-1.36 18.63 5.66 -6.45 -3.61 4.74 0 0 0 -4.26 -4.92 -11.38 2.21 9.3 26.73 1.33 0.33 -21.91 8.89 -16.74 -55.72 0 0 0 22.74 -3.33 1.52 0 -0 0 -0.34 -3.4 -12.76 -0.51 4.58 -12.7 0.2 -0.71 15.47 -0.7 -0.95 3.45 -0.66 -0.48 -5.02 5.8 4.96 -8.45 1.9 5.69 10.1 0.02 3.12 4.53 -0 -0 0 -40.71 38.5 89.07 112.69 -57.96 -79.52 -0 0 -5.67 11.62 -63.24 -10.41 -7.12 0 -0 -17.01 -31.73 24.02 -0 -0 0 14.26 -23.8 10.57 -111.42 58.19 -78.44 0 0 3.76 -13.78 -4.96 1.21 7.12 -0 -0 10.67 -34.92 2.68
-1.39 18.44 5.37 -7.03 -0.19 6.8 0 0 0 -2.34 -5.15 -20.44 3.46 11.4 33.64 1.17 -3.76 -19.58 9.15 -16.9 -56.6 0 0 0 23.54 -1.95 -12.56 -1.22 -7.02 19.77 -0.97 3.65 -17.71 -0.55 4.76 -13.24 -0.04 -0.55 18.81 -1.04 -0.8 3.95 -0.9 -0.4 -6.28 3.12 2.62 -10.18 3.28 2.77 6.74 0.73 1.62 4.04 0 0 0 -40.37 39.67 89.11 114.33 -57.64 -80.9 -0 0 -5.21 11.91 -63.5 -10.69 -7.12 0 -0 -17 -32.02 24.03 0 0 0 10.88 -26.08 12.17 -116.4 57.2 -82.65 0 0 1.66 -11.91 -4.37 0.92 7.12 -0 -0 12.09 -34.25 3.25
-1.46 18.07 5.15 -8.3 4.87 9.19 0 0 0 0.98 -6.42 -31.08 5.38 13.79 42.42 0.98 -9.17 -17.86 9.27 -16.98 -57 0 0 0 25.24 -2.62 -23.14 -3.14 -10.91 31.98 -1.47 7.06 -21.73 -0.89 6.01 -16.81 0.25 -0.12 20.58 -0.57 -0.14 3.92 -0.72 -0.07 -7.25 -0.36 -0.63 -12.06 5.69 -1.21 4.12 1.88 -0.35 3.56 0 0 0 -41.47 40.61 88.27 115.82 -57.33 -82.16 -0 0 -6.06 3.76 -62.72 -3.35 -7.12 0 -0 -19.39 -30.2 27.47 0 0 0 17.32 -22.37 11.55 -122.3 55.66 -87.57 0 0 1.16 -10.17 -4.7 0.84 7.12 -0 -0 13.56 -34.5 3.58
-1.5 17.58 5 -9.21 10.04 10.14 0 0 0 3.78 -8.35 -39.87 7.67 15.87 51.36 0.79 -13.6 -17.25 9.35 -17.03 -57.29 0 0 0 26.26 -4.17 -31.44 -5.55 -13.98 43.15 -2.04 9.96 -25.63 -1.19 6.92 -19.47 1.46 0.83 21.78 -0.16 1.41 3.66 -1.41 0.64 -8.13 -4.26 -4.75 -12.9 7.99 -6.08 0.64 3.02 -2.76 2.95 -0 0 0 -42.19 39.15 88 115.91 -57.3 -82.23 -0 0 -5.26 2.6 -62.05 -2.3 -7.12 0 -0 -19.62 -29.44 27.74 -0 0 0 29.61 -12.84 13.04 -121.57 55.88 -86.96 0 0 2.3 -8.69 -5.23 0.8 7.12 -0 -0 14.85 -34.95 3.77
-1.52 17.14 4.98 -9.68 13.24 8.83 0 0 0 5.09 -9.32 -43.61 9.48 17.11 57.75 0.67 -16.52 -17.5 9.39 -17.05 -57.44 0 0 0 26.41 -5.92 -34.81 -7.58 -15.8 51.04 -2.46 11.39 -28.29 -1.45 7.6 -21.51 2.26 2.25 22.15 -0 3.48 3.3 -2.3 1.59 -8.61 -7.78 -8.7 -11.66 9.9 -10.8 -2.46 3.6 -5.12 2.1 -0 0 0 -41.99 36.03 88.74 115.89 -57.31 -82.21 -0 0 -4.06 2.54 -62.79 -2.26 -7.12 0 -0 -19.8 -30.12 28.08 -0 0 0 41.05 5.67 21.4 -97.92 59.76 -66.85 0 0 4.85 -8.87 -5.54 0.86 7.12 -0 -0 14.76 -35.25 3.63
-1.48 17.12 5.12 -9.02 13.58 5.69 0 0 0 3.46 -9.52 -39.37 9.51 17.13 57.85 0.84 -16.67 -18.8 9.24 -16.96 -56.9 0 0 0 25.29 -7.62 -30.86 -7.58 -15.8 51.02 -2.64 11.37 -29.26 -1.49 7.72 -21.88 2.03 3.88 21.47 -0.19 5.53 3.42 -2.88 2.6 -8 -10.98 -12.16 -10.34 10.8 -15.02 -5.11 4.11 -7.22 1.75 0 0 0 -43.56 31.75 87.56 113.64 -57.78 -80.32 -0 0 -2.36 15.77 -65.25 -14.39 -7.12 0 -0 -16.44 -34.24 23.35 0 0 0 59.2 28.58 31.55 -47.89 52.11 -24.5 0 0 7.49 -14.01 -8.5 2.11 7.12 -0 -0 11.07 -38.52 1.79
-1.44 17.52 5.47 -7.93 13.03 2.13 0 0 0 0.27 -9.61 -29.49 7.64 15.85 51.27 1.1 -14.24 -19.91 9.43 -17.08 -57.58 0 0 0 23.98 -10.14 -21.64 -5.44 -13.87 42.7 -2.36 9.92 -27.63 -1.3 7.23 -20.39 1.58 5.49 19.51 -0.66 7.48 3.3 -3.46 3.58 -6.98 -13.06 -15.82 -8.91 12.53 -19.71 -7.82 4.58 -9.53 1.55 0 0 0 -43.5 28.05 87.72 114.34 -57.64 -80.92 -0 0 -4.6 2.92 -64.07 -2.62 -7.12 0 -0 -19.98 -31.36 28.47 0 0 0 83.14 38.13 52.58 -35.77 45.35 -15.36 0 0 4.34 -20.5 -8.23 3.06 7.12 -0 -0 5.5 -38.7 0.86
-1.29 18 5.92 -7.76 11.85 -1.26 0 0 0 -2.21 -9.03 -17.95 5.28 13.69 42.01 1.25 -10.77 -20.22 9.54 -17.15 -57.95 0 0 0 23.18 -12.72 -9.61 -2.61 -10.03 29.08 -1.81 6.87 -24.15 -1.01 6.4 -17.95 2.49 6.09 17.13 -1.58 8.38 1.66 -4.97 3.98 -7.14 -13.34 -18.11 -8.13 12.94 -22.94 -6.56 4.32 -11.12 2.25 -0 -0 0 -40.69 27.55 89.99 114.86 -57.53 -81.35 -0 0 -9.04 2.36 -61.14 -2.07 -7.12 0 -0 -19.5 -28.56 27.47 -0 -0 0 97.12 41.35 83.65 -46.92 51.67 -23.73 0 0 1.8 -20.11 -4.71 1.72 7.12 -0 -0 5.43 -34.95 1.34
-1.11 18.33 6.39 -6.99 9.08 -4.45 0 0 0 -5.24 -8.05 -5.88 3.33 11.21 32.97 1.46 -6.72 -21.65 9.46 -17.1 -57.68 0 0 0 20.91 -14.44 5.4 -0.4 -4.04 11.18 -1.1 1.4 -19.39 -0.65 5.17 -14.4 3.21 6.23 13.85 -2.62 8.6 0.02 -6.2 4.05 -6.8 -14.54 -18.9 -7.77 12.64 -24.19 -3.14 4.04 -11.7 3.46 -0 0 0 -38.46 28 91.15 114.34 -57.64 -80.91 -0 0 -13.25 2.99 -58.03 -2.54 -7.12 0 -0 -18.67 -25.72 25.88 -0 0 0 109.91 50.87 110.91 -62.53 56.95 -36.45 0 -0 -5.73 -22.33 -4.35 1.78 7.12 -0 -0 3.57 -34.66 0.91
-0.96 18.45 6.78 -7.45 7.18 -5.99 0 0 0 -6.65 -9.26 2.21 2.36 9.58 27.64 1.74 -2.69 -24.24 9.21 -16.94 -56.82 0 0 0 19.88 -15.73 14.69 0 0 -0 -0.64 -2.02 -16.03 -0.33 3.71 -10.25 4.86 6.21 10.75 -3.63 8.71 -2.69 -8.01 3.94 -7.57 -14.14 -18.93 -7.24 11.66 -24.54 -0.2 3.58 -11.89 4.14 0 0 0 -35.57 27 93.31 113.66 -57.78 -80.33 -0 0 -15.83 -1.87 -55.24 1.54 -7.12 0 -0 -20.07 -22.6 27.5 0 0 0 122.3 58.34 123.54 -82.23 59.77 -53.27 0 -0 -12.83 -22.64 -3.96 1.65 7.12 -0 -0 3.29 -34.26 0.87
-0.83 18.43 7.12 -8.02 5.75 -6.12 0 0 0 -7.63 -10.88 6.47 2.05 8.97 25.69 2.16 -0.37 -27.73 9.11 -16.88 -56.47 0 0 0 19.78 -14.86 16.4 0 -0 0 -0.68 -0.93 -15.95 -0.21 2.93 -8.08 4.52 5.95 5.02 -3.54 8.14 -4.37 -7.01 3.73 -6.24 -13.49 -18.35 -7.01 10.42 -23.87 1.11 3.24 -11.6 4.2 0 -0 0 -35.75 27.23 94.14 112.15 -58.06 -79.06 -0 0 -17.17 -3.85 -53.89 3.12 -7.12 0 -0 -20.68 -21.17 28.18 0 -0 0 130.75 64.8 129.32 -96.69 59.83 -65.79 0 -0 -14.65 -22.87 -4.12 1.73 7.12 -0 -0 3.11 -34.43 0.81
-0.74 18.36 7.4 -7.95 3.27 -6.54 0 0 0 -9.17 -10.96 9.93 1.94 8.74 24.98 2.63 1.41 -31.21 8.96 -16.78 -55.95 0 0 0 19.16 -12.99 18.56 0 0 -0 -0.73 0.3 -16.05 -0.16 2.54 -7 3.76 5.24 0.22 -3.41 6.99 -5.25 -5.9 3.25 -4.7 -12.57 -17.29 -6.97 8.41 -22.43 2.14 2.75 -10.96 4.02 0 -0 0 -35.83 29.89 94.16 111.87 -58.11 -78.82 -0 0 -18.8 -4.44 -53.71 3.58 -7.12 0 -0 -20.9 -20.96 28.47 0 -0 0 129.5 65.04 125.46 -106.69 58.92 -74.4 0 -0 -15.26 -21.56 -3.34 1.32 7.12 -0 -0 4.13 -33.55 1.16
-0.67 18.27 7.62 -8.05 -0.6 -7.77 0 0 0 -9.96 -8.69 12.93 1.93 8.72 24.91 3 2.23 -33.61 8.79 -16.67 -55.38 0 0 0 19.08 -10.06 21.52 0 -0 0 -0.81 1.11 -16.71 -0.13 2.35 -6.48 3.55 5.24 -2.99 -3.47 6.88 -5.87 -5.54 3.23 -3.57 -12.13 -16.53 -6.6 7.49 -21.54 3.74 2.52 -10.57 4.22 -0 -0 0 -35.33 31.22 94.76 111.05 -58.26 -78.13 -0 0 -21.35 -6.05 -52.62 4.82 -7.12 0 -0 -21.44 -19.83 29.07 -0 -0 0 114.87 58.13 111.32 -111.76 58.13 -78.72 0 -0 -13.63 -21.16 -2.84 1.1 7.12 -0 -0 4.42 -33.01 1.3
-0.67 18.17 7.77 -8.65 -4.26 -9.31 0 0 0 -9.22 -5.38 15.35 1.92 8.71 24.88 3.19 2.5 -34.72 8.79 -16.67 -55.35 0 0 0 20.01 -7.63 24.56 0 0 -0 -0.91 1.32 -17.6 -0.2 2.88 -7.94 2.76 4.64 -5.62 -2.48 6.03 -5.55 -3.85 2.89 -2.05 -13.38 -15.72 -8.31 7.16 -20.16 5.61 2.52 -9.88 5.03 0 0 0 -39.2 33.16 90.35 110.38 -58.37 -77.55 -0 0 -18.18 -9.08 -52.47 7.22 -7.12 0 -0 -22.64 -19.54 30.85 0 0 0 101.28 43.31 102.75 -105.79 59.04 -73.63 0 -0 -8.64 -20.07 -1.99 0.73 7.12 -0 -0 5.24 -32.07 1.67
-0.62 18.11 7.86 -8.9 -8.45 -10.62 0 0 0 -9.32 -2.64 17.76 1.89 8.62 24.62 3.42 3.58 -36.33 8.57 -16.52 -54.59 0 0 0 20.76 -4.43 27.19 0 0 -0 -0.93 1.41 -17.81 -0.19 2.78 -7.67 2.05 4.52 -7.61 -1.92 5.86 -4.8 -2.68 2.86 -0.3 -13.87 -15.32 -9.73 7.02 -19.36 6.34 2.51 -9.47 5.44 0 0 0 -43.09 34.91 84.66 109.38 -58.53 -76.7 -0 0 -12.74 -8.18 -52.86 6.54 -7.12 0 -0 -22.31 -19.94 30.42 0 0 0 93.01 26.21 92.4 -81.32 59.71 -52.49 0 -0 -2.69 -21.14 -3.36 1.3 7.12 -0 -0 4.48 -33.55 1.26
-0.56 18.02 7.96 -9.95 -11.85 -12.08 0 0 0 -8.07 0.15 19.65 1.97 8.8 25.17 3.54 3.72 -37.03 8.51 -16.48 -54.36 0 0 0 22.26 -2.27 29.84 0 -0 0 -0.94 1.24 -17.95 -0.2 2.91 -8.03 1.71 4.41 -8.27 -1.39 5.72 -4.5 -1.9 2.8 0.27 -14.83 -15.27 -9.66 7.34 -19.27 7.11 2.7 -9.44 5.79 0 -0 0 -43.26 37.68 79.48 110.97 -58.27 -78.05 -0 0 -12.03 -27.92 -42.19 19.59 -7.12 0 -0 -30.49 -10.82 41.4 0 -0 0 90.75 10.51 67.56 -43.96 50.25 -21.44 0 0 4.83 -21.73 -7.39 2.93 7.12 -0 -0 4.34 -37.9 0.76
-0.49 18 8.03 -11.35 -13.1 -12.23 0 0 0 -7 0.56 20.11 2.09 9.05 25.96 3.65 4.12 -37.72 8.47 -16.46 -54.24 0 0 0 23.63 -1.64 30.57 0 0 -0 -0.89 0.89 -17.54 -0.2 2.89 -7.97 0.89 4.18 -9.81 -0.9 5.45 -3.6 -0.81 2.7 1.91 -15.99 -15.8 -9.02 8.22 -20.01 6.69 3.06 -9.79 5.84 -0 0 0 -42.46 33.6 61.34 104.25 -59.22 -72.31 -0 0 -20.69 -42.98 -17.32 15.51 -7.12 0 -0 -39.27 6.02 49.21 -0 0 0 86.77 6.35 21.73 -23.22 34.33 -7.26 0 0 6.01 -23.14 -17.84 7.46 7.12 -0 -0 4.8 -49.2 -0.5
-0.44 18.03 8.14 -11.84 -12.61 -11.4 0 0 0 -7.19 -0.45 19.7 2.12 9.1 26.12 3.72 4.45 -38.19 8.37 -16.39 -53.89 0 0 0 23.72 -1.97 29.85 0 -0 0 -0.81 0.32 -16.93 -0.3 3.5 -9.67 -0.6 3.66 -10.67 -0.83 4.92 -3.27 0.1 2.43 2.58 -16.97 -16.33 -7.38 8.76 -20.87 5.45 3.37 -10.23 5.44 0 -0 0 -39.39 25.39 32.59 83.61 -59.85 -54.47 -0 0 -40.5 -9.17 -20.65 3.26 -7.12 0 -0 -23.55 10.29 20.86 0 -0 0 74.33 0.51 -15.67 -26.46 37.66 -9.17 0 -0 -21.79 -23.4 -26.99 11.11 7.12 -0 -0 7.72 -58.84 -2.62
-0.42 18.08 8.25 -11.81 -12.22 -10.05 0 0 0 -7.79 -1.44 18.79 2.11 9.1 26.09 3.72 5.08 -38.43 8.33 -16.36 -53.75 0 0 0 23.55 -1.95 28.61 0 0 -0 -0.76 -0.22 -16.53 -0.38 3.97 -10.99 -0.86 2.03 -10.9 -1.13 2.79 -3.65 -0.33 1.38 2.32 -16.51 -15.79 -6.42 8.16 -20.33 6.01 3.28 -10.04 5.3 0 -0 0 -33.21 15.8 0.49 65.45 -57.6 -38.91 -0 0 -76.82 16.12 -11.72 -3.36 -7.12 0 -0 -7.72 17.86 5.03 0 -0 0 57.51 -3.5 -31.73 -29.46 40.42 -11.06 0 -0 -50.94 -27.58 -33.81 16.21 7.12 -0 -0 6.88 -66.93 -3.64
-0.41 18.13 8.28 -11.82 -13.69 -8.95 0 0 0 -8.29 -1.39 18.29 2.07 9 25.8 3.78 5.96 -39.1 8.18 -16.25 -53.23 0 0 0 23.92 -0.3 27.91 0 -0 0 -0.69 -1.01 -16.09 -0.49 4.47 -12.41 -1.28 0.92 -9 -0.39 1.31 -4.24 0.44 0.66 0.64 -16.37 -14.98 -5.71 7.79 -19.28 5.15 3.38 -9.55 4.74 0 -0 0 -23.61 6.66 -24.4 48.17 -52.23 -24.72 -0 0 -67.91 14.03 -13.61 -3.36 -7.12 0 -0 -9.16 16.09 6.34 0 -0 0 40.7 -7.61 -36.98 -30.59 41.39 -11.8 0 -0 -46.97 -19.11 -33.61 10.86 7.12 -0 -0 17.09 -64.32 -8.11
-0.42 18.15 8.28 -11.32 -15.48 -7.63 0 0 0 -9.19 -1.07 17.45 1.99 8.85 25.31 3.88 6.71 -39.93 7.96 -16.09 -52.42 0 0 0 23.88 1.87 26.96 0 0 -0 -0.7 -1.39 -16.35 -0.46 4.34 -12.03 -2.6 0.09 -7.65 0.55 0.26 -4.78 2.04 0.18 -0.66 -16.27 -14.13 -4.99 7.39 -18.19 4.63 3.46 -9.04 4.3 -0 -0 0 -14.46 2.66 -37.6 41.44 -48.9 -19.52 -0 0 -62.74 13.8 -14.37 -3.49 -7.12 0 -0 -9.31 15.33 6.61 -0 -0 0 26.6 -13.92 -35.37 -34.88 44.72 -14.73 0 -0 -56.55 -17.63 -31.54 9.44 7.12 -0 -0 17 -61.96 -7.12
-0.41 18.16 8.27 -11.21 -16.5 -6.79 0 0 0 -9.76 -1.17 17.05 1.95 8.75 25.03 4.02 7.29 -40.85 7.81 -15.98 -51.88 0 0 0 23.95 3.07 26.31 0 0 -0 -0.75 -1.29 -16.84 -0.39 4 -11.07 -2.71 -0.64 -6.43 0.9 -0.74 -5.1 2.41 -0.29 -1.62 -15.97 -13.41 -4.58 7.15 -17.34 5.54 3.45 -8.67 4.37 0 0 0 -7.39 1.76 -41.41 39.71 -47.9 -18.22 -0 0 -62.55 14.64 -17.13 -4.4 -7.12 0 -0 -8.77 12.46 6.75 0 0 0 19.44 -15.08 -42.56 -39.33 47.67 -17.94 0 -0 -58.89 -14.44 -29.52 7.23 7.12 -0 -0 18.91 -59.28 -6.75
-0.4 18.17 8.2 -11.31 -17.85 -6.15 0 0 0 -9.89 -0.87 16.67 1.9 8.65 24.72 4.15 7.73 -41.6 7.68 -15.88 -51.42 0 0 0 24.24 4.52 25.84 0 -0 0 -0.75 -1.21 -16.82 -0.36 3.84 -10.62 -2.41 -0.98 -5.58 1.11 -1.23 -4.93 2.44 -0.54 -1.89 -15.51 -12.83 -4.63 7.3 -16.64 6.16 3.5 -8.32 4.47 -0 -0 0 -3.22 1.37 -41.45 41.84 -49.13 -19.82 -0 0 -64.65 16.06 -18.48 -5.21 -7.12 0 -0 -7.87 10.94 6.29 -0 -0 0 14.93 -16.31 -47.79 -42.49 49.48 -20.31 0 -0 -58.86 -10.93 -28.25 5.22 7.12 -0 -0 21.64 -57.33 -6.75
-0.4 18.18 8.12 -11.49 -19.69 -5.57 0 0 0 -10.36 -1.05 16.84 1.84 8.53 24.34 4.49 8.26 -43.36 7.45 -15.7 -50.56 0 0 0 24.75 6.38 25.57 0 0 -0 -0.76 -1.23 -16.91 -0.33 3.69 -10.19 -2.21 -1.09 -5.23 1.37 -1.38 -4.6 2.59 -0.62 -1.72 -14.62 -12.3 -5.41 7.01 -15.89 6.93 3.3 -7.94 4.66 -0 -0 0 -1.07 -0.08 -42.44 43.7 -50.11 -21.23 -0 0 -64.69 15.04 -19.02 -5 -7.12 0 -0 -8.55 10.51 6.93 -0 -0 0 12.34 -17.63 -49.15 -44.97 50.75 -22.22 0 -0 -60.78 -11.07 -28.14 5.27 7.12 -0 -0 21.43 -57.26 -6.64
-0.41 18.17 8.04 -11.75 -21.71 -5.11 0 0 0 -10.37 -0.48 16.86 1.79 8.42 24.01 4.74 8.5 -44.5 7.28 -15.56 -49.93 0 0 0 25.39 8.35 25.52 0 0 -0 -0.79 -1.01 -17.13 -0.2 2.85 -7.86 -2.14 -1.18 -5.74 1.64 -1.49 -4.01 2.81 -0.7 -0.81 -13.61 -11.69 -5.94 6.65 -15.05 7.27 3.11 -7.52 4.66 -0 -0 0 -0.09 -2.15 -45.1 44.41 -50.47 -21.78 -0 0 -65.56 14.54 -19.21 -4.88 -7.12 0 -0 -8.88 10.37 7.23 -0 -0 0 10.92 -16.2 -50.5 -44.77 50.66 -22.06 0 -0 -60.93 -10.57 -28.25 5.05 7.12 -0 -0 22.01 -57.25 -6.83
-0.43 18.18 7.95 -11.9 -23.71 -4.83 0 0 0 -10.55 0.01 17.03 1.75 8.32 23.69 4.99 8.97 -45.77 7.07 -15.39 -49.14 0 0 0 25.95 10.21 25.65 0 -0 0 -0.81 -0.92 -17.33 -0.14 2.45 -6.76 -1.97 -1.15 -5.54 1.75 -1.47 -3.98 2.84 -0.69 -0.9 -13.2 -11.22 -6.36 6.56 -14.44 8.07 3.05 -7.21 4.88 -0 -0 0 0.33 -3.36 -45.72 44.48 -50.51 -21.84 -0 0 -65.9 15.31 -19.27 -5.16 -7.12 0 -0 -8.39 10.22 6.84 -0 -0 0 10.86 -14.62 -50.81 -44.86 50.7 -22.13 0 -0 -60.56 -9.65 -28.3 4.61 7.12 -0 -0 22.96 -57.1 -7.06
-0.44 18.18 7.87 -11.89 -25.34 -4.54 0 0 0 -10.73 0.55 17.01 1.7 8.2 23.33 5.12 9.42 -46.49 6.97 -15.31 -48.77 0 0 0 26.24 11.79 25.62 0 -0 0 -0.82 -0.66 -17.34 -0.07 1.7 -4.68 -2.02 -1.08 -5.48 1.79 -1.38 -4.05 2.91 -0.64 -1 -12.63 -10.7 -6.31 6.63 -13.82 8.2 3.05 -6.89 4.82 0 0 0 0.65 -3.32 -44.86 44.08 -50.31 -21.53 -0 0 -66.24 15.92 -19.3 -5.38 -7.12 0 -0 -7.99 10.13 6.53 0 0 0 11.32 -13.84 -50.86 -44.68 50.61 -21.99 0 -0 -60.47 -9.85 -28.49 4.74 7.12 -0 -0 22.9 -57.33 -7.17
-0.48 18.19 7.78 -12.03 -26.51 -4.1 0 0 0 -10.45 1.07 16.66 1.66 8.13 23.1 5.19 9.46 -46.78 6.93 -15.27 -48.6 0 0 0 26.68 12.94 25.36 0 -0 0 -0.83 -0.64 -17.44 -0.06 1.58 -4.34 -2.11 -1.05 -5.46 1.86 -1.33 -4.11 3.04 -0.61 -1.08 -11.45 -9.62 -6.97 6.16 -12.4 9.23 2.82 -6.18 5.01 -0 -0 0 0.59 -3.14 -44.66 44.14 -50.34 -21.57 -0 0 -66.83 15.93 -19.26 -5.38 -7.12 0 -0 -7.99 10.16 6.52 -0 -0 0 11.8 -13.78 -50.93 -44.33 50.43 -21.72 0 -0 -60.27 -9.64 -29 4.71 7.12 -0 -0 23.48 -57.74 -7.6
-0.51 18.2 7.71 -12.11 -27.15 -3.87 0 0 0 -10.04 1.54 16.3 1.66 8.11 23.05 5.17 9.17 -46.57 7.01 -15.34 -48.92 0 0 0 27.04 13.5 25.1 0 0 -0 -0.85 -0.88 -17.75 -0.07 1.75 -4.81 -2.06 -0.93 -5.43 1.83 -1.18 -4.08 2.99 -0.53 -1.08 -8.85 -6.95 -8.69 5.56 -8.97 11.86 2.46 -4.43 5.66 -0 -0 0 0.53 -3.78 -45.64 43.56 -50.05 -21.13 -0 0 -66.24 15.52 -19.24 -5.23 -7.12 0 -0 -8.25 10.23 6.73 -0 -0 0 12.42 -14.7 -50.8 -44.19 50.36 -21.61 0 -0 -59.98 -9.49 -29.09 4.65 7.12 -0 -0 23.7 -57.8 -7.71
-0.53 18.2 7.64 -12.1 -26.95 -3.87 0 0 0 -9.17 2.29 15.65 1.67 8.14 23.16 4.96 8.14 -45.29 7.15 -15.46 -49.45 0 0 0 27.16 13.21 24.76 0 0 -0 -0.86 -1.09 -17.95 -0.13 2.37 -6.52 -1.77 -0.75 -4.98 1.73 -0.96 -4 2.73 -0.43 -1.26 -4.38 -3.53 -11.02 4.26 -4.82 15.42 1.64 -2.25 6.73 0 0 0 -0.05 -3.39 -45.05 43.43 -49.98 -21.03 -0 0 -67.08 16.41 -19.32 -5.57 -7.12 0 -0 -7.67 10.05 6.27 0 0 0 12.92 -16.43 -50.32 -43.9 50.22 -21.39 0 -0 -59.92 -9.5 -28.91 4.62 7.12 -0 -0 23.56 -57.63 -7.57
-0.55 18.21 7.58 -11.41 -25.43 -4.14 0 0 0 -9.06 2.14 14.86 1.71 8.23 23.41 4.68 6.96 -43.58 7.19 -15.49 -49.6 0 0 0 26.36 11.71 24.06 0 -0 0 -0.89 -1.25 -18.32 -0.24 3.17 -8.76 -1.56 -0.63 -4.81 1.56 -0.8 -3.85 2.45 -0.36 -1.23 -1.28 -0.28 -10.8 4.92 -1.1 16.98 1.7 -0.2 7 -0 0 0 -1.27 -4.22 -45.93 42.43 -49.44 -20.26 -0 0 -66.41 15.99 -18.5 -5.2 -7.12 0 -0 -7.92 10.93 6.33 -0 0 0 13.41 -17.07 -50.98 -43.6 50.06 -21.16 0 -0 -59.22 -9.79 -28.9 4.77 7.12 -0 -0 23.26 -57.69 -7.49
-0.57 18.22 7.55 -10.67 -22.37 -4.56 0 0 0 -8.7 1.6 13.8 1.76 8.34 23.76 4.17 5.82 -40.88 7.52 -15.76 -50.83 0 0 0 25.16 8.73 23.06 0 -0 0 -0.9 -1.17 -18.43 -0.29 3.48 -9.63 -1.17 -0.55 -4.68 1.58 -0.7 -3.64 2.25 -0.32 -1.08 0.5 1.4 -11.41 5.29 0.72 18.91 1.73 0.86 7.69 0 -0 0 -2.97 -5.17 -47.22 41.49 -48.93 -19.56 -0 0 -64.65 16.05 -17.93 -5.06 -7.12 0 -0 -7.86 11.5 6.19 0 -0 0 13.84 -17.43 -51.71 -43.48 50 -21.07 0 -0 -59.37 -7.72 -28.65 3.72 7.12 -0 -0 25.15 -57.03 -7.74
-0.59 18.25 7.52 -9.71 -17.68 -4.83 0 0 0 -8.36 0.43 12.03 1.84 8.53 24.34 3.62 3.95 -37.52 7.89 -16.04 -52.16 0 0 0 23.47 4.28 21.54 0 -0 0 -0.91 -0.93 -18.39 -0.41 4.11 -11.4 -0.99 -0.47 -4.33 1.62 -0.6 -3.76 2.2 -0.26 -1.41 1.79 1.97 -10.71 4.97 1.38 18.36 1.45 1.23 7.39 0 -0 0 -3.84 -4.78 -46.93 40.41 -48.31 -18.74 -0 0 -64.21 16.87 -18.15 -5.4 -7.12 0 -0 -7.33 11.19 5.82 0 -0 0 14.11 -17.1 -53.03 -42.11 49.27 -20.03 0 -0 -58.77 -9.79 -28.9 4.77 7.12 -0 -0 23.26 -57.69 -7.49
-0.63 18.27 7.49 -8.95 -11.87 -5.09 0 0 0 -8.19 -2.05 10.44 1.95 8.76 25.06 3.17 2.26 -34.57 8.32 -16.35 -53.7 0 0 0 21.96 -1.34 19.97 0 0 -0 -0.94 -0.21 -18.43 -0.39 4 -11.09 -0.66 -0.18 -3.44 1.63 -0.22 -4.1 2.04 -0.07 -2.28 2.8 2.82 -10.65 5.57 2.33 17.28 1.55 1.79 7.02 -0 0 0 -3.75 -4.72 -47.71 39.29 -47.65 -17.92 -0 0 -64.4 16.74 -18.05 -5.32 -7.12 0 -0 -7.41 11.31 5.86 -0 0 0 15.95 -17.89 -52.75 -42.56 49.52 -20.37 0 -0 -60.26 -10.86 -28.91 5.3 7.12 -0 -0 22.18 -57.92 -7.25
-0.68 18.28 7.45 -7.77 -5 -5.42 0 0 0 -8.44 -4.71 8.49 2.06 8.99 25.76 2.7 -0.16 -31.1 8.61 -16.55 -54.74 0 0 0 19.86 -7.95 18.36 0 0 -0 -0.95 1 -18.13 -0.33 3.69 -10.2 -0.89 0.18 -2.84 1.6 0.27 -4.1 2.14 0.19 -2.63 4.48 4.52 -10.96 5.94 4.38 15.37 1.55 2.88 6.47 -0 0 0 -3.65 -4.25 -49.28 38.82 -47.35 -17.57 -0 0 -65.26 16.89 -18.54 -5.51 -7.12 0 -0 -7.33 10.79 5.88 -0 0 0 17.03 -17.3 -53.99 -40.56 48.4 -18.86 0 -0 -59.58 -10.21 -29.85 5.12 7.12 -0 -0 23.55 -58.64 -8.14
-0.71 18.32 7.39 -6.96 2.1 -5.46 0 0 0 -8.73 -8.01 6.2 2.22 9.3 26.75 2.32 -2.08 -28.26 8.98 -16.8 -56.02 0 0 0 18.21 -14.73 16.55 0 0 -0 -0.93 2.16 -17.58 -0.22 3.03 -8.37 -0.32 0.77 -2.33 1.55 1.07 -4.21 1.77 0.57 -3.06 5.58 6.03 -11.82 6.18 6.2 14.26 1.62 3.82 6.28 -0 0 0 -3.55 -3.75 -49.93 38.24 -46.99 -17.14 -0 0 -64.35 18.14 -19.03 -6.1 -7.12 0 -0 -6.54 10.13 5.32 -0 0 0 19.09 -17.22 -53.55 -40.03 48.09 -18.46 0 -0 -60.81 -11.35 -29.79 5.7 7.12 -0 -0 22.33 -58.84 -7.8
-0.78 18.35 7.32 -6.21 9.46 -5.99 0 0 0 -9.08 -11.18 4.43 2.37 9.59 27.67 1.94 -4.14 -25.35 9.32 -17.01 -57.2 0 0 0 16.7 -22.03 15.47 0 -0 0 -0.88 3.05 -17.01 -0.12 2.21 -6.09 0.13 1.31 -1.76 1.53 1.8 -4.15 1.48 0.93 -3.33 6.44 7.29 -11.78 6.03 7.89 12.47 1.54 4.61 5.74 -0 -0 0 -3.63 -3.41 -51.24 37.84 -46.74 -16.85 -0 0 -64.34 18.19 -19.51 -6.26 -7.12 0 -0 -6.53 9.63 5.38 -0 -0 0 21.22 -15.21 -53.89 -39.54 47.8 -18.1 0 -0 -59.85 -10.88 -30.55 5.58 7.12 -0 -0 23.41 -59.42 -8.53
-0.85 18.35 7.2 -6.09 15.93 -7.06 0 0 0 -9 -13.6 3.02 2.57 9.96 28.85 1.62 -6.77 -22.84 9.5 -17.12 -57.8 0 0 0 15.73 -28.65 15.06 0 -0 0 -0.85 3.91 -16.54 -0.03 1.15 -3.17 1.15 1.9 -0.47 1.76 2.63 -4.16 1.09 1.31 -4.05 6.66 8.04 -11.89 6.8 8.8 11.55 1.8 5.09 5.44 -0 -0 0 -4.39 -3.75 -53.21 37.93 -46.79 -16.91 -0 0 -63.98 18.32 -19.92 -6.44 -7.12 0 -0 -6.47 9.19 5.39 -0 -0 0 23.49 -12.54 -51.92 -39.02 47.48 -17.72 0 -0 -61.24 -10.03 -31.76 5.32 7.12 -0 -0 25.3 -60.32 -9.82
-0.94 18.32 7.05 -6.56 20.8 -9.62 0 0 0 -8.68 -14.68 2.82 2.81 10.39 30.24 1.32 -9.44 -20.66 9.49 -17.12 -57.79 0 0 0 14.52 -34.13 16.54 0 0 -0 -0.82 4.46 -16.17 -0 0.18 -0.5 2.76 2.52 1.58 2.28 3.58 -3.49 0.62 1.74 -4.47 6.12 7.9 -12.73 7.42 8.58 11.19 2.08 5 5.42 0 0 0 -4.89 -3.94 -54.4 37.78 -46.7 -16.81 -0 0 -63.99 19.02 -20 -6.72 -7.12 0 -0 -6.02 9.02 5.03 0 0 0 25.88 -8.83 -48.73 -39.66 47.87 -18.19 0 -0 -63.42 -10.53 -33.69 5.88 7.12 -0 -0 26.58 -62.15 -11.52
-1.05 18.28 6.9 -7.16 24.14 -12 0 0 0 -8.03 -14.75 2.73 2.96 10.63 31.05 0.97 -12.12 -18.33 9.48 -17.11 -57.74 0 0 0 13.38 -38.04 18.11 0 0 -0 -0.75 4.7 -15.47 -0 0.13 -0.36 3.61 2.84 3.13 3.11 4.12 -2.66 0.91 1.99 -4.48 6.43 7.41 -13.17 6.27 7.94 11.37 1.64 4.63 5.61 -0 -0 0 -4.46 -3.39 -54.76 38.08 -46.89 -17.03 -0 0 -64.24 20.27 -20.11 -7.24 -7.12 0 -0 -5.23 8.73 4.39 -0 -0 0 25.68 -4.23 -44.92 -40.82 48.55 -19.05 0 -0 -63.84 -8.42 -34.32 4.77 7.12 -0 -0 29.41 -62.16 -12.87
-1.13 18.28 6.81 -7.06 26.45 -12.97 0 0 0 -8.42 -15.82 3.1 2.93 10.58 30.88 0.82 -12.93 -17.32 9.58 -17.17 -58.09 0 0 0 12.3 -40.54 18.67 0 0 -0 -0.7 4.84 -14.9 -0 -0.07 0.2 3.6 3.07 3.64 3.46 4.47 -2.42 1.23 2.17 -4.55 5.86 6.47 -13.18 6.05 6.76 12.57 1.59 4.06 5.99 -0 0 0 -2.87 -2.74 -53.57 39.32 -47.66 -17.93 -0 0 -66.53 18.19 -21.36 -6.82 -7.12 0 -0 -6.64 7.73 5.73 -0 0 0 24.08 -1.44 -41.15 -44.02 50.28 -21.48 0 -0 -64.08 -6.15 -33.84 3.43 7.12 -0 -0 31.24 -61.19 -13.03
-1.18 18.29 6.72 -6.8 27.4 -13.14 0 0 0 -8.78 -16.42 3.23 2.83 10.42 30.35 0.72 -13.16 -16.52 9.55 -17.15 -57.97 0 0 0 11.76 -41.53 18.55 0 0 -0 -0.65 5.03 -14.41 -0 -0.18 0.48 4.22 3.27 4.27 3.22 4.82 -2.67 0.57 2.31 -5.1 3.18 4 -11.94 7.12 3.77 14.32 2.09 2.61 6.26 -0 0 0 -1.36 -2.86 -50.44 41.44 -48.9 -19.51 -0 0 -65.59 17.24 -22.34 -6.73 -7.12 0 -0 -7.31 6.86 6.43 -0 0 0 22.23 -0.82 -36.97 -47.95 52.14 -24.55 0 -0 -56.64 -4.3 -30.57 2.19 7.12 -0 -0 30.04 -57.98 -10.14
-1.22 18.3 6.63 -6.62 26.85 -13.02 0 0 0 -8.77 -16.21 3.23 2.73 10.24 29.75 0.67 -12.83 -16.03 9.54 -17.14 -57.93 0 0 0 11.97 -41.05 18.08 0 0 -0 -0.63 5.05 -14.17 -0.01 -0.52 1.44 4.85 3.13 4.57 3.24 4.68 -2.53 0.25 2.22 -5.08 -0.96 -0.1 -10.47 6.62 -1.06 16.28 2.2 0.02 6.73 0 0 0 -0.87 -1.85 -45.36 43.51 -50.02 -21.09 -0 0 -61.8 15.89 -22.93 -6.33 -7.12 0 -0 -8.19 6.44 7.29 0 0 0 18.57 -3.33 -26.88 -52.24 53.86 -27.97 0 -0 -40.25 -1.7 -26.51 0.76 7.12 -0 -0 29.44 -53.96 -6.95
-1.25 18.33 6.52 -6.49 25.1 -12.76 0 0 0 -8.49 -15.34 3.34 2.59 10 28.98 0.69 -12.12 -15.93 9.47 -17.1 -57.7 0 0 0 12.62 -39.4 17.51 0 -0 0 -0.63 4.82 -14.09 -0 0.03 -0.09 5.64 2.67 4.54 3.28 4.09 -2.19 -0.09 1.92 -4.67 -5.7 -4.54 -8.42 3.76 -6 18.54 1.63 -2.92 7.36 0 0 0 -1.76 -0.57 -37.71 45.93 -51.21 -22.96 -0 0 -56.16 14.18 -21.82 -5.37 -7.12 0 -0 -9.2 7.78 7.98 0 0 0 14.72 -5.96 -12.89 -58.91 56.01 -33.43 0 -0 -27.5 1.91 -23.53 -0.76 7.12 -0 -0 30.8 -50.77 -4.77
-1.29 18.36 6.41 -6.04 22.22 -12.14 0 0 0 -8.39 -13.83 3.52 2.41 9.67 27.91 0.76 -10.69 -16.22 9.54 -17.14 -57.94 0 0 0 13.29 -36.55 16.85 0 -0 0 -0.62 4.7 -14.07 -0 0.08 -0.22 6.34 2.2 4.46 3.06 3.47 -1.88 -0.65 1.6 -4.28 -9.35 -8.12 -5.87 -0.99 -9.7 19.88 0.37 -5.39 7.53 -0 -0 0 -5.6 0.36 -27.58 49.85 -52.93 -26.05 -0 0 -49.66 12.86 -22.07 -4.91 -7.12 0 -0 -10.04 7.68 8.75 -0 -0 0 15.68 -4.12 -0.98 -64.75 57.45 -38.32 0 -0 -18.89 0.13 -22.48 -0.05 7.12 -0 -0 28.58 -50.13 -3.89
-1.31 18.39 6.28 -5.52 18.19 -11.21 0 0 0 -8.27 -11.69 3.71 2.18 9.23 26.53 0.87 -9 -16.84 9.45 -17.09 -57.65 0 0 0 14.14 -32.45 16 0 0 -0 -0.61 4.4 -13.88 -0 0.23 -0.62 7.41 1.84 3.5 2.53 2.88 -1.07 -1.69 1.33 -2.85 -13.5 -10.11 -2.78 -3.61 -11.91 18.43 0.12 -6.89 6.78 -0 0 0 -13.69 2.05 -16.76 56.33 -55.25 -31.31 -0 0 -45.86 12.83 -23.05 -5.1 -7.12 0 -0 -10.1 6.71 8.99 -0 0 0 25.53 0.62 7.49 -68.41 58.16 -41.42 0 -0 -14.27 -2.3 -21.44 0.84 7.12 -0 -0 25.82 -49.58 -3.1
-1.34 18.42 6.13 -5.01 13.85 -10.41 0 0 0 -8.23 -9.54 4.06 1.96 8.78 25.11 0.99 -6.96 -17.78 9.39 -17.05 -57.42 0 0 0 14.93 -28.06 15.33 0 -0 0 -0.57 3.88 -13.52 -0.01 0.59 -1.62 8.11 1.51 3.05 2.2 2.36 -0.18 -2.37 1.11 -1.67 -15.56 -10.61 -2.54 -6.14 -12.03 17.65 -0.37 -7.21 6.51 -0 0 0 -27.96 2.52 -7.21 60.04 -56.32 -34.38 -0 0 -40.87 13.6 -23.65 -5.54 -7.12 0 -0 -9.65 6.01 8.71 -0 0 0 43.68 6.03 13.49 -63.65 57.21 -37.39 0 -0 -8.87 -6.06 -21.49 2.23 7.12 -0 -0 22.4 -50.2 -3
-1.37 18.43 5.98 -5.15 9.2 -10.03 0 0 0 -7.32 -6.7 4.09 1.84 8.52 24.32 1.08 -5.42 -18.59 9.39 -17.05 -57.42 0 0 0 16.26 -23.57 15.09 0 -0 0 -0.54 3.48 -13.15 -0.01 0.79 -2.17 9.36 1.42 3.6 2.29 2.27 0.75 -2.96 1.12 -0.98 -15.31 -10.08 -4.21 -8.36 -10.82 15.69 -1.01 -6.66 5.97 -0 -0 0 -48.72 1.31 0.59 54.85 -54.77 -30.09 -0 0 -31.64 17 -22.87 -6.77 -7.12 0 -0 -7.49 6.35 6.68 -0 -0 0 67.01 4.07 13.88 -51.31 53.51 -27.23 0 -0 -1.39 -16.97 -23.89 7.05 7.12 -0 -0 13.02 -54.36 -3.03
-1.39 18.41 5.89 -5.48 6.16 -9.87 0 0 0 -6.34 -4.53 3.8 1.84 8.53 24.33 1.13 -5.03 -19.02 9.4 -17.06 -57.47 0 0 0 17.34 -20.78 15.14 0 0 -0 -0.52 3.32 -12.95 -0.02 0.9 -2.48 8.24 0.63 4.64 2.69 1.26 1.4 -1.9 0.63 -1.03 -11.81 -7.89 -6.69 -8 -8.13 13.13 -1.18 -5.04 5.3 0 0 0 -72.85 0.68 4.02 42.27 -49.36 -20.15 -0 0 -25.78 18 -17.09 -5.45 -7.12 0 -0 -6.54 12.16 5.05 0 0 0 84.93 -3.67 8.78 -33.28 43.54 -13.61 0 -0 -1.35 -14.34 -28.17 6.88 7.12 -0 -0 18.09 -57.98 -5.87
-1.33 18.42 5.81 -6.87 4.7 -9.3 0 0 0 -5.06 -4.87 2.62 2.01 8.89 25.46 1.23 -4.31 -19.98 9.37 -17.04 -57.37 0 0 0 19.22 -19.35 14.09 0 -0 0 -0.5 2.8 -12.63 -0.04 1.34 -3.68 7.94 -0.79 6.44 2.5 -0.48 1.87 -1.82 -0.25 -1.71 -7.7 -4.78 -11.7 -3.31 -4.6 12.68 -0.2 -2.86 5.89 0 0 0 -88.92 -1.21 14.18 27.92 -39.04 -10.07 -0 0 -22.23 12.7 -10.39 -2.33 -7.12 0 -0 -10.14 19.42 6.29 0 0 0 94.23 -12.35 -11.09 -19.35 29.85 -5.2 0 0 4.38 -17.64 -30.45 9.15 7.12 -0 -0 16.16 -60.92 -6.36
-1.29 18.43 5.77 -8.22 3.46 -8.11 0 0 0 -3.76 -5.85 1.24 2.17 9.21 26.44 1.35 -3.62 -21.08 9.25 -16.97 -56.97 0 0 0 21.3 -17.96 12.59 0 0 -0 -0.49 2.22 -12.63 -0.11 2.17 -5.96 6.48 -2.79 7.91 2.55 -3.15 2.69 -0.7 -1.57 -1.84 -4.14 -0.9 -15.03 0.16 -0.38 9.48 0.68 -0.33 5.32 0 -0 0 -93.36 -2.35 47.5 27.44 -38.6 -9.77 -0 0 -15.95 11.04 -22.19 -4.21 -7.12 0 -0 -11.19 7.76 9.77 0 -0 0 95.78 -24.41 -28.24 -22.38 33.4 -6.79 0 -0 -14.92 -23.3 -39.18 15.22 7.12 -0 -0 18.33 -70.8 -11.41
-1.28 18.43 5.74 -8.56 -1.03 -7.32 0 0 0 -3.29 -4.34 1.7 2.13 9.14 26.24 1.48 -2.17 -22.43 8.89 -16.74 -55.71 0 0 0 22.49 -13.6 12.79 0 -0 0 -0.49 1.26 -12.83 -0.29 3.48 -9.61 2.99 -3.93 10.44 2.58 -4.82 2.92 1.62 -2.41 -2.82 -0.17 3.32 -15.6 1.41 4.31 8.7 0.85 2.2 5.11 -0 -0 0 -91.85 -8.24 75.73 38.3 -47.03 -17.19 -0 0 -25.94 15.33 -27.25 -7.16 -7.12 0 -0 -8.82 2.16 8.59 -0 -0 0 85.09 -30.79 -38.96 -24.7 35.9 -8.12 0 -0 -21.64 -28.03 -42.87 19.91 7.12 -0 -0 18.17 -75.82 -13.26
-1.24 18.45 5.73 -8.4 -6.64 -6.03 0 0 0 -3.76 -2.63 2.43 2.03 8.93 25.59 1.69 0.51 -24.8 8.6 -16.54 -54.7 0 0 0 23.09 -7.86 12.94 0 -0 0 -0.46 0.51 -12.64 -0.37 3.92 -10.86 1.44 -4.14 11.35 1.41 -5.28 2.78 1.4 -2.63 -3.43 2.51 6.23 -14.54 3.53 7.43 8.71 1.32 3.97 4.93 -0 0 0 -89.76 -16.92 88.4 52.78 -54.06 -28.41 -0 0 -30.88 15.66 -30.25 -8.04 -7.12 0 -0 -8.89 -0.9 9.14 -0 0 0 71.1 -32.33 -39.38 -28.76 39.81 -10.61 0 -0 -20.65 -31.57 -40.88 21.91 7.12 -0 -0 8.77 -75.29 -6.26
-1.19 18.48 5.75 -8.98 -10.9 -4.71 0 0 0 -3.84 -2.07 2.69 2.02 8.91 25.51 1.89 3.17 -27.24 8.36 -16.38 -53.85 0 0 0 24.12 -3.47 12.88 0 -0 0 -0.43 0.11 -12.4 -0.3 3.53 -9.75 0.78 -4.19 11.36 0.73 -5.45 2.91 1.08 -2.71 -3.3 5.36 8.43 -13.88 3.72 9.84 8.37 1.12 5.24 4.83 -0 -0 0 -89.2 -23.36 92.95 61.75 -56.76 -35.8 -0 0 -24.89 20.9 -34.26 -12.13 -7.12 0 -0 -6.45 -5.92 7.12 -0 -0 0 56.07 -31.64 -30.13 -33.93 44.03 -14.07 0 -0 -22.07 -29.56 -38.61 19.49 7.12 -0 -0 8.8 -72.36 -5.73
-1.2 18.48 5.79 -10.09 -13 -3.93 0 0 0 -3.05 -2.05 2.91 2.08 9.03 25.88 1.99 4.82 -28.71 8.27 -16.31 -53.52 0 0 0 25.55 -1.59 13.12 0 0 -0 -0.44 0.26 -12.48 -0.33 3.7 -10.24 -0.09 -4.18 11.36 0.71 -5.55 3.18 1.54 -2.77 -2.95 7.19 9.8 -13.84 3.53 11.35 8.19 0.93 6.02 4.89 0 -0 0 -87.78 -26.96 94.94 68.66 -58.21 -41.63 -0 0 -26.67 22.72 -34.93 -13.48 -7.12 0 -0 -5.57 -7 6.23 0 -0 0 43.54 -28.13 -23.78 -38.04 46.86 -16.99 0 -0 -17.68 -25.15 -36.78 15.7 7.12 -0 -0 12.86 -69.14 -7.48
-1.2 18.49 5.83 -10.55 -14.12 -3.14 0 0 0 -2.76 -1.89 2.51 2.14 9.15 26.28 2.05 5.48 -29.47 8.14 -16.22 -53.06 0 0 0 26.06 -0.43 12.87 0 0 -0 -0.45 0.36 -12.51 -0.34 3.76 -10.39 -0.65 -3.73 10.97 0.47 -5.02 3.35 1.49 -2.51 -2.54 8.73 10.25 -13.24 2.66 11.87 7.02 0.42 6.23 4.58 -0 -0 0 -84.39 -28.82 95.91 72.54 -58.82 -44.94 -0 0 -24.73 19.37 -36.87 -11.91 -7.12 0 -0 -7.69 -8.2 8.78 -0 -0 0 36.14 -23.06 -22.66 -40.68 48.47 -18.95 0 -0 -13.41 -20.75 -31.55 11.21 7.12 -0 -0 13.49 -62.77 -5.88
-1.19 18.5 5.87 -10.56 -13.82 -2.96 0 0 0 -2.86 -2.1 2.24 2.17 9.21 26.46 2.01 5.89 -29.4 8.26 -16.31 -53.5 0 0 0 25.91 -0.77 12.64 0 0 -0 -0.44 0.45 -12.37 -0.25 3.24 -8.95 -1.15 -3.16 11 0.26 -4.32 3.63 1.46 -2.17 -2.27 7.98 9.95 -14.37 3.34 11.4 7.24 0.76 6.03 4.73 -0 0 0 -79.9 -29.86 97.67 76.3 -59.28 -48.16 -0 0 -25.64 21.35 -34.56 -12.5 -7.12 0 -0 -6.25 -6.31 6.94 -0 0 0 30.22 -19.79 -19.23 -42.29 49.37 -20.16 0 -0 -9.79 -17.65 -30.85 9.27 7.12 -0 -0 16.44 -61.31 -6.63
-1.18 18.51 5.88 -9.78 -11.33 -2.91 0 0 0 -3.41 -2.83 1 2.21 9.3 26.73 1.9 4.89 -28.13 8.47 -16.45 -54.23 0 0 0 24.75 -3.07 11.61 0 -0 0 -0.43 0.55 -12.16 -0.25 3.23 -8.91 -1.82 -2.83 11.88 -0.15 -3.98 3.61 1.42 -1.99 -2.75 6.87 8.58 -15.05 3.54 9.7 7.49 0.86 5.19 4.83 -0 0 0 -75.43 -28.03 97.9 80.89 -59.68 -52.12 -0 0 -25.51 19.28 -34.51 -11.21 -7.12 0 -0 -7.38 -5.82 8.15 -0 0 0 25.6 -17.92 -12.55 -43.27 49.89 -20.91 0 -0 -8.95 -17.64 -30.68 9.21 7.12 -0 -0 16.32 -61.14 -6.52
-1.14 18.48 5.81 -8.97 -7.51 -3.41 0 0 0 -3.5 -2.73 -1.71 2.53 9.89 28.61 1.72 1.72 -25.47 8.84 -16.7 -55.54 0 0 0 23.44 -6.79 10.52 0 0 -0 -0.39 0.23 -11.79 -0.33 3.72 -10.28 -2.31 -2.63 14.74 -0.62 -3.86 3.83 1.34 -1.9 -4.08 4.53 5.54 -15.76 3.39 6.09 7.04 0.86 3.35 4.69 0 -0 0 -72.06 -22.67 94.94 84.7 -59.89 -55.41 -0 0 -24.71 17.83 -34.16 -10.24 -7.12 0 -0 -8.12 -5.19 8.91 0 -0 0 27.1 -14.87 -9.23 -46.61 51.54 -23.5 0 -0 -8.26 -20.34 -31.32 10.91 7.12 -0 -0 13.78 -62.44 -5.9
-1.17 18.3 5.65 -8.16 -3.16 -2.75 0 0 0 -2.74 -1.23 -8.83 3.55 11.54 34.11 1.52 -4.54 -22.25 9.18 -16.92 -56.71 0 0 0 22.93 -7.76 0.51 -0.69 -5.3 14.77 -0.78 5 -15.78 -0.57 4.86 -13.5 -3.43 -2.09 17.66 -0.59 -3.41 4.25 2.05 -1.64 -5.15 -0 0.2 -17.44 2.68 -0.02 5.66 0.84 0.17 4.5 -0 0 0 -70.5 -15.39 88.61 84.79 -59.9 -55.49 -0 0 -24.39 15.79 -34.02 -8.99 -7.12 0 -0 -9.23 -4.67 10.07 -0 0 0 33.54 -9.93 -9.37 -50.22 53.08 -26.35 0 -0 -9.56 -25.07 -31.02 13.55 7.12 -0 -0 8.06 -63.39 -3.61
-1.21 17.86 5.49 -8 1.42 -2.66 0 0 0 -1.41 -1.26 -17.24 5.73 14.16 43.9 1.32 -11.14 -20.87 9.38 -17.05 -57.39 0 0 0 22.66 -8.42 -9.61 -3.11 -10.88 31.86 -1.45 9.92 -21.64 -1.03 6.46 -18.12 -2.14 -1.76 20.58 -0.88 -2.81 4.7 0.99 -1.34 -6.32 -5.31 -5.42 -14.98 2.3 -6.39 1.49 1.21 -3.12 3.42 -0 0 0 -70.11 -8.55 78.72 77.45 -59.4 -49.16 -0 0 -22.52 14 -34.3 -7.99 -7.12 0 -0 -10.24 -4.63 11.21 -0 0 0 44.61 -2.71 -9.49 -51.45 53.56 -27.34 0 -0 -9.34 -29.12 -30.13 15.62 7.12 -0 -0 2.57 -63.56 -1.16
-1.24 17.3 5.38 -7.75 5.01 -2.72 0 0 0 -0.66 -3.37 -24.08 8.32 16.35 53.7 1.34 -14.62 -21.68 9.44 -17.08 -57.6 0 0 0 21.86 -8.84 -17.12 -6.1 -14.52 45.38 -2.1 12.21 -26.2 -1.55 7.85 -22.26 0.26 -1.1 21.6 -1.33 -1.47 5.19 -1.19 -0.71 -6.44 -10 -10.95 -10.89 2.47 -13.36 -2.23 1.72 -6.56 2.03 -0 0 0 -72.61 -6.18 65.79 57.82 -55.7 -32.54 -0 0 -20.27 16.33 -33.46 -9.18 -7.12 0 -0 -8.86 -4.21 9.6 -0 0 0 57.4 5.11 -6.36 -45.83 51.17 -22.88 0 -0 -8.21 -33.39 -31.52 19.01 7.12 -0 -0 -2.4 -66.26 1.23
-1.33 16.94 5.41 -7.36 7.01 -4.15 0 0 0 -0.42 -4.59 -25.42 9.7 17.24 58.48 1.45 -15.8 -22.73 9.26 -16.97 -56.97 0 0 0 21.2 -8.94 -18.43 -7.81 -15.98 51.88 -2.63 12.75 -29.31 -1.89 8.63 -24.64 1.53 0.28 22.42 -1.27 0.64 5.65 -2.43 0.3 -6.29 -14.15 -14.97 -6.23 5.05 -18.96 -6.42 3.16 -9.2 0.86 0 0 0 -79.38 -7.73 43.24 32.37 -42.84 -12.99 -0 0 -19.71 23.72 -31.65 -12.99 -7.12 0 -0 -4.47 -3.88 4.77 0 0 0 74.85 17.09 -2.07 -29.41 40.38 -11.02 0 -0 -5.07 -39.9 -31.09 23.35 7.12 -0 -0 -12.26 -67.77 6.75
-1.43 17.1 5.62 -6.47 8.59 -5.16 0 0 0 -1.87 -6.15 -21.72 8.81 16.68 55.42 1.51 -14.66 -22.81 9.24 -16.96 -56.9 0 0 0 20.97 -9.18 -14.94 -7.03 -15.36 49 -2.91 10.82 -30.8 -1.83 8.51 -24.27 2.18 1.39 21.8 -1.41 2.2 5.27 -3.35 1.05 -6.27 -15.45 -17.34 -3.35 7.09 -22.49 -8.83 4.02 -10.9 0.3 0 -0 0 -83.74 -9 2.53 22.94 -34.03 -7.11 -0 0 -14.23 24.08 -26.36 -11.22 -7.12 0 -0 -3.5 1.53 3.41 0 -0 0 92.81 18.37 25.38 -24.24 35.42 -7.85 0 -0 -5.16 -31.04 -30.56 17.01 7.12 -0 -0 0.33 -64.56 -0.16
-1.52 17.65 5.92 -4.93 8.45 -5.9 0 0 0 -4.56 -5.49 -14.2 6.26 14.67 46 1.42 -11.57 -21.62 9.33 -17.01 -57.21 0 0 0 20.35 -9.21 -7.2 -4.41 -12.68 38.19 -2.69 7.82 -29.62 -1.28 7.16 -20.19 1.57 2.68 20.46 -1.66 3.73 4.68 -3.62 1.8 -6.11 -14.7 -18.82 -2.06 8.28 -24.64 -10.47 4.3 -11.99 -0.17 0 -0 0 -74.14 -4.52 -11.89 24.79 -35.99 -8.17 -0 0 -18.32 20.43 -21.33 -7.72 -7.12 0 -0 -5.22 7.44 4.52 0 -0 0 97.99 19.41 74.12 -30.01 40.9 -11.41 0 -0 -4.03 -15.91 -21.62 6 7.12 -0 -0 13.08 -51.91 -2.26
-1.55 18.1 6.21 -4.21 8.1 -6.44 0 0 0 -6.19 -4.35 -7.41 4.12 12.32 36.89 1.25 -8.13 -20.01 9.53 -17.14 -57.9 0 0 0 20.02 -9.8 1.11 -2.02 -8.91 25.53 -2.16 4.51 -26.79 -0.64 5.12 -14.27 2.89 3.41 18.75 -2.25 4.89 3.61 -5.2 2.33 -6.12 -15.37 -20.51 -0.92 9.32 -26.99 -8.83 3.97 -13.23 0.61 0 0 0 -57.33 0.79 -12.51 27.81 -38.94 -10 -0 0 -17.54 15.75 -25.83 -7.01 -7.12 0 -0 -8.46 3.53 8.01 0 0 0 104.68 29.82 107.86 -44.97 50.75 -22.21 0 -0 -7.34 -5.69 -13.62 1.34 7.12 -0 -0 19.52 -42.78 1.11
-1.53 18.3 6.44 -4.42 8.73 -7.03 0 0 0 -7.08 -6.14 -2.23 3.04 10.77 31.5 1.32 -5.2 -20.62 9.66 -17.21 -58.34 0 0 0 20.27 -11.09 8.74 -0.59 -4.91 13.65 -1.77 0.21 -25.14 -0.46 4.33 -12.02 3.98 3.81 17.13 -1.8 5.65 2.29 -5.43 2.65 -6.53 -16.72 -21.56 1.4 9.23 -28.81 -7.01 3.97 -14.19 1.16 -0 0 0 -39.64 2.08 -9.26 32.11 -42.63 -12.81 -0 0 -22.9 16.25 -25.01 -7.03 -7.12 0 -0 -8.1 4.28 7.55 -0 0 0 109.63 40.6 119.13 -77.28 59.38 -49.01 0 -0 -9.79 -7.76 -11.16 1.51 7.12 -0 -0 17 -40.63 1.89
-1.49 18.35 6.58 -4.58 8.42 -7.78 0 0 0 -7.67 -6.96 1.17 2.58 9.98 28.93 1.38 -3.5 -21.34 9.56 -17.16 -58.01 0 0 0 19.67 -13.15 17.11 0 0 -0 -1.05 -4.82 -21.64 -0.25 3.22 -8.89 4.03 3.63 15.4 -1.13 5.41 1.67 -4.57 2.53 -6.34 -17.52 -21.34 3.04 9.26 -28.82 -6.67 4.2 -14.23 1.13 -0 0 0 -24.41 -0.44 -14.59 34.25 -44.27 -14.29 -0 0 -23.76 16.92 -24.13 -7.09 -7.12 0 -0 -7.62 5.08 6.98 -0 0 0 116.23 50.53 121.02 -103.96 59.25 -72.06 0 -0 -13.76 -14.51 -9.46 2.44 7.12 -0 -0 10.84 -39.52 1.48
-1.45 18.39 6.65 -4.4 6.62 -8.29 0 0 0 -8.28 -6.28 3.47 2.33 9.52 27.44 1.45 -1.97 -22.2 9.43 -17.08 -57.57 0 0 0 19.46 -11.68 18.42 0 0 -0 -1.09 -4.67 -21.9 -0.23 3.07 -8.48 3.7 3.28 13.27 -0.62 4.84 1.69 -3.58 2.31 -5.28 -19.3 -20.9 3.4 9.82 -28.36 -6.27 4.53 -13.99 1.46 -0 0 0 -12.3 -2.84 -19.52 35.84 -45.4 -15.41 -0 0 -26.7 24.16 -23.13 -9.99 -7.12 0 -0 -3.05 4.93 2.78 -0 0 0 121.07 55.31 116.55 -114.14 57.68 -80.74 0 -0 -14.47 -18.09 -7.75 2.52 7.12 -0 -0 7.49 -38.03 1.29
-1.38 18.4 6.67 -4.34 3.91 -8.87 0 0 0 -8.57 -4.65 5.21 2.16 9.2 26.41 1.49 -0.73 -22.84 9.43 -17.07 -57.56 0 0 0 19.51 -9.29 19.78 0 -0 0 -1.09 -4.85 -22.05 -0.21 2.97 -8.21 3.95 2.78 11.75 -0.19 4.18 1.8 -3.05 2.01 -4.39 -19.61 -20.26 2.34 9.2 -27.31 -6 4.4 -13.43 1.51 0 -0 0 -6.51 -5.84 -23.15 38.02 -46.85 -16.98 -0 0 -29.55 34.67 -28.17 -18.08 -7.12 0 -0 2.41 -3.06 -2.54 0 -0 0 116.14 55.08 105.58 -117.71 56.89 -83.75 0 -0 -15.52 -19.92 -9.56 3.44 7.12 -0 -0 6.19 -40.06 0.76
-1.34 18.41 6.67 -4.35 1.27 -8.91 0 0 0 -8.47 -2.96 6.06 2.04 8.95 25.64 1.5 0.02 -23.21 9.28 -16.98 -57.05 0 0 0 19.89 -6.84 20.59 0 0 -0 -1.13 -4.77 -22.29 -0.19 2.84 -7.84 4.12 2.49 10.14 0.07 3.77 1.11 -2.75 1.8 -4.26 -19.07 -19.2 2.42 8.22 -25.93 -5.44 4.26 -12.76 1.31 -0 -0 0 -5.53 -10.04 -20.46 41.16 -48.74 -19.31 -0 0 -30.7 39.03 -32.84 -23.73 -7.12 0 -0 3.72 -9.66 -4.3 -0 -0 0 103.82 48.52 91 -116.28 57.22 -82.54 0 -0 -14.29 -20.25 -11.29 4.13 7.12 -0 -0 6.16 -41.91 0.47
-1.26 18.42 6.63 -4.09 -1.84 -8.67 0 0 0 -8.83 -1.15 6.4 1.94 8.75 25 1.57 0.89 -24 9.18 -16.93 -56.73 0 0 0 19.95 -3.65 21.01 0 -0 0 -1.13 -4.82 -22.37 -0.19 2.82 -7.77 5.23 1.95 8.74 0.24 3.11 0.73 -3.06 1.46 -3.88 -18.84 -17.69 0.67 6.85 -23.58 -4.37 3.91 -11.59 1.42 0 0 0 -11.82 -12.01 -12.75 49.28 -52.7 -25.6 -0 0 -34.64 34.21 -31.72 -19.67 -7.12 0 -0 1.38 -6.79 -1.53 0 0 0 94.92 36.16 81.03 -106.88 58.9 -74.57 0 -0 -10.01 -16.88 -10.43 3.14 7.12 -0 -0 8.97 -40.71 0.96
-1.19 18.42 6.56 -4.15 -4.12 -8.91 0 0 0 -8.75 0.38 6.96 1.86 8.57 24.45 1.62 1.31 -24.54 9.11 -16.88 -56.46 0 0 0 20.26 -1.45 21.64 0 -0 0 -1.13 -4.86 -22.37 -0.23 3.06 -8.46 6.21 1.13 7.38 0.89 2.04 0.77 -2.77 0.94 -3.16 -18.87 -15.07 -0.94 6.15 -19.79 -4.24 3.96 -9.67 1.21 -0 -0 0 -27.11 -14.08 -3.24 56.23 -55.22 -31.22 -0 0 -36.03 28.88 -29.94 -15.39 -7.12 0 -0 -1.25 -3.35 1.32 -0 -0 0 87.16 24.53 73.82 -83.97 59.86 -54.78 0 -0 -4.79 -14.64 -15 3.87 7.12 -0 -0 12.03 -45.11 -0.03
-1.12 18.4 6.51 -4.15 -5.52 -9.04 0 0 0 -8.93 0.96 7.68 1.76 8.34 23.76 1.7 1.36 -25.15 8.95 -16.77 -55.91 0 0 0 20.26 -0.06 22.04 0 -0 0 -1.2 -4.21 -22.58 -0.2 2.86 -7.88 6.65 -0.01 6.03 1.3 0.49 0.18 -2.42 0.15 -3.16 -15.13 -11.18 -5.34 2.81 -13.93 -0.19 2.87 -6.92 2.23 -0 -0 0 -50.44 -13.31 6.26 56.31 -55.24 -31.29 -0 0 -30.34 25.16 -26.64 -11.89 -7.12 0 -0 -2.89 1.02 2.84 -0 -0 0 84.78 9.93 64.09 -52.96 54.12 -28.56 0 -0 -7.74 -15.9 -26.07 7.14 7.12 -0 -0 15.22 -56.29 -4.28
-1.02 18.38 6.52 -3.99 -6.7 -8.92 0 0 0 -9.71 0.78 8.62 1.65 8.08 22.97 1.87 1.83 -26.57 8.88 -16.73 -55.66 0 0 0 20 1.24 22.24 0 0 -0 -1.23 -3.97 -22.71 -0.31 3.55 -9.82 5.56 -0.91 4 1.26 -0.92 0.07 -1.76 -0.51 -2.24 -8.52 -6.2 -11.42 3.09 -7.24 4.58 1.81 -3.6 3.62 0 -0 0 -74.8 -9.09 12.69 47.77 -52.06 -24.41 -0 0 -30.19 27.78 -19.05 -9.75 -7.12 0 -0 -0.29 8.67 0.25 0 -0 0 86.8 -1.61 35.56 -29.69 40.63 -11.21 0 -0 -3.86 -7.62 -29.47 3.77 7.12 -0 -0 25.86 -57.74 -8.44
-0.94 18.38 6.59 -4.35 -6.85 -8.65 0 0 0 -10.16 -0.47 9.23 1.63 8.04 22.84 2.06 1.96 -27.91 8.68 -16.6 -54.97 0 0 0 20.05 1.47 22.18 0 0 -0 -1.29 -3.62 -22.99 -0.35 3.8 -10.53 3.92 -1.91 1.47 1.29 -2.5 0.92 -0.84 -1.24 0.01 -3.26 -1.49 -18.24 6.91 -2.1 8.12 2.52 -0.6 5.52 -0 -0 0 -89.98 -5.64 21.91 34.47 -44.43 -14.44 -0 0 -38.31 20.15 -9.62 -3.51 -7.12 0 -0 -4.86 19.76 2.94 -0 -0 0 84.75 -6.26 -5.56 -21.94 32.91 -6.55 0 -0 -8.75 -33.06 -41.32 23.26 7.12 -0 -0 6.85 -76.27 -5.04
-0.9 18.39 6.64 -5.06 -7.06 -7.72 0 0 0 -10.17 -2.32 9.19 1.65 8.09 23 2.25 2.56 -29.33 8.52 -16.49 -54.41 0 0 0 20.68 1.9 21.39 0 0 -0 -1.3 -3.68 -23.14 -0.39 4.02 -11.13 3.21 -2.94 2.41 1.13 -3.8 -0.35 -0.48 -1.92 -1.84 1.44 2.28 -20.46 8.55 1.46 8.65 2.68 1.47 5.9 -0 0 0 -89.58 1.95 42.75 42.75 -49.62 -20.51 -0 0 -32.99 3.2 -15.76 -0.87 -7.12 0 -0 -16.33 14.62 12.2 -0 0 0 75.48 -15.21 -29.92 -29.9 40.8 -11.34 0 -0 -36.34 -35.55 -49.91 28.67 7.12 -0 -0 35.46 -84.61 -32.21
-0.92 18.42 6.7 -5.62 -8.89 -5.57 0 0 0 -10.05 -3.37 8.37 1.6 7.98 22.64 2.47 3.82 -31.23 8.25 -16.3 -53.44 0 0 0 21.61 4.3 19.86 0 0 -0 -1.3 -3.97 -23.3 -0.39 4 -11.09 2.5 -3.24 0.61 1.8 -4.25 -1.79 0.56 -2.15 -2.22 4.12 4.22 -18.39 7.48 3.67 8.02 2.08 2.49 5.35 0 0 0 -80.17 0.84 54.06 65.41 -57.59 -38.88 -0 0 -24.78 -11.98 -24.91 5.11 -7.12 0 -0 -24.67 6.31 24.24 0 0 0 60.93 -17.52 -45.51 -36.15 45.62 -15.63 0 -0 -40.19 -26.68 -42.02 18.59 7.12 -0 -0 18.43 -74.56 -12.96
-0.98 18.44 6.74 -6.02 -9.12 -4.34 0 0 0 -9.95 -5.07 8.09 1.59 7.95 22.56 2.64 4.67 -32.6 8.11 -16.2 -52.95 0 0 0 22.16 4.86 18.84 0 0 -0 -1.33 -3.78 -23.42 -0.34 3.75 -10.37 1.74 -3.68 -0.48 2.42 -4.83 -3.41 1.63 -2.42 -3.17 6.15 5.24 -16.16 7.35 4.62 10.04 1.79 3.05 5.67 -0 -0 0 -66.7 -5.07 54.07 88.95 -60 -59.09 -0 0 -27.44 -9.48 -26.51 4.26 -7.12 0 -0 -23.17 4.84 23.16 -0 -0 0 43.07 -18.76 -47.02 -41.3 48.82 -19.42 0 -0 -39.38 -35.16 -40.43 24.55 7.12 -0 -0 1.62 -76.15 -1.18
-1.07 18.41 6.8 -6.55 -8.82 -4.18 0 0 0 -9.18 -5.75 8.31 1.64 8.07 22.91 2.74 4.47 -33.1 8.12 -16.21 -52.99 0 0 0 22.99 4.38 18.93 0 -0 0 -1.37 -3.27 -23.53 -0.27 3.33 -9.2 0.52 -4.38 -1.48 3.03 -5.77 -4.49 2.92 -2.85 -3.54 8.27 6.23 -14.62 8.4 5.29 12.82 1.89 3.65 6.35 0 -0 0 -52.05 -10.57 46.71 96.72 -59.83 -65.82 -0 0 -30.98 -2.26 -23.68 0.91 -7.12 0 -0 -19.27 7.32 17.72 0 -0 0 27.04 -16.02 -45.9 -46.04 51.27 -23.04 0 -0 -42.49 -31.26 -41.37 21.86 7.12 -0 -0 10.09 -75.65 -7.29
-1.1 18.39 6.83 -6.8 -9.57 -4.58 0 0 0 -9.49 -6.37 9.56 1.64 8.06 22.91 2.92 5.55 -34.56 8.1 -16.19 -52.91 0 0 0 23.45 4.83 19.65 0 0 -0 -1.35 -3.39 -23.42 -0.26 3.27 -9.04 0.19 -4.27 -1.76 3.41 -5.6 -5.06 3.49 -2.74 -3.92 9.58 6.65 -13.81 8.97 5.46 14.23 1.91 3.91 6.72 -0 -0 0 -38.75 -13.99 38.61 91.88 -59.99 -61.63 -0 0 -31.93 -1.74 -21.67 0.64 -7.12 0 -0 -19.07 9.2 16.76 -0 -0 0 15.07 -14.59 -43.29 -51.03 53.4 -27 0 -0 -43.34 -25.3 -36.67 15.77 7.12 -0 -0 12.53 -69.08 -7.27
-1.1 18.36 6.86 -6.88 -9.28 -5.37 0 0 0 -9.51 -6.37 10.41 1.66 8.12 23.09 2.97 5.27 -34.74 8.08 -16.18 -52.86 0 0 0 23.52 4.18 20.48 0 0 0 -1.37 -3.01 -23.39 -0.22 2.99 -8.24 0.1 -3.94 -1.78 3.43 -5.16 -5.25 3.57 -2.51 -4.12 9.59 6.31 -14.08 9.74 4.74 15.13 2.12 3.69 7.05 -0 0 0 -28.71 -16.22 32.45 81.79 -59.74 -52.89 -0 0 -32.62 -4.8 -20.87 1.71 -7.12 0 -0 -20.96 10.05 18.29 -0 0 0 7.62 -13.23 -42.09 -56.5 55.3 -31.45 0 -0 -38.06 -24.22 -33.28 13.87 7.12 -0 -0 10.72 -65.42 -5.32
-1.08 18.34 6.9 -6.87 -8.56 -6.2 0 0 0 -9.38 -5.83 10.85 1.7 8.2 23.33 2.88 4.88 -34.04 8.29 -16.33 -53.6 0 0 0 23.33 3.11 21.28 0 -0 0 -1.39 -2.52 -23.34 -0.16 2.6 -7.17 0.34 -3.44 -2.11 3.39 -4.5 -5.27 3.37 -2.19 -4.01 8.51 5.43 -14.1 10.31 3.62 15.75 2.38 3.18 7.23 0 0 0 -23 -17.53 27.93 71.88 -58.72 -44.38 -0 0 -31.69 -8.67 -19.68 2.94 -7.12 0 -0 -23.36 11.19 20.19 0 0 0 3.43 -11.09 -41.26 -62.62 56.97 -36.53 0 -0 -35.96 -21.88 -30.35 11.47 7.12 -0 -0 11.34 -61.87 -4.69
-1.05 18.33 6.93 -6.63 -7.46 -6.99 0 0 0 -9.55 -5.6 11.19 1.72 8.26 23.52 2.82 4.3 -33.44 8.42 -16.42 -54.07 0 0 0 22.8 1.78 21.87 0 -0 0 -1.4 -2.32 -23.32 -0.17 2.65 -7.31 0.21 -3.03 -2.68 3.32 -3.96 -5.01 3.32 -1.93 -3.45 7.64 4.44 -14.09 10.09 2.46 16.28 2.33 2.58 7.4 -0 -0 0 -22.34 -17.45 24.17 66.25 -57.76 -39.59 -0 0 -28.88 -10.35 -19.41 3.47 -7.12 0 -0 -24.37 11.43 21.12 -0 -0 0 2.59 -9.35 -39.05 -68.89 58.25 -41.83 0 -0 -35.53 -20.02 -26.36 9.19 7.12 -0 -0 11.07 -57.45 -3.4
-1.01 18.32 6.96 -6.39 -6.08 -7.54 0 0 0 -9.81 -5.72 11.33 1.75 8.32 23.69 2.76 3.55 -32.79 8.49 -16.47 -54.3 0 0 0 22.12 0.31 22.14 0 -0 0 -1.42 -2.12 -23.37 -0.16 2.61 -7.2 0.33 -2.76 -3.58 3.18 -3.63 -4.82 3.05 -1.77 -2.77 7.06 3.72 -13.44 9.73 1.7 16.74 2.22 2.16 7.43 0 -0 0 -25.84 -15.35 22.34 64.9 -57.48 -38.44 -0 0 -26.7 -8.14 -20.66 2.89 -7.12 0 -0 -22.95 10.29 20.22 0 -0 0 4.84 -8.67 -35.25 -73.22 58.91 -45.52 0 -0 -32.78 -16.96 -21.99 6.51 7.12 -0 -0 12.21 -52.46 -2.27
-0.97 18.31 6.98 -6.04 -4.46 -7.99 0 0 0 -10 -5.67 11.25 1.76 8.35 23.77 2.65 2.41 -31.72 8.58 -16.53 -54.63 0 0 0 21.31 -1.33 22.27 0 -0 0 -1.44 -1.88 -23.42 -0.14 2.44 -6.72 0.09 -2.41 -4.73 3.11 -3.18 -4.2 3.04 -1.56 -1.5 5.84 2.75 -13.46 9.92 0.61 16.6 2.36 1.58 7.39 0 0 0 -32.3 -12.15 21.81 66.01 -57.71 -39.38 -0 0 -26.75 -6.5 -20.56 2.29 -7.12 0 -0 -21.99 10.36 19.19 0 0 0 9.21 -10.65 -30.2 -75.27 59.16 -47.28 0 -0 -30.07 -16.26 -22.87 6.47 7.12 -0 -0 13.28 -53.21 -2.72
-0.95 18.31 6.99 -5.59 -2.87 -8.32 0 0 0 -10.3 -5.68 11.09 1.75 8.32 23.7 2.52 1.57 -30.66 8.7 -16.61 -55.04 0 0 0 20.41 -2.85 22.28 0 -0 0 -1.45 -1.74 -23.42 -0.15 2.52 -6.95 0.06 -2.08 -5.38 2.81 -2.77 -3.67 2.72 -1.36 -0.63 4.74 1.7 -13.45 9.65 -0.52 16.37 2.33 0.94 7.33 0 -0 0 -41.93 -6.4 21.54 68.06 -58.1 -41.12 -0 0 -26.6 -4.71 -19.93 1.61 -7.12 0 -0 -20.99 10.93 17.9 0 -0 0 16.75 -13.77 -24.26 -75.82 59.23 -47.75 0 -0 -30.02 -17.01 -25.03 7.38 7.12 -0 -0 13.53 -55.49 -3.53
-0.93 18.31 6.99 -5.06 -1.73 -8.76 0 0 0 -10.86 -5.78 11.31 1.74 8.29 23.61 2.46 0.94 -30.05 8.74 -16.64 -55.18 0 0 0 19.47 -3.97 22.5 0 -0 0 -1.48 -1.34 -23.47 -0.1 2.02 -5.57 -0.18 -1.81 -5.71 2.64 -2.41 -3.02 2.68 -1.19 0.21 3.61 0.73 -13.28 9.1 -1.45 16.01 2.23 0.35 7.19 -0 0 0 -55.66 1.92 19.12 67.89 -58.07 -40.97 -0 0 -25.81 2.11 -19.9 -0.72 -7.12 0 -0 -16.81 10.7 14.03 -0 0 0 28.33 -16.9 -18.62 -73.23 58.91 -45.53 0 -0 -29.84 -18.51 -27.57 8.81 7.12 -0 -0 13.34 -58.32 -4.4
-0.92 18.3 6.98 -4.79 -1.1 -9.17 0 0 0 -11.04 -5.56 11.52 1.72 8.25 23.48 2.41 0.51 -29.56 8.78 -16.67 -55.34 0 0 0 18.97 -4.65 22.81 0 0 -0 -1.47 -1.13 -23.33 -0.1 2.04 -5.61 -0.06 -1.43 -5.25 2.33 -1.92 -2.55 2.32 -0.95 0.4 2.86 -0.29 -13.25 8.5 -2.57 15.89 2.04 -0.29 7.17 0 -0 0 -73.19 11.01 10.72 62.72 -56.99 -36.61 -0 0 -24.58 14.79 -20.41 -5.26 -7.12 0 -0 -8.76 9.13 7.35 0 -0 0 44.58 -19.87 -13.98 -64.72 57.44 -38.3 0 -0 -28.09 -17.29 -31.07 9.13 7.12 -0 -0 17 -61.43 -6.91
-0.93 18.29 6.99 -4.42 -0.92 -9.67 0 0 0 -11.36 -5.12 12.03 1.69 8.18 23.27 2.39 0.35 -29.39 8.85 -16.71 -55.57 0 0 0 18.43 -4.91 23.36 0 -0 0 -1.46 -1.04 -23.26 -0.13 2.32 -6.4 0.22 -0.74 -4.5 1.87 -1 -2.13 1.75 -0.5 0.36 1.13 -1.68 -12.77 8.16 -3.99 15.53 2.07 -1.14 7.03 -0 0 0 -91.58 18.71 -2.45 54.76 -54.74 -30.02 -0 0 -24.88 23.93 -18.16 -7.88 -7.12 0 -0 -2.7 10.25 2.18 -0 0 0 63.5 -23.23 -11.25 -51.58 53.61 -27.44 0 -0 -23.5 -12.68 -35.46 7.43 7.12 -0 -0 26.14 -64.26 -12.61
-0.99 18.25 7.06 -3.99 0.56 -10.53 0 0 0 -11.4 -4.85 12.89 1.65 8.1 23.02 2.33 -0.95 -28.66 8.92 -16.75 -55.8 0 0 0 17.65 -6.67 24.3 0 0 -0 -1.52 -0.35 -23.46 -0.13 2.34 -6.44 0.28 -0.25 -4.22 1.46 -0.36 -1.66 1.33 -0.18 0.67 -1.52 -3.84 -10.92 5.68 -5.91 14.45 1.54 -2.5 6.41 0 -0 0 -105.86 25.28 -12.59 43.36 -49.94 -20.98 -0 0 -23.76 19.71 -15.33 -5.41 -7.12 0 -0 -5.32 13.79 3.92 0 -0 0 82.55 -26.52 -8.98 -37.83 46.73 -16.84 0 -0 -18.18 -9.93 -38 6.15 7.12 -0 -0 32.19 -65.65 -16.82
-1.11 18.18 7.19 -4.29 3.52 -11.97 0 0 0 -9.83 -4.14 13.47 1.7 8.21 23.35 2.13 -3.93 -26.66 9.11 -16.88 -56.46 0 0 0 17.4 -10.32 25.73 0 -0 0 -1.57 0.42 -23.59 -0.09 1.97 -5.43 0.66 0.06 -4.53 1.69 0.02 -1.26 1.37 0.01 1.25 -5.83 -6.57 -7.83 1.27 -8.35 13.49 0.72 -4.29 5.66 -0 0 0 -108.92 36.67 -0 40.08 -48.12 -18.5 -0 0 -31.64 10.87 -6.6 -1.26 -7.12 0 -0 -11.65 23.29 6.22 -0 0 0 102.45 -29.28 -8.26 -30.18 41.05 -11.53 0 -0 -11.2 -4.21 -36.37 2.5 7.12 -0 -0 35.99 -62.78 -16.66
-1.18 18.17 7.29 -2.98 6.4 -12.29 0 0 0 -10.67 -4.04 13.25 1.7 8.21 23.35 1.94 -5.26 -25.17 9.37 -17.04 -57.35 0 0 0 15.4 -13.04 26.07 0 -0 0 -1.58 0.21 -23.71 -0.15 2.48 -6.84 -0.02 -0.38 -5.39 1.38 -0.52 -1.5 1.39 -0.26 1.49 -9.4 -8.45 -4.64 -3.22 -10.16 12.52 -0.1 -5.62 4.87 0 0 0 -110.97 41.7 -4.1 42.88 -49.69 -20.61 -0 0 -28.81 5.24 -14.6 -1.32 -7.12 0 -0 -15.06 15.64 10.83 0 0 0 108.94 -30.03 -8.56 -30.6 41.4 -11.8 0 -0 -23.04 -19.41 -32.3 10.66 7.12 -0 -0 15.62 -63.16 -6.97
-1.16 18.13 7.32 -2.51 6.75 -13.62 0 0 0 -10.39 -2.03 13.95 1.7 8.22 23.38 1.74 -6.95 -23.65 9.39 -17.05 -57.44 0 0 0 14.37 -13.63 27.65 0 -0 0 -1.58 -0.02 -23.81 -0.17 2.62 -7.22 0.4 -0.28 -4.77 1.52 -0.43 -0.65 1.31 -0.21 2.01 -12.22 -10.06 -3.16 -4.29 -12.26 9.8 -0 -6.69 4.38 0 -0 0 -106.81 41.66 -0.79 43.16 -49.84 -20.82 -0 0 -27.04 -1.61 -5.94 0.17 -7.12 0 -0 -20.67 24.01 11.19 0 -0 0 100.42 -31.38 -1.97 -31.33 42.01 -12.29 0 -0 -6.11 2.25 -32.63 -1.21 7.12 -0 -0 38.21 -58.26 -13.67
-1.15 18.13 7.31 -3.41 5.55 -14 0 0 0 -9.21 -1.36 14.11 1.73 8.27 23.53 1.75 -6.83 -23.71 9.37 -17.04 -57.36 0 0 0 15.57 -12.81 28 0 0 -0 -1.57 -0 -23.75 -0.15 2.46 -6.78 2.83 0.15 -3.59 1.44 0.06 -0.5 -0.11 0.04 1.5 -13 -10.9 -2.18 -4.37 -13.56 8.35 0.13 -7.28 3.78 0 -0 0 -99.46 39.45 6.86 40.39 -48.3 -18.73 -0 0 -25.74 -3.96 -2.34 0.16 -7.12 0 -0 -22.98 27.31 10.7 0 -0 0 87.64 -30.89 12.66 -29.36 40.34 -10.99 0 0 6.94 15.9 -26.78 -7.31 7.12 -0 -0 45.18 -51.09 -8.22
-1.17 18.18 7.27 -2.81 5.71 -12.88 0 0 0 -10.34 -2.43 13.19 1.72 8.26 23.5 1.76 -5.5 -23.95 9.44 -17.08 -57.59 0 0 0 15.23 -12.48 26.74 0 0 -0 -1.56 -0.32 -23.78 -0.19 2.83 -7.81 2.35 0.17 -3.43 0.98 0.13 -0.65 -0.3 0.07 1.26 -12.98 -11.12 -1.87 -4.13 -13.93 8.15 0.21 -7.44 3.68 0 -0 0 -92 33.44 15.8 35.33 -45.04 -15.04 -0 0 -12.49 -3.39 -4.08 0.24 -7.12 0 -0 -22.24 25.71 11.21 0 -0 0 80.25 -27.52 16.06 -27.71 38.84 -9.94 0 0 19.47 12.4 -30.2 -6.31 7.12 -0 -0 45.12 -54.3 -12.19
-1.19 18.26 7.19 -3.4 5.2 -12.55 0 0 0 -9.21 -1.89 12.07 1.75 8.32 23.68 1.52 -5.5 -22.13 9.29 -16.99 -57.1 0 0 0 16.13 -11.9 25.96 0 0 -0 -1.38 -1.38 -22.76 -0.16 2.59 -7.15 2.73 0.17 -2.32 1 0.14 0.05 -0.5 0.09 1.35 -12.89 -11.02 -2.78 -3.61 -13.68 8.28 0.31 -7.3 3.93 -0 -0 0 -89.03 26.24 14.87 35.86 -45.41 -15.42 -0 0 -0.37 -10.52 -9.45 1.75 -7.12 0 -0 -26 20.58 17.02 -0 -0 0 77.43 -24.48 10.98 -30.33 41.17 -11.63 0 0 20.15 -3.57 -30.57 1.82 7.12 -0 -0 30.76 -57.83 -10.3
-1.21 18.39 7.1 -3.89 5.24 -12.56 0 0 0 -8.42 -1.81 11 1.81 8.45 24.1 1.1 -4.19 -18.9 9.08 -16.86 -56.37 0 0 0 16.65 -11.85 25.34 0 -0 0 -1.09 -3.21 -21.09 -0.09 1.96 -5.4 2.82 -0.17 -0.4 1.07 -0.26 0.71 -0.49 -0.11 0.94 -13.07 -10.44 -3.74 -3.15 -12.74 9.17 0.4 -6.87 4.01 -0 -0 0 -87.13 22.94 13.75 42.1 -49.27 -20.02 -0 0 -3.45 -4.8 -15.28 1.27 -7.12 0 -0 -21.51 15.28 16.29 -0 -0 0 75.7 -24.08 7.68 -36.71 45.99 -16.03 0 0 4.48 -9.77 -30.14 4.94 7.12 -0 -0 24.22 -58.81 -8.49
-1.23 18.56 7 -4.47 4.11 -12.18 0 0 0 -7.04 -0.92 9.78 1.83 8.5 24.26 0.7 -4.22 -14.91 8.87 -16.73 -55.65 0 0 0 17.74 -10.63 24.49 0 -0 0 -0.8 -5.29 -19.67 -0.01 0.63 -1.72 2.77 -0.23 1.15 1.37 -0.3 1.17 -0.15 -0.14 0.55 -12.2 -9.25 -5.35 -3.34 -10.88 10.68 0.23 -6.01 4.6 0 0 0 -82.86 22.28 16.44 48.03 -52.17 -24.61 -0 0 -12.35 4.78 -22.63 -1.84 -7.12 0 -0 -15.07 7.9 13.33 0 0 0 73.01 -24.67 8.39 -42.72 49.6 -20.49 0 -0 -11.17 -9.78 -32.19 5.25 7.12 -0 -0 25.94 -60.64 -10.29
-1.24 18.66 6.87 -5.01 2.64 -11.5 0 0 0 -6.27 -0.87 8.97 1.8 8.43 24.04 0.57 -3.22 -13.54 8.94 -16.77 -55.88 0 0 0 18.83 -8.95 23.45 0 -0 0 -0.64 -6.55 -18.9 -0 0.02 -0.06 3.54 -0.1 3.52 1.18 0.01 0.92 -0.78 -0 -1.03 -10.63 -7.59 -6.87 -3.2 -8.54 12.65 0.1 -4.88 5.3 -0 -0 0 -78.51 22.45 17.85 50.43 -53.17 -26.51 -0 0 -15.1 7.23 -24.74 -3.04 -7.12 0 -0 -13.58 5.64 12.54 -0 -0 0 71.84 -25.28 8.97 -43.7 50.12 -21.24 0 -0 -11.31 -11.3 -32.12 6.06 7.12 -0 -0 24.29 -60.94 -9.77
-1.23 18.64 6.71 -5.85 1.87 -10.46 0 0 0 -5.76 -1.86 8.05 1.78 8.38 23.88 0.74 -2.5 -15.62 9.01 -16.82 -56.14 0 0 0 20.14 -7.88 22 0 0 -0 -0.69 -6.01 -18.99 -0 0.22 -0.6 3.99 -0.21 4.8 1.45 -0.06 1.27 -0.74 -0.04 -1.39 -8.7 -5.79 -8.8 -3.02 -6.13 13.61 -0.02 -3.64 5.77 -0 0 0 -77.2 19.79 16.27 46.02 -51.26 -23.03 -0 0 -14.45 7.76 -25.15 -3.32 -7.12 0 -0 -13.26 5.19 12.35 -0 0 0 72.04 -23.08 8.15 -39.78 47.94 -18.28 0 -0 -8.01 -13.82 -31.97 7.42 7.12 -0 -0 21.49 -61.42 -8.82
-1.2 18.53 6.56 -5.61 -0.01 -9.15 0 0 0 -7.14 -2.92 7.68 1.72 8.25 23.49 1.32 -0.77 -21.5 9.2 -16.93 -56.77 0 0 0 20.57 -5.5 20.73 0 -0 0 -1.05 -4.19 -21.33 -0.07 1.73 -4.76 3.56 0.34 5.49 1.48 0.67 1.84 -0.52 0.34 -1.16 -6.7 -4.31 -10.66 -2.06 -4.38 14.27 0.06 -2.64 6.21 -0 -0 0 -78.71 15.44 14.09 39.58 -47.82 -18.13 -0 0 -15.98 13.2 -20.89 -4.78 -7.12 0 -0 -9.79 8.82 8.3 -0 -0 0 75.33 -20.63 5.78 -35.4 45.1 -15.1 0 -0 -8.58 -17.85 -34.55 10.35 7.12 -0 -0 19.43 -64.86 -9.5
-1.17 18.43 6.38 -5.78 -0.45 -7.49 0 0 0 -8.38 -6.3 7.13 1.67 8.13 23.12 1.79 1.82 -25.99 9.08 -16.86 -56.37 0 0 0 21.22 -4.38 18.66 0 -0 0 -1.3 -3.03 -22.79 -0.15 2.51 -6.92 3.09 0.4 6.47 1.57 0.77 1.77 -0.19 0.38 -1.79 -5.02 -3.05 -12.1 0.19 -3.23 15.6 0.58 -1.84 6.85 -0 -0 0 -82.7 13.25 13.57 33.65 -43.82 -13.87 -0 0 -21.47 25.33 -18.71 -8.63 -7.12 0 -0 -1.84 9.45 1.52 -0 -0 0 82 -19.58 3.56 -31.52 42.16 -12.42 0 -0 -9.85 -20.23 -36.06 12.24 7.12 -0 -0 18.23 -66.95 -9.77
-1.15 18.5 6.28 -6.02 -1.85 -5.73 0 0 0 -8.13 -6.81 5.57 1.63 8.05 22.88 1.81 2.66 -26.47 8.86 -16.72 -55.61 0 0 0 21.7 -2.21 16.8 0 -0 0 -1.2 -3.42 -22.18 -0.15 2.51 -6.92 2.41 0.67 5.64 1.69 1.06 1.61 0.32 0.53 -1.49 -3.46 -2.17 -13.69 2.92 -2.83 18.76 1.23 -1.3 8.16 0 -0 0 -89.9 13.1 10.82 26.83 -38.02 -9.39 -0 0 -18.89 25.69 -20.72 -9.66 -7.12 0 -0 -1.82 7.22 1.58 0 -0 0 91.02 -18.1 1.74 -24.89 36.09 -8.23 0 -0 -8.59 -19.43 -35 11.44 7.12 -0 -0 18.05 -65.73 -9.17
-1.09 18.53 6.18 -6.2 -4.08 -4.57 0 0 0 -8.59 -7.78 5.4 1.59 7.96 22.59 1.99 4.7 -28.64 8.59 -16.53 -54.65 0 0 0 22.12 0.52 15.84 0 -0 0 -1.14 -4.23 -22.07 -0.17 2.66 -7.33 2.62 1.03 6.32 1.52 1.58 1.1 -0.04 0.77 -2.38 -1.52 -1.58 -15.27 4.92 -3.03 22.02 1.57 -0.99 9.58 -0 -0 0 -96.78 15.79 12.34 24.74 -35.94 -8.14 -0 0 -14.41 12.93 -17.34 -3.91 -7.12 0 -0 -9.9 12.41 7.66 -0 -0 0 97.73 -20.99 11.79 -23.08 34.18 -7.18 0 -0 -6.45 -9.65 -38.42 6.03 7.12 -0 -0 33.05 -65.92 -17.52
-1.03 18.56 6.07 -6.22 -5.32 -3.27 0 0 0 -9.12 -9.1 4.68 1.57 7.9 22.4 2.11 6.34 -30.29 8.43 -16.43 -54.1 0 0 0 22.11 2.4 14.49 0 -0 0 -1.09 -4.65 -21.89 -0.14 2.43 -6.68 2.48 0.93 6.73 1.63 1.46 1.21 0.16 0.71 -2.5 -0.96 -0.84 -15.87 5.77 -2.35 22.02 1.87 -0.52 9.68 0 0 0 -100.13 16.37 10.94 25.74 -36.95 -8.73 -0 0 -11.47 5.66 -16.7 -1.63 -7.12 0 -0 -14.68 13.59 11.2 0 0 0 97.28 -22.02 15.09 -25.58 36.79 -8.63 0 -0 -5.17 -6.66 -36.55 3.98 7.12 -0 -0 33.74 -63.57 -16.1
-1 18.59 5.94 -5.82 -5.29 -3.19 0 0 0 -9.16 -8.25 3.57 1.57 7.9 22.4 1.97 5.58 -29 8.32 -16.35 -53.69 0 0 0 21.56 2.64 13.92 0 0 -0 -1.03 -4.93 -21.54 -0.17 2.64 -7.27 1.64 0.62 7.67 1.85 1 1.73 0.89 0.49 -2.52 -0.97 -0.73 -14.75 5.7 -2.12 21.06 1.85 -0.45 9.13 -0 0 0 -96.04 14.62 15.62 24.17 -35.35 -7.81 -0 0 -12.83 13.28 -19.7 -4.55 -7.12 0 -0 -9.71 10.01 7.99 -0 0 0 92.35 -20.52 17.79 -25.76 36.97 -8.74 0 0 2.09 -5.52 -33.02 3.02 7.12 -0 -0 31.05 -60.35 -12.32
-0.96 18.62 5.81 -5.96 -5.8 -1.98 0 0 0 -8.67 -7.64 1.36 1.61 7.99 22.7 1.86 5.56 -28.22 8.4 -16.41 -53.99 0 0 0 21.57 3.78 12.38 0 0 -0 -0.97 -5.33 -21.3 -0.14 2.45 -6.76 1.77 0.56 7.36 2.19 0.92 2.17 1.18 0.46 -1.89 -0.44 -0.19 -15.09 4.64 -1.26 20.93 1.51 -0.12 9.1 -0 -0 0 -89.84 12.64 24.04 24.33 -35.51 -7.9 -0 0 -5.43 4.91 -16.7 -1.41 -7.12 0 -0 -15.17 13.63 11.59 -0 -0 0 86.5 -17.37 22.07 -24.58 35.77 -8.04 0 0 10.62 -5.55 -30.8 2.85 7.12 -0 -0 29 -58.45 -10.08
-0.92 18.65 5.74 -5.77 -6.25 -0.92 0 0 0 -9.16 -8.98 0.54 1.61 8.01 22.74 1.94 6.54 -29.33 8.23 -16.28 -53.38 0 0 0 21.21 4.76 11.15 0 0 -0 -0.92 -5.7 -21.04 -0.16 2.55 -7.03 2.19 0.7 7.58 2.06 1.16 1.87 0.78 0.57 -2.32 0.19 0.08 -14.8 3.79 -0.81 20.51 1.16 0.04 8.88 0 0 0 -85.56 10.49 26.68 23.8 -34.95 -7.59 -0 -0 1.74 0.12 -19.58 -0.04 -7.12 0 -0 -18.06 11.1 15.03 0 0 0 84.17 -15.57 21.65 -24.08 35.25 -7.75 0 0 14.19 -8.93 -30.58 4.57 7.12 -0 -0 25.42 -59.01 -9.07
-0.87 18.67 5.68 -5.62 -6.07 0.01 0 0 0 -9.32 -9.67 -0.58 1.62 8.02 22.79 1.93 6.77 -29.41 8.21 -16.27 -53.31 0 0 0 20.81 5.05 9.96 0 0 0 -0.91 -5.71 -20.97 -0.12 2.28 -6.27 2.71 0.64 7.69 2.02 1.13 1.43 0.45 0.54 -2.82 -0.63 -0.15 -14.69 4.39 -1.06 20.16 1.47 -0.08 8.75 -0 -0 0 -84.73 8.55 24.09 23.98 -35.14 -7.7 -0 -0 4.17 2.55 -19.92 -0.87 -7.12 0 -0 -16.53 10.66 13.79 -0 -0 0 84.17 -14.07 17.76 -24.71 35.91 -8.12 0 0 11.14 -10.24 -31.39 5.37 7.12 -0 -0 24.77 -60.04 -9.43
-0.85 18.68 5.65 -5.25 -5.5 0.55 0 0 0 -9.53 -9.76 -1.42 1.58 7.93 22.52 1.87 6.33 -28.73 8.17 -16.24 -53.18 0 0 0 20.23 4.76 9.13 0 -0 0 -0.91 -5.58 -20.91 -0.1 2.06 -5.68 2.62 0.48 7.49 2.05 0.91 1.31 0.55 0.43 -2.83 -0.31 0.09 -14.38 3.3 -0.53 19.6 1.1 0.07 8.49 0 -0 0 -86.23 6.64 19.58 24.78 -35.98 -8.16 -0 -0 0.56 8.53 -20.9 -3.06 -7.12 0 -0 -12.75 9.27 10.81 0 -0 0 85.34 -13.26 15.13 -26.49 37.69 -9.18 0 0 5.23 -13.15 -32.1 7.07 7.12 -0 -0 22.33 -61.37 -9.16
-0.83 18.69 5.64 -5.19 -4.98 0.64 0 0 0 -9.45 -9.23 -2.1 1.6 7.99 22.68 1.78 5.82 -27.83 8.26 -16.31 -53.49 0 0 0 20.07 4.31 8.86 0 0 -0 -0.91 -5.62 -20.91 -0.1 2.04 -5.61 3 0.34 7.54 2.08 0.76 1.21 0.38 0.36 -2.96 -0.59 0.03 -14.5 2.84 -0.44 19.57 1 0.04 8.49 -0 -0 0 -88.07 6.01 18.08 26.21 -37.41 -9.01 -0 0 -5.05 13.15 -23.2 -5.26 -7.12 0 -0 -9.91 6.52 8.85 -0 -0 0 86.36 -13.54 15.92 -28.42 39.5 -10.39 0 0 1.62 -15.51 -31.68 8.29 7.12 -0 -0 19.43 -61.57 -8
-0.82 18.69 5.66 -4.94 -4.57 0.76 0 0 0 -9.73 -9.4 -2.26 1.6 7.98 22.67 1.77 5.65 -27.72 8.29 -16.33 -53.62 0 0 0 19.72 3.95 8.69 0 0 -0 -0.92 -5.48 -20.94 -0.08 1.85 -5.1 3.08 0.36 7.23 1.99 0.79 1 0.25 0.36 -3 -0.72 -0.15 -14.33 2.47 -0.58 19.49 0.88 -0.08 8.44 0 0 0 -89.33 6.47 20.4 27.26 -38.43 -9.66 -0 0 -7.12 13.66 -24.65 -5.79 -7.12 0 -0 -9.66 5 8.91 0 0 0 87.23 -14.17 18.23 -29.04 40.06 -10.79 0 0 2.85 -14.46 -31.98 7.78 7.12 -0 -0 20.82 -61.58 -8.61
-0.81 18.68 5.7 -4.9 -4.38 0.79 0 0 0 -9.82 -9.51 -2.11 1.59 7.96 22.59 1.79 5.5 -27.75 8.27 -16.31 -53.51 0 0 0 19.64 3.73 8.77 0 0 -0 -0.94 -5.32 -21.03 -0.09 1.89 -5.2 3.09 0.45 6.75 2 0.88 0.88 0.24 0.41 -2.86 -0.64 -0.23 -14.45 2.07 -0.63 19.47 0.73 -0.13 8.45 -0 -0 0 -90.61 7.41 24.03 27.82 -38.95 -10.01 -0 0 -6.09 10.93 -23.31 -4.37 -7.12 0 -0 -11.28 6.67 10.1 -0 -0 0 88.07 -14.79 21.12 -28.26 39.35 -10.29 0 0 4.85 -11.13 -30.55 5.71 7.12 -0 -0 23.15 -59.49 -8.47
-0.81 18.68 5.75 -4.97 -4.2 0.66 0 0 0 -9.78 -9.33 -1.99 1.61 7.99 22.69 1.79 5.32 -27.67 8.27 -16.31 -53.52 0 0 0 19.7 3.46 8.99 0 0 -0 -0.95 -5.34 -21.08 -0.11 2.11 -5.8 3.22 0.47 6.56 2.02 0.92 0.75 0.19 0.43 -2.89 -0.66 -0.36 -14.32 1.83 -0.74 19.43 0.64 -0.21 8.42 -0 0 0 -92.06 8.47 27.18 26.42 -37.62 -9.14 -0 0 -3.52 8.35 -23.93 -3.41 -7.12 0 -0 -12.89 6.33 11.7 -0 0 0 89.04 -15.33 23.79 -27.15 38.32 -9.59 0 0 7.43 -6.93 -29.31 3.4 7.12 -0 -0 26.43 -57.45 -8.45
-0.8 18.68 5.8 -5.02 -4.04 0.59 0 0 0 -9.78 -9.28 -1.83 1.62 8.02 22.78 1.79 5.3 -27.64 8.35 -16.37 -53.83 0 0 0 19.74 3.22 9.21 0 -0 0 -0.96 -5.26 -21.16 -0.11 2.1 -5.77 3.39 0.5 6.12 1.97 0.95 0.74 0.05 0.45 -2.64 -0.64 -0.44 -14.39 1.83 -0.86 19.53 0.62 -0.27 8.46 -0 0 0 -93.43 9.42 29.84 24.62 -35.81 -8.07 -0 -0 0.02 4.62 -23.15 -1.82 -7.12 0 -0 -15.16 7.41 13.57 -0 0 0 89.94 -16 26.54 -26.15 37.35 -8.98 0 0 10.04 -8.56 -27.02 3.91 7.12 -0 -0 23.18 -55.71 -6.34
-0.8 18.68 5.85 -4.85 -3.97 0.49 0 0 0 -10.04 -9.17 -1.55 1.6 7.99 22.68 1.79 5.29 -27.65 8.38 -16.39 -53.92 0 0 0 19.54 3.05 9.46 0 -0 0 -0.97 -5.29 -21.28 -0.1 2.04 -5.61 3.21 0.48 5.73 1.96 0.88 0.79 0.15 0.42 -2.39 -0.68 -0.38 -14.5 1.65 -0.73 19.57 0.58 -0.22 8.49 -0 0 0 -94.39 10.6 32.47 23.21 -34.32 -7.26 -0 -0 4.5 2.22 -23.17 -0.88 -7.12 0 -0 -16.61 7.56 14.94 -0 0 0 90.24 -16.63 28.76 -25.64 36.86 -8.67 0 0 12.94 -5.91 -28.96 2.87 7.12 -0 -0 27.16 -56.93 -8.36
-0.79 18.68 5.9 -4.77 -3.92 0.53 0 0 0 -10.27 -9.46 -1.24 1.59 7.94 22.54 1.81 5.56 -27.94 8.37 -16.39 -53.89 0 0 0 19.45 2.96 9.56 0 -0 0 -0.97 -5.45 -21.3 -0.12 2.26 -6.23 3.22 0.48 5.48 1.87 0.88 0.65 0.05 0.41 -2.39 -0.65 -0.35 -14.41 1.66 -0.7 19.64 0.59 -0.21 8.5 -0 0 0 -94.68 11.32 32.27 23.48 -34.61 -7.41 -0 -0 2.88 1.93 -22.16 -0.73 -7.12 0 -0 -16.82 8.55 14.81 -0 0 0 90.37 -17.22 29.13 -26.05 37.26 -8.92 0 0 13.74 -10.9 -26.05 4.83 7.12 -0 -0 20.26 -55.27 -5.27
-0.79 18.67 5.93 -4.86 -3.93 0.51 0 0 0 -10.19 -9.4 -1.1 1.59 7.94 22.55 1.83 5.49 -28.02 8.39 -16.4 -53.95 0 0 0 19.55 2.94 9.69 0 0 -0 -0.97 -5.46 -21.33 -0.14 2.41 -6.63 3.14 0.51 5.37 1.95 0.92 0.56 0.18 0.43 -2.41 -0.88 -0.37 -14.31 1.84 -0.72 19.66 0.68 -0.21 8.49 0 0 0 -93.94 10.76 31.55 23.6 -34.73 -7.48 -0 -0 2.77 1.89 -21.94 -0.7 -7.12 0 -0 -16.86 8.76 14.77 0 0 0 89.77 -17.07 28.41 -26.08 37.29 -8.94 0 0 12.66 -5.73 -28.52 2.74 7.12 -0 -0 27.01 -56.5 -8.03
-0.8 18.67 5.95 -5.01 -3.73 0.57 0 0 0 -9.96 -9.36 -1.25 1.6 7.98 22.66 1.81 5.4 -27.83 8.45 -16.44 -54.17 0 0 0 19.72 2.74 9.64 0 -0 0 -0.98 -5.38 -21.35 -0.12 2.25 -6.21 3.2 0.49 5.14 1.99 0.89 0.51 0.19 0.42 -2.34 -0.83 -0.4 -14.26 1.92 -0.78 19.67 0.69 -0.23 8.49 -0 -0 0 -92.22 9.59 31.8 23.07 -34.17 -7.18 -0 -0 5.12 2.28 -22.89 -0.89 -7.12 0 -0 -16.59 7.83 14.82 -0 -0 0 88.77 -16.44 27.58 -25.51 36.72 -8.59 0 0 12.91 -7.39 -27.86 3.47 7.12 -0 -0 24.91 -56.25 -7.18
-0.8 18.67 5.97 -4.93 -3.77 0.7 0 0 0 -10.15 -9.66 -1.15 1.59 7.97 22.61 1.82 5.72 -28.08 8.48 -16.46 -54.29 0 0 0 19.62 2.79 9.59 0 -0 0 -0.98 -5.37 -21.37 -0.12 2.23 -6.13 3.14 0.59 4.76 1.91 0.99 0.49 0.14 0.47 -2.15 -0.87 -0.48 -14.21 1.98 -0.89 19.54 0.71 -0.28 8.44 -0 -0 0 -91.1 8.19 30.38 22.27 -33.28 -6.73 -0 -0 6.84 2.45 -23.31 -0.97 -7.12 0 -0 -16.47 7.42 14.85 -0 -0 0 88.14 -15.5 25.5 -24.78 35.98 -8.16 0 0 13.43 -8.13 -27.86 3.82 7.12 -0 -0 24.18 -56.39 -7.04
-0.8 18.67 5.99 -4.85 -3.69 0.82 0 0 0 -10.21 -9.65 -1.22 1.59 7.95 22.57 1.82 5.68 -28.05 8.51 -16.48 -54.37 0 0 0 19.53 2.74 9.51 0 0 -0 -0.99 -5.32 -21.44 -0.11 2.1 -5.78 2.95 0.56 4.27 1.93 0.91 0.55 0.27 0.44 -1.81 -0.89 -0.48 -14.45 1.81 -0.86 19.55 0.66 -0.28 8.48 -0 0 0 -90.82 7.11 27.75 22.09 -33.08 -6.63 -0 -0 6.79 1.86 -22.67 -0.72 -7.12 0 -0 -16.85 8.06 15 -0 0 0 87.6 -14.57 23.52 -24.56 35.75 -8.03 0 0 12.63 -8.91 -29.39 4.4 7.12 -0 -0 24.51 -57.94 -8.08
-0.8 18.67 6 -4.78 -3.74 0.78 0 0 0 -10.34 -9.74 -1.05 1.59 7.94 22.55 1.84 5.69 -28.2 8.47 -16.45 -54.22 0 0 0 19.44 2.76 9.6 0 0 -0 -1 -5.27 -21.46 -0.09 1.97 -5.42 2.87 0.55 4.38 1.85 0.9 0.41 0.24 0.43 -2.02 -0.93 -0.54 -14.31 1.86 -0.94 19.46 0.67 -0.32 8.43 -0 -0 0 -90.62 7.12 26.38 22.35 -33.37 -6.78 -0 -0 6.18 3.22 -22.49 -1.23 -7.12 0 -0 -16.03 8.15 14.17 -0 -0 0 87.27 -14.5 22.44 -25 36.2 -8.29 0 0 10.95 -8.69 -29.8 4.34 7.12 -0 -0 25.04 -58.26 -8.47
-0.8 18.67 6.01 -4.89 -3.83 0.78 0 0 0 -10.19 -9.57 -1.08 1.59 7.95 22.56 1.84 5.61 -28.14 8.45 -16.44 -54.17 0 0 0 19.59 2.85 9.63 0 0 -0 -1 -5.3 -21.47 -0.09 1.95 -5.37 2.92 0.59 4.35 1.82 0.97 0.38 0.17 0.47 -2.03 -1.08 -0.59 -14.45 2.13 -1.03 19.6 0.77 -0.35 8.5 0 -0 0 -90.51 7.19 26.34 22.44 -33.47 -6.83 -0 -0 5.8 3.57 -22.75 -1.38 -7.12 0 -0 -15.81 7.88 14.05 0 -0 0 87.27 -14.45 22.24 -25.15 36.36 -8.38 0 0 9.92 -9.95 -30.33 5.06 7.12 -0 -0 24.18 -59.02 -8.6
-0.8 18.67 6.01 -4.98 -3.96 0.68 0 0 0 -10.16 -9.64 -0.86 1.59 7.96 22.59 1.86 5.73 -28.37 8.47 -16.45 -54.24 0 0 0 19.7 2.93 9.79 0 -0 0 -0.99 -5.3 -21.45 -0.1 2.07 -5.69 2.93 0.62 4.3 1.78 1 0.41 0.12 0.48 -1.98 -1.11 -0.61 -14.43 2.3 -1.09 19.55 0.83 -0.36 8.49 -0 -0 0 -90.7 7.47 26.81 22.34 -33.36 -6.77 -0 -0 5.75 3.38 -22.76 -1.31 -7.12 0 -0 -15.92 7.88 14.16 -0 -0 0 87.46 -14.54 22.7 -25.18 36.39 -8.4 0 0 9.56 -10.52 -30.42 5.37 7.12 -0 -0 23.68 -59.23 -8.52
-0.81 18.67 6.01 -5.01 -3.98 0.7 0 0 0 -10.08 -9.52 -0.94 1.59 7.96 22.61 1.86 5.69 -28.31 8.46 -16.45 -54.2 0 0 0 19.74 2.96 9.77 0 -0 0 -0.99 -5.28 -21.43 -0.11 2.16 -5.96 2.88 0.6 4.27 1.76 0.98 0.38 0.13 0.47 -1.98 -0.92 -0.58 -14.31 2.07 -1.04 19.31 0.73 -0.35 8.38 0 -0 0 -91.25 8.18 27.74 22.44 -33.47 -6.83 -0 -0 5.47 2.92 -22.55 -1.12 -7.12 0 -0 -16.21 8.11 14.36 0 -0 0 87.95 -14.6 22.93 -25.05 36.25 -8.32 0 0 10.73 -8.61 -29.82 4.31 7.12 -0 -0 25.14 -58.26 -8.5
-0.81 18.67 6.01 -5.13 -3.96 0.71 0 0 0 -9.92 -9.56 -0.97 1.6 7.98 22.65 1.86 5.65 -28.32 8.49 -16.47 -54.31 0 0 0 19.88 2.94 9.76 0 0 -0 -1 -5.24 -21.47 -0.1 2.07 -5.69 2.89 0.6 4.16 1.79 0.96 0.37 0.16 0.46 -1.93 -0.91 -0.53 -14.27 2.02 -0.96 19.23 0.72 -0.31 8.34 0 0 0 -92.02 8.79 28.63 22.24 -33.25 -6.72 -0 -0 5.75 2.5 -22.81 -0.97 -7.12 0 -0 -16.45 7.89 14.68 0 0 0 88.43 -15.01 24.04 -25.07 36.28 -8.33 0 0 10.91 -8.55 -29.34 4.21 7.12 -0 -0 24.83 -57.82 -8.12
-0.81 18.67 6.01 -5.11 -3.93 0.69 0 0 0 -9.94 -9.56 -0.96 1.6 7.99 22.67 1.87 5.59 -28.33 8.45 -16.44 -54.18 0 0 0 19.87 2.9 9.77 0 -0 0 -0.99 -5.3 -21.43 -0.11 2.18 -6 2.83 0.59 4.08 1.71 0.95 0.36 0.12 0.46 -1.9 -0.73 -0.5 -14.24 1.89 -0.94 19.19 0.65 -0.3 8.32 -0 0 0 -92.52 9.57 30.06 22.25 -33.26 -6.72 -0 -0 5.99 2.52 -22.93 -0.98 -7.12 0 -0 -16.44 7.77 14.7 -0 0 0 88.89 -15.42 25.63 -24.73 35.92 -8.13 0 0 12.25 -9.88 -25.89 4.35 7.12 -0 -0 21.17 -54.93 -5.34
-0.81 18.67 6 -5.13 -3.84 0.7 0 0 0 -9.87 -9.51 -1.08 1.61 7.99 22.69 1.86 5.51 -28.21 8.49 -16.47 -54.31 0 0 0 19.89 2.82 9.71 0 0 -0 -1 -5.21 -21.44 -0.1 2.06 -5.66 2.83 0.57 4.06 1.7 0.92 0.33 0.11 0.44 -1.92 -0.9 -0.52 -14.23 2.02 -0.95 19.02 0.72 -0.31 8.27 0 0 0 -92.92 10.1 31.29 22.29 -33.3 -6.74 -0 -0 6.46 2.5 -23.18 -0.98 -7.12 0 -0 -16.45 7.54 14.79 0 0 0 89.09 -15.77 27.13 -24.74 35.94 -8.14 0 0 12.71 -7.37 -29.09 3.6 7.12 -0 -0 25.82 -57.35 -8.17
