HIERARCHY
ROOT Hips
{
	OFFSET 0.00000 0.00000 0.00000
	CHANNELS 6 Xposition Yposition Zposition Zrotation Yrotation Xrotation 
	JOINT LHipJoint
	{
		OFFSET 0 0 0
		CHANNELS 3 Zrotation Yrotation Xrotation
		JOINT LeftUpLeg
		{
			OFFSET 1.58895 -1.83665 0.71753
			CHANNELS 3 Zrotation Yrotation Xrotation
			JOINT LeftLeg
			{
				OFFSET 2.50528 -6.88321 0.00000
				CHANNELS 3 Zrotation Yrotation Xrotation
				JOINT LeftFoot
				{
					OFFSET 2.63244 -7.23257 0.00000
					CHANNELS 3 Zrotation Yrotation Xrotation
					JOINT LeftToeBase
					{
						OFFSET 0.23691 -0.65090 1.72750
						CHANNELS 3 Zrotation Yrotation Xrotation
						End Site
						{
							OFFSET 0.00000 -0.00000 0.92561
						}
					}
				}
			}
		}
	}
	JOINT RHipJoint
	{
		OFFSET 0 0 0
		CHANNELS 3 Zrotation Yrotation Xrotation
		JOINT RightUpLeg
		{
			OFFSET -1.51435 -1.83665 0.71753
			CHANNELS 3 Zrotation Yrotation Xrotation
			JOINT RightLeg
			{
				OFFSET -2.54551 -6.99375 0.00000
				CHANNELS 3 Zrotation Yrotation Xrotation
				JOINT RightFoot
				{
					OFFSET -2.66027 -7.30903 0.00000
					CHANNELS 3 Zrotation Yrotation Xrotation
					JOINT RightToeBase
					{
						OFFSET -0.22981 -0.63138 2.03959
						CHANNELS 3 Zrotation Yrotation Xrotation
						End Site
						{
							OFFSET -0.00000 -0.00000 1.07060
						}
					}
				}
			}
		}
	}
	JOINT LowerBack
	{
		OFFSET 0 0 0
		CHANNELS 3 Zrotation Yrotation Xrotation
		JOINT Spine
		{
			OFFSET -0.02651 1.86275 -0.11152
			CHANNELS 3 Zrotation Yrotation Xrotation
			JOINT Spine1
			{
				OFFSET 0.01019 1.86224 0.04087
				CHANNELS 3 Zrotation Yrotation Xrotation
				JOINT Neck
				{
					OFFSET 0 0 0
					CHANNELS 3 Zrotation Yrotation Xrotation
					JOINT Neck1
					{
						OFFSET -0.01926 1.80512 0.08867
						CHANNELS 3 Zrotation Yrotation Xrotation
						JOINT Head
						{
							OFFSET 0.05516 1.76451 -0.38475
							CHANNELS 3 Zrotation Yrotation Xrotation
							End Site
							{
								OFFSET 0.01592 1.82587 -0.14001
							}
						}
					}
				}
				JOINT LeftShoulder
				{
					OFFSET 0 0 0
					CHANNELS 3 Zrotation Yrotation Xrotation
					JOINT LeftArm
					{
						OFFSET 3.47116 1.51376 0.14491
						CHANNELS 3 Zrotation Yrotation Xrotation
						JOINT LeftForeArm
						{
							OFFSET 4.78095 -0.00000 0.00000
							CHANNELS 3 Zrotation Yrotation Xrotation
							JOINT LeftHand
							{
								OFFSET 3.58615 -0.00000 -0.00000
								CHANNELS 3 Zrotation Yrotation Xrotation
								JOINT LeftFingerBase
								{
									OFFSET 0 0 0
									CHANNELS 3 Zrotation Yrotation Xrotation
									JOINT LeftHandIndex1
									{
										OFFSET 0.65981 -0.00000 0.00000
										CHANNELS 3 Zrotation Yrotation Xrotation
										End Site
										{
											OFFSET 0.53196 -0.00000 0.00000
										}
									}
								}
								JOINT LThumb
								{
									OFFSET 0 0 0
									CHANNELS 3 Zrotation Yrotation Xrotation
									End Site
									{
										OFFSET 0.54008 -0.00000 0.54008
									}
								}
							}
						}
					}
				}
				JOINT RightShoulder
				{
					OFFSET 0 0 0
					CHANNELS 3 Zrotation Yrotation Xrotation
					JOINT RightArm
					{
						OFFSET -3.31725 1.61216 0.35156
						CHANNELS 3 Zrotation Yrotation Xrotation
						JOINT RightForeArm
						{
							OFFSET -4.48913 -0.00000 0.00000
							CHANNELS 3 Zrotation Yrotation Xrotation
							JOINT RightHand
							{
								OFFSET -3.70510 -0.00000 0.00000
								CHANNELS 3 Zrotation Yrotation Xrotation
								JOINT RightFingerBase
								{
									OFFSET 0 0 0
									CHANNELS 3 Zrotation Yrotation Xrotation
									JOINT RightHandIndex1
									{
										OFFSET -0.44914 -0.00000 0.00000
										CHANNELS 3 Zrotation Yrotation Xrotation
										End Site
										{
											OFFSET -0.36211 -0.00000 0.00000
										}
									}
								}
								JOINT RThumb
								{
									OFFSET 0 0 0
									CHANNELS 3 Zrotation Yrotation Xrotation
									End Site
									{
										OFFSET -0.36763 -0.00000 0.36763
									}
								}
							}
						}
					}
				}
			}
		}
	}
}
MOTION
Frames: 269
Frame Time: 0.0333332
-0.78 18.65 6.16 -4.2 -3.99 0.58 0 0 0 -11.12 -9.32 0.37 1.47 7.67 21.71 1.9 5.27 -28.33 8.32 -16.35 -53.7 0 0 0 0 0 0 0 0 0 -0 -0 0 -0 -0 0 1.52 1.2 1.54 0.93 1.65 -0.78 0.05 0.81 -1.65 2.06 -0.34 -10.86 -0.26 -0.85 22.5 -0.53 -0.25 8.8 -0 -0 0 -91.12 10.57 33.69 20.89 -31.7 -5.99 -0 -0 17.18 -1.05 -24.43 0.43 -7.12 0 -0 -18.52 6.55 17.23 -0 -0 0 89.33 -15.11 31.05 -22.95 34.03 -7.11 0 0 17.2 -7.61 -27.53 3.53 7.12 -0 -0 24.45 -55.99 -6.88
-0.78 18.65 6.17 -4.18 -4.03 0.52 0 0 0 -11.17 -9.22 0.49 1.47 7.66 21.68 1.9 5.23 -28.32 8.3 -16.34 -53.64 0 0 0 0 0 0 0 0 0 -0 -0 0 -0 -0 0 1.49 1.22 1.47 0.86 1.67 -0.75 -0 0.82 -1.58 2.18 -0.3 -10.93 -0.23 -0.82 22.51 -0.53 -0.23 8.82 -0 -0 0 -91.04 10.51 33.67 20.89 -31.7 -5.99 -0 -0 17.22 -1.35 -24.36 0.56 -7.12 0 -0 -18.7 6.64 17.39 -0 -0 0 89.46 -15.07 30.93 -22.95 34.03 -7.11 0 0 17.41 -7.56 -27.41 3.5 7.12 -0 -0 24.42 -55.87 -6.81
-0.78 18.65 6.19 -4.12 -3.98 0.62 0 0 0 -11.23 -9.25 0.43 1.46 7.64 21.64 1.88 5.32 -28.28 8.36 -16.38 -53.84 0 0 0 0 0 0 0 0 0 -0 -0 0 -0 -0 0 1.35 1.2 1.3 0.85 1.63 -0.75 0.07 0.81 -1.49 2.17 -0.29 -11.04 -0.29 -0.79 22.49 -0.55 -0.22 8.83 0 -0 0 -91.08 10.43 33.65 20.84 -31.65 -5.97 -0 -0 17.36 -1.45 -24.43 0.6 -7.12 0 -0 -18.75 6.58 17.47 0 -0 0 89.4 -15 31.02 -22.96 34.05 -7.12 0 0 17.38 -7.63 -27.35 3.52 7.12 -0 -0 24.32 -55.84 -6.75
-0.78 18.65 6.19 -4.16 -3.97 0.64 0 0 0 -11.15 -9.15 0.36 1.47 7.65 21.66 1.87 5.29 -28.18 8.37 -16.38 -53.88 0 0 0 0 0 0 0 0 0 -0 -0 0 -0 -0 0 1.31 1.18 1.38 0.9 1.61 -0.79 0.14 0.8 -1.58 1.78 -0.31 -11.27 -0.06 -0.8 22.63 -0.41 -0.23 8.93 -0 -0 0 -91.14 10.36 33.76 20.8 -31.59 -5.94 -0 -0 17.37 -1.19 -24.5 0.49 -7.12 0 -0 -18.6 6.5 17.34 -0 -0 0 89.3 -15 31.07 -23.02 34.11 -7.15 0 0 17.28 -7.44 -27.57 3.46 7.12 -0 -0 24.65 -55.99 -6.95
-0.78 18.65 6.2 -4.25 -3.96 0.69 0 0 0 -11.07 -9.2 0.34 1.47 7.66 21.69 1.88 5.28 -28.23 8.37 -16.38 -53.87 0 0 0 0 0 0 0 0 0 -0 -0 0 -0 -0 0 1.39 1.14 1.34 0.9 1.56 -0.82 0.1 0.77 -1.58 1.87 -0.28 -11.24 -0.19 -0.74 22.6 -0.46 -0.21 8.91 -0 0 0 -91.09 10.36 33.85 20.8 -31.59 -5.94 -0 -0 17.06 -1.43 -24.33 0.59 -7.12 0 -0 -18.75 6.67 17.43 -0 0 0 89.32 -14.96 31.04 -22.91 33.99 -7.09 0 0 17.4 -7.49 -27.36 3.46 7.12 -0 -0 24.46 -55.81 -6.78
-0.78 18.65 6.2 -4.29 -3.99 0.72 0 0 0 -10.99 -9.06 0.26 1.47 7.66 21.7 1.86 5.33 -28.15 8.45 -16.44 -54.16 0 0 0 0 0 0 0 0 0 -0 -0 0 -0 -0 0 1.39 1.11 1.54 0.9 1.53 -0.95 0.1 0.75 -1.82 1.84 -0.28 -11.2 -0.16 -0.74 22.71 -0.45 -0.21 8.94 0 -0 0 -91.13 10.54 33.73 20.86 -31.66 -5.97 -0 -0 17.26 -1.57 -24.23 0.64 -7.12 0 -0 -18.83 6.76 17.48 0 -0 0 89.29 -15.16 31.18 -22.95 34.03 -7.11 0 0 17.43 -7.33 -27.41 3.39 7.12 -0 -0 24.65 -55.83 -6.85
-0.78 18.65 6.21 -4.22 -4.02 0.71 0 0 0 -11.09 -9.04 0.3 1.47 7.66 21.67 1.86 5.33 -28.14 8.44 -16.43 -54.12 0 0 0 0 0 0 0 0 0 -0 -0 0 -0 -0 0 1.31 1.11 1.64 0.88 1.52 -0.95 0.12 0.75 -1.88 1.84 -0.28 -11.25 -0.12 -0.76 22.75 -0.43 -0.22 8.96 0 0 0 -91.12 10.55 33.74 20.87 -31.68 -5.98 -0 -0 17.37 -1.57 -24.35 0.65 -7.12 0 -0 -18.83 6.65 17.52 0 0 0 89.24 -15.1 31.29 -22.89 33.97 -7.08 0 0 17.32 -7.57 -27.27 3.48 7.12 -0 -0 24.32 -55.75 -6.7
-0.78 18.65 6.21 -4.23 -4.08 0.75 0 0 0 -11.09 -9.09 0.3 1.47 7.65 21.66 1.86 5.45 -28.21 8.45 -16.44 -54.17 0 0 0 0 0 0 0 0 0 -0 -0 0 -0 -0 0 1.28 1.08 1.62 0.89 1.49 -0.97 0.14 0.73 -1.89 1.83 -0.24 -11.23 -0.07 -0.72 22.71 -0.41 -0.19 8.95 -0 0 0 -91.09 10.57 33.84 20.91 -31.73 -6 -0 -0 17.07 -1.58 -24.21 0.65 -7.12 0 -0 -18.84 6.79 17.48 -0 0 0 89.18 -15.13 31.54 -22.91 33.99 -7.09 0 0 17.19 -7.73 -27.36 3.57 7.12 -0 -0 24.23 -55.86 -6.74
-0.78 18.65 6.22 -4.22 -4.12 0.75 0 0 0 -11.12 -9.11 0.34 1.47 7.65 21.66 1.86 5.58 -28.26 8.46 -16.45 -54.2 0 0 0 0 0 0 0 0 0 -0 -0 0 -0 -0 0 1.31 1.09 1.67 0.88 1.5 -1 0.12 0.74 -1.95 1.7 -0.26 -11.22 0.05 -0.74 22.73 -0.35 -0.2 8.95 0 0 0 -91.09 10.57 33.84 20.87 -31.68 -5.98 -0 -0 17.16 -1.52 -24.44 0.63 -7.12 0 -0 -18.79 6.57 17.52 0 0 0 89.18 -15.19 31.5 -22.91 33.99 -7.09 0 0 17.21 -8.01 -27.52 3.72 7.12 -0 -0 24.06 -56.06 -6.81
-0.78 18.65 6.22 -4.24 -4.13 0.77 0 0 0 -11.16 -9.28 0.41 1.47 7.65 21.67 1.88 5.64 -28.4 8.42 -16.42 -54.06 0 0 0 0 0 0 0 0 0 -0 -0 0 -0 -0 0 1.37 1.08 1.78 0.85 1.5 -1.09 0.05 0.73 -2.1 1.72 -0.27 -11.18 0.12 -0.77 22.75 -0.34 -0.2 8.96 -0 0 0 -90.94 10.72 34 20.92 -31.74 -6.01 -0 -0 17.18 -1.48 -24.31 0.61 -7.12 0 -0 -18.78 6.69 17.45 -0 0 0 89.25 -15.23 31.35 -22.9 33.98 -7.08 0 0 17.33 -7.58 -27.77 3.55 7.12 -0 -0 24.66 -56.2 -7.08
-0.78 18.65 6.22 -4.27 -4.14 0.79 0 0 0 -11.11 -9.24 0.37 1.47 7.67 21.7 1.88 5.63 -28.39 8.46 -16.45 -54.19 0 0 0 0 0 0 0 0 0 -0 -0 0 -0 -0 0 1.38 1.07 1.81 0.88 1.49 -1.1 0.07 0.73 -2.13 1.78 -0.27 -11.32 0.05 -0.77 22.81 -0.37 -0.21 9 -0 0 0 -91.02 10.68 33.74 20.86 -31.67 -5.98 -0 -0 17.49 -1.48 -24.63 0.61 -7.12 0 -0 -18.76 6.39 17.55 -0 0 0 89.2 -15.17 31.33 -22.88 33.96 -7.07 0 0 17.4 -7.55 -27.73 3.53 7.12 -0 -0 24.65 -56.16 -7.05
-0.78 18.65 6.23 -4.35 -4.13 0.73 0 0 0 -10.97 -9.02 0.34 1.47 7.67 21.71 1.87 5.45 -28.24 8.43 -16.42 -54.09 0 0 0 0 0 0 0 0 0 -0 -0 0 -0 -0 0 1.42 1.07 1.89 0.91 1.49 -1.12 0.08 0.73 -2.2 2.03 -0.29 -11.29 -0.16 -0.8 22.85 -0.49 -0.22 9 -0 -0 0 -90.96 10.62 33.9 20.84 -31.64 -5.96 -0 -0 17.35 -1.45 -24.41 0.6 -7.12 0 -0 -18.76 6.59 17.46 -0 -0 0 89.21 -15.19 31.29 -22.84 33.91 -7.05 0 0 17.56 -7.69 -27.55 3.58 7.12 -0 -0 24.39 -56.03 -6.89
-0.78 18.65 6.23 -4.32 -4.12 0.72 0 0 0 -11.05 -9.23 0.46 1.47 7.67 21.71 1.89 5.54 -28.44 8.4 -16.4 -53.98 0 0 0 0 0 0 0 0 0 -0 -0 0 -0 -0 0 1.37 1.08 1.95 0.93 1.5 -1.09 0.13 0.73 -2.21 2.1 -0.3 -11.63 -0.26 -0.82 22.99 -0.54 -0.23 9.12 -0 -0 0 -90.95 10.51 34 20.92 -31.74 -6.01 -0 -0 17.29 -1.47 -24.4 0.61 -7.12 0 -0 -18.77 6.6 17.48 -0 -0 0 89.15 -15.09 31.27 -22.92 34 -7.09 0 0 17.52 -7.52 -27.37 3.47 7.12 -0 -0 24.44 -55.83 -6.79
-0.78 18.65 6.23 -4.29 -4.09 0.71 0 0 0 -10.99 -8.94 0.32 1.47 7.67 21.72 1.87 5.33 -28.17 8.43 -16.43 -54.09 0 0 0 0 0 0 0 0 0 -0 -0 0 -0 -0 0 1.41 1.04 1.93 0.91 1.45 -1.14 0.09 0.71 -2.24 2.18 -0.25 -11.38 -0.36 -0.74 22.9 -0.57 -0.2 9.04 0 0 0 -90.94 10.62 33.98 20.94 -31.75 -6.02 -0 -0 17.17 -1.43 -24.79 0.6 -7.12 0 -0 -18.73 6.23 17.58 0 0 0 89.13 -15.2 31.41 -22.94 34.02 -7.1 0 0 17.43 -7.41 -27.47 3.43 7.12 -0 -0 24.62 -55.9 -6.88
-0.78 18.65 6.23 -4.26 -4.11 0.74 0 0 0 -11.07 -9.16 0.41 1.47 7.66 21.68 1.88 5.49 -28.36 8.4 -16.41 -54.01 0 0 0 0 0 0 0 0 0 -0 -0 0 -0 -0 0 1.43 1.09 1.8 0.89 1.51 -1.11 0.06 0.74 -2.14 2.17 -0.29 -11.21 -0.3 -0.79 22.75 -0.55 -0.22 8.96 -0 -0 0 -90.93 10.61 34.01 20.94 -31.76 -6.02 -0 -0 17.23 -1.47 -24.73 0.61 -7.12 0 -0 -18.75 6.29 17.58 -0 -0 0 89.26 -15.17 31.22 -22.98 34.07 -7.13 0 0 17.5 -7.38 -27.64 3.44 7.12 -0 -0 24.76 -56.05 -7.01
-0.79 18.65 6.23 -4.19 -4.12 0.71 0 0 0 -11.14 -9.05 0.44 1.46 7.64 21.62 1.87 5.53 -28.3 8.45 -16.44 -54.17 0 0 0 0 0 0 0 0 0 -0 -0 0 -0 -0 0 1.37 1.12 1.79 0.87 1.55 -1.09 0.07 0.76 -2.11 2.11 -0.32 -11.08 -0.13 -0.87 22.75 -0.5 -0.24 8.93 -0 0 0 -90.94 10.63 34.05 20.91 -31.73 -6 -0 -0 17.29 -1.14 -24.55 0.48 -7.12 0 -0 -18.57 6.44 17.33 -0 0 0 89.32 -15.24 31.18 -22.99 34.07 -7.13 0 0 17.38 -7.71 -27.45 3.57 7.12 -0 -0 24.31 -55.94 -6.81
-0.79 18.65 6.23 -4.12 -4.14 0.72 0 0 0 -11.22 -9.1 0.51 1.45 7.61 21.55 1.88 5.58 -28.41 8.44 -16.43 -54.14 0 0 0 0 0 0 0 0 0 -0 -0 0 -0 -0 0 1.3 1.14 1.74 0.86 1.58 -1.06 0.09 0.77 -2.05 2.12 -0.41 -10.77 0.09 -1.04 22.69 -0.44 -0.3 8.85 0 0 0 -90.98 10.63 33.89 20.85 -31.65 -5.97 -0 -0 17.31 -1.48 -24.55 0.62 -7.12 0 -0 -18.77 6.46 17.53 0 0 0 89.38 -15.33 31.09 -22.97 34.05 -7.12 0 0 17.41 -7.51 -27.43 3.47 7.12 -0 -0 24.49 -55.88 -6.83
-0.8 18.65 6.23 -4.14 -4.15 0.72 0 0 0 -11.18 -9.22 0.53 1.46 7.63 21.59 1.89 5.7 -28.49 8.46 -16.45 -54.21 0 0 0 0 0 0 0 0 0 -0 -0 0 -0 -0 0 1.3 1.19 1.66 0.91 1.63 -1.12 0.14 0.8 -2.07 1.86 -0.73 -9.9 0.85 -1.59 22.86 -0.19 -0.5 8.75 0 0 0 -91.11 10.85 33.68 20.89 -31.7 -5.99 -0 -0 17.29 -1.51 -24.5 0.63 -7.12 0 -0 -18.79 6.51 17.53 0 0 0 89.31 -15.67 30.98 -23.21 34.32 -7.26 0 0 17.09 -7.34 -27.34 3.39 7.12 -0 -0 24.59 -55.77 -6.79
-0.81 18.65 6.23 -4.19 -4.08 0.63 0 0 0 -11.13 -9.44 0.66 1.46 7.65 21.65 1.89 5.81 -28.62 8.48 -16.46 -54.28 0 0 0 0 0 0 0 0 0 -0 -0 0 -0 -0 0 1.37 1.26 1.63 0.94 1.73 -1.16 0.13 0.85 -2.09 1.4 -1.23 -9.02 2.16 -2.53 23.99 0.24 -0.84 9 0 -0 0 -91.05 10.95 33.69 20.95 -31.77 -6.02 -0 -0 17.21 -1.27 -24.42 0.53 -7.12 0 -0 -18.65 6.57 17.36 0 -0 0 89.69 -16.26 29.52 -24.53 35.72 -8.02 0 0 15.51 -6.55 -27.38 3.02 7.12 -0 -0 25.39 -55.65 -6.96
-0.83 18.65 6.22 -4.17 -3.95 0.55 0 0 0 -11.04 -9.19 0.59 1.47 7.65 21.67 1.87 5.63 -28.33 8.51 -16.48 -54.38 0 0 0 0 0 0 0 0 0 -0 -0 0 -0 -0 0 1.43 1.23 1.51 0.99 1.69 -1.09 0.16 0.83 -1.95 0.82 -1.75 -8.98 3.58 -3.63 26.66 0.71 -1.21 9.99 0 0 0 -91.05 11.07 33.48 21.15 -32.01 -6.13 -0 -0 16.78 -1.43 -24.38 0.59 -7.12 0 -0 -18.75 6.62 17.45 0 0 0 89.66 -17.29 28.77 -28.35 39.44 -10.35 0 0 10.54 -6.49 -27.13 2.97 7.12 -0 -0 25.28 -55.41 -6.78
-0.84 18.65 6.21 -4.12 -4.06 0.46 0 0 0 -11.09 -9.19 0.71 1.46 7.64 21.64 1.88 5.66 -28.45 8.49 -16.47 -54.3 0 0 0 0 0 0 0 0 0 -0 -0 0 -0 -0 0 1.61 1.19 1.35 1.04 1.64 -0.91 0.12 0.81 -1.68 0.07 -2.18 -8.85 5.25 -4.73 29.39 1.33 -1.54 11.07 -0 -0 0 -91.01 11.1 33.06 21.21 -32.08 -6.16 -0 -0 16.73 -1.46 -24.35 0.6 -7.12 0 -0 -18.76 6.65 17.45 -0 -0 0 89.04 -18 28.4 -35.08 44.87 -14.87 0 0 6.81 -2.99 -28.38 1.42 7.12 -0 -0 29.56 -55.83 -8.37
-0.85 18.65 6.19 -4.1 -4.23 0.45 0 0 0 -11.03 -9.02 0.68 1.46 7.63 21.59 1.87 5.69 -28.37 8.47 -16.46 -54.25 0 0 0 0 0 0 0 0 0 -0 -0 0 -0 -0 0 1.79 1.1 1.22 1.11 1.52 -0.8 0.1 0.75 -1.49 0.16 -2.43 -8.43 6.09 -5.55 31.76 1.56 -1.75 11.99 -0 -0 0 -90.79 11.52 32.65 21.39 -32.29 -6.26 -0 -0 16.53 -1.77 -24.17 0.73 -7.12 0 -0 -18.96 6.83 17.58 -0 -0 0 88.19 -18.2 28.81 -43.33 49.92 -20.95 0 0 3.92 -2.57 -31.7 1.35 7.12 -0 -0 32.71 -58.56 -11.64
-0.88 18.65 6.18 -4.15 -4.46 0.37 0 0 0 -10.92 -8.9 0.8 1.45 7.6 21.52 1.87 5.79 -28.43 8.47 -16.45 -54.24 0 0 0 0 0 0 0 0 0 -0 -0 0 -0 -0 0 1.96 0.95 1.33 1.31 1.32 -0.66 0.21 0.65 -1.41 -0.23 -2.55 -7.98 7.09 -6.15 33.82 1.98 -1.91 12.84 -0 -0 0 -90.73 12.02 31.8 21.48 -32.38 -6.3 -0 -0 16.69 -1.9 -24.25 0.78 -7.12 0 -0 -19.03 6.77 17.68 -0 -0 0 87 -18.02 29.23 -54.1 54.52 -29.48 0 0 2.49 -4.38 -28.04 2.06 7.12 -0 -0 27.96 -55.8 -7.85
-0.9 18.65 6.16 -4.13 -4.7 0.36 0 0 0 -10.8 -8.6 0.76 1.43 7.57 21.4 1.85 5.73 -28.3 8.47 -16.45 -54.22 0 0 0 0 0 0 0 0 0 -0 -0 0 -0 -0 0 2.17 0.94 1.42 1.5 1.31 -0.49 0.29 0.64 -1.28 -0.25 -2.73 -7.45 7.46 -6.71 35.44 2.1 -2.08 13.49 0 0 0 -90.62 12.37 31.29 21.6 -32.52 -6.37 -0 -0 16.6 -1.68 -24.37 0.69 -7.12 0 -0 -18.89 6.64 17.59 0 0 0 85.79 -17.59 29.49 -68.5 58.18 -41.5 0 0 2.04 -5.08 -27.01 2.31 7.12 -0 -0 26.56 -55.03 -6.9
-0.93 18.64 6.15 -4.19 -4.83 0.27 0 0 0 -10.65 -8.51 0.92 1.41 7.52 21.27 1.85 5.79 -28.3 8.46 -16.45 -54.22 0 0 0 0 0 0 0 0 0 -0 -0 0 -0 -0 0 2.5 0.94 1.6 1.68 1.32 -0.33 0.28 0.65 -1.22 0.38 -3 -6.68 7.04 -7.21 36.79 1.8 -2.25 13.93 -0 -0 0 -90.45 12.86 30.76 21.91 -32.88 -6.54 -0 -0 16.17 -1.8 -24.15 0.73 -7.12 0 -0 -18.97 6.86 17.59 -0 -0 0 84.3 -16.97 30.13 -85.2 59.91 -55.84 0 0 1.16 -6.13 -25.97 2.69 7.12 -0 -0 24.87 -54.3 -5.96
-0.96 18.65 6.14 -4.06 -5.08 0.32 0 0 0 -10.77 -8.7 1.14 1.38 7.44 21.04 1.86 6.09 -28.56 8.41 -16.41 -54.03 0 0 0 0 0 0 0 0 0 -0 -0 0 -0 -0 0 2.73 1 1.65 1.8 1.41 -0.2 0.28 0.69 -1.1 -0.26 -3.27 -6.11 7.95 -8.02 38.54 2.25 -2.53 14.78 0 -0 0 -90.29 13.19 30.2 22.14 -33.13 -6.66 -0 -0 15.73 -1.81 -24.1 0.74 -7.12 0 -0 -18.98 6.9 17.58 0 -0 0 82.23 -15.89 31.27 -102.28 59.42 -70.62 0 0 0.67 -7.51 -24.76 3.16 7.12 -0 -0 22.79 -53.45 -4.94
-1.02 18.64 6.16 -4.19 -4.38 0.3 0 0 0 -10.17 -8.22 0.79 1.39 7.45 21.05 1.76 5.53 -27.54 8.58 -16.53 -54.63 0 0 0 0 0 0 0 0 0 -0 -0 0 -0 -0 0 3.01 0.78 1.44 2.11 1.11 0.07 0.45 0.55 -0.72 -0.5 -3.55 -5.3 8.29 -8.67 39.87 2.4 -2.79 15.35 0 0 0 -90.36 13.52 29.51 22.42 -33.45 -6.82 -0 -0 15.56 -1.55 -24.18 0.64 -7.12 0 -0 -18.83 6.81 17.45 0 0 0 79.76 -14.68 32.81 -117.71 56.89 -83.74 0 0 1.84 -8.92 -22.12 3.38 7.12 -0 -0 20.03 -51.23 -3.18
-1.06 18.64 6.16 -4.1 -4.1 0.11 0 0 0 -10.13 -8.21 0.97 1.38 7.43 20.99 1.72 5.53 -27.31 8.66 -16.58 -54.91 0 0 0 0 0 0 0 0 0 -0 -0 0 -0 -0 0 3.45 0.7 1.72 2.27 1 0.35 0.37 0.5 -0.59 -0.53 -3.84 -4.57 8.36 -9.26 40.98 2.42 -3.03 15.83 -0 0 0 -90.25 14.01 29.38 22.95 -34.03 -7.11 -0 -0 14.65 -1.7 -23.91 0.69 -7.12 0 -0 -18.93 7.08 17.46 -0 0 0 76.95 -12.58 34.61 -130.61 52.75 -94.31 0 0 0.54 -10.5 -20.22 3.66 7.12 -0 -0 17.67 -49.67 -2.09
-1.11 18.64 6.16 -4.08 -4.1 0.04 0 0 0 -10 -8.25 1.2 1.35 7.36 20.77 1.73 5.6 -27.36 8.62 -16.56 -54.76 0 0 0 0 0 0 0 0 0 -0 -0 0 -0 -0 0 3.95 0.7 2.15 2.39 1.03 0.56 0.21 0.51 -0.61 -0.69 -4.1 -3.9 8.67 -9.87 41.98 2.55 -3.26 16.31 -0 0 0 -90.15 14.64 29.28 23.44 -34.56 -7.38 -0 -0 14.06 -1.85 -23.87 0.75 -7.12 0 -0 -19.02 7.12 17.53 -0 0 0 74.02 -9.72 36.5 -139.91 48.12 -101.49 0 -0 -0.73 -8.06 -21.46 2.97 7.12 -0 -0 20.52 -50.48 -2.88
-1.16 18.64 6.17 -4.03 -4.17 0 0 0 0 -9.96 -8.29 1.44 1.33 7.3 20.6 1.71 5.83 -27.39 8.66 -16.59 -54.92 0 0 0 0 0 0 0 0 0 -0 -0 0 -0 -0 0 4.42 0.62 2.31 2.59 0.94 0.75 0.15 0.47 -0.5 -0.94 -4.3 -2.95 8.83 -10.31 42.86 2.67 -3.47 16.66 0 0 0 -90.36 15.38 29.18 23.83 -34.98 -7.61 -0 -0 13.45 -1.87 -24 0.76 -7.12 0 -0 -19.02 7 17.58 0 0 0 70.47 -6.22 39.47 -146.55 43.67 -106.27 0 -0 -4.53 -11.18 -19.35 3.75 7.12 -0 -0 16.68 -48.94 -1.66
-1.21 18.64 6.18 -4.08 -4.08 -0.03 0 0 0 -9.67 -8.02 1.36 1.32 7.29 20.57 1.66 5.87 -27.02 8.77 -16.66 -55.3 0 0 0 0 0 0 0 0 0 -0 -0 0 -0 -0 0 4.88 0.53 2.5 2.76 0.83 1.01 0.08 0.42 -0.34 -0.71 -4.6 -2.12 8.72 -10.84 43.45 2.55 -3.68 16.83 0 -0 0 -90.5 15.78 29.23 24.15 -35.33 -7.8 -0 -0 12.9 -1.75 -23.99 0.71 -7.12 0 -0 -18.95 7 17.51 0 -0 0 68.04 -2.85 40.54 -150.98 40.04 -109.22 0 -0 -5.77 -9.36 -17.66 2.86 7.12 -0 -0 17.7 -47.06 -0.93
-1.26 18.64 6.18 -4.12 -3.89 0.06 0 0 0 -9.42 -8.04 1.23 1.32 7.28 20.53 1.61 5.99 -26.74 8.88 -16.73 -55.68 0 0 0 0 0 0 0 0 0 -0 -0 0 -0 -0 0 5.34 0.46 2.66 2.95 0.75 1.23 0.02 0.38 -0.2 -0.59 -4.8 -1.48 8.79 -11.23 43.83 2.55 -3.82 16.95 0 0 0 -90.81 16.03 29.3 24.49 -35.68 -7.99 -0 -0 12.55 -1.58 -23.89 0.64 -7.12 0 -0 -18.86 7.09 17.38 0 0 0 65.84 0.42 41.58 -154.26 36.95 -111.27 0 -0 -7.19 -10.51 -16.35 2.99 7.12 -0 -0 16.18 -45.94 -0.38
-1.32 18.64 6.19 -4.12 -3.73 0.11 0 0 0 -9.24 -8.14 1.25 1.31 7.25 20.47 1.57 6.21 -26.63 8.96 -16.78 -55.96 0 0 0 0 0 0 0 0 0 -0 -0 0 -0 -0 0 5.63 0.43 2.84 3.17 0.72 1.47 0.08 0.37 -0.04 -0.53 -4.89 -1.17 8.94 -11.5 44.27 2.6 -3.9 17.18 -0 -0 0 -91.06 16.11 29.53 24.98 -36.18 -8.28 -0 -0 11.86 -1.48 -24.05 0.6 -7.12 0 -0 -18.79 6.94 17.37 -0 -0 0 63.93 3.45 42.09 -156.4 34.73 -112.52 0 -0 -7.93 -11.05 -16.12 3.1 7.12 -0 -0 15.62 -45.79 -0.31
-1.37 18.64 6.2 -4.17 -3.54 0.15 0 0 0 -9.01 -8.28 1.28 1.3 7.23 20.4 1.57 6.18 -26.63 8.94 -16.77 -55.87 0 0 0 0 0 0 0 0 0 -0 -0 0 -0 -0 0 5.98 0.38 3.25 3.41 0.69 1.57 0.13 0.36 -0.17 -0.35 -4.89 -0.83 8.79 -11.45 44.27 2.52 -3.87 17.06 -0 0 0 -91.16 16.23 30.01 25.42 -36.63 -8.54 -0 -0 11.34 -1.61 -23.91 0.65 -7.12 0 -0 -18.87 7.07 17.4 -0 0 0 62.82 5.15 42.49 -158.1 32.87 -113.47 0 -0 -8.56 -11.1 -15.54 3.01 7.12 -0 -0 15.38 -45.22 -0.09
-1.43 18.64 6.21 -4.16 -3.27 0.28 0 0 0 -8.81 -8.5 1.27 1.28 7.16 20.2 1.55 6.29 -26.52 8.95 -16.77 -55.91 0 0 0 0 0 0 0 0 0 -0 -0 0 -0 -0 0 6.24 0.32 3.52 3.64 0.64 1.71 0.23 0.34 -0.18 -0.2 -4.83 -0.72 8.63 -11.3 44.32 2.44 -3.79 17.02 0 -0 0 -91.26 16.01 30.4 25.69 -36.9 -8.7 -0 -0 10.87 -1.35 -24.07 0.55 -7.12 0 -0 -18.71 6.91 17.3 0 -0 0 61.63 6.69 42.1 -159.32 31.45 -114.12 0 -0 -9.47 -11.05 -15.71 3.03 7.12 -0 -0 15.48 -45.38 -0.15
-1.48 18.64 6.21 -4.27 -3.19 0.32 0 0 0 -8.53 -8.68 1.4 1.26 7.11 20.04 1.53 6.46 -26.51 8.98 -16.79 -56.01 0 0 0 0 0 0 0 0 0 -0 -0 0 -0 -0 0 6.74 0.27 3.95 3.81 0.62 1.9 0.13 0.33 -0.22 -0.14 -4.72 -0.59 8.86 -11.24 44.5 2.57 -3.72 17.11 -0 0 0 -91.19 15.92 30.87 26.14 -37.35 -8.97 -0 -0 10.47 -1.42 -24.07 0.58 -7.12 0 -0 -18.75 6.91 17.34 -0 0 0 61.18 7.59 42.18 -160 30.64 -114.47 0 -0 -9.36 -11.03 -15.09 2.9 7.12 -0 -0 15.31 -44.78 0.09
-1.54 18.64 6.22 -4.35 -3.2 0.43 0 0 0 -8.18 -8.44 1.25 1.25 7.08 19.95 1.52 6.35 -26.32 9.04 -16.83 -56.21 0 0 0 0 0 0 0 0 0 -0 -0 0 -0 -0 0 7.17 0.18 4.46 4.04 0.55 2.1 0.12 0.3 -0.31 0.03 -4.56 -0.41 8.73 -10.98 44.68 2.53 -3.6 17.13 0 0 0 -91.26 15.85 31.39 26.59 -37.79 -9.25 -0 -0 9.96 -1.59 -24.1 0.65 -7.12 0 -0 -18.85 6.89 17.45 0 0 0 60.46 8.28 41.59 -160.29 30.29 -114.62 0 -0 -9.48 -11.29 -15.21 3 7.12 -0 -0 15.1 -44.92 0.03
-1.59 18.65 6.21 -4.33 -3.23 0.59 0 0 0 -7.98 -8.55 1.15 1.23 7.04 19.83 1.51 6.46 -26.33 8.98 -16.79 -56.01 0 0 0 0 0 0 0 0 0 -0 -0 0 -0 -0 0 7.52 0.11 5.04 4.21 0.51 2.36 0.11 0.28 -0.36 0.37 -4.34 -0.54 8.48 -10.63 44.87 2.4 -3.4 17.2 0 0 0 -91.37 15.46 31.66 26.72 -37.91 -9.32 -0 -0 9.84 -1.14 -24.23 0.47 -7.12 0 -0 -18.58 6.75 17.23 0 0 0 59.75 8.77 40.68 -160.4 30.16 -114.67 0 -0 -9.87 -11.38 -14.83 2.95 7.12 -0 -0 14.91 -44.56 0.16
-1.65 18.66 6.2 -4.34 -3.14 0.94 0 0 0 -7.66 -8.4 0.69 1.22 7.02 19.77 1.43 6.56 -25.83 9.13 -16.89 -56.55 0 0 0 0 0 0 0 0 0 -0 -0 0 -0 -0 0 7.74 -0.33 5.4 4.75 -0.02 2.42 0.57 0.01 -0.52 -0.11 -3.57 0.09 8.45 -9.36 45.03 2.67 -2.97 17.04 -0 -0 0 -92.47 15.76 30.85 27.04 -38.21 -9.52 -0 -0 9.55 -1.11 -24 0.45 -7.12 0 -0 -18.58 6.97 17.14 -0 -0 0 58.5 9.42 41.21 -160.62 29.89 -114.78 0 -0 -10.39 -11.69 -14.96 3.06 7.12 -0 -0 14.67 -44.73 0.1
-1.72 18.66 6.18 -4.32 -2.9 1.25 0 0 0 -7.32 -8.37 0.17 1.21 6.99 19.68 1.36 6.52 -25.28 9.17 -16.91 -56.67 0 0 0 0 0 0 0 0 0 -0 -0 0 -0 -0 0 8.01 -0.52 6.13 5.03 -0.18 2.68 0.73 -0.07 -0.67 1.05 -2.94 -0.03 7.98 -8.36 45.11 2.37 -2.4 16.93 -0 -0 0 -92.77 15.49 30.72 27.28 -38.45 -9.67 -0 -0 9.31 -1.03 -23.99 0.42 -7.12 0 -0 -18.53 6.97 17.08 -0 -0 0 57.79 10.32 41 -160.81 29.66 -114.87 0 -0 -11.03 -11.86 -14.9 3.09 7.12 -0 -0 14.5 -44.69 0.11
-1.78 18.68 6.17 -4.31 -2.53 1.64 0 0 0 -6.99 -8.61 -0.33 1.2 6.96 19.59 1.32 6.52 -24.92 9.13 -16.89 -56.53 0 0 0 0 0 0 0 0 0 -0 -0 0 -0 -0 0 8.78 -0.19 6.66 4.8 0.31 3.16 0.04 0.2 -0.42 3.29 -2.84 -1.17 8.09 -8.63 44.92 1.96 -2.08 17.06 0 0 0 -91.41 14.6 32.49 27.34 -38.5 -9.71 -0 -0 8.72 -0.94 -24.1 0.38 -7.12 0 -0 -18.47 6.86 17.07 0 0 0 59.18 8.99 41.76 -161.5 28.79 -115.21 0 -0 -8.57 -11.99 -14.56 3.06 7.12 -0 -0 14.28 -44.37 0.23
-1.85 18.68 6.16 -4.37 -1.92 1.88 0 0 0 -6.58 -8.84 -0.77 1.2 6.94 19.53 1.26 6.45 -24.44 9.14 -16.9 -56.59 0 0 0 0 0 0 0 0 0 -0 -0 0 -0 -0 0 9.36 -0.1 7.33 4.9 0.54 3.4 -0.2 0.32 -0.52 4.82 -2.51 -1.61 8.18 -8.38 44.62 1.74 -1.7 16.94 -0 -0 0 -90.94 14.33 33.41 27.42 -38.58 -9.76 -0 -0 8.27 -0.87 -23.96 0.36 -7.12 0 -0 -18.44 6.99 16.98 -0 -0 0 59.02 9.38 40.84 -161.31 29.03 -115.12 0 -0 -8.82 -12.03 -14.53 3.06 7.12 -0 -0 14.23 -44.34 0.24
-1.92 18.69 6.15 -4.4 -1.19 2.03 0 0 0 -6.17 -9.04 -1.25 1.2 6.95 19.57 1.18 6.39 -23.78 9.22 -16.95 -56.86 0 0 0 0 0 0 0 0 0 -0 -0 0 -0 -0 0 9.74 -0.22 8.04 5.22 0.49 3.59 -0.07 0.3 -0.72 5.68 -1.91 -1.82 8.38 -7.68 44.52 1.76 -1.23 16.9 -0 -0 0 -91.15 14.38 33.49 27.57 -38.71 -9.85 -0 -0 7.98 -0.82 -23.91 0.33 -7.12 0 -0 -18.41 7.03 16.94 -0 -0 0 58.5 10.42 39.91 -161.09 29.31 -115.01 0 -0 -10.95 -11.43 -14.69 2.94 7.12 -0 -0 14.82 -44.43 0.21
-1.98 18.7 6.14 -4.43 -0.34 2.1 0 0 0 -5.81 -9.29 -1.65 1.2 6.96 19.61 1.12 6.19 -23.14 9.34 -17.02 -57.26 0 0 0 0 0 0 0 0 0 -0 -0 0 -0 -0 0 10.14 -0.32 8.66 5.53 0.47 3.77 0.04 0.29 -0.87 6.3 -1.4 -1.81 8.81 -7.14 44.32 1.92 -0.84 16.79 -0 -0 0 -91.43 14.39 33.59 27.64 -38.78 -9.9 -0 -0 7.57 -0.71 -23.83 0.29 -7.12 0 -0 -18.35 7.1 16.85 -0 -0 0 57.74 11.71 38.5 -160.7 29.79 -114.82 0 -0 -11.96 -11.43 -14.9 2.98 7.12 -0 -0 14.89 -44.64 0.14
-2.03 18.71 6.12 -4.34 0.61 2.21 0 0 0 -5.55 -9.26 -2.4 1.23 7.02 19.78 1.06 5.61 -22.21 9.34 -17.02 -57.27 0 0 0 0 0 0 0 0 0 -0 -0 0 -0 -0 0 10.55 -0.4 9.31 5.7 0.48 3.93 -0.01 0.3 -1.05 6.74 -1.03 -1.98 9.5 -6.91 44.23 2.18 -0.58 16.82 -0 -0 0 -91.47 14.37 33.87 27.82 -38.95 -10.01 -0 -0 7.22 -0.69 -23.87 0.28 -7.12 0 -0 -18.33 7.07 16.85 -0 -0 0 57.53 12.39 37.89 -160.63 29.87 -114.79 0 -0 -11.74 -11.38 -14.87 2.96 7.12 -0 -0 14.92 -44.61 0.15
-2.04 18.73 6.08 -4.36 0.88 2.84 0 0 0 -5.37 -9.55 -3.49 1.26 7.11 20.05 1.03 5.58 -21.96 9.28 -16.98 -57.05 0 0 0 0 0 0 0 0 0 -0 -0 0 -0 -0 0 11.31 -0.23 9.69 5.79 0.83 3.96 -0.36 0.47 -1.2 6.98 -0.82 -2.03 9.89 -6.75 44.21 2.35 -0.41 16.85 0 0 0 -91.95 13.96 33.25 27.58 -38.73 -9.86 -0 -0 7.64 -0.68 -24.08 0.28 -7.12 0 -0 -18.32 6.87 16.91 0 0 0 56.92 12.48 37.34 -160.59 29.93 -114.76 0 -0 -11.74 -11.8 -14.31 2.96 7.12 -0 -0 14.38 -44.1 0.33
-2.07 18.75 6.06 -4.19 1.69 3.06 0 0 0 -5.3 -9.77 -4.23 1.28 7.17 20.21 0.97 5.29 -21.23 9.24 -16.96 -56.93 0 0 0 0 0 0 0 0 0 -0 -0 0 -0 -0 0 11.62 -0.31 9.57 5.79 0.68 4.41 -0.51 0.43 -0.65 7.54 -0.75 -1.89 9.31 -6.41 43.84 2 -0.27 16.53 0 0 0 -91.61 13.47 34.03 27.84 -38.96 -10.02 -0 -0 6.57 -0.18 -23.62 0.07 -7.12 0 -0 -18.04 7.28 16.47 0 0 0 57.09 13.14 36.76 -160.6 29.91 -114.77 0 -0 -11.78 -11.6 -14.41 2.93 7.12 -0 -0 14.58 -44.18 0.3
-2.09 18.76 6.03 -4.09 2.17 3.31 0 0 0 -5.21 -9.8 -4.97 1.31 7.24 20.43 0.9 5.06 -20.42 9.29 -16.99 -57.09 0 0 0 0 0 0 0 0 0 -0 -0 0 -0 -0 0 11.64 -0.31 9.47 5.83 0.62 4.82 -0.47 0.43 -0.17 7.28 -0.69 -2.11 9.32 -6.3 44.02 2.08 -0.24 16.68 -0 -0 0 -91.71 12.96 33.87 27.93 -39.05 -10.08 -0 -0 5.99 0.37 -23.77 -0.15 -7.12 0 -0 -17.7 7.1 16.19 -0 -0 0 56.65 14.09 36.24 -160.44 30.1 -114.69 0 -0 -13.48 -11.19 -15.41 3.01 7.12 -0 -0 15.26 -45.11 -0.04
-2.08 18.78 6.01 -3.93 2.23 3.6 0 0 0 -5.3 -9.87 -5.45 1.32 7.27 20.51 0.88 4.97 -20.19 9.31 -17 -57.14 0 0 0 0 0 0 0 0 0 -0 -0 0 -0 -0 0 11.82 -0.23 10.11 5.45 0.85 4.75 -1 0.54 -0.56 7.52 -0.94 -1.69 8.98 -6.54 44.25 1.86 -0.34 16.7 0 0 0 -91.23 13.02 33.85 27.96 -39.08 -10.1 -0 -0 5.48 0.59 -23.86 -0.24 -7.12 0 -0 -17.57 7 16.1 0 0 0 56.85 13.64 36.52 -160.47 30.07 -114.71 0 -0 -15.66 -10.58 -17.07 3.14 7.12 -0 -0 16.37 -46.65 -0.68
-2.06 18.79 5.97 -4.12 1.86 3.99 0 0 0 -5.09 -9.99 -5.94 1.34 7.34 20.71 0.88 5.08 -20.25 9.24 -16.96 -56.91 0 0 0 0 0 0 0 0 0 -0 -0 0 -0 -0 0 11.38 -0.16 9.94 5.43 0.83 5.13 -0.77 0.55 -0.08 6.66 -1.23 -1.73 8.3 -6.59 44.46 1.71 -0.58 16.77 -0 -0 0 -91.47 12.59 33.22 27.91 -39.04 -10.07 -0 -0 5.18 1.23 -23.57 -0.49 -7.12 0 -0 -17.2 7.25 15.63 -0 -0 0 55.82 14.29 36.38 -160.46 30.09 -114.7 0 -0 -19.4 -9.53 -18.76 3.09 7.12 -0 -0 17.97 -48.14 -1.43
-2.02 18.8 5.94 -4.3 0.96 4.26 0 0 0 -5.04 -10 -6.1 1.36 7.38 20.84 0.89 5.58 -20.67 9.24 -16.96 -56.92 0 0 0 0 0 0 0 0 0 -0 -0 0 -0 -0 0 10.95 -0.07 10.77 5.07 1.04 5.06 -0.94 0.63 -0.59 5.68 -1.7 -1.22 7.66 -6.85 44.81 1.57 -0.93 16.82 -0 0 0 -91.31 12.79 32.43 27.74 -38.88 -9.96 -0 -0 5.21 1.46 -23.75 -0.59 -7.12 0 -0 -17.06 7.05 15.56 -0 0 0 55.1 13.86 36.38 -160.65 29.85 -114.8 0 -0 -22.47 -8.62 -20.76 3.08 7.12 -0 -0 19.67 -49.9 -2.46
-1.95 18.8 5.9 -4.62 -0.55 4.74 0 0 0 -5.01 -10.03 -6.32 1.38 7.45 21.04 0.97 6.42 -21.96 9.11 -16.88 -56.47 0 0 0 0 0 0 0 0 0 -0 -0 0 -0 -0 0 10.2 0.2 11.26 4.64 1.39 5.02 -1.02 0.78 -0.89 4.78 -2.23 -0.92 6.87 -7.21 45.1 1.33 -1.34 16.88 -0 -0 0 -91.03 12.77 31.8 27.45 -38.6 -9.78 -0 -0 5.19 1.59 -23.66 -0.64 -7.12 0 -0 -16.98 7.13 15.45 -0 -0 0 54.65 13.66 36.35 -160.77 29.7 -114.86 0 -0 -25.07 -7.53 -22.65 2.91 7.12 -0 -0 21.62 -51.5 -3.6
-1.9 18.79 5.87 -4.93 -1.71 4.71 0 0 0 -5 -9.35 -6.2 1.4 7.5 21.2 1.03 6.74 -22.74 8.99 -16.8 -56.06 0 0 0 0 0 0 0 0 0 -0 -0 0 -0 -0 0 9.11 0.19 11.66 4.15 1.28 5.24 -0.93 0.72 -0.9 3.9 -2.71 -0.79 6.13 -7.53 45.29 1.11 -1.74 16.92 0 0 0 -90.63 12.59 30.87 27.2 -38.37 -9.62 -0 -0 5.19 1.86 -23.48 -0.74 -7.12 0 -0 -16.82 7.29 15.24 0 0 0 53.39 14.06 36.24 -160.76 29.71 -114.85 0 -0 -27.95 -7.27 -23.87 2.96 7.12 -0 -0 22.52 -52.59 -4.39
-1.8 18.78 5.82 -5.29 -3.57 5.09 0 0 0 -5.13 -9.18 -6.2 1.43 7.56 21.38 1.14 7.65 -24.3 8.81 -16.68 -55.43 0 0 0 0 0 0 0 0 0 -0 -0 0 -0 -0 0 8.06 0.34 11.84 3.62 1.36 5.32 -0.92 0.75 -0.94 3.13 -3.12 -0.66 5.3 -7.74 45.44 0.84 -2.08 16.95 0 -0 0 -90.01 12.34 30.77 27.15 -38.32 -9.59 -0 -0 4.8 2.33 -23.17 -0.92 -7.12 0 -0 -16.55 7.56 14.88 0 -0 0 52.97 14 36.91 -160.92 29.52 -114.93 0 -0 -28.81 -6.65 -25.62 2.88 7.12 -0 -0 24.15 -54.08 -5.64
-1.68 18.77 5.77 -5.65 -5.38 5.42 0 0 0 -5.31 -8.78 -6.29 1.45 7.62 21.56 1.26 8.09 -25.55 8.59 -16.53 -54.65 0 0 0 0 0 0 0 0 0 -0 -0 0 -0 -0 0 7.01 0.49 12.02 3.05 1.45 5.31 -0.94 0.78 -1.06 2.16 -3.41 -0.64 5.25 -8.06 45.49 0.94 -2.42 17.01 -0 0 0 -89.75 11.72 29.35 26.75 -37.94 -9.34 -0 -0 5.82 1.98 -23.21 -0.78 -7.12 0 -0 -16.76 7.54 15.09 -0 0 0 52.78 13.83 37.3 -161.03 29.38 -114.98 0 -0 -29.03 -6 -26.27 2.66 7.12 -0 -0 25.18 -54.54 -6.2
-1.54 18.77 5.71 -5.99 -7.09 5.53 0 0 0 -5.49 -7.85 -6.43 1.49 7.72 21.86 1.35 8.14 -26.28 8.54 -16.5 -54.48 0 0 0 0 0 0 0 0 0 -0 -0 0 -0 -0 0 5.92 0.44 11.93 2.76 1.25 5.49 -0.61 0.67 -0.86 1 -3.38 -0.68 5.15 -7.81 45.12 1.12 -2.57 16.82 0 0 0 -89.81 11.07 28.28 26.68 -37.87 -9.3 -0 -0 6.14 2.08 -23.24 -0.82 -7.12 0 -0 -16.7 7.5 15.04 0 0 0 51.93 14.63 37.28 -161.03 29.38 -114.99 0 -0 -29.46 -5.58 -26.88 2.53 7.12 -0 -0 26 -55.01 -6.73
-1.41 18.76 5.67 -6.09 -8.69 5.63 0 0 0 -5.97 -7.37 -6.3 1.49 7.7 21.8 1.46 8.47 -27.29 8.31 -16.35 -53.69 0 0 0 0 0 0 0 0 0 -0 -0 0 -0 -0 0 4.87 0.8 11.76 2.07 1.57 5.57 -0.78 0.83 -0.68 2.04 -3.75 -0.86 4.23 -8.13 44.41 0.45 -2.68 16.34 -0 -0 0 -88.63 10.14 28.63 26.43 -37.63 -9.15 -0 -0 6.22 2.26 -23.69 -0.91 -7.12 0 -0 -16.58 7.06 15.07 -0 -0 0 51.3 15.17 35.43 -160.91 29.54 -114.92 0 -0 -30.64 -5.19 -27.34 2.39 7.12 -0 -0 26.68 -55.34 -7.15
-1.27 18.77 5.64 -6.16 -10.1 5.64 0 0 0 -6.51 -6.78 -6.26 1.5 7.75 21.95 1.55 8.72 -28.08 8.23 -16.29 -53.4 0 0 0 0 0 0 0 0 0 -0 -0 0 -0 -0 0 3.99 1.13 11.77 1.43 1.89 5.78 -0.98 0.99 -0.47 3.38 -3.98 -1.99 3.52 -8.41 43.42 -0.18 -2.69 15.93 0 -0 0 -87.39 9.1 29.41 26.7 -37.89 -9.31 -0 -0 5.96 2.39 -23.26 -0.94 -7.12 0 -0 -16.51 7.46 14.88 0 -0 0 51.34 15.9 34.87 -160.81 29.66 -114.87 0 -0 -30.35 -5.41 -27.9 2.54 7.12 -0 -0 26.87 -55.88 -7.56
-1.13 18.77 5.62 -5.92 -11.18 5.61 0 0 0 -7.26 -5.83 -6.56 1.53 7.81 22.13 1.58 8.57 -28.2 8.18 -16.25 -53.2 0 0 0 0 0 0 0 0 0 -0 -0 0 -0 -0 0 2.67 0.84 11.51 1.32 1.38 5.47 -0.29 0.7 -0.71 2.05 -3.28 -1.18 4.01 -7.11 41.35 0.44 -2.4 14.69 -0 0 0 -87.97 9.36 28.17 26.89 -38.07 -9.43 -0 -0 6.04 2.48 -23.76 -1 -7.12 0 -0 -16.44 6.98 14.97 -0 0 0 50.14 17.18 35.89 -160.75 29.73 -114.84 0 -0 -30.27 -6.25 -28.92 3.03 7.12 -0 -0 26.8 -56.96 -8.26
-1.01 18.77 5.58 -5.85 -11.84 5.56 0 0 0 -7.78 -5.47 -6.75 1.55 7.86 22.28 1.58 8.68 -28.29 8.14 -16.22 -53.06 0 0 0 0 0 0 0 0 0 -0 -0 0 -0 -0 0 1.85 0.77 11.44 0.92 1.19 5.4 -0.23 0.6 -0.76 2.15 -2.9 -1.15 4.04 -6.3 38.48 0.51 -2.12 13.26 0 -0 0 -87.43 8.97 28 27.1 -38.28 -9.56 -0 -0 5.84 2.4 -23.54 -0.96 -7.12 0 -0 -16.5 7.2 14.95 0 -0 0 49.09 18.81 35.32 -160.62 29.89 -114.78 0 -0 -30.1 -7.77 -30 3.9 7.12 -0 -0 26.13 -58.24 -8.85
-0.9 18.77 5.55 -5.72 -12.49 5.38 0 0 0 -8.29 -4.88 -6.9 1.57 7.91 22.45 1.62 8.52 -28.43 8.05 -16.15 -52.74 0 0 0 0 0 0 0 0 0 -0 -0 0 -0 -0 0 1.09 0.85 11.52 0.52 1.22 5.39 -0.22 0.61 -0.82 2.03 -2.48 -1.31 4.29 -5.48 35.16 0.69 -1.83 11.82 0 0 0 -86.86 8.47 27.9 27.16 -38.33 -9.6 -0 -0 5.96 2.92 -23.62 -1.17 -7.12 0 -0 -16.18 7.08 14.68 0 0 0 48.89 19.6 35.95 -161.07 29.33 -115 0 -0 -27.64 -9.53 -31.61 5.03 7.12 -0 -0 25.68 -60.07 -9.83
-0.81 18.78 5.52 -5.71 -13.04 5.33 0 0 0 -8.6 -4.57 -7.03 1.59 7.95 22.57 1.65 8.48 -28.59 7.97 -16.1 -52.47 0 0 0 0 0 0 0 0 0 -0 -0 0 -0 -0 0 0.34 0.94 11.33 0.2 1.25 5.38 -0.14 0.61 -0.75 1.87 -1.97 -1.57 4.47 -4.55 32.11 0.85 -1.48 10.63 0 0 0 -86.49 8.06 27.28 27.18 -38.35 -9.61 -0 -0 6.12 2.61 -23.69 -1.05 -7.12 0 -0 -16.37 7.04 14.87 0 0 0 46.69 23.1 32.97 -160.33 30.24 -114.64 0 -0 -28.05 -12.49 -32.3 6.75 7.12 -0 -0 23.2 -61.4 -9.55
-0.75 18.78 5.5 -5.65 -13.46 5.17 0 0 0 -8.92 -4.31 -7.05 1.61 8 22.72 1.67 8.51 -28.76 7.92 -16.06 -52.26 0 0 0 0 0 0 0 0 0 -0 -0 0 -0 -0 0 -0.35 1.11 11.36 -0.13 1.39 5.29 -0.1 0.68 -0.86 2.27 -1.49 -1.6 3.92 -3.55 29.02 0.66 -1.1 9.44 -0 -0 0 -86.05 7.98 27.12 27.21 -38.38 -9.63 -0 -0 5.93 3.07 -23.4 -1.22 -7.12 0 -0 -16.1 7.29 14.52 -0 -0 0 45.27 25.39 31.38 -160.11 30.51 -114.53 0 -0 -27.78 -11.38 -34.59 6.52 7.12 -0 -0 26.6 -63.16 -12.16
-0.71 18.78 5.47 -5.65 -13.58 5.2 0 0 0 -9.03 -4.44 -7.19 1.62 8.03 22.81 1.69 8.55 -28.93 7.84 -16 -51.99 0 0 0 0 0 0 0 0 0 -0 -0 0 -0 -0 0 -0.91 1.31 11.14 -0.46 1.6 5.17 -0.15 0.78 -0.87 2.66 -1.23 -1.54 3.55 -2.94 26.12 0.51 -0.87 8.37 -0 -0 0 -85.64 7.67 26.8 26.87 -38.05 -9.42 -0 -0 6.28 3.11 -23.45 -1.24 -7.12 0 -0 -16.07 7.23 14.52 -0 -0 0 43.88 27.29 29.78 -159.84 30.84 -114.39 0 -0 -27.09 -15.08 -33.98 8.56 7.12 -0 -0 21.98 -63.59 -10.15
-0.69 18.78 5.45 -5.72 -13.59 5.02 0 0 0 -9.05 -4.7 -6.97 1.63 8.05 22.87 1.73 8.61 -29.21 7.77 -15.94 -51.71 0 0 0 0 0 0 0 0 0 -0 -0 0 -0 -0 0 -1.32 1.52 11 -0.75 1.84 5.2 -0.25 0.89 -0.77 2.91 -1.03 -1.94 3.13 -2.49 24.13 0.35 -0.71 7.76 -0 0 0 -85.31 7.33 26.37 26.53 -37.72 -9.21 -0 -0 6.49 3.08 -23.56 -1.23 -7.12 0 -0 -16.09 7.13 14.57 -0 0 0 42.51 28.92 27.61 -159.56 31.17 -114.24 0 -0 -26.86 -14.21 -34.12 8.08 7.12 -0 -0 23.07 -63.48 -10.63
-0.68 18.78 5.44 -5.77 -13.68 4.87 0 0 0 -9.1 -5.1 -6.66 1.64 8.06 22.9 1.77 8.88 -29.64 7.74 -15.93 -51.63 0 0 0 0 0 0 0 0 0 -0 -0 0 -0 -0 0 -1.6 1.66 10.75 -1 2 5.12 -0.35 0.97 -0.72 3.03 -0.89 -1.84 2.24 -2.04 22.61 0.07 -0.58 7.22 -0 0 0 -85.23 7.6 25.75 26.47 -37.67 -9.18 -0 -0 6.79 2.99 -23.54 -1.2 -7.12 0 -0 -16.14 7.16 14.61 -0 0 0 41.17 30.29 26.17 -159.27 31.51 -114.09 0 -0 -26.24 -14.6 -33.91 8.27 7.12 -0 -0 22.43 -63.39 -10.27
-0.7 18.78 5.41 -5.92 -13.29 5.01 0 0 0 -8.75 -5.19 -7.02 1.65 8.09 22.98 1.72 8.8 -29.28 7.79 -15.97 -51.81 0 0 0 0 0 0 0 0 0 -0 -0 0 -0 -0 0 -1.92 1.67 10.51 -1.24 1.98 5.01 -0.41 0.96 -0.7 3.17 -0.84 -1.98 1.71 -1.84 21.42 -0.11 -0.54 6.85 0 -0 0 -85 7.61 25.16 26.18 -37.38 -8.99 -0 -0 7.06 3.03 -23.45 -1.2 -7.12 0 -0 -16.12 7.24 14.57 0 -0 0 40.25 31.34 24.87 -158.97 31.87 -113.93 0 -0 -24.03 -15.14 -32.75 8.33 7.12 -0 -0 20.75 -62.47 -9.02
-0.74 18.78 5.38 -6 -12.9 5.15 0 0 0 -8.48 -5.64 -7.2 1.65 8.09 22.99 1.69 8.9 -29.18 7.87 -16.02 -52.09 0 0 0 0 0 0 0 0 0 -0 -0 0 -0 -0 0 -2.28 1.67 10.39 -1.37 1.94 4.8 -0.35 0.94 -0.86 2.78 -0.92 -2.14 1.2 -1.8 21.22 -0.2 -0.59 6.8 0 -0 0 -85.04 7.74 24.64 25.86 -37.07 -8.8 -0 -0 7.42 3.17 -23.56 -1.27 -7.12 0 -0 -16.04 7.13 14.52 0 -0 0 39.95 31.59 24.51 -158.89 31.95 -113.89 0 -0 -21.64 -15.68 -31.53 8.35 7.12 -0 -0 19.12 -61.47 -7.83
-0.78 18.78 5.35 -5.97 -12.51 5.27 0 0 0 -8.28 -5.81 -7.43 1.64 8.07 22.91 1.66 8.82 -28.89 7.89 -16.04 -52.17 0 0 0 0 0 0 0 0 0 -0 -0 0 -0 -0 0 -2.57 1.73 10.29 -1.6 1.99 4.63 -0.43 0.96 -0.98 2.45 -1.3 -2.27 0.7 -2.21 21.5 -0.33 -0.84 6.91 0 -0 0 -84.99 7.81 24.26 25.68 -36.89 -8.69 -0 -0 7.66 2.98 -23.61 -1.19 -7.12 0 -0 -16.15 7.09 14.64 0 -0 0 40.08 31.23 24.35 -159 31.83 -113.95 0 -0 -21.16 -15.87 -30.95 8.31 7.12 -0 -0 18.46 -60.97 -7.33
-0.83 18.78 5.33 -6.06 -12.42 5.19 0 0 0 -8.04 -6 -7.25 1.63 8.04 22.84 1.65 8.94 -28.91 7.89 -16.04 -52.16 0 0 0 0 0 0 0 0 0 -0 -0 0 -0 -0 0 -2.82 1.74 10.21 -1.67 1.98 4.57 -0.36 0.96 -1.01 1.61 -1.7 -2.45 0.44 -2.65 22.57 -0.31 -1.13 7.29 0 0 0 -85.17 8.19 24.16 25.76 -36.97 -8.74 -0 -0 7.53 3.26 -23.61 -1.31 -7.12 0 -0 -15.98 7.07 14.48 0 0 0 40.42 31.2 24.42 -159.07 31.74 -113.99 0 -0 -21.37 -15.22 -30.66 7.9 7.12 -0 -0 18.94 -60.54 -7.33
-0.86 18.77 5.33 -6.16 -12.67 4.78 0 0 0 -7.91 -6.03 -6.55 1.62 8.02 22.76 1.69 9.09 -29.3 7.83 -15.99 -51.96 0 0 0 0 0 0 0 0 0 -0 -0 0 -0 -0 0 -2.88 1.86 10.29 -1.71 2.14 4.65 -0.39 1.03 -0.97 0.36 -2.53 -2.8 -0.13 -3.58 24.31 -0.38 -1.71 7.94 -0 0 0 -85.38 8.26 24.19 25.66 -36.87 -8.68 -0 -0 7.54 3.26 -23.86 -1.32 -7.12 0 -0 -15.98 6.83 14.56 -0 0 0 40.81 30.93 24.29 -159.19 31.61 -114.05 0 -0 -21.95 -14.65 -30.06 7.46 7.12 -0 -0 19.09 -59.84 -7.07
-0.91 18.76 5.32 -6.27 -12.98 4.58 0 0 0 -7.72 -5.97 -6.2 1.61 8.01 22.75 1.71 9.28 -29.52 7.8 -15.97 -51.83 0 0 0 0 0 0 0 0 0 -0 -0 0 -0 -0 0 -2.85 1.92 10.28 -1.77 2.22 4.71 -0.47 1.07 -0.9 -0.7 -3.39 -2.34 -1.45 -4.36 25.39 -0.7 -2.29 8.22 -0 -0 0 -85.44 8.32 24.01 25.71 -36.92 -8.71 -0 -0 7.65 3.75 -23.95 -1.52 -7.12 0 -0 -15.68 6.7 14.3 -0 -0 0 41.24 30.68 24.12 -159.3 31.48 -114.11 0 -0 -21.87 -14 -29.35 6.97 7.12 -0 -0 19.26 -59.03 -6.76
-0.95 18.76 5.31 -6.38 -13.31 4.57 0 0 0 -7.51 -5.92 -6.03 1.61 7.99 22.69 1.72 9.46 -29.73 7.79 -15.96 -51.79 0 0 0 0 0 0 0 0 0 -0 -0 0 -0 -0 0 -2.85 1.95 10.11 -1.82 2.26 4.66 -0.53 1.09 -0.85 -2.83 -4.17 -2.86 -1.53 -5.18 28.03 -0.49 -2.9 9.3 0 0 0 -85.19 8.46 24.02 25.79 -37 -8.76 -0 -0 7.77 3.53 -23.62 -1.42 -7.12 0 -0 -15.82 7.04 14.33 0 0 0 41.75 29.89 24.6 -159.68 31.03 -114.3 0 -0 -21.82 -13.83 -29.41 6.89 7.12 -0 -0 19.47 -59.04 -6.84
-0.99 18.75 5.29 -6.48 -13.71 4.44 0 0 0 -7.26 -5.54 -5.89 1.61 8 22.72 1.72 9.46 -29.76 7.81 -15.98 -51.88 0 0 0 0 0 0 0 0 0 -0 -0 0 -0 -0 0 -2.97 1.88 10.03 -1.85 2.17 4.77 -0.47 1.04 -0.69 -4.16 -4.74 -2.72 -2.14 -5.66 30 -0.56 -3.34 10.04 0 0 0 -84.94 8.3 23.87 25.72 -36.93 -8.72 -0 -0 7.68 3.78 -23.82 -1.53 -7.12 0 -0 -15.66 6.83 14.24 0 0 0 41.3 30.14 23.9 -159.4 31.36 -114.16 0 -0 -22.9 -12.9 -29.3 6.39 7.12 -0 -0 20.37 -58.73 -7.02
-1.03 18.74 5.28 -6.49 -14.21 4.36 0 0 0 -7.2 -5.36 -5.69 1.61 8.01 22.75 1.74 9.65 -30.02 7.83 -15.99 -51.94 0 0 0 0 0 0 0 0 0 -0 -0 0 -0 -0 0 -3.18 1.8 9.89 -1.96 2.04 4.76 -0.45 0.98 -0.63 -5.39 -5.09 -1.75 -2.82 -5.87 31.36 -0.62 -3.67 10.41 0 0 0 -84.73 8.51 23.52 25.9 -37.11 -8.83 -0 -0 7.61 3.62 -23.58 -1.45 -7.12 0 -0 -15.76 7.07 14.26 0 0 0 41.51 29.45 24.49 -159.68 31.03 -114.3 0 -0 -23.2 -12.94 -29.3 6.41 7.12 -0 -0 20.33 -58.74 -7.01
-1.06 18.74 5.28 -6.67 -14.76 4.28 0 0 0 -6.93 -4.94 -5.56 1.63 8.04 22.83 1.75 9.73 -30.15 7.83 -15.99 -51.96 0 0 0 0 0 0 0 0 0 -0 -0 0 -0 -0 0 -3.23 1.78 9.82 -2.11 2.02 4.79 -0.57 0.97 -0.56 -6.16 -5.34 -1.35 -3.33 -6 33.1 -0.73 -3.91 11.04 0 -0 0 -84.38 8.43 23.46 25.86 -37.07 -8.8 -0 -0 7.62 3.59 -23.77 -1.45 -7.12 0 -0 -15.77 6.89 14.34 0 -0 0 41.5 29.08 24.33 -159.66 31.05 -114.3 0 -0 -23.86 -11.98 -29.12 5.9 7.12 -0 -0 21.19 -58.37 -7.13
-1.09 18.73 5.28 -6.68 -15.21 4.15 0 0 0 -6.93 -4.95 -5.15 1.62 8.03 22.8 1.81 9.88 -30.61 7.78 -15.96 -51.77 0 0 0 0 0 0 0 0 0 -0 -0 0 -0 -0 0 -3.49 1.72 9.73 -2.24 1.91 4.84 -0.55 0.91 -0.46 -6.38 -5.66 -1.76 -4.92 -5.88 35.66 -1.39 -4.12 12.13 -0 0 0 -84.25 8.32 23.2 25.9 -37.11 -8.83 -0 -0 7.63 3.66 -23.72 -1.48 -7.12 0 -0 -15.73 6.94 14.28 -0 0 0 41.33 28.87 24.38 -159.72 30.98 -114.33 0 -0 -24.3 -11.01 -29.01 5.39 7.12 -0 -0 22.1 -58.04 -7.29
-1.12 18.72 5.29 -6.81 -15.59 3.98 0 0 0 -6.76 -4.69 -4.81 1.63 8.04 22.84 1.85 9.85 -30.86 7.77 -15.95 -51.74 0 0 0 0 0 0 0 0 0 -0 -0 0 -0 -0 0 -3.67 1.76 9.61 -2.46 1.95 4.91 -0.67 0.93 -0.32 -7.05 -5.63 -1.86 -5.47 -5.5 37.9 -1.56 -4.16 13.16 0 -0 0 -83.95 8.16 23.15 25.98 -37.19 -8.88 -0 -0 7.64 3.79 -23.63 -1.52 -7.12 0 -0 -15.66 7.02 14.18 0 -0 0 41.05 28.69 23.99 -159.78 30.91 -114.36 0 -0 -25 -10.32 -28.68 4.99 7.12 -0 -0 22.56 -57.6 -7.2
-1.15 18.71 5.32 -6.93 -15.49 3.57 0 0 0 -6.61 -4.6 -4.23 1.63 8.05 22.85 1.86 9.79 -30.86 7.83 -15.99 -51.93 0 0 0 0 0 0 0 0 0 -0 -0 0 -0 -0 0 -3.85 1.7 9.53 -2.63 1.86 5.03 -0.73 0.88 -0.15 -6.81 -5.26 -1.75 -6.67 -4.54 39.53 -2.06 -3.9 13.86 -0 0 0 -83.72 8.08 23.19 26.17 -37.37 -8.99 -0 -0 7.46 4.01 -23.72 -1.62 -7.12 0 -0 -15.52 6.91 14.08 -0 0 0 40.5 28.9 23.84 -159.65 31.06 -114.29 0 -0 -25.01 -9.72 -28.85 4.72 7.12 -0 -0 23.29 -57.62 -7.47
-1.19 18.69 5.35 -7.09 -15.04 3.19 0 0 0 -6.32 -4.71 -3.76 1.64 8.07 22.94 1.86 9.67 -30.78 7.88 -16.03 -52.12 0 0 0 0 0 0 0 0 0 -0 -0 0 -0 -0 0 -4.05 1.9 9.64 -2.88 2.11 5.18 -0.91 0.99 -0.05 -5.48 -4.65 -2.02 -7.57 -3.43 40.89 -2.62 -3.37 14.5 0 0 0 -83.23 7.46 23.5 26.24 -37.44 -9.03 -0 -0 7.19 3.82 -23.62 -1.53 -7.12 0 -0 -15.64 7.02 14.16 0 0 0 39.65 28.69 22.83 -159.63 31.09 -114.28 0 -0 -24.64 -8.41 -28.76 4.07 7.12 -0 -0 24.54 -57.27 -7.69
-1.24 18.68 5.41 -7.35 -14.33 2.81 0 0 0 -5.87 -4.67 -3.4 1.66 8.12 23.07 1.81 9.46 -30.3 8.02 -16.14 -52.64 0 0 0 0 0 0 0 0 0 -0 -0 0 -0 -0 0 -4.18 2.1 9.6 -3.09 2.37 5.16 -1.08 1.13 -0.05 -4.08 -3.64 -2.19 -7.87 -1.94 42.04 -2.91 -2.58 15.1 0 0 0 -82.77 7.36 23.92 26.6 -37.79 -9.25 -0 -0 6.48 3.57 -23.18 -1.41 -7.12 0 -0 -15.8 7.46 14.18 0 0 0 39.2 28.48 22.84 -159.65 31.06 -114.29 0 -0 -24.15 -7.56 -28.51 3.62 7.12 -0 -0 25.2 -56.86 -7.66
-1.29 18.66 5.48 -7.56 -13.13 2.2 0 0 0 -5.46 -4.92 -2.86 1.69 8.19 23.28 1.73 9.32 -29.73 8.25 -16.3 -53.47 0 0 0 0 0 0 0 0 0 -0 -0 0 -0 -0 0 -4.87 1.72 9.59 -2.56 1.82 5.3 -0.08 0.83 0.07 -4.11 -1.75 -2.65 -8.34 1.19 42.86 -2.8 -1.34 15.79 0 0 0 -84.63 7.81 21.43 27.15 -38.33 -9.59 -0 -0 7.07 4.99 -24.99 -2.11 -7.12 0 -0 -14.93 5.6 13.89 0 0 0 38.47 29.53 23.74 -159.52 31.22 -114.22 0 -0 -23.87 -6.17 -27.13 2.82 7.12 -0 -0 25.59 -55.35 -6.83
-1.35 18.65 5.57 -7.91 -11.42 1.69 0 0 0 -4.85 -5.44 -2.55 1.75 8.32 23.68 1.72 8.59 -29.13 8.4 -16.41 -54 0 0 0 0 0 0 0 0 0 -0 -0 0 -0 -0 0 -5.35 1.38 9.67 -2.04 1.34 5.35 0.77 0.57 0.07 -3.83 0.07 -2.98 -8.09 3.93 43.69 -2.45 -0.14 16.47 0 0 0 -85.94 7.62 19.57 27.35 -38.52 -9.72 -0 -0 6.76 4.02 -24.75 -1.68 -7.12 0 -0 -15.51 5.92 14.38 0 0 0 36.6 31.5 24.1 -159.33 31.44 -114.12 0 -0 -23.86 -3.96 -26.74 1.78 7.12 -0 -0 27.45 -54.58 -6.85
-1.4 18.63 5.67 -8.09 -9.39 1.11 0 0 0 -4.46 -6.17 -2.13 1.78 8.4 23.94 1.65 8.12 -28.34 8.66 -16.58 -54.9 0 0 0 0 0 0 0 0 0 -0 -0 0 -0 -0 0 -5.84 1.33 9.86 -1.56 1.23 5.38 1.54 0.51 -0.01 -2.96 1.96 -3.25 -6.55 6.24 44.92 -1.64 1.12 17.3 0 -0 0 -87.2 7.63 18.18 27.87 -38.99 -10.04 -0 -0 5.63 3.67 -24.32 -1.51 -7.12 0 -0 -15.72 6.35 14.45 0 -0 0 35.54 33.1 24.2 -159.26 31.53 -114.09 0 -0 -24.37 -0.85 -27.26 0.39 7.12 -0 -0 30.76 -54.45 -7.69
-1.44 18.61 5.79 -8.16 -6.97 0.59 0 0 0 -4.24 -7.26 -1.83 1.82 8.49 24.21 1.61 7.45 -27.66 8.82 -16.69 -55.45 0 0 0 0 0 0 0 0 0 -0 -0 0 -0 -0 0 -5.84 1.48 10.29 -1.26 1.39 5.18 1.82 0.6 -0.47 -1.69 3.44 -2.67 -4.43 7.55 45.88 -0.73 2.13 17.67 0 0 0 -87.91 8.03 17.64 28.19 -39.29 -10.24 -0 -0 5.14 6.24 -24.67 -2.61 -7.12 0 -0 -14.17 5.8 13.08 0 0 0 36.15 34.04 24.76 -159.19 31.6 -114.05 0 -0 -24.9 1.59 -27.93 -0.74 7.12 -0 -0 33.53 -54.56 -8.6
-1.47 18.6 5.91 -8.09 -4.11 -0.01 0 0 0 -4.12 -8.19 -1.8 1.88 8.61 24.6 1.56 6.19 -26.56 8.98 -16.79 -56.01 0 0 0 0 0 0 0 0 0 -0 -0 0 -0 -0 0 -5.66 1.74 10.75 -0.88 1.74 5.22 2.07 0.78 -0.71 -0.28 4.32 -2.48 -2.35 7.95 46.63 0.05 2.81 18 0 -0 0 -88.4 8.1 17.26 27.93 -39.05 -10.08 -0 -0 5.12 7.78 -27.02 -3.55 -7.12 0 -0 -13.29 3.37 12.85 0 -0 0 37.39 34.35 25.59 -158.94 31.9 -113.92 0 -0 -25.54 4.84 -27.4 -2.23 7.12 -0 -0 36.11 -53.52 -8.43
-1.47 18.58 6.03 -7.79 -1.11 -0.55 0 0 0 -4.35 -9.09 -1.98 1.95 8.76 25.06 1.5 4.95 -25.39 9.18 -16.92 -56.71 0 0 0 0 0 0 0 0 0 -0 -0 0 -0 -0 0 -5.22 2.12 11.16 -0.55 2.27 5.3 2.09 1.05 -0.89 1.42 4.68 -2.11 -0.23 7.45 47.12 0.68 3.2 18.13 0 -0 0 -88.79 8.31 17.41 28.11 -39.22 -10.19 -0 -0 4.9 8.79 -26.7 -3.97 -7.12 0 -0 -12.69 3.57 12.18 0 -0 0 39.77 33.01 26.76 -159.02 31.8 -113.96 0 -0 -26.08 8.97 -26.32 -4 7.12 -0 -0 38.96 -51.91 -7.59
-1.43 18.58 6.15 -7.32 1.57 -0.84 0 0 0 -4.93 -9.94 -2.34 2.02 8.9 25.48 1.46 3.74 -24.46 9.22 -16.95 -56.85 0 0 0 0 0 0 0 0 0 -0 -0 0 -0 -0 0 -4.09 2.6 11.35 -0.41 3.02 5.33 1.51 1.45 -0.97 3.31 4.64 -1.52 1.99 6.21 47.26 1.21 3.35 18.02 0 -0 0 -88.52 8.95 18.7 28.5 -39.58 -10.44 -0 -0 4.23 9.77 -24.87 -4.14 -7.12 0 -0 -12.04 5.26 11.14 0 -0 0 43.23 31.42 27.63 -159.08 31.73 -113.99 0 -0 -27.08 13.11 -25.83 -5.79 7.12 -0 -0 42.13 -50.83 -7.15
-1.41 18.58 6.28 -7.01 4.52 -1.25 0 0 0 -5.29 -10.71 -2.63 2.08 9.04 25.92 1.41 2.37 -23.42 9.32 -17.01 -57.2 0 0 0 0 0 0 0 0 0 -0 -0 0 -0 -0 0 -2.75 3.11 11.45 -0.1 3.84 5.47 0.97 1.87 -0.87 4.9 3.85 -1.1 4.28 3.87 47.14 1.67 3.01 17.83 0 -0 0 -87.88 9.66 20.13 28.12 -39.22 -10.2 -0 -0 4.04 9.8 -25.02 -4.18 -7.12 0 -0 -12.03 5.1 11.16 0 -0 0 46.93 28.78 28.33 -159.4 31.36 -114.16 0 -0 -27.43 15.13 -25.79 -6.71 7.12 -0 -0 43.78 -50.47 -7.09
-1.38 18.58 6.38 -6.6 6.86 -1.56 0 0 0 -5.79 -11.18 -2.8 2.13 9.13 26.19 1.37 1.25 -22.6 9.4 -17.06 -57.47 0 0 0 0 0 0 0 0 0 -0 -0 0 -0 -0 0 -1.25 3.62 11.78 0.12 4.66 5.48 0.25 2.31 -0.97 6.44 2.57 -0.92 5.65 1.17 46.94 1.68 2.38 17.75 -0 0 0 -86.73 10.89 22.47 28.24 -39.33 -10.27 -0 -0 3.71 9.45 -23.66 -3.82 -7.12 0 -0 -12.21 6.47 11.01 -0 0 0 49.33 26.84 27.51 -159.56 31.17 -114.24 0 -0 -28.43 15.08 -26.09 -6.76 7.12 -0 -0 43.96 -50.7 -7.43
-1.34 18.58 6.47 -6.15 8.5 -1.56 0 0 0 -6.3 -11.36 -3.08 2.14 9.16 26.29 1.31 0.41 -21.76 9.46 -17.1 -57.68 0 0 0 0 0 0 0 0 0 -0 -0 0 -0 -0 0 -0.34 3.44 11.94 0.97 4.54 5.61 0.63 2.26 -0.92 5.77 1.81 -1.02 6.51 -0.22 46.77 2.02 1.83 17.68 -0 -0 0 -87.71 12.24 22.3 28.16 -39.26 -10.22 -0 -0 4.06 8.58 -22.57 -3.31 -7.12 0 -0 -12.73 7.63 11.21 -0 -0 0 52.86 25.43 28.75 -159.7 31 -114.31 0 -0 -28.92 15.66 -25.2 -6.81 7.12 -0 -0 43.78 -49.93 -6.42
-1.32 18.59 6.54 -5.86 9.46 -1.42 0 0 0 -6.62 -11.6 -3.23 2.14 9.16 26.29 1.28 -0.15 -21.31 9.45 -17.09 -57.63 0 0 0 0 0 0 0 0 0 -0 -0 0 -0 -0 0 1.06 3.73 12.19 1.31 5.09 5.66 0.11 2.55 -0.92 6.02 0.38 -1.43 7.71 -2.95 46.31 2.17 0.91 17.63 -0 0 0 -87.15 13.16 23.95 27.92 -39.04 -10.07 -0 -0 4 7.45 -21.75 -2.78 -7.12 0 -0 -13.42 8.53 11.62 -0 0 0 56.88 22.74 28.42 -160.03 30.6 -114.49 0 -0 -29.86 16.5 -25.03 -7.15 7.12 -0 -0 44.33 -49.66 -6.19
-1.31 18.61 6.59 -5.57 9.58 -1.05 0 0 0 -6.93 -11.53 -3.42 2.12 9.11 26.13 1.27 -0.3 -21.21 9.43 -17.08 -57.56 0 0 0 0 0 0 0 0 0 -0 -0 0 -0 -0 0 2.36 3.87 12.51 1.64 5.43 5.56 -0.33 2.74 -1.1 6.01 -1.02 -1.54 8.82 -5.54 45.74 2.32 -0.03 17.49 -0 0 0 -87.05 14.22 24.53 27.52 -38.67 -9.82 -0 -0 3.62 5.6 -24.34 -2.31 -7.12 0 -0 -14.56 6.18 13.36 -0 0 0 60.2 20.46 28.18 -160.34 30.23 -114.64 0 -0 -31.23 16.84 -25.11 -7.32 7.12 -0 -0 44.66 -49.66 -6.26
-1.3 18.62 6.63 -5.24 9.3 -0.7 0 0 0 -7.28 -11.45 -3.4 2.08 9.02 25.86 1.27 -0.16 -21.26 9.39 -17.05 -57.43 0 0 0 0 0 0 0 0 0 -0 -0 0 -0 -0 0 3.16 3.67 12.69 2.22 5.28 5.7 -0.16 2.67 -1.04 4.89 -2.13 -1.86 9.78 -7.5 45.27 2.69 -0.93 17.49 -0 0 0 -87.8 15.01 26.18 28.37 -39.45 -10.36 -0 -0 3.43 5.72 -21.3 -2.08 -7.12 0 -0 -14.51 9.12 12.44 -0 0 0 62.47 19.44 28.06 -160.6 29.92 -114.77 0 -0 -32.87 17.36 -25.76 -7.74 7.12 -0 -0 45.58 -50.07 -7
-1.31 18.63 6.64 -5.02 8.85 -0.33 0 0 0 -7.45 -11.3 -3.45 2.02 8.91 25.52 1.24 0.16 -21.11 9.36 -17.03 -57.33 0 0 0 0 0 0 0 0 0 -0 -0 0 -0 -0 0 3.92 3.18 13.04 2.97 4.75 5.72 0.24 2.4 -1.21 2.69 -3.16 -1.79 10.67 -9.08 44.81 3.26 -1.89 17.46 -0 -0 0 -89.05 15.82 27.2 29.28 -40.27 -10.94 -0 -0 2.58 5.04 -21.59 -1.86 -7.12 0 -0 -14.92 8.89 12.9 -0 -0 0 64.37 17.45 27.9 -160.85 29.61 -114.89 0 -0 -34.73 17.84 -24.92 -7.72 7.12 -0 -0 45.32 -49.36 -6
-1.32 18.65 6.65 -4.84 8.38 0.08 0 0 0 -7.54 -11.17 -3.61 1.98 8.81 25.22 1.23 0.33 -21.11 9.25 -16.97 -56.95 0 0 0 0 0 0 0 0 0 -0 -0 0 -0 -0 0 4.76 2.73 13.11 3.55 4.27 5.8 0.44 2.17 -1.16 0.67 -4.5 -1.71 11.21 -11.04 44.22 3.58 -3.01 17.44 -0 -0 0 -89.66 15.97 28.95 30.24 -41.1 -11.57 -0 -0 1.54 4.57 -21.45 -1.67 -7.12 0 -0 -15.22 9.06 13.12 -0 -0 0 67.03 15.4 26.76 -160.93 29.51 -114.93 0 -0 -36.3 17.93 -25.15 -7.83 7.12 -0 -0 45.56 -49.51 -6.25
-1.34 18.65 6.64 -4.76 7.75 0.18 0 0 0 -7.56 -10.71 -3.52 1.93 8.73 24.95 1.22 0.52 -21.06 9.28 -16.99 -57.06 0 0 0 0 0 0 0 0 0 -0 -0 0 -0 -0 0 5.62 2.22 13.26 4.22 3.73 5.89 0.73 1.91 -1.14 -1.43 -5.85 -1.16 11.5 -12.84 43.5 3.8 -4.14 17.26 -0 -0 0 -90.36 15.71 30.63 31.14 -41.85 -12.16 -0 -0 0.5 4.16 -21.29 -1.51 -7.12 0 -0 -15.48 9.24 13.3 -0 -0 0 69.56 13.13 25.15 -160.43 30.12 -114.68 0 -0 -36.62 16.68 -25.47 -7.34 7.12 -0 -0 44.8 -49.96 -6.68
-1.35 18.66 6.63 -4.55 7.06 0.25 0 0 0 -7.71 -10.04 -3.44 1.89 8.63 24.66 1.21 0.62 -21.06 9.28 -16.99 -57.06 0 0 0 0 0 0 0 0 0 -0 -0 0 -0 -0 0 6.24 1.87 13.47 4.69 3.37 5.88 0.91 1.73 -1.27 -2.92 -7.37 -0.72 11.97 -15.12 42.79 3.92 -5.33 17.25 -0 -0 0 -90.42 15.48 32.82 32.5 -42.94 -13.08 -0 0 -0.84 4.11 -21.36 -1.5 -7.12 0 -0 -15.51 9.17 13.35 -0 -0 0 71.68 10.33 22.91 -158.92 31.92 -113.91 0 -0 -37.56 14.31 -26.42 -6.48 7.12 -0 -0 43.59 -51.09 -7.81
-1.37 18.65 6.62 -4.42 6.21 0.26 0 0 0 -7.79 -9.4 -3.27 1.85 8.55 24.41 1.23 0.76 -21.26 9.26 -16.97 -56.98 0 0 0 0 0 0 0 0 0 -0 -0 0 -0 -0 0 6.73 1.42 13.46 5.33 2.86 5.74 1.39 1.47 -1.42 -4.46 -8.63 0.2 12.31 -16.9 41.9 4.05 -6.37 16.98 -0 0 0 -91.25 15.57 33.89 33.97 -44.06 -14.09 -0 0 -1.92 4.31 -21.6 -1.59 -7.12 0 -0 -15.38 8.93 13.31 -0 0 0 73.07 7.68 21.75 -155.8 35.38 -112.18 0 -0 -36.61 10.42 -28.76 -5.05 7.12 -0 -0 42.15 -53.58 -10.32
-1.37 18.65 6.6 -4.21 5.27 0.36 0 0 0 -8.06 -8.93 -3.12 1.81 8.46 24.13 1.23 1.18 -21.45 9.21 -16.94 -56.8 0 0 0 0 0 0 0 0 0 -0 -0 0 -0 -0 0 7.26 1.06 13.21 5.83 2.44 5.58 1.68 1.26 -1.46 -6.03 -9.75 1.17 13.53 -18.77 40.61 4.56 -7.39 16.72 -0 -0 0 -91.87 15.42 34.59 34.33 -44.33 -14.34 -0 0 -2.15 4.78 -23.84 -1.94 -7.12 0 -0 -15.05 6.74 13.68 -0 -0 0 74.21 5.18 20.8 -150.47 40.49 -108.9 0 -0 -35.13 4.33 -30.87 -2.23 7.12 -0 -0 38.51 -56.42 -12.02
-1.38 18.65 6.57 -4.13 4.11 -0.03 0 0 0 -8.23 -8.09 -2.55 1.78 8.4 23.92 1.25 1.6 -21.76 9.23 -16.96 -56.9 0 0 0 0 0 0 0 0 0 -0 -0 0 -0 -0 0 7.73 0.67 13.37 6.43 2.03 5.55 2.1 1.05 -1.59 -7.08 -10.79 1.78 14.21 -20.35 39.21 4.73 -8.25 16.34 0 0 0 -92.55 15.64 35.18 34.91 -44.75 -14.75 -0 0 -2.26 4.53 -23.97 -1.85 -7.12 0 -0 -15.2 6.63 13.86 0 0 0 74.75 3.51 19.75 -142.38 46.59 -103.31 0 -0 -32.12 -0.57 -36.72 0.34 7.12 -0 -0 39.99 -62.12 -18.18
-1.39 18.65 6.53 -3.96 2.99 -0.2 0 0 0 -8.35 -6.87 -2.38 1.75 8.32 23.7 1.24 1.67 -21.73 9.28 -16.99 -57.07 0 0 0 0 0 0 0 0 0 -0 -0 0 -0 -0 0 8.17 0.38 13.25 6.87 1.7 5.44 2.38 0.88 -1.65 -8.11 -11.81 2.16 15.56 -22.13 37.61 5.13 -9.12 16.13 0 0 0 -92.56 15.53 36.39 34.47 -44.43 -14.44 -0 0 -2.38 4.27 -24 -1.74 -7.12 0 -0 -15.36 6.61 14.02 0 0 0 75.45 2.34 19.34 -130.45 52.81 -94.19 0 -0 -28.34 -10.59 -34.49 6.04 7.12 -0 -0 27.32 -62.87 -12.33
-1.41 18.63 6.52 -3.87 2.26 -0.75 0 0 0 -8.27 -5.78 -1.65 1.69 8.18 23.25 1.24 1.51 -21.6 9.23 -16.96 -56.9 0 0 0 0 0 0 0 0 0 -0 -0 0 -0 -0 0 8.23 -0.16 13.04 7.48 0.99 5.35 3.1 0.52 -1.65 -9.07 -12.63 2.62 16.63 -23.48 35.98 5.45 -9.85 15.8 -0 -0 0 -93.01 16.1 36.28 34.04 -44.12 -14.14 -0 0 -2.13 3.84 -24 -1.56 -7.12 0 -0 -15.63 6.65 14.27 -0 -0 0 75.74 1.19 19 -114.21 57.67 -80.8 0 -0 -26.77 -16.99 -38.82 10.84 7.12 -0 -0 25.53 -68.45 -14.73
-1.42 18.63 6.48 -3.8 0.45 -1.01 0 0 0 -8.35 -4.56 -1.17 1.64 8.08 22.96 1.25 2.04 -21.94 9.19 -16.93 -56.75 0 0 0 0 0 0 0 0 0 -0 -0 0 -0 -0 0 8.67 -0.34 12.9 7.97 0.8 5.32 3.41 0.42 -1.6 -9.76 -13.53 2.94 17.63 -24.83 34.06 5.64 -10.55 15.35 -0 0 0 -93.34 16.45 36.08 33.02 -43.34 -13.44 -0 0 -1 3.84 -24.36 -1.58 -7.12 0 -0 -15.62 6.31 14.37 -0 0 0 76.41 0.24 17.95 -93.05 59.96 -62.64 0 -0 -23.26 -18.73 -41.63 12.69 7.12 -0 -0 28.04 -71.41 -18.07
-1.43 18.62 6.43 -3.95 -1.26 -1.09 0 0 0 -8.15 -3.67 -0.81 1.61 8 22.73 1.29 2.52 -22.53 9.1 -16.87 -56.44 0 0 0 0 0 0 0 0 0 -0 -0 0 -0 -0 0 9.2 -0.68 12.69 8.49 0.42 5.14 3.73 0.22 -1.67 -10.65 -14.3 3.12 18.71 -26.06 32.34 5.9 -11.2 15.1 -0 0 0 -93.47 16.8 35.57 31.98 -42.53 -12.73 -0 -0 0.08 3.42 -24.14 -1.4 -7.12 0 -0 -15.87 6.54 14.54 -0 0 0 77.26 -0.85 17.02 -70.67 58.54 -43.34 0 -0 -18.43 -18.63 -40.77 12.41 7.12 -0 -0 26.65 -70.65 -16.69
-1.44 18.61 6.38 -4.05 -3.48 -1.12 0 0 0 -8.06 -2.48 -0.61 1.6 7.97 22.64 1.31 3.31 -23.03 9.14 -16.9 -56.59 0 0 0 0 0 0 0 0 0 -0 -0 0 -0 -0 0 9.95 -0.85 12.46 8.79 0.25 4.99 3.66 0.13 -1.69 -11.27 -15 3.4 19.82 -27.15 30.52 6.16 -11.78 14.75 0 0 0 -93.42 16.73 34.88 30.59 -41.39 -11.8 -0 -0 1.48 2.22 -24.11 -0.91 -7.12 0 -0 -16.59 6.67 15.22 0 0 0 78.35 -3.07 15.67 -54.18 54.55 -29.54 0 -0 -15.75 -18.03 -40.3 11.89 7.12 -0 -0 26.58 -70.06 -16.31
-1.48 18.6 6.35 -3.97 -4.97 -1.46 0 0 0 -8.02 -1.5 0.03 1.55 7.87 22.31 1.34 3.62 -23.4 9.11 -16.88 -56.46 0 0 0 0 0 0 0 0 0 -0 -0 0 -0 -0 0 10.26 -1.25 12.4 9.06 -0.24 4.92 3.85 -0.12 -1.73 -11.78 -15.61 3.56 21.18 -28.01 28.26 6.49 -12.26 14.25 -0 0 0 -93.36 16.45 34.45 29.94 -40.84 -11.37 -0 -0 2.4 2.03 -23.95 -0.82 -7.12 0 -0 -16.71 6.83 15.29 -0 0 0 78.46 -4 14.44 -40.73 48.5 -18.98 0 -0 -10.98 -17.16 -39.67 11.15 7.12 -0 -0 26.61 -69.24 -15.84
-1.53 18.59 6.32 -3.82 -6.35 -1.68 0 0 0 -8.01 -0.72 0.61 1.49 7.72 21.86 1.33 3.98 -23.56 9.02 -16.82 -56.14 0 0 0 0 0 0 0 0 0 -0 -0 0 -0 -0 0 10.36 -1.67 12.19 9.26 -0.8 4.71 4.09 -0.4 -1.85 -12.31 -16.02 3.98 22.38 -28.54 26.14 6.86 -12.63 13.68 0 -0 0 -93.38 16.37 34.45 29.95 -40.85 -11.38 -0 -0 2.48 2.23 -24.14 -0.91 -7.12 0 -0 -16.59 6.64 15.23 0 -0 0 79.01 -6.51 13.07 -32.69 43.09 -13.21 0 -0 -4.65 -17.18 -37.56 10.67 7.12 -0 -0 23.62 -67.4 -13.02
-1.59 18.58 6.28 -3.84 -7.5 -1.93 0 0 0 -7.84 -0.14 1.14 1.45 7.61 21.55 1.34 4.55 -23.9 9.02 -16.82 -56.17 0 0 0 0 0 0 0 0 0 -0 -0 0 -0 -0 0 10.7 -2.09 12.15 9.36 -1.29 4.44 4.09 -0.66 -2.1 -12.57 -16.37 4.15 23.44 -28.94 24.22 7.14 -12.9 13.18 0 0 0 -93.31 15.81 35.67 30.13 -41 -11.49 -0 -0 2.15 2.69 -24.21 -1.1 -7.12 0 -0 -16.31 6.53 14.98 0 0 0 79.67 -9.2 11.21 -27.34 38.5 -9.71 0 0 2.63 -16.6 -34.67 9.63 7.12 -0 -0 20.97 -64.63 -10.17
-1.65 18.57 6.23 -3.79 -8.64 -2.26 0 0 0 -7.65 0.57 1.65 1.42 7.54 21.31 1.32 5.01 -24.05 9.09 -16.86 -56.4 0 0 0 0 0 0 0 0 0 -0 -0 0 -0 -0 0 10.7 -2.43 12.2 9.48 -1.7 4.26 4.29 -0.88 -2.32 -12.88 -16.45 4.1 24.76 -28.95 22.2 7.59 -12.99 12.68 0 0 0 -93.83 14.87 37.16 30.45 -41.28 -11.71 -0 -0 1.35 2.99 -24.22 -1.23 -7.12 0 -0 -16.13 6.5 14.81 0 0 0 80.63 -11.29 8.9 -23.89 35.05 -7.64 0 0 8.02 -14.35 -35.36 8.42 7.12 -0 -0 24.21 -64.64 -11.83
-1.72 18.56 6.18 -3.87 -9.67 -2.66 0 0 0 -7.29 1.19 2.23 1.39 7.46 21.1 1.31 5.32 -24.15 9.1 -16.87 -56.44 0 0 0 0 0 0 0 0 0 -0 -0 0 -0 -0 0 10.69 -2.7 12.36 9.53 -2.02 4.06 4.41 -1.05 -2.63 -12.84 -16.38 3.98 25.94 -28.67 20.26 8 -12.93 12.07 0 -0 0 -94.34 13.88 39.8 30.77 -41.54 -11.91 -0 -0 0.61 3.33 -24.71 -1.39 -7.12 0 -0 -15.92 6.01 14.76 0 -0 0 81.12 -14.59 9.5 -23.54 34.67 -7.44 0 0 8.94 -13.36 -34.64 7.69 7.12 -0 -0 24.52 -63.73 -11.48
-1.79 18.55 6.13 -3.99 -10.54 -2.93 0 0 0 -6.89 1.57 2.72 1.36 7.38 20.84 1.31 5.67 -24.34 9.13 -16.89 -56.54 0 0 0 0 0 0 0 0 0 -0 -0 0 -0 -0 0 10.68 -2.93 12.36 9.49 -2.29 3.84 4.43 -1.19 -2.86 -12.61 -16.03 3.7 27 -27.99 18.65 8.42 -12.65 11.49 0 -0 0 -94.87 12.68 43.33 30.68 -41.47 -11.85 -0 -0 0.47 3.92 -25.04 -1.66 -7.12 0 -0 -15.56 5.64 14.51 0 -0 0 81.3 -17.22 11.7 -24.07 35.24 -7.75 0 0 8.53 -12.73 -34 7.2 7.12 -0 -0 24.54 -62.99 -11.06
-1.87 18.55 6.07 -4.05 -11.35 -3.18 0 0 0 -6.49 2.06 3.1 1.33 7.29 20.58 1.27 6.01 -24.22 9.21 -16.94 -56.8 0 0 0 0 0 0 0 0 0 -0 -0 0 -0 -0 0 10.5 -3.16 12.5 9.39 -2.58 3.63 4.48 -1.34 -3.17 -11.86 -15.49 2.84 27.17 -26.98 17.82 8.47 -12.13 10.99 0 0 0 -95.51 11.42 47.33 30.13 -41 -11.49 -0 0 -1.4 6.54 -25.96 -2.87 -7.12 0 -0 -14 4.52 13.27 0 0 0 81.34 -18.14 13.81 -24.34 35.52 -7.9 0 0 8.41 -14.31 -33.42 8 7.12 -0 -0 22.27 -62.87 -9.92
-1.95 18.55 6 -4.06 -11.76 -3.5 0 0 0 -6.11 2.29 3.43 1.31 7.25 20.44 1.2 6.39 -23.93 9.3 -16.99 -57.11 0 0 0 0 0 0 0 0 0 -0 -0 0 -0 -0 0 10.13 -3.33 12.93 9.36 -2.73 3.31 4.71 -1.44 -3.74 -11.14 -14.86 1.72 27.17 -25.95 17.5 8.46 -11.55 10.71 0 0 0 -96.12 10.5 51.24 30.1 -40.98 -11.47 -0 0 -1.19 4.8 -26.78 -2.17 -7.12 0 -0 -15.04 3.89 14.5 0 0 0 81.43 -17.75 14.24 -24.38 35.56 -7.93 0 0 8.95 -14.96 -33.6 8.41 7.12 -0 -0 21.74 -63.21 -9.84
-2.04 18.54 5.94 -4.23 -12.15 -3.88 0 0 0 -5.59 2.37 3.87 1.3 7.23 20.39 1.19 6.54 -23.97 9.28 -16.99 -57.07 0 0 0 0 0 0 0 0 0 -0 -0 0 -0 -0 0 10.17 -3.35 13.27 9.23 -2.68 3.24 4.58 -1.42 -4 -9.93 -14.05 0.44 27.3 -24.65 17.04 8.45 -10.8 10.33 0 -0 0 -96.19 9.38 55.08 29.91 -40.82 -11.35 -0 -0 0.01 4.26 -27.81 -1.99 -7.12 0 -0 -15.37 2.94 15.12 0 -0 0 81.22 -16.62 15.09 -24.54 35.73 -8.02 0 0 8.33 -14.4 -33.12 7.99 7.12 -0 -0 21.9 -62.62 -9.62
-2.14 18.53 5.86 -4.3 -12.21 -4.19 0 0 0 -5.05 2.59 3.96 1.3 7.24 20.42 1.1 6.87 -23.4 9.44 -17.08 -57.6 0 0 0 0 0 0 0 0 0 -0 -0 0 -0 -0 0 10.02 -3.33 13.59 9.18 -2.64 3.31 4.61 -1.4 -4.1 -8.95 -13.07 -0.65 27.91 -23.11 16.19 8.69 -9.98 9.85 0 0 0 -96.22 8.76 57.47 30.56 -41.37 -11.78 -0 0 -0.12 4.11 -27.76 -1.92 -7.12 0 -0 -15.45 3 15.19 0 0 0 80.64 -15.03 16.4 -25.5 36.71 -8.59 0 0 8.77 -11.19 -34.39 6.37 7.12 -0 -0 26.59 -62.93 -12.02
-2.23 18.53 5.79 -4.35 -12.06 -4.39 0 0 0 -4.55 2.56 3.76 1.33 7.3 20.61 1.05 6.82 -22.98 9.47 -17.1 -57.72 0 0 0 0 0 0 0 0 0 -0 -0 0 -0 -0 0 10.04 -3.23 13.97 9.14 -2.44 3.37 4.55 -1.3 -4.24 -7.75 -12.21 -1.82 28.03 -21.79 15.81 8.67 -9.23 9.52 0 0 0 -95.98 8.85 58.5 31.45 -42.1 -12.37 -0 0 -0.69 3.9 -28.04 -1.84 -7.12 0 -0 -15.57 2.75 15.4 0 0 0 80.05 -13.13 17.91 -26.12 37.33 -8.96 0 0 6.65 -11.57 -33.46 6.44 7.12 -0 -0 25.25 -62.21 -10.94
-2.32 18.53 5.72 -4.34 -11.48 -4.51 0 0 0 -4.26 2.17 3.38 1.37 7.41 20.94 0.91 7.47 -22.23 9.5 -17.12 -57.8 0 0 0 0 0 0 0 0 0 -0 -0 0 -0 -0 0 10.21 -3.2 14.22 9.12 -2.33 3.41 4.42 -1.25 -4.34 -6.59 -11.34 -3.03 27.75 -20.65 16.27 8.5 -8.5 9.5 0 0 0 -95.73 9.18 58.03 31.64 -42.26 -12.5 -0 0 -1 4.01 -27.99 -1.89 -7.12 0 -0 -15.51 2.8 15.32 0 0 0 79.36 -11.17 18.69 -26.55 37.75 -9.22 0 0 5.88 -12.78 -31.57 6.77 7.12 -0 -0 22.26 -60.8 -8.82
-2.41 18.54 5.65 -4.4 -10.79 -4.45 0 0 0 -3.9 1.66 2.75 1.43 7.55 21.36 0.85 7.47 -21.63 9.45 -17.09 -57.65 0 0 0 0 0 0 0 0 0 -0 -0 0 -0 -0 0 10.62 -3.09 14.18 9.16 -2.14 3.5 4.21 -1.15 -4.24 -5.29 -10.59 -3.88 27.15 -19.68 16.9 8.19 -7.88 9.46 0 0 0 -95.32 9.97 56.19 31.65 -42.27 -12.51 -0 0 -0.5 4.21 -28.11 -1.98 -7.12 0 -0 -15.4 2.66 15.24 0 0 0 78.85 -8.78 18.23 -26.55 37.75 -9.22 0 0 6.03 -14.08 -31.08 7.38 7.12 -0 -0 20.48 -60.67 -8.02
-2.48 18.55 5.61 -4.19 -10.16 -4.55 0 0 0 -3.86 1.29 2.36 1.47 7.66 21.68 0.78 7.39 -20.95 9.42 -17.07 -57.53 0 0 0 0 0 0 0 0 0 -0 -0 0 -0 -0 0 10.9 -2.87 14.06 9.14 -1.87 3.82 3.96 -1.01 -3.84 -4.26 -10.01 -4.55 26.82 -19.03 17.6 7.98 -7.41 9.57 -0 -0 0 -94.66 10.95 53.48 32.03 -42.57 -12.76 -0 -0 1.95 4.58 -29.34 -2.25 -7.12 0 -0 -15.2 1.45 15.37 -0 -0 0 78.32 -7.41 17.65 -27.16 38.34 -9.6 0 0 5.77 -13.97 -30.84 7.27 7.12 -0 -0 20.41 -60.42 -7.87
-2.54 18.55 5.57 -4.09 -9.66 -4.65 0 0 0 -3.77 1.11 1.98 1.51 7.76 22 0.71 7.42 -20.3 9.43 -17.08 -57.58 0 0 0 0 0 0 0 0 0 -0 -0 0 -0 -0 0 11.39 -2.66 14.16 9.2 -1.55 4.09 3.68 -0.83 -3.6 -3.5 -9.48 -5.48 26.05 -18.79 19.69 7.66 -7.03 10.29 -0 0 0 -93.12 13 51.62 34.23 -44.26 -14.28 -0 -0 2.52 4.85 -30.05 -2.43 -7.12 0 -0 -15.07 0.73 15.42 -0 0 0 77.64 -6.5 17.04 -28 39.11 -10.12 0 0 4.37 -15.36 -29.96 7.81 7.12 -0 -0 18.26 -59.91 -6.78
-2.58 18.56 5.55 -4.07 -9.07 -4.64 0 0 0 -3.69 0.71 1.72 1.53 7.8 22.11 0.68 7.42 -19.98 9.39 -17.05 -57.42 0 0 0 0 0 0 0 0 0 -0 -0 0 -0 -0 0 11.83 -2.55 14.12 9.32 -1.37 4.32 3.53 -0.73 -3.33 -2.46 -9.07 -5.9 24.72 -18.73 22.36 7.11 -6.75 11.1 -0 -0 0 -90.54 15.83 51.51 38.64 -47.24 -17.43 -0 -0 4.13 4.07 -29.99 -2.04 -7.12 0 -0 -15.51 0.86 15.87 -0 -0 0 77.33 -5.44 15.59 -30.2 41.07 -11.54 0 0 2.85 -11.93 -32.71 6.51 7.12 -0 -0 24.17 -61.63 -10.1
-2.6 18.57 5.53 -3.87 -8.71 -4.63 0 0 0 -3.79 0.76 1.49 1.52 7.78 22.04 0.64 7.33 -19.48 9.43 -17.07 -57.55 0 0 0 0 0 0 0 0 0 -0 -0 0 -0 -0 0 11.9 -2.39 14.01 9.4 -1.21 4.59 3.55 -0.64 -2.98 -1.62 -8.79 -6.09 23.39 -18.99 25.64 6.6 -6.59 12.24 -0 0 0 -86.93 19.58 53.54 45.35 -50.94 -22.51 -0 -0 5.01 3.72 -31.56 -1.95 -7.12 0 -0 -15.74 -0.61 16.54 -0 0 0 76.99 -5.49 14.71 -35.44 45.12 -15.12 0 -0 -0.89 -10.69 -33.4 5.93 7.12 -0 -0 26.12 -61.93 -11.17
-2.61 18.58 5.52 -3.82 -8.52 -4.55 0 0 0 -3.85 0.38 1.43 1.52 7.77 22.03 0.63 7.34 -19.44 9.4 -17.06 -57.45 0 0 0 0 0 0 0 0 0 -0 -0 0 -0 -0 0 12.05 -2.2 14.11 9.45 -0.95 4.76 3.48 -0.51 -2.84 -1.18 -8.67 -5.88 22.17 -19.47 29.06 6.21 -6.59 13.53 -0 0 0 -82.44 23.66 57.15 54.44 -54.64 -29.76 -0 -0 4.98 3.04 -32.48 -1.63 -7.12 0 -0 -16.13 -1.43 17.22 -0 0 0 76.61 -4.6 13.78 -41.62 49 -19.65 0 -0 -4.11 -11.04 -34.76 6.35 7.12 -0 -0 27.14 -63.22 -12.46
-2.59 18.58 5.52 -3.65 -8.44 -4.41 0 0 0 -4.11 0.25 1.23 1.52 7.78 22.06 0.62 7.41 -19.36 9.44 -17.08 -57.61 0 0 0 0 0 0 0 0 0 -0 -0 0 -0 -0 0 11.9 -2.17 14.19 9.44 -0.92 4.83 3.54 -0.49 -2.8 -0.95 -8.68 -5.14 20.4 -19.81 32.33 5.64 -6.67 14.64 -0 -0 0 -77.88 28.2 60.91 65.37 -57.58 -38.84 -0 -0 3.72 3.51 -33.85 -1.96 -7.12 0 -0 -15.92 -2.79 17.35 -0 -0 0 75.96 -4.94 13.75 -51.17 53.46 -27.11 0 -0 -6.44 -10.49 -35.62 6.15 7.12 -0 -0 28.66 -63.81 -13.62
-2.56 18.58 5.53 -3.85 -8.62 -4.31 0 0 0 -3.99 0.26 1.22 1.53 7.81 22.13 0.64 7.25 -19.5 9.45 -17.09 -57.64 0 0 0 0 0 0 0 0 0 -0 -0 0 -0 -0 0 12 -2.07 14.36 9.39 -0.77 5 3.41 -0.41 -2.71 -1.32 -8.87 -4.16 19.27 -20.34 35.07 5.4 -6.92 15.75 -0 0 0 -72.86 32.27 64.76 76.75 -59.33 -48.55 -0 -0 2.91 5.48 -35.2 -3.17 -7.12 0 -0 -14.92 -4.3 16.55 -0 0 0 75.21 -4.4 13.43 -61.69 56.74 -35.75 0 -0 -7.83 -10.62 -36.52 6.37 7.12 -0 -0 29.57 -64.62 -14.64
-2.51 18.58 5.53 -4.1 -8.82 -4.3 0 0 0 -3.85 0.33 1.24 1.55 7.85 22.26 0.67 7.15 -19.7 9.42 -17.07 -57.52 0 0 0 0 0 0 0 0 0 -0 -0 0 -0 -0 0 11.94 -1.9 14.57 9.4 -0.55 5.25 3.41 -0.29 -2.55 -1.48 -9.27 -3.48 17.4 -20.93 37.78 4.72 -7.23 16.84 -0 -0 0 -67.93 35.96 68.27 87.62 -59.98 -57.94 -0 -0 1.78 7.13 -36.48 -4.25 -7.12 0 -0 -14.13 -5.74 15.95 -0 -0 0 73.94 -3.55 13.24 -74.94 59.13 -47 0 -0 -8.27 -11.04 -37.14 6.72 7.12 -0 -0 29.89 -65.26 -15.26
-2.45 18.58 5.54 -4.2 -8.94 -4.21 0 0 0 -3.96 0.21 1.13 1.57 7.91 22.45 0.69 7.19 -19.91 9.45 -17.09 -57.62 0 0 0 0 0 0 0 0 0 -0 -0 0 -0 -0 0 11.55 -1.75 14.65 9.34 -0.45 5.51 3.54 -0.23 -2.31 -2.48 -9.46 -1.66 17.51 -21.07 38.16 5.06 -7.52 16.79 0 0 0 -63.33 38.9 71.13 96.05 -59.86 -65.24 -0 -0 3.59 5.27 -39.46 -3.35 -7.12 0 -0 -15.32 -8.37 17.99 0 0 0 71.82 -2.23 13.65 -90.31 60 -60.27 0 -0 -7.68 -13.88 -36.88 8.44 7.12 -0 -0 26.48 -65.84 -13.74
-2.38 18.59 5.55 -4.39 -9.04 -4.25 0 0 0 -4.01 0.21 1.06 1.62 8.03 22.8 0.71 7.17 -20.14 9.53 -17.14 -57.9 0 0 0 0 0 0 0 0 0 -0 -0 0 -0 -0 0 11.46 -1.5 14.88 9.06 -0.18 6.05 3.24 -0.07 -1.84 -2.25 -9.84 -1.54 16.65 -21.52 38.99 4.61 -7.71 17.13 -0 0 0 -58.23 40.35 74.35 102.43 -59.41 -70.74 -0 -0 7.55 1.6 -43.05 -1.09 -7.12 0 -0 -17.38 -11.39 21.37 -0 0 0 69.1 -0.24 14.03 -106.41 58.96 -74.16 0 -0 -6.97 -12.05 -37.16 7.35 7.12 -0 -0 28.84 -65.56 -14.88
-2.31 18.59 5.57 -4.75 -9.05 -4.03 0 0 0 -3.82 0.24 0.7 1.67 8.14 23.14 0.74 6.88 -20.21 9.52 -17.13 -57.88 0 0 0 0 0 0 0 0 0 -0 -0 0 -0 -0 0 11.3 -1.37 14.83 8.77 -0.09 6.41 2.99 -0.01 -1.42 -2.09 -9.95 -1.1 15.98 -21.5 39.51 4.34 -7.75 17.15 -0 0 0 -53.94 41.61 77.71 107.65 -58.79 -75.22 -0 -0 7.9 -2.85 -44.59 2 -7.12 0 -0 -19.56 -12.44 24.61 -0 0 0 65.85 2.75 15 -119.51 56.44 -85.25 0 -0 -6.21 -8.63 -36.35 5.14 7.12 -0 -0 31.47 -63.94 -15.18
-2.22 18.59 5.57 -4.75 -9.24 -3.87 0 0 0 -4.13 0.18 0.53 1.69 8.19 23.28 0.81 6.67 -20.67 9.43 -17.08 -57.58 0 0 0 0 0 0 0 0 0 -0 -0 0 -0 -0 0 10.52 -1.43 14.93 8.56 -0.27 6.43 3.22 -0.11 -1.47 -3.22 -9.44 0.43 15.8 -20.54 40.08 4.75 -7.62 17.04 0 -0 0 -51.7 43.8 80.44 111.18 -58.23 -78.24 -0 -0 4.73 0.06 -47.13 -0.04 -7.12 0 -0 -18.42 -15.11 23.64 0 -0 0 60.77 5.67 17.25 -129.87 53.05 -93.72 0 -0 -6.26 -4.33 -33.74 2.41 7.12 -0 -0 32.97 -60.67 -13.43
-2.13 18.6 5.56 -4.65 -9.41 -3.65 0 0 0 -4.57 0.19 0.14 1.71 8.24 23.46 0.84 6.7 -20.96 9.46 -17.09 -57.65 0 0 0 0 0 0 0 0 0 -0 -0 0 -0 -0 0 9.69 -1.22 15.01 8 -0.15 6.74 3.05 -0.04 -1.2 -2.9 -9.4 0.33 14.82 -20.32 41.03 4.32 -7.53 17.35 -0 -0 0 -50.36 44.07 81.34 112.57 -57.98 -79.41 -0 -0 3.84 4.47 -50.54 -3.46 -7.12 0 -0 -16.88 -18.83 22.2 -0 -0 0 55.36 9.3 18.28 -137.5 49.49 -99.68 0 -0 -7.45 2.14 -34.61 -1.22 7.12 -0 -0 40.16 -59.83 -16.08
-2.03 18.61 5.53 -5.1 -10.94 -3.35 0 0 0 -4.46 1.12 -0.37 1.79 8.42 23.99 0.91 7.01 -21.84 9.4 -17.06 -57.45 0 0 0 0 0 0 0 0 0 -0 -0 0 -0 -0 0 9.09 -0.6 15.59 7.5 0.59 7.19 2.73 0.33 -1.02 -2.71 -9.22 0.3 14.28 -19.95 41.53 4.12 -7.38 17.46 0 0 0 -50.85 43.05 81.24 112.07 -58.08 -78.99 -0 -0 3.85 7.69 -53.85 -6.23 -7.12 0 -0 -16.09 -22.41 21.65 0 0 0 49.57 13.73 19.87 -142.43 46.56 -103.35 0 -0 -8.89 5.43 -29.1 -2.65 7.12 -0 -0 37.99 -54.79 -10.23
-1.92 18.6 5.52 -5.99 -9.18 -3.39 0 0 0 -3.86 0.13 -0.75 1.86 8.57 24.46 0.98 6.24 -21.98 9.24 -16.96 -56.93 0 0 0 0 0 0 0 0 0 -0 -0 0 -0 -0 0 9.59 -1.21 15.61 6.98 -0.18 7.55 2.02 -0.02 -0.66 -2.46 -8.94 0.07 13.82 -19.43 42.01 3.96 -7.16 17.59 -0 -0 0 -52.08 41.38 80.67 110.78 -58.3 -77.89 -0 -0 4.25 9.3 -55.9 -7.72 -7.12 0 -0 -15.88 -24.58 21.63 -0 -0 0 43.41 18.14 21.35 -145.31 44.59 -105.41 0 -0 -9.91 9.48 -27.09 -4.35 7.12 -0 -0 39.99 -52.44 -8.42
-1.84 18.59 5.51 -6.2 -9.1 -2.9 0 0 0 -4.05 -0.06 -1.03 1.79 8.42 24 1.15 5.75 -23.07 9.15 -16.9 -56.62 0 0 0 0 0 0 0 0 0 -0 -0 0 -0 -0 0 8.5 -0.84 15.08 6.26 0.02 7.99 1.81 0.1 0.09 -2.26 -8.66 -0.15 13.97 -19.04 42.03 4.04 -6.96 17.6 0 -0 0 -52.35 39.61 79.89 109.71 -58.48 -76.98 -0 -0 4.94 10.69 -57.32 -9.03 -7.12 0 -0 -15.68 -26.13 21.54 0 -0 0 37.71 22.83 22.67 -146.63 43.61 -106.32 0 -0 -9.71 12.48 -24.83 -5.31 7.12 -0 -0 40.87 -50.15 -6.09
-1.73 18.59 5.51 -6.65 -8.82 -2.45 0 0 0 -4.14 -1.05 -0.95 1.73 8.28 23.58 1.25 5.99 -24.04 9.03 -16.83 -56.18 0 0 0 0 0 0 0 0 0 -0 -0 0 -0 -0 0 7.84 -0.43 15.07 5.59 0.47 8.04 1.4 0.33 0.14 -1.86 -8.58 -0.12 13.86 -18.94 42.37 3.96 -6.87 17.73 -0 -0 0 -51.36 37.92 80.47 108.9 -58.61 -76.29 -0 -0 5.56 11.72 -58.6 -10.04 -7.12 0 -0 -15.63 -27.49 21.61 -0 -0 0 32.34 25.86 23.33 -147.64 42.83 -107.02 0 -0 -10.55 15.36 -22.31 -5.95 7.12 -0 -0 41.49 -47.7 -3.32
-1.6 18.6 5.49 -6.71 -8.68 -2.27 0 0 0 -4.47 -1.12 -1.43 1.77 8.37 23.84 1.25 5.92 -24.02 9.07 -16.85 -56.33 0 0 0 0 0 0 0 0 0 -0 -0 0 -0 -0 0 6.62 0.12 14.6 4.86 0.93 8.64 1.25 0.56 1.02 -1.21 -8.19 -0.7 13.55 -18.28 42.55 3.78 -6.49 17.74 -0 0 0 -51.15 36.16 80.02 108.87 -58.61 -76.27 -0 -0 6.01 12.9 -59.6 -11.18 -7.12 0 -0 -15.49 -28.61 21.51 -0 0 0 27.52 28.5 22.32 -148.7 41.98 -107.73 0 -0 -13.12 21.01 -21.43 -7.99 7.12 -0 -0 45.26 -46.18 -1.67
-1.46 18.61 5.49 -6.78 -8.38 -1.9 0 0 0 -4.95 -1.71 -2.03 1.83 8.5 24.24 1.32 5.75 -24.48 8.92 -16.76 -55.82 0 0 0 0 0 0 0 0 0 -0 -0 0 -0 -0 0 5.88 0.7 14.2 3.99 1.55 8.83 0.68 0.88 1.44 -1.72 -7.71 -1.24 14.23 -17.76 42.87 4.28 -6.26 18.19 -0 -0 0 -50.29 34.94 79.87 109.72 -58.48 -76.99 -0 -0 5.78 11.24 -59.71 -9.73 -7.12 0 -0 -16.1 -28.43 22.39 -0 -0 0 24.08 30.65 21.49 -148.99 41.74 -107.93 0 -0 -15.72 23.27 -22.08 -9.18 7.12 -0 -0 47.36 -46.34 -2.04
-1.31 18.62 5.5 -6.95 -7.7 -1.7 0 0 0 -5.26 -2.2 -2.64 1.91 8.67 24.76 1.36 5.24 -24.46 8.83 -16.69 -55.49 0 0 0 0 0 0 0 0 0 -0 -0 0 -0 -0 0 4.73 1.11 13.66 3.44 1.91 9.14 0.71 1.05 2.04 -2.23 -7.14 -1.66 14.29 -16.85 43.31 4.57 -5.92 18.49 0 -0 0 -50.33 34.2 78.97 110.74 -58.31 -77.86 -0 -0 5.37 9.39 -59.74 -8.13 -7.12 0 -0 -16.76 -28.17 23.33 0 -0 0 21.49 33.08 19.41 -148.31 42.29 -107.47 0 -0 -16.26 26.93 -19.55 -9.65 7.12 -0 -0 48.11 -43.85 1.84
-1.16 18.63 5.51 -7.01 -6.89 -1.91 0 0 0 -5.74 -2.78 -2.89 1.99 8.85 25.34 1.36 5 -24.37 8.82 -16.69 -55.47 0 0 0 0 0 0 0 0 0 -0 -0 0 -0 -0 0 3.92 1.63 14.27 2.57 2.55 9.17 0.17 1.36 1.76 -1.99 -7.13 -1.43 12.78 -16.06 43.42 3.93 -5.7 18.04 0 -0 0 -49.16 33.57 79.18 112.31 -58.03 -79.19 -0 -0 5.19 7.86 -59.88 -6.81 -7.12 0 -0 -17.33 -28.08 24.16 0 -0 0 23.37 33.22 20.01 -148.14 42.44 -107.35 0 -0 -13.12 25.84 -15.04 -7.16 7.12 -0 -0 44.56 -40.42 6.63
-1.01 18.64 5.5 -7.18 -5.52 -1.54 0 0 0 -5.97 -3.58 -3.92 2.08 9.02 25.87 1.37 4.43 -24.08 8.77 -16.66 -55.29 0 0 0 0 0 0 0 0 0 -0 -0 0 -0 -0 0 2.98 2.12 14.33 1.78 3.1 8.91 -0.2 1.61 1.44 -2.3 -7.24 -1.12 11.98 -15.75 43.8 3.68 -5.7 18.04 -0 0 0 -47.82 33.05 79.58 114.03 -57.7 -80.65 -0 -0 5.2 7.12 -60.03 -6.17 -7.12 0 -0 -17.62 -28.11 24.6 -0 0 0 23.25 33.48 19.78 -147.84 42.68 -107.15 0 -0 -12.53 19.44 -13.36 -4.66 7.12 -0 -0 39.38 -39.9 6.1
-0.85 18.65 5.54 -7.32 -4.98 -1.86 0 0 0 -6.49 -4.08 -3.71 2.14 9.16 26.28 1.41 4.31 -24.37 8.67 -16.59 -54.93 0 0 0 0 0 0 0 0 0 -0 -0 0 -0 -0 0 2.16 2.94 14.36 0.87 4.09 9.29 -0.81 2.11 1.86 -2.31 -7.56 -1.37 11.06 -15.74 43.99 3.24 -5.77 18.06 -0 0 0 -46.4 31.8 79.52 115.79 -57.33 -82.13 -0 -0 5.56 5.84 -60.07 -5.07 -7.12 0 -0 -18.08 -27.98 25.26 -0 0 0 23.3 33.58 19.59 -147.24 43.14 -106.74 0 -0 -11.91 17.39 -12.25 -3.8 7.12 -0 -0 37.39 -39.22 6.43
-0.69 18.65 5.56 -7.47 -4.34 -2.15 0 0 0 -6.98 -4.63 -3.56 2.2 9.26 26.63 1.45 4.14 -24.54 8.61 -16.55 -54.73 0 0 0 0 0 0 0 0 0 -0 -0 0 -0 -0 0 1.3 3.32 14.32 0.25 4.49 9.29 -1.02 2.29 1.88 -3.83 -7.3 -0.77 10.13 -14.64 44.54 3.29 -5.67 18.1 0 0 0 -46.35 32.17 78.96 117.44 -56.95 -83.52 -0 -0 6.47 5.69 -59.74 -4.92 -7.12 0 -0 -18.06 -27.66 25.19 0 0 0 22.71 34.31 20.73 -147.04 43.3 -106.61 0 -0 -11.6 16.43 -10.98 -3.21 7.12 -0 -0 36.13 -38.24 7.18
-0.53 18.65 5.57 -7.69 -3.6 -2.22 0 0 0 -7.3 -5.13 -3.79 2.27 9.4 27.05 1.47 3.9 -24.59 8.54 -16.5 -54.47 0 0 0 0 0 0 0 0 0 -0 -0 0 -0 -0 0 0.21 3.8 14.4 -0.33 5 9.13 -1.09 2.52 1.65 -4 -7.3 -0.28 8.4 -13.82 45.03 2.67 -5.54 17.93 0 -0 0 -45.86 32.38 78.72 119.57 -56.42 -85.3 -0 -0 6.34 2.28 -59.23 -1.96 -7.12 0 -0 -19.15 -26.76 26.73 0 -0 0 20.99 35.02 20.44 -146.51 43.7 -106.24 0 -0 -12.03 18.29 -9.57 -3.14 7.12 -0 -0 36.81 -36.85 8.95
-0.38 18.66 5.57 -7.98 -3.02 -2.35 0 0 0 -7.54 -5.51 -3.95 2.33 9.53 27.47 1.5 3.66 -24.67 8.5 -16.47 -54.34 0 0 0 0 0 0 0 0 0 -0 -0 0 -0 -0 0 -0.51 4.23 14.51 -1.03 5.48 9.06 -1.49 2.75 1.52 -5.56 -7.31 -0.03 8.48 -13.52 45.15 3.04 -5.68 18.07 0 -0 0 -45.09 32.28 78.47 121.59 -55.87 -86.98 -0 -0 5.98 -0.91 -58.47 0.77 -7.12 0 -0 -20.16 -25.73 28.12 0 -0 0 19.16 35.53 19.69 -146.39 43.8 -106.16 0 -0 -13.74 19.62 -9.59 -3.4 7.12 -0 -0 37.72 -36.72 9.43
-0.23 18.66 5.57 -8.3 -2.5 -2.41 0 0 0 -7.73 -5.95 -4.11 2.39 9.63 27.79 1.51 3.46 -24.7 8.41 -16.42 -54.04 0 0 0 0 0 0 0 0 0 -0 -0 0 -0 -0 0 -1.29 4.56 14.43 -1.71 5.83 9.06 -1.8 2.91 1.58 -6.05 -7.54 -0.6 6.69 -13.05 46.13 2.34 -5.72 18.6 0 0 0 -44.33 32.2 78.31 123.32 -55.36 -88.41 -0 -0 5.78 -2.9 -57.97 2.46 -7.12 0 -0 -20.81 -25.09 29.02 0 0 0 17.67 36.16 19.11 -146.08 44.03 -105.94 0 -0 -14.25 20.58 -9.48 -3.54 7.12 -0 -0 38.31 -36.51 9.9
-0.09 18.67 5.56 -8.67 -2.28 -2.55 0 0 0 -7.86 -6.26 -4.09 2.43 9.71 28.05 1.56 3.3 -24.96 8.26 -16.31 -53.5 0 0 0 0 0 0 0 0 0 -0 -0 0 -0 -0 0 -1.96 4.97 14.58 -2.31 6.27 9.04 -2.13 3.12 1.5 -7.67 -7.72 0.24 6.87 -12.97 44.94 2.73 -5.98 17.79 0 -0 0 -43.52 32 78.59 124.39 -55.02 -89.29 -0 -0 6.56 -0.86 -58.31 0.73 -7.12 0 -0 -20.12 -25.59 28.04 0 -0 0 15.85 36.26 18.25 -145.84 44.2 -105.77 0 -0 -14.39 20.21 -10.46 -3.83 7.12 -0 -0 38.52 -37.38 8.92
0.04 18.68 5.53 -9.22 -2.31 -2.64 0 0 0 -7.74 -6.36 -4.19 2.48 9.8 28.33 1.59 3.24 -25.14 8.18 -16.25 -53.19 0 0 0 0 0 0 0 0 0 -0 -0 0 -0 -0 0 -2.81 5.24 14.66 -2.97 6.52 8.9 -2.39 3.23 1.3 -8.23 -7.92 0.69 5.88 -12.75 44.92 2.41 -6.12 17.58 0 0 0 -42.7 32.14 78.41 125.82 -54.55 -90.45 -0 -0 7.09 -2.98 -57.64 2.52 -7.12 0 -0 -20.79 -24.78 28.95 0 0 0 14.61 36.61 17.97 -145.8 44.23 -105.75 0 -0 -14.11 20.3 -13.2 -4.83 7.12 -0 -0 39.9 -39.66 6.52
0.18 18.69 5.49 -9.76 -2.39 -2.62 0 0 0 -7.64 -6.59 -4.35 2.52 9.87 28.56 1.6 3.4 -25.32 8.07 -16.17 -52.83 0 0 0 0 0 0 0 0 0 -0 -0 0 -0 -0 0 -3.66 5.25 14.72 -3.34 6.41 8.77 -2.32 3.15 1.09 -9.16 -7.96 0.79 4.92 -12.26 44.79 2.19 -6.19 17.41 -0 -0 0 -42.71 32.7 78.09 126.99 -54.14 -91.4 -0 -0 7.27 -3.89 -58.07 3.3 -7.12 0 -0 -21.18 -25.11 29.59 -0 -0 0 12.37 37.47 16.95 -145.52 44.44 -105.55 0 -0 -14.94 21.73 -13.56 -5.34 7.12 -0 -0 41.05 -39.77 6.66
0.3 18.7 5.44 -10.33 -2.71 -2.58 0 0 0 -7.43 -6.68 -4.62 2.57 9.97 28.87 1.63 3.57 -25.65 8.04 -16.15 -52.72 0 0 0 0 0 0 0 0 0 -0 -0 0 -0 -0 0 -4.96 4.91 14.67 -3.14 5.81 8.8 -1.31 2.79 0.99 -10.97 -7.52 0.35 3.75 -10.82 44.79 2.16 -6.01 17.41 0 0 0 -44.66 34.18 76.7 127.84 -53.83 -92.09 -0 -0 7.83 -5.63 -57.54 4.76 -7.12 0 -0 -21.75 -24.49 30.38 0 0 0 9.01 39.19 15.64 -145.18 44.68 -105.32 0 -0 -16.53 23.18 -12.7 -5.38 7.12 -0 -0 41.57 -38.88 8
0.41 18.7 5.38 -10.66 -3.06 -2.41 0 0 0 -7.42 -6.73 -5.03 2.61 10.03 29.09 1.64 3.76 -25.78 7.97 -16.09 -52.44 0 0 0 0 0 0 0 0 0 -0 -0 0 -0 -0 0 -6.03 4.59 14.95 -3.06 5.22 8.73 -0.58 2.45 0.7 -13 -7.25 -0.05 3.2 -9.84 44.72 2.38 -5.99 17.52 -0 0 0 -46.18 35.38 75.7 128.35 -53.64 -92.5 -0 -0 7.66 -7.23 -57.12 6.08 -7.12 0 -0 -22.29 -24.01 31.14 -0 0 0 6.38 40.74 14.23 -144.62 45.08 -104.92 0 -0 -17.16 25.64 -9.97 -4.75 7.12 -0 -0 41.73 -36.26 11.68
0.51 18.72 5.31 -10.92 -3.59 -2.13 0 0 0 -7.47 -6.84 -5.32 2.6 10.01 29.01 1.67 3.99 -26.15 7.82 -15.98 -51.89 0 0 0 0 0 0 0 0 0 -0 -0 0 -0 -0 0 -6.94 4.3 15.1 -3.03 4.7 8.7 0.02 2.16 0.54 -14.63 -7.15 -0.14 2.54 -9.16 44.42 2.44 -6.04 17.4 0 0 0 -47.42 36.48 74.83 128.56 -53.56 -92.68 -0 -0 7.27 -6.87 -57.23 5.78 -7.12 0 -0 -22.17 -24.13 30.97 0 0 0 4.55 42.03 13.08 -144.16 45.4 -104.59 0 -0 -17.74 26.55 -8.56 -4.25 7.12 -0 -0 41.57 -34.94 13.48
0.59 18.73 5.24 -10.88 -4.59 -2.01 0 0 0 -7.76 -6.41 -5.42 2.55 9.94 28.77 1.68 4.51 -26.48 7.77 -15.95 -51.74 0 0 0 0 0 0 0 0 0 -0 -0 0 -0 -0 0 -7.81 4.3 15.52 -3.04 4.54 8.7 0.49 2.05 0.27 -15.89 -7.35 -0.22 1.79 -8.96 44.22 2.32 -6.24 17.36 -0 -0 0 -48.15 37.18 74.28 128.94 -53.42 -92.97 -0 -0 7.56 -7.72 -57.3 6.51 -7.12 0 -0 -22.48 -24.16 31.47 -0 -0 0 2.97 42.47 12.07 -144.2 45.37 -104.62 0 -0 -18.18 27.02 -8.79 -4.46 7.12 -0 -0 41.95 -35.07 13.51
0.67 18.74 5.17 -10.74 -5.49 -1.64 0 0 0 -8.12 -6.12 -5.79 2.51 9.86 28.51 1.68 4.92 -26.66 7.66 -15.86 -51.31 0 0 0 0 0 0 0 0 0 -0 -0 0 -0 -0 0 -8.32 4.3 15.8 -3.11 4.42 8.63 0.69 1.98 0.04 -16.47 -7.68 -0.08 1.12 -9.15 43.88 2.08 -6.47 17.18 0 -0 0 -48.29 37.43 74.23 128.8 -53.47 -92.86 -0 -0 7.78 -6.52 -57.57 5.51 -7.12 0 -0 -22.07 -24.47 30.88 0 -0 0 2.01 42.25 11.28 -144.42 45.22 -104.77 0 -0 -18.08 27.74 -9.91 -5.17 7.12 -0 -0 42.91 -35.9 12.8
0.73 18.75 5.11 -10.36 -6.38 -1.36 0 0 0 -8.69 -5.73 -6.07 2.46 9.76 28.21 1.69 5.23 -26.94 7.56 -15.78 -50.95 0 0 0 0 0 0 0 0 0 -0 -0 0 -0 -0 0 -8.47 4.26 15.92 -3.27 4.32 8.63 0.61 1.93 -0.01 -16.91 -8.07 0.4 0.92 -9.7 43.53 1.99 -6.79 16.98 -0 0 0 -47.9 37.62 74.51 129.12 -53.35 -93.12 -0 -0 7.82 -9.14 -57.94 7.77 -7.12 0 -0 -23.06 -24.69 32.47 -0 0 0 1.57 41.74 10.73 -144.97 44.84 -105.16 0 -0 -17.58 29.31 -12.21 -6.77 7.12 -0 -0 45 -37.57 11.22
0.77 18.75 5.05 -9.99 -7.33 -1.06 0 0 0 -9.15 -5.4 -6.44 2.45 9.74 28.14 1.73 5.33 -27.25 7.39 -15.65 -50.34 0 0 0 0 0 0 0 0 0 -0 -0 0 -0 -0 0 -8.27 4.35 16.08 -3.43 4.44 8.64 0.31 2 -0.07 -16.61 -8.73 0.65 0.48 -10.63 43.59 1.6 -7.19 17.01 0 0 0 -46.88 37.19 75.22 129.03 -53.38 -93.05 -0 -0 7.66 -4.97 -58.08 4.23 -7.12 0 -0 -21.57 -25.05 30.19 0 0 0 2.12 40.19 10.62 -145.63 44.36 -105.63 0 -0 -17.05 31 -14.7 -8.67 7.12 -0 -0 47.38 -39.33 9.25
0.78 18.74 5.01 -9.49 -8.54 -0.96 0 0 0 -9.71 -4.66 -6.73 2.45 9.75 28.16 1.74 5.63 -27.51 7.34 -15.62 -50.16 0 0 0 0 0 0 0 0 0 -0 -0 0 -0 -0 0 -7.97 4.52 16.32 -3.64 4.66 8.69 -0.13 2.12 -0.12 -16.04 -9.36 1.23 0.13 -11.65 43.24 1.23 -7.56 16.7 0 0 0 -45.73 36.68 75.96 128.55 -53.56 -92.66 -0 -0 7.12 -6.44 -58.04 5.47 -7.12 0 -0 -22.1 -24.91 30.99 0 0 0 2.71 38.84 10.2 -146.31 43.86 -106.1 0 -0 -17.21 33.84 -17.3 -11.28 7.12 -0 -0 50.57 -40.94 7.38
0.77 18.74 4.98 -8.85 -9.88 -0.77 0 0 0 -10.34 -4.03 -6.94 2.43 9.71 28.05 1.75 6.13 -27.85 7.4 -15.66 -50.39 0 0 0 0 0 0 0 0 0 -0 -0 0 -0 -0 0 -7.82 4.64 16.28 -3.86 4.83 8.71 -0.47 2.21 -0.06 -15.95 -9.94 2.3 0.33 -12.82 42.74 1.2 -8.03 16.31 -0 0 0 -44.86 36.34 76.6 127.97 -53.78 -92.19 -0 -0 5.61 -5.92 -58.59 5.05 -7.12 0 -0 -21.97 -25.46 30.87 -0 0 0 3.83 37.66 10.07 -146.86 43.44 -106.48 0 -0 -17.36 37.47 -19.25 -14.18 7.12 -0 -0 53.71 -41.81 6.5
0.74 18.73 4.96 -8.25 -11.37 -0.67 0 0 0 -10.87 -3.36 -6.96 2.41 9.67 27.92 1.81 6.47 -28.44 7.32 -15.6 -50.09 0 0 0 0 0 0 0 0 0 -0 -0 0 -0 -0 0 -7.66 4.74 16.11 -4.08 5.01 8.86 -0.81 2.29 0.22 -15.82 -10.5 3.05 0.75 -14 42.05 1.24 -8.47 15.92 -0 0 0 -43.75 35.8 77.05 128.55 -53.56 -92.66 -0 -0 6.06 -7.33 -58.17 6.24 -7.12 0 -0 -22.43 -24.99 31.52 -0 0 0 4.98 36.57 9.81 -147.39 43.03 -106.85 0 -0 -18.25 39.06 -20.51 -15.88 7.12 -0 -0 55.42 -42.5 5.39
0.68 18.71 4.95 -7.76 -12.84 -0.54 0 0 0 -11.18 -2.58 -7.05 2.4 9.65 27.84 1.87 6.62 -28.94 7.16 -15.47 -49.48 0 0 0 0 0 0 0 0 0 -0 -0 0 -0 -0 0 -7.39 4.91 16.15 -4.28 5.25 8.85 -1.21 2.42 0.22 -15.39 -11.29 3.88 0.65 -15.32 41.46 1.01 -8.99 15.51 -0 0 0 -42.56 35.1 78.03 127.9 -53.81 -92.14 -0 -0 5.08 -6.49 -58.68 5.55 -7.12 0 -0 -22.19 -25.52 31.22 -0 0 0 5.98 35.06 9.19 -147.83 42.69 -107.14 0 -0 -19.73 41.08 -20.64 -17.08 7.12 -0 -0 56.29 -42.18 6.35
0.6 18.7 4.95 -7.57 -14.48 -0.31 0 0 0 -11.13 -1.62 -7.23 2.41 9.67 27.91 1.91 6.95 -29.37 7.21 -15.51 -49.67 0 0 0 0 0 0 0 0 0 -0 -0 0 -0 -0 0 -7.31 4.77 16.09 -4.18 5.08 8.91 -1.11 2.33 0.31 -16.08 -11.62 4.49 0.83 -15.92 40.64 1.16 -9.33 15.14 -0 0 0 -43.04 35.36 77.47 128.1 -53.73 -92.3 -0 -0 7.2 -6.65 -58.19 5.66 -7.12 0 -0 -22.19 -25.04 31.15 -0 0 0 6.57 34.78 8.45 -148.08 42.48 -107.32 0 -0 -21.63 43.07 -21.17 -18.65 7.12 -0 -0 57.41 -42.17 6.69
0.5 18.7 4.95 -7.39 -16.22 0.06 0 0 0 -11.06 -1.04 -7.39 2.42 9.69 27.98 1.96 7.55 -30.03 7.15 -15.46 -49.45 0 0 0 0 0 0 0 0 0 -0 -0 0 -0 -0 0 -7.41 4.69 16.01 -4.13 4.95 8.9 -0.97 2.26 0.33 -16.55 -12.19 4.98 0.79 -16.81 39.9 1.13 -9.78 14.83 0 -0 0 -43.17 35.42 77.58 127.58 -53.93 -91.88 -0 -0 6.04 -6.32 -58.46 5.39 -7.12 0 -0 -22.1 -25.32 31.05 0 -0 0 7.11 34.29 7.52 -148.46 42.18 -107.57 0 -0 -24.36 45 -22.03 -20.57 7.12 -0 -0 58.77 -42.43 6.39
0.4 18.69 4.96 -7.38 -18.23 0.37 0 0 0 -10.78 0.2 -7.52 2.43 9.7 28.02 2.01 7.98 -30.61 7.17 -15.47 -49.52 0 0 0 0 0 0 0 0 0 -0 -0 0 -0 -0 0 -7.68 4.59 15.82 -4.07 4.8 8.93 -0.72 2.16 0.45 -17.24 -12.61 5.86 1.02 -17.62 38.78 1.3 -10.21 14.32 -0 -0 0 -43.52 35.67 77.31 127.47 -53.97 -91.79 -0 -0 6.56 -5.99 -58.52 5.11 -7.12 0 -0 -21.99 -25.4 30.89 -0 -0 0 7.45 33.97 6.55 -148.79 41.91 -107.79 0 -0 -26.73 46.51 -23.11 -22.48 7.12 -0 -0 60.23 -42.97 5.31
0.3 18.68 4.99 -7.37 -20.37 0.61 0 0 0 -10.61 1.19 -7.47 2.45 9.75 28.16 2.09 8.64 -31.51 7.07 -15.39 -49.14 0 0 0 0 0 0 0 0 0 -0 -0 0 -0 -0 0 -7.83 4.53 15.67 -4.17 4.71 8.97 -0.72 2.1 0.57 -17.98 -13.13 6.87 1.61 -18.7 37.5 1.58 -10.73 13.82 -0 0 0 -43.36 35.63 77.7 126.94 -54.16 -91.36 -0 -0 4.88 -4.26 -58.89 3.65 -7.12 0 -0 -21.42 -25.86 30.07 -0 0 0 7.8 33.6 5.35 -149.27 41.51 -108.11 0 -0 -29.45 48.31 -24.14 -24.67 7.12 -0 -0 61.74 -43.42 4.38
0.22 18.67 5.01 -7.61 -22.56 0.93 0 0 0 -10.26 2.05 -7.36 2.48 9.81 28.36 2.19 9.31 -32.54 7.04 -15.37 -49.04 0 0 0 0 0 0 0 0 0 -0 -0 0 -0 -0 0 -7.99 4.41 15.55 -4.2 4.52 8.98 -0.63 1.99 0.64 -18.38 -13.65 7.42 1.99 -19.66 36.43 1.71 -11.17 13.44 0 0 0 -43.47 35.82 77.22 127.37 -54 -91.71 -0 -0 6.95 -4.83 -58.84 4.13 -7.12 0 -0 -21.61 -25.77 30.36 0 0 0 8.27 33.38 4.14 -149.85 41.02 -108.49 0 -0 -31.92 49.11 -25.85 -26.73 7.12 -0 -0 63.95 -44.63 1.1
0.15 18.66 5.05 -7.84 -24.83 1.19 0 0 0 -10.03 3.07 -6.99 2.48 9.79 28.31 2.3 10.01 -33.6 6.97 -15.31 -48.76 0 0 0 0 0 0 0 0 0 -0 -0 0 -0 -0 0 -8.53 4 15.2 -3.9 3.94 8.76 0.1 1.68 0.57 -19.82 -13.66 8.19 2.39 -19.96 35.39 2.08 -11.45 13.13 0 -0 0 -44.74 37.13 76.71 127.04 -54.12 -91.45 -0 -0 7.14 -4.5 -59.31 3.87 -7.12 0 -0 -21.56 -26.24 30.35 0 -0 0 8.58 34.14 3.63 -150.59 40.38 -108.98 0 -0 -34.36 50.14 -26.63 -28.22 7.12 -0 -0 65.14 -45.02 -0.07
0.1 18.65 5.1 -7.86 -26.66 1.47 0 0 0 -10.09 3.86 -6.7 2.43 9.72 28.06 2.39 10.54 -34.45 6.86 -15.21 -48.33 0 0 0 0 0 0 0 0 0 -0 -0 0 -0 -0 0 -8.51 4.04 14.91 -4.06 4.01 8.6 -0.08 1.72 0.56 -19.54 -14.15 8.83 3.39 -21.12 34.6 2.32 -11.87 12.9 -0 0 0 -43.76 36.7 77.59 126.71 -54.24 -91.17 -0 -0 6.76 -3.77 -59.71 3.26 -7.12 0 -0 -21.36 -26.66 30.09 -0 0 0 11.49 33.2 3.34 -150.77 40.22 -109.09 0 -0 -36.04 51.18 -26.21 -28.76 7.12 -0 -0 64.77 -44.48 1.59
0.07 18.65 5.16 -7.62 -27.85 1.57 0 0 0 -10.43 4.43 -6.38 2.39 9.63 27.78 2.47 10.76 -35.04 6.76 -15.12 -47.95 0 0 0 0 0 0 0 0 0 -0 -0 0 -0 -0 0 -8.82 3.83 14.59 -3.87 3.72 8.37 0.35 1.57 0.47 -19.04 -14.07 8.49 4.56 -21.36 33.95 2.65 -11.83 12.78 -0 -0 0 -43.99 36.86 77.92 125.83 -54.54 -90.46 -0 -0 6.53 -3.49 -59.95 3.02 -7.12 0 -0 -21.3 -26.91 30.03 -0 -0 0 14.84 33.36 3.56 -151.15 39.89 -109.33 0 -0 -38.38 49.6 -26.66 -27.8 7.12 -0 -0 65.07 -45.16 -0.47
0.06 18.65 5.23 -7.58 -28.47 1.82 0 0 0 -10.61 4.73 -6.28 2.36 9.58 27.63 2.53 10.97 -35.5 6.76 -15.13 -47.96 0 0 0 0 0 0 0 0 0 -0 -0 0 -0 -0 0 -8.68 3.68 14.13 -3.52 3.6 8.15 0.67 1.52 0.47 -17.78 -13.62 7.32 6.42 -21.2 33.55 3.13 -11.44 12.84 -0 0 0 -44.27 36.73 78.43 124.56 -54.97 -89.42 -0 -0 6.25 -2.2 -60.06 1.91 -7.12 0 -0 -20.87 -27.12 29.39 -0 0 0 20.14 33.5 4.28 -150.79 40.21 -109.1 0 -0 -38.83 50.68 -24.77 -27.09 7.12 -0 -0 62.85 -43.41 4.65
0.06 18.65 5.31 -7.67 -28.56 2.09 0 0 0 -10.67 4.74 -6.34 2.37 9.6 27.7 2.52 11.05 -35.47 6.78 -15.14 -48.04 0 0 0 0 0 0 0 0 0 -0 -0 0 -0 -0 0 -8.39 3.68 13.9 -2.98 3.68 8.01 1.08 1.56 0.41 -15.54 -13.03 5.26 8.56 -20.85 33.18 3.55 -10.79 12.95 -0 -0 0 -45.05 36.11 78.59 122.93 -55.48 -88.08 -0 -0 6.11 -2.61 -60.18 2.26 -7.12 0 -0 -21.03 -27.19 29.64 -0 -0 0 26.31 33.59 5.45 -150.18 40.74 -108.71 0 -0 -38.67 52.86 -24.64 -28.83 7.12 -0 -0 62.82 -42.76 6.7
0.06 18.65 5.38 -7.75 -28.48 2.46 0 0 0 -10.75 4.63 -6.48 2.38 9.62 27.76 2.56 10.88 -35.61 6.73 -15.1 -47.83 0 0 0 0 0 0 0 0 0 -0 -0 0 -0 -0 0 -8.14 3.8 13.28 -2.28 3.94 7.84 1.66 1.69 0.49 -13.3 -12.1 3.18 11.21 -20.27 32.83 4.2 -9.97 13.15 0 -0 0 -46.33 35.18 78.54 120.77 -56.1 -86.3 -0 -0 6.24 -2.02 -60.18 1.75 -7.12 0 -0 -20.82 -27.25 29.34 0 -0 0 32.62 33.19 6.83 -149.38 41.42 -108.18 0 -0 -39.17 51.09 -26.48 -28.92 7.12 -0 -0 65.12 -44.72 0.87
0.07 18.65 5.45 -7.87 -28 2.78 0 0 0 -10.72 4.56 -6.75 2.41 9.67 27.91 2.57 10.62 -35.48 6.79 -15.15 -48.08 0 0 0 0 0 0 0 0 0 -0 -0 0 -0 -0 0 -7.86 3.9 13.19 -1.43 4.12 7.44 2.36 1.8 0.05 -10.95 -11.04 1.02 13.37 -19.5 32.74 4.68 -9.06 13.4 -0 0 0 -47.58 34.15 78.82 118.33 -56.74 -84.27 -0 -0 6.25 -1.82 -60.16 1.58 -7.12 0 -0 -20.75 -27.24 29.23 -0 0 0 39.01 32.88 8.43 -147.85 42.66 -107.16 0 -0 -38.71 50.74 -26.71 -28.8 7.12 -0 -0 65.36 -44.97 0.09
0.08 18.64 5.53 -7.95 -27.46 2.89 0 0 0 -10.72 4.39 -6.74 2.42 9.7 28 2.57 10.45 -35.37 6.84 -15.19 -48.25 0 0 0 0 0 0 0 0 0 -0 -0 0 -0 -0 0 -7.4 4.02 13.04 -0.64 4.35 7.18 2.89 1.94 -0.19 -8.97 -9.99 -0.85 15.82 -18.86 32.38 5.35 -8.23 13.63 0 0 0 -48.65 33.21 79.56 115.48 -57.4 -81.88 -0 -0 4.16 -0.1 -60.19 0.09 -7.12 0 -0 -20.16 -27.42 28.35 0 0 0 47.68 31.76 10.68 -145.95 44.12 -105.85 0 -0 -38.41 49.05 -26.87 -27.51 7.12 -0 -0 65.21 -45.42 -1.26
0.09 18.64 5.61 -8.03 -26.79 3.03 0 0 0 -10.67 4.28 -6.78 2.43 9.71 28.04 2.55 10.15 -35.08 6.95 -15.29 -48.68 0 0 0 0 0 0 0 0 0 -0 -0 0 -0 -0 0 -6.97 4.1 12.59 0.23 4.56 7.01 3.55 2.05 -0.2 -7.06 -8.99 -2.54 17.61 -18.12 31.95 5.79 -7.42 13.71 0 -0 0 -49.99 32.03 79.69 112.97 -57.91 -79.75 -0 -0 3.91 -0.66 -60.34 0.58 -7.12 0 -0 -20.38 -27.51 28.69 0 -0 0 56.22 30.07 12.73 -143.36 45.95 -104.02 0 -0 -37.86 47.32 -27.23 -26.39 7.12 -0 -0 65.17 -46 -2.94
0.09 18.64 5.7 -7.93 -25.85 3.02 0 0 0 -10.83 3.8 -6.54 2.42 9.68 27.96 2.6 9.67 -35.04 6.93 -15.27 -48.59 0 0 0 0 0 0 0 0 0 -0 -0 0 -0 -0 0 -6.35 4.15 12.27 0.96 4.75 6.64 3.96 2.17 -0.46 -5.37 -8.3 -3.55 19.01 -17.68 31.37 6.09 -6.85 13.62 0 -0 0 -50.9 31.01 80.29 110.33 -58.38 -77.51 -0 -0 3.54 -0.49 -60.03 0.43 -7.12 0 -0 -20.27 -27.24 28.49 0 -0 0 64.09 26.6 14.52 -139.69 48.25 -101.33 0 -0 -38.23 43.1 -29 -24.4 7.12 -0 -0 65.59 -47.95 -8.25
0.1 18.63 5.79 -7.84 -24.61 2.82 0 0 0 -10.88 3.47 -6.27 2.42 9.69 27.98 2.55 9.29 -34.53 7.09 -15.41 -49.23 0 0 0 0 0 0 0 0 0 -0 -0 0 -0 -0 0 -5.76 4.04 11.77 1.8 4.71 6.53 4.54 2.16 -0.34 -4.62 -7.73 -3.98 21.06 -17.27 29.87 6.78 -6.43 13.18 -0 -0 0 -52.35 30.2 80.28 107.94 -58.75 -75.48 -0 -0 3.33 -0.75 -60.3 0.65 -7.12 0 -0 -20.41 -27.47 28.72 -0 -0 0 69.55 22.31 16.11 -134.28 51.12 -97.2 0 -0 -37.46 37.19 -30.3 -20.95 7.12 -0 -0 63.83 -49.8 -11.95
0.1 18.62 5.88 -7.89 -23.2 2.54 0 0 0 -10.74 3.04 -5.91 2.44 9.72 28.09 2.53 8.74 -34.11 7.11 -15.43 -49.3 0 0 0 0 0 0 0 0 0 -0 -0 0 -0 -0 0 -5.1 3.93 11.72 2.72 4.66 6.25 5.13 2.16 -0.62 -3.68 -7.65 -4.72 21.84 -17.44 29.36 6.86 -6.29 13.19 0 0 0 -53.76 29.79 80.4 105.33 -59.09 -73.24 -0 -0 3.05 0.36 -60.27 -0.31 -7.12 0 -0 -20.02 -27.55 28.14 0 0 0 73.2 17.49 17.15 -126.22 54.41 -90.78 0 -0 -34.98 29.91 -33.81 -17.75 7.12 -0 -0 62.71 -53.31 -18.44
0.09 18.6 5.97 -7.73 -21.72 1.91 0 0 0 -10.81 2.62 -5.22 2.45 9.75 28.19 2.53 8.11 -33.77 7.22 -15.51 -49.69 0 0 0 0 0 0 0 0 0 -0 -0 0 -0 -0 0 -4.3 3.76 11.64 3.39 4.54 6.1 5.4 2.12 -0.72 -3.09 -7.34 -4.81 23.71 -17.3 27.95 7.48 -6.08 12.8 0 -0 0 -54.79 29.47 80.43 102.97 -59.35 -71.21 -0 -0 2.98 -1.02 -59.47 0.88 -7.12 0 -0 -20.36 -26.67 28.55 0 -0 0 75.03 13.25 17.57 -114.09 57.69 -80.7 0 -0 -33.11 16.06 -33.58 -9.05 7.12 -0 -0 51.53 -55.98 -17.05
0.08 18.58 6.06 -7.63 -20.39 1.17 0 0 0 -10.77 2.48 -4.41 2.46 9.77 28.22 2.47 7.7 -33.2 7.46 -15.7 -50.58 0 0 0 0 0 0 0 0 0 -0 -0 0 -0 -0 0 -3.54 3.69 11.5 4.19 4.54 6.01 5.81 2.13 -0.74 -2.34 -7.12 -5.29 24.76 -17.23 27.19 7.73 -5.87 12.66 -0 -0 0 -55.92 28.98 80.48 100.38 -59.59 -68.97 -0 -0 3.15 -0.01 -59.69 0.01 -7.12 0 -0 -20.04 -26.96 28.11 -0 -0 0 75.97 9.26 17.44 -99.29 59.67 -68.03 0 -0 -31.41 5.01 -39.57 -3.19 7.12 -0 -0 48.98 -62.72 -23.98
0.08 18.57 6.15 -7.47 -18.67 0.43 0 0 0 -10.86 1.85 -3.49 2.46 9.76 28.21 2.46 7.04 -32.76 7.5 -15.74 -50.75 0 0 0 0 0 0 0 0 0 -0 -0 0 -0 -0 0 -2.65 3.43 11.47 4.86 4.31 5.94 6.05 2.03 -0.77 -1.71 -6.98 -5.76 25.73 -17.16 26.21 7.95 -5.71 12.43 -0 0 0 -56.89 28.65 80.33 98.02 -59.76 -66.94 -0 -0 3.24 0.79 -60.01 -0.69 -7.12 0 -0 -19.82 -27.35 27.81 -0 0 0 76.75 6.25 16.1 -82.31 59.78 -53.35 0 -0 -28.47 -0.26 -43.43 0.18 7.12 -0 -0 50.29 -66.77 -29.32
0.06 18.54 6.23 -7.07 -16.94 -0.3 0 0 0 -11.13 1.46 -2.76 2.45 9.74 28.15 2.43 6.19 -32.15 7.55 -15.78 -50.93 0 0 0 0 0 0 0 0 0 -0 -0 0 -0 -0 0 -2.11 3.12 11.11 5.48 3.96 5.89 6.47 1.86 -0.59 -1.52 -6.91 -6.07 26.55 -17.06 25.24 8.2 -5.61 12.18 -0 0 0 -58.02 28.64 79.96 95.72 -59.88 -64.95 -0 -0 3.39 1.09 -60.4 -0.95 -7.12 0 -0 -19.79 -27.74 27.81 -0 0 0 77.27 3.54 14.18 -66.32 57.77 -39.65 0 -0 -25.06 -3.98 -42.92 2.72 7.12 -0 -0 45.92 -67.58 -27.12
0.06 18.53 6.3 -6.75 -15.58 -1.01 0 0 0 -11.44 0.95 -1.82 2.42 9.69 27.97 2.44 5.83 -32.02 7.72 -15.91 -51.55 0 0 0 0 0 0 0 0 0 -0 -0 0 -0 -0 0 -1.33 2.9 11.08 5.93 3.76 5.79 6.52 1.77 -0.63 -1.31 -6.96 -6.41 27.05 -17.05 24.34 8.29 -5.58 11.94 0 0 0 -58.75 28.75 79.7 93.92 -59.94 -63.39 -0 -0 3.47 1.53 -60.48 -1.33 -7.12 0 -0 -19.66 -27.86 27.62 0 0 0 78.12 0.71 11.53 -54.05 54.5 -29.44 0 -0 -20.93 -5.37 -41.31 3.55 7.12 -0 -0 41.81 -66.88 -23.7
0.05 18.51 6.38 -6.46 -14.34 -1.6 0 0 0 -11.72 0.6 -0.98 2.38 9.62 27.77 2.44 5.23 -31.74 7.81 -15.98 -51.87 0 0 0 0 0 0 0 0 0 -0 -0 0 -0 -0 0 -0.51 2.65 10.96 6.24 3.52 5.62 6.41 1.66 -0.69 -1.53 -7.03 -6.63 27.89 -17.07 23.36 8.6 -5.59 11.73 -0 -0 0 -59.31 29.13 79.5 92.21 -59.98 -61.91 -0 -0 3.53 2.32 -61.14 -2.03 -7.12 0 -0 -19.52 -28.56 27.49 -0 -0 0 79.15 -2.37 8.51 -44.7 50.62 -22 0 -0 -16.39 -5.78 -39.37 3.68 7.12 -0 -0 38.38 -65.56 -20.38
0.02 18.5 6.47 -6.23 -12.62 -2.24 0 0 0 -11.82 0.03 -0.01 2.33 9.53 27.47 2.41 4.53 -31.22 7.9 -16.05 -52.21 0 0 0 0 0 0 0 0 0 -0 -0 0 -0 -0 0 0.05 2.22 10.5 6.5 3.01 5.5 6.45 1.41 -0.49 -1.63 -7.03 -6.81 28.37 -16.89 22.39 8.76 -5.54 11.42 0 0 0 -59.87 29.49 79.02 90.89 -60 -60.77 -0 -0 3.75 4.24 -60.62 -3.69 -7.12 0 -0 -18.75 -28.3 26.31 0 0 0 80.18 -5.5 5.58 -36.88 46.11 -16.15 0 -0 -11.15 -7.29 -37.43 4.45 7.12 -0 -0 34.19 -64.45 -17.04
-0.01 18.49 6.55 -6.29 -11.31 -2.77 0 0 0 -11.55 -0.03 0.78 2.29 9.45 27.22 2.36 3.81 -30.6 7.98 -16.11 -52.49 0 0 0 0 0 0 0 0 0 -0 -0 0 -0 -0 0 0.83 2.01 10.08 6.75 2.78 5.44 6.31 1.31 -0.27 -1.78 -7.06 -7.51 28.67 -16.72 21.35 8.83 -5.47 11.19 -0 -0 0 -60.3 29.4 78.83 89.74 -60 -59.77 -0 -0 3.64 4.85 -60.34 -4.22 -7.12 0 -0 -18.48 -28.11 25.88 -0 -0 0 81.31 -9.2 3 -32.19 42.7 -12.87 0 -0 -6.99 -7.72 -36.4 4.6 7.12 -0 -0 32.47 -63.73 -15.55
-0.04 18.47 6.64 -6.09 -10.03 -3.39 0 0 0 -11.66 -0.34 1.8 2.24 9.34 26.88 2.33 3.38 -30.2 8.05 -16.16 -52.74 0 0 0 0 0 0 0 0 0 -0 -0 0 -0 -0 0 1.37 1.81 9.73 6.75 2.57 5.21 6.03 1.22 -0.28 -1.89 -7.01 -7.76 29.2 -16.37 20.08 9.01 -5.36 10.76 -0 -0 0 -60.02 29.66 79.19 89.27 -60 -59.37 -0 -0 3.14 4.88 -60.45 -4.24 -7.12 0 -0 -18.5 -28.21 25.91 -0 -0 0 83.29 -13.37 0.74 -29.48 40.45 -11.07 0 -0 -3.15 -7.88 -35.17 4.56 7.12 -0 -0 30.88 -62.75 -14
-0.07 18.46 6.72 -5.95 -8.9 -3.93 0 0 0 -11.73 -0.74 2.73 2.19 9.26 26.61 2.32 2.87 -29.93 8.1 -16.19 -52.92 0 0 0 0 0 0 0 0 0 -0 -0 0 -0 -0 0 1.68 1.55 9.11 6.82 2.22 5.17 5.97 1.05 0.07 -1.87 -6.82 -8.62 29.27 -15.83 19.01 8.99 -5.13 10.44 0 -0 0 -60.36 29.94 78.88 88.88 -60 -59.03 -0 -0 2.56 4.67 -60.18 -4.05 -7.12 0 -0 -18.51 -27.93 25.9 0 -0 0 85.13 -16.3 -1.46 -27.75 38.88 -9.96 0 0 0.05 -6.19 -34.82 3.55 7.12 -0 -0 32.23 -62.03 -14.13
-0.11 18.44 6.79 -5.88 -7.89 -4.7 0 0 0 -11.51 -0.51 3.68 2.15 9.17 26.32 2.29 2.22 -29.49 8.25 -16.3 -53.46 0 0 0 0 0 0 0 0 0 -0 -0 0 -0 -0 0 2.05 1.36 8.94 6.73 1.99 5.07 5.69 0.94 0.09 -1.62 -6.69 -8.98 29.25 -15.31 17.79 8.9 -4.95 9.94 0 -0 0 -60.23 30.3 78.75 88.74 -59.99 -58.91 -0 -0 2.39 4.64 -60.33 -4.04 -7.12 0 -0 -18.55 -28.07 25.98 0 -0 0 87.07 -18.82 -2.02 -26.81 38 -9.38 0 0 1.09 -7.03 -34.07 3.95 7.12 -0 -0 30.58 -61.6 -13.03
-0.15 18.42 6.85 -5.91 -6.91 -5.26 0 0 0 -11.28 -0.65 4.48 2.12 9.1 26.11 2.27 1.77 -29.19 8.36 -16.38 -53.84 0 0 0 0 0 0 0 0 0 -0 -0 0 -0 -0 0 2.26 1.16 8.59 6.7 1.75 4.82 5.56 0.83 0.05 -1.83 -6.67 -9.04 29.52 -14.93 16.56 9.01 -4.88 9.49 -0 -0 0 -60.14 30.74 78.85 88.49 -59.99 -58.69 -0 -0 2.06 5.56 -60.18 -4.83 -7.12 0 -0 -18.2 -28.05 25.45 -0 -0 0 88.55 -20.83 -1.25 -26.78 37.97 -9.36 0 0 1.13 -6.88 -33.99 3.86 7.12 -0 -0 30.65 -61.5 -12.98
-0.2 18.41 6.91 -5.78 -6.12 -5.69 0 0 0 -11.25 -0.79 5.19 2.08 9.02 25.87 2.26 1.31 -28.91 8.35 -16.37 -53.8 0 0 0 0 0 0 0 0 0 -0 -0 0 -0 -0 0 2.44 1.12 8.13 6.57 1.68 4.6 5.33 0.81 0.09 -2.23 -6.9 -9.45 29.56 -14.93 15.52 9.02 -4.96 9.24 0 -0 0 -59.93 31 78.9 88.65 -59.99 -58.83 -0 -0 1.94 5.82 -60.13 -5.05 -7.12 0 -0 -18.1 -28.03 25.3 0 -0 0 89.63 -21.54 0.36 -26.81 38 -9.38 0 0 1.35 -7.13 -34.28 4.03 7.12 -0 -0 30.69 -61.8 -13.23
-0.25 18.39 6.95 -5.81 -5.57 -6.15 0 0 0 -11.05 -0.92 5.86 2.06 8.99 25.77 2.24 1.2 -28.76 8.45 -16.44 -54.18 0 0 0 0 0 0 0 0 0 -0 -0 0 -0 -0 0 2.43 1.18 7.75 6.55 1.76 4.46 5.31 0.84 0.15 -2.61 -7.09 -9.5 29.41 -14.78 14.43 8.97 -5.02 8.85 -0 -0 0 -59.98 31.11 78.77 88.69 -59.99 -58.86 -0 -0 1.96 5.24 -59.9 -4.54 -7.12 0 -0 -18.25 -27.75 25.49 -0 -0 0 90.06 -21.01 2.34 -26.59 37.78 -9.25 0 0 3.6 -8.23 -34.59 4.7 7.12 -0 -0 29.9 -62.35 -13.24
-0.3 18.38 6.99 -5.76 -4.88 -6.56 0 0 0 -10.95 -1.14 6.4 2.06 8.98 25.75 2.25 0.77 -28.67 8.38 -16.39 -53.93 0 0 0 0 0 0 0 0 0 -0 -0 0 -0 -0 0 2.39 1.24 7.36 6.46 1.82 4.27 5.24 0.88 0.17 -3.13 -7.44 -9.75 29.26 -14.94 13.65 8.92 -5.19 8.69 0 0 0 -59.94 31.23 78.68 88.77 -59.99 -58.93 -0 -0 2.36 6.55 -59.88 -5.67 -7.12 0 -0 -17.78 -27.9 24.82 0 0 0 89.67 -19.98 4.37 -26.03 37.24 -8.91 0 0 8.86 -12.05 -34.2 6.84 7.12 -0 -0 25.48 -62.99 -11.52
-0.35 18.36 7.03 -5.84 -4.05 -6.87 0 0 0 -10.66 -1.37 6.73 2.06 8.98 25.73 2.22 0.47 -28.37 8.56 -16.51 -54.54 0 0 0 0 0 0 0 0 0 -0 -0 0 -0 -0 0 2.21 1.34 6.93 6.5 1.94 4.09 5.37 0.94 0.2 -3.72 -7.83 -9.21 29.14 -14.87 11.97 8.91 -5.39 8.03 -0 0 0 -59.9 31.44 78.7 89.32 -60 -59.41 -0 -0 2.63 7.15 -59.4 -6.16 -7.12 0 -0 -17.46 -27.53 24.3 -0 0 0 88.6 -18.89 6.65 -26 37.21 -8.89 0 0 10.12 -10.99 -32.11 5.9 7.12 -0 -0 24.61 -60.87 -9.86
-0.39 18.35 7.07 -5.65 -3.02 -7.33 0 0 0 -10.66 -1.6 7.27 2.04 8.94 25.62 2.21 0.04 -28.17 8.68 -16.59 -54.96 0 0 0 0 0 0 0 0 0 -0 -0 0 -0 -0 0 2.19 1.35 6.2 6.2 1.9 4.15 5.09 0.92 0.67 -4.38 -8.3 -8.81 29.08 -14.89 10.14 8.93 -5.63 7.41 -0 -0 0 -59.77 31.52 78.19 90.1 -60 -60.09 -0 -0 2.01 4.73 -59.01 -4.05 -7.12 0 -0 -18.24 -26.85 25.37 -0 -0 0 87.91 -17.89 9.34 -26.93 38.11 -9.46 0 0 7.63 -9.02 -31.68 4.76 7.12 -0 -0 26.27 -60.01 -10.03
-0.45 18.33 7.11 -5.47 -1.86 -7.6 0 0 0 -10.61 -1.86 7.5 2.03 8.93 25.59 2.16 -0.38 -27.72 8.8 -16.67 -55.38 0 0 0 0 0 0 0 0 0 -0 -0 0 -0 -0 0 2.16 1.44 6.13 5.88 2.06 3.63 4.76 1.01 0.17 -5.16 -9.04 -8.57 28.64 -15.42 8.83 8.78 -6.07 7.05 0 0 0 -59.13 32.33 78.38 91.08 -60 -60.93 -0 -0 1.86 4.12 -58.99 -3.53 -7.12 0 -0 -18.45 -26.75 25.68 0 0 0 87.61 -17.18 11.11 -27.27 38.44 -9.67 0 0 6.94 -9.1 -31.44 4.78 7.12 -0 -0 25.98 -59.82 -9.8
-0.49 18.32 7.17 -5.37 -0.78 -7.88 0 0 0 -10.61 -2.36 7.91 2.03 8.93 25.58 2.16 -0.96 -27.55 8.72 -16.62 -55.11 0 0 0 0 0 0 0 0 0 -0 -0 0 -0 -0 0 2.04 1.57 5.54 5.67 2.21 3.42 4.6 1.09 0.27 -5.9 -9.57 -8.26 28.2 -15.52 7.04 8.68 -6.34 6.47 -0 -0 0 -58.92 32.74 78.13 92.36 -59.98 -62.05 -0 -0 1.37 2.21 -58.62 -1.89 -7.12 0 -0 -19.06 -26.18 26.52 -0 -0 0 87.29 -16.07 12.58 -27.33 38.49 -9.7 0 0 7.62 -8.74 -31.41 4.58 7.12 -0 -0 26.32 -59.71 -9.87
-0.54 18.31 7.23 -5.2 0.24 -8.08 0 0 0 -10.7 -2.73 8.18 2.04 8.95 25.63 2.15 -1.17 -27.44 8.86 -16.71 -55.6 0 0 0 0 0 0 0 0 0 -0 -0 0 -0 -0 0 1.77 1.76 4.79 5.35 2.42 3.28 4.42 1.2 0.53 -6.52 -10.05 -7.82 28.12 -15.63 5.16 8.72 -6.6 5.87 -0 -0 0 -58.73 32.84 77.75 93.4 -59.96 -62.94 -0 -0 1.38 0.58 -58.14 -0.5 -7.12 0 -0 -19.57 -25.56 27.2 -0 -0 0 87.18 -15.45 14.47 -27.35 38.51 -9.71 0 0 7.12 -6.35 -31.67 3.34 7.12 -0 -0 28.96 -59.39 -10.73
-0.58 18.3 7.29 -5.14 1.07 -8.23 0 0 0 -10.68 -3.18 8.41 2.06 9 25.78 2.16 -1.45 -27.44 8.88 -16.73 -55.67 0 0 0 0 0 0 0 0 0 -0 -0 0 -0 -0 0 1.56 1.92 4.03 5.06 2.59 3.32 4.26 1.28 1 -6.75 -10.48 -8.36 27.64 -15.84 3.94 8.51 -6.79 5.61 0 0 0 -58.75 32.92 76.89 95.32 -59.89 -64.61 -0 -0 0.05 -3.25 -56.89 2.73 -7.12 0 -0 -20.79 -24.05 28.84 0 0 0 86.85 -14.35 17.32 -26.92 38.11 -9.45 0 0 6.05 -9.32 -30.35 4.74 7.12 -0 -0 24.85 -58.89 -8.78
-0.62 18.29 7.36 -5.1 1.77 -8.23 0 0 0 -10.58 -3.41 8.5 2.07 9.01 25.82 2.16 -1.54 -27.36 9.04 -16.83 -56.23 0 0 0 0 0 0 0 0 0 -0 -0 0 -0 -0 0 1.31 2.05 3.13 4.79 2.73 3.01 4.14 1.35 1.17 -7.37 -10.63 -7.56 27.39 -15.6 2.45 8.59 -6.87 5 -0 -0 0 -58.59 33.59 76.55 96.55 -59.84 -65.67 -0 -0 0.02 -4.78 -56.14 3.97 -7.12 0 -0 -21.28 -23.23 29.44 -0 -0 0 86.66 -14.3 20.39 -26.27 37.48 -9.05 0 0 9.36 -10.48 -31.03 5.44 7.12 -0 -0 24.21 -59.77 -9.05
-0.66 18.28 7.44 -5 2.17 -8.31 0 0 0 -10.7 -3.73 8.97 2.05 8.97 25.71 2.16 -1.39 -27.43 9.1 -16.87 -56.44 0 0 0 0 0 0 0 0 0 -0 -0 0 -0 -0 0 0.99 2.26 2.36 4.44 2.99 2.76 3.98 1.48 1.33 -7.81 -10.85 -7.29 27.22 -15.56 1.19 8.62 -6.97 4.59 0 -0 0 -58.05 34.05 76.47 98.21 -59.74 -67.1 -0 -0 0.04 -5.3 -55.36 4.37 -7.12 0 -0 -21.39 -22.46 29.49 0 -0 0 86.91 -14.25 23.19 -25.45 36.66 -8.55 0 0 10.31 -11.98 -28.78 5.83 7.12 -0 -0 20.95 -58.05 -6.89
-0.69 18.27 7.52 -4.8 2.56 -8.36 0 0 0 -10.87 -3.83 9.2 2.06 8.99 25.76 2.15 -1.52 -27.35 9.07 -16.85 -56.33 0 0 0 0 0 0 0 0 0 -0 -0 0 -0 -0 0 0.51 2.26 1.64 4.22 2.97 2.86 4.05 1.46 1.82 -8.3 -11 -8.31 26.58 -15.41 0.15 8.44 -6.93 4.41 -0 -0 0 -58.19 34.15 75.77 100.06 -59.61 -68.7 -0 0 -0.27 -6 -54.58 4.89 -7.12 0 -0 -21.58 -21.68 29.65 -0 -0 0 86.69 -14.07 27.01 -25.65 36.86 -8.68 0 0 9.81 -12.22 -29.7 6.13 7.12 -0 -0 21.36 -58.95 -7.5
-0.72 18.26 7.59 -4.88 2.69 -8.48 0 0 0 -10.81 -4.02 9.5 2.09 9.04 25.93 2.19 -1.37 -27.61 9.09 -16.86 -56.39 0 0 0 0 0 0 0 0 0 -0 -0 0 -0 -0 0 0.39 2.33 1.24 3.98 3.05 2.86 3.9 1.49 2.05 -8.76 -11.08 -9.09 25.7 -15.18 -0.73 8.22 -6.85 4.2 0 0 0 -57.78 34.33 75.64 101.33 -59.51 -69.8 -0 0 -0.71 -8.17 -53.85 6.61 -7.12 0 -0 -22.37 -20.88 30.7 0 0 0 86.62 -13.98 29.34 -25.75 36.96 -8.73 0 0 13.65 -7.46 -29.91 3.73 7.12 -0 -0 26.37 -58.09 -8.85
-0.74 18.25 7.65 -4.91 2.69 -8.66 0 0 0 -10.69 -3.81 9.77 2.09 9.05 25.96 2.16 -1.16 -27.51 9.19 -16.93 -56.73 0 0 0 0 0 0 0 0 0 -0 -0 0 -0 -0 0 0.12 2.36 0.93 3.77 3.09 2.94 3.85 1.51 2.29 -9.22 -11.1 -9.67 24.44 -14.88 -1.5 7.9 -6.75 3.92 -0 -0 0 -57.53 34.63 75.49 102.44 -59.41 -70.75 -0 0 -0.92 -8.41 -53.91 6.81 -7.12 0 -0 -22.46 -20.92 30.86 -0 -0 0 86.47 -13.86 31.3 -25.4 36.61 -8.53 0 0 14.88 -6.5 -28.77 3.14 7.12 -0 -0 26.43 -56.88 -8.08
-0.75 18.25 7.69 -4.77 2.59 -8.55 0 0 0 -10.93 -3.96 9.86 2.1 9.08 26.04 2.2 -1.09 -27.75 9.15 -16.9 -56.6 0 0 0 0 0 0 0 0 0 -0 -0 0 -0 -0 0 -0.26 2.42 0.58 3.45 3.16 2.94 3.74 1.54 2.49 -9.55 -11.02 -10.13 23.01 -14.51 -2.04 7.53 -6.61 3.66 -0 0 0 -57.21 34.89 75.29 103.56 -59.29 -71.72 -0 0 -0.97 -8.53 -53.87 6.9 -7.12 0 -0 -22.51 -20.88 30.92 -0 0 0 86.54 -13.74 32.02 -25.11 36.31 -8.35 0 0 15.55 -5.51 -28.85 2.67 7.12 -0 -0 27.47 -56.75 -8.34
-0.75 18.25 7.73 -4.79 2.57 -8.27 0 0 0 -10.9 -4.08 9.61 2.12 9.12 26.16 2.15 -0.47 -27.61 9.15 -16.9 -56.61 0 0 0 0 0 0 0 0 0 -0 -0 0 -0 -0 0 -0.6 2.45 0.23 3.18 3.21 2.99 3.67 1.55 2.73 -9.87 -10.96 -10.8 21.38 -14.21 -2.17 7.08 -6.48 3.54 0 0 0 -57.03 35 75.07 104.42 -59.2 -72.45 -0 0 -1.06 -8.18 -54.04 6.64 -7.12 0 -0 -22.38 -21.05 30.76 0 0 0 86.81 -13.68 31.57 -24.86 36.06 -8.21 0 0 15.66 -6.12 -28.53 2.93 7.12 -0 -0 26.64 -56.59 -7.96
-0.75 18.27 7.74 -4.84 2.38 -8.09 0 0 0 -10.91 -4.21 9.42 2.15 9.16 26.31 2.14 -0.16 -27.65 9.11 -16.87 -56.45 0 0 0 0 0 0 0 0 0 -0 -0 0 -0 -0 0 -0.85 2.55 0.36 2.83 3.35 3.01 3.45 1.62 2.67 -9.67 -10.71 -11.26 19.38 -13.73 -2.17 6.47 -6.27 3.34 0 -0 0 -56.65 35.36 74.82 105.66 -59.05 -73.52 -0 0 -1.02 -8.64 -54.02 7.01 -7.12 0 -0 -22.56 -21.02 31.03 0 -0 0 87.13 -13.82 31 -24.57 35.77 -8.04 0 0 15.77 -6.43 -28.67 3.09 7.12 -0 -0 26.43 -56.77 -8.01
-0.74 18.29 7.73 -4.78 2.18 -7.68 0 0 0 -11.07 -4.39 8.92 2.17 9.22 26.49 2.09 0.17 -27.44 9.07 -16.85 -56.33 0 0 0 0 0 0 0 0 0 -0 -0 0 -0 -0 0 -1.11 2.61 0.35 2.43 3.45 2.99 3.18 1.67 2.66 -9.59 -10.14 -11.21 17.45 -12.87 -2.09 5.96 -5.91 3.05 0 0 0 -56.37 35.75 74.47 106.74 -58.91 -74.44 -0 0 -0.95 -9.33 -53.68 7.54 -7.12 0 -0 -22.81 -20.67 31.34 0 0 0 87.49 -13.74 30.46 -23.95 35.11 -7.68 0 0 16.44 -6.67 -28.99 3.25 7.12 -0 -0 26.43 -57.11 -8.23
-0.72 18.31 7.69 -4.89 1.78 -7.45 0 0 0 -10.89 -4.18 8.37 2.22 9.31 26.77 2.04 0.27 -27.12 9.13 -16.89 -56.53 0 0 0 0 0 0 0 0 0 -0 -0 0 -0 -0 0 -1.18 2.74 0.72 2.11 3.63 3.07 2.88 1.76 2.54 -9.17 -9.53 -11.42 14.93 -12.04 -1.25 5.19 -5.54 3 0 -0 0 -56.08 35.94 74.14 107.63 -58.79 -75.21 -0 0 -0.98 -10.47 -53.55 8.45 -7.12 0 -0 -23.24 -20.51 31.99 0 -0 0 87.79 -13.6 30.26 -23.46 34.59 -7.4 0 0 16.92 -6.32 -28.76 3.05 7.12 -0 -0 26.61 -56.83 -8.11
-0.69 18.33 7.64 -4.9 1.31 -7.15 0 0 0 -10.91 -4.09 7.85 2.23 9.33 26.84 2 0.52 -26.94 9.17 -16.91 -56.66 0 0 0 0 0 0 0 0 0 -0 -0 0 -0 -0 0 -1.21 2.89 1.03 1.76 3.83 3.2 2.53 1.86 2.51 -8.66 -8.73 -11.62 12.36 -11.01 0.02 4.4 -5.08 3.07 0 0 0 -55.7 36.19 73.9 108.89 -58.61 -76.29 -0 0 -0.45 -10.14 -53.77 8.21 -7.12 0 -0 -23.13 -20.73 31.86 0 0 0 88.77 -13.92 28.77 -24 35.17 -7.71 0 0 18.44 -5.75 -28.82 2.78 7.12 -0 -0 27.22 -56.77 -8.27
-0.66 18.34 7.56 -5.11 0.81 -7 0 0 0 -10.94 -4.34 7.81 2.2 9.26 26.62 2.05 0.84 -27.4 9.05 -16.84 -56.25 0 0 0 0 0 0 0 0 0 -0 -0 0 -0 -0 0 -1.11 2.96 1.48 1.57 3.93 3.32 2.25 1.92 2.39 -7.65 -7.65 -11.85 9.09 -9.63 2.12 3.33 -4.48 3.36 0 -0 0 -55.41 36.27 73.79 109.51 -58.51 -76.81 -0 0 -0.39 -11.07 -53.59 8.95 -7.12 0 -0 -23.47 -20.54 32.37 0 -0 0 88.5 -13.54 31 -23.68 34.82 -7.52 0 0 16.84 -6.41 -28.99 3.12 7.12 -0 -0 26.69 -57.05 -8.28
-0.62 18.33 7.47 -5.34 0.46 -6.74 0 0 0 -10.81 -4.31 7.42 2.17 9.21 26.44 2.17 0.27 -27.98 8.94 -16.77 -55.9 0 0 0 0 0 0 0 0 0 -0 -0 0 -0 -0 0 -1.08 2.99 1.7 1.51 3.97 3.5 2.16 1.94 2.47 -6.34 -6.4 -12.3 5.37 -8 5.22 2.08 -3.8 4.02 -0 -0 0 -54.96 35.93 74.09 109.85 -58.46 -77.1 -0 0 -0.62 -10.78 -53.5 8.7 -7.12 0 -0 -23.36 -20.46 32.17 -0 -0 0 88.62 -13.14 31.84 -23.86 35.02 -7.63 0 0 16.66 -6.4 -28.76 3.09 7.12 -0 -0 26.53 -56.84 -8.09
-0.59 18.34 7.36 -5.36 -0.24 -6.54 0 0 0 -10.98 -4.33 7.13 2.15 9.17 26.32 2.21 0.64 -28.37 8.83 -16.69 -55.49 0 0 0 0 0 0 0 0 0 -0 -0 0 -0 -0 0 -1.24 3.1 1.93 1.36 4.11 3.61 2.1 2.01 2.44 -4.69 -4.8 -12.09 1.47 -5.82 8.92 0.76 -2.92 4.83 0 0 0 -54.61 35.63 74.46 109.91 -58.45 -77.15 -0 0 -0.63 -10.03 -54.12 8.16 -7.12 0 -0 -23.1 -21.06 31.89 0 0 0 88.76 -12.64 33.02 -23.81 34.97 -7.6 0 0 16.84 -6.36 -28.63 3.05 7.12 -0 -0 26.48 -56.72 -8
-0.55 18.35 7.25 -5.57 -1.06 -6.53 0 0 0 -10.88 -4.09 6.85 2.15 9.17 26.33 2.2 1.12 -28.48 8.84 -16.7 -55.52 0 0 0 0 0 0 0 0 0 -0 -0 0 -0 -0 0 -0.97 3.26 2.22 1.25 4.32 3.69 1.81 2.12 2.38 -2.22 -3.03 -11.32 -3.32 -3.21 13.11 -0.95 -1.92 5.81 -0 -0 0 -54.1 35.12 74.73 110.75 -58.31 -77.87 -0 -0 0.2 -11.17 -53.48 9.02 -7.12 0 -0 -23.51 -20.43 32.4 -0 -0 0 88.93 -12.32 34.04 -23.72 34.87 -7.54 0 0 18.08 -6.2 -28.41 2.96 7.12 -0 -0 26.46 -56.5 -7.84
-0.52 18.37 7.12 -5.64 -1.45 -6.54 0 0 0 -10.76 -3.89 6.4 2.16 9.19 26.39 2.17 1.03 -28.29 8.75 -16.65 -55.23 0 0 0 0 0 0 0 0 0 -0 -0 0 -0 -0 0 -0.99 3.26 2.8 1.17 4.32 3.73 1.71 2.12 2.11 -0.47 -1.16 -10.65 -7.71 -0.02 17.8 -2.43 -0.72 7.22 -0 -0 0 -53.63 34.74 75.03 111.11 -58.25 -78.18 -0 -0 0.27 -10.92 -53.31 8.79 -7.12 0 -0 -23.4 -20.28 32.2 -0 -0 0 88.79 -12.29 35.37 -24.05 35.22 -7.74 0 0 18.18 -6.15 -28.3 2.93 7.12 -0 -0 26.43 -56.39 -7.76
-0.5 18.38 7.02 -5.64 -2.13 -6.55 0 0 0 -10.81 -3.62 6.23 2.14 9.14 26.25 2.18 1.38 -28.43 8.74 -16.63 -55.17 0 0 0 0 0 0 0 0 0 -0 -0 0 -0 -0 0 -0.76 3.42 2.92 1 4.54 3.89 1.41 2.24 2.22 0.71 0.09 -10.89 -11.87 2.92 23.25 -3.9 0.19 9.3 0 -0 0 -52.88 34.41 75.68 110.79 -58.3 -77.9 -0 0 -0.81 -9.25 -54.12 7.52 -7.12 0 -0 -22.8 -21.09 31.42 0 -0 0 89.15 -12.36 35.26 -24.23 35.4 -7.84 0 0 17.7 -6.53 -28.31 3.11 7.12 -0 -0 26.07 -56.47 -7.7
-0.49 18.39 6.93 -5.6 -2.54 -6.54 0 0 0 -10.87 -3.5 6.16 2.08 9.03 25.87 2.14 1.67 -28.33 8.74 -16.64 -55.2 0 0 0 0 0 0 0 0 0 -0 -0 0 -0 -0 0 -0.55 3.5 3.05 0.82 4.65 4.06 1.1 2.3 2.35 1.66 1.43 -9.89 -15.26 6 26.75 -5.11 1.26 10.77 0 -0 0 -52.34 33.83 75.75 112.03 -58.08 -78.95 -0 -0 0.66 -10.39 -53.67 8.4 -7.12 0 -0 -23.22 -20.63 31.98 0 -0 0 89.39 -12.5 34.88 -24.2 35.37 -7.82 0 0 17.08 -6.45 -28.47 3.08 7.12 -0 -0 26.27 -56.6 -7.84
-0.49 18.41 6.84 -5.39 -2.84 -6.25 0 0 0 -11.16 -3.8 5.97 2.01 8.89 25.45 2.14 2.02 -28.41 8.6 -16.55 -54.71 0 0 0 0 0 0 0 0 0 -0 -0 0 -0 -0 0 -0.69 3.66 2.96 0.51 4.87 4.19 0.87 2.41 2.55 2.65 2.71 -8.62 -17.2 8.68 29.33 -5.88 2.32 11.99 0 -0 0 -51.6 33.14 76.09 112.22 -58.05 -79.12 -0 0 -0.38 -9.01 -53.78 7.29 -7.12 0 -0 -22.69 -20.78 31.18 0 -0 0 89.53 -12.08 34.98 -23.82 34.97 -7.6 0 0 16.46 -6.39 -28.73 3.08 7.12 -0 -0 26.52 -56.82 -8.07
-0.51 18.43 6.76 -5.27 -2.79 -6.21 0 0 0 -11.25 -4 5.74 1.99 8.85 25.32 2.11 2.16 -28.27 8.56 -16.52 -54.57 0 0 0 0 0 0 0 0 0 -0 -0 0 -0 -0 0 -0.63 3.87 3.27 0.13 5.16 4.54 0.45 2.56 2.77 3.56 4.11 -7.66 -17.65 11.13 31.34 -6.07 3.45 13.06 -0 0 0 -51.09 32.24 76.01 112.78 -57.94 -79.6 -0 0 -0.64 -9.5 -53.54 7.67 -7.12 0 -0 -22.86 -20.53 31.41 -0 0 0 89.57 -12 35.25 -24.02 35.19 -7.72 0 0 15.92 -6.63 -28.76 3.2 7.12 -0 -0 26.31 -56.89 -8.05
-0.54 18.44 6.67 -5.32 -2.4 -6.13 0 0 0 -11.03 -4.27 5.31 1.99 8.84 25.3 2.03 2.16 -27.8 8.58 -16.53 -54.61 0 0 0 0 0 0 0 0 0 -0 -0 0 -0 -0 0 -0.49 4.11 3.69 -0.2 5.48 4.86 0.01 2.73 2.92 4.37 5.23 -6.24 -17.37 12.88 32.84 -5.98 4.37 13.73 0 -0 0 -50.51 31.51 75.96 113.61 -57.79 -80.29 -0 0 -0.27 -9.53 -53.87 7.72 -7.12 0 -0 -22.9 -20.84 31.52 0 -0 0 90.17 -12.18 34.36 -24.34 35.52 -7.9 0 0 16.23 -6.96 -28.21 3.3 7.12 -0 -0 25.58 -56.48 -7.54
-0.57 18.46 6.58 -5.48 -1.77 -6.05 0 0 0 -10.67 -4.65 4.75 2 8.87 25.39 1.95 2.06 -27.19 8.62 -16.56 -54.78 0 0 0 0 0 0 0 0 0 -0 -0 0 -0 -0 0 -0.57 4.24 4.34 -0.21 5.65 5.12 0 2.81 2.81 5.72 6.64 -4.78 -16.41 14.85 34.6 -5.69 5.53 14.56 -0 -0 0 -50.77 31.22 75.69 113.6 -57.79 -80.29 -0 0 -1.29 -7.98 -54.38 6.5 -7.12 0 -0 -22.33 -21.39 30.75 -0 -0 0 89.56 -12.1 35.32 -24.54 35.72 -8.02 0 0 15.72 -7.25 -28.07 3.43 7.12 -0 -0 25.19 -56.41 -7.37
-0.6 18.48 6.5 -5.52 -1 -5.97 0 0 0 -10.5 -5.28 4.29 2.01 8.9 25.47 1.88 2.19 -26.75 8.71 -16.61 -55.07 0 0 0 0 0 0 0 0 0 -0 -0 0 -0 -0 0 -0.69 4.47 4.83 -0.29 5.95 5.4 -0.05 2.96 2.84 7.08 7.82 -3.54 -14.03 16.05 36.81 -4.87 6.48 15.41 -0 0 0 -50.8 30.59 75.44 113.67 -57.77 -80.34 -0 0 -1.06 -9.04 -54.78 7.4 -7.12 0 -0 -22.77 -21.72 31.49 -0 0 0 89.4 -11.79 35.52 -24.79 35.99 -8.17 0 0 15.39 -5.41 -28.47 2.59 7.12 -0 -0 27.28 -56.4 -8.04
-0.63 18.49 6.43 -5.63 -0.28 -5.76 0 0 0 -10.21 -5.78 3.72 2.02 8.9 25.48 1.84 1.94 -26.39 8.67 -16.59 -54.95 0 0 0 0 0 0 0 0 0 -0 -0 0 -0 -0 0 -0.61 4.57 5.2 -0.29 6.08 5.64 -0.11 3.03 2.88 8.15 8.75 -2.63 -11.29 16.66 38.79 -3.86 7.17 16.08 0 -0 0 -51.04 30.26 74.96 113.65 -57.78 -80.33 -0 0 -0.77 -8.99 -54.67 7.35 -7.12 0 -0 -22.74 -21.62 31.43 0 -0 0 90.02 -11.59 33.98 -25.32 36.53 -8.48 0 0 16.32 -6.56 -27.68 3.06 7.12 -0 -0 25.59 -55.92 -7.19
-0.64 18.5 6.38 -5.68 -0.08 -5.59 0 0 0 -10.26 -6.41 3.57 2.01 8.88 25.43 1.83 2.32 -26.48 8.65 -16.58 -54.86 0 0 0 0 0 0 0 0 0 -0 -0 0 -0 -0 0 -0.15 4.83 5.23 -0.24 6.45 5.93 -0.31 3.23 3.22 8.83 9.26 -1.7 -8.54 16.49 40.02 -2.87 7.51 16.19 -0 0 0 -51.29 29.79 74.45 114.71 -57.56 -81.22 -0 0 -0.01 -13.62 -53.68 11.04 -7.12 0 -0 -24.46 -20.58 33.95 -0 0 0 90.31 -11.2 33.4 -25.84 37.05 -8.79 0 0 15.7 -7.09 -27.91 3.33 7.12 -0 -0 25.23 -56.23 -7.27
-0.66 18.52 6.32 -5.71 0.2 -5.39 0 0 0 -10.1 -6.65 3.1 2.01 8.88 25.42 1.79 2.26 -26.2 8.62 -16.56 -54.78 0 0 0 0 0 0 0 0 0 -0 -0 0 -0 -0 0 0.03 4.85 5.49 0.02 6.47 5.98 -0.17 3.24 3.11 9.47 9.52 -0.74 -6.3 16.07 40.95 -2.14 7.7 16.19 0 -0 0 -51.73 29.97 74.08 114.37 -57.63 -80.94 -0 -0 1.82 -11.71 -54.18 9.54 -7.12 0 -0 -23.75 -21.08 32.92 0 -0 0 90.22 -11.18 33.53 -26.34 37.54 -9.09 0 0 15.04 -6.8 -28.22 3.23 7.12 -0 -0 25.74 -56.45 -7.57
-0.67 18.53 6.26 -5.78 0.22 -5.19 0 0 0 -9.91 -6.75 2.68 2.01 8.88 25.41 1.76 2.25 -25.97 8.59 -16.53 -54.65 0 0 0 0 0 0 0 0 0 -0 -0 0 -0 -0 0 0.36 4.81 5.64 0.34 6.42 6.06 -0.03 3.22 3.11 9.68 9.47 -0.27 -4.25 15.22 41.49 -1.45 7.62 16.04 -0 0 0 -52.01 30.03 73.75 114.39 -57.63 -80.96 -0 -0 1.26 -13.3 -53.14 10.71 -7.12 0 -0 -24.32 -20.08 33.61 -0 0 0 89.77 -11.07 34.34 -26.72 37.91 -9.32 0 0 13.63 -6.24 -28.24 2.96 7.12 -0 -0 26.31 -56.35 -7.69
-0.67 18.54 6.22 -5.78 0.13 -5.11 0 0 0 -9.9 -6.8 2.52 1.99 8.86 25.34 1.74 2.37 -25.89 8.6 -16.54 -54.7 0 0 0 0 0 0 0 0 0 -0 -0 0 -0 -0 0 0.69 4.66 5.84 0.68 6.23 6.16 0.13 3.13 3.1 9.6 9.21 -0.28 -2.17 14 42.06 -0.74 7.32 15.99 -0 0 0 -52.18 30.14 73.01 115.66 -57.36 -82.02 -0 -0 2.69 -16.72 -51.15 13.17 -7.12 0 -0 -25.62 -18.23 35.3 -0 0 0 89.45 -10.98 34.44 -27.09 38.27 -9.56 0 0 13.07 -5.73 -28.4 2.73 7.12 -0 -0 26.92 -56.4 -7.92
-0.68 18.55 6.16 -5.71 0.11 -4.99 0 0 0 -9.73 -6.32 2.02 1.98 8.82 25.23 1.67 2.16 -25.3 8.65 -16.58 -54.88 0 0 0 0 0 0 0 0 0 -0 -0 0 -0 -0 0 0.71 4.4 6.18 1.07 5.87 6.09 0.49 2.95 2.8 9.12 8.74 -0.5 -0.18 12.49 42.27 -0.03 6.84 15.77 -0 -0 0 -52.72 30.37 72.08 114.92 -57.52 -81.4 -0 -0 2.11 -17.24 -48.7 13.12 -7.12 0 -0 -25.84 -15.96 35.06 -0 -0 0 89.19 -11.04 33.87 -27.13 38.3 -9.58 0 0 13.13 -6.73 -28.05 3.18 7.12 -0 -0 25.69 -56.28 -7.45
-0.66 18.55 6.14 -5.66 -0.53 -4.89 0 0 0 -9.91 -6.2 2.07 1.96 8.78 25.12 1.7 2.53 -25.62 8.61 -16.55 -54.73 0 0 0 0 0 0 0 0 0 -0 -0 0 -0 -0 0 1.12 4.21 6.11 1.41 5.63 6.1 0.63 2.83 2.85 9.11 8.02 -0.92 0.73 10.92 42.21 0.15 6.27 15.65 0 -0 0 -53.05 30.63 71.5 115.65 -57.36 -82.02 -0 0 -1.01 -23.01 -42.39 15.98 -7.12 0 -0 -28.47 -10.44 37.66 0 -0 0 88.89 -11.07 32.87 -26.88 38.06 -9.42 0 0 13.51 -7.29 -28.1 3.45 7.12 -0 -0 25.18 -56.44 -7.39
-0.64 18.56 6.12 -5.7 -1.18 -4.89 0 0 0 -9.96 -6.02 2.21 1.95 8.75 25.02 1.72 2.81 -25.92 8.55 -16.51 -54.54 0 0 0 0 0 0 0 0 0 -0 -0 0 -0 -0 0 1.26 3.86 6.07 1.98 5.16 6.15 1.16 2.59 2.89 8.88 7.28 -0.95 1.17 9.53 41.49 0.14 5.68 15.15 -0 -0 0 -53.88 31.05 70.31 116.49 -57.18 -82.72 -0 0 -4.82 -27.61 -36.34 17.22 -7.12 0 -0 -30.91 -5.47 39.78 -0 -0 0 87.9 -10.87 32.08 -26.3 37.51 -9.07 0 0 13.95 -7.51 -28.26 3.57 7.12 -0 -0 25.07 -56.63 -7.47
-0.63 18.56 6.1 -5.46 -1.37 -4.71 0 0 0 -10.28 -6.11 2.12 1.92 8.7 24.87 1.72 2.93 -25.98 8.48 -16.46 -54.29 0 0 0 0 0 0 0 0 0 -0 -0 0 -0 -0 0 1.15 3.62 6.03 2.2 4.84 5.85 1.45 2.42 2.57 6.89 6.23 -2.38 4.75 6.72 42.36 1.71 4.61 15.48 -0 0 0 -53.71 31.08 68.92 117.93 -56.84 -83.93 -0 0 -9.86 -32.81 -28.02 16.85 -7.12 0 -0 -34.09 0.94 41.94 -0 0 0 87.63 -11.32 30.29 -25.91 37.11 -8.83 0 0 13.9 -7.74 -28.29 3.69 7.12 -0 -0 24.87 -56.71 -7.45
-0.6 18.57 6.09 -5.4 -1.77 -4.63 0 0 0 -10.42 -5.91 2.04 1.92 8.69 24.83 1.72 3.14 -26.07 8.52 -16.49 -54.41 0 0 0 0 0 0 0 0 0 -0 -0 0 -0 -0 0 1.48 3.64 6.11 2.06 4.88 5.3 1.08 2.45 1.99 6.73 4.49 -2.53 6.52 3.38 41.82 2.03 3.37 15.18 0 0 0 -52.49 30.69 67.73 118.3 -56.75 -84.24 -0 0 -15.05 -36.8 -21.47 15.31 -7.12 0 -0 -36.64 5.49 43.54 0 0 0 88.24 -12.38 27.83 -25.79 37 -8.76 0 0 14.62 -7.78 -28.02 3.67 7.12 -0 -0 24.63 -56.47 -7.23
-0.59 18.57 6.07 -5.34 -1.76 -4.73 0 0 0 -10.48 -5.77 2.06 1.91 8.68 24.79 1.71 2.96 -25.88 8.45 -16.44 -54.18 0 0 0 0 0 0 0 0 0 -0 -0 0 -0 -0 0 1.18 3.18 6.38 2.41 4.28 5.04 1.61 2.14 1.52 5.06 3.02 -3.22 7.93 0.81 41.24 2.58 2.16 15.01 0 -0 0 -53.53 30.46 64.09 118.41 -56.72 -84.33 -0 0 -19.17 -39.05 -17.7 13.86 -7.12 0 -0 -38.08 7.87 44.39 0 -0 0 87.43 -12.93 26.82 -25.71 36.92 -8.71 0 0 14.59 -7.71 -27.81 3.61 7.12 -0 -0 24.56 -56.26 -7.08
-0.58 18.57 6.07 -5.29 -2.09 -4.52 0 0 0 -10.6 -5.74 1.97 1.89 8.64 24.69 1.72 3.15 -26.06 8.44 -16.43 -54.12 0 0 0 0 0 0 0 0 0 -0 -0 0 -0 -0 0 0.98 2.93 6.3 2.63 3.94 4.59 1.95 1.96 1.09 3.2 1.22 -3.55 9.19 -2.05 40.33 3.04 0.77 14.72 0 -0 0 -54.57 29.43 60.46 117.58 -56.92 -83.64 -0 0 -22.09 -37.91 -14.86 11.3 -7.12 0 -0 -38.3 10.94 41.54 0 -0 0 87.01 -13.85 25.41 -25.8 37.01 -8.77 0 0 14.68 -7.7 -27.96 3.63 7.12 -0 -0 24.66 -56.4 -7.2
-0.57 18.58 6.07 -5.26 -2.36 -4.49 0 0 0 -10.69 -5.65 2.04 1.88 8.61 24.59 1.73 3.32 -26.24 8.47 -16.46 -54.24 0 0 0 0 0 0 0 0 0 -0 -0 0 -0 -0 0 0.65 2.59 6.32 2.93 3.48 4.22 2.46 1.72 0.66 1.08 -0.44 -3.86 10.46 -4.63 39.37 3.59 -0.54 14.52 0 0 0 -56.17 28.19 57.11 114.41 -57.62 -80.97 -0 0 -23.19 -29.43 -14.77 8.19 -7.12 0 -0 -35.13 13.73 32.91 0 0 0 86.54 -14.49 24.13 -25.7 36.92 -8.71 0 0 14.69 -7.74 -28.08 3.66 7.12 -0 -0 24.71 -56.51 -7.29
-0.56 18.58 6.07 -5.3 -2.77 -4.48 0 0 0 -10.7 -5.53 2.18 1.87 8.58 24.5 1.76 3.48 -26.52 8.41 -16.41 -54.03 0 0 0 0 0 0 0 0 0 -0 -0 0 -0 -0 0 0.61 2.37 6.34 2.99 3.19 3.96 2.54 1.58 0.39 -0.42 -2.16 -4.19 11.33 -7.19 37.95 3.83 -1.82 14.2 0 -0 0 -57.79 26.34 54.16 109.8 -58.47 -77.06 -0 0 -24.21 -20.23 -14.28 5.19 -7.12 0 -0 -30.75 15.59 25.38 0 -0 0 86.78 -14.56 22.51 -25.48 36.69 -8.58 0 0 14.85 -7.88 -27.52 3.66 7.12 -0 -0 24.18 -56.04 -6.83
-0.55 18.58 6.08 -5.3 -3.34 -4.5 0 0 0 -10.75 -5.22 2.32 1.85 8.56 24.42 1.78 3.72 -26.77 8.43 -16.42 -54.08 0 0 0 0 0 0 0 0 0 -0 -0 0 -0 -0 0 0.54 2 6.26 3.12 2.7 3.52 2.74 1.33 -0.01 -2.4 -3.49 -3.95 12.1 -9.03 36.82 4.22 -2.88 13.93 -0 -0 0 -60.35 25.1 51.27 103.53 -59.3 -71.69 -0 0 -23 -14.35 -12.67 3.21 -7.12 0 -0 -27.75 17.48 20.73 -0 -0 0 86.64 -15.08 21.87 -25.46 36.67 -8.56 0 0 15.02 -7.88 -27.78 3.69 7.12 -0 -0 24.36 -56.27 -7.03
-0.53 18.57 6.09 -5.19 -3.94 -4.61 0 0 0 -10.95 -4.9 2.64 1.83 8.51 24.26 1.81 3.83 -27.03 8.38 -16.39 -53.92 0 0 0 0 0 0 0 0 0 -0 -0 0 -0 -0 0 0.53 1.8 6.11 3.17 2.44 3.33 2.81 1.2 -0.11 -4.18 -4.64 -4.06 13.03 -10.59 35.16 4.63 -3.77 13.53 -0 0 0 -63.44 23.12 48.91 94.57 -59.92 -63.95 -0 0 -18.96 -11.4 -12.15 2.43 -7.12 0 -0 -26.07 18.09 18.73 -0 0 0 86.52 -15.25 21.46 -25.54 36.75 -8.61 0 0 15.08 -6.6 -27.47 3.05 7.12 -0 -0 25.41 -55.73 -7.02
-0.51 18.57 6.09 -5.06 -4.58 -4.77 0 0 0 -11.22 -4.63 3.06 1.81 8.45 24.09 1.85 4.03 -27.4 8.29 -16.33 -53.62 0 0 0 0 0 0 0 0 0 -0 -0 0 -0 -0 0 0.41 1.5 5.75 3.24 2.03 3.23 2.99 0.99 0 -5.46 -5.37 -4.43 13.37 -11.43 33.78 4.8 -4.31 13.2 0 0 0 -67.21 21.58 46.45 84.74 -59.9 -55.44 -0 0 -15.93 -11.45 -11.57 2.33 -7.12 0 -0 -26.2 18.61 18.5 0 0 0 86.27 -15.14 21.5 -25.42 36.63 -8.54 0 0 15.09 -6.64 -27.85 3.11 7.12 -0 -0 25.63 -56.09 -7.31
-0.5 18.56 6.1 -4.85 -5.22 -4.95 0 0 0 -11.56 -4.31 3.44 1.78 8.39 23.9 1.88 4.3 -27.7 8.25 -16.3 -53.47 0 0 0 0 0 0 0 0 0 -0 -0 0 -0 -0 0 0.41 1.35 5.71 3.14 1.84 2.94 2.89 0.91 -0.26 -6.75 -6.03 -4.25 14.5 -12.29 31.74 5.27 -4.81 12.58 0 -0 0 -70.72 20.35 44.74 74.36 -59.06 -46.5 -0 0 -14.65 -11.74 -11.62 2.4 -7.12 0 -0 -26.37 18.56 18.69 0 -0 0 86.4 -15.58 21.4 -25.45 36.66 -8.55 0 0 15.1 -7.7 -26.62 3.47 7.12 -0 -0 23.77 -55.19 -6.2
-0.48 18.56 6.1 -4.97 -5.69 -4.94 0 0 0 -11.55 -4.36 3.68 1.77 8.36 23.81 1.92 4.48 -28.06 8.19 -16.26 -53.25 0 0 0 0 0 0 0 0 0 -0 -0 0 -0 -0 0 0.46 1.21 5.36 3.16 1.65 2.88 2.91 0.81 -0.12 -7.41 -6.61 -4.74 15.04 -12.88 29.54 5.4 -5.15 11.95 -0 -0 0 -74.44 18.98 42.93 63.96 -57.28 -37.65 -0 0 -13.06 -11.65 -12.33 2.52 -7.12 0 -0 -26.19 17.91 18.96 -0 -0 0 86.52 -15.52 21.17 -25.73 36.94 -8.72 0 0 13.98 -5.62 -26.71 2.53 7.12 -0 -0 25.84 -54.87 -6.59
-0.48 18.55 6.09 -4.87 -5.94 -4.88 0 0 0 -11.76 -4.54 3.82 1.75 8.33 23.72 1.97 4.56 -28.44 8.11 -16.2 -52.97 0 0 0 0 0 0 0 0 0 -0 -0 0 -0 -0 0 0.07 1.03 4.74 3.13 1.37 3.01 3.12 0.66 0.37 -7.97 -6.96 -5.39 15.93 -13.14 26.96 5.66 -5.3 11.21 -0 -0 0 -78.02 17.74 40.88 55.24 -54.9 -30.41 -0 0 -10.8 -11.12 -12.98 2.53 -7.12 0 -0 -25.76 17.33 18.94 -0 -0 0 86.52 -15.25 21.47 -25.49 36.7 -8.58 0 0 14.43 -4.99 -26.51 2.23 7.12 -0 -0 26.31 -54.57 -6.52
-0.47 18.56 6.09 -4.78 -6.05 -4.55 0 0 0 -12.03 -5.19 3.84 1.73 8.28 23.58 2.05 4.8 -29.1 8.01 -16.12 -52.58 0 0 0 0 0 0 0 0 0 -0 -0 0 -0 -0 0 -0.19 0.94 4.42 3.02 1.26 2.72 3.15 0.6 0.25 -8.47 -7.33 -5.7 16.74 -13.42 24.56 5.91 -5.47 10.51 0 -0 0 -81.23 16.59 38.84 46.52 -51.49 -23.42 -0 0 -8.05 -10.55 -14.14 2.6 -7.12 0 -0 -25.22 16.29 19.1 0 -0 0 86.6 -15.66 21.91 -25.24 36.45 -8.43 0 0 14.08 -5.55 -28.17 2.63 7.12 -0 -0 26.93 -56.15 -7.76
-0.48 18.56 6.09 -4.69 -6.12 -4.14 0 0 0 -12.29 -5.9 3.83 1.7 8.22 23.38 2.1 5.22 -29.63 7.94 -16.08 -52.35 0 0 0 0 0 0 0 0 0 -0 -0 0 -0 -0 0 -0.13 1.02 4.63 2.71 1.38 2 2.78 0.68 -0.61 -8.64 -7.64 -6.03 17.33 -13.67 22.71 6.04 -5.6 10.01 0 0 0 -84.07 15.67 36.01 38.46 -47.13 -17.3 -0 0 -3.51 -9.74 -14.68 2.49 -7.12 0 -0 -24.65 15.81 18.86 0 0 0 87.2 -16.74 21.8 -24.98 36.19 -8.28 0 0 14.56 -6.28 -27.79 2.93 7.12 -0 -0 25.95 -55.96 -7.33
-0.48 18.57 6.1 -4.73 -6.23 -3.85 0 0 0 -12.34 -6.32 3.79 1.69 8.19 23.29 2.13 5.55 -29.99 7.93 -16.06 -52.3 0 0 0 0 0 0 0 0 0 -0 -0 0 -0 -0 0 -0.16 1.01 4.31 2.57 1.36 1.74 2.67 0.67 -0.7 -8.66 -7.48 -6.09 17.88 -13.17 20.49 6.23 -5.41 9.2 -0 0 0 -87.52 13.75 30.7 30.34 -41.19 -11.64 -0 -0 1.22 -6.56 -17.08 1.94 -7.12 0 -0 -22.4 13.61 17.96 -0 0 0 87.42 -17.05 22.55 -24.56 35.75 -8.03 0 0 15.93 -7.29 -27.16 3.34 7.12 -0 -0 24.52 -55.59 -6.67
-0.49 18.57 6.09 -4.77 -6.14 -3.65 0 0 0 -12.32 -6.68 3.71 1.69 8.18 23.27 2.14 5.63 -30.13 7.9 -16.04 -52.19 0 0 0 0 0 0 0 0 0 -0 -0 0 -0 -0 0 -0.24 0.89 3.92 2.48 1.19 1.72 2.64 0.59 -0.49 -8.6 -7.3 -7.04 17.99 -12.62 18.82 6.24 -5.15 8.73 0 -0 0 -90.8 11.33 24.05 23.71 -34.86 -7.54 -0 -0 6.85 -2.98 -19.73 1.01 -7.12 0 -0 -19.96 11.08 16.83 0 -0 0 87.64 -16.8 23.29 -24.4 35.58 -7.94 0 0 15.92 -7.51 -26.77 3.4 7.12 -0 -0 24.05 -55.28 -6.34
-0.49 18.58 6.1 -4.67 -6.17 -3.49 0 0 0 -12.56 -7.18 3.8 1.68 8.16 23.19 2.18 5.99 -30.55 7.85 -16.01 -52.02 0 0 0 0 0 0 0 0 0 -0 -0 0 -0 -0 0 -0.16 0.82 3.82 2.27 1.1 1.48 2.37 0.55 -0.67 -8.41 -6.85 -7.53 18.02 -11.72 17.22 6.27 -4.75 8.14 0 -0 0 -93.05 9.53 18.87 19.35 -29.85 -5.21 -0 -0 13.05 -1.47 -20.97 0.53 -7.12 0 -0 -18.95 9.85 16.38 0 -0 0 88.1 -16.89 23.85 -24.37 35.56 -7.92 0 0 15.88 -7.54 -27.29 3.47 7.12 -0 -0 24.36 -55.77 -6.72
-0.51 18.58 6.11 -4.59 -6.24 -3.26 0 0 0 -12.56 -7.16 3.63 1.66 8.11 23.06 2.16 6.02 -30.46 7.84 -16 -51.98 0 0 0 0 0 0 0 0 0 -0 -0 0 -0 -0 0 -0.28 0.8 3.6 2.18 1.08 1.29 2.35 0.53 -0.74 -7.64 -6.41 -8.15 17.51 -10.82 15.74 6.01 -4.34 7.57 -0 0 0 -93.75 10.56 21.15 19.25 -29.72 -5.15 -0 -0 13.25 -2.72 -20.18 0.94 -7.12 0 -0 -19.76 10.64 16.83 -0 0 0 88.68 -16.69 23.98 -24.28 35.46 -7.87 0 0 16.28 -7.11 -27.26 3.27 7.12 -0 -0 24.77 -55.65 -6.77
-0.52 18.58 6.11 -4.36 -6.4 -3.27 0 0 0 -12.86 -7.35 3.91 1.63 8.05 22.85 2.19 6.27 -30.74 7.82 -15.99 -51.92 0 0 0 0 0 0 0 0 0 -0 -0 0 -0 -0 0 -0.52 0.89 3.57 2.11 1.19 1.22 2.4 0.59 -0.8 -7.33 -6.11 -8.63 17.21 -10.14 14.31 5.89 -4.06 7.07 -0 0 0 -93.78 11.85 25.96 20.44 -31.17 -5.76 -0 -0 11.12 -1.53 -22.5 0.58 -7.12 0 -0 -18.89 8.4 16.9 -0 0 0 89.24 -16.47 24.2 -24.29 35.47 -7.88 0 0 16.41 -7.7 -25.7 3.36 7.12 -0 -0 23.18 -54.34 -5.55
-0.55 18.58 6.1 -4.59 -6.52 -3.22 0 0 0 -12.47 -7.27 3.84 1.63 8.05 22.87 2.17 6.37 -30.68 7.9 -16.04 -52.19 0 0 0 0 0 0 0 0 0 -0 -0 0 -0 -0 0 -0.38 1.02 3.37 2.19 1.37 1.22 2.4 0.68 -0.7 -6.98 -5.86 -9.32 16.92 -9.67 13.69 5.76 -3.83 6.9 -0 -0 0 -93.58 12.03 28.62 21.1 -31.95 -6.1 -0 -0 10.34 1.68 -24.84 -0.7 -7.12 0 -0 -16.9 6 15.76 -0 -0 0 89.65 -16.22 24.91 -24.19 35.37 -7.82 0 0 16.59 -8.22 -25.79 3.6 7.12 -0 -0 22.73 -54.52 -5.53
-0.58 18.58 6.1 -4.8 -6.47 -3.1 0 0 0 -12.29 -7.89 3.97 1.64 8.06 22.91 2.21 6.64 -31.05 7.82 -15.98 -51.91 0 0 0 0 0 0 0 0 0 -0 -0 0 -0 -0 0 -0.13 1.08 2.96 2.15 1.46 1.16 2.23 0.72 -0.52 -6.8 -5.5 -9.31 17.07 -9.1 12.96 5.83 -3.56 6.6 0 -0 0 -92.87 11.23 29.57 20.8 -31.6 -5.95 -0 -0 10.44 1.18 -24.31 -0.49 -7.12 0 -0 -17.21 6.54 15.89 0 -0 0 89.96 -16.11 26.24 -24.13 35.3 -7.78 0 0 16.21 -7.47 -28.07 3.53 7.12 -0 -0 24.97 -56.45 -7.33
-0.61 18.59 6.1 -4.85 -6.22 -2.97 0 0 0 -12.06 -7.92 3.73 1.64 8.07 22.92 2.2 6.44 -30.9 7.83 -15.99 -51.93 0 0 0 0 0 0 0 0 0 -0 -0 0 -0 -0 0 -0.03 1.05 2.47 2.15 1.4 1.18 2.18 0.7 -0.23 -6.72 -5.29 -9.7 16.67 -8.7 12.66 5.71 -3.39 6.5 -0 -0 0 -92.16 9.95 30.35 20.29 -30.99 -5.68 -0 -0 11.4 -0.13 -23.92 0.05 -7.12 0 -0 -18 6.99 16.53 -0 -0 0 89.94 -15.85 27.47 -24.12 35.3 -7.78 0 0 16.53 -6.52 -28.16 3.09 7.12 -0 -0 25.97 -56.34 -7.58
-0.64 18.59 6.09 -4.94 -5.81 -2.91 0 0 0 -11.89 -8.3 3.61 1.65 8.1 23.01 2.17 6.44 -30.69 7.87 -16.02 -52.1 0 0 0 0 0 0 0 0 0 -0 -0 0 -0 -0 0 0.27 0.95 2.41 2.06 1.28 1.04 1.93 0.64 -0.33 -5.36 -4.6 -9.48 15.45 -7.69 12.2 5.17 -2.94 6.08 0 0 0 -91.45 9.33 30.97 20.18 -30.86 -5.62 -0 -0 11.93 0.07 -24.02 -0.03 -7.12 0 -0 -17.88 6.89 16.45 0 0 0 90.02 -15.9 28.07 -24.28 35.46 -7.87 0 0 16.75 -9.9 -25.11 4.24 7.12 -0 -0 20.68 -54.2 -4.83
-0.66 18.59 6.08 -4.8 -5.43 -2.9 0 0 0 -11.93 -8.4 3.51 1.64 8.08 22.96 2.15 6.4 -30.54 7.9 -16.04 -52.19 0 0 0 0 0 0 0 0 0 -0 -0 0 -0 -0 0 0.28 0.89 2.31 2.07 1.2 1.05 1.94 0.6 -0.25 -5.3 -4.26 -9.78 15.23 -7.16 12.06 5.13 -2.69 6.02 -0 -0 0 -91.22 8.83 31.61 20.43 -31.16 -5.75 -0 -0 11.29 0.53 -24 -0.22 -7.12 0 -0 -17.6 6.87 16.17 -0 -0 0 89.88 -15.71 27.67 -24.17 35.34 -7.8 0 0 16.55 -6.94 -28.03 3.28 7.12 -0 -0 25.47 -56.31 -7.4
-0.67 18.59 6.08 -4.63 -5.11 -2.85 0 0 0 -12.03 -8.49 3.4 1.63 8.06 22.89 2.11 6.36 -30.28 7.94 -16.07 -52.33 0 0 0 0 0 0 0 0 0 -0 -0 0 -0 -0 0 0.31 0.91 2.15 2.06 1.22 1.05 1.91 0.61 -0.17 -4.85 -4.06 -10.13 14.6 -6.86 12.13 4.87 -2.55 6.03 -0 0 0 -91.28 8.52 32.03 20.52 -31.26 -5.8 -0 -0 10.85 1.01 -24.11 -0.41 -7.12 0 -0 -17.31 6.74 15.93 -0 0 0 89.78 -15.67 26.85 -23.95 35.11 -7.68 0 0 17.04 -8.41 -26.44 3.77 7.12 -0 -0 22.95 -55.16 -5.95
-0.69 18.59 6.08 -4.61 -4.98 -2.83 0 0 0 -11.95 -8.39 3.3 1.63 8.05 22.87 2.09 6.21 -30.11 7.98 -16.11 -52.5 0 0 0 0 0 0 0 0 0 -0 -0 0 -0 -0 0 0.57 0.94 2.15 2.01 1.27 1.01 1.71 0.63 -0.2 -4.75 -4.05 -10.78 14.55 -6.92 12.61 4.83 -2.53 6.3 -0 -0 0 -91.31 8.85 32.51 20.78 -31.57 -5.93 -0 -0 10.56 0.97 -24.22 -0.4 -7.12 0 -0 -17.34 6.64 15.98 -0 -0 0 89.77 -15.62 26.33 -23.62 34.76 -7.49 0 0 17.26 -6.89 -27.69 3.21 7.12 -0 -0 25.28 -55.99 -7.14
-0.69 18.59 6.08 -4.68 -4.88 -2.84 0 0 0 -11.83 -8.4 3.31 1.63 8.05 22.88 2.09 6.16 -30.05 7.98 -16.1 -52.48 0 0 0 0 0 0 0 0 0 -0 -0 0 -0 -0 0 0.91 0.92 2.19 2.07 1.26 1.01 1.58 0.63 -0.22 -4.41 -3.56 -10.4 14.16 -6.19 12.2 4.71 -2.22 6 0 0 0 -91.72 9.26 32.74 20.73 -31.51 -5.91 -0 -0 10.63 0.72 -24.08 -0.29 -7.12 0 -0 -17.49 6.79 16.09 0 0 0 89.58 -15.73 26.04 -23.46 34.59 -7.4 0 0 17.4 -8.12 -26.85 3.69 7.12 -0 -0 23.51 -55.48 -6.3
-0.7 18.59 6.09 -4.65 -4.73 -2.77 0 0 0 -11.82 -8.44 3.21 1.63 8.05 22.86 2.08 6.08 -29.98 7.98 -16.11 -52.5 0 0 0 0 0 0 0 0 0 -0 -0 0 -0 -0 0 1.14 0.86 2.13 2.06 1.17 1.05 1.44 0.59 -0.13 -4.01 -3.19 -10.13 13.84 -5.65 11.88 4.59 -1.98 5.78 -0 0 0 -92.01 9.72 33.02 20.56 -31.31 -5.82 -0 -0 10.99 0.45 -24.05 -0.18 -7.12 0 -0 -17.65 6.83 16.23 -0 0 0 89.67 -15.69 25.76 -23.41 34.54 -7.37 0 0 17.48 -7.96 -27.93 3.75 7.12 -0 -0 24.39 -56.42 -7.13
-0.71 18.59 6.09 -4.59 -4.6 -2.86 0 0 0 -11.9 -8.63 3.41 1.62 8.03 22.81 2.1 6.08 -30.05 7.93 -16.07 -52.31 0 0 0 0 0 0 0 0 0 -0 -0 0 -0 -0 0 1.12 0.86 2.25 2.12 1.17 1.16 1.52 0.58 -0.09 -4.08 -3.11 -10.49 13.83 -5.55 12.09 4.6 -1.92 5.9 0 -0 0 -92.28 10.1 33.31 20.42 -31.15 -5.75 -0 -0 10.58 0.59 -23.94 -0.24 -7.12 0 -0 -17.57 6.93 16.12 0 -0 0 89.65 -15.66 25.75 -23.39 34.52 -7.36 0 0 17.37 -6.35 -28.23 3.01 7.12 -0 -0 26.19 -56.36 -7.66
-0.72 18.59 6.08 -4.75 -4.45 -2.87 0 0 0 -11.68 -8.77 3.41 1.62 8.04 22.82 2.09 6.13 -30.07 7.99 -16.11 -52.52 0 0 0 0 0 0 0 0 0 -0 -0 0 -0 -0 0 1.33 0.85 2.37 2.17 1.17 1.17 1.45 0.59 -0.15 -3.75 -2.98 -10.33 13.65 -5.39 12.08 4.51 -1.85 5.84 -0 -0 0 -92.26 10.38 33.04 20.49 -31.23 -5.78 -0 -0 9.99 1.14 -23.62 -0.46 -7.12 0 -0 -17.25 7.2 15.7 -0 -0 0 89.76 -15.75 25.88 -23.41 34.53 -7.37 0 0 17.66 -9.46 -27.19 4.35 7.12 -0 -0 22.4 -56.05 -6.3
-0.73 18.59 6.08 -4.78 -4.35 -2.81 0 0 0 -11.61 -8.86 3.33 1.63 8.04 22.84 2.07 6.22 -30 8.04 -16.15 -52.7 0 0 0 0 0 0 0 0 0 -0 -0 0 -0 -0 0 1.36 0.85 2.39 2.19 1.17 1.14 1.45 0.58 -0.19 -3.67 -2.98 -10.36 13.5 -5.42 12.36 4.45 -1.85 5.93 -0 -0 0 -91.92 10.29 33.17 20.49 -31.23 -5.78 -0 -0 10.19 1.01 -23.6 -0.4 -7.12 0 -0 -17.33 7.23 15.77 -0 -0 0 89.85 -15.97 26.17 -23.42 34.55 -7.38 0 0 17.37 -7.08 -27.53 3.29 7.12 -0 -0 24.97 -55.89 -6.98
-0.75 18.59 6.07 -4.96 -4.19 -2.72 0 0 0 -11.27 -8.79 3.06 1.64 8.07 22.91 2.04 6.09 -29.7 8.08 -16.18 -52.86 0 0 0 0 0 0 0 0 0 -0 -0 0 -0 -0 0 1.45 0.82 2.39 2.26 1.13 1.12 1.47 0.56 -0.21 -3.61 -2.89 -10.21 13.46 -5.31 12.47 4.44 -1.8 5.93 0 0 0 -91.55 9.97 33.16 20.34 -31.05 -5.71 -0 -0 11.11 0.32 -24.06 -0.13 -7.12 0 -0 -17.73 6.83 16.32 0 0 0 89.84 -15.94 26.59 -23.44 34.56 -7.38 0 0 17.21 -8.02 -27.06 3.67 7.12 -0 -0 23.74 -55.65 -6.47
-0.76 18.59 6.07 -5.09 -4.11 -2.74 0 0 0 -11.1 -8.88 3.05 1.65 8.09 22.98 2.04 6.07 -29.67 8.1 -16.19 -52.91 0 0 0 0 0 0 0 0 0 -0 -0 0 -0 -0 0 1.45 0.79 2.44 2.31 1.1 1.13 1.53 0.55 -0.23 -3.61 -2.8 -10.27 13.62 -5.26 12.81 4.49 -1.75 6.04 0 0 0 -91.3 9.73 33.07 20.14 -30.81 -5.6 -0 -0 11.64 0.3 -24.22 -0.12 -7.12 0 -0 -17.73 6.68 16.38 0 0 0 89.77 -15.92 26.84 -23.57 34.7 -7.46 0 0 17.27 -8.44 -26.79 3.82 7.12 -0 -0 23.15 -55.48 -6.2
-0.76 18.59 6.06 -5.16 -4.04 -2.67 0 0 0 -11 -9.02 2.99 1.65 8.09 22.99 2.05 6.02 -29.71 8.05 -16.15 -52.73 0 0 0 0 0 0 0 0 0 -0 -0 0 -0 -0 0 1.42 0.78 2.48 2.34 1.09 1.08 1.57 0.54 -0.31 -3.51 -2.74 -10.09 13.62 -5.19 12.91 4.49 -1.72 6.03 0 0 0 -91.24 9.62 33.02 20.14 -30.81 -5.6 -0 -0 11.61 0.5 -24.11 -0.2 -7.12 0 -0 -17.62 6.77 16.22 0 0 0 89.66 -15.85 26.89 -23.62 34.76 -7.49 0 0 17.24 -10.2 -25.51 4.43 7.12 -0 -0 20.62 -54.64 -5.04
-0.76 18.59 6.06 -5.27 -4 -2.62 0 0 0 -10.87 -9.15 2.92 1.66 8.11 23.05 2.05 6.08 -29.77 8.06 -16.16 -52.77 0 0 0 0 0 0 0 0 0 -0 -0 0 -0 -0 0 1.49 0.79 2.5 2.34 1.1 1.05 1.53 0.55 -0.34 -3.32 -2.76 -10.13 13.48 -5.28 13.26 4.41 -1.75 6.15 -0 -0 0 -91.2 9.62 33.3 20.22 -30.91 -5.64 -0 -0 11.44 0.56 -24.01 -0.23 -7.12 0 -0 -17.58 6.86 16.16 -0 -0 0 89.53 -15.72 26.82 -23.55 34.69 -7.45 0 0 17.48 -9.79 -25.6 4.26 7.12 -0 -0 21.08 -54.64 -5.17
-0.76 18.59 6.06 -5.3 -3.94 -2.62 0 0 0 -10.82 -9.07 2.86 1.66 8.12 23.07 2.04 6.01 -29.66 8.1 -16.19 -52.91 0 0 0 0 0 0 0 0 0 -0 -0 0 -0 -0 0 1.5 0.8 2.55 2.32 1.12 0.98 1.51 0.56 -0.44 -3.29 -2.7 -10.01 13.46 -5.23 13.53 4.41 -1.72 6.21 0 0 0 -91.29 9.74 33.62 20.27 -30.97 -5.67 -0 -0 11.25 0.28 -24.09 -0.12 -7.12 0 -0 -17.75 6.8 16.34 0 0 0 89.47 -15.79 26.57 -23.49 34.62 -7.41 0 0 17.24 -7.6 -27.25 3.5 7.12 -0 -0 24.28 -55.74 -6.68
-0.75 18.6 6.06 -5.35 -3.84 -2.54 0 0 0 -10.76 -9.16 2.74 1.67 8.13 23.12 2.05 5.87 -29.63 8.03 -16.14 -52.66 0 0 0 0 0 0 0 0 0 -0 -0 0 -0 -0 0 1.51 0.77 2.49 2.33 1.07 0.99 1.51 0.53 -0.4 -3.29 -2.69 -10.09 13.44 -5.23 13.66 4.4 -1.71 6.26 0 -0 0 -91.51 9.64 33.83 20.2 -30.89 -5.64 -0 -0 11.23 0.4 -24.12 -0.16 -7.12 0 -0 -17.68 6.77 16.29 0 -0 0 89.27 -15.71 26.76 -23.54 34.67 -7.44 0 0 17.3 -8.1 -26.5 3.63 7.12 -0 -0 23.29 -55.15 -6.05
-0.75 18.59 6.05 -5.34 -3.82 -2.55 0 0 0 -10.73 -9.01 2.65 1.67 8.14 23.14 2.03 5.89 -29.51 8.11 -16.2 -52.95 0 0 0 0 0 0 0 0 0 -0 -0 0 -0 -0 0 1.46 0.78 2.56 2.29 1.09 0.97 1.5 0.54 -0.46 -3.49 -2.77 -10.05 13.69 -5.36 13.79 4.51 -1.76 6.32 0 -0 0 -91.73 9.77 33.66 20.25 -30.94 -5.66 -0 -0 11.39 0.14 -24.27 -0.06 -7.12 0 -0 -17.83 6.64 16.48 0 -0 0 89.25 -15.7 26.81 -23.5 34.64 -7.42 0 0 17.31 -10.86 -24.53 4.55 7.12 -0 -0 19.42 -53.84 -4.35
-0.75 18.6 6.05 -5.39 -3.8 -2.55 0 0 0 -10.7 -9.12 2.7 1.67 8.14 23.14 2.04 5.85 -29.57 8.04 -16.15 -52.71 0 0 0 0 0 0 0 0 0 -0 -0 0 -0 -0 0 1.42 0.8 2.62 2.28 1.12 0.93 1.51 0.56 -0.53 -3.38 -2.83 -9.98 13.64 -5.47 13.92 4.46 -1.81 6.35 -0 -0 0 -91.72 9.79 33.69 20.21 -30.89 -5.64 -0 -0 11.45 0.25 -24.33 -0.1 -7.12 0 -0 -17.76 6.58 16.44 -0 -0 0 89.3 -15.65 26.75 -23.35 34.47 -7.33 0 0 17.15 -6.35 -27.62 2.95 7.12 -0 -0 25.75 -55.82 -7.18
-0.74 18.6 6.05 -5.44 -3.78 -2.49 0 0 0 -10.61 -9.01 2.54 1.68 8.15 23.18 2.04 5.68 -29.47 8.04 -16.15 -52.69 0 0 0 0 0 0 0 0 0 -0 -0 0 -0 -0 0 1.44 0.8 2.61 2.29 1.12 0.92 1.5 0.56 -0.53 -3.46 -2.82 -9.9 13.71 -5.45 13.87 4.5 -1.8 6.32 -0 -0 0 -91.57 9.73 33.86 20.23 -30.92 -5.65 -0 -0 11.36 0.43 -24.19 -0.17 -7.12 0 -0 -17.66 6.7 16.29 -0 -0 0 89.33 -15.61 26.86 -23.36 34.48 -7.34 0 0 17.14 -7.9 -27.28 3.64 7.12 -0 -0 24.01 -55.82 -6.65
