HIERARCHY
ROOT Hips
{
	OFFSET 0.00000 0.00000 0.00000
	CHANNELS 6 Xposition Yposition Zposition Zrotation Yrotation Xrotation 
	JOINT LHipJoint
	{
		OFFSET 0 0 0
		CHANNELS 3 Zrotation Yrotation Xrotation
		JOINT LeftUpLeg
		{
			OFFSET 1.84395 -1.68683 0.74144
			CHANNELS 3 Zrotation Yrotation Xrotation
			JOINT LeftLeg
			{
				OFFSET 2.27037 -6.23779 0.00000
				CHANNELS 3 Zrotation Yrotation Xrotation
				JOINT LeftFoot
				{
					OFFSET 2.56918 -7.05877 0.00000
					CHANNELS 3 Zrotation Yrotation Xrotation
					JOINT LeftToeBase
					{
						OFFSET 0.22276 -0.61202 1.71784
						CHANNELS 3 Zrotation Yrotation Xrotation
						End Site
						{
							OFFSET 0.00000 -0.00000 0.91613
						}
					}
				}
			}
		}
	}
	JOINT RHipJoint
	{
		OFFSET 0 0 0
		CHANNELS 3 Zrotation Yrotation Xrotation
		JOINT RightUpLeg
		{
			OFFSET -1.76833 -1.68684 0.74144
			CHANNELS 3 Zrotation Yrotation Xrotation
			JOINT RightLeg
			{
				OFFSET -2.49360 -6.85110 0.00000
				CHANNELS 3 Zrotation Yrotation Xrotation
				JOINT RightFoot
				{
					OFFSET -2.55538 -7.02085 0.00000
					CHANNELS 3 Zrotation Yrotation Xrotation
					JOINT RightToeBase
					{
						OFFSET -0.21516 -0.59115 1.68050
						CHANNELS 3 Zrotation Yrotation Xrotation
						End Site
						{
							OFFSET -0.00000 -0.00000 0.89604
						}
					}
				}
			}
		}
	}
	JOINT LowerBack
	{
		OFFSET 0 0 0
		CHANNELS 3 Zrotation Yrotation Xrotation
		JOINT Spine
		{
			OFFSET 0.06382 1.72312 -0.19613
			CHANNELS 3 Zrotation Yrotation Xrotation
			JOINT Spine1
			{
				OFFSET -0.00055 1.73507 0.23859
				CHANNELS 3 Zrotation Yrotation Xrotation
				JOINT Neck
				{
					OFFSET 0 0 0
					CHANNELS 3 Zrotation Yrotation Xrotation
					JOINT Neck1
					{
						OFFSET 0.03638 1.65562 0.09633
						CHANNELS 3 Zrotation Yrotation Xrotation
						JOINT Head
						{
							OFFSET 0.06388 1.62807 -0.32386
							CHANNELS 3 Zrotation Yrotation Xrotation
							End Site
							{
								OFFSET 0.00995 1.67644 -0.12021
							}
						}
					}
				}
				JOINT LeftShoulder
				{
					OFFSET 0 0 0
					CHANNELS 3 Zrotation Yrotation Xrotation
					JOINT LeftArm
					{
						OFFSET 3.09648 1.42991 0.28122
						CHANNELS 3 Zrotation Yrotation Xrotation
						JOINT LeftForeArm
						{
							OFFSET 5.11878 -0.00000 -0.00000
							CHANNELS 3 Zrotation Yrotation Xrotation
							JOINT LeftHand
							{
								OFFSET 3.59971 -0.00000 0.00000
								CHANNELS 3 Zrotation Yrotation Xrotation
								JOINT LeftFingerBase
								{
									OFFSET 0 0 0
									CHANNELS 3 Zrotation Yrotation Xrotation
									JOINT LeftHandIndex1
									{
										OFFSET 0.62877 -0.00000 0.00000
										CHANNELS 3 Zrotation Yrotation Xrotation
										End Site
										{
											OFFSET 0.50693 -0.00000 0.00000
										}
									}
								}
								JOINT LThumb
								{
									OFFSET 0 0 0
									CHANNELS 3 Zrotation Yrotation Xrotation
									End Site
									{
										OFFSET 0.51467 -0.00000 0.51467
									}
								}
							}
						}
					}
				}
				JOINT RightShoulder
				{
					OFFSET 0 0 0
					CHANNELS 3 Zrotation Yrotation Xrotation
					JOINT RightArm
					{
						OFFSET -3.33565 1.14597 0.05047
						CHANNELS 3 Zrotation Yrotation Xrotation
						JOINT RightForeArm
						{
							OFFSET -5.49020 -0.00000 0.00000
							CHANNELS 3 Zrotation Yrotation Xrotation
							JOINT RightHand
							{
								OFFSET -3.20659 -0.00000 -0.00000
								CHANNELS 3 Zrotation Yrotation Xrotation
								JOINT RightFingerBase
								{
									OFFSET 0 0 0
									CHANNELS 3 Zrotation Yrotation Xrotation
									JOINT RightHandIndex1
									{
										OFFSET -0.69188 -0.00000 0.00000
										CHANNELS 3 Zrotation Yrotation Xrotation
										End Site
										{
											OFFSET -0.55781 -0.00000 0.00000
										}
									}
								}
								JOINT RThumb
								{
									OFFSET 0 0 0
									CHANNELS 3 Zrotation Yrotation Xrotation
									End Site
									{
										OFFSET -0.56633 -0.00000 0.56633
									}
								}
							}
						}
					}
				}
			}
		}
	}
}
MOTION
Frames: 245
Frame Time: 0.0333332
0.82 17.44 8.48 -10.43 -1.03 8.71 0 0 0 -13.1 -36.9 19.72 0.05 -1.45 -3.98 -4.97 39.57 -35.52 0.13 2.32 6.39 0 0 0 29.33 24.52 3.57 -0.07 -1.74 4.8 0.36 -15.74 -18.21 -0 0.08 -0.23 6.72 -0.46 -2.81 2.66 -0.3 -9.65 -0.91 -0.55 -8.66 -12.75 -13.32 -1.36 12.2 -19.73 16.67 4.22 -9.58 7.85 -0 0 0 -94.13 8.54 -12.51 11.66 -19.3 -1.99 -0 -0 33.17 14.49 -10.23 -2.63 -7.12 0 -0 -8.89 19.49 5.48 -0 0 0 91.27 -10.09 -7.59 -13.31 21.75 -2.57 0 0 34.96 12.28 -33.09 -6.77 7.12 -0 -0 47.78 -56.44 -15.9
0.84 17.44 8.55 -11.3 -0.8 9.13 0 0 0 -12.48 -37.55 20.36 0.06 -1.61 -4.43 -5.15 40.21 -36.32 0.15 2.46 6.78 0 0 0 30.27 24.2 3.85 -0.04 -1.36 3.75 0.45 -16.04 -17.58 -0.02 0.88 -2.42 7.71 -0.43 -3.6 2.81 -0.3 -9.64 -1.3 -0.61 -8.22 -12.45 -13.3 -0.92 12.29 -19.73 16.32 4.24 -9.59 7.63 -0 0 0 -93.78 8.69 -13.68 11 -18.29 -1.78 -0 -0 32.15 15.25 -9.46 -2.57 -7.12 0 -0 -8.36 20.23 5.01 -0 0 0 91.32 -9.93 -9.68 -12.65 20.77 -2.33 0 0 35.4 12.18 -33.72 -6.83 7.12 -0 -0 48.34 -56.91 -16.75
0.85 17.44 8.59 -10.89 -1.05 9.38 0 0 0 -12.97 -37.54 20.17 0.06 -1.56 -4.28 -5.07 40.17 -36.67 0.15 2.52 6.94 0 0 0 29.75 24.69 4.1 -0.04 -1.25 3.43 0.49 -16.41 -17.7 -0.01 0.67 -1.83 7.15 -0.42 -3.7 2.78 -0.32 -9.62 -1.03 -0.57 -8.12 -12.59 -13.38 -1.52 12.12 -19.83 16.9 4.15 -9.61 7.94 -0 0 0 -93.78 8.99 -14.16 10.84 -18.04 -1.73 -0 -0 31.23 16.24 -9.12 -2.65 -7.12 0 -0 -7.66 20.52 4.53 -0 0 0 91.25 -10.01 -10.62 -12.54 20.61 -2.29 0 0 35.89 12.24 -33.73 -6.87 7.12 -0 -0 48.41 -56.91 -16.78
0.87 17.44 8.61 -11.46 -1.21 9.44 0 0 0 -12.34 -37.29 20.06 0.05 -1.5 -4.14 -4.97 40.02 -36.85 0.15 2.53 6.98 0 0 0 30.38 24.7 4.17 -0.04 -1.25 3.45 0.48 -16.31 -17.69 -0.01 0.74 -2.05 7.71 -0.31 -3.47 2.87 -0.13 -9.53 -1.26 -0.52 -8.15 -12.54 -13.47 -1.79 12.32 -19.99 16.99 4.16 -9.65 8.05 -0 0 0 -93.69 9.23 -13.66 10.9 -18.13 -1.74 -0 -0 30.07 16.77 -9.05 -2.71 -7.12 0 -0 -7.29 20.57 4.3 -0 0 0 91.35 -10.12 -10.54 -12.68 20.81 -2.34 0 0 35.38 12.46 -33.82 -7.01 7.12 -0 -0 48.69 -56.92 -16.92
0.88 17.45 8.65 -10.72 -1.51 9.74 0 0 0 -13.29 -37.52 20.08 0.06 -1.51 -4.16 -4.97 40.21 -37.39 0.18 2.72 7.49 0 0 0 29.41 25.16 4.16 -0.04 -1.21 3.33 0.51 -16.59 -17.79 -0.02 0.92 -2.52 6.83 -0.22 -3.78 2.58 -0.07 -9.6 -1.08 -0.43 -8.02 -12.21 -13.47 -1.33 12.37 -20.02 16.66 4.16 -9.68 7.84 0 0 0 -93.54 9.61 -12.28 11.2 -18.6 -1.84 -0 -0 29.06 16.12 -8.01 -2.31 -7.12 0 -0 -7.77 21.68 4.39 0 0 0 91.67 -10.35 -10.36 -12.91 21.15 -2.42 0 0 34.95 12.62 -33.74 -7.09 7.12 -0 -0 48.74 -56.83 -16.84
0.91 17.44 8.67 -11.42 -1.42 9.64 0 0 0 -12.78 -37.36 20.45 0.06 -1.57 -4.33 -5.09 40.38 -37.18 0.14 2.44 6.73 0 0 0 30.25 24.93 4.43 -0.03 -1.16 3.19 0.5 -16.52 -17.72 -0.03 1.05 -2.88 7.78 -0.28 -3.47 2.77 -0.09 -9.58 -1.4 -0.51 -8.21 -12.14 -13.42 -1.68 11.94 -19.89 17.14 4 -9.61 7.99 0 -0 0 -93.69 9.56 -12.31 11.21 -18.61 -1.84 -0 -0 28.99 16.11 -7.73 -2.23 -7.12 0 -0 -7.79 21.96 4.35 0 -0 0 91.56 -10.27 -9.66 -12.98 21.26 -2.45 0 0 34.4 12.24 -33.76 -6.87 7.12 -0 -0 48.44 -56.93 -16.81
0.92 17.44 8.69 -11.06 -1.58 9.89 0 0 0 -13.51 -37.99 20.75 0.06 -1.55 -4.27 -4.98 40.58 -38.38 0.2 2.9 8 0 0 0 29.73 25.41 4.36 -0.03 -1.18 3.25 0.52 -16.77 -17.99 -0.02 0.93 -2.55 7.3 -0.24 -3.8 2.69 -0.09 -9.57 -1.22 -0.47 -7.99 -12.17 -13.49 -1.89 12.12 -19.98 17.04 4.03 -9.64 8.03 -0 -0 0 -93.72 9.19 -11.86 11.24 -18.65 -1.85 -0 -0 28.65 15.99 -7.97 -2.27 -7.12 0 -0 -7.87 21.73 4.44 -0 -0 0 91.49 -10.04 -8.88 -13.04 21.34 -2.47 0 0 33.76 12.24 -33.85 -6.89 7.12 -0 -0 48.53 -56.99 -16.94
0.94 17.44 8.7 -11.35 -1.47 9.8 0 0 0 -13.06 -37.54 20.58 0.06 -1.59 -4.37 -5.03 40.41 -37.63 0.17 2.67 7.35 0 0 0 30.12 25.38 4.61 -0.03 -1.16 3.18 0.52 -16.88 -18.12 -0.02 1.02 -2.8 7.73 -0.21 -3.67 2.71 -0.03 -9.59 -1.44 -0.48 -8.1 -12.16 -13.42 -1.53 12.2 -19.89 16.72 4.1 -9.61 7.85 0 -0 0 -93.73 8.94 -11.01 11.37 -18.86 -1.89 -0 -0 28.12 16.2 -8.22 -2.38 -7.12 0 -0 -7.71 21.46 4.4 0 -0 0 91.52 -10.22 -7.52 -13.35 21.8 -2.58 0 0 32.65 12.52 -34.03 -7.08 7.12 -0 -0 48.96 -57.06 -17.23
0.94 17.44 8.71 -11.01 -1.57 9.97 0 0 0 -13.52 -37.82 20.62 0.06 -1.6 -4.4 -5.05 40.59 -38 0.19 2.77 7.65 0 0 0 29.6 25.55 4.44 -0.03 -1.17 3.22 0.52 -16.88 -18.24 -0.02 0.96 -2.63 7.28 -0.2 -3.88 2.71 -0.04 -9.63 -1.19 -0.45 -8.01 -12.22 -13.4 -1.44 12.13 -19.83 16.55 4.11 -9.6 7.77 -0 0 0 -93.91 8.74 -9.52 11.72 -19.39 -2.01 -0 -0 26.57 16.3 -7.8 -2.27 -7.12 0 -0 -7.65 21.88 4.29 -0 0 0 91.46 -10.08 -6.87 -13.52 22.04 -2.65 0 0 32.08 12.42 -33.91 -7 7.12 -0 -0 48.75 -57 -17.05
0.94 17.45 8.72 -9.94 -1.84 10.29 0 0 0 -14.96 -38.6 20.74 0.06 -1.54 -4.23 -5.02 40.93 -39.09 0.24 3.12 8.62 0 0 0 28.14 25.95 4.07 -0.03 -1.19 3.26 0.53 -17 -18.33 -0.03 1.12 -3.07 6.03 -0.13 -4.35 2.43 -0.02 -9.69 -0.81 -0.35 -7.77 -12.29 -13.44 -1.78 12.27 -19.91 16.8 4.12 -9.61 7.95 -0 0 0 -93.82 8.51 -8.26 11.96 -19.74 -2.09 -0 -0 25.39 16.08 -7.75 -2.23 -7.12 0 -0 -7.81 21.94 4.37 -0 0 0 91.55 -9.95 -6.46 -13.6 22.16 -2.68 0 0 31.69 12.56 -33.73 -7.05 7.12 -0 -0 48.69 -56.84 -16.82
0.94 17.45 8.72 -9.99 -1.82 10.31 0 0 0 -14.9 -38.66 20.74 0.06 -1.54 -4.24 -5 40.92 -39.2 0.24 3.16 8.72 0 0 0 28.21 26.09 4.11 -0.03 -1.18 3.24 0.54 -17.16 -18.39 -0.03 1.08 -2.98 6.09 -0.11 -4.3 2.44 0.02 -9.71 -0.82 -0.34 -7.82 -12.26 -13.39 -1.91 12.3 -19.87 17.02 4.12 -9.58 8.04 0 -0 0 -93.73 8.16 -8.45 11.82 -19.53 -2.04 -0 -0 25.62 16.24 -7.65 -2.22 -7.12 0 -0 -7.7 22.04 4.28 0 -0 0 91.63 -10.01 -6.11 -13.72 22.34 -2.72 0 0 31.34 12.43 -33.71 -6.97 7.12 -0 -0 48.54 -56.85 -16.77
0.94 17.45 8.72 -10.02 -1.67 10.29 0 0 0 -14.69 -38.44 20.48 0.06 -1.54 -4.23 -4.98 40.72 -38.75 0.24 3.16 8.72 0 0 0 28.28 26.08 4.23 -0.03 -1.16 3.18 0.55 -17.28 -18.55 -0.02 0.94 -2.59 6.12 -0.18 -4.21 2.52 -0.06 -9.68 -0.75 -0.38 -7.85 -12.21 -13.33 -2.17 12.2 -19.77 17.21 4.07 -9.52 8.12 0 0 0 -93.75 7.73 -10.15 11.47 -19 -1.93 -0 -0 27.1 16.17 -8.09 -2.34 -7.12 0 -0 -7.73 21.59 4.39 0 0 0 91.51 -10.01 -6.06 -13.69 22.3 -2.71 0 0 31.62 12.51 -33.66 -7.01 7.12 -0 -0 48.57 -56.8 -16.71
0.94 17.45 8.72 -9.99 -1.65 10.32 0 0 0 -14.71 -38.55 20.44 0.06 -1.52 -4.19 -5.02 40.79 -38.73 0.23 3.07 8.48 0 0 0 28.23 26.15 4.2 -0.03 -1.17 3.2 0.55 -17.31 -18.57 -0.02 0.94 -2.59 6.09 -0.16 -4.17 2.53 -0.04 -9.68 -0.73 -0.36 -7.87 -12.27 -13.26 -2.37 12.26 -19.69 17.47 4.09 -9.46 8.24 0 0 0 -93.54 7.03 -14.16 10.64 -17.74 -1.67 -0 -0 30.97 16.34 -7.98 -2.33 -7.12 0 -0 -7.61 21.7 4.3 0 0 0 91.5 -10 -6.48 -13.57 22.11 -2.66 0 0 31.92 12.41 -33.92 -7 7.12 -0 -0 48.75 -57 -17.06
0.94 17.45 8.72 -9.98 -1.65 10.41 0 0 0 -14.6 -38.57 20.29 0.06 -1.52 -4.18 -5 40.75 -38.72 0.22 3.04 8.4 0 0 0 28.2 26.21 4.08 -0.03 -1.19 3.26 0.55 -17.32 -18.57 -0.02 0.96 -2.63 6.11 -0.12 -4.14 2.54 0.02 -9.63 -0.73 -0.33 -7.82 -12.45 -13.15 -2.44 12.57 -19.59 17.58 4.23 -9.4 8.33 -0 -0 0 -93.37 6.51 -18 9.99 -16.73 -1.47 -0 -0 34.81 16.87 -7.35 -2.22 -7.12 0 -0 -7.25 22.32 3.98 -0 -0 0 91.42 -9.91 -7.01 -13.45 21.94 -2.62 0 0 32.13 12.63 -33.95 -7.13 7.12 -0 -0 48.98 -56.98 -17.14
0.94 17.45 8.71 -9.87 -1.6 10.52 0 0 0 -14.51 -38.53 19.97 0.05 -1.5 -4.13 -4.98 40.65 -38.54 0.22 3.03 8.35 0 0 0 28.02 26.24 3.95 -0.03 -1.16 3.2 0.56 -17.38 -18.56 -0.02 0.98 -2.71 6.04 -0.13 -4.11 2.55 0.01 -9.58 -0.69 -0.33 -7.79 -12.39 -13.1 -2.61 12.66 -19.5 17.39 4.25 -9.34 8.29 -0 0 0 -93.23 6.35 -21.02 9.56 -16.04 -1.35 -0 -0 37.46 16.95 -8.42 -2.56 -7.12 0 -0 -7.16 21.21 4.12 -0 0 0 91.22 -9.95 -6.56 -13.56 22.1 -2.66 0 0 31.1 12.55 -33.85 -7.07 7.12 -0 -0 48.81 -56.93 -16.98
0.93 17.45 8.72 -9.84 -1.6 10.58 0 0 0 -14.66 -38.77 20.11 0.05 -1.49 -4.1 -4.93 40.7 -38.98 0.25 3.2 8.83 0 0 0 27.97 26.28 3.94 -0.03 -1.15 3.15 0.57 -17.41 -18.58 -0.02 0.91 -2.51 6.15 -0.1 -4.09 2.51 0.04 -9.53 -0.79 -0.32 -7.74 -11.54 -12.64 -3.58 12.21 -18.76 17.65 4.03 -8.92 8.31 -0 0 0 -92.99 5.92 -25.9 8.99 -15.15 -1.2 -0 -0 40.72 16.89 -8.45 -2.55 -7.12 0 -0 -7.21 21.19 4.15 -0 0 0 91.16 -10.23 -5.07 -14.05 22.81 -2.85 0 0 29.04 12.44 -34.58 -7.14 7.12 -0 -0 49.49 -57.46 -17.99
0.93 17.45 8.71 -9.88 -1.51 10.62 0 0 0 -14.45 -38.76 19.88 0.05 -1.46 -4.01 -4.95 40.67 -38.76 0.23 3.07 8.48 0 0 0 28 26.33 3.78 -0.03 -1.2 3.31 0.56 -17.46 -18.71 -0.02 0.85 -2.34 6.44 0.07 -3.97 2.48 0.27 -9.34 -0.99 -0.22 -7.59 -10.41 -11.53 -4.5 12.15 -17.04 16.53 4.03 -8.02 7.77 -0 -0 0 -93.03 4.67 -30.97 8.68 -14.65 -1.12 -0 -0 35.9 18.9 -7.01 -2.39 -7.12 0 -0 -5.77 22.59 3.13 -0 -0 0 90.88 -11.98 3.48 -16.79 26.58 -3.99 0 0 19.47 7.43 -38.95 -4.69 7.12 -0 -0 50.32 -61.66 -23.59
0.92 17.45 8.71 -9.82 -1.59 10.54 0 0 0 -14.6 -38.74 19.94 0.05 -1.41 -3.89 -4.87 40.58 -38.97 0.25 3.2 8.83 0 0 0 27.91 26.1 3.67 -0.04 -1.23 3.39 0.55 -17.25 -18.43 -0.03 1.12 -3.08 6.61 0.14 -3.88 2.5 0.35 -8.79 -1.07 -0.17 -7.04 -8.28 -9.99 -5.81 11.57 -14.64 14.62 3.77 -6.79 6.88 -0 -0 0 -94.18 9.32 -0.81 16.07 -25.62 -3.68 -0 0 -21.18 31.4 4.35 2.65 -7.12 0 -0 3.95 35.06 -0.97 -0 -0 0 89.3 -16.17 22.95 -25.96 37.17 -8.86 0 0 9.96 -10.98 -41.03 7.26 7.12 -0 -0 35.64 -68.4 -21
0.92 17.46 8.68 -9.89 -1.78 10.46 0 0 0 -14.1 -38.09 19.31 0.05 -1.38 -3.8 -4.89 40.33 -38.14 0.2 2.88 7.94 0 0 0 27.88 25.82 3.17 -0.05 -1.41 3.87 0.49 -16.71 -18.28 -0.03 1.18 -3.26 7.09 0.4 -3.76 2.35 0.68 -8.36 -1.5 -0.03 -6.62 -6.45 -8.53 -6.78 11.14 -12.58 13.65 3.54 -5.72 6.38 0 -0 0 -91.36 16.58 30.37 34.18 -44.21 -14.23 -0 0 -38.01 35.05 -5.53 -3.87 -7.12 0 -0 6.15 23.24 -3.24 0 -0 0 87.18 -18.41 40.26 -46.46 51.46 -23.37 0 -0 -1.88 -13.84 -49.06 10.55 7.12 -0 -0 51.74 -74.8 -38.6
0.93 17.48 8.62 -9.75 -1.77 9.81 0 0 0 -14.33 -37.49 19.21 0.04 -1.25 -3.44 -4.9 39.97 -37.12 0.15 2.52 6.96 0 0 0 27.77 25.14 3.25 -0.05 -1.49 4.1 0.45 -16.3 -18.05 -0.04 1.35 -3.7 7.42 0.44 -3.27 2.33 0.75 -8.02 -1.71 0 -6.52 -5.31 -7.07 -6.66 10.56 -10.6 13.63 3.38 -4.74 6.07 0 -0 0 -86.47 14.22 55.06 63.05 -57.07 -36.89 -0 0 -21.02 47.53 -22.02 -22.28 -7.12 0 -0 11.24 -0.43 -11.54 0 -0 0 83.72 -12.65 58.62 -80.42 59.65 -51.71 0 -0 -20.23 -8.12 -56.9 6.82 7.12 -0 -0 82.7 -74.96 -67
0.89 17.48 8.6 -9.2 -2.05 8.95 0 0 0 -15.67 -37.18 20.7 0.05 -1.39 -3.83 -4.94 40.17 -37.43 0.17 2.63 7.26 0 0 0 27.94 25.77 4.85 -0.05 -1.4 3.85 0.51 -17.06 -18.63 -0.02 0.97 -2.67 6.8 0.39 -3.57 2.27 0.65 -7.95 -1.44 -0.01 -6.28 -4.73 -5.72 -5.17 10.02 -8.85 14.61 3.31 -3.93 5.91 0 -0 0 -82.71 2.62 72.73 95.02 -59.9 -64.35 -0 0 -5.57 55.03 -28.72 -34.49 -7.12 0 -0 13.43 -12.69 -16.46 0 -0 0 82.18 1.22 75.32 -113.1 57.88 -79.86 0 -0 -27.42 -11.29 -56.61 9.47 7.12 -0 -0 81.37 -76.08 -66.94
0.89 17.5 8.59 -9.49 -1.71 8.87 0 0 0 -14.79 -36.75 20 0.04 -1.34 -3.69 -4.88 39.67 -36.37 0.14 2.42 6.67 0 0 0 28.22 25.34 4.55 -0.05 -1.48 4.07 0.48 -16.8 -18.55 -0.02 1 -2.75 7.18 0.49 -5.02 2.61 0.67 -8.07 -1.28 0.01 -5.59 -5.03 -4.88 -2.98 9.6 -7.7 15.29 3.38 -3.46 5.64 -0 -0 0 -80.88 -9.14 77.44 116.83 -57.1 -83.01 -0 -0 0.84 59.64 -27.05 -37.82 -7.12 0 -0 16.39 -13.73 -20.55 -0 -0 0 82.04 15.18 78.69 -133.1 51.67 -96.28 0 -0 -27.14 -20.36 -59.95 17.81 7.12 -0 -0 88.79 78.79 100.2
0.87 17.55 8.61 -9.1 -1.3 8.51 0 0 0 -15.2 -36.44 19.99 0.04 -1.27 -3.49 -4.74 39.17 -35.77 0.11 2.12 5.83 0 0 0 27.97 24.83 4.67 -0.06 -1.62 4.45 0.42 -16.66 -19.02 -0.02 0.86 -2.36 7.2 0.8 -5.63 2.2 1.01 -8.13 -1.72 0.17 -5.27 -5.59 -5.04 -3.01 9.95 -8.07 16.84 3.56 -3.62 6.2 -0 -0 0 -75.98 -18.66 77.91 128.89 -53.43 -92.93 -0 -0 0.74 55.41 -24.54 -31.05 -7.12 0 -0 14.91 -7.68 -17.33 -0 -0 0 79.36 23.37 76.43 -142.08 46.79 -103.09 0 -0 -24.84 -25.9 -64.17 23.6 7.12 -0 -0 114.59 78.35 125.81
0.85 17.59 8.65 -8.95 -0.72 8.13 0 0 0 -15.11 -35.86 19.69 0.03 -1.19 -3.26 -4.55 38.39 -34.71 0.06 1.59 4.37 0 0 0 28.01 24.23 4.97 -0.07 -1.65 4.53 0.42 -16.77 -19.31 -0.02 0.8 -2.21 7.09 1.41 -5.93 1.9 1.79 -8.14 -1.95 0.57 -5.04 -6.16 -5.45 -3.67 10.19 -8.67 17.6 3.67 -3.89 6.64 -0 -0 0 -68.95 -26.19 79.72 133.25 -51.6 -96.4 -0 -0 0.25 62.08 -25.42 -39.01 -7.12 0 -0 18.18 -13.51 -22.96 -0 -0 0 73.04 28.26 74.63 -146.1 44.01 -105.96 0 -0 -22.14 -42.45 -65.03 39.67 7.12 -0 -0 146.45 77.6 153.94
0.83 17.61 8.69 -8.83 -0.04 7.73 0 0 0 -14.9 -35.13 19.36 0.03 -1.11 -3.05 -4.42 37.56 -33.09 0.02 0.92 2.54 0 0 0 28.12 23.42 5.28 -0.07 -1.67 4.6 0.39 -16.71 -19.6 -0.02 0.79 -2.18 7.2 1.61 -6.16 1.71 2.02 -8.12 -2.2 0.68 -4.86 -6.43 -5.73 -4.83 9.88 -9.08 19.2 3.55 -4.05 7.4 -0 -0 0 -59.6 -31.52 81.42 136.11 -50.21 -98.62 -0 -0 2.7 72.6 -26.25 -54.68 -7.12 0 -0 23.73 -24.97 -33.58 -0 -0 0 68.13 31.34 75.72 -147.63 42.84 -107.01 0 -0 -21.39 -49.27 -62.4 45.82 7.12 -0 -0 159.27 78.35 163.77
0.8 17.61 8.72 -8.86 -0.05 7.46 0 0 0 -15.35 -35.4 20.25 0.03 -1.13 -3.11 -4.43 37.82 -33.81 0.02 0.98 2.71 0 0 0 28.35 23.04 5.4 -0.07 -1.76 4.85 0.35 -16.42 -19.58 -0.02 0.95 -2.62 7.16 1.93 -6.53 1.58 2.42 -8.19 -2.3 0.88 -4.69 -7.11 -5.95 -6.53 10.61 -9.82 23.39 3.84 -4.24 9.27 -0 -0 0 -50.59 -37.39 81.29 137.68 -49.38 -99.82 -0 -0 5.72 80.98 -26.42 -70.37 -7.12 0 -0 29.63 -36.43 -44.36 -0 -0 0 64.15 34.9 77.28 -147.83 42.68 -107.14 0 -0 -15.53 -49.83 -60.79 45.95 7.12 -0 -0 162.23 79.5 165.7
0.79 17.63 8.75 -8.92 0.58 6.99 0 0 0 -15.59 -35.48 20.81 0.03 -1.1 -3.02 -4.37 37.61 -33.56 0.02 0.89 2.44 0 0 0 28.68 22.47 5.92 -0.07 -1.73 4.77 0.32 -16.47 -19.96 -0.01 0.7 -1.91 7.05 2.21 -6.52 1.33 2.79 -8.34 -2.47 1.06 -4.81 -6.14 -6.58 -6.91 9.36 -10.82 25.91 3.13 -4.67 10.23 -0 -0 0 -41.35 -44.68 79.93 138.06 -49.18 -100.1 -0 -0 12.23 88.89 -26.81 -87.53 -7.12 0 -0 38.25 -48.86 -57.18 -0 -0 0 58.51 38.34 77.49 -148.27 42.33 -107.44 0 -0 -8.17 -52.02 -57.93 47.35 7.12 -0 -0 171.97 81.04 173.32
0.77 17.66 8.78 -9.21 1.63 6.62 0 0 0 -14.9 -35.22 20.51 0.03 -1.06 -2.91 -4.42 37.12 -31.76 0 -0.02 -0.06 0 0 0 29.27 21.92 6.37 -0.07 -1.7 4.68 0.33 -16.86 -20.5 -0 0.38 -1.04 6.79 1.98 -6.53 1.43 2.53 -8.63 -2.24 0.93 -5.15 -6.76 -6.68 -7.58 10.07 -11.23 27.75 3.45 -4.77 11.18 -0 -0 0 -32.84 -49.76 74.55 136.53 -50 -98.94 -0 -0 13.38 92.69 26.93 95.91 -7.12 0 -0 44.34 -54.58 -64.83 -0 -0 0 54.6 40.31 74.79 -147.59 42.87 -106.98 0 -0 -5.62 -52.94 -56.94 47.97 7.12 -0 -0 176.52 81.43 177.08
0.76 17.68 8.84 -9.38 2.25 5.94 0 0 0 -15.39 -35.25 21.77 0.03 -1.15 -3.17 -4.44 37.12 -31.55 0 -0.25 -0.69 0 0 0 29.81 21.21 7.18 -0.07 -1.69 4.65 0.3 -16.92 -20.97 -0 0.23 -0.63 6.64 2.22 -6.3 0.96 2.85 -8.62 -2.65 1.08 -5.23 -5.6 -7.17 -8.68 10.07 -12.28 28.87 3.08 -5.05 11.88 0 -0 0 -25.21 -54.5 68.34 137.14 -49.68 -99.4 -0 -0 7.05 98.3 31.87 105.45 -7.12 0 -0 49.35 -62.72 -67.76 0 -0 0 50.72 40.73 69.92 -146.99 43.34 -106.57 0 -0 -5.01 -51.96 -54.95 46.3 7.12 -0 -0 -178.09 83.39 -178.32
0.76 17.69 8.89 -9.56 2.77 5.46 0 0 0 -15.33 -34.85 22.16 0.03 -1.18 -3.25 -4.35 36.66 -30.8 0 -0.43 -1.2 0 0 0 30.21 20.55 7.67 -0.07 -1.7 4.69 0.27 -16.92 -21.26 -0 0.2 -0.56 6.17 0.55 -5.87 2.78 0.7 -7.98 -0.54 0.11 -5.01 -8.83 -6.25 -13.68 10.37 -10.38 31.84 4 -4.29 14.23 0 0 0 -16.3 -53.58 55.51 138.04 -49.19 -100.09 -0 -0 0.23 114.02 34.63 128.1 -7.12 0 -0 103.64 74.62 88.66 0 0 0 45.52 46.63 67.57 -146.98 43.35 -106.56 0 -0 -5.2 -49.74 -54.16 43.75 7.12 -0 -0 179.77 85.04 179.79
0.77 17.72 8.93 -9.69 3.07 5 0 0 0 -15.41 -34.45 22.61 0.03 -1.18 -3.26 -4.26 36.32 -30.37 0.01 -0.68 -1.86 0 0 0 30.56 19.96 8.11 -0.07 -1.74 4.79 0.27 -16.91 -21.28 -0 0.41 -1.14 11.74 -2.3 -3.9 6.23 -3.23 -4.06 -0.09 -1.81 -2.37 -27.07 -10.59 -38.7 16.08 -5.54 37.93 12.46 -4.05 24.68 0 -0 0 -6.6 -46.26 34.56 137.12 -49.69 -99.39 -0 0 -4.43 128.03 32.44 145.56 -7.12 0 -0 146.05 71.43 137.04 0 -0 0 30.29 62.19 58.58 -146.53 43.68 -106.26 0 -0 -8.33 -57.45 -57.49 52.88 7.12 -0 -0 -178.68 78.94 -178.95
0.77 17.75 8.97 -9.95 3.41 4.72 0 0 0 -15.57 -34.73 23.34 0.04 -1.21 -3.34 -4.27 36.42 -30.63 0.01 -0.62 -1.7 0 0 0 31 19.61 8.55 -0.07 -1.67 4.6 0.28 -17.04 -21.42 -0 0.26 -0.71 8.36 -1.86 -3.24 5.34 -2.28 -6.5 0.94 -1.39 -5.1 -19.39 -7.38 -28.41 13.9 -7.39 35.97 8.65 -3.73 20.56 0 0 0 -4.52 -48.5 37.2 139.74 -48.22 -101.37 -0 0 -10.89 140.17 29.71 157.54 -7.12 0 -0 167.89 65.79 163.98 0 0 0 33.23 55.61 70.07 -150.92 40.09 -109.19 0 0 11.43 -140.99 60.4 -144.84 7.12 -0 -0 172.83 36.44 -178.48
0.76 17.77 9 -10.13 3.89 4.63 0 0 0 -15.9 -35.46 24.14 0.04 -1.25 -3.44 -4.41 36.86 -30.96 0.01 -0.67 -1.85 0 0 0 31.19 19.09 8.74 -0.06 -1.54 4.23 0.26 -17.01 -21.55 -0 0.15 -0.43 5.4 -0.32 -2.89 3.22 -0.14 -8.76 0.38 -0.3 -7.58 -11.68 -6.57 -16.58 13.91 -10.95 31.2 5.85 -4.35 15.18 -0 0 0 -2.96 -54.63 40.92 139.73 -48.23 -101.36 -0 0 -15.61 139.88 26.18 159.6 -7.12 0 -0 167.34 61.66 162.81 -0 0 0 37.04 47.13 67.63 -150.1 40.8 -108.66 0 0 8.67 -130.41 64.02 -133.44 7.12 -0 -0 173.43 42.62 -179.61
0.77 17.79 9.02 -10.31 3.88 4.95 0 0 0 -16.38 -36.63 25.08 0.04 -1.35 -3.71 -4.67 37.9 -32.33 0 -0.31 -0.85 0 0 0 31.31 19.19 8.76 -0.04 -1.34 3.69 0.3 -17.16 -21.38 -0 0.09 -0.24 5.28 1.85 -2.57 0.34 2.68 -10.03 -2.72 0.93 -8.94 -6.66 -8.01 -10.73 14.72 -14.56 27.54 4.58 -5.61 12.57 0 -0 0 0.33 -61.4 41.78 136.53 -50 -98.94 -0 0 -12.56 136.84 28.44 155.93 -7.12 0 -0 163.06 64.93 157.43 0 -0 0 38.8 39.72 61.28 -149.64 41.2 -108.35 0 0 6.27 -114.22 66.91 -116.06 7.12 -0 -0 174.03 50.14 179.24
0.77 17.81 9.03 -10.6 3.69 5.17 0 0 0 -16.18 -36.93 25.25 0.05 -1.38 -3.8 -4.7 38.16 -32.99 0 0 0.01 0 0 0 31.63 19.48 8.89 -0.04 -1.21 3.32 0.35 -17.37 -21.21 -0 0.09 -0.24 5.51 1.91 -1.79 0.27 2.83 -10.15 -2.96 0.96 -9.52 -6.31 -7.78 -10.4 14.61 -14.06 26.43 4.53 -5.43 11.94 -0 0 0 2.87 -61.33 40.35 136.41 -50.06 -98.85 -0 0 -9.16 125.84 29.14 146.01 -7.12 0 -0 145.17 67.69 134.4 -0 0 0 37.47 39.87 57.63 -149.59 41.24 -108.32 0 0 0.73 -94.45 67.19 -94.83 7.12 -0 -0 175.05 58.15 178.4
0.78 17.82 9.04 -10.34 3.46 5.57 0 0 0 -16.32 -37.13 24.87 0.04 -1.35 -3.71 -4.67 38.19 -33.3 0 0.23 0.63 0 0 0 31.19 19.81 8.57 -0.03 -1.2 3.29 0.35 -17.35 -21.14 -0 0.17 -0.48 5.29 1.96 -1.29 0.04 2.91 -10.14 -3.11 0.99 -9.79 -5.92 -7.7 -10.53 14.21 -13.81 25.97 4.33 -5.34 11.68 0 0 0 3.49 -61.11 39.9 135.79 -50.37 -98.37 -0 0 -7.43 113.85 28.12 133.17 -7.12 0 -0 122.32 68.32 105.06 0 0 0 37.35 40.24 54.48 -148.66 42.01 -107.7 0 -0 -4.99 -71.51 -64.27 69.63 7.12 -0 -0 175.77 68.69 177.6
0.8 17.82 9.03 -10.46 3.31 6.03 0 0 0 -16.17 -37.6 24.65 0.04 -1.35 -3.71 -4.77 38.59 -33.85 0 0.4 1.11 0 0 0 31.09 20.2 8.07 -0.04 -1.25 3.43 0.33 -17.24 -21.15 -0 0.16 -0.43 5.56 1.82 -0.78 0.27 2.77 -10.1 -3.02 0.9 -10.07 -5.64 -7.3 -10.51 13.42 -12.96 25.41 4.1 -5.03 11.26 -0 0 0 -2.87 -59.76 45.02 135.39 -50.58 -98.06 -0 0 -3.35 99.4 28.96 108.87 -7.12 0 -0 56.48 -63.42 -77.18 -0 0 0 38.48 40.56 53.05 -147.78 42.72 -107.11 0 -0 -11.98 -50.54 -56.45 45.36 7.12 -0 -0 172.83 82.82 173.78
0.84 17.84 9.05 -10.3 3.16 6.76 0 0 0 -15.18 -36.81 22.61 0.04 -1.25 -3.45 -4.57 37.82 -32.84 0 0.22 0.6 0 0 0 30.52 20.74 7.22 -0.05 -1.4 3.85 0.33 -17.16 -21.04 -0 0.29 -0.79 6.12 1.63 -0.74 0.57 2.62 -10.83 -3.02 0.75 -10.95 -5.1 -6.49 -9.9 11.79 -11.18 23.65 3.65 -4.44 10.13 0 0 0 -33.96 -49.44 69.43 134.83 -50.85 -97.63 -0 0 -0.57 81.48 -28.46 -72.55 -7.12 0 -0 29.24 -38.89 -43.64 0 0 0 50.69 34.91 62.75 -145.99 44.09 -105.88 0 -0 -16.66 -40.48 -52.09 33.95 7.12 -0 -0 72.9 -87.81 -70.79
0.88 17.74 9.06 -9.4 2.74 7.45 0 0 0 -13.7 -33.6 18.42 0.02 -0.92 -2.52 -3.87 35.01 -29.43 0.02 -0.8 -2.19 0 0 0 29.15 21.32 5.87 -0.09 -1.94 5.35 0.22 -16.78 -21.58 -0 0.29 -0.8 6.17 0.74 -1.02 0.88 1.41 -10.87 -2.62 0.17 -10.95 -4.01 -5.64 -12.79 9.33 -9.18 20.72 2.75 -3.67 9.26 0 0 0 -58.79 -29.23 85.31 119.07 -56.55 -84.88 -0 -0 5.21 77.3 -28.5 -64.71 -7.12 0 -0 25.99 -33.27 -38.17 0 0 0 73.17 21.93 78.53 -131.9 52.2 -95.33 0 -0 -14.53 -32.42 -47.28 25.01 7.12 -0 -0 24.43 -81.33 -20.6
0.91 17.55 9.04 -8.72 1.67 6.56 0 0 0 -16.83 -34.32 22.03 0.04 -1.23 -3.39 -4.27 36.76 -31.72 0 -0.01 -0.03 0 0 0 28.36 20.88 5.85 -0.15 -2.5 6.88 0.09 -15.74 -21.42 -0.03 1.15 -3.15 6.13 0.5 2.25 1.17 1.35 -10.56 -2.32 0.11 -12.61 -2.61 -4.7 -14.25 7.69 -7.29 15.3 2.16 -2.95 7.44 0 -0 0 -74.52 -11.5 87.7 97.33 -59.8 -66.34 -0 -0 7.57 73.28 -29.72 -58.78 -7.12 0 -0 22.92 -29.63 -32.89 0 -0 0 86.07 8.03 80.52 -109.59 58.5 -76.88 0 -0 -16.05 -25.95 -41.96 18.02 7.12 -0 -0 19.37 -74.24 -13.5
0.96 17.56 9.09 -8.71 -1.68 7.9 0 0 0 -22.18 -39.49 28.89 0.07 -1.76 -4.84 -4.73 42.31 -43.86 0.34 3.77 10.44 0 0 0 27.45 22.59 4.36 -0.19 -2.78 7.68 -0.05 -13.76 -20.17 -0.05 1.4 -3.85 6 0.95 4.22 1.59 2.1 -9.52 -1.93 0.52 -12.56 -2.21 -4.55 -16.88 8.71 -6.48 5.39 2.49 -2.66 4.72 -0 -0 0 -79.26 6.13 83.04 82.92 -59.81 -53.87 -0 -0 4.64 71.94 -31.41 -57.97 -7.12 0 -0 21.47 -29.92 -30.64 -0 -0 0 84.37 -0.98 84.39 -95.53 59.88 -64.79 0 -0 -22.1 -19.18 -43.81 13.54 7.12 -0 -0 31.96 -73.32 -22.02
0.99 17.66 9.03 -7.78 -2.34 10.69 0 0 0 -16.36 -35.61 17.96 0.02 -1.01 -2.77 -4.14 38.24 -36.78 0.14 2.37 6.52 0 0 0 24.94 24.38 0.66 -0.22 -3.02 8.35 0.02 -14.01 -19.73 -0.06 1.61 -4.43 5.72 1.41 5.15 0.85 2.68 -9.25 -2.68 0.78 -12.75 -3.56 -5.42 -15.67 11.7 -6.83 -3.24 3.7 -2.99 2.1 0 0 0 -78.74 8.52 85.12 91.72 -59.99 -61.49 -0 -0 10.66 75.49 -31.51 -63.66 -7.12 0 -0 23.57 -33.94 -34.27 0 0 0 81.68 -2.36 86.92 -105.45 59.08 -73.33 0 -0 -18.65 -19.8 -41.13 13.32 7.12 -0 -0 25.86 -71.35 -16.57
0.99 17.61 8.98 -10.41 -0.41 11.08 0 0 0 -11.74 -35.04 16.23 0.04 -1.22 -3.36 -4.32 37.46 -33.5 0.04 1.29 3.55 0 0 0 28.23 24.4 1.12 -0.17 -2.62 7.23 0.19 -15.47 -19.88 -0.05 1.38 -3.79 8.85 0.44 6.52 1.83 1.97 -8.9 -3.28 0.18 -13.27 -3.15 -5.15 -15.42 11.33 -6.56 -2.98 3.54 -2.87 2.09 -0 0 0 -80.53 5.4 81.32 97.99 -59.76 -66.92 -0 -0 12.21 73.35 -31 -59.86 -7.12 0 -0 22.46 -31.03 -32.3 -0 0 0 83.42 2.13 84.48 -109.09 58.58 -76.45 0 -0 -17.94 -21.2 -42.46 14.68 7.12 -0 -0 26.63 -72.96 -18
1 17.59 9.01 -10.73 -0.53 12.07 0 0 0 -15.11 -41.72 22.14 0.07 -1.72 -4.73 -4.97 42.21 -42.63 0.32 3.64 10.07 0 0 0 28.2 25.37 0.93 -0.13 -2.31 6.35 0.25 -15.88 -19.89 -0.02 0.94 -2.6 8.93 -0.16 6.13 2.57 1.24 -9.45 -2.35 -0.16 -13.8 -2.67 -4.31 -15.08 10.36 -5.77 0.09 3.2 -2.44 2.85 0 -0 0 -82.05 5.17 77.37 103.66 -59.28 -71.8 -0 -0 12.73 72.1 -31.31 -58.14 -7.12 0 -0 21.59 -29.99 -30.84 0 -0 0 85.43 5.43 84.29 -110.84 58.29 -77.95 0 -0 -18.76 -22.57 -43.43 15.95 7.12 -0 -0 26.96 -74.25 -18.97
1.03 17.59 9.12 -8.46 0.56 13.97 0 0 0 -16.16 -43.77 19.55 0.05 -1.39 -3.82 -5.12 42.21 -41.95 0.27 3.34 9.23 0 0 0 24.68 25.84 -0.15 -0.08 -1.79 4.94 0.37 -17.27 -20.71 -0.02 0.9 -2.46 7.07 -0.35 3.18 2.16 0.45 -10.19 -1.64 -0.36 -12.86 -1.46 -4.11 -14.83 8.9 -5.87 3.06 2.53 -2.46 3.63 0 -0 0 -80.46 2.04 78.87 109.65 -58.49 -76.93 -0 -0 12.9 68.58 -27.82 -49.95 -7.12 0 -0 20.89 -22.44 -28.72 0 -0 0 84.07 9.48 85.73 -117.63 56.91 -83.68 0 -0 -19.58 -24.7 -47.65 18.77 7.12 -0 -0 36.61 -78.28 -29.03
1.06 17.59 9.22 -8.74 0.2 12.99 0 0 0 -17.94 -43.32 22.54 0.06 -1.55 -4.27 -4.21 41.57 -44.3 0.42 4.14 11.47 0 0 0 25.99 26.51 3.15 -0.03 -1.2 3.3 0.51 -18.52 -21.41 -0.01 0.78 -2.14 7.15 0.51 2.34 2.17 1.55 -10.28 -1.82 0.18 -12.35 -1.49 -4.49 -14.09 8.3 -6.71 7.92 2.26 -2.78 5.03 -0 0 0 -77.98 -6.85 80.71 118.92 -56.59 -84.76 -0 -0 9.77 70.34 -29.24 -53.82 -7.12 0 -0 21.38 -25.9 -30.02 -0 0 0 79.95 15.47 82.58 -128.99 53.4 -93.02 0 -0 -19.32 -25.35 -51.15 20.25 7.12 -0 -0 52.22 -80.52 -44.29
1.1 17.7 9.4 -8.42 1.94 13.49 0 0 0 -17.14 -43.08 20.98 0.06 -1.55 -4.26 -4.36 40.67 -41.63 0.25 3.23 8.91 0 0 0 25.73 26.16 3.2 -0.03 -1.14 3.14 0.65 -20.04 -22.58 -0 0.43 -1.19 7.48 0.66 -0.33 1.75 1.51 -11.01 -2.42 0.12 -11.55 -1.67 -5.02 -13.87 8.07 -7.76 12.55 2.09 -3.18 6.5 -0 0 0 -74.96 -12.21 82.66 126.5 -54.31 -91.01 -0 -0 8.42 71.55 -27.65 -54.29 -7.12 0 -0 22.63 -25.4 -31.9 -0 0 0 74.12 17.27 79.62 -139.31 48.47 -101.04 0 -0 -19.47 -31.59 -52.08 25.88 7.12 -0 -0 56.86 -83.66 -51.37
1.13 17.7 9.57 -8.15 4.24 11.95 0 0 0 -15.13 -37.64 17.61 0.04 -1.32 -3.63 -3.92 36.12 -32.44 0 0.36 1 0 0 0 26.04 23.03 3.59 -0.07 -1.75 4.8 0.29 -18.67 -23.84 -0 -0.14 0.37 7.52 0.17 -1.78 1.47 0.63 -10.02 -2.67 -0.24 -9.62 -2.67 -5.46 -14.38 9.31 -8.39 12.93 2.57 -3.4 6.84 0 0 0 -78.27 -8.77 85.3 120.33 -56.22 -85.93 -0 -0 11.42 72.46 -29.15 -57.02 -7.12 0 -0 22.64 -28.1 -32.28 0 0 0 78.33 8.71 78.35 -136.75 49.88 -99.11 0 -0 -14.24 -26.6 -48.86 20.66 7.12 -0 -0 39.5 -79.87 -32.6
1.14 17.5 9.67 -8.48 4.21 10.7 0 0 0 -16.39 -37.27 20.16 0.04 -1.34 -3.69 -4.11 36.68 -32.63 0 -0.24 -0.67 0 0 0 26.83 22.17 4.16 -0.14 -2.39 6.59 -0.02 -17.53 -25.03 -0 0.15 -0.4 7.28 0.29 -1.53 1.64 0.83 -10 -2.36 -0.11 -9.73 -3.07 -5.44 -13.81 9.46 -8.39 13.82 2.69 -3.4 7.05 0 -0 0 -79.89 -5.55 84.44 109.53 -58.51 -76.83 -0 -0 3.66 71.2 -32.13 -57.38 -7.12 0 -0 20.75 -29.88 -29.52 0 -0 0 82.93 4.12 76.93 -126.36 54.36 -90.89 0 -0 -18.89 -26.67 -48.97 20.75 7.12 -0 -0 39.94 -79.96 -33.04
1.16 17.55 9.82 -8.42 3.26 11.03 0 0 0 -17.89 -37.68 22.03 0.05 -1.47 -4.04 -3.93 37.31 -35.6 0.03 1.02 2.82 0 0 0 26.82 22.02 5 -0.09 -1.98 5.45 0.11 -17.41 -23.7 -0.01 0.53 -1.47 6.47 0.78 -2.9 1.87 1.42 -11.12 -1.68 0.23 -10.14 -3.49 -5.52 -13.43 8.32 -8.66 18.58 2.36 -3.53 8.53 -0 -0 0 -77.5 -12.37 84.75 118.28 -56.75 -84.22 -0 -0 9.05 70.49 -28.68 -53.56 -7.12 0 -0 21.67 -25.43 -30.39 -0 -0 0 82.08 9.54 76.86 -134.1 51.2 -97.07 0 -0 -13.91 -25.68 -47.35 19.48 7.12 -0 -0 34.32 -78.48 -27.27
1.19 17.74 9.91 -8.3 3.26 11.31 0 0 0 -15.59 -34.38 17.87 0.03 -1.07 -2.95 -3.58 34.77 -31.1 0 -0.18 -0.48 0 0 0 26.24 21.31 4.51 -0.09 -1.91 5.26 0.29 -17.34 -21.81 -0.01 0.49 -1.34 6.95 0.86 -3.72 1.69 1.45 -11.16 -2.14 0.2 -9.69 -1.98 -5.45 -13.99 5.43 -8.4 20.38 1.16 -3.54 9.02 -0 0 0 -77.11 -18.11 82.54 126.15 -54.43 -90.72 -0 -0 10.41 68.52 -28.1 -50.12 -7.12 0 -0 20.76 -22.72 -28.57 -0 0 0 81.84 16.87 75.52 -138.97 48.67 -100.79 0 -0 -14.22 -26.51 -49.91 20.88 7.12 -0 -0 44.71 -80.43 -37.54
1.18 17.76 9.97 -8.35 3.38 10.87 0 0 0 -13.5 -30.29 14.5 0.01 -0.59 -1.62 -2.84 31.06 -26.63 0.07 -1.71 -4.72 0 0 0 26.16 20.28 3.53 -0.17 -2.63 7.25 0.14 -16.1 -21.43 -0.03 1.07 -2.95 7.02 0.39 -3.16 1.98 0.87 -10.87 -1.84 -0.07 -9.75 -2.25 -5 -14.21 5.2 -7.64 20.4 1.22 -3.22 9.04 0 -0 0 -79.25 -9.47 82.28 123.02 -55.45 -88.16 -0 -0 13.33 70.59 -29.02 -54.01 -7.12 0 -0 21.6 -25.92 -30.36 0 -0 0 83.21 10.8 78.2 -135.38 50.58 -98.06 0 -0 -12.16 -24.78 -47.62 18.83 7.12 -0 -0 36.39 -78.29 -28.85
1.18 17.49 10.03 -8.12 2.97 11.07 0 0 0 -13.25 -28.61 13.14 0 -0.18 -0.49 -2.3 29.27 -26.78 0.13 -2.34 -6.46 0 0 0 25.93 20.44 2.45 -0.29 -3.45 9.54 -0.35 -14.44 -23.94 -0.05 1.43 -3.94 6.89 0.37 -2.66 2.13 0.89 -10.64 -1.61 -0.04 -9.78 -2.24 -4.86 -14.32 4.5 -7.16 18.39 1.05 -3.1 8.32 -0 0 0 -80.25 -2.33 81.18 114.45 -57.62 -81 -0 -0 9.13 70.1 -30.38 -54.4 -7.12 0 -0 20.82 -26.91 -29.28 -0 0 0 83.25 5.51 79.12 -126.76 54.22 -91.22 0 -0 -16.96 -24.16 -46.95 18.15 7.12 -0 -0 34.74 -77.58 -27.01
1.2 17.55 10.06 -8.44 2.09 11.25 0 0 0 -14.45 -30.58 15.69 0.01 -0.57 -1.56 -3.19 32.46 -27.55 0.05 -1.39 -3.83 0 0 0 26.39 20.69 2.3 -0.28 -3.42 9.45 0.09 -15.64 -21.27 -0.08 1.85 -5.09 7.92 0.8 -1.93 1.96 1.6 -11.27 -2.4 0.16 -10.89 -1.34 -4.6 -14 2.29 -6.66 21.2 0.21 -2.99 9.08 -0 0 0 -77.79 -7.96 81.56 120.21 -56.25 -85.84 -0 -0 12.31 71.01 -28.85 -54.5 -7.12 0 -0 21.9 -26.18 -30.86 -0 0 0 81.58 10.18 78.94 -132.71 51.84 -95.98 0 -0 -14.25 -23.58 -46.47 17.56 7.12 -0 -0 33.85 -77 -25.91
1.18 18.07 10.09 -8.26 1.95 11.63 0 0 0 -12.07 -27.62 11.34 0 -0.13 -0.35 -3.47 31.27 -18.62 0.17 -2.67 -7.36 0 0 0 25.65 21.21 1.67 -0.25 -3.2 8.84 0.84 -17.47 -14.2 -0 0.32 -0.87 7.5 0.98 -2.75 2.16 1.72 -10.76 -1.96 0.31 -9.8 -0.08 -4.37 -14.15 -0.49 -6.01 22.01 -0.88 -2.88 9.24 -0 -0 0 -76.88 -17.78 80.28 123.47 -55.31 -88.53 -0 -0 11.22 70.12 -28.43 -52.78 -7.12 0 -0 21.54 -24.75 -30.09 -0 -0 0 80.02 18.13 75.47 -136.61 49.96 -99 0 -0 -15.43 -24.36 -48.27 18.67 7.12 -0 -0 39.36 -78.54 -31.5
1.14 18.33 10.07 -7.8 2.83 11.19 0 0 0 -10.43 -25.11 7.15 0.02 0.87 2.39 -2.65 27.34 -10.59 0.35 -3.82 -10.57 0 0 0 25.31 21.46 1.3 -0.29 -3.46 9.57 1.18 -19.29 -11.78 -0.06 -1.61 4.43 6.76 0.25 -1.87 2.48 0.78 -10.04 -1.17 -0.05 -9.57 -0.27 -3.57 -13.45 -0.66 -4.79 21.53 -0.73 -2.35 8.95 -0 0 0 -76.44 -16.56 79.43 124.78 -54.9 -89.6 -0 -0 11.94 73.24 -31.98 -60.38 -7.12 0 -0 21.99 -31.88 -31.63 -0 0 0 80.04 17.96 75.88 -136.62 49.95 -99.01 0 -0 -13.76 -24.46 -47.66 18.58 7.12 -0 -0 36.92 -78.19 -29.22
1.14 18.05 10.12 -7.99 2.46 10.97 0 0 0 -10.43 -23.51 6.39 0.05 1.49 4.09 -2.12 25.03 -14.04 0.51 -4.59 -12.73 0 0 0 26.23 21.45 1.46 -0.39 -4.02 11.13 0.78 -17.84 -16.22 -0.01 -0.69 1.88 7.54 0.08 -1.78 2.35 0.53 -9.48 -1.74 -0.22 -9.03 1.35 -2.8 -12.13 -1.4 -3.88 20.25 -1.1 -1.88 8.22 -0 0 0 -78.76 -8.8 78.98 121.41 -55.92 -86.83 -0 -0 12.85 71.87 -29.68 -56.52 -7.12 0 -0 22.1 -28.02 -31.41 -0 0 0 83.26 11.95 77.32 -131.89 52.21 -95.32 0 -0 -12.27 -21.82 -45.8 16.01 7.12 -0 -0 33.92 -75.82 -25.17
1.14 17.45 10.13 -8.1 0.83 11.52 0 0 0 -11.99 -24.8 9.15 0.02 0.96 2.63 -2.06 27.26 -23.81 0.11 -2.12 -5.85 0 0 0 26.59 22.73 1.23 -0.51 -4.56 12.65 -0.09 -15.78 -23.24 -0 -0.25 0.68 7.56 0.63 -1.55 2.33 1.29 -9.33 -1.81 0.16 -8.93 0.36 -2.64 -12.38 1.2 -4.04 20.89 -0.1 -1.76 8.57 0 0 0 -80.21 -3.86 78.6 116.91 -57.08 -83.07 -0 -0 9.91 70.1 -31.1 -54.98 -7.12 0 -0 20.54 -27.69 -28.95 0 0 0 82.86 9.49 78.45 -126.82 54.2 -91.27 0 -0 -15.89 -22.18 -46.97 16.6 7.12 -0 -0 37.08 -76.79 -28.35
1.13 17.5 10.1 -8.12 0.44 12.73 0 0 0 -11.74 -26.58 8.96 0.01 0.76 2.08 -2.06 28.02 -25.88 0 0.16 0.44 0 0 0 25.98 23.39 -0.13 -0.48 -4.45 12.34 0 -16.14 -22.88 -0 -0.11 0.3 6.41 0.77 -2.46 3.01 1.44 -10.03 -0.45 0.34 -9.19 0.13 -2.19 -12.8 1.77 -3.67 26.32 0.14 -1.47 10.58 0 0 0 -79.55 -10.59 79.16 116.95 -57.07 -83.11 -0 -0 9.07 70.92 -30.46 -55.7 -7.12 0 -0 21.25 -27.85 -30.08 0 0 0 80.8 14.15 77.65 -128.7 53.51 -92.79 0 -0 -15.37 -22.36 -46.85 16.7 7.12 -0 -0 36.47 -76.78 -27.85
1.13 17.92 10.11 -8.08 1.16 11.74 0 0 0 -11.03 -24.97 8.24 0.02 0.81 2.21 -2.56 27.64 -17.78 0.26 -3.27 -9.03 0 0 0 25.7 21.54 0.58 -0.38 -3.98 11.02 0.43 -15.97 -17.72 -0 -0.06 0.16 7.4 0.83 -2.69 2.15 1.46 -9.84 -1.91 0.24 -8.81 0.72 -2.14 -12.81 3.25 -4.38 30.8 0.48 -1.46 12.36 0 -0 0 -75.81 -22.22 80 122.74 -55.53 -87.93 -0 -0 9.39 70.19 -29.49 -53.81 -7.12 0 -0 21.2 -26.03 -29.76 0 -0 0 80.48 21.57 73.27 -134.75 50.89 -97.57 0 -0 -13.34 -21.54 -47.91 16.33 7.12 -0 -0 40.95 -77.16 -31.77
1.1 18.02 10.09 -7.52 1.25 11.26 0 0 0 -11.02 -23.96 6.92 0.04 1.35 3.71 -2.25 25.96 -15.9 0.45 -4.29 -11.89 0 0 0 24.99 22.06 0.37 -0.47 -4.41 12.23 0.43 -15.36 -16.54 -0 -0.27 0.73 6.27 0.68 -3.25 2.12 1.17 -9.85 -1.3 0.2 -8.51 0.33 -2.27 -12.62 3.74 -4.84 34.13 0.7 -1.57 13.78 0 0 0 -73.46 -27.09 79.76 124.09 -55.12 -89.04 -0 -0 8.08 71.1 -30.7 -56.15 -7.12 0 -0 21.26 -28.29 -30.14 0 0 0 77.95 25.59 71.23 -136.03 50.25 -98.56 0 -0 -14.29 -22.92 -49.18 17.75 7.12 -0 -0 44.51 -78.49 -35.81
1.07 17.76 10.14 -7.76 1.26 9.84 0 0 0 -11.44 -22.4 8.64 0.04 1.36 3.75 -1.78 24.46 -19.04 0.46 -4.35 -12.07 0 0 0 26.33 21.16 2.04 -0.54 -4.7 13.05 0.04 -14.44 -20.01 -0.01 0.77 -2.12 6.44 0.39 -3.31 2.17 0.79 -9.82 -1.32 -0.01 -8.47 -0.15 -2.26 -12.3 4.39 -5.02 35.54 1.03 -1.6 14.39 -0 0 0 -75.13 -19.91 82.08 120.67 -56.13 -86.22 -0 -0 9.41 70.62 -28.79 -53.86 -7.12 0 -0 21.7 -25.7 -30.48 -0 0 0 81.33 17.92 73.38 -133.74 51.37 -96.78 0 -0 -13.27 -22.66 -46.91 16.96 7.12 -0 -0 36.32 -76.94 -27.84
1.06 17.38 10.19 -7.77 0.73 9.8 0 0 0 -12.09 -22.43 9.33 0.06 1.54 4.23 -1.48 24.6 -23.38 0.33 -3.69 -10.21 0 0 0 26.73 21.17 2.53 -0.58 -4.88 13.58 -0.57 -13.47 -24.74 -0.01 0.68 -1.88 6.96 0.54 -4.31 1.83 0.87 -9.62 -1.97 0.01 -7.66 -0.52 -2.26 -13.99 5.51 -5.37 35.65 1.49 -1.62 14.91 -0 0 0 -77.05 -9.12 82.53 116.71 -57.13 -82.9 -0 -0 8.79 71.53 -29.7 -56.01 -7.12 0 -0 21.89 -27.68 -31.05 -0 0 0 83.8 9.67 75.47 -129.46 53.21 -93.4 0 -0 -15.45 -23.41 -46.34 17.39 7.12 -0 -0 33.65 -76.84 -25.64
1.06 17.48 10.16 -7.91 -0.25 9.21 0 0 0 -12.11 -21.55 9.76 0.06 1.55 4.25 -1.67 25.01 -22.24 0.3 -3.5 -9.66 0 0 0 26.88 21.27 2.71 -0.61 -5 13.92 -0.33 -13.14 -22.23 -0.03 1.17 -3.21 6.22 0.88 -4.43 2.27 1.34 -9.73 -1.1 0.31 -7.68 -1.25 -2.73 -14.33 5.03 -5.93 38.61 1.37 -1.96 16.51 0 -0 0 -77.07 -12.04 82.79 116.93 -57.07 -83.09 -0 -0 6.9 71.2 -29.24 -55.12 -7.12 0 -0 21.87 -26.82 -30.9 0 -0 0 81.84 10.64 73.9 -131.97 52.17 -95.39 0 -0 -16.27 -23.96 -47.07 18.02 7.12 -0 -0 35.37 -77.58 -27.52
1.04 17.95 10.12 -7.17 0.56 8.8 0 0 0 -12.6 -22.04 10.65 0.02 0.88 2.43 -2.25 25.9 -15.63 0.44 -4.23 -11.74 0 0 0 25.81 20.12 3.85 -0.37 -3.91 10.83 0.41 -14.96 -15.96 -0.02 0.95 -2.62 5.54 0.75 -4.52 1.96 1.17 -10.16 -1.05 0.25 -8.11 -1.2 -2.84 -13.35 3.75 -5.68 40 0.88 -2.02 16.93 0 -0 0 -74.65 -23.18 84.01 120.94 -56.05 -86.44 -0 -0 6.55 69.9 -31.64 -55.11 -7.12 0 -0 20.22 -28.07 -28.5 0 -0 0 80.05 17.16 67.17 -137.69 49.38 -99.82 0 -0 -15.6 -21.66 -47.57 16.34 7.12 -0 -0 39.63 -76.98 -30.55
1.04 18.2 10.05 -6.82 3.01 9.96 0 0 0 -11.06 -22.99 5.85 0.09 1.95 5.36 -1.77 22.9 -11.5 0.68 -5.27 -14.69 0 0 0 24.32 19.59 1.38 -0.4 -4.08 11.3 0.54 -15.1 -13.96 -0.02 0.9 -2.47 4.21 -0.16 -5.96 3.01 -0.08 -10.26 0.82 -0.21 -7.44 -1.03 -2.31 -13.02 1.51 -3.85 37.74 0.18 -1.57 15.5 -0 0 0 -71.33 -29.83 88.12 120.8 -56.09 -86.32 -0 -0 4.67 71.77 -32.28 -58.33 -7.12 0 -0 21.01 -30.62 -29.99 -0 0 0 77.91 17.42 62.52 -140.69 47.66 -102.07 0 -0 -13.86 -22.56 -48.88 17.38 7.12 -0 -0 43.61 -78.17 -34.78
1.04 17.91 9.99 -7.89 4.33 8.19 0 0 0 -10.73 -22.95 7.87 0.09 1.9 5.23 -1.5 22.04 -15.56 0.76 -5.56 -15.52 0 0 0 26.11 17.85 2.46 -0.49 -4.49 12.45 0.03 -13.31 -18.51 -0.09 1.93 -5.32 4.59 -1.14 -4.3 4.31 -1.25 -9.58 2.01 -0.76 -7.66 -0.81 -1.7 -13.7 -0.46 -2.19 35.55 -0.4 -1.12 14.53 0 -0 0 -74.14 -26.06 94.01 115.91 -57.31 -82.23 -0 -0 6.8 71.28 -30.1 -55.95 -7.12 0 -0 21.59 -27.84 -30.61 0 -0 0 82.02 8.42 61.81 -141.93 46.88 -102.98 0 -0 -11.76 -22.61 -46.44 16.79 7.12 -0 -0 34.89 -76.59 -26.46
1.02 17.36 9.98 -6.73 3.38 8.17 0 0 0 -12.54 -22.48 9.75 0.05 1.42 3.9 -0.97 21.54 -22.06 0.56 -4.8 -13.33 0 0 0 25.34 17.97 2.47 -0.6 -4.96 13.8 -0.87 -12.25 -25.98 -0.04 1.27 -3.5 4.91 -1.43 -3.12 3.42 -1.59 -9.88 0.96 -1.01 -8.72 0.08 -0.75 -14.59 -0.13 -1.13 32.52 -0.24 -0.51 13.37 0 -0 0 -77.99 -13.29 92.66 111.81 -58.12 -78.77 -0 -0 8.4 68.53 -28.67 -50.66 -7.12 0 -0 20.57 -23.39 -28.39 0 -0 0 86.6 0.44 63.89 -137.81 49.32 -99.91 0 -0 -12.67 -20.96 -45.34 15.24 7.12 -0 -0 33.62 -75.14 -24.48
1.05 17.51 9.92 -6.95 1.23 8.29 0 0 0 -11.74 -19.87 7.57 0.09 1.95 5.37 -0.73 20.48 -22.57 0.14 -2.4 -6.62 0 0 0 24.9 18.86 0.62 -0.81 -5.76 16.08 -0.79 -10.58 -23.75 -0.04 1.32 -3.62 5.33 -0.15 -2.98 3.03 0.13 -9.8 0.23 -0.21 -8.68 -0.79 -1.64 -14.65 1.37 -2.64 30.14 0.26 -1.09 12.43 0 -0 0 -76.95 -15.83 92.39 110.96 -58.27 -78.05 -0 -0 6.11 68.63 -29.24 -51.3 -7.12 0 -0 20.42 -24.15 -28.28 0 -0 0 82.32 2.27 65.73 -137.92 49.26 -100 0 -0 -14.91 -21.66 -45.31 15.77 7.12 -0 -0 32.75 -75.39 -23.98
1.05 17.92 9.9 -5.93 2.29 8.14 0 0 0 -13.34 -22 9.32 0.04 1.25 3.42 -1.71 23.31 -16.05 0.43 -4.21 -11.68 0 0 0 23.7 17.82 3 -0.38 -3.96 10.96 0.09 -13.5 -18.08 -0.03 1.11 -3.06 3.9 -0.17 -3.19 2.72 0.04 -9.93 0.7 -0.16 -8.67 -0.43 -1.92 -15.12 1.4 -3.11 28.95 0.14 -1.27 12.05 0 -0 0 -76.18 -25.81 91.29 116.99 -57.06 -83.14 -0 -0 5.55 68.85 -29.19 -51.58 -7.12 0 -0 20.56 -24.32 -28.52 0 -0 0 77.72 11.65 63.51 -141.86 46.93 -102.93 0 -0 -14.2 -23.51 -49.14 18.21 7.12 -0 -0 43.81 -78.72 -35.39
1.03 18.11 9.83 -7.36 4.49 10.18 0 0 0 -9.58 -23.92 4.88 0.07 1.76 4.85 -1.68 22.43 -12.06 0.83 -5.82 -16.27 0 0 0 24.77 19.11 1.01 -0.33 -3.7 10.23 0.46 -15.74 -16.76 -0.01 0.46 -1.26 5.12 -0.71 -4.23 3.21 -0.68 -10.3 0.57 -0.58 -8.53 0.24 -1.64 -15.85 1.05 -2.65 23.31 -0.02 -1.08 10.05 0 -0 0 -75.88 -25.23 90.92 120.49 -56.18 -86.07 -0 -0 7.34 69.96 -31.85 -55.34 -7.12 0 -0 20.16 -28.34 -28.45 0 -0 0 76.89 12.94 62.99 -143.13 46.1 -103.85 0 -0 -13.05 -23.76 -48.33 18.2 7.12 -0 -0 40.24 -78.33 -32.08
0.98 17.88 9.75 -7.54 4.53 9.69 0 0 0 -9.21 -23.14 3.9 0.14 2.4 6.61 -1.23 20.56 -15.86 0.83 -5.82 -16.27 0 0 0 25.2 18.19 -0.48 -0.54 -4.7 13.06 -0.16 -13.5 -20.92 -0.03 1.09 -2.99 5.68 -0.82 -1.02 2.53 -0.61 -10.25 -0.4 -0.66 -10.39 1.06 -1.58 -17.41 1.49 -2.74 16.43 -0 -1.08 7.96 0 -0 0 -78.81 -11.33 92.17 115 -57.5 -81.47 -0 -0 11.14 69.04 -29.88 -52.45 -7.12 0 -0 20.41 -25.3 -28.45 0 -0 0 84.99 -0.25 65.8 -140.17 47.97 -101.69 0 -0 -9.64 -21.27 -44.84 15.35 7.12 -0 -0 31.95 -74.88 -23.04
0.95 17.28 9.63 -7.91 2.91 9.51 0 0 0 -8.56 -21.5 2.79 0.23 3.08 8.5 -0.63 19.34 -21.54 0.71 -5.39 -15.02 0 0 0 25.36 18.05 -3.55 -1.06 -6.55 18.39 -1.27 -9.67 -26.82 -0.07 1.67 -4.58 5.88 -0.44 2.26 1.91 0.12 -10.24 -1.22 -0.4 -12.34 1.46 -1.31 -15.79 4.11 -2.52 7.5 0.83 -0.9 4.85 -0 0 0 -79.9 -4.05 87.67 114.91 -57.52 -81.39 -0 -0 12.05 68.33 -31.23 -52.54 -7.12 0 -0 19.51 -26.09 -27.19 -0 0 0 87.34 -1.75 69.31 -136.1 50.22 -98.61 0 -0 -12.65 -22.15 -44.15 15.83 7.12 -0 -0 29.17 -74.68 -20.84
0.9 17.59 9.6 -7.72 3.95 9.77 0 0 0 -7.5 -20.46 0.37 0.28 3.43 9.47 -0.63 17.25 -17.41 0.85 -5.88 -16.43 0 0 0 24.94 16.6 -3.56 -0.81 -5.76 16.08 -0.78 -10.42 -23.49 -0.03 1.14 -3.13 4.28 0.18 1.11 1.97 0.76 -10.3 -0.35 0.09 -11.66 -0.02 -2.67 -14.77 3.6 -3.86 4.67 0.82 -1.7 3.84 -0 0 0 -78.13 -13.28 85.45 123.6 -55.27 -88.63 -0 -0 12.66 68.4 -29.76 -51.43 -7.12 0 -0 20.1 -24.53 -27.86 -0 0 0 82.26 8.55 71.88 -140.56 47.73 -101.98 0 -0 -10.64 -23.9 -45.89 17.65 7.12 -0 -0 31.68 -76.7 -23.99
0.89 18.11 9.74 -8.27 6.01 9.23 0 0 0 -7.67 -24.36 5.93 0.04 1.3 3.59 -1.56 21.47 -9.35 1.09 -6.64 -18.65 0 0 0 26.85 17.33 3.31 -0.15 -2.46 6.77 0.55 -17.16 -18.35 -0.02 -1.02 2.8 5.85 1.08 -0.9 0.94 1.86 -10.52 -2.4 0.45 -10.58 -0.79 -3.87 -14.79 2.94 -5.26 5.02 0.63 -2.44 3.98 -0 -0 0 -73.08 -21.75 80.19 129.23 -53.3 -93.21 -0 -0 8.68 68.53 -30.92 -52.56 -7.12 0 -0 19.74 -25.94 -27.51 -0 -0 0 77.53 19.74 70.95 -141.93 46.89 -102.98 0 -0 -14.26 -23.51 -48.86 18.14 7.12 -0 -0 42.62 -78.55 -34.25
0.86 18.43 9.71 -8.4 6.56 12.03 0 0 0 -5.14 -24.52 -0.11 0.1 2.02 5.57 -1.52 21.36 -5.04 1.06 -6.55 -18.38 0 0 0 25.75 19.85 -0.25 -0.19 -2.82 7.79 0.8 -18.47 -17.46 -0.01 -0.58 1.58 7.09 2.01 -2.18 -0.08 3.07 -12.01 -4.27 0.82 -11.35 -0.51 -4.22 -16.36 2.59 -5.81 6.93 0.38 -2.68 4.81 -0 0 0 -71.24 -18.4 75.86 133.2 -51.62 -96.36 -0 -0 9.17 69.02 -30.98 -53.31 -7.12 0 -0 19.99 -26.48 -27.96 -0 0 0 76.3 22.26 76.43 -141.38 47.23 -102.58 0 -0 -14.56 -26.31 -49.57 20.62 7.12 -0 -0 43.2 -80.16 -36.02
0.82 18.11 9.67 -7.94 7.3 8.95 0 0 0 -6.73 -21.97 -0.16 0.32 3.65 10.1 -0.88 16.62 -9.65 1.25 -7.08 -19.96 0 0 0 26.04 16.51 -0.65 -0.53 -4.67 12.96 0.03 -14.09 -19.71 -0.01 0.55 -1.51 5.72 2.19 -0.19 0.09 3.35 -10.57 -3.4 1.13 -10.9 -1.84 -4.68 -16.19 4.83 -6.5 8.79 1.21 -2.87 5.51 -0 -0 0 -76.45 -9.47 74.8 131.31 -52.45 -94.87 -0 -0 13.81 69.17 -30.93 -53.49 -7.12 0 -0 20.09 -26.58 -28.13 -0 -0 0 81.14 17.62 82.38 -136.37 50.08 -98.82 0 -0 -12.1 -25.55 -47.36 19.38 7.12 -0 -0 34.52 -78.44 -27.41
0.78 17.35 9.73 -8.58 9.06 6.67 0 0 0 -5.92 -19.26 0.44 0.45 4.29 11.91 0.17 11.46 -18.5 1.34 -7.33 -20.68 0 0 0 27.46 12.06 -0.95 -0.88 -5.97 16.7 -1.32 -10.62 -27.87 -0.07 1.74 -4.79 6.37 2.41 0.78 -0.13 3.7 -9.68 -4.04 1.27 -10.37 -3.04 -5.77 -16.74 7.5 -8.28 11.62 2.01 -3.49 6.74 0 0 0 -79.9 -0.63 73.87 127.9 -53.81 -92.14 -0 -0 14.09 70.21 -31.19 -55.21 -7.12 0 -0 20.57 -27.9 -29.02 0 0 0 87.06 8.98 83.35 -130.13 52.94 -93.93 0 -0 -11.86 -23.67 -45.35 17.32 7.12 -0 -0 30.38 -76.2 -22.67
0.74 17.33 9.74 -8.36 11.74 6.24 0 0 0 -5.73 -20.34 -2.2 0.74 5.49 15.31 0.22 10.04 -17.45 1.29 -7.2 -20.31 0 0 0 26.66 9.69 -4.41 -1.45 -7.6 21.52 -1.52 -9.18 -28.23 -0.07 1.65 -4.53 6.57 2.59 1.51 -1.05 3.97 -10.21 -5.24 1.28 -11.33 -4.73 -6.89 -15.71 10.73 -10.03 12.08 3.13 -4.14 7.09 0 0 0 -78.2 0.83 73.67 128.62 -53.54 -92.72 -0 -0 12.96 68.36 -30.84 -52.27 -7.12 0 -0 19.68 -25.69 -27.38 0 0 0 87.55 8.4 83.97 -129.89 53.04 -93.74 0 -0 -13.38 -22.49 -46.66 16.76 7.12 -0 -0 35.72 -76.7 -27.19
0.72 17.85 9.87 -9.05 14.55 5.84 0 0 0 -5.62 -23.38 2.69 0.24 3.13 8.65 -0.5 12.98 -8.79 1.42 -7.55 -21.34 0 0 0 29.31 11.49 2.3 -0.47 -4.39 12.18 0.04 -16.77 -23.45 -0.03 -1.02 2.81 6.78 3.23 -0.54 -0.88 4.73 -10.47 -5.09 1.7 -10.29 -6.24 -7.85 -16.46 10.97 -11.35 14.99 3.25 -4.71 8.38 0 -0 0 -75.88 -10.42 72.15 130.48 -52.8 -94.21 -0 -0 12.3 68.13 -30.77 -51.88 -7.12 0 -0 19.58 -25.39 -27.2 0 -0 0 85.57 19.22 84.07 -132.81 51.8 -96.05 0 -0 -12.25 -22.64 -47.48 17.09 7.12 -0 -0 38.28 -77.32 -29.71
0.71 18.32 9.82 -9.08 15.67 8.95 0 0 0 -4.01 -26.04 -0.82 0.18 2.71 7.47 -0.83 16.33 -2.01 1.35 -7.35 -20.75 0 0 0 28.92 14.62 -0.23 -0.37 -3.89 10.76 1.16 -21.48 -19.54 -0.28 -3.41 9.43 7.24 4.28 -2.62 -1.31 6.04 -11.37 -5.75 2.31 -9.83 -7.46 -8.62 -16.1 12.43 -12.12 12.34 3.83 -5.09 7.7 0 -0 0 -74.96 -16.86 69.5 131.42 -52.41 -94.95 -0 -0 9.84 67.62 -32.43 -52.48 -7.12 0 -0 18.66 -26.71 -25.98 0 -0 0 83.08 25.33 82.17 -135.31 50.62 -98 0 -0 -12.55 -21.56 -47.75 16.3 7.12 -0 -0 40.35 -77.06 -31.2
0.68 18.35 9.72 -9.41 17.13 7.21 0 0 0 -4.03 -25.93 -0.83 0.24 3.13 8.65 -0.66 14.48 -2.45 1.15 -6.8 -19.13 0 0 0 29.65 14.82 0.96 -0.42 -4.14 11.47 1.31 -22.32 -19.74 -0.21 -2.97 8.21 8.07 4.11 0.38 -1.53 6.04 -10.27 -6.65 2.21 -10.26 -7.33 -9.25 -16.86 15.01 -13.04 9.53 4.5 -5.36 7.22 -0 -0 0 -77.92 -12.53 70.36 130.2 -52.91 -93.99 -0 -0 13.11 68.93 -30.8 -53.04 -7.12 0 -0 20 -26.2 -27.95 -0 -0 0 83.32 22.07 83.34 -134.25 51.13 -97.18 0 -0 -12.76 -21.85 -47.36 16.44 7.12 -0 -0 38.73 -76.93 -29.78
0.73 17.82 9.66 -9.72 18.08 7.22 0 0 0 -3.53 -24.75 -2.86 0.4 4.04 11.2 -0.26 10.84 -10.54 1.64 -8.06 -22.91 0 0 0 29.18 12.51 -1.49 -0.69 -5.31 14.79 -0.01 -16.99 -24.21 -0 0.27 -0.75 8.04 3.71 0.58 -0.89 5.52 -9.7 -5.91 2.02 -9.88 -9 -10.17 -15.94 18.68 -14.06 6.23 5.85 -5.81 6.59 -0 -0 0 -84 -2.2 71.3 127.7 -53.88 -91.98 -0 -0 14.15 68.07 -32.23 -52.95 -7.12 0 -0 18.98 -26.92 -26.49 -0 -0 0 84.26 11.74 84.66 -131.18 52.51 -94.77 0 -0 -12.2 -23.09 -46.74 17.25 7.12 -0 -0 35.29 -76.99 -27.06
0.75 17.18 9.56 -5.51 16.56 9.06 0 0 0 -7.93 -23.38 -6.48 0.78 5.65 15.77 0.32 9.19 -17.71 1.06 -6.56 -18.42 0 0 0 23.76 13.7 -5.52 -1.39 -7.47 21.11 -0.96 -14.96 -29.26 -0.09 1.94 -5.34 5.25 3.69 1.97 -2.55 5.28 -10.13 -6.28 1.97 -11.28 -10.91 -10.64 -12.38 22.68 -14.38 2.12 7.55 -6.17 5.31 0 0 0 -82.02 0.21 76.28 124.42 -55.01 -89.31 -0 -0 11.5 65.95 -31.19 -49.24 -7.12 0 -0 18.26 -23.83 -24.99 0 0 0 84.74 4.92 81.01 -131.64 52.31 -95.13 0 -0 -13.26 -21.92 -46.9 16.38 7.12 -0 -0 37.14 -76.64 -28.29
0.84 17.65 9.55 -7.87 13.62 7.37 0 0 0 -6.1 -19.56 -2.91 0.4 4.06 11.24 -0.21 11.09 -12.19 1.27 -7.15 -20.17 0 0 0 25.93 13.85 -2.16 -0.91 -6.09 17.04 -0.25 -14.03 -22.53 -0.18 2.74 -7.56 7.3 2.45 1.5 -0.16 3.9 -9.79 -4.66 1.26 -10.88 -6.57 -8.61 -14.39 16.82 -12.11 5.6 5.18 -5.05 5.56 0 -0 0 -78.1 -7.25 80.4 124.47 -55 -89.35 -0 -0 9.4 69.15 -31.58 -53.97 -7.12 0 -0 19.82 -27.26 -27.8 0 -0 0 81.21 8.03 80.14 -135.67 50.44 -98.28 0 -0 -13.17 -25.18 -47.08 19 7.12 -0 -0 33.96 -78.08 -26.72
1.07 18.21 9.56 -7.31 7.85 8.99 0 0 0 -8.59 -22.3 2.62 0.09 1.89 5.21 -1.29 19.61 -7.1 1.2 -6.96 -19.59 0 0 0 24.34 18.57 0.66 -0.4 -4.04 11.2 0.63 -16.35 -15.3 -0 -0.06 0.17 7.45 1.41 -1.07 1.81 2.48 -10.71 -2.4 0.66 -10.66 -3.59 -6.21 -15.94 12.17 -9.44 10.79 3.48 -3.72 6.7 0 0 0 -74.09 -17.07 82.07 126.99 -54.14 -91.41 -0 -0 8.23 68.04 -30.1 -51.2 -7.12 0 -0 19.78 -24.56 -27.38 0 0 0 78.22 15.1 76.45 -138.98 48.66 -100.8 0 -0 -13.47 -25.78 -48.21 19.81 7.12 -0 -0 37.6 -79.11 -30.43
1.2 18.38 9.43 -6.51 -0.07 11.58 0 0 0 -9.06 -20.12 -0.84 0.18 2.72 7.49 -1.48 20.95 -7.54 1.23 -7.05 -19.85 0 0 0 21.37 22.56 -4.49 -0.65 -5.16 14.38 0.55 -14.54 -12.38 -0.01 -0.49 1.33 6.07 0.68 -3.14 3.41 1.32 -10.63 0.19 0.32 -9.48 -1.27 -4.26 -17.23 10.11 -7.2 12.79 2.69 -2.61 7.2 0 -0 0 -68.75 -24.15 83.77 127.74 -53.87 -92.01 -0 -0 6.71 69.19 -30.25 -52.96 -7.12 0 -0 20.36 -25.85 -28.44 0 -0 0 78.88 17.68 73.05 -139.8 48.19 -101.41 0 -0 -14.4 -26.7 -46.98 20.19 7.12 -0 -0 31.71 -78.65 -25.23
1.3 17.93 9.29 -5.61 -7.71 8.81 0 0 0 -11.61 -12.38 -1.69 0.53 4.66 12.95 -0.81 17.75 -15.48 0.91 -6.07 -17 0 0 0 20.64 23.24 -5.56 -1.35 -7.37 20.81 -0.36 -7.86 -16.84 -0.07 1.65 -4.54 5.5 -0.51 0.61 3.64 -0.08 -9.44 0.84 -0.33 -10.42 0.19 -2.65 -17.16 10.53 -5.61 14.23 2.79 -1.68 7.55 0 0 0 -70.69 -18.82 87.13 125.18 -54.76 -89.93 -0 -0 7.89 69.28 -30.44 -53.26 -7.12 0 -0 20.34 -26.16 -28.45 0 0 0 83.76 11.73 73.39 -136.78 49.87 -99.13 0 -0 -10.68 -25.44 -46.88 19.14 7.12 -0 -0 32.93 -78.05 -25.86
1.36 17.11 9.21 -4.49 -16.81 8.49 0 0 0 -13.71 -4.67 -4.48 0.94 6.19 17.34 0.18 17.69 -26.56 0.54 -4.69 -13.04 0 0 0 18.05 27.34 -11.53 -3.06 -10.79 31.57 -1.67 -0.7 -24.69 -0.45 4.3 -11.93 3.93 -1.28 1.91 3.23 -1.2 -9.23 1.42 -0.78 -10.95 1.26 -0.35 -17.16 14.63 -3.89 16.6 4.26 -0.31 8.36 0 0 0 -75.79 -7.19 90.72 120.79 -56.1 -86.31 -0 -0 9.48 67.55 -29.12 -49.66 -7.12 0 -0 19.87 -22.95 -27.26 0 0 0 86.53 2.29 72.89 -132.15 52.09 -95.54 0 -0 -11.16 -24.47 -45.66 18.03 7.12 -0 -0 30.27 -76.75 -22.92
1.4 17.07 9.19 -4.95 -24.28 9.35 0 0 0 -13.92 -0.3 -5.7 1.02 6.43 18.05 0.15 19.45 -28.64 0.11 -2.17 -5.98 0 0 0 17.18 30.56 -14.04 -3.38 -11.29 33.26 -1.57 4.07 -22.76 -0.45 4.3 -11.93 3.24 -2.41 1.2 3.83 -2.82 -9.1 2.58 -1.49 -10.3 3.61 2.33 -14.98 14.29 -0.48 15.94 4.08 1.28 7.5 0 0 0 -78.4 -4.64 93.51 114.28 -57.65 -80.86 -0 -0 6.78 68.22 -31.41 -52.53 -7.12 0 -0 19.38 -26.18 -27 0 0 0 83.44 -3.65 70.48 -133.28 51.58 -96.42 0 -0 -15.14 -23.52 -46.71 17.58 7.12 -0 -0 34.7 -77.15 -26.69
1.49 17.74 9.38 -5.59 -27.42 11.14 0 0 0 -16.64 -6.89 3.91 0.1 2.03 5.59 -1.84 28.64 -29.21 0 -0.09 -0.23 0 0 0 17.06 30.21 -8.76 -1.29 -7.21 20.34 -0.57 3.9 -13.44 -0.33 3.68 -10.17 5.77 -4.16 -1.65 4.11 -5.22 -10.42 1.6 -2.92 -10.32 8.22 5.45 -13.94 11.28 2.8 20.92 2.83 3.1 8.96 -0 0 0 -77.68 -11.49 96.74 119.05 -56.56 -84.87 -0 -0 6.29 69.49 -29.3 -52.61 -7.12 0 -0 20.88 -25.09 -29.12 -0 0 0 79.6 0.94 68.06 -136.94 49.78 -99.25 0 -0 -12.37 -22.21 -48.12 16.91 7.12 -0 -0 41.03 -77.56 -32.15
1.52 18.11 9.23 -4.36 -32.13 14.58 0 0 0 -17.6 -8.3 -1.25 0.14 2.43 6.7 -2.69 31.35 -28.79 0.01 0.71 1.94 0 0 0 11.9 33.92 -13.7 -0.98 -6.3 17.65 -0.15 3.11 -6.86 -0.23 3.08 -8.49 3.54 -4.73 -3.64 4.13 -6.23 -10.9 2.74 -3.26 -9.42 11.94 8.44 -14.03 7.72 7.01 19.42 1.52 4.91 8.67 0 -0 0 -76.42 -16.44 93.95 123.99 -55.15 -88.96 -0 -0 7.39 71.06 -29.33 -54.99 -7.12 0 -0 21.76 -26.77 -30.72 0 -0 0 80.44 10.2 65.87 -136.7 49.91 -99.07 0 -0 -13.15 -22.06 -47.96 16.75 7.12 -0 -0 40.58 -77.4 -31.65
1.53 17.8 8.99 -5.18 -35.02 12.23 0 0 0 -15.6 -0.24 -5.25 0.57 4.85 13.49 -1.48 26.33 -27.2 0 -0.32 -0.88 0 0 0 14.66 36 -13.14 -1.6 -7.97 22.64 -0.29 7.55 -10.21 -0.28 3.4 -9.4 4.17 -5.53 1.66 3.38 -7.03 -9.15 2.11 -3.67 -10.77 13.07 10.22 -11.38 0.67 11.42 10.25 -0.82 6.11 5.67 -0 -0 0 -77.64 -6.79 90.39 124.04 -55.13 -89 -0 -0 11.94 70.35 -28.8 -53.46 -7.12 0 -0 21.54 -25.42 -30.2 -0 -0 0 83.2 6.91 70.02 -133.65 51.41 -96.71 0 -0 -11.51 -20.49 -46.93 15.27 7.12 -0 -0 38.78 -76.09 -29.19
1.47 17.07 8.78 -7.25 -36.29 13.37 0 0 0 -12.55 3.47 -9.79 1.25 7.09 19.98 -0.06 22.6 -31.46 0.07 -1.74 -4.79 0 0 0 16.92 40.08 -18.18 -3.44 -11.38 33.56 -1.21 8.77 -19.68 -0.66 5.2 -14.47 4.75 -4.88 3.37 3.01 -6.03 -8.18 1.38 -3.21 -10.8 13.85 11.06 -11.77 -6.15 13.1 4.13 -2.98 6.4 4.4 -0 0 0 -79.84 2.9 87.53 123.37 -55.34 -88.45 -0 -0 13.08 70.29 -31 -55.18 -7.12 0 -0 20.68 -27.78 -29.19 -0 0 0 83.64 3.75 74.35 -129.18 53.32 -93.17 0 -0 -13.73 -18.91 -44.6 13.52 7.12 -0 -0 34.1 -73.82 -23.94
1.41 17.02 8.63 -9.14 -31.34 13.82 0 0 0 -9.13 0.54 -12.05 1.7 8.2 23.33 -0.14 21.73 -29.66 0.09 -1.88 -5.18 0 0 0 19.4 36.62 -18.54 -3.42 -11.35 33.47 -1.27 7.41 -20.18 -0.62 5.05 -14.04 4.51 -3.13 3.9 3.3 -3.6 -8.33 1.53 -2 -11.18 11.53 8.57 -14.01 -6.31 9.94 5.75 -2.91 4.78 4.86 0 0 0 -80.38 -1.06 88.26 124.2 -55.08 -89.13 -0 -0 10.52 67.4 -30.75 -50.85 -7.12 0 -0 19.2 -24.68 -26.52 0 0 0 81.16 4.55 74.99 -131.31 52.45 -94.87 0 -0 -16.05 -23.69 -47.99 18.06 7.12 -0 -0 39.01 -78.09 -30.87
1.25 17.74 8.69 -7.81 -20.31 11.69 0 0 0 -9.7 -10.01 -0.94 0.28 3.39 9.37 -1.47 24.34 -22.81 0.18 -2.76 -7.6 0 0 0 21.53 30.65 -7.58 -1.03 -6.46 18.11 -0.59 -2.17 -15.49 -0.17 2.65 -7.3 3.98 -2.44 2.85 1.96 -2.84 -10.01 0.31 -1.67 -12.5 10.22 5.49 -16.63 -5.55 5.96 13.93 -2.79 2.9 7.49 0 -0 0 -76.79 -11.09 89.37 127.48 -53.96 -91.8 -0 -0 8.41 68.54 -30.23 -52.02 -7.12 0 -0 20.01 -25.19 -27.81 0 -0 0 77.39 9.68 75.64 -136.67 49.92 -99.05 0 -0 -14.69 -26.56 -49.54 20.82 7.12 -0 -0 42.81 -80.25 -35.74
1.06 18.16 8.65 -6.85 -7.75 12.17 0 0 0 -8.7 -19.25 -1.59 0.18 2.72 7.5 -1.95 24.29 -14.83 0.67 -5.23 -14.55 0 0 0 21.7 24.18 -7.2 -0.61 -4.99 13.89 0.05 -10.94 -14.8 -0 0.29 -0.79 3.41 -2.05 0.04 1.09 -2.52 -10.55 -0.47 -1.51 -11.4 8.55 3.17 -17.37 -8.86 3.79 14.75 -3.91 1.45 7.74 -0 -0 0 -76.24 -16.82 85.75 129.55 -53.18 -93.47 -0 -0 7.36 68.86 -28.87 -51.31 -7.12 0 -0 20.68 -23.96 -28.65 -0 -0 0 74.58 17.01 74.26 -136.85 49.83 -99.19 0 -0 -14.66 -26.12 -50.04 20.6 7.12 -0 -0 45.71 -80.33 -38.34
0.88 17.85 8.37 -9.14 1.69 9.16 0 0 0 -4.08 -17.79 -8.82 0.81 5.74 16.04 -0.62 16.08 -14.77 0.97 -6.26 -17.53 0 0 0 25.79 17.91 -10.99 -1.51 -7.76 21.97 -0.34 -11.54 -20.51 -0 -0.23 0.62 5.38 -1.68 4.87 1.18 -1.57 -8.8 -1.47 -1.19 -12.4 8.3 2.37 -16.88 -11.76 2.79 8.33 -4.85 0.77 5.56 -0 0 0 -80.06 -8.62 82.4 127.01 -54.13 -91.42 -0 -0 10.66 68.54 -30.2 -51.99 -7.12 0 -0 20.02 -25.15 -27.83 -0 0 0 79.85 13.8 77.24 -132.75 51.83 -96 0 -0 -13.79 -24.39 -49.03 18.9 7.12 -0 -0 42.49 -79.02 -34.51
0.68 17.02 8.15 -10.12 8.76 5.06 0 0 0 -2.39 -19.86 -14.38 2.36 9.57 27.61 0.5 9.78 -20.33 1.36 -7.38 -20.86 0 0 0 27.35 12.22 -15.47 -3.47 -11.42 33.7 -1.69 -9.4 -29.51 -0.01 0.78 -2.16 7.17 -0.77 10.88 0.8 0.29 -7.02 -3.21 -0.49 -13.94 6.99 1.2 -15.97 -12.35 1.02 1.17 -4.89 -0.01 3.05 0 -0 0 -80.87 2.48 79.06 126.4 -54.35 -90.93 -0 -0 12.94 66.23 -30.39 -48.95 -7.12 0 -0 18.7 -23.19 -25.55 0 -0 0 84.61 7.29 81.92 -127.1 54.1 -91.5 0 -0 -13.59 -22.85 -48.4 17.49 7.12 -0 -0 41.44 -78 -32.83
0.5 16.81 8.1 -10.1 13.2 5.11 0 0 0 -0.64 -20.29 -19.58 3.1 10.86 31.8 0.82 5.62 -20.07 1.65 -8.09 -22.98 0 0 0 27.15 8.48 -19.45 -4.22 -12.44 37.31 -1.99 -9.31 -31.36 -0 0.27 -0.73 7.04 1.71 10.5 0.35 3.55 -7.08 -4.34 1.05 -13.36 4.79 -0.65 -14.86 -9.66 -1.23 -0.23 -3.8 -0.96 2.24 -0 0 0 -81.62 3.86 76.37 127.19 -54.07 -91.56 -0 -0 10.97 67.62 -31.59 -51.83 -7.12 0 -0 18.99 -25.81 -26.37 -0 0 0 85.07 7.84 83.93 -127.41 53.99 -91.75 0 -0 -17.37 -26.16 -49.66 20.53 7.12 -0 -0 43.79 -80.15 -36.51
0.44 17.39 8.28 -9.73 16.36 4.48 0 0 0 -2.11 -22.23 -10.5 1.13 6.75 18.97 0.33 6.22 -14.97 1.58 -7.92 -22.47 0 0 0 27.93 6.75 -11.9 -2.04 -8.94 25.6 -1.26 -11.97 -28.58 -0.01 -0.64 1.75 7.68 3 8.46 -0.55 5.23 -8.61 -5.92 1.7 -13.56 3.41 -2.17 -15.84 -7.91 -2.69 7.98 -3.26 -1.75 4.82 0 0 0 -79.39 -2.7 75.32 130.76 -52.68 -94.43 -0 -0 11.96 65.69 -31.55 -49.19 -7.12 0 -0 17.98 -24.01 -24.62 0 0 0 84.56 14.79 84.72 -131.6 52.33 -95.1 0 -0 -14.56 -23.42 -49.77 18.3 7.12 -0 -0 46.65 -79.03 -38.09
0.44 17.77 8.5 -10.08 19.67 5.88 0 0 0 -2.29 -28.95 -2.69 0.17 2.67 7.37 -0.32 12.11 -11.82 1.41 -7.52 -21.26 0 0 0 29.41 10.19 -6.34 -0.83 -5.83 16.29 -0.42 -17.82 -28.57 -0.28 -3.38 9.33 8.23 2.93 2.13 -0.53 4.68 -9.83 -5.69 1.53 -11.12 1.22 -3.69 -16.88 -5.17 -4.41 13.83 -2.34 -2.53 6.85 -0 0 0 -75.9 -12.33 74.17 132.97 -51.72 -96.18 -0 -0 11.99 65.59 -29.7 -47.51 -7.12 0 -0 18.61 -21.82 -25.21 -0 0 0 82.54 23.59 83.22 -134.72 50.9 -97.54 0 -0 -13.94 -25.1 -51.43 20.12 7.12 -0 -0 53.91 -80.53 -45.82
0.51 17.59 8.66 -9.34 18.52 4.58 0 0 0 -7.96 -34.76 10.75 0.01 -0.6 -1.65 -1.83 23.39 -13.16 1.49 -7.7 -21.81 0 0 0 30 12.97 0.9 -0.36 -3.85 10.64 0.05 -21.19 -29.57 -0.57 -4.83 13.44 7.4 2.32 -0.08 0.32 3.72 -10.66 -4.12 1.19 -10.99 -0.33 -4 -13.48 -2.54 -4.92 16.94 -1.27 -2.61 7.37 -0 -0 0 -77.77 -9.51 74.13 129.65 -53.14 -93.54 -0 -0 11.65 66.44 -30.88 -49.64 -7.12 0 -0 18.63 -23.93 -25.57 -0 -0 0 85.42 19.7 83.37 -131.55 52.35 -95.06 0 -0 -13.41 -22.83 -48.58 17.52 7.12 -0 -0 42.14 -78.1 -33.49
0.62 17.48 8.86 -8.88 15.75 4.1 0 0 0 -13.47 -37.88 20.43 0.09 -1.96 -5.4 -3.45 31.12 -18.05 0.81 -5.74 -16.03 0 0 0 30.94 15.76 8.48 -0.04 -1.35 3.72 0.7 -24.11 -29.27 -0.65 -5.17 14.4 6.1 2 -4.06 1.57 2.96 -10.49 -1.84 1.09 -8.62 -1.14 -4.27 -12.48 -1.06 -5.43 18.86 -0.73 -2.77 7.88 0 -0 0 -83.12 1.2 75.79 123.37 -55.34 -88.45 -0 -0 12.63 67.27 -31.56 -51.33 -7.12 0 -0 18.82 -25.46 -26.05 0 -0 0 86.14 9.3 82.4 -127.55 53.94 -91.86 0 -0 -14.15 -20.34 -48.25 15.46 7.12 -0 -0 43.32 -76.88 -33.5
0.68 17.47 8.94 -8.29 13.53 3.47 0 0 0 -12.99 -32.96 18.66 0.07 -1.71 -4.71 -2.52 27.28 -16.81 0.61 -5.01 -13.94 0 0 0 33.12 20.98 15.27 -0 -0.08 0.21 1.48 -28.89 -32.35 -0.89 -6.02 16.84 7.52 1.27 -4.75 0.77 1.9 -10.94 -3.43 0.39 -8.76 -0.82 -4.06 -11.47 1.53 -5.8 19.97 0.04 -2.66 8.15 -0 0 0 -81.14 3.37 77.95 118.91 -56.59 -84.75 -0 -0 9.14 69.03 -31.24 -53.53 -7.12 0 -0 19.89 -26.77 -27.85 -0 0 0 85.7 5.59 81.06 -126.22 54.41 -90.78 0 -0 -19.1 -24.07 -46.58 17.97 7.12 -0 -0 33.63 -77.28 -25.92
0.71 17.56 8.82 -9.3 9.3 4.52 0 0 0 -11.5 -32.33 17.75 0.06 -1.55 -4.26 -2.86 29.26 -19.8 0.27 -3.36 -9.29 0 0 0 31.49 19.25 9.69 -0.04 -1.22 3.36 0.91 -23.29 -26.17 -0.36 -3.83 10.6 7.44 0.91 -4.98 2.57 1.51 -11.34 -1.45 0.27 -9.19 -1.33 -3.56 -11.32 2.17 -5.14 19.96 0.41 -2.33 8.14 0 0 0 -79.48 -8.12 79.62 120.56 -56.16 -86.13 -0 -0 8.07 66.21 -30.16 -48.73 -7.12 0 -0 18.77 -22.91 -25.62 0 0 0 81.79 14.48 79.8 -129.7 53.11 -93.59 0 -0 -17.14 -23.38 -48.9 18.05 7.12 -0 -0 42.89 -78.52 -34.46
0.73 17.62 8.65 -9.58 7.86 5.02 0 0 0 -12.62 -35.24 19.48 0.06 -1.56 -4.29 -3.48 32.34 -23.94 0.07 -1.76 -4.85 0 0 0 29.73 17.92 4.49 -0.18 -2.72 7.49 0.54 -18.7 -21.41 -0.22 -3 8.29 7.18 0.02 -2.94 2.89 0.56 -11.75 -0.92 -0.22 -10.94 -0.41 -3.21 -11.51 3.69 -5.14 19.11 0.76 -2.12 7.91 -0 -0 0 -77.47 -15.76 82.7 120.04 -56.3 -85.69 -0 -0 5.75 66.65 -29.66 -48.91 -7.12 0 -0 19.19 -22.74 -26.22 -0 -0 0 79.68 16.89 75.54 -132.56 51.91 -95.86 0 -0 -16.68 -25.21 -47.43 19.13 7.12 -0 -0 35.19 -78.35 -27.9
0.74 17.61 8.5 -10.79 7.77 5.5 0 0 0 -8.73 -33.19 15.02 0.03 -1.11 -3.06 -2.98 30.09 -21.63 0.24 -3.17 -8.74 0 0 0 30.44 19.53 3.24 -0.22 -3.01 8.31 0.4 -17.91 -21.49 -0.17 -2.67 7.37 7.48 -0.9 -2.24 3.6 -0.59 -11.09 -0.25 -0.75 -10.69 -1.62 -3.46 -12.2 5.83 -5.54 16.66 1.61 -2.23 7.34 0 -0 0 -82.13 -12.03 85.24 114.54 -57.6 -81.08 -0 -0 7.25 66.75 -30.23 -49.53 -7.12 0 -0 19.04 -23.49 -26.1 0 -0 0 81.39 9.16 73.51 -133.13 51.65 -96.31 0 -0 -15.02 -23.43 -47.74 17.78 7.12 -0 -0 38.34 -77.82 -30.12
0.69 17.5 8.4 -8.87 5.2 5.96 0 0 0 -11.97 -33.87 16.44 0.03 -1.14 -3.13 -3.69 32.99 -23.87 0.09 -1.93 -5.32 0 0 0 28.75 21.35 4.43 -0.15 -2.47 6.8 0.48 -18.27 -21.29 -0.11 -2.18 5.99 5.72 -0.29 -0.74 1.92 0.07 -10.06 -1.14 -0.35 -10.3 -1.49 -3.89 -12.75 8.01 -6.2 12.22 2.22 -2.46 6.11 0 0 0 -83.29 -6.09 87.83 110.77 -58.31 -77.89 -0 -0 7.49 67.04 -31.12 -50.67 -7.12 0 -0 18.86 -24.76 -26.03 0 0 0 84.02 0.29 71.2 -133.52 51.47 -96.61 0 -0 -14.47 -23.34 -46.54 17.39 7.12 -0 -0 34.37 -76.95 -26.3
0.67 17.58 8.26 -9.49 3.97 7.24 0 0 0 -9.62 -33.68 13.38 0.02 -0.81 -2.21 -3.61 32.69 -23.68 0.04 -1.21 -3.34 0 0 0 28.12 20.74 1.31 -0.17 -2.68 7.39 0.25 -15.96 -20.01 -0.01 -0.73 2.01 4.33 -0.91 -0.59 3 -0.77 -9.64 0.84 -0.58 -9.92 -0.56 -3.12 -12.96 7.1 -4.98 9.22 1.9 -1.98 5.1 0 -0 0 -82.5 -9.89 90.32 112.64 -57.97 -79.47 -0 -0 6.68 65.79 -30.67 -48.61 -7.12 0 -0 18.37 -23.12 -25.05 0 -0 0 81.27 0.49 70.3 -136.85 49.83 -99.19 0 -0 -14.26 -23.09 -46.08 17.07 7.12 -0 -0 33.23 -76.52 -25.1
0.63 17.61 8.1 -10.17 6.22 7.3 0 0 0 -5.8 -31.55 7.67 0 0.06 0.17 -2.41 27.4 -19.45 0.09 -1.97 -5.42 0 0 0 29.19 21.4 2.11 -0.1 -2.09 5.74 0.66 -19.67 -21.85 -0.02 -0.93 2.56 4.03 -1.95 1.32 2.85 -2.08 -9.69 1.04 -1.21 -11.14 -1.05 -3.54 -13.23 8.57 -5.57 8.37 2.38 -2.2 4.96 -0 0 0 -81.43 -19.86 90.87 116.2 -57.24 -82.48 -0 -0 7.2 66.11 -30.19 -48.62 -7.12 0 -0 18.71 -22.85 -25.52 -0 0 0 80.55 8.92 68.4 -139.53 48.35 -101.21 0 -0 -12.51 -25.02 -46.85 18.81 7.12 -0 -0 33.37 -77.86 -26.09
0.59 17.61 8.03 -11.22 7.22 7.52 0 0 0 -3.82 -32.13 6.92 0 -0.13 -0.37 -2.52 27.62 -18.47 0.17 -2.68 -7.38 0 0 0 30.17 20.55 2.15 -0.06 -1.57 4.33 1.27 -23.82 -23.81 -0.15 -2.47 6.8 4.39 -1.18 2 2.32 -1.01 -9.75 0.17 -0.75 -11.63 -2.01 -4.78 -13.84 8.85 -7.09 8.18 2.48 -2.95 5.13 0 -0 0 -81.95 -20.23 88.86 117.25 -57 -83.36 -0 -0 7.71 65.19 -29.99 -47.23 -7.12 0 -0 18.3 -21.79 -24.74 0 -0 0 81.29 11.62 68.8 -139.1 48.6 -100.89 0 -0 -13.61 -25.82 -47.08 19.51 7.12 -0 -0 33.19 -78.36 -26.26
0.49 17.59 8.06 -11.93 10.48 7.32 0 0 0 -2.38 -34.09 6.32 0 -0.11 -0.31 -2.5 27.26 -17.13 0.32 -3.66 -10.12 0 0 0 31.07 18.91 1.58 -0.06 -1.51 4.17 1.12 -23.38 -24.39 -0.28 -3.4 9.38 1.59 -0.28 2.27 2.47 0 -9.12 1.76 0.01 -11 -3.61 -6.47 -14.9 11.32 -9.1 5.64 3.3 -3.86 4.83 -0 0 0 -82.55 -12.56 87.61 113.88 -57.73 -80.53 -0 -0 7.12 66.02 -30.37 -48.65 -7.12 0 -0 18.6 -22.97 -25.37 -0 0 0 83.01 5.91 71.43 -134.72 50.9 -97.55 0 -0 -13.77 -24.7 -46.92 18.57 7.12 -0 -0 33.99 -77.78 -26.54
0.41 17.53 8.11 -14.94 16.89 5.58 0 0 0 1.46 -37.06 5.41 0 -0.1 -0.27 -2.27 25.74 -13.81 0.78 -5.65 -15.76 0 0 0 34.96 17.03 2.92 -0.02 -0.95 2.62 0.97 -24.75 -28.35 -0.81 -5.76 16.09 4.44 0.21 4.46 1.48 0.97 -9.36 -1.02 0.15 -12.61 -5.23 -8.62 -13.78 15.72 -11.88 3.01 4.68 -5.13 4.47 -0 0 0 -79.34 -7.53 86.33 113.99 -57.71 -80.62 -0 -0 3.49 66.82 -32.11 -51.15 -7.12 0 -0 18.36 -25.64 -25.4 -0 0 0 85.17 3 73.49 -132.03 52.14 -95.44 0 -0 -16.49 -23.94 -49.48 18.65 7.12 -0 -0 44.91 -79.09 -36.64
0.37 17.54 8.15 -14.53 22.73 5.33 0 0 0 1.52 -40.46 3.85 0 -0.1 -0.27 -2.02 24.25 -11.13 1.2 -6.96 -19.58 0 0 0 34.45 15.82 2.66 -0.01 -0.72 1.98 0.98 -26.76 -31.83 -1.4 -7.48 21.16 4.23 1.04 3.63 0.67 2 -10.06 -1.93 0.62 -12.83 -7.25 -10.17 -12.57 15.9 -14.01 5.01 4.82 -6.16 5.26 -0 -0 0 -79.11 -13.9 84.63 118.58 -56.68 -84.47 -0 -0 5.77 66.98 -30.48 -50.05 -7.12 0 -0 19.07 -23.98 -26.23 -0 -0 0 83.52 10.17 73.68 -134.97 50.78 -97.73 0 -0 -14.7 -25.02 -48.72 19.33 7.12 -0 -0 40.52 -79.1 -32.9
0.36 17.56 8.28 -13.62 26.29 4.59 0 0 0 0.25 -40.67 3.78 0 -0.25 -0.69 -1.55 21.43 -9.29 1.42 -7.55 -21.34 0 0 0 34.05 15.16 3.02 -0.03 -1.12 3.07 0.79 -27.42 -34.1 -1.8 -8.44 24.07 4.86 1.94 3.12 -0.5 3.2 -10.94 -3.73 1.03 -13.39 -8.61 -10.6 -10.85 15.54 -14.79 7.4 4.87 -6.58 5.86 -0 -0 0 -77.81 -17.7 82.07 120.08 -56.29 -85.72 -0 -0 6.54 66.59 -30.1 -49.2 -7.12 0 -0 19 -23.18 -26 -0 -0 0 82.67 14.97 73.58 -136.24 50.14 -98.72 0 -0 -14.55 -24.7 -49.55 19.29 7.12 -0 -0 44.52 -79.45 -36.6
0.42 17.55 8.43 -13.55 28.24 3.3 0 0 0 -1.2 -39.65 5.03 0 -0.35 -0.95 -1.25 19.37 -8.19 1.76 -8.35 -23.8 0 0 0 34.14 13.45 2.68 -0.09 -1.92 5.28 0.44 -24.15 -31.21 -0.98 -6.3 17.65 5.44 2.33 1.75 -0.22 3.73 -10.78 -3.73 1.3 -12.28 -8.89 -10.6 -11.47 14.83 -14.78 8.76 4.65 -6.56 6.35 0 0 0 -78.06 -12.26 80.84 119.98 -56.32 -85.64 -0 -0 8.15 65.81 -30.43 -48.43 -7.12 0 -0 18.46 -22.86 -25.15 0 0 0 85.54 11.69 75.61 -133.66 51.41 -96.72 0 -0 -14.2 -22.67 -48.22 17.3 7.12 -0 -0 40.92 -77.81 -32.25
0.49 17.5 8.55 -11.53 28.84 2.81 0 0 0 -4.94 -38.49 7.13 0 -0.4 -1.09 -1.05 17.85 -8.38 1.69 -8.18 -23.26 0 0 0 32.22 11.84 3.52 -0.13 -2.35 6.46 0.39 -24.61 -32.25 -0.68 -5.28 14.72 5.4 2.46 1.77 -0.81 3.8 -10.08 -4.33 1.34 -11.43 -8.59 -10.75 -11.69 16.22 -14.82 6.01 5.05 -6.56 5.64 -0 -0 0 -78.85 -3.38 80.08 115.52 -57.39 -81.91 -0 -0 6.09 63.76 -30.45 -45.8 -7.12 0 -0 17.38 -21.11 -23.3 -0 -0 0 87.89 4.4 76.04 -128.7 53.51 -92.78 0 -0 -17.22 -21.48 -48.88 16.52 7.12 -0 -0 44.61 -77.72 -35.27
0.55 17.5 8.59 -10.73 26.74 3 0 0 0 -6.53 -37.32 8.51 0.01 -0.47 -1.29 -1.19 18.98 -9.12 1.56 -7.88 -22.35 0 0 0 31.39 12.37 3.76 -0.17 -2.68 7.39 0.36 -23.78 -31.19 -0.55 -4.74 13.18 6.2 2.47 1.91 -0.47 3.93 -10.32 -4.44 1.33 -11.77 -8.16 -10.19 -11.36 17.07 -14.09 5.12 5.37 -6.2 5.27 0 0 0 -77.92 -3.61 80.79 116.49 -57.17 -82.72 -0 -0 4.88 64.43 -30.24 -46.47 -7.12 0 -0 17.8 -21.43 -23.97 0 0 0 85.39 5.53 77.1 -129.42 53.22 -93.37 0 -0 -18.54 -20.58 -49.48 15.93 7.12 -0 -0 47.72 -77.69 -37.86
0.62 17.57 8.57 -9.57 22.85 4.69 0 0 0 -8.2 -37.49 9.23 0 -0.41 -1.11 -1.79 22.96 -10.79 1.31 -7.25 -20.47 0 0 0 29.76 14.5 3.61 -0.15 -2.51 6.92 0.43 -22.75 -29.11 -0.45 -4.3 11.93 6.37 2.41 1.72 0.53 3.99 -11.07 -3.46 1.36 -12.59 -7.17 -9.32 -12.49 15.49 -13.05 6.76 4.79 -5.64 5.63 -0 -0 0 -76.62 -14.12 81.3 119.37 -56.48 -85.14 -0 -0 4.82 66.04 -29.58 -48.01 -7.12 0 -0 18.9 -22.08 -25.67 -0 -0 0 81.89 14.01 75.1 -133.34 51.56 -96.47 0 -0 -17.26 -21.6 -49.15 16.68 7.12 -0 -0 45.57 -77.93 -36.24
0.74 17.6 8.51 -9.42 18.92 5.95 0 0 0 -8.53 -37.17 9.4 0 -0.43 -1.18 -2.3 25.81 -13.18 0.87 -5.93 -16.59 0 0 0 29 17.11 3.66 -0.12 -2.22 6.11 0.56 -22.25 -27.29 -0.3 -3.55 9.8 7.23 1.59 1.75 2.47 3.15 -11.04 -1.72 0.98 -12.78 -5.18 -7.6 -13.06 13.53 -10.64 5.86 4.13 -4.55 4.94 0 0 0 -74.04 -22.03 81.71 120.43 -56.19 -86.02 -0 -0 3.65 66.71 -30.63 -49.81 -7.12 0 -0 18.87 -23.9 -25.92 0 0 0 80.2 19.53 71.34 -135.26 50.64 -97.96 0 -0 -17.46 -21.37 -50.22 16.74 7.12 -0 -0 50.2 -78.39 -40.62
0.91 17.62 8.47 -7.86 13.86 7.19 0 0 0 -11.78 -36.94 11.55 0.01 -0.68 -1.87 -3.19 29.98 -16.54 0.43 -4.2 -11.64 0 0 0 26.62 20.15 3.72 -0.13 -2.31 6.38 0.64 -21.56 -25.42 -0.16 -2.59 7.15 7.19 0.39 2.18 4.49 1.66 -10.1 0.66 0.42 -12.13 -2.1 -5.12 -14.45 9 -7.18 4.11 2.55 -3.08 3.99 0 -0 0 -76.41 -18.26 84.23 118.05 -56.81 -84.03 -0 -0 4.81 65.65 -30.61 -48.37 -7.12 0 -0 18.31 -22.92 -24.94 0 -0 0 82.44 14.53 71.38 -134.85 50.84 -97.65 0 -0 -15.69 -22.75 -47.94 17.29 7.12 -0 -0 39.83 -77.67 -31.23
1.1 17.56 8.45 -5.78 7.71 8.76 0 0 0 -15.33 -35.73 12.85 0.02 -1 -2.75 -3.88 33.01 -21.07 0.09 -1.97 -5.41 0 0 0 23.01 23.18 2.37 -0.17 -2.67 7.35 0.59 -19.96 -23.1 -0.02 -0.86 2.38 8.57 -0.78 2.1 4.93 0.06 -8.74 0.52 -0.42 -10.6 1.76 -2.04 -15.59 4.4 -3.29 1.22 0.9 -1.41 3.2 -0 0 0 -79.81 -10.25 85.97 113.2 -57.87 -79.95 -0 -0 4.25 64.66 -30.3 -46.82 -7.12 0 -0 17.91 -21.7 -24.16 -0 0 0 82.96 7.95 71.11 -132.55 51.92 -95.84 0 -0 -18.5 -21.83 -49.09 16.84 7.12 -0 -0 45.1 -77.98 -35.89
1.28 17.58 8.47 -5.85 1.83 10.36 0 0 0 -16.99 -36.54 14.67 0.04 -1.3 -3.58 -5.07 37.6 -27.64 0.01 0.69 1.89 0 0 0 21.39 25.78 0.19 -0.21 -2.98 8.22 0.39 -17.11 -20.22 -0.01 0.48 -1.33 9.3 -2.43 1.74 6.54 -1.97 -9.51 2.16 -1.42 -11.41 4.81 1.11 -13.5 -0.06 0.68 2.87 -0.83 0.4 3.36 0 -0 0 -79.78 -12.18 88.83 115.14 -57.47 -81.59 -0 -0 5.03 67.39 -30.11 -50.3 -7.12 0 -0 19.42 -23.95 -26.75 0 -0 0 78.28 8.51 70.68 -135.7 50.42 -98.3 0 -0 -18.43 -21.83 -48.16 16.62 7.12 -0 -0 41.55 -77.43 -32.48
1.38 17.65 8.54 -4.88 -4.78 11.48 0 0 0 -19.79 -36.43 15.7 0.03 -1.2 -3.31 -5.12 40.02 -35.93 0.37 3.9 10.8 0 0 0 18.86 28.6 -1.04 -0.2 -2.91 8.02 0.23 -14.47 -17.78 -0.03 1.13 -3.11 7.85 -3.28 0.43 6.72 -3.38 -10.08 3.27 -2 -11.18 7.67 3.18 -12.55 -3.62 3.32 6.77 -2.11 1.63 4.25 -0 0 0 -78.59 -20.37 89.87 119.62 -56.41 -85.34 -0 -0 4.65 66.24 -29.53 -48.23 -7.12 0 -0 19.02 -22.2 -25.87 -0 0 0 76.86 15.85 65.97 -137.54 49.46 -99.71 0 -0 -17.19 -21.9 -51.58 17.48 7.12 -0 -0 56.19 -79.21 -46.66
1.42 17.65 8.62 -4.3 -13.16 11.35 0 0 0 -23.23 -34.61 18.41 0.04 -1.29 -3.54 -3.27 40.97 -46.59 1.37 7.41 20.93 0 0 0 17.46 31.03 -1.95 -0.25 -3.23 8.91 -0.07 -9.69 -14.91 -0.13 2.35 -6.46 7.53 -3.86 0.05 6.01 -4.33 -10.29 2.77 -2.5 -11.21 10.08 5.54 -10.96 -6.56 6.61 8.58 -3.15 3.19 4.92 0 0 0 -77.68 -18.37 88.99 121.05 -56.02 -86.53 -0 -0 5.61 65.09 -32.4 -49.09 -7.12 0 -0 17.34 -24.43 -23.73 0 0 0 79.91 15.55 65.85 -135.99 50.28 -98.52 0 -0 -18 -20.73 -50.91 16.37 7.12 -0 -0 53.73 -78.45 -43.75
1.44 17.55 8.69 -5.43 -23.4 11.96 0 0 0 -25.67 -32.98 21.49 0.05 -1.47 -4.05 1.59 41.37 -60.32 2.82 10.4 30.3 0 0 0 17.54 33.69 -4.8 -0.43 -4.19 11.6 -0.39 -1.53 -12.48 -0.24 3.13 -8.65 8.02 -3.52 -1.13 5.99 -4.08 -9.73 2.29 -2.43 -9.89 11.73 8.07 -9.89 -8.54 10.17 9.02 -3.71 4.89 5.37 -0 -0 0 -80.04 -8.02 87.65 117.96 -56.83 -83.95 -0 -0 8.56 65.7 -31.27 -48.98 -7.12 0 -0 18.09 -23.71 -24.74 -0 -0 0 83.11 9.14 69.43 -131.28 52.46 -94.85 0 -0 -16.13 -19.86 -47.95 15.02 7.12 -0 -0 42.76 -76.51 -32.73
1.44 17.5 8.76 -5.56 -29.47 11.45 0 0 0 -28 -31.18 23.84 0.07 -1.67 -4.58 5.87 39.9 -67.58 3.87 11.99 35.69 0 0 0 17.76 35.07 -4.96 -0.5 -4.55 12.64 -0.4 3.02 -11.31 -0.32 3.65 -10.09 7 -3.52 -1.78 5.83 -4.27 -9.51 2.61 -2.45 -9.17 12.18 9.6 -9.79 -7.73 12.24 11.32 -3.27 5.97 6.27 -0 -0 0 -81.53 -3.32 87.21 114.43 -57.62 -80.99 -0 -0 6.07 65.48 -31.54 -48.9 -7.12 0 -0 17.88 -23.81 -24.43 -0 -0 0 80.98 5.77 69.4 -128.6 53.54 -92.7 0 -0 -19.63 -20.04 -51.13 15.85 7.12 -0 -0 55.13 -78.26 -44.81
1.46 17.55 8.74 -5.85 -29.32 11.6 0 0 0 -27.79 -31.77 24.1 0.07 -1.69 -4.66 6.86 38.7 -68.61 4.23 12.46 37.39 0 0 0 18.23 35.63 -4.15 -0.43 -4.22 11.7 -0.38 1.69 -11.14 -0.25 3.19 -8.8 6.84 -4.3 -2.16 5.48 -5.32 -10.84 2.5 -3.01 -10.5 12.19 9.86 -9.82 -5.74 12.48 15.66 -2.54 6.25 7.57 -0 -0 0 -81 -11.06 88.37 119.56 -56.43 -85.29 -0 -0 7.87 67 -30.02 -49.69 -7.12 0 -0 19.25 -23.48 -26.41 -0 -0 0 77.48 13.45 69.07 -132.88 51.77 -96.11 0 -0 -18.3 -18.92 -49.16 14.54 7.12 -0 -0 47.91 -76.84 -37.28
1.43 17.6 8.68 -6.15 -26.22 11.61 0 0 0 -26.03 -32.29 23.39 0.07 -1.7 -4.68 3.92 39.7 -63.62 3.55 11.53 34.09 0 0 0 19.29 35.13 -2.72 -0.34 -3.75 10.37 -0.34 -1.67 -11.7 -0.17 2.65 -7.31 6.34 -4.79 -2.34 4.81 -6.02 -11.68 2.17 -3.35 -11.38 11.25 9.17 -11.1 -3.8 11.24 17.86 -1.84 5.75 8.24 0 -0 0 -81.95 -16.41 87.77 122.99 -55.46 -88.13 -0 -0 8.84 66.76 -29.41 -48.83 -7.12 0 -0 19.34 -22.55 -26.41 0 -0 0 75.9 19.32 66.59 -135.58 50.48 -98.21 0 -0 -18.18 -19.69 -50.83 15.5 7.12 -0 -0 54.01 -77.98 -43.56
1.3 17.59 8.59 -6.8 -23.08 10.74 0 0 0 -24.2 -32.14 23.57 0.07 -1.65 -4.55 2.1 39.69 -59.67 3.09 10.84 31.75 0 0 0 21.31 33.06 -1.45 -0.32 -3.61 9.98 -0.33 -2.68 -12.16 -0.09 1.94 -5.34 6.57 -4.13 -2.34 2.29 -5.31 -10.87 -0.78 -3.14 -10.71 11.14 7.49 -13.56 -1.25 8.08 17.22 -1.29 4.45 8.11 -0 0 0 -81.35 -9.88 87.72 120.85 -56.08 -86.37 -0 -0 11.19 65.35 -32.09 -49.18 -7.12 0 -0 17.6 -24.31 -24.09 -0 0 0 81.52 13.32 69.15 -134.01 51.24 -96.99 0 -0 -15.79 -19.27 -48.44 14.66 7.12 -0 -0 45 -76.57 -34.62
1.17 17.5 8.47 -10.13 -19.1 10.52 0 0 0 -21.4 -34.37 26.43 0.07 -1.75 -4.8 0.91 41.55 -59.02 2.62 10.06 29.16 0 0 0 26 29.61 -1.35 -0.37 -3.89 10.77 -0.41 -1.89 -12.94 -0.1 1.99 -5.49 6.24 -3.18 -0.51 3.26 -3.79 -10.29 0.39 -2.28 -10.92 7.68 5.48 -14.86 0.49 5.63 15.9 -0.46 3.2 7.57 -0 0 0 -83.96 -0.26 82.81 113.01 -57.9 -79.79 -0 -0 6.83 66.08 -30.92 -49.2 -7.12 0 -0 18.43 -23.65 -25.22 -0 0 0 83.35 6.24 72.87 -126.67 54.25 -91.14 0 -0 -20.6 -20.02 -49.59 15.51 7.12 -0 -0 48.62 -77.51 -38.48
1.03 17.54 8.34 -9.13 -13.61 10.12 0 0 0 -20.86 -37.87 25.56 0.05 -1.48 -4.07 -1.8 42.93 -54.32 1.85 8.55 24.4 0 0 0 25.22 27.8 -1.86 -0.33 -3.68 10.17 -0.32 -5.29 -13.91 -0.07 1.74 -4.78 3.19 -1.11 0.29 1.9 -1.2 -10.63 0.41 -0.8 -11.56 3.41 1.15 -15.64 3.86 0.02 15.65 0.71 0.58 7.41 0 -0 0 -82.1 -5.66 83.96 117.11 -57.03 -83.24 -0 -0 8.1 67.52 -30.56 -50.87 -7.12 0 -0 19.33 -24.58 -26.7 0 -0 0 81.23 8.96 73.83 -130.42 52.83 -94.16 0 -0 -17.97 -20.16 -47.31 15.1 7.12 -0 -0 40.35 -76.22 -30.54
0.89 17.62 8.22 -8.76 -4.72 9.39 0 0 0 -15.22 -37.22 18.59 0.03 -1.03 -2.83 -5.3 40.85 -37.39 0.34 3.72 10.3 0 0 0 25.66 25.26 -0.73 -0.22 -3.04 8.38 -0.04 -10.91 -16.12 -0 0.31 -0.84 3.59 -0.23 1.5 0.22 -0.03 -10.75 -1.75 -0.37 -12.44 -0.51 -2.94 -15.73 6.48 -5.21 16.57 1.63 -1.88 7.92 -0 -0 0 -83.42 -15.49 82.2 122.43 -55.63 -87.67 -0 -0 9.3 66.46 -30.47 -49.33 -7.12 0 -0 18.79 -23.49 -25.74 -0 -0 0 79.21 17.91 71.8 -135.96 50.29 -98.5 0 -0 -16.38 -21.79 -48.56 16.68 7.12 -0 -0 43.09 -77.66 -33.94
0.74 17.61 8.12 -9.89 3.44 6.89 0 0 0 -10.93 -35.7 14.9 0.01 -0.68 -1.87 -4.97 36.74 -24.61 0.03 -1.15 -3.16 0 0 0 28.37 21.89 0.86 -0.24 -3.14 8.67 0.12 -14.45 -19.16 -0.03 -1.06 2.92 5.14 -0.39 4.1 0.07 0.01 -9.48 -2.8 -0.49 -12.59 -3.05 -5.26 -14.71 8.55 -8 13.93 2.42 -3.27 7.17 0 0 0 -85.36 -14.4 80.13 124.84 -54.88 -89.65 -0 -0 8.58 65.33 -30.65 -47.98 -7.12 0 -0 18.13 -22.68 -24.63 0 0 0 79.21 19.59 73.45 -136.8 49.85 -99.15 0 -0 -16.71 -23.24 -50.37 18.3 7.12 -0 -0 49.55 -79.25 -40.81
0.6 17.55 8.13 -9.58 8.72 5.06 0 0 0 -10.35 -35.38 13.81 0.01 -0.47 -1.3 -3.94 32.99 -19.6 0.31 -3.56 -9.84 0 0 0 28.68 18.69 0.73 -0.35 -3.78 10.45 0.01 -15.51 -21.88 -0.07 -1.73 4.76 4.24 -0.28 4.91 -0.15 0.06 -8.15 -2.55 -0.34 -11.52 -4.74 -7.26 -13.84 11.06 -10.56 11.19 3.23 -4.48 6.54 0 0 0 -84.85 -6.01 79.17 119.4 -56.47 -85.16 -0 -0 5.19 64.48 -31.13 -47.28 -7.12 0 -0 17.5 -22.49 -23.69 0 0 0 83.11 11.38 74.89 -132.33 52.01 -95.68 0 -0 -18.14 -22.4 -53.08 18.24 7.12 -0 -0 63.94 -79.9 -54.41
0.53 17.51 8.15 -9.43 11.8 4.66 0 0 0 -9.7 -35.66 12.72 0 -0.4 -1.09 -3.25 30.31 -17.3 0.5 -4.53 -12.59 0 0 0 28.97 17.66 0.81 -0.37 -3.9 10.8 0.04 -16.92 -23.58 -0.16 -2.59 7.13 4.13 -0.11 4.64 0.23 0.31 -7.89 -2.11 -0.17 -11.05 -5.89 -8.3 -12.01 11.03 -11.61 9.14 3.36 -5.16 5.74 0 -0 0 -83.02 -3.87 80.16 119.95 -56.32 -85.62 -0 -0 3.13 64.28 -31.83 -47.59 -7.12 0 -0 17.14 -23.1 -23.25 0 -0 0 84.71 6.88 73.44 -133.25 51.6 -96.39 0 -0 -18.12 -21.78 -52.79 17.65 7.12 -0 -0 62.45 -79.57 -52.7
0.54 17.58 8.11 -9.32 12.99 5.35 0 0 0 -9.13 -36.59 11.4 0 -0.42 -1.16 -3.26 30.22 -16.45 0.51 -4.6 -12.76 0 0 0 28.78 18.4 1.27 -0.26 -3.28 9.07 0.31 -18.72 -23.77 -0.23 -3.08 8.49 5.85 -0.2 5.35 -0.26 0.44 -9.62 -3.64 -0.39 -13.52 -5.7 -8.31 -10.06 10.77 -11.91 11.24 3.26 -5.33 6.06 -0 0 0 -81.26 -9.27 81.33 126.32 -54.38 -90.86 -0 -0 7.55 65.86 -31.24 -49.16 -7.12 0 -0 18.19 -23.81 -24.89 -0 0 0 84.36 12.49 74.31 -138.47 48.95 -100.42 0 -0 -15.42 -24.93 -50.45 19.71 7.12 -0 -0 48.71 -80.02 -40.73
0.61 17.6 8.12 -9.54 12.22 5.55 0 0 0 -8.93 -35.95 11.32 0.01 -0.57 -1.56 -3.35 30.59 -16.68 0.44 -4.27 -11.83 0 0 0 29.1 19.61 2.74 -0.17 -2.67 7.36 0.5 -19.81 -23.73 -0.25 -3.2 8.83 6.74 -0.32 4.62 0.3 0.39 -9.61 -3.5 -0.45 -13.07 -4.5 -8.02 -10.73 9.28 -11.49 11.69 2.63 -5.14 6.12 -0 0 0 -83.16 -6.87 80.4 127.06 -54.12 -91.46 -0 -0 9.46 64.97 -31.73 -48.41 -7.12 0 -0 17.54 -23.59 -23.9 -0 0 0 85.71 11.73 74.55 -137.78 49.33 -99.89 0 -0 -14.35 -23.85 -49.82 18.66 7.12 -0 -0 46.52 -79.24 -38.15
0.7 17.52 8.12 -9.2 9.09 5.1 0 0 0 -9.72 -32.9 11.56 0 -0.35 -0.97 -3.06 29.59 -17.4 0.39 -4.01 -11.09 0 0 0 28.76 20.21 3.61 -0.18 -2.7 7.45 0.48 -18.88 -22.29 -0.11 -2.11 5.8 6.67 0.08 4.74 0.89 0.91 -8.27 -2.9 -0.08 -11.51 -3.84 -7.46 -12.22 9.38 -10.56 8.98 2.63 -4.69 5.42 -0 0 0 -84.19 0.29 79.49 119.44 -56.46 -85.19 -0 -0 3.46 64.56 -31.96 -48.06 -7.12 0 -0 17.24 -23.49 -23.45 -0 0 0 85.82 5.13 74.32 -131.78 52.25 -95.24 0 -0 -17.21 -21.09 -54.3 17.39 7.12 -0 -0 70.73 -79.6 -60.48
0.79 17.54 8.09 -8.25 6.13 6.16 0 0 0 -11.15 -32.73 11.53 0 -0.31 -0.84 -3.43 31.34 -19.94 0.16 -2.55 -7.04 0 0 0 26.79 21.2 1.64 -0.25 -3.21 8.87 0.29 -16.89 -21.02 -0.04 -1.34 3.69 6 0.1 4.34 1.31 0.89 -8.68 -2.06 -0.03 -11.74 -3.31 -6.3 -11.83 8.67 -9.03 9.51 2.48 -3.97 5.36 -0 0 0 -82.31 -1.78 81.08 121.09 -56.01 -86.56 -0 -0 5.38 65.63 -31.7 -49.23 -7.12 0 -0 17.89 -24.12 -24.5 -0 0 0 84.58 6.48 75.45 -133.51 51.48 -96.61 0 -0 -17.56 -24.9 -50.76 19.78 7.12 -0 -0 50.36 -80.15 -42.31
0.88 17.58 8.05 -8.56 4.45 7.09 0 0 0 -10.97 -33.23 11.52 0.01 -0.49 -1.36 -3.83 32.94 -21.45 0.07 -1.66 -4.57 0 0 0 26.48 22.7 1.03 -0.23 -3.09 8.53 0.32 -16.65 -20.3 -0.03 -1.18 3.24 6.06 -0.5 3.62 2.41 0.17 -9.28 -0.79 -0.34 -12.06 -2.42 -4.96 -11.95 6.98 -7.33 12.23 1.95 -3.16 6.02 0 0 0 -81.97 -11.47 80.49 124.85 -54.87 -89.66 -0 -0 7.02 66.96 -30.1 -49.7 -7.12 0 -0 19.2 -23.53 -26.35 0 0 0 83.01 15.67 74.86 -136.67 49.92 -99.05 0 -0 -15.75 -26.08 -52.75 21.29 7.12 -0 -0 61.63 -81.38 -53.71
0.96 17.59 8.07 -8.3 2.98 7.5 0 0 0 -11.04 -31.82 10.69 0 -0.44 -1.2 -3.6 32.27 -21.84 0.03 -1.17 -3.23 0 0 0 26.08 24.36 1.91 -0.18 -2.74 7.55 0.47 -17.49 -19.95 -0.03 -1.08 2.98 6.04 -0.83 2.84 2.9 -0.32 -9.15 -0.2 -0.53 -11.46 -1.71 -4.12 -12.42 5.67 -6.11 12.2 1.53 -2.62 5.97 -0 0 0 -83.38 -9.93 80.38 124.14 -55.1 -89.08 -0 -0 8.55 67.69 -30.35 -50.92 -7.12 0 -0 19.5 -24.5 -26.94 -0 0 0 81.77 15.36 75.97 -136.35 50.09 -98.8 0 -0 -15.85 -26.04 -51.03 20.8 7.12 -0 -0 51.16 -80.77 -43.56
1.03 17.54 8.13 -8.04 0.43 7.46 0 0 0 -12.4 -30.96 12.02 0.01 -0.53 -1.45 -3.86 33.47 -23.74 0.01 -0.51 -1.39 0 0 0 25.49 24.42 1.78 -0.2 -2.88 7.94 0.28 -15.56 -18.91 -0 -0.26 0.71 7 -0.34 3.37 2.35 0.41 -8.88 -1.42 -0.29 -11.45 -0.49 -3.58 -13.68 4.87 -5.42 10.95 1.13 -2.3 5.71 0 -0 0 -84.81 1.28 80.53 117.98 -56.83 -83.97 -0 -0 6.57 65.69 -30.75 -48.54 -7.12 0 -0 18.28 -23.12 -24.92 0 -0 0 84.17 4.49 75.92 -130.54 52.78 -94.25 0 -0 -17.58 -21.93 -51.52 17.49 7.12 -0 -0 55.9 -79.21 -46.39
1.06 17.53 8.12 -7.6 -0.85 7.68 0 0 0 -13.5 -31.66 12.86 0.01 -0.58 -1.58 -4.09 34.66 -25.98 0.01 0.69 1.9 0 0 0 24.56 25.01 0.69 -0.26 -3.31 9.14 0.19 -14.65 -18.59 -0 0.37 -1.03 6.56 -0.39 4.45 2.34 0.41 -9.05 -1.18 -0.28 -12.31 0.3 -2.92 -14.09 4.45 -4.57 9.89 0.95 -1.9 5.39 0 0 0 -82.93 4.51 81.52 118.19 -56.77 -84.15 -0 -0 4.99 65.1 -31.1 -48.05 -7.12 0 -0 17.84 -22.99 -24.26 0 0 0 85.01 0.72 75.68 -130.5 52.79 -94.23 0 -0 -19 -22.6 -50.74 17.87 7.12 -0 -0 51.72 -79.16 -42.63
1.09 17.58 8.14 -7.82 -0.3 8.42 0 0 0 -13.19 -32.66 12.49 0.01 -0.65 -1.78 -4.42 35.45 -25.39 0 0.21 0.58 0 0 0 24.59 25.22 0.57 -0.22 -3.05 8.42 0.28 -15.32 -18.51 -0 0.15 -0.42 6.78 -0.89 3.53 2.75 -0.25 -9.76 -0.74 -0.61 -12.63 0.21 -2.6 -13.94 4.23 -4.2 12.1 0.92 -1.69 6.05 -0 -0 0 -81.83 -3.27 81.43 125.33 -54.71 -90.06 -0 -0 9.12 68.01 -30.13 -51.19 -7.12 0 -0 19.76 -24.56 -27.34 -0 -0 0 83.46 10.44 76.76 -135.44 50.55 -98.1 0 -0 -15.52 -23.47 -52.18 18.93 7.12 -0 -0 58.71 -80.09 -49.78
1.1 17.6 8.16 -7.62 -0.17 8.47 0 0 0 -13.49 -32.81 12.62 0.01 -0.71 -1.95 -4.48 35.58 -25.33 0 0.23 0.64 0 0 0 24.41 25.42 1.16 -0.19 -2.77 7.64 0.37 -15.93 -18.46 -0 0.11 -0.3 6.1 -0.96 2.64 3.1 -0.47 -9.4 0.01 -0.61 -11.63 0.17 -2.53 -14.5 3.78 -4.06 12.54 0.79 -1.65 6.27 0 -0 0 -82.44 -5.93 80.96 128.26 -53.67 -92.43 -0 -0 10.96 67.94 -29.29 -50.36 -7.12 0 -0 20.02 -23.53 -27.59 0 -0 0 82.07 14.45 77.02 -137.24 49.62 -99.48 0 -0 -15.96 -26.5 -50.82 21.14 7.12 -0 -0 49.69 -80.88 -42.34
1.08 17.56 8.22 -7.89 -0.7 7.95 0 0 0 -13.31 -31.42 12.87 0.01 -0.63 -1.73 -4.26 34.96 -25.17 0 -0.05 -0.14 0 0 0 25.11 25.08 1.85 -0.19 -2.83 7.8 0.28 -15.32 -18.59 -0 0.3 -0.82 7.26 -0.6 3.02 2.31 0.08 -9.52 -1.55 -0.51 -12.02 -0.11 -2.98 -14.91 5 -4.85 13.35 1.14 -1.92 6.65 0 -0 0 -83.77 2.06 79.72 120.34 -56.22 -85.94 -0 -0 8.1 66.47 -30.7 -49.53 -7.12 0 -0 18.71 -23.75 -25.66 0 -0 0 84.13 6.5 77.53 -131.18 52.51 -94.77 0 -0 -16.85 -22.7 -52.39 18.34 7.12 -0 -0 60.09 -79.84 -50.8
1.06 17.5 8.28 -8.59 -1.06 7.3 0 0 0 -12.78 -30.19 13.38 0.01 -0.53 -1.45 -4.12 34.5 -24.95 0 -0.37 -1 0 0 0 26.24 24.27 2.13 -0.23 -3.07 8.48 0.14 -14.17 -18.49 -0 0.4 -1.11 7.53 -0.31 2.83 2.51 0.5 -9.55 -1.54 -0.31 -11.9 -1.26 -3.6 -14.55 5.63 -5.65 14.69 1.44 -2.28 7.1 0 -0 0 -85.66 4.76 77.37 117.7 -56.89 -83.74 -0 -0 4.54 60.77 -32.12 -43.54 -7.12 0 -0 15.22 -20.65 -20.17 0 -0 0 86.01 2.67 76.48 -129.48 53.2 -93.41 0 -0 -15.96 -21.52 -53.79 17.65 7.12 -0 -0 67.94 -79.69 -57.93
1.03 17.54 8.31 -7.93 -0.5 7.13 0 0 0 -13.41 -30.03 13.18 0 -0.42 -1.16 -3.95 33.9 -24.46 0.01 -0.48 -1.32 0 0 0 25.7 23.87 2.53 -0.21 -2.96 8.16 0.16 -14.46 -18.7 -0 0.15 -0.42 5.73 -0.25 0.84 2.77 0.28 -9.68 -0.25 -0.22 -10.81 -2.85 -4.02 -13.13 6.12 -6.12 16.83 1.83 -2.54 7.63 -0 0 0 -88.24 -2.36 75.66 124.33 -55.04 -89.24 -0 -0 7.87 56.41 -33.99 -40.09 -7.12 0 -0 12.33 -19.68 -16.06 -0 0 0 86.85 11.09 76.46 -134.12 51.19 -97.08 0 -0 -11.32 -14.16 -49.79 10.91 7.12 -0 -0 53.89 -75.29 -40.87
1.02 17.52 8.31 -8.27 -0.54 6.6 0 0 0 -13.33 -29.6 13.94 0.01 -0.5 -1.38 -3.96 33.87 -24.22 0.01 -0.57 -1.57 0 0 0 26.37 23.48 3.21 -0.2 -2.88 7.96 0.13 -14.18 -18.61 -0 0.21 -0.57 7.07 -0.03 1.03 2.02 0.69 -10.69 -1.82 -0.24 -12.1 -3.17 -4.24 -11.05 6.53 -6.69 19.77 2 -2.79 8.28 -0 0 0 -92.61 -11.41 75.22 131.48 -52.38 -95 -0 -0 9.91 53.47 -35.29 -37.95 -7.12 0 -0 10.38 -19.28 -13.4 -0 0 0 93.02 19.62 76.93 -138.34 49.02 -100.32 0 -0 -7.98 -17.01 -46.33 12.48 7.12 -0 -0 40.67 -74.35 -29.32
1.01 17.52 8.31 -7.78 -0.86 6.49 0 0 0 -14.04 -29.68 14.2 0.01 -0.49 -1.35 -3.99 34.09 -24.74 0 -0.39 -1.07 0 0 0 25.88 23.52 3.2 -0.21 -2.97 8.19 0.1 -13.96 -18.63 -0 0.26 -0.7 7.09 0.37 0.52 1.31 1.13 -11.05 -2.64 -0.08 -12.15 -3.43 -4.44 -9.76 7.25 -7.18 20.57 2.26 -2.99 8.38 0 0 0 -98.06 -20.12 77.52 141 -47.47 -102.3 -0 -0 8.06 51.13 -35.39 -35.69 -7.12 0 -0 9.18 -18.03 -11.69 0 0 0 98.33 28.45 82.49 -143.38 45.93 -104.03 0 0 3.15 -29.1 -39.84 19.63 7.12 -0 -0 11.15 -73.41 -7.52
0.99 17.54 8.32 -7.78 -0.79 6.47 0 0 0 -13.7 -29.28 13.7 0 -0.4 -1.09 -3.85 33.58 -24.39 0.01 -0.49 -1.35 0 0 0 25.97 23.57 3.19 -0.22 -3 8.29 0.09 -14 -18.77 -0 0.16 -0.44 7.35 0.53 0.78 0.87 1.37 -11.44 -3.3 -0.05 -12.74 -3.57 -4.68 -8.92 8.09 -7.64 20.14 2.53 -3.17 8.15 0 -0 0 -101.15 -26.15 83.26 147.45 -42.98 -106.89 -0 -0 13.23 54.87 -35.43 -39.48 -7.12 0 -0 11.02 -20.27 -14.36 0 -0 0 102.03 34.1 88.18 -147.91 42.62 -107.2 0 0 10.84 -35.4 -38.38 23.81 7.12 -0 -0 -1.11 -74.15 0.76
0.99 17.54 8.33 -7.67 -0.69 6.59 0 0 0 -13.92 -29.54 13.87 0 -0.45 -1.24 -3.95 33.88 -24.33 0.01 -0.67 -1.84 0 0 0 25.83 23.52 3.1 -0.22 -3 8.28 0.1 -14.03 -18.79 -0 0.11 -0.31 7.34 0.52 0.94 0.71 1.36 -11.66 -3.47 -0.08 -13.11 -3.5 -4.57 -9.25 8.1 -7.5 20.23 2.53 -3.09 8.23 -0 0 0 -103.76 -29.69 86.95 150.01 -40.88 -108.6 -0 -0 11.84 64.6 -36.01 -51.07 -7.12 0 -0 15.6 -27.81 -21.59 -0 0 0 103.26 37.12 91.58 -150.43 40.53 -108.87 0 0 20.26 -41.23 -38.95 28.86 7.12 -0 -0 -12.83 -76.77 9.58
0.98 17.54 8.36 -7.66 -0.3 6.62 0 0 0 -13.85 -29.66 13.8 0 -0.44 -1.2 -3.84 33.54 -24.28 0.01 -0.65 -1.79 0 0 0 25.87 23.46 3.14 -0.22 -3.02 8.32 0.11 -14.29 -19.03 -0 0.06 -0.17 7.37 0.57 0.83 0.44 1.41 -11.73 -3.79 -0.08 -13.11 -2.81 -4.5 -9.2 7.95 -7.5 20.29 2.36 -3.05 8.21 0 0 0 -104.83 -31.41 89.14 150.24 -40.69 -108.75 -0 -0 8.71 66.5 -36.34 -53.73 -7.12 0 -0 16.41 -29.71 -22.97 0 0 0 102.5 39.05 90.73 -151.65 39.44 -109.65 0 0 17.62 -38.87 -37.47 26.12 7.12 -0 -0 -8.42 -74.4 5.85
0.98 17.53 8.38 -7.79 -0.42 6.61 0 0 0 -13.74 -29.46 13.9 0 -0.45 -1.24 -3.87 33.59 -24.14 0.02 -0.84 -2.31 0 0 0 26.1 23.52 3.24 -0.23 -3.06 8.44 0.1 -14.26 -19.12 -0 0.1 -0.29 7.55 0.2 0.45 1.02 0.91 -11.42 -3.19 -0.27 -12.58 -3.05 -3.8 -8.63 7.21 -6.36 20.75 2.29 -2.6 8.17 0 -0 0 -104.81 -34.27 90.87 150.74 -40.25 -109.07 -0 -0 8.31 71.32 -37.57 -61 -7.12 0 -0 18.31 -35.11 -26.2 0 -0 0 102.87 43.11 93.24 -152.55 38.61 -110.22 0 0 16.87 -39.7 -36.22 26.13 7.12 -0 -0 -10.66 -73.33 7.18
0.99 17.54 8.42 -7.83 -0.61 6.7 0 0 0 -13.93 -29.68 14.42 0.01 -0.55 -1.5 -3.94 33.95 -24.75 0.01 -0.65 -1.79 0 0 0 26.27 23.75 3.62 -0.21 -2.94 8.12 0.13 -14.49 -19.12 -0 0.12 -0.33 7.71 0.45 -0.33 0.86 1.19 -11.67 -3.48 -0.16 -12.35 -2.3 -3.88 -6.13 6.16 -6.57 23.31 1.85 -2.75 8.52 -0 0 0 -105.65 -35.34 93.4 151.52 -39.55 -109.57 -0 -0 11.62 78.42 -36.15 -70.85 -7.12 0 -0 23.15 -41.07 -33.77 -0 0 0 103.36 44.28 94.5 -153.23 37.96 -110.64 0 0 23.25 -49.61 -41.96 38.16 7.12 -0 -0 -43.7 -82.16 38
0.98 17.53 8.48 -7.6 -0.76 6.09 0 0 0 -14.51 -28.88 15.06 0.01 -0.53 -1.45 -3.8 33.49 -24.58 0.02 -0.82 -2.26 0 0 0 26.36 23.3 4.52 -0.2 -2.9 7.99 0.1 -14.29 -19.19 -0 0.16 -0.45 7.49 0.3 -1.17 1.11 0.89 -11.27 -3.04 -0.23 -11.4 -4.22 -3.57 -4.33 6.59 -6.16 25.73 2.42 -2.68 9.08 0 -0 0 -105.79 -35.31 93.19 151.45 -39.62 -109.53 -0 -0 15.95 81.27 -33.19 -74.33 -7.12 0 -0 26.76 -42.2 -39.44 0 -0 0 105.03 41.89 95.22 -152.95 38.23 -110.47 0 0 25.6 -53.49 -45.63 44 7.12 -0 -0 -88.76 -84.79 83.53
0.97 17.5 8.52 -7.66 -1.29 5.59 0 0 0 -14.67 -28.03 15.5 0 -0.44 -1.21 -3.71 33.27 -24.76 0.02 -0.86 -2.36 0 0 0 26.61 22.89 4.7 -0.24 -3.13 8.63 -0 -13.48 -19.19 -0.01 0.5 -1.38 7.26 0.34 -1.71 1.51 0.89 -10.81 -2.48 -0.14 -10.54 -3.82 -3.34 -2.4 5.01 -5.57 26.17 1.9 -2.55 8.78 0 -0 0 -103.76 -33.38 92.98 151.43 -39.63 -109.52 -0 -0 18.21 82.19 -30.27 -74.78 -7.12 0 -0 29.01 -41.26 -43.14 0 -0 0 104.55 39.91 95.85 -153.17 38.02 -110.6 0 0 25.7 -55.41 -47.63 46.98 7.12 -0 -0 -115.15 84.63 -120.13
0.96 17.5 8.55 -7.7 -1.39 5.28 0 0 0 -14.68 -27.44 15.64 0 -0.37 -1.01 -3.58 32.83 -24.67 0.02 -0.97 -2.66 0 0 0 26.78 22.56 4.96 -0.24 -3.18 8.78 -0.04 -13.2 -19.19 -0 0.41 -1.12 7.69 0.68 -1.13 1.06 1.41 -11.15 -3.26 0.01 -11.22 -3.19 -3.77 -1.95 4.61 -6.27 27.99 1.6 -2.85 9.35 0 -0 0 -102.65 -32.21 93.76 151.5 -39.58 -109.56 -0 -0 17.75 81.07 -31.1 -73.08 -7.12 0 -0 27.69 -40.41 -41.01 0 -0 0 103.29 38.78 94.87 -153.34 37.85 -110.71 0 0 26.17 -56.87 -47.49 48.48 7.12 -0 -0 -118.82 83.85 -124.37
0.95 17.51 8.57 -7.61 -1.11 5.47 0 0 0 -14.6 -27.57 15.36 0 -0.35 -0.96 -3.54 32.67 -24.51 0.03 -1.04 -2.86 0 0 0 26.67 22.57 4.78 -0.25 -3.2 8.85 -0.03 -13.34 -19.3 -0 0.4 -1.09 7.17 0.48 -1.95 1.35 1.05 -10.84 -2.62 -0.06 -10.4 -3.29 -3.26 -2.48 4.88 -5.53 27.01 1.77 -2.48 9.07 -0 0 0 -102.66 -33.54 93.07 151.44 -39.63 -109.52 -0 -0 18.53 80.87 -30.09 -72.23 -7.12 0 -0 28.01 -39.37 -41.57 -0 0 0 103.81 40.38 95.33 -152.97 38.21 -110.48 0 0 24.21 -55.79 -46.31 46.77 7.12 -0 -0 -103.05 84.21 -108.78
0.94 17.51 8.59 -7.81 -0.76 5.67 0 0 0 -14.55 -28.44 15.77 0 -0.45 -1.23 -3.75 33.36 -24.72 0.03 -1.04 -2.86 0 0 0 26.88 22.47 4.71 -0.24 -3.13 8.64 -0.02 -13.5 -19.39 -0 0.31 -0.86 7.01 0.52 -2.08 1.42 1.09 -10.91 -2.45 -0.02 -10.41 -3.9 -3.5 -2.38 6.57 -6.08 24.89 2.39 -2.67 8.4 0 0 0 -102.92 -33.62 91.11 149.76 -41.1 -108.43 -0 -0 17.98 81.63 -30.29 -73.74 -7.12 0 -0 28.53 -40.53 -42.39 0 0 0 102.76 40.85 91.22 -151.8 39.3 -109.75 0 0 20.92 -49.01 -39.84 36.4 7.12 -0 -0 -37.07 -79.95 30.58
0.93 17.51 8.6 -7.77 -0.47 5.68 0 0 0 -14.58 -28.66 15.75 0 -0.4 -1.1 -3.66 33.15 -24.94 0.02 -0.98 -2.7 0 0 0 26.8 22.21 4.58 -0.24 -3.15 8.7 -0.04 -13.37 -19.54 -0 0.17 -0.47 6.8 0.58 -1.96 1.14 1.18 -11.34 -2.64 -0 -10.97 -2.23 -3.95 -2.45 5.95 -6.68 23.97 1.84 -2.88 8.07 0 0 0 -98.6 -31.56 81.04 144.74 -45 -105 -0 -0 22.01 80.03 -33.24 -72.22 -7.12 0 -0 25.82 -40.74 -37.99 0 0 0 97.03 37.9 76.37 -147.06 43.29 -106.62 0 0 30.5 -44.75 -36.12 30.29 7.12 -0 -0 -21.59 -74.86 15.37
0.91 17.52 8.64 -7.98 -0.39 5.79 0 0 0 -14.27 -28.65 15.88 0.01 -0.46 -1.26 -3.65 33.15 -25.01 0.02 -0.95 -2.6 0 0 0 27.27 22.42 4.93 -0.23 -3.07 8.48 -0.02 -13.68 -19.69 -0 0.05 -0.14 6.36 0.58 -2.97 1.39 1.11 -11.7 -2.11 0.02 -10.79 -2.8 -4.05 -4.59 6.26 -7.01 26.42 1.97 -2.96 9.36 -0 0 0 -91.28 -25.52 52.56 133.08 -51.68 -96.26 -0 -0 20.04 45.02 -30.18 -26.7 -7.12 0 -0 7.68 -9.15 -8.87 -0 0 0 88.5 29.27 44.34 -137.4 49.54 -99.6 0 0 41.84 -29.36 -36.47 18.49 7.12 -0 -0 6.74 -70.18 -4.06
0.9 17.51 8.71 -7.67 -0.08 4.85 0 0 0 -15.12 -27.98 16.97 0 -0.45 -1.24 -3.49 32.6 -24.76 0.04 -1.29 -3.55 0 0 0 27.38 21.53 6.38 -0.2 -2.88 7.95 -0.06 -13.65 -20.04 -0 -0.08 0.22 6.16 0.72 -3.34 0.82 1.23 -12.03 -2.62 0.06 -10.92 -3.88 -4.33 -6.03 7.8 -7.91 29.3 2.61 -3.23 10.87 0 -0 0 -89.47 -18.83 22.81 94.03 -59.94 -63.49 -0 -0 27.05 34.28 -21.25 -13.88 -7.12 0 -0 3.49 4.81 -3.19 0 -0 0 87.08 22.01 11.28 -101.88 59.46 -70.27 0 0 39.77 -22.93 -42.86 16.06 7.12 -0 -0 25.27 -73.92 -17.56
0.9 17.47 8.76 -7.89 0.04 4.15 0 0 0 -15.05 -27.13 17.5 0 -0.4 -1.1 -3.29 31.87 -24.5 0.06 -1.53 -4.22 0 0 0 27.91 20.97 7.08 -0.22 -2.99 8.25 -0.1 -13.46 -20.32 -0 0.1 -0.28 6.23 0.76 -3.04 0.9 1.3 -11.48 -2.58 0.11 -10.45 -3.26 -4.53 -7.84 7.24 -8.14 29.41 2.23 -3.27 11.24 0 -0 0 -92.77 -10.2 9.62 83.56 -59.84 -54.42 -0 -0 24.55 31.82 -15.92 -9.66 -7.12 0 -0 2.72 11.44 -2.13 0 -0 0 88.54 13.34 0.85 -91.9 59.99 -61.64 0 0 36.31 -21.7 -41.91 14.89 7.12 -0 -0 24.93 -72.68 -16.66
0.91 17.47 8.77 -7.87 0.01 4.32 0 0 0 -15.25 -27.54 17.8 0.01 -0.5 -1.38 -3.38 32.27 -24.88 0.05 -1.38 -3.79 0 0 0 27.77 21 6.56 -0.24 -3.16 8.73 -0.13 -13.29 -20.34 -0 0.23 -0.64 5.99 0.65 -3.85 1.09 1.05 -10.52 -2.23 0.08 -8.89 -3.72 -4.53 -9.35 8.34 -8.35 29.44 2.65 -3.25 11.66 -0 0 0 -95.29 -9.4 9.13 82.49 -59.79 -53.5 -0 -0 23.79 27.26 -18.02 -9.06 -7.12 0 -0 -0.52 9.88 0.42 -0 0 0 89.02 13.17 4.48 -90.1 60 -60.09 0 0 33.81 -19.67 -40.87 13.17 7.12 -0 -0 25.56 -71.08 -16.22
0.91 17.51 8.73 -7.85 -0.08 5.56 0 0 0 -15.08 -29.11 17.12 0.01 -0.57 -1.57 -3.73 33.52 -25.57 0.03 -1.05 -2.88 0 0 0 27.22 21.85 5.21 -0.24 -3.14 8.66 -0.05 -13.54 -19.79 -0 0.45 -1.23 6.36 0.99 -3.33 0.93 1.59 -11.54 -2.63 0.25 -10.32 -4.1 -4.52 -9.19 8.76 -8.5 30.43 2.88 -3.29 12.07 -0 -0 0 -95.14 -13.64 15.19 82.7 -59.8 -53.68 -0 -0 20.91 29.23 -17.44 -9.52 -7.12 0 -0 0.83 10.18 -0.67 -0 -0 0 87.63 18.23 9.7 -94.83 59.91 -64.18 0 0 32.14 -18.28 -42.34 12.54 7.12 -0 -0 29.92 -71.83 -19.61
0.91 17.52 8.67 -8.16 0.3 5.85 0 0 0 -14.3 -29.54 16.36 0.01 -0.53 -1.46 -3.72 33.43 -25.34 0.02 -0.96 -2.63 0 0 0 27.48 22.18 4.91 -0.23 -3.06 8.43 0 -14.01 -19.88 -0 0.06 -0.15 6.78 0.58 -2.57 1.37 1.13 -11.25 -2.38 0.01 -10.51 -3.76 -4.25 -9.65 8.36 -7.96 29.64 2.72 -3.05 11.77 0 -0 0 -96.7 -18.89 28.33 91.82 -59.99 -61.57 -0 -0 12.59 29.41 -15.86 -8.75 -7.12 0 -0 1.13 11.92 -0.87 0 -0 0 88.32 24.4 26.66 -105.03 59.13 -72.98 0 0 25.83 -19.15 -44.86 13.76 7.12 -0 -0 34.46 -74.11 -24.4
0.89 17.53 8.61 -7.86 0.23 6.41 0 0 0 -13.82 -29.39 14.92 0 -0.43 -1.18 -3.64 33.08 -24.87 0.03 -1.04 -2.86 0 0 0 26.81 22.58 3.57 -0.27 -3.35 9.24 -0 -13.91 -19.82 -0 0.27 -0.74 6.61 0.5 -1.43 1.27 1.1 -10.99 -2.4 -0.01 -10.88 -3.47 -4.93 -11.49 7.06 -8.6 29.68 2.05 -3.42 12.13 -0 0 0 -96.02 -20.57 54.25 112.17 -58.06 -79.07 -0 0 -2.69 28.79 -18.83 -10.06 -7.12 0 -0 0.38 8.72 -0.32 -0 0 0 92.25 25.75 52.05 -123.03 55.45 -88.17 0 0 17.19 -16.02 -45.58 11.59 7.12 -0 -0 39.69 -73.47 -27.86
0.89 17.52 8.6 -7.98 -0.27 6.99 0 0 0 -13.52 -29.72 14.67 0.01 -0.52 -1.44 -3.84 33.79 -25.31 0.02 -0.87 -2.4 0 0 0 26.64 22.91 2.58 -0.3 -3.5 9.67 -0.03 -13.52 -19.53 -0.01 0.54 -1.48 6.9 0.33 -1.01 1.59 0.93 -10.61 -2.21 -0.09 -10.73 -3.59 -4.35 -12.3 7.13 -7.6 28.45 2.21 -2.98 11.75 0 0 0 -94.06 -20.91 72.78 129.75 -53.1 -93.63 -0 0 -9.81 35.8 -19.6 -13.6 -7.12 0 -0 4.72 6.35 -4.18 0 0 0 92.79 28.5 74.27 -133.99 51.26 -96.97 0 0 9.34 -25.59 -50.71 20.34 7.12 -0 -0 49.67 -80.43 -41.93
0.88 17.52 8.61 -7.88 -0.29 7.19 0 0 0 -13.66 -30.08 14.8 0.01 -0.57 -1.56 -3.91 34.06 -25.59 0.01 -0.78 -2.13 0 0 0 26.5 23.05 2.43 -0.3 -3.51 9.7 -0.04 -13.46 -19.59 -0 0.43 -1.18 6.83 0.48 -0.63 1.29 1.13 -10.55 -2.51 -0 -10.86 -3.57 -4.81 -12.95 7.09 -8.28 28.55 2.08 -3.26 11.97 0 -0 0 -91.52 -20.85 74.11 138.16 -49.12 -100.18 -0 0 -8.91 37.85 -23.76 -17.38 -7.12 0 -0 5.19 0.95 -5.12 0 -0 0 90.3 28.45 71.92 -142.74 46.36 -103.57 0 0 8.32 -21.86 -46.96 16.34 7.12 -0 -0 37.39 -76.65 -28.49
0.86 17.54 8.63 -8.02 0.23 7.17 0 0 0 -13.79 -30.89 15.4 0.01 -0.64 -1.75 -4.02 34.47 -26 0.01 -0.55 -1.5 0 0 0 26.78 22.84 2.74 -0.27 -3.36 9.28 -0.02 -13.74 -19.71 -0 0.26 -0.71 6.31 0.3 -0.87 1.62 0.87 -10.69 -1.85 -0.06 -10.89 -3.32 -4.54 -13.19 6.58 -7.86 29.45 1.91 -3.08 12.31 0 -0 0 -89.95 -21.88 76.06 140.57 -47.73 -101.99 -0 0 -8.71 40.01 -22.46 -17.78 -7.12 0 -0 6.74 1.79 -6.57 0 -0 0 88.75 26.93 71.83 -143.44 45.89 -104.08 0 0 8.65 -22.59 -46.41 16.77 7.12 -0 -0 34.83 -76.56 -26.39
0.86 17.52 8.6 -7.64 -0.31 6.74 0 0 0 -14.34 -30.55 15.51 0.01 -0.48 -1.31 -3.99 34.43 -26.21 0.01 -0.53 -1.47 0 0 0 26.41 22.98 2.94 -0.29 -3.47 9.59 -0.04 -13.49 -19.66 -0 0.12 -0.34 5.96 0.18 0.11 1.48 0.76 -10.68 -1.8 -0.11 -11.48 -1.84 -4.02 -13.77 5.26 -7.09 29.64 1.26 -2.72 12.34 0 -0 0 -92.22 -19.55 80.66 141.27 -47.3 -102.5 -0 0 -4.71 42.87 -24.39 -20.97 -7.12 0 -0 7.98 -1.49 -8.26 0 -0 0 93.78 25.04 77.77 -143.61 45.78 -104.2 0 0 8.42 -25.5 -48.2 19.58 7.12 -0 -0 37.86 -78.98 -30.56
0.85 17.51 8.64 -8.19 -0.55 7.28 0 0 0 -13.86 -30.93 15.73 0.01 -0.6 -1.65 -4.14 35.03 -26.84 0 -0.41 -1.12 0 0 0 26.97 23.07 2.66 -0.28 -3.4 9.41 -0.05 -13.24 -19.38 -0 0.41 -1.14 6.87 0.63 -0.6 1.36 1.37 -11.03 -2.48 0.09 -11.41 -3 -4.27 -13.95 6.15 -7.4 29.56 1.75 -2.88 12.45 -0 0 0 -90.04 -17.2 74.09 142.05 -46.81 -103.07 -0 0 -4.12 40.88 -23.35 -18.93 -7.12 0 -0 7.06 0.46 -7.05 -0 0 0 90.45 21.25 71.64 -145.34 44.57 -105.42 0 0 6.75 -22.44 -48.57 17.2 7.12 -0 -0 42.49 -77.93 -33.65
0.87 17.53 8.67 -8.04 -0.47 7.38 0 0 0 -14.61 -31.84 16.75 0.02 -0.81 -2.23 -4.49 36.07 -27.38 0 -0.3 -0.83 0 0 0 26.75 23.04 3 -0.24 -3.16 8.73 -0.02 -13.47 -19.44 -0 0.2 -0.56 6.46 0.41 -1.3 1.86 1.02 -10.74 -1.68 0.01 -10.68 -0.9 -3.74 -14.22 2.53 -5.99 28.46 0.24 -2.49 11.77 -0 -0 0 -88.78 -12.25 61.48 143.49 -45.86 -104.12 -0 0 -1.56 38.85 -20.04 -15.43 -7.12 0 -0 6.53 5.02 -5.97 -0 -0 0 86.55 16.95 60.05 -146.87 43.43 -106.49 0 0 9.48 -21.16 -46.79 15.76 7.12 -0 -0 37.63 -76.26 -28.4
0.88 17.49 8.64 -8.04 -0.55 6.96 0 0 0 -14.48 -31.06 16.51 0.01 -0.74 -2.03 -4.3 35.44 -26.78 0.01 -0.48 -1.32 0 0 0 26.81 22.83 3.12 -0.26 -3.27 9.04 -0.06 -13.21 -19.44 -0 0.39 -1.06 6.7 0.19 -1.19 1.94 0.71 -10.09 -1.71 -0.13 -10.04 -0.63 -3.39 -15.1 2.13 -5.39 27.44 0.12 -2.25 11.52 0 0 0 -89.83 -9.73 71.74 137.8 -49.32 -99.91 -0 0 -4.02 40.44 -20.56 -16.66 -7.12 0 -0 7.39 3.93 -6.93 0 0 0 89.12 15.49 71.31 -143.02 46.17 -103.77 0 0 8.06 -22.04 -46.24 16.3 7.12 -0 -0 34.96 -76.22 -26.26
0.87 17.5 8.58 -8.11 -1.01 7.12 0 0 0 -14.39 -31.3 16.44 0.01 -0.74 -2.04 -4.42 35.91 -27.39 0 -0.15 -0.42 0 0 0 26.75 23.22 2.48 -0.29 -3.47 9.59 -0.07 -12.96 -19.32 -0 0.43 -1.17 6.51 0.47 -0.31 2.08 1.17 -10.08 -1.5 0.11 -10.52 -0.29 -3.47 -15.84 1.65 -5.42 26.57 -0.12 -2.29 11.3 -0 0 0 -86.31 -13.92 78.39 136.83 -49.84 -99.17 -0 0 -3.6 46.54 -26.78 -25.43 -7.12 0 -0 9.44 -5.85 -10.49 -0 0 0 87.88 17.16 73.76 -143.47 45.87 -104.1 0 0 7.74 -25.66 -47.65 19.55 7.12 -0 -0 35.5 -78.68 -28.38
0.88 17.54 8.58 -7.89 -0.55 8.21 0 0 0 -14.46 -33.14 16.01 0.02 -0.81 -2.22 -4.68 36.81 -28.33 0 0.2 0.56 0 0 0 26.07 23.81 1.89 -0.24 -3.13 8.65 0.02 -13.71 -19.22 -0 0.21 -0.59 6.31 0.37 -0.79 2.28 1.02 -10.33 -1.16 0.06 -10.53 0.42 -3.17 -14.59 0.56 -4.75 23.26 -0.48 -2.11 9.78 -0 0 0 -77.53 -17.43 61.31 142.93 -46.24 -103.71 -0 0 -3.3 52.84 -25.56 -29.65 -7.12 0 -0 13.23 -7.49 -15.23 -0 0 0 78.4 20.76 56.27 -148.49 42.16 -107.59 0 0 6.59 -26.82 -46.9 20.26 7.12 -0 -0 31.26 -78.63 -24.86
0.89 17.54 8.58 -8.04 -0.85 8.08 0 0 0 -14.23 -32.56 15.87 0.01 -0.78 -2.15 -4.64 36.59 -27.9 0 -0.02 -0.06 0 0 0 26.39 24.13 2.49 -0.22 -3.01 8.3 0.05 -13.9 -19.2 -0 0.18 -0.48 7.01 0.5 -0.73 2.25 1.21 -10.09 -1.59 0.1 -10.28 1.63 -2.67 -13.59 -0.84 -3.92 20.64 -1 -1.82 8.63 -0 0 0 -78.79 -16.5 62.02 144.51 -45.16 -104.84 -0 0 -5.43 57.81 -22.87 -31.69 -7.12 0 -0 16.69 -6.98 -19.39 -0 0 0 78 22.68 60.64 -149.63 41.21 -108.35 0 0 10.42 -29 -45.47 21.56 7.12 -0 -0 23.35 -78.43 -18.35
0.9 17.5 8.57 -7.93 -1.26 7.06 0 0 0 -13.79 -29.62 14.72 0 -0.45 -1.22 -3.99 34.36 -25.91 0.01 -0.77 -2.12 0 0 0 26.5 23.38 2.79 -0.27 -3.35 9.25 -0.07 -12.97 -19.3 -0.01 0.47 -1.3 7.02 0.24 -0.69 2.47 0.85 -9.51 -1.35 -0.04 -9.68 0.86 -2.28 -12.69 0.41 -3.45 19.46 -0.37 -1.54 8.11 0 -0 0 -88.82 -15.03 81.24 138.2 -49.1 -100.21 -0 0 -3.95 54.32 -29.22 -34.21 -7.12 0 -0 12.9 -12.86 -15.81 0 -0 0 88.5 22.57 82 -143.88 45.59 -104.39 0 0 11.93 -26.99 -45.09 19.84 7.12 -0 -0 25.22 -77.31 -19.29
0.89 17.49 8.57 -7.96 -1.37 7.32 0 0 0 -13.77 -30 14.77 0.01 -0.48 -1.33 -4.09 34.73 -26.23 0.01 -0.7 -1.93 0 0 0 26.36 23.47 1.88 -0.33 -3.69 10.2 -0.1 -12.64 -19.25 -0.01 0.47 -1.28 6.87 0.5 -0.23 2.25 1.24 -9.93 -1.52 0.12 -10.4 1.04 -2.55 -12.54 1.32 -4.02 18.26 -0.15 -1.73 7.7 0 -0 0 -86.35 -15.09 70.77 143.55 -45.82 -104.15 -0 0 -5.53 54.42 -26.99 -32.4 -7.12 0 -0 13.65 -10.21 -16.28 0 -0 0 87.28 23.16 70.28 -148.23 42.36 -107.42 0 0 9.87 -28.29 -45.56 21.02 7.12 -0 -0 24.72 -78.21 -19.34
0.89 17.54 8.64 -7.69 -0.71 7.95 0 0 0 -14.48 -31.74 15.51 0.01 -0.7 -1.93 -4.4 35.8 -27.17 0 -0.36 -0.99 0 0 0 26.07 23.93 2.49 -0.25 -3.19 8.8 0.04 -13.83 -19.21 -0 0.2 -0.54 6.59 0.59 -1.48 2.08 1.25 -10.46 -1.54 0.14 -10.24 0.71 -2.9 -12.11 1.98 -4.56 18.4 0.07 -1.95 7.7 -0 0 0 -80.09 -18.81 54.58 145.44 -44.49 -105.5 -0 0 -4.03 53.61 -23.47 -28.39 -7.12 0 -0 14.25 -5.25 -15.97 -0 0 0 78.61 23.03 53.93 -149.65 41.19 -108.36 0 0 10.35 -24.9 -43.41 17.69 7.12 -0 -0 23.84 -75.1 -17.13
0.9 17.52 8.67 -7.91 -0.46 7.14 0 0 0 -14.26 -30.5 15.59 0.01 -0.57 -1.58 -4.01 34.53 -26.37 0.01 -0.59 -1.62 0 0 0 26.71 23.34 3.67 -0.23 -3.06 8.44 0.01 -13.89 -19.61 -0 -0 0.01 7.16 0.54 -1.29 2 1.22 -10.32 -1.94 0.08 -10.2 0.23 -2.94 -12.46 2.76 -4.73 19.47 0.37 -1.96 8.15 -0 0 0 -84.67 -15.41 64.26 144.29 -45.31 -104.69 -0 0 -2.45 55.81 -25.03 -31.91 -7.12 0 -0 14.98 -8.56 -17.61 -0 0 0 82.41 21.3 63.78 -147.07 43.27 -106.63 0 0 12.1 -27.99 -44.08 20.29 7.12 -0 -0 21.03 -76.86 -15.83
0.89 17.47 8.66 -7.98 -0.76 6.54 0 0 0 -14.03 -29.2 15.43 0.01 -0.46 -1.28 -3.85 33.86 -25.49 0.03 -1.11 -3.04 0 0 0 26.9 22.8 3.33 -0.3 -3.52 9.72 -0.12 -12.98 -19.86 -0 0.31 -0.85 7.24 0.74 -0.77 1.72 1.49 -9.95 -2.31 0.2 -10.05 -0.01 -3.19 -14.43 3.61 -5.32 21.06 0.59 -2.11 9.1 0 -0 0 -89.54 -12.91 80.36 137.58 -49.44 -99.74 -0 0 -1.28 48.61 -29.02 -28.84 -7.12 0 -0 9.94 -9.49 -11.6 0 -0 0 91.28 18.84 77.78 -142.29 46.65 -103.25 0 0 10.84 -23.82 -46.07 17.64 7.12 -0 -0 32.32 -76.8 -24.56
0.88 17.5 8.65 -8.09 -0.64 7.35 0 0 0 -13.79 -30.48 15.19 0.01 -0.52 -1.44 -4.08 34.71 -26.27 0.02 -0.85 -2.34 0 0 0 26.72 23.27 2.36 -0.31 -3.56 9.85 -0.07 -13.22 -19.57 -0 0.34 -0.94 6.76 0.74 -0.8 2.06 1.52 -10.36 -1.68 0.25 -10.51 -0.29 -3.39 -14.27 3.4 -5.45 20.38 0.56 -2.23 8.84 -0 0 0 -85.17 -16.36 68.36 142.4 -46.58 -103.32 -0 0 -1.14 50.76 -27.15 -29.19 -7.12 0 -0 11.64 -8.34 -13.47 -0 0 0 85.41 22.44 64.16 -146.58 43.65 -106.29 0 0 6.54 -25.28 -45.64 18.66 7.12 -0 -0 29.15 -77.06 -22.23
0.89 17.55 8.69 -7.92 0.03 8.21 0 0 0 -13.44 -31.22 14.16 0.01 -0.48 -1.33 -3.97 34.4 -26.32 0.01 -0.6 -1.66 0 0 0 26.36 23.77 2.54 -0.23 -3.07 8.48 0.05 -14.28 -19.68 -0 -0.05 0.13 6.68 0.69 -1.77 1.93 1.37 -10.68 -1.75 0.18 -10.31 -0.46 -3.52 -13.95 3.58 -5.62 20.19 0.63 -2.31 8.73 0 -0 0 -78.77 -20.06 52.88 144.09 -45.45 -104.54 -0 0 -1.59 49.64 -23.72 -25.33 -7.12 0 -0 11.99 -3.52 -12.98 0 -0 0 76.72 24.77 51.12 -148.69 41.99 -107.73 0 0 7.48 -23.5 -44.57 16.97 7.12 -0 -0 28.51 -75.53 -20.84
0.88 17.52 8.71 -8.12 -0.21 7.36 0 0 0 -13.36 -29.84 14.58 0 -0.44 -1.21 -3.76 33.62 -25.67 0.02 -0.99 -2.73 0 0 0 27.04 23.41 3.64 -0.23 -3.06 8.44 0.05 -14.11 -19.5 -0 0.14 -0.37 7 0.61 -1.47 2.05 1.28 -10.29 -1.8 0.13 -10.05 -0.23 -3.19 -13.52 3.06 -5.1 20.39 0.49 -2.11 8.69 -0 0 0 -82.12 -15.32 58.31 142.65 -46.42 -103.51 -0 0 -0.31 50.19 -23.68 -25.73 -7.12 0 -0 12.3 -3.73 -13.38 -0 0 0 80.48 21.54 58.57 -146.88 43.42 -106.5 0 0 10.8 -22.84 -43.43 16.15 7.12 -0 -0 26.62 -74.35 -18.77
0.88 17.49 8.72 -7.97 -0.92 6.83 0 0 0 -13.94 -29.14 15.21 0 -0.38 -1.05 -3.75 33.7 -26.02 0.02 -0.91 -2.5 0 0 0 26.9 22.9 3.37 -0.29 -3.45 9.53 -0.07 -13.05 -19.38 -0.02 0.85 -2.33 6.84 0.77 -1.28 1.78 1.47 -9.98 -2.02 0.23 -9.79 0.15 -3.33 -14.91 2.96 -5.46 22.11 0.31 -2.2 9.53 0 -0 0 -89.34 -10.68 76.41 136.5 -50.01 -98.92 -0 0 -1.53 48.73 -25.99 -26.53 -7.12 0 -0 10.86 -5.91 -12.13 0 -0 0 89.54 17.83 75.21 -141.59 47.1 -102.74 0 0 9.95 -23.11 -42.12 15.97 7.12 -0 -0 23.53 -73.35 -16.03
0.87 17.49 8.72 -8.1 -0.82 7 0 0 0 -13.82 -29.62 15.31 0 -0.41 -1.13 -3.83 34 -26.24 0.01 -0.73 -2.02 0 0 0 27 22.94 2.95 -0.31 -3.56 9.85 -0.1 -12.9 -19.51 -0.01 0.63 -1.74 6.54 0.73 -1.14 2.07 1.44 -10.09 -1.53 0.25 -10.01 -0.22 -3.49 -15.15 2.86 -5.59 22.44 0.31 -2.3 9.7 -0 0 0 -88.28 -13.94 73.92 139.45 -48.39 -101.15 -0 0 -1.67 49.76 -27.12 -28.31 -7.12 0 -0 11.11 -7.79 -12.74 -0 0 0 88.03 20.7 70.42 -144.2 45.37 -104.62 0 0 7.93 -22.17 -43.94 15.79 7.12 -0 -0 28.65 -74.52 -20.36
0.86 17.55 8.75 -8.01 -0.38 7.83 0 0 0 -13.89 -31.07 15.19 0.01 -0.5 -1.38 -4.05 34.82 -27.02 0.01 -0.56 -1.54 0 0 0 26.7 23.44 2.71 -0.26 -3.29 9.09 -0.04 -13.58 -19.76 -0 -0.07 0.18 6.46 0.69 -1.87 2.12 1.37 -10.67 -1.43 0.21 -10.25 -0.22 -3.48 -14.33 2.68 -5.54 22.82 0.27 -2.3 9.67 -0 -0 0 -81.18 -19.06 58.97 142.58 -46.46 -103.46 -0 0 -1.54 49.24 -25.18 -26.27 -7.12 0 -0 11.37 -5.15 -12.58 -0 -0 0 78.73 24.95 54.33 -147.28 43.12 -106.77 0 0 6.88 -22.35 -43.83 15.89 7.12 -0 -0 28.18 -74.5 -19.99
0.87 17.53 8.76 -8.2 -0.48 7.41 0 0 0 -13.67 -30.22 15.29 0.01 -0.48 -1.33 -3.88 34.23 -26.62 0.01 -0.62 -1.71 0 0 0 27.16 23.24 3.48 -0.24 -3.16 8.73 -0.03 -13.61 -19.7 -0 0.09 -0.26 6.89 0.56 -1.61 2.3 1.23 -10.42 -1.46 0.12 -10.13 -0.07 -3.26 -14.4 2.11 -5.12 22.97 0.1 -2.16 9.71 0 -0 0 -80.51 -16.06 55.92 143.29 -45.99 -103.97 -0 0 -2.83 48.94 -24.23 -25.23 -7.12 0 -0 11.46 -3.84 -12.45 0 -0 0 77.34 23.44 53.34 -147.45 42.98 -106.88 0 0 8.08 -22.02 -43.48 15.55 7.12 -0 -0 27.77 -74.09 -19.46
0.87 17.49 8.78 -7.87 -1.11 6.98 0 0 0 -13.95 -28.78 15.07 0 -0.37 -1.02 -3.69 33.52 -25.96 0.03 -1.04 -2.85 0 0 0 26.81 22.88 3.26 -0.3 -3.5 9.67 -0.11 -12.86 -19.62 -0.01 0.67 -1.85 6.76 0.63 -1.57 2.09 1.28 -10.1 -1.62 0.16 -9.78 -0.04 -3.25 -14.84 2.52 -5.26 23.56 0.21 -2.15 10.02 0 0 0 -86.68 -9.54 68.39 139.29 -48.48 -101.03 -0 0 -3.32 50.39 -24.33 -26.47 -7.12 0 -0 12.24 -4.65 -13.49 0 0 0 84.6 18.62 67.22 -144.43 45.21 -104.78 0 0 9.05 -22.58 -42.29 15.63 7.12 -0 -0 24.54 -73.3 -16.72
0.87 17.48 8.77 -7.89 -1.41 6.78 0 0 0 -14.12 -28.62 15.37 0 -0.34 -0.93 -3.66 33.51 -26.35 0.02 -0.85 -2.34 0 0 0 26.9 22.83 3.34 -0.31 -3.57 9.88 -0.13 -12.61 -19.53 -0.02 0.83 -2.29 6.93 0.74 -1.39 2 1.44 -9.94 -1.83 0.23 -9.69 0.17 -3.27 -15.48 2.3 -5.31 24 0.07 -2.17 10.29 0 0 0 -87.97 -10.36 79.19 134.74 -50.9 -97.56 -0 0 -4.41 51.39 -28.11 -30.54 -7.12 0 -0 11.7 -9.84 -13.79 0 0 0 87.79 19.01 78.35 -141.09 47.41 -102.36 0 0 6.26 -21.33 -45.45 15.55 7.12 -0 -0 33.53 -75.37 -24.56
0.87 17.51 8.75 -8.07 -1.14 7.61 0 0 0 -13.59 -29.69 14.79 0 -0.42 -1.16 -3.85 34.15 -26.62 0.01 -0.7 -1.92 0 0 0 26.81 23.43 2.72 -0.29 -3.44 9.5 -0.09 -12.98 -19.56 -0 0.4 -1.1 6.83 0.77 -1.5 2.17 1.51 -10.56 -1.59 0.25 -10.33 -0.1 -3.19 -14.86 2.77 -5.25 24.03 0.3 -2.11 10.2 -0 0 0 -85.58 -15.42 67.85 141.12 -47.39 -102.39 -0 0 -4.44 50.53 -26.14 -28.15 -7.12 0 -0 11.81 -6.99 -13.43 -0 0 0 85.18 22.31 65.47 -145.35 44.56 -105.44 0 0 5.24 -20.02 -41.35 13.53 7.12 -0 -0 25.98 -71.61 -16.8
0.88 17.54 8.77 -7.92 -0.65 7.85 0 0 0 -13.99 -30.6 15.06 0.01 -0.48 -1.32 -4 34.63 -26.86 0.01 -0.68 -1.88 0 0 0 26.62 23.52 3.13 -0.23 -3.11 8.57 -0 -13.72 -19.55 -0 0.11 -0.29 6.79 0.69 -1.85 2.22 1.38 -10.67 -1.5 0.19 -10.26 0.58 -3.09 -14.36 1.5 -4.93 23.7 -0.2 -2.07 9.92 -0 0 0 -83.78 -18.5 53.5 143.57 -45.8 -104.17 -0 0 -3.66 49.32 -24.03 -25.35 -7.12 0 -0 11.73 -3.75 -12.73 -0 0 0 78.02 26.4 53.53 -148.01 42.54 -107.26 0 0 7.43 -23.34 -43.16 16.44 7.12 -0 -0 25.38 -74.32 -17.85
0.89 17.51 8.78 -7.97 -0.64 7.29 0 0 0 -13.98 -29.74 15.27 0.01 -0.47 -1.29 -3.81 33.95 -26.34 0.02 -0.87 -2.38 0 0 0 26.87 23.11 3.54 -0.25 -3.2 8.84 -0.05 -13.45 -19.66 -0 0.32 -0.89 7.03 0.57 -1.75 2.15 1.22 -10.4 -1.7 0.1 -10.02 0.13 -2.87 -14.89 2.5 -4.81 24.62 0.22 -1.91 10.4 0 -0 0 -86.35 -14.45 57.6 142.99 -46.19 -103.75 -0 0 -4.44 49.9 -22.59 -24.52 -7.12 0 -0 12.43 -2.21 -13.21 0 -0 0 80.39 23.42 57.89 -146.18 43.95 -106.01 0 0 9.15 -21.22 -43.33 14.92 7.12 -0 -0 28.43 -73.68 -19.69
0.88 17.49 8.79 -7.79 -1.05 6.91 0 0 0 -14.25 -28.86 15.33 0 -0.38 -1.06 -3.68 33.51 -26.11 0.02 -0.98 -2.7 0 0 0 26.73 22.8 3.42 -0.29 -3.48 9.62 -0.11 -12.85 -19.61 -0.02 0.79 -2.18 7.11 0.78 -1.99 1.72 1.44 -10.22 -2.21 0.19 -9.64 -0.43 -3.15 -15.31 3.72 -5.49 26.05 0.65 -2.09 11.08 0 -0 0 -89.37 -13.63 77.15 135.14 -50.7 -97.87 -0 0 -4.07 45.79 -25.34 -23.75 -7.12 0 -0 9.4 -3.79 -10.14 0 -0 0 88.01 20.11 74.4 -140.15 47.98 -101.67 0 0 7.9 -20.35 -41.82 13.89 7.12 -0 -0 26.44 -72.12 -17.39
0.88 17.5 8.78 -8 -1.1 7.06 0 0 0 -14.48 -30.01 16.17 0.01 -0.5 -1.38 -3.95 34.58 -27.21 0.01 -0.53 -1.46 0 0 0 26.93 22.95 3.34 -0.28 -3.42 9.45 -0.11 -12.87 -19.57 -0 0.45 -1.24 6.82 0.8 -1.59 2.12 1.55 -10.63 -1.63 0.27 -10.36 -0.64 -3 -15.15 3.72 -5.29 27.39 0.72 -2 11.56 -0 0 0 -86.43 -18.32 72.51 138.2 -49.1 -100.21 -0 0 -5.66 49.55 -25.91 -27.13 -7.12 0 -0 11.34 -6.2 -12.74 -0 0 0 85.28 24.23 68.08 -143.38 45.94 -104.03 0 0 3.9 -21.05 -44.2 15.02 7.12 -0 -0 30.63 -74.31 -21.68
0.87 17.54 8.8 -7.83 -0.48 7.87 0 0 0 -14.39 -31.1 15.67 0.01 -0.58 -1.58 -4.08 34.97 -27.33 0.01 -0.54 -1.47 0 0 0 26.64 23.57 3.38 -0.23 -3.07 8.46 0.01 -13.98 -19.73 -0 0.04 -0.1 6.93 0.81 -1.99 1.86 1.56 -11.46 -1.96 0.21 -11.07 -0.79 -3.07 -14.39 4.33 -5.59 28.53 0.94 -2.06 11.89 0 -0 0 -78.12 -22.98 57.39 142.01 -46.83 -103.04 -0 0 -5.55 48.68 -24.55 -25.3 -7.12 0 -0 11.23 -4.11 -12.24 0 -0 0 75.39 26.63 52.45 -146.55 43.67 -106.27 0 0 5.72 -21.82 -42.9 15.25 7.12 -0 -0 26.76 -73.55 -18.42
0.88 17.53 8.82 -7.86 -0.49 7.3 0 0 0 -14.51 -30.36 16.04 0.01 -0.56 -1.53 -3.92 34.45 -26.95 0.01 -0.58 -1.59 0 0 0 26.96 23.26 4.19 -0.22 -3 8.27 0 -13.93 -19.76 -0 -0.04 0.1 7.12 0.68 -2.17 1.97 1.35 -10.98 -1.94 0.12 -10.42 -1.08 -3.05 -14.26 4.23 -5.5 29.16 0.97 -2.05 12.11 -0 0 0 -76.19 -22.28 52.1 143.36 -45.95 -104.02 -0 0 -7.08 48.7 -23.16 -24.12 -7.12 0 -0 11.61 -2.38 -12.34 -0 0 0 72.06 26.32 50.72 -147.01 43.33 -106.58 0 0 6.16 -21.29 -42.18 14.66 7.12 -0 -0 25.97 -72.76 -17.42
0.87 17.5 8.83 -7.79 -1.01 6.62 0 0 0 -14.25 -28.35 15.49 0 -0.34 -0.93 -3.56 33.14 -26.01 0.03 -1.1 -3.02 0 0 0 27.1 22.83 4.36 -0.26 -3.28 9.05 -0.09 -13.14 -19.74 -0 0.18 -0.48 7.02 0.62 -2.11 1.86 1.26 -10.84 -2 0.09 -10.3 -0.59 -2.9 -13.76 3.81 -5.37 30.58 0.76 -1.98 12.55 0 0 0 -84.03 -16.14 63.81 140.77 -47.6 -102.14 -0 0 -6.11 48.55 -22.76 -23.66 -7.12 0 -0 11.63 -1.8 -12.24 0 0 0 81.11 23.12 64.67 -143.89 45.59 -104.4 0 0 6.8 -22.67 -42.54 15.77 7.12 -0 -0 24.93 -73.55 -17.12
0.86 17.48 8.84 -7.68 -1.12 6.44 0 0 0 -14.78 -28.72 16.19 0 -0.37 -1.01 -3.69 33.63 -26.42 0.03 -1.06 -2.9 0 0 0 27 22.54 4.3 -0.28 -3.4 9.38 -0.13 -12.87 -19.81 -0.01 0.6 -1.64 7.12 0.67 -1.85 1.56 1.33 -11.04 -2.38 0.08 -10.68 -1.08 -3.16 -14.11 4.44 -5.9 31.48 1.01 -2.16 13.06 -0 0 0 -88.33 -12.7 79.23 135.14 -50.7 -97.87 -0 0 -8.16 50.29 -26.71 -28.42 -7.12 0 -0 11.52 -7.56 -13.18 -0 0 0 88.19 19.81 80.44 -139.14 48.57 -100.91 0 0 8.52 -32.17 -47.77 24.98 7.12 -0 -0 27.09 -81.59 -23.02
0.85 17.5 8.84 -7.92 -1 7.11 0 0 0 -14.16 -29.24 15.83 0.01 -0.54 -1.49 -3.78 33.93 -26.58 0.02 -0.83 -2.28 0 0 0 27.12 23.03 3.97 -0.25 -3.22 8.9 -0.08 -13.25 -19.71 -0 0.32 -0.88 7.1 0.76 -2.03 1.64 1.48 -11.58 -2.29 0.14 -11.18 -1.02 -3.28 -13.38 4.43 -6.04 31.01 0.98 -2.25 12.71 0 -0 0 -84.74 -15.69 82.63 137.27 -49.61 -99.5 -0 0 -7.72 52.37 -26.92 -30.42 -7.12 0 -0 12.58 -8.92 -14.71 0 -0 0 84.73 21.99 80.79 -141.61 47.08 -102.75 0 0 6.49 -31.65 -44.93 23.52 7.12 -0 -0 17.35 -79.06 -13.8
0.86 17.53 8.82 -7.77 -0.48 7.02 0 0 0 -14.48 -29.8 15.99 0.01 -0.52 -1.44 -3.82 34.02 -26.49 0.02 -0.79 -2.18 0 0 0 27.08 23.03 4.65 -0.2 -2.89 7.98 0.02 -13.98 -19.67 -0 0.12 -0.32 7.01 0.65 -1.9 1.62 1.35 -11.7 -2.26 0.07 -11.42 -0.84 -3.36 -13.52 3.74 -6.04 31.74 0.69 -2.3 13.01 -0 0 0 -82.43 -23.32 83.23 137.49 -49.49 -99.67 -0 0 -5.86 56 -29.13 -35.82 -7.12 0 -0 13.8 -13.81 -17.14 -0 0 0 80.85 28.89 80.12 -141.58 47.1 -102.73 0 0 8.95 -33.16 -43.43 24.19 7.12 -0 -0 10.72 -78.32 -8.34
0.85 17.51 8.79 -7.99 -0.2 6.91 0 0 0 -14.11 -29.9 15.87 0.01 -0.51 -1.41 -3.84 34 -26.09 0.02 -0.98 -2.71 0 0 0 27.3 22.87 4.52 -0.21 -2.92 8.06 0.01 -13.96 -19.7 -0 -0.04 0.12 6.94 0.37 -1.92 1.95 0.96 -11.21 -1.84 -0.07 -10.87 -1.08 -3.29 -13.82 4.11 -5.92 30.77 0.88 -2.24 12.68 -0 -0 0 -78.9 -30.77 83.36 139.16 -48.56 -100.93 -0 -0 1.99 61.07 -32.6 -44.27 -7.12 0 -0 15.2 -21.41 -20.24 -0 -0 0 77.13 36.89 81.48 -141.45 47.19 -102.63 0 0 16.82 -41.23 -40.37 29.59 7.12 -0 -0 -12.09 -78.26 9.4
0.84 17.51 8.75 -7.81 -0.27 6.68 0 0 0 -14.45 -29.95 16.05 0.01 -0.48 -1.32 -3.89 34.13 -26.11 0.03 -1.07 -2.94 0 0 0 27.12 22.69 4.31 -0.23 -3.07 8.47 -0.01 -13.74 -19.63 -0 0.05 -0.13 6.8 0.4 -1.48 1.76 1.02 -11.15 -1.97 -0.04 -11.06 -1.19 -3.48 -13.57 4.27 -6.2 30.34 0.92 -2.37 12.47 0 -0 0 -71.62 -37.24 83.55 139.28 -48.49 -101.02 -0 -0 10.76 74.3 -37.27 -65.1 -7.12 0 -0 20.08 -37.69 -28.99 0 -0 0 72.91 41.74 79.87 -139.26 48.5 -101.01 0 0 20.23 -39.05 -23.65 18.02 7.12 -0 -0 -11.55 -59.02 3.99
0.82 17.52 8.73 -7.91 -0.24 6.79 0 0 0 -14.19 -30.13 15.93 0.01 -0.5 -1.37 -3.95 34.31 -26.09 0.03 -1.1 -3.04 0 0 0 27.21 22.73 4.02 -0.23 -3.1 8.57 -0.01 -13.67 -19.58 -0 0.03 -0.07 6.27 0.26 -1.8 2 0.77 -10.69 -1.41 -0.08 -10.36 -1.22 -3.52 -13.54 4.2 -6.16 29.33 0.9 -2.39 12.06 0 -0 0 -62.71 -43.45 81.35 138.65 -48.85 -100.55 -0 -0 16.55 80.87 -37.72 -75.28 -7.12 0 -0 23.78 -44.77 -34.63 0 -0 0 67.3 46.13 81.49 -138.89 48.71 -100.73 0 0 30.88 -51.95 -35.27 36.42 7.12 -0 -0 -40.76 -75.93 30.64
0.82 17.52 8.71 -8.07 -0.04 6.98 0 0 0 -13.74 -30.36 15.49 0.01 -0.46 -1.25 -3.9 34.16 -26.15 0.02 -0.96 -2.65 0 0 0 27.3 22.81 3.74 -0.23 -3.1 8.57 -0.01 -13.72 -19.62 -0 -0.23 0.64 6.32 0.3 -1.64 1.82 0.83 -10.73 -1.63 -0.06 -10.48 -2.55 -3.86 -13.44 5.66 -6.82 30.11 1.59 -2.63 12.49 0 -0 0 -56.58 -49 79.6 138.95 -48.68 -100.78 -0 -0 21.63 88.22 -35.46 -86.94 -7.12 0 -0 31.22 -51.87 -45.23 0 -0 0 62 49.56 78.65 -139.78 48.2 -101.4 0 0 35.58 -54.63 -37.24 40.45 7.12 -0 -0 -54 -78.29 43.85
0.82 17.53 8.7 -8.02 0.14 6.94 0 0 0 -13.72 -30.33 15.41 0.01 -0.47 -1.28 -3.86 34 -25.95 0.02 -0.93 -2.56 0 0 0 27.26 22.79 3.83 -0.23 -3.06 8.45 0.03 -13.98 -19.57 -0 -0.07 0.19 6.15 0.11 -1.75 1.94 0.56 -10.64 -1.38 -0.17 -10.33 -2.07 -3.95 -13.4 3.96 -6.69 32.25 0.88 -2.7 13.28 0 -0 0 -52.71 -51.92 76.87 139.77 -48.21 -101.39 -0 -0 20.16 89.13 -37.62 -88.57 -7.12 0 -0 30.22 -53.79 -43.32 0 -0 0 56.96 52.94 76.37 -139.8 48.19 -101.41 0 0 37.55 -57.59 -38.73 44.58 7.12 -0 -0 -71.41 -79.51 61.03
0.83 17.53 8.71 -7.98 0.02 6.77 0 0 0 -14.11 -30.36 15.97 0.01 -0.55 -1.51 -3.92 34.24 -26.21 0.01 -0.71 -1.96 0 0 0 27.23 22.59 3.93 -0.23 -3.09 8.53 0.01 -13.8 -19.5 -0 -0.04 0.12 6.4 0.31 -1.93 1.57 0.79 -10.48 -1.94 -0.09 -10.02 -1.48 -4.14 -13.67 3.52 -7.19 34.96 0.52 -2.84 14.52 -0 -0 0 -52.42 -53.55 75.93 139.16 -48.56 -100.93 -0 -0 22.12 88.4 -37.2 -87.36 -7.12 0 -0 29.93 -52.81 -43.07 -0 -0 0 53.61 54.23 72.79 -139.73 48.23 -101.36 0 0 37.43 -57.59 -39.01 44.76 7.12 -0 -0 -72.5 -79.72 62.28
0.84 17.52 8.71 -7.97 -0.01 6.44 0 0 0 -14.34 -30.15 16.32 0.01 -0.54 -1.49 -3.9 34.15 -26.1 0.02 -0.82 -2.26 0 0 0 27.33 22.44 4.17 -0.24 -3.15 8.7 0.01 -13.8 -19.49 -0 0.12 -0.34 6.57 0.26 -1.78 1.51 0.73 -10.42 -2.1 -0.13 -10.05 -1.72 -4.07 -13.42 3.58 -7.15 36.5 0.6 -2.82 15.21 0 -0 0 -51.58 -53.99 75.83 138.98 -48.66 -100.8 -0 -0 21.86 91.38 39.42 92.17 -7.12 0 -0 30.53 -56.86 -43.08 0 -0 0 52 54.72 72.7 -139.54 48.34 -101.22 0 0 38.3 -58.4 -39.69 46.08 7.12 -0 -0 -79.12 -80.05 69.04
0.84 17.53 8.7 -7.95 -0.09 6.36 0 0 0 -14.4 -30.03 16.32 0.01 -0.53 -1.45 -3.88 34.08 -26.07 0.01 -0.74 -2.03 0 0 0 27.32 22.52 4.22 -0.25 -3.19 8.82 0.02 -13.85 -19.46 -0 0.17 -0.47 6.72 0.19 -1.53 1.47 0.66 -10.36 -2.22 -0.19 -10.14 -1.7 -3.96 -13.68 3.43 -7.01 37.45 0.56 -2.76 15.72 -0 0 0 -50.54 -54.3 76 139.15 -48.57 -100.92 -0 -0 22.78 91.65 38.53 92.64 -7.12 0 -0 31.71 -56.87 -44.82 -0 0 0 50.79 55.1 72.72 -140.07 48.03 -101.61 0 0 38.76 -59.75 -40.38 48 7.12 -0 -0 -88.48 -80.09 78.4
0.85 17.53 8.68 -7.93 -0.3 6.44 0 0 0 -14.44 -30.14 16.28 0.01 -0.52 -1.42 -3.93 34.29 -26.3 0.01 -0.67 -1.83 0 0 0 27.18 22.48 4.09 -0.23 -3.12 8.61 0.02 -13.68 -19.17 -0 0.29 -0.79 6.71 0.25 -1.13 1.43 0.76 -10.33 -2.26 -0.14 -10.34 -1.6 -3.96 -13.84 3.51 -7.05 37.28 0.56 -2.75 15.68 0 -0 0 -50.36 -54.78 75.14 138.8 -48.76 -100.67 -0 -0 23.81 91.24 37.48 92.04 -7.12 0 -0 32.37 -56.1 -45.99 0 -0 0 50.59 55.28 71.7 -139.77 48.21 -101.39 0 0 38.44 -57.32 -38.15 43.92 7.12 -0 -0 -68.06 -79.1 57.43
0.84 17.54 8.66 -8.04 -0.58 6.76 0 0 0 -14.2 -30.43 16.06 0.01 -0.54 -1.47 -4.06 34.73 -26.54 0.01 -0.67 -1.83 0 0 0 27.2 22.83 3.96 -0.21 -2.97 8.21 0.07 -13.82 -18.75 -0.01 0.48 -1.33 6.71 0.3 -0.71 1.43 0.88 -10.46 -2.28 -0.1 -10.73 -1.58 -3.96 -14.03 3.72 -7.11 36.82 0.63 -2.75 15.51 -0 0 0 -49.86 -55.04 74.8 139.22 -48.53 -100.97 -0 -0 23.22 91.4 37.94 92.28 -7.12 0 -0 32.07 -56.42 -45.46 -0 0 0 50.6 55.52 71.46 -140.2 47.95 -101.71 0 0 38.07 -58.28 -38.26 45.05 7.12 -0 -0 -72.74 -79.09 61.85
0.84 17.54 8.64 -8.12 -0.63 7.01 0 0 0 -14.05 -30.9 15.97 0.01 -0.56 -1.53 -4.13 35.03 -26.98 0 -0.4 -1.09 0 0 0 27.19 23.13 3.74 -0.21 -2.95 8.14 0.09 -13.85 -18.57 -0 0.39 -1.06 6.75 0.36 -0.39 1.37 0.99 -10.5 -2.37 -0.06 -10.96 -1.39 -3.97 -14.5 3.69 -7.18 36.82 0.56 -2.74 15.61 0 -0 0 -49.98 -55.21 75.2 139.38 -48.43 -101.1 -0 -0 23.99 89.96 -36.99 -89.94 -7.12 0 -0 31.58 -54.5 -45.21 0 -0 0 51.34 55.51 72.13 -140.4 47.83 -101.86 0 0 37.96 -57.17 -36.8 42.88 7.12 -0 -0 -63.06 -78.02 51.69
0.83 17.54 8.61 -8.24 -0.55 7 0 0 0 -13.64 -30.69 15.67 0.01 -0.58 -1.58 -4.13 34.89 -26.39 0.01 -0.63 -1.72 0 0 0 27.32 23.05 3.53 -0.22 -2.99 8.25 0.06 -13.72 -18.77 -0 0.11 -0.3 6.69 0.32 0.33 1.39 0.99 -10.39 -2.32 -0.06 -11.27 -1.41 -4.07 -15 4.01 -7.38 36.09 0.65 -2.79 15.4 0 0 0 -51.04 -55.32 75.64 139.86 -48.16 -101.45 -0 -0 23.57 88.47 -37.12 -87.46 -7.12 0 -0 30.06 -52.85 -43.26 0 0 0 52.18 55.3 72.09 -141.09 47.41 -102.36 0 0 37.51 -55.92 -36.39 41.24 7.12 -0 -0 -56.89 -77.62 45.75
0.82 17.55 8.58 -8.31 -0.34 7.3 0 0 0 -13.27 -31.06 15.24 0.01 -0.59 -1.61 -4.19 35.01 -26.21 0.01 -0.69 -1.89 0 0 0 27.25 23.2 3.11 -0.21 -2.99 8.24 0.11 -13.91 -18.46 -0 0.3 -0.82 6.74 0.29 0.91 1.33 1.01 -10.43 -2.42 -0.08 -11.67 -1.67 -4.06 -15.22 4.9 -7.5 34.83 1.03 -2.78 14.92 0 -0 0 -52.44 -55 76.05 139.75 -48.22 -101.37 -0 -0 22.74 87.52 -37.87 -85.96 -7.12 0 -0 28.59 -52.11 -41.18 0 -0 0 53.2 54.71 72.43 -141.42 47.2 -102.61 0 0 36.97 -55.1 -35.31 39.64 7.12 -0 -0 -51.34 -76.53 39.9
0.81 17.55 8.56 -8.44 -0.22 7.45 0 0 0 -12.89 -31.23 14.9 0.01 -0.58 -1.6 -4.21 35.02 -26.11 0.01 -0.59 -1.63 0 0 0 27.32 23.25 2.79 -0.22 -3 8.28 0.12 -13.96 -18.43 -0 0.25 -0.7 6.94 0.53 1.41 1.02 1.36 -10.57 -2.92 0.04 -12.11 -1.12 -4.39 -15.11 5.2 -8.12 33.04 0.94 -2.98 14.1 0 -0 0 -58.8 -51.64 75.73 133.6 -51.44 -96.67 -0 -0 19.51 84.72 -36.77 -81.21 -7.12 0 -0 27.18 -48.44 -39.57 0 -0 0 57.86 51 69.97 -136.78 49.87 -99.13 0 0 33.64 -52.72 -34.99 37 7.12 -0 -0 -42.79 -75.8 32.18
0.81 17.54 8.51 -8.38 -0.28 7.1 0 0 0 -12.97 -30.88 14.76 0.01 -0.47 -1.28 -4.12 34.71 -25.84 0.01 -0.69 -1.89 0 0 0 27.23 22.87 2.67 -0.23 -3.1 8.55 0.06 -13.53 -18.5 -0 0.02 -0.04 6.68 0.55 1.32 1.14 1.36 -10.35 -2.64 0.09 -11.79 -2.27 -4.69 -14.66 6.52 -8.51 31.26 1.59 -3.17 13.37 -0 -0 0 -72.09 -45.91 71.86 104.42 -59.2 -72.46 -0 -0 5.23 77.37 -38.06 -70.02 -7.12 0 -0 21.4 -41.36 -31.06 -0 -0 0 69.07 45.83 66.33 -112.99 57.91 -79.77 0 0 20.05 -41.23 -32.98 25.5 7.12 -0 -0 -14.3 -70.3 8.7
0.82 17.53 8.44 -8.31 -0.58 6.39 0 0 0 -12.73 -29.43 14.21 0 -0.31 -0.85 -3.85 33.67 -24.72 0.02 -1.01 -2.78 0 0 0 27.24 22.63 2.59 -0.28 -3.39 9.37 0.02 -13.15 -18.4 -0 0.28 -0.76 6.67 0.55 1.38 1.33 1.39 -10.27 -2.44 0.12 -11.73 -2.95 -4.3 -13.82 6.81 -7.78 30.67 1.95 -2.93 12.94 0 -0 0 -89.08 -42.18 64.08 45.11 -50.82 -22.32 -0 0 -3.56 67.59 -35.13 -54.37 -7.12 0 -0 17.51 -29.46 -24.57 0 -0 0 80.4 42.82 65.8 -65.15 57.53 -38.66 0 -0 -8.36 -27.78 -35.74 17.1 7.12 -0 -0 8.26 -68.93 -4.75
0.82 17.54 8.4 -8.29 -1.33 6.65 0 0 0 -12.3 -28.71 13.33 0 -0.24 -0.66 -3.76 33.39 -24.69 0.02 -0.94 -2.58 0 0 0 27.07 23.31 2.06 -0.31 -3.56 9.83 0.03 -13 -18.14 -0.01 0.57 -1.57 7.12 0.65 1.23 1.39 1.55 -10.28 -2.64 0.16 -11.65 -3.41 -4 -13.65 6.89 -7.05 28.68 2.14 -2.7 12.06 -0 -0 0 -97.4 -40.33 47.32 18 -28.16 -4.55 -0 -0 9 54.29 -30.9 -35.54 -7.12 0 -0 12.33 -14.82 -15.39 -0 -0 0 88.18 38.08 61.47 -37.26 46.36 -16.43 0 -0 -4.21 -16.33 -31.63 8.73 7.12 -0 -0 18.5 -61.72 -7.67
0.85 17.53 8.43 -8.12 -1.87 7.05 0 0 0 -12.88 -29.18 13.76 0 -0.33 -0.9 -3.96 34.21 -25.58 0.01 -0.65 -1.78 0 0 0 26.74 23.77 2.3 -0.27 -3.33 9.21 0.08 -13.14 -17.71 -0.02 0.94 -2.57 7.57 0.68 0.91 1.34 1.56 -10.16 -2.94 0.13 -11.31 -1.37 -3.65 -12.86 4.4 -6.08 25.07 1.01 -2.44 10.31 -0 0 0 -99.78 -37.62 -4.4 7.03 -11.97 -0.74 -0 -0 40.39 45.1 -24.12 -22.3 -7.12 0 -0 9.32 -2.03 -9.77 -0 0 0 92.72 32.75 51.82 -22.44 33.47 -6.83 0 0 2.97 -7.47 -29.25 3.66 7.12 -0 -0 25.85 -57.51 -8.29
0.89 17.5 8.49 -9.4 -1.67 6.92 0 0 0 -11.68 -28.76 14.13 0 -0.37 -1.01 -3.81 33.79 -25.66 0.01 -0.62 -1.71 0 0 0 28.3 23.22 3 -0.24 -3.12 8.62 0.08 -13.12 -17.7 -0.04 1.29 -3.55 10.03 0.6 2.16 1.42 1.8 -10.1 -4.26 -0.01 -12 -0.52 -3.43 -12.72 3.56 -5.56 22.1 0.65 -2.28 9.16 -0 0 0 -97.17 -26.4 -30.85 6.73 -11.48 -0.68 -0 -0 46.19 44.63 -18.81 -17.66 -7.12 0 -0 10.3 4.75 -9.57 -0 0 0 92.85 26.28 38.76 -14.61 23.6 -3.07 0 0 11.98 -6.05 -26.66 2.72 7.12 -0 -0 25.39 -54.91 -6.49
0.88 17.52 8.59 -7.96 -1.2 7.82 0 0 0 -13.58 -30.5 14.59 0.01 -0.58 -1.6 -4.15 34.96 -26.45 0 -0.44 -1.2 0 0 0 26.47 24.06 2.81 -0.21 -2.97 8.21 0.15 -14.22 -18.44 -0.02 0.81 -2.22 7.66 0.53 1.1 1.43 1.37 -9.6 -2.87 0.07 -10.8 -0.39 -3.37 -12.94 4.02 -5.39 18.13 0.82 -2.21 7.86 0 -0 0 -95.71 -14.11 -28.99 6.88 -11.72 -0.71 -0 -0 48.95 42.89 -20.21 -17.79 -7.12 0 -0 8.94 3.58 -8.47 0 -0 0 90.77 17.12 26.89 -13.43 21.91 -2.61 0 0 17.27 3.21 -29.91 -1.6 7.12 -0 -0 36.63 -55.87 -10.81
0.89 17.52 8.69 -8.05 0.65 8.24 0 0 0 -14.24 -33.14 16.14 0.02 -0.89 -2.45 -4.66 36.41 -26.91 0.01 -0.62 -1.71 0 0 0 26.61 23.65 3.13 -0.17 -2.69 7.42 0.28 -15.84 -19.39 -0.03 1.15 -3.17 7.37 0.25 1.11 1.66 0.98 -9.33 -2.43 -0.06 -10.53 -1.4 -3.78 -13.74 5.7 -5.93 15.54 1.47 -2.41 7.25 -0 -0 0 -94.96 -3.6 -22.11 7.1 -12.08 -0.75 -0 -0 40.37 40.27 -18.9 -15.34 -7.12 0 -0 7.62 6 -6.85 -0 -0 0 87.81 7.54 23.43 -12.1 19.95 -2.14 0 0 15.88 1.21 -26.67 -0.55 7.12 -0 -0 32.26 -53.57 -7.4
0.88 17.51 8.79 -8.24 2.47 8.77 0 0 0 -14.06 -35.01 16.56 0.03 -1.03 -2.84 -4.78 36.74 -26.99 0.01 -0.68 -1.86 0 0 0 26.94 23.5 3.33 -0.15 -2.48 6.84 0.36 -17.18 -20.71 -0.02 0.85 -2.33 7.16 0.18 1.23 1.72 0.89 -9.17 -2.24 -0.08 -10.43 -1.98 -4.44 -14.87 6.95 -6.81 13.89 1.86 -2.78 7.02 0 0 0 -93.78 4 -16.64 7.2 -12.24 -0.77 -0 -0 39.21 38.28 -16.55 -12.67 -7.12 0 -0 6.81 9.36 -5.65 0 0 0 87.53 -1.17 16.57 -11.96 19.74 -2.09 0 0 17.7 3.77 -26.68 -1.69 7.12 -0 -0 34.6 -53.12 -7.64
0.87 17.49 8.87 -8.5 3.24 9.7 0 0 0 -14.12 -37.23 17.22 0.03 -1.16 -3.18 -5.27 38.27 -28.53 0 -0.44 -1.21 0 0 0 26.91 23.35 2.56 -0.14 -2.38 6.56 0.36 -17.34 -20.96 -0.01 0.72 -1.98 6.98 0.54 0.9 1.83 1.35 -9.34 -2.06 0.16 -10.38 -2.75 -4.97 -15.5 8.13 -7.52 13.23 2.27 -3.05 7.02 0 -0 0 -92.43 8.32 -19.16 6.12 -10.47 -0.56 -0 -0 47.66 35.54 -16.04 -11.16 -7.12 0 -0 5.13 10.59 -4.12 0 -0 0 88.45 -7.85 6.34 -10.4 17.36 -1.59 0 0 23.62 4.5 -25.67 -1.95 7.12 -0 -0 34.53 -52.15 -6.74
0.86 17.49 8.99 -8.67 4.7 9.98 0 0 0 -14.55 -39.08 18.71 0.05 -1.4 -3.84 -5.63 39.22 -29.1 0.01 -0.52 -1.42 0 0 0 27.62 23.56 3.71 -0.09 -1.95 5.37 0.57 -19.05 -21.69 -0 -0.06 0.17 6.93 0.58 0.06 1.76 1.33 -9.3 -2.1 0.18 -9.83 -2.94 -5.62 -15.35 8.56 -8.4 12.81 2.35 -3.46 6.94 -0 -0 0 -91.12 11.09 -20.72 5.54 -9.5 -0.46 -0 -0 52.75 31.19 -14.26 -8.48 -7.12 0 -0 2.5 13.45 -1.85 -0 -0 0 90.22 -13.47 -0.39 -9.36 15.73 -1.3 0 0 26.57 7.22 -25.13 -3.08 7.12 -0 -0 36.58 -51.25 -6.36
0.85 17.48 9.1 -8.68 5.53 10.05 0 0 0 -15.44 -40.25 20.39 0.06 -1.57 -4.32 -5.9 39.98 -29.92 0.01 -0.53 -1.46 0 0 0 28.23 23.87 5.41 -0.05 -1.37 3.78 0.79 -20.63 -22.19 -0.01 -0.69 1.9 6.74 0.81 -1.21 1.59 1.48 -9.04 -2.17 0.3 -8.76 -3.81 -6.08 -14.93 9.65 -9.06 13.16 2.77 -3.73 7.12 -0 -0 0 -90.55 12.44 -22.5 5.38 -9.22 -0.43 -0 -0 54.01 25.11 -12 -5.56 -7.12 0 -0 -1.46 16.77 0.97 -0 -0 0 92.32 -17.37 -6.7 -8.08 13.68 -0.97 0 0 33.64 10.63 -22.99 -4.19 7.12 -0 -0 38.05 -48.96 -4.29
0.85 17.47 9.19 -8.56 5.31 9.9 0 0 0 -16.58 -40.71 21.76 0.06 -1.53 -4.21 -5.89 40.36 -31.69 0 0.01 0.02 0 0 0 28.43 24.01 6.21 -0.04 -1.28 3.52 0.86 -20.9 -22.03 -0.03 -1.09 3 6.45 1.15 -2.4 1.51 1.78 -8.45 -2.08 0.52 -7.39 -3.9 -6.23 -14.17 9.62 -9.25 13.02 2.77 -3.85 6.96 -0 -0 0 -91.2 12.2 -26.17 5.52 -9.46 -0.46 -0 -0 55.88 19.75 -6.58 -2.35 -7.12 0 -0 -5.15 23 2.74 -0 -0 0 93.8 -18.85 -12.09 -7.43 12.62 -0.82 0 0 37.31 18.06 -22.77 -7.19 7.12 -0 -0 43.93 -47.66 -3.55
0.86 17.46 9.21 -8.46 4.27 9.6 0 0 0 -16.33 -38.76 21.13 0.06 -1.52 -4.19 -5.53 39.45 -31.06 0 0.06 0.17 0 0 0 28.42 23.93 6.26 -0.05 -1.5 4.13 0.78 -20.25 -21.57 -0.03 -1.12 3.09 6.39 1.55 -2.95 1.3 2.23 -7.97 -2.27 0.77 -6.51 -4.19 -6.14 -12.65 10.3 -9.22 13.09 3.08 -3.84 6.76 0 0 0 -91.59 11.73 -26.03 5.81 -9.94 -0.51 -0 -0 52.5 15.75 -4.08 -1.15 -7.12 0 -0 -8.21 25.73 3.87 0 0 0 94.76 -18.45 -14.63 -7.16 12.18 -0.77 0 0 38.66 20.2 -23.42 -8.32 7.12 -0 -0 46.04 -47.84 -4.05
0.87 17.45 9.23 -8.27 3.77 9.25 0 0 0 -16.88 -38.04 21.52 0.06 -1.53 -4.21 -5.43 39.27 -31.2 0 0.21 0.56 0 0 0 28.17 23.45 6.51 -0.05 -1.49 4.09 0.7 -19.59 -21.24 -0.03 -1.06 2.91 6.18 1.51 -3.06 1.34 2.17 -7.86 -2.1 0.76 -6.33 -4.77 -5.98 -11.75 10.64 -9.14 14.71 3.32 -3.79 7.17 -0 0 0 -91.88 11.46 -22.81 5.89 -10.08 -0.52 -0 -0 49.63 15.31 -5.16 -1.41 -7.12 0 -0 -8.48 24.63 4.22 -0 0 0 93.99 -17.44 -12.86 -7.09 12.06 -0.75 0 0 38.46 21.36 -22.67 -8.57 7.12 -0 -0 46.38 -47.09 -3.04
0.88 17.45 9.22 -8.38 3.48 9.28 0 0 0 -17.13 -38.33 22.01 0.06 -1.56 -4.29 -5.54 39.68 -31.89 0 0.44 1.21 0 0 0 28.24 23.62 6.66 -0.05 -1.41 3.89 0.71 -19.54 -21.05 -0.01 -0.68 1.86 6.17 1.38 -3.19 1.57 2 -8.07 -1.85 0.68 -6.51 -4.3 -5.73 -11.54 9.41 -8.9 17.16 2.87 -3.69 7.82 0 0 0 -91.82 11.15 -19.5 5.8 -9.93 -0.5 -0 -0 48.3 17 -7.72 -2.35 -7.12 0 -0 -7.14 21.94 3.99 0 0 0 92.78 -15.59 -13.75 -6.95 11.84 -0.72 0 0 40.73 21.25 -22.49 -8.46 7.12 -0 -0 46.17 -46.97 -2.84
0.89 17.45 9.21 -8.37 3.33 9.39 0 0 0 -17.24 -38.46 22.02 0.06 -1.55 -4.26 -5.61 39.88 -32.08 0 0.39 1.07 0 0 0 28.15 23.81 6.67 -0.04 -1.36 3.75 0.73 -19.69 -21.02 -0 -0.22 0.61 6.16 1.29 -3.27 1.66 1.89 -8.28 -1.75 0.62 -6.7 -4.08 -5.67 -11.38 8.74 -8.88 18.88 2.63 -3.68 8.32 -0 0 0 -91.55 10.44 -16.46 5.83 -9.97 -0.51 -0 -0 46.46 19.25 -8.1 -2.82 -7.12 0 -0 -5.5 21.42 3.13 -0 0 0 92.01 -13.97 -14.58 -6.96 11.85 -0.72 0 0 41.17 20.15 -22.18 -7.89 7.12 -0 -0 45.13 -46.89 -2.64
0.91 17.45 9.2 -8.35 3.03 9.31 0 0 0 -17.7 -38.72 22.53 0.06 -1.58 -4.34 -5.73 40.31 -32.74 0.01 0.77 2.12 0 0 0 28.08 23.96 6.89 -0.04 -1.29 3.56 0.75 -19.72 -20.85 -0 -0.24 0.67 6.18 1.32 -3.13 1.68 1.95 -8.4 -1.74 0.64 -6.9 -3.95 -5.68 -11.39 8.44 -8.98 20.14 2.5 -3.71 8.73 0 0 0 -91.5 9.7 -16.25 5.91 -10.11 -0.52 -0 -0 45.1 21.67 -8.54 -3.38 -7.12 0 -0 -3.76 20.81 2.18 0 0 0 91.53 -12.72 -14.98 -7.1 12.08 -0.75 0 0 39.64 21.27 -23.07 -8.68 7.12 -0 -0 46.61 -47.41 -3.52
0.93 17.45 9.19 -8.39 3.04 9.3 0 0 0 -17.92 -39 22.82 0.06 -1.59 -4.38 -5.7 40.4 -33.33 0.03 1.06 2.92 0 0 0 28.1 24.03 7.04 -0.04 -1.22 3.37 0.78 -19.89 -20.89 -0 -0.35 0.96 6.26 1.31 -3.31 1.66 1.93 -8.51 -1.81 0.62 -6.92 -3.79 -5.73 -11.36 8.04 -9.1 21.31 2.32 -3.77 9.11 0 0 0 -91.48 9.56 -15.09 5.97 -10.22 -0.53 -0 -0 43.47 22.5 -8.22 -3.39 -7.12 0 -0 -3.15 21.09 1.81 0 0 0 91.45 -12.11 -15.64 -7.04 11.98 -0.74 0 0 40.42 21.89 -22.94 -8.9 7.12 -0 -0 46.97 -47.21 -3.27
0.94 17.45 9.18 -8.31 3 9.21 0 0 0 -17.79 -38.56 22.55 0.06 -1.62 -4.47 -5.63 40.1 -32.73 0.02 0.97 2.67 0 0 0 27.95 23.93 7 -0.04 -1.26 3.47 0.78 -19.84 -20.75 -0 -0.22 0.62 6.11 1.3 -3.41 1.68 1.9 -8.5 -1.7 0.62 -6.86 -3.87 -5.74 -11.27 8.23 -9.2 21.83 2.4 -3.79 9.29 -0 -0 0 -91.63 9.58 -13.9 6.01 -10.28 -0.54 -0 -0 42.13 21.37 -7.86 -3.06 -7.12 0 -0 -3.97 21.56 2.24 -0 -0 0 91.5 -11.52 -16.97 -6.93 11.81 -0.72 0 0 41.22 22.11 -22.54 -8.85 7.12 -0 -0 46.85 -46.88 -2.78
0.95 17.44 9.17 -8.23 3.14 9.03 0 0 0 -17.94 -38.4 22.63 0.07 -1.65 -4.53 -5.58 39.93 -32.48 0.01 0.79 2.17 0 0 0 27.93 23.9 7.25 -0.04 -1.25 3.42 0.76 -19.91 -21.11 -0.01 -0.51 1.4 5.87 1.14 -3.56 1.75 1.67 -8.43 -1.48 0.53 -6.72 -3.7 -5.65 -11.17 8.17 -9.14 22.3 2.36 -3.74 9.42 0 0 0 -91.88 10.09 -10.74 6.24 -10.67 -0.58 -0 -0 38.99 20.41 -7.38 -2.74 -7.12 0 -0 -4.66 22.12 2.57 0 0 0 91.42 -10.93 -16.99 -6.98 11.89 -0.73 0 0 40.72 23.45 -22.47 -9.41 7.12 -0 -0 47.77 -46.62 -2.47
0.95 17.45 9.16 -8.22 3.08 8.91 0 0 0 -18.11 -38.42 22.81 0.06 -1.63 -4.49 -5.57 39.96 -32.64 0.02 0.87 2.38 0 0 0 27.92 23.88 7.31 -0.04 -1.26 3.46 0.76 -19.86 -21.05 -0.01 -0.52 1.42 5.79 1.03 -3.63 1.85 1.52 -8.34 -1.33 0.47 -6.6 -3.63 -5.57 -11.06 8.01 -9.02 22.52 2.31 -3.7 9.46 0 -0 0 -92.12 10.41 -7.94 6.47 -11.05 -0.63 -0 -0 36.23 19.45 -7 -2.46 -7.12 0 -0 -5.37 22.57 2.91 0 -0 0 91.2 -10.09 -16.76 -6.94 11.82 -0.72 0 0 40.71 24.13 -22.13 -9.58 7.12 -0 -0 48.02 -46.25 -1.95
0.95 17.44 9.15 -8.08 2.92 8.86 0 0 0 -18.38 -38.4 22.93 0.06 -1.64 -4.51 -5.68 40.15 -32.57 0.02 0.85 2.34 0 0 0 27.73 23.88 7.36 -0.04 -1.24 3.4 0.75 -19.77 -20.99 -0.01 -0.52 1.43 5.65 1.11 -3.68 1.74 1.62 -8.4 -1.36 0.52 -6.63 -3.54 -5.59 -10.91 7.93 -9.09 22.87 2.27 -3.72 9.55 -0 -0 0 -92.01 10.44 -7.42 6.52 -11.12 -0.64 -0 -0 35.56 18.98 -6.95 -2.38 -7.12 0 -0 -5.71 22.65 3.09 -0 -0 0 91.28 -9.8 -15.51 -7.04 11.98 -0.74 0 0 39.7 24.32 -22.31 -9.73 7.12 -0 -0 48.28 -46.36 -2.12
0.95 17.44 9.13 -8.16 2.83 8.8 0 0 0 -18.16 -38.21 22.78 0.06 -1.64 -4.51 -5.62 40.01 -32.46 0.02 0.92 2.53 0 0 0 27.82 23.9 7.36 -0.04 -1.24 3.42 0.7 -19.53 -21.11 -0.02 -0.84 2.3 5.78 1.17 -3.77 1.76 1.7 -8.35 -1.42 0.55 -6.51 -4.96 -5.6 -11.17 9.17 -9.16 23.35 2.92 -3.73 9.91 0 0 0 -92.03 10.01 -7.62 6.52 -11.12 -0.64 -0 -0 35.62 19.4 -6.98 -2.45 -7.12 0 -0 -5.41 22.59 2.93 0 0 0 91.17 -9.48 -13.96 -7.13 12.14 -0.76 0 0 38.66 24.12 -22.32 -9.65 7.12 -0 -0 48.14 -46.4 -2.18
0.94 17.44 9.12 -8.21 2.68 8.79 0 0 0 -18.19 -38.38 22.94 0.06 -1.63 -4.47 -5.61 40.11 -32.93 0.03 1.13 3.11 0 0 0 27.79 23.82 7.23 -0.04 -1.24 3.4 0.66 -19.21 -20.95 -0.02 -0.9 2.47 5.81 1.25 -3.84 1.73 1.79 -8.37 -1.46 0.6 -6.48 -3.72 -5.54 -10.58 7.84 -8.95 22.87 2.29 -3.69 9.48 -0 -0 0 -91.85 9.99 -6.46 6.67 -11.37 -0.66 -0 -0 34.3 19.7 -6.81 -2.43 -7.12 0 -0 -5.18 22.76 2.79 -0 -0 0 91.05 -9.34 -11.77 -7.25 12.33 -0.78 0 0 36.73 24.28 -22.58 -9.82 7.12 -0 -0 48.45 -46.57 -2.46
0.92 17.44 9.11 -8.28 2.67 8.78 0 0 0 -18.13 -38.52 23.01 0.06 -1.6 -4.39 -5.6 40.15 -33.15 0.04 1.23 3.39 0 0 0 27.9 23.79 7.25 -0.04 -1.22 3.36 0.67 -19.11 -20.57 -0.01 -0.66 1.81 5.71 1.2 -3.92 1.78 1.72 -8.41 -1.36 0.57 -6.48 -5.29 -5.5 -11.01 9.49 -9.07 23.67 3.11 -3.68 10.02 0 0 0 -91.74 9.87 -6.21 6.7 -11.42 -0.67 -0 -0 34.22 19.48 -6.36 -2.24 -7.12 0 -0 -5.35 23.25 2.82 0 0 0 91.02 -9.24 -9.24 -7.5 12.74 -0.84 0 0 34.44 24.01 -22.65 -9.73 7.12 -0 -0 48.3 -46.66 -2.59
0.92 17.45 9.11 -8.21 2.57 8.9 0 0 0 -18.13 -38.58 22.88 0.06 -1.59 -4.36 -5.63 40.26 -33.32 0.03 1.11 3.04 0 0 0 27.77 23.88 7.19 -0.03 -1.18 3.24 0.65 -19.1 -20.82 -0.01 -0.67 1.84 5.78 1.15 -4.12 1.7 1.63 -8.35 -1.47 0.52 -6.32 -4.61 -5.4 -10.67 8.95 -8.88 23.19 2.83 -3.61 9.7 0 0 0 -91.63 9.94 -5.05 6.95 -11.83 -0.72 -0 -0 32.75 19.65 -7.55 -2.69 -7.12 0 -0 -5.22 21.98 2.9 0 0 0 91.31 -9.3 -6.2 -8.22 13.91 -1 0 0 30.74 23.7 -22.35 -9.48 7.12 -0 -0 47.87 -46.49 -2.29
