HIERARCHY
ROOT Hips
{
	OFFSET 0.00000 0.00000 0.00000
	CHANNELS 6 Xposition Yposition Zposition Zrotation Yrotation Xrotation 
	JOINT LHipJoint
	{
		OFFSET 0 0 0
		CHANNELS 3 Zrotation Yrotation Xrotation
		JOINT LeftUpLeg
		{
			OFFSET 1.28366 -1.58472 0.87544
			CHANNELS 3 Zrotation Yrotation Xrotation
			JOINT LeftLeg
			{
				OFFSET 2.18587 -6.00562 0.00000
				CHANNELS 3 Zrotation Yrotation Xrotation
				JOINT LeftFoot
				{
					OFFSET 2.39085 -6.56880 0.00000
					CHANNELS 3 Zrotation Yrotation Xrotation
					JOINT LeftToeBase
					{
						OFFSET 0.12003 -0.32979 2.03101
						CHANNELS 3 Zrotation Yrotation Xrotation
						End Site
						{
							OFFSET 0.00000 -0.00000 1.04074
						}
					}
				}
			}
		}
	}
	JOINT RHipJoint
	{
		OFFSET 0 0 0
		CHANNELS 3 Zrotation Yrotation Xrotation
		JOINT RightUpLeg
		{
			OFFSET -1.21795 -1.58472 0.87544
			CHANNELS 3 Zrotation Yrotation Xrotation
			JOINT RightLeg
			{
				OFFSET -2.22714 -6.11902 0.00000
				CHANNELS 3 Zrotation Yrotation Xrotation
				JOINT RightFoot
				{
					OFFSET -2.40306 -6.60235 0.00000
					CHANNELS 3 Zrotation Yrotation Xrotation
					JOINT RightToeBase
					{
						OFFSET -0.15519 -0.42640 1.91430
						CHANNELS 3 Zrotation Yrotation Xrotation
						End Site
						{
							OFFSET -0.00000 -0.00000 0.99082
						}
					}
				}
			}
		}
	}
	JOINT LowerBack
	{
		OFFSET 0 0 0
		CHANNELS 3 Zrotation Yrotation Xrotation
		JOINT Spine
		{
			OFFSET 0.01180 1.76430 -0.06387
			CHANNELS 3 Zrotation Yrotation Xrotation
			JOINT Spine1
			{
				OFFSET -0.00388 1.74651 0.09536
				CHANNELS 3 Zrotation Yrotation Xrotation
				JOINT Neck
				{
					OFFSET 0 0 0
					CHANNELS 3 Zrotation Yrotation Xrotation
					JOINT Neck1
					{
						OFFSET 0.04111 1.46174 0.14397
						CHANNELS 3 Zrotation Yrotation Xrotation
						JOINT Head
						{
							OFFSET 0.00502 1.44580 -0.31711
							CHANNELS 3 Zrotation Yrotation Xrotation
							End Site
							{
								OFFSET -0.00395 1.49251 -0.12327
							}
						}
					}
				}
				JOINT LeftShoulder
				{
					OFFSET 0 0 0
					CHANNELS 3 Zrotation Yrotation Xrotation
					JOINT LeftArm
					{
						OFFSET 2.70917 1.34870 -0.15417
						CHANNELS 3 Zrotation Yrotation Xrotation
						JOINT LeftForeArm
						{
							OFFSET 4.46610 -0.00000 -0.00000
							CHANNELS 3 Zrotation Yrotation Xrotation
							JOINT LeftHand
							{
								OFFSET 3.41414 -0.00000 0.00000
								CHANNELS 3 Zrotation Yrotation Xrotation
								JOINT LeftFingerBase
								{
									OFFSET 0 0 0
									CHANNELS 3 Zrotation Yrotation Xrotation
									JOINT LeftHandIndex1
									{
										OFFSET 0.32830 -0.00000 0.00000
										CHANNELS 3 Zrotation Yrotation Xrotation
										End Site
										{
											OFFSET 0.26468 -0.00000 0.00000
										}
									}
								}
								JOINT LThumb
								{
									OFFSET 0 0 0
									CHANNELS 3 Zrotation Yrotation Xrotation
									End Site
									{
										OFFSET 0.26872 -0.00000 0.26872
									}
								}
							}
						}
					}
				}
				JOINT RightShoulder
				{
					OFFSET 0 0 0
					CHANNELS 3 Zrotation Yrotation Xrotation
					JOINT RightArm
					{
						OFFSET -3.06316 1.13725 -0.10883
						CHANNELS 3 Zrotation Yrotation Xrotation
						JOINT RightForeArm
						{
							OFFSET -4.40431 -0.00000 0.00000
							CHANNELS 3 Zrotation Yrotation Xrotation
							JOINT RightHand
							{
								OFFSET -3.04688 -0.00000 0.00000
								CHANNELS 3 Zrotation Yrotation Xrotation
								JOINT RightFingerBase
								{
									OFFSET 0 0 0
									CHANNELS 3 Zrotation Yrotation Xrotation
									JOINT RightHandIndex1
									{
										OFFSET -0.50049 -0.00000 0.00000
										CHANNELS 3 Zrotation Yrotation Xrotation
										End Site
										{
											OFFSET -0.40351 -0.00000 0.00000
										}
									}
								}
								JOINT RThumb
								{
									OFFSET 0 0 0
									CHANNELS 3 Zrotation Yrotation Xrotation
									End Site
									{
										OFFSET -0.40967 -0.00000 0.40967
									}
								}
							}
						}
					}
				}
			}
		}
	}
}
MOTION
Frames: 900
Frame Time: 0.0333332
-30.18 12.98 14.92 -175.92 -0 -176.32 0 0 0 -11.42 30.66 -52.51 16.2 19.65 78.84 3.31 -8.27 -32.99 5.32 -13.73 -42.19 0 0 0 20.1 -28.59 -52.2 -16.11 -19.63 78.57 -3.2 -0.39 -34.06 -0.02 -1 2.75 0.86 0.92 3.5 1.01 1.72 -6.41 0.37 0.97 -8.71 -2.31 -3.16 -16.5 3.83 -5.32 21.52 0.97 -2.46 9.71 0 0 0 -0.06 -15.44 66.17 137.43 -49.52 -99.62 -0 0 -18.62 54.71 -10.02 -13.81 -7.12 0 -0 18.55 13.56 -14.48 0 0 0 8.95 12.84 65.56 -128.63 53.53 -92.73 0 -0 -5.53 -57.68 36.06 -42.93 7.12 -0 -0 -12.16 22.75 -16.19
-30.18 13 14.92 -175.97 0.04 -176.4 0 0 0 -11.4 30.72 -52.21 16.07 19.63 78.44 3.26 -8.99 -32.67 5.08 -13.47 -41.17 0 0 0 20.08 -28.62 -51.95 -15.99 -19.61 78.2 -3.17 -0.61 -34 -0.01 -0.71 1.94 0.82 0.96 3.53 0.96 1.77 -6.38 0.33 0.99 -8.69 -2.25 -3.07 -16.5 3.85 -5.22 21.46 0.98 -2.41 9.69 -0 0 0 0 -15.56 66.11 137.39 -49.54 -99.6 -0 0 -18.58 54.54 -10.25 -14.03 -7.12 0 -0 18.38 13.27 -14.45 -0 0 0 8.81 12.75 65.4 -128.54 53.57 -92.66 0 -0 -5.56 -57.49 35.99 -42.68 7.12 -0 -0 -12.1 22.56 -16.08
-30.18 13.02 14.92 -175.93 0.08 -176.5 0 0 0 -11.31 30.83 -51.92 15.95 19.6 78.07 3.22 -9.15 -32.49 4.95 -13.33 -40.62 0 0 0 20.1 -28.53 -51.61 -15.86 -19.58 77.82 -3.16 -0.63 -33.92 -0.01 -0.76 2.1 0.83 1 3.59 0.94 1.81 -6.33 0.31 1.01 -8.67 -2.17 -2.97 -16.53 3.82 -5.08 21.44 0.98 -2.34 9.67 0 0 0 -0.01 -15.64 66.15 137.36 -49.56 -99.57 -0 0 -18.68 54.41 -10.32 -14.05 -7.12 0 -0 18.29 13.21 -14.39 0 0 0 8.63 12.73 65.3 -128.5 53.58 -92.62 0 -0 -5.53 -57.37 36.02 -42.56 7.12 -0 -0 -12.03 22.5 -15.97
-30.17 13.05 14.92 -175.91 0.08 -176.57 0 0 0 -11.25 30.83 -51.66 15.83 19.58 77.72 3.2 -9.28 -32.34 4.76 -13.1 -39.76 0 0 0 20.13 -28.4 -51.28 -15.74 -19.56 77.45 -3.14 -0.76 -33.85 -0.01 -0.77 2.11 0.82 1 3.66 0.93 1.81 -6.29 0.29 1 -8.68 -2.02 -2.87 -16.52 3.74 -4.94 21.36 0.95 -2.27 9.64 -0 -0 0 -0.02 -15.7 66.23 137.36 -49.56 -99.58 -0 0 -18.87 54.19 -10.36 -14 -7.12 0 -0 18.14 13.22 -14.26 -0 -0 0 8.45 12.73 65.27 -128.54 53.57 -92.66 0 -0 -5.45 -57.34 36.07 -42.57 7.12 -0 -0 -11.99 22.54 -15.93
-30.17 13.07 14.92 -175.93 0.04 -176.57 0 0 0 -11.29 30.68 -51.47 15.71 19.55 77.37 3.18 -9.19 -32.24 4.5 -12.79 -38.6 0 0 0 20.13 -28.21 -51.03 -15.62 -19.53 77.11 -3.11 -1.34 -33.88 -0 -0.23 0.63 0.75 1 3.73 0.89 1.8 -6.27 0.29 1 -8.69 -1.98 -2.8 -16.52 3.82 -4.87 21.22 0.98 -2.22 9.58 -0 -0 0 0 -15.78 66.26 137.38 -49.55 -99.59 -0 0 -18.91 54.01 -10.4 -13.96 -7.12 0 -0 18.02 13.22 -14.16 -0 -0 0 8.33 12.66 65.23 -128.6 53.54 -92.7 0 -0 -5.36 -57.35 36.1 -42.6 7.12 -0 -0 -11.98 22.58 -15.92
-30.16 13.09 14.92 -175.93 0.01 -176.54 0 0 0 -11.33 30.49 -51.33 15.61 19.53 77.06 3.16 -8.85 -32.17 4.25 -12.48 -37.47 0 0 0 20.17 -27.97 -50.84 -15.52 -19.51 76.8 -3.06 -2.04 -33.89 -0 0.41 -1.12 0.7 1.02 3.83 0.85 1.81 -6.25 0.28 1 -8.73 -1.98 -2.8 -16.49 3.97 -4.87 21 1.03 -2.2 9.5 0 0 0 0.03 -15.86 66.25 137.42 -49.53 -99.62 -0 0 -18.99 53.91 -10.34 -13.84 -7.12 0 -0 17.98 13.34 -14.07 0 0 0 8.25 12.51 65.22 -128.66 53.52 -92.75 0 -0 -5.35 -57.3 36.1 -42.54 7.12 -0 -0 -11.96 22.54 -15.89
-30.16 13.11 14.92 -175.91 0.01 -176.5 0 0 0 -11.35 30.36 -51.23 15.53 19.51 76.81 3.14 -8.63 -32.07 3.99 -12.14 -36.24 0 0 0 20.23 -27.74 -50.66 -15.42 -19.49 76.5 -3.05 -1.78 -33.73 -0 -0.11 0.31 0.69 1.04 3.96 0.8 1.83 -6.25 0.23 1.01 -8.81 -1.98 -2.81 -16.45 4.14 -4.91 20.8 1.09 -2.2 9.43 -0 -0 0 0.07 -15.9 66.23 137.45 -49.51 -99.64 -0 0 -19.04 53.93 -10.21 -13.67 -7.12 0 -0 18.02 13.54 -14.03 -0 -0 0 8.25 12.37 65.25 -128.65 53.53 -92.74 0 -0 -5.35 -57.2 36.09 -42.43 7.12 -0 -0 -11.92 22.47 -15.82
-30.16 13.13 14.91 -175.87 0.1 -176.47 0 0 0 -11.36 30.37 -51.17 15.46 19.5 76.63 3.12 -8.4 -31.96 3.8 -11.89 -35.34 0 0 0 20.3 -27.53 -50.5 -15.33 -19.47 76.23 -3.05 -1.45 -33.59 -0.01 -0.7 1.93 0.7 1.07 4.11 0.78 1.87 -6.24 0.2 1.03 -8.89 -1.98 -2.84 -16.36 4.24 -4.96 20.57 1.12 -2.21 9.34 -0 -0 0 0.12 -15.89 66.21 137.47 -49.5 -99.65 -0 0 -19.11 53.95 -10.09 -13.53 -7.12 0 -0 18.08 13.72 -14 -0 -0 0 8.25 12.31 65.32 -128.57 53.55 -92.68 0 -0 -5.38 -57.04 36.05 -42.23 7.12 -0 -0 -11.85 22.33 -15.71
-30.16 13.14 14.91 -175.9 0.2 -176.41 0 0 0 -11.48 30.42 -51.13 15.39 19.48 76.42 3.1 -8.15 -31.87 3.63 -11.65 -34.49 0 0 0 20.29 -27.4 -50.41 -15.25 -19.45 75.99 -3.02 -1.54 -33.5 -0.01 -0.68 1.87 0.66 1.12 4.23 0.75 1.93 -6.25 0.17 1.05 -8.96 -2.06 -2.89 -16.27 4.34 -5.01 20.42 1.16 -2.23 9.28 -0 0 0 0.17 -15.93 66.19 137.43 -49.52 -99.62 -0 0 -19.1 53.89 -10.07 -13.48 -7.12 0 -0 18.04 13.76 -13.96 -0 0 0 8.2 12.29 65.4 -128.45 53.6 -92.58 0 -0 -5.35 -56.91 36.03 -42.06 7.12 -0 -0 -11.8 22.21 -15.63
-30.17 13.16 14.9 -175.94 0.3 -176.29 0 0 0 -11.64 30.41 -51.1 15.31 19.46 76.16 3.08 -8.14 -31.76 3.39 -11.3 -33.28 0 0 0 20.28 -27.28 -50.39 -15.17 -19.43 75.74 -3 -1.5 -33.34 -0.01 -0.76 2.09 0.61 1.15 4.29 0.7 1.96 -6.27 0.14 1.07 -9.02 -2.1 -2.93 -16.3 4.49 -5.1 20.49 1.2 -2.26 9.32 0 0 0 0.25 -15.96 66.15 137.42 -49.53 -99.62 -0 0 -19.14 53.84 -10 -13.36 -7.12 0 -0 18.03 13.89 -13.9 0 0 0 8.21 12.31 65.42 -128.27 53.67 -92.44 0 -0 -5.16 -56.75 36.02 -41.89 7.12 -0 -0 -11.72 22.1 -15.51
-30.18 13.18 14.9 -175.96 0.39 -176.17 0 0 0 -11.75 30.33 -51.05 15.22 19.44 75.91 3.06 -8.07 -31.65 3.15 -10.93 -32.04 0 0 0 20.3 -27.16 -50.37 -15.08 -19.41 75.49 -2.97 -1.61 -33.2 -0.01 -0.71 1.95 0.6 1.19 4.33 0.65 2.01 -6.28 0.09 1.09 -9.06 -2.14 -2.99 -16.35 4.66 -5.24 20.63 1.25 -2.32 9.39 -0 0 0 0.32 -16.03 66.05 137.42 -49.53 -99.62 -0 0 -19.23 53.79 -9.88 -13.19 -7.12 0 -0 18.04 14.09 -13.82 -0 0 0 8.27 12.3 65.44 -128.11 53.73 -92.31 0 -0 -5.13 -56.54 36.01 -41.65 7.12 -0 -0 -11.62 21.95 -15.36
-30.18 13.2 14.89 -175.96 0.5 -176.1 0 0 0 -11.8 30.23 -50.96 15.15 19.43 75.69 3.02 -7.98 -31.49 2.91 -10.55 -30.79 0 0 0 20.31 -26.99 -50.28 -15 -19.39 75.23 -2.94 -1.91 -33.15 -0.01 -0.53 1.45 0.6 1.23 4.45 0.62 2.06 -6.27 0.04 1.11 -9.12 -2.28 -3.06 -16.34 4.88 -5.38 20.67 1.33 -2.37 9.42 -0 0 0 0.32 -16.08 65.91 137.36 -49.56 -99.58 -0 0 -19.27 53.71 -9.83 -13.08 -7.12 0 -0 18 14.19 -13.74 -0 0 0 8.3 12.32 65.44 -128 53.77 -92.22 0 -0 -5.11 -56.33 35.99 -41.41 7.12 -0 -0 -11.53 21.79 -15.21
-30.19 13.21 14.89 -175.92 0.62 -176.09 0 0 0 -11.76 30.17 -50.8 15.09 19.41 75.52 2.98 -7.97 -31.26 2.71 -10.21 -29.65 0 0 0 20.31 -26.75 -50.09 -14.91 -19.37 74.98 -2.9 -1.94 -32.94 -0.01 -0.71 1.94 0.62 1.24 4.64 0.62 2.07 -6.22 0.03 1.11 -9.17 -2.42 -3.13 -16.28 5.12 -5.5 20.61 1.42 -2.41 9.4 -0 0 0 0.35 -16.05 65.78 137.37 -49.55 -99.58 -0 0 -19.43 53.66 -9.8 -13.02 -7.12 0 -0 17.98 14.26 -13.7 -0 0 0 8.28 12.44 65.36 -127.94 53.79 -92.17 0 -0 -4.88 -56 36 -41.06 7.12 -0 -0 -11.36 21.59 -14.97
-30.2 13.23 14.89 -175.97 0.7 -176.09 0 0 0 -11.81 30.05 -50.57 15.03 19.4 75.31 2.93 -8.01 -30.97 2.5 -9.85 -28.48 0 0 0 20.19 -26.56 -49.91 -14.84 -19.35 74.75 -2.88 -2.01 -32.85 -0.02 -0.91 2.49 0.55 1.25 4.84 0.59 2.06 -6.14 0.03 1.11 -9.21 -2.59 -3.23 -16.25 5.44 -5.67 20.52 1.53 -2.48 9.39 0 0 0 0.44 -16.08 65.68 137.36 -49.56 -99.57 -0 0 -19.45 53.63 -9.81 -13.03 -7.12 0 -0 17.95 14.24 -13.69 0 0 0 8.25 12.55 65.27 -127.87 53.82 -92.12 0 -0 -4.74 -55.72 36.03 -40.8 7.12 -0 -0 -11.21 21.46 -14.75
-30.22 13.25 14.88 -176.05 0.71 -176.07 0 0 0 -11.88 29.88 -50.4 14.96 19.38 75.12 2.86 -8.13 -30.55 2.33 -9.53 -27.47 0 0 0 20.07 -26.44 -49.77 -14.74 -19.32 74.47 -2.89 -1.99 -32.9 -0.04 -1.24 3.4 0.52 1.25 5.04 0.52 2.04 -6.07 -0.02 1.09 -9.25 -2.76 -3.38 -16.23 5.8 -5.92 20.41 1.65 -2.57 9.38 0 0 0 0.52 -16.16 65.57 137.33 -49.57 -99.55 -0 0 -19.42 53.56 -9.73 -12.9 -7.12 0 -0 17.93 14.38 -13.61 0 0 0 8.23 12.57 65.19 -127.84 53.83 -92.09 0 -0 -4.59 -55.54 36.09 -40.64 7.12 -0 -0 -11.1 21.4 -14.6
-30.23 13.28 14.88 -176.12 0.69 -176.01 0 0 0 -11.94 29.7 -50.3 14.91 19.37 74.95 2.76 -8 -30.02 2.47 -9.78 -28.27 0 0 0 19.96 -26.28 -49.64 -14.64 -19.3 74.14 -2.85 -2.08 -32.75 -0.05 -1.46 4.01 0.52 1.24 5.24 0.46 2.02 -6.03 -0.08 1.07 -9.32 -3.03 -3.6 -16.17 6.17 -6.24 20.28 1.78 -2.71 9.36 0 0 0 0.51 -16.24 65.51 137.32 -49.58 -99.54 -0 0 -19.58 53.53 -9.61 -12.72 -7.12 0 -0 17.95 14.58 -13.54 0 0 0 8.19 12.56 65.13 -127.83 53.83 -92.08 0 -0 -4.38 -55.56 36.15 -40.7 7.12 -0 -0 -11.09 21.47 -14.58
-30.25 13.3 14.88 -176.15 0.64 -175.9 0 0 0 -12.02 29.59 -50.29 14.86 19.35 74.81 2.66 -8.02 -29.44 2.67 -10.14 -29.42 0 0 0 19.9 -26.09 -49.56 -14.52 -19.26 73.79 -2.8 -2.29 -32.53 -0.06 -1.57 4.31 0.56 1.2 5.4 0.42 1.95 -6.03 -0.15 1.03 -9.41 -3.26 -3.84 -16.1 6.48 -6.59 20.16 1.88 -2.86 9.34 0 0 0 0.43 -16.2 65.43 137.3 -49.59 -99.53 -0 0 -19.65 53.52 -9.56 -12.65 -7.12 0 -0 17.95 14.67 -13.51 0 0 0 8.13 12.6 65.13 -127.9 53.81 -92.14 0 -0 -4.31 -55.54 36.15 -40.68 7.12 -0 -0 -11.08 21.46 -14.57
-30.27 13.33 14.87 -176.19 0.55 -175.73 0 0 0 -12.18 29.57 -50.41 14.82 19.34 74.68 2.57 -8.41 -28.89 2.79 -10.35 -30.11 0 0 0 19.87 -26.02 -49.6 -14.42 -19.24 73.49 -2.74 -2.54 -32.3 -0.05 -1.48 4.08 0.58 1.15 5.48 0.39 1.88 -6.03 -0.19 0.99 -9.46 -3.37 -4.09 -15.99 6.65 -6.96 19.99 1.91 -3.03 9.29 0 0 0 0.4 -16.11 65.29 137.35 -49.57 -99.56 -0 0 -19.62 53.34 -9.68 -12.73 -7.12 0 -0 17.81 14.53 -13.45 0 0 0 8.09 12.62 65.03 -127.97 53.78 -92.2 0 -0 -4.26 -55.37 36.14 -40.49 7.12 -0 -0 -10.99 21.34 -14.44
-30.3 13.35 14.87 -176.28 0.44 -175.57 0 0 0 -12.45 29.63 -50.5 14.74 19.32 74.45 2.51 -8.65 -28.55 3.04 -10.76 -31.46 0 0 0 19.76 -26.03 -49.67 -14.34 -19.21 73.24 -2.7 -2.68 -32.12 -0.05 -1.45 3.98 0.55 1.09 5.51 0.38 1.8 -6.01 -0.16 0.95 -9.46 -3.54 -4.37 -15.94 6.76 -7.33 19.92 1.93 -3.21 9.29 0 -0 0 0.39 -16.03 65.19 137.42 -49.53 -99.62 -0 0 -19.71 53.22 -9.58 -12.55 -7.12 0 -0 17.76 14.72 -13.33 0 -0 0 7.99 12.71 64.89 -127.95 53.79 -92.18 0 -0 -4.31 -55.42 36.18 -40.57 7.12 -0 -0 -11 21.41 -14.46
-30.32 13.37 14.86 -176.34 0.31 -175.46 0 0 0 -12.64 29.61 -50.42 14.64 19.3 74.16 2.48 -8.75 -28.38 3.24 -11.08 -32.55 0 0 0 19.64 -26.04 -49.61 -14.24 -19.18 72.93 -2.68 -2.77 -32 -0.06 -1.51 4.16 0.55 1.07 5.51 0.39 1.76 -5.99 -0.15 0.94 -9.43 -3.77 -4.68 -15.87 6.87 -7.75 19.95 1.95 -3.42 9.33 0 0 0 0.39 -16.1 65.06 137.37 -49.55 -99.58 -0 0 -19.75 53.14 -9.49 -12.41 -7.12 0 -0 17.74 14.88 -13.25 0 0 0 7.98 12.64 64.72 -127.91 53.8 -92.15 0 -0 -4.24 -55.47 36.24 -40.67 7.12 -0 -0 -11.01 21.52 -14.48
-30.35 13.39 14.85 -176.34 0.19 -175.36 0 0 0 -12.75 29.46 -50.3 14.56 19.27 73.9 2.45 -8.92 -28.15 3.19 -10.99 -32.26 0 0 0 19.56 -25.93 -49.47 -14.13 -19.15 72.59 -2.64 -2.95 -31.87 -0.06 -1.56 4.28 0.58 1.04 5.5 0.42 1.73 -5.97 -0.13 0.92 -9.4 -3.93 -4.95 -15.78 6.86 -8.11 20.04 1.92 -3.6 9.37 0 0 0 0.34 -16.11 64.87 137.32 -49.58 -99.54 -0 0 -19.78 53.02 -9.4 -12.23 -7.12 0 -0 17.69 15.06 -13.14 0 0 0 8.09 12.59 64.54 -127.81 53.84 -92.07 0 -0 -4.13 -55.54 36.31 -40.79 7.12 -0 -0 -11.01 21.63 -14.5
-30.38 13.41 14.84 -176.35 0.08 -175.26 0 0 0 -12.88 29.18 -50.17 14.48 19.25 73.65 2.42 -8.85 -28.02 3 -10.7 -31.28 0 0 0 19.45 -25.68 -49.29 -14.02 -19.12 72.26 -2.59 -3.32 -31.75 -0.06 -1.57 4.31 0.59 0.99 5.46 0.48 1.67 -5.93 -0.07 0.89 -9.34 -4.14 -5.17 -15.79 6.79 -8.37 20.2 1.89 -3.75 9.45 0 0 0 0.19 -15.95 64.67 137.29 -49.59 -99.52 -0 0 -19.91 52.92 -9.28 -12.05 -7.12 0 -0 17.66 15.26 -13.03 0 0 0 8.16 12.63 64.44 -127.78 53.85 -92.05 0 -0 -4.24 -55.64 36.36 -40.93 7.12 -0 -0 -11.04 21.75 -14.55
-30.4 13.44 14.83 -176.38 -0.02 -175.21 0 0 0 -12.85 28.63 -49.75 14.37 19.22 73.33 2.38 -9.18 -27.74 2.66 -10.12 -29.37 0 0 0 19.3 -25.3 -48.94 -13.88 -19.08 71.83 -2.54 -3.76 -31.64 -0.07 -1.71 4.7 0.61 0.96 5.46 0.49 1.63 -5.9 -0.05 0.87 -9.3 -4.39 -5.46 -15.78 6.77 -8.73 20.31 1.88 -3.94 9.52 -0 0 0 0.09 -15.79 64.52 137.34 -49.57 -99.56 -0 0 -20.16 52.74 -9.1 -11.75 -7.12 0 -0 17.6 15.59 -12.85 -0 0 0 8.24 12.59 64.44 -127.82 53.84 -92.08 0 -0 -4.18 -55.57 36.37 -40.87 7.12 -0 -0 -11.01 21.72 -14.5
-30.43 13.47 14.82 -176.41 -0.1 -175.21 0 0 0 -12.52 27.72 -48.98 14.28 19.2 73.06 2.3 -9.6 -27.27 2.64 -10.09 -29.27 0 0 0 19.08 -24.8 -48.47 -13.72 -19.03 71.35 -2.49 -4.2 -31.53 -0.09 -1.94 5.35 0.63 0.93 5.52 0.49 1.59 -5.86 -0.07 0.85 -9.29 -4.77 -5.86 -15.7 6.8 -9.2 20.27 1.88 -4.18 9.54 -0 -0 0 -0.06 -15.61 64.39 137.36 -49.56 -99.57 -0 0 -20.38 52.46 -8.89 -11.37 -7.12 0 -0 17.47 15.99 -12.59 -0 -0 0 8.37 12.6 64.42 -127.77 53.86 -92.03 0 -0 -3.91 -55.3 36.41 -40.61 7.12 -0 -0 -10.86 21.59 -14.29
-30.46 13.5 14.82 -176.45 -0.14 -175.17 0 0 0 -11.88 26.26 -47.91 14.2 19.17 72.8 2.16 -10.4 -26.44 2.85 -10.44 -30.42 0 0 0 18.86 -24.09 -47.99 -13.56 -18.97 70.84 -2.42 -4.8 -31.42 -0.12 -2.23 6.15 0.66 0.91 5.63 0.43 1.55 -5.82 -0.14 0.82 -9.31 -5.26 -6.38 -15.58 6.91 -9.8 20.07 1.92 -4.49 9.52 -0 -0 0 -0.28 -15.42 64.15 137.44 -49.52 -99.63 -0 0 -20.9 52.04 -8.52 -10.76 -7.12 0 -0 17.31 16.65 -12.2 -0 -0 0 8.59 12.61 64.2 -127.65 53.9 -91.94 0 -0 -3.56 -54.67 36.5 -40 7.12 -0 -0 -10.52 21.29 -13.79
-30.48 13.54 14.83 -176.58 -0.14 -175.05 0 0 0 -11.03 23.99 -46.4 14.07 19.14 72.43 1.93 -12.49 -25.17 2.85 -10.46 -30.47 0 0 0 18.61 -23.14 -47.65 -13.41 -18.93 70.41 -2.32 -5.76 -31.26 -0.15 -2.52 6.95 0.64 0.87 5.81 0.27 1.48 -5.79 -0.29 0.78 -9.39 -5.82 -7.04 -15.39 7.2 -10.6 19.6 2.01 -4.87 9.42 -0 -0 0 -0.39 -15.14 63.7 137.7 -49.37 -99.83 -0 0 -21.87 51.81 -7.66 -9.62 -7.12 0 -0 17.39 18 -11.72 -0 -0 0 8.91 12.56 63.56 -127.66 53.9 -91.94 0 -0 -3.06 -53.44 36.62 -38.82 7.12 -0 -0 -9.87 20.69 -12.86
-30.52 13.57 14.84 -176.78 0.1 -174.87 0 0 0 -10.33 21.23 -44.58 13.86 19.07 71.77 1.77 -14.68 -24.48 2.9 -10.52 -30.69 0 0 0 18.13 -21.7 -47.5 -13.4 -18.92 70.36 -2.16 -6.85 -30.91 -0.18 -2.75 7.58 0.61 0.82 6.1 0.05 1.37 -5.73 -0.5 0.71 -9.48 -6.46 -7.84 -15 7.71 -11.55 18.58 2.17 -5.32 9.14 0 -0 0 -0.4 -14.63 62.98 138.15 -49.13 -100.18 -0 0 -23.27 52.11 -5.91 -7.54 -7.12 0 -0 18.07 20.59 -11.12 0 -0 0 9.16 12.7 62.35 -127.93 53.8 -92.17 0 -0 -2.38 -51.98 36.79 -37.45 7.12 -0 -0 -9.09 20.01 -11.77
-30.56 13.59 14.86 -177.11 0.94 -174.66 0 0 0 -10.64 19.33 -43.18 13.48 18.95 70.61 2 -14.17 -25.85 2.43 -9.71 -28.04 0 0 0 17.24 -19.38 -47.66 -13.68 -19.01 71.23 -1.94 -7.92 -30.13 -0.21 -2.98 8.21 0.47 0.87 6.52 -0.25 1.39 -5.62 -0.75 0.71 -9.61 -7.11 -8.81 -14.56 8.4 -12.75 17.23 2.36 -5.88 8.79 -0 0 0 -0.27 -13.95 61.9 138.61 -48.87 -100.52 -0 0 -24.74 52.28 -3.91 -5.04 -7.12 0 -0 18.75 23.62 -10.2 -0 0 0 9.57 13 60.45 -128.37 53.63 -92.52 0 -0 -1.82 -50.57 37.08 -36.25 7.12 -0 -0 -8.29 19.54 -10.67
-30.59 13.59 14.89 -177.48 2.57 -174.37 0 0 0 -12.16 19.07 -42.76 12.97 18.77 69.03 2.62 -9.29 -29.16 1.22 -7.02 -19.77 0 0 0 16.11 -16.16 -48.62 -14.48 -19.25 73.66 -1.55 -9.25 -28.47 -0.32 -3.64 10.08 0.12 1.03 7.13 -0.57 1.52 -5.61 -0.93 0.78 -9.96 -7.42 -9.79 -13.91 9.13 -14.05 15.64 2.51 -6.48 8.32 -0 -0 0 -0.26 -12.96 60.75 138.94 -48.69 -100.77 -0 0 -26.08 52.25 -1.68 -2.17 -7.12 0 -0 19.39 27.05 -8.94 -0 -0 0 10.82 13.43 57.9 -128.83 53.45 -92.89 0 -0 -1.23 -49.87 37.68 -35.95 7.12 -0 -0 -7.73 19.8 -9.96
-30.62 13.58 14.93 -177.66 4.54 -174.14 0 0 0 -13.44 19.13 -42.68 12.6 18.63 67.89 2.95 -3.9 -31.59 0.74 -5.49 -15.32 0 0 0 14.79 -13.03 -50.96 -16.24 -19.66 78.94 -1.05 -9.3 -24.79 -0.63 -5.08 14.15 -0.2 1.11 8.06 -0.61 1.57 -5.69 -0.83 0.81 -10.62 -7.37 -10.93 -13.06 9.58 -14.9 13.88 2.63 -6.6 7.71 -0 0 0 -0.8 -11.52 59.87 139.25 -48.51 -101 -0 0 -27.66 52.62 1.19 1.56 -7.12 0 -0 20.58 31.46 -7.23 -0 0 0 13.17 14 54.82 -129.57 53.17 -93.48 0 -0 -0.7 -49.83 38.21 -36.23 7.12 -0 -0 -7.51 20.33 -9.71
-30.63 13.53 14.96 -177.55 6.09 -174.38 0 0 0 -13.46 19.08 -42.51 12.71 18.68 68.23 3.02 -1.88 -32.43 0.64 -5.14 -14.3 0 0 0 13.53 -11.82 -54.66 -19.56 -20 88.71 -1.06 -6.59 -22.85 -0.82 -5.76 16.09 -0.4 1.03 9.12 -0.28 1.43 -5.53 -0.35 0.76 -11.1 -7.55 -11.46 -12.08 10.23 -15.58 11.76 2.85 -6.99 6.98 -0 -0 0 -1.88 -10.36 59.23 139.26 -48.5 -101.01 -0 0 -29.41 52.94 3.89 5.13 -7.12 0 -0 21.78 35.63 -5.34 -0 -0 0 16.76 14.31 51.24 -130.43 52.82 -94.17 0 -0 -0.94 -50.07 38.59 -36.69 7.12 -0 -0 -7.48 20.84 -9.72
-30.59 13.48 14.96 -177.49 6.86 -175.02 0 0 0 -13.04 19.23 -42 12.92 18.75 68.88 3.05 -1.24 -32.8 0.53 -4.68 -13 0 0 0 12.24 -13.7 -59.01 -24.09 -19.6 102.02 -1.35 -3.77 -23.56 -0.77 -5.61 15.67 -0.72 0.78 10.04 0.25 1.06 -5.27 0.46 0.61 -11.37 -7.52 -11.88 -11.2 10.51 -16.11 10.08 2.94 -7.32 6.36 0 0 0 -3.25 -10.03 59.31 138.9 -48.71 -100.74 -0 0 -30.48 53.36 5.96 7.95 -7.12 0 -0 22.93 38.84 -3.71 0 0 0 21.91 13.91 47.76 -130.67 52.72 -94.36 0 -0 -1.94 -51.66 38.68 -38.32 7.12 -0 -0 -8.21 21.81 -10.75
-30.53 13.44 14.93 -177.71 7.31 -175.55 0 0 0 -12.85 19.46 -41.29 12.97 18.77 69.04 3.07 -0.6 -33.05 0.48 -4.47 -12.39 0 0 0 10.19 -18.28 -63.16 -28.17 -18.32 114.57 -1.61 0.75 -23.77 -0.52 -4.63 12.86 -1.11 0.55 10.63 0.85 0.75 -5.18 1.39 0.52 -11.64 -7.54 -12.31 -11.08 10.39 -16.64 9.48 2.86 -7.61 6.19 0 0 0 -4.78 -10.61 60.09 138.39 -49 -100.35 -0 0 -30.16 53.34 6.85 9.1 -7.12 0 -0 23.27 40.19 -2.95 0 0 0 28.03 12.29 44.41 -130.32 52.87 -94.08 0 -0 -4.55 -54.08 38.06 -40.4 7.12 -0 -0 -9.61 22.57 -12.7
-30.44 13.42 14.87 -177.78 8.23 -175.77 0 0 0 -12.47 20.1 -40.65 12.94 18.76 68.94 3.07 -0.23 -33.18 0.42 -4.16 -11.52 0 0 0 7.74 -23.06 -66.47 -30.62 -17.05 122.61 -1.72 5.26 -23.67 -0.31 -3.59 9.92 -1.14 0.49 10.94 1.54 0.76 -5.28 2.16 0.57 -11.95 -7.5 -12.63 -11.35 10.16 -17 9.13 2.73 -7.81 6.13 0 -0 0 -6.06 -11.36 61.09 138.36 -49.01 -100.33 -0 0 -28.76 53.02 6.53 8.59 -7.12 0 -0 22.85 39.65 -3.21 0 -0 0 34.14 10.3 40.23 -128.92 53.42 -92.96 0 -0 -9.53 -55.65 37.08 -41.42 7.12 -0 -0 -10.77 22.51 -14.25
-30.34 13.43 14.8 -177.93 9.84 -175.86 0 0 0 -12.14 21.06 -39.83 12.8 18.71 68.5 3.08 -0.14 -33.28 0.32 -3.61 -9.98 0 0 0 5.16 -23.99 -68.69 -31.09 -16.75 124.22 -1.72 6.79 -23.55 -0.23 -3.05 8.43 -1 0.63 11.26 2.29 1.08 -5.42 2.82 0.77 -12.34 -7.16 -12.7 -11.8 9.69 -17.02 8.52 2.53 -7.85 5.94 -0 -0 0 -6.99 -11.92 61.87 138.82 -48.76 -100.68 -0 0 -26.17 52.7 5.23 6.83 -7.12 0 -0 22.07 37.65 -4.24 -0 -0 0 38.83 9.39 34.26 -125.18 54.76 -89.93 0 -0 -16.64 -55.59 35.25 -40.11 7.12 -0 -0 -11.45 20.52 -14.97
-30.22 13.47 14.71 -178.15 11.74 -175.9 0 0 0 -11.83 22 -38.55 12.45 18.57 67.39 3.06 -0.04 -33.2 0.21 -2.92 -8.05 0 0 0 2.76 -19.96 -68.99 -29.39 -17.74 118.5 -1.71 5.27 -23.58 -0.15 -2.47 6.8 -0.79 0.75 11.54 3.11 1.43 -5.52 3.54 0.98 -12.67 -6.79 -12.49 -12.22 9.26 -16.64 7.6 2.4 -7.7 5.62 0 0 0 -7.29 -12.04 62.29 139.54 -48.34 -101.22 -0 0 -22.6 51.98 3.66 4.67 -7.12 0 -0 20.9 35.21 -5.32 0 0 0 41.13 10.84 26.58 -117.34 56.98 -83.44 0 -0 -25.01 -51.95 31.34 -33.6 7.12 -0 -0 -10.98 13.97 -13.52
-30.06 13.56 14.6 -178.33 13.46 -175.72 0 0 0 -11.5 22.62 -36.91 11.83 18.32 65.46 2.98 0.33 -32.87 0.12 -2.26 -6.23 0 0 0 0.46 -14.35 -66.64 -25.38 -19.29 105.92 -1.69 2.65 -23.88 -0.06 -1.62 4.45 -0.32 0.72 11.46 3.88 1.62 -5.68 4.07 1.11 -12.84 -6.35 -12.11 -12.45 8.96 -16.08 6.83 2.32 -7.45 5.31 0 -0 0 -6.64 -12.34 62.52 140.35 -47.86 -101.82 -0 0 -20.93 51.06 2.25 2.78 -7.12 0 -0 19.7 33.04 -6.09 0 -0 0 41 14.96 17.98 -102.92 59.36 -71.17 0 -0 -34.57 -44.73 24.93 -22.66 7.12 -0 -0 -8.91 2.86 -9.46
-29.86 13.7 14.47 -178.49 14.97 -175.13 0 0 0 -11.21 23.09 -35.27 10.99 17.93 62.74 2.84 0.91 -32.23 0.07 -1.76 -4.83 0 0 0 -1.67 -9.42 -61.9 -19.33 -19.99 88.05 -1.68 -0.29 -24.65 -0.02 -0.9 2.47 0.2 0.59 10.89 4.53 1.69 -6.04 4.49 1.18 -12.94 -5.98 -11.73 -12.79 8.64 -15.58 6.92 2.21 -7.22 5.3 0 -0 0 -5.35 -13.13 62.6 140.71 -47.64 -102.09 -0 0 -19.94 50.31 -0.11 -0.13 -7.12 0 -0 18.43 29.53 -7.3 0 -0 0 38.83 21.36 9.14 -80.93 59.69 -52.15 0 -0 -47.37 -37.15 15.59 -11.51 7.12 -0 -0 -6.24 -10.77 -5
-29.57 13.85 14.31 -178.88 16.28 -174.15 0 0 0 -11.11 23.59 -33.74 9.96 17.39 59.36 2.62 1.53 -31.18 0.04 -1.34 -3.68 0 0 0 -3.99 -5.05 -55.18 -12.35 -18.54 67.11 -1.68 -4.05 -26.24 -0 -0.44 1.21 0.45 0.42 9.69 4.97 1.63 -6.58 4.85 1.2 -12.82 -5.66 -11.47 -13.18 8.19 -15.26 7.56 2.03 -7.06 5.48 0 -0 0 -3.89 -14.22 62.5 140.46 -47.79 -101.9 -0 0 -16.71 50.26 -2.5 -3 -7.12 0 -0 17.73 25.98 -8.56 0 -0 0 35.05 29.48 -0.85 -55.93 55.12 -30.98 0 -0 -63.61 -30.2 4.02 -2.34 7.12 -0 -0 -2.69 -25.33 -1.28
-29.2 13.99 14.13 -179.7 17.28 -173.1 0 0 0 -11.21 24.24 -32.09 8.82 16.69 55.46 2.31 2.38 -29.65 0.06 -1.54 -4.24 0 0 0 -7.1 -0.26 -46.97 -6.39 -14.8 46.55 -1.6 -8.05 -28.01 -0 0.09 -0.25 0.37 0.24 7.96 4.98 1.43 -7.18 4.94 1.15 -12.44 -5.32 -11.38 -13.44 7.71 -15.2 8.22 1.82 -7.02 5.66 0 -0 0 -2.25 -15.55 62.37 140.02 -48.06 -101.57 -0 0 -12.74 50.46 -5.2 -6.26 -7.12 0 -0 17.15 21.95 -9.94 0 -0 0 29.97 37.87 -13.7 -35.01 44.82 -14.82 0 -0 -77.01 -26.67 -4.88 2.44 7.12 -0 -0 0 -35.43 0
-28.73 14.09 13.94 -180.66 17.91 -172.23 0 0 0 -10.91 24.86 -30.04 7.67 15.87 51.36 1.94 3.49 -27.75 0.13 -2.3 -6.34 0 0 0 -9.83 4.32 -39.74 -3.2 -11.01 32.31 -1.3 -12.95 -29.71 -0 -0.02 0.06 0.26 0.09 6.21 4.61 1.2 -7.8 4.64 1.05 -12.04 -5.14 -11.48 -13.57 7.38 -15.36 8.77 1.65 -7.1 5.82 0 0 0 -0.53 -17.18 62.17 139.59 -48.31 -101.26 -0 0 -8.57 50.94 -7.59 -9.25 -7.12 0 -0 16.84 18.3 -11.2 0 0 0 23.86 44.78 -30.58 -20.57 31.33 -5.83 0 -0 -75.45 -24.8 -8.53 3.92 7.12 -0 -0 1.82 -39.36 0.25
-28.17 14.2 13.77 -181.17 18.4 -171.49 0 0 0 -9.74 24.93 -26.88 6.3 14.72 46.19 1.49 5.13 -25.44 0.17 -2.68 -7.39 0 0 0 -9.19 5.57 -36.78 -2.4 -9.65 27.85 -1.14 -16.13 -31.59 -0.06 -1.61 4.43 0.47 0.12 5.03 3.96 1.25 -8.44 3.8 1.04 -12.02 -5.19 -11.68 -13.62 7.33 -15.64 9.17 1.6 -7.22 5.97 -0 -0 0 0.97 -19.03 61.75 139.48 -48.37 -101.18 -0 0 -5.55 50.74 -10.1 -12.11 -7.12 0 -0 16.08 14.66 -11.97 -0 -0 0 16.93 48.88 -53.33 -11.22 18.62 -1.85 0 -0 -57.29 -21.16 -10.31 3.96 7.12 -0 -0 5.21 -40.96 0.52
-27.54 14.38 13.61 -181.36 19.13 -170.72 0 0 0 -8.28 23.56 -21.98 4.6 12.92 39.06 0.84 8.9 -22.77 0.13 -2.28 -6.29 0 0 0 -6.37 4.03 -37.97 -2.57 -9.96 28.85 -0.97 -16.17 -30.5 -0.07 -1.71 4.72 0.77 0.3 4.28 3.24 1.5 -8.97 2.81 1.12 -12.15 -5.32 -11.71 -13.86 7.4 -15.66 9.2 1.62 -7.23 6.03 -0 0 0 1.35 -19.89 61.39 139.66 -48.27 -101.31 -0 0 -2.74 50.91 -11.55 -13.85 -7.12 0 -0 15.82 12.5 -12.52 -0 0 0 15.23 49.64 -67.18 -8.44 14.26 -1.06 0 -0 -46.2 -21.24 -9.73 3.76 7.12 -0 -0 5.05 -40.35 0.58
-26.87 14.61 13.43 -181.13 20.59 -169.77 0 0 0 -6.41 20.28 -15.44 2.98 10.66 31.13 -0.13 15.02 -19.92 0.01 -0.53 -1.45 0 0 0 -2.59 1.93 -40.76 -2.91 -10.54 30.75 -0.78 -14.46 -27.46 -0.01 -0.63 1.74 1.05 0.57 3.14 2.88 1.87 -9.25 2.21 1.28 -11.76 -5.27 -11.27 -14.16 6.63 -14.95 8.9 1.46 -6.95 5.88 0 0 0 0.3 -18.92 61.34 140.44 -47.8 -101.89 -0 0 -1.89 51.27 -12.23 -14.79 -7.12 0 -0 15.87 11.42 -12.93 0 0 0 16.77 49.84 -66.49 -7.95 13.47 -0.94 0 -0 -45.31 -23.43 -8.99 3.87 7.12 -0 -0 3.05 -39.74 0.4
-26.12 14.81 13.26 -181 22.77 -169.13 0 0 0 -4.31 15.69 -8.03 1.81 8.47 24.14 -1.52 22.38 -16.4 0.12 2.22 6.12 0 0 0 1.12 0.98 -42.29 -3.19 -10.99 32.26 -0.75 -13.01 -25.78 -0 -0.3 0.83 0.26 0.99 1.81 2.68 2.35 -9.38 2.4 1.58 -11.14 -4.87 -10.38 -14.6 4.94 -13.61 9.17 1.01 -6.42 5.8 -0 0 0 -0.48 -17.63 61.58 140.88 -47.54 -102.21 -0 0 -1.29 51.76 -12.7 -15.58 -7.12 0 -0 16.05 10.57 -13.39 -0 0 0 18.7 50.36 -66.08 -7.35 12.5 -0.81 0 -0 -43.14 -25.57 -8.44 4.02 7.12 -0 -0 1.14 -39.32 0.16
-25.32 15 13.1 -181.41 24.95 -169.09 0 0 0 -2.71 9.51 -0.49 1.1 6.66 18.7 -2.95 29.02 -16.52 1.73 8.28 23.57 0 0 0 4.1 0.62 -42.58 -3.44 -11.38 33.56 -0.86 -11.11 -24.84 -0 0.33 -0.9 -1.57 1.36 0.64 2.16 2.7 -9.55 2.86 1.89 -10.69 -4.27 -9.14 -15.32 3.4 -11.89 10.5 0.57 -5.66 6.13 0 0 0 -0.05 -16.83 61.63 141.03 -47.45 -102.32 -0 0 -1.05 51.76 -12.71 -15.6 -7.12 0 -0 16.05 10.54 -13.39 0 0 0 23.23 50.9 -64.49 -7.75 13.15 -0.9 0 -0 -42.09 -28.14 -7.67 4.08 7.12 -0 -0 -1.13 -38.66 -0.18
-24.52 15.15 12.95 -181.32 26.6 -169.13 0 0 0 -0.91 3.01 4.29 1.11 6.68 18.77 -4.05 32.95 -14.24 3.56 11.55 34.16 0 0 0 7.44 0.26 -42.05 -3.66 -11.7 34.67 -1 -9.23 -24.35 -0.02 0.9 -2.48 -2.7 1.61 -0.23 1.58 2.93 -9.57 2.89 2.07 -10.24 -3.24 -7.37 -16.07 1.79 -9.5 11.7 0.12 -4.58 6.41 0 0 0 0.97 -15.97 60.52 141.66 -47.05 -102.79 -0 0 -2.99 50.96 -13.11 -15.63 -7.12 0 -0 15.46 10.24 -12.96 0 0 0 28.31 50.7 -55.3 -8.96 15.1 -1.19 0 -0 -48.48 -31.82 -7.1 4.39 7.12 -0 -0 -4.34 -38.29 -0.72
-23.79 15.24 12.85 -179.75 28.03 -168.97 0 0 0 2 -0.34 2.51 2.75 10.27 29.87 -0.77 23.55 10.59 0.11 2.1 5.78 0 0 0 11.94 -0 -40.64 -3.8 -11.89 35.36 -1.05 -8.3 -24.01 -0.03 1.08 -2.97 -2.12 2.02 -0.14 1.42 3.45 -9.33 2.35 2.24 -10.01 -1.54 -4.96 -16.14 -0.54 -6.26 11.57 -0.54 -3.14 6.17 -0 -0 0 1.33 -14.91 58.19 142.51 -46.51 -103.41 -0 0 -5.65 49.89 -13.17 -15.13 -7.12 0 -0 14.79 10.53 -12.27 -0 -0 0 31.97 50.34 -45.4 -10.74 17.89 -1.69 0 -0 -55.36 -36.09 -7.11 5.15 7.12 -0 -0 -8.04 -38.63 -1.27
-23.16 15.26 12.77 -177.72 29.58 -169.01 0 0 0 4.52 -2.25 -2.64 6.85 15.2 48.29 0.45 7.4 12.31 0.38 -3.97 -10.98 0 0 0 16.32 -0.29 -38.94 -4.01 -12.18 36.36 -1.14 -7.2 -23.94 -0.04 1.3 -3.57 -0.87 2.68 1 1.54 4.32 -8.9 1.65 2.52 -10.18 0.73 -2.02 -15.83 -3.53 -2.36 10.95 -1.46 -1.39 5.85 -0 0 0 0.21 -13.8 55.25 143.85 -45.61 -104.37 -0 0 -10.53 48.15 -12.54 -13.62 -7.12 0 -0 13.87 11.94 -11.03 -0 0 0 35.28 49.16 -34.43 -14.04 22.79 -2.84 0 -0 -60.99 -40.55 -8.4 7.12 7.12 -0 -0 -12.1 -40.68 -1.31
-22.59 15.25 12.7 -176.25 31.07 -169.53 0 0 0 6 -3.67 -8.85 13.03 18.79 69.22 0.16 1.41 7.17 0.31 -3.61 -9.97 0 0 0 19.68 -0.44 -36.71 -4.21 -12.44 37.3 -1.26 -5.75 -24.02 -0.05 1.49 -4.11 -0.31 3.5 2.71 1.73 5.38 -8.31 1.35 2.94 -10.56 3.63 1.23 -15.7 -6.91 1.91 10.53 -2.61 0.57 5.86 -0 0 0 -2.37 -12.87 51.86 145.67 -44.33 -105.65 -0 0 -17.15 46 -10.48 -10.67 -7.12 0 -0 12.95 15.32 -9.31 -0 0 0 37.59 45.74 -21.64 -19.66 30.23 -5.36 0 -0 -63.14 -45 -11.34 11.12 7.12 -0 -0 -16.75 -45.13 0.05
-22.03 15.2 12.63 -174.41 31.78 -169.69 0 0 0 8.13 -4.62 -16.64 19.94 20 89.82 -0.01 -1.51 1.03 0.2 -2.88 -7.95 0 0 0 23.17 -0.65 -34.39 -4.38 -12.66 38.09 -1.35 -4.88 -24.2 -0.05 1.46 -4 0.32 4.24 4.41 2.11 6.4 -7.79 1.16 3.36 -11.02 6.73 4.43 -15.1 -9.96 6.07 9.89 -3.67 2.53 5.99 0 0 0 -6.01 -11.95 48.24 147.72 -42.77 -107.07 -0 0 -24.54 43.42 -6.35 -5.98 -7.12 0 -0 12.04 21.34 -6.98 0 0 0 38.52 40.35 -10.24 -27.9 39.03 -10.06 0 -0 -59.86 -48.66 -10.35 11.54 7.12 -0 -0 -20.09 -44.45 -0.29
-21.48 15.13 12.53 -171.93 31.28 -169.13 0 0 0 11.13 -5.42 -26.05 25.75 19.19 107.03 0.03 -5.45 -4.62 0.12 -2.2 -6.06 0 0 0 27.27 -1.64 -32.73 -4.59 -12.91 39.03 -1.41 -4.93 -24.72 -0.04 1.24 -3.4 1.7 4.69 5.57 2.63 7.21 -7.42 0.76 3.64 -11.23 9.18 7.24 -14.18 -11.95 9.73 9.15 -4.31 4.32 6.15 -0 -0 0 -10.46 -10.59 44.44 149.71 -41.14 -108.4 -0 0 -33.45 39.94 -1.02 -0.86 -7.12 0 -0 10.36 28.58 -4.2 -0 -0 0 38.55 33.91 -1.23 -39.73 47.91 -18.24 0 -0 -52.88 -51.83 -5.02 6.35 7.12 -0 -0 -21.24 -37.24 -4.3
-20.95 14.98 12.4 -169.48 30.12 -168.51 0 0 0 13.09 -6.07 -36.24 29.5 17.68 118.85 0.12 -10.44 -9.14 0.13 -2.35 -6.47 0 0 0 31.28 -3.57 -32.17 -5.04 -13.43 41.01 -1.57 -5.02 -25.91 -0.03 1.06 -2.91 3.3 5.05 6.51 3.18 7.99 -7.18 0.27 3.91 -11.42 11.25 9.5 -13.2 -13.53 12.73 8.56 -4.8 5.8 6.38 0 0 0 -15.44 -8.67 40.3 151.14 -39.9 -109.33 -0 0 -43.53 34.02 6.48 4.35 -7.12 0 -0 6.22 37.71 -1.12 0 0 0 38.15 26.89 5.67 -55.52 54.99 -30.64 0 -0 -41.68 -54.29 1.02 -1.41 7.12 -0 -0 -21.07 -27.94 -9.34
-20.42 14.8 12.25 -167.29 29.33 -168.07 0 0 0 11.95 -8.07 -45.74 30.99 16.82 123.86 0.21 -14.83 -12.61 0.29 -3.47 -9.58 0 0 0 34.95 -5.8 -31.92 -5.65 -14.08 43.57 -1.83 -4.57 -27.53 -0.01 0.47 -1.3 4.61 5.65 7.42 3.57 9.08 -7.03 -0.29 4.34 -11.68 12.66 11.09 -12.54 -14.22 14.81 8.29 -4.96 6.85 6.61 0 0 0 -20.04 -6.66 34.96 151.3 -39.75 -109.43 -0 0 -54.43 25.79 15.3 7.26 -7.12 0 -0 -1.75 46.87 -0.08 0 0 0 37.74 19.45 11.47 -74.97 59.13 -47.02 0 -0 -29.13 -56.84 8.89 -13.3 7.12 -0 -0 -20.16 -14.64 -15.42
-19.88 14.58 12.08 -165.66 29.53 -168.05 0 0 0 8.01 -12.83 -52.92 30.37 17.2 121.75 0.5 -16.47 -16.12 0.65 -5.16 -14.37 0 0 0 37.79 -7.63 -31.2 -6.35 -14.76 46.37 -2.19 -3.86 -29.51 -0.01 -0.52 1.44 5.5 6.6 8.37 3.58 10.52 -6.8 -1.09 4.94 -11.81 13.45 12.11 -12.15 -14.24 16.07 7.9 -4.92 7.49 6.66 0 0 0 -23.6 -4.99 28.28 149.3 -41.48 -108.13 -0 0 -65.32 16.37 24.14 6.85 -7.12 0 -0 -13.74 54.49 -3.25 0 0 0 37.65 12.66 17.04 -94.28 59.93 -63.71 0 -0 -15.33 -60.42 15.95 -25.83 7.12 -0 -0 -20.08 -1.43 -20.91
-19.34 14.36 11.87 -164.61 30.64 -168.39 0 0 0 3.95 -17.77 -57.32 27.72 18.5 113.14 1.05 -15.13 -19.82 1.12 -6.71 -18.87 0 0 0 39.75 -8.75 -29.51 -7 -15.33 48.89 -2.58 -3.33 -31.68 -0.08 -1.87 5.15 6.2 7.74 9.3 3.27 12.11 -6.43 -2.14 5.6 -11.67 14.06 12.88 -11.6 -14.47 17.04 7.15 -4.97 7.99 6.53 -0 0 0 -26.03 -3.73 21.06 144.37 -45.25 -104.74 -0 0 -77.68 11.71 31.44 6.17 -7.12 0 -0 -23.28 60.43 -9.04 -0 0 0 37.79 7.88 23.01 -109.23 58.56 -76.57 0 -0 -1.68 -64.29 21.83 -37.68 7.12 -0 -0 -20.44 10.44 -25.32
-18.77 14.17 11.63 -164.15 31.91 -168.52 0 0 0 0.65 -20.63 -59.41 22.94 19.79 98.62 1.6 -12.48 -22.99 1.65 -8.09 -22.97 0 0 0 41.18 -9.37 -27.31 -7.38 -15.64 50.3 -2.96 -3.17 -33.74 -0.22 -3.03 8.37 6.64 8.79 9.58 2.75 13.45 -6.21 -3.13 6.19 -11.27 14.3 13.53 -11.13 -14.52 17.93 6.79 -4.9 8.45 6.49 0 -0 0 -27.09 -3.09 14.72 134.06 -51.22 -97.03 -0 0 -83.59 11.57 34.46 6.61 -7.12 0 -0 -26.26 63.09 -11.96 0 -0 0 37.65 5.91 30.27 -118.49 56.7 -84.4 0 0 9.29 -68.62 26.64 -48.88 7.12 -0 -0 -21.31 21.05 -29.1
-18.16 14.08 11.36 -164.27 32.69 -168.16 0 0 0 -3.13 -20.87 -58.94 16.22 19.65 78.89 2.08 -7.44 -25.95 2.19 -9.26 -26.6 0 0 0 42.32 -10.1 -24.87 -7.23 -15.52 49.74 -3.28 -3.03 -35.44 -0.29 -3.47 9.59 6.66 9.54 8.81 2.06 14.29 -6.31 -3.82 6.59 -10.67 14.54 14.23 -10.74 -14.46 18.95 7 -4.77 8.96 6.66 0 0 0 -26.74 -3.64 9.71 114.35 -57.64 -80.92 -0 0 -80.09 11.37 36.93 6.89 -7.12 0 -0 -29.27 65.17 -14.85 0 0 0 37.1 7.01 39.03 -122.7 55.55 -87.89 0 0 16.41 -71.69 29.18 -55.84 7.12 -0 -0 -22.18 27.29 -31.44
-17.53 14.06 11.07 -164.87 32.96 -167.43 0 0 0 -8.91 -18.12 -56.62 9.2 16.93 56.77 2.28 -0.81 -28.37 2.02 -8.91 -25.5 0 0 0 43.27 -11 -22.34 -6.66 -15.04 47.59 -3.52 -3.13 -36.68 -0.27 -3.34 9.23 6.31 10.07 7.11 1.13 14.74 -6.75 -4.34 6.86 -9.94 14.73 14.95 -10.37 -14.03 19.99 7.63 -4.5 9.48 6.91 -0 -0 0 -24.91 -5.73 5.34 84.25 -59.87 -55.02 -0 0 -77.31 15.14 43.04 10.46 -7.12 0 -0 -34.87 71.31 -22.69 -0 -0 0 36.58 10.47 48.69 -123.32 55.36 -88.41 0 0 18.53 -73.2 30.47 -59.23 7.12 -0 -0 -22.58 30.32 -32.42
-16.86 14.01 10.74 -165.56 32.78 -166.55 0 0 0 -16.91 -12.22 -55.19 4.65 12.98 39.29 2.2 0.54 -28.29 1.84 -8.52 -24.3 0 0 0 44.31 -11.82 -19.6 -5.96 -14.39 44.82 -3.7 -3.64 -37.78 -0.23 -3.08 8.51 5.74 10.46 4.88 0.07 15 -7.36 -4.74 7.06 -9.14 14.57 15.52 -10.14 -13.16 20.79 8.3 -4.08 9.9 7.07 -0 -0 0 -21.84 -9.28 1.8 53.7 -54.38 -29.15 -0 0 -71.6 23.78 47.58 18.02 -7.12 0 -0 -37.38 77.85 -29.36 -0 -0 0 36.97 15.32 57.07 -121.08 56.02 -86.55 0 0 17.89 -73.1 31.69 -59.96 7.12 -0 -0 -22.03 31.44 -31.66
-16.16 13.94 10.4 -166 31.91 -165.99 0 0 0 -22.56 -7.94 -55.24 3.45 11.39 33.6 2.09 -0.58 -27.22 1.57 -7.91 -22.45 0 0 0 45.86 -12.85 -16.13 -5.11 -13.51 41.31 -3.73 -4.73 -38.37 -0.18 -2.72 7.51 5.26 10.68 3.03 -0.98 15.1 -7.88 -5.22 7.18 -8.46 14.18 16.14 -10.07 -12.32 21.22 8.62 -3.71 9.98 7.08 -0 -0 0 -18 -13.74 -1.31 32.9 -43.25 -13.35 -0 0 -56.39 28.34 50.52 22.6 -7.12 0 -0 -46.72 81.56 -40.24 -0 -0 0 38.6 20.64 63.2 -116.93 57.07 -83.09 0 0 14.06 -71.69 32.56 -58.42 7.12 -0 -0 -20.84 30.82 -29.75
-15.42 13.88 10.07 -167.03 30.41 -166.22 0 0 0 -22.65 -9 -53.63 4.14 12.34 36.95 2.05 0.72 -27.33 1 -6.37 -17.85 0 0 0 47.05 -14.46 -12.56 -4.29 -12.53 37.65 -3.49 -5.99 -37.73 -0.07 -1.73 4.77 4.1 10.74 1.91 -2.41 14.99 -8.32 -5.9 7.19 -8.2 13.56 16.29 -10.24 -11.45 21.33 8.33 -3.35 10.09 6.85 0 0 0 -14.23 -18.13 -5.99 21.95 -32.92 -6.56 -0 0 -41.8 33.53 49.84 26.86 -7.12 0 -0 -37.45 83.6 -33.39 0 0 0 41.91 25.61 67.9 -112.59 57.98 -79.43 0 0 6.02 -70.05 32.47 -55.93 7.12 -0 -0 -19.96 29.07 -28.23
-14.64 13.85 9.74 -169.73 28.29 -166.74 0 0 0 -23.05 -10.71 -53.43 5.23 13.64 41.8 1.97 -0.33 -26.45 0.66 -5.18 -14.43 0 0 0 46.95 -16.01 -10.77 -3.89 -12.01 35.77 -2.92 -6.62 -35.11 -0.02 0.84 -2.31 1.28 10.63 1.06 -4.77 14.63 -8.89 -6.81 7.16 -8.43 12.48 16.05 -11.03 -10.48 20.89 7.66 -2.97 9.91 6.49 0 -0 0 -10.6 -22.22 -12.02 16.31 -25.94 -3.78 -0 0 -24.51 36.75 42.64 26.83 -7.12 0 -0 -1.61 78.95 -1.27 0 -0 0 47.63 30.01 71.47 -108.2 58.71 -75.69 0 -0 -1.15 -69.35 31.62 -54.29 7.12 -0 -0 -19.92 27.5 -27.99
-13.86 13.85 9.42 -172.42 25.87 -166.79 0 0 0 -22.89 -12.42 -54.89 6.37 14.77 46.43 1.77 -1.46 -24.72 0.33 -3.72 -10.28 0 0 0 46.41 -16.36 -11.6 -4.44 -12.73 38.36 -2.16 -4.71 -29.77 -0.27 3.37 -9.31 -1.39 10.49 0.39 -7.39 14.41 -9.14 -8.08 7.26 -8.31 11.58 15.52 -11.92 -10.97 20.15 6.41 -3.1 9.49 6.12 0 0 0 -7.68 -25.59 -16.77 14.13 -22.91 -2.88 -0 0 -7.9 36.24 36.4 23.51 -7.12 0 -0 4.17 72.37 2.71 0 0 0 54.47 34.73 74.41 -103.86 59.26 -71.98 0 -0 -5.52 -67.84 30.22 -51.02 7.12 -0 -0 -19.63 24.5 -27.14
-13.14 13.87 9.11 -173.33 23.29 -166.89 0 0 0 -21.46 -13.35 -54.9 7.35 15.62 50.19 1.68 -5.04 -23.38 0.12 -2.21 -6.08 0 0 0 46.01 -16.76 -15.19 -6.38 -14.78 46.47 -1.06 -0.27 -19.59 -0.33 3.68 -10.17 -1.97 10.72 0.8 -9.1 14.78 -8.92 -9.65 7.51 -7.96 11.15 14.78 -12.09 -12.9 19.33 5.7 -3.75 8.95 6.02 -0 -0 0 -6.92 -28.47 -15.95 14.44 -23.35 -3 -0 0 -5.23 33.94 32.73 19.99 -7.12 0 -0 2.61 67.72 1.43 -0 -0 0 61.05 40.19 77.89 -98.01 59.76 -66.93 0 -0 -8.99 -66.31 28.49 -47.39 7.12 -0 -0 -19.42 21.04 -26.27
-12.48 13.95 8.83 -173.63 20.2 -167.83 0 0 0 -20.26 -13.63 -52.9 7.83 15.99 51.95 1.51 -9.52 -22.03 0.06 -1.64 -4.5 0 0 0 44.53 -17.09 -20.9 -9.45 -17.09 57.62 -0.23 5.58 -8.83 -0.04 1.3 -3.56 -1.27 10.84 2.87 -10.03 14.94 -8.47 -11.43 7.52 -8.2 10.89 14.24 -12.36 -13.73 18.83 7.09 -3.99 8.59 6.52 -0 0 0 -8.41 -31.12 -12.59 15.39 -24.69 -3.39 -0 0 -7.78 29.92 32.12 17.02 -7.12 0 -0 -2.64 65.88 -1.33 -0 0 0 69.03 46.57 83.43 -86.59 59.96 -57.05 0 -0 -10.32 -64.16 26.62 -42.78 7.12 -0 -0 -18.91 16.79 -24.7
-11.87 14.04 8.57 -174.78 16.58 -169.13 0 0 0 -20.47 -13.17 -50.41 8.01 16.13 52.61 1.32 -12.39 -21.06 0.14 -2.44 -6.72 0 0 0 41.09 -16.99 -28.13 -13 -18.78 69.13 -0.1 9.37 -8.28 -0.01 0.79 -2.17 -1.47 10.72 4.67 -10.53 14.73 -7.59 -12.18 7.43 -8.21 10.82 13.86 -13.04 -13.72 18.55 9.83 -3.92 8.32 7.47 0 0 0 -11.76 -34.43 -9.13 15.6 -24.97 -3.47 -0 0 -7.38 26.16 32.12 14.64 -7.12 0 -0 -7.45 64.8 -3.58 0 0 0 79.3 52.85 91.52 -69.93 58.42 -42.71 0 -0 -10.46 -60.37 24.61 -36.22 7.12 -0 -0 -17.53 11.12 -21.51
-11.27 14.15 8.34 -175.27 12.7 -169.46 0 0 0 -19.93 -11.63 -49.52 8.19 16.26 53.25 0.81 -16.23 -18.41 0.19 -2.8 -7.73 0 0 0 37.64 -15.94 -35.86 -15.88 -19.59 77.89 -0.67 5.27 -14.55 -0.13 2.29 -6.32 -1.72 10.73 5.78 -10.59 14.7 -6.86 -12.26 7.44 -8.1 10.9 13.32 -13.9 -13.29 17.99 13.09 -3.81 7.92 8.59 0 0 0 -16.24 -38.92 -5.9 14.7 -23.72 -3.1 -0 0 -4.79 22.48 31.05 12.05 -7.12 0 -0 -11.14 62.73 -4.83 0 0 0 92.26 56.82 100.77 -51.52 53.59 -27.39 0 -0 -7.57 -57.21 23.84 -32.11 7.12 -0 -0 -16.09 7.9 -18.85
-10.7 14.26 8.12 -173.97 8.95 -169.22 0 0 0 -17.43 -9.38 -50.07 8.63 16.57 54.82 0.02 -19.76 -14.1 0.04 -1.32 -3.64 0 0 0 35.31 -13.73 -41.75 -16.8 -19.75 80.6 -1.14 -1.93 -20.99 -0.17 2.65 -7.3 -0.37 11.04 6.93 -10.15 15.12 -6.37 -12.68 7.54 -7.91 10.53 12.47 -15.1 -12.17 16.89 16.31 -3.49 7.31 9.61 0 -0 0 -21.25 -44.11 -2.73 13.25 -21.65 -2.54 -0 0 -2.5 19.15 30.61 10.03 -7.12 0 -0 -14.61 61.45 -5.92 0 -0 0 106.25 57.76 108.23 -35.8 45.37 -15.38 0 -0 -0.86 -56.5 25.25 -32.8 7.12 -0 -0 -15.29 9.28 -18.15
-10.12 14.31 7.9 -171.64 4.57 -169.23 0 0 0 -14.33 -6.91 -51.89 9.59 17.17 58.12 -0.09 -19.41 -12.84 0.05 -1.48 -4.08 0 0 0 34.11 -11.58 -44.77 -15.28 -19.46 76.07 -1.49 -8.54 -27.55 -0.01 0.54 -1.48 1.71 11.51 8.06 -9.15 15.78 -5.81 -12.84 7.71 -7.56 9.53 11.2 -16.33 -10.71 15.19 18.87 -3.08 6.47 10.31 -0 -0 0 -27.16 -49.72 1.48 11.93 -19.7 -2.08 -0 0 -0.02 14.36 31.41 7.6 -7.12 0 -0 -20.45 61.03 -8.18 -0 -0 0 116.89 57.5 111.48 -25.14 36.35 -8.37 0 0 4.45 -55.3 25.13 -31.52 7.12 -0 -0 -14.68 8.38 -17.2
-9.5 14.22 7.63 -168.83 -1.35 -169.77 0 0 0 -11.8 -5.14 -54.36 10.77 17.82 62.02 0.73 -13.37 -16.75 0.18 -2.75 -7.57 0 0 0 34.51 -11.38 -45.2 -12.05 -18.41 66.14 -1.9 -12.58 -33.12 -0.18 -2.72 7.51 3.71 12.03 8.75 -7.8 15.81 -5.33 -12.41 7.33 -7.26 8.51 9.73 -17.06 -8.43 12.94 20.56 -2.48 5.56 10.54 0 -0 0 -33.14 -54.73 8.16 11.25 -18.67 -1.85 -0 -0 0.11 8.2 33.28 4.52 -7.12 0 -0 -28.58 61.22 -11.83 0 -0 0 123.62 57.39 110.92 -18.19 28.4 -4.64 0 0 8.48 -55.55 25.09 -31.72 7.12 -0 -0 -14.83 8.47 -17.4
-8.9 14.09 7.33 -166.59 -8.64 -170.88 0 0 0 -9.67 -6.57 -54.95 11.37 18.11 63.98 1.32 -7.06 -20.53 0.02 0.92 2.54 0 0 0 36.6 -15.16 -46.29 -10.78 -17.83 62.08 -2.12 -10.95 -33.21 -0.33 -3.68 10.18 4.67 11.28 8.93 -6.53 15.14 -5.27 -11.55 6.99 -7.55 7.96 8.31 -17.56 -5.45 10.39 22.08 -1.74 4.66 10.73 -0 0 0 -39.66 -58.97 15.13 10.92 -18.16 -1.75 -0 0 -0.21 3.13 35.63 1.83 -7.12 0 -0 -36.19 61.92 -16.02 -0 0 0 126.52 57.74 107.89 -14.05 22.8 -2.85 0 0 14.43 -55.9 24.8 -31.78 7.12 -0 -0 -15.1 8.32 -17.7
-8.35 13.93 7.05 -165.55 -15.68 -172.16 0 0 0 -6.37 -11.49 -54.61 12.04 18.41 66.12 1.53 -5.54 -22.25 0.19 2.78 7.66 0 0 0 38.41 -19.7 -48.05 -11.92 -18.36 65.74 -2.37 -5.32 -31.34 -0 -0.3 0.82 4.5 10.48 9.07 -5.65 14.14 -5.17 -10.5 6.5 -8 7.68 7.15 -17.79 -3.03 8.21 22.66 -1.17 3.93 10.69 0 0 0 -46.77 -62.38 21.89 10.83 -18.03 -1.72 -0 -0 0.56 1.22 36.49 0.72 -7.12 0 -0 -39.08 62.1 -17.69 0 0 0 125.66 58.96 105.11 -12.1 19.95 -2.14 0 0 17.37 -55.17 23.99 -30.3 7.12 -0 -0 -14.94 6.82 -17.18
-7.82 13.78 6.77 -165.38 -19.83 -173.32 0 0 0 -3.42 -13.94 -55.08 12.91 18.75 68.85 1.61 -7.05 -22.77 0.09 1.9 5.24 0 0 0 38 -20.93 -47.23 -13.32 -18.89 70.12 -2.31 1.08 -28.45 -0.67 5.22 -14.54 3.3 10.41 9.15 -5.19 13.93 -4.84 -9.37 6.47 -8.12 7.59 6.48 -17.58 -1.54 6.95 21.72 -0.83 3.55 10.17 -0 -0 0 -50.76 -64.37 28.28 11.4 -18.89 -1.9 -0 -0 0.48 -1.1 36.11 -0.65 -7.12 0 -0 -40.86 61.23 -17.8 -0 -0 0 123.97 60.41 102.03 -11.12 18.48 -1.81 0 0 18.06 -54.34 22.41 -27.98 7.12 -0 -0 -14.95 4.25 -16.57
-7.36 13.7 6.52 -165.8 -20.81 -174.31 0 0 0 -2.06 -12.14 -54.84 13.32 18.9 70.13 1.65 -9.27 -23.01 0.01 0.59 1.63 0 0 0 35.39 -19.79 -45.01 -14.78 -19.33 74.58 -1.76 8.88 -23.8 -1.24 7.06 -19.89 2.39 11 9.27 -5.31 14.57 -4.59 -9.08 6.84 -8 7.6 6.32 -17.56 -0.11 6.37 21.24 -0.42 3.45 9.93 0 0 0 -50.72 -64.78 32.24 12.37 -20.36 -2.23 -0 0 -2.75 -3.04 36.98 -1.83 -7.12 0 -0 -43.74 61.4 -19.5 0 0 0 121.76 61.41 99.87 -11.03 18.33 -1.78 0 0 15.74 -53.12 20.32 -24.84 7.12 -0 -0 -14.85 0.78 -15.58
-6.96 13.67 6.28 -166.81 -20.67 -175.03 0 0 0 -1.65 -9.46 -53.93 13.38 18.92 70.31 1.59 -11.54 -22.81 0 -0.31 -0.86 0 0 0 31.05 -18.24 -42.92 -16.13 -19.64 78.63 -1.47 10.08 -21.77 -0.82 5.79 -16.18 2.29 11.5 9.47 -5.76 15.17 -4.75 -9.63 7.1 -8.1 7.68 6.61 -17.45 1.28 6.36 21.73 0.05 3.6 10.04 0 -0 0 -48.86 -63.41 34.28 13.28 -21.69 -2.56 -0 0 -5.87 -4.85 37.8 -2.98 -7.12 0 -0 -46.46 61.53 -21.16 0 -0 0 116.34 61.6 99.95 -12.64 20.76 -2.32 0 0 10 -51.88 18.18 -21.68 7.12 -0 -0 -14.71 -2.75 -14.48
-6.6 13.7 6.05 -168.72 -20.78 -175.3 0 0 0 -2.28 -7.72 -52.31 13.02 18.79 69.19 1.4 -13.34 -21.79 0.01 -0.46 -1.26 0 0 0 25.09 -16.89 -40.85 -16.89 -19.77 80.87 -1.6 5.09 -22.77 -0.35 3.78 -10.46 1.72 11.56 9.4 -6.13 15.1 -5.06 -9.77 7.05 -8.45 7.82 7.24 -17.15 2.33 6.89 22.53 0.48 3.97 10.27 0 -0 0 -47.17 -61.08 34.63 13.52 -22.05 -2.65 -0 0 -6.21 -6.22 37.4 -3.79 -7.12 0 -0 -47.21 60.91 -20.89 0 -0 0 106.91 61.11 100.49 -16.93 26.76 -4.05 0 0 2.12 -50.78 15.79 -18.44 7.12 -0 -0 -14.68 -6.52 -13.38
-6.21 13.82 5.84 -170.4 -21.13 -175.53 0 0 0 -2.7 -6.21 -50.14 12.2 18.47 66.62 1.08 -14.9 -19.9 0 -0.37 -1.03 0 0 0 19.48 -15.38 -38.23 -16.47 -19.7 79.62 -1.69 1.16 -24.23 -0.15 2.48 -6.85 0.87 11.42 8.93 -6.13 14.77 -5.26 -9.25 6.9 -8.68 7.94 7.94 -16.82 3.31 7.57 22.94 0.9 4.4 10.35 0 -0 0 -46.21 -58.9 33.52 13.02 -21.32 -2.46 -0 0 -4.61 -8.01 36.73 -4.81 -7.12 0 -0 -48.02 59.99 -20.29 0 -0 0 94.27 60.12 97.41 -24.02 35.19 -7.72 0 -0 -2.76 -51.02 14.76 -17.47 7.12 -0 -0 -15.08 -7.88 -13.35
-5.8 14.03 5.64 -171.13 -21.62 -175.76 0 0 0 -2.19 -4.5 -47.72 10.91 17.89 62.48 0.66 -16.01 -17.19 0.01 -0.73 -2 0 0 0 16.1 -13.69 -35.22 -14.69 -19.31 74.31 -1.74 -3.29 -26.3 -0.06 1.57 -4.32 0.46 11.22 8.15 -5.85 14.47 -5.47 -8.57 6.78 -8.67 8.03 8.6 -16.56 4.59 8.13 22.87 1.4 4.81 10.24 -0 -0 0 -45.82 -57.04 31.41 12.38 -20.38 -2.23 -0 0 -2.66 -9.51 36.55 -5.7 -7.12 0 -0 -49.14 59.51 -20.33 -0 -0 0 78.98 58.09 90.97 -34.83 44.69 -14.69 0 -0 -5.61 -50.68 13.24 -15.62 7.12 -0 -0 -15.26 -10.16 -12.8
-5.33 14.31 5.45 -171.35 -22.92 -175.71 0 0 0 -1.29 -2.89 -45.63 9.27 16.98 57.03 0.09 -16.89 -12.72 0.02 -0.86 -2.36 0 0 0 14.99 -12.72 -32.06 -11.8 -18.3 65.34 -1.77 -8.93 -29.71 -0.05 -1.38 3.78 0.33 10.74 7.4 -5.63 13.84 -5.79 -8.09 6.48 -8.75 8.3 9.16 -16.27 5.86 8.54 22.44 1.83 5.15 10 -0 0 0 -44.91 -55.22 29.97 12.24 -20.16 -2.18 -0 0 -1.56 -10.24 36.3 -6.1 -7.12 0 -0 -49.49 59.16 -20.1 -0 0 0 63.05 53.66 83.13 -51.56 53.61 -27.43 0 -0 -8.6 -50.26 12.88 -15.01 7.12 -0 -0 -15.09 -10.8 -12.44
-4.77 14.62 5.28 -171.16 -25.41 -175.61 0 0 0 -0.49 -0.34 -45.35 7.87 16.02 52.08 -0.62 -17.55 -5.21 0 0.01 0.02 0 0 0 15.85 -12.6 -28.62 -8.29 -16.33 53.59 -1.82 -13.8 -33.58 -0.61 -5.02 13.96 0.04 9.88 7.1 -5.35 12.66 -6.1 -7.51 5.9 -9.2 8.46 9.48 -15.96 6.94 8.75 21.56 2.15 5.36 9.59 0 0 0 -42.83 -53.4 29.91 12.79 -20.98 -2.38 -0 0 -3.06 -11.39 35.96 -6.74 -7.12 0 -0 -50.11 58.66 -19.82 0 0 0 49.13 46.59 76 -74.62 59.09 -46.72 0 -0 -8.42 -50.13 14.31 -16.48 7.12 -0 -0 -14.66 -8.84 -12.67
-4.14 14.83 5.11 -170.28 -28.86 -175.74 0 0 0 0.29 3.85 -49.42 7.68 15.88 51.39 -0.96 -17.05 6.18 0.06 1.6 4.41 0 0 0 18.41 -13.46 -25.85 -5.49 -13.92 42.91 -1.17 -16.53 -32.16 -0.54 -4.73 13.13 -0.1 8.64 7.26 -5 10.98 -6.31 -6.94 5.06 -9.8 8.35 9.53 -15.72 7.92 8.74 20.13 2.42 5.41 9 -0 -0 0 -39.61 -51.95 29.32 13.67 -22.26 -2.7 -0 0 -5.32 -12.42 35.87 -7.35 -7.12 0 -0 -50.91 58.36 -19.87 -0 -0 0 38.17 37.65 70.7 -99.32 59.67 -68.06 0 -0 -7.67 -50.82 16.94 -19.67 7.12 -0 -0 -14.42 -4.92 -13.57
-3.48 14.9 4.97 -168.88 -32.68 -176.18 0 0 0 0.78 8.52 -58.66 9.5 17.12 57.79 -0.03 -11.84 16.38 0.09 1.96 5.39 0 0 0 22.48 -16.84 -26.42 -4.69 -13.03 39.47 -0.93 -14.78 -28.9 -0.41 -4.09 11.33 0.08 7.22 7.52 -4.59 9.14 -6.31 -6.4 4.16 -10.18 8.09 9.36 -15.8 8.64 8.52 18.59 2.61 5.32 8.44 0 -0 0 -35.8 -51.16 27.59 14.41 -23.32 -2.99 -0 0 -6.2 -13.39 35.44 -7.86 -7.12 0 -0 -51.26 57.84 -19.39 0 -0 0 29.6 27.4 66.81 -118.36 56.73 -84.29 0 -0 -7.13 -52.06 20.01 -23.7 7.12 -0 -0 -14.33 -0.16 -14.77
-2.83 14.86 4.85 -167.51 -35.52 -177.78 0 0 0 2.02 12.04 -68.4 13.68 19.02 71.24 0.36 -5.56 14.77 0.01 0.46 1.27 0 0 0 26.55 -20.84 -28.57 -4.96 -13.34 40.67 -1.13 -13.46 -29.02 -0.51 -4.6 12.77 0.18 6.08 8.96 -3.92 7.7 -6.02 -5.71 3.45 -10.93 7.78 9.22 -15.53 9 8.53 16.91 2.68 5.28 7.79 -0 0 0 -32.87 -50.74 25.04 14.9 -24 -3.18 -0 0 -6.59 -14.12 35.01 -8.21 -7.12 0 -0 -51.42 57.39 -18.88 -0 0 0 22.96 16.99 63.57 -129 53.39 -93.03 0 -0 -5.55 -52.81 22.17 -26.44 7.12 -0 -0 -14.17 3.1 -15.39
-2.2 14.78 4.77 -167.23 -35.97 -180.66 0 0 0 4.94 16.18 -74.46 19.76 20 89.31 0.02 -4.29 6.85 0.04 -1.22 -3.35 0 0 0 28.46 -23.57 -28.95 -5.54 -13.96 43.09 -1.5 -11.8 -30.01 -0.62 -5.04 14.02 -0.35 5.49 12.43 -3.3 6.87 -5.35 -4.99 3.07 -12.47 7.46 9.36 -15.06 9.53 8.86 15.6 2.85 5.41 7.23 0 -0 0 -30.45 -49.29 22.54 15.53 -24.88 -3.45 -0 0 -8.44 -13.5 35.11 -7.86 -7.12 0 -0 -50.99 57.59 -18.92 0 -0 0 18.87 8.67 60.65 -133.57 51.45 -96.65 0 -0 -5.59 -52.19 22.75 -26.5 7.12 -0 -0 -13.67 3.54 -14.91
-1.63 14.68 4.71 -168.97 -33.98 -182.92 0 0 0 7.72 24.83 -77.91 26.3 19.02 108.72 -0.14 -7.23 -0.42 0.05 -1.42 -3.91 0 0 0 27.79 -23.72 -27.57 -6.29 -14.7 46.13 -1.89 -10.5 -31.51 -0.74 -5.49 15.31 -2.06 5.43 16.2 -3.25 6.33 -4.55 -4.25 2.88 -14.08 7.55 9.92 -14.8 9.96 9.6 14.83 3 5.76 6.9 0 0 0 -27.69 -45.96 19.4 16.36 -26 -3.8 -0 0 -11.81 -11.97 35.76 -7.06 -7.12 0 -0 -50.4 58.39 -19.63 0 0 0 17.41 3.95 57.94 -135.23 50.66 -97.94 0 -0 -7.5 -51.06 22.96 -25.77 7.12 -0 -0 -12.98 3.24 -14.05
-1.12 14.57 4.65 -171.96 -31.76 -183.3 0 0 0 9.61 39.97 -81.19 31.79 16.27 126.68 -0.4 -15.53 -5.86 0.01 -0.62 -1.7 0 0 0 26.19 -22.57 -27.16 -7.17 -15.47 49.51 -2.25 -9.54 -33.05 -0.82 -5.77 16.13 -4.48 5.48 18.35 -3.73 5.59 -4.04 -3.44 2.64 -15.03 7.92 10.56 -14.76 10.01 10.39 14.43 3.03 6.14 6.76 -0 0 0 -25.91 -42 15.07 17.13 -27.03 -4.15 -0 0 -16.63 -10.41 36.82 -6.29 -7.12 0 -0 -50.27 59.48 -20.93 -0 0 0 17.71 1.09 55.15 -136.33 50.1 -98.79 0 -0 -8.96 -50.09 22.98 -25.02 7.12 -0 -0 -12.44 2.79 -13.34
-0.68 14.46 4.57 -174.4 -31.01 -183.01 0 0 0 13.48 62.5 -83.27 35.47 12.84 141.24 -0.99 -26.9 -12.28 0 -0.1 -0.26 0 0 0 25.35 -22.02 -27.97 -7.98 -16.11 52.51 -2.62 -8.63 -34.58 -0.88 -5.98 16.73 -6.25 5.16 19.42 -4.15 4.5 -3.84 -2.67 2.23 -15.57 8.01 10.9 -15.13 10.27 10.73 14.5 3.16 6.34 6.84 -0 0 0 -26.25 -38.75 9.53 17.91 -28.05 -4.51 -0 0 -23.63 -8.54 38.77 -5.37 -7.12 0 -0 -51.07 61.26 -23.56 -0 0 0 18.93 -1.23 52.5 -137.39 49.54 -99.6 0 -0 -10.7 -49.49 22.82 -24.42 7.12 -0 -0 -12.14 2.31 -12.91
-0.27 14.32 4.47 -175.46 -31.11 -183.41 0 0 0 33.28 80.75 -68.79 37.19 10.38 149.79 -1.15 -34.61 -18.92 0.01 0.74 2.03 0 0 0 25.76 -21.99 -28.69 -8.73 -16.63 55.14 -3 -7.85 -36.16 -0.87 -5.93 16.59 -6.93 4.57 20.6 -4.13 3.39 -3.8 -2 1.79 -16.29 7.85 10.96 -15.38 10.74 10.7 14.64 3.35 6.36 6.89 0 0 0 -30.18 -36.97 0.22 18.73 -29.08 -4.9 -0 0 -30.47 -3.6 41.69 -2.4 -7.12 0 -0 -50.86 64.51 -27.22 0 0 0 20.86 -3.18 50.36 -137.79 49.33 -99.9 0 -0 -11.74 -49.16 23.22 -24.52 7.12 -0 -0 -11.85 2.66 -12.66
0.12 14.18 4.38 -175.56 -31 -183.91 0 0 0 17.99 78.43 -83.85 37.14 10.47 149.49 -1.06 -35.23 -19.95 0 0.35 0.95 0 0 0 27.13 -21.45 -29.42 -9.37 -17.04 57.35 -3.29 -7.2 -37.3 -0.79 -5.68 15.86 -6.8 4.1 21.44 -4.01 2.73 -3.93 -1.78 1.49 -16.93 7.57 10.74 -15.41 11.32 10.37 14.3 3.52 6.21 6.75 0 -0 0 -35.14 -35.62 -8.25 20.91 -31.72 -6 -0 0 -42.31 6.18 45.92 4.45 -7.12 0 -0 -49.92 70.23 -32.66 0 -0 0 23.59 -5.77 48.54 -138.14 49.13 -100.17 0 -0 -11.67 -49.23 23.72 -25 7.12 -0 -0 -11.76 3.32 -12.68
0.47 14.05 4.28 -175.63 -30.19 -183.56 0 0 0 4.44 59.6 -92.87 35.72 12.52 142.4 -0.37 -28.7 -18.11 0 -0.06 -0.15 0 0 0 28.78 -20.06 -30.65 -9.94 -17.38 59.29 -3.53 -6.77 -38.28 -0.79 -5.69 15.89 -6.52 3.93 21.16 -3.98 2.6 -4.21 -1.85 1.42 -17.09 7.23 10.42 -15.43 11.69 9.98 13.77 3.62 6.01 6.55 0 0 0 -39.88 -34.68 -15.12 23.66 -34.81 -7.51 -0 0 -53.64 19.08 48.64 14.55 -7.12 0 -0 -45.9 76.61 -35.4 0 0 0 26.24 -8.67 47.03 -139.2 48.54 -100.96 0 -0 -13 -49.63 23.42 -25.06 7.12 -0 -0 -12.06 3.14 -12.99
0.78 13.92 4.18 -175.93 -29 -182.75 0 0 0 1.48 42.53 -90.56 33.63 14.78 133.56 0.88 -18.15 -19.71 0.01 0.58 1.6 0 0 0 30.16 -18.87 -32.12 -10.47 -17.67 61.06 -3.77 -6.14 -39.17 -0.84 -5.86 16.37 -6.07 3.84 20.09 -4.03 2.69 -4.51 -2.14 1.42 -16.78 6.87 10.24 -15.47 11.92 9.79 13.71 3.73 5.92 6.51 0 -0 0 -44.3 -33.78 -19.99 26.4 -37.6 -9.13 -0 0 -58.38 31.56 47.49 24.36 -7.12 0 -0 -26.78 81.11 -22.5 0 -0 0 28.06 -10.63 45.98 -140.18 47.96 -101.69 0 -0 -15.43 -50.18 22.94 -25.05 7.12 -0 -0 -12.5 2.79 -13.4
1.04 13.83 4.09 -176.38 -27.56 -181.9 0 0 0 -1.13 32.15 -87.77 31.44 16.52 125.44 1.67 -9.27 -23.17 0.04 1.21 3.33 0 0 0 31.22 -18.22 -33.37 -10.84 -17.86 62.26 -3.99 -5.17 -39.79 -0.94 -6.16 17.25 -5.4 3.78 18.92 -4.12 2.87 -4.84 -2.62 1.44 -16.41 6.58 10.22 -15.61 12.18 9.7 14.24 3.88 5.9 6.68 0 -0 0 -47.5 -32.78 -22.43 28.22 -39.31 -10.26 -0 0 -57.82 40.83 46.17 31.94 -7.12 0 -0 2.34 83.98 2.08 0 -0 0 28.7 -11.35 45.25 -140.62 47.7 -102.02 0 -0 -16.65 -50.63 22.75 -25.24 7.12 -0 -0 -12.8 2.76 -13.74
1.29 13.79 3.99 -176.47 -25.6 -181.38 0 0 0 -3.62 26.18 -84.61 29.04 17.92 117.35 2.14 -3.12 -26.89 0.15 2.47 6.79 0 0 0 32.55 -17.33 -33.5 -10.79 -17.83 62.11 -4.1 -4.49 -39.99 -1.07 -6.58 18.49 -4.21 3.92 17.88 -4.18 3.43 -5.1 -3.47 1.58 -15.98 6.27 10.09 -15.74 12.51 9.47 14.71 4.04 5.83 6.84 -0 -0 0 -49.78 -31.97 -23.48 29.6 -40.55 -11.15 -0 0 -56.7 49.32 44.81 39.35 -7.12 0 -0 51.79 84.8 47.59 -0 -0 0 28.53 -11.38 44.71 -140.83 47.57 -102.18 0 -0 -17.59 -50.7 22.42 -24.98 7.12 -0 -0 -12.93 2.36 -13.8
1.5 13.84 3.88 -176.25 -23.31 -180.87 0 0 0 -6.18 22.42 -80.73 25.97 19.12 107.71 2.57 1.54 -30.94 0.36 3.85 10.64 0 0 0 34.14 -15.99 -32.58 -10.26 -17.56 60.37 -3.99 -4.47 -39.48 -1.14 -6.77 19.03 -2.72 4.13 16.53 -4.27 4.15 -5.33 -4.52 1.79 -15.27 6.02 9.86 -15.79 12.96 9.07 14.98 4.19 5.66 6.92 0 -0 0 -51.63 -31.29 -24.25 31.9 -42.47 -12.68 -0 0 -57.84 55.45 44.07 45.29 -7.12 0 -0 88.23 83.38 81.56 0 -0 0 28.28 -10.89 44.61 -141 47.46 -102.3 0 -0 -19.26 -50.47 22.04 -24.45 7.12 -0 -0 -12.9 1.76 -13.63
1.71 13.99 3.73 -176.22 -21.43 -179.79 0 0 0 -9.24 19.44 -75.89 21.7 19.93 94.99 2.91 4.93 -34.21 0.37 3.93 10.87 0 0 0 35.57 -15.17 -31.51 -9.35 -17.03 57.28 -3.71 -3.98 -37.96 -1.2 -6.95 19.57 -1.89 4.26 14.5 -4.44 4.55 -5.71 -5.11 1.91 -14.36 5.84 9.5 -15.69 13.66 8.41 15.29 4.39 5.39 7 0 -0 0 -53.33 -30.65 -24.22 35.43 -45.12 -15.12 -0 0 -59.23 58.86 43.55 48.75 -7.12 0 -0 93.94 -81.97 -102.07 0 -0 0 28.49 -10.34 45.07 -140.97 47.49 -102.28 0 -0 -20.17 -50.86 21.99 -24.7 7.12 -0 -0 -13.13 1.88 -13.92
1.93 14.24 3.55 -176.13 -20.37 -178.52 0 0 0 -11.97 16.62 -69.52 16.34 19.68 79.25 3.24 6.56 -36.72 0.28 3.43 9.47 0 0 0 36.87 -15.6 -30.47 -8.19 -16.26 53.25 -3.2 -2.03 -34.62 -1.15 -6.82 19.17 -1.58 4.21 12.39 -4.47 4.59 -6.22 -5.16 1.92 -13.63 5.77 8.97 -15.99 14.26 7.39 16.13 4.56 4.97 7.36 -0 0 0 -55.55 -30.19 -22.88 40.48 -48.35 -18.8 -0 0 -58.38 60.01 41.7 49.05 -7.12 0 -0 86.9 -80.66 -96.31 -0 0 0 28.97 -10.39 45.78 -140.96 47.49 -102.27 0 -0 -20.27 -51.52 22.05 -25.28 7.12 -0 -0 -13.48 2.28 -14.41
2.12 14.52 3.36 -175.54 -19.47 -177.39 0 0 0 -13.28 13.94 -62.34 11.24 18.05 63.54 3.45 7.61 -38.31 0.15 2.53 6.97 0 0 0 38.13 -16.96 -30.28 -7.44 -15.69 50.52 -2.4 1.28 -28.97 -0.68 -5.27 14.67 -1.2 4.12 10.29 -4.15 4.63 -6.69 -4.85 1.95 -12.87 5.88 8.36 -16.32 14.2 6.4 16.66 4.46 4.52 7.65 -0 0 0 -58.08 -29.9 -19.8 46.77 -51.6 -23.62 -0 0 -54.83 58.07 39.75 45.74 -7.12 0 -0 77.8 80.15 67.86 -0 0 0 29.21 -11.07 46.29 -141.12 47.39 -102.39 0 -0 -20.11 -52.53 22.07 -26.11 7.12 -0 -0 -14.04 2.82 -15.17
2.26 14.76 3.17 -174.86 -17.57 -176.55 0 0 0 -12.42 10.57 -53.52 7.13 15.44 49.37 3.57 7.89 -39.01 0.04 1.3 3.59 0 0 0 38.24 -19.54 -32.05 -7.81 -15.98 51.89 -1.26 7.73 -20.04 -0.22 -3.05 8.41 -0.53 4.23 8.09 -3.63 4.98 -6.85 -4.51 2.13 -11.67 6.16 7.81 -16.37 13.35 5.75 16.64 4.07 4.16 7.72 0 -0 0 -60.32 -29.34 -14.99 54.84 -54.77 -30.09 -0 0 -51.68 57.46 39.02 44.62 -7.12 0 -0 71.92 79.74 61.76 0 -0 0 28.88 -11.34 46.74 -141.12 47.39 -102.39 0 -0 -21.03 -53.9 21.91 -27.11 7.12 -0 -0 -14.84 3.34 -16.23
2.36 14.94 3.03 -174.28 -14.15 -175.82 0 0 0 -8.84 4.77 -44.8 4.77 13.11 39.8 3.95 8.55 -41.12 0.11 2.15 5.93 0 0 0 36.04 -21.03 -34.99 -9.23 -16.95 56.87 -0.07 14.12 -10.72 -0 0.4 -1.11 0.66 4.56 6.58 -2.95 5.68 -7.08 -4.42 2.43 -10.9 6.58 7.44 -16.62 11.78 5.39 17.32 3.49 3.93 8.06 0 0 0 -62.01 -28.52 -9.36 64.22 -57.33 -37.87 -0 0 -49.23 59.68 39.69 47.52 -7.12 0 -0 84.97 79.74 74.5 0 0 0 27.2 -10.69 47.47 -140.96 47.49 -102.27 0 -0 -22.6 -55.12 21.78 -28.03 7.12 -0 -0 -15.55 3.85 -17.19
2.51 15.06 2.93 -174.53 -9.54 -175.11 0 0 0 -5.75 1.5 -39.64 3.8 11.89 35.36 4.22 9.26 -42.65 0.36 3.86 10.69 0 0 0 31.13 -18.56 -36.31 -10.44 -17.65 60.94 -0.47 11.25 -13.55 -0.28 3.42 -9.45 0.95 5.14 6.34 -2.36 6.54 -7.41 -4.07 2.83 -11.11 6.71 7.15 -16.21 10.26 5.37 17.61 2.95 3.81 8.12 0 -0 0 -62.59 -28.87 -3.47 72.18 -58.77 -44.63 -0 0 -46 63.77 41.14 53.17 -7.12 0 -0 97.93 -79.09 -109.07 0 -0 0 25.11 -9.48 48.46 -140.42 47.82 -101.87 0 -0 -23.06 -56.72 22.07 -29.79 7.12 -0 -0 -16.34 5.2 -18.49
2.76 15.15 2.84 -176.13 -5.3 -175.11 0 0 0 -5.69 2.71 -35.24 2.98 10.66 31.13 4.3 10.69 -43.72 0.74 5.51 15.38 0 0 0 24.18 -14.14 -35.17 -10.29 -17.57 60.45 -1.21 -3.22 -22.16 -0.01 0.65 -1.79 -0.22 5.5 6.99 -2.32 6.88 -7.31 -3.5 3.08 -11.52 6.44 6.83 -15.88 9.42 5.23 17.72 2.68 3.65 8.11 0 -0 0 -62.02 -31.01 2.62 77.93 -59.44 -49.57 -0 0 -42.39 66.29 40.67 56.03 -7.12 0 -0 103.91 -77.84 -116.28 0 -0 0 23.79 -8.02 49.57 -139.7 48.25 -101.33 0 -0 -23 -58.23 22.46 -31.68 7.12 -0 -0 -17.04 6.7 -19.76
3.05 15.22 2.76 -177.29 -3.4 -175.4 0 0 0 -5.43 2.12 -30.78 2.24 9.35 26.89 4.53 11.93 -45.31 1.24 7.07 19.92 0 0 0 18.02 -9.53 -32.28 -8.39 -16.4 53.95 -0.95 -12.68 -26.95 -0.23 -3.12 8.6 -0.71 5.04 7.74 -2.35 6.2 -7.08 -3.22 2.78 -11.8 5.88 6.37 -16.19 9.16 4.7 18.34 2.65 3.36 8.37 0 -0 0 -61.18 -33.93 9.65 81.44 -59.72 -52.59 -0 0 -37.81 66.25 38.86 54.96 -7.12 0 -0 94.99 -77.18 -108.22 0 -0 0 22.91 -6.91 50.68 -139.07 48.61 -100.87 0 -0 -22.11 -59.65 22.9 -33.6 7.12 -0 -0 -17.67 8.28 -20.98
3.39 15.19 2.68 -176.29 -3.99 -175.1 0 0 0 -2.56 0.26 -29.49 2.03 8.92 25.54 4.63 13.42 -46.5 1.37 7.4 20.9 0 0 0 15.49 -5.17 -29.07 -6.2 -14.62 45.78 -0.22 -15.54 -24.12 -0.29 -3.45 9.54 0.25 3.87 7.71 -1.63 4.83 -7.03 -2.73 2.1 -11.76 5.33 5.61 -16.6 8.52 3.87 18.81 2.46 2.9 8.61 0 -0 0 -60.75 -37.4 18.09 81.98 -59.76 -53.06 -0 0 -32.27 65.63 37.2 53.16 -7.12 0 -0 85.39 -76.48 -99.12 0 -0 0 21.75 -6.64 51.47 -138.93 48.69 -100.76 0 -0 -20.22 -60.67 23.93 -35.83 7.12 -0 -0 -17.9 10.43 -21.84
3.82 15.11 2.6 -174.84 -5.98 -174.65 0 0 0 0.47 0.45 -31.27 2.16 9.19 26.38 4.55 14.37 -46.7 1.21 6.98 19.67 0 0 0 16.24 -4.61 -28.1 -5.52 -13.95 43.04 -0.29 -12.01 -20.48 -0.08 -1.84 5.07 0.25 2.4 7.23 -0.48 2.96 -7 -1.15 1.26 -11.56 4.49 4.62 -17.2 7.9 2.81 19.36 2.28 2.3 8.91 -0 -0 0 -60.85 -41.59 27.88 78.81 -59.52 -50.32 -0 0 -27.87 64.12 35.01 49.78 -7.12 0 -0 85.45 75.85 70.76 -0 -0 0 20.44 -6.94 51.89 -138.98 48.66 -100.8 0 -0 -18.01 -61.12 24.57 -37.01 7.12 -0 -0 -17.94 11.63 -22.19
4.32 15.02 2.53 -173.56 -8.43 -174.55 0 0 0 1.75 4.67 -35.53 2.53 9.9 28.65 3.99 13.42 -43.91 0.75 5.55 15.47 0 0 0 19.18 -7.8 -29.47 -5.81 -14.24 44.2 -0.77 -7.38 -20.81 -0.01 -0.77 2.11 -0.93 1.01 7.26 0.61 1.03 -7.02 1.03 0.49 -11.68 3.47 3.37 -18.06 7.75 1.25 20.23 2.24 1.51 9.39 -0 0 0 -61.77 -46.58 39.65 71.33 -58.64 -43.91 -0 0 -25.75 60.72 32.59 43.85 -7.12 0 -0 65.1 74.54 49.85 -0 0 0 19.73 -7.86 52.06 -138.77 48.78 -100.64 0 -0 -16.59 -61.39 24.75 -37.52 7.12 -0 -0 -18.03 12.09 -22.41
4.78 14.94 2.47 -171.87 -10.54 -174.97 0 0 0 1.43 11.79 -43.14 3.86 11.98 35.65 3.14 10.34 -38.22 0.16 2.57 7.08 0 0 0 23.06 -11.73 -31.6 -6.22 -14.64 45.87 -1.06 -4.47 -21.5 -0.01 -0.6 1.66 -1.66 -0.23 7.89 1.7 -0.62 -6.94 2.92 -0.18 -11.92 2.99 2.11 -18.47 7.16 -0.25 20.45 1.93 0.72 9.57 0 0 0 -63.86 -51.63 52.95 61.79 -56.77 -35.84 -0 0 -25.34 55.99 30.48 36.93 -7.12 0 -0 45.65 71.86 30.99 0 0 0 19.56 -8.58 51.8 -138.12 49.15 -100.15 0 -0 -15.78 -61.44 25.13 -37.97 7.12 -0 -0 -17.94 12.63 -22.41
5.16 14.82 2.43 -170.71 -11.27 -175.59 0 0 0 -0.29 18.4 -51.81 6.76 15.13 47.98 2.68 6.63 -33.81 0 0.04 0.11 0 0 0 25.89 -14.01 -33.47 -6.89 -15.24 48.45 -1.29 -2.69 -22.54 -0 -0.17 0.46 -2.42 -1.23 8.53 2.58 -2 -6.65 4.56 -0.73 -11.84 3.25 1.3 -18.3 6.03 -1.1 20.02 1.37 0.22 9.4 0 0 0 -66.57 -55.54 66.05 53.21 -54.21 -28.76 -0 0 -25.58 49.72 27.83 28.85 -7.12 0 -0 28.68 67.11 15.79 0 0 0 19.73 -8.34 51.29 -137.25 49.62 -99.49 0 -0 -14.26 -61.07 25.87 -38.29 7.12 -0 -0 -17.51 13.3 -21.99
5.45 14.71 2.39 -170.75 -10.73 -175.81 0 0 0 -3.44 23.39 -58.51 10.13 17.49 59.94 2.73 3.26 -32.51 0 -0.07 -0.19 0 0 0 26.89 -14.61 -35.03 -7.67 -15.87 51.38 -1.46 -1.57 -23.48 -0 -0.17 0.46 -3.73 -1.85 8.79 3.16 -2.96 -6.47 6.13 -1.06 -11.62 3.58 0.75 -18.22 4.39 -1.49 19.9 0.69 -0.11 9.32 -0 -0 0 -71.06 -58.16 79.3 46.21 -51.35 -23.18 -0 0 -25.5 42.87 24.65 21.16 -7.12 0 -0 16.64 61.26 6.69 -0 -0 0 19.54 -8.11 50.93 -136.66 49.93 -99.04 0 -0 -11.66 -61.23 27.02 -39.61 7.12 -0 -0 -17.23 14.9 -21.94
5.67 14.63 2.33 -170.73 -10.31 -175.43 0 0 0 -6.7 26.03 -63.04 12.31 18.52 66.95 2.77 1.79 -32.15 0.02 -0.96 -2.65 0 0 0 27.82 -14.97 -36.72 -8.29 -16.33 53.61 -1.59 -0.75 -24.1 -0 -0.05 0.13 -4.5 -2.56 8.3 3.95 -3.99 -6.57 7.58 -1.49 -11.21 3.98 0.5 -18.15 2.18 -1.37 20.06 -0.11 -0.25 9.33 -0 0 0 -77.36 -59.39 92.25 40.08 -48.11 -18.5 -0 0 -23.46 34.03 21.07 13.64 -7.12 0 -0 5.82 54.82 1.41 -0 0 0 19.08 -7.68 50.88 -136.2 50.17 -98.69 0 -0 -9.47 -60.73 27.91 -39.87 7.12 -0 -0 -16.67 15.63 -21.32
5.82 14.57 2.27 -170.48 -10.46 -174.81 0 0 0 -8.98 25.77 -64.34 12.29 18.51 66.92 2.78 1.94 -32.3 0.13 -2.35 -6.49 0 0 0 29.02 -15.6 -38.39 -8.67 -16.59 54.94 -1.71 -0.32 -24.88 -0 -0.12 0.34 -4.7 -3.55 7.45 4.83 -5.34 -6.78 8.82 -2.16 -10.63 4.46 0.06 -18.06 0.01 -0.85 20.14 -0.82 0.1 9.32 0 0 0 -84.92 -58.85 103.22 35.2 -44.95 -14.95 -0 0 -22.02 23.71 19.06 8.16 -7.12 0 -0 -4.55 50.6 -0.63 0 0 0 19.17 -6.76 50.76 -135.8 50.37 -98.38 0 -0 -8.86 -57.24 28.77 -36.79 7.12 -0 -0 -14.57 14.17 -18.21
5.94 14.52 2.22 -170.05 -10.33 -174.56 0 0 0 -9.15 23.77 -61.67 10.39 17.62 60.79 2.79 3.44 -32.94 0.19 -2.78 -7.67 0 0 0 30.32 -15.71 -38.88 -8.75 -16.65 55.23 -1.89 -1.03 -26.38 -0.01 -0.65 1.78 -4.48 -4.37 7.14 5.62 -6.43 -6.88 9.68 -2.72 -10.29 4.5 0.09 -18.2 -1.49 -0.51 20.24 -1.31 0.07 9.37 -0 0 0 -92.86 -56.71 110.75 31.11 -41.83 -12.14 -0 0 -22.09 12.09 19.62 4.11 -7.12 0 -0 -15.93 49.33 -1.74 -0 0 0 19.85 -5.77 50.74 -135.91 50.31 -98.47 0 -0 -9.23 -51.72 29.02 -31.58 7.12 -0 -0 -11.6 11.12 -13.87
6.02 14.47 2.19 -170.06 -9.07 -174.34 0 0 0 -8.37 22.18 -58.61 9.02 16.82 56.17 2.73 4.63 -33.08 0.16 -2.56 -7.06 0 0 0 30.79 -14.26 -38.66 -8.85 -16.71 55.57 -1.97 -2.6 -27.57 -0.02 -0.88 2.41 -4.41 -4.73 7.04 6.05 -6.91 -6.86 10.17 -2.98 -10.08 4.51 0.07 -18.46 -2.8 -0.27 20.2 -1.73 0.02 9.41 -0 0 0 -98.65 -54.44 115.01 28.08 -39.19 -10.17 -0 0 -22.99 1.74 21.92 0.65 -7.12 0 -0 -26.58 49.93 -3.44 -0 0 0 20.98 -4.7 51.14 -136.85 49.83 -99.19 0 -0 -10.1 -45.46 28.12 -25.6 7.12 -0 -0 -8.49 6.97 -9.55
6.1 14.43 2.18 -170.66 -7.01 -174.09 0 0 0 -7.83 22.35 -58.01 9.05 16.84 56.27 2.74 4.34 -33.05 0.1 -2.07 -5.69 0 0 0 30.31 -12.11 -38.44 -9.14 -16.9 56.58 -2.05 -3.12 -28.34 -0.08 -1.82 5 -4.87 -4.72 6.97 6.02 -6.95 -6.7 10.36 -2.98 -9.8 4.44 -0.11 -18.44 -3.67 -0.34 19.75 -2.03 -0.13 9.24 0 -0 0 -101.97 -52.7 116.73 25.97 -37.18 -8.87 -0 0 -22 -9.05 23.9 -3.69 -7.12 0 -0 -37.32 49.95 -5.2 0 -0 0 22.76 -3.77 51.89 -138.61 48.87 -100.52 0 -0 -12.84 -37.09 25.36 -17.94 7.12 -0 -0 -4.4 0.66 -4.47
6.18 14.42 2.16 -171.65 -5.19 -173.98 0 0 0 -7.9 23.25 -57.83 9.11 16.88 56.47 2.65 4.69 -32.7 0.13 -2.34 -6.45 0 0 0 29.41 -11.24 -38.28 -9.33 -17.01 57.22 -2.17 -2.56 -28.84 -0.15 -2.49 6.87 -5.5 -4.82 6.89 5.62 -7.12 -6.53 10.25 -3.04 -9.51 4.02 -0.48 -18.16 -3.79 -0.71 19.5 -2.04 -0.35 9.09 -0 0 0 -100.62 -51.8 115.37 26.65 -37.84 -9.28 -0 0 -22.31 -20.93 25.21 -9.25 -7.12 0 -0 -47.95 49.07 -6.12 -0 0 0 24.66 -2.37 53.71 -140.27 47.91 -101.76 0 -0 -17.95 -31.34 21.83 -12.76 7.12 -0 -0 -1.58 -4.86 -1.44
6.22 14.42 2.14 -172.29 -3.96 -173.93 0 0 0 -8.22 24.04 -57.81 9.41 17.06 57.5 2.74 4.77 -33.22 0.14 -2.41 -6.63 0 0 0 28.87 -11.61 -38.37 -9.38 -17.05 57.4 -2.21 -1.6 -28.72 -0.15 -2.47 6.82 -5.19 -5.04 6.82 5.31 -7.4 -6.61 9.76 -3.2 -9.56 3.27 -1 -17.94 -4.09 -1.08 20.08 -2.07 -0.6 9.23 -0 0 0 -94.29 -51.3 111.03 32.2 -42.7 -12.88 -0 0 -23.87 -23.38 25.32 -10.48 -7.12 0 -0 -49.89 48.76 -6.04 -0 0 0 25.71 -0.31 55.51 -141.41 47.21 -102.6 0 -0 -25.13 -25.09 18.52 -8.46 7.12 -0 -0 1.98 -9.7 1.62
6.24 14.4 2.11 -172.16 -2.94 -173.84 0 0 0 -8.06 25 -59.09 10.67 17.77 61.71 2.76 4.61 -33.29 0.15 -2.51 -6.91 0 0 0 29.08 -11.78 -38.55 -9.47 -17.1 57.69 -2.23 -0.89 -28.59 -0.13 -2.32 6.39 -3.98 -5.07 6.66 5.29 -7.34 -6.75 9.05 -3.26 -9.78 2.12 -1.8 -17.84 -4.34 -1.73 20.9 -2.06 -0.99 9.48 -0 0 0 -84.24 -50.5 103.34 44.26 -50.4 -21.67 -0 0 -22.99 -19.79 23.23 -8.07 -7.12 0 -0 -45.59 47.75 -3.88 -0 0 0 25.56 1.82 55.27 -140.76 47.62 -102.12 0 -0 -31.8 -17.63 15.28 -4.79 7.12 -0 -0 6.72 -14.07 4.92
6.26 14.34 2.1 -172.15 -1.94 -173.85 0 0 0 -7.8 26.07 -61.25 13.2 18.85 69.75 2.73 2.87 -32.35 0.11 -2.11 -5.81 0 0 0 29.03 -11.4 -38.75 -9.74 -17.26 58.61 -2.29 -0.46 -28.85 -0.13 -2.33 6.41 -3.38 -4.88 6.57 5.21 -7.03 -6.72 8.58 -3.15 -9.82 0.98 -2.73 -17.49 -3.99 -2.76 21.02 -1.88 -1.52 9.45 0 0 0 -70.82 -48.52 91.59 64.99 -57.5 -38.52 -0 0 -21.55 -17.12 20.26 -6.09 -7.12 0 -0 -41.55 45.82 -1.03 0 0 0 24.09 3.29 52.22 -135.93 50.31 -98.48 0 -0 -36.77 -12.2 14.55 -3.11 7.12 -0 -0 10.39 -15.27 7.41
6.27 14.27 2.09 -172.54 -1.21 -174.25 0 0 0 -7.41 26.82 -62.68 16.1 19.63 78.53 2.7 0.4 -31.27 0.01 -0.73 -1.99 0 0 0 28.42 -11.28 -38.83 -10.14 -17.49 59.97 -2.39 -0.15 -29.34 -0.13 -2.29 6.31 -3.61 -4.43 6.92 4.85 -6.43 -6.56 8.26 -2.83 -9.97 0.1 -3.68 -16.74 -2.89 -4.12 20.65 -1.51 -2.1 9.19 -0 0 0 -56.67 -44.35 77.38 87.59 -59.98 -57.91 -0 0 -20.7 -17.33 16.92 -5.19 -7.12 0 -0 -39.74 43.09 2.27 -0 0 0 21.65 2.66 46.25 -123.24 55.38 -88.34 0 -0 -40.19 -7.17 13.1 -1.63 7.12 -0 -0 13.85 -17.01 9.47
6.26 14.2 2.08 -172.53 -0.93 -175.04 0 0 0 -5.87 26.42 -61.94 17.49 19.85 82.63 2.58 -0.72 -30.22 0 0.03 0.08 0 0 0 28.16 -11.6 -38.41 -10.43 -17.65 60.93 -2.5 -0.04 -29.96 -0.13 -2.35 6.46 -3.66 -3.89 7.63 4.45 -5.68 -6.35 7.82 -2.43 -10.3 -0.54 -4.47 -15.81 -1.29 -5.43 20.35 -0.99 -2.58 8.96 0 -0 0 -44.15 -38.18 61.65 97.41 -59.79 -66.42 -0 0 -24.22 -21.24 18.24 -6.94 -7.12 0 -0 -43.37 43.64 1.83 0 -0 0 18.77 1.33 39.91 -94.77 59.91 -64.13 0 -0 -41.55 -3.88 9.03 -0.61 7.12 -0 -0 16.43 -21.06 9.83
6.22 14.14 2.06 -171.75 -0.97 -175.72 0 0 0 -3.27 23.8 -58.2 15.5 19.51 76.75 2.48 0.45 -30 0.01 0.59 1.61 0 0 0 28.65 -11.62 -37.57 -10.5 -17.68 61.16 -2.61 -0.24 -30.7 -0.16 -2.6 7.15 -2.84 -3.31 7.97 4.27 -4.78 -6.12 7.04 -2.05 -10.46 -1.11 -5.15 -15.21 0.08 -6.52 20.39 -0.55 -2.97 8.93 0 -0 0 -34.34 -32 46.16 85.15 -59.91 -55.8 -0 0 -26.58 -19.74 21.45 -7.47 -7.12 0 -0 -44.32 46.38 -1.89 0 -0 0 16.23 1.47 35.04 -53.8 54.42 -29.24 0 -0 -38.52 -3.95 3.61 -0.25 7.12 -0 -0 17.04 -26.27 8.08
6.16 14.08 2.02 -171.2 -1.16 -176.16 0 0 0 -1.16 19.81 -52.23 11.71 18.26 65.05 1.57 4.35 -25.6 0.01 0.63 1.73 0 0 0 28.8 -10.94 -36.79 -10.62 -17.75 61.56 -2.68 -1.31 -31.5 -0.14 -2.43 6.7 -1.93 -2.73 7.86 3.98 -3.88 -5.9 6.06 -1.69 -10.35 -1.42 -5.67 -15.05 0.75 -7.3 20.57 -0.37 -3.27 9.01 -0 0 0 -25.83 -28.15 32.99 53.71 -54.38 -29.16 -0 0 -23.64 -12.64 22.74 -4.95 -7.12 0 -0 -39.56 48.45 -3.95 -0 0 0 14.89 3.47 28.98 -25.99 37.2 -8.88 0 -0 -29.51 -5.36 -3.82 0.36 7.12 -0 -0 17.22 -33.42 5.09
6.12 14.01 2 -171.22 -1.32 -176.51 0 0 0 -0.44 18.1 -50.25 10.68 17.77 61.73 0.75 6.06 -19.63 0 -0.11 -0.3 0 0 0 28.35 -9.32 -36.3 -10.97 -17.92 62.69 -2.73 -2.88 -32.36 -0.12 -2.2 6.06 -1.65 -2.25 8.15 3.69 -3.18 -5.68 5.46 -1.37 -10.39 -1.24 -5.74 -15.49 0.41 -7.38 20.59 -0.54 -3.34 9.08 -0 -0 0 -17.93 -26.55 21.88 27.08 -38.25 -9.55 -0 0 -18.23 -5.81 26.06 -2.56 -7.12 0 -0 -35.98 52.25 -7.18 -0 -0 0 15.63 5.41 9.58 -13.7 22.3 -2.71 0 -0 -15.26 -8.15 -12.61 1.79 7.12 -0 -0 17.07 -42.07 1.28
6.11 13.95 1.99 -171.94 -1.24 -176.47 0 0 0 -1.17 18.67 -51.22 10.97 17.92 62.69 0.68 5.44 -18.45 0 -0.39 -1.07 0 0 0 27.35 -7.43 -36.24 -11.36 -18.11 63.95 -2.8 -3.66 -33.1 -0.15 -2.51 6.93 -2.54 -1.88 8.79 3.35 -2.79 -5.62 5.58 -1.1 -10.71 -0.5 -5.24 -16.12 -0.4 -6.72 20.17 -0.86 -3.09 8.98 0 -0 0 -11.96 -23.64 7.55 13.97 -22.69 -2.82 -0 0 -8.64 0.56 30.99 0.29 -7.12 0 -0 -34.03 57.54 -11.32 0 -0 0 16.8 5.7 -10.82 -11.82 19.53 -2.04 0 -0 -10.04 -19.52 -17.01 5.92 7.12 -0 -0 8.06 -47.8 -0.56
6.11 13.97 1.96 -172.99 -0.82 -175.96 0 0 0 -2.79 20.01 -51.8 10.81 17.84 62.18 0.66 4.96 -17.91 0.03 -1.2 -3.29 0 0 0 26.12 -5.92 -36.18 -11.4 -18.13 64.08 -2.84 -3.68 -33.32 -0.17 -2.66 7.34 -3.95 -1.78 9.06 2.83 -2.88 -5.8 5.85 -1.03 -11.03 0.42 -4.35 -16.23 -0.42 -5.74 19.69 -0.89 -2.58 8.81 -0 -0 0 -8.26 -17.23 -7.75 11 -18.28 -1.77 -0 -0 4.48 1.19 34.07 0.67 -7.12 0 -0 -36.38 60.19 -14.62 -0 -0 0 16.84 2.27 -1.32 -15.77 25.2 -3.55 0 -0 -24.13 -23.04 -18.3 7.61 7.12 -0 -0 5.01 -49.68 -0.58
6.11 14.01 1.93 -173.1 -0.07 -175.23 0 0 0 -3.51 21.64 -52.62 10.65 17.76 61.65 0.63 4.62 -17.38 0.08 -1.87 -5.16 0 0 0 26.03 -4.51 -36.04 -11.23 -18.04 63.51 -2.83 -3.7 -33.28 -0.15 -2.51 6.93 -4.26 -1.78 8.62 2.42 -2.53 -6.14 5.47 -0.68 -11.2 0.65 -3.72 -16.02 0.33 -5.05 20.19 -0.59 -2.12 8.96 0 0 0 -6.36 -10.86 -6.31 14.38 -23.27 -2.98 -0 0 -1.51 2.29 32.09 1.22 -7.12 0 -0 -33.35 58.83 -12.12 0 0 0 16.56 -1.28 11.02 -21.94 32.91 -6.56 0 -0 -33.17 -24.17 -18.11 7.94 7.12 -0 -0 3.87 -49.66 -0.45
6.13 14.03 1.91 -172.93 0.36 -174.75 0 0 0 -3.64 22.91 -53.42 10.62 17.74 61.53 0.61 3.96 -16.7 0.12 -2.21 -6.1 0 0 0 26.35 -3.7 -36.02 -11.1 -17.98 63.11 -2.83 -3.68 -33.24 -0.15 -2.46 6.78 -3.92 -1.12 7.85 1.89 -1.61 -6.32 4.52 -0.28 -11.07 0.19 -3.59 -16.75 1.03 -4.82 22.33 -0.28 -1.87 9.88 -0 0 0 -5.42 -7.2 1.79 21.78 -32.73 -6.47 -0 0 -12.94 11.34 25.39 4.92 -7.12 0 -0 -19.43 54.74 -4.78 -0 0 0 17.34 -5.01 18.47 -32.48 42.93 -13.07 0 -0 -37.82 -29.88 -16.13 9.07 7.12 -0 -0 -2.08 -48.42 0.18
6.17 14.03 1.92 -173.1 -0.11 -174.8 0 0 0 -3.77 23.37 -53.89 10.63 17.75 61.57 0.57 2.93 -15.6 0.12 -2.23 -6.14 0 0 0 26.38 -3.96 -36.06 -11.07 -17.97 63.02 -2.85 -3.58 -33.32 -0.16 -2.58 7.11 -3.83 -0.51 7.47 1.3 -0.82 -6.26 3.68 0.06 -10.86 -0.01 -3.43 -17.59 1 -4.4 24.66 -0.21 -1.58 10.89 0 0 0 -5.13 -5.28 10.14 33.42 -43.65 -13.71 -0 0 -10.94 18.24 15.57 5.05 -7.12 0 -0 -8.89 46.14 -0.25 0 0 0 18.05 -8.04 24.49 -50.39 53.15 -26.49 0 -0 -38.79 -33.98 -10.96 7.3 7.12 -0 -0 -6.27 -43.04 -0.3
6.24 14.03 1.96 -173.22 -1.34 -175.3 0 0 0 -3.63 23.09 -54.03 10.65 17.76 61.62 0.51 1.97 -14.33 0.11 -2.1 -5.77 0 0 0 26.59 -5.04 -35.99 -11.04 -17.95 62.9 -2.88 -3.64 -33.5 -0.19 -2.84 7.83 -3.74 0.19 7.64 0.81 -0.33 -6.03 3.05 0.08 -10.76 -0.13 -2.08 -17.62 1.14 -4.29 25.94 -0.28 -2.2 11.39 0 -0 0 -5.41 -4.79 19.42 54.62 -54.7 -29.9 -0 0 -10.14 22.32 8.7 3.55 -7.12 0 -0 -3.99 39.35 0.56 0 -0 0 17.71 -8.62 30.91 -72.95 58.87 -45.29 0 -0 -34.04 -34.08 -2.73 1.85 7.12 -0 -0 -6.09 -33.24 -1.76
6.31 14.02 2.02 -172.79 -2.74 -176.02 0 0 0 -2.74 22.76 -54.33 10.85 17.86 62.3 0.42 0.93 -12.69 0.09 -1.94 -5.33 0 0 0 27.42 -6.23 -35.75 -10.97 -17.92 62.68 -2.9 -3.92 -33.73 -0.22 -3.03 8.37 -3.2 0.43 8.07 0.62 0.08 -5.6 2.47 0.24 -10.56 0.05 -1.78 -17.83 1.28 -4.1 26.93 -0.25 -2.1 11.81 0 0 0 -5.74 -6.26 30.2 86.16 -59.94 -56.67 -0 0 -11.04 23.59 3.12 1.36 -7.12 0 -0 -2.46 33.38 0.7 0 0 0 16.65 -5.98 37.57 -92.13 59.98 -61.85 0 -0 -26.39 -32.9 8.13 -5.22 7.12 -0 -0 -4.34 -20.34 -2.57
6.37 13.98 2.09 -171.96 -3.99 -176.62 0 0 0 -1.05 22.65 -55.64 11.55 18.19 64.56 0.29 -0.34 -9.99 0.17 -2.67 -7.36 0 0 0 28.61 -6.86 -35.78 -11.02 -17.94 62.84 -2.92 -4.28 -34 -0.22 -3.04 8.39 -2.5 0.55 8.3 0.69 0.38 -5.13 2.09 0.34 -10.19 0.05 -1.58 -18.25 1.77 -4.05 27.67 -0.08 -2.02 12.2 -0 -0 0 -6.62 -10.41 42.9 112.22 -58.05 -79.12 -0 0 -8.5 26.52 -1.13 -0.56 -7.12 0 -0 -0.04 28.72 0.02 -0 -0 0 15.68 -1.11 44.34 -104.17 59.23 -72.24 0 -0 -18.63 -35.03 19.21 -12.99 7.12 -0 -0 -4.3 -6.98 -3.76
6.42 13.92 2.16 -171.75 -5.44 -176.99 0 0 0 0.13 22.17 -57.67 12.6 18.63 67.89 0.17 -1.82 -7.29 0.35 -3.8 -10.52 0 0 0 29 -7.63 -36.45 -11.27 -18.06 63.64 -2.98 -4.47 -34.4 -0.22 -3.04 8.38 -2.5 0.49 8.47 0.73 0.32 -4.74 2.15 0.32 -9.84 -0.07 -1.45 -18.75 2.27 -4.01 28.06 0.13 -1.94 12.47 0 0 0 -9.04 -16.17 56.86 125.98 -54.49 -90.58 -0 0 -6.24 32.07 -2.87 -1.8 -7.12 0 -0 4.17 26.59 -1.87 0 0 0 15.43 4.09 51.22 -112.12 58.07 -79.04 0 -0 -10.05 -41.65 26.33 -21.53 7.12 -0 -0 -6.82 3.32 -7.25
6.45 13.85 2.22 -171.92 -7.16 -177.32 0 0 0 0.7 21.29 -59.78 14 19.11 72.2 0.14 -3 -6.57 0.5 -4.52 -12.54 0 0 0 28.79 -8.93 -37.54 -11.65 -18.24 64.88 -3.07 -4.47 -34.92 -0.21 -2.95 8.14 -2.54 0.2 9.03 0.74 -0.06 -4.44 2.24 0.14 -9.83 -0.03 -1.33 -19.2 2.32 -3.78 27.86 0.18 -1.8 12.48 -0 0 0 -13.77 -20.69 69.25 130.58 -52.76 -94.29 -0 0 -3.09 35.76 -4.39 -3.15 -7.12 0 -0 6.8 24.58 -3.38 -0 0 0 16.47 8.29 56.94 -118 56.82 -83.99 0 -0 -2.12 -46.05 30.64 -27.86 7.12 -0 -0 -8.09 10.14 -9.48
6.43 13.75 2.29 -171.74 -8.6 -177.64 0 0 0 1.19 20.99 -61.82 15.96 19.6 78.1 0.23 -3.27 -8.55 0.48 -4.45 -12.35 0 0 0 28.75 -10.09 -38.75 -12.15 -18.45 66.47 -3.17 -4.58 -35.48 -0.16 -2.6 7.17 -1.84 -0.06 9.74 0.87 -0.3 -4.23 2.02 -0.01 -10.01 0.19 -1.19 -19.63 2 -3.39 27.2 0.09 -1.6 12.29 0 -0 0 -19.89 -22.67 78.46 131.08 -52.55 -94.69 -0 0 -0.76 39.26 -8.14 -6.6 -7.12 0 -0 8.83 19.58 -5.43 0 -0 0 18.65 10.67 61.37 -121.65 55.85 -87.03 0 0 5.02 -49.49 33.11 -32.59 7.12 -0 -0 -9.13 14.64 -11.26
6.37 13.63 2.33 -171.43 -9.33 -177.75 0 0 0 1.33 21.63 -63.2 17.98 19.9 84.07 0.56 -2.6 -13.55 0.22 -3.01 -8.3 0 0 0 28.7 -10.64 -39.96 -12.72 -18.68 68.24 -3.26 -4.76 -36.01 -0.12 -2.23 6.13 -1.07 -0.24 10.1 1.14 -0.41 -4.12 1.9 -0.1 -10.09 0.66 -0.84 -19.96 1.57 -2.74 26.35 -0.03 -1.27 12 0 -0 0 -25.72 -22.37 83.48 130.31 -52.87 -94.08 -0 -0 1.43 42.16 -11.77 -10.47 -7.12 0 -0 10.18 14.45 -7.44 0 -0 0 21.87 11.75 65.42 -123.2 55.39 -88.31 0 0 6.78 -51.46 33.78 -34.92 7.12 -0 -0 -9.91 16.46 -12.47
6.28 13.52 2.35 -171.18 -9.58 -177.52 0 0 0 0.92 22.42 -63.34 19.11 19.98 87.39 1.14 -0.5 -20.07 0.01 -0.59 -1.61 0 0 0 28.46 -10.88 -41.26 -13.27 -18.88 69.95 -3.33 -4.85 -36.4 -0.08 -1.86 5.12 -0.65 -0.31 10.01 1.53 -0.42 -4.15 2.09 -0.12 -10.07 1.31 -0.27 -20.12 1.09 -1.85 25.42 -0.16 -0.83 11.66 -0 0 0 -30.17 -20.71 84.86 129.18 -53.32 -93.17 -0 -0 1.66 44.71 -13.83 -13.31 -7.12 0 -0 11.42 11.17 -9.18 -0 0 0 25.63 11.39 68.49 -123.15 55.41 -88.26 0 0 3.99 -51.96 34.11 -35.63 7.12 -0 -0 -10.05 17.1 -12.72
6.16 13.43 2.35 -170.92 -9.84 -177.13 0 0 0 0.35 22.12 -61.48 18.41 19.94 85.34 1.68 1.26 -24.96 0.08 1.85 5.1 0 0 0 28.12 -11.33 -42.57 -13.73 -19.03 71.38 -3.38 -4.69 -36.6 -0.06 -1.54 4.25 -0.24 -0.27 9.62 1.92 -0.29 -4.23 2.26 -0.08 -9.92 1.89 0.41 -20.09 0.89 -0.87 24.22 -0.17 -0.32 11.19 -0 -0 0 -32.49 -19.2 83.66 129.13 -53.34 -93.13 -0 -0 0.49 46.86 -15.46 -15.88 -7.12 0 -0 12.4 8.37 -10.73 -0 -0 0 29.31 9.79 69.32 -122.4 55.64 -87.65 0 0 3.11 -53.88 34.49 -37.81 7.12 -0 -0 -10.88 18.64 -13.99
6 13.36 2.33 -170.8 -10.49 -176.72 0 0 0 -0.46 20.42 -57.92 16.2 19.65 78.81 1.88 2.07 -26.74 0.04 1.25 3.43 0 0 0 27.52 -12.42 -43.87 -14.11 -19.15 72.55 -3.42 -4.24 -36.6 -0.04 -1.27 3.48 0.34 -0.32 9.11 2.13 -0.29 -4.37 2.15 -0.12 -9.78 2.79 1.5 -19.62 0.66 0.6 22.73 -0.17 0.43 10.56 -0 -0 0 -32.1 -18.73 80.23 130.76 -52.68 -94.43 -0 -0 0.69 46.93 -16.41 -16.82 -7.12 0 -0 12.23 7.08 -10.88 -0 -0 0 32.59 8.06 68.52 -122.95 55.47 -88.1 0 0 4.3 -54.73 34.84 -38.93 7.12 -0 -0 -11.17 19.55 -14.48
5.83 13.29 2.33 -170.86 -11.61 -176.47 0 0 0 -1.19 19.45 -56.91 15.64 19.54 77.16 1.9 0.62 -26.29 0.01 -0.54 -1.5 0 0 0 26.57 -13.91 -45.1 -14.51 -19.26 73.75 -3.5 -3.3 -36.65 -0.05 -1.51 4.16 0.85 -0.4 8.93 2.29 -0.34 -4.65 2.04 -0.18 -9.99 3.95 2.99 -18.62 0.13 2.62 21.23 -0.27 1.42 9.88 0 -0 0 -30.33 -19.16 74.39 133.29 -51.58 -96.43 -0 0 -1.62 46.5 -16.73 -16.88 -7.12 0 -0 11.89 6.8 -10.64 0 -0 0 34.43 6.81 67.36 -126.11 54.45 -90.69 0 0 3.33 -53.9 34.51 -37.85 7.12 -0 -0 -10.88 18.68 -14
5.64 13.23 2.33 -171.22 -12.82 -176.48 0 0 0 -1.12 19.4 -58.54 16.83 19.76 80.69 1.56 -2.8 -22.87 0.1 -2.05 -5.65 0 0 0 25.19 -15.45 -45.87 -14.87 -19.36 74.83 -3.56 -2.7 -36.71 -0.07 -1.68 4.63 0.88 -0.32 9.23 2.3 -0.22 -4.92 2.03 -0.13 -10.47 5.13 4.61 -17.66 -0.29 4.73 20.08 -0.34 2.46 9.39 0 0 0 -29.67 -19.44 65.61 134.93 -50.8 -97.71 -0 0 -7.92 45.83 -14.57 -14.52 -7.12 0 -0 11.96 9.87 -9.96 0 0 0 35.06 6.08 65.74 -130.02 52.99 -93.84 0 0 0.71 -52.9 33.73 -36.29 7.12 -0 -0 -10.66 17.22 -13.53
5.43 13.21 2.33 -171.82 -13.85 -176.83 0 0 0 0.18 19.73 -60.39 18.67 19.96 86.11 1 -7.14 -17.83 0.7 -5.34 -14.89 0 0 0 23.34 -16.9 -45.61 -14.95 -19.38 75.1 -3.5 -2.81 -36.45 -0.05 -1.4 3.85 0.88 -0.07 9.78 1.96 0.12 -4.98 1.6 0.03 -10.87 6.25 6.23 -16.89 -0.37 6.79 19 -0.29 3.51 8.98 -0 0 0 -30.97 -18.98 54.07 134.58 -50.97 -97.43 -0 0 -19.23 44.59 -8.74 -8.52 -7.12 0 -0 12.38 17.96 -8.15 -0 0 0 34.9 5.58 63.33 -133.09 51.67 -96.27 0 0 0 -53.28 33.42 -36.44 7.12 -0 -0 -10.96 17.1 -13.91
5.16 13.2 2.34 -172.17 -14.65 -177.49 0 0 0 2.95 20.65 -62.35 20.99 19.98 92.88 0.59 -13.03 -15.34 1.17 -6.87 -19.32 0 0 0 21.43 -17.94 -44.61 -14.9 -19.37 74.94 -3.37 -3.31 -36 -0.03 -1.17 3.22 1.37 0.3 10.61 1.6 0.69 -4.99 0.83 0.26 -11.39 7.29 7.9 -15.81 -0.47 8.96 17.73 -0.26 4.61 8.49 0 0 0 -33.69 -18.43 41.28 131.77 -52.26 -95.23 -0 0 -36.11 43.31 -2.31 -2.17 -7.12 0 -0 12.7 26.76 -5.75 0 0 0 33.59 4.97 60.72 -135.38 50.58 -98.06 0 0 0.55 -53.67 33.36 -36.79 7.12 -0 -0 -11.18 17.26 -14.21
4.86 13.21 2.33 -172.31 -15.12 -178.2 0 0 0 6.59 22.13 -63.64 22.84 19.81 98.32 0.47 -14.93 -15.14 0.94 -6.16 -17.25 0 0 0 19.58 -18.38 -43.09 -14.68 -19.31 74.28 -3.18 -4.08 -35.32 -0.03 -1.17 3.21 1.9 0.76 11.41 1.23 1.39 -5.04 -0.03 0.54 -11.91 8.54 9.52 -14.64 -0.5 11.01 16.6 -0.26 5.67 8.06 -0 0 0 -35.77 -18.76 28.41 123.77 -55.22 -88.78 -0 0 -48.14 38.76 7.07 5.65 -7.12 0 -0 10.37 38.82 -1.6 -0 0 0 31.84 4.14 59 -136.98 49.76 -99.29 0 0 0.85 -54.06 33.17 -37.04 7.12 -0 -0 -11.44 17.29 -14.56
4.51 13.26 2.3 -172.86 -15.55 -178.65 0 0 0 10.16 22.63 -63.17 23.28 19.74 99.62 0.67 -13.82 -16.34 0.56 -4.81 -13.38 0 0 0 17.21 -18.71 -41.25 -14.24 -19.19 72.94 -2.89 -5.06 -34.21 -0.03 -1.09 3 1.71 1.26 11.84 0.69 2 -5.06 -0.64 0.82 -12.17 9.39 10.79 -14.21 0.14 12.47 16.18 -0.02 6.48 7.93 -0 0 0 -35.97 -20.67 17.29 107.02 -58.88 -74.68 -0 0 -52.23 28.6 17.13 9.12 -7.12 0 -0 0.69 49.32 0.07 -0 0 0 30.21 3.17 58.18 -138.22 49.09 -100.23 0 0 1.59 -54.26 33.37 -37.4 7.12 -0 -0 -11.47 17.63 -14.65
4.12 13.37 2.26 -173.65 -16.24 -178.8 0 0 0 13.13 20.69 -60.47 21.69 19.93 94.95 0.96 -11.49 -18.11 0.37 -3.88 -10.75 0 0 0 14.55 -19.14 -39.03 -13.46 -18.94 70.55 -2.49 -6.13 -32.46 -0.02 -0.81 2.21 0.89 1.68 11.91 0.21 2.38 -5.14 -0.8 1.04 -12.3 9.74 11.46 -14.34 0.9 13.13 16.34 0.27 6.88 8.01 0 -0 0 -34.23 -23.72 8.84 82.27 -59.77 -53.31 -0 0 -57.57 20.33 22.27 7.99 -7.12 0 -0 -8.95 53.35 -1.85 0 -0 0 28.74 2.46 57.76 -139.2 48.54 -100.96 0 0 3.19 -52.93 33.9 -36.44 7.12 -0 -0 -10.61 17.43 -13.49
3.67 13.54 2.2 -174.02 -17.1 -178.65 0 0 0 15.43 16.99 -55.86 18.1 19.91 84.45 1.28 -8.55 -20.27 0.19 -2.83 -7.8 0 0 0 12.44 -19.27 -36.4 -12.26 -18.5 66.8 -1.96 -7.6 -30.1 -0.01 -0.57 1.57 0.36 1.89 11.46 -0.09 2.53 -5.3 -0.85 1.14 -12.23 9.77 11.55 -14.72 1.49 13.06 16.68 0.48 6.9 8.15 0 -0 0 -30.8 -27.33 1.79 56.7 -55.36 -31.61 -0 0 -65.1 12.77 25.61 5.6 -7.12 0 -0 -18.13 55.23 -4.66 0 -0 0 27.45 2.39 57.55 -139.91 48.12 -101.49 0 0 4.89 -51.33 34.76 -35.47 7.12 -0 -0 -9.5 17.46 -12.05
3.13 13.74 2.13 -173.9 -17.91 -178.18 0 0 0 16.66 13.35 -49.99 13.29 18.88 70.02 1.57 -4.77 -22.66 0.11 -2.09 -5.76 0 0 0 10.89 -18.86 -33.29 -10.65 -17.76 61.65 -1.31 -9.66 -27.08 -0 -0.32 0.88 0.29 1.94 10.37 -0.23 2.55 -5.6 -0.92 1.14 -11.9 9.56 11.19 -15.14 2.12 12.41 17.03 0.67 6.64 8.26 -0 -0 0 -26.65 -31.29 -4.56 37.21 -46.33 -16.39 -0 0 -67.74 7.59 29.71 3.78 -7.12 0 -0 -26.08 57.94 -8.65 -0 -0 0 26.3 2.62 57.37 -140.34 47.87 -101.82 0 0 6.35 -49.87 35.29 -34.42 7.12 -0 -0 -8.58 17.25 -10.84
2.47 13.98 2.04 -173.65 -18.77 -177.35 0 0 0 15.99 10.95 -44.03 8.66 16.58 54.91 1.69 0.33 -24.74 0.04 -1.35 -3.72 0 0 0 9.37 -18.05 -29.36 -8.64 -16.57 54.84 -0.53 -12.28 -23.18 -0 -0.14 0.38 0.43 1.88 8.48 -0.17 2.44 -6.08 -0.86 1.07 -11.28 9.13 10.44 -15.63 2.87 11.24 17.77 0.87 6.13 8.49 0 -0 0 -23.25 -35.55 -11.92 23.68 -34.83 -7.53 -0 0 -61.13 5.84 32.38 3.14 -7.12 0 -0 -30.12 59.88 -11.57 0 -0 0 25.03 2.64 56.97 -140.33 47.87 -101.8 0 0 7.7 -47.94 35.64 -32.85 7.12 -0 -0 -7.5 16.62 -9.39
1.67 14.26 1.94 -173.3 -19.96 -176.29 0 0 0 13.11 10.4 -39.63 5.48 13.9 42.84 1.65 4.39 -26.21 0.01 -0.56 -1.53 0 0 0 7.72 -16.33 -23.97 -6.31 -14.72 46.22 0.4 -16 -18.12 -0.01 -0.49 1.35 0.99 1.59 5.86 0.13 2.04 -6.64 -0.7 0.82 -10.33 8.5 9.39 -16.34 3.65 9.63 18.97 1.08 5.42 8.9 -0 -0 0 -21.15 -40.09 -25.73 14.8 -23.87 -3.15 -0 0 -49.52 4.27 35.21 2.47 -7.12 0 -0 -34.58 61.86 -15.17 -0 -0 0 23.55 2.15 56.21 -140.15 47.98 -101.67 0 0 8.56 -46.6 36.03 -31.89 7.12 -0 -0 -6.69 16.38 -8.35
0.74 14.53 1.85 -173.01 -21.74 -175.37 0 0 0 8.44 10.48 -36.85 3.81 11.91 35.41 1.53 6.3 -26.4 0.01 -0.71 -1.95 0 0 0 5.44 -11.81 -16.56 -4.2 -12.43 37.25 1.65 -22.16 -10.94 -0.04 -1.36 3.75 2.15 1.06 2.95 0.63 1.32 -7.02 -0.65 0.38 -9.01 7.69 8.03 -17.06 4.08 7.73 19.85 1.15 4.52 9.25 0 0 0 -19.18 -43.5 -44.29 9.65 -16.19 -1.38 -0 0 -34.74 7.2 38.34 4.48 -7.12 0 -0 -35.48 65.16 -18.33 0 0 0 21.86 0.91 54.57 -140.43 47.81 -101.88 0 0 8.03 -45.26 36.09 -30.73 7.12 -0 -0 -5.99 15.81 -7.43
-0.26 14.77 1.84 -173.38 -24.16 -174.91 0 0 0 3.7 9.13 -35.1 3.29 11.15 32.78 1.39 5.49 -24.85 0.08 -1.78 -4.91 0 0 0 2.6 -2.81 -8.45 -3.05 -10.77 31.52 3.19 -31.02 -2.44 -0.63 -5.06 14.09 3.25 0.28 1.28 1.09 0.25 -7.17 -0.66 -0.22 -8.23 6.58 6.22 -17.26 4.06 5.53 19.72 1.01 3.41 9.16 0 -0 0 -20.37 -43.66 -45.88 9.19 -15.46 -1.25 -0 0 -33.07 15.51 41.45 10.41 -7.12 0 -0 -31.43 70.18 -19.55 0 -0 0 20.61 -1.24 51.7 -141.13 47.39 -102.39 0 0 6.82 -45.6 36.54 -31.3 7.12 -0 -0 -6.02 16.44 -7.51
-1.21 14.95 1.9 -174.57 -26.48 -174.97 0 0 0 -0.71 7.22 -34.57 3.49 11.46 33.83 1.33 2.92 -23.02 0.12 -2.22 -6.13 0 0 0 0.06 7.75 -4.91 -4.02 -12.18 36.38 1.32 -28.89 12.03 -1.17 -6.87 19.32 3.34 -0.59 1.82 1.3 -0.85 -6.98 -0.4 -0.74 -8.37 5.13 3.99 -17.51 4.05 2.91 18.74 0.89 2.07 8.8 -0 0 0 -23.05 -41.84 -31.88 11.95 -19.72 -2.08 -0 0 -40.47 26.33 45.61 19.48 -7.12 0 -0 -27.65 77.46 -21.27 -0 0 0 21.78 -4.37 47.39 -141.83 46.95 -102.91 0 0 5.13 -47.59 36.94 -33.35 7.12 -0 -0 -6.88 17.84 -8.7
-2.04 15 1.99 -177.12 -28.03 -174.8 0 0 0 -6.01 5.51 -33.67 3.92 12.05 35.9 1.3 1.14 -21.97 0.06 -1.53 -4.22 0 0 0 -3.19 13.26 -9.73 -8.4 -16.41 53.99 -0.23 -14.8 12.82 -1.27 -7.15 20.15 1.65 -1.37 3.46 0.98 -1.9 -6.45 0.34 -1.11 -8.74 3.51 1.49 -17.13 4.34 0.03 16.49 0.86 0.59 7.95 0 -0 0 -23.48 -38.48 -16.3 16.65 -26.4 -3.93 -0 0 -46.23 38.22 49.24 30.81 -7.12 0 -0 -24.52 85.48 -22.58 0 -0 0 26.12 -8.09 41.76 -142.43 46.57 -103.34 0 0 2.53 -50.45 37.07 -36.13 7.12 -0 -0 -8.23 19.47 -10.59
-2.81 15 2.07 -181.03 -28.5 -173.75 0 0 0 -12.58 4.29 -32.16 4.22 12.45 37.33 1.26 1.54 -21.79 0 -0.08 -0.21 0 0 0 -7.53 13.88 -19.55 -14.82 -19.35 74.7 0.24 -11.39 3.8 -1.8 -8.44 24.05 -1.44 -1.89 5.55 0.16 -2.88 -6.24 1.39 -1.37 -9.66 0.88 -1.26 -15.58 5.7 -3.08 13.86 1.37 -1.01 6.89 -0 -0 0 -22.48 -33.19 -2.46 24.59 -35.79 -8.05 -0 0 -49.38 50.72 49.76 43.02 -7.12 0 -0 126.3 -87.09 -128.69 -0 -0 0 32.79 -11.99 35.36 -142.46 46.54 -103.37 0 -0 -1.72 -52.57 36.38 -37.77 7.12 -0 -0 -9.53 19.91 -12.34
-3.57 15.02 2.11 -184.24 -27.88 -172.29 0 0 0 -18.68 4.86 -31.19 4.34 12.6 37.88 1.21 2.76 -21.92 0.03 1.03 2.82 0 0 0 -9.81 11.96 -31.81 -20.15 -20 90.44 0.26 -9.11 -4.56 -1.76 -8.36 23.81 -4.08 -2.26 7.03 -0.52 -3.79 -6.32 2.34 -1.63 -10.49 -1.59 -3.77 -14.67 7.09 -6.08 12.48 1.92 -2.52 6.49 -0 -0 0 -20.24 -26.48 8.27 37.06 -46.23 -16.28 -0 0 -46.15 56.65 48.78 48.82 -7.12 0 -0 130.35 -83.88 -135.19 -0 -0 0 40.66 -14.54 27.51 -140.97 47.48 -102.28 0 -0 -9.94 -51.54 34.08 -35.2 7.12 -0 -0 -9.85 16.83 -12.43
-4.32 15 2.11 -185.65 -26.46 -171.43 0 0 0 -23.13 7.83 -31.77 4.68 13.01 39.4 1.24 3.48 -22.55 0.06 1.57 4.33 0 0 0 -6.81 10.96 -43.57 -22.71 -19.82 97.94 -0.07 -3.26 -7.33 -0.71 -5.4 15.05 -5.43 -2.68 7.6 -0.71 -4.59 -6.34 3.05 -1.92 -10.73 -3.16 -5.74 -13.8 7.82 -8.48 11.34 2.17 -3.75 6.18 0 0 0 -16.71 -19.33 17.08 56 -55.15 -31.04 -0 0 -38.89 58.95 47.27 50.66 -7.12 0 -0 123.02 -82.69 -129.39 0 0 0 47.73 -14.46 18.1 -136.98 49.76 -99.29 0 -0 -23.68 -45.14 28.54 -25.65 7.12 -0 -0 -8.2 7.31 -9.26
-5.08 14.88 2.08 -187.15 -25.16 -170.9 0 0 0 -27.66 11.97 -33.01 5.29 13.7 42.06 1.51 3.09 -24.53 0.04 1.34 3.69 0 0 0 -0.8 11.91 -52.5 -22.45 -19.86 97.19 -0.16 2.9 -7.1 -0.1 -2.08 5.72 -6.84 -3.25 7.95 -0.87 -5.61 -6.42 3.84 -2.31 -10.86 -4.58 -7.33 -12.44 8.5 -10.47 10.66 2.45 -4.78 5.97 0 -0 0 -13.11 -13.71 25.22 81.41 -59.72 -52.57 -0 0 -31.43 59.51 44.86 50.14 -7.12 0 -0 106.09 -82.15 -113.84 0 -0 0 52.28 -11.82 8.47 -128.61 53.54 -92.72 0 -0 -40.27 -34.53 18.25 -12.16 7.12 -0 -0 -4.14 -8.21 -3.51
-5.88 14.73 2 -188.65 -25.24 -170.22 0 0 0 -31.95 14.26 -33.07 5.75 14.19 43.99 1.93 2.33 -27.15 0.02 1.01 2.78 0 0 0 6.35 12.74 -57.58 -19.55 -20 88.69 0.04 9.27 -5.76 -0 0.28 -0.77 -8.03 -4.24 7.8 -0.88 -7.15 -6.75 4.71 -2.97 -10.86 -5.96 -8.64 -11.3 8.76 -12.21 11.29 2.59 -5.69 6.19 0 0 0 -10.5 -11.26 33.57 105.68 -59.05 -73.53 -0 0 -26.37 59.55 40.52 47.87 -7.12 0 -0 88.28 80.23 78.34 0 0 0 53.4 -7.18 0.26 -111.68 58.15 -78.66 0 -0 -56.9 -27.11 7.44 -3.8 7.12 -0 -0 -0.22 -21.63 -0.12
-6.72 14.66 1.87 -188.86 -27.03 -169.86 0 0 0 -34.56 13.86 -30.78 5.78 14.21 44.07 2.27 2.33 -29.36 0.04 1.24 3.4 0 0 0 15.24 10.63 -58.61 -14.86 -19.35 74.8 0.37 12.22 -1.92 -0.04 1.31 -3.6 -7.83 -5.59 6.58 -0.33 -8.79 -6.96 5.26 -3.81 -10.08 -6.86 -9.89 -10.54 8.08 -13.86 12.42 2.34 -6.59 6.55 -0 -0 0 -9.25 -13.17 41.9 121.26 -55.96 -86.71 -0 0 -21.21 58.44 34.45 42.64 -7.12 0 -0 61.52 76.05 48.27 -0 -0 0 51.3 -1.39 -7.21 -84.33 59.88 -55.09 0 -0 -74.93 -24.12 -2.11 0.94 7.12 -0 -0 1.99 -32.28 0.62
-7.56 14.62 1.72 -188.36 -29.47 -170.05 0 0 0 -36.19 12.7 -26.83 5.46 13.88 42.76 2.49 2.42 -30.75 0.07 1.68 4.64 0 0 0 25.18 5.07 -57.42 -10.69 -17.78 61.77 0.23 8.7 1.43 -0.06 1.6 -4.39 -7.11 -6.83 4.98 0.52 -10.15 -6.98 5.66 -4.57 -8.92 -7.38 -11.06 -9.57 6.88 -15.36 13.14 1.9 -7.44 6.67 0 0 0 -9.49 -19.14 49.25 128.7 -53.51 -92.78 -0 0 -16.48 55.42 26.83 33.21 -7.12 0 -0 39.58 67.71 23 0 0 0 47.42 4.48 -15.41 -56.51 55.31 -31.45 0 -0 -90.15 -26.52 -10.48 5.19 7.12 -0 -0 0.47 -41.66 0.04
-8.39 14.56 1.56 -188.66 -30.93 -170.25 0 0 0 -38.69 13.25 -22.54 4.91 13.28 40.43 2.58 2.15 -31.19 0.11 2.19 6.02 0 0 0 32.75 -1.3 -55.7 -8.62 -16.56 54.78 0.03 3.59 3.51 -0.01 -0.51 1.39 -7.04 -7.58 3.72 1.06 -11.01 -7.11 6.04 -5.04 -8.11 -7.67 -11.94 -8.47 5.81 -16.5 13.4 1.55 -8.12 6.58 -0 0 0 -11.01 -27.08 55.13 130.69 -52.71 -94.37 -0 0 -12.16 53.44 20.13 24.9 -7.12 0 -0 30.26 58.93 10.93 -0 0 0 43.08 9.51 -23.14 -37.38 46.44 -16.52 0 -0 -86.96 -30.2 -13.54 7.76 7.12 -0 -0 -2.65 -45.53 0.03
-9.25 14.5 1.4 -188.99 -30.63 -170.28 0 0 0 -41.29 16.23 -19.78 4.53 12.83 38.73 2.46 1.26 -30.15 0.06 1.54 4.24 0 0 0 35.92 -4.58 -51.72 -7.8 -15.97 51.83 0.02 2.79 2.81 -0.99 -6.33 17.73 -6.54 -7.71 2.34 1.49 -11.06 -7.36 6.02 -5.14 -7.58 -7.61 -12.56 -7.67 4.92 -17.26 13 1.25 -8.57 6.28 -0 -0 0 -14.31 -34.87 59.3 128.95 -53.41 -92.98 -0 0 -8.12 51.53 12.57 15.32 -7.12 0 -0 23.86 48.17 1.97 -0 -0 0 38.84 13.05 -28.42 -25.77 36.98 -8.75 0 -0 -66.19 -30.85 -12.43 7.32 7.12 -0 -0 -3.33 -44.35 -0.05
-10.1 14.44 1.27 -188.39 -29.13 -170.24 0 0 0 -42.27 19.58 -20.48 5.21 13.62 41.74 2 -0.64 -26.57 0.3 -3.52 -9.74 0 0 0 34.41 -1.43 -45.06 -7.11 -15.42 49.27 -0.09 4.52 -5.91 -2.73 -10.25 29.79 -5.07 -7.39 1.21 2.37 -10.49 -7.82 6 -4.94 -7.59 -7.27 -12.97 -7.31 4.17 -17.62 11.8 1.02 -8.77 5.76 0 -0 0 -20.44 -41.87 62.49 124.75 -54.91 -89.58 -0 0 -6.49 50.61 5.8 7.02 -7.12 0 -0 20.45 38.27 -3.57 0 -0 0 34.83 15.28 -32.05 -19.06 29.5 -5.06 0 -0 -45.01 -31.6 -7.74 4.74 7.12 -0 -0 -4.15 -39.02 -0.61
-10.87 14.36 1.21 -187.5 -28.09 -170.13 0 0 0 -40.82 20.98 -24.18 7.64 15.85 51.25 1.11 -7.06 -18.82 2.05 -8.97 -25.71 0 0 0 31.19 5.57 -40.28 -7.03 -15.36 48.99 -0.63 1.41 -14.63 -2.74 -10.26 29.81 -3.74 -7.18 1.38 3.47 -10.14 -8.18 6.51 -4.81 -8.14 -6.61 -13.14 -7.48 4.45 -17.7 9.59 1.09 -8.75 5.07 0 0 0 -28.05 -48.34 65.48 118.95 -56.58 -84.78 -0 0 -5.97 50.19 1.22 1.46 -7.12 0 -0 18.71 31.49 -6.49 0 0 0 31.87 16.64 -34.53 -15.52 24.86 -3.44 0 -0 -26.87 -28.97 -3.31 1.83 7.12 -0 -0 -1.93 -33.76 -0.53
-11.58 14.32 1.21 -186.12 -27.61 -170.98 0 0 0 -36.48 20.51 -28.25 10.98 17.93 62.72 -0.34 -16.93 -8.15 1.71 -8.23 -23.41 0 0 0 29.23 9.77 -38.78 -7.82 -15.98 51.91 -0.85 -1.75 -18.11 -2.45 -9.74 28.14 -2.46 -7.26 2.97 4.51 -10.09 -7.81 7.14 -4.79 -8.68 -5.99 -13.21 -7.63 6.42 -17.78 6.21 1.69 -8.69 4.18 0 -0 0 -35.36 -54.48 68.95 111.88 -58.11 -78.82 -0 0 -4.63 49.36 -0.31 -0.37 -7.12 0 -0 17.66 29.26 -7.08 0 -0 0 30.28 17.27 -34.05 -14.24 23.08 -2.92 0 -0 -16.06 -19.97 -1.27 0.46 7.12 -0 -0 5.27 -31.3 1.77
-12.24 14.35 1.23 -183.82 -26.98 -172.84 0 0 0 -30.53 19.92 -31.99 13.86 19.07 71.78 -0.29 -16.73 -8.57 1.82 -8.48 -24.2 0 0 0 29.09 8.8 -37.8 -8.3 -16.34 53.64 -1.01 -0.76 -19.31 -1.88 -8.6 24.57 -0.64 -7.42 5.32 5.72 -10.04 -6.95 7.76 -4.81 -9.2 -5.82 -13.2 -7.28 8.75 -17.77 2.58 2.48 -8.68 3.23 -0 0 0 -42.73 -59.51 73.93 104.43 -59.2 -72.47 -0 0 -6 49.08 -0.53 -0.61 -7.12 0 -0 17.39 28.95 -7.1 -0 0 0 29.32 18.34 -32.94 -14.06 22.82 -2.85 0 -0 -13.28 -5.94 -2.07 0.22 7.12 -0 -0 16.44 -31.76 5.52
-12.87 14.44 1.27 -182.46 -25.33 -173.32 0 0 0 -26.43 19.19 -36.6 15.29 19.46 76.12 0.69 -4.67 -14.81 1.38 -7.44 -21.04 0 0 0 28.12 6.19 -38.23 -8.6 -16.55 54.71 -1.11 2.73 -19.16 -1.38 -7.44 21.02 0.35 -7.26 7.12 6.82 -9.67 -6.48 8.64 -4.65 -9.77 -5.79 -13.2 -7.16 9.72 -17.74 0.45 3.14 -8.72 2.94 0 -0 0 -50.85 -62.89 80.45 95.8 -59.87 -65.02 -0 0 -6.9 49.45 -1.5 -1.75 -7.12 0 -0 17.41 27.52 -7.73 0 -0 0 28.98 20.11 -33.81 -14.28 23.13 -2.94 0 -0 -16.51 7.14 -6.41 -0.8 7.12 -0 -0 27.56 -35.1 7.43
-13.5 14.52 1.34 -183.43 -22.05 -171.4 0 0 0 -25.92 17.53 -41.44 14.46 19.25 73.61 0.88 4.67 -19.98 0.03 -1.13 -3.1 0 0 0 24.42 4.67 -42.02 -9.71 -17.24 58.51 -0.89 6.77 -16.8 -0.98 -6.31 17.7 -0.48 -6.57 7.87 7.21 -8.82 -6.52 9.56 -4.14 -10.18 -5.76 -13.52 -7.8 10.5 -17.81 0.5 3 -8.55 2.85 -0 -0 0 -57.56 -64.89 86.6 87.49 -59.98 -57.83 -0 0 -6.56 50.24 -2.41 -2.9 -7.12 0 -0 17.74 26.11 -8.51 -0 -0 0 29.69 22.4 -37.28 -14.54 23.5 -3.04 0 -0 -23.06 15.97 -10.14 -2.88 7.12 -0 -0 35.43 -37.58 7.69
-14.14 14.53 1.42 -185.47 -16.99 -169.36 0 0 0 -26.99 15.94 -43.44 11.62 18.23 64.78 1.24 9.28 -26.27 0.03 1.04 2.87 0 0 0 19.38 3.97 -48.19 -11.83 -18.32 65.46 -0.5 8.09 -12.93 -0.35 -3.83 10.59 -2.17 -5.46 8.83 6.91 -7.49 -6.44 10.15 -3.33 -10.71 -6.05 -13.47 -8.74 10.66 -17.76 1.31 3 -8.47 3.28 0 0 0 -59.62 -65.93 89.19 82.51 -59.79 -53.52 -0 0 -7.37 52.14 -3.96 -5.08 -7.12 0 -0 18.63 23.56 -10.16 0 0 0 31.05 25.32 -41.86 -14.47 23.41 -3.01 0 -0 -30.2 22.2 -10.43 -4.22 7.12 -0 -0 39.81 -37.11 9.73
-14.8 14.4 1.47 -187.36 -10.69 -168.47 0 0 0 -28.98 16.81 -43.64 9.76 17.28 58.7 1.67 10.19 -29.89 0.02 0.83 2.28 0 0 0 15.49 3.24 -53.96 -13.73 -19.03 71.38 -0.51 6.14 -12.82 -0 -0.06 0.15 -3.71 -4.14 10.11 6.14 -5.9 -6.09 10.05 -2.38 -11.31 -6.39 -13.07 -9.8 10.26 -17.28 2.81 2.85 -8.19 3.86 0 -0 0 -56.02 -66.08 87.12 81.63 -59.73 -52.76 -0 0 -8.5 53.7 -4.4 -5.97 -7.12 0 -0 19.56 22.64 -11.17 0 -0 0 32.88 28.9 -46.58 -14.06 22.82 -2.85 0 -0 -37.56 27.38 -9.4 -4.84 7.12 -0 -0 42.46 -35.53 13.11
-15.46 14.2 1.48 -187.39 -4.74 -168.51 0 0 0 -30.55 20.44 -45.38 10.69 17.78 61.75 1.89 6.64 -29.06 0.09 -1.93 -5.32 0 0 0 16.01 1.51 -56.99 -14.01 -19.12 72.24 -0.82 3.94 -16.24 -0.01 0.5 -1.38 -3.19 -3.05 11.09 5.56 -4.36 -5.85 8.92 -1.66 -11.99 -6.52 -12.35 -10.12 9.12 -16.34 4.42 2.57 -7.75 4.23 -0 -0 0 -49.6 -64.88 82.81 83.19 -59.82 -54.1 -0 0 -8.86 54.71 -5.32 -7.46 -7.12 0 -0 19.95 21 -12.22 -0 -0 0 35.78 32.86 -50.09 -13.76 22.39 -2.74 0 -0 -44.34 29.69 -8.45 -4.79 7.12 -0 -0 43.22 -34.34 15.36
-16.07 14.01 1.45 -185.67 -0.42 -168.65 0 0 0 -30.04 23.7 -47.58 12.45 18.58 67.42 2 1.46 -27.27 0.49 -4.49 -12.45 0 0 0 18.77 -0.72 -56.99 -13.35 -18.91 70.22 -1.34 2.92 -21.14 -0.08 -1.86 5.12 -0.85 -2.51 11.44 5.4 -3.3 -5.81 7.22 -1.35 -12.46 -6.48 -11.49 -10.23 7.62 -15.2 6.41 2.18 -7.23 4.65 0 0 0 -43.38 -62.24 78.52 85.84 -59.93 -56.4 -0 0 -6.76 55.86 -5.1 -7.47 -7.12 0 -0 20.76 21.12 -12.73 0 0 0 40.09 36.83 -51.94 -13.8 22.45 -2.75 0 -0 -49.47 27.96 -6.93 -3.67 7.12 -0 -0 41.6 -33.34 15.8
-16.61 13.85 1.44 -184.28 1.92 -168.81 0 0 0 -28 24.82 -49.79 14.84 19.35 74.75 1.46 -3.81 -21.89 0.96 -6.23 -17.44 0 0 0 19.04 -1.98 -57.28 -13.3 -18.89 70.05 -1.65 4.56 -23.27 -0.18 -2.72 7.51 0.69 -2.96 11.89 5.3 -2.93 -5.63 6.12 -1.01 -12.66 -6.39 -10.77 -10.63 6.46 -14.18 7.92 1.86 -6.77 5.02 -0 0 0 -36.82 -58.88 73.69 91.77 -59.99 -61.53 -0 0 -6.36 57.16 -5.24 -8.05 -7.12 0 -0 21.55 20.6 -13.57 -0 0 0 45.12 40.07 -50.06 -14.59 23.57 -3.06 0 -0 -55.61 21.63 -6.04 -2.39 7.12 -0 -0 37.51 -33.46 13.2
-17.1 13.69 1.45 -183.48 3.2 -169.76 0 0 0 -22.99 24 -49.83 17.25 19.82 81.94 0.67 -11.83 -15.7 1.16 -6.85 -19.26 0 0 0 17.52 -3.02 -58.18 -13.98 -19.11 72.13 -1.56 7.41 -22.33 -0.4 -4.05 11.21 1.14 -3.04 12.7 5.05 -3.03 -4.98 5.62 -1.15 -12.43 -6.46 -10.36 -10.84 6.14 -13.6 8.36 1.81 -6.5 5.13 0 0 0 -31 -55.36 69.05 98.8 -59.71 -67.61 -0 0 -5.96 58.11 -4.95 -7.9 -7.12 0 -0 22.25 20.86 -13.94 0 0 0 50.36 41.64 -43.12 -16.69 26.44 -3.95 0 -0 -63.68 11.77 -4.85 -1.01 7.12 -0 -0 30.45 -33.37 9.93
-17.6 13.67 1.44 -182.34 4.13 -171.12 0 0 0 -15.38 22.43 -46.95 18.21 19.92 84.75 0.28 -15.65 -13.71 0.79 -5.68 -15.87 0 0 0 16.64 -4.32 -57.05 -13.89 -19.08 71.87 -1.42 8.82 -21.34 -0.34 -3.76 10.4 1.39 -2.97 13.36 5.04 -2.9 -4.39 5.44 -1.12 -12.17 -6.66 -10.18 -11.16 5.46 -13.27 9.61 1.62 -6.37 5.52 -0 -0 0 -28 -51.52 66.69 105.41 -59.08 -73.3 -0 0 -6.54 58.36 -3.99 -6.45 -7.12 0 -0 22.76 22.47 -13.4 -0 -0 0 55.45 41.14 -34.02 -20.03 30.68 -5.55 0 -0 -70.96 2.22 -3.39 -0.13 7.12 -0 -0 22.99 -32.66 7.48
-18.11 13.8 1.41 -181.84 4.37 -171.89 0 0 0 -8.45 19.1 -42.36 17.3 19.82 82.08 0.71 -9.19 -15.39 0.27 -3.32 -9.17 0 0 0 15.28 -5.6 -55.21 -13.05 -18.8 69.27 -1.23 8.83 -19.85 -0.21 -2.97 8.19 1.14 -2.98 13.12 4.89 -3 -4.39 5.42 -1.17 -12.02 -6.57 -10.05 -11.4 4.29 -12.99 11.36 1.22 -6.28 6.01 -0 -0 0 -25.81 -46.95 65.61 112.73 -57.95 -79.55 -0 0 -7.78 58.68 -4.16 -6.8 -7.12 0 -0 22.9 22.1 -13.71 -0 -0 0 60.59 39.16 -24.56 -24.88 36.08 -8.22 0 -0 -77.34 -9.13 -3.77 0.61 7.12 -0 -0 14.23 -33.54 4.11
-18.65 14.05 1.38 -181.94 4.5 -172.17 0 0 0 -3.49 15.24 -36.7 14.69 19.31 74.31 0.87 -0.02 -17.58 0.05 1.38 3.78 0 0 0 13.16 -6.29 -52.88 -11.67 -18.25 64.94 -0.9 8.51 -17.08 -0.18 -2.77 7.63 0.67 -2.94 12.18 4.39 -3.14 -4.72 5.12 -1.24 -11.81 -6.4 -10.01 -11.34 3.44 -12.86 12.83 0.92 -6.24 6.39 0 0 0 -22.53 -41.85 64.59 120.44 -56.19 -86.03 -0 0 -7.64 58.5 -4.12 -6.68 -7.12 0 -0 22.81 22.22 -13.57 0 0 0 65.78 35.99 -15.89 -31.54 42.18 -12.43 0 -0 -82.84 -21.85 -4.67 1.87 7.12 -0 -0 4 -34.98 0.98
-19.25 14.42 1.36 -182.24 5.12 -172.29 0 0 0 -0.77 12.84 -30.26 10.97 17.92 62.69 0.34 9.97 -18.77 1.41 7.52 21.25 0 0 0 10.97 -6.59 -49.67 -9.7 -17.24 58.48 -0.52 7.43 -13.09 -0.09 -1.94 5.35 0.24 -2.75 11.06 3.92 -3.06 -5.1 4.77 -1.21 -11.57 -6.27 -9.98 -11.2 2.62 -12.72 13.99 0.64 -6.21 6.67 -0 0 0 -19.03 -36.37 63.83 127.57 -53.93 -91.87 -0 0 -7.77 58.52 -4.1 -6.66 -7.12 0 -0 22.82 22.25 -13.57 -0 0 0 70.53 32.55 -8.92 -39.63 47.85 -18.16 0 -0 -85.57 -32.79 -5.21 3.35 7.12 -0 -0 -5.13 -36.13 -1.12
-19.95 14.83 1.37 -182.87 6.51 -172.12 0 0 0 -0.14 11.45 -23.35 7.11 15.42 49.29 -0.77 17.91 -16.69 2.94 10.59 30.91 0 0 0 8.57 -6.61 -46.73 -7.6 -15.82 51.12 -0.14 5.45 -7.13 -0.01 -0.47 1.3 -0.34 -2.46 9.57 3.59 -2.81 -5.42 4.6 -1.08 -11.03 -6.16 -9.92 -11.3 1.69 -12.48 14.95 0.33 -6.15 6.92 -0 -0 0 -15.62 -30.53 63.18 133.66 -51.41 -96.72 -0 0 -7.83 58.95 -4.11 -6.79 -7.12 0 -0 23.09 22.13 -13.83 -0 -0 0 74.63 29.91 -2.2 -47.88 52.1 -24.49 0 -0 -84.38 -40.08 -1.06 0.89 7.12 -0 -0 -10.75 -31.25 -3.67
-20.74 15.21 1.41 -183.62 8.56 -171.82 0 0 0 -0.71 8.85 -15.95 4 12.16 36.29 -1.41 20.61 -5.38 1.48 7.67 21.73 0 0 0 6.35 -7.17 -46.35 -6.23 -14.65 45.9 0.02 2.51 2.09 -0 0.41 -1.12 -0.69 -2.15 7.94 3.32 -2.47 -5.59 4.35 -0.91 -10.27 -6 -9.8 -11.57 0.85 -12.17 15.73 0.05 -6.04 7.14 0 -0 0 -11.95 -24.45 62.6 138.54 -48.91 -100.47 -0 0 -7.32 59.42 -3.92 -6.6 -7.12 0 -0 23.46 22.37 -13.95 0 -0 0 78.32 27.96 6.22 -55.63 55.03 -30.73 0 -0 -78.19 -46.01 5.17 -5.34 7.12 -0 -0 -14.08 -22.61 -7.82
-21.6 15.47 1.49 -184.6 10.85 -171.56 0 0 0 -2.6 5.45 -9.69 2.08 9.04 25.91 -0.26 16.22 8.5 0.09 1.92 5.28 0 0 0 5.28 -9.96 -51.38 -6.45 -14.85 46.76 -0.49 -3.52 12.48 -0.08 -1.86 5.12 -0.81 -1.74 6.49 3.01 -1.96 -5.65 3.94 -0.69 -9.51 -5.89 -9.64 -12.1 0.04 -11.77 16.49 -0.23 -5.9 7.41 -0 0 0 -8.29 -18.87 61.97 142.36 -46.61 -103.3 -0 0 -7.11 60.22 -4.06 -7.05 -7.12 0 -0 23.91 21.95 -14.53 -0 0 0 81.16 26.77 15.91 -61.72 56.75 -35.78 0 -0 -67.79 -52.93 7.13 -9.32 7.12 -0 -0 -18.26 -18.56 -12.13
-22.46 15.54 1.6 -185.83 13.79 -171.72 0 0 0 -5.72 5.61 -6.15 1.3 7.22 20.37 0.29 10.49 11.36 0.06 -1.58 -4.35 0 0 0 5.63 -13.29 -61.3 -9.5 -17.12 57.8 -0.75 -8.26 15.63 -0.87 -5.95 16.63 -1.51 -0.89 5.46 2.62 -0.93 -5.62 3.74 -0.17 -8.94 -6.04 -9.51 -12.43 -0.45 -11.43 17.1 -0.36 -5.78 7.64 -0 -0 0 -4.54 -14.46 61.19 145.07 -44.76 -105.24 -0 0 -6.74 60.91 -4.34 -7.74 -7.12 0 -0 24.22 21.27 -15.17 -0 -0 0 83.08 26.35 26.19 -64.97 57.5 -38.51 0 -0 -54.8 -57.05 8.3 -12.55 7.12 -0 -0 -20.47 -15.54 -15.26
-23.28 15.46 1.74 -187.06 16.55 -172.92 0 0 0 -9.53 9.03 -5.56 1.27 7.14 20.12 0.09 5.82 6.32 0.65 -5.16 -14.35 0 0 0 5.72 -15.85 -71.18 -15.9 -19.59 77.94 -0.42 -5.58 11.57 -1.11 -6.68 18.77 -2.29 0.17 5.62 1.93 0.34 -5.63 3.28 0.47 -9.15 -6.21 -9.45 -11.69 -0.48 -11.33 17.32 -0.3 -5.74 7.59 -0 -0 0 -1.04 -11.34 61.02 146.4 -43.79 -106.17 -0 0 -5.56 61.1 -5.13 -9.2 -7.12 0 -0 24.03 19.76 -15.94 -0 -0 0 85.35 26.35 36.99 -64.6 57.42 -38.19 0 -0 -40.23 -59.06 12.16 -19.37 7.12 -0 -0 -20.45 -8.32 -18.53
-24.03 15.31 1.88 -187.46 17.7 -175.28 0 0 0 -12.8 12.19 -6.4 1.7 8.22 23.37 -0.06 4.49 -1.56 1.12 -6.72 -18.88 0 0 0 6.39 -20.38 -77.84 -23.5 -19.7 100.28 -0.07 -0.28 5.01 -0.68 -5.26 14.66 -1.64 1.1 7.62 1.21 1.55 -5.62 1.96 0.98 -10.37 -6.29 -9.65 -10.78 -0.91 -11.5 17.94 -0.41 -5.84 7.62 -0 0 0 1.04 -9.33 61.75 146.86 -43.44 -106.48 -0 0 -3.76 60.97 -5.98 -10.63 -7.12 0 -0 23.61 18.24 -16.5 -0 0 0 87.51 26.77 48.02 -60.06 56.33 -34.4 0 -0 -26.12 -59.37 15.42 -24.18 7.12 -0 -0 -19.66 -2.91 -19.86
-24.71 15.18 2.03 -187.02 17.83 -176.54 0 0 0 -15.72 13.07 -8.09 2.21 9.29 26.69 -0.02 7.21 -9.71 1.09 -6.63 -18.64 0 0 0 9.52 -27.6 -83.12 -29.41 -17.73 118.54 0.03 4.96 -2.4 -0.29 -3.49 9.65 0.13 1.84 9 0.79 2.73 -5.64 0.26 1.39 -11.17 -6.34 -9.92 -10.73 -1.75 -11.64 18.61 -0.7 -5.96 7.79 -0 0 0 1.88 -7.15 62.09 147.52 -42.93 -106.93 -0 0 -1.59 60.9 -6.08 -10.77 -7.12 0 -0 23.53 18.09 -16.52 -0 0 0 88.19 28.1 59.1 -54.2 54.55 -29.56 0 -0 -15.23 -54.5 17.66 -23.05 7.12 -0 -0 -16.34 -2.22 -16.38
-25.32 15.09 2.19 -186.4 18.01 -175.45 0 0 0 -18.13 12.82 -11.25 2.5 9.85 28.48 0.32 7.53 -16.04 0.88 -5.97 -16.7 0 0 0 15.65 -34.03 -89.38 -32.75 -15.54 130.17 -0.15 7.75 -8.27 -0.12 -2.25 6.21 1.94 2.55 8.1 0.17 3.9 -6.05 -1.6 1.81 -10.94 -6.67 -10.16 -10.7 -1.36 -12 18.53 -0.56 -6.13 7.82 -0 -0 0 2.82 -5.1 61.45 148.36 -42.26 -107.5 -0 0 -0.72 61.14 -6.9 -12.3 -7.12 0 -0 23.36 16.5 -17.28 -0 -0 0 88.85 30.71 70.38 -47.88 52.11 -24.49 0 -0 -6.69 -44.81 19.16 -18.06 7.12 -0 -0 -10.33 -4.24 -9.7
-25.87 14.97 2.35 -186.79 18.62 -174.78 0 0 0 -20.28 14.53 -14.78 2.85 10.45 30.45 0.92 3.52 -19.75 1.05 -6.52 -18.3 0 0 0 19.79 -35.93 -92.82 -33.91 -14.51 134.67 -0.42 8.04 -12.08 -0.09 -1.92 5.27 2.85 3.51 7.55 -1.05 5.23 -6.45 -3.6 2.34 -10.81 -7.31 -10.6 -10.87 -0.42 -12.66 19.07 -0.28 -6.38 8.15 -0 -0 0 3.58 -4.75 60.62 148.53 -42.12 -107.61 -0 0 -0.65 60.96 -8.96 -15.67 -7.12 0 -0 22.53 12.87 -18.47 -0 -0 0 91.24 34.76 81.85 -40.65 48.45 -18.92 0 -0 -1.27 -31.74 17.27 -10.4 7.12 -0 -0 -2.49 -9.92 -2.03
-26.35 14.86 2.5 -188.22 18.81 -175.07 0 0 0 -23.23 17.37 -18.54 3.36 11.25 33.14 1.32 -0.48 -21.55 1.34 -7.34 -20.73 0 0 0 19.11 -33.1 -91.05 -33.14 -15.21 131.67 -0.63 7.24 -14.22 -0.06 -1.55 4.27 3.01 4.33 7.77 -2.67 6.26 -6.74 -5.64 2.76 -10.99 -7.94 -10.99 -10.97 0.23 -13.17 19.98 -0.07 -6.58 8.59 -0 -0 0 3.65 -5.67 60.17 147.76 -42.74 -107.1 -0 0 -0.15 60.26 -10.36 -17.47 -7.12 0 -0 21.68 10.76 -18.67 -0 -0 0 95.54 39.23 94.45 -34.23 44.26 -14.28 0 -0 -5.04 -12.33 13 -2.81 7.12 -0 -0 10.33 -16.82 7.02
-26.76 14.8 2.65 -189.3 17.86 -174.85 0 0 0 -26 18 -22.33 3.94 12.09 36.03 1.53 -2.37 -22.78 1.35 -7.36 -20.8 0 0 0 17.31 -27.84 -86.55 -30.62 -17.05 122.59 -0.73 3.91 -15.3 -0.06 -1.51 4.16 3.02 4.75 7.64 -4.01 6.79 -7.05 -7.2 2.99 -11.05 -8.3 -11.08 -10.9 0.58 -13.26 20.58 0.07 -6.6 8.84 -0 0 0 2.62 -7.04 59.67 146.56 -43.67 -106.27 -0 0 -0.73 58.18 -10.22 -15.95 -7.12 0 -0 20.54 11.94 -17.01 -0 0 0 99.99 42.59 106.3 -30.23 41.09 -11.56 0 -0 -13.88 6.99 7.51 0.92 7.12 -0 -0 24.07 -22.46 14.33
-27.1 14.75 2.79 -189.02 15.89 -174.12 0 0 0 -27.08 17.11 -25.15 4.47 12.76 38.47 1.77 -2.86 -24.38 1.43 -7.56 -21.38 0 0 0 16.9 -23.62 -80.29 -26.51 -18.95 109.35 -0.73 -2.09 -17.08 -0.06 -1.52 4.18 3.43 5.02 7.09 -4.53 7.23 -7.28 -8.02 3.18 -10.81 -8.34 -9.9 -11.22 0.7 -13.37 21.49 -0.02 -7.2 9.22 -0 -0 0 0.21 -9.26 59.08 145.93 -44.14 -105.84 -0 0 -5.84 53.15 -9.58 -12.52 -7.12 0 -0 17.72 14.74 -13.29 -0 -0 0 101.75 43.33 110.9 -30.31 41.16 -11.61 0 -0 -18.47 22.09 2.31 0.94 7.12 -0 -0 34.81 -26.12 19.64
-27.39 14.71 2.9 -187.75 13.34 -173.28 0 0 0 -26.68 15.9 -27.29 4.99 13.37 40.76 2.01 -3.37 -25.95 1.53 -7.8 -22.11 0 0 0 17.23 -20.53 -72.46 -21.14 -19.97 93.34 -0.49 -8.45 -18.96 -0.06 -1.61 4.44 3.73 5.21 6.28 -4.42 7.53 -7.34 -7.98 3.35 -10.33 -7.82 -9.48 -12.22 0.82 -12.95 22.92 -0.11 -6.96 9.85 -0 -0 0 -2.56 -11.98 58.81 145.54 -44.42 -105.56 -0 0 -11.31 48.2 -7.46 -8.26 -7.12 0 -0 15.07 19.06 -9.66 -0 -0 0 99.72 41.98 109.01 -36.4 45.78 -15.81 0 -0 -22.02 25.29 -1.09 -0.52 7.12 -0 -0 37.75 -28.69 19.16
-27.62 14.67 2.99 -186.55 10.42 -172.74 0 0 0 -26 14.68 -28.82 5.45 13.87 42.74 2.22 -4.48 -27.17 1.56 -7.89 -22.38 0 0 0 16.29 -17.29 -63.51 -15.6 -19.53 77.05 -0.44 -12.92 -22.98 -0.16 -2.6 7.17 3.25 5.04 5.47 -4.16 7.25 -7.25 -7.29 3.29 -9.87 -7.03 -8.8 -13.58 1.53 -12.36 24.28 -0.03 -6.54 10.56 0 -0 0 -4.45 -14.06 57.99 146.24 -43.91 -106.05 -0 0 -16.46 42.06 -4.04 -3.63 -7.12 0 -0 11.48 24.55 -5.78 0 -0 0 95.25 40.21 106.97 -49.8 52.91 -26.01 0 -0 -27 15.42 0.61 0.17 7.12 -0 -0 31.24 -28.27 14.87
-27.79 14.59 3.05 -186 7.39 -172.65 0 0 0 -25.66 13.84 -30.14 6.01 14.44 45.03 2.42 -6.08 -28.21 1.74 -8.3 -23.64 0 0 0 13.69 -13.75 -55.39 -11.87 -18.34 65.58 -0.94 -15.41 -29.53 -0.25 -3.21 8.86 1.78 4.57 4.95 -3.93 6.47 -7.02 -6.05 3.05 -9.58 -6.26 -7.99 -14.85 2.36 -11.6 25.28 0.16 -6.02 11.14 0 -0 0 -5.2 -14.93 56.44 147.09 -43.26 -106.64 -0 0 -20.16 34.96 0.29 0.2 -7.12 0 -0 6.63 30.3 -2.39 0 -0 0 89.6 38.38 104.66 -69.04 58.27 -41.96 0 -0 -29.84 6.05 3.5 0.37 7.12 -0 -0 24.21 -26.17 12.1
-27.96 14.5 3.1 -185.25 4.68 -172.48 0 0 0 -25.04 13.7 -31.84 6.66 15.04 47.59 2.62 -8.34 -29.17 2.03 -8.93 -25.58 0 0 0 11.73 -11.62 -51.23 -11.01 -17.94 62.83 -1.43 -16.04 -33.25 -0.33 -3.68 10.17 0.76 4.07 4.46 -3.59 5.71 -6.78 -4.96 2.77 -9.24 -5.67 -7.19 -15.88 2.95 -10.74 25.88 0.35 -5.48 11.53 -0 -0 0 -4.76 -14.18 53.82 146.09 -44.01 -105.95 -0 0 -22.93 30.62 2.93 1.73 -7.12 0 -0 3.28 33.37 -0.94 -0 -0 0 81.59 36.73 100.02 -90.15 60 -60.13 0 -0 -29.42 2.39 4.88 0.2 7.12 -0 -0 21.39 -24.99 11.11
-28.15 14.44 3.14 -184.52 2.7 -172.46 0 0 0 -24.6 14.35 -33.02 7.1 15.42 49.25 2.85 -10.45 -30.47 2.61 -10.03 -29.09 0 0 0 10.88 -12.41 -50.94 -12.37 -18.54 67.15 -1.58 -15.32 -33.5 -0.45 -4.29 11.89 0.49 3.65 4.35 -3.44 5.13 -6.66 -4.58 2.51 -9.12 -5.21 -6.44 -16.27 3.59 -9.95 26.03 0.61 -4.99 11.64 -0 -0 0 -3 -11.13 50.02 140.58 -47.72 -101.99 -0 0 -26.41 25.45 3.44 1.63 -7.12 0 -0 -0.96 33.78 0.26 -0 -0 0 71.08 34.01 91.54 -105.54 59.07 -73.42 0 -0 -26.59 1.1 8.41 0.16 7.12 -0 -0 19.95 -21.7 11.88
-28.33 14.39 3.17 -184.44 1.55 -172.9 0 0 0 -24.88 15.61 -33.84 7.49 15.73 50.71 2.97 -12.03 -31.12 3.14 -10.93 -32.03 0 0 0 9.66 -14.51 -51.85 -14.54 -19.27 73.85 -1.74 -13.06 -32.54 -0.62 -5.04 14.04 -0.37 3.45 5.02 -3.42 4.76 -6.63 -4.09 2.38 -9.59 -4.73 -5.77 -16.58 3.67 -9.23 26.66 0.66 -4.62 11.88 0 -0 0 -1.03 -6.9 46.45 125.69 -54.59 -90.34 -0 0 -30.83 18.54 5.25 1.76 -7.12 0 -0 -6.79 35.44 1.6 0 -0 0 59.21 28.39 79.28 -110.28 58.39 -77.47 0 -0 -29.41 -0.64 11.33 -0.13 7.12 -0 -0 18.41 -18.92 12.08
-28.48 14.33 3.2 -183.73 0.73 -173.41 0 0 0 -24.55 16.36 -34.65 7.99 16.11 52.51 2.95 -12.89 -31.06 3.06 -10.79 -31.57 0 0 0 8.98 -16.07 -52.01 -16.02 -19.62 78.3 -1.72 -10.89 -30.77 -0.61 -4.98 13.86 -0.72 3.48 5.8 -2.96 4.74 -6.56 -3.46 2.38 -10.04 -4.31 -5.28 -17.1 2.92 -8.46 27.39 0.41 -4.32 12.17 0 0 0 0.29 -3.92 43.61 93.73 -59.95 -63.23 -0 0 -35.06 12.28 7.64 1.66 -7.12 0 -0 -12.37 37.53 2.32 0 0 0 47.61 21.25 65.73 -99.39 59.66 -68.13 0 -0 -34.59 -6.53 12.32 -1.4 7.12 -0 -0 14.33 -17.8 9.57
-28.6 14.29 3.19 -182.31 -0.12 -173.65 0 0 0 -23.44 15.56 -34.88 8.39 16.4 53.97 2.98 -12.49 -31.21 2.76 -10.3 -29.95 0 0 0 9.26 -16.53 -50.79 -15.54 -19.52 76.85 -1.6 -10.13 -29.42 -0.61 -4.98 13.85 -0.12 3.72 5.96 -2.42 4.5 -6.41 -3.14 1.96 -9.98 -3.79 -4.8 -17.1 2.54 -7.74 27.17 0.3 -3.98 12.01 -0 0 0 1.02 -2.97 40.98 51.77 -53.68 -27.59 -0 0 -29.77 8.06 8.29 1.17 -7.12 0 -0 -16.01 37.89 2.89 -0 0 0 39.1 16.55 54.03 -66.69 57.84 -39.96 0 -0 -35.64 -12.25 10.04 -2.17 7.12 -0 -0 10.47 -19.8 6.41
-28.7 14.27 3.17 -181.28 -0.4 -173.64 0 0 0 -22.64 14.41 -35.08 8.74 16.64 55.18 2.94 -12.03 -30.96 2.45 -9.74 -28.14 0 0 0 9.64 -15.01 -47.87 -12.7 -18.67 68.2 -1.35 -11.41 -28.74 -0.43 -4.21 11.66 -0.33 3.37 5.94 -2.06 4.06 -6.33 -2.57 1.79 -9.94 -2.82 -4.21 -17.23 2.56 -7.12 26.83 0.25 -3.59 11.85 0 -0 0 0.58 -2.76 35 26.39 -37.59 -9.13 -0 0 -19.91 6.65 12.1 1.4 -7.12 0 -0 -18.21 41.44 1.66 0 -0 0 35 17.45 44.38 -31.66 42.27 -12.51 0 -0 -30.92 -17.21 2.15 -0.67 7.12 -0 -0 7.21 -27.71 3.05
-28.78 14.23 3.16 -180.34 0.29 -173.36 0 0 0 -22.01 13.71 -35.86 9.15 16.9 56.61 2.95 -11.3 -31.01 2.21 -9.29 -26.71 0 0 0 10.41 -12.65 -45.47 -10.58 -17.72 61.42 -1.14 -11.03 -26.94 -0.15 -2.48 6.84 -1.03 2.95 6.14 -1.75 4 -6.22 -1.9 2.06 -10.01 -1.96 -3.73 -17.97 3.01 -6.64 26.11 0.35 -3.18 11.69 0 -0 0 -0.65 -1.93 18.74 14.95 -24.08 -3.21 -0 0 -11.29 6.53 16.79 1.89 -7.12 0 -0 -19.91 45.87 -0.44 0 -0 0 34.77 21.69 20.64 -11.91 19.67 -2.07 0 -0 -12.35 -18 -4.61 1.5 7.12 -0 -0 7.16 -34.76 1.81
-28.86 14.17 3.17 -179.24 1.5 -172.75 0 0 0 -21.17 12.8 -37.15 9.7 17.24 58.5 3.03 -10.32 -31.42 2.11 -9.1 -26.09 0 0 0 12.59 -12.1 -46.9 -11.77 -18.29 65.26 -1.41 -7.45 -26.24 -0.07 -1.71 4.7 -1.16 3.32 6.76 -1.75 4.44 -6.21 -1.93 2.26 -10.36 -1.67 -3.56 -18.36 4.29 -6.5 24.16 0.81 -2.88 11.07 0 0 0 -0.28 0.74 4.96 12.31 -20.27 -2.21 -0 0 -1.96 4.59 16.29 1.29 -7.12 0 -0 -21.43 45.17 -0.1 0 0 0 33 23.24 -27.47 -6.12 10.47 -0.56 0 0 25 -18.67 -5.31 1.79 7.12 -0 -0 6.69 -35.52 1.57
-28.93 14.12 3.17 -178.36 2.42 -172 0 0 0 -20.48 11.77 -38.35 10.17 17.5 60.05 3.06 -10.06 -31.59 2.02 -8.91 -25.5 0 0 0 15.82 -12.73 -49.28 -13.83 -19.06 71.69 -1.76 -3.83 -26.66 -0.01 -0.78 2.14 -1.23 3.62 7.19 -1.85 4.83 -6.37 -2.12 2.44 -10.8 -2.16 -3.4 -17.31 6.09 -6.31 21.61 1.59 -2.64 10.01 0 0 0 1.76 5.14 12.19 14.57 -23.55 -3.05 -0 0 -6.06 2.95 14.1 0.72 -7.12 0 -0 -22.03 42.95 1.18 0 0 0 30.86 13.63 1.44 -11.76 19.45 -2.02 0 -0 -7.71 -16.97 -7.02 2.14 7.12 -0 -0 8.33 -37.2 1.61
-28.98 14.1 3.14 -178 2.73 -171.23 0 0 0 -20.08 10.78 -39.17 10.44 17.65 60.94 3.03 -10.5 -31.43 2.13 -9.13 -26.19 0 0 0 19.55 -13.78 -50.84 -14.68 -19.31 74.28 -2.18 1.17 -27.65 -0 0.44 -1.21 -1.49 3.65 6.74 -1.98 4.87 -6.6 -2.09 2.49 -10.8 -2.12 -2.94 -17.05 6.35 -5.78 21.79 1.75 -2.38 10.01 0 0 0 2.66 6.76 18.23 17.57 -27.61 -4.35 -0 0 -10.17 4.86 12.64 1.07 -7.12 0 -0 -19.9 41.78 1.66 0 0 0 27.48 6.93 18.35 -18.49 28.78 -4.78 0 -0 -20.48 -19.08 -3.76 1.3 7.12 -0 -0 6.19 -33.91 1.69
-29.01 14.08 3.09 -178.24 3.21 -170.71 0 0 0 -20.29 10.97 -39.87 10.63 17.75 61.58 2.92 -11.96 -30.86 2.15 -9.17 -26.33 0 0 0 22.62 -13.76 -50.67 -13.71 -19.02 71.33 -2.45 3.3 -28.79 -0.05 1.39 -3.82 -1.85 3.71 5.93 -2.36 4.95 -6.74 -2.26 2.57 -10.46 -1.74 -2.26 -18.04 5.82 -5.16 24.38 1.58 -2.12 11.09 0 0 0 1.79 6.31 20.3 22.27 -33.28 -6.73 -0 0 -10.25 8.19 10.55 1.51 -7.12 0 -0 -16.47 40.08 2.06 0 0 0 25.44 3.35 25.91 -26.24 37.44 -9.03 0 -0 -23.21 -26.1 -0.87 0.43 7.12 -0 -0 0.37 -30.95 0.13
-29.03 14.07 3.05 -179.1 4.19 -170.68 0 0 0 -20.9 12.62 -40.75 11 17.93 62.78 2.39 -16.02 -28.39 1.97 -8.8 -25.17 0 0 0 23.56 -11.78 -48.42 -12 -18.39 65.98 -2.56 -0.85 -30.58 -0 -0.33 0.92 -2.15 3.84 5.5 -3.06 5.08 -6.65 -2.81 2.65 -10.07 -1.67 -1.56 -18.8 5.74 -4.5 26.51 1.64 -1.84 12.02 -0 0 0 0.79 5.78 23.92 30.76 -41.54 -11.91 -0 0 -9.1 13.04 7.05 1.63 -7.12 0 -0 -11.62 36.99 2.33 -0 0 0 25.18 2.09 28.88 -36.55 45.89 -15.92 0 -0 -22.47 -32.45 2.85 -1.81 7.12 -0 -0 -4.46 -26.6 -2
-29.06 14.06 3.06 -179.91 5.18 -170.97 0 0 0 -20.24 15.08 -42.82 12.04 18.41 66.12 0.6 -24.21 -20.96 1.81 -8.46 -24.12 0 0 0 22.69 -8.29 -45.95 -11.29 -18.08 63.74 -2.58 -4.21 -32.04 -0.35 -3.8 10.51 -2.18 3.9 5.73 -3.65 5.11 -6.38 -3.43 2.64 -9.85 -1.67 -0.95 -18.84 5.59 -3.72 27.33 1.71 -1.53 12.31 -0 0 0 0.4 4.75 30.12 43.92 -50.23 -21.41 -0 0 -8.38 19.91 2.8 1.01 -7.12 0 -0 -5.43 32.92 1.61 -0 0 0 24.46 2.5 32.16 -49.71 52.88 -25.94 0 -0 -19.23 -38.35 9.23 -7.23 7.12 -0 -0 -8.04 -18.34 -5.15
-29.08 14.02 3.07 -179.97 5.43 -171.69 0 0 0 -17.03 17.54 -45.53 13.73 19.03 71.39 -1.04 -29.89 -15 3.47 -11.42 -33.69 0 0 0 21.88 -5.93 -44.59 -11.42 -18.13 64.13 -2.59 -4.87 -32.39 -0.69 -5.32 14.81 -2.03 3.77 6.27 -3.68 4.87 -5.71 -3.5 2.49 -9.42 -1.78 -0.67 -18.88 5.44 -3.19 27.21 1.76 -1.31 12.24 -0 0 0 0.65 2.15 37.52 62.53 -56.95 -36.45 -0 0 -7.18 25 -1.31 -0.61 -7.12 0 -0 -1.22 28.53 0.49 -0 0 0 22.99 4.26 36.3 -64.16 57.32 -37.82 0 -0 -12.9 -45.48 16.36 -15.99 7.12 -0 -0 -11.36 -7.62 -9.95
-29.09 13.96 3.06 -179.52 4.52 -172.84 0 0 0 -11.85 18.19 -46.43 15.24 19.45 75.95 -0.2 -25.58 -16.72 4.03 -12.21 -36.47 0 0 0 22.07 -6.59 -43.65 -11.59 -18.21 64.68 -2.63 -5.54 -32.98 -0.68 -5.28 14.71 -1.84 3.28 7.03 -3.25 4.16 -4.96 -3.05 2.11 -9.09 -1.84 -0.66 -18.8 5.36 -3.05 26.7 1.76 -1.25 12.02 0 -0 0 1.03 -2.47 45.63 85.28 -59.92 -55.92 -0 0 -5.54 29.48 -5.28 -2.98 -7.12 0 -0 2.08 23.92 -1.06 0 -0 0 21.56 6.5 41.95 -78.5 59.49 -50.06 0 -0 -4.84 -54.53 23.86 -29.59 7.12 -0 -0 -14.64 6.27 -16.67
-29.13 13.89 3.04 -179.34 3.31 -173.72 0 0 0 -6.23 15.86 -44.7 15.4 19.48 76.43 1.47 -10.29 -21.81 2.97 -10.65 -31.1 0 0 0 21.96 -7.91 -43.35 -11.87 -18.33 65.57 -2.71 -5.92 -33.58 -0.56 -4.79 13.32 -2.23 2.57 7.86 -2.76 3.14 -4.75 -2.2 1.63 -9.43 -1.19 -0.64 -18.67 4.58 -2.94 26.43 1.37 -1.23 11.86 0 0 0 0.33 -8.74 54.08 105.43 -59.08 -73.32 -0 0 -2.42 33.54 -9.48 -6.23 -7.12 0 -0 4.65 18.67 -2.93 0 0 0 21.51 9.25 49.78 -90.8 60 -60.69 0 0 2.88 -62.29 29.46 -43.13 7.12 -0 -0 -16.96 18.74 -22.3
-29.21 13.79 2.98 -179.65 3.3 -173.54 0 0 0 -1.93 11.8 -40.89 13.02 18.79 69.17 1.61 0.73 -24.27 0.53 -4.67 -12.97 0 0 0 21.08 -7.98 -44.36 -12.49 -18.59 67.53 -2.85 -5.63 -34.22 -0.49 -4.49 12.45 -2.86 2.15 7.66 -2.45 2.54 -5.03 -1.43 1.4 -9.68 -0.11 -0.66 -18.8 2.95 -2.67 25.69 0.63 -1.18 11.55 -0 -0 0 -2.58 -15.6 62.8 118.28 -56.75 -84.22 -0 -0 1.31 36.62 -12.14 -8.88 -7.12 0 -0 6.42 15.04 -4.57 -0 -0 0 23.37 12.36 58.93 -97.74 59.77 -66.7 0 0 11.28 -68.24 33.28 -53.97 7.12 -0 -0 -18.64 28.18 -26.13
-29.35 13.59 2.89 -180.35 5.02 -172.65 0 0 0 -0.23 9.87 -36.56 9.96 17.39 59.36 1 8.74 -23.95 0.49 -4.48 -12.43 0 0 0 19.26 -6.97 -46.77 -13.65 -19 71.14 -3.06 -4.59 -34.87 -0.36 -3.84 10.64 -3.16 2.09 6.42 -2.27 2.51 -5.33 -1.02 1.43 -9.29 0.25 -0.85 -18.87 1.56 -2.22 22.84 0.15 -1.02 10.46 -0 -0 0 -6.65 -20.98 70.55 126.29 -54.38 -90.84 -0 -0 3.54 39.64 -13.43 -10.89 -7.12 0 -0 8.23 12.89 -6.26 -0 -0 0 25.59 16.32 67.07 -97.3 59.8 -66.31 0 0 19.8 -72.36 35.2 -61.11 7.12 -0 -0 -20.04 33.99 -28.76
-29.49 13.38 2.81 -181.8 7.97 -172.32 0 0 0 -1.45 13.75 -36.36 9.49 17.11 57.77 0.76 9.11 -22.15 1.34 -7.34 -20.73 0 0 0 16.48 -6.01 -48.95 -14.88 -19.36 74.87 -3.26 -2.8 -35.21 -0.22 -3.01 8.31 -3.99 2.15 5.78 -2.15 2.56 -5.51 -0.41 1.53 -9.16 0.62 -0.94 -17.28 0.21 -1.36 16.98 -0.19 -0.52 8.11 -0 -0 0 -8.98 -25.08 73.51 131.3 -52.46 -94.86 -0 -0 5.72 42.95 -15.96 -14.36 -7.12 0 -0 9.87 8.89 -8.36 -0 -0 0 26.56 21.24 71.5 -92.78 59.97 -62.4 0 0 24.28 -73.97 35.53 -63.7 7.12 -0 -0 -20.79 35.91 -30.02
-29.51 13.35 2.7 -183.71 10.95 -172.93 0 0 0 -3.58 19.33 -36.13 9.35 17.03 57.3 0.85 6.51 -21 1.61 -8 -22.71 0 0 0 13.99 -5.9 -49 -15.25 -19.45 75.99 -3.35 -0.99 -35.04 -0.13 -2.36 6.51 -5.42 2.29 5.71 -2.26 2.63 -5.73 0.24 1.67 -9.43 1.06 -0.59 -14.74 -1.27 -0.83 11 -0.65 -0.45 5.72 -0 0 0 -8.19 -29.4 68.43 134.61 -50.96 -97.46 -0 -0 7.9 46.74 -17.45 -17.68 -7.12 0 -0 11.88 5.78 -10.86 -0 0 0 26.88 26.24 70.32 -88.03 59.99 -58.29 0 0 23.99 -73.49 36.36 -63.43 7.12 -0 -0 -20.1 36.13 -28.96
-29.39 13.55 2.51 -184.65 12.37 -173.39 0 0 0 -4.49 21.23 -32.4 7.9 16.05 52.21 0.61 6.81 -18.77 1.98 -8.83 -25.25 0 0 0 13.57 -7.15 -47.06 -14.44 -19.24 73.54 -3.21 0.76 -33.8 -0.09 -1.96 5.38 -5.7 2.2 4.99 -2.29 2.58 -6.31 0.38 1.7 -9.66 0.66 -0.74 -12.88 -2.74 -0.8 7.33 -1.01 -0.53 4.27 -0 0 0 -4.32 -34.11 54.55 137.36 -49.56 -99.58 -0 -0 5.63 51.01 -18.83 -21.74 -7.12 0 -0 14.04 2.25 -13.91 -0 0 0 25.81 30.62 63.61 -85.84 59.93 -56.39 0 0 20.98 -72.23 37.92 -62.46 7.12 -0 -0 -18.61 36.25 -26.71
-29.13 13.93 2.25 -184.48 12.65 -173.25 0 0 0 -3.78 18.41 -25.65 5.74 14.17 43.94 0.11 9.51 -15.3 1.61 -7.99 -22.68 0 0 0 15.27 -9.14 -43.89 -12.73 -18.68 68.28 -2.8 1.84 -31.23 -0.09 -1.9 5.23 -5.14 1.82 3.51 -2.17 2.33 -7.36 0.24 1.62 -9.9 0.48 -0.74 -11.91 -4.43 -0.61 5.42 -1.62 -0.48 3.92 0 -0 0 2.96 -38.35 33.62 136.18 -50.18 -98.67 -0 -0 3.41 56.24 -19.95 -27.04 -7.12 0 -0 16.68 -1.97 -18.01 0 -0 0 22.23 35.55 53.67 -85.59 59.93 -56.19 0 0 17 -71.08 38.26 -61.04 7.12 -0 -0 -17.83 35.49 -25.49
-28.74 14.42 1.96 -184.09 13.53 -172.55 0 0 0 -2.22 11.63 -17.13 3.81 11.91 35.41 -0.66 14.6 -8.98 0.96 -6.23 -17.44 0 0 0 17.66 -9.95 -40.1 -10.63 -17.75 61.56 -2.18 2.38 -27.34 -0.11 -2.13 5.87 -5.48 1.61 0.94 -2.08 2.38 -8.51 0.57 1.79 -9.67 0.49 -0.36 -12.11 -5.76 0.06 5.23 -2.03 -0.19 3.92 0 -0 0 14.69 -40.1 9.68 127.9 -53.81 -92.14 -0 -0 1.34 63.67 -20.6 -35.41 -7.12 0 -0 20.47 -8.12 -24.68 0 -0 0 14.26 40.76 40.32 -84.08 59.87 -54.88 0 0 14.96 -73.05 36.1 -62.64 7.12 -0 -0 -19.98 35.47 -28.76
-28.25 14.9 1.7 -184.1 15.55 -171.41 0 0 0 -0.65 5.64 -12.32 3.17 10.97 32.18 -1.11 19.4 -0.17 0.09 -1.95 -5.37 0 0 0 19.47 -8.46 -36.17 -8.62 -16.55 54.75 -1.51 2.96 -22.45 -0.17 -2.65 7.31 -7.16 1.88 -2.08 -2.34 3.16 -9.63 1.22 2.44 -9.28 0.17 0.19 -12.8 -6.35 0.95 5.69 -1.91 0.2 3.81 0 0 0 27.19 -36.67 -11.49 110.93 -58.28 -78.02 -0 -0 1.81 70.71 -20 -44.35 -7.12 0 -0 24.42 -14.27 -32.32 0 0 0 1.91 44.28 23.58 -77.09 59.36 -48.84 0 0 13.7 -74.67 33.96 -63.85 7.12 -0 -0 -21.96 35.25 -31.8
-27.72 15.36 1.51 -184.47 18.08 -170.74 0 0 0 1.4 4.64 -13.84 4.56 12.87 38.88 0.58 15.07 16.07 0.03 1.06 2.91 0 0 0 20.67 -6.23 -31.81 -6.8 -15.16 48.1 -0.89 2.9 -17.12 -0.26 -3.25 8.98 -8.82 2.68 -3.78 -3.27 4.54 -10.43 1.1 3.34 -9.37 -0.19 0.74 -13.61 -6.6 1.83 5.61 -1.86 0.62 3.95 0 -0 0 37.14 -28.09 -26.68 84.96 -59.9 -55.64 -0 -0 5.2 75.06 -19.79 -51.77 -7.12 0 -0 27.05 -19.7 -38.05 0 -0 0 -12.34 43.7 5.76 -66.9 57.88 -40.14 0 0 12.89 -75.82 33.68 -65.5 7.12 -0 -0 -22.79 36.25 -33.15
-27.25 15.74 1.39 -184.17 20.07 -170.69 0 0 0 4.51 4.07 -19.25 9.51 17.12 57.83 2.14 9.65 26.28 1.1 6.67 18.74 0 0 0 22.49 -4.77 -27.03 -5.21 -13.61 41.71 -0.44 1.56 -12.09 -0.31 -3.56 9.85 -8.24 4.14 -3.38 -4.53 6.5 -10.83 -0.77 4.24 -10.02 -1.43 1.04 -13.98 -6.68 2.54 5.46 -1.63 0.96 3.98 0 0 0 42.77 -18.71 -35.41 58.11 -55.78 -32.77 -0 -0 10.22 76.01 -19.78 -53.63 -7.12 0 -0 27.67 -21.1 -39.42 0 0 0 -25.21 37.6 -7.51 -57.64 55.65 -32.38 0 0 10.64 -75.77 33.91 -65.56 7.12 -0 -0 -22.65 36.4 -32.93
-26.84 16 1.29 -181.9 21.3 -170.49 0 0 0 10.55 2.13 -25.71 17.92 19.9 83.91 2.63 8.36 29.26 1.71 8.23 23.41 0 0 0 26.21 -3.64 -21.47 -3.73 -11.79 35.01 -0.16 -0.68 -7.77 -0.41 -4.12 11.4 -4.69 5.77 -1.49 -5.43 8.54 -11.19 -4.04 4.85 -10.96 -1.08 2.51 -14 -7.43 4.03 6.71 -1.82 1.36 4.43 -0 0 0 42.11 -12.43 -39.61 40.86 -48.57 -19.08 -0 -0 16.91 77.59 -20.64 -58.01 -7.12 0 -0 28.58 -24.78 -41.69 -0 0 0 -34.59 29.32 -13.91 -50.07 53.02 -26.23 0 0 10.02 -74.63 34.17 -63.92 7.12 -0 -0 -21.84 35.4 -31.62
-26.46 16.16 1.19 -178.95 22.05 -169.95 0 0 0 19.82 0.56 -32.14 26.36 19 108.91 3.06 -0.3 33.28 1.11 6.68 18.78 0 0 0 30.44 -2.17 -15.64 -2.48 -9.81 28.36 0 -3.08 -4.25 -0.47 -4.39 12.18 -0.4 7.19 0.77 -6.01 10.51 -11.64 -7.52 5.3 -11.91 0.86 4.31 -14.8 -7.78 6.48 10.5 -2 2.47 5.9 -0 -0 0 35.31 -11.78 -45.81 32.49 -42.94 -13.08 -0 -0 34.04 78.95 -22.12 -62.57 -7.12 0 -0 29.27 -28.84 -43.41 -0 -0 0 -40.73 21.86 -15.67 -43.87 50.2 -21.37 0 0 12.5 -73.38 34.6 -62.27 7.12 -0 -0 -20.9 34.48 -30.12
-26.06 16.21 1.09 -177.69 21.85 -169.27 0 0 0 30.92 0.43 -39.71 32.32 15.88 128.6 2.39 -14.81 37.47 0.25 3.24 8.95 0 0 0 33 -1.06 -11.68 -1.72 -8.25 23.49 0.06 -4.44 -2.18 -0.51 -4.58 12.72 1.96 7.86 2.06 -6.9 11.6 -12.03 -10.12 5.51 -12.41 3.56 6.4 -15.5 -6.85 8.92 14.75 -1.83 3.71 7.57 -0 0 0 31.05 -6.08 -43.92 25.74 -36.95 -8.73 -0 -0 45.71 81.73 -23.8 -70.18 -7.12 0 -0 31.21 -35.19 -47.11 -0 0 0 -43.34 16.73 -16.55 -40.2 48.19 -18.59 0 0 13.82 -72.4 35.12 -61.12 7.12 -0 -0 -20.09 33.96 -28.84
-25.63 16.18 0.98 -177.87 20.67 -168.29 0 0 0 42.02 3.05 -49.64 35.55 12.74 141.61 -0.16 -28.09 38.52 0 -0.29 -0.79 0 0 0 34.35 -0.79 -10.3 -1.36 -7.39 20.88 0.07 -4.54 -1.76 -0.53 -4.66 12.94 1.96 7.87 2.14 -7.8 11.7 -12.4 -11.24 5.54 -12.69 6.64 8.4 -16 -5.15 10.75 18.56 -1.47 4.83 9.11 -0 -0 0 32.28 8.08 -13.38 21.17 -32.02 -6.14 -0 -0 30.79 79.98 -24.15 -66.64 -7.12 0 -0 29.54 -32.73 -44.16 -0 -0 0 -43.32 13.54 -17.75 -39.33 47.66 -17.94 0 0 12.69 -71.54 35.36 -60.02 7.12 -0 -0 -19.51 33.34 -27.9
-25.19 16.04 0.9 -177.66 19.46 -167.01 0 0 0 44.48 3.36 -59.58 36.48 11.5 146.03 -1.76 -32.2 36.85 0.07 -1.71 -4.71 0 0 0 36.14 -0.38 -9.74 -1.2 -6.95 19.58 0.04 -3.56 -2.26 -0.47 -4.42 12.25 1.92 7.5 2.1 -8.43 11.28 -12.71 -11.97 5.33 -13.01 9.19 10.15 -16.8 -2.66 11.85 22.12 -0.75 5.71 10.6 0 0 0 28.71 15.75 12.99 21.22 -32.09 -6.17 -0 -0 20.77 74.81 -23.34 -55.57 -7.12 0 -0 25.99 -24.19 -37.15 0 0 0 -41.56 11.85 -18.9 -40.89 48.59 -19.1 0 0 11.86 -71.09 35.6 -59.52 7.12 -0 -0 -19.15 33.13 -27.35
-24.75 15.83 0.85 -176.91 18.94 -166.1 0 0 0 34.62 -7.42 -65.78 35.54 12.75 141.55 -0.57 -26.29 33.69 0 0.28 0.77 0 0 0 38.32 0.67 -8.82 -1.18 -6.9 19.42 -0.01 -1.64 -3.35 -0.34 -3.75 10.37 2.87 7.25 2.89 -8.96 11.02 -12.71 -13.27 5.04 -13.29 10.93 11.46 -17.7 -0.28 12.3 24.78 0.03 6.28 11.79 0 0 0 19.18 19.2 27.39 22.9 -33.97 -7.08 -0 -0 15.68 69.81 -23.71 -47.56 -7.12 0 -0 22.88 -18.54 -31.01 0 0 0 -39.26 10.45 -18.7 -44.26 50.4 -21.66 0 0 11.86 -71.44 35.89 -60.2 7.12 -0 -0 -19.2 33.73 -27.47
-24.33 15.53 0.82 -176.54 18.97 -165.75 0 0 0 23.26 -18.55 -68.52 32.91 15.41 130.77 -0.23 -20.86 27.78 0.26 3.28 9.05 0 0 0 40.07 1.88 -9.12 -1.56 -7.87 22.33 -0.11 0.88 -5.89 -0.38 -3.98 11.03 3.76 7.23 4.19 -9.51 10.99 -12.35 -14.63 4.84 -13.42 11.96 12.2 -17.96 1.23 12.43 25.82 0.5 6.59 12.24 0 0 0 6.94 19.73 37.07 26.03 -37.24 -8.91 -0 -0 9.43 61.58 -22.48 -35.24 -7.12 0 -0 18.81 -9.13 -22.72 0 0 0 -37.6 9.17 -17.53 -47.79 52.07 -24.42 0 0 12.55 -70.98 35.46 -59.29 7.12 -0 -0 -19.16 32.9 -27.34
-23.89 15.13 0.81 -176.34 18.75 -165.44 0 0 0 13.62 -22.84 -70.63 28.89 17.99 116.85 -0.58 -18.64 20.74 0.25 3.22 8.89 0 0 0 42.04 2.27 -10.5 -2.19 -9.25 26.57 -0.32 2.85 -10.04 -0.64 -5.11 14.23 4.49 7.06 5.12 -9.87 10.72 -11.76 -15.54 4.6 -13.17 11.96 12.53 -17.63 2.85 12.37 25.81 1.06 6.75 12.06 -0 -0 0 -6.77 16.74 43.4 30.37 -41.21 -11.65 -0 0 -0.6 55.05 -19.05 -25.04 -7.12 0 -0 16.27 -0.03 -16.98 -0 -0 0 -36.47 8.94 -16.93 -50.61 53.24 -26.66 0 0 12.73 -70.33 34.49 -57.74 7.12 -0 -0 -19.25 31.36 -27.36
-23.41 14.71 0.77 -176.38 18.14 -165.04 0 0 0 3.24 -22.24 -71.58 23.79 19.65 101.15 -0.58 -15.98 15.36 0.03 1.04 2.85 0 0 0 44.33 1.75 -11.22 -2.57 -9.96 28.86 -0.63 3.65 -14.18 -0.86 -5.93 16.58 4.86 6.48 5.42 -10.29 9.91 -11.23 -16.17 4.18 -12.84 11.98 12.62 -17.48 4.81 11.79 25.81 1.65 6.7 11.9 0 -0 0 -19.86 10.57 48.01 37.03 -46.21 -16.26 -0 0 -15.38 47.51 -14.87 -15.65 -7.12 0 -0 12.93 8.95 -11.06 0 -0 0 -35.23 10.35 -17.46 -52.02 53.78 -27.8 0 0 12.65 -70.89 35.85 -59.4 7.12 -0 -0 -18.92 33.17 -27.01
-22.86 14.35 0.71 -176.96 17.66 -164.62 0 0 0 -8.92 -18.55 -71.13 18.23 19.92 84.82 -0.56 -15.17 13.86 0.01 0.66 1.81 0 0 0 46.33 0.25 -11.07 -2.56 -9.95 28.82 -0.91 4.11 -17.14 -1.05 -6.5 18.25 4.39 5.73 5.24 -10.75 8.85 -10.91 -16.31 3.73 -12.66 11.54 12.37 -17.57 6.89 10.75 25.91 2.29 6.4 11.78 0 0 0 -32.59 0.55 51.56 44.02 -50.28 -21.48 -0 0 -32.24 37.01 -5.59 -4.2 -7.12 0 -0 7.58 23.01 -4.05 0 0 0 -34.29 12.84 -18.39 -52.7 54.03 -28.34 0 0 11.83 -71.08 36.75 -60.19 7.12 -0 -0 -18.59 34.16 -26.56
-22.3 13.99 0.6 -177.24 17.57 -163.97 0 0 0 -20.51 -13.72 -70.61 13.79 19.05 71.56 -0.39 -14.85 16.14 0.24 3.15 8.69 0 0 0 48.56 -1.93 -10.53 -2.4 -9.65 27.85 -1.13 5 -19.04 -1.24 -7.05 19.87 3.86 5.04 4.82 -10.97 7.87 -10.83 -16.11 3.32 -12.63 10.4 11.82 -17.95 8.54 9.66 25.98 2.89 5.98 11.7 -0 0 0 -45.98 -12.75 54.75 46.95 -51.69 -23.76 -0 0 -51.47 26.3 7.11 3.5 -7.12 0 -0 -0.41 37.91 0.07 -0 0 0 -33.7 15.71 -18.93 -53.98 54.48 -29.39 0 0 10.47 -70.82 36.68 -59.79 7.12 -0 -0 -18.48 33.86 -26.38
-21.7 13.65 0.44 -176.63 18.42 -163.04 0 0 0 -27.46 -10.18 -70.43 11.76 18.29 65.24 -0.32 -13.6 14.92 0.96 6.23 17.46 0 0 0 51.28 -4.61 -9.08 -2.1 -9.08 26.05 -1.13 6.67 -19 -1.35 -7.34 20.74 3.52 4.48 4.07 -10.83 7.06 -10.87 -15.54 2.99 -12.5 8.63 11.21 -18.07 9.91 9.02 25.09 3.48 5.66 11.19 0 -0 0 -60.97 -27.26 57.36 40.65 -48.45 -18.93 -0 0 -66.59 15.9 19.11 5.33 -7.12 0 -0 -12.15 49.4 -1.34 0 -0 0 -33.52 18.83 -18.97 -55.73 55.06 -30.81 0 0 8.57 -69.92 36.39 -58.35 7.12 -0 -0 -18.15 32.76 -25.8
-21.03 13.34 0.23 -175.74 20.43 -161.89 0 0 0 -27.38 -10.05 -70.49 12.41 18.56 67.28 -0.65 -14.23 3.26 1.6 7.97 22.63 0 0 0 53.56 -7.71 -6.6 -1.72 -8.26 23.51 -0.83 9.05 -16.47 -1.12 -6.72 18.9 2.38 4.17 2.79 -10.53 6.55 -11.11 -14.27 2.91 -12.27 5.28 8.48 -17.42 12.81 9.09 23.33 5 6.8 10 0 -0 0 -76.82 -40.02 60.84 30.3 -41.15 -11.61 -0 0 -74.54 9.69 26.77 4.4 -7.12 0 -0 -21.91 55.71 -5.96 0 -0 0 -33.12 21.6 -17.63 -58.2 55.81 -32.85 0 0 5.11 -67.58 35.81 -54.8 7.12 -0 -0 -17.2 30.11 -24.17
-20.28 13.08 -0.03 -176.06 23.31 -161.22 0 0 0 -23.07 -13.13 -70.31 13.97 19.1 72.11 0.2 -10.93 -10.47 1.17 6.86 19.3 0 0 0 53.84 -9.78 -3.75 -1.54 -7.84 22.24 -0.34 11.2 -12.14 -0.66 -5.18 14.42 -0.6 3.76 1.4 -10.57 5.89 -11.52 -12.38 2.95 -12.3 4.22 7.6 -17.93 13.46 7.8 22.58 5.21 6.14 9.81 0 0 0 -89.9 -49.17 69.11 22.72 -33.78 -6.98 -0 0 -70.53 9.11 31.57 4.8 -7.12 0 -0 -26.09 59.94 -9.91 0 0 0 -31.11 24.05 -13.84 -63.65 57.21 -37.39 0 -0 -0.86 -61.78 33.42 -45.75 7.12 -0 -0 -15.25 22.86 -20.51
-19.48 12.95 -0.34 -177.73 26.42 -161.71 0 0 0 -19.18 -16.5 -68.56 15.11 19.42 75.57 1.17 -6.58 -19.36 0.58 4.88 13.57 0 0 0 52.18 -9.78 -2.47 -2.05 -8.96 25.67 0.26 12.24 -4.31 -0.55 -4.75 13.2 -4.14 3.28 0.61 -11.2 5.19 -11.87 -11.01 3.02 -12.62 5.27 6.38 -19.13 11.51 5.79 22.74 4.17 5.01 10.33 -0 0 0 -92.21 -54.7 83.75 22.44 -33.47 -6.83 -0 0 -60.38 12 35.23 6.99 -7.12 0 -0 -26.62 63.89 -12.63 -0 0 0 -26.61 26.39 -6.12 -75.48 59.19 -47.46 0 -0 -9.95 -52.27 27.59 -30.9 7.12 -0 -0 -12.32 9.7 -14.53
-18.69 12.95 -0.64 -179.03 29.73 -162.72 0 0 0 -16.53 -17.88 -65.29 15.77 19.57 77.55 1.79 -2.32 -24.69 0.05 1.39 3.81 0 0 0 49.37 -9.16 -5.49 -4.01 -12.17 36.35 0.34 10.95 7.93 -0.48 -4.44 12.32 -5.39 3.24 0.59 -11.93 5.11 -11.95 -11.2 3.1 -12.77 3.41 4.75 -19.25 11.32 3.89 21.59 4.06 3.84 9.95 -0 0 0 -83.11 -58.32 92.56 29.72 -40.65 -11.23 -0 0 -38.87 9.85 35.09 5.7 -7.12 0 -0 -28.74 63.19 -13.24 -0 0 0 -20.64 28.77 5.1 -94.63 59.92 -64.01 0 -0 -19.75 -43.08 21.82 -19.17 7.12 -0 -0 -8.7 -1.53 -8.56
-17.99 13.06 -0.94 -178.9 33.73 -163.85 0 0 0 -14.68 -15.87 -60.71 15.9 19.59 77.92 2.14 0.27 -27.78 0.1 -2 -5.51 0 0 0 46.1 -7.94 -12.87 -8.7 -16.61 55.06 0.03 8.63 11.64 -0.2 -2.85 7.87 -3.84 3.76 1.31 -11.83 5.65 -11.4 -11.98 3.12 -12.35 1.99 3.5 -19.5 9.54 2.68 20.13 3.41 2.78 9.52 -0 0 0 -68.11 -59.17 87.93 44.73 -50.64 -22.03 -0 0 -11.05 0.07 30.09 0.03 -7.12 0 -0 -33.71 56.69 -10.48 -0 0 0 -15.4 32.08 17.43 -112.53 57.99 -79.38 0 -0 -22.31 -35.91 21.24 -14.7 7.12 -0 -0 -4.49 -4.41 -4.15
-17.33 13.23 -1.2 -180.37 38.56 -166.55 0 0 0 -15.59 -11.33 -54.57 15.21 19.44 75.88 2.39 0.72 -29.56 0.37 -3.9 -10.8 0 0 0 40.51 -5.99 -23.11 -15.92 -19.6 78.01 0 3.32 4.6 -0.01 -0.79 2.17 -4.24 4.27 3.02 -11.17 5.88 -10.33 -11.02 3.18 -12.2 0.98 2.25 -19.01 8.04 1.49 17.27 2.78 1.77 8.48 0 -0 0 -51.47 -56.94 79.58 71.05 -58.6 -43.66 -0 0 -0.33 -5.05 25.07 -2.14 -7.12 0 -0 -34.61 51.56 -6.21 0 -0 0 -10.4 35.35 29.43 -124.1 55.11 -89.05 0 -0 -14.24 -30.53 24.76 -13.88 7.12 -0 -0 -0.62 -1.81 -0.6
-16.66 13.47 -1.45 -184.59 43.14 -170.58 0 0 0 -18.58 -7.03 -47.9 13.71 19.02 71.33 2.53 0.92 -30.45 0.76 -5.55 -15.49 0 0 0 31.75 -3.79 -36.36 -22.79 -19.81 98.18 -0 -0.56 -1.24 -0.14 -2.41 6.63 -7.46 4.52 4.34 -10.48 5.66 -9.39 -8.45 3.32 -12.35 0.47 0.63 -17.48 7.44 -0.34 13.65 2.33 0.64 7.08 -0 -0 0 -36.51 -51.9 72.34 101.71 -59.48 -70.12 -0 -0 4.12 -8.48 21.96 -3.19 -7.12 0 -0 -35.59 48.44 -3.42 -0 -0 0 -4.39 36.43 40.04 -130.61 52.75 -94.31 0 -0 -2.37 -30.1 29.63 -16 7.12 -0 -0 0.49 3.35 0.52
-15.99 13.73 -1.71 -186.74 46.22 -172.77 0 0 0 -19.46 -4.07 -41.35 11.97 18.38 65.88 2.56 1.09 -30.69 1.05 -6.52 -18.3 0 0 0 23.83 -1.49 -50.54 -26.48 -18.96 109.27 -0.03 0.58 -3.01 -0.35 -3.78 10.47 -8.49 4.67 5.16 -9.07 5.53 -8.66 -6.25 3.31 -12.26 -0.66 -1.29 -16.12 7.48 -2.54 10.93 2.25 -0.58 6.07 -0 -0 0 -25.03 -44.01 66.26 124.14 -55.1 -89.08 -0 -0 6.58 -12.73 18.55 -4.11 -7.12 0 -0 -37.09 45.03 -0.03 -0 -0 0 1.11 34.2 46.9 -131.73 52.27 -95.2 0 0 2.34 -36.56 34.92 -23 7.12 -0 -0 -1.86 11 -2.18
-15.24 14.09 -1.98 -186.21 47.6 -173.1 0 0 0 -18.17 -2.23 -33.69 9.85 17.33 59 2.29 1.45 -29.17 1.35 -7.35 -20.76 0 0 0 17.62 0.24 -61.8 -26.25 -19.04 108.55 -0.01 2.27 -1.94 -0.27 -3.34 9.23 -7.58 4.53 6.06 -6.92 5.23 -8.03 -4.29 3.06 -12.18 -2.04 -3.25 -14.97 7.99 -4.85 9.08 2.41 -1.8 5.44 -0 0 0 -16.98 -32.28 60.96 137.17 -49.66 -99.43 -0 -0 4.32 -12.23 17.68 -3.77 -7.12 0 -0 -36.22 44.36 0.66 -0 0 0 5.89 28.84 48.15 -126.48 54.32 -90.99 0 0 0.2 -45.77 38.02 -32.32 7.12 -0 -0 -5.59 18.09 -7.08
-14.39 14.57 -2.25 -183.87 47.12 -172.08 0 0 0 -15.27 -1.14 -25.55 7.59 15.81 51.08 1.53 1.38 -23.93 1.32 -7.27 -20.51 0 0 0 13.42 0.8 -67.04 -22.2 -19.88 96.46 0.01 1.98 0.84 -0.2 -2.9 8 -5.91 3.92 6.86 -4.38 4.52 -7.57 -2.3 2.6 -12.18 -3.1 -5.29 -14.05 8.92 -7.41 7.78 2.65 -3.06 5.1 -0 -0 0 -12.86 -18.07 55.51 141.24 -47.32 -102.48 -0 -0 2.26 -10.13 17.15 -3.02 -7.12 0 -0 -34.26 44.18 0.79 -0 -0 0 11.46 22.58 45.75 -111.43 58.19 -78.44 0 -0 -7.98 -50.84 35.58 -35.55 7.12 -0 -0 -8.97 18.08 -11.42
-13.45 15.11 -2.49 -180.91 44.86 -170.26 0 0 0 -11.18 -0.16 -20.46 6.41 14.82 46.61 0.67 1.05 -15.89 0.64 -5.13 -14.27 0 0 0 10.74 0.48 -65.95 -15.39 -19.48 76.41 -0.08 -0.57 5.22 -0.19 -2.78 7.67 -3.9 2.87 6.82 -1.76 3.49 -7.28 -0.34 2.02 -11.83 -3.92 -7.17 -13.39 9.53 -9.81 6.92 2.76 -4.26 4.94 0 -0 0 -11.71 -4.91 49.32 137.46 -49.51 -99.65 -0 0 -2.64 -8.04 20.08 -2.77 -7.12 0 -0 -34.11 46.92 -1.83 0 -0 0 17.27 19.1 41.38 -81.86 59.75 -52.96 0 -0 -19.83 -45.68 27.32 -25.17 7.12 -0 -0 -8.82 6.11 -9.82
-12.47 15.54 -2.7 -178.42 41.57 -168.72 0 0 0 -6.69 1.61 -21.58 7.98 16.1 52.48 0.34 0.36 -11.17 0.3 -3.53 -9.75 0 0 0 7.81 0.82 -59.54 -8.42 -16.42 54.04 -0.55 -5.37 13.27 -0.16 -2.59 7.13 -1.75 1.83 6.19 0.38 2.54 -7.08 0.97 1.48 -11.16 -4.51 -8.87 -13.81 9.61 -12.08 7.59 2.62 -5.34 5.41 -0 0 0 -10.96 4.57 42.75 126.45 -54.33 -90.97 -0 0 -7.88 -2.53 21.22 -0.92 -7.12 0 -0 -30.02 48.67 -2.97 -0 0 0 22 19.06 36.85 -52.77 54.05 -28.4 0 -0 -31.95 -38.53 18.87 -14.45 7.12 -0 -0 -6.55 -6.5 -5.81
-11.47 15.75 -2.87 -176.82 38.44 -168.62 0 0 0 -2.39 3.83 -26.78 13.1 18.82 69.42 0.41 -3.67 -11.45 0.52 -4.63 -12.85 0 0 0 3.79 3.71 -49.46 -4.07 -12.25 36.63 -1.46 -11.34 21.88 -0.19 -2.84 7.83 0.02 1.32 5.79 1.65 2.17 -6.65 1.42 1.22 -10.41 -5.16 -10.6 -14.45 9.89 -14.45 8.86 2.48 -6.42 6.15 0 0 0 -9.23 9.08 37.54 108.73 -58.63 -76.14 -0 0 -9.08 -0.42 20.27 -0.15 -7.12 0 -0 -27.65 48.14 -2.3 0 0 0 25.26 19.58 32.68 -36.93 46.14 -16.19 0 -0 -38.71 -34.1 14.07 -9.35 7.12 -0 -0 -4.47 -13.18 -3.34
-10.45 15.68 -2.99 -176.82 36.33 -171.02 0 0 0 1.27 7.19 -31.91 20.18 20 90.54 0.44 -9.41 -12.66 0.82 -5.79 -16.18 0 0 0 2.23 5.26 -40.72 -2.77 -10.31 30 -1.97 -13.79 25.58 -0.19 -2.81 7.75 -0.37 1.36 6.52 2.11 2.17 -6.07 2.12 1.25 -10.23 -6.24 -12.19 -13.48 10.69 -16.65 9.73 2.62 -7.45 6.59 0 -0 0 -6.62 10.45 34.97 88.89 -60 -59.04 -0 0 -9.97 -0.91 19.64 -0.31 -7.12 0 -0 -27.76 47.52 -1.86 0 -0 0 28.22 19.87 29.12 -28.59 39.65 -10.5 0 -0 -36.53 -30.87 12.27 -7.24 7.12 -0 -0 -2.5 -15.77 -1.73
-9.42 15.4 -3.09 -176.69 35.05 -174.37 0 0 0 6.25 13.02 -35.64 26.46 18.97 109.19 0.07 -16.79 -12.47 0.95 -6.2 -17.36 0 0 0 5.55 2.14 -35.61 -3.3 -11.16 32.82 -0.9 -5.85 16.89 -0.08 1.88 -5.17 -1.69 1.58 8.44 2.22 2.27 -5.67 2.92 1.38 -11.01 -7.6 -13.08 -11.6 11.57 -17.99 11.17 2.97 -8.07 7.07 0 -0 0 -3.36 11.22 34.7 71.99 -58.74 -44.47 -0 0 -11.77 -2.96 19.1 -0.97 -7.12 0 -0 -29.26 46.77 -1.39 0 -0 0 31.48 20.35 26.89 -24.79 35.99 -8.16 0 -0 -37.56 -26.93 9.87 -4.98 7.12 -0 -0 0.04 -18.94 0.03
-8.43 15.06 -3.17 -174.34 34.25 -175.63 0 0 0 13.37 21.35 -39.39 30.49 17.12 122.17 -0.88 -25.74 -11.94 1.06 -6.53 -18.33 0 0 0 10.91 -1.02 -32.8 -4.42 -12.7 38.27 -0.01 0.37 2.36 -0.58 4.88 -13.57 -1.02 1.76 10.09 2.42 2.6 -5.53 2.67 1.5 -11.86 -8.13 -13.37 -10.3 11.7 -18.48 12.32 3.08 -8.31 7.33 0 -0 0 -0.7 12.4 34.34 59.49 -56.17 -33.92 -0 0 -13.5 -5.49 18.48 -1.75 -7.12 0 -0 -31.11 45.89 -0.76 0 -0 0 34.2 21.61 24.5 -22.78 33.85 -7.02 0 -0 -40.64 -22.36 6.29 -2.58 7.12 -0 -0 3.23 -23.18 1.7
-7.55 14.71 -3.26 -169.85 33.59 -173.56 0 0 0 17.05 27.69 -45.82 32.31 15.88 128.58 -1.91 -32.4 -12.03 1.22 -7 -19.71 0 0 0 17.17 -1.62 -32.8 -5.76 -14.19 44.01 -0.2 1.82 -7.93 -0.49 4.48 -12.42 2.11 1.92 9.63 2.82 3.38 -5.62 1.2 1.66 -11.57 -8.44 -13.76 -9.44 12.02 -19.04 12.12 3.2 -8.6 7.24 0 0 0 1.07 13.09 32.94 49.95 -52.98 -26.14 -0 0 -13.55 -7.66 17.73 -2.34 -7.12 0 -0 -32.54 44.98 0.02 0 0 0 34.41 22.79 22.61 -21.78 32.72 -6.46 0 -0 -46.86 -18.57 0.83 -0.28 7.12 -0 -0 6.24 -29.08 2.43
-6.78 14.49 -3.36 -167.49 33.17 -173 0 0 0 9.43 22.26 -52.25 31.73 16.31 126.49 -1.69 -31.21 -12.1 1.39 -7.46 -21.09 0 0 0 21.2 -2.07 -33.14 -7.32 -15.6 50.07 -0.54 2.37 -13.31 -0.32 3.61 -9.98 3.36 2.22 9.47 2.73 3.94 -5.52 0.3 1.83 -11.28 -8.56 -14.19 -8.96 12.42 -19.68 11.87 3.28 -8.9 7.2 -0 -0 0 2.11 12.69 31.41 41.63 -49.01 -19.66 -0 0 -12.68 -8.9 17.88 -2.75 -7.12 0 -0 -33.64 44.95 0.05 -0 -0 0 32.05 23.51 22.03 -21.92 32.89 -6.54 0 -0 -56.11 -15.7 -6.41 1.8 7.12 -0 -0 9.3 -36.5 1.96
-6.04 14.39 -3.49 -166.84 32.31 -174.19 0 0 0 0.18 10.89 -53.41 28.93 17.97 117 -0.54 -24.84 -13.73 1.49 -7.71 -21.84 0 0 0 23.67 -3.6 -31.65 -8.44 -16.43 54.13 -0.83 2.56 -16.52 -0.31 3.61 -9.97 2.61 2.15 9.48 2.45 3.67 -5.3 0.47 1.74 -11.06 -8.4 -14.39 -8.95 12.28 -20.03 12.57 3.15 -9.03 7.43 0 -0 0 2.4 11.86 29.89 34.4 -44.38 -14.39 -0 0 -10.58 -8.24 18.41 -2.62 -7.12 0 -0 -33.37 45.48 -0.45 0 -0 0 28.44 25.17 21.88 -23.04 34.13 -7.16 0 -0 -65.5 -17.07 -16.6 5.01 7.12 -0 -0 10.25 -47.03 -0.52
-5.35 14.38 -3.66 -166.71 30.86 -175.14 0 0 0 -6.67 2.27 -50.85 24.28 19.56 102.6 0.49 -16.99 -16.25 1.55 -7.85 -22.27 0 0 0 25.34 -5.6 -30.88 -9.56 -17.16 58.01 -0.85 2.81 -16.73 -0.51 4.57 -12.69 1.81 1.61 8.77 2.01 2.75 -5.39 0.64 1.34 -10.75 -8.5 -14.4 -9.01 11.63 -20.01 13.13 2.96 -9.06 7.56 0 0 0 2.86 11.77 28.41 28.79 -39.83 -10.62 -0 0 -7.62 -8.29 18.46 -2.64 -7.12 0 -0 -33.44 45.52 -0.48 0 0 0 23.75 28.35 19.2 -25.59 36.8 -8.64 0 -0 -76.61 -27.64 -27.88 13.76 7.12 -0 -0 3.3 -60.79 -1.27
-4.77 14.38 -3.87 -166.47 30.4 -175.69 0 0 0 -11.12 -2.46 -45.71 18.27 19.93 84.93 0.84 -12.53 -17.37 1.55 -7.85 -22.25 0 0 0 25.6 -7.56 -33.63 -11.97 -18.38 65.91 -0.34 5.94 -10.52 -0.43 4.19 -11.61 2.98 1.12 8.62 1.11 2.15 -5.64 -0.87 0.91 -10.86 -8.7 -14.47 -9.39 10.37 -19.82 12.07 2.63 -9.14 7.13 0 -0 0 4.34 12.91 26.58 24.52 -35.71 -8.01 -0 0 -6.23 -9.18 19.1 -3.03 -7.12 0 -0 -34.51 45.94 -0.91 0 -0 0 16.78 32.05 11.24 -30.42 41.25 -11.68 0 -0 -85.68 -36.23 -33.7 22.12 7.12 -0 -0 -5.63 -69.49 3.3
-4.32 14.32 -4.13 -167.27 32.27 -176.34 0 0 0 -15.1 -4.31 -39.02 12.7 18.67 68.18 0.78 -9.83 -16.18 0.54 -4.69 -13.03 0 0 0 22.73 -8.19 -39.46 -15.54 -19.52 76.87 0.29 9.65 1.29 -0 0.08 -0.22 5.26 1.34 9.13 -0.4 2.66 -6.09 -3.91 0.88 -11.5 -8.76 -14.61 -10.26 8.05 -19.45 9.48 2.02 -9.24 6.16 -0 0 0 7.09 14.38 24.61 20.91 -31.72 -6 -0 0 -2.96 -11.15 19.49 -3.76 -7.12 0 -0 -36.35 46.01 -1.05 -0 0 0 5.78 35.03 -1.5 -37.82 46.72 -16.83 0 -0 -85.7 -36.84 -30.66 20.91 7.12 -0 -0 -7.65 -66.36 3.95
-3.91 14.19 -4.38 -169.57 35.67 -177.31 0 0 0 -19.22 -3.93 -34.65 10.62 17.75 61.55 1.18 -4.72 -19.5 0.19 2.82 7.77 0 0 0 17.59 -7.32 -46.84 -18.91 -19.97 86.81 0.11 6.47 5.38 -0.08 -1.84 5.07 6.95 2.12 10.39 -2.29 3.92 -7.03 -7.3 1.15 -13.02 -8.69 -14.51 -10.43 5.87 -18.74 5.21 1.63 -9.09 4.56 0 -0 0 10.87 15.66 21.72 18.27 -28.5 -4.68 -0 -0 1.18 -13.29 19.56 -4.52 -7.12 0 -0 -38.12 45.78 -0.86 0 -0 0 -8.66 35.5 -16.98 -47.41 51.9 -24.12 0 -0 -77.64 -37.21 -19.29 14.08 7.12 -0 -0 -9.46 -53.45 1.98
-3.51 14.04 -4.59 -172.11 38.23 -178.47 0 0 0 -21.65 -3.26 -32.93 10.66 17.76 61.67 1.91 -2.1 -25.55 0.66 5.2 14.47 0 0 0 12.56 -6.46 -53.94 -20.32 -20 90.94 0.03 -3.71 0.83 -0.31 -3.59 9.93 7.86 2.67 12.84 -3.87 4.99 -8.46 -10.25 1.22 -15.92 -8.42 -14.27 -8.79 4.08 -18.12 -0.33 1.65 -8.84 2.6 -0 0 0 14.15 15.99 16.14 16.55 -26.26 -3.88 -0 -0 5.23 -13.4 19.31 -4.5 -7.12 0 -0 -38.06 45.56 -0.62 -0 0 0 -22.59 31.85 -31.5 -60.12 56.34 -34.44 0 -0 -70.13 -38.23 -4.74 3.72 7.12 -0 -0 -9.68 -35.86 -2.2
-3.08 13.9 -4.74 -175.54 38.34 -180.22 0 0 0 -23.75 -3.32 -32.2 11.08 17.97 63.04 2.38 -1.81 -28.72 0.57 4.85 13.49 0 0 0 7.02 -6.47 -59.13 -19.16 -19.98 87.55 0.14 -6.74 -4.15 -0.42 -4.17 11.57 6.54 2.73 14.84 -5.18 4.93 -9.9 -11.23 1.03 -18.59 -7.9 -13.99 -8.27 2.43 -17.61 -3.4 1.28 -8.53 1.21 -0 0 0 16.75 16.46 12.77 16.21 -25.8 -3.74 -0 -0 5.68 -13 18.68 -4.23 -7.12 0 -0 -37.38 45.1 -0.11 -0 0 0 -32.34 25.7 -41.78 -75.42 59.18 -47.41 0 -0 -63.54 -39.53 7.91 -6.47 7.12 -0 -0 -9.05 -19.84 -5.51
-2.63 13.84 -4.91 -177.75 37.22 -180.44 0 0 0 -24.7 -3.91 -31.81 11.34 18.1 63.89 2.72 -2.02 -30.7 0.42 4.15 11.49 0 0 0 3 -6.17 -61.19 -15.54 -19.52 76.87 0.02 -5.2 -6.56 -0.1 -2.01 5.52 5.57 2.46 14.48 -6.08 4.4 -10.97 -11.73 0.76 -19.9 -6.93 -13.34 -8.79 1.3 -16.67 -4.84 0.9 -8.01 0.59 -0 0 0 19 17.67 11.83 16.4 -26.06 -3.82 -0 -0 4.39 -12.15 18.3 -3.87 -7.12 0 -0 -36.49 44.89 0.12 -0 0 0 -37.12 20.3 -47.1 -90.69 60 -60.6 0 -0 -57.98 -42.17 13.93 -12.3 7.12 -0 -0 -9.78 -11.68 -7.71
-2.23 13.89 -5.13 -176.67 36.92 -178.91 0 0 0 -22.98 -3.71 -30.73 11.32 18.09 63.82 3.02 -2.29 -32.33 0.32 3.64 10.05 0 0 0 2.3 -4.38 -58.38 -10.16 -17.5 60.02 0 -6.21 -8.74 -0 -0.3 0.83 7.31 2.38 13.09 -5.93 4.82 -11.96 -12.7 0.71 -20.06 -6.48 -12.87 -9.54 -0.17 -15.96 -5.1 0.4 -7.64 0.43 -0 -0 0 19.33 18.34 10.15 16.02 -25.55 -3.66 -0 -0 5.54 -11.14 17.78 -3.44 -7.12 0 -0 -35.41 44.59 0.42 -0 -0 0 -37.9 16.86 -46.37 -103.96 59.25 -72.06 0 -0 -50.97 -45.56 18.51 -17.94 7.12 -0 -0 -10.92 -4.81 -10.16
-1.85 13.95 -5.34 -176.11 36.98 -178.41 0 0 0 -21.77 -2.99 -28.67 11.07 17.97 63.02 3.24 -2.27 -33.55 0.25 3.19 8.81 0 0 0 0.53 -0.75 -51.23 -5.03 -13.42 40.95 0.18 -11.26 -13.15 -0.01 0.66 -1.83 7.92 2.62 12.1 -5.46 5.42 -12.6 -12.63 0.95 -20.06 -6.79 -12.76 -10.4 -1.39 -15.65 -4.9 0.05 -7.49 0.54 0 0 0 18 18.58 9.21 15.44 -24.76 -3.41 -0 -0 5.7 -11.38 17.74 -3.51 -7.12 0 -0 -35.57 44.52 0.48 0 0 0 -34.45 13.34 -39.96 -114.66 57.57 -81.18 0 -0 -36.42 -50.66 24.06 -26.45 7.12 -0 -0 -12.46 4.45 -13.71
-1.41 13.99 -5.5 -177.07 36.46 -179.1 0 0 0 -21.67 -2.64 -26.04 10.69 17.78 61.77 3.4 -2.02 -34.44 0.15 2.5 6.9 0 0 0 -5.53 8.41 -40.21 -1.9 -8.65 24.71 0.74 -21.49 -24.37 -0.12 -2.22 6.1 6.18 2.75 10.97 -5.26 5.27 -12.84 -11.23 1.23 -19.81 -6.75 -12.63 -11.3 -1.79 -15.35 -4.81 -0.12 -7.33 0.67 0 0 0 16.69 18.9 9.4 14.76 -23.81 -3.13 -0 -0 5.72 -10.88 17.92 -3.38 -7.12 0 -0 -35.27 44.73 0.27 0 0 0 -27.47 8.71 -29.18 -122.83 55.51 -88 0 -0 -22.3 -55.46 27.01 -33.41 7.12 -0 -0 -14.19 10.85 -17.09
-0.93 14.02 -5.62 -178.09 35.1 -180.03 0 0 0 -21.31 -2.46 -23.27 10.33 17.59 60.59 3.5 -1.94 -35.03 0.06 1.52 4.19 0 0 0 -12.42 25.56 -28.6 -0.93 -6.13 17.18 -2.96 -28.33 -51.1 -2.67 -10.13 29.41 3.63 2.56 9.36 -5.18 4.48 -12.48 -9.43 1.34 -19.08 -6.39 -12.38 -12.15 -1.69 -14.97 -4.61 -0.19 -7.15 0.86 -0 -0 0 16 19.43 10.09 14.18 -22.99 -2.9 -0 -0 6.71 -10.04 17.62 -3.07 -7.12 0 -0 -34.43 44.59 0.4 -0 -0 0 -17.98 3.81 -13.93 -127.72 53.87 -92 0 -0 -13.48 -58.93 28.99 -38.82 7.12 -0 -0 -15.37 15.62 -19.55
-0.44 14.1 -5.71 -177.95 33.09 -179.57 0 0 0 -19.56 -2.13 -22.09 10.16 17.5 60.01 3.41 -2.21 -34.47 0 0.24 0.65 0 0 0 -9.53 31.06 -22.86 -0.91 -6.07 16.98 -6.75 -29.54 -62.62 -3.64 -11.66 34.54 1.45 2.08 6.9 -4.97 3.52 -12.42 -7.46 1.37 -17.6 -6.36 -12.1 -12.37 -1.74 -14.6 -4.07 -0.22 -6.99 1.06 0 -0 0 15.48 19.86 11.1 13.82 -22.48 -2.76 -0 -0 6.92 -9.15 17.37 -2.75 -7.12 0 -0 -33.58 44.49 0.48 0 -0 0 -7.97 -0.38 2.87 -122.85 55.5 -88.02 0 -0 -1.51 -63.17 32.2 -46.49 7.12 -0 -0 -16.43 22.6 -22.15
-0.01 14.18 -5.75 -177.12 30.4 -177.64 0 0 0 -17.56 -1.8 -24.15 10.57 17.72 61.38 3.03 -1.56 -32.56 0 -0.34 -0.93 0 0 0 -8.83 39.83 -19.34 -0.99 -6.33 17.75 -11.2 -33.31 -74.12 -3.6 -11.61 34.38 0.31 1.32 4.31 -4.53 2.52 -12.68 -5.92 1.22 -16.38 -6.29 -11.73 -12.05 -2.6 -14.16 -3.18 -0.47 -6.84 1.22 0 0 0 14.59 19.75 11.65 13.37 -21.83 -2.59 -0 -0 7.65 -8.72 17.48 -2.64 -7.12 0 -0 -33.29 44.63 0.34 0 0 0 -0.5 -3.22 16.75 -101.22 59.52 -69.7 0 0 10.36 -66.79 33.73 -52.32 7.12 -0 -0 -17.69 27.33 -24.62
0.26 14.24 -5.74 -175.44 27.67 -175.26 0 0 0 -16.45 -0.23 -27.98 10.94 17.91 62.59 2.85 2.2 -32.76 0.06 1.64 4.51 0 0 0 -4.81 26.5 -24.67 -1.22 -7.01 19.76 -3.76 -32.8 -57.34 -1.63 -8.04 22.84 1.45 0.6 3.56 -3.9 1.8 -12.85 -5.69 0.82 -16.17 -6.05 -11.32 -11.7 -3.34 -13.69 -2.53 -0.71 -6.66 1.3 0 -0 0 13.16 19.68 11.95 12.94 -21.19 -2.43 -0 -0 7.35 -7.94 18.06 -2.47 -7.12 0 -0 -32.94 45.23 -0.21 0 -0 0 4.31 -2.59 24.82 -63.87 57.26 -37.58 0 0 17.55 -64.89 33.05 -49.33 7.12 -0 -0 -16.98 24.97 -23.28
0.39 14.24 -5.65 -173.58 26.62 -173.94 0 0 0 -15.77 2.34 -29.94 10.74 17.81 61.94 3.43 4.11 -36.61 0.71 5.37 14.97 0 0 0 2.96 7.18 -34.39 -1.93 -8.73 24.95 1.39 -27.99 -31.23 -0.06 1.58 -4.34 3.74 0.59 5.34 -2.99 2.04 -12.5 -6.05 0.62 -16.87 -6.02 -11.05 -11.56 -4.04 -13.32 -2.17 -0.91 -6.51 1.34 -0 0 0 10.68 19.35 11.51 12.32 -20.28 -2.21 -0 -0 7.75 -7.88 18.91 -2.57 -7.12 0 -0 -33.34 45.96 -0.89 -0 0 0 6.43 1.49 28.99 -35.36 45.07 -15.07 0 0 13 -49.15 28.55 -28.93 7.12 -0 -0 -10.37 9.21 -12.07
0.51 14.17 -5.52 -173.09 27.37 -174.31 0 0 0 -14.49 5.48 -30.37 10.76 17.81 61.99 3.74 2.02 -37.36 0.79 5.68 15.85 0 0 0 6.69 0.67 -42.45 -3.91 -12.04 35.89 1 -20.19 -18.59 -2.22 9.32 -26.79 4.33 1.28 8.07 -2.25 2.98 -11.47 -5.77 0.93 -17.24 -6.03 -10.8 -11.79 -4.57 -12.94 -1.52 -1.09 -6.36 1.56 0 0 0 7.63 17.84 10.22 12.2 -20.1 -2.17 -0 -0 9.45 -9.56 19.63 -3.24 -7.12 0 -0 -35.13 46.34 -1.33 0 0 0 7.79 5.27 29.82 -23.57 34.7 -7.46 0 -0 -2.01 -26.21 16.27 -7.85 7.12 -0 -0 1.04 -11.97 0.8
0.77 14.1 -5.39 -174.61 27.21 -175.76 0 0 0 -13.96 9.71 -31.03 10.86 17.87 62.33 3.67 -0.99 -36.11 0.35 3.79 10.49 0 0 0 7.21 -1.62 -48.13 -7.59 -15.81 51.07 0.04 -12.03 -16.53 -3.95 12.1 -36.08 2.31 1.92 9.47 -2.16 3.29 -10.06 -4.58 1.28 -16.42 -5.83 -10.27 -11.86 -4.74 -12.24 -0.37 -1.19 -6.07 1.94 -0 -0 0 5.37 15.51 11.85 14.54 -23.51 -3.04 -0 -0 6.82 -8.73 18.62 -2.81 -7.12 0 -0 -33.88 45.6 -0.56 -0 -0 0 10.5 6.74 26.97 -23.27 34.38 -7.29 0 -0 -18.6 -15.08 2.06 -0.56 7.12 -0 -0 8.85 -27.81 3.74
1.13 14.08 -5.3 -176.13 24.29 -176.53 0 0 0 -13.18 11.51 -31.56 10.79 17.83 62.1 3.5 -3.13 -34.71 0.01 0.79 2.16 0 0 0 7.66 -4.04 -49.68 -11.25 -18.05 63.58 -0.54 -5.64 -17.12 -4.35 12.61 -37.94 0.42 1.76 9.12 -2.39 2.62 -9.04 -3.53 1.19 -15.05 -5.15 -9.28 -11.59 -5.49 -11 2.27 -1.55 -5.61 2.71 0 0 0 4.54 13 18.68 20.67 -31.44 -5.88 -0 -0 1.28 -5.1 14.16 -1.25 -7.12 0 -0 -28.79 42.17 2.22 0 0 0 13.45 6.13 28.02 -32.78 43.16 -13.27 0 -0 -26.62 -13.82 -1.66 0.41 7.12 -0 -0 10.19 -31.58 3.39
1.53 14.07 -5.25 -176.89 19.58 -176.53 0 0 0 -11.6 11.27 -32.48 10.84 17.85 62.25 3.23 -5.58 -32.86 0.09 -1.93 -5.32 0 0 0 9 -5.57 -46.15 -12.17 -18.46 66.53 -0.98 5.35 -17.67 -2.24 9.34 -26.87 -0.49 1 8.1 -2.6 1.44 -8.44 -2.92 0.74 -13.76 -4.29 -8.26 -12.19 -6.83 -9.46 7.31 -2.07 -5.11 4.04 0 0 0 4.24 10.15 26.69 32.59 -43.01 -13.14 -0 0 -4.31 -1.05 8.5 -0.15 -7.12 0 -0 -23.48 37.43 4.69 0 0 0 15.9 5.44 34.12 -54.09 54.52 -29.48 0 -0 -29.04 -14.73 -0.5 0.13 7.12 -0 -0 9.35 -30.42 3.37
1.95 14.07 -5.22 -177.04 14.94 -176.11 0 0 0 -9.28 11.78 -34.95 11.37 18.11 63.97 2.66 -8.39 -29.43 0.59 -4.93 -13.72 0 0 0 11.13 -3.87 -40.55 -10.94 -17.9 62.58 -1.54 7.34 -22.21 -0.44 4.24 -11.74 -1.01 0.3 7.1 -2.68 0.43 -8.02 -2.48 0.33 -12.69 -3.73 -7.38 -13.36 -7.16 -7.94 12.75 -2.37 -4.54 5.92 0 -0 0 3.98 6.43 34.37 56.11 -55.18 -31.13 -0 0 -10.8 3.93 3.94 0.27 -7.12 0 -0 -18.37 33.48 5.43 0 -0 0 18.42 6.03 42.61 -90.29 60 -60.25 0 -0 -34.2 -15 2.29 -0.61 7.12 -0 -0 8.9 -27.57 3.81
2.34 14.04 -5.16 -177.09 11.26 -175.91 0 0 0 -7.26 13.82 -39.77 13.09 18.81 69.41 1.98 -8.89 -25.28 1.34 -7.33 -20.7 0 0 0 12.61 -1.31 -38.83 -10.86 -17.87 62.34 -2.04 3.1 -26.26 -0.05 1.39 -3.83 -1.61 -0.15 7.16 -2.72 -0.29 -7.5 -2.04 0.02 -12.15 -3.08 -6.64 -14.46 -6.29 -6.92 16.83 -2.28 -4.01 7.45 -0 0 0 3.39 0.92 41.94 95.63 -59.88 -64.88 -0 0 -14.88 5.62 2.43 0.24 -7.12 0 -0 -16.76 32.1 5.5 -0 0 0 20.68 9.36 52.7 -119.64 56.4 -85.36 0 -0 -31.13 -15.41 10.17 -2.79 7.12 -0 -0 8.23 -19.5 5.07
2.64 14 -5.1 -176.6 8.26 -176.16 0 0 0 -5.79 17.24 -45.87 16.3 19.67 79.12 1.73 -7.27 -23.58 1.02 -6.43 -18.04 0 0 0 14.25 -1.11 -38.59 -11.25 -18.06 63.59 -2.12 1.25 -27.23 -0 0.05 -0.13 -1.53 -0.53 8.26 -2.34 -0.88 -6.77 -1.54 -0.29 -11.99 -2.31 -5.91 -15.68 -5.01 -6.17 19.38 -2.02 -3.49 8.55 0 -0 0 1.25 -5.83 49.92 129.17 -53.32 -93.16 -0 0 -18.25 3.6 3.52 0.22 -7.12 0 -0 -18.55 33.06 5.69 0 -0 0 21.96 13.5 60.86 -132.05 52.14 -95.45 0 -0 -24.29 -14.49 16.98 -4.32 7.12 -0 -0 8.87 -12.63 6.8
2.87 13.97 -5.05 -175.36 5.39 -176.33 0 0 0 -4.3 20.96 -51.68 19.98 20 89.93 1.77 -6.72 -23.86 0.3 -3.54 -9.79 0 0 0 16.62 -2.77 -38.51 -11.39 -18.12 64.04 -2.21 0.6 -27.96 -0 0.1 -0.26 -0.74 -0.89 9.78 -1.38 -1.27 -6.35 -0.85 -0.53 -12.44 -1.4 -5.18 -16.34 -4.49 -5.43 20.45 -1.95 -3.01 9.03 -0 0 0 -2.97 -9.75 55.54 141.95 -46.87 -103 -0 0 -21.51 0.14 3.43 0.01 -7.12 0 -0 -21.2 32.82 6.73 -0 0 0 21.66 12.71 61.97 -131.01 52.58 -94.63 0 -0 -21.89 -16.57 20.88 -6.05 7.12 -0 -0 7.64 -8.44 6.5
3.08 13.94 -5.07 -175.04 3.15 -175.56 0 0 0 -4.26 23.02 -55.88 21.9 19.91 95.56 1.94 -5.23 -25.23 0.01 -0.77 -2.11 0 0 0 17.93 -5 -40.27 -11.69 -18.26 65.01 -2.26 0.43 -28.33 -0.01 0.5 -1.37 -0.68 -1.12 10 -0.81 -1.5 -6.55 -0.22 -0.61 -12.8 -0.84 -4.69 -16.68 -3.87 -4.98 21.24 -1.81 -2.67 9.37 -0 -0 0 -7.5 -7.38 52.53 137.13 -49.68 -99.4 -0 0 -21.58 -0.67 7.09 -0.08 -7.12 0 -0 -22.77 36.16 5.29 -0 -0 0 21.16 6.8 55.39 -114.12 57.68 -80.72 0 -0 -22.36 -21.46 19.32 -7.41 7.12 -0 -0 4.4 -9.39 3.64
3.24 13.95 -5.13 -175.03 1.95 -174.33 0 0 0 -4.54 22.05 -56.32 20.08 20 90.23 2.2 -1.53 -27.62 0.06 1.54 4.24 0 0 0 18.91 -7 -42.44 -11.96 -18.37 65.85 -2.29 1.1 -28.37 -0 0.1 -0.27 -0.73 -1.04 9.19 -0.78 -1.33 -7.03 -0.2 -0.5 -12.84 -0.54 -4.42 -17.31 -2.69 -4.88 22.62 -1.48 -2.43 10 0 -0 0 -10.9 -3.23 41.38 109.63 -58.49 -76.91 -0 0 -16.24 2.71 12.11 0.57 -7.12 0 -0 -21.55 41.08 2.2 0 -0 0 21.53 0.85 45.52 -75.2 59.16 -47.22 0 -0 -24.89 -19.87 12.27 -4.39 7.12 -0 -0 5.11 -16.99 3.41
3.36 13.94 -5.22 -174.68 1.49 -173.38 0 0 0 -3.82 19.22 -52.37 15.02 19.39 75.29 1.92 3.84 -27.79 0.15 2.47 6.82 0 0 0 20.05 -8.46 -44.06 -12.18 -18.47 66.57 -2.32 2.4 -28.21 -0.02 -0.89 2.44 -0.38 -0.69 8.45 -0.67 -0.73 -7.44 -0.41 -0.21 -12.87 -0.39 -4.16 -18.2 -1.93 -4.66 24.05 -1.26 -2.17 10.71 -0 0 0 -12.46 -2.87 27.73 56.93 -55.44 -31.8 -0 0 -9.26 4.8 14.74 1.22 -7.12 0 -0 -20.67 43.75 0.67 -0 0 0 20.4 -0.4 37.71 -34.41 44.38 -14.4 0 -0 -22.23 -14.62 4.49 -1.17 7.12 -0 -0 9.03 -25.34 4.35
3.46 13.89 -5.29 -174.79 1.11 -173.08 0 0 0 -3.11 17.68 -48.58 11.87 18.34 65.58 1.39 5.27 -24.72 0 0.01 0.04 0 0 0 20.47 -9.47 -45.17 -12.59 -18.63 67.86 -2.4 2.91 -28.61 -0.04 -1.32 3.64 -0.56 -0.44 8.44 -0.53 -0.41 -7.36 -0.22 -0.04 -12.76 0.12 -3.52 -19.55 -1.83 -3.96 24.39 -1.24 -1.79 11.09 -0 0 0 -9.95 -4.21 15.87 24.61 -35.8 -8.06 -0 -0 0.44 6.14 18 1.91 -7.12 0 -0 -20.74 46.96 -1.05 -0 0 0 18.25 -0.59 29.58 -17.17 27.08 -4.16 0 -0 -13.28 -5.27 -6.75 0.62 7.12 -0 -0 17.93 -36.22 4.03
3.58 13.87 -5.34 -174.88 0.98 -173.25 0 0 0 -2.61 18.9 -48.21 11.52 18.18 64.45 1.36 2.61 -23.14 0.08 -1.86 -5.12 0 0 0 20.93 -9.27 -44.9 -12.73 -18.68 68.29 -2.51 2.23 -29.43 -0.08 -1.77 4.88 -1.21 -0.49 9.36 -0.49 -0.64 -6.92 0.25 -0.11 -12.82 0.91 -2.47 -19.87 -0.93 -3.13 22.51 -0.91 -1.31 10.47 -0 0 0 -6.23 -0.4 5.61 14.35 -23.24 -2.97 -0 -0 9.79 0.63 21.13 0.23 -7.12 0 -0 -27.16 49.06 -2.91 -0 0 0 17.55 -3.35 21.81 -14.91 24.02 -3.19 0 -0 -9.88 -3.78 -12.65 0.83 7.12 -0 -0 20.82 -41.68 1.79
3.71 13.94 -5.4 -175.25 1.59 -173.16 0 0 0 -2.84 21.03 -48.04 11.1 17.99 63.12 1.17 1.92 -21.24 0.13 -2.3 -6.33 0 0 0 21.14 -7.74 -43.77 -12.46 -18.58 67.43 -2.54 0.78 -29.98 -0.12 -2.2 6.05 -2.31 -0.54 9.67 -0.79 -0.94 -6.75 0.6 -0.18 -12.79 1.41 -1.49 -19.21 0.47 -2.29 21.38 -0.36 -0.74 9.97 0 0 0 -3.98 6.37 4.21 14.16 -22.96 -2.89 -0 -0 10.84 -2.14 20.48 -0.75 -7.12 0 -0 -29.27 48.08 -2.42 0 0 0 17 -7.21 28.62 -20.16 30.83 -5.61 0 -0 -19.47 -11.44 -11.21 2.25 7.12 -0 -0 13.85 -41.01 1.39
3.81 14.03 -5.45 -176.19 2.4 -172.89 0 0 0 -3.68 22.32 -47.59 10.69 17.78 61.78 0.99 1.6 -19.48 0.17 -2.68 -7.4 0 0 0 20.6 -6 -42.83 -12.14 -18.45 66.42 -2.49 -0.64 -30.1 -0.15 -2.47 6.81 -3.19 -0.23 8.96 -1.47 -0.66 -6.73 0.29 -0 -12.34 1.75 -0.81 -19.4 0.51 -1.3 23.53 -0.26 -0.15 10.79 0 -0 0 -2.63 10.87 14.53 19.3 -29.79 -5.18 -0 -0 3.53 1.15 16.73 0.33 -7.12 0 -0 -24.61 45.16 -0.11 0 -0 0 17.01 -10.66 36.32 -29.13 40.14 -10.85 0 -0 -24.53 -19 -9.17 3.14 7.12 -0 -0 6.93 -39.58 0.93
3.9 14.1 -5.47 -176.57 2.15 -172.88 0 0 0 -3.3 22.44 -47.75 10.83 17.85 62.21 0.74 0.95 -16.61 0.25 -3.19 -8.81 0 0 0 20.64 -5.19 -41.94 -11.84 -18.32 65.49 -2.45 -1.66 -30.26 -0.18 -2.76 7.62 -2.95 0.33 8.22 -2.08 0.13 -6.5 -0.65 0.32 -11.65 1.39 -0.69 -20.06 0.31 -0.64 27.01 -0.14 0.26 12.25 -0 0 0 -2.35 11.12 25.22 28.57 -39.64 -10.49 -0 0 -0.19 7.86 10.79 1.48 -7.12 0 -0 -16.81 40.29 2.02 -0 0 0 17.87 -14.11 41.83 -42.84 49.67 -20.58 0 -0 -25.75 -27.78 -4.24 2.23 7.12 -0 -0 -0.94 -34.76 -0.24
4.02 14.13 -5.44 -176.38 0.41 -173.39 0 0 0 -1.42 21.56 -49.11 11.75 18.28 65.2 0.4 -0.25 -11.92 0.37 -3.93 -10.87 0 0 0 21.5 -5.64 -41.04 -11.61 -18.22 64.75 -2.45 -2.87 -30.71 -0.21 -2.95 8.13 -2.6 0.55 8.34 -2.33 0.42 -5.99 -1.15 0.4 -11.14 0.55 0.81 -20.32 1.08 -0.73 29.72 0.08 -0.61 13.42 -0 0 0 -2.94 8.99 34.65 43.5 -50.01 -21.08 -0 -0 0.87 17.53 4.14 1.31 -7.12 0 -0 -7.5 34.25 1.99 -0 0 0 19.54 -14.97 45.62 -60.4 56.42 -34.68 0 -0 -22.15 -35.13 5.83 -4.09 7.12 -0 -0 -6.19 -22.88 -3.31
4.13 14.13 -5.38 -176.2 -2.03 -174.42 0 0 0 0.64 20.28 -51.47 13.34 18.9 70.19 0.2 -1.57 -7.97 0.38 -3.95 -10.92 0 0 0 22.31 -7.29 -40.31 -11.49 -18.17 64.38 -2.46 -4 -31.26 -0.21 -2.93 8.08 -2.78 0.56 9.25 -2.27 -0.04 -5.19 -0.86 0.01 -10.8 0.72 1.29 -20.11 1.33 -0.44 31.13 0.18 -0.51 13.99 -0 0 0 -4.56 5.29 43.5 65.33 -57.57 -38.81 -0 -0 0.08 25.1 -0.97 -0.46 -7.12 0 -0 -1.14 28.9 0.45 -0 0 0 21.4 -11.7 49.16 -75.19 59.15 -47.21 0 -0 -16.28 -42.56 16.43 -14.56 7.12 -0 -0 -9.54 -8.41 -8.16
4.19 14.1 -5.31 -175.67 -3.87 -175.43 0 0 0 2.59 19.69 -54.17 15.43 19.49 76.52 0.17 -2.83 -7.3 0.24 -3.17 -8.77 0 0 0 23.16 -9.09 -40.02 -11.49 -18.17 64.37 -2.51 -4.17 -31.65 -0.23 -3.1 8.55 -2.72 0.28 10.15 -1.91 -0.32 -4.42 -0.46 -0.09 -10.47 0.95 1.59 -20.03 1.49 -0.32 32.01 0.22 -0.45 14.36 0 0 0 -7.19 -0.15 52.77 88.63 -59.99 -58.81 -0 -0 0.04 31.59 -6.5 -3.99 -7.12 0 -0 3.54 22.36 -1.93 0 0 0 23.23 -6.21 53.69 -84.23 59.87 -55 0 -0 -8.2 -52.12 25 -28.52 7.12 -0 -0 -13 6.4 -14.73
4.18 14.05 -5.25 -174.63 -4.45 -175.76 0 0 0 4.49 20.1 -56.67 17.36 19.83 82.25 0.24 -3.64 -8.69 0.07 -1.76 -4.85 0 0 0 24.34 -9.88 -40.47 -11.59 -18.21 64.7 -2.53 -4.42 -31.86 -0.21 -2.98 8.22 -1.86 0.21 10.47 -1.46 -0.2 -3.99 -0.48 -0.06 -10.18 1.16 1.77 -20.17 1.59 -0.23 32.41 0.24 -0.39 14.57 0 0 0 -10.6 -6.27 62.27 105.78 -59.04 -73.62 -0 -0 2.5 38.16 -11.03 -8.55 -7.12 0 -0 7.64 16.14 -5.26 0 0 0 25.28 -0.79 59.2 -91.49 59.99 -61.29 0 0 2.96 -60.01 29.99 -40.89 7.12 -0 -0 -15.59 17.6 -20.2
4.14 13.99 -5.2 -174.09 -4.17 -175.41 0 0 0 5.12 20.37 -57.56 17.97 19.9 84.04 0.34 -3.46 -10.35 0.02 -0.84 -2.3 0 0 0 24.83 -9.89 -41.48 -11.81 -18.31 65.37 -2.55 -4.58 -32.07 -0.18 -2.71 7.47 -1.35 0.34 10.17 -1.22 0.1 -3.89 -0.56 0.07 -9.89 1.36 1.91 -20.32 1.69 -0.08 32.24 0.27 -0.27 14.53 -0 -0 0 -14.13 -12.27 71.38 114.82 -57.54 -81.32 -0 -0 3.71 43.23 -14.87 -13.56 -7.12 0 -0 10.27 10.21 -8.43 -0 -0 0 27.65 4.34 65.76 -95.4 59.89 -64.67 0 0 14.36 -66.39 33.83 -51.87 7.12 -0 -0 -17.44 27.08 -24.22
4.07 13.94 -5.18 -174.2 -3.79 -174.78 0 0 0 4.2 19.62 -56.35 16.97 19.78 81.1 0.37 -1.73 -10.99 0.01 -0.76 -2.08 0 0 0 24.44 -10.13 -42.84 -12.08 -18.43 66.25 -2.63 -3.97 -32.26 -0.17 -2.64 7.29 -1.44 0.44 9.6 -1.13 0.24 -3.9 -0.44 0.14 -9.57 1.37 1.88 -20.61 1.72 0.04 31.41 0.32 -0.15 14.22 -0 -0 0 -17.03 -16.95 78.31 119.26 -56.5 -85.04 -0 -0 5.34 46.5 -17.53 -17.61 -7.12 0 -0 11.71 5.76 -10.71 -0 -0 0 29.88 9.86 73.11 -94.81 59.91 -64.16 0 0 21.07 -70.46 35.5 -58.57 7.12 -0 -0 -18.86 32.44 -26.85
3.94 13.88 -5.18 -174.14 -3.6 -174.26 0 0 0 2.63 18.55 -53.67 15.08 19.41 75.47 0.35 0.48 -11.42 0.01 -0.73 -2.01 0 0 0 23.98 -11.06 -44.22 -12.36 -18.54 67.11 -2.7 -2.98 -32.24 -0.12 -2.25 6.2 -0.79 0.31 9.04 -0.97 0.18 -3.91 -0.62 0.08 -9.25 1.37 1.64 -20.73 1.21 0.24 29.5 0.18 -0.03 13.42 0 -0 0 -17.89 -20.44 80.3 122.94 -55.47 -88.09 -0 -0 4.83 49.77 -19.57 -21.61 -7.12 0 -0 13.14 1.8 -13.08 0 -0 0 30.92 16.09 78.5 -92.79 59.97 -62.42 0 0 23.36 -72.1 36.09 -61.27 7.12 -0 -0 -19.46 34.55 -27.91
3.75 13.83 -5.19 -173.54 -3.49 -173.91 0 0 0 1.17 18.36 -50.92 13.52 18.96 70.74 0.75 0.55 -16.61 0.06 -1.62 -4.45 0 0 0 23.89 -12.24 -45.25 -12.5 -18.59 67.56 -2.7 -1.84 -31.8 -0.06 -1.59 4.38 0.78 0.09 8.72 -0.51 0.13 -4.05 -1 -0.02 -9.21 0.82 1.11 -19.89 0.76 0.29 26.02 0.13 0.01 11.84 -0 0 0 -16.13 -23.34 74.26 127.54 -53.94 -91.85 -0 -0 3.04 52.89 -21.01 -25.36 -7.12 0 -0 14.53 -1.6 -15.43 -0 0 0 29.23 22.96 77.64 -93.58 59.95 -63.1 0 0 23.48 -71.54 36.07 -60.45 7.12 -0 -0 -19.17 33.99 -27.44
3.55 13.83 -5.2 -172.96 -3.45 -173.35 0 0 0 0.18 18.91 -49.45 12.65 18.65 68.04 1.34 -0.77 -21.63 0.24 -3.18 -8.77 0 0 0 23.76 -13.07 -45.95 -12.39 -18.55 67.22 -2.59 -0.81 -30.81 -0.02 -0.84 2.31 1.75 -0.11 8.43 0.03 -0.01 -4.63 -0.94 -0.15 -9.68 0.18 0.31 -17.59 0.91 -0.26 21.1 0.23 -0.17 9.58 -0 -0 0 -11.09 -26.18 59.6 131.04 -52.57 -94.65 -0 0 -1 56.08 -21.65 -28.75 -7.12 0 -0 16.11 -4.23 -17.96 -0 -0 0 24.66 30.09 68.4 -98.2 59.74 -67.1 0 0 20.1 -70.98 35.99 -59.61 7.12 -0 -0 -18.9 33.39 -26.99
3.34 13.91 -5.26 -173.02 -3.98 -172.59 0 0 0 -0.88 19.6 -49.47 12.3 18.52 66.95 1.49 -3.15 -22.23 0.5 -4.54 -12.6 0 0 0 22.98 -13.94 -46.11 -11.96 -18.37 65.85 -2.39 -0.23 -29.36 -0 0.19 -0.51 1.44 -0.29 7.88 0.33 -0.33 -5.54 -0.39 -0.31 -10.35 -0.03 -0.88 -14.52 1.42 -1.64 15.71 0.29 -0.73 7.22 -0 0 0 -3.01 -29.63 39.43 128.96 -53.4 -93 -0 0 -5.39 58.4 -21.53 -30.82 -7.12 0 -0 17.4 -5.53 -19.89 -0 0 0 17.6 37.12 51.11 -100.93 59.54 -69.45 0 0 14.6 -70.88 36.38 -59.7 7.12 -0 -0 -18.67 33.65 -26.65
3.08 14.1 -5.35 -173.07 -5.49 -172.31 0 0 0 -1.64 19.53 -49.31 12.29 18.51 66.91 1.39 -5.39 -21.18 0.6 -4.95 -13.75 0 0 0 22.1 -15.39 -44.72 -10.94 -17.91 62.6 -2.06 -0.2 -27.24 -0.02 0.95 -2.61 1.17 -0.57 7.65 0.69 -0.78 -6.44 0.24 -0.53 -11.23 -0.52 -2.49 -11.73 2.04 -3.59 10.76 0.44 -1.66 5.21 0 -0 0 7.13 -33.01 18.65 120.12 -56.28 -85.76 -0 0 -9.34 61.31 -20.83 -33.01 -7.12 0 -0 19.15 -6.58 -22.45 0 -0 0 6.41 43.14 28.51 -94.06 59.94 -63.51 0 0 11.7 -72.41 35.98 -61.64 7.12 -0 -0 -19.69 34.74 -28.27
2.73 14.4 -5.47 -172.6 -7.17 -172.38 0 0 0 -1.94 18.99 -47.74 12.11 18.43 66.32 1.26 -5.34 -20.09 0.37 -3.89 -10.77 0 0 0 21.49 -16.08 -41.27 -9.28 -16.98 57.04 -1.56 -1.34 -24.14 -0.04 1.28 -3.52 1.7 -0.69 7.6 1.18 -0.92 -7.27 0.52 -0.66 -12.15 -1.08 -4.18 -10.03 2.56 -5.7 6.72 0.66 -2.73 4.13 -0 0 0 18.08 -35.19 0.21 105.06 -59.13 -73.01 -0 0 -12.09 64.56 -21 -36.99 -7.12 0 -0 20.83 -9.47 -25.57 -0 0 0 -8.88 45.66 4.53 -77.75 59.43 -49.41 0 0 11.42 -74.05 35.31 -63.68 7.12 -0 -0 -20.94 35.79 -30.25
2.27 14.79 -5.63 -172.23 -8.43 -172.2 0 0 0 -3.03 18.62 -45.07 11.46 18.15 64.25 0.83 -3.75 -16.34 0.03 -1.19 -3.28 0 0 0 19.83 -14.58 -36.01 -7.31 -15.58 50.02 -0.92 -3.37 -19.64 -0.1 2.07 -5.69 2.63 -0.47 6.77 1.49 -0.6 -8.08 0.3 -0.63 -12.57 -1.09 -5.58 -9.44 2.7 -7.54 4.64 0.63 -3.67 3.32 0 -0 0 28.51 -34.93 -14.1 87.65 -59.98 -57.96 -0 0 -10.38 67.14 -21.27 -40.71 -7.12 0 -0 22.12 -12.28 -28.25 0 -0 0 -23.75 43.28 -15.8 -57.76 55.68 -32.48 0 0 12.8 -75.66 35.2 -66.08 7.12 -0 -0 -21.95 37.37 -31.86
1.7 15.21 -5.83 -172.52 -9.91 -171.8 0 0 0 -5.59 17.54 -41.1 9.94 17.38 59.29 0.35 -2.81 -10.58 0 0.16 0.45 0 0 0 16.09 -10.5 -29.88 -5.75 -14.18 43.98 -0.18 -6.06 -12.48 -0.33 3.71 -10.27 3.62 -0.3 5.09 1.61 -0.45 -8.83 -0.15 -0.72 -12.42 -0.35 -6.31 -9.89 1.89 -8.54 4.43 0.17 -4.18 3.27 0 0 0 37.12 -32.28 -23.15 72.02 -58.74 -44.49 -0 0 -8.97 68.83 -21.57 -43.51 -7.12 0 -0 22.95 -14.47 -30.11 0 0 0 -34.95 37.27 -29.13 -40.21 48.19 -18.59 0 0 13.36 -75.94 35.09 -66.45 7.12 -0 -0 -22.17 37.57 -32.22
1.04 15.62 -6.01 -173.3 -12.43 -171.33 0 0 0 -9.39 15.21 -36.36 7.83 15.99 51.94 0.17 -2.11 -7.33 0.02 0.93 2.56 0 0 0 10.95 -4.98 -25.67 -5.31 -13.72 42.14 0.26 -9.18 -1.45 -0.28 3.42 -9.46 4.89 -0.53 3.04 1.88 -0.88 -9.52 -0.51 -1.1 -11.99 0.34 -6.4 -10.63 0.21 -8.62 5.37 -0.54 -4.25 3.62 0 -0 0 42.51 -28.77 -27.48 60.53 -56.45 -34.78 -0 0 -7.48 70.61 -21.8 -46.53 -7.12 0 -0 23.88 -16.79 -32.15 0 -0 0 -42.64 28.98 -35.39 -27.93 39.05 -10.08 0 0 13.02 -73.09 34.53 -61.79 7.12 -0 -0 -20.77 34.12 -29.89
0.35 15.99 -6.12 -174.2 -15.79 -170.95 0 0 0 -13.34 12.33 -31.61 5.9 14.33 44.59 0.08 -0.01 -5.21 0.14 2.38 6.55 0 0 0 5.42 2.94 -24.56 -6.81 -15.17 48.14 -0.15 -14.09 11.56 -0.24 -3.15 8.69 5.63 -1.02 1.54 2.52 -1.65 -9.94 -0.15 -1.56 -11.6 0.92 -6.08 -12.15 -1.65 -8.12 6.92 -1.33 -4.07 4.37 0 -0 0 45.29 -25.11 -29.6 54.48 -54.65 -29.79 -0 0 -6.02 71.65 -22.1 -48.6 -7.12 0 -0 24.4 -18.46 -33.37 0 -0 0 -46.08 18.25 -33.11 -21.48 32.38 -6.3 0 0 12.25 -69.15 33.65 -55.5 7.12 -0 -0 -18.97 29.41 -26.76
-0.25 16.25 -6.17 -175.52 -18.99 -170.83 0 0 0 -16.96 9.79 -26.7 4.37 12.64 38.04 0 1.82 -2.93 0.16 2.58 7.12 0 0 0 0.16 12.01 -27.16 -11.88 -18.34 65.62 -0.72 -16.66 17.93 -2.36 -9.58 27.62 4.3 -1.52 1.21 3.13 -2.39 -9.93 1.31 -1.76 -11.33 1.34 -5.62 -12.93 -2.85 -7.45 8.03 -1.63 -3.8 4.34 0 -0 0 47.13 -21.7 -31.16 52.14 -53.82 -27.89 -0 0 -3.87 72.28 -22.39 -50.01 -7.12 0 -0 24.68 -19.64 -34.11 0 -0 0 -45.27 5.15 -21.28 -19.52 30.06 -5.29 0 0 11.9 -66.56 33.69 -51.98 7.12 -0 -0 -17.59 27.08 -24.43
-0.76 16.37 -6.21 -178.22 -22.35 -170.62 0 0 0 -21.08 7.04 -21.09 3.17 10.96 32.14 -0.01 2.16 -0.57 0.07 1.67 4.59 0 0 0 -5.94 18.75 -32.46 -20.18 -20 90.54 -0.43 -18.11 16.36 -3.46 -11.41 33.68 0.97 -2.22 2.02 3.09 -3.46 -9.91 3.27 -1.92 -11.61 1.15 -4.86 -12.74 -3.22 -6.36 9.11 -1.66 -3.3 4.66 -0 0 0 48.44 -19.71 -31.96 51.93 -53.75 -27.72 -0 0 -2.35 72.88 -22.85 -51.58 -7.12 0 -0 24.91 -21.02 -34.78 -0 0 0 -41.47 -6.53 -5.46 -20.06 30.71 -5.56 0 0 13.36 -66.42 34.41 -52.32 7.12 -0 -0 -17.21 27.71 -23.95
-1.28 16.39 -6.24 -180.85 -26.17 -170.21 0 0 0 -24.6 3.76 -15.69 2.37 9.6 27.69 0 1.18 1.39 0.03 1.12 3.07 0 0 0 -12.56 22.78 -38.84 -27.96 -18.41 113.89 -0.37 -15.03 14.27 -3.45 -11.39 33.62 -1.54 -2.83 3.24 2.8 -4.46 -10.06 4.57 -2.13 -12.34 1.33 -3.5 -13.19 -4.61 -4.4 11.98 -2.05 -2.47 5.65 0 0 0 48.48 -19.27 -31.91 54.29 -54.59 -29.64 -0 0 -2.03 73.9 -23.72 -54.34 -7.12 0 -0 25.3 -23.47 -35.88 0 0 0 -35.8 -15.98 11.57 -22.75 33.81 -7 0 0 13.62 -67.22 35.33 -54.01 7.12 -0 -0 -17.23 29.33 -24.14
-1.82 16.31 -6.26 -181.76 -29.2 -170.22 0 0 0 -26.58 1.8 -12.77 2.22 9.31 26.76 0.01 -0.72 1.83 0.03 1.1 3.03 0 0 0 -17.86 25.26 -46.66 -32.68 -15.59 129.94 -0.4 -7.93 11.82 -3.25 -11.1 32.6 -1.95 -3.07 4.31 2.99 -4.78 -10.14 5.16 -2.18 -13.03 2.85 -1.45 -13.87 -7.41 -1.52 15.18 -3.03 -1.32 6.83 -0 0 0 46.81 -19.47 -30.86 59.06 -56.06 -33.56 -0 0 -0.97 75 -24.33 -56.96 -7.12 0 -0 25.83 -25.68 -37.12 -0 0 0 -28.4 -22.88 27.14 -27.18 38.35 -9.61 0 0 12.38 -67.96 35.84 -55.34 7.12 -0 -0 -17.38 30.48 -24.47
-2.36 16.14 -6.24 -182.04 -30.39 -170.02 0 0 0 -28.51 1.83 -12.78 2.55 9.92 28.72 -0.02 -2.6 0.44 0.03 1.06 2.91 0 0 0 -19.26 27.04 -56.45 -34.45 -13.98 136.85 -0.31 -3.51 9.82 -2.86 -10.46 30.49 -1.93 -2.82 4.78 3.42 -4.37 -10.03 5.6 -1.94 -13.19 4.94 0.74 -14.27 -9.71 1.44 17.55 -3.93 -0.09 7.88 -0 -0 0 44.7 -19.64 -29.12 63.81 -57.24 -37.53 -0 -0 0.49 76.14 -24.66 -59.41 -7.12 0 -0 26.5 -27.63 -38.51 -0 -0 0 -18.68 -26.94 39.89 -33.51 43.72 -13.77 0 0 10 -68.11 36.39 -55.89 7.12 -0 -0 -17.21 31.14 -24.27
-2.91 15.88 -6.19 -183.34 -30.28 -169.25 0 0 0 -31.88 2.46 -13.51 3.05 10.77 31.5 -0.01 -3.74 -2.01 0.01 0.62 1.7 0 0 0 -15.4 30.04 -64.46 -33.76 -14.65 134.08 -0.2 0.82 8.83 -2 -8.87 25.39 -3.08 -2.22 5.06 3.74 -3.61 -9.7 6.48 -1.43 -12.99 6.1 2.36 -14.24 -10.66 3.65 18.95 -4.25 0.88 8.56 -0 0 0 42.84 -20.02 -27.29 66.6 -57.83 -39.89 -0 -0 2.25 77.27 -24.75 -61.65 -7.12 0 -0 27.26 -29.32 -39.99 -0 0 0 -7.01 -27.29 49.57 -42.19 49.31 -20.08 0 0 8.31 -66.58 37 -54.26 7.12 -0 -0 -16.15 30.42 -22.65
-3.48 15.52 -6.14 -184.64 -29.69 -168.96 0 0 0 -35.57 3.33 -13.83 3.65 11.68 34.62 0.09 -4.1 -5.57 0 0.06 0.18 0 0 0 -7.85 32.73 -67.94 -30.83 -16.91 123.33 0.08 7.4 8.35 -0.74 -5.49 15.31 -4.04 -1.41 5.84 4 -2.52 -9.18 7.17 -0.78 -12.98 6.36 3.31 -14.18 -10.95 5 19.99 -4.26 1.46 9.05 0 0 0 41.61 -20.92 -26.03 67 -57.9 -40.22 -0 -0 5.42 78.69 -24.88 -64.58 -7.12 0 -0 28.28 -31.53 -41.91 0 0 0 6.09 -22.72 57.55 -52.73 54.04 -28.37 0 0 5.52 -63.62 37 -50.5 7.12 -0 -0 -14.68 28.02 -20.28
-4.06 15.12 -6.09 -184.95 -28.78 -169.19 0 0 0 -38.57 5.54 -14.29 4.23 12.46 37.39 0.31 -4.07 -9.85 0.03 1.08 2.97 0 0 0 2.66 32.41 -67.47 -26 -19.11 107.79 0.45 12.5 8.99 -0.2 -2.85 7.86 -3.75 -0.21 6.47 4.32 -0.77 -8.49 7.08 0.06 -12.83 5.99 3.55 -14.52 -11.24 5.51 20.59 -4.25 1.59 9.37 0 -0 0 41.56 -22.08 -26.18 65.92 -57.69 -39.31 -0 -0 8.16 80.41 -25.6 -68.63 -7.12 0 -0 29.44 -34.82 -44.02 0 -0 0 18.98 -13.18 64.97 -64.18 57.32 -37.84 0 0 0.6 -60.07 36.36 -45.84 7.12 -0 -0 -13.21 24.73 -17.86
-4.67 14.73 -6.07 -185.32 -27.79 -168.72 0 0 0 -41.8 9.28 -15 4.44 12.73 38.36 0.56 -4.62 -13.34 0.2 2.88 7.93 0 0 0 14.13 28.04 -64.74 -20.02 -20 90.07 0.59 14.57 11.3 -0.13 -2.32 6.38 -3.25 1.26 6.18 4.48 1.33 -8.01 6.57 1.01 -12.4 5.23 3.21 -14.31 -11.2 5.2 20.31 -4.14 1.41 9.18 -0 -0 0 42.78 -23.83 -27.62 63.6 -57.19 -37.35 -0 -0 9.91 81.8 -26.7 -72.22 -7.12 0 -0 30.25 -37.9 -45.38 -0 -0 0 31.01 1.24 71.37 -73.37 58.93 -45.65 0 -0 -9.15 -52.55 32.51 -35.06 7.12 -0 -0 -10.9 15.65 -13.64
-5.29 14.34 -6.12 -186 -27.77 -167.23 0 0 0 -45.07 13.03 -15.08 4.24 12.47 37.43 0.83 -6.1 -16.25 0.31 3.61 9.97 0 0 0 25.08 20.58 -62.45 -14.49 -19.26 73.69 0.42 13.46 12.65 -0.09 -1.96 5.39 -2.9 2.16 5.15 4.27 2.56 -8.06 5.94 1.54 -11.97 5.22 2.91 -14.27 -10.97 4.76 20.41 -4.12 1.24 9.16 -0 -0 0 44.67 -25.07 -28.8 61.23 -56.63 -35.36 -0 -0 11.7 82.49 -27.19 -73.91 -7.12 0 -0 30.68 -39.33 -46.05 -0 -0 0 44.99 19.36 76.5 -73.52 58.95 -45.78 0 -0 -25.97 -40.69 23.77 -19.12 7.12 -0 -0 -6.86 -0.02 -6.91
-5.92 13.96 -6.23 -186.63 -29.83 -165.29 0 0 0 -47.31 15.23 -13.51 3.87 11.99 35.69 1.04 -8.28 -18.28 0.35 3.78 10.45 0 0 0 33.78 13.2 -62.27 -11.01 -17.94 62.82 0.07 6.78 7.73 -0 -0.38 1.04 -2.23 2.56 3.61 4.05 3.1 -8.55 5.27 1.69 -11.59 4.95 2.36 -14.54 -10.7 4.03 21.07 -4.09 0.88 9.36 -0 0 0 46.43 -26.65 -29.74 59.95 -56.3 -34.3 -0 -0 11.11 80.93 -27.07 -70.67 -7.12 0 -0 29.34 -36.93 -43.86 -0 0 0 61.71 35.05 80.13 -62.87 57.03 -36.74 0 -0 -49.07 -26.77 8.25 -4.14 7.12 -0 -0 0.07 -20.75 0.04
-6.61 13.62 -6.41 -187.48 -34.09 -163.35 0 0 0 -48.13 16.06 -10.18 3.6 11.6 34.34 0.94 -10.8 -17.79 0.53 4.68 12.98 0 0 0 36.8 9.2 -63.07 -9.96 -17.39 59.35 0 -1.11 0.73 -0.5 -4.53 12.58 -1.26 2.74 1.85 3.79 3.33 -9.05 4.46 1.68 -11.03 4.27 1.48 -15.37 -9.81 2.82 22.18 -3.84 0.32 9.77 0 0 0 47.98 -29.59 -31.48 60.18 -56.36 -34.49 -0 -0 9.19 75.71 -26.3 -60.12 -7.12 0 -0 25.69 -28.93 -37.3 0 0 0 78.56 45.1 81.23 -50.28 53.11 -26.4 0 -0 -82.08 -24.11 -8.9 3.96 7.12 -0 -0 2.46 -39.71 0.32
-7.39 13.35 -6.61 -188.07 -39.02 -162.12 0 0 0 -47.43 16.32 -6.16 3.6 11.61 34.37 0.42 -13.18 -13.85 0.67 5.24 14.59 0 0 0 33.53 10.05 -63.22 -10.92 -17.9 62.53 -0.13 -3.29 -8.86 -1.71 -8.23 23.4 -0.04 2.89 0.63 3.85 3.55 -9.49 3.85 1.66 -10.72 3.62 0.74 -16.11 -8.75 1.74 23.14 -3.53 -0.13 10.15 0 -0 0 48.08 -33.75 -32.1 63.33 -57.13 -37.13 -0 -0 4.95 64.53 -22.41 -38.67 -7.12 0 -0 20.4 -11.48 -25.54 0 -0 0 90.64 51.11 82.93 -38.93 47.42 -17.65 0 -0 -94.5 -29.87 -15.54 8.75 7.12 -0 -0 -2.14 -47.75 0.15
-8.22 13.19 -6.8 -186.97 -43.26 -163.1 0 0 0 -44.59 16.13 -3.64 4.42 12.71 38.27 -0.39 -14.95 -5.42 0.4 4.05 11.21 0 0 0 29.53 12.37 -62.63 -12.69 -18.67 68.15 -0.45 -6.22 -16.42 -1.55 -7.86 22.28 1.64 3.03 0.57 4.64 3.85 -9.62 3.75 1.68 -10.8 3.55 0.45 -16.56 -7.74 1.14 23.85 -3.26 -0.3 10.44 -0 -0 0 45.6 -39.05 -29.1 72.28 -58.78 -44.72 -0 0 -2.87 49.35 -13.79 -15.51 -7.12 0 -0 14.31 9.84 -12.05 -0 -0 0 91.95 55.4 89.31 -35.05 44.85 -14.85 0 -0 -82.01 -30.32 -21.82 12.26 7.12 -0 -0 -1.63 -54.86 0.4
-9.01 13.17 -7.01 -184.6 -46.51 -166.14 0 0 0 -39.9 15.39 -4.8 6.72 15.09 47.79 -0.63 -14.58 10.08 0.23 3.07 8.47 0 0 0 27.61 13.42 -60.34 -14.21 -19.18 72.83 -0.6 -8.28 -19.88 -0.97 -6.28 17.58 2.38 2.84 1.65 5.9 3.79 -9.09 4.68 1.65 -10.92 3.79 0.45 -17.2 -6.15 0.7 24.28 -2.79 -0.28 10.69 -0 0 0 40.15 -44.18 -20.59 88.83 -59.99 -58.99 -0 0 -12.35 37.31 -4.65 -3.54 -7.12 0 -0 7.91 24.14 -4.02 -0 0 0 84.59 57.88 91.88 -41.18 48.75 -19.32 0 -0 -74.25 -24.08 -27.36 11.6 7.12 -0 -0 7.14 -59.38 -2.52
-9.72 13.21 -7.23 -182.66 -49.23 -169.09 0 0 0 -34.99 13.53 -10.61 11.1 17.98 63.09 0.12 -12.27 18.89 0.01 0.77 2.13 0 0 0 26.89 12.88 -56.8 -15.06 -19.41 75.43 -0.8 -9.09 -22.57 -0.45 -4.3 11.92 1.91 2.24 3.06 6.58 3.13 -8.07 5.71 1.44 -10.65 4.04 0.67 -18.07 -3.91 0.39 24.1 -2.07 -0.09 10.77 -0 -0 0 32.53 -46.14 -6.22 107.47 -58.82 -75.07 -0 0 -17.85 32.17 -1.99 -1.25 -7.12 0 -0 4.3 27.63 -1.82 -0 -0 0 72.81 58.7 88.88 -54.33 54.6 -29.67 0 -0 -60.97 -12.86 -20.94 4.66 7.12 -0 -0 15.75 -50.74 -2.28
-10.36 13.28 -7.45 -179.65 -51.65 -172.37 0 0 0 -29.09 11.81 -20.26 17.27 19.82 81.98 -0.16 -10.14 11.51 0.23 -3.08 -8.51 0 0 0 27.94 10.95 -53.24 -15.32 -19.47 76.2 -1.18 -8.72 -25.35 -0.33 -3.69 10.21 2.71 1.63 4.29 6.55 2.49 -6.91 5.24 1.1 -9.98 4.55 1.14 -18.83 -2 0.42 23.29 -1.44 0.23 10.62 -0 -0 0 23.5 -43.62 10.43 118.73 -56.64 -84.6 -0 0 -13.83 30 -5.42 -3.12 -7.12 0 -0 2.45 23.72 -1.26 -0 -0 0 57.06 57.63 80.62 -70.97 58.59 -43.6 0 -0 -32.22 -12.14 -6.24 1.34 7.12 -0 -0 12.22 -36.13 2.72
-10.98 13.38 -7.64 -174.91 -53.28 -176.71 0 0 0 -21.56 11.92 -32.18 23.06 19.77 98.99 -0.11 -6.06 3.58 0.02 -0.85 -2.34 0 0 0 30.36 8.43 -49.62 -15.08 -19.41 75.46 -1.43 -8.11 -26.84 -0.13 -2.36 6.49 5.01 1.14 5.69 6.31 2.13 -5.94 3.69 0.77 -9.61 4.72 1.82 -18.98 -0.32 0.92 22.25 -0.78 0.69 10.29 0 0 0 13.6 -36.8 24.74 119.37 -56.47 -85.14 -0 0 -9.83 32.35 -7.99 -5.03 -7.12 0 -0 3.96 20.55 -2.32 0 0 0 40.77 51.84 68.44 -88.53 59.99 -58.72 0 -0 -0.99 -19.19 7.54 -2.62 7.12 -0 -0 5.55 -22.01 3.08
-11.58 13.52 -7.83 -171.57 -53.69 -179.87 0 0 0 -14.93 13.15 -44.02 26.45 18.97 109.19 -0.06 -4.46 -0.08 0.11 2.1 5.78 0 0 0 31.62 6.32 -45.95 -14.73 -19.32 74.41 -1.59 -6.92 -27.18 -0.02 -0.83 2.28 6.35 0.83 7.02 5.38 1.95 -5.12 1.92 0.6 -9.41 4.88 2.65 -18.8 1.84 1.51 21.38 0.03 1.23 9.96 0 0 0 5.72 -27.43 31.36 107.48 -58.81 -75.07 -0 0 -9.66 34.54 -6.57 -4.51 -7.12 0 -0 5.68 22.03 -3.15 0 0 0 29.69 40.27 57.91 -98.95 59.7 -67.74 0 0 15.18 -34.12 21.37 -13.87 7.12 -0 -0 -3.37 -4.72 -3.09
-12.22 13.7 -8.04 -169.99 -53.12 -181.37 0 0 0 -9.95 13.42 -53.65 27.19 18.71 111.47 -0.02 -3.37 -1.16 0.66 5.21 14.51 0 0 0 31.91 4.64 -41.84 -14.21 -19.18 72.83 -1.8 -5.27 -27.7 -0.03 -1.08 2.97 6.39 0.96 7.8 4.11 2.17 -4.61 0.48 0.71 -9.25 4.79 3.42 -18.47 4.21 2.01 20.99 0.94 1.71 9.75 0 0 0 -0.31 -19.69 30.92 83 -59.81 -53.95 -0 0 -12.47 31.45 0.49 0.3 -7.12 0 -0 3.87 30.54 -1.37 0 0 0 25.07 25.28 49.99 -92.05 59.98 -61.77 0 0 15.36 -53.47 31.11 -34.89 7.12 -0 -0 -11.84 14.58 -14.71
-12.92 13.97 -8.24 -170.3 -51.89 -181.17 0 0 0 -6.47 12.84 -59.16 26.02 19.11 107.84 0 0 -0.55 0.88 5.99 16.74 0 0 0 30.83 3.46 -37.69 -13.47 -18.95 70.58 -1.5 -6 -26.02 -0 0.35 -0.95 5.61 1.31 7.98 2.63 2.52 -4.42 -0.73 0.92 -9.08 4.51 4.29 -18.33 6.19 2.75 21.27 1.78 2.24 9.8 0 0 0 -4.86 -14.63 27.97 57.99 -55.75 -32.67 -0 0 -17.56 24.78 6.57 3.02 -7.12 0 -0 -1.68 37.21 0.32 0 0 0 25.85 11.85 42.33 -67.68 58.03 -40.8 0 0 6.56 -61.62 32.37 -44.74 7.12 -0 -0 -15.56 21.57 -20.78
-13.67 14.34 -8.44 -172.83 -50.45 -179.12 0 0 0 -5.06 10.93 -60.09 22.91 19.8 98.53 0.01 2.88 -4.54 0.07 1.73 4.77 0 0 0 27.47 3.95 -33.95 -12.93 -18.76 68.89 -0.81 -6.87 -20.85 -0.06 1.55 -4.26 3.77 1.62 7.85 0.82 2.63 -4.36 -1.65 1.06 -8.9 4.19 5.28 -18.37 7.89 3.76 21.23 2.56 2.87 9.75 0 -0 0 -7.67 -11 26.42 43.75 -50.14 -21.27 -0 0 -22.88 18.43 9.98 3.31 -7.12 0 -0 -7.55 40.38 0.86 0 -0 0 29.43 2.07 35.69 -46.32 51.4 -23.27 0 -0 -14.33 -58.72 29.06 -38.64 7.12 -0 -0 -15.24 15.56 -19.36
-14.46 14.72 -8.6 -175.69 -49.06 -176.89 0 0 0 -5.13 8.46 -57.31 18.14 19.92 84.55 -0.08 7.12 -8.11 0.18 2.73 7.53 0 0 0 23.71 5.25 -31.78 -12.98 -18.77 69.06 -0.05 -8.5 -13.05 -0 0.09 -0.25 2.06 1.9 7.64 -0.79 2.69 -4.17 -2.39 1.15 -8.57 4.53 6.3 -18.51 7.69 5.23 20.25 2.61 3.55 9.4 -0 0 0 -10.13 -8.64 27.15 36.27 -45.7 -15.71 -0 0 -23.93 16.07 10.78 3.08 -7.12 0 -0 -9.74 40.99 0.97 -0 0 0 32.7 -6.02 30.3 -36.95 46.16 -16.21 0 -0 -29.74 -53.2 23.73 -28.28 7.12 -0 -0 -13.95 5.35 -15.64
-15.26 15.01 -8.74 -178.16 -47.8 -175.18 0 0 0 -6.03 6 -51.56 13.06 18.8 69.3 -0.34 11.29 -9.28 0.31 3.59 9.92 0 0 0 20.32 7.16 -31.69 -13.88 -19.08 71.83 0.48 -12.24 -3.69 -0.35 -3.82 10.57 0.77 1.99 7.24 -1.61 2.59 -3.88 -2.49 1.16 -8.04 5.73 7.66 -17.73 4.99 7.66 18.58 1.73 4.47 8.79 -0 -0 0 -13.84 -7.84 28.02 31.06 -41.79 -12.11 -0 0 -22.8 15.07 11.45 3.06 -7.12 0 -0 -10.76 41.58 0.92 -0 -0 0 34.03 -12.07 28.28 -33 43.33 -13.42 0 -0 -34.25 -47.07 18.59 -18.92 7.12 -0 -0 -11.81 -4.17 -11.16
-16.09 15.08 -8.85 -180.21 -46.03 -173.96 0 0 0 -7.45 3.7 -43.95 8.98 16.79 56.02 -0.18 7.58 -3.61 0.03 -1.03 -2.82 0 0 0 17.52 9.37 -33.73 -15.61 -19.53 77.07 0.55 -14.51 1.42 -1.17 -6.88 19.36 -0.19 2.03 6.51 -1.94 2.51 -3.77 -2.25 1.16 -7.54 6.88 8.96 -16.75 2.69 9.81 17.53 1 5.32 8.43 -0 -0 0 -18.13 -8.93 27.41 27.17 -38.34 -9.61 -0 0 -25.8 13.56 14.85 3.54 -7.12 0 -0 -12.96 44.84 0.05 -0 -0 0 34.58 -15.52 27.9 -30.61 41.41 -11.81 0 -0 -37.79 -41.96 14.4 -12.61 7.12 -0 -0 -9.55 -11.13 -7.64
-16.93 14.94 -8.91 -181.35 -43.5 -173.69 0 0 0 -9.63 2.99 -36.96 7.28 15.56 49.93 0.02 4.27 -6.79 0.56 -4.79 -13.32 0 0 0 16.11 11.14 -37.33 -17.2 -19.81 81.79 0.25 -9.23 -0.37 -0.86 -5.92 16.56 -0.46 1.88 6.36 -1.88 2.28 -4.09 -2.02 1.06 -7.81 8.12 10.28 -15.9 1.41 11.68 16.97 0.58 6.16 8.29 0 0 0 -21.79 -10.31 25.03 24.59 -35.78 -8.05 -0 0 -30.51 11.1 19.48 3.74 -7.12 0 -0 -16.8 49.05 -1.72 0 0 0 34.9 -16.1 26.28 -28.5 39.57 -10.44 0 -0 -42.01 -37.49 11.02 -8.34 7.12 -0 -0 -7.18 -16.26 -4.92
-17.71 14.7 -8.94 -181.65 -40.61 -174.1 0 0 0 -11.64 3.28 -32.69 7.45 15.7 50.55 0.46 4.89 -15.57 1.01 -6.39 -17.91 0 0 0 17.17 12.06 -41.89 -17.67 -19.87 83.17 -0.05 -3.45 -6.83 -0.19 -2.8 7.72 -0.61 1.66 7.45 -1.25 1.98 -4.84 -1.29 0.92 -9.3 9.25 11.66 -14.05 0.33 13.74 15.22 0.18 7.11 7.6 0 -0 0 -24.17 -12.4 21.23 22.59 -33.64 -6.91 -0 0 -35.98 8.56 25.9 3.76 -7.12 0 -0 -22.47 54.69 -5.56 0 -0 0 34.23 -15.47 25.33 -27.19 38.36 -9.62 0 -0 -47.05 -34.58 7.19 -4.93 7.12 -0 -0 -5.64 -21.28 -3.22
-18.42 14.52 -9.02 -182.66 -37.72 -173.13 0 0 0 -14.32 3.95 -31.7 8.33 16.36 53.74 0.88 5.67 -20.62 0.96 -6.25 -17.51 0 0 0 19.57 12.08 -46.75 -16.56 -19.71 79.91 -0.55 -1.31 -14.51 -0.03 1.08 -2.96 -1.74 1.79 7.18 -0.87 2.02 -5.55 -0.26 1.02 -9.98 9.29 12.76 -13.12 0.49 15.32 12.87 0.27 7.87 6.73 -0 -0 0 -23.61 -16.44 15.47 21.31 -32.19 -6.22 -0 0 -42.45 8.49 33.27 4.68 -7.12 0 -0 -28.27 61.28 -11.73 -0 -0 0 33.93 -15.39 24.17 -25.77 36.98 -8.75 0 -0 -50 -32.31 3.44 -2.18 7.12 -0 -0 -4.31 -25.9 -2
-19.1 14.47 -9.19 -183.45 -35.61 -172.27 0 0 0 -16 4.98 -32.32 9.8 17.29 58.8 0.77 4.58 -18.82 1.21 -6.97 -19.63 0 0 0 23.23 10.73 -49.05 -13.78 -19.05 71.52 -1.09 1.02 -19.45 -0.57 4.84 -13.45 -2.62 2.02 6.01 -0.57 2.24 -6.02 0.54 1.18 -9.86 8.62 13.61 -13.2 1.14 16.49 10.22 0.57 8.43 5.81 0 -0 0 -20.07 -21.15 8.05 21.57 -32.49 -6.35 -0 0 -50.11 14.48 37.39 8.91 -7.12 0 -0 -26.47 66.46 -14.11 0 -0 0 33.79 -16.52 22.68 -24.63 35.83 -8.07 0 -0 -51.48 -27.24 0.76 -0.39 7.12 -0 -0 -0.53 -29.12 -0.2
-19.75 14.47 -9.4 -182.7 -34.43 -173.84 0 0 0 -14.04 6.85 -34.51 12.63 18.65 67.98 0.24 -0.94 -8.98 0.91 -6.09 -17.04 0 0 0 27.88 8 -47.15 -10.53 -17.7 61.25 -1.22 2.95 -20.13 -1.11 6.68 -18.77 -2.43 2.25 6.35 0.28 2.63 -6.2 1.28 1.4 -10.31 8.56 14.35 -13.92 1.22 17.41 8.25 0.66 8.84 5.3 -0 -0 0 -13.37 -26.16 0.29 22.35 -33.38 -6.78 -0 0 -56.1 20.25 40.17 13.38 -7.12 0 -0 -23.7 70.67 -14.78 -0 -0 0 32.7 -18 22.01 -23.94 35.1 -7.67 0 -0 -53.49 -22.26 -1.08 0.44 7.12 -0 -0 3.44 -31.14 1.17
-20.37 14.36 -9.66 -181.58 -33.63 -176 0 0 0 -9.32 9.37 -39.26 16.6 19.72 80.02 -0.16 -7.29 0.65 0.46 -4.37 -12.12 0 0 0 30.93 5.56 -43.62 -8.44 -16.43 54.13 -1 3 -18.16 -0.13 2.34 -6.45 -2.85 2.49 6.95 1.35 2.98 -6.38 2.58 1.65 -10.98 8.87 15.01 -15.31 1.99 17.92 7.43 0.96 9.1 5.22 0 -0 0 -2.49 -30.74 -9.39 23.62 -34.75 -7.49 -0 0 -59.98 27.54 43.42 19.71 -7.12 0 -0 -20.11 76.11 -14.82 0 -0 0 30.66 -18.79 20.91 -22.84 33.91 -7.05 0 -0 -52.45 -20.6 -1.78 0.67 7.12 -0 -0 4.8 -31.86 1.55
-20.93 14.15 -9.93 -181.75 -32.82 -177.57 0 0 0 -4.65 12.32 -44.3 19.65 20 88.99 -0.04 -3.81 0.2 0.07 -1.72 -4.75 0 0 0 31.17 3.8 -41.07 -8.49 -16.47 54.3 -0.97 2.12 -18.01 -0.68 -5.26 14.66 -5.37 2.67 8.15 2.19 2.94 -6.65 4.88 1.91 -12.26 8.93 15.54 -16.32 3.44 18.24 6.46 1.42 9.3 4.93 -0 -0 0 11.27 -32.87 -22.34 26.21 -37.42 -9.02 -0 0 -60.88 36.26 43.23 26.68 -7.12 0 -0 -3.83 79.34 -3.06 -0 -0 0 27.93 -18.17 18.19 -21.28 32.15 -6.2 0 -0 -48.94 -20.72 -1.34 0.51 7.12 -0 -0 4.68 -31.39 1.56
-21.42 13.91 -10.17 -182.22 -31.1 -178.77 0 0 0 -0.08 14.49 -48.72 20.43 20 91.27 0.06 1.32 -5.23 0.2 2.87 7.93 0 0 0 29.82 4.48 -40.01 -10.02 -17.42 59.56 -1.25 0.95 -20.85 -1.08 -6.61 18.55 -8.39 2.95 10.42 2.76 2.75 -7.21 7.25 2.24 -14.6 9.36 15.96 -15.34 3.91 18.77 3.88 1.34 9.48 3.96 -0 -0 0 24.77 -31.65 -35.13 30.26 -41.12 -11.58 -0 0 -55.28 39.85 38.33 27.37 -7.12 0 -0 9.99 75.63 7.21 -0 -0 0 25.32 -16.46 15.89 -20.68 31.45 -5.88 0 -0 -48.3 -21.51 -1.32 0.52 7.12 -0 -0 4.05 -31.39 1.35
-21.94 13.7 -10.36 -180.48 -28.63 -179.61 0 0 0 5.65 15.04 -52.58 18.84 19.97 86.6 0.17 -0.08 -7.76 0.09 1.96 5.4 0 0 0 30.18 6.8 -39.52 -11.37 -18.11 63.96 -1.62 0.12 -24.06 -0.82 -5.79 16.16 -8.48 3.06 11.16 3.59 2.87 -7.82 8.25 2.43 -15.93 8.67 16.24 -15.53 4.61 19.16 2.27 1.57 9.62 3.35 0 -0 0 35.69 -26.68 -43.18 36.85 -46.09 -16.13 -0 0 -47.23 43.44 29.66 25.11 -7.12 0 -0 18.1 67.26 9.82 0 -0 0 23.55 -15.07 15.26 -21.61 32.54 -6.38 0 -0 -50.78 -22.66 -1.23 0.51 7.12 -0 -0 3.12 -31.3 1.05
-22.45 13.65 -10.59 -180.06 -27.8 -178.88 0 0 0 7.93 12.82 -54.28 14.96 19.38 75.13 0.23 -0.85 -8.74 0.01 -0.76 -2.08 0 0 0 29.1 8.59 -39.02 -12.11 -18.44 66.35 -1.93 -0.9 -26.61 -0.58 -4.87 13.54 -9.12 2.82 10.55 3.99 2.41 -8.63 9.26 2.36 -16.54 7.97 16.24 -16.95 4.79 19.08 2.09 1.79 9.57 3.42 0 0 0 41.29 -20.27 -46.27 49 -52.58 -25.38 -0 0 -40.23 47.45 19.57 20.04 -7.12 0 -0 21.62 56.37 6.23 0 0 0 22.37 -15.64 15.97 -23.17 34.27 -7.23 0 -0 -52.25 -22.08 -1.08 0.44 7.12 -0 -0 3.58 -31.13 1.22
-22.91 13.71 -10.84 -180.59 -28.84 -178.17 0 0 0 7.6 9.13 -52.95 9.87 17.34 59.07 0.3 1.87 -11.22 0.1 -2.02 -5.55 0 0 0 27.33 8.83 -37.5 -12.27 -18.5 66.84 -2.13 -2.46 -28.53 -0.39 -4.01 11.09 -10.38 2.32 10.02 4.05 1.45 -9.37 10.35 2.11 -16.99 6.72 16.09 -18.18 5.73 18.89 1.49 2.24 9.48 3.21 -0 0 0 40.78 -14.35 -46.49 71.44 -58.66 -44 -0 0 -32.74 50.65 12.23 14.49 -7.12 0 -0 22.78 47.48 1.47 -0 0 0 22.67 -17.02 15.48 -24.4 35.59 -7.94 0 -0 -52.32 -21.65 -0.59 0.24 7.12 -0 -0 3.9 -30.61 1.37
-23.4 13.83 -11.09 -180.3 -30.1 -178.42 0 0 0 7.34 5.15 -48.25 5.07 13.46 41.13 0.38 7.7 -16.98 0.12 -2.25 -6.21 0 0 0 26.52 7.98 -34.74 -11.9 -18.35 65.68 -2.24 -3.71 -29.76 -0.23 -3.07 8.49 -10.02 1.91 9.39 3.96 0.87 -10.12 10.2 1.81 -17.36 5.78 15.78 -17.33 6.73 18.72 -0.9 2.65 9.32 2.47 0 0 0 37.67 -10.64 -44.36 98.33 -59.74 -67.21 -0 0 -25.1 53.12 11.46 14.84 -7.12 0 -0 25.09 46.98 1.3 0 0 0 24.87 -18.35 13.51 -24.55 35.74 -8.02 0 -0 -51.12 -22.05 0.43 -0.17 7.12 -0 -0 3.55 -29.51 1.34
-23.92 13.97 -11.3 -179.91 -30.55 -179.39 0 0 0 8.35 -1.51 -39.57 2.04 8.94 25.62 0.78 15.23 -28.26 0.01 0.68 1.87 0 0 0 25.68 6.38 -31.09 -11.33 -18.09 63.85 -2.33 -3.9 -30.43 -0.1 -2.04 5.63 -8.34 1.64 8.59 3.82 0.75 -10.53 9.07 1.5 -17.19 6.76 15.68 -16.64 6.32 18.5 -1.64 2.26 9.15 2.23 0 0 0 33.24 -7.49 -38.03 119 -56.57 -84.82 -0 0 -23.29 54.56 10.84 14.79 -7.12 0 -0 26.31 46.41 0.98 0 0 0 27.29 -18.71 11.44 -23.81 34.96 -7.6 0 -0 -50.41 -22.65 0.77 -0.32 7.12 -0 -0 3.06 -29.14 1.19
-24.47 14.09 -11.45 -179.75 -29.97 -180.48 0 0 0 10.58 -14.62 -29.41 1.1 6.67 18.73 4.53 18.33 -48.99 1.38 7.42 20.98 0 0 0 24.4 4.38 -27.98 -11 -17.94 62.79 -2.32 -3.65 -30.25 -0.01 -0.5 1.38 -5.77 1.68 7.54 3.68 1.23 -10.57 7.29 1.32 -16.47 7.62 15.64 -16.78 5.81 18.28 -0.92 2.04 9.06 2.65 -0 0 0 27.57 -4.29 -26.45 129.35 -53.26 -93.3 -0 0 -14.99 57.19 8.23 12.52 -7.12 0 -0 27.6 43.03 -1.46 -0 0 0 28.93 -18.57 9.88 -23.18 34.28 -7.24 0 -0 -50.49 -23.93 0.96 -0.43 7.12 -0 -0 2.05 -28.92 0.81
-25 14.19 -11.55 -179.97 -28 -180.85 0 0 0 6.17 -16.63 -24.45 1.11 6.69 18.8 5.67 18.84 -53.25 1.45 7.6 21.52 0 0 0 22.75 3.03 -27.17 -11.39 -18.12 64.03 -2.02 -3.5 -28.27 -0.02 0.96 -2.65 -2.89 2.16 6.16 3.35 2.25 -10.5 5.04 1.37 -15.43 8.36 15.67 -16.84 5.52 18.18 0.22 1.93 9.06 3.17 0 0 0 22.31 -1.11 -11.15 129.77 -53.09 -93.64 -0 -0 1.59 61.17 5.16 9.28 -7.12 0 -0 29.45 38.69 -5.11 0 0 0 29.53 -18.36 10.53 -23.14 34.24 -7.22 0 -0 -49.81 -24.53 1.98 -0.9 7.12 -0 -0 1.59 -27.8 0.66
-25.49 14.25 -11.6 -180.85 -24.4 -180.24 0 0 0 3.42 -22.42 -19.09 1.14 6.77 19.04 6.78 21.15 -58 1.44 7.6 21.5 0 0 0 20.48 3.4 -28.87 -12.41 -18.56 67.29 -1.57 -3.51 -25.12 -0.07 1.75 -4.82 -0.6 3.04 4.95 2.78 3.66 -10.31 2.86 1.7 -14.34 9.43 15.86 -16.52 4.96 18.3 1.38 1.54 9.16 3.24 0 0 0 16.93 2.74 4.83 122.98 -55.46 -88.13 -0 -0 17.46 64.19 -0.73 -1.51 -7.12 0 -0 28.07 27.63 -13.41 0 0 0 29.32 -17.44 13.19 -23.6 34.74 -7.48 0 -0 -48.41 -24.56 3.57 -1.63 7.12 -0 -0 1.56 -26.05 0.72
-25.89 14.26 -11.62 -182.12 -19.99 -179.23 0 0 0 2.69 -29.37 -15.17 1.22 7.02 19.77 11.02 15.95 -67.84 3.02 10.72 31.35 0 0 0 18.53 4.42 -31.03 -12.81 -18.71 68.52 -1.39 -4.75 -24.42 -0.08 1.86 -5.13 0.46 4.11 4.51 2.09 5.13 -10.37 1.28 2.22 -14.03 10.2 15.82 -14.49 4.33 18.51 1.26 1.22 9.25 3.44 -0 -0 0 10.36 6.33 17.55 108.41 -58.68 -75.88 -0 -0 31.78 67.67 -8.33 -19.43 -7.12 0 -0 26.31 10.32 -23.91 -0 -0 0 29.01 -16.27 16.32 -23.99 35.15 -7.7 0 -0 -45.73 -24.73 5.88 -2.7 7.12 -0 -0 1.47 -23.51 0.76
-26.14 14.28 -11.64 -183.42 -16.95 -178.17 0 0 0 -0.47 -13.11 -20.65 1.41 7.51 21.24 7.45 12.9 -56.31 2.17 9.22 26.48 0 0 0 17.75 3.56 -31.94 -12.13 -18.45 66.41 -1.49 -7.37 -26.78 -0.01 0.57 -1.58 0.25 4.72 4.46 1.18 5.82 -10.41 0.28 2.5 -13.98 10.39 15.74 -12.84 4.66 18.62 1.7 1.19 9.36 3.28 0 0 0 5.16 7.25 23.82 83.85 -59.86 -54.68 -0 -0 40.09 68.79 -9.57 -23.2 -7.12 0 -0 26.39 6.84 -26.08 0 0 0 29.44 -14.86 19.29 -23.52 34.65 -7.43 0 -0 -43.02 -25.28 7.32 -3.44 7.12 -0 -0 1.11 -21.89 0.61
-26.27 14.32 -11.62 -184.32 -16.37 -177.21 0 0 0 -4.06 -0.4 -27.21 1.68 8.16 23.2 3.66 14.23 -42.99 0.63 5.09 14.16 0 0 0 17.32 0.94 -31.56 -11.02 -17.94 62.83 -1.94 -8.3 -30.35 -0.02 -1.01 2.79 -0.13 4.55 4.76 0.17 5.5 -10.13 -0.58 2.35 -13.74 9.84 15.72 -13.24 5.09 18.6 2.75 1.49 9.42 3.63 0 0 0 1.16 5.58 24.67 58.46 -55.89 -33.06 -0 -0 38.32 67.51 -7.47 -17.42 -7.12 0 -0 26.58 12.27 -23.01 0 0 0 30.5 -13.16 21.21 -22.96 34.04 -7.11 0 -0 -41.93 -24.45 6.63 -3.01 7.12 -0 -0 1.69 -22.7 0.91
-26.4 14.35 -11.56 -183.63 -16.38 -176.74 0 0 0 -5.76 6.16 -34.44 2.65 10.11 29.32 1.73 11.87 -31.53 0 0.07 0.18 0 0 0 17.65 -1.61 -32.15 -10.36 -17.6 60.67 -2.13 -7.36 -31.01 -0.03 -1.12 3.08 1.17 4.34 5.15 -0.28 5.41 -9.65 -1.77 2.19 -13.23 9.74 15.67 -13.8 4.33 18.53 4.2 1.29 9.43 3.83 0 0 0 -2.19 2.2 23.16 40.32 -48.26 -18.68 -0 -0 32.21 64.47 -8.95 -18.05 -7.12 0 -0 24.44 11.09 -21.38 0 0 0 31.02 -11.94 22.77 -23.38 34.5 -7.35 0 -0 -41.21 -22.79 5 -2.09 7.12 -0 -0 2.9 -24.56 1.44
-26.59 14.35 -11.46 -181.62 -14.78 -177.21 0 0 0 -5.19 9.49 -40.91 5 13.39 40.83 1.34 4.92 -24.12 0.42 -4.16 -11.52 0 0 0 18.78 -3.68 -33.37 -10.24 -17.54 60.29 -2.12 -5.03 -29.64 -0.01 -0.46 1.27 3.82 4.54 5.94 0.12 6.15 -8.97 -2.95 2.36 -12.66 9.32 15.57 -13.48 3.58 18.62 5.08 1.16 9.48 4.09 0 0 0 -4.73 -1.18 21.93 28.73 -39.78 -10.59 -0 -0 28.89 60.91 -12.07 -20.6 -7.12 0 -0 21.5 7.49 -20.02 0 0 0 30.14 -10.42 25.66 -24.57 35.76 -8.04 0 -0 -38.09 -18.33 3.5 -1.16 7.12 -0 -0 6.29 -26.29 2.87
-26.83 14.34 -11.35 -180.97 -11.62 -177.93 0 0 0 -6.03 12.41 -44.42 8.32 16.35 53.71 1.23 -3.36 -20.11 1.28 -7.17 -20.21 0 0 0 18.21 -4.79 -33.67 -10.21 -17.53 60.2 -2.14 -2.34 -28.56 -0.01 0.56 -1.53 5.01 4.99 7.34 0.57 7.1 -8.29 -3.37 2.77 -12.61 8.56 15.46 -12.98 3.75 18.68 6.84 1.36 9.58 4.49 -0 -0 0 -6.64 -3.1 21.73 22.41 -33.44 -6.81 -0 -0 27.81 53.8 -15.01 -19.48 -7.12 0 -0 16.65 6.4 -15.37 -0 -0 0 28.62 -8.46 30.89 -27.11 38.29 -9.57 0 -0 -32.65 -11.74 1.68 -0.35 7.12 -0 -0 11.44 -28.19 4.76
-27.11 14.32 -11.29 -181.66 -8.08 -178.47 0 0 0 -8.72 14.18 -44.07 11.11 17.99 63.13 0.72 -11.63 -16.06 1.28 -7.18 -20.26 0 0 0 16.03 -4.77 -33.81 -10.42 -17.64 60.88 -2.16 -0.02 -27.87 -0.05 1.39 -3.82 4.75 5.38 8.07 0.72 7.69 -7.67 -3.21 3.13 -12.34 8.66 15.56 -12.35 3.87 18.84 9.32 1.48 9.75 5.18 -0 0 0 -8.1 -3.55 21.78 19.8 -30.4 -5.43 -0 -0 24.43 40.35 -16.82 -13.81 -7.12 0 -0 8.07 8.52 -6.86 -0 0 0 27.52 -6.31 38.66 -32.06 42.6 -12.78 0 -0 -27.26 -5.81 -0.21 0.02 7.12 -0 -0 16.22 -29.97 6.17
-27.44 14.27 -11.27 -182.12 -4.89 -178.61 0 0 0 -11.84 12.59 -39.73 11.24 18.05 63.57 0.24 -16.15 -13.65 0.45 -4.3 -11.91 0 0 0 14.04 -4.57 -34.84 -10.86 -17.87 62.33 -2.12 1.96 -27.01 -0.08 1.83 -5.03 5.26 5.77 7.32 0.7 8.21 -7.17 -3.47 3.41 -11.19 9.17 15.7 -12.07 4.1 18.89 12.29 1.65 9.87 6.13 0 0 0 -9.14 -3.83 21.3 18.64 -28.97 -4.86 -0 -0 22.67 31.95 -15.52 -9.47 -7.12 0 -0 2.85 11.87 -2.21 0 0 0 27.39 -4.45 46.86 -38.96 47.44 -17.67 0 -0 -18.95 -1.67 -1.75 0.05 7.12 -0 -0 19.66 -31.31 6.95
-27.8 14.22 -11.25 -182.17 -1.93 -178.1 0 0 0 -14.96 8.27 -34.56 9.67 17.22 58.38 1.54 -9.95 -22.32 0.44 -4.26 -11.82 0 0 0 12.74 -5.35 -37.84 -11.65 -18.24 64.89 -1.88 3.75 -25 -0.03 1.19 -3.27 6.68 6.29 6.13 0.56 8.94 -7.06 -4.29 3.69 -10.07 9.67 15.75 -12.05 4.09 18.79 15.32 1.76 9.89 7.17 0 0 0 -9.58 -3.91 21.22 19.01 -29.43 -5.03 -0 -0 22.3 32.06 -13.66 -8.42 -7.12 0 -0 3.16 13.99 -2.3 0 0 0 28.08 -2.98 54.8 -48.23 52.26 -24.77 0 -0 -6.59 -1.08 0.73 -0.01 7.12 -0 -0 19.62 -28.95 8.11
-28.1 14.18 -11.22 -182.45 1.17 -177.68 0 0 0 -16.96 5.23 -32.68 9.21 16.94 56.81 2.19 -3.69 -27.1 0.56 -4.78 -13.28 0 0 0 11.7 -6.33 -41.86 -12.99 -18.78 69.11 -1.48 4.86 -21.9 -0.02 -1.02 2.8 6.86 6.49 5.92 0.59 10.07 -7.06 -4.53 4.61 -9.84 9.76 15.53 -11.34 3.22 18.7 16.62 1.49 9.78 7.58 -0 -0 0 -9.64 -3.03 23.99 23.46 -34.59 -7.4 -0 -0 19.53 30.12 -12.79 -7.32 -7.12 0 -0 1.93 15.28 -1.36 -0 -0 0 29.92 -1.63 61.21 -60.14 56.35 -34.46 0 0 2.24 -5.26 6.27 -0.58 7.12 -0 -0 15.75 -23.7 8.4
-28.28 14.13 -11.18 -183.6 3.61 -178.28 0 0 0 -18.79 6.18 -32.18 9.22 16.95 56.84 2.31 -3.08 -27.97 0.61 -5 -13.89 0 0 0 10.48 -8.51 -45.09 -14.85 -19.35 74.77 -1.38 3.47 -21.33 -0.01 -0.74 2.05 5.11 7.22 6.5 0.47 10.77 -6.56 -3.85 5.03 -9.81 9.61 15.2 -11.62 2.55 18.36 17.66 1.35 9.55 8.02 0 -0 0 -8.27 -0.62 32.65 35.89 -45.43 -15.44 -0 -0 7.33 27.96 -14.13 -7.38 -7.12 0 -0 0.34 14.07 -0.25 0 -0 0 32.98 -0.58 64.88 -75.07 59.14 -47.11 0 0 0.28 -7.32 10.62 -1.36 7.12 -0 -0 13.9 -19.43 8.74
-28.42 14.15 -11.14 -184.31 4.34 -179 0 0 0 -20.13 8.03 -31.41 8.92 16.75 55.81 2.36 -3.05 -28.3 0.83 -5.82 -16.28 0 0 0 9.87 -12.18 -47.13 -16.81 -19.75 80.64 -1.6 1.33 -23.54 -0 -0.18 0.49 3.99 7.44 6.95 0.31 10.84 -6.13 -3.47 5.11 -9.75 9.56 14.68 -12.7 2.61 17.48 19.43 1.44 9.11 8.77 -0 -0 0 -5.54 0.84 43.25 60.63 -56.48 -34.87 -0 0 -0.07 28.05 -16.66 -8.69 -7.12 0 -0 0.15 11.24 -0.11 -0 -0 0 35.26 0.02 67.55 -93.97 59.94 -63.44 0 -0 -1.73 -10.46 15.52 -2.83 7.12 -0 -0 11.55 -14.43 8.48
-28.55 14.2 -11.12 -183.72 3.34 -178.85 0 0 0 -20.14 8.1 -31.51 8.76 16.65 55.26 2.37 -2.91 -28.37 1.02 -6.44 -18.06 0 0 0 9.78 -15.56 -48.58 -18.57 -19.95 85.82 -1.82 -0.83 -25.83 -0.04 -1.22 3.34 4.47 7.1 6.54 0.44 10.43 -6.08 -3.46 4.91 -9.42 9.03 13.68 -14.24 3.21 15.82 21.66 1.7 8.33 9.68 0 0 0 -4.16 -1.03 53.37 99.19 -59.68 -67.95 -0 0 -4.37 24.73 -14.92 -6.76 -7.12 0 -0 -1.91 13.63 1.41 0 0 0 35.07 0.65 68.47 -110.39 58.37 -77.56 0 -0 -1.27 -16.22 23.08 -6.51 7.12 -0 -0 7.99 -6.24 7.14
-28.66 14.24 -11.1 -182.63 1.42 -178.32 0 0 0 -19.6 6.87 -32.06 8.78 16.67 55.33 2.37 -2.73 -28.44 1.09 -6.63 -18.64 0 0 0 9.51 -17.58 -48.62 -19.18 -19.98 87.6 -1.92 -2.55 -27.21 -0.12 -2.24 6.16 5.42 6.28 5.71 0.72 9.45 -6.21 -3.46 4.42 -9.06 8.15 12.27 -15.92 3.98 13.57 23.84 1.98 7.28 10.59 -0 -0 0 -5.5 -3.93 60.42 127.49 -53.96 -91.81 -0 0 -13.83 18.74 -10.62 -3.58 -7.12 0 -0 -5.87 18.81 3.68 -0 -0 0 32.45 1.08 65.01 -117.5 56.94 -83.57 0 -0 -5.71 -21.5 28.79 -10.74 7.12 -0 -0 5.34 0.47 5.41
-28.73 14.28 -11.08 -182.05 -0.32 -177.7 0 0 0 -19.41 5.52 -32.58 8.74 16.64 55.19 2.33 -2.84 -28.17 1.06 -6.53 -18.34 0 0 0 8.86 -16.98 -46.55 -17.09 -19.8 81.46 -1.9 -5.78 -28.64 -0.38 -3.98 11.01 6.03 5.69 5.13 0.61 7.98 -6.49 -3.64 3.36 -9.02 6.83 10.39 -17.45 4.87 10.75 25.44 2.22 5.94 11.28 0 0 0 -8.32 -3.87 58.8 131.84 -52.23 -95.28 -0 0 -18.38 14.45 -8.06 -2.07 -7.12 0 -0 -8.98 21.69 5.08 0 0 0 28.73 0.54 55.76 -110.81 58.3 -77.92 0 -0 -11.52 -22.85 27.33 -10.95 7.12 -0 -0 4.36 -0.78 4.31
-28.74 14.31 -11.09 -182.07 -0.95 -177 0 0 0 -19.57 4.93 -33.16 8.69 16.6 55 2.32 -3.68 -27.92 0.88 -5.97 -16.69 0 0 0 8.08 -13.96 -42.22 -12.62 -18.64 67.95 -1.54 -10.33 -29.18 -0.41 -4.11 11.38 5.8 5.02 4.53 0.34 6.98 -6.67 -3.64 2.88 -8.95 4.59 7.74 -18.85 5.87 7.15 26.11 2.46 4.19 11.63 -0 -0 0 -10.53 -1.4 49.25 117.01 -57.06 -83.16 -0 0 -21.52 11.45 -3.44 -0.7 -7.12 0 -0 -11.49 26.43 5.27 -0 -0 0 24.1 -0.39 45.1 -86.09 59.94 -56.62 0 -0 -17.69 -18.5 20.13 -6.57 7.12 -0 -0 6.37 -8.95 5.33
-28.75 14.28 -11.09 -182.19 -0.5 -176.31 0 0 0 -19.71 4.71 -34.1 8.86 16.72 55.61 2.35 -4.29 -27.99 0.71 -5.38 -15.01 0 0 0 7.53 -12.04 -39.73 -10.33 -17.59 60.58 -1.11 -11.16 -26.81 -0.16 -2.54 7.01 5.55 4.77 4.06 -0.05 6.55 -6.78 -3.84 2.67 -8.81 1.4 4.46 -19.06 7.57 2.98 25.16 2.94 2.18 11.25 -0 0 0 -10.47 0.35 38.34 82.99 -59.81 -53.94 -0 0 -23.64 7.73 1.97 0.27 -7.12 0 -0 -15.02 31.72 5.03 -0 0 0 18.89 0.32 37.75 -50.04 53.01 -26.2 0 -0 -17.23 -11.86 13.38 -2.78 7.12 -0 -0 10.64 -16.47 7.32
-28.78 14.27 -11.08 -182.02 0.47 -175.85 0 0 0 -19.64 4.28 -34.69 9 16.8 56.07 2.3 -4.08 -27.71 0.49 -4.5 -12.49 0 0 0 7.69 -11.71 -40.28 -10.17 -17.5 60.04 -1.04 -9.87 -25.23 -0.1 -2.04 5.62 5.86 4.12 4.29 -0.35 6.45 -6.78 -4.4 2.9 -8.93 -1.92 1.21 -18.68 9.23 -0.93 23.45 3.47 0.26 10.7 -0 -0 0 -7.93 1.31 30.49 48.41 -52.33 -24.91 -0 0 -24.08 6.7 7.52 0.88 -7.12 0 -0 -16.96 37.05 3.44 -0 -0 0 14.36 2.15 33.91 -28.01 39.12 -10.13 0 -0 -11.71 -4.36 5.07 -0.39 7.12 -0 -0 16.54 -24.87 8.39
-28.81 14.33 -11.06 -181.12 1.42 -175.74 0 0 0 -18.85 3.43 -34.46 8.95 16.78 55.92 2.22 -3.02 -27.4 0.28 -3.38 -9.35 0 0 0 8.79 -11.54 -40.38 -9.86 -17.33 59.02 -0.96 -9.15 -23.94 -0.08 -1.87 5.16 6.63 3.83 5.22 -0.14 6.17 -6.57 -4.64 2.69 -9.24 -3.81 -1.65 -18.88 8.83 -4.07 22.1 3.16 -1.38 10.48 -0 -0 0 -5.04 3.16 25.35 29.71 -40.64 -11.22 -0 0 -18.79 4.12 12.08 0.86 -7.12 0 -0 -20.35 41.18 2.01 -0 -0 0 11.41 2.32 30 -20.1 30.76 -5.58 0 -0 -3.98 -0.92 -3.44 0.06 7.12 -0 -0 20.6 -32.86 6.5
-28.81 14.39 -11.06 -180.06 2.21 -175.7 0 0 0 -17.83 2.61 -33.96 8.84 16.71 55.54 2.15 -1.61 -27.32 0.16 -2.56 -7.04 0 0 0 10.15 -11.24 -39.92 -9.49 -17.11 57.77 -0.87 -8.86 -22.99 -0.05 -1.47 4.04 6.57 3.44 5.95 0.43 5.73 -6.49 -4.02 2.48 -9.7 -5.03 -4.02 -17.97 8.44 -6.73 20.17 2.82 -2.77 9.84 0 -0 0 -3.23 6.27 20.68 22.21 -33.22 -6.7 -0 0 -11.74 -1.95 14.59 -0.49 -7.12 0 -0 -26.36 42.88 1.49 0 -0 0 10.41 1.35 27.13 -19.23 29.71 -5.15 0 -0 -0.47 -2.4 -6.61 0.28 7.12 -0 -0 20.2 -35.92 4.75
-28.8 14.43 -11.09 -179.99 2.98 -175.54 0 0 0 -17.87 2.41 -33.67 8.71 16.62 55.09 2.07 -0.56 -27.08 0.08 -1.85 -5.1 0 0 0 10.36 -10.86 -39.76 -9.29 -16.99 57.09 -0.82 -8.56 -22.23 -0.04 -1.3 3.57 5.01 3.05 5.69 0.71 5.08 -6.69 -2.77 2.28 -9.98 -6.5 -5.83 -15.88 9.31 -9.08 18.56 3.05 -3.99 9.19 -0 -0 0 -1.7 10.05 20.26 21.73 -32.68 -6.44 -0 0 -9.19 -1.85 15.48 -0.5 -7.12 0 -0 -26.65 43.69 0.93 -0 -0 0 11.23 0.87 29.49 -21.81 32.76 -6.48 0 -0 -2.73 -5.33 -3.94 0.37 7.12 -0 -0 17.28 -33.54 5.05
-28.81 14.46 -11.13 -179.91 4 -175.59 0 0 0 -17.97 3.31 -33.59 8.68 16.6 54.99 2.02 -0.26 -26.83 0.04 -1.32 -3.64 0 0 0 10.37 -10.62 -39.55 -9.2 -16.94 56.79 -0.8 -7.93 -21.53 -0.02 -0.99 2.71 4.06 2.89 4.79 0.76 4.75 -6.88 -2.1 2.21 -9.74 -7.55 -7.2 -14.29 9.67 -11.03 18.43 3.1 -5.03 9.11 0 0 0 0.3 12.78 25.83 26.32 -37.52 -9.08 -0 0 -9.33 1.66 12.13 0.35 -7.12 0 -0 -22.44 41 2.35 0 0 0 12.45 0.94 36.78 -26.6 37.8 -9.25 0 -0 -5.97 -8.91 3.05 -0.48 7.12 -0 -0 13.43 -26.83 6.08
-28.86 14.46 -11.15 -179.36 5.29 -176.06 0 0 0 -17.57 5.02 -33.52 8.76 16.65 55.25 2 -0.37 -26.65 0.03 -1.2 -3.31 0 0 0 10.69 -10.72 -39.26 -9.19 -16.93 56.74 -0.79 -6.61 -20.5 -0.01 -0.74 2.04 4.38 3.06 4.12 0.72 4.99 -6.88 -2.3 2.32 -9.31 -8.27 -8.44 -13.07 9.45 -12.83 18.83 2.91 -6.02 9.22 -0 -0 0 2.23 13.13 33.24 35.65 -45.27 -15.27 -0 0 -7.49 8.64 5.63 0.85 -7.12 0 -0 -14.97 35.33 3.66 -0 -0 0 13.55 1.88 45.77 -33.69 43.85 -13.9 0 -0 -6.7 -14.33 12.07 -3.06 7.12 -0 -0 8.97 -17.63 5.9
-28.92 14.45 -11.12 -178.9 6.43 -176.93 0 0 0 -17.24 6.97 -33.38 8.86 16.72 55.6 1.97 -0.69 -26.38 0.03 -1.12 -3.09 0 0 0 10.66 -11.22 -39.16 -9.36 -17.03 57.32 -0.77 -4.59 -18.81 -0 -0.3 0.82 4.61 3.23 4.19 0.78 5.22 -6.75 -2.38 2.42 -9.17 -8.78 -9.56 -12.01 8.94 -14.35 18.87 2.64 -6.87 9.19 -0 -0 0 3.78 11.76 40.54 52.45 -53.94 -28.14 -0 0 -2.94 17.94 -2.13 -0.69 -7.12 0 -0 -6.65 27.72 2.81 -0 -0 0 13.96 4.73 54.09 -44.08 50.31 -21.53 0 -0 -5.68 -20.73 21.21 -7.8 7.12 -0 -0 5.02 -7.52 4.34
-28.97 14.43 -11.05 -178.8 6.98 -177.77 0 0 0 -17.23 8.4 -33.42 8.97 16.79 56 1.93 -1.22 -25.94 0.03 -1.14 -3.14 0 0 0 10 -12.39 -39.93 -9.86 -17.33 59.03 -0.68 -1.74 -16.26 -0 0.44 -1.2 4.24 3.14 4.49 0.95 5.06 -6.58 -2 2.36 -9.23 -8.85 -10.55 -11.1 8.03 -15.48 18.22 2.24 -7.52 8.83 0 0 0 4.88 8.51 46.84 81.92 -59.75 -53.01 -0 0 -3.58 24.84 -7.08 -3.27 -7.12 0 -0 -1.42 22.18 0.78 0 0 0 13.54 9.82 59.13 -59.42 56.15 -33.86 0 -0 -2.67 -26.08 29.49 -13.55 7.12 -0 -0 2.78 2.18 2.89
-29.02 14.39 -10.96 -178.61 7.04 -178.2 0 0 0 -17.11 9.17 -34 9.16 16.91 56.64 1.9 -2.16 -25.48 0.01 -0.67 -1.83 0 0 0 9.14 -13.93 -41.78 -10.75 -17.81 61.95 -0.48 1.74 -12.65 -0.04 1.28 -3.53 4.05 2.8 4.74 1.26 4.62 -6.54 -1.53 2.17 -9.39 -8.54 -11.38 -10.15 6.92 -16.21 16.52 1.84 -7.94 8.03 0 0 0 5.2 2.98 50.02 114.47 -57.61 -81.02 -0 0 -5.31 29.47 -8.73 -4.9 -7.12 0 -0 1.84 19.98 -1.1 0 0 0 12.41 16.81 59.06 -78.72 59.51 -50.25 0 -0 -0.39 -30.75 34.53 -18.63 7.12 -0 -0 1.14 8.69 1.3
-29.07 14.38 -10.84 -177.87 6.84 -178.26 0 0 0 -16.37 9.68 -35.05 9.35 17.03 57.28 1.84 -3.37 -24.78 0 0.16 0.44 0 0 0 8.53 -15.05 -43.78 -11.9 -18.35 65.67 -0.15 6.06 -7.47 -0.03 1.13 -3.09 4.62 2.29 5.13 1.7 4.07 -6.55 -1.34 1.88 -9.66 -7.86 -12.02 -8.88 6.02 -16.58 13.26 1.6 -8.15 6.64 0 0 0 4.97 -3.1 46.61 134.47 -51.02 -97.35 -0 0 -4.39 32.31 -9.45 -5.93 -7.12 0 -0 3.79 18.85 -2.37 0 0 0 10.33 24.41 52.78 -94.43 59.93 -63.84 0 -0 -0.29 -37.8 36.44 -24.74 7.12 -0 -0 -2.09 13.05 -2.51
-29.06 14.41 -10.69 -177.17 6.42 -178.17 0 0 0 -15.55 10.19 -36.08 9.33 17.01 57.22 1.66 -4.52 -23.3 0.01 0.56 1.55 0 0 0 7.48 -15.17 -44.88 -13.49 -18.95 70.64 0.25 10.07 -1.45 -0.01 -0.68 1.86 5.07 1.83 5.75 2 3.6 -6.69 -1.24 1.62 -10.22 -6.97 -12.83 -7.63 5.44 -16.99 9.45 1.49 -8.23 5.13 0 -0 0 5.47 -7.74 35.58 143.67 -45.74 -104.24 -0 0 -7.53 35.19 -9.64 -6.73 -7.12 0 -0 5.79 18.28 -3.7 0 -0 0 6.54 30.43 40.69 -103.95 59.25 -72.05 0 -0 -2.97 -43.59 36.41 -29.47 7.12 -0 -0 -5.05 15.39 -6.22
-28.99 14.5 -10.54 -177.03 5.44 -178.01 0 0 0 -15.32 10.36 -36.56 8.92 16.75 55.8 1.37 -5.19 -21.03 0 0.05 0.13 0 0 0 5.77 -14.99 -44.68 -15.4 -19.48 76.43 0.4 11.2 2.74 -0.06 -1.54 4.22 4.84 2.09 6.45 1.58 3.95 -7.05 -1.65 1.76 -11.01 -5.15 -13.78 -6.44 4.88 -18.47 5.47 1.33 -9.13 3.96 0 -0 0 8.34 -12.14 19.78 144.1 -45.45 -104.55 -0 0 -13.24 39.51 -9.33 -7.62 -7.12 0 -0 8.82 18.04 -5.72 0 -0 0 1.23 31.88 25.21 -107.16 58.86 -74.8 0 -0 -8.64 -45.6 35.58 -30.72 7.12 -0 -0 -6.34 15.42 -7.84
-28.88 14.68 -10.37 -177.14 3.79 -177.52 0 0 0 -15.4 10.3 -36.88 8.14 16.22 53.05 0.98 -6.15 -17.64 0 -0.22 -0.61 0 0 0 4.5 -15.02 -43.49 -16.82 -19.76 80.67 0.32 10.25 6.06 -0.05 -1.4 3.84 4.68 2.03 7.03 1.11 3.91 -7.61 -2.13 1.71 -11.98 -4.33 -14.51 -6.07 5.06 -19.41 2.93 1.34 -9.62 2.97 -0 -0 0 12.45 -13.09 5.87 137.66 -49.4 -99.8 -0 0 -19.29 45.15 -8.35 -8.31 -7.12 0 -0 12.83 18.38 -8.34 -0 -0 0 -5.27 32.09 9.98 -102.92 59.36 -71.17 0 -0 -14.7 -43.2 32.7 -26.9 7.12 -0 -0 -5.98 11.19 -7.06
-28.72 14.91 -10.18 -177.37 1.67 -176.56 0 0 0 -15.68 10.6 -37.66 7.18 15.48 49.54 0.47 -8.07 -12.59 0 0.18 0.49 0 0 0 4.54 -15.21 -41.73 -16.88 -19.77 80.84 0.06 7.82 9.72 -0.05 -1.41 3.89 4.93 0.72 7.33 1.29 2.34 -8.25 -1.82 0.94 -13.02 -6.07 -13.97 -6.9 6.01 -18.5 1.79 1.92 -9.15 2.99 0 0 0 15.23 -9.56 -2.39 124.88 -54.86 -89.69 -0 0 -23.58 48.9 -6.77 -7.7 -7.12 0 -0 15.7 19.91 -9.79 0 0 0 -12.53 35.86 -3.46 -91.03 60 -60.89 0 -0 -20.46 -40.17 29.6 -22.63 7.12 -0 -0 -5.18 6.52 -5.76
-28.53 15.16 -9.98 -177.83 -0.64 -175.27 0 0 0 -16.18 11.65 -39.33 6.31 14.72 46.2 -0.12 -11 -5.71 0.01 0.73 2.01 0 0 0 6.06 -15.25 -39.77 -15.12 -19.42 75.6 -0.23 5.19 12.46 -0.01 -0.58 1.61 5.12 0.94 7.34 0.65 1.46 -8.99 -2.37 -0.04 -13.89 -6.19 -14.01 -7.95 6.57 -18.53 1.06 2.06 -9.16 3.01 0 -0 0 17.76 -8.23 -7.98 108.53 -58.66 -75.97 -0 0 -27.6 46.86 -3.31 -3.53 -7.12 0 -0 15.09 25.11 -7.51 0 -0 0 -17.08 35.9 -13.98 -80.44 59.65 -51.73 0 -0 -29.09 -35.86 25.84 -17.49 7.12 -0 -0 -3.58 0.83 -3.64
-28.29 15.35 -9.76 -178.53 -2.8 -173.86 0 0 0 -16.68 13.3 -42.17 5.83 14.27 44.31 -0.62 -14.05 2.55 0.05 1.5 4.14 0 0 0 8.33 -14.54 -37.74 -12.24 -18.49 66.74 -0.6 1.61 15.32 -0.03 -1.03 2.82 4.77 0.79 7.17 -0.23 1.06 -9.55 -3.06 -0.3 -14.48 -6.09 -14.35 -9.02 7.38 -19.04 0.68 2.18 -9.4 3.19 -0 -0 0 19.7 -7.28 -12.33 93.81 -59.95 -63.3 -0 0 -34.25 41.69 2.8 2.49 -7.12 0 -0 12.29 33.53 -3.53 -0 -0 0 -19.16 33.81 -22.5 -72.87 58.86 -45.23 0 -0 -39.14 -29.75 20.83 -11.49 7.12 -0 -0 -0.73 -6.31 -0.65
-28.04 15.44 -9.51 -179.31 -4.49 -172.64 0 0 0 -16.92 15.07 -45.84 6.01 14.44 45.03 -0.78 -15.68 9.06 0.02 1 2.75 0 0 0 10.15 -13.7 -36.77 -10.76 -17.81 61.99 -0.4 0.91 12.38 -0.02 0.92 -2.52 4.02 0.45 7.03 -0.83 0.37 -9.84 -3.17 -0.62 -14.8 -6.9 -14.49 -9.71 8.88 -19.23 0.48 2.43 -9.46 3.17 -0 -0 0 20.78 -5.72 -15.65 81.6 -59.73 -52.73 -0 0 -43.65 35.83 8.22 5.9 -7.12 0 -0 7.87 39.97 -0.98 -0 -0 0 -20.9 33.04 -29.92 -64.98 57.5 -38.52 0 -0 -48.71 -24.54 15.94 -7.15 7.12 -0 -0 2.12 -12.56 1.61
-27.81 15.43 -9.23 -179.8 -5.71 -172.05 0 0 0 -16.91 16.94 -49.67 7.38 15.64 50.28 -0.56 -13.35 7.68 0 -0.15 -0.42 0 0 0 11.78 -14.02 -37.53 -10.63 -17.75 61.57 -0.11 1.04 6.72 -0.27 3.34 -9.22 3.47 0.16 7.24 -1.14 -0.12 -9.77 -3.11 -0.81 -14.9 -7.59 -14.57 -9.83 9.7 -19.31 -0.1 2.75 -9.5 3.17 0 0 0 21.1 -4.75 -18.87 69.88 -58.41 -42.67 -0 0 -50.26 28.28 13.08 6.94 -7.12 0 -0 0.89 44.76 -0.01 0 0 0 -22.69 32.51 -36.03 -57.05 55.47 -31.9 0 -0 -57.9 -19.02 10.99 -3.76 7.12 -0 -0 5.68 -18.4 3.61
-27.64 15.37 -8.94 -179.7 -6.34 -172.37 0 0 0 -16.08 18.5 -51.68 9.54 17.14 57.93 -0.08 -5.13 3.17 0.03 1.08 2.97 0 0 0 13.02 -14.74 -38.29 -10.68 -17.78 61.75 -0.02 1.79 3.73 -0.38 3.97 -11 3.62 0.03 8.19 -1.1 -0.17 -9.53 -3.16 -0.82 -15.23 -7.84 -14.54 -9.54 9.93 -19.25 -0.52 2.89 -9.49 3.04 -0 -0 0 20.14 -4.25 -21.69 61.12 -56.6 -35.28 -0 0 -55.43 21.49 17.05 6.59 -7.12 0 -0 -6.21 48.13 -0.48 -0 -0 0 -24.18 32.42 -40.6 -49.4 52.75 -25.7 0 -0 -65.19 -14.59 7.3 -1.89 7.12 -0 -0 8.91 -22.46 4.89
-27.51 15.29 -8.66 -179.32 -6.28 -173.1 0 0 0 -14.86 19.46 -50.6 10.57 17.72 61.37 0.03 -0.52 3.46 0.15 2.47 6.8 0 0 0 13.54 -14.97 -38.77 -10.85 -17.86 62.31 0.06 4.37 2.62 -0.44 4.23 -11.73 3.95 0.01 9.43 -0.87 0.01 -9.31 -3.14 -0.73 -15.74 -7.85 -14.34 -9.23 10.05 -18.98 -0.69 2.98 -9.36 2.94 0 -0 0 18.39 -3.64 -24.12 55.63 -55.03 -30.73 -0 0 -60.93 15.76 19.54 5.39 -7.12 0 -0 -12.43 49.81 -1.5 0 -0 0 -24.7 33.04 -44.27 -43.44 49.98 -21.04 0 -0 -70.99 -11.6 4.14 -0.85 7.12 -0 -0 11.31 -25.74 5.38
-27.42 15.16 -8.4 -179.05 -6.2 -173.2 0 0 0 -14.67 19.86 -48.93 10.01 17.42 59.53 -0.01 -2.49 2.3 0.01 0.73 2.01 0 0 0 13.88 -15.05 -40.49 -11.35 -18.1 63.9 0.14 6.6 1.69 -0.43 4.19 -11.6 4.19 0.06 9.75 -0.68 0.18 -9.23 -3.1 -0.66 -15.85 -7.62 -14.15 -9.25 10.13 -18.78 -0.66 2.99 -9.26 2.92 -0 -0 0 16.74 -3.08 -26.14 51.4 -53.55 -27.3 -0 0 -64.08 11.8 20.8 4.24 -7.12 0 -0 -16.7 50.43 -2.29 -0 -0 0 -24.13 33.43 -46.73 -39.59 47.82 -18.13 0 -0 -75.05 -9.36 1.76 -0.29 7.12 -0 -0 13.24 -28.1 5.58
-27.32 15.01 -8.15 -179.12 -6.52 -172.58 0 0 0 -15.9 20.56 -49.83 9.44 17.08 57.59 -0.04 -4.32 -0.9 0 0.21 0.59 0 0 0 14.25 -14.84 -43.22 -12.04 -18.41 66.13 0.15 7.18 0.15 -0.42 4.14 -11.47 3.88 0.08 9.43 -0.59 0.13 -9.3 -2.81 -0.65 -15.72 -7.45 -14.13 -9.5 10.49 -18.8 -0.75 3.05 -9.27 2.96 -0 0 0 15.18 -2.59 -27.82 47.91 -52.12 -24.51 -0 0 -64.35 9.2 20.86 3.3 -7.12 0 -0 -19.17 50.08 -2.48 -0 0 0 -23.34 33.27 -48.15 -36.29 45.71 -15.73 0 -0 -76.42 -7.92 0.63 -0.09 7.12 -0 -0 14.49 -29.19 5.75
-27.21 14.88 -7.89 -179.28 -7.66 -172.12 0 0 0 -16.76 20.88 -52.04 9.45 17.09 57.62 -0.08 -6.39 -2 0 0.37 1.02 0 0 0 14.65 -14.37 -45.28 -12.59 -18.63 67.86 0.09 6.83 -2.12 -0.43 4.2 -11.64 3.13 -0.14 9.64 -0.46 -0.26 -9.27 -2.16 -0.73 -15.84 -7.39 -14.25 -9.67 11.16 -19 -1.34 3.22 -9.38 2.89 0 0 0 13.64 -2 -29.23 45.48 -51 -22.61 -0 0 -64.89 6.91 20.98 2.48 -7.12 0 -0 -21.36 49.85 -2.66 0 0 0 -22.32 32.67 -49.33 -33.5 43.71 -13.77 0 -0 -77.17 -5.63 -0.23 0.02 7.12 -0 -0 16.36 -29.98 6.23
-27.09 14.76 -7.6 -179.35 -9.68 -172.11 0 0 0 -16.38 20.34 -54 9.72 17.25 58.54 -0.28 -10.1 -0.21 0 -0.32 -0.88 0 0 0 15.25 -14.43 -46.58 -12.9 -18.74 68.8 -0.03 5.83 -4.9 -0.39 4 -11.07 2.56 -0.56 10.6 -0.32 -0.83 -9.12 -1.54 -0.9 -16.31 -7.51 -14.48 -9.6 11.86 -19.35 -2.16 3.43 -9.58 2.75 0 0 0 12.13 -1.7 -30.17 43.44 -49.98 -21.04 -0 0 -65.37 5.63 21.2 2.04 -7.12 0 -0 -22.65 49.86 -2.84 0 0 0 -20.57 31.37 -49.86 -31.93 42.49 -12.7 0 -0 -77.96 -3.74 -0.88 0.06 7.12 -0 -0 17.92 -30.55 6.61
-27.01 14.63 -7.3 -179.36 -11.59 -172.12 0 0 0 -15.66 19.94 -56.14 10.29 17.57 60.44 -0.68 -14.81 1.74 0.08 -1.77 -4.87 0 0 0 16.12 -14.7 -47.59 -12.96 -18.77 69.02 -0.26 4.19 -9.11 -0.3 3.53 -9.75 2.35 -0.85 11.32 -0.24 -1.19 -8.96 -1.24 -1.01 -16.58 -7.69 -14.74 -9.53 12.22 -19.68 -2.6 3.54 -9.76 2.69 -0 -0 0 10.71 -1.59 -30.5 41.14 -48.73 -19.29 -0 0 -64.91 4.15 21.04 1.49 -7.12 0 -0 -23.93 49.49 -2.79 -0 -0 0 -18.32 29.95 -50.45 -30.97 41.71 -12.05 0 -0 -78.73 -1.72 -1.41 0.04 7.12 -0 -0 19.55 -30.98 7.07
-26.96 14.48 -7.01 -179.46 -12.72 -171.81 0 0 0 -15.34 19.96 -58.23 11.28 18.07 63.7 -0.87 -17.68 -0.96 0.33 -3.7 -10.23 0 0 0 16.94 -14.26 -47.93 -12.66 -18.66 68.07 -0.67 2.26 -14.91 -0.21 2.98 -8.23 2.27 -0.88 11.32 -0.23 -1.23 -8.86 -1.18 -1.01 -16.46 -7.85 -14.86 -9.56 12.2 -19.81 -2.4 3.53 -9.81 2.78 0 -0 0 9.39 -1.43 -30.18 38.87 -47.38 -17.6 -0 0 -64.57 2.97 21.24 1.08 -7.12 0 -0 -25.11 49.5 -2.95 0 -0 0 -15.98 28.98 -51.2 -30.19 41.06 -11.54 0 -0 -79.55 -0.57 -1.95 0.02 7.12 -0 -0 20.54 -31.45 7.22
-26.97 14.32 -6.7 -179.72 -13.02 -171.39 0 0 0 -15.56 20.14 -59.41 12.97 18.77 69.03 0.08 -12.94 -10.06 0.55 -4.76 -13.21 0 0 0 17.27 -13.19 -48.17 -12.19 -18.47 66.59 -1.21 0.61 -20.58 -0.05 1.49 -4.09 2.22 -0.78 11.22 -0.14 -1.09 -8.82 -1.09 -0.93 -16.33 -8.11 -14.75 -9.56 12.18 -19.62 -2.08 3.56 -9.69 2.88 0 -0 0 7.62 -0.78 -29.64 37.18 -46.31 -16.37 -0 0 -64.67 1.52 21.25 0.55 -7.12 0 -0 -26.42 49.29 -2.98 0 -0 0 -14.43 29 -52.36 -28.83 39.87 -10.65 0 -0 -79.53 0.25 -2.34 -0.01 7.12 -0 -0 21.25 -31.79 7.32
-27.03 14.14 -6.36 -179.72 -12.52 -171.05 0 0 0 -15.64 20.39 -59.06 14.99 19.39 75.22 0.81 -5.74 -15.99 0.13 -2.35 -6.49 0 0 0 17.58 -11.9 -48.79 -11.77 -18.29 65.27 -1.81 -1.19 -25.87 -0.02 -0.87 2.4 2.54 -0.56 11.3 0.11 -0.68 -8.72 -1.08 -0.75 -16.24 -8.07 -14.53 -9.64 12.09 -19.31 -1.94 3.55 -9.52 2.89 -0 0 0 5.35 0.35 -29.44 35.96 -45.48 -15.49 -0 0 -64.5 -0.31 20.91 -0.11 -7.12 0 -0 -27.88 48.72 -2.76 -0 0 0 -13.42 29.54 -53.41 -27.31 38.47 -9.69 0 -0 -79.43 0.94 -2.75 -0.05 7.12 -0 -0 21.87 -32.13 7.37
-27.15 13.98 -5.99 -179.54 -11.33 -170.78 0 0 0 -15.91 20.56 -56.79 16.4 19.69 79.43 0.91 -2.65 -17.28 0 0.19 0.51 0 0 0 17.27 -10.5 -50.87 -11.97 -18.38 65.88 -1.98 -1.91 -27.34 -0.12 -2.22 6.1 3.24 -0.22 11.64 0.4 0.01 -8.51 -1.33 -0.48 -16.18 -7.94 -14.37 -9.89 12.09 -19.09 -1.86 3.54 -9.4 2.92 -0 0 0 2.69 1.62 -29.91 34.9 -44.74 -14.74 -0 0 -64.27 -1.74 21.11 -0.63 -7.12 0 -0 -29.26 48.69 -2.89 -0 0 0 -12.36 30.11 -54.09 -26.06 37.27 -8.92 0 -0 -79.2 1.78 -3.1 -0.1 7.12 -0 -0 22.59 -32.42 7.47
-27.34 13.79 -5.6 -179.34 -9.85 -170.42 0 0 0 -17.17 19.96 -52.72 16.21 19.65 78.84 1.31 -2.43 -20.97 0.01 -0.47 -1.28 0 0 0 16.39 -10.01 -54.68 -12.74 -18.69 68.31 -1.87 -0.22 -25.94 -0.16 -2.6 7.18 4.47 0.11 11.88 0.69 0.76 -8.13 -1.88 -0.23 -15.84 -7.97 -14.21 -10.09 12.31 -18.85 -2.1 3.62 -9.28 2.89 -0 -0 0 -0.63 3.11 -31.05 34 -44.08 -14.11 -0 0 -64.44 -3.1 21.24 -1.12 -7.12 0 -0 -30.52 48.61 -2.97 -0 -0 0 -11.24 30.76 -54.5 -25.11 36.31 -8.35 0 -0 -79.13 3.42 -3.35 -0.2 7.12 -0 -0 23.88 -32.56 7.88
-27.57 13.62 -5.21 -178.83 -8.65 -170.1 0 0 0 -19.51 18.82 -48.87 14.28 19.2 73.07 2.99 -2.68 -32.1 0.18 -2.73 -7.53 0 0 0 16.05 -10.72 -58.52 -13.3 -18.89 70.05 -1.64 2.22 -23.64 -0.12 -2.22 6.1 6.11 0.26 12.26 1.24 1.38 -7.71 -2.35 -0.05 -15.52 -8.01 -14.09 -10.17 12.35 -18.65 -2.45 3.67 -9.19 2.78 -0 -0 0 -4.51 4.48 -32.72 32.88 -43.24 -13.34 -0 0 -65 -4.04 21.2 -1.46 -7.12 0 -0 -31.32 48.43 -2.92 -0 -0 0 -10.3 31.65 -54.72 -24.13 35.31 -7.78 0 -0 -79.11 3.94 -3.89 -0.27 7.12 -0 -0 24.42 -33.03 7.78
-27.77 13.51 -4.81 -178.39 -8.33 -169.41 0 0 0 -21.52 17.38 -50.12 13.69 19.02 71.25 3.88 -2.15 -36.89 0.05 -1.38 -3.79 0 0 0 16.13 -11.9 -62.53 -13.64 -19 71.09 -1.26 4.67 -20.22 -0.06 -1.64 4.52 7.12 0.25 12.87 1.92 1.68 -7.42 -2.23 0.02 -15.53 -8 -14.15 -10.23 12.64 -18.72 -2.94 3.76 -9.23 2.68 -0 -0 0 -8.6 5.26 -34.94 31.9 -42.46 -12.67 -0 0 -66.34 -4.51 21.59 -1.66 -7.12 0 -0 -31.95 48.7 -3.22 -0 -0 0 -9 32.44 -55.12 -23.31 34.42 -7.31 0 -0 -79.06 4.25 -4.4 -0.33 7.12 -0 -0 24.79 -33.48 7.63
-27.9 13.43 -4.41 -179.01 -8.95 -168.4 0 0 0 -23.62 15.45 -53.76 14.16 19.16 72.69 3.72 -2 -36.1 0 -0.19 -0.53 0 0 0 15.35 -13.65 -67.28 -14.31 -19.2 73.14 -0.78 6.94 -15.79 -0.03 -1.07 2.94 6.71 0.08 13.3 2.23 1.46 -7.08 -1.6 0.01 -15.44 -7.98 -14.33 -10.17 13.6 -19.01 -3.79 4.03 -9.41 2.55 -0 -0 0 -12.11 5.55 -36.84 30.95 -41.69 -12.03 -0 0 -67.74 -4.55 22.49 -1.75 -7.12 0 -0 -32.52 49.46 -3.96 -0 -0 0 -6.99 32.57 -55.57 -22.64 33.69 -6.94 0 -0 -78.8 4.26 -4.74 -0.35 7.12 -0 -0 24.89 -33.78 7.46
-28.02 13.45 -4.03 -179.66 -9.51 -167.78 0 0 0 -25.69 14.05 -55.48 13.94 19.09 72.01 3.57 -2.37 -35.24 0.01 0.61 1.69 0 0 0 14.52 -15.68 -71.44 -15.22 -19.44 75.91 -0.24 8.75 -10.02 -0.01 0.68 -1.88 6.85 -0.04 14.1 2.3 1.42 -6.7 -1.61 0 -15.49 -8.07 -14.57 -10.16 14.13 -19.32 -4.09 4.16 -9.57 2.56 0 0 0 -14.79 5.16 -38.41 29.35 -40.33 -10.99 -0 0 -67.97 -4.44 23.15 -1.75 -7.12 0 -0 -32.83 50.05 -4.51 0 0 0 -5.21 32.64 -56.14 -21.53 32.44 -6.33 0 -0 -78.38 3.41 -5.15 -0.31 7.12 -0 -0 24.36 -34.21 7
-28.15 13.51 -3.65 -178.79 -9.16 -167.83 0 0 0 -26.27 14.33 -57.17 13.69 19.02 71.25 3.36 -3.18 -33.96 0.03 1.2 3.31 0 0 0 14.92 -16.72 -74.17 -16.92 -19.77 80.95 0.18 9.91 -3.32 -0.02 0.82 -2.26 8.58 0.05 15.48 2.67 2.07 -6.32 -2.35 0.14 -15.83 -8.31 -14.76 -10.12 14.27 -19.55 -3.82 4.2 -9.65 2.7 0 -0 0 -17.24 4.35 -40.49 27.75 -38.89 -9.97 -0 0 -67.34 -4.58 23.15 -1.81 -7.12 0 -0 -32.95 50.02 -4.51 0 -0 0 -3.95 33.29 -57.21 -20.02 30.66 -5.54 0 -0 -77.03 2.81 -5.51 -0.27 7.12 -0 -0 24 -34.57 6.64
-28.24 13.58 -3.29 -177.53 -8.98 -167.87 0 0 0 -26.34 15.05 -59.21 13.49 18.95 70.63 3.04 -4.54 -32.01 0.05 1.5 4.14 0 0 0 15.54 -17.54 -75.49 -19.62 -20 88.9 0.23 8.55 3.42 -0.1 -2.03 5.59 10.3 0.09 16.65 3.15 2.66 -6.01 -2.95 0.23 -16.11 -8.56 -14.85 -9.96 14.64 -19.68 -3.41 4.31 -9.68 2.88 -0 0 0 -19.35 3.76 -42.49 26.88 -38.06 -9.43 -0 0 -66.84 -4.55 23.23 -1.8 -7.12 0 -0 -32.97 50.09 -4.58 -0 0 0 -2.71 33.88 -58.1 -18.68 29.02 -4.87 0 -0 -75.23 2.88 -5.86 -0.29 7.12 -0 -0 24.15 -34.89 6.49
-28.26 13.66 -2.94 -177.85 -9.9 -167.1 0 0 0 -27.82 14.68 -61.25 13.12 18.83 69.5 2.5 -6.35 -28.64 0.07 1.66 4.58 0 0 0 14.67 -18.89 -75.51 -22.03 -19.9 95.95 -0.22 5.1 12.16 -0.41 -4.09 11.34 10.18 -0.1 17.05 3.24 2.45 -5.89 -2.71 0.15 -16.25 -8.75 -14.91 -9.94 15.43 -19.81 -3.17 4.52 -9.72 3.07 -0 -0 0 -20.89 3.91 -43.22 26.65 -37.84 -9.28 -0 0 -66.61 -4.58 23.36 -1.82 -7.12 0 -0 -33.08 50.2 -4.69 -0 -0 0 -1.02 34.02 -58.41 -17.94 28.08 -4.52 0 -0 -74.01 3.26 -5.99 -0.34 7.12 -0 -0 24.47 -34.98 6.53
-28.24 13.76 -2.61 -178.49 -11.62 -165.73 0 0 0 -29.26 13.79 -63.81 12.9 18.75 68.82 1.67 -9.9 -23.23 0.15 2.52 6.95 0 0 0 14.31 -19.41 -73.62 -22.45 -19.86 97.17 -0.94 1.49 18.88 -0.46 -4.37 12.13 9.53 -0.18 16.85 3.52 2.19 -5.9 -1.95 0.12 -16.19 -9.26 -15.2 -9.65 16.15 -20.16 -3.71 4.79 -9.91 3.04 0 0 0 -22.77 3.95 -42.83 26.58 -37.78 -9.24 -0 0 -66.16 -4.96 23.37 -1.97 -7.12 0 -0 -33.42 50.15 -4.71 0 0 0 0.38 33.01 -57.94 -17.74 27.83 -4.43 0 -0 -73.71 3.6 -6.06 -0.38 7.12 -0 -0 24.76 -35.03 6.59
-28.19 13.82 -2.27 -178.77 -13.25 -164.2 0 0 0 -29.82 13.53 -67.66 13.29 18.89 70.03 0.43 -15.04 -14.84 0.3 3.54 9.77 0 0 0 15.21 -18.05 -70.15 -20.77 -19.99 92.25 -0.78 0.77 16.99 -0.34 -3.76 10.41 9.46 -0.31 16.83 3.75 2.03 -6 -1.6 0.06 -16.34 -9.55 -15.51 -9.54 16.54 -20.54 -4.08 4.91 -10.1 3.03 -0 -0 0 -24.52 3.99 -42.45 26.35 -37.56 -9.1 -0 0 -65.94 -5.11 23.38 -2.03 -7.12 0 -0 -33.56 50.13 -4.71 -0 -0 0 1.77 32 -57.49 -17.62 27.67 -4.37 0 -0 -73.46 4.12 -6.21 -0.45 7.12 -0 -0 25.21 -35.13 6.66
-28.14 13.81 -1.93 -179.47 -14.19 -162.85 0 0 0 -29.69 14.02 -72.24 14.34 19.21 73.24 -1.19 -21.15 -2.32 0.39 4.02 11.12 0 0 0 16.1 -16.91 -68.63 -19.64 -20 88.95 -0.08 3.68 7.97 -0 0.05 -0.13 9.25 -0.64 17.25 3.32 1.58 -5.91 -1.85 -0.13 -16.52 -9.25 -15.55 -9.83 17.16 -20.69 -3.96 4.99 -10.17 3.18 0 -0 0 -25.13 4.05 -42.99 25.71 -36.92 -8.71 -0 0 -65.73 -4.82 23.62 -1.94 -7.12 0 -0 -33.46 50.38 -4.92 0 -0 0 3.46 32.29 -58.76 -17.22 27.14 -4.19 0 -0 -72.65 4.41 -6.24 -0.48 7.12 -0 -0 25.43 -35.14 6.72
-28.09 13.75 -1.59 -180.26 -14.61 -162.16 0 0 0 -28.3 14.86 -75.93 15.76 19.56 77.51 -1.95 -23.81 7.89 0.26 3.28 9.06 0 0 0 16.47 -16.95 -70.79 -19.77 -20 89.32 -0.01 2.58 4.31 -0.03 1.03 -2.83 8.53 -0.67 17.87 3.08 1.42 -5.44 -1.69 -0.11 -16.34 -9.47 -15.65 -9.74 17.76 -20.85 -3.92 5.17 -10.24 3.3 -0 -0 0 -26.13 3.32 -43.48 25.08 -36.28 -8.34 -0 0 -65.04 -4.83 23.7 -1.95 -7.12 0 -0 -33.52 50.45 -4.99 -0 -0 0 4.27 32.71 -60.66 -16.81 26.6 -4 0 -0 -71.56 4.05 -6.29 -0.44 7.12 -0 -0 25.18 -35.2 6.6
-28.09 13.67 -1.25 -180.1 -14.9 -162.46 0 0 0 -24.98 16.06 -77.7 17.91 19.89 83.88 -0.54 -15.26 -3.22 0.28 -3.41 -9.42 0 0 0 16.37 -17.24 -73.16 -20.1 -20 90.28 -0.04 2.83 5.88 -0 0.31 -0.86 8.6 -0.71 18.72 3.25 1.46 -4.7 -1.58 -0.05 -15.96 -9.77 -15.58 -9.56 18.12 -20.77 -3.54 5.31 -10.17 3.45 -0 0 0 -27.5 2.65 -43.46 24.62 -35.82 -8.07 -0 0 -64.58 -4.8 23.79 -1.94 -7.12 0 -0 -33.55 50.53 -5.07 -0 0 0 4.9 33.49 -61.28 -16.56 26.28 -3.89 0 -0 -70.81 3.68 -6.3 -0.4 7.12 -0 -0 24.89 -35.24 6.48
-28.12 13.58 -0.92 -179.4 -14.84 -163.29 0 0 0 -20.74 17.96 -77.56 20.32 20 90.93 0.25 2 -10.36 0.02 0.97 2.66 0 0 0 16.21 -17.24 -74 -20.22 -20 90.64 0.02 5.2 6.66 -0 0.23 -0.64 8.86 -0.65 19.8 3.61 1.7 -4.05 -1.4 0.06 -15.82 -10.05 -15.45 -9.41 18.21 -20.65 -2.52 5.36 -10.04 3.76 -0 0 0 -28.82 1.91 -43.38 24.01 -35.18 -7.71 -0 0 -64.41 -4.74 24.06 -1.94 -7.12 0 -0 -33.67 50.77 -5.31 -0 0 0 6.04 34.13 -59.85 -16.51 26.2 -3.87 0 -0 -71.18 3.65 -6.46 -0.41 7.12 -0 -0 24.92 -35.39 6.39
-28.18 13.45 -0.62 -179.36 -14.49 -163.73 0 0 0 -17.49 19.69 -75.84 21.85 19.92 95.42 -0.18 9.37 -9.34 1.02 6.41 17.99 0 0 0 15.85 -17.18 -75.01 -20.45 -20 91.33 0.09 6.05 5.36 -0.01 0.53 -1.46 8.32 -0.45 20.48 3.69 1.89 -3.61 -1.08 0.21 -15.69 -10.28 -15.37 -9.55 18.31 -20.69 -1.11 5.35 -9.97 4.25 -0 0 0 -29.72 0.91 -43.37 23.38 -34.5 -7.35 -0 0 -64.51 -4.41 24.64 -1.84 -7.12 0 -0 -33.75 51.31 -5.8 -0 0 0 7.42 34.59 -58.48 -16.27 25.89 -3.76 0 -0 -71.31 3.71 -6.75 -0.44 7.12 -0 -0 25.05 -35.65 6.26
-28.26 13.28 -0.33 -179.72 -14.3 -163.68 0 0 0 -15.83 19.85 -72.89 21.88 19.91 95.51 -0.18 7.74 -4.47 0.79 5.66 15.8 0 0 0 15.24 -17.08 -76.94 -20.89 -19.98 92.61 0.09 5.54 3.8 -0.02 0.94 -2.59 7.83 -0.33 20.75 3.55 1.92 -3.26 -0.99 0.28 -15.42 -10.41 -15.33 -9.65 18.46 -20.71 -0.44 5.38 -9.93 4.51 -0 0 0 -30.43 -0.02 -43.06 22.93 -34.01 -7.1 -0 0 -64.41 -4.08 25.11 -1.74 -7.12 0 -0 -33.78 51.76 -6.21 -0 0 0 8.36 35.24 -58.6 -15.79 25.24 -3.56 0 -0 -70.99 3.12 -7.05 -0.38 7.12 -0 -0 24.68 -35.96 5.94
-28.38 13.11 -0.01 -179.39 -14.43 -163.57 0 0 0 -15.61 19.23 -71.14 21.4 19.95 94.11 0.06 3.11 -6.73 0.09 1.9 5.22 0 0 0 14.67 -16.54 -79.08 -21.3 -19.96 93.82 0.09 5.58 3.7 -0.01 0.74 -2.04 8.47 -0.38 21.38 3.62 2.06 -3.01 -1.31 0.28 -15.47 -10.5 -15.29 -9.52 18.42 -20.63 -0.47 5.41 -9.89 4.47 -0 -0 0 -31.45 -1.04 -43.13 22.58 -33.63 -6.91 -0 0 -63.75 -3.88 25.27 -1.66 -7.12 0 -0 -33.7 51.93 -6.35 -0 -0 0 8.78 36.36 -60.36 -15.29 24.55 -3.34 0 -0 -70.06 2.84 -7.11 -0.35 7.12 -0 -0 24.48 -36.04 5.84
-28.5 12.93 0.33 -178.53 -14.72 -163.73 0 0 0 -15.76 18.91 -72.17 21.68 19.93 94.91 0.31 0.22 -10.65 0.04 1.33 3.65 0 0 0 14.2 -15.43 -80.64 -21.58 -19.94 94.63 0.11 5.91 2.85 -0 -0.05 0.15 9.39 -0.45 22.69 3.98 2.35 -2.73 -1.52 0.31 -15.88 -10.58 -15.26 -9.52 18.39 -20.53 -0.55 5.42 -9.84 4.44 0 0 0 -32.88 -2.4 -43.77 22.16 -33.15 -6.67 -0 0 -62.96 -3.33 25.59 -1.44 -7.12 0 -0 -33.43 52.29 -6.6 0 0 0 9.07 37.61 -62.58 -14.95 24.08 -3.21 0 -0 -68.32 3.21 -7.01 -0.39 7.12 -0 -0 24.74 -35.92 5.99
-28.6 12.75 0.66 -178.26 -15.11 -163.5 0 0 0 -16.17 18.07 -73.75 22.03 19.9 95.93 0.64 -3.13 -14.35 0.13 2.31 6.36 0 0 0 13.53 -13.99 -80.91 -21.49 -19.95 94.37 0.03 6.1 -3.39 -0.02 -0.85 2.33 9.34 -0.39 23.58 4.26 2.5 -2.38 -1.23 0.38 -15.98 -10.57 -15.18 -9.48 18.68 -20.43 -0.76 5.53 -9.79 4.39 0 0 0 -34.28 -3.86 -43.9 21.52 -32.43 -6.32 -0 0 -62.52 -2.52 26.42 -1.12 -7.12 0 -0 -33.28 53.12 -7.29 0 0 0 9.84 38.19 -62.95 -14.97 24.1 -3.21 0 -0 -67.86 3.45 -7.24 -0.44 7.12 -0 -0 25 -36.11 5.93
-28.7 12.58 0.97 -178.76 -15.81 -162.31 0 0 0 -17.81 15.95 -74.38 21.75 19.93 95.12 1.33 -5.72 -20.7 0.04 1.34 3.68 0 0 0 13.23 -12.42 -78.96 -20.31 -20 90.9 -0.85 5.52 -16.43 -0.06 -1.53 4.21 8.67 -0.28 23.37 4.37 2.42 -2.2 -0.7 0.43 -15.66 -10.59 -15.17 -9.59 18.96 -20.44 -0.64 5.6 -9.78 4.48 0 0 0 -35.88 -5.76 -44.14 20.69 -31.47 -5.89 -0 0 -62.21 -1.37 27 -0.62 -7.12 0 -0 -32.63 53.82 -7.71 0 0 0 11.19 38.41 -62.5 -15.04 24.2 -3.24 0 -0 -67.95 3.82 -7.83 -0.52 7.12 -0 -0 25.46 -36.62 5.71
-28.83 12.43 1.29 -179.61 -16.59 -160.57 0 0 0 -21.03 13.15 -74.98 21.02 19.97 93 2.44 -5.26 -28.42 0 -0.32 -0.89 0 0 0 12.6 -10.85 -78.02 -19.01 -19.98 87.1 -2 2.76 -26.03 -0.22 -3.04 8.39 8.21 -0.23 22.96 4.3 2.31 -2.14 -0.49 0.44 -15.37 -10.74 -15.21 -9.89 19.25 -20.51 -0.41 5.67 -9.77 4.67 0 0 0 -37.51 -8.05 -44.47 19.61 -30.17 -5.33 -0 0 -61.92 0.17 27.17 0.08 -7.12 0 -0 -31.33 54.25 -7.69 0 0 0 12.72 38.57 -62.36 -14.9 24.01 -3.19 0 -0 -67.91 3.26 -8.24 -0.47 7.12 -0 -0 25.15 -37.04 5.35
-28.97 12.29 1.63 -179.81 -17.09 -159.88 0 0 0 -23.6 11.07 -76.27 20.73 19.99 92.13 3.18 -3.31 -33.01 0 -0.37 -1.01 0 0 0 10.97 -10.04 -80.42 -19.14 -19.98 87.49 -1.81 1.5 -25.04 -0.41 -4.09 11.32 8.73 -0.25 23.9 4.33 2.48 -1.74 -0.81 0.46 -15.41 -10.76 -15.14 -9.86 19.14 -20.31 -0.72 5.68 -9.68 4.53 0 -0 0 -39.1 -10.83 -45.13 18.37 -28.63 -4.73 -0 0 -60.67 1.45 27.44 0.67 -7.12 0 -0 -30.33 54.72 -7.78 0 -0 0 13.18 39.28 -64.47 -14.42 23.33 -2.99 0 -0 -67.34 1.11 -8.22 -0.16 7.12 -0 -0 23.45 -37.17 4.84
-29.12 12.2 1.99 -178.42 -17.39 -160.56 0 0 0 -23.63 10.41 -78.21 21.03 19.97 93.01 3.2 -3.11 -33.17 0.01 0.56 1.55 0 0 0 11 -9.69 -81.68 -19.09 -19.98 87.34 -1.45 1.59 -22.32 -0.45 -4.3 11.91 10.31 -0.21 25.87 4.92 3.14 -1.39 -1.34 0.56 -15.2 -10.74 -14.86 -9.53 19.09 -19.86 -1.03 5.76 -9.49 4.31 0 0 0 -41.41 -13.62 -44.96 17.75 -27.84 -4.43 -0 0 -59.96 3.01 27.8 1.4 -7.12 0 -0 -29.11 55.33 -7.86 0 0 0 13.62 40.28 -65.88 -14.31 23.18 -2.95 0 -0 -67.19 -1.18 -8.03 0.17 7.12 -0 -0 21.56 -37.16 4.41
-29.25 12.19 2.32 -177.89 -17.28 -160.93 0 0 0 -24.37 10.14 -79.44 20.95 19.98 92.77 3.02 -4.18 -31.96 0.05 1.43 3.93 0 0 0 10.72 -9.82 -82.24 -18.6 -19.95 85.92 -1.13 2.31 -19.44 -0.45 -4.29 11.9 10.42 0.06 27.76 5.3 3.68 -0.82 -1.18 0.75 -15.42 -11.02 -14.59 -9.7 19.59 -19.65 -0.06 5.95 -9.3 4.69 0 0 0 -44.14 -15.58 -42.47 17.71 -27.78 -4.41 -0 0 -60.75 4.79 28.31 2.27 -7.12 0 -0 -27.77 56.12 -8.01 0 0 0 15.49 40.99 -63.91 -14.51 23.46 -3.03 0 -0 -67.65 -2.48 -8.24 0.36 7.12 -0 -0 20.57 -37.45 4.03
-29.38 12.25 2.64 -178.21 -16.83 -160.52 0 0 0 -26.56 9.63 -80.24 20.34 20 90.98 2.94 -4.56 -31.45 0.15 2.48 6.83 0 0 0 10.16 -10.56 -83.97 -18.27 -19.93 84.92 -0.7 3.31 -15.07 -0.38 -3.95 10.93 9.75 0.48 28.8 5.41 4.07 -0.37 -0.87 0.96 -15.41 -11.14 -14.38 -10.03 19.61 -19.5 1.16 5.94 -9.14 5.1 -0 -0 0 -46.43 -17.62 -40.68 17.26 -27.2 -4.2 -0 0 -60.59 6.26 29.3 3.07 -7.12 0 -0 -27.08 57.3 -8.58 -0 -0 0 17.58 41.89 -61.85 -14.29 23.14 -2.94 0 -0 -68.02 -3.97 -8.37 0.58 7.12 -0 -0 19.4 -37.67 3.67
-29.51 12.34 2.96 -177.07 -16.13 -160.27 0 0 0 -27.48 9.44 -81.63 19.65 20 88.97 2.84 -4.55 -30.89 0.39 4.01 11.12 0 0 0 11.14 -10.49 -86.7 -18.38 -19.94 85.26 -0.24 3.91 -8.71 -0.27 -3.33 9.19 10.49 0.91 29.76 5.66 4.89 -0 -1.3 1.23 -15.32 -11.07 -14.21 -10.35 19.14 -19.32 2.14 5.78 -8.98 5.37 0 -0 0 -47.88 -20.14 -40.19 16.21 -25.81 -3.74 -0 0 -58.56 7.41 30.53 3.78 -7.12 0 -0 -26.92 58.63 -9.4 0 -0 0 19.04 43.5 -62.6 -13.53 22.06 -2.65 0 -0 -66.78 -5.44 -8.31 0.79 7.12 -0 -0 18.18 -37.73 3.39
-29.59 12.43 3.28 -175.59 -15.51 -160.24 0 0 0 -27.68 9.72 -83.2 19.04 19.98 87.2 2.61 -5.28 -29.41 0.76 5.57 15.55 0 0 0 13.21 -10.11 -89.81 -19.64 -20 88.96 -0.01 5.59 -4.11 -0.02 -0.92 2.54 11.1 1.42 30.9 6.08 5.83 0.28 -1.52 1.54 -15.41 -11.07 -14.03 -10.48 18.69 -19.11 3 5.65 -8.84 5.57 0 -0 0 -49.32 -22.82 -40.71 15.42 -24.73 -3.4 -0 0 -56.27 8.67 32.19 4.64 -7.12 0 -0 -27.08 60.38 -10.61 0 -0 0 20.56 45.21 -63.69 -12.95 21.22 -2.44 0 -0 -64.76 -6.59 -8.69 1 7.12 -0 -0 17.33 -38.17 3.02
-29.62 12.57 3.59 -175.14 -15.91 -160.22 0 0 0 -28.52 9.45 -83.88 18.29 19.93 84.99 2.18 -5.4 -26.73 0.8 5.71 15.96 0 0 0 15.57 -10.79 -92.04 -22.14 -19.89 96.28 0.1 6.82 -1.57 -0 -0.27 0.75 10.92 1.69 31.78 6.41 6.19 0.56 -1.22 1.68 -15.5 -11.09 -13.84 -10.65 18.59 -18.97 3.95 5.62 -8.72 5.85 -0 -0 0 -50.77 -25.41 -39.97 15.14 -24.34 -3.28 -0 0 -55.31 10.42 33.92 5.86 -7.12 0 -0 -26.92 62.32 -11.79 -0 -0 0 22.88 46.41 -63.31 -12.89 21.13 -2.42 0 -0 -63.61 -7.84 -7.44 1.02 7.12 -0 -0 16 -37.05 3.23
-29.6 12.74 3.91 -175.61 -17.47 -159.88 0 0 0 -29.47 8.09 -84.1 17.53 19.85 82.75 1.52 -5.58 -22.18 0.65 5.17 14.39 0 0 0 17.81 -11.7 -92.21 -24.05 -19.6 101.91 0.04 4.79 5.3 -0.09 -1.94 5.35 10.57 1.57 32.37 6.51 5.93 0.81 -0.85 1.58 -15.54 -10.94 -13.67 -10.71 18.82 -18.87 4.38 5.68 -8.63 6 -0 -0 0 -51.73 -27.86 -37.18 15.03 -24.19 -3.24 -0 0 -54.5 11.59 35.98 6.87 -7.12 0 -0 -27.9 64.42 -13.62 -0 -0 0 25.26 47.28 -62.81 -12.8 21 -2.38 0 -0 -62.79 -8.41 -7.5 1.1 7.12 -0 -0 15.55 -37.14 3.1
-29.53 12.91 4.21 -176.42 -19.36 -158.97 0 0 0 -29.8 6.85 -85.65 17.37 19.83 82.29 0.67 -7.4 -14.72 0.13 2.33 6.42 0 0 0 19.87 -11.06 -89.83 -23.56 -19.69 100.47 -0.35 2.48 12.43 -0.02 0.99 -2.71 10.16 1.38 32.55 6.44 5.55 0.96 -0.56 1.46 -15.51 -10.91 -13.54 -10.74 19.26 -18.84 4.75 5.81 -8.58 6.16 0 -0 0 -52.27 -30.99 -35.46 14.69 -23.72 -3.1 -0 0 -53.03 12.17 38.07 7.57 -7.12 0 -0 -29.88 66.36 -16 0 -0 0 27.39 47.95 -62.71 -12.62 20.73 -2.32 0 -0 -62.05 -9.29 -7.58 1.24 7.12 -0 -0 14.84 -37.28 2.9
-29.45 13.02 4.5 -177.93 -20.85 -157.81 0 0 0 -29.37 6.7 -88.28 17.98 19.9 84.08 -0.4 -13.75 -3.51 0.01 0.66 1.81 0 0 0 20.68 -10.15 -87.34 -22.2 -19.88 96.45 -0.05 3.94 7.49 -0.43 4.23 -11.72 8.99 1.42 32.43 6.11 5.17 1.09 -0.17 1.41 -15.42 -10.93 -13.47 -10.99 19.46 -18.96 5.84 5.83 -8.56 6.59 -0 -0 0 -52.58 -34.72 -34.43 14 -22.74 -2.83 -0 0 -50.58 11.16 40.96 7.37 -7.12 0 -0 -35.32 68.4 -20.79 -0 -0 0 29.87 48.1 -61.72 -12.57 20.66 -2.3 0 -0 -61.46 -10.5 -6.43 1.19 7.12 -0 -0 13.6 -36.22 3.01
-29.38 13.05 4.79 -179.66 -21.91 -157.07 0 0 0 -27.12 7.37 -89.73 18.98 19.97 87.01 -0.93 -16.83 8.02 0.15 2.48 6.84 0 0 0 20.53 -10.55 -87.85 -21.72 -19.93 95.03 -0.01 1.78 3.08 -0.33 3.72 -10.28 7.51 1.62 32.3 5.8 4.87 1.3 0.39 1.42 -15.25 -10.93 -13.35 -11.45 19.04 -18.99 7.39 5.65 -8.49 7.1 -0 -0 0 -53.53 -38.41 -33.29 13.47 -21.97 -2.62 -0 0 -49.47 11.74 43.69 8.17 -7.12 0 -0 -39.77 70.63 -25.6 -0 -0 0 32.31 48.04 -60.04 -12.75 20.92 -2.36 0 -0 -61.52 -11.34 -6.63 1.33 7.12 -0 -0 12.95 -36.46 2.77
-29.38 13.05 5.09 -179.94 -22.81 -157.2 0 0 0 -22.18 8.7 -89.25 20.49 19.99 91.42 -0.39 -11 2.65 0.01 -0.75 -2.07 0 0 0 20.59 -11.38 -89.54 -21.54 -19.94 94.51 -0.05 0.82 4.43 -0.22 3.04 -8.39 7.41 1.65 32.36 5.85 4.86 1.46 0.49 1.42 -15.09 -10.9 -13.11 -11.87 18.4 -18.77 8.76 5.45 -8.33 7.5 -0 -0 0 -55.23 -41.2 -30.85 13.28 -21.7 -2.56 -0 0 -49.06 13.2 46.46 9.65 -7.12 0 -0 -44.77 73.03 -31.37 -0 -0 0 34.83 48.36 -58.27 -13.01 21.3 -2.46 0 -0 -61.45 -11.66 -7.49 1.54 7.12 -0 -0 12.85 -37.34 2.47
-29.41 13.03 5.41 -179.26 -23 -157.59 0 0 0 -16.76 10.86 -87.31 21.93 19.91 95.66 0.02 1.73 -3.82 0.06 1.52 4.19 0 0 0 20.37 -11.32 -90.31 -21.27 -19.96 93.7 -0.04 2.9 5.8 -0.21 2.94 -8.1 7.7 1.72 32.47 5.95 5.03 1.53 0.38 1.47 -15.04 -10.76 -12.76 -12.48 17.95 -18.42 9.98 5.31 -8.1 7.88 0 -0 0 -56.81 -42.82 -27.64 13.27 -21.68 -2.55 -0 0 -48.49 13.88 49.13 10.58 -7.12 0 -0 -51.93 74.85 -38.81 0 -0 0 38.03 49 -55.59 -13.35 21.79 -2.58 0 -0 -61.64 -12.4 -8.46 1.85 7.12 -0 -0 12.42 -38.35 2.07
-29.46 12.96 5.73 -179.1 -22.61 -157.44 0 0 0 -13.01 12.34 -83.66 22.28 19.87 96.69 -0.1 6.67 -6.5 0.68 5.27 14.69 0 0 0 19.97 -10.74 -91.22 -21.06 -19.97 93.09 0.01 3.58 4.81 -0.24 3.16 -8.74 7.14 1.93 32.31 5.85 5.11 1.52 0.53 1.55 -15.03 -10.65 -12.47 -13.1 17.82 -18.11 10.69 5.27 -7.9 8.15 -0 -0 0 -58.06 -43.84 -24.59 13.36 -21.82 -2.59 -0 0 -49.11 16.84 49.65 12.99 -7.12 0 -0 -51.36 76.27 -39.67 -0 -0 0 41.57 49.53 -52.49 -13.58 22.14 -2.67 0 -0 -61.77 -13.78 -8.1 1.98 7.12 -0 -0 11.19 -38.09 1.93
-29.54 12.83 6.05 -179.15 -22.49 -156.86 0 0 0 -10.64 11.69 -79.3 21.4 19.95 94.1 0.33 -0.51 -10.73 0.03 1.13 3.09 0 0 0 19.78 -10.14 -92.3 -20.86 -19.98 92.53 0.03 2.89 0.53 -0.15 2.52 -6.94 6.6 2.03 31.74 5.75 5.02 1.47 0.75 1.58 -14.88 -10.57 -12.27 -13.23 17.8 -17.76 10.49 5.3 -7.74 8.05 -0 0 0 -58.94 -44.75 -20.88 13.22 -21.6 -2.53 -0 0 -48.44 19.38 49.73 15.02 -7.12 0 -0 -49.69 77.33 -39.23 -0 0 0 44.83 49.9 -49.1 -13.66 22.24 -2.7 0 -0 -61.6 -14.71 -8.41 2.2 7.12 -0 -0 10.46 -38.47 1.71
-29.63 12.62 6.37 -178.93 -22.73 -156.2 0 0 0 -10.71 10.5 -77.14 20.37 20 91.08 1.31 -5.87 -20.49 0.36 -3.88 -10.73 0 0 0 19.7 -9.1 -91.48 -20.13 -20 90.39 -0.31 2.77 -9.85 -0.02 0.94 -2.58 6.58 1.93 30.89 5.69 4.83 1.42 0.78 1.53 -14.56 -10.49 -12.08 -13.36 17.73 -17.49 10.49 5.31 -7.61 8.02 0 0 0 -59.61 -45.96 -17.68 12.89 -21.13 -2.41 -0 0 -47.2 21.21 50.86 16.76 -7.12 0 -0 -53.2 78.63 -43.45 0 0 0 48.34 49.95 -43.82 -13.87 22.55 -2.78 0 -0 -62.28 -17.27 -9.11 2.82 7.12 -0 -0 8.4 -39.37 1.17
-29.71 12.43 6.68 -179.25 -22.86 -155.38 0 0 0 -13.24 9.61 -77.19 19.7 20 89.13 2.65 -5.9 -29.56 0.7 -5.35 -14.9 0 0 0 19.24 -7.4 -89.39 -18.85 -19.97 86.62 -1.3 0.09 -21.52 -0.1 -2.07 5.71 6.15 1.89 29.94 5.37 4.57 1.37 0.79 1.48 -14.21 -10.48 -12 -13.69 17.85 -17.52 11.1 5.32 -7.58 8.29 0 0 0 -60.23 -47.19 -12.17 12.48 -20.52 -2.27 -0 0 -46.08 25.16 52.23 20.37 -7.12 0 -0 -58.53 80.83 -50.32 0 0 0 52.6 49.46 -36.52 -14.13 22.92 -2.88 0 -0 -62.72 -20.89 -9.23 3.5 7.12 -0 -0 5.29 -39.79 0.68
-29.77 12.29 7 -180.06 -22.69 -155.43 0 0 0 -15.35 8.84 -78.01 19.79 20 89.39 3.18 -5.81 -32.56 0.5 -4.55 -12.62 0 0 0 16.79 -6.04 -89.5 -18.67 -19.96 86.1 -1.38 -3.03 -23.49 -0.19 -2.84 7.84 5.18 2.09 29.98 5 4.46 1.55 0.94 1.5 -14.07 -10.56 -11.9 -13.64 17.85 -17.47 11.6 5.35 -7.54 8.45 -0 0 0 -61.32 -48.57 -2.93 12.17 -20.07 -2.16 -0 0 -45.44 30.18 53.8 25.14 -7.12 0 -0 -71.09 83.3 -64.6 -0 0 0 56.23 48.6 -27.69 -14.1 22.88 -2.87 0 -0 -62.49 -26.04 -9.78 4.74 7.12 -0 -0 0.84 -40.84 0.09
-29.85 12.16 7.3 -179.29 -22.79 -157.16 0 0 0 -15.02 8.79 -78.81 20.42 20 91.22 3.15 -6.42 -32.34 0.31 -3.58 -9.9 0 0 0 15.81 -5.71 -89.5 -18.88 -19.97 86.71 -1.16 -3.42 -21.84 -0.2 -2.86 7.9 5.4 2.23 30.7 5.22 4.66 2.02 0.98 1.54 -13.85 -10.37 -11.61 -13.87 17.37 -17.23 12.77 5.19 -7.4 8.77 -0 0 0 -63.21 -49.3 9.83 12.67 -20.8 -2.33 -0 0 -45.57 35.06 55.43 30.02 -7.12 0 -0 -92.21 -84.85 97.39 -0 0 0 59.1 47.23 -14 -14.47 23.41 -3.01 0 -0 -64.65 -33.72 -13.13 8.62 7.12 -0 -0 -6.01 -45.56 0.08
-29.93 12.13 7.56 -178 -22.73 -158.97 0 0 0 -14.61 9.13 -78.67 20.53 19.99 91.56 3.24 -6.68 -32.77 0.2 -2.87 -7.93 0 0 0 16.34 -5.82 -88.54 -18.57 -19.95 85.81 -1.05 -2.57 -20.43 -0.26 -3.31 9.14 5.59 2.4 31.06 5.61 4.91 2.34 1.2 1.62 -13.65 -10.07 -11.3 -14.57 17.04 -17.22 14.8 5.02 -7.31 9.52 -0 -0 0 -63.41 -47.26 28.76 15.45 -24.77 -3.41 -0 0 -46.79 39.99 57.08 35.14 -7.12 0 -0 -128.72 -84.64 133.03 -0 -0 0 61.58 43.11 7.42 -17.62 27.66 -4.37 0 -0 -71.99 -42.4 -16.92 14.89 7.12 -0 -0 -15.04 -51.75 2.55
-30 12.14 7.77 -177.85 -22.05 -159.89 0 0 0 -15.32 9.34 -78.23 20.41 20 91.2 3.31 -6.65 -33.13 0.16 -2.54 -7.01 0 0 0 16.24 -6.42 -88.2 -18.27 -19.93 84.95 -0.94 -0.92 -18.63 -0.28 -3.42 9.45 4.36 2.79 30.52 5.55 4.95 2.53 1.79 1.73 -13.31 -9.62 -10.94 -15.14 16.85 -17.2 16.6 4.88 -7.21 10.19 -0 0 0 -59.64 -44.3 46.58 21.32 -32.19 -6.22 -0 0 -48.47 45.21 57.75 40.43 -7.12 0 -0 -153.42 -83.41 156.52 -0 0 0 61.67 37.64 28.42 -23.76 34.91 -7.57 0 -0 -75.43 -47.92 -18.26 19.14 7.12 -0 -0 -21.8 -54.83 5.46
-30.07 12.21 7.94 -177.52 -21.36 -160.68 0 0 0 -15.81 9.61 -77.64 20.09 20 90.26 3.28 -6.46 -33.03 0.12 -2.22 -6.11 0 0 0 16.93 -7.43 -87.96 -17.9 -19.89 83.85 -0.77 0.77 -16.37 -0.2 -2.86 7.89 3.49 3.09 29.55 5.43 5.01 2.6 2.13 1.83 -12.88 -8.99 -10.56 -15.65 16.24 -17.03 18.14 4.59 -7.08 10.68 -0 -0 0 -53.65 -42.44 58.49 30.09 -40.97 -11.47 -0 0 -46.66 46.46 53.97 40.4 -7.12 0 -0 -164.89 -86.52 165.82 -0 -0 0 59.04 33.19 45.14 -32.5 42.94 -13.08 0 -0 -71.18 -49.63 -17.69 19.67 7.12 -0 -0 -23.74 -54.58 5.84
-30.12 12.34 8.1 -176.86 -20.67 -161.86 0 0 0 -15.95 10.22 -76.39 19.52 19.99 88.59 3.22 -6.37 -32.69 0.07 -1.67 -4.6 0 0 0 17.78 -8.36 -87.36 -17.79 -19.88 83.54 -0.53 1.88 -13.28 -0.01 -0.74 2.04 3.27 3.25 28.97 5.23 5.13 2.84 2.22 1.95 -13.08 -8.64 -10.26 -16.09 15.36 -16.78 19.63 4.27 -6.97 11.14 -0 0 0 -47.33 -41.23 65.28 41.8 -49.1 -19.79 -0 0 -36.6 47.35 46.41 38.17 -7.12 0 -0 43.47 86.12 40.74 -0 0 0 54.96 30.29 57.51 -44.41 50.47 -21.78 0 -0 -61.63 -50.14 -13.22 15.32 7.12 -0 -0 -22.6 -48.72 2.18
-30.15 12.47 8.22 -176.42 -19.96 -163.21 0 0 0 -16.13 11.1 -74.61 18.86 19.97 86.66 3.15 -6.41 -32.33 0.04 -1.26 -3.47 0 0 0 18.06 -9.47 -86.95 -18.89 -19.97 86.74 -0.43 2.51 -11.83 -0.26 3.28 -9.05 2.98 3.3 28.28 5.03 5.11 2.69 2.19 1.98 -12.9 -8.49 -10.01 -16.36 14.62 -16.53 20.83 4.02 -6.88 11.51 -0 -0 0 -40.6 -40.02 67.89 57.6 -55.64 -32.35 -0 0 -20.86 46.83 36.7 32.5 -7.12 0 -0 27.14 76.11 20.13 -0 -0 0 50.56 28.7 65.5 -59.43 56.16 -33.87 0 -0 -45.5 -47.6 -4.14 4.52 7.12 -0 -0 -17.42 -35.63 -4.17
-30.14 12.61 8.3 -176.2 -19.52 -164.49 0 0 0 -16.18 12.01 -72.69 18.18 19.92 84.68 3.06 -6.54 -31.83 0.04 -1.35 -3.72 0 0 0 18.47 -11.2 -86.23 -21.39 -19.95 94.07 -0.64 1.34 -14.68 -0.39 4.01 -11.12 2.43 3.25 27.03 4.73 4.88 2.45 2.26 1.95 -12.54 -8.27 -9.8 -16.45 14.06 -16.44 21.98 3.81 -6.87 11.86 -0 -0 0 -33.62 -38.42 67.49 79.29 -59.56 -50.74 -0 0 -7.82 44.66 24.89 22.59 -7.12 0 -0 19.23 62.08 8.15 -0 -0 0 45.77 27.16 68.63 -78.2 59.47 -49.8 0 -0 -26.25 -43.5 6.52 -6.15 7.12 -0 -0 -12.06 -21.1 -7.07
-30.09 12.76 8.33 -176.59 -19.32 -165.28 0 0 0 -16.55 12.5 -70.56 17.37 19.83 82.3 2.96 -6.38 -31.29 0.13 -2.31 -6.35 0 0 0 18.55 -13.18 -83.94 -23.69 -19.67 100.84 -1.04 -2.67 -20.37 -0 -0.44 1.2 1.44 3.07 25.36 4.06 4.38 2.03 2.29 1.83 -12.12 -7.96 -9.69 -16.41 13.75 -16.6 22.98 3.62 -6.96 12.2 -0 -0 0 -26.23 -35.72 64.46 103.64 -59.29 -71.78 -0 0 -0.18 40.84 13.88 11.72 -7.12 0 -0 13.02 47.64 0.86 -0 -0 0 40.54 24.64 67.61 -100.2 59.6 -68.82 0 -0 -13.83 -39.07 15.05 -11.9 7.12 -0 -0 -7.58 -11 -6.04
-30.03 12.92 8.32 -177.78 -19.32 -165.36 0 0 0 -17.56 12.44 -68.39 16.48 19.7 79.66 2.9 -5.81 -31.03 0.43 -4.22 -11.69 0 0 0 17.99 -14.66 -79.57 -23.73 -19.66 100.97 -1.49 -5.79 -25.8 -0.34 -3.77 10.42 0.18 2.63 23.3 3.01 3.48 1.41 2.16 1.54 -11.68 -7.56 -9.62 -16.02 13.28 -16.63 23.37 3.39 -7.02 12.19 0 0 0 -19.02 -31.06 58.7 121.32 -55.95 -86.75 -0 0 -0.56 34.94 5.51 3.84 -7.12 0 -0 6.96 36.61 -1.45 0 0 0 35.15 19.93 63.25 -117.51 56.94 -83.58 0 -0 -8.21 -37.91 20.81 -15.47 7.12 -0 -0 -5.8 -4.37 -5.37
-29.96 13.07 8.27 -178.75 -19.26 -165.04 0 0 0 -18.43 12.58 -66.69 15.58 19.53 76.99 2.9 -5.13 -31.11 0.92 -6.1 -17.08 0 0 0 17.59 -13.94 -72.73 -20.27 -20 90.8 -1.83 -9.39 -30.37 -0.5 -4.51 12.53 -0.81 2.13 20.89 2.04 2.64 0.55 1.95 1.25 -11.28 -7.35 -9.61 -15.45 12.39 -16.43 23.46 3.1 -7.05 11.96 0 -0 0 -12.74 -24.62 50.88 127.16 -54.08 -91.54 -0 0 -8.69 27.84 -0.08 -0.04 -7.12 0 -0 1.01 29.89 -0.37 0 -0 0 30.02 12.9 55.24 -123.04 55.44 -88.18 0 -0 -9.13 -37.95 23.19 -17.07 7.12 -0 -0 -5.36 -1.58 -5.23
-29.91 13.22 8.2 -179.38 -19.02 -164.78 0 0 0 -18.95 12.95 -65.18 14.78 19.33 74.59 2.92 -4.61 -31.34 1.44 -7.59 -21.48 0 0 0 17.78 -13.13 -66.63 -16.36 -19.68 79.31 -2.04 -11.8 -33.38 -0.56 -4.81 13.37 -1.26 1.57 18.64 1.17 1.84 -0.49 1.5 0.94 -11.13 -7.21 -9.53 -14.98 11.05 -15.92 23.51 2.71 -6.98 11.67 -0 -0 0 -7.45 -17.38 42.6 118.06 -56.81 -84.04 -0 0 -13.43 21.77 -1.11 -0.44 -7.12 0 -0 -3.74 28.78 1.48 -0 -0 0 25.49 5.63 45.04 -112.61 57.98 -79.45 0 -0 -12.65 -34.81 23.89 -15.72 7.12 -0 -0 -3.34 -1.68 -3.25
-29.86 13.36 8.14 -179.79 -18.54 -165.06 0 0 0 -19.15 13.29 -63.15 14.02 19.12 72.28 2.92 -4.06 -31.39 1.84 -8.52 -24.3 0 0 0 17.93 -13.55 -64.59 -15.09 -19.41 75.52 -2.04 -10.49 -32.45 -0.62 -5.04 14.03 -1.16 1.02 17.16 0.38 1.13 -1.55 0.78 0.6 -11.42 -7.08 -9.24 -14.71 9.53 -15.04 23.67 2.31 -6.75 11.41 0 -0 0 -3.25 -11.54 36.41 87.69 -59.98 -58 -0 0 -13.92 14.97 -1.54 -0.41 -7.12 0 -0 -8.97 28.34 3.68 0 -0 0 21.43 1.11 36.45 -79.68 59.59 -51.08 0 -0 -16.47 -29.03 22.59 -12.04 7.12 -0 -0 -0.04 -4.53 -0.03
-29.83 13.53 8.08 -179.13 -17.67 -166.13 0 0 0 -18.11 13.67 -60.48 13.25 18.87 69.89 2.9 -4.03 -31.32 1.75 -8.33 -23.73 0 0 0 19.04 -13.95 -62.39 -14.2 -19.17 72.81 -1.97 -9.91 -31.59 -0.58 -4.86 13.52 -0.39 0.61 16.25 0.21 0.75 -2.38 0.26 0.38 -11.8 -6.91 -8.8 -15.02 7.8 -13.87 23.94 1.85 -6.37 11.3 0 0 0 -0.16 -7.88 32.99 49.64 -52.85 -25.88 -0 0 -14.01 10.57 -1.3 -0.24 -7.12 0 -0 -12.37 28.57 5.06 0 0 0 16.89 0.88 31.18 -40.99 48.64 -19.18 0 -0 -14.77 -23.96 20.5 -8.85 7.12 -0 -0 2.9 -7.75 2.48
-29.79 13.72 8.02 -178.12 -16.27 -167.16 0 0 0 -16.56 13.55 -57.42 12.36 18.54 67.12 2.89 -4.14 -31.24 1.41 -7.5 -21.2 0 0 0 20.56 -13.55 -59.4 -13.11 -18.82 69.47 -1.93 -9.65 -31.19 -0.45 -4.32 11.99 0.19 0.34 15.7 0.3 0.52 -3.08 0.09 0.24 -12.27 -6.3 -8.26 -15.95 6.35 -12.62 23.76 1.42 -5.86 11.15 -0 0 0 2.46 -4.56 29.91 27.5 -38.65 -9.81 -0 0 -11.66 7.75 0.76 0.1 -7.12 0 -0 -14.82 30.55 5.39 -0 0 0 13 1.74 26.44 -21.28 32.15 -6.2 0 -0 -6.74 -18.98 17.72 -5.97 7.12 -0 -0 5.92 -11.39 4.66
-29.74 13.88 7.93 -178.16 -14.88 -167.36 0 0 0 -15.8 11.92 -54.42 11.53 18.19 64.49 2.9 -4.65 -31.21 1.19 -6.92 -19.48 0 0 0 20.9 -12.73 -57.36 -12.33 -18.53 67.04 -1.91 -9.42 -30.92 -0.46 -4.36 12.09 -0.21 0.02 14.98 -0 -0.02 -3.86 0.12 0.01 -12.73 -5.47 -7.62 -16.84 5.69 -11.45 22.9 1.22 -5.29 10.81 -0 0 0 4.65 0.26 23.58 17.64 -27.69 -4.38 -0 0 -7.7 3.87 2.34 0.16 -7.12 0 -0 -18.09 31.95 6.05 -0 0 0 11.47 0.73 18.39 -14.44 23.36 -3 0 -0 -1.21 -13.32 14.16 -3.31 7.12 -0 -0 9.64 -15.58 6.79
-29.69 13.99 7.82 -178.61 -13.57 -167.05 0 0 0 -15.16 8.93 -51.61 10.92 17.89 62.51 2.94 -5.68 -31.27 1.2 -6.96 -19.6 0 0 0 20.64 -11.82 -56.13 -11.9 -18.35 65.67 -1.92 -8.93 -30.65 -0.53 -4.67 12.97 -0.95 -0.22 13.68 -0.45 -0.58 -4.81 0.19 -0.23 -13.03 -4.81 -7 -17.49 5.41 -10.47 22.22 1.16 -4.8 10.57 0 -0 0 7 5.36 18.43 13.99 -22.72 -2.82 -0 0 -2.65 1.14 4.54 0.09 -7.12 0 -0 -20.69 33.9 5.97 0 -0 0 10.86 -1.37 15.41 -13.42 21.91 -2.61 0 -0 -1.02 -10.16 11.99 -2.13 7.12 -0 -0 11.85 -17.96 7.79
-29.67 14.02 7.7 -178.72 -11.82 -167.15 0 0 0 -14.17 6.12 -48.98 10.65 17.76 61.63 2.92 -4.57 -31.32 1.26 -7.13 -20.1 0 0 0 20.39 -10.74 -55.03 -11.79 -18.3 65.32 -1.94 -8.2 -30.32 -0.61 -5.02 13.95 -1.47 -0.1 12.31 -0.77 -0.58 -5.62 0.13 -0.23 -13.14 -4.22 -6.38 -17.62 5.06 -9.49 21.3 1.1 -4.33 10.15 0 0 0 8.76 8.68 18.87 14.29 -23.15 -2.94 -0 0 -2.81 0.95 6.17 0.1 -7.12 0 -0 -21.24 35.41 5.31 0 0 0 10.57 -3.43 19.73 -15.04 24.21 -3.24 0 -0 -4.49 -8.26 10.02 -1.45 7.12 -0 -0 13.28 -19.98 8.16
-29.64 13.99 7.6 -178.26 -9.31 -168.15 0 0 0 -12.99 5.5 -46.8 10.71 17.79 61.82 2.72 -2.66 -30.55 0.87 -5.96 -16.66 0 0 0 20.52 -9.66 -53.61 -11.92 -18.35 65.72 -1.95 -7.1 -29.74 -0.66 -5.19 14.45 -1.56 0.6 11.26 -0.89 0.3 -6.13 -0.16 0.17 -13.09 -3.54 -5.54 -17 4.63 -8.21 19.81 1.07 -3.74 9.39 0 0 0 9.03 8.89 22.61 17.13 -27.03 -4.15 -0 0 -3.3 1.26 5.56 0.12 -7.12 0 -0 -20.85 34.87 5.49 0 0 0 11.46 -4.94 25.93 -18.6 28.92 -4.84 0 -0 -7.35 -8.46 7.92 -1.18 7.12 -0 -0 13.29 -22.04 7.53
-29.59 13.93 7.53 -177.82 -6.46 -169.85 0 0 0 -12.09 7.36 -44.87 10.87 17.87 62.37 2.54 -1.35 -29.82 0.67 -5.24 -14.61 0 0 0 20.72 -9.41 -52.07 -12.22 -18.48 66.69 -1.99 -4.94 -28.77 -0.61 -5.02 13.96 -1.55 1.55 10.6 -0.96 1.55 -6.38 -0.51 0.74 -12.98 -2.48 -4.22 -15.97 3.94 -6.34 18.24 0.95 -2.88 8.52 0 -0 0 7.92 7.16 29.4 22.71 -33.78 -6.98 -0 0 -3.49 2.81 1.84 0.09 -7.12 0 -0 -18.81 31.44 6.55 0 -0 0 13.55 -5.71 33.51 -24.87 36.07 -8.21 0 -0 -8.81 -12.91 8.62 -1.97 7.12 -0 -0 10.06 -21.19 5.83
-29.51 13.87 7.45 -178.13 -4.11 -171.44 0 0 0 -12.04 10.1 -43.25 10.99 17.93 62.76 2.5 -0.48 -29.84 0.77 -5.59 -15.59 0 0 0 20.18 -10.67 -51.66 -12.94 -18.76 68.94 -1.97 -1.21 -26.99 -0.47 -4.38 12.16 -2.09 2.23 9.84 -1.07 2.37 -6.58 -0.47 1.16 -12.77 -1.27 -2.46 -14.77 3.51 -3.98 16.45 0.92 -1.74 7.6 0 -0 0 6.34 5.22 39.13 33.76 -43.9 -13.94 -0 0 -3.71 6.8 -3.19 -0.38 -7.12 0 -0 -14.99 26.69 6.88 0 -0 0 16.01 -5.15 41.92 -35.03 44.84 -14.84 0 -0 -9.77 -20.29 12.85 -4.7 7.12 -0 -0 4.84 -16.34 3.29
-29.41 13.81 7.37 -178.72 -2.52 -172.32 0 0 0 -12.19 12.23 -42.39 11.09 17.98 63.09 2.49 0.15 -29.96 0.92 -6.1 -17.07 0 0 0 18.88 -12.75 -53.18 -14.29 -19.2 73.1 -1.54 4.24 -22.46 -0.21 -2.98 8.21 -2.87 2.55 8.55 -1.07 2.67 -6.8 -0.04 1.35 -12.28 0.26 -0.54 -13.96 3.15 -1.46 14.18 0.82 -0.48 6.64 -0 -0 0 4.57 2.39 48.05 55.36 -54.94 -30.51 -0 0 -4.39 13.02 -5.98 -1.38 -7.12 0 -0 -10.13 23.86 5.25 -0 -0 0 17.7 -2.69 49.07 -50.58 53.23 -26.64 0 -0 -7.16 -25.94 19.54 -9.24 7.12 -0 -0 1.53 -8.45 1.29
-29.29 13.76 7.31 -178.59 -1.27 -172.91 0 0 0 -11.37 13.84 -41.84 11.21 18.03 63.45 2.45 0.55 -29.84 1.14 -6.77 -19.04 0 0 0 17.04 -14.26 -55.47 -16.04 -19.62 78.34 -0.52 10.74 -13.91 -0.01 -0.62 1.71 -2.76 2.64 7.45 -0.74 2.85 -6.99 0.27 1.44 -11.85 1.84 1.46 -12.93 2.72 1.18 10.97 0.65 0.82 5.42 0 -0 0 2.54 -2.84 53.01 90.73 -60 -60.63 -0 0 -4.7 18.32 -5.9 -1.95 -7.12 0 -0 -6.22 23.77 3.2 0 -0 0 17.71 2.28 52.38 -70.98 58.59 -43.6 0 0 2.85 -32.19 26.71 -15.8 7.12 -0 -0 -1.26 0.75 -1.28
-29.14 13.75 7.25 -178.3 0.17 -173.67 0 0 0 -10.15 15.57 -40.69 11.09 17.98 63.08 2.37 0.27 -29.24 1.16 -6.84 -19.26 0 0 0 13.98 -14.61 -57.1 -17.65 -19.87 83.1 0.63 16.37 -3.3 -0 -0.37 1.01 -2.26 2.34 7.16 -0.35 3.19 -7.2 0.3 1.84 -11.9 3.03 3.39 -12.2 2.29 3.73 8.38 0.49 2.06 4.51 -0 0 0 1.01 -11.12 51.41 121.43 -55.92 -86.85 -0 0 -3.89 23.44 -5.11 -2.21 -7.12 0 -0 -2.42 24.41 1.2 -0 0 0 16.02 9.18 50.15 -91.47 59.99 -61.27 0 0 8.63 -39.37 29.35 -21.9 7.12 -0 -0 -4.8 5.93 -5.29
-28.92 13.83 7.19 -178.37 1.61 -174.37 0 0 0 -9.2 17.2 -38.65 10.47 17.66 61.04 2.13 0.37 -27.77 1.24 -7.05 -19.87 0 0 0 9.63 -14.06 -57.53 -18.74 -19.96 86.31 0.91 16.95 2.82 -0.14 -2.41 6.63 -1.99 2.38 7.24 -0.19 3.32 -7.47 0.28 1.91 -12.26 3.68 5.01 -12.27 2 5.85 7.26 0.44 3.09 4.21 -0 0 0 1.48 -20.69 40.71 134.95 -50.79 -97.72 -0 0 -6.7 27.45 -5.03 -2.61 -7.12 0 -0 0.57 24.32 -0.29 -0 0 0 12.22 16.46 42.33 -105.61 59.06 -73.48 0 0 4.05 -43.05 30.12 -25.11 7.12 -0 -0 -6.63 8.23 -7.55
-28.61 14.02 7.1 -178.77 2.61 -174.86 0 0 0 -8.44 18.19 -35.61 9.24 16.96 56.91 1.7 1.22 -25.09 1.49 -7.72 -21.87 0 0 0 5 -13.24 -56.72 -19 -19.98 87.07 0.42 11.58 1.92 -0.13 -2.3 6.34 -2.22 2.28 7.25 -0.17 3.2 -7.76 0.44 1.89 -12.62 4.05 6.26 -12.75 1.53 7.48 6.83 0.37 3.87 4.19 -0 -0 0 5.49 -28.35 23.25 134.59 -50.97 -97.44 -0 0 -10.36 28.11 -5.48 -2.92 -7.12 0 -0 1.05 23.77 -0.54 -0 -0 0 5.94 22.5 30.02 -110.25 58.39 -77.44 0 -0 -0.85 -44.94 29.73 -26.33 7.12 -0 -0 -7.76 8.6 -8.91
-28.22 14.29 6.97 -179.22 3.15 -175.21 0 0 0 -7.5 18.25 -31.39 7.53 15.77 50.87 1.19 1.79 -21.36 1.36 -7.38 -20.84 0 0 0 1.35 -12.14 -54.47 -18.07 -19.91 84.34 0.03 2.87 1.34 -0.14 -2.43 6.71 -2.56 2.12 7.18 -0.31 2.96 -8.07 0.5 1.81 -12.93 4.54 7.37 -13.27 0.73 8.94 6.51 0.18 4.55 4.25 0 0 0 12.84 -31.82 6.22 124.85 -54.87 -89.66 -0 0 -13.38 28.86 -5.28 -2.9 -7.12 0 -0 1.61 23.96 -0.82 0 0 0 -1.98 26.13 16.63 -106.61 58.93 -74.34 0 -0 -5.52 -44.9 28.04 -25.1 7.12 -0 -0 -8.2 6.62 -9.18
-27.74 14.62 6.82 -179.33 3.4 -175.15 0 0 0 -6.02 17.36 -26.83 5.78 14.22 44.11 0.64 3.24 -16.59 1.02 -6.42 -18.02 0 0 0 -0.52 -10.26 -50.66 -15.76 -19.56 77.51 0.03 -5.62 3.07 -0.37 -3.91 10.83 -2.67 1.95 6.63 -0.47 2.79 -8.44 0.43 1.77 -13.01 5.17 8.46 -13.66 -0.33 10.37 6.19 -0.11 5.2 4.32 0 0 0 21.1 -31.8 -6.65 109.13 -58.57 -76.49 -0 0 -22.36 29.71 -3 -1.71 -7.12 0 -0 2.37 26.52 -1.06 0 0 0 -9.91 27.14 5.1 -97.38 59.79 -66.39 0 -0 -11.97 -42.02 26.34 -21.79 7.12 -0 -0 -7.03 3.48 -7.5
-27.18 14.93 6.66 -179.01 3.24 -174.61 0 0 0 -4.13 16.06 -23.8 4.56 12.87 38.88 0.05 6.58 -10.62 0.61 -4.99 -13.88 0 0 0 -0.39 -7.81 -45.63 -12.35 -18.54 67.1 -0.17 -9.04 9.12 -0.36 -3.85 10.67 -2.81 1.74 5.37 -0.58 2.61 -8.87 0.45 1.74 -12.72 5.71 9.41 -14.16 -1.04 11.6 6.21 -0.27 5.76 4.51 -0 0 0 27.8 -31.53 -15.27 89.67 -60 -59.71 -0 0 -34.81 27.3 0.6 0.31 -7.12 0 -0 0.58 30.66 -0.2 -0 0 0 -16.16 26.66 -3.6 -84.81 59.9 -55.51 0 -0 -19.03 -38.03 24.34 -17.87 7.12 -0 -0 -5.17 -0.22 -5.17
-26.55 15.17 6.5 -178.6 2.4 -173.85 0 0 0 -2.53 15.39 -24.29 4.23 12.46 37.39 -0.41 11.28 -4.73 0.07 -1.66 -4.57 0 0 0 1.51 -6.2 -40.68 -9.58 -17.17 58.08 -0.58 -7.5 13.74 -0.08 -1.79 4.92 -3.43 1.37 3.78 -0.79 2.21 -9.27 0.68 1.65 -12.2 6.46 10.22 -14.82 -1.1 12.5 6.63 -0.26 6.22 4.82 -0 0 0 32.98 -31.96 -21.97 72.31 -58.78 -44.75 -0 0 -46.79 22.66 5.62 2.34 -7.12 0 -0 -3.39 36.05 0.75 -0 0 0 -20.25 25.47 -9.78 -72.84 58.86 -45.2 0 -0 -27.74 -35.22 21.57 -14.55 7.12 -0 -0 -4.01 -4.21 -3.72
-25.88 15.29 6.39 -178.34 0.9 -173.34 0 0 0 -1.75 15.39 -27.79 4.7 13.04 39.5 -0.69 14.93 -1.81 0.18 2.7 7.44 0 0 0 4.78 -7.31 -38.27 -8.85 -16.71 55.58 -0.31 -5.28 10.04 -0.03 1.07 -2.93 -4.35 0.95 2.83 -1.18 1.66 -9.52 0.86 1.5 -11.9 7.08 10.75 -15.13 -0.78 13.02 6.84 -0.18 6.51 4.97 -0 0 0 37.19 -33.4 -28.92 58.7 -55.95 -33.26 -0 0 -55.3 16.62 10.59 3.14 -7.12 0 -0 -9.23 40.85 0.95 -0 0 0 -22.58 23.76 -13.87 -63.3 57.13 -37.1 0 -0 -37.02 -32.16 18.27 -11.15 7.12 -0 -0 -2.62 -8.7 -2.2
-25.26 15.32 6.32 -178.13 -0.56 -173.66 0 0 0 -1.66 15.21 -31.36 5.65 14.08 43.58 -0.1 7.04 2.1 0 -0.41 -1.12 0 0 0 7.81 -9.1 -37.59 -9.04 -16.83 56.21 -0.1 -4.27 6.07 -0.07 1.68 -4.61 -4.61 1.79 3.35 -1.71 0.98 -9.52 0.66 0.46 -12.23 7.42 11.22 -15.05 -0.66 13.57 6.88 -0.14 6.79 5 0 0 0 39.88 -34.82 -35.59 49.43 -52.76 -25.72 -0 0 -59.5 12.3 13.88 3 -7.12 0 -0 -13.81 43.74 0.44 0 0 0 -23.89 22.23 -16.76 -56.09 55.18 -31.11 0 -0 -43.86 -29.56 15.04 -8.37 7.12 -0 -0 -1.32 -12.82 -0.99
-24.74 15.27 6.29 -177.67 -0.7 -174.57 0 0 0 -2.56 15.65 -34.54 7.05 15.38 49.08 -0.11 -6.44 5.13 0.22 -3.02 -8.34 0 0 0 9.77 -9.43 -37.46 -9.59 -17.17 58.11 -0.07 -1.68 4.74 -0.06 1.56 -4.3 -3.84 1.9 4.87 -1.85 1.19 -9.38 -0 0.51 -12.99 7.78 11.83 -15.07 -1.06 14.38 7.18 -0.21 7.17 5.18 -0 -0 0 40.81 -35.49 -40.99 44.01 -50.28 -21.48 -0 0 -60.92 11.59 14.85 3.01 -7.12 0 -0 -14.73 44.6 0.15 -0 -0 0 -24.43 21.06 -19.38 -51.78 53.69 -27.6 0 -0 -49.46 -26.95 11.69 -5.88 7.12 -0 -0 0.16 -16.91 0.1
-24.29 15.18 6.29 -176.86 0.92 -175.1 0 0 0 -4.44 17.19 -37.92 8.73 16.63 55.16 -0.09 -5.92 5.07 0.02 -0.85 -2.33 0 0 0 11.74 -8.19 -37.59 -10.16 -17.5 60.02 -0.01 1.6 3.27 -0.06 1.64 -4.51 -2.72 1.62 6.09 -1.58 2.41 -9.31 -0.72 1.61 -13.62 8.29 12.57 -15.07 -1.82 15.37 7.37 -0.39 7.62 5.37 -0 -0 0 40.71 -35.55 -45.18 40.66 -48.46 -18.94 -0 0 -61.41 10.03 15.31 2.67 -7.12 0 -0 -16.26 44.88 0.05 -0 -0 0 -24.24 19.89 -22.08 -49.88 52.95 -26.08 0 -0 -54.89 -24.57 8.94 -4.06 7.12 -0 -0 1.68 -20.17 1
-23.88 15.09 6.28 -176.12 2.83 -174.83 0 0 0 -6.47 17.44 -40.73 10.06 17.44 59.69 -0.01 -1.73 0.83 0.04 1.25 3.45 0 0 0 14.15 -6.8 -37.64 -10.43 -17.65 60.92 0.03 3.46 0.19 -0.11 2.1 -5.78 -2.12 2.31 6.16 -1.22 3.42 -9.28 -0.83 2.04 -13.64 9.08 13.45 -14.95 -2.69 16.53 7.42 -0.62 8.15 5.56 -0 -0 0 39.93 -35.13 -47.91 38.5 -47.15 -17.33 -0 0 -62.31 8.25 16.12 2.31 -7.12 0 -0 -18.13 45.45 -0.21 -0 -0 0 -23.32 18.67 -24.98 -49.24 52.69 -25.57 0 -0 -59.66 -22.37 7.44 -3.05 7.12 -0 -0 3.23 -21.95 1.79
-23.49 14.97 6.25 -176.01 3.6 -174.3 0 0 0 -8.36 14.76 -42.51 11.11 17.99 63.15 -0.02 -4.34 -2.2 0.01 0.6 1.66 0 0 0 16.05 -5.96 -37.16 -10.48 -17.67 61.07 -0.08 4.32 -5.5 -0.08 1.82 -4.99 -2.45 2.62 5.69 -1.01 3.83 -9.2 -0.46 2.28 -13.3 9.86 14.33 -14.91 -3.08 17.61 7.46 -0.7 8.66 5.72 0 0 0 39.31 -34.82 -49.8 36.17 -45.63 -15.65 -0 0 -61.81 6.07 16.63 1.74 -7.12 0 -0 -20.26 45.67 -0.35 0 0 0 -21.43 17.09 -27.7 -49.5 52.79 -25.78 0 -0 -64.51 -21.01 5.14 -1.97 7.12 -0 -0 4.23 -24.48 2.1
-23.13 14.74 6.23 -175.91 3.42 -174.04 0 0 0 -10.18 10.62 -43.83 12.22 18.48 66.67 -0.2 -13.41 -6.6 0.14 -2.38 -6.55 0 0 0 17.86 -5.19 -34.55 -9.88 -17.34 59.09 -0.79 5.39 -15.88 -0.01 0.77 -2.12 -2.37 2.72 5.55 -0.91 3.97 -9.04 -0.4 2.33 -13.03 10.4 14.94 -14.88 -3.18 18.33 7.62 -0.69 9.02 5.86 0 0 0 38.63 -34.97 -51.39 33.91 -44.02 -14.05 -0 0 -61.51 4.16 17.4 1.24 -7.12 0 -0 -22.26 46.15 -0.66 0 0 0 -19.15 14.83 -29.74 -49.95 52.98 -26.14 0 -0 -69.3 -20.12 3.07 -1.12 7.12 -0 -0 4.95 -26.7 2.2
-22.8 14.43 6.21 -175.13 3.35 -173.64 0 0 0 -12.08 7.21 -45.07 12.89 18.74 68.8 -0.22 -20.31 -12.41 0.28 -3.42 -9.46 0 0 0 20.73 -3.73 -31.12 -8.96 -16.78 55.96 -2.27 3.89 -27.58 -0 -0.28 0.77 -1.29 2.87 5.47 -0.66 4.34 -9.05 -0.78 2.42 -12.93 10.63 15.3 -14.66 -3.25 18.84 7.93 -0.68 9.27 5.99 0 0 0 37.4 -35.56 -52.83 31.79 -42.38 -12.6 -0 0 -61.03 2.2 17.72 0.67 -7.12 0 -0 -24.12 46.2 -0.76 0 0 0 -17.03 12.26 -31.42 -49.67 52.86 -25.91 0 -0 -73.97 -17.57 1 -0.32 7.12 -0 -0 7.01 -28.9 2.77
-22.53 14.16 6.19 -174.71 4.17 -172.83 0 0 0 -14.63 4.46 -44.78 12.42 18.56 67.31 1.29 -14.53 -21.32 0.03 -1.15 -3.18 0 0 0 22.45 -2.73 -32.7 -9.74 -17.26 58.62 -2.92 2.95 -31.67 -0.01 -0.54 1.48 -0.07 3.2 5.45 -0.59 4.96 -9.22 -1.49 2.61 -13.02 11 15.68 -14.02 -3.91 19.44 7.8 -0.88 9.54 5.98 0 0 0 35.22 -35.76 -53.57 30.27 -41.12 -11.59 -0 0 -60.54 0.59 17.63 0.18 -7.12 0 -0 -25.49 45.92 -0.62 0 0 0 -14.8 9.78 -33.13 -49.1 52.62 -25.45 0 -0 -77.94 -15.25 -0.85 0.23 7.12 -0 -0 8.97 -30.79 3.15
-22.34 13.97 6.19 -174.35 6.07 -172.58 0 0 0 -15.23 1.4 -42.62 11.87 18.33 65.57 2.63 -5.85 -29.45 0.1 2.08 5.73 0 0 0 22.96 -3.99 -36.91 -11.65 -18.24 64.87 -2.66 6.7 -29.55 -0 0.01 -0.02 1.34 3.77 6.03 -0.4 5.84 -8.9 -2.22 2.87 -12.87 11.68 16.25 -13.6 -5.28 20.3 7.33 -1.29 9.87 6.04 0 -0 0 31.91 -34.92 -53.4 29.7 -40.63 -11.21 -0 0 -61.03 -0.86 17.42 -0.26 -7.12 0 -0 -26.65 45.55 -0.39 0 -0 0 -11.83 7.35 -35.39 -49 52.58 -25.38 0 -0 -80.83 -12.36 -1.81 0.4 7.12 -0 -0 11.36 -31.7 3.76
-22.12 13.81 6.23 -174.7 7.88 -172.84 0 0 0 -14.31 -0.72 -42.32 12.36 18.54 67.13 2.82 -1.64 -31.4 0 0.35 0.97 0 0 0 22.06 -6.26 -42.09 -14.18 -19.17 72.76 -1.53 13.32 -22.7 -0 0.17 -0.46 1.05 4.26 7.43 -0.22 6.39 -8.37 -2.05 3.11 -13.16 11.93 16.76 -13.32 -5.98 21.03 6.55 -1.48 10.18 5.9 0 -0 0 28.62 -33.72 -52.7 29.08 -40.09 -10.81 -0 0 -61.89 -2.27 17.5 -0.68 -7.12 0 -0 -27.9 45.44 -0.33 0 -0 0 -7.65 4.95 -37.67 -49.33 52.72 -25.64 0 -0 -83.28 -9.55 -2.44 0.41 7.12 -0 -0 13.67 -32.24 4.38
-21.82 13.7 6.27 -176.2 8.59 -173.31 0 0 0 -14.43 0.09 -42.84 12.7 18.67 68.19 2.7 -0.41 -31.04 0.11 -2.15 -5.93 0 0 0 19.14 -9.35 -48.01 -16.86 -19.76 80.8 0.72 20.84 -8.04 -0.22 -3 8.29 -0.93 4.39 8.82 -0.49 6.13 -7.83 -1.31 3.1 -13.58 12.2 17.12 -13.14 -6.34 21.47 5.76 -1.6 10.38 5.73 0 0 0 26.05 -32.61 -51.95 28.14 -39.24 -10.21 -0 0 -62.85 -3.42 17.85 -1.05 -7.12 0 -0 -29.04 45.61 -0.48 0 0 0 -3.09 3.28 -39.41 -48.35 52.31 -24.86 0 -0 -85.23 -8.23 -2.92 0.42 7.12 -0 -0 14.79 -32.67 4.6
-21.5 13.71 6.3 -176.83 9.11 -173.44 0 0 0 -13.78 2.3 -43.1 12.6 18.63 67.87 2.66 -1.38 -30.55 0.22 -3.05 -8.41 0 0 0 16.06 -11.62 -52.73 -18.53 -19.95 85.71 1.94 23.74 7.86 -0.63 -5.08 14.15 -1.36 4.46 9.91 -0.81 6.03 -7.41 -1.47 3.03 -13.78 12.14 17.18 -13.1 -6.8 21.57 5.07 -1.74 10.39 5.55 -0 0 0 23.75 -32.27 -52.03 26.84 -38.03 -9.4 -0 0 -62.49 -4.36 17.91 -1.34 -7.12 0 -0 -29.87 45.54 -0.44 -0 0 0 0.94 1.73 -40.04 -45.99 51.24 -23.01 0 -0 -86.96 -6.79 -3.47 0.41 7.12 -0 -0 16.03 -33.15 4.82
-21.19 13.72 6.34 -176.16 9.63 -172.82 0 0 0 -11.6 4.34 -44.11 12.56 18.62 67.76 2.64 -3.69 -29.85 0.13 -2.29 -6.3 0 0 0 13.42 -11.8 -56.14 -19.35 -19.99 88.1 1.81 23.02 9.72 -0.24 -3.13 8.65 -0.22 4.52 10.52 -0.83 6.25 -7.21 -2.21 3 -13.78 11.94 17.17 -13.09 -7.6 21.63 4.42 -1.97 10.37 5.43 -0 0 0 21.21 -32.44 -52.82 25.58 -36.79 -8.63 -0 0 -62.24 -4.61 18.04 -1.43 -7.12 0 -0 -30.14 45.62 -0.51 -0 0 0 4.35 -0.01 -39.86 -43.4 49.96 -21 0 -0 -87.93 -5.78 -4.16 0.42 7.12 -0 -0 16.96 -33.77 4.85
-20.83 13.77 6.38 -175.48 9.68 -172.07 0 0 0 -9.33 5.56 -44.79 12.31 18.52 66.98 2.46 -4.34 -28.65 0.19 -2.77 -7.64 0 0 0 10.12 -11.14 -57.78 -19.48 -19.99 88.48 0.78 15.7 2.62 -0.03 -1.08 2.98 0.61 4.39 11.05 -0.73 6.2 -7.01 -2.57 2.89 -13.8 11.98 17.39 -12.87 -8.75 22.02 3.76 -2.28 10.49 5.37 -0 -0 0 18.38 -32.43 -53.65 24.44 -35.63 -7.96 -0 0 -61.85 -5.25 18.03 -1.63 -7.12 0 -0 -30.69 45.54 -0.45 -0 -0 0 7.31 -1.37 -39.67 -40.51 48.37 -18.82 0 -0 -88.23 -4.94 -4.43 0.38 7.12 -0 -0 17.69 -33.99 4.98
-20.39 13.88 6.45 -175.04 9.12 -171.48 0 0 0 -7.09 6.07 -44.72 11.67 18.25 64.95 2.14 -4.55 -26.63 0.25 -3.25 -8.96 0 0 0 6.79 -10.12 -57.43 -18.7 -19.96 86.2 0.04 5.35 -2.33 -0.07 -1.67 4.59 0.46 4.11 11.74 -0.61 5.76 -6.68 -2.3 2.68 -13.89 12.29 17.79 -12.98 -9.92 22.57 3.17 -2.58 10.68 5.43 0 0 0 15.64 -31.98 -53.84 23.64 -34.78 -7.5 -0 0 -61.8 -5.71 17.98 -1.77 -7.12 0 -0 -31.05 45.44 -0.37 0 0 0 10.42 -2.3 -40.08 -37.81 46.71 -16.82 0 -0 -88.62 -4.36 -4.44 0.34 7.12 -0 -0 18.15 -33.97 5.13
-19.88 14.02 6.52 -174.65 8.51 -170.82 0 0 0 -4.78 6.62 -44.33 10.78 17.82 62.05 1.76 -4.95 -24 0.24 -3.18 -8.79 0 0 0 4.26 -8.46 -55.7 -17.04 -19.79 81.33 0.03 -3.33 -1.77 -0.39 -4.02 11.12 -0.12 3.88 12.34 -0.71 5.29 -6.32 -2.01 2.49 -13.89 12.66 18.12 -13.17 -10.87 22.93 2.33 -2.84 10.79 5.39 -0 -0 0 13.55 -31.48 -53.73 22.78 -33.85 -7.02 -0 0 -61.49 -6.32 18 -1.96 -7.12 0 -0 -31.56 45.38 -0.33 -0 -0 0 14.08 -3.09 -40.24 -35.37 45.07 -15.07 0 -0 -88.26 -4.18 -4.52 0.33 7.12 -0 -0 18.3 -34.03 5.15
-19.33 14.14 6.59 -174.48 8.41 -169.95 0 0 0 -2.7 7.67 -44.1 9.86 17.33 59.01 1.38 -5.23 -21.14 0.2 -2.91 -8.02 0 0 0 2.8 -6.21 -53.37 -14.78 -19.33 74.57 -0.01 -6.03 4.59 -0.65 -5.14 14.31 -0.98 3.8 12.62 -1.15 4.93 -6.03 -1.94 2.37 -13.77 12.9 18.26 -13.28 -11.55 23.03 1.39 -3.08 10.8 5.23 -0 -0 0 12.16 -31.5 -54.66 21.44 -32.33 -6.28 -0 0 -59.88 -7.43 18.02 -2.31 -7.12 0 -0 -32.5 45.26 -0.23 -0 -0 0 18.06 -3.78 -39.49 -33 43.33 -13.42 0 -0 -87.79 -3.99 -4.76 0.33 7.12 -0 -0 18.51 -34.26 5.1
-18.73 14.22 6.68 -174.29 8.54 -168.93 0 0 0 -0.49 8.9 -44.22 9.1 16.87 56.43 1.05 -5.06 -18.3 0.19 -2.81 -7.74 0 0 0 3.22 -4.61 -51.4 -13.15 -18.83 69.58 -0.19 -1.3 7.88 -0.13 -2.32 6.4 -2.08 3.76 12.72 -1.7 4.61 -5.85 -1.85 2.29 -13.67 13.11 18.31 -13.44 -12.04 23.01 0.79 -3.25 10.76 5.16 0 -0 0 10.97 -31.42 -55.18 20.46 -31.2 -5.77 -0 0 -59.58 -7.26 18.33 -2.3 -7.12 0 -0 -32.52 45.54 -0.49 0 -0 0 21.92 -3.94 -38.83 -30.6 41.4 -11.81 0 -0 -87.05 -3.87 -5.12 0.35 7.12 -0 -0 18.68 -34.59 5
-18.1 14.26 6.79 -174.15 8.16 -167.83 0 0 0 1.79 9.2 -44.69 8.47 16.46 54.26 0.72 -4.03 -15.2 0.13 -2.33 -6.43 0 0 0 5.53 -4.68 -51.15 -12.92 -18.75 68.87 0.01 3.54 4.62 -0.05 1.44 -3.96 -3.43 3.6 12.95 -2.27 4.08 -5.68 -1.61 2.13 -13.68 13.33 18.38 -13.62 -12.46 23.03 0.29 -3.4 10.75 5.11 -0 0 0 10.16 -31.34 -55.51 19.57 -30.12 -5.31 -0 0 -58.77 -7.55 18.3 -2.38 -7.12 0 -0 -32.74 45.47 -0.43 -0 0 0 25.8 -3.47 -39.19 -28.43 39.51 -10.4 0 -0 -85.9 -3.57 -5.28 0.33 7.12 -0 -0 18.95 -34.73 5.01
-17.46 14.3 6.93 -174.35 7.14 -166.79 0 0 0 3.5 8.16 -45.62 7.98 16.11 52.51 0.4 -1.13 -11.55 0.02 -0.85 -2.35 0 0 0 8.3 -5.33 -52.45 -13.12 -18.82 69.49 0.08 5.14 1.87 -0.18 2.7 -7.45 -4.87 3.23 13.73 -2.88 3.23 -5.44 -1.31 1.83 -13.92 13.57 18.57 -13.72 -13.25 23.22 -0.39 -3.63 10.8 5.07 0 0 0 9.18 -31.26 -56.06 18.94 -29.35 -5 -0 0 -58.12 -7.69 18.31 -2.43 -7.12 0 -0 -32.86 45.47 -0.43 0 0 0 29.83 -2.84 -39.78 -27.11 38.28 -9.56 0 -0 -84.65 -3.32 -5.53 0.32 7.12 -0 -0 19.21 -34.95 4.98
-16.88 14.36 7.11 -174.57 6.26 -165.73 0 0 0 4.28 7.38 -47.91 7.89 16.03 52.15 0.06 3.89 -7.69 0.1 2.08 5.73 0 0 0 10.84 -5.44 -55.01 -13.56 -18.98 70.86 0.1 5.53 1.89 -0.13 2.31 -6.37 -5.9 2.96 15.06 -3.42 2.53 -5.16 -1.22 1.57 -14.44 13.82 18.78 -13.74 -14.36 23.48 -1.14 -3.95 10.87 5.05 0 -0 0 7.93 -31.14 -56.4 18.44 -28.71 -4.76 -0 0 -57.65 -7.85 18.41 -2.49 -7.12 0 -0 -33.05 45.54 -0.49 0 -0 0 33.56 -2.6 -39.7 -26.32 37.52 -9.08 0 -0 -83.47 -3.3 -5.78 0.33 7.12 -0 -0 19.28 -35.19 4.88
-16.36 14.38 7.31 -174.5 6.07 -164.85 0 0 0 4.21 8.08 -52.06 8.55 16.51 54.53 -0.19 8.05 -5.22 0.58 4.87 13.53 0 0 0 13.05 -4.57 -57.81 -14.21 -19.18 72.84 0.11 5.77 2.54 -0.03 1.18 -3.25 -6.32 2.97 16.71 -3.9 2.27 -4.75 -1.54 1.47 -14.96 13.97 18.94 -13.8 -15.27 23.66 -1.77 -4.2 10.92 5.03 -0 -0 0 6.72 -31.29 -56.87 17.87 -27.98 -4.49 -0 0 -57.19 -7.81 18.77 -2.53 -7.12 0 -0 -33.21 45.84 -0.78 -0 -0 0 36.72 -2.4 -39.16 -25.5 36.71 -8.58 0 -0 -82.87 -3.42 -5.85 0.35 7.12 -0 -0 19.2 -35.26 4.82
-15.89 14.32 7.5 -174.5 6.3 -164.39 0 0 0 2.87 9.74 -57.03 9.99 17.41 59.46 -0.04 4.24 -4.22 0.44 4.27 11.83 0 0 0 14.67 -3.21 -59.6 -14.8 -19.34 74.62 0.14 6.71 1.55 -0 -0.03 0.09 -6.7 3.14 18.35 -4.32 2.27 -4.23 -1.89 1.47 -15.34 14.07 19.02 -13.68 -15.82 23.82 -1.88 -4.35 10.99 5.1 0 0 0 5.24 -31.85 -57.28 17.27 -27.21 -4.21 -0 0 -56.68 -7.76 19.36 -2.59 -7.12 0 -0 -33.48 46.35 -1.26 0 0 0 39.35 -1.59 -39.07 -24.55 35.74 -8.02 0 -0 -82.02 -3.57 -5.73 0.36 7.12 -0 -0 19.06 -35.16 4.83
-15.46 14.17 7.65 -174.43 6.28 -163.97 0 0 0 -0.06 11.14 -62.66 12.34 18.53 67.07 0.03 -7.16 -5.64 0 -0.39 -1.08 0 0 0 16.38 -2 -60.1 -15.1 -19.41 75.54 0.09 8.17 -3.7 -0.05 -1.4 3.86 -6.65 3.14 19.53 -4.54 2.17 -3.78 -2.18 1.41 -15.51 14.19 19.03 -13.44 -16.04 24.02 -1.08 -4.37 11.1 5.38 -0 -0 0 2.99 -32.25 -56.5 16.64 -26.38 -3.92 -0 0 -55.95 -8.11 19.5 -2.72 -7.12 0 -0 -33.85 46.43 -1.34 -0 -0 0 41.73 0.18 -39.71 -23.66 34.8 -7.51 0 -0 -80.72 -3.59 -5.72 0.36 7.12 -0 -0 19.04 -35.14 4.83
-15.09 13.93 7.78 -174.05 5.81 -162.97 0 0 0 -4.52 11.71 -68.91 15.24 19.45 75.96 -0.07 -14.63 -9.39 0.35 -3.79 -10.5 0 0 0 18.85 -0.65 -58.72 -14.57 -19.28 73.94 -0.68 9.36 -15.11 -0.17 -2.68 7.4 -5.85 2.98 19.98 -4.47 2.11 -3.59 -2.54 1.3 -15.51 14.16 18.92 -13.31 -16.09 24.12 0.25 -4.31 11.14 5.8 0 -0 0 0.1 -32.75 -54.89 15.92 -25.42 -3.61 -0 0 -56.15 -8.11 19.42 -2.71 -7.12 0 -0 -33.81 46.36 -1.28 0 -0 0 43.71 1.82 -40.19 -22.87 33.95 -7.07 0 -0 -79.16 -3.58 -5.78 0.36 7.12 -0 -0 19.07 -35.21 4.81
-14.75 13.64 7.91 -173.68 5.33 -161.32 0 0 0 -9.81 10.89 -73.87 17.43 19.84 82.46 0.02 -16.98 -12.13 0.32 -3.62 -10.01 0 0 0 21.49 1.32 -57.35 -13.74 -19.03 71.41 -2.26 8.05 -27.07 -0.22 -3 8.29 -4.94 2.89 19.91 -4.36 2.21 -3.64 -2.95 1.26 -15.49 13.97 18.72 -13.22 -16.01 24.05 1.43 -4.24 11.11 6.12 0 -0 0 -2.64 -34.16 -55.21 14.85 -23.93 -3.16 -0 0 -55.3 -7.47 19.72 -2.53 -7.12 0 -0 -33.43 46.7 -1.58 0 -0 0 45.43 2.98 -40.89 -22.25 33.26 -6.72 0 -0 -78.18 -3.8 -5.79 0.38 7.12 -0 -0 18.89 -35.22 4.75
-14.47 13.36 8.04 -173.75 5.25 -160.01 0 0 0 -14.27 8.05 -74.67 17.73 19.88 83.35 0.46 -17.1 -16.08 0.03 1.13 3.1 0 0 0 22.5 2.8 -60.38 -14.66 -19.3 74.22 -2.8 6.62 -30.38 -0.23 -3.05 8.43 -4.16 2.9 20.26 -4.38 2.4 -3.42 -3.48 1.27 -15.39 14.11 18.56 -13.03 -16.61 24.01 1.91 -4.43 11.06 6.35 0 0 0 -5.09 -35.85 -57.17 13.66 -22.25 -2.7 -0 0 -53.05 -6.68 19.92 -2.29 -7.12 0 -0 -32.88 46.98 -1.79 0 0 0 46.76 4.24 -41.51 -21.7 32.64 -6.42 0 -0 -77.61 -4.63 -6.07 0.49 7.12 -0 -0 18.29 -35.53 4.44
-14.26 13.13 8.18 -172.97 5.34 -159.79 0 0 0 -14.01 4.18 -72.32 16.99 19.78 81.18 2.06 -11.09 -25.81 0.33 3.68 10.19 0 0 0 24.26 2.66 -63.41 -15.92 -19.6 78 -2.75 7.84 -29.96 -0.28 -3.38 9.33 -2.64 2.97 21.33 -3.88 2.87 -2.7 -3.94 1.36 -15.09 14.3 18.51 -12.42 -17.59 24.17 2.24 -4.73 11.12 6.56 0 -0 0 -8.15 -37.25 -59.07 12.62 -20.73 -2.32 -0 0 -50.67 -7.97 20.49 -2.81 -7.12 0 -0 -34.29 47.28 -2.17 0 -0 0 47.25 6.05 -41.42 -20.99 31.81 -6.04 0 -0 -76.57 -5.69 -6.69 0.67 7.12 -0 -0 17.58 -36.2 3.96
-14.05 12.95 8.32 -172 5.51 -160.32 0 0 0 -10.09 1.29 -71.78 17.39 19.84 82.35 2.47 -6.41 -28.45 0.1 2.05 5.64 0 0 0 26.48 1.6 -65.42 -17.04 -19.79 81.33 -2.44 10.25 -28.11 -0.36 -3.83 10.61 -1.72 3.08 23.01 -3.32 3.31 -1.88 -4.03 1.51 -15.05 14.32 18.42 -12.49 -16.98 24.21 3.8 -4.49 11.14 6.98 -0 -0 0 -11.47 -38.48 -58.96 11.87 -19.61 -2.06 -0 0 -49.95 -7.93 21.35 -2.9 -7.12 0 -0 -34.75 48 -2.91 -0 -0 0 48.24 8.39 -40.62 -20.22 30.9 -5.64 0 -0 -76.14 -6.76 -7.09 0.84 7.12 -0 -0 16.8 -36.64 3.58
-13.79 12.83 8.42 -173.11 5.86 -161.16 0 0 0 -9.01 0.48 -71.69 17.78 19.88 83.49 2.3 -4.14 -27.75 0.06 -1.62 -4.45 0 0 0 26.41 -1.06 -68.85 -18.71 -19.96 86.24 -1.41 14.36 -22.1 -0.44 -4.27 11.85 -3.1 3.4 24.27 -3.55 3.38 -1.03 -3.59 1.68 -14.84 14.44 18.17 -13.05 -15.66 23.88 5.85 -4.08 11 7.5 0 -0 0 -14.82 -40.16 -57.02 11.49 -19.04 -1.93 -0 0 -50.04 -7.03 21.88 -2.63 -7.12 0 -0 -34.3 48.58 -3.4 0 -0 0 50.49 10.41 -38.81 -19.63 30.19 -5.34 0 -0 -75.57 -7.26 -7.4 0.94 7.12 -0 -0 16.46 -36.97 3.36
-13.55 12.84 8.51 -173.77 6.71 -161.77 0 0 0 -8.85 1.54 -71.05 17.55 19.86 82.82 2.21 -3.02 -27.33 0.27 -3.35 -9.26 0 0 0 25.59 -3.93 -73.06 -20.39 -20 91.13 0.63 19.85 -7.9 -1.05 -6.53 18.32 -3.55 3.8 25.19 -3.86 3.8 -0.46 -3.89 1.92 -14.67 14.45 17.77 -13.54 -14.52 23.39 8.26 -3.73 10.77 8.14 0 -0 0 -18.78 -41.84 -54.08 11.21 -18.61 -1.84 -0 0 -49.38 -6.57 22.28 -2.5 -7.12 0 -0 -34.15 48.98 -3.76 0 -0 0 53.23 12.66 -36.83 -19.07 29.51 -5.07 0 -0 -74.77 -7.59 -7.76 1.03 7.12 -0 -0 16.28 -37.35 3.17
-13.32 12.88 8.62 -172.66 7.81 -161.82 0 0 0 -7.05 3.97 -71.14 17.28 19.82 82.02 2.11 -4.97 -26.39 0.06 -1.55 -4.25 0 0 0 24.53 -5.06 -77.15 -21.55 -19.94 94.55 1.47 20.93 9.81 -1.95 -8.76 25.05 -2.09 4.06 26.06 -3.79 4.56 -0.22 -4.98 2.16 -14.73 14.56 17.46 -13.66 -13.88 23.09 10.58 -3.54 10.61 8.82 0 -0 0 -23.08 -43.2 -51.81 10.85 -18.06 -1.73 -0 0 -47.86 -6.06 22.85 -2.36 -7.12 0 -0 -34.06 49.54 -4.26 0 -0 0 55.93 15.98 -36.07 -18.19 28.4 -4.64 0 -0 -72.91 -9 -7.84 1.24 7.12 -0 -0 15.14 -37.51 2.87
-13.03 12.99 8.73 -171.98 8.56 -161.81 0 0 0 -5.55 6.23 -70.86 16.67 19.73 80.21 1.84 -7.32 -24.37 0.02 0.9 2.46 0 0 0 21.64 -5.37 -79.54 -22.07 -19.9 96.05 1.01 18.04 11.56 -0.95 -6.2 17.37 -1.36 4.14 26.82 -3.82 4.89 -0.04 -5.62 2.25 -14.86 14.74 17.41 -13.66 -13.18 23.07 12.69 -3.3 10.61 9.47 -0 0 0 -26.96 -44.07 -50.13 10.45 -17.44 -1.61 -0 0 -45.79 -5.08 24.14 -2.08 -7.12 0 -0 -34.01 50.78 -5.38 -0 0 0 58.88 19.59 -35.26 -17.07 26.94 -4.12 0 -0 -69.6 -10.24 -8.42 1.51 7.12 -0 -0 14.23 -38.16 2.46
-12.67 13.18 8.84 -172.1 8.55 -161.77 0 0 0 -4.55 7.11 -69.68 15.54 19.52 76.87 1.5 -7.26 -21.95 0.01 0.67 1.84 0 0 0 17.26 -5.64 -79.64 -21.94 -19.91 95.67 0.3 9.65 3.75 -0.29 -3.46 9.57 -1.06 3.95 27.31 -4.52 4.69 -0.22 -6.16 2.2 -14.56 14.83 17.34 -13.68 -11.78 22.79 14.31 -2.88 10.56 9.81 0 -0 0 -29.73 -44.76 -47.64 10.22 -17.08 -1.54 -0 0 -45.03 -2.2 27.14 -1 -7.12 0 -0 -33.5 53.79 -7.93 0 -0 0 62.85 22.62 -33.55 -16.25 25.86 -3.75 0 -0 -66.77 -11.28 -8.95 1.78 7.12 -0 -0 13.47 -38.77 2.11
-12.26 13.4 8.97 -172.02 7.91 -161.49 0 0 0 -3.1 7.22 -68.35 14.21 19.18 72.85 1.16 -6.56 -19.27 0 0.29 0.79 0 0 0 13.34 -5.39 -77.62 -20.85 -19.98 92.49 0.01 1.65 1.07 -0.36 -3.84 10.63 -0.44 3.66 27.35 -4.95 4.5 0 -6.88 2.09 -14.28 14.76 17.14 -13.88 -10.43 22.28 15.65 -2.5 10.4 10.06 0 0 0 -32.5 -45.15 -41.15 10.3 -17.21 -1.56 -0 0 -45.29 0.83 31.57 0.43 -7.12 0 -0 -34.28 58.08 -11.87 0 0 0 66.85 24.86 -29.59 -15.74 25.17 -3.54 0 -0 -65.03 -13.67 -8.29 2.01 7.12 -0 -0 11.32 -38.28 1.9
-11.8 13.62 9.09 -171.59 7.07 -161.02 0 0 0 -1.23 7.66 -67.25 12.84 18.72 68.63 0.81 -6.29 -16.07 0.01 0.55 1.5 0 0 0 11.09 -4.21 -73.48 -18.69 -19.96 86.18 -0.09 -0.84 5.38 -0.38 -3.96 10.97 0.48 3.3 27.17 -5.42 4.29 0.03 -7.83 1.93 -14.11 14.88 16.97 -14.05 -9.16 21.74 16.82 -2.17 10.24 10.29 0 -0 0 -34.85 -45 -32.89 10.59 -17.66 -1.65 -0 0 -45.63 3.65 35.73 2.13 -7.12 0 -0 -35.8 62.13 -16 0 -0 0 71.34 26.6 -24.56 -15.4 24.7 -3.39 0 -0 -63.82 -18.33 -8.22 2.71 7.12 -0 -0 7.36 -38.54 1.18
-11.29 13.81 9.2 -171.58 5.93 -160.51 0 0 0 0.38 7.8 -66.21 11.5 18.17 64.39 0.51 -5.76 -12.76 0.02 0.86 2.37 0 0 0 11.02 -3.46 -68.75 -16.47 -19.7 79.62 -0.01 4.91 7.45 -0 -0.4 1.09 0.1 3.22 26.53 -5.24 4.08 0.23 -7.78 1.8 -14.21 14.87 16.77 -14.19 -8.1 21.21 17.92 -1.89 10.06 10.51 0 0 0 -37.79 -44.69 -24.12 11.27 -18.71 -1.86 -0 0 -47.69 11.52 40.31 7.51 -7.12 0 -0 -33.87 68 -19.57 0 0 0 75.6 28.01 -19.85 -15.37 24.66 -3.38 0 -0 -64.03 -21.27 -11.33 4.37 7.12 -0 -0 5.27 -42.06 0.38
-10.75 13.96 9.32 -172.11 4.17 -160.25 0 0 0 1.41 7.12 -65.41 10.33 17.59 60.57 0.28 -4.18 -9.46 0.02 0.85 2.34 0 0 0 13.75 -5.08 -66.86 -15.52 -19.51 76.81 0.21 8.21 4.6 -0.12 2.25 -6.2 -1.35 3.35 25.55 -4.73 3.9 0.34 -6.16 1.86 -13.7 14.55 16.41 -14.5 -7.62 20.66 18.91 -1.76 9.81 10.77 -0 0 0 -41.53 -44.38 -12.04 12.06 -19.9 -2.12 -0 0 -47.94 18.2 45.6 13.22 -7.12 0 -0 -37.44 74.29 -26.79 -0 0 0 78.1 28.93 -13.51 -15.12 24.31 -3.27 0 -0 -63.1 -24.32 -14.92 6.64 7.12 -0 -0 3.07 -46.26 -0.1
-10.23 14.09 9.45 -172.48 2.13 -159.97 0 0 0 1.89 6.23 -65.61 9.5 17.12 57.81 0.11 -0.95 -6.08 0.09 1.9 5.23 0 0 0 17.07 -6.88 -67.33 -15.19 -19.44 75.81 0.22 8.31 3.64 -0.1 2 -5.5 -2.13 3.46 24.6 -4.06 3.92 0.48 -4.84 1.96 -13.1 14.22 15.94 -14.67 -7.72 20.12 19.38 -1.84 9.51 10.89 0 -0 0 -45.08 -43.43 3.66 13.83 -22.49 -2.76 -0 0 -49.42 22.69 49.75 17.7 -7.12 0 -0 -47.14 78.71 -38.24 0 -0 0 79.14 28.92 -3.84 -15.39 24.68 -3.39 0 -0 -63.78 -28.78 -17.78 9.52 7.12 -0 -0 -0.76 -50.08 0.1
-9.76 14.2 9.59 -172.45 0.66 -159.95 0 0 0 1.25 6.38 -66.73 9.35 17.03 57.3 0.02 2.02 -4.25 0.46 4.33 12.02 0 0 0 18.76 -6.84 -67 -14.83 -19.35 74.73 0.41 11.28 4.15 -0.22 3.01 -8.29 -2.11 3.53 23.75 -3.43 4.11 0.63 -4.11 2.07 -12.5 13.79 15.53 -14.79 -7.74 19.68 19.85 -1.86 9.26 10.99 -0 -0 0 -46.56 -41.02 20.87 17.43 -27.41 -4.28 -0 0 -51.89 28.54 53.36 23.58 -7.12 0 -0 -66.36 82.56 -59.33 -0 -0 0 79.2 27.76 10.16 -17.13 27.03 -4.15 0 -0 -67.4 -33.8 -18.85 12.21 7.12 -0 -0 -5.8 -52.23 1.04
-9.36 14.22 9.7 -172.43 -0.18 -160.51 0 0 0 -1.02 7.47 -68.46 10.44 17.65 60.96 0.06 -1.41 -4.46 0.43 4.22 11.7 0 0 0 20.09 -6.45 -66.22 -14.73 -19.32 74.43 0.54 13.03 2.97 -0.36 3.85 -10.64 -1.58 3.51 23.12 -3.13 4.25 0.64 -4.05 2.11 -12.12 13.34 15.19 -15.12 -6.86 19.07 21.06 -1.58 8.99 11.28 0 -0 0 -45.43 -37.74 36.16 23.16 -34.26 -7.23 -0 0 -54.59 34.61 55.74 29.7 -7.12 0 -0 -93.27 -84.59 98.71 0 -0 0 77.98 25.36 26.47 -20.67 31.44 -5.88 0 -0 -70.72 -39.18 -19.15 14.97 7.12 -0 -0 -11.66 -53.73 2.53
-9.02 14.16 9.8 -172.67 -0.96 -161.52 0 0 0 -5.14 8.51 -69.77 12.71 18.67 68.21 0.09 -8.08 -7.33 0.08 1.79 4.94 0 0 0 21.49 -6.48 -65.22 -14.85 -19.35 74.8 0.42 12.4 -0.53 -0.42 4.14 -11.47 -1.04 3.32 22.46 -2.93 4.14 0.54 -4.05 2.03 -11.85 13.09 14.82 -15.66 -5.81 18.29 22.52 -1.27 8.67 11.71 0 0 0 -42.95 -34.29 48.2 31.87 -42.44 -12.65 -0 0 -54.78 39.58 53.99 33.77 -7.12 0 -0 -100.76 -86.83 103.89 0 0 0 75.31 22.47 41.57 -26.8 37.99 -9.37 0 -0 -71.83 -42.57 -18.61 16.33 7.12 -0 -0 -15.46 -53.88 3.44
-8.72 14.08 9.89 -172.47 -1.82 -162.36 0 0 0 -9.72 9.1 -69.81 15.13 19.42 75.64 0.27 -11.48 -11.52 0.01 -0.51 -1.39 0 0 0 23 -6.32 -64.4 -15.04 -19.4 75.34 0.27 11.85 -3.69 -0.56 4.78 -13.28 -0.13 3.38 21.33 -2.4 3.87 0.31 -3.76 1.62 -11.47 12.86 14.3 -16.11 -5.34 17.45 23.32 -1.19 8.29 11.95 -0 0 0 -40.03 -31.35 57.35 44.29 -50.42 -21.69 -0 0 -47.87 38.7 49.02 31.16 -7.12 0 -0 -21.31 85.55 -19.63 -0 0 0 71.64 20.08 53.07 -36.33 45.74 -15.76 0 -0 -69.7 -43.03 -16.29 14.67 7.12 -0 -0 -15.64 -51.1 2.4
-8.49 13.96 9.96 -171.6 -2.28 -162.89 0 0 0 -13.27 8.97 -67.19 16.13 19.64 78.61 0.44 -14.14 -14.44 0 -0.15 -0.4 0 0 0 24.69 -6.11 -64.75 -15.54 -19.52 76.85 0.25 11.98 -4.25 -0.49 4.5 -12.48 0.88 3.16 19.75 -1.62 4.03 -0.16 -3.43 1.71 -11.09 12.5 13.46 -16.77 -4.78 16.13 24.07 -1.15 7.69 12.14 -0 -0 0 -37.05 -29.35 64.13 62.91 -57.04 -36.77 -0 0 -39.81 35.66 42.41 25.82 -7.12 0 -0 -3.62 78.31 -2.81 -0 -0 0 67.05 18.33 61.26 -50.41 53.16 -26.5 0 -0 -64.41 -40.41 -13.06 10.89 7.12 -0 -0 -12.5 -46.53 0.48
-8.32 13.86 9.99 -170.99 -2.11 -163.74 0 0 0 -15.47 7.43 -60.86 14.55 19.27 73.88 1.75 -12.93 -24.03 0.16 2.6 7.17 0 0 0 25.59 -6.84 -65.67 -16.36 -19.68 79.29 0.45 13.26 -1.6 -0.28 3.37 -9.32 1.26 2.98 18.16 -0.9 4.02 -0.67 -2.78 1.75 -10.8 11.86 12.44 -17.77 -3.43 14.32 25.47 -0.84 6.93 12.54 -0 -0 0 -33.79 -27.22 67.99 89.4 -60 -59.48 -0 0 -34.95 33.41 36.76 21.55 -7.12 0 -0 -0.84 71.81 -0.54 -0 -0 0 61.84 17.9 67.73 -69.48 58.35 -42.33 0 -0 -58.67 -36.89 -9.37 6.97 7.12 -0 -0 -8.88 -41.48 -0.78
-8.16 13.78 10.03 -170.9 -1.75 -165.39 0 0 0 -15.17 4.45 -55.45 13.27 18.88 69.96 3.26 -6.42 -32.89 0.3 3.54 9.78 0 0 0 25.01 -8.41 -66.47 -17.46 -19.84 82.54 0.68 14.48 4.65 -0.07 1.73 -4.77 0.95 2.68 17.43 -0.35 3.65 -1.01 -1.87 1.62 -10.83 10.69 11.06 -18.76 -1.54 11.95 26.63 -0.35 5.95 12.78 -0 0 0 -29.39 -24.66 68.09 115.46 -57.4 -81.86 -0 0 -30.46 31.96 31.29 17.96 -7.12 0 -0 0.55 65.6 0.27 -0 0 0 56.42 18.7 71.79 -91.15 59.99 -61 0 -0 -53.21 -33.82 -6.09 4.07 7.12 -0 -0 -6.03 -37.24 -1.16
-7.97 13.67 10.07 -171.32 -1.16 -167.46 0 0 0 -14.01 3.02 -53.3 13.61 18.99 70.99 3.4 -3.87 -34.07 0.28 3.41 9.41 0 0 0 22.26 -9.35 -66.4 -18.79 -19.96 86.45 0.69 15.18 10.45 -0 0.17 -0.48 0.07 2.69 17.01 -0.25 3.5 -1.16 -1.21 1.62 -10.82 9.27 9.04 -19.13 0.34 8.85 26.59 0 4.65 12.44 0 0 0 -23.78 -22.07 63.54 130.29 -52.88 -94.06 -0 0 -21.8 28.79 25.29 13.21 -7.12 0 -0 -0.98 58.31 -0.32 0 0 0 50.85 18.44 71.26 -110 58.43 -77.23 0 -0 -45.51 -30.1 -1.64 0.95 7.12 -0 -0 -2.83 -31.86 -0.91
-7.77 13.68 10.07 -172.02 -0.32 -169.37 0 0 0 -13.78 3.72 -50.79 13.48 18.95 70.6 3.42 -2.81 -34.36 0.2 2.87 7.92 0 0 0 18.89 -10.24 -64.87 -19.86 -20 89.59 0.73 15 6.44 -0.2 2.86 -7.89 -0.67 2.96 16.47 -0.44 3.81 -1.47 -1.08 1.85 -10.89 7.26 6.64 -19.49 2.35 5.35 26.87 0.48 3.12 12.31 0 -0 0 -17.84 -18.48 54.78 135.01 -50.76 -97.77 -0 0 -18.99 23.32 21.44 8.95 -7.12 0 -0 -5.62 53.05 -1.11 0 -0 0 44.56 15.42 66.3 -121.73 55.83 -87.09 0 -0 -35.52 -28.2 4.84 -2.59 7.12 -0 -0 -1.15 -24.49 -0.57
-7.61 13.72 10.06 -172.5 0.65 -170.72 0 0 0 -13.58 4.8 -48.61 13.13 18.83 69.54 3.39 -2.5 -34.31 0.19 2.84 7.83 0 0 0 16.06 -11.18 -63.09 -20.8 -19.98 92.33 0.06 7.75 -4.08 -0.06 1.63 -4.48 -0.28 3.21 15.98 -0.64 4.17 -2.15 -1.61 1.97 -11.32 4.86 4.39 -19.59 4 2.3 27.35 0.99 1.69 12.36 -0 0 0 -12.03 -13.24 45.08 130.92 -52.62 -94.56 -0 0 -23.49 17.69 20.99 6.52 -7.12 0 -0 -11.1 51.58 -1.82 -0 0 0 37.3 10.54 58.72 -125.23 54.75 -89.98 0 -0 -28.88 -28.4 9.51 -5.11 7.12 -0 -0 -1.02 -19.2 -0.63
-7.45 13.78 10.04 -172.6 1.15 -171.3 0 0 0 -12.91 5.6 -47.34 12.8 18.71 68.51 3.31 -2.58 -33.88 0.18 2.77 7.63 0 0 0 14.21 -11.53 -61.02 -20.8 -19.98 92.34 -0.5 -1.22 -13.79 -0.34 -3.74 10.34 0.36 3.12 15.12 -0.54 4.19 -3.03 -1.84 1.93 -11.77 3.01 2.55 -19.26 4.61 0.09 27.23 1.16 0.56 12.23 -0 -0 0 -6.64 -7.61 37.73 113.15 -57.88 -79.9 -0 0 -24.43 7.78 20.36 2.72 -7.12 0 -0 -20.27 49.4 -2.28 -0 -0 0 29.44 5.84 51.12 -118.52 56.69 -84.42 0 -0 -30.24 -26.72 10.75 -5.37 7.12 -0 -0 0.26 -17.98 0.16
-7.24 13.87 10 -173.17 0.98 -171.45 0 0 0 -12.65 5.87 -46.39 12.35 18.53 67.09 3.16 -2.62 -33.06 0.15 2.52 6.95 0 0 0 12.8 -11.25 -57.78 -18.59 -19.95 85.87 -0.71 -6.71 -19.7 -1.17 -6.85 19.29 -0.05 2.78 14.17 -0.36 3.69 -3.9 -1.26 1.73 -12.25 1.8 1.06 -18.79 4.49 -1.5 26.56 1.05 -0.3 11.88 0 -0 0 -1.94 -3.49 34.03 77.49 -59.4 -49.19 -0 0 -23.64 -1.01 18.52 -0.32 -7.12 0 -0 -27.3 46.51 -1.1 0 -0 0 22.21 2.95 44.91 -95.38 59.89 -64.65 0 -0 -30.71 -21.03 10.51 -4.01 7.12 -0 -0 4.25 -18.76 2.67
-7 13.95 9.96 -173.75 0.7 -171.44 0 0 0 -12.35 6.29 -45.65 11.9 18.35 65.68 3.03 -2.74 -32.3 0.1 2 5.51 0 0 0 12.27 -10.09 -52.55 -13.74 -19.03 71.4 -0.61 -10.22 -21.83 -1.02 -6.42 18 -0.58 2.28 13.22 -0.28 2.96 -4.66 -0.69 1.44 -12.6 0.97 -0.12 -18.37 4.36 -2.75 25.74 0.95 -0.96 11.5 -0 0 0 1.77 -1.78 32.51 41.68 -49.04 -19.7 -0 0 -18.53 -3.96 18.58 -1.26 -7.12 0 -0 -29.86 46.18 -0.95 -0 0 0 17.22 3.71 40.59 -56.69 55.36 -31.6 0 -0 -24.7 -14.98 9.98 -2.66 7.12 -0 -0 8.54 -19.72 5.22
-6.77 13.96 9.93 -174.08 0.77 -171.31 0 0 0 -11.69 7.05 -45.61 11.77 18.29 65.25 2.97 -3.07 -31.88 0.05 1.44 3.97 0 0 0 12.46 -9.5 -48.24 -10.18 -17.51 60.09 -0.49 -9.98 -20.37 -0.16 -2.59 7.14 -0.67 1.78 12.31 -0.31 2.32 -5.26 -0.5 1.16 -12.73 0.42 -1.01 -18.42 4.14 -3.68 25.14 0.82 -1.45 11.31 0 0 0 3.58 -1.69 27.38 21.06 -31.9 -6.08 -0 0 -4.31 -2.4 21.45 -0.88 -7.12 0 -0 -30.03 48.89 -3.14 0 0 0 15.16 8.36 35.37 -26.94 38.12 -9.46 0 -0 -9.26 -12.94 6.82 -1.56 7.12 -0 -0 10.14 -23.01 5.45
-6.56 13.95 9.94 -174.31 1.61 -171.24 0 0 0 -11.01 8.01 -45.77 11.73 18.27 65.13 2.9 -3.12 -31.51 0.03 1.07 2.94 0 0 0 13.18 -10.01 -48.4 -10.06 -17.45 59.7 -0.76 -6.63 -20.23 -0.09 -1.98 5.45 -0.61 1.6 12.26 -0.44 2.1 -5.65 -0.64 1.06 -13.14 -0.34 -1.87 -18.91 4.25 -4.51 24.13 0.86 -1.85 11.06 -0 0 0 3.79 -0.24 11.33 12.72 -20.88 -2.35 -0 -0 15.12 -2.75 23.96 -1.12 -7.12 0 -0 -31.83 51 -5.15 -0 0 0 15.81 12.57 18.03 -13.23 21.62 -2.54 0 0 12.71 -10.32 -0.33 0.06 7.12 -0 -0 12.77 -30.17 4.73
-6.36 13.96 9.98 -174.22 3.31 -170.99 0 0 0 -10.15 9.45 -45.98 11.6 18.22 64.72 2.79 -2.89 -30.93 0.02 0.97 2.66 0 0 0 14.19 -9.75 -49.77 -10.35 -17.6 60.66 -0.82 -4.66 -19.46 -0.08 -1.86 5.13 -0.52 2.02 12.8 -0.46 2.69 -5.91 -0.88 1.32 -13.77 -1.39 -2.93 -19.19 4.37 -5.33 21.95 0.97 -2.24 10.36 0 -0 0 3.82 3.55 5.89 13.2 -21.58 -2.53 -0 -0 17.91 -1.21 21.36 -0.44 -7.12 0 -0 -28.92 48.99 -3.08 0 -0 0 17.21 12.83 -3.73 -10.56 17.61 -1.64 0 0 24.03 -12.13 -5.37 1.15 7.12 -0 -0 12.07 -35.26 2.94
-6.14 13.97 10.01 -174.3 5.05 -170.52 0 0 0 -9.47 11.01 -46.53 11.51 18.17 64.42 2.66 -2.71 -30.21 0.02 0.82 2.25 0 0 0 14.54 -8.96 -51.5 -11.04 -17.96 62.92 -0.84 -2.31 -18.26 -0.03 -1.07 2.95 -0.63 2.76 13 -0.55 3.68 -6.25 -1.19 1.78 -14.29 -2.21 -3.87 -17.99 4.29 -6.01 18.93 1.02 -2.62 9.12 -0 0 0 4.7 6.75 14.15 17.28 -27.22 -4.21 -0 -0 10.95 5.33 14.7 1.36 -7.12 0 -0 -20.19 43.76 0.64 -0 0 0 17.17 7.19 6.41 -14.49 23.42 -3.02 0 0 8.98 -15.2 -2.94 0.8 7.12 -0 -0 9.24 -32.93 2.76
-5.88 13.91 10.02 -175.01 5.83 -170.41 0 0 0 -9.18 12.23 -47.07 11.57 18.2 64.62 2.55 -2.83 -29.54 0 0.21 0.58 0 0 0 13.44 -8.91 -53.6 -12.57 -18.62 67.79 -0.84 0.61 -17.1 -0.01 0.62 -1.7 -1.06 3.09 12.61 -0.88 4.03 -6.45 -1.4 1.98 -14.29 -2.01 -4.07 -17.26 3.54 -6.09 18.07 0.75 -2.74 8.66 -0 -0 0 4.37 7.57 17.68 22.89 -33.97 -7.08 -0 -0 9.99 14.41 9.96 2.54 -7.12 0 -0 -11.02 40.01 1.37 -0 -0 0 17.44 3.25 17.21 -19.99 30.63 -5.52 0 0 4.85 -20.21 2.18 -0.8 7.12 -0 -0 4.9 -27.65 2.08
-5.59 13.83 10.03 -175.88 5.67 -171.16 0 0 0 -8.68 13.16 -46.79 11.66 18.25 64.92 2.44 -3.23 -28.75 0.01 -0.7 -1.93 0 0 0 11.04 -9.64 -54.68 -14.55 -19.27 73.87 -0.84 3.12 -16.56 -0.03 1.13 -3.1 -1.44 2.95 12.34 -0.99 3.75 -6.29 -1.22 1.88 -13.96 -1.09 -3.55 -18.03 1.99 -5.43 20.05 0.12 -2.52 9.39 -0 0 0 1.53 7.32 18.17 32.14 -42.66 -12.83 -0 -0 10.27 27.22 4.46 2.29 -7.12 0 -0 0.47 35 -0.12 -0 0 0 19.06 2.27 23.24 -26.98 38.16 -9.49 0 0 7.31 -27.24 4.82 -2.48 7.12 -0 -0 -0.43 -24.57 -0.21
-5.28 13.77 10.05 -176.35 5.25 -172.46 0 0 0 -7.49 14.12 -45.76 11.64 18.24 64.85 2.26 -3.74 -27.5 0.07 -1.69 -4.66 0 0 0 7.73 -10.03 -54.16 -16.44 -19.69 79.54 -0.8 3.5 -16.08 -0 0.35 -0.96 -1.27 2.77 12.58 -0.82 3.53 -5.96 -1.06 1.76 -13.72 -0.32 -2.77 -19.19 0.78 -4.53 22.87 -0.37 -2.21 10.54 0 0 0 -2.59 5.38 19.17 47.51 -51.94 -24.2 -0 -0 10 39.16 -1.54 -1.25 -7.12 0 -0 9.69 27.95 -4.07 0 0 0 21.57 2.63 27.29 -36.7 45.99 -16.03 0 0 10.03 -34.28 9.03 -6.11 7.12 -0 -0 -5.22 -19.12 -3.23
-4.92 13.77 10.08 -176.82 5.19 -173.48 0 0 0 -6.28 15.17 -44.35 11.23 18.05 63.52 1.98 -4.16 -25.61 0.11 -2.17 -5.97 0 0 0 3.74 -9.31 -52.82 -17.73 -19.88 83.36 -0.67 2.19 -14.93 -0.02 -0.99 2.73 -1.22 2.69 12.65 -0.72 3.42 -5.75 -0.94 1.71 -13.52 0.62 -1.79 -20.04 0.09 -3.54 25.45 -0.69 -1.81 11.64 0 -0 0 -6.16 1.13 22.09 69.27 -58.31 -42.15 -0 -0 9.81 48.17 -7.7 -8.52 -7.12 0 -0 15 18.71 -9.73 0 -0 0 24.46 4.68 31.41 -48.01 52.16 -24.6 0 0 13.12 -41.01 14.25 -12.08 7.12 -0 -0 -8.97 -11.56 -7.08
-4.49 13.87 10.09 -177.71 5.62 -173.98 0 0 0 -5.59 16.27 -42.31 10.19 17.52 60.13 1.57 -3.98 -22.76 0.16 -2.57 -7.08 0 0 0 -0.44 -7.62 -51.2 -18.14 -19.92 84.55 -0.46 -0.54 -13 -0.15 -2.49 6.87 -1.89 2.75 12.08 -0.8 3.4 -5.62 -0.61 1.76 -13.05 1.67 -0.62 -20.62 -0.4 -2.35 27.57 -0.91 -1.29 12.57 -0 -0 0 -9.43 -5.23 26.12 93.23 -59.96 -62.8 -0 -0 12.32 54.21 -13.16 -17.53 -7.12 0 -0 17.38 8.95 -15.2 -0 -0 0 27.61 8.7 36.06 -58.28 55.83 -32.91 0 0 17.22 -48.9 19.6 -21.03 7.12 -0 -0 -12.63 -2.13 -12.46
-3.97 14.07 10.09 -178.88 6.46 -174.3 0 0 0 -5.2 17.25 -38.94 8.49 16.47 54.31 1.09 -2.58 -19.02 0.29 -3.46 -9.57 0 0 0 -3.9 -5.45 -49.11 -17.58 -19.86 82.91 -0.15 -4.57 -10.34 -0.44 -4.24 11.75 -2.68 2.96 11 -1.1 3.55 -5.4 -0.46 1.89 -12.17 2.49 0.59 -20.78 -0.85 -1 29.28 -1.04 -0.73 13.32 -0 -0 0 -12.84 -12.98 31.38 112.37 -58.02 -79.25 -0 -0 15.55 58.17 -14.9 -22.5 -7.12 0 -0 19.16 4.42 -18.72 -0 -0 0 31.73 14.61 41.26 -65.04 57.51 -38.56 0 0 21.4 -56.8 23.93 -31.8 7.12 -0 -0 -15.84 7.75 -18.5
-3.38 14.37 10.07 -179.73 7.5 -174.61 0 0 0 -4.3 17.45 -33.52 6.21 14.63 45.82 0.57 0.51 -14.43 0.48 -4.45 -12.36 0 0 0 -5.32 -3.16 -46.16 -16.06 -19.62 78.42 0.25 -9.47 -7.14 -0.85 -5.88 16.43 -2.79 3.09 9.8 -1.49 3.74 -5.19 -0.78 1.98 -11.2 3.3 2.04 -20.63 -1.56 0.75 31.23 -1.21 -0.08 14.17 0 -0 0 -17.39 -20.83 38.58 123.03 -55.45 -88.17 -0 -0 14.41 62.02 -17.74 -29.83 -7.12 0 -0 20.42 -2.48 -22.75 0 -0 0 37.91 21.66 48.47 -67.74 58.04 -40.85 0 0 22.36 -61.63 26.41 -39.48 7.12 -0 -0 -17.63 14.43 -22.4
-2.68 14.72 10.05 -179.92 8.09 -174.61 0 0 0 -2.19 14.48 -26.02 3.87 11.98 35.68 -0.02 6.92 -9.36 0.53 -4.65 -12.91 0 0 0 -3.99 -1.45 -42.44 -13.74 -19.03 71.41 0.44 -12.19 -0.75 -0.84 -5.85 16.34 -2.45 3.19 8.3 -1.71 3.96 -4.95 -1.14 2.07 -9.99 3.73 3.36 -20.43 -2.2 2.48 32.92 -1.28 0.52 14.97 0 -0 0 -23.86 -27.87 46.84 126.79 -54.21 -91.24 -0 -0 10.28 63.29 -20.38 -34.68 -7.12 0 -0 20.34 -7.47 -24.29 0 -0 0 46.2 28.32 57.17 -66.32 57.77 -39.65 0 0 19.5 -63.85 27.57 -43.31 7.12 -0 -0 -18.42 17.72 -24.19
-1.89 15.03 10.04 -179.44 7.95 -173.85 0 0 0 0.78 6.78 -18.83 2.3 9.46 27.26 -1.16 18.66 -6.46 0.04 -1.26 -3.47 0 0 0 -0.03 -0.44 -38.74 -11.19 -18.03 63.41 0 -9.03 6.24 -0.19 -2.83 7.81 -2.18 3.2 6.29 -1.66 4.09 -4.69 -1.1 2.12 -8.5 3.78 4.29 -19.82 -2.6 3.95 33.18 -1.2 1.05 15.02 -0 -0 0 -30.01 -33.18 54.29 127.67 -53.89 -91.96 -0 -0 1.24 60.66 -18.46 -29.39 -7.12 0 -0 19.5 -2.6 -21.63 -0 -0 0 56.01 33.73 65.38 -61.86 56.78 -35.89 0 0 15.17 -65.29 28.43 -45.97 7.12 -0 -0 -18.9 20.03 -25.32
-1.02 15.22 10.06 -178.91 7.34 -172.5 0 0 0 2.76 0.84 -17.13 1.9 8.66 24.73 -2.61 27.23 -12.33 1.55 7.86 22.3 0 0 0 5.38 -0.71 -36.37 -9.78 -17.28 58.74 0.15 -8.78 2.73 -0.03 1.17 -3.22 -2.72 3.35 4.14 -1.58 4.36 -4.72 -0.6 2.31 -7.34 3.64 4.78 -18.94 -2.48 4.72 32.82 -0.99 1.4 14.68 -0 0 0 -34.67 -37.86 60.89 127.14 -54.09 -91.52 -0 0 -15.06 56.53 -14.43 -20.65 -7.12 0 -0 18.37 6 -17.29 -0 0 0 66.07 36.44 72.06 -57.14 55.5 -31.97 0 0 7.25 -64.53 27.67 -44.28 7.12 -0 -0 -18.75 18.44 -24.81
-0.14 15.31 10.11 -179.02 6.17 -171.45 0 0 0 1.62 4.07 -23.21 2.78 10.33 30.05 -1.73 22.82 -4.71 0.8 5.71 15.96 0 0 0 10.1 -1.96 -34.96 -9.13 -16.89 56.54 0.29 -9.6 -4.56 -0.29 3.48 -9.63 -3.71 3.55 3 -1.76 4.64 -4.99 -0.21 2.52 -7.04 3.09 4.95 -18.52 -1.73 4.85 33.2 -0.57 1.47 14.72 0 0 0 -38.94 -41.98 66.05 124.95 -54.84 -89.74 -0 0 -33.17 48.89 -6.11 -6.95 -7.12 0 -0 15.86 20.87 -9.53 0 0 0 75.6 37 77.32 -53.65 54.37 -29.12 0 -0 -7.33 -59.61 25.39 -36.18 7.12 -0 -0 -16.89 11.59 -20.76
0.67 15.28 10.2 -179.24 4.82 -171.49 0 0 0 -1.9 8.57 -31 5.17 13.57 41.53 -0.15 7.13 -0.79 0.01 0.74 2.03 0 0 0 13.35 -3.1 -33.96 -8.95 -16.78 55.92 0.09 -7.85 -9.15 -0.41 4.11 -11.39 -3.4 3.76 3.98 -2.01 4.89 -5.2 -0.76 2.63 -7.8 2.64 5.18 -18.36 -1.32 5.15 33.79 -0.29 1.56 14.93 -0 0 0 -43.78 -44.66 69.67 119.84 -56.35 -85.53 -0 0 -46.55 40.44 8.26 6.98 -7.12 0 -0 11.98 40.48 -1.36 -0 0 0 84.24 36.17 80.92 -52.45 53.94 -28.14 0 -0 -26.33 -51.51 20.21 -23.49 7.12 -0 -0 -13.97 -0.16 -14.37
1.38 15.17 10.33 -177.96 3.96 -172.09 0 0 0 -4.61 10.23 -36.61 8.48 16.46 54.26 -0.33 -11.11 -0.66 0.4 -4.05 -11.21 0 0 0 17.3 -4.74 -34.56 -9.49 -17.12 57.78 -0.15 -4.73 -10.5 -0.55 4.73 -13.15 -0.79 4.2 5.82 -1.68 5.6 -5.08 -2.08 2.79 -8.52 2.78 5.47 -18.31 -1.88 5.8 33.71 -0.42 1.8 14.93 -0 0 0 -48.32 -46.26 71.44 113 -57.9 -79.77 -0 0 -58.43 32.72 23.74 14.5 -7.12 0 -0 3.94 57.54 1.21 -0 0 0 90.3 34.77 81.34 -53.66 54.37 -29.12 0 -0 -45.75 -43.13 13.09 -11.98 7.12 -0 -0 -10.56 -12.53 -8.16
2.02 15.04 10.44 -175.61 3.74 -172 0 0 0 -6.82 10.5 -39.86 10.96 17.92 62.66 -1.5 -21.28 4.91 0.16 -2.62 -7.21 0 0 0 21.25 -7.24 -38.63 -11.04 -17.95 62.91 -0.14 1.49 -6.66 -0.48 4.46 -12.37 2.77 4.62 6.43 -0.77 6.55 -4.84 -3.23 3.06 -8.31 3.52 5.93 -18.33 -3.15 6.85 32.85 -0.86 2.23 14.67 -0 0 0 -51.67 -47 71.23 105.87 -59.03 -73.7 -0 0 -69.76 20.1 36.72 12.34 -7.12 0 -0 -19.13 67.52 -10.52 -0 0 0 92.91 34.03 80.03 -56.61 55.34 -31.53 0 -0 -64.63 -33.05 4.62 -3 7.12 -0 -0 -4.77 -24.48 -2.37
2.64 14.89 10.48 -174.96 4.52 -171.69 0 0 0 -9.3 8.17 -37.85 10.9 17.88 62.45 -1.06 -19.53 -1.11 0.01 -0.53 -1.45 0 0 0 20.75 -9.08 -43.92 -13.2 -18.85 69.74 0.32 10.12 5.32 -0.03 1.11 -3.04 3.63 5.02 5.98 0.03 7.22 -4.68 -2.87 3.39 -7.84 4.88 6.75 -18.13 -4.44 8.2 31.7 -1.34 2.89 14.32 0 0 0 -52.48 -47.01 70.29 101.86 -59.46 -70.25 -0 0 -77.48 13.48 40.26 8.81 -7.12 0 -0 -31.68 68.57 -18.6 0 0 0 94.06 33.88 79.24 -58.56 55.91 -33.15 0 -0 -80.6 -26.48 -2.61 1.3 7.12 -0 -0 0.09 -32.89 0.03
3.28 14.73 10.5 -175.17 6.21 -172.15 0 0 0 -9.16 4.67 -32.6 9.72 17.25 58.56 0.57 -10.92 -14.51 0.82 -5.77 -16.11 0 0 0 15.95 -8.51 -46.99 -14.75 -19.33 74.49 0.47 16.25 17.65 -0.18 -2.74 7.56 2.67 5.38 6.89 0.66 7.72 -4.95 -1.89 3.68 -8.84 6.87 7.86 -17.55 -5.22 9.56 30.73 -1.73 3.69 14.04 0 -0 0 -50.32 -46.23 68.46 103.04 -59.35 -71.27 -0 0 -83.2 14.54 38.76 9.22 -7.12 0 -0 -28.24 67.65 -15.87 0 -0 0 94.85 33.43 79.14 -59.85 56.27 -34.21 0 -0 -90.03 -24.25 -7.05 3.16 7.12 -0 -0 2.17 -37.69 0.39
3.98 14.61 10.52 -174.95 7.7 -172.72 0 0 0 -6.26 3.96 -29.5 9.14 16.9 56.59 1.03 -7.05 -18.11 1.5 -7.73 -21.89 0 0 0 9.34 -6.03 -47.29 -14.86 -19.36 74.82 0.73 17.04 15.19 -0.04 -1.29 3.55 2.35 5.69 8.5 0.97 8.23 -5.31 -1.68 3.91 -10.26 9 9.02 -16.73 -5.95 11 29.07 -2.09 4.58 13.47 0 0 0 -46.97 -44.97 65.21 108 -58.74 -75.52 -0 0 -86.41 12.47 37.26 7.63 -7.12 0 -0 -28.5 65.76 -14.82 0 0 0 95.24 32.5 78.31 -63.64 57.21 -37.39 0 -0 -94.34 -25.04 -9.35 4.34 7.12 -0 -0 1.68 -40.27 0.2
4.77 14.64 10.49 -175.47 7.95 -172.68 0 0 0 -3.5 5.07 -27.7 8.23 16.29 53.39 0.85 -7.65 -16.48 1.82 -8.48 -24.18 0 0 0 1.41 -3.3 -45.13 -13 -18.78 69.12 0.27 9.61 6.63 -0.01 0.7 -1.91 1.86 6.06 8.52 0.83 8.64 -5.28 -1.63 4.13 -10.27 10.31 9.98 -15.49 -6.93 12.51 26.05 -2.4 5.45 12.3 -0 0 0 -43.21 -43.97 60.83 114.85 -57.53 -81.34 -0 0 -82.55 5.24 34.05 2.94 -7.12 0 -0 -32.36 61.15 -13.52 -0 0 0 93.34 31.37 75.54 -71.6 58.68 -44.13 0 -0 -96.06 -27.7 -10.54 5.48 7.12 -0 -0 -0.57 -41.84 -0.04
5.63 14.81 10.44 -175.94 6.8 -172.71 0 0 0 -0.72 5.32 -24 6.38 14.79 46.5 0.5 -7.93 -12.98 2.31 -9.48 -27.31 0 0 0 -5.06 -0.91 -39.26 -9.33 -17.02 57.23 -0.02 -3.29 3.26 -0.01 -0.78 2.14 1.98 6.2 8.29 0.56 8.78 -5.1 -1.95 4.19 -9.88 11.34 11.05 -13.98 -7.98 14.21 23.04 -2.69 6.36 11.19 -0 -0 0 -38.91 -42.57 54.63 123.24 -55.38 -88.34 -0 0 -82.28 2.23 33.29 1.22 -7.12 0 -0 -34.58 59.8 -13.46 -0 -0 0 89.05 29.74 72 -82.76 59.8 -53.73 0 -0 -97.21 -30.89 -11.23 6.65 7.12 -0 -0 -3.43 -42.98 -0.17
6.58 15.04 10.35 -175.74 4.69 -172.56 0 0 0 2.65 4.27 -18.87 4.16 12.37 37.06 0.16 -5.84 -7.65 2.41 -9.68 -27.95 0 0 0 -8.77 2.36 -30.32 -5.27 -13.68 41.97 0.4 -16.25 6.78 -0.42 -4.16 11.52 2.45 6.09 7.79 0.36 8.67 -5.13 -2.33 4.12 -9.51 12.14 12.23 -12.66 -8.36 15.9 20.75 -2.71 7.29 10.39 -0 -0 0 -33.68 -40.92 47.51 129.92 -53.03 -93.77 -0 0 -81.9 1.61 35.39 0.93 -7.12 0 -0 -37.42 61.35 -16.15 -0 -0 0 83.57 26.75 67.91 -96.06 59.86 -65.25 0 -0 -97.81 -33.69 -12.17 8 7.12 -0 -0 -6 -44.43 -0.08
7.67 15.24 10.23 -175.68 1.73 -171.45 0 0 0 5.99 2.56 -14.85 2.28 9.43 27.14 -0 -1.15 0.05 2.02 -8.9 -25.49 0 0 0 -11.01 7.67 -20.45 -2.37 -9.61 27.71 0.27 -24 15.04 -0.87 -5.93 16.58 1.6 5.93 5.92 0.02 8.32 -5.39 -1.97 4.04 -8.78 12.59 13.26 -11.95 -7.9 17.17 18.67 -2.46 8.07 9.66 -0 -0 0 -26.81 -39.72 39.4 133.84 -51.32 -96.86 -0 0 -77.93 0.75 39.76 0.48 -7.12 0 -0 -43.88 64.42 -22.66 -0 -0 0 77.66 21.74 62.59 -111.08 58.25 -78.15 0 -0 -97.14 -36.36 -12.96 9.37 7.12 -0 -0 -8.54 -45.75 0.16
8.87 15.36 10.12 -175.1 -1.97 -169.82 0 0 0 9.99 0.52 -13.73 1.3 7.23 20.39 0.11 7.16 7.29 0.96 -6.24 -17.49 0 0 0 -10.29 13.07 -12.29 -1.04 -6.48 18.18 -1.35 -23.67 24.96 -0.52 -4.62 12.83 0.19 5.82 3.74 -0.31 7.63 -5.7 -1.22 3.64 -8 12.91 14.17 -11.93 -7 18.12 16.16 -2.09 8.71 8.82 -0 0 0 -17.88 -38.26 29.12 135.71 -50.41 -98.31 -0 0 -73.36 3.42 45.66 2.45 -7.12 0 -0 -51.81 69.15 -32.97 -0 0 0 72.53 14.77 56.64 -125.3 54.72 -90.03 0 -0 -93.12 -36.54 -12.22 8.92 7.12 -0 -0 -8.69 -44.89 -0.02
10.11 15.34 10.06 -173.75 -5.97 -168.61 0 0 0 13.92 0.46 -19.79 2.26 9.39 27.02 -0.33 14.97 6.36 0.02 -0.96 -2.63 0 0 0 -5.9 13.55 -8.65 -0.73 -5.47 15.26 -1.82 -21.06 26.53 -0.02 -0.96 2.64 -0.94 5.23 2.49 -0.32 6.74 -5.89 -0.42 3.27 -7.63 13.07 14.93 -12.02 -6.2 18.85 13.16 -1.82 9.19 7.82 -0 -0 0 -8.25 -35.55 17.66 135.5 -50.52 -98.14 -0 0 -68.53 10.23 51.39 8.03 -7.12 0 -0 -61.94 74.5 -47 -0 -0 0 68.7 6.09 50.41 -136.65 49.93 -99.03 0 -0 -84.64 -36.13 -10.79 7.79 7.12 -0 -0 -8.26 -43.11 -0.39
11.3 15.14 10.05 -172.41 -9.2 -168.46 0 0 0 16.28 4.26 -30.95 6.91 15.25 48.53 -0.26 10.79 2.54 0.03 1.13 3.11 0 0 0 0.09 7.84 -10.35 -1.19 -6.93 19.5 -0.19 -16.38 13.33 -0.84 5.86 -16.38 -1.85 4.7 2.93 -0.15 5.97 -6.02 0.28 2.95 -8.13 13.02 15.51 -11.53 -5.56 19.47 10.09 -1.68 9.56 6.71 -0 0 0 0.33 -31.86 7.86 131.27 -52.47 -94.84 -0 0 -62.51 15.17 54.27 12.41 -7.12 0 -0 -70.99 77.26 -58.24 -0 0 0 66.39 -4.13 43.53 -144.55 45.13 -104.87 0 -0 -74.85 -38.36 -10.48 8.19 7.12 -0 -0 -10.31 -43.01 -0.51
12.39 14.81 10.08 -171.5 -10.38 -169.69 0 0 0 17.28 9.98 -39.65 15.38 19.48 76.39 0 0.56 0.62 0 0.16 0.45 0 0 0 5.35 0.41 -15.32 -2.41 -9.67 27.92 0.36 -10.65 -2.96 -1.49 7.71 -21.83 -2.65 4.63 5.68 0.1 5.8 -6.28 0.75 2.93 -10.15 12.84 15.97 -10.15 -4.99 20.11 7.7 -1.61 9.94 5.69 -0 -0 0 5.74 -27.97 3.03 121.85 -55.8 -87.2 -0 0 -53.76 21.3 52.95 17.29 -7.12 0 -0 -63.44 79.42 -53.45 -0 -0 0 64.97 -16.17 36.88 -148.14 42.43 -107.36 0 -0 -61.35 -41.76 -8.94 7.9 7.12 -0 -0 -13.27 -41.52 -1.16
13.32 14.44 10.14 -168.63 -10.26 -171.54 0 0 0 19.93 20.38 -44.68 24.57 19.49 103.46 -0.12 -6.87 -0.76 0 0.28 0.76 0 0 0 11.74 -4.35 -20.74 -4.04 -12.22 36.5 -0.34 -5.99 -14.79 -0.91 6.08 -17.02 -0.59 4.71 9.05 1.06 6.24 -6.66 0.26 2.99 -12.52 12.61 16.61 -9.49 -4.38 21.01 7.19 -1.37 10.41 5.4 -0 -0 0 8.54 -23.45 1.96 108.11 -58.72 -75.61 -0 0 -42.6 28.06 47.5 21.45 -7.12 0 -0 -31.9 79.59 -25.98 -0 -0 0 63.51 -28.54 30.55 -145.79 44.24 -105.74 0 -0 -40.85 -46.16 -2.64 2.75 7.12 -0 -0 -15.88 -33.47 -4.65
14.11 14.1 10.18 -164.86 -10.37 -171.57 0 0 0 23.95 37.02 -46.22 31.03 16.79 124 -0.73 -15.82 0.35 0.01 -0.46 -1.27 0 0 0 18.39 -6.13 -26.47 -5.67 -14.1 43.62 -1.23 -2.28 -21.9 -0.67 5.23 -14.58 2.58 4.61 9.36 2.38 6.63 -7.18 -0.16 2.91 -13.12 12.31 17.32 -9.42 -3.93 21.93 6.65 -1.13 10.88 5.2 0 0 0 10.41 -19.1 2.16 91.03 -60 -60.89 -0 0 -31.87 34.25 40.84 24 -7.12 0 -0 -3.91 76.23 -2.87 0 0 0 62.5 -38.76 22.16 -134.97 50.78 -97.74 0 -0 -17.54 -53.53 6.71 -8.98 7.12 -0 -0 -18.77 -19.06 -12.28
14.78 13.89 10.15 -162.94 -11.61 -171.38 0 0 0 21.32 48.97 -42.07 33.58 14.82 133.35 -1.98 -24.63 3.41 0.13 -2.31 -6.37 0 0 0 22.69 -8.14 -31.25 -7.23 -15.52 49.73 -1.86 1.14 -25.49 -0.64 5.13 -14.28 3.67 4.23 8.61 3.54 6.25 -7.46 0.65 2.64 -13.02 12.3 17.89 -9.36 -3.87 22.67 5.82 -1.07 11.23 4.97 0 -0 0 10.56 -16.62 3.31 71.56 -58.68 -44.1 -0 0 -22.04 42.31 33.72 26.81 -7.12 0 -0 16.24 71.46 10.32 0 -0 0 62.4 -44.43 11.02 -110.26 58.39 -77.45 0 0 2.7 -64.29 16.46 -30.48 7.12 -0 -0 -21.98 2.19 -24.67
15.34 13.69 10.1 -160.56 -14.01 -172.06 0 0 0 2.34 46.13 -43.36 32.65 15.62 129.81 -3.34 -30.41 9.93 0.17 -2.63 -7.26 0 0 0 27.37 -10.9 -35.08 -8.68 -16.6 54.98 -2.27 3.48 -27.63 -0.51 4.56 -12.64 5.55 3.55 8.04 5.11 5.53 -7.76 1.53 2.13 -13.03 12.72 18.25 -9.35 -3.93 23.12 5.94 -1.07 11.45 5.08 0 0 0 9.26 -16.56 4.61 52.13 -53.82 -27.89 -0 0 -11.37 50.2 27.24 28.78 -7.12 0 -0 29.25 66.58 15.78 0 0 0 60.26 -45.39 1.43 -72.31 58.78 -44.74 0 0 16.16 -73.2 21.95 -51.06 7.12 -0 -0 -25.36 20.19 -35.33
15.79 13.52 10.04 -158.37 -15.97 -171.98 0 0 0 -17.96 35.89 -43.2 28.01 18.38 114.06 -3.02 -30.48 22.6 0.18 2.72 7.49 0 0 0 31.74 -11.72 -38.28 -9.76 -17.27 58.68 -2.65 3.98 -29.88 -0.38 3.96 -10.96 7.54 3.14 6.43 6.52 4.93 -8.51 2.23 1.6 -12.91 13.02 18.36 -9.22 -3.43 23.22 6.63 -0.93 11.54 5.26 0 0 0 8.12 -18.18 4.78 35.66 -45.28 -15.28 -0 -0 2.02 55.48 21.3 27.84 -7.12 0 -0 34.43 61.1 14.47 0 0 0 54.63 -43.98 -2.98 -41.72 49.06 -19.73 0 0 20.9 -76.53 24.81 -60.27 7.12 -0 -0 -26.72 28.34 -38.96
16.13 13.37 9.97 -157.48 -17.04 -170.59 0 0 0 -30.36 29.62 -36.82 19.64 20 88.93 -0.99 -25.47 29.46 2.23 9.32 26.81 0 0 0 34.25 -10.43 -41.55 -10.81 -17.84 62.16 -2.91 3.77 -31.43 -0.34 3.74 -10.36 8.55 3.03 3.73 7.49 4.34 -9.55 2.99 1.12 -12.49 13.21 18.37 -9.29 -2.76 23.15 7.79 -0.7 11.56 5.58 -0 -0 0 7.18 -20.19 2.39 23.74 -34.89 -7.56 -0 -0 15.91 60.25 13.89 22.78 -7.12 0 -0 35.34 52.71 7.46 -0 -0 0 47.52 -41.25 -6.03 -24.16 35.33 -7.8 0 0 24.89 -76.28 25.83 -60.74 7.12 -0 -0 -26.23 29.16 -38.23
16.43 13.22 9.91 -157.94 -18.33 -168.94 0 0 0 -37.84 25.39 -25.94 9.79 17.29 58.79 -1.14 -21.86 20.78 1.99 8.85 25.32 0 0 0 34.92 -8.73 -44.78 -12.02 -18.4 66.05 -3.16 2.61 -33.02 -0.51 4.57 -12.69 8.4 2.71 0.98 8.17 3.32 -10.32 4.06 0.57 -11.75 13.31 18.38 -9.56 -2.52 23.1 8.47 -0.58 11.55 5.82 0 -0 0 6.26 -21.1 -2.11 16.12 -25.69 -3.7 -0 -0 26.73 62.92 7.23 13.82 -7.12 0 -0 32.68 42.77 -2.04 0 -0 0 41.17 -38.21 -12.53 -14.45 23.37 -3 0 0 31.43 -74.67 25.69 -57.69 7.12 -0 -0 -25.2 26.87 -36.25
16.71 13.1 9.87 -158.84 -20.11 -167.4 0 0 0 -41.86 17.56 -12.31 2.67 10.13 29.41 -0.62 -13.94 7.17 0.49 4.51 12.52 0 0 0 35.12 -7.54 -47.93 -13.16 -18.84 69.61 -3.38 1.31 -34.54 -0.65 5.18 -14.41 7.53 2.19 -1.03 8.78 2.17 -10.93 5.38 0.05 -11.27 13.27 18.34 -10.04 -2.46 22.99 8.48 -0.54 11.49 5.87 -0 -0 0 6.02 -19.22 0.2 12.87 -21.1 -2.41 -0 -0 23.16 62.64 2.26 4.36 -7.12 0 -0 28.78 33.54 -9.1 -0 -0 0 37.1 -37.05 -20.07 -10.73 17.88 -1.69 0 0 36 -74.4 25.6 -57.14 7.12 -0 -0 -25.05 26.43 -35.95
17.01 13 9.85 -160.1 -21.83 -165.41 0 0 0 -44.36 9.35 -3.23 0.32 3.64 10.05 0 1.92 1.53 0.15 2.52 6.95 0 0 0 34.87 -6.09 -51.88 -14.43 -19.24 73.51 -3.46 1.7 -34.87 -0.46 4.35 -12.05 5.68 1.65 -2.38 9.06 1.16 -11.54 6.83 -0.29 -11.16 13.36 18.19 -10.36 -2.53 22.69 7.42 -0.64 11.31 5.58 -0 -0 0 5.87 -16.91 2.93 12.46 -20.49 -2.26 -0 -0 16.8 63.77 -5.17 -10.37 -7.12 0 -0 25.57 18.82 -17.81 -0 -0 0 35.16 -36.95 -21.53 -10.08 16.86 -1.5 0 0 34.62 -74.78 25.72 -57.92 7.12 -0 -0 -25.26 27.05 -36.37
17.28 12.99 9.87 -159.93 -23.78 -164.32 0 0 0 -44.47 11.38 -7.26 0.33 3.7 10.25 -0 4.03 2.68 0.47 4.41 12.23 0 0 0 35.93 -4.96 -54.3 -14.89 -19.36 74.89 -3.43 2.22 -34.57 -0.41 4.11 -11.38 5.21 1.16 -2.94 9.29 0.41 -11.78 7.42 -0.62 -11.07 13.47 17.81 -10.66 -2.32 22.01 5.86 -0.74 10.94 5.07 -0 -0 0 6.05 -15.91 2.41 12.56 -20.63 -2.29 -0 -0 17.11 65.56 -8.1 -17.22 -7.12 0 -0 25.33 12.15 -21.73 -0 -0 0 35.35 -35.96 -22.36 -9.86 16.52 -1.43 0 0 34.66 -75.01 25.64 -58.25 7.12 -0 -0 -25.43 27.26 -36.69
17.47 13.05 9.94 -158.94 -25.76 -165.25 0 0 0 -42.89 11.29 -8.7 0.55 4.73 13.14 0.06 2.63 4.59 0.53 4.65 12.92 0 0 0 37.46 -4.8 -54.02 -14.57 -19.28 73.95 -3.41 1.92 -34.56 -0.38 3.96 -10.97 5.91 0.8 -2.17 9.63 0.1 -11.28 7.4 -0.78 -10.93 13.28 17.11 -11.38 -1.94 20.88 4.92 -0.75 10.36 4.74 0 -0 0 5.72 -16.17 2.28 12.61 -20.71 -2.31 -0 -0 14.85 65.92 -8.62 -18.54 -7.12 0 -0 25.32 10.89 -22.46 0 -0 0 36.44 -34.41 -21.58 -9.86 16.52 -1.44 0 0 32.99 -74.44 25.27 -56.88 7.12 -0 -0 -25.18 26.08 -36.11
17.53 13.13 9.99 -158.42 -26.19 -167.72 0 0 0 -41.36 10.97 -7.17 0.67 5.22 14.55 0.1 2.2 5.63 0.39 3.99 11.05 0 0 0 37.83 -4.5 -51.23 -14.21 -19.18 72.85 -3.29 -0.03 -34.46 -0.32 3.61 -9.98 6.43 0.82 -0.3 9.89 0.48 -10.34 7.35 -0.56 -11.01 12.56 16.06 -11.83 -0.95 19.39 5.37 -0.51 9.68 4.7 0 0 0 3.48 -18.27 -1.23 12.75 -20.92 -2.36 -0 -0 15.17 67.15 -10.77 -23.9 -7.12 0 -0 25.17 5.74 -25.16 0 0 0 36.89 -32.37 -17.18 -10.68 17.79 -1.68 0 0 28.58 -73.88 25.1 -55.73 7.12 -0 -0 -24.88 25.16 -35.47
17.5 13.22 10.03 -158.5 -25.18 -168.44 0 0 0 -40.71 11.83 -7.87 0.81 5.75 16.07 0.19 0.28 8.12 0.34 3.76 10.39 0 0 0 36.79 -1.97 -49.52 -14.19 -19.17 72.79 -2.92 -1.64 -32.93 -0.32 3.61 -9.99 7.18 1.13 0.03 9.68 0.98 -10.08 6.63 -0.37 -10.93 12 14.92 -12.39 1.13 17.62 7.79 0.11 8.99 5.23 -0 0 0 0.95 -20.32 -4.43 13.74 -22.36 -2.73 -0 -0 18.81 69.85 -13.84 -33.1 -7.12 0 -0 25.58 -2.76 -29.87 -0 0 0 37.37 -29.01 -9.22 -12.64 20.75 -2.32 0 0 22.99 -73.75 25.06 -55.46 7.12 -0 -0 -24.81 24.94 -35.33
17.41 13.28 10.09 -160.45 -24.48 -166.92 0 0 0 -41.61 13.58 -10.72 1.05 6.51 18.28 0.48 -1.9 13.98 0.8 5.71 15.94 0 0 0 33.28 0.28 -50.11 -14.46 -19.25 73.62 -2.59 -1.25 -30.92 -0.57 4.84 -13.44 6.68 1.05 -1.29 8.96 0.7 -10.21 6.07 -0.49 -10.23 11.24 13.69 -13.58 3.59 15.48 10.93 0.92 8.17 6.09 -0 0 0 -1.75 -20.95 -4.91 17.54 -27.56 -4.33 -0 -0 21.15 74.46 -17.14 -46.68 -7.12 0 -0 27.26 -14.65 -37.05 -0 0 0 38.79 -24.27 -0.67 -16.51 26.2 -3.87 0 0 19.3 -73.94 25.62 -56.34 7.12 -0 -0 -24.75 25.85 -35.37
17.3 13.35 10.16 -162.5 -24.98 -166.66 0 0 0 -41.07 15.25 -15.3 2.29 9.44 27.18 1.04 -2.41 20.25 1.34 7.33 20.7 0 0 0 30.14 -0.36 -49.65 -14.37 -19.22 73.33 -2.43 -0.94 -29.84 -1.22 7.01 -19.74 5.37 0.58 -1.39 8.52 0.11 -9.81 6.3 -0.6 -9.67 9.65 11.82 -15.24 5.67 12.57 13.54 1.66 6.94 6.9 0 -0 0 -5.55 -20.77 -2.25 26.93 -38.11 -9.46 -0 -0 20.71 81.93 -20.5 -67.95 -7.12 0 -0 32.3 -32.18 -49.07 0 -0 0 40.8 -19.53 6.98 -23.19 34.3 -7.25 0 0 18.03 -75.34 27.37 -60.36 7.12 -0 -0 -25.07 29.61 -36.37
17.2 13.43 10.25 -161.67 -26.55 -168.98 0 0 0 -35.94 15.26 -22.75 6.51 14.9 46.99 0.56 -6.01 17.63 0.2 2.88 7.96 0 0 0 30.73 -2.68 -47.16 -13.59 -18.98 70.94 -2.31 -1.28 -29.24 -1.64 8.08 -22.96 5.49 0.3 0.11 8.64 0.01 -8.98 6.35 -0.58 -9.63 7.08 9.22 -17.01 8.42 8.71 15.67 2.64 5.26 7.61 0 0 0 -9.4 -22.63 1.92 43.81 -50.17 -21.32 -0 -0 20.19 89.93 -22.24 -89.81 -7.12 0 -0 42.84 -48.58 -65.06 0 0 0 43.47 -14.87 14.31 -33.45 43.67 -13.73 0 0 17.93 -76.36 28.83 -63.28 7.12 -0 -0 -25.22 32.39 -36.85
17.09 13.46 10.33 -159.88 -28.24 -172.59 0 0 0 -27.86 13.5 -30.3 13.88 19.08 71.83 0.05 -4.5 7.9 0.04 -1.21 -3.33 0 0 0 32.07 -5.96 -44.12 -12.85 -18.73 68.65 -2.36 0.06 -29.08 -1.36 7.37 -20.82 6.27 0.25 2.59 8.47 0.38 -8.02 5.69 -0.38 -10.06 3.92 6.23 -18.21 11.83 4.31 17.67 3.88 3.34 8.4 -0 -0 0 -13.19 -28.11 8.18 68.72 -58.22 -41.68 -0 -0 20.37 91.66 23.56 94.14 -7.12 0 -0 45.29 -52.01 -67.63 -0 -0 0 46.62 -9.01 22.1 -47.05 51.74 -23.84 0 0 18.4 -76.25 28.99 -63.2 7.12 -0 -0 -25.09 32.42 -36.63
16.95 13.44 10.42 -157.91 -29.35 -176.93 0 0 0 -16.73 11.91 -36.82 21.49 19.95 94.36 -0.02 -2.8 2.15 0.02 -0.8 -2.2 0 0 0 32.86 -9.28 -40.49 -12.33 -18.53 67.04 -2.43 1.73 -29.03 -1.05 6.51 -18.26 7.41 0.43 5.71 8.1 1.19 -7.01 4.55 -0.01 -10.83 0.69 3.33 -18.52 14.88 0.02 19.83 5.04 1.41 9.39 0 -0 0 -18.38 -36.34 18.36 92.9 -59.97 -62.51 -0 -0 20.75 89.41 -24.74 -88.59 -7.12 0 -0 40.36 -48.75 -60.74 0 -0 0 49.57 -0.89 30.29 -60.73 56.5 -34.95 0 0 17.98 -75.86 29.04 -62.58 7.12 -0 -0 -24.81 32 -36.15
16.75 13.39 10.49 -156.24 -29.53 -180.22 0 0 0 -2.58 11.65 -43.94 26.67 18.9 109.84 -0.13 -6.91 -0.13 0 -0.33 -0.9 0 0 0 33.09 -11.23 -37.5 -11.96 -18.37 65.87 -2.37 1.63 -28.73 -1.2 6.96 -19.59 8.48 0.9 7.51 7.65 2.2 -6.05 3.27 0.44 -10.8 -1.78 0.88 -18.43 17.22 -3.86 21.75 5.9 -0.37 10.5 0 -0 0 -25.9 -45.27 31.75 104.6 -59.18 -72.61 -0 -0 19.32 86.84 -24.65 -82.46 -7.12 0 -0 36.63 -44.43 -55.59 0 -0 0 52.22 9.73 38.45 -68.95 58.26 -41.88 0 0 15.9 -75.31 29.13 -61.7 7.12 -0 -0 -24.42 31.41 -35.47
16.45 13.41 10.53 -157.2 -29.11 -181.48 0 0 0 9.6 11.38 -50.13 28.27 18.28 114.86 -0.41 -11.92 0.36 0 0.41 1.11 0 0 0 30.53 -12.64 -34.61 -11.48 -18.16 64.32 -2.25 2.01 -27.84 -1.27 7.15 -20.15 7.34 1.47 8.24 6.73 2.95 -5.16 2.7 0.95 -10.21 -3.34 -0.86 -18.1 18.86 -6.88 23.08 6.44 -1.78 11.42 0 0 0 -35.27 -52.2 46.66 106.78 -58.91 -74.48 -0 -0 11.14 79.01 -23.56 -64.08 -7.12 0 -0 28.93 -30.58 -42.96 0 0 0 54.59 21.05 46.28 -69.93 58.42 -42.71 0 0 10.37 -72.12 28.39 -55.84 7.12 -0 -0 -22.71 26.88 -32.24
16.03 13.55 10.54 -158.56 -28.57 -182.38 0 0 0 18.18 9.56 -53.46 26.71 18.89 109.96 -0.55 -13.32 1.85 0.03 1.03 2.84 0 0 0 27.35 -13.78 -30.44 -10.34 -17.6 60.61 -1.99 1.75 -26.2 -1.43 7.56 -21.38 6.21 1.89 8.85 5.75 3.46 -4.42 2.13 1.32 -9.74 -4.23 -2 -17.69 20.26 -9.29 24.31 6.85 -2.89 12.31 -0 0 0 -46.18 -56.13 61.35 103.7 -59.28 -71.83 -0 0 -2.04 65.33 -16.69 -32.02 -7.12 0 -0 22.46 -3.44 -25.78 -0 0 0 58.28 30.16 53.31 -68.06 58.1 -41.12 0 -0 -0.63 -65.72 26.15 -44.32 7.12 -0 -0 -19.89 17.59 -26.28
15.45 13.82 10.53 -160.07 -28.26 -182.41 0 0 0 21.87 6.99 -54.12 22.74 19.82 98.03 -0.22 -8.44 1.42 0.1 2.03 5.59 0 0 0 24.02 -13.88 -25.29 -8.46 -16.44 54.19 -1.52 0.43 -23.19 -1.51 7.77 -22.01 5.25 2.06 8.62 4.81 3.55 -4.04 1.63 1.45 -9.16 -5.01 -2.94 -17.15 21.91 -11.8 25.61 7.34 -4.05 13.37 -0 -0 0 -56.86 -57.02 74.24 98.78 -59.71 -67.59 -0 0 -17.8 53.45 -3.88 -5.22 -7.12 0 -0 19.55 23.49 -10.76 -0 -0 0 64.18 35.33 58.82 -66.85 57.88 -40.1 0 -0 -14.48 -57.68 22.79 -31.48 7.12 -0 -0 -16.65 6.79 -19.29
14.71 14.22 10.52 -162.49 -28.4 -181.5 0 0 0 20.9 4.38 -52.17 17.39 19.84 82.36 -0.01 -2.07 1.7 0.33 3.68 10.19 0 0 0 19.76 -12.8 -18.96 -6.12 -14.55 45.47 -0.79 -2.5 -17.85 -1.39 7.45 -21.06 3.68 1.76 7.55 4.05 2.88 -3.69 1.82 1.25 -8.18 -5.83 -3.63 -16.15 23.2 -13.88 26.6 7.75 -5.12 14.2 0 -0 0 -63.28 -55.21 80.96 95.35 -59.89 -64.63 -0 0 -33.27 42.83 6.07 5.6 -7.12 0 -0 13.78 37.9 -2.47 0 -0 0 70.99 37.06 62.98 -67.52 58 -40.66 0 -0 -29.46 -47.52 16.82 -17.53 7.12 -0 -0 -12.49 -6.34 -11.31
13.83 14.69 10.54 -165.36 -28.52 -179.85 0 0 0 17.24 1.29 -48.33 12.18 18.47 66.56 0.07 -3.94 8.04 0.05 1.51 4.15 0 0 0 15.48 -9.13 -12.48 -4.07 -12.25 36.63 0.21 -10.04 -10.01 -0.92 6.12 -17.13 2.12 1.16 6.07 3.72 1.83 -3.48 2.5 0.83 -7.12 -6.49 -4.06 -15.21 23.06 -15.01 27.72 7.69 -5.82 14.77 0 -0 0 -66.08 -52.05 82.46 92.75 -59.97 -62.38 -0 0 -44.87 31.86 13.72 8.38 -7.12 0 -0 4.21 45.98 0.1 0 -0 0 76.48 35.83 65.62 -70.35 58.49 -43.07 0 -0 -46.04 -36.78 8.58 -6.36 7.12 -0 -0 -7.03 -19.35 -4.34
12.82 15.12 10.64 -167.65 -27.71 -177.58 0 0 0 12.25 -1.33 -44.56 9.2 16.94 56.79 0.21 -7.16 14.12 0 0.27 0.74 0 0 0 12.68 -3.14 -9.38 -3.04 -10.76 31.46 1.92 -24.16 -3.73 -0.01 0.62 -1.69 1.91 0.61 4.35 3.79 0.99 -3.56 2.8 0.42 -6.19 -6.75 -4.33 -14.84 21.59 -15.34 29.01 7.11 -6.14 15.15 0 0 0 -66.83 -49.24 81.63 91.42 -59.99 -61.23 -0 0 -56.7 21.83 18.49 7.24 -7.12 0 -0 -6.24 49.68 -0.72 0 0 0 79.39 33.51 66.64 -72.93 58.87 -45.28 0 -0 -63.58 -27.42 1.24 -0.64 7.12 -0 -0 -0.66 -28.58 -0.26
11.75 15.43 10.79 -169.13 -25.01 -175.4 0 0 0 6.19 -2.03 -41.36 8.46 16.45 54.21 0.23 -3.56 11.01 0.01 -0.57 -1.57 0 0 0 11.35 -0.23 -12.95 -3.22 -11.04 32.42 3.48 -31.89 -4 -0.97 -6.26 17.53 2.7 0.52 2.89 4.08 0.81 -3.63 2.68 0.28 -5.41 -6.84 -4.52 -14.71 19.9 -15.13 29.69 6.45 -6.2 15.15 0 -0 0 -65.55 -47.5 79.51 92.22 -59.98 -61.92 -0 0 -66.5 13.4 21.47 4.98 -7.12 0 -0 -15.46 51.34 -2.46 0 -0 0 80.02 32.46 67.34 -72.68 58.84 -45.06 0 -0 -79.09 -21.36 -4.07 1.59 7.12 -0 -0 4.35 -34.32 1.14
10.72 15.61 10.97 -170.51 -20.35 -174.12 0 0 0 0.38 -1.92 -37.65 8.06 16.16 52.77 0.07 -0.9 5.47 0.02 -0.97 -2.67 0 0 0 12.3 -3.02 -22.22 -4.73 -13.07 39.63 1.37 -22.07 1.4 -0.47 -4.41 12.22 2.64 1.02 3.32 4.29 1.48 -3.64 2.88 0.61 -5.69 -6.57 -4.66 -14.81 18.32 -14.86 30.05 5.77 -6.17 15.05 0 -0 0 -63.73 -46.33 77.96 93.11 -59.96 -62.7 -0 0 -71.91 8.67 22.21 3.3 -7.12 0 -0 -20.32 51.28 -3.26 0 -0 0 80 32.12 68.11 -71.31 58.64 -43.89 0 -0 -87.76 -18.33 -6.86 2.27 7.12 -0 -0 7.16 -37.12 1.4
9.77 15.65 11.14 -172.27 -15.29 -173.65 0 0 0 -4.66 -1.29 -35.25 8.15 16.23 53.09 0.01 -1.52 3.31 0.03 -1.14 -3.13 0 0 0 15.76 -5.67 -31.47 -7.07 -15.39 49.16 0.1 -5.85 -0.16 -0 -0.15 0.42 1.46 1.71 4.89 3.9 2.43 -3.47 3.02 1.15 -6.48 -6.05 -4.84 -15.25 17.24 -14.87 30.15 5.19 -6.18 15.01 -0 0 0 -61.95 -45.13 76.79 94.4 -59.93 -63.81 -0 0 -74.92 5.2 21.81 1.94 -7.12 0 -0 -23.35 50.35 -3.24 -0 0 0 80.75 31.58 68.21 -71.29 58.64 -43.87 0 -0 -90.31 -16.57 -8.47 2.51 7.12 -0 -0 8.89 -38.66 1.4
8.89 15.63 11.27 -174.55 -12.16 -173.03 0 0 0 -9.67 1.22 -36.74 8.94 16.77 55.87 -0.03 -4.87 5.93 0.01 -0.54 -1.47 0 0 0 20.18 -7.53 -38.22 -8.87 -16.72 55.63 0.28 10.46 -1.19 -0.43 4.22 -11.7 -0.13 1.87 6.09 2.91 2.57 -3.42 2.81 1.3 -7.14 -6.39 -5.19 -15.35 17.25 -14.98 29.32 5.19 -6.26 14.69 -0 -0 0 -60.08 -43.28 75.07 98.32 -59.74 -67.2 -0 0 -76.54 3.33 21.89 1.24 -7.12 0 -0 -25.12 50.14 -3.37 -0 -0 0 82.08 30.59 67.53 -73.86 58.99 -46.07 0 -0 -92.26 -17.07 -9.37 2.86 7.12 -0 -0 8.62 -39.64 1.15
8.04 15.56 11.36 -176.18 -11.47 -172.04 0 0 0 -12.29 3.72 -40.93 10.26 17.55 60.34 -0.03 -9.91 13.53 0.14 2.42 6.68 0 0 0 24.21 -8.28 -41.28 -9.09 -16.87 56.41 1.03 17.78 4.44 -0.28 3.37 -9.32 -0.86 1.38 5.88 2.25 1.83 -3.49 2.63 0.97 -7.05 -7.23 -5.83 -15.34 16.83 -14.79 27.8 5.14 -6.25 13.99 -0 0 0 -59.18 -40.92 72.51 104.87 -59.15 -72.84 -0 0 -77.61 1.78 21.9 0.66 -7.12 0 -0 -26.54 49.91 -3.43 -0 0 0 81.98 29.66 66.45 -78.84 59.52 -50.35 0 -0 -93.96 -18.38 -9.76 3.22 7.12 -0 -0 7.55 -40.14 0.91
7.18 15.42 11.42 -177.19 -11.95 -171.47 0 0 0 -10.78 3.79 -43.84 11.66 18.24 64.89 -0.01 -12.5 17.71 0.47 4.37 12.13 0 0 0 24.85 -6.11 -39.34 -8.35 -16.37 53.81 0.65 15.28 -0.67 -0 0.16 -0.44 -0.64 0.67 5.08 1.84 0.88 -3.6 2.19 0.48 -6.64 -8.18 -6.7 -14.94 15.79 -14.47 25.76 4.9 -6.24 12.94 0 -0 0 -58.65 -38.46 69.76 113.11 -57.88 -79.87 -0 0 -78.61 1.31 22.32 0.5 -7.12 0 -0 -27.2 50.21 -3.74 0 -0 0 79.79 29.21 65.26 -85.86 59.94 -56.41 0 -0 -95.87 -21.05 -10.63 4.06 7.12 -0 -0 5.36 -41.29 0.49
6.34 15.22 11.46 -178.47 -12.22 -172.06 0 0 0 -5.82 2.42 -43.52 12.49 18.59 67.53 -0.32 -11.98 11.38 0.05 1.5 4.11 0 0 0 21.26 -1.42 -34.55 -7.91 -16.05 52.22 -0.32 8.75 -10.96 -0.05 1.43 -3.93 -0.6 0.13 5.92 0.95 0.11 -4.01 1.32 0.08 -7.53 -9.11 -7.63 -13.55 15.16 -14.51 23.09 4.79 -6.43 11.6 -0 0 0 -57.09 -35.89 67.52 122.1 -55.72 -87.4 -0 0 -79.22 0.8 23.29 0.32 -7.12 0 -0 -28.21 50.99 -4.47 -0 0 0 76.6 28.84 63.94 -93.86 59.94 -63.34 0 -0 -98.08 -23.91 -11.1 4.88 7.12 -0 -0 2.88 -42.08 0.21
5.5 15.02 11.51 -179.62 -11.24 -173.81 0 0 0 0.92 1.76 -39.91 11.91 18.35 65.71 -0.1 -6.44 5.59 0.02 0.91 2.5 0 0 0 16.26 2.45 -30 -7.87 -16.02 52.08 -0.82 4.91 -16.14 -0.43 4.2 -11.64 -1.02 -0.18 8.2 0.03 -0.42 -4.2 0.68 -0.16 -9.06 -9.4 -8.58 -12.05 14.41 -14.81 20.11 4.53 -6.72 10.21 0 -0 0 -54.43 -32.94 64.57 131.06 -52.56 -94.67 -0 0 -79.44 0.25 24.34 0.1 -7.12 0 -0 -29.35 51.82 -5.31 0 -0 0 73.43 29.1 62.16 -101.32 59.51 -69.79 0 -0 -99.48 -26.83 -11.73 5.87 7.12 -0 -0 0.32 -43.07 0.02
4.6 14.89 11.55 -179.22 -8.9 -175.01 0 0 0 8.09 2.88 -34.55 9.53 17.14 57.92 0.04 1.9 3.38 0.12 2.27 6.24 0 0 0 12.74 4.05 -27.66 -7.71 -15.9 51.52 -0.91 4.93 -17.02 -0.76 5.57 -15.55 -0.41 -0.34 8.86 -0.19 -0.57 -4.1 0.13 -0.28 -9.35 -9.35 -9.54 -10.61 13.72 -15.2 16.53 4.27 -7.02 8.69 -0 0 0 -50.98 -29.18 60.1 138.86 -48.73 -100.71 -0 0 -78.35 -0.07 25.25 -0.03 -7.12 0 -0 -30.22 52.55 -6.07 -0 0 0 70.09 29.78 59.18 -109.49 58.52 -76.79 0 -0 -101.07 -31.14 -12.83 7.64 7.12 -0 -0 -3.58 -44.85 -0.01
3.6 14.86 11.58 -179.25 -6.22 -175.2 0 0 0 12.4 3.07 -26.75 5.82 14.25 44.26 -0.21 10.95 3.76 0.41 4.12 11.41 0 0 0 8.5 4.6 -26.04 -6.99 -15.32 48.82 -0.77 6.01 -15.68 -1.04 6.49 -18.23 -0.51 -0.48 8.29 -0.17 -0.78 -4.12 0.23 -0.38 -9.03 -9.16 -10.49 -9.44 13.06 -15.8 13.4 4.02 -7.41 7.45 -0 -0 0 -48.16 -23.95 55.24 144.97 -44.84 -105.16 -0 0 -77.62 0.63 26.53 0.28 -7.12 0 -0 -30.44 53.78 -7.08 -0 -0 0 66.09 29.69 54.79 -117.9 56.84 -83.91 0 -0 -100.9 -35.78 -14.71 10.37 7.12 -0 -0 -8 -47.75 0.55
2.5 14.92 11.61 -180.12 -3.75 -174.88 0 0 0 13.67 -0.38 -16.5 2.43 9.71 28.05 -0.2 17.82 10.57 0.38 3.98 11.01 0 0 0 3.25 5.22 -24.07 -5.76 -14.19 44.02 -0.5 5.73 -12.61 -1.19 6.92 -19.48 -1.03 -0.94 7.62 -0.19 -1.48 -4.4 0.61 -0.7 -8.92 -9.08 -11.42 -8.99 12.57 -16.69 11.53 3.78 -7.9 6.82 -0 -0 0 -46.33 -17.07 49.8 149.31 -41.48 -108.13 -0 0 -76.09 2.21 29.3 1.08 -7.12 0 -0 -31.02 56.46 -9.34 -0 -0 0 62.31 29.16 50 -124.33 55.04 -89.23 0 -0 -98.5 -40.23 -17.8 14.5 7.12 -0 -0 -12.74 -52.34 2.33
1.27 14.96 11.68 -180.97 -0.34 -173.15 0 0 0 12.96 -5.62 -6.61 0.61 5.01 13.94 0.93 19.29 20.54 0.18 2.76 7.61 0 0 0 -2.13 7.21 -24.48 -4.74 -13.09 39.7 -0.2 2.43 -8.04 -0.91 6.08 -17 -0.33 -1.43 6.18 -0.38 -2.14 -5.18 0.09 -1.1 -8.94 -9.1 -12.71 -8.88 12.29 -17.35 10.26 3.67 -7.91 6.46 0 0 0 -45.18 -8.88 42.97 151.95 -39.16 -109.85 -0 0 -72.83 3.74 33.65 2.08 -7.12 0 -0 -33.45 60.46 -13.48 0 0 0 57.86 29.19 45.06 -128.92 53.42 -92.96 0 -0 -93.95 -43.77 -19.1 17.41 7.12 -0 -0 -16.96 -54.79 4.17
-0.03 14.91 11.8 -182.35 4.93 -170.89 0 0 0 9.01 -4.46 -1.23 0.13 2.28 6.28 1.21 16.26 21.26 0 0.43 1.18 0 0 0 -7.88 9.58 -28.89 -4.65 -12.98 39.28 0.05 -4.45 -3.73 -0.09 1.98 -5.46 0.37 -1.54 4.96 -0.67 -1.86 -6.12 -0.69 -0.85 -9.29 -9.09 -13.24 -9.12 11.7 -17.89 8.65 3.44 -8.28 5.99 -0 0 0 -44.85 -0.81 33.89 153.18 -38 -110.61 -0 0 -70.14 8.19 40.08 5.3 -7.12 0 -0 -36.99 66.8 -20.58 -0 0 0 50.51 29.96 38.2 -131.44 52.4 -94.97 0 -0 -86.36 -46.61 -18.7 18.73 7.12 -0 -0 -20.31 -55.03 5.16
-1.32 14.73 11.98 -183.89 11.33 -169.46 0 0 0 2.99 -2.05 -3.88 0.55 4.73 13.15 -0.22 12.73 5.63 0.97 -6.26 -17.55 0 0 0 -11.84 9.97 -37.65 -6.82 -15.18 48.19 0.23 -8.58 -4.31 -0.12 -2.2 6.05 0.46 -0.85 4.92 -1 -0.89 -6.81 -1.22 -0.39 -10.02 -8.7 -13.54 -9.05 10.72 -18.09 6.66 3.13 -8.52 5.24 0 0 0 -44.99 6.45 23.5 152.39 -38.75 -110.12 -0 0 -66.14 19.46 47.35 14.56 -7.12 0 -0 -41.18 75.96 -31.01 0 0 0 40.77 30.9 29.52 -130.48 52.8 -94.21 0 -0 -75.8 -48.97 -18.62 20.15 7.12 -0 -0 -23.26 -55.59 6.29
-2.49 14.48 12.19 -185.34 16.33 -169.83 0 0 0 -3.01 5.52 -10.58 1.55 7.87 22.32 -0.02 6.96 -9.36 1.75 -8.33 -23.72 0 0 0 -12.47 8.32 -46.54 -12.32 -18.52 67 -0.04 -4.09 -7.33 -0.07 -1.66 4.56 -0.09 -0.24 6.9 -1.44 -0.19 -7.18 -1.5 -0.03 -11.62 -8.43 -13.78 -8.26 10.06 -18.3 4.95 2.99 -8.73 4.51 0 -0 0 -44.7 12.73 14.26 148.41 -42.22 -107.53 -0 0 -58.58 34.07 52.98 28.37 -7.12 0 -0 -67.68 84.95 -62.91 0 -0 0 31.35 30.29 21 -124.49 54.99 -89.37 0 -0 -62.19 -49.9 -16.73 18.88 7.12 -0 -0 -23.69 -53.4 5.12
-3.48 14.2 12.42 -186.94 17.75 -171.29 0 0 0 -7.67 9.64 -18.01 3.25 11.08 32.56 0.97 1.04 -19.03 2.02 -8.9 -25.48 0 0 0 -9.76 3.09 -51.9 -19.78 -20 89.37 -0.25 -1.32 -9.97 -0.05 -1.39 3.83 -0.79 -0.3 9.76 -2.14 -0.5 -7.3 -1.84 -0.18 -13.53 -8.37 -14.28 -7.9 9.8 -18.93 4.21 2.89 -9.08 4.25 0 0 0 -43.55 17.95 6.39 140.34 -47.87 -101.82 -0 0 -49.6 47.33 55.95 41.95 -7.12 0 -0 -163.87 -84.44 165.49 0 0 0 23.48 27 13.72 -112.49 58 -79.35 0 -0 -45.46 -51.49 -11.83 14.44 7.12 -0 -0 -23.51 -47.1 1.29
-4.33 13.94 12.61 -189.24 16.72 -171.28 0 0 0 -12.3 8.55 -26.9 5.72 14.15 43.85 1.77 -3.72 -24.25 1.71 -8.23 -23.42 0 0 0 -4.71 -6.98 -55.05 -26.05 -19.1 107.96 -0.26 -0.04 -9.61 -0.04 -1.21 3.34 -1.8 -0.91 10 -3.16 -1.56 -7.48 -2.18 -0.61 -13.95 -8.25 -14.92 -8.06 9.88 -19.72 3.15 2.84 -9.47 4.01 0 0 0 -41.62 22.48 -0.73 125.62 -54.61 -90.29 -0 0 -38.47 56.56 54.42 50.92 -7.12 0 -0 168.59 -81.41 -170.41 0 0 0 16.76 21.88 7.18 -93.13 59.96 -62.71 0 -0 -27.25 -53.67 -4.61 6.24 7.12 -0 -0 -22.66 -36.8 -4.88
-5.11 13.76 12.73 -190.69 16.55 -170.39 0 0 0 -16.3 6.22 -33.31 7.76 15.94 51.69 2.36 -5.42 -27.9 1.28 -7.17 -20.23 0 0 0 4.52 -16.08 -54.75 -29.11 -17.88 117.59 -0.09 1.98 -5.29 -0.01 -0.56 1.54 -1.82 -1.27 8.64 -4 -2 -7.65 -3.03 -0.83 -13.34 -7.9 -15.36 -8.14 9.64 -20.17 1.59 2.74 -9.72 3.52 0 -0 0 -38.88 25.54 -6.97 96.74 -59.83 -65.83 -0 0 -22.58 66.56 49.23 60.2 -7.12 0 -0 145.82 -77.51 -153.49 0 -0 0 10.58 18.08 1.46 -66.92 57.89 -40.15 0 -0 -10.06 -57.26 2.43 -3.77 7.12 -0 -0 -22.63 -25.34 -11.66
-5.81 13.66 12.79 -191.56 19.29 -170.35 0 0 0 -19.89 5.59 -36.09 8.89 16.73 55.7 2.89 -4.19 -31.21 1.37 -7.4 -20.9 0 0 0 16.22 -18.84 -49.39 -28.66 -18.1 116.12 0.06 4.36 1.11 -0.01 -0.78 2.15 -1.74 -0.66 7.94 -4.74 -1.13 -7.93 -4.08 -0.44 -13.23 -7.87 -15.46 -7.75 9.16 -20.24 0.71 2.67 -9.79 3.14 0 -0 0 -35.4 26.04 -13.43 58.22 -55.82 -32.87 -0 0 -4.27 75.97 46.61 71.02 -7.12 0 -0 145.84 -71.36 -157.77 0 -0 0 5.49 17.69 -4.65 -41.98 49.2 -19.92 0 0 6.58 -62.11 10.55 -19.08 7.12 -0 -0 -22.63 -9.47 -20.3
-6.39 13.55 12.82 -193.64 23.74 -170.66 0 0 0 -24.58 6.16 -38.82 9.7 17.24 58.48 3.25 -2.32 -33.61 1.55 -7.85 -22.26 0 0 0 25.04 -18.64 -40.76 -24.99 -19.39 104.73 0.22 8.99 7.17 -0.02 -0.95 2.6 -3.67 0.42 6.41 -5.81 0.23 -8.57 -4.45 0.42 -12.96 -8.19 -15.33 -7.68 8.82 -20.09 1.56 2.6 -9.73 3.37 0 -0 0 -30.51 25.03 -21.11 32.39 -42.86 -13.01 -0 -0 12.74 83.32 43.68 80.37 -7.12 0 -0 146.59 -65.73 -162.42 0 -0 0 1.06 19.87 -12.97 -24.63 35.83 -8.07 0 0 20.63 -67.75 18.4 -37.66 7.12 -0 -0 -23.25 8.5 -28.73
-6.88 13.47 12.84 -193.74 27.3 -169.92 0 0 0 -26.78 6.05 -42.08 10.58 17.73 61.42 3.52 -1.04 -35.32 1.49 -7.72 -21.85 0 0 0 32.77 -19.15 -30.54 -18.24 -19.93 84.84 0.38 12.51 11.3 -0.06 -1.6 4.39 -3.73 1.27 4.15 -6.47 1.63 -9.33 -5.32 1.14 -12.36 -8.34 -15.08 -7.82 8.3 -19.81 3 2.43 -9.6 3.77 0 -0 0 -23.97 24.62 -28.4 18.24 -28.46 -4.66 -0 -0 28.12 87.94 40.2 86.81 -7.12 0 -0 145.59 -61.58 -165.15 0 -0 0 -2.97 21.49 -20.79 -14.33 23.2 -2.96 0 0 25.62 -68.26 21.43 -42.49 7.12 -0 -0 -22.68 13.65 -29.47
-7.35 13.41 12.83 -191.14 29.37 -167.88 0 0 0 -25.98 4.47 -45.24 11.61 18.22 64.74 3.8 -0.71 -36.83 0.92 -6.1 -17.07 0 0 0 39.9 -20.81 -20.02 -10.13 -17.48 59.92 0.1 9.2 11.03 -0.01 -0.61 1.69 -0.76 2.05 1.91 -6.57 3.12 -9.86 -7.18 1.63 -11.34 -8.6 -14.9 -8.22 7.85 -19.58 4.28 2.27 -9.49 4.18 -0 0 0 -18.55 25.47 -32.83 11.66 -19.29 -1.99 -0 -0 34.28 88.81 35.58 87.95 -7.12 0 -0 139.5 -60.59 -163.02 -0 0 0 -4.91 19.49 -20.29 -11 18.29 -1.78 0 0 20.37 -65.42 21 -38.09 7.12 -0 -0 -21.28 10.25 -26.45
-7.78 13.37 12.84 -189.47 31.12 -166.02 0 0 0 -26.05 2.26 -48.06 12.34 18.53 67.06 3.96 0.52 -37.99 0.49 -4.49 -12.47 0 0 0 43.71 -19.11 -10.03 -3.9 -12.02 35.82 -0.38 -1.94 11.15 -0.07 -1.74 4.8 1.16 2.79 -0.06 -6.67 4.35 -10.24 -8.34 2.12 -10.3 -8.9 -14.6 -8.62 7.26 -19.11 5.09 2.13 -9.28 4.42 -0 0 0 -15.96 27.29 -30.92 10.72 -17.86 -1.69 -0 -0 30.4 89.05 30.28 88.13 -7.12 0 -0 131.61 -60.04 -159.45 -0 0 0 -5.15 17.94 -18.05 -11.33 18.8 -1.88 0 0 14.73 -64.96 20.98 -37.46 7.12 -0 -0 -21.05 9.79 -25.98
-8.21 13.38 12.89 -188.96 33.16 -164.22 0 0 0 -27.18 0.32 -51.24 12.72 18.68 68.27 3.94 1.73 -38.28 0.25 -3.2 -8.82 0 0 0 45.2 -13.25 -3.14 -1.51 -7.76 21.98 -0.32 -11.27 11.94 -0.28 -3.43 9.47 2.03 3.5 -1.79 -6.8 5.48 -10.87 -8.92 2.66 -9.75 -8.72 -13.75 -8.41 5.51 -17.88 5.73 1.73 -8.77 4.31 0 0 0 -14.02 28.93 -20.41 11.8 -19.5 -2.03 -0 -0 25.2 82.44 27.18 73.81 -7.12 0 -0 106.1 -65.75 -133.01 0 0 0 -5.28 16.7 -9.94 -13.23 21.62 -2.54 0 0 8.14 -61.03 19.41 -30.97 7.12 -0 -0 -19.42 4.29 -22.08
-8.59 13.46 12.96 -189.5 35.17 -163.76 0 0 0 -29.31 -0.14 -53.03 12.53 18.61 67.66 3.8 2.4 -37.8 0.13 -2.34 -6.44 0 0 0 44.65 -10.23 -1.51 -1.22 -7.01 19.76 -0.14 -12.54 10.58 -0.11 -2.17 5.97 2.12 4.37 -2.5 -7 6.72 -11.26 -9.19 3.3 -9.53 -7.98 -12.43 -8.73 2.7 -15.94 7.54 0.93 -7.94 4.5 -0 0 0 -12.87 28.51 -6.19 14.35 -23.23 -2.96 -0 -0 15.94 71.25 23.07 49.11 -7.12 0 -0 77.99 67 52.55 -0 0 0 -3.51 16.55 -4.8 -16.45 26.13 -3.84 0 0 1.06 -52.64 15.41 -19.19 7.12 -0 -0 -15.87 -6.31 -14.62
-8.88 13.57 13.02 -190.93 36.17 -165.25 0 0 0 -31.94 0.24 -52.54 11.95 18.37 65.84 3.61 2.85 -37.05 0.1 -2.05 -5.65 0 0 0 42.59 -9.57 -1.2 -1.28 -7.16 20.2 -0.07 -11.25 8.93 -0.03 -1.16 3.19 1.08 4.91 -2.11 -7.14 7.38 -11.1 -8.8 3.7 -9.57 -6.77 -10.82 -10.45 -0.03 -13.47 10.9 -0.04 -6.85 5.44 -0 -0 0 -12.94 27.48 6.88 20.65 -31.42 -5.87 -0 -0 3.17 62.01 16.51 28.12 -7.12 0 -0 40.83 57.16 13.69 -0 -0 0 1.22 16.19 0.51 -24.6 35.79 -8.05 0 -0 -17.97 -43.49 11.16 -10.4 7.12 -0 -0 -11.17 -14.96 -8.06
-9.08 13.67 13.07 -190.37 35.11 -165.97 0 0 0 -31.97 -0.36 -50.94 11.51 18.18 64.44 3.47 3.31 -36.5 0.15 -2.47 -6.8 0 0 0 42.28 -10.41 -1.38 -1.32 -7.27 20.52 -0.21 -8.53 9.49 -0 -0.08 0.21 1.47 5.05 -2.07 -6.74 7.53 -10.64 -8.52 3.75 -9.06 -5.14 -9.05 -12.3 -2 -10.87 14.03 -0.82 -5.65 6.46 -0 -0 0 -13.07 26.26 18.32 32.93 -43.28 -13.37 -0 0 -8.18 51.93 11.76 14.58 -7.12 0 -0 23.95 47.11 1.32 -0 -0 0 7.64 14.72 6.46 -41.25 48.79 -19.37 0 -0 -43.39 -29.1 5.32 -2.95 7.12 -0 -0 -1.79 -23.9 -0.91
-9.17 13.77 13.1 -188.46 32.8 -165.55 0 0 0 -30 -2.15 -49.19 11.21 18.03 63.45 3.37 3.41 -36.04 0.25 -3.22 -8.88 0 0 0 43.62 -11.29 -2.11 -1.31 -7.26 20.47 -0.45 -6.4 12.13 -0 0.25 -0.69 2.4 4.92 -2.77 -5.95 7.36 -10.3 -8.03 3.64 -8.28 -3.37 -7.13 -13.81 -3.31 -8.19 16.72 -1.37 -4.36 7.42 -0 -0 0 -12.58 23.85 29.25 55.92 -55.12 -30.97 -0 0 -23.23 41.05 12.4 10.6 -7.12 0 -0 13.06 45.82 0.27 -0 -0 0 14.4 13.12 13.8 -69.05 58.28 -41.96 0 -0 -69.07 -13.55 -3.28 0.79 7.12 -0 -0 10.61 -33.22 3.11
-9.17 13.86 13.13 -187.17 30.76 -165.22 0 0 0 -28.37 -3.4 -47.63 10.78 17.82 62.06 3.3 3.04 -35.54 0.39 -4.03 -11.15 0 0 0 44.43 -11.19 -3.28 -1.43 -7.57 21.42 -0.73 -6.32 15.29 -0.06 -1.58 4.36 2.2 4.79 -3.6 -5.45 7.2 -10.15 -7.26 3.62 -7.73 -1.75 -5.34 -15.29 -3.76 -5.8 19.43 -1.64 -3.13 8.51 -0 -0 0 -11.36 18.55 39.25 91.55 -59.99 -61.35 -0 0 -41.38 31.92 17.85 10.81 -7.12 0 -0 3.94 50.72 0.56 -0 -0 0 21.73 12.5 23.59 -102.21 59.43 -70.55 0 -0 -87.92 -6.7 -7.04 0.82 7.12 -0 -0 16.84 -36.59 3.61
-9.12 13.92 13.17 -186.99 29.78 -165.74 0 0 0 -28 -3.03 -46.21 10.33 17.59 60.6 3.22 2.75 -34.97 0.57 -4.83 -13.42 0 0 0 42.98 -11.25 -4.85 -1.86 -8.57 24.47 -1.04 -8.73 18.28 -1.5 -7.73 21.9 1.43 4.99 -3.79 -5.7 7.44 -9.87 -7.04 3.81 -7.33 -0.58 -3.99 -16.65 -3.25 -4.21 21.51 -1.54 -2.21 9.48 0 0 0 -10.29 9.29 47.12 121.4 -55.93 -86.82 -0 0 -56.62 23 24.71 10.06 -7.12 0 -0 -7.13 56.4 -2 0 0 0 30.41 13.1 35.4 -126.6 54.28 -91.08 0 -0 -94.32 -8.38 -6.78 1 7.12 -0 -0 15.41 -36.44 3.34
-9.07 13.96 13.22 -186.87 29.47 -166.66 0 0 0 -27.95 -1.46 -45.2 10.04 17.43 59.64 3.02 2.54 -33.83 0.62 -5.05 -14.04 0 0 0 39.92 -11.91 -8.58 -3.1 -10.86 31.81 -1.98 -6.82 25.32 -2.29 -9.45 27.21 1.19 5.39 -3.09 -5.93 7.87 -9.3 -7.17 4.01 -7.05 -0.09 -2.92 -17.8 -2.48 -2.99 22.37 -1.24 -1.5 10.02 0 -0 0 -10.87 -1.92 52.63 137.21 -49.64 -99.46 -0 0 -66.63 17.01 28.12 8.2 -7.12 0 -0 -15.27 58.52 -5.12 0 -0 0 39.08 15.53 47.46 -139.36 48.44 -101.09 0 -0 -95.78 -11.81 -5.78 1.21 7.12 -0 -0 12.41 -35.65 2.91
-9.04 13.97 13.28 -186.56 29.15 -167.65 0 0 0 -27.74 0.4 -44.58 9.91 17.36 59.2 2.93 0.9 -32.73 0.34 -3.73 -10.31 0 0 0 36.3 -11.98 -15.07 -6.2 -14.61 45.76 -1.47 4.44 24.89 -0.85 -5.87 16.4 1.1 5.41 -1.52 -5.46 7.75 -8.54 -6.74 3.89 -7.21 0.14 -1.83 -18.89 -2.27 -1.62 22.31 -1.03 -0.85 10.23 0 -0 0 -12.82 -11.53 55.49 145 -44.81 -105.18 -0 0 -72.03 16.02 29.28 8 -7.12 0 -0 -17.07 59.42 -6.12 0 -0 0 46.33 19.53 57.09 -144.86 44.91 -105.09 0 -0 -97.1 -14.68 -5.62 1.47 7.12 -0 -0 10.03 -35.64 2.34
-9 13.99 13.34 -187.34 28.67 -169.44 0 0 0 -28.5 2.17 -43.44 9.71 17.24 58.51 2.89 -1.4 -31.83 0.09 -1.98 -5.45 0 0 0 30.76 -11.34 -22.56 -11.38 -18.12 64.02 0.2 9.93 10.02 -0.02 0.86 -2.35 -0.13 4.91 0.66 -4.83 6.88 -7.71 -5.55 3.47 -7.88 0.85 -0.78 -19.24 -2.73 -0.33 21.44 -1.12 -0.27 10 -0 -0 0 -14.24 -17.92 54.62 148.9 -41.82 -107.86 -0 0 -77.35 16.74 31.03 8.81 -7.12 0 -0 -17.58 61.26 -7.09 -0 -0 0 51.39 23.37 62.62 -147.48 42.96 -106.91 0 -0 -99.67 -19.3 -6.11 2.14 7.12 -0 -0 6.26 -36.39 1.33
-8.93 14.04 13.38 -189.48 27.82 -171.88 0 0 0 -30.52 3.9 -41.46 9.21 16.94 56.8 2.73 -3.16 -30.52 0.02 -0.98 -2.69 0 0 0 22.57 -11.04 -30.14 -17.18 -19.81 81.72 0.03 4.53 -1.94 -0.03 1.19 -3.28 -2.77 4.09 2.73 -4.52 5.46 -6.96 -3.83 2.89 -8.68 1.19 -0.44 -18.95 -2.61 -0.08 20.34 -1.1 -0.14 9.56 0 -0 0 -13.38 -21.53 50.37 150.53 -40.43 -108.94 -0 0 -82.36 18.71 31.12 9.93 -7.12 0 -0 -15.47 61.83 -6.42 0 -0 0 53.66 25.74 63.51 -149.37 41.43 -108.17 0 -0 -101.84 -23.23 -5.64 2.42 7.12 -0 -0 2.92 -36.1 0.64
-8.83 14.09 13.41 -189.79 26.36 -172.72 0 0 0 -30.57 5.02 -40.35 8.87 16.72 55.63 2.53 -4.55 -29.09 0.01 -0.65 -1.78 0 0 0 15.55 -10.62 -37.41 -21.58 -19.94 94.64 -0.2 0.29 -8.41 -0.17 -2.63 7.25 -3.8 3.22 3.88 -4.03 4.13 -6.54 -2.66 2.29 -9.06 0.47 -1.2 -18.71 -1.51 -1.24 19.59 -0.75 -0.63 9.24 0 0 0 -9.87 -23.71 43.48 150.65 -40.33 -109.02 -0 0 -84.93 19.35 29.98 9.95 -7.12 0 -0 -13.95 60.88 -5.46 0 0 0 53.23 25.85 60.68 -150.85 40.15 -109.14 0 -0 -101.48 -24.92 -5.24 2.43 7.12 -0 -0 1.48 -35.76 0.34
-8.69 14.2 13.41 -188.48 24.58 -172.31 0 0 0 -28.86 5.73 -39.58 8.51 16.48 54.39 2.3 -6.15 -27.43 0 -0.15 -0.42 0 0 0 10.59 -9.64 -43.36 -23.63 -19.68 100.68 -0.49 -0.04 -13.23 -0.32 -3.65 10.1 -3.35 2.37 4.39 -3.28 2.99 -6.43 -2 1.7 -9.26 -0.82 -2.74 -18.29 -0.27 -3.31 18.89 -0.37 -1.57 8.95 -0 0 0 -4.69 -25.2 34.44 149.13 -41.63 -108.01 -0 0 -85.15 18.64 29.61 9.46 -7.12 0 -0 -14.48 60.35 -5.49 -0 0 0 50.16 24.01 55.14 -151.52 39.56 -109.57 0 -0 -99.82 -26.02 -5.6 2.73 7.12 -0 -0 0.57 -36.21 0.12
-8.5 14.37 13.4 -187.2 22.46 -171.88 0 0 0 -26.94 6.45 -38.38 7.93 16.07 52.3 1.92 -8.07 -24.85 0.01 0.54 1.47 0 0 0 7.14 -8.47 -47.17 -23.32 -19.73 99.76 -0.96 0.25 -18.42 -0.19 -2.78 7.68 -3.35 1.49 4.9 -2.51 1.8 -6.55 -1.06 1.14 -9.73 -2.6 -4.9 -16.92 1.35 -6.2 17.6 0.13 -2.9 8.38 -0 0 0 1.71 -26.81 24.31 145.03 -44.79 -105.21 -0 0 -83.35 16.83 29.99 8.6 -7.12 0 -0 -16.7 60.29 -6.33 -0 0 0 45.73 20.07 47.77 -150.39 40.56 -108.84 0 -0 -97.16 -27.3 -8 4.11 7.12 -0 -0 -0.39 -38.97 -0.06
-8.24 14.6 13.4 -185.46 19.71 -171.34 0 0 0 -24.33 7.76 -37.39 7.33 15.61 50.12 1.31 -10.48 -20.64 0.04 1.27 3.48 0 0 0 6.33 -7.05 -48.16 -20.63 -19.99 91.83 -1.4 -2.46 -23.38 -0.26 -3.31 9.13 -3.41 0.55 5.62 -1.55 0.54 -6.8 0.15 0.58 -10.43 -4.68 -7.49 -14.77 3.17 -9.67 15.74 0.73 -4.55 7.66 -0 0 0 9.01 -28.46 13.73 138.07 -49.17 -100.11 -0 0 -80.13 15.73 30.59 8.16 -7.12 0 -0 -18.33 60.6 -7.11 -0 0 0 40.54 14.63 40 -146.22 43.92 -106.04 0 -0 -91.76 -30.53 -11.58 6.75 7.12 -0 -0 -3.08 -43.34 -0.13
-7.92 14.84 13.4 -183.44 16.04 -170.65 0 0 0 -21.27 10.29 -38.83 7.43 15.68 50.48 0.34 -13.45 -13.2 0.09 1.9 5.23 0 0 0 7.6 -5.97 -46.21 -15.36 -19.48 76.33 -1.7 -5.88 -27.34 -0.38 -3.96 10.96 -3.61 -0.74 6.45 -0.41 -1.18 -7.06 1.75 -0.18 -11.14 -6.14 -9.79 -13.06 4.53 -12.78 14.08 1.11 -6.05 7.14 -0 0 0 17.35 -28.97 2.99 128.26 -53.67 -92.43 -0 0 -76.75 17.76 29.74 9.03 -7.12 0 -0 -15.52 60.26 -5.86 -0 0 0 34.98 9.64 33.83 -136.4 50.06 -98.84 0 -0 -82.66 -35.2 -13.39 9.28 7.12 -0 -0 -7.43 -46.09 0.2
-7.53 15.02 13.41 -181.61 11.54 -169.72 0 0 0 -18.83 14.95 -46.43 9.54 17.15 57.95 -0.56 -14.52 -1.43 0.09 1.97 5.42 0 0 0 9.73 -5.68 -41.81 -8.86 -16.71 55.59 -1.22 -8.79 -25.72 -0.04 -1.21 3.34 -4.53 -2.37 6.92 0.78 -3.4 -7.34 3.92 -1.08 -11.49 -7.15 -11.61 -11.89 5.81 -15.32 12.92 1.44 -7.25 6.89 -0 0 0 26.57 -28.33 -6.97 113.66 -57.78 -80.34 -0 0 -71.79 18.19 26.19 8.25 -7.12 0 -0 -12.91 56.89 -3.8 -0 0 0 29.58 6.54 29.74 -115.08 57.48 -81.54 0 -0 -68.11 -38.36 -12.08 9.4 7.12 -0 -0 -10.42 -44.98 -0
-7.13 15.06 13.42 -180.11 7.12 -169.01 0 0 0 -17.73 20.09 -59.25 14.23 19.18 72.91 -0.03 -9.51 13.05 0.39 4.02 11.14 0 0 0 12.55 -7.51 -38.86 -5.83 -14.26 44.28 -0.53 -9.05 -19.89 -0 -0.16 0.45 -5.95 -3.82 7.31 1.82 -5.46 -7.55 6.19 -1.89 -11.54 -8.16 -12.98 -11.18 7.01 -17.24 12.7 1.75 -8.14 7.02 0 0 0 36.18 -27.41 -15.28 92.75 -59.97 -62.38 -0 0 -65.97 20.24 24.07 8.55 -7.12 0 -0 -9.76 55.17 -2.45 0 0 0 24.14 6.81 27.61 -71.7 58.7 -44.22 0 -0 -40.31 -42.39 -5.62 5.1 7.12 -0 -0 -13.32 -37.26 -2.59
-6.8 15.11 13.46 -179.28 4.27 -169.59 0 0 0 -16.96 23.96 -70.49 20.21 20 90.62 2.14 -2.88 28.81 0.9 6.04 16.89 0 0 0 15.64 -11.43 -38.4 -5.46 -13.88 42.77 -0.55 -7.93 -19.05 -0.05 -1.44 3.96 -7.55 -4.5 9.07 2.24 -6.72 -7.58 7.92 -2.28 -12.26 -8.2 -13.75 -10.33 7.14 -18.37 12.65 1.7 -8.69 6.96 0 0 0 44.13 -27.22 -21.93 71.57 -58.68 -44.11 -0 0 -61.32 21.51 22.61 8.62 -7.12 0 -0 -7.88 53.93 -1.74 0 0 0 20.43 10.81 22.9 -33.06 43.38 -13.46 0 -0 -1.83 -47.95 -0.92 1.02 7.12 -0 -0 -16.9 -31.06 -5.99
-6.58 15.16 13.53 -178.74 4.43 -171.46 0 0 0 -16.35 30.84 -79 26.74 18.88 110.06 4.34 -1.67 40.13 1.05 6.51 18.26 0 0 0 17.32 -13.2 -36.55 -5.19 -13.6 41.66 -0.58 -7.06 -18.71 -0.06 -1.61 4.42 -8.62 -3.97 11.9 2.28 -6.49 -7.33 8.85 -1.99 -13.67 -8.25 -14.17 -9.93 6.53 -18.88 12.98 1.48 -8.99 6.98 -0 -0 0 48.23 -27.5 -27.38 58.99 -56.03 -33.5 -0 0 -57.82 22.49 21.23 8.53 -7.12 0 -0 -6.39 52.67 -1.21 -0 -0 0 18.33 14.54 13.79 -17.33 27.28 -4.24 0 0 23.87 -52.78 3.31 -4.35 7.12 -0 -0 -19.27 -24.47 -10.11
-6.43 15.17 13.58 -178.19 6.66 -172.79 0 0 0 -18.02 45.05 -87.41 32.28 15.91 128.46 5.6 -6.83 47.3 1.24 7.05 19.86 0 0 0 18.25 -12.36 -34.88 -5.13 -13.52 41.37 -0.63 -6.29 -18.64 -0.08 -1.8 4.95 -8.92 -2.82 13.67 2.22 -5.19 -7.06 8.88 -1.28 -14.73 -8.3 -14.25 -9.97 6.25 -18.92 12.59 1.41 -9.05 6.84 0 -0 0 49.89 -27.25 -31.41 53.78 -54.41 -29.22 -0 0 -56.64 23.92 20.66 8.9 -7.12 0 -0 -4.77 52.34 -0.86 0 -0 0 17.2 14.3 8.49 -13.04 21.35 -2.47 0 0 28.25 -53.92 7.96 -10.76 7.12 -0 -0 -18.65 -17.01 -13.1
-6.31 15.18 13.58 -178.56 8.12 -172.95 0 0 0 -24.55 65.1 -97.11 35.63 12.64 141.96 5.66 -16.3 51.84 1.45 7.62 21.58 0 0 0 18.3 -11.6 -34.75 -5.2 -13.6 41.66 -0.69 -5.85 -18.87 -0.09 -1.97 5.42 -9.66 -2.17 13.92 1.93 -4.52 -7.18 8.85 -0.87 -15.17 -7.84 -13.89 -10.22 5.97 -18.43 12.24 1.32 -8.82 6.66 0 -0 0 49.75 -26.8 -32.52 53.11 -54.18 -28.68 -0 0 -55.74 25.91 20.18 9.51 -7.12 0 -0 -2.62 52.18 -0.46 0 -0 0 17.1 12.84 8.55 -13.43 21.92 -2.61 0 0 27.74 -54.66 10.47 -14.37 7.12 -0 -0 -18.4 -12.89 -14.62
-6.2 15.16 13.54 -178.9 7.95 -173.17 0 0 0 -28.29 78.68 -102.03 36.86 10.91 148.02 3.9 -24.24 50.87 1.28 7.16 20.19 0 0 0 18.36 -12.42 -35.01 -5.35 -13.77 42.31 -0.77 -5.4 -19.39 -0.09 -1.99 5.46 -9.96 -2.26 14.1 1.83 -4.75 -7.43 8.98 -0.9 -15.52 -7.1 -13.09 -10.89 5.04 -17.3 12.98 1.02 -8.29 6.78 0 0 0 47.1 -26.46 -30.26 56.67 -55.35 -31.58 -0 0 -53.03 28.09 19.57 10.13 -7.12 0 -0 -0.25 51.92 -0.04 0 0 0 17.64 12.37 12.51 -15.92 25.41 -3.61 0 0 24.95 -55.76 12.23 -17.29 7.12 -0 -0 -18.55 -9.74 -16.04
-6.11 15.1 13.49 -177.69 7.49 -173.28 0 0 0 -16.63 72.48 -91.97 36.53 11.42 146.3 2.12 -25.65 45.62 0.55 4.74 13.16 0 0 0 20 -13.33 -35.21 -5.56 -13.99 43.19 -0.87 -4.94 -20.13 -0.09 -1.92 5.29 -8.48 -2.48 14.02 2.1 -4.68 -7.55 8.43 -0.99 -15.69 -6.27 -12.04 -11.98 4.11 -15.85 14.4 0.68 -7.57 7.2 0 0 0 42.71 -26.85 -25.97 65.23 -57.55 -38.72 -0 0 -50.65 29.18 19.83 10.72 -7.12 0 -0 0.82 52.42 0.15 0 0 0 19.61 11.14 18.03 -22.14 33.14 -6.66 0 0 17.39 -56.74 14.52 -20.92 7.12 -0 -0 -18.46 -5.74 -17.48
-6.03 15.02 13.42 -176.37 7.74 -173.24 0 0 0 -10.62 56.13 -84.61 34.96 13.43 139.02 -0.04 -22.3 31.19 0.08 1.85 5.08 0 0 0 21.6 -13.46 -35.25 -5.77 -14.2 44.04 -0.97 -4.61 -20.84 -0.07 -1.75 4.81 -6.87 -2.29 13.4 2.3 -3.97 -7.68 7.53 -0.81 -15.67 -5.55 -10.71 -13.41 3.2 -13.98 16.37 0.39 -6.64 7.87 0 0 0 36.43 -28.4 -19.73 80.91 -59.69 -52.13 -0 0 -51.99 30.34 20.33 11.49 -7.12 0 -0 1.94 53.21 0.39 0 0 0 22.36 7.78 25.26 -36.12 45.59 -15.61 0 0 5.23 -57.03 16.56 -23.72 7.12 -0 -0 -18.06 -2.51 -18.19
-5.97 14.97 13.33 -175.74 8.53 -173.13 0 0 0 -8.27 41.3 -77.02 32.26 15.93 128.37 -0.73 -15.74 11.15 0.1 2.01 5.53 0 0 0 22.25 -12.99 -35.13 -5.95 -14.38 44.8 -1.03 -4.51 -21.34 -0.05 -1.47 4.03 -5.83 -1.72 12.11 2.24 -2.87 -7.78 6.51 -0.44 -15.2 -4.44 -8.82 -15.21 2.07 -11.35 18.87 0.05 -5.34 8.77 0 -0 0 27.62 -32 -11.09 100.36 -59.59 -68.96 -0 0 -53.52 29.45 20.85 11.36 -7.12 0 -0 0.9 53.6 0.19 0 -0 0 26.03 4.49 33.37 -62.94 57.04 -36.8 0 -0 -10.91 -54.36 17.1 -22.3 7.12 -0 -0 -16.42 -3.1 -16.19
-5.95 14.93 13.22 -175.2 9.2 -173.1 0 0 0 -7.18 29.97 -68.42 28.08 18.36 114.25 -0.25 -10.78 -2.71 0 0.4 1.1 0 0 0 22.63 -12.33 -34.61 -6.07 -14.5 45.27 -1.05 -4.87 -21.66 -0.03 -1.18 3.26 -4.6 -1.13 10.24 2.02 -1.75 -7.68 5.2 -0.11 -14.09 -2.79 -6.39 -16.71 1.19 -8.1 21.3 -0.17 -3.7 9.66 -0 0 0 14.67 -36.08 1.7 119.55 -56.43 -85.29 -0 0 -58.97 26.96 23.07 11.27 -7.12 0 -0 -2.31 55.51 -0.6 -0 0 0 31.74 3.39 42.38 -101.33 59.51 -69.79 0 -0 -30.72 -47.47 14.26 -15.04 7.12 -0 -0 -13.05 -9.78 -10.94
-5.98 14.91 13.09 -174.19 9.57 -173.27 0 0 0 -6.14 21.64 -58.86 22.47 19.85 97.25 0.15 -9.09 -8.82 0.03 -1.19 -3.28 0 0 0 23.27 -11.75 -33.39 -6.04 -14.46 45.13 -1 -5.58 -21.67 -0.02 -0.8 2.19 -2.57 -0.45 8.49 1.98 -0.45 -7.35 3.67 0.27 -12.77 -1.21 -3.79 -18.23 0.68 -4.64 23.8 -0.18 -1.92 10.72 -0 -0 0 -3.13 -38.07 19.08 133.53 -51.47 -96.62 -0 0 -70 26.22 27.55 12.83 -7.12 0 -0 -4.8 60.1 -1.77 -0 -0 0 38.7 4.64 51.56 -129.21 53.31 -93.2 0 -0 -51.63 -38.12 8.28 -6.44 7.12 -0 -0 -8.01 -19.56 -4.91
-6.08 14.89 12.94 -172.64 9.97 -173.49 0 0 0 -4.92 15.01 -48.67 16.26 19.66 79 0.17 -10.76 -9.99 0.08 -1.78 -4.9 0 0 0 24.1 -11.15 -31.74 -5.92 -14.35 44.65 -0.91 -6.28 -21.36 -0.01 -0.5 1.37 0.46 0.46 6.9 2.07 1.19 -6.79 1.76 0.77 -11.21 0.57 -1.1 -19.72 0.58 -1.21 25.84 -0.01 -0.12 11.73 -0 -0 0 -21.68 -35.94 37.57 140.59 -47.72 -102 -0 0 -77.93 26.71 30.58 14.36 -7.12 0 -0 -5.79 63.38 -2.59 -0 -0 0 45.49 7.95 58.59 -142.51 46.51 -103.41 0 -0 -72.24 -32.09 0.33 -0.21 7.12 -0 -0 -4.33 -29.58 -1.63
-6.25 14.84 12.77 -171.23 10.73 -173.7 0 0 0 -4.19 8.87 -38.47 11.18 18.02 63.37 0.16 -13.07 -11.05 0.19 -2.79 -7.69 0 0 0 24.44 -10.48 -30.43 -5.94 -14.37 44.74 -0.86 -6.36 -20.92 -0.01 -0.5 1.37 3.58 1.5 5.59 1.97 2.88 -6.35 -0.34 1.36 -9.83 2.69 1.71 -20.15 1.36 2.05 26.99 0.47 1.73 12.29 -0 -0 0 -34.11 -30.18 51.11 143.83 -45.63 -104.35 -0 0 -78.96 26.45 31.83 14.7 -7.12 0 -0 -6.9 64.59 -3.28 -0 -0 0 51.03 12.75 60.67 -148.25 42.34 -107.43 0 -0 -92.27 -29.04 -6.4 3.54 7.12 -0 -0 -1.96 -37.28 -0.37
-6.45 14.79 12.62 -170.77 12.03 -173.5 0 0 0 -5.34 4.38 -31.71 8.98 16.79 56.01 0.87 -10.64 -17.2 0.15 -2.5 -6.89 0 0 0 23.61 -9.67 -30.82 -6.33 -14.74 46.28 -0.79 -5.71 -19.84 -0.01 -0.46 1.27 5.54 2.75 4.79 1.37 4.69 -6.51 -2.25 2.1 -9.29 4.95 4.26 -19.59 3.08 4.72 27.63 1.21 3.48 12.48 0 0 0 -39.11 -23.65 58.33 145.49 -44.46 -105.53 -0 0 -76.05 25 31.85 13.82 -7.12 0 -0 -8.69 64.21 -4.06 0 0 0 54.48 18.1 58.31 -149.8 41.06 -108.46 0 -0 -100.39 -28.44 -8.06 4.34 7.12 -0 -0 -1.38 -39.12 -0.2
-6.67 14.8 12.52 -172.27 13.97 -173.6 0 0 0 -9.12 3.06 -28.11 7.78 15.96 51.78 1.55 -7.26 -22.27 0.02 -0.79 -2.18 0 0 0 20.6 -9.6 -34.39 -7.71 -15.9 51.52 -0.49 -4.83 -15.9 -0 -0.23 0.64 5.18 4.31 5.03 0.22 6.67 -6.86 -3.52 3.02 -9.57 7.24 6.46 -18.7 4.56 7.04 27.55 1.76 5 12.35 -0 -0 0 -39.14 -17.24 60.47 146.35 -43.82 -106.13 -0 0 -69.25 25.32 29.05 12.94 -7.12 0 -0 -6.59 61.43 -2.64 -0 -0 0 54.76 24.49 51.78 -149.11 41.65 -108 0 -0 -99.71 -28.99 -7.25 4 7.12 -0 -0 -1.89 -38.24 -0.31
-6.91 14.82 12.46 -175.09 16.57 -174.86 0 0 0 -13.9 4.8 -24.96 6.56 14.95 47.19 1.85 -5.79 -24.54 0.02 -0.8 -2.21 0 0 0 16.43 -11.45 -42.48 -10.9 -17.89 62.46 0.03 -5.15 -6.14 -0.15 -2.46 6.78 3.58 5.93 6.54 -0.86 8.59 -6.73 -4.19 3.96 -10.2 9.13 10.31 -17.17 4.91 9.46 26.53 1.71 5.43 11.82 -0 0 0 -36.6 -10.03 59.02 145.2 -44.67 -105.33 -0 0 -54.05 30.14 21.57 12.05 -7.12 0 -0 1.5 54.53 0.35 -0 0 0 51.16 33.27 41.1 -146.26 43.89 -106.07 0 -0 -101.81 -30.26 -7.88 4.57 7.12 -0 -0 -2.97 -39.07 -0.43
-7.15 14.85 12.41 -177.2 19.48 -176.79 0 0 0 -17.41 9.73 -23.11 5.75 14.19 43.98 1.92 -6.02 -25.01 0.05 -1.41 -3.86 0 0 0 14.11 -14.15 -53.44 -15.46 -19.5 76.62 -0.23 -8 9.58 -1.92 -8.7 24.86 3.14 7.39 8.99 -1.56 10.43 -6.2 -5.25 4.77 -10.84 11.6 12.55 -15.11 3.77 12.68 25.25 1.3 7 11.28 0 0 0 -32.54 -2.58 55.12 137.95 -49.24 -100.02 -0 0 -28.41 40.72 10.7 9.08 -7.12 0 -0 12.53 43.61 -0.44 0 0 0 43.48 44.22 27.91 -138.55 48.91 -100.47 0 -0 -101.55 -30.88 -8.27 4.91 7.12 -0 -0 -3.5 -39.56 -0.47
-7.37 14.92 12.33 -178.84 21.61 -179.49 0 0 0 -19.83 15.01 -20.33 4.93 13.3 40.51 1.96 -5.81 -25.29 0.18 -2.77 -7.64 0 0 0 14.06 -18.04 -64.73 -20.69 -19.99 92.01 -2.49 -6.99 28.54 -3.27 -11.11 32.66 3.89 8.47 12.01 -2.29 11.92 -5.34 -7.07 5.33 -11.2 12.88 13.97 -14 3.51 14.65 24.39 1.25 8 10.96 0 -0 0 -28.03 2.64 48.95 117.94 -56.83 -83.94 -0 0 -0.99 54.75 9.92 13.7 -7.12 0 -0 26.04 45.09 0.06 0 -0 0 30.47 54.96 10.45 -122.51 55.6 -87.74 0 -0 -100.14 -30.76 -8.85 5.23 7.12 -0 -0 -3.39 -40.23 -0.4
-7.53 15.01 12.22 -180.04 22.05 -181.73 0 0 0 -21.62 16.83 -16.23 4.03 12.19 36.42 2.06 -3.55 -26.29 0.54 -4.71 -13.08 0 0 0 17.9 -23.76 -77.88 -26.17 -19.06 108.32 -5.11 -5.33 41.95 -3.55 -11.54 34.12 5.29 8.98 14.45 -2.99 12.85 -4.72 -9.11 5.62 -11.34 12.86 14.43 -13.78 3.93 15.25 24.3 1.48 8.33 10.88 -0 0 0 -24.44 4.09 43.35 79.47 -59.58 -50.9 -0 -0 17.12 64.63 15.45 29.32 -7.12 0 -0 44.13 56.74 14.65 -0 0 0 9.65 62.76 -13.4 -92.4 59.98 -62.08 0 -0 -97.2 -30.74 -9.25 5.46 7.12 -0 -0 -3.36 -40.68 -0.36
-7.63 15.09 12.09 -180.42 21.15 -182.42 0 0 0 -22.76 15.62 -13.11 3.39 11.3 33.3 2.08 -1.06 -26.96 0.73 -5.44 -15.18 0 0 0 27.8 -28.43 -93.88 -30.79 -16.94 123.19 -6.72 -6.98 48.32 -3.98 -12.13 36.2 6.91 9.08 15.62 -3.44 13.32 -4.58 -10.73 5.71 -11.31 12.25 14.28 -13.97 4.09 15.14 24.39 1.61 8.25 10.87 -0 -0 0 -22.41 2.41 38.65 44.47 -50.51 -21.83 -0 -0 23.57 66.79 16.53 33.56 -7.12 0 -0 50.19 59.17 20.49 -0 -0 0 -18.27 66.17 -43.33 -55.63 55.03 -30.73 0 -0 -92.26 -30.36 -9.8 5.69 7.12 -0 -0 -3 -41.28 -0.28
-7.71 15.14 11.98 -180.31 19.71 -182.46 0 0 0 -23.35 14.06 -11.15 3.03 10.75 31.44 2.02 0.16 -26.95 0.64 -5.13 -14.28 0 0 0 40.02 -27.48 -108.82 -33.78 -14.64 134.14 -7.59 -13.8 51.11 -4.85 -13.21 40.16 8.39 8.96 16.52 -3.74 13.5 -4.59 -12.06 5.66 -11.41 11.64 13.85 -14.59 4.06 14.66 24.14 1.63 7.99 10.81 0 -0 0 -21.46 -0.47 31.78 25.92 -37.13 -8.84 -0 -0 25.39 63.03 12.68 23.34 -7.12 0 -0 38.09 51.94 7.4 0 -0 0 -43.05 65.16 -71.68 -32.87 43.23 -13.33 0 -0 -86.41 -30.56 -11.12 6.5 7.12 -0 -0 -3.13 -42.82 -0.17
-7.78 15.16 11.88 -179.85 18.34 -182.86 0 0 0 -23.2 13.71 -9.83 2.94 10.59 30.91 1.97 0.49 -26.77 0.54 -4.71 -13.07 0 0 0 47.7 -21.36 -117.16 -35.28 -13.06 140.39 -7.55 -22.46 51.21 -5.63 -14.06 43.48 9.2 8.75 17.92 -3.69 13.51 -4.48 -12.74 5.53 -11.93 11.16 13.25 -15.69 4.04 13.88 23.65 1.62 7.61 10.76 0 -0 0 -20.62 -2.38 22.11 17.6 -27.64 -4.36 -0 -0 24.53 58.7 6.6 10.7 -7.12 0 -0 28.1 40.71 -3.27 0 -0 0 -50.9 64.38 -86.09 -25.21 36.42 -8.42 0 -0 -79.85 -31.33 -10.97 6.61 7.12 -0 -0 -3.84 -42.73 -0.22
-7.82 15.11 11.77 -179.96 16.65 -183.73 0 0 0 -23.33 13.91 -9.06 3.08 10.83 31.71 1.99 0.05 -26.71 0.46 -4.34 -12.02 0 0 0 49.09 -16.67 -119.77 -35.85 -12.36 142.99 -6.97 -26.83 49.67 -5.78 -14.22 44.11 8.18 8.48 18.91 -3.37 13 -4.11 -11.93 5.31 -12.5 10.73 12.47 -16.74 3.83 12.93 22.67 1.48 7.13 10.54 0 0 0 -19.05 -2.23 15.36 16.33 -25.97 -3.79 -0 -0 16.26 56.9 2.8 4.29 -7.12 0 -0 24.55 34.16 -7.09 0 0 0 -49.13 63.32 -84.34 -26.14 37.35 -8.97 0 -0 -78.7 -32.34 -9.98 6.26 7.12 -0 -0 -4.78 -41.7 -0.39
-7.86 15.02 11.64 -180.49 14.68 -184.27 0 0 0 -23.97 13.79 -9.18 3.43 11.36 33.51 2.04 -1 -26.77 0.31 -3.56 -9.85 0 0 0 46.09 -17.45 -118.49 -35.76 -12.47 142.59 -6.64 -24.05 48.08 -5.16 -13.56 41.52 6.28 8.37 18.8 -3.02 12.4 -3.79 -10.35 5.18 -12.67 10.05 11.15 -17.35 3.5 11.39 21.39 1.2 6.34 10.1 0 -0 0 -16.06 -1.75 13.61 19.37 -29.88 -5.22 -0 -0 7.78 56.15 3.58 5.32 -7.12 0 -0 24.3 35.39 -6.21 0 -0 0 -40.34 60.88 -68.59 -33.83 43.96 -13.99 0 -0 -81.94 -33.56 -10.36 6.8 7.12 -0 -0 -5.89 -42.28 -0.4
-7.91 14.9 11.5 -180.5 12.94 -184.17 0 0 0 -24.05 14.06 -10.45 3.98 12.14 36.21 2.14 -3.09 -26.9 0.15 -2.5 -6.88 0 0 0 40.56 -19.88 -113.85 -35.01 -13.38 139.2 -5.98 -14.93 44.9 -3.74 -11.81 35.06 5.23 8.23 18.16 -2.7 11.96 -3.7 -9.21 5.08 -12.56 8.72 9.32 -17.88 3.52 9.22 20.37 1.07 5.24 9.69 -0 0 0 -12.16 -2.52 11.49 24.51 -35.69 -8 -0 -0 1.78 53.16 4.71 6.25 -7.12 0 -0 22.27 36.9 -4.73 -0 0 0 -21.98 58.66 -44.9 -52.41 53.92 -28.11 0 -0 -80.42 -34.97 -10.36 7.17 7.12 -0 -0 -7.17 -42.44 -0.45
-7.96 14.79 11.35 -180.29 11.46 -183.66 0 0 0 -23.77 15.03 -12.32 4.58 12.9 38.98 2.2 -6.2 -26.78 0.03 -1.15 -3.16 0 0 0 34.65 -20.07 -107.63 -33.7 -14.71 133.83 -3.68 -6.7 35.05 -2.95 -10.61 30.99 4.55 8 17.19 -2.41 11.48 -3.81 -8.25 4.93 -12.4 6.83 7.18 -18.25 3.73 6.78 19.61 1.07 3.99 9.33 0 0 0 -7.65 -4.31 7.9 32.54 -42.97 -13.1 -0 0 -9.89 48.57 5.98 6.73 -7.12 0 -0 18.73 38.31 -3.22 0 0 0 -1.87 54.49 -20.02 -83.23 59.83 -54.14 0 -0 -75 -36 -7.93 5.73 7.12 -0 -0 -8.01 -39.63 -1.07
-7.99 14.68 11.16 -180.6 9.84 -182.97 0 0 0 -24.09 15.61 -13.73 5.03 13.42 40.95 2.18 -9.24 -26.51 0 0.12 0.32 0 0 0 29.89 -19.43 -101.89 -32.3 -15.9 128.52 -1.21 -5.54 19.66 -2.87 -10.49 30.57 3.05 7.73 15.8 -2.19 10.79 -4.1 -6.85 4.75 -12.35 4.47 4.71 -18.3 4.24 3.96 19.13 1.22 2.54 9.06 0 0 0 -2.44 -7.27 2.61 44.55 -50.55 -21.89 -0 0 -25.32 43.69 7.38 6.99 -7.12 0 -0 14.75 39.7 -1.98 0 0 0 16.05 47.01 4.75 -114.92 57.52 -81.4 0 -0 -65.89 -36.41 -3.88 2.86 7.12 -0 -0 -8.09 -34.71 -2.06
-8.02 14.62 10.95 -181.46 8.06 -182.3 0 0 0 -25.07 15.27 -13.67 5.07 13.46 41.11 2.08 -11.37 -25.97 0.03 1.09 2.99 0 0 0 25.49 -18.77 -95.99 -30.5 -17.12 122.19 -0.52 -4.88 12.82 -2.11 -9.09 26.07 0.55 7.26 14.28 -1.89 9.71 -4.4 -4.75 4.45 -12.39 1.93 2.33 -18.24 4.67 1.32 18.95 1.43 1.17 8.95 0 0 0 3.85 -10.85 -3.91 59.29 -56.12 -33.75 -0 0 -35.82 38.58 10.33 8.14 -7.12 0 -0 10.5 42.86 -0.56 0 0 0 28.43 37.37 29.29 -130.62 52.74 -94.32 0 -0 -48.06 -38.33 4.35 -3.44 7.12 -0 -0 -8.7 -24.44 -4.37
-8.03 14.66 10.7 -182.2 6.63 -181.28 0 0 0 -26.06 14.51 -12.56 4.64 12.97 39.25 1.86 -12.4 -24.72 0.09 1.89 5.2 0 0 0 21.9 -17.11 -89.33 -27.74 -18.5 113.2 -0.81 -4.51 16.1 -1.77 -8.38 23.86 -2.1 6.59 12.38 -1.33 8.45 -4.82 -2.22 4.12 -12.31 -0.79 0.41 -17.74 5.04 -0.63 18.86 1.75 0.09 8.85 -0 -0 0 11.64 -14.64 -11.06 71.38 -58.65 -43.95 -0 0 -41.22 30.54 14.47 8.39 -7.12 0 -0 2.9 46.64 0.12 -0 -0 0 35.51 28.97 51.01 -130.09 52.96 -93.9 0 -0 -24.38 -42.04 15.48 -13.54 7.12 -0 -0 -9.4 -9.74 -7.78
-8.04 14.81 10.41 -182.55 5.61 -179.71 0 0 0 -26.7 13.72 -11.45 4.03 12.2 36.45 1.46 -12.16 -22.01 0.1 2 5.5 0 0 0 19.59 -14.63 -81.92 -23.87 -19.64 101.39 -1.21 -4.47 19.78 -1.46 -7.63 21.59 -4.38 5.47 9.97 -0.58 6.82 -5.51 0.39 3.61 -12.05 -2.29 -0.53 -17.39 4.49 -1.44 19.45 1.71 -0.48 9.02 -0 0 0 20.39 -17.81 -18.28 76.96 -59.35 -48.73 -0 0 -48.83 21.75 19.41 7.55 -7.12 0 -0 -6.58 50.63 -0.92 -0 0 0 39.67 25.4 65.4 -118.75 56.63 -84.61 0 -0 -9.3 -46.73 21.9 -21.61 7.12 -0 -0 -10.81 -0.07 -10.99
-8.02 15.04 10.11 -182.53 4.82 -177.57 0 0 0 -26.74 12.75 -11.58 3.67 11.71 34.71 0.87 -11.37 -17.29 0.04 1.26 3.46 0 0 0 18.19 -11.53 -74.02 -19.11 -19.98 87.41 -1.26 -3.44 20.38 -1.46 -7.63 21.61 -5.86 4.08 7.2 0.15 5.07 -6.37 2.53 3.01 -11.46 -2.18 -0.76 -17.22 2.64 -1.43 20.25 1.06 -0.68 9.25 0 0 0 29.43 -20.58 -25.37 74.06 -59.02 -46.24 -0 0 -58.46 13.61 23.97 5.62 -7.12 0 -0 -16.42 53.81 -3.63 0 0 0 42.61 27.32 71.3 -99.94 59.62 -68.6 0 -0 -7.7 -48.58 23.64 -24.44 7.12 -0 -0 -11.41 2.92 -12.22
-7.99 15.33 9.82 -182.05 4.08 -175.49 0 0 0 -25.8 12.83 -14.6 4.17 12.39 37.12 0.17 -10.99 -10.01 0.02 0.89 2.45 0 0 0 17.06 -7.68 -64.88 -14.06 -19.13 72.38 -1.28 -6.15 20.27 -1.51 -7.77 22 -6.21 2.9 4.72 0.77 3.78 -7.01 3.73 2.51 -10.63 -2.62 -1.12 -17.44 1.65 -1.6 20.71 0.77 -0.92 9.45 0 0 0 38.61 -23.57 -32.76 64.04 -57.29 -37.72 -0 0 -64.52 6.23 27.31 2.87 -7.12 0 -0 -25.66 55.53 -6.96 0 0 0 45.41 32.77 69.68 -76.46 59.3 -48.3 0 -0 -14.21 -46.47 21.18 -20.82 7.12 -0 -0 -10.83 -1.08 -10.83
-7.93 15.54 9.54 -181.35 3.17 -174.33 0 0 0 -24.07 14.85 -21.56 6.33 14.74 46.28 -0.22 -9.7 -1.91 0.05 1.46 4.02 0 0 0 15.4 -2.44 -54.14 -9.89 -17.35 59.12 -1.25 -4.02 20.21 -0.75 -5.52 15.41 -5.83 2.18 3.46 1.13 3 -7.23 4.07 2.14 -10.02 -3.57 -1.77 -17.99 1.5 -2.17 20.79 0.8 -1.27 9.61 -0 -0 0 47.37 -25.91 -39.76 52.66 -54.02 -28.32 -0 0 -65.62 0.05 28.57 0.02 -7.12 0 -0 -32.49 55.41 -8.99 -0 -0 0 49.12 40.54 63.13 -52.01 53.78 -27.79 0 -0 -24.94 -39.44 14.97 -11.99 7.12 -0 -0 -7.83 -11.02 -6.25
-7.85 15.57 9.28 -180.72 1.72 -173.95 0 0 0 -22.56 16.63 -30.61 10.13 17.48 59.94 -0.04 -3.82 -0.26 0.08 1.88 5.17 0 0 0 15.06 1.42 -45.27 -7.79 -15.96 51.79 -0.3 0.9 10.75 -0.02 -0.8 2.2 -4.66 1.84 3.34 1 2.65 -7.38 3.32 1.89 -9.98 -4.6 -2.6 -18.2 1.44 -3 20.77 0.83 -1.74 9.68 -0 -0 0 54.96 -27.7 -45.42 43.71 -50.12 -21.25 -0 0 -63.07 -3.29 30.54 -1.67 -7.12 0 -0 -37.25 56.37 -11.5 -0 -0 0 54.47 50.25 53.72 -30.8 41.57 -11.94 0 -0 -35.55 -30.41 4.01 -2.35 7.12 -0 -0 -2.84 -25.33 -1.35
-7.8 15.5 9.01 -180.24 -0.01 -173.95 0 0 0 -21.94 16.86 -38.61 13.69 19.02 71.25 0.01 3.19 -5.2 0.35 3.79 10.48 0 0 0 16.31 0.88 -40.19 -6.81 -15.17 48.14 0 1.15 0.5 -0.01 0.75 -2.06 -2.96 2.57 4.14 0.67 2.8 -7.7 2.03 1.44 -10.74 -5.77 -3.62 -17.7 0.97 -4.01 20.63 0.73 -2.35 9.59 -0 -0 0 59.67 -29.21 -49.57 39.05 -47.5 -17.74 -0 0 -59.27 -4.53 32.33 -2.43 -7.12 0 -0 -40.06 57.53 -13.74 -0 -0 0 59.71 60.98 37.72 -16.34 25.98 -3.79 0 -0 -42.55 -29.6 -10.15 5.72 7.12 -0 -0 -2.3 -41.6 -0.19
-7.8 15.37 8.73 -179.65 -1.1 -174.55 0 0 0 -21.7 16.06 -43.99 15.16 19.43 75.71 0.2 2.37 -9.74 0.26 3.27 9.02 0 0 0 17.68 -1.89 -37.25 -6.27 -14.69 46.06 -0.11 2.35 -5.94 -0 0.41 -1.12 -1.41 3.16 5.74 0.81 3.76 -7.98 1.1 1.78 -11.97 -6.52 -4.46 -16.83 -0.19 -4.82 20.53 0.35 -2.94 9.42 -0 -0 0 60.49 -30.2 -51.23 38.66 -47.26 -17.45 -0 0 -54.47 -5.47 32.04 -2.91 -7.12 0 -0 -40.64 57.1 -13.55 -0 -0 0 57.72 69.71 12.3 -8.88 14.97 -1.17 0 -0 -34.91 -36.48 -16.33 11.74 7.12 -0 -0 -8.71 -49.8 1.04
-7.84 15.18 8.44 -178.32 -1.09 -175.35 0 0 0 -21.64 15.88 -47.32 14.32 19.21 73.17 0.52 0.29 -13.74 0.03 1.08 2.97 0 0 0 19.53 -4.22 -35.59 -6.25 -14.66 45.97 -0.38 3.44 -11.04 -0.03 -1.03 2.83 0.09 3.69 6.85 1.46 4.73 -8.09 0.75 2.14 -12.75 -6.28 -4.69 -15.99 -1.17 -5.11 20.67 -0.05 -3.19 9.3 0 0 0 58.24 -30.05 -49 41.87 -49.14 -19.85 -0 0 -50.02 -2.96 29.4 -1.46 -7.12 0 -0 -35.98 55.51 -10.24 0 0 0 46.82 62.89 23.53 -16.56 26.27 -3.89 0 -0 -49.79 -39.14 -23.18 17.76 7.12 -0 -0 -11.67 -58.5 3.89
-7.91 15.01 8.12 -176.52 -0.39 -175.45 0 0 0 -22.29 16.31 -49.08 11.81 18.31 65.37 0.7 3.39 -17.45 0 0.11 0.29 0 0 0 21.57 -5.04 -34.77 -6.46 -14.86 46.8 -0.68 3.49 -14.83 -0.05 -1.46 4 1.9 4.08 6.4 2.17 5.47 -8.22 0.43 2.34 -12.55 -5.71 -4.62 -16.01 -1.52 -5.16 21.75 -0.29 -3.27 9.65 0 -0 0 54.48 -29.13 -44.14 47.29 -51.84 -24.02 -0 0 -42.49 3.01 23.31 1.19 -7.12 0 -0 -26.19 51.37 -4.36 0 -0 0 36.99 52.88 34.12 -32.09 42.62 -12.8 0 -0 -52.3 -35.4 -21.24 14.44 7.12 -0 -0 -7.34 -55.32 1.87
-8.04 14.89 7.79 -175.91 0.1 -175.42 0 0 0 -24.66 16.4 -48.53 9.01 16.82 56.14 0.72 8.72 -21.51 0.32 3.62 10.02 0 0 0 21.41 -5.72 -35 -7.16 -15.47 49.49 -0.86 4.41 -16.55 -0 0.05 -0.14 2.9 3.57 5.32 2.6 6.15 -8.19 0.19 3.14 -11.82 -5.3 -4.55 -16.31 -1.79 -5.17 22.79 -0.49 -3.31 10.06 0 0 0 50.07 -28.03 -38.41 53.46 -54.3 -28.96 -0 0 -31.35 12.79 15.21 3.41 -7.12 0 -0 -13.76 45.1 -0.04 0 0 0 30.92 42.9 41 -57.73 55.68 -32.46 0 -0 -37.07 -33.94 -13.14 8.7 7.12 -0 -0 -6.22 -45.61 0.09
-8.2 14.73 7.5 -175.9 -0.33 -176.08 0 0 0 -26.36 15.11 -45.95 7.87 16.02 52.1 1.23 11.03 -27.57 1.61 8 22.71 0 0 0 19.57 -7.75 -37.11 -8.98 -16.79 56.02 -0.74 6.96 -15.43 -0.09 1.89 -5.21 3.53 4.39 4.86 2.88 5.97 -8.04 0.33 2.46 -11.29 -5.14 -4.39 -16.37 -1.78 -5.02 23.16 -0.5 -3.25 10.2 0 0 0 46.04 -26.74 -32.25 56.65 -55.35 -31.57 -0 0 -18.21 26.59 4.63 2.31 -7.12 0 -0 -0.06 35.15 0.01 0 0 0 26.78 33.24 47.68 -92.3 59.98 -61.99 0 -0 -14.6 -36.47 -1.17 0.86 7.12 -0 -0 -7.9 -31.37 -2.66
-8.34 14.51 7.28 -176.21 -1.64 -177.29 0 0 0 -26.2 12.19 -42.53 8.13 16.21 53.03 1.82 10.92 -31.41 1.8 8.43 24.02 0 0 0 16.25 -9.83 -40.76 -12.2 -18.47 66.62 -0.46 8.6 -12.69 -0.41 4.13 -11.45 3.12 4.09 5.22 3.23 5.61 -7.74 0.96 2.36 -11.27 -4.44 -4.14 -16.16 -1.84 -4.84 22.98 -0.6 -3.1 10.06 0 0 0 43.79 -25.54 -27.25 54.8 -54.76 -30.05 -0 0 -4.22 43.95 -6.55 -6.28 -7.12 0 -0 12.37 21 -7.28 0 0 0 23.47 24.56 54.11 -119.19 56.52 -84.99 0 0 4.62 -43.8 14.57 -13.56 7.12 -0 -0 -10.69 -10.44 -8.73
-8.42 14.28 7.09 -177.52 -3.37 -178.69 0 0 0 -27.06 10.74 -40.59 8.84 16.7 55.53 2.08 10.32 -32.53 1.58 7.93 22.51 0 0 0 11.19 -11.28 -44.11 -16.5 -19.7 79.73 -0.52 9.47 -13.53 -0.56 4.78 -13.29 1.25 3.86 6.04 3.09 5.21 -7.36 1.84 2.36 -11.49 -4.02 -4.04 -15.6 -1.59 -4.87 22.41 -0.56 -3.03 9.75 -0 -0 0 43.13 -24.45 -25.07 52.46 -53.94 -28.15 -0 -0 6.04 58.08 -17.33 -25.55 -7.12 0 -0 18.42 0.76 -19.19 -0 -0 0 21.15 17.72 60.28 -132.19 52.08 -95.56 0 0 15.81 -57.17 27.04 -35.17 7.12 -0 -0 -15.09 12 -18.47
-8.47 14.07 6.93 -178.87 -5.59 -180.03 0 0 0 -28.16 9.86 -38.99 9.59 17.17 58.1 2.07 10.55 -32.63 0.97 6.27 17.57 0 0 0 5.96 -12.21 -45.84 -20.45 -20 91.33 -0.94 8.55 -17.4 -0.41 4.12 -11.43 -0.39 3.91 6.92 2.59 5.17 -6.94 2.17 2.5 -11.65 -3.94 -4.29 -15.14 -1.54 -5.24 22.04 -0.58 -3.18 9.53 -0 -0 0 43.25 -23.76 -24.8 52.24 -53.86 -27.98 -0 -0 10.14 67.43 -24.27 -44.68 -7.12 0 -0 21.4 -16.78 -28.34 -0 -0 0 19.96 11.3 65.55 -137.24 49.62 -99.48 0 0 18.41 -64.87 32.16 -48.61 7.12 -0 -0 -17.32 23.97 -23.64
-8.52 13.9 6.76 -179.38 -9.01 -180.35 0 0 0 -28.62 7.09 -37.58 10.21 17.52 60.18 2.39 9.72 -33.92 0.97 6.27 17.57 0 0 0 2.67 -11.04 -45.59 -20.75 -19.99 92.2 -1.41 4.65 -21.37 -0.08 1.79 -4.93 -0.73 4.04 6.87 2.17 5.3 -6.9 1.88 2.59 -11.57 -4.15 -4.82 -14.85 -1.9 -5.87 22.08 -0.74 -3.53 9.49 0 -0 0 42.94 -23.74 -24.95 54.25 -54.57 -29.61 -0 -0 10.21 75.63 -26.93 -60.5 -7.12 0 -0 25.42 -29.49 -36.93 0 -0 0 20.17 3.7 67.96 -139.18 48.55 -100.95 0 0 19.4 -65.82 34.01 -51.24 7.12 -0 -0 -17.07 26.77 -23.64
-8.56 13.84 6.59 -179.23 -13.58 -179.84 0 0 0 -28.57 3.27 -36.1 10.43 17.64 60.91 2.58 8.68 -34.37 1 6.35 17.82 0 0 0 1.56 -5.15 -41.08 -15.29 -19.46 76.11 -1.37 -4.04 -23.91 -0.01 -0.58 1.6 -0.62 4.04 6 2.25 5.29 -7.1 1.97 2.57 -11.27 -4.48 -5.35 -14.67 -2.59 -6.34 21.81 -0.97 -3.84 9.36 0 0 0 41.57 -23.44 -25.19 57.99 -55.75 -32.67 -0 -0 10.93 84.33 -28.07 -78.08 -7.12 0 -0 32.07 -42.7 -48.09 0 0 0 21.58 -4.88 66.77 -141.82 46.95 -102.9 0 0 20.25 -66.42 35.57 -53.12 7.12 -0 -0 -16.71 28.89 -23.33
-8.56 13.82 6.44 -179.04 -18.32 -179.67 0 0 0 -28.29 0.43 -34.41 10.47 17.66 61.03 2.54 7.88 -33.68 0.69 5.32 14.83 0 0 0 -0.53 6.38 -33.01 -10.45 -17.65 60.98 -0.04 -13.79 -20.02 -0.05 -1.47 4.03 -0.64 4.11 5.65 2.31 5.39 -6.99 2.04 2.64 -10.95 -4.58 -5.85 -14.57 -2.53 -6.9 20.36 -0.95 -4.03 8.85 -0 -0 0 41.33 -22.37 -25.94 60.12 -56.34 -34.44 -0 -0 12.53 88.92 -27.82 -87.69 -7.12 0 -0 37.63 -49.38 -56.01 -0 -0 0 26.4 -13.67 60.01 -146.17 43.96 -106 0 0 19.87 -68.76 36.51 -56.85 7.12 -0 -0 -17.49 31.83 -24.75
-8.54 13.83 6.36 -179.33 -22.85 -179.72 0 0 0 -28.58 -2.16 -32.37 10.28 17.56 60.41 2.41 7.35 -32.63 0.45 4.32 11.99 0 0 0 -2.65 14.34 -32.41 -11.7 -18.26 65.02 0.71 -16.06 -12.97 -0.56 -4.78 13.28 -0.58 4.29 6.25 2.02 5.68 -6.58 1.62 2.78 -10.83 -4.68 -6.39 -13.95 -2.06 -7.62 17.8 -0.76 -4.24 7.91 -0 -0 0 41.8 -20.67 -27.47 60.29 -56.39 -34.58 -0 -0 13.12 90.45 26.77 91 -7.12 0 -0 40.64 -51.23 -60.31 -0 -0 0 35.93 -19.92 45.3 -150.16 40.75 -108.7 0 0 15.64 -70.84 36.51 -59.71 7.12 -0 -0 -18.58 33.72 -26.52
-8.56 13.95 6.34 -179.74 -27.59 -180.22 0 0 0 -29.5 -4.63 -28.85 9.45 17.09 57.65 2.09 7.3 -30.68 0.32 3.63 10.05 0 0 0 -3.6 14.88 -36.85 -13.67 -19.01 71.19 0.45 -11.81 -5.79 -1.02 -6.44 18.07 -0.63 4.47 7.96 2.25 6.01 -6.12 1.72 2.97 -11.38 -5.01 -6.89 -13.39 -2.63 -8.11 16.21 -0.88 -4.51 7.28 -0 0 0 40.88 -19.24 -28.94 60.43 -56.42 -34.7 -0 -0 11.54 91.2 26.42 92.69 -7.12 0 -0 42.14 -52.23 -62.36 -0 0 0 47.16 -19.97 24.25 -150.34 40.6 -108.81 0 0 5.3 -68.65 34.96 -55.7 7.12 -0 -0 -18.14 30.24 -25.58
-8.54 14.16 6.35 -179.84 -32.79 -180.23 0 0 0 -29.96 -7.94 -25.43 8.41 16.41 54.03 1.64 6.82 -27.5 0.22 3.04 8.4 0 0 0 -2.49 12.7 -43.86 -13.64 -19 71.09 0.42 -11.39 -3.41 -1.38 -7.43 21 -1.12 4.39 9.12 2.74 5.91 -5.94 2.46 2.98 -12 -5.41 -7.26 -13.14 -2.71 -8.53 15.91 -0.87 -4.74 7.16 -0 -0 0 39.95 -17.99 -30.25 59.91 -56.29 -34.27 -0 -0 10.39 91.12 27.33 92.45 -7.12 0 -0 41.28 -52.44 -60.9 -0 -0 0 55.59 -12.16 5.34 -144.15 45.41 -104.58 0 -0 -11.85 -62.08 29.96 -43.31 7.12 -0 -0 -16.68 19.16 -21.98
-8.51 14.42 6.35 -180.11 -37.02 -179.34 0 0 0 -29.91 -11.8 -22.57 7.3 15.58 50.01 1.25 5.34 -23.65 0.11 2.14 5.9 0 0 0 -0.15 12.47 -50.75 -10.71 -17.79 61.82 0.55 -13.21 -2.67 -1.48 -7.69 21.78 -1.9 4.46 9.34 2.96 5.92 -5.99 3.12 3.06 -12.3 -5.61 -7.56 -12.95 -2.31 -8.99 15.94 -0.76 -4.93 7.17 -0 -0 0 39.59 -17.08 -31.62 58.71 -55.96 -33.27 -0 -0 9.7 90.59 27.8 91.27 -7.12 0 -0 40.08 -51.83 -59.18 -0 -0 0 59.58 0.77 -8.18 -129.69 53.12 -93.58 0 -0 -35.5 -52.49 21.69 -25.71 7.12 -0 -0 -14.12 2.3 -15.14
-8.48 14.67 6.35 -180.53 -39.65 -178.57 0 0 0 -29.69 -14.44 -19.9 6.24 14.66 45.96 0.99 3.03 -20.13 0.06 1.54 4.23 0 0 0 2.72 14.32 -55.38 -6.43 -14.84 46.7 0.32 -12.51 3.5 -0.75 -5.55 15.48 -2.12 5.09 9.56 2.95 6.75 -5.83 3.04 3.48 -12.36 -6.06 -8.01 -13.03 -1.99 -9.56 16.12 -0.66 -5.19 7.29 0 0 0 39.74 -16.72 -33.24 57.1 -55.49 -31.94 -0 -0 7.8 89.69 -27.94 -89.35 -7.12 0 -0 38.63 -50.57 -57.27 0 0 0 59.79 15.72 -20.98 -101.3 59.51 -69.77 0 -0 -60.24 -43.32 9.37 -8.73 7.12 -0 -0 -11.4 -17.35 -7.64
-8.45 14.85 6.35 -181.64 -41.7 -177.75 0 0 0 -30.03 -15.68 -17.78 5.41 13.83 42.58 0.8 0.38 -17.02 0.05 1.48 4.07 0 0 0 8.64 14.02 -60.52 -4.04 -12.21 36.48 -0.31 -13.22 12.77 -0.48 -4.45 12.34 -2.29 5.89 10.09 2.57 7.79 -5.46 2.45 3.97 -12.3 -6.39 -8.23 -13.15 -1.84 -9.8 16.21 -0.59 -5.31 7.37 -0 -0 0 40.38 -16.61 -34.97 55.12 -54.86 -30.32 -0 -0 7.27 89.17 -28.02 -88.22 -7.12 0 -0 37.83 -49.83 -56.2 -0 -0 0 56.23 30.41 -34.63 -62.03 56.83 -36.04 0 -0 -82.35 -37.17 1.74 -1.32 7.12 -0 -0 -8.15 -27.76 -3.45
-8.37 14.97 6.35 -183.5 -44.17 -177.03 0 0 0 -30.83 -16.04 -15.71 4.71 13.05 39.57 0.58 -3.29 -13.63 0.06 1.52 4.19 0 0 0 21.07 9.57 -68.26 -4.75 -13.1 39.74 -1.41 -11.34 21.53 -0.92 -6.12 17.13 -2.57 6.55 11.23 1.86 8.57 -4.97 1.56 4.33 -12.42 -6.03 -7.94 -13.36 -2.25 -9.39 16.6 -0.75 -5.14 7.49 -0 -0 0 41.38 -16.77 -36.66 53.69 -54.38 -29.15 -0 -0 7.35 88.7 -28.07 -87.24 -7.12 0 -0 37.16 -49.17 -55.3 -0 -0 0 50.51 41.17 -44.05 -34.07 44.14 -14.16 0 -0 -87.16 -32.89 -1.7 1.1 7.12 -0 -0 -5.08 -31.98 -1.62
-8.29 15.04 6.31 -186.88 -47.52 -175.75 0 0 0 -32.73 -15.1 -13.21 4.09 12.28 36.75 0.25 -8.26 -9.91 0.14 2.43 6.7 0 0 0 31.09 6.74 -75.86 -8.94 -16.77 55.87 -2.77 -11.21 29.98 -2.24 -9.34 26.88 -3.49 7.03 12.49 0.87 8.94 -4.33 0.8 4.52 -12.44 -5.48 -7.43 -13.74 -2.92 -8.67 17.71 -1.03 -4.85 7.86 0 0 0 42.34 -17.56 -38.24 53.49 -54.31 -28.99 -0 -0 6.86 88.42 -28.11 -86.65 -7.12 0 -0 36.77 -48.77 -54.75 0 0 0 47.12 47.51 -39.38 -19.96 30.6 -5.51 0 -0 -72.68 -29.41 -5.16 2.9 7.12 -0 -0 -2.29 -35.89 -0.51
-8.26 15.07 6.2 -191.36 -51.4 -172.84 0 0 0 -34.98 -13.22 -11.49 3.61 11.62 34.41 -0.24 -13.38 -5.97 0.44 4.26 11.8 0 0 0 38.02 6.1 -81.55 -15.62 -19.53 77.09 -3.89 -14.86 35.85 -3.26 -11.1 32.61 -4.94 7.41 12.78 -0.01 9.08 -3.95 0.58 4.64 -12.28 -4.88 -6.57 -14.42 -3.98 -7.38 19.65 -1.41 -4.36 8.55 0 -0 0 42.58 -18.56 -38.87 54.55 -54.67 -29.85 -0 -0 6.26 88.53 -28.06 -86.88 -7.12 0 -0 36.95 -48.91 -55.02 0 -0 0 49.51 51.94 -21.31 -15.12 24.32 -3.28 0 -0 -65.71 -24.49 -8.27 3.75 7.12 -0 -0 2.06 -39.05 0.3
-8.23 15.11 6.07 -194.77 -55.8 -169.16 0 0 0 -35.78 -12.91 -10.88 3.27 11.12 32.69 -0.81 -17.47 -1.71 0.89 6.02 16.85 0 0 0 45.31 7.24 -84.28 -22.22 -19.88 96.51 -4.72 -18.48 39.89 -3.51 -11.47 33.89 -5.21 7.68 12 -0.59 9.37 -4.07 0.12 4.77 -11.92 -3.72 -5.32 -14.89 -5.35 -5.6 21.19 -1.91 -3.63 9.08 0 0 0 42.62 -19.18 -38.3 56.05 -55.16 -31.08 -0 -0 5.19 88.69 -28.11 -87.23 -7.12 0 -0 37.13 -49.17 -55.25 0 0 0 57.55 55.69 0.3 -14.65 23.66 -3.08 0 -0 -66.5 -21.4 -11.69 4.54 7.12 -0 -0 5.21 -42.45 0.33
-8.2 15.17 5.93 -198.33 -61.29 -164.51 0 0 0 -36.01 -14.49 -10.4 3.04 10.77 31.49 -1.23 -19.7 2.64 1.5 7.72 21.88 0 0 0 52.26 9.67 -83.69 -27.36 -18.65 112 -5.07 -21.45 41.68 -3.58 -11.58 34.26 -4.69 8 11.14 -1.06 9.87 -4.37 -0.67 4.96 -11.59 -2.42 -3.99 -15.42 -6.31 -3.77 22.48 -2.29 -2.82 9.6 -0 -0 0 43.09 -19.7 -37.56 57.01 -55.46 -31.87 -0 -0 4.95 88.63 -28.18 -87.11 -7.12 0 -0 37.01 -49.12 -55.05 -0 -0 0 67.22 56.81 24.68 -16.29 25.91 -3.77 0 -0 -69.75 -22.41 -15.73 6.38 7.12 -0 -0 5.03 -46.86 -0.23
-8.15 15.21 5.75 -205.49 -68.17 -156.51 0 0 0 -36.39 -15.93 -9.58 2.84 10.44 30.41 -1.61 -21.78 8.06 2.49 9.82 28.4 0 0 0 57.11 12.15 -80.39 -30.88 -16.89 123.48 -4.99 -23.32 41.67 -3.64 -11.67 34.57 -4.54 8.41 10.95 -1.4 10.42 -4.56 -1.23 5.2 -11.63 -1.73 -2.91 -15.69 -6.57 -2.31 23.36 -2.35 -2.13 9.98 -0 -0 0 43.85 -20.05 -36.94 57.66 -55.65 -32.4 -0 -0 4.76 88.27 -27.96 -86.31 -7.12 0 -0 36.67 -48.48 -54.67 -0 -0 0 72.21 55.72 47.2 -20.1 30.76 -5.58 0 -0 -74.16 -24.93 -20.59 9.28 7.12 -0 -0 3.72 -52.44 -0.68
-8.13 15.25 5.53 -224.65 -75.85 -136.25 0 0 0 -36.88 -16.45 -9.13 2.65 10.11 29.35 -1.79 -23.71 15.88 4.06 12.24 36.58 0 0 0 58.08 13.8 -76.38 -33.08 -15.26 131.43 -4.84 -24.08 41.21 -3.69 -11.73 34.79 -4.87 8.79 10.73 -1.72 10.86 -4.73 -1.48 5.42 -11.71 -1.23 -2.18 -15.83 -6.79 -1.28 23.9 -2.39 -1.64 10.22 0 0 0 44.74 -20.36 -36.76 58.42 -55.87 -33.03 -0 -0 3.9 88.2 -27.51 -86.1 -7.12 0 -0 36.85 -48.15 -55.07 0 0 0 71.59 54.45 63.2 -26.74 37.93 -9.34 0 -0 -79.87 -26.42 -26.49 12.5 7.12 -0 -0 4.12 -59.03 -1.41
-8.16 15.28 5.31 -279.99 -79.58 -79.15 0 0 0 -37.16 -17.08 -9.04 2.51 9.85 28.49 -1.18 -23.83 24.76 5.79 14.22 44.13 0 0 0 54.53 12.91 -73.09 -34.09 -14.34 135.39 -4.99 -22.68 41.55 -3.56 -11.55 34.17 -5.04 9.01 9.86 -1.89 11.16 -4.95 -1.52 5.58 -11.45 -0.73 -1.69 -15.99 -7.25 -0.53 24.48 -2.56 -1.3 10.49 0 0 0 45.46 -20.91 -37.23 59.17 -56.08 -33.65 -0 -0 3.42 88.23 -27.1 -86.13 -7.12 0 -0 37.16 -48 -55.61 0 0 0 68.65 53.42 72.12 -36.14 45.61 -15.63 0 -0 -84.16 -27.75 -30.82 15.09 7.12 -0 -0 4.66 -63.91 -2.14
-8.25 15.31 5.09 -327.11 -71.93 -30.15 0 0 0 -36.9 -19.02 -8.26 2.42 9.7 28 -0.16 -22.44 30.55 6.93 15.27 48.62 0 0 0 49.39 9.15 -70.31 -33.63 -14.77 133.57 -5.02 -19.59 41.25 -3.28 -11.14 32.74 -4.53 9.2 8.83 -1.66 11.58 -5.23 -1.48 5.78 -11.11 -0.3 -1.33 -16.47 -7.77 0.14 25.58 -2.78 -1.03 11.02 -0 0 0 45.81 -21.75 -37.77 59.65 -56.22 -34.05 -0 -0 3.57 88.39 -26.83 -86.44 -7.12 0 -0 37.53 -48.11 -56.2 -0 0 0 64.63 52.39 76.84 -47.95 52.13 -24.54 0 -0 -84.42 -27.85 -34.4 16.62 7.12 -0 -0 6.99 -67.61 -3.81
-8.38 15.33 4.9 -342.31 -59.55 -13.16 0 0 0 -36.46 -20.68 -7.83 2.52 9.87 28.55 0.26 -21.86 32.55 7.29 15.57 49.97 0 0 0 45.57 6.54 -67.94 -31.76 -16.29 126.58 -4.74 -16.36 39.79 -3.03 -10.74 31.39 -3.66 9.35 8.15 -1.6 11.95 -5.63 -1.85 5.92 -10.99 0.34 -0.89 -16.91 -7.96 0.76 26.51 -2.9 -0.71 11.49 0 0 0 46.57 -21.42 -37.67 59.91 -56.29 -34.26 -0 -0 3.28 87.95 -26.76 -85.46 -7.12 0 -0 36.98 -47.39 -55.47 0 0 0 61.58 51.79 80.33 -60.91 56.55 -35.1 0 -0 -80.24 -27.45 -35.46 16.77 7.12 -0 -0 8.44 -68.56 -4.79
-8.54 15.33 4.75 -348.19 -46.42 -5.67 0 0 0 -35.77 -20.51 -8.37 2.73 10.24 29.75 0.22 -22.44 33.03 7.18 15.48 49.55 0 0 0 42.53 5.11 -66.03 -28.76 -18.05 116.43 -4.76 -9.84 39.88 -2.02 -8.9 25.49 -2.66 9.5 7.67 -1.68 12.29 -5.8 -2.43 6.03 -10.67 0.96 -0.32 -17.43 -7.99 1.53 26.97 -2.92 -0.29 11.81 -0 0 0 47.11 -19.28 -36.76 60.84 -56.53 -35.04 -0 -0 1.78 87.06 -26.84 -83.52 -7.12 0 -0 35.79 -46.06 -53.79 -0 0 0 59.18 51.92 83 -73.82 58.99 -46.04 0 -0 -72.62 -25.74 -33.48 14.89 7.12 -0 -0 8.99 -66.05 -4.58
-8.73 15.34 4.65 -350.98 -33.3 -1.46 0 0 0 -35.12 -19.79 -8.64 2.86 10.47 30.5 0.18 -22.72 33.15 7.14 15.45 49.4 0 0 0 39.4 4.29 -64.08 -24.93 -19.41 104.55 -4.16 -9.14 37.17 -2.01 -8.89 25.46 -1.99 9.87 7.25 -1.56 12.92 -5.86 -2.67 6.31 -10.36 0.75 0.12 -17.6 -7.51 2.2 27.29 -2.62 0.07 12 0 0 0 46.57 -17.82 -35.64 62.17 -56.86 -36.15 -0 -0 0.7 86.16 -26.79 -81.54 -7.12 0 -0 34.71 -44.64 -52.27 0 0 0 55.95 51.65 83.82 -85.68 59.93 -56.26 0 -0 -61.92 -23.2 -29.88 12.05 7.12 -0 -0 9.53 -61.74 -3.9
-8.93 15.33 4.61 -352.01 -19.93 1.44 0 0 0 -35 -19.63 -8.4 2.95 10.61 30.98 0.04 -22.95 32.6 7.16 15.46 49.47 0 0 0 35.71 3.98 -61.73 -20.96 -19.98 92.8 -3.32 -9.05 32.98 -1.98 -8.83 25.25 -1.87 9.97 6.8 -1.61 13.09 -6.11 -2.74 6.39 -10.33 0.87 0.65 -17.66 -7.1 2.92 27.81 -2.38 0.48 12.25 -0 -0 0 45.44 -16.91 -33.97 63.62 -57.2 -37.37 -0 -0 1.14 85.06 -26.74 -79.13 -7.12 0 -0 33.48 -42.9 -50.45 -0 -0 0 53.34 51.2 84.53 -96.29 59.85 -65.45 0 -0 -51.97 -21.41 -25.37 9.54 7.12 -0 -0 9.11 -56.74 -2.63
-9.13 15.31 4.65 -352.41 -6.2 4.01 0 0 0 -34.65 -19.54 -8.16 3.08 10.82 31.67 -0.15 -23.43 32.06 7.18 15.48 49.53 0 0 0 31.68 4.05 -58.96 -17.05 -19.79 81.36 -2.91 -6.57 30.99 -1.63 -8.06 22.89 -1.74 9.71 6.06 -1.64 12.79 -6.39 -2.68 6.26 -10.17 1.77 1.18 -17.84 -7.48 3.65 28.33 -2.57 0.87 12.56 0 0 0 44.65 -17.52 -32.72 63.15 -57.09 -36.98 -0 -0 3.01 85.12 -26.87 -79.3 -7.12 0 -0 33.47 -43.07 -50.42 0 0 0 50.61 50.53 84.74 -105.92 59.02 -73.74 0 -0 -43.13 -20.26 -19.28 6.95 7.12 -0 -0 8 -50.26 -1.04
-9.31 15.28 4.76 -352.18 7.56 6.45 0 0 0 -34.16 -19.11 -8.27 3.29 11.14 32.76 -0.32 -23.98 31.73 7.24 15.53 49.79 0 0 0 27.34 4.8 -55.69 -13.75 -19.04 71.43 -2.23 -2.68 27.56 -1.31 -7.25 20.45 -1.76 9.42 5.07 -1.68 12.42 -6.64 -2.51 6.11 -9.87 2.06 1.35 -18.2 -7.5 3.95 29.03 -2.59 1.05 12.94 0 0 0 45.46 -20.28 -32.95 59.15 -56.08 -33.64 -0 -0 5.06 85.48 -27.16 -80.18 -7.12 0 -0 33.74 -43.82 -50.76 0 0 0 47.27 49.17 83.76 -114.14 57.68 -80.74 0 -0 -34.25 -20.14 -12.35 4.48 7.12 -0 -0 6.46 -43.01 0.32
-9.46 15.24 4.92 -351.62 21.11 8.75 0 0 0 -33.16 -18.8 -8.48 3.59 11.59 34.29 -0.38 -24.46 32.08 7.43 15.68 50.46 0 0 0 23.15 6.26 -51.88 -11.42 -18.13 64.13 -1.32 1.15 22.12 -1.06 -6.53 18.34 -1.78 9.08 4.22 -1.58 12.02 -6.84 -2.21 5.94 -9.62 2.03 1.31 -18.52 -7.45 4.03 29.65 -2.57 1.11 13.27 -0 -0 0 45.28 -21.76 -32.96 57.79 -55.69 -32.51 -0 -0 5.84 85.9 -27.9 -81.28 -7.12 0 -0 33.82 -44.91 -50.72 -0 -0 0 43.86 47.4 82.51 -120.59 56.15 -86.15 0 -0 -27.65 -22.56 -5.74 2.38 7.12 -0 -0 3.49 -36.18 0.76
-9.57 15.2 5.13 -350.79 34.17 10.71 0 0 0 -31.68 -18.61 -8.62 3.97 12.12 36.14 -0.46 -25.1 32.52 7.54 15.77 50.88 0 0 0 19.9 7.86 -47.32 -9.72 -17.25 58.55 -0.56 7.52 18.85 -0.88 -5.98 16.74 -1.55 8.73 3.67 -1.32 11.62 -6.9 -1.92 5.76 -9.37 2.08 1.14 -18.4 -7.54 3.89 29.71 -2.63 1.08 13.27 -0 -0 0 45.02 -22.18 -32.74 57.6 -55.64 -32.35 -0 -0 5.65 85.58 -28.19 -80.7 -7.12 0 -0 33.32 -44.61 -49.92 -0 -0 0 40.76 45.32 81.27 -125.09 54.79 -89.86 0 -0 -21 -25.59 0.84 -0.4 7.12 -0 -0 0.76 -29.05 0.3
-9.63 15.17 5.37 -348.89 46.43 13.06 0 0 0 -30.49 -18.35 -8.33 4.32 12.57 37.78 -0.86 -25.89 31.18 7.31 15.59 50.03 0 0 0 17.76 9.04 -42.75 -8.61 -16.55 54.75 0.3 10.95 9.6 -0.76 -5.57 15.53 -1.69 8.46 3.15 -1.11 11.29 -6.79 -1.5 5.64 -9.02 1.77 0.9 -18.3 -7.16 3.6 29.69 -2.46 1 13.2 0 0 0 45.09 -22.29 -32.7 57.45 -55.59 -32.23 -0 -0 4.94 84.63 -28.08 -78.71 -7.12 0 -0 32.37 -43.15 -48.55 0 0 0 38.45 43.14 78.54 -128.27 53.67 -92.44 0 -0 -20.66 -20.83 9.44 -3.57 7.12 -0 -0 4.38 -19.91 2.63
-9.66 15.17 5.64 -345.42 57.73 16.85 0 0 0 -29.41 -18 -7.79 4.58 12.89 38.97 -1.62 -26.81 27.03 6.63 15.01 47.44 0 0 0 16.77 9.2 -39.14 -7.77 -15.95 51.74 0.15 7.5 -0.48 -0.47 -4.4 12.22 -2.05 8.26 2.6 -1.01 11.03 -6.73 -1.09 5.55 -8.72 1.36 0.53 -18.21 -6.74 3.15 29.8 -2.3 0.85 13.18 -0 0 0 45.1 -22.66 -32.57 57.15 -55.5 -31.98 -0 -0 4.49 84.26 -27.85 -77.86 -7.12 0 -0 32.1 -42.45 -48.18 -0 0 0 36.54 40.67 78.01 -130.22 52.91 -94 0 -0 -17.47 -23.28 13.03 -5.54 7.12 -0 -0 2.78 -15.85 1.92
-9.66 15.22 5.92 -339.38 68.08 23.43 0 0 0 -27.88 -17.17 -7.42 4.72 13.06 39.58 -2.23 -26.96 20.68 5.41 13.83 42.58 0 0 0 16.36 8.45 -36.69 -7.03 -15.36 48.98 -0.11 3.02 -6.01 -0.27 -3.34 9.22 -2.14 8.08 1.95 -0.95 10.83 -6.77 -0.85 5.48 -8.41 1.08 0.09 -18.17 -6.5 2.6 29.95 -2.24 0.64 13.2 -0 -0 0 45.1 -23.01 -32.44 56.82 -55.4 -31.71 -0 -0 4.33 84.17 -27.63 -77.59 -7.12 0 -0 32.12 -42.16 -48.24 -0 -0 0 34.62 37.99 79.18 -130.82 52.66 -94.48 0 -0 -8.31 -33.53 12.04 -7.87 7.12 -0 -0 -4.35 -15.66 -3.02
-9.64 15.27 6.19 -326.12 77.44 37.34 0 0 0 -25.73 -15.49 -7.69 4.85 13.21 40.16 -2.27 -25.56 12.02 3.33 11.21 33 0 0 0 16.09 7.23 -35.25 -6.55 -14.94 47.14 -0.21 0.58 -8.56 -0.09 -1.99 5.47 -1.89 7.85 1.25 -0.76 10.58 -6.85 -0.66 5.37 -8.08 0.82 -0.35 -18.32 -6.34 2.09 30.07 -2.21 0.43 13.25 -0 -0 0 45.05 -22.89 -32.27 56.7 -55.36 -31.61 -0 -0 3.93 83.89 -27.5 -76.95 -7.12 0 -0 31.89 -41.65 -47.92 -0 -0 0 33 35.56 78.26 -130.49 52.8 -94.22 0 -0 -5.11 -34.84 18.02 -12.15 7.12 -0 -0 -4.37 -8.41 -3.7
-9.61 15.29 6.47 -276.55 83.96 87.27 0 0 0 -23.5 -12.63 -8.37 5.05 13.44 41.04 -1.16 -19.82 0.27 0.74 5.49 15.31 0 0 0 16.01 5.82 -33.71 -6.2 -14.62 45.76 -0.32 1.03 -10.32 -0 0.09 -0.25 -1.59 7.47 0.57 -0.36 10.15 -6.81 -0.27 5.18 -7.66 0.4 -0.76 -18.47 -5.92 1.54 30 -2.06 0.22 13.22 0 0 0 44.89 -22.58 -31.95 56.65 -55.35 -31.57 -0 -0 2.73 83.23 -27.26 -75.48 -7.12 0 -0 31.36 -40.49 -47.11 0 0 0 31.27 32.97 77.01 -130.21 52.91 -93.99 0 -0 -4.02 -34.74 21.84 -14.47 7.12 -0 -0 -3.67 -4.02 -3.41
-9.57 15.28 6.75 -207.59 79.7 156.35 0 0 0 -21.63 -8.83 -9.69 5.35 13.77 42.32 0.23 -7.21 -9.31 0 0.17 0.46 0 0 0 16.82 3.52 -32.35 -5.86 -14.29 44.43 -0.49 1.19 -12.91 -0.17 2.69 -7.43 -1.42 6.75 -0.05 0.11 9.25 -6.88 0.28 4.76 -7.41 0.06 -1.1 -18.16 -5.08 0.86 29.57 -1.76 0.02 12.94 -0 -0 0 44.59 -22.56 -31.22 56.74 -55.38 -31.64 -0 -0 1.17 82.23 -26.66 -73.08 -7.12 0 -0 30.65 -38.5 -46.04 -0 -0 0 30.09 30.19 75.85 -129.63 53.14 -93.53 0 -0 -3.98 -34.91 24.38 -16.07 7.12 -0 -0 -3.31 -1.09 -3.25
-9.53 15.25 7.03 -190.28 70.91 173.68 0 0 0 -20.37 -3.92 -12.05 5.87 14.3 44.44 0.35 7.04 -15.93 0.04 1.24 3.4 0 0 0 18.92 0.02 -31.93 -5.52 -13.95 43.02 -0.7 -2.14 -16.72 -0.23 3.1 -8.56 -1.22 5.83 -0.5 0.51 8.09 -7.07 0.7 4.21 -7.35 -0.15 -1.54 -17.88 -4.09 -0.05 29.03 -1.48 -0.27 12.63 0 0 0 44.06 -22.84 -30.22 57.56 -55.62 -32.32 -0 0 -0.56 81.01 -25.82 -70.03 -7.12 0 -0 29.87 -35.93 -44.78 0 0 0 29.58 27.32 74.47 -128.5 53.58 -92.62 0 -0 -2.89 -36.1 27.21 -18.44 7.12 -0 -0 -3.44 2.44 -3.59
-9.5 15.19 7.29 -184.41 62.41 179.46 0 0 0 -19.72 1.67 -14.91 6.72 15.09 47.8 0.66 8.83 -20.97 0.25 3.23 8.92 0 0 0 21.35 -2.66 -32.15 -5.27 -13.68 41.98 -0.8 -6.47 -20.42 -0.03 1.13 -3.1 -1.15 5.09 -0.45 0.82 7.17 -7.25 1.02 3.78 -7.57 -0.53 -2.22 -17.78 -3.24 -1.23 28.37 -1.26 -0.72 12.31 -0 -0 0 43.03 -23.16 -28.81 59.93 -56.29 -34.29 -0 0 -3.5 78.51 -24.24 -63.67 -7.12 0 -0 28.34 -30.58 -41.95 -0 -0 0 29.21 24.15 72.67 -127.55 53.94 -91.85 0 -0 -1.74 -37.7 28.86 -20.46 7.12 -0 -0 -3.98 4.81 -4.31
-9.52 15.09 7.55 -181.54 55.46 182.04 0 0 0 -19.64 6.51 -17 7.54 15.77 50.89 0.92 4.13 -20.05 0 0.16 0.44 0 0 0 23.17 -3.83 -33.44 -5.49 -13.91 42.9 -0.8 -9.38 -22.78 -0.03 -1.16 3.18 -0.96 4.8 0.08 1.13 6.81 -7.18 1.22 3.6 -7.81 -0.95 -2.95 -17.67 -2.78 -2.4 27.14 -1.18 -1.25 11.8 -0 -0 0 40.98 -23.22 -26.65 65 -57.5 -38.53 -0 0 -8.14 73.26 -20.61 -49.48 -7.12 0 -0 25.74 -18.38 -35.53 -0 -0 0 29.1 20.97 70.37 -126.88 54.18 -91.32 0 -0 -2.64 -37.79 29.79 -21.07 7.12 -0 -0 -3.81 5.87 -4.19
-9.55 14.94 7.78 -180.73 49.97 182.72 0 0 0 -20.79 10.34 -17.27 7.27 15.56 49.9 1.2 1.81 -21.4 0.07 -1.69 -4.66 0 0 0 23.87 -4.88 -36.14 -6.21 -14.63 45.84 -0.77 -11.51 -24.48 -0.14 -2.42 6.66 -0.99 4.73 0.6 1.23 6.71 -6.85 1.31 3.55 -7.77 -1.5 -3.58 -17.71 -2.34 -3.38 25.61 -1.05 -1.74 11.23 0 -0 0 37.67 -22.83 -23.33 73.75 -58.98 -45.98 -0 0 -13.51 67.98 -14.92 -32.49 -7.12 0 -0 24.33 -2.84 -28.12 0 -0 0 29.77 18.46 67.72 -126.41 54.34 -90.93 0 -0 -4.17 -37.32 30.47 -21.13 7.12 -0 -0 -3.39 6.46 -3.75
-9.6 14.77 8.01 -181.45 44.95 182.69 0 0 0 -22.54 11.92 -16.76 6.14 14.56 45.54 2.05 2.73 -28.16 0 -0.19 -0.51 0 0 0 23.27 -5.73 -40.03 -7.3 -15.58 50.02 -0.9 -11.97 -25.91 -0.29 -3.49 9.65 -1.76 4.5 0.75 0.97 6.32 -6.65 1.49 3.39 -7.68 -1.95 -3.97 -17.61 -1.64 -4.1 24.08 -0.81 -2.06 10.66 0 -0 0 33.21 -22.74 -18.98 84.72 -59.89 -55.43 -0 0 -15.89 63.91 -8.52 -16.83 -7.12 0 -0 24.3 12.24 -20.59 0 -0 0 31.37 17.19 64.83 -125.49 54.66 -90.18 0 -0 -3.82 -38.6 31.23 -22.48 7.12 -0 -0 -3.91 7.74 -4.41
-9.64 14.56 8.26 -182.6 39.61 182.58 0 0 0 -23.34 9.94 -16.79 5.67 14.1 43.63 2.89 2.74 -33.2 0.01 0.55 1.5 0 0 0 21.65 -6.37 -44.44 -8.77 -16.65 55.28 -0.94 -11.56 -25.9 -0.46 -4.33 12 -3.08 4.13 0.89 0.53 5.74 -6.55 1.8 3.16 -7.71 -2.07 -4.33 -17.15 -0.88 -4.84 22.88 -0.6 -2.34 10.16 0 0 0 26.94 -25.06 -13.91 96.63 -59.83 -65.74 -0 0 -15.55 58.88 0.52 0.86 -7.12 0 -0 25.01 30.3 -9.84 0 0 0 34.24 16.44 61.62 -123.96 55.16 -88.93 0 -0 -4.22 -39.61 30.72 -22.91 7.12 -0 -0 -4.59 7.55 -5.17
-9.65 14.38 8.53 -183.16 34.36 181.92 0 0 0 -22.48 7.47 -18.15 6.34 14.75 46.33 3.2 0.79 -34.18 0 -0.13 -0.35 0 0 0 19.38 -6.05 -46.88 -10.41 -17.63 60.84 -0.83 -10.75 -24.22 -0.27 -3.36 9.28 -3.93 3.96 2.23 0.04 5.34 -6.24 1.71 2.98 -8.17 -2.22 -4.7 -16.74 0.22 -5.61 22.46 -0.28 -2.58 9.98 -0 -0 0 17.75 -29.71 -6.79 110.07 -58.42 -77.29 -0 0 -17.23 55.99 4.65 6.84 -7.12 0 -0 24.65 37.1 -5.18 -0 -0 0 39.49 15.69 58.67 -121.82 55.81 -87.17 0 -0 -4.4 -42.01 30.15 -24.34 7.12 -0 -0 -6.05 7.85 -6.86
-9.62 14.24 8.79 -183.04 30.3 180.63 0 0 0 -20.9 6.04 -19.18 7.23 15.52 49.75 3.3 -1.5 -34.05 0.01 -0.46 -1.25 0 0 0 17.14 -4.55 -46.98 -12.2 -18.48 66.64 -0.95 -7.25 -22.4 -0.01 -0.75 2.06 -3.46 4.14 4.47 -0.54 5.42 -5.6 0.69 2.92 -8.68 -2.25 -4.88 -17.28 1.35 -6.09 23.27 0.04 -2.63 10.42 -0 0 0 5.41 -34.16 3.47 122.24 -55.68 -87.51 -0 0 -18.14 54.45 2.32 3.24 -7.12 0 -0 22.41 33.25 -6.91 -0 0 0 46.86 15.42 56.72 -119.96 56.32 -85.62 0 -0 -3.01 -45.95 30.34 -27.57 7.12 -0 -0 -8.13 9.75 -9.47
-9.57 14.14 9.01 -182.72 27.87 179.95 0 0 0 -19.62 4.7 -19.92 7.86 16.01 52.05 3.36 -2.28 -34.2 0.01 -0.74 -2.05 0 0 0 15.86 -2.74 -47.61 -14.4 -19.23 73.41 -1.1 -4.89 -22.15 -0 -0.43 1.18 -2.28 4.58 5.83 -1.14 5.97 -5.04 -0.74 3.07 -8.7 -1.98 -4.84 -18.15 2.19 -6.29 24.16 0.24 -2.53 10.94 0 0 0 -9.6 -36.71 17.1 129.98 -53.01 -93.81 -0 0 -14.55 51.85 -0.27 -0.35 -7.12 0 -0 19.53 29.23 -7.93 0 0 0 54.96 15.34 56.18 -119.58 56.42 -85.31 0 -0 -1.44 -47.9 30.46 -29.29 7.12 -0 -0 -9.13 10.81 -10.81
-9.48 14.07 9.18 -182.41 26.02 179.71 0 0 0 -18.42 3.38 -20.71 8.37 16.39 53.9 3.38 -2.48 -34.23 0.03 -1.2 -3.29 0 0 0 15.57 -1.7 -48.94 -16.9 -19.77 80.91 -1.12 -5.68 -22.78 -0.05 -1.4 3.86 -1.74 5 6.54 -1.34 6.54 -4.63 -1.36 3.29 -8.59 -1.69 -4.67 -18.74 2.47 -6.2 24.48 0.3 -2.41 11.17 -0 -0 0 -25.64 -36.58 33.15 133.85 -51.32 -96.86 -0 0 -11.16 51.63 -2.21 -2.79 -7.12 0 -0 18.79 26.29 -8.99 -0 -0 0 62.96 15.57 57.37 -118.6 56.67 -84.49 0 -0 -1.24 -48.3 29.78 -29.14 7.12 -0 -0 -9.55 10.23 -11.24
-9.33 14.01 9.33 -182.25 23.75 179.97 0 0 0 -17.21 1.91 -21.92 8.8 16.68 55.39 3.32 -2.84 -33.85 0.1 -2.08 -5.74 0 0 0 15.39 -1.47 -50.73 -19.08 -19.98 87.31 -1.12 -4.6 -22.12 -0.03 -1.16 3.18 -1.95 5.1 6.99 -1.44 6.63 -4.55 -1.41 3.34 -8.78 -1.65 -4.5 -18.76 2.95 -6.1 24.11 0.48 -2.3 11.06 -0 -0 0 -39.97 -34.59 48.88 134.75 -50.89 -97.57 -0 0 -11.51 51.6 -4.67 -5.87 -7.12 0 -0 18.07 22.55 -10.26 -0 -0 0 70.22 16.78 60.47 -115.07 57.49 -81.53 0 -0 -7.18 -48.79 28.13 -28.3 7.12 -0 -0 -10.3 8.52 -11.89
-9.13 13.96 9.47 -182.11 21.18 180.56 0 0 0 -15.61 1.03 -23.66 9.15 16.9 56.59 3.22 -4.16 -33.06 0.28 -3.42 -9.46 0 0 0 14.92 -1.88 -52.65 -20.56 -19.99 91.63 -1.11 -2.64 -21.05 -0 -0.21 0.57 -2.35 4.95 7.15 -1.59 6.38 -4.56 -1.32 3.23 -8.91 -1.66 -4.36 -18.28 3.66 -6.06 23.4 0.75 -2.22 10.73 0 0 0 -51.7 -33.01 61.35 133.06 -51.68 -96.25 -0 0 -15.25 47.51 -6.02 -6.53 -7.12 0 -0 14.94 21.21 -8.82 0 0 0 76.49 19.37 65.14 -109.54 58.51 -76.83 0 -0 -21.18 -46.31 24.52 -23.48 7.12 -0 -0 -9.91 3.01 -10.57
-8.91 13.92 9.59 -182.09 19.05 180.57 0 0 0 -13.87 1.65 -24.86 9.32 17.01 57.2 3.08 -6.58 -31.94 0.62 -5.06 -14.08 0 0 0 13.37 -2.77 -53.52 -21.3 -19.96 93.81 -1.04 -1.69 -19.94 -0.01 0.47 -1.3 -2.31 4.81 7.59 -1.8 6.16 -4.47 -1.57 3.12 -9.04 -1.33 -4.13 -18.23 3.68 -5.78 23.97 0.75 -2.02 10.91 0 0 0 -61.56 -32.58 70.19 130.41 -52.83 -94.15 -0 0 -24.18 39.05 0.57 0.47 -7.12 0 -0 9.88 30.63 -3.51 0 0 0 82.43 22.46 69.68 -103.57 59.29 -71.72 0 -0 -42.1 -37.17 14.61 -10.83 7.12 -0 -0 -6.41 -11.95 -4.98
-8.67 13.9 9.68 -181.81 17.55 180.33 0 0 0 -11.84 3.37 -25.43 9.29 16.99 57.07 2.86 -9.25 -30.52 1.07 -6.57 -18.44 0 0 0 10.6 -3.39 -53.23 -21.33 -19.96 93.89 -0.85 -1.46 -18.05 -0 -0.28 0.76 -1.45 4.87 8.1 -1.83 6.31 -4.39 -2.14 3.12 -9.14 -1.04 -3.91 -18.56 3.17 -5.34 25.68 0.59 -1.75 11.58 0 0 0 -69.55 -33.07 75.91 127.01 -54.13 -91.42 -0 0 -42.3 28.08 14.34 7.53 -7.12 0 -0 0.56 46.14 0.02 0 0 0 87.95 25.22 71.24 -97.3 59.8 -66.32 0 -0 -70.75 -26.17 -1.82 0.89 7.12 -0 -0 0.33 -32 0.1
-8.39 13.92 9.74 -181.9 16.34 180.11 0 0 0 -10.34 4.96 -25.43 8.93 16.77 55.86 2.52 -11.61 -28.59 1.29 -7.19 -20.29 0 0 0 6.16 -3.49 -52.26 -20.74 -19.99 92.17 -0.66 -1.96 -16.14 -0.08 -1.83 5.04 -0.95 4.96 8.16 -1.77 6.49 -4.32 -2.38 3.18 -9.05 -0.58 -3.54 -18.82 2.49 -4.64 27.18 0.39 -1.38 12.16 -0 -0 0 -74.12 -34.38 77.78 120.56 -56.16 -86.13 -0 0 -61.42 11.57 30.68 5.97 -7.12 0 -0 -22.8 59.71 -8.45 -0 -0 0 92.31 27.79 70.33 -87.71 59.98 -58.02 0 -0 -97.84 -25.7 -13.08 6.22 7.12 -0 -0 1.51 -44.43 0.02
-8.03 13.99 9.79 -182.33 15.35 179.82 0 0 0 -9.23 6.04 -24.38 8.17 16.24 53.17 2.08 -13.18 -26.13 1.33 -7.3 -20.62 0 0 0 0.87 -3.08 -50.4 -19.56 -20 88.72 -0.4 -3.94 -14.11 -0.3 -3.52 9.74 -1.06 5.02 8.24 -1.6 6.56 -4.27 -2.16 3.23 -9.08 0.06 -2.79 -19.08 1.81 -3.49 27.88 0.21 -0.85 12.44 0 0 0 -74 -35.82 77.6 115.37 -57.42 -81.78 -0 0 -68.63 -0.75 41.08 -0.49 -7.12 0 -0 -47.28 64.92 -25.32 0 0 0 94.77 29.75 70.72 -76.76 59.33 -48.56 0 -0 -99.95 -26.55 -14.26 7.02 7.12 -0 -0 0.87 -45.84 -0.02
-7.6 14.15 9.83 -182.43 14.75 179.78 0 0 0 -7.79 6.96 -22.05 6.85 15.21 48.32 1.56 -13.82 -22.95 1.38 -7.44 -21.03 0 0 0 -3.74 -1.73 -47.4 -17.67 -19.87 83.18 -0.05 -6.65 -10.6 -0.69 -5.32 14.82 -1.15 5.18 8.37 -1.31 6.79 -4.34 -1.86 3.35 -9.28 0.42 -0.39 -19.13 1.7 -2.4 27.69 0.09 -1.24 12.36 -0 -0 0 -70.49 -36.47 76.2 115.93 -57.3 -82.25 -0 0 -69.91 -1.15 38.83 -0.72 -7.12 0 -0 -44.37 63.23 -21.75 -0 -0 0 95.14 30.31 70.41 -72.67 58.83 -45.05 0 -0 -95.27 -25.73 -14.83 7.03 7.12 -0 -0 1.73 -46.35 -0.06
-7.08 14.39 9.85 -182.04 14.31 180.4 0 0 0 -5.88 7.24 -18.75 5.12 13.51 41.32 1.01 -12.73 -18.8 1.53 -7.8 -22.11 0 0 0 -6.65 0.03 -43.86 -15.39 -19.48 76.42 0.07 -6.56 -7.18 -0.54 -4.7 13.06 -0.99 5.48 7.73 -1.04 7.26 -4.59 -1.69 3.59 -9.18 1.28 0.74 -19.07 1.35 -0.87 27.51 0.06 -0.49 12.26 0 -0 0 -66.71 -37.06 74.08 118.14 -56.79 -84.11 -0 0 -69.1 -2.1 34.17 -1.18 -7.12 0 -0 -39.64 59.5 -15.51 0 -0 0 93.81 29.48 68.99 -75.18 59.15 -47.2 0 -0 -94.26 -24.25 -15.13 6.71 7.12 -0 -0 3.18 -46.47 -0.12
-6.46 14.7 9.86 -181.23 13.46 181.57 0 0 0 -3.58 5.88 -14.43 3.27 11.11 32.66 0.51 -8.91 -13.25 1.35 -7.35 -20.74 0 0 0 -6.93 0.63 -40.45 -13.3 -18.89 70.05 -0.01 -1.65 -3.19 -0.03 -1.06 2.92 -0.86 5.69 6.21 -0.77 7.64 -4.99 -1.39 3.81 -8.74 1.79 1.88 -18.96 1.36 0.58 27.91 0.21 0.2 12.4 0 0 0 -64.42 -38.14 73.12 118.92 -56.59 -84.76 -0 0 -67.38 -2.56 33.55 -1.42 -7.12 0 -0 -39.44 58.91 -14.84 0 0 0 91.97 28.34 68.83 -77.64 59.42 -49.32 0 -0 -91.48 -22.01 -14.69 5.85 7.12 -0 -0 5.19 -45.7 -0.09
-5.73 15.04 9.9 -180.21 11.87 182.97 0 0 0 -1.18 0.95 -9.53 1.86 8.56 24.44 0.15 0.13 -7.39 0.97 -6.28 -17.6 0 0 0 -4.2 -0.5 -37.66 -11.66 -18.24 64.9 0.02 3.14 3.55 -0.02 1.01 -2.78 -0.89 5.58 4.37 -0.57 7.59 -5.44 -0.98 3.83 -8.2 2.45 3.15 -18.8 1.32 2.15 28.59 0.33 0.95 12.66 -0 -0 0 -63.5 -39.02 73.58 119.45 -56.46 -85.2 -0 0 -68.25 -2.88 34.32 -1.62 -7.12 0 -0 -40.54 59.44 -15.87 -0 -0 0 90.85 27.46 69.63 -79.21 59.56 -50.67 0 -0 -91.22 -20.27 -14.32 5.22 7.12 -0 -0 6.72 -45.09 -0.02
-4.93 15.35 9.98 -179.53 9.65 184.63 0 0 0 0.45 -5.19 -7.8 1.35 7.35 20.75 -0.53 12.75 -5.23 0.01 -0.49 -1.36 0 0 0 0.87 -1.97 -35.24 -10.06 -17.45 59.7 -0.17 3.95 10.25 -0.07 1.66 -4.56 -1.4 5.29 2.5 -0.73 7.27 -5.92 -0.67 3.75 -7.67 3.28 4.32 -18.89 1.29 3.55 29.03 0.42 1.65 12.89 -0 0 0 -63.33 -39.64 74.77 119.97 -56.32 -85.63 -0 0 -67.82 -3.46 33.69 -1.92 -7.12 0 -0 -40.42 58.82 -15.2 -0 0 0 90.66 26.7 70.33 -80.7 59.67 -51.96 0 -0 -90.81 -17.88 -13.39 4.27 7.12 -0 -0 8.7 -43.85 0.25
-4.08 15.56 10.09 -179.07 7.07 186.48 0 0 0 0.98 -3.32 -14.07 1.85 8.55 24.41 -1.04 17.73 -5.15 0.52 4.6 12.78 0 0 0 7.31 -2.55 -32.58 -8.59 -16.54 54.68 -0.12 -0.02 6.55 -0.24 3.18 -8.77 -2.15 5.12 0.7 -1.08 7.09 -6.29 -0.45 3.75 -7.07 3.85 5.08 -19.03 1.1 4.62 28.74 0.44 2.19 12.84 0 0 0 -63.83 -40.11 75.85 120.95 -56.05 -86.45 -0 0 -68.23 -4.09 33.37 -2.25 -7.12 0 -0 -40.67 58.43 -14.92 0 0 0 90.63 26.05 69.71 -82.65 59.79 -53.64 0 -0 -90.54 -14.86 -12.44 3.27 7.12 -0 -0 11.17 -42.56 0.68
-3.23 15.64 10.24 -179.14 4.32 187.71 0 0 0 -1.22 3.33 -24.32 3.56 11.55 34.16 -0.19 9.07 1.83 0.04 1.24 3.41 0 0 0 12.52 -2.51 -31.02 -7.86 -16.02 52.06 0.05 -3.77 -1.27 -0.59 4.94 -13.73 -2.7 4.99 0.34 -1.53 6.94 -6.58 -0.59 3.72 -7.18 4.15 5.71 -18.81 0.57 5.73 27.97 0.36 2.69 12.52 0 -0 0 -65.02 -39.78 76.65 121.73 -55.83 -87.1 -0 0 -68.28 -4.89 32.9 -2.66 -7.12 0 -0 -40.95 57.88 -14.49 0 -0 0 90.54 25.3 68.32 -85.16 59.91 -55.81 0 -0 -91.09 -13.53 -11.93 2.85 7.12 -0 -0 12.22 -41.92 0.94
-2.5 15.59 10.44 -179.44 2.09 187.55 0 0 0 -4.58 5.45 -31.4 6.45 14.85 46.75 -0.12 -6.77 5.45 0.06 -1.57 -4.33 0 0 0 15.64 -3.47 -31.63 -8.08 -16.18 52.86 0.03 -4.05 -4.17 -0.76 5.58 -15.56 -1.99 4.98 2.37 -1.91 6.86 -6.63 -1.58 3.6 -8.28 5.01 6.62 -18.34 -0.77 7.3 27.11 -0.04 3.35 12.22 0 -0 0 -66.71 -38.27 77 122.14 -55.71 -87.43 -0 0 -68.71 -5.12 33.25 -2.81 -7.12 0 -0 -41.51 58.1 -14.97 0 -0 0 90.3 24.38 67.23 -88.3 59.99 -58.53 0 -0 -91.12 -13.69 -11.63 2.81 7.12 -0 -0 12.01 -41.64 1.01
-1.86 15.46 10.65 -177.65 1.33 186.8 0 0 0 -5.75 5.59 -34.71 9.4 17.06 57.46 -0.96 -17.42 10.46 0.01 -0.79 -2.17 0 0 0 19.68 -5.78 -34.31 -9.07 -16.85 56.34 -0.04 -0.41 -3.71 -0.55 4.74 -13.17 1.11 5.25 5.08 -1.29 7.39 -6.42 -2.95 3.59 -9.33 6.64 8.01 -17.55 -2.9 9.55 25.67 -0.75 4.31 11.79 0 0 0 -68.01 -36.18 76.24 123.7 -55.24 -88.72 -0 0 -71.49 -3.56 35.7 -2.08 -7.12 0 -0 -42.71 60.32 -17.84 0 0 0 89.36 23.61 66.42 -92.92 59.97 -62.53 0 -0 -91.13 -14.55 -11.59 2.99 7.12 -0 -0 11.25 -41.68 0.93
-1.26 15.27 10.82 -175.7 2.4 186.79 0 0 0 -6.22 5.15 -33.81 10.29 17.57 60.47 -0.92 -16.89 8.86 0 0.19 0.52 0 0 0 22.08 -7.73 -38.75 -10.67 -17.77 61.72 0.17 7.3 1.93 -0.23 3.12 -8.6 3.48 5.79 5.84 -0.23 8.39 -6.06 -3.3 3.95 -9.16 8.69 9.65 -16.19 -5.09 12.05 23.22 -1.51 5.47 11.04 0 0 0 -67.55 -34.65 74.29 127.22 -54.06 -91.59 -0 0 -75.51 -1.55 37.62 -0.95 -7.12 0 -0 -43.15 62.25 -20.05 0 0 0 87.96 23.39 65.6 -98.53 59.72 -67.38 0 -0 -91.53 -16.92 -12.25 3.69 7.12 -0 -0 9.31 -42.58 0.56
-0.65 15.06 10.91 -176.28 4.77 187.2 0 0 0 -8.01 3.69 -28.92 8.91 16.75 55.79 -0.25 -12.77 -5.11 0.26 -3.29 -9.08 0 0 0 18.85 -8.02 -43.17 -12.58 -18.63 67.82 0.63 15.25 12.32 -0.01 -0.73 2 2.48 6.46 5.08 0.21 9.2 -5.85 -2.28 4.45 -8.67 10.82 11.31 -14.41 -6.32 14.3 20.64 -1.99 6.66 10.22 0 -0 0 -63.78 -34.26 71.02 131.88 -52.21 -95.32 -0 0 -75.49 -3.23 36.19 -1.91 -7.12 0 -0 -42.97 60.77 -18.44 0 -0 0 86.6 23.26 64.66 -105.48 59.07 -73.36 0 -0 -94.16 -21.98 -13.41 5.35 7.12 -0 -0 4.97 -44.34 0.08
0.02 14.81 10.98 -177.26 6.9 187.12 0 0 0 -8.32 3.48 -24.35 7.47 15.72 50.64 0.84 -5.09 -16.32 1.3 -7.23 -20.4 0 0 0 12.36 -6.64 -45.32 -13.93 -19.09 71.99 0.98 18.65 14.8 -0.04 -1.35 3.72 0.85 6.96 5.03 0.44 9.75 -5.91 -1.25 4.83 -8.99 12.75 12.81 -12.19 -6.91 16.28 17.87 -2.29 7.8 9.25 -0 -0 0 -56.92 -34.88 65.16 137.25 -49.62 -99.49 -0 0 -71.85 -5.74 35.86 -3.37 -7.12 0 -0 -44.91 59.91 -18.55 -0 -0 0 84.47 22.77 63.23 -113.89 57.73 -80.53 0 -0 -96.04 -27.27 -14.51 7.36 7.12 -0 -0 0.23 -46.21 -0.01
0.79 14.69 11.03 -177.58 7.15 186.98 0 0 0 -5.76 4.23 -21.81 6.43 14.84 46.69 1 -3.54 -18.08 1.78 -8.4 -23.93 0 0 0 5.04 -4.7 -44.11 -13.61 -18.99 71.02 0.7 14.74 7.23 -0.11 2.1 -5.78 0.22 7.16 5.46 0.61 9.99 -5.96 -0.84 4.98 -9.43 13.7 13.99 -10.07 -7.24 17.95 14.45 -2.47 8.74 8 -0 -0 0 -48.75 -35.9 55.39 142.36 -46.6 -103.3 -0 0 -70.23 -5.19 39.66 -3.32 -7.12 0 -0 -49.28 62.73 -24.18 -0 -0 0 80.6 21.2 59.92 -123.84 55.2 -88.84 0 -0 -97.19 -31.3 -15.16 9.03 7.12 -0 -0 -3.57 -47.54 0.22
1.67 14.77 11.05 -178.14 5.5 186.84 0 0 0 -2.49 4.15 -18.84 4.95 13.33 40.62 0.65 -4.97 -14.37 2.39 -9.64 -27.81 0 0 0 -1.93 -3.03 -39.16 -11.31 -18.08 63.78 0.01 2.39 2.05 -0.05 1.49 -4.1 -0.28 7.18 5.63 0.48 9.94 -5.89 -0.73 4.98 -9.52 13.21 14.75 -8.93 -6.69 19.02 11.54 -2.25 9.34 6.86 0 0 0 -40.82 -36.03 43.13 145.6 -44.38 -105.61 -0 0 -69.05 -1.13 45.91 -0.81 -7.12 0 -0 -56.24 67.83 -34.88 0 0 0 75.88 16.79 54.4 -134.56 50.98 -97.42 0 -0 -97.84 -34.8 -15.72 10.66 7.12 -0 -0 -7.01 -48.77 0.65
2.65 14.97 11.04 -177.96 3.01 186.87 0 0 0 1.18 2.54 -14.05 3.01 10.72 31.34 0.2 -2.94 -7.84 2.62 -10.05 -29.15 0 0 0 -5.87 -0.76 -30.98 -7.61 -15.82 51.15 0.47 -13.63 1.73 -0.24 -3.14 8.68 0.23 7.15 5.62 0.23 9.95 -5.98 -1.26 4.94 -9.48 12.55 15.21 -8.8 -5.86 19.56 10.02 -1.91 9.65 6.24 0 0 0 -34.27 -35.09 31.73 146.2 -43.94 -106.02 -0 0 -68.87 7.3 53.47 5.88 -7.12 0 -0 -70.55 74.1 -54.33 0 0 0 72.15 9.58 47.79 -143.42 45.91 -104.06 0 -0 -94.69 -38.48 -18.45 14.12 7.12 -0 -0 -10.86 -52.74 2.09
3.74 15.19 10.98 -177.32 0.09 188.2 0 0 0 4.82 -0.11 -10.3 1.48 7.7 21.79 -0.06 4.73 -0.07 1.88 -8.61 -24.57 0 0 0 -7.51 3.54 -21.7 -3.98 -12.14 36.21 1.83 -27.32 5.45 -1.42 -7.52 21.28 0.55 6.99 4.07 -0.21 9.81 -6.57 -1.69 4.9 -9.08 12.55 15.57 -9.25 -5 19.84 9.41 -1.61 9.83 6.05 0 -0 0 -27.75 -33.91 22.75 144.04 -45.49 -104.5 -0 0 -66.76 16.3 58.48 14 -7.12 0 -0 -90.49 77.73 -77.94 0 -0 0 70.45 0.59 40.18 -149.69 41.16 -108.39 0 -0 -88.06 -41.08 -21.07 17.4 7.12 -0 -0 -13.98 -56.5 4
4.93 15.29 10.92 -176.42 -3.65 190.34 0 0 0 8.27 -0.73 -12.68 1.28 7.18 20.25 -0.54 15.03 2.84 0.31 -3.6 -9.94 0 0 0 -7.27 9.49 -13 -1.72 -8.25 23.49 1.09 -31.11 15.91 -0.95 -6.22 17.43 -0.06 6.96 1.35 -0.58 8.95 -7.23 -1.3 4.22 -8.25 12.77 15.92 -10.27 -4.07 19.98 8.86 -1.3 9.93 5.96 0 0 0 -19.7 -32.45 15.2 139.33 -48.46 -101.06 -0 0 -60.66 24.19 60.66 21.38 -7.12 0 -0 -97.81 -79.73 108.27 0 0 0 70.32 -9.11 31.87 -153.5 37.7 -110.81 0 -0 -77.17 -42.14 -18.94 16.37 7.12 -0 -0 -15.02 -54.18 3.45
6.15 15.19 10.92 -174.78 -7.96 191.81 0 0 0 11.46 2.81 -23.52 3.78 11.86 35.23 -0.58 14.3 0.04 0 0.22 0.6 0 0 0 -3.73 10.07 -9.16 -1.1 -6.68 18.76 -0.13 -23.2 17.28 -0.04 1.24 -3.42 -0.58 5.93 -0.29 -0.27 7.49 -7.55 -0.42 3.53 -7.78 12.75 16.35 -11.29 -3.5 20.31 7.77 -1.06 10.09 5.73 0 0 0 -11.32 -29.62 9.2 132.8 -51.8 -96.05 -0 0 -54.02 32.52 59.12 28.69 -7.12 0 -0 -109.24 -82.39 116.64 0 0 0 71.03 -18.29 23.5 -154.64 36.57 -111.49 0 -0 -61.49 -44.1 -14.56 13.69 7.12 -0 -0 -16.49 -49.14 1.73
7.31 14.92 11.02 -172.87 -11.24 191.49 0 0 0 14.04 7.16 -34.67 10.28 17.56 60.41 -0.05 4.06 -0.96 0.03 -1.15 -3.17 0 0 0 1.9 2.82 -12.72 -1.82 -8.49 24.22 0.46 -14.61 3.63 -1.5 7.74 -21.93 -0.5 4.98 1.19 0.49 6.28 -7.79 0.26 2.95 -8.97 12.16 16.56 -10.69 -3.46 20.68 5.69 -1.09 10.24 4.94 -0 -0 0 -5.13 -26.17 6.79 123.17 -55.4 -88.29 -0 0 -43.81 36.66 54.17 31.11 -7.12 0 -0 -89.6 85.83 -85.42 -0 -0 0 72.46 -27.02 14.82 -152.41 38.74 -110.13 0 -0 -42.9 -47.32 -9.75 10.4 7.12 -0 -0 -18.62 -43.39 -0.77
8.36 14.57 11.17 -170.74 -12.1 189.71 0 0 0 15.85 13.61 -41.53 19.13 19.98 87.44 0.02 -2.45 -3.02 0.01 -0.73 -2 0 0 0 7.88 -4.46 -19.3 -3.38 -11.29 33.25 0.09 -8.3 -9.69 -1.49 7.71 -21.82 0.1 4.63 5.03 1.6 6.04 -8.01 0.8 2.81 -11.59 11.63 16.78 -9.6 -3.62 21.19 4.62 -1.16 10.49 4.43 -0 0 0 -1.89 -22.81 7.31 109.48 -58.52 -76.79 -0 0 -31.77 41 49.29 33.38 -7.12 0 -0 -15.54 86.87 -14.67 -0 0 0 73.99 -34.79 5.29 -145.57 44.4 -105.58 0 -0 -24.57 -51.43 -2.63 3.29 7.12 -0 -0 -20.12 -33.63 -5.92
9.28 14.21 11.31 -167.06 -11.72 188.59 0 0 0 18.59 25.24 -45.29 26.73 18.88 110.03 -0.19 -9.27 -2.27 0 0.19 0.51 0 0 0 15.1 -7.71 -25.63 -5.1 -13.49 41.24 -0.84 -4.24 -19.32 -1.08 6.6 -18.52 2.27 4.48 6.93 3.12 6.24 -8 1.07 2.74 -12.7 11.83 17.46 -9.69 -3.77 22.07 4.52 -1.12 10.91 4.5 -0 -0 0 0.32 -19.11 7.97 95.04 -59.9 -64.36 -0 0 -25.39 47.63 44.06 37.32 -7.12 0 -0 37.99 83.89 34.06 -0 -0 0 75.07 -39.48 -4.62 -131.67 52.3 -95.15 0 -0 -6.91 -58.22 6.33 -10.1 7.12 -0 -0 -21.83 -18.47 -14.91
10.09 13.91 11.4 -163.96 -11.68 189.07 0 0 0 17.93 37.98 -46.14 31 16.81 123.9 -1.12 -19.03 1.6 0.12 -2.21 -6.09 0 0 0 20.97 -8.51 -32.03 -6.94 -15.28 48.66 -1.71 -0.19 -24.81 -1 6.37 -17.85 3.78 4.4 5.98 4.56 6.24 -7.97 1.89 2.63 -12.1 11.93 18.03 -9.63 -4.16 22.81 3.39 -1.21 11.23 4.24 -0 -0 0 1.75 -16.55 8.55 79.92 -59.61 -51.28 -0 0 -20.95 55.4 39.18 42.48 -7.12 0 -0 63.04 80.01 53.68 -0 -0 0 74.68 -41.3 -14.37 -108.45 58.67 -75.9 0 0 9.68 -69.02 18.17 -39.13 7.12 -0 -0 -23.98 9.46 -30.14
10.78 13.64 11.45 -162.28 -12.79 188.97 0 0 0 6.76 41.41 -45.52 31.84 16.23 126.87 -2.44 -26.39 8.99 0.23 -3.09 -8.54 0 0 0 25.04 -10.51 -37.39 -8.89 -16.74 55.72 -2.38 3.53 -28.33 -0.89 6.03 -16.87 4.31 4.06 5.21 5.84 5.75 -7.9 3.13 2.36 -11.66 12.25 18.26 -9.51 -4.6 23.12 3.05 -1.36 11.36 4.23 0 -0 0 1.59 -16.29 9.08 62.34 -56.9 -36.3 -0 0 -11.93 61.81 35.11 47.02 -7.12 0 -0 76.58 76.4 62.62 0 -0 0 71.38 -41.31 -20.96 -78.65 59.51 -50.19 0 0 19.84 -78.95 24.32 -64.63 7.12 -0 -0 -28.66 31.33 -42.55
11.36 13.38 11.47 -160.02 -14.38 188.59 0 0 0 -10.1 36.31 -44.91 29.61 17.62 119.23 -2.95 -29.52 19.39 0.01 -0.76 -2.09 0 0 0 29.62 -12.2 -41.15 -10.37 -17.61 60.73 -2.96 4.94 -31.5 -1.16 6.83 -19.23 6.1 3.71 4.16 7.13 5.21 -8.11 3.71 1.92 -11.22 12.64 18.2 -9.35 -4.47 23.03 3.7 -1.35 11.33 4.43 0 0 0 0.91 -17.94 8.59 45.65 -51.08 -22.74 -0 0 -0.73 67.21 31.14 50.91 -7.12 0 -0 85.14 72.81 66.97 0 0 0 65.76 -40.2 -23.42 -52.63 54 -28.29 0 0 21.54 -79.82 24.91 -66.92 7.12 -0 -0 -29.18 33.26 -43.55
11.83 13.16 11.47 -158.09 -15.02 188.74 0 0 0 -24.1 31.09 -40.76 24.11 19.59 102.09 -1.66 -27.56 28.34 1.18 6.9 19.41 0 0 0 33.48 -11.79 -44.22 -11.66 -18.24 64.92 -3.35 5.27 -33.56 -1.33 7.31 -20.65 8.19 3.63 2.64 8.02 4.9 -8.54 3.68 1.51 -10.71 12.87 17.97 -9.34 -3.74 22.66 4.91 -1.15 11.21 4.71 0 -0 0 0.74 -19.71 6.38 32.92 -43.27 -13.37 -0 -0 10.71 71.46 26.97 53.52 -7.12 0 -0 89.18 69.34 66.98 0 -0 0 58.81 -38.45 -24 -35.07 44.86 -14.86 0 0 21.62 -79.54 25.24 -66.58 7.12 -0 -0 -28.84 33.16 -42.95
12.23 12.97 11.48 -157.98 -14.82 189.21 0 0 0 -34.18 28.42 -32.91 15.96 19.6 78.1 -0.61 -22.84 27.91 2.81 10.38 30.21 0 0 0 34.93 -9.86 -46.31 -12.96 -18.77 69.01 -3.64 3.4 -35.41 -1.79 8.41 -23.98 8.43 3.5 1.46 8.48 4.46 -8.87 4.16 1.24 -10.4 12.97 17.62 -9.34 -3.14 22.16 6.06 -1 11.02 4.99 0 0 0 1.17 -20.55 2.95 23.74 -34.88 -7.55 -0 -0 21.64 73.74 22.28 52.43 -7.12 0 -0 85.13 66.18 58.6 0 0 0 50.94 -36.29 -23.38 -23.57 34.7 -7.46 0 0 22.51 -78.64 25.36 -64.87 7.12 -0 -0 -28.09 31.96 -41.62
12.59 12.79 11.47 -157.99 -15.19 189.6 0 0 0 -39.6 24.53 -22.18 7.73 15.91 51.57 -0.83 -18.98 18.21 1.45 7.61 21.52 0 0 0 36.14 -7.94 -48.24 -14.22 -19.18 72.88 -3.8 1.22 -36.71 -2.23 9.32 -26.8 8.33 3.09 0.13 9.05 3.6 -9.08 4.97 0.79 -9.87 12.75 17.2 -9.52 -2.34 21.54 7.19 -0.76 10.77 5.22 0 0 0 2.11 -20.51 -0.37 17.09 -26.98 -4.13 -0 -0 29.33 72.92 16.21 42.25 -7.12 0 -0 65.81 61.2 33.57 0 0 0 43.58 -33.48 -23.66 -15.9 25.39 -3.6 0 0 25.87 -76.28 25.04 -60.03 7.12 -0 -0 -26.48 28.27 -38.55
12.95 12.63 11.45 -159.06 -16.76 190.55 0 0 0 -42.77 17.21 -10.17 2.27 9.41 27.09 -0.19 -10.21 10.97 0.81 5.74 16.05 0 0 0 36.26 -6.69 -51.31 -15.65 -19.54 77.2 -3.97 0.74 -37.68 -2.15 9.17 -26.34 6.58 2.28 -1.76 9.28 2.16 -9.44 6.33 0.23 -9.18 12.57 16.58 -10.45 -0.83 20.41 9 -0.28 10.32 5.7 -0 0 0 3.53 -19.31 -0.24 13.32 -21.75 -2.57 -0 -0 29.27 70.03 8.23 21.51 -7.12 0 -0 42.32 47.36 2.98 -0 0 0 38.76 -31.32 -26.02 -11.9 19.66 -2.07 0 0 30.48 -74.96 24.94 -57.49 7.12 -0 -0 -25.62 26.37 -36.87
13.35 12.51 11.44 -160.16 -18.9 191.58 0 0 0 -44.07 13.21 -2.75 0.58 4.89 13.59 0.24 -2.41 10.55 1.06 6.53 18.33 0 0 0 36.55 -5.3 -54.37 -16.87 -19.76 80.83 -3.97 -0.32 -37.97 -2.2 9.26 -26.62 3.77 1.31 -2.97 9.34 0.69 -9.98 8.07 -0.25 -9.03 12.38 15.64 -11.32 1.02 18.74 10.37 0.21 9.64 5.99 0 0 0 4.23 -18 0.37 12.43 -20.45 -2.25 -0 -0 24.43 69.11 -0.67 -1.75 -7.12 0 -0 31.26 27.17 -15.88 0 0 0 36.53 -30.2 -27.48 -10.75 17.9 -1.7 0 0 31.86 -75 24.98 -57.61 7.12 -0 -0 -25.64 26.47 -36.92
13.7 12.46 11.44 -159.47 -20.92 191.82 0 0 0 -42.7 13.33 -2.55 0.59 4.9 13.63 0.2 -4.07 10.95 1.81 8.45 24.09 0 0 0 38.26 -3.59 -56.36 -17.62 -19.86 83.01 -3.7 -0.94 -36.82 -2.42 9.69 -27.97 2.69 0.71 -3.56 9.45 -0.18 -10.29 8.87 -0.59 -8.95 11.81 14.27 -12.35 3.24 16.42 11.21 0.78 8.64 6.09 0 -0 0 5.14 -17.58 0.42 12.66 -20.79 -2.33 -0 -0 23.02 70.43 -7.84 -21 -7.12 0 -0 27.82 9.3 -26.38 0 -0 0 36.31 -29.45 -27.81 -10.48 17.48 -1.61 0 0 32.96 -75.1 24.9 -57.71 7.12 -0 -0 -25.72 26.5 -37.06
13.95 12.4 11.46 -158.43 -22.06 190.75 0 0 0 -41.05 13.05 -1.77 0.65 5.14 14.32 0.01 -6.18 8.99 2.25 9.37 26.96 0 0 0 39.54 -2.73 -56.76 -18.18 -19.92 84.67 -3.52 0.16 -35.56 -2.47 9.78 -28.26 2.68 0.42 -3.16 9.43 -0.47 -10.04 8.85 -0.71 -8.85 10.83 12.5 -13.19 5.64 13.6 11.79 1.4 7.4 6.09 -0 0 0 6.26 -17.43 2.25 12.88 -21.11 -2.41 -0 -0 21.93 70.95 -9.32 -25.11 -7.12 0 -0 27.5 5.46 -28.33 -0 0 0 36.77 -28.33 -27.23 -10.22 17.09 -1.54 0 0 33.56 -74.93 24.8 -57.3 7.12 -0 -0 -25.65 26.16 -36.89
14.05 12.39 11.47 -157.84 -21.69 189.09 0 0 0 -40.49 12.91 -0.1 0.64 5.1 14.2 -0.01 -5.23 7.28 2.14 9.16 26.29 0 0 0 39.84 -2.35 -55.65 -18.54 -19.95 85.71 -3.33 1.83 -34.14 -2.25 9.37 -26.97 2.88 0.54 -2.11 9.28 -0.13 -9.53 8.53 -0.51 -8.94 9.27 10.62 -14.39 8.48 10.52 13.46 2.31 6.09 6.55 0 -0 0 5.5 -18.33 1.17 13.13 -21.48 -2.5 -0 -0 21.37 71.5 -11.39 -30.55 -7.12 0 -0 27.09 0.33 -30.6 0 -0 0 37.11 -26.33 -25.97 -10.27 17.16 -1.55 0 0 32.69 -74.45 24.67 -56.31 7.12 -0 -0 -25.37 25.38 -36.32
14.02 12.42 11.47 -157.61 -20.38 188.55 0 0 0 -40.43 13.33 -0.63 0.71 5.37 14.97 0.05 -4.61 8.07 1.96 8.79 25.14 0 0 0 39.31 -1.06 -54.66 -18.67 -19.96 86.1 -3.02 2.93 -32.2 -2.34 9.55 -27.53 3.3 0.85 -2.16 9.11 0.3 -9.33 8.06 -0.34 -8.73 7.46 8.89 -15.98 11.4 7.41 16.22 3.38 4.85 7.57 -0 0 0 3.51 -19.1 -0.09 13.82 -22.48 -2.76 -0 -0 23.24 72.46 -13.28 -36.02 -7.12 0 -0 27.04 -4.74 -32.96 -0 0 0 37.42 -22.86 -22.98 -10.76 17.91 -1.7 0 0 31.3 -73.61 24.94 -55.1 7.12 -0 -0 -24.76 24.62 -35.19
13.89 12.48 11.48 -158.53 -19.34 188.85 0 0 0 -41.07 13.9 -2.2 0.87 5.93 16.59 0.23 -5.16 12.4 1.93 8.71 24.9 0 0 0 37.11 -0.53 -54.14 -18.67 -19.96 86.1 -2.81 4.98 -30.66 -2.47 9.79 -28.29 3.04 0.76 -2.75 8.82 0.12 -9.28 7.87 -0.41 -8.29 5.7 7.29 -17.15 13.8 4.54 18.69 4.29 3.67 8.59 0 0 0 0.82 -18.6 1.3 16 -25.52 -3.65 -0 -0 24.84 74.38 -15.15 -43.05 -7.12 0 -0 27.63 -10.99 -36.45 0 0 0 38.18 -17.89 -18.21 -11.95 19.72 -2.08 0 0 29.82 -72.86 25.31 -54.19 7.12 -0 -0 -24.19 24.15 -34.18
13.68 12.55 11.51 -159.35 -19.05 188.4 0 0 0 -40.36 14.53 -4.48 1.37 7.41 20.94 0.91 -4.36 20.1 2.24 9.35 26.91 0 0 0 35.02 -1.72 -52.98 -18.35 -19.93 85.17 -2.72 7.18 -29.86 -2.43 9.71 -28.04 2.69 0.38 -2.47 8.79 -0.35 -9.08 8.04 -0.61 -8.18 3.98 5.65 -17.87 15.53 1.76 20.58 4.96 2.45 9.49 0 0 0 -2.76 -17.66 4.32 20.55 -31.3 -5.81 -0 -0 25.12 77.38 -17.38 -53.15 -7.12 0 -0 29.08 -19.7 -41.6 0 0 0 39.57 -12.81 -11.09 -14.42 23.33 -2.99 0 0 27.5 -72.84 26.04 -54.88 7.12 -0 -0 -23.95 25.01 -33.94
13.44 12.64 11.55 -158.94 -19.12 187.22 0 0 0 -36.9 15.95 -10.18 3.11 10.88 31.86 1.77 -2.07 25.94 2.07 9.01 25.82 0 0 0 34.5 -3.29 -50.81 -17.53 -19.85 82.77 -2.72 7.84 -29.79 -2.53 9.89 -28.64 2.92 0.2 -1.54 8.96 -0.48 -8.69 8.11 -0.65 -8.28 2.33 3.76 -18.77 16.87 -1.3 22.08 5.43 1.06 10.44 -0 0 0 -6.03 -17.47 8.52 28.17 -39.27 -10.23 -0 -0 24.53 83.09 -20.05 -70.54 -7.12 0 -0 33.62 -33.93 -51.51 -0 0 0 41.9 -8.47 -3.31 -18.24 28.46 -4.66 0 0 25.92 -73.71 27.29 -57.48 7.12 -0 -0 -24.06 27.5 -34.48
13.19 12.76 11.59 -157.93 -19.55 185.9 0 0 0 -31.67 17.12 -18.69 7.34 15.61 50.14 0.96 -5.64 21.39 0.49 4.5 12.48 0 0 0 34.72 -5.15 -48.43 -16.43 -19.69 79.52 -2.71 9.18 -29.68 -1.87 8.59 -24.51 3.59 0.19 -0.47 8.82 -0.31 -8.11 7.55 -0.58 -8.29 0.61 1.78 -19.91 18.23 -4.47 23.13 5.87 -0.38 11.43 -0 0 0 -8.74 -19.02 12.29 39.18 -47.57 -17.83 -0 -0 25.36 89.67 -21.27 -89.09 -7.12 0 -0 42.94 -47.71 -65.59 -0 0 0 45.31 -4.68 4.84 -23.77 34.92 -7.57 0 0 24.1 -75.29 28.27 -60.99 7.12 -0 -0 -24.72 30.49 -35.88
12.92 12.85 11.66 -156.95 -20.29 184.16 0 0 0 -24.57 16.6 -27.08 13.98 19.11 72.14 -0.04 -7.5 9.66 0 -0.44 -1.2 0 0 0 34.82 -7.6 -46.03 -15.38 -19.48 76.37 -2.71 9.76 -29.65 -1.33 7.3 -20.61 4.58 0.31 1.2 8.33 0.15 -7.42 6.41 -0.37 -8.54 -1.16 -0.13 -20.68 19.09 -7.24 23.82 6.14 -1.68 12.28 0 -0 0 -12.16 -22.44 16.58 54.42 -54.63 -29.74 -0 -0 25.29 89.83 -21.8 -89.55 -7.12 0 -0 42.93 -48.23 -65.36 0 -0 0 48.75 -1.34 13.49 -31.6 42.23 -12.47 0 0 21.78 -75.83 28.59 -62.19 7.12 -0 -0 -24.96 31.5 -36.36
12.6 12.93 11.74 -155.64 -21.31 181.65 0 0 0 -13.91 14.84 -33.97 20.77 19.99 92.26 -0.2 -8.03 2.03 0 -0.05 -0.14 0 0 0 34.9 -10.39 -43.06 -14.3 -19.2 73.13 -2.69 8.63 -29.58 -1.39 7.46 -21.08 6.12 0.45 3.76 7.99 0.78 -6.72 5.12 -0.12 -9.31 -2.9 -1.77 -20.8 19.35 -9.27 24.34 6.24 -2.71 12.88 -0 -0 0 -17.38 -27.08 22.58 72.89 -58.86 -45.24 -0 -0 24.2 86.82 -22.67 -81.79 -7.12 0 -0 37.5 -43.16 -57.4 -0 -0 0 51.27 2.24 21.98 -41.8 49.1 -19.79 0 0 20.15 -75.94 28.79 -62.54 7.12 -0 -0 -24.96 31.85 -36.38
12.23 13.02 11.82 -155.28 -22.11 179.69 0 0 0 -1.49 12.71 -39.86 25.24 19.33 105.48 -0.28 -10.74 -1.86 0.01 0.46 1.26 0 0 0 33.56 -12.41 -40.01 -13.27 -18.88 69.98 -2.57 7.32 -28.98 -1.53 7.82 -22.16 6.79 0.54 5.62 7.45 1.23 -5.93 4.09 0.1 -9.54 -4.23 -3.03 -20.59 19.58 -10.82 24.63 6.31 -3.52 13.27 -0 0 0 -23.75 -32.19 30.25 89.08 -60 -59.2 -0 -0 23.62 84.8 -23.1 -76.94 -7.12 0 -0 34.7 -39.84 -52.99 -0 0 0 53.65 7.29 30.21 -52.89 54.1 -28.5 0 0 18.53 -75.19 28.65 -61.13 7.12 -0 -0 -24.52 30.78 -35.58
11.74 13.2 11.85 -156.99 -22.16 179.08 0 0 0 8.87 10.5 -44.35 26.41 18.99 109.05 -0.25 -11.56 -3.8 0 -0.04 -0.11 0 0 0 29.77 -13.43 -36.38 -12.02 -18.4 66.05 -2.29 6.29 -27.39 -1.74 8.3 -23.64 5.56 0.78 6.25 6.35 1.58 -5.13 3.47 0.42 -9.01 -5.12 -3.99 -20.04 20.01 -12.23 24.76 6.39 -4.24 13.53 -0 0 0 -30.74 -37.04 40.12 99.15 -59.68 -67.91 -0 -0 21.02 80.41 -23.29 -66.85 -7.12 0 -0 30.17 -32.51 -45.25 -0 0 0 56.78 13.51 38.17 -62.22 56.87 -36.19 0 0 15.64 -73.98 28.18 -58.69 7.12 -0 -0 -23.92 28.81 -34.4
11.13 13.5 11.86 -159.24 -21.57 178.96 0 0 0 15.9 7.83 -46.37 24.6 19.48 103.56 -0.09 -8.86 -4.26 0.03 1.15 3.16 0 0 0 25.14 -13.1 -31.23 -10.16 -17.5 60.01 -1.79 5.52 -24.11 -1.67 8.14 -23.13 4.18 1.13 6.47 5.15 1.98 -4.5 2.87 0.75 -8.45 -5.77 -4.74 -19.27 20.34 -13.41 24.92 6.43 -4.86 13.72 -0 -0 0 -38.43 -41.01 51.79 102.83 -59.37 -71.09 -0 -0 14.94 72.28 -20.2 -47.22 -7.12 0 -0 25.26 -16.49 -34.27 -0 -0 0 60.72 19.75 45.86 -67.93 58.08 -41.01 0 0 11.38 -71.46 27.84 -54.32 7.12 -0 -0 -22.52 25.52 -31.74
10.37 13.9 11.87 -161.56 -21.06 179.15 0 0 0 18.7 4.83 -45.7 20.42 20 91.24 0.07 -2.03 -4.63 0.39 4.02 11.12 0 0 0 20.37 -11.77 -24.79 -7.72 -15.91 51.56 -1.11 3 -19.16 -1.69 8.19 -23.31 2.99 1.23 6.35 4.21 2.01 -4.08 2.52 0.85 -7.92 -6.17 -5.16 -18.42 20.37 -14.07 25.08 6.39 -5.27 13.75 0 0 0 -46.23 -43.41 63.06 102.15 -59.43 -70.51 -0 -0 4.79 65.03 -16.2 -30.93 -7.12 0 -0 22.45 -2.37 -25.35 0 0 0 65.5 24.76 53.47 -70.27 58.48 -43 0 0 5.16 -67.34 26.87 -47.27 7.12 -0 -0 -20.53 20.04 -27.73
9.48 14.33 11.89 -164.04 -21.04 179.68 0 0 0 17.82 1.77 -43.13 15.1 19.41 75.53 -0.03 3.97 -3.86 0.74 5.49 15.31 0 0 0 15.47 -9.22 -17.74 -5.3 -13.71 42.09 -0.33 -2.24 -11.88 -1.61 8 -22.72 2.06 1 5.65 3.49 1.59 -3.73 2.33 0.7 -7.13 -6.59 -5.51 -17.53 20.21 -14.48 25.06 6.33 -5.58 13.63 0 -0 0 -53.37 -44.15 71.73 99.4 -59.66 -68.13 -0 0 -5.77 57.84 -9.99 -15.42 -7.12 0 -0 20.41 12.45 -16.65 0 -0 0 70.46 27.77 60.14 -70.93 58.58 -43.56 0 -0 -3.06 -62.6 24.82 -39 7.12 -0 -0 -18.65 13.13 -23.51
8.47 14.75 11.95 -167.01 -20.94 180.88 0 0 0 14.16 -1.49 -39.47 10.47 17.66 61.03 -0.01 2.17 1.03 0.14 2.37 6.53 0 0 0 10.84 -3.58 -11.79 -3.7 -11.75 34.85 0.56 -13.19 -3.48 -0.73 5.44 -15.18 1.15 0.69 4.5 2.84 1.05 -3.46 2.21 0.48 -6.16 -6.93 -5.87 -16.68 19.49 -14.58 24.85 6.07 -5.77 13.3 -0 0 0 -59.03 -43.95 77.7 97.74 -59.77 -66.7 -0 0 -19.21 50.9 -0.14 -0.17 -7.12 0 -0 18.86 29.47 -7.52 -0 0 0 74.42 29.13 65.3 -71.74 58.7 -44.26 0 -0 -14.82 -55.53 20.46 -26.98 7.12 -0 -0 -16.15 2.27 -17.47
7.39 15.06 12.05 -169.2 -19.78 182.38 0 0 0 9.12 -2.94 -36.87 8.72 16.62 55.11 0.01 -0.98 2.66 0.06 -1.64 -4.5 0 0 0 8.21 2.9 -10.53 -3.3 -11.16 32.83 2.57 -28.85 -0.13 -0.21 -2.95 8.13 1.39 0.55 2.9 2.52 0.81 -3.29 1.77 0.35 -5.05 -7.2 -6.19 -16.1 18.32 -14.39 24.61 5.68 -5.83 12.92 0 -0 0 -63.4 -43.43 80.74 97.42 -59.79 -66.42 -0 0 -33.91 43.77 7.33 6.97 -7.12 0 -0 14.81 39.65 -2.01 0 -0 0 77.16 29.77 68.84 -73.7 58.97 -45.93 0 -0 -29.43 -47.77 14.77 -15.69 7.12 -0 -0 -13.11 -9 -11.21
6.3 15.25 12.17 -170.5 -17.18 183.29 0 0 0 2.84 -1.94 -34.74 8.56 16.51 54.54 -0 0.73 -0.92 0.29 -3.47 -9.58 0 0 0 7.71 3.06 -15.87 -4.06 -12.23 36.57 2.81 -30.75 1.73 -1.15 -6.82 19.17 2.2 0.74 2.17 2.56 1.06 -3.36 1.35 0.44 -4.69 -7.13 -6.33 -15.7 16.69 -14.05 24.86 5.1 -5.81 12.69 0 0 0 -67.06 -42.46 81.59 96.02 -59.86 -65.21 -0 0 -44.68 35.89 14.36 10.18 -7.12 0 -0 8.11 47.35 0.47 0 0 0 78.64 29.53 70.71 -76.99 59.35 -48.76 0 -0 -40.89 -41.09 7.28 -6.3 7.12 -0 -0 -10.24 -20.43 -6.12
5.25 15.35 12.29 -171.71 -13.69 183.16 0 0 0 -3.23 -0.62 -31.58 8.25 16.3 53.44 0.03 2.25 -4.75 0.25 -3.22 -8.9 0 0 0 9.95 -1.15 -23.95 -5.81 -14.25 44.23 0.81 -17.65 2.15 -0.41 -4.09 11.33 2.1 1.19 3.37 2.69 1.71 -3.57 1.48 0.76 -5.61 -6.9 -6.46 -15.56 15.04 -13.93 25.62 4.47 -5.89 12.76 0 -0 0 -69.82 -40.97 81.03 93.83 -59.94 -63.32 -0 0 -52.86 28.69 19.31 10.26 -7.12 0 -0 0.41 51.75 0.07 0 -0 0 79.33 28.44 71.37 -80.29 59.64 -51.6 0 -0 -48.42 -33.38 -0.85 0.56 7.12 -0 -0 -5.42 -30.97 -1.87
4.3 15.4 12.4 -173.82 -10.8 182.97 0 0 0 -9.16 0.42 -29.15 8.03 16.14 52.69 0.09 1.07 -6.08 0.33 -3.68 -10.17 0 0 0 13.65 -4.6 -31.13 -7.73 -15.92 51.58 0 -2.13 -2.89 -0 -0.15 0.41 0.25 1.48 4.82 2.46 2.04 -3.69 2.22 1.01 -6.63 -7.13 -6.76 -15.13 14.45 -14.12 25.51 4.25 -6.09 12.6 0 0 0 -70.24 -39.47 79.25 94.1 -59.94 -63.55 -0 0 -59.68 22.65 22.94 9.24 -7.12 0 -0 -6.82 54.49 -1.59 0 0 0 79.83 27.01 71.43 -83.56 59.84 -54.42 0 -0 -61.65 -26.59 -4.57 2.28 7.12 -0 -0 0.06 -35.09 0.01
3.43 15.44 12.48 -176.07 -9.26 183.95 0 0 0 -14.27 2.52 -30.47 8.27 16.32 53.54 0.02 -3.54 -3.35 0.31 -3.57 -9.88 0 0 0 18.29 -6.36 -36.9 -8.58 -16.53 54.61 0.26 11.7 -3.65 -0.35 3.79 -10.48 -1.62 1.37 4.39 1.68 1.72 -3.88 2.49 0.93 -6.61 -7.63 -7.15 -14.75 14.64 -14.52 24.9 4.33 -6.33 12.39 0 0 0 -68.28 -38.27 77.01 96.75 -59.83 -65.84 -0 0 -62.93 17.44 23.92 7.26 -7.12 0 -0 -12.57 54.48 -2.96 0 0 0 80.53 25.59 70.59 -86.03 59.94 -56.56 0 -0 -77.63 -21.15 -6.76 2.61 7.12 -0 -0 4.77 -37.18 0.92
2.58 15.47 12.55 -177.12 -8.9 185.21 0 0 0 -16.44 5.19 -34.37 9.16 16.91 56.66 -0.39 -11.03 5.19 0.03 -1.03 -2.82 0 0 0 22.22 -4.94 -39.06 -8.14 -16.22 53.06 0.96 17.45 2.44 -0.03 1.1 -3.03 -1.56 0.99 3.03 0.82 1.17 -4.06 1.63 0.63 -5.97 -8.18 -7.71 -14.51 14.79 -15.03 24.09 4.38 -6.61 12.16 -0 -0 0 -65.98 -37.23 74.94 99.83 -59.63 -68.5 -0 0 -64.94 12.18 22.65 4.75 -7.12 0 -0 -17.17 52.28 -3.15 -0 -0 0 80.89 24.47 69.65 -87.44 59.98 -57.78 0 -0 -86.82 -18.56 -8.1 2.71 7.12 -0 -0 7.14 -38.42 1.16
1.74 15.45 12.62 -177.84 -9.93 185.39 0 0 0 -15.2 5.96 -36.54 10.2 17.52 60.15 -0.3 -14.54 16.89 0.35 3.82 10.56 0 0 0 21.72 0.08 -36.51 -7.5 -15.74 50.73 0.4 12.38 -1.34 -0.12 -2.27 6.26 -1.12 0.46 2.46 0.19 0.46 -4 0.8 0.23 -5.53 -9.12 -8.55 -13.76 14.66 -15.53 22.6 4.4 -6.94 11.57 -0 -0 0 -64.51 -36.56 73.37 103.34 -59.32 -71.53 -0 0 -68.93 8.06 22.74 3.13 -7.12 0 -0 -21.16 51.68 -3.61 -0 -0 0 79.69 23.95 68.63 -89.94 60 -59.95 0 -0 -90.4 -18.36 -8.1 2.68 7.12 -0 -0 7.31 -38.41 1.19
0.92 15.37 12.68 -178.41 -12.4 184.26 0 0 0 -10.61 4.39 -35.6 10.92 17.89 62.52 -0.3 -11.92 11.76 0.04 1.26 3.47 0 0 0 18.11 4.88 -31.44 -7.01 -15.34 48.9 -0.12 6.19 -6.98 -0.01 -0.67 1.84 -1.28 -0.37 3.04 -0.12 -0.66 -3.84 0.64 -0.32 -5.67 -10.16 -9.45 -11.97 14.39 -15.99 20.39 4.45 -7.33 10.52 -0 0 0 -63.78 -35.85 72.91 107.6 -58.8 -75.18 -0 0 -72.83 5.49 23.03 2.15 -7.12 0 -0 -23.73 51.52 -4 -0 0 0 77.93 23.87 66.88 -93.03 59.97 -62.62 0 -0 -92.78 -18.99 -9.08 3.11 7.12 -0 -0 6.92 -39.48 0.95
0.1 15.26 12.72 -178.63 -15.01 182.26 0 0 0 -3.99 2.23 -32.27 10.43 17.65 60.93 -0 -2.61 3.44 0.01 0.63 1.74 0 0 0 14.46 5.38 -26.22 -6.41 -14.81 46.59 -0.36 3.88 -10.67 -0.2 2.88 -7.93 -1.8 -1.28 4.72 -0.19 -1.94 -3.79 1.01 -0.91 -6.55 -10.79 -10.31 -10.23 13.76 -16.63 18.65 4.3 -7.8 9.66 0 0 0 -63.26 -34.4 72.73 113.09 -57.89 -79.85 -0 0 -74.59 3.89 23.61 1.56 -7.12 0 -0 -25.55 51.78 -4.51 0 0 0 76.22 23.59 64.41 -97.24 59.8 -66.26 0 -0 -95.19 -20.78 -10.46 3.94 7.12 -0 -0 5.57 -41.09 0.54
-0.77 15.16 12.79 -177.85 -15.87 180.93 0 0 0 3.33 1.32 -28.2 8.28 16.32 53.56 -0.06 4.69 0.55 0.11 2.11 5.82 0 0 0 11.96 3.87 -22.82 -5.7 -14.13 43.77 -0.43 3.08 -11.73 -0.53 4.66 -12.93 -1.54 -1.8 5.67 0.07 -2.61 -3.91 1.25 -1.23 -7.2 -11.04 -11.26 -9 12.98 -17.4 16.85 4.03 -8.28 8.86 -0 0 0 -61.93 -32.32 71.34 120.3 -56.23 -85.91 -0 0 -75.78 2.33 24.13 0.95 -7.12 0 -0 -27.3 51.98 -5 -0 0 0 73.51 23.08 61.23 -104.25 59.22 -72.31 0 -0 -96.46 -22.22 -11.34 4.59 7.12 -0 -0 4.43 -42.16 0.31
-1.74 15.08 12.9 -177.13 -14.26 181.27 0 0 0 9.05 1.69 -23.14 5.22 13.62 41.75 -0.44 12.71 0.71 0.44 4.26 11.81 0 0 0 8.99 3.92 -21.53 -4.98 -13.36 40.75 -0.35 2.99 -10.51 -0.79 5.68 -15.85 -0.91 -1.73 4.78 0.41 -2.44 -4.08 1.2 -1.18 -6.89 -10.92 -12.22 -7.79 12.37 -18.13 14.16 3.81 -8.71 7.77 -0 0 0 -59.88 -29.54 68.57 128.26 -53.67 -92.43 -0 0 -76.15 1.71 24.15 0.7 -7.12 0 -0 -27.89 51.9 -5.07 -0 0 0 70.07 22.67 56.98 -113.31 57.84 -80.04 0 -0 -97.14 -24.22 -13.09 5.82 7.12 -0 -0 2.88 -44.27 0.05
-2.82 15.04 13.07 -178.3 -11.16 182.22 0 0 0 10.91 0.24 -15.02 2.42 9.7 28 -1.09 21.69 4.74 0.95 6.2 17.37 0 0 0 3.56 5.58 -20.67 -4.23 -12.46 37.38 -0.17 2.4 -7.42 -0.95 6.22 -17.43 -1.67 -1.47 3.89 0.44 -2.15 -4.06 1.59 -1.02 -6.32 -10.43 -12.99 -7.12 11.59 -18.61 11.48 3.53 -8.99 6.72 0 0 0 -57.57 -25.28 64.11 136 -50.27 -98.53 -0 0 -76.47 2.16 24.4 0.89 -7.12 0 -0 -27.63 52.19 -5.22 0 0 0 65.88 22.69 52.07 -122.53 55.6 -87.75 0 -0 -97.69 -27.47 -15.02 7.67 7.12 -0 -0 0.11 -46.81 -0
-4.01 14.98 13.31 -180.01 -7.3 183.77 0 0 0 10.25 -4.43 -5.92 0.82 5.79 16.18 -0.04 22.87 15.8 0.24 3.12 8.63 0 0 0 -2.65 8.22 -21.54 -3.62 -11.64 34.48 -0.02 -0.92 -2.96 -0.7 5.36 -14.93 -1.9 -1.4 3.15 0.33 -2.1 -4.25 1.59 -0.99 -6.1 -10.09 -13.44 -7.35 10.72 -18.74 9.77 3.24 -9.07 6.11 0 0 0 -54.66 -19.23 57.4 142.61 -46.44 -103.48 -0 0 -76.42 2.65 25.92 1.16 -7.12 0 -0 -28.14 53.62 -6.36 0 0 0 61.13 23.88 46.69 -129.72 53.11 -93.6 0 -0 -96.64 -32.15 -18.53 11.3 7.12 -0 -0 -4.11 -51.54 0.66
-5.28 14.8 13.61 -181.64 -2.62 186.04 0 0 0 7.26 -5.25 -3.31 0.64 5.13 14.29 0.29 14.28 13.14 0.29 -3.46 -9.56 0 0 0 -8.2 9.47 -26.89 -3.77 -11.85 35.21 0.16 -7.88 0.87 -0.05 1.51 -4.15 -0.91 -1.17 2.72 0.02 -1.82 -4.95 0.69 -0.93 -6.64 -10.09 -13.94 -7.88 9.89 -18.62 8.66 3.02 -8.85 5.76 0 0 0 -51.81 -12.21 49.47 147.15 -43.22 -106.68 -0 0 -74.78 4.14 29.46 2.04 -7.12 0 -0 -29.28 57 -9.14 0 0 0 54.89 26.05 39.82 -134.44 51.04 -97.33 0 -0 -93 -36.74 -21.83 15.51 7.12 -0 -0 -8.84 -56.32 2.47
-6.52 14.52 13.97 -183.47 2.76 187.44 0 0 0 2.12 0.12 -8.1 1.49 7.72 21.87 -0.15 6.94 -2.07 1.84 -8.53 -24.32 0 0 0 -11.4 8.1 -36.3 -5.9 -14.33 44.56 0.41 -11.59 -1.21 -0.2 -2.89 7.96 -0.31 -0.89 3.97 -0.58 -1.05 -5.63 -0.34 -0.42 -8.14 -9.89 -13.98 -7.5 9.3 -18.55 6.73 2.92 -8.92 5.01 -0 -0 0 -49.09 -4.77 40.59 149.45 -41.36 -108.23 -0 0 -71.99 5.78 33.57 3.2 -7.12 0 -0 -31.34 60.88 -12.84 -0 -0 0 47.13 28.34 31.11 -136.06 50.24 -98.58 0 -0 -84.84 -39.52 -22.23 17.33 7.12 -0 -0 -12.13 -57.48 3.74
-7.61 14.2 14.35 -185.6 7.25 186.73 0 0 0 -3.73 6.27 -14.03 2.94 10.59 30.91 0.62 1.98 -15.68 2.08 -9.03 -25.88 0 0 0 -11.77 6.06 -45.22 -11.2 -18.03 63.44 0.09 -6.13 -5.49 -0.14 -2.43 6.69 -1.16 -0.38 7.33 -1.5 -0.59 -5.79 -0.88 -0.18 -10.31 -9.82 -14.3 -6.66 9.27 -18.94 4.91 2.98 -9.17 4.34 -0 0 0 -46.62 2.83 30.86 149.52 -41.3 -108.28 -0 0 -67.85 7.86 38.98 4.96 -7.12 0 -0 -35.71 65.85 -19.03 -0 0 0 39.49 29.12 21.17 -134.75 50.89 -97.57 0 -0 -75.9 -42.72 -22.76 19.66 7.12 -0 -0 -16.21 -58.97 5.62
-8.51 13.89 14.69 -187.7 8.93 185.9 0 0 0 -8.56 7.58 -20.89 5.18 13.58 41.6 1.64 -0.93 -23.92 2.34 -9.54 -27.51 0 0 0 -9.14 1.96 -51.46 -18.62 -19.95 85.97 -0.17 -2.34 -9.01 -0.07 -1.65 4.55 -2.62 -0.4 10 -2.59 -0.99 -5.92 -1.17 -0.3 -12.08 -9.9 -14.93 -5.98 9.65 -19.79 3.7 3.1 -9.61 3.98 -0 -0 0 -44.97 10.6 21.21 148.02 -42.53 -107.28 -0 0 -64.2 16.9 46.93 12.51 -7.12 0 -0 -42.47 74.71 -31.02 -0 -0 0 33.09 26.77 12.01 -130.89 52.63 -94.54 0 -0 -67.38 -44.97 -22.74 21.11 7.12 -0 -0 -19.2 -59.58 6.99
-9.29 13.61 14.94 -189.97 8.72 187.01 0 0 0 -13.36 4.93 -28.94 7.8 15.97 51.83 2.36 -2.77 -28.38 2 -8.87 -25.4 0 0 0 -3.45 -6.02 -55.78 -25.06 -19.38 104.94 -0.26 -0.1 -9.73 -0.04 -1.3 3.58 -3.82 -0.92 9.64 -4.03 -1.87 -6.46 -1.93 -0.61 -12.51 -9.57 -15.68 -5.89 9.98 -20.8 2.98 3.08 -10.1 3.85 0 0 0 -43.78 18.32 12.03 144.13 -45.42 -104.57 -0 0 -58.96 32.21 52.04 26.41 -7.12 0 -0 -56.61 83.93 -51.38 0 0 0 27.82 21.76 5.32 -123.1 55.43 -88.22 0 -0 -55.85 -46.8 -20.84 20.75 7.12 -0 -0 -21.18 -57.78 6.83
-10.02 13.45 15.11 -191.41 9.22 188.46 0 0 0 -17.46 2.4 -34.37 9.57 17.16 58.03 2.93 -3.67 -31.53 1.41 -7.51 -21.24 0 0 0 6.47 -13.54 -55.36 -28.14 -18.33 114.44 -0.14 2.69 -6.74 -0 -0.36 0.99 -3.79 -1.28 8.36 -5.3 -2.23 -7.01 -3.3 -0.77 -12.43 -9.21 -16.24 -6.07 10.21 -21.51 2.2 3.04 -10.43 3.69 -0 -0 0 -43.1 24.93 3.71 134.2 -51.16 -97.14 -0 0 -47.8 45.93 53.61 39.75 -7.12 0 -0 -162.15 -87.03 163.08 -0 -0 0 22.9 16.92 1.46 -107.46 58.82 -75.06 0 -0 -42.53 -48.9 -16.49 18.02 7.12 -0 -0 -22.38 -52.8 4.48
-10.67 13.36 15.24 -192.54 11.53 189.07 0 0 0 -21.27 1.79 -37.6 10.63 17.75 61.56 3.31 -3.5 -33.68 1.1 -6.66 -18.72 0 0 0 17.51 -16.96 -49.7 -27.74 -18.5 113.18 0.1 5.98 -0.28 -0.02 -0.85 2.34 -4.32 -0.99 7.41 -6.19 -1.8 -7.48 -4.12 -0.5 -12.4 -9.05 -16.46 -6.19 10.23 -21.75 1.54 3.02 -10.55 3.52 0 0 0 -43.14 28.76 -4.26 112.33 -58.03 -79.21 -0 0 -33.01 60.14 51.49 53.73 -7.12 0 -0 152.69 -80.87 -157.18 0 0 0 18.3 14.21 -0.8 -81.29 59.71 -52.47 0 -0 -27.4 -52.34 -9.79 12.43 7.12 -0 -0 -23.54 -44.37 -0.39
-11.19 13.27 15.33 -193.93 14.08 189.4 0 0 0 -25.02 1.39 -40.16 11.38 18.11 64 3.56 -2.72 -35.15 0.94 -6.18 -17.3 0 0 0 26.13 -19 -41.33 -24.28 -19.56 102.59 0.26 9.76 7.57 -0.17 -2.66 7.33 -6.07 -0.59 6.1 -6.83 -1.25 -8 -3.96 -0.03 -12.16 -9.07 -16.4 -6.36 10.06 -21.64 1.49 2.98 -10.49 3.49 -0 -0 0 -42.09 29.27 -12.36 75.25 -59.16 -47.26 -0 0 -16.3 71.82 47.01 65.81 -7.12 0 -0 142.73 -74.38 -153.28 -0 -0 0 13.75 13.86 -4.3 -51.69 53.65 -27.53 0 -0 -9.24 -56.79 -1.7 2.6 7.12 -0 -0 -23.98 -32.33 -8.07
-11.66 13.2 15.39 -193.13 15.59 190.16 0 0 0 -26.02 0.36 -42.67 12.22 18.48 66.67 3.72 -1.02 -36.35 1.04 -6.47 -18.16 0 0 0 34.22 -21.43 -31.7 -18.04 -19.91 84.25 0.21 10.71 11.36 -0.38 -3.98 11.01 -5.45 -0.29 4.67 -6.93 -0.59 -8.46 -4.51 0.25 -11.8 -9.11 -16.29 -6.5 9.91 -21.52 2.02 2.92 -10.43 3.66 -0 0 0 -37.98 27.34 -20.53 41.81 -49.11 -19.8 -0 -0 1.16 82.29 44.2 79 -7.12 0 -0 146.57 -66.57 -161.77 -0 0 0 8.92 15.28 -10.93 -29.71 40.64 -11.22 0 0 10.86 -62.66 9.27 -17.3 7.12 -0 -0 -23.36 -11.5 -20.02
-12.11 13.13 15.46 -190.79 16.97 191.37 0 0 0 -25.25 -1.2 -45.29 13.14 18.83 69.56 3.78 1.42 -37.4 1.1 -6.67 -18.73 0 0 0 40.85 -23.03 -21.48 -10.59 -17.73 61.43 -0.08 5.75 10.18 -0.2 -2.9 7.99 -2.68 0.16 3.36 -6.8 0.38 -8.94 -6.04 0.47 -11.49 -9.18 -16.24 -6.62 9.6 -21.48 2.86 2.8 -10.41 3.9 0 -0 0 -31.7 25.24 -28.88 22.92 -34 -7.09 -0 -0 15.56 87.28 42.51 85.98 -7.12 0 -0 148.57 -62.21 -166.12 0 -0 0 3.8 16.49 -17.19 -16.99 26.84 -4.08 0 0 23.17 -67.2 17.12 -35 7.12 -0 -0 -23.31 5.86 -27.88
-12.56 13.08 15.54 -188.8 19.22 193.14 0 0 0 -24.85 -2.66 -48.69 13.99 19.11 72.19 3.87 2.75 -38.27 0.73 -5.48 -15.27 0 0 0 44.53 -20.42 -11.21 -4.59 -12.91 39.04 -0.36 -2.13 10.72 -0.23 -3.06 8.43 -0.1 0.89 1.81 -6.86 1.67 -9.52 -7.7 0.89 -11.04 -9.22 -16.24 -6.83 9.31 -21.51 3.56 2.68 -10.41 4.12 -0 -0 0 -26.27 24.42 -38.31 13.22 -21.6 -2.53 -0 -0 25.14 89.77 40.29 89.65 -7.12 0 -0 147.78 -59.78 -167.61 -0 -0 0 0.43 14.86 -15.21 -11.61 19.21 -1.97 0 0 19.91 -65.73 18.81 -35.56 7.12 -0 -0 -22.07 7.19 -26.59
-12.98 13.08 15.65 -187.28 22.1 195.28 0 0 0 -24.97 -3.07 -52.61 14.5 19.26 73.73 3.84 3.47 -38.4 0.48 -4.44 -12.33 0 0 0 46.16 -15.15 -3.6 -2.07 -9.02 25.86 -0.4 -6.07 11.34 -0.29 -3.46 9.56 1.61 1.7 0.46 -6.85 2.95 -10.04 -8.74 1.39 -10.59 -9.22 -16.13 -7.18 9.13 -21.31 3.52 2.62 -10.31 4.13 -0 0 0 -24.97 25.7 -44.69 10.65 -17.76 -1.67 -0 -0 23.07 89.99 35.47 89.98 -7.12 0 -0 141.13 -59.31 -165.03 -0 0 0 -0.43 13.41 -13.29 -10.86 18.08 -1.73 0 0 10.84 -65.13 18.75 -34.75 7.12 -0 -0 -21.77 6.58 -25.97
-13.34 13.17 15.77 -187.34 25.15 196.08 0 0 0 -26.92 -2.04 -54.78 14.23 19.18 72.91 3.72 3.46 -37.82 0.3 -3.53 -9.74 0 0 0 45.2 -12.22 -0.95 -1.66 -8.12 23.08 -0.25 -5.71 9.16 -0.21 -2.97 8.18 1.23 2.31 0.39 -6.81 3.77 -10.3 -8.56 1.82 -10.73 -9.04 -15.67 -7.01 8.64 -20.62 2.66 2.6 -10.02 3.7 -0 -0 0 -26.04 28.26 -42.32 11.23 -18.63 -1.85 -0 -0 16.73 88.7 30.55 87.45 -7.12 0 -0 131.29 -60.45 -158.79 -0 -0 0 -0.06 14.32 -16.02 -11.13 18.48 -1.82 0 0 7.99 -65.01 19.15 -35.14 7.12 -0 -0 -21.6 7.08 -25.9
-13.63 13.3 15.87 -188.1 26.76 195.69 0 0 0 -29.31 -1.19 -55.02 13.55 18.97 70.81 3.56 3.43 -36.99 0.18 -2.76 -7.6 0 0 0 43.47 -11.15 -0.32 -1.59 -7.94 22.54 -0.15 -5 7.21 -0.14 -2.44 6.71 0.33 2.63 0.95 -6.88 4.11 -10.32 -8.2 2.05 -11.09 -8.77 -15.1 -6.89 7.58 -19.82 2.91 2.35 -9.67 3.56 0 -0 0 -26.24 28.76 -38.23 11.14 -18.5 -1.82 -0 -0 16.01 87.12 29.98 84.25 -7.12 0 -0 126.62 -62.13 -153.93 0 -0 0 0.8 14.11 -11.27 -11.63 19.24 -1.98 0 0 4.49 -63.02 18.43 -31.84 7.12 -0 -0 -20.75 4.3 -23.82
-13.82 13.43 15.94 -187.51 25.68 195.58 0 0 0 -29.46 -1.97 -53.99 12.92 18.75 68.89 3.36 3.75 -36.1 0.18 -2.7 -7.44 0 0 0 43.7 -11.56 -0.62 -1.49 -7.7 21.81 -0.16 -4.39 7.36 -0.11 -2.12 5.85 0.98 2.55 0.8 -6.6 4.01 -10.07 -8.21 1.95 -10.7 -8.65 -14.49 -7.25 6.33 -18.99 4.45 1.98 -9.3 3.88 -0 0 0 -26.36 26.13 -36.16 11.32 -18.78 -1.88 -0 -0 13.14 84.17 29.48 78.28 -7.12 0 -0 117.57 -64.88 -143.93 -0 0 0 3.16 14.7 -9.62 -12.36 20.34 -2.23 0 0 3.28 -60.96 18.11 -29.24 7.12 -0 -0 -19.75 2.28 -21.84
-13.93 13.57 15.97 -186.44 23.43 195.68 0 0 0 -28.5 -3.58 -52.3 12.31 18.52 66.98 3.18 4.32 -35.39 0.26 -3.29 -9.08 0 0 0 44.81 -12.2 -1.03 -1.32 -7.27 20.53 -0.27 -4 9.32 -0.07 -1.73 4.75 1.76 2.23 0.05 -5.99 3.64 -9.85 -7.84 1.75 -10.04 -8.26 -13.6 -7.82 4.38 -17.72 6.66 1.38 -8.75 4.35 -0 -0 0 -26.62 22.37 -32.53 12.28 -20.22 -2.2 -0 -0 9.12 77.6 27.56 64.59 -7.12 0 -0 90.19 -67.91 -114.15 -0 -0 0 6.12 16.13 -8.85 -14 22.73 -2.83 0 -0 -0.24 -58.17 17.39 -25.71 7.12 -0 -0 -18.45 -0.61 -19.29
-13.96 13.72 15.97 -185.62 21.79 196 0 0 0 -27.62 -4.68 -50.75 11.62 18.23 64.79 3.07 4.65 -34.99 0.44 -4.25 -11.79 0 0 0 45.49 -12.01 -1.26 -1.16 -6.85 19.26 -0.51 -3.63 12.75 -0.05 -1.47 4.03 2.04 2.16 -0.96 -5.54 3.62 -9.98 -7.44 1.76 -9.59 -7.42 -12.48 -8.85 2.02 -16.02 9.7 0.56 -8 5.1 -0 0 0 -25.83 18.14 -25.45 13.99 -22.72 -2.83 -0 -0 2.38 69.25 23.51 46.48 -7.12 0 -0 72.06 67.33 47.45 -0 0 0 9.17 17.07 -5.41 -17.05 26.93 -4.11 0 -0 -5.92 -53.99 14.08 -18.5 7.12 -0 -0 -17.01 -7.68 -15.29
-13.93 13.87 15.96 -185.16 21.41 196.44 0 0 0 -27.19 -4.71 -49.52 10.84 17.86 62.27 3.04 4.28 -34.67 0.53 -4.69 -13.01 0 0 0 45.16 -10.87 -1.55 -1.15 -6.82 19.19 -0.89 -3.44 16.95 -0.09 -1.98 5.44 2.09 2.49 -1.97 -5.58 4.17 -10.33 -7.49 2.08 -9.32 -6.1 -11.16 -10.28 -0.02 -14.05 12.96 -0.24 -7.09 6.03 -0 0 0 -23.88 13.79 -17.63 17.4 -27.38 -4.27 -0 0 -5.05 61.32 18.56 30.19 -7.12 0 -0 42.07 59.66 16.84 -0 0 0 12.43 16.48 1.81 -23.45 34.58 -7.39 0 -0 -16.58 -51.25 8.52 -10.46 7.12 -0 -0 -16.81 -16.86 -11.73
-13.87 13.99 15.93 -185.08 21.9 196.51 0 0 0 -27.24 -4.11 -48.19 10.06 17.44 59.69 3 2.98 -33.93 0.31 -3.59 -9.93 0 0 0 43.39 -10.14 -3.18 -1.55 -7.85 22.27 -1.31 -5.31 20.58 -0.82 -5.79 16.19 1.93 3.02 -2.38 -5.86 4.92 -10.52 -7.71 2.48 -9.16 -4.44 -9.57 -12 -1.47 -11.8 15.51 -0.88 -6.01 6.88 0 -0 0 -21.26 10.09 -10.44 23.01 -34.1 -7.14 -0 0 -9.94 55.12 14.11 19.28 -7.12 0 -0 28.78 51.32 4.82 0 -0 0 15.6 15.15 8.83 -35.14 44.91 -14.91 0 -0 -28.34 -50.04 6.74 -7.97 7.12 -0 -0 -16.47 -19.75 -10.37
-13.84 14.09 15.93 -184.88 22.38 196.26 0 0 0 -27.13 -3.82 -46.84 9.47 17.1 57.71 2.91 1.58 -32.88 0.03 -1.19 -3.27 0 0 0 40.63 -11.2 -8.91 -3.17 -10.96 32.16 -1.64 -3.97 23.23 -1.47 -7.66 21.7 2.13 3.43 -1.98 -5.79 5.42 -10.34 -7.78 2.69 -9.11 -2.94 -7.79 -13.98 -2.63 -9.31 17.33 -1.36 -4.8 7.65 -0 0 0 -18 7.35 -4.54 30.65 -41.45 -11.84 -0 0 -11.62 49.11 9.59 10.89 -7.12 0 -0 20.3 43.47 -0.8 -0 0 0 17.76 14.75 14.48 -53.12 54.18 -28.69 0 -0 -31.42 -46.57 7.79 -8.15 7.12 -0 -0 -13.91 -18.9 -8.92
-13.84 14.16 15.95 -184.41 22.76 195.57 0 0 0 -26.76 -3.71 -45.47 9.16 16.91 56.63 2.86 0.58 -32.28 0.07 1.66 4.57 0 0 0 37.36 -11.93 -17.76 -7.28 -15.56 49.93 -0.72 4.15 18.08 -0.24 -3.13 8.65 2.77 3.76 -0.73 -5.16 5.77 -9.76 -7.52 2.77 -9.15 -1.54 -5.93 -15.7 -4.25 -6.63 18.44 -1.92 -3.58 8.22 -0 -0 0 -13.95 4.48 -0.82 39.69 -47.89 -18.21 -0 0 -12.28 44.25 4.46 4.33 -7.12 0 -0 14.69 35.85 -3.39 -0 -0 0 17.77 15.9 20.42 -76.26 59.27 -48.13 0 -0 -27.55 -42.32 7.59 -6.86 7.12 -0 -0 -11.05 -19.86 -6.76
-13.85 14.18 15.98 -184.67 23.47 193.76 0 0 0 -27.28 -2.74 -43.59 8.96 16.78 55.94 2.85 0.44 -32.14 0.24 3.14 8.67 0 0 0 32.2 -10.89 -26.66 -13.69 -19.02 71.26 0.1 6.11 4.84 -0.03 1.03 -2.83 2.35 4.11 1.68 -4.35 6.07 -8.93 -6.6 2.87 -9.72 -0.32 -4.29 -16.77 -5.77 -4.22 19.27 -2.4 -2.51 8.66 0 0 0 -8.45 0.14 0.61 48.65 -52.43 -25.1 -0 0 -11.91 43.1 1.95 1.82 -7.12 0 -0 13.29 32.45 -4.18 0 0 0 16.86 18.32 27.53 -99.37 59.67 -68.11 0 -0 -23.54 -40.71 9.68 -8.23 7.12 -0 -0 -9.58 -17.41 -6.37
-13.84 14.18 16 -185.81 23.99 191 0 0 0 -28.59 -1.33 -41.2 8.83 16.7 55.51 2.83 0.78 -32.15 0.3 3.51 9.69 0 0 0 24.81 -9.16 -34.98 -20.24 -20 90.7 -0.14 2.64 -6.63 -0.02 0.82 -2.24 0.71 4.42 4.75 -3.72 6.21 -8 -5.28 2.97 -10.72 0.51 -3.08 -17.61 -6.39 -2.5 20.47 -2.59 -1.69 9.26 -0 -0 0 -1.07 -5.73 -0.17 55.97 -55.14 -31.01 -0 0 -10.73 43.4 2.12 2.01 -7.12 0 -0 13.56 32.68 -4.19 -0 -0 0 16.68 21.31 36.42 -116.31 57.21 -82.58 0 -0 -17.32 -43.36 14.2 -13.04 7.12 -0 -0 -10.49 -11.04 -8.43
-13.8 14.1 16.01 -186.5 23.47 188.96 0 0 0 -29.05 -1.32 -39.51 9.08 16.86 56.36 2.87 1.27 -32.55 0.28 3.43 9.47 0 0 0 17.25 -7.35 -43.44 -24.71 -19.46 103.9 -0.68 -0.05 -15.57 -0.05 -1.42 3.91 -0.74 4.58 6.92 -3.07 6.16 -7.26 -3.96 3.01 -11.42 0.93 -2.31 -18.09 -6.35 -1.43 21.5 -2.54 -1.14 9.75 0 0 0 7.51 -11.89 -2.68 60.3 -56.39 -34.59 -0 0 -9.19 45.49 0.84 0.86 -7.12 0 -0 14.97 30.97 -5.29 0 0 0 18.05 23.94 47.23 -124.89 54.86 -89.7 0 -0 -5.69 -50.75 22.53 -25.13 7.12 -0 -0 -12.93 2.53 -13.83
-13.73 14 15.98 -185.96 21.99 188.24 0 0 0 -27.97 -3 -38.47 9.62 17.19 58.21 2.96 1.99 -33.33 0.22 3.03 8.36 0 0 0 11.75 -4.53 -51.04 -25.6 -19.23 106.57 -1.22 -1.86 -21.61 -0.07 -1.66 4.58 -1.09 4.62 7.72 -2.23 6.16 -6.79 -2.9 3.04 -11.51 0.85 -2.08 -18.05 -6.15 -1.07 21.96 -2.42 -0.94 9.93 0 0 0 16.25 -16.66 -6.44 62.9 -57.03 -36.77 -0 0 -7.62 49.21 -3.4 -3.94 -7.12 0 -0 16.74 24.75 -8.55 0 0 0 21.38 25.27 60.07 -126.74 54.23 -91.2 0 0 8.68 -61.33 31.08 -43.35 7.12 -0 -0 -15.89 19.88 -20.99
-13.61 13.91 15.88 -184.77 20.35 187.99 0 0 0 -26.14 -4.99 -37.2 10.12 17.48 59.88 3.04 3.09 -34.16 0.09 1.98 5.46 0 0 0 8.31 0.02 -54.85 -22.11 -19.89 96.18 -1.66 -4.21 -26.12 -0.02 -1.01 2.78 -0.99 4.75 7.99 -1.33 6.38 -6.46 -2.03 3.16 -11.4 0.52 -2.36 -18.11 -5.97 -1.37 22.28 -2.35 -1.08 10.05 -0 0 0 24.39 -19.84 -11.14 64.88 -57.48 -38.43 -0 0 -6.2 54.18 -8.81 -11.98 -7.12 0 -0 18.57 15.61 -13.63 -0 0 0 26.74 24.49 74.07 -121.98 55.76 -87.3 0 0 16.41 -66.97 35.85 -54.03 7.12 -0 -0 -16.87 29.64 -23.64
-13.43 13.89 15.74 -183.16 19.06 187.91 0 0 0 -23.89 -5.42 -35.69 10.32 17.58 60.54 3.23 2.77 -35.06 0.07 1.74 4.77 0 0 0 6.79 4.24 -53.51 -15.54 -19.52 76.86 -1.75 -9.68 -30.05 -0.07 1.69 -4.66 -0.93 5.06 7.96 -0.38 6.87 -6.2 -1.11 3.43 -11.19 -0.22 -2.88 -18.28 -5.3 -2.06 22.31 -2.08 -1.39 10.08 0 -0 0 31.43 -21.89 -16.26 66.41 -57.79 -39.73 -0 0 -3.6 59.94 -12.92 -21.13 -7.12 0 -0 20.71 6.6 -19.55 0 -0 0 33.15 21.74 84.5 -109.36 58.54 -76.68 0 0 17.24 -68.39 37.03 -56.66 7.12 -0 -0 -17.05 31.99 -24.11
-13.21 13.87 15.57 -182.16 18.25 187.54 0 0 0 -22.08 -3.27 -34.59 10.36 17.61 60.7 3.42 1.17 -35.47 0.02 0.98 2.69 0 0 0 6.16 5.38 -53.34 -13.27 -18.88 69.95 -1.64 -9.76 -29.46 -0.19 2.8 -7.72 -1.81 5.47 7.83 0.33 7.37 -5.89 0.06 3.77 -10.99 -0.73 -3.28 -18.44 -4.56 -2.73 21.79 -1.83 -1.68 9.93 -0 0 0 37.65 -23.04 -21.54 66.64 -57.83 -39.91 -0 0 -0.2 65.6 -16.07 -31.38 -7.12 0 -0 22.78 -2.63 -25.9 -0 0 0 38.56 19.24 87.5 -97.51 59.79 -66.5 0 0 16.33 -67.6 36.6 -55.34 7.12 -0 -0 -16.85 30.9 -23.72
-12.96 13.91 15.42 -182.29 17.63 186.39 0 0 0 -21.36 0.43 -32.82 9.93 17.37 59.25 3.35 -0.37 -34.65 0.02 -0.96 -2.65 0 0 0 5.72 2.71 -57.09 -16.67 -19.73 80.22 -1.71 -4.75 -26.77 -0.02 0.83 -2.29 -3.46 5.73 8.54 0.65 7.49 -5.56 1.22 3.94 -11.33 -0.66 -3.31 -17.89 -4.37 -2.99 20.33 -1.77 -1.79 9.3 0 0 0 42.27 -22.79 -26.5 66.55 -57.82 -39.84 -0 -0 4.63 71.54 -18.69 -43.83 -7.12 0 -0 25.22 -13.22 -33.27 0 0 0 42.31 19.76 84.56 -93.55 59.95 -63.08 0 0 10.14 -65.36 35.55 -51.74 7.12 -0 -0 -16.18 27.98 -22.46
-12.71 14.08 15.26 -182.91 17.17 184.93 0 0 0 -21.25 4.09 -29.52 8.78 16.66 55.31 3.04 -1.16 -32.77 0.2 -2.91 -8.04 0 0 0 4.79 -1.97 -61.22 -21.59 -19.94 94.66 -1.66 -3.22 -25.7 -0 0.32 -0.87 -4.75 5.96 9.82 0.89 7.55 -5.3 2.05 4.06 -12.04 -0.63 -3.21 -16.79 -4.67 -2.93 18.5 -1.81 -1.8 8.47 -0 -0 0 44.69 -22.16 -30.78 67.49 -58 -40.64 -0 -0 7.78 77.09 -20.48 -56.77 -7.12 0 -0 28.25 -23.78 -40.95 -0 -0 0 44.28 23.7 77.57 -93.33 59.96 -62.88 0 -0 -3.66 -60.19 32.49 -43.16 7.12 -0 -0 -14.79 20.63 -19.56
-12.45 14.36 15.05 -183 16.94 184.66 0 0 0 -20.71 6.71 -25.76 7.08 15.4 49.16 2.57 -1.62 -29.94 0.37 -3.92 -10.85 0 0 0 3.64 -7.93 -66.34 -26.2 -19.05 108.42 -1.56 -1.77 -24.29 -0.01 -0.65 1.8 -4.56 6.13 10.09 0.98 7.83 -5.51 1.94 4.19 -12.46 -1.01 -2.87 -15.86 -4.46 -3.12 17.3 -1.69 -2.12 7.91 -0 0 0 46.15 -22.09 -34.48 68.28 -58.14 -41.31 -0 -0 8.02 80.69 -21.67 -66.06 -7.12 0 -0 30.85 -31.24 -46.41 -0 0 0 45.11 30.39 68.28 -87.62 59.98 -57.94 0 -0 -20.49 -48.99 25.32 -26.19 7.12 -0 -0 -11.19 5.21 -12.39
-12.16 14.78 14.79 -182.59 16.89 185.15 0 0 0 -19.81 7.82 -20.59 4.93 13.3 40.5 1.88 -1.38 -25.52 0.32 -3.62 -10.02 0 0 0 2.79 -14.36 -71.28 -29.13 -17.87 117.64 -1.27 -0.03 -21.35 -0.1 -2.05 5.65 -2.89 6.22 9.63 0.91 8.28 -6.1 0.87 4.29 -12.61 -1.42 -3.02 -15.49 -4.4 -3.27 17.22 -1.6 -2.21 7.83 -0 -0 0 46.78 -22.56 -37.16 68.41 -58.16 -41.42 -0 -0 8.21 82.66 -22.23 -71.2 -7.12 0 -0 32.6 -35.29 -49.6 -0 -0 0 46.68 39.32 59.8 -69.21 58.3 -42.1 0 -0 -37.23 -34.56 13.13 -8.89 7.12 -0 -0 -4.9 -14.21 -3.56
-11.84 15.29 14.49 -181.53 17.06 186.35 0 0 0 -18.16 6.81 -14.62 3 10.69 31.24 0.91 1.35 -18.54 0.34 -3.72 -10.3 0 0 0 3.3 -17.51 -75.1 -29.78 -17.53 119.77 -0.6 -0.97 -15.08 -0.49 -4.5 12.49 0.07 6.32 8.38 0.84 8.93 -6.68 -0.82 4.41 -12.05 -2.02 -3.19 -15.57 -4.51 -3.34 17.38 -1.56 -2.31 7.9 -0 -0 0 47 -22.82 -38.74 67.38 -57.98 -40.54 -0 -0 8.62 83.1 -22.53 -72.47 -7.12 0 -0 32.97 -36.34 -50.21 -0 -0 0 51.07 50.12 54.09 -43.36 49.94 -20.98 0 -0 -53.14 -22.86 1.07 -0.45 7.12 -0 -0 2.89 -28.81 1.14
-11.45 15.84 14.23 -180.32 17.12 188.16 0 0 0 -15.98 5.71 -12.19 2.18 9.23 26.53 0.06 4.95 -8.88 0.3 -3.51 -9.7 0 0 0 4.72 -15.37 -76.27 -27.83 -18.46 113.47 0.04 -4.86 -5.12 -0.98 -6.3 17.65 2.45 6.56 6.89 0.77 9.65 -7.27 -2.13 4.63 -11.42 -2.4 -3.38 -15.71 -4.54 -3.49 16.92 -1.52 -2.39 7.78 -0 -0 0 47.79 -22.67 -40 64.93 -57.49 -38.47 -0 -0 9 83.77 -22.47 -74.06 -7.12 0 -0 33.72 -37.49 -51.49 -0 -0 0 59.38 60.95 49.41 -22.9 33.98 -7.08 0 -0 -58.13 -17.81 -7.2 2.31 7.12 -0 -0 7.65 -37.44 1.43
-10.96 16.36 14.03 -179.56 16.1 189.37 0 0 0 -14 9.16 -17.64 3.2 11.01 32.32 -0.13 6.93 0.06 0.02 -0.91 -2.49 0 0 0 5.41 -11.39 -72.3 -23.24 -19.75 99.51 -0.06 -6.9 6.21 -0.94 -6.18 17.3 3.26 6.92 6.42 0.64 10.25 -7.46 -2.73 4.88 -11.16 -3.05 -3.93 -16.38 -3.93 -4.11 16.14 -1.28 -2.62 7.66 -0 -0 0 49.35 -22.43 -42.29 62.36 -56.91 -36.31 -0 -0 9.19 84.72 -22.25 -76.28 -7.12 0 -0 34.9 -39.02 -53.46 -0 -0 0 69.53 69.9 34.21 -11.12 18.48 -1.81 0 -0 -42.85 -17.61 -11.99 3.77 7.12 -0 -0 8.64 -42.38 0.56
-10.42 16.72 13.87 -179.17 13.28 189.43 0 0 0 -12.48 13.33 -27.69 7.19 15.49 49.57 -0.04 6.95 3.9 0.13 2.3 6.34 0 0 0 5.22 -8.5 -63.66 -17.06 -19.79 81.37 -0.71 -7.08 15.1 -0.8 -5.72 15.96 3.66 7.02 6.42 0.31 10.31 -7 -3.24 4.87 -10.51 -3.77 -4.74 -17.26 -2.62 -5.16 15.33 -0.85 -2.99 7.59 -0 -0 0 51.51 -22.38 -45.61 59.88 -56.28 -34.24 -0 -0 8.52 84.13 -22.17 -74.76 -7.12 0 -0 34.22 -37.88 -52.36 -0 -0 0 63.95 71.63 21.92 -10.92 18.17 -1.75 0 -0 -42.99 -22.45 -17.57 7.11 7.12 -0 -0 5.41 -48.82 -0.51
-9.87 16.85 13.67 -179.03 9.17 188.45 0 0 0 -11.12 15.19 -37.02 13.62 18.99 71.03 0.08 2.11 5.05 0.06 1.55 4.25 0 0 0 4.45 -6.51 -51.97 -10.99 -17.93 62.76 -1.19 -10.53 19.78 -0.95 -6.21 17.4 3.69 6.37 6.88 0.2 9.37 -6.54 -3.27 4.39 -10.3 -4.07 -5.13 -17.48 -1.8 -5.73 15.38 -0.61 -3.19 7.68 -0 -0 0 52.92 -22.51 -47.32 57.17 -55.51 -31.99 -0 -0 7.82 82.37 -21.99 -70.31 -7.12 0 -0 32.37 -34.53 -49.19 -0 -0 0 55.75 70.37 27.79 -13.09 21.42 -2.49 0 -0 -51.17 -25.12 -21.31 9.67 7.12 -0 -0 3.74 -53.25 -0.76
-9.32 16.76 13.41 -178.65 4.98 187.23 0 0 0 -10.68 17.38 -44.96 19.18 19.98 87.62 0.02 -1.99 4.06 0.01 0.46 1.26 0 0 0 4.1 -2.82 -38.93 -6.31 -14.73 46.23 -1.62 -14.18 23.43 -0.67 -5.25 14.63 3.52 5.51 7.35 0.34 8.2 -6.41 -2.92 3.82 -10.55 -4.21 -5.22 -17.25 -2.02 -5.82 16.47 -0.69 -3.29 8 -0 -0 0 53.01 -23.09 -47.11 55.44 -54.97 -30.57 -0 -0 8.12 81.08 -21.48 -66.8 -7.12 0 -0 31.26 -31.72 -47.16 -0 -0 0 51.96 67.25 37.08 -16.93 26.76 -4.05 0 -0 -52.24 -29.84 -24.51 13.39 7.12 -0 -0 -0.46 -57.71 0.14
-8.74 16.45 13.08 -178.7 1.17 186.39 0 0 0 -13.2 19.38 -51.47 21.44 19.95 94.22 -0.05 -4 1.52 0.03 -1.07 -2.93 0 0 0 4.69 1.69 -27.82 -4.02 -12.18 36.38 -1.32 -14.76 21.58 -0.04 -1.23 3.39 2.46 5 6.61 0.16 7.35 -6.41 -2.33 3.5 -10.26 -4.55 -5.4 -16.5 -1.99 -6.09 17.58 -0.66 -3.48 8.26 0 0 0 52.89 -24.23 -46.31 54.82 -54.76 -30.07 -0 -0 8.59 80.04 -21.19 -64.08 -7.12 0 -0 30.4 -29.57 -45.49 0 0 0 46.53 61.72 43.43 -24.31 35.49 -7.89 0 -0 -50.67 -33.73 -24.53 15.49 7.12 -0 -0 -4.96 -58.66 1.66
-8.18 16.01 12.74 -178.81 -2.74 186.07 0 0 0 -18.07 18.98 -56.13 20.34 20 91 -0.03 -5.02 -2.27 0.47 -4.39 -12.18 0 0 0 7.35 1.33 -22.31 -3.9 -12.03 35.84 0.14 -14.08 8.08 -0.58 4.87 -13.54 1.35 4.9 5.64 -0.4 6.45 -6.73 -2.07 2.9 -10.12 -4.98 -5.55 -15.53 -1.07 -6.5 18.47 -0.33 -3.64 8.45 0 -0 0 53.07 -25.27 -44.58 54.31 -54.59 -29.66 -0 -0 8.61 79.25 -21.15 -62.23 -7.12 0 -0 29.74 -28.17 -44.2 0 -0 0 39.83 54.51 48.32 -37.57 46.56 -16.66 0 -0 -39.13 -33.27 -17.26 11.02 7.12 -0 -0 -5.38 -50.29 0.7
-7.73 15.56 12.42 -177.33 -6.76 185.91 0 0 0 -21.89 16.98 -58.22 17.33 19.83 82.17 0.07 -4.44 -5.32 0.71 -5.38 -15.01 0 0 0 11.33 -2.6 -20.7 -4.31 -12.56 37.75 0.63 -13.91 -5.85 -0.85 5.88 -16.45 2.54 4.43 5.45 -0.47 5.89 -7.3 -2.73 2.49 -10.53 -5.32 -5.5 -15.14 -0.64 -6.53 19.33 -0.14 -3.66 8.7 0 0 0 51.93 -25.36 -41.42 55.18 -54.88 -30.36 -0 -0 9.08 79.28 -21.32 -62.49 -7.12 0 -0 29.73 -28.43 -44.2 0 0 0 33.23 47.19 51.42 -58.59 55.92 -33.17 0 -0 -18.44 -33.17 -4.68 3.05 7.12 -0 -0 -5.43 -35.52 -1.27
-7.41 15.15 12.11 -174.24 -10.55 185.37 0 0 0 -23.4 15.09 -57.8 14.28 19.2 73.06 0.16 -0.65 -7.29 0.26 -3.31 -9.13 0 0 0 15.84 -6.66 -19.31 -4.41 -12.68 38.2 0.06 -11.35 -15.31 -0.84 5.86 -16.39 5.41 4.22 5.05 0.45 5.92 -7.76 -3.3 2.28 -10.64 -5.84 -5.45 -15.23 -1.01 -6.31 20.28 -0.18 -3.67 9.04 -0 -0 0 49.66 -25.23 -38.29 55.81 -55.09 -30.88 -0 -0 10.75 79.29 -21.4 -62.6 -7.12 0 -0 29.72 -28.55 -44.18 -0 -0 0 26.42 38.78 52.21 -89.1 60 -59.22 0 0 0.77 -37.53 9.41 -7.16 7.12 -0 -0 -7.44 -18.23 -4.78
-7.2 14.86 11.75 -171.32 -14.08 184.17 0 0 0 -24.58 14.08 -54.45 11.64 18.24 64.85 0.23 4.25 -11.64 0.02 0.94 2.58 0 0 0 19.8 -10.27 -17.42 -4.42 -12.7 38.25 -0.51 -10.15 -20.74 -0.85 5.88 -16.42 7.05 4.13 4.08 1.76 5.88 -8.17 -2.72 2.13 -10.52 -5.58 -5.29 -15.21 -1.55 -6.11 21.5 -0.41 -3.67 9.43 0 0 0 47.65 -25.64 -35.27 55.55 -55 -30.67 -0 -0 11.25 79.18 -21.77 -62.75 -7.12 0 -0 29.55 -28.82 -43.91 0 0 0 22.78 28.31 52.85 -118.86 56.6 -84.71 0 0 12.9 -47.56 22.19 -22.44 7.12 -0 -0 -11.21 0.65 -11.56
-7.12 14.74 11.35 -168.07 -18.97 182.32 0 0 0 -25.01 12.4 -48.49 9.25 16.97 56.95 0.93 7.46 -22.36 1.36 7.37 20.83 0 0 0 23.37 -13.83 -16.37 -4.8 -13.16 39.97 -0.55 -9.88 -20.84 -1.19 6.92 -19.47 8.41 3.49 2.21 3.56 4.88 -8.62 -1.31 1.54 -10.07 -4.17 -4.87 -15.36 -3.14 -5.63 23.3 -1.18 -3.59 9.99 -0 -0 0 45.07 -26.3 -31.83 55.8 -55.08 -30.87 -0 -0 11.53 79.15 -21.91 -62.8 -7.12 0 -0 29.48 -28.92 -43.8 -0 -0 0 23.49 15.94 53.02 -137.6 49.43 -99.75 0 0 18.13 -57.88 31.76 -39.98 7.12 -0 -0 -13.88 18.15 -17.94
-7.14 14.76 11 -166.11 -25.35 180.75 0 0 0 -24.77 8.22 -41.59 7.36 15.63 50.24 1.88 8.85 -30.36 2.8 10.37 30.18 0 0 0 23.73 -16.5 -18.85 -6.6 -14.98 47.33 -0.26 -6.69 -14.35 -1.52 7.78 -22.06 8.46 2.45 -0.06 5.33 3.13 -9.02 0.82 0.69 -9.41 -3.37 -4.66 -15.7 -4.83 -5.18 24.33 -1.9 -3.57 10.35 0 0 0 41.66 -26.34 -28.65 56.96 -55.44 -31.82 -0 -0 12.17 79.88 -22.08 -64.6 -7.12 0 -0 30.04 -30.33 -44.91 0 0 0 27.39 1.23 48.53 -148.17 42.41 -107.37 0 0 19.13 -64.65 35.3 -50.66 7.12 -0 -0 -15.93 27.14 -22.01
-7.14 14.8 10.75 -167.47 -31.14 180.75 0 0 0 -25.54 3.41 -36.18 6.45 14.85 46.78 1.73 9.28 -29.67 2.36 9.58 27.63 0 0 0 18.6 -13.91 -24.39 -10.42 -17.64 60.88 -0 0.07 -0.62 -0.74 5.49 -15.3 6.07 1.54 -1.24 5.99 1.71 -9.16 2.95 0.22 -9 -3.13 -4.84 -16.1 -5.71 -5.2 23.83 -2.24 -3.63 10.21 0 -0 0 39.35 -24.62 -26.29 58.39 -55.86 -33 -0 -0 12.37 80.73 -22.24 -66.68 -7.12 0 -0 30.74 -31.94 -46.25 0 -0 0 36.14 -13.56 34.28 -154.32 36.89 -111.3 0 0 15.57 -67 35.59 -53.9 7.12 -0 -0 -17 29.4 -23.81
-7.11 14.79 10.57 -171.93 -34.14 182.15 0 0 0 -28.55 1.44 -32.09 5.93 14.36 44.69 1.46 8.31 -27.2 1.57 7.91 22.43 0 0 0 9.53 -5.78 -30.02 -14.54 -19.27 73.83 0.23 9.86 8.84 -0.04 1.35 -3.71 2.58 1.2 -0.55 5.31 1.33 -8.74 4.17 0.38 -8.98 -3.07 -5.15 -16.26 -5.86 -5.52 22.33 -2.28 -3.72 9.69 0 -0 0 38.34 -21.34 -24.99 59.32 -56.13 -33.77 -0 -0 13.16 81.22 -22.29 -67.85 -7.12 0 -0 31.18 -32.84 -47.05 0 -0 0 49.54 -21.25 9.86 -156.11 35.05 -112.35 0 0 7.67 -65.39 34.86 -51.3 7.12 -0 -0 -16.5 27.3 -22.85
-7.1 14.77 10.43 -176.75 -34.74 182.85 0 0 0 -32.29 1.58 -27.29 5.24 13.65 41.86 1.42 8 -26.67 1.5 7.73 21.89 0 0 0 1.3 3.31 -35.01 -16.96 -19.78 81.09 0.18 8.39 7.24 -0.01 -0.47 1.29 -0.16 1.53 2.04 4.31 1.88 -7.93 4.53 0.92 -9.71 -3.43 -5.41 -15.9 -5.82 -5.78 21.15 -2.18 -3.81 9.22 -0 -0 0 37.2 -19 -24.71 58.93 -56.02 -33.45 -0 -0 12.95 81.34 -22.53 -68.32 -7.12 0 -0 31.22 -33.28 -47.14 -0 -0 0 60.7 -20.41 -12.15 -153.46 37.74 -110.78 0 -0 -5.54 -61.81 30.68 -43.6 7.12 -0 -0 -16.28 19.79 -21.52
-7.09 14.77 10.33 -178.52 -36.06 182.57 0 0 0 -33.58 -0.46 -23.14 4.76 13.11 39.79 1.26 9.51 -26.59 1.52 7.78 22.04 0 0 0 -1.42 10 -41.16 -16.99 -19.78 81.16 -0.01 -3.36 2.7 -0.18 -2.76 7.61 -0.69 1.76 4.14 4.14 2.29 -7.32 4.57 1.2 -10.34 -3.44 -5.41 -15.51 -6.19 -5.73 20.62 -2.27 -3.81 8.96 -0 -0 0 35.69 -18.03 -25.35 57.91 -55.73 -32.61 -0 -0 11.47 81.4 -22.44 -68.38 -7.12 0 -0 31.3 -33.29 -47.27 -0 -0 0 65.25 -13.91 -23.64 -147.72 42.77 -107.07 0 -0 -27.99 -55.9 23.34 -30.34 7.12 -0 -0 -15.53 6.41 -17.79
-7.08 14.81 10.22 -179.26 -39.75 183.14 0 0 0 -33.97 -5.03 -20.09 4.49 12.78 38.56 0.87 11.23 -25.02 1.18 6.9 19.42 0 0 0 -0.76 12.6 -47.45 -14.46 -19.25 73.6 0.27 -9.78 -0.01 -0.22 -3.02 8.35 -0.89 1.47 4.33 4.32 1.91 -7.08 4.92 1.05 -10.17 -3.6 -5.5 -15.08 -6.07 -5.86 20.39 -2.19 -3.87 8.81 0 -0 0 34.46 -17.8 -26.53 56.94 -55.44 -31.81 -0 -0 10.33 81.22 -22.24 -67.79 -7.12 0 -0 31.19 -32.77 -47.06 0 -0 0 64.46 -4.07 -31.17 -137.49 49.49 -99.68 0 -0 -53.65 -48.11 14.57 -15.67 7.12 -0 -0 -13.37 -9.16 -11.39
-7.06 14.87 10.11 -180.84 -44.3 184.34 0 0 0 -34.78 -8.41 -17.25 4.14 12.35 36.97 0.61 10.57 -22.15 0.78 5.65 15.76 0 0 0 1.8 12.65 -51.59 -10.16 -17.5 60.04 0.26 -10.41 1.82 -0.01 -0.72 1.97 -1.64 1.22 4.35 4.16 1.53 -6.98 5.21 0.93 -10.05 -4.07 -5.9 -14.95 -5.59 -6.42 20.77 -2.03 -4.11 8.94 0 0 0 33.82 -18.26 -27.17 56.39 -55.27 -31.36 -0 -0 8.97 80.67 -22.03 -66.35 -7.12 0 -0 30.74 -31.61 -46.23 0 0 0 61.48 6.2 -38.15 -116.83 57.1 -83.01 0 -0 -70.42 -40.92 5.88 -5.07 7.12 -0 -0 -10.36 -22.26 -5.75
-7.05 14.93 10 -182.01 -48.03 185.3 0 0 0 -34.84 -9.57 -15.38 3.85 11.96 35.58 0.62 7.7 -19.65 0.46 4.33 12 0 0 0 7.1 12.05 -53.99 -5.87 -14.3 44.46 -0.1 -9.76 8.49 -0.02 0.91 -2.49 -1.72 1.57 4.39 3.86 2 -6.85 4.86 1.16 -9.97 -4.41 -6.52 -15.09 -5.4 -7.21 21.16 -2.03 -4.49 9.11 -0 -0 0 33.89 -18.93 -27.09 56.34 -55.25 -31.32 -0 -0 7.17 80.2 -21.86 -65.1 -7.12 0 -0 30.37 -30.61 -45.51 -0 -0 0 57.33 15.02 -43.85 -84.68 59.89 -55.39 0 -0 -80.97 -35.88 1.37 -0.99 7.12 -0 -0 -7.2 -28.26 -2.95
-7.01 14.96 9.88 -183.81 -51.17 186.6 0 0 0 -35.13 -10.06 -14.07 3.69 11.73 34.78 0.67 4.63 -17.85 0.29 3.47 9.6 0 0 0 14.17 10.56 -55.66 -3.46 -11.41 33.67 -0.55 -10.73 14.16 -0 -0.28 0.77 -1.88 2.22 4.68 3.28 2.87 -6.62 4.2 1.58 -9.95 -4.64 -7.05 -14.89 -5.15 -7.94 20.87 -1.97 -4.8 8.99 -0 -0 0 34.41 -19.22 -26.76 56.7 -55.37 -31.61 -0 -0 6 79.43 -21.62 -63.15 -7.12 0 -0 29.78 -29.05 -44.35 -0 -0 0 53.57 21.58 -46.32 -57.16 55.51 -31.99 0 -0 -91.17 -32.64 -1.79 1.14 7.12 -0 -0 -4.88 -32.08 -1.55
-6.93 14.96 9.76 -188.07 -54.46 189.43 0 0 0 -36.69 -10.31 -12.33 3.51 11.47 33.89 0.68 0.91 -15.96 0.22 3 8.28 0 0 0 21.44 7.44 -57.55 -3.23 -11.06 32.47 -1.08 -11.19 19 -0.12 -2.21 6.08 -3.21 2.89 5.52 2.27 3.62 -6.18 3.72 2.03 -10.05 -4.64 -7.27 -14.81 -5.11 -8.24 20.81 -1.99 -4.93 8.96 -0 0 0 34.98 -19.54 -26.62 57.48 -55.6 -32.25 -0 -0 5.27 78.74 -21.38 -61.36 -7.12 0 -0 29.28 -27.61 -43.31 -0 0 0 51.58 26.39 -42.39 -40.45 48.33 -18.77 0 -0 -88.56 -29.91 -3.49 2.01 7.12 -0 -0 -2.7 -34 -0.73
-6.84 14.94 9.6 -194.22 -58.35 194.05 0 0 0 -38.55 -9.83 -11.07 3.44 11.38 33.57 0.62 -4.4 -14.07 0.22 3.03 8.37 0 0 0 25.87 4.87 -58.6 -4.46 -12.74 38.42 -2.11 -8.71 26.1 -0.55 -4.74 13.17 -5.02 3.48 6.09 1.24 4.17 -5.65 3.52 2.38 -9.92 -4.39 -7.12 -14.96 -5.51 -7.96 21.34 -2.16 -4.83 9.14 -0 -0 0 35.38 -20.17 -26.71 58.5 -55.9 -33.1 -0 -0 4.39 78.49 -21.24 -60.65 -7.12 0 -0 29.12 -27.03 -42.96 -0 -0 0 51.34 31.19 -33.92 -30.93 41.68 -12.02 0 -0 -79.16 -27.71 -3.97 2.08 7.12 -0 -0 -0.89 -34.47 -0.23
-6.78 14.9 9.43 -199.47 -63.42 199.2 0 0 0 -38.71 -9.92 -11.11 3.63 11.65 34.51 0.42 -9.93 -12.54 0.37 3.9 10.8 0 0 0 29.33 3.05 -58.67 -6.41 -14.81 46.59 -3.47 -8.02 33.86 -1.38 -7.44 21.04 -5.22 3.77 5.55 0.73 4.53 -5.49 3.07 2.54 -9.44 -4.05 -6.68 -15.29 -6.1 -7.28 22.48 -2.39 -4.58 9.57 0 0 0 35.58 -20.92 -26.6 59.53 -56.18 -33.95 -0 -0 3.53 78.3 -21.02 -59.99 -7.12 0 -0 29.02 -26.43 -42.71 0 0 0 53.15 36.43 -24.05 -25.68 36.89 -8.69 0 -0 -76.51 -25.43 -5.8 2.75 7.12 -0 -0 1.08 -36.4 0.23
-6.74 14.9 9.24 -205.01 -69.69 205.96 0 0 0 -37.65 -11.92 -11.66 3.91 12.04 35.88 0.12 -13.88 -11.15 0.59 4.92 13.68 0 0 0 32.74 1.65 -57.76 -8.24 -16.29 53.42 -4.38 -8.01 38.32 -1.52 -7.78 22.05 -4.24 3.94 4.2 0.62 4.88 -5.82 2.44 2.64 -8.93 -3.5 -6.21 -15.56 -6.79 -6.54 23.57 -2.69 -4.31 9.97 0 0 0 35.83 -21.59 -26.14 60.8 -56.52 -35.01 -0 -0 2.45 78.28 -20.87 -59.78 -7.12 0 -0 29.04 -26.21 -42.72 0 0 0 56.98 41.61 -14.78 -22.01 32.98 -6.59 0 -0 -73.74 -22.91 -8.17 3.44 7.12 -0 -0 3.42 -38.82 0.52
-6.71 14.92 9.02 -218.82 -76.28 221.06 0 0 0 -36.92 -14.47 -11.89 4.11 12.3 36.82 -0.25 -16.83 -9.2 0.85 5.88 16.43 0 0 0 34.87 0.73 -55.5 -9.39 -17.05 57.41 -4.76 -7.17 40.14 -1.52 -7.78 22.05 -4.1 4.18 2.94 0.49 5.24 -6.19 2.25 2.8 -8.6 -3.11 -5.86 -15.7 -6.83 -6.09 24.09 -2.73 -4.07 10.18 -0 -0 0 36.62 -21.88 -25.89 62.13 -56.85 -36.12 -0 -0 2.16 78.5 -20.7 -60.08 -7.12 0 -0 29.25 -26.36 -43.11 -0 -0 0 61.97 45.15 -4.66 -19.63 30.19 -5.34 0 -0 -70.93 -21.5 -9.65 3.78 7.12 -0 -0 4.82 -40.3 0.56
-6.69 14.94 8.76 -259.38 -80.95 262.56 0 0 0 -36.41 -15.88 -11.95 4.26 12.5 37.53 -0.85 -20.18 -5.72 1.62 8.02 22.77 0 0 0 36.01 0.21 -52.26 -9.79 -17.29 58.78 -4.64 -6.83 39.61 -1.46 -7.64 21.63 -4.4 4.38 2.21 0.25 5.5 -6.41 2.18 2.94 -8.44 -2.91 -5.64 -15.38 -6.53 -5.87 23.82 -2.6 -3.89 10.02 0 0 0 37.69 -21.95 -26.3 63.37 -57.14 -37.16 -0 -0 2.15 78.88 -20.41 -60.59 -7.12 0 -0 29.62 -26.62 -43.8 0 0 0 67.41 46.83 5.8 -18.72 29.07 -4.9 0 -0 -70.4 -21.91 -11.22 4.47 7.12 -0 -0 4.68 -42 0.35
-6.7 14.97 8.52 -313.31 -77.4 317.33 0 0 0 -35.76 -16.64 -11.88 4.35 12.61 37.92 -1.65 -23.59 -0.28 3.06 10.79 31.57 0 0 0 36.67 -0.23 -49.25 -9.73 -17.26 58.58 -4.39 -6.49 38.5 -1.35 -7.35 20.77 -4.31 4.53 1.8 0.03 5.71 -6.67 1.89 3.04 -8.46 -2.81 -5.52 -15.01 -6.71 -5.67 23.79 -2.64 -3.79 9.94 -0 -0 0 38.42 -22.6 -27.25 64.13 -57.31 -37.8 -0 -0 1.7 79.02 -20.08 -60.53 -7.12 0 -0 29.8 -26.44 -44.1 -0 -0 0 71.84 47 16.28 -18.39 28.66 -4.74 0 -0 -70.35 -22.63 -12.67 5.23 7.12 -0 -0 4.26 -43.63 0.14
-6.74 15.03 8.3 -334.48 -67.81 339.52 0 0 0 -35.25 -17.45 -11.73 4.33 12.59 37.85 -2.3 -26.12 4.74 3.8 11.89 35.35 0 0 0 36.46 -0.35 -47.41 -9.65 -17.21 58.32 -4.24 -6.01 37.89 -1.24 -7.05 19.86 -4.05 4.6 1.12 -0.15 5.83 -6.94 1.59 3.08 -8.32 -2.65 -5.36 -15.25 -7.33 -5.25 24.49 -2.86 -3.66 10.23 -0 -0 0 38.75 -23.73 -28.35 64.41 -57.38 -38.04 -0 -0 1.16 78.69 -19.72 -59.35 -7.12 0 -0 29.61 -25.39 -43.62 -0 -0 0 73.69 45.67 27.84 -19.06 29.49 -5.06 0 -0 -71.48 -22.66 -14.15 5.83 7.12 -0 -0 4.49 -45.21 -0.02
-6.8 15.08 8.09 -342.24 -56.4 348.4 0 0 0 -35.29 -17.42 -11.56 4.33 12.58 37.83 -2.44 -26.52 7.42 3.93 12.07 35.98 0 0 0 35.31 -0.19 -46.74 -9.82 -17.31 58.89 -4.23 -5.52 37.88 -1.09 -6.63 18.62 -4 4.55 0.45 -0.31 5.8 -7.24 1.44 3.07 -8.22 -2.14 -5 -15.63 -8.08 -4.57 25.61 -3.2 -3.4 10.69 -0 -0 0 38.84 -24.71 -28.82 64.72 -57.44 -38.3 -0 -0 0.62 78.25 -19.36 -57.88 -7.12 0 -0 29.34 -24.13 -42.95 -0 -0 0 73.14 43.37 39.71 -21.04 31.87 -6.07 0 -0 -73.84 -22.51 -15.16 6.18 7.12 -0 -0 4.82 -46.27 -0.15
-6.87 15.13 7.91 -346.14 -45.05 352.97 0 0 0 -35.44 -15.32 -11.39 4.36 12.62 37.98 -2.12 -24.79 7.36 3.75 11.82 35.09 0 0 0 34.09 0.03 -45.99 -10.02 -17.42 59.54 -4.44 -4.74 39.01 -1.02 -6.44 18.06 -3.72 4.45 0.33 -0.33 5.7 -7.47 1.27 3.01 -8.37 -1.4 -4.43 -16.14 -8.57 -3.7 26.84 -3.46 -3 11.26 -0 -0 0 38.81 -24.94 -28.29 64.97 -57.5 -38.51 -0 -0 0.38 77.78 -19.13 -56.53 -7.12 0 -0 29.04 -23.01 -42.2 -0 -0 0 72.13 41.21 50.54 -24 35.16 -7.71 0 -0 -76.94 -23.18 -15.77 6.64 7.12 -0 -0 4.31 -47.01 -0.21
-6.96 15.16 7.76 -348.47 -34.42 355.78 0 0 0 -35.55 -11.79 -11.32 4.39 12.66 38.11 -1.65 -22.28 4.92 3.21 11.03 32.39 0 0 0 33.03 0.67 -44.81 -10.12 -17.48 59.9 -4.63 -3.84 40.05 -1.04 -6.49 18.22 -3.42 4.3 0.1 -0.13 5.55 -7.49 1.35 2.93 -8.24 -0.66 -3.76 -16.6 -8.78 -2.78 27.5 -3.58 -2.53 11.62 -0 0 0 38.97 -24.48 -27.34 64.34 -57.36 -37.98 -0 -0 0.69 76.96 -19.37 -55.07 -7.12 0 -0 28.41 -22.01 -40.89 -0 0 0 71.93 40.03 59.79 -27.39 38.55 -9.74 0 -0 -79.82 -23.12 -17.66 7.38 7.12 -0 -0 4.78 -49.01 -0.47
-7.06 15.17 7.64 -349.42 -24.41 357.67 0 0 0 -36.07 -7.7 -11.42 4.32 12.58 37.81 -1.17 -19.35 2.07 2.76 10.3 29.96 0 0 0 31.52 1.59 -43.56 -10.24 -17.54 60.28 -4.6 -3.13 40.06 -0.94 -6.19 17.32 -3.62 4.14 -0.43 -0.04 5.38 -7.49 1.61 2.88 -7.94 -0.03 -3.1 -16.93 -8.83 -1.91 27.78 -3.6 -2.07 11.83 0 0 0 39.39 -23.81 -26.4 63.38 -57.15 -37.17 -0 -0 0.58 76.27 -19.01 -53.12 -7.12 0 -0 28.01 -20.37 -39.86 0 0 0 72.76 39.34 67.28 -30.74 41.52 -11.9 0 -0 -81.65 -21.83 -19.46 7.6 7.12 -0 -0 6.52 -50.7 -0.92
-7.15 15.15 7.54 -349.68 -14.94 359.24 0 0 0 -36.7 -3.65 -11.68 4.17 12.39 37.11 -0.74 -16.51 -1.19 2.29 9.45 27.22 0 0 0 29.8 2.54 -42.15 -10.29 -17.57 60.47 -4.04 -1.64 37.78 -0.84 -5.86 16.37 -3.88 4.12 -1 -0.16 5.37 -7.53 1.67 2.89 -7.67 0.48 -2.58 -17.13 -8.75 -1.25 27.99 -3.58 -1.69 11.99 -0 -0 0 39.68 -23.59 -25.98 62.72 -56.99 -36.61 -0 -0 0.33 75.38 -18.24 -50.18 -7.12 0 -0 27.59 -17.8 -38.5 -0 -0 0 74.34 38.68 73.12 -33.95 44.05 -14.08 0 -0 -82.54 -21.66 -21.36 8.23 7.12 -0 -0 7.28 -52.66 -1.38
-7.23 15.1 7.47 -349.54 -5.82 360.7 0 0 0 -37.51 -0.39 -11.99 4.02 12.19 36.41 -0.34 -13.86 -4.89 1.78 8.39 23.9 0 0 0 27.98 3.54 -40.59 -10.1 -17.46 59.82 -2.86 1.94 32.75 -0.84 -5.86 16.37 -3.99 4.09 -1.28 -0.39 5.35 -7.57 1.51 2.89 -7.54 0.18 -2.15 -17.11 -8 -0.7 28.08 -3.16 -1.35 12.06 0 -0 0 39.79 -23.58 -25.99 62.17 -56.86 -36.16 -0 -0 0.47 75.17 -17.96 -49.36 -7.12 0 -0 27.52 -17.06 -38.19 0 -0 0 75.82 38.37 78.6 -37.33 46.41 -16.48 0 -0 -83.6 -21.61 -23.1 8.83 7.12 -0 -0 7.95 -54.44 -1.85
-7.3 15.03 7.39 -349.22 2.88 362.3 0 0 0 -38.32 1.66 -12.26 3.89 12.01 35.77 -0 -11.75 -8.2 1.41 7.51 21.22 0 0 0 26.24 5.08 -38.97 -9.44 -17.08 57.59 -1.59 7.52 27.53 -0.98 -6.29 17.63 -3.92 4.21 -1.37 -0.66 5.51 -7.64 1.19 2.96 -7.53 0.12 -1.79 -16.78 -7.66 -0.23 27.9 -2.93 -1.07 11.94 -0 -0 0 39.97 -23.81 -26.38 61.49 -56.69 -35.58 -0 -0 0.37 75.15 -18.11 -49.53 -7.12 0 -0 27.47 -17.26 -38.16 -0 -0 0 76.45 38.39 83.35 -41.19 48.76 -19.33 0 -0 -84.6 -21.4 -23.87 9.01 7.12 -0 -0 8.47 -55.2 -2.13
-7.36 14.98 7.32 -349 11.13 364.12 0 0 0 -38.6 2.43 -12.53 3.76 11.83 35.13 0.19 -11.21 -10.44 1.15 6.81 19.14 0 0 0 24.96 6.64 -38.07 -8.67 -16.59 54.96 -0.22 12.18 20 -1.2 -6.95 19.57 -3.55 4.45 -1.39 -0.81 5.87 -7.75 0.79 3.12 -7.61 0.6 -1.48 -16.69 -7.86 0.19 27.77 -3.01 -0.83 11.89 0 0 0 39.99 -24.04 -26.62 60.95 -56.56 -35.13 -0 -0 0.27 75 -17.96 -49.01 -7.12 0 -0 27.41 -16.79 -37.93 0 0 0 76.31 38.62 87.13 -45.76 51.13 -22.83 0 -0 -85.26 -22.89 -24.68 10 7.12 -0 -0 7.24 -56.34 -2.02
-7.42 14.94 7.24 -348.37 18.93 366.12 0 0 0 -38.82 2.73 -13.09 3.67 11.71 34.71 0.27 -11.84 -11.71 1 6.36 17.83 0 0 0 23.91 7.38 -38.47 -8.24 -16.3 53.44 0.33 11.24 9.39 -0.84 -5.85 16.35 -3.4 4.84 -1.26 -0.96 6.4 -7.81 0.51 3.38 -7.74 1.03 -1.28 -16.99 -8.03 0.45 27.75 -3.11 -0.67 11.96 0 0 0 39.86 -23.85 -26.72 61.08 -56.59 -35.24 -0 -0 0.16 74.98 -17.91 -48.9 -7.12 0 -0 27.41 -16.69 -37.9 0 0 0 75.52 39.05 89.95 -50.86 53.33 -26.86 0 -0 -85.76 -24.31 -24.19 10.49 7.12 -0 -0 5.53 -56.14 -1.51
-7.49 14.91 7.15 -347.33 26.26 368.15 0 0 0 -39.28 2.96 -13.75 3.65 11.67 34.59 0.33 -12.23 -12.54 0.95 6.21 17.39 0 0 0 22.53 7.86 -39.23 -7.85 -16.01 52.03 0.17 7.32 2.13 -0.59 -4.93 13.71 -3.3 5.36 -0.8 -1.15 7.1 -7.73 0.16 3.72 -7.9 0.76 -1.2 -17.54 -7.44 0.54 27.91 -2.84 -0.58 12.14 0 0 0 39.95 -23.92 -26.91 60.64 -56.48 -34.88 -0 -0 0.29 75.34 -18.74 -50.84 -7.12 0 -0 27.46 -18.53 -38.46 0 0 0 74.08 39.71 91.84 -56.16 55.2 -31.17 0 -0 -84.9 -25.55 -24.18 11.08 7.12 -0 -0 4.19 -56.39 -1.17
-7.56 14.89 7.06 -346.48 33.51 369.83 0 0 0 -39.13 2.51 -13.65 3.58 11.59 34.29 0.34 -13.34 -13.1 0.96 6.23 17.45 0 0 0 20.52 9.02 -39.33 -7.46 -15.71 50.6 0.06 5.53 -1.39 -0.45 -4.31 11.96 -2.86 5.93 0.06 -1.15 7.86 -7.56 -0.21 4.06 -8.19 0.4 -1.36 -17.57 -6.99 0.3 27.6 -2.63 -0.64 12.01 -0 0 0 40.29 -24.36 -27.12 59.49 -56.17 -33.92 -0 -0 0.38 75.39 -19.21 -51.61 -7.12 0 -0 27.39 -19.33 -38.54 -0 0 0 71.89 40.38 92.86 -62.14 56.85 -36.13 0 -0 -83.63 -28.9 -28.17 14.61 7.12 -0 -0 1.92 -61.43 -0.77
-7.66 14.86 6.99 -345.41 41.44 371.59 0 0 0 -38.35 0.99 -12.85 3.5 11.47 33.87 0.38 -15.3 -14.5 0.67 5.23 14.56 0 0 0 17.46 10.99 -39.21 -7.3 -15.58 50 -0 4.85 -3.52 -0.23 -3.09 8.52 -2.42 6.23 1.03 -1.02 8.28 -7.43 -0.46 4.24 -8.58 0.31 -1.57 -17.32 -6.76 -0.02 27.25 -2.56 -0.74 11.81 -0 -0 0 40.71 -24.7 -27.12 58.86 -56 -33.39 -0 0 -0.1 75.08 -19.11 -50.86 -7.12 0 -0 27.22 -18.71 -38.1 -0 -0 0 69.41 40.94 93.24 -68.56 58.19 -41.55 0 -0 -82.34 -29.73 -28.24 15.12 7.12 -0 -0 0.95 -61.71 -0.39
-7.76 14.83 6.96 -343.73 50.28 374.23 0 0 0 -37.04 -1.54 -12.2 3.52 11.49 33.95 0.51 -17.44 -16.64 0.21 2.92 8.06 0 0 0 13.6 13.06 -39.3 -7.28 -15.56 49.92 -0.06 4.54 -4.92 -0.06 -1.55 4.28 -2.27 6.16 1.44 -0.81 8.23 -7.45 -0.37 4.22 -8.85 0.28 -1.72 -17.17 -6.49 -0.28 27.12 -2.48 -0.8 11.71 -0 -0 0 41.13 -25.22 -27.18 58.75 -55.97 -33.3 -0 0 -0.47 74.81 -19.11 -50.32 -7.12 0 -0 27.04 -18.3 -37.7 -0 -0 0 66.56 41.33 93.01 -75.16 59.15 -47.19 0 -0 -79.47 -29.42 -29.51 15.53 7.12 -0 -0 1.89 -62.99 -0.83
-7.86 14.85 6.96 -341.04 59.84 378.14 0 0 0 -35.13 -4.99 -11.73 3.57 11.57 34.22 0.52 -20.03 -18.04 0 0.14 0.4 0 0 0 9.8 14.09 -39.16 -7.19 -15.49 49.58 -0.1 3.65 -5.88 -0 -0.28 0.76 -2.14 5.94 1.28 -0.47 7.99 -7.48 -0.05 4.11 -8.81 0.04 -1.88 -17.11 -6.13 -0.52 26.93 -2.33 -0.87 11.62 0 0 0 41.22 -25.97 -27.41 59.45 -56.16 -33.88 -0 0 -0.78 74.74 -18.87 -49.86 -7.12 0 -0 27.06 -17.85 -37.6 0 0 0 62.89 41.04 91.75 -82.91 59.81 -53.87 0 -0 -75.68 -28.83 -29.76 15.28 7.12 -0 -0 2.74 -63.09 -1.21
-7.94 14.89 6.99 -335.98 69.34 384.07 0 0 0 -32.98 -8.04 -11.17 3.58 11.57 34.24 0.43 -22.65 -18.95 0.15 -2.52 -6.94 0 0 0 6.69 14.29 -37.59 -6.89 -15.24 48.46 -0.16 2 -7.13 -0 0.37 -1.02 -1.8 5.78 1.22 -0.1 7.84 -7.42 0.18 4.04 -8.71 -0.39 -2.05 -17.14 -5.69 -0.73 26.72 -2.11 -0.94 11.54 -0 -0 0 41.31 -26.85 -27.57 60.24 -56.37 -34.54 -0 0 -1.32 74.6 -18.43 -48.94 -7.12 0 -0 27.07 -16.95 -37.38 -0 -0 0 58.74 40.04 90.01 -91.21 59.99 -61.05 0 -0 -70.55 -28.38 -28.27 14.35 7.12 -0 -0 2.6 -61.39 -1.04
-7.99 14.94 7.05 -324.76 77.67 395.93 0 0 0 -30.86 -10.38 -10.79 3.57 11.57 34.21 0.53 -23.93 -20.32 0.52 -4.61 -12.79 0 0 0 4.5 14.33 -34.47 -6.29 -14.7 46.14 -0.25 0.27 -9.35 -0.02 1.01 -2.78 -1.26 5.77 1.17 0.11 7.9 -7.32 0.11 4.05 -8.53 -0.4 -2.11 -17.21 -5.4 -0.89 26.38 -2.01 -0.96 11.42 -0 -0 0 41.98 -27.25 -27.5 60.43 -56.42 -34.7 -0 0 -1.45 74.69 -18.32 -48.94 -7.12 0 -0 27.15 -16.9 -37.5 -0 -0 0 55.03 39.1 88.59 -99.08 59.69 -67.85 0 -0 -64.63 -28.23 -25.82 13.16 7.12 -0 -0 1.79 -58.74 -0.6
-8 14.98 7.11 -289.21 83.54 432.24 0 0 0 -29.01 -12.42 -10.91 3.62 11.64 34.48 1.68 -17.95 -24.74 1.47 -7.67 -21.72 0 0 0 3.8 12.48 -31.43 -5.6 -14.03 43.37 -0.33 -2.53 -12.15 -0.14 2.42 -6.67 -0.96 5.91 0.79 0.21 8.14 -7.34 0.08 4.17 -8.31 -0.23 -2.18 -17.21 -5.47 -1 26.11 -2.08 -0.98 11.31 -0 -0 0 42.68 -27.32 -27.25 60.49 -56.44 -34.75 -0 0 -1.32 74.86 -18.3 -49.25 -7.12 0 -0 27.25 -17.13 -37.74 -0 -0 0 51.58 38.13 87.55 -106.7 58.92 -74.41 0 -0 -59.5 -28.86 -22.41 11.87 7.12 -0 -0 0.08 -55.19 -0.02
-8 15.05 7.17 -222.85 82.54 499.65 0 0 0 -26.79 -13.08 -11.91 3.63 11.65 34.5 2.22 -5.87 -26.99 2.12 -9.12 -26.17 0 0 0 4.63 8.11 -30.19 -5.11 -13.5 41.28 -0.33 -5.78 -14.5 -0.19 2.83 -7.8 -0.62 6.07 0.21 0.31 8.41 -7.49 0.03 4.31 -8.1 -0.21 -2.32 -17.37 -5.67 -1.13 25.83 -2.16 -1.05 11.23 0 0 0 43.06 -27.42 -27.26 60.65 -56.48 -34.88 -0 0 -1.3 74.86 -18.41 -49.4 -7.12 0 -0 27.23 -17.29 -37.75 0 0 0 48.13 37.21 86.31 -113.18 57.87 -79.93 0 -0 -53.95 -28.97 -18.82 10.13 7.12 -0 -0 -0.78 -51.27 0.12
-8.01 15.12 7.23 -196.62 76.42 526.75 0 0 0 -24.02 -11.8 -14 3.63 11.65 34.52 2.03 -1.04 -26.69 1.79 -8.41 -23.98 0 0 0 5.79 4.73 -28.95 -4.73 -13.08 39.65 -0.27 -9.9 -17.9 -0.13 2.3 -6.34 0.09 6.12 -0.16 0.38 8.55 -7.52 -0.24 4.35 -7.83 -0.39 -2.38 -16.97 -5.44 -1.3 24.65 -2.04 -1.11 10.71 0 -0 0 43.4 -27.51 -27.78 60.46 -56.43 -34.72 -0 0 -1.05 74.94 -18.27 -49.36 -7.12 0 -0 27.31 -17.2 -37.87 0 -0 0 44.73 36.59 84.63 -118.56 56.68 -84.46 0 -0 -48.39 -29.25 -15.27 8.39 7.12 -0 -0 -1.57 -47.34 0.09
-8.01 15.16 7.31 -188.95 69.01 534.63 0 0 0 -22.37 -11.3 -15.34 3.62 11.63 34.45 1.98 -0.75 -26.43 1.65 -8.09 -23 0 0 0 6.37 3.06 -26.84 -4.5 -12.79 38.6 -0.39 -12.14 -21.65 -0.04 1.21 -3.34 0.42 6.01 0.12 0.3 8.41 -7.34 -0.51 4.26 -7.74 -0.58 -2.45 -16.2 -5.03 -1.55 23.25 -1.85 -1.18 10.05 0 0 0 43.7 -27.99 -28.59 59.77 -56.25 -34.15 -0 0 -1.07 74.83 -17.92 -48.61 -7.12 0 -0 27.32 -16.47 -37.68 0 0 0 41.45 36.08 82.86 -123.14 55.41 -88.26 0 -0 -43.7 -30.87 -11.44 6.76 7.12 -0 -0 -3.39 -43.22 -0.15
-7.99 15.19 7.39 -186.07 61.13 537.46 0 0 0 -21.68 -12.8 -15.42 3.54 11.52 34.05 1.96 -0.77 -26.27 1.55 -7.87 -22.31 0 0 0 6.85 3.33 -24.25 -4.39 -12.67 38.14 -0.75 -11.84 -24.58 -0 0.08 -0.22 0.22 5.76 0.66 0.22 8.07 -7.18 -0.51 4.09 -7.89 -0.56 -2.65 -16 -5.02 -1.84 22.86 -1.87 -1.3 9.86 0 0 0 43.89 -28.83 -29.22 59.33 -56.13 -33.79 -0 0 -1.69 74.45 -17.58 -47.36 -7.12 0 -0 27.16 -15.36 -37.1 0 0 0 38.53 35.27 81.09 -126.03 54.48 -90.62 0 -0 -39.14 -31.64 -7.36 4.51 7.12 -0 -0 -4.18 -38.58 -0.66
-7.93 15.23 7.45 -184.33 53.25 539.56 0 0 0 -20.85 -14.75 -15.83 3.45 11.39 33.62 1.96 -1.3 -26.15 1.53 -7.81 -22.15 0 0 0 7.78 5.49 -21.89 -4.4 -12.67 38.16 -1.17 -11.09 -27.18 -0.08 -1.78 4.91 -0.02 5.4 0.54 0.18 7.59 -7.13 -0.37 3.89 -7.79 -0.57 -2.89 -16.18 -4.97 -2.15 22.98 -1.9 -1.43 9.93 0 0 0 44.04 -29.68 -29.6 59.13 -56.07 -33.62 -0 0 -1.51 74.19 -17.47 -46.66 -7.12 0 -0 27.03 -14.78 -36.69 0 0 0 36.25 34.24 79.43 -127.32 54.02 -91.67 0 -0 -35.58 -31.73 -2.89 1.79 7.12 -0 -0 -4.19 -33.36 -1.2
-7.86 15.25 7.51 -183.49 45.58 541.21 0 0 0 -20.03 -15.88 -17.11 3.39 11.31 33.33 1.98 -1.91 -26.13 1.64 -8.08 -22.95 0 0 0 8.74 8.67 -19.95 -4.45 -12.74 38.4 -1.55 -9.43 -28.61 -0.14 -2.4 6.6 -0.39 4.91 -0.27 0.16 6.94 -7.03 -0.05 3.6 -7.25 -0.65 -3 -16.39 -4.86 -2.3 22.77 -1.86 -1.49 9.89 0 0 0 43.9 -30.2 -29.71 59.05 -56.05 -33.56 -0 0 -0.87 74.08 -17.38 -46.33 -7.12 0 -0 26.98 -14.49 -36.54 0 0 0 34.24 33.4 78.04 -128.28 53.67 -92.45 0 -0 -32.89 -32.43 1.63 -1.04 7.12 -0 -0 -4.53 -28.04 -1.87
-7.78 15.25 7.54 -182.77 38.04 542.48 0 0 0 -19.12 -15.89 -18.76 3.38 11.29 33.26 2.03 -2.63 -26.28 1.84 -8.52 -24.31 0 0 0 10.12 11.45 -17.83 -4.45 -12.74 38.39 -1.98 -6.35 -29.45 -0.12 -2.25 6.2 -0.58 4.33 -0.88 0.28 6.18 -6.84 0.29 3.26 -6.72 -0.9 -2.99 -16.46 -4.63 -2.3 22.21 -1.73 -1.49 9.72 0 0 0 43.66 -30.34 -29.68 59.13 -56.07 -33.62 -0 0 -0.69 73.77 -16.86 -44.9 -7.12 0 -0 26.92 -13.17 -36.01 0 0 0 32.07 32.47 77.07 -129.47 53.21 -93.4 0 -0 -29.74 -34.11 5.77 -3.9 7.12 -0 -0 -5.44 -23.02 -2.89
-7.69 15.26 7.58 -181.62 30.58 543.47 0 0 0 -17.77 -15.62 -20.07 3.4 11.31 33.33 2.05 -3.03 -26.3 1.86 -8.57 -24.46 0 0 0 12.45 12.82 -15.46 -4.36 -12.63 37.99 -2.29 -4.56 -30.5 -0.15 -2.5 6.88 -0.1 3.83 -0.77 0.43 5.55 -6.8 0.21 2.93 -6.7 -1.22 -3.14 -16.37 -4.21 -2.55 21.85 -1.56 -1.57 9.58 -0 -0 0 44.17 -30.9 -29.92 58.65 -55.94 -33.22 -0 0 -0.66 73.59 -16.53 -44.01 -7.12 0 -0 26.89 -12.34 -35.68 -0 -0 0 30.37 30.81 76.49 -129.93 53.02 -93.77 0 -0 -25.89 -36.17 11.04 -7.97 7.12 -0 -0 -6.28 -16.45 -4.27
-7.58 15.26 7.59 -180.66 23.16 544.01 0 0 0 -16.57 -15.33 -21.16 3.38 11.28 33.23 2.06 -3.73 -26.24 2.09 -9.05 -25.97 0 0 0 14.89 12.78 -13.43 -4.22 -12.45 37.34 -2.42 -4.26 -31.14 -0.05 -1.41 3.88 0.29 3.31 -0.52 0.61 4.9 -6.82 0.19 2.6 -6.83 -1.34 -3.34 -16.4 -4.05 -2.8 21.92 -1.51 -1.67 9.61 -0 -0 0 44.99 -31.62 -30.3 57.91 -55.73 -32.61 -0 0 -0.95 73.72 -16.26 -43.8 -7.12 0 -0 27.02 -12.05 -35.81 -0 -0 0 28.91 28.77 76.01 -129.87 53.05 -93.72 0 -0 -21.54 -37.33 15.92 -11.82 7.12 -0 -0 -6.31 -10.34 -5.1
-7.45 15.26 7.59 -180.37 16.27 544.25 0 0 0 -16.02 -15.63 -21.92 3.31 11.17 32.87 2.07 -4.83 -26.13 2.38 -9.61 -27.73 0 0 0 16.64 12.09 -12.06 -4.1 -12.29 36.78 -2.49 -4.03 -31.48 -0 -0.3 0.81 0.08 2.83 -0.63 0.73 4.27 -6.76 0.47 2.32 -6.73 -1.47 -3.41 -16.56 -4.01 -2.83 22.11 -1.49 -1.68 9.71 -0 -0 0 45.75 -32.38 -30.9 56.87 -55.42 -31.75 -0 0 -0.94 73.66 -16.42 -43.94 -7.12 0 -0 26.95 -12.23 -35.75 -0 -0 0 27.49 26.92 75.69 -129.71 53.11 -93.6 0 -0 -18.61 -38.48 19.48 -14.85 7.12 -0 -0 -6.41 -5.8 -5.77
-7.33 15.27 7.59 -180.11 10.54 544.64 0 0 0 -15.4 -15.92 -22.88 3.26 11.11 32.65 2.03 -5.68 -25.74 2.35 -9.55 -27.54 0 0 0 18.18 11.39 -11.34 -4 -12.16 36.28 -2.48 -4.28 -31.5 -0.02 -0.89 2.44 -0.24 2.58 -0.82 0.94 3.98 -6.75 0.89 2.21 -6.64 -1.89 -3.39 -16.92 -3.84 -2.65 22.37 -1.34 -1.6 9.89 0 -0 0 46.33 -32.93 -31.62 56.1 -55.18 -31.12 -0 0 -1.16 73.4 -16.67 -43.91 -7.12 0 -0 26.75 -12.32 -35.45 0 -0 0 26.15 25.16 75.45 -129.61 53.15 -93.51 0 -0 -16.54 -40 22.58 -17.86 7.12 -0 -0 -6.71 -1.66 -6.56
-7.2 15.26 7.59 -179.68 5.89 545 0 0 0 -14.54 -15.95 -23.93 3.24 11.08 32.54 1.94 -6.45 -25.08 2.45 -9.75 -28.16 0 0 0 19.72 10.49 -11.02 -3.9 -12.02 35.81 -2.31 -5.38 -31 -0.12 -2.21 6.08 0.23 2.53 -0.99 0.81 3.9 -6.57 0.51 2.15 -6.3 -2.22 -2.48 -17.27 -3.28 -2.64 22.27 -1.18 -2.04 9.92 0 0 0 47.49 -32.85 -32.63 55.24 -54.9 -30.42 -0 0 -1.64 73.06 -16.58 -43.13 -7.12 0 -0 26.58 -11.69 -34.96 0 0 0 25.66 23.96 74.88 -129.01 53.39 -93.03 0 -0 -13.21 -42.11 25.71 -21.41 7.12 -0 -0 -7.23 2.77 -7.63
-7.05 15.26 7.61 -179.42 2.03 545.07 0 0 0 -13.88 -15.93 -24.6 3.17 10.97 32.17 1.85 -8.76 -24.4 2.69 -10.17 -29.54 0 0 0 20.98 9.2 -10.9 -3.82 -11.92 35.46 -2.06 -6.7 -30.17 -0.29 -3.47 9.58 0.53 2.51 -0.86 0.65 3.84 -6.27 0.19 2.08 -6.03 -1.54 -2.19 -17.34 -3.78 -2.24 21.6 -1.4 -1.82 9.69 -0 -0 0 48.31 -32.4 -33.48 54.66 -54.71 -29.94 -0 0 -1.64 72.74 -16.37 -42.21 -7.12 0 -0 26.44 -10.89 -34.46 -0 -0 0 25.5 23.37 74.22 -128.22 53.69 -92.4 0 -0 -10.01 -44.18 28.28 -24.72 7.12 -0 -0 -7.74 6.6 -8.65
-6.9 15.26 7.62 -179.52 -1.03 544.99 0 0 0 -13.63 -16.24 -24.66 3.05 10.78 31.53 1.79 -9.29 -23.97 2.75 -10.28 -29.9 0 0 0 21.66 7.56 -11.09 -3.78 -11.86 35.24 -1.75 -7.87 -28.91 -0.45 -4.31 11.95 0.34 3.05 -0.54 0.52 3.77 -5.94 0.2 1.72 -5.87 -1.15 -1.97 -17.19 -4.41 -1.85 20.7 -1.6 -1.64 9.34 -0 -0 0 48.41 -31.96 -34.23 54.46 -54.64 -29.77 -0 0 -1.61 72.39 -15.97 -40.91 -7.12 0 -0 26.35 -9.72 -33.89 -0 -0 0 25.5 23.08 73.73 -127.55 53.94 -91.86 0 -0 -8.59 -45.05 29.77 -26.44 7.12 -0 -0 -7.8 8.7 -8.97
-6.75 15.27 7.64 -179.46 -3.15 544.99 0 0 0 -13.09 -16.26 -24.75 2.96 10.62 31.02 1.72 -7.69 -23.52 2.74 -10.26 -29.82 0 0 0 22.41 6.16 -11.31 -3.7 -11.75 34.86 -1.62 -8.25 -28.25 -0.47 -4.41 12.25 0.37 3.21 -0.38 0.49 4.04 -5.62 0.13 1.87 -5.61 -0.79 -1.75 -17.01 -5.08 -1.48 20.02 -1.82 -1.48 9.07 0 0 0 48.22 -31.66 -34.87 54.42 -54.63 -29.75 -0 0 -1.82 72.28 -16.05 -40.88 -7.12 0 -0 26.27 -9.73 -33.77 0 0 0 25.79 23.04 73.27 -126.91 54.17 -91.34 0 -0 -7.38 -46.33 31.08 -28.4 7.12 -0 -0 -8.11 10.77 -9.57
-6.59 15.28 7.65 -179.06 -4.6 545.13 0 0 0 -12.04 -15.86 -25.24 2.9 10.53 30.73 1.66 -7.23 -23.06 2.72 -10.22 -29.69 0 0 0 23.51 5.2 -11.52 -3.59 -11.6 34.33 -1.61 -8.06 -28.03 -0.47 -4.39 12.17 0.6 3.41 -0.45 0.59 4.32 -5.43 0.1 2.02 -5.36 -0.83 -1.49 -17.08 -5.19 -1.06 19.98 -1.8 -1.3 9.08 -0 0 0 47.83 -31.48 -35.26 54.32 -54.59 -29.66 -0 0 -1.7 72.21 -16.21 -41.02 -7.12 0 -0 26.19 -9.91 -33.71 -0 0 0 26.38 23.24 72.95 -126.32 54.38 -90.86 0 -0 -5.42 -47.71 32.23 -30.39 7.12 -0 -0 -8.49 12.75 -10.25
-6.43 15.29 7.65 -178.66 -5.68 545.3 0 0 0 -10.9 -15.86 -25.62 2.85 10.45 30.44 1.62 -7.27 -22.83 2.82 -10.39 -30.26 0 0 0 24.62 4.55 -11.74 -3.5 -11.46 33.86 -1.6 -7.87 -27.83 -0.49 -4.48 12.44 0.74 3.49 -0.56 0.75 4.45 -5.32 0.2 2.08 -5.19 -0.43 -0.99 -17.25 -5.52 -0.39 20.16 -1.9 -1.01 9.19 -0 -0 0 47.17 -31.22 -35.34 54.42 -54.63 -29.74 -0 0 -1.35 72.07 -16.43 -41.15 -7.12 0 -0 26.07 -10.11 -33.58 -0 -0 0 27.21 23.65 72.92 -125.93 54.51 -90.54 0 -0 -3.72 -48.52 33.07 -31.68 7.12 -0 -0 -8.64 14.09 -10.59
-6.27 15.29 7.65 -178.29 -6.45 545.36 0 0 0 -9.77 -16.11 -25.79 2.8 10.36 30.16 1.54 -8.47 -22.19 2.97 -10.64 -31.07 0 0 0 25.69 4.18 -11.83 -3.43 -11.36 33.51 -1.58 -7.66 -27.61 -0.53 -4.67 12.98 0.78 3.55 -0.57 0.96 4.55 -5.16 0.39 2.14 -5.03 0.48 -0.37 -17.31 -6.23 0.39 20.11 -2.2 -0.65 9.21 -0 -0 0 46.47 -30.84 -35.45 54.71 -54.73 -29.98 -0 0 -1.32 72.18 -16.73 -41.84 -7.12 0 -0 26.05 -10.78 -33.8 -0 -0 0 28.15 23.86 72.99 -125.82 54.55 -90.45 0 -0 -2.58 -49.67 33.74 -33.19 7.12 -0 -0 -9.01 15.43 -11.2
-6.11 15.28 7.65 -177.98 -6.8 545.38 0 0 0 -8.69 -16.38 -25.96 2.78 10.32 30.03 1.37 -10.43 -21.1 3.11 -10.87 -31.84 0 0 0 26.64 3.85 -11.93 -3.38 -11.29 33.26 -1.59 -7.14 -27.31 -0.58 -4.88 13.58 0.76 3.67 -0.51 1.18 4.73 -4.96 0.62 2.24 -4.87 1.21 0.16 -17.26 -6.78 1.05 19.77 -2.42 -0.34 9.11 -0 -0 0 45.79 -30.29 -35.67 54.74 -54.74 -30.01 -0 0 -1.39 72.32 -16.78 -42.16 -7.12 0 -0 26.12 -11.04 -33.99 -0 -0 0 29.25 23.65 73.07 -126.14 54.44 -90.71 0 -0 -2.18 -50.2 34.1 -33.94 7.12 -0 -0 -9.16 16.12 -11.47
-5.97 15.28 7.65 -177.84 -6.69 545.44 0 0 0 -7.86 -16.78 -26.17 2.85 10.45 30.45 1.27 -10.59 -20.36 2.85 -10.45 -30.43 0 0 0 27.28 3.31 -12.15 -3.33 -11.22 33.01 -1.61 -6.05 -26.81 -0.64 -5.12 14.26 0.71 3.85 -0.42 1.29 4.99 -4.75 0.76 2.39 -4.73 2.11 0.62 -16.93 -7.4 1.56 19.05 -2.71 -0.07 8.84 0 0 0 45.14 -29.93 -36.05 54.54 -54.67 -29.84 -0 0 -1.38 72.36 -16.97 -42.56 -7.12 0 -0 26.09 -11.44 -34.09 0 0 0 30.77 22.84 73.18 -126.52 54.31 -91.02 0 -0 -1.92 -50.48 34.4 -34.4 7.12 -0 -0 -9.2 16.59 -11.57
-5.84 15.28 7.65 -177.79 -6.27 545.47 0 0 0 -7.36 -17.29 -26.39 3.09 10.84 31.75 1.22 -9 -19.79 1.72 -8.26 -23.5 0 0 0 27.64 2.48 -12.44 -3.3 -11.16 32.82 -1.62 -4.5 -26 -0.65 -5.15 14.33 0.69 4.05 -0.24 1.37 5.27 -4.52 0.84 2.54 -4.6 2.78 1.03 -16.67 -7.71 2.01 18.33 -2.85 0.19 8.58 0 0 0 44.2 -29.51 -36.35 54.37 -54.61 -29.7 -0 0 -1.28 72.19 -17.13 -42.52 -7.12 0 -0 25.97 -11.48 -33.9 0 0 0 32.86 21.46 73.29 -126.65 54.26 -91.12 0 -0 -1.57 -50.96 34.51 -34.94 7.12 -0 -0 -9.4 16.99 -11.87
-5.73 15.28 7.64 -177.73 -5.66 545.47 0 0 0 -7.29 -17.23 -26.89 3.49 11.45 33.81 1.17 -6.89 -19.36 0.74 -5.49 -15.32 0 0 0 27.94 1.7 -12.83 -3.32 -11.19 32.93 -1.6 -2.89 -25.1 -0.61 -4.98 13.86 0.74 4.19 -0.03 1.56 5.48 -4.26 0.98 2.65 -4.46 3.13 1.39 -16.41 -7.82 2.44 17.52 -2.88 0.44 8.29 -0 -0 0 42.73 -28.95 -36.42 53.61 -54.35 -29.08 -0 0 -0.84 71.87 -16.92 -41.63 -7.12 0 -0 25.84 -10.71 -33.43 -0 -0 0 35.43 19.73 73.47 -126.31 54.38 -90.86 0 -0 -1.88 -50.86 34.27 -34.68 7.12 -0 -0 -9.43 16.67 -11.88
-5.63 15.29 7.62 -177.78 -5 545.46 0 0 0 -7.94 -16.46 -27.63 3.99 12.14 36.24 1.05 -5.74 -18.29 0.52 -4.64 -12.89 0 0 0 28.06 1.11 -13.22 -3.39 -11.31 33.33 -1.58 -1.44 -24.31 -0.59 -4.93 13.72 0.69 4.24 0.14 1.73 5.57 -3.95 1.18 2.71 -4.25 3.49 1.75 -16.36 -7.86 2.85 16.84 -2.89 0.68 8.08 0 0 0 40.54 -28.18 -36.1 52.98 -54.13 -28.57 -0 0 -0.5 70.66 -16.16 -38.41 -7.12 0 -0 25.38 -7.91 -31.69 0 0 0 38.69 17.66 73.59 -125.09 54.79 -89.86 0 -0 -2.71 -50.24 33.7 -33.7 7.12 -0 -0 -9.32 15.7 -11.62
-5.54 15.29 7.57 -178.01 -4.44 545.38 0 0 0 -9.3 -15.51 -28.32 4.54 12.84 38.78 0.89 -6.22 -16.8 0.62 -5.05 -14.06 0 0 0 27.99 0.35 -13.51 -3.49 -11.44 33.79 -1.55 -0.27 -23.64 -0.53 -4.68 13 0.51 4.19 0.22 1.84 5.52 -3.56 1.41 2.7 -3.92 3.84 2.08 -16.39 -7.74 3.19 16.16 -2.85 0.9 7.89 -0 -0 0 37.71 -27.29 -35.42 52.57 -53.98 -28.24 -0 0 -0.72 68.33 -14.82 -32.77 -7.12 0 -0 24.53 -2.99 -28.47 -0 -0 0 42.38 15.03 73.44 -123.59 55.27 -88.63 0 -0 -3.33 -49.69 32.97 -32.68 7.12 -0 -0 -9.28 14.59 -11.44
-5.47 15.29 7.51 -178.08 -4.03 545.27 0 0 0 -10.79 -14.77 -29 5.08 13.48 41.18 0.76 -7.06 -15.6 0.78 -5.64 -15.74 0 0 0 28.08 -0.56 -13.69 -3.55 -11.54 34.11 -1.5 0.53 -22.98 -0.42 -4.16 11.52 0.59 4.1 0.16 2 5.41 -3.15 1.56 2.65 -3.46 4.14 2.36 -16.1 -7.56 3.45 15.11 -2.8 1.1 7.51 -0 -0 0 34.25 -26.54 -34.48 52.15 -53.83 -27.9 -0 0 -1.32 65.23 -13.2 -26.33 -7.12 0 -0 23.43 2.67 -24.5 -0 -0 0 46.12 11.71 72.99 -122.29 55.67 -87.56 0 -0 -3.3 -49.18 32.26 -31.72 7.12 -0 -0 -9.25 13.52 -11.28
-5.41 15.3 7.44 -177.92 -3.62 545.32 0 0 0 -12.15 -14.21 -29.88 5.49 13.92 42.9 0.7 -7.75 -15.07 0.82 -5.76 -16.1 0 0 0 28.43 -1.17 -13.81 -3.58 -11.58 34.26 -1.44 0.98 -22.37 -0.37 -3.91 10.81 0.87 4.01 -0.03 2.23 5.29 -2.84 1.66 2.59 -3.03 4.5 2.65 -15.69 -7.44 3.72 14.1 -2.77 1.3 7.13 0 -0 0 30.12 -25.66 -32.93 51.88 -53.73 -27.68 -0 0 -2.09 62.04 -11.23 -20.14 -7.12 0 -0 22.38 8.32 -20.58 0 -0 0 49.63 7.81 72.32 -121.35 55.94 -86.78 0 -0 -3.07 -48.16 31.65 -30.37 7.12 -0 -0 -8.91 12.3 -10.72
-5.35 15.31 7.34 -177.93 -3.05 545.56 0 0 0 -13.68 -13.7 -30.79 5.56 13.99 43.2 0.68 -7.7 -14.87 0.81 -5.73 -16 0 0 0 28.6 -1.52 -13.84 -3.57 -11.56 34.2 -1.38 1.27 -21.81 -0.34 -3.75 10.37 0.97 3.98 -0.3 2.36 5.24 -2.65 1.77 2.56 -2.69 4.73 2.86 -15.45 -7.1 3.9 13.42 -2.67 1.46 6.88 0 0 0 25.63 -24.45 -30.66 51.72 -53.67 -27.55 -0 0 -2.62 59.1 -8.79 -14.32 -7.12 0 -0 21.53 13.96 -16.96 0 0 0 52.92 3.55 71.48 -120.88 56.07 -86.39 0 -0 -2.89 -46.35 30.96 -28.34 7.12 -0 -0 -8.16 10.65 -9.61
-5.3 15.33 7.24 -178.03 -2.26 545.79 0 0 0 -15.21 -13.16 -31.52 5.24 13.65 41.87 0.64 -6.99 -14.36 0.7 -5.33 -14.86 0 0 0 28.66 -1.88 -13.53 -3.47 -11.42 33.7 -1.32 1.47 -21.26 -0.28 -3.39 9.36 1.04 3.98 -0.47 2.39 5.23 -2.47 1.79 2.56 -2.4 4.63 2.96 -15.37 -6.37 3.95 12.93 -2.41 1.55 6.69 -0 0 0 20.8 -22.9 -28.09 51.76 -53.68 -27.58 -0 0 -2.49 56.1 -6.52 -9.59 -7.12 0 -0 20.45 18.74 -13.7 -0 0 0 56.01 -0.6 70.48 -120.36 56.21 -85.96 0 -0 -2.68 -44.42 30.58 -26.5 7.12 -0 -0 -7.24 9.35 -8.38
-5.26 15.35 7.12 -177.94 -1.3 545.92 0 0 0 -16.26 -12.85 -32.11 4.67 13.01 39.4 0.53 -5.97 -13.04 0.39 -3.99 -11.05 0 0 0 28.86 -2.18 -12.77 -3.28 -11.13 32.72 -1.24 1.61 -20.6 -0.21 -2.97 8.18 1.37 3.98 -0.37 2.4 5.24 -2.34 1.61 2.56 -2.3 4.19 3.03 -15.38 -5.21 3.96 12.68 -1.96 1.65 6.57 0 -0 0 15.93 -21.24 -25.78 51.33 -53.52 -27.24 -0 0 -1.89 52.32 -5.83 -7.49 -7.12 0 -0 18.23 20.67 -11.19 0 -0 0 59 -4.59 69.28 -119.58 56.42 -85.31 0 -0 -2.26 -43.14 30.36 -25.34 7.12 -0 -0 -6.61 8.54 -7.57
-5.22 15.39 7 -177.78 -0.16 546.08 0 0 0 -16.78 -12.79 -32.76 4.03 12.2 36.45 0.45 -4.69 -11.93 0.2 -2.88 -7.95 0 0 0 29.11 -2.19 -11.74 -3.05 -10.78 31.53 -1.16 1.81 -19.88 -0.2 -2.91 8.03 1.74 4.04 -0.16 2.34 5.33 -2.28 1.33 2.59 -2.32 3.78 3.08 -15.43 -3.95 3.92 12.62 -1.49 1.73 6.53 -0 0 0 10.87 -19.41 -23.91 50.62 -53.24 -26.67 -0 0 -1.49 47.79 -6.5 -7.11 -7.12 0 -0 15.02 20.5 -9.12 -0 0 0 61.89 -8.15 67.78 -118.82 56.62 -84.67 0 -0 -2.12 -41.98 29.75 -24.06 7.12 -0 -0 -6.14 7.39 -6.92
-5.18 15.41 6.86 -177.68 1.25 546.35 0 0 0 -16.9 -12.73 -33.6 3.45 11.4 33.63 0.43 -3.57 -11.63 0.16 -2.55 -7.02 0 0 0 29.29 -1.86 -10.69 -2.85 -10.45 30.45 -1.11 1.93 -19.34 -0.21 -2.94 8.1 1.86 3.94 -0.11 2.24 5.47 -2.25 1.16 2.78 -2.3 3.61 3.16 -15.52 -2.85 3.9 12.62 -1.11 1.81 6.51 -0 -0 0 5.41 -17.08 -22.27 49.74 -52.89 -25.96 -0 0 -1.36 44.05 -6.94 -6.66 -7.12 0 -0 12.36 20.47 -7.43 -0 -0 0 64.47 -10.62 66.31 -117.94 56.83 -83.94 0 -0 -2.16 -40.71 29.31 -22.84 7.12 -0 -0 -5.55 6.39 -6.17
-5.15 15.43 6.71 -177.6 2.93 546.69 0 0 0 -16.51 -12.94 -34.43 3.01 10.71 31.29 0.42 -2.95 -11.55 0.13 -2.35 -6.48 0 0 0 29.35 -1.48 -9.71 -2.68 -10.16 29.49 -1.06 2.24 -18.88 -0.2 -2.84 7.84 1.94 3.99 -0.14 2.06 5.53 -2.27 0.92 2.8 -2.27 3.49 3.33 -15.63 -1.63 3.97 12.72 -0.69 1.94 6.54 -0 0 0 -0.22 -14.38 -20.88 48 -52.16 -24.59 -0 0 -1.32 42.47 -6.03 -5.49 -7.12 0 -0 11.43 21.89 -6.47 -0 0 0 66.7 -11.96 65.02 -117.28 56.99 -83.38 0 -0 -1.33 -39.43 29.18 -21.85 7.12 -0 -0 -4.88 5.77 -5.36
-5.12 15.43 6.55 -177.38 4.8 546.96 0 0 0 -15.55 -13.39 -34.92 2.7 10.2 29.63 0.43 -2.73 -11.74 0.13 -2.35 -6.47 0 0 0 29.44 -1.34 -8.67 -2.53 -9.89 28.61 -1.03 2.94 -18.41 -0.17 -2.67 7.36 2.26 4.03 -0.11 1.77 5.56 -2.26 0.46 2.8 -2.22 3.42 3.54 -15.69 -0.29 4.03 12.73 -0.24 2.08 6.52 -0 0 0 -5.96 -11.64 -20.34 45.59 -51.06 -22.7 -0 0 -1.74 41.19 -3.42 -2.99 -7.12 0 -0 10.94 25.42 -5.27 -0 0 0 68.65 -12.26 64.07 -116.98 57.06 -83.14 0 -0 -0.62 -38.29 28.89 -20.88 7.12 -0 -0 -4.31 5.04 -4.68
-5.09 15.42 6.38 -176.94 6.71 547.07 0 0 0 -14.22 -13.79 -34.94 2.55 9.93 28.74 0.47 -2.71 -12.25 0.13 -2.37 -6.52 0 0 0 29.65 -1.32 -7.38 -2.38 -9.62 27.74 -1 3.92 -18 -0.17 -2.67 7.36 2.73 4.04 -0 1.57 5.56 -2.18 -0 2.79 -2.14 3.5 3.72 -15.66 0.73 4.08 12.59 0.08 2.19 6.46 -0 -0 0 -12.05 -8.87 -20.62 42.68 -49.58 -20.46 -0 0 -3.22 39.84 -1.14 -0.95 -7.12 0 -0 10.26 28.43 -4.2 -0 -0 0 70.15 -11.72 63.55 -116.86 57.09 -83.03 0 -0 -0.75 -37.8 28.54 -20.34 7.12 -0 -0 -4.11 4.48 -4.43
-5.06 15.4 6.18 -176.32 8.58 547.14 0 0 0 -12.91 -13.78 -34.58 2.52 9.88 28.59 0.5 -2.74 -12.73 0.14 -2.42 -6.68 0 0 0 30 -1.17 -5.88 -2.25 -9.37 26.97 -0.97 4.75 -17.67 -0.16 -2.56 7.07 3.32 4.07 0.05 1.41 5.6 -2.1 -0.49 2.79 -2.01 3.38 3.72 -15.67 1.87 3.9 12.46 0.44 2.18 6.39 0 0 0 -18.37 -6.29 -21.06 39.13 -47.55 -17.8 -0 0 -5.52 39.63 2.14 1.77 -7.12 0 -0 10.53 32.63 -3.24 0 0 0 71.35 -10.88 63.09 -117.32 56.98 -83.42 0 -0 -1.09 -37.46 28.23 -19.92 7.12 -0 -0 -3.99 4.01 -4.27
-5.05 15.38 5.95 -175.76 10.31 547.27 0 0 0 -12.07 -13.3 -33.87 2.57 9.97 28.88 0.54 -2.65 -13.24 0.14 -2.41 -6.64 0 0 0 30.25 -0.87 -4.47 -2.18 -9.23 26.53 -0.95 5.32 -17.44 -0.13 -2.35 6.48 3.87 4.14 -0.09 1.19 5.68 -2.06 -1.01 2.82 -1.82 3.01 3.56 -15.79 3.34 3.49 12.44 0.93 2.08 6.37 0 0 0 -24.8 -3.91 -21.09 35.22 -44.97 -14.97 -0 0 -9.07 40.23 6.71 5.65 -7.12 0 -0 11.61 38.5 -1.89 0 0 0 72.68 -9.92 62.62 -118.12 56.79 -84.09 0 -0 -1.82 -36.85 27.54 -19.12 7.12 -0 -0 -3.8 3.05 -4
-5.04 15.36 5.71 -175.4 11.75 547.46 0 0 0 -11.78 -12.73 -33.03 2.66 10.11 29.35 0.54 -1.79 -13.39 0.16 -2.59 -7.14 0 0 0 30.28 -0.56 -3.07 -2.12 -9.1 26.12 -0.92 5.62 -17.12 -0.1 -2 5.52 4.2 4.15 -0.37 0.93 5.66 -2.09 -1.43 2.8 -1.64 2.65 3.52 -16.14 4.83 3.19 12.66 1.44 2.03 6.47 0 -0 0 -31.34 -1.28 -19.9 31.31 -41.99 -12.28 -0 0 -14.28 41.97 11.6 10.26 -7.12 0 -0 13.85 44.96 -0.01 0 -0 0 73.81 -8.84 62.3 -119.44 56.46 -85.19 0 -0 -3.49 -35.56 26.34 -17.6 7.12 -0 -0 -3.31 1.3 -3.39
-5.03 15.36 5.43 -175.3 12.7 547.63 0 0 0 -11.93 -12.36 -32.47 2.73 10.24 29.77 0.47 -0.92 -12.73 0.18 -2.74 -7.54 0 0 0 30.08 -0.19 -1.55 -2.02 -8.9 25.49 -0.86 5.45 -16.51 -0.06 -1.51 4.16 4.2 4.08 -0.67 0.61 5.54 -2.2 -1.74 2.74 -1.55 2.42 3.13 -16.65 6.26 2.91 13.01 1.95 2.18 6.65 -0 -0 0 -37.92 1.21 -17.56 27.6 -38.75 -9.87 -0 0 -20.04 42.54 16.55 14.65 -7.12 0 -0 15.14 51.32 2.4 -0 -0 0 74.61 -7.78 61.98 -121.63 55.86 -87.02 0 -0 -6.06 -34.23 24.63 -15.83 7.12 -0 -0 -2.86 -1.01 -2.82
-5.02 15.38 5.15 -175.59 12.99 547.77 0 0 0 -12.69 -11.93 -32.03 2.81 10.38 30.21 0.43 -1.14 -12 0.22 -2.99 -8.26 0 0 0 29.52 0.03 -0.43 -1.99 -8.85 25.32 -0.77 5.17 -15.68 -0.02 -0.81 2.21 3.84 3.89 -1.07 0.15 5.26 -2.34 -1.99 2.6 -1.48 2 2.82 -17.06 7.88 2.39 13.19 2.51 2.09 6.77 0 -0 0 -45.02 3.08 -15.85 24.15 -35.32 -7.79 -0 0 -23.44 39.84 20.68 16.42 -7.12 0 -0 12.47 55.73 3.32 0 -0 0 75.22 -6.68 61.76 -124.55 54.97 -89.42 0 -0 -9.12 -33.2 22.41 -14.01 7.12 -0 -0 -2.63 -3.77 -2.46
-5.02 15.4 4.85 -175.81 12.67 547.94 0 0 0 -13.56 -11.22 -31.73 2.91 10.55 30.79 0.4 -2.29 -11.37 0.23 -3.06 -8.46 0 0 0 29.01 -0.1 0.27 -2.02 -8.91 25.53 -0.66 5.18 -14.51 -0 -0.06 0.16 3.54 3.65 -1.57 -0.32 4.93 -2.5 -2.28 2.44 -1.36 1.66 2.34 -17.26 9.36 1.66 13.14 2.98 1.91 6.81 0 0 0 -52.91 4.16 -15.06 21.37 -32.26 -6.25 -0 0 -24.57 37 24.29 17.22 -7.12 0 -0 8.96 59.22 3.13 0 0 0 75.65 -5.4 61.39 -128.01 53.77 -92.23 0 -0 -12.45 -32.01 20.17 -12.16 7.12 -0 -0 -2.25 -6.57 -1.98
-5.02 15.42 4.54 -175.66 12.06 547.98 0 0 0 -14.18 -10.05 -31.4 3.04 10.76 31.46 0.38 -3.88 -11.03 0.19 -2.8 -7.72 0 0 0 28.8 -0.71 0.96 -2.06 -8.99 25.77 -0.52 5.49 -12.84 -0.01 0.46 -1.26 3.61 3.5 -1.86 -0.73 4.72 -2.6 -2.72 2.33 -1.28 1.23 1.71 -17.36 10.89 0.79 13.02 3.46 1.65 6.83 0 -0 0 -61.03 4.38 -14.88 18.77 -29.13 -4.92 -0 0 -23.34 36.68 24.38 17.09 -7.12 0 -0 8.55 59.25 2.99 0 -0 0 75.81 -3.8 60.84 -131.75 52.27 -95.21 0 -0 -15.5 -31 17.67 -10.34 7.12 -0 -0 -1.96 -9.6 -1.6
-5.03 15.43 4.23 -175.52 11.5 547.82 0 0 0 -14.83 -8.86 -30.66 3.14 10.91 31.99 0.4 -5.36 -11.25 0.12 -2.25 -6.21 0 0 0 28.36 -1.77 1.32 -2.19 -9.25 26.59 -0.34 6.34 -10.63 -0.01 0.7 -1.92 3.84 3.44 -1.83 -1.26 4.63 -2.74 -3.4 2.28 -1.39 0.64 1.05 -17.53 12.47 -0.13 13.23 4.01 1.39 6.99 -0 -0 0 -68.7 4.39 -14.46 16.28 -25.9 -3.77 -0 0 -19.96 37.56 24.08 17.42 -7.12 0 -0 9.67 59.13 3.36 -0 -0 0 75.66 -1.8 60.44 -135.75 50.4 -98.34 0 -0 -19.49 -29.69 14.62 -8.19 7.12 -0 -0 -1.46 -13.27 -1.08
-5.04 15.44 3.92 -175.68 11.02 547.63 0 0 0 -15.71 -7.8 -29.69 3.18 10.97 32.19 0.41 -6.79 -11.6 0.06 -1.53 -4.22 0 0 0 27.4 -3.03 0.58 -2.58 -9.98 28.91 -0.12 7.7 -7.76 -0.01 0.59 -1.63 3.8 3.36 -1.66 -1.92 4.54 -2.95 -4.08 2.22 -1.66 0.51 0.54 -17.69 13.49 -0.91 13.62 4.31 1.18 7.21 -0 -0 0 -75.38 4.33 -14.58 13.93 -22.64 -2.8 -0 0 -14.37 35.17 22.87 15.32 -7.12 0 -0 6.92 57.14 2.06 -0 -0 0 75.4 0.97 60.22 -139.55 48.34 -101.22 0 -0 -24.02 -28.24 12.19 -6.47 7.12 -0 -0 -0.7 -16.2 -0.48
-5.05 15.45 3.63 -176.23 10.68 547.58 0 0 0 -16.89 -6.92 -28.77 3.15 10.94 32.08 0.39 -8.3 -11.72 0.01 -0.55 -1.5 0 0 0 25.78 -4.13 -1.78 -3.38 -11.29 33.25 0.14 9.32 -3.67 -0 -0.17 0.46 3.24 3.31 -1.58 -2.67 4.5 -3.19 -4.56 2.21 -1.95 0.57 0.09 -17.54 14.23 -1.57 13.61 4.47 0.97 7.25 0 -0 0 -80.78 3.68 -15.5 11.62 -19.24 -1.98 -0 0 -7.18 31.84 19.73 11.84 -7.12 0 -0 3.62 52.84 0.7 0 -0 0 75.11 4.52 59.69 -142.81 46.32 -103.62 0 -0 -25.87 -26.77 10.78 -5.39 7.12 -0 -0 0.22 -17.95 0.14
-5.05 15.46 3.36 -176.72 10.6 547.71 0 0 0 -17.87 -6.06 -28.07 3.13 10.9 31.93 0.34 -9.88 -11.69 0.01 0.77 2.11 0 0 0 24.12 -4.33 -5.28 -4.61 -12.93 39.11 0.33 10.25 2.16 -0.14 -2.4 6.62 2.53 3.29 -1.53 -3.26 4.51 -3.36 -4.78 2.23 -2.15 0.49 -0.25 -17.46 15.05 -2.04 13.41 4.71 0.85 7.22 -0 0 0 -85.02 3.27 -13.11 10.39 -17.34 -1.59 -0 0 -2.51 29.79 18.16 10.12 -7.12 0 -0 1.73 50.68 0.24 -0 0 0 74.64 9.04 58.93 -145.6 44.38 -105.61 0 -0 -25.71 -25.44 10.03 -4.74 7.12 -0 -0 1.11 -18.9 0.69
-5.04 15.46 3.12 -177.1 10.87 547.72 0 0 0 -18.64 -5.01 -27.29 3.09 10.84 31.73 0.3 -11.16 -11.73 0.08 1.87 5.16 0 0 0 22.6 -3.43 -9.12 -6.17 -14.59 45.64 0.34 10.79 7.7 -0.46 -4.37 12.11 1.75 3.26 -1.21 -3.62 4.47 -3.36 -4.75 2.23 -2.36 0.61 -0.31 -17.54 15.59 -2.13 13.14 4.86 0.88 7.17 0 0 0 -88.18 3.49 -6.57 10.47 -17.47 -1.61 -0 -0 1.27 25.76 16.01 7.58 -7.12 0 -0 -1.9 47.64 -0.12 0 0 0 74.42 14.55 58.32 -147.65 42.83 -107.02 0 -0 -23.91 -24.7 10.19 -4.65 7.12 -0 -0 1.64 -18.79 1.03
-5.01 15.47 2.9 -177.73 11.28 547.35 0 0 0 -19.59 -4.24 -25.95 3 10.7 31.27 0.3 -11.53 -11.93 0.14 2.43 6.7 0 0 0 21.01 -2 -12.83 -7.9 -16.04 52.19 0.36 11.4 8.92 -0.34 -3.73 10.31 0.65 3.17 -0.48 -3.87 4.35 -3.18 -4.43 2.19 -2.66 0.73 -0.23 -17.59 16.02 -2.03 12.82 4.99 0.98 7.08 0 -0 0 -88.84 3.93 0.18 11.07 -18.4 -1.8 -0 -0 14.94 14.65 9.87 2.56 -7.12 0 -0 -10.79 39.94 1.36 0 -0 0 74.65 20.49 58.07 -149.01 41.72 -107.94 0 -0 -21 -25.24 11.18 -5.22 7.12 -0 -0 1.32 -17.66 0.86
-4.98 15.47 2.69 -178.39 11.62 547.02 0 0 0 -20.46 -4.22 -24.4 2.92 10.56 30.81 0.37 -10.96 -12.44 0.16 2.6 7.18 0 0 0 19.68 -0.56 -16.56 -9.47 -17.1 57.7 0.28 9.33 4.25 -0.04 -1.37 3.76 -0.49 3.05 0.11 -3.95 4.17 -2.95 -3.9 2.13 -2.83 0.77 -0.12 -17.54 16.33 -1.86 12.59 5.1 1.09 6.99 -0 -0 0 -86.37 4.24 9.87 12.09 -19.94 -2.13 -0 -0 25.32 11.01 2.32 0.45 -7.12 0 -0 -12.5 32.17 4.01 -0 -0 0 75.51 26.28 58.22 -150.03 40.86 -108.61 0 -0 -19.32 -25.29 11.52 -5.39 7.12 -0 -0 1.3 -17.27 0.85
-4.95 15.48 2.46 -178.27 11.83 547.03 0 0 0 -20.46 -4.55 -23.2 2.92 10.56 30.8 0.47 -10.15 -13.24 0.16 2.59 7.15 0 0 0 19.45 0.67 -20.29 -10.48 -17.67 61.09 0.01 4.16 -2.39 -0.01 -0.65 1.78 -0.79 2.96 0.3 -3.68 4.02 -2.77 -3.46 2.06 -2.8 0.82 -0.03 -17.51 16.47 -1.76 12.68 5.16 1.17 7 0 0 0 -82.61 4.77 25.67 14.38 -23.27 -2.98 -0 -0 14.59 17.92 5.33 1.72 -7.12 0 -0 -7.31 35.5 1.72 0 0 0 76.74 31.23 58.62 -150.87 40.14 -109.15 0 -0 -18.44 -23.98 10.5 -4.63 7.12 -0 -0 2.17 -18.52 1.37
-4.92 15.48 2.25 -177.93 11.71 547.22 0 0 0 -20.22 -4.88 -22.39 2.97 10.65 31.1 0.56 -9.77 -14.03 0.13 2.33 6.43 0 0 0 19.58 1.71 -24 -10.88 -17.88 62.41 -0.15 -0.8 -7.63 -0.1 -2.03 5.59 -0.69 2.8 0.42 -3.32 3.79 -2.65 -3.13 1.93 -2.78 0.97 0.02 -17.52 16.56 -1.76 12.98 5.17 1.21 7.11 -0 0 0 -78.76 4.78 36.64 16.93 -26.76 -4.05 -0 -0 7.69 23.59 9.15 3.97 -7.12 0 -0 -2.94 39.94 0.37 -0 0 0 78.05 35.19 59.15 -151.35 39.71 -109.46 0 -0 -17.01 -23.2 9.62 -4.1 7.12 -0 -0 2.69 -19.54 1.64
-4.89 15.48 2.04 -177.84 11.39 547.38 0 0 0 -20.19 -5.25 -21.78 3.06 10.79 31.58 0.64 -9.56 -14.83 0.08 1.86 5.12 0 0 0 19.56 2.8 -27.56 -10.8 -17.83 62.12 -0.23 -3.43 -11.02 -0.28 -3.43 9.48 -0.86 2.64 0.56 -3.01 3.56 -2.5 -2.72 1.81 -2.74 1.18 -0.03 -17.63 16.67 -1.91 13.27 5.18 1.19 7.24 -0 0 0 -75.37 4.16 42.65 19.03 -29.46 -5.05 -0 -0 6.31 27.57 10.77 5.57 -7.12 0 -0 0.44 42.1 -0.03 -0 0 0 79.13 38.31 59.36 -151.56 39.52 -109.6 0 -0 -16.54 -22.8 8.8 -3.68 7.12 -0 -0 2.95 -20.46 1.74
-4.83 15.45 1.82 -177.41 11.33 547.43 0 0 0 -19.72 -5.47 -21.18 3.22 11.04 32.43 0.77 -9.08 -15.95 0.02 0.98 2.7 0 0 0 20.13 4.3 -30.53 -10.28 -17.56 60.42 -0.32 -4.17 -13.07 -0.22 -3.01 8.3 -1.09 2.63 0.73 -2.51 3.52 -2.27 -2.07 1.79 -2.65 1.33 -0.12 -17.64 16.88 -2.08 13.32 5.21 1.16 7.28 0 0 0 -72.82 3.43 45.63 20.94 -31.76 -6.02 -0 -0 3.54 31 9.47 5.64 -7.12 0 -0 3.59 40.96 -0.36 0 0 0 79.82 40.73 59.26 -151.52 39.55 -109.57 0 -0 -17.07 -22.47 7.59 -3.13 7.12 -0 -0 3.17 -21.77 1.77
-4.78 15.43 1.59 -177.32 11.68 547.28 0 0 0 -19.74 -5.29 -20.21 3.32 11.19 32.93 0.91 -8.39 -17.12 0 0.15 0.42 0 0 0 20.3 5.71 -33.05 -9.48 -17.11 57.75 -0.42 -3.51 -13.98 -0.11 -2.11 5.8 -1.3 2.64 0.99 -2.19 3.52 -2 -1.63 1.79 -2.55 1.36 -0.17 -17.5 17.27 -2.14 13.25 5.33 1.18 7.24 -0 -0 0 -71.33 2.77 45.5 22.3 -33.31 -6.75 -0 -0 0.86 32.45 7.9 5 -7.12 0 -0 4.88 39.27 -0.69 -0 -0 0 80.65 42.69 59.41 -151.28 39.78 -109.42 0 -0 -17.35 -21.74 6.63 -2.64 7.12 -0 -0 3.69 -22.85 1.97
-4.73 15.43 1.36 -177.6 12.27 547.05 0 0 0 -20.22 -4.63 -18.82 3.24 11.07 32.53 1 -8.1 -17.9 0 0.26 0.7 0 0 0 20.14 6.99 -35.07 -8.44 -16.43 54.14 -0.44 -2.45 -13.72 -0.1 -2.08 5.71 -1.67 2.72 1.18 -2.06 3.61 -1.78 -1.3 1.84 -2.46 1.36 -0.28 -17.34 17.67 -2.31 13.38 5.45 1.16 7.28 -0 0 0 -70.79 2.09 43.33 22.78 -33.84 -7.01 -0 0 -0.75 32.14 8.1 5.06 -7.12 0 -0 4.62 39.48 -0.63 -0 0 0 81.74 44.32 60.08 -150.82 40.18 -109.12 0 -0 -18.34 -20.65 5.59 -2.1 7.12 -0 -0 4.49 -24.01 2.28
-4.66 15.44 1.11 -177.93 12.84 547.02 0 0 0 -20.73 -3.66 -17.4 3.05 10.77 31.5 1.04 -8.16 -18.24 0.01 0.64 1.76 0 0 0 20.07 8.09 -36.67 -7.19 -15.49 49.58 -0.4 -1.96 -12.85 -0.11 -2.17 5.98 -1.98 2.75 1.01 -2.04 3.64 -1.69 -1.09 1.86 -2.29 1.55 -0.44 -17.14 17.99 -2.62 13.84 5.52 1.11 7.44 -0 -0 0 -71.18 1.42 39.25 22.15 -33.15 -6.67 -0 0 -1.21 31.91 9.21 5.69 -7.12 0 -0 4.41 40.76 -0.46 -0 -0 0 83.18 45.84 61.49 -150.04 40.86 -108.62 0 -0 -20.67 -20.15 4.14 -1.52 7.12 -0 -0 4.89 -25.56 2.31
-4.6 15.46 0.85 -178.35 13.15 547.08 0 0 0 -21.32 -2.59 -15.93 2.79 10.34 30.1 1.02 -8.45 -18.16 0.01 0.75 2.07 0 0 0 19.92 8.87 -37.83 -5.87 -14.3 44.46 -0.35 -2.2 -12.17 -0.15 -2.52 6.94 -2.12 2.67 0.68 -2.03 3.55 -1.67 -0.99 1.82 -2.09 1.61 -0.68 -16.87 18.24 -3.05 14.52 5.57 0.99 7.66 -0 0 0 -72.68 0.65 33.58 20.66 -31.43 -5.87 -0 0 -1.69 32.96 10.3 6.61 -7.12 0 -0 5.34 42.14 -0.38 -0 0 0 84.68 47.44 63.26 -148.97 41.76 -107.91 0 -0 -23 -18.92 2.65 -0.91 7.12 -0 -0 5.88 -27.16 2.56
-4.54 15.48 0.58 -178.81 13.27 547.04 0 0 0 -21.9 -1.42 -14.22 2.49 9.82 28.38 0.99 -8.8 -17.93 0.01 0.56 1.54 0 0 0 19.5 9.92 -38.29 -4.65 -12.98 39.28 -0.27 -3.45 -11.64 -0.28 -3.42 9.44 -2.11 2.55 0.39 -2 3.4 -1.66 -0.94 1.74 -1.92 1.46 -0.95 -16.54 18.43 -3.47 15.22 5.64 0.85 7.88 0 0 0 -74.96 -0.3 27.38 18.77 -29.13 -4.92 -0 0 -3.01 35.64 12.05 8.51 -7.12 0 -0 7.83 44.55 -0.09 0 0 0 86.06 48.92 65.05 -147.8 42.71 -107.12 0 -0 -24.22 -16.93 2.12 -0.65 7.12 -0 -0 7.43 -27.74 3.14
-4.46 15.5 0.3 -179.26 13.21 546.97 0 0 0 -22.4 -0.29 -12.4 2.2 9.27 26.65 0.96 -9.16 -17.65 0 0.37 1.02 0 0 0 18.55 11.82 -38.07 -3.66 -11.7 34.68 -0.17 -5.89 -12.11 -0.38 -3.94 10.92 -1.99 2.46 0.1 -1.98 3.3 -1.65 -0.98 1.69 -1.74 1.26 -1.22 -16.32 18.56 -3.88 15.92 5.71 0.71 8.12 0 -0 0 -77.36 -1.32 22.02 16.83 -26.64 -4.01 -0 0 -5.15 38.8 14.51 11.39 -7.12 0 -0 11.01 48.04 0.83 0 -0 0 86.85 49.83 66.11 -147.08 43.27 -106.63 0 -0 -24.56 -14.28 2.78 -0.71 7.12 -0 -0 9.41 -27.08 4.15
-4.38 15.49 0.01 -179.7 12.89 546.93 0 0 0 -22.77 0.61 -10.71 1.99 8.84 25.3 0.91 -9.71 -17.35 0 0.3 0.81 0 0 0 17.11 14.38 -37.49 -3.01 -10.7 31.29 -0.03 -9.3 -13.82 -0.3 -3.5 9.67 -1.8 2.41 -0.26 -1.99 3.25 -1.68 -1.07 1.66 -1.56 1.14 -1.41 -16.09 18.53 -4.16 16.39 5.7 0.6 8.25 0 -0 0 -79.6 -2.11 17.94 15.08 -24.26 -3.26 -0 0 -5.76 40.28 17.5 14.3 -7.12 0 -0 12.77 51.99 2.23 0 -0 0 86.75 50 66.18 -147.15 43.21 -106.68 0 -0 -25 -11.52 3.55 -0.72 7.12 -0 -0 11.42 -26.32 5.27
-4.28 15.48 -0.29 -180.27 12.35 546.82 0 0 0 -23.16 1.42 -9.03 1.82 8.48 24.19 0.86 -10.47 -17.03 0 0.2 0.54 0 0 0 15.58 16.42 -36.92 -2.71 -10.2 29.64 0.16 -12.2 -15.07 -0.26 -3.31 9.15 -1.75 2.33 -0.61 -2.01 3.16 -1.73 -1.1 1.62 -1.41 1.19 -1.41 -15.99 18.24 -4.18 16.78 5.6 0.58 8.36 -0 0 0 -81.81 -2.24 15.09 13.8 -22.45 -2.75 -0 0 -4.32 39.16 19.17 14.97 -7.12 0 -0 11.63 53.75 2.53 -0 0 0 86.03 49.44 65.68 -147.69 42.8 -107.05 0 -0 -25.36 -10.4 3.9 -0.71 7.12 -0 -0 12.23 -25.98 5.76
-4.17 15.45 -0.6 -180.87 11.74 546.58 0 0 0 -23.45 2.14 -7.2 1.69 8.19 23.29 0.8 -11.22 -16.64 0 -0.1 -0.28 0 0 0 14.97 16.63 -36.28 -2.7 -10.2 29.62 0.25 -13.01 -14.89 -0.28 -3.41 9.42 -1.77 2.27 -0.86 -1.98 3.08 -1.74 -1.04 1.58 -1.28 1.25 -1.32 -16.11 17.77 -4.08 17.12 5.45 0.6 8.47 0 0 0 -83.92 -1.55 14.28 13.12 -21.47 -2.5 -0 0 -2.77 36.07 18.76 13.19 -7.12 0 -0 8.23 52.59 1.55 0 0 0 85.13 48.39 64.66 -148.19 42.39 -107.39 0 -0 -25.28 -10.06 4.28 -0.76 7.12 -0 -0 12.45 -25.61 5.98
-4.04 15.43 -0.93 -181.26 11.17 546.21 0 0 0 -23.41 2.69 -5.12 1.58 7.94 22.52 0.72 -11.55 -16.09 0.01 -0.66 -1.8 0 0 0 15.43 15.42 -35.48 -2.87 -10.48 30.54 0.27 -12.29 -13.16 -0.32 -3.62 10 -1.73 2.18 -1.02 -1.88 2.97 -1.68 -0.96 1.52 -1.13 1.32 -1.15 -16.22 17.3 -3.85 17.27 5.3 0.66 8.5 -0 -0 0 -85.73 -0.14 14.73 12.92 -21.17 -2.42 -0 0 -0.43 31.3 16.58 9.85 -7.12 0 -0 3.44 49.16 0.35 -0 -0 0 84.73 47.14 63.95 -148.38 42.24 -107.52 0 -0 -24.18 -10.8 5.35 -1.02 7.12 -0 -0 11.81 -24.53 5.96
-3.89 15.43 -1.27 -181.35 10.74 545.79 0 0 0 -23.01 3.01 -2.82 1.49 7.71 21.83 0.64 -11.27 -15.22 0.04 -1.26 -3.46 0 0 0 16.16 14.15 -34.71 -3.04 -10.77 31.49 0.35 -11.95 -10.6 -0.29 -3.45 9.53 -1.5 2.04 -1.13 -1.7 2.77 -1.6 -0.89 1.42 -0.99 1.64 -0.8 -16.27 16.71 -3.4 17.39 5.1 0.81 8.48 0 -0 0 -87.22 1.62 15.88 12.87 -21.1 -2.41 -0 -0 2.2 26.49 13.36 6.57 -7.12 0 -0 -0.81 44.84 0 0 -0 0 85.04 45.9 63.72 -148.77 41.93 -107.78 0 -0 -22.99 -11.89 6.03 -1.27 7.12 -0 -0 10.95 -23.83 5.7
-3.73 15.44 -1.61 -181.19 10.54 545.46 0 0 0 -22.33 3.18 -0.87 1.48 7.69 21.79 0.53 -10.76 -14.03 0.08 -1.87 -5.15 0 0 0 17.25 12.48 -34.12 -3.22 -11.04 32.4 0.31 -10.7 -8.3 -0.35 -3.82 10.56 -1.11 2 -1.3 -1.43 2.71 -1.56 -0.82 1.38 -0.85 2.01 -0.48 -16.43 16.11 -3.02 17.69 4.88 0.96 8.56 0 -0 0 -88.26 3.33 18.51 12.81 -21.01 -2.39 -0 -0 3.44 23.22 11.22 4.77 -7.12 0 -0 -3.51 42.14 0.25 0 -0 0 85.42 44.65 63.12 -149.6 41.23 -108.33 0 -0 -22.75 -12.49 5.84 -1.29 7.12 -0 -0 10.52 -24.01 5.42
-3.55 15.46 -1.97 -181.12 10.58 545.24 0 0 0 -21.64 3.37 0.52 1.56 7.89 22.39 0.36 -10.55 -12.1 0.12 -2.23 -6.15 0 0 0 18.35 10.92 -33.46 -3.42 -11.34 33.44 0.21 -8.98 -7.33 -0.59 -4.93 13.71 -0.99 2.08 -1.66 -1.22 2.82 -1.59 -0.67 1.43 -0.69 2.32 -0.33 -16.73 15.64 -2.9 18.22 4.7 1.03 8.77 0 0 0 -88.64 4.71 21.92 12.7 -20.85 -2.35 -0 -0 4.37 20.43 10.5 3.88 -7.12 0 -0 -5.88 41.1 0.57 0 0 0 85.45 43.42 62.19 -150.33 40.61 -108.8 0 -0 -22.24 -13.64 6.16 -1.49 7.12 -0 -0 9.66 -23.66 5.04
-3.36 15.48 -2.32 -181.12 10.7 544.91 0 0 0 -20.76 3.83 1.36 1.77 8.36 23.81 0.1 -10.95 -9.12 0.1 -2.06 -5.66 0 0 0 19.39 9.75 -32.27 -3.59 -11.59 34.29 0.11 -7.68 -8.11 -0.72 -5.43 15.13 -1.13 2.11 -1.96 -1.03 2.88 -1.65 -0.38 1.46 -0.59 2.6 -0.19 -17.14 15.24 -2.84 18.97 4.57 1.1 9.09 -0 -0 0 -88.47 5.76 25.17 12.65 -20.77 -2.33 -0 -0 5.21 18.17 10.42 3.4 -7.12 0 -0 -7.85 40.81 0.82 -0 -0 0 85.36 42.26 61.57 -150.79 40.21 -109.1 0 -0 -20.93 -15.14 7.29 -1.97 7.12 -0 -0 8.51 -22.46 4.67
-3.15 15.5 -2.67 -180.84 10.8 544.51 0 0 0 -19.27 4.45 1.14 2.23 9.34 26.86 -0.23 -11.97 -4.71 0.02 -0.88 -2.42 0 0 0 20.71 8.88 -30.5 -3.67 -11.71 34.71 -0.01 -6.65 -9.8 -0.78 -5.64 15.75 -1.01 2.04 -2.12 -0.75 2.78 -1.67 -0.16 1.42 -0.53 2.67 -0.03 -17.42 14.92 -2.68 19.59 4.49 1.18 9.34 0 0 0 -88.13 6.4 26.88 12.76 -20.94 -2.37 -0 -0 6.01 17.39 9.75 3.04 -7.12 0 -0 -8.41 40.05 1.03 0 0 0 85.25 41.5 61.46 -151.11 39.92 -109.31 0 -0 -20.15 -16.23 8 -2.32 7.12 -0 -0 7.7 -21.68 4.35
-2.94 15.52 -3 -180.21 10.79 544.28 0 0 0 -17.14 4.72 -0.59 3.13 10.89 31.93 -0.5 -12.67 1.66 0.07 1.67 4.6 0 0 0 22.28 8.26 -28.62 -3.68 -11.73 34.77 -0.15 -5.69 -11.53 -1.03 -6.44 18.07 -0.46 1.95 -2.26 -0.49 2.65 -1.66 -0.19 1.34 -0.43 2.69 0.02 -17.51 14.72 -2.63 19.85 4.43 1.19 9.44 0 -0 0 -87.53 6.41 27.19 12.96 -21.23 -2.44 -0 -0 6.82 18.31 9.29 3.06 -7.12 0 -0 -7.53 39.65 1 0 -0 0 85.02 41.52 61.61 -151.12 39.91 -109.32 0 -0 -20.35 -16.46 7.74 -2.28 7.12 -0 -0 7.54 -21.94 4.21
-2.75 15.52 -3.29 -179.4 10.63 544.21 0 0 0 -14.8 3.91 -3.44 4.46 12.75 38.45 -0.43 -12.21 8.94 0.58 4.86 13.51 0 0 0 23.97 7.42 -27 -3.66 -11.69 34.65 -0.28 -4.75 -12.9 -1.17 -6.85 19.28 0.31 1.88 -2.35 -0.23 2.54 -1.61 -0.36 1.28 -0.31 2.65 -0.1 -17.56 14.61 -2.81 20 4.39 1.11 9.51 0 0 0 -86.59 5.81 27.77 13.2 -21.58 -2.53 -0 -0 6.65 20.33 10.35 3.81 -7.12 0 -0 -5.95 40.93 0.6 0 0 0 84.5 42.41 62.02 -150.7 40.29 -109.04 0 -0 -21.1 -16.02 6.74 -1.93 7.12 -0 -0 7.89 -22.99 4.22
-2.57 15.52 -3.56 -178.56 10.43 544.01 0 0 0 -12.61 2.01 -6.44 6.06 14.49 45.23 -0.38 -13.27 13.01 0.55 4.77 13.26 0 0 0 25.67 6.38 -25.34 -3.59 -11.6 34.32 -0.39 -4 -13.89 -1.17 -6.87 19.33 1.22 1.76 -2.21 0.06 2.36 -1.46 -0.57 1.19 -0.22 2.39 -0.26 -17.53 14.65 -3 20.22 4.43 1.01 9.6 -0 -0 0 -85.61 4.92 28.91 13.58 -22.13 -2.67 -0 -0 5.76 23.13 11.73 4.97 -7.12 0 -0 -3.66 42.68 0.21 -0 -0 0 84.03 43.92 63.11 -149.98 40.91 -108.57 0 -0 -21.97 -15.62 5.92 -1.65 7.12 -0 -0 8.22 -23.84 4.24
-2.4 15.52 -3.82 -177.66 10.47 543.53 0 0 0 -10.64 -0.14 -9.06 7.62 15.83 51.17 -0.66 -14.91 10.36 0.06 1.54 4.25 0 0 0 27.39 5.5 -23.26 -3.48 -11.44 33.77 -0.47 -3.47 -14.7 -1.22 -6.99 19.69 2.12 1.74 -1.69 0.43 2.32 -1.21 -0.72 1.16 -0.23 2.06 -0.51 -17.58 14.9 -3.34 20.7 4.56 0.91 9.81 -0 0 0 -84.75 3.97 30.55 14.16 -22.96 -2.89 -0 -0 4.91 26.36 12.25 6 -7.12 0 -0 -0.8 43.6 0.03 -0 0 0 83.99 45.33 64.55 -149.09 41.66 -107.99 0 -0 -22.38 -15.16 5.92 -1.6 7.12 -0 -0 8.55 -23.86 4.41
-2.25 15.52 -4.06 -176.9 11.01 542.94 0 0 0 -9.23 -1.88 -11.4 8.79 16.67 55.35 -0.48 -12.15 3.9 0.01 -0.48 -1.33 0 0 0 28.91 4.92 -20.96 -3.35 -11.24 33.11 -0.54 -3.14 -15.34 -1.17 -6.86 19.3 2.82 1.94 -1.02 0.73 2.6 -0.92 -0.81 1.3 -0.28 1.58 -0.96 -17.75 15.54 -3.99 21.4 4.84 0.73 10.18 -0 -0 0 -84.19 3.02 31.92 14.88 -23.98 -3.18 -0 -0 4.21 29.22 11.8 6.52 -7.12 0 -0 1.86 43.43 -0.07 -0 -0 0 84.45 46 65.92 -148.15 42.42 -107.36 0 -0 -22.45 -14.89 6.36 -1.69 7.12 -0 -0 8.73 -23.41 4.6
-2.1 15.52 -4.3 -176.72 12.12 542.57 0 0 0 -8.9 -3.36 -13.65 9.32 17.01 57.21 -0.06 -6.5 -2.62 0.02 -0.8 -2.2 0 0 0 29.75 4.74 -19.01 -3.27 -11.11 32.66 -0.58 -2.95 -15.81 -0.94 -6.17 17.28 2.99 2.33 -0.81 0.79 3.11 -0.62 -0.84 1.56 -0.07 1.11 -1.43 -17.91 16.2 -4.69 22.07 5.12 0.55 10.55 -0 -0 0 -84 2.13 32.55 15.74 -25.16 -3.53 -0 -0 3.1 31.19 11.25 6.73 -7.12 0 -0 3.7 43.04 -0.18 -0 -0 0 85.48 45.82 66.96 -147.58 42.88 -106.98 0 -0 -22.09 -14.63 6.76 -1.76 7.12 -0 -0 8.9 -23.01 4.77
-1.97 15.52 -4.53 -177.19 13.52 542.47 0 0 0 -9.63 -5.06 -15.8 9.27 16.98 57.01 0.21 -0.62 -8.45 0 0.11 0.3 0 0 0 29.73 4.87 -17.75 -3.29 -11.15 32.8 -0.66 -2.38 -16.43 -0.83 -5.82 16.26 2.78 2.83 -1.16 0.5 3.75 -0.3 -0.98 1.88 0.48 0.87 -1.87 -18.06 16.72 -5.35 22.44 5.3 0.36 10.81 -0 0 0 -83.61 1.39 33.4 16.88 -26.71 -4.04 -0 -0 0.95 32.13 11.16 6.93 -7.12 0 -0 4.57 43.04 -0.22 -0 0 0 86.87 45.08 67.32 -147.65 42.82 -107.02 0 -0 -21.06 -14.42 7.22 -1.85 7.12 -0 -0 9.04 -22.56 4.94
